{
  "tip": "futek_direct",
  "weight_g": 20.0,
  "tilt_from_vertical_deg": 0.656124392808936,
  "target_rate_hz": 20.0,
  "achieved_rate_hz": 1.13555177173052,
  "dwell_s": 10.0,
  "idle_s": 3.0,
  "robot_ip": "177.22.22.2"
}