{
  "tip": "futek_direct",
  "weight_g": 150.0,
  "axis": "negz",
  "hw_tare_pos_g": 50.0,
  "hw_tare_neg_g": 47.0,
  "hw_tare_used_g": 47.0,
  "tare_fz_N": -0.46091255,
  "no_load_fz_mean_N": -7.410691594156998,
  "ai0_tared": false,
  "tilt_from_vertical_deg": 0.23728344111338268,
  "target_rate_hz": 20.0,
  "achieved_rate_hz": 6.405821455334822,
  "dwell_s": 10.0,
  "idle_s": 3.0,
  "robot_ip": "177.22.22.2"
}