{
  "tip": "futek_direct",
  "weight_g": 50.0,
  "tilt_from_vertical_deg": 0.11258209197343838,
  "target_rate_hz": 20.0,
  "achieved_rate_hz": 14.760234613227002,
  "dwell_s": 10.0,
  "idle_s": 3.0,
  "robot_ip": "177.22.22.2"
}