{
  "tip": "futek_direct",
  "weight_g": 10.0,
  "tilt_from_vertical_deg": 0.6544492355310589,
  "target_rate_hz": 20.0,
  "achieved_rate_hz": 1.4179980005652257,
  "dwell_s": 10.0,
  "idle_s": 3.0,
  "robot_ip": "177.22.22.2"
}