{
  "tip": "ur_only",
  "weight_g": 50.0,
  "load_cell": false,
  "tilt_from_vertical_deg": 0.11281104645892069,
  "target_rate_hz": 20.0,
  "achieved_rate_hz": 16.072165234134218,
  "dwell_s": 10.0,
  "idle_s": 3.0,
  "robot_ip": "177.22.22.2"
}