{
  "tip": "futek_direct",
  "weight_g": 200.0,
  "tilt_from_vertical_deg": 0.654665676495075,
  "target_rate_hz": 20.0,
  "achieved_rate_hz": 0.6513311002396741,
  "dwell_s": 10.0,
  "idle_s": 3.0,
  "robot_ip": "177.22.22.2"
}