{
  "tip": "futek_direct",
  "weight_g": 300.0,
  "hw_tare_pos_g": 50.0,
  "hw_tare_neg_g": 47.0,
  "hw_tare_used_g": 50.0,
  "tare_fz_N": 0.4903325,
  "no_load_fz_mean_N": 4.434632166477487,
  "ai0_tared": false,
  "tilt_from_vertical_deg": 0.11260124954554913,
  "target_rate_hz": 20.0,
  "achieved_rate_hz": 13.4649970417469,
  "dwell_s": 10.0,
  "idle_s": 3.0,
  "robot_ip": "177.22.22.2"
}