{
  "tip": "ur_only",
  "weight_g": 20.0,
  "load_cell": false,
  "tilt_from_vertical_deg": 0.1130151741712215,
  "target_rate_hz": 20.0,
  "achieved_rate_hz": 14.743210965659143,
  "dwell_s": 10.0,
  "idle_s": 3.0,
  "robot_ip": "177.22.22.2"
}