{
  "tip": "futek_direct",
  "weight_g": 10.0,
  "hw_tare_pos_g": 50.0,
  "hw_tare_neg_g": 47.0,
  "hw_tare_used_g": 50.0,
  "tare_fz_N": 0.4903325,
  "no_load_fz_mean_N": 3.9225791584661125,
  "ai0_tared": false,
  "tilt_from_vertical_deg": 0.11146602164863186,
  "target_rate_hz": 20.0,
  "achieved_rate_hz": 12.709202610284189,
  "dwell_s": 10.0,
  "idle_s": 3.0,
  "robot_ip": "177.22.22.2"
}