{
  "tip": "ur_only",
  "weight_g": 10.0,
  "load_cell": false,
  "tilt_from_vertical_deg": 0.11237926052699948,
  "target_rate_hz": 20.0,
  "achieved_rate_hz": 16.044754496475875,
  "dwell_s": 10.0,
  "idle_s": 3.0,
  "robot_ip": "177.22.22.2"
}