timestamp,datetime,ur5_point,ur5_pressing,ur5_done,tcp_x,tcp_y,tcp_z,fx,fy,fz,tx,ty,tz,ai0,cell_1,cell_2,cell_3,cell_4,cell_5,cell_6,cell_7,cell_8,cell_9,cell_10,cell_11,cell_12,cell_13,cell_14,cell_15,cell_16,cell_17,cell_18,cell_19,depth_mm,phase,round_idx,sample_idx,load_cell_N
1786549661.21,2026-08-12 17:47:41.210,,0,0,-0.04064,-0.49591,0.0797,-2.2599,9.4417,-29.9509,-0.0634,0.0757,-0.5582,4.69206,0.3162,0.1826,0.1826,0.3162,0.1826,0.2582,0.2582,0.2582,0.0,0.2582,0.2582,0.0,0.1826,0.0,0.3162,0.1826,0.3162,0.0,0.3162,0.0,,-1,-1,2.7396
1786549661.2601,2026-08-12 17:47:41.260,,0,0,-0.04063,-0.49591,0.07971,-2.3329,9.7077,-29.9309,-0.0695,0.0736,-0.5656,4.69004,0.3162,0.0,0.0,0.0,0.2582,0.2582,0.1826,0.0,0.0,0.1826,0.2582,0.0,0.0,0.0,0.2582,0.2582,0.1826,0.0,0.1826,0.0,,-1,-1,2.7575
1786549661.3102,2026-08-12 17:47:41.310,,0,0,-0.04066,-0.49591,0.0797,-2.1956,9.6841,-30.2128,-0.0718,0.0761,-0.5664,4.68853,0.2582,0.0,0.0,0.1826,0.0,0.0,0.1826,0.1826,0.0,0.1826,0.1826,0.0,0.0,0.0,0.3162,0.1826,0.0,0.0,0.2582,0.0,,-1,-1,2.7709
1786549661.3602,2026-08-12 17:47:41.360,,0,0,-0.04067,-0.49591,0.07973,-2.1771,9.6905,-29.9832,-0.0709,0.0746,-0.562,4.68375,0.1826,0.0,0.1826,0.1826,0.0,0.1826,0.0,0.2582,0.0,0.1826,0.2582,0.0,0.1826,0.0,0.2582,0.3162,0.1826,0.0,0.3162,0.0,,-1,-1,2.8135
1786549661.4103,2026-08-12 17:47:41.410,,0,0,-0.04064,-0.49591,0.0797,-2.3653,9.4926,-29.9318,-0.0712,0.0773,-0.5666,4.68627,0.1826,0.0,0.0,0.2582,0.1826,0.2582,0.0,0.1826,0.1826,0.1826,0.2582,0.0,0.0,0.0,0.2582,0.2582,0.0,0.0,0.2582,0.0,,-1,-1,2.7911
1786549661.4604,2026-08-12 17:47:41.460,,0,0,-0.04064,-0.4959,0.07969,-2.18,9.7856,-30.0175,-0.0745,0.0793,-0.5683,4.68652,0.1826,0.0,0.0,0.0,0.1826,0.0,0.1826,0.2582,0.1826,0.1826,0.2582,0.0,0.1826,0.0,0.1826,0.3162,0.1826,0.0,0.3651,0.0,,-1,-1,2.7889
1786549661.5104,2026-08-12 17:47:41.510,,0,0,-0.04065,-0.49591,0.0797,-1.7681,8.9605,-30.1115,-0.0529,0.0866,-0.5657,4.68476,0.0,0.0,0.0,0.0,0.0,0.0,0.0,0.1826,0.0,0.3162,0.0,0.0,0.1826,0.0,0.3162,0.1826,0.0,0.0,0.3162,0.0,,-1,-1,2.8045
1786549661.5605,2026-08-12 17:47:41.560,,0,0,-0.04065,-0.4959,0.07969,-2.1569,9.2799,-29.9757,-0.0662,0.0775,-0.5602,4.69055,0.2582,0.0,0.0,0.0,0.1826,0.0,0.0,0.0,0.0,0.3651,0.0,0.0,0.2582,0.0,0.4082,0.0,0.0,0.0,0.2582,0.0,,-1,-1,2.753
1786549661.6106,2026-08-12 17:47:41.610,,0,0,-0.04066,-0.4959,0.0797,-1.9163,9.473,-30.046,-0.0661,0.0873,-0.5638,4.68677,0.0,0.1826,0.0,0.0,0.0,0.2582,0.0,0.0,0.0,0.0,0.3162,0.0,0.0,0.1826,0.2582,0.3162,0.0,0.0,0.3162,0.0,,-1,-1,2.7866
1786549661.6606,2026-08-12 17:47:41.660,,0,0,-0.04064,-0.4959,0.07971,-2.1948,9.5488,-30.0697,-0.068,0.0776,-0.564,4.69004,0.1826,0.0,0.0,0.0,0.0,0.0,0.0,0.1826,0.0,0.1826,0.0,0.0,0.1826,0.0,0.3162,0.0,0.0,0.0,0.2582,0.0,,-1,-1,2.7575
1786549661.7107,2026-08-12 17:47:41.710,,0,0,-0.04065,-0.49591,0.07971,-2.0239,9.0965,-29.998,-0.0586,0.0798,-0.5648,4.69004,0.3162,0.1826,0.0,0.0,0.1826,0.0,0.1826,0.0,0.0,0.2582,0.1826,0.0,0.1826,0.0,0.3162,0.0,0.1826,0.0,0.2582,0.0,,-1,-1,2.7575
1786549661.7608,2026-08-12 17:47:41.760,,0,0,-0.04064,-0.4959,0.0797,-1.8984,9.4101,-30.0108,-0.0673,0.089,-0.563,4.69105,0.0,0.0,0.0,0.0,0.0,0.1826,0.0,0.0,0.0,0.1826,0.2582,0.0,0.0,0.0,0.2582,0.2582,0.0,0.0,0.2582,0.0,,-1,-1,2.7485
1786549661.8109,2026-08-12 17:47:41.810,,0,0,-0.04064,-0.4959,0.07971,-2.1283,9.7165,-29.9408,-0.0708,0.079,-0.5664,4.69181,0.0,0.1826,0.0,0.0,0.0,0.1826,0.0,0.1826,0.0,0.0,0.1826,0.0,0.1826,0.0,0.1826,0.2582,0.1826,0.0,0.1826,0.0,,-1,-1,2.7418
1786549661.861,2026-08-12 17:47:41.860,,0,0,-0.04063,-0.49591,0.0797,-2.0147,9.3599,-30.0937,-0.0619,0.0823,-0.5624,4.68199,0.2582,0.0,0.0,0.0,0.0,0.1826,0.0,0.0,0.0,0.1826,0.0,0.0,0.1826,0.0,0.2582,0.2582,0.0,0.0,0.0,0.0,,-1,-1,2.8292
1786549661.911,2026-08-12 17:47:41.911,,0,0,-0.04066,-0.49591,0.07972,-2.3767,9.8047,-30.0244,-0.0712,0.074,-0.5684,4.69256,0.3162,0.0,0.0,0.1826,0.1826,0.1826,0.0,0.0,0.0,0.0,0.1826,0.0,0.1826,0.0,0.1826,0.1826,0.1826,0.0,0.1826,0.0,,-1,-1,2.7351
1786549661.9611,2026-08-12 17:47:41.961,,0,0,-0.04063,-0.4959,0.0797,-1.9764,9.4755,-29.9652,-0.0636,0.0845,-0.5594,4.684,0.1826,0.0,0.0,0.0,0.0,0.1826,0.0,0.2582,0.0,0.2582,0.2582,0.0,0.2582,0.0,0.3162,0.2582,0.1826,0.0,0.2582,0.0,,-1,-1,2.8113
1786549662.0112,2026-08-12 17:47:42.011,,0,0,-0.04064,-0.49592,0.07973,-2.3761,9.5906,-29.9778,-0.0697,0.0704,-0.5712,4.68274,0.0,0.2582,0.1826,0.0,0.0,0.0,0.0,0.1826,0.0,0.0,0.0,0.0,0.1826,0.0,0.2582,0.2582,0.1826,0.0,0.2582,0.0,,-1,-1,2.8225
1786549662.0613,2026-08-12 17:47:42.061,,0,0,-0.04065,-0.4959,0.0797,-2.1513,9.3569,-30.0036,-0.0626,0.077,-0.5651,4.69306,0.2582,0.0,0.0,0.1826,0.0,0.0,0.1826,0.0,0.0,0.2582,0.0,0.0,0.0,0.0,0.3162,0.0,0.1826,0.0,0.2582,0.0,,-1,-1,2.7306
1786549662.1114,2026-08-12 17:47:42.111,,0,0,-0.04065,-0.49591,0.07971,-2.3124,9.493,-29.8276,-0.0636,0.0739,-0.5657,4.6835,0.1826,0.0,0.0,0.0,0.0,0.1826,0.1826,0.0,0.0,0.0,0.1826,0.0,0.0,0.0,0.1826,0.2582,0.1826,0.0,0.1826,0.0,,-1,-1,2.8157
1786549662.1615,2026-08-12 17:47:42.161,,0,0,-0.04066,-0.49591,0.0797,-2.3982,9.4243,-29.6657,-0.0623,0.0696,-0.5684,4.69357,0.1826,0.0,0.0,0.0,0.0,0.1826,0.1826,0.0,0.0,0.0,0.1826,0.0,0.0,0.0,0.1826,0.2582,0.1826,0.0,0.1826,0.0,,-1,-1,2.7261
1786549662.2116,2026-08-12 17:47:42.211,,0,0,-0.04064,-0.49591,0.0797,-2.1361,9.0279,-30.0524,-0.0578,0.0811,-0.5657,4.68753,0.0,0.1826,0.0,0.0,0.0,0.1826,0.0,0.0,0.0,0.0,0.1826,0.0,0.1826,0.0,0.1826,0.2582,0.0,0.0,0.1826,0.0,,-1,-1,2.7799
1786549662.2617,2026-08-12 17:47:42.261,,0,0,-0.04065,-0.4959,0.07972,-1.9598,9.3384,-30.0189,-0.0633,0.0824,-0.5644,4.68576,0.0,0.1826,0.0,0.2582,0.0,0.1826,0.1826,0.0,0.1826,0.2582,0.1826,0.0,0.0,0.0,0.3651,0.2582,0.1826,0.0,0.3162,0.0,,-1,-1,2.7956
1786549662.3118,2026-08-12 17:47:42.311,,0,0,-0.04066,-0.4959,0.0797,-2.2678,9.7924,-29.8025,-0.0738,0.076,-0.5688,4.684,0.0,0.1826,0.0,0.2582,0.0,0.1826,0.1826,0.0,0.1826,0.2582,0.1826,0.0,0.0,0.0,0.3651,0.2582,0.1826,0.0,0.3162,0.0,,-1,-1,2.8113
1786549662.3619,2026-08-12 17:47:42.361,,0,0,-0.04064,-0.4959,0.0797,-2.0263,9.6001,-29.9208,-0.0689,0.0809,-0.564,4.69181,0.1826,0.1826,0.0,0.0,0.1826,0.0,0.0,0.0,0.0,0.2582,0.1826,0.0,0.1826,0.0,0.3162,0.2582,0.0,0.0,0.2582,0.0,,-1,-1,2.7418
1786549662.412,2026-08-12 17:47:42.412,,0,0,-0.04065,-0.4959,0.0797,-1.984,9.3361,-30.0103,-0.0604,0.0834,-0.5609,4.68576,0.1826,0.1826,0.0,0.0,0.1826,0.0,0.0,0.0,0.0,0.2582,0.1826,0.0,0.1826,0.0,0.3162,0.2582,0.0,0.0,0.2582,0.0,,-1,-1,2.7956
1786549662.4621,2026-08-12 17:47:42.462,,0,0,-0.04065,-0.4959,0.07971,-2.3056,9.5427,-29.7609,-0.068,0.0735,-0.5664,4.69357,0.1826,0.1826,0.0,0.1826,0.1826,0.2582,0.1826,0.0,0.0,0.1826,0.3162,0.0,0.0,0.0,0.0,0.2582,0.3162,0.0,0.1826,0.0,,-1,-1,2.7261
1786549662.5122,2026-08-12 17:47:42.512,,0,0,-0.04065,-0.49591,0.0797,-2.1133,9.3761,-29.8785,-0.0625,0.0814,-0.5633,4.69004,0.1826,0.1826,0.1826,0.2582,0.0,0.1826,0.0,0.2582,0.0,0.0,0.1826,0.0,0.2582,0.0,0.0,0.1826,0.1826,0.0,0.1826,0.0,,-1,-1,2.7575
1786549662.5623,2026-08-12 17:47:42.562,,0,0,-0.04063,-0.4959,0.07969,-2.256,9.4958,-29.9678,-0.0645,0.0731,-0.5596,4.68627,0.1826,0.1826,0.1826,0.2582,0.0,0.1826,0.0,0.2582,0.0,0.0,0.1826,0.0,0.2582,0.0,0.0,0.1826,0.1826,0.0,0.1826,0.0,,-1,-1,2.7911
1786549662.6124,2026-08-12 17:47:42.612,,0,0,-0.04064,-0.49591,0.07971,-2.3132,9.6506,-29.9701,-0.0711,0.0768,-0.5689,4.68476,0.0,0.1826,0.0,0.1826,0.0,0.0,0.0,0.0,0.0,0.1826,0.1826,0.0,0.2582,0.0,0.2582,0.2582,0.0,0.0,0.1826,0.0,,-1,-1,2.8045
1786549662.6626,2026-08-12 17:47:42.662,,0,0,-0.04066,-0.49591,0.07971,-2.4687,9.6722,-29.7743,-0.0705,0.072,-0.566,4.69357,0.0,0.1826,0.0,0.1826,0.0,0.0,0.0,0.0,0.0,0.1826,0.1826,0.0,0.2582,0.0,0.2582,0.2582,0.0,0.0,0.1826,0.0,,-1,-1,2.7261
1786549662.7127,2026-08-12 17:47:42.712,,0,0,-0.04064,-0.49591,0.0797,-2.2271,9.2005,-29.81,-0.0573,0.0793,-0.5653,4.68602,0.1826,0.0,0.0,0.0,0.0,0.0,0.0,0.0,0.0,0.0,0.1826,0.0,0.0,0.1826,0.2582,0.1826,0.0,0.0,0.2582,0.0,,-1,-1,2.7933
1786549662.7628,2026-08-12 17:47:42.762,,0,0,-0.04065,-0.49591,0.0797,-2.1362,9.7346,-30.0232,-0.0731,0.0792,-0.56,4.69105,0.0,0.1826,0.0,0.1826,0.0,0.3162,0.0,0.0,0.0,0.2582,0.3651,0.0,0.0,0.0,0.3162,0.3162,0.1826,0.0,0.3651,0.0,,-1,-1,2.7485
1786549662.8129,2026-08-12 17:47:42.812,,0,0,-0.04065,-0.4959,0.0797,-2.485,9.5363,-29.7896,-0.0654,0.0704,-0.5749,4.67997,0.0,0.1826,0.0,0.1826,0.0,0.3162,0.0,0.0,0.0,0.2582,0.3651,0.0,0.0,0.0,0.3162,0.3162,0.1826,0.0,0.3651,0.0,,-1,-1,2.8471
1786549662.863,2026-08-12 17:47:42.862,,0,0,-0.04066,-0.49591,0.07971,-2.17,9.9257,-29.7974,-0.0773,0.0805,-0.5668,4.68677,0.2582,0.2582,0.0,0.1826,0.1826,0.2582,0.2582,0.1826,0.1826,0.1826,0.1826,0.1826,0.0,0.0,0.3162,0.1826,0.1826,0.0,0.2582,0.0,,-1,-1,2.7866
1786549662.9131,2026-08-12 17:47:42.913,,0,0,-0.04063,-0.4959,0.07971,-2.2375,9.55,-29.9002,-0.0695,0.076,-0.5724,4.684,0.2582,0.2582,0.0,0.1826,0.1826,0.2582,0.2582,0.1826,0.1826,0.1826,0.1826,0.1826,0.0,0.0,0.3162,0.1826,0.1826,0.0,0.2582,0.0,,-1,-1,2.8113
1786549662.9632,2026-08-12 17:47:42.963,,0,0,-0.04064,-0.4959,0.07969,-2.0339,9.3612,-30.2127,-0.0635,0.0847,-0.5718,4.69407,0.0,0.0,0.0,0.0,0.0,0.1826,0.0,0.0,0.0,0.3162,0.2582,0.0,0.0,0.0,0.3651,0.1826,0.1826,0.0,0.3162,0.0,,-1,-1,2.7217
1786549663.0134,2026-08-12 17:47:43.013,,0,0,-0.04064,-0.49591,0.07971,-2.0452,9.1871,-29.8761,-0.0607,0.0818,-0.5642,4.69055,0.0,0.0,0.0,0.0,0.0,0.1826,0.0,0.0,0.0,0.3162,0.2582,0.0,0.0,0.0,0.3651,0.1826,0.1826,0.0,0.3162,0.0,,-1,-1,2.753
1786549663.0636,2026-08-12 17:47:43.063,,0,0,-0.04064,-0.49591,0.07971,-2.2312,9.5843,-29.8373,-0.0699,0.0768,-0.5685,4.6835,0.2582,0.0,0.0,0.0,0.1826,0.1826,0.1826,0.0,0.0,0.0,0.1826,0.0,0.0,0.0,0.2582,0.1826,0.1826,0.0,0.2582,0.0,,-1,-1,2.8157
1786549663.1136,2026-08-12 17:47:43.113,,0,0,-0.04064,-0.49591,0.07972,-1.796,9.1049,-29.9411,-0.0555,0.0889,-0.566,4.69382,0.1826,0.0,0.0,0.1826,0.0,0.2582,0.0,0.1826,0.0,0.1826,0.2582,0.0,0.1826,0.1826,0.2582,0.3162,0.0,0.0,0.1826,0.0,,-1,-1,2.7239
1786549663.1637,2026-08-12 17:47:43.163,,0,0,-0.04064,-0.4959,0.0797,-2.2461,9.3984,-29.8409,-0.0664,0.0738,-0.573,4.68274,0.1826,0.0,0.0,0.1826,0.0,0.2582,0.0,0.1826,0.0,0.1826,0.2582,0.0,0.1826,0.1826,0.2582,0.3162,0.0,0.0,0.1826,0.0,,-1,-1,2.8225
1786549663.2138,2026-08-12 17:47:43.213,,0,0,-0.04065,-0.49591,0.0797,-2.3311,9.8282,-29.8921,-0.0759,0.0739,-0.5676,4.69256,0.0,0.0,0.1826,0.1826,0.0,0.1826,0.1826,0.0,0.1826,0.1826,0.2582,0.0,0.0,0.0,0.2582,0.2582,0.0,0.1826,0.1826,0.0,,-1,-1,2.7351
1786549663.2639,2026-08-12 17:47:43.263,,0,0,-0.04064,-0.4959,0.0797,-1.7777,8.8437,-29.9183,-0.0522,0.0857,-0.5574,4.68576,0.0,0.0,0.1826,0.1826,0.0,0.1826,0.1826,0.0,0.1826,0.1826,0.2582,0.0,0.0,0.0,0.2582,0.2582,0.0,0.1826,0.1826,0.0,,-1,-1,2.7956
1786549663.314,2026-08-12 17:47:43.314,,0,0,-0.04063,-0.4959,0.0797,-2.3278,9.541,-29.8858,-0.0699,0.071,-0.5687,4.68778,0.1826,0.1826,0.0,0.1826,0.0,0.2582,0.0,0.1826,0.0,0.3162,0.2582,0.0,0.1826,0.0,0.3162,0.2582,0.0,0.0,0.3651,0.0,,-1,-1,2.7777
1786549663.3642,2026-08-12 17:47:43.364,,0,0,-0.04065,-0.49591,0.07971,-1.9813,9.5104,-29.8256,-0.0658,0.0858,-0.5651,4.68174,0.1826,0.2582,0.0,0.0,0.1826,0.1826,0.0,0.1826,0.0,0.3162,0.2582,0.0,0.1826,0.0,0.3651,0.2582,0.0,0.0,0.3162,0.0,,-1,-1,2.8314
1786549663.4143,2026-08-12 17:47:43.414,,0,0,-0.04065,-0.49591,0.0797,-2.4438,9.8755,-29.9324,-0.0756,0.0701,-0.574,4.68954,0.1826,0.2582,0.0,0.0,0.1826,0.1826,0.0,0.1826,0.0,0.3162,0.2582,0.0,0.1826,0.0,0.3651,0.2582,0.0,0.0,0.3162,0.0,,-1,-1,2.762
1786549663.4644,2026-08-12 17:47:43.464,,0,0,-0.04064,-0.4959,0.0797,-2.2533,9.519,-30.195,-0.0639,0.0757,-0.5728,4.68627,0.3162,0.1826,0.0,0.2582,0.1826,0.1826,0.0,0.0,0.0,0.0,0.2582,0.0,0.0,0.0,0.0,0.1826,0.1826,0.0,0.0,0.0,,-1,-1,2.7911
1786549663.5145,2026-08-12 17:47:43.514,,0,0,-0.04066,-0.4959,0.0797,-1.8694,9.3189,-30.1497,-0.063,0.0844,-0.5644,4.69332,0.3162,0.1826,0.0,0.2582,0.1826,0.1826,0.0,0.0,0.0,0.0,0.2582,0.0,0.0,0.0,0.0,0.1826,0.1826,0.0,0.0,0.0,,-1,-1,2.7284
1786549663.5646,2026-08-12 17:47:43.564,,0,0,-0.04065,-0.49591,0.07971,-2.0012,9.497,-29.8741,-0.0677,0.0852,-0.5661,4.68501,0.0,0.1826,0.0,0.0,0.0,0.0,0.1826,0.0,0.0,0.2582,0.0,0.0,0.0,0.0,0.3651,0.0,0.2582,0.0,0.3162,0.0,,-1,-1,2.8023
1786549663.6147,2026-08-12 17:47:43.614,,0,0,-0.04065,-0.49591,0.0797,-2.3843,9.4743,-30.0808,-0.0651,0.0734,-0.5696,4.68551,0.2582,0.0,0.0,0.0,0.0,0.2582,0.0,0.2582,0.0,0.3162,0.1826,0.0,0.1826,0.0,0.3651,0.2582,0.2582,0.0,0.1826,0.0,,-1,-1,2.7978
1786549663.6647,2026-08-12 17:47:43.664,,0,0,-0.04064,-0.49591,0.07972,-2.3022,9.5349,-30.0044,-0.066,0.0763,-0.5641,4.6903,0.2582,0.0,0.0,0.0,0.0,0.2582,0.0,0.2582,0.0,0.3162,0.1826,0.0,0.1826,0.0,0.3651,0.2582,0.2582,0.0,0.1826,0.0,,-1,-1,2.7553
1786549663.7148,2026-08-12 17:47:43.714,,0,0,-0.04065,-0.49591,0.0797,-2.128,9.2578,-30.0252,-0.06,0.0763,-0.5591,4.68048,0.3162,0.0,0.0,0.0,0.2582,0.1826,0.0,0.1826,0.0,0.2582,0.0,0.0,0.1826,0.0,0.3162,0.2582,0.1826,0.0,0.2582,0.0,,-1,-1,2.8426
1786549663.7649,2026-08-12 17:47:43.764,,0,0,-0.04065,-0.4959,0.0797,-2.0486,9.4626,-30.0783,-0.0661,0.0801,-0.5666,4.68853,0.3162,0.0,0.0,0.0,0.2582,0.1826,0.0,0.1826,0.0,0.2582,0.0,0.0,0.1826,0.0,0.3162,0.2582,0.1826,0.0,0.2582,0.0,,-1,-1,2.7709
1786549663.815,2026-08-12 17:47:43.815,,0,0,-0.04065,-0.4959,0.0797,-2.1793,9.6699,-30.0589,-0.0705,0.0742,-0.5629,4.6903,0.2582,0.1826,0.1826,0.0,0.2582,0.2582,0.2582,0.0,0.0,0.1826,0.1826,0.0,0.1826,0.1826,0.2582,0.3162,0.2582,0.0,0.2582,0.0,,-1,-1,2.7553
1786549663.8652,2026-08-12 17:47:43.865,,0,0,-0.04063,-0.4959,0.07971,-2.1954,9.5907,-30.2161,-0.0721,0.0767,-0.5677,4.684,0.2582,0.1826,0.1826,0.0,0.2582,0.2582,0.2582,0.0,0.0,0.1826,0.1826,0.0,0.1826,0.1826,0.2582,0.3162,0.2582,0.0,0.2582,0.0,,-1,-1,2.8113
1786549663.9153,2026-08-12 17:47:43.915,,0,0,-0.04064,-0.4959,0.07969,-2.1231,9.7414,-30.0971,-0.074,0.0767,-0.5639,4.69407,0.1826,0.1826,0.0,0.0,0.1826,0.3162,0.1826,0.1826,0.0,0.0,0.2582,0.0,0.2582,0.0,0.2582,0.4082,0.2582,0.0,0.1826,0.0,,-1,-1,2.7217
1786549663.9655,2026-08-12 17:47:43.965,,0,0,-0.04065,-0.49592,0.0797,-2.1267,9.4574,-29.949,-0.0652,0.0773,-0.567,4.68526,0.0,0.2582,0.0,0.0,0.0,0.3162,0.1826,0.0,0.0,0.1826,0.2582,0.0,0.1826,0.0,0.2582,0.3162,0.0,0.0,0.3162,0.0,,-1,-1,2.8001
1786549664.0156,2026-08-12 17:47:44.015,,0,0,-0.04063,-0.49591,0.07969,-1.833,9.3208,-29.9983,-0.0634,0.0864,-0.5676,4.69256,0.0,0.2582,0.0,0.0,0.0,0.3162,0.1826,0.0,0.0,0.1826,0.2582,0.0,0.1826,0.0,0.2582,0.3162,0.0,0.0,0.3162,0.0,,-1,-1,2.7351
1786549664.0657,2026-08-12 17:47:44.065,,0,0,-0.04065,-0.49592,0.07973,-2.3323,9.4573,-29.9755,-0.061,0.0758,-0.5683,4.69155,0.2582,0.1826,0.0,0.0,0.2582,0.1826,0.0,0.0,0.0,0.1826,0.2582,0.0,0.0,0.0,0.3162,0.3651,0.0,0.0,0.3162,0.0,,-1,-1,2.7441
1786549664.1158,2026-08-12 17:47:44.115,,0,0,-0.04065,-0.4959,0.0797,-2.2165,9.4175,-30.0161,-0.0644,0.0787,-0.5684,4.67771,0.2582,0.1826,0.0,0.0,0.2582,0.1826,0.0,0.0,0.0,0.1826,0.2582,0.0,0.0,0.0,0.3162,0.3651,0.0,0.0,0.3162,0.0,,-1,-1,2.8673
1786549664.166,2026-08-12 17:47:44.165,,0,0,-0.04064,-0.4959,0.0797,-2.309,9.3591,-30.0323,-0.0622,0.0738,-0.5691,4.69558,0.1826,0.1826,0.0,0.0,0.0,0.0,0.0,0.0,0.0,0.0,0.0,0.0,0.0,0.1826,0.2582,0.1826,0.1826,0.1826,0.3162,0.0,,-1,-1,2.7082
1786549664.2161,2026-08-12 17:47:44.216,,0,0,-0.04065,-0.49591,0.07971,-2.3288,9.6441,-29.9664,-0.0697,0.0747,-0.572,4.68274,0.0,0.0,0.0,0.0,0.0,0.0,0.0,0.0,0.0,0.0,0.1826,0.0,0.1826,0.0,0.2582,0.3162,0.0,0.0,0.1826,0.0,,-1,-1,2.8225
1786549664.2661,2026-08-12 17:47:44.266,,0,0,-0.04065,-0.4959,0.0797,-1.8806,9.6145,-29.9713,-0.0726,0.0825,-0.5693,4.68602,0.0,0.0,0.0,0.0,0.0,0.0,0.0,0.0,0.0,0.0,0.1826,0.0,0.1826,0.0,0.2582,0.3162,0.0,0.0,0.1826,0.0,,-1,-1,2.7933
1786549664.3163,2026-08-12 17:47:44.316,,0,0,-0.04065,-0.4959,0.07971,-1.8749,9.2955,-30.2427,-0.0601,0.0864,-0.5588,4.69181,0.0,0.0,0.0,0.0,0.0,0.0,0.0,0.0,0.0,0.2582,0.0,0.0,0.1826,0.0,0.3162,0.1826,0.1826,0.0,0.2582,0.0,,-1,-1,2.7418
1786549664.3663,2026-08-12 17:47:44.366,,0,0,-0.04064,-0.49589,0.07969,-1.946,9.294,-30.1406,-0.0606,0.084,-0.565,4.68576,0.0,0.0,0.0,0.0,0.0,0.0,0.0,0.0,0.0,0.2582,0.0,0.0,0.1826,0.0,0.3162,0.1826,0.1826,0.0,0.2582,0.0,,-1,-1,2.7956
1786549664.4164,2026-08-12 17:47:44.416,,0,0,-0.04066,-0.49591,0.0797,-1.9689,9.4613,-30.1671,-0.0624,0.0823,-0.5645,4.69508,0.2582,0.0,0.0,0.1826,0.1826,0.1826,0.0,0.0,0.0,0.0,0.1826,0.0,0.0,0.0,0.3651,0.2582,0.1826,0.0,0.3162,0.0,,-1,-1,2.7127
1786549664.4665,2026-08-12 17:47:44.466,,0,0,-0.04066,-0.49591,0.07972,-2.14,9.1814,-30.1484,-0.0588,0.079,-0.5632,4.68425,0.2582,0.0,0.0,0.1826,0.0,0.1826,0.1826,0.1826,0.0,0.0,0.2582,0.0,0.1826,0.0,0.1826,0.2582,0.1826,0.0,0.1826,0.0,,-1,-1,2.809
1786549664.5166,2026-08-12 17:47:44.516,,0,0,-0.04063,-0.4959,0.0797,-2.0941,9.4275,-30.0145,-0.0681,0.0785,-0.567,4.68853,0.2582,0.0,0.0,0.1826,0.0,0.1826,0.1826,0.1826,0.0,0.0,0.2582,0.0,0.1826,0.0,0.1826,0.2582,0.1826,0.0,0.1826,0.0,,-1,-1,2.7709
1786549664.5667,2026-08-12 17:47:44.566,,0,0,-0.04064,-0.4959,0.0797,-2.3822,9.7049,-30.0512,-0.0754,0.0742,-0.5632,4.68526,0.1826,0.0,0.0,0.0,0.0,0.1826,0.1826,0.2582,0.0,0.0,0.2582,0.0,0.1826,0.0,0.2582,0.2582,0.2582,0.0,0.1826,0.0,,-1,-1,2.8001
1786549664.6168,2026-08-12 17:47:44.616,,0,0,-0.04066,-0.4959,0.0797,-2.3478,9.6492,-30.0251,-0.0713,0.0771,-0.5692,4.68476,0.1826,0.0,0.0,0.0,0.0,0.1826,0.1826,0.2582,0.0,0.0,0.2582,0.0,0.1826,0.0,0.2582,0.2582,0.2582,0.0,0.1826,0.0,,-1,-1,2.8045
1786549664.6669,2026-08-12 17:47:44.666,,0,0,-0.04066,-0.49591,0.07971,-1.9074,9.2467,-29.8985,-0.0572,0.085,-0.5609,4.69155,0.1826,0.1826,0.1826,0.0,0.1826,0.2582,0.2582,0.1826,0.0,0.2582,0.2582,0.0,0.1826,0.0,0.2582,0.3651,0.2582,0.0,0.2582,0.0,,-1,-1,2.7441
1786549664.717,2026-08-12 17:47:44.717,,0,0,-0.04064,-0.4959,0.07971,-2.1824,9.3439,-29.792,-0.0638,0.079,-0.569,4.68299,0.1826,0.1826,0.1826,0.0,0.1826,0.2582,0.2582,0.1826,0.0,0.2582,0.2582,0.0,0.1826,0.0,0.2582,0.3651,0.2582,0.0,0.2582,0.0,,-1,-1,2.8202
1786549664.7672,2026-08-12 17:47:44.767,,0,0,-0.04063,-0.4959,0.07969,-2.0461,9.5962,-29.9026,-0.0669,0.0826,-0.5702,4.68098,0.2582,0.2582,0.0,0.0,0.1826,0.1826,0.2582,0.2582,0.0,0.0,0.1826,0.1826,0.2582,0.0,0.2582,0.1826,0.3162,0.0,0.2582,0.0,,-1,-1,2.8381
1786549664.8173,2026-08-12 17:47:44.817,,0,0,-0.04066,-0.49591,0.07971,-1.8726,9.2249,-30.052,-0.0604,0.0822,-0.5618,4.69357,0.1826,0.1826,0.0,0.0,0.0,0.1826,0.1826,0.2582,0.0,0.1826,0.3162,0.0,0.2582,0.0,0.3162,0.1826,0.1826,0.0,0.3162,0.0,,-1,-1,2.7261
1786549664.8673,2026-08-12 17:47:44.867,,0,0,-0.04064,-0.4959,0.0797,-2.0425,9.4547,-29.8648,-0.0645,0.0807,-0.565,4.68753,0.1826,0.1826,0.0,0.0,0.0,0.1826,0.1826,0.2582,0.0,0.1826,0.3162,0.0,0.2582,0.0,0.3162,0.1826,0.1826,0.0,0.3162,0.0,,-1,-1,2.7799
1786549664.9174,2026-08-12 17:47:44.917,,0,0,-0.04064,-0.49591,0.07972,-2.1135,9.2313,-29.9944,-0.0605,0.0825,-0.5687,4.68702,0.2582,0.1826,0.0,0.0,0.0,0.1826,0.0,0.1826,0.0,0.2582,0.2582,0.0,0.0,0.0,0.3162,0.3162,0.0,0.0,0.3162,0.0,,-1,-1,2.7844
1786549664.9675,2026-08-12 17:47:44.967,,0,0,-0.04066,-0.49591,0.07971,-2.109,9.4705,-29.6803,-0.0638,0.0797,-0.5644,4.69256,0.2582,0.1826,0.0,0.0,0.0,0.1826,0.0,0.1826,0.0,0.2582,0.2582,0.0,0.0,0.0,0.3162,0.3162,0.0,0.0,0.3162,0.0,,-1,-1,2.7351
1786549665.0177,2026-08-12 17:47:45.017,,0,0,-0.04063,-0.49591,0.07971,-1.8911,9.3511,-30.0142,-0.0644,0.0876,-0.5602,4.68576,0.3162,0.1826,0.0,0.0,0.2582,0.1826,0.0,0.0,0.0,0.2582,0.2582,0.0,0.1826,0.0,0.4082,0.3162,0.1826,0.0,0.2582,0.0,,-1,-1,2.7956
1786549665.0677,2026-08-12 17:47:45.067,,0,0,-0.04064,-0.49591,0.07972,-2.5702,9.5072,-29.9586,-0.066,0.0708,-0.5683,4.6908,0.2582,0.2582,0.0,0.2582,0.1826,0.1826,0.0,0.0,0.0,0.2582,0.2582,0.0,0.1826,0.0,0.2582,0.3162,0.0,0.0,0.2582,0.0,,-1,-1,2.7508
1786549665.1178,2026-08-12 17:47:45.117,,0,0,-0.04063,-0.4959,0.07968,-2.4335,9.9599,-29.8453,-0.0774,0.0704,-0.574,4.68148,0.2582,0.2582,0.0,0.2582,0.1826,0.1826,0.0,0.0,0.0,0.2582,0.2582,0.0,0.1826,0.0,0.2582,0.3162,0.0,0.0,0.2582,0.0,,-1,-1,2.8337
1786549665.1679,2026-08-12 17:47:45.167,,0,0,-0.04064,-0.4959,0.07971,-2.2041,9.5179,-30.026,-0.064,0.0779,-0.5663,4.69004,0.0,0.0,0.0,0.2582,0.0,0.1826,0.0,0.0,0.0,0.0,0.1826,0.0,0.0,0.0,0.1826,0.2582,0.0,0.0,0.1826,0.0,,-1,-1,2.7575
1786549665.218,2026-08-12 17:47:45.217,,0,0,-0.04064,-0.49591,0.07971,-2.1488,9.306,-30.1574,-0.0627,0.0796,-0.5678,4.69231,0.0,0.0,0.0,0.2582,0.0,0.1826,0.0,0.0,0.0,0.0,0.1826,0.0,0.0,0.0,0.1826,0.2582,0.0,0.0,0.1826,0.0,,-1,-1,2.7373
1786549665.2681,2026-08-12 17:47:45.268,,0,0,-0.04064,-0.49589,0.0797,-2.1245,9.2044,-29.9271,-0.0583,0.0792,-0.5675,4.6903,0.0,0.1826,0.0,0.0,0.0,0.1826,0.0,0.1826,0.0,0.0,0.2582,0.0,0.1826,0.0,0.3162,0.2582,0.1826,0.0,0.2582,0.0,,-1,-1,2.7553
1786549665.3182,2026-08-12 17:47:45.318,,0,0,-0.04062,-0.49591,0.0797,-2.3931,9.6306,-29.9397,-0.0666,0.0693,-0.5653,4.69155,0.0,0.1826,0.0,0.0,0.0,0.1826,0.0,0.1826,0.0,0.0,0.2582,0.0,0.1826,0.0,0.3162,0.2582,0.1826,0.0,0.2582,0.0,,-1,-1,2.7441
1786549665.3683,2026-08-12 17:47:45.368,,0,0,-0.04064,-0.4959,0.07971,-2.2327,9.4695,-30.0324,-0.0653,0.0745,-0.5624,4.68476,0.0,0.0,0.0,0.2582,0.0,0.0,0.0,0.1826,0.0,0.0,0.1826,0.0,0.1826,0.0,0.2582,0.1826,0.0,0.0,0.2582,0.0,,-1,-1,2.8045
1786549665.4184,2026-08-12 17:47:45.418,,0,0,-0.04066,-0.4959,0.0797,-2.1261,9.6715,-29.8936,-0.0734,0.0805,-0.5641,4.69206,0.0,0.0,0.0,0.0,0.0,0.1826,0.1826,0.0,0.0,0.0,0.2582,0.0,0.0,0.0,0.1826,0.0,0.1826,0.0,0.2582,0.0,,-1,-1,2.7396
1786549665.4685,2026-08-12 17:47:45.468,,0,0,-0.04065,-0.4959,0.0797,-2.479,9.7973,-29.8085,-0.0708,0.0722,-0.5649,4.68602,0.0,0.0,0.0,0.0,0.0,0.1826,0.1826,0.0,0.0,0.0,0.2582,0.0,0.0,0.0,0.1826,0.0,0.1826,0.0,0.2582,0.0,,-1,-1,2.7933
1786549665.5186,2026-08-12 17:47:45.518,,0,0,-0.04063,-0.4959,0.0797,-2.2903,9.5413,-29.8893,-0.0646,0.0766,-0.5633,4.69508,0.1826,0.0,0.0,0.0,0.0,0.3162,0.1826,0.1826,0.0,0.0,0.3162,0.0,0.1826,0.0,0.1826,0.3162,0.1826,0.0,0.1826,0.0,,-1,-1,2.7127
1786549665.5686,2026-08-12 17:47:45.568,,0,0,-0.04064,-0.4959,0.0797,-2.3011,9.562,-29.9102,-0.0674,0.0728,-0.5662,4.68425,0.1826,0.0,0.0,0.0,0.0,0.3162,0.1826,0.1826,0.0,0.0,0.3162,0.0,0.1826,0.0,0.1826,0.3162,0.1826,0.0,0.1826,0.0,,-1,-1,2.809
1786549665.6188,2026-08-12 17:47:45.618,,0,0,-0.04066,-0.4959,0.07971,-2.296,9.4848,-29.7725,-0.0651,0.0766,-0.5651,4.69382,0.2582,0.1826,0.0,0.1826,0.0,0.1826,0.0,0.1826,0.0,0.1826,0.1826,0.0,0.2582,0.0,0.3162,0.2582,0.0,0.0,0.2582,0.0,,-1,-1,2.7239
1786549665.6689,2026-08-12 17:47:45.668,,0,0,-0.04066,-0.49591,0.07971,-2.1318,9.4216,-30.1277,-0.0622,0.0801,-0.562,4.68199,0.2582,0.0,0.0,0.0,0.0,0.2582,0.0,0.1826,0.0,0.0,0.1826,0.0,0.1826,0.0,0.2582,0.2582,0.0,0.0,0.3162,0.0,,-1,-1,2.8292
1786549665.719,2026-08-12 17:47:45.719,,0,0,-0.04065,-0.4959,0.0797,-2.511,9.732,-29.9463,-0.0688,0.0719,-0.5714,4.69533,0.2582,0.0,0.0,0.0,0.0,0.2582,0.0,0.1826,0.0,0.0,0.1826,0.0,0.1826,0.0,0.2582,0.2582,0.0,0.0,0.3162,0.0,,-1,-1,2.7105
1786549665.7692,2026-08-12 17:47:45.769,,0,0,-0.04063,-0.49591,0.0797,-2.5338,9.4802,-29.8923,-0.0665,0.0682,-0.5733,4.684,0.1826,0.2582,0.0,0.0,0.0,0.0,0.1826,0.0,0.0,0.1826,0.1826,0.0,0.0,0.0,0.1826,0.0,0.1826,0.0,0.2582,0.0,,-1,-1,2.8113
1786549665.8193,2026-08-12 17:47:45.819,,0,0,-0.04064,-0.49589,0.07969,-2.5386,9.829,-30.08,-0.0761,0.0684,-0.5624,4.68753,0.1826,0.2582,0.0,0.0,0.0,0.0,0.1826,0.0,0.0,0.1826,0.1826,0.0,0.0,0.0,0.1826,0.0,0.1826,0.0,0.2582,0.0,,-1,-1,2.7799
1786549665.8694,2026-08-12 17:47:45.869,,0,0,-0.04065,-0.49591,0.07972,-2.3254,9.8433,-29.9934,-0.0704,0.073,-0.5667,4.68652,0.0,0.0,0.0,0.0,0.0,0.2582,0.1826,0.1826,0.0,0.0,0.2582,0.0,0.0,0.0,0.1826,0.2582,0.1826,0.0,0.1826,0.0,,-1,-1,2.7889
1786549665.9195,2026-08-12 17:47:45.919,,0,0,-0.04064,-0.49589,0.07968,-1.8708,9.4237,-30.0012,-0.0678,0.0813,-0.5662,4.69181,0.2582,0.2582,0.0,0.0,0.0,0.1826,0.0,0.0,0.0,0.1826,0.2582,0.0,0.1826,0.0,0.4082,0.2582,0.1826,0.0,0.2582,0.0,,-1,-1,2.7418
1786549665.9696,2026-08-12 17:47:45.969,,0,0,-0.04064,-0.49589,0.07969,-1.6458,9.0369,-30.0192,-0.0544,0.0907,-0.5677,4.68954,0.2582,0.2582,0.0,0.0,0.0,0.1826,0.0,0.0,0.0,0.1826,0.2582,0.0,0.1826,0.0,0.4082,0.2582,0.1826,0.0,0.2582,0.0,,-1,-1,2.762
1786549666.0197,2026-08-12 17:47:46.019,,0,0,-0.04063,-0.4959,0.0797,-2.4494,9.2567,-29.8966,-0.059,0.0674,-0.5688,4.68828,0.1826,0.1826,0.0,0.1826,0.0,0.1826,0.0,0.0,0.0,0.1826,0.1826,0.0,0.1826,0.0,0.2582,0.1826,0.0,0.0,0.2582,0.0,,-1,-1,2.7732
1786549666.0698,2026-08-12 17:47:46.069,,0,0,-0.04065,-0.4959,0.0797,-2.1807,9.192,-29.9706,-0.06,0.0769,-0.5678,4.68879,0.1826,0.1826,0.0,0.1826,0.0,0.1826,0.0,0.0,0.0,0.1826,0.1826,0.0,0.1826,0.0,0.2582,0.1826,0.0,0.0,0.2582,0.0,,-1,-1,2.7687
1786549666.12,2026-08-12 17:47:46.119,,0,0,-0.04065,-0.4959,0.07969,-2.2047,9.3519,-29.9584,-0.0651,0.0781,-0.5725,4.6913,0.1826,0.0,0.0,0.0,0.0,0.2582,0.1826,0.0,0.0,0.0,0.2582,0.0,0.0,0.0,0.2582,0.3162,0.1826,0.0,0.1826,0.0,,-1,-1,2.7463
1786549666.1701,2026-08-12 17:47:46.170,,0,0,-0.04063,-0.4959,0.07969,-2.3387,9.4179,-29.7484,-0.0608,0.0737,-0.5667,4.68274,0.1826,0.0,0.0,0.0,0.0,0.2582,0.1826,0.0,0.0,0.0,0.2582,0.0,0.0,0.0,0.2582,0.3162,0.1826,0.0,0.1826,0.0,,-1,-1,2.8225
1786549666.2202,2026-08-12 17:47:46.220,,0,0,-0.04063,-0.49591,0.0797,-2.4808,9.3876,-29.873,-0.0631,0.0727,-0.5709,4.69558,0.1826,0.1826,0.1826,0.0,0.0,0.0,0.0,0.1826,0.0,0.0,0.0,0.0,0.1826,0.0,0.1826,0.1826,0.1826,0.0,0.1826,0.0,,-1,-1,2.7082
1786549666.2703,2026-08-12 17:47:46.270,,0,0,-0.04067,-0.49591,0.0797,-2.235,9.3199,-29.8683,-0.063,0.0757,-0.5664,4.68576,0.1826,0.0,0.2582,0.0,0.0,0.1826,0.1826,0.1826,0.0,0.1826,0.1826,0.0,0.0,0.0,0.2582,0.1826,0.2582,0.0,0.0,0.0,,-1,-1,2.7956
1786549666.3204,2026-08-12 17:47:46.320,,0,0,-0.04064,-0.49591,0.0797,-2.3534,9.6654,-29.8481,-0.0712,0.0732,-0.5707,4.68778,0.1826,0.0,0.2582,0.0,0.0,0.1826,0.1826,0.1826,0.0,0.1826,0.1826,0.0,0.0,0.0,0.2582,0.1826,0.2582,0.0,0.0,0.0,,-1,-1,2.7777
1786549666.3705,2026-08-12 17:47:46.370,,0,0,-0.04064,-0.4959,0.0797,-2.6898,9.708,-29.7213,-0.0731,0.0644,-0.5735,4.69055,0.1826,0.0,0.0,0.0,0.0,0.0,0.0,0.1826,0.0,0.1826,0.1826,0.0,0.2582,0.0,0.3162,0.2582,0.1826,0.0,0.1826,0.0,,-1,-1,2.753
1786549666.4206,2026-08-12 17:47:46.420,,0,0,-0.04064,-0.4959,0.0797,-2.3074,9.5462,-29.8176,-0.0687,0.0762,-0.5688,4.68576,0.1826,0.0,0.0,0.0,0.0,0.0,0.0,0.1826,0.0,0.1826,0.1826,0.0,0.2582,0.0,0.3162,0.2582,0.1826,0.0,0.1826,0.0,,-1,-1,2.7956
1786549666.4707,2026-08-12 17:47:46.470,,0,0,-0.04064,-0.49591,0.07971,-2.1844,9.5373,-29.9407,-0.065,0.0772,-0.5632,4.69004,0.1826,0.0,0.0,0.0,0.0,0.1826,0.1826,0.0,0.0,0.1826,0.1826,0.0,0.1826,0.0,0.1826,0.2582,0.1826,0.0,0.1826,0.0,,-1,-1,2.7575
1786549666.5208,2026-08-12 17:47:46.520,,0,0,-0.04065,-0.4959,0.07971,-2.1923,9.695,-29.7466,-0.0717,0.075,-0.5648,4.68551,0.2582,0.1826,0.0,0.0,0.0,0.0,0.0,0.0,0.0,0.0,0.0,0.0,0.1826,0.0,0.1826,0.1826,0.1826,0.0,0.0,0.0,,-1,-1,2.7978
1786549666.571,2026-08-12 17:47:46.570,,0,0,-0.04064,-0.49589,0.07969,-2.2441,9.6738,-29.9177,-0.0731,0.0767,-0.5652,4.69332,0.2582,0.1826,0.0,0.0,0.0,0.0,0.0,0.0,0.0,0.0,0.0,0.0,0.1826,0.0,0.1826,0.1826,0.1826,0.0,0.0,0.0,,-1,-1,2.7284
1786549666.6211,2026-08-12 17:47:46.621,,0,0,-0.04064,-0.49591,0.0797,-2.2466,9.6975,-30.031,-0.0697,0.0725,-0.5678,4.68199,0.0,0.0,0.0,0.0,0.0,0.1826,0.1826,0.1826,0.0,0.2582,0.1826,0.0,0.0,0.0,0.2582,0.2582,0.1826,0.0,0.2582,0.0,,-1,-1,2.8292
1786549666.6712,2026-08-12 17:47:46.671,,0,0,-0.04064,-0.4959,0.0797,-2.2048,9.4922,-29.8511,-0.0666,0.0762,-0.5661,4.68954,0.0,0.0,0.0,0.0,0.0,0.1826,0.1826,0.1826,0.0,0.2582,0.1826,0.0,0.0,0.0,0.2582,0.2582,0.1826,0.0,0.2582,0.0,,-1,-1,2.762
1786549666.7213,2026-08-12 17:47:46.721,,0,0,-0.04065,-0.4959,0.07969,-2.4361,9.827,-29.5895,-0.0756,0.0704,-0.565,4.68778,0.2582,0.0,0.0,0.0,0.0,0.1826,0.1826,0.0,0.0,0.0,0.1826,0.0,0.0,0.0,0.2582,0.2582,0.0,0.0,0.1826,0.0,,-1,-1,2.7777
1786549666.7714,2026-08-12 17:47:46.771,,0,0,-0.04065,-0.49591,0.07971,-2.302,9.2115,-29.9236,-0.0571,0.0725,-0.5659,4.69004,0.0,0.0,0.0,0.0,0.0,0.1826,0.1826,0.0,0.0,0.1826,0.0,0.0,0.0,0.0,0.2582,0.2582,0.1826,0.0,0.1826,0.0,,-1,-1,2.7575
1786549666.8216,2026-08-12 17:47:46.821,,0,0,-0.04064,-0.49591,0.07972,-2.0014,9.2473,-30.044,-0.063,0.0842,-0.5648,4.68274,0.0,0.0,0.0,0.0,0.0,0.1826,0.1826,0.0,0.0,0.1826,0.0,0.0,0.0,0.0,0.2582,0.2582,0.1826,0.0,0.1826,0.0,,-1,-1,2.8225
1786549666.8716,2026-08-12 17:47:46.871,,0,0,-0.04065,-0.4959,0.0797,-2.1154,9.5712,-29.8293,-0.07,0.081,-0.5695,4.68803,0.0,0.0,0.0,0.0,0.0,0.0,0.1826,0.1826,0.0,0.1826,0.0,0.0,0.0,0.0,0.1826,0.1826,0.1826,0.0,0.2582,0.0,,-1,-1,2.7754
1786549666.9217,2026-08-12 17:47:46.921,,0,0,-0.04064,-0.49592,0.07972,-2.3459,9.595,-29.9359,-0.0636,0.072,-0.5638,4.68375,0.0,0.0,0.0,0.0,0.0,0.0,0.1826,0.1826,0.0,0.1826,0.0,0.0,0.0,0.0,0.1826,0.1826,0.1826,0.0,0.2582,0.0,,-1,-1,2.8135
1786549666.9718,2026-08-12 17:47:46.971,,0,0,-0.04065,-0.4959,0.07969,-1.909,9.0466,-30.1204,-0.0557,0.0851,-0.5611,4.6908,0.2582,0.0,0.0,0.2582,0.0,0.1826,0.0,0.0,0.0,0.0,0.2582,0.0,0.2582,0.0,0.0,0.2582,0.1826,0.0,0.0,0.0,,-1,-1,2.7508
1786549667.0219,2026-08-12 17:47:47.021,,0,0,-0.04066,-0.4959,0.07971,-2.1569,9.2267,-29.9081,-0.0615,0.0764,-0.5674,4.684,0.2582,0.0,0.0,0.2582,0.0,0.1826,0.0,0.0,0.0,0.0,0.2582,0.0,0.2582,0.0,0.0,0.2582,0.1826,0.0,0.0,0.0,,-1,-1,2.8113
1786549667.072,2026-08-12 17:47:47.071,,0,0,-0.04063,-0.49591,0.0797,-2.4019,9.984,-29.9502,-0.0791,0.0721,-0.5662,4.67972,0.0,0.1826,0.0,0.0,0.0,0.2582,0.1826,0.1826,0.0,0.2582,0.1826,0.0,0.0,0.0,0.2582,0.1826,0.0,0.0,0.2582,0.0,,-1,-1,2.8493
1786549667.1221,2026-08-12 17:47:47.122,,0,0,-0.04064,-0.49591,0.0797,-1.9626,9.4218,-29.8151,-0.0644,0.083,-0.5582,4.69357,0.0,0.1826,0.0,0.0,0.0,0.0,0.1826,0.0,0.0,0.0,0.0,0.0,0.0,0.0,0.1826,0.1826,0.1826,0.0,0.0,0.0,,-1,-1,2.7261
1786549667.1722,2026-08-12 17:47:47.172,,0,0,-0.04064,-0.4959,0.0797,-2.1394,9.3259,-30.0199,-0.06,0.0781,-0.5613,4.68199,0.0,0.1826,0.0,0.0,0.0,0.0,0.1826,0.0,0.0,0.0,0.0,0.0,0.0,0.0,0.1826,0.1826,0.1826,0.0,0.0,0.0,,-1,-1,2.8292
1786549667.2223,2026-08-12 17:47:47.222,,0,0,-0.04064,-0.49591,0.0797,-1.804,9.4217,-30.0614,-0.0625,0.0876,-0.562,4.69155,0.0,0.0,0.0,0.1826,0.0,0.1826,0.0,0.0,0.0,0.2582,0.1826,0.0,0.0,0.0,0.3651,0.3162,0.0,0.0,0.3162,0.0,,-1,-1,2.7441
1786549667.2724,2026-08-12 17:47:47.272,,0,0,-0.04065,-0.4959,0.07969,-1.9504,8.97,-30.0481,-0.0552,0.0844,-0.5595,4.68299,0.0,0.0,0.0,0.1826,0.0,0.1826,0.0,0.0,0.0,0.2582,0.1826,0.0,0.0,0.0,0.3651,0.3162,0.0,0.0,0.3162,0.0,,-1,-1,2.8202
1786549667.3225,2026-08-12 17:47:47.322,,0,0,-0.04064,-0.4959,0.0797,-1.9485,9.2894,-29.9949,-0.0622,0.0831,-0.5605,4.69256,0.0,0.0,0.0,0.0,0.1826,0.0,0.1826,0.0,0.0,0.2582,0.1826,0.0,0.0,0.0,0.1826,0.1826,0.1826,0.0,0.2582,0.0,,-1,-1,2.7351
1786549667.3726,2026-08-12 17:47:47.372,,0,0,-0.04065,-0.49591,0.07972,-2.026,9.5264,-30.0681,-0.0673,0.0835,-0.5649,4.68199,0.1826,0.0,0.0,0.0,0.0,0.1826,0.0,0.1826,0.0,0.1826,0.1826,0.0,0.2582,0.0,0.3162,0.2582,0.1826,0.0,0.3162,0.0,,-1,-1,2.8292
1786549667.4227,2026-08-12 17:47:47.422,,0,0,-0.04063,-0.49591,0.0797,-2.282,9.604,-30.0436,-0.0658,0.0734,-0.5661,4.68778,0.1826,0.0,0.0,0.0,0.0,0.1826,0.0,0.1826,0.0,0.1826,0.1826,0.0,0.2582,0.0,0.3162,0.2582,0.1826,0.0,0.3162,0.0,,-1,-1,2.7777
1786549667.4729,2026-08-12 17:47:47.472,,0,0,-0.04064,-0.49591,0.0797,-2.1741,9.5284,-30.1775,-0.0662,0.0779,-0.5643,4.68299,0.2582,0.1826,0.0,0.0,0.1826,0.2582,0.0,0.1826,0.0,0.0,0.1826,0.0,0.1826,0.0,0.0,0.2582,0.1826,0.0,0.0,0.0,,-1,-1,2.8202
1786549667.523,2026-08-12 17:47:47.523,,0,0,-0.04064,-0.4959,0.0797,-1.9433,9.3667,-30.1417,-0.0605,0.0834,-0.5587,4.69583,0.2582,0.1826,0.0,0.0,0.1826,0.2582,0.0,0.1826,0.0,0.0,0.1826,0.0,0.1826,0.0,0.0,0.2582,0.1826,0.0,0.0,0.0,,-1,-1,2.706
1786549667.5732,2026-08-12 17:47:47.573,,0,0,-0.04066,-0.4959,0.0797,-2.1663,9.409,-30.3378,-0.0618,0.0812,-0.5667,4.67771,0.0,0.0,0.0,0.0,0.0,0.0,0.0,0.0,0.0,0.1826,0.1826,0.0,0.1826,0.0,0.2582,0.2582,0.0,0.0,0.3162,0.0,,-1,-1,2.8673
1786549667.6233,2026-08-12 17:47:47.623,,0,0,-0.04063,-0.49591,0.07973,-2.2116,9.3779,-29.7766,-0.0622,0.0786,-0.5661,4.69206,0.0,0.1826,0.0,0.0,0.0,0.0,0.0,0.0,0.0,0.0,0.1826,0.0,0.1826,0.0,0.1826,0.2582,0.0,0.0,0.1826,0.0,,-1,-1,2.7396
1786549667.6734,2026-08-12 17:47:47.673,,0,0,-0.04065,-0.4959,0.07971,-2.5027,9.8174,-29.9587,-0.0763,0.0715,-0.56,4.68199,0.0,0.1826,0.0,0.0,0.0,0.0,0.0,0.0,0.0,0.0,0.1826,0.0,0.1826,0.0,0.1826,0.2582,0.0,0.0,0.1826,0.0,,-1,-1,2.8292
1786549667.7236,2026-08-12 17:47:47.723,,0,0,-0.04065,-0.4959,0.07971,-1.8801,9.3957,-29.9147,-0.0635,0.0878,-0.5652,4.69055,0.0,0.1826,0.0,0.1826,0.0,0.2582,0.0,0.0,0.0,0.0,0.2582,0.0,0.1826,0.0,0.2582,0.2582,0.0,0.0,0.2582,0.0,,-1,-1,2.753
1786549667.7737,2026-08-12 17:47:47.773,,0,0,-0.04066,-0.4959,0.07971,-2.1167,9.3305,-30.1601,-0.0624,0.0799,-0.5648,4.69306,0.0,0.1826,0.0,0.1826,0.0,0.2582,0.0,0.0,0.0,0.0,0.2582,0.0,0.1826,0.0,0.2582,0.2582,0.0,0.0,0.2582,0.0,,-1,-1,2.7306
1786549667.8238,2026-08-12 17:47:47.823,,0,0,-0.04064,-0.49591,0.07971,-2.2422,9.6102,-29.9026,-0.0701,0.075,-0.5659,4.68375,0.0,0.1826,0.0,0.0,0.0,0.0,0.0,0.0,0.0,0.0,0.1826,0.0,0.0,0.0,0.2582,0.0,0.0,0.0,0.3162,0.0,,-1,-1,2.8135
1786549667.8739,2026-08-12 17:47:47.873,,0,0,-0.04063,-0.4959,0.07969,-2.1768,9.6655,-29.804,-0.0707,0.0787,-0.5681,4.69407,0.0,0.1826,0.0,0.0,0.0,0.0,0.0,0.0,0.0,0.0,0.1826,0.0,0.0,0.0,0.2582,0.0,0.0,0.0,0.3162,0.0,,-1,-1,2.7217
1786549667.924,2026-08-12 17:47:47.924,,0,0,-0.04065,-0.49591,0.07971,-2.2027,9.4147,-29.9967,-0.06,0.079,-0.5642,4.68702,0.0,0.0,0.0,0.1826,0.0,0.1826,0.0,0.0,0.0,0.2582,0.0,0.0,0.0,0.0,0.3651,0.1826,0.0,0.0,0.3651,0.0,,-1,-1,2.7844
1786549667.9741,2026-08-12 17:47:47.974,,0,0,-0.04065,-0.49591,0.07971,-2.0808,9.453,-29.7798,-0.0646,0.0799,-0.5684,4.68602,0.2582,0.1826,0.0,0.0,0.0,0.1826,0.0,0.0,0.1826,0.2582,0.1826,0.0,0.0,0.0,0.3162,0.2582,0.0,0.0,0.2582,0.0,,-1,-1,2.7933
1786549668.0242,2026-08-12 17:47:48.024,,0,0,-0.04065,-0.4959,0.07971,-2.2312,9.3723,-29.9974,-0.0625,0.0764,-0.5654,4.69181,0.2582,0.1826,0.0,0.0,0.0,0.1826,0.0,0.0,0.1826,0.2582,0.1826,0.0,0.0,0.0,0.3162,0.2582,0.0,0.0,0.2582,0.0,,-1,-1,2.7418
1786549668.0743,2026-08-12 17:47:48.074,,0,0,-0.04064,-0.4959,0.07969,-2.2648,9.5851,-29.8306,-0.0694,0.0754,-0.5646,4.68702,0.1826,0.0,0.0,0.0,0.1826,0.0,0.1826,0.0,0.0,0.0,0.1826,0.0,0.0,0.0,0.2582,0.2582,0.0,0.0,0.2582,0.0,,-1,-1,2.7844
1786549668.1245,2026-08-12 17:47:48.124,,0,0,-0.04064,-0.4959,0.07971,-2.199,9.5963,-29.991,-0.0712,0.0773,-0.5598,4.68753,0.1826,0.0,0.0,0.0,0.1826,0.0,0.1826,0.0,0.0,0.0,0.1826,0.0,0.0,0.0,0.2582,0.2582,0.0,0.0,0.2582,0.0,,-1,-1,2.7799
1786549668.1746,2026-08-12 17:47:48.174,8,0,0,-0.0407,-0.49593,0.07955,-2.3512,9.6084,-30.0032,-0.067,0.0658,-0.5943,4.69155,0.0,0.0,0.0,0.0,0.0,0.0,0.0,0.0,0.0,0.0,0.0,0.0,0.0,0.0,0.2582,0.1826,0.0,0.0,0.2582,1.0,locate,0,0,2.7441
1786549668.2246,2026-08-12 17:47:48.224,8,0,0,-0.04111,-0.49598,0.07882,-2.4469,9.3032,-29.9839,-0.0569,0.0667,-0.8501,4.68979,0.1826,0.0,0.0,0.0,0.0,0.0,0.0,0.0,0.0,0.0,0.0,0.0,0.0,0.0,0.1826,0.2582,0.0,0.0,0.0,1.0,locate,0,0,2.7597
1786549668.2747,2026-08-12 17:47:48.274,8,0,0,-0.04183,-0.49611,0.07744,-2.5956,9.881,-30.9432,-0.0741,0.0607,-1.1783,4.69155,0.1826,0.0,0.0,0.0,0.0,0.0,0.0,0.0,0.0,0.0,0.0,0.0,0.0,0.0,0.1826,0.2582,0.0,0.0,0.0,1.0,locate,0,0,2.7441
1786549668.3248,2026-08-12 17:47:48.324,8,0,0,-0.04287,-0.49628,0.07536,-2.6173,9.5784,-30.5096,-0.0624,0.0485,-0.8431,4.67972,0.0,0.0,0.0,0.0,0.0,0.0,0.0,0.0,0.0,0.0,0.0,0.0,0.0,0.0,0.3162,0.0,0.0,0.0,0.1826,1.0,locate,0,0,2.8493
1786549668.3749,2026-08-12 17:47:48.374,8,0,0,-0.04406,-0.49643,0.07303,-2.5897,9.4157,-30.525,-0.0579,0.0517,-0.8168,4.69281,0.0,0.0,0.0,0.0,0.0,0.0,0.0,0.0,0.0,0.0,0.0,0.0,0.0,0.0,0.3162,0.0,0.0,0.0,0.1826,1.0,locate,0,0,2.7329
1786549668.425,2026-08-12 17:47:48.424,8,0,0,-0.04526,-0.49663,0.0708,-2.7118,9.4554,-30.4017,-0.0579,0.0452,-0.807,4.684,0.2582,0.0,0.0,0.0,0.0,0.0,0.0,0.0,0.0,0.2582,0.0,0.0,0.1826,0.0,0.3162,0.2582,0.0,0.0,0.2582,1.0,locate,0,0,2.8113
1786549668.4755,2026-08-12 17:47:48.475,8,0,0,-0.04642,-0.49683,0.06861,-2.8614,9.6728,-30.3907,-0.0607,0.0441,-0.796,4.68576,0.2582,0.1826,0.0,0.0,0.0,0.2582,0.1826,0.0,0.0,0.1826,0.2582,0.0,0.0,0.0,0.3651,0.3651,0.1826,0.0,0.2582,1.0,locate,0,0,2.7956
1786549668.5256,2026-08-12 17:47:48.525,8,0,0,-0.04763,-0.49704,0.06639,-2.8142,9.4018,-30.218,-0.0567,0.0442,-0.786,4.69181,0.2582,0.1826,0.0,0.0,0.0,0.2582,0.1826,0.0,0.0,0.1826,0.2582,0.0,0.0,0.0,0.3651,0.3651,0.1826,0.0,0.2582,1.0,locate,0,0,2.7418
1786549668.5757,2026-08-12 17:47:48.575,8,0,0,-0.04877,-0.49724,0.06422,-2.6519,9.432,-30.0711,-0.0569,0.0477,-0.7779,4.68425,0.1826,0.1826,0.0,0.0,0.0,0.1826,0.0,0.0,0.0,0.2582,0.1826,0.0,0.1826,0.0,0.2582,0.2582,0.1826,0.0,0.2582,1.0,locate,0,0,2.809
1786549668.626,2026-08-12 17:47:48.625,8,0,0,-0.04989,-0.49743,0.06195,-2.7485,9.8073,-29.9927,-0.0661,0.0446,-0.7851,4.6908,0.1826,0.1826,0.0,0.0,0.0,0.1826,0.0,0.0,0.0,0.2582,0.1826,0.0,0.1826,0.0,0.2582,0.2582,0.1826,0.0,0.2582,1.0,locate,0,0,2.7508
1786549668.6761,2026-08-12 17:47:48.676,8,0,0,-0.05103,-0.4976,0.05968,-2.9697,9.6987,-30.1723,-0.0642,0.0413,-0.7785,4.68425,0.1826,0.1826,0.0,0.0,0.0,0.1826,0.0,0.1826,0.0,0.1826,0.3162,0.0,0.1826,0.0,0.0,0.2582,0.1826,0.0,0.2582,1.0,locate,0,0,2.809
1786549668.7262,2026-08-12 17:47:48.726,8,0,0,-0.05215,-0.49777,0.05746,-2.6008,9.6395,-30.1475,-0.0579,0.0506,-0.7745,4.68979,0.1826,0.1826,0.0,0.0,0.0,0.1826,0.0,0.1826,0.0,0.1826,0.3162,0.0,0.1826,0.0,0.0,0.2582,0.1826,0.0,0.2582,1.0,locate,0,0,2.7597
1786549668.7763,2026-08-12 17:47:48.776,8,0,0,-0.05331,-0.49796,0.0553,-2.7108,9.3451,-30.1602,-0.0562,0.0497,-0.7738,4.68174,0.0,0.1826,0.0,0.0,0.0,0.1826,0.0,0.0,0.0,0.1826,0.1826,0.0,0.1826,0.0,0.3162,0.2582,0.0,0.0,0.1826,1.0,locate,0,0,2.8314
1786549668.8265,2026-08-12 17:47:48.826,8,0,0,-0.05446,-0.49815,0.05313,-2.5469,9.3915,-30.2795,-0.0567,0.0564,-0.7661,4.6903,0.2582,0.1826,0.0,0.0,0.0,0.3162,0.1826,0.1826,0.0,0.2582,0.2582,0.0,0.0,0.0,0.4082,0.2582,0.1826,0.0,0.3651,1.0,locate,0,0,2.7553
1786549668.8766,2026-08-12 17:47:48.876,8,0,0,-0.05539,-0.49828,0.05133,-2.5743,9.4873,-30.3024,-0.0585,0.0519,-0.7646,4.69508,0.2582,0.1826,0.0,0.0,0.0,0.3162,0.1826,0.1826,0.0,0.2582,0.2582,0.0,0.0,0.0,0.4082,0.2582,0.1826,0.0,0.3651,1.0,locate,0,0,2.7127
1786549668.9266,2026-08-12 17:47:48.926,8,0,0,-0.05597,-0.49832,0.05012,-3.1064,9.6224,-30.2189,-0.0634,0.042,-0.7681,4.6913,0.2582,0.3162,0.0,0.0,0.1826,0.2582,0.1826,0.1826,0.1826,0.1826,0.3162,0.0,0.1826,0.0,0.2582,0.3651,0.0,0.0,0.2582,1.0,locate,0,0,2.7463
1786549668.9767,2026-08-12 17:47:48.976,8,0,0,-0.05615,-0.49832,0.04961,-2.4467,9.453,-30.2906,-0.059,0.0548,-0.7476,4.68929,0.2582,0.3162,0.0,0.0,0.1826,0.2582,0.1826,0.1826,0.1826,0.1826,0.3162,0.0,0.1826,0.0,0.2582,0.3651,0.0,0.0,0.2582,1.0,locate,0,0,2.7642
1786549669.0269,2026-08-12 17:47:49.026,8,0,0,-0.05616,-0.49833,0.04967,-2.5693,9.167,-30.1489,-0.0522,0.0503,-0.7478,4.68753,0.0,0.1826,0.0,0.0,0.0,0.2582,0.1826,0.0,0.0,0.1826,0.3162,0.0,0.0,0.0,0.3651,0.3651,0.1826,0.0,0.2582,1.0,locate,0,0,2.7799
1786549669.077,2026-08-12 17:47:49.076,8,0,0,-0.05618,-0.49836,0.04968,-2.6664,9.7831,-30.2871,-0.0642,0.0526,-0.7425,4.68627,0.1826,0.1826,0.0,0.0,0.1826,0.0,0.2582,0.0,0.0,0.3162,0.2582,0.2582,0.1826,0.0,0.4082,0.3162,0.1826,0.0,0.4472,1.0,locate,0,0,2.7911
1786549669.1271,2026-08-12 17:47:49.127,8,0,0,-0.0562,-0.49841,0.04971,-2.384,9.4257,-30.3251,-0.0578,0.0581,-0.747,4.67569,0.1826,0.1826,0.0,0.0,0.1826,0.0,0.2582,0.0,0.0,0.3162,0.2582,0.2582,0.1826,0.0,0.4082,0.3162,0.1826,0.0,0.4472,1.0,locate,0,0,2.8852
1786549669.1772,2026-08-12 17:47:49.177,8,0,0,-0.05619,-0.49842,0.04972,-2.5397,9.621,-30.1927,-0.0607,0.0544,-0.7468,4.69332,0.2582,0.1826,0.0,0.0,0.2582,0.2582,0.2582,0.1826,0.0,0.3162,0.3162,0.1826,0.1826,0.0,0.4472,0.3162,0.2582,0.0,0.4082,1.0,locate,0,0,2.7284
1786549669.2272,2026-08-12 17:47:49.227,8,0,0,-0.0562,-0.49842,0.04972,-2.4444,9.5357,-30.1783,-0.0587,0.0542,-0.7422,4.67695,0.2582,0.1826,0.0,0.0,0.2582,0.2582,0.2582,0.1826,0.0,0.3162,0.3162,0.1826,0.1826,0.0,0.4472,0.3162,0.2582,0.0,0.4082,1.0,locate,0,0,2.874
1786549669.2774,2026-08-12 17:47:49.277,8,0,0,-0.05622,-0.49841,0.04972,-2.7739,9.6639,-30.1736,-0.0675,0.0466,-0.7399,4.67595,0.2582,0.1826,0.0,0.0,0.3162,0.2582,0.1826,0.1826,0.0,0.2582,0.3162,0.0,0.2582,0.0,0.3651,0.4082,0.1826,0.0,0.4082,1.0,locate,0,0,2.8829
1786549669.3275,2026-08-12 17:47:49.327,8,0,0,-0.05623,-0.49841,0.04971,-2.6787,9.7387,-30.3294,-0.0665,0.0487,-0.744,4.69004,0.2582,0.1826,0.0,0.0,0.3162,0.2582,0.1826,0.1826,0.0,0.2582,0.3162,0.0,0.2582,0.0,0.3651,0.4082,0.1826,0.0,0.4082,1.0,locate,0,0,2.7575
1786549669.3776,2026-08-12 17:47:49.377,8,0,0,-0.05623,-0.49842,0.04972,-2.2715,9.0951,-30.2182,-0.0493,0.0571,-0.7443,4.68576,0.2582,0.2582,0.1826,0.0,0.0,0.3162,0.1826,0.1826,0.0,0.2582,0.3162,0.0,0.2582,0.0,0.3162,0.3651,0.2582,0.2582,0.3651,1.0,locate,0,0,2.7956
1786549669.4276,2026-08-12 17:47:49.427,8,0,0,-0.05624,-0.49842,0.04972,-2.7339,9.5377,-30.2761,-0.0603,0.0482,-0.7415,4.68249,0.0,0.1826,0.0,0.1826,0.0,0.2582,0.0,0.0,0.0,0.1826,0.2582,0.0,0.1826,0.0,0.4082,0.3162,0.0,0.0,0.3651,1.0,locate,0,0,2.8247
1786549669.4777,2026-08-12 17:47:49.477,8,0,0,-0.05624,-0.49841,0.04971,-2.5443,9.8359,-30.2492,-0.0693,0.0536,-0.7413,4.69206,0.0,0.1826,0.0,0.1826,0.0,0.2582,0.0,0.0,0.0,0.1826,0.2582,0.0,0.1826,0.0,0.4082,0.3162,0.0,0.0,0.3651,1.0,locate,0,0,2.7396
1786549669.5278,2026-08-12 17:47:49.527,8,0,0,-0.05623,-0.49841,0.0497,-2.3178,9.4236,-30.2417,-0.0588,0.0606,-0.735,4.68803,0.0,0.0,0.0,0.0,0.0,0.3162,0.1826,0.0,0.0,0.2582,0.3651,0.0,0.0,0.0,0.3162,0.4082,0.1826,0.0,0.3162,1.0,locate,0,0,2.7754
1786549669.5779,2026-08-12 17:47:49.577,8,0,0,-0.05625,-0.49841,0.04972,-2.3358,9.4824,-30.1796,-0.0573,0.0583,-0.7382,4.68551,0.0,0.0,0.0,0.0,0.0,0.3162,0.1826,0.0,0.0,0.2582,0.3651,0.0,0.0,0.0,0.3162,0.4082,0.1826,0.0,0.3162,1.0,locate,0,0,2.7978
1786549669.628,2026-08-12 17:47:49.628,8,0,0,-0.05625,-0.49841,0.04971,-2.5703,9.3955,-30.1338,-0.0563,0.0557,-0.742,4.68904,0.1826,0.2582,0.0,0.0,0.1826,0.2582,0.1826,0.0,0.0,0.3162,0.3162,0.0,0.1826,0.0,0.3162,0.3651,0.1826,0.0,0.4472,1.0,locate,0,0,2.7665
1786549669.6781,2026-08-12 17:47:49.678,8,0,0,-0.05622,-0.49841,0.04971,-2.4807,9.3597,-30.4312,-0.057,0.0548,-0.7378,4.67947,0.3162,0.1826,0.0,0.0,0.2582,0.2582,0.1826,0.0,0.0,0.2582,0.2582,0.0,0.1826,0.1826,0.4082,0.3162,0.1826,0.1826,0.3651,1.0,locate,0,0,2.8516
1786549669.7282,2026-08-12 17:47:49.728,8,0,0,-0.05623,-0.49841,0.04971,-2.5939,9.6226,-30.2073,-0.0636,0.0526,-0.7399,4.6903,0.3162,0.1826,0.0,0.0,0.2582,0.2582,0.1826,0.0,0.0,0.2582,0.2582,0.0,0.1826,0.1826,0.4082,0.3162,0.1826,0.1826,0.3651,1.0,locate,0,0,2.7553
1786549669.7783,2026-08-12 17:47:49.778,8,0,0,-0.05624,-0.49841,0.0497,-2.5087,9.6361,-30.4168,-0.063,0.0549,-0.7379,4.69206,0.1826,0.1826,0.0,0.1826,0.0,0.2582,0.2582,0.0,0.0,0.2582,0.2582,0.0,0.1826,0.0,0.3651,0.4082,0.1826,0.1826,0.3651,1.0,locate,0,0,2.7396
1786549669.8285,2026-08-12 17:47:49.828,8,0,0,-0.05623,-0.49841,0.04971,-2.1228,9.4167,-30.1761,-0.0576,0.0638,-0.7319,4.68753,0.1826,0.1826,0.0,0.1826,0.0,0.2582,0.2582,0.0,0.0,0.2582,0.2582,0.0,0.1826,0.0,0.3651,0.4082,0.1826,0.1826,0.3651,1.0,locate,0,0,2.7799
1786549669.8786,2026-08-12 17:47:49.878,8,0,0,-0.05624,-0.49841,0.04971,-2.3358,9.3205,-30.2328,-0.0566,0.06,-0.7263,4.68677,0.2582,0.1826,0.2582,0.0,0.0,0.1826,0.1826,0.0,0.0,0.3162,0.2582,0.0,0.1826,0.0,0.4082,0.3162,0.2582,0.0,0.4472,1.0,locate,0,0,2.7866
1786549669.9287,2026-08-12 17:47:49.928,8,0,0,-0.05625,-0.49841,0.04972,-2.9969,9.795,-30.0787,-0.0679,0.046,-0.741,4.684,0.2582,0.2582,0.0,0.0,0.3162,0.3162,0.0,0.0,0.0,0.2582,0.3162,0.0,0.1826,0.0,0.4082,0.3651,0.1826,0.0,0.4472,1.0,locate,0,0,2.8113
1786549669.9788,2026-08-12 17:47:49.978,8,0,0,-0.05623,-0.49842,0.04972,-2.7408,9.3028,-30.1549,-0.0599,0.0467,-0.734,4.68803,0.2582,0.2582,0.0,0.0,0.3162,0.3162,0.0,0.0,0.0,0.2582,0.3162,0.0,0.1826,0.0,0.4082,0.3651,0.1826,0.0,0.4472,1.0,locate,0,0,2.7754
1786549670.0289,2026-08-12 17:47:50.028,8,0,0,-0.05624,-0.49842,0.04973,-2.2033,9.3445,-30.2385,-0.0593,0.0618,-0.7299,4.68375,0.3162,0.3162,0.0,0.0,0.2582,0.1826,0.2582,0.1826,0.0,0.2582,0.2582,0.1826,0.0,0.0,0.3651,0.3162,0.1826,0.1826,0.3162,1.0,locate,0,0,2.8135
1786549670.079,2026-08-12 17:47:50.079,8,0,0,-0.05622,-0.49842,0.04972,-2.6016,9.7455,-30.1858,-0.0669,0.0472,-0.7328,4.69306,0.3162,0.3162,0.0,0.0,0.2582,0.1826,0.2582,0.1826,0.0,0.2582,0.2582,0.1826,0.0,0.0,0.3651,0.3162,0.1826,0.1826,0.3162,1.0,locate,0,0,2.7306
1786549670.1292,2026-08-12 17:47:50.129,8,0,0,-0.05624,-0.49841,0.04971,-2.3858,9.7259,-30.117,-0.0636,0.0564,-0.736,4.68199,0.1826,0.2582,0.1826,0.0,0.2582,0.3651,0.2582,0.1826,0.0,0.3162,0.3651,0.1826,0.1826,0.0,0.4082,0.483,0.2582,0.0,0.4472,1.0,locate,0,0,2.8292
1786549670.1793,2026-08-12 17:47:50.179,8,0,0,-0.05623,-0.49842,0.04972,-2.573,9.395,-30.2302,-0.0612,0.0569,-0.7346,4.69432,0.1826,0.2582,0.1826,0.0,0.2582,0.3651,0.2582,0.1826,0.0,0.3162,0.3651,0.1826,0.1826,0.0,0.4082,0.483,0.2582,0.0,0.4472,1.0,locate,0,0,2.7194
1786549670.2294,2026-08-12 17:47:50.229,8,0,0,-0.05625,-0.49841,0.04971,-2.3873,9.4956,-30.2055,-0.0629,0.0578,-0.7336,4.68249,0.3162,0.3651,0.1826,0.0,0.3651,0.2582,0.2582,0.2582,0.0,0.3651,0.3162,0.2582,0.3162,0.0,0.4082,0.3651,0.2582,0.0,0.4082,1.0,locate,0,0,2.8247
1786549670.2796,2026-08-12 17:47:50.279,8,0,0,-0.05623,-0.49842,0.04972,-2.7091,9.8988,-30.111,-0.0704,0.049,-0.7319,4.68904,0.2582,0.1826,0.0,0.1826,0.2582,0.3162,0.2582,0.1826,0.0,0.3651,0.3162,0.0,0.1826,0.0,0.4082,0.3651,0.1826,0.0,0.4082,1.0,locate,0,0,2.7665
1786549670.3297,2026-08-12 17:47:50.329,8,0,0,-0.05622,-0.49842,0.04972,-2.6138,9.6126,-30.1606,-0.0675,0.0525,-0.7326,4.6845,0.2582,0.1826,0.0,0.1826,0.2582,0.3162,0.2582,0.1826,0.0,0.3651,0.3162,0.0,0.1826,0.0,0.4082,0.3651,0.1826,0.0,0.4082,1.0,locate,0,0,2.8068
1786549670.3798,2026-08-12 17:47:50.379,8,0,0,-0.05621,-0.49841,0.0497,-2.1547,9.4972,-30.2355,-0.0586,0.0638,-0.7198,4.68199,0.3162,0.2582,0.1826,0.0,0.2582,0.1826,0.2582,0.0,0.0,0.2582,0.3162,0.1826,0.1826,0.0,0.4082,0.3651,0.2582,0.0,0.4472,1.0,locate,0,0,2.8292
1786549670.4298,2026-08-12 17:47:50.429,8,0,0,-0.05623,-0.49841,0.0497,-2.3365,9.6597,-30.3083,-0.0675,0.0607,-0.7274,4.68929,0.3162,0.2582,0.1826,0.0,0.2582,0.1826,0.2582,0.0,0.0,0.2582,0.3162,0.1826,0.1826,0.0,0.4082,0.3651,0.2582,0.0,0.4472,1.0,locate,0,0,2.7642
1786549670.48,2026-08-12 17:47:50.479,8,0,0,-0.05623,-0.49841,0.04971,-2.5063,9.3934,-30.1689,-0.0601,0.0582,-0.7321,4.67771,0.3162,0.1826,0.1826,0.0,0.2582,0.3162,0.2582,0.2582,0.0,0.2582,0.3651,0.1826,0.2582,0.1826,0.2582,0.4082,0.2582,0.2582,0.3651,1.0,locate,0,0,2.8673
1786549670.5301,2026-08-12 17:47:50.530,8,0,0,-0.05622,-0.49841,0.0497,-2.665,9.593,-30.1908,-0.0644,0.0498,-0.7252,4.69281,0.1826,0.3162,0.0,0.0,0.0,0.1826,0.0,0.3162,0.1826,0.3162,0.3162,0.0,0.3651,0.0,0.3651,0.3162,0.0,0.1826,0.3651,1.0,locate,0,0,2.7329
1786549670.5802,2026-08-12 17:47:50.580,8,0,0,-0.05623,-0.4984,0.0497,-2.4878,9.4801,-30.2553,-0.0579,0.056,-0.7296,4.67922,0.1826,0.3162,0.0,0.0,0.0,0.1826,0.0,0.3162,0.1826,0.3162,0.3162,0.0,0.3651,0.0,0.3651,0.3162,0.0,0.1826,0.3651,1.0,locate,0,0,2.8538
1786549670.6303,2026-08-12 17:47:50.630,8,0,0,-0.05625,-0.49841,0.04971,-2.751,9.9641,-30.2027,-0.0694,0.0486,-0.7278,4.69206,0.3162,0.1826,0.1826,0.1826,0.3162,0.2582,0.2582,0.0,0.1826,0.0,0.3162,0.1826,0.1826,0.0,0.3162,0.3162,0.2582,0.0,0.3162,1.0,locate,0,0,2.7396
1786549670.6804,2026-08-12 17:47:50.680,8,0,0,-0.05623,-0.49841,0.04971,-2.8351,9.6141,-30.1362,-0.0623,0.0475,-0.7345,4.68148,0.3162,0.1826,0.1826,0.1826,0.3162,0.2582,0.2582,0.0,0.1826,0.0,0.3162,0.1826,0.1826,0.0,0.3162,0.3162,0.2582,0.0,0.3162,1.0,locate,0,0,2.8337
1786549670.7305,2026-08-12 17:47:50.730,8,0,0,-0.05623,-0.49841,0.0497,-2.6457,9.9094,-30.0698,-0.0719,0.0497,-0.728,4.69181,0.2582,0.2582,0.1826,0.0,0.0,0.3162,0.3162,0.1826,0.0,0.0,0.3162,0.3162,0.2582,0.1826,0.3162,0.3651,0.3162,0.1826,0.3651,1.0,locate,0,0,2.7418
1786549670.7806,2026-08-12 17:47:50.780,8,0,0,-0.05623,-0.49841,0.04972,-2.2891,9.6546,-30.347,-0.0648,0.0611,-0.7272,4.6835,0.0,0.2582,0.0,0.1826,0.1826,0.2582,0.1826,0.1826,0.1826,0.2582,0.3162,0.0,0.1826,0.1826,0.3651,0.4472,0.1826,0.1826,0.3162,1.0,locate,0,0,2.8157
1786549670.8307,2026-08-12 17:47:50.830,8,0,0,-0.05624,-0.49841,0.0497,-2.563,9.6275,-30.2305,-0.0657,0.0539,-0.7239,4.68879,0.0,0.2582,0.0,0.1826,0.1826,0.2582,0.1826,0.1826,0.1826,0.2582,0.3162,0.0,0.1826,0.1826,0.3651,0.4472,0.1826,0.1826,0.3162,1.0,locate,0,0,2.7687
1786549670.8808,2026-08-12 17:47:50.880,8,0,0,-0.05624,-0.49841,0.04971,-2.6774,9.7574,-30.1182,-0.0659,0.0523,-0.7247,4.68602,0.1826,0.1826,0.0,0.1826,0.2582,0.3162,0.2582,0.0,0.1826,0.3162,0.3162,0.0,0.1826,0.0,0.3651,0.4082,0.2582,0.0,0.4472,1.0,locate,0,0,2.7933
1786549670.9309,2026-08-12 17:47:50.930,8,0,0,-0.05623,-0.49841,0.04971,-2.5369,9.4722,-30.2867,-0.0579,0.0547,-0.7236,4.68727,0.1826,0.1826,0.0,0.1826,0.2582,0.3162,0.2582,0.0,0.1826,0.3162,0.3162,0.0,0.1826,0.0,0.3651,0.4082,0.2582,0.0,0.4472,1.0,locate,0,0,2.7821
1786549670.9811,2026-08-12 17:47:50.981,8,0,0,-0.05624,-0.49841,0.04972,-2.7864,9.7037,-29.9499,-0.0672,0.0502,-0.7261,4.6908,0.3651,0.2582,0.0,0.0,0.2582,0.3651,0.2582,0.2582,0.0,0.2582,0.4472,0.1826,0.1826,0.0,0.3162,0.4472,0.2582,0.1826,0.3162,1.0,locate,0,0,2.7508
1786549671.0312,2026-08-12 17:47:51.031,8,1,0,-0.05625,-0.49842,0.04972,-2.9326,9.7503,-30.0745,-0.0662,0.0459,-0.7291,4.68375,0.3651,0.2582,0.0,0.0,0.2582,0.3651,0.2582,0.2582,0.0,0.2582,0.4472,0.1826,0.1826,0.0,0.3162,0.4472,0.2582,0.1826,0.3162,1.0,press,0,0,2.8135
1786549671.0812,2026-08-12 17:47:51.081,8,1,0,-0.05623,-0.4984,0.0497,-2.7101,9.507,-30.0401,-0.063,0.0506,-0.7311,4.69281,0.1826,0.3162,0.1826,0.0,0.0,0.3162,0.2582,0.1826,0.0,0.1826,0.3651,0.0,0.2582,0.1826,0.3162,0.483,0.2582,0.1826,0.3162,1.0,press,0,0,2.7329
1786549671.1314,2026-08-12 17:47:51.131,8,1,0,-0.05624,-0.49841,0.04971,-2.5682,9.3209,-30.1923,-0.0594,0.0529,-0.7251,4.6903,0.1826,0.3162,0.0,0.0,0.1826,0.2582,0.1826,0.0,0.0,0.2582,0.3651,0.1826,0.3162,0.0,0.2582,0.483,0.1826,0.0,0.4082,1.0,press,0,0,2.7553
1786549671.1814,2026-08-12 17:47:51.181,8,1,0,-0.05623,-0.49841,0.0497,-2.394,9.5945,-30.1791,-0.0607,0.0608,-0.724,4.68727,0.1826,0.3162,0.0,0.0,0.1826,0.2582,0.1826,0.0,0.0,0.2582,0.3651,0.1826,0.3162,0.0,0.2582,0.483,0.1826,0.0,0.4082,1.0,press,0,0,2.7821
1786549671.2316,2026-08-12 17:47:51.231,8,1,0,-0.05625,-0.49842,0.04972,-2.6842,9.5601,-30.2889,-0.0628,0.0501,-0.7154,4.68627,0.0,0.2582,0.0,0.0,0.0,0.3162,0.1826,0.1826,0.0,0.2582,0.3651,0.1826,0.1826,0.0,0.3651,0.4472,0.2582,0.0,0.3651,1.0,press,0,0,2.7911
1786549671.2817,2026-08-12 17:47:51.281,8,1,0,-0.05624,-0.49842,0.04969,-2.4363,9.5278,-30.2502,-0.0612,0.0564,-0.7173,4.68828,0.0,0.2582,0.0,0.0,0.0,0.3162,0.1826,0.1826,0.0,0.2582,0.3651,0.1826,0.1826,0.0,0.3651,0.4472,0.2582,0.0,0.3651,1.0,press,0,0,2.7732
1786549671.3318,2026-08-12 17:47:51.331,8,1,0,-0.05623,-0.49842,0.04965,-2.4488,9.7308,-30.2596,-0.0673,0.0582,-0.7232,4.69231,0.1826,0.3162,0.0,0.0,0.1826,0.2582,0.1826,0.0,0.0,0.3162,0.2582,0.0,0.1826,0.0,0.3651,0.4082,0.0,0.0,0.3651,1.0,press,0,0,2.7373
1786549671.382,2026-08-12 17:47:51.381,8,1,0,-0.05624,-0.49842,0.04963,-2.5605,9.4384,-30.2777,-0.0591,0.0544,-0.7264,4.68602,0.0,0.1826,0.0,0.0,0.0,0.2582,0.2582,0.1826,0.1826,0.3162,0.3162,0.0,0.2582,0.0,0.3162,0.4082,0.1826,0.1826,0.2582,1.0,press,0,0,2.7933
1786549671.432,2026-08-12 17:47:51.432,8,1,0,-0.05623,-0.49841,0.04958,-2.4892,9.6261,-30.3303,-0.0644,0.0582,-0.723,4.6835,0.0,0.1826,0.0,0.0,0.0,0.2582,0.2582,0.1826,0.1826,0.3162,0.3162,0.0,0.2582,0.0,0.3162,0.4082,0.1826,0.1826,0.2582,1.0,press,0,0,2.8157
1786549671.4821,2026-08-12 17:47:51.482,8,1,0,-0.05624,-0.49843,0.04959,-2.6339,9.6067,-30.0962,-0.0634,0.0546,-0.7243,4.684,0.1826,0.1826,0.0,0.0,0.0,0.3162,0.1826,0.1826,0.0,0.1826,0.4472,0.0,0.1826,0.0,0.2582,0.4472,0.1826,0.0,0.3162,1.0,press,0,0,2.8113
1786549671.5322,2026-08-12 17:47:51.532,8,1,0,-0.05626,-0.49843,0.04955,-2.5183,9.3542,-30.1851,-0.0589,0.0581,-0.7183,4.68979,0.1826,0.1826,0.0,0.0,0.0,0.3162,0.1826,0.1826,0.0,0.1826,0.4472,0.0,0.1826,0.0,0.2582,0.4472,0.1826,0.0,0.3162,1.0,press,0,0,2.7597
1786549671.5823,2026-08-12 17:47:51.582,8,1,0,-0.05626,-0.49842,0.0495,-2.8792,9.6857,-30.0897,-0.066,0.0447,-0.7201,4.67947,0.2582,0.3651,0.0,0.0,0.0,0.3162,0.1826,0.1826,0.0,0.2582,0.3162,0.0,0.2582,0.0,0.3651,0.4082,0.0,0.0,0.4082,1.0,press,0,0,2.8516
1786549671.6323,2026-08-12 17:47:51.632,8,1,0,-0.05625,-0.49842,0.04948,-2.2767,9.1539,-30.129,-0.0549,0.0612,-0.7194,4.68199,0.2582,0.3162,0.1826,0.0,0.1826,0.3162,0.2582,0.0,0.0,0.2582,0.3162,0.0,0.0,0.1826,0.3651,0.4472,0.2582,0.0,0.4082,1.0,press,0,0,2.8292
1786549671.6824,2026-08-12 17:47:51.682,8,1,0,-0.05623,-0.49841,0.04942,-2.5899,9.4784,-30.1349,-0.0616,0.0542,-0.7209,4.6845,0.2582,0.3162,0.1826,0.0,0.1826,0.3162,0.2582,0.0,0.0,0.2582,0.3162,0.0,0.0,0.1826,0.3651,0.4472,0.2582,0.0,0.4082,1.0,press,0,0,2.8068
1786549671.7325,2026-08-12 17:47:51.732,8,1,0,-0.05622,-0.49842,0.04939,-2.6045,9.5698,-30.0622,-0.0649,0.0567,-0.7243,4.68677,0.0,0.2582,0.0,0.2582,0.1826,0.3162,0.2582,0.2582,0.1826,0.2582,0.3162,0.1826,0.2582,0.0,0.4082,0.3651,0.3162,0.0,0.4082,1.0,press,0,0,2.7866
1786549671.7825,2026-08-12 17:47:51.782,8,1,0,-0.05624,-0.49842,0.04935,-2.3749,9.3737,-30.0312,-0.0605,0.0602,-0.718,4.68979,0.0,0.2582,0.0,0.2582,0.1826,0.3162,0.2582,0.2582,0.1826,0.2582,0.3162,0.1826,0.2582,0.0,0.4082,0.3651,0.3162,0.0,0.4082,1.0,press,0,0,2.7597
1786549671.8326,2026-08-12 17:47:51.832,8,1,0,-0.05624,-0.49844,0.04935,-2.7359,9.8434,-30.0304,-0.0727,0.0503,-0.7232,4.68199,0.1826,0.2582,0.1826,0.0,0.2582,0.3162,0.2582,0.0,0.0,0.1826,0.3651,0.0,0.0,0.0,0.1826,0.4082,0.3162,0.0,0.2582,1.0,press,0,0,2.8292
1786549671.8827,2026-08-12 17:47:51.882,8,1,0,-0.05623,-0.49842,0.04929,-2.654,9.8673,-29.8915,-0.074,0.0522,-0.7168,4.68123,0.1826,0.2582,0.1826,0.0,0.2582,0.3162,0.2582,0.0,0.0,0.1826,0.3651,0.0,0.0,0.0,0.1826,0.4082,0.3162,0.0,0.2582,1.0,press,0,0,2.8359
1786549671.9327,2026-08-12 17:47:51.932,8,1,0,-0.05623,-0.49841,0.04926,-2.9297,9.8885,-30.0101,-0.0713,0.0476,-0.7261,4.69206,0.0,0.2582,0.1826,0.0,0.0,0.3651,0.1826,0.1826,0.0,0.1826,0.3651,0.0,0.2582,0.0,0.3651,0.4472,0.1826,0.0,0.4082,1.0,press,0,0,2.7396
1786549671.9828,2026-08-12 17:47:51.982,8,1,0,-0.05623,-0.49842,0.04923,-2.402,9.6108,-30.0518,-0.0666,0.0567,-0.7146,4.68727,0.1826,0.2582,0.0,0.0,0.0,0.3162,0.2582,0.1826,0.0,0.1826,0.3651,0.1826,0.1826,0.0,0.2582,0.4472,0.2582,0.0,0.3162,1.0,press,0,0,2.7821
1786549672.0329,2026-08-12 17:47:52.032,8,1,0,-0.05625,-0.49842,0.04918,-2.3107,9.8482,-30.3018,-0.0711,0.059,-0.7191,4.69105,0.1826,0.2582,0.0,0.0,0.0,0.3162,0.2582,0.1826,0.0,0.1826,0.3651,0.1826,0.1826,0.0,0.2582,0.4472,0.2582,0.0,0.3162,1.0,press,0,0,2.7485
1786549672.0829,2026-08-12 17:47:52.082,8,1,0,-0.05622,-0.49842,0.04915,-2.2261,9.6006,-30.0984,-0.0643,0.0629,-0.7205,4.68299,0.2582,0.3162,0.0,0.0,0.0,0.1826,0.1826,0.1826,0.0,0.3162,0.3651,0.0,0.2582,0.0,0.4082,0.4082,0.1826,0.0,0.4082,1.0,press,0,0,2.8202
1786549672.133,2026-08-12 17:47:52.133,8,1,0,-0.05623,-0.49841,0.04912,-2.3211,9.9751,-30.0772,-0.0727,0.061,-0.7188,4.68476,0.2582,0.3162,0.0,0.0,0.0,0.1826,0.1826,0.1826,0.0,0.3162,0.3651,0.0,0.2582,0.0,0.4082,0.4082,0.1826,0.0,0.4082,1.0,press,0,0,2.8045
1786549672.1831,2026-08-12 17:47:52.183,8,1,0,-0.05625,-0.49843,0.0491,-2.4118,9.6102,-30.1262,-0.0655,0.0566,-0.7171,4.68199,0.2582,0.2582,0.0,0.0,0.3162,0.3162,0.1826,0.0,0.0,0.1826,0.3162,0.0,0.1826,0.0,0.3162,0.4082,0.1826,0.0,0.3651,1.0,press,0,0,2.8292
1786549672.2332,2026-08-12 17:47:52.233,8,1,0,-0.05625,-0.49841,0.04906,-2.5841,9.9396,-30.06,-0.0714,0.0526,-0.7209,4.68174,0.1826,0.3162,0.1826,0.0,0.0,0.3162,0.2582,0.1826,0.0,0.3162,0.3651,0.1826,0.2582,0.0,0.4472,0.4082,0.2582,0.0,0.4472,1.0,press,0,0,2.8314
1786549672.2833,2026-08-12 17:47:52.283,8,1,0,-0.05622,-0.49842,0.04902,-2.6999,9.5003,-30.1458,-0.0668,0.0517,-0.7215,4.69055,0.1826,0.3162,0.1826,0.0,0.0,0.3162,0.2582,0.1826,0.0,0.3162,0.3651,0.1826,0.2582,0.0,0.4472,0.4082,0.2582,0.0,0.4472,1.0,press,0,0,2.753
1786549672.3333,2026-08-12 17:47:52.333,8,1,0,-0.05625,-0.49841,0.04899,-2.621,9.7296,-30.0905,-0.0649,0.0511,-0.719,4.68551,0.3651,0.3162,0.0,0.0,0.3162,0.2582,0.1826,0.2582,0.0,0.4472,0.3162,0.0,0.2582,0.0,0.5164,0.3651,0.1826,0.0,0.5164,1.0,press,0,0,2.7978
1786549672.3834,2026-08-12 17:47:52.383,8,1,0,-0.05623,-0.49842,0.04896,-2.4201,9.4196,-30.281,-0.0632,0.0582,-0.7172,4.69709,0.3651,0.3162,0.0,0.0,0.3162,0.2582,0.1826,0.2582,0.0,0.4472,0.3162,0.0,0.2582,0.0,0.5164,0.3651,0.1826,0.0,0.5164,1.0,press,0,0,2.6948
1786549672.4335,2026-08-12 17:47:52.433,8,1,0,-0.05625,-0.49841,0.04893,-2.4192,9.2771,-30.3311,-0.0585,0.0616,-0.7154,4.67972,0.4472,0.1826,0.0,0.0,0.3651,0.3162,0.2582,0.2582,0.0,0.2582,0.3162,0.1826,0.1826,0.1826,0.3162,0.3651,0.2582,0.1826,0.3162,1.0,press,0,0,2.8493
1786549672.4835,2026-08-12 17:47:52.483,8,1,0,-0.05624,-0.49841,0.04889,-2.4011,9.6952,-30.0815,-0.0691,0.0561,-0.7173,4.68929,0.4472,0.1826,0.0,0.0,0.3651,0.3162,0.2582,0.2582,0.0,0.2582,0.3162,0.1826,0.1826,0.1826,0.3162,0.3651,0.2582,0.1826,0.3162,1.0,press,0,0,2.7642
1786549672.5336,2026-08-12 17:47:52.533,8,1,0,-0.05623,-0.49842,0.04886,-2.3669,9.1179,-30.1608,-0.0533,0.0619,-0.7245,4.69407,0.1826,0.2582,0.0,0.0,0.1826,0.3162,0.2582,0.0,0.0,0.2582,0.3651,0.0,0.1826,0.0,0.3651,0.4472,0.2582,0.0,0.3651,1.0,press,0,0,2.7217
1786549672.5837,2026-08-12 17:47:52.583,8,1,0,-0.05624,-0.49841,0.04883,-2.5696,9.563,-30.2145,-0.0654,0.0534,-0.7164,4.69256,0.1826,0.3651,0.1826,0.0,0.1826,0.2582,0.2582,0.1826,0.0,0.3162,0.2582,0.1826,0.1826,0.0,0.3651,0.4082,0.2582,0.0,0.3651,1.0,press,0,0,2.7351
1786549672.6338,2026-08-12 17:47:52.633,8,1,0,-0.05623,-0.49842,0.04881,-2.2466,9.5712,-30.1039,-0.0653,0.064,-0.7101,4.67519,0.1826,0.3651,0.1826,0.0,0.1826,0.2582,0.2582,0.1826,0.0,0.3162,0.2582,0.1826,0.1826,0.0,0.3651,0.4082,0.2582,0.0,0.3651,1.0,press,0,0,2.8897
1786549672.6839,2026-08-12 17:47:52.683,8,1,0,-0.05624,-0.49842,0.04879,-2.249,9.5941,-30.1779,-0.0665,0.0617,-0.7151,4.68526,0.2582,0.2582,0.0,0.0,0.2582,0.3162,0.2582,0.2582,0.0,0.3162,0.3651,0.0,0.1826,0.0,0.4472,0.4472,0.2582,0.0,0.4472,1.0,press,0,0,2.8001
1786549672.734,2026-08-12 17:47:52.733,8,1,0,-0.05624,-0.49841,0.04877,-2.6885,9.5266,-30.1225,-0.0654,0.0504,-0.7168,4.69231,0.2582,0.2582,0.0,0.0,0.2582,0.3162,0.2582,0.2582,0.0,0.3162,0.3651,0.0,0.1826,0.0,0.4472,0.4472,0.2582,0.0,0.4472,1.0,press,0,0,2.7373
1786549672.784,2026-08-12 17:47:52.784,8,1,0,-0.05624,-0.49841,0.04875,-2.7476,9.4716,-30.2208,-0.062,0.051,-0.7187,4.68425,0.1826,0.3651,0.1826,0.0,0.2582,0.2582,0.2582,0.1826,0.0,0.0,0.2582,0.2582,0.3162,0.0,0.2582,0.3162,0.2582,0.0,0.3162,1.0,press,0,0,2.809
1786549672.8341,2026-08-12 17:47:52.834,8,1,0,-0.05625,-0.49842,0.04874,-2.6055,9.6744,-30.0919,-0.071,0.0545,-0.7199,4.684,0.0,0.2582,0.2582,0.0,0.0,0.1826,0.3162,0.0,0.0,0.3162,0.2582,0.1826,0.1826,0.1826,0.3162,0.3162,0.3162,0.2582,0.3651,1.0,press,0,0,2.8113
1786549672.8842,2026-08-12 17:47:52.884,8,1,0,-0.05623,-0.49843,0.04874,-2.4149,9.4368,-30.3467,-0.0584,0.0591,-0.7143,4.68602,0.0,0.2582,0.2582,0.0,0.0,0.1826,0.3162,0.0,0.0,0.3162,0.2582,0.1826,0.1826,0.1826,0.3162,0.3162,0.3162,0.2582,0.3651,1.0,press,0,0,2.7933
1786549672.9343,2026-08-12 17:47:52.934,8,1,0,-0.05623,-0.49842,0.04873,-2.0757,9.3237,-30.177,-0.0629,0.0672,-0.7153,4.6908,0.1826,0.1826,0.1826,0.2582,0.2582,0.3651,0.3162,0.2582,0.1826,0.2582,0.3162,0.1826,0.2582,0.1826,0.3651,0.4082,0.2582,0.1826,0.3651,1.0,press,0,0,2.7508
1786549672.9844,2026-08-12 17:47:52.984,8,1,0,-0.05623,-0.49843,0.04873,-2.4459,9.619,-30.1354,-0.0663,0.0565,-0.719,4.69105,0.1826,0.1826,0.1826,0.2582,0.2582,0.3651,0.3162,0.2582,0.1826,0.2582,0.3162,0.1826,0.2582,0.1826,0.3651,0.4082,0.2582,0.1826,0.3651,1.0,press,0,0,2.7485
1786549673.0344,2026-08-12 17:47:53.034,8,1,0,-0.05624,-0.49842,0.04872,-2.3816,9.5266,-30.1837,-0.0646,0.0619,-0.7098,4.68022,0.2582,0.3162,0.1826,0.0,0.1826,0.2582,0.3162,0.2582,0.0,0.1826,0.3651,0.0,0.2582,0.0,0.3651,0.4082,0.3162,0.0,0.3651,1.0,hold,0,0,2.8449
1786549673.0845,2026-08-12 17:47:53.084,8,1,0,-0.05625,-0.49842,0.04872,-2.34,9.5538,-29.934,-0.0657,0.0605,-0.7114,4.69256,0.1826,0.3162,0.0,0.0,0.1826,0.3162,0.1826,0.2582,0.0,0.2582,0.4082,0.0,0.2582,0.0,0.3651,0.4472,0.1826,0.0,0.3162,1.0,hold,0,0,2.7351
1786549673.1346,2026-08-12 17:47:53.134,8,1,0,-0.05625,-0.49843,0.04873,-2.4828,9.4736,-30.1186,-0.0602,0.0584,-0.7146,4.68249,0.1826,0.3162,0.0,0.0,0.1826,0.3162,0.1826,0.2582,0.0,0.2582,0.4082,0.0,0.2582,0.0,0.3651,0.4472,0.1826,0.0,0.3162,1.0,hold,0,0,2.8247
1786549673.1846,2026-08-12 17:47:53.184,8,1,0,-0.05622,-0.49841,0.04871,-2.2693,9.6859,-30.0459,-0.0684,0.0615,-0.7174,4.68199,0.2582,0.3651,0.2582,0.3162,0.0,0.3651,0.1826,0.1826,0.2582,0.1826,0.4472,0.0,0.1826,0.0,0.3162,0.483,0.2582,0.0,0.3651,1.0,hold,0,0,2.8292
1786549673.2346,2026-08-12 17:47:53.234,8,1,0,-0.05623,-0.49841,0.0487,-2.1446,9.6684,-30.2309,-0.0656,0.0668,-0.7109,4.69181,0.2582,0.3651,0.2582,0.3162,0.0,0.3651,0.1826,0.1826,0.2582,0.1826,0.4472,0.0,0.1826,0.0,0.3162,0.483,0.2582,0.0,0.3651,1.0,hold,0,0,2.7418
1786549673.2847,2026-08-12 17:47:53.284,8,1,0,-0.05623,-0.49842,0.04871,-2.337,9.5735,-30.1257,-0.0625,0.0628,-0.7135,4.68551,0.2582,0.3651,0.0,0.0,0.1826,0.3162,0.2582,0.1826,0.0,0.3162,0.3162,0.1826,0.1826,0.0,0.4472,0.4082,0.1826,0.0,0.3651,1.0,hold,0,0,2.7978
1786549673.3348,2026-08-12 17:47:53.334,8,1,0,-0.05624,-0.49841,0.04871,-2.4302,9.8885,-30.2177,-0.0703,0.0589,-0.7238,4.69181,0.2582,0.3651,0.0,0.0,0.1826,0.3162,0.2582,0.1826,0.0,0.3162,0.3162,0.1826,0.1826,0.0,0.4472,0.4082,0.1826,0.0,0.3651,1.0,hold,0,0,2.7418
1786549673.3849,2026-08-12 17:47:53.384,8,1,0,-0.05623,-0.49841,0.04872,-2.6163,9.4725,-30.1943,-0.0628,0.0555,-0.7162,4.69231,0.2582,0.2582,0.1826,0.0,0.2582,0.3162,0.2582,0.1826,0.0,0.3651,0.3162,0.2582,0.1826,0.1826,0.4472,0.4082,0.1826,0.0,0.4472,1.0,hold,0,0,2.7373
1786549673.4349,2026-08-12 17:47:53.434,8,1,0,-0.05624,-0.49842,0.04872,-2.1047,9.4133,-30.1962,-0.0619,0.0697,-0.7143,4.68199,0.3162,0.3162,0.1826,0.0,0.3651,0.2582,0.3162,0.1826,0.0,0.3651,0.3162,0.1826,0.2582,0.0,0.4082,0.3651,0.2582,0.0,0.4082,1.0,hold,0,0,2.8292
1786549673.485,2026-08-12 17:47:53.485,8,1,0,-0.05625,-0.49842,0.04872,-2.2351,9.3039,-30.2571,-0.0557,0.0656,-0.7119,4.67997,0.3162,0.3162,0.1826,0.0,0.3651,0.2582,0.3162,0.1826,0.0,0.3651,0.3162,0.1826,0.2582,0.0,0.4082,0.3651,0.2582,0.0,0.4082,1.0,hold,0,0,2.8471
1786549673.5351,2026-08-12 17:47:53.535,8,1,0,-0.05624,-0.49841,0.0487,-2.2433,9.8408,-30.1135,-0.0708,0.0615,-0.7104,4.69105,0.3162,0.3162,0.1826,0.0,0.1826,0.3162,0.1826,0.2582,0.0,0.3651,0.3162,0.0,0.2582,0.1826,0.483,0.4082,0.2582,0.1826,0.4472,1.0,hold,0,0,2.7485
1786549673.5852,2026-08-12 17:47:53.585,8,1,0,-0.05624,-0.49841,0.04871,-2.3551,9.4771,-29.9714,-0.0666,0.06,-0.7114,4.68879,0.3162,0.3162,0.1826,0.0,0.1826,0.3162,0.1826,0.2582,0.0,0.3651,0.3162,0.0,0.2582,0.1826,0.483,0.4082,0.2582,0.1826,0.4472,1.0,hold,0,0,2.7687
1786549673.6353,2026-08-12 17:47:53.635,8,1,0,-0.05623,-0.49841,0.04872,-2.3846,9.7621,-30.0076,-0.067,0.0592,-0.7124,4.68249,0.3162,0.2582,0.0,0.2582,0.2582,0.3162,0.0,0.0,0.0,0.2582,0.3651,0.0,0.2582,0.0,0.4082,0.4472,0.0,0.0,0.4472,1.0,hold,0,0,2.8247
1786549673.6854,2026-08-12 17:47:53.685,8,1,0,-0.05624,-0.49842,0.04871,-2.4123,9.7331,-30.1512,-0.0708,0.0627,-0.7143,4.68954,0.2582,0.3651,0.0,0.0,0.1826,0.3651,0.1826,0.0,0.0,0.3162,0.3651,0.0,0.0,0.0,0.3651,0.4082,0.2582,0.0,0.3651,1.0,hold,0,0,2.762
1786549673.7355,2026-08-12 17:47:53.735,8,1,0,-0.05625,-0.49841,0.04872,-2.6315,9.695,-30.0895,-0.0693,0.0527,-0.7202,4.68476,0.2582,0.3651,0.0,0.0,0.1826,0.3651,0.1826,0.0,0.0,0.3162,0.3651,0.0,0.0,0.0,0.3651,0.4082,0.2582,0.0,0.3651,1.0,hold,0,0,2.8045
1786549673.7855,2026-08-12 17:47:53.785,8,1,0,-0.05623,-0.49842,0.04871,-2.1692,9.3616,-30.1557,-0.0606,0.0634,-0.7086,4.69055,0.2582,0.3162,0.0,0.0,0.3162,0.3162,0.1826,0.1826,0.0,0.3162,0.3162,0.0,0.2582,0.1826,0.4472,0.3651,0.0,0.0,0.4082,1.0,hold,0,0,2.753
1786549673.8356,2026-08-12 17:47:53.835,8,1,0,-0.05624,-0.49842,0.04872,-2.7179,9.7513,-30.1707,-0.0711,0.0514,-0.7099,4.68199,0.2582,0.3162,0.0,0.0,0.3162,0.3162,0.1826,0.1826,0.0,0.3162,0.3162,0.0,0.2582,0.1826,0.4472,0.3651,0.0,0.0,0.4082,1.0,hold,0,0,2.8292
1786549673.8857,2026-08-12 17:47:53.885,8,1,0,-0.05624,-0.49842,0.04872,-2.3935,9.8062,-30.147,-0.0701,0.0601,-0.7138,4.68627,0.3162,0.2582,0.0,0.1826,0.3162,0.2582,0.2582,0.0,0.0,0.3162,0.2582,0.2582,0.0,0.0,0.4082,0.3651,0.2582,0.1826,0.4082,1.0,hold,0,0,2.7911
1786549673.9357,2026-08-12 17:47:53.935,8,1,0,-0.05624,-0.49841,0.04871,-2.6611,9.844,-30.1018,-0.0707,0.0546,-0.7172,4.68476,0.3162,0.0,0.0,0.0,0.2582,0.2582,0.0,0.0,0.0,0.3162,0.3651,0.0,0.1826,0.1826,0.3651,0.4082,0.0,0.0,0.3651,1.0,hold,0,0,2.8045
1786549673.9858,2026-08-12 17:47:53.985,8,1,0,-0.05623,-0.49841,0.04872,-2.3304,9.4192,-30.13,-0.0601,0.0634,-0.7098,4.6908,0.3162,0.0,0.0,0.0,0.2582,0.2582,0.0,0.0,0.0,0.3162,0.3651,0.0,0.1826,0.1826,0.3651,0.4082,0.0,0.0,0.3651,1.0,hold,0,0,2.7508
1786549674.0359,2026-08-12 17:47:54.035,8,1,0,-0.05625,-0.49842,0.04872,-2.4499,9.5305,-30.2531,-0.0643,0.0568,-0.7141,4.69332,0.3162,0.2582,0.0,0.0,0.0,0.3162,0.1826,0.1826,0.0,0.3162,0.4082,0.0,0.0,0.1826,0.3651,0.4472,0.0,0.2582,0.4082,1.0,hold,0,0,2.7284
1786549674.086,2026-08-12 17:47:54.086,8,1,0,-0.05624,-0.49842,0.04873,-2.4837,9.4456,-30.2821,-0.0625,0.059,-0.7165,4.68526,0.3162,0.2582,0.0,0.0,0.0,0.3162,0.1826,0.1826,0.0,0.3162,0.4082,0.0,0.0,0.1826,0.3651,0.4472,0.0,0.2582,0.4082,1.0,hold,0,0,2.8001
1786549674.1361,2026-08-12 17:47:54.136,8,1,0,-0.05624,-0.49841,0.04871,-2.6402,9.6215,-30.0698,-0.0629,0.0532,-0.7186,4.69105,0.2582,0.3651,0.0,0.0,0.1826,0.3162,0.1826,0.0,0.0,0.4082,0.4082,0.0,0.0,0.1826,0.4472,0.4082,0.1826,0.2582,0.4472,1.0,hold,0,0,2.7485
1786549674.1862,2026-08-12 17:47:54.186,8,1,0,-0.05623,-0.49841,0.04871,-2.1411,9.6901,-30.3498,-0.0662,0.0654,-0.7097,4.68249,0.2582,0.3651,0.0,0.0,0.1826,0.3162,0.1826,0.0,0.0,0.4082,0.4082,0.0,0.0,0.1826,0.4472,0.4082,0.1826,0.2582,0.4472,1.0,hold,0,0,2.8247
1786549674.2363,2026-08-12 17:47:54.236,8,1,0,-0.05624,-0.49841,0.04872,-2.2828,9.552,-30.4678,-0.067,0.0612,-0.7076,4.68425,0.3651,0.2582,0.0,0.0,0.4082,0.3162,0.1826,0.0,0.1826,0.1826,0.3651,0.0,0.1826,0.1826,0.2582,0.4472,0.0,0.1826,0.3162,1.0,hold,0,0,2.809
1786549674.2863,2026-08-12 17:47:54.286,8,1,0,-0.05625,-0.49841,0.04871,-2.6368,9.5142,-30.4192,-0.0593,0.0511,-0.7121,4.68199,0.0,0.3162,0.0,0.0,0.0,0.3162,0.1826,0.1826,0.0,0.3162,0.3651,0.0,0.1826,0.0,0.4082,0.4472,0.1826,0.0,0.483,1.0,hold,0,0,2.8292
1786549674.3364,2026-08-12 17:47:54.336,8,1,0,-0.05624,-0.49841,0.04871,-2.5441,9.7553,-30.1709,-0.0714,0.0571,-0.7101,4.69155,0.0,0.3162,0.0,0.0,0.0,0.3162,0.1826,0.1826,0.0,0.3162,0.3651,0.0,0.1826,0.0,0.4082,0.4472,0.1826,0.0,0.483,1.0,hold,0,0,2.7441
1786549674.3865,2026-08-12 17:47:54.386,8,1,0,-0.05623,-0.49842,0.04871,-2.4438,9.3951,-30.2224,-0.0608,0.0569,-0.7079,4.68325,0.3162,0.3162,0.1826,0.0,0.2582,0.3162,0.2582,0.0,0.0,0.2582,0.3651,0.0,0.0,0.0,0.4082,0.4472,0.1826,0.0,0.4082,1.0,hold,0,0,2.818
1786549674.4365,2026-08-12 17:47:54.436,8,1,0,-0.05623,-0.49841,0.04871,-2.4521,10.0145,-30.1607,-0.0765,0.06,-0.7046,4.68274,0.3162,0.3162,0.1826,0.0,0.2582,0.3162,0.2582,0.0,0.0,0.2582,0.3651,0.0,0.0,0.0,0.4082,0.4472,0.1826,0.0,0.4082,1.0,hold,0,0,2.8225
1786549674.4866,2026-08-12 17:47:54.486,8,1,0,-0.05624,-0.49842,0.04873,-2.6916,9.6271,-30.0608,-0.0692,0.0535,-0.7083,4.6908,0.3162,0.3162,0.0,0.0,0.2582,0.3162,0.2582,0.1826,0.0,0.2582,0.4082,0.0,0.2582,0.1826,0.4082,0.4472,0.2582,0.0,0.3651,1.0,hold,0,0,2.7508
1786549674.5367,2026-08-12 17:47:54.536,8,1,0,-0.05624,-0.49842,0.04872,-2.1061,9.5185,-30.1728,-0.0637,0.0672,-0.709,4.68274,0.2582,0.2582,0.1826,0.1826,0.2582,0.3162,0.2582,0.2582,0.0,0.1826,0.3651,0.2582,0.1826,0.0,0.4082,0.4082,0.1826,0.0,0.3651,1.0,hold,0,0,2.8225
1786549674.5868,2026-08-12 17:47:54.586,8,1,0,-0.05623,-0.49841,0.04871,-2.295,9.5292,-30.1743,-0.0638,0.0623,-0.7102,4.68123,0.2582,0.2582,0.1826,0.1826,0.2582,0.3162,0.2582,0.2582,0.0,0.1826,0.3651,0.2582,0.1826,0.0,0.4082,0.4082,0.1826,0.0,0.3651,1.0,hold,0,0,2.8359
1786549674.6369,2026-08-12 17:47:54.636,8,1,0,-0.05624,-0.49841,0.04871,-2.3427,9.407,-30.3661,-0.0599,0.0632,-0.7062,4.68325,0.1826,0.2582,0.0,0.0,0.2582,0.2582,0.2582,0.1826,0.0,0.3162,0.3162,0.0,0.2582,0.0,0.3651,0.4082,0.0,0.0,0.3651,1.0,hold,0,0,2.818
1786549674.687,2026-08-12 17:47:54.686,8,1,0,-0.05624,-0.49842,0.04873,-2.8488,9.7622,-30.051,-0.0709,0.0506,-0.7174,4.684,0.1826,0.2582,0.0,0.0,0.2582,0.2582,0.2582,0.1826,0.0,0.3162,0.3162,0.0,0.2582,0.0,0.3651,0.4082,0.0,0.0,0.3651,1.0,hold,0,0,2.8113
1786549674.7371,2026-08-12 17:47:54.737,8,1,0,-0.05625,-0.49841,0.04871,-2.3906,9.7698,-30.1159,-0.0702,0.058,-0.7053,4.68299,0.2582,0.2582,0.1826,0.0,0.2582,0.3162,0.2582,0.0,0.0,0.1826,0.3651,0.1826,0.0,0.1826,0.2582,0.4472,0.3162,0.1826,0.3651,1.0,hold,0,0,2.8202
1786549674.7871,2026-08-12 17:47:54.787,8,1,0,-0.05624,-0.49842,0.04872,-2.5867,9.7652,-30.167,-0.068,0.0551,-0.7158,4.6835,0.2582,0.2582,0.1826,0.0,0.2582,0.3162,0.2582,0.0,0.0,0.1826,0.3651,0.1826,0.0,0.1826,0.2582,0.4472,0.3162,0.1826,0.3651,1.0,hold,0,0,2.8157
1786549674.8372,2026-08-12 17:47:54.837,8,1,0,-0.05623,-0.49841,0.04872,-2.5694,10.1466,-29.9727,-0.0775,0.0566,-0.7081,4.69181,0.2582,0.3162,0.0,0.2582,0.0,0.3162,0.2582,0.1826,0.1826,0.3651,0.3162,0.2582,0.3162,0.0,0.4472,0.3651,0.1826,0.0,0.4472,1.0,hold,0,0,2.7418
1786549674.8873,2026-08-12 17:47:54.887,8,1,0,-0.05623,-0.49841,0.04872,-2.3064,9.7456,-30.2266,-0.0639,0.061,-0.7105,4.69004,0.3651,0.1826,0.0,0.0,0.3162,0.3162,0.2582,0.0,0.0,0.3162,0.4082,0.0,0.0,0.0,0.3651,0.4082,0.1826,0.0,0.4082,1.0,hold,0,0,2.7575
1786549674.9375,2026-08-12 17:47:54.937,8,1,0,-0.05623,-0.49841,0.04871,-2.6607,10.0475,-30.0063,-0.0751,0.0543,-0.7051,4.67897,0.3651,0.1826,0.0,0.0,0.3162,0.3162,0.2582,0.0,0.0,0.3162,0.4082,0.0,0.0,0.0,0.3651,0.4082,0.1826,0.0,0.4082,1.0,hold,0,0,2.8561
1786549674.9876,2026-08-12 17:47:54.987,8,1,0,-0.05626,-0.49842,0.04873,-2.3109,9.458,-30.1891,-0.0634,0.0621,-0.7054,4.69382,0.4082,0.2582,0.0,0.1826,0.2582,0.2582,0.1826,0.2582,0.0,0.3651,0.3651,0.1826,0.2582,0.0,0.3651,0.3651,0.1826,0.0,0.3651,1.0,hold,0,0,2.7239
1786549675.0377,2026-08-12 17:47:55.037,8,1,0,-0.05624,-0.49841,0.04872,-2.5867,9.6446,-29.8863,-0.0662,0.0568,-0.712,4.68249,0.4082,0.2582,0.0,0.1826,0.2582,0.2582,0.1826,0.2582,0.0,0.3651,0.3651,0.1826,0.2582,0.0,0.3651,0.3651,0.1826,0.0,0.3651,1.0,hold,0,0,2.8247
1786549675.0877,2026-08-12 17:47:55.087,8,1,0,-0.05622,-0.49842,0.04871,-2.682,9.7461,-29.9122,-0.0687,0.0523,-0.7099,4.69181,0.1826,0.2582,0.0,0.0,0.2582,0.3162,0.1826,0.1826,0.0,0.3162,0.3651,0.0,0.2582,0.0,0.4472,0.4472,0.1826,0.0,0.4082,1.0,hold,0,0,2.7418
1786549675.1378,2026-08-12 17:47:55.137,8,1,0,-0.05622,-0.49841,0.04871,-2.3885,9.5793,-30.1624,-0.0661,0.0617,-0.7106,4.68853,0.3162,0.2582,0.0,0.0,0.3162,0.3162,0.1826,0.1826,0.0,0.2582,0.3651,0.0,0.0,0.0,0.3162,0.4082,0.1826,0.0,0.3162,1.0,hold,0,0,2.7709
1786549675.1879,2026-08-12 17:47:55.187,8,1,0,-0.05624,-0.49841,0.04871,-2.5921,9.7268,-30.1337,-0.0676,0.0534,-0.7083,4.68174,0.3162,0.2582,0.0,0.0,0.3162,0.3162,0.1826,0.1826,0.0,0.2582,0.3651,0.0,0.0,0.0,0.3162,0.4082,0.1826,0.0,0.3162,1.0,hold,0,0,2.8314
1786549675.238,2026-08-12 17:47:55.238,8,1,0,-0.05622,-0.49842,0.04872,-2.3573,9.8105,-30.1593,-0.0686,0.0618,-0.7066,4.69004,0.0,0.2582,0.1826,0.1826,0.0,0.3162,0.3162,0.1826,0.0,0.3162,0.4082,0.2582,0.1826,0.0,0.4082,0.4082,0.3162,0.1826,0.4472,1.0,hold,0,0,2.7575
1786549675.2881,2026-08-12 17:47:55.288,8,1,0,-0.05624,-0.49841,0.04871,-2.5842,9.573,-30.1645,-0.0641,0.0558,-0.7151,4.68375,0.0,0.2582,0.1826,0.1826,0.0,0.3162,0.3162,0.1826,0.0,0.3162,0.4082,0.2582,0.1826,0.0,0.4082,0.4082,0.3162,0.1826,0.4472,1.0,hold,0,0,2.8135
1786549675.3382,2026-08-12 17:47:55.338,8,1,0,-0.05624,-0.49841,0.04872,-2.3573,9.5785,-30.2241,-0.0663,0.0596,-0.702,4.68702,0.2582,0.2582,0.0,0.0,0.1826,0.2582,0.2582,0.1826,0.0,0.3651,0.2582,0.1826,0.2582,0.1826,0.3651,0.4082,0.2582,0.2582,0.3651,1.0,hold,0,0,2.7844
1786549675.3883,2026-08-12 17:47:55.388,8,1,0,-0.05625,-0.49841,0.04871,-2.4845,9.7185,-30.3678,-0.0674,0.0568,-0.7052,4.68551,0.3162,0.1826,0.0,0.0,0.3162,0.2582,0.2582,0.2582,0.0,0.3162,0.3162,0.1826,0.1826,0.0,0.3651,0.4082,0.1826,0.0,0.4472,1.0,hold,0,0,2.7978
1786549675.4385,2026-08-12 17:47:55.438,8,1,0,-0.05623,-0.49841,0.04871,-2.6489,9.481,-30.0588,-0.0618,0.0567,-0.7143,4.68828,0.3162,0.1826,0.0,0.0,0.3162,0.2582,0.2582,0.2582,0.0,0.3162,0.3162,0.1826,0.1826,0.0,0.3651,0.4082,0.1826,0.0,0.4472,1.0,hold,0,0,2.7732
1786549675.4886,2026-08-12 17:47:55.488,8,1,0,-0.05626,-0.49842,0.04873,-2.2065,9.5255,-30.1768,-0.062,0.0668,-0.7023,4.68224,0.3162,0.2582,0.0,0.0,0.2582,0.3162,0.1826,0.1826,0.0,0.3651,0.3651,0.1826,0.1826,0.0,0.4472,0.3651,0.1826,0.0,0.4472,1.0,hold,0,0,2.8269
1786549675.5387,2026-08-12 17:47:55.538,8,1,0,-0.05624,-0.49841,0.04871,-2.6016,9.5085,-30.2299,-0.0631,0.0568,-0.7089,4.69155,0.3162,0.2582,0.0,0.0,0.2582,0.3162,0.1826,0.1826,0.0,0.3651,0.3651,0.1826,0.1826,0.0,0.4472,0.3651,0.1826,0.0,0.4472,1.0,hold,0,0,2.7441
1786549675.5888,2026-08-12 17:47:55.588,8,1,0,-0.05625,-0.49842,0.04873,-2.4849,9.5549,-30.1736,-0.0663,0.0591,-0.7103,4.68199,0.3162,0.1826,0.0,0.0,0.2582,0.3162,0.1826,0.0,0.0,0.0,0.3162,0.0,0.0,0.0,0.3651,0.3651,0.1826,0.0,0.3651,1.0,hold,0,0,2.8292
1786549675.6388,2026-08-12 17:47:55.638,8,1,0,-0.05623,-0.49842,0.04871,-2.5594,9.8908,-30.1439,-0.0744,0.057,-0.7094,4.68652,0.3162,0.1826,0.0,0.0,0.2582,0.3162,0.1826,0.0,0.0,0.0,0.3162,0.0,0.0,0.0,0.3651,0.3651,0.1826,0.0,0.3651,1.0,hold,0,0,2.7889
1786549675.689,2026-08-12 17:47:55.688,8,1,0,-0.05623,-0.49841,0.04871,-2.2576,9.3438,-30.4383,-0.0564,0.0673,-0.7021,4.68199,0.2582,0.2582,0.0,0.0,0.0,0.3162,0.1826,0.0,0.0,0.2582,0.3651,0.0,0.0,0.0,0.4082,0.3651,0.2582,0.0,0.4082,1.0,hold,0,0,2.8292
1786549675.7391,2026-08-12 17:47:55.739,8,1,0,-0.05623,-0.49841,0.04871,-2.6799,9.8089,-30.3574,-0.0719,0.057,-0.7137,4.68425,0.1826,0.2582,0.0,0.0,0.0,0.2582,0.1826,0.0,0.0,0.1826,0.3162,0.0,0.1826,0.0,0.3651,0.3162,0.1826,0.0,0.3651,1.0,hold,0,0,2.809
1786549675.7892,2026-08-12 17:47:55.789,8,1,0,-0.05623,-0.49841,0.04872,-2.4574,9.3916,-30.2629,-0.0642,0.0596,-0.7077,4.69004,0.1826,0.2582,0.0,0.0,0.0,0.2582,0.1826,0.0,0.0,0.1826,0.3162,0.0,0.1826,0.0,0.3651,0.3162,0.1826,0.0,0.3651,1.0,hold,0,0,2.7575
1786549675.8393,2026-08-12 17:47:55.839,8,1,0,-0.05623,-0.49841,0.0487,-2.6869,9.5399,-30.0547,-0.0651,0.0498,-0.7155,4.684,0.1826,0.2582,0.2582,0.0,0.0,0.3651,0.3162,0.0,0.0,0.2582,0.3651,0.1826,0.1826,0.0,0.4472,0.4472,0.2582,0.1826,0.4082,1.0,hold,0,0,2.8113
1786549675.8895,2026-08-12 17:47:55.889,8,1,0,-0.05622,-0.49842,0.04872,-2.5377,9.6148,-30.2001,-0.0662,0.0599,-0.7057,4.68425,0.1826,0.2582,0.2582,0.0,0.0,0.3651,0.3162,0.0,0.0,0.2582,0.3651,0.1826,0.1826,0.0,0.4472,0.4472,0.2582,0.1826,0.4082,1.0,hold,0,0,2.809
1786549675.9396,2026-08-12 17:47:55.939,8,1,0,-0.05624,-0.49841,0.04872,-2.5151,9.4144,-30.2877,-0.0596,0.0569,-0.708,4.68199,0.3162,0.3651,0.0,0.2582,0.2582,0.3651,0.1826,0.2582,0.0,0.2582,0.4472,0.0,0.2582,0.0,0.3651,0.483,0.1826,0.0,0.3651,1.0,hold,0,0,2.8292
1786549675.9897,2026-08-12 17:47:55.989,8,1,0,-0.05624,-0.49841,0.04871,-2.2715,9.5348,-30.3115,-0.0662,0.0659,-0.7085,4.68526,0.2582,0.3651,0.1826,0.1826,0.2582,0.3162,0.3162,0.1826,0.1826,0.2582,0.3651,0.1826,0.2582,0.1826,0.3651,0.4472,0.3162,0.0,0.4082,1.0,hold,0,0,2.8001
1786549676.0398,2026-08-12 17:47:56.039,8,1,0,-0.05625,-0.49843,0.04873,-2.5232,9.4566,-30.1112,-0.0623,0.0558,-0.7088,4.68098,0.2582,0.3651,0.1826,0.1826,0.2582,0.3162,0.3162,0.1826,0.1826,0.2582,0.3651,0.1826,0.2582,0.1826,0.3651,0.4472,0.3162,0.0,0.4082,1.0,hold,0,0,2.8381
1786549676.0899,2026-08-12 17:47:56.089,8,1,0,-0.05623,-0.49842,0.04872,-2.7856,9.8198,-30.159,-0.0719,0.0495,-0.709,4.6913,0.2582,0.2582,0.0,0.1826,0.0,0.3162,0.2582,0.1826,0.0,0.3162,0.3651,0.0,0.2582,0.0,0.4082,0.4082,0.1826,0.0,0.3651,1.0,hold,0,0,2.7463
1786549676.14,2026-08-12 17:47:56.140,8,1,0,-0.05624,-0.49841,0.04871,-2.5081,9.5815,-30.161,-0.0672,0.0567,-0.7111,4.68576,0.2582,0.2582,0.0,0.1826,0.0,0.3162,0.2582,0.1826,0.0,0.3162,0.3651,0.0,0.2582,0.0,0.4082,0.4082,0.1826,0.0,0.3651,1.0,hold,0,0,2.7956
1786549676.1901,2026-08-12 17:47:56.190,8,1,0,-0.05624,-0.49841,0.04872,-2.4419,9.4371,-30.3924,-0.0651,0.0571,-0.7077,4.69155,0.3651,0.2582,0.0,0.0,0.2582,0.2582,0.2582,0.1826,0.0,0.3651,0.3162,0.0,0.1826,0.0,0.4472,0.4082,0.2582,0.0,0.483,1.0,hold,0,0,2.7441
1786549676.2403,2026-08-12 17:47:56.240,8,1,0,-0.05623,-0.49841,0.04872,-2.2793,9.4837,-30.3695,-0.0611,0.0634,-0.7049,4.68375,0.3651,0.2582,0.0,0.0,0.4082,0.3162,0.0,0.1826,0.0,0.3651,0.3651,0.0,0.1826,0.0,0.4082,0.4472,0.1826,0.0,0.4472,1.0,hold,0,0,2.8135
1786549676.2904,2026-08-12 17:47:56.290,8,1,0,-0.05623,-0.49842,0.04872,-2.4345,9.5598,-30.3267,-0.0635,0.0582,-0.703,4.68576,0.3651,0.2582,0.0,0.0,0.4082,0.3162,0.0,0.1826,0.0,0.3651,0.3651,0.0,0.1826,0.0,0.4082,0.4472,0.1826,0.0,0.4472,1.0,hold,0,0,2.7956
1786549676.3405,2026-08-12 17:47:56.340,8,1,0,-0.05623,-0.49841,0.04872,-2.3349,9.3682,-30.2352,-0.0605,0.0631,-0.7043,4.68174,0.3162,0.3162,0.0,0.0,0.2582,0.3162,0.2582,0.1826,0.0,0.3162,0.4082,0.1826,0.1826,0.1826,0.4082,0.4472,0.0,0.1826,0.4082,1.0,hold,0,0,2.8314
1786549676.3906,2026-08-12 17:47:56.390,8,1,0,-0.05624,-0.49841,0.04871,-2.4256,9.7008,-30.1714,-0.0696,0.0602,-0.7126,4.69105,0.3162,0.3162,0.0,0.0,0.2582,0.3162,0.2582,0.1826,0.0,0.3162,0.4082,0.1826,0.1826,0.1826,0.4082,0.4472,0.0,0.1826,0.4082,1.0,hold,0,0,2.7485
1786549676.4407,2026-08-12 17:47:56.440,8,1,0,-0.05626,-0.49841,0.04873,-2.2937,9.4961,-30.0831,-0.0642,0.0629,-0.7001,4.67569,0.3162,0.2582,0.0,0.2582,0.2582,0.2582,0.0,0.1826,0.1826,0.2582,0.3651,0.0,0.2582,0.0,0.3162,0.3651,0.1826,0.1826,0.3651,1.0,hold,0,0,2.8852
1786549676.4909,2026-08-12 17:47:56.490,8,1,0,-0.05625,-0.49842,0.04872,-2.5086,9.6312,-30.0196,-0.0694,0.0588,-0.7047,4.68929,0.3162,0.2582,0.0,0.2582,0.2582,0.2582,0.0,0.1826,0.1826,0.2582,0.3651,0.0,0.2582,0.0,0.3162,0.3651,0.1826,0.1826,0.3651,1.0,hold,0,0,2.7642
1786549676.541,2026-08-12 17:47:56.541,8,1,0,-0.05624,-0.49842,0.04873,-2.1787,9.4894,-30.2138,-0.0617,0.0654,-0.7016,4.68551,0.1826,0.2582,0.0,0.0,0.1826,0.2582,0.0,0.0,0.0,0.3651,0.3162,0.0,0.0,0.0,0.4082,0.3162,0.0,0.0,0.4472,1.0,hold,0,0,2.7978
1786549676.5911,2026-08-12 17:47:56.591,8,1,0,-0.05624,-0.49841,0.04871,-2.3564,9.9843,-30.2536,-0.0761,0.0614,-0.7055,4.69206,0.3162,0.1826,0.1826,0.0,0.2582,0.2582,0.1826,0.0,0.0,0.3651,0.3162,0.0,0.0,0.1826,0.4082,0.3651,0.2582,0.0,0.4082,1.0,hold,0,0,2.7396
1786549676.6412,2026-08-12 17:47:56.641,8,1,0,-0.05623,-0.49841,0.04872,-2.0581,9.483,-30.3223,-0.0655,0.0684,-0.7044,4.68576,0.3162,0.1826,0.1826,0.0,0.2582,0.2582,0.1826,0.0,0.0,0.3651,0.3162,0.0,0.0,0.1826,0.4082,0.3651,0.2582,0.0,0.4082,1.0,hold,0,0,2.7956
1786549676.6913,2026-08-12 17:47:56.691,8,1,0,-0.05625,-0.4984,0.0487,-2.2197,9.5582,-30.122,-0.0687,0.0642,-0.7046,4.6845,0.3162,0.1826,0.1826,0.1826,0.2582,0.2582,0.1826,0.0,0.0,0.2582,0.4082,0.1826,0.2582,0.0,0.3162,0.4082,0.3162,0.0,0.4082,1.0,hold,0,0,2.8068
1786549676.7414,2026-08-12 17:47:56.741,8,1,0,-0.05625,-0.49841,0.04872,-2.2041,9.4233,-30.2017,-0.0636,0.0639,-0.7045,4.68576,0.3162,0.1826,0.1826,0.1826,0.2582,0.2582,0.1826,0.0,0.0,0.2582,0.4082,0.1826,0.2582,0.0,0.3162,0.4082,0.3162,0.0,0.4082,1.0,hold,0,0,2.7956
1786549676.7915,2026-08-12 17:47:56.791,8,1,0,-0.05625,-0.49842,0.04872,-1.987,9.3312,-30.2474,-0.0604,0.0729,-0.7118,4.67846,0.1826,0.3162,0.1826,0.1826,0.1826,0.2582,0.2582,0.1826,0.0,0.0,0.3651,0.0,0.2582,0.0,0.1826,0.4082,0.2582,0.0,0.3651,1.0,hold,0,0,2.8605
1786549676.8416,2026-08-12 17:47:56.841,8,1,0,-0.05624,-0.49842,0.04872,-2.1957,9.2474,-30.4891,-0.0587,0.063,-0.705,4.69155,0.0,0.1826,0.1826,0.0,0.1826,0.1826,0.2582,0.0,0.0,0.2582,0.3651,0.2582,0.1826,0.1826,0.3651,0.4082,0.2582,0.1826,0.3162,1.0,hold,0,0,2.7441
1786549676.8917,2026-08-12 17:47:56.891,8,1,0,-0.05625,-0.49841,0.04871,-2.0996,9.6974,-30.4469,-0.066,0.0667,-0.6991,4.6772,0.0,0.1826,0.1826,0.0,0.1826,0.1826,0.2582,0.0,0.0,0.2582,0.3651,0.2582,0.1826,0.1826,0.3651,0.4082,0.2582,0.1826,0.3162,1.0,hold,0,0,2.8717
1786549676.942,2026-08-12 17:47:56.941,8,1,0,-0.05623,-0.49842,0.04873,-2.2718,9.6536,-30.277,-0.0674,0.0627,-0.7104,4.6908,0.1826,0.1826,0.1826,0.1826,0.1826,0.3162,0.2582,0.1826,0.1826,0.2582,0.3651,0.1826,0.2582,0.1826,0.3651,0.4082,0.1826,0.1826,0.3651,1.0,hold,0,0,2.7508
1786549676.9921,2026-08-12 17:47:56.992,8,1,0,-0.05623,-0.49841,0.04871,-2.3671,9.8067,-30.1823,-0.0718,0.0622,-0.7065,4.69155,0.1826,0.1826,0.1826,0.1826,0.1826,0.3162,0.2582,0.1826,0.1826,0.2582,0.3651,0.1826,0.2582,0.1826,0.3651,0.4082,0.1826,0.1826,0.3651,1.0,hold,0,0,2.7441
1786549677.0421,2026-08-12 17:47:57.042,8,0,0,-0.05624,-0.49841,0.04871,-2.5169,9.6671,-30.1829,-0.0632,0.0596,-0.7075,4.68199,0.2582,0.3162,0.0,0.0,0.1826,0.2582,0.1826,0.1826,0.0,0.3162,0.3651,0.0,0.2582,0.0,0.3651,0.4082,0.1826,0.0,0.483,1.0,retract,0,0,2.8292
1786549677.0922,2026-08-12 17:47:57.092,8,0,0,-0.05624,-0.49841,0.04871,-2.6902,9.8658,-30.1293,-0.0731,0.0518,-0.7047,4.68652,0.1826,0.1826,0.0,0.0,0.2582,0.3162,0.1826,0.0,0.0,0.0,0.3162,0.0,0.0,0.0,0.3651,0.4082,0.2582,0.0,0.3651,1.0,retract,0,0,2.7889
1786549677.1424,2026-08-12 17:47:57.142,8,0,0,-0.05624,-0.49841,0.04871,-2.2393,9.5771,-29.9881,-0.0653,0.0659,-0.7028,4.6845,0.1826,0.1826,0.0,0.0,0.2582,0.3162,0.1826,0.0,0.0,0.0,0.3162,0.0,0.0,0.0,0.3651,0.4082,0.2582,0.0,0.3651,1.0,retract,0,0,2.8068
1786549677.1925,2026-08-12 17:47:57.192,8,0,0,-0.05624,-0.49841,0.04873,-2.0082,9.2361,-30.2599,-0.0534,0.0708,-0.6972,4.6903,0.1826,0.2582,0.1826,0.0,0.0,0.2582,0.2582,0.0,0.0,0.3162,0.3651,0.1826,0.0,0.1826,0.4082,0.4472,0.2582,0.2582,0.4082,1.0,retract,0,0,2.7553
1786549677.2426,2026-08-12 17:47:57.242,8,0,0,-0.05622,-0.49841,0.04874,-2.5041,10.0228,-30.1261,-0.0775,0.0586,-0.7078,4.68954,0.1826,0.2582,0.1826,0.0,0.0,0.2582,0.2582,0.0,0.0,0.3162,0.3651,0.1826,0.0,0.1826,0.4082,0.4472,0.2582,0.2582,0.4082,1.0,retract,0,0,2.762
1786549677.2927,2026-08-12 17:47:57.292,8,0,0,-0.05625,-0.4984,0.04873,-2.2955,9.804,-30.2204,-0.0707,0.0644,-0.7044,4.68274,0.1826,0.2582,0.0,0.0,0.0,0.3162,0.0,0.1826,0.0,0.2582,0.3651,0.0,0.2582,0.1826,0.4082,0.4082,0.0,0.0,0.4082,1.0,retract,0,0,2.8225
1786549677.3428,2026-08-12 17:47:57.342,8,0,0,-0.05624,-0.4984,0.04877,-2.2662,9.6708,-30.0948,-0.0657,0.0649,-0.7071,4.68375,0.1826,0.2582,0.0,0.0,0.0,0.3162,0.0,0.1826,0.0,0.2582,0.3651,0.0,0.2582,0.1826,0.4082,0.4082,0.0,0.0,0.4082,1.0,retract,0,0,2.8135
1786549677.3929,2026-08-12 17:47:57.392,8,0,0,-0.05623,-0.49841,0.04881,-2.4578,9.6652,-30.2727,-0.0685,0.0598,-0.7009,4.68325,0.2582,0.2582,0.0,0.0,0.1826,0.2582,0.1826,0.0,0.0,0.0,0.3651,0.0,0.1826,0.1826,0.2582,0.4472,0.0,0.2582,0.4082,1.0,retract,0,0,2.818
1786549677.4431,2026-08-12 17:47:57.443,8,0,0,-0.05625,-0.49841,0.04883,-2.2612,9.6037,-29.904,-0.0673,0.0647,-0.7047,4.6908,0.2582,0.1826,0.0,0.1826,0.0,0.2582,0.1826,0.0,0.0,0.3162,0.3651,0.0,0.1826,0.1826,0.3162,0.4472,0.0,0.2582,0.4082,1.0,retract,0,0,2.7508
1786549677.4931,2026-08-12 17:47:57.493,8,0,0,-0.05622,-0.4984,0.04887,-2.015,9.4659,-30.2575,-0.0617,0.0716,-0.7013,4.68879,0.2582,0.1826,0.0,0.1826,0.0,0.2582,0.1826,0.0,0.0,0.3162,0.3651,0.0,0.1826,0.1826,0.3162,0.4472,0.0,0.2582,0.4082,1.0,retract,0,0,2.7687
1786549677.5433,2026-08-12 17:47:57.543,8,0,0,-0.05622,-0.4984,0.04889,-2.1091,9.6878,-30.049,-0.0681,0.068,-0.7003,4.68425,0.2582,0.2582,0.0,0.3162,0.1826,0.4082,0.1826,0.0,0.2582,0.2582,0.4082,0.0,0.1826,0.1826,0.4082,0.483,0.1826,0.1826,0.4082,1.0,retract,0,0,2.809
1786549677.5934,2026-08-12 17:47:57.593,8,0,0,-0.05622,-0.49841,0.04893,-2.1776,9.4842,-30.1563,-0.068,0.0645,-0.7041,4.68727,0.2582,0.2582,0.0,0.3162,0.1826,0.4082,0.1826,0.0,0.2582,0.2582,0.4082,0.0,0.1826,0.1826,0.4082,0.483,0.1826,0.1826,0.4082,1.0,retract,0,0,2.7821
1786549677.6436,2026-08-12 17:47:57.643,8,0,0,-0.05623,-0.4984,0.04895,-2.5336,9.8011,-30.083,-0.0699,0.0568,-0.7054,4.68199,0.2582,0.3162,0.0,0.0,0.1826,0.2582,0.0,0.0,0.0,0.3651,0.2582,0.0,0.0,0.0,0.4082,0.3162,0.0,0.2582,0.4472,1.0,retract,0,0,2.8292
1786549677.6937,2026-08-12 17:47:57.693,8,0,0,-0.05622,-0.49841,0.04899,-2.3732,9.9583,-30.0695,-0.075,0.0609,-0.7025,4.68853,0.2582,0.2582,0.0,0.0,0.2582,0.3162,0.1826,0.0,0.0,0.2582,0.3651,0.0,0.0,0.1826,0.3162,0.4472,0.2582,0.1826,0.4082,1.0,retract,0,0,2.7709
1786549677.7438,2026-08-12 17:47:57.743,8,0,0,-0.05621,-0.4984,0.04902,-2.4723,9.7484,-30.1145,-0.0705,0.0566,-0.7071,4.69004,0.2582,0.2582,0.0,0.0,0.2582,0.3162,0.1826,0.0,0.0,0.2582,0.3651,0.0,0.0,0.1826,0.3162,0.4472,0.2582,0.1826,0.4082,1.0,retract,0,0,2.7575
1786549677.7939,2026-08-12 17:47:57.793,8,0,0,-0.05624,-0.4984,0.04907,-2.4705,9.4753,-30.0759,-0.0644,0.058,-0.6995,4.67771,0.2582,0.2582,0.0,0.2582,0.1826,0.2582,0.1826,0.1826,0.0,0.2582,0.3651,0.0,0.1826,0.1826,0.4082,0.4472,0.1826,0.1826,0.4082,1.0,retract,0,0,2.8673
1786549677.844,2026-08-12 17:47:57.844,8,0,0,-0.05622,-0.4984,0.0491,-2.3813,9.2654,-30.2982,-0.0593,0.0627,-0.705,4.68576,0.2582,0.2582,0.0,0.2582,0.1826,0.2582,0.1826,0.1826,0.0,0.2582,0.3651,0.0,0.1826,0.1826,0.4082,0.4472,0.1826,0.1826,0.4082,1.0,retract,0,0,2.7956
1786549677.8942,2026-08-12 17:47:57.894,8,0,0,-0.05622,-0.4984,0.04912,-2.3341,9.7111,-30.2975,-0.0683,0.0648,-0.7098,4.68803,0.2582,0.3162,0.0,0.1826,0.0,0.3162,0.2582,0.0,0.1826,0.2582,0.4082,0.0,0.1826,0.0,0.3651,0.483,0.1826,0.0,0.3651,1.0,retract,0,0,2.7754
1786549677.9446,2026-08-12 17:47:57.944,8,0,0,-0.05624,-0.4984,0.04916,-2.2487,9.7397,-30.3069,-0.0675,0.065,-0.7068,4.68249,0.3651,0.3651,0.0,0.0,0.2582,0.2582,0.1826,0.0,0.0,0.2582,0.3162,0.0,0.1826,0.0,0.3162,0.3651,0.1826,0.1826,0.4082,1.0,retract,0,0,2.8247
1786549677.9947,2026-08-12 17:47:57.994,8,0,0,-0.05623,-0.49839,0.04919,-2.2471,9.5994,-29.9866,-0.0689,0.0641,-0.703,4.6903,0.3651,0.3651,0.0,0.0,0.2582,0.2582,0.1826,0.0,0.0,0.2582,0.3162,0.0,0.1826,0.0,0.3162,0.3651,0.1826,0.1826,0.4082,1.0,retract,0,0,2.7553
1786549678.0449,2026-08-12 17:47:58.044,8,0,0,-0.05622,-0.4984,0.04923,-2.4693,9.6349,-30.0261,-0.0677,0.0594,-0.7046,4.684,0.3162,0.1826,0.1826,0.1826,0.1826,0.2582,0.2582,0.0,0.0,0.2582,0.3162,0.0,0.1826,0.0,0.4472,0.3162,0.1826,0.0,0.3162,1.0,retract,0,0,2.8113
1786549678.0949,2026-08-12 17:47:58.094,8,0,0,-0.05624,-0.49842,0.04927,-2.0557,9.1617,-30.3817,-0.0552,0.0692,-0.7018,4.68929,0.3162,0.1826,0.1826,0.1826,0.1826,0.2582,0.2582,0.0,0.0,0.2582,0.3162,0.0,0.1826,0.0,0.4472,0.3162,0.1826,0.0,0.3162,1.0,retract,0,0,2.7642
1786549678.1451,2026-08-12 17:47:58.145,8,0,0,-0.05626,-0.49842,0.04932,-2.3496,9.3384,-30.155,-0.0627,0.063,-0.7099,4.69055,0.3162,0.1826,0.0,0.0,0.2582,0.1826,0.1826,0.2582,0.0,0.1826,0.3162,0.1826,0.2582,0.0,0.3162,0.3162,0.1826,0.0,0.2582,1.0,retract,0,0,2.753
1786549678.1952,2026-08-12 17:47:58.195,8,0,0,-0.05624,-0.49841,0.04934,-2.2197,9.7274,-30.1717,-0.0712,0.0634,-0.6993,4.68929,0.3162,0.1826,0.0,0.0,0.2582,0.1826,0.1826,0.2582,0.0,0.1826,0.3162,0.1826,0.2582,0.0,0.3162,0.3162,0.1826,0.0,0.2582,1.0,retract,0,0,2.7642
1786549678.2453,2026-08-12 17:47:58.245,8,0,0,-0.05624,-0.49841,0.04938,-1.9689,9.6674,-29.941,-0.0702,0.0711,-0.7003,4.67871,0.1826,0.2582,0.1826,0.0,0.0,0.3651,0.1826,0.1826,0.0,0.2582,0.4082,0.1826,0.1826,0.0,0.3651,0.4472,0.2582,0.0,0.4082,1.0,retract,0,0,2.8583
1786549678.2955,2026-08-12 17:47:58.295,8,0,0,-0.05624,-0.4984,0.0494,-2.3317,9.5021,-30.1164,-0.0654,0.0602,-0.6994,4.6903,0.3162,0.3162,0.0,0.0,0.2582,0.3162,0.2582,0.1826,0.0,0.3162,0.4082,0.1826,0.1826,0.0,0.4082,0.4472,0.1826,0.0,0.4472,1.0,retract,0,0,2.7553
1786549678.3456,2026-08-12 17:47:58.345,8,0,0,-0.05623,-0.49839,0.04942,-2.5253,9.9312,-29.8911,-0.0759,0.0561,-0.707,4.6835,0.3162,0.3162,0.0,0.0,0.2582,0.3162,0.2582,0.1826,0.0,0.3162,0.4082,0.1826,0.1826,0.0,0.4082,0.4472,0.1826,0.0,0.4472,1.0,retract,0,0,2.8157
1786549678.3957,2026-08-12 17:47:58.395,8,0,0,-0.05622,-0.49839,0.04944,-2.8328,9.9283,-30.1474,-0.0767,0.05,-0.7089,4.69306,0.1826,0.3162,0.1826,0.0,0.2582,0.3162,0.3162,0.1826,0.0,0.3162,0.3162,0.1826,0.1826,0.1826,0.4472,0.4472,0.3162,0.1826,0.4082,1.0,retract,0,0,2.7306
1786549678.4457,2026-08-12 17:47:58.445,8,0,0,-0.05624,-0.49839,0.04949,-2.267,9.4044,-29.9308,-0.0623,0.0658,-0.703,4.68148,0.1826,0.3162,0.1826,0.0,0.2582,0.3162,0.3162,0.1826,0.0,0.3162,0.3162,0.1826,0.1826,0.1826,0.4472,0.4472,0.3162,0.1826,0.4082,1.0,retract,0,0,2.8337
1786549678.4958,2026-08-12 17:47:58.495,8,0,0,-0.05624,-0.49839,0.04952,-2.7289,9.724,-29.9822,-0.073,0.0515,-0.7043,4.69004,0.2582,0.2582,0.0,0.1826,0.2582,0.2582,0.1826,0.2582,0.0,0.3162,0.3651,0.0,0.3162,0.0,0.4082,0.4082,0.0,0.2582,0.3651,1.0,retract,0,0,2.7575
1786549678.5459,2026-08-12 17:47:58.545,8,0,0,-0.05623,-0.49841,0.04956,-2.2887,9.4479,-29.9789,-0.0631,0.0646,-0.7044,4.68123,0.1826,0.3651,0.0,0.0,0.1826,0.3162,0.1826,0.0,0.1826,0.0,0.4082,0.0,0.1826,0.1826,0.2582,0.4472,0.1826,0.1826,0.2582,1.0,retract,0,0,2.8359
1786549678.5961,2026-08-12 17:47:58.596,8,0,0,-0.05623,-0.4984,0.04957,-2.818,9.9944,-29.8021,-0.0759,0.052,-0.7064,4.68425,0.1826,0.3651,0.0,0.0,0.1826,0.3162,0.1826,0.0,0.1826,0.0,0.4082,0.0,0.1826,0.1826,0.2582,0.4472,0.1826,0.1826,0.2582,1.0,retract,0,0,2.809
1786549678.6461,2026-08-12 17:47:58.646,8,0,0,-0.05623,-0.4984,0.0496,-2.3352,9.4614,-29.9991,-0.0635,0.0626,-0.7061,4.69332,0.0,0.2582,0.0,0.0,0.0,0.1826,0.2582,0.0,0.0,0.2582,0.3162,0.1826,0.0,0.0,0.3162,0.3651,0.2582,0.0,0.3651,1.0,retract,0,0,2.7284
1786549678.6962,2026-08-12 17:47:58.696,8,0,0,-0.05623,-0.49841,0.04962,-2.725,10.0257,-29.96,-0.0801,0.0553,-0.7045,4.68299,0.0,0.2582,0.0,0.0,0.0,0.1826,0.2582,0.0,0.0,0.2582,0.3162,0.1826,0.0,0.0,0.3162,0.3651,0.2582,0.0,0.3651,1.0,retract,0,0,2.8202
1786549678.7464,2026-08-12 17:47:58.746,8,0,0,-0.05623,-0.49841,0.04966,-2.6184,9.5685,-29.7854,-0.0668,0.0547,-0.7026,4.6913,0.2582,0.1826,0.0,0.0,0.1826,0.3162,0.1826,0.1826,0.0,0.1826,0.3162,0.0,0.2582,0.0,0.2582,0.3651,0.1826,0.0,0.0,1.0,retract,0,0,2.7463
1786549678.7965,2026-08-12 17:47:58.796,8,0,0,-0.05624,-0.4984,0.04967,-2.587,9.6642,-29.7476,-0.0677,0.0564,-0.7079,4.67846,0.2582,0.1826,0.0,0.0,0.1826,0.3162,0.1826,0.1826,0.0,0.1826,0.3162,0.0,0.2582,0.0,0.2582,0.3651,0.1826,0.0,0.0,1.0,retract,0,0,2.8605
1786549678.8466,2026-08-12 17:47:58.846,8,0,0,-0.05624,-0.49841,0.04969,-2.4039,9.3992,-29.9666,-0.0628,0.0635,-0.7029,4.67569,0.1826,0.1826,0.0,0.0,0.0,0.2582,0.0,0.0,0.0,0.1826,0.3162,0.0,0.1826,0.0,0.3162,0.3651,0.0,0.0,0.3651,1.0,retract,0,0,2.8852
1786549678.8967,2026-08-12 17:47:58.896,8,0,0,-0.05623,-0.49841,0.04969,-2.4145,9.5475,-30.0145,-0.0646,0.0597,-0.7024,4.68979,0.1826,0.1826,0.0,0.0,0.1826,0.2582,0.2582,0.0,0.0,0.0,0.3162,0.0,0.0,0.0,0.3162,0.3651,0.2582,0.0,0.3651,1.0,retract,0,0,2.7597
1786549678.9468,2026-08-12 17:47:58.946,8,0,0,-0.05622,-0.4984,0.04967,-2.4627,9.7155,-30.0522,-0.0701,0.0582,-0.7002,4.68299,0.1826,0.1826,0.0,0.0,0.1826,0.2582,0.2582,0.0,0.0,0.0,0.3162,0.0,0.0,0.0,0.3162,0.3651,0.2582,0.0,0.3651,1.0,retract,0,0,2.8202
1786549678.997,2026-08-12 17:47:58.997,8,0,0,-0.05621,-0.49839,0.04966,-2.5354,9.6162,-29.9721,-0.0683,0.0579,-0.7018,4.68576,0.0,0.3162,0.0,0.0,0.0,0.3162,0.0,0.0,0.0,0.2582,0.3651,0.0,0.0,0.1826,0.3651,0.4082,0.0,0.1826,0.3162,1.0,post,0,0,2.7956
1786549679.0472,2026-08-12 17:47:59.047,8,0,0,-0.05624,-0.4984,0.0497,-2.389,9.5009,-30.0304,-0.0636,0.061,-0.7021,4.68325,0.0,0.3162,0.0,0.0,0.0,0.3162,0.0,0.0,0.0,0.2582,0.3651,0.0,0.0,0.1826,0.3651,0.4082,0.0,0.1826,0.3162,1.0,post,0,0,2.818
1786549679.0972,2026-08-12 17:47:59.097,8,0,0,-0.05624,-0.49841,0.0497,-2.4498,9.8177,-29.84,-0.0715,0.0608,-0.7062,4.684,0.1826,0.2582,0.0,0.2582,0.0,0.3162,0.2582,0.0,0.0,0.2582,0.3651,0.1826,0.1826,0.1826,0.3651,0.4082,0.1826,0.1826,0.3162,1.0,post,0,0,2.8113
1786549679.1473,2026-08-12 17:47:59.147,8,0,0,-0.05623,-0.49841,0.04971,-2.9273,9.9684,-29.9885,-0.0768,0.0473,-0.7016,4.6835,0.0,0.2582,0.1826,0.1826,0.1826,0.2582,0.1826,0.0,0.0,0.2582,0.3162,0.1826,0.1826,0.1826,0.4082,0.3651,0.1826,0.0,0.4472,1.0,post,0,0,2.8157
1786549679.1975,2026-08-12 17:47:59.197,8,0,0,-0.05623,-0.4984,0.04971,-2.632,9.5984,-30.1194,-0.0639,0.0547,-0.7043,4.68652,0.0,0.2582,0.1826,0.1826,0.1826,0.2582,0.1826,0.0,0.0,0.2582,0.3162,0.1826,0.1826,0.1826,0.4082,0.3651,0.1826,0.0,0.4472,1.0,post,0,0,2.7889
1786549679.2476,2026-08-12 17:47:59.247,8,0,0,-0.05624,-0.4984,0.0497,-2.4641,9.389,-29.9976,-0.0632,0.0621,-0.7052,4.68174,0.2582,0.2582,0.0,0.1826,0.1826,0.2582,0.1826,0.1826,0.0,0.3162,0.3162,0.1826,0.1826,0.0,0.3651,0.3651,0.1826,0.0,0.4082,1.0,post,0,0,2.8314
1786549679.2977,2026-08-12 17:47:59.297,8,0,0,-0.05624,-0.49841,0.0497,-2.5253,9.7963,-29.7963,-0.0706,0.059,-0.6983,4.6835,0.2582,0.2582,0.0,0.1826,0.1826,0.2582,0.1826,0.1826,0.0,0.3162,0.3162,0.1826,0.1826,0.0,0.3651,0.3651,0.1826,0.0,0.4082,1.0,post,0,0,2.8157
1786549679.3478,2026-08-12 17:47:59.347,8,0,0,-0.05623,-0.4984,0.04969,-2.7812,10.0936,-30.0014,-0.0792,0.052,-0.7114,4.68174,0.3162,0.1826,0.0,0.1826,0.2582,0.2582,0.2582,0.1826,0.0,0.2582,0.2582,0.0,0.2582,0.0,0.4082,0.3162,0.2582,0.0,0.3651,1.0,post,0,0,2.8314
1786549679.3979,2026-08-12 17:47:59.397,8,0,0,-0.05625,-0.49842,0.04972,-2.6019,9.9949,-29.9863,-0.075,0.0554,-0.6958,4.68425,0.0,0.1826,0.0,0.0,0.0,0.3162,0.2582,0.1826,0.0,0.1826,0.3651,0.1826,0.1826,0.0,0.4082,0.4082,0.1826,0.0,0.4082,1.0,post,0,0,2.809
1786549679.4481,2026-08-12 17:47:59.448,8,0,0,-0.05622,-0.4984,0.04971,-2.5027,9.8443,-30.0993,-0.0712,0.0583,-0.7058,4.6835,0.0,0.1826,0.0,0.0,0.0,0.3162,0.2582,0.1826,0.0,0.1826,0.3651,0.1826,0.1826,0.0,0.4082,0.4082,0.1826,0.0,0.4082,1.0,post,0,0,2.8157
1786549679.4982,2026-08-12 17:47:59.498,8,0,0,-0.05624,-0.49841,0.04971,-2.4685,9.6743,-30.0026,-0.0675,0.0588,-0.7042,4.684,0.3162,0.2582,0.1826,0.0,0.1826,0.3162,0.2582,0.2582,0.0,0.0,0.3651,0.0,0.2582,0.0,0.3162,0.4082,0.2582,0.1826,0.3162,1.0,post,0,0,2.8113
1786549679.5483,2026-08-12 17:47:59.548,8,0,0,-0.05623,-0.4984,0.04971,-2.5268,9.6173,-29.8951,-0.0682,0.0592,-0.71,4.684,0.3162,0.2582,0.1826,0.0,0.1826,0.3162,0.2582,0.2582,0.0,0.0,0.3651,0.0,0.2582,0.0,0.3162,0.4082,0.2582,0.1826,0.3162,1.0,post,0,0,2.8113
1786549679.5984,2026-08-12 17:47:59.598,8,0,0,-0.05622,-0.49841,0.04971,-2.5678,9.6638,-29.9203,-0.0697,0.0552,-0.7039,4.684,0.1826,0.2582,0.2582,0.3162,0.0,0.3162,0.3162,0.0,0.1826,0.1826,0.3162,0.2582,0.1826,0.0,0.2582,0.3651,0.3162,0.0,0.3651,1.0,post,0,0,2.8113
1786549679.6485,2026-08-12 17:47:59.648,8,0,0,-0.05622,-0.49841,0.0497,-2.3565,9.3824,-29.9698,-0.0616,0.0581,-0.7016,4.68174,0.1826,0.2582,0.2582,0.3162,0.0,0.3162,0.3162,0.0,0.1826,0.1826,0.3162,0.2582,0.1826,0.0,0.2582,0.3651,0.3162,0.0,0.3651,1.0,post,0,0,2.8314
1786549679.6986,2026-08-12 17:47:59.698,8,0,0,-0.05624,-0.4984,0.04969,-2.5036,9.6949,-29.9008,-0.0709,0.0585,-0.7023,4.68702,0.2582,0.2582,0.0,0.0,0.0,0.2582,0.1826,0.2582,0.0,0.1826,0.3162,0.1826,0.3162,0.0,0.3162,0.3651,0.2582,0.0,0.4082,1.0,post,0,0,2.7844
1786549679.7488,2026-08-12 17:47:59.748,8,0,0,-0.05623,-0.4984,0.04969,-2.3468,9.7102,-29.8739,-0.0709,0.0623,-0.6977,4.68979,0.1826,0.2582,0.0,0.0,0.1826,0.3162,0.2582,0.1826,0.0,0.2582,0.3162,0.1826,0.1826,0.0,0.3651,0.3651,0.2582,0.0,0.3651,1.0,post,0,0,2.7597
1786549679.7989,2026-08-12 17:47:59.798,8,0,0,-0.05624,-0.4984,0.0497,-2.0915,9.3471,-30.0908,-0.0615,0.0688,-0.7039,4.68753,0.1826,0.2582,0.0,0.0,0.1826,0.3162,0.2582,0.1826,0.0,0.2582,0.3162,0.1826,0.1826,0.0,0.3651,0.3651,0.2582,0.0,0.3651,1.0,post,0,0,2.7799
1786549679.849,2026-08-12 17:47:59.849,8,0,0,-0.05622,-0.49839,0.04969,-2.2543,9.4752,-30.3752,-0.0662,0.065,-0.705,4.68778,0.2582,0.1826,0.0,0.0,0.1826,0.2582,0.2582,0.0,0.2582,0.2582,0.3651,0.0,0.1826,0.1826,0.3651,0.4082,0.1826,0.1826,0.3651,1.0,post,0,0,2.7777
1786549679.8993,2026-08-12 17:47:59.899,8,0,0,-0.05623,-0.49841,0.0497,-2.3969,9.3875,-29.997,-0.0604,0.0614,-0.7089,4.68224,0.2582,0.1826,0.0,0.0,0.1826,0.2582,0.2582,0.0,0.2582,0.2582,0.3651,0.0,0.1826,0.1826,0.3651,0.4082,0.1826,0.1826,0.3651,1.0,post,0,0,2.8269
1786549679.9494,2026-08-12 17:47:59.949,8,0,0,-0.05623,-0.49841,0.0497,-2.4386,9.7381,-30.2178,-0.0702,0.061,-0.7007,4.68098,0.2582,0.1826,0.1826,0.2582,0.0,0.2582,0.3162,0.0,0.1826,0.2582,0.3651,0.3162,0.2582,0.0,0.3651,0.3651,0.2582,0.0,0.3651,1.0,post,0,0,2.8381
1786549679.9995,2026-08-12 17:47:59.999,8,0,0,-0.05623,-0.4984,0.0497,-2.3324,9.6976,-30.0591,-0.0698,0.0643,-0.6942,4.68979,0.2582,0.0,0.0,0.0,0.1826,0.1826,0.1826,0.1826,0.1826,0.2582,0.3651,0.0,0.3162,0.0,0.2582,0.3651,0.2582,0.0,0.3162,1.0,post,0,0,2.7597
1786549680.0496,2026-08-12 17:48:00.049,8,0,0,-0.05624,-0.49841,0.0497,-2.3054,9.8065,-30.162,-0.0716,0.064,-0.7036,4.68753,0.2582,0.0,0.0,0.0,0.1826,0.1826,0.1826,0.1826,0.1826,0.2582,0.3651,0.0,0.3162,0.0,0.2582,0.3651,0.2582,0.0,0.3162,1.0,post,0,0,2.7799
1786549680.0997,2026-08-12 17:48:00.099,8,0,0,-0.05624,-0.4984,0.0497,-2.7351,9.4922,-30.1782,-0.0665,0.0524,-0.7019,4.68803,0.0,0.0,0.0,0.1826,0.0,0.3162,0.1826,0.1826,0.0,0.3162,0.3651,0.0,0.2582,0.1826,0.3651,0.4082,0.0,0.0,0.3651,1.0,post,0,0,2.7754
1786549680.1498,2026-08-12 17:48:00.149,8,0,0,-0.05625,-0.4984,0.0497,-2.5392,9.363,-30.256,-0.0611,0.0604,-0.7053,4.68123,0.0,0.0,0.0,0.1826,0.0,0.3162,0.1826,0.1826,0.0,0.3162,0.3651,0.0,0.2582,0.1826,0.3651,0.4082,0.0,0.0,0.3651,1.0,post,0,0,2.8359
1786549680.1999,2026-08-12 17:48:00.199,8,0,0,-0.05623,-0.4984,0.0497,-2.0857,9.4088,-30.1114,-0.0644,0.0684,-0.6957,4.68501,0.2582,0.2582,0.0,0.1826,0.2582,0.2582,0.2582,0.0,0.2582,0.2582,0.3162,0.1826,0.0,0.1826,0.3651,0.4082,0.2582,0.2582,0.3651,1.0,post,0,0,2.8023
1786549680.25,2026-08-12 17:48:00.250,8,0,0,-0.05624,-0.4984,0.0497,-2.5768,9.4728,-30.0677,-0.0632,0.0587,-0.703,4.68199,0.1826,0.2582,0.1826,0.2582,0.1826,0.3651,0.2582,0.1826,0.0,0.2582,0.3651,0.1826,0.1826,0.1826,0.3651,0.483,0.2582,0.1826,0.4082,1.0,post,0,0,2.8292
1786549680.3001,2026-08-12 17:48:00.300,8,0,0,-0.05623,-0.4984,0.04971,-2.5746,9.3903,-29.9421,-0.0642,0.0573,-0.7059,4.6903,0.1826,0.2582,0.1826,0.2582,0.1826,0.3651,0.2582,0.1826,0.0,0.2582,0.3651,0.1826,0.1826,0.1826,0.3651,0.483,0.2582,0.1826,0.4082,1.0,post,0,0,2.7553
1786549680.3502,2026-08-12 17:48:00.350,8,0,0,-0.05623,-0.4984,0.04969,-2.2623,9.4476,-30.0191,-0.0641,0.0633,-0.6986,4.68123,0.2582,0.2582,0.0,0.1826,0.2582,0.2582,0.1826,0.1826,0.1826,0.2582,0.2582,0.0,0.1826,0.0,0.3651,0.3162,0.1826,0.0,0.4082,1.0,post,0,0,2.8359
1786549680.4003,2026-08-12 17:48:00.400,8,0,0,-0.05623,-0.4984,0.0497,-2.3482,9.7018,-30.0036,-0.0723,0.0622,-0.697,4.68904,0.2582,0.2582,0.0,0.1826,0.2582,0.2582,0.1826,0.1826,0.1826,0.2582,0.2582,0.0,0.1826,0.0,0.3651,0.3162,0.1826,0.0,0.4082,1.0,post,0,0,2.7665
1786549680.4504,2026-08-12 17:48:00.450,8,0,0,-0.05621,-0.49839,0.0497,-2.2643,9.495,-30.0855,-0.0589,0.0644,-0.7034,4.68199,0.1826,0.0,0.0,0.0,0.0,0.3162,0.1826,0.0,0.0,0.2582,0.3651,0.1826,0.1826,0.0,0.3162,0.4082,0.1826,0.0,0.3651,1.0,post,0,0,2.8292
1786549680.5006,2026-08-12 17:48:00.500,8,0,0,-0.05624,-0.49841,0.04971,-2.4184,9.5924,-30.112,-0.0648,0.064,-0.7071,4.69306,0.1826,0.0,0.0,0.0,0.0,0.3162,0.1826,0.0,0.0,0.2582,0.3651,0.1826,0.1826,0.0,0.3162,0.4082,0.1826,0.0,0.3651,1.0,post,0,0,2.7306
1786549680.5507,2026-08-12 17:48:00.550,8,0,0,-0.05622,-0.4984,0.0497,-2.2944,9.1016,-30.0239,-0.054,0.0613,-0.706,4.69231,0.0,0.3162,0.0,0.1826,0.1826,0.3162,0.1826,0.0,0.0,0.1826,0.3651,0.0,0.1826,0.0,0.3162,0.4082,0.1826,0.0,0.3651,1.0,post,0,0,2.7373
1786549680.6009,2026-08-12 17:48:00.600,8,0,0,-0.05623,-0.4984,0.0497,-2.1222,9.6122,-29.9625,-0.0705,0.0685,-0.6996,4.69357,0.0,0.1826,0.0,0.0,0.0,0.1826,0.0,0.0,0.0,0.3162,0.2582,0.0,0.0,0.1826,0.3651,0.3651,0.1826,0.0,0.4082,1.0,post,0,0,2.7261
1786549680.651,2026-08-12 17:48:00.651,8,0,0,-0.05624,-0.4984,0.04971,-2.4786,9.7836,-29.9993,-0.0728,0.0557,-0.7025,4.68803,0.0,0.1826,0.0,0.0,0.0,0.1826,0.0,0.0,0.0,0.3162,0.2582,0.0,0.0,0.1826,0.3651,0.3651,0.1826,0.0,0.4082,1.0,post,0,0,2.7754
1786549680.7012,2026-08-12 17:48:00.701,8,0,0,-0.05622,-0.4984,0.0497,-2.4872,9.8653,-30.1571,-0.0744,0.0589,-0.6981,4.68174,0.3162,0.1826,0.0,0.1826,0.1826,0.3162,0.2582,0.0,0.1826,0.1826,0.3651,0.0,0.0,0.0,0.3651,0.4082,0.1826,0.0,0.3651,1.0,post,0,0,2.8314
1786549680.7513,2026-08-12 17:48:00.751,8,0,0,-0.05622,-0.49839,0.04968,-2.5043,9.3341,-30.0707,-0.0641,0.0592,-0.7022,4.67947,0.3162,0.1826,0.0,0.1826,0.1826,0.3162,0.2582,0.0,0.1826,0.1826,0.3651,0.0,0.0,0.0,0.3651,0.4082,0.1826,0.0,0.3651,1.0,post,0,0,2.8516
1786549680.8015,2026-08-12 17:48:00.801,8,0,0,-0.05622,-0.49841,0.04971,-2.6379,9.6305,-29.9181,-0.069,0.0558,-0.7092,4.67972,0.1826,0.2582,0.0,0.2582,0.0,0.1826,0.2582,0.0,0.0,0.0,0.2582,0.0,0.1826,0.0,0.2582,0.2582,0.2582,0.0,0.3162,1.0,post,0,0,2.8493
1786549680.8516,2026-08-12 17:48:00.851,8,0,0,-0.05625,-0.49841,0.0497,-2.2732,9.3821,-30.0585,-0.0579,0.0651,-0.6995,4.69634,0.0,0.1826,0.0,0.1826,0.1826,0.1826,0.3162,0.1826,0.0,0.2582,0.3162,0.2582,0.2582,0.1826,0.3162,0.3162,0.2582,0.1826,0.3651,1.0,post,0,0,2.7015
1786549680.9017,2026-08-12 17:48:00.901,8,0,0,-0.05623,-0.49839,0.04969,-2.418,9.2078,-30.0019,-0.0622,0.0647,-0.7028,4.69206,0.0,0.1826,0.0,0.1826,0.1826,0.1826,0.3162,0.1826,0.0,0.2582,0.3162,0.2582,0.2582,0.1826,0.3162,0.3162,0.2582,0.1826,0.3651,1.0,post,0,0,2.7396
1786549680.9518,2026-08-12 17:48:00.951,8,0,0,-0.05623,-0.49839,0.0497,-2.4145,9.903,-30.1074,-0.0763,0.0591,-0.6995,4.69004,0.2582,0.1826,0.0,0.0,0.1826,0.1826,0.2582,0.1826,0.0,0.1826,0.1826,0.0,0.1826,0.0,0.3162,0.3162,0.0,0.0,0.3162,1.0,post,0,0,2.7575
1786549681.0019,2026-08-12 17:48:01.001,2,0,0,-0.05622,-0.49841,0.04971,-2.3897,9.3808,-29.9999,-0.0656,0.0581,-0.7015,4.69332,0.2582,0.1826,0.0,0.0,0.1826,0.1826,0.2582,0.1826,0.0,0.1826,0.1826,0.0,0.1826,0.0,0.3162,0.3162,0.0,0.0,0.3162,1.0,locate,0,0,2.7284
1786549681.0519,2026-08-12 17:48:01.051,2,0,0,-0.05604,-0.49813,0.04979,-2.6866,9.7556,-30.0256,-0.0721,0.0494,-0.6397,4.68199,0.0,0.0,0.0,0.0,0.0,0.3162,0.2582,0.0,0.0,0.2582,0.3651,0.2582,0.1826,0.0,0.3651,0.4082,0.1826,0.0,0.3162,1.0,locate,0,0,2.8292
1786549681.102,2026-08-12 17:48:01.101,2,0,0,-0.05536,-0.49731,0.04986,-2.2036,9.0974,-30.0061,-0.0567,0.063,-0.417,4.69357,0.2582,0.1826,0.1826,0.0,0.1826,0.1826,0.0,0.0,0.1826,0.1826,0.3162,0.0,0.0,0.0,0.1826,0.4082,0.1826,0.0,0.3651,1.0,locate,0,0,2.7261
1786549681.1522,2026-08-12 17:48:01.152,2,0,0,-0.05416,-0.49583,0.04984,-2.3246,9.477,-30.0752,-0.0654,0.0634,-0.1013,4.68753,0.2582,0.1826,0.1826,0.0,0.1826,0.1826,0.0,0.0,0.1826,0.1826,0.3162,0.0,0.0,0.0,0.1826,0.4082,0.1826,0.0,0.3651,1.0,locate,0,0,2.7799
1786549681.2023,2026-08-12 17:48:01.202,2,0,0,-0.05256,-0.49393,0.0498,-2.0532,9.2605,-30.0166,-0.0569,0.066,-0.1508,4.68576,0.0,0.3162,0.0,0.1826,0.0,0.2582,0.2582,0.1826,0.0,0.2582,0.2582,0.0,0.2582,0.1826,0.2582,0.3162,0.1826,0.1826,0.4082,1.0,locate,0,0,2.7956
1786549681.2523,2026-08-12 17:48:01.252,2,0,0,-0.0509,-0.49194,0.04972,-2.294,9.0438,-30.3064,-0.0522,0.0645,-0.1848,4.68979,0.0,0.3162,0.0,0.1826,0.0,0.2582,0.2582,0.1826,0.0,0.2582,0.2582,0.0,0.2582,0.1826,0.2582,0.3162,0.1826,0.1826,0.4082,1.0,locate,0,0,2.7597
1786549681.3024,2026-08-12 17:48:01.302,2,0,0,-0.04936,-0.49008,0.04973,-2.102,9.3049,-30.1599,-0.0614,0.0672,-0.1911,4.69382,0.1826,0.0,0.0,0.0,0.0,0.2582,0.2582,0.0,0.0,0.3162,0.3162,0.1826,0.0,0.0,0.3651,0.3651,0.2582,0.0,0.3651,1.0,locate,0,0,2.7239
1786549681.3525,2026-08-12 17:48:01.352,2,0,0,-0.04775,-0.48814,0.04971,-2.0774,9.2852,-30.1173,-0.0587,0.0682,-0.1952,4.67695,0.1826,0.0,0.0,0.0,0.0,0.2582,0.2582,0.0,0.0,0.3162,0.3162,0.1826,0.0,0.0,0.3651,0.3651,0.2582,0.0,0.3651,1.0,locate,0,0,2.874
1786549681.4027,2026-08-12 17:48:01.402,2,0,0,-0.04616,-0.48623,0.04971,-2.3068,9.3728,-30.1882,-0.0607,0.0669,-0.2011,4.68979,0.3162,0.1826,0.2582,0.0,0.3162,0.1826,0.1826,0.2582,0.0,0.2582,0.2582,0.0,0.2582,0.0,0.3651,0.2582,0.3651,0.0,0.3162,1.0,locate,0,0,2.7597
1786549681.4528,2026-08-12 17:48:01.452,2,0,0,-0.04459,-0.48435,0.04972,-2.3736,9.5059,-29.928,-0.0581,0.061,-0.2052,4.69155,0.2582,0.2582,0.0,0.0,0.0,0.1826,0.1826,0.1826,0.1826,0.3651,0.1826,0.0,0.3162,0.1826,0.3651,0.1826,0.3162,0.1826,0.3651,1.0,locate,0,0,2.7441
1786549681.5029,2026-08-12 17:48:01.502,2,0,0,-0.04337,-0.48287,0.04973,-2.1644,9.854,-29.9164,-0.0696,0.0682,-0.2069,4.67947,0.2582,0.2582,0.0,0.0,0.0,0.1826,0.1826,0.1826,0.1826,0.3651,0.1826,0.0,0.3162,0.1826,0.3651,0.1826,0.3162,0.1826,0.3651,1.0,locate,0,0,2.8516
1786549681.553,2026-08-12 17:48:01.553,2,0,0,-0.04265,-0.48199,0.04972,-1.6578,9.3597,-30.3055,-0.0603,0.0786,-0.2061,4.69332,0.2582,0.0,0.0,0.1826,0.3162,0.3162,0.0,0.0,0.2582,0.1826,0.3162,0.0,0.2582,0.2582,0.3162,0.3651,0.2582,0.1826,0.3162,1.0,locate,0,0,2.7284
1786549681.6031,2026-08-12 17:48:01.603,2,0,0,-0.04246,-0.4817,0.04967,-2.0445,9.8551,-30.1338,-0.0711,0.0673,-0.2195,4.68299,0.2582,0.0,0.0,0.1826,0.3162,0.3162,0.0,0.0,0.2582,0.1826,0.3162,0.0,0.2582,0.2582,0.3162,0.3651,0.2582,0.1826,0.3162,1.0,locate,0,0,2.8202
1786549681.6532,2026-08-12 17:48:01.653,2,0,0,-0.04248,-0.48172,0.04969,-2.0401,9.2753,-30.1315,-0.0566,0.0698,-0.2116,4.6913,0.3162,0.2582,0.0,0.3162,0.3162,0.2582,0.3162,0.2582,0.3162,0.2582,0.2582,0.1826,0.3162,0.0,0.3651,0.2582,0.3162,0.0,0.3162,1.0,locate,0,0,2.7463
1786549681.7034,2026-08-12 17:48:01.703,2,0,0,-0.04248,-0.48172,0.04967,-2.2849,9.2085,-29.9584,-0.0574,0.0636,-0.2129,4.6845,0.2582,0.0,0.0,0.2582,0.1826,0.1826,0.1826,0.3162,0.0,0.0,0.1826,0.0,0.3162,0.1826,0.1826,0.3162,0.3162,0.1826,0.0,1.0,locate,0,0,2.8068
1786549681.7535,2026-08-12 17:48:01.753,2,0,0,-0.04247,-0.48172,0.04969,-2.3197,9.722,-29.965,-0.0701,0.0601,-0.2127,4.69231,0.2582,0.0,0.0,0.2582,0.1826,0.1826,0.1826,0.3162,0.0,0.0,0.1826,0.0,0.3162,0.1826,0.1826,0.3162,0.3162,0.1826,0.0,1.0,locate,0,0,2.7373
1786549681.8036,2026-08-12 17:48:01.803,2,0,0,-0.04246,-0.48173,0.04968,-1.8248,9.133,-29.9723,-0.0532,0.0759,-0.2089,4.69231,0.0,0.2582,0.1826,0.3162,0.0,0.2582,0.2582,0.2582,0.3162,0.0,0.2582,0.0,0.3651,0.1826,0.3162,0.3162,0.3651,0.1826,0.2582,1.0,locate,0,0,2.7373
1786549681.8537,2026-08-12 17:48:01.853,2,0,0,-0.04244,-0.48172,0.0497,-2.125,9.4505,-29.8529,-0.0645,0.0658,-0.22,4.68325,0.0,0.2582,0.1826,0.3162,0.0,0.2582,0.2582,0.2582,0.3162,0.0,0.2582,0.0,0.3651,0.1826,0.3162,0.3162,0.3651,0.1826,0.2582,1.0,locate,0,0,2.818
1786549681.9038,2026-08-12 17:48:01.903,2,0,0,-0.04243,-0.48171,0.04969,-1.9852,9.3869,-29.9867,-0.0569,0.0727,-0.2249,4.69155,0.2582,0.1826,0.1826,0.2582,0.0,0.2582,0.1826,0.4082,0.2582,0.0,0.3162,0.0,0.4472,0.0,0.2582,0.3162,0.3162,0.0,0.1826,1.0,locate,0,0,2.7441
1786549681.9539,2026-08-12 17:48:01.953,2,0,0,-0.04244,-0.48172,0.04971,-2.1701,9.501,-30.0339,-0.0646,0.0671,-0.2283,4.68501,0.0,0.3162,0.0,0.0,0.0,0.2582,0.1826,0.3162,0.0,0.2582,0.2582,0.0,0.3651,0.3162,0.3162,0.3162,0.3162,0.1826,0.2582,1.0,locate,0,0,2.8023
1786549682.004,2026-08-12 17:48:02.004,2,0,0,-0.04245,-0.48172,0.04972,-1.6439,9.3966,-30.1702,-0.0627,0.077,-0.2255,4.69558,0.0,0.3162,0.0,0.0,0.0,0.2582,0.1826,0.3162,0.0,0.2582,0.2582,0.0,0.3651,0.3162,0.3162,0.3162,0.3162,0.1826,0.2582,1.0,locate,0,0,2.7082
1786549682.0541,2026-08-12 17:48:02.054,2,0,0,-0.04245,-0.48172,0.04971,-2.0893,9.0221,-30.016,-0.0521,0.07,-0.2296,4.68375,0.2582,0.2582,0.0,0.2582,0.1826,0.2582,0.2582,0.1826,0.2582,0.3162,0.3162,0.0,0.3651,0.1826,0.3651,0.3162,0.3162,0.1826,0.3651,1.0,locate,0,0,2.8135
1786549682.1043,2026-08-12 17:48:02.104,2,0,0,-0.04243,-0.48172,0.04971,-2.4133,9.7286,-29.9229,-0.0692,0.0599,-0.2381,4.69382,0.2582,0.2582,0.0,0.2582,0.1826,0.2582,0.2582,0.1826,0.2582,0.3162,0.3162,0.0,0.3651,0.1826,0.3651,0.3162,0.3162,0.1826,0.3651,1.0,locate,0,0,2.7239
1786549682.1544,2026-08-12 17:48:02.154,2,0,0,-0.04243,-0.48173,0.04973,-1.9364,9.2083,-29.9288,-0.0559,0.0737,-0.2382,4.68375,0.2582,0.3162,0.0,0.2582,0.3162,0.2582,0.0,0.3162,0.1826,0.1826,0.3162,0.0,0.3651,0.2582,0.1826,0.3162,0.2582,0.2582,0.2582,1.0,locate,0,0,2.8135
1786549682.2045,2026-08-12 17:48:02.204,2,0,0,-0.04245,-0.48172,0.04971,-2.1149,9.6064,-29.939,-0.0664,0.0661,-0.2405,4.68853,0.2582,0.3162,0.0,0.2582,0.3162,0.2582,0.0,0.3162,0.1826,0.1826,0.3162,0.0,0.3651,0.2582,0.1826,0.3162,0.2582,0.2582,0.2582,1.0,locate,0,0,2.7709
1786549682.2545,2026-08-12 17:48:02.254,2,0,0,-0.04245,-0.48171,0.04972,-2.0241,9.1708,-29.918,-0.0599,0.0714,-0.2424,4.68249,0.1826,0.2582,0.0,0.3651,0.0,0.3162,0.0,0.3162,0.3162,0.1826,0.2582,0.0,0.3162,0.1826,0.2582,0.3651,0.1826,0.0,0.2582,1.0,locate,0,0,2.8247
1786549682.3047,2026-08-12 17:48:02.304,2,0,0,-0.04243,-0.48172,0.04971,-1.9637,8.7601,-29.9377,-0.0448,0.0712,-0.2417,4.69281,0.2582,0.3162,0.0,0.2582,0.0,0.2582,0.0,0.2582,0.1826,0.2582,0.3162,0.0,0.2582,0.1826,0.3651,0.3162,0.3162,0.1826,0.2582,1.0,locate,0,0,2.7329
1786549682.3548,2026-08-12 17:48:02.354,2,0,0,-0.04245,-0.48172,0.04971,-2.0827,9.6961,-29.8103,-0.0676,0.0707,-0.2507,4.68778,0.2582,0.3162,0.0,0.2582,0.0,0.2582,0.0,0.2582,0.1826,0.2582,0.3162,0.0,0.2582,0.1826,0.3651,0.3162,0.3162,0.1826,0.2582,1.0,locate,0,0,2.7777
1786549682.4049,2026-08-12 17:48:02.404,2,0,0,-0.04245,-0.48171,0.04971,-2.1652,9.4777,-29.9935,-0.0591,0.0688,-0.2463,4.68904,0.2582,0.3162,0.0,0.3162,0.1826,0.2582,0.0,0.1826,0.1826,0.2582,0.2582,0.0,0.3651,0.0,0.3162,0.1826,0.2582,0.0,0.2582,1.0,locate,0,0,2.7665
1786549682.455,2026-08-12 17:48:02.455,2,0,0,-0.04246,-0.48171,0.04972,-2.1091,9.1343,-29.9692,-0.0561,0.0704,-0.2463,4.68602,0.2582,0.3162,0.0,0.3162,0.1826,0.2582,0.0,0.1826,0.1826,0.2582,0.2582,0.0,0.3651,0.0,0.3162,0.1826,0.2582,0.0,0.2582,1.0,locate,0,0,2.7933
1786549682.5051,2026-08-12 17:48:02.505,2,0,0,-0.04244,-0.48172,0.04971,-1.6966,9.3233,-30.0411,-0.0583,0.0796,-0.2382,4.68652,0.0,0.2582,0.0,0.2582,0.1826,0.1826,0.0,0.3162,0.2582,0.2582,0.2582,0.0,0.3162,0.2582,0.3651,0.1826,0.3162,0.1826,0.3651,1.0,locate,0,0,2.7889
1786549682.5552,2026-08-12 17:48:02.555,2,0,0,-0.04246,-0.48172,0.04972,-2.3018,9.8716,-30.0,-0.0727,0.063,-0.255,4.68123,0.3162,0.1826,0.1826,0.3162,0.2582,0.3162,0.1826,0.3162,0.2582,0.2582,0.3162,0.1826,0.3651,0.1826,0.2582,0.3162,0.3162,0.0,0.2582,1.0,locate,0,0,2.8359
1786549682.6053,2026-08-12 17:48:02.605,2,0,0,-0.04245,-0.4817,0.0497,-2.1689,9.5578,-29.9504,-0.0644,0.0666,-0.2532,4.68778,0.3162,0.1826,0.1826,0.3162,0.2582,0.3162,0.1826,0.3162,0.2582,0.2582,0.3162,0.1826,0.3651,0.1826,0.2582,0.3162,0.3162,0.0,0.2582,1.0,locate,0,0,2.7777
1786549682.6555,2026-08-12 17:48:02.655,2,0,0,-0.04244,-0.48171,0.04972,-2.2758,9.6525,-29.9482,-0.0681,0.0638,-0.255,4.68249,0.0,0.2582,0.1826,0.3162,0.0,0.3162,0.3162,0.3651,0.3162,0.3162,0.2582,0.1826,0.4082,0.1826,0.3651,0.3162,0.3651,0.0,0.3162,1.0,locate,0,0,2.8247
1786549682.7056,2026-08-12 17:48:02.705,2,0,0,-0.04245,-0.48171,0.04971,-2.1338,9.3055,-29.9738,-0.0577,0.0683,-0.2508,4.6908,0.0,0.2582,0.1826,0.3162,0.0,0.3162,0.3162,0.3651,0.3162,0.3162,0.2582,0.1826,0.4082,0.1826,0.3651,0.3162,0.3651,0.0,0.3162,1.0,locate,0,0,2.7508
1786549682.7558,2026-08-12 17:48:02.755,2,0,0,-0.04245,-0.48171,0.04971,-2.5019,10.0128,-29.8579,-0.0794,0.0585,-0.2658,4.68551,0.2582,0.3162,0.1826,0.2582,0.1826,0.1826,0.2582,0.3651,0.3162,0.2582,0.0,0.1826,0.4082,0.1826,0.3651,0.0,0.3162,0.2582,0.3162,1.0,locate,0,0,2.7978
1786549682.8058,2026-08-12 17:48:02.805,2,0,0,-0.04245,-0.48172,0.04971,-2.234,9.9906,-29.8006,-0.0754,0.0653,-0.2648,4.68375,0.2582,0.3162,0.1826,0.2582,0.1826,0.1826,0.2582,0.3651,0.3162,0.2582,0.0,0.1826,0.4082,0.1826,0.3651,0.0,0.3162,0.2582,0.3162,1.0,locate,0,0,2.8135
1786549682.8561,2026-08-12 17:48:02.856,2,0,0,-0.04244,-0.48171,0.0497,-2.1079,9.6087,-30.0473,-0.068,0.0671,-0.2549,4.69181,0.3162,0.2582,0.0,0.2582,0.1826,0.2582,0.0,0.3162,0.1826,0.0,0.1826,0.0,0.4082,0.0,0.1826,0.1826,0.3162,0.0,0.1826,1.0,locate,0,0,2.7418
1786549682.9061,2026-08-12 17:48:02.906,2,0,0,-0.04245,-0.48172,0.04972,-2.2597,9.4383,-29.8835,-0.0632,0.0648,-0.2571,4.68224,0.1826,0.2582,0.0,0.2582,0.0,0.2582,0.1826,0.3162,0.1826,0.1826,0.1826,0.0,0.3651,0.2582,0.3162,0.3162,0.2582,0.2582,0.1826,1.0,locate,0,0,2.8269
1786549682.9563,2026-08-12 17:48:02.956,2,0,0,-0.04245,-0.48171,0.0497,-2.0421,9.0183,-29.9058,-0.0537,0.0716,-0.2598,4.68677,0.1826,0.2582,0.0,0.2582,0.0,0.2582,0.1826,0.3162,0.1826,0.1826,0.1826,0.0,0.3651,0.2582,0.3162,0.3162,0.2582,0.2582,0.1826,1.0,locate,0,0,2.7866
1786549683.0065,2026-08-12 17:48:03.006,2,0,0,-0.04244,-0.48171,0.04971,-2.3573,9.7242,-29.9592,-0.0702,0.0618,-0.2622,4.69004,0.2582,0.1826,0.0,0.4082,0.2582,0.1826,0.0,0.3162,0.4082,0.2582,0.2582,0.0,0.3162,0.1826,0.3162,0.1826,0.2582,0.0,0.3651,1.0,locate,0,0,2.7575
1786549683.0566,2026-08-12 17:48:03.056,2,0,0,-0.04246,-0.48172,0.04971,-2.3952,9.9124,-29.9344,-0.0712,0.0615,-0.2696,4.69281,0.2582,0.1826,0.0,0.4082,0.2582,0.1826,0.0,0.3162,0.4082,0.2582,0.2582,0.0,0.3162,0.1826,0.3162,0.1826,0.2582,0.0,0.3651,1.0,locate,0,0,2.7329
1786549683.1067,2026-08-12 17:48:03.106,2,0,0,-0.04245,-0.48171,0.0497,-2.0727,9.0494,-29.9827,-0.0532,0.0713,-0.2661,4.68929,0.3162,0.2582,0.0,0.1826,0.1826,0.0,0.1826,0.2582,0.0,0.0,0.1826,0.0,0.3162,0.3162,0.1826,0.2582,0.3162,0.2582,0.1826,1.0,locate,0,0,2.7642
1786549683.1568,2026-08-12 17:48:03.156,2,0,0,-0.04244,-0.48171,0.04971,-2.0418,9.1804,-30.0973,-0.0575,0.0704,-0.2675,4.68803,0.0,0.1826,0.0,0.3651,0.0,0.1826,0.1826,0.3162,0.3651,0.3162,0.2582,0.0,0.3651,0.0,0.3162,0.2582,0.3162,0.0,0.3162,1.0,locate,0,0,2.7754
1786549683.2069,2026-08-12 17:48:03.206,2,0,0,-0.04246,-0.48171,0.04971,-2.3073,9.5195,-30.0007,-0.0648,0.0616,-0.2661,4.69155,0.0,0.1826,0.0,0.3651,0.0,0.1826,0.1826,0.3162,0.3651,0.3162,0.2582,0.0,0.3651,0.0,0.3162,0.2582,0.3162,0.0,0.3162,1.0,locate,0,0,2.7441
1786549683.257,2026-08-12 17:48:03.257,2,0,0,-0.04243,-0.48171,0.04972,-1.7903,9.1687,-30.0244,-0.0574,0.0774,-0.2637,4.68476,0.1826,0.1826,0.0,0.2582,0.1826,0.2582,0.0,0.3162,0.2582,0.1826,0.2582,0.0,0.3651,0.0,0.1826,0.2582,0.2582,0.0,0.2582,1.0,locate,0,0,2.8045
1786549683.3072,2026-08-12 17:48:03.307,2,0,0,-0.04244,-0.48172,0.04971,-2.0002,9.4491,-30.0882,-0.063,0.0702,-0.2731,4.69231,0.1826,0.1826,0.0,0.2582,0.1826,0.2582,0.0,0.3162,0.2582,0.1826,0.2582,0.0,0.3651,0.0,0.1826,0.2582,0.2582,0.0,0.2582,1.0,locate,0,0,2.7373
1786549683.3573,2026-08-12 17:48:03.357,2,0,0,-0.04244,-0.48172,0.04971,-2.3931,9.7612,-29.8331,-0.0673,0.0608,-0.2724,4.68325,0.1826,0.1826,0.0,0.2582,0.0,0.0,0.0,0.2582,0.1826,0.1826,0.1826,0.0,0.3162,0.2582,0.3162,0.2582,0.2582,0.2582,0.2582,1.0,locate,0,0,2.818
1786549683.4074,2026-08-12 17:48:03.407,2,0,0,-0.04244,-0.4817,0.04969,-1.913,9.5078,-30.0727,-0.07,0.0748,-0.2694,4.6913,0.2582,0.1826,0.0,0.3162,0.0,0.1826,0.1826,0.2582,0.2582,0.2582,0.2582,0.0,0.3651,0.2582,0.3651,0.2582,0.2582,0.2582,0.3651,1.0,locate,0,0,2.7463
1786549683.4575,2026-08-12 17:48:03.457,2,0,0,-0.04245,-0.48172,0.04971,-1.858,9.0641,-29.9333,-0.0543,0.0724,-0.2756,4.69004,0.2582,0.1826,0.0,0.3162,0.0,0.1826,0.1826,0.2582,0.2582,0.2582,0.2582,0.0,0.3651,0.2582,0.3651,0.2582,0.2582,0.2582,0.3651,1.0,locate,0,0,2.7575
1786549683.5076,2026-08-12 17:48:03.507,2,0,0,-0.04244,-0.48171,0.04971,-2.0742,9.48,-29.8111,-0.0648,0.0684,-0.2743,4.68803,0.2582,0.3162,0.0,0.2582,0.2582,0.2582,0.1826,0.3162,0.2582,0.1826,0.1826,0.0,0.3162,0.1826,0.2582,0.2582,0.3162,0.1826,0.2582,1.0,locate,0,0,2.7754
1786549683.5577,2026-08-12 17:48:03.557,2,0,0,-0.04244,-0.48171,0.04971,-2.0512,9.3206,-29.8326,-0.0609,0.0699,-0.2723,4.68954,0.2582,0.3162,0.0,0.2582,0.2582,0.2582,0.1826,0.3162,0.2582,0.1826,0.1826,0.0,0.3162,0.1826,0.2582,0.2582,0.3162,0.1826,0.2582,1.0,locate,0,0,2.762
1786549683.6078,2026-08-12 17:48:03.607,2,1,0,-0.04246,-0.48171,0.04971,-1.8239,9.3744,-30.0391,-0.0629,0.0754,-0.2806,4.68702,0.0,0.2582,0.0,0.2582,0.1826,0.1826,0.1826,0.2582,0.1826,0.1826,0.1826,0.0,0.3162,0.2582,0.1826,0.3162,0.3162,0.1826,0.0,1.0,press,0,0,2.7844
1786549683.6579,2026-08-12 17:48:03.657,2,1,0,-0.04243,-0.48171,0.04971,-2.1964,9.2143,-29.8281,-0.0598,0.0661,-0.2742,4.68526,0.0,0.2582,0.0,0.2582,0.1826,0.1826,0.1826,0.2582,0.1826,0.1826,0.1826,0.0,0.3162,0.2582,0.1826,0.3162,0.3162,0.1826,0.0,1.0,press,0,0,2.8001
1786549683.708,2026-08-12 17:48:03.707,2,1,0,-0.04244,-0.48171,0.04971,-2.0079,9.3346,-29.8295,-0.0609,0.0693,-0.273,4.6835,0.0,0.2582,0.0,0.3162,0.0,0.3162,0.2582,0.3162,0.3162,0.1826,0.3162,0.0,0.3651,0.0,0.3162,0.3162,0.3162,0.1826,0.2582,1.0,press,0,0,2.8157
1786549683.7581,2026-08-12 17:48:03.758,2,1,0,-0.04245,-0.4817,0.0497,-2.518,9.8892,-29.7889,-0.0737,0.0544,-0.2819,4.68375,0.2582,0.3162,0.0,0.3162,0.1826,0.0,0.1826,0.2582,0.2582,0.3162,0.1826,0.0,0.3651,0.1826,0.3162,0.1826,0.3162,0.0,0.3651,1.0,press,0,0,2.8135
1786549683.8082,2026-08-12 17:48:03.808,2,1,0,-0.04246,-0.48171,0.04971,-1.6145,9.0159,-30.2236,-0.0547,0.0818,-0.2665,4.68526,0.2582,0.3162,0.0,0.3162,0.1826,0.0,0.1826,0.2582,0.2582,0.3162,0.1826,0.0,0.3651,0.1826,0.3162,0.1826,0.3162,0.0,0.3651,1.0,press,0,0,2.8001
1786549683.8582,2026-08-12 17:48:03.858,2,1,0,-0.04248,-0.48172,0.04971,-2.0486,9.2858,-29.8586,-0.059,0.0702,-0.2732,4.69382,0.3162,0.0,0.0,0.2582,0.2582,0.2582,0.1826,0.3162,0.3162,0.3162,0.3162,0.0,0.3162,0.1826,0.3162,0.3162,0.3651,0.1826,0.2582,1.0,press,0,0,2.7239
1786549683.9083,2026-08-12 17:48:03.908,2,1,0,-0.04246,-0.48172,0.0497,-2.1322,9.7413,-29.7972,-0.0714,0.0665,-0.2761,4.68501,0.3162,0.0,0.0,0.2582,0.2582,0.2582,0.1826,0.3162,0.3162,0.3162,0.3162,0.0,0.3162,0.1826,0.3162,0.3162,0.3651,0.1826,0.2582,1.0,press,0,0,2.8023
1786549683.9584,2026-08-12 17:48:03.958,2,1,0,-0.04246,-0.48172,0.04968,-2.2193,9.882,-29.8969,-0.0751,0.0667,-0.2746,4.69231,0.1826,0.3162,0.0,0.2582,0.2582,0.2582,0.0,0.2582,0.3162,0.0,0.2582,0.0,0.3162,0.1826,0.2582,0.2582,0.2582,0.1826,0.1826,1.0,press,0,0,2.7373
1786549684.0085,2026-08-12 17:48:04.008,2,1,0,-0.04244,-0.48173,0.04966,-2.0621,9.0953,-29.8561,-0.0556,0.07,-0.2843,4.6845,0.1826,0.2582,0.0,0.1826,0.1826,0.3162,0.0,0.3162,0.2582,0.0,0.3162,0.0,0.3162,0.0,0.1826,0.3162,0.3162,0.0,0.1826,1.0,press,0,0,2.8068
1786549684.0586,2026-08-12 17:48:04.058,2,1,0,-0.04245,-0.48173,0.04961,-2.2163,9.6678,-30.038,-0.0681,0.067,-0.2723,4.69155,0.1826,0.2582,0.0,0.1826,0.1826,0.3162,0.0,0.3162,0.2582,0.0,0.3162,0.0,0.3162,0.0,0.1826,0.3162,0.3162,0.0,0.1826,1.0,press,0,0,2.7441
1786549684.1087,2026-08-12 17:48:04.108,2,1,0,-0.04244,-0.48173,0.04956,-2.3517,9.5238,-29.9806,-0.061,0.061,-0.2809,4.68576,0.1826,0.2582,0.0,0.3162,0.0,0.1826,0.0,0.3162,0.1826,0.1826,0.0,0.0,0.3651,0.1826,0.1826,0.1826,0.2582,0.1826,0.2582,1.0,press,0,0,2.7956
1786549684.1589,2026-08-12 17:48:04.158,2,1,0,-0.04245,-0.48173,0.04954,-2.0966,9.7073,-29.8988,-0.0682,0.0702,-0.2752,4.68828,0.1826,0.2582,0.0,0.3162,0.0,0.1826,0.0,0.3162,0.1826,0.1826,0.0,0.0,0.3651,0.1826,0.1826,0.1826,0.2582,0.1826,0.2582,1.0,press,0,0,2.7732
1786549684.2091,2026-08-12 17:48:04.209,2,1,0,-0.04245,-0.48174,0.04952,-2.1316,9.433,-30.0832,-0.0621,0.0664,-0.2801,4.68174,0.0,0.1826,0.1826,0.2582,0.0,0.2582,0.1826,0.2582,0.3162,0.1826,0.2582,0.0,0.3162,0.1826,0.2582,0.2582,0.3651,0.0,0.2582,1.0,press,0,0,2.8314
1786549684.2592,2026-08-12 17:48:04.259,2,1,0,-0.04245,-0.48173,0.04947,-2.1363,9.1773,-29.9945,-0.0574,0.0655,-0.2796,4.68551,0.2582,0.2582,0.0,0.2582,0.0,0.3162,0.1826,0.3162,0.1826,0.3162,0.3162,0.0,0.4082,0.1826,0.2582,0.3162,0.3162,0.2582,0.3162,1.0,press,0,0,2.7978
1786549684.3092,2026-08-12 17:48:04.309,2,1,0,-0.04246,-0.48172,0.04944,-2.2591,9.5945,-29.8753,-0.0655,0.0629,-0.2822,4.69206,0.2582,0.2582,0.0,0.2582,0.0,0.3162,0.1826,0.3162,0.1826,0.3162,0.3162,0.0,0.4082,0.1826,0.2582,0.3162,0.3162,0.2582,0.3162,1.0,press,0,0,2.7396
1786549684.3594,2026-08-12 17:48:04.359,2,1,0,-0.04246,-0.48172,0.04939,-2.147,9.4298,-30.032,-0.0656,0.0644,-0.2839,4.68476,0.3162,0.2582,0.0,0.3651,0.2582,0.2582,0.0,0.3162,0.3162,0.2582,0.2582,0.0,0.3651,0.0,0.3651,0.2582,0.2582,0.0,0.3651,1.0,press,0,0,2.8045
1786549684.4094,2026-08-12 17:48:04.409,2,1,0,-0.04245,-0.48172,0.04934,-2.1659,9.6588,-29.8732,-0.0662,0.0665,-0.2763,4.6845,0.3162,0.2582,0.0,0.3651,0.2582,0.2582,0.0,0.3162,0.3162,0.2582,0.2582,0.0,0.3651,0.0,0.3651,0.2582,0.2582,0.0,0.3651,1.0,press,0,0,2.8068
1786549684.4597,2026-08-12 17:48:04.459,2,1,0,-0.04246,-0.48172,0.04932,-2.3144,9.6403,-29.8586,-0.0686,0.0644,-0.2801,4.68274,0.3162,0.2582,0.0,0.1826,0.2582,0.2582,0.1826,0.3162,0.1826,0.2582,0.3162,0.0,0.2582,0.2582,0.3162,0.3651,0.3162,0.0,0.3651,1.0,press,0,0,2.8225
1786549684.5098,2026-08-12 17:48:04.509,2,1,0,-0.04244,-0.48172,0.04929,-1.9836,9.7086,-29.9969,-0.0708,0.0726,-0.2793,4.6845,0.3162,0.2582,0.0,0.1826,0.2582,0.2582,0.1826,0.3162,0.1826,0.2582,0.3162,0.0,0.2582,0.2582,0.3162,0.3651,0.3162,0.0,0.3651,1.0,press,0,0,2.8068
1786549684.5599,2026-08-12 17:48:04.559,2,1,0,-0.04246,-0.48172,0.04927,-2.2284,9.5591,-29.985,-0.0674,0.0661,-0.2881,4.69181,0.3651,0.3651,0.1826,0.3162,0.3162,0.3162,0.1826,0.3162,0.3162,0.3651,0.2582,0.0,0.3651,0.1826,0.3162,0.3651,0.3162,0.0,0.3162,1.0,press,0,0,2.7418
1786549684.61,2026-08-12 17:48:04.610,2,1,0,-0.04246,-0.48171,0.04922,-2.3174,9.9515,-29.9237,-0.0736,0.0645,-0.2848,4.68123,0.3162,0.3162,0.0,0.2582,0.2582,0.1826,0.2582,0.3162,0.1826,0.0,0.2582,0.0,0.3651,0.0,0.0,0.2582,0.3162,0.0,0.1826,1.0,press,0,0,2.8359
1786549684.6601,2026-08-12 17:48:04.660,2,1,0,-0.04245,-0.48171,0.04919,-2.209,9.4694,-29.9038,-0.0623,0.0667,-0.2856,4.68199,0.3162,0.3162,0.0,0.2582,0.2582,0.1826,0.2582,0.3162,0.1826,0.0,0.2582,0.0,0.3651,0.0,0.0,0.2582,0.3162,0.0,0.1826,1.0,press,0,0,2.8292
1786549684.7102,2026-08-12 17:48:04.710,2,1,0,-0.04246,-0.48172,0.04916,-2.3734,9.4393,-29.915,-0.0626,0.0634,-0.2927,4.68299,0.1826,0.2582,0.1826,0.1826,0.0,0.3162,0.0,0.2582,0.1826,0.1826,0.3162,0.0,0.3651,0.1826,0.2582,0.3651,0.2582,0.1826,0.2582,1.0,press,0,0,2.8202
1786549684.7603,2026-08-12 17:48:04.760,2,1,0,-0.04246,-0.48173,0.04913,-1.9834,9.5276,-30.0378,-0.0629,0.073,-0.2889,4.68627,0.1826,0.2582,0.1826,0.1826,0.0,0.3162,0.0,0.2582,0.1826,0.1826,0.3162,0.0,0.3651,0.1826,0.2582,0.3651,0.2582,0.1826,0.2582,1.0,press,0,0,2.7911
1786549684.8105,2026-08-12 17:48:04.810,2,1,0,-0.04247,-0.48171,0.04909,-2.176,9.5484,-29.836,-0.0693,0.0673,-0.2872,4.69458,0.2582,0.3162,0.0,0.1826,0.1826,0.1826,0.0,0.3162,0.2582,0.2582,0.2582,0.0,0.3651,0.1826,0.3162,0.1826,0.1826,0.0,0.2582,1.0,press,0,0,2.7172
1786549684.8606,2026-08-12 17:48:04.860,2,1,0,-0.04245,-0.48172,0.04906,-2.236,9.7837,-30.0554,-0.0723,0.0655,-0.2891,4.684,0.3162,0.2582,0.0,0.2582,0.1826,0.3162,0.1826,0.2582,0.2582,0.0,0.2582,0.0,0.3162,0.0,0.2582,0.3162,0.3162,0.0,0.3162,1.0,press,0,0,2.8113
1786549684.9106,2026-08-12 17:48:04.910,2,1,0,-0.04245,-0.48172,0.04902,-2.4228,9.593,-29.7188,-0.0653,0.0617,-0.2838,4.67972,0.3162,0.2582,0.0,0.2582,0.1826,0.3162,0.1826,0.2582,0.2582,0.0,0.2582,0.0,0.3162,0.0,0.2582,0.3162,0.3162,0.0,0.3162,1.0,press,0,0,2.8493
1786549684.9608,2026-08-12 17:48:04.960,2,1,0,-0.04244,-0.48172,0.04898,-2.566,9.8455,-29.8906,-0.0738,0.0552,-0.2917,4.69155,0.2582,0.2582,0.0,0.2582,0.0,0.3162,0.0,0.3162,0.2582,0.1826,0.3651,0.0,0.3162,0.1826,0.3162,0.3162,0.3162,0.0,0.3162,1.0,press,0,0,2.7441
1786549685.0109,2026-08-12 17:48:05.010,2,1,0,-0.04244,-0.48172,0.04894,-2.2821,9.253,-29.9291,-0.0598,0.0631,-0.2851,4.68702,0.2582,0.2582,0.0,0.2582,0.0,0.3162,0.0,0.3162,0.2582,0.1826,0.3651,0.0,0.3162,0.1826,0.3162,0.3162,0.3162,0.0,0.3162,1.0,press,0,0,2.7844
1786549685.061,2026-08-12 17:48:05.061,2,1,0,-0.04245,-0.48171,0.04894,-2.103,9.5519,-29.96,-0.0679,0.0687,-0.2833,4.68476,0.3162,0.3162,0.0,0.2582,0.3162,0.1826,0.0,0.3162,0.1826,0.2582,0.2582,0.0,0.3651,0.0,0.3162,0.2582,0.2582,0.0,0.1826,1.0,press,0,0,2.8045
1786549685.1112,2026-08-12 17:48:05.111,2,1,0,-0.04247,-0.48171,0.04889,-2.1116,9.6209,-29.8973,-0.0688,0.0684,-0.2892,4.6913,0.2582,0.2582,0.0,0.1826,0.1826,0.3162,0.1826,0.2582,0.2582,0.0,0.2582,0.0,0.3162,0.0,0.2582,0.3162,0.3162,0.0,0.1826,1.0,press,0,0,2.7463
1786549685.1613,2026-08-12 17:48:05.161,2,1,0,-0.04245,-0.48171,0.04886,-1.9406,9.0478,-30.1919,-0.0538,0.0716,-0.2844,4.68803,0.2582,0.2582,0.0,0.1826,0.1826,0.3162,0.1826,0.2582,0.2582,0.0,0.2582,0.0,0.3162,0.0,0.2582,0.3162,0.3162,0.0,0.1826,1.0,press,0,0,2.7754
1786549685.2114,2026-08-12 17:48:05.211,2,1,0,-0.04247,-0.48171,0.04883,-2.2333,9.538,-30.0323,-0.065,0.0666,-0.2926,4.68652,0.0,0.1826,0.0,0.3162,0.0,0.1826,0.1826,0.3162,0.1826,0.3162,0.2582,0.0,0.3651,0.0,0.3651,0.3162,0.3162,0.0,0.3162,1.0,press,0,0,2.7889
1786549685.2615,2026-08-12 17:48:05.261,2,1,0,-0.04245,-0.48172,0.0488,-2.374,9.5108,-30.0124,-0.0652,0.0619,-0.2907,4.68375,0.0,0.1826,0.0,0.3162,0.0,0.1826,0.1826,0.3162,0.1826,0.3162,0.2582,0.0,0.3651,0.0,0.3651,0.3162,0.3162,0.0,0.3162,1.0,press,0,0,2.8135
1786549685.3117,2026-08-12 17:48:05.311,2,1,0,-0.04247,-0.48172,0.04879,-2.1184,9.2118,-30.0068,-0.0554,0.0682,-0.2841,4.6913,0.2582,0.2582,0.0,0.0,0.2582,0.3162,0.0,0.3162,0.1826,0.2582,0.2582,0.0,0.3651,0.0,0.1826,0.3162,0.0,0.2582,0.2582,1.0,press,0,0,2.7463
1786549685.3618,2026-08-12 17:48:05.361,2,1,0,-0.04243,-0.48171,0.04875,-2.3351,9.5102,-30.0703,-0.0635,0.0662,-0.2874,4.68501,0.2582,0.2582,0.0,0.0,0.2582,0.3162,0.0,0.3162,0.1826,0.2582,0.2582,0.0,0.3651,0.0,0.1826,0.3162,0.0,0.2582,0.2582,1.0,press,0,0,2.8023
1786549685.412,2026-08-12 17:48:05.412,2,1,0,-0.04246,-0.48172,0.04875,-2.0553,9.2373,-30.1447,-0.0621,0.071,-0.2848,4.68778,0.2582,0.3162,0.0,0.1826,0.0,0.2582,0.0,0.1826,0.2582,0.3162,0.3162,0.0,0.2582,0.0,0.3162,0.3651,0.3162,0.0,0.0,1.0,press,0,0,2.7777
1786549685.4621,2026-08-12 17:48:05.462,2,1,0,-0.04245,-0.48173,0.04875,-2.1594,9.5954,-29.8793,-0.0673,0.0692,-0.2865,4.69055,0.2582,0.2582,0.1826,0.3162,0.2582,0.0,0.1826,0.2582,0.2582,0.1826,0.0,0.0,0.3651,0.1826,0.3162,0.0,0.3651,0.1826,0.3162,1.0,press,0,0,2.753
1786549685.5122,2026-08-12 17:48:05.512,2,1,0,-0.04246,-0.48173,0.04874,-2.0842,9.5554,-29.9975,-0.0672,0.0702,-0.2876,4.68526,0.2582,0.2582,0.1826,0.3162,0.2582,0.0,0.1826,0.2582,0.2582,0.1826,0.0,0.0,0.3651,0.1826,0.3162,0.0,0.3651,0.1826,0.3162,1.0,press,0,0,2.8001
1786549685.5623,2026-08-12 17:48:05.562,2,1,0,-0.04244,-0.4817,0.0487,-1.9377,9.5179,-30.0447,-0.067,0.0731,-0.288,4.68375,0.1826,0.0,0.0,0.3162,0.1826,0.1826,0.0,0.3162,0.3162,0.3162,0.1826,0.0,0.4472,0.1826,0.3651,0.1826,0.3162,0.0,0.3162,1.0,press,0,0,2.8135
1786549685.6124,2026-08-12 17:48:05.612,2,1,0,-0.04244,-0.48171,0.0487,-1.7686,9.1968,-30.1187,-0.0611,0.0786,-0.2875,4.69357,0.1826,0.0,0.0,0.3162,0.1826,0.1826,0.0,0.3162,0.3162,0.3162,0.1826,0.0,0.4472,0.1826,0.3651,0.1826,0.3162,0.0,0.3162,1.0,hold,0,0,2.7261
1786549685.6625,2026-08-12 17:48:05.662,2,1,0,-0.04244,-0.48172,0.04873,-2.2058,9.4783,-30.0906,-0.0683,0.0663,-0.2894,4.68727,0.3651,0.1826,0.0,0.2582,0.2582,0.2582,0.2582,0.2582,0.1826,0.2582,0.2582,0.0,0.3651,0.2582,0.3651,0.2582,0.3162,0.2582,0.3651,1.0,hold,0,0,2.7821
1786549685.7126,2026-08-12 17:48:05.712,2,1,0,-0.04245,-0.48172,0.04872,-2.1907,9.4242,-30.1317,-0.0651,0.068,-0.2915,4.6835,0.3162,0.3162,0.0,0.1826,0.2582,0.1826,0.1826,0.3162,0.2582,0.0,0.3162,0.1826,0.4082,0.0,0.1826,0.3651,0.3162,0.0,0.1826,1.0,hold,0,0,2.8157
1786549685.7627,2026-08-12 17:48:05.762,2,1,0,-0.04245,-0.48171,0.04872,-2.1216,9.2253,-29.9509,-0.0578,0.0677,-0.2872,4.69306,0.3162,0.3162,0.0,0.1826,0.2582,0.1826,0.1826,0.3162,0.2582,0.0,0.3162,0.1826,0.4082,0.0,0.1826,0.3651,0.3162,0.0,0.1826,1.0,hold,0,0,2.7306
1786549685.8128,2026-08-12 17:48:05.812,2,1,0,-0.04244,-0.48172,0.04872,-2.0002,9.4836,-29.976,-0.0613,0.0719,-0.2886,4.68753,0.0,0.2582,0.0,0.1826,0.0,0.2582,0.0,0.3162,0.2582,0.3651,0.2582,0.0,0.3651,0.1826,0.3162,0.3162,0.3162,0.1826,0.2582,1.0,hold,0,0,2.7799
1786549685.8629,2026-08-12 17:48:05.862,2,1,0,-0.04245,-0.48172,0.04871,-2.2362,9.4431,-30.092,-0.0617,0.064,-0.2922,4.68501,0.0,0.2582,0.0,0.1826,0.0,0.2582,0.0,0.3162,0.2582,0.3651,0.2582,0.0,0.3651,0.1826,0.3162,0.3162,0.3162,0.1826,0.2582,1.0,hold,0,0,2.8023
1786549685.913,2026-08-12 17:48:05.913,2,1,0,-0.04245,-0.48171,0.04872,-1.9886,9.6042,-30.2586,-0.0691,0.0705,-0.2885,4.69181,0.3162,0.1826,0.1826,0.2582,0.3651,0.1826,0.1826,0.3162,0.3162,0.2582,0.2582,0.0,0.3651,0.1826,0.2582,0.2582,0.3162,0.2582,0.2582,1.0,hold,0,0,2.7418
1786549685.9632,2026-08-12 17:48:05.963,2,1,0,-0.04247,-0.48172,0.04873,-2.0241,9.5364,-30.2925,-0.0636,0.0715,-0.2936,4.68803,0.1826,0.1826,0.2582,0.2582,0.0,0.2582,0.2582,0.4082,0.1826,0.3162,0.0,0.0,0.4472,0.1826,0.3162,0.1826,0.3651,0.0,0.3162,1.0,hold,0,0,2.7754
1786549686.0133,2026-08-12 17:48:06.013,2,1,0,-0.04244,-0.48171,0.04871,-2.0846,9.2393,-30.0509,-0.0593,0.0696,-0.2941,4.6903,0.1826,0.1826,0.2582,0.2582,0.0,0.2582,0.2582,0.4082,0.1826,0.3162,0.0,0.0,0.4472,0.1826,0.3162,0.1826,0.3651,0.0,0.3162,1.0,hold,0,0,2.7553
1786549686.0634,2026-08-12 17:48:06.063,2,1,0,-0.04243,-0.48171,0.0487,-2.0868,9.3541,-30.2088,-0.0615,0.0704,-0.2955,4.6913,0.3651,0.3162,0.0,0.2582,0.2582,0.2582,0.3162,0.3651,0.3162,0.3651,0.2582,0.0,0.4082,0.1826,0.3162,0.2582,0.3162,0.0,0.3651,1.0,hold,0,0,2.7463
1786549686.1135,2026-08-12 17:48:06.113,2,1,0,-0.04244,-0.48171,0.04871,-2.1588,9.5285,-30.137,-0.0679,0.0645,-0.2987,4.68602,0.3651,0.3162,0.0,0.2582,0.2582,0.2582,0.3162,0.3651,0.3162,0.3651,0.2582,0.0,0.4082,0.1826,0.3162,0.2582,0.3162,0.0,0.3651,1.0,hold,0,0,2.7933
1786549686.1636,2026-08-12 17:48:06.163,2,1,0,-0.04245,-0.48171,0.04871,-2.2493,9.8334,-29.9319,-0.0766,0.0616,-0.2977,4.68425,0.3162,0.3162,0.0,0.2582,0.3162,0.1826,0.2582,0.3651,0.2582,0.2582,0.2582,0.0,0.4082,0.0,0.2582,0.2582,0.3162,0.0,0.2582,1.0,hold,0,0,2.809
1786549686.2137,2026-08-12 17:48:06.213,2,1,0,-0.04245,-0.48171,0.04871,-2.0387,9.647,-30.0091,-0.0713,0.0692,-0.2982,4.69256,0.3162,0.3162,0.0,0.2582,0.3162,0.1826,0.2582,0.3651,0.2582,0.2582,0.2582,0.0,0.4082,0.0,0.2582,0.2582,0.3162,0.0,0.2582,1.0,hold,0,0,2.7351
1786549686.2638,2026-08-12 17:48:06.263,2,1,0,-0.04244,-0.4817,0.0487,-1.6589,9.2665,-30.0087,-0.0616,0.0793,-0.2966,4.68576,0.2582,0.1826,0.1826,0.1826,0.2582,0.3162,0.2582,0.3651,0.0,0.3162,0.2582,0.0,0.3651,0.1826,0.3651,0.3162,0.3162,0.1826,0.3162,1.0,hold,0,0,2.7956
1786549686.314,2026-08-12 17:48:06.313,2,1,0,-0.04245,-0.48172,0.04871,-2.2961,9.978,-30.0255,-0.0747,0.0645,-0.2896,4.69306,0.3162,0.3162,0.0,0.2582,0.2582,0.3162,0.0,0.3162,0.2582,0.3162,0.2582,0.0,0.4082,0.0,0.3651,0.3651,0.3162,0.0,0.1826,1.0,hold,0,0,2.7306
1786549686.3641,2026-08-12 17:48:06.364,2,1,0,-0.04244,-0.48171,0.04871,-2.0798,9.311,-30.0257,-0.059,0.0692,-0.2938,4.68476,0.3162,0.3162,0.0,0.2582,0.2582,0.3162,0.0,0.3162,0.2582,0.3162,0.2582,0.0,0.4082,0.0,0.3651,0.3651,0.3162,0.0,0.1826,1.0,hold,0,0,2.8045
1786549686.4142,2026-08-12 17:48:06.414,2,1,0,-0.04243,-0.4817,0.04871,-2.1209,9.4954,-30.1328,-0.0659,0.0692,-0.2964,4.69181,0.3162,0.2582,0.1826,0.1826,0.3162,0.3162,0.1826,0.3162,0.1826,0.2582,0.3162,0.0,0.3651,0.1826,0.3162,0.3651,0.3162,0.0,0.1826,1.0,hold,0,0,2.7418
1786549686.4643,2026-08-12 17:48:06.464,2,1,0,-0.04243,-0.48171,0.04872,-2.3073,9.6768,-30.0609,-0.0703,0.0652,-0.294,4.68753,0.3162,0.2582,0.1826,0.1826,0.3162,0.3162,0.1826,0.3162,0.1826,0.2582,0.3162,0.0,0.3651,0.1826,0.3162,0.3651,0.3162,0.0,0.1826,1.0,hold,0,0,2.7799
1786549686.5145,2026-08-12 17:48:06.514,2,1,0,-0.04244,-0.48172,0.04872,-1.9889,9.5009,-30.0977,-0.0646,0.0692,-0.2943,4.68375,0.3162,0.2582,0.1826,0.2582,0.1826,0.2582,0.2582,0.3162,0.2582,0.3651,0.3651,0.0,0.3651,0.1826,0.4082,0.3162,0.3162,0.0,0.3162,1.0,hold,0,0,2.8135
1786549686.5646,2026-08-12 17:48:06.564,2,1,0,-0.04246,-0.48171,0.0487,-2.3729,9.8528,-30.1125,-0.071,0.0607,-0.2918,4.69407,0.4082,0.2582,0.0,0.3162,0.2582,0.2582,0.1826,0.3162,0.3162,0.2582,0.2582,0.0,0.4082,0.0,0.3162,0.3162,0.3162,0.0,0.1826,1.0,hold,0,0,2.7217
1786549686.6147,2026-08-12 17:48:06.614,2,1,0,-0.04245,-0.48172,0.04873,-2.4268,9.6914,-29.8972,-0.0701,0.0594,-0.3034,4.68224,0.4082,0.2582,0.0,0.3162,0.2582,0.2582,0.1826,0.3162,0.3162,0.2582,0.2582,0.0,0.4082,0.0,0.3162,0.3162,0.3162,0.0,0.1826,1.0,hold,0,0,2.8269
1786549686.6648,2026-08-12 17:48:06.664,2,1,0,-0.04245,-0.48171,0.04872,-2.1227,9.5412,-30.1152,-0.0652,0.067,-0.3023,4.68425,0.2582,0.2582,0.0,0.1826,0.2582,0.1826,0.0,0.3162,0.0,0.2582,0.3162,0.0,0.4082,0.3162,0.3162,0.3162,0.3162,0.2582,0.3651,1.0,hold,0,0,2.809
1786549686.7149,2026-08-12 17:48:06.714,2,1,0,-0.04244,-0.48173,0.04873,-1.9356,9.6943,-30.1995,-0.0708,0.0735,-0.2902,4.69181,0.2582,0.2582,0.0,0.1826,0.2582,0.1826,0.0,0.3162,0.0,0.2582,0.3162,0.0,0.4082,0.3162,0.3162,0.3162,0.3162,0.2582,0.3651,1.0,hold,0,0,2.7418
1786549686.7651,2026-08-12 17:48:06.765,2,1,0,-0.04245,-0.48172,0.04871,-1.9479,9.5608,-30.0071,-0.066,0.0697,-0.2975,4.68753,0.3162,0.2582,0.0,0.3162,0.3651,0.3162,0.2582,0.3651,0.3162,0.1826,0.3162,0.0,0.4082,0.2582,0.2582,0.3651,0.3162,0.2582,0.3162,1.0,hold,0,0,2.7799
1786549686.8153,2026-08-12 17:48:06.815,2,1,0,-0.04244,-0.48172,0.04871,-2.4807,9.7786,-30.155,-0.0676,0.0599,-0.303,4.68501,0.3162,0.2582,0.0,0.3162,0.3651,0.3162,0.2582,0.3651,0.3162,0.1826,0.3162,0.0,0.4082,0.2582,0.2582,0.3651,0.3162,0.2582,0.3162,1.0,hold,0,0,2.8023
1786549686.8654,2026-08-12 17:48:06.865,2,1,0,-0.04244,-0.48171,0.04871,-1.6067,9.4742,-30.0109,-0.0618,0.0839,-0.2942,4.69181,0.3162,0.3651,0.0,0.2582,0.1826,0.3162,0.0,0.3162,0.3651,0.2582,0.3162,0.0,0.3651,0.2582,0.2582,0.3651,0.2582,0.2582,0.2582,1.0,hold,0,0,2.7418
1786549686.9155,2026-08-12 17:48:06.915,2,1,0,-0.04244,-0.48171,0.04871,-2.1725,9.4166,-29.9301,-0.0582,0.0673,-0.298,4.68375,0.3162,0.2582,0.0,0.2582,0.1826,0.3651,0.0,0.2582,0.3162,0.2582,0.3651,0.0,0.3651,0.0,0.3651,0.3651,0.2582,0.0,0.4082,1.0,hold,0,0,2.8135
1786549686.9655,2026-08-12 17:48:06.965,2,1,0,-0.04243,-0.48172,0.04872,-2.0718,9.629,-29.9866,-0.0677,0.0684,-0.2942,4.69231,0.3162,0.2582,0.0,0.2582,0.1826,0.3651,0.0,0.2582,0.3162,0.2582,0.3651,0.0,0.3651,0.0,0.3651,0.3651,0.2582,0.0,0.4082,1.0,hold,0,0,2.7373
1786549687.0156,2026-08-12 17:48:07.015,2,1,0,-0.04245,-0.48171,0.04871,-1.8542,9.5405,-30.0801,-0.0656,0.0748,-0.2914,4.68576,0.2582,0.3651,0.1826,0.2582,0.3162,0.2582,0.1826,0.3162,0.1826,0.3651,0.3162,0.0,0.3651,0.0,0.3162,0.3162,0.3651,0.0,0.3651,1.0,hold,0,0,2.7956
1786549687.0657,2026-08-12 17:48:07.065,2,1,0,-0.04244,-0.48172,0.04872,-1.9436,9.4688,-30.1642,-0.0662,0.074,-0.2964,4.69458,0.2582,0.3651,0.1826,0.2582,0.3162,0.2582,0.1826,0.3162,0.1826,0.3651,0.3162,0.0,0.3651,0.0,0.3162,0.3162,0.3651,0.0,0.3651,1.0,hold,0,0,2.7172
1786549687.1158,2026-08-12 17:48:07.115,2,1,0,-0.04244,-0.48171,0.04872,-2.1184,9.6332,-29.9687,-0.0682,0.0687,-0.3013,4.69332,0.3162,0.2582,0.0,0.0,0.3162,0.3162,0.0,0.3162,0.1826,0.2582,0.2582,0.0,0.4082,0.1826,0.3162,0.3162,0.2582,0.0,0.1826,1.0,hold,0,0,2.7284
1786549687.1659,2026-08-12 17:48:07.165,2,1,0,-0.04244,-0.48169,0.04871,-2.0293,9.3213,-30.0014,-0.058,0.0702,-0.2948,4.68375,0.3162,0.1826,0.0,0.0,0.0,0.3162,0.0,0.3162,0.1826,0.3162,0.4082,0.0,0.3651,0.0,0.3162,0.4082,0.3162,0.0,0.3651,1.0,hold,0,0,2.8135
1786549687.216,2026-08-12 17:48:07.216,2,1,0,-0.04246,-0.48172,0.04872,-2.0981,9.6939,-29.9663,-0.0708,0.0686,-0.297,4.68652,0.3162,0.1826,0.0,0.0,0.0,0.3162,0.0,0.3162,0.1826,0.3162,0.4082,0.0,0.3651,0.0,0.3162,0.4082,0.3162,0.0,0.3651,1.0,hold,0,0,2.7889
1786549687.2662,2026-08-12 17:48:07.266,2,1,0,-0.04244,-0.48171,0.04872,-1.9937,9.3017,-30.1389,-0.0628,0.0709,-0.2972,4.69004,0.2582,0.3162,0.1826,0.2582,0.2582,0.3162,0.2582,0.3651,0.2582,0.0,0.2582,0.0,0.3651,0.0,0.1826,0.3651,0.3651,0.0,0.1826,1.0,hold,0,0,2.7575
1786549687.3163,2026-08-12 17:48:07.316,2,1,0,-0.04244,-0.48172,0.04872,-2.2498,9.0494,-30.1166,-0.0533,0.0653,-0.2947,4.6835,0.2582,0.3162,0.1826,0.2582,0.2582,0.3162,0.2582,0.3651,0.2582,0.0,0.2582,0.0,0.3651,0.0,0.1826,0.3651,0.3651,0.0,0.1826,1.0,hold,0,0,2.8157
1786549687.3664,2026-08-12 17:48:07.366,2,1,0,-0.04246,-0.48172,0.04872,-1.8618,9.6108,-30.0813,-0.0668,0.0747,-0.3021,4.68702,0.1826,0.3162,0.1826,0.3651,0.0,0.2582,0.0,0.3651,0.2582,0.2582,0.2582,0.0,0.3651,0.1826,0.3162,0.3162,0.3162,0.1826,0.3162,1.0,hold,0,0,2.7844
1786549687.4165,2026-08-12 17:48:07.416,2,1,0,-0.04245,-0.48172,0.04872,-1.8822,9.6377,-30.0071,-0.0671,0.074,-0.2967,4.684,0.1826,0.1826,0.0,0.3162,0.1826,0.3162,0.1826,0.4082,0.2582,0.2582,0.3651,0.0,0.3651,0.1826,0.3162,0.3162,0.3162,0.0,0.1826,1.0,hold,0,0,2.8113
1786549687.4667,2026-08-12 17:48:07.466,2,1,0,-0.04245,-0.48171,0.04871,-2.1973,9.5057,-30.0087,-0.0656,0.066,-0.3001,4.69004,0.1826,0.1826,0.0,0.3162,0.1826,0.3162,0.1826,0.4082,0.2582,0.2582,0.3651,0.0,0.3651,0.1826,0.3162,0.3162,0.3162,0.0,0.1826,1.0,hold,0,0,2.7575
1786549687.5169,2026-08-12 17:48:07.516,2,1,0,-0.04243,-0.48171,0.0487,-2.1771,9.3694,-30.0071,-0.0625,0.0666,-0.301,4.68375,0.0,0.3162,0.0,0.2582,0.0,0.2582,0.1826,0.3162,0.2582,0.2582,0.3162,0.0,0.3651,0.1826,0.3162,0.3162,0.3162,0.0,0.2582,1.0,hold,0,0,2.8135
1786549687.567,2026-08-12 17:48:07.566,2,1,0,-0.04244,-0.48171,0.04871,-2.1433,9.4398,-30.1141,-0.0627,0.0679,-0.3034,4.68274,0.0,0.3162,0.0,0.2582,0.0,0.2582,0.1826,0.3162,0.2582,0.2582,0.3162,0.0,0.3651,0.1826,0.3162,0.3162,0.3162,0.0,0.2582,1.0,hold,0,0,2.8225
1786549687.6171,2026-08-12 17:48:07.617,2,1,0,-0.04244,-0.4817,0.0487,-1.8112,8.9618,-29.9684,-0.0516,0.0749,-0.2998,4.68753,0.3162,0.2582,0.0,0.3162,0.1826,0.2582,0.1826,0.3162,0.2582,0.3162,0.2582,0.0,0.3162,0.1826,0.3651,0.3162,0.3162,0.0,0.3162,1.0,hold,0,0,2.7799
1786549687.6672,2026-08-12 17:48:07.667,2,1,0,-0.04244,-0.48171,0.04872,-2.5457,10.004,-30.0156,-0.0788,0.0563,-0.308,4.69206,0.3162,0.2582,0.0,0.3162,0.1826,0.2582,0.1826,0.3162,0.2582,0.3162,0.2582,0.0,0.3162,0.1826,0.3651,0.3162,0.3162,0.0,0.3162,1.0,hold,0,0,2.7396
1786549687.7174,2026-08-12 17:48:07.717,2,1,0,-0.04244,-0.48172,0.04872,-2.3871,9.7295,-29.9787,-0.0686,0.0584,-0.3032,4.68199,0.3162,0.3162,0.0,0.3162,0.3162,0.3162,0.0,0.3651,0.3651,0.2582,0.2582,0.0,0.3651,0.2582,0.3651,0.4082,0.2582,0.0,0.2582,1.0,hold,0,0,2.8292
1786549687.7675,2026-08-12 17:48:07.767,2,1,0,-0.04244,-0.4817,0.0487,-2.1257,9.2607,-30.0288,-0.0579,0.0686,-0.3025,4.68501,0.3162,0.3651,0.0,0.2582,0.1826,0.1826,0.0,0.2582,0.2582,0.1826,0.2582,0.0,0.3651,0.0,0.2582,0.3162,0.3162,0.0,0.1826,1.0,hold,0,0,2.8023
1786549687.8176,2026-08-12 17:48:07.817,2,1,0,-0.04246,-0.48171,0.04873,-1.7561,9.2975,-30.0041,-0.0618,0.0775,-0.2955,4.68576,0.3162,0.3651,0.0,0.2582,0.1826,0.1826,0.0,0.2582,0.2582,0.1826,0.2582,0.0,0.3651,0.0,0.2582,0.3162,0.3162,0.0,0.1826,1.0,hold,0,0,2.7956
1786549687.8677,2026-08-12 17:48:07.867,2,1,0,-0.04245,-0.48171,0.04871,-1.806,9.3315,-30.1412,-0.0623,0.0757,-0.3039,4.68979,0.2582,0.1826,0.0,0.2582,0.1826,0.1826,0.0,0.3162,0.2582,0.0,0.1826,0.0,0.3162,0.0,0.2582,0.1826,0.1826,0.0,0.2582,1.0,hold,0,0,2.7597
1786549687.9178,2026-08-12 17:48:07.917,2,1,0,-0.04244,-0.48172,0.04872,-2.136,9.603,-30.0024,-0.0667,0.0667,-0.302,4.69407,0.2582,0.1826,0.0,0.2582,0.1826,0.1826,0.0,0.3162,0.2582,0.0,0.1826,0.0,0.3162,0.0,0.2582,0.1826,0.1826,0.0,0.2582,1.0,hold,0,0,2.7217
1786549687.9679,2026-08-12 17:48:07.967,2,1,0,-0.04246,-0.48171,0.0487,-2.0318,9.1983,-30.0561,-0.0569,0.0722,-0.2993,4.67519,0.2582,0.2582,0.1826,0.1826,0.1826,0.2582,0.1826,0.1826,0.1826,0.2582,0.3162,0.0,0.3162,0.1826,0.3162,0.3162,0.3651,0.1826,0.3162,1.0,hold,0,0,2.8897
1786549688.0181,2026-08-12 17:48:08.018,2,1,0,-0.04244,-0.48172,0.04872,-2.2232,9.674,-30.1806,-0.0664,0.0679,-0.3055,4.69281,0.3162,0.3162,0.0,0.3162,0.3162,0.3162,0.0,0.3162,0.2582,0.1826,0.3651,0.0,0.4082,0.0,0.1826,0.3651,0.2582,0.0,0.1826,1.0,hold,0,0,2.7329
1786549688.0682,2026-08-12 17:48:08.068,2,1,0,-0.04245,-0.48172,0.04872,-1.9519,9.1634,-30.136,-0.0563,0.0734,-0.3034,4.6908,0.3162,0.3162,0.0,0.3162,0.3162,0.3162,0.0,0.3162,0.2582,0.1826,0.3651,0.0,0.4082,0.0,0.1826,0.3651,0.2582,0.0,0.1826,1.0,hold,0,0,2.7508
1786549688.1183,2026-08-12 17:48:08.118,2,1,0,-0.04243,-0.48172,0.04871,-2.1731,9.5201,-30.0067,-0.0667,0.0652,-0.3005,4.68551,0.1826,0.3651,0.0,0.2582,0.1826,0.3162,0.0,0.2582,0.3162,0.1826,0.3162,0.0,0.3651,0.0,0.2582,0.3162,0.2582,0.0,0.1826,1.0,hold,0,0,2.7978
1786549688.1685,2026-08-12 17:48:08.168,2,1,0,-0.04245,-0.48172,0.04872,-1.7189,9.1258,-30.1622,-0.0574,0.0793,-0.299,4.68627,0.1826,0.3651,0.0,0.2582,0.1826,0.3162,0.0,0.2582,0.3162,0.1826,0.3162,0.0,0.3651,0.0,0.2582,0.3162,0.2582,0.0,0.1826,1.0,hold,0,0,2.7911
1786549688.2187,2026-08-12 17:48:08.218,2,1,0,-0.04245,-0.48172,0.04873,-2.0136,9.2712,-30.1067,-0.0564,0.0697,-0.2973,4.69382,0.2582,0.3162,0.0,0.3162,0.1826,0.2582,0.0,0.2582,0.1826,0.2582,0.3651,0.0,0.3162,0.1826,0.2582,0.3651,0.2582,0.0,0.2582,1.0,hold,0,0,2.7239
1786549688.2688,2026-08-12 17:48:08.268,2,1,0,-0.04244,-0.48171,0.04871,-1.9243,9.6547,-29.9209,-0.0671,0.0706,-0.3014,4.67544,0.3162,0.2582,0.0,0.2582,0.0,0.3162,0.2582,0.3162,0.1826,0.2582,0.3651,0.0,0.3651,0.0,0.3651,0.3651,0.3651,0.0,0.2582,1.0,hold,0,0,2.8874
1786549688.3189,2026-08-12 17:48:08.318,2,1,0,-0.04244,-0.48171,0.04871,-1.9343,9.5901,-29.9765,-0.0679,0.0735,-0.303,4.69508,0.3162,0.2582,0.0,0.2582,0.0,0.3162,0.2582,0.3162,0.1826,0.2582,0.3651,0.0,0.3651,0.0,0.3651,0.3651,0.3651,0.0,0.2582,1.0,hold,0,0,2.7127
1786549688.369,2026-08-12 17:48:08.369,2,1,0,-0.04244,-0.48171,0.04871,-2.1811,9.5791,-30.1063,-0.0663,0.0651,-0.3057,4.68879,0.1826,0.3162,0.2582,0.3162,0.1826,0.2582,0.3162,0.3162,0.2582,0.2582,0.3162,0.1826,0.3651,0.1826,0.3162,0.3651,0.3651,0.2582,0.2582,1.0,hold,0,0,2.7687
1786549688.4191,2026-08-12 17:48:08.419,2,1,0,-0.04245,-0.48171,0.04872,-1.8623,9.4561,-30.1195,-0.0604,0.0747,-0.2993,4.68476,0.1826,0.3162,0.2582,0.3162,0.1826,0.2582,0.3162,0.3162,0.2582,0.2582,0.3162,0.1826,0.3651,0.1826,0.3162,0.3651,0.3651,0.2582,0.2582,1.0,hold,0,0,2.8045
1786549688.4693,2026-08-12 17:48:08.469,2,1,0,-0.04244,-0.48172,0.04872,-1.9395,9.3046,-30.0439,-0.0586,0.0716,-0.3054,4.6908,0.3162,0.2582,0.0,0.3162,0.0,0.3162,0.0,0.4082,0.1826,0.3162,0.3162,0.0,0.4472,0.1826,0.4082,0.3162,0.3162,0.2582,0.3162,1.0,hold,0,0,2.7508
1786549688.5194,2026-08-12 17:48:08.519,2,1,0,-0.04245,-0.48171,0.04872,-1.904,9.549,-30.1759,-0.0664,0.0767,-0.3058,4.6903,0.3162,0.2582,0.0,0.3162,0.0,0.3162,0.0,0.4082,0.1826,0.3162,0.3162,0.0,0.4472,0.1826,0.4082,0.3162,0.3162,0.2582,0.3162,1.0,hold,0,0,2.7553
1786549688.5695,2026-08-12 17:48:08.569,2,1,0,-0.04245,-0.4817,0.0487,-2.2364,9.3785,-30.1406,-0.06,0.0637,-0.3047,4.68879,0.2582,0.3651,0.0,0.2582,0.2582,0.3162,0.1826,0.4082,0.2582,0.0,0.3651,0.0,0.3651,0.0,0.2582,0.3162,0.3162,0.0,0.3651,1.0,hold,0,0,2.7687
1786549688.6196,2026-08-12 17:48:08.619,2,1,0,-0.04245,-0.48172,0.04871,-2.0952,9.6653,-30.0316,-0.0671,0.0678,-0.2963,4.69181,0.1826,0.3162,0.0,0.2582,0.1826,0.1826,0.0,0.3162,0.1826,0.2582,0.2582,0.0,0.3651,0.1826,0.2582,0.2582,0.2582,0.0,0.0,1.0,hold,0,0,2.7418
1786549688.6698,2026-08-12 17:48:08.669,2,1,0,-0.04244,-0.48171,0.0487,-2.1214,9.1072,-30.0033,-0.0525,0.0699,-0.303,4.69105,0.1826,0.3162,0.0,0.2582,0.1826,0.1826,0.0,0.3162,0.1826,0.2582,0.2582,0.0,0.3651,0.1826,0.2582,0.2582,0.2582,0.0,0.0,1.0,hold,0,0,2.7485
1786549688.7199,2026-08-12 17:48:08.719,2,1,0,-0.04243,-0.48171,0.04872,-2.1389,9.4121,-29.9901,-0.0623,0.0661,-0.3117,4.68199,0.2582,0.2582,0.1826,0.2582,0.2582,0.3162,0.2582,0.3651,0.2582,0.0,0.2582,0.0,0.3651,0.1826,0.1826,0.3162,0.3651,0.0,0.1826,1.0,hold,0,0,2.8292
1786549688.77,2026-08-12 17:48:08.769,2,1,0,-0.04244,-0.4817,0.0487,-2.4201,9.6016,-30.0149,-0.0658,0.0621,-0.3026,4.68602,0.2582,0.2582,0.1826,0.2582,0.2582,0.3162,0.2582,0.3651,0.2582,0.0,0.2582,0.0,0.3651,0.1826,0.1826,0.3162,0.3651,0.0,0.1826,1.0,hold,0,0,2.7933
1786549688.8201,2026-08-12 17:48:08.820,2,1,0,-0.04245,-0.48173,0.04872,-1.9206,9.278,-29.9952,-0.0588,0.0725,-0.3045,4.69004,0.1826,0.3162,0.0,0.2582,0.0,0.2582,0.2582,0.4472,0.1826,0.2582,0.1826,0.0,0.4082,0.0,0.3162,0.3162,0.3162,0.0,0.2582,1.0,hold,0,0,2.7575
1786549688.8702,2026-08-12 17:48:08.870,2,1,0,-0.04245,-0.48172,0.04872,-2.2544,9.6426,-29.9822,-0.0677,0.0621,-0.3036,4.68249,0.3162,0.2582,0.0,0.2582,0.3162,0.3162,0.0,0.3162,0.2582,0.1826,0.2582,0.0,0.3651,0.0,0.2582,0.3162,0.3162,0.0,0.3162,1.0,hold,0,0,2.8247
1786549688.9204,2026-08-12 17:48:08.920,2,1,0,-0.04245,-0.48173,0.04872,-2.0617,9.4542,-29.8349,-0.063,0.0685,-0.3013,4.6908,0.3162,0.2582,0.0,0.2582,0.3162,0.3162,0.0,0.3162,0.2582,0.1826,0.2582,0.0,0.3651,0.0,0.2582,0.3162,0.3162,0.0,0.3162,1.0,hold,0,0,2.7508
1786549688.9705,2026-08-12 17:48:08.970,2,1,0,-0.04244,-0.48171,0.04871,-2.1883,9.7292,-29.9248,-0.0694,0.0682,-0.3088,4.68199,0.1826,0.4082,0.0,0.2582,0.1826,0.3162,0.1826,0.3162,0.1826,0.2582,0.3162,0.0,0.3651,0.1826,0.4082,0.3162,0.3162,0.0,0.3162,1.0,hold,0,0,2.8292
1786549689.0206,2026-08-12 17:48:09.020,2,1,0,-0.04248,-0.48171,0.04871,-2.0455,9.4354,-30.1304,-0.0619,0.0702,-0.3058,4.68199,0.1826,0.4082,0.0,0.2582,0.1826,0.3162,0.1826,0.3162,0.1826,0.2582,0.3162,0.0,0.3651,0.1826,0.4082,0.3162,0.3162,0.0,0.3162,1.0,hold,0,0,2.8292
1786549689.0707,2026-08-12 17:48:09.070,2,1,0,-0.04244,-0.48172,0.04871,-2.3891,9.7798,-29.9105,-0.0703,0.0623,-0.3122,4.69004,0.0,0.2582,0.1826,0.1826,0.2582,0.2582,0.1826,0.3162,0.1826,0.2582,0.2582,0.0,0.3651,0.1826,0.2582,0.3162,0.3162,0.0,0.2582,1.0,hold,0,0,2.7575
1786549689.1208,2026-08-12 17:48:09.120,2,1,0,-0.04244,-0.48172,0.04871,-1.9588,9.2108,-29.9775,-0.0581,0.0762,-0.3133,4.68375,0.1826,0.1826,0.0,0.2582,0.0,0.1826,0.2582,0.3162,0.2582,0.1826,0.1826,0.0,0.3651,0.1826,0.1826,0.3162,0.3651,0.2582,0.1826,1.0,hold,0,0,2.8135
1786549689.171,2026-08-12 17:48:09.170,2,1,0,-0.04242,-0.48172,0.04871,-2.4083,9.7225,-30.0977,-0.067,0.0627,-0.3104,4.69634,0.1826,0.1826,0.0,0.2582,0.0,0.1826,0.2582,0.3162,0.2582,0.1826,0.1826,0.0,0.3651,0.1826,0.1826,0.3162,0.3651,0.2582,0.1826,1.0,hold,0,0,2.7015
1786549689.2211,2026-08-12 17:48:09.221,2,1,0,-0.04246,-0.48172,0.04872,-2.4048,9.6295,-30.0266,-0.0688,0.0609,-0.3112,4.68299,0.2582,0.2582,0.0,0.3162,0.1826,0.2582,0.2582,0.3162,0.3162,0.0,0.1826,0.1826,0.4082,0.2582,0.3162,0.1826,0.3651,0.1826,0.1826,1.0,hold,0,0,2.8202
1786549689.2712,2026-08-12 17:48:09.271,2,1,0,-0.04245,-0.48171,0.04872,-2.4635,9.482,-30.0444,-0.0631,0.0603,-0.3043,4.68576,0.2582,0.2582,0.0,0.3162,0.1826,0.2582,0.2582,0.3162,0.3162,0.0,0.1826,0.1826,0.4082,0.2582,0.3162,0.1826,0.3651,0.1826,0.1826,1.0,hold,0,0,2.7956
1786549689.3213,2026-08-12 17:48:09.321,2,1,0,-0.04245,-0.48171,0.04872,-2.0911,9.6018,-29.8025,-0.0673,0.0683,-0.3061,4.68954,0.2582,0.3162,0.0,0.3162,0.0,0.2582,0.1826,0.3651,0.3162,0.1826,0.2582,0.0,0.4082,0.1826,0.1826,0.2582,0.3162,0.0,0.1826,1.0,hold,0,0,2.762
1786549689.3715,2026-08-12 17:48:09.371,2,1,0,-0.04247,-0.48172,0.04872,-2.3917,9.2955,-29.8417,-0.0596,0.0619,-0.3142,4.68199,0.2582,0.3162,0.0,0.3162,0.0,0.2582,0.1826,0.3651,0.3162,0.1826,0.2582,0.0,0.4082,0.1826,0.1826,0.2582,0.3162,0.0,0.1826,1.0,hold,0,0,2.8292
1786549689.4218,2026-08-12 17:48:09.421,2,1,0,-0.04244,-0.48172,0.04871,-2.1657,9.7552,-29.9456,-0.071,0.0679,-0.3082,4.69231,0.2582,0.1826,0.1826,0.3162,0.1826,0.3162,0.1826,0.3162,0.1826,0.2582,0.3162,0.0,0.3651,0.1826,0.3162,0.2582,0.3651,0.0,0.2582,1.0,hold,0,0,2.7373
1786549689.4719,2026-08-12 17:48:09.471,2,1,0,-0.04246,-0.48172,0.04873,-1.8801,9.5769,-30.1,-0.0682,0.0749,-0.3074,4.68249,0.3162,0.3162,0.1826,0.2582,0.2582,0.2582,0.2582,0.3651,0.3162,0.2582,0.1826,0.0,0.4082,0.0,0.3651,0.3162,0.3651,0.0,0.2582,1.0,hold,0,0,2.8247
1786549689.522,2026-08-12 17:48:09.522,2,1,0,-0.04244,-0.48172,0.04872,-2.0048,9.5345,-29.8815,-0.0668,0.0733,-0.3078,4.69231,0.3162,0.3162,0.1826,0.2582,0.2582,0.2582,0.2582,0.3651,0.3162,0.2582,0.1826,0.0,0.4082,0.0,0.3651,0.3162,0.3651,0.0,0.2582,1.0,hold,0,0,2.7373
1786549689.5722,2026-08-12 17:48:09.572,2,1,0,-0.04244,-0.48171,0.04871,-2.1174,9.6961,-29.8729,-0.067,0.069,-0.3116,4.67897,0.1826,0.2582,0.1826,0.1826,0.1826,0.2582,0.1826,0.4082,0.0,0.1826,0.3162,0.0,0.4472,0.1826,0.2582,0.2582,0.3651,0.0,0.2582,1.0,hold,0,0,2.8561
1786549689.6223,2026-08-12 17:48:09.622,2,0,0,-0.04244,-0.48171,0.04872,-2.3099,9.6058,-29.7916,-0.0645,0.0638,-0.3127,4.68425,0.1826,0.2582,0.1826,0.1826,0.1826,0.2582,0.1826,0.4082,0.0,0.1826,0.3162,0.0,0.4472,0.1826,0.2582,0.2582,0.3651,0.0,0.2582,1.0,retract,0,0,2.809
1786549689.6723,2026-08-12 17:48:09.672,2,0,0,-0.04244,-0.48172,0.04872,-2.3255,9.6824,-29.8761,-0.069,0.0641,-0.3118,4.68325,0.1826,0.2582,0.0,0.3162,0.1826,0.2582,0.2582,0.3651,0.3162,0.3162,0.2582,0.0,0.4472,0.0,0.2582,0.3651,0.3162,0.0,0.3162,1.0,retract,0,0,2.818
1786549689.7224,2026-08-12 17:48:09.722,2,0,0,-0.04244,-0.48171,0.04873,-2.0865,9.5949,-29.8753,-0.07,0.0697,-0.3053,4.69181,0.3651,0.3162,0.0,0.1826,0.2582,0.2582,0.1826,0.3162,0.0,0.2582,0.3162,0.0,0.3651,0.0,0.3162,0.3162,0.2582,0.0,0.2582,1.0,retract,0,0,2.7418
1786549689.7725,2026-08-12 17:48:09.772,2,0,0,-0.04244,-0.48171,0.04872,-2.1605,9.2553,-29.8935,-0.0579,0.0682,-0.3116,4.68627,0.3651,0.3162,0.0,0.1826,0.2582,0.2582,0.1826,0.3162,0.0,0.2582,0.3162,0.0,0.3651,0.0,0.3162,0.3162,0.2582,0.0,0.2582,1.0,retract,0,0,2.7911
1786549689.8226,2026-08-12 17:48:09.822,2,0,0,-0.04246,-0.48171,0.04872,-2.1305,9.3205,-29.9096,-0.0607,0.0683,-0.3148,4.69181,0.2582,0.2582,0.0,0.2582,0.2582,0.3162,0.1826,0.3162,0.2582,0.1826,0.3162,0.0,0.3651,0.1826,0.3651,0.3162,0.3162,0.1826,0.3162,1.0,retract,0,0,2.7418
1786549689.8727,2026-08-12 17:48:09.872,2,0,0,-0.04244,-0.48169,0.04871,-1.9948,9.349,-29.9517,-0.058,0.0706,-0.3078,4.68249,0.2582,0.2582,0.0,0.2582,0.2582,0.3162,0.1826,0.3162,0.2582,0.1826,0.3162,0.0,0.3651,0.1826,0.3651,0.3162,0.3162,0.1826,0.3162,1.0,retract,0,0,2.8247
1786549689.9228,2026-08-12 17:48:09.922,2,0,0,-0.04245,-0.4817,0.04874,-2.2011,9.3738,-29.8898,-0.0589,0.0667,-0.3113,4.69306,0.3162,0.3651,0.0,0.2582,0.1826,0.2582,0.0,0.2582,0.1826,0.0,0.2582,0.0,0.3651,0.0,0.3162,0.3162,0.3162,0.0,0.3162,1.0,retract,0,0,2.7306
1786549689.9729,2026-08-12 17:48:09.972,2,0,0,-0.04243,-0.48171,0.04879,-2.0795,9.5976,-29.8106,-0.0673,0.0693,-0.3128,4.68627,0.3162,0.3162,0.0,0.2582,0.2582,0.2582,0.0,0.3162,0.1826,0.1826,0.3162,0.0,0.3651,0.1826,0.2582,0.3651,0.3162,0.1826,0.3162,1.0,retract,0,0,2.7911
1786549690.023,2026-08-12 17:48:10.022,2,0,0,-0.04244,-0.4817,0.0488,-2.2187,9.4977,-29.8829,-0.0614,0.0664,-0.3086,4.68174,0.3162,0.3162,0.0,0.2582,0.2582,0.2582,0.0,0.3162,0.1826,0.1826,0.3162,0.0,0.3651,0.1826,0.2582,0.3651,0.3162,0.1826,0.3162,1.0,retract,0,0,2.8314
1786549690.0731,2026-08-12 17:48:10.073,2,0,0,-0.04244,-0.4817,0.04883,-2.4501,9.7628,-29.7868,-0.0682,0.0596,-0.32,4.68979,0.3162,0.1826,0.0,0.3162,0.1826,0.2582,0.1826,0.3162,0.2582,0.2582,0.3162,0.0,0.3651,0.1826,0.3162,0.3162,0.3162,0.2582,0.2582,1.0,retract,0,0,2.7597
1786549690.1232,2026-08-12 17:48:10.123,2,0,0,-0.04245,-0.48171,0.04887,-2.5057,9.8765,-29.7245,-0.0741,0.059,-0.3177,4.68299,0.3162,0.1826,0.0,0.3162,0.1826,0.2582,0.1826,0.3162,0.2582,0.2582,0.3162,0.0,0.3651,0.1826,0.3162,0.3162,0.3162,0.2582,0.2582,1.0,retract,0,0,2.8202
1786549690.1733,2026-08-12 17:48:10.173,2,0,0,-0.04245,-0.4817,0.04889,-2.2861,10.0041,-29.89,-0.0789,0.0652,-0.3136,4.68879,0.1826,0.2582,0.0,0.3651,0.0,0.1826,0.0,0.3651,0.3162,0.3162,0.1826,0.0,0.4472,0.1826,0.3651,0.3162,0.3162,0.1826,0.3162,1.0,retract,0,0,2.7687
1786549690.2234,2026-08-12 17:48:10.223,2,0,0,-0.04245,-0.4817,0.04893,-2.3654,9.5043,-29.9975,-0.0633,0.0658,-0.3104,4.68979,0.1826,0.2582,0.0,0.3651,0.0,0.1826,0.0,0.3651,0.3162,0.3162,0.1826,0.0,0.4472,0.1826,0.3651,0.3162,0.3162,0.1826,0.3162,1.0,retract,0,0,2.7597
1786549690.2736,2026-08-12 17:48:10.273,2,0,0,-0.04245,-0.4817,0.04897,-2.0543,9.6768,-29.7985,-0.068,0.07,-0.3147,4.69231,0.3651,0.2582,0.0,0.3162,0.3651,0.3162,0.0,0.3162,0.2582,0.4082,0.2582,0.0,0.3651,0.2582,0.3162,0.2582,0.3162,0.1826,0.3651,1.0,retract,0,0,2.7373
1786549690.3237,2026-08-12 17:48:10.323,2,0,0,-0.04245,-0.4817,0.04901,-2.2016,9.6447,-29.9525,-0.0683,0.0647,-0.3174,4.67997,0.3651,0.3162,0.0,0.3162,0.3162,0.2582,0.1826,0.3162,0.3162,0.2582,0.2582,0.0,0.4082,0.1826,0.4472,0.3162,0.3651,0.0,0.3162,1.0,retract,0,0,2.8471
1786549690.3739,2026-08-12 17:48:10.373,2,0,0,-0.04244,-0.48171,0.04905,-2.3299,9.4059,-29.9346,-0.0615,0.064,-0.3059,4.68677,0.3651,0.3162,0.0,0.3162,0.3162,0.2582,0.1826,0.3162,0.3162,0.2582,0.2582,0.0,0.4082,0.1826,0.4472,0.3162,0.3651,0.0,0.3162,1.0,retract,0,0,2.7866
1786549690.424,2026-08-12 17:48:10.423,2,0,0,-0.04244,-0.48169,0.04907,-2.0722,9.3512,-29.8999,-0.0599,0.07,-0.3106,4.67972,0.3162,0.2582,0.1826,0.3162,0.2582,0.1826,0.2582,0.3651,0.2582,0.2582,0.3162,0.0,0.3651,0.0,0.3162,0.1826,0.3162,0.0,0.3162,1.0,retract,0,0,2.8493
1786549690.4743,2026-08-12 17:48:10.474,2,0,0,-0.04243,-0.4817,0.0491,-2.5791,9.8614,-29.9231,-0.0748,0.055,-0.3161,4.684,0.3162,0.2582,0.1826,0.3162,0.2582,0.1826,0.2582,0.3651,0.2582,0.2582,0.3162,0.0,0.3651,0.0,0.3162,0.1826,0.3162,0.0,0.3162,1.0,retract,0,0,2.8113
1786549690.5245,2026-08-12 17:48:10.524,2,0,0,-0.04245,-0.48169,0.04913,-1.689,9.106,-29.8121,-0.0576,0.0816,-0.3097,4.68476,0.2582,0.1826,0.0,0.1826,0.1826,0.2582,0.0,0.3162,0.2582,0.1826,0.2582,0.0,0.3651,0.1826,0.1826,0.3162,0.2582,0.1826,0.3651,1.0,retract,0,0,2.8045
1786549690.5746,2026-08-12 17:48:10.574,2,0,0,-0.04245,-0.4817,0.04918,-2.3188,9.7449,-29.7541,-0.0681,0.0632,-0.3111,4.68022,0.1826,0.3651,0.1826,0.3162,0.1826,0.1826,0.1826,0.3162,0.2582,0.2582,0.3162,0.0,0.3162,0.1826,0.3651,0.3651,0.3162,0.0,0.2582,1.0,retract,0,0,2.8449
1786549690.6247,2026-08-12 17:48:10.624,2,0,0,-0.04242,-0.48169,0.04919,-2.3828,9.4201,-29.9494,-0.0604,0.0622,-0.313,4.68576,0.1826,0.3651,0.1826,0.3162,0.1826,0.1826,0.1826,0.3162,0.2582,0.2582,0.3162,0.0,0.3162,0.1826,0.3651,0.3651,0.3162,0.0,0.2582,1.0,retract,0,0,2.7956
1786549690.6748,2026-08-12 17:48:10.674,2,0,0,-0.04244,-0.48169,0.04923,-2.0438,9.6903,-30.0945,-0.0694,0.0722,-0.3149,4.69735,0.2582,0.1826,0.0,0.2582,0.1826,0.1826,0.0,0.3162,0.3162,0.1826,0.0,0.0,0.3651,0.1826,0.2582,0.1826,0.2582,0.0,0.2582,1.0,retract,0,0,2.6925
1786549690.7249,2026-08-12 17:48:10.724,2,0,0,-0.04244,-0.4817,0.04927,-2.0577,9.5164,-30.0239,-0.0655,0.0705,-0.3109,4.67997,0.2582,0.1826,0.0,0.2582,0.1826,0.1826,0.0,0.3162,0.3162,0.1826,0.0,0.0,0.3651,0.1826,0.2582,0.1826,0.2582,0.0,0.2582,1.0,retract,0,0,2.8471
1786549690.7751,2026-08-12 17:48:10.775,2,0,0,-0.04247,-0.4817,0.04933,-2.2992,9.6383,-29.8192,-0.0661,0.0647,-0.3191,4.69458,0.2582,0.1826,0.0,0.3162,0.2582,0.1826,0.1826,0.3162,0.2582,0.2582,0.1826,0.0,0.3651,0.0,0.3162,0.3651,0.2582,0.0,0.3162,1.0,retract,0,0,2.7172
1786549690.8254,2026-08-12 17:48:10.825,2,0,0,-0.04246,-0.48171,0.04935,-2.0199,9.4455,-29.9455,-0.0635,0.0728,-0.3135,4.6767,0.2582,0.2582,0.1826,0.2582,0.2582,0.3162,0.0,0.3162,0.1826,0.0,0.3651,0.0,0.3162,0.0,0.3162,0.3162,0.3162,0.0,0.3162,1.0,retract,0,0,2.8762
1786549690.8755,2026-08-12 17:48:10.875,2,0,0,-0.04243,-0.48171,0.04938,-2.343,9.7448,-29.9427,-0.0697,0.0658,-0.3179,4.68627,0.2582,0.2582,0.1826,0.2582,0.2582,0.3162,0.0,0.3162,0.1826,0.0,0.3651,0.0,0.3162,0.0,0.3162,0.3162,0.3162,0.0,0.3162,1.0,retract,0,0,2.7911
1786549690.9256,2026-08-12 17:48:10.925,2,0,0,-0.04244,-0.48171,0.04941,-2.0596,9.6873,-29.9227,-0.07,0.0706,-0.3125,4.68753,0.1826,0.2582,0.0,0.1826,0.1826,0.3162,0.0,0.3162,0.2582,0.3162,0.3162,0.0,0.4082,0.1826,0.3162,0.3162,0.2582,0.0,0.2582,1.0,retract,0,0,2.7799
1786549690.9757,2026-08-12 17:48:10.975,2,0,0,-0.04245,-0.48169,0.04943,-2.2571,9.8107,-29.8707,-0.0703,0.0654,-0.3131,4.69281,0.1826,0.2582,0.0,0.1826,0.1826,0.3162,0.0,0.3162,0.2582,0.3162,0.3162,0.0,0.4082,0.1826,0.3162,0.3162,0.2582,0.0,0.2582,1.0,retract,0,0,2.7329
1786549691.0258,2026-08-12 17:48:11.025,2,0,0,-0.04245,-0.4817,0.04947,-2.2415,9.3791,-30.093,-0.0574,0.0649,-0.3186,4.68627,0.3651,0.2582,0.1826,0.3162,0.3162,0.2582,0.2582,0.3162,0.2582,0.1826,0.3162,0.0,0.3162,0.1826,0.3162,0.2582,0.3162,0.2582,0.3651,1.0,retract,0,0,2.7911
1786549691.0759,2026-08-12 17:48:11.075,2,0,0,-0.04245,-0.4817,0.04951,-2.0429,9.4548,-30.0213,-0.0625,0.071,-0.3097,4.70011,0.3651,0.2582,0.1826,0.3162,0.3162,0.2582,0.2582,0.3162,0.2582,0.1826,0.3162,0.0,0.3162,0.1826,0.3162,0.2582,0.3162,0.2582,0.3651,1.0,retract,0,0,2.6679
1786549691.126,2026-08-12 17:48:11.126,2,0,0,-0.04244,-0.48171,0.04954,-2.2084,9.5696,-30.1016,-0.0667,0.067,-0.3075,4.70062,0.3162,0.2582,0.0,0.3162,0.2582,0.2582,0.0,0.3162,0.3162,0.0,0.1826,0.0,0.3162,0.1826,0.3162,0.2582,0.3162,0.1826,0.2582,1.0,retract,0,0,2.6634
1786549691.1762,2026-08-12 17:48:11.176,2,0,0,-0.04244,-0.48171,0.04958,-2.3436,9.6443,-29.9558,-0.0677,0.0601,-0.3186,4.68602,0.0,0.2582,0.0,0.3162,0.1826,0.2582,0.1826,0.3162,0.2582,0.1826,0.2582,0.0,0.3162,0.0,0.1826,0.2582,0.2582,0.0,0.0,1.0,retract,0,0,2.7933
1786549691.2262,2026-08-12 17:48:11.226,2,0,0,-0.04245,-0.48169,0.04958,-2.3926,9.8956,-29.8358,-0.0732,0.0615,-0.3188,4.68526,0.0,0.2582,0.0,0.3162,0.1826,0.2582,0.1826,0.3162,0.2582,0.1826,0.2582,0.0,0.3162,0.0,0.1826,0.2582,0.2582,0.0,0.0,1.0,retract,0,0,2.8001
1786549691.2763,2026-08-12 17:48:11.276,2,0,0,-0.04244,-0.48171,0.04963,-2.092,9.5413,-29.8585,-0.0632,0.0699,-0.3148,4.6913,0.0,0.2582,0.0,0.1826,0.0,0.3162,0.1826,0.2582,0.1826,0.1826,0.3162,0.0,0.3162,0.2582,0.2582,0.3651,0.3162,0.2582,0.2582,1.0,retract,0,0,2.7463
1786549691.3264,2026-08-12 17:48:11.326,2,0,0,-0.04243,-0.48171,0.04966,-2.4405,9.6629,-29.8372,-0.0695,0.0615,-0.3209,4.69105,0.0,0.2582,0.0,0.1826,0.0,0.3162,0.1826,0.2582,0.1826,0.1826,0.3162,0.0,0.3162,0.2582,0.2582,0.3651,0.3162,0.2582,0.2582,1.0,retract,0,0,2.7485
1786549691.3765,2026-08-12 17:48:11.376,2,0,0,-0.04245,-0.4817,0.04966,-2.1529,9.576,-29.8895,-0.0643,0.0642,-0.3124,4.68602,0.3162,0.3162,0.0,0.3651,0.1826,0.3162,0.1826,0.3651,0.3162,0.1826,0.2582,0.0,0.4082,0.1826,0.3162,0.2582,0.3162,0.1826,0.2582,1.0,retract,0,0,2.7933
1786549691.4266,2026-08-12 17:48:11.426,2,0,0,-0.04244,-0.4817,0.04966,-2.1545,9.6743,-29.9683,-0.0688,0.0697,-0.3219,4.69583,0.2582,0.3162,0.2582,0.3651,0.1826,0.3162,0.2582,0.3162,0.2582,0.2582,0.3162,0.1826,0.3162,0.1826,0.3162,0.2582,0.3651,0.2582,0.1826,1.0,retract,0,0,2.706
1786549691.4767,2026-08-12 17:48:11.476,2,0,0,-0.04243,-0.4817,0.04968,-2.0715,9.5663,-30.1552,-0.0651,0.0671,-0.3094,4.68501,0.2582,0.3162,0.2582,0.3651,0.1826,0.3162,0.2582,0.3162,0.2582,0.2582,0.3162,0.1826,0.3162,0.1826,0.3162,0.2582,0.3651,0.2582,0.1826,1.0,retract,0,0,2.8023
1786549691.5268,2026-08-12 17:48:11.526,2,0,0,-0.04244,-0.48171,0.04968,-1.9532,9.4218,-29.9379,-0.0579,0.0723,-0.3132,4.68123,0.3162,0.3651,0.0,0.3162,0.2582,0.3162,0.1826,0.3651,0.3651,0.0,0.3651,0.0,0.4472,0.2582,0.2582,0.3651,0.2582,0.1826,0.2582,1.0,retract,0,0,2.8359
