timestamp,datetime,ur5_point,ur5_pressing,ur5_done,tcp_x,tcp_y,tcp_z,fx,fy,fz,tx,ty,tz,ai0,cell_1,cell_2,cell_3,cell_4,cell_5,cell_6,cell_7,cell_8,cell_9,cell_10,cell_11,cell_12,cell_13,cell_14,cell_15,cell_16,cell_17,cell_18,cell_19,depth_mm,phase,round_idx,sample_idx,load_cell_N
1786549734.7766,2026-08-12 17:48:54.776,,0,0,-0.04069,-0.49588,0.07967,-1.8274,9.2034,-30.2243,-0.0536,0.0816,-0.1812,4.68274,0.0,0.0,0.1826,0.0,0.0,0.0,0.0,0.0,0.0,0.1826,0.0,0.0,0.0,0.0,0.0,0.1826,0.0,0.0,0.1826,0.0,,-1,-1,2.8225
1786549734.8267,2026-08-12 17:48:54.826,,0,0,-0.0407,-0.49586,0.07963,-1.4767,8.9566,-30.318,-0.049,0.0854,-0.1794,4.69206,0.0,0.0,0.1826,0.0,0.0,0.0,0.0,0.0,0.0,0.1826,0.0,0.0,0.0,0.0,0.0,0.1826,0.0,0.0,0.1826,0.0,,-1,-1,2.7396
1786549734.8768,2026-08-12 17:48:54.876,,0,0,-0.04071,-0.49586,0.07963,-1.6343,8.9092,-30.3468,-0.0489,0.0873,-0.1787,4.6903,0.0,0.0,0.1826,0.0,0.0,0.0,0.0,0.0,0.0,0.0,0.0,0.1826,0.0,0.0,0.0,0.0,0.0,0.0,0.0,0.0,,-1,-1,2.7553
1786549734.927,2026-08-12 17:48:54.927,,0,0,-0.04065,-0.49586,0.07964,-1.5058,8.938,-30.2883,-0.0487,0.0885,-0.1836,4.684,0.0,0.0,0.1826,0.0,0.0,0.0,0.0,0.0,0.0,0.0,0.0,0.1826,0.0,0.0,0.0,0.0,0.0,0.0,0.0,0.0,,-1,-1,2.8113
1786549734.9771,2026-08-12 17:48:54.977,,0,0,-0.04065,-0.49587,0.07964,-1.8258,9.1104,-30.2289,-0.0556,0.0798,-0.1905,4.69004,0.0,0.0,0.0,0.0,0.0,0.0,0.0,0.0,0.0,0.0,0.0,0.0,0.0,0.0,0.0,0.0,0.0,0.0,0.0,0.0,,-1,-1,2.7575
1786549735.0272,2026-08-12 17:48:55.027,,0,0,-0.04065,-0.49587,0.07965,-1.8589,9.033,-30.2287,-0.0494,0.0777,-0.1846,4.68954,0.0,0.0,0.2582,0.0,0.0,0.0,0.0,0.0,0.0,0.0,0.0,0.0,0.0,0.0,0.0,0.1826,0.0,0.0,0.0,0.0,,-1,-1,2.762
1786549735.0773,2026-08-12 17:48:55.077,,0,0,-0.04065,-0.49589,0.07968,-1.8024,9.1274,-30.31,-0.052,0.0777,-0.1921,4.68476,0.0,0.0,0.2582,0.0,0.0,0.0,0.0,0.0,0.0,0.0,0.0,0.0,0.0,0.0,0.0,0.1826,0.0,0.0,0.0,0.0,,-1,-1,2.8045
1786549735.1275,2026-08-12 17:48:55.127,,0,0,-0.04064,-0.49591,0.0797,-2.0045,9.4036,-30.1234,-0.0581,0.074,-0.1971,4.69382,0.0,0.0,0.2582,0.0,0.0,0.0,0.0,0.0,0.0,0.0,0.0,0.0,0.1826,0.0,0.0,0.1826,0.0,0.0,0.1826,0.0,,-1,-1,2.7239
1786549735.1776,2026-08-12 17:48:55.177,,0,0,-0.04066,-0.49591,0.07972,-1.7892,8.5149,-30.2652,-0.0371,0.0814,-0.1852,4.68526,0.0,0.0,0.2582,0.0,0.0,0.0,0.0,0.0,0.0,0.0,0.0,0.0,0.1826,0.0,0.0,0.1826,0.0,0.0,0.1826,0.0,,-1,-1,2.8001
1786549735.2277,2026-08-12 17:48:55.227,,0,0,-0.04064,-0.4959,0.07971,-1.6842,9.1242,-30.3598,-0.053,0.0843,-0.1904,4.684,0.0,0.0,0.1826,0.0,0.0,0.0,0.0,0.0,0.0,0.1826,0.0,0.0,0.0,0.0,0.0,0.0,0.0,0.0,0.0,0.0,,-1,-1,2.8113
1786549735.2778,2026-08-12 17:48:55.277,,0,0,-0.04065,-0.49591,0.0797,-1.7123,9.0809,-30.3886,-0.0525,0.0812,-0.1911,4.68199,0.0,0.0,0.0,0.0,0.0,0.0,0.0,0.0,0.0,0.0,0.0,0.0,0.0,0.0,0.0,0.0,0.0,0.0,0.1826,0.0,,-1,-1,2.8292
1786549735.328,2026-08-12 17:48:55.328,,0,0,-0.04063,-0.49591,0.07971,-1.7909,9.1898,-30.3364,-0.0505,0.0817,-0.1965,4.69281,0.0,0.0,0.0,0.0,0.0,0.0,0.0,0.0,0.0,0.0,0.0,0.0,0.0,0.0,0.0,0.0,0.0,0.0,0.1826,0.0,,-1,-1,2.7329
1786549735.3781,2026-08-12 17:48:55.378,,0,0,-0.04064,-0.49592,0.07972,-1.9688,9.2577,-30.284,-0.0593,0.0775,-0.1981,4.68753,0.0,0.0,0.0,0.0,0.0,0.0,0.0,0.0,0.0,0.0,0.0,0.0,0.0,0.0,0.0,0.0,0.0,0.0,0.0,0.0,,-1,-1,2.7799
1786549735.4282,2026-08-12 17:48:55.428,,0,0,-0.04065,-0.49591,0.07972,-1.8153,9.1395,-30.1086,-0.0542,0.0828,-0.1948,4.68249,0.0,0.0,0.0,0.0,0.0,0.0,0.0,0.0,0.0,0.0,0.0,0.0,0.0,0.0,0.0,0.0,0.0,0.0,0.0,0.0,,-1,-1,2.8247
1786549735.4782,2026-08-12 17:48:55.478,,0,0,-0.04064,-0.49592,0.07971,-1.6064,9.2683,-30.1996,-0.0543,0.0834,-0.194,4.69004,0.0,0.0,0.0,0.0,0.0,0.0,0.0,0.0,0.0,0.0,0.0,0.0,0.0,0.0,0.0,0.0,0.0,0.0,0.0,0.0,,-1,-1,2.7575
1786549735.5283,2026-08-12 17:48:55.528,,0,0,-0.04066,-0.49591,0.07972,-1.9499,9.264,-30.375,-0.0578,0.0774,-0.1972,4.68299,0.0,0.0,0.1826,0.0,0.0,0.0,0.0,0.0,0.0,0.1826,0.0,0.0,0.0,0.0,0.0,0.0,0.0,0.0,0.1826,0.0,,-1,-1,2.8202
1786549735.5784,2026-08-12 17:48:55.578,,0,0,-0.04064,-0.4959,0.07971,-1.8369,9.4597,-30.4286,-0.0572,0.0803,-0.1951,4.6835,0.0,0.0,0.1826,0.0,0.0,0.0,0.0,0.0,0.0,0.1826,0.0,0.0,0.0,0.0,0.0,0.0,0.0,0.0,0.1826,0.0,,-1,-1,2.8157
1786549735.6285,2026-08-12 17:48:55.628,,0,0,-0.04065,-0.4959,0.0797,-1.6277,9.0232,-30.3526,-0.049,0.087,-0.1993,4.69181,0.0,0.0,0.2582,0.0,0.0,0.0,0.0,0.0,0.0,0.1826,0.0,0.0,0.0,0.0,0.0,0.0,0.0,0.0,0.1826,0.0,,-1,-1,2.7418
1786549735.6786,2026-08-12 17:48:55.678,,0,0,-0.04063,-0.4959,0.07969,-1.9042,9.1869,-30.5457,-0.0579,0.0775,-0.199,4.68199,0.0,0.0,0.2582,0.0,0.0,0.0,0.0,0.0,0.0,0.1826,0.0,0.0,0.0,0.0,0.0,0.0,0.0,0.0,0.1826,0.0,,-1,-1,2.8292
1786549735.7287,2026-08-12 17:48:55.728,,0,0,-0.04065,-0.49591,0.0797,-1.356,8.9301,-30.4206,-0.0472,0.0922,-0.1922,4.6835,0.0,0.0,0.0,0.0,0.0,0.0,0.0,0.0,0.0,0.0,0.0,0.0,0.0,0.0,0.0,0.0,0.0,0.0,0.2582,0.0,,-1,-1,2.8157
1786549735.7789,2026-08-12 17:48:55.778,,0,0,-0.04063,-0.49591,0.0797,-1.4264,8.9248,-30.3792,-0.0495,0.089,-0.2001,4.69382,0.0,0.0,0.0,0.0,0.0,0.0,0.0,0.0,0.0,0.0,0.0,0.0,0.0,0.0,0.0,0.0,0.0,0.0,0.2582,0.0,,-1,-1,2.7239
1786549735.829,2026-08-12 17:48:55.828,,0,0,-0.04063,-0.4959,0.0797,-1.5483,9.3266,-30.1058,-0.0575,0.0887,-0.1968,4.69004,0.0,0.0,0.0,0.0,0.0,0.0,0.0,0.0,0.0,0.0,0.0,0.0,0.0,0.0,0.0,0.0,0.0,0.0,0.0,0.0,,-1,-1,2.7575
1786549735.8791,2026-08-12 17:48:55.879,,0,0,-0.04065,-0.49591,0.07971,-1.7189,9.1627,-30.4531,-0.0532,0.0829,-0.2016,4.69659,0.0,0.0,0.1826,0.0,0.0,0.0,0.0,0.0,0.0,0.1826,0.0,0.0,0.0,0.0,0.0,0.0,0.0,0.0,0.0,0.0,,-1,-1,2.6993
1786549735.9292,2026-08-12 17:48:55.929,,0,0,-0.04065,-0.49591,0.07972,-1.6147,9.1746,-30.2249,-0.0527,0.0832,-0.2018,4.69483,0.0,0.0,0.1826,0.0,0.0,0.0,0.0,0.0,0.0,0.1826,0.0,0.0,0.0,0.0,0.0,0.0,0.0,0.0,0.0,0.0,,-1,-1,2.7149
1786549735.9793,2026-08-12 17:48:55.979,,0,0,-0.04065,-0.49591,0.0797,-2.0483,9.5472,-30.3843,-0.0584,0.0698,-0.2058,4.6908,0.0,0.0,0.1826,0.0,0.0,0.0,0.0,0.0,0.0,0.0,0.0,0.0,0.0,0.0,0.0,0.0,0.0,0.0,0.0,0.0,,-1,-1,2.7508
1786549736.0295,2026-08-12 17:48:56.029,,0,0,-0.04064,-0.4959,0.0797,-1.32,8.7359,-30.0235,-0.0446,0.0922,-0.1907,4.69432,0.0,0.0,0.1826,0.0,0.0,0.0,0.0,0.0,0.0,0.0,0.0,0.0,0.0,0.0,0.0,0.0,0.0,0.0,0.0,0.0,,-1,-1,2.7194
1786549736.0796,2026-08-12 17:48:56.079,,0,0,-0.04063,-0.4959,0.0797,-1.7846,9.4341,-30.2768,-0.0583,0.0799,-0.2031,4.68299,0.0,0.0,0.0,0.0,0.0,0.0,0.0,0.0,0.0,0.0,0.0,0.0,0.0,0.0,0.0,0.0,0.0,0.0,0.0,0.0,,-1,-1,2.8202
1786549736.1297,2026-08-12 17:48:56.129,,0,0,-0.04064,-0.49591,0.07972,-2.1367,9.4106,-30.1069,-0.055,0.0713,-0.2074,4.68753,0.0,0.0,0.0,0.0,0.0,0.0,0.0,0.0,0.0,0.0,0.0,0.0,0.0,0.0,0.0,0.1826,0.0,0.0,0.0,0.0,,-1,-1,2.7799
1786549736.1799,2026-08-12 17:48:56.179,,0,0,-0.04063,-0.4959,0.07971,-2.1146,9.4426,-30.223,-0.0593,0.0732,-0.2085,4.68677,0.0,0.0,0.0,0.0,0.0,0.0,0.0,0.0,0.0,0.0,0.0,0.0,0.0,0.0,0.0,0.1826,0.0,0.0,0.0,0.0,,-1,-1,2.7866
1786549736.23,2026-08-12 17:48:56.229,,0,0,-0.04064,-0.4959,0.0797,-2.0963,9.6,-30.3247,-0.0608,0.0729,-0.2112,4.69004,0.0,0.0,0.1826,0.0,0.0,0.0,0.0,0.0,0.0,0.0,0.0,0.0,0.0,0.0,0.0,0.0,0.0,0.0,0.1826,0.0,,-1,-1,2.7575
1786549736.2801,2026-08-12 17:48:56.280,,0,0,-0.04065,-0.4959,0.07969,-1.7577,9.3421,-30.417,-0.0606,0.0837,-0.201,4.6908,0.0,0.0,0.1826,0.0,0.0,0.0,0.0,0.0,0.0,0.0,0.0,0.0,0.0,0.0,0.0,0.0,0.0,0.0,0.1826,0.0,,-1,-1,2.7508
1786549736.3303,2026-08-12 17:48:56.330,,0,0,-0.04064,-0.49591,0.0797,-1.7632,8.9856,-30.4117,-0.0492,0.0838,-0.2074,4.68224,0.0,0.0,0.0,0.0,0.0,0.0,0.0,0.0,0.0,0.0,0.0,0.0,0.0,0.0,0.0,0.0,0.0,0.0,0.0,0.0,,-1,-1,2.8269
1786549736.3803,2026-08-12 17:48:56.380,,0,0,-0.04064,-0.49591,0.07971,-1.9336,9.5243,-30.2017,-0.0623,0.0788,-0.2088,4.68551,0.0,0.0,0.1826,0.0,0.0,0.1826,0.0,0.0,0.0,0.0,0.0,0.0,0.0,0.0,0.0,0.0,0.0,0.0,0.0,0.0,,-1,-1,2.7978
1786549736.4305,2026-08-12 17:48:56.430,,0,0,-0.04064,-0.49591,0.0797,-1.8513,9.5451,-30.2177,-0.0612,0.0803,-0.2038,4.69483,0.0,0.0,0.1826,0.0,0.0,0.1826,0.0,0.0,0.0,0.0,0.0,0.0,0.0,0.0,0.0,0.0,0.0,0.0,0.0,0.0,,-1,-1,2.7149
1786549736.4806,2026-08-12 17:48:56.480,,0,0,-0.04063,-0.49591,0.0797,-2.1053,9.5245,-30.1421,-0.0638,0.0746,-0.2109,4.68199,0.0,0.0,0.0,0.0,0.0,0.0,0.0,0.0,0.0,0.0,0.0,0.0,0.0,0.0,0.0,0.0,0.0,0.0,0.0,0.0,,-1,-1,2.8292
1786549736.5306,2026-08-12 17:48:56.530,,0,0,-0.04064,-0.49591,0.07972,-1.5954,9.4006,-30.4009,-0.0578,0.0866,-0.2069,4.68501,0.0,0.0,0.0,0.0,0.0,0.0,0.0,0.0,0.0,0.0,0.0,0.0,0.0,0.0,0.0,0.0,0.0,0.0,0.0,0.0,,-1,-1,2.8023
1786549736.5808,2026-08-12 17:48:56.580,,0,0,-0.04064,-0.4959,0.0797,-1.8112,8.7772,-30.1409,-0.0448,0.0805,-0.2075,4.69357,0.0,0.0,0.0,0.0,0.0,0.0,0.0,0.0,0.0,0.1826,0.0,0.0,0.0,0.0,0.0,0.0,0.0,0.0,0.2582,0.0,,-1,-1,2.7261
1786549736.631,2026-08-12 17:48:56.631,,0,0,-0.04064,-0.4959,0.07971,-1.8801,9.1911,-30.0447,-0.0519,0.0814,-0.2133,4.68551,0.0,0.0,0.0,0.0,0.0,0.0,0.0,0.0,0.0,0.1826,0.0,0.0,0.0,0.0,0.0,0.0,0.0,0.0,0.2582,0.0,,-1,-1,2.7978
1786549736.6812,2026-08-12 17:48:56.681,3,0,0,-0.04062,-0.49585,0.07961,-1.8201,9.4407,-30.1154,-0.0578,0.0828,-0.2115,4.68602,0.0,0.0,0.0,0.0,0.0,0.0,0.0,0.0,0.0,0.0,0.0,0.0,0.0,0.0,0.0,0.0,0.0,0.0,0.0,5.0,locate,0,0,2.7933
1786549736.7312,2026-08-12 17:48:56.731,3,0,0,-0.04049,-0.49555,0.07902,-1.8806,9.1005,-29.9249,-0.0519,0.0815,-0.2112,4.68879,0.0,0.0,0.0,0.0,0.0,0.0,0.0,0.0,0.0,0.2582,0.0,0.0,0.0,0.1826,0.0,0.0,0.0,0.0,0.0,5.0,locate,0,0,2.7687
1786549736.7813,2026-08-12 17:48:56.781,3,0,0,-0.04023,-0.4949,0.07765,-1.7284,9.1824,-30.1841,-0.0568,0.0818,-0.176,4.6903,0.0,0.0,0.0,0.0,0.0,0.0,0.0,0.0,0.0,0.2582,0.0,0.0,0.0,0.1826,0.0,0.0,0.0,0.0,0.0,5.0,locate,0,0,2.7553
1786549736.8315,2026-08-12 17:48:56.831,3,0,0,-0.03975,-0.49388,0.0756,-2.068,9.5356,-30.2735,-0.0608,0.072,-0.1261,4.68904,0.0,0.0,0.0,0.0,0.0,0.0,0.0,0.0,0.0,0.0,0.0,0.0,0.0,0.0,0.0,0.0,0.0,0.0,0.0,5.0,locate,0,0,2.7665
1786549736.8815,2026-08-12 17:48:56.881,3,0,0,-0.03924,-0.49278,0.07336,-1.797,9.1584,-30.2262,-0.0545,0.0812,-0.1406,4.68375,0.0,0.0,0.0,0.0,0.0,0.0,0.0,0.0,0.0,0.0,0.0,0.0,0.0,0.0,0.0,0.0,0.0,0.0,0.0,5.0,locate,0,0,2.8135
1786549736.9317,2026-08-12 17:48:56.931,3,0,0,-0.03879,-0.49173,0.07124,-1.7054,9.0326,-30.276,-0.051,0.0835,-0.1488,4.68199,0.0,0.0,0.1826,0.0,0.0,0.0,0.0,0.0,0.0,0.0,0.0,0.0,0.0,0.0,0.0,0.0,0.0,0.0,0.0,5.0,locate,0,0,2.8292
1786549736.9818,2026-08-12 17:48:56.981,3,0,0,-0.03831,-0.49066,0.06903,-1.7911,9.0846,-30.0549,-0.0531,0.0826,-0.1556,4.68677,0.0,0.0,0.0,0.0,0.0,0.0,0.0,0.0,0.0,0.1826,0.0,0.0,0.0,0.0,0.0,0.0,0.0,0.0,0.0,5.0,locate,0,0,2.7866
1786549737.0319,2026-08-12 17:48:57.031,3,0,0,-0.0378,-0.48956,0.0668,-1.632,9.0148,-30.4669,-0.051,0.0874,-0.157,4.68249,0.0,0.0,0.0,0.0,0.0,0.0,0.0,0.0,0.0,0.1826,0.0,0.0,0.0,0.0,0.0,0.0,0.0,0.0,0.0,5.0,locate,0,0,2.8247
1786549737.082,2026-08-12 17:48:57.082,3,0,0,-0.0373,-0.48841,0.06452,-1.9993,9.591,-30.2626,-0.0637,0.078,-0.1559,4.68526,0.0,0.0,0.1826,0.0,0.0,0.0,0.0,0.0,0.0,0.0,0.0,0.0,0.0,0.0,0.0,0.0,0.0,0.0,0.0,5.0,locate,0,0,2.8001
1786549737.1321,2026-08-12 17:48:57.132,3,0,0,-0.03683,-0.48733,0.06236,-1.8193,9.2825,-30.2479,-0.057,0.0803,-0.1577,4.68879,0.0,0.0,0.1826,0.0,0.0,0.0,0.0,0.0,0.0,0.0,0.0,0.0,0.0,0.0,0.0,0.0,0.0,0.0,0.0,5.0,locate,0,0,2.7687
1786549737.1823,2026-08-12 17:48:57.182,3,0,0,-0.03638,-0.48632,0.06029,-1.7124,9.0319,-30.4671,-0.0545,0.0808,-0.1605,4.68753,0.0,0.0,0.0,0.0,0.0,0.0,0.0,0.0,0.0,0.1826,0.0,0.0,0.0,0.0,0.0,0.0,0.0,0.0,0.0,5.0,locate,0,0,2.7799
1786549737.2324,2026-08-12 17:48:57.232,3,0,0,-0.03585,-0.48517,0.05797,-1.7282,9.3875,-30.1983,-0.0611,0.0808,-0.1672,4.6903,0.0,0.0,0.0,0.0,0.0,0.0,0.0,0.0,0.0,0.0,0.0,0.0,0.0,0.0,0.0,0.0,0.0,0.0,0.0,5.0,locate,0,0,2.7553
1786549737.2824,2026-08-12 17:48:57.282,3,0,0,-0.0354,-0.48411,0.0558,-1.5329,9.0211,-30.4526,-0.0523,0.0896,-0.1665,4.68979,0.0,0.0,0.0,0.0,0.0,0.0,0.0,0.0,0.0,0.0,0.0,0.0,0.0,0.0,0.0,0.0,0.0,0.0,0.0,5.0,locate,0,0,2.7597
1786549737.3324,2026-08-12 17:48:57.332,3,0,0,-0.03489,-0.48301,0.05354,-1.7334,9.0028,-30.478,-0.0465,0.0856,-0.1624,4.68929,0.0,0.0,0.0,0.0,0.0,0.0,0.0,0.0,0.0,0.0,0.0,0.0,0.0,0.0,0.0,0.0,0.0,0.1826,0.1826,5.0,locate,0,0,2.7642
1786549737.3825,2026-08-12 17:48:57.382,3,0,0,-0.03449,-0.48206,0.0516,-1.8493,9.4349,-30.3311,-0.0604,0.0776,-0.1688,4.684,0.0,0.0,0.0,0.0,0.0,0.0,0.0,0.0,0.0,0.0,0.0,0.0,0.0,0.0,0.0,0.0,0.0,0.1826,0.1826,5.0,locate,0,0,2.8113
1786549737.4326,2026-08-12 17:48:57.432,3,0,0,-0.0342,-0.48143,0.05032,-1.8793,9.4314,-30.2953,-0.0568,0.0794,-0.1736,4.68627,0.0,0.0,0.1826,0.0,0.0,0.0,0.0,0.0,0.0,0.1826,0.0,0.0,0.0,0.0,0.0,0.0,0.0,0.0,0.0,5.0,locate,0,0,2.7911
1786549737.4827,2026-08-12 17:48:57.482,3,0,0,-0.03408,-0.48113,0.04975,-1.7229,9.2285,-30.3085,-0.0539,0.0835,-0.1747,4.68375,0.0,0.0,0.1826,0.0,0.0,0.0,0.0,0.0,0.0,0.1826,0.0,0.0,0.0,0.0,0.0,0.0,0.0,0.0,0.0,5.0,locate,0,0,2.8135
1786549737.5328,2026-08-12 17:48:57.532,3,0,0,-0.03407,-0.48115,0.04977,-2.0245,9.1023,-30.1364,-0.0499,0.0762,-0.1728,4.68828,0.0,0.0,0.0,0.0,0.0,0.0,0.0,0.0,0.0,0.0,0.0,0.0,0.1826,0.1826,0.0,0.0,0.0,0.1826,0.0,5.0,locate,0,0,2.7732
1786549737.5829,2026-08-12 17:48:57.582,3,0,0,-0.03407,-0.48115,0.04976,-1.7906,9.0809,-30.3027,-0.0531,0.0853,-0.1741,4.69382,0.0,0.0,0.1826,0.1826,0.0,0.0,0.0,0.1826,0.0,0.0,0.0,0.0,0.0,0.1826,0.0,0.0,0.0,0.0,0.0,5.0,locate,0,0,2.7239
1786549737.633,2026-08-12 17:48:57.633,3,0,0,-0.03406,-0.48116,0.04977,-1.9869,9.3634,-30.0765,-0.0573,0.0792,-0.1763,4.68299,0.0,0.0,0.1826,0.1826,0.0,0.0,0.0,0.1826,0.0,0.0,0.0,0.0,0.0,0.1826,0.0,0.0,0.0,0.0,0.0,5.0,locate,0,0,2.8202
1786549737.6832,2026-08-12 17:48:57.683,3,0,0,-0.03407,-0.48116,0.04976,-2.0229,9.395,-30.1962,-0.0602,0.0767,-0.1753,4.68702,0.0,0.0,0.1826,0.0,0.0,0.0,0.0,0.1826,0.2582,0.2582,0.0,0.0,0.1826,0.0,0.2582,0.0,0.0,0.0,0.1826,5.0,locate,0,0,2.7844
1786549737.7332,2026-08-12 17:48:57.733,3,0,0,-0.03406,-0.48114,0.04975,-1.3876,9.2278,-30.3781,-0.0561,0.0909,-0.1703,4.68853,0.0,0.0,0.1826,0.0,0.0,0.0,0.0,0.1826,0.2582,0.2582,0.0,0.0,0.1826,0.0,0.2582,0.0,0.0,0.0,0.1826,5.0,locate,0,0,2.7709
1786549737.7834,2026-08-12 17:48:57.783,3,0,0,-0.03404,-0.48113,0.04973,-1.7871,9.2377,-30.3229,-0.0538,0.0812,-0.1715,4.6903,0.0,0.0,0.0,0.0,0.1826,0.0,0.0,0.2582,0.0,0.1826,0.0,0.0,0.2582,0.0,0.0,0.0,0.0,0.0,0.0,5.0,locate,0,0,2.7553
1786549737.8335,2026-08-12 17:48:57.833,3,0,0,-0.03405,-0.48113,0.04974,-2.0522,9.3386,-29.9306,-0.0571,0.0765,-0.1768,4.69382,0.0,0.0,0.1826,0.0,0.0,0.0,0.0,0.1826,0.0,0.2582,0.0,0.0,0.2582,0.0,0.0,0.0,0.0,0.1826,0.0,5.0,locate,0,0,2.7239
1786549737.8835,2026-08-12 17:48:57.883,3,0,0,-0.03405,-0.48112,0.04973,-1.9936,9.2376,-30.1471,-0.0552,0.0778,-0.1767,4.684,0.0,0.0,0.1826,0.0,0.0,0.0,0.0,0.1826,0.0,0.2582,0.0,0.0,0.2582,0.0,0.0,0.0,0.0,0.1826,0.0,5.0,locate,0,0,2.8113
1786549737.9336,2026-08-12 17:48:57.933,3,0,0,-0.03405,-0.48111,0.0497,-1.7004,8.6755,-30.1134,-0.0434,0.0859,-0.1832,4.68098,0.0,0.0,0.1826,0.0,0.0,0.1826,0.0,0.3162,0.0,0.0,0.1826,0.0,0.2582,0.0,0.0,0.1826,0.0,0.0,0.1826,5.0,locate,0,0,2.8381
1786549737.9837,2026-08-12 17:48:57.983,3,0,0,-0.03405,-0.48112,0.04972,-2.2735,9.6415,-29.8825,-0.0676,0.068,-0.1865,4.69004,0.0,0.0,0.1826,0.0,0.0,0.1826,0.0,0.3162,0.0,0.0,0.1826,0.0,0.2582,0.0,0.0,0.1826,0.0,0.0,0.1826,5.0,locate,0,0,2.7575
1786549738.0339,2026-08-12 17:48:58.033,3,0,0,-0.03405,-0.48112,0.04972,-2.1739,9.5177,-30.0203,-0.0644,0.0717,-0.1861,4.68526,0.0,0.1826,0.0,0.2582,0.0,0.0,0.0,0.2582,0.3162,0.0,0.0,0.0,0.2582,0.1826,0.0,0.0,0.0,0.1826,0.0,5.0,locate,0,0,2.8001
1786549738.0839,2026-08-12 17:48:58.083,3,0,0,-0.03406,-0.48111,0.04972,-1.6118,9.5719,-30.1369,-0.0621,0.0855,-0.1727,4.68753,0.0,0.0,0.0,0.2582,0.0,0.0,0.0,0.1826,0.0,0.1826,0.0,0.0,0.1826,0.0,0.2582,0.0,0.0,0.0,0.3651,5.0,locate,0,0,2.7799
1786549738.1341,2026-08-12 17:48:58.134,3,0,0,-0.03406,-0.48111,0.04971,-1.7117,9.7191,-30.0846,-0.0648,0.0831,-0.1786,4.68853,0.0,0.0,0.0,0.2582,0.0,0.0,0.0,0.1826,0.0,0.1826,0.0,0.0,0.1826,0.0,0.2582,0.0,0.0,0.0,0.3651,5.0,locate,0,0,2.7709
1786549738.1842,2026-08-12 17:48:58.184,3,0,0,-0.03405,-0.48112,0.04972,-1.9346,9.5401,-29.8957,-0.0598,0.0772,-0.1807,4.684,0.0,0.0,0.1826,0.0,0.0,0.0,0.0,0.1826,0.0,0.1826,0.0,0.0,0.1826,0.1826,0.0,0.0,0.0,0.0,0.0,5.0,locate,0,0,2.8113
1786549738.2344,2026-08-12 17:48:58.234,3,0,0,-0.03403,-0.48111,0.04971,-1.8432,9.5321,-30.0128,-0.0638,0.0777,-0.1786,4.69306,0.0,0.0,0.1826,0.0,0.0,0.0,0.0,0.1826,0.0,0.1826,0.0,0.0,0.1826,0.1826,0.0,0.0,0.0,0.0,0.0,5.0,locate,0,0,2.7306
1786549738.2845,2026-08-12 17:48:58.284,3,0,0,-0.03407,-0.48112,0.04972,-1.6722,9.3601,-30.0398,-0.0566,0.0833,-0.1767,4.68199,0.0,0.0,0.1826,0.2582,0.0,0.0,0.0,0.1826,0.1826,0.0,0.0,0.0,0.2582,0.2582,0.0,0.0,0.1826,0.1826,0.0,5.0,locate,0,0,2.8292
1786549738.3346,2026-08-12 17:48:58.334,3,0,0,-0.03405,-0.4811,0.04971,-1.9251,9.5788,-30.0758,-0.0646,0.0793,-0.1795,4.69382,0.0,0.0,0.1826,0.2582,0.0,0.0,0.0,0.1826,0.1826,0.0,0.0,0.0,0.2582,0.2582,0.0,0.0,0.1826,0.1826,0.0,5.0,locate,0,0,2.7239
1786549738.3846,2026-08-12 17:48:58.384,3,0,0,-0.03405,-0.48112,0.04971,-1.8348,9.1949,-29.9525,-0.0568,0.0828,-0.1786,4.68375,0.0,0.0,0.1826,0.2582,0.0,0.0,0.0,0.1826,0.2582,0.1826,0.0,0.0,0.2582,0.0,0.1826,0.0,0.0,0.0,0.2582,5.0,locate,0,0,2.8135
1786549738.4347,2026-08-12 17:48:58.434,3,0,0,-0.03403,-0.48111,0.04972,-1.7294,9.4506,-30.1587,-0.0598,0.0827,-0.1818,4.68979,0.0,0.0,0.2582,0.1826,0.0,0.0,0.0,0.0,0.1826,0.3162,0.0,0.0,0.1826,0.1826,0.1826,0.0,0.1826,0.0,0.3162,5.0,locate,0,0,2.7597
1786549738.4848,2026-08-12 17:48:58.484,3,0,0,-0.03406,-0.48112,0.04972,-1.6792,9.3855,-30.0372,-0.0569,0.0852,-0.1824,4.69483,0.0,0.0,0.2582,0.1826,0.0,0.0,0.0,0.0,0.1826,0.3162,0.0,0.0,0.1826,0.1826,0.1826,0.0,0.1826,0.0,0.3162,5.0,locate,0,0,2.7149
1786549738.5349,2026-08-12 17:48:58.534,3,0,0,-0.03403,-0.48112,0.04972,-2.0781,9.8107,-30.026,-0.0677,0.0743,-0.1863,4.68576,0.0,0.0,0.1826,0.2582,0.1826,0.1826,0.0,0.3162,0.1826,0.0,0.0,0.0,0.3162,0.1826,0.0,0.0,0.0,0.1826,0.0,5.0,locate,0,0,2.7956
1786549738.585,2026-08-12 17:48:58.584,3,0,0,-0.03404,-0.48111,0.04971,-2.1881,9.6266,-29.9955,-0.0606,0.072,-0.1868,4.6903,0.0,0.0,0.1826,0.2582,0.1826,0.1826,0.0,0.3162,0.1826,0.0,0.0,0.0,0.3162,0.1826,0.0,0.0,0.0,0.1826,0.0,5.0,locate,0,0,2.7553
1786549738.6351,2026-08-12 17:48:58.635,3,0,0,-0.03404,-0.48112,0.04972,-2.0778,9.609,-30.0329,-0.0611,0.0767,-0.1894,4.68375,0.0,0.0,0.0,0.0,0.0,0.0,0.0,0.1826,0.1826,0.2582,0.0,0.0,0.2582,0.1826,0.1826,0.0,0.0,0.1826,0.0,5.0,locate,0,0,2.8135
1786549738.6852,2026-08-12 17:48:58.685,3,0,0,-0.03406,-0.48112,0.04971,-2.063,9.2936,-30.0531,-0.0554,0.0759,-0.1852,4.6913,0.0,0.0,0.1826,0.0,0.0,0.0,0.0,0.1826,0.0,0.1826,0.0,0.0,0.0,0.0,0.0,0.0,0.0,0.0,0.1826,5.0,locate,0,0,2.7463
1786549738.7353,2026-08-12 17:48:58.735,3,0,0,-0.03406,-0.48111,0.04971,-1.5692,9.163,-30.3142,-0.0544,0.0881,-0.1874,4.6913,0.0,0.0,0.1826,0.0,0.0,0.0,0.0,0.1826,0.0,0.1826,0.0,0.0,0.0,0.0,0.0,0.0,0.0,0.0,0.1826,5.0,locate,0,0,2.7463
1786549738.7854,2026-08-12 17:48:58.785,3,0,0,-0.03403,-0.48113,0.04972,-1.8539,9.0569,-30.1672,-0.0518,0.0816,-0.1864,4.6835,0.0,0.0,0.1826,0.1826,0.0,0.0,0.0,0.1826,0.1826,0.1826,0.0,0.0,0.1826,0.0,0.1826,0.0,0.0,0.0,0.0,5.0,locate,0,0,2.8157
1786549738.8355,2026-08-12 17:48:58.835,3,0,0,-0.03405,-0.48111,0.04971,-1.6658,9.2222,-30.084,-0.0529,0.0869,-0.1851,4.6908,0.0,0.0,0.1826,0.1826,0.0,0.0,0.0,0.1826,0.1826,0.1826,0.0,0.0,0.1826,0.0,0.1826,0.0,0.0,0.0,0.0,5.0,locate,0,0,2.7508
1786549738.8856,2026-08-12 17:48:58.885,3,0,0,-0.03405,-0.4811,0.0497,-1.9763,9.1176,-30.1885,-0.054,0.0798,-0.1825,4.684,0.1826,0.0,0.1826,0.0,0.2582,0.1826,0.0,0.3162,0.1826,0.2582,0.0,0.0,0.3162,0.0,0.0,0.0,0.0,0.0,0.0,5.0,locate,0,0,2.8113
1786549738.9357,2026-08-12 17:48:58.935,3,0,0,-0.03403,-0.48112,0.04972,-1.9876,9.4835,-30.1164,-0.061,0.0779,-0.1842,4.69533,0.1826,0.0,0.1826,0.0,0.2582,0.1826,0.0,0.3162,0.1826,0.2582,0.0,0.0,0.3162,0.0,0.0,0.0,0.0,0.0,0.0,5.0,locate,0,0,2.7105
1786549738.9859,2026-08-12 17:48:58.985,3,0,0,-0.03405,-0.48111,0.04971,-1.748,9.267,-30.0398,-0.0567,0.0819,-0.1847,4.68098,0.0,0.0,0.2582,0.2582,0.0,0.0,0.0,0.2582,0.0,0.0,0.0,0.0,0.2582,0.0,0.0,0.0,0.1826,0.0,0.1826,5.0,locate,0,0,2.8381
1786549739.036,2026-08-12 17:48:59.036,3,0,0,-0.03405,-0.48111,0.04971,-2.2981,9.3139,-29.9268,-0.0576,0.0694,-0.1913,4.69483,0.0,0.0,0.2582,0.0,0.0,0.0,0.0,0.3162,0.0,0.0,0.0,0.0,0.2582,0.1826,0.0,0.0,0.1826,0.2582,0.0,5.0,locate,0,0,2.7149
1786549739.0861,2026-08-12 17:48:59.086,3,0,0,-0.03403,-0.48112,0.04971,-1.9499,9.6331,-30.0786,-0.0629,0.0759,-0.1901,4.684,0.0,0.0,0.2582,0.0,0.0,0.0,0.0,0.3162,0.0,0.0,0.0,0.0,0.2582,0.1826,0.0,0.0,0.1826,0.2582,0.0,5.0,locate,0,0,2.8113
1786549739.1363,2026-08-12 17:48:59.136,3,0,0,-0.03404,-0.48112,0.04973,-1.653,9.5453,-30.2729,-0.0625,0.0851,-0.1838,4.69609,0.0,0.0,0.1826,0.2582,0.0,0.0,0.0,0.3162,0.1826,0.0,0.0,0.0,0.3651,0.0,0.0,0.0,0.0,0.0,0.0,5.0,locate,0,0,2.7037
1786549739.1864,2026-08-12 17:48:59.186,3,0,0,-0.03402,-0.48111,0.04971,-1.7547,9.523,-30.216,-0.0648,0.0808,-0.183,4.68325,0.0,0.0,0.1826,0.2582,0.0,0.0,0.0,0.3162,0.1826,0.0,0.0,0.0,0.3651,0.0,0.0,0.0,0.0,0.0,0.0,5.0,locate,0,0,2.818
1786549739.2365,2026-08-12 17:48:59.236,3,0,0,-0.03406,-0.48113,0.04972,-1.6936,9.4428,-30.0541,-0.0645,0.084,-0.183,4.69206,0.0,0.0,0.0,0.0,0.0,0.0,0.0,0.2582,0.0,0.1826,0.0,0.0,0.1826,0.1826,0.0,0.0,0.0,0.0,0.0,5.0,locate,0,0,2.7396
1786549739.2866,2026-08-12 17:48:59.286,3,0,0,-0.03404,-0.48112,0.04973,-1.6211,9.2962,-30.0807,-0.0562,0.0851,-0.1914,4.6845,0.0,0.0,0.0,0.1826,0.0,0.0,0.0,0.1826,0.0,0.1826,0.0,0.0,0.1826,0.1826,0.1826,0.0,0.0,0.1826,0.2582,5.0,locate,0,0,2.8068
1786549739.3367,2026-08-12 17:48:59.336,3,0,0,-0.03405,-0.48112,0.04972,-1.9422,9.2015,-30.1404,-0.0528,0.0785,-0.1881,4.69609,0.0,0.0,0.0,0.1826,0.0,0.0,0.0,0.1826,0.0,0.1826,0.0,0.0,0.1826,0.1826,0.1826,0.0,0.0,0.1826,0.2582,5.0,locate,0,0,2.7037
1786549739.3869,2026-08-12 17:48:59.386,3,0,0,-0.03405,-0.48111,0.04971,-1.5482,9.0969,-30.1577,-0.0504,0.0878,-0.1914,4.69155,0.0,0.0,0.0,0.1826,0.1826,0.0,0.0,0.1826,0.1826,0.0,0.0,0.0,0.1826,0.1826,0.0,0.0,0.0,0.1826,0.0,5.0,locate,0,0,2.7441
1786549739.437,2026-08-12 17:48:59.436,3,0,0,-0.03403,-0.48112,0.04971,-1.967,8.7651,-30.2671,-0.0434,0.0774,-0.1939,4.68375,0.0,0.0,0.0,0.1826,0.1826,0.0,0.0,0.1826,0.1826,0.0,0.0,0.0,0.1826,0.1826,0.0,0.0,0.0,0.1826,0.0,5.0,locate,0,0,2.8135
1786549739.4871,2026-08-12 17:48:59.487,3,0,0,-0.03404,-0.48111,0.04971,-1.9748,9.3986,-30.029,-0.0618,0.074,-0.1905,4.68954,0.0,0.0,0.2582,0.2582,0.0,0.0,0.0,0.2582,0.1826,0.1826,0.0,0.0,0.1826,0.1826,0.0,0.0,0.0,0.0,0.0,5.0,locate,0,0,2.762
1786549739.5372,2026-08-12 17:48:59.537,3,1,0,-0.03403,-0.48112,0.04972,-1.9885,9.4569,-30.1537,-0.0595,0.0769,-0.1951,4.68325,0.0,0.0,0.0,0.0,0.0,0.0,0.0,0.3162,0.1826,0.0,0.0,0.0,0.2582,0.2582,0.0,0.0,0.0,0.0,0.0,5.0,press,0,0,2.818
1786549739.5872,2026-08-12 17:48:59.587,3,1,0,-0.03403,-0.48111,0.04971,-1.7006,9.4208,-30.1672,-0.0586,0.0872,-0.1899,4.68199,0.0,0.0,0.0,0.0,0.0,0.0,0.0,0.3162,0.1826,0.0,0.0,0.0,0.2582,0.2582,0.0,0.0,0.0,0.0,0.0,5.0,press,0,0,2.8292
1786549739.6373,2026-08-12 17:48:59.637,3,1,0,-0.03405,-0.48112,0.04967,-1.771,9.2721,-30.0888,-0.0597,0.0852,-0.1945,4.69256,0.0,0.0,0.0,0.2582,0.0,0.0,0.0,0.1826,0.2582,0.0,0.0,0.0,0.1826,0.0,0.1826,0.0,0.0,0.0,0.0,5.0,press,0,0,2.7351
1786549739.6877,2026-08-12 17:48:59.687,3,1,0,-0.03406,-0.48112,0.04963,-1.4967,9.2853,-30.3021,-0.0546,0.0886,-0.1916,4.6845,0.0,0.0,0.0,0.2582,0.0,0.0,0.0,0.1826,0.2582,0.0,0.0,0.0,0.1826,0.0,0.1826,0.0,0.0,0.0,0.0,5.0,press,0,0,2.8068
1786549739.7378,2026-08-12 17:48:59.737,3,1,0,-0.03403,-0.48111,0.04953,-1.6364,9.4176,-29.9802,-0.0581,0.086,-0.1867,4.68828,0.0,0.0,0.0,0.0,0.0,0.0,0.0,0.1826,0.0,0.2582,0.0,0.0,0.2582,0.1826,0.0,0.0,0.0,0.0,0.0,5.0,press,0,0,2.7732
1786549739.788,2026-08-12 17:48:59.787,3,1,0,-0.03405,-0.48113,0.04947,-1.5798,9.2593,-30.1259,-0.0582,0.0858,-0.1926,4.68123,0.0,0.0,0.0,0.0,0.0,0.0,0.0,0.1826,0.0,0.2582,0.0,0.0,0.2582,0.1826,0.0,0.0,0.0,0.0,0.0,5.0,press,0,0,2.8359
1786549739.8383,2026-08-12 17:48:59.838,3,1,0,-0.03407,-0.48113,0.04936,-1.7787,9.5292,-30.1599,-0.0645,0.0837,-0.1898,4.68073,0.0,0.0,0.0,0.0,0.0,0.0,0.0,0.1826,0.0,0.0,0.0,0.0,0.1826,0.1826,0.0,0.0,0.0,0.0,0.0,5.0,press,0,0,2.8404
1786549739.8884,2026-08-12 17:48:59.888,3,1,0,-0.03405,-0.48114,0.04924,-1.9116,9.115,-30.0987,-0.0497,0.0806,-0.193,4.68526,0.0,0.0,0.1826,0.0,0.0,0.0,0.0,0.1826,0.1826,0.1826,0.0,0.0,0.1826,0.0,0.1826,0.0,0.0,0.0,0.0,5.0,press,0,0,2.8001
1786549739.9385,2026-08-12 17:48:59.938,3,1,0,-0.03404,-0.48113,0.04908,-1.7053,9.3315,-29.9921,-0.0598,0.084,-0.195,4.68828,0.0,0.0,0.1826,0.0,0.0,0.0,0.0,0.1826,0.1826,0.1826,0.0,0.0,0.1826,0.0,0.1826,0.0,0.0,0.0,0.0,5.0,press,0,0,2.7732
1786549739.9886,2026-08-12 17:48:59.988,3,1,0,-0.03406,-0.48112,0.04892,-1.8362,9.4551,-30.0104,-0.0594,0.0859,-0.1937,4.68828,0.0,0.0,0.0,0.0,0.0,0.1826,0.0,0.1826,0.0,0.0,0.0,0.0,0.2582,0.1826,0.0,0.0,0.0,0.0,0.0,5.0,press,0,0,2.7732
1786549740.0387,2026-08-12 17:49:00.038,3,1,0,-0.03404,-0.4811,0.04873,-2.0692,9.3621,-29.8924,-0.0549,0.0749,-0.1937,4.68803,0.0,0.0,0.0,0.0,0.0,0.1826,0.0,0.1826,0.0,0.0,0.0,0.0,0.2582,0.1826,0.0,0.0,0.0,0.0,0.0,5.0,press,0,0,2.7754
1786549740.0888,2026-08-12 17:49:00.088,3,1,0,-0.03407,-0.4811,0.04859,-1.7717,9.2678,-30.2264,-0.0543,0.0851,-0.1889,4.68325,0.0,0.0,0.0,0.1826,0.0,0.0,0.0,0.1826,0.0,0.0,0.0,0.0,0.1826,0.1826,0.0,0.0,0.0,0.1826,0.0,5.0,press,0,0,2.818
1786549740.1389,2026-08-12 17:49:00.138,3,1,0,-0.03404,-0.48112,0.04845,-1.826,9.1421,-30.0458,-0.053,0.0812,-0.1946,4.68979,0.0,0.0,0.0,0.1826,0.0,0.0,0.0,0.1826,0.1826,0.0,0.0,0.0,0.1826,0.0,0.0,0.0,0.0,0.0,0.0,5.0,press,0,0,2.7597
1786549740.1891,2026-08-12 17:49:00.189,3,1,0,-0.03405,-0.48111,0.04827,-1.8133,9.2752,-29.9627,-0.0561,0.0816,-0.1924,4.69256,0.0,0.0,0.0,0.1826,0.0,0.0,0.0,0.1826,0.1826,0.0,0.0,0.0,0.1826,0.0,0.0,0.0,0.0,0.0,0.0,5.0,press,0,0,2.7351
1786549740.2392,2026-08-12 17:49:00.239,3,1,0,-0.03403,-0.48113,0.04813,-2.0817,9.3662,-30.0399,-0.0606,0.0738,-0.1977,4.684,0.0,0.0,0.1826,0.0,0.0,0.0,0.0,0.2582,0.0,0.1826,0.0,0.0,0.2582,0.1826,0.0,0.0,0.1826,0.0,0.1826,5.0,press,0,0,2.8113
1786549740.2893,2026-08-12 17:49:00.289,3,1,0,-0.03405,-0.48111,0.04794,-1.6673,9.2353,-30.1739,-0.0583,0.0831,-0.1913,4.68904,0.0,0.0,0.1826,0.0,0.0,0.0,0.0,0.2582,0.0,0.1826,0.0,0.0,0.2582,0.1826,0.0,0.0,0.1826,0.0,0.1826,5.0,press,0,0,2.7665
1786549740.3394,2026-08-12 17:49:00.339,3,1,0,-0.03406,-0.48112,0.0478,-1.6586,9.3105,-30.1386,-0.0569,0.0865,-0.1953,4.68174,0.0,0.0,0.3162,0.3651,0.0,0.0,0.0,0.2582,0.3162,0.0,0.0,0.0,0.2582,0.0,0.0,0.0,0.2582,0.0,0.0,5.0,press,0,0,2.8314
1786549740.3895,2026-08-12 17:49:00.389,3,1,0,-0.03405,-0.48112,0.04762,-1.7409,8.8627,-30.1547,-0.044,0.0861,-0.1952,4.69609,0.0,0.0,0.2582,0.1826,0.0,0.0,0.0,0.3651,0.0,0.1826,0.0,0.0,0.3651,0.0,0.0,0.0,0.1826,0.0,0.2582,5.0,press,0,0,2.7037
1786549740.4396,2026-08-12 17:49:00.439,3,1,0,-0.03404,-0.48112,0.04746,-1.5997,9.3406,-30.1712,-0.058,0.0887,-0.1916,4.68299,0.0,0.0,0.2582,0.1826,0.0,0.0,0.0,0.3651,0.0,0.1826,0.0,0.0,0.3651,0.0,0.0,0.0,0.1826,0.0,0.2582,5.0,press,0,0,2.8202
1786549740.4897,2026-08-12 17:49:00.489,3,1,0,-0.03407,-0.48113,0.04729,-1.7762,9.3099,-30.2178,-0.0568,0.083,-0.1958,4.69382,0.0,0.0,0.3162,0.0,0.1826,0.0,0.0,0.3651,0.0,0.1826,0.0,0.0,0.3651,0.0,0.0,0.0,0.0,0.0,0.0,5.0,press,0,0,2.7239
1786549740.5399,2026-08-12 17:49:00.539,3,1,0,-0.03405,-0.48113,0.04713,-1.5873,9.6265,-30.1761,-0.0611,0.0853,-0.1966,4.68123,0.0,0.0,0.3162,0.0,0.1826,0.0,0.0,0.3651,0.0,0.1826,0.0,0.0,0.3651,0.0,0.0,0.0,0.0,0.0,0.0,5.0,press,0,0,2.8359
1786549740.59,2026-08-12 17:49:00.590,3,1,0,-0.03405,-0.48111,0.04695,-1.9143,9.4805,-30.3746,-0.0575,0.0777,-0.1927,4.69558,0.0,0.0,0.2582,0.0,0.0,0.0,0.0,0.3651,0.0,0.2582,0.0,0.0,0.3651,0.1826,0.1826,0.0,0.1826,0.0,0.2582,5.0,press,0,0,2.7082
1786549740.6401,2026-08-12 17:49:00.640,3,1,0,-0.03405,-0.48111,0.04677,-1.7897,9.4433,-30.1256,-0.0617,0.0849,-0.1976,4.69055,0.0,0.0,0.2582,0.0,0.0,0.0,0.0,0.3651,0.0,0.2582,0.0,0.0,0.3651,0.1826,0.1826,0.0,0.1826,0.0,0.2582,5.0,press,0,0,2.753
1786549740.6902,2026-08-12 17:49:00.690,3,1,0,-0.03403,-0.48111,0.0466,-1.9192,9.2933,-29.9921,-0.0571,0.0802,-0.1929,4.69382,0.0,0.0,0.1826,0.0,0.0,0.1826,0.0,0.3162,0.0,0.2582,0.0,0.0,0.3162,0.0,0.0,0.0,0.1826,0.0,0.0,5.0,press,0,0,2.7239
1786549740.7403,2026-08-12 17:49:00.740,3,1,0,-0.03405,-0.48111,0.04644,-1.8282,9.4399,-30.0169,-0.0584,0.0813,-0.1941,4.68979,0.0,0.0,0.1826,0.2582,0.0,0.0,0.0,0.3651,0.1826,0.1826,0.0,0.0,0.3651,0.1826,0.0,0.0,0.1826,0.0,0.0,5.0,press,0,0,2.7597
1786549740.7905,2026-08-12 17:49:00.790,3,1,0,-0.03404,-0.48112,0.04628,-1.6526,8.9885,-30.1389,-0.0488,0.0855,-0.1957,4.69105,0.0,0.0,0.1826,0.2582,0.0,0.0,0.0,0.3651,0.1826,0.1826,0.0,0.0,0.3651,0.1826,0.0,0.0,0.1826,0.0,0.0,5.0,press,0,0,2.7485
1786549740.8406,2026-08-12 17:49:00.840,3,1,0,-0.03404,-0.48113,0.04613,-1.6534,9.3833,-30.2269,-0.0569,0.0859,-0.1935,4.68224,0.0,0.0,0.2582,0.3162,0.0,0.0,0.0,0.4082,0.1826,0.0,0.0,0.0,0.3162,0.1826,0.0,0.0,0.2582,0.1826,0.0,5.0,press,0,0,2.8269
1786549740.8907,2026-08-12 17:49:00.890,3,1,0,-0.03406,-0.48113,0.04598,-2.0482,9.3958,-30.0231,-0.0548,0.0807,-0.2013,4.68677,0.0,0.0,0.2582,0.3162,0.0,0.0,0.0,0.4082,0.1826,0.0,0.0,0.0,0.3162,0.1826,0.0,0.0,0.2582,0.1826,0.0,5.0,press,0,0,2.7866
1786549740.9408,2026-08-12 17:49:00.940,3,1,0,-0.03403,-0.48112,0.04577,-2.0123,9.5332,-30.0042,-0.0633,0.0755,-0.1946,4.68803,0.0,0.0,0.2582,0.2582,0.0,0.0,0.0,0.3651,0.1826,0.1826,0.0,0.0,0.3651,0.2582,0.0,0.0,0.0,0.2582,0.0,5.0,press,0,0,2.7754
1786549740.9909,2026-08-12 17:49:00.990,3,1,0,-0.03404,-0.48113,0.04562,-1.6973,9.3736,-30.1001,-0.0559,0.0867,-0.1919,4.6908,0.0,0.0,0.2582,0.2582,0.0,0.0,0.0,0.4472,0.2582,0.1826,0.0,0.1826,0.3162,0.1826,0.0,0.0,0.0,0.1826,0.1826,5.0,press,0,0,2.7508
1786549741.0411,2026-08-12 17:49:01.041,3,1,0,-0.03404,-0.48111,0.04545,-1.8667,9.6342,-30.1458,-0.0636,0.0779,-0.1935,4.69508,0.0,0.0,0.2582,0.2582,0.0,0.0,0.0,0.4472,0.2582,0.1826,0.0,0.1826,0.3162,0.1826,0.0,0.0,0.0,0.1826,0.1826,5.0,press,0,0,2.7127
1786549741.0912,2026-08-12 17:49:01.091,3,1,0,-0.03406,-0.48112,0.04533,-1.6431,9.1446,-30.1676,-0.049,0.0862,-0.1985,4.70188,0.0,0.0,0.2582,0.3162,0.0,0.0,0.0,0.4082,0.3162,0.0,0.0,0.0,0.3162,0.1826,0.0,0.0,0.1826,0.1826,0.0,5.0,press,0,0,2.6522
1786549741.1413,2026-08-12 17:49:01.141,3,1,0,-0.03405,-0.48113,0.04521,-1.8942,9.2547,-30.1109,-0.0585,0.0779,-0.2003,4.69256,0.0,0.0,0.2582,0.3162,0.0,0.0,0.0,0.4082,0.3162,0.0,0.0,0.0,0.3162,0.1826,0.0,0.0,0.1826,0.1826,0.0,5.0,press,0,0,2.7351
1786549741.1914,2026-08-12 17:49:01.191,3,1,0,-0.03405,-0.48112,0.04507,-1.9469,9.2899,-29.9852,-0.0581,0.0785,-0.2057,4.69407,0.0,0.0,0.1826,0.3162,0.0,0.0,0.0,0.4082,0.2582,0.1826,0.0,0.0,0.4082,0.1826,0.0,0.0,0.0,0.0,0.2582,5.0,press,0,0,2.7217
1786549741.2415,2026-08-12 17:49:01.241,3,1,0,-0.03404,-0.48112,0.04497,-1.9774,9.2533,-29.955,-0.0541,0.0771,-0.203,4.67267,0.0,0.0,0.2582,0.2582,0.1826,0.1826,0.0,0.4082,0.1826,0.1826,0.0,0.0,0.4082,0.0,0.0,0.0,0.1826,0.0,0.0,5.0,press,0,0,2.9121
1786549741.2917,2026-08-12 17:49:01.291,3,1,0,-0.03403,-0.48112,0.0449,-2.1432,9.7523,-29.8774,-0.0667,0.0713,-0.2074,4.68375,0.0,0.0,0.2582,0.2582,0.1826,0.1826,0.0,0.4082,0.1826,0.1826,0.0,0.0,0.4082,0.0,0.0,0.0,0.1826,0.0,0.0,5.0,press,0,0,2.8135
1786549741.3418,2026-08-12 17:49:01.341,3,1,0,-0.03404,-0.48111,0.04482,-1.8906,9.2894,-29.9567,-0.058,0.0804,-0.2013,4.68048,0.0,0.0,0.2582,0.2582,0.0,0.0,0.1826,0.4472,0.2582,0.1826,0.0,0.0,0.4082,0.1826,0.0,0.0,0.2582,0.0,0.0,5.0,press,0,0,2.8426
1786549741.3919,2026-08-12 17:49:01.391,3,1,0,-0.03404,-0.48113,0.04479,-1.5564,9.3477,-30.015,-0.057,0.0846,-0.1956,4.69357,0.0,0.0,0.2582,0.2582,0.0,0.0,0.1826,0.4472,0.2582,0.1826,0.0,0.0,0.4082,0.1826,0.0,0.0,0.2582,0.0,0.0,5.0,press,0,0,2.7261
1786549741.4421,2026-08-12 17:49:01.442,3,1,0,-0.03405,-0.48112,0.04474,-1.7084,9.4844,-30.0465,-0.0599,0.0822,-0.204,4.67972,0.0,0.0,0.2582,0.2582,0.0,0.0,0.0,0.5164,0.1826,0.0,0.0,0.0,0.4082,0.1826,0.0,0.0,0.2582,0.0,0.0,5.0,press,0,0,2.8493
1786549741.4923,2026-08-12 17:49:01.492,3,1,0,-0.03404,-0.48112,0.04472,-1.9098,9.4853,-30.2211,-0.0637,0.0782,-0.2041,4.68199,0.0,0.0,0.2582,0.2582,0.0,0.0,0.0,0.5164,0.1826,0.0,0.0,0.0,0.4082,0.1826,0.0,0.0,0.2582,0.0,0.0,5.0,press,0,0,2.8292
1786549741.5424,2026-08-12 17:49:01.542,3,1,0,-0.03404,-0.48112,0.04473,-1.8463,9.5571,-30.1179,-0.0615,0.0809,-0.2016,4.68274,0.0,0.0,0.2582,0.3651,0.0,0.0,0.0,0.483,0.2582,0.2582,0.0,0.1826,0.3651,0.0,0.1826,0.0,0.2582,0.0,0.0,5.0,hold,0,0,2.8225
1786549741.5924,2026-08-12 17:49:01.592,3,1,0,-0.03407,-0.48112,0.04472,-2.1987,9.7587,-29.8232,-0.068,0.0731,-0.1991,4.67871,0.0,0.0,0.2582,0.3162,0.0,0.0,0.0,0.483,0.1826,0.1826,0.0,0.0,0.4472,0.1826,0.0,0.0,0.1826,0.1826,0.1826,5.0,hold,0,0,2.8583
1786549741.6425,2026-08-12 17:49:01.642,3,1,0,-0.03406,-0.48112,0.04473,-1.8951,9.2837,-29.9079,-0.0557,0.0796,-0.2039,4.6772,0.0,0.0,0.2582,0.3162,0.0,0.0,0.0,0.483,0.1826,0.1826,0.0,0.0,0.4472,0.1826,0.0,0.0,0.1826,0.1826,0.1826,5.0,hold,0,0,2.8717
1786549741.6926,2026-08-12 17:49:01.692,3,1,0,-0.03405,-0.48111,0.04472,-1.7789,9.4394,-30.0139,-0.0618,0.0817,-0.2008,4.67771,0.0,0.0,0.2582,0.3651,0.0,0.0,0.0,0.483,0.3651,0.2582,0.0,0.0,0.4082,0.3162,0.1826,0.0,0.1826,0.1826,0.0,5.0,hold,0,0,2.8673
1786549741.7427,2026-08-12 17:49:01.742,3,1,0,-0.03407,-0.48113,0.04472,-1.7186,9.1729,-30.1529,-0.0543,0.0863,-0.2031,4.67771,0.0,0.0,0.2582,0.3651,0.0,0.0,0.0,0.483,0.3651,0.2582,0.0,0.0,0.4082,0.3162,0.1826,0.0,0.1826,0.1826,0.0,5.0,hold,0,0,2.8673
1786549741.7928,2026-08-12 17:49:01.792,3,1,0,-0.03404,-0.48112,0.04472,-1.9525,9.2587,-30.2722,-0.057,0.0791,-0.1988,4.68576,0.0,0.1826,0.2582,0.4082,0.1826,0.0,0.0,0.5164,0.3651,0.1826,0.0,0.2582,0.4472,0.2582,0.0,0.0,0.2582,0.3162,0.0,5.0,hold,0,0,2.7956
1786549741.8429,2026-08-12 17:49:01.842,3,1,0,-0.03403,-0.48112,0.04472,-1.9512,9.3529,-30.0594,-0.0591,0.0783,-0.1995,4.6762,0.0,0.0,0.3162,0.4082,0.0,0.2582,0.0,0.483,0.4082,0.1826,0.0,0.1826,0.4082,0.2582,0.0,0.1826,0.2582,0.2582,0.0,5.0,hold,0,0,2.8807
1786549741.8931,2026-08-12 17:49:01.893,3,1,0,-0.03402,-0.48111,0.04472,-1.6261,9.027,-30.075,-0.0509,0.0884,-0.2018,4.68199,0.0,0.0,0.3162,0.4082,0.0,0.2582,0.0,0.483,0.4082,0.1826,0.0,0.1826,0.4082,0.2582,0.0,0.1826,0.2582,0.2582,0.0,5.0,hold,0,0,2.8292
1786549741.9431,2026-08-12 17:49:01.943,3,1,0,-0.03404,-0.48111,0.04472,-1.9452,9.0315,-29.8617,-0.0504,0.074,-0.2065,4.68828,0.0,0.1826,0.2582,0.483,0.0,0.1826,0.0,0.5477,0.3162,0.1826,0.0,0.0,0.4472,0.2582,0.0,0.0,0.2582,0.1826,0.1826,5.0,hold,0,0,2.7732
1786549741.9932,2026-08-12 17:49:01.993,3,1,0,-0.03403,-0.48112,0.04473,-1.925,9.2167,-29.9251,-0.0563,0.0768,-0.2066,4.67494,0.0,0.1826,0.2582,0.483,0.0,0.1826,0.0,0.5477,0.3162,0.1826,0.0,0.0,0.4472,0.2582,0.0,0.0,0.2582,0.1826,0.1826,5.0,hold,0,0,2.8919
1786549742.0434,2026-08-12 17:49:02.043,3,1,0,-0.03406,-0.48113,0.04472,-2.1739,9.6824,-29.9593,-0.065,0.0741,-0.2092,4.67897,0.0,0.0,0.1826,0.4082,0.0,0.0,0.0,0.483,0.3162,0.2582,0.0,0.0,0.4472,0.1826,0.0,0.0,0.1826,0.1826,0.0,5.0,hold,0,0,2.8561
1786549742.0934,2026-08-12 17:49:02.093,3,1,0,-0.03407,-0.48112,0.04473,-2.0723,9.6942,-30.0407,-0.0638,0.0715,-0.2016,4.68602,0.0,0.0,0.2582,0.3162,0.0,0.1826,0.0,0.483,0.3162,0.1826,0.0,0.0,0.4082,0.1826,0.0,0.0,0.0,0.0,0.0,5.0,hold,0,0,2.7933
1786549742.1436,2026-08-12 17:49:02.143,3,1,0,-0.03404,-0.48112,0.04473,-1.8672,9.154,-29.9163,-0.0519,0.0816,-0.2008,4.67343,0.0,0.0,0.2582,0.3162,0.0,0.1826,0.0,0.483,0.3162,0.1826,0.0,0.0,0.4082,0.1826,0.0,0.0,0.0,0.0,0.0,5.0,hold,0,0,2.9053
1786549742.1936,2026-08-12 17:49:02.193,3,1,0,-0.03405,-0.48111,0.04472,-1.889,9.2261,-30.113,-0.0577,0.08,-0.2,4.68022,0.0,0.0,0.2582,0.4082,0.0,0.0,0.0,0.483,0.3162,0.2582,0.0,0.2582,0.4472,0.2582,0.1826,0.0,0.2582,0.1826,0.2582,5.0,hold,0,0,2.8449
1786549742.2437,2026-08-12 17:49:02.243,3,1,0,-0.03404,-0.48111,0.04471,-2.0274,9.2407,-29.9939,-0.0545,0.075,-0.2076,4.67947,0.0,0.0,0.2582,0.4082,0.0,0.0,0.0,0.483,0.3162,0.2582,0.0,0.2582,0.4472,0.2582,0.1826,0.0,0.2582,0.1826,0.2582,5.0,hold,0,0,2.8516
1786549742.2938,2026-08-12 17:49:02.293,3,1,0,-0.03405,-0.48113,0.04472,-1.6204,8.9964,-30.1128,-0.05,0.0869,-0.2014,4.68652,0.0,0.0,0.1826,0.4472,0.2582,0.0,0.0,0.483,0.2582,0.1826,0.0,0.0,0.4082,0.1826,0.2582,0.0,0.0,0.2582,0.2582,5.0,hold,0,0,2.7889
1786549742.3439,2026-08-12 17:49:02.343,3,1,0,-0.03402,-0.48112,0.04472,-1.6944,9.1555,-30.1312,-0.0546,0.087,-0.2022,4.67746,0.0,0.0,0.1826,0.4472,0.2582,0.0,0.0,0.483,0.2582,0.1826,0.0,0.0,0.4082,0.1826,0.2582,0.0,0.0,0.2582,0.2582,5.0,hold,0,0,2.8695
1786549742.394,2026-08-12 17:49:02.394,3,1,0,-0.03406,-0.48113,0.04473,-1.8972,9.41,-30.1858,-0.0619,0.0797,-0.2046,4.68526,0.0,0.0,0.2582,0.4082,0.1826,0.0,0.0,0.4472,0.3162,0.1826,0.0,0.0,0.3651,0.1826,0.0,0.0,0.1826,0.1826,0.1826,5.0,hold,0,0,2.8001
1786549742.4442,2026-08-12 17:49:02.444,3,1,0,-0.03405,-0.48112,0.04473,-1.9716,9.3223,-30.2174,-0.0595,0.0802,-0.207,4.68274,0.1826,0.0,0.1826,0.4082,0.0,0.0,0.0,0.483,0.3651,0.0,0.0,0.0,0.4082,0.1826,0.0,0.0,0.1826,0.0,0.0,5.0,hold,0,0,2.8225
1786549742.4943,2026-08-12 17:49:02.494,3,1,0,-0.03403,-0.48111,0.04472,-2.1389,9.3574,-30.2027,-0.0561,0.0727,-0.2028,4.67746,0.1826,0.0,0.1826,0.4082,0.0,0.0,0.0,0.483,0.3651,0.0,0.0,0.0,0.4082,0.1826,0.0,0.0,0.1826,0.0,0.0,5.0,hold,0,0,2.8695
1786549742.5444,2026-08-12 17:49:02.544,3,1,0,-0.03404,-0.48111,0.04471,-2.0319,9.3593,-30.3794,-0.0597,0.0776,-0.2021,4.67166,0.0,0.0,0.2582,0.2582,0.0,0.0,0.0,0.4472,0.2582,0.2582,0.0,0.0,0.4082,0.0,0.0,0.0,0.1826,0.0,0.0,5.0,hold,0,0,2.921
1786549742.5945,2026-08-12 17:49:02.594,3,1,0,-0.03405,-0.4811,0.0447,-1.7782,9.2028,-30.2005,-0.0579,0.0804,-0.2,4.68753,0.0,0.0,0.2582,0.2582,0.0,0.0,0.0,0.4472,0.2582,0.2582,0.0,0.0,0.4082,0.0,0.0,0.0,0.1826,0.0,0.0,5.0,hold,0,0,2.7799
1786549742.6446,2026-08-12 17:49:02.644,3,1,0,-0.03407,-0.48111,0.04472,-1.738,9.3652,-30.1695,-0.0584,0.0818,-0.2043,4.67595,0.0,0.0,0.2582,0.4082,0.0,0.0,0.0,0.483,0.2582,0.1826,0.0,0.0,0.4472,0.2582,0.2582,0.0,0.1826,0.2582,0.2582,5.0,hold,0,0,2.8829
1786549742.6947,2026-08-12 17:49:02.694,3,1,0,-0.03404,-0.48112,0.04471,-1.9539,9.4699,-30.1527,-0.0622,0.0792,-0.2037,4.68425,0.2582,0.0,0.2582,0.4082,0.1826,0.0,0.1826,0.5164,0.3162,0.0,0.0,0.0,0.4082,0.1826,0.0,0.0,0.1826,0.0,0.0,5.0,hold,0,0,2.809
1786549742.7458,2026-08-12 17:49:02.745,3,1,0,-0.03406,-0.48112,0.04472,-1.3028,9.2734,-30.1969,-0.0572,0.0955,-0.1971,4.68551,0.2582,0.0,0.2582,0.4082,0.1826,0.0,0.1826,0.5164,0.3162,0.0,0.0,0.0,0.4082,0.1826,0.0,0.0,0.1826,0.0,0.0,5.0,hold,0,0,2.7978
1786549742.7959,2026-08-12 17:49:02.795,3,1,0,-0.03405,-0.48112,0.04472,-1.8642,9.5484,-30.1853,-0.0643,0.0796,-0.206,4.68677,0.0,0.0,0.3162,0.3162,0.0,0.0,0.0,0.5164,0.2582,0.1826,0.0,0.0,0.4472,0.2582,0.1826,0.0,0.2582,0.0,0.2582,5.0,hold,0,0,2.7866
1786549742.8461,2026-08-12 17:49:02.846,3,1,0,-0.03403,-0.48111,0.04471,-1.9409,9.7851,-30.0627,-0.0701,0.0798,-0.2077,4.68526,0.0,0.0,0.3162,0.3162,0.0,0.0,0.0,0.5164,0.2582,0.1826,0.0,0.0,0.4472,0.2582,0.1826,0.0,0.2582,0.0,0.2582,5.0,hold,0,0,2.8001
1786549742.8962,2026-08-12 17:49:02.896,3,1,0,-0.03405,-0.48112,0.04473,-1.7746,9.6103,-30.1226,-0.0629,0.0822,-0.2059,4.67595,0.0,0.0,0.1826,0.4082,0.1826,0.1826,0.0,0.483,0.3162,0.1826,0.0,0.0,0.4472,0.1826,0.0,0.1826,0.1826,0.0,0.1826,5.0,hold,0,0,2.8829
1786549742.9464,2026-08-12 17:49:02.946,3,1,0,-0.03405,-0.48112,0.04472,-1.6256,9.1321,-30.4128,-0.055,0.0842,-0.1994,4.6845,0.0,0.1826,0.3162,0.3162,0.0,0.0,0.0,0.483,0.2582,0.0,0.0,0.1826,0.4082,0.0,0.0,0.0,0.2582,0.0,0.2582,5.0,hold,0,0,2.8068
1786549742.9965,2026-08-12 17:49:02.996,3,1,0,-0.03404,-0.48111,0.04472,-1.8346,9.4043,-30.1815,-0.0582,0.0832,-0.2014,4.67569,0.0,0.1826,0.3162,0.3162,0.0,0.0,0.0,0.483,0.2582,0.0,0.0,0.1826,0.4082,0.0,0.0,0.0,0.2582,0.0,0.2582,5.0,hold,0,0,2.8852
1786549743.0466,2026-08-12 17:49:03.046,3,1,0,-0.03404,-0.48112,0.04471,-1.7284,9.1116,-30.3236,-0.0486,0.0861,-0.204,4.67997,0.0,0.0,0.1826,0.4082,0.0,0.1826,0.0,0.5164,0.1826,0.0,0.1826,0.0,0.4472,0.1826,0.0,0.2582,0.1826,0.0,0.0,5.0,hold,0,0,2.8471
1786549743.0968,2026-08-12 17:49:03.096,3,1,0,-0.03405,-0.48113,0.04473,-1.6891,9.3876,-30.3989,-0.0583,0.0837,-0.2079,4.684,0.0,0.0,0.1826,0.4082,0.0,0.1826,0.0,0.5164,0.1826,0.0,0.1826,0.0,0.4472,0.1826,0.0,0.2582,0.1826,0.0,0.0,5.0,hold,0,0,2.8113
1786549743.1469,2026-08-12 17:49:03.146,3,1,0,-0.03406,-0.4811,0.04471,-1.599,8.9159,-30.191,-0.0475,0.0853,-0.2094,4.67494,0.0,0.1826,0.1826,0.3651,0.0,0.0,0.0,0.5164,0.3162,0.0,0.0,0.0,0.4472,0.1826,0.0,0.0,0.0,0.0,0.0,5.0,hold,0,0,2.8919
1786549743.197,2026-08-12 17:49:03.197,3,1,0,-0.03405,-0.48111,0.04471,-1.4915,9.1736,-30.1655,-0.0525,0.0895,-0.202,4.67922,0.0,0.1826,0.1826,0.3651,0.0,0.0,0.0,0.5164,0.3162,0.0,0.0,0.0,0.4472,0.1826,0.0,0.0,0.0,0.0,0.0,5.0,hold,0,0,2.8538
1786549743.2471,2026-08-12 17:49:03.247,3,1,0,-0.03406,-0.48113,0.04472,-1.8202,9.1773,-30.1766,-0.0525,0.0847,-0.2036,4.68476,0.0,0.0,0.0,0.3651,0.0,0.1826,0.0,0.4082,0.3162,0.0,0.0,0.0,0.3651,0.1826,0.0,0.1826,0.0,0.1826,0.0,5.0,hold,0,0,2.8045
1786549743.2972,2026-08-12 17:49:03.297,3,1,0,-0.03406,-0.48111,0.04471,-1.6238,9.49,-30.1333,-0.061,0.0871,-0.2062,4.68022,0.0,0.0,0.2582,0.3651,0.0,0.0,0.0,0.4082,0.3162,0.1826,0.0,0.0,0.3162,0.2582,0.0,0.0,0.0,0.1826,0.0,5.0,hold,0,0,2.8449
1786549743.3473,2026-08-12 17:49:03.347,3,1,0,-0.03405,-0.48113,0.04473,-1.6366,9.2933,-30.161,-0.0562,0.0847,-0.2053,4.67796,0.0,0.0,0.2582,0.3651,0.0,0.0,0.0,0.4082,0.3162,0.1826,0.0,0.0,0.3162,0.2582,0.0,0.0,0.0,0.1826,0.0,5.0,hold,0,0,2.865
1786549743.3974,2026-08-12 17:49:03.397,3,1,0,-0.03407,-0.48111,0.04472,-1.7407,9.2086,-30.2094,-0.0546,0.0815,-0.2081,4.68375,0.0,0.1826,0.1826,0.4082,0.0,0.0,0.0,0.483,0.3162,0.1826,0.0,0.0,0.4082,0.0,0.0,0.0,0.0,0.0,0.2582,5.0,hold,0,0,2.8135
1786549743.4475,2026-08-12 17:49:03.447,3,1,0,-0.03405,-0.48112,0.04471,-1.6758,9.0792,-30.1656,-0.0513,0.0828,-0.2062,4.6762,0.0,0.1826,0.1826,0.4082,0.0,0.0,0.0,0.483,0.3162,0.1826,0.0,0.0,0.4082,0.0,0.0,0.0,0.0,0.0,0.2582,5.0,hold,0,0,2.8807
1786549743.4976,2026-08-12 17:49:03.497,3,1,0,-0.03406,-0.48112,0.04472,-1.6077,9.1574,-30.1677,-0.0529,0.0865,-0.2046,4.68627,0.0,0.0,0.3162,0.3162,0.0,0.0,0.0,0.5164,0.2582,0.3651,0.0,0.0,0.4472,0.0,0.2582,0.0,0.1826,0.0,0.3651,5.0,hold,0,0,2.7911
1786549743.5478,2026-08-12 17:49:03.547,3,1,0,-0.03405,-0.48113,0.04472,-1.8494,9.0684,-30.0737,-0.0497,0.0828,-0.2104,4.67771,0.1826,0.0,0.0,0.2582,0.2582,0.1826,0.0,0.483,0.1826,0.2582,0.0,0.0,0.4082,0.0,0.1826,0.0,0.0,0.0,0.0,5.0,hold,0,0,2.8673
1786549743.5979,2026-08-12 17:49:03.597,3,1,0,-0.03404,-0.48113,0.04473,-1.8889,9.4578,-29.9905,-0.0576,0.0786,-0.2094,4.68576,0.1826,0.0,0.0,0.2582,0.2582,0.1826,0.0,0.483,0.1826,0.2582,0.0,0.0,0.4082,0.0,0.1826,0.0,0.0,0.0,0.0,5.0,hold,0,0,2.7956
1786549743.6481,2026-08-12 17:49:03.648,3,1,0,-0.03403,-0.48111,0.04472,-1.4496,9.009,-30.1873,-0.0477,0.0877,-0.201,4.67821,0.0,0.0,0.1826,0.3651,0.2582,0.0,0.0,0.4472,0.2582,0.0,0.0,0.0,0.4082,0.0,0.0,0.1826,0.0,0.0,0.0,5.0,hold,0,0,2.8628
1786549743.6981,2026-08-12 17:49:03.698,3,1,0,-0.03402,-0.48111,0.04472,-1.5536,9.0139,-29.9655,-0.0485,0.0877,-0.2011,4.68174,0.0,0.0,0.1826,0.3651,0.2582,0.0,0.0,0.4472,0.2582,0.0,0.0,0.0,0.4082,0.0,0.0,0.1826,0.0,0.0,0.0,5.0,hold,0,0,2.8314
1786549743.7482,2026-08-12 17:49:03.748,3,1,0,-0.03406,-0.48111,0.04472,-1.8098,9.4441,-30.1516,-0.0597,0.0825,-0.2055,4.68576,0.0,0.0,0.1826,0.3162,0.0,0.1826,0.0,0.483,0.0,0.1826,0.0,0.0,0.3651,0.2582,0.1826,0.0,0.1826,0.0,0.1826,5.0,hold,0,0,2.7956
1786549743.7982,2026-08-12 17:49:03.798,3,1,0,-0.03404,-0.48111,0.04471,-1.6106,9.3185,-30.2031,-0.051,0.0875,-0.2052,4.67871,0.0,0.0,0.1826,0.3162,0.0,0.1826,0.0,0.483,0.0,0.1826,0.0,0.0,0.3651,0.2582,0.1826,0.0,0.1826,0.0,0.1826,5.0,hold,0,0,2.8583
1786549743.8484,2026-08-12 17:49:03.848,3,1,0,-0.03405,-0.48112,0.04471,-1.7664,9.0879,-30.2221,-0.0505,0.0844,-0.2008,4.68098,0.0,0.0,0.1826,0.3651,0.0,0.0,0.0,0.5164,0.3162,0.0,0.0,0.0,0.4082,0.1826,0.0,0.0,0.0,0.1826,0.0,5.0,hold,0,0,2.8381
1786549743.8985,2026-08-12 17:49:03.898,3,1,0,-0.03404,-0.48112,0.04472,-1.4976,8.8526,-30.2142,-0.045,0.0891,-0.2036,4.68526,0.0,0.0,0.1826,0.3651,0.0,0.0,0.0,0.483,0.3162,0.0,0.0,0.0,0.3651,0.1826,0.0,0.0,0.0,0.2582,0.0,5.0,hold,0,0,2.8001
1786549743.9486,2026-08-12 17:49:03.948,3,1,0,-0.03406,-0.48112,0.04472,-1.8034,9.4035,-30.1467,-0.0584,0.0807,-0.2073,4.6767,0.0,0.0,0.1826,0.3651,0.0,0.0,0.0,0.483,0.3162,0.0,0.0,0.0,0.3651,0.1826,0.0,0.0,0.0,0.2582,0.0,5.0,hold,0,0,2.8762
1786549743.9986,2026-08-12 17:49:03.998,3,1,0,-0.03404,-0.48113,0.04472,-1.7055,9.1355,-30.2243,-0.0549,0.0855,-0.2047,4.68022,0.0,0.0,0.1826,0.4472,0.0,0.0,0.0,0.483,0.4082,0.1826,0.0,0.0,0.3651,0.0,0.0,0.0,0.0,0.1826,0.0,5.0,hold,0,0,2.8449
1786549744.0487,2026-08-12 17:49:04.048,3,1,0,-0.03405,-0.48112,0.04472,-1.6761,9.3393,-29.9908,-0.0593,0.0868,-0.202,4.68174,0.0,0.0,0.1826,0.4472,0.0,0.0,0.0,0.483,0.4082,0.1826,0.0,0.0,0.3651,0.0,0.0,0.0,0.0,0.1826,0.0,5.0,hold,0,0,2.8314
1786549744.0989,2026-08-12 17:49:04.098,3,1,0,-0.03406,-0.48112,0.04473,-1.9713,9.2849,-30.0485,-0.0589,0.08,-0.2073,4.67418,0.1826,0.0,0.1826,0.3651,0.0,0.1826,0.0,0.4472,0.2582,0.0,0.0,0.0,0.3651,0.2582,0.0,0.0,0.1826,0.0,0.0,5.0,hold,0,0,2.8986
1786549744.149,2026-08-12 17:49:04.149,3,1,0,-0.03404,-0.48111,0.04471,-1.5222,8.8706,-30.2405,-0.0475,0.0872,-0.1962,4.67771,0.0,0.0,0.2582,0.3651,0.0,0.1826,0.0,0.483,0.2582,0.0,0.0,0.0,0.3651,0.2582,0.0,0.0,0.1826,0.1826,0.1826,5.0,hold,0,0,2.8673
1786549744.1992,2026-08-12 17:49:04.199,3,1,0,-0.03404,-0.48111,0.04471,-1.9737,9.443,-30.1045,-0.0583,0.0798,-0.2066,4.68526,0.0,0.0,0.2582,0.3651,0.0,0.1826,0.0,0.483,0.2582,0.0,0.0,0.0,0.3651,0.2582,0.0,0.0,0.1826,0.1826,0.1826,5.0,hold,0,0,2.8001
1786549744.2493,2026-08-12 17:49:04.249,3,1,0,-0.03405,-0.48111,0.04472,-1.8016,9.1329,-30.137,-0.0525,0.0825,-0.2125,4.67821,0.0,0.1826,0.0,0.4082,0.0,0.0,0.0,0.4472,0.2582,0.1826,0.0,0.0,0.4082,0.1826,0.0,0.0,0.0,0.1826,0.1826,5.0,hold,0,0,2.8628
1786549744.2994,2026-08-12 17:49:04.299,3,1,0,-0.03404,-0.48112,0.04472,-1.7713,9.3309,-30.1299,-0.0567,0.0818,-0.2104,4.67519,0.0,0.1826,0.0,0.4082,0.0,0.0,0.0,0.4472,0.2582,0.1826,0.0,0.0,0.4082,0.1826,0.0,0.0,0.0,0.1826,0.1826,5.0,hold,0,0,2.8897
1786549744.3495,2026-08-12 17:49:04.349,3,1,0,-0.03406,-0.48112,0.04471,-1.9867,9.6772,-30.0259,-0.0643,0.0765,-0.2147,4.68299,0.0,0.0,0.2582,0.3651,0.0,0.0,0.0,0.4472,0.2582,0.2582,0.0,0.0,0.3651,0.0,0.0,0.1826,0.1826,0.0,0.0,5.0,hold,0,0,2.8202
1786549744.3996,2026-08-12 17:49:04.399,3,1,0,-0.03406,-0.48112,0.04471,-1.9311,9.2601,-29.9358,-0.0586,0.0798,-0.2109,4.67846,0.0,0.0,0.0,0.3162,0.1826,0.1826,0.0,0.483,0.1826,0.2582,0.0,0.0,0.4472,0.1826,0.0,0.0,0.0,0.0,0.2582,5.0,hold,0,0,2.8605
1786549744.4497,2026-08-12 17:49:04.449,3,1,0,-0.03402,-0.48111,0.04471,-1.7066,9.4273,-30.1099,-0.0593,0.0839,-0.2111,4.68224,0.0,0.0,0.0,0.3162,0.1826,0.1826,0.0,0.483,0.1826,0.2582,0.0,0.0,0.4472,0.1826,0.0,0.0,0.0,0.0,0.2582,5.0,hold,0,0,2.8269
1786549744.4999,2026-08-12 17:49:04.499,3,1,0,-0.03405,-0.48112,0.04472,-1.9885,9.4168,-29.9077,-0.0579,0.0759,-0.2103,4.6835,0.0,0.0,0.1826,0.3162,0.0,0.0,0.0,0.4082,0.2582,0.1826,0.0,0.0,0.3162,0.1826,0.0,0.0,0.0,0.1826,0.0,5.0,hold,0,0,2.8157
1786549744.55,2026-08-12 17:49:04.550,3,1,0,-0.03405,-0.48111,0.04471,-1.8687,9.4803,-30.061,-0.0619,0.078,-0.2084,4.68249,0.0,0.0,0.1826,0.3162,0.0,0.0,0.0,0.4082,0.2582,0.1826,0.0,0.0,0.3162,0.1826,0.0,0.0,0.0,0.1826,0.0,5.0,hold,0,0,2.8247
1786549744.6001,2026-08-12 17:49:04.600,3,1,0,-0.03404,-0.48113,0.04472,-1.458,9.4841,-30.1375,-0.0599,0.0892,-0.2033,4.67519,0.0,0.0,0.2582,0.4082,0.0,0.1826,0.0,0.4472,0.2582,0.1826,0.0,0.1826,0.3162,0.1826,0.0,0.0,0.0,0.0,0.1826,5.0,hold,0,0,2.8897
1786549744.6502,2026-08-12 17:49:04.650,3,1,0,-0.03405,-0.48112,0.04472,-1.8765,9.3585,-30.2433,-0.0603,0.0791,-0.2061,4.68904,0.0,0.0,0.2582,0.4082,0.0,0.1826,0.0,0.4472,0.2582,0.1826,0.0,0.1826,0.3162,0.1826,0.0,0.0,0.0,0.0,0.1826,5.0,hold,0,0,2.7665
1786549744.7003,2026-08-12 17:49:04.700,3,1,0,-0.03405,-0.48113,0.04473,-2.082,9.3439,-30.1729,-0.0563,0.0743,-0.213,4.67595,0.1826,0.0,0.1826,0.3651,0.0,0.1826,0.0,0.5164,0.3162,0.0,0.0,0.1826,0.4082,0.1826,0.0,0.0,0.1826,0.0,0.0,5.0,hold,0,0,2.8829
1786549744.7504,2026-08-12 17:49:04.750,3,1,0,-0.03405,-0.48111,0.04472,-1.5002,9.2002,-30.1565,-0.0509,0.0882,-0.1968,4.6772,0.0,0.0,0.0,0.3651,0.0,0.1826,0.0,0.483,0.3162,0.0,0.0,0.0,0.3651,0.1826,0.0,0.0,0.0,0.1826,0.0,5.0,hold,0,0,2.8717
1786549744.8005,2026-08-12 17:49:04.800,3,1,0,-0.03403,-0.48112,0.04473,-1.7735,9.1162,-30.3024,-0.0526,0.0823,-0.2042,4.68778,0.0,0.0,0.0,0.3651,0.0,0.1826,0.0,0.483,0.3162,0.0,0.0,0.0,0.3651,0.1826,0.0,0.0,0.0,0.1826,0.0,5.0,hold,0,0,2.7777
1786549744.8506,2026-08-12 17:49:04.850,3,1,0,-0.03406,-0.48111,0.04471,-1.8177,9.3237,-30.1195,-0.0585,0.0846,-0.2096,4.68199,0.0,0.0,0.1826,0.3651,0.0,0.0,0.0,0.4472,0.3162,0.1826,0.0,0.0,0.3162,0.3162,0.0,0.0,0.0,0.2582,0.1826,5.0,hold,0,0,2.8292
1786549744.9007,2026-08-12 17:49:04.900,3,1,0,-0.03404,-0.48112,0.04473,-1.9297,9.1168,-30.2938,-0.0502,0.0798,-0.2115,4.67922,0.0,0.0,0.1826,0.3651,0.0,0.0,0.0,0.4472,0.3162,0.1826,0.0,0.0,0.3162,0.3162,0.0,0.0,0.0,0.2582,0.1826,5.0,hold,0,0,2.8538
1786549744.951,2026-08-12 17:49:04.950,3,1,0,-0.03404,-0.48111,0.04471,-1.8439,9.549,-30.2555,-0.0609,0.083,-0.2031,4.68929,0.0,0.0,0.1826,0.4082,0.1826,0.1826,0.0,0.483,0.3162,0.0,0.0,0.0,0.4082,0.2582,0.0,0.1826,0.1826,0.1826,0.0,5.0,hold,0,0,2.7642
1786549745.0011,2026-08-12 17:49:05.001,3,1,0,-0.03406,-0.48112,0.04473,-1.7221,9.0763,-30.1539,-0.0502,0.0822,-0.2047,4.67821,0.0,0.0,0.1826,0.3651,0.0,0.1826,0.0,0.483,0.2582,0.0,0.0,0.0,0.3651,0.1826,0.0,0.1826,0.2582,0.0,0.0,5.0,hold,0,0,2.8628
1786549745.0512,2026-08-12 17:49:05.051,3,1,0,-0.03405,-0.48112,0.04471,-2.037,9.1512,-30.0024,-0.054,0.0735,-0.2029,4.68702,0.0,0.0,0.1826,0.3651,0.0,0.1826,0.0,0.483,0.2582,0.0,0.0,0.0,0.3651,0.1826,0.0,0.1826,0.2582,0.0,0.0,5.0,hold,0,0,2.7844
1786549745.1014,2026-08-12 17:49:05.101,3,1,0,-0.03406,-0.48111,0.04471,-2.0501,9.4409,-30.1356,-0.0566,0.077,-0.212,4.67972,0.0,0.0,0.2582,0.3651,0.0,0.0,0.1826,0.483,0.2582,0.2582,0.0,0.0,0.4082,0.1826,0.0,0.0,0.2582,0.0,0.0,5.0,hold,0,0,2.8493
1786549745.1515,2026-08-12 17:49:05.151,3,1,0,-0.03407,-0.48112,0.04472,-1.5953,8.832,-30.1585,-0.0462,0.0882,-0.2095,4.68979,0.0,0.0,0.2582,0.3651,0.0,0.0,0.1826,0.483,0.2582,0.2582,0.0,0.0,0.4082,0.1826,0.0,0.0,0.2582,0.0,0.0,5.0,hold,0,0,2.7597
1786549745.2016,2026-08-12 17:49:05.201,3,1,0,-0.03407,-0.48112,0.04472,-1.4882,9.1963,-30.1729,-0.0555,0.0895,-0.2072,4.68199,0.1826,0.0,0.1826,0.2582,0.0,0.0,0.0,0.5164,0.1826,0.0,0.0,0.0,0.4472,0.1826,0.0,0.0,0.1826,0.0,0.0,5.0,hold,0,0,2.8292
1786549745.2517,2026-08-12 17:49:05.251,3,1,0,-0.03405,-0.48113,0.04472,-1.9606,9.2464,-30.1622,-0.0567,0.0784,-0.2091,4.6845,0.0,0.0,0.2582,0.3651,0.0,0.0,0.0,0.483,0.2582,0.1826,0.0,0.0,0.4082,0.2582,0.0,0.0,0.2582,0.0,0.0,5.0,hold,0,0,2.8068
1786549745.3018,2026-08-12 17:49:05.301,3,1,0,-0.03406,-0.48112,0.04472,-1.689,9.1491,-30.1204,-0.0529,0.0847,-0.2124,4.684,0.0,0.0,0.2582,0.3651,0.0,0.0,0.0,0.483,0.2582,0.1826,0.0,0.0,0.4082,0.2582,0.0,0.0,0.2582,0.0,0.0,5.0,hold,0,0,2.8113
1786549745.3521,2026-08-12 17:49:05.352,3,1,0,-0.03403,-0.48112,0.04471,-1.9435,8.9855,-29.9467,-0.0499,0.0757,-0.2113,4.67897,0.0,0.0,0.1826,0.4082,0.0,0.0,0.0,0.5164,0.3162,0.1826,0.0,0.0,0.4472,0.0,0.1826,0.0,0.1826,0.0,0.2582,5.0,hold,0,0,2.8561
1786549745.4022,2026-08-12 17:49:05.402,3,1,0,-0.03405,-0.48111,0.04472,-1.9979,9.5341,-30.0869,-0.063,0.0757,-0.2111,4.67166,0.0,0.0,0.1826,0.4082,0.0,0.0,0.0,0.5164,0.3162,0.1826,0.0,0.0,0.4472,0.0,0.1826,0.0,0.1826,0.0,0.2582,5.0,hold,0,0,2.921
1786549745.4523,2026-08-12 17:49:05.452,3,1,0,-0.03406,-0.4811,0.0447,-1.8452,9.4629,-29.9206,-0.063,0.0815,-0.2128,4.684,0.0,0.1826,0.0,0.3162,0.1826,0.1826,0.0,0.483,0.1826,0.1826,0.0,0.0,0.3651,0.1826,0.1826,0.2582,0.0,0.0,0.1826,5.0,hold,0,0,2.8113
1786549745.5023,2026-08-12 17:49:05.502,3,1,0,-0.03405,-0.48111,0.04471,-1.9203,9.3866,-30.1075,-0.0582,0.0818,-0.2099,4.67771,0.0,0.1826,0.0,0.3162,0.1826,0.1826,0.0,0.483,0.1826,0.1826,0.0,0.0,0.3651,0.1826,0.1826,0.2582,0.0,0.0,0.1826,5.0,hold,0,0,2.8673
1786549745.5524,2026-08-12 17:49:05.552,3,0,0,-0.03406,-0.48112,0.04473,-1.7731,9.4638,-30.0169,-0.0635,0.0825,-0.2075,4.67897,0.1826,0.1826,0.0,0.4082,0.0,0.0,0.0,0.4082,0.3162,0.0,0.0,0.0,0.2582,0.1826,0.0,0.0,0.0,0.2582,0.0,5.0,retract,0,0,2.8561
1786549745.6024,2026-08-12 17:49:05.602,3,0,0,-0.03404,-0.48111,0.04473,-2.0233,9.1212,-29.8412,-0.0525,0.0791,-0.2144,4.68199,0.0,0.0,0.1826,0.4082,0.0,0.1826,0.0,0.4472,0.3651,0.2582,0.0,0.0,0.3162,0.1826,0.0,0.0,0.2582,0.0,0.0,5.0,retract,0,0,2.8292
1786549745.6525,2026-08-12 17:49:05.652,3,0,0,-0.03404,-0.4811,0.04475,-1.714,9.1474,-29.99,-0.0538,0.0835,-0.2138,4.68879,0.0,0.0,0.1826,0.4082,0.0,0.1826,0.0,0.4472,0.3651,0.2582,0.0,0.0,0.3162,0.1826,0.0,0.0,0.2582,0.0,0.0,5.0,retract,0,0,2.7687
1786549745.7027,2026-08-12 17:49:05.702,3,0,0,-0.03405,-0.4811,0.04479,-2.037,9.4713,-30.0418,-0.0605,0.0787,-0.2102,4.68325,0.0,0.2582,0.1826,0.3651,0.0,0.1826,0.0,0.483,0.2582,0.0,0.0,0.0,0.4082,0.1826,0.0,0.0,0.1826,0.0,0.0,5.0,retract,0,0,2.818
1786549745.7528,2026-08-12 17:49:05.752,3,0,0,-0.03404,-0.48109,0.04484,-2.0726,9.769,-30.0881,-0.0674,0.0774,-0.2139,4.68199,0.0,0.2582,0.1826,0.3651,0.0,0.1826,0.0,0.483,0.2582,0.0,0.0,0.0,0.4082,0.1826,0.0,0.0,0.1826,0.0,0.0,5.0,retract,0,0,2.8292
1786549745.803,2026-08-12 17:49:05.802,3,0,0,-0.03406,-0.4811,0.04495,-1.7909,9.1369,-30.2333,-0.0526,0.0827,-0.2159,4.68828,0.0,0.0,0.1826,0.3651,0.0,0.0,0.0,0.483,0.2582,0.0,0.0,0.0,0.3651,0.1826,0.0,0.0,0.0,0.0,0.0,5.0,retract,0,0,2.7732
1786549745.8531,2026-08-12 17:49:05.853,3,0,0,-0.03404,-0.48109,0.04504,-1.7474,9.2138,-30.0734,-0.0554,0.0806,-0.2066,4.68727,0.0,0.0,0.1826,0.3162,0.0,0.1826,0.0,0.4472,0.1826,0.1826,0.0,0.0,0.3162,0.0,0.0,0.1826,0.1826,0.1826,0.0,5.0,retract,0,0,2.7821
1786549745.9032,2026-08-12 17:49:05.903,3,0,0,-0.03404,-0.4811,0.0452,-1.7023,9.2037,-30.1155,-0.0539,0.0838,-0.2112,4.67821,0.0,0.0,0.1826,0.3162,0.0,0.1826,0.0,0.4472,0.1826,0.1826,0.0,0.0,0.3162,0.0,0.0,0.1826,0.1826,0.1826,0.0,5.0,retract,0,0,2.8628
1786549745.9533,2026-08-12 17:49:05.953,3,0,0,-0.03403,-0.4811,0.04533,-1.8291,9.233,-30.1666,-0.0528,0.0825,-0.2093,4.68803,0.0,0.0,0.1826,0.2582,0.0,0.0,0.0,0.483,0.0,0.1826,0.0,0.1826,0.4082,0.2582,0.0,0.0,0.1826,0.1826,0.1826,5.0,retract,0,0,2.7754
1786549746.0036,2026-08-12 17:49:06.003,3,0,0,-0.03403,-0.48108,0.04549,-1.7828,9.1659,-30.0309,-0.0531,0.084,-0.2131,4.68048,0.0,0.0,0.1826,0.2582,0.0,0.0,0.0,0.483,0.0,0.1826,0.0,0.1826,0.4082,0.2582,0.0,0.0,0.1826,0.1826,0.1826,5.0,retract,0,0,2.8426
1786549746.0537,2026-08-12 17:49:06.053,3,0,0,-0.03404,-0.48109,0.04567,-1.7625,9.1558,-30.2653,-0.051,0.0828,-0.2128,4.68576,0.0,0.0,0.2582,0.4082,0.0,0.0,0.0,0.4472,0.2582,0.0,0.0,0.0,0.3651,0.1826,0.0,0.0,0.0,0.0,0.1826,5.0,retract,0,0,2.7956
1786549746.1038,2026-08-12 17:49:06.103,3,0,0,-0.03402,-0.48109,0.04583,-2.0095,9.6869,-30.0473,-0.0638,0.0769,-0.2142,4.68249,0.0,0.0,0.0,0.3162,0.0,0.1826,0.0,0.4472,0.2582,0.1826,0.0,0.0,0.3651,0.0,0.0,0.0,0.0,0.0,0.0,5.0,retract,0,0,2.8247
1786549746.154,2026-08-12 17:49:06.154,3,0,0,-0.03404,-0.48108,0.04602,-1.7833,9.0849,-30.1366,-0.0531,0.0828,-0.2113,4.68954,0.0,0.0,0.0,0.3162,0.0,0.1826,0.0,0.4472,0.2582,0.1826,0.0,0.0,0.3651,0.0,0.0,0.0,0.0,0.0,0.0,5.0,retract,0,0,2.762
1786549746.2041,2026-08-12 17:49:06.204,3,0,0,-0.03406,-0.48108,0.04617,-2.0571,9.1857,-30.1734,-0.0542,0.0764,-0.2116,4.68224,0.0,0.1826,0.1826,0.0,0.0,0.0,0.0,0.4082,0.0,0.3162,0.0,0.0,0.3162,0.0,0.1826,0.0,0.0,0.0,0.1826,5.0,retract,0,0,2.8269
1786549746.2543,2026-08-12 17:49:06.254,3,0,0,-0.03406,-0.48111,0.04636,-1.7233,9.1225,-30.1225,-0.0514,0.0834,-0.2157,4.68727,0.0,0.1826,0.1826,0.0,0.0,0.0,0.0,0.4082,0.0,0.3162,0.0,0.0,0.3162,0.0,0.1826,0.0,0.0,0.0,0.1826,5.0,retract,0,0,2.7821
1786549746.3044,2026-08-12 17:49:06.304,3,0,0,-0.03405,-0.48109,0.04648,-1.9712,9.4801,-30.0813,-0.0585,0.0783,-0.2136,4.68929,0.0,0.0,0.0,0.2582,0.0,0.0,0.0,0.3651,0.1826,0.0,0.0,0.0,0.3162,0.0,0.0,0.0,0.0,0.0,0.0,5.0,retract,0,0,2.7642
1786549746.3545,2026-08-12 17:49:06.354,3,0,0,-0.03406,-0.4811,0.04666,-2.0345,9.4628,-30.0977,-0.055,0.0768,-0.2128,4.68022,0.0,0.0,0.0,0.2582,0.0,0.0,0.0,0.3651,0.1826,0.0,0.0,0.0,0.3162,0.0,0.0,0.0,0.0,0.0,0.0,5.0,retract,0,0,2.8449
1786549746.4046,2026-08-12 17:49:06.404,3,0,0,-0.03405,-0.4811,0.04682,-1.9027,9.2841,-29.9362,-0.0536,0.0812,-0.2155,4.69256,0.0,0.0,0.1826,0.2582,0.0,0.0,0.0,0.3651,0.0,0.1826,0.0,0.0,0.3162,0.1826,0.0,0.0,0.0,0.0,0.1826,5.0,retract,0,0,2.7351
1786549746.4547,2026-08-12 17:49:06.454,3,0,0,-0.03406,-0.48109,0.047,-1.8172,9.4824,-29.9994,-0.063,0.0809,-0.211,4.6845,0.0,0.0,0.1826,0.3162,0.0,0.0,0.0,0.3162,0.1826,0.1826,0.0,0.0,0.3162,0.1826,0.1826,0.0,0.0,0.0,0.0,5.0,retract,0,0,2.8068
1786549746.5048,2026-08-12 17:49:06.504,3,0,0,-0.03404,-0.48109,0.04715,-1.8716,9.3823,-29.9913,-0.0555,0.0807,-0.212,4.69609,0.0,0.0,0.1826,0.3162,0.0,0.0,0.0,0.3162,0.1826,0.1826,0.0,0.0,0.3162,0.1826,0.1826,0.0,0.0,0.0,0.0,5.0,retract,0,0,2.7037
1786549746.5548,2026-08-12 17:49:06.554,3,0,0,-0.03404,-0.48109,0.04731,-1.6069,9.1653,-30.3105,-0.0488,0.0865,-0.2065,4.68249,0.0,0.0,0.2582,0.3162,0.0,0.0,0.0,0.3162,0.2582,0.2582,0.0,0.0,0.3162,0.1826,0.2582,0.0,0.1826,0.0,0.1826,5.0,retract,0,0,2.8247
1786549746.605,2026-08-12 17:49:06.604,3,0,0,-0.03405,-0.4811,0.04749,-1.8697,9.3618,-29.9453,-0.056,0.0822,-0.2157,4.69332,0.0,0.0,0.2582,0.3162,0.0,0.0,0.0,0.3162,0.2582,0.2582,0.0,0.0,0.3162,0.1826,0.2582,0.0,0.1826,0.0,0.1826,5.0,retract,0,0,2.7284
1786549746.6551,2026-08-12 17:49:06.655,3,0,0,-0.03405,-0.4811,0.04766,-2.3308,9.6975,-29.9833,-0.0648,0.0712,-0.2143,4.68904,0.0,0.0,0.0,0.3162,0.0,0.0,0.0,0.3162,0.2582,0.1826,0.0,0.0,0.3162,0.0,0.0,0.0,0.0,0.1826,0.1826,5.0,retract,0,0,2.7665
1786549746.7052,2026-08-12 17:49:06.705,3,0,0,-0.03406,-0.4811,0.04784,-1.5264,9.0932,-30.0825,-0.0499,0.0883,-0.2035,4.69382,0.0,0.0,0.0,0.2582,0.0,0.0,0.0,0.1826,0.1826,0.1826,0.0,0.0,0.2582,0.0,0.0,0.0,0.0,0.0,0.0,5.0,retract,0,0,2.7239
1786549746.7554,2026-08-12 17:49:06.755,3,0,0,-0.03406,-0.48111,0.04799,-1.9904,9.2813,-30.1455,-0.0567,0.0807,-0.2134,4.69256,0.0,0.0,0.0,0.2582,0.0,0.0,0.0,0.1826,0.1826,0.1826,0.0,0.0,0.2582,0.0,0.0,0.0,0.0,0.0,0.0,5.0,retract,0,0,2.7351
1786549746.8055,2026-08-12 17:49:06.805,3,0,0,-0.03404,-0.4811,0.04816,-1.9166,9.5093,-30.087,-0.0621,0.0817,-0.2172,4.68576,0.0,0.0,0.1826,0.0,0.1826,0.1826,0.0,0.2582,0.2582,0.0,0.0,0.0,0.1826,0.0,0.0,0.0,0.1826,0.0,0.0,5.0,retract,0,0,2.7956
1786549746.8556,2026-08-12 17:49:06.855,3,0,0,-0.03403,-0.48109,0.04833,-1.9519,9.1747,-29.8889,-0.0503,0.0789,-0.2095,4.69155,0.0,0.0,0.1826,0.0,0.1826,0.1826,0.0,0.2582,0.2582,0.0,0.0,0.0,0.1826,0.0,0.0,0.0,0.1826,0.0,0.0,5.0,retract,0,0,2.7441
1786549746.9057,2026-08-12 17:49:06.905,3,0,0,-0.03406,-0.4811,0.04851,-1.8348,9.3458,-29.9452,-0.0569,0.0845,-0.2099,4.68174,0.0,0.0,0.0,0.1826,0.0,0.0,0.0,0.3162,0.0,0.0,0.0,0.0,0.2582,0.1826,0.0,0.0,0.0,0.0,0.0,5.0,retract,0,0,2.8314
1786549746.9558,2026-08-12 17:49:06.955,3,0,0,-0.03406,-0.48111,0.04867,-1.9335,9.5275,-29.9869,-0.0618,0.0808,-0.2167,4.69357,0.0,0.0,0.0,0.2582,0.0,0.0,0.0,0.2582,0.1826,0.0,0.0,0.0,0.2582,0.1826,0.0,0.0,0.0,0.0,0.1826,5.0,retract,0,0,2.7261
1786549747.006,2026-08-12 17:49:07.006,3,0,0,-0.03404,-0.48109,0.04882,-1.8725,9.5262,-29.9921,-0.0607,0.0811,-0.2121,4.68652,0.0,0.0,0.0,0.2582,0.0,0.0,0.0,0.2582,0.1826,0.0,0.0,0.0,0.2582,0.1826,0.0,0.0,0.0,0.0,0.1826,5.0,retract,0,0,2.7889
1786549747.0561,2026-08-12 17:49:07.056,3,0,0,-0.03403,-0.48109,0.04898,-1.9279,9.6154,-30.0577,-0.061,0.0809,-0.216,4.69735,0.0,0.0,0.0,0.0,0.0,0.0,0.0,0.1826,0.1826,0.0,0.0,0.0,0.1826,0.1826,0.0,0.0,0.0,0.0,0.1826,5.0,retract,0,0,2.6925
1786549747.1062,2026-08-12 17:49:07.106,3,0,0,-0.03404,-0.4811,0.04913,-1.764,9.6512,-30.1109,-0.0655,0.0821,-0.2151,4.68602,0.0,0.0,0.0,0.0,0.0,0.0,0.0,0.1826,0.1826,0.0,0.0,0.0,0.1826,0.1826,0.0,0.0,0.0,0.0,0.1826,5.0,retract,0,0,2.7933
1786549747.1563,2026-08-12 17:49:07.156,3,0,0,-0.03405,-0.48109,0.04923,-1.9298,9.1424,-30.0491,-0.0513,0.0771,-0.2142,4.69281,0.0,0.0,0.0,0.1826,0.0,0.0,0.0,0.1826,0.0,0.1826,0.0,0.0,0.0,0.1826,0.1826,0.0,0.0,0.2582,0.1826,5.0,retract,0,0,2.7329
1786549747.2065,2026-08-12 17:49:07.206,3,0,0,-0.03405,-0.4811,0.04937,-1.6217,9.241,-30.0447,-0.0534,0.0884,-0.218,4.68274,0.0,0.0,0.0,0.1826,0.0,0.0,0.0,0.1826,0.0,0.1826,0.0,0.0,0.0,0.1826,0.1826,0.0,0.0,0.2582,0.1826,5.0,retract,0,0,2.8225
1786549747.2566,2026-08-12 17:49:07.256,3,0,0,-0.03405,-0.4811,0.04945,-2.1826,9.6863,-29.8601,-0.0697,0.0731,-0.217,4.70213,0.0,0.0,0.1826,0.1826,0.0,0.0,0.0,0.1826,0.2582,0.1826,0.0,0.0,0.1826,0.1826,0.0,0.0,0.0,0.1826,0.1826,5.0,retract,0,0,2.65
1786549747.3067,2026-08-12 17:49:07.306,3,0,0,-0.03405,-0.48109,0.04952,-2.1258,9.4145,-29.9389,-0.0602,0.0736,-0.2134,4.69458,0.0,0.0,0.1826,0.2582,0.0,0.1826,0.0,0.2582,0.1826,0.0,0.0,0.0,0.1826,0.0,0.0,0.0,0.1826,0.0,0.0,5.0,retract,0,0,2.7172
1786549747.3568,2026-08-12 17:49:07.356,3,0,0,-0.03403,-0.4811,0.04959,-1.9921,9.2543,-29.9946,-0.0536,0.0787,-0.2152,4.68677,0.0,0.0,0.1826,0.2582,0.0,0.1826,0.0,0.2582,0.1826,0.0,0.0,0.0,0.1826,0.0,0.0,0.0,0.1826,0.0,0.0,5.0,retract,0,0,2.7866
1786549747.4069,2026-08-12 17:49:07.406,3,0,0,-0.03405,-0.48109,0.04964,-1.4313,9.0868,-30.0647,-0.0523,0.09,-0.2123,4.69407,0.0,0.0,0.0,0.0,0.0,0.0,0.0,0.1826,0.0,0.0,0.0,0.0,0.1826,0.0,0.0,0.0,0.0,0.0,0.0,5.0,retract,0,0,2.7217
1786549747.457,2026-08-12 17:49:07.457,3,0,0,-0.03405,-0.48109,0.04967,-1.661,9.2339,-30.0733,-0.0559,0.0849,-0.2156,4.69105,0.0,0.0,0.0,0.0,0.0,0.0,0.0,0.1826,0.0,0.0,0.0,0.0,0.1826,0.0,0.0,0.0,0.0,0.0,0.0,5.0,retract,0,0,2.7485
1786549747.5071,2026-08-12 17:49:07.507,3,0,0,-0.03404,-0.4811,0.0497,-1.7298,9.3012,-30.0728,-0.0565,0.0841,-0.2176,4.68325,0.0,0.0,0.1826,0.1826,0.0,0.0,0.0,0.1826,0.0,0.1826,0.0,0.0,0.1826,0.0,0.0,0.0,0.0,0.0,0.1826,5.0,retract,0,0,2.818
1786549747.5572,2026-08-12 17:49:07.557,3,0,0,-0.03404,-0.4811,0.04969,-1.9032,9.4148,-29.9251,-0.0535,0.0813,-0.2194,4.69181,0.0,0.0,0.2582,0.0,0.0,0.0,0.0,0.1826,0.0,0.1826,0.0,0.0,0.2582,0.1826,0.0,0.1826,0.1826,0.0,0.0,5.0,post,0,0,2.7418
1786549747.6073,2026-08-12 17:49:07.607,3,0,0,-0.03407,-0.48111,0.04971,-1.5601,9.2686,-30.1323,-0.051,0.0884,-0.2086,4.68652,0.0,0.0,0.2582,0.0,0.0,0.0,0.0,0.1826,0.0,0.1826,0.0,0.0,0.2582,0.1826,0.0,0.1826,0.1826,0.0,0.0,5.0,post,0,0,2.7889
1786549747.6575,2026-08-12 17:49:07.657,3,0,0,-0.03406,-0.48112,0.04971,-1.5528,9.2356,-29.9393,-0.0533,0.0916,-0.2149,4.69684,0.0,0.0,0.2582,0.2582,0.0,0.0,0.1826,0.2582,0.0,0.0,0.0,0.0,0.3162,0.1826,0.0,0.0,0.1826,0.0,0.2582,5.0,post,0,0,2.697
1786549747.7075,2026-08-12 17:49:07.707,3,0,0,-0.03405,-0.4811,0.0497,-1.7813,9.2726,-30.0172,-0.0535,0.086,-0.2099,4.69407,0.0,0.0,0.2582,0.2582,0.0,0.0,0.1826,0.2582,0.0,0.0,0.0,0.0,0.3162,0.1826,0.0,0.0,0.1826,0.0,0.2582,5.0,post,0,0,2.7217
1786549747.7576,2026-08-12 17:49:07.757,3,0,0,-0.03403,-0.48111,0.0497,-1.664,9.3822,-30.0245,-0.058,0.0869,-0.2176,4.69105,0.0,0.0,0.1826,0.1826,0.0,0.1826,0.0,0.2582,0.1826,0.2582,0.1826,0.0,0.3162,0.0,0.1826,0.2582,0.0,0.1826,0.1826,5.0,post,0,0,2.7485
1786549747.8077,2026-08-12 17:49:07.807,3,0,0,-0.03406,-0.48111,0.0497,-1.8776,9.13,-30.0004,-0.0533,0.0789,-0.217,4.69432,0.0,0.0,0.1826,0.1826,0.0,0.1826,0.0,0.2582,0.1826,0.2582,0.1826,0.0,0.3162,0.0,0.1826,0.2582,0.0,0.1826,0.1826,5.0,post,0,0,2.7194
1786549747.8579,2026-08-12 17:49:07.857,3,0,0,-0.03406,-0.48111,0.04971,-1.9069,9.662,-29.9175,-0.0655,0.0791,-0.2185,4.68199,0.0,0.1826,0.3162,0.1826,0.0,0.0,0.0,0.1826,0.1826,0.1826,0.0,0.1826,0.1826,0.0,0.0,0.0,0.1826,0.0,0.1826,5.0,post,0,0,2.8292
1786549747.908,2026-08-12 17:49:07.908,3,0,0,-0.03403,-0.4811,0.0497,-1.8293,9.4635,-29.9225,-0.0606,0.081,-0.2175,4.6908,0.0,0.0,0.1826,0.0,0.0,0.1826,0.0,0.3162,0.0,0.0,0.0,0.0,0.3651,0.1826,0.0,0.0,0.0,0.2582,0.0,5.0,post,0,0,2.7508
1786549747.9582,2026-08-12 17:49:07.958,3,0,0,-0.03403,-0.48111,0.04971,-1.8985,9.5871,-30.077,-0.0645,0.0812,-0.218,4.69105,0.0,0.0,0.1826,0.0,0.0,0.1826,0.0,0.3162,0.0,0.0,0.0,0.0,0.3651,0.1826,0.0,0.0,0.0,0.2582,0.0,5.0,post,0,0,2.7485
1786549748.0083,2026-08-12 17:49:08.008,3,0,0,-0.03407,-0.48111,0.04971,-1.7903,9.1679,-29.9078,-0.0536,0.0836,-0.2141,4.69407,0.0,0.0,0.2582,0.1826,0.0,0.0,0.0,0.1826,0.2582,0.0,0.0,0.0,0.2582,0.1826,0.0,0.0,0.0,0.0,0.1826,5.0,post,0,0,2.7217
1786549748.0584,2026-08-12 17:49:08.058,3,0,0,-0.03403,-0.48111,0.04971,-1.7535,9.2451,-30.1917,-0.0544,0.0812,-0.2161,4.6845,0.0,0.0,0.2582,0.1826,0.0,0.0,0.0,0.1826,0.2582,0.0,0.0,0.0,0.2582,0.1826,0.0,0.0,0.0,0.0,0.1826,5.0,post,0,0,2.8068
1786549748.1085,2026-08-12 17:49:08.108,3,0,0,-0.03404,-0.48111,0.04971,-1.8577,9.3946,-30.0011,-0.057,0.0793,-0.2157,4.6903,0.0,0.0,0.0,0.0,0.0,0.0,0.0,0.1826,0.0,0.2582,0.0,0.0,0.2582,0.2582,0.0,0.0,0.1826,0.1826,0.0,5.0,post,0,0,2.7553
1786549748.1586,2026-08-12 17:49:08.158,3,0,0,-0.03405,-0.48111,0.0497,-1.5353,9.3982,-29.9633,-0.0595,0.0877,-0.2155,4.6903,0.0,0.0,0.2582,0.2582,0.0,0.1826,0.0,0.2582,0.1826,0.0,0.1826,0.0,0.3162,0.0,0.2582,0.0,0.0,0.0,0.0,5.0,post,0,0,2.7553
1786549748.2088,2026-08-12 17:49:08.208,3,0,0,-0.03405,-0.48111,0.04972,-1.9186,9.5431,-29.9807,-0.0653,0.0794,-0.2156,4.68425,0.0,0.0,0.2582,0.2582,0.0,0.1826,0.0,0.2582,0.1826,0.0,0.1826,0.0,0.3162,0.0,0.2582,0.0,0.0,0.0,0.0,5.0,post,0,0,2.809
1786549748.259,2026-08-12 17:49:08.258,3,0,0,-0.03403,-0.48112,0.0497,-1.7088,8.9493,-30.0434,-0.0463,0.0862,-0.2124,4.6913,0.0,0.0,0.1826,0.0,0.0,0.0,0.0,0.2582,0.0,0.1826,0.0,0.0,0.3162,0.1826,0.0,0.0,0.0,0.1826,0.1826,5.0,post,0,0,2.7463
1786549748.3091,2026-08-12 17:49:08.309,3,0,0,-0.03406,-0.4811,0.0497,-1.6564,9.1478,-30.0608,-0.0522,0.0875,-0.2145,4.67997,0.0,0.0,0.1826,0.0,0.0,0.0,0.0,0.2582,0.0,0.1826,0.0,0.0,0.3162,0.1826,0.0,0.0,0.0,0.1826,0.1826,5.0,post,0,0,2.8471
1786549748.3592,2026-08-12 17:49:08.359,3,0,0,-0.03403,-0.48111,0.04971,-1.4999,9.2526,-29.8531,-0.0573,0.0889,-0.2138,4.69382,0.0,0.0,0.1826,0.3162,0.0,0.1826,0.0,0.2582,0.1826,0.1826,0.0,0.0,0.2582,0.0,0.1826,0.1826,0.1826,0.0,0.0,5.0,post,0,0,2.7239
1786549748.4092,2026-08-12 17:49:08.409,3,0,0,-0.03404,-0.48111,0.04971,-1.5989,9.3333,-30.0269,-0.0571,0.0861,-0.215,4.68551,0.0,0.1826,0.1826,0.0,0.0,0.1826,0.0,0.2582,0.0,0.0,0.1826,0.0,0.2582,0.1826,0.0,0.1826,0.1826,0.1826,0.0,5.0,post,0,0,2.7978
1786549748.4594,2026-08-12 17:49:08.459,3,0,0,-0.03405,-0.48111,0.0497,-1.9045,9.4128,-30.0516,-0.0573,0.0795,-0.2155,4.68551,0.0,0.1826,0.1826,0.0,0.0,0.1826,0.0,0.2582,0.0,0.0,0.1826,0.0,0.2582,0.1826,0.0,0.1826,0.1826,0.1826,0.0,5.0,post,0,0,2.7978
1786549748.5094,2026-08-12 17:49:08.509,3,0,0,-0.03405,-0.48111,0.04971,-2.0402,9.308,-30.0113,-0.0516,0.0727,-0.2203,4.68224,0.1826,0.0,0.0,0.2582,0.0,0.0,0.0,0.1826,0.1826,0.0,0.0,0.0,0.2582,0.0,0.0,0.0,0.0,0.0,0.0,5.0,post,0,0,2.8269
1786549748.5596,2026-08-12 17:49:08.559,3,0,0,-0.03404,-0.48111,0.04971,-1.9762,9.5188,-30.081,-0.0624,0.0767,-0.2136,4.69105,0.1826,0.0,0.0,0.2582,0.0,0.0,0.0,0.1826,0.1826,0.0,0.0,0.0,0.2582,0.0,0.0,0.0,0.0,0.0,0.0,5.0,post,0,0,2.7485
1786549748.6097,2026-08-12 17:49:08.609,3,0,0,-0.03406,-0.48111,0.04972,-1.9913,9.5977,-30.0882,-0.0655,0.0779,-0.2173,4.6845,0.0,0.0,0.1826,0.0,0.0,0.0,0.0,0.1826,0.0,0.0,0.0,0.0,0.1826,0.0,0.1826,0.0,0.0,0.0,0.1826,5.0,post,0,0,2.8068
1786549748.6598,2026-08-12 17:49:08.659,3,0,0,-0.03403,-0.4811,0.0497,-1.6054,9.3504,-29.9942,-0.0587,0.0858,-0.2204,4.69206,0.0,0.0,0.1826,0.0,0.0,0.0,0.0,0.1826,0.0,0.0,0.0,0.0,0.1826,0.0,0.1826,0.0,0.0,0.0,0.1826,5.0,post,0,0,2.7396
1786549748.71,2026-08-12 17:49:08.710,3,0,0,-0.03404,-0.48111,0.04971,-2.0718,9.3996,-29.8718,-0.0605,0.0735,-0.2158,4.69432,0.0,0.0,0.1826,0.1826,0.0,0.0,0.0,0.3162,0.1826,0.1826,0.0,0.0,0.3651,0.0,0.0,0.0,0.0,0.0,0.0,5.0,post,0,0,2.7194
1786549748.7602,2026-08-12 17:49:08.760,3,0,0,-0.03404,-0.4811,0.04971,-2.1077,9.8332,-29.958,-0.0672,0.0753,-0.2189,4.69004,0.0,0.0,0.2582,0.0,0.0,0.1826,0.0,0.2582,0.0,0.2582,0.1826,0.0,0.1826,0.1826,0.1826,0.0,0.1826,0.0,0.3162,5.0,post,0,0,2.7575
1786549748.8103,2026-08-12 17:49:08.810,3,0,0,-0.03406,-0.48112,0.04973,-1.7054,9.4193,-30.0676,-0.0613,0.085,-0.2164,4.6908,0.0,0.0,0.2582,0.0,0.0,0.1826,0.0,0.2582,0.0,0.2582,0.1826,0.0,0.1826,0.1826,0.1826,0.0,0.1826,0.0,0.3162,5.0,post,0,0,2.7508
1786549748.8604,2026-08-12 17:49:08.860,3,0,0,-0.03406,-0.4811,0.0497,-1.6285,9.4804,-30.0863,-0.0581,0.0911,-0.2209,4.68476,0.1826,0.0,0.2582,0.0,0.2582,0.0,0.0,0.1826,0.1826,0.1826,0.0,0.0,0.2582,0.1826,0.0,0.0,0.1826,0.0,0.0,5.0,post,0,0,2.8045
1786549748.9104,2026-08-12 17:49:08.910,3,0,0,-0.03406,-0.48111,0.04971,-1.8555,9.1055,-30.2854,-0.05,0.0809,-0.2214,4.69432,0.1826,0.0,0.2582,0.0,0.2582,0.0,0.0,0.1826,0.1826,0.1826,0.0,0.0,0.2582,0.1826,0.0,0.0,0.1826,0.0,0.0,5.0,post,0,0,2.7194
1786549748.9606,2026-08-12 17:49:08.960,3,0,0,-0.03407,-0.4811,0.0497,-1.505,9.2996,-30.2306,-0.0564,0.0885,-0.2165,4.69432,0.0,0.0,0.0,0.1826,0.0,0.1826,0.0,0.1826,0.1826,0.1826,0.0,0.0,0.2582,0.1826,0.0,0.1826,0.0,0.0,0.1826,5.0,post,0,0,2.7194
1786549749.0107,2026-08-12 17:49:09.010,3,0,0,-0.03406,-0.48111,0.0497,-1.8806,9.2915,-30.1761,-0.0549,0.0824,-0.2126,4.68476,0.0,0.0,0.0,0.2582,0.0,0.1826,0.0,0.1826,0.2582,0.0,0.0,0.0,0.2582,0.1826,0.0,0.0,0.0,0.1826,0.0,5.0,post,0,0,2.8045
1786549749.0608,2026-08-12 17:49:09.060,3,0,0,-0.03406,-0.48111,0.04972,-1.6546,9.3527,-30.1438,-0.0567,0.0857,-0.2193,4.68954,0.0,0.0,0.0,0.2582,0.0,0.1826,0.0,0.1826,0.2582,0.0,0.0,0.0,0.2582,0.1826,0.0,0.0,0.0,0.1826,0.0,5.0,post,0,0,2.762
1786549749.1109,2026-08-12 17:49:09.110,3,0,0,-0.03406,-0.48111,0.04969,-1.9589,9.6603,-29.8406,-0.0636,0.0799,-0.2187,4.69155,0.0,0.0,0.1826,0.2582,0.0,0.0,0.0,0.1826,0.2582,0.0,0.0,0.0,0.1826,0.1826,0.0,0.0,0.0,0.0,0.0,5.0,post,0,0,2.7441
1786549749.1611,2026-08-12 17:49:09.161,3,0,0,-0.03407,-0.48111,0.04972,-1.5854,9.1284,-30.0383,-0.0497,0.0878,-0.2152,4.68602,0.0,0.0,0.1826,0.2582,0.0,0.0,0.0,0.1826,0.2582,0.0,0.0,0.0,0.1826,0.1826,0.0,0.0,0.0,0.0,0.0,5.0,post,0,0,2.7933
1786549749.2112,2026-08-12 17:49:09.211,3,0,0,-0.03405,-0.4811,0.0497,-1.4086,9.1696,-30.1087,-0.0536,0.094,-0.2144,4.68904,0.0,0.0,0.0,0.1826,0.0,0.1826,0.0,0.1826,0.0,0.0,0.0,0.0,0.2582,0.1826,0.0,0.0,0.0,0.2582,0.0,5.0,post,0,0,2.7665
1786549749.2616,2026-08-12 17:49:09.261,3,0,0,-0.03404,-0.4811,0.04971,-1.7095,9.3352,-30.0802,-0.0608,0.0851,-0.2128,4.68325,0.0,0.0,0.1826,0.1826,0.0,0.1826,0.0,0.3162,0.1826,0.1826,0.0,0.0,0.1826,0.0,0.0,0.0,0.0,0.0,0.0,5.0,post,0,0,2.818
1786549749.3117,2026-08-12 17:49:09.311,3,0,0,-0.03402,-0.48111,0.0497,-1.738,9.3318,-29.7793,-0.0566,0.0836,-0.2145,4.69407,0.0,0.0,0.1826,0.1826,0.0,0.1826,0.0,0.3162,0.1826,0.1826,0.0,0.0,0.1826,0.0,0.0,0.0,0.0,0.0,0.0,5.0,post,0,0,2.7217
1786549749.3619,2026-08-12 17:49:09.361,3,0,0,-0.03404,-0.48109,0.0497,-1.8429,9.2197,-29.9061,-0.0545,0.0822,-0.217,4.68325,0.0,0.1826,0.1826,0.0,0.0,0.0,0.0,0.1826,0.0,0.1826,0.0,0.0,0.2582,0.2582,0.0,0.0,0.0,0.0,0.0,5.0,post,0,0,2.818
1786549749.412,2026-08-12 17:49:09.412,3,0,0,-0.03406,-0.48111,0.04971,-1.6536,9.2813,-30.2121,-0.055,0.0865,-0.2161,4.68929,0.0,0.1826,0.1826,0.0,0.0,0.0,0.0,0.1826,0.0,0.1826,0.0,0.0,0.2582,0.2582,0.0,0.0,0.0,0.0,0.0,5.0,post,0,0,2.7642
1786549749.4621,2026-08-12 17:49:09.462,3,0,0,-0.03404,-0.48111,0.0497,-2.2489,9.9393,-29.7285,-0.0747,0.0722,-0.2212,4.68979,0.0,0.0,0.1826,0.1826,0.0,0.0,0.0,0.1826,0.2582,0.1826,0.0,0.0,0.1826,0.0,0.1826,0.0,0.0,0.0,0.1826,5.0,post,0,0,2.7597
1786549749.5123,2026-08-12 17:49:09.512,3,0,0,-0.03405,-0.48111,0.0497,-1.8343,9.4744,-29.7433,-0.0612,0.0826,-0.2192,4.68249,0.0,0.0,0.1826,0.1826,0.0,0.0,0.0,0.1826,0.2582,0.1826,0.0,0.0,0.1826,0.0,0.1826,0.0,0.0,0.0,0.1826,5.0,post,0,0,2.8247
1786549749.5623,2026-08-12 17:49:09.562,17,0,0,-0.03417,-0.48141,0.04974,-2.1892,9.2735,-29.967,-0.0537,0.0735,-0.2157,4.69155,0.0,0.0,0.1826,0.0,0.0,0.1826,0.0,0.1826,0.0,0.1826,0.1826,0.0,0.2582,0.1826,0.0,0.0,0.0,0.1826,0.0,5.0,locate,0,0,2.7441
1786549749.6124,2026-08-12 17:49:09.612,17,0,0,-0.03454,-0.48244,0.04979,-1.8208,9.3491,-29.9935,-0.059,0.0801,-0.2268,4.6913,0.0,0.0,0.1826,0.0,0.0,0.0,0.0,0.1826,0.0,0.1826,0.0,0.0,0.1826,0.0,0.0,0.0,0.0,0.1826,0.0,5.0,locate,0,0,2.7463
1786549749.6625,2026-08-12 17:49:09.662,17,0,0,-0.03518,-0.48402,0.04977,-2.1701,9.2511,-29.7875,-0.0564,0.0697,-0.2721,4.68551,0.0,0.0,0.1826,0.0,0.0,0.0,0.0,0.1826,0.0,0.1826,0.0,0.0,0.1826,0.0,0.0,0.0,0.0,0.1826,0.0,5.0,locate,0,0,2.7978
1786549749.7126,2026-08-12 17:49:09.712,17,0,0,-0.03609,-0.4862,0.04975,-1.9998,9.9185,-29.818,-0.0666,0.074,-0.3309,4.69382,0.0,0.0,0.1826,0.1826,0.0,0.1826,0.0,0.0,0.1826,0.0,0.1826,0.0,0.2582,0.0,0.0,0.2582,0.0,0.2582,0.0,5.0,locate,0,0,2.7239
1786549749.7627,2026-08-12 17:49:09.762,17,0,0,-0.03703,-0.48852,0.04976,-1.844,9.2083,-29.8144,-0.0522,0.0783,-0.3852,4.69634,0.0,0.0,0.1826,0.1826,0.0,0.1826,0.0,0.0,0.1826,0.0,0.1826,0.0,0.2582,0.0,0.0,0.2582,0.0,0.2582,0.0,5.0,locate,0,0,2.7015
1786549749.8129,2026-08-12 17:49:09.812,17,0,0,-0.03801,-0.49083,0.04976,-1.8519,9.3468,-29.6415,-0.057,0.0802,-0.4334,4.69281,0.0,0.1826,0.1826,0.0,0.0,0.0,0.0,0.2582,0.0,0.1826,0.0,0.0,0.3162,0.2582,0.0,0.0,0.0,0.0,0.0,5.0,locate,0,0,2.7329
1786549749.863,2026-08-12 17:49:09.863,17,0,0,-0.03899,-0.49313,0.04974,-1.8438,9.5308,-29.6458,-0.0639,0.0784,-0.4812,4.6908,0.0,0.0,0.2582,0.1826,0.0,0.0,0.0,0.2582,0.1826,0.0,0.0,0.0,0.1826,0.0,0.0,0.0,0.1826,0.1826,0.1826,5.0,locate,0,0,2.7508
1786549749.9131,2026-08-12 17:49:09.913,17,0,0,-0.03994,-0.49544,0.0497,-1.965,9.618,-29.8958,-0.0667,0.0781,-0.535,4.68753,0.0,0.0,0.2582,0.1826,0.0,0.0,0.0,0.2582,0.1826,0.0,0.0,0.0,0.1826,0.0,0.0,0.0,0.1826,0.1826,0.1826,5.0,locate,0,0,2.7799
1786549749.9632,2026-08-12 17:49:09.963,17,0,0,-0.04088,-0.49778,0.04972,-2.1353,9.1476,-29.7731,-0.0538,0.0734,-0.5777,4.68375,0.0,0.0,0.1826,0.0,0.0,0.0,0.0,0.1826,0.0,0.2582,0.0,0.0,0.2582,0.1826,0.1826,0.0,0.0,0.1826,0.2582,5.0,locate,0,0,2.8135
1786549750.0133,2026-08-12 17:49:10.013,17,0,0,-0.04183,-0.50005,0.04965,-2.319,9.7858,-29.6779,-0.0677,0.0671,-0.6117,4.68224,0.0,0.0,0.1826,0.0,0.0,0.0,0.0,0.1826,0.0,0.2582,0.0,0.0,0.2582,0.1826,0.1826,0.0,0.0,0.1826,0.2582,5.0,locate,0,0,2.8269
1786549750.0635,2026-08-12 17:49:10.063,17,0,0,-0.04278,-0.50236,0.04965,-2.096,9.545,-29.7209,-0.0638,0.0706,-0.6622,4.68979,0.0,0.0,0.3162,0.1826,0.0,0.1826,0.0,0.0,0.2582,0.1826,0.0,0.0,0.2582,0.0,0.0,0.1826,0.0,0.0,0.1826,5.0,locate,0,0,2.7597
1786549750.1136,2026-08-12 17:49:10.113,17,0,0,-0.04376,-0.50468,0.04968,-2.0415,9.522,-29.9622,-0.06,0.0701,-0.6876,4.69332,0.0,0.0,0.2582,0.0,0.0,0.2582,0.0,0.0,0.0,0.3162,0.2582,0.1826,0.0,0.0,0.1826,0.3162,0.0,0.1826,0.2582,5.0,locate,0,0,2.7284
1786549750.1637,2026-08-12 17:49:10.163,17,0,0,-0.04474,-0.50708,0.0497,-1.9095,9.4551,-30.1503,-0.0581,0.0703,-0.7314,4.68727,0.0,0.0,0.2582,0.0,0.0,0.2582,0.0,0.0,0.0,0.3162,0.2582,0.1826,0.0,0.0,0.1826,0.3162,0.0,0.1826,0.2582,5.0,locate,0,0,2.7821
1786549750.2139,2026-08-12 17:49:10.213,17,0,0,-0.04559,-0.50918,0.04972,-2.141,9.3203,-30.0479,-0.0543,0.0692,-0.7541,4.68501,0.0,0.0,0.2582,0.0,0.0,0.1826,0.0,0.0,0.0,0.3162,0.1826,0.2582,0.1826,0.1826,0.3162,0.0,0.0,0.1826,0.3651,5.0,locate,0,0,2.8023
1786549750.2639,2026-08-12 17:49:10.263,17,0,0,-0.04615,-0.51057,0.04973,-2.2655,9.5956,-30.1499,-0.0644,0.0618,-0.7687,4.684,0.0,0.0,0.2582,0.0,0.0,0.1826,0.0,0.0,0.0,0.3162,0.1826,0.2582,0.1826,0.1826,0.3162,0.0,0.0,0.1826,0.3651,5.0,locate,0,0,2.8113
1786549750.314,2026-08-12 17:49:10.314,17,0,0,-0.04646,-0.51131,0.04973,-2.3486,9.5205,-30.0187,-0.0647,0.0599,-0.7594,4.68526,0.0,0.0,0.2582,0.0,0.0,0.0,0.2582,0.0,0.0,0.2582,0.1826,0.3162,0.0,0.0,0.1826,0.2582,0.0,0.0,0.1826,5.0,locate,0,0,2.8001
1786549750.3641,2026-08-12 17:49:10.364,17,0,0,-0.04649,-0.5114,0.04976,-2.1878,9.6231,-30.0348,-0.066,0.0622,-0.7534,4.69004,0.0,0.0,0.2582,0.0,0.0,0.0,0.2582,0.0,0.0,0.2582,0.1826,0.3162,0.0,0.0,0.1826,0.2582,0.0,0.0,0.1826,5.0,locate,0,0,2.7575
1786549750.4142,2026-08-12 17:49:10.414,17,0,0,-0.04652,-0.51141,0.04977,-2.2795,9.5084,-29.9638,-0.0593,0.0631,-0.7487,4.68526,0.0,0.0,0.2582,0.0,0.0,0.0,0.3162,0.0,0.0,0.1826,0.1826,0.3651,0.0,0.0,0.2582,0.3162,0.0,0.0,0.3162,5.0,locate,0,0,2.8001
1786549750.4644,2026-08-12 17:49:10.464,17,0,0,-0.04653,-0.5114,0.04975,-2.171,9.0785,-30.0771,-0.0491,0.0636,-0.7337,4.68727,0.0,0.0,0.3162,0.0,0.0,0.2582,0.2582,0.0,0.0,0.2582,0.1826,0.3651,0.0,0.0,0.1826,0.3162,0.0,0.0,0.2582,5.0,locate,0,0,2.7821
1786549750.5147,2026-08-12 17:49:10.514,17,0,0,-0.04655,-0.5114,0.04975,-2.1826,9.5678,-30.0091,-0.0613,0.0628,-0.7347,4.67972,0.0,0.0,0.3162,0.0,0.0,0.2582,0.2582,0.0,0.0,0.2582,0.1826,0.3651,0.0,0.0,0.1826,0.3162,0.0,0.0,0.2582,5.0,locate,0,0,2.8493
1786549750.5648,2026-08-12 17:49:10.564,17,0,0,-0.04653,-0.51139,0.04972,-2.236,9.2864,-29.9674,-0.0549,0.0605,-0.7291,4.69357,0.0,0.0,0.0,0.0,0.0,0.1826,0.1826,0.0,0.0,0.1826,0.2582,0.3162,0.0,0.0,0.0,0.2582,0.0,0.0,0.3162,5.0,locate,0,0,2.7261
1786549750.6149,2026-08-12 17:49:10.614,17,0,0,-0.04653,-0.5114,0.04971,-2.5406,9.8993,-29.9467,-0.0667,0.0554,-0.7264,4.6913,0.0,0.0,0.0,0.0,0.0,0.1826,0.1826,0.0,0.0,0.1826,0.2582,0.3162,0.0,0.0,0.0,0.2582,0.0,0.0,0.3162,5.0,locate,0,0,2.7463
1786549750.665,2026-08-12 17:49:10.665,17,0,0,-0.04654,-0.51141,0.04972,-2.2761,9.6359,-29.8021,-0.0663,0.0588,-0.7201,4.68199,0.0,0.0,0.3162,0.0,0.0,0.1826,0.1826,0.0,0.0,0.1826,0.2582,0.3162,0.0,0.0,0.1826,0.3651,0.0,0.0,0.2582,5.0,locate,0,0,2.8292
1786549750.7152,2026-08-12 17:49:10.715,17,0,0,-0.04655,-0.51141,0.04971,-2.6038,9.6685,-29.885,-0.0638,0.055,-0.7148,4.69458,0.0,0.0,0.2582,0.0,0.0,0.1826,0.1826,0.0,0.0,0.1826,0.1826,0.2582,0.0,0.0,0.0,0.3162,0.0,0.0,0.2582,5.0,locate,0,0,2.7172
1786549750.7653,2026-08-12 17:49:10.765,17,0,0,-0.04654,-0.5114,0.0497,-2.3719,9.3873,-29.9338,-0.0574,0.0603,-0.7167,4.68476,0.0,0.0,0.2582,0.0,0.0,0.1826,0.1826,0.0,0.0,0.1826,0.1826,0.2582,0.0,0.0,0.0,0.3162,0.0,0.0,0.2582,5.0,locate,0,0,2.8045
1786549750.8155,2026-08-12 17:49:10.815,17,0,0,-0.04654,-0.5114,0.0497,-2.3876,9.861,-29.952,-0.0681,0.06,-0.712,4.69181,0.0,0.0,0.1826,0.0,0.0,0.1826,0.1826,0.0,0.0,0.1826,0.2582,0.3162,0.0,0.0,0.1826,0.2582,0.0,0.0,0.2582,5.0,locate,0,0,2.7418
1786549750.8656,2026-08-12 17:49:10.865,17,0,0,-0.04653,-0.5114,0.0497,-2.3009,9.5062,-29.9065,-0.0635,0.061,-0.6964,4.68828,0.0,0.0,0.1826,0.0,0.0,0.1826,0.1826,0.0,0.0,0.1826,0.2582,0.3162,0.0,0.0,0.1826,0.2582,0.0,0.0,0.2582,5.0,locate,0,0,2.7732
1786549750.9157,2026-08-12 17:49:10.915,17,0,0,-0.04654,-0.51141,0.04971,-2.2723,9.7918,-30.0319,-0.0649,0.0605,-0.6974,4.68828,0.0,0.0,0.2582,0.0,0.0,0.0,0.0,0.0,0.0,0.1826,0.0,0.2582,0.0,0.0,0.2582,0.3162,0.0,0.0,0.2582,5.0,locate,0,0,2.7732
1786549750.9658,2026-08-12 17:49:10.965,17,0,0,-0.04654,-0.51141,0.04971,-2.4193,9.6118,-29.8882,-0.0632,0.0591,-0.6967,4.69583,0.0,0.0,0.1826,0.0,0.0,0.0,0.1826,0.0,0.0,0.0,0.1826,0.3162,0.0,0.0,0.0,0.2582,0.0,0.1826,0.2582,5.0,locate,0,0,2.706
1786549751.0159,2026-08-12 17:49:11.015,17,0,0,-0.04654,-0.5114,0.04972,-2.0468,9.3659,-29.9827,-0.0574,0.065,-0.6955,4.68199,0.0,0.0,0.1826,0.0,0.0,0.0,0.1826,0.0,0.0,0.0,0.1826,0.3162,0.0,0.0,0.0,0.2582,0.0,0.1826,0.2582,5.0,locate,0,0,2.8292
1786549751.066,2026-08-12 17:49:11.066,17,0,0,-0.04654,-0.51142,0.04973,-2.272,9.6454,-29.775,-0.0666,0.0584,-0.6955,4.69181,0.0,0.0,0.2582,0.0,0.0,0.1826,0.1826,0.0,0.0,0.1826,0.2582,0.2582,0.0,0.0,0.0,0.3162,0.0,0.0,0.1826,5.0,locate,0,0,2.7418
1786549751.1162,2026-08-12 17:49:11.116,17,0,0,-0.04652,-0.5114,0.0497,-2.4224,9.5054,-30.0272,-0.056,0.0578,-0.7002,4.68954,0.0,0.0,0.2582,0.0,0.0,0.1826,0.1826,0.0,0.0,0.1826,0.2582,0.2582,0.0,0.0,0.0,0.3162,0.0,0.0,0.1826,5.0,locate,0,0,2.762
1786549751.1663,2026-08-12 17:49:11.166,17,0,0,-0.04656,-0.51142,0.04972,-2.3675,9.7204,-29.8649,-0.0652,0.0639,-0.6934,4.68174,0.0,0.0,0.2582,0.0,0.0,0.1826,0.3162,0.0,0.0,0.1826,0.1826,0.3162,0.0,0.0,0.0,0.2582,0.0,0.0,0.1826,5.0,locate,0,0,2.8314
1786549751.2164,2026-08-12 17:49:11.216,17,0,0,-0.04655,-0.5114,0.04971,-2.2643,9.7357,-29.7945,-0.0676,0.0625,-0.6969,4.69181,0.0,0.0,0.2582,0.0,0.0,0.1826,0.3162,0.0,0.0,0.1826,0.1826,0.3162,0.0,0.0,0.0,0.2582,0.0,0.0,0.1826,5.0,locate,0,0,2.7418
1786549751.2666,2026-08-12 17:49:11.266,17,0,0,-0.04654,-0.51141,0.04971,-2.3279,9.6578,-29.8626,-0.07,0.0622,-0.6952,4.68576,0.0,0.0,0.2582,0.0,0.0,0.0,0.1826,0.0,0.0,0.0,0.0,0.2582,0.0,0.0,0.0,0.1826,0.0,0.0,0.1826,5.0,locate,0,0,2.7956
1786549751.3167,2026-08-12 17:49:11.316,17,0,0,-0.04652,-0.5114,0.0497,-2.2608,9.8062,-29.9103,-0.0708,0.0632,-0.6851,4.68299,0.0,0.0,0.3162,0.0,0.0,0.0,0.1826,0.0,0.0,0.0,0.0,0.3162,0.0,0.0,0.0,0.2582,0.0,0.0,0.0,5.0,locate,0,0,2.8202
1786549751.3668,2026-08-12 17:49:11.366,17,0,0,-0.04654,-0.51141,0.0497,-2.5234,9.7069,-29.8862,-0.0651,0.0531,-0.6931,4.69634,0.0,0.0,0.3162,0.0,0.0,0.0,0.1826,0.0,0.0,0.0,0.0,0.3162,0.0,0.0,0.0,0.2582,0.0,0.0,0.0,5.0,locate,0,0,2.7015
1786549751.417,2026-08-12 17:49:11.416,17,0,0,-0.04654,-0.5114,0.0497,-1.949,9.2244,-29.868,-0.0542,0.0701,-0.6828,4.68199,0.0,0.0,0.2582,0.0,0.0,0.0,0.0,0.0,0.0,0.2582,0.0,0.3162,0.0,0.1826,0.1826,0.3162,0.0,0.0,0.3162,5.0,locate,0,0,2.8292
1786549751.4671,2026-08-12 17:49:11.467,17,0,0,-0.04652,-0.5114,0.04969,-2.3547,9.4041,-29.8344,-0.0612,0.061,-0.6906,4.68551,0.0,0.0,0.2582,0.0,0.0,0.0,0.0,0.0,0.0,0.2582,0.0,0.3162,0.0,0.1826,0.1826,0.3162,0.0,0.0,0.3162,5.0,locate,0,0,2.7978
1786549751.5172,2026-08-12 17:49:11.517,17,0,0,-0.04653,-0.5114,0.0497,-2.2996,9.2466,-29.7855,-0.0525,0.06,-0.6855,4.69609,0.0,0.0,0.1826,0.0,0.0,0.0,0.1826,0.0,0.0,0.0,0.0,0.2582,0.0,0.0,0.0,0.1826,0.0,0.0,0.2582,5.0,locate,0,0,2.7037
1786549751.5673,2026-08-12 17:49:11.567,17,0,0,-0.04654,-0.51139,0.0497,-2.2911,9.4386,-29.9451,-0.064,0.0616,-0.6837,4.68551,0.0,0.0,0.1826,0.0,0.0,0.0,0.0,0.0,0.0,0.1826,0.1826,0.3162,0.0,0.0,0.1826,0.2582,0.0,0.0,0.3162,5.0,locate,0,0,2.7978
1786549751.6174,2026-08-12 17:49:11.617,17,0,0,-0.04652,-0.5114,0.0497,-2.3727,9.4694,-29.7095,-0.0604,0.0583,-0.68,4.68979,0.0,0.0,0.1826,0.0,0.0,0.0,0.0,0.0,0.0,0.1826,0.1826,0.3162,0.0,0.0,0.1826,0.2582,0.0,0.0,0.3162,5.0,locate,0,0,2.7597
1786549751.6675,2026-08-12 17:49:11.667,17,0,0,-0.04652,-0.5114,0.0497,-2.2893,9.3553,-29.9277,-0.0577,0.0607,-0.6806,4.69306,0.0,0.0,0.2582,0.0,0.0,0.0,0.1826,0.0,0.0,0.0,0.0,0.2582,0.0,0.0,0.0,0.2582,0.0,0.0,0.0,5.0,locate,0,0,2.7306
1786549751.7178,2026-08-12 17:49:11.717,17,0,0,-0.04653,-0.51141,0.04971,-2.2604,9.6341,-29.9584,-0.0642,0.0614,-0.6735,4.68199,0.0,0.0,0.2582,0.0,0.0,0.0,0.1826,0.0,0.0,0.0,0.0,0.2582,0.0,0.0,0.0,0.2582,0.0,0.0,0.0,5.0,locate,0,0,2.8292
1786549751.768,2026-08-12 17:49:11.768,17,0,0,-0.04652,-0.5114,0.04971,-2.1018,9.3472,-30.0309,-0.0589,0.066,-0.6793,4.6908,0.0,0.0,0.3651,0.0,0.0,0.0,0.1826,0.0,0.0,0.1826,0.0,0.2582,0.0,0.0,0.0,0.2582,0.0,0.0,0.3162,5.0,locate,0,0,2.7508
1786549751.8181,2026-08-12 17:49:11.818,17,0,0,-0.04654,-0.51141,0.0497,-2.159,9.3207,-29.9785,-0.0571,0.0635,-0.6741,4.68526,0.0,0.0,0.2582,0.0,0.0,0.0,0.2582,0.0,0.0,0.0,0.0,0.2582,0.0,0.1826,0.0,0.2582,0.0,0.1826,0.1826,5.0,locate,0,0,2.8001
1786549751.8683,2026-08-12 17:49:11.868,17,0,0,-0.04652,-0.51139,0.04969,-2.5748,9.7424,-29.9484,-0.0662,0.0506,-0.6791,4.69004,0.0,0.0,0.2582,0.0,0.0,0.0,0.2582,0.0,0.0,0.0,0.0,0.2582,0.0,0.1826,0.0,0.2582,0.0,0.1826,0.1826,5.0,locate,0,0,2.7575
1786549751.9185,2026-08-12 17:49:11.918,17,0,0,-0.04654,-0.5114,0.0497,-2.4,9.5701,-29.7511,-0.0633,0.0591,-0.6694,4.69155,0.0,0.0,0.2582,0.0,0.0,0.0,0.2582,0.0,0.0,0.1826,0.0,0.3162,0.0,0.0,0.0,0.3651,0.0,0.0,0.0,5.0,locate,0,0,2.7441
1786549751.9686,2026-08-12 17:49:11.968,17,0,0,-0.04655,-0.5114,0.04971,-2.0931,9.3844,-29.8914,-0.0568,0.0645,-0.6705,4.68551,0.0,0.0,0.2582,0.0,0.0,0.0,0.2582,0.0,0.0,0.1826,0.0,0.3162,0.0,0.0,0.0,0.3651,0.0,0.0,0.0,5.0,locate,0,0,2.7978
1786549752.0186,2026-08-12 17:49:12.018,17,0,0,-0.04653,-0.5114,0.0497,-2.4879,9.5669,-29.7725,-0.0635,0.0567,-0.671,4.69256,0.0,0.0,0.1826,0.0,0.0,0.0,0.1826,0.0,0.0,0.1826,0.0,0.2582,0.0,0.0,0.0,0.3162,0.0,0.0,0.1826,5.0,locate,0,0,2.7351
1786549752.0688,2026-08-12 17:49:12.068,17,0,0,-0.04654,-0.51141,0.04972,-2.136,9.9306,-29.6057,-0.071,0.0643,-0.6689,4.69458,0.0,0.0,0.1826,0.0,0.0,0.0,0.1826,0.0,0.0,0.1826,0.0,0.2582,0.0,0.0,0.0,0.3162,0.0,0.0,0.1826,5.0,locate,0,0,2.7172
1786549752.1189,2026-08-12 17:49:12.118,17,0,0,-0.04653,-0.51142,0.04973,-1.9698,9.3951,-30.0516,-0.0592,0.0733,-0.6614,4.68576,0.0,0.0,0.2582,0.0,0.0,0.1826,0.1826,0.0,0.0,0.0,0.1826,0.3162,0.0,0.0,0.0,0.1826,0.0,0.0,0.2582,5.0,locate,0,0,2.7956
1786549752.1691,2026-08-12 17:49:12.169,17,0,0,-0.04654,-0.51142,0.04972,-2.2544,9.4416,-29.9059,-0.0575,0.0634,-0.6681,4.69332,0.0,0.0,0.1826,0.0,0.0,0.0,0.0,0.0,0.0,0.0,0.0,0.2582,0.0,0.0,0.0,0.2582,0.0,0.0,0.1826,5.0,locate,0,0,2.7284
1786549752.2192,2026-08-12 17:49:12.219,17,0,0,-0.04652,-0.5114,0.04971,-2.0282,9.564,-29.8974,-0.0673,0.0687,-0.6655,4.68123,0.0,0.0,0.1826,0.0,0.0,0.0,0.0,0.0,0.0,0.0,0.0,0.2582,0.0,0.0,0.0,0.2582,0.0,0.0,0.1826,5.0,locate,0,0,2.8359
1786549752.2693,2026-08-12 17:49:12.269,17,0,0,-0.04654,-0.51141,0.04971,-2.4282,9.6737,-29.8832,-0.0662,0.0595,-0.6646,4.69533,0.0,0.0,0.3651,0.0,0.0,0.0,0.3162,0.0,0.0,0.1826,0.1826,0.4082,0.0,0.0,0.0,0.2582,0.0,0.0,0.2582,5.0,locate,0,0,2.7105
1786549752.3194,2026-08-12 17:49:12.319,17,0,0,-0.04654,-0.5114,0.04971,-2.3612,9.4821,-29.9793,-0.0628,0.0643,-0.6729,4.68476,0.0,0.0,0.3651,0.0,0.0,0.0,0.3162,0.0,0.0,0.1826,0.1826,0.4082,0.0,0.0,0.0,0.2582,0.0,0.0,0.2582,5.0,locate,0,0,2.8045
1786549752.3696,2026-08-12 17:49:12.369,17,1,0,-0.04652,-0.51141,0.0497,-2.4787,9.5095,-29.8533,-0.0591,0.0575,-0.6699,4.69181,0.0,0.0,0.2582,0.0,0.0,0.0,0.1826,0.0,0.0,0.2582,0.0,0.3162,0.1826,0.0,0.2582,0.0,0.0,0.0,0.3651,5.0,press,0,0,2.7418
1786549752.4197,2026-08-12 17:49:12.419,17,1,0,-0.04653,-0.51141,0.04971,-2.2501,9.5862,-29.8125,-0.0613,0.0628,-0.6665,4.68828,0.0,0.0,0.1826,0.0,0.0,0.0,0.0,0.0,0.0,0.0,0.0,0.2582,0.0,0.0,0.0,0.0,0.0,0.0,0.2582,5.0,press,0,0,2.7732
1786549752.4697,2026-08-12 17:49:12.469,17,1,0,-0.04654,-0.51141,0.0497,-2.5434,9.2992,-29.7922,-0.0556,0.0595,-0.6641,4.69306,0.0,0.0,0.1826,0.0,0.0,0.0,0.0,0.0,0.0,0.0,0.0,0.2582,0.0,0.0,0.0,0.0,0.0,0.0,0.2582,5.0,press,0,0,2.7306
1786549752.5199,2026-08-12 17:49:12.519,17,1,0,-0.04653,-0.51141,0.04966,-2.4292,9.5271,-30.0418,-0.0598,0.0574,-0.661,4.68476,0.0,0.0,0.2582,0.0,0.0,0.0,0.1826,0.0,0.0,0.0,0.0,0.3651,0.0,0.0,0.0,0.1826,0.0,0.0,0.1826,5.0,press,0,0,2.8045
1786549752.5703,2026-08-12 17:49:12.570,17,1,0,-0.04653,-0.51143,0.04958,-2.3963,9.798,-29.7925,-0.0675,0.0566,-0.6569,4.68022,0.0,0.0,0.2582,0.0,0.0,0.0,0.1826,0.0,0.0,0.0,0.0,0.3651,0.0,0.0,0.0,0.1826,0.0,0.0,0.1826,5.0,press,0,0,2.8449
1786549752.6204,2026-08-12 17:49:12.620,17,1,0,-0.04654,-0.51141,0.04947,-2.2364,9.3966,-29.9919,-0.0592,0.0642,-0.6591,4.68325,0.0,0.0,0.3162,0.0,0.0,0.0,0.1826,0.0,0.0,0.0,0.0,0.3162,0.0,0.0,0.1826,0.0,0.0,0.0,0.2582,5.0,press,0,0,2.818
1786549752.6708,2026-08-12 17:49:12.670,17,1,0,-0.04656,-0.51143,0.04938,-2.2435,9.7205,-29.7863,-0.0669,0.0643,-0.6627,4.68174,0.0,0.0,0.3162,0.0,0.0,0.0,0.3162,0.0,0.0,0.0,0.0,0.3651,0.0,0.0,0.0,0.0,0.0,0.0,0.1826,5.0,press,0,0,2.8314
1786549752.7209,2026-08-12 17:49:12.720,17,1,0,-0.04654,-0.51142,0.04923,-1.7802,9.2234,-30.0155,-0.0546,0.0759,-0.6563,4.68199,0.0,0.0,0.3162,0.0,0.0,0.0,0.3162,0.0,0.0,0.0,0.0,0.3651,0.0,0.0,0.0,0.0,0.0,0.0,0.1826,5.0,press,0,0,2.8292
1786549752.7711,2026-08-12 17:49:12.771,17,1,0,-0.04655,-0.51142,0.04909,-2.4139,9.6085,-29.9131,-0.0622,0.0593,-0.6635,4.68576,0.0,0.0,0.3162,0.0,0.0,0.0,0.3162,0.0,0.0,0.0,0.1826,0.3651,0.0,0.1826,0.1826,0.2582,0.0,0.0,0.1826,5.0,press,0,0,2.7956
1786549752.8212,2026-08-12 17:49:12.821,17,1,0,-0.04655,-0.51142,0.04895,-1.6496,8.9904,-30.168,-0.051,0.0763,-0.6527,4.68476,0.0,0.0,0.3162,0.0,0.0,0.0,0.3162,0.0,0.0,0.0,0.1826,0.3651,0.0,0.1826,0.1826,0.2582,0.0,0.0,0.1826,5.0,press,0,0,2.8045
1786549752.8714,2026-08-12 17:49:12.871,17,1,0,-0.04652,-0.51144,0.04881,-2.0622,9.2824,-30.0181,-0.0561,0.0674,-0.6541,4.68954,0.0,0.0,0.3162,0.0,0.0,0.0,0.3162,0.0,0.0,0.0,0.0,0.3651,0.1826,0.0,0.0,0.1826,0.0,0.0,0.0,5.0,press,0,0,2.762
1786549752.9214,2026-08-12 17:49:12.921,17,1,0,-0.04655,-0.51143,0.04864,-2.1495,9.4757,-30.0219,-0.0602,0.0659,-0.6496,4.68299,0.0,0.0,0.3162,0.0,0.0,0.0,0.3162,0.0,0.0,0.0,0.0,0.3651,0.1826,0.0,0.0,0.1826,0.0,0.0,0.0,5.0,press,0,0,2.8202
1786549752.9715,2026-08-12 17:49:12.971,17,1,0,-0.04653,-0.51143,0.04847,-1.9275,9.6799,-30.1853,-0.062,0.0716,-0.6539,4.68476,0.0,0.0,0.1826,0.0,0.0,0.0,0.2582,0.0,0.0,0.0,0.0,0.3162,0.0,0.0,0.0,0.2582,0.0,0.0,0.0,5.0,press,0,0,2.8045
1786549753.0216,2026-08-12 17:49:13.021,17,1,0,-0.04654,-0.51143,0.04832,-1.9454,9.2555,-30.1011,-0.0576,0.0723,-0.6523,4.69281,0.0,0.0,0.2582,0.0,0.0,0.0,0.1826,0.0,0.0,0.0,0.2582,0.3162,0.0,0.1826,0.0,0.3162,0.0,0.1826,0.0,5.0,press,0,0,2.7329
1786549753.0717,2026-08-12 17:49:13.071,17,1,0,-0.04655,-0.51143,0.04816,-2.1601,9.8121,-30.084,-0.0679,0.0641,-0.6552,4.6903,0.0,0.0,0.2582,0.0,0.0,0.0,0.1826,0.0,0.0,0.0,0.2582,0.3162,0.0,0.1826,0.0,0.3162,0.0,0.1826,0.0,5.0,press,0,0,2.7553
1786549753.1219,2026-08-12 17:49:13.121,17,1,0,-0.04653,-0.51141,0.04799,-2.2094,9.579,-30.0839,-0.0648,0.0663,-0.6536,4.69256,0.0,0.0,0.2582,0.0,0.0,0.1826,0.1826,0.0,0.0,0.1826,0.2582,0.3162,0.0,0.0,0.1826,0.3162,0.0,0.0,0.2582,5.0,press,0,0,2.7351
1786549753.172,2026-08-12 17:49:13.171,17,1,0,-0.04656,-0.51142,0.04782,-1.9119,9.1663,-30.2726,-0.0509,0.0718,-0.6499,4.68602,0.0,0.0,0.2582,0.0,0.0,0.1826,0.1826,0.0,0.0,0.1826,0.2582,0.3162,0.0,0.0,0.1826,0.3162,0.0,0.0,0.2582,5.0,press,0,0,2.7933
1786549753.2221,2026-08-12 17:49:13.222,17,1,0,-0.04655,-0.51144,0.04765,-1.9661,9.0667,-29.8679,-0.0519,0.0707,-0.6491,4.6908,0.0,0.0,0.2582,0.0,0.0,0.1826,0.1826,0.0,0.0,0.1826,0.2582,0.3162,0.0,0.1826,0.1826,0.2582,0.0,0.0,0.0,5.0,press,0,0,2.7508
1786549753.2722,2026-08-12 17:49:13.272,17,1,0,-0.04655,-0.51143,0.04748,-2.0865,9.3251,-29.8803,-0.0544,0.0675,-0.6517,4.68375,0.0,0.0,0.4082,0.0,0.0,0.0,0.3651,0.0,0.0,0.0,0.2582,0.4082,0.0,0.0,0.0,0.3162,0.0,0.0,0.0,5.0,press,0,0,2.8135
1786549753.3223,2026-08-12 17:49:13.322,17,1,0,-0.04654,-0.51144,0.04733,-2.5709,9.614,-29.8793,-0.0625,0.0554,-0.6534,4.68602,0.0,0.0,0.4082,0.0,0.0,0.0,0.3651,0.0,0.0,0.0,0.2582,0.4082,0.0,0.0,0.0,0.3162,0.0,0.0,0.0,5.0,press,0,0,2.7933
1786549753.3723,2026-08-12 17:49:13.372,17,1,0,-0.04655,-0.51141,0.04715,-2.2806,9.5915,-29.6634,-0.0665,0.063,-0.6558,4.68098,0.0,0.0,0.3651,0.0,0.0,0.1826,0.3162,0.1826,0.0,0.1826,0.1826,0.4082,0.2582,0.0,0.2582,0.3651,0.0,0.0,0.3162,5.0,press,0,0,2.8381
1786549753.4224,2026-08-12 17:49:13.422,17,1,0,-0.04654,-0.51141,0.04695,-2.3241,9.7173,-29.775,-0.0673,0.0618,-0.6492,4.68425,0.0,0.0,0.3651,0.0,0.0,0.1826,0.3162,0.1826,0.0,0.1826,0.1826,0.4082,0.2582,0.0,0.2582,0.3651,0.0,0.0,0.3162,5.0,press,0,0,2.809
1786549753.4725,2026-08-12 17:49:13.472,17,1,0,-0.04655,-0.51142,0.04679,-1.9925,9.4579,-29.9667,-0.0613,0.0695,-0.6521,4.68979,0.0,0.0,0.3651,0.0,0.0,0.0,0.2582,0.1826,0.0,0.0,0.1826,0.3651,0.1826,0.0,0.0,0.2582,0.0,0.0,0.1826,5.0,press,0,0,2.7597
1786549753.5226,2026-08-12 17:49:13.522,17,1,0,-0.04653,-0.51141,0.04662,-2.2131,9.329,-29.9947,-0.0561,0.0653,-0.6526,4.68652,0.0,0.0,0.3651,0.0,0.0,0.0,0.2582,0.1826,0.0,0.0,0.1826,0.3651,0.1826,0.0,0.0,0.2582,0.0,0.0,0.1826,5.0,press,0,0,2.7889
1786549753.5727,2026-08-12 17:49:13.572,17,1,0,-0.04652,-0.51141,0.04646,-1.8432,9.3271,-29.9816,-0.0551,0.0734,-0.6433,4.684,0.0,0.0,0.3162,0.0,0.0,0.0,0.3651,0.1826,0.0,0.2582,0.1826,0.4472,0.1826,0.0,0.1826,0.3162,0.0,0.0,0.2582,5.0,press,0,0,2.8113
1786549753.6228,2026-08-12 17:49:13.622,17,1,0,-0.04653,-0.51142,0.04631,-2.0211,9.2299,-29.9003,-0.0555,0.0648,-0.6413,4.68979,0.0,0.0,0.3162,0.0,0.0,0.1826,0.3162,0.0,0.0,0.3162,0.2582,0.4472,0.0,0.0,0.2582,0.3162,0.1826,0.0,0.3162,5.0,press,0,0,2.7597
1786549753.6729,2026-08-12 17:49:13.672,17,1,0,-0.04653,-0.51142,0.04613,-2.4357,9.7953,-29.9854,-0.0666,0.0562,-0.6502,4.69231,0.0,0.0,0.3162,0.0,0.0,0.1826,0.3162,0.0,0.0,0.3162,0.2582,0.4472,0.0,0.0,0.2582,0.3162,0.1826,0.0,0.3162,5.0,press,0,0,2.7373
1786549753.7231,2026-08-12 17:49:13.723,17,1,0,-0.04653,-0.51142,0.04599,-1.7954,9.5078,-30.0469,-0.0621,0.0768,-0.6441,4.68677,0.0,0.0,0.3162,0.0,0.0,0.1826,0.2582,0.0,0.0,0.0,0.1826,0.4082,0.0,0.0,0.0,0.3651,0.0,0.0,0.3162,5.0,press,0,0,2.7866
1786549753.7733,2026-08-12 17:49:13.773,17,1,0,-0.04654,-0.51142,0.04581,-2.4238,9.325,-29.9139,-0.0562,0.0571,-0.6488,4.68073,0.0,0.0,0.3162,0.0,0.0,0.1826,0.2582,0.0,0.0,0.0,0.1826,0.4082,0.0,0.0,0.0,0.3651,0.0,0.0,0.3162,5.0,press,0,0,2.8404
1786549753.8233,2026-08-12 17:49:13.823,17,1,0,-0.04653,-0.51142,0.04565,-2.2728,9.5444,-29.8148,-0.0599,0.0628,-0.6486,4.68652,0.0,0.0,0.3162,0.0,0.0,0.1826,0.3162,0.0,0.0,0.0,0.2582,0.4472,0.0,0.0,0.0,0.3651,0.0,0.0,0.0,5.0,press,0,0,2.7889
1786549753.8735,2026-08-12 17:49:13.873,17,1,0,-0.04653,-0.51143,0.04548,-2.2836,9.2925,-29.7766,-0.0555,0.0621,-0.6425,4.68979,0.0,0.0,0.2582,0.0,0.0,0.1826,0.3162,0.0,0.0,0.2582,0.3162,0.3651,0.0,0.0,0.1826,0.3651,0.0,0.0,0.3162,5.0,press,0,0,2.7597
1786549753.9236,2026-08-12 17:49:13.923,17,1,0,-0.04654,-0.51141,0.04533,-2.1264,9.4399,-29.9244,-0.0585,0.0636,-0.6495,4.69155,0.0,0.0,0.2582,0.0,0.0,0.1826,0.3162,0.0,0.0,0.2582,0.3162,0.3651,0.0,0.0,0.1826,0.3651,0.0,0.0,0.3162,5.0,press,0,0,2.7441
1786549753.9738,2026-08-12 17:49:13.973,17,1,0,-0.04654,-0.51141,0.04518,-2.1547,9.4722,-29.9188,-0.0607,0.0658,-0.6512,4.68879,0.0,0.0,0.1826,0.0,0.0,0.1826,0.3162,0.0,0.0,0.1826,0.1826,0.4472,0.0,0.0,0.1826,0.3162,0.0,0.0,0.3162,5.0,press,0,0,2.7687
1786549754.0239,2026-08-12 17:49:14.023,17,1,0,-0.04655,-0.51142,0.04508,-2.034,8.9678,-29.6539,-0.0512,0.0671,-0.6382,4.69004,0.0,0.0,0.1826,0.0,0.0,0.1826,0.3162,0.0,0.0,0.1826,0.1826,0.4472,0.0,0.0,0.1826,0.3162,0.0,0.0,0.3162,5.0,press,0,0,2.7575
1786549754.074,2026-08-12 17:49:14.074,17,1,0,-0.04653,-0.51143,0.045,-2.7097,9.5994,-29.7456,-0.0608,0.0503,-0.647,4.6908,0.0,0.0,0.3651,0.0,0.0,0.3162,0.4082,0.0,0.0,0.1826,0.4472,0.5164,0.0,0.0,0.1826,0.4472,0.0,0.2582,0.3162,5.0,press,0,0,2.7508
1786549754.1241,2026-08-12 17:49:14.124,17,1,0,-0.04655,-0.51143,0.04493,-2.1493,9.6785,-29.8802,-0.0666,0.0661,-0.6442,4.68627,0.0,0.1826,0.2582,0.0,0.0,0.1826,0.3162,0.0,0.0,0.0,0.1826,0.4472,0.0,0.0,0.0,0.4082,0.0,0.0,0.1826,5.0,press,0,0,2.7911
1786549754.1743,2026-08-12 17:49:14.174,17,1,0,-0.04654,-0.51143,0.04486,-2.1526,9.1439,-29.8113,-0.0527,0.0647,-0.6456,4.69382,0.0,0.1826,0.2582,0.0,0.0,0.1826,0.3162,0.0,0.0,0.0,0.1826,0.4472,0.0,0.0,0.0,0.4082,0.0,0.0,0.1826,5.0,press,0,0,2.7239
1786549754.2245,2026-08-12 17:49:14.224,17,1,0,-0.04655,-0.51142,0.0448,-2.1783,9.4931,-29.9753,-0.0598,0.066,-0.6467,4.68174,0.0,0.0,0.2582,0.0,0.0,0.1826,0.3162,0.0,0.0,0.0,0.3651,0.483,0.0,0.0,0.0,0.483,0.0,0.0,0.2582,5.0,press,0,0,2.8314
1786549754.2746,2026-08-12 17:49:14.274,17,1,0,-0.04653,-0.51142,0.04475,-2.3557,9.3803,-29.8426,-0.062,0.0636,-0.6439,4.68979,0.0,0.0,0.2582,0.0,0.0,0.1826,0.3162,0.0,0.0,0.0,0.3651,0.483,0.0,0.0,0.0,0.483,0.0,0.0,0.2582,5.0,press,0,0,2.7597
1786549754.3247,2026-08-12 17:49:14.324,17,1,0,-0.04655,-0.51141,0.04473,-2.3671,9.5964,-29.8585,-0.0596,0.063,-0.641,4.68576,0.0,0.0,0.3651,0.0,0.0,0.1826,0.4082,0.0,0.0,0.2582,0.2582,0.5164,0.0,0.1826,0.2582,0.4082,0.0,0.0,0.2582,5.0,press,0,0,2.7956
1786549754.3747,2026-08-12 17:49:14.374,17,1,0,-0.04654,-0.51142,0.04471,-2.2846,9.3029,-29.7717,-0.0556,0.0633,-0.6487,4.68652,0.0,0.0,0.3651,0.0,0.0,0.1826,0.4082,0.0,0.0,0.2582,0.2582,0.5164,0.0,0.1826,0.2582,0.4082,0.0,0.0,0.2582,5.0,hold,0,0,2.7889
1786549754.4248,2026-08-12 17:49:14.424,17,1,0,-0.04654,-0.51142,0.04471,-2.3338,9.8148,-29.9304,-0.0672,0.06,-0.6484,4.68098,0.0,0.0,0.3162,0.0,0.0,0.3162,0.3651,0.0,0.0,0.0,0.3162,0.483,0.0,0.0,0.0,0.4082,0.0,0.1826,0.3162,5.0,hold,0,0,2.8381
1786549754.4749,2026-08-12 17:49:14.474,17,1,0,-0.04653,-0.51141,0.04471,-2.4356,9.5789,-29.819,-0.0645,0.0549,-0.6446,4.69105,0.0,0.0,0.3162,0.0,0.0,0.2582,0.3162,0.0,0.0,0.0,0.3162,0.5164,0.0,0.0,0.0,0.4082,0.0,0.2582,0.1826,5.0,hold,0,0,2.7485
1786549754.5251,2026-08-12 17:49:14.525,17,1,0,-0.04654,-0.5114,0.0447,-2.3956,9.8098,-29.9807,-0.0669,0.0587,-0.6475,4.6835,0.0,0.0,0.3162,0.0,0.0,0.2582,0.3162,0.0,0.0,0.0,0.3162,0.5164,0.0,0.0,0.0,0.4082,0.0,0.2582,0.1826,5.0,hold,0,0,2.8157
1786549754.5752,2026-08-12 17:49:14.575,17,1,0,-0.04654,-0.51142,0.04471,-2.0109,9.0029,-30.028,-0.0465,0.0674,-0.638,4.69231,0.0,0.0,0.3651,0.0,0.0,0.1826,0.3651,0.0,0.0,0.2582,0.2582,0.5164,0.0,0.1826,0.1826,0.4082,0.0,0.0,0.3162,5.0,hold,0,0,2.7373
1786549754.6255,2026-08-12 17:49:14.625,17,1,0,-0.04652,-0.51141,0.04471,-1.9155,9.1783,-29.9583,-0.0542,0.072,-0.6389,4.68476,0.0,0.0,0.3651,0.0,0.0,0.1826,0.3651,0.0,0.0,0.2582,0.2582,0.5164,0.0,0.1826,0.1826,0.4082,0.0,0.0,0.3162,5.0,hold,0,0,2.8045
1786549754.6756,2026-08-12 17:49:14.675,17,1,0,-0.04654,-0.51141,0.0447,-2.0169,9.4281,-29.9247,-0.0589,0.0654,-0.6374,4.69432,0.0,0.0,0.3162,0.0,0.0,0.2582,0.4082,0.1826,0.0,0.3162,0.3162,0.5164,0.0,0.1826,0.1826,0.4472,0.0,0.1826,0.3651,5.0,hold,0,0,2.7194
1786549754.7257,2026-08-12 17:49:14.725,17,1,0,-0.04654,-0.51142,0.04471,-2.3099,9.8959,-29.8896,-0.068,0.0615,-0.6428,4.684,0.0,0.1826,0.3651,0.1826,0.0,0.2582,0.4082,0.0,0.0,0.2582,0.3162,0.5164,0.0,0.1826,0.3162,0.4472,0.0,0.1826,0.2582,5.0,hold,0,0,2.8113
1786549754.7757,2026-08-12 17:49:14.775,17,1,0,-0.04653,-0.51141,0.04471,-1.8736,9.3944,-29.9263,-0.0574,0.07,-0.6447,4.69281,0.0,0.1826,0.3651,0.1826,0.0,0.2582,0.4082,0.0,0.0,0.2582,0.3162,0.5164,0.0,0.1826,0.3162,0.4472,0.0,0.1826,0.2582,5.0,hold,0,0,2.7329
1786549754.8258,2026-08-12 17:49:14.825,17,1,0,-0.04654,-0.5114,0.04471,-2.2089,9.4359,-29.8861,-0.0571,0.0638,-0.6409,4.68224,0.0,0.1826,0.3651,0.0,0.0,0.1826,0.3651,0.0,0.0,0.1826,0.2582,0.5164,0.0,0.0,0.1826,0.3651,0.0,0.0,0.2582,5.0,hold,0,0,2.8269
1786549754.876,2026-08-12 17:49:14.876,17,1,0,-0.04656,-0.51141,0.04472,-2.2242,9.7236,-29.7105,-0.0661,0.0627,-0.6388,4.69281,0.0,0.1826,0.3651,0.0,0.0,0.1826,0.3651,0.0,0.0,0.1826,0.2582,0.5164,0.0,0.0,0.1826,0.3651,0.0,0.0,0.2582,5.0,hold,0,0,2.7329
1786549754.9262,2026-08-12 17:49:14.926,17,1,0,-0.04651,-0.5114,0.0447,-2.3707,9.8566,-29.815,-0.0673,0.0587,-0.6359,4.68199,0.0,0.0,0.2582,0.0,0.0,0.1826,0.3162,0.1826,0.0,0.2582,0.2582,0.483,0.1826,0.0,0.0,0.4082,0.0,0.0,0.2582,5.0,hold,0,0,2.8292
1786549754.9764,2026-08-12 17:49:14.976,17,1,0,-0.04653,-0.51142,0.04472,-2.1584,9.5227,-29.7854,-0.0607,0.062,-0.6407,4.69634,0.0,0.0,0.2582,0.0,0.0,0.1826,0.3162,0.0,0.0,0.1826,0.3651,0.5164,0.0,0.0,0.1826,0.483,0.0,0.0,0.2582,5.0,hold,0,0,2.7015
1786549755.0264,2026-08-12 17:49:15.026,17,1,0,-0.04653,-0.51141,0.04472,-2.3383,9.7535,-30.1078,-0.0684,0.06,-0.6412,4.68199,0.0,0.0,0.2582,0.0,0.0,0.1826,0.3162,0.0,0.0,0.1826,0.3651,0.5164,0.0,0.0,0.1826,0.483,0.0,0.0,0.2582,5.0,hold,0,0,2.8292
1786549755.0765,2026-08-12 17:49:15.076,17,1,0,-0.04653,-0.5114,0.04469,-1.9937,9.1779,-29.955,-0.0526,0.0708,-0.6359,4.69357,0.0,0.1826,0.4472,0.0,0.0,0.1826,0.483,0.0,0.0,0.3162,0.3162,0.5774,0.0,0.0,0.3651,0.4472,0.1826,0.0,0.4082,5.0,hold,0,0,2.7261
1786549755.1268,2026-08-12 17:49:15.126,17,1,0,-0.04653,-0.51141,0.04471,-2.2618,9.8548,-29.8674,-0.0711,0.0614,-0.6414,4.69407,0.0,0.1826,0.4472,0.0,0.0,0.1826,0.483,0.0,0.0,0.3162,0.3162,0.5774,0.0,0.0,0.3651,0.4472,0.1826,0.0,0.4082,5.0,hold,0,0,2.7217
1786549755.1769,2026-08-12 17:49:15.176,17,1,0,-0.04654,-0.51142,0.04472,-2.3281,9.4181,-29.9949,-0.0593,0.0604,-0.6425,4.68476,0.0,0.0,0.3651,0.0,0.0,0.1826,0.4472,0.1826,0.0,0.2582,0.3162,0.5774,0.2582,0.0,0.0,0.3651,0.0,0.0,0.3162,5.0,hold,0,0,2.8045
1786549755.2271,2026-08-12 17:49:15.227,17,1,0,-0.04653,-0.51142,0.04472,-2.502,9.8943,-29.7533,-0.07,0.0567,-0.636,4.69332,0.0,0.0,0.3651,0.0,0.0,0.1826,0.4472,0.1826,0.0,0.2582,0.3162,0.5774,0.2582,0.0,0.0,0.3651,0.0,0.0,0.3162,5.0,hold,0,0,2.7284
1786549755.2772,2026-08-12 17:49:15.277,17,1,0,-0.04652,-0.5114,0.0447,-2.0593,9.2812,-29.9808,-0.0556,0.0685,-0.6384,4.68375,0.0,0.0,0.3651,0.0,0.0,0.0,0.3651,0.0,0.0,0.0,0.2582,0.5164,0.0,0.0,0.1826,0.4472,0.0,0.0,0.3162,5.0,hold,0,0,2.8135
1786549755.3273,2026-08-12 17:49:15.327,17,1,0,-0.04651,-0.51141,0.04471,-2.1208,9.3287,-30.0096,-0.0571,0.0662,-0.6351,4.67972,0.0,0.0,0.3651,0.0,0.0,0.1826,0.4082,0.0,0.0,0.0,0.3162,0.5477,0.0,0.1826,0.0,0.4082,0.0,0.1826,0.2582,5.0,hold,0,0,2.8493
1786549755.3774,2026-08-12 17:49:15.377,17,1,0,-0.04654,-0.51141,0.04471,-2.1283,9.3473,-30.1825,-0.0585,0.067,-0.6412,4.69231,0.0,0.0,0.3651,0.0,0.0,0.1826,0.4082,0.0,0.0,0.0,0.3162,0.5477,0.0,0.1826,0.0,0.4082,0.0,0.1826,0.2582,5.0,hold,0,0,2.7373
1786549755.4276,2026-08-12 17:49:15.427,17,1,0,-0.04652,-0.51141,0.04471,-1.5851,9.1634,-30.2957,-0.0521,0.0794,-0.6286,4.68199,0.0,0.0,0.3651,0.0,0.0,0.1826,0.4082,0.0,0.0,0.1826,0.1826,0.5164,0.0,0.0,0.2582,0.4082,0.0,0.0,0.3162,5.0,hold,0,0,2.8292
1786549755.4777,2026-08-12 17:49:15.477,17,1,0,-0.04655,-0.51143,0.04473,-2.171,9.4164,-29.9902,-0.0637,0.0632,-0.632,4.68677,0.0,0.0,0.3651,0.0,0.0,0.1826,0.4082,0.0,0.0,0.1826,0.1826,0.5164,0.0,0.0,0.2582,0.4082,0.0,0.0,0.3162,5.0,hold,0,0,2.7866
1786549755.5278,2026-08-12 17:49:15.527,17,1,0,-0.04655,-0.51143,0.04472,-2.164,9.6189,-29.9153,-0.064,0.0662,-0.6327,4.68602,0.0,0.0,0.4082,0.0,0.0,0.2582,0.4472,0.0,0.0,0.1826,0.2582,0.5477,0.0,0.0,0.2582,0.4082,0.0,0.2582,0.3162,5.0,hold,0,0,2.7933
1786549755.5779,2026-08-12 17:49:15.577,17,1,0,-0.04654,-0.51142,0.04471,-1.9725,9.3954,-30.0795,-0.0596,0.0695,-0.6369,4.68929,0.0,0.0,0.3651,0.0,0.0,0.2582,0.4082,0.1826,0.0,0.0,0.3162,0.5164,0.0,0.0,0.1826,0.4472,0.0,0.1826,0.3162,5.0,hold,0,0,2.7642
1786549755.628,2026-08-12 17:49:15.628,17,1,0,-0.04654,-0.51142,0.04472,-1.8332,9.1323,-30.0548,-0.0519,0.072,-0.635,4.69281,0.0,0.0,0.3651,0.0,0.0,0.2582,0.4082,0.1826,0.0,0.0,0.3162,0.5164,0.0,0.0,0.1826,0.4472,0.0,0.1826,0.3162,5.0,hold,0,0,2.7329
1786549755.6781,2026-08-12 17:49:15.678,17,1,0,-0.04655,-0.51142,0.04471,-2.1282,9.1629,-29.7782,-0.049,0.0672,-0.6351,4.69055,0.0,0.0,0.3162,0.0,0.0,0.3162,0.4082,0.0,0.0,0.1826,0.4082,0.5477,0.1826,0.0,0.1826,0.4472,0.0,0.1826,0.2582,5.0,hold,0,0,2.753
1786549755.7282,2026-08-12 17:49:15.728,17,1,0,-0.04655,-0.51143,0.04472,-2.1523,9.352,-29.9179,-0.0577,0.0669,-0.6428,4.68476,0.0,0.0,0.3162,0.0,0.0,0.3162,0.4082,0.0,0.0,0.1826,0.4082,0.5477,0.1826,0.0,0.1826,0.4472,0.0,0.1826,0.2582,5.0,hold,0,0,2.8045
1786549755.7784,2026-08-12 17:49:15.778,17,1,0,-0.04653,-0.51141,0.04471,-2.5433,9.6421,-29.8468,-0.0622,0.0529,-0.6399,4.6913,0.0,0.2582,0.3162,0.0,0.0,0.3162,0.3651,0.0,0.0,0.0,0.3651,0.5164,0.0,0.0,0.0,0.483,0.0,0.0,0.1826,5.0,hold,0,0,2.7463
1786549755.8285,2026-08-12 17:49:15.828,17,1,0,-0.04654,-0.51142,0.0447,-2.2836,9.7256,-29.9984,-0.0648,0.0597,-0.6325,4.68325,0.0,0.0,0.2582,0.0,0.0,0.3162,0.3651,0.0,0.0,0.0,0.3651,0.483,0.0,0.0,0.0,0.483,0.0,0.1826,0.1826,5.0,hold,0,0,2.818
1786549755.8786,2026-08-12 17:49:15.878,17,1,0,-0.04653,-0.51141,0.04471,-2.0776,9.8195,-30.0201,-0.0681,0.0711,-0.6332,4.69181,0.0,0.0,0.2582,0.0,0.0,0.3162,0.3651,0.0,0.0,0.0,0.3651,0.483,0.0,0.0,0.0,0.483,0.0,0.1826,0.1826,5.0,hold,0,0,2.7418
1786549755.9286,2026-08-12 17:49:15.928,17,1,0,-0.04653,-0.51141,0.0447,-2.0417,9.6423,-29.7701,-0.0641,0.0695,-0.6306,4.69181,0.0,0.2582,0.3651,0.0,0.0,0.2582,0.3651,0.0,0.0,0.0,0.4082,0.5164,0.0,0.0,0.0,0.483,0.0,0.0,0.2582,5.0,hold,0,0,2.7418
1786549755.9787,2026-08-12 17:49:15.978,17,1,0,-0.04653,-0.51142,0.04472,-2.2241,9.654,-30.0144,-0.0618,0.0633,-0.638,4.68677,0.0,0.2582,0.3651,0.0,0.0,0.2582,0.3651,0.0,0.0,0.0,0.4082,0.5164,0.0,0.0,0.0,0.483,0.0,0.0,0.2582,5.0,hold,0,0,2.7866
1786549756.0288,2026-08-12 17:49:16.028,17,1,0,-0.04654,-0.51142,0.04471,-2.3767,10.0152,-29.7287,-0.0751,0.0603,-0.631,4.69206,0.0,0.0,0.3162,0.0,0.0,0.3651,0.4082,0.0,0.0,0.0,0.3162,0.5164,0.0,0.1826,0.0,0.4472,0.0,0.1826,0.1826,5.0,hold,0,0,2.7396
1786549756.079,2026-08-12 17:49:16.078,17,1,0,-0.04654,-0.51141,0.04471,-2.3012,9.7184,-30.0854,-0.0628,0.0593,-0.6335,4.67871,0.0,0.0,0.3162,0.0,0.0,0.3651,0.4082,0.0,0.0,0.0,0.3162,0.5164,0.0,0.1826,0.0,0.4472,0.0,0.1826,0.1826,5.0,hold,0,0,2.8583
1786549756.1291,2026-08-12 17:49:16.129,17,1,0,-0.04654,-0.51141,0.04472,-2.1142,9.4679,-29.8576,-0.058,0.0668,-0.6309,4.69181,0.0,0.1826,0.2582,0.0,0.0,0.2582,0.3651,0.0,0.0,0.1826,0.3162,0.5164,0.0,0.0,0.1826,0.4472,0.0,0.0,0.1826,5.0,hold,0,0,2.7418
1786549756.1792,2026-08-12 17:49:16.179,17,1,0,-0.04653,-0.51142,0.04472,-2.1839,9.882,-29.9275,-0.0659,0.063,-0.6341,4.69558,0.0,0.0,0.4082,0.0,0.0,0.2582,0.4472,0.0,0.0,0.0,0.3651,0.5477,0.0,0.0,0.0,0.483,0.1826,0.0,0.3162,5.0,hold,0,0,2.7082
1786549756.2293,2026-08-12 17:49:16.229,17,1,0,-0.04654,-0.51139,0.04469,-2.2645,9.506,-30.029,-0.059,0.0652,-0.6315,4.68299,0.0,0.0,0.4082,0.0,0.0,0.2582,0.4472,0.0,0.0,0.0,0.3651,0.5477,0.0,0.0,0.0,0.483,0.1826,0.0,0.3162,5.0,hold,0,0,2.8202
1786549756.2794,2026-08-12 17:49:16.279,17,1,0,-0.04655,-0.51141,0.04471,-2.2152,9.4995,-29.9927,-0.0613,0.0673,-0.6399,4.69583,0.0,0.1826,0.3651,0.0,0.0,0.2582,0.483,0.1826,0.0,0.0,0.3651,0.5164,0.1826,0.0,0.0,0.4472,0.0,0.0,0.1826,5.0,hold,0,0,2.706
1786549756.3295,2026-08-12 17:49:16.329,17,1,0,-0.04653,-0.51141,0.04471,-2.1692,9.6387,-29.8463,-0.0662,0.065,-0.6275,4.68652,0.0,0.1826,0.3651,0.0,0.0,0.2582,0.483,0.1826,0.0,0.0,0.3651,0.5164,0.1826,0.0,0.0,0.4472,0.0,0.0,0.1826,5.0,hold,0,0,2.7889
1786549756.3797,2026-08-12 17:49:16.379,17,1,0,-0.04654,-0.51141,0.04471,-2.1135,9.6078,-30.1899,-0.0625,0.0644,-0.6284,4.6908,0.0,0.1826,0.3651,0.0,0.0,0.2582,0.4082,0.0,0.0,0.0,0.3162,0.5477,0.0,0.0,0.0,0.4472,0.0,0.0,0.0,5.0,hold,0,0,2.7508
1786549756.4298,2026-08-12 17:49:16.429,17,1,0,-0.04654,-0.51141,0.04471,-2.2707,9.3979,-30.0691,-0.06,0.0631,-0.6374,4.68602,0.0,0.0,0.3651,0.0,0.0,0.1826,0.4472,0.0,0.0,0.0,0.2582,0.5477,0.0,0.0,0.0,0.4472,0.0,0.0,0.2582,5.0,hold,0,0,2.7933
1786549756.4799,2026-08-12 17:49:16.479,17,1,0,-0.04653,-0.51141,0.0447,-2.3058,9.7626,-29.9271,-0.0681,0.061,-0.6269,4.69533,0.0,0.0,0.3651,0.0,0.0,0.1826,0.4472,0.0,0.0,0.0,0.2582,0.5477,0.0,0.0,0.0,0.4472,0.0,0.0,0.2582,5.0,hold,0,0,2.7105
1786549756.53,2026-08-12 17:49:16.530,17,1,0,-0.04653,-0.51142,0.04472,-2.1505,9.7498,-29.75,-0.0672,0.0661,-0.6272,4.6845,0.0,0.0,0.3162,0.0,0.0,0.2582,0.4472,0.0,0.0,0.0,0.3162,0.5477,0.0,0.1826,0.1826,0.4472,0.0,0.2582,0.2582,5.0,hold,0,0,2.8068
1786549756.5801,2026-08-12 17:49:16.580,17,1,0,-0.04654,-0.51141,0.04471,-2.2833,9.5355,-29.7448,-0.0627,0.0645,-0.6288,4.69206,0.0,0.0,0.3162,0.0,0.0,0.2582,0.4472,0.0,0.0,0.0,0.3162,0.5477,0.0,0.1826,0.1826,0.4472,0.0,0.2582,0.2582,5.0,hold,0,0,2.7396
1786549756.6303,2026-08-12 17:49:16.630,17,1,0,-0.04654,-0.51141,0.04471,-2.1689,9.6827,-29.8645,-0.0643,0.0668,-0.6327,4.68299,0.0,0.1826,0.4082,0.0,0.0,0.1826,0.483,0.0,0.0,0.1826,0.2582,0.5774,0.0,0.0,0.2582,0.4082,0.0,0.0,0.3162,5.0,hold,0,0,2.8202
1786549756.6804,2026-08-12 17:49:16.680,17,1,0,-0.04653,-0.51141,0.04471,-2.1008,9.6185,-30.078,-0.0653,0.0693,-0.6349,4.68879,0.0,0.0,0.4082,0.0,0.0,0.2582,0.4082,0.0,0.0,0.1826,0.3651,0.5164,0.1826,0.0,0.1826,0.4472,0.0,0.0,0.3651,5.0,hold,0,0,2.7687
1786549756.7306,2026-08-12 17:49:16.730,17,1,0,-0.04653,-0.51141,0.04471,-2.2471,9.4256,-29.9918,-0.0617,0.0641,-0.633,4.69181,0.0,0.0,0.4082,0.0,0.0,0.2582,0.4082,0.0,0.0,0.1826,0.3651,0.5164,0.1826,0.0,0.1826,0.4472,0.0,0.0,0.3651,5.0,hold,0,0,2.7418
1786549756.7806,2026-08-12 17:49:16.780,17,1,0,-0.04654,-0.5114,0.04471,-1.9048,9.269,-30.1316,-0.0603,0.0717,-0.6253,4.68828,0.0,0.0,0.4082,0.0,0.0,0.1826,0.483,0.0,0.0,0.0,0.2582,0.5477,0.0,0.0,0.1826,0.4082,0.0,0.1826,0.3162,5.0,hold,0,0,2.7732
1786549756.8308,2026-08-12 17:49:16.830,17,1,0,-0.04653,-0.51141,0.04472,-2.1505,9.673,-30.0155,-0.0667,0.0661,-0.6287,4.6913,0.0,0.0,0.4082,0.0,0.0,0.1826,0.483,0.0,0.0,0.0,0.2582,0.5477,0.0,0.0,0.1826,0.4082,0.0,0.1826,0.3162,5.0,hold,0,0,2.7463
1786549756.8809,2026-08-12 17:49:16.880,17,1,0,-0.04653,-0.51142,0.04473,-2.1473,9.2897,-29.9285,-0.0585,0.0684,-0.6343,4.68929,0.0,0.0,0.4082,0.0,0.0,0.0,0.4472,0.0,0.0,0.2582,0.2582,0.5477,0.1826,0.0,0.2582,0.4082,0.1826,0.1826,0.3162,5.0,hold,0,0,2.7642
1786549756.931,2026-08-12 17:49:16.931,17,1,0,-0.04655,-0.5114,0.04471,-2.1244,9.8212,-29.8581,-0.0673,0.0661,-0.6326,4.68501,0.0,0.0,0.4082,0.0,0.0,0.0,0.4472,0.0,0.0,0.2582,0.2582,0.5477,0.1826,0.0,0.2582,0.4082,0.1826,0.1826,0.3162,5.0,hold,0,0,2.8023
1786549756.9812,2026-08-12 17:49:16.981,17,1,0,-0.04655,-0.51141,0.04471,-2.2137,9.5256,-29.8444,-0.0615,0.0627,-0.6218,4.69004,0.0,0.0,0.4082,0.0,0.0,0.1826,0.483,0.1826,0.0,0.0,0.2582,0.5774,0.2582,0.0,0.2582,0.3162,0.1826,0.0,0.2582,5.0,hold,0,0,2.7575
1786549757.0313,2026-08-12 17:49:17.031,17,1,0,-0.04652,-0.51141,0.04471,-2.2881,9.6181,-30.1276,-0.0652,0.0614,-0.6309,4.68249,0.0,0.0,0.4082,0.0,0.0,0.1826,0.4472,0.0,0.0,0.0,0.1826,0.5477,0.1826,0.0,0.1826,0.2582,0.0,0.0,0.2582,5.0,hold,0,0,2.8247
1786549757.0814,2026-08-12 17:49:17.081,17,1,0,-0.04656,-0.51141,0.04471,-1.9734,9.2922,-30.0058,-0.0537,0.0711,-0.625,4.69206,0.0,0.0,0.4082,0.0,0.0,0.1826,0.4472,0.0,0.0,0.0,0.1826,0.5477,0.1826,0.0,0.1826,0.2582,0.0,0.0,0.2582,5.0,hold,0,0,2.7396
1786549757.1315,2026-08-12 17:49:17.131,17,1,0,-0.04654,-0.51142,0.04471,-2.122,9.3107,-29.947,-0.0568,0.067,-0.6308,4.68753,0.0,0.0,0.3651,0.0,0.0,0.2582,0.4472,0.0,0.0,0.1826,0.3162,0.5477,0.0,0.0,0.2582,0.4472,0.0,0.0,0.4082,5.0,hold,0,0,2.7799
1786549757.1816,2026-08-12 17:49:17.181,17,1,0,-0.04655,-0.51141,0.04472,-2.2886,9.6148,-29.9456,-0.0686,0.0608,-0.6296,4.69382,0.0,0.0,0.3651,0.0,0.0,0.2582,0.4472,0.0,0.0,0.1826,0.3162,0.5477,0.0,0.0,0.2582,0.4472,0.0,0.0,0.4082,5.0,hold,0,0,2.7239
1786549757.2317,2026-08-12 17:49:17.231,17,1,0,-0.04654,-0.51141,0.04471,-2.0174,9.4807,-29.9428,-0.0622,0.0653,-0.6269,4.68425,0.0,0.0,0.3651,0.0,0.0,0.1826,0.4082,0.1826,0.0,0.0,0.3162,0.5164,0.0,0.0,0.0,0.4472,0.1826,0.0,0.3162,5.0,hold,0,0,2.809
1786549757.2818,2026-08-12 17:49:17.281,17,1,0,-0.04654,-0.51142,0.04472,-1.8637,9.3475,-29.9073,-0.0608,0.0723,-0.6277,4.69155,0.0,0.0,0.3651,0.0,0.0,0.2582,0.4082,0.0,0.0,0.0,0.3651,0.5164,0.1826,0.0,0.1826,0.4472,0.0,0.0,0.3162,5.0,hold,0,0,2.7441
1786549757.3319,2026-08-12 17:49:17.331,17,1,0,-0.04654,-0.5114,0.0447,-2.0004,9.4247,-30.0538,-0.059,0.0709,-0.6316,4.67544,0.0,0.0,0.3651,0.0,0.0,0.2582,0.4082,0.0,0.0,0.0,0.3651,0.5164,0.1826,0.0,0.1826,0.4472,0.0,0.0,0.3162,5.0,hold,0,0,2.8874
1786549757.3821,2026-08-12 17:49:17.382,17,1,0,-0.04655,-0.51141,0.04471,-1.6045,9.2924,-29.8634,-0.0565,0.0793,-0.6269,4.69458,0.0,0.0,0.3651,0.0,0.0,0.2582,0.483,0.1826,0.0,0.3162,0.3162,0.5164,0.1826,0.0,0.3162,0.4472,0.0,0.0,0.4472,5.0,hold,0,0,2.7172
1786549757.4321,2026-08-12 17:49:17.432,17,1,0,-0.04654,-0.51142,0.04472,-1.8088,9.3859,-29.9587,-0.0576,0.0754,-0.6269,4.68576,0.0,0.0,0.3651,0.0,0.0,0.2582,0.483,0.1826,0.0,0.3162,0.3162,0.5164,0.1826,0.0,0.3162,0.4472,0.0,0.0,0.4472,5.0,hold,0,0,2.7956
1786549757.4822,2026-08-12 17:49:17.482,17,1,0,-0.04653,-0.51141,0.04471,-2.0455,9.2454,-29.6947,-0.0553,0.0682,-0.6296,4.69105,0.0,0.0,0.3162,0.0,0.0,0.3162,0.4082,0.0,0.0,0.2582,0.3162,0.5164,0.1826,0.0,0.2582,0.4472,0.0,0.0,0.2582,5.0,hold,0,0,2.7485
1786549757.5322,2026-08-12 17:49:17.532,17,1,0,-0.04653,-0.51142,0.04472,-2.3986,9.4137,-29.8536,-0.0601,0.0608,-0.6292,4.6845,0.0,0.0,0.3162,0.0,0.0,0.3162,0.4082,0.0,0.0,0.2582,0.3162,0.5164,0.1826,0.0,0.2582,0.4472,0.0,0.0,0.2582,5.0,hold,0,0,2.8068
1786549757.5824,2026-08-12 17:49:17.582,17,1,0,-0.04654,-0.51141,0.04472,-2.1362,9.4919,-30.0708,-0.0626,0.0689,-0.6225,4.68904,0.0,0.0,0.3162,0.0,0.0,0.1826,0.4082,0.0,0.0,0.0,0.1826,0.5164,0.0,0.0,0.1826,0.3651,0.0,0.0,0.1826,5.0,hold,0,0,2.7665
1786549757.6325,2026-08-12 17:49:17.632,17,1,0,-0.04652,-0.51141,0.04471,-2.1208,9.5398,-29.8241,-0.0611,0.0673,-0.6288,4.68602,0.0,0.0,0.3651,0.0,0.0,0.1826,0.4082,0.0,0.0,0.0,0.1826,0.5164,0.0,0.1826,0.0,0.4472,0.0,0.1826,0.0,5.0,hold,0,0,2.7933
1786549757.6826,2026-08-12 17:49:17.682,17,1,0,-0.04653,-0.51142,0.04473,-2.0438,9.4162,-29.8315,-0.0597,0.0663,-0.6285,4.69004,0.0,0.0,0.3651,0.0,0.0,0.1826,0.4082,0.0,0.0,0.0,0.1826,0.5164,0.0,0.1826,0.0,0.4472,0.0,0.1826,0.0,5.0,hold,0,0,2.7575
1786549757.7327,2026-08-12 17:49:17.732,17,1,0,-0.04654,-0.51141,0.04471,-2.0658,9.4986,-29.8656,-0.0567,0.0681,-0.6291,4.68979,0.0,0.0,0.4472,0.0,0.0,0.1826,0.483,0.0,0.0,0.0,0.2582,0.5477,0.0,0.1826,0.1826,0.3651,0.1826,0.1826,0.3162,5.0,hold,0,0,2.7597
1786549757.7829,2026-08-12 17:49:17.782,17,1,0,-0.04653,-0.51141,0.04472,-1.8527,9.3105,-29.8453,-0.0569,0.0736,-0.623,4.67997,0.0,0.0,0.4472,0.0,0.0,0.1826,0.483,0.0,0.0,0.0,0.2582,0.5477,0.0,0.1826,0.1826,0.3651,0.1826,0.1826,0.3162,5.0,hold,0,0,2.8471
1786549757.833,2026-08-12 17:49:17.833,17,1,0,-0.04655,-0.51141,0.04471,-2.155,9.2183,-29.9514,-0.0522,0.0674,-0.6263,4.69181,0.0,0.0,0.3651,0.0,0.0,0.1826,0.3651,0.1826,0.0,0.0,0.3162,0.5164,0.2582,0.0,0.0,0.4082,0.0,0.0,0.1826,5.0,hold,0,0,2.7418
1786549757.8831,2026-08-12 17:49:17.883,17,1,0,-0.04653,-0.51141,0.04472,-1.8448,9.4268,-29.9054,-0.0582,0.0766,-0.6245,4.68501,0.0,0.0,0.3651,0.0,0.0,0.1826,0.3651,0.0,0.0,0.2582,0.3162,0.5164,0.1826,0.0,0.0,0.4472,0.0,0.1826,0.2582,5.0,hold,0,0,2.8023
1786549757.9332,2026-08-12 17:49:17.933,17,1,0,-0.04652,-0.51142,0.04472,-2.0337,9.0924,-29.7759,-0.0509,0.071,-0.6307,4.69583,0.0,0.0,0.3651,0.0,0.0,0.1826,0.3651,0.0,0.0,0.2582,0.3162,0.5164,0.1826,0.0,0.0,0.4472,0.0,0.1826,0.2582,5.0,hold,0,0,2.706
1786549757.9834,2026-08-12 17:49:17.983,17,1,0,-0.04653,-0.51141,0.04471,-2.3202,9.6926,-29.8231,-0.0676,0.0608,-0.6242,4.68526,0.0,0.0,0.3162,0.0,0.0,0.1826,0.4082,0.0,0.0,0.0,0.3162,0.5164,0.1826,0.0,0.2582,0.4082,0.0,0.0,0.2582,5.0,hold,0,0,2.8001
1786549758.0335,2026-08-12 17:49:18.033,17,1,0,-0.04654,-0.51141,0.04472,-2.0722,9.5201,-29.8332,-0.0609,0.0666,-0.6192,4.69231,0.0,0.0,0.3162,0.0,0.0,0.1826,0.4082,0.0,0.0,0.0,0.3162,0.5164,0.1826,0.0,0.2582,0.4082,0.0,0.0,0.2582,5.0,hold,0,0,2.7373
1786549758.0836,2026-08-12 17:49:18.083,17,1,0,-0.04653,-0.51141,0.04471,-2.0442,9.3671,-30.1074,-0.0591,0.0669,-0.6276,4.68375,0.0,0.0,0.3651,0.0,0.0,0.3162,0.3651,0.0,0.0,0.0,0.4082,0.5164,0.0,0.0,0.0,0.4472,0.0,0.1826,0.1826,5.0,hold,0,0,2.8135
1786549758.1337,2026-08-12 17:49:18.133,17,1,0,-0.04654,-0.51143,0.04473,-2.1414,9.1399,-29.9399,-0.0497,0.0676,-0.6276,4.68375,0.0,0.0,0.3162,0.0,0.0,0.2582,0.4082,0.0,0.0,0.0,0.3651,0.5164,0.0,0.1826,0.0,0.4472,0.0,0.1826,0.1826,5.0,hold,0,0,2.8135
1786549758.1838,2026-08-12 17:49:18.183,17,1,0,-0.04652,-0.51142,0.04471,-2.0293,9.3666,-29.9299,-0.0546,0.0696,-0.6247,4.68652,0.0,0.0,0.3162,0.0,0.0,0.2582,0.4082,0.0,0.0,0.0,0.3651,0.5164,0.0,0.1826,0.0,0.4472,0.0,0.1826,0.1826,5.0,hold,0,0,2.7889
1786549758.2339,2026-08-12 17:49:18.233,17,1,0,-0.04653,-0.51141,0.04472,-1.9814,9.6122,-29.939,-0.0628,0.0688,-0.6231,4.68879,0.0,0.0,0.4082,0.0,0.0,0.1826,0.4472,0.0,0.0,0.0,0.2582,0.5774,0.0,0.0,0.1826,0.4082,0.1826,0.1826,0.2582,5.0,hold,0,0,2.7687
1786549758.2841,2026-08-12 17:49:18.284,17,1,0,-0.04655,-0.51142,0.04473,-2.1374,9.5671,-29.9582,-0.0596,0.0666,-0.6267,4.6903,0.0,0.0,0.4082,0.0,0.0,0.1826,0.4472,0.0,0.0,0.0,0.2582,0.5774,0.0,0.0,0.1826,0.4082,0.1826,0.1826,0.2582,5.0,hold,0,0,2.7553
1786549758.3341,2026-08-12 17:49:18.334,17,1,0,-0.04655,-0.51143,0.04472,-2.0225,8.9054,-29.9645,-0.046,0.0709,-0.6157,4.68299,0.0,0.0,0.3651,0.0,0.0,0.2582,0.3651,0.0,0.0,0.1826,0.3162,0.5164,0.0,0.0,0.1826,0.4472,0.0,0.2582,0.3162,5.0,hold,0,0,2.8202
1786549758.3842,2026-08-12 17:49:18.384,17,0,0,-0.04654,-0.51142,0.04472,-1.8508,9.3968,-30.1474,-0.0594,0.0737,-0.6163,4.6908,0.0,0.0,0.3651,0.0,0.0,0.2582,0.3651,0.0,0.0,0.1826,0.3162,0.5164,0.0,0.0,0.1826,0.4472,0.0,0.2582,0.3162,5.0,retract,0,0,2.7508
1786549758.4343,2026-08-12 17:49:18.434,17,0,0,-0.04655,-0.51141,0.04472,-1.9125,9.6213,-29.8219,-0.0607,0.0747,-0.6247,4.68073,0.0,0.1826,0.3162,0.0,0.0,0.2582,0.4472,0.0,0.0,0.0,0.3651,0.5477,0.0,0.0,0.1826,0.483,0.0,0.0,0.1826,5.0,retract,0,0,2.8404
1786549758.4844,2026-08-12 17:49:18.484,17,0,0,-0.04654,-0.5114,0.04474,-2.3516,9.5986,-29.8987,-0.0598,0.0606,-0.6259,4.69306,0.0,0.0,0.4082,0.0,0.0,0.1826,0.483,0.0,0.0,0.2582,0.3651,0.5477,0.0,0.1826,0.0,0.4472,0.0,0.1826,0.2582,5.0,retract,0,0,2.7306
1786549758.5345,2026-08-12 17:49:18.534,17,0,0,-0.04653,-0.51141,0.04479,-2.0072,8.9268,-30.0286,-0.045,0.07,-0.6294,4.68274,0.0,0.0,0.4082,0.0,0.0,0.1826,0.483,0.0,0.0,0.2582,0.3651,0.5477,0.0,0.1826,0.0,0.4472,0.0,0.1826,0.2582,5.0,retract,0,0,2.8225
1786549758.5846,2026-08-12 17:49:18.584,17,0,0,-0.04652,-0.5114,0.04484,-1.8783,9.4096,-29.9804,-0.0624,0.071,-0.6236,4.69306,0.0,0.0,0.3162,0.0,0.0,0.1826,0.3651,0.0,0.0,0.0,0.2582,0.5164,0.0,0.0,0.0,0.4082,0.0,0.0,0.2582,5.0,retract,0,0,2.7306
1786549758.6349,2026-08-12 17:49:18.634,17,0,0,-0.04652,-0.5114,0.04494,-1.8207,9.2998,-30.0932,-0.0545,0.0732,-0.6202,4.68526,0.0,0.0,0.3162,0.0,0.0,0.1826,0.3651,0.0,0.0,0.0,0.2582,0.5164,0.0,0.0,0.0,0.4082,0.0,0.0,0.2582,5.0,retract,0,0,2.8001
1786549758.685,2026-08-12 17:49:18.685,17,0,0,-0.04653,-0.51141,0.04507,-2.056,9.5223,-29.8348,-0.0634,0.0689,-0.6248,4.68979,0.0,0.0,0.3651,0.0,0.0,0.3162,0.483,0.0,0.0,0.2582,0.4082,0.5774,0.0,0.0,0.2582,0.483,0.1826,0.0,0.3651,5.0,retract,0,0,2.7597
1786549758.7352,2026-08-12 17:49:18.735,17,0,0,-0.04654,-0.5114,0.04519,-1.964,9.254,-30.1456,-0.0564,0.0713,-0.6211,4.684,0.0,0.0,0.3651,0.0,0.0,0.2582,0.3651,0.1826,0.0,0.1826,0.3162,0.5164,0.1826,0.0,0.2582,0.4082,0.0,0.0,0.3162,5.0,retract,0,0,2.8113
1786549758.7853,2026-08-12 17:49:18.785,17,0,0,-0.04653,-0.5114,0.04532,-2.279,9.1568,-29.9168,-0.0516,0.0645,-0.6281,4.69004,0.0,0.0,0.3651,0.0,0.0,0.2582,0.3651,0.1826,0.0,0.1826,0.3162,0.5164,0.1826,0.0,0.2582,0.4082,0.0,0.0,0.3162,5.0,retract,0,0,2.7575
1786549758.8354,2026-08-12 17:49:18.835,17,0,0,-0.04651,-0.51139,0.0455,-2.1883,9.5508,-29.8104,-0.0645,0.0623,-0.6234,4.68929,0.0,0.0,0.3651,0.0,0.0,0.1826,0.4082,0.0,0.0,0.1826,0.3162,0.5477,0.0,0.1826,0.0,0.4082,0.0,0.1826,0.0,5.0,retract,0,0,2.7642
1786549758.8855,2026-08-12 17:49:18.885,17,0,0,-0.04655,-0.5114,0.04567,-2.2365,9.3555,-30.0582,-0.0564,0.0642,-0.6204,4.68677,0.0,0.0,0.3651,0.0,0.0,0.1826,0.4082,0.0,0.0,0.1826,0.3162,0.5477,0.0,0.1826,0.0,0.4082,0.0,0.1826,0.0,5.0,retract,0,0,2.7866
1786549758.9356,2026-08-12 17:49:18.935,17,0,0,-0.04653,-0.51138,0.0458,-2.2882,9.5887,-29.8828,-0.0629,0.0648,-0.6304,4.68174,0.0,0.0,0.3651,0.1826,0.0,0.1826,0.4472,0.0,0.0,0.1826,0.3162,0.5164,0.1826,0.0,0.2582,0.4082,0.0,0.0,0.3162,5.0,retract,0,0,2.8314
1786549758.9857,2026-08-12 17:49:18.985,17,0,0,-0.04654,-0.51137,0.04595,-2.1156,9.3318,-29.8546,-0.059,0.065,-0.6198,4.68526,0.0,0.0,0.3651,0.0,0.0,0.1826,0.3651,0.0,0.0,0.1826,0.3162,0.5164,0.2582,0.1826,0.1826,0.4082,0.0,0.2582,0.2582,5.0,retract,0,0,2.8001
1786549759.0359,2026-08-12 17:49:19.035,17,0,0,-0.04653,-0.51138,0.04611,-2.1289,9.6607,-29.8912,-0.0677,0.0679,-0.6199,4.68778,0.0,0.0,0.3651,0.0,0.0,0.1826,0.3651,0.0,0.0,0.1826,0.3162,0.5164,0.2582,0.1826,0.1826,0.4082,0.0,0.2582,0.2582,5.0,retract,0,0,2.7777
1786549759.086,2026-08-12 17:49:19.086,17,0,0,-0.0465,-0.51139,0.04628,-2.162,9.3824,-29.9855,-0.0595,0.0673,-0.6271,4.68224,0.0,0.0,0.3651,0.0,0.0,0.1826,0.3651,0.0,0.0,0.0,0.2582,0.483,0.0,0.0,0.1826,0.3162,0.0,0.0,0.3162,5.0,retract,0,0,2.8269
1786549759.1362,2026-08-12 17:49:19.136,17,0,0,-0.04653,-0.51141,0.04647,-1.992,9.4712,-30.0311,-0.06,0.0721,-0.6248,4.69231,0.0,0.0,0.3651,0.0,0.0,0.1826,0.3651,0.0,0.0,0.0,0.2582,0.483,0.0,0.0,0.1826,0.3162,0.0,0.0,0.3162,5.0,retract,0,0,2.7373
1786549759.1863,2026-08-12 17:49:19.186,17,0,0,-0.04654,-0.5114,0.04663,-2.2742,9.1817,-29.9109,-0.0491,0.067,-0.628,4.69004,0.0,0.0,0.4082,0.0,0.0,0.0,0.483,0.0,0.0,0.1826,0.2582,0.5164,0.0,0.0,0.2582,0.3651,0.1826,0.0,0.2582,5.0,retract,0,0,2.7575
1786549759.2365,2026-08-12 17:49:19.236,17,0,0,-0.04654,-0.51139,0.04678,-1.9764,9.5437,-29.9668,-0.0612,0.0684,-0.6223,4.69432,0.0,0.0,0.4082,0.0,0.0,0.0,0.483,0.0,0.0,0.1826,0.2582,0.5164,0.0,0.0,0.2582,0.3651,0.1826,0.0,0.2582,5.0,retract,0,0,2.7194
1786549759.2866,2026-08-12 17:49:19.286,17,0,0,-0.04653,-0.5114,0.04699,-2.1668,9.3824,-29.8127,-0.0581,0.0661,-0.6255,4.68199,0.0,0.0,0.3162,0.0,0.0,0.2582,0.3651,0.0,0.0,0.2582,0.3162,0.483,0.1826,0.0,0.2582,0.4082,0.0,0.0,0.2582,5.0,retract,0,0,2.8292
1786549759.3367,2026-08-12 17:49:19.336,17,0,0,-0.04653,-0.51138,0.04714,-2.263,9.9404,-29.7446,-0.0729,0.0632,-0.629,4.68325,0.0,0.1826,0.3651,0.0,0.0,0.1826,0.4082,0.0,0.0,0.0,0.2582,0.5164,0.0,0.0,0.0,0.3651,0.0,0.0,0.2582,5.0,retract,0,0,2.818
1786549759.3868,2026-08-12 17:49:19.386,17,0,0,-0.04651,-0.5114,0.04733,-2.2853,9.4608,-29.9421,-0.061,0.0627,-0.6173,4.67091,0.0,0.1826,0.3651,0.0,0.0,0.1826,0.4082,0.0,0.0,0.0,0.2582,0.5164,0.0,0.0,0.0,0.3651,0.0,0.0,0.2582,5.0,retract,0,0,2.9277
1786549759.4369,2026-08-12 17:49:19.436,17,0,0,-0.04652,-0.51139,0.04747,-2.3354,9.5548,-29.7717,-0.0598,0.0618,-0.6264,4.69332,0.0,0.0,0.4082,0.0,0.0,0.1826,0.4082,0.1826,0.0,0.1826,0.3162,0.4472,0.0,0.0,0.2582,0.3651,0.1826,0.0,0.3162,5.0,retract,0,0,2.7284
1786549759.487,2026-08-12 17:49:19.487,17,0,0,-0.04653,-0.51139,0.04763,-2.054,9.3958,-29.9101,-0.0599,0.0682,-0.6199,4.69206,0.0,0.0,0.4082,0.0,0.0,0.1826,0.4082,0.1826,0.0,0.1826,0.3162,0.4472,0.0,0.0,0.2582,0.3651,0.1826,0.0,0.3162,5.0,retract,0,0,2.7396
1786549759.5371,2026-08-12 17:49:19.537,17,0,0,-0.04652,-0.51141,0.04782,-1.8903,9.645,-29.8753,-0.0682,0.0731,-0.6203,4.68702,0.0,0.0,0.2582,0.0,0.0,0.1826,0.2582,0.1826,0.0,0.1826,0.2582,0.3651,0.1826,0.0,0.1826,0.3651,0.0,0.1826,0.3162,5.0,retract,0,0,2.7844
1786549759.5872,2026-08-12 17:49:19.587,17,0,0,-0.04652,-0.5114,0.04798,-2.4578,9.4561,-29.8857,-0.058,0.0576,-0.6281,4.68778,0.0,0.0,0.4082,0.0,0.0,0.0,0.3162,0.0,0.0,0.2582,0.2582,0.4472,0.0,0.0,0.1826,0.3651,0.1826,0.1826,0.3162,5.0,retract,0,0,2.7777
1786549759.6373,2026-08-12 17:49:19.637,17,0,0,-0.04653,-0.5114,0.04815,-1.9649,9.1961,-29.8681,-0.0531,0.071,-0.6201,4.67771,0.0,0.0,0.4082,0.0,0.0,0.0,0.3162,0.0,0.0,0.2582,0.2582,0.4472,0.0,0.0,0.1826,0.3651,0.1826,0.1826,0.3162,5.0,retract,0,0,2.8673
1786549759.6874,2026-08-12 17:49:19.687,17,0,0,-0.04653,-0.51139,0.0483,-2.2984,9.3419,-29.7607,-0.0589,0.0641,-0.6202,4.68803,0.0,0.0,0.3651,0.0,0.0,0.1826,0.3651,0.1826,0.0,0.0,0.1826,0.483,0.2582,0.0,0.1826,0.3162,0.1826,0.1826,0.2582,5.0,retract,0,0,2.7754
1786549759.7375,2026-08-12 17:49:19.737,17,0,0,-0.04651,-0.5114,0.04846,-2.3729,9.5117,-29.9228,-0.0609,0.0601,-0.6243,4.69407,0.0,0.0,0.3651,0.0,0.0,0.1826,0.3651,0.1826,0.0,0.0,0.1826,0.483,0.2582,0.0,0.1826,0.3162,0.1826,0.1826,0.2582,5.0,retract,0,0,2.7217
1786549759.7876,2026-08-12 17:49:19.787,17,0,0,-0.04652,-0.5114,0.04863,-2.4706,9.5492,-29.9136,-0.0617,0.0624,-0.6293,4.68753,0.0,0.0,0.4082,0.0,0.0,0.1826,0.3162,0.1826,0.0,0.2582,0.1826,0.4472,0.2582,0.0,0.1826,0.3162,0.0,0.0,0.1826,5.0,retract,0,0,2.7799
1786549759.8377,2026-08-12 17:49:19.837,17,0,0,-0.04653,-0.51139,0.04879,-1.9159,9.2544,-29.7747,-0.0589,0.0698,-0.619,4.684,0.0,0.0,0.2582,0.0,0.0,0.1826,0.2582,0.1826,0.0,0.0,0.2582,0.3162,0.1826,0.0,0.2582,0.3651,0.0,0.0,0.2582,5.0,retract,0,0,2.8113
1786549759.8878,2026-08-12 17:49:19.887,17,0,0,-0.04655,-0.51141,0.04898,-2.3591,9.7775,-29.7698,-0.0656,0.0613,-0.6292,4.69458,0.0,0.0,0.2582,0.0,0.0,0.1826,0.2582,0.1826,0.0,0.0,0.2582,0.3162,0.1826,0.0,0.2582,0.3651,0.0,0.0,0.2582,5.0,retract,0,0,2.7172
1786549759.9379,2026-08-12 17:49:19.937,17,0,0,-0.04652,-0.51139,0.04909,-2.2397,9.6633,-29.7095,-0.0668,0.0644,-0.626,4.68199,0.0,0.0,0.3651,0.0,0.0,0.1826,0.3651,0.0,0.0,0.0,0.2582,0.4082,0.0,0.0,0.1826,0.3162,0.0,0.0,0.2582,5.0,retract,0,0,2.8292
1786549759.988,2026-08-12 17:49:19.988,17,0,0,-0.04652,-0.5114,0.04923,-2.084,9.4257,-29.7777,-0.0591,0.0684,-0.6192,4.69281,0.0,0.0,0.3651,0.0,0.0,0.1826,0.3651,0.0,0.0,0.0,0.2582,0.4082,0.0,0.0,0.1826,0.3162,0.0,0.0,0.2582,5.0,retract,0,0,2.7329
1786549760.0382,2026-08-12 17:49:20.038,17,0,0,-0.04653,-0.5114,0.04934,-2.13,9.7183,-29.9214,-0.0676,0.0685,-0.6278,4.68929,0.0,0.0,0.3162,0.0,0.0,0.2582,0.2582,0.0,0.0,0.0,0.1826,0.3162,0.1826,0.0,0.0,0.3651,0.0,0.1826,0.1826,5.0,retract,0,0,2.7642
1786549760.0882,2026-08-12 17:49:20.088,17,0,0,-0.04653,-0.5114,0.04947,-2.0851,9.37,-29.8618,-0.0584,0.0699,-0.6214,4.69558,0.0,0.0,0.3162,0.0,0.0,0.2582,0.2582,0.0,0.0,0.0,0.1826,0.3162,0.1826,0.0,0.0,0.3651,0.0,0.1826,0.1826,5.0,retract,0,0,2.7082
1786549760.1384,2026-08-12 17:49:20.138,17,0,0,-0.04653,-0.51139,0.04953,-2.7178,10.0925,-29.628,-0.0767,0.0522,-0.631,4.68199,0.0,0.0,0.3651,0.0,0.0,0.2582,0.3162,0.0,0.0,0.0,0.2582,0.4082,0.0,0.0,0.0,0.3651,0.0,0.0,0.1826,5.0,retract,0,0,2.8292
1786549760.1885,2026-08-12 17:49:20.188,17,0,0,-0.04651,-0.5114,0.04957,-2.2782,9.3555,-29.7346,-0.0597,0.059,-0.6241,4.69407,0.0,0.0,0.3162,0.0,0.0,0.1826,0.3162,0.0,0.0,0.0,0.2582,0.3651,0.0,0.0,0.0,0.3162,0.0,0.1826,0.0,5.0,retract,0,0,2.7217
1786549760.2386,2026-08-12 17:49:20.238,17,0,0,-0.04652,-0.5114,0.04962,-2.2674,9.5459,-29.7469,-0.0598,0.0635,-0.6253,4.68174,0.0,0.0,0.3162,0.0,0.0,0.1826,0.3162,0.0,0.0,0.0,0.2582,0.3651,0.0,0.0,0.0,0.3162,0.0,0.1826,0.0,5.0,retract,0,0,2.8314
1786549760.2887,2026-08-12 17:49:20.288,17,0,0,-0.04652,-0.51139,0.04964,-2.4218,9.5501,-29.8795,-0.0606,0.057,-0.6249,4.68929,0.0,0.0,0.3162,0.0,0.0,0.0,0.3162,0.0,0.0,0.0,0.0,0.4082,0.0,0.0,0.0,0.3162,0.0,0.1826,0.2582,5.0,retract,0,0,2.7642
1786549760.3388,2026-08-12 17:49:20.338,17,0,0,-0.04654,-0.5114,0.04967,-2.2124,9.7871,-29.7509,-0.0695,0.0641,-0.6221,4.68954,0.0,0.0,0.3162,0.0,0.0,0.0,0.3162,0.0,0.0,0.0,0.0,0.4082,0.0,0.0,0.0,0.3162,0.0,0.1826,0.2582,5.0,retract,0,0,2.762
1786549760.3889,2026-08-12 17:49:20.388,17,0,0,-0.04654,-0.51139,0.04968,-2.3276,9.5762,-29.6173,-0.0652,0.0617,-0.6272,4.68148,0.0,0.0,0.3162,0.0,0.0,0.0,0.2582,0.0,0.0,0.0,0.1826,0.3651,0.0,0.0,0.1826,0.3651,0.1826,0.0,0.1826,5.0,post,0,0,2.8337
1786549760.439,2026-08-12 17:49:20.439,17,0,0,-0.04654,-0.5114,0.04969,-2.2227,9.4615,-29.8751,-0.0588,0.0634,-0.6245,4.69281,0.0,0.0,0.2582,0.0,0.0,0.0,0.2582,0.0,0.0,0.0,0.1826,0.3162,0.0,0.0,0.0,0.3162,0.0,0.0,0.1826,5.0,post,0,0,2.7329
1786549760.4892,2026-08-12 17:49:20.489,17,0,0,-0.04653,-0.5114,0.04969,-2.2042,9.3812,-30.0124,-0.0591,0.0623,-0.6242,4.68954,0.0,0.0,0.2582,0.0,0.0,0.0,0.2582,0.0,0.0,0.0,0.1826,0.3162,0.0,0.0,0.0,0.3162,0.0,0.0,0.1826,5.0,post,0,0,2.762
1786549760.5393,2026-08-12 17:49:20.539,17,0,0,-0.04654,-0.51141,0.04971,-2.0378,9.534,-29.8961,-0.0626,0.0669,-0.6171,4.6903,0.0,0.0,0.2582,0.0,0.0,0.1826,0.1826,0.0,0.0,0.0,0.1826,0.2582,0.0,0.0,0.0,0.3162,0.0,0.1826,0.0,5.0,post,0,0,2.7553
1786549760.5895,2026-08-12 17:49:20.589,17,0,0,-0.04652,-0.51141,0.0497,-2.1686,9.5837,-29.9005,-0.063,0.0641,-0.618,4.68325,0.0,0.0,0.2582,0.0,0.0,0.1826,0.1826,0.0,0.0,0.0,0.1826,0.2582,0.0,0.0,0.0,0.3162,0.0,0.1826,0.0,5.0,post,0,0,2.818
1786549760.6396,2026-08-12 17:49:20.639,17,0,0,-0.04651,-0.5114,0.04969,-2.2647,9.9274,-29.6739,-0.073,0.0607,-0.6248,4.69407,0.0,0.0,0.3651,0.1826,0.0,0.0,0.3651,0.0,0.1826,0.0,0.1826,0.4082,0.0,0.1826,0.1826,0.2582,0.1826,0.1826,0.3162,5.0,post,0,0,2.7217
1786549760.6897,2026-08-12 17:49:20.689,17,0,0,-0.04654,-0.5114,0.04971,-2.0234,9.5949,-29.6823,-0.0663,0.0711,-0.6208,4.69256,0.0,0.0,0.3651,0.1826,0.0,0.0,0.3651,0.0,0.1826,0.0,0.1826,0.4082,0.0,0.1826,0.1826,0.2582,0.1826,0.1826,0.3162,5.0,post,0,0,2.7351
1786549760.7398,2026-08-12 17:49:20.739,17,0,0,-0.04652,-0.5114,0.04969,-2.1169,8.9414,-29.893,-0.0525,0.067,-0.6282,4.68904,0.0,0.0,0.2582,0.0,0.0,0.1826,0.2582,0.0,0.0,0.0,0.1826,0.3162,0.1826,0.0,0.0,0.3162,0.0,0.0,0.0,5.0,post,0,0,2.7665
1786549760.7899,2026-08-12 17:49:20.789,17,0,0,-0.04654,-0.51141,0.04972,-2.2781,9.5637,-29.939,-0.0637,0.0621,-0.6157,4.69231,0.0,0.0,0.2582,0.0,0.0,0.1826,0.3162,0.0,0.0,0.1826,0.1826,0.4082,0.0,0.0,0.1826,0.3162,0.0,0.1826,0.2582,5.0,post,0,0,2.7373
1786549760.84,2026-08-12 17:49:20.840,17,0,0,-0.04656,-0.51141,0.0497,-2.2406,9.3735,-29.8501,-0.059,0.0622,-0.6233,4.68501,0.0,0.0,0.2582,0.0,0.0,0.1826,0.3162,0.0,0.0,0.1826,0.1826,0.4082,0.0,0.0,0.1826,0.3162,0.0,0.1826,0.2582,5.0,post,0,0,2.8023
1786549760.8902,2026-08-12 17:49:20.890,17,0,0,-0.04653,-0.51141,0.04971,-2.1531,9.6731,-29.8417,-0.0659,0.0636,-0.6259,4.68627,0.0,0.0,0.3162,0.0,0.0,0.2582,0.3162,0.1826,0.0,0.1826,0.1826,0.4082,0.1826,0.0,0.0,0.3162,0.1826,0.0,0.1826,5.0,post,0,0,2.7911
1786549760.9402,2026-08-12 17:49:20.940,17,0,0,-0.04655,-0.51143,0.04972,-2.4175,9.6068,-29.8732,-0.0632,0.059,-0.6206,4.69306,0.0,0.0,0.3162,0.0,0.0,0.2582,0.3162,0.1826,0.0,0.1826,0.1826,0.4082,0.1826,0.0,0.0,0.3162,0.1826,0.0,0.1826,5.0,post,0,0,2.7306
1786549760.9903,2026-08-12 17:49:20.990,17,0,0,-0.04653,-0.5114,0.0497,-1.9861,9.3359,-30.0824,-0.057,0.0707,-0.6165,4.68551,0.0,0.0,0.4082,0.0,0.0,0.1826,0.3162,0.0,0.0,0.0,0.1826,0.4082,0.0,0.0,0.0,0.3162,0.0,0.0,0.2582,5.0,post,0,0,2.7978
1786549761.0404,2026-08-12 17:49:21.040,17,0,0,-0.04654,-0.5114,0.0497,-2.1458,9.44,-29.9231,-0.0612,0.0664,-0.622,4.69004,0.0,0.0,0.2582,0.0,0.0,0.1826,0.3162,0.1826,0.0,0.0,0.1826,0.3162,0.0,0.0,0.0,0.3651,0.0,0.0,0.2582,5.0,post,0,0,2.7575
1786549761.0905,2026-08-12 17:49:21.090,17,0,0,-0.04654,-0.51141,0.04971,-2.1459,9.4909,-29.7849,-0.0612,0.069,-0.6218,4.684,0.0,0.0,0.2582,0.0,0.0,0.1826,0.3162,0.1826,0.0,0.0,0.1826,0.3162,0.0,0.0,0.0,0.3651,0.0,0.0,0.2582,5.0,post,0,0,2.8113
1786549761.1406,2026-08-12 17:49:21.140,17,0,0,-0.04653,-0.5114,0.04971,-2.495,9.6947,-29.8963,-0.0656,0.0568,-0.618,4.69105,0.0,0.0,0.2582,0.0,0.0,0.2582,0.1826,0.0,0.0,0.1826,0.3162,0.3162,0.0,0.1826,0.0,0.3651,0.0,0.1826,0.2582,5.0,post,0,0,2.7485
1786549761.1907,2026-08-12 17:49:21.190,17,0,0,-0.04654,-0.5114,0.0497,-2.0385,9.7649,-29.809,-0.0701,0.0705,-0.6175,4.6845,0.0,0.0,0.2582,0.0,0.0,0.2582,0.1826,0.0,0.0,0.1826,0.3162,0.3162,0.0,0.1826,0.0,0.3651,0.0,0.1826,0.2582,5.0,post,0,0,2.8068
1786549761.2408,2026-08-12 17:49:21.240,17,0,0,-0.04653,-0.5114,0.0497,-1.7381,9.0724,-30.0162,-0.0505,0.0768,-0.6109,4.69281,0.0,0.2582,0.2582,0.0,0.0,0.1826,0.2582,0.0,0.1826,0.2582,0.2582,0.3651,0.0,0.0,0.2582,0.3162,0.0,0.0,0.3162,5.0,post,0,0,2.7329
1786549761.2909,2026-08-12 17:49:21.290,17,0,0,-0.04653,-0.51142,0.04972,-2.1316,9.6891,-29.7691,-0.0651,0.0663,-0.6218,4.68224,0.0,0.1826,0.2582,0.0,0.1826,0.1826,0.2582,0.0,0.0,0.1826,0.0,0.3651,0.0,0.0,0.0,0.2582,0.0,0.0,0.2582,5.0,post,0,0,2.8269
1786549761.3411,2026-08-12 17:49:21.341,17,0,0,-0.04653,-0.51141,0.0497,-1.8858,8.9316,-29.9158,-0.0504,0.0733,-0.6191,4.69004,0.0,0.1826,0.2582,0.0,0.1826,0.1826,0.2582,0.0,0.0,0.1826,0.0,0.3651,0.0,0.0,0.0,0.2582,0.0,0.0,0.2582,5.0,post,0,0,2.7575
1786549761.3912,2026-08-12 17:49:21.391,17,0,0,-0.04652,-0.5114,0.0497,-1.903,9.1787,-29.9698,-0.0518,0.0719,-0.6221,4.6845,0.0,0.0,0.3651,0.0,0.0,0.0,0.2582,0.0,0.0,0.0,0.2582,0.3651,0.1826,0.1826,0.0,0.3162,0.0,0.1826,0.1826,5.0,post,0,0,2.8068
1786549761.4413,2026-08-12 17:49:21.441,17,0,0,-0.04653,-0.5114,0.04971,-2.0029,9.6062,-29.8659,-0.0649,0.0717,-0.6194,4.68652,0.0,0.0,0.3651,0.0,0.0,0.0,0.2582,0.0,0.0,0.0,0.2582,0.3651,0.1826,0.1826,0.0,0.3162,0.0,0.1826,0.1826,5.0,post,0,0,2.7889
1786549761.4914,2026-08-12 17:49:21.491,17,0,0,-0.04653,-0.51141,0.04971,-2.2481,9.135,-30.0528,-0.0514,0.0641,-0.6241,4.68199,0.0,0.0,0.2582,0.0,0.0,0.0,0.1826,0.0,0.0,0.2582,0.0,0.3651,0.2582,0.0,0.2582,0.3162,0.0,0.1826,0.2582,5.0,post,0,0,2.8292
1786549761.5415,2026-08-12 17:49:21.541,17,0,0,-0.04655,-0.51141,0.04971,-2.0524,9.2592,-30.1269,-0.0538,0.0695,-0.6118,4.69357,0.0,0.0,0.2582,0.0,0.0,0.0,0.1826,0.0,0.0,0.2582,0.0,0.3651,0.2582,0.0,0.2582,0.3162,0.0,0.1826,0.2582,5.0,post,0,0,2.7261
1786549761.5916,2026-08-12 17:49:21.591,17,0,0,-0.04653,-0.51141,0.04971,-2.0433,9.3272,-30.0681,-0.0571,0.0691,-0.6224,4.68627,0.0,0.0,0.2582,0.0,0.0,0.2582,0.1826,0.0,0.0,0.0,0.2582,0.3651,0.0,0.0,0.0,0.3162,0.0,0.0,0.2582,5.0,post,0,0,2.7911
1786549761.6417,2026-08-12 17:49:21.641,17,0,0,-0.04654,-0.51141,0.04971,-2.0943,9.6245,-30.0026,-0.0664,0.0668,-0.6178,4.68904,0.0,0.0,0.3162,0.0,0.0,0.1826,0.3162,0.0,0.0,0.1826,0.0,0.3651,0.0,0.0,0.1826,0.2582,0.0,0.0,0.3162,5.0,post,0,0,2.7665
1786549761.6918,2026-08-12 17:49:21.691,17,0,0,-0.04652,-0.5114,0.0497,-1.8483,9.4198,-29.9242,-0.0585,0.0753,-0.613,4.68652,0.0,0.0,0.3162,0.0,0.0,0.1826,0.3162,0.0,0.0,0.1826,0.0,0.3651,0.0,0.0,0.1826,0.2582,0.0,0.0,0.3162,5.0,post,0,0,2.7889
1786549761.7421,2026-08-12 17:49:21.742,17,0,0,-0.04654,-0.5114,0.0497,-2.3729,9.1123,-29.8818,-0.05,0.0613,-0.6189,4.6835,0.0,0.0,0.1826,0.0,0.0,0.1826,0.2582,0.0,0.0,0.1826,0.2582,0.3162,0.0,0.0,0.0,0.3162,0.0,0.1826,0.2582,5.0,post,0,0,2.8157
1786549761.7921,2026-08-12 17:49:21.792,17,0,0,-0.04654,-0.51141,0.04971,-2.1481,9.5897,-30.1302,-0.0595,0.0665,-0.6191,4.6845,0.0,0.0,0.1826,0.0,0.0,0.1826,0.2582,0.0,0.0,0.1826,0.2582,0.3162,0.0,0.0,0.0,0.3162,0.0,0.1826,0.2582,5.0,post,0,0,2.8068
1786549761.8423,2026-08-12 17:49:21.842,17,0,0,-0.04654,-0.5114,0.0497,-2.0285,9.4557,-29.993,-0.0621,0.07,-0.6178,4.68602,0.0,0.0,0.2582,0.0,0.0,0.0,0.2582,0.0,0.0,0.1826,0.0,0.3162,0.0,0.0,0.1826,0.1826,0.0,0.0,0.3162,5.0,post,0,0,2.7933
1786549761.8924,2026-08-12 17:49:21.892,17,0,0,-0.04652,-0.51141,0.04971,-2.1277,9.0648,-30.0499,-0.0503,0.0665,-0.6208,4.69407,0.0,0.0,0.2582,0.0,0.0,0.0,0.3162,0.0,0.0,0.1826,0.1826,0.3162,0.0,0.0,0.1826,0.3162,0.0,0.0,0.3162,5.0,post,0,0,2.7217
1786549761.9426,2026-08-12 17:49:21.942,17,0,0,-0.04653,-0.51141,0.04971,-2.1454,9.9677,-29.9721,-0.0722,0.0666,-0.613,4.68576,0.0,0.0,0.2582,0.0,0.0,0.0,0.3162,0.0,0.0,0.1826,0.1826,0.3162,0.0,0.0,0.1826,0.3162,0.0,0.0,0.3162,5.0,post,0,0,2.7956
1786549761.9927,2026-08-12 17:49:21.992,17,0,0,-0.04651,-0.5114,0.04971,-1.9828,9.8334,-30.1205,-0.0693,0.0705,-0.6165,4.68627,0.0,0.0,0.1826,0.0,0.0,0.0,0.1826,0.0,0.0,0.3162,0.0,0.3162,0.0,0.0,0.2582,0.2582,0.0,0.0,0.2582,5.0,post,0,0,2.7911
1786549762.0429,2026-08-12 17:49:22.042,17,0,0,-0.04652,-0.5114,0.04969,-2.0479,9.7331,-29.8917,-0.0666,0.0693,-0.6159,4.69609,0.0,0.0,0.1826,0.0,0.0,0.0,0.1826,0.0,0.0,0.3162,0.0,0.3162,0.0,0.0,0.2582,0.2582,0.0,0.0,0.2582,5.0,post,0,0,2.7037
1786549762.093,2026-08-12 17:49:22.093,17,0,0,-0.04653,-0.5114,0.0497,-2.1464,9.4031,-29.9595,-0.0584,0.0706,-0.6227,4.68249,0.0,0.0,0.3162,0.0,0.0,0.0,0.2582,0.0,0.0,0.0,0.1826,0.3162,0.0,0.0,0.0,0.2582,0.0,0.0,0.1826,5.0,post,0,0,2.8247
1786549762.1431,2026-08-12 17:49:22.143,17,0,0,-0.04654,-0.51141,0.04971,-2.3114,9.3469,-29.9163,-0.0583,0.0627,-0.6144,4.68602,0.0,0.0,0.3651,0.0,0.0,0.0,0.3162,0.0,0.0,0.0,0.0,0.3162,0.0,0.0,0.0,0.1826,0.0,0.0,0.1826,5.0,post,0,0,2.7933
1786549762.1932,2026-08-12 17:49:22.193,17,0,0,-0.04653,-0.51141,0.04971,-1.9341,9.2579,-29.8188,-0.0569,0.0718,-0.6204,4.6845,0.0,0.0,0.3651,0.0,0.0,0.0,0.3162,0.0,0.0,0.0,0.0,0.3162,0.0,0.0,0.0,0.1826,0.0,0.0,0.1826,5.0,post,0,0,2.8068
1786549762.2434,2026-08-12 17:49:22.243,17,0,0,-0.04655,-0.51141,0.0497,-2.1024,9.9105,-29.924,-0.0716,0.0661,-0.6189,4.67947,0.0,0.0,0.3162,0.0,0.0,0.1826,0.3162,0.0,0.0,0.2582,0.2582,0.3651,0.1826,0.0,0.2582,0.2582,0.0,0.0,0.2582,5.0,post,0,0,2.8516
1786549762.2934,2026-08-12 17:49:22.293,17,0,0,-0.04652,-0.51141,0.04971,-2.0728,9.0672,-29.9627,-0.0498,0.0686,-0.6229,4.68904,0.0,0.0,0.3162,0.0,0.0,0.1826,0.3162,0.0,0.0,0.2582,0.2582,0.3651,0.1826,0.0,0.2582,0.2582,0.0,0.0,0.2582,5.0,post,0,0,2.7665
1786549762.3435,2026-08-12 17:49:22.343,17,0,0,-0.04652,-0.51141,0.04971,-2.081,9.6133,-29.9568,-0.0655,0.0692,-0.6217,4.68476,0.0,0.0,0.2582,0.0,0.0,0.0,0.1826,0.0,0.0,0.1826,0.1826,0.2582,0.0,0.0,0.0,0.3162,0.0,0.0,0.0,5.0,post,0,0,2.8045
1786549762.3936,2026-08-12 17:49:22.393,5,0,0,-0.04651,-0.51126,0.04976,-2.4224,9.3328,-29.9196,-0.0589,0.0601,-0.635,4.69105,0.0,0.0,0.2582,0.0,0.0,0.0,0.1826,0.0,0.0,0.1826,0.1826,0.2582,0.0,0.0,0.0,0.3162,0.0,0.0,0.0,5.0,locate,0,0,2.7485
1786549762.4437,2026-08-12 17:49:22.443,5,0,0,-0.04656,-0.51038,0.04987,-1.9995,9.7345,-30.1722,-0.0663,0.0684,-0.823,4.6908,0.0,0.0,0.1826,0.0,0.0,0.0,0.1826,0.0,0.0,0.1826,0.1826,0.3162,0.0,0.0,0.1826,0.2582,0.0,0.0,0.2582,5.0,locate,0,0,2.7508
1786549762.4938,2026-08-12 17:49:22.493,5,0,0,-0.04646,-0.50874,0.04985,-2.2715,9.4073,-29.8916,-0.0627,0.0638,-0.783,4.6913,0.0,0.0,0.1826,0.0,0.0,0.0,0.2582,0.0,0.0,0.1826,0.0,0.3162,0.0,0.0,0.2582,0.2582,0.0,0.0,0.3162,5.0,locate,0,0,2.7463
1786549762.544,2026-08-12 17:49:22.543,5,0,0,-0.04631,-0.50639,0.04979,-2.4033,9.7511,-29.8421,-0.0729,0.0593,-0.7746,4.68501,0.0,0.0,0.1826,0.0,0.0,0.0,0.2582,0.0,0.0,0.1826,0.0,0.3162,0.0,0.0,0.2582,0.2582,0.0,0.0,0.3162,5.0,locate,0,0,2.8023
1786549762.5941,2026-08-12 17:49:22.594,5,0,0,-0.04612,-0.50386,0.04974,-2.5222,9.6553,-30.0741,-0.066,0.0563,-0.7599,4.69332,0.0,0.0,0.3162,0.0,0.0,0.1826,0.2582,0.0,0.0,0.0,0.1826,0.3651,0.0,0.0,0.0,0.3162,0.0,0.1826,0.2582,5.0,locate,0,0,2.7284
1786549762.6442,2026-08-12 17:49:22.644,5,0,0,-0.04595,-0.50133,0.04974,-2.1921,9.9674,-30.0917,-0.0734,0.0638,-0.7567,4.68048,0.0,0.0,0.3162,0.0,0.0,0.1826,0.2582,0.0,0.0,0.0,0.1826,0.3651,0.0,0.0,0.0,0.3162,0.0,0.1826,0.2582,5.0,locate,0,0,2.8426
1786549762.6944,2026-08-12 17:49:22.694,5,0,0,-0.04584,-0.49885,0.04975,-2.2123,9.6264,-29.9268,-0.0673,0.0634,-0.7486,4.68199,0.0,0.0,0.3651,0.0,0.0,0.1826,0.3162,0.0,0.0,0.0,0.1826,0.3162,0.1826,0.0,0.1826,0.2582,0.0,0.0,0.1826,5.0,locate,0,0,2.8292
1786549762.7445,2026-08-12 17:49:22.744,5,0,0,-0.0457,-0.49634,0.04971,-2.1443,9.3841,-30.0875,-0.0579,0.0621,-0.742,4.69407,0.0,0.0,0.3162,0.0,0.0,0.1826,0.3162,0.0,0.0,0.0,0.1826,0.2582,0.1826,0.2582,0.1826,0.2582,0.1826,0.3162,0.2582,5.0,locate,0,0,2.7217
1786549762.7946,2026-08-12 17:49:22.794,5,0,0,-0.04551,-0.49384,0.04971,-2.4544,9.6352,-30.0577,-0.0622,0.0573,-0.7416,4.68425,0.0,0.0,0.3162,0.0,0.0,0.1826,0.3162,0.0,0.0,0.0,0.1826,0.2582,0.1826,0.2582,0.1826,0.2582,0.1826,0.3162,0.2582,5.0,locate,0,0,2.809
1786549762.8447,2026-08-12 17:49:22.844,5,0,0,-0.04538,-0.49164,0.04971,-2.4689,9.5098,-30.0458,-0.065,0.0557,-0.7409,4.69432,0.0,0.0,0.2582,0.0,0.0,0.1826,0.0,0.1826,0.1826,0.1826,0.2582,0.1826,0.1826,0.0,0.2582,0.1826,0.0,0.1826,0.1826,5.0,locate,0,0,2.7194
1786549762.8948,2026-08-12 17:49:22.894,5,0,0,-0.04529,-0.49015,0.04972,-2.3108,9.3472,-29.9004,-0.061,0.0587,-0.7354,4.69306,0.0,0.0,0.2582,0.0,0.0,0.1826,0.0,0.1826,0.1826,0.1826,0.2582,0.1826,0.1826,0.0,0.2582,0.1826,0.0,0.1826,0.1826,5.0,locate,0,0,2.7306
1786549762.9451,2026-08-12 17:49:22.945,5,0,0,-0.0452,-0.48946,0.0497,-2.3963,9.4473,-30.1637,-0.0604,0.0575,-0.735,4.68375,0.0,0.0,0.2582,0.0,0.0,0.0,0.2582,0.0,0.0,0.2582,0.0,0.2582,0.0,0.0,0.0,0.2582,0.0,0.0,0.2582,5.0,locate,0,0,2.8135
1786549762.9951,2026-08-12 17:49:22.995,5,0,0,-0.04518,-0.48942,0.04969,-2.2793,9.3526,-30.1164,-0.06,0.0645,-0.735,4.69407,0.0,0.0,0.1826,0.0,0.1826,0.1826,0.0,0.1826,0.0,0.1826,0.0,0.0,0.2582,0.1826,0.1826,0.0,0.0,0.0,0.2582,5.0,locate,0,0,2.7217
1786549763.0453,2026-08-12 17:49:23.045,5,0,0,-0.04517,-0.48942,0.04968,-2.2882,9.8396,-30.0783,-0.0684,0.0621,-0.7298,4.69206,0.0,0.0,0.1826,0.0,0.1826,0.1826,0.0,0.1826,0.0,0.1826,0.0,0.0,0.2582,0.1826,0.1826,0.0,0.0,0.0,0.2582,5.0,locate,0,0,2.7396
1786549763.0954,2026-08-12 17:49:23.095,5,0,0,-0.04518,-0.48943,0.04968,-2.1414,9.5594,-30.282,-0.0641,0.0615,-0.7317,4.67771,0.0,0.0,0.1826,0.0,0.0,0.1826,0.0,0.0,0.0,0.0,0.0,0.0,0.1826,0.1826,0.0,0.1826,0.0,0.2582,0.0,5.0,locate,0,0,2.8673
1786549763.1455,2026-08-12 17:49:23.145,5,0,0,-0.04519,-0.48943,0.04968,-2.2785,9.6016,-30.1209,-0.0651,0.0601,-0.7292,4.69181,0.0,0.0,0.1826,0.0,0.0,0.1826,0.0,0.0,0.0,0.0,0.0,0.0,0.1826,0.1826,0.0,0.1826,0.0,0.2582,0.0,5.0,locate,0,0,2.7418
1786549763.1956,2026-08-12 17:49:23.195,5,0,0,-0.04523,-0.48942,0.04969,-2.4436,9.5089,-30.1395,-0.0623,0.059,-0.729,4.684,0.0,0.0,0.1826,0.0,0.0,0.0,0.0,0.0,0.0,0.1826,0.1826,0.1826,0.1826,0.1826,0.0,0.1826,0.0,0.1826,0.0,5.0,locate,0,0,2.8113
1786549763.2457,2026-08-12 17:49:23.245,5,0,0,-0.04524,-0.48941,0.0497,-2.3168,9.6307,-30.2556,-0.0642,0.0615,-0.7285,4.68551,0.0,0.0,0.1826,0.0,0.0,0.0,0.0,0.0,0.0,0.1826,0.1826,0.1826,0.1826,0.1826,0.0,0.1826,0.0,0.1826,0.0,5.0,locate,0,0,2.7978
1786549763.2959,2026-08-12 17:49:23.295,5,0,0,-0.04524,-0.48943,0.04971,-2.4176,9.4445,-30.1139,-0.0576,0.058,-0.7236,4.68199,0.0,0.0,0.1826,0.0,0.0,0.0,0.0,0.1826,0.0,0.2582,0.0,0.0,0.1826,0.1826,0.1826,0.0,0.0,0.1826,0.2582,5.0,locate,0,0,2.8292
1786549763.346,2026-08-12 17:49:23.346,5,0,0,-0.04524,-0.48942,0.0497,-2.3332,9.4417,-30.0867,-0.0566,0.0583,-0.723,4.69256,0.0,0.0,0.1826,0.0,0.0,0.0,0.0,0.0,0.0,0.2582,0.0,0.0,0.0,0.1826,0.0,0.0,0.0,0.1826,0.0,5.0,locate,0,0,2.7351
1786549763.3961,2026-08-12 17:49:23.396,5,0,0,-0.04525,-0.48941,0.04971,-2.0286,9.4067,-30.0511,-0.0596,0.0653,-0.7149,4.68828,0.0,0.0,0.1826,0.0,0.0,0.0,0.0,0.0,0.0,0.2582,0.0,0.0,0.0,0.1826,0.0,0.0,0.0,0.1826,0.0,5.0,locate,0,0,2.7732
1786549763.4462,2026-08-12 17:49:23.446,5,0,0,-0.04525,-0.48941,0.04969,-2.3595,9.6498,-29.933,-0.0663,0.0563,-0.7304,4.68576,0.0,0.0,0.0,0.0,0.0,0.1826,0.0,0.0,0.0,0.2582,0.0,0.1826,0.0,0.1826,0.2582,0.1826,0.0,0.2582,0.2582,5.0,locate,0,0,2.7956
1786549763.4963,2026-08-12 17:49:23.496,5,0,0,-0.04524,-0.48942,0.04971,-2.2562,9.4202,-30.0946,-0.0571,0.0591,-0.7222,4.68803,0.0,0.0,0.0,0.0,0.0,0.1826,0.0,0.0,0.0,0.2582,0.0,0.1826,0.0,0.1826,0.2582,0.1826,0.0,0.2582,0.2582,5.0,locate,0,0,2.7754
1786549763.5465,2026-08-12 17:49:23.546,5,0,0,-0.04522,-0.48941,0.04971,-2.2596,9.7304,-29.8414,-0.0672,0.0594,-0.7222,4.68551,0.0,0.0,0.3162,0.0,0.0,0.1826,0.1826,0.0,0.2582,0.3162,0.0,0.2582,0.0,0.1826,0.2582,0.1826,0.2582,0.0,0.2582,5.0,locate,0,0,2.7978
1786549763.5966,2026-08-12 17:49:23.596,5,0,0,-0.04523,-0.48942,0.04971,-2.2528,9.5136,-30.0751,-0.0638,0.0636,-0.7272,4.69256,0.0,0.0,0.2582,0.0,0.0,0.0,0.0,0.1826,0.0,0.1826,0.0,0.1826,0.3162,0.1826,0.0,0.1826,0.0,0.0,0.0,5.0,locate,0,0,2.7351
1786549763.6467,2026-08-12 17:49:23.646,5,0,0,-0.04524,-0.48941,0.0497,-2.2545,9.6668,-29.9587,-0.0653,0.0608,-0.7214,4.68199,0.0,0.0,0.2582,0.0,0.0,0.0,0.0,0.1826,0.0,0.1826,0.0,0.1826,0.3162,0.1826,0.0,0.1826,0.0,0.0,0.0,5.0,locate,0,0,2.8292
1786549763.6968,2026-08-12 17:49:23.696,5,0,0,-0.04525,-0.48943,0.04972,-1.9053,9.3307,-30.039,-0.0573,0.0718,-0.7162,4.69659,0.0,0.0,0.1826,0.0,0.0,0.2582,0.0,0.1826,0.0,0.1826,0.1826,0.1826,0.2582,0.1826,0.0,0.1826,0.0,0.1826,0.0,5.0,locate,0,0,2.6993
1786549763.7469,2026-08-12 17:49:23.746,5,0,0,-0.04526,-0.4894,0.0497,-2.0891,9.5924,-30.0769,-0.0619,0.0638,-0.7217,4.68954,0.0,0.0,0.1826,0.0,0.0,0.2582,0.0,0.1826,0.0,0.1826,0.1826,0.1826,0.2582,0.1826,0.0,0.1826,0.0,0.1826,0.0,5.0,locate,0,0,2.762
1786549763.797,2026-08-12 17:49:23.796,5,0,0,-0.04524,-0.48942,0.04971,-2.3933,9.772,-29.9293,-0.0685,0.0593,-0.7193,4.68148,0.0,0.0,0.2582,0.0,0.0,0.0,0.0,0.1826,0.1826,0.0,0.0,0.1826,0.1826,0.1826,0.0,0.0,0.1826,0.0,0.0,5.0,locate,0,0,2.8337
1786549763.8471,2026-08-12 17:49:23.847,5,0,0,-0.04524,-0.48941,0.0497,-2.1581,9.5759,-29.8557,-0.0649,0.0622,-0.719,4.68904,0.0,0.0,0.3162,0.0,0.0,0.0,0.0,0.1826,0.1826,0.1826,0.0,0.0,0.1826,0.0,0.0,0.0,0.0,0.0,0.0,5.0,locate,0,0,2.7665
1786549763.8972,2026-08-12 17:49:23.897,5,0,0,-0.04523,-0.48942,0.04971,-2.3692,9.7933,-30.0223,-0.0669,0.0551,-0.7153,4.6835,0.0,0.0,0.3162,0.0,0.0,0.0,0.0,0.1826,0.1826,0.1826,0.0,0.0,0.1826,0.0,0.0,0.0,0.0,0.0,0.0,5.0,locate,0,0,2.8157
1786549763.9473,2026-08-12 17:49:23.947,5,0,0,-0.04524,-0.48942,0.04972,-2.1802,9.5633,-29.9169,-0.0616,0.0633,-0.7155,4.69407,0.0,0.0,0.3162,0.0,0.0,0.1826,0.1826,0.1826,0.0,0.1826,0.0,0.1826,0.1826,0.0,0.0,0.0,0.1826,0.0,0.0,5.0,locate,0,0,2.7217
1786549763.9974,2026-08-12 17:49:23.997,5,0,0,-0.04524,-0.48941,0.0497,-2.0346,9.1745,-30.0148,-0.0541,0.0655,-0.7159,4.68224,0.0,0.0,0.3162,0.0,0.0,0.1826,0.1826,0.1826,0.0,0.1826,0.0,0.1826,0.1826,0.0,0.0,0.0,0.1826,0.0,0.0,5.0,locate,0,0,2.8269
1786549764.0475,2026-08-12 17:49:24.047,5,0,0,-0.04526,-0.48941,0.0497,-2.0852,9.6556,-29.982,-0.066,0.0651,-0.7127,4.68778,0.0,0.0,0.1826,0.0,0.0,0.1826,0.0,0.2582,0.0,0.0,0.0,0.0,0.3162,0.1826,0.0,0.1826,0.0,0.1826,0.0,5.0,locate,0,0,2.7777
1786549764.0976,2026-08-12 17:49:24.097,5,0,0,-0.04523,-0.48941,0.04971,-2.2413,9.4942,-29.9931,-0.0633,0.0615,-0.718,4.68828,0.0,0.0,0.1826,0.0,0.0,0.1826,0.0,0.2582,0.0,0.0,0.0,0.0,0.3162,0.1826,0.0,0.1826,0.0,0.1826,0.0,5.0,locate,0,0,2.7732
1786549764.1477,2026-08-12 17:49:24.147,5,0,0,-0.04524,-0.48941,0.04971,-2.4285,9.6637,-29.9223,-0.0653,0.0534,-0.7155,4.67569,0.0,0.0,0.2582,0.0,0.0,0.1826,0.0,0.0,0.0,0.1826,0.0,0.0,0.1826,0.1826,0.0,0.0,0.0,0.2582,0.1826,5.0,locate,0,0,2.8852
1786549764.1979,2026-08-12 17:49:24.197,5,0,0,-0.04523,-0.48942,0.04971,-2.2152,9.7532,-30.0516,-0.0658,0.0623,-0.7144,4.69332,0.0,0.0,0.3162,0.2582,0.0,0.0,0.1826,0.0,0.1826,0.1826,0.0,0.2582,0.2582,0.1826,0.1826,0.0,0.2582,0.1826,0.1826,5.0,locate,0,0,2.7284
1786549764.2479,2026-08-12 17:49:24.247,5,0,0,-0.04524,-0.48942,0.04971,-2.1617,9.3937,-30.1614,-0.0555,0.0631,-0.7052,4.68476,0.0,0.0,0.3162,0.2582,0.0,0.0,0.1826,0.0,0.1826,0.1826,0.0,0.2582,0.2582,0.1826,0.1826,0.0,0.2582,0.1826,0.1826,5.0,locate,0,0,2.8045
1786549764.2981,2026-08-12 17:49:24.298,5,0,0,-0.04526,-0.48941,0.04971,-2.489,9.6552,-29.7553,-0.0649,0.0544,-0.7149,4.68602,0.0,0.0,0.3651,0.0,0.0,0.2582,0.1826,0.1826,0.0,0.0,0.0,0.2582,0.3162,0.1826,0.0,0.0,0.2582,0.2582,0.0,5.0,locate,0,0,2.7933
1786549764.3482,2026-08-12 17:49:24.348,5,0,0,-0.04525,-0.48942,0.04972,-2.3247,9.3693,-29.9415,-0.059,0.0574,-0.7123,4.69181,0.0,0.0,0.3651,0.0,0.0,0.2582,0.1826,0.1826,0.0,0.0,0.0,0.2582,0.3162,0.1826,0.0,0.0,0.2582,0.2582,0.0,5.0,locate,0,0,2.7418
1786549764.3983,2026-08-12 17:49:24.398,5,0,0,-0.04522,-0.48942,0.04971,-2.163,9.3944,-29.9148,-0.0588,0.0662,-0.715,4.68249,0.0,0.0,0.3162,0.1826,0.0,0.0,0.0,0.3162,0.2582,0.1826,0.0,0.1826,0.3651,0.1826,0.0,0.0,0.0,0.0,0.0,5.0,locate,0,0,2.8247
1786549764.4485,2026-08-12 17:49:24.448,5,0,0,-0.04522,-0.48942,0.04971,-2.2894,9.4162,-29.8371,-0.0571,0.0603,-0.7114,4.69382,0.0,0.0,0.2582,0.0,0.0,0.1826,0.1826,0.1826,0.0,0.2582,0.0,0.0,0.3162,0.1826,0.3162,0.2582,0.1826,0.0,0.3162,5.0,locate,0,0,2.7239
1786549764.4986,2026-08-12 17:49:24.498,5,0,0,-0.04525,-0.4894,0.04971,-2.1476,9.2519,-30.1447,-0.0533,0.0686,-0.7112,4.69256,0.0,0.0,0.2582,0.0,0.0,0.1826,0.1826,0.1826,0.0,0.2582,0.0,0.0,0.3162,0.1826,0.3162,0.2582,0.1826,0.0,0.3162,5.0,locate,0,0,2.7351
1786549764.5487,2026-08-12 17:49:24.548,5,0,0,-0.04523,-0.48942,0.04971,-2.3666,9.5229,-29.9829,-0.0585,0.0579,-0.7108,4.69181,0.0,0.0,0.2582,0.0,0.0,0.2582,0.0,0.1826,0.0,0.1826,0.0,0.0,0.2582,0.3162,0.1826,0.0,0.0,0.1826,0.1826,5.0,locate,0,0,2.7418
1786549764.5989,2026-08-12 17:49:24.598,5,0,0,-0.04524,-0.48942,0.04971,-2.2036,9.3087,-29.9211,-0.0564,0.0631,-0.7186,4.69281,0.0,0.0,0.2582,0.0,0.0,0.2582,0.0,0.1826,0.0,0.1826,0.0,0.0,0.2582,0.3162,0.1826,0.0,0.0,0.1826,0.1826,5.0,locate,0,0,2.7329
1786549764.649,2026-08-12 17:49:24.649,5,0,0,-0.04524,-0.48943,0.04972,-2.1854,9.3822,-30.0906,-0.0614,0.0622,-0.7086,4.69432,0.0,0.0,0.3162,0.0,0.0,0.0,0.1826,0.1826,0.1826,0.1826,0.0,0.1826,0.0,0.1826,0.0,0.0,0.1826,0.0,0.0,5.0,locate,0,0,2.7194
1786549764.6991,2026-08-12 17:49:24.699,5,0,0,-0.04527,-0.48942,0.04971,-2.3466,9.3551,-29.9744,-0.0585,0.0609,-0.7092,4.68652,0.0,0.0,0.2582,0.0,0.0,0.0,0.0,0.1826,0.0,0.2582,0.0,0.0,0.2582,0.2582,0.1826,0.0,0.1826,0.1826,0.2582,5.0,locate,0,0,2.7889
1786549764.7493,2026-08-12 17:49:24.749,5,0,0,-0.04522,-0.48941,0.0497,-2.2612,9.5857,-30.0275,-0.0697,0.0635,-0.7088,4.68853,0.0,0.0,0.2582,0.0,0.0,0.0,0.0,0.1826,0.0,0.2582,0.0,0.0,0.2582,0.2582,0.1826,0.0,0.1826,0.1826,0.2582,5.0,locate,0,0,2.7709
1786549764.7994,2026-08-12 17:49:24.799,5,0,0,-0.04524,-0.48941,0.04971,-2.4654,9.4568,-29.9109,-0.0609,0.057,-0.7088,4.69055,0.0,0.0,0.2582,0.0,0.0,0.0,0.0,0.0,0.1826,0.2582,0.0,0.0,0.0,0.1826,0.1826,0.0,0.2582,0.0,0.3162,5.0,locate,0,0,2.753
1786549764.8495,2026-08-12 17:49:24.849,5,0,0,-0.04523,-0.48941,0.04969,-2.0191,9.3145,-29.9354,-0.0595,0.0641,-0.7053,4.68375,0.0,0.0,0.2582,0.0,0.0,0.0,0.0,0.0,0.1826,0.2582,0.0,0.0,0.0,0.1826,0.1826,0.0,0.2582,0.0,0.3162,5.0,locate,0,0,2.8135
1786549764.8996,2026-08-12 17:49:24.899,5,0,0,-0.04524,-0.4894,0.0497,-2.2565,9.7726,-30.0201,-0.0686,0.0619,-0.7033,4.68778,0.0,0.0,0.2582,0.0,0.0,0.1826,0.1826,0.1826,0.1826,0.0,0.1826,0.0,0.2582,0.1826,0.0,0.1826,0.1826,0.0,0.2582,5.0,locate,0,0,2.7777
1786549764.9497,2026-08-12 17:49:24.949,5,0,0,-0.04523,-0.48941,0.04971,-2.2466,9.5331,-30.0108,-0.0624,0.0625,-0.7037,4.68828,0.0,0.0,0.2582,0.0,0.0,0.1826,0.1826,0.1826,0.1826,0.0,0.1826,0.0,0.2582,0.1826,0.0,0.1826,0.1826,0.0,0.2582,5.0,locate,0,0,2.7732
1786549765.0,2026-08-12 17:49:24.999,5,1,0,-0.04524,-0.48941,0.0497,-2.245,9.6416,-29.9795,-0.0638,0.0619,-0.7006,4.68677,0.0,0.0,0.2582,0.0,0.0,0.1826,0.0,0.1826,0.0,0.1826,0.1826,0.1826,0.2582,0.0,0.0,0.2582,0.1826,0.0,0.0,5.0,press,0,0,2.7866
1786549765.05,2026-08-12 17:49:25.050,5,1,0,-0.04521,-0.48941,0.04969,-2.0557,9.5921,-29.8448,-0.0633,0.0676,-0.7058,4.68174,0.0,0.1826,0.2582,0.0,0.0,0.0,0.1826,0.1826,0.0,0.2582,0.0,0.1826,0.1826,0.2582,0.1826,0.0,0.1826,0.0,0.1826,5.0,press,0,0,2.8314
1786549765.1002,2026-08-12 17:49:25.100,5,1,0,-0.04525,-0.48943,0.04971,-2.527,9.9257,-29.8104,-0.0693,0.0577,-0.711,4.69256,0.0,0.1826,0.2582,0.0,0.0,0.0,0.1826,0.1826,0.0,0.2582,0.0,0.1826,0.1826,0.2582,0.1826,0.0,0.1826,0.0,0.1826,5.0,press,0,0,2.7351
1786549765.1504,2026-08-12 17:49:25.150,5,1,0,-0.04524,-0.48943,0.04967,-2.2296,9.4424,-29.8889,-0.0577,0.063,-0.699,4.68576,0.0,0.0,0.3162,0.1826,0.0,0.1826,0.1826,0.1826,0.0,0.2582,0.0,0.1826,0.2582,0.2582,0.1826,0.0,0.1826,0.2582,0.2582,5.0,press,0,0,2.7956
1786549765.2005,2026-08-12 17:49:25.200,5,1,0,-0.04523,-0.48944,0.04962,-2.258,9.7429,-29.835,-0.0669,0.0588,-0.7129,4.69004,0.0,0.0,0.3162,0.1826,0.0,0.1826,0.1826,0.1826,0.0,0.2582,0.0,0.1826,0.2582,0.2582,0.1826,0.0,0.1826,0.2582,0.2582,5.0,press,0,0,2.7575
1786549765.2505,2026-08-12 17:49:25.250,5,1,0,-0.04524,-0.48945,0.04952,-2.3361,9.4986,-29.9063,-0.061,0.0591,-0.7099,4.69155,0.0,0.0,0.2582,0.0,0.0,0.0,0.0,0.1826,0.1826,0.2582,0.0,0.1826,0.2582,0.0,0.0,0.1826,0.0,0.1826,0.0,5.0,press,0,0,2.7441
1786549765.3006,2026-08-12 17:49:25.300,5,1,0,-0.04526,-0.48943,0.04937,-2.4904,9.6235,-29.755,-0.0628,0.0543,-0.7054,4.6913,0.0,0.0,0.3162,0.0,0.0,0.1826,0.0,0.2582,0.0,0.2582,0.0,0.0,0.2582,0.1826,0.0,0.2582,0.1826,0.1826,0.2582,5.0,press,0,0,2.7463
1786549765.3508,2026-08-12 17:49:25.350,5,1,0,-0.04524,-0.48942,0.04926,-2.2036,9.5275,-29.8907,-0.0611,0.0648,-0.7067,4.68677,0.0,0.0,0.3162,0.0,0.0,0.1826,0.0,0.2582,0.0,0.2582,0.0,0.0,0.2582,0.1826,0.0,0.2582,0.1826,0.1826,0.2582,5.0,press,0,0,2.7866
1786549765.4009,2026-08-12 17:49:25.400,5,1,0,-0.04526,-0.48942,0.04913,-2.532,9.806,-30.0201,-0.0696,0.0531,-0.7008,4.68526,0.0,0.0,0.3651,0.0,0.0,0.1826,0.0,0.1826,0.0,0.1826,0.2582,0.1826,0.2582,0.1826,0.2582,0.2582,0.1826,0.1826,0.2582,5.0,press,0,0,2.8001
1786549765.451,2026-08-12 17:49:25.451,5,1,0,-0.04526,-0.48942,0.04897,-2.3374,9.8089,-29.7573,-0.0669,0.0594,-0.6998,4.68652,0.0,0.0,0.3651,0.0,0.0,0.1826,0.0,0.1826,0.0,0.1826,0.2582,0.1826,0.2582,0.1826,0.2582,0.2582,0.1826,0.1826,0.2582,5.0,press,0,0,2.7889
1786549765.5012,2026-08-12 17:49:25.501,5,1,0,-0.04524,-0.48944,0.04878,-2.4497,10.1646,-29.8157,-0.0789,0.0576,-0.6966,4.684,0.0,0.0,0.2582,0.0,0.1826,0.0,0.0,0.2582,0.1826,0.0,0.0,0.0,0.2582,0.1826,0.0,0.0,0.0,0.0,0.0,5.0,press,0,0,2.8113
1786549765.5514,2026-08-12 17:49:25.551,5,1,0,-0.04522,-0.48942,0.04861,-2.271,9.5209,-30.1323,-0.0605,0.0616,-0.7015,4.69357,0.0,0.0,0.2582,0.0,0.1826,0.0,0.0,0.2582,0.1826,0.0,0.0,0.0,0.2582,0.1826,0.0,0.0,0.0,0.0,0.0,5.0,press,0,0,2.7261
1786549765.6015,2026-08-12 17:49:25.601,5,1,0,-0.04524,-0.48943,0.04845,-2.4344,9.6759,-29.8952,-0.0645,0.055,-0.6995,4.68375,0.0,0.0,0.2582,0.0,0.0,0.1826,0.0,0.1826,0.1826,0.0,0.0,0.0,0.2582,0.2582,0.0,0.1826,0.0,0.3162,0.0,5.0,press,0,0,2.8135
1786549765.6516,2026-08-12 17:49:25.651,5,1,0,-0.04524,-0.48942,0.0483,-2.4124,9.51,-29.8464,-0.0632,0.0596,-0.6988,4.67997,0.0,0.0,0.1826,0.2582,0.0,0.1826,0.0,0.1826,0.2582,0.0,0.1826,0.0,0.1826,0.1826,0.0,0.2582,0.0,0.2582,0.0,5.0,press,0,0,2.8471
1786549765.7017,2026-08-12 17:49:25.701,5,1,0,-0.04525,-0.48942,0.04813,-1.839,9.2357,-29.9795,-0.0562,0.0703,-0.704,4.68199,0.0,0.0,0.1826,0.2582,0.0,0.1826,0.0,0.1826,0.2582,0.0,0.1826,0.0,0.1826,0.1826,0.0,0.2582,0.0,0.2582,0.0,5.0,press,0,0,2.8292
1786549765.7518,2026-08-12 17:49:25.751,5,1,0,-0.04522,-0.48943,0.04795,-2.6093,10.0512,-29.7247,-0.0753,0.0499,-0.7095,4.68375,0.0,0.0,0.1826,0.0,0.0,0.0,0.0,0.0,0.2582,0.1826,0.0,0.0,0.0,0.0,0.1826,0.0,0.0,0.0,0.1826,5.0,press,0,0,2.8135
1786549765.802,2026-08-12 17:49:25.801,5,1,0,-0.04523,-0.48942,0.04779,-2.0626,9.7354,-29.825,-0.0679,0.0639,-0.7016,4.6835,0.0,0.0,0.1826,0.0,0.0,0.0,0.0,0.0,0.2582,0.1826,0.0,0.0,0.0,0.0,0.1826,0.0,0.0,0.0,0.1826,5.0,press,0,0,2.8157
1786549765.8521,2026-08-12 17:49:25.852,5,1,0,-0.04525,-0.48941,0.04759,-2.5826,10.1188,-29.7942,-0.0792,0.0509,-0.7067,4.69634,0.0,0.0,0.1826,0.0,0.0,0.0,0.0,0.0,0.1826,0.1826,0.0,0.0,0.1826,0.3162,0.0,0.0,0.0,0.2582,0.0,5.0,press,0,0,2.7015
1786549765.9022,2026-08-12 17:49:25.902,5,1,0,-0.04524,-0.48941,0.04743,-1.6333,9.0904,-30.1791,-0.0518,0.0794,-0.6908,4.69306,0.0,0.0,0.1826,0.1826,0.0,0.0,0.0,0.0,0.2582,0.2582,0.0,0.0,0.1826,0.3162,0.0,0.0,0.0,0.3162,0.1826,5.0,press,0,0,2.7306
1786549765.9524,2026-08-12 17:49:25.952,5,1,0,-0.04525,-0.48941,0.04727,-1.9852,9.6447,-30.0712,-0.0662,0.0693,-0.6951,4.68249,0.0,0.0,0.1826,0.1826,0.0,0.0,0.0,0.0,0.2582,0.2582,0.0,0.0,0.1826,0.3162,0.0,0.0,0.0,0.3162,0.1826,5.0,press,0,0,2.8247
1786549766.0025,2026-08-12 17:49:26.002,5,1,0,-0.04524,-0.48941,0.04711,-2.2558,9.6047,-30.0965,-0.0613,0.0604,-0.6987,4.69281,0.0,0.0,0.1826,0.0,0.2582,0.0,0.0,0.0,0.1826,0.0,0.0,0.0,0.0,0.1826,0.0,0.0,0.0,0.0,0.0,5.0,press,0,0,2.7329
1786549766.0526,2026-08-12 17:49:26.052,5,1,0,-0.04524,-0.48942,0.04695,-2.3952,9.6181,-30.1423,-0.0639,0.056,-0.7014,4.68476,0.0,0.0,0.1826,0.0,0.2582,0.0,0.0,0.0,0.1826,0.0,0.0,0.0,0.0,0.1826,0.0,0.0,0.0,0.0,0.0,5.0,press,0,0,2.8045
1786549766.1027,2026-08-12 17:49:26.102,5,1,0,-0.04524,-0.48942,0.04679,-2.3306,10.0784,-30.0108,-0.0762,0.0573,-0.6979,4.68551,0.0,0.0,0.2582,0.1826,0.0,0.2582,0.0,0.1826,0.1826,0.1826,0.1826,0.0,0.2582,0.1826,0.0,0.2582,0.0,0.1826,0.1826,5.0,press,0,0,2.7978
1786549766.1528,2026-08-12 17:49:26.152,5,1,0,-0.04525,-0.48942,0.04661,-2.4109,9.5907,-29.9667,-0.0631,0.0594,-0.7031,4.69306,0.0,0.0,0.1826,0.0,0.0,0.1826,0.0,0.0,0.1826,0.2582,0.0,0.0,0.1826,0.3162,0.0,0.0,0.0,0.2582,0.0,5.0,press,0,0,2.7306
1786549766.203,2026-08-12 17:49:26.202,5,1,0,-0.04525,-0.48943,0.04646,-2.3495,9.792,-29.7899,-0.0661,0.0584,-0.7031,4.68627,0.0,0.0,0.1826,0.0,0.0,0.1826,0.0,0.0,0.1826,0.2582,0.0,0.0,0.1826,0.3162,0.0,0.0,0.0,0.2582,0.0,5.0,press,0,0,2.7911
1786549766.2531,2026-08-12 17:49:26.253,5,1,0,-0.04524,-0.48942,0.04627,-2.2346,9.9422,-29.8351,-0.0703,0.0583,-0.6986,4.69407,0.0,0.0,0.0,0.0,0.0,0.1826,0.0,0.0,0.1826,0.1826,0.1826,0.0,0.1826,0.1826,0.0,0.0,0.0,0.1826,0.1826,5.0,press,0,0,2.7217
1786549766.3032,2026-08-12 17:49:26.303,5,1,0,-0.04524,-0.48942,0.04611,-2.22,9.4811,-30.1463,-0.061,0.0591,-0.7006,4.68476,0.0,0.0,0.0,0.0,0.0,0.1826,0.0,0.0,0.1826,0.1826,0.1826,0.0,0.1826,0.1826,0.0,0.0,0.0,0.1826,0.1826,5.0,press,0,0,2.8045
1786549766.3536,2026-08-12 17:49:26.353,5,1,0,-0.04523,-0.48942,0.04593,-2.3046,9.8627,-29.9789,-0.0733,0.0592,-0.7024,4.68249,0.0,0.0,0.3162,0.0,0.0,0.2582,0.1826,0.1826,0.0,0.3651,0.0,0.0,0.1826,0.1826,0.2582,0.1826,0.2582,0.1826,0.1826,5.0,press,0,0,2.8247
1786549766.4037,2026-08-12 17:49:26.403,5,1,0,-0.04524,-0.48942,0.04576,-1.8994,9.3268,-30.1995,-0.0537,0.0711,-0.6987,4.68375,0.0,0.0,0.3162,0.0,0.0,0.2582,0.1826,0.1826,0.0,0.3651,0.0,0.0,0.1826,0.1826,0.2582,0.1826,0.2582,0.1826,0.1826,5.0,press,0,0,2.8135
1786549766.4537,2026-08-12 17:49:26.453,5,1,0,-0.04524,-0.48942,0.0456,-2.3433,9.6825,-30.1067,-0.0662,0.0611,-0.6977,4.68727,0.0,0.1826,0.2582,0.0,0.2582,0.1826,0.1826,0.1826,0.1826,0.3162,0.0,0.0,0.2582,0.3162,0.2582,0.1826,0.1826,0.2582,0.1826,5.0,press,0,0,2.7821
1786549766.5039,2026-08-12 17:49:26.503,5,1,0,-0.04524,-0.48941,0.04542,-2.1376,9.3532,-30.1243,-0.058,0.0654,-0.7,4.69407,0.0,0.0,0.2582,0.0,0.0,0.2582,0.0,0.0,0.1826,0.1826,0.1826,0.0,0.2582,0.1826,0.0,0.1826,0.0,0.0,0.0,5.0,press,0,0,2.7217
1786549766.554,2026-08-12 17:49:26.554,5,1,0,-0.04524,-0.48941,0.0453,-2.0609,9.3273,-30.2033,-0.0568,0.0682,-0.6984,4.69181,0.0,0.0,0.2582,0.0,0.0,0.2582,0.0,0.0,0.1826,0.1826,0.1826,0.0,0.2582,0.1826,0.0,0.1826,0.0,0.0,0.0,5.0,press,0,0,2.7418
1786549766.6041,2026-08-12 17:49:26.604,5,1,0,-0.04523,-0.48941,0.04518,-2.4069,9.8485,-29.9943,-0.0707,0.0574,-0.7006,4.69533,0.0,0.0,0.3162,0.0,0.0,0.2582,0.0,0.1826,0.0,0.3651,0.1826,0.0,0.2582,0.2582,0.1826,0.2582,0.2582,0.1826,0.2582,5.0,press,0,0,2.7105
1786549766.6542,2026-08-12 17:49:26.654,5,1,0,-0.04524,-0.48943,0.04508,-2.1881,9.7347,-30.0552,-0.0657,0.0654,-0.6957,4.68199,0.0,0.0,0.3162,0.0,0.0,0.2582,0.0,0.1826,0.0,0.3651,0.1826,0.0,0.2582,0.2582,0.1826,0.2582,0.2582,0.1826,0.2582,5.0,press,0,0,2.8292
1786549766.7043,2026-08-12 17:49:26.704,5,1,0,-0.04525,-0.48944,0.04501,-2.3155,9.3023,-30.118,-0.0593,0.0614,-0.6976,4.6845,0.0,0.0,0.1826,0.0,0.2582,0.1826,0.0,0.1826,0.1826,0.1826,0.2582,0.0,0.3162,0.2582,0.1826,0.1826,0.0,0.1826,0.2582,5.0,press,0,0,2.8068
1786549766.7544,2026-08-12 17:49:26.754,5,1,0,-0.04524,-0.48942,0.04492,-1.8897,9.0869,-30.1623,-0.0515,0.0735,-0.6962,4.6903,0.0,0.0,0.1826,0.0,0.0,0.2582,0.0,0.0,0.0,0.3651,0.1826,0.0,0.2582,0.3162,0.2582,0.1826,0.0,0.2582,0.2582,5.0,press,0,0,2.7553
1786549766.8045,2026-08-12 17:49:26.804,5,1,0,-0.04526,-0.48942,0.04484,-2.1889,9.5406,-29.9764,-0.0629,0.0619,-0.6991,4.68476,0.0,0.0,0.1826,0.0,0.0,0.2582,0.0,0.0,0.0,0.3651,0.1826,0.0,0.2582,0.3162,0.2582,0.1826,0.0,0.2582,0.2582,5.0,press,0,0,2.8045
1786549766.8546,2026-08-12 17:49:26.854,5,1,0,-0.04523,-0.48943,0.04479,-2.5004,9.8888,-30.0727,-0.0769,0.0575,-0.6983,4.68375,0.0,0.1826,0.3162,0.0,0.1826,0.1826,0.1826,0.0,0.1826,0.2582,0.0,0.0,0.2582,0.3162,0.1826,0.2582,0.2582,0.2582,0.2582,5.0,press,0,0,2.8135
1786549766.9047,2026-08-12 17:49:26.904,5,1,0,-0.04523,-0.48942,0.04473,-2.2704,9.5247,-29.9716,-0.0622,0.0633,-0.6963,4.68526,0.0,0.1826,0.3162,0.0,0.1826,0.1826,0.1826,0.0,0.1826,0.2582,0.0,0.0,0.2582,0.3162,0.1826,0.2582,0.2582,0.2582,0.2582,5.0,press,0,0,2.8001
1786549766.9549,2026-08-12 17:49:26.954,5,1,0,-0.04525,-0.48941,0.04471,-2.1137,9.6349,-30.0814,-0.0668,0.0651,-0.6962,4.68022,0.0,0.0,0.2582,0.1826,0.0,0.2582,0.1826,0.1826,0.2582,0.2582,0.1826,0.1826,0.3162,0.4082,0.0,0.1826,0.2582,0.2582,0.1826,5.0,press,0,0,2.8449
1786549767.005,2026-08-12 17:49:27.005,5,1,0,-0.04525,-0.48943,0.04474,-2.0908,9.4748,-30.0085,-0.0612,0.0643,-0.6913,4.68098,0.0,0.0,0.3162,0.0,0.0,0.0,0.0,0.2582,0.3162,0.3162,0.0,0.1826,0.3162,0.3162,0.1826,0.0,0.2582,0.1826,0.3162,5.0,hold,0,0,2.8381
1786549767.055,2026-08-12 17:49:27.055,5,1,0,-0.04525,-0.48942,0.04474,-2.1448,9.1816,-30.0429,-0.0536,0.0657,-0.6899,4.6772,0.0,0.0,0.3162,0.0,0.0,0.0,0.0,0.2582,0.3162,0.3162,0.0,0.1826,0.3162,0.3162,0.1826,0.0,0.2582,0.1826,0.3162,5.0,hold,0,0,2.8717
1786549767.1052,2026-08-12 17:49:27.105,5,1,0,-0.04524,-0.48942,0.04473,-2.3089,9.4029,-29.8572,-0.0614,0.0611,-0.7009,4.68199,0.0,0.0,0.3162,0.0,0.1826,0.2582,0.1826,0.1826,0.1826,0.3651,0.1826,0.1826,0.3162,0.3651,0.2582,0.2582,0.3162,0.2582,0.0,5.0,hold,0,0,2.8292
1786549767.1553,2026-08-12 17:49:27.155,5,1,0,-0.04524,-0.48941,0.04471,-2.2239,9.4696,-29.9438,-0.0584,0.0617,-0.6946,4.67393,0.0,0.0,0.3162,0.0,0.1826,0.2582,0.1826,0.1826,0.1826,0.3651,0.1826,0.1826,0.3162,0.3651,0.2582,0.2582,0.3162,0.2582,0.0,5.0,hold,0,0,2.9009
1786549767.2054,2026-08-12 17:49:27.205,5,1,0,-0.04524,-0.48941,0.04473,-2.6358,9.5227,-29.7432,-0.0615,0.0533,-0.6979,4.67595,0.0,0.0,0.2582,0.0,0.2582,0.0,0.0,0.3162,0.2582,0.2582,0.1826,0.0,0.3651,0.1826,0.1826,0.2582,0.2582,0.1826,0.2582,5.0,hold,0,0,2.8829
1786549767.2555,2026-08-12 17:49:27.255,5,1,0,-0.04525,-0.48941,0.0447,-2.4438,9.3841,-29.865,-0.0596,0.0562,-0.6916,4.68048,0.0,0.0,0.2582,0.0,0.2582,0.0,0.0,0.3162,0.2582,0.2582,0.1826,0.0,0.3651,0.1826,0.1826,0.2582,0.2582,0.1826,0.2582,5.0,hold,0,0,2.8426
1786549767.3056,2026-08-12 17:49:27.305,5,1,0,-0.04524,-0.48941,0.04471,-2.1905,9.3208,-29.9285,-0.0587,0.0619,-0.6945,4.67796,0.0,0.1826,0.3162,0.0,0.0,0.2582,0.1826,0.2582,0.1826,0.2582,0.1826,0.1826,0.3162,0.2582,0.1826,0.2582,0.3162,0.3162,0.1826,5.0,hold,0,0,2.865
1786549767.3558,2026-08-12 17:49:27.355,5,1,0,-0.04523,-0.4894,0.0447,-2.5448,10.167,-30.067,-0.0774,0.0547,-0.6953,4.67771,0.0,0.1826,0.1826,0.0,0.0,0.1826,0.0,0.1826,0.1826,0.3651,0.0,0.0,0.3651,0.3162,0.1826,0.0,0.2582,0.1826,0.0,5.0,hold,0,0,2.8673
1786549767.4059,2026-08-12 17:49:27.405,5,1,0,-0.04524,-0.48942,0.04473,-1.9211,9.3989,-30.0237,-0.0612,0.0737,-0.6883,4.67796,0.0,0.1826,0.1826,0.0,0.0,0.1826,0.0,0.1826,0.1826,0.3651,0.0,0.0,0.3651,0.3162,0.1826,0.0,0.2582,0.1826,0.0,5.0,hold,0,0,2.865
1786549767.456,2026-08-12 17:49:27.456,5,1,0,-0.04523,-0.48942,0.04471,-1.8765,9.1298,-30.1809,-0.0512,0.0718,-0.6975,4.67494,0.0,0.0,0.1826,0.0,0.1826,0.1826,0.0,0.0,0.1826,0.1826,0.0,0.0,0.1826,0.3651,0.0,0.1826,0.1826,0.2582,0.0,5.0,hold,0,0,2.8919
1786549767.5063,2026-08-12 17:49:27.506,5,1,0,-0.04524,-0.48942,0.04473,-2.2677,9.7024,-30.1822,-0.0706,0.0621,-0.6927,4.67192,0.0,0.0,0.1826,0.0,0.1826,0.1826,0.0,0.0,0.1826,0.1826,0.0,0.0,0.1826,0.3651,0.0,0.1826,0.1826,0.2582,0.0,5.0,hold,0,0,2.9188
1786549767.5564,2026-08-12 17:49:27.556,5,1,0,-0.04525,-0.48941,0.04474,-1.9675,9.1451,-30.1286,-0.0556,0.0677,-0.6899,4.67645,0.0,0.0,0.1826,0.1826,0.0,0.1826,0.0,0.0,0.1826,0.3162,0.0,0.0,0.2582,0.3162,0.1826,0.1826,0.1826,0.3162,0.1826,5.0,hold,0,0,2.8785
1786549767.6065,2026-08-12 17:49:27.606,5,1,0,-0.04524,-0.4894,0.0447,-2.2776,9.6489,-30.0652,-0.0652,0.0604,-0.7,4.67997,0.0,0.0,0.3162,0.0,0.1826,0.1826,0.0,0.0,0.2582,0.3162,0.0,0.1826,0.3162,0.3162,0.1826,0.0,0.3162,0.3651,0.2582,5.0,hold,0,0,2.8471
1786549767.6566,2026-08-12 17:49:27.656,5,1,0,-0.04524,-0.48943,0.04474,-2.0581,9.1805,-30.0298,-0.0554,0.0672,-0.6946,4.67771,0.0,0.0,0.3162,0.0,0.1826,0.1826,0.0,0.0,0.2582,0.3162,0.0,0.1826,0.3162,0.3162,0.1826,0.0,0.3162,0.3651,0.2582,5.0,hold,0,0,2.8673
1786549767.7067,2026-08-12 17:49:27.706,5,1,0,-0.04525,-0.48941,0.04473,-2.2049,9.8258,-29.9485,-0.0715,0.0621,-0.6926,4.67771,0.0,0.0,0.1826,0.0,0.0,0.0,0.0,0.1826,0.2582,0.3651,0.0,0.0,0.3162,0.4082,0.2582,0.0,0.0,0.2582,0.2582,5.0,hold,0,0,2.8673
1786549767.7569,2026-08-12 17:49:27.756,5,1,0,-0.04523,-0.48943,0.04473,-2.5359,9.6531,-29.917,-0.0642,0.0551,-0.6901,4.68098,0.0,0.0,0.1826,0.0,0.0,0.0,0.0,0.1826,0.2582,0.3651,0.0,0.0,0.3162,0.4082,0.2582,0.0,0.0,0.2582,0.2582,5.0,hold,0,0,2.8381
1786549767.807,2026-08-12 17:49:27.807,5,1,0,-0.04525,-0.48941,0.04471,-2.247,9.7739,-29.9281,-0.0732,0.0642,-0.689,4.67368,0.0,0.0,0.3162,0.1826,0.1826,0.2582,0.0,0.1826,0.3651,0.4082,0.1826,0.0,0.2582,0.3651,0.2582,0.3162,0.2582,0.2582,0.3162,5.0,hold,0,0,2.9031
1786549767.8571,2026-08-12 17:49:27.857,5,1,0,-0.04524,-0.48942,0.04473,-2.3051,9.7918,-29.9446,-0.0694,0.0624,-0.6913,4.68325,0.0,0.0,0.2582,0.0,0.2582,0.2582,0.0,0.1826,0.2582,0.3162,0.0,0.0,0.3162,0.2582,0.0,0.1826,0.2582,0.2582,0.1826,5.0,hold,0,0,2.818
1786549767.9072,2026-08-12 17:49:27.907,5,1,0,-0.04522,-0.48942,0.04471,-2.1314,10.0141,-29.8902,-0.076,0.0623,-0.6937,4.67166,0.0,0.0,0.2582,0.0,0.2582,0.2582,0.0,0.1826,0.2582,0.3162,0.0,0.0,0.3162,0.2582,0.0,0.1826,0.2582,0.2582,0.1826,5.0,hold,0,0,2.921
1786549767.9574,2026-08-12 17:49:27.957,5,1,0,-0.04525,-0.48942,0.04473,-2.0976,9.4276,-29.9594,-0.062,0.063,-0.6866,4.67897,0.0,0.0,0.1826,0.0,0.1826,0.0,0.0,0.0,0.2582,0.3162,0.0,0.0,0.3162,0.4082,0.1826,0.0,0.1826,0.3162,0.1826,5.0,hold,0,0,2.8561
1786549768.0075,2026-08-12 17:49:28.007,5,1,0,-0.04523,-0.48941,0.04471,-2.0465,9.6294,-29.99,-0.0667,0.0676,-0.6955,4.67595,0.0,0.0,0.1826,0.0,0.1826,0.0,0.0,0.0,0.2582,0.3162,0.0,0.0,0.3162,0.4082,0.1826,0.0,0.1826,0.3162,0.1826,5.0,hold,0,0,2.8829
1786549768.0576,2026-08-12 17:49:28.057,5,1,0,-0.04524,-0.48942,0.04473,-2.0022,9.7563,-29.9793,-0.0669,0.0673,-0.6926,4.67645,0.0,0.0,0.2582,0.0,0.1826,0.1826,0.1826,0.1826,0.3162,0.3162,0.0,0.0,0.2582,0.4082,0.0,0.1826,0.2582,0.2582,0.0,5.0,hold,0,0,2.8785
1786549768.1077,2026-08-12 17:49:28.107,5,1,0,-0.04525,-0.48942,0.04473,-2.4002,9.7092,-29.8326,-0.0661,0.0612,-0.6888,4.68148,0.0,0.0,0.2582,0.0,0.1826,0.1826,0.1826,0.1826,0.3162,0.3162,0.0,0.0,0.2582,0.4082,0.0,0.1826,0.2582,0.2582,0.0,5.0,hold,0,0,2.8337
1786549768.1579,2026-08-12 17:49:28.157,5,1,0,-0.04521,-0.48942,0.04473,-2.3618,9.4804,-29.8377,-0.0644,0.0609,-0.6972,4.6762,0.0,0.0,0.3651,0.0,0.2582,0.1826,0.0,0.0,0.1826,0.3162,0.0,0.1826,0.3162,0.3162,0.1826,0.0,0.3162,0.2582,0.2582,5.0,hold,0,0,2.8807
1786549768.208,2026-08-12 17:49:28.208,5,1,0,-0.04522,-0.48941,0.04471,-1.7029,9.3801,-30.0565,-0.0609,0.0739,-0.6934,4.68199,0.0,0.0,0.3651,0.0,0.1826,0.1826,0.1826,0.1826,0.1826,0.2582,0.1826,0.2582,0.3651,0.3162,0.1826,0.1826,0.3651,0.1826,0.1826,5.0,hold,0,0,2.8292
1786549768.2581,2026-08-12 17:49:28.258,5,1,0,-0.04523,-0.48941,0.04471,-1.8667,9.3584,-29.9013,-0.0603,0.073,-0.6943,4.6767,0.0,0.0,0.3651,0.0,0.1826,0.1826,0.1826,0.1826,0.1826,0.2582,0.1826,0.2582,0.3651,0.3162,0.1826,0.1826,0.3651,0.1826,0.1826,5.0,hold,0,0,2.8762
1786549768.3082,2026-08-12 17:49:28.308,5,1,0,-0.04524,-0.48943,0.04474,-2.1911,9.8157,-29.8985,-0.0719,0.0618,-0.6841,4.68224,0.0,0.0,0.3162,0.0,0.0,0.2582,0.2582,0.2582,0.2582,0.4082,0.2582,0.2582,0.4082,0.2582,0.2582,0.2582,0.3162,0.2582,0.2582,5.0,hold,0,0,2.8269
1786549768.3583,2026-08-12 17:49:28.358,5,1,0,-0.04524,-0.48942,0.04472,-2.2398,9.4948,-29.9701,-0.0636,0.0605,-0.6916,4.67041,0.0,0.0,0.3162,0.0,0.0,0.2582,0.2582,0.2582,0.2582,0.4082,0.2582,0.2582,0.4082,0.2582,0.2582,0.2582,0.3162,0.2582,0.2582,5.0,hold,0,0,2.9322
1786549768.4084,2026-08-12 17:49:28.408,5,1,0,-0.04523,-0.48941,0.04471,-2.1643,9.5246,-29.8029,-0.0662,0.0636,-0.6952,4.67771,0.0,0.1826,0.3651,0.0,0.2582,0.2582,0.2582,0.2582,0.2582,0.3651,0.2582,0.1826,0.3651,0.3651,0.2582,0.2582,0.3651,0.3162,0.2582,5.0,hold,0,0,2.8673
1786549768.4585,2026-08-12 17:49:28.458,5,1,0,-0.04525,-0.48942,0.04474,-2.2543,9.5795,-29.868,-0.0635,0.0624,-0.6863,4.6699,0.0,0.0,0.1826,0.0,0.0,0.0,0.0,0.1826,0.3162,0.3162,0.0,0.0,0.4082,0.3162,0.3651,0.1826,0.2582,0.1826,0.2582,5.0,hold,0,0,2.9367
1786549768.5086,2026-08-12 17:49:28.508,5,1,0,-0.04525,-0.48941,0.04471,-2.3294,9.861,-29.8711,-0.0693,0.0607,-0.69,4.68174,0.0,0.0,0.1826,0.0,0.0,0.0,0.0,0.1826,0.3162,0.3162,0.0,0.0,0.4082,0.3162,0.3651,0.1826,0.2582,0.1826,0.2582,5.0,hold,0,0,2.8314
1786549768.5588,2026-08-12 17:49:28.558,5,1,0,-0.04522,-0.48943,0.04474,-2.2009,9.3969,-29.8145,-0.0571,0.0635,-0.6899,4.67418,0.0,0.0,0.3162,0.0,0.1826,0.2582,0.1826,0.0,0.1826,0.3651,0.2582,0.1826,0.2582,0.3162,0.3162,0.3162,0.2582,0.1826,0.2582,5.0,hold,0,0,2.8986
1786549768.6089,2026-08-12 17:49:28.608,5,1,0,-0.04524,-0.48941,0.04471,-2.577,9.8066,-29.8637,-0.0695,0.0521,-0.6977,4.684,0.0,0.0,0.3162,0.0,0.1826,0.2582,0.1826,0.0,0.1826,0.3651,0.2582,0.1826,0.2582,0.3162,0.3162,0.3162,0.2582,0.1826,0.2582,5.0,hold,0,0,2.8113
1786549768.659,2026-08-12 17:49:28.659,5,1,0,-0.04524,-0.48941,0.04472,-2.3623,9.6022,-29.7655,-0.0608,0.0576,-0.6964,4.67317,0.0,0.2582,0.3162,0.0,0.2582,0.2582,0.2582,0.2582,0.1826,0.3162,0.1826,0.1826,0.3651,0.3651,0.2582,0.2582,0.2582,0.2582,0.1826,5.0,hold,0,0,2.9076
1786549768.7091,2026-08-12 17:49:28.709,5,1,0,-0.04525,-0.48941,0.04471,-2.058,9.5297,-30.0541,-0.0654,0.0662,-0.6938,4.67368,0.0,0.1826,0.3651,0.0,0.1826,0.0,0.1826,0.1826,0.2582,0.3162,0.0,0.0,0.3162,0.2582,0.2582,0.1826,0.3162,0.1826,0.3162,5.0,hold,0,0,2.9031
1786549768.7594,2026-08-12 17:49:28.759,5,1,0,-0.04523,-0.48942,0.04473,-2.4501,9.8205,-29.87,-0.0701,0.0566,-0.6932,4.66965,0.0,0.1826,0.3651,0.0,0.1826,0.0,0.1826,0.1826,0.2582,0.3162,0.0,0.0,0.3162,0.2582,0.2582,0.1826,0.3162,0.1826,0.3162,5.0,hold,0,0,2.9389
1786549768.8095,2026-08-12 17:49:28.809,5,1,0,-0.04523,-0.48942,0.04471,-2.2967,9.6283,-29.8445,-0.0621,0.0597,-0.6965,4.68048,0.0,0.0,0.2582,0.0,0.2582,0.2582,0.1826,0.1826,0.1826,0.3651,0.2582,0.1826,0.3162,0.3162,0.2582,0.2582,0.2582,0.1826,0.0,5.0,hold,0,0,2.8426
1786549768.8596,2026-08-12 17:49:28.859,5,1,0,-0.04525,-0.48943,0.04474,-2.4607,9.4421,-29.9281,-0.0614,0.0554,-0.6922,4.68174,0.0,0.0,0.2582,0.0,0.2582,0.2582,0.1826,0.1826,0.1826,0.3651,0.2582,0.1826,0.3162,0.3162,0.2582,0.2582,0.2582,0.1826,0.0,5.0,hold,0,0,2.8314
1786549768.9097,2026-08-12 17:49:28.909,5,1,0,-0.04524,-0.48941,0.04471,-1.965,9.3973,-30.0033,-0.062,0.0679,-0.6854,4.67771,0.0,0.1826,0.3651,0.0,0.1826,0.2582,0.1826,0.1826,0.3162,0.4082,0.1826,0.2582,0.3162,0.3162,0.3162,0.2582,0.3162,0.2582,0.2582,5.0,hold,0,0,2.8673
1786549768.9598,2026-08-12 17:49:28.959,5,1,0,-0.04523,-0.48941,0.04471,-2.3205,9.6825,-29.7346,-0.0714,0.0593,-0.6864,4.67897,0.0,0.1826,0.3651,0.0,0.1826,0.2582,0.1826,0.1826,0.3162,0.4082,0.1826,0.2582,0.3162,0.3162,0.3162,0.2582,0.3162,0.2582,0.2582,5.0,hold,0,0,2.8561
1786549769.01,2026-08-12 17:49:29.009,5,1,0,-0.04523,-0.48942,0.04472,-2.2142,9.4449,-29.7881,-0.0598,0.0646,-0.6945,4.67192,0.0,0.1826,0.3162,0.0,0.3162,0.2582,0.2582,0.1826,0.2582,0.2582,0.2582,0.2582,0.3162,0.4082,0.2582,0.2582,0.3651,0.2582,0.2582,5.0,hold,0,0,2.9188
1786549769.0601,2026-08-12 17:49:29.060,5,1,0,-0.04523,-0.48942,0.04472,-2.364,9.9114,-30.0173,-0.0747,0.0578,-0.6854,4.6762,0.0,0.1826,0.3162,0.1826,0.0,0.1826,0.1826,0.1826,0.2582,0.3162,0.0,0.1826,0.3651,0.3162,0.3162,0.0,0.3162,0.1826,0.3162,5.0,hold,0,0,2.8807
1786549769.1102,2026-08-12 17:49:29.110,5,1,0,-0.04524,-0.48944,0.04475,-2.0215,8.9753,-30.0206,-0.0497,0.0699,-0.6848,4.68048,0.0,0.1826,0.3162,0.1826,0.0,0.1826,0.1826,0.1826,0.2582,0.3162,0.0,0.1826,0.3651,0.3162,0.3162,0.0,0.3162,0.1826,0.3162,5.0,hold,0,0,2.8426
1786549769.1604,2026-08-12 17:49:29.160,5,1,0,-0.04524,-0.48942,0.04473,-2.3611,9.7003,-29.9306,-0.066,0.0618,-0.6912,4.67343,0.0,0.0,0.3162,0.0,0.2582,0.1826,0.0,0.1826,0.2582,0.2582,0.0,0.0,0.3651,0.3651,0.0,0.0,0.3162,0.3162,0.1826,5.0,hold,0,0,2.9053
1786549769.2104,2026-08-12 17:49:29.210,5,1,0,-0.04523,-0.48941,0.04471,-2.1619,9.4348,-30.0178,-0.06,0.0643,-0.6852,4.68199,0.0,0.0,0.3162,0.0,0.2582,0.1826,0.0,0.1826,0.2582,0.2582,0.0,0.0,0.3651,0.3651,0.0,0.0,0.3162,0.3162,0.1826,5.0,hold,0,0,2.8292
1786549769.2605,2026-08-12 17:49:29.260,5,1,0,-0.04523,-0.48943,0.04473,-2.0179,9.4124,-29.91,-0.0631,0.0638,-0.6923,4.67418,0.0,0.0,0.2582,0.1826,0.0,0.0,0.1826,0.2582,0.2582,0.3651,0.0,0.1826,0.3651,0.3651,0.1826,0.0,0.2582,0.3651,0.3651,5.0,hold,0,0,2.8986
1786549769.3106,2026-08-12 17:49:29.310,5,1,0,-0.04524,-0.48941,0.04472,-1.7545,8.9821,-30.0691,-0.0508,0.075,-0.6838,4.68098,0.0,0.0,0.3162,0.1826,0.3162,0.1826,0.1826,0.1826,0.3162,0.3162,0.0,0.2582,0.3162,0.3651,0.2582,0.0,0.3651,0.3651,0.1826,5.0,hold,0,0,2.8381
1786549769.3607,2026-08-12 17:49:29.360,5,1,0,-0.04523,-0.48942,0.04472,-2.3328,9.4253,-30.0705,-0.06,0.0595,-0.6889,4.67343,0.0,0.0,0.3162,0.1826,0.3162,0.1826,0.1826,0.1826,0.3162,0.3162,0.0,0.2582,0.3162,0.3651,0.2582,0.0,0.3651,0.3651,0.1826,5.0,hold,0,0,2.9053
1786549769.4108,2026-08-12 17:49:29.410,5,1,0,-0.04524,-0.48941,0.04471,-2.1839,9.4972,-30.0028,-0.061,0.0646,-0.6854,4.68224,0.0,0.0,0.3162,0.2582,0.1826,0.1826,0.1826,0.3162,0.3651,0.2582,0.0,0.2582,0.3651,0.3651,0.0,0.1826,0.2582,0.2582,0.0,5.0,hold,0,0,2.8269
1786549769.461,2026-08-12 17:49:29.460,5,1,0,-0.04524,-0.48942,0.04472,-1.9102,9.1955,-30.0989,-0.0509,0.0716,-0.6879,4.67192,0.0,0.0,0.3162,0.2582,0.1826,0.1826,0.1826,0.3162,0.3651,0.2582,0.0,0.2582,0.3651,0.3651,0.0,0.1826,0.2582,0.2582,0.0,5.0,hold,0,0,2.9188
1786549769.5111,2026-08-12 17:49:29.511,5,1,0,-0.04523,-0.48941,0.0447,-2.2446,9.4405,-29.9349,-0.0589,0.0619,-0.6878,4.6767,0.0,0.0,0.2582,0.1826,0.0,0.2582,0.1826,0.1826,0.3162,0.2582,0.1826,0.1826,0.3162,0.2582,0.2582,0.1826,0.3162,0.1826,0.3162,5.0,hold,0,0,2.8762
1786549769.5612,2026-08-12 17:49:29.561,5,1,0,-0.04525,-0.48943,0.04473,-2.4688,9.834,-29.9484,-0.0698,0.0555,-0.6895,4.68425,0.0,0.0,0.3162,0.0,0.1826,0.1826,0.1826,0.1826,0.1826,0.2582,0.0,0.2582,0.3162,0.2582,0.1826,0.1826,0.3162,0.2582,0.1826,5.0,hold,0,0,2.809
1786549769.6113,2026-08-12 17:49:29.611,5,1,0,-0.04525,-0.48942,0.04472,-1.8578,9.6765,-30.2036,-0.0657,0.0703,-0.6816,4.67595,0.0,0.0,0.3162,0.0,0.1826,0.1826,0.1826,0.1826,0.1826,0.2582,0.0,0.2582,0.3162,0.2582,0.1826,0.1826,0.3162,0.2582,0.1826,5.0,hold,0,0,2.8829
1786549769.6614,2026-08-12 17:49:29.661,5,1,0,-0.04523,-0.48942,0.04473,-2.1572,9.1708,-30.0112,-0.0541,0.0645,-0.686,4.67972,0.0,0.0,0.2582,0.0,0.0,0.2582,0.1826,0.2582,0.1826,0.0,0.1826,0.1826,0.4082,0.3162,0.0,0.1826,0.3162,0.1826,0.0,5.0,hold,0,0,2.8493
1786549769.7115,2026-08-12 17:49:29.711,5,1,0,-0.04523,-0.48941,0.04471,-2.0341,9.5061,-29.8572,-0.0623,0.0678,-0.6882,4.67192,0.0,0.0,0.2582,0.0,0.0,0.2582,0.1826,0.2582,0.1826,0.0,0.1826,0.1826,0.4082,0.3162,0.0,0.1826,0.3162,0.1826,0.0,5.0,hold,0,0,2.9188
1786549769.7616,2026-08-12 17:49:29.761,5,1,0,-0.04524,-0.48941,0.04472,-2.3353,9.595,-29.7726,-0.0628,0.0594,-0.69,4.684,0.0,0.1826,0.3162,0.0,0.0,0.2582,0.2582,0.0,0.1826,0.3162,0.1826,0.2582,0.3651,0.3651,0.1826,0.2582,0.3162,0.2582,0.0,5.0,hold,0,0,2.8113
1786549769.8116,2026-08-12 17:49:29.811,5,1,0,-0.04524,-0.48942,0.04473,-2.4402,10.1597,-29.898,-0.0768,0.058,-0.6883,4.6772,0.0,0.1826,0.3162,0.0,0.0,0.2582,0.2582,0.0,0.1826,0.3162,0.1826,0.2582,0.3651,0.3651,0.1826,0.2582,0.3162,0.2582,0.0,5.0,hold,0,0,2.8717
1786549769.8617,2026-08-12 17:49:29.861,5,1,0,-0.04524,-0.4894,0.04471,-2.1474,9.7126,-29.8398,-0.0713,0.0656,-0.6855,4.68551,0.0,0.1826,0.3651,0.0,0.1826,0.1826,0.1826,0.2582,0.2582,0.3162,0.0,0.2582,0.3162,0.3651,0.2582,0.0,0.3651,0.3162,0.2582,5.0,hold,0,0,2.7978
1786549769.9119,2026-08-12 17:49:29.911,5,1,0,-0.04524,-0.48942,0.04473,-1.9879,9.2303,-30.0742,-0.0571,0.07,-0.6867,4.67519,0.0,0.0,0.3162,0.1826,0.1826,0.1826,0.1826,0.3162,0.3162,0.3162,0.0,0.1826,0.3162,0.3162,0.2582,0.0,0.3162,0.2582,0.2582,5.0,hold,0,0,2.8897
1786549769.962,2026-08-12 17:49:29.962,5,1,0,-0.04526,-0.48942,0.04473,-2.3257,9.6006,-29.9508,-0.0628,0.0599,-0.6958,4.67569,0.0,0.0,0.3162,0.1826,0.1826,0.1826,0.1826,0.3162,0.3162,0.3162,0.0,0.1826,0.3162,0.3162,0.2582,0.0,0.3162,0.2582,0.2582,5.0,hold,0,0,2.8852
1786549770.0121,2026-08-12 17:49:30.012,5,1,0,-0.04525,-0.48942,0.04473,-2.1223,9.311,-29.8343,-0.0575,0.0646,-0.6811,4.68425,0.0,0.0,0.3651,0.1826,0.2582,0.0,0.1826,0.1826,0.1826,0.3651,0.0,0.1826,0.3162,0.3651,0.3651,0.0,0.3162,0.2582,0.3651,5.0,hold,0,0,2.809
1786549770.0623,2026-08-12 17:49:30.062,5,1,0,-0.04523,-0.48941,0.04471,-2.4207,9.6828,-29.7725,-0.0621,0.0599,-0.6894,4.67141,0.0,0.0,0.3651,0.1826,0.2582,0.0,0.1826,0.1826,0.1826,0.3651,0.0,0.1826,0.3162,0.3651,0.3651,0.0,0.3162,0.2582,0.3651,5.0,hold,0,0,2.9233
1786549770.1124,2026-08-12 17:49:30.112,5,1,0,-0.04523,-0.48942,0.04473,-1.9959,9.3063,-29.8567,-0.0594,0.0698,-0.6823,4.67972,0.0,0.0,0.2582,0.1826,0.1826,0.1826,0.0,0.2582,0.2582,0.3651,0.0,0.1826,0.3651,0.4082,0.3162,0.0,0.1826,0.3162,0.2582,5.0,hold,0,0,2.8493
1786549770.1625,2026-08-12 17:49:30.162,5,1,0,-0.04525,-0.48942,0.04471,-2.1335,9.7079,-29.9551,-0.0672,0.0632,-0.68,4.67041,0.0,0.0,0.3651,0.0,0.0,0.1826,0.1826,0.1826,0.2582,0.2582,0.0,0.2582,0.2582,0.2582,0.1826,0.0,0.3162,0.2582,0.1826,5.0,hold,0,0,2.9322
1786549770.2126,2026-08-12 17:49:30.212,5,1,0,-0.04525,-0.48941,0.04471,-2.6116,9.8419,-29.9041,-0.07,0.0584,-0.6927,4.67569,0.0,0.0,0.3651,0.0,0.0,0.1826,0.1826,0.1826,0.2582,0.2582,0.0,0.2582,0.2582,0.2582,0.1826,0.0,0.3162,0.2582,0.1826,5.0,hold,0,0,2.8852
1786549770.2627,2026-08-12 17:49:30.262,5,1,0,-0.04523,-0.48942,0.04471,-2.0296,9.4566,-29.9726,-0.0614,0.0692,-0.6851,4.68022,0.1826,0.0,0.2582,0.0,0.3162,0.1826,0.1826,0.1826,0.2582,0.3651,0.0,0.1826,0.3651,0.3162,0.3651,0.0,0.2582,0.1826,0.3651,5.0,hold,0,0,2.8449
1786549770.3127,2026-08-12 17:49:30.312,5,1,0,-0.04522,-0.48941,0.04473,-2.3145,9.7621,-29.9015,-0.0685,0.0587,-0.6846,4.66915,0.1826,0.0,0.2582,0.0,0.3162,0.1826,0.1826,0.1826,0.2582,0.3651,0.0,0.1826,0.3651,0.3162,0.3651,0.0,0.2582,0.1826,0.3651,5.0,hold,0,0,2.9434
1786549770.3628,2026-08-12 17:49:30.362,5,1,0,-0.04524,-0.48942,0.04473,-2.254,9.6685,-29.8703,-0.0675,0.0631,-0.6899,4.68576,0.0,0.0,0.2582,0.1826,0.1826,0.2582,0.0,0.1826,0.3162,0.3162,0.1826,0.0,0.2582,0.3162,0.3162,0.2582,0.1826,0.0,0.3162,5.0,hold,0,0,2.7956
1786549770.413,2026-08-12 17:49:30.412,5,1,0,-0.04524,-0.48941,0.04473,-2.554,9.8448,-29.6985,-0.069,0.0518,-0.6916,4.67796,0.0,0.0,0.2582,0.1826,0.1826,0.2582,0.0,0.1826,0.3162,0.3162,0.1826,0.0,0.2582,0.3162,0.3162,0.2582,0.1826,0.0,0.3162,5.0,hold,0,0,2.865
1786549770.4631,2026-08-12 17:49:30.463,5,1,0,-0.04524,-0.48943,0.04474,-2.2153,9.4826,-29.7298,-0.0619,0.0609,-0.6837,4.67317,0.0,0.1826,0.3162,0.0,0.0,0.0,0.1826,0.1826,0.1826,0.3651,0.0,0.1826,0.2582,0.3162,0.2582,0.0,0.3162,0.1826,0.3162,5.0,hold,0,0,2.9076
1786549770.5131,2026-08-12 17:49:30.513,5,1,0,-0.04522,-0.48941,0.04471,-2.2052,9.2223,-29.6724,-0.0589,0.0632,-0.688,4.67544,0.0,0.0,0.1826,0.0,0.1826,0.2582,0.0,0.1826,0.2582,0.3651,0.1826,0.0,0.3162,0.3162,0.2582,0.2582,0.0,0.2582,0.2582,5.0,hold,0,0,2.8874
1786549770.5632,2026-08-12 17:49:30.563,5,1,0,-0.04524,-0.48942,0.04473,-2.1731,9.4513,-29.7433,-0.064,0.0644,-0.6892,4.67595,0.0,0.0,0.1826,0.0,0.1826,0.2582,0.0,0.1826,0.2582,0.3651,0.1826,0.0,0.3162,0.3162,0.2582,0.2582,0.0,0.2582,0.2582,5.0,hold,0,0,2.8829
1786549770.6133,2026-08-12 17:49:30.613,5,1,0,-0.04523,-0.48942,0.04473,-2.3633,9.612,-29.7729,-0.0671,0.06,-0.6896,4.68174,0.0,0.1826,0.2582,0.0,0.1826,0.1826,0.0,0.1826,0.1826,0.3162,0.0,0.0,0.2582,0.3651,0.2582,0.0,0.0,0.1826,0.0,5.0,hold,0,0,2.8314
1786549770.6635,2026-08-12 17:49:30.663,5,1,0,-0.04525,-0.48942,0.04472,-2.4751,9.6305,-29.928,-0.064,0.0545,-0.6915,4.67972,0.0,0.1826,0.2582,0.0,0.1826,0.1826,0.0,0.1826,0.1826,0.3162,0.0,0.0,0.2582,0.3651,0.2582,0.0,0.0,0.1826,0.0,5.0,hold,0,0,2.8493
1786549770.7136,2026-08-12 17:49:30.713,5,1,0,-0.04525,-0.48941,0.04471,-2.2354,9.6224,-29.9261,-0.066,0.0625,-0.682,4.67595,0.0,0.0,0.2582,0.1826,0.0,0.2582,0.1826,0.1826,0.3162,0.3162,0.0,0.1826,0.3162,0.3162,0.2582,0.1826,0.3162,0.3162,0.0,5.0,hold,0,0,2.8829
1786549770.7637,2026-08-12 17:49:30.763,5,1,0,-0.04524,-0.48942,0.04471,-2.0736,9.395,-30.0559,-0.0605,0.0658,-0.6795,4.68174,0.0,0.1826,0.2582,0.0,0.1826,0.1826,0.0,0.1826,0.2582,0.3651,0.1826,0.0,0.3651,0.3162,0.3162,0.0,0.1826,0.2582,0.1826,5.0,hold,0,0,2.8314
1786549770.8138,2026-08-12 17:49:30.813,5,1,0,-0.04526,-0.48942,0.04473,-2.2423,9.6784,-29.8039,-0.0681,0.0628,-0.6872,4.6772,0.0,0.1826,0.2582,0.0,0.1826,0.1826,0.0,0.1826,0.2582,0.3651,0.1826,0.0,0.3651,0.3162,0.3162,0.0,0.1826,0.2582,0.1826,5.0,hold,0,0,2.8717
1786549770.8639,2026-08-12 17:49:30.863,5,1,0,-0.04524,-0.48942,0.04471,-2.1681,9.73,-29.8329,-0.0668,0.0625,-0.6863,4.67746,0.0,0.0,0.2582,0.0,0.1826,0.1826,0.0,0.0,0.1826,0.3162,0.0,0.1826,0.2582,0.3651,0.2582,0.0,0.2582,0.2582,0.2582,5.0,hold,0,0,2.8695
1786549770.9141,2026-08-12 17:49:30.914,5,1,0,-0.04525,-0.48941,0.04471,-2.4182,9.5144,-29.8777,-0.0642,0.0555,-0.6908,4.68602,0.0,0.0,0.2582,0.0,0.1826,0.1826,0.0,0.0,0.1826,0.3162,0.0,0.1826,0.2582,0.3651,0.2582,0.0,0.2582,0.2582,0.2582,5.0,hold,0,0,2.7933
1786549770.9642,2026-08-12 17:49:30.964,5,1,0,-0.04522,-0.48941,0.0447,-2.1549,9.2227,-29.8687,-0.0577,0.0624,-0.6778,4.67595,0.0,0.0,0.2582,0.2582,0.1826,0.2582,0.0,0.1826,0.3651,0.3651,0.1826,0.0,0.3651,0.4082,0.0,0.1826,0.1826,0.2582,0.1826,5.0,hold,0,0,2.8829
1786549771.0143,2026-08-12 17:49:31.014,5,0,0,-0.04523,-0.48941,0.04472,-2.3189,9.4284,-29.8278,-0.0612,0.0599,-0.6808,4.68048,0.0,0.1826,0.3162,0.1826,0.0,0.1826,0.0,0.1826,0.3162,0.2582,0.0,0.0,0.3162,0.3651,0.1826,0.0,0.2582,0.3162,0.1826,5.0,retract,0,0,2.8426
1786549771.0644,2026-08-12 17:49:31.064,5,0,0,-0.04524,-0.48942,0.04474,-2.3241,9.4527,-29.9414,-0.0593,0.064,-0.6857,4.67494,0.0,0.1826,0.3162,0.1826,0.0,0.1826,0.0,0.1826,0.3162,0.2582,0.0,0.0,0.3162,0.3651,0.1826,0.0,0.2582,0.3162,0.1826,5.0,retract,0,0,2.8919
1786549771.1145,2026-08-12 17:49:31.114,5,0,0,-0.04524,-0.48939,0.04473,-2.032,9.563,-29.8945,-0.0647,0.0688,-0.6841,4.67771,0.0,0.0,0.1826,0.2582,0.0,0.0,0.0,0.1826,0.3162,0.4082,0.0,0.1826,0.3162,0.4082,0.4082,0.0,0.1826,0.3162,0.4082,5.0,retract,0,0,2.8673
1786549771.1645,2026-08-12 17:49:31.164,5,0,0,-0.04524,-0.4894,0.04477,-2.6222,10.1504,-29.9162,-0.0798,0.057,-0.6838,4.68576,0.0,0.0,0.1826,0.2582,0.0,0.0,0.0,0.1826,0.3162,0.4082,0.0,0.1826,0.3162,0.4082,0.4082,0.0,0.1826,0.3162,0.4082,5.0,retract,0,0,2.7956
1786549771.2146,2026-08-12 17:49:31.214,5,0,0,-0.04522,-0.4894,0.04485,-1.9908,9.3929,-29.9915,-0.06,0.0689,-0.6805,4.66764,0.0,0.0,0.3162,0.0,0.3162,0.3162,0.1826,0.1826,0.2582,0.3651,0.2582,0.0,0.1826,0.3162,0.3162,0.2582,0.2582,0.3651,0.2582,5.0,retract,0,0,2.9569
1786549771.2647,2026-08-12 17:49:31.264,5,0,0,-0.04523,-0.48941,0.04496,-2.1258,9.334,-30.1307,-0.0591,0.0669,-0.6842,4.69432,0.0,0.0,0.3162,0.0,0.3162,0.3162,0.1826,0.1826,0.2582,0.3651,0.2582,0.0,0.1826,0.3162,0.3162,0.2582,0.2582,0.3651,0.2582,5.0,retract,0,0,2.7194
1786549771.3149,2026-08-12 17:49:31.314,5,0,0,-0.04523,-0.48941,0.04507,-2.2269,9.7658,-30.1765,-0.0703,0.0623,-0.6829,4.69508,0.0,0.2582,0.2582,0.1826,0.2582,0.1826,0.1826,0.3162,0.3162,0.3162,0.0,0.0,0.3651,0.1826,0.2582,0.2582,0.2582,0.0,0.2582,5.0,retract,0,0,2.7127
1786549771.365,2026-08-12 17:49:31.364,5,0,0,-0.04522,-0.4894,0.04519,-1.9203,9.2973,-30.2742,-0.0556,0.0733,-0.676,4.68979,0.0,0.0,0.2582,0.0,0.1826,0.1826,0.0,0.1826,0.1826,0.2582,0.0,0.0,0.2582,0.2582,0.0,0.1826,0.2582,0.0,0.1826,5.0,retract,0,0,2.7597
1786549771.4151,2026-08-12 17:49:31.415,5,0,0,-0.04523,-0.48939,0.04534,-2.0029,9.3195,-30.0415,-0.0565,0.067,-0.6863,4.68375,0.0,0.0,0.2582,0.0,0.1826,0.1826,0.0,0.1826,0.1826,0.2582,0.0,0.0,0.2582,0.2582,0.0,0.1826,0.2582,0.0,0.1826,5.0,retract,0,0,2.8135
1786549771.4652,2026-08-12 17:49:31.465,5,0,0,-0.04525,-0.48939,0.0455,-2.0216,9.5217,-30.0186,-0.0628,0.0687,-0.6826,4.68425,0.0,0.0,0.3162,0.0,0.0,0.0,0.1826,0.1826,0.1826,0.3651,0.0,0.1826,0.3651,0.3651,0.2582,0.0,0.1826,0.3162,0.1826,5.0,retract,0,0,2.809
1786549771.5153,2026-08-12 17:49:31.515,5,0,0,-0.04522,-0.48939,0.04567,-2.2121,9.7954,-29.9945,-0.0709,0.0658,-0.685,4.69533,0.0,0.0,0.3162,0.0,0.0,0.0,0.1826,0.1826,0.1826,0.3651,0.0,0.1826,0.3651,0.3651,0.2582,0.0,0.1826,0.3162,0.1826,5.0,retract,0,0,2.7105
1786549771.5654,2026-08-12 17:49:31.565,5,0,0,-0.04523,-0.48939,0.04585,-2.2766,9.7569,-30.0917,-0.0685,0.063,-0.6828,4.68853,0.0,0.0,0.2582,0.0,0.1826,0.0,0.0,0.1826,0.2582,0.2582,0.0,0.1826,0.3651,0.3651,0.1826,0.0,0.1826,0.3162,0.1826,5.0,retract,0,0,2.7709
1786549771.6155,2026-08-12 17:49:31.615,5,0,0,-0.04522,-0.48939,0.04601,-2.2415,9.081,-29.9299,-0.0526,0.063,-0.6877,4.69055,0.0,0.0,0.3162,0.0,0.0,0.1826,0.0,0.0,0.1826,0.3651,0.0,0.0,0.2582,0.2582,0.3162,0.1826,0.2582,0.2582,0.1826,5.0,retract,0,0,2.753
1786549771.6656,2026-08-12 17:49:31.665,5,0,0,-0.04523,-0.48938,0.04615,-2.0581,9.2987,-29.9418,-0.0577,0.0673,-0.6821,4.6908,0.0,0.0,0.3162,0.0,0.0,0.1826,0.0,0.0,0.1826,0.3651,0.0,0.0,0.2582,0.2582,0.3162,0.1826,0.2582,0.2582,0.1826,5.0,retract,0,0,2.7508
1786549771.7157,2026-08-12 17:49:31.715,5,0,0,-0.04523,-0.48942,0.04633,-2.3098,9.4702,-30.2863,-0.0616,0.0625,-0.682,4.68249,0.0,0.0,0.3162,0.0,0.2582,0.0,0.2582,0.1826,0.1826,0.2582,0.0,0.1826,0.3162,0.2582,0.0,0.1826,0.2582,0.0,0.0,5.0,retract,0,0,2.8247
1786549771.7658,2026-08-12 17:49:31.765,5,0,0,-0.04521,-0.4894,0.04649,-2.1786,9.6885,-30.0651,-0.0651,0.0621,-0.6817,4.68299,0.0,0.0,0.3162,0.0,0.2582,0.0,0.2582,0.1826,0.1826,0.2582,0.0,0.1826,0.3162,0.2582,0.0,0.1826,0.2582,0.0,0.0,5.0,retract,0,0,2.8202
1786549771.8159,2026-08-12 17:49:31.815,5,0,0,-0.04524,-0.48941,0.04667,-2.1113,9.37,-30.1944,-0.0558,0.0664,-0.6784,4.69181,0.0,0.0,0.2582,0.0,0.0,0.0,0.0,0.2582,0.0,0.1826,0.0,0.0,0.3651,0.1826,0.0,0.0,0.1826,0.1826,0.0,5.0,retract,0,0,2.7418
1786549771.866,2026-08-12 17:49:31.866,5,0,0,-0.04523,-0.4894,0.04682,-2.3714,9.7991,-30.1612,-0.0687,0.0573,-0.6918,4.69004,0.0,0.0,0.0,0.0,0.0,0.1826,0.0,0.0,0.1826,0.3162,0.1826,0.0,0.2582,0.1826,0.1826,0.0,0.0,0.1826,0.1826,5.0,retract,0,0,2.7575
1786549771.9163,2026-08-12 17:49:31.916,5,0,0,-0.04523,-0.48939,0.04697,-1.9922,9.6352,-30.0839,-0.0666,0.0688,-0.6795,4.68325,0.0,0.0,0.0,0.0,0.0,0.1826,0.0,0.0,0.1826,0.3162,0.1826,0.0,0.2582,0.1826,0.1826,0.0,0.0,0.1826,0.1826,5.0,retract,0,0,2.818
1786549771.9664,2026-08-12 17:49:31.966,5,0,0,-0.04522,-0.48938,0.04713,-1.9139,9.2593,-30.1591,-0.0566,0.0719,-0.6782,4.69357,0.0,0.0,0.1826,0.0,0.0,0.1826,0.0,0.0,0.1826,0.1826,0.0,0.0,0.1826,0.1826,0.1826,0.1826,0.0,0.0,0.1826,5.0,retract,0,0,2.7261
1786549772.0165,2026-08-12 17:49:32.016,5,0,0,-0.04522,-0.48939,0.0473,-1.8798,9.3818,-30.1381,-0.0579,0.071,-0.6792,4.68299,0.0,0.0,0.1826,0.0,0.0,0.1826,0.0,0.0,0.1826,0.1826,0.0,0.0,0.1826,0.1826,0.1826,0.1826,0.0,0.0,0.1826,5.0,retract,0,0,2.8202
1786549772.0667,2026-08-12 17:49:32.066,5,0,0,-0.04522,-0.48939,0.04748,-2.1829,9.6431,-30.0145,-0.0676,0.065,-0.6842,4.69483,0.0,0.0,0.2582,0.0,0.0,0.1826,0.0,0.1826,0.1826,0.1826,0.0,0.0,0.2582,0.3162,0.0,0.1826,0.1826,0.2582,0.1826,5.0,retract,0,0,2.7149
1786549772.1168,2026-08-12 17:49:32.116,5,0,0,-0.04523,-0.48939,0.04765,-2.2719,9.4226,-30.0962,-0.0587,0.0675,-0.6846,4.68879,0.0,0.0,0.2582,0.0,0.0,0.1826,0.0,0.1826,0.1826,0.1826,0.0,0.0,0.2582,0.3162,0.0,0.1826,0.1826,0.2582,0.1826,5.0,retract,0,0,2.7687
1786549772.1669,2026-08-12 17:49:32.166,5,0,0,-0.04529,-0.48941,0.04781,-1.8519,9.6565,-30.0224,-0.0686,0.0711,-0.6757,4.68174,0.0,0.1826,0.1826,0.0,0.0,0.1826,0.0,0.0,0.1826,0.2582,0.0,0.0,0.2582,0.1826,0.1826,0.0,0.1826,0.1826,0.0,5.0,retract,0,0,2.8314
1786549772.217,2026-08-12 17:49:32.217,5,0,0,-0.04524,-0.48941,0.048,-2.1954,9.3918,-30.0334,-0.0595,0.0653,-0.6827,4.68929,0.0,0.0,0.2582,0.0,0.1826,0.1826,0.1826,0.1826,0.0,0.3162,0.0,0.0,0.2582,0.3162,0.3162,0.1826,0.0,0.2582,0.3162,5.0,retract,0,0,2.7642
1786549772.2672,2026-08-12 17:49:32.267,5,0,0,-0.04522,-0.4894,0.04817,-2.0047,9.1989,-29.9887,-0.0551,0.0663,-0.6706,4.68627,0.0,0.0,0.2582,0.0,0.1826,0.1826,0.1826,0.1826,0.0,0.3162,0.0,0.0,0.2582,0.3162,0.3162,0.1826,0.0,0.2582,0.3162,5.0,retract,0,0,2.7911
1786549772.3174,2026-08-12 17:49:32.317,5,0,0,-0.04524,-0.4894,0.04834,-2.3343,9.9161,-30.0461,-0.0744,0.06,-0.685,4.69508,0.0,0.1826,0.3162,0.1826,0.1826,0.0,0.1826,0.1826,0.1826,0.1826,0.0,0.2582,0.2582,0.3162,0.0,0.1826,0.2582,0.2582,0.0,5.0,retract,0,0,2.7127
1786549772.3675,2026-08-12 17:49:32.367,5,0,0,-0.04524,-0.4894,0.0485,-2.1483,9.5477,-30.2316,-0.0648,0.0647,-0.6835,4.69004,0.0,0.1826,0.3162,0.1826,0.1826,0.0,0.1826,0.1826,0.1826,0.1826,0.0,0.2582,0.2582,0.3162,0.0,0.1826,0.2582,0.2582,0.0,5.0,retract,0,0,2.7575
1786549772.4176,2026-08-12 17:49:32.417,5,0,0,-0.04523,-0.48941,0.04866,-2.1818,9.4024,-29.9954,-0.0612,0.0672,-0.6782,4.68174,0.0,0.0,0.3162,0.0,0.0,0.0,0.1826,0.2582,0.1826,0.3162,0.0,0.2582,0.3651,0.1826,0.2582,0.0,0.2582,0.1826,0.2582,5.0,retract,0,0,2.8314
1786549772.4677,2026-08-12 17:49:32.467,5,0,0,-0.04522,-0.4894,0.04883,-2.3686,9.6586,-30.0038,-0.0692,0.0615,-0.6829,4.68677,0.0,0.0,0.3651,0.0,0.0,0.1826,0.0,0.1826,0.1826,0.3162,0.0,0.2582,0.2582,0.3651,0.0,0.1826,0.1826,0.2582,0.1826,5.0,retract,0,0,2.7866
1786549772.5178,2026-08-12 17:49:32.517,5,0,0,-0.04523,-0.48939,0.04899,-2.1429,9.7975,-29.9376,-0.07,0.0655,-0.6795,4.68199,0.0,0.0,0.3651,0.0,0.0,0.1826,0.0,0.1826,0.1826,0.3162,0.0,0.2582,0.2582,0.3651,0.0,0.1826,0.1826,0.2582,0.1826,5.0,retract,0,0,2.8292
1786549772.5679,2026-08-12 17:49:32.567,5,0,0,-0.04524,-0.48941,0.04913,-2.0862,9.6428,-29.8823,-0.07,0.0663,-0.6832,4.68476,0.0,0.0,0.2582,0.0,0.0,0.0,0.0,0.1826,0.2582,0.2582,0.0,0.0,0.2582,0.1826,0.1826,0.1826,0.2582,0.0,0.3162,5.0,retract,0,0,2.8045
1786549772.6181,2026-08-12 17:49:32.618,5,0,0,-0.04521,-0.48939,0.04924,-2.0465,9.6662,-30.0293,-0.0668,0.0677,-0.6774,4.69357,0.0,0.0,0.2582,0.0,0.0,0.0,0.0,0.1826,0.2582,0.2582,0.0,0.0,0.2582,0.1826,0.1826,0.1826,0.2582,0.0,0.3162,5.0,retract,0,0,2.7261
1786549772.6681,2026-08-12 17:49:32.668,5,0,0,-0.04522,-0.4894,0.04934,-2.3057,9.8481,-30.0036,-0.0667,0.06,-0.684,4.68325,0.0,0.0,0.3162,0.0,0.2582,0.0,0.0,0.2582,0.0,0.1826,0.1826,0.0,0.3162,0.1826,0.1826,0.1826,0.1826,0.1826,0.1826,5.0,retract,0,0,2.818
1786549772.7183,2026-08-12 17:49:32.718,5,0,0,-0.04523,-0.4894,0.04943,-2.1303,9.649,-30.0461,-0.067,0.0648,-0.6788,4.69332,0.0,0.0,0.3162,0.0,0.0,0.2582,0.0,0.2582,0.0,0.0,0.1826,0.1826,0.2582,0.0,0.0,0.1826,0.1826,0.0,0.0,5.0,retract,0,0,2.7284
1786549772.7684,2026-08-12 17:49:32.768,5,0,0,-0.04521,-0.48939,0.04952,-1.8999,9.2865,-30.1297,-0.0567,0.0703,-0.6776,4.68803,0.0,0.0,0.3162,0.0,0.0,0.2582,0.0,0.2582,0.0,0.0,0.1826,0.1826,0.2582,0.0,0.0,0.1826,0.1826,0.0,0.0,5.0,retract,0,0,2.7754
1786549772.8185,2026-08-12 17:49:32.818,5,0,0,-0.04524,-0.4894,0.04961,-2.5263,9.9115,-30.0838,-0.0711,0.0539,-0.684,4.68979,0.0,0.0,0.1826,0.0,0.0,0.1826,0.0,0.1826,0.0,0.0,0.2582,0.1826,0.2582,0.2582,0.0,0.2582,0.0,0.1826,0.1826,5.0,retract,0,0,2.7597
1786549772.8686,2026-08-12 17:49:32.868,5,0,0,-0.04523,-0.48939,0.04963,-2.2261,9.6655,-30.0553,-0.0663,0.0658,-0.6886,4.68778,0.0,0.0,0.1826,0.0,0.0,0.1826,0.0,0.1826,0.0,0.0,0.2582,0.1826,0.2582,0.2582,0.0,0.2582,0.0,0.1826,0.1826,5.0,retract,0,0,2.7777
1786549772.9187,2026-08-12 17:49:32.918,5,0,0,-0.04523,-0.48941,0.04966,-2.1767,9.5459,-30.0405,-0.0627,0.0663,-0.679,4.68602,0.0,0.0,0.3162,0.0,0.0,0.1826,0.0,0.0,0.1826,0.1826,0.0,0.0,0.0,0.1826,0.0,0.1826,0.0,0.2582,0.2582,5.0,retract,0,0,2.7933
1786549772.9689,2026-08-12 17:49:32.968,5,0,0,-0.04523,-0.48939,0.04966,-2.2103,9.8577,-29.9807,-0.0714,0.0634,-0.6804,4.69181,0.0,0.0,0.3162,0.0,0.0,0.1826,0.0,0.0,0.1826,0.1826,0.0,0.0,0.0,0.1826,0.0,0.1826,0.0,0.2582,0.2582,5.0,retract,0,0,2.7418
1786549773.0189,2026-08-12 17:49:33.018,5,0,0,-0.04523,-0.4894,0.04967,-2.5348,9.8129,-29.995,-0.0697,0.0543,-0.6825,4.67922,0.0,0.0,0.2582,0.0,0.0,0.1826,0.0,0.2582,0.0,0.3162,0.0,0.1826,0.2582,0.2582,0.0,0.0,0.1826,0.2582,0.0,5.0,post,0,0,2.8538
1786549773.0689,2026-08-12 17:49:33.068,5,0,0,-0.04523,-0.4894,0.04968,-2.0719,9.5352,-29.9851,-0.0653,0.0677,-0.681,4.68803,0.0,0.0,0.3162,0.0,0.0,0.2582,0.1826,0.0,0.0,0.1826,0.1826,0.0,0.1826,0.1826,0.1826,0.2582,0.0,0.1826,0.2582,5.0,post,0,0,2.7754
1786549773.1191,2026-08-12 17:49:33.119,5,0,0,-0.04524,-0.48941,0.04969,-2.208,9.649,-30.1075,-0.0662,0.0643,-0.6818,4.69281,0.0,0.0,0.3162,0.0,0.0,0.2582,0.1826,0.0,0.0,0.1826,0.1826,0.0,0.1826,0.1826,0.1826,0.2582,0.0,0.1826,0.2582,5.0,post,0,0,2.7329
1786549773.1692,2026-08-12 17:49:33.169,5,0,0,-0.04524,-0.4894,0.04971,-2.1008,9.5579,-29.9432,-0.061,0.065,-0.6834,4.69004,0.0,0.0,0.3651,0.0,0.0,0.1826,0.1826,0.2582,0.0,0.1826,0.0,0.1826,0.3162,0.0,0.0,0.1826,0.2582,0.0,0.0,5.0,post,0,0,2.7575
1786549773.2193,2026-08-12 17:49:33.219,5,0,0,-0.04524,-0.4894,0.04972,-1.8574,9.3708,-30.0858,-0.0611,0.0719,-0.6763,4.68199,0.0,0.0,0.3651,0.0,0.0,0.1826,0.1826,0.2582,0.0,0.1826,0.0,0.1826,0.3162,0.0,0.0,0.1826,0.2582,0.0,0.0,5.0,post,0,0,2.8292
1786549773.2695,2026-08-12 17:49:33.269,5,0,0,-0.04522,-0.48941,0.04972,-2.3057,9.6419,-29.8576,-0.0659,0.0603,-0.6821,4.6903,0.0,0.0,0.1826,0.0,0.0,0.0,0.0,0.2582,0.0,0.2582,0.0,0.1826,0.3162,0.1826,0.0,0.0,0.0,0.0,0.1826,5.0,post,0,0,2.7553
1786549773.3196,2026-08-12 17:49:33.319,5,0,0,-0.04522,-0.48941,0.04971,-2.0613,9.3849,-29.9216,-0.0572,0.066,-0.6814,4.67972,0.0,0.0,0.3162,0.0,0.0,0.0,0.0,0.1826,0.0,0.2582,0.0,0.0,0.2582,0.0,0.0,0.0,0.1826,0.0,0.1826,5.0,post,0,0,2.8493
1786549773.3697,2026-08-12 17:49:33.369,5,0,0,-0.04523,-0.48941,0.04972,-2.0895,9.488,-29.9921,-0.0604,0.0628,-0.6772,4.69055,0.0,0.0,0.3162,0.0,0.0,0.0,0.0,0.1826,0.0,0.2582,0.0,0.0,0.2582,0.0,0.0,0.0,0.1826,0.0,0.1826,5.0,post,0,0,2.753
1786549773.4197,2026-08-12 17:49:33.419,5,0,0,-0.04523,-0.48942,0.04972,-2.3672,9.809,-29.911,-0.0731,0.0597,-0.6773,4.68828,0.0,0.0,0.3162,0.0,0.0,0.1826,0.0,0.0,0.0,0.0,0.0,0.1826,0.2582,0.1826,0.0,0.1826,0.1826,0.0,0.1826,5.0,post,0,0,2.7732
1786549773.4699,2026-08-12 17:49:33.469,5,0,0,-0.04524,-0.48941,0.04971,-2.5972,9.7075,-29.8935,-0.0682,0.0553,-0.6843,4.69407,0.0,0.0,0.3162,0.0,0.0,0.1826,0.0,0.0,0.0,0.0,0.0,0.1826,0.2582,0.1826,0.0,0.1826,0.1826,0.0,0.1826,5.0,post,0,0,2.7217
1786549773.52,2026-08-12 17:49:33.520,5,0,0,-0.04523,-0.48941,0.04971,-2.2698,9.648,-29.8207,-0.0654,0.0617,-0.682,4.684,0.0,0.0,0.2582,0.0,0.0,0.0,0.0,0.0,0.0,0.1826,0.0,0.1826,0.0,0.1826,0.0,0.1826,0.1826,0.0,0.1826,5.0,post,0,0,2.8113
1786549773.5702,2026-08-12 17:49:33.570,5,0,0,-0.04523,-0.4894,0.04971,-2.4122,9.6209,-29.9772,-0.0658,0.0551,-0.6772,4.69306,0.0,0.0,0.2582,0.0,0.0,0.0,0.0,0.0,0.0,0.2582,0.0,0.1826,0.2582,0.1826,0.1826,0.0,0.1826,0.0,0.3162,5.0,post,0,0,2.7306
1786549773.6203,2026-08-12 17:49:33.620,5,0,0,-0.04523,-0.48941,0.04971,-1.9841,9.605,-30.1408,-0.0622,0.0694,-0.6808,4.68929,0.0,0.0,0.2582,0.0,0.0,0.0,0.0,0.0,0.0,0.2582,0.0,0.1826,0.2582,0.1826,0.1826,0.0,0.1826,0.0,0.3162,5.0,post,0,0,2.7642
1786549773.6704,2026-08-12 17:49:33.670,5,0,0,-0.04522,-0.4894,0.0497,-2.0487,9.608,-29.8741,-0.0664,0.0676,-0.6829,4.68702,0.0,0.0,0.3162,0.0,0.1826,0.1826,0.0,0.0,0.0,0.1826,0.0,0.1826,0.2582,0.1826,0.0,0.0,0.1826,0.0,0.1826,5.0,post,0,0,2.7844
1786549773.7205,2026-08-12 17:49:33.720,5,0,0,-0.04524,-0.48941,0.04973,-2.3591,10.0912,-29.9781,-0.0755,0.0613,-0.6802,4.68602,0.0,0.0,0.3162,0.0,0.1826,0.1826,0.0,0.0,0.0,0.1826,0.0,0.1826,0.2582,0.1826,0.0,0.0,0.1826,0.0,0.1826,5.0,post,0,0,2.7933
1786549773.7706,2026-08-12 17:49:33.770,5,0,0,-0.04522,-0.4894,0.0497,-2.416,9.8941,-30.0346,-0.0718,0.0587,-0.6804,4.68879,0.0,0.0,0.2582,0.0,0.0,0.1826,0.1826,0.2582,0.0,0.1826,0.0,0.1826,0.2582,0.1826,0.1826,0.0,0.1826,0.1826,0.1826,5.0,post,0,0,2.7687
1786549773.8207,2026-08-12 17:49:33.820,5,0,0,-0.04523,-0.48941,0.04972,-2.2701,9.5767,-29.7203,-0.0637,0.0646,-0.684,4.6913,0.0,0.0,0.2582,0.0,0.0,0.1826,0.1826,0.2582,0.0,0.1826,0.0,0.1826,0.2582,0.1826,0.1826,0.0,0.1826,0.1826,0.1826,5.0,post,0,0,2.7463
1786549773.8709,2026-08-12 17:49:33.870,5,0,0,-0.04523,-0.48942,0.04972,-2.2251,9.6174,-30.015,-0.0661,0.0628,-0.6765,4.68576,0.0,0.0,0.1826,0.0,0.0,0.2582,0.0,0.1826,0.0,0.2582,0.0,0.0,0.2582,0.0,0.0,0.1826,0.0,0.0,0.2582,5.0,post,0,0,2.7956
1786549773.921,2026-08-12 17:49:33.921,5,0,0,-0.04524,-0.48942,0.04972,-2.1775,9.2991,-29.963,-0.0557,0.0635,-0.6792,4.68652,0.0,0.0,0.2582,0.0,0.0,0.0,0.0,0.0,0.0,0.2582,0.0,0.1826,0.2582,0.0,0.0,0.0,0.0,0.0,0.1826,5.0,post,0,0,2.7889
1786549773.9711,2026-08-12 17:49:33.971,5,0,0,-0.04522,-0.48941,0.04971,-1.9889,9.7757,-30.0239,-0.0699,0.0672,-0.6691,4.68501,0.0,0.0,0.2582,0.0,0.0,0.0,0.0,0.0,0.0,0.2582,0.0,0.1826,0.2582,0.0,0.0,0.0,0.0,0.0,0.1826,5.0,post,0,0,2.8023
1786549774.0212,2026-08-12 17:49:34.021,5,0,0,-0.04524,-0.48941,0.04972,-2.0623,9.319,-30.117,-0.0543,0.0696,-0.671,4.68979,0.0,0.0,0.2582,0.0,0.0,0.1826,0.0,0.1826,0.0,0.1826,0.0,0.1826,0.2582,0.1826,0.0,0.1826,0.1826,0.0,0.1826,5.0,post,0,0,2.7597
1786549774.0713,2026-08-12 17:49:34.071,5,0,0,-0.04524,-0.4894,0.0497,-2.1859,9.8225,-29.7963,-0.0685,0.062,-0.6798,4.6835,0.0,0.0,0.2582,0.0,0.0,0.1826,0.0,0.1826,0.0,0.1826,0.0,0.1826,0.2582,0.1826,0.0,0.1826,0.1826,0.0,0.1826,5.0,post,0,0,2.8157
1786549774.1214,2026-08-12 17:49:34.121,5,0,0,-0.04523,-0.48942,0.04972,-2.0986,9.4974,-29.983,-0.0599,0.0723,-0.6779,4.68904,0.0,0.0,0.2582,0.0,0.0,0.1826,0.0,0.0,0.0,0.1826,0.1826,0.0,0.2582,0.0,0.0,0.2582,0.1826,0.0,0.0,5.0,post,0,0,2.7665
1786549774.1715,2026-08-12 17:49:34.171,5,0,0,-0.04525,-0.4894,0.04971,-2.2101,9.3887,-29.9525,-0.0613,0.0645,-0.6813,4.6835,0.0,0.0,0.3162,0.0,0.0,0.1826,0.0,0.1826,0.0,0.2582,0.1826,0.1826,0.2582,0.1826,0.1826,0.1826,0.1826,0.0,0.1826,5.0,post,0,0,2.8157
1786549774.2216,2026-08-12 17:49:34.221,5,0,0,-0.04524,-0.4894,0.04971,-2.258,9.7265,-30.0316,-0.0678,0.0655,-0.6789,4.69155,0.0,0.0,0.3162,0.0,0.0,0.1826,0.0,0.1826,0.0,0.2582,0.1826,0.1826,0.2582,0.1826,0.1826,0.1826,0.1826,0.0,0.1826,5.0,post,0,0,2.7441
1786549774.2717,2026-08-12 17:49:34.271,5,0,0,-0.04523,-0.4894,0.04971,-2.2488,9.6317,-29.8547,-0.0652,0.064,-0.6778,4.68526,0.0,0.0,0.2582,0.0,0.0,0.1826,0.0,0.1826,0.0,0.0,0.1826,0.0,0.2582,0.1826,0.0,0.2582,0.0,0.1826,0.0,5.0,post,0,0,2.8001
1786549774.3218,2026-08-12 17:49:34.321,5,0,0,-0.04523,-0.4894,0.0497,-1.9622,9.204,-30.0196,-0.0546,0.0699,-0.6757,4.6913,0.0,0.0,0.2582,0.0,0.0,0.1826,0.0,0.1826,0.0,0.0,0.1826,0.0,0.2582,0.1826,0.0,0.2582,0.0,0.1826,0.0,5.0,post,0,0,2.7463
1786549774.3719,2026-08-12 17:49:34.371,5,0,0,-0.04523,-0.4894,0.04971,-2.4827,9.8903,-29.8644,-0.0697,0.0569,-0.6842,4.68627,0.0,0.1826,0.2582,0.0,0.0,0.0,0.0,0.0,0.0,0.1826,0.0,0.0,0.1826,0.1826,0.0,0.0,0.0,0.0,0.1826,5.0,post,0,0,2.7911
1786549774.422,2026-08-12 17:49:34.422,5,0,0,-0.04523,-0.4894,0.04971,-2.1049,9.1948,-29.8542,-0.0545,0.0644,-0.6806,4.69155,0.0,0.1826,0.2582,0.0,0.0,0.0,0.0,0.0,0.0,0.1826,0.0,0.0,0.1826,0.1826,0.0,0.0,0.0,0.0,0.1826,5.0,post,0,0,2.7441
1786549774.4722,2026-08-12 17:49:34.472,5,0,0,-0.04524,-0.4894,0.04971,-2.1503,9.5508,-29.9487,-0.0631,0.0635,-0.6779,4.67972,0.0,0.0,0.1826,0.0,0.0,0.1826,0.0,0.0,0.0,0.1826,0.0,0.0,0.2582,0.0,0.0,0.1826,0.0,0.0,0.1826,5.0,post,0,0,2.8493
1786549774.5223,2026-08-12 17:49:34.522,5,0,0,-0.04524,-0.48941,0.04971,-2.3659,9.7169,-30.0216,-0.0659,0.0591,-0.6847,4.684,0.0,0.0,0.3651,0.0,0.0,0.1826,0.1826,0.0,0.1826,0.2582,0.0,0.2582,0.0,0.1826,0.0,0.0,0.2582,0.0,0.2582,5.0,post,0,0,2.8113
1786549774.5723,2026-08-12 17:49:34.572,5,0,0,-0.04521,-0.48941,0.04971,-2.168,9.5785,-30.0672,-0.0649,0.065,-0.6743,4.68954,0.0,0.0,0.3651,0.0,0.0,0.1826,0.1826,0.0,0.1826,0.2582,0.0,0.2582,0.0,0.1826,0.0,0.0,0.2582,0.0,0.2582,5.0,post,0,0,2.762
1786549774.6225,2026-08-12 17:49:34.622,5,0,0,-0.04524,-0.4894,0.0497,-1.8158,9.3126,-30.2023,-0.0566,0.0738,-0.678,4.69508,0.0,0.0,0.2582,0.0,0.0,0.1826,0.0,0.1826,0.0,0.0,0.1826,0.0,0.3162,0.0,0.0,0.2582,0.1826,0.0,0.1826,5.0,post,0,0,2.7127
1786549774.6726,2026-08-12 17:49:34.672,5,0,0,-0.04526,-0.48941,0.04971,-2.2849,9.6691,-29.8221,-0.0633,0.0647,-0.6807,4.6835,0.0,0.0,0.2582,0.0,0.0,0.1826,0.0,0.1826,0.0,0.0,0.1826,0.0,0.3162,0.0,0.0,0.2582,0.1826,0.0,0.1826,5.0,post,0,0,2.8157
1786549774.7227,2026-08-12 17:49:34.722,5,0,0,-0.04524,-0.48941,0.04971,-2.5526,9.6913,-29.8074,-0.0647,0.0565,-0.6839,4.67947,0.0,0.1826,0.0,0.0,0.0,0.0,0.0,0.0,0.0,0.2582,0.0,0.0,0.1826,0.2582,0.2582,0.1826,0.0,0.1826,0.2582,5.0,post,0,0,2.8516
1786549774.7728,2026-08-12 17:49:34.772,5,0,0,-0.04522,-0.48941,0.04971,-2.0128,9.2298,-30.0712,-0.057,0.0683,-0.6786,4.69382,0.0,0.0,0.1826,0.0,0.0,0.1826,0.0,0.0,0.0,0.2582,0.0,0.0,0.1826,0.0,0.0,0.1826,0.0,0.0,0.0,5.0,post,0,0,2.7239
1786549774.8229,2026-08-12 17:49:34.822,5,0,0,-0.04523,-0.48941,0.04971,-2.3306,9.2599,-29.92,-0.0574,0.0599,-0.6771,4.68576,0.0,0.0,0.1826,0.0,0.0,0.1826,0.0,0.0,0.0,0.2582,0.0,0.0,0.1826,0.0,0.0,0.1826,0.0,0.0,0.0,5.0,post,0,0,2.7956
1786549774.873,2026-08-12 17:49:34.873,5,0,0,-0.04524,-0.4894,0.04971,-2.2923,9.7514,-30.1016,-0.0694,0.0648,-0.6817,4.6835,0.0,0.0,0.3162,0.0,0.0,0.1826,0.0,0.1826,0.0,0.1826,0.1826,0.0,0.1826,0.1826,0.2582,0.0,0.0,0.0,0.2582,5.0,post,0,0,2.8157
1786549774.9232,2026-08-12 17:49:34.923,5,0,0,-0.04522,-0.48941,0.04971,-2.1633,9.2908,-30.0693,-0.0566,0.0692,-0.6813,4.6908,0.0,0.0,0.3162,0.0,0.0,0.1826,0.0,0.1826,0.0,0.1826,0.1826,0.0,0.1826,0.1826,0.2582,0.0,0.0,0.0,0.2582,5.0,post,0,0,2.7508
1786549774.9733,2026-08-12 17:49:34.973,5,0,0,-0.04523,-0.48941,0.04971,-2.1859,9.4512,-30.0418,-0.0576,0.0662,-0.6718,4.69306,0.0,0.0,0.3162,0.0,0.0,0.0,0.0,0.0,0.0,0.1826,0.0,0.0,0.2582,0.1826,0.1826,0.1826,0.0,0.1826,0.1826,5.0,post,0,0,2.7306
1786549775.0234,2026-08-12 17:49:35.023,14,0,0,-0.04522,-0.48974,0.04977,-2.2545,9.569,-29.845,-0.0658,0.0621,-0.6116,4.69181,0.0,0.0,0.2582,0.0,0.0,0.0,0.0,0.0,0.0,0.1826,0.0,0.0,0.2582,0.0,0.0,0.0,0.0,0.1826,0.1826,5.0,locate,0,0,2.7418
1786549775.0735,2026-08-12 17:49:35.073,14,0,0,-0.04513,-0.49074,0.04981,-2.2945,9.3401,-29.9447,-0.0582,0.0627,-0.3252,4.68199,0.0,0.0,0.2582,0.0,0.0,0.0,0.0,0.0,0.0,0.1826,0.0,0.0,0.2582,0.0,0.0,0.0,0.0,0.1826,0.1826,5.0,locate,0,0,2.8292
1786549775.1235,2026-08-12 17:49:35.123,14,0,0,-0.04497,-0.49246,0.04981,-2.2068,9.7394,-30.2002,-0.0651,0.0644,-0.12,4.69281,0.0,0.0,0.2582,0.0,0.0,0.1826,0.0,0.1826,0.0,0.2582,0.0,0.0,0.2582,0.1826,0.0,0.1826,0.1826,0.0,0.2582,5.0,locate,0,0,2.7329
1786549775.1737,2026-08-12 17:49:35.173,14,0,0,-0.04466,-0.49479,0.04976,-2.1113,9.2636,-30.3574,-0.0527,0.0688,-0.1699,4.68778,0.0,0.0,0.2582,0.0,0.0,0.1826,0.0,0.1826,0.0,0.2582,0.0,0.0,0.2582,0.1826,0.0,0.1826,0.1826,0.0,0.2582,5.0,locate,0,0,2.7777
1786549775.2238,2026-08-12 17:49:35.223,14,0,0,-0.04434,-0.49728,0.04972,-1.8788,9.4489,-30.1346,-0.0604,0.0758,-0.1968,4.69004,0.0,0.0,0.2582,0.0,0.0,0.1826,0.0,0.1826,0.0,0.1826,0.1826,0.1826,0.2582,0.3162,0.1826,0.2582,0.0,0.2582,0.2582,5.0,locate,0,0,2.7575
1786549775.2739,2026-08-12 17:49:35.273,14,0,0,-0.04405,-0.49974,0.04968,-2.0321,8.8988,-30.4436,-0.046,0.0745,-0.2168,4.68576,0.0,0.0,0.2582,0.0,0.0,0.1826,0.0,0.1826,0.0,0.1826,0.1826,0.1826,0.2582,0.3162,0.1826,0.2582,0.0,0.2582,0.2582,5.0,locate,0,0,2.7956
1786549775.324,2026-08-12 17:49:35.324,14,0,0,-0.04384,-0.50172,0.04969,-1.8821,9.1302,-30.3383,-0.0548,0.0748,-0.215,4.68803,0.0,0.0,0.3651,0.0,0.0,0.2582,0.1826,0.0,0.2582,0.0,0.1826,0.1826,0.1826,0.0,0.0,0.2582,0.1826,0.1826,0.1826,5.0,locate,0,0,2.7754
1786549775.3742,2026-08-12 17:49:35.374,14,0,0,-0.0437,-0.50299,0.04969,-1.7515,8.7958,-30.1749,-0.047,0.081,-0.2288,4.68803,0.0,0.1826,0.2582,0.0,0.0,0.2582,0.1826,0.1826,0.0,0.2582,0.1826,0.1826,0.3162,0.0,0.2582,0.2582,0.0,0.1826,0.2582,5.0,locate,0,0,2.7754
1786549775.4242,2026-08-12 17:49:35.424,14,0,0,-0.04367,-0.50348,0.04969,-1.7833,9.4152,-30.0163,-0.06,0.0738,-0.2246,4.68526,0.0,0.1826,0.2582,0.0,0.0,0.2582,0.1826,0.1826,0.0,0.2582,0.1826,0.1826,0.3162,0.0,0.2582,0.2582,0.0,0.1826,0.2582,5.0,locate,0,0,2.8001
1786549775.4743,2026-08-12 17:49:35.474,14,0,0,-0.04368,-0.50348,0.0497,-1.5789,9.1902,-29.9696,-0.054,0.0851,-0.2295,4.68148,0.0,0.0,0.3651,0.0,0.0,0.2582,0.2582,0.0,0.0,0.2582,0.2582,0.2582,0.0,0.2582,0.0,0.3651,0.0,0.2582,0.1826,5.0,locate,0,0,2.8337
1786549775.5245,2026-08-12 17:49:35.524,14,0,0,-0.04368,-0.50348,0.04972,-1.8059,9.2783,-29.9802,-0.0589,0.0813,-0.2239,4.69508,0.0,0.0,0.3651,0.0,0.0,0.2582,0.2582,0.0,0.0,0.2582,0.2582,0.2582,0.0,0.2582,0.0,0.3651,0.0,0.2582,0.1826,5.0,locate,0,0,2.7127
1786549775.5746,2026-08-12 17:49:35.574,14,0,0,-0.04368,-0.50348,0.04971,-1.6593,9.3293,-29.9967,-0.0571,0.0797,-0.2239,4.68224,0.0,0.0,0.2582,0.0,0.0,0.2582,0.2582,0.1826,0.1826,0.2582,0.1826,0.2582,0.1826,0.1826,0.1826,0.1826,0.0,0.0,0.1826,5.0,locate,0,0,2.8269
1786549775.6247,2026-08-12 17:49:35.624,14,0,0,-0.04365,-0.50347,0.04971,-2.3323,9.6088,-30.0802,-0.066,0.0624,-0.2387,4.68879,0.0,0.0,0.2582,0.0,0.0,0.1826,0.2582,0.0,0.0,0.0,0.2582,0.2582,0.1826,0.1826,0.1826,0.2582,0.1826,0.0,0.0,5.0,locate,0,0,2.7687
1786549775.6749,2026-08-12 17:49:35.674,14,0,0,-0.04365,-0.50349,0.04972,-1.9218,9.3894,-30.0339,-0.0588,0.0743,-0.2349,4.68853,0.0,0.0,0.2582,0.0,0.0,0.1826,0.2582,0.0,0.0,0.0,0.2582,0.2582,0.1826,0.1826,0.1826,0.2582,0.1826,0.0,0.0,5.0,locate,0,0,2.7709
1786549775.725,2026-08-12 17:49:35.724,14,0,0,-0.04364,-0.50349,0.0497,-2.0106,9.5896,-30.1672,-0.068,0.0715,-0.2465,4.6908,0.0,0.1826,0.3162,0.0,0.0,0.0,0.1826,0.0,0.0,0.2582,0.2582,0.1826,0.0,0.1826,0.1826,0.2582,0.0,0.0,0.1826,5.0,locate,0,0,2.7508
1786549775.7751,2026-08-12 17:49:35.775,14,0,0,-0.04364,-0.50351,0.04973,-1.8222,8.9999,-30.0327,-0.0531,0.0765,-0.2432,4.684,0.0,0.1826,0.3162,0.0,0.0,0.0,0.1826,0.0,0.0,0.2582,0.2582,0.1826,0.0,0.1826,0.1826,0.2582,0.0,0.0,0.1826,5.0,locate,0,0,2.8113
1786549775.8252,2026-08-12 17:49:35.825,14,0,0,-0.04363,-0.50352,0.04972,-1.8169,9.3032,-30.0211,-0.057,0.0788,-0.245,4.69357,0.0,0.0,0.1826,0.0,0.0,0.1826,0.1826,0.0,0.0,0.2582,0.1826,0.2582,0.1826,0.0,0.2582,0.2582,0.0,0.0,0.1826,5.0,locate,0,0,2.7261
1786549775.8753,2026-08-12 17:49:35.875,14,0,0,-0.04363,-0.50352,0.04972,-2.1966,9.2643,-29.9426,-0.0576,0.0659,-0.2521,4.67796,0.0,0.1826,0.1826,0.0,0.0,0.2582,0.0,0.0,0.0,0.0,0.2582,0.1826,0.0,0.0,0.0,0.2582,0.0,0.0,0.0,5.0,locate,0,0,2.865
1786549775.9255,2026-08-12 17:49:35.925,14,0,0,-0.04363,-0.50351,0.04971,-1.8381,9.3183,-29.9494,-0.0587,0.0776,-0.2548,4.69609,0.0,0.1826,0.1826,0.0,0.0,0.2582,0.0,0.0,0.0,0.0,0.2582,0.1826,0.0,0.0,0.0,0.2582,0.0,0.0,0.0,5.0,locate,0,0,2.7037
1786549775.9756,2026-08-12 17:49:35.975,14,0,0,-0.04366,-0.50351,0.04972,-1.8176,9.3503,-29.7602,-0.0582,0.0736,-0.252,4.68501,0.0,0.0,0.3162,0.0,0.0,0.0,0.2582,0.0,0.0,0.0,0.2582,0.1826,0.0,0.1826,0.0,0.2582,0.0,0.2582,0.1826,5.0,locate,0,0,2.8023
1786549776.0256,2026-08-12 17:49:36.025,14,0,0,-0.04364,-0.50351,0.04971,-1.8779,9.0847,-30.2709,-0.051,0.0745,-0.2563,4.69256,0.0,0.0,0.3162,0.0,0.0,0.0,0.2582,0.0,0.0,0.0,0.2582,0.1826,0.0,0.1826,0.0,0.2582,0.0,0.2582,0.1826,5.0,locate,0,0,2.7351
1786549776.0758,2026-08-12 17:49:36.075,14,0,0,-0.04364,-0.5035,0.04971,-1.881,8.91,-29.9737,-0.0477,0.0722,-0.2566,4.68224,0.0,0.0,0.2582,0.0,0.0,0.1826,0.1826,0.0,0.0,0.2582,0.1826,0.1826,0.1826,0.0,0.1826,0.3162,0.0,0.0,0.2582,5.0,locate,0,0,2.8269
1786549776.1259,2026-08-12 17:49:36.125,14,0,0,-0.04365,-0.50351,0.04973,-2.0978,9.3516,-30.0428,-0.0566,0.0704,-0.265,4.68299,0.0,0.0,0.2582,0.0,0.0,0.1826,0.1826,0.0,0.0,0.2582,0.1826,0.1826,0.1826,0.0,0.1826,0.3162,0.0,0.0,0.2582,5.0,locate,0,0,2.8202
1786549776.1761,2026-08-12 17:49:36.176,14,0,0,-0.04363,-0.50351,0.04972,-2.1074,9.2285,-29.9289,-0.0564,0.0709,-0.264,4.69659,0.0,0.0,0.3162,0.0,0.0,0.2582,0.1826,0.0,0.0,0.0,0.1826,0.3162,0.0,0.0,0.0,0.1826,0.0,0.1826,0.2582,5.0,locate,0,0,2.6993
1786549776.2262,2026-08-12 17:49:36.226,14,0,0,-0.04365,-0.50351,0.04972,-2.0295,9.277,-29.7889,-0.0574,0.0705,-0.2701,4.6835,0.0,0.0,0.2582,0.0,0.0,0.3162,0.1826,0.0,0.0,0.2582,0.3162,0.0,0.1826,0.0,0.2582,0.3651,0.0,0.0,0.3162,5.0,locate,0,0,2.8157
1786549776.2763,2026-08-12 17:49:36.276,14,0,0,-0.04364,-0.50352,0.04972,-1.7466,9.0355,-29.8292,-0.0528,0.0765,-0.2671,4.68954,0.0,0.0,0.2582,0.0,0.0,0.3162,0.1826,0.0,0.0,0.2582,0.3162,0.0,0.1826,0.0,0.2582,0.3651,0.0,0.0,0.3162,5.0,locate,0,0,2.762
1786549776.3264,2026-08-12 17:49:36.326,14,0,0,-0.04365,-0.50351,0.04972,-1.3806,8.9986,-30.0618,-0.0514,0.0829,-0.2676,4.68476,0.0,0.1826,0.2582,0.0,0.0,0.1826,0.2582,0.0,0.0,0.2582,0.1826,0.3162,0.0,0.0,0.1826,0.1826,0.0,0.0,0.2582,5.0,locate,0,0,2.8045
1786549776.3765,2026-08-12 17:49:36.376,14,0,0,-0.04364,-0.50351,0.04971,-1.7328,9.732,-30.0029,-0.067,0.0787,-0.2653,4.69609,0.0,0.1826,0.2582,0.0,0.0,0.1826,0.2582,0.0,0.0,0.2582,0.1826,0.3162,0.0,0.0,0.1826,0.1826,0.0,0.0,0.2582,5.0,locate,0,0,2.7037
