timestamp,datetime,ur5_point,ur5_label,ur5_pressing,ur5_done,tcp_x,tcp_y,tcp_z,fx,fy,fz,tx,ty,tz,ai0,cell_1,cell_2,cell_3,cell_4,cell_5,cell_6,cell_7,cell_8,cell_9,cell_10,cell_11,cell_12,cell_13,cell_14,cell_15,cell_16,cell_17,cell_18,cell_19,calib_1,calib_2,calib_3,calib_4,calib_5,calib_6,calib_7,calib_8,calib_9,calib_10,calib_11,calib_12,calib_13,calib_14,calib_15,calib_16,calib_17,calib_18,calib_19,depth_mm,phase,round_idx,sample_idx,load_cell_N
1787153651.5529,2026-08-19 17:34:11.552,,,0,0,-0.03808,-0.49676,0.07968,-4.4793,10.106,-25.2249,-0.0704,0.0067,-0.5074,4.68979,20.0,20.0,22.0,20.0,19.0,22.0,22.0,21.0,21.0,21.0,22.0,22.0,22.0,21.0,23.0,22.0,21.0,21.0,20.0,21.0,22.0,21.0,21.0,22.0,21.0,22.0,21.0,22.0,21.0,21.0,21.0,22.0,22.0,23.0,20.0,22.0,23.0,21.0,0.0,,-1,-1,2.7597
1787153651.603,2026-08-19 17:34:11.602,,,0,0,-0.03809,-0.49674,0.07964,-3.8067,9.9904,-25.2941,-0.0665,0.0184,-0.4946,4.6908,20.0,20.0,22.0,20.0,19.0,22.0,22.0,21.0,21.0,21.0,22.0,22.0,22.0,21.0,23.0,22.0,21.0,21.0,20.0,21.0,22.0,21.0,21.0,22.0,21.0,22.0,21.0,22.0,21.0,21.0,21.0,22.0,22.0,23.0,20.0,22.0,23.0,21.0,0.0,,-1,-1,2.7508
1787153651.6531,2026-08-19 17:34:11.653,,,0,0,-0.0381,-0.49675,0.07964,-4.3782,10.3223,-25.2157,-0.0704,0.0022,-0.4976,4.68778,21.0,21.0,21.0,20.0,20.0,21.0,22.0,21.0,19.0,23.0,23.0,20.0,20.0,22.0,23.0,21.0,22.0,21.0,22.0,21.0,22.0,21.0,21.0,22.0,21.0,22.0,21.0,22.0,21.0,21.0,21.0,22.0,22.0,23.0,20.0,22.0,23.0,21.0,0.0,,-1,-1,2.7777
1787153651.7032,2026-08-19 17:34:11.703,,,0,0,-0.03811,-0.49676,0.07965,-4.4287,10.3763,-25.1592,-0.0744,0.0009,-0.4916,4.69483,21.0,20.0,21.0,20.0,19.0,22.0,23.0,20.0,18.0,23.0,22.0,20.0,19.0,23.0,22.0,21.0,22.0,21.0,22.0,21.0,22.0,21.0,21.0,22.0,21.0,22.0,21.0,22.0,21.0,21.0,21.0,22.0,22.0,23.0,20.0,22.0,23.0,21.0,0.0,,-1,-1,2.7149
1787153651.7533,2026-08-19 17:34:11.753,,,0,0,-0.03814,-0.49679,0.07967,-4.3599,10.4824,-25.2878,-0.0774,0.0025,-0.4817,4.69256,21.0,20.0,21.0,20.0,19.0,22.0,23.0,20.0,18.0,23.0,22.0,20.0,19.0,23.0,22.0,21.0,22.0,21.0,22.0,21.0,22.0,21.0,21.0,22.0,21.0,22.0,21.0,22.0,21.0,21.0,21.0,22.0,22.0,23.0,20.0,22.0,23.0,21.0,0.0,,-1,-1,2.7351
1787153651.8035,2026-08-19 17:34:11.803,,,0,0,-0.03814,-0.49679,0.07968,-4.2526,10.3313,-25.3872,-0.0735,0.0077,-0.4738,4.6913,19.0,20.0,22.0,19.0,19.0,22.0,21.0,19.0,20.0,22.0,21.0,19.0,20.0,21.0,22.0,19.0,22.0,20.0,20.0,21.0,22.0,21.0,21.0,22.0,21.0,22.0,21.0,22.0,21.0,21.0,21.0,22.0,22.0,23.0,20.0,22.0,23.0,21.0,0.0,,-1,-1,2.7463
1787153651.8536,2026-08-19 17:34:11.853,,,0,0,-0.03813,-0.4968,0.07968,-4.1277,10.1699,-25.4217,-0.0703,0.0095,-0.4691,4.69961,19.0,20.0,22.0,19.0,19.0,22.0,21.0,19.0,20.0,22.0,21.0,19.0,20.0,21.0,22.0,19.0,22.0,20.0,20.0,21.0,22.0,21.0,21.0,22.0,21.0,22.0,21.0,22.0,21.0,21.0,21.0,22.0,22.0,23.0,20.0,22.0,23.0,21.0,0.0,,-1,-1,2.6724
1787153651.9038,2026-08-19 17:34:11.903,,,0,0,-0.03813,-0.4968,0.07969,-4.0233,9.997,-25.4957,-0.0657,0.0138,-0.4697,4.68602,18.0,19.0,21.0,19.0,20.0,22.0,22.0,20.0,20.0,21.0,21.0,21.0,22.0,21.0,20.0,22.0,21.0,20.0,20.0,21.0,22.0,21.0,21.0,22.0,21.0,22.0,21.0,22.0,21.0,21.0,21.0,22.0,22.0,23.0,20.0,22.0,23.0,21.0,0.0,,-1,-1,2.7933
1787153651.9539,2026-08-19 17:34:11.953,,,0,0,-0.03811,-0.49682,0.0797,-3.9853,9.9449,-25.4941,-0.0642,0.013,-0.4659,4.69231,20.0,21.0,21.0,20.0,20.0,20.0,21.0,21.0,20.0,22.0,22.0,21.0,22.0,21.0,22.0,22.0,21.0,22.0,24.0,21.0,22.0,21.0,21.0,22.0,21.0,22.0,21.0,22.0,21.0,21.0,21.0,22.0,22.0,23.0,20.0,22.0,23.0,21.0,0.0,,-1,-1,2.7373
1787153652.0039,2026-08-19 17:34:12.003,,,0,0,-0.03814,-0.4968,0.0797,-4.3995,10.4009,-25.1509,-0.0779,0.0034,-0.4707,4.69382,20.0,21.0,21.0,20.0,20.0,20.0,21.0,21.0,20.0,22.0,22.0,21.0,22.0,21.0,22.0,22.0,21.0,22.0,24.0,21.0,22.0,21.0,21.0,22.0,21.0,22.0,21.0,22.0,21.0,21.0,21.0,22.0,22.0,23.0,20.0,22.0,23.0,21.0,0.0,,-1,-1,2.7239
1787153652.054,2026-08-19 17:34:12.054,,,0,0,-0.03814,-0.4968,0.07969,-4.4675,10.2992,-25.2089,-0.0773,0.0004,-0.4661,4.69382,20.0,20.0,21.0,20.0,19.0,22.0,21.0,21.0,20.0,22.0,22.0,22.0,22.0,23.0,21.0,22.0,21.0,22.0,21.0,21.0,22.0,21.0,21.0,22.0,21.0,22.0,21.0,22.0,21.0,21.0,21.0,22.0,22.0,23.0,20.0,22.0,23.0,21.0,0.0,,-1,-1,2.7239
1787153652.1041,2026-08-19 17:34:12.104,,,0,0,-0.03813,-0.49681,0.0797,-4.5069,10.4917,-25.2567,-0.0835,0.0005,-0.4655,4.68778,20.0,20.0,21.0,20.0,19.0,22.0,21.0,21.0,20.0,22.0,22.0,22.0,22.0,23.0,21.0,22.0,21.0,22.0,21.0,21.0,22.0,21.0,21.0,22.0,21.0,22.0,21.0,22.0,21.0,21.0,21.0,22.0,22.0,23.0,20.0,22.0,23.0,21.0,0.0,,-1,-1,2.7777
1787153652.1543,2026-08-19 17:34:12.154,,,0,0,-0.03813,-0.49681,0.07971,-4.3002,10.2955,-25.1519,-0.0718,0.0051,-0.4572,4.69533,20.0,22.0,21.0,20.0,21.0,22.0,22.0,20.0,19.0,21.0,22.0,20.0,20.0,22.0,21.0,21.0,22.0,22.0,20.0,21.0,22.0,21.0,21.0,22.0,21.0,22.0,21.0,22.0,21.0,21.0,21.0,22.0,22.0,23.0,20.0,22.0,23.0,21.0,0.0,,-1,-1,2.7105
1787153652.2044,2026-08-19 17:34:12.204,,,0,0,-0.03813,-0.4968,0.07969,-4.4784,10.2961,-25.2622,-0.0773,-0.0008,-0.4618,4.68702,20.0,19.0,20.0,20.0,18.0,20.0,23.0,20.0,20.0,23.0,22.0,19.0,21.0,22.0,22.0,20.0,22.0,21.0,20.0,21.0,22.0,21.0,21.0,22.0,21.0,22.0,21.0,22.0,21.0,21.0,21.0,22.0,22.0,23.0,20.0,22.0,23.0,21.0,0.0,,-1,-1,2.7844
1787153652.2544,2026-08-19 17:34:12.254,,,0,0,-0.03814,-0.49681,0.07971,-4.1525,10.0797,-25.1228,-0.0734,0.0095,-0.4613,4.68904,20.0,19.0,20.0,20.0,18.0,20.0,23.0,20.0,20.0,23.0,22.0,19.0,21.0,22.0,22.0,20.0,22.0,21.0,20.0,21.0,22.0,21.0,21.0,22.0,21.0,22.0,21.0,22.0,21.0,21.0,21.0,22.0,22.0,23.0,20.0,22.0,23.0,21.0,0.0,,-1,-1,2.7665
1787153652.3045,2026-08-19 17:34:12.304,,,0,0,-0.03814,-0.49681,0.07971,-4.061,9.9501,-25.259,-0.0688,0.0136,-0.4534,4.68954,19.0,19.0,22.0,18.0,20.0,22.0,22.0,20.0,20.0,23.0,22.0,20.0,20.0,23.0,21.0,19.0,22.0,22.0,18.0,21.0,22.0,21.0,21.0,22.0,21.0,22.0,21.0,22.0,21.0,21.0,21.0,22.0,22.0,23.0,20.0,22.0,23.0,21.0,0.0,,-1,-1,2.762
1787153652.3546,2026-08-19 17:34:12.354,,,0,0,-0.03814,-0.49681,0.07971,-4.1002,10.314,-25.2415,-0.0783,0.0091,-0.4509,4.69533,19.0,19.0,22.0,18.0,20.0,22.0,22.0,20.0,20.0,23.0,22.0,20.0,20.0,23.0,21.0,19.0,22.0,22.0,18.0,21.0,22.0,21.0,21.0,22.0,21.0,22.0,21.0,22.0,21.0,21.0,21.0,22.0,22.0,23.0,20.0,22.0,23.0,21.0,0.0,,-1,-1,2.7105
1787153652.4048,2026-08-19 17:34:12.404,,,0,0,-0.03814,-0.49681,0.0797,-4.4913,10.5235,-25.1627,-0.0816,-0.0,-0.4498,4.69533,18.0,20.0,21.0,20.0,19.0,22.0,21.0,20.0,21.0,22.0,21.0,20.0,22.0,22.0,21.0,20.0,21.0,20.0,23.0,21.0,22.0,21.0,21.0,22.0,21.0,22.0,21.0,22.0,21.0,21.0,21.0,22.0,22.0,23.0,20.0,22.0,23.0,21.0,0.0,,-1,-1,2.7105
1787153652.4549,2026-08-19 17:34:12.454,,,0,0,-0.03815,-0.4968,0.07969,-4.3419,10.1149,-25.3204,-0.073,0.0021,-0.4444,4.68299,20.0,21.0,21.0,22.0,21.0,20.0,19.0,18.0,20.0,23.0,24.0,18.0,23.0,22.0,22.0,19.0,22.0,23.0,20.0,21.0,22.0,21.0,21.0,22.0,21.0,22.0,21.0,22.0,21.0,21.0,21.0,22.0,22.0,23.0,20.0,22.0,23.0,21.0,0.0,,-1,-1,2.8202
1787153652.505,2026-08-19 17:34:12.504,,,0,0,-0.03814,-0.49681,0.0797,-4.5863,10.5503,-25.0988,-0.0821,-0.0027,-0.4499,4.69961,20.0,21.0,21.0,22.0,21.0,20.0,19.0,18.0,20.0,23.0,24.0,18.0,23.0,22.0,22.0,19.0,22.0,23.0,20.0,21.0,22.0,21.0,21.0,22.0,21.0,22.0,21.0,22.0,21.0,21.0,21.0,22.0,22.0,23.0,20.0,22.0,23.0,21.0,0.0,,-1,-1,2.6724
1787153652.5551,2026-08-19 17:34:12.555,,,0,0,-0.03814,-0.49681,0.07971,-4.3904,10.424,-25.2431,-0.0774,0.0,-0.4477,4.6903,18.0,20.0,22.0,18.0,21.0,22.0,23.0,19.0,19.0,23.0,22.0,18.0,22.0,22.0,21.0,20.0,21.0,20.0,21.0,21.0,22.0,21.0,21.0,22.0,21.0,22.0,21.0,22.0,21.0,21.0,21.0,22.0,22.0,23.0,20.0,22.0,23.0,21.0,0.0,,-1,-1,2.7553
1787153652.6053,2026-08-19 17:34:12.605,,,0,0,-0.03813,-0.49681,0.0797,-4.1754,10.3049,-25.3312,-0.0798,0.007,-0.4473,4.69483,18.0,20.0,22.0,18.0,21.0,22.0,23.0,19.0,19.0,23.0,22.0,18.0,22.0,22.0,21.0,20.0,21.0,20.0,21.0,21.0,22.0,21.0,21.0,22.0,21.0,22.0,21.0,22.0,21.0,21.0,21.0,22.0,22.0,23.0,20.0,22.0,23.0,21.0,0.0,,-1,-1,2.7149
1787153652.6554,2026-08-19 17:34:12.655,,,0,0,-0.03814,-0.49681,0.07971,-4.204,10.3256,-25.1777,-0.0776,0.0094,-0.4411,4.69155,18.0,21.0,21.0,18.0,20.0,22.0,21.0,20.0,18.0,22.0,22.0,21.0,20.0,23.0,22.0,21.0,21.0,23.0,21.0,21.0,22.0,21.0,21.0,22.0,21.0,22.0,21.0,22.0,21.0,21.0,21.0,22.0,22.0,23.0,20.0,22.0,23.0,21.0,0.0,,-1,-1,2.7441
1787153652.7055,2026-08-19 17:34:12.705,,,0,0,-0.03812,-0.49681,0.0797,-4.455,10.6055,-25.1881,-0.0836,0.0005,-0.4464,4.69583,18.0,21.0,21.0,18.0,20.0,22.0,21.0,20.0,18.0,22.0,22.0,21.0,20.0,23.0,22.0,21.0,21.0,23.0,21.0,21.0,22.0,21.0,21.0,22.0,21.0,22.0,21.0,22.0,21.0,21.0,21.0,22.0,22.0,23.0,20.0,22.0,23.0,21.0,0.0,,-1,-1,2.706
1787153652.7556,2026-08-19 17:34:12.755,,,0,0,-0.03814,-0.49681,0.07971,-4.1517,10.1961,-25.2419,-0.0723,0.0081,-0.446,4.68652,20.0,19.0,21.0,19.0,18.0,20.0,21.0,21.0,20.0,23.0,23.0,22.0,22.0,22.0,23.0,21.0,22.0,22.0,22.0,21.0,22.0,21.0,21.0,22.0,21.0,22.0,21.0,22.0,21.0,21.0,21.0,22.0,22.0,23.0,20.0,22.0,23.0,21.0,0.0,,-1,-1,2.7889
1787153652.8057,2026-08-19 17:34:12.805,,,0,0,-0.03812,-0.49681,0.07971,-4.5282,10.5742,-25.0816,-0.0821,-0.0014,-0.4484,4.69407,19.0,22.0,23.0,20.0,20.0,22.0,22.0,20.0,19.0,20.0,22.0,21.0,19.0,21.0,22.0,20.0,19.0,20.0,20.0,21.0,22.0,21.0,21.0,22.0,21.0,22.0,21.0,22.0,21.0,21.0,21.0,22.0,22.0,23.0,20.0,22.0,23.0,21.0,0.0,,-1,-1,2.7217
1787153652.8559,2026-08-19 17:34:12.855,,,0,0,-0.03815,-0.49682,0.07971,-4.3721,10.4433,-25.2421,-0.0804,-0.0002,-0.4421,4.68727,19.0,22.0,23.0,20.0,20.0,22.0,22.0,20.0,19.0,20.0,22.0,21.0,19.0,21.0,22.0,20.0,19.0,20.0,20.0,21.0,22.0,21.0,21.0,22.0,21.0,22.0,21.0,22.0,21.0,21.0,21.0,22.0,22.0,23.0,20.0,22.0,23.0,21.0,0.0,,-1,-1,2.7821
1787153652.906,2026-08-19 17:34:12.905,,,0,0,-0.03813,-0.49681,0.0797,-4.1042,10.2569,-25.156,-0.0753,0.0089,-0.4412,4.69684,22.0,20.0,21.0,19.0,19.0,20.0,20.0,21.0,21.0,23.0,21.0,21.0,22.0,23.0,21.0,21.0,23.0,21.0,22.0,21.0,22.0,21.0,21.0,22.0,21.0,22.0,21.0,22.0,21.0,21.0,21.0,22.0,22.0,23.0,20.0,22.0,23.0,21.0,0.0,,-1,-1,2.697
1787153652.9561,2026-08-19 17:34:12.956,,,0,0,-0.03813,-0.49681,0.0797,-4.1792,10.3362,-25.0715,-0.0806,0.0082,-0.4413,4.68576,22.0,20.0,21.0,19.0,19.0,20.0,20.0,21.0,21.0,23.0,21.0,21.0,22.0,23.0,21.0,21.0,23.0,21.0,22.0,21.0,22.0,21.0,21.0,22.0,21.0,22.0,21.0,22.0,21.0,21.0,21.0,22.0,22.0,23.0,20.0,22.0,23.0,21.0,0.0,,-1,-1,2.7956
1787153653.0063,2026-08-19 17:34:13.006,,,0,0,-0.03813,-0.49682,0.07971,-4.2781,10.1533,-25.3504,-0.0729,0.0056,-0.4371,4.68576,21.0,21.0,21.0,19.0,20.0,22.0,21.0,21.0,20.0,21.0,21.0,22.0,21.0,22.0,20.0,22.0,22.0,21.0,21.0,21.0,22.0,21.0,21.0,22.0,21.0,22.0,21.0,22.0,21.0,21.0,21.0,22.0,22.0,23.0,20.0,22.0,23.0,21.0,0.0,,-1,-1,2.7956
1787153653.0564,2026-08-19 17:34:13.056,10,c3,0,0,-0.03815,-0.49683,0.07971,-4.3316,10.178,-25.0888,-0.0719,0.0045,-0.4428,4.69483,20.0,21.0,21.0,20.0,20.0,20.0,20.0,18.0,21.0,24.0,22.0,19.0,23.0,22.0,21.0,19.0,22.0,22.0,19.0,21.0,22.0,21.0,21.0,22.0,21.0,22.0,21.0,22.0,21.0,21.0,21.0,22.0,22.0,23.0,20.0,22.0,23.0,21.0,10.0,locate,0,0,2.7149
1787153653.1064,2026-08-19 17:34:13.106,10,c3,0,0,-0.03815,-0.49684,0.07917,-4.3371,10.2861,-25.3232,-0.0743,0.004,-0.4378,4.68979,20.0,21.0,21.0,20.0,20.0,20.0,20.0,18.0,21.0,24.0,22.0,19.0,23.0,22.0,21.0,19.0,22.0,22.0,19.0,21.0,22.0,21.0,21.0,22.0,21.0,22.0,21.0,22.0,21.0,21.0,21.0,22.0,22.0,23.0,20.0,22.0,23.0,21.0,10.0,locate,0,0,2.7597
1787153653.1565,2026-08-19 17:34:13.156,10,c3,0,0,-0.03814,-0.49684,0.07796,-4.3979,10.3458,-25.1978,-0.0778,0.0009,-0.4366,4.6976,19.0,22.0,21.0,18.0,20.0,22.0,21.0,20.0,21.0,21.0,21.0,20.0,22.0,20.0,20.0,21.0,21.0,20.0,21.0,21.0,22.0,21.0,21.0,22.0,21.0,22.0,21.0,22.0,21.0,21.0,21.0,22.0,22.0,23.0,20.0,22.0,23.0,21.0,10.0,locate,0,0,2.6903
1787153653.2066,2026-08-19 17:34:13.206,10,c3,0,0,-0.03816,-0.49685,0.07593,-4.074,9.9779,-25.1268,-0.0658,0.009,-0.4328,4.69055,19.0,22.0,21.0,18.0,20.0,22.0,21.0,20.0,21.0,21.0,21.0,20.0,22.0,20.0,20.0,21.0,21.0,20.0,21.0,21.0,22.0,21.0,21.0,22.0,21.0,22.0,21.0,22.0,21.0,21.0,21.0,22.0,22.0,23.0,20.0,22.0,23.0,21.0,10.0,locate,0,0,2.753
1787153653.2568,2026-08-19 17:34:13.256,10,c3,0,0,-0.03814,-0.49683,0.07332,-4.5188,10.3567,-25.2165,-0.0761,0.0006,-0.4354,4.69785,20.0,22.0,20.0,20.0,21.0,21.0,21.0,20.0,20.0,22.0,22.0,21.0,22.0,22.0,22.0,21.0,22.0,20.0,22.0,21.0,22.0,21.0,21.0,22.0,21.0,22.0,21.0,22.0,21.0,21.0,21.0,22.0,22.0,23.0,20.0,22.0,23.0,21.0,10.0,locate,0,0,2.6881
1787153653.3069,2026-08-19 17:34:13.306,10,c3,0,0,-0.03811,-0.49678,0.07072,-4.4032,10.4531,-25.3741,-0.0799,-0.0007,-0.4368,4.68199,21.0,21.0,20.0,21.0,21.0,20.0,20.0,20.0,21.0,22.0,22.0,20.0,22.0,21.0,22.0,21.0,21.0,22.0,22.0,21.0,22.0,21.0,21.0,22.0,21.0,22.0,21.0,22.0,21.0,21.0,21.0,22.0,22.0,23.0,20.0,22.0,23.0,21.0,10.0,locate,0,0,2.8292
1787153653.357,2026-08-19 17:34:13.356,10,c3,0,0,-0.03814,-0.49682,0.0684,-4.1762,9.8983,-25.2843,-0.0637,0.0067,-0.433,4.6908,21.0,21.0,20.0,21.0,21.0,20.0,20.0,20.0,21.0,22.0,22.0,20.0,22.0,21.0,22.0,21.0,21.0,22.0,22.0,21.0,22.0,21.0,21.0,22.0,21.0,22.0,21.0,22.0,21.0,21.0,21.0,22.0,22.0,23.0,20.0,22.0,23.0,21.0,10.0,locate,0,0,2.7508
1787153653.407,2026-08-19 17:34:13.407,10,c3,0,0,-0.03814,-0.49683,0.06595,-4.4368,10.0834,-25.3526,-0.0715,0.0017,-0.4321,4.68677,21.0,21.0,21.0,20.0,22.0,20.0,21.0,20.0,22.0,20.0,22.0,21.0,23.0,21.0,23.0,20.0,21.0,22.0,21.0,21.0,22.0,21.0,21.0,22.0,21.0,22.0,21.0,22.0,21.0,21.0,21.0,22.0,22.0,23.0,20.0,22.0,23.0,21.0,10.0,locate,0,0,2.7866
1787153653.4571,2026-08-19 17:34:13.457,10,c3,0,0,-0.03816,-0.49686,0.06351,-4.0366,10.2458,-25.107,-0.0764,0.0104,-0.4282,4.69533,21.0,21.0,21.0,20.0,22.0,20.0,21.0,20.0,22.0,20.0,22.0,21.0,23.0,21.0,23.0,20.0,21.0,22.0,21.0,21.0,22.0,21.0,21.0,22.0,21.0,22.0,21.0,22.0,21.0,21.0,21.0,22.0,22.0,23.0,20.0,22.0,23.0,21.0,10.0,locate,0,0,2.7105
1787153653.5073,2026-08-19 17:34:13.507,10,c3,0,0,-0.03814,-0.49682,0.0608,-4.3116,10.4343,-25.2499,-0.0806,0.0044,-0.4295,4.69004,19.0,22.0,20.0,19.0,21.0,19.0,22.0,21.0,22.0,21.0,22.0,21.0,22.0,21.0,22.0,21.0,19.0,23.0,21.0,21.0,22.0,21.0,21.0,22.0,21.0,22.0,21.0,22.0,21.0,21.0,21.0,22.0,22.0,23.0,20.0,22.0,23.0,21.0,10.0,locate,0,0,2.7575
1787153653.5574,2026-08-19 17:34:13.557,10,c3,0,0,-0.03816,-0.4968,0.05832,-4.0705,10.2211,-25.2598,-0.0735,0.0121,-0.426,4.69407,19.0,21.0,19.0,21.0,21.0,20.0,23.0,19.0,22.0,22.0,23.0,20.0,22.0,22.0,21.0,20.0,23.0,22.0,20.0,21.0,22.0,21.0,21.0,22.0,21.0,22.0,21.0,22.0,21.0,21.0,21.0,22.0,22.0,23.0,20.0,22.0,23.0,21.0,10.0,locate,0,0,2.7217
1787153653.6075,2026-08-19 17:34:13.607,10,c3,0,0,-0.03814,-0.49681,0.05578,-4.2736,10.4158,-25.1547,-0.0803,0.0067,-0.4275,4.69583,19.0,21.0,19.0,21.0,21.0,20.0,23.0,19.0,22.0,22.0,23.0,20.0,22.0,22.0,21.0,20.0,23.0,22.0,20.0,21.0,22.0,21.0,21.0,22.0,21.0,22.0,21.0,22.0,21.0,21.0,21.0,22.0,22.0,23.0,20.0,22.0,23.0,21.0,10.0,locate,0,0,2.706
1787153653.6576,2026-08-19 17:34:13.657,10,c3,0,0,-0.03813,-0.49682,0.05335,-4.3915,10.2871,-25.3446,-0.0727,0.0027,-0.4284,4.69105,19.0,21.0,21.0,19.0,21.0,22.0,22.0,19.0,21.0,23.0,23.0,18.0,22.0,23.0,24.0,21.0,21.0,22.0,21.0,21.0,22.0,21.0,21.0,22.0,21.0,22.0,21.0,22.0,21.0,21.0,21.0,22.0,22.0,23.0,20.0,22.0,23.0,21.0,10.0,locate,0,0,2.7485
1787153653.7078,2026-08-19 17:34:13.707,10,c3,0,0,-0.03816,-0.49688,0.05148,-3.9438,10.1033,-25.362,-0.0718,0.0136,-0.4241,4.69609,19.0,21.0,21.0,19.0,21.0,22.0,22.0,19.0,21.0,23.0,23.0,18.0,22.0,23.0,24.0,21.0,21.0,22.0,21.0,21.0,22.0,21.0,21.0,22.0,21.0,22.0,21.0,22.0,21.0,21.0,21.0,22.0,22.0,23.0,20.0,22.0,23.0,21.0,10.0,locate,0,0,2.7037
1787153653.7579,2026-08-19 17:34:13.757,10,c3,0,0,-0.03817,-0.49687,0.05022,-4.281,10.2439,-25.1619,-0.0778,0.0031,-0.4251,4.6908,20.0,21.0,21.0,20.0,21.0,21.0,24.0,22.0,22.0,23.0,23.0,22.0,22.0,24.0,24.0,22.0,23.0,23.0,23.0,21.0,22.0,21.0,21.0,22.0,21.0,22.0,21.0,22.0,21.0,21.0,21.0,22.0,22.0,23.0,20.0,22.0,23.0,21.0,10.0,locate,0,0,2.7508
1787153653.808,2026-08-19 17:34:13.807,10,c3,0,0,-0.03815,-0.49687,0.04974,-4.5039,10.2509,-25.3423,-0.0786,-0.0002,-0.4221,4.69458,20.0,21.0,21.0,20.0,21.0,21.0,24.0,22.0,22.0,23.0,23.0,22.0,22.0,24.0,24.0,22.0,23.0,23.0,23.0,21.0,22.0,21.0,21.0,22.0,21.0,22.0,21.0,22.0,21.0,21.0,21.0,22.0,22.0,23.0,20.0,22.0,23.0,21.0,10.0,locate,0,0,2.7172
1787153653.858,2026-08-19 17:34:13.858,10,c3,0,0,-0.03816,-0.49686,0.04974,-4.637,10.3439,-25.0677,-0.0761,-0.0023,-0.4224,4.68979,21.0,22.0,22.0,21.0,21.0,23.0,23.0,20.0,22.0,23.0,22.0,20.0,25.0,23.0,22.0,20.0,23.0,23.0,20.0,21.0,22.0,21.0,21.0,22.0,21.0,22.0,21.0,22.0,21.0,21.0,21.0,22.0,22.0,23.0,20.0,22.0,23.0,21.0,10.0,locate,0,0,2.7597
1787153653.9082,2026-08-19 17:34:13.908,10,c3,0,0,-0.03814,-0.49682,0.04973,-3.9188,9.827,-25.4856,-0.065,0.0152,-0.417,4.69659,20.0,24.0,23.0,20.0,23.0,22.0,23.0,21.0,23.0,23.0,25.0,20.0,25.0,23.0,24.0,20.0,22.0,24.0,21.0,21.0,22.0,21.0,21.0,22.0,21.0,22.0,21.0,22.0,21.0,21.0,21.0,22.0,22.0,23.0,20.0,22.0,23.0,21.0,10.0,locate,0,0,2.6993
1787153653.9583,2026-08-19 17:34:13.958,10,c3,0,0,-0.03813,-0.49682,0.04973,-4.2936,10.1449,-25.2107,-0.0701,0.0053,-0.4194,4.68375,20.0,24.0,23.0,20.0,23.0,22.0,23.0,21.0,23.0,23.0,25.0,20.0,25.0,23.0,24.0,20.0,22.0,24.0,21.0,21.0,22.0,21.0,21.0,22.0,21.0,22.0,21.0,22.0,21.0,21.0,21.0,22.0,22.0,23.0,20.0,22.0,23.0,21.0,10.0,locate,0,0,2.8135
1787153654.0084,2026-08-19 17:34:14.008,10,c3,0,0,-0.03815,-0.49682,0.04974,-4.3363,10.2446,-25.3092,-0.073,0.0052,-0.4188,4.6913,20.0,23.0,22.0,21.0,23.0,23.0,25.0,20.0,22.0,23.0,23.0,20.0,24.0,22.0,23.0,20.0,22.0,24.0,20.0,21.0,22.0,21.0,21.0,22.0,21.0,22.0,21.0,22.0,21.0,21.0,21.0,22.0,22.0,23.0,20.0,22.0,23.0,21.0,10.0,locate,0,0,2.7463
1787153654.0585,2026-08-19 17:34:14.058,10,c3,0,0,-0.03813,-0.49682,0.04973,-4.1366,9.9851,-25.5667,-0.0696,0.0094,-0.4177,4.69432,20.0,23.0,22.0,21.0,23.0,23.0,25.0,20.0,22.0,23.0,23.0,20.0,24.0,22.0,23.0,20.0,22.0,24.0,20.0,21.0,22.0,21.0,21.0,22.0,21.0,22.0,21.0,22.0,21.0,21.0,21.0,22.0,22.0,23.0,20.0,22.0,23.0,21.0,10.0,locate,0,0,2.7194
1787153654.1086,2026-08-19 17:34:14.108,10,c3,0,0,-0.03814,-0.4968,0.04971,-3.9204,10.0018,-25.3547,-0.0695,0.017,-0.4197,4.6845,21.0,24.0,23.0,21.0,23.0,24.0,22.0,21.0,25.0,24.0,25.0,21.0,27.0,23.0,24.0,21.0,24.0,24.0,22.0,21.0,22.0,21.0,21.0,22.0,21.0,22.0,21.0,22.0,21.0,21.0,21.0,22.0,22.0,23.0,20.0,22.0,23.0,21.0,10.0,locate,0,0,2.8068
1787153654.1588,2026-08-19 17:34:14.158,10,c3,0,0,-0.03815,-0.49683,0.04973,-4.4484,10.4154,-25.3831,-0.0778,0.0006,-0.4189,4.6903,22.0,24.0,21.0,21.0,23.0,23.0,24.0,22.0,23.0,23.0,26.0,21.0,26.0,24.0,25.0,21.0,22.0,25.0,21.0,21.0,22.0,21.0,21.0,22.0,21.0,22.0,21.0,22.0,21.0,21.0,21.0,22.0,22.0,23.0,20.0,22.0,23.0,21.0,10.0,locate,0,0,2.7553
1787153654.209,2026-08-19 17:34:14.208,10,c3,0,0,-0.03813,-0.4968,0.04971,-4.1009,10.1241,-25.4306,-0.0725,0.0092,-0.4135,4.6903,22.0,24.0,21.0,21.0,23.0,23.0,24.0,22.0,23.0,23.0,26.0,21.0,26.0,24.0,25.0,21.0,22.0,25.0,21.0,21.0,22.0,21.0,21.0,22.0,21.0,22.0,21.0,22.0,21.0,21.0,21.0,22.0,22.0,23.0,20.0,22.0,23.0,21.0,10.0,locate,0,0,2.7553
1787153654.2591,2026-08-19 17:34:14.259,10,c3,0,0,-0.03814,-0.49682,0.04971,-4.151,10.1241,-25.2734,-0.0733,0.0072,-0.416,4.69609,19.0,23.0,22.0,20.0,22.0,23.0,25.0,22.0,21.0,25.0,25.0,23.0,23.0,24.0,26.0,21.0,23.0,25.0,22.0,21.0,22.0,21.0,21.0,22.0,21.0,22.0,21.0,22.0,21.0,21.0,21.0,22.0,22.0,23.0,20.0,22.0,23.0,21.0,10.0,locate,0,0,2.7037
1787153654.3092,2026-08-19 17:34:14.309,10,c3,0,0,-0.03814,-0.49682,0.04972,-4.5592,10.4609,-25.2874,-0.0788,-0.0024,-0.4254,4.68803,19.0,23.0,22.0,20.0,22.0,23.0,25.0,22.0,21.0,25.0,25.0,23.0,23.0,24.0,26.0,21.0,23.0,25.0,22.0,21.0,22.0,21.0,21.0,22.0,21.0,22.0,21.0,22.0,21.0,21.0,21.0,22.0,22.0,23.0,20.0,22.0,23.0,21.0,10.0,locate,0,0,2.7754
1787153654.3594,2026-08-19 17:34:14.359,10,c3,0,0,-0.03816,-0.49681,0.04972,-4.1216,10.2506,-25.4514,-0.0754,0.0106,-0.4125,4.69306,22.0,24.0,24.0,23.0,22.0,24.0,25.0,23.0,23.0,23.0,24.0,23.0,26.0,23.0,22.0,22.0,23.0,22.0,23.0,21.0,22.0,21.0,21.0,22.0,21.0,22.0,21.0,22.0,21.0,21.0,21.0,22.0,22.0,23.0,20.0,22.0,23.0,21.0,10.0,locate,0,0,2.7306
1787153654.4095,2026-08-19 17:34:14.409,10,c3,0,0,-0.03814,-0.49682,0.04972,-4.019,10.3058,-25.472,-0.0775,0.0141,-0.4162,4.6976,20.0,25.0,23.0,21.0,23.0,24.0,24.0,22.0,22.0,24.0,27.0,21.0,24.0,26.0,25.0,22.0,23.0,23.0,23.0,21.0,22.0,21.0,21.0,22.0,21.0,22.0,21.0,22.0,21.0,21.0,21.0,22.0,22.0,23.0,20.0,22.0,23.0,21.0,10.0,locate,0,0,2.6903
1787153654.4596,2026-08-19 17:34:14.459,10,c3,0,0,-0.03814,-0.49681,0.04972,-4.0964,9.855,-25.5969,-0.0635,0.0094,-0.4124,4.68375,20.0,25.0,23.0,21.0,23.0,24.0,24.0,22.0,22.0,24.0,27.0,21.0,24.0,26.0,25.0,22.0,23.0,23.0,23.0,21.0,22.0,21.0,21.0,22.0,21.0,22.0,21.0,22.0,21.0,21.0,21.0,22.0,22.0,23.0,20.0,22.0,23.0,21.0,10.0,locate,0,0,2.8135
1787153654.5098,2026-08-19 17:34:14.509,10,c3,0,0,-0.03813,-0.4968,0.04972,-4.0973,10.2865,-25.3477,-0.0787,0.0075,-0.4121,4.69558,21.0,22.0,22.0,22.0,22.0,23.0,24.0,23.0,23.0,23.0,25.0,23.0,23.0,23.0,26.0,23.0,22.0,25.0,23.0,21.0,22.0,21.0,21.0,22.0,21.0,22.0,21.0,22.0,21.0,21.0,21.0,22.0,22.0,23.0,20.0,22.0,23.0,21.0,10.0,locate,0,0,2.7082
1787153654.5599,2026-08-19 17:34:14.559,10,c3,0,0,-0.03813,-0.49682,0.04973,-4.4138,10.2496,-25.3023,-0.0763,-0.0011,-0.4159,4.68526,21.0,22.0,22.0,22.0,22.0,23.0,24.0,23.0,23.0,23.0,25.0,23.0,23.0,23.0,26.0,23.0,22.0,25.0,23.0,21.0,22.0,21.0,21.0,22.0,21.0,22.0,21.0,22.0,21.0,21.0,21.0,22.0,22.0,23.0,20.0,22.0,23.0,21.0,10.0,locate,0,0,2.8001
1787153654.61,2026-08-19 17:34:14.610,10,c3,0,0,-0.03815,-0.4968,0.04972,-4.2164,10.6044,-25.2889,-0.0852,0.0079,-0.4115,4.69281,21.0,24.0,22.0,21.0,24.0,22.0,26.0,21.0,22.0,23.0,25.0,21.0,23.0,23.0,24.0,20.0,23.0,25.0,21.0,21.0,22.0,21.0,21.0,22.0,21.0,22.0,21.0,22.0,21.0,21.0,21.0,22.0,22.0,23.0,20.0,22.0,23.0,21.0,10.0,locate,0,0,2.7329
1787153654.6601,2026-08-19 17:34:14.660,10,c3,0,0,-0.03811,-0.4968,0.0497,-4.1838,10.2058,-25.2584,-0.0728,0.0089,-0.4123,4.68803,21.0,24.0,22.0,21.0,24.0,22.0,26.0,21.0,22.0,23.0,25.0,21.0,23.0,23.0,24.0,20.0,23.0,25.0,21.0,21.0,22.0,21.0,21.0,22.0,21.0,22.0,21.0,22.0,21.0,21.0,21.0,22.0,22.0,23.0,20.0,22.0,23.0,21.0,10.0,locate,0,0,2.7754
1787153654.7103,2026-08-19 17:34:14.710,10,c3,0,0,-0.03813,-0.49681,0.04972,-4.2906,10.4683,-25.4783,-0.0829,0.0021,-0.4178,4.69206,21.0,24.0,23.0,21.0,23.0,23.0,25.0,21.0,22.0,23.0,25.0,20.0,24.0,22.0,25.0,21.0,22.0,23.0,20.0,21.0,22.0,21.0,21.0,22.0,21.0,22.0,21.0,22.0,21.0,21.0,21.0,22.0,22.0,23.0,20.0,22.0,23.0,21.0,10.0,locate,0,0,2.7396
1787153654.7604,2026-08-19 17:34:14.760,10,c3,0,0,-0.03814,-0.4968,0.0497,-4.065,9.9314,-25.3104,-0.0679,0.0112,-0.4053,4.68778,20.0,22.0,22.0,20.0,24.0,22.0,24.0,22.0,24.0,22.0,26.0,22.0,24.0,21.0,26.0,24.0,22.0,25.0,24.0,21.0,22.0,21.0,21.0,22.0,21.0,22.0,21.0,22.0,21.0,21.0,21.0,22.0,22.0,23.0,20.0,22.0,23.0,21.0,10.0,locate,0,0,2.7777
1787153654.8106,2026-08-19 17:34:14.810,10,c3,0,0,-0.03815,-0.49682,0.04972,-4.1778,9.9112,-25.162,-0.0687,0.0079,-0.4061,4.69583,20.0,22.0,22.0,20.0,24.0,22.0,24.0,22.0,24.0,22.0,26.0,22.0,24.0,21.0,26.0,24.0,22.0,25.0,24.0,21.0,22.0,21.0,21.0,22.0,21.0,22.0,21.0,22.0,21.0,21.0,21.0,22.0,22.0,23.0,20.0,22.0,23.0,21.0,10.0,locate,0,0,2.706
1787153654.8607,2026-08-19 17:34:14.860,10,c3,0,0,-0.03813,-0.49681,0.0497,-3.9067,10.0786,-25.2934,-0.0689,0.0122,-0.4091,4.68652,21.0,23.0,22.0,21.0,22.0,23.0,26.0,23.0,23.0,23.0,27.0,24.0,24.0,23.0,24.0,22.0,24.0,23.0,23.0,21.0,22.0,21.0,21.0,22.0,21.0,22.0,21.0,22.0,21.0,21.0,21.0,22.0,22.0,23.0,20.0,22.0,23.0,21.0,10.0,locate,0,0,2.7889
1787153654.9108,2026-08-19 17:34:14.910,10,c3,0,0,-0.03815,-0.49682,0.04972,-4.3846,10.4628,-25.3148,-0.0795,0.0037,-0.4197,4.69583,21.0,23.0,22.0,21.0,22.0,23.0,26.0,23.0,23.0,23.0,27.0,24.0,24.0,23.0,24.0,22.0,24.0,23.0,23.0,21.0,22.0,21.0,21.0,22.0,21.0,22.0,21.0,22.0,21.0,21.0,21.0,22.0,22.0,23.0,20.0,22.0,23.0,21.0,10.0,locate,0,0,2.706
1787153654.9609,2026-08-19 17:34:14.960,10,c3,0,0,-0.03814,-0.4968,0.04971,-3.971,9.8555,-25.5686,-0.0645,0.0183,-0.4163,4.69206,22.0,24.0,23.0,22.0,23.0,24.0,25.0,21.0,23.0,25.0,24.0,21.0,24.0,24.0,24.0,22.0,25.0,24.0,21.0,21.0,22.0,21.0,21.0,22.0,21.0,22.0,21.0,22.0,21.0,21.0,21.0,22.0,22.0,23.0,20.0,22.0,23.0,21.0,10.0,locate,0,0,2.7396
1787153655.011,2026-08-19 17:34:15.010,10,c3,0,0,-0.03815,-0.49681,0.04972,-4.5765,10.1559,-25.2589,-0.073,-0.0014,-0.4179,4.69332,21.0,23.0,24.0,20.0,22.0,24.0,24.0,21.0,23.0,25.0,25.0,21.0,23.0,24.0,25.0,20.0,24.0,24.0,23.0,21.0,22.0,21.0,21.0,22.0,21.0,22.0,21.0,22.0,21.0,21.0,21.0,22.0,22.0,23.0,20.0,22.0,23.0,21.0,10.0,locate,0,0,2.7284
1787153655.0611,2026-08-19 17:34:15.061,10,c3,0,0,-0.03812,-0.4968,0.0497,-4.4584,10.8533,-25.3748,-0.0896,0.0011,-0.4095,4.68803,21.0,23.0,24.0,20.0,22.0,24.0,24.0,21.0,23.0,25.0,25.0,21.0,23.0,24.0,25.0,20.0,24.0,24.0,23.0,21.0,22.0,21.0,21.0,22.0,21.0,22.0,21.0,22.0,21.0,21.0,21.0,22.0,22.0,23.0,20.0,22.0,23.0,21.0,10.0,locate,0,0,2.7754
1787153655.1112,2026-08-19 17:34:15.111,10,c3,0,0,-0.03813,-0.49682,0.04972,-4.5444,10.3048,-25.3845,-0.0779,0.0012,-0.4182,4.69407,21.0,23.0,24.0,20.0,23.0,24.0,24.0,22.0,22.0,24.0,24.0,21.0,24.0,25.0,24.0,22.0,24.0,24.0,22.0,21.0,22.0,21.0,21.0,22.0,21.0,22.0,21.0,22.0,21.0,21.0,21.0,22.0,22.0,23.0,20.0,22.0,23.0,21.0,10.0,locate,0,0,2.7217
1787153655.1613,2026-08-19 17:34:15.161,10,c3,0,0,-0.03814,-0.49682,0.04972,-4.4124,10.4101,-25.3542,-0.0776,0.0025,-0.4139,4.68853,21.0,23.0,24.0,20.0,23.0,24.0,24.0,22.0,22.0,24.0,24.0,21.0,24.0,25.0,24.0,22.0,24.0,24.0,22.0,21.0,22.0,21.0,21.0,22.0,21.0,22.0,21.0,22.0,21.0,21.0,21.0,22.0,22.0,23.0,20.0,22.0,23.0,21.0,10.0,locate,0,0,2.7709
1787153655.2114,2026-08-19 17:34:15.211,10,c3,0,0,-0.03814,-0.4968,0.0497,-4.2386,10.2463,-25.3073,-0.0735,0.0081,-0.4129,4.69785,21.0,22.0,21.0,22.0,22.0,21.0,23.0,21.0,24.0,24.0,25.0,20.0,25.0,24.0,24.0,20.0,24.0,23.0,22.0,21.0,22.0,21.0,21.0,22.0,21.0,22.0,21.0,22.0,21.0,21.0,21.0,22.0,22.0,23.0,20.0,22.0,23.0,21.0,10.0,locate,0,0,2.6881
1787153655.2614,2026-08-19 17:34:15.261,10,c3,0,0,-0.03813,-0.49681,0.04972,-4.0035,10.074,-25.1491,-0.0745,0.0118,-0.4039,4.68702,19.0,25.0,23.0,20.0,22.0,23.0,24.0,21.0,21.0,24.0,26.0,22.0,23.0,24.0,24.0,21.0,23.0,25.0,22.0,21.0,22.0,21.0,21.0,22.0,21.0,22.0,21.0,22.0,21.0,21.0,21.0,22.0,22.0,23.0,20.0,22.0,23.0,21.0,10.0,locate,0,0,2.7844
1787153655.3116,2026-08-19 17:34:15.311,10,c3,0,0,-0.03814,-0.49682,0.04971,-4.111,10.1987,-25.3457,-0.0731,0.0081,-0.4108,4.69709,19.0,25.0,23.0,20.0,22.0,23.0,24.0,21.0,21.0,24.0,26.0,22.0,23.0,24.0,24.0,21.0,23.0,25.0,22.0,21.0,22.0,21.0,21.0,22.0,21.0,22.0,21.0,22.0,21.0,21.0,21.0,22.0,22.0,23.0,20.0,22.0,23.0,21.0,10.0,locate,0,0,2.6948
1787153655.3617,2026-08-19 17:34:15.361,10,c3,0,0,-0.03812,-0.49683,0.04973,-4.388,10.4214,-25.4135,-0.0772,0.0036,-0.4098,4.6908,20.0,22.0,22.0,21.0,22.0,23.0,25.0,20.0,24.0,25.0,26.0,21.0,25.0,24.0,26.0,20.0,24.0,26.0,21.0,21.0,22.0,21.0,21.0,22.0,21.0,22.0,21.0,22.0,21.0,21.0,21.0,22.0,22.0,23.0,20.0,22.0,23.0,21.0,10.0,locate,0,0,2.7508
1787153655.4118,2026-08-19 17:34:15.411,10,c3,0,0,-0.03814,-0.49681,0.04972,-4.3115,10.2256,-25.2436,-0.0766,0.0064,-0.4117,4.69735,20.0,22.0,22.0,21.0,22.0,23.0,25.0,20.0,24.0,25.0,26.0,21.0,25.0,24.0,26.0,20.0,24.0,26.0,21.0,21.0,22.0,21.0,21.0,22.0,21.0,22.0,21.0,22.0,21.0,21.0,21.0,22.0,22.0,23.0,20.0,22.0,23.0,21.0,10.0,locate,0,0,2.6925
1787153655.4619,2026-08-19 17:34:15.461,10,c3,0,0,-0.03813,-0.4968,0.04971,-4.0285,10.3943,-25.5283,-0.0807,0.0114,-0.4075,4.68904,22.0,23.0,24.0,22.0,23.0,24.0,24.0,21.0,24.0,24.0,24.0,22.0,25.0,23.0,25.0,21.0,23.0,25.0,20.0,21.0,22.0,21.0,21.0,22.0,21.0,22.0,21.0,22.0,21.0,21.0,21.0,22.0,22.0,23.0,20.0,22.0,23.0,21.0,10.0,locate,0,0,2.7665
1787153655.512,2026-08-19 17:34:15.512,10,c3,0,0,-0.03814,-0.49682,0.04972,-4.1855,10.2293,-25.2313,-0.0756,0.0055,-0.4089,4.69382,22.0,23.0,23.0,23.0,24.0,23.0,24.0,20.0,22.0,24.0,25.0,22.0,24.0,24.0,23.0,20.0,24.0,24.0,22.0,21.0,22.0,21.0,21.0,22.0,21.0,22.0,21.0,22.0,21.0,21.0,21.0,22.0,22.0,23.0,20.0,22.0,23.0,21.0,10.0,locate,0,0,2.7239
1787153655.5621,2026-08-19 17:34:15.562,10,c3,0,0,-0.03812,-0.49682,0.04972,-4.4225,10.5173,-24.9455,-0.0813,0.0013,-0.4088,4.69407,22.0,23.0,23.0,23.0,24.0,23.0,24.0,20.0,22.0,24.0,25.0,22.0,24.0,24.0,23.0,20.0,24.0,24.0,22.0,21.0,22.0,21.0,21.0,22.0,21.0,22.0,21.0,22.0,21.0,21.0,21.0,22.0,22.0,23.0,20.0,22.0,23.0,21.0,10.0,locate,0,0,2.7217
1787153655.6123,2026-08-19 17:34:15.612,10,c3,0,0,-0.03814,-0.49681,0.04972,-4.0009,9.9957,-25.2558,-0.0731,0.0135,-0.4031,4.68929,20.0,22.0,21.0,21.0,21.0,23.0,23.0,23.0,23.0,25.0,24.0,23.0,25.0,24.0,24.0,22.0,22.0,25.0,24.0,21.0,22.0,21.0,21.0,22.0,21.0,22.0,21.0,22.0,21.0,21.0,21.0,22.0,22.0,23.0,20.0,22.0,23.0,21.0,10.0,locate,0,0,2.7642
1787153655.6624,2026-08-19 17:34:15.662,10,c3,0,0,-0.03813,-0.49682,0.04972,-3.7771,10.3129,-25.2122,-0.0808,0.015,-0.4018,4.69785,20.0,22.0,21.0,21.0,21.0,23.0,23.0,23.0,23.0,25.0,24.0,23.0,25.0,24.0,24.0,22.0,22.0,25.0,24.0,21.0,22.0,21.0,21.0,22.0,21.0,22.0,21.0,22.0,21.0,21.0,21.0,22.0,22.0,23.0,20.0,22.0,23.0,21.0,10.0,locate,0,0,2.6881
1787153655.7125,2026-08-19 17:34:15.712,10,c3,0,0,-0.03815,-0.49681,0.04972,-4.1995,10.3272,-25.2558,-0.0774,0.0084,-0.4124,4.68199,22.0,25.0,23.0,23.0,24.0,23.0,25.0,22.0,22.0,25.0,23.0,21.0,23.0,25.0,23.0,21.0,25.0,23.0,21.0,21.0,22.0,21.0,21.0,22.0,21.0,22.0,21.0,22.0,21.0,21.0,21.0,22.0,22.0,23.0,20.0,22.0,23.0,21.0,10.0,locate,0,0,2.8292
1787153655.7626,2026-08-19 17:34:15.762,10,c3,0,0,-0.03815,-0.49681,0.04971,-4.2255,10.2498,-25.2842,-0.0745,0.0059,-0.4053,4.70087,22.0,25.0,23.0,23.0,24.0,23.0,25.0,22.0,22.0,25.0,23.0,21.0,23.0,25.0,23.0,21.0,25.0,23.0,21.0,21.0,22.0,21.0,21.0,22.0,21.0,22.0,21.0,22.0,21.0,21.0,21.0,22.0,22.0,23.0,20.0,22.0,23.0,21.0,10.0,locate,0,0,2.6612
1787153655.8127,2026-08-19 17:34:15.812,10,c3,1,0,-0.03814,-0.49682,0.04972,-4.4621,10.4077,-25.3766,-0.0808,0.0007,-0.4119,4.68803,20.0,24.0,22.0,21.0,23.0,23.0,23.0,22.0,22.0,25.0,25.0,22.0,25.0,24.0,26.0,21.0,25.0,25.0,20.0,21.0,22.0,21.0,21.0,22.0,21.0,22.0,21.0,22.0,21.0,21.0,21.0,22.0,22.0,23.0,20.0,22.0,23.0,21.0,10.0,press,0,0,2.7754
1787153655.8628,2026-08-19 17:34:15.862,10,c3,1,0,-0.03814,-0.49682,0.04971,-3.9705,10.005,-25.2936,-0.0715,0.0162,-0.4034,4.69281,22.0,23.0,23.0,23.0,23.0,25.0,26.0,22.0,23.0,25.0,24.0,22.0,24.0,24.0,23.0,21.0,22.0,22.0,24.0,21.0,22.0,21.0,21.0,22.0,21.0,22.0,21.0,22.0,21.0,21.0,21.0,22.0,22.0,23.0,20.0,22.0,23.0,21.0,10.0,press,0,0,2.7329
1787153655.9128,2026-08-19 17:34:15.912,10,c3,1,0,-0.03813,-0.49682,0.04969,-4.3815,10.2436,-25.2926,-0.0728,0.0014,-0.4085,4.69483,22.0,23.0,23.0,23.0,23.0,25.0,26.0,22.0,23.0,25.0,24.0,22.0,24.0,24.0,23.0,21.0,22.0,22.0,24.0,21.0,22.0,21.0,21.0,22.0,21.0,22.0,21.0,22.0,21.0,21.0,21.0,22.0,22.0,23.0,20.0,22.0,23.0,21.0,10.0,press,0,0,2.7149
1787153655.9629,2026-08-19 17:34:15.962,10,c3,1,0,-0.03813,-0.49682,0.04957,-4.3249,10.4093,-25.1386,-0.0832,0.0046,-0.4104,4.70037,21.0,23.0,23.0,23.0,24.0,24.0,23.0,23.0,24.0,23.0,24.0,23.0,24.0,23.0,23.0,23.0,23.0,22.0,22.0,21.0,22.0,21.0,21.0,22.0,21.0,22.0,21.0,22.0,21.0,21.0,21.0,22.0,22.0,23.0,20.0,22.0,23.0,21.0,10.0,press,0,0,2.6657
1787153656.013,2026-08-19 17:34:16.013,10,c3,1,0,-0.03815,-0.49683,0.04945,-4.1569,10.4313,-25.1726,-0.0796,0.0059,-0.4045,4.68727,21.0,23.0,23.0,23.0,24.0,24.0,23.0,23.0,24.0,23.0,24.0,23.0,24.0,23.0,23.0,23.0,23.0,22.0,22.0,21.0,22.0,21.0,21.0,22.0,21.0,22.0,21.0,22.0,21.0,21.0,21.0,22.0,22.0,23.0,20.0,22.0,23.0,21.0,10.0,press,0,0,2.7821
1787153656.0631,2026-08-19 17:34:16.063,10,c3,1,0,-0.03816,-0.49682,0.04927,-4.0918,10.179,-25.1594,-0.0711,0.008,-0.4019,4.69609,22.0,24.0,22.0,21.0,23.0,22.0,22.0,22.0,21.0,24.0,25.0,23.0,23.0,25.0,24.0,20.0,25.0,23.0,22.0,21.0,22.0,21.0,21.0,22.0,21.0,22.0,21.0,22.0,21.0,21.0,21.0,22.0,22.0,23.0,20.0,22.0,23.0,21.0,10.0,press,0,0,2.7037
1787153656.1134,2026-08-19 17:34:16.113,10,c3,1,0,-0.03814,-0.49682,0.04907,-4.3176,10.2191,-25.117,-0.0761,0.0053,-0.4093,4.69533,20.0,23.0,23.0,21.0,21.0,24.0,26.0,22.0,23.0,26.0,23.0,21.0,25.0,25.0,24.0,21.0,24.0,21.0,21.0,21.0,22.0,21.0,21.0,22.0,21.0,22.0,21.0,22.0,21.0,21.0,21.0,22.0,22.0,23.0,20.0,22.0,23.0,21.0,10.0,press,0,0,2.7105
1787153656.1635,2026-08-19 17:34:16.163,10,c3,1,0,-0.03814,-0.49682,0.04885,-3.9901,9.97,-25.3598,-0.0697,0.0153,-0.4068,4.69004,20.0,23.0,23.0,21.0,21.0,24.0,26.0,22.0,23.0,26.0,23.0,21.0,25.0,25.0,24.0,21.0,24.0,21.0,21.0,21.0,22.0,21.0,21.0,22.0,21.0,22.0,21.0,22.0,21.0,21.0,21.0,22.0,22.0,23.0,20.0,22.0,23.0,21.0,10.0,press,0,0,2.7575
1787153656.2136,2026-08-19 17:34:16.213,10,c3,1,0,-0.03816,-0.49683,0.04864,-4.2622,10.3265,-25.3311,-0.0802,0.0037,-0.4061,4.69382,21.0,23.0,23.0,22.0,23.0,23.0,21.0,22.0,24.0,23.0,25.0,22.0,26.0,24.0,25.0,21.0,24.0,25.0,22.0,21.0,22.0,21.0,21.0,22.0,21.0,22.0,21.0,22.0,21.0,21.0,21.0,22.0,22.0,23.0,20.0,22.0,23.0,21.0,10.0,press,0,0,2.7239
1787153656.2637,2026-08-19 17:34:16.263,10,c3,1,0,-0.03814,-0.49683,0.04839,-3.9581,10.1647,-25.2218,-0.074,0.0121,-0.4056,4.69055,21.0,23.0,23.0,22.0,23.0,23.0,21.0,22.0,24.0,23.0,25.0,22.0,26.0,24.0,25.0,21.0,24.0,25.0,22.0,21.0,22.0,21.0,21.0,22.0,21.0,22.0,21.0,22.0,21.0,21.0,21.0,22.0,22.0,23.0,20.0,22.0,23.0,21.0,10.0,press,0,0,2.753
1787153656.3139,2026-08-19 17:34:16.313,10,c3,1,0,-0.03813,-0.49682,0.04806,-4.2434,9.9153,-25.2928,-0.0671,0.0088,-0.4075,4.69407,21.0,24.0,24.0,22.0,24.0,25.0,25.0,21.0,23.0,23.0,25.0,22.0,25.0,23.0,24.0,22.0,23.0,25.0,23.0,21.0,22.0,21.0,21.0,22.0,21.0,22.0,21.0,22.0,21.0,21.0,21.0,22.0,22.0,23.0,20.0,22.0,23.0,21.0,10.0,press,0,0,2.7217
1787153656.364,2026-08-19 17:34:16.363,10,c3,1,0,-0.03815,-0.49683,0.04774,-4.5488,10.3888,-25.107,-0.0791,0.0005,-0.4071,4.69634,19.0,24.0,22.0,22.0,22.0,23.0,25.0,21.0,24.0,26.0,25.0,22.0,24.0,24.0,25.0,20.0,24.0,25.0,21.0,21.0,22.0,21.0,21.0,22.0,21.0,22.0,21.0,22.0,21.0,21.0,21.0,22.0,22.0,23.0,20.0,22.0,23.0,21.0,10.0,press,0,0,2.7015
1787153656.4141,2026-08-19 17:34:16.414,10,c3,1,0,-0.03814,-0.49683,0.04742,-4.5649,10.4817,-25.1453,-0.0793,0.0005,-0.4043,4.68828,19.0,24.0,22.0,22.0,22.0,23.0,25.0,21.0,24.0,26.0,25.0,22.0,24.0,24.0,25.0,20.0,24.0,25.0,21.0,21.0,22.0,21.0,21.0,22.0,21.0,22.0,21.0,22.0,21.0,21.0,21.0,22.0,22.0,23.0,20.0,22.0,23.0,21.0,10.0,press,0,0,2.7732
1787153656.4641,2026-08-19 17:34:16.464,10,c3,1,0,-0.03814,-0.49682,0.04706,-4.2668,10.1223,-25.365,-0.0757,0.0063,-0.4066,4.70011,22.0,24.0,22.0,22.0,23.0,24.0,25.0,21.0,23.0,26.0,26.0,21.0,24.0,24.0,25.0,22.0,22.0,24.0,23.0,21.0,22.0,21.0,21.0,22.0,21.0,22.0,21.0,22.0,21.0,21.0,21.0,22.0,22.0,23.0,20.0,22.0,23.0,21.0,10.0,press,0,0,2.6679
1787153656.5142,2026-08-19 17:34:16.514,10,c3,1,0,-0.03814,-0.49682,0.04674,-4.0355,10.3269,-25.2364,-0.0775,0.0133,-0.3994,4.69332,22.0,24.0,22.0,22.0,23.0,24.0,25.0,21.0,23.0,26.0,26.0,21.0,24.0,24.0,25.0,22.0,22.0,24.0,23.0,21.0,22.0,21.0,21.0,22.0,21.0,22.0,21.0,22.0,21.0,21.0,21.0,22.0,22.0,23.0,20.0,22.0,23.0,21.0,10.0,press,0,0,2.7284
1787153656.5644,2026-08-19 17:34:16.564,10,c3,1,0,-0.03813,-0.49682,0.0464,-4.2511,10.1998,-25.1421,-0.0725,0.0051,-0.4005,4.6913,20.0,23.0,23.0,22.0,22.0,24.0,24.0,22.0,23.0,24.0,25.0,22.0,25.0,24.0,24.0,23.0,23.0,23.0,22.0,21.0,22.0,21.0,21.0,22.0,21.0,22.0,21.0,22.0,21.0,21.0,21.0,22.0,22.0,23.0,20.0,22.0,23.0,21.0,10.0,press,0,0,2.7463
1787153656.6145,2026-08-19 17:34:16.614,10,c3,1,0,-0.03814,-0.4968,0.04604,-4.119,10.3828,-25.1361,-0.0782,0.0086,-0.4052,4.6903,20.0,23.0,23.0,22.0,22.0,24.0,24.0,22.0,23.0,24.0,25.0,22.0,25.0,24.0,24.0,23.0,23.0,23.0,22.0,21.0,22.0,21.0,21.0,22.0,21.0,22.0,21.0,22.0,21.0,21.0,21.0,22.0,22.0,23.0,20.0,22.0,23.0,21.0,10.0,press,0,0,2.7553
1787153656.6647,2026-08-19 17:34:16.664,10,c3,1,0,-0.03813,-0.49683,0.04575,-4.2521,10.0635,-25.3617,-0.0732,0.0039,-0.4022,4.68199,23.0,23.0,23.0,22.0,23.0,23.0,25.0,23.0,23.0,25.0,25.0,24.0,25.0,24.0,23.0,23.0,21.0,22.0,22.0,21.0,22.0,21.0,21.0,22.0,21.0,22.0,21.0,22.0,21.0,21.0,21.0,22.0,22.0,23.0,20.0,22.0,23.0,21.0,10.0,press,0,0,2.8292
1787153656.7148,2026-08-19 17:34:16.714,10,c3,1,0,-0.03813,-0.49681,0.04539,-3.9208,10.2196,-25.2614,-0.0716,0.0129,-0.4052,4.68904,24.0,24.0,22.0,25.0,23.0,24.0,24.0,24.0,25.0,26.0,24.0,23.0,25.0,23.0,25.0,22.0,23.0,23.0,21.0,21.0,22.0,21.0,21.0,22.0,21.0,22.0,21.0,22.0,21.0,21.0,21.0,22.0,22.0,23.0,20.0,22.0,23.0,21.0,10.0,press,0,0,2.7665
1787153656.7649,2026-08-19 17:34:16.764,10,c3,1,0,-0.03813,-0.49682,0.04508,-4.2007,9.9123,-25.212,-0.0695,0.0088,-0.3984,4.69181,24.0,24.0,22.0,25.0,23.0,24.0,24.0,24.0,25.0,26.0,24.0,23.0,25.0,23.0,25.0,22.0,23.0,23.0,21.0,21.0,22.0,21.0,21.0,22.0,21.0,22.0,21.0,22.0,21.0,21.0,21.0,22.0,22.0,23.0,20.0,22.0,23.0,21.0,10.0,press,0,0,2.7418
1787153656.815,2026-08-19 17:34:16.814,10,c3,1,0,-0.03813,-0.49682,0.04477,-4.1469,10.3808,-25.2157,-0.0767,0.0065,-0.3935,4.65782,22.0,25.0,23.0,23.0,23.0,25.0,25.0,22.0,24.0,25.0,27.0,23.0,24.0,25.0,24.0,24.0,23.0,24.0,21.0,21.0,22.0,21.0,21.0,22.0,21.0,22.0,21.0,22.0,21.0,21.0,21.0,22.0,22.0,23.0,20.0,22.0,23.0,21.0,10.0,press,0,0,3.0442
1787153656.8651,2026-08-19 17:34:16.865,10,c3,1,0,-0.03815,-0.49683,0.04441,-4.4448,10.3326,-24.8592,-0.076,0.0015,-0.4035,4.58908,22.0,25.0,23.0,23.0,23.0,25.0,25.0,22.0,24.0,25.0,27.0,23.0,24.0,25.0,24.0,24.0,23.0,24.0,21.0,21.0,22.0,21.0,21.0,22.0,21.0,22.0,21.0,22.0,21.0,21.0,21.0,22.0,22.0,23.0,20.0,22.0,23.0,21.0,10.0,press,0,0,3.6557
1787153656.9152,2026-08-19 17:34:16.915,10,c3,1,0,-0.03814,-0.49683,0.04408,-4.3319,9.942,-24.5902,-0.0703,0.0047,-0.4029,4.4987,22.0,24.0,23.0,24.0,24.0,24.0,25.0,22.0,25.0,26.0,29.0,22.0,26.0,25.0,25.0,22.0,23.0,24.0,23.0,21.0,22.0,21.0,21.0,22.0,21.0,22.0,21.0,22.0,21.0,21.0,21.0,22.0,22.0,23.0,20.0,22.0,23.0,21.0,10.0,press,0,0,4.4598
1787153656.9653,2026-08-19 17:34:16.965,10,c3,1,0,-0.03814,-0.49682,0.04373,-4.0414,10.4117,-24.0773,-0.076,0.0116,-0.3948,4.39018,22.0,23.0,22.0,23.0,23.0,26.0,26.0,22.0,25.0,28.0,27.0,23.0,25.0,26.0,26.0,22.0,23.0,25.0,20.0,21.0,22.0,21.0,21.0,22.0,21.0,22.0,21.0,22.0,21.0,21.0,21.0,22.0,22.0,23.0,20.0,22.0,23.0,21.0,10.0,press,0,0,5.4252
1787153657.0155,2026-08-19 17:34:17.015,10,c3,1,0,-0.03812,-0.49683,0.04344,-4.3169,10.5046,-23.5834,-0.0806,0.0003,-0.4001,4.28318,22.0,23.0,22.0,23.0,23.0,26.0,26.0,22.0,25.0,28.0,27.0,23.0,25.0,26.0,26.0,22.0,23.0,25.0,20.0,21.0,22.0,21.0,21.0,22.0,21.0,22.0,21.0,22.0,21.0,21.0,21.0,22.0,22.0,23.0,20.0,22.0,23.0,21.0,10.0,press,0,0,6.3772
1787153657.0656,2026-08-19 17:34:17.065,10,c3,1,0,-0.03813,-0.49683,0.04309,-4.2448,10.352,-23.1147,-0.0755,0.0038,-0.3992,4.14948,21.0,24.0,25.0,21.0,25.0,27.0,25.0,26.0,26.0,28.0,29.0,25.0,27.0,27.0,26.0,25.0,25.0,26.0,23.0,21.0,22.0,21.0,21.0,22.0,21.0,22.0,21.0,22.0,21.0,21.0,21.0,22.0,22.0,23.0,20.0,22.0,23.0,21.0,10.0,press,0,0,7.5666
1787153657.1157,2026-08-19 17:34:17.115,10,c3,1,0,-0.03815,-0.49684,0.04278,-4.6601,10.5322,-22.4647,-0.0796,-0.0053,-0.4066,4.00547,21.0,24.0,25.0,21.0,25.0,27.0,25.0,26.0,26.0,28.0,29.0,25.0,27.0,27.0,26.0,25.0,25.0,26.0,23.0,21.0,22.0,21.0,21.0,22.0,21.0,22.0,21.0,22.0,21.0,21.0,21.0,22.0,22.0,23.0,20.0,22.0,23.0,21.0,10.0,press,0,0,8.8478
1787153657.1658,2026-08-19 17:34:17.165,10,c3,1,0,-0.03815,-0.49683,0.04243,-4.1263,10.281,-22.1675,-0.0771,0.0057,-0.4027,3.84308,22.0,24.0,24.0,25.0,25.0,27.0,28.0,23.0,26.0,28.0,28.0,23.0,27.0,28.0,24.0,23.0,26.0,23.0,22.0,21.0,22.0,21.0,21.0,22.0,21.0,22.0,21.0,22.0,21.0,21.0,21.0,22.0,22.0,23.0,20.0,22.0,23.0,21.0,10.0,press,0,0,10.2925
1787153657.2159,2026-08-19 17:34:17.215,10,c3,1,0,-0.03815,-0.49685,0.04211,-4.0383,10.1347,-21.3448,-0.0685,0.0067,-0.3965,3.68672,22.0,25.0,24.0,22.0,25.0,27.0,25.0,26.0,27.0,30.0,32.0,26.0,26.0,31.0,27.0,23.0,28.0,25.0,23.0,21.0,22.0,21.0,21.0,22.0,21.0,22.0,21.0,22.0,21.0,21.0,21.0,22.0,22.0,23.0,20.0,22.0,23.0,21.0,10.0,press,0,0,11.6835
1787153657.2661,2026-08-19 17:34:17.266,10,c3,1,0,-0.03813,-0.49684,0.04176,-4.4142,10.4229,-20.7218,-0.0772,0.0008,-0.4118,3.50268,22.0,25.0,24.0,22.0,25.0,27.0,25.0,26.0,27.0,30.0,32.0,26.0,26.0,31.0,27.0,23.0,28.0,25.0,23.0,21.0,22.0,21.0,21.0,22.0,21.0,22.0,21.0,22.0,21.0,21.0,21.0,22.0,22.0,23.0,20.0,22.0,23.0,21.0,10.0,press,0,0,13.3208
1787153657.3162,2026-08-19 17:34:17.316,10,c3,1,0,-0.03813,-0.49682,0.0414,-4.5287,10.5269,-19.9044,-0.0785,-0.0069,-0.4046,3.31536,24.0,23.0,26.0,24.0,25.0,31.0,30.0,25.0,28.0,30.0,28.0,25.0,27.0,31.0,24.0,22.0,28.0,24.0,22.0,21.0,22.0,21.0,21.0,22.0,21.0,22.0,21.0,22.0,21.0,21.0,21.0,22.0,22.0,23.0,20.0,22.0,23.0,21.0,10.0,press,0,0,14.9873
1787153657.3663,2026-08-19 17:34:17.366,10,c3,1,0,-0.03816,-0.49682,0.04111,-4.3913,10.4898,-19.2781,-0.0742,-0.0039,-0.3975,3.15548,24.0,23.0,26.0,24.0,25.0,31.0,30.0,25.0,28.0,30.0,28.0,25.0,27.0,31.0,24.0,22.0,28.0,24.0,22.0,21.0,22.0,21.0,21.0,22.0,21.0,22.0,21.0,22.0,21.0,21.0,21.0,22.0,22.0,23.0,20.0,22.0,23.0,21.0,10.0,press,0,0,16.4096
1787153657.4164,2026-08-19 17:34:17.416,10,c3,1,0,-0.03813,-0.49684,0.04085,-3.9827,10.3891,-18.523,-0.0779,0.0024,-0.3921,2.98629,23.0,25.0,26.0,21.0,28.0,29.0,26.0,26.0,28.0,31.0,31.0,26.0,26.0,33.0,24.0,24.0,28.0,24.0,24.0,21.0,22.0,21.0,21.0,22.0,21.0,22.0,21.0,22.0,21.0,21.0,21.0,22.0,22.0,23.0,20.0,22.0,23.0,21.0,10.0,press,0,0,17.9149
1787153657.4665,2026-08-19 17:34:17.466,10,c3,1,0,-0.03815,-0.49683,0.04058,-4.4262,10.5261,-17.9976,-0.0777,-0.0051,-0.3965,2.83598,23.0,23.0,27.0,23.0,26.0,31.0,30.0,22.0,30.0,28.0,32.0,25.0,30.0,32.0,23.0,22.0,28.0,26.0,22.0,21.0,22.0,21.0,21.0,22.0,21.0,22.0,21.0,22.0,21.0,21.0,21.0,22.0,22.0,23.0,20.0,22.0,23.0,21.0,10.0,press,0,0,19.2521
1787153657.5166,2026-08-19 17:34:17.516,10,c3,1,0,-0.03814,-0.49684,0.04036,-4.2873,10.3333,-17.4703,-0.0709,-0.0051,-0.4059,2.7043,23.0,23.0,27.0,23.0,26.0,31.0,30.0,22.0,30.0,28.0,32.0,25.0,30.0,32.0,23.0,22.0,28.0,26.0,22.0,21.0,22.0,21.0,21.0,22.0,21.0,22.0,21.0,22.0,21.0,21.0,21.0,22.0,22.0,23.0,20.0,22.0,23.0,21.0,10.0,press,0,0,20.4235
1787153657.5667,2026-08-19 17:34:17.566,10,c3,1,0,-0.03813,-0.49684,0.04018,-4.4604,10.5153,-17.1937,-0.0744,-0.0083,-0.4041,2.58219,22.0,24.0,26.0,22.0,28.0,31.0,29.0,25.0,32.0,28.0,31.0,26.0,29.0,33.0,24.0,24.0,27.0,25.0,25.0,21.0,22.0,21.0,21.0,22.0,21.0,22.0,21.0,22.0,21.0,21.0,21.0,22.0,22.0,23.0,20.0,22.0,23.0,21.0,10.0,press,0,0,21.5099
1787153657.6169,2026-08-19 17:34:17.616,10,c3,1,0,-0.03814,-0.49683,0.04002,-3.8931,10.1334,-16.9644,-0.066,0.0059,-0.3969,2.50339,22.0,24.0,26.0,22.0,28.0,31.0,29.0,25.0,32.0,28.0,31.0,26.0,29.0,33.0,24.0,24.0,27.0,25.0,25.0,21.0,22.0,21.0,21.0,22.0,21.0,22.0,21.0,22.0,21.0,21.0,21.0,22.0,22.0,23.0,20.0,22.0,23.0,21.0,10.0,press,0,0,22.211
1787153657.667,2026-08-19 17:34:17.666,10,c3,1,0,-0.03815,-0.49683,0.03991,-4.2713,10.3148,-16.6141,-0.0667,-0.0031,-0.4029,2.43944,24.0,25.0,25.0,24.0,27.0,30.0,32.0,25.0,31.0,32.0,34.0,26.0,28.0,34.0,23.0,24.0,28.0,25.0,23.0,21.0,22.0,21.0,21.0,22.0,21.0,22.0,21.0,22.0,21.0,21.0,21.0,22.0,22.0,23.0,20.0,22.0,23.0,21.0,10.0,press,0,0,22.7799
1787153657.7171,2026-08-19 17:34:17.717,10,c3,1,0,-0.03814,-0.49684,0.03983,-4.0601,10.5998,-16.2765,-0.0768,0.0038,-0.3983,2.39261,24.0,25.0,25.0,24.0,27.0,30.0,32.0,25.0,31.0,32.0,34.0,26.0,28.0,34.0,23.0,24.0,28.0,25.0,23.0,21.0,22.0,21.0,21.0,22.0,21.0,22.0,21.0,22.0,21.0,21.0,21.0,22.0,22.0,23.0,20.0,22.0,23.0,21.0,10.0,press,0,0,23.1965
1787153657.7672,2026-08-19 17:34:17.767,10,c3,1,0,-0.03814,-0.49682,0.03977,-3.9197,10.1303,-16.1415,-0.0689,0.0045,-0.4013,2.35736,24.0,24.0,27.0,24.0,27.0,33.0,31.0,24.0,33.0,30.0,34.0,27.0,31.0,34.0,22.0,24.0,27.0,25.0,23.0,21.0,22.0,21.0,21.0,22.0,21.0,22.0,21.0,22.0,21.0,21.0,21.0,22.0,22.0,23.0,20.0,22.0,23.0,21.0,10.0,press,0,0,23.5101
1787153657.8172,2026-08-19 17:34:17.817,10,c3,1,0,-0.03813,-0.49683,0.03976,-4.1928,10.5532,-16.1848,-0.074,-0.0019,-0.4032,2.35207,24.0,27.0,26.0,24.0,29.0,33.0,32.0,25.0,32.0,30.0,37.0,25.0,31.0,34.0,24.0,24.0,28.0,25.0,24.0,21.0,22.0,21.0,21.0,22.0,21.0,22.0,21.0,22.0,21.0,21.0,21.0,22.0,22.0,23.0,20.0,22.0,23.0,21.0,10.0,hold,0,0,23.5571
1787153657.8673,2026-08-19 17:34:17.867,10,c3,1,0,-0.03814,-0.49682,0.03973,-4.4156,10.2879,-16.1371,-0.0672,-0.004,-0.3999,2.3561,24.0,27.0,26.0,24.0,29.0,33.0,32.0,25.0,32.0,30.0,37.0,25.0,31.0,34.0,24.0,24.0,28.0,25.0,24.0,21.0,22.0,21.0,21.0,22.0,21.0,22.0,21.0,22.0,21.0,21.0,21.0,22.0,22.0,23.0,20.0,22.0,23.0,21.0,10.0,hold,0,0,23.5213
1787153657.9175,2026-08-19 17:34:17.917,10,c3,1,0,-0.03816,-0.49682,0.03971,-4.0798,10.2678,-16.2091,-0.0713,0.0012,-0.3994,2.34175,24.0,25.0,26.0,23.0,28.0,33.0,35.0,26.0,31.0,31.0,36.0,28.0,29.0,34.0,23.0,25.0,28.0,25.0,26.0,21.0,22.0,21.0,21.0,22.0,21.0,22.0,21.0,22.0,21.0,21.0,21.0,22.0,22.0,23.0,20.0,22.0,23.0,21.0,10.0,hold,0,0,23.649
1787153657.9676,2026-08-19 17:34:17.967,10,c3,1,0,-0.03813,-0.49681,0.03971,-4.2921,10.2942,-16.1064,-0.0704,-0.0025,-0.3974,2.35283,24.0,25.0,26.0,23.0,28.0,33.0,35.0,26.0,31.0,31.0,36.0,28.0,29.0,34.0,23.0,25.0,28.0,25.0,26.0,21.0,22.0,21.0,21.0,22.0,21.0,22.0,21.0,22.0,21.0,21.0,21.0,22.0,22.0,23.0,20.0,22.0,23.0,21.0,10.0,hold,0,0,23.5504
1787153658.0178,2026-08-19 17:34:18.017,10,c3,1,0,-0.03814,-0.49681,0.03971,-4.1383,10.0988,-16.2369,-0.0635,0.0017,-0.3996,2.35988,23.0,23.0,26.0,24.0,27.0,32.0,33.0,26.0,33.0,32.0,35.0,27.0,30.0,36.0,22.0,24.0,30.0,25.0,24.0,21.0,22.0,21.0,21.0,22.0,21.0,22.0,21.0,22.0,21.0,21.0,21.0,22.0,22.0,23.0,20.0,22.0,23.0,21.0,10.0,hold,0,0,23.4877
1787153658.0679,2026-08-19 17:34:18.067,10,c3,1,0,-0.03814,-0.49681,0.0397,-3.8728,10.3505,-16.1912,-0.0744,0.0094,-0.3952,2.36214,24.0,25.0,28.0,24.0,28.0,33.0,34.0,26.0,33.0,33.0,35.0,27.0,31.0,36.0,24.0,24.0,29.0,25.0,24.0,21.0,22.0,21.0,21.0,22.0,21.0,22.0,21.0,22.0,21.0,21.0,21.0,22.0,22.0,23.0,20.0,22.0,23.0,21.0,10.0,hold,0,0,23.4675
1787153658.118,2026-08-19 17:34:18.118,10,c3,1,0,-0.03814,-0.49681,0.03972,-4.3277,10.3929,-16.2814,-0.0689,-0.0017,-0.406,2.37171,24.0,25.0,28.0,24.0,28.0,33.0,34.0,26.0,33.0,33.0,35.0,27.0,31.0,36.0,24.0,24.0,29.0,25.0,24.0,21.0,22.0,21.0,21.0,22.0,21.0,22.0,21.0,22.0,21.0,21.0,21.0,22.0,22.0,23.0,20.0,22.0,23.0,21.0,10.0,hold,0,0,23.3824
1787153658.1681,2026-08-19 17:34:18.168,10,c3,1,0,-0.03812,-0.49681,0.03971,-3.8488,10.3358,-15.9926,-0.0704,0.0068,-0.3997,2.3634,24.0,24.0,28.0,24.0,28.0,34.0,33.0,25.0,32.0,31.0,37.0,25.0,30.0,35.0,24.0,22.0,29.0,26.0,23.0,21.0,22.0,21.0,21.0,22.0,21.0,22.0,21.0,22.0,21.0,21.0,21.0,22.0,22.0,23.0,20.0,22.0,23.0,21.0,10.0,hold,0,0,23.4563
1787153658.2182,2026-08-19 17:34:18.218,10,c3,1,0,-0.03812,-0.4968,0.03969,-4.3276,10.1493,-16.1828,-0.064,-0.0031,-0.3957,2.38027,24.0,24.0,28.0,24.0,28.0,34.0,33.0,25.0,32.0,31.0,37.0,25.0,30.0,35.0,24.0,22.0,29.0,26.0,23.0,21.0,22.0,21.0,21.0,22.0,21.0,22.0,21.0,22.0,21.0,21.0,21.0,22.0,22.0,23.0,20.0,22.0,23.0,21.0,10.0,hold,0,0,23.3063
1787153658.2683,2026-08-19 17:34:18.268,10,c3,1,0,-0.03814,-0.49681,0.03972,-4.2102,10.0943,-16.1876,-0.067,-0.0018,-0.3989,2.37977,23.0,24.0,27.0,22.0,27.0,32.0,34.0,24.0,32.0,31.0,34.0,24.0,30.0,35.0,23.0,23.0,29.0,26.0,23.0,21.0,22.0,21.0,21.0,22.0,21.0,22.0,21.0,22.0,21.0,21.0,21.0,22.0,22.0,23.0,20.0,22.0,23.0,21.0,10.0,hold,0,0,23.3107
1787153658.3184,2026-08-19 17:34:18.318,10,c3,1,0,-0.03813,-0.49681,0.03971,-4.3562,10.201,-16.2987,-0.0673,-0.0033,-0.3995,2.38077,25.0,26.0,26.0,22.0,28.0,32.0,32.0,26.0,32.0,31.0,34.0,28.0,30.0,35.0,22.0,24.0,29.0,23.0,24.0,21.0,22.0,21.0,21.0,22.0,21.0,22.0,21.0,22.0,21.0,21.0,21.0,22.0,22.0,23.0,20.0,22.0,23.0,21.0,10.0,hold,0,0,23.3018
1787153658.3685,2026-08-19 17:34:18.368,10,c3,1,0,-0.03814,-0.49681,0.03972,-4.2797,10.384,-16.3389,-0.0712,-0.0035,-0.4034,2.39059,25.0,26.0,26.0,22.0,28.0,32.0,32.0,26.0,32.0,31.0,34.0,28.0,30.0,35.0,22.0,24.0,29.0,23.0,24.0,21.0,22.0,21.0,21.0,22.0,21.0,22.0,21.0,22.0,21.0,21.0,21.0,22.0,22.0,23.0,20.0,22.0,23.0,21.0,10.0,hold,0,0,23.2144
1787153658.4186,2026-08-19 17:34:18.418,10,c3,1,0,-0.03811,-0.49681,0.03972,-4.1667,10.0231,-16.2395,-0.0605,0.0006,-0.3998,2.38858,22.0,26.0,28.0,23.0,28.0,33.0,31.0,25.0,34.0,30.0,34.0,26.0,32.0,35.0,23.0,23.0,29.0,25.0,22.0,21.0,22.0,21.0,21.0,22.0,21.0,22.0,21.0,22.0,21.0,21.0,21.0,22.0,22.0,23.0,20.0,22.0,23.0,21.0,10.0,hold,0,0,23.2324
1787153658.4688,2026-08-19 17:34:18.468,10,c3,1,0,-0.03813,-0.49682,0.03971,-4.2856,10.3352,-16.3155,-0.0694,-0.0005,-0.3984,2.39512,22.0,26.0,28.0,23.0,28.0,33.0,31.0,25.0,34.0,30.0,34.0,26.0,32.0,35.0,23.0,23.0,29.0,25.0,22.0,21.0,22.0,21.0,21.0,22.0,21.0,22.0,21.0,22.0,21.0,21.0,21.0,22.0,22.0,23.0,20.0,22.0,23.0,21.0,10.0,hold,0,0,23.1741
1787153658.5189,2026-08-19 17:34:18.518,10,c3,1,0,-0.03814,-0.49682,0.03971,-3.5214,9.8417,-16.4617,-0.0602,0.0175,-0.3896,2.39059,23.0,26.0,27.0,23.0,29.0,32.0,34.0,28.0,32.0,33.0,35.0,28.0,30.0,36.0,22.0,26.0,30.0,25.0,24.0,21.0,22.0,21.0,21.0,22.0,21.0,22.0,21.0,22.0,21.0,21.0,21.0,22.0,22.0,23.0,20.0,22.0,23.0,21.0,10.0,hold,0,0,23.2144
1787153658.569,2026-08-19 17:34:18.568,10,c3,1,0,-0.03815,-0.49681,0.03971,-3.9633,10.2042,-16.4944,-0.0684,0.0053,-0.3911,2.40167,24.0,25.0,27.0,25.0,28.0,32.0,33.0,26.0,32.0,31.0,34.0,27.0,30.0,34.0,23.0,25.0,28.0,25.0,24.0,21.0,22.0,21.0,21.0,22.0,21.0,22.0,21.0,22.0,21.0,21.0,21.0,22.0,22.0,23.0,20.0,22.0,23.0,21.0,10.0,hold,0,0,23.1159
1787153658.6191,2026-08-19 17:34:18.619,10,c3,1,0,-0.03812,-0.49681,0.03971,-4.27,10.5847,-16.1767,-0.076,-0.0028,-0.402,2.39462,24.0,25.0,27.0,25.0,28.0,32.0,33.0,26.0,32.0,31.0,34.0,27.0,30.0,34.0,23.0,25.0,28.0,25.0,24.0,21.0,22.0,21.0,21.0,22.0,21.0,22.0,21.0,22.0,21.0,21.0,21.0,22.0,22.0,23.0,20.0,22.0,23.0,21.0,10.0,hold,0,0,23.1786
1787153658.6692,2026-08-19 17:34:18.669,10,c3,1,0,-0.03813,-0.49681,0.03972,-4.2388,10.3736,-16.2579,-0.0711,-0.0029,-0.3913,2.4062,24.0,25.0,28.0,23.0,27.0,34.0,32.0,26.0,33.0,33.0,34.0,26.0,32.0,38.0,23.0,25.0,30.0,26.0,24.0,21.0,22.0,21.0,21.0,22.0,21.0,22.0,21.0,22.0,21.0,21.0,21.0,22.0,22.0,23.0,20.0,22.0,23.0,21.0,10.0,hold,0,0,23.0756
1787153658.7193,2026-08-19 17:34:18.719,10,c3,1,0,-0.03814,-0.49681,0.03972,-4.4855,10.3213,-16.2398,-0.0718,-0.0086,-0.3936,2.40872,24.0,25.0,28.0,23.0,27.0,34.0,32.0,26.0,33.0,33.0,34.0,26.0,32.0,38.0,23.0,25.0,30.0,26.0,24.0,21.0,22.0,21.0,21.0,22.0,21.0,22.0,21.0,22.0,21.0,21.0,21.0,22.0,22.0,23.0,20.0,22.0,23.0,21.0,10.0,hold,0,0,23.0532
1787153658.7695,2026-08-19 17:34:18.769,10,c3,1,0,-0.03813,-0.49682,0.03972,-4.0062,10.134,-16.4113,-0.0694,0.0044,-0.3942,2.39462,22.0,25.0,27.0,23.0,28.0,34.0,34.0,27.0,32.0,31.0,34.0,27.0,28.0,36.0,24.0,24.0,29.0,25.0,24.0,21.0,22.0,21.0,21.0,22.0,21.0,22.0,21.0,22.0,21.0,21.0,21.0,22.0,22.0,23.0,20.0,22.0,23.0,21.0,10.0,hold,0,0,23.1786
1787153658.8196,2026-08-19 17:34:18.819,10,c3,1,0,-0.03815,-0.49682,0.03972,-4.0494,10.2702,-16.3984,-0.0714,0.0038,-0.4024,2.41023,22.0,25.0,27.0,23.0,28.0,34.0,34.0,27.0,32.0,31.0,34.0,27.0,28.0,36.0,24.0,24.0,29.0,25.0,24.0,21.0,22.0,21.0,21.0,22.0,21.0,22.0,21.0,22.0,21.0,21.0,21.0,22.0,22.0,23.0,20.0,22.0,23.0,21.0,10.0,hold,0,0,23.0397
1787153658.8697,2026-08-19 17:34:18.869,10,c3,1,0,-0.03814,-0.49682,0.03972,-4.1315,10.3315,-16.4609,-0.0714,0.0023,-0.3942,2.40016,24.0,23.0,27.0,24.0,27.0,33.0,34.0,26.0,33.0,33.0,36.0,26.0,31.0,37.0,24.0,25.0,28.0,25.0,27.0,21.0,22.0,21.0,21.0,22.0,21.0,22.0,21.0,22.0,21.0,21.0,21.0,22.0,22.0,23.0,20.0,22.0,23.0,21.0,10.0,hold,0,0,23.1293
1787153658.9198,2026-08-19 17:34:18.919,10,c3,1,0,-0.03814,-0.49681,0.03972,-4.1931,10.5496,-16.2675,-0.0776,-0.0017,-0.3975,2.41955,23.0,25.0,29.0,23.0,28.0,34.0,33.0,26.0,32.0,31.0,34.0,28.0,29.0,35.0,24.0,24.0,30.0,25.0,25.0,21.0,22.0,21.0,21.0,22.0,21.0,22.0,21.0,22.0,21.0,21.0,21.0,22.0,22.0,23.0,20.0,22.0,23.0,21.0,10.0,hold,0,0,22.9568
1787153658.9699,2026-08-19 17:34:18.969,10,c3,1,0,-0.03815,-0.49682,0.03973,-4.0401,10.3122,-16.3932,-0.071,0.004,-0.3962,2.41476,23.0,25.0,29.0,23.0,28.0,34.0,33.0,26.0,32.0,31.0,34.0,28.0,29.0,35.0,24.0,24.0,30.0,25.0,25.0,21.0,22.0,21.0,21.0,22.0,21.0,22.0,21.0,22.0,21.0,21.0,21.0,22.0,22.0,23.0,20.0,22.0,23.0,21.0,10.0,hold,0,0,22.9994
1787153659.02,2026-08-19 17:34:19.020,10,c3,1,0,-0.03812,-0.49681,0.03971,-3.9386,9.934,-16.4519,-0.0615,0.0066,-0.3912,2.41502,25.0,25.0,28.0,24.0,27.0,33.0,33.0,27.0,32.0,33.0,35.0,27.0,30.0,37.0,24.0,23.0,30.0,24.0,24.0,21.0,22.0,21.0,21.0,22.0,21.0,22.0,21.0,22.0,21.0,21.0,21.0,22.0,22.0,23.0,20.0,22.0,23.0,21.0,10.0,hold,0,0,22.9972
1787153659.0701,2026-08-19 17:34:19.070,10,c3,1,0,-0.03813,-0.49681,0.03971,-4.3647,10.1877,-16.5381,-0.0694,-0.0014,-0.402,2.41073,25.0,25.0,28.0,24.0,27.0,33.0,33.0,27.0,32.0,33.0,35.0,27.0,30.0,37.0,24.0,23.0,30.0,24.0,24.0,21.0,22.0,21.0,21.0,22.0,21.0,22.0,21.0,22.0,21.0,21.0,21.0,22.0,22.0,23.0,20.0,22.0,23.0,21.0,10.0,hold,0,0,23.0352
1787153659.1202,2026-08-19 17:34:19.120,10,c3,1,0,-0.03812,-0.49682,0.03972,-3.7786,9.9182,-16.5023,-0.0617,0.0101,-0.3901,2.42232,24.0,24.0,27.0,24.0,28.0,34.0,33.0,25.0,32.0,32.0,33.0,27.0,28.0,36.0,22.0,23.0,28.0,25.0,22.0,21.0,22.0,21.0,21.0,22.0,21.0,22.0,21.0,22.0,21.0,21.0,21.0,22.0,22.0,23.0,20.0,22.0,23.0,21.0,10.0,hold,0,0,22.9322
1787153659.1703,2026-08-19 17:34:19.170,10,c3,1,0,-0.03813,-0.49683,0.03973,-4.1542,10.4056,-16.3235,-0.071,0.0003,-0.394,2.4203,24.0,24.0,27.0,24.0,27.0,33.0,33.0,26.0,32.0,32.0,35.0,28.0,30.0,35.0,24.0,23.0,29.0,27.0,24.0,21.0,22.0,21.0,21.0,22.0,21.0,22.0,21.0,22.0,21.0,21.0,21.0,22.0,22.0,23.0,20.0,22.0,23.0,21.0,10.0,hold,0,0,22.9501
1787153659.2205,2026-08-19 17:34:19.220,10,c3,1,0,-0.03814,-0.49682,0.03972,-3.9867,10.1756,-16.5048,-0.0676,0.0078,-0.3906,2.42257,24.0,24.0,27.0,24.0,27.0,33.0,33.0,26.0,32.0,32.0,35.0,28.0,30.0,35.0,24.0,23.0,29.0,27.0,24.0,21.0,22.0,21.0,21.0,22.0,21.0,22.0,21.0,22.0,21.0,21.0,21.0,22.0,22.0,23.0,20.0,22.0,23.0,21.0,10.0,hold,0,0,22.93
1787153659.2706,2026-08-19 17:34:19.270,10,c3,1,0,-0.03813,-0.49682,0.03972,-4.0313,10.0184,-16.3955,-0.0649,0.0044,-0.3931,2.4271,24.0,24.0,25.0,25.0,26.0,32.0,32.0,25.0,33.0,33.0,35.0,27.0,29.0,36.0,23.0,23.0,28.0,26.0,26.0,21.0,22.0,21.0,21.0,22.0,21.0,22.0,21.0,22.0,21.0,21.0,21.0,22.0,22.0,23.0,20.0,22.0,23.0,21.0,10.0,hold,0,0,22.8897
1787153659.3207,2026-08-19 17:34:19.320,10,c3,1,0,-0.03814,-0.49681,0.03972,-4.0446,10.1007,-16.254,-0.0644,0.004,-0.3963,2.41904,24.0,24.0,25.0,25.0,26.0,32.0,32.0,25.0,33.0,33.0,35.0,27.0,29.0,36.0,23.0,23.0,28.0,26.0,26.0,21.0,22.0,21.0,21.0,22.0,21.0,22.0,21.0,22.0,21.0,21.0,21.0,22.0,22.0,23.0,20.0,22.0,23.0,21.0,10.0,hold,0,0,22.9613
1787153659.3708,2026-08-19 17:34:19.370,10,c3,1,0,-0.03812,-0.49681,0.03971,-4.0186,10.1049,-16.4536,-0.0662,0.0035,-0.3931,2.42886,23.0,24.0,28.0,23.0,27.0,32.0,34.0,26.0,33.0,32.0,34.0,28.0,31.0,35.0,23.0,24.0,27.0,25.0,23.0,21.0,22.0,21.0,21.0,22.0,21.0,22.0,21.0,22.0,21.0,21.0,21.0,22.0,22.0,23.0,20.0,22.0,23.0,21.0,10.0,hold,0,0,22.874
1787153659.4209,2026-08-19 17:34:19.420,10,c3,1,0,-0.03814,-0.49682,0.03973,-3.8257,10.0473,-16.4578,-0.0648,0.0102,-0.3892,2.42609,24.0,25.0,27.0,24.0,28.0,32.0,33.0,25.0,30.0,31.0,35.0,27.0,28.0,35.0,25.0,24.0,28.0,27.0,22.0,21.0,22.0,21.0,21.0,22.0,21.0,22.0,21.0,22.0,21.0,21.0,21.0,22.0,22.0,23.0,20.0,22.0,23.0,21.0,10.0,hold,0,0,22.8986
1787153659.471,2026-08-19 17:34:19.471,10,c3,1,0,-0.03813,-0.49682,0.03972,-4.0452,10.103,-16.4471,-0.0699,0.0044,-0.3892,2.42156,24.0,25.0,27.0,24.0,28.0,32.0,33.0,25.0,30.0,31.0,35.0,27.0,28.0,35.0,25.0,24.0,28.0,27.0,22.0,21.0,22.0,21.0,21.0,22.0,21.0,22.0,21.0,22.0,21.0,21.0,21.0,22.0,22.0,23.0,20.0,22.0,23.0,21.0,10.0,hold,0,0,22.9389
1787153659.5211,2026-08-19 17:34:19.521,10,c3,1,0,-0.03814,-0.49682,0.03973,-4.0427,10.3016,-16.4102,-0.071,0.0059,-0.3966,2.43465,24.0,22.0,27.0,25.0,25.0,33.0,33.0,27.0,32.0,32.0,33.0,26.0,29.0,35.0,22.0,25.0,28.0,23.0,23.0,21.0,22.0,21.0,21.0,22.0,21.0,22.0,21.0,22.0,21.0,21.0,21.0,22.0,22.0,23.0,20.0,22.0,23.0,21.0,10.0,hold,0,0,22.8225
1787153659.5713,2026-08-19 17:34:19.571,10,c3,1,0,-0.03814,-0.49682,0.03973,-4.1048,10.1301,-16.4658,-0.0682,0.0032,-0.3925,2.42483,24.0,22.0,27.0,25.0,25.0,33.0,33.0,27.0,32.0,32.0,33.0,26.0,29.0,35.0,22.0,25.0,28.0,23.0,23.0,21.0,22.0,21.0,21.0,22.0,21.0,22.0,21.0,22.0,21.0,21.0,21.0,22.0,22.0,23.0,20.0,22.0,23.0,21.0,10.0,hold,0,0,22.9098
1787153659.6214,2026-08-19 17:34:19.621,10,c3,1,0,-0.03815,-0.49682,0.03972,-4.0303,10.3938,-16.3889,-0.0754,0.0056,-0.4001,2.4271,23.0,24.0,26.0,24.0,27.0,33.0,30.0,27.0,33.0,31.0,35.0,28.0,31.0,35.0,21.0,25.0,28.0,25.0,25.0,21.0,22.0,21.0,21.0,22.0,21.0,22.0,21.0,22.0,21.0,21.0,21.0,22.0,22.0,23.0,20.0,22.0,23.0,21.0,10.0,hold,0,0,22.8897
1787153659.6715,2026-08-19 17:34:19.671,10,c3,1,0,-0.03815,-0.49683,0.03973,-4.079,9.9562,-16.4082,-0.0628,0.0049,-0.3934,2.42861,26.0,27.0,26.0,26.0,29.0,32.0,33.0,27.0,32.0,33.0,35.0,28.0,29.0,36.0,24.0,25.0,30.0,25.0,23.0,21.0,22.0,21.0,21.0,22.0,21.0,22.0,21.0,22.0,21.0,21.0,21.0,22.0,22.0,23.0,20.0,22.0,23.0,21.0,10.0,hold,0,0,22.8762
1787153659.7216,2026-08-19 17:34:19.721,10,c3,1,0,-0.03814,-0.49682,0.03972,-4.0597,10.182,-16.4342,-0.0671,0.0054,-0.3907,2.43717,26.0,27.0,26.0,26.0,29.0,32.0,33.0,27.0,32.0,33.0,35.0,28.0,29.0,36.0,24.0,25.0,30.0,25.0,23.0,21.0,22.0,21.0,21.0,22.0,21.0,22.0,21.0,22.0,21.0,21.0,21.0,22.0,22.0,23.0,20.0,22.0,23.0,21.0,10.0,hold,0,0,22.8001
1787153659.7717,2026-08-19 17:34:19.771,10,c3,1,0,-0.03815,-0.49682,0.03971,-3.8541,10.4255,-16.3492,-0.0724,0.0101,-0.3898,2.43088,25.0,24.0,27.0,26.0,26.0,33.0,34.0,28.0,32.0,30.0,35.0,28.0,31.0,35.0,23.0,25.0,27.0,26.0,27.0,21.0,22.0,21.0,21.0,22.0,21.0,22.0,21.0,22.0,21.0,21.0,21.0,22.0,22.0,23.0,20.0,22.0,23.0,21.0,10.0,hold,0,0,22.8561
1787153659.8218,2026-08-19 17:34:19.821,10,c3,1,0,-0.03814,-0.49681,0.03971,-4.0322,10.0338,-16.4835,-0.0638,0.0024,-0.3923,2.43742,25.0,24.0,27.0,26.0,26.0,33.0,34.0,28.0,32.0,30.0,35.0,28.0,31.0,35.0,23.0,25.0,27.0,26.0,27.0,21.0,22.0,21.0,21.0,22.0,21.0,22.0,21.0,22.0,21.0,21.0,21.0,22.0,22.0,23.0,20.0,22.0,23.0,21.0,10.0,hold,0,0,22.7978
1787153659.8719,2026-08-19 17:34:19.871,10,c3,1,0,-0.03815,-0.49682,0.03972,-4.0869,9.9797,-16.4551,-0.0667,0.0031,-0.3931,2.42911,25.0,24.0,26.0,25.0,28.0,31.0,33.0,27.0,33.0,31.0,34.0,28.0,30.0,34.0,23.0,24.0,28.0,25.0,25.0,21.0,22.0,21.0,21.0,22.0,21.0,22.0,21.0,22.0,21.0,21.0,21.0,22.0,22.0,23.0,20.0,22.0,23.0,21.0,10.0,hold,0,0,22.8717
1787153659.9219,2026-08-19 17:34:19.921,10,c3,1,0,-0.03814,-0.49683,0.03973,-3.9709,10.0942,-16.4496,-0.064,0.0087,-0.3859,2.43843,25.0,24.0,26.0,25.0,28.0,31.0,33.0,27.0,33.0,31.0,34.0,28.0,30.0,34.0,23.0,24.0,28.0,25.0,25.0,21.0,22.0,21.0,21.0,22.0,21.0,22.0,21.0,22.0,21.0,21.0,21.0,22.0,22.0,23.0,20.0,22.0,23.0,21.0,10.0,hold,0,0,22.7889
1787153659.972,2026-08-19 17:34:19.972,10,c3,1,0,-0.03814,-0.49682,0.03972,-4.1008,10.5272,-16.488,-0.0782,0.0036,-0.3969,2.43969,25.0,25.0,25.0,24.0,27.0,30.0,33.0,25.0,33.0,33.0,34.0,26.0,30.0,36.0,23.0,22.0,29.0,26.0,25.0,21.0,22.0,21.0,21.0,22.0,21.0,22.0,21.0,22.0,21.0,21.0,21.0,22.0,22.0,23.0,20.0,22.0,23.0,21.0,10.0,hold,0,0,22.7777
1787153660.0221,2026-08-19 17:34:20.022,10,c3,1,0,-0.03814,-0.49681,0.03972,-4.008,10.378,-16.5186,-0.0732,0.0013,-0.3915,2.43919,23.0,25.0,27.0,22.0,28.0,33.0,33.0,24.0,33.0,33.0,38.0,25.0,30.0,35.0,25.0,22.0,29.0,25.0,25.0,21.0,22.0,21.0,21.0,22.0,21.0,22.0,21.0,22.0,21.0,21.0,21.0,22.0,22.0,23.0,20.0,22.0,23.0,21.0,10.0,hold,0,0,22.7821
1787153660.0722,2026-08-19 17:34:20.072,10,c3,1,0,-0.03813,-0.49681,0.03972,-3.9839,10.3061,-16.463,-0.0722,0.006,-0.3904,2.43767,23.0,25.0,27.0,22.0,28.0,33.0,33.0,24.0,33.0,33.0,38.0,25.0,30.0,35.0,25.0,22.0,29.0,25.0,25.0,21.0,22.0,21.0,21.0,22.0,21.0,22.0,21.0,22.0,21.0,21.0,21.0,22.0,22.0,23.0,20.0,22.0,23.0,21.0,10.0,hold,0,0,22.7956
1787153660.1224,2026-08-19 17:34:20.122,10,c3,1,0,-0.03815,-0.49682,0.03972,-4.4161,10.4053,-16.3206,-0.0739,-0.0057,-0.392,2.43919,22.0,25.0,27.0,22.0,28.0,33.0,34.0,25.0,33.0,33.0,35.0,26.0,31.0,35.0,23.0,23.0,29.0,25.0,24.0,21.0,22.0,21.0,21.0,22.0,21.0,22.0,21.0,22.0,21.0,21.0,21.0,22.0,22.0,23.0,20.0,22.0,23.0,21.0,10.0,hold,0,0,22.7821
1787153660.1725,2026-08-19 17:34:20.172,10,c3,1,0,-0.03814,-0.49682,0.03972,-3.7994,10.0107,-16.374,-0.0658,0.0105,-0.3914,2.43818,22.0,25.0,27.0,22.0,28.0,33.0,34.0,25.0,33.0,33.0,35.0,26.0,31.0,35.0,23.0,23.0,29.0,25.0,24.0,21.0,22.0,21.0,21.0,22.0,21.0,22.0,21.0,22.0,21.0,21.0,21.0,22.0,22.0,23.0,20.0,22.0,23.0,21.0,10.0,hold,0,0,22.7911
1787153660.2226,2026-08-19 17:34:20.222,10,c3,1,0,-0.03814,-0.49681,0.0397,-4.1607,10.4793,-16.3025,-0.0759,0.0014,-0.3932,2.43767,23.0,26.0,27.0,23.0,28.0,32.0,34.0,26.0,32.0,31.0,35.0,28.0,29.0,35.0,24.0,26.0,27.0,27.0,25.0,21.0,22.0,21.0,21.0,22.0,21.0,22.0,21.0,22.0,21.0,21.0,21.0,22.0,22.0,23.0,20.0,22.0,23.0,21.0,10.0,hold,0,0,22.7956
1787153660.2728,2026-08-19 17:34:20.272,10,c3,1,0,-0.03812,-0.49682,0.03971,-4.3327,10.3479,-16.4317,-0.0723,-0.0034,-0.393,2.44221,24.0,24.0,27.0,24.0,26.0,33.0,34.0,26.0,33.0,30.0,36.0,27.0,30.0,34.0,23.0,25.0,27.0,26.0,24.0,21.0,22.0,21.0,21.0,22.0,21.0,22.0,21.0,22.0,21.0,21.0,21.0,22.0,22.0,23.0,20.0,22.0,23.0,21.0,10.0,hold,0,0,22.7553
1787153660.3229,2026-08-19 17:34:20.322,10,c3,1,0,-0.03813,-0.49683,0.03972,-4.1538,10.2164,-16.2428,-0.0667,0.0015,-0.392,2.43818,24.0,24.0,27.0,24.0,26.0,33.0,34.0,26.0,33.0,30.0,36.0,27.0,30.0,34.0,23.0,25.0,27.0,26.0,24.0,21.0,22.0,21.0,21.0,22.0,21.0,22.0,21.0,22.0,21.0,21.0,21.0,22.0,22.0,23.0,20.0,22.0,23.0,21.0,10.0,hold,0,0,22.7911
1787153660.373,2026-08-19 17:34:20.372,10,c3,1,0,-0.03814,-0.49681,0.03972,-4.2302,10.1032,-16.153,-0.0679,0.0004,-0.3881,2.44523,24.0,25.0,26.0,25.0,29.0,31.0,35.0,26.0,32.0,30.0,37.0,25.0,30.0,34.0,24.0,25.0,28.0,26.0,24.0,21.0,22.0,21.0,21.0,22.0,21.0,22.0,21.0,22.0,21.0,21.0,21.0,22.0,22.0,23.0,20.0,22.0,23.0,21.0,10.0,hold,0,0,22.7284
1787153660.4231,2026-08-19 17:34:20.423,10,c3,1,0,-0.03814,-0.49682,0.03972,-4.4082,10.4154,-16.0982,-0.0748,-0.0078,-0.3898,2.43742,24.0,25.0,26.0,25.0,29.0,31.0,35.0,26.0,32.0,30.0,37.0,25.0,30.0,34.0,24.0,25.0,28.0,26.0,24.0,21.0,22.0,21.0,21.0,22.0,21.0,22.0,21.0,22.0,21.0,21.0,21.0,22.0,22.0,23.0,20.0,22.0,23.0,21.0,10.0,hold,0,0,22.7978
1787153660.4732,2026-08-19 17:34:20.473,10,c3,1,0,-0.03814,-0.49681,0.03971,-4.2317,10.3279,-16.1353,-0.0736,-0.002,-0.3894,2.44498,23.0,25.0,25.0,22.0,28.0,31.0,34.0,27.0,33.0,31.0,37.0,26.0,30.0,35.0,24.0,24.0,29.0,26.0,24.0,21.0,22.0,21.0,21.0,22.0,21.0,22.0,21.0,22.0,21.0,21.0,21.0,22.0,22.0,23.0,20.0,22.0,23.0,21.0,10.0,hold,0,0,22.7306
1787153660.5234,2026-08-19 17:34:20.523,10,c3,1,0,-0.03812,-0.49682,0.03972,-4.1792,10.298,-16.2777,-0.0673,0.0009,-0.3896,2.43969,24.0,25.0,27.0,23.0,28.0,32.0,33.0,27.0,32.0,31.0,37.0,27.0,30.0,36.0,24.0,25.0,29.0,26.0,25.0,21.0,22.0,21.0,21.0,22.0,21.0,22.0,21.0,22.0,21.0,21.0,21.0,22.0,22.0,23.0,20.0,22.0,23.0,21.0,10.0,hold,0,0,22.7777
1787153660.5735,2026-08-19 17:34:20.573,10,c3,1,0,-0.03813,-0.49682,0.03972,-4.242,10.3837,-16.5834,-0.0701,-0.0004,-0.3921,2.44523,24.0,25.0,27.0,23.0,28.0,32.0,33.0,27.0,32.0,31.0,37.0,27.0,30.0,36.0,24.0,25.0,29.0,26.0,25.0,21.0,22.0,21.0,21.0,22.0,21.0,22.0,21.0,22.0,21.0,21.0,21.0,22.0,22.0,23.0,20.0,22.0,23.0,21.0,10.0,hold,0,0,22.7284
1787153660.6236,2026-08-19 17:34:20.623,10,c3,1,0,-0.03814,-0.49682,0.03971,-4.3295,10.7091,-16.1386,-0.0808,-0.0026,-0.3924,2.43919,25.0,24.0,27.0,23.0,27.0,34.0,34.0,26.0,32.0,32.0,35.0,26.0,29.0,36.0,23.0,23.0,30.0,26.0,24.0,21.0,22.0,21.0,21.0,22.0,21.0,22.0,21.0,22.0,21.0,21.0,21.0,22.0,22.0,23.0,20.0,22.0,23.0,21.0,10.0,hold,0,0,22.7821
1787153660.6738,2026-08-19 17:34:20.673,10,c3,1,0,-0.03815,-0.49683,0.03972,-4.1311,10.3168,-16.431,-0.0694,0.0043,-0.3904,2.44498,25.0,24.0,27.0,23.0,27.0,34.0,34.0,26.0,32.0,32.0,35.0,26.0,29.0,36.0,23.0,23.0,30.0,26.0,24.0,21.0,22.0,21.0,21.0,22.0,21.0,22.0,21.0,22.0,21.0,21.0,21.0,22.0,22.0,23.0,20.0,22.0,23.0,21.0,10.0,hold,0,0,22.7306
1787153660.724,2026-08-19 17:34:20.724,10,c3,1,0,-0.03812,-0.49682,0.03972,-4.3799,10.6413,-16.2175,-0.079,-0.003,-0.3986,2.43919,24.0,24.0,28.0,22.0,26.0,33.0,34.0,26.0,31.0,31.0,34.0,27.0,30.0,36.0,23.0,26.0,28.0,25.0,25.0,21.0,22.0,21.0,21.0,22.0,21.0,22.0,21.0,22.0,21.0,21.0,21.0,22.0,22.0,23.0,20.0,22.0,23.0,21.0,10.0,hold,0,0,22.7821
1787153660.7741,2026-08-19 17:34:20.774,10,c3,1,0,-0.03814,-0.49681,0.03972,-4.6233,10.6172,-16.0877,-0.0758,-0.0101,-0.3976,2.449,24.0,25.0,28.0,26.0,27.0,33.0,34.0,25.0,33.0,32.0,36.0,25.0,30.0,35.0,23.0,22.0,30.0,26.0,24.0,21.0,22.0,21.0,21.0,22.0,21.0,22.0,21.0,22.0,21.0,21.0,21.0,22.0,22.0,23.0,20.0,22.0,23.0,21.0,10.0,hold,0,0,22.6948
1787153660.8242,2026-08-19 17:34:20.824,10,c3,1,0,-0.03815,-0.49681,0.03972,-4.1473,10.285,-16.4091,-0.0714,0.0023,-0.3939,2.4412,24.0,25.0,28.0,26.0,27.0,33.0,34.0,25.0,33.0,32.0,36.0,25.0,30.0,35.0,23.0,22.0,30.0,26.0,24.0,21.0,22.0,21.0,21.0,22.0,21.0,22.0,21.0,22.0,21.0,21.0,21.0,22.0,22.0,23.0,20.0,22.0,23.0,21.0,10.0,hold,0,0,22.7642
1787153660.8743,2026-08-19 17:34:20.874,10,c3,1,0,-0.03814,-0.49682,0.03972,-3.9372,10.1377,-16.3915,-0.0672,0.0067,-0.3947,2.45001,25.0,24.0,28.0,22.0,28.0,33.0,35.0,28.0,31.0,33.0,35.0,29.0,29.0,35.0,22.0,25.0,29.0,26.0,24.0,21.0,22.0,21.0,21.0,22.0,21.0,22.0,21.0,22.0,21.0,21.0,21.0,22.0,22.0,23.0,20.0,22.0,23.0,21.0,10.0,hold,0,0,22.6858
1787153660.9245,2026-08-19 17:34:20.924,10,c3,1,0,-0.03818,-0.49683,0.03973,-3.8926,10.1932,-16.348,-0.0703,0.0097,-0.3875,2.44472,25.0,24.0,28.0,22.0,28.0,33.0,35.0,28.0,31.0,33.0,35.0,29.0,29.0,35.0,22.0,25.0,29.0,26.0,24.0,21.0,22.0,21.0,21.0,22.0,21.0,22.0,21.0,22.0,21.0,21.0,21.0,22.0,22.0,23.0,20.0,22.0,23.0,21.0,10.0,hold,0,0,22.7329
1787153660.9746,2026-08-19 17:34:20.974,10,c3,1,0,-0.03813,-0.49681,0.0397,-4.3853,10.7144,-16.2419,-0.0813,-0.0054,-0.3944,2.44321,22.0,24.0,27.0,24.0,26.0,33.0,34.0,27.0,32.0,31.0,36.0,28.0,30.0,36.0,24.0,25.0,29.0,27.0,24.0,21.0,22.0,21.0,21.0,22.0,21.0,22.0,21.0,22.0,21.0,21.0,21.0,22.0,22.0,23.0,20.0,22.0,23.0,21.0,10.0,hold,0,0,22.7463
1787153661.0247,2026-08-19 17:34:21.024,10,c3,1,0,-0.03813,-0.49681,0.03971,-3.9811,10.1525,-16.3398,-0.0693,0.0079,-0.3953,2.44825,22.0,24.0,27.0,24.0,26.0,33.0,34.0,27.0,32.0,31.0,36.0,28.0,30.0,36.0,24.0,25.0,29.0,27.0,24.0,21.0,22.0,21.0,21.0,22.0,21.0,22.0,21.0,22.0,21.0,21.0,21.0,22.0,22.0,23.0,20.0,22.0,23.0,21.0,10.0,hold,0,0,22.7015
1787153661.0748,2026-08-19 17:34:21.074,10,c3,1,0,-0.03814,-0.49682,0.03972,-4.327,10.4795,-16.3857,-0.0761,-0.0051,-0.396,2.44674,23.0,22.0,27.0,24.0,25.0,32.0,34.0,25.0,31.0,34.0,37.0,26.0,28.0,35.0,25.0,23.0,30.0,27.0,23.0,21.0,22.0,21.0,21.0,22.0,21.0,22.0,21.0,22.0,21.0,21.0,21.0,22.0,22.0,23.0,20.0,22.0,23.0,21.0,10.0,hold,0,0,22.7149
1787153661.125,2026-08-19 17:34:21.124,10,c3,1,0,-0.03814,-0.49684,0.03973,-3.9642,10.2168,-16.595,-0.0695,0.0071,-0.3908,2.44271,23.0,24.0,29.0,23.0,26.0,35.0,34.0,27.0,32.0,32.0,35.0,27.0,30.0,35.0,23.0,24.0,29.0,25.0,25.0,21.0,22.0,21.0,21.0,22.0,21.0,22.0,21.0,22.0,21.0,21.0,21.0,22.0,22.0,23.0,20.0,22.0,23.0,21.0,10.0,hold,0,0,22.7508
1787153661.1751,2026-08-19 17:34:21.175,10,c3,1,0,-0.03813,-0.49681,0.03972,-4.0052,10.0912,-16.565,-0.0646,0.0042,-0.3898,2.43742,23.0,24.0,29.0,23.0,26.0,35.0,34.0,27.0,32.0,32.0,35.0,27.0,30.0,35.0,23.0,24.0,29.0,25.0,25.0,21.0,22.0,21.0,21.0,22.0,21.0,22.0,21.0,22.0,21.0,21.0,21.0,22.0,22.0,23.0,20.0,22.0,23.0,21.0,10.0,hold,0,0,22.7978
1787153661.2252,2026-08-19 17:34:21.225,10,c3,1,0,-0.03814,-0.49682,0.03973,-4.1362,10.3912,-16.3248,-0.0721,0.0018,-0.3921,2.45328,24.0,24.0,29.0,24.0,28.0,33.0,32.0,25.0,32.0,31.0,35.0,26.0,30.0,36.0,24.0,22.0,29.0,27.0,22.0,21.0,22.0,21.0,21.0,22.0,21.0,22.0,21.0,22.0,21.0,21.0,21.0,22.0,22.0,23.0,20.0,22.0,23.0,21.0,10.0,hold,0,0,22.6567
1787153661.2753,2026-08-19 17:34:21.275,10,c3,1,0,-0.03814,-0.49682,0.03971,-4.0872,9.9871,-16.5033,-0.0637,0.0014,-0.3912,2.44044,24.0,24.0,29.0,24.0,28.0,33.0,32.0,25.0,32.0,31.0,35.0,26.0,30.0,36.0,24.0,22.0,29.0,27.0,22.0,21.0,22.0,21.0,21.0,22.0,21.0,22.0,21.0,22.0,21.0,21.0,21.0,22.0,22.0,23.0,20.0,22.0,23.0,21.0,10.0,hold,0,0,22.7709
1787153661.3255,2026-08-19 17:34:21.325,10,c3,1,0,-0.03814,-0.49681,0.03972,-4.3194,10.4207,-16.3071,-0.0774,-0.0034,-0.3917,2.44649,21.0,24.0,26.0,22.0,28.0,33.0,34.0,26.0,32.0,31.0,34.0,26.0,29.0,36.0,24.0,25.0,30.0,25.0,26.0,21.0,22.0,21.0,21.0,22.0,21.0,22.0,21.0,22.0,21.0,21.0,21.0,22.0,22.0,23.0,20.0,22.0,23.0,21.0,10.0,hold,0,0,22.7172
1787153661.3756,2026-08-19 17:34:21.375,10,c3,1,0,-0.03815,-0.49681,0.03971,-4.1801,10.0875,-16.3347,-0.0679,-0.0017,-0.3911,2.44498,24.0,25.0,26.0,25.0,28.0,32.0,33.0,26.0,33.0,30.0,37.0,26.0,31.0,34.0,24.0,24.0,29.0,25.0,25.0,21.0,22.0,21.0,21.0,22.0,21.0,22.0,21.0,22.0,21.0,21.0,21.0,22.0,22.0,23.0,20.0,22.0,23.0,21.0,10.0,hold,0,0,22.7306
1787153661.4258,2026-08-19 17:34:21.425,10,c3,1,0,-0.03813,-0.49682,0.03972,-3.8653,10.0922,-16.4581,-0.0691,0.0076,-0.3868,2.449,24.0,25.0,26.0,25.0,28.0,32.0,33.0,26.0,33.0,30.0,37.0,26.0,31.0,34.0,24.0,24.0,29.0,25.0,25.0,21.0,22.0,21.0,21.0,22.0,21.0,22.0,21.0,22.0,21.0,21.0,21.0,22.0,22.0,23.0,20.0,22.0,23.0,21.0,10.0,hold,0,0,22.6948
1787153661.4759,2026-08-19 17:34:21.475,10,c3,1,0,-0.03814,-0.49681,0.03971,-4.3662,10.3472,-16.3179,-0.0736,-0.0025,-0.404,2.45127,23.0,27.0,26.0,23.0,29.0,33.0,33.0,24.0,32.0,30.0,35.0,25.0,30.0,34.0,26.0,22.0,28.0,26.0,24.0,21.0,22.0,21.0,21.0,22.0,21.0,22.0,21.0,22.0,21.0,21.0,21.0,22.0,22.0,23.0,20.0,22.0,23.0,21.0,10.0,hold,0,0,22.6746
1787153661.526,2026-08-19 17:34:21.526,10,c3,1,0,-0.03813,-0.49682,0.03973,-4.3098,10.2828,-16.5124,-0.0684,-0.0025,-0.3945,2.45681,23.0,27.0,26.0,23.0,29.0,33.0,33.0,24.0,32.0,30.0,35.0,25.0,30.0,34.0,26.0,22.0,28.0,26.0,24.0,21.0,22.0,21.0,21.0,22.0,21.0,22.0,21.0,22.0,21.0,21.0,21.0,22.0,22.0,23.0,20.0,22.0,23.0,21.0,10.0,hold,0,0,22.6253
1787153661.5761,2026-08-19 17:34:21.576,10,c3,1,0,-0.03815,-0.49681,0.03971,-3.9604,10.1438,-16.448,-0.0697,0.0076,-0.3897,2.449,23.0,25.0,26.0,23.0,27.0,32.0,34.0,25.0,33.0,32.0,35.0,26.0,31.0,35.0,23.0,25.0,30.0,26.0,23.0,21.0,22.0,21.0,21.0,22.0,21.0,22.0,21.0,22.0,21.0,21.0,21.0,22.0,22.0,23.0,20.0,22.0,23.0,21.0,10.0,hold,0,0,22.6948
1787153661.6263,2026-08-19 17:34:21.626,10,c3,1,0,-0.03813,-0.49682,0.03973,-3.7867,10.4935,-16.4555,-0.0759,0.0154,-0.3891,2.45631,23.0,26.0,26.0,23.0,29.0,33.0,33.0,25.0,32.0,31.0,36.0,25.0,30.0,36.0,25.0,23.0,28.0,27.0,22.0,21.0,22.0,21.0,21.0,22.0,21.0,22.0,21.0,22.0,21.0,21.0,21.0,22.0,22.0,23.0,20.0,22.0,23.0,21.0,10.0,hold,0,0,22.6298
1787153661.6764,2026-08-19 17:34:21.676,10,c3,1,0,-0.03814,-0.49681,0.03972,-3.7062,9.8998,-16.4085,-0.0642,0.012,-0.3815,2.45706,23.0,26.0,26.0,23.0,29.0,33.0,33.0,25.0,32.0,31.0,36.0,25.0,30.0,36.0,25.0,23.0,28.0,27.0,22.0,21.0,22.0,21.0,21.0,22.0,21.0,22.0,21.0,22.0,21.0,21.0,21.0,22.0,22.0,23.0,20.0,22.0,23.0,21.0,10.0,hold,0,0,22.6231
1787153661.7265,2026-08-19 17:34:21.726,10,c3,1,0,-0.03815,-0.49682,0.03973,-4.4232,10.1449,-16.449,-0.0683,-0.0053,-0.3922,2.45832,22.0,25.0,27.0,23.0,28.0,33.0,35.0,24.0,32.0,32.0,36.0,25.0,31.0,35.0,23.0,23.0,30.0,26.0,24.0,21.0,22.0,21.0,21.0,22.0,21.0,22.0,21.0,22.0,21.0,21.0,21.0,22.0,22.0,23.0,20.0,22.0,23.0,21.0,10.0,hold,0,0,22.6119
1787153661.7767,2026-08-19 17:34:21.776,10,c3,1,0,-0.03814,-0.49682,0.03973,-4.046,10.0656,-16.6173,-0.0664,0.0054,-0.3895,2.45681,22.0,25.0,27.0,23.0,28.0,33.0,35.0,24.0,32.0,32.0,36.0,25.0,31.0,35.0,23.0,23.0,30.0,26.0,24.0,21.0,22.0,21.0,21.0,22.0,21.0,22.0,21.0,22.0,21.0,21.0,21.0,22.0,22.0,23.0,20.0,22.0,23.0,21.0,10.0,hold,0,0,22.6253
1787153661.8268,2026-08-19 17:34:21.826,10,c3,1,0,-0.03814,-0.49681,0.03971,-4.0793,10.3613,-16.4568,-0.0746,0.0025,-0.3852,2.45782,22.0,26.0,28.0,20.0,29.0,34.0,33.0,27.0,34.0,31.0,36.0,29.0,31.0,36.0,24.0,25.0,28.0,26.0,27.0,21.0,22.0,21.0,21.0,22.0,21.0,22.0,21.0,22.0,21.0,21.0,21.0,22.0,22.0,23.0,20.0,22.0,23.0,21.0,10.0,hold,0,0,22.6164
1787153661.8769,2026-08-19 17:34:21.876,10,c3,1,0,-0.03813,-0.49683,0.03973,-3.9177,10.2418,-16.5566,-0.0675,0.0058,-0.3892,2.44951,22.0,26.0,28.0,20.0,29.0,34.0,33.0,27.0,34.0,31.0,36.0,29.0,31.0,36.0,24.0,25.0,28.0,26.0,27.0,21.0,22.0,21.0,21.0,22.0,21.0,22.0,21.0,22.0,21.0,21.0,21.0,22.0,22.0,23.0,20.0,22.0,23.0,21.0,10.0,hold,0,0,22.6903
1787153661.927,2026-08-19 17:34:21.927,10,c3,1,0,-0.03813,-0.49681,0.03972,-3.8365,9.9928,-16.4105,-0.0653,0.0114,-0.3896,2.45656,25.0,27.0,26.0,24.0,29.0,33.0,35.0,25.0,31.0,32.0,36.0,25.0,28.0,35.0,22.0,25.0,29.0,26.0,24.0,21.0,22.0,21.0,21.0,22.0,21.0,22.0,21.0,22.0,21.0,21.0,21.0,22.0,22.0,23.0,20.0,22.0,23.0,21.0,10.0,hold,0,0,22.6276
1787153661.9771,2026-08-19 17:34:21.977,10,c3,1,0,-0.03813,-0.49681,0.03971,-4.1788,10.547,-16.4968,-0.0727,0.0022,-0.3952,2.45052,24.0,22.0,28.0,22.0,26.0,34.0,32.0,24.0,33.0,34.0,35.0,25.0,30.0,38.0,24.0,22.0,31.0,25.0,23.0,21.0,22.0,21.0,21.0,22.0,21.0,22.0,21.0,22.0,21.0,21.0,21.0,22.0,22.0,23.0,20.0,22.0,23.0,21.0,10.0,hold,0,0,22.6813
1787153662.0273,2026-08-19 17:34:22.027,10,c3,1,0,-0.03812,-0.49682,0.03971,-4.2334,10.6614,-16.3616,-0.0777,-0.0008,-0.3925,2.45706,24.0,22.0,28.0,22.0,26.0,34.0,32.0,24.0,33.0,34.0,35.0,25.0,30.0,38.0,24.0,22.0,31.0,25.0,23.0,21.0,22.0,21.0,21.0,22.0,21.0,22.0,21.0,22.0,21.0,21.0,21.0,22.0,22.0,23.0,20.0,22.0,23.0,21.0,10.0,hold,0,0,22.6231
1787153662.0773,2026-08-19 17:34:22.077,10,c3,1,0,-0.03814,-0.49682,0.03972,-3.9811,10.4857,-16.666,-0.0772,0.0071,-0.387,2.45832,23.0,25.0,29.0,23.0,28.0,35.0,34.0,26.0,31.0,30.0,35.0,26.0,29.0,35.0,23.0,25.0,28.0,26.0,24.0,21.0,22.0,21.0,21.0,22.0,21.0,22.0,21.0,22.0,21.0,21.0,21.0,22.0,22.0,23.0,20.0,22.0,23.0,21.0,10.0,hold,0,0,22.6119
1787153662.1275,2026-08-19 17:34:22.127,10,c3,1,0,-0.03813,-0.4968,0.03971,-4.1006,10.2218,-16.5914,-0.0686,0.0037,-0.3902,2.45505,23.0,25.0,29.0,23.0,28.0,35.0,34.0,26.0,31.0,30.0,35.0,26.0,29.0,35.0,23.0,25.0,28.0,26.0,24.0,21.0,22.0,21.0,21.0,22.0,21.0,22.0,21.0,22.0,21.0,21.0,21.0,22.0,22.0,23.0,20.0,22.0,23.0,21.0,10.0,hold,0,0,22.641
1787153662.1777,2026-08-19 17:34:22.177,10,c3,1,0,-0.03814,-0.49681,0.03972,-3.7348,9.8712,-16.7006,-0.0628,0.0125,-0.386,2.45681,22.0,24.0,28.0,23.0,27.0,32.0,33.0,24.0,31.0,31.0,35.0,26.0,29.0,35.0,24.0,21.0,28.0,26.0,24.0,21.0,22.0,21.0,21.0,22.0,21.0,22.0,21.0,22.0,21.0,21.0,21.0,22.0,22.0,23.0,20.0,22.0,23.0,21.0,10.0,hold,0,0,22.6253
1787153662.2278,2026-08-19 17:34:22.227,10,c3,1,0,-0.03815,-0.49681,0.03972,-4.2466,10.5474,-16.6768,-0.0756,0.0,-0.392,2.45908,23.0,25.0,27.0,23.0,26.0,33.0,33.0,25.0,32.0,31.0,35.0,25.0,29.0,36.0,24.0,23.0,29.0,27.0,22.0,21.0,22.0,21.0,21.0,22.0,21.0,22.0,21.0,22.0,21.0,21.0,21.0,22.0,22.0,23.0,20.0,22.0,23.0,21.0,10.0,hold,0,0,22.6052
1787153662.2779,2026-08-19 17:34:22.277,10,c3,1,0,-0.03814,-0.49683,0.03973,-4.1819,10.4133,-16.5284,-0.0758,0.0014,-0.3947,2.45505,23.0,25.0,27.0,23.0,26.0,33.0,33.0,25.0,32.0,31.0,35.0,25.0,29.0,36.0,24.0,23.0,29.0,27.0,22.0,21.0,22.0,21.0,21.0,22.0,21.0,22.0,21.0,22.0,21.0,21.0,21.0,22.0,22.0,23.0,20.0,22.0,23.0,21.0,10.0,hold,0,0,22.641
1787153662.328,2026-08-19 17:34:22.328,10,c3,1,0,-0.03812,-0.49681,0.03971,-3.5549,10.0286,-16.6076,-0.0637,0.0167,-0.384,2.46285,23.0,24.0,26.0,24.0,27.0,33.0,33.0,26.0,32.0,33.0,35.0,26.0,31.0,36.0,24.0,24.0,29.0,26.0,23.0,21.0,22.0,21.0,21.0,22.0,21.0,22.0,21.0,22.0,21.0,21.0,21.0,22.0,22.0,23.0,20.0,22.0,23.0,21.0,10.0,hold,0,0,22.5716
1787153662.3781,2026-08-19 17:34:22.378,10,c3,1,0,-0.03814,-0.49682,0.03973,-3.7552,10.2535,-16.6025,-0.0691,0.0135,-0.394,2.45328,23.0,24.0,26.0,24.0,27.0,33.0,33.0,26.0,32.0,33.0,35.0,26.0,31.0,36.0,24.0,24.0,29.0,26.0,23.0,21.0,22.0,21.0,21.0,22.0,21.0,22.0,21.0,22.0,21.0,21.0,21.0,22.0,22.0,23.0,20.0,22.0,23.0,21.0,10.0,hold,0,0,22.6567
1787153662.4283,2026-08-19 17:34:22.428,10,c3,1,0,-0.03813,-0.49682,0.03972,-4.2475,10.2254,-16.5945,-0.0676,-0.0009,-0.3965,2.4631,23.0,26.0,28.0,22.0,28.0,33.0,34.0,25.0,32.0,31.0,35.0,26.0,29.0,36.0,23.0,23.0,29.0,25.0,24.0,21.0,22.0,21.0,21.0,22.0,21.0,22.0,21.0,22.0,21.0,21.0,21.0,22.0,22.0,23.0,20.0,22.0,23.0,21.0,10.0,hold,0,0,22.5693
1787153662.4785,2026-08-19 17:34:22.478,10,c3,1,0,-0.03814,-0.49682,0.03972,-3.7787,10.0044,-16.7997,-0.0655,0.0128,-0.3846,2.45731,23.0,24.0,26.0,24.0,27.0,34.0,33.0,23.0,32.0,33.0,35.0,25.0,29.0,37.0,24.0,23.0,30.0,25.0,22.0,21.0,22.0,21.0,21.0,22.0,21.0,22.0,21.0,22.0,21.0,21.0,21.0,22.0,22.0,23.0,20.0,22.0,23.0,21.0,10.0,hold,0,0,22.6209
1787153662.5286,2026-08-19 17:34:22.528,10,c3,1,0,-0.03814,-0.49681,0.03972,-3.7492,10.0042,-16.7786,-0.0626,0.0125,-0.3839,2.4631,23.0,24.0,26.0,24.0,27.0,34.0,33.0,23.0,32.0,33.0,35.0,25.0,29.0,37.0,24.0,23.0,30.0,25.0,22.0,21.0,22.0,21.0,21.0,22.0,21.0,22.0,21.0,22.0,21.0,21.0,21.0,22.0,22.0,23.0,20.0,22.0,23.0,21.0,10.0,hold,0,0,22.5693
1787153662.5788,2026-08-19 17:34:22.578,10,c3,1,0,-0.03814,-0.49682,0.03972,-3.858,10.4184,-16.6087,-0.0759,0.0133,-0.3904,2.45756,20.0,24.0,28.0,21.0,26.0,34.0,34.0,26.0,32.0,32.0,36.0,26.0,31.0,36.0,24.0,25.0,29.0,28.0,26.0,21.0,22.0,21.0,21.0,22.0,21.0,22.0,21.0,22.0,21.0,21.0,21.0,22.0,22.0,23.0,20.0,22.0,23.0,21.0,10.0,hold,0,0,22.6186
1787153662.6289,2026-08-19 17:34:22.628,10,c3,1,0,-0.03814,-0.49682,0.03972,-3.8547,9.9325,-16.7135,-0.0658,0.0108,-0.3868,2.46033,20.0,24.0,28.0,21.0,26.0,34.0,34.0,26.0,32.0,32.0,36.0,26.0,31.0,36.0,24.0,25.0,29.0,28.0,26.0,21.0,22.0,21.0,21.0,22.0,21.0,22.0,21.0,22.0,21.0,21.0,21.0,22.0,22.0,23.0,20.0,22.0,23.0,21.0,10.0,hold,0,0,22.594
1787153662.679,2026-08-19 17:34:22.679,10,c3,1,0,-0.03815,-0.49681,0.03972,-4.2104,10.2745,-16.5944,-0.0712,-0.0013,-0.3935,2.45631,24.0,24.0,27.0,24.0,28.0,34.0,34.0,24.0,32.0,31.0,36.0,24.0,30.0,36.0,24.0,22.0,30.0,25.0,22.0,21.0,22.0,21.0,21.0,22.0,21.0,22.0,21.0,22.0,21.0,21.0,21.0,22.0,22.0,23.0,20.0,22.0,23.0,21.0,10.0,hold,0,0,22.6298
1787153662.7291,2026-08-19 17:34:22.729,10,c3,1,0,-0.03813,-0.49682,0.03973,-4.1303,10.5072,-16.5394,-0.0749,0.0051,-0.3898,2.4631,20.0,24.0,26.0,22.0,27.0,32.0,35.0,24.0,32.0,32.0,34.0,24.0,30.0,34.0,22.0,21.0,28.0,26.0,22.0,21.0,22.0,21.0,21.0,22.0,21.0,22.0,21.0,22.0,21.0,21.0,21.0,22.0,22.0,23.0,20.0,22.0,23.0,21.0,10.0,hold,0,0,22.5693
1787153662.7792,2026-08-19 17:34:22.779,10,c3,1,0,-0.03812,-0.49682,0.03973,-4.2989,10.1445,-16.7007,-0.0677,-0.0042,-0.3886,2.46361,20.0,24.0,26.0,22.0,27.0,32.0,35.0,24.0,32.0,32.0,34.0,24.0,30.0,34.0,22.0,21.0,28.0,26.0,22.0,21.0,22.0,21.0,21.0,22.0,21.0,22.0,21.0,22.0,21.0,21.0,21.0,22.0,22.0,23.0,20.0,22.0,23.0,21.0,10.0,hold,0,0,22.5649
1787153662.8294,2026-08-19 17:34:22.829,10,c3,1,0,-0.03813,-0.49682,0.03973,-4.2143,10.4031,-16.6369,-0.0753,-0.0025,-0.39,2.46059,21.0,24.0,26.0,21.0,26.0,31.0,33.0,26.0,33.0,32.0,35.0,26.0,30.0,36.0,24.0,25.0,30.0,26.0,24.0,21.0,22.0,21.0,21.0,22.0,21.0,22.0,21.0,22.0,21.0,21.0,21.0,22.0,22.0,23.0,20.0,22.0,23.0,21.0,10.0,hold,0,0,22.5917
1787153662.8795,2026-08-19 17:34:22.879,10,c3,1,0,-0.03812,-0.49681,0.03971,-3.8428,10.2582,-16.625,-0.07,0.0103,-0.3842,2.46033,21.0,24.0,26.0,21.0,26.0,31.0,33.0,26.0,33.0,32.0,35.0,26.0,30.0,36.0,24.0,25.0,30.0,26.0,24.0,21.0,22.0,21.0,21.0,22.0,21.0,22.0,21.0,22.0,21.0,21.0,21.0,22.0,22.0,23.0,20.0,22.0,23.0,21.0,10.0,hold,0,0,22.594
1787153662.9298,2026-08-19 17:34:22.929,10,c3,1,0,-0.03814,-0.49682,0.03973,-4.3232,10.336,-16.6402,-0.073,-0.0027,-0.3902,2.45832,25.0,25.0,27.0,24.0,27.0,33.0,34.0,27.0,31.0,34.0,36.0,27.0,29.0,37.0,23.0,25.0,30.0,28.0,24.0,21.0,22.0,21.0,21.0,22.0,21.0,22.0,21.0,22.0,21.0,21.0,21.0,22.0,22.0,23.0,20.0,22.0,23.0,21.0,10.0,hold,0,0,22.6119
1787153662.9798,2026-08-19 17:34:22.979,10,c3,1,0,-0.03814,-0.49682,0.03973,-4.3348,10.7678,-16.4049,-0.0829,-0.0046,-0.3911,2.45908,25.0,25.0,27.0,24.0,27.0,33.0,34.0,27.0,31.0,34.0,36.0,27.0,29.0,37.0,23.0,25.0,30.0,28.0,24.0,21.0,22.0,21.0,21.0,22.0,21.0,22.0,21.0,22.0,21.0,21.0,21.0,22.0,22.0,23.0,20.0,22.0,23.0,21.0,10.0,hold,0,0,22.6052
1787153663.03,2026-08-19 17:34:23.029,10,c3,1,0,-0.03813,-0.49681,0.03972,-3.8141,10.361,-16.6406,-0.0765,0.0094,-0.3839,2.45908,24.0,23.0,28.0,24.0,27.0,34.0,33.0,26.0,32.0,32.0,35.0,27.0,29.0,35.0,24.0,24.0,30.0,26.0,24.0,21.0,22.0,21.0,21.0,22.0,21.0,22.0,21.0,22.0,21.0,21.0,21.0,22.0,22.0,23.0,20.0,22.0,23.0,21.0,10.0,hold,0,0,22.6052
1787153663.0801,2026-08-19 17:34:23.080,10,c3,1,0,-0.03813,-0.49681,0.03972,-4.2166,10.4428,-16.5549,-0.0788,-0.0019,-0.388,2.46638,24.0,24.0,27.0,24.0,28.0,33.0,33.0,27.0,32.0,33.0,35.0,28.0,30.0,35.0,23.0,25.0,30.0,25.0,24.0,21.0,22.0,21.0,21.0,22.0,21.0,22.0,21.0,22.0,21.0,21.0,21.0,22.0,22.0,23.0,20.0,22.0,23.0,21.0,10.0,hold,0,0,22.5402
1787153663.1302,2026-08-19 17:34:23.130,10,c3,1,0,-0.03812,-0.49681,0.03972,-3.9173,10.1555,-16.542,-0.0697,0.0088,-0.3902,2.45933,24.0,24.0,27.0,24.0,28.0,33.0,33.0,27.0,32.0,33.0,35.0,28.0,30.0,35.0,23.0,25.0,30.0,25.0,24.0,21.0,22.0,21.0,21.0,22.0,21.0,22.0,21.0,22.0,21.0,21.0,21.0,22.0,22.0,23.0,20.0,22.0,23.0,21.0,10.0,hold,0,0,22.6029
1787153663.1803,2026-08-19 17:34:23.180,10,c3,1,0,-0.03814,-0.49681,0.03972,-4.1415,10.2752,-16.5698,-0.0703,0.0018,-0.384,2.46461,24.0,25.0,28.0,23.0,27.0,34.0,33.0,26.0,33.0,34.0,37.0,26.0,30.0,37.0,26.0,23.0,30.0,25.0,24.0,21.0,22.0,21.0,21.0,22.0,21.0,22.0,21.0,22.0,21.0,21.0,21.0,22.0,22.0,23.0,20.0,22.0,23.0,21.0,10.0,hold,0,0,22.5559
1787153663.2304,2026-08-19 17:34:23.230,10,c3,1,0,-0.03814,-0.49681,0.03971,-4.2184,10.5614,-16.5029,-0.0795,-0.002,-0.3908,2.46184,24.0,25.0,28.0,23.0,27.0,34.0,33.0,26.0,33.0,34.0,37.0,26.0,30.0,37.0,26.0,23.0,30.0,25.0,24.0,21.0,22.0,21.0,21.0,22.0,21.0,22.0,21.0,22.0,21.0,21.0,21.0,22.0,22.0,23.0,20.0,22.0,23.0,21.0,10.0,hold,0,0,22.5805
1787153663.2806,2026-08-19 17:34:23.280,10,c3,1,0,-0.03813,-0.49682,0.03971,-4.1104,10.229,-16.3838,-0.0733,0.0026,-0.3856,2.46612,23.0,24.0,28.0,23.0,27.0,35.0,33.0,25.0,33.0,31.0,34.0,26.0,31.0,35.0,23.0,26.0,30.0,25.0,25.0,21.0,22.0,21.0,21.0,22.0,21.0,22.0,21.0,22.0,21.0,21.0,21.0,22.0,22.0,23.0,20.0,22.0,23.0,21.0,10.0,hold,0,0,22.5425
1787153663.3307,2026-08-19 17:34:23.330,10,c3,1,0,-0.03814,-0.49681,0.03972,-3.9609,9.9464,-16.4782,-0.0625,0.0065,-0.3924,2.45908,24.0,25.0,26.0,24.0,28.0,32.0,33.0,26.0,32.0,33.0,37.0,25.0,31.0,36.0,25.0,24.0,29.0,28.0,24.0,21.0,22.0,21.0,21.0,22.0,21.0,22.0,21.0,22.0,21.0,21.0,21.0,22.0,22.0,23.0,20.0,22.0,23.0,21.0,10.0,hold,0,0,22.6052
1787153663.3809,2026-08-19 17:34:23.380,10,c3,1,0,-0.03814,-0.49682,0.03971,-4.2208,10.2566,-16.4983,-0.0674,-0.0003,-0.3887,2.46033,24.0,25.0,26.0,24.0,28.0,32.0,33.0,26.0,32.0,33.0,37.0,25.0,31.0,36.0,25.0,24.0,29.0,28.0,24.0,21.0,22.0,21.0,21.0,22.0,21.0,22.0,21.0,22.0,21.0,21.0,21.0,22.0,22.0,23.0,20.0,22.0,23.0,21.0,10.0,hold,0,0,22.594
1787153663.431,2026-08-19 17:34:23.430,10,c3,1,0,-0.03813,-0.49682,0.03972,-4.4003,10.3378,-16.6247,-0.0741,-0.0041,-0.3917,2.46436,23.0,25.0,27.0,23.0,27.0,34.0,33.0,25.0,32.0,32.0,37.0,27.0,30.0,35.0,25.0,23.0,29.0,29.0,23.0,21.0,22.0,21.0,21.0,22.0,21.0,22.0,21.0,22.0,21.0,21.0,21.0,22.0,22.0,23.0,20.0,22.0,23.0,21.0,10.0,hold,0,0,22.5581
1787153663.4811,2026-08-19 17:34:23.481,10,c3,1,0,-0.03814,-0.49682,0.03972,-3.8448,10.2915,-16.6943,-0.0709,0.0128,-0.385,2.47166,23.0,25.0,27.0,23.0,27.0,34.0,33.0,25.0,32.0,32.0,37.0,27.0,30.0,35.0,25.0,23.0,29.0,29.0,23.0,21.0,22.0,21.0,21.0,22.0,21.0,22.0,21.0,22.0,21.0,21.0,21.0,22.0,22.0,23.0,20.0,22.0,23.0,21.0,10.0,hold,0,0,22.4932
1787153663.5312,2026-08-19 17:34:23.531,10,c3,1,0,-0.03814,-0.49681,0.03971,-3.7659,10.0809,-16.6915,-0.0684,0.0102,-0.3789,2.46059,24.0,25.0,28.0,23.0,28.0,33.0,35.0,25.0,32.0,33.0,36.0,26.0,30.0,35.0,23.0,23.0,29.0,26.0,24.0,21.0,22.0,21.0,21.0,22.0,21.0,22.0,21.0,22.0,21.0,21.0,21.0,22.0,22.0,23.0,20.0,22.0,23.0,21.0,10.0,hold,0,0,22.5917
1787153663.5813,2026-08-19 17:34:23.581,10,c3,1,0,-0.03812,-0.49682,0.03971,-4.0659,10.2949,-16.7692,-0.0686,0.0037,-0.3829,2.46713,23.0,24.0,28.0,25.0,27.0,34.0,34.0,25.0,31.0,32.0,36.0,25.0,30.0,35.0,24.0,24.0,28.0,27.0,23.0,21.0,22.0,21.0,21.0,22.0,21.0,22.0,21.0,22.0,21.0,21.0,21.0,22.0,22.0,23.0,20.0,22.0,23.0,21.0,10.0,hold,0,0,22.5335
1787153663.6314,2026-08-19 17:34:23.631,10,c3,1,0,-0.03813,-0.49682,0.03971,-3.7925,10.0484,-16.79,-0.0658,0.0132,-0.3817,2.45908,23.0,24.0,28.0,25.0,27.0,34.0,34.0,25.0,31.0,32.0,36.0,25.0,30.0,35.0,24.0,24.0,28.0,27.0,23.0,21.0,22.0,21.0,21.0,22.0,21.0,22.0,21.0,22.0,21.0,21.0,21.0,22.0,22.0,23.0,20.0,22.0,23.0,21.0,10.0,hold,0,0,22.6052
1787153663.6815,2026-08-19 17:34:23.681,10,c3,1,0,-0.03814,-0.49683,0.03973,-3.6707,10.0626,-16.7428,-0.0658,0.0137,-0.3762,2.46512,23.0,24.0,28.0,21.0,27.0,33.0,34.0,26.0,31.0,32.0,34.0,27.0,30.0,37.0,23.0,24.0,31.0,26.0,24.0,21.0,22.0,21.0,21.0,22.0,21.0,22.0,21.0,22.0,21.0,21.0,21.0,22.0,22.0,23.0,20.0,22.0,23.0,21.0,10.0,hold,0,0,22.5514
1787153663.7316,2026-08-19 17:34:23.731,10,c3,1,0,-0.03814,-0.49682,0.03972,-3.8353,10.3347,-16.6133,-0.0695,0.0121,-0.3826,2.47141,23.0,24.0,28.0,21.0,27.0,33.0,34.0,26.0,31.0,32.0,34.0,27.0,30.0,37.0,23.0,24.0,31.0,26.0,24.0,21.0,22.0,21.0,21.0,22.0,21.0,22.0,21.0,22.0,21.0,21.0,21.0,22.0,22.0,23.0,20.0,22.0,23.0,21.0,10.0,hold,0,0,22.4954
1787153663.7818,2026-08-19 17:34:23.781,10,c3,1,0,-0.03814,-0.49682,0.03972,-3.707,10.2425,-16.7316,-0.0713,0.0098,-0.3845,2.46487,22.0,25.0,29.0,23.0,27.0,34.0,33.0,25.0,33.0,32.0,35.0,26.0,30.0,38.0,23.0,25.0,30.0,25.0,25.0,21.0,22.0,21.0,21.0,22.0,21.0,22.0,21.0,22.0,21.0,21.0,21.0,22.0,22.0,23.0,20.0,22.0,23.0,21.0,10.0,hold,0,0,22.5537
1787153663.8319,2026-08-19 17:34:23.831,10,c3,0,0,-0.03814,-0.49682,0.03973,-3.8426,9.9915,-16.7342,-0.0644,0.0104,-0.38,2.46059,23.0,26.0,28.0,24.0,27.0,33.0,33.0,26.0,33.0,30.0,37.0,26.0,30.0,35.0,26.0,25.0,29.0,28.0,25.0,21.0,22.0,21.0,21.0,22.0,21.0,22.0,21.0,22.0,21.0,21.0,21.0,22.0,22.0,23.0,20.0,22.0,23.0,21.0,10.0,retract,0,0,22.5917
1787153663.882,2026-08-19 17:34:23.881,10,c3,0,0,-0.03812,-0.49681,0.03972,-4.1758,10.0872,-16.7264,-0.065,0.0005,-0.3834,2.4694,23.0,26.0,28.0,24.0,27.0,33.0,33.0,26.0,33.0,30.0,37.0,26.0,30.0,35.0,26.0,25.0,29.0,28.0,25.0,21.0,22.0,21.0,21.0,22.0,21.0,22.0,21.0,22.0,21.0,21.0,21.0,22.0,22.0,23.0,20.0,22.0,23.0,21.0,10.0,retract,0,0,22.5134
1787153663.9321,2026-08-19 17:34:23.932,10,c3,0,0,-0.03814,-0.4968,0.03975,-3.959,10.0846,-16.8392,-0.0644,0.0067,-0.3868,2.50792,24.0,25.0,25.0,23.0,28.0,31.0,36.0,25.0,32.0,33.0,34.0,27.0,30.0,38.0,25.0,24.0,31.0,27.0,23.0,21.0,22.0,21.0,21.0,22.0,21.0,22.0,21.0,22.0,21.0,21.0,21.0,22.0,22.0,23.0,20.0,22.0,23.0,21.0,10.0,retract,0,0,22.1706
1787153663.9821,2026-08-19 17:34:23.982,10,c3,0,0,-0.03814,-0.4968,0.03984,-3.8503,10.0268,-17.0862,-0.0668,0.0112,-0.3852,2.58194,24.0,25.0,25.0,23.0,28.0,31.0,36.0,25.0,32.0,33.0,34.0,27.0,30.0,38.0,25.0,24.0,31.0,27.0,23.0,21.0,22.0,21.0,21.0,22.0,21.0,22.0,21.0,22.0,21.0,21.0,21.0,22.0,22.0,23.0,20.0,22.0,23.0,21.0,10.0,retract,0,0,21.5121
1787153664.0324,2026-08-19 17:34:24.032,10,c3,0,0,-0.03813,-0.49679,0.03996,-3.8146,10.215,-17.5586,-0.071,0.0112,-0.3822,2.6761,23.0,25.0,28.0,23.0,27.0,34.0,33.0,26.0,30.0,32.0,35.0,27.0,29.0,36.0,22.0,25.0,30.0,27.0,25.0,21.0,22.0,21.0,21.0,22.0,21.0,22.0,21.0,22.0,21.0,21.0,21.0,22.0,22.0,23.0,20.0,22.0,23.0,21.0,10.0,retract,0,0,20.6744
1787153664.0824,2026-08-19 17:34:24.082,10,c3,0,0,-0.03815,-0.4968,0.04015,-4.1452,10.3278,-18.0196,-0.0738,0.0033,-0.3893,2.82868,23.0,25.0,28.0,23.0,27.0,34.0,33.0,26.0,30.0,32.0,35.0,27.0,29.0,36.0,22.0,25.0,30.0,27.0,25.0,21.0,22.0,21.0,21.0,22.0,21.0,22.0,21.0,22.0,21.0,21.0,21.0,22.0,22.0,23.0,20.0,22.0,23.0,21.0,10.0,retract,0,0,19.317
1787153664.1326,2026-08-19 17:34:24.132,10,c3,0,0,-0.03813,-0.4968,0.04035,-3.9215,9.9802,-18.6687,-0.0645,0.011,-0.3863,2.96464,25.0,23.0,28.0,24.0,26.0,34.0,34.0,25.0,32.0,33.0,36.0,25.0,30.0,36.0,26.0,24.0,30.0,27.0,23.0,21.0,22.0,21.0,21.0,22.0,21.0,22.0,21.0,22.0,21.0,21.0,21.0,22.0,22.0,23.0,20.0,22.0,23.0,21.0,10.0,retract,0,0,18.1075
1787153664.1826,2026-08-19 17:34:24.182,10,c3,0,0,-0.03813,-0.49679,0.04056,-4.4706,10.1159,-19.2372,-0.0703,-0.0043,-0.3844,3.10412,23.0,25.0,26.0,23.0,28.0,33.0,35.0,25.0,33.0,30.0,35.0,27.0,30.0,35.0,24.0,24.0,31.0,26.0,26.0,21.0,22.0,21.0,21.0,22.0,21.0,22.0,21.0,22.0,21.0,21.0,21.0,22.0,22.0,23.0,20.0,22.0,23.0,21.0,10.0,retract,0,0,16.8666
1787153664.2327,2026-08-19 17:34:24.232,10,c3,0,0,-0.03812,-0.49678,0.04077,-3.9308,9.7496,-19.5768,-0.0675,0.0119,-0.3808,3.2363,23.0,25.0,26.0,23.0,28.0,33.0,35.0,25.0,33.0,30.0,35.0,27.0,30.0,35.0,24.0,24.0,31.0,26.0,26.0,21.0,22.0,21.0,21.0,22.0,21.0,22.0,21.0,22.0,21.0,21.0,21.0,22.0,22.0,23.0,20.0,22.0,23.0,21.0,10.0,retract,0,0,15.6906
1787153664.2829,2026-08-19 17:34:24.282,10,c3,0,0,-0.03812,-0.49677,0.04105,-3.8282,10.0837,-20.3132,-0.0704,0.0129,-0.3843,3.40474,24.0,26.0,27.0,24.0,29.0,34.0,34.0,27.0,31.0,32.0,34.0,28.0,28.0,35.0,24.0,25.0,29.0,26.0,25.0,21.0,22.0,21.0,21.0,22.0,21.0,22.0,21.0,22.0,21.0,21.0,21.0,22.0,22.0,23.0,20.0,22.0,23.0,21.0,10.0,retract,0,0,14.1922
1787153664.333,2026-08-19 17:34:24.333,10,c3,0,0,-0.0381,-0.49676,0.04137,-3.9259,9.9779,-20.777,-0.0681,0.0121,-0.3839,3.57292,24.0,26.0,27.0,24.0,29.0,34.0,34.0,27.0,31.0,32.0,34.0,28.0,28.0,35.0,24.0,25.0,29.0,26.0,25.0,21.0,22.0,21.0,21.0,22.0,21.0,22.0,21.0,22.0,21.0,21.0,21.0,22.0,22.0,23.0,20.0,22.0,23.0,21.0,10.0,retract,0,0,12.6959
1787153664.3832,2026-08-19 17:34:24.383,10,c3,0,0,-0.03811,-0.49675,0.04169,-4.0447,10.2014,-21.5994,-0.0757,0.0087,-0.3797,3.73507,24.0,25.0,28.0,26.0,28.0,34.0,34.0,27.0,31.0,31.0,34.0,26.0,29.0,33.0,25.0,24.0,28.0,26.0,24.0,21.0,22.0,21.0,21.0,22.0,21.0,22.0,21.0,22.0,21.0,21.0,21.0,22.0,22.0,23.0,20.0,22.0,23.0,21.0,10.0,retract,0,0,11.2534
1787153664.4332,2026-08-19 17:34:24.433,10,c3,0,0,-0.03813,-0.49677,0.04206,-3.8775,10.1586,-22.1738,-0.0721,0.0147,-0.3831,3.90753,24.0,26.0,26.0,24.0,29.0,31.0,33.0,24.0,30.0,31.0,32.0,26.0,28.0,34.0,25.0,25.0,29.0,26.0,25.0,21.0,22.0,21.0,21.0,22.0,21.0,22.0,21.0,22.0,21.0,21.0,21.0,22.0,22.0,23.0,20.0,22.0,23.0,21.0,10.0,retract,0,0,9.7191
1787153664.4835,2026-08-19 17:34:24.483,10,c3,0,0,-0.03814,-0.4968,0.0424,-4.4385,10.4786,-22.6237,-0.0795,-0.0003,-0.3878,4.05482,24.0,26.0,26.0,24.0,29.0,31.0,33.0,24.0,30.0,31.0,32.0,26.0,28.0,34.0,25.0,25.0,29.0,26.0,25.0,21.0,22.0,21.0,21.0,22.0,21.0,22.0,21.0,22.0,21.0,21.0,21.0,22.0,22.0,23.0,20.0,22.0,23.0,21.0,10.0,retract,0,0,8.4088
1787153664.5336,2026-08-19 17:34:24.533,10,c3,0,0,-0.03811,-0.49679,0.04272,-4.2728,10.2016,-23.198,-0.0744,0.0047,-0.3857,4.18901,24.0,25.0,28.0,22.0,28.0,34.0,31.0,24.0,29.0,29.0,32.0,26.0,28.0,31.0,26.0,25.0,28.0,27.0,25.0,21.0,22.0,21.0,21.0,22.0,21.0,22.0,21.0,22.0,21.0,21.0,21.0,22.0,22.0,23.0,20.0,22.0,23.0,21.0,10.0,retract,0,0,7.2149
1787153664.5838,2026-08-19 17:34:24.583,10,c3,0,0,-0.03812,-0.49678,0.04304,-4.375,10.1625,-23.5156,-0.0768,0.003,-0.3941,4.30785,24.0,25.0,28.0,22.0,28.0,34.0,31.0,24.0,29.0,29.0,32.0,26.0,28.0,31.0,26.0,25.0,28.0,27.0,25.0,21.0,22.0,21.0,21.0,22.0,21.0,22.0,21.0,22.0,21.0,21.0,21.0,22.0,22.0,23.0,20.0,22.0,23.0,21.0,10.0,retract,0,0,6.1577
1787153664.6339,2026-08-19 17:34:24.633,10,c3,0,0,-0.03811,-0.49677,0.04336,-4.3024,10.1277,-23.834,-0.0743,0.0068,-0.3851,4.41485,24.0,24.0,26.0,23.0,27.0,30.0,31.0,26.0,29.0,29.0,30.0,27.0,28.0,31.0,23.0,25.0,27.0,24.0,24.0,21.0,22.0,21.0,21.0,22.0,21.0,22.0,21.0,22.0,21.0,21.0,21.0,22.0,22.0,23.0,20.0,22.0,23.0,21.0,10.0,retract,0,0,5.2057
1787153664.6839,2026-08-19 17:34:24.683,10,c3,0,0,-0.03813,-0.49678,0.04371,-4.0697,10.3955,-24.4561,-0.0797,0.0136,-0.3842,4.51959,24.0,25.0,26.0,23.0,27.0,31.0,29.0,25.0,27.0,28.0,30.0,27.0,26.0,28.0,26.0,25.0,25.0,25.0,25.0,21.0,22.0,21.0,21.0,22.0,21.0,22.0,21.0,22.0,21.0,21.0,21.0,22.0,22.0,23.0,20.0,22.0,23.0,21.0,10.0,retract,0,0,4.2739
1787153664.7341,2026-08-19 17:34:24.734,10,c3,0,0,-0.03812,-0.49678,0.04403,-4.1439,10.1882,-24.7229,-0.0762,0.0119,-0.3887,4.60394,24.0,25.0,26.0,23.0,27.0,31.0,29.0,25.0,27.0,28.0,30.0,27.0,26.0,28.0,26.0,25.0,25.0,25.0,25.0,21.0,22.0,21.0,21.0,22.0,21.0,22.0,21.0,22.0,21.0,21.0,21.0,22.0,22.0,23.0,20.0,22.0,23.0,21.0,10.0,retract,0,0,3.5236
1787153664.7842,2026-08-19 17:34:24.784,10,c3,0,0,-0.03814,-0.49679,0.04441,-3.7926,9.5921,-25.032,-0.0666,0.0183,-0.3833,4.68274,22.0,24.0,26.0,23.0,27.0,30.0,29.0,25.0,26.0,27.0,29.0,24.0,25.0,28.0,23.0,25.0,26.0,24.0,24.0,21.0,22.0,21.0,21.0,22.0,21.0,22.0,21.0,22.0,21.0,21.0,21.0,22.0,22.0,23.0,20.0,22.0,23.0,21.0,10.0,retract,0,0,2.8225
1787153664.8343,2026-08-19 17:34:24.834,10,c3,0,0,-0.03814,-0.49679,0.04473,-4.2101,10.124,-25.1882,-0.0747,0.0065,-0.3861,4.69458,22.0,24.0,26.0,23.0,27.0,30.0,29.0,25.0,26.0,27.0,29.0,24.0,25.0,28.0,23.0,25.0,26.0,24.0,24.0,21.0,22.0,21.0,21.0,22.0,21.0,22.0,21.0,22.0,21.0,21.0,21.0,22.0,22.0,23.0,20.0,22.0,23.0,21.0,10.0,retract,0,0,2.7172
1787153664.8844,2026-08-19 17:34:24.884,10,c3,0,0,-0.03812,-0.4968,0.04508,-4.1132,9.8957,-25.0753,-0.0684,0.0121,-0.3858,4.69684,25.0,23.0,24.0,24.0,25.0,29.0,27.0,25.0,24.0,26.0,28.0,25.0,25.0,26.0,25.0,25.0,24.0,25.0,24.0,21.0,22.0,21.0,21.0,22.0,21.0,22.0,21.0,22.0,21.0,21.0,21.0,22.0,22.0,23.0,20.0,22.0,23.0,21.0,10.0,retract,0,0,2.697
1787153664.9345,2026-08-19 17:34:24.934,10,c3,0,0,-0.03813,-0.49681,0.04542,-4.213,10.0186,-25.2452,-0.0717,0.0089,-0.3827,4.68778,23.0,24.0,23.0,23.0,25.0,27.0,27.0,26.0,24.0,25.0,28.0,27.0,25.0,25.0,25.0,25.0,24.0,25.0,24.0,21.0,22.0,21.0,21.0,22.0,21.0,22.0,21.0,22.0,21.0,21.0,21.0,22.0,22.0,23.0,20.0,22.0,23.0,21.0,10.0,retract,0,0,2.7777
1787153664.9847,2026-08-19 17:34:24.984,10,c3,0,0,-0.03813,-0.49678,0.04572,-4.0934,10.2848,-25.0661,-0.0759,0.0113,-0.3901,4.69936,23.0,24.0,23.0,23.0,25.0,27.0,27.0,26.0,24.0,25.0,28.0,27.0,25.0,25.0,25.0,25.0,24.0,25.0,24.0,21.0,22.0,21.0,21.0,22.0,21.0,22.0,21.0,22.0,21.0,21.0,21.0,22.0,22.0,23.0,20.0,22.0,23.0,21.0,10.0,retract,0,0,2.6746
1787153665.0348,2026-08-19 17:34:25.034,10,c3,0,0,-0.03815,-0.49679,0.04607,-4.4751,10.4308,-25.0979,-0.0805,0.0008,-0.3897,4.6913,25.0,23.0,23.0,23.0,25.0,26.0,25.0,26.0,24.0,26.0,26.0,23.0,24.0,28.0,25.0,25.0,25.0,25.0,23.0,21.0,22.0,21.0,21.0,22.0,21.0,22.0,21.0,22.0,21.0,21.0,21.0,22.0,22.0,23.0,20.0,22.0,23.0,21.0,10.0,retract,0,0,2.7463
1787153665.0848,2026-08-19 17:34:25.084,10,c3,0,0,-0.03814,-0.4968,0.04643,-4.1983,10.3419,-25.1105,-0.0748,0.009,-0.3917,4.69357,25.0,23.0,23.0,23.0,25.0,26.0,25.0,26.0,24.0,26.0,26.0,23.0,24.0,28.0,25.0,25.0,25.0,25.0,23.0,21.0,22.0,21.0,21.0,22.0,21.0,22.0,21.0,22.0,21.0,21.0,21.0,22.0,22.0,23.0,20.0,22.0,23.0,21.0,10.0,retract,0,0,2.7261
1787153665.135,2026-08-19 17:34:25.134,10,c3,0,0,-0.03814,-0.49681,0.04678,-4.0752,9.9713,-25.0276,-0.0671,0.0138,-0.39,4.68526,22.0,25.0,24.0,22.0,24.0,25.0,26.0,23.0,24.0,24.0,26.0,22.0,25.0,24.0,24.0,23.0,23.0,26.0,23.0,21.0,22.0,21.0,21.0,22.0,21.0,22.0,21.0,22.0,21.0,21.0,21.0,22.0,22.0,23.0,20.0,22.0,23.0,21.0,10.0,retract,0,0,2.8001
1787153665.1851,2026-08-19 17:34:25.185,10,c3,0,0,-0.03814,-0.49681,0.04711,-4.1913,10.4106,-25.1078,-0.079,0.0085,-0.3905,4.6976,22.0,25.0,24.0,22.0,24.0,25.0,26.0,23.0,24.0,24.0,26.0,22.0,25.0,24.0,24.0,23.0,23.0,26.0,23.0,21.0,22.0,21.0,21.0,22.0,21.0,22.0,21.0,22.0,21.0,21.0,21.0,22.0,22.0,23.0,20.0,22.0,23.0,21.0,10.0,retract,0,0,2.6903
1787153665.2352,2026-08-19 17:34:25.235,10,c3,0,0,-0.03814,-0.49682,0.04746,-4.2463,10.1511,-25.2251,-0.0754,0.0089,-0.3908,4.69105,23.0,23.0,22.0,22.0,23.0,25.0,24.0,25.0,24.0,24.0,25.0,26.0,25.0,25.0,24.0,24.0,23.0,24.0,26.0,21.0,22.0,21.0,21.0,22.0,21.0,22.0,21.0,22.0,21.0,21.0,21.0,22.0,22.0,23.0,20.0,22.0,23.0,21.0,10.0,retract,0,0,2.7485
1787153665.2853,2026-08-19 17:34:25.285,10,c3,0,0,-0.03814,-0.49681,0.04779,-4.5656,10.5796,-25.0883,-0.0812,0.0005,-0.392,4.69886,24.0,24.0,22.0,23.0,24.0,24.0,23.0,23.0,24.0,25.0,28.0,22.0,24.0,25.0,25.0,24.0,23.0,25.0,23.0,21.0,22.0,21.0,21.0,22.0,21.0,22.0,21.0,22.0,21.0,21.0,21.0,22.0,22.0,23.0,20.0,22.0,23.0,21.0,10.0,retract,0,0,2.6791
1787153665.3354,2026-08-19 17:34:25.335,10,c3,0,0,-0.03814,-0.4968,0.04809,-3.9729,10.1446,-25.3784,-0.0757,0.0143,-0.384,4.69231,24.0,24.0,22.0,23.0,24.0,24.0,23.0,23.0,24.0,25.0,28.0,22.0,24.0,25.0,25.0,24.0,23.0,25.0,23.0,21.0,22.0,21.0,21.0,22.0,21.0,22.0,21.0,22.0,21.0,21.0,21.0,22.0,22.0,23.0,20.0,22.0,23.0,21.0,10.0,retract,0,0,2.7373
1787153665.3855,2026-08-19 17:34:25.385,10,c3,0,0,-0.03812,-0.4968,0.04838,-4.2456,10.2622,-25.27,-0.0751,0.0087,-0.3851,4.70087,21.0,24.0,22.0,21.0,25.0,26.0,25.0,24.0,24.0,24.0,26.0,22.0,24.0,24.0,24.0,24.0,23.0,26.0,24.0,21.0,22.0,21.0,21.0,22.0,21.0,22.0,21.0,22.0,21.0,21.0,21.0,22.0,22.0,23.0,20.0,22.0,23.0,21.0,10.0,retract,0,0,2.6612
1787153665.4356,2026-08-19 17:34:25.435,10,c3,0,0,-0.03811,-0.4968,0.04866,-4.0234,10.1582,-25.1668,-0.0747,0.0141,-0.3864,4.69785,21.0,24.0,22.0,21.0,25.0,26.0,25.0,24.0,24.0,24.0,26.0,22.0,24.0,24.0,24.0,24.0,23.0,26.0,24.0,21.0,22.0,21.0,21.0,22.0,21.0,22.0,21.0,22.0,21.0,21.0,21.0,22.0,22.0,23.0,20.0,22.0,23.0,21.0,10.0,retract,0,0,2.6881
1787153665.4857,2026-08-19 17:34:25.485,10,c3,0,0,-0.03813,-0.49681,0.04891,-4.3302,10.1724,-25.2002,-0.077,0.0058,-0.3889,4.69709,21.0,23.0,23.0,20.0,25.0,24.0,25.0,22.0,23.0,24.0,24.0,20.0,23.0,25.0,23.0,23.0,26.0,23.0,21.0,21.0,22.0,21.0,21.0,22.0,21.0,22.0,21.0,22.0,21.0,21.0,21.0,22.0,22.0,23.0,20.0,22.0,23.0,21.0,10.0,retract,0,0,2.6948
1787153665.5359,2026-08-19 17:34:25.535,10,c3,0,0,-0.03815,-0.49681,0.04914,-4.0808,9.9712,-25.1098,-0.0693,0.0117,-0.3805,4.69206,21.0,23.0,23.0,21.0,23.0,26.0,23.0,22.0,23.0,23.0,25.0,22.0,24.0,24.0,23.0,22.0,23.0,23.0,21.0,21.0,22.0,21.0,21.0,22.0,21.0,22.0,21.0,22.0,21.0,21.0,21.0,22.0,22.0,23.0,20.0,22.0,23.0,21.0,10.0,retract,0,0,2.7396
1787153665.586,2026-08-19 17:34:25.585,10,c3,0,0,-0.03814,-0.49681,0.04932,-4.3433,10.2288,-25.1195,-0.0801,0.0058,-0.3844,4.69231,21.0,23.0,23.0,21.0,23.0,26.0,23.0,22.0,23.0,23.0,25.0,22.0,24.0,24.0,23.0,22.0,23.0,23.0,21.0,21.0,22.0,21.0,21.0,22.0,21.0,22.0,21.0,22.0,21.0,21.0,21.0,22.0,22.0,23.0,20.0,22.0,23.0,21.0,10.0,retract,0,0,2.7373
1787153665.6361,2026-08-19 17:34:25.636,10,c3,0,0,-0.03814,-0.49681,0.04943,-3.9681,10.0282,-25.1318,-0.0702,0.0159,-0.3798,4.70011,23.0,23.0,22.0,21.0,23.0,24.0,22.0,25.0,24.0,26.0,26.0,24.0,23.0,27.0,23.0,25.0,26.0,25.0,22.0,21.0,22.0,21.0,21.0,22.0,21.0,22.0,21.0,22.0,21.0,21.0,21.0,22.0,22.0,23.0,20.0,22.0,23.0,21.0,10.0,retract,0,0,2.6679
1787153665.6861,2026-08-19 17:34:25.686,10,c3,0,0,-0.03814,-0.49679,0.04949,-4.0526,10.0021,-25.4408,-0.0673,0.0146,-0.3852,4.68954,23.0,23.0,22.0,21.0,23.0,24.0,22.0,25.0,24.0,26.0,26.0,24.0,23.0,27.0,23.0,25.0,26.0,25.0,22.0,21.0,22.0,21.0,21.0,22.0,21.0,22.0,21.0,22.0,21.0,21.0,21.0,22.0,22.0,23.0,20.0,22.0,23.0,21.0,10.0,retract,0,0,2.762
1787153665.7362,2026-08-19 17:34:25.736,10,c3,0,0,-0.03813,-0.49679,0.04956,-4.1222,10.0653,-25.2264,-0.0705,0.012,-0.3834,4.69105,22.0,24.0,24.0,22.0,23.0,27.0,24.0,23.0,21.0,22.0,25.0,22.0,22.0,24.0,23.0,23.0,24.0,24.0,23.0,21.0,22.0,21.0,21.0,22.0,21.0,22.0,21.0,22.0,21.0,21.0,21.0,22.0,22.0,23.0,20.0,22.0,23.0,21.0,10.0,retract,0,0,2.7485
1787153665.7865,2026-08-19 17:34:25.786,10,c3,0,0,-0.03812,-0.49679,0.04961,-4.1155,10.1371,-25.116,-0.0734,0.0093,-0.3826,4.68677,22.0,20.0,20.0,20.0,21.0,24.0,25.0,21.0,21.0,23.0,27.0,22.0,23.0,25.0,23.0,22.0,24.0,25.0,21.0,21.0,22.0,21.0,21.0,22.0,21.0,22.0,21.0,22.0,21.0,21.0,21.0,22.0,22.0,23.0,20.0,22.0,23.0,21.0,10.0,retract,0,0,2.7866
1787153665.8366,2026-08-19 17:34:25.836,10,c3,0,0,-0.03814,-0.49679,0.04965,-3.9445,10.3056,-25.4942,-0.078,0.019,-0.3781,4.6908,22.0,20.0,20.0,20.0,21.0,24.0,25.0,21.0,21.0,23.0,27.0,22.0,23.0,25.0,23.0,22.0,24.0,25.0,21.0,21.0,22.0,21.0,21.0,22.0,21.0,22.0,21.0,22.0,21.0,21.0,21.0,22.0,22.0,23.0,20.0,22.0,23.0,21.0,10.0,post,0,0,2.7508
1787153665.8867,2026-08-19 17:34:25.886,10,c3,0,0,-0.03814,-0.4968,0.04968,-4.2592,10.281,-25.3712,-0.0762,0.0107,-0.3932,4.69659,22.0,22.0,22.0,22.0,23.0,25.0,25.0,22.0,23.0,23.0,26.0,21.0,24.0,24.0,22.0,23.0,24.0,25.0,22.0,21.0,22.0,21.0,21.0,22.0,21.0,22.0,21.0,22.0,21.0,21.0,21.0,22.0,22.0,23.0,20.0,22.0,23.0,21.0,10.0,post,0,0,2.6993
1787153665.9368,2026-08-19 17:34:25.936,10,c3,0,0,-0.03811,-0.49681,0.04971,-4.1045,10.1774,-25.351,-0.0788,0.0094,-0.3901,4.69155,22.0,22.0,22.0,22.0,23.0,25.0,25.0,22.0,23.0,23.0,26.0,21.0,24.0,24.0,22.0,23.0,24.0,25.0,22.0,21.0,22.0,21.0,21.0,22.0,21.0,22.0,21.0,22.0,21.0,21.0,21.0,22.0,22.0,23.0,20.0,22.0,23.0,21.0,10.0,post,0,0,2.7441
1787153665.9869,2026-08-19 17:34:25.986,10,c3,0,0,-0.03811,-0.49681,0.04971,-4.315,10.3155,-25.1191,-0.074,0.0053,-0.3883,4.69181,23.0,23.0,24.0,21.0,24.0,25.0,23.0,23.0,22.0,23.0,25.0,23.0,23.0,24.0,23.0,23.0,25.0,25.0,24.0,21.0,22.0,21.0,21.0,22.0,21.0,22.0,21.0,22.0,21.0,21.0,21.0,22.0,22.0,23.0,20.0,22.0,23.0,21.0,10.0,post,0,0,2.7418
1787153666.037,2026-08-19 17:34:26.037,10,c3,0,0,-0.03814,-0.49681,0.0497,-4.0659,9.8882,-24.9708,-0.0654,0.0169,-0.3912,4.6903,23.0,23.0,24.0,21.0,24.0,25.0,23.0,23.0,22.0,23.0,25.0,23.0,23.0,24.0,23.0,23.0,25.0,25.0,24.0,21.0,22.0,21.0,21.0,22.0,21.0,22.0,21.0,22.0,21.0,21.0,21.0,22.0,22.0,23.0,20.0,22.0,23.0,21.0,10.0,post,0,0,2.7553
1787153666.0871,2026-08-19 17:34:26.087,10,c3,0,0,-0.03813,-0.49681,0.04971,-4.5592,10.3549,-25.0014,-0.0784,0.0023,-0.3901,4.684,23.0,23.0,22.0,21.0,23.0,24.0,22.0,22.0,21.0,23.0,26.0,22.0,23.0,24.0,22.0,23.0,24.0,24.0,23.0,21.0,22.0,21.0,21.0,22.0,21.0,22.0,21.0,22.0,21.0,21.0,21.0,22.0,22.0,23.0,20.0,22.0,23.0,21.0,10.0,post,0,0,2.8113
1787153666.1373,2026-08-19 17:34:26.137,10,c3,0,0,-0.03813,-0.49681,0.04971,-4.1436,10.2347,-25.0078,-0.0784,0.012,-0.3864,4.69458,22.0,22.0,23.0,21.0,24.0,25.0,24.0,21.0,22.0,23.0,25.0,21.0,23.0,23.0,24.0,24.0,23.0,24.0,22.0,21.0,22.0,21.0,21.0,22.0,21.0,22.0,21.0,22.0,21.0,21.0,21.0,22.0,22.0,23.0,20.0,22.0,23.0,21.0,10.0,post,0,0,2.7172
1787153666.1875,2026-08-19 17:34:26.187,10,c3,0,0,-0.03813,-0.49681,0.04971,-4.1427,10.327,-25.2612,-0.0771,0.0131,-0.3856,4.69004,22.0,22.0,23.0,21.0,24.0,25.0,24.0,21.0,22.0,23.0,25.0,21.0,23.0,23.0,24.0,24.0,23.0,24.0,22.0,21.0,22.0,21.0,21.0,22.0,21.0,22.0,21.0,22.0,21.0,21.0,21.0,22.0,22.0,23.0,20.0,22.0,23.0,21.0,10.0,post,0,0,2.7575
1787153666.2377,2026-08-19 17:34:26.237,10,c3,0,0,-0.03813,-0.49681,0.04971,-4.3249,9.9509,-25.2236,-0.0671,0.0048,-0.3792,4.69961,20.0,21.0,22.0,18.0,23.0,24.0,24.0,24.0,23.0,23.0,26.0,23.0,25.0,24.0,24.0,22.0,23.0,25.0,21.0,21.0,22.0,21.0,21.0,22.0,21.0,22.0,21.0,22.0,21.0,21.0,21.0,22.0,22.0,23.0,20.0,22.0,23.0,21.0,10.0,post,0,0,2.6724
1787153666.2878,2026-08-19 17:34:26.287,10,c3,0,0,-0.03814,-0.49681,0.04971,-3.9412,10.2635,-25.23,-0.0765,0.0147,-0.3741,4.6908,20.0,21.0,22.0,18.0,23.0,24.0,24.0,24.0,23.0,23.0,26.0,23.0,25.0,24.0,24.0,22.0,23.0,25.0,21.0,21.0,22.0,21.0,21.0,22.0,21.0,22.0,21.0,22.0,21.0,21.0,21.0,22.0,22.0,23.0,20.0,22.0,23.0,21.0,10.0,post,0,0,2.7508
1787153666.3379,2026-08-19 17:34:26.337,10,c3,0,0,-0.03813,-0.49681,0.04971,-4.1538,10.143,-25.2567,-0.0747,0.0102,-0.3817,4.69432,22.0,23.0,22.0,22.0,25.0,23.0,24.0,22.0,23.0,23.0,24.0,21.0,25.0,24.0,22.0,23.0,26.0,22.0,22.0,21.0,22.0,21.0,21.0,22.0,21.0,22.0,21.0,22.0,21.0,21.0,21.0,22.0,22.0,23.0,20.0,22.0,23.0,21.0,10.0,post,0,0,2.7194
1787153666.388,2026-08-19 17:34:26.387,10,c3,0,0,-0.03815,-0.49681,0.0497,-4.5577,10.0408,-25.1195,-0.0732,0.004,-0.3949,4.69004,22.0,23.0,22.0,20.0,24.0,24.0,23.0,22.0,22.0,24.0,27.0,21.0,23.0,26.0,24.0,21.0,25.0,25.0,21.0,21.0,22.0,21.0,21.0,22.0,21.0,22.0,21.0,22.0,21.0,21.0,21.0,22.0,22.0,23.0,20.0,22.0,23.0,21.0,10.0,post,0,0,2.7575
1787153666.4381,2026-08-19 17:34:26.438,10,c3,0,0,-0.03813,-0.49681,0.04971,-4.1429,10.2832,-25.1611,-0.0789,0.0126,-0.389,4.69735,22.0,23.0,22.0,20.0,24.0,24.0,23.0,22.0,22.0,24.0,27.0,21.0,23.0,26.0,24.0,21.0,25.0,25.0,21.0,21.0,22.0,21.0,21.0,22.0,21.0,22.0,21.0,22.0,21.0,21.0,21.0,22.0,22.0,23.0,20.0,22.0,23.0,21.0,10.0,post,0,0,2.6925
1787153666.4882,2026-08-19 17:34:26.488,10,c3,0,0,-0.03814,-0.49681,0.0497,-4.5051,10.5637,-25.0794,-0.0841,0.0028,-0.3946,4.68803,21.0,23.0,22.0,21.0,23.0,25.0,26.0,22.0,21.0,23.0,25.0,22.0,23.0,24.0,23.0,21.0,23.0,23.0,21.0,21.0,22.0,21.0,21.0,22.0,21.0,22.0,21.0,22.0,21.0,21.0,21.0,22.0,22.0,23.0,20.0,22.0,23.0,21.0,10.0,post,0,0,2.7754
1787153666.5383,2026-08-19 17:34:26.538,10,c3,0,0,-0.03814,-0.4968,0.0497,-4.1216,10.2782,-25.2571,-0.078,0.0083,-0.3822,4.69583,21.0,23.0,22.0,21.0,23.0,25.0,26.0,22.0,21.0,23.0,25.0,22.0,23.0,24.0,23.0,21.0,23.0,23.0,21.0,21.0,22.0,21.0,21.0,22.0,21.0,22.0,21.0,22.0,21.0,21.0,21.0,22.0,22.0,23.0,20.0,22.0,23.0,21.0,10.0,post,0,0,2.706
1787153666.5884,2026-08-19 17:34:26.588,10,c3,0,0,-0.03812,-0.49679,0.04969,-4.2101,9.9923,-25.2387,-0.0718,0.005,-0.3851,4.68929,23.0,22.0,24.0,20.0,22.0,25.0,24.0,22.0,22.0,23.0,25.0,22.0,24.0,25.0,22.0,21.0,23.0,22.0,23.0,21.0,22.0,21.0,21.0,22.0,21.0,22.0,21.0,22.0,21.0,21.0,21.0,22.0,22.0,23.0,20.0,22.0,23.0,21.0,10.0,post,0,0,2.7642
1787153666.6385,2026-08-19 17:34:26.638,10,c3,0,0,-0.03815,-0.49681,0.0497,-4.4829,10.3534,-25.1829,-0.0779,0.0034,-0.3864,4.68803,22.0,22.0,21.0,21.0,23.0,23.0,22.0,23.0,22.0,24.0,25.0,23.0,24.0,24.0,22.0,23.0,24.0,23.0,23.0,21.0,22.0,21.0,21.0,22.0,21.0,22.0,21.0,22.0,21.0,21.0,21.0,22.0,22.0,23.0,20.0,22.0,23.0,21.0,10.0,post,0,0,2.7754
1787153666.6886,2026-08-19 17:34:26.688,10,c3,0,0,-0.03812,-0.49681,0.0497,-3.832,9.9104,-25.2303,-0.0698,0.0184,-0.3802,4.69986,22.0,22.0,21.0,21.0,23.0,23.0,22.0,23.0,22.0,24.0,25.0,23.0,24.0,24.0,22.0,23.0,24.0,23.0,23.0,21.0,22.0,21.0,21.0,22.0,21.0,22.0,21.0,22.0,21.0,21.0,21.0,22.0,22.0,23.0,20.0,22.0,23.0,21.0,10.0,post,0,0,2.6701
1787153666.7388,2026-08-19 17:34:26.738,10,c3,0,0,-0.03815,-0.4968,0.04971,-4.2041,9.9823,-25.3109,-0.0712,0.009,-0.3845,4.68501,21.0,22.0,23.0,21.0,23.0,26.0,22.0,24.0,23.0,25.0,27.0,22.0,24.0,25.0,24.0,23.0,24.0,24.0,23.0,21.0,22.0,21.0,21.0,22.0,21.0,22.0,21.0,22.0,21.0,21.0,21.0,22.0,22.0,23.0,20.0,22.0,23.0,21.0,10.0,post,0,0,2.8023
1787153666.7889,2026-08-19 17:34:26.788,10,c3,0,0,-0.03816,-0.49682,0.04971,-4.7069,10.4521,-25.0573,-0.0799,-0.0032,-0.3844,4.69709,21.0,22.0,23.0,21.0,23.0,26.0,22.0,24.0,23.0,25.0,27.0,22.0,24.0,25.0,24.0,23.0,24.0,24.0,23.0,21.0,22.0,21.0,21.0,22.0,21.0,22.0,21.0,22.0,21.0,21.0,21.0,22.0,22.0,23.0,20.0,22.0,23.0,21.0,10.0,post,0,0,2.6948
1787153666.839,2026-08-19 17:34:26.839,10,c3,0,0,-0.03814,-0.49681,0.04971,-4.3047,10.2493,-25.2452,-0.0773,0.0086,-0.3848,4.68803,22.0,22.0,24.0,21.0,23.0,24.0,23.0,22.0,24.0,23.0,24.0,20.0,24.0,24.0,24.0,21.0,25.0,23.0,21.0,21.0,22.0,21.0,21.0,22.0,21.0,22.0,21.0,22.0,21.0,21.0,21.0,22.0,22.0,23.0,20.0,22.0,23.0,21.0,10.0,post,0,0,2.7754
1787153666.8892,2026-08-19 17:34:26.889,10,c3,0,0,-0.03812,-0.49681,0.04971,-4.2703,10.168,-25.0439,-0.0753,0.0084,-0.3836,4.69483,20.0,23.0,22.0,19.0,25.0,23.0,23.0,21.0,23.0,23.0,24.0,21.0,25.0,23.0,23.0,22.0,24.0,23.0,22.0,21.0,22.0,21.0,21.0,22.0,21.0,22.0,21.0,22.0,21.0,21.0,21.0,22.0,22.0,23.0,20.0,22.0,23.0,21.0,10.0,post,0,0,2.7149
1787153666.9394,2026-08-19 17:34:26.939,10,c3,0,0,-0.03813,-0.4968,0.04971,-4.1374,9.9472,-25.2905,-0.0674,0.0117,-0.3835,4.69231,20.0,23.0,22.0,19.0,25.0,23.0,23.0,21.0,23.0,23.0,24.0,21.0,25.0,23.0,23.0,22.0,24.0,23.0,22.0,21.0,22.0,21.0,21.0,22.0,21.0,22.0,21.0,22.0,21.0,21.0,21.0,22.0,22.0,23.0,20.0,22.0,23.0,21.0,10.0,post,0,0,2.7373
1787153666.9895,2026-08-19 17:34:26.989,10,c3,0,0,-0.03813,-0.49682,0.04972,-4.0571,10.2381,-25.2619,-0.0768,0.0145,-0.3809,4.69609,20.0,24.0,22.0,20.0,23.0,23.0,23.0,22.0,21.0,25.0,25.0,21.0,24.0,25.0,23.0,22.0,24.0,23.0,23.0,21.0,22.0,21.0,21.0,22.0,21.0,22.0,21.0,22.0,21.0,21.0,21.0,22.0,22.0,23.0,20.0,22.0,23.0,21.0,10.0,post,0,0,2.7037
1787153667.0396,2026-08-19 17:34:27.039,10,c3,0,0,-0.03815,-0.49682,0.04972,-4.0218,10.2069,-25.1929,-0.0788,0.0173,-0.3797,4.68828,20.0,24.0,22.0,20.0,23.0,23.0,23.0,22.0,21.0,25.0,25.0,21.0,24.0,25.0,23.0,22.0,24.0,23.0,23.0,21.0,22.0,21.0,21.0,22.0,21.0,22.0,21.0,22.0,21.0,21.0,21.0,22.0,22.0,23.0,20.0,22.0,23.0,21.0,10.0,post,0,0,2.7732
1787153667.0896,2026-08-19 17:34:27.089,10,c3,0,0,-0.03814,-0.4968,0.0497,-4.2528,10.1731,-25.2186,-0.0738,0.0082,-0.3855,4.69256,20.0,23.0,24.0,20.0,23.0,25.0,25.0,21.0,22.0,24.0,25.0,21.0,25.0,25.0,22.0,20.0,25.0,24.0,20.0,21.0,22.0,21.0,21.0,22.0,21.0,22.0,21.0,22.0,21.0,21.0,21.0,22.0,22.0,23.0,20.0,22.0,23.0,21.0,10.0,post,0,0,2.7351
1787153667.1398,2026-08-19 17:34:27.139,10,c3,0,0,-0.03813,-0.4968,0.0497,-3.8248,9.6909,-25.391,-0.0657,0.02,-0.3734,4.68702,20.0,23.0,24.0,20.0,23.0,25.0,25.0,21.0,22.0,24.0,25.0,21.0,25.0,25.0,22.0,20.0,25.0,24.0,20.0,21.0,22.0,21.0,21.0,22.0,21.0,22.0,21.0,22.0,21.0,21.0,21.0,22.0,22.0,23.0,20.0,22.0,23.0,21.0,10.0,post,0,0,2.7844
1787153667.1898,2026-08-19 17:34:27.189,10,c3,0,0,-0.03813,-0.49681,0.04972,-4.0938,10.0874,-25.0459,-0.0778,0.0119,-0.3859,4.69306,21.0,23.0,26.0,20.0,24.0,27.0,23.0,21.0,22.0,23.0,25.0,21.0,23.0,24.0,23.0,22.0,25.0,23.0,22.0,21.0,22.0,21.0,21.0,22.0,21.0,22.0,21.0,22.0,21.0,21.0,21.0,22.0,22.0,23.0,20.0,22.0,23.0,21.0,10.0,post,0,0,2.7306
1787153667.2399,2026-08-19 17:34:27.239,10,c3,0,0,-0.03813,-0.4968,0.0497,-3.9902,10.3653,-25.2711,-0.0772,0.0145,-0.3842,4.69432,22.0,23.0,23.0,21.0,24.0,24.0,22.0,21.0,23.0,24.0,23.0,21.0,24.0,24.0,22.0,21.0,23.0,23.0,23.0,21.0,22.0,21.0,21.0,22.0,21.0,22.0,21.0,22.0,21.0,21.0,21.0,22.0,22.0,23.0,20.0,22.0,23.0,21.0,10.0,post,0,0,2.7194
1787153667.29,2026-08-19 17:34:27.290,10,c3,0,0,-0.03814,-0.49681,0.04971,-3.9014,9.9856,-25.2621,-0.0717,0.0174,-0.3855,4.68778,22.0,23.0,23.0,21.0,24.0,24.0,22.0,21.0,23.0,24.0,23.0,21.0,24.0,24.0,22.0,21.0,23.0,23.0,23.0,21.0,22.0,21.0,21.0,22.0,21.0,22.0,21.0,22.0,21.0,21.0,21.0,22.0,22.0,23.0,20.0,22.0,23.0,21.0,10.0,post,0,0,2.7777
1787153667.3401,2026-08-19 17:34:27.340,10,c3,0,0,-0.03814,-0.4968,0.04971,-4.1128,10.2099,-25.2041,-0.0794,0.0139,-0.3915,4.69609,21.0,24.0,24.0,21.0,24.0,24.0,23.0,22.0,22.0,24.0,24.0,23.0,22.0,24.0,22.0,22.0,23.0,22.0,22.0,21.0,22.0,21.0,21.0,22.0,21.0,22.0,21.0,22.0,21.0,21.0,21.0,22.0,22.0,23.0,20.0,22.0,23.0,21.0,10.0,post,0,0,2.7037
1787153667.3902,2026-08-19 17:34:27.390,10,c3,0,0,-0.03815,-0.49681,0.0497,-4.2995,10.2763,-25.037,-0.0777,0.0092,-0.382,4.68476,21.0,24.0,24.0,21.0,24.0,24.0,23.0,22.0,22.0,24.0,24.0,23.0,22.0,24.0,22.0,22.0,23.0,22.0,22.0,21.0,22.0,21.0,21.0,22.0,21.0,22.0,21.0,22.0,21.0,21.0,21.0,22.0,22.0,23.0,20.0,22.0,23.0,21.0,10.0,post,0,0,2.8045
1787153667.4403,2026-08-19 17:34:27.440,10,c3,0,0,-0.03814,-0.4968,0.04971,-4.223,10.1012,-25.1407,-0.0726,0.0106,-0.3822,4.69659,20.0,23.0,23.0,21.0,24.0,25.0,22.0,23.0,23.0,23.0,25.0,21.0,24.0,24.0,22.0,22.0,23.0,24.0,22.0,21.0,22.0,21.0,21.0,22.0,21.0,22.0,21.0,22.0,21.0,21.0,21.0,22.0,22.0,23.0,20.0,22.0,23.0,21.0,10.0,post,0,0,2.6993
1787153667.4904,2026-08-19 17:34:27.490,10,c3,0,0,-0.03814,-0.4968,0.04971,-4.1389,10.3912,-25.047,-0.0778,0.0092,-0.3887,4.68602,22.0,23.0,23.0,20.0,24.0,24.0,25.0,22.0,22.0,22.0,24.0,21.0,23.0,23.0,22.0,21.0,22.0,23.0,24.0,21.0,22.0,21.0,21.0,22.0,21.0,22.0,21.0,22.0,21.0,21.0,21.0,22.0,22.0,23.0,20.0,22.0,23.0,21.0,10.0,post,0,0,2.7933
1787153667.5405,2026-08-19 17:34:27.540,10,c3,0,0,-0.03815,-0.49681,0.04971,-4.2237,10.2451,-25.3321,-0.0734,0.0104,-0.3821,4.69458,22.0,23.0,23.0,20.0,24.0,24.0,25.0,22.0,22.0,22.0,24.0,21.0,23.0,23.0,22.0,21.0,22.0,23.0,24.0,21.0,22.0,21.0,21.0,22.0,21.0,22.0,21.0,22.0,21.0,21.0,21.0,22.0,22.0,23.0,20.0,22.0,23.0,21.0,10.0,post,0,0,2.7172
1787153667.5906,2026-08-19 17:34:27.590,10,c3,0,0,-0.03814,-0.49681,0.04972,-4.5234,10.0753,-25.2009,-0.0749,0.0006,-0.3897,4.68803,21.0,22.0,21.0,20.0,24.0,22.0,22.0,23.0,22.0,24.0,25.0,23.0,23.0,24.0,24.0,25.0,25.0,22.0,24.0,21.0,22.0,21.0,21.0,22.0,21.0,22.0,21.0,22.0,21.0,21.0,21.0,22.0,22.0,23.0,20.0,22.0,23.0,21.0,10.0,post,0,0,2.7754
1787153667.6407,2026-08-19 17:34:27.640,10,c3,0,0,-0.03813,-0.49681,0.04971,-4.4265,10.0671,-25.3228,-0.0718,0.0035,-0.3843,4.68652,21.0,22.0,21.0,20.0,24.0,22.0,22.0,23.0,22.0,24.0,25.0,23.0,23.0,24.0,24.0,25.0,25.0,22.0,24.0,21.0,22.0,21.0,21.0,22.0,21.0,22.0,21.0,22.0,21.0,21.0,21.0,22.0,22.0,23.0,20.0,22.0,23.0,21.0,10.0,post,0,0,2.7889
1787153667.6908,2026-08-19 17:34:27.690,10,c3,0,0,-0.03814,-0.4968,0.0497,-4.2814,10.1776,-25.1205,-0.0727,0.0097,-0.3792,4.69558,23.0,23.0,22.0,22.0,23.0,24.0,23.0,21.0,21.0,25.0,24.0,22.0,23.0,25.0,22.0,22.0,24.0,24.0,22.0,21.0,22.0,21.0,21.0,22.0,21.0,22.0,21.0,22.0,21.0,21.0,21.0,22.0,22.0,23.0,20.0,22.0,23.0,21.0,10.0,post,0,0,2.7082
1787153667.7409,2026-08-19 17:34:27.740,10,c3,0,0,-0.03812,-0.49682,0.04971,-4.2098,10.2265,-25.3523,-0.0755,0.011,-0.3854,4.684,21.0,23.0,23.0,20.0,23.0,25.0,23.0,22.0,23.0,23.0,24.0,23.0,22.0,24.0,21.0,23.0,24.0,23.0,22.0,21.0,22.0,21.0,21.0,22.0,21.0,22.0,21.0,22.0,21.0,21.0,21.0,22.0,22.0,23.0,20.0,22.0,23.0,21.0,10.0,post,0,0,2.8113
1787153667.791,2026-08-19 17:34:27.791,10,c3,0,0,-0.03815,-0.4968,0.04969,-4.2823,9.9026,-25.0785,-0.0684,0.0073,-0.3885,4.69634,21.0,23.0,23.0,20.0,23.0,25.0,23.0,22.0,23.0,23.0,24.0,23.0,22.0,24.0,21.0,23.0,24.0,23.0,22.0,21.0,22.0,21.0,21.0,22.0,21.0,22.0,21.0,22.0,21.0,21.0,21.0,22.0,22.0,23.0,20.0,22.0,23.0,21.0,10.0,post,0,0,2.7015
1787153667.8412,2026-08-19 17:34:27.841,10,c3,0,0,-0.03813,-0.4968,0.0497,-4.3747,10.164,-25.1348,-0.0741,0.0063,-0.3874,4.68954,21.0,22.0,21.0,21.0,23.0,23.0,23.0,22.0,22.0,23.0,24.0,20.0,23.0,22.0,24.0,23.0,22.0,25.0,22.0,21.0,22.0,21.0,21.0,22.0,21.0,22.0,21.0,22.0,21.0,21.0,21.0,22.0,22.0,23.0,20.0,22.0,23.0,21.0,10.0,locate,1,1,2.762
1787153667.8912,2026-08-19 17:34:27.891,10,c3,0,0,-0.03813,-0.4968,0.0497,-4.709,10.4066,-24.9456,-0.079,-0.0013,-0.3861,4.69659,21.0,22.0,21.0,21.0,23.0,23.0,23.0,22.0,22.0,23.0,24.0,20.0,23.0,22.0,24.0,23.0,22.0,25.0,22.0,21.0,22.0,21.0,21.0,22.0,21.0,22.0,21.0,22.0,21.0,21.0,21.0,22.0,22.0,23.0,20.0,22.0,23.0,21.0,10.0,locate,1,1,2.6993
1787153667.9414,2026-08-19 17:34:27.941,10,c3,0,0,-0.03814,-0.4968,0.04971,-4.4165,10.085,-24.9707,-0.0716,0.0062,-0.3834,4.68602,21.0,20.0,21.0,20.0,22.0,22.0,24.0,25.0,21.0,23.0,25.0,23.0,22.0,23.0,21.0,24.0,23.0,22.0,23.0,21.0,22.0,21.0,21.0,22.0,21.0,22.0,21.0,22.0,21.0,21.0,21.0,22.0,22.0,23.0,20.0,22.0,23.0,21.0,10.0,locate,1,1,2.7933
1787153667.9915,2026-08-19 17:34:27.991,10,c3,0,0,-0.03811,-0.4968,0.04971,-4.5236,10.2324,-25.1602,-0.0739,0.0048,-0.3873,4.69583,21.0,22.0,22.0,21.0,23.0,24.0,24.0,23.0,23.0,24.0,24.0,22.0,25.0,24.0,24.0,23.0,23.0,22.0,23.0,21.0,22.0,21.0,21.0,22.0,21.0,22.0,21.0,22.0,21.0,21.0,21.0,22.0,22.0,23.0,20.0,22.0,23.0,21.0,10.0,locate,1,1,2.706
1787153668.0416,2026-08-19 17:34:28.041,10,c3,0,0,-0.03812,-0.49681,0.0497,-4.3602,10.1553,-25.2141,-0.0718,0.0056,-0.3873,4.68828,21.0,22.0,22.0,21.0,23.0,24.0,24.0,23.0,23.0,24.0,24.0,22.0,25.0,24.0,24.0,23.0,23.0,22.0,23.0,21.0,22.0,21.0,21.0,22.0,21.0,22.0,21.0,22.0,21.0,21.0,21.0,22.0,22.0,23.0,20.0,22.0,23.0,21.0,10.0,locate,1,1,2.7732
1787153668.0916,2026-08-19 17:34:28.091,10,c3,0,0,-0.03814,-0.49681,0.0497,-3.862,9.8467,-25.4772,-0.0672,0.019,-0.3747,4.69785,22.0,22.0,23.0,21.0,24.0,24.0,23.0,23.0,23.0,22.0,24.0,22.0,24.0,22.0,21.0,22.0,23.0,22.0,24.0,21.0,22.0,21.0,21.0,22.0,21.0,22.0,21.0,22.0,21.0,21.0,21.0,22.0,22.0,23.0,20.0,22.0,23.0,21.0,10.0,locate,1,1,2.6881
1787153668.1417,2026-08-19 17:34:28.141,10,c3,0,0,-0.03815,-0.49682,0.04972,-4.4397,10.3427,-25.0631,-0.0782,0.0026,-0.3947,4.68375,22.0,22.0,23.0,21.0,24.0,24.0,23.0,23.0,23.0,22.0,24.0,22.0,24.0,22.0,21.0,22.0,23.0,22.0,24.0,21.0,22.0,21.0,21.0,22.0,21.0,22.0,21.0,22.0,21.0,21.0,21.0,22.0,22.0,23.0,20.0,22.0,23.0,21.0,10.0,locate,1,1,2.8135
1787153668.1918,2026-08-19 17:34:28.191,10,c3,0,0,-0.03814,-0.4968,0.04971,-4.1065,10.1553,-25.2013,-0.0751,0.0117,-0.3867,4.6976,21.0,22.0,20.0,21.0,24.0,22.0,23.0,22.0,23.0,25.0,24.0,20.0,22.0,24.0,23.0,21.0,24.0,21.0,23.0,21.0,22.0,21.0,21.0,22.0,21.0,22.0,21.0,22.0,21.0,21.0,21.0,22.0,22.0,23.0,20.0,22.0,23.0,21.0,10.0,locate,1,1,2.6903
1787153668.2419,2026-08-19 17:34:28.241,10,c3,0,0,-0.03815,-0.49681,0.04972,-4.2501,10.3756,-25.2294,-0.0754,0.0098,-0.3843,4.68677,21.0,22.0,20.0,21.0,24.0,22.0,23.0,22.0,23.0,25.0,24.0,20.0,22.0,24.0,23.0,21.0,24.0,21.0,23.0,21.0,22.0,21.0,21.0,22.0,21.0,22.0,21.0,22.0,21.0,21.0,21.0,22.0,22.0,23.0,20.0,22.0,23.0,21.0,10.0,locate,1,1,2.7866
1787153668.292,2026-08-19 17:34:28.291,10,c3,0,0,-0.03813,-0.49681,0.0497,-4.2224,10.4472,-25.0286,-0.0827,0.0089,-0.3813,4.69936,20.0,23.0,23.0,20.0,24.0,24.0,22.0,23.0,22.0,24.0,24.0,22.0,23.0,25.0,21.0,23.0,25.0,23.0,23.0,21.0,22.0,21.0,21.0,22.0,21.0,22.0,21.0,22.0,21.0,21.0,21.0,22.0,22.0,23.0,20.0,22.0,23.0,21.0,10.0,locate,1,1,2.6746
1787153668.3421,2026-08-19 17:34:28.342,10,c3,0,0,-0.03813,-0.49681,0.0497,-4.1088,10.3058,-25.1972,-0.0766,0.0121,-0.3791,4.68727,22.0,22.0,24.0,22.0,23.0,24.0,23.0,22.0,22.0,23.0,24.0,20.0,23.0,23.0,23.0,23.0,24.0,24.0,22.0,21.0,22.0,21.0,21.0,22.0,21.0,22.0,21.0,22.0,21.0,21.0,21.0,22.0,22.0,23.0,20.0,22.0,23.0,21.0,10.0,locate,1,1,2.7821
1787153668.3922,2026-08-19 17:34:28.392,10,c3,0,0,-0.03813,-0.49681,0.04972,-4.3144,10.4215,-24.8424,-0.0796,0.0071,-0.3867,4.69105,22.0,22.0,24.0,22.0,23.0,24.0,23.0,22.0,22.0,23.0,24.0,20.0,23.0,23.0,23.0,23.0,24.0,24.0,22.0,21.0,22.0,21.0,21.0,22.0,21.0,22.0,21.0,22.0,21.0,21.0,21.0,22.0,22.0,23.0,20.0,22.0,23.0,21.0,10.0,locate,1,1,2.7485
1787153668.4424,2026-08-19 17:34:28.442,10,c3,0,0,-0.03813,-0.4968,0.0497,-4.2939,9.9405,-25.0402,-0.0695,0.0076,-0.3825,4.69382,21.0,22.0,22.0,21.0,23.0,22.0,23.0,22.0,21.0,23.0,25.0,22.0,23.0,24.0,23.0,22.0,23.0,23.0,20.0,21.0,22.0,21.0,21.0,22.0,21.0,22.0,21.0,22.0,21.0,21.0,21.0,22.0,22.0,23.0,20.0,22.0,23.0,21.0,10.0,locate,1,1,2.7239
1787153668.4925,2026-08-19 17:34:28.492,10,c3,0,0,-0.03813,-0.49681,0.04971,-4.7655,10.3945,-24.9801,-0.0767,-0.0065,-0.3897,4.68929,21.0,22.0,22.0,21.0,23.0,22.0,23.0,22.0,21.0,23.0,25.0,22.0,23.0,24.0,23.0,22.0,23.0,23.0,20.0,21.0,22.0,21.0,21.0,22.0,21.0,22.0,21.0,22.0,21.0,21.0,21.0,22.0,22.0,23.0,20.0,22.0,23.0,21.0,10.0,locate,1,1,2.7642
1787153668.5426,2026-08-19 17:34:28.542,10,c3,0,0,-0.03813,-0.4968,0.0497,-4.1844,10.3317,-25.0446,-0.079,0.0109,-0.3843,4.6913,22.0,22.0,22.0,20.0,24.0,23.0,23.0,23.0,23.0,24.0,24.0,22.0,23.0,25.0,23.0,23.0,25.0,23.0,22.0,21.0,22.0,21.0,21.0,22.0,21.0,22.0,21.0,22.0,21.0,21.0,21.0,22.0,22.0,23.0,20.0,22.0,23.0,21.0,10.0,locate,1,1,2.7463
1787153668.5927,2026-08-19 17:34:28.592,10,c3,0,0,-0.03813,-0.4968,0.0497,-4.4788,10.2833,-25.0265,-0.0777,0.0057,-0.3859,4.69609,21.0,22.0,23.0,20.0,22.0,23.0,22.0,22.0,22.0,23.0,24.0,22.0,24.0,24.0,23.0,22.0,23.0,25.0,23.0,21.0,22.0,21.0,21.0,22.0,21.0,22.0,21.0,22.0,21.0,21.0,21.0,22.0,22.0,23.0,20.0,22.0,23.0,21.0,10.0,locate,1,1,2.7037
1787153668.6429,2026-08-19 17:34:28.642,10,c3,0,0,-0.03814,-0.4968,0.04969,-4.2964,10.3234,-25.2498,-0.0776,0.01,-0.3813,4.68576,21.0,22.0,23.0,20.0,22.0,23.0,22.0,22.0,22.0,23.0,24.0,22.0,24.0,24.0,23.0,22.0,23.0,25.0,23.0,21.0,22.0,21.0,21.0,22.0,21.0,22.0,21.0,22.0,21.0,21.0,21.0,22.0,22.0,23.0,20.0,22.0,23.0,21.0,10.0,locate,1,1,2.7956
1787153668.693,2026-08-19 17:34:28.692,10,c3,0,0,-0.03814,-0.4968,0.0497,-4.4486,10.2558,-25.0574,-0.0758,0.0042,-0.3784,4.69785,21.0,22.0,21.0,22.0,23.0,22.0,23.0,22.0,23.0,25.0,25.0,22.0,24.0,24.0,23.0,24.0,22.0,24.0,22.0,21.0,22.0,21.0,21.0,22.0,21.0,22.0,21.0,22.0,21.0,21.0,21.0,22.0,22.0,23.0,20.0,22.0,23.0,21.0,10.0,locate,1,1,2.6881
1787153668.7431,2026-08-19 17:34:28.743,10,c3,0,0,-0.03813,-0.49681,0.0497,-4.1216,9.8787,-25.1413,-0.0678,0.0103,-0.3812,4.68803,21.0,22.0,21.0,22.0,23.0,22.0,23.0,22.0,23.0,25.0,25.0,22.0,24.0,24.0,23.0,24.0,22.0,24.0,22.0,21.0,22.0,21.0,21.0,22.0,21.0,22.0,21.0,22.0,21.0,21.0,21.0,22.0,22.0,23.0,20.0,22.0,23.0,21.0,10.0,locate,1,1,2.7754
1787153668.7932,2026-08-19 17:34:28.793,10,c3,0,0,-0.03814,-0.49681,0.04972,-4.0803,10.4296,-25.2165,-0.0807,0.0107,-0.3827,4.70162,22.0,23.0,24.0,21.0,23.0,24.0,23.0,20.0,22.0,24.0,24.0,20.0,23.0,24.0,24.0,21.0,25.0,24.0,19.0,21.0,22.0,21.0,21.0,22.0,21.0,22.0,21.0,22.0,21.0,21.0,21.0,22.0,22.0,23.0,20.0,22.0,23.0,21.0,10.0,locate,1,1,2.6545
1787153668.8433,2026-08-19 17:34:28.843,10,c3,0,0,-0.03812,-0.4968,0.04969,-4.139,10.0583,-24.9741,-0.0682,0.0112,-0.3813,4.68954,20.0,23.0,23.0,19.0,23.0,24.0,23.0,24.0,22.0,23.0,24.0,23.0,22.0,24.0,22.0,23.0,24.0,22.0,22.0,21.0,22.0,21.0,21.0,22.0,21.0,22.0,21.0,22.0,21.0,21.0,21.0,22.0,22.0,23.0,20.0,22.0,23.0,21.0,10.0,locate,1,1,2.762
1787153668.8935,2026-08-19 17:34:28.893,10,c3,0,0,-0.03814,-0.4968,0.0497,-4.325,10.6032,-24.9811,-0.0845,0.005,-0.3828,4.69735,20.0,23.0,23.0,19.0,23.0,24.0,23.0,24.0,22.0,23.0,24.0,23.0,22.0,24.0,22.0,23.0,24.0,22.0,22.0,21.0,22.0,21.0,21.0,22.0,21.0,22.0,21.0,22.0,21.0,21.0,21.0,22.0,22.0,23.0,20.0,22.0,23.0,21.0,10.0,locate,1,1,2.6925
1787153668.9436,2026-08-19 17:34:28.943,10,c3,0,0,-0.03814,-0.49681,0.0497,-4.5789,10.2645,-25.1133,-0.0744,0.0005,-0.3889,4.68979,22.0,22.0,23.0,21.0,23.0,24.0,22.0,22.0,23.0,23.0,25.0,22.0,25.0,22.0,23.0,22.0,23.0,24.0,22.0,21.0,22.0,21.0,21.0,22.0,21.0,22.0,21.0,22.0,21.0,21.0,21.0,22.0,22.0,23.0,20.0,22.0,23.0,21.0,10.0,locate,1,1,2.7597
1787153668.9938,2026-08-19 17:34:28.993,10,c3,0,0,-0.03815,-0.49681,0.04971,-4.1664,10.3089,-25.1703,-0.0758,0.0076,-0.3852,4.70037,22.0,22.0,23.0,21.0,23.0,24.0,22.0,22.0,23.0,23.0,25.0,22.0,25.0,22.0,23.0,22.0,23.0,24.0,22.0,21.0,22.0,21.0,21.0,22.0,21.0,22.0,21.0,22.0,21.0,21.0,21.0,22.0,22.0,23.0,20.0,22.0,23.0,21.0,10.0,locate,1,1,2.6657
1787153669.0439,2026-08-19 17:34:29.043,10,c3,0,0,-0.03813,-0.49682,0.04972,-4.3448,10.3563,-24.9973,-0.0803,0.0053,-0.3825,4.68929,22.0,24.0,21.0,21.0,23.0,23.0,22.0,22.0,22.0,24.0,24.0,21.0,24.0,24.0,24.0,22.0,23.0,23.0,22.0,21.0,22.0,21.0,21.0,22.0,21.0,22.0,21.0,22.0,21.0,21.0,21.0,22.0,22.0,23.0,20.0,22.0,23.0,21.0,10.0,locate,1,1,2.7642
1787153669.0939,2026-08-19 17:34:29.093,10,c3,0,0,-0.03813,-0.49681,0.0497,-4.1674,10.4678,-25.0914,-0.0778,0.0096,-0.3835,4.69936,22.0,24.0,21.0,21.0,23.0,23.0,22.0,22.0,22.0,24.0,24.0,21.0,24.0,24.0,24.0,22.0,23.0,23.0,22.0,21.0,22.0,21.0,21.0,22.0,21.0,22.0,21.0,22.0,21.0,21.0,21.0,22.0,22.0,23.0,20.0,22.0,23.0,21.0,10.0,locate,1,1,2.6746
1787153669.144,2026-08-19 17:34:29.144,10,c3,0,0,-0.03814,-0.49681,0.04971,-4.2691,10.3888,-25.1842,-0.0767,0.0066,-0.3893,4.68979,21.0,24.0,22.0,20.0,22.0,23.0,24.0,22.0,22.0,24.0,24.0,22.0,24.0,23.0,21.0,22.0,23.0,24.0,23.0,21.0,22.0,21.0,21.0,22.0,21.0,22.0,21.0,22.0,21.0,21.0,21.0,22.0,22.0,23.0,20.0,22.0,23.0,21.0,10.0,locate,1,1,2.7597
1787153669.1942,2026-08-19 17:34:29.194,10,c3,0,0,-0.03814,-0.49681,0.04972,-4.0312,10.057,-25.1232,-0.07,0.0139,-0.3718,4.69911,21.0,23.0,22.0,21.0,23.0,23.0,23.0,22.0,22.0,23.0,27.0,22.0,23.0,24.0,24.0,21.0,22.0,25.0,22.0,21.0,22.0,21.0,21.0,22.0,21.0,22.0,21.0,22.0,21.0,21.0,21.0,22.0,22.0,23.0,20.0,22.0,23.0,21.0,10.0,locate,1,1,2.6769
1787153669.2443,2026-08-19 17:34:29.244,10,c3,0,0,-0.03812,-0.49681,0.04971,-4.556,10.0764,-25.1841,-0.0689,0.0043,-0.3862,4.68979,21.0,23.0,22.0,21.0,23.0,23.0,23.0,22.0,22.0,23.0,27.0,22.0,23.0,24.0,24.0,21.0,22.0,25.0,22.0,21.0,22.0,21.0,21.0,22.0,21.0,22.0,21.0,22.0,21.0,21.0,21.0,22.0,22.0,23.0,20.0,22.0,23.0,21.0,10.0,locate,1,1,2.7597
1787153669.2945,2026-08-19 17:34:29.294,10,c3,0,0,-0.03815,-0.4968,0.0497,-4.3194,10.2361,-25.2306,-0.0736,0.0103,-0.3855,4.69432,22.0,22.0,22.0,21.0,22.0,23.0,24.0,23.0,22.0,22.0,25.0,23.0,25.0,23.0,23.0,22.0,22.0,22.0,22.0,21.0,22.0,21.0,21.0,22.0,21.0,22.0,21.0,22.0,21.0,21.0,21.0,22.0,22.0,23.0,20.0,22.0,23.0,21.0,10.0,locate,1,1,2.7194
1787153669.3446,2026-08-19 17:34:29.344,10,c3,0,0,-0.03813,-0.49682,0.04972,-4.1421,10.2989,-25.0947,-0.075,0.0114,-0.381,4.68526,22.0,22.0,22.0,21.0,22.0,23.0,24.0,23.0,22.0,22.0,25.0,23.0,25.0,23.0,23.0,22.0,22.0,22.0,22.0,21.0,22.0,21.0,21.0,22.0,21.0,22.0,21.0,22.0,21.0,21.0,21.0,22.0,22.0,23.0,20.0,22.0,23.0,21.0,10.0,locate,1,1,2.8001
1787153669.3947,2026-08-19 17:34:29.394,10,c3,0,0,-0.03813,-0.49681,0.0497,-4.4294,10.3802,-24.8645,-0.078,0.0034,-0.3822,4.69785,21.0,23.0,23.0,23.0,23.0,22.0,22.0,22.0,22.0,23.0,24.0,22.0,23.0,23.0,22.0,22.0,23.0,24.0,22.0,21.0,22.0,21.0,21.0,22.0,21.0,22.0,21.0,22.0,21.0,21.0,21.0,22.0,22.0,23.0,20.0,22.0,23.0,21.0,10.0,locate,1,1,2.6881
1787153669.4449,2026-08-19 17:34:29.444,10,c3,0,0,-0.03814,-0.49681,0.04971,-4.2791,10.5105,-25.1738,-0.086,0.0119,-0.3817,4.69206,22.0,22.0,22.0,20.0,23.0,23.0,23.0,22.0,22.0,24.0,26.0,22.0,24.0,23.0,24.0,23.0,24.0,25.0,22.0,21.0,22.0,21.0,21.0,22.0,21.0,22.0,21.0,22.0,21.0,21.0,21.0,22.0,22.0,23.0,20.0,22.0,23.0,21.0,10.0,locate,1,1,2.7396
1787153669.495,2026-08-19 17:34:29.494,10,c3,0,0,-0.03812,-0.49681,0.04971,-4.1459,10.4011,-24.8914,-0.0771,0.0126,-0.3827,4.69181,22.0,22.0,22.0,20.0,23.0,23.0,23.0,22.0,22.0,24.0,26.0,22.0,24.0,23.0,24.0,23.0,24.0,25.0,22.0,21.0,22.0,21.0,21.0,22.0,21.0,22.0,21.0,22.0,21.0,21.0,21.0,22.0,22.0,23.0,20.0,22.0,23.0,21.0,10.0,locate,1,1,2.7418
1787153669.545,2026-08-19 17:34:29.545,10,c3,0,0,-0.03814,-0.49681,0.0497,-4.2482,10.1966,-25.0777,-0.0762,0.0087,-0.3865,4.68727,21.0,22.0,22.0,20.0,22.0,25.0,25.0,23.0,23.0,22.0,26.0,22.0,24.0,23.0,24.0,25.0,22.0,24.0,24.0,21.0,22.0,21.0,21.0,22.0,21.0,22.0,21.0,22.0,21.0,21.0,21.0,22.0,22.0,23.0,20.0,22.0,23.0,21.0,10.0,locate,1,1,2.7821
1787153669.5952,2026-08-19 17:34:29.595,10,c3,0,0,-0.03812,-0.49681,0.0497,-4.1554,10.1097,-25.0339,-0.0744,0.0115,-0.3837,4.6903,21.0,22.0,22.0,20.0,22.0,25.0,25.0,23.0,23.0,22.0,26.0,22.0,24.0,23.0,24.0,25.0,22.0,24.0,24.0,21.0,22.0,21.0,21.0,22.0,21.0,22.0,21.0,22.0,21.0,21.0,21.0,22.0,22.0,23.0,20.0,22.0,23.0,21.0,10.0,locate,1,1,2.7553
1787153669.6452,2026-08-19 17:34:29.645,10,c3,0,0,-0.03815,-0.49679,0.0497,-4.0741,10.3568,-25.1637,-0.075,0.014,-0.3857,4.69583,22.0,24.0,22.0,20.0,23.0,23.0,24.0,23.0,21.0,24.0,24.0,23.0,23.0,23.0,22.0,22.0,23.0,24.0,23.0,21.0,22.0,21.0,21.0,22.0,21.0,22.0,21.0,22.0,21.0,21.0,21.0,22.0,22.0,23.0,20.0,22.0,23.0,21.0,10.0,locate,1,1,2.706
1787153669.6953,2026-08-19 17:34:29.695,10,c3,0,0,-0.03813,-0.4968,0.0497,-4.2125,10.4033,-25.2099,-0.079,0.011,-0.3801,4.68803,22.0,23.0,21.0,21.0,23.0,23.0,23.0,23.0,22.0,23.0,26.0,22.0,23.0,24.0,21.0,24.0,24.0,25.0,24.0,21.0,22.0,21.0,21.0,22.0,21.0,22.0,21.0,22.0,21.0,21.0,21.0,22.0,22.0,23.0,20.0,22.0,23.0,21.0,10.0,locate,1,1,2.7754
1787153669.7454,2026-08-19 17:34:29.745,10,c3,0,0,-0.03812,-0.4968,0.0497,-4.2461,10.4617,-25.2057,-0.0796,0.0112,-0.38,4.69659,22.0,23.0,21.0,21.0,23.0,23.0,23.0,23.0,22.0,23.0,26.0,22.0,23.0,24.0,21.0,24.0,24.0,25.0,24.0,21.0,22.0,21.0,21.0,22.0,21.0,22.0,21.0,22.0,21.0,21.0,21.0,22.0,22.0,23.0,20.0,22.0,23.0,21.0,10.0,locate,1,1,2.6993
1787153669.7955,2026-08-19 17:34:29.795,10,c3,0,0,-0.03813,-0.49681,0.0497,-4.195,10.4258,-25.355,-0.0764,0.0096,-0.3833,4.68828,20.0,22.0,23.0,21.0,22.0,23.0,23.0,21.0,21.0,23.0,24.0,21.0,23.0,24.0,23.0,20.0,23.0,22.0,19.0,21.0,22.0,21.0,21.0,22.0,21.0,22.0,21.0,22.0,21.0,21.0,21.0,22.0,22.0,23.0,20.0,22.0,23.0,21.0,10.0,locate,1,1,2.7732
1787153669.8456,2026-08-19 17:34:29.845,10,c3,1,0,-0.03814,-0.4968,0.0497,-4.1401,10.0396,-25.263,-0.0697,0.0133,-0.3857,4.69508,20.0,22.0,23.0,21.0,22.0,23.0,23.0,21.0,21.0,23.0,24.0,21.0,23.0,24.0,23.0,20.0,23.0,22.0,19.0,21.0,22.0,21.0,21.0,22.0,21.0,22.0,21.0,22.0,21.0,21.0,21.0,22.0,22.0,23.0,20.0,22.0,23.0,21.0,10.0,press,1,1,2.7127
1787153669.8957,2026-08-19 17:34:29.895,10,c3,1,0,-0.03814,-0.49681,0.04968,-4.3021,10.4339,-25.2867,-0.0763,0.009,-0.3802,4.68652,20.0,22.0,22.0,18.0,23.0,23.0,22.0,24.0,20.0,24.0,24.0,23.0,22.0,25.0,23.0,23.0,25.0,24.0,21.0,21.0,22.0,21.0,21.0,22.0,21.0,22.0,21.0,22.0,21.0,21.0,21.0,22.0,22.0,23.0,20.0,22.0,23.0,21.0,10.0,press,1,1,2.7889
1787153669.9458,2026-08-19 17:34:29.945,10,c3,1,0,-0.03814,-0.49681,0.04967,-4.3037,10.1097,-25.1179,-0.0727,0.0074,-0.3809,4.68727,21.0,23.0,23.0,21.0,22.0,25.0,25.0,21.0,21.0,24.0,25.0,20.0,22.0,25.0,22.0,23.0,24.0,23.0,21.0,21.0,22.0,21.0,21.0,22.0,21.0,22.0,21.0,22.0,21.0,21.0,21.0,22.0,22.0,23.0,20.0,22.0,23.0,21.0,10.0,press,1,1,2.7821
1787153669.9959,2026-08-19 17:34:29.995,10,c3,1,0,-0.03814,-0.49682,0.04958,-4.2211,10.1208,-25.0605,-0.0739,0.0117,-0.381,4.68199,21.0,23.0,23.0,21.0,22.0,25.0,25.0,21.0,21.0,24.0,25.0,20.0,22.0,25.0,22.0,23.0,24.0,23.0,21.0,21.0,22.0,21.0,21.0,22.0,21.0,22.0,21.0,22.0,21.0,21.0,21.0,22.0,22.0,23.0,20.0,22.0,23.0,21.0,10.0,press,1,1,2.8292
1787153670.046,2026-08-19 17:34:30.046,10,c3,1,0,-0.03816,-0.49683,0.04946,-4.1703,10.0726,-25.4102,-0.0719,0.0138,-0.3778,4.68803,21.0,22.0,23.0,21.0,21.0,25.0,24.0,23.0,23.0,22.0,24.0,22.0,24.0,23.0,22.0,23.0,23.0,24.0,21.0,21.0,22.0,21.0,21.0,22.0,21.0,22.0,21.0,22.0,21.0,21.0,21.0,22.0,22.0,23.0,20.0,22.0,23.0,21.0,10.0,press,1,1,2.7754
1787153670.0961,2026-08-19 17:34:30.096,10,c3,1,0,-0.03813,-0.49683,0.04927,-4.1485,10.1784,-25.32,-0.0701,0.0098,-0.3793,4.69709,21.0,22.0,23.0,21.0,21.0,25.0,24.0,23.0,23.0,22.0,24.0,22.0,24.0,23.0,22.0,23.0,23.0,24.0,21.0,21.0,22.0,21.0,21.0,22.0,21.0,22.0,21.0,22.0,21.0,21.0,21.0,22.0,22.0,23.0,20.0,22.0,23.0,21.0,10.0,press,1,1,2.6948
1787153670.1463,2026-08-19 17:34:30.146,10,c3,1,0,-0.03814,-0.49683,0.04907,-4.0571,10.2242,-25.1172,-0.0737,0.0163,-0.3749,4.69407,22.0,23.0,23.0,21.0,22.0,24.0,24.0,22.0,24.0,23.0,25.0,22.0,23.0,24.0,23.0,22.0,22.0,23.0,22.0,21.0,22.0,21.0,21.0,22.0,21.0,22.0,21.0,22.0,21.0,21.0,21.0,22.0,22.0,23.0,20.0,22.0,23.0,21.0,10.0,press,1,1,2.7217
1787153670.1964,2026-08-19 17:34:30.196,10,c3,1,0,-0.03814,-0.49684,0.04883,-3.7547,9.8188,-25.2264,-0.0652,0.023,-0.3802,4.69332,22.0,23.0,23.0,21.0,22.0,24.0,24.0,22.0,24.0,23.0,25.0,22.0,23.0,24.0,23.0,22.0,22.0,23.0,22.0,21.0,22.0,21.0,21.0,22.0,21.0,22.0,21.0,22.0,21.0,21.0,21.0,22.0,22.0,23.0,20.0,22.0,23.0,21.0,10.0,press,1,1,2.7284
1787153670.2465,2026-08-19 17:34:30.246,10,c3,1,0,-0.03813,-0.49684,0.04857,-4.1083,10.2053,-25.1197,-0.0722,0.0115,-0.3828,4.69533,21.0,22.0,22.0,21.0,23.0,22.0,23.0,22.0,23.0,24.0,25.0,21.0,24.0,23.0,23.0,21.0,24.0,25.0,22.0,21.0,22.0,21.0,21.0,22.0,21.0,22.0,21.0,22.0,21.0,21.0,21.0,22.0,22.0,23.0,20.0,22.0,23.0,21.0,10.0,press,1,1,2.7105
1787153670.2966,2026-08-19 17:34:30.296,10,c3,1,0,-0.03816,-0.49683,0.04831,-4.5046,10.1578,-25.2518,-0.0746,0.002,-0.3805,4.68375,22.0,23.0,22.0,22.0,24.0,23.0,23.0,23.0,22.0,24.0,25.0,23.0,22.0,25.0,24.0,23.0,23.0,24.0,22.0,21.0,22.0,21.0,21.0,22.0,21.0,22.0,21.0,22.0,21.0,21.0,21.0,22.0,22.0,23.0,20.0,22.0,23.0,21.0,10.0,press,1,1,2.8135
1787153670.3467,2026-08-19 17:34:30.346,10,c3,1,0,-0.03813,-0.49682,0.04798,-4.3287,10.1418,-24.8355,-0.0708,0.007,-0.3769,4.69256,22.0,23.0,22.0,22.0,24.0,23.0,23.0,23.0,22.0,24.0,25.0,23.0,22.0,25.0,24.0,23.0,23.0,24.0,22.0,21.0,22.0,21.0,21.0,22.0,21.0,22.0,21.0,22.0,21.0,21.0,21.0,22.0,22.0,23.0,20.0,22.0,23.0,21.0,10.0,press,1,1,2.7351
1787153670.3968,2026-08-19 17:34:30.396,10,c3,1,0,-0.03815,-0.49682,0.04766,-3.7602,9.785,-25.0417,-0.0627,0.0199,-0.3733,4.69684,21.0,22.0,22.0,22.0,23.0,24.0,24.0,22.0,22.0,24.0,26.0,22.0,23.0,24.0,25.0,23.0,22.0,24.0,23.0,21.0,22.0,21.0,21.0,22.0,21.0,22.0,21.0,22.0,21.0,21.0,21.0,22.0,22.0,23.0,20.0,22.0,23.0,21.0,10.0,press,1,1,2.697
1787153670.4469,2026-08-19 17:34:30.446,10,c3,1,0,-0.03813,-0.4968,0.04732,-3.9532,10.0993,-25.0141,-0.0733,0.0157,-0.3829,4.69508,21.0,22.0,22.0,22.0,23.0,24.0,24.0,22.0,22.0,24.0,26.0,22.0,23.0,24.0,25.0,23.0,22.0,24.0,23.0,21.0,22.0,21.0,21.0,22.0,21.0,22.0,21.0,22.0,21.0,21.0,21.0,22.0,22.0,23.0,20.0,22.0,23.0,21.0,10.0,press,1,1,2.7127
1787153670.497,2026-08-19 17:34:30.497,10,c3,1,0,-0.03814,-0.49682,0.04697,-3.7356,9.9234,-25.1758,-0.0692,0.0202,-0.3719,4.69609,20.0,23.0,23.0,20.0,22.0,24.0,26.0,21.0,22.0,25.0,25.0,20.0,23.0,24.0,24.0,21.0,24.0,24.0,22.0,21.0,22.0,21.0,21.0,22.0,21.0,22.0,21.0,22.0,21.0,21.0,21.0,22.0,22.0,23.0,20.0,22.0,23.0,21.0,10.0,press,1,1,2.7037
1787153670.5471,2026-08-19 17:34:30.547,10,c3,1,0,-0.03814,-0.49682,0.04665,-4.0551,10.0631,-25.0968,-0.074,0.0138,-0.3869,4.6913,20.0,22.0,21.0,19.0,22.0,24.0,24.0,22.0,23.0,25.0,25.0,21.0,26.0,26.0,24.0,21.0,26.0,25.0,22.0,21.0,22.0,21.0,21.0,22.0,21.0,22.0,21.0,22.0,21.0,21.0,21.0,22.0,22.0,23.0,20.0,22.0,23.0,21.0,10.0,press,1,1,2.7463
1787153670.5972,2026-08-19 17:34:30.597,10,c3,1,0,-0.03813,-0.49683,0.04631,-4.0086,10.0731,-24.9031,-0.0735,0.0163,-0.3749,4.69558,20.0,22.0,21.0,19.0,22.0,24.0,24.0,22.0,23.0,25.0,25.0,21.0,26.0,26.0,24.0,21.0,26.0,25.0,22.0,21.0,22.0,21.0,21.0,22.0,21.0,22.0,21.0,22.0,21.0,21.0,21.0,22.0,22.0,23.0,20.0,22.0,23.0,21.0,10.0,press,1,1,2.7082
1787153670.6474,2026-08-19 17:34:30.647,10,c3,1,0,-0.03814,-0.49682,0.04598,-4.1728,10.0164,-25.0939,-0.0724,0.0108,-0.3845,4.70288,21.0,25.0,25.0,21.0,24.0,26.0,24.0,21.0,23.0,24.0,24.0,21.0,23.0,24.0,23.0,20.0,24.0,23.0,22.0,21.0,22.0,21.0,21.0,22.0,21.0,22.0,21.0,22.0,21.0,21.0,21.0,22.0,22.0,23.0,20.0,22.0,23.0,21.0,10.0,press,1,1,2.6433
1787153670.6975,2026-08-19 17:34:30.697,10,c3,1,0,-0.03814,-0.49683,0.04565,-4.3525,10.388,-25.2808,-0.08,0.0071,-0.3854,4.69533,21.0,25.0,25.0,21.0,24.0,26.0,24.0,21.0,23.0,24.0,24.0,21.0,23.0,24.0,23.0,20.0,24.0,23.0,22.0,21.0,22.0,21.0,21.0,22.0,21.0,22.0,21.0,22.0,21.0,21.0,21.0,22.0,22.0,23.0,20.0,22.0,23.0,21.0,10.0,press,1,1,2.7105
1787153670.7476,2026-08-19 17:34:30.747,10,c3,1,0,-0.03814,-0.49681,0.04532,-4.0256,10.168,-25.104,-0.0742,0.0177,-0.381,4.7059,21.0,23.0,22.0,20.0,23.0,23.0,22.0,21.0,23.0,24.0,24.0,21.0,23.0,25.0,24.0,21.0,23.0,23.0,21.0,21.0,22.0,21.0,21.0,22.0,21.0,22.0,21.0,22.0,21.0,21.0,21.0,22.0,22.0,23.0,20.0,22.0,23.0,21.0,10.0,press,1,1,2.6164
1787153670.7978,2026-08-19 17:34:30.797,10,c3,1,0,-0.03815,-0.49682,0.045,-4.4996,10.408,-24.9984,-0.0776,0.005,-0.3809,4.68853,22.0,25.0,23.0,20.0,24.0,24.0,24.0,23.0,23.0,26.0,25.0,24.0,24.0,26.0,24.0,24.0,24.0,23.0,23.0,21.0,22.0,21.0,21.0,22.0,21.0,22.0,21.0,22.0,21.0,21.0,21.0,22.0,22.0,23.0,20.0,22.0,23.0,21.0,10.0,press,1,1,2.7709
1787153670.8479,2026-08-19 17:34:30.847,10,c3,1,0,-0.03814,-0.49682,0.04465,-4.0083,9.8299,-24.911,-0.0654,0.0153,-0.3784,4.66789,22.0,25.0,23.0,20.0,24.0,24.0,24.0,23.0,23.0,26.0,25.0,24.0,24.0,26.0,24.0,24.0,24.0,23.0,23.0,21.0,22.0,21.0,21.0,22.0,21.0,22.0,21.0,22.0,21.0,21.0,21.0,22.0,22.0,23.0,20.0,22.0,23.0,21.0,10.0,press,1,1,2.9546
1787153670.898,2026-08-19 17:34:30.897,10,c3,1,0,-0.03813,-0.49683,0.04433,-4.5102,10.1194,-24.681,-0.0702,0.003,-0.3818,4.60041,22.0,23.0,23.0,22.0,24.0,26.0,26.0,23.0,24.0,28.0,27.0,24.0,23.0,26.0,25.0,24.0,25.0,24.0,22.0,21.0,22.0,21.0,21.0,22.0,21.0,22.0,21.0,22.0,21.0,21.0,21.0,22.0,22.0,23.0,20.0,22.0,23.0,21.0,10.0,press,1,1,3.5549
1787153670.9481,2026-08-19 17:34:30.948,10,c3,1,0,-0.03814,-0.49684,0.044,-4.0421,10.4021,-24.2968,-0.0771,0.0133,-0.3905,4.50398,22.0,23.0,23.0,22.0,24.0,26.0,26.0,23.0,24.0,28.0,27.0,24.0,23.0,26.0,25.0,24.0,25.0,24.0,22.0,21.0,22.0,21.0,21.0,22.0,21.0,22.0,21.0,22.0,21.0,21.0,21.0,22.0,22.0,23.0,20.0,22.0,23.0,21.0,10.0,press,1,1,4.4128
1787153670.9982,2026-08-19 17:34:30.998,10,c3,1,0,-0.03813,-0.49683,0.04366,-4.3657,10.785,-23.8099,-0.0892,0.0064,-0.3805,4.38011,22.0,22.0,22.0,20.0,24.0,25.0,25.0,24.0,24.0,26.0,28.0,23.0,25.0,27.0,26.0,24.0,24.0,25.0,23.0,21.0,22.0,21.0,21.0,22.0,21.0,22.0,21.0,22.0,21.0,21.0,21.0,22.0,22.0,23.0,20.0,22.0,23.0,21.0,10.0,press,1,1,5.5148
1787153671.0483,2026-08-19 17:34:31.048,10,c3,1,0,-0.03815,-0.49683,0.04334,-4.1738,9.9279,-23.4675,-0.0696,0.013,-0.3781,4.27008,22.0,22.0,22.0,20.0,24.0,25.0,25.0,24.0,24.0,26.0,28.0,23.0,25.0,27.0,26.0,24.0,24.0,25.0,23.0,21.0,22.0,21.0,21.0,22.0,21.0,22.0,21.0,22.0,21.0,21.0,21.0,22.0,22.0,23.0,20.0,22.0,23.0,21.0,10.0,press,1,1,6.4937
1787153671.0984,2026-08-19 17:34:31.098,10,c3,1,0,-0.03814,-0.49683,0.04301,-4.5635,10.6934,-22.6876,-0.0866,0.0004,-0.3787,4.13312,21.0,25.0,24.0,21.0,24.0,26.0,26.0,22.0,27.0,28.0,29.0,21.0,26.0,26.0,25.0,22.0,24.0,25.0,23.0,21.0,22.0,21.0,21.0,22.0,21.0,22.0,21.0,22.0,21.0,21.0,21.0,22.0,22.0,23.0,20.0,22.0,23.0,21.0,10.0,press,1,1,7.7121
1787153671.1486,2026-08-19 17:34:31.148,10,c3,1,0,-0.03815,-0.49683,0.04269,-4.0109,10.4265,-22.1986,-0.0827,0.0165,-0.3718,3.9808,22.0,24.0,23.0,21.0,25.0,26.0,27.0,24.0,26.0,28.0,29.0,23.0,27.0,27.0,26.0,23.0,26.0,25.0,22.0,21.0,22.0,21.0,21.0,22.0,21.0,22.0,21.0,22.0,21.0,21.0,21.0,22.0,22.0,23.0,20.0,22.0,23.0,21.0,10.0,press,1,1,9.0673
1787153671.1987,2026-08-19 17:34:31.198,10,c3,1,0,-0.03814,-0.49683,0.04236,-4.0429,10.344,-21.6827,-0.0769,0.0116,-0.3712,3.82822,22.0,24.0,23.0,21.0,25.0,26.0,27.0,24.0,26.0,28.0,29.0,23.0,27.0,27.0,26.0,23.0,26.0,25.0,22.0,21.0,22.0,21.0,21.0,22.0,21.0,22.0,21.0,22.0,21.0,21.0,21.0,22.0,22.0,23.0,20.0,22.0,23.0,21.0,10.0,press,1,1,10.4247
1787153671.2488,2026-08-19 17:34:31.248,10,c3,1,0,-0.03816,-0.49683,0.04199,-4.1899,10.2885,-21.2642,-0.0733,0.0087,-0.3751,3.64921,21.0,24.0,24.0,22.0,26.0,29.0,28.0,25.0,25.0,29.0,30.0,25.0,26.0,28.0,27.0,24.0,25.0,25.0,23.0,21.0,22.0,21.0,21.0,22.0,21.0,22.0,21.0,22.0,21.0,21.0,21.0,22.0,22.0,23.0,20.0,22.0,23.0,21.0,10.0,press,1,1,12.0172
1787153671.2989,2026-08-19 17:34:31.298,10,c3,1,0,-0.03813,-0.49684,0.04166,-4.0568,10.4313,-20.3362,-0.0779,0.0091,-0.3826,3.47272,21.0,24.0,24.0,22.0,26.0,29.0,28.0,25.0,25.0,29.0,30.0,25.0,26.0,28.0,27.0,24.0,25.0,25.0,23.0,21.0,22.0,21.0,21.0,22.0,21.0,22.0,21.0,22.0,21.0,21.0,21.0,22.0,22.0,23.0,20.0,22.0,23.0,21.0,10.0,press,1,1,13.5874
1787153671.3491,2026-08-19 17:34:31.349,10,c3,1,0,-0.03814,-0.49684,0.04131,-4.0876,9.9118,-19.8429,-0.0662,0.0064,-0.3779,3.28112,24.0,25.0,24.0,22.0,27.0,28.0,28.0,24.0,27.0,28.0,31.0,25.0,27.0,30.0,27.0,23.0,26.0,26.0,23.0,21.0,22.0,21.0,21.0,22.0,21.0,22.0,21.0,22.0,21.0,21.0,21.0,22.0,22.0,23.0,20.0,22.0,23.0,21.0,10.0,press,1,1,15.2919
1787153671.3992,2026-08-19 17:34:31.399,10,c3,1,0,-0.03814,-0.49685,0.04104,-3.7862,10.0844,-19.4003,-0.0672,0.0143,-0.3729,3.13131,23.0,24.0,25.0,21.0,26.0,30.0,29.0,25.0,27.0,28.0,30.0,25.0,25.0,29.0,24.0,24.0,25.0,24.0,24.0,21.0,22.0,21.0,21.0,22.0,21.0,22.0,21.0,22.0,21.0,21.0,21.0,22.0,22.0,23.0,20.0,22.0,23.0,21.0,10.0,press,1,1,16.6247
1787153671.4493,2026-08-19 17:34:31.449,10,c3,1,0,-0.03813,-0.49684,0.04076,-4.0894,10.1201,-18.7792,-0.0706,0.008,-0.3745,2.97697,23.0,24.0,25.0,21.0,26.0,30.0,29.0,25.0,27.0,28.0,30.0,25.0,25.0,29.0,24.0,24.0,25.0,24.0,24.0,21.0,22.0,21.0,21.0,22.0,21.0,22.0,21.0,22.0,21.0,21.0,21.0,22.0,22.0,23.0,20.0,22.0,23.0,21.0,10.0,press,1,1,17.9977
1787153671.4994,2026-08-19 17:34:31.499,10,c3,1,0,-0.03815,-0.49681,0.0405,-4.1892,10.0158,-17.9818,-0.065,0.0054,-0.3768,2.81634,22.0,25.0,25.0,23.0,26.0,29.0,30.0,26.0,29.0,27.0,31.0,27.0,28.0,31.0,23.0,25.0,27.0,25.0,25.0,21.0,22.0,21.0,21.0,22.0,21.0,22.0,21.0,22.0,21.0,21.0,21.0,22.0,22.0,23.0,20.0,22.0,23.0,21.0,10.0,press,1,1,19.4268
1787153671.5496,2026-08-19 17:34:31.549,10,c3,1,0,-0.03812,-0.49681,0.04029,-4.2995,9.9266,-17.5518,-0.0638,0.0032,-0.3757,2.68869,22.0,25.0,25.0,23.0,26.0,29.0,30.0,26.0,29.0,27.0,31.0,27.0,28.0,31.0,23.0,25.0,27.0,25.0,25.0,21.0,22.0,21.0,21.0,22.0,21.0,22.0,21.0,22.0,21.0,21.0,21.0,22.0,22.0,23.0,20.0,22.0,23.0,21.0,10.0,press,1,1,20.5624
1787153671.5997,2026-08-19 17:34:31.599,10,c3,1,0,-0.03813,-0.49682,0.04012,-3.994,10.4996,-17.0613,-0.0775,0.0085,-0.3704,2.57741,25.0,26.0,24.0,23.0,29.0,29.0,30.0,27.0,30.0,29.0,32.0,29.0,27.0,32.0,21.0,26.0,28.0,24.0,24.0,21.0,22.0,21.0,21.0,22.0,21.0,22.0,21.0,22.0,21.0,21.0,21.0,22.0,22.0,23.0,20.0,22.0,23.0,21.0,10.0,press,1,1,21.5524
1787153671.6499,2026-08-19 17:34:31.649,10,c3,1,0,-0.03815,-0.49682,0.03997,-3.8829,9.9127,-16.8426,-0.062,0.0113,-0.3726,2.48677,24.0,23.0,25.0,24.0,26.0,30.0,30.0,25.0,31.0,30.0,33.0,25.0,28.0,35.0,23.0,24.0,28.0,23.0,23.0,21.0,22.0,21.0,21.0,22.0,21.0,22.0,21.0,22.0,21.0,21.0,21.0,22.0,22.0,23.0,20.0,22.0,23.0,21.0,10.0,press,1,1,22.3588
1787153671.7,2026-08-19 17:34:31.699,10,c3,1,0,-0.03814,-0.49682,0.03987,-3.9805,10.038,-16.6364,-0.0656,0.0065,-0.3782,2.43239,24.0,23.0,25.0,24.0,26.0,30.0,30.0,25.0,31.0,30.0,33.0,25.0,28.0,35.0,23.0,24.0,28.0,23.0,23.0,21.0,22.0,21.0,21.0,22.0,21.0,22.0,21.0,22.0,21.0,21.0,21.0,22.0,22.0,23.0,20.0,22.0,23.0,21.0,10.0,press,1,1,22.8426
1787153671.75,2026-08-19 17:34:31.750,10,c3,1,0,-0.03814,-0.49683,0.03981,-3.877,10.1264,-16.4841,-0.0645,0.0107,-0.3735,2.3916,21.0,24.0,27.0,23.0,28.0,33.0,31.0,26.0,31.0,31.0,34.0,27.0,29.0,35.0,24.0,24.0,28.0,26.0,24.0,21.0,22.0,21.0,21.0,22.0,21.0,22.0,21.0,22.0,21.0,21.0,21.0,22.0,22.0,23.0,20.0,22.0,23.0,21.0,10.0,press,1,1,23.2055
1787153671.8002,2026-08-19 17:34:31.800,10,c3,1,0,-0.03814,-0.49683,0.03976,-3.765,9.9996,-16.3888,-0.0617,0.0137,-0.3814,2.37523,21.0,24.0,27.0,23.0,28.0,33.0,31.0,26.0,31.0,31.0,34.0,27.0,29.0,35.0,24.0,24.0,28.0,26.0,24.0,21.0,22.0,21.0,21.0,22.0,21.0,22.0,21.0,22.0,21.0,21.0,21.0,22.0,22.0,23.0,20.0,22.0,23.0,21.0,10.0,press,1,1,23.3511
1787153671.8503,2026-08-19 17:34:31.850,10,c3,1,0,-0.03815,-0.49683,0.03977,-4.1179,10.2617,-16.2576,-0.0702,0.0065,-0.3793,2.37826,24.0,24.0,27.0,23.0,27.0,32.0,32.0,26.0,30.0,31.0,34.0,26.0,29.0,36.0,23.0,24.0,29.0,26.0,23.0,21.0,22.0,21.0,21.0,22.0,21.0,22.0,21.0,22.0,21.0,21.0,21.0,22.0,22.0,23.0,20.0,22.0,23.0,21.0,10.0,hold,1,1,23.3242
1787153671.9004,2026-08-19 17:34:31.900,10,c3,1,0,-0.03814,-0.49684,0.03974,-3.8932,10.2262,-16.3557,-0.0684,0.0116,-0.3768,2.36265,23.0,24.0,28.0,24.0,27.0,33.0,32.0,27.0,32.0,32.0,36.0,27.0,27.0,36.0,23.0,25.0,29.0,26.0,25.0,21.0,22.0,21.0,21.0,22.0,21.0,22.0,21.0,22.0,21.0,21.0,21.0,22.0,22.0,23.0,20.0,22.0,23.0,21.0,10.0,hold,1,1,23.4631
1787153671.9505,2026-08-19 17:34:31.950,10,c3,1,0,-0.03813,-0.49683,0.03972,-4.1412,10.5401,-16.146,-0.0774,0.0031,-0.3761,2.36189,23.0,24.0,28.0,24.0,27.0,33.0,32.0,27.0,32.0,32.0,36.0,27.0,27.0,36.0,23.0,25.0,29.0,26.0,25.0,21.0,22.0,21.0,21.0,22.0,21.0,22.0,21.0,22.0,21.0,21.0,21.0,22.0,22.0,23.0,20.0,22.0,23.0,21.0,10.0,hold,1,1,23.4698
1787153672.0007,2026-08-19 17:34:32.000,10,c3,1,0,-0.03813,-0.49682,0.03972,-4.1782,10.6048,-16.1495,-0.0774,0.0023,-0.3783,2.37448,23.0,24.0,29.0,24.0,26.0,32.0,33.0,27.0,32.0,32.0,35.0,29.0,30.0,38.0,25.0,23.0,30.0,27.0,25.0,21.0,22.0,21.0,21.0,22.0,21.0,22.0,21.0,22.0,21.0,21.0,21.0,22.0,22.0,23.0,20.0,22.0,23.0,21.0,10.0,hold,1,1,23.3578
1787153672.0508,2026-08-19 17:34:32.050,10,c3,1,0,-0.03814,-0.49682,0.03972,-3.618,10.3026,-16.2608,-0.0732,0.0163,-0.373,2.37649,23.0,24.0,29.0,24.0,26.0,32.0,33.0,27.0,32.0,32.0,35.0,29.0,30.0,38.0,25.0,23.0,30.0,27.0,25.0,21.0,22.0,21.0,21.0,22.0,21.0,22.0,21.0,22.0,21.0,21.0,21.0,22.0,22.0,23.0,20.0,22.0,23.0,21.0,10.0,hold,1,1,23.3399
1787153672.1008,2026-08-19 17:34:32.100,10,c3,1,0,-0.03815,-0.49682,0.03972,-4.2817,10.0902,-16.2725,-0.0634,0.0051,-0.3737,2.38656,24.0,25.0,29.0,25.0,28.0,35.0,34.0,25.0,33.0,32.0,33.0,25.0,30.0,36.0,23.0,24.0,30.0,25.0,23.0,21.0,22.0,21.0,21.0,22.0,21.0,22.0,21.0,22.0,21.0,21.0,21.0,22.0,22.0,23.0,20.0,22.0,23.0,21.0,10.0,hold,1,1,23.2503
1787153672.1512,2026-08-19 17:34:32.151,10,c3,1,0,-0.03813,-0.49681,0.0397,-3.7529,10.2361,-16.3679,-0.0681,0.0148,-0.3711,2.38505,23.0,24.0,28.0,23.0,27.0,33.0,32.0,28.0,32.0,32.0,34.0,28.0,30.0,36.0,23.0,25.0,29.0,25.0,23.0,21.0,22.0,21.0,21.0,22.0,21.0,22.0,21.0,22.0,21.0,21.0,21.0,22.0,22.0,23.0,20.0,22.0,23.0,21.0,10.0,hold,1,1,23.2637
1787153672.2013,2026-08-19 17:34:32.201,10,c3,1,0,-0.03812,-0.49681,0.03971,-4.132,10.2174,-16.2117,-0.0674,0.0053,-0.3714,2.39059,23.0,24.0,28.0,23.0,27.0,33.0,32.0,28.0,32.0,32.0,34.0,28.0,30.0,36.0,23.0,25.0,29.0,25.0,23.0,21.0,22.0,21.0,21.0,22.0,21.0,22.0,21.0,22.0,21.0,21.0,21.0,22.0,22.0,23.0,20.0,22.0,23.0,21.0,10.0,hold,1,1,23.2144
1787153672.2514,2026-08-19 17:34:32.251,10,c3,1,0,-0.03815,-0.49681,0.03971,-4.57,9.9786,-16.1793,-0.063,-0.004,-0.3851,2.39084,24.0,25.0,28.0,24.0,27.0,34.0,33.0,25.0,32.0,32.0,35.0,26.0,28.0,37.0,23.0,23.0,30.0,25.0,24.0,21.0,22.0,21.0,21.0,22.0,21.0,22.0,21.0,22.0,21.0,21.0,21.0,22.0,22.0,23.0,20.0,22.0,23.0,21.0,10.0,hold,1,1,23.2122
1787153672.3015,2026-08-19 17:34:32.301,10,c3,1,0,-0.03814,-0.49681,0.03971,-4.1121,10.3119,-16.3881,-0.073,0.0051,-0.374,2.39311,24.0,25.0,28.0,24.0,27.0,34.0,33.0,25.0,32.0,32.0,35.0,26.0,28.0,37.0,23.0,23.0,30.0,25.0,24.0,21.0,22.0,21.0,21.0,22.0,21.0,22.0,21.0,22.0,21.0,21.0,21.0,22.0,22.0,23.0,20.0,22.0,23.0,21.0,10.0,hold,1,1,23.192
1787153672.3516,2026-08-19 17:34:32.351,10,c3,1,0,-0.03813,-0.49681,0.03972,-4.0474,10.3048,-16.4268,-0.0708,0.0088,-0.3733,2.39311,23.0,24.0,28.0,24.0,28.0,35.0,33.0,25.0,30.0,30.0,34.0,27.0,28.0,34.0,22.0,24.0,28.0,24.0,23.0,21.0,22.0,21.0,21.0,22.0,21.0,22.0,21.0,22.0,21.0,21.0,21.0,22.0,22.0,23.0,20.0,22.0,23.0,21.0,10.0,hold,1,1,23.192
1787153672.4017,2026-08-19 17:34:32.401,10,c3,1,0,-0.03812,-0.49682,0.03971,-3.6007,9.366,-16.3214,-0.0488,0.0217,-0.3701,2.40167,23.0,24.0,28.0,24.0,28.0,35.0,33.0,25.0,30.0,30.0,34.0,27.0,28.0,34.0,22.0,24.0,28.0,24.0,23.0,21.0,22.0,21.0,21.0,22.0,21.0,22.0,21.0,22.0,21.0,21.0,21.0,22.0,22.0,23.0,20.0,22.0,23.0,21.0,10.0,hold,1,1,23.1159
1787153672.4518,2026-08-19 17:34:32.451,10,c3,1,0,-0.03814,-0.49682,0.03972,-3.7651,10.0309,-16.4002,-0.069,0.0165,-0.3755,2.39663,23.0,22.0,27.0,23.0,25.0,32.0,32.0,27.0,33.0,32.0,34.0,26.0,30.0,36.0,22.0,24.0,30.0,25.0,23.0,21.0,22.0,21.0,21.0,22.0,21.0,22.0,21.0,22.0,21.0,21.0,21.0,22.0,22.0,23.0,20.0,22.0,23.0,21.0,10.0,hold,1,1,23.1607
1787153672.5019,2026-08-19 17:34:32.501,10,c3,1,0,-0.03812,-0.49682,0.03972,-3.9416,10.0725,-16.3968,-0.0641,0.0095,-0.3736,2.40696,23.0,26.0,27.0,24.0,28.0,35.0,33.0,27.0,31.0,34.0,35.0,27.0,29.0,37.0,23.0,25.0,31.0,25.0,24.0,21.0,22.0,21.0,21.0,22.0,21.0,22.0,21.0,22.0,21.0,21.0,21.0,22.0,22.0,23.0,20.0,22.0,23.0,21.0,10.0,hold,1,1,23.0688
1787153672.5521,2026-08-19 17:34:32.552,10,c3,1,0,-0.03815,-0.49681,0.03971,-3.883,10.0621,-16.5735,-0.065,0.0113,-0.3733,2.4052,23.0,26.0,27.0,24.0,28.0,35.0,33.0,27.0,31.0,34.0,35.0,27.0,29.0,37.0,23.0,25.0,31.0,25.0,24.0,21.0,22.0,21.0,21.0,22.0,21.0,22.0,21.0,22.0,21.0,21.0,21.0,22.0,22.0,23.0,20.0,22.0,23.0,21.0,10.0,hold,1,1,23.0845
1787153672.6022,2026-08-19 17:34:32.602,10,c3,1,0,-0.03813,-0.49682,0.03972,-3.8916,9.9493,-16.3914,-0.0616,0.0114,-0.3728,2.40998,24.0,23.0,29.0,23.0,26.0,35.0,33.0,24.0,31.0,33.0,36.0,25.0,30.0,37.0,23.0,22.0,30.0,26.0,23.0,21.0,22.0,21.0,21.0,22.0,21.0,22.0,21.0,22.0,21.0,21.0,21.0,22.0,22.0,23.0,20.0,22.0,23.0,21.0,10.0,hold,1,1,23.042
1787153672.6523,2026-08-19 17:34:32.652,10,c3,1,0,-0.03813,-0.49682,0.03973,-4.2942,10.2224,-16.3079,-0.0697,0.0012,-0.382,2.40973,24.0,23.0,29.0,23.0,26.0,35.0,33.0,24.0,31.0,33.0,36.0,25.0,30.0,37.0,23.0,22.0,30.0,26.0,23.0,21.0,22.0,21.0,21.0,22.0,21.0,22.0,21.0,22.0,21.0,21.0,21.0,22.0,22.0,23.0,20.0,22.0,23.0,21.0,10.0,hold,1,1,23.0442
1787153672.7025,2026-08-19 17:34:32.702,10,c3,1,0,-0.03814,-0.49681,0.03971,-4.0422,10.0498,-16.3025,-0.066,0.0094,-0.3773,2.41778,22.0,26.0,29.0,22.0,26.0,34.0,31.0,24.0,32.0,33.0,37.0,26.0,29.0,36.0,23.0,24.0,31.0,25.0,23.0,21.0,22.0,21.0,21.0,22.0,21.0,22.0,21.0,22.0,21.0,21.0,21.0,22.0,22.0,23.0,20.0,22.0,23.0,21.0,10.0,hold,1,1,22.9725
1787153672.7526,2026-08-19 17:34:32.752,10,c3,1,0,-0.03816,-0.49681,0.03972,-4.1269,10.0872,-16.3072,-0.0659,0.0027,-0.3792,2.41376,22.0,24.0,29.0,21.0,27.0,34.0,33.0,25.0,33.0,32.0,34.0,26.0,29.0,36.0,24.0,22.0,29.0,26.0,24.0,21.0,22.0,21.0,21.0,22.0,21.0,22.0,21.0,22.0,21.0,21.0,21.0,22.0,22.0,23.0,20.0,22.0,23.0,21.0,10.0,hold,1,1,23.0084
1787153672.8027,2026-08-19 17:34:32.802,10,c3,1,0,-0.03814,-0.49681,0.03971,-4.3394,10.4677,-16.5631,-0.0781,-0.0014,-0.3766,2.42081,22.0,24.0,29.0,21.0,27.0,34.0,33.0,25.0,33.0,32.0,34.0,26.0,29.0,36.0,24.0,22.0,29.0,26.0,24.0,21.0,22.0,21.0,21.0,22.0,21.0,22.0,21.0,22.0,21.0,21.0,21.0,22.0,22.0,23.0,20.0,22.0,23.0,21.0,10.0,hold,1,1,22.9456
1787153672.8529,2026-08-19 17:34:32.852,10,c3,1,0,-0.03813,-0.49681,0.03971,-3.8405,10.2777,-16.3861,-0.0729,0.0082,-0.3745,2.41728,24.0,25.0,27.0,24.0,28.0,32.0,32.0,26.0,31.0,32.0,35.0,27.0,29.0,36.0,24.0,24.0,28.0,29.0,25.0,21.0,22.0,21.0,21.0,22.0,21.0,22.0,21.0,22.0,21.0,21.0,21.0,22.0,22.0,23.0,20.0,22.0,23.0,21.0,10.0,hold,1,1,22.977
1787153672.903,2026-08-19 17:34:32.902,10,c3,1,0,-0.03813,-0.49683,0.03972,-4.1079,9.9386,-16.46,-0.0689,0.0026,-0.3805,2.4266,24.0,25.0,27.0,24.0,28.0,32.0,32.0,26.0,31.0,32.0,35.0,27.0,29.0,36.0,24.0,24.0,28.0,29.0,25.0,21.0,22.0,21.0,21.0,22.0,21.0,22.0,21.0,22.0,21.0,21.0,21.0,22.0,22.0,23.0,20.0,22.0,23.0,21.0,10.0,hold,1,1,22.8941
1787153672.9531,2026-08-19 17:34:32.953,10,c3,1,0,-0.03814,-0.49681,0.03972,-3.8892,10.174,-16.344,-0.0715,0.0111,-0.3773,2.4198,24.0,24.0,29.0,24.0,27.0,35.0,36.0,26.0,32.0,32.0,36.0,26.0,29.0,37.0,24.0,23.0,29.0,26.0,24.0,21.0,22.0,21.0,21.0,22.0,21.0,22.0,21.0,22.0,21.0,21.0,21.0,22.0,22.0,23.0,20.0,22.0,23.0,21.0,10.0,hold,1,1,22.9546
1787153673.0032,2026-08-19 17:34:33.003,10,c3,1,0,-0.03814,-0.49681,0.03971,-4.1881,10.271,-16.286,-0.0698,0.0018,-0.3804,2.42483,24.0,23.0,26.0,23.0,26.0,33.0,34.0,26.0,30.0,32.0,36.0,28.0,28.0,34.0,22.0,26.0,29.0,25.0,26.0,21.0,22.0,21.0,21.0,22.0,21.0,22.0,21.0,22.0,21.0,21.0,21.0,22.0,22.0,23.0,20.0,22.0,23.0,21.0,10.0,hold,1,1,22.9098
1787153673.0533,2026-08-19 17:34:33.053,10,c3,1,0,-0.03813,-0.49683,0.03972,-4.2444,10.166,-16.6362,-0.0676,-0.0021,-0.3721,2.41904,24.0,23.0,26.0,23.0,26.0,33.0,34.0,26.0,30.0,32.0,36.0,28.0,28.0,34.0,22.0,26.0,29.0,25.0,26.0,21.0,22.0,21.0,21.0,22.0,21.0,22.0,21.0,22.0,21.0,21.0,21.0,22.0,22.0,23.0,20.0,22.0,23.0,21.0,10.0,hold,1,1,22.9613
1787153673.1035,2026-08-19 17:34:33.103,10,c3,1,0,-0.03814,-0.49681,0.03972,-3.9898,10.0792,-16.418,-0.0635,0.009,-0.3722,2.43214,24.0,22.0,28.0,24.0,25.0,32.0,34.0,25.0,32.0,33.0,34.0,26.0,29.0,37.0,23.0,23.0,30.0,26.0,23.0,21.0,22.0,21.0,21.0,22.0,21.0,22.0,21.0,22.0,21.0,21.0,21.0,22.0,22.0,23.0,20.0,22.0,23.0,21.0,10.0,hold,1,1,22.8449
1787153673.1536,2026-08-19 17:34:33.153,10,c3,1,0,-0.03816,-0.49682,0.03972,-4.2304,10.4835,-16.5234,-0.0771,0.003,-0.3766,2.43365,24.0,22.0,28.0,24.0,25.0,32.0,34.0,25.0,32.0,33.0,34.0,26.0,29.0,37.0,23.0,23.0,30.0,26.0,23.0,21.0,22.0,21.0,21.0,22.0,21.0,22.0,21.0,22.0,21.0,21.0,21.0,22.0,22.0,23.0,20.0,22.0,23.0,21.0,10.0,hold,1,1,22.8314
1787153673.2037,2026-08-19 17:34:33.203,10,c3,1,0,-0.03815,-0.49683,0.03973,-4.2259,10.0942,-16.6563,-0.0639,0.001,-0.3811,2.43239,22.0,23.0,27.0,22.0,26.0,34.0,32.0,27.0,32.0,31.0,34.0,28.0,29.0,35.0,24.0,24.0,29.0,25.0,27.0,21.0,22.0,21.0,21.0,22.0,21.0,22.0,21.0,22.0,21.0,21.0,21.0,22.0,22.0,23.0,20.0,22.0,23.0,21.0,10.0,hold,1,1,22.8426
1787153673.2538,2026-08-19 17:34:33.253,10,c3,1,0,-0.03814,-0.49681,0.03971,-3.7251,9.8831,-16.4605,-0.0616,0.0162,-0.3739,2.43717,22.0,23.0,27.0,22.0,26.0,34.0,32.0,27.0,32.0,31.0,34.0,28.0,29.0,35.0,24.0,24.0,29.0,25.0,27.0,21.0,22.0,21.0,21.0,22.0,21.0,22.0,21.0,22.0,21.0,21.0,21.0,22.0,22.0,23.0,20.0,22.0,23.0,21.0,10.0,hold,1,1,22.8001
1787153673.3039,2026-08-19 17:34:33.303,10,c3,1,0,-0.03813,-0.49683,0.03973,-3.8476,10.0236,-16.7089,-0.0673,0.0103,-0.3731,2.43339,23.0,25.0,26.0,24.0,27.0,33.0,32.0,28.0,33.0,31.0,35.0,29.0,30.0,35.0,24.0,27.0,29.0,25.0,26.0,21.0,22.0,21.0,21.0,22.0,21.0,22.0,21.0,22.0,21.0,21.0,21.0,22.0,22.0,23.0,20.0,22.0,23.0,21.0,10.0,hold,1,1,22.8337
1787153673.354,2026-08-19 17:34:33.354,10,c3,1,0,-0.03813,-0.49682,0.03972,-3.9693,10.3751,-16.5198,-0.0745,0.0093,-0.3743,2.43264,23.0,26.0,28.0,24.0,27.0,33.0,33.0,27.0,32.0,32.0,32.0,28.0,32.0,35.0,23.0,26.0,30.0,24.0,27.0,21.0,22.0,21.0,21.0,22.0,21.0,22.0,21.0,22.0,21.0,21.0,21.0,22.0,22.0,23.0,20.0,22.0,23.0,21.0,10.0,hold,1,1,22.8404
1787153673.4042,2026-08-19 17:34:33.404,10,c3,1,0,-0.03813,-0.49683,0.03973,-4.0681,10.1011,-16.55,-0.0672,0.0053,-0.379,2.43516,23.0,26.0,28.0,24.0,27.0,33.0,33.0,27.0,32.0,32.0,32.0,28.0,32.0,35.0,23.0,26.0,30.0,24.0,27.0,21.0,22.0,21.0,21.0,22.0,21.0,22.0,21.0,22.0,21.0,21.0,21.0,22.0,22.0,23.0,20.0,22.0,23.0,21.0,10.0,hold,1,1,22.818
1787153673.4543,2026-08-19 17:34:33.454,10,c3,1,0,-0.03814,-0.49682,0.03973,-3.8536,10.2336,-16.6782,-0.0723,0.0117,-0.3745,2.43339,25.0,25.0,26.0,25.0,27.0,33.0,32.0,28.0,31.0,32.0,36.0,27.0,29.0,36.0,24.0,26.0,30.0,26.0,26.0,21.0,22.0,21.0,21.0,22.0,21.0,22.0,21.0,22.0,21.0,21.0,21.0,22.0,22.0,23.0,20.0,22.0,23.0,21.0,10.0,hold,1,1,22.8337
1787153673.5044,2026-08-19 17:34:33.504,10,c3,1,0,-0.03812,-0.49682,0.03973,-4.0743,10.1757,-16.6182,-0.0671,0.008,-0.3782,2.44296,25.0,25.0,26.0,25.0,27.0,33.0,32.0,28.0,31.0,32.0,36.0,27.0,29.0,36.0,24.0,26.0,30.0,26.0,26.0,21.0,22.0,21.0,21.0,22.0,21.0,22.0,21.0,22.0,21.0,21.0,21.0,22.0,22.0,23.0,20.0,22.0,23.0,21.0,10.0,hold,1,1,22.7485
1787153673.5545,2026-08-19 17:34:33.554,10,c3,1,0,-0.03812,-0.49681,0.03972,-3.7882,10.1659,-16.6858,-0.0627,0.011,-0.3727,2.43717,25.0,24.0,27.0,24.0,27.0,34.0,35.0,28.0,32.0,31.0,34.0,27.0,28.0,35.0,22.0,24.0,28.0,25.0,27.0,21.0,22.0,21.0,21.0,22.0,21.0,22.0,21.0,22.0,21.0,21.0,21.0,22.0,22.0,23.0,20.0,22.0,23.0,21.0,10.0,hold,1,1,22.8001
1787153673.6047,2026-08-19 17:34:33.604,10,c3,1,0,-0.03814,-0.49682,0.03971,-3.7239,10.1828,-16.4854,-0.0681,0.0135,-0.3727,2.44246,23.0,24.0,27.0,23.0,27.0,32.0,32.0,26.0,32.0,33.0,34.0,26.0,29.0,37.0,23.0,25.0,30.0,24.0,24.0,21.0,22.0,21.0,21.0,22.0,21.0,22.0,21.0,22.0,21.0,21.0,21.0,22.0,22.0,23.0,20.0,22.0,23.0,21.0,10.0,hold,1,1,22.753
1787153673.6548,2026-08-19 17:34:33.654,10,c3,1,0,-0.03814,-0.49681,0.0397,-3.7672,9.6867,-16.7701,-0.0582,0.0172,-0.3743,2.43893,23.0,24.0,27.0,23.0,27.0,32.0,32.0,26.0,32.0,33.0,34.0,26.0,29.0,37.0,23.0,25.0,30.0,24.0,24.0,21.0,22.0,21.0,21.0,22.0,21.0,22.0,21.0,22.0,21.0,21.0,21.0,22.0,22.0,23.0,20.0,22.0,23.0,21.0,10.0,hold,1,1,22.7844
1787153673.7049,2026-08-19 17:34:33.704,10,c3,1,0,-0.03814,-0.49682,0.03971,-4.1291,10.3615,-16.5746,-0.0715,0.0049,-0.3796,2.44145,24.0,24.0,28.0,24.0,27.0,35.0,32.0,25.0,32.0,31.0,34.0,26.0,30.0,34.0,23.0,24.0,28.0,25.0,24.0,21.0,22.0,21.0,21.0,22.0,21.0,22.0,21.0,22.0,21.0,21.0,21.0,22.0,22.0,23.0,20.0,22.0,23.0,21.0,10.0,hold,1,1,22.762
1787153673.755,2026-08-19 17:34:33.754,10,c3,1,0,-0.03812,-0.49682,0.03973,-4.1749,10.1572,-16.4178,-0.0673,0.0039,-0.3825,2.44221,24.0,24.0,28.0,24.0,27.0,35.0,32.0,25.0,32.0,31.0,34.0,26.0,30.0,34.0,23.0,24.0,28.0,25.0,24.0,21.0,22.0,21.0,21.0,22.0,21.0,22.0,21.0,22.0,21.0,21.0,21.0,22.0,22.0,23.0,20.0,22.0,23.0,21.0,10.0,hold,1,1,22.7553
1787153673.8051,2026-08-19 17:34:33.805,10,c3,1,0,-0.03814,-0.49682,0.03972,-3.7853,10.1866,-16.5403,-0.0679,0.0135,-0.3712,2.44095,21.0,25.0,26.0,23.0,28.0,31.0,32.0,26.0,33.0,32.0,34.0,27.0,30.0,37.0,23.0,26.0,30.0,25.0,24.0,21.0,22.0,21.0,21.0,22.0,21.0,22.0,21.0,22.0,21.0,21.0,21.0,22.0,22.0,23.0,20.0,22.0,23.0,21.0,10.0,hold,1,1,22.7665
1787153673.8552,2026-08-19 17:34:33.855,10,c3,1,0,-0.03814,-0.49683,0.03974,-4.021,9.9554,-16.5528,-0.0632,0.0068,-0.3768,2.44649,23.0,25.0,27.0,22.0,28.0,33.0,33.0,26.0,32.0,32.0,36.0,26.0,30.0,36.0,24.0,25.0,30.0,26.0,25.0,21.0,22.0,21.0,21.0,22.0,21.0,22.0,21.0,22.0,21.0,21.0,21.0,22.0,22.0,23.0,20.0,22.0,23.0,21.0,10.0,hold,1,1,22.7172
1787153673.9054,2026-08-19 17:34:33.905,10,c3,1,0,-0.03812,-0.49682,0.03972,-3.7544,10.3655,-16.5861,-0.0732,0.0135,-0.3734,2.44145,23.0,25.0,27.0,22.0,28.0,33.0,33.0,26.0,32.0,32.0,36.0,26.0,30.0,36.0,24.0,25.0,30.0,26.0,25.0,21.0,22.0,21.0,21.0,22.0,21.0,22.0,21.0,22.0,21.0,21.0,21.0,22.0,22.0,23.0,20.0,22.0,23.0,21.0,10.0,hold,1,1,22.762
1787153673.9554,2026-08-19 17:34:33.955,10,c3,1,0,-0.03813,-0.49681,0.03972,-3.9321,10.1116,-16.4517,-0.0642,0.0093,-0.3736,2.44699,24.0,24.0,27.0,23.0,27.0,34.0,34.0,24.0,32.0,32.0,37.0,27.0,28.0,34.0,25.0,24.0,29.0,27.0,23.0,21.0,22.0,21.0,21.0,22.0,21.0,22.0,21.0,22.0,21.0,21.0,21.0,22.0,22.0,23.0,20.0,22.0,23.0,21.0,10.0,hold,1,1,22.7127
1787153674.0055,2026-08-19 17:34:34.005,10,c3,1,0,-0.03813,-0.49682,0.03972,-4.234,9.8419,-16.6537,-0.0593,0.0011,-0.383,2.4412,24.0,24.0,27.0,23.0,27.0,34.0,34.0,24.0,32.0,32.0,37.0,27.0,28.0,34.0,25.0,24.0,29.0,27.0,23.0,21.0,22.0,21.0,21.0,22.0,21.0,22.0,21.0,22.0,21.0,21.0,21.0,22.0,22.0,23.0,20.0,22.0,23.0,21.0,10.0,hold,1,1,22.7642
1787153674.0558,2026-08-19 17:34:34.055,10,c3,1,0,-0.03813,-0.49682,0.03972,-4.3508,10.3841,-16.5293,-0.0757,-0.0017,-0.378,2.45177,23.0,24.0,27.0,23.0,27.0,34.0,34.0,25.0,32.0,32.0,34.0,27.0,29.0,35.0,22.0,24.0,29.0,24.0,25.0,21.0,22.0,21.0,21.0,22.0,21.0,22.0,21.0,22.0,21.0,21.0,21.0,22.0,22.0,23.0,20.0,22.0,23.0,21.0,10.0,hold,1,1,22.6701
1787153674.106,2026-08-19 17:34:34.106,10,c3,1,0,-0.03814,-0.49683,0.03972,-4.2306,10.1951,-16.4077,-0.0664,0.0047,-0.3798,2.44372,23.0,24.0,27.0,23.0,26.0,34.0,34.0,27.0,32.0,32.0,33.0,25.0,31.0,36.0,23.0,23.0,31.0,24.0,23.0,21.0,22.0,21.0,21.0,22.0,21.0,22.0,21.0,22.0,21.0,21.0,21.0,22.0,22.0,23.0,20.0,22.0,23.0,21.0,10.0,hold,1,1,22.7418
1787153674.1561,2026-08-19 17:34:34.156,10,c3,1,0,-0.03812,-0.49683,0.03973,-4.1569,10.832,-16.4978,-0.0806,0.005,-0.3789,2.45001,23.0,24.0,27.0,23.0,26.0,34.0,34.0,27.0,32.0,32.0,33.0,25.0,31.0,36.0,23.0,23.0,31.0,24.0,23.0,21.0,22.0,21.0,21.0,22.0,21.0,22.0,21.0,22.0,21.0,21.0,21.0,22.0,22.0,23.0,20.0,22.0,23.0,21.0,10.0,hold,1,1,22.6858
1787153674.2062,2026-08-19 17:34:34.206,10,c3,1,0,-0.03814,-0.49682,0.03973,-3.8894,9.763,-16.584,-0.0595,0.0126,-0.368,2.44749,23.0,24.0,27.0,22.0,27.0,35.0,33.0,27.0,33.0,32.0,35.0,27.0,29.0,35.0,23.0,25.0,29.0,24.0,24.0,21.0,22.0,21.0,21.0,22.0,21.0,22.0,21.0,22.0,21.0,21.0,21.0,22.0,22.0,23.0,20.0,22.0,23.0,21.0,10.0,hold,1,1,22.7082
1787153674.2564,2026-08-19 17:34:34.256,10,c3,1,0,-0.03814,-0.49682,0.03972,-4.1512,10.1976,-16.5697,-0.071,0.0062,-0.3705,2.44976,23.0,24.0,27.0,22.0,27.0,35.0,33.0,27.0,33.0,32.0,35.0,27.0,29.0,35.0,23.0,25.0,29.0,24.0,24.0,21.0,22.0,21.0,21.0,22.0,21.0,22.0,21.0,22.0,21.0,21.0,21.0,22.0,22.0,23.0,20.0,22.0,23.0,21.0,10.0,hold,1,1,22.6881
1787153674.3065,2026-08-19 17:34:34.306,10,c3,1,0,-0.03814,-0.49682,0.03972,-3.8981,10.0329,-16.5049,-0.0656,0.0122,-0.3759,2.44623,24.0,25.0,28.0,24.0,26.0,34.0,33.0,28.0,31.0,31.0,35.0,28.0,28.0,35.0,25.0,25.0,29.0,26.0,24.0,21.0,22.0,21.0,21.0,22.0,21.0,22.0,21.0,22.0,21.0,21.0,21.0,22.0,22.0,23.0,20.0,22.0,23.0,21.0,10.0,hold,1,1,22.7194
1787153674.3566,2026-08-19 17:34:34.356,10,c3,1,0,-0.03813,-0.49681,0.03972,-4.0378,10.3768,-16.4591,-0.0742,0.0058,-0.3753,2.44825,24.0,25.0,28.0,24.0,26.0,34.0,33.0,28.0,31.0,31.0,35.0,28.0,28.0,35.0,25.0,25.0,29.0,26.0,24.0,21.0,22.0,21.0,21.0,22.0,21.0,22.0,21.0,22.0,21.0,21.0,21.0,22.0,22.0,23.0,20.0,22.0,23.0,21.0,10.0,hold,1,1,22.7015
1787153674.4068,2026-08-19 17:34:34.406,10,c3,1,0,-0.03812,-0.49681,0.03971,-4.1654,10.2001,-16.6147,-0.069,0.0039,-0.3742,2.45077,24.0,23.0,28.0,24.0,27.0,33.0,33.0,25.0,32.0,32.0,37.0,27.0,29.0,35.0,25.0,22.0,29.0,25.0,24.0,21.0,22.0,21.0,21.0,22.0,21.0,22.0,21.0,22.0,21.0,21.0,21.0,22.0,22.0,23.0,20.0,22.0,23.0,21.0,10.0,hold,1,1,22.6791
1787153674.4569,2026-08-19 17:34:34.456,10,c3,1,0,-0.03812,-0.49681,0.03972,-3.6954,10.1334,-16.7075,-0.068,0.0165,-0.3714,2.45102,23.0,22.0,26.0,23.0,26.0,33.0,35.0,27.0,31.0,32.0,36.0,27.0,30.0,35.0,25.0,25.0,30.0,27.0,26.0,21.0,22.0,21.0,21.0,22.0,21.0,22.0,21.0,22.0,21.0,21.0,21.0,22.0,22.0,23.0,20.0,22.0,23.0,21.0,10.0,hold,1,1,22.6769
1787153674.5069,2026-08-19 17:34:34.506,10,c3,1,0,-0.03814,-0.49682,0.03972,-3.7375,9.9641,-16.4925,-0.0642,0.0131,-0.3689,2.44573,23.0,22.0,26.0,23.0,26.0,33.0,35.0,27.0,31.0,32.0,36.0,27.0,30.0,35.0,25.0,25.0,30.0,27.0,26.0,21.0,22.0,21.0,21.0,22.0,21.0,22.0,21.0,22.0,21.0,21.0,21.0,22.0,22.0,23.0,20.0,22.0,23.0,21.0,10.0,hold,1,1,22.7239
1787153674.5571,2026-08-19 17:34:34.557,10,c3,1,0,-0.03814,-0.49682,0.03973,-3.798,10.2451,-16.6196,-0.0693,0.0133,-0.3729,2.44699,25.0,24.0,26.0,26.0,26.0,33.0,35.0,26.0,31.0,31.0,35.0,27.0,29.0,35.0,23.0,24.0,29.0,25.0,23.0,21.0,22.0,21.0,21.0,22.0,21.0,22.0,21.0,22.0,21.0,21.0,21.0,22.0,22.0,23.0,20.0,22.0,23.0,21.0,10.0,hold,1,1,22.7127
1787153674.6072,2026-08-19 17:34:34.607,10,c3,1,0,-0.03813,-0.49683,0.03974,-3.8772,10.0508,-16.6239,-0.066,0.0117,-0.3697,2.45656,25.0,24.0,26.0,26.0,26.0,33.0,35.0,26.0,31.0,31.0,35.0,27.0,29.0,35.0,23.0,24.0,29.0,25.0,23.0,21.0,22.0,21.0,21.0,22.0,21.0,22.0,21.0,22.0,21.0,21.0,21.0,22.0,22.0,23.0,20.0,22.0,23.0,21.0,10.0,hold,1,1,22.6276
1787153674.6573,2026-08-19 17:34:34.657,10,c3,1,0,-0.03815,-0.49682,0.03973,-4.1913,10.4775,-16.6431,-0.0779,0.0061,-0.3783,2.45102,23.0,24.0,27.0,24.0,26.0,34.0,33.0,28.0,32.0,32.0,34.0,26.0,30.0,36.0,23.0,24.0,29.0,24.0,26.0,21.0,22.0,21.0,21.0,22.0,21.0,22.0,21.0,22.0,21.0,21.0,21.0,22.0,22.0,23.0,20.0,22.0,23.0,21.0,10.0,hold,1,1,22.6769
1787153674.7074,2026-08-19 17:34:34.707,10,c3,1,0,-0.03815,-0.49683,0.03973,-3.6199,10.2146,-16.7033,-0.0721,0.0158,-0.3728,2.4553,24.0,25.0,28.0,23.0,28.0,34.0,31.0,27.0,31.0,31.0,36.0,28.0,29.0,35.0,22.0,25.0,29.0,25.0,26.0,21.0,22.0,21.0,21.0,22.0,21.0,22.0,21.0,22.0,21.0,21.0,21.0,22.0,22.0,23.0,20.0,22.0,23.0,21.0,10.0,hold,1,1,22.6388
1787153674.7575,2026-08-19 17:34:34.757,10,c3,1,0,-0.03813,-0.49681,0.03971,-4.0436,10.434,-16.7871,-0.0725,0.0067,-0.377,2.45253,24.0,25.0,28.0,23.0,28.0,34.0,31.0,27.0,31.0,31.0,36.0,28.0,29.0,35.0,22.0,25.0,29.0,25.0,26.0,21.0,22.0,21.0,21.0,22.0,21.0,22.0,21.0,22.0,21.0,21.0,21.0,22.0,22.0,23.0,20.0,22.0,23.0,21.0,10.0,hold,1,1,22.6634
1787153674.8077,2026-08-19 17:34:34.807,10,c3,1,0,-0.03814,-0.49682,0.03971,-3.9128,10.1047,-16.5528,-0.0673,0.0094,-0.3752,2.45479,26.0,27.0,27.0,25.0,27.0,33.0,33.0,26.0,31.0,32.0,33.0,26.0,29.0,36.0,21.0,25.0,30.0,24.0,24.0,21.0,22.0,21.0,21.0,22.0,21.0,22.0,21.0,22.0,21.0,21.0,21.0,22.0,22.0,23.0,20.0,22.0,23.0,21.0,10.0,hold,1,1,22.6433
1787153674.8578,2026-08-19 17:34:34.857,10,c3,1,0,-0.03814,-0.49682,0.03973,-3.853,9.8722,-16.6764,-0.058,0.013,-0.3738,2.45479,26.0,27.0,27.0,25.0,27.0,33.0,33.0,26.0,31.0,32.0,33.0,26.0,29.0,36.0,21.0,25.0,30.0,24.0,24.0,21.0,22.0,21.0,21.0,22.0,21.0,22.0,21.0,22.0,21.0,21.0,21.0,22.0,22.0,23.0,20.0,22.0,23.0,21.0,10.0,hold,1,1,22.6433
1787153674.9079,2026-08-19 17:34:34.907,10,c3,1,0,-0.03812,-0.49682,0.03973,-3.9819,10.0782,-16.7009,-0.0681,0.0099,-0.3743,2.45706,23.0,24.0,27.0,23.0,27.0,34.0,30.0,27.0,31.0,33.0,33.0,27.0,29.0,38.0,23.0,25.0,31.0,24.0,24.0,21.0,22.0,21.0,21.0,22.0,21.0,22.0,21.0,22.0,21.0,21.0,21.0,22.0,22.0,23.0,20.0,22.0,23.0,21.0,10.0,hold,1,1,22.6231
1787153674.958,2026-08-19 17:34:34.958,10,c3,1,0,-0.03813,-0.49682,0.03973,-3.6434,9.9634,-16.4811,-0.0632,0.0171,-0.3699,2.44472,22.0,24.0,29.0,24.0,26.0,36.0,32.0,26.0,32.0,31.0,33.0,26.0,28.0,35.0,23.0,25.0,30.0,26.0,22.0,21.0,22.0,21.0,21.0,22.0,21.0,22.0,21.0,22.0,21.0,21.0,21.0,22.0,22.0,23.0,20.0,22.0,23.0,21.0,10.0,hold,1,1,22.7329
1787153675.0081,2026-08-19 17:34:35.008,10,c3,1,0,-0.03812,-0.49683,0.03972,-4.3801,10.6579,-16.2684,-0.0786,-0.0033,-0.3784,2.46285,22.0,24.0,29.0,24.0,26.0,36.0,32.0,26.0,32.0,31.0,33.0,26.0,28.0,35.0,23.0,25.0,30.0,26.0,22.0,21.0,22.0,21.0,21.0,22.0,21.0,22.0,21.0,22.0,21.0,21.0,21.0,22.0,22.0,23.0,20.0,22.0,23.0,21.0,10.0,hold,1,1,22.5716
1787153675.0582,2026-08-19 17:34:35.058,10,c3,1,0,-0.03813,-0.49681,0.03971,-3.6134,9.6441,-16.5564,-0.0528,0.0175,-0.3668,2.46008,23.0,25.0,27.0,22.0,27.0,32.0,32.0,26.0,32.0,33.0,34.0,26.0,31.0,36.0,23.0,23.0,29.0,26.0,24.0,21.0,22.0,21.0,21.0,22.0,21.0,22.0,21.0,22.0,21.0,21.0,21.0,22.0,22.0,23.0,20.0,22.0,23.0,21.0,10.0,hold,1,1,22.5962
1787153675.1082,2026-08-19 17:34:35.108,10,c3,1,0,-0.03814,-0.49683,0.03973,-4.2049,10.0971,-16.4061,-0.0648,0.0035,-0.3796,2.45177,23.0,25.0,27.0,22.0,27.0,32.0,32.0,26.0,32.0,33.0,34.0,26.0,31.0,36.0,23.0,23.0,29.0,26.0,24.0,21.0,22.0,21.0,21.0,22.0,21.0,22.0,21.0,22.0,21.0,21.0,21.0,22.0,22.0,23.0,20.0,22.0,23.0,21.0,10.0,hold,1,1,22.6701
1787153675.1583,2026-08-19 17:34:35.158,10,c3,1,0,-0.03814,-0.49683,0.03973,-4.3991,10.1676,-16.4713,-0.0693,0.0001,-0.3812,2.45857,23.0,25.0,29.0,22.0,27.0,34.0,33.0,27.0,31.0,31.0,33.0,29.0,28.0,35.0,22.0,25.0,29.0,25.0,25.0,21.0,22.0,21.0,21.0,22.0,21.0,22.0,21.0,22.0,21.0,21.0,21.0,22.0,22.0,23.0,20.0,22.0,23.0,21.0,10.0,hold,1,1,22.6097
1787153675.2085,2026-08-19 17:34:35.208,10,c3,1,0,-0.03813,-0.49681,0.03972,-3.6904,10.0679,-16.4709,-0.0674,0.0174,-0.3775,2.45077,24.0,23.0,26.0,24.0,26.0,32.0,33.0,25.0,33.0,30.0,33.0,25.0,29.0,35.0,23.0,24.0,29.0,25.0,24.0,21.0,22.0,21.0,21.0,22.0,21.0,22.0,21.0,22.0,21.0,21.0,21.0,22.0,22.0,23.0,20.0,22.0,23.0,21.0,10.0,hold,1,1,22.6791
1787153675.2586,2026-08-19 17:34:35.258,10,c3,1,0,-0.03814,-0.49682,0.03973,-3.9455,9.7336,-16.6664,-0.0564,0.0099,-0.3698,2.45278,24.0,23.0,26.0,24.0,26.0,32.0,33.0,25.0,33.0,30.0,33.0,25.0,29.0,35.0,23.0,24.0,29.0,25.0,24.0,21.0,22.0,21.0,21.0,22.0,21.0,22.0,21.0,22.0,21.0,21.0,21.0,22.0,22.0,23.0,20.0,22.0,23.0,21.0,10.0,hold,1,1,22.6612
1787153675.3088,2026-08-19 17:34:35.308,10,c3,1,0,-0.03814,-0.49683,0.03972,-4.1718,10.4628,-16.4199,-0.0726,0.0024,-0.3763,2.45404,23.0,26.0,27.0,22.0,28.0,31.0,31.0,26.0,32.0,32.0,33.0,25.0,29.0,36.0,21.0,25.0,30.0,25.0,23.0,21.0,22.0,21.0,21.0,22.0,21.0,22.0,21.0,22.0,21.0,21.0,21.0,22.0,22.0,23.0,20.0,22.0,23.0,21.0,10.0,hold,1,1,22.65
1787153675.3588,2026-08-19 17:34:35.358,10,c3,1,0,-0.03815,-0.49682,0.03973,-4.0955,10.0664,-16.4544,-0.0679,0.0071,-0.3742,2.45857,23.0,26.0,27.0,22.0,28.0,31.0,31.0,26.0,32.0,32.0,33.0,25.0,29.0,36.0,21.0,25.0,30.0,25.0,23.0,21.0,22.0,21.0,21.0,22.0,21.0,22.0,21.0,22.0,21.0,21.0,21.0,22.0,22.0,23.0,20.0,22.0,23.0,21.0,10.0,hold,1,1,22.6097
1787153675.4089,2026-08-19 17:34:35.408,10,c3,1,0,-0.03812,-0.49682,0.03973,-3.9348,10.1514,-16.5199,-0.0661,0.01,-0.3731,2.45454,24.0,25.0,27.0,24.0,27.0,32.0,32.0,27.0,32.0,32.0,34.0,27.0,29.0,35.0,23.0,25.0,29.0,25.0,27.0,21.0,22.0,21.0,21.0,22.0,21.0,22.0,21.0,22.0,21.0,21.0,21.0,22.0,22.0,23.0,20.0,22.0,23.0,21.0,10.0,hold,1,1,22.6455
1787153675.459,2026-08-19 17:34:35.459,10,c3,1,0,-0.03814,-0.49682,0.03972,-3.8698,10.2807,-16.3621,-0.07,0.011,-0.3717,2.46109,24.0,25.0,27.0,24.0,27.0,32.0,32.0,27.0,32.0,32.0,34.0,27.0,29.0,35.0,23.0,25.0,29.0,25.0,27.0,21.0,22.0,21.0,21.0,22.0,21.0,22.0,21.0,22.0,21.0,21.0,21.0,22.0,22.0,23.0,20.0,22.0,23.0,21.0,10.0,hold,1,1,22.5873
1787153675.5092,2026-08-19 17:34:35.509,10,c3,1,0,-0.03815,-0.49683,0.03973,-4.1826,10.0723,-16.4504,-0.0635,0.0082,-0.3789,2.45127,21.0,23.0,26.0,23.0,26.0,32.0,33.0,29.0,31.0,31.0,34.0,29.0,28.0,34.0,24.0,27.0,28.0,25.0,25.0,21.0,22.0,21.0,21.0,22.0,21.0,22.0,21.0,22.0,21.0,21.0,21.0,22.0,22.0,23.0,20.0,22.0,23.0,21.0,10.0,hold,1,1,22.6746
1787153675.5593,2026-08-19 17:34:35.559,10,c3,1,0,-0.03815,-0.49682,0.03973,-4.3522,10.211,-16.32,-0.0649,0.0039,-0.3764,2.45882,25.0,25.0,26.0,24.0,26.0,32.0,34.0,25.0,31.0,30.0,34.0,27.0,29.0,35.0,24.0,25.0,29.0,26.0,26.0,21.0,22.0,21.0,21.0,22.0,21.0,22.0,21.0,22.0,21.0,21.0,21.0,22.0,22.0,23.0,20.0,22.0,23.0,21.0,10.0,hold,1,1,22.6074
1787153675.6094,2026-08-19 17:34:35.609,10,c3,1,0,-0.03814,-0.49682,0.03973,-3.8008,9.8601,-16.5145,-0.0596,0.013,-0.3765,2.44875,25.0,25.0,26.0,24.0,26.0,32.0,34.0,25.0,31.0,30.0,34.0,27.0,29.0,35.0,24.0,25.0,29.0,26.0,26.0,21.0,22.0,21.0,21.0,22.0,21.0,22.0,21.0,22.0,21.0,21.0,21.0,22.0,22.0,23.0,20.0,22.0,23.0,21.0,10.0,hold,1,1,22.697
1787153675.6596,2026-08-19 17:34:35.659,10,c3,1,0,-0.03815,-0.49683,0.03973,-3.9976,10.0898,-16.5635,-0.0668,0.0085,-0.3766,2.46487,23.0,24.0,27.0,24.0,27.0,32.0,33.0,26.0,32.0,32.0,35.0,26.0,29.0,35.0,23.0,25.0,29.0,24.0,25.0,21.0,22.0,21.0,21.0,22.0,21.0,22.0,21.0,22.0,21.0,21.0,21.0,22.0,22.0,23.0,20.0,22.0,23.0,21.0,10.0,hold,1,1,22.5537
1787153675.7097,2026-08-19 17:34:35.709,10,c3,1,0,-0.03815,-0.49682,0.03971,-3.9598,10.2856,-16.4734,-0.0704,0.0085,-0.377,2.45908,23.0,24.0,27.0,24.0,27.0,32.0,33.0,26.0,32.0,32.0,35.0,26.0,29.0,35.0,23.0,25.0,29.0,24.0,25.0,21.0,22.0,21.0,21.0,22.0,21.0,22.0,21.0,22.0,21.0,21.0,21.0,22.0,22.0,23.0,20.0,22.0,23.0,21.0,10.0,hold,1,1,22.6052
1787153675.7598,2026-08-19 17:34:35.759,10,c3,1,0,-0.03814,-0.49682,0.03972,-3.9528,9.9524,-16.688,-0.0608,0.0092,-0.3753,2.46184,24.0,25.0,28.0,23.0,28.0,33.0,33.0,25.0,32.0,32.0,34.0,27.0,30.0,36.0,24.0,23.0,29.0,26.0,24.0,21.0,22.0,21.0,21.0,22.0,21.0,22.0,21.0,22.0,21.0,21.0,21.0,22.0,22.0,23.0,20.0,22.0,23.0,21.0,10.0,hold,1,1,22.5805
1787153675.8099,2026-08-19 17:34:35.809,10,c3,1,0,-0.03815,-0.49681,0.03971,-3.5935,9.8312,-16.6499,-0.0558,0.0208,-0.3731,2.46436,24.0,24.0,25.0,24.0,27.0,31.0,32.0,24.0,31.0,32.0,36.0,26.0,28.0,36.0,23.0,23.0,30.0,26.0,23.0,21.0,22.0,21.0,21.0,22.0,21.0,22.0,21.0,22.0,21.0,21.0,21.0,22.0,22.0,23.0,20.0,22.0,23.0,21.0,10.0,hold,1,1,22.5581
1787153675.86,2026-08-19 17:34:35.860,10,c3,1,0,-0.03816,-0.49682,0.03972,-4.0827,9.9211,-16.5948,-0.0605,0.0058,-0.3753,2.45908,24.0,24.0,25.0,24.0,27.0,31.0,32.0,24.0,31.0,32.0,36.0,26.0,28.0,36.0,23.0,23.0,30.0,26.0,23.0,21.0,22.0,21.0,21.0,22.0,21.0,22.0,21.0,22.0,21.0,21.0,21.0,22.0,22.0,23.0,20.0,22.0,23.0,21.0,10.0,hold,1,1,22.6052
1787153675.9102,2026-08-19 17:34:35.910,10,c3,1,0,-0.03813,-0.49683,0.03973,-3.5865,9.6545,-16.79,-0.0559,0.0191,-0.371,2.46109,22.0,24.0,27.0,23.0,27.0,33.0,33.0,27.0,33.0,32.0,36.0,28.0,30.0,34.0,25.0,25.0,29.0,28.0,25.0,21.0,22.0,21.0,21.0,22.0,21.0,22.0,21.0,22.0,21.0,21.0,21.0,22.0,22.0,23.0,20.0,22.0,23.0,21.0,10.0,hold,1,1,22.5873
1787153675.9603,2026-08-19 17:34:35.960,10,c3,1,0,-0.03813,-0.49682,0.03973,-4.0008,10.2906,-16.55,-0.0715,0.0121,-0.375,2.45756,22.0,24.0,27.0,23.0,27.0,33.0,33.0,27.0,33.0,32.0,36.0,28.0,30.0,34.0,25.0,25.0,29.0,28.0,25.0,21.0,22.0,21.0,21.0,22.0,21.0,22.0,21.0,22.0,21.0,21.0,21.0,22.0,22.0,23.0,20.0,22.0,23.0,21.0,10.0,hold,1,1,22.6186
1787153676.0104,2026-08-19 17:34:36.010,10,c3,1,0,-0.03814,-0.49683,0.03973,-3.6393,9.6607,-16.4972,-0.0562,0.0169,-0.3704,2.46663,25.0,24.0,27.0,24.0,27.0,33.0,35.0,25.0,33.0,29.0,35.0,25.0,30.0,34.0,22.0,24.0,28.0,24.0,24.0,21.0,22.0,21.0,21.0,22.0,21.0,22.0,21.0,22.0,21.0,21.0,21.0,22.0,22.0,23.0,20.0,22.0,23.0,21.0,10.0,hold,1,1,22.538
1787153676.0605,2026-08-19 17:34:36.060,10,c3,1,0,-0.03813,-0.49682,0.03972,-3.8761,10.3723,-16.3987,-0.0745,0.0111,-0.3775,2.4631,23.0,25.0,24.0,23.0,27.0,31.0,33.0,25.0,32.0,33.0,35.0,25.0,28.0,35.0,22.0,24.0,30.0,25.0,25.0,21.0,22.0,21.0,21.0,22.0,21.0,22.0,21.0,22.0,21.0,21.0,21.0,22.0,22.0,23.0,20.0,22.0,23.0,21.0,10.0,hold,1,1,22.5693
1787153676.1107,2026-08-19 17:34:36.110,10,c3,1,0,-0.03814,-0.49682,0.03972,-4.1485,10.1368,-16.6555,-0.0652,0.0082,-0.3726,2.46059,23.0,25.0,24.0,23.0,27.0,31.0,33.0,25.0,32.0,33.0,35.0,25.0,28.0,35.0,22.0,24.0,30.0,25.0,25.0,21.0,22.0,21.0,21.0,22.0,21.0,22.0,21.0,22.0,21.0,21.0,21.0,22.0,22.0,23.0,20.0,22.0,23.0,21.0,10.0,hold,1,1,22.5917
1787153676.1608,2026-08-19 17:34:36.160,10,c3,1,0,-0.03813,-0.49683,0.03973,-3.9933,9.8004,-16.5149,-0.0561,0.0098,-0.3722,2.45505,23.0,24.0,28.0,22.0,27.0,34.0,34.0,26.0,32.0,31.0,34.0,26.0,29.0,34.0,23.0,25.0,30.0,25.0,24.0,21.0,22.0,21.0,21.0,22.0,21.0,22.0,21.0,22.0,21.0,21.0,21.0,22.0,22.0,23.0,20.0,22.0,23.0,21.0,10.0,hold,1,1,22.641
1787153676.2109,2026-08-19 17:34:36.210,10,c3,1,0,-0.03814,-0.49682,0.03972,-3.9382,9.923,-16.6872,-0.0635,0.0134,-0.3701,2.46134,23.0,24.0,28.0,22.0,27.0,34.0,34.0,26.0,32.0,31.0,34.0,26.0,29.0,34.0,23.0,25.0,30.0,25.0,24.0,21.0,22.0,21.0,21.0,22.0,21.0,22.0,21.0,22.0,21.0,21.0,21.0,22.0,22.0,23.0,20.0,22.0,23.0,21.0,10.0,hold,1,1,22.585
1787153676.261,2026-08-19 17:34:36.261,10,c3,1,0,-0.03813,-0.49683,0.03973,-4.0646,9.9416,-16.5517,-0.0639,0.008,-0.3714,2.46638,24.0,24.0,27.0,23.0,26.0,32.0,33.0,26.0,30.0,31.0,34.0,28.0,27.0,35.0,22.0,24.0,29.0,24.0,25.0,21.0,22.0,21.0,21.0,22.0,21.0,22.0,21.0,22.0,21.0,21.0,21.0,22.0,22.0,23.0,20.0,22.0,23.0,21.0,10.0,hold,1,1,22.5402
1787153676.3111,2026-08-19 17:34:36.311,10,c3,1,0,-0.03813,-0.49683,0.03972,-4.0085,9.8719,-16.4613,-0.0617,0.0096,-0.3767,2.46587,24.0,24.0,27.0,23.0,26.0,32.0,33.0,26.0,30.0,31.0,34.0,28.0,27.0,35.0,22.0,24.0,29.0,24.0,25.0,21.0,22.0,21.0,21.0,22.0,21.0,22.0,21.0,22.0,21.0,21.0,21.0,22.0,22.0,23.0,20.0,22.0,23.0,21.0,10.0,hold,1,1,22.5447
1787153676.3613,2026-08-19 17:34:36.361,10,c3,1,0,-0.03814,-0.49682,0.03971,-3.7487,10.0664,-17.0036,-0.0646,0.0139,-0.3682,2.46537,24.0,23.0,27.0,24.0,26.0,33.0,34.0,27.0,30.0,32.0,36.0,27.0,28.0,37.0,24.0,24.0,30.0,26.0,25.0,21.0,22.0,21.0,21.0,22.0,21.0,22.0,21.0,22.0,21.0,21.0,21.0,22.0,22.0,23.0,20.0,22.0,23.0,21.0,10.0,hold,1,1,22.5492
1787153676.4114,2026-08-19 17:34:36.411,10,c3,1,0,-0.03814,-0.49682,0.03973,-3.6796,10.0313,-16.6225,-0.0659,0.0186,-0.3688,2.4694,22.0,23.0,27.0,22.0,26.0,33.0,34.0,25.0,32.0,32.0,36.0,25.0,29.0,35.0,25.0,23.0,29.0,26.0,26.0,21.0,22.0,21.0,21.0,22.0,21.0,22.0,21.0,22.0,21.0,21.0,21.0,22.0,22.0,23.0,20.0,22.0,23.0,21.0,10.0,hold,1,1,22.5134
1787153676.4615,2026-08-19 17:34:36.461,10,c3,1,0,-0.03813,-0.49682,0.03971,-4.0659,10.48,-16.6687,-0.0773,0.0087,-0.3798,2.46436,22.0,23.0,27.0,22.0,26.0,33.0,34.0,25.0,32.0,32.0,36.0,25.0,29.0,35.0,25.0,23.0,29.0,26.0,26.0,21.0,22.0,21.0,21.0,22.0,21.0,22.0,21.0,22.0,21.0,21.0,21.0,22.0,22.0,23.0,20.0,22.0,23.0,21.0,10.0,hold,1,1,22.5581
1787153676.5117,2026-08-19 17:34:36.511,10,c3,1,0,-0.03814,-0.49682,0.03971,-3.8285,9.8252,-16.7162,-0.0592,0.0103,-0.3764,2.46763,24.0,25.0,27.0,23.0,27.0,33.0,33.0,27.0,32.0,31.0,35.0,27.0,30.0,35.0,22.0,24.0,29.0,24.0,23.0,21.0,22.0,21.0,21.0,22.0,21.0,22.0,21.0,22.0,21.0,21.0,21.0,22.0,22.0,23.0,20.0,22.0,23.0,21.0,10.0,hold,1,1,22.529
1787153676.5619,2026-08-19 17:34:36.561,10,c3,1,0,-0.03813,-0.49681,0.03972,-3.864,10.2493,-16.7749,-0.069,0.0106,-0.3686,2.46184,24.0,25.0,27.0,23.0,27.0,33.0,33.0,27.0,32.0,31.0,35.0,27.0,30.0,35.0,22.0,24.0,29.0,24.0,23.0,21.0,22.0,21.0,21.0,22.0,21.0,22.0,21.0,22.0,21.0,21.0,21.0,22.0,22.0,23.0,20.0,22.0,23.0,21.0,10.0,hold,1,1,22.5805
1787153676.612,2026-08-19 17:34:36.612,10,c3,1,0,-0.03813,-0.49682,0.03972,-4.2748,10.2545,-16.6491,-0.0678,0.0005,-0.3818,2.46109,25.0,24.0,26.0,23.0,27.0,34.0,32.0,24.0,32.0,32.0,33.0,25.0,29.0,35.0,22.0,23.0,29.0,25.0,22.0,21.0,22.0,21.0,21.0,22.0,21.0,22.0,21.0,22.0,21.0,21.0,21.0,22.0,22.0,23.0,20.0,22.0,23.0,21.0,10.0,hold,1,1,22.5873
1787153676.6621,2026-08-19 17:34:36.662,10,c3,1,0,-0.03813,-0.49683,0.03974,-4.019,9.8767,-16.6974,-0.0619,0.0073,-0.3717,2.46487,22.0,25.0,29.0,21.0,27.0,33.0,32.0,27.0,31.0,32.0,36.0,26.0,29.0,37.0,23.0,26.0,30.0,26.0,25.0,21.0,22.0,21.0,21.0,22.0,21.0,22.0,21.0,22.0,21.0,21.0,21.0,22.0,22.0,23.0,20.0,22.0,23.0,21.0,10.0,hold,1,1,22.5537
1787153676.7122,2026-08-19 17:34:36.712,10,c3,1,0,-0.03814,-0.49681,0.03972,-4.2122,10.0495,-16.6122,-0.0642,0.0055,-0.3794,2.46864,22.0,25.0,29.0,21.0,27.0,33.0,32.0,27.0,31.0,32.0,36.0,26.0,29.0,37.0,23.0,26.0,30.0,26.0,25.0,21.0,22.0,21.0,21.0,22.0,21.0,22.0,21.0,22.0,21.0,21.0,21.0,22.0,22.0,23.0,20.0,22.0,23.0,21.0,10.0,hold,1,1,22.5201
1787153676.7623,2026-08-19 17:34:36.762,10,c3,1,0,-0.03815,-0.49683,0.03973,-3.686,10.0022,-16.7627,-0.0683,0.0158,-0.37,2.46285,24.0,23.0,28.0,24.0,27.0,33.0,33.0,27.0,31.0,31.0,35.0,27.0,29.0,36.0,24.0,25.0,30.0,27.0,24.0,21.0,22.0,21.0,21.0,22.0,21.0,22.0,21.0,22.0,21.0,21.0,21.0,22.0,22.0,23.0,20.0,22.0,23.0,21.0,10.0,hold,1,1,22.5716
1787153676.8124,2026-08-19 17:34:36.812,10,c3,1,0,-0.03814,-0.49682,0.03973,-4.0881,10.376,-16.6111,-0.0707,0.0044,-0.3791,2.46789,24.0,23.0,28.0,24.0,27.0,33.0,33.0,27.0,31.0,31.0,35.0,27.0,29.0,36.0,24.0,25.0,30.0,27.0,24.0,21.0,22.0,21.0,21.0,22.0,21.0,22.0,21.0,22.0,21.0,21.0,21.0,22.0,22.0,23.0,20.0,22.0,23.0,21.0,10.0,hold,1,1,22.5268
1787153676.8626,2026-08-19 17:34:36.862,10,c3,1,0,-0.03814,-0.49682,0.03972,-3.7906,9.9003,-16.6727,-0.0609,0.0128,-0.3674,2.4631,22.0,25.0,28.0,24.0,26.0,33.0,32.0,25.0,32.0,31.0,34.0,26.0,29.0,34.0,23.0,25.0,28.0,24.0,25.0,21.0,22.0,21.0,21.0,22.0,21.0,22.0,21.0,22.0,21.0,21.0,21.0,22.0,22.0,23.0,20.0,22.0,23.0,21.0,10.0,hold,1,1,22.5693
1787153676.9128,2026-08-19 17:34:36.912,10,c3,1,0,-0.03814,-0.49682,0.03972,-3.9085,9.8847,-16.7427,-0.0606,0.0113,-0.3721,2.47141,23.0,24.0,26.0,23.0,27.0,33.0,34.0,25.0,32.0,32.0,36.0,25.0,30.0,36.0,21.0,25.0,29.0,26.0,23.0,21.0,22.0,21.0,21.0,22.0,21.0,22.0,21.0,22.0,21.0,21.0,21.0,22.0,22.0,23.0,20.0,22.0,23.0,21.0,10.0,hold,1,1,22.4954
1787153676.9629,2026-08-19 17:34:36.962,10,c3,1,0,-0.03814,-0.49682,0.03971,-3.7816,9.7325,-16.6899,-0.0573,0.0117,-0.3692,2.46285,23.0,24.0,26.0,23.0,27.0,33.0,34.0,25.0,32.0,32.0,36.0,25.0,30.0,36.0,21.0,25.0,29.0,26.0,23.0,21.0,22.0,21.0,21.0,22.0,21.0,22.0,21.0,22.0,21.0,21.0,21.0,22.0,22.0,23.0,20.0,22.0,23.0,21.0,10.0,hold,1,1,22.5716
1787153677.013,2026-08-19 17:34:37.012,10,c3,1,0,-0.03813,-0.49681,0.03971,-4.2426,10.2269,-16.7322,-0.0698,0.0011,-0.3755,2.47066,23.0,24.0,28.0,23.0,27.0,34.0,35.0,26.0,32.0,33.0,36.0,27.0,30.0,37.0,23.0,24.0,29.0,25.0,24.0,21.0,22.0,21.0,21.0,22.0,21.0,22.0,21.0,22.0,21.0,21.0,21.0,22.0,22.0,23.0,20.0,22.0,23.0,21.0,10.0,hold,1,1,22.5022
1787153677.0631,2026-08-19 17:34:37.063,10,c3,1,0,-0.03813,-0.49682,0.03972,-3.4918,9.8654,-16.7571,-0.0587,0.0207,-0.3673,2.46688,23.0,24.0,28.0,23.0,27.0,34.0,35.0,26.0,32.0,33.0,36.0,27.0,30.0,37.0,23.0,24.0,29.0,25.0,24.0,21.0,22.0,21.0,21.0,22.0,21.0,22.0,21.0,22.0,21.0,21.0,21.0,22.0,22.0,23.0,20.0,22.0,23.0,21.0,10.0,hold,1,1,22.5357
1787153677.1132,2026-08-19 17:34:37.113,10,c3,1,0,-0.03814,-0.49682,0.03972,-4.0721,9.8574,-16.5794,-0.0605,0.007,-0.3763,2.4694,24.0,25.0,28.0,24.0,27.0,34.0,32.0,26.0,32.0,32.0,36.0,28.0,29.0,37.0,24.0,25.0,30.0,25.0,25.0,21.0,22.0,21.0,21.0,22.0,21.0,22.0,21.0,22.0,21.0,21.0,21.0,22.0,22.0,23.0,20.0,22.0,23.0,21.0,10.0,hold,1,1,22.5134
1787153677.1634,2026-08-19 17:34:37.163,10,c3,1,0,-0.03812,-0.49681,0.03972,-3.9045,9.9847,-16.6619,-0.062,0.01,-0.3768,2.47343,23.0,24.0,28.0,25.0,26.0,34.0,35.0,26.0,33.0,32.0,37.0,28.0,31.0,37.0,24.0,25.0,29.0,27.0,24.0,21.0,22.0,21.0,21.0,22.0,21.0,22.0,21.0,22.0,21.0,21.0,21.0,22.0,22.0,23.0,20.0,22.0,23.0,21.0,10.0,hold,1,1,22.4775
1787153677.2136,2026-08-19 17:34:37.213,10,c3,1,0,-0.03815,-0.49682,0.03972,-3.992,10.1975,-16.6706,-0.0681,0.0072,-0.3751,2.47116,23.0,24.0,28.0,25.0,26.0,34.0,35.0,26.0,33.0,32.0,37.0,28.0,31.0,37.0,24.0,25.0,29.0,27.0,24.0,21.0,22.0,21.0,21.0,22.0,21.0,22.0,21.0,22.0,21.0,21.0,21.0,22.0,22.0,23.0,20.0,22.0,23.0,21.0,10.0,hold,1,1,22.4977
1787153677.2637,2026-08-19 17:34:37.263,10,c3,1,0,-0.03815,-0.49681,0.03972,-4.3729,10.1584,-16.6067,-0.0646,-0.0021,-0.3766,2.45933,24.0,25.0,27.0,24.0,28.0,33.0,35.0,27.0,32.0,32.0,35.0,27.0,30.0,35.0,24.0,27.0,28.0,26.0,28.0,21.0,22.0,21.0,21.0,22.0,21.0,22.0,21.0,22.0,21.0,21.0,21.0,22.0,22.0,23.0,20.0,22.0,23.0,21.0,10.0,hold,1,1,22.6029
1787153677.3138,2026-08-19 17:34:37.313,10,c3,1,0,-0.03812,-0.49681,0.03971,-3.921,10.3575,-16.6414,-0.0732,0.0095,-0.3727,2.47015,24.0,25.0,27.0,24.0,28.0,33.0,35.0,27.0,32.0,32.0,35.0,27.0,30.0,35.0,24.0,27.0,28.0,26.0,28.0,21.0,22.0,21.0,21.0,22.0,21.0,22.0,21.0,22.0,21.0,21.0,21.0,22.0,22.0,23.0,20.0,22.0,23.0,21.0,10.0,hold,1,1,22.5066
1787153677.3639,2026-08-19 17:34:37.363,10,c3,1,0,-0.03813,-0.49681,0.03972,-3.897,10.2684,-16.5944,-0.069,0.0111,-0.3738,2.4694,25.0,25.0,27.0,23.0,27.0,32.0,34.0,28.0,31.0,32.0,36.0,27.0,28.0,37.0,23.0,24.0,30.0,26.0,25.0,21.0,22.0,21.0,21.0,22.0,21.0,22.0,21.0,22.0,21.0,21.0,21.0,22.0,22.0,23.0,20.0,22.0,23.0,21.0,10.0,hold,1,1,22.5134
1787153677.414,2026-08-19 17:34:37.414,10,c3,1,0,-0.03813,-0.49682,0.03973,-3.8755,9.9019,-16.8918,-0.0618,0.0113,-0.371,2.47141,25.0,25.0,27.0,23.0,27.0,32.0,34.0,28.0,31.0,32.0,36.0,27.0,28.0,37.0,23.0,24.0,30.0,26.0,25.0,21.0,22.0,21.0,21.0,22.0,21.0,22.0,21.0,22.0,21.0,21.0,21.0,22.0,22.0,23.0,20.0,22.0,23.0,21.0,10.0,hold,1,1,22.4954
1787153677.4641,2026-08-19 17:34:37.464,10,c3,1,0,-0.03813,-0.49682,0.03972,-3.5507,9.5837,-16.8844,-0.0543,0.0233,-0.3715,2.45908,25.0,24.0,27.0,25.0,26.0,35.0,35.0,26.0,31.0,30.0,35.0,27.0,29.0,34.0,24.0,25.0,29.0,26.0,25.0,21.0,22.0,21.0,21.0,22.0,21.0,22.0,21.0,22.0,21.0,21.0,21.0,22.0,22.0,23.0,20.0,22.0,23.0,21.0,10.0,hold,1,1,22.6052
1787153677.5143,2026-08-19 17:34:37.514,10,c3,1,0,-0.03814,-0.49682,0.03973,-3.8896,9.9884,-16.6991,-0.0618,0.0107,-0.3736,2.47292,24.0,25.0,27.0,25.0,26.0,32.0,34.0,25.0,31.0,31.0,36.0,26.0,28.0,36.0,24.0,23.0,29.0,26.0,25.0,21.0,22.0,21.0,21.0,22.0,21.0,22.0,21.0,22.0,21.0,21.0,21.0,22.0,22.0,23.0,20.0,22.0,23.0,21.0,10.0,hold,1,1,22.482
1787153677.5644,2026-08-19 17:34:37.564,10,c3,1,0,-0.03814,-0.49682,0.03972,-3.9836,9.7088,-16.5811,-0.0565,0.0127,-0.3811,2.46663,24.0,25.0,27.0,25.0,26.0,32.0,34.0,25.0,31.0,31.0,36.0,26.0,28.0,36.0,24.0,23.0,29.0,26.0,25.0,21.0,22.0,21.0,21.0,22.0,21.0,22.0,21.0,22.0,21.0,21.0,21.0,22.0,22.0,23.0,20.0,22.0,23.0,21.0,10.0,hold,1,1,22.538
1787153677.6145,2026-08-19 17:34:37.614,10,c3,1,0,-0.03814,-0.49681,0.03971,-3.866,10.0421,-16.8026,-0.0649,0.012,-0.3712,2.47267,24.0,25.0,26.0,23.0,26.0,32.0,34.0,28.0,32.0,32.0,35.0,27.0,29.0,36.0,24.0,24.0,30.0,25.0,24.0,21.0,22.0,21.0,21.0,22.0,21.0,22.0,21.0,22.0,21.0,21.0,21.0,22.0,22.0,23.0,20.0,22.0,23.0,21.0,10.0,hold,1,1,22.4842
1787153677.6646,2026-08-19 17:34:37.664,10,c3,1,0,-0.03813,-0.49681,0.03972,-4.2328,9.9521,-16.7734,-0.0616,0.0044,-0.3689,2.47368,24.0,25.0,26.0,23.0,26.0,32.0,34.0,28.0,32.0,32.0,35.0,27.0,29.0,36.0,24.0,24.0,30.0,25.0,24.0,21.0,22.0,21.0,21.0,22.0,21.0,22.0,21.0,22.0,21.0,21.0,21.0,22.0,22.0,23.0,20.0,22.0,23.0,21.0,10.0,hold,1,1,22.4753
1787153677.7148,2026-08-19 17:34:37.714,10,c3,1,0,-0.03814,-0.49682,0.03972,-3.9657,9.9408,-16.6122,-0.059,0.0078,-0.3715,2.47116,24.0,25.0,26.0,25.0,27.0,32.0,34.0,24.0,32.0,30.0,34.0,25.0,29.0,35.0,23.0,22.0,27.0,25.0,22.0,21.0,22.0,21.0,21.0,22.0,21.0,22.0,21.0,22.0,21.0,21.0,21.0,22.0,22.0,23.0,20.0,22.0,23.0,21.0,10.0,hold,1,1,22.4977
1787153677.7649,2026-08-19 17:34:37.764,10,c3,1,0,-0.03812,-0.49682,0.03971,-4.1136,10.0949,-16.8164,-0.066,0.0056,-0.3746,2.47217,22.0,24.0,25.0,22.0,27.0,31.0,31.0,25.0,32.0,32.0,34.0,26.0,29.0,34.0,23.0,23.0,28.0,26.0,24.0,21.0,22.0,21.0,21.0,22.0,21.0,22.0,21.0,22.0,21.0,21.0,21.0,22.0,22.0,23.0,20.0,22.0,23.0,21.0,10.0,hold,1,1,22.4887
1787153677.8151,2026-08-19 17:34:37.815,10,c3,1,0,-0.03814,-0.49681,0.03971,-4.0382,9.8852,-16.736,-0.0618,0.0063,-0.3677,2.46713,22.0,24.0,25.0,22.0,27.0,31.0,31.0,25.0,32.0,32.0,34.0,26.0,29.0,34.0,23.0,23.0,28.0,26.0,24.0,21.0,22.0,21.0,21.0,22.0,21.0,22.0,21.0,22.0,21.0,21.0,21.0,22.0,22.0,23.0,20.0,22.0,23.0,21.0,10.0,hold,1,1,22.5335
1787153677.8652,2026-08-19 17:34:37.865,10,c3,0,0,-0.03813,-0.49682,0.03973,-4.0705,10.4194,-16.8232,-0.0718,0.006,-0.3722,2.46763,23.0,24.0,26.0,23.0,26.0,33.0,34.0,26.0,31.0,32.0,35.0,27.0,29.0,36.0,24.0,25.0,29.0,26.0,23.0,21.0,22.0,21.0,21.0,22.0,21.0,22.0,21.0,22.0,21.0,21.0,21.0,22.0,22.0,23.0,20.0,22.0,23.0,21.0,10.0,retract,1,1,22.529
1787153677.9153,2026-08-19 17:34:37.915,10,c3,0,0,-0.03812,-0.49683,0.03974,-3.9189,10.1703,-16.5942,-0.0686,0.0081,-0.371,2.48677,23.0,24.0,26.0,23.0,26.0,33.0,34.0,26.0,31.0,32.0,35.0,27.0,29.0,36.0,24.0,25.0,29.0,26.0,23.0,21.0,22.0,21.0,21.0,22.0,21.0,22.0,21.0,22.0,21.0,21.0,21.0,22.0,22.0,23.0,20.0,22.0,23.0,21.0,10.0,retract,1,1,22.3588
1787153677.9654,2026-08-19 17:34:37.965,10,c3,0,0,-0.03812,-0.49681,0.03978,-3.7059,10.0814,-16.9406,-0.0652,0.0149,-0.3692,2.53159,25.0,23.0,26.0,24.0,26.0,32.0,34.0,26.0,31.0,31.0,36.0,27.0,30.0,36.0,26.0,25.0,29.0,26.0,23.0,21.0,22.0,21.0,21.0,22.0,21.0,22.0,21.0,22.0,21.0,21.0,21.0,22.0,22.0,23.0,20.0,22.0,23.0,21.0,10.0,retract,1,1,21.9601
1787153678.0156,2026-08-19 17:34:38.015,10,c3,0,0,-0.03812,-0.4968,0.03987,-3.5802,10.0084,-17.2101,-0.0624,0.0203,-0.3674,2.60661,23.0,25.0,26.0,22.0,27.0,32.0,34.0,25.0,32.0,32.0,34.0,26.0,30.0,36.0,22.0,24.0,30.0,25.0,24.0,21.0,22.0,21.0,21.0,22.0,21.0,22.0,21.0,22.0,21.0,21.0,21.0,22.0,22.0,23.0,20.0,22.0,23.0,21.0,10.0,retract,1,1,21.2926
1787153678.0657,2026-08-19 17:34:38.065,10,c3,0,0,-0.03812,-0.4968,0.04,-3.7794,9.8223,-17.5341,-0.0587,0.0149,-0.3691,2.71412,23.0,25.0,26.0,22.0,27.0,32.0,34.0,25.0,32.0,32.0,34.0,26.0,30.0,36.0,22.0,24.0,30.0,25.0,24.0,21.0,22.0,21.0,21.0,22.0,21.0,22.0,21.0,22.0,21.0,21.0,21.0,22.0,22.0,23.0,20.0,22.0,23.0,21.0,10.0,retract,1,1,20.3362
1787153678.1158,2026-08-19 17:34:38.115,10,c3,0,0,-0.03814,-0.49681,0.04019,-3.9591,10.125,-18.051,-0.0685,0.0077,-0.3753,2.85637,23.0,24.0,27.0,23.0,26.0,34.0,33.0,26.0,33.0,32.0,34.0,27.0,30.0,35.0,24.0,24.0,30.0,25.0,24.0,21.0,22.0,21.0,21.0,22.0,21.0,22.0,21.0,22.0,21.0,21.0,21.0,22.0,22.0,23.0,20.0,22.0,23.0,21.0,10.0,retract,1,1,19.0706
1787153678.1659,2026-08-19 17:34:38.165,10,c3,0,0,-0.03814,-0.49681,0.0404,-4.2039,10.1703,-18.6149,-0.0688,0.0047,-0.375,2.99561,23.0,24.0,27.0,23.0,26.0,34.0,33.0,26.0,33.0,32.0,34.0,27.0,30.0,35.0,24.0,24.0,30.0,25.0,24.0,21.0,22.0,21.0,21.0,22.0,21.0,22.0,21.0,22.0,21.0,21.0,21.0,22.0,22.0,23.0,20.0,22.0,23.0,21.0,10.0,retract,1,1,17.832
1787153678.216,2026-08-19 17:34:38.216,10,c3,0,0,-0.03811,-0.4968,0.0406,-4.1752,10.2396,-19.0387,-0.0713,0.0067,-0.3805,3.12653,23.0,25.0,29.0,23.0,27.0,34.0,32.0,26.0,31.0,31.0,33.0,26.0,29.0,34.0,23.0,24.0,27.0,24.0,24.0,21.0,22.0,21.0,21.0,22.0,21.0,22.0,21.0,22.0,21.0,21.0,21.0,22.0,22.0,23.0,20.0,22.0,23.0,21.0,10.0,retract,1,1,16.6672
1787153678.2662,2026-08-19 17:34:38.266,10,c3,0,0,-0.03812,-0.49678,0.04085,-4.2012,10.0429,-19.6949,-0.0689,0.0042,-0.3777,3.2781,22.0,24.0,27.0,22.0,26.0,32.0,33.0,28.0,30.0,30.0,33.0,28.0,28.0,33.0,23.0,26.0,28.0,26.0,25.0,21.0,22.0,21.0,21.0,22.0,21.0,22.0,21.0,22.0,21.0,21.0,21.0,22.0,22.0,23.0,20.0,22.0,23.0,21.0,10.0,retract,1,1,15.3188
1787153678.3164,2026-08-19 17:34:38.316,10,c3,0,0,-0.03812,-0.49677,0.04113,-4.1961,10.1824,-20.3169,-0.0715,0.0055,-0.3703,3.44578,22.0,24.0,27.0,22.0,26.0,32.0,33.0,28.0,30.0,30.0,33.0,28.0,28.0,33.0,23.0,26.0,28.0,26.0,25.0,21.0,22.0,21.0,21.0,22.0,21.0,22.0,21.0,22.0,21.0,21.0,21.0,22.0,22.0,23.0,20.0,22.0,23.0,21.0,10.0,retract,1,1,13.8271
1787153678.3665,2026-08-19 17:34:38.366,10,c3,0,0,-0.03811,-0.49677,0.04145,-3.9826,10.068,-20.9355,-0.0738,0.0144,-0.3746,3.60591,25.0,24.0,27.0,25.0,27.0,35.0,33.0,25.0,31.0,31.0,33.0,25.0,28.0,35.0,24.0,25.0,28.0,25.0,24.0,21.0,22.0,21.0,21.0,22.0,21.0,22.0,21.0,22.0,21.0,21.0,21.0,22.0,22.0,23.0,20.0,22.0,23.0,21.0,10.0,retract,1,1,12.4025
1787153678.4166,2026-08-19 17:34:38.416,10,c3,0,0,-0.03812,-0.49676,0.04177,-4.2823,10.2435,-21.421,-0.0767,0.0039,-0.3745,3.78542,25.0,24.0,27.0,25.0,27.0,35.0,33.0,25.0,31.0,31.0,33.0,25.0,28.0,35.0,24.0,25.0,28.0,25.0,24.0,21.0,22.0,21.0,21.0,22.0,21.0,22.0,21.0,22.0,21.0,21.0,21.0,22.0,22.0,23.0,20.0,22.0,23.0,21.0,10.0,retract,1,1,10.8054
1787153678.4668,2026-08-19 17:34:38.466,10,c3,0,0,-0.03811,-0.49675,0.04212,-3.8425,9.5907,-22.1761,-0.0611,0.0191,-0.3684,3.93699,24.0,25.0,26.0,22.0,28.0,32.0,32.0,26.0,29.0,30.0,33.0,27.0,27.0,33.0,24.0,25.0,28.0,26.0,26.0,21.0,22.0,21.0,21.0,22.0,21.0,22.0,21.0,22.0,21.0,21.0,21.0,22.0,22.0,23.0,20.0,22.0,23.0,21.0,10.0,retract,1,1,9.457
1787153678.5169,2026-08-19 17:34:38.516,10,c3,0,0,-0.03811,-0.4968,0.04247,-3.8271,10.1095,-22.9253,-0.0716,0.015,-0.368,4.09158,24.0,25.0,26.0,22.0,28.0,32.0,32.0,26.0,29.0,30.0,33.0,27.0,27.0,33.0,24.0,25.0,28.0,26.0,26.0,21.0,22.0,21.0,21.0,22.0,21.0,22.0,21.0,22.0,21.0,21.0,21.0,22.0,22.0,23.0,20.0,22.0,23.0,21.0,10.0,retract,1,1,8.0817
1787153678.567,2026-08-19 17:34:38.567,10,c3,0,0,-0.03815,-0.4968,0.04284,-4.077,10.3847,-23.2654,-0.0776,0.0132,-0.3689,4.2293,24.0,23.0,27.0,23.0,26.0,31.0,30.0,23.0,28.0,30.0,32.0,25.0,28.0,31.0,22.0,22.0,28.0,25.0,23.0,21.0,22.0,21.0,21.0,22.0,21.0,22.0,21.0,22.0,21.0,21.0,21.0,22.0,22.0,23.0,20.0,22.0,23.0,21.0,10.0,retract,1,1,6.8565
1787153678.6171,2026-08-19 17:34:38.617,10,c3,0,0,-0.03812,-0.49678,0.04315,-3.6585,9.7503,-23.8129,-0.0623,0.0244,-0.3702,4.34033,22.0,25.0,26.0,21.0,27.0,32.0,29.0,25.0,28.0,28.0,29.0,26.0,27.0,29.0,24.0,26.0,27.0,25.0,25.0,21.0,22.0,21.0,21.0,22.0,21.0,22.0,21.0,22.0,21.0,21.0,21.0,22.0,22.0,23.0,20.0,22.0,23.0,21.0,10.0,retract,1,1,5.8687
1787153678.6673,2026-08-19 17:34:38.667,10,c3,0,0,-0.03812,-0.49678,0.04348,-4.548,10.4304,-24.2076,-0.0817,0.0016,-0.3767,4.46168,22.0,25.0,26.0,21.0,27.0,32.0,29.0,25.0,28.0,28.0,29.0,26.0,27.0,29.0,24.0,26.0,27.0,25.0,25.0,21.0,22.0,21.0,21.0,22.0,21.0,22.0,21.0,22.0,21.0,21.0,21.0,22.0,22.0,23.0,20.0,22.0,23.0,21.0,10.0,retract,1,1,4.7891
1787153678.7174,2026-08-19 17:34:38.717,10,c3,0,0,-0.03811,-0.49677,0.04381,-4.0301,10.0838,-24.6573,-0.0712,0.0168,-0.3732,4.5561,22.0,25.0,25.0,24.0,27.0,30.0,27.0,25.0,26.0,30.0,31.0,26.0,25.0,32.0,25.0,25.0,29.0,24.0,25.0,21.0,22.0,21.0,21.0,22.0,21.0,22.0,21.0,22.0,21.0,21.0,21.0,22.0,22.0,23.0,20.0,22.0,23.0,21.0,10.0,retract,1,1,3.9491
1787153678.7675,2026-08-19 17:34:38.767,10,c3,0,0,-0.03812,-0.49678,0.04416,-4.0502,10.5927,-24.9127,-0.0809,0.0135,-0.3745,4.63591,22.0,25.0,25.0,24.0,27.0,30.0,27.0,25.0,26.0,30.0,31.0,26.0,25.0,32.0,25.0,25.0,29.0,24.0,25.0,21.0,22.0,21.0,21.0,22.0,21.0,22.0,21.0,22.0,21.0,21.0,21.0,22.0,22.0,23.0,20.0,22.0,23.0,21.0,10.0,retract,1,1,3.2391
1787153678.8176,2026-08-19 17:34:38.817,10,c3,0,0,-0.03814,-0.4968,0.04452,-4.096,10.0586,-25.2235,-0.0709,0.0154,-0.3682,4.68199,26.0,24.0,27.0,24.0,26.0,31.0,29.0,24.0,25.0,27.0,29.0,24.0,26.0,28.0,25.0,25.0,27.0,25.0,24.0,21.0,22.0,21.0,21.0,22.0,21.0,22.0,21.0,22.0,21.0,21.0,21.0,22.0,22.0,23.0,20.0,22.0,23.0,21.0,10.0,retract,1,1,2.8292
1787153678.8677,2026-08-19 17:34:38.867,10,c3,0,0,-0.03815,-0.4968,0.04486,-3.8748,10.2541,-25.19,-0.0742,0.0194,-0.3754,4.68853,24.0,23.0,26.0,23.0,25.0,28.0,27.0,25.0,26.0,29.0,29.0,24.0,26.0,28.0,26.0,24.0,26.0,25.0,25.0,21.0,22.0,21.0,21.0,22.0,21.0,22.0,21.0,22.0,21.0,21.0,21.0,22.0,22.0,23.0,20.0,22.0,23.0,21.0,10.0,retract,1,1,2.7709
1787153678.9178,2026-08-19 17:34:38.917,10,c3,0,0,-0.03814,-0.49681,0.04519,-4.2122,9.9888,-25.0339,-0.0673,0.0107,-0.3718,4.69835,24.0,23.0,26.0,23.0,25.0,28.0,27.0,25.0,26.0,29.0,29.0,24.0,26.0,28.0,26.0,24.0,26.0,25.0,25.0,21.0,22.0,21.0,21.0,22.0,21.0,22.0,21.0,22.0,21.0,21.0,21.0,22.0,22.0,23.0,20.0,22.0,23.0,21.0,10.0,retract,1,1,2.6836
1787153678.9679,2026-08-19 17:34:38.967,10,c3,0,0,-0.03812,-0.49681,0.04552,-4.0451,9.9593,-25.2986,-0.0662,0.0169,-0.3693,4.68702,23.0,25.0,25.0,22.0,26.0,30.0,27.0,24.0,25.0,28.0,30.0,23.0,26.0,26.0,25.0,24.0,26.0,24.0,22.0,21.0,22.0,21.0,21.0,22.0,21.0,22.0,21.0,22.0,21.0,21.0,21.0,22.0,22.0,23.0,20.0,22.0,23.0,21.0,10.0,retract,1,1,2.7844
1787153679.018,2026-08-19 17:34:39.017,10,c3,0,0,-0.03813,-0.49679,0.04583,-4.0601,10.0056,-25.2924,-0.0701,0.0133,-0.3747,4.6845,23.0,25.0,25.0,22.0,26.0,30.0,27.0,24.0,25.0,28.0,30.0,23.0,26.0,26.0,25.0,24.0,26.0,24.0,22.0,21.0,22.0,21.0,21.0,22.0,21.0,22.0,21.0,22.0,21.0,21.0,21.0,22.0,22.0,23.0,20.0,22.0,23.0,21.0,10.0,retract,1,1,2.8068
1787153679.0681,2026-08-19 17:34:39.068,10,c3,0,0,-0.03814,-0.49679,0.04618,-4.2813,10.5409,-25.2773,-0.0832,0.01,-0.3779,4.68526,22.0,23.0,25.0,21.0,24.0,29.0,27.0,23.0,24.0,27.0,27.0,23.0,24.0,26.0,24.0,26.0,25.0,25.0,23.0,21.0,22.0,21.0,21.0,22.0,21.0,22.0,21.0,22.0,21.0,21.0,21.0,22.0,22.0,23.0,20.0,22.0,23.0,21.0,10.0,retract,1,1,2.8001
1787153679.1182,2026-08-19 17:34:39.118,10,c3,0,0,-0.03813,-0.4968,0.04652,-4.005,9.8628,-25.138,-0.0668,0.0173,-0.3758,4.69659,22.0,24.0,25.0,21.0,23.0,28.0,27.0,22.0,26.0,26.0,26.0,22.0,27.0,25.0,22.0,23.0,24.0,24.0,21.0,21.0,22.0,21.0,21.0,22.0,21.0,22.0,21.0,22.0,21.0,21.0,21.0,22.0,22.0,23.0,20.0,22.0,23.0,21.0,10.0,retract,1,1,2.6993
1787153679.1683,2026-08-19 17:34:39.168,10,c3,0,0,-0.03813,-0.4968,0.04686,-4.3085,10.5232,-25.2367,-0.0818,0.0054,-0.3825,4.68778,22.0,24.0,25.0,21.0,23.0,28.0,27.0,22.0,26.0,26.0,26.0,22.0,27.0,25.0,22.0,23.0,24.0,24.0,21.0,21.0,22.0,21.0,21.0,22.0,21.0,22.0,21.0,22.0,21.0,21.0,21.0,22.0,22.0,23.0,20.0,22.0,23.0,21.0,10.0,retract,1,1,2.7777
1787153679.2184,2026-08-19 17:34:39.218,10,c3,0,0,-0.03811,-0.4968,0.0472,-3.6156,9.7533,-25.3121,-0.0603,0.0265,-0.3723,4.69609,23.0,25.0,25.0,20.0,26.0,28.0,23.0,21.0,23.0,25.0,26.0,21.0,23.0,25.0,24.0,23.0,24.0,23.0,23.0,21.0,22.0,21.0,21.0,22.0,21.0,22.0,21.0,22.0,21.0,21.0,21.0,22.0,22.0,23.0,20.0,22.0,23.0,21.0,10.0,retract,1,1,2.7037
1787153679.2686,2026-08-19 17:34:39.268,10,c3,0,0,-0.03814,-0.49682,0.04754,-4.1295,9.9532,-25.0627,-0.0683,0.0143,-0.3762,4.68879,23.0,25.0,25.0,20.0,26.0,28.0,23.0,21.0,23.0,25.0,26.0,21.0,23.0,25.0,24.0,23.0,24.0,23.0,23.0,21.0,22.0,21.0,21.0,22.0,21.0,22.0,21.0,22.0,21.0,21.0,21.0,22.0,22.0,23.0,20.0,22.0,23.0,21.0,10.0,retract,1,1,2.7687
1787153679.3187,2026-08-19 17:34:39.318,10,c3,0,0,-0.03816,-0.49681,0.04787,-4.2941,10.352,-24.9847,-0.0765,0.0081,-0.3776,4.69105,20.0,23.0,21.0,21.0,25.0,26.0,24.0,22.0,23.0,25.0,24.0,22.0,24.0,26.0,23.0,23.0,24.0,24.0,23.0,21.0,22.0,21.0,21.0,22.0,21.0,22.0,21.0,22.0,21.0,21.0,21.0,22.0,22.0,23.0,20.0,22.0,23.0,21.0,10.0,retract,1,1,2.7485
1787153679.3689,2026-08-19 17:34:39.368,10,c3,0,0,-0.03814,-0.4968,0.04816,-4.1824,10.2257,-25.0174,-0.0747,0.0127,-0.3757,4.68576,20.0,25.0,21.0,20.0,23.0,24.0,26.0,24.0,23.0,25.0,25.0,25.0,24.0,25.0,23.0,25.0,23.0,22.0,25.0,21.0,22.0,21.0,21.0,22.0,21.0,22.0,21.0,22.0,21.0,21.0,21.0,22.0,22.0,23.0,20.0,22.0,23.0,21.0,10.0,retract,1,1,2.7956
1787153679.4189,2026-08-19 17:34:39.418,10,c3,0,0,-0.03814,-0.4968,0.04846,-4.3628,10.2526,-25.1468,-0.0714,0.008,-0.3833,4.68325,20.0,25.0,21.0,20.0,23.0,24.0,26.0,24.0,23.0,25.0,25.0,25.0,24.0,25.0,23.0,25.0,23.0,22.0,25.0,21.0,22.0,21.0,21.0,22.0,21.0,22.0,21.0,22.0,21.0,21.0,21.0,22.0,22.0,23.0,20.0,22.0,23.0,21.0,10.0,retract,1,1,2.818
1787153679.469,2026-08-19 17:34:39.469,10,c3,0,0,-0.03812,-0.49678,0.0487,-4.3781,10.3697,-24.969,-0.0785,0.0052,-0.3785,4.68476,23.0,24.0,24.0,22.0,25.0,27.0,23.0,21.0,22.0,23.0,26.0,21.0,24.0,24.0,23.0,21.0,24.0,25.0,23.0,21.0,22.0,21.0,21.0,22.0,21.0,22.0,21.0,22.0,21.0,21.0,21.0,22.0,22.0,23.0,20.0,22.0,23.0,21.0,10.0,retract,1,1,2.8045
1787153679.5192,2026-08-19 17:34:39.519,10,c3,0,0,-0.03814,-0.4968,0.04897,-4.0992,10.1428,-25.2419,-0.0739,0.0158,-0.37,4.69206,23.0,24.0,24.0,22.0,25.0,27.0,23.0,21.0,22.0,23.0,26.0,21.0,24.0,24.0,23.0,21.0,24.0,25.0,23.0,21.0,22.0,21.0,21.0,22.0,21.0,22.0,21.0,22.0,21.0,21.0,21.0,22.0,22.0,23.0,20.0,22.0,23.0,21.0,10.0,retract,1,1,2.7396
1787153679.5693,2026-08-19 17:34:39.569,10,c3,0,0,-0.03815,-0.49681,0.0492,-4.0792,9.9951,-25.1552,-0.0692,0.0175,-0.3711,4.68576,23.0,24.0,23.0,22.0,25.0,25.0,25.0,23.0,21.0,23.0,25.0,24.0,23.0,24.0,23.0,24.0,23.0,23.0,24.0,21.0,22.0,21.0,21.0,22.0,21.0,22.0,21.0,22.0,21.0,21.0,21.0,22.0,22.0,23.0,20.0,22.0,23.0,21.0,10.0,retract,1,1,2.7956
1787153679.6194,2026-08-19 17:34:39.619,10,c3,0,0,-0.03814,-0.49682,0.04936,-4.1769,10.3689,-25.1663,-0.0777,0.0142,-0.3725,4.69181,23.0,24.0,23.0,22.0,25.0,25.0,25.0,23.0,21.0,23.0,25.0,24.0,23.0,24.0,23.0,24.0,23.0,23.0,24.0,21.0,22.0,21.0,21.0,22.0,21.0,22.0,21.0,22.0,21.0,21.0,21.0,22.0,22.0,23.0,20.0,22.0,23.0,21.0,10.0,retract,1,1,2.7418
1787153679.6695,2026-08-19 17:34:39.669,10,c3,0,0,-0.03815,-0.4968,0.04945,-4.1395,10.2147,-25.2036,-0.0722,0.0127,-0.3702,4.6845,23.0,21.0,23.0,20.0,22.0,23.0,24.0,23.0,23.0,23.0,24.0,22.0,24.0,23.0,22.0,23.0,23.0,21.0,22.0,21.0,22.0,21.0,21.0,22.0,21.0,22.0,21.0,22.0,21.0,21.0,21.0,22.0,22.0,23.0,20.0,22.0,23.0,21.0,10.0,retract,1,1,2.8068
1787153679.7196,2026-08-19 17:34:39.719,10,c3,0,0,-0.03815,-0.49679,0.04951,-4.1805,10.2011,-25.2058,-0.0721,0.0107,-0.3724,4.69458,23.0,23.0,22.0,21.0,23.0,25.0,23.0,21.0,20.0,24.0,25.0,21.0,22.0,25.0,23.0,21.0,24.0,22.0,22.0,21.0,22.0,21.0,21.0,22.0,21.0,22.0,21.0,22.0,21.0,21.0,21.0,22.0,22.0,23.0,20.0,22.0,23.0,21.0,10.0,retract,1,1,2.7172
1787153679.7698,2026-08-19 17:34:39.769,10,c3,0,0,-0.03813,-0.4968,0.04959,-4.3712,10.5018,-24.9886,-0.082,0.0091,-0.3781,4.68979,23.0,23.0,22.0,21.0,23.0,25.0,23.0,21.0,20.0,24.0,25.0,21.0,22.0,25.0,23.0,21.0,24.0,22.0,22.0,21.0,22.0,21.0,21.0,22.0,21.0,22.0,21.0,22.0,21.0,21.0,21.0,22.0,22.0,23.0,20.0,22.0,23.0,21.0,10.0,retract,1,1,2.7597
1787153679.8199,2026-08-19 17:34:39.819,10,c3,0,0,-0.03813,-0.49681,0.04965,-4.4264,10.1962,-25.1066,-0.0713,0.0079,-0.3733,4.69458,21.0,19.0,24.0,20.0,20.0,26.0,22.0,22.0,22.0,23.0,26.0,22.0,23.0,24.0,23.0,23.0,25.0,23.0,23.0,21.0,22.0,21.0,21.0,22.0,21.0,22.0,21.0,22.0,21.0,21.0,21.0,22.0,22.0,23.0,20.0,22.0,23.0,21.0,10.0,retract,1,1,2.7172
1787153679.8703,2026-08-19 17:34:39.870,10,c3,0,0,-0.03813,-0.49679,0.04965,-3.9945,10.1841,-25.1521,-0.0727,0.0182,-0.3727,4.69986,21.0,19.0,24.0,20.0,20.0,26.0,22.0,22.0,22.0,23.0,26.0,22.0,23.0,24.0,23.0,23.0,25.0,23.0,23.0,21.0,22.0,21.0,21.0,22.0,21.0,22.0,21.0,22.0,21.0,21.0,21.0,22.0,22.0,23.0,20.0,22.0,23.0,21.0,10.0,post,1,1,2.6701
1787153679.9203,2026-08-19 17:34:39.920,10,c3,0,0,-0.03812,-0.49679,0.04968,-4.0247,10.087,-25.2815,-0.0715,0.0176,-0.3753,4.69382,22.0,22.0,22.0,21.0,22.0,26.0,24.0,21.0,21.0,22.0,24.0,21.0,23.0,23.0,22.0,21.0,24.0,25.0,21.0,21.0,22.0,21.0,21.0,22.0,21.0,22.0,21.0,22.0,21.0,21.0,21.0,22.0,22.0,23.0,20.0,22.0,23.0,21.0,10.0,post,1,1,2.7239
1787153679.9703,2026-08-19 17:34:39.970,10,c3,0,0,-0.03814,-0.4968,0.04971,-4.0108,10.0826,-25.1418,-0.0705,0.0168,-0.3711,4.68199,22.0,22.0,21.0,19.0,22.0,22.0,21.0,23.0,22.0,23.0,24.0,22.0,24.0,24.0,22.0,22.0,24.0,23.0,22.0,21.0,22.0,21.0,21.0,22.0,21.0,22.0,21.0,22.0,21.0,21.0,21.0,22.0,22.0,23.0,20.0,22.0,23.0,21.0,10.0,post,1,1,2.8292
1787153680.0204,2026-08-19 17:34:40.020,10,c3,0,0,-0.03815,-0.49681,0.0497,-3.558,10.068,-25.3586,-0.0751,0.0267,-0.3719,4.69105,22.0,22.0,21.0,19.0,22.0,22.0,21.0,23.0,22.0,23.0,24.0,22.0,24.0,24.0,22.0,22.0,24.0,23.0,22.0,21.0,22.0,21.0,21.0,22.0,21.0,22.0,21.0,22.0,21.0,21.0,21.0,22.0,22.0,23.0,20.0,22.0,23.0,21.0,10.0,post,1,1,2.7485
1787153680.0706,2026-08-19 17:34:40.070,10,c3,0,0,-0.03813,-0.4968,0.04971,-4.322,9.9686,-25.1705,-0.0663,0.01,-0.3764,4.68627,21.0,22.0,22.0,21.0,23.0,24.0,23.0,23.0,20.0,23.0,23.0,22.0,21.0,22.0,21.0,22.0,22.0,23.0,21.0,21.0,22.0,21.0,21.0,22.0,21.0,22.0,21.0,22.0,21.0,21.0,21.0,22.0,22.0,23.0,20.0,22.0,23.0,21.0,10.0,post,1,1,2.7911
1787153680.1207,2026-08-19 17:34:40.120,10,c3,0,0,-0.03813,-0.4968,0.04969,-3.9588,10.2116,-25.1733,-0.0748,0.0164,-0.3764,4.70037,21.0,22.0,22.0,21.0,23.0,24.0,23.0,23.0,20.0,23.0,23.0,22.0,21.0,22.0,21.0,22.0,22.0,23.0,21.0,21.0,22.0,21.0,21.0,22.0,21.0,22.0,21.0,22.0,21.0,21.0,21.0,22.0,22.0,23.0,20.0,22.0,23.0,21.0,10.0,post,1,1,2.6657
1787153680.1709,2026-08-19 17:34:40.170,10,c3,0,0,-0.03814,-0.4968,0.04971,-4.0701,10.1618,-25.3737,-0.0743,0.0125,-0.3718,4.68778,21.0,21.0,21.0,20.0,22.0,24.0,22.0,22.0,21.0,24.0,24.0,21.0,23.0,25.0,22.0,22.0,25.0,23.0,22.0,21.0,22.0,21.0,21.0,22.0,21.0,22.0,21.0,22.0,21.0,21.0,21.0,22.0,22.0,23.0,20.0,22.0,23.0,21.0,10.0,post,1,1,2.7777
1787153680.221,2026-08-19 17:34:40.220,10,c3,0,0,-0.03813,-0.4968,0.04971,-4.1756,10.2459,-25.3576,-0.0778,0.0123,-0.3737,4.69634,22.0,22.0,22.0,21.0,23.0,24.0,23.0,23.0,23.0,22.0,24.0,22.0,24.0,23.0,23.0,21.0,23.0,23.0,21.0,21.0,22.0,21.0,21.0,22.0,21.0,22.0,21.0,22.0,21.0,21.0,21.0,22.0,22.0,23.0,20.0,22.0,23.0,21.0,10.0,post,1,1,2.7015
1787153680.2711,2026-08-19 17:34:40.271,10,c3,0,0,-0.03812,-0.49681,0.04971,-3.805,10.0977,-25.2833,-0.0738,0.0204,-0.3685,4.68602,22.0,22.0,22.0,21.0,23.0,24.0,23.0,23.0,23.0,22.0,24.0,22.0,24.0,23.0,23.0,21.0,23.0,23.0,21.0,21.0,22.0,21.0,21.0,22.0,21.0,22.0,21.0,22.0,21.0,21.0,21.0,22.0,22.0,23.0,20.0,22.0,23.0,21.0,10.0,post,1,1,2.7933
1787153680.3212,2026-08-19 17:34:40.321,10,c3,0,0,-0.03814,-0.49681,0.04972,-3.9126,10.3249,-25.4829,-0.0796,0.0181,-0.3742,4.69684,22.0,22.0,22.0,21.0,22.0,24.0,23.0,22.0,22.0,25.0,27.0,21.0,22.0,25.0,24.0,23.0,26.0,23.0,22.0,21.0,22.0,21.0,21.0,22.0,21.0,22.0,21.0,22.0,21.0,21.0,21.0,22.0,22.0,23.0,20.0,22.0,23.0,21.0,10.0,post,1,1,2.697
1787153680.3713,2026-08-19 17:34:40.371,10,c3,0,0,-0.03814,-0.49681,0.04971,-4.1638,10.2561,-25.3755,-0.0757,0.0128,-0.3796,4.69206,22.0,22.0,22.0,21.0,22.0,24.0,23.0,22.0,22.0,25.0,27.0,21.0,22.0,25.0,24.0,23.0,26.0,23.0,22.0,21.0,22.0,21.0,21.0,22.0,21.0,22.0,21.0,22.0,21.0,21.0,21.0,22.0,22.0,23.0,20.0,22.0,23.0,21.0,10.0,post,1,1,2.7396
1787153680.4214,2026-08-19 17:34:40.421,10,c3,0,0,-0.03816,-0.49681,0.04971,-4.0444,9.7514,-25.4006,-0.063,0.0147,-0.3768,4.69835,20.0,22.0,24.0,20.0,23.0,26.0,24.0,22.0,19.0,24.0,24.0,22.0,22.0,24.0,21.0,24.0,24.0,23.0,22.0,21.0,22.0,21.0,21.0,22.0,21.0,22.0,21.0,22.0,21.0,21.0,21.0,22.0,22.0,23.0,20.0,22.0,23.0,21.0,10.0,post,1,1,2.6836
1787153680.4716,2026-08-19 17:34:40.471,10,c3,0,0,-0.03815,-0.49681,0.04972,-3.6961,9.8232,-25.2886,-0.0655,0.0223,-0.3654,4.68778,20.0,22.0,24.0,20.0,23.0,26.0,24.0,22.0,19.0,24.0,24.0,22.0,22.0,24.0,21.0,24.0,24.0,23.0,22.0,21.0,22.0,21.0,21.0,22.0,21.0,22.0,21.0,22.0,21.0,21.0,21.0,22.0,22.0,23.0,20.0,22.0,23.0,21.0,10.0,post,1,1,2.7777
1787153680.5217,2026-08-19 17:34:40.521,10,c3,0,0,-0.03812,-0.4968,0.0497,-4.2278,10.2763,-25.1272,-0.0747,0.0109,-0.3737,4.69709,22.0,21.0,23.0,22.0,22.0,24.0,23.0,21.0,21.0,22.0,25.0,21.0,24.0,24.0,23.0,22.0,24.0,23.0,21.0,21.0,22.0,21.0,21.0,22.0,21.0,22.0,21.0,22.0,21.0,21.0,21.0,22.0,22.0,23.0,20.0,22.0,23.0,21.0,10.0,post,1,1,2.6948
1787153680.5718,2026-08-19 17:34:40.571,10,c3,0,0,-0.03814,-0.49681,0.0497,-3.9973,10.0553,-25.1283,-0.0676,0.0142,-0.3793,4.68778,22.0,22.0,25.0,19.0,22.0,25.0,23.0,20.0,23.0,24.0,23.0,20.0,24.0,25.0,21.0,23.0,23.0,23.0,22.0,21.0,22.0,21.0,21.0,22.0,21.0,22.0,21.0,22.0,21.0,21.0,21.0,22.0,22.0,23.0,20.0,22.0,23.0,21.0,10.0,post,1,1,2.7777
1787153680.6219,2026-08-19 17:34:40.621,10,c3,0,0,-0.03815,-0.49682,0.04972,-4.2097,10.2588,-25.3063,-0.0774,0.0119,-0.3738,4.69407,22.0,22.0,25.0,19.0,22.0,25.0,23.0,20.0,23.0,24.0,23.0,20.0,24.0,25.0,21.0,23.0,23.0,23.0,22.0,21.0,22.0,21.0,21.0,22.0,21.0,22.0,21.0,22.0,21.0,21.0,21.0,22.0,22.0,23.0,20.0,22.0,23.0,21.0,10.0,post,1,1,2.7217
1787153680.672,2026-08-19 17:34:40.672,10,c3,0,0,-0.03813,-0.49681,0.04972,-4.1175,9.8189,-25.1384,-0.063,0.0168,-0.3728,4.69181,21.0,22.0,23.0,19.0,23.0,24.0,23.0,22.0,22.0,23.0,24.0,21.0,24.0,23.0,23.0,23.0,23.0,23.0,23.0,21.0,22.0,21.0,21.0,22.0,21.0,22.0,21.0,22.0,21.0,21.0,21.0,22.0,22.0,23.0,20.0,22.0,23.0,21.0,10.0,post,1,1,2.7418
1787153680.7221,2026-08-19 17:34:40.722,10,c3,0,0,-0.03812,-0.49681,0.04971,-4.017,10.1125,-25.1205,-0.0731,0.0163,-0.3705,4.68753,21.0,22.0,23.0,19.0,23.0,24.0,23.0,22.0,22.0,23.0,24.0,21.0,24.0,23.0,23.0,23.0,23.0,23.0,23.0,21.0,22.0,21.0,21.0,22.0,21.0,22.0,21.0,22.0,21.0,21.0,21.0,22.0,22.0,23.0,20.0,22.0,23.0,21.0,10.0,post,1,1,2.7799
1787153680.7723,2026-08-19 17:34:40.772,10,c3,0,0,-0.03814,-0.49681,0.04971,-4.2539,10.163,-25.4113,-0.0751,0.0146,-0.3735,4.70162,21.0,22.0,22.0,20.0,23.0,24.0,23.0,21.0,22.0,24.0,22.0,21.0,23.0,25.0,21.0,22.0,24.0,22.0,22.0,21.0,22.0,21.0,21.0,22.0,21.0,22.0,21.0,22.0,21.0,21.0,21.0,22.0,22.0,23.0,20.0,22.0,23.0,21.0,10.0,post,1,1,2.6545
1787153680.8225,2026-08-19 17:34:40.822,10,c3,0,0,-0.03814,-0.49682,0.04972,-3.929,9.8089,-25.2123,-0.0589,0.0201,-0.3705,4.69004,20.0,23.0,22.0,18.0,22.0,23.0,20.0,24.0,21.0,24.0,25.0,23.0,23.0,25.0,23.0,23.0,23.0,24.0,22.0,21.0,22.0,21.0,21.0,22.0,21.0,22.0,21.0,22.0,21.0,21.0,21.0,22.0,22.0,23.0,20.0,22.0,23.0,21.0,10.0,post,1,1,2.7575
1787153680.8726,2026-08-19 17:34:40.872,10,c3,0,0,-0.03813,-0.4968,0.04971,-4.1348,10.4859,-25.1205,-0.0807,0.0149,-0.3773,4.69432,20.0,23.0,22.0,18.0,22.0,23.0,20.0,24.0,21.0,24.0,25.0,23.0,23.0,25.0,23.0,23.0,23.0,24.0,22.0,21.0,22.0,21.0,21.0,22.0,21.0,22.0,21.0,22.0,21.0,21.0,21.0,22.0,22.0,23.0,20.0,22.0,23.0,21.0,10.0,post,1,1,2.7194
1787153680.9228,2026-08-19 17:34:40.922,10,c3,0,0,-0.03813,-0.49681,0.04971,-3.9243,9.8958,-25.0406,-0.0674,0.0193,-0.3702,4.68576,21.0,23.0,23.0,21.0,22.0,24.0,23.0,20.0,22.0,23.0,23.0,20.0,23.0,23.0,21.0,21.0,22.0,22.0,22.0,21.0,22.0,21.0,21.0,22.0,21.0,22.0,21.0,22.0,21.0,21.0,21.0,22.0,22.0,23.0,20.0,22.0,23.0,21.0,10.0,post,1,1,2.7956
1787153680.9729,2026-08-19 17:34:40.972,10,c3,0,0,-0.03812,-0.49681,0.04971,-4.1421,9.8637,-25.3386,-0.0645,0.011,-0.366,4.68652,21.0,23.0,23.0,21.0,22.0,24.0,23.0,20.0,22.0,23.0,23.0,20.0,23.0,23.0,21.0,21.0,22.0,22.0,22.0,21.0,22.0,21.0,21.0,22.0,21.0,22.0,21.0,22.0,21.0,21.0,21.0,22.0,22.0,23.0,20.0,22.0,23.0,21.0,10.0,post,1,1,2.7889
1787153681.023,2026-08-19 17:34:41.022,10,c3,0,0,-0.03813,-0.4968,0.0497,-4.1759,10.1387,-25.2659,-0.07,0.0138,-0.3746,4.69785,20.0,22.0,22.0,20.0,23.0,22.0,22.0,22.0,22.0,23.0,24.0,21.0,23.0,24.0,22.0,20.0,24.0,21.0,22.0,21.0,22.0,21.0,21.0,22.0,21.0,22.0,21.0,22.0,21.0,21.0,21.0,22.0,22.0,23.0,20.0,22.0,23.0,21.0,10.0,post,1,1,2.6881
1787153681.0731,2026-08-19 17:34:41.073,10,c3,0,0,-0.03814,-0.49681,0.04972,-4.1192,10.2219,-25.1622,-0.0713,0.015,-0.3688,4.6913,21.0,22.0,22.0,20.0,24.0,25.0,22.0,20.0,20.0,24.0,25.0,21.0,22.0,24.0,24.0,20.0,24.0,23.0,20.0,21.0,22.0,21.0,21.0,22.0,21.0,22.0,21.0,22.0,21.0,21.0,21.0,22.0,22.0,23.0,20.0,22.0,23.0,21.0,10.0,post,1,1,2.7463
1787153681.1232,2026-08-19 17:34:41.123,10,c3,0,0,-0.03814,-0.4968,0.0497,-4.0679,10.1737,-25.1485,-0.075,0.0161,-0.3758,4.6903,21.0,22.0,22.0,20.0,24.0,25.0,22.0,20.0,20.0,24.0,25.0,21.0,22.0,24.0,24.0,20.0,24.0,23.0,20.0,21.0,22.0,21.0,21.0,22.0,21.0,22.0,21.0,22.0,21.0,21.0,21.0,22.0,22.0,23.0,20.0,22.0,23.0,21.0,10.0,post,1,1,2.7553
1787153681.1733,2026-08-19 17:34:41.173,10,c3,0,0,-0.03815,-0.4968,0.04972,-4.2947,10.2544,-25.239,-0.0728,0.007,-0.3735,4.70011,20.0,20.0,23.0,18.0,21.0,26.0,23.0,22.0,20.0,23.0,26.0,20.0,21.0,24.0,22.0,23.0,24.0,22.0,21.0,21.0,22.0,21.0,21.0,22.0,21.0,22.0,21.0,22.0,21.0,21.0,21.0,22.0,22.0,23.0,20.0,22.0,23.0,21.0,10.0,post,1,1,2.6679
1787153681.2234,2026-08-19 17:34:41.223,10,c3,0,0,-0.03813,-0.49681,0.04971,-4.105,10.1902,-25.1291,-0.0754,0.0148,-0.3711,4.69206,20.0,20.0,23.0,18.0,21.0,26.0,23.0,22.0,20.0,23.0,26.0,20.0,21.0,24.0,22.0,23.0,24.0,22.0,21.0,21.0,22.0,21.0,21.0,22.0,21.0,22.0,21.0,22.0,21.0,21.0,21.0,22.0,22.0,23.0,20.0,22.0,23.0,21.0,10.0,post,1,1,2.7396
1787153681.2736,2026-08-19 17:34:41.273,10,c3,0,0,-0.03814,-0.49681,0.04971,-4.4679,10.3306,-25.1208,-0.0769,0.0031,-0.3773,4.69659,19.0,21.0,23.0,19.0,21.0,23.0,22.0,23.0,21.0,23.0,25.0,23.0,22.0,23.0,23.0,22.0,24.0,23.0,21.0,21.0,22.0,21.0,21.0,22.0,21.0,22.0,21.0,22.0,21.0,21.0,21.0,22.0,22.0,23.0,20.0,22.0,23.0,21.0,10.0,post,1,1,2.6993
1787153681.3237,2026-08-19 17:34:41.323,10,c3,0,0,-0.03815,-0.49681,0.04971,-4.1448,10.3062,-25.2315,-0.0781,0.0125,-0.3751,4.68853,22.0,21.0,22.0,21.0,21.0,24.0,22.0,23.0,22.0,23.0,22.0,22.0,23.0,23.0,21.0,22.0,25.0,22.0,22.0,21.0,22.0,21.0,21.0,22.0,21.0,22.0,21.0,22.0,21.0,21.0,21.0,22.0,22.0,23.0,20.0,22.0,23.0,21.0,10.0,post,1,1,2.7709
1787153681.3738,2026-08-19 17:34:41.373,10,c3,0,0,-0.03814,-0.4968,0.0497,-3.9432,9.9496,-25.1205,-0.0679,0.0176,-0.369,4.69508,22.0,21.0,22.0,21.0,21.0,24.0,22.0,23.0,22.0,23.0,22.0,22.0,23.0,23.0,21.0,22.0,25.0,22.0,22.0,21.0,22.0,21.0,21.0,22.0,21.0,22.0,21.0,22.0,21.0,21.0,21.0,22.0,22.0,23.0,20.0,22.0,23.0,21.0,10.0,post,1,1,2.7127
1787153681.4239,2026-08-19 17:34:41.423,10,c3,0,0,-0.03813,-0.49682,0.04971,-4.2957,10.2785,-25.2283,-0.0787,0.0088,-0.3799,4.69684,20.0,22.0,22.0,21.0,23.0,23.0,21.0,20.0,21.0,25.0,25.0,20.0,22.0,25.0,24.0,21.0,24.0,23.0,22.0,21.0,22.0,21.0,21.0,22.0,21.0,22.0,21.0,22.0,21.0,21.0,21.0,22.0,22.0,23.0,20.0,22.0,23.0,21.0,10.0,post,1,1,2.697
1787153681.474,2026-08-19 17:34:41.474,10,c3,0,0,-0.03814,-0.49681,0.0497,-4.1794,10.2915,-25.096,-0.0769,0.0143,-0.3836,4.68299,20.0,22.0,22.0,21.0,23.0,23.0,21.0,20.0,21.0,25.0,25.0,20.0,22.0,25.0,24.0,21.0,24.0,23.0,22.0,21.0,22.0,21.0,21.0,22.0,21.0,22.0,21.0,22.0,21.0,21.0,21.0,22.0,22.0,23.0,20.0,22.0,23.0,21.0,10.0,post,1,1,2.8202
1787153681.5242,2026-08-19 17:34:41.524,10,c3,0,0,-0.03815,-0.49683,0.04972,-4.1615,10.0662,-25.0335,-0.072,0.0126,-0.3718,4.69785,20.0,23.0,23.0,19.0,23.0,24.0,24.0,22.0,22.0,22.0,24.0,22.0,22.0,25.0,22.0,23.0,24.0,21.0,21.0,21.0,22.0,21.0,21.0,22.0,21.0,22.0,21.0,22.0,21.0,21.0,21.0,22.0,22.0,23.0,20.0,22.0,23.0,21.0,10.0,post,1,1,2.6881
1787153681.5743,2026-08-19 17:34:41.574,10,c3,0,0,-0.03812,-0.49681,0.04971,-4.2747,10.1249,-25.1522,-0.0694,0.01,-0.3728,4.68753,20.0,23.0,23.0,19.0,23.0,24.0,24.0,22.0,22.0,22.0,24.0,22.0,22.0,25.0,22.0,23.0,24.0,21.0,21.0,21.0,22.0,21.0,21.0,22.0,21.0,22.0,21.0,22.0,21.0,21.0,21.0,22.0,22.0,23.0,20.0,22.0,23.0,21.0,10.0,post,1,1,2.7799
1787153681.6244,2026-08-19 17:34:41.624,10,c3,0,0,-0.03815,-0.4968,0.04971,-4.4059,10.2011,-25.0415,-0.0726,0.0053,-0.3697,4.69609,21.0,22.0,22.0,20.0,23.0,24.0,23.0,22.0,22.0,23.0,26.0,20.0,23.0,23.0,23.0,23.0,24.0,23.0,22.0,21.0,22.0,21.0,21.0,22.0,21.0,22.0,21.0,22.0,21.0,21.0,21.0,22.0,22.0,23.0,20.0,22.0,23.0,21.0,10.0,post,1,1,2.7037
1787153681.6746,2026-08-19 17:34:41.674,10,c3,0,0,-0.03813,-0.49681,0.04971,-4.1191,10.1035,-24.9904,-0.072,0.0143,-0.3746,4.68753,20.0,23.0,22.0,20.0,23.0,23.0,25.0,21.0,21.0,22.0,25.0,20.0,22.0,23.0,23.0,20.0,21.0,25.0,20.0,21.0,22.0,21.0,21.0,22.0,21.0,22.0,21.0,22.0,21.0,21.0,21.0,22.0,22.0,23.0,20.0,22.0,23.0,21.0,10.0,post,1,1,2.7799
1787153681.7247,2026-08-19 17:34:41.724,10,c3,0,0,-0.03813,-0.49679,0.04969,-4.166,10.4398,-25.1401,-0.0815,0.0118,-0.3724,4.69961,20.0,23.0,22.0,20.0,23.0,23.0,25.0,21.0,21.0,22.0,25.0,20.0,22.0,23.0,23.0,20.0,21.0,25.0,20.0,21.0,22.0,21.0,21.0,22.0,21.0,22.0,21.0,22.0,21.0,21.0,21.0,22.0,22.0,23.0,20.0,22.0,23.0,21.0,10.0,post,1,1,2.6724
1787153681.7748,2026-08-19 17:34:41.774,10,c3,0,0,-0.03813,-0.4968,0.04971,-4.0988,9.8368,-25.3664,-0.0654,0.016,-0.3746,4.68853,20.0,21.0,22.0,18.0,23.0,24.0,23.0,21.0,23.0,23.0,25.0,21.0,24.0,25.0,24.0,21.0,24.0,23.0,22.0,21.0,22.0,21.0,21.0,22.0,21.0,22.0,21.0,22.0,21.0,21.0,21.0,22.0,22.0,23.0,20.0,22.0,23.0,21.0,10.0,post,1,1,2.7709
1787153681.8248,2026-08-19 17:34:41.824,10,c3,0,0,-0.03814,-0.49679,0.04969,-4.2848,10.4314,-25.206,-0.0817,0.0113,-0.3779,4.68627,20.0,21.0,22.0,18.0,23.0,24.0,23.0,21.0,23.0,23.0,25.0,21.0,24.0,25.0,24.0,21.0,24.0,23.0,22.0,21.0,22.0,21.0,21.0,22.0,21.0,22.0,21.0,22.0,21.0,21.0,21.0,22.0,22.0,23.0,20.0,22.0,23.0,21.0,10.0,post,1,1,2.7911
1787153681.875,2026-08-19 17:34:41.875,10,c3,0,0,-0.03814,-0.4968,0.04971,-4.2415,10.116,-25.2601,-0.0729,0.0113,-0.3789,4.69583,20.0,24.0,23.0,20.0,24.0,24.0,24.0,23.0,23.0,23.0,24.0,21.0,25.0,24.0,23.0,23.0,24.0,25.0,23.0,21.0,22.0,21.0,21.0,22.0,21.0,22.0,21.0,22.0,21.0,21.0,21.0,22.0,22.0,23.0,20.0,22.0,23.0,21.0,10.0,locate,2,2,2.706
1787153681.925,2026-08-19 17:34:41.925,10,c3,0,0,-0.03813,-0.4968,0.04971,-4.071,9.9591,-25.1851,-0.0689,0.0184,-0.3703,4.69004,23.0,22.0,22.0,21.0,24.0,22.0,23.0,22.0,23.0,24.0,24.0,21.0,23.0,25.0,22.0,21.0,24.0,23.0,21.0,21.0,22.0,21.0,21.0,22.0,21.0,22.0,21.0,22.0,21.0,21.0,21.0,22.0,22.0,23.0,20.0,22.0,23.0,21.0,10.0,locate,2,2,2.7575
1787153681.9752,2026-08-19 17:34:41.975,10,c3,0,0,-0.03814,-0.49681,0.04971,-3.9451,10.0173,-25.1612,-0.0688,0.0172,-0.3671,4.68627,23.0,22.0,22.0,21.0,24.0,22.0,23.0,22.0,23.0,24.0,24.0,21.0,23.0,25.0,22.0,21.0,24.0,23.0,21.0,21.0,22.0,21.0,21.0,22.0,21.0,22.0,21.0,22.0,21.0,21.0,21.0,22.0,22.0,23.0,20.0,22.0,23.0,21.0,10.0,locate,2,2,2.7911
1787153682.0253,2026-08-19 17:34:42.025,10,c3,0,0,-0.03813,-0.49681,0.0497,-3.8997,9.9342,-25.0127,-0.0711,0.0191,-0.3756,4.68979,22.0,23.0,21.0,19.0,22.0,23.0,23.0,23.0,20.0,22.0,25.0,23.0,22.0,23.0,23.0,22.0,23.0,24.0,23.0,21.0,22.0,21.0,21.0,22.0,21.0,22.0,21.0,22.0,21.0,21.0,21.0,22.0,22.0,23.0,20.0,22.0,23.0,21.0,10.0,locate,2,2,2.7597
1787153682.0755,2026-08-19 17:34:42.075,10,c3,0,0,-0.03813,-0.4968,0.0497,-4.2058,10.1368,-25.0914,-0.0696,0.0112,-0.3691,4.6908,22.0,23.0,21.0,19.0,22.0,23.0,23.0,23.0,20.0,22.0,25.0,23.0,22.0,23.0,23.0,22.0,23.0,24.0,23.0,21.0,22.0,21.0,21.0,22.0,21.0,22.0,21.0,22.0,21.0,21.0,21.0,22.0,22.0,23.0,20.0,22.0,23.0,21.0,10.0,locate,2,2,2.7508
1787153682.1256,2026-08-19 17:34:42.125,10,c3,0,0,-0.03815,-0.49681,0.0497,-4.1408,10.0309,-25.2638,-0.0702,0.0132,-0.3719,4.68828,21.0,21.0,23.0,22.0,21.0,24.0,24.0,24.0,22.0,22.0,25.0,21.0,22.0,24.0,22.0,23.0,24.0,23.0,22.0,21.0,22.0,21.0,21.0,22.0,21.0,22.0,21.0,22.0,21.0,21.0,21.0,22.0,22.0,23.0,20.0,22.0,23.0,21.0,10.0,locate,2,2,2.7732
1787153682.1757,2026-08-19 17:34:42.175,10,c3,0,0,-0.03814,-0.4968,0.04972,-3.8426,10.0367,-25.467,-0.0663,0.0196,-0.3674,4.69785,23.0,22.0,21.0,20.0,22.0,23.0,22.0,24.0,22.0,25.0,25.0,24.0,23.0,24.0,23.0,22.0,24.0,24.0,21.0,21.0,22.0,21.0,21.0,22.0,21.0,22.0,21.0,22.0,21.0,21.0,21.0,22.0,22.0,23.0,20.0,22.0,23.0,21.0,10.0,locate,2,2,2.6881
1787153682.2258,2026-08-19 17:34:42.225,10,c3,0,0,-0.03814,-0.49681,0.0497,-4.1561,9.8844,-25.2372,-0.0663,0.0159,-0.3728,4.69558,23.0,22.0,21.0,20.0,22.0,23.0,22.0,24.0,22.0,25.0,25.0,24.0,23.0,24.0,23.0,22.0,24.0,24.0,21.0,21.0,22.0,21.0,21.0,22.0,21.0,22.0,21.0,22.0,21.0,21.0,21.0,22.0,22.0,23.0,20.0,22.0,23.0,21.0,10.0,locate,2,2,2.7082
1787153682.2759,2026-08-19 17:34:42.275,10,c3,0,0,-0.03813,-0.4968,0.0497,-3.8407,10.3004,-25.3749,-0.0783,0.0178,-0.3675,4.69458,22.0,22.0,22.0,21.0,23.0,24.0,25.0,23.0,21.0,24.0,25.0,23.0,22.0,25.0,22.0,23.0,23.0,24.0,23.0,21.0,22.0,21.0,21.0,22.0,21.0,22.0,21.0,22.0,21.0,21.0,21.0,22.0,22.0,23.0,20.0,22.0,23.0,21.0,10.0,locate,2,2,2.7172
1787153682.326,2026-08-19 17:34:42.325,10,c3,0,0,-0.03811,-0.49681,0.0497,-4.0432,10.1053,-25.266,-0.0683,0.0137,-0.3749,4.69281,22.0,22.0,22.0,21.0,23.0,24.0,25.0,23.0,21.0,24.0,25.0,23.0,22.0,25.0,22.0,23.0,23.0,24.0,23.0,21.0,22.0,21.0,21.0,22.0,21.0,22.0,21.0,22.0,21.0,21.0,21.0,22.0,22.0,23.0,20.0,22.0,23.0,21.0,10.0,locate,2,2,2.7329
1787153682.3761,2026-08-19 17:34:42.376,10,c3,0,0,-0.03813,-0.49681,0.04971,-3.9601,9.9796,-25.34,-0.0694,0.019,-0.3759,4.69458,23.0,22.0,22.0,22.0,22.0,24.0,24.0,23.0,23.0,22.0,25.0,22.0,25.0,23.0,23.0,25.0,24.0,25.0,22.0,21.0,22.0,21.0,21.0,22.0,21.0,22.0,21.0,22.0,21.0,21.0,21.0,22.0,22.0,23.0,20.0,22.0,23.0,21.0,10.0,locate,2,2,2.7172
1787153682.4262,2026-08-19 17:34:42.426,10,c3,0,0,-0.03813,-0.4968,0.0497,-4.2644,10.0687,-25.372,-0.0704,0.0071,-0.3729,4.68753,21.0,24.0,22.0,21.0,24.0,23.0,24.0,22.0,21.0,24.0,24.0,22.0,23.0,25.0,22.0,23.0,24.0,22.0,23.0,21.0,22.0,21.0,21.0,22.0,21.0,22.0,21.0,22.0,21.0,21.0,21.0,22.0,22.0,23.0,20.0,22.0,23.0,21.0,10.0,locate,2,2,2.7799
1787153682.4763,2026-08-19 17:34:42.476,10,c3,0,0,-0.03814,-0.4968,0.0497,-4.1035,10.0632,-25.1511,-0.0701,0.0134,-0.365,4.69684,21.0,24.0,22.0,21.0,24.0,23.0,24.0,22.0,21.0,24.0,24.0,22.0,23.0,25.0,22.0,23.0,24.0,22.0,23.0,21.0,22.0,21.0,21.0,22.0,21.0,22.0,21.0,22.0,21.0,21.0,21.0,22.0,22.0,23.0,20.0,22.0,23.0,21.0,10.0,locate,2,2,2.697
1787153682.5265,2026-08-19 17:34:42.526,10,c3,0,0,-0.03813,-0.49681,0.04971,-3.9797,10.0445,-25.2481,-0.0696,0.0168,-0.3676,4.68526,22.0,21.0,22.0,21.0,21.0,24.0,24.0,21.0,21.0,24.0,23.0,20.0,21.0,25.0,22.0,20.0,22.0,23.0,22.0,21.0,22.0,21.0,21.0,22.0,21.0,22.0,21.0,22.0,21.0,21.0,21.0,22.0,22.0,23.0,20.0,22.0,23.0,21.0,10.0,locate,2,2,2.8001
1787153682.5766,2026-08-19 17:34:42.576,10,c3,0,0,-0.03814,-0.49681,0.04972,-4.0687,9.9048,-25.035,-0.0714,0.0149,-0.3746,4.70037,22.0,21.0,22.0,21.0,21.0,24.0,24.0,21.0,21.0,24.0,23.0,20.0,21.0,25.0,22.0,20.0,22.0,23.0,22.0,21.0,22.0,21.0,21.0,22.0,21.0,22.0,21.0,22.0,21.0,21.0,21.0,22.0,22.0,23.0,20.0,22.0,23.0,21.0,10.0,locate,2,2,2.6657
1787153682.6266,2026-08-19 17:34:42.626,10,c3,0,0,-0.03812,-0.4968,0.0497,-4.1509,10.2913,-25.3109,-0.0754,0.0128,-0.3741,4.68828,20.0,22.0,21.0,19.0,22.0,22.0,23.0,20.0,22.0,23.0,24.0,21.0,24.0,25.0,22.0,21.0,24.0,22.0,24.0,21.0,22.0,21.0,21.0,22.0,21.0,22.0,21.0,22.0,21.0,21.0,21.0,22.0,22.0,23.0,20.0,22.0,23.0,21.0,10.0,locate,2,2,2.7732
1787153682.6767,2026-08-19 17:34:42.676,10,c3,0,0,-0.03815,-0.49681,0.0497,-4.1263,10.43,-25.0923,-0.0785,0.0124,-0.373,4.69306,20.0,22.0,21.0,19.0,22.0,22.0,23.0,20.0,22.0,23.0,24.0,21.0,24.0,25.0,22.0,21.0,24.0,22.0,24.0,21.0,22.0,21.0,21.0,22.0,21.0,22.0,21.0,22.0,21.0,21.0,21.0,22.0,22.0,23.0,20.0,22.0,23.0,21.0,10.0,locate,2,2,2.7306
1787153682.7269,2026-08-19 17:34:42.726,10,c3,0,0,-0.03815,-0.4968,0.04971,-4.0284,10.0308,-25.2709,-0.0697,0.014,-0.3701,4.69231,20.0,22.0,23.0,21.0,23.0,24.0,22.0,22.0,22.0,23.0,24.0,21.0,23.0,24.0,22.0,20.0,23.0,24.0,23.0,21.0,22.0,21.0,21.0,22.0,21.0,22.0,21.0,22.0,21.0,21.0,21.0,22.0,22.0,23.0,20.0,22.0,23.0,21.0,10.0,locate,2,2,2.7373
1787153682.777,2026-08-19 17:34:42.776,10,c3,0,0,-0.03815,-0.49681,0.04971,-4.1141,9.8819,-25.246,-0.0633,0.0146,-0.3689,4.68375,20.0,23.0,22.0,19.0,23.0,24.0,22.0,22.0,21.0,25.0,24.0,21.0,21.0,26.0,22.0,21.0,25.0,23.0,21.0,21.0,22.0,21.0,21.0,22.0,21.0,22.0,21.0,22.0,21.0,21.0,21.0,22.0,22.0,23.0,20.0,22.0,23.0,21.0,10.0,locate,2,2,2.8135
1787153682.8271,2026-08-19 17:34:42.827,10,c3,0,0,-0.03814,-0.49681,0.0497,-4.0527,10.2461,-25.1285,-0.0758,0.0158,-0.374,4.6913,20.0,23.0,22.0,19.0,23.0,24.0,22.0,22.0,21.0,25.0,24.0,21.0,21.0,26.0,22.0,21.0,25.0,23.0,21.0,21.0,22.0,21.0,21.0,22.0,21.0,22.0,21.0,22.0,21.0,21.0,21.0,22.0,22.0,23.0,20.0,22.0,23.0,21.0,10.0,locate,2,2,2.7463
1787153682.8772,2026-08-19 17:34:42.877,10,c3,0,0,-0.03812,-0.49682,0.04971,-4.2261,9.9187,-25.0357,-0.0666,0.0138,-0.3662,4.68778,21.0,21.0,23.0,20.0,22.0,24.0,23.0,23.0,19.0,22.0,24.0,22.0,21.0,24.0,21.0,23.0,22.0,22.0,21.0,21.0,22.0,21.0,21.0,22.0,21.0,22.0,21.0,22.0,21.0,21.0,21.0,22.0,22.0,23.0,20.0,22.0,23.0,21.0,10.0,locate,2,2,2.7777
1787153682.9274,2026-08-19 17:34:42.927,10,c3,0,0,-0.03814,-0.49682,0.04972,-4.2143,10.1304,-25.1379,-0.071,0.0126,-0.3681,4.6976,21.0,21.0,23.0,20.0,22.0,24.0,23.0,23.0,19.0,22.0,24.0,22.0,21.0,24.0,21.0,23.0,22.0,22.0,21.0,21.0,22.0,21.0,21.0,22.0,21.0,22.0,21.0,22.0,21.0,21.0,21.0,22.0,22.0,23.0,20.0,22.0,23.0,21.0,10.0,locate,2,2,2.6903
1787153682.9775,2026-08-19 17:34:42.977,10,c3,0,0,-0.03812,-0.4968,0.04971,-4.4357,9.9758,-25.1454,-0.0654,0.0066,-0.3733,4.684,21.0,22.0,23.0,21.0,21.0,23.0,22.0,21.0,22.0,25.0,23.0,21.0,22.0,25.0,21.0,20.0,23.0,23.0,21.0,21.0,22.0,21.0,21.0,22.0,21.0,22.0,21.0,22.0,21.0,21.0,21.0,22.0,22.0,23.0,20.0,22.0,23.0,21.0,10.0,locate,2,2,2.8113
1787153683.0277,2026-08-19 17:34:43.027,10,c3,0,0,-0.03812,-0.49679,0.04969,-4.1514,10.3915,-24.8907,-0.0788,0.0119,-0.3748,4.69558,22.0,22.0,23.0,20.0,22.0,25.0,22.0,21.0,24.0,25.0,23.0,21.0,23.0,24.0,21.0,21.0,24.0,21.0,21.0,21.0,22.0,21.0,21.0,22.0,21.0,22.0,21.0,22.0,21.0,21.0,21.0,22.0,22.0,23.0,20.0,22.0,23.0,21.0,10.0,locate,2,2,2.7082
1787153683.0778,2026-08-19 17:34:43.077,10,c3,0,0,-0.03813,-0.4968,0.04971,-3.6307,9.8631,-25.3061,-0.067,0.0246,-0.3656,4.684,22.0,22.0,23.0,20.0,22.0,25.0,22.0,21.0,24.0,25.0,23.0,21.0,23.0,24.0,21.0,21.0,24.0,21.0,21.0,21.0,22.0,21.0,21.0,22.0,21.0,22.0,21.0,22.0,21.0,21.0,21.0,22.0,22.0,23.0,20.0,22.0,23.0,21.0,10.0,locate,2,2,2.8113
1787153683.1279,2026-08-19 17:34:43.127,10,c3,0,0,-0.03814,-0.49681,0.0497,-4.1716,10.1583,-25.1318,-0.0773,0.0142,-0.3731,4.69583,20.0,23.0,23.0,21.0,24.0,23.0,22.0,22.0,21.0,22.0,23.0,20.0,22.0,23.0,20.0,23.0,22.0,22.0,24.0,21.0,22.0,21.0,21.0,22.0,21.0,22.0,21.0,22.0,21.0,21.0,21.0,22.0,22.0,23.0,20.0,22.0,23.0,21.0,10.0,locate,2,2,2.706
1787153683.178,2026-08-19 17:34:43.178,10,c3,0,0,-0.03813,-0.4968,0.0497,-3.8459,9.9575,-25.3043,-0.071,0.0188,-0.3682,4.68879,20.0,23.0,23.0,21.0,24.0,23.0,22.0,22.0,21.0,22.0,23.0,20.0,22.0,23.0,20.0,23.0,22.0,22.0,24.0,21.0,22.0,21.0,21.0,22.0,21.0,22.0,21.0,22.0,21.0,21.0,21.0,22.0,22.0,23.0,20.0,22.0,23.0,21.0,10.0,locate,2,2,2.7687
1787153683.2281,2026-08-19 17:34:43.228,10,c3,0,0,-0.03814,-0.4968,0.0497,-3.9925,10.2186,-25.373,-0.0742,0.0176,-0.3691,4.70011,21.0,22.0,22.0,19.0,22.0,22.0,22.0,22.0,22.0,23.0,22.0,22.0,23.0,24.0,20.0,22.0,24.0,21.0,22.0,21.0,22.0,21.0,21.0,22.0,21.0,22.0,21.0,22.0,21.0,21.0,21.0,22.0,22.0,23.0,20.0,22.0,23.0,21.0,10.0,locate,2,2,2.6679
1787153683.2783,2026-08-19 17:34:43.278,10,c3,0,0,-0.03815,-0.4968,0.0497,-4.0333,10.1771,-25.1665,-0.0733,0.0153,-0.3737,4.69332,22.0,22.0,22.0,20.0,23.0,22.0,21.0,21.0,22.0,23.0,22.0,20.0,24.0,24.0,21.0,24.0,23.0,22.0,24.0,21.0,22.0,21.0,21.0,22.0,21.0,22.0,21.0,22.0,21.0,21.0,21.0,22.0,22.0,23.0,20.0,22.0,23.0,21.0,10.0,locate,2,2,2.7284
1787153683.3284,2026-08-19 17:34:43.328,10,c3,0,0,-0.03812,-0.49681,0.0497,-4.265,10.0186,-25.2123,-0.0711,0.0101,-0.373,4.68602,22.0,22.0,22.0,20.0,23.0,22.0,21.0,21.0,22.0,23.0,22.0,20.0,24.0,24.0,21.0,24.0,23.0,22.0,24.0,21.0,22.0,21.0,21.0,22.0,21.0,22.0,21.0,22.0,21.0,21.0,21.0,22.0,22.0,23.0,20.0,22.0,23.0,21.0,10.0,locate,2,2,2.7933
1787153683.3785,2026-08-19 17:34:43.378,10,c3,0,0,-0.03812,-0.4968,0.04969,-4.1688,10.2456,-25.1379,-0.0749,0.0069,-0.3747,4.69785,21.0,24.0,23.0,21.0,23.0,25.0,22.0,25.0,22.0,24.0,24.0,24.0,23.0,24.0,23.0,24.0,22.0,23.0,22.0,21.0,22.0,21.0,21.0,22.0,21.0,22.0,21.0,22.0,21.0,21.0,21.0,22.0,22.0,23.0,20.0,22.0,23.0,21.0,10.0,locate,2,2,2.6881
1787153683.4287,2026-08-19 17:34:43.428,10,c3,0,0,-0.03813,-0.49681,0.04973,-4.1775,10.0507,-25.1211,-0.0661,0.0131,-0.3678,4.68551,21.0,24.0,23.0,21.0,23.0,25.0,22.0,25.0,22.0,24.0,24.0,24.0,23.0,24.0,23.0,24.0,22.0,23.0,22.0,21.0,22.0,21.0,21.0,22.0,21.0,22.0,21.0,22.0,21.0,21.0,21.0,22.0,22.0,23.0,20.0,22.0,23.0,21.0,10.0,locate,2,2,2.7978
1787153683.4788,2026-08-19 17:34:43.478,10,c3,0,0,-0.03814,-0.49679,0.04969,-4.1208,10.1162,-25.1742,-0.073,0.0102,-0.3675,4.69357,21.0,22.0,23.0,22.0,22.0,25.0,24.0,22.0,21.0,24.0,25.0,22.0,21.0,24.0,23.0,24.0,23.0,22.0,23.0,21.0,22.0,21.0,21.0,22.0,21.0,22.0,21.0,22.0,21.0,21.0,21.0,22.0,22.0,23.0,20.0,22.0,23.0,21.0,10.0,locate,2,2,2.7261
1787153683.5289,2026-08-19 17:34:43.528,10,c3,0,0,-0.03815,-0.49681,0.04971,-4.0297,10.0405,-25.4197,-0.0701,0.0172,-0.3732,4.70037,21.0,22.0,23.0,22.0,22.0,25.0,24.0,22.0,21.0,24.0,25.0,22.0,21.0,24.0,23.0,24.0,23.0,22.0,23.0,21.0,22.0,21.0,21.0,22.0,21.0,22.0,21.0,22.0,21.0,21.0,21.0,22.0,22.0,23.0,20.0,22.0,23.0,21.0,10.0,locate,2,2,2.6657
1787153683.579,2026-08-19 17:34:43.579,10,c3,0,0,-0.03814,-0.49681,0.04971,-3.9578,10.0544,-25.3007,-0.0728,0.0176,-0.3745,4.68702,21.0,21.0,23.0,21.0,22.0,23.0,22.0,22.0,21.0,23.0,24.0,23.0,22.0,24.0,22.0,23.0,24.0,23.0,22.0,21.0,22.0,21.0,21.0,22.0,21.0,22.0,21.0,22.0,21.0,21.0,21.0,22.0,22.0,23.0,20.0,22.0,23.0,21.0,10.0,locate,2,2,2.7844
1787153683.6292,2026-08-19 17:34:43.629,10,c3,0,0,-0.03812,-0.4968,0.04971,-3.7866,9.8561,-25.1653,-0.0656,0.0208,-0.3677,4.69709,20.0,21.0,22.0,20.0,22.0,23.0,22.0,24.0,23.0,25.0,21.0,22.0,23.0,24.0,21.0,22.0,23.0,21.0,21.0,21.0,22.0,21.0,21.0,22.0,21.0,22.0,21.0,22.0,21.0,21.0,21.0,22.0,22.0,23.0,20.0,22.0,23.0,21.0,10.0,locate,2,2,2.6948
1787153683.6793,2026-08-19 17:34:43.679,10,c3,0,0,-0.03812,-0.4968,0.04971,-4.2667,10.1887,-25.1214,-0.0713,0.0094,-0.369,4.69206,20.0,21.0,22.0,20.0,22.0,23.0,22.0,24.0,23.0,25.0,21.0,22.0,23.0,24.0,21.0,22.0,23.0,21.0,21.0,21.0,22.0,21.0,21.0,22.0,21.0,22.0,21.0,22.0,21.0,21.0,21.0,22.0,22.0,23.0,20.0,22.0,23.0,21.0,10.0,locate,2,2,2.7396
1787153683.7295,2026-08-19 17:34:43.729,10,c3,0,0,-0.03814,-0.49682,0.04971,-4.2424,10.1044,-25.0179,-0.0728,0.0108,-0.3731,4.69407,21.0,23.0,24.0,21.0,23.0,24.0,21.0,21.0,22.0,26.0,23.0,20.0,23.0,24.0,22.0,23.0,24.0,22.0,22.0,21.0,22.0,21.0,21.0,22.0,21.0,22.0,21.0,22.0,21.0,21.0,21.0,22.0,22.0,23.0,20.0,22.0,23.0,21.0,10.0,locate,2,2,2.7217
1787153683.7796,2026-08-19 17:34:43.779,10,c3,0,0,-0.03814,-0.4968,0.0497,-3.7951,10.0538,-25.2673,-0.071,0.0226,-0.3749,4.69508,21.0,23.0,24.0,21.0,23.0,24.0,21.0,21.0,22.0,26.0,23.0,20.0,23.0,24.0,22.0,23.0,24.0,22.0,22.0,21.0,22.0,21.0,21.0,22.0,21.0,22.0,21.0,22.0,21.0,21.0,21.0,22.0,22.0,23.0,20.0,22.0,23.0,21.0,10.0,locate,2,2,2.7127
1787153683.8298,2026-08-19 17:34:43.829,10,c3,0,0,-0.03814,-0.49682,0.04971,-4.0111,9.7767,-25.2598,-0.0623,0.0153,-0.3686,4.68753,21.0,22.0,22.0,19.0,23.0,25.0,23.0,23.0,21.0,24.0,22.0,22.0,21.0,23.0,19.0,24.0,22.0,21.0,22.0,21.0,22.0,21.0,21.0,22.0,21.0,22.0,21.0,22.0,21.0,21.0,21.0,22.0,22.0,23.0,20.0,22.0,23.0,21.0,10.0,locate,2,2,2.7799
1787153683.8798,2026-08-19 17:34:43.879,10,c3,1,0,-0.03813,-0.4968,0.04969,-3.7854,9.8451,-25.1858,-0.066,0.0208,-0.3681,4.68627,22.0,20.0,23.0,22.0,21.0,24.0,20.0,22.0,22.0,23.0,22.0,22.0,23.0,25.0,23.0,22.0,23.0,23.0,23.0,21.0,22.0,21.0,21.0,22.0,21.0,22.0,21.0,22.0,21.0,21.0,21.0,22.0,22.0,23.0,20.0,22.0,23.0,21.0,10.0,press,2,2,2.7911
1787153683.9299,2026-08-19 17:34:43.929,10,c3,1,0,-0.03814,-0.49681,0.04969,-4.2087,10.2096,-25.1006,-0.0751,0.0118,-0.372,4.69785,22.0,20.0,23.0,22.0,21.0,24.0,20.0,22.0,22.0,23.0,22.0,22.0,23.0,25.0,23.0,22.0,23.0,23.0,23.0,21.0,22.0,21.0,21.0,22.0,21.0,22.0,21.0,22.0,21.0,21.0,21.0,22.0,22.0,23.0,20.0,22.0,23.0,21.0,10.0,press,2,2,2.6881
1787153683.9801,2026-08-19 17:34:43.980,10,c3,1,0,-0.03816,-0.49682,0.04965,-4.2201,10.2065,-24.9196,-0.0771,0.0136,-0.3782,4.6913,23.0,22.0,22.0,21.0,22.0,22.0,21.0,22.0,23.0,24.0,23.0,23.0,24.0,24.0,22.0,22.0,23.0,23.0,21.0,21.0,22.0,21.0,21.0,22.0,21.0,22.0,21.0,22.0,21.0,21.0,21.0,22.0,22.0,23.0,20.0,22.0,23.0,21.0,10.0,press,2,2,2.7463
1787153684.0302,2026-08-19 17:34:44.030,10,c3,1,0,-0.03816,-0.49682,0.04956,-4.3746,10.0255,-25.1366,-0.0664,0.0092,-0.3671,4.68753,23.0,22.0,22.0,21.0,22.0,22.0,21.0,22.0,23.0,24.0,23.0,23.0,24.0,24.0,22.0,22.0,23.0,23.0,21.0,21.0,22.0,21.0,21.0,22.0,21.0,22.0,21.0,22.0,21.0,21.0,21.0,22.0,22.0,23.0,20.0,22.0,23.0,21.0,10.0,press,2,2,2.7799
1787153684.0803,2026-08-19 17:34:44.080,10,c3,1,0,-0.03815,-0.49682,0.04941,-4.3334,9.9174,-25.3562,-0.071,0.0091,-0.3701,4.6908,21.0,23.0,24.0,20.0,24.0,24.0,21.0,21.0,21.0,23.0,23.0,21.0,22.0,25.0,21.0,21.0,24.0,22.0,23.0,21.0,22.0,21.0,21.0,22.0,21.0,22.0,21.0,22.0,21.0,21.0,21.0,22.0,22.0,23.0,20.0,22.0,23.0,21.0,10.0,press,2,2,2.7508
1787153684.1304,2026-08-19 17:34:44.130,10,c3,1,0,-0.03813,-0.49682,0.04923,-4.009,10.0445,-25.0868,-0.0669,0.0192,-0.3739,4.69785,20.0,22.0,23.0,20.0,21.0,23.0,22.0,21.0,24.0,25.0,23.0,21.0,24.0,25.0,22.0,20.0,25.0,21.0,20.0,21.0,22.0,21.0,21.0,22.0,21.0,22.0,21.0,22.0,21.0,21.0,21.0,22.0,22.0,23.0,20.0,22.0,23.0,21.0,10.0,press,2,2,2.6881
1787153684.1805,2026-08-19 17:34:44.180,10,c3,1,0,-0.03815,-0.49683,0.04902,-4.3138,10.4064,-25.1186,-0.08,0.0087,-0.3665,4.68954,20.0,22.0,23.0,20.0,21.0,23.0,22.0,21.0,24.0,25.0,23.0,21.0,24.0,25.0,22.0,20.0,25.0,21.0,20.0,21.0,22.0,21.0,21.0,22.0,21.0,22.0,21.0,22.0,21.0,21.0,21.0,22.0,22.0,23.0,20.0,22.0,23.0,21.0,10.0,press,2,2,2.762
1787153684.2306,2026-08-19 17:34:44.230,10,c3,1,0,-0.03813,-0.49683,0.04877,-4.2039,10.298,-25.0727,-0.0757,0.0113,-0.3711,4.69407,19.0,24.0,23.0,20.0,23.0,26.0,21.0,22.0,22.0,22.0,25.0,22.0,22.0,24.0,23.0,22.0,23.0,23.0,23.0,21.0,22.0,21.0,21.0,22.0,21.0,22.0,21.0,22.0,21.0,21.0,21.0,22.0,22.0,23.0,20.0,22.0,23.0,21.0,10.0,press,2,2,2.7217
1787153684.2808,2026-08-19 17:34:44.280,10,c3,1,0,-0.03815,-0.49685,0.04851,-4.4895,10.5246,-25.0151,-0.0789,0.0046,-0.3769,4.69659,19.0,24.0,23.0,20.0,23.0,26.0,21.0,22.0,22.0,22.0,25.0,22.0,22.0,24.0,23.0,22.0,23.0,23.0,23.0,21.0,22.0,21.0,21.0,22.0,21.0,22.0,21.0,22.0,21.0,21.0,21.0,22.0,22.0,23.0,20.0,22.0,23.0,21.0,10.0,press,2,2,2.6993
1787153684.3309,2026-08-19 17:34:44.330,10,c3,1,0,-0.03814,-0.49686,0.04824,-4.0781,10.2312,-25.2013,-0.0764,0.0123,-0.3744,4.68476,20.0,22.0,22.0,21.0,21.0,23.0,23.0,21.0,23.0,21.0,27.0,23.0,23.0,22.0,24.0,21.0,22.0,24.0,22.0,21.0,22.0,21.0,21.0,22.0,21.0,22.0,21.0,22.0,21.0,21.0,21.0,22.0,22.0,23.0,20.0,22.0,23.0,21.0,10.0,press,2,2,2.8045
1787153684.381,2026-08-19 17:34:44.380,10,c3,1,0,-0.03812,-0.49681,0.04788,-4.1888,10.2091,-25.224,-0.0729,0.0117,-0.3701,4.69709,21.0,22.0,21.0,21.0,23.0,21.0,26.0,25.0,23.0,25.0,25.0,23.0,24.0,25.0,22.0,23.0,24.0,22.0,23.0,21.0,22.0,21.0,21.0,22.0,21.0,22.0,21.0,22.0,21.0,21.0,21.0,22.0,22.0,23.0,20.0,22.0,23.0,21.0,10.0,press,2,2,2.6948
1787153684.4311,2026-08-19 17:34:44.431,10,c3,1,0,-0.03815,-0.49683,0.04758,-4.0756,10.1259,-24.8199,-0.0727,0.0137,-0.3704,4.68727,21.0,22.0,21.0,21.0,23.0,21.0,26.0,25.0,23.0,25.0,25.0,23.0,24.0,25.0,22.0,23.0,24.0,22.0,23.0,21.0,22.0,21.0,21.0,22.0,21.0,22.0,21.0,22.0,21.0,21.0,21.0,22.0,22.0,23.0,20.0,22.0,23.0,21.0,10.0,press,2,2,2.7821
1787153684.4812,2026-08-19 17:34:44.481,10,c3,1,0,-0.03814,-0.49683,0.04724,-4.0341,9.8463,-25.1496,-0.0659,0.0147,-0.3676,4.69206,22.0,23.0,22.0,22.0,24.0,25.0,23.0,25.0,23.0,25.0,26.0,23.0,24.0,25.0,23.0,23.0,25.0,23.0,23.0,21.0,22.0,21.0,21.0,22.0,21.0,22.0,21.0,22.0,21.0,21.0,21.0,22.0,22.0,23.0,20.0,22.0,23.0,21.0,10.0,press,2,2,2.7396
1787153684.5313,2026-08-19 17:34:44.531,10,c3,1,0,-0.03815,-0.49684,0.0469,-3.9741,9.9395,-25.2031,-0.0679,0.015,-0.3732,4.69105,22.0,23.0,22.0,22.0,24.0,25.0,23.0,25.0,23.0,25.0,26.0,23.0,24.0,25.0,23.0,23.0,25.0,23.0,23.0,21.0,22.0,21.0,21.0,22.0,21.0,22.0,21.0,22.0,21.0,21.0,21.0,22.0,22.0,23.0,20.0,22.0,23.0,21.0,10.0,press,2,2,2.7485
1787153684.5815,2026-08-19 17:34:44.581,10,c3,1,0,-0.03814,-0.49683,0.04656,-4.2337,10.3405,-25.1696,-0.0763,0.009,-0.375,4.68627,23.0,22.0,24.0,24.0,23.0,24.0,24.0,23.0,21.0,23.0,26.0,22.0,23.0,24.0,24.0,24.0,24.0,24.0,23.0,21.0,22.0,21.0,21.0,22.0,21.0,22.0,21.0,22.0,21.0,21.0,21.0,22.0,22.0,23.0,20.0,22.0,23.0,21.0,10.0,press,2,2,2.7911
1787153684.6316,2026-08-19 17:34:44.631,10,c3,1,0,-0.03815,-0.49682,0.04622,-4.0515,10.1743,-25.1813,-0.0753,0.0148,-0.3668,4.69181,21.0,22.0,24.0,20.0,23.0,25.0,24.0,26.0,23.0,25.0,25.0,25.0,24.0,24.0,23.0,25.0,24.0,24.0,24.0,21.0,22.0,21.0,21.0,22.0,21.0,22.0,21.0,22.0,21.0,21.0,21.0,22.0,22.0,23.0,20.0,22.0,23.0,21.0,10.0,press,2,2,2.7418
1787153684.6817,2026-08-19 17:34:44.681,10,c3,1,0,-0.03814,-0.49682,0.04588,-3.972,9.7987,-25.21,-0.0631,0.0151,-0.3742,4.68174,21.0,22.0,24.0,20.0,23.0,25.0,24.0,26.0,23.0,25.0,25.0,25.0,24.0,24.0,23.0,25.0,24.0,24.0,24.0,21.0,22.0,21.0,21.0,22.0,21.0,22.0,21.0,22.0,21.0,21.0,21.0,22.0,22.0,23.0,20.0,22.0,23.0,21.0,10.0,press,2,2,2.8314
1787153684.7319,2026-08-19 17:34:44.731,10,c3,1,0,-0.03814,-0.49682,0.04556,-4.1179,10.0587,-24.9558,-0.0705,0.0146,-0.3711,4.69785,23.0,23.0,24.0,23.0,22.0,25.0,23.0,23.0,24.0,23.0,27.0,22.0,24.0,24.0,25.0,24.0,22.0,23.0,22.0,21.0,22.0,21.0,21.0,22.0,21.0,22.0,21.0,22.0,21.0,21.0,21.0,22.0,22.0,23.0,20.0,22.0,23.0,21.0,10.0,press,2,2,2.6881
1787153684.782,2026-08-19 17:34:44.781,10,c3,1,0,-0.03812,-0.49682,0.04522,-4.375,10.4836,-25.094,-0.0804,0.0074,-0.3635,4.6981,23.0,23.0,24.0,23.0,22.0,25.0,23.0,23.0,24.0,23.0,27.0,22.0,24.0,24.0,25.0,24.0,22.0,23.0,22.0,21.0,22.0,21.0,21.0,22.0,21.0,22.0,21.0,22.0,21.0,21.0,21.0,22.0,22.0,23.0,20.0,22.0,23.0,21.0,10.0,press,2,2,2.6858
1787153684.8321,2026-08-19 17:34:44.832,10,c3,1,0,-0.03814,-0.49684,0.04491,-4.2106,10.1344,-25.278,-0.0748,0.0113,-0.3722,4.68803,22.0,24.0,22.0,20.0,26.0,23.0,25.0,24.0,25.0,25.0,24.0,23.0,25.0,25.0,23.0,22.0,24.0,22.0,22.0,21.0,22.0,21.0,21.0,22.0,21.0,22.0,21.0,22.0,21.0,21.0,21.0,22.0,22.0,23.0,20.0,22.0,23.0,21.0,10.0,press,2,2,2.7754
1787153684.8822,2026-08-19 17:34:44.882,10,c3,1,0,-0.03814,-0.49682,0.04457,-3.7791,9.8816,-25.1355,-0.0668,0.0238,-0.3661,4.65731,22.0,24.0,22.0,20.0,26.0,23.0,25.0,24.0,25.0,25.0,24.0,23.0,25.0,25.0,23.0,22.0,24.0,22.0,22.0,21.0,22.0,21.0,21.0,22.0,21.0,22.0,21.0,22.0,21.0,21.0,21.0,22.0,22.0,23.0,20.0,22.0,23.0,21.0,10.0,press,2,2,3.0487
1787153684.9323,2026-08-19 17:34:44.932,10,c3,1,0,-0.03813,-0.49683,0.04426,-3.7571,10.0675,-24.8067,-0.0711,0.0215,-0.3716,4.57448,24.0,25.0,23.0,22.0,26.0,24.0,24.0,25.0,23.0,24.0,25.0,22.0,25.0,25.0,21.0,24.0,24.0,22.0,23.0,21.0,22.0,21.0,21.0,22.0,21.0,22.0,21.0,22.0,21.0,21.0,21.0,22.0,22.0,23.0,20.0,22.0,23.0,21.0,10.0,press,2,2,3.7856
1787153684.9824,2026-08-19 17:34:44.982,10,c3,1,0,-0.03812,-0.49683,0.0439,-4.099,9.863,-24.4937,-0.0644,0.0147,-0.373,4.46823,22.0,23.0,23.0,21.0,25.0,25.0,23.0,23.0,23.0,27.0,26.0,23.0,23.0,28.0,23.0,23.0,25.0,23.0,24.0,21.0,22.0,21.0,21.0,22.0,21.0,22.0,21.0,22.0,21.0,21.0,21.0,22.0,22.0,23.0,20.0,22.0,23.0,21.0,10.0,press,2,2,4.7308
1787153685.0325,2026-08-19 17:34:45.032,10,c3,1,0,-0.03815,-0.49685,0.0436,-3.856,9.9449,-23.8787,-0.0692,0.0212,-0.3701,4.36047,22.0,23.0,23.0,21.0,25.0,25.0,23.0,23.0,23.0,27.0,26.0,23.0,23.0,28.0,23.0,23.0,25.0,23.0,24.0,21.0,22.0,21.0,21.0,22.0,21.0,22.0,21.0,22.0,21.0,21.0,21.0,22.0,22.0,23.0,20.0,22.0,23.0,21.0,10.0,press,2,2,5.6895
1787153685.0825,2026-08-19 17:34:45.082,10,c3,1,0,-0.03814,-0.49684,0.04325,-3.9762,10.4311,-23.5406,-0.08,0.0159,-0.3675,4.24138,22.0,22.0,23.0,21.0,24.0,26.0,25.0,24.0,26.0,29.0,27.0,22.0,24.0,28.0,25.0,24.0,26.0,23.0,23.0,21.0,22.0,21.0,21.0,22.0,21.0,22.0,21.0,22.0,21.0,21.0,21.0,22.0,22.0,23.0,20.0,22.0,23.0,21.0,10.0,press,2,2,6.749
1787153685.1327,2026-08-19 17:34:45.132,10,c3,1,0,-0.03815,-0.49684,0.04291,-3.6775,9.7671,-22.9288,-0.0628,0.0261,-0.3697,4.09686,22.0,22.0,23.0,21.0,24.0,26.0,25.0,24.0,26.0,29.0,27.0,22.0,24.0,28.0,25.0,24.0,26.0,23.0,23.0,21.0,22.0,21.0,21.0,22.0,21.0,22.0,21.0,22.0,21.0,21.0,21.0,22.0,22.0,23.0,20.0,22.0,23.0,21.0,10.0,press,2,2,8.0347
1787153685.1828,2026-08-19 17:34:45.182,10,c3,1,0,-0.03813,-0.49684,0.0426,-3.7882,9.8183,-22.4976,-0.0646,0.0197,-0.3679,3.94278,23.0,23.0,24.0,23.0,25.0,28.0,26.0,24.0,26.0,29.0,30.0,24.0,25.0,29.0,26.0,24.0,27.0,24.0,22.0,21.0,22.0,21.0,21.0,22.0,21.0,22.0,21.0,22.0,21.0,21.0,21.0,22.0,22.0,23.0,20.0,22.0,23.0,21.0,10.0,press,2,2,9.4055
1787153685.2329,2026-08-19 17:34:45.232,10,c3,1,0,-0.03816,-0.49683,0.04225,-3.7807,9.7703,-21.8714,-0.0636,0.0215,-0.3656,3.77409,23.0,25.0,25.0,23.0,26.0,28.0,25.0,25.0,25.0,27.0,28.0,25.0,25.0,26.0,24.0,24.0,25.0,25.0,22.0,21.0,22.0,21.0,21.0,22.0,21.0,22.0,21.0,22.0,21.0,21.0,21.0,22.0,22.0,23.0,20.0,22.0,23.0,21.0,10.0,press,2,2,10.9062
1787153685.283,2026-08-19 17:34:45.282,10,c3,1,0,-0.03814,-0.49684,0.04192,-4.0894,10.3034,-21.2333,-0.0719,0.0083,-0.3725,3.6117,23.0,25.0,25.0,23.0,26.0,28.0,25.0,25.0,25.0,27.0,28.0,25.0,25.0,26.0,24.0,24.0,25.0,25.0,22.0,21.0,22.0,21.0,21.0,22.0,21.0,22.0,21.0,22.0,21.0,21.0,21.0,22.0,22.0,23.0,20.0,22.0,23.0,21.0,10.0,press,2,2,12.351
1787153685.3331,2026-08-19 17:34:45.333,10,c3,1,0,-0.03814,-0.49684,0.04158,-3.6615,9.7839,-20.5011,-0.0616,0.0227,-0.3666,3.43797,23.0,23.0,23.0,21.0,25.0,29.0,28.0,23.0,27.0,28.0,30.0,23.0,26.0,29.0,23.0,22.0,26.0,22.0,23.0,21.0,22.0,21.0,21.0,22.0,21.0,22.0,21.0,22.0,21.0,21.0,21.0,22.0,22.0,23.0,20.0,22.0,23.0,21.0,10.0,press,2,2,13.8965
1787153685.3832,2026-08-19 17:34:45.383,10,c3,1,0,-0.03813,-0.49685,0.04126,-4.1911,10.2538,-19.734,-0.0747,0.0046,-0.3684,3.25745,23.0,23.0,23.0,21.0,25.0,29.0,28.0,23.0,27.0,28.0,30.0,23.0,26.0,29.0,23.0,22.0,26.0,22.0,23.0,21.0,22.0,21.0,21.0,22.0,21.0,22.0,21.0,22.0,21.0,21.0,21.0,22.0,22.0,23.0,20.0,22.0,23.0,21.0,10.0,press,2,2,15.5025
1787153685.4334,2026-08-19 17:34:45.433,10,c3,1,0,-0.03816,-0.49686,0.04098,-3.5824,10.0408,-19.2044,-0.0665,0.0221,-0.3701,3.11041,21.0,25.0,24.0,22.0,27.0,29.0,27.0,24.0,28.0,29.0,28.0,25.0,27.0,31.0,23.0,22.0,27.0,23.0,22.0,21.0,22.0,21.0,21.0,22.0,21.0,22.0,21.0,22.0,21.0,21.0,21.0,22.0,22.0,23.0,20.0,22.0,23.0,21.0,10.0,press,2,2,16.8106
1787153685.4835,2026-08-19 17:34:45.483,10,c3,1,0,-0.03815,-0.49685,0.04071,-3.898,10.0229,-18.6512,-0.0661,0.0155,-0.3652,2.93745,23.0,24.0,25.0,22.0,26.0,30.0,29.0,25.0,29.0,30.0,31.0,25.0,28.0,33.0,23.0,23.0,29.0,23.0,25.0,21.0,22.0,21.0,21.0,22.0,21.0,22.0,21.0,22.0,21.0,21.0,21.0,22.0,22.0,23.0,20.0,22.0,23.0,21.0,10.0,press,2,2,18.3494
1787153685.5336,2026-08-19 17:34:45.533,10,c3,1,0,-0.03812,-0.49681,0.04046,-4.2279,10.1442,-18.0579,-0.0707,0.0036,-0.3711,2.7889,23.0,24.0,25.0,22.0,26.0,30.0,29.0,25.0,29.0,30.0,31.0,25.0,28.0,33.0,23.0,23.0,29.0,23.0,25.0,21.0,22.0,21.0,21.0,22.0,21.0,22.0,21.0,22.0,21.0,21.0,21.0,22.0,22.0,23.0,20.0,22.0,23.0,21.0,10.0,press,2,2,19.6709
1787153685.5837,2026-08-19 17:34:45.583,10,c3,1,0,-0.03814,-0.49682,0.04025,-3.8838,10.0307,-17.5523,-0.0671,0.0113,-0.3672,2.65521,22.0,24.0,28.0,21.0,26.0,33.0,31.0,24.0,31.0,31.0,31.0,26.0,28.0,33.0,24.0,24.0,28.0,26.0,27.0,21.0,22.0,21.0,21.0,22.0,21.0,22.0,21.0,22.0,21.0,21.0,21.0,22.0,22.0,23.0,20.0,22.0,23.0,21.0,10.0,press,2,2,20.8603
1787153685.6338,2026-08-19 17:34:45.633,10,c3,1,0,-0.03812,-0.49682,0.04009,-3.9708,9.8478,-17.0591,-0.057,0.0115,-0.366,2.56885,22.0,24.0,28.0,21.0,26.0,33.0,31.0,24.0,31.0,31.0,31.0,26.0,28.0,33.0,24.0,24.0,28.0,26.0,27.0,21.0,22.0,21.0,21.0,22.0,21.0,22.0,21.0,22.0,21.0,21.0,21.0,22.0,22.0,23.0,20.0,22.0,23.0,21.0,10.0,press,2,2,21.6286
1787153685.6839,2026-08-19 17:34:45.683,10,c3,1,0,-0.03814,-0.49681,0.03996,-3.9333,9.9395,-16.7951,-0.061,0.0107,-0.3691,2.47116,24.0,24.0,27.0,22.0,28.0,33.0,29.0,26.0,30.0,29.0,32.0,25.0,29.0,34.0,22.0,24.0,28.0,25.0,24.0,21.0,22.0,21.0,21.0,22.0,21.0,22.0,21.0,22.0,21.0,21.0,21.0,22.0,22.0,23.0,20.0,22.0,23.0,21.0,10.0,press,2,2,22.4977
1787153685.734,2026-08-19 17:34:45.733,10,c3,1,0,-0.03814,-0.49683,0.03986,-3.9547,9.9528,-16.5256,-0.0614,0.0088,-0.3671,2.42962,24.0,24.0,27.0,22.0,28.0,33.0,29.0,26.0,30.0,29.0,32.0,25.0,29.0,34.0,22.0,24.0,28.0,25.0,24.0,21.0,22.0,21.0,21.0,22.0,21.0,22.0,21.0,22.0,21.0,21.0,21.0,22.0,22.0,23.0,20.0,22.0,23.0,21.0,10.0,press,2,2,22.8673
1787153685.7841,2026-08-19 17:34:45.784,10,c3,1,0,-0.03813,-0.49683,0.03979,-3.5012,9.9706,-16.5745,-0.0658,0.02,-0.3657,2.38682,24.0,23.0,25.0,23.0,26.0,31.0,31.0,27.0,31.0,32.0,33.0,28.0,29.0,36.0,23.0,24.0,29.0,26.0,24.0,21.0,22.0,21.0,21.0,22.0,21.0,22.0,21.0,22.0,21.0,21.0,21.0,22.0,22.0,23.0,20.0,22.0,23.0,21.0,10.0,press,2,2,23.248
1787153685.8341,2026-08-19 17:34:45.834,10,c3,1,0,-0.03815,-0.49682,0.03976,-3.708,9.764,-16.5575,-0.0595,0.0137,-0.3655,2.37473,22.0,24.0,27.0,23.0,28.0,33.0,32.0,25.0,32.0,33.0,33.0,25.0,30.0,36.0,22.0,24.0,30.0,25.0,23.0,21.0,22.0,21.0,21.0,22.0,21.0,22.0,21.0,22.0,21.0,21.0,21.0,22.0,22.0,23.0,20.0,22.0,23.0,21.0,10.0,press,2,2,23.3555
1787153685.8843,2026-08-19 17:34:45.884,10,c3,1,0,-0.03814,-0.49683,0.03976,-3.9072,10.0618,-16.3987,-0.0614,0.0126,-0.3627,2.37826,22.0,24.0,27.0,23.0,28.0,33.0,32.0,25.0,32.0,33.0,33.0,25.0,30.0,36.0,22.0,24.0,30.0,25.0,23.0,21.0,22.0,21.0,21.0,22.0,21.0,22.0,21.0,22.0,21.0,21.0,21.0,22.0,22.0,23.0,20.0,22.0,23.0,21.0,10.0,hold,2,2,23.3242
1787153685.9344,2026-08-19 17:34:45.934,10,c3,1,0,-0.03813,-0.49682,0.03972,-4.1934,10.2638,-16.2349,-0.0687,0.0053,-0.3717,2.35484,23.0,24.0,26.0,23.0,27.0,34.0,33.0,26.0,32.0,31.0,35.0,27.0,29.0,36.0,23.0,25.0,29.0,25.0,24.0,21.0,22.0,21.0,21.0,22.0,21.0,22.0,21.0,22.0,21.0,21.0,21.0,22.0,22.0,23.0,20.0,22.0,23.0,21.0,10.0,hold,2,2,23.5325
1787153685.9845,2026-08-19 17:34:45.984,10,c3,1,0,-0.03815,-0.49681,0.03971,-4.2923,10.224,-16.3456,-0.0696,0.0004,-0.3724,2.36995,23.0,24.0,26.0,23.0,27.0,34.0,33.0,26.0,32.0,31.0,35.0,27.0,29.0,36.0,23.0,25.0,29.0,25.0,24.0,21.0,22.0,21.0,21.0,22.0,21.0,22.0,21.0,22.0,21.0,21.0,21.0,22.0,22.0,23.0,20.0,22.0,23.0,21.0,10.0,hold,2,2,23.3981
1787153686.0347,2026-08-19 17:34:46.034,10,c3,1,0,-0.03814,-0.4968,0.03971,-3.6214,9.8278,-16.3577,-0.0615,0.0162,-0.3659,2.37347,25.0,23.0,27.0,26.0,27.0,33.0,33.0,25.0,32.0,32.0,32.0,25.0,28.0,36.0,21.0,23.0,29.0,24.0,24.0,21.0,22.0,21.0,21.0,22.0,21.0,22.0,21.0,22.0,21.0,21.0,21.0,22.0,22.0,23.0,20.0,22.0,23.0,21.0,10.0,hold,2,2,23.3667
1787153686.0847,2026-08-19 17:34:46.084,10,c3,1,0,-0.03816,-0.49683,0.03973,-3.5915,10.2072,-16.4703,-0.0677,0.0182,-0.3641,2.38002,24.0,26.0,28.0,24.0,28.0,33.0,33.0,25.0,32.0,32.0,32.0,25.0,30.0,36.0,22.0,23.0,29.0,25.0,23.0,21.0,22.0,21.0,21.0,22.0,21.0,22.0,21.0,22.0,21.0,21.0,21.0,22.0,22.0,23.0,20.0,22.0,23.0,21.0,10.0,hold,2,2,23.3085
1787153686.1349,2026-08-19 17:34:46.134,10,c3,1,0,-0.03813,-0.49682,0.03971,-3.8421,10.2419,-16.4459,-0.0695,0.0125,-0.3713,2.39261,24.0,26.0,28.0,24.0,28.0,33.0,33.0,25.0,32.0,32.0,32.0,25.0,30.0,36.0,22.0,23.0,29.0,25.0,23.0,21.0,22.0,21.0,21.0,22.0,21.0,22.0,21.0,22.0,21.0,21.0,21.0,22.0,22.0,23.0,20.0,22.0,23.0,21.0,10.0,hold,2,2,23.1965
1787153686.185,2026-08-19 17:34:46.184,10,c3,1,0,-0.03813,-0.49683,0.03972,-4.1883,10.2349,-16.4075,-0.0683,0.0047,-0.3704,2.38883,23.0,25.0,28.0,23.0,28.0,35.0,32.0,26.0,32.0,32.0,35.0,26.0,30.0,36.0,22.0,25.0,28.0,24.0,24.0,21.0,22.0,21.0,21.0,22.0,21.0,22.0,21.0,22.0,21.0,21.0,21.0,22.0,22.0,23.0,20.0,22.0,23.0,21.0,10.0,hold,2,2,23.2301
1787153686.235,2026-08-19 17:34:46.235,10,c3,1,0,-0.03814,-0.49682,0.03971,-3.8455,9.9218,-16.3429,-0.0586,0.0124,-0.3637,2.39563,23.0,25.0,28.0,23.0,28.0,35.0,32.0,26.0,32.0,32.0,35.0,26.0,30.0,36.0,22.0,25.0,28.0,24.0,24.0,21.0,22.0,21.0,21.0,22.0,21.0,22.0,21.0,22.0,21.0,21.0,21.0,22.0,22.0,23.0,20.0,22.0,23.0,21.0,10.0,hold,2,2,23.1696
1787153686.2852,2026-08-19 17:34:46.285,10,c3,1,0,-0.03814,-0.49682,0.03972,-3.9815,9.7562,-16.4785,-0.0569,0.0098,-0.3654,2.3984,24.0,25.0,27.0,23.0,27.0,32.0,33.0,26.0,32.0,33.0,34.0,26.0,30.0,37.0,23.0,23.0,30.0,26.0,24.0,21.0,22.0,21.0,21.0,22.0,21.0,22.0,21.0,22.0,21.0,21.0,21.0,22.0,22.0,23.0,20.0,22.0,23.0,21.0,10.0,hold,2,2,23.145
1787153686.3353,2026-08-19 17:34:46.335,10,c3,1,0,-0.03813,-0.49681,0.03972,-3.7279,9.9869,-16.4299,-0.062,0.0159,-0.3666,2.39865,23.0,24.0,29.0,23.0,27.0,35.0,34.0,26.0,32.0,32.0,33.0,26.0,30.0,36.0,21.0,25.0,30.0,25.0,23.0,21.0,22.0,21.0,21.0,22.0,21.0,22.0,21.0,22.0,21.0,21.0,21.0,22.0,22.0,23.0,20.0,22.0,23.0,21.0,10.0,hold,2,2,23.1427
1787153686.3854,2026-08-19 17:34:46.385,10,c3,1,0,-0.03813,-0.49682,0.03971,-4.1525,9.877,-16.3299,-0.0613,0.0041,-0.3743,2.40872,23.0,24.0,29.0,23.0,27.0,35.0,34.0,26.0,32.0,32.0,33.0,26.0,30.0,36.0,21.0,25.0,30.0,25.0,23.0,21.0,22.0,21.0,21.0,22.0,21.0,22.0,21.0,22.0,21.0,21.0,21.0,22.0,22.0,23.0,20.0,22.0,23.0,21.0,10.0,hold,2,2,23.0532
1787153686.4354,2026-08-19 17:34:46.435,10,c3,1,0,-0.03813,-0.49682,0.03972,-4.2548,10.0816,-16.371,-0.0633,0.0036,-0.3736,2.40444,22.0,25.0,29.0,22.0,28.0,34.0,31.0,25.0,31.0,33.0,36.0,25.0,29.0,37.0,21.0,23.0,31.0,24.0,25.0,21.0,22.0,21.0,21.0,22.0,21.0,22.0,21.0,22.0,21.0,21.0,21.0,22.0,22.0,23.0,20.0,22.0,23.0,21.0,10.0,hold,2,2,23.0912
1787153686.4856,2026-08-19 17:34:46.485,10,c3,1,0,-0.03815,-0.49681,0.03972,-3.8387,9.9718,-16.4907,-0.0634,0.0103,-0.3693,2.40696,22.0,25.0,29.0,22.0,28.0,34.0,31.0,25.0,31.0,33.0,36.0,25.0,29.0,37.0,21.0,23.0,31.0,24.0,25.0,21.0,22.0,21.0,21.0,22.0,21.0,22.0,21.0,22.0,21.0,21.0,21.0,22.0,22.0,23.0,20.0,22.0,23.0,21.0,10.0,hold,2,2,23.0688
1787153686.5357,2026-08-19 17:34:46.535,10,c3,1,0,-0.03815,-0.49682,0.03972,-4.0722,10.0394,-16.5243,-0.0639,0.0067,-0.3625,2.40797,23.0,24.0,28.0,23.0,27.0,33.0,32.0,25.0,33.0,33.0,33.0,25.0,31.0,37.0,22.0,24.0,29.0,23.0,25.0,21.0,22.0,21.0,21.0,22.0,21.0,22.0,21.0,22.0,21.0,21.0,21.0,22.0,22.0,23.0,20.0,22.0,23.0,21.0,10.0,hold,2,2,23.0599
1787153686.5858,2026-08-19 17:34:46.585,10,c3,1,0,-0.03813,-0.49682,0.03971,-4.4164,10.3289,-16.1436,-0.0688,-0.0018,-0.3717,2.41879,22.0,25.0,29.0,22.0,29.0,34.0,30.0,26.0,31.0,31.0,36.0,26.0,29.0,36.0,23.0,25.0,28.0,25.0,23.0,21.0,22.0,21.0,21.0,22.0,21.0,22.0,21.0,22.0,21.0,21.0,21.0,22.0,22.0,23.0,20.0,22.0,23.0,21.0,10.0,hold,2,2,22.9636
1787153686.6359,2026-08-19 17:34:46.635,10,c3,1,0,-0.03812,-0.49683,0.03972,-3.909,10.1407,-16.723,-0.0689,0.0101,-0.3639,2.40822,22.0,25.0,29.0,22.0,29.0,34.0,30.0,26.0,31.0,31.0,36.0,26.0,29.0,36.0,23.0,25.0,28.0,25.0,23.0,21.0,22.0,21.0,21.0,22.0,21.0,22.0,21.0,22.0,21.0,21.0,21.0,22.0,22.0,23.0,20.0,22.0,23.0,21.0,10.0,hold,2,2,23.0576
1787153686.6861,2026-08-19 17:34:46.686,10,c3,1,0,-0.03814,-0.49681,0.03972,-3.5868,10.0557,-16.5669,-0.0665,0.0161,-0.3631,2.42483,23.0,24.0,28.0,23.0,27.0,34.0,33.0,26.0,32.0,32.0,35.0,27.0,29.0,36.0,24.0,25.0,30.0,26.0,25.0,21.0,22.0,21.0,21.0,22.0,21.0,22.0,21.0,22.0,21.0,21.0,21.0,22.0,22.0,23.0,20.0,22.0,23.0,21.0,10.0,hold,2,2,22.9098
1787153686.7362,2026-08-19 17:34:46.736,10,c3,1,0,-0.03815,-0.49682,0.03973,-3.9323,9.8524,-16.6374,-0.0571,0.01,-0.3683,2.41552,23.0,24.0,28.0,23.0,27.0,34.0,33.0,26.0,32.0,32.0,35.0,27.0,29.0,36.0,24.0,25.0,30.0,26.0,25.0,21.0,22.0,21.0,21.0,22.0,21.0,22.0,21.0,22.0,21.0,21.0,21.0,22.0,22.0,23.0,20.0,22.0,23.0,21.0,10.0,hold,2,2,22.9927
1787153686.7863,2026-08-19 17:34:46.786,10,c3,1,0,-0.03815,-0.49683,0.03974,-3.6847,9.9807,-16.5057,-0.0664,0.0154,-0.363,2.42282,22.0,25.0,27.0,23.0,27.0,33.0,35.0,26.0,32.0,33.0,35.0,27.0,29.0,36.0,22.0,25.0,30.0,26.0,25.0,21.0,22.0,21.0,21.0,22.0,21.0,22.0,21.0,22.0,21.0,21.0,21.0,22.0,22.0,23.0,20.0,22.0,23.0,21.0,10.0,hold,2,2,22.9277
1787153686.8364,2026-08-19 17:34:46.836,10,c3,1,0,-0.03812,-0.49682,0.03972,-3.6638,9.9019,-16.5213,-0.063,0.017,-0.3733,2.42282,22.0,25.0,27.0,23.0,27.0,33.0,35.0,26.0,32.0,33.0,35.0,27.0,29.0,36.0,22.0,25.0,30.0,26.0,25.0,21.0,22.0,21.0,21.0,22.0,21.0,22.0,21.0,22.0,21.0,21.0,21.0,22.0,22.0,23.0,20.0,22.0,23.0,21.0,10.0,hold,2,2,22.9277
1787153686.8866,2026-08-19 17:34:46.886,10,c3,1,0,-0.03814,-0.49682,0.03972,-3.7697,10.2289,-16.4498,-0.0704,0.0136,-0.3662,2.42886,24.0,25.0,27.0,23.0,27.0,34.0,32.0,25.0,32.0,34.0,33.0,26.0,30.0,37.0,23.0,22.0,30.0,24.0,24.0,21.0,22.0,21.0,21.0,22.0,21.0,22.0,21.0,22.0,21.0,21.0,21.0,22.0,22.0,23.0,20.0,22.0,23.0,21.0,10.0,hold,2,2,22.874
1787153686.9367,2026-08-19 17:34:46.936,10,c3,1,0,-0.03813,-0.49682,0.03972,-3.6349,9.681,-16.5372,-0.0578,0.0203,-0.3675,2.42055,24.0,24.0,28.0,23.0,26.0,35.0,31.0,25.0,32.0,31.0,33.0,24.0,30.0,36.0,22.0,25.0,29.0,25.0,23.0,21.0,22.0,21.0,21.0,22.0,21.0,22.0,21.0,22.0,21.0,21.0,21.0,22.0,22.0,23.0,20.0,22.0,23.0,21.0,10.0,hold,2,2,22.9479
1787153686.9868,2026-08-19 17:34:46.986,10,c3,1,0,-0.03814,-0.49681,0.03971,-4.0061,10.1964,-16.6172,-0.066,0.0079,-0.3634,2.42685,24.0,24.0,28.0,23.0,26.0,35.0,31.0,25.0,32.0,31.0,33.0,24.0,30.0,36.0,22.0,25.0,29.0,25.0,23.0,21.0,22.0,21.0,21.0,22.0,21.0,22.0,21.0,22.0,21.0,21.0,21.0,22.0,22.0,23.0,20.0,22.0,23.0,21.0,10.0,hold,2,2,22.8919
1787153687.0369,2026-08-19 17:34:47.036,10,c3,1,0,-0.03813,-0.49681,0.03972,-3.7868,10.0522,-16.4734,-0.066,0.0161,-0.3617,2.43566,22.0,24.0,27.0,21.0,26.0,33.0,31.0,27.0,34.0,33.0,34.0,27.0,31.0,37.0,21.0,27.0,30.0,25.0,25.0,21.0,22.0,21.0,21.0,22.0,21.0,22.0,21.0,22.0,21.0,21.0,21.0,22.0,22.0,23.0,20.0,22.0,23.0,21.0,10.0,hold,2,2,22.8135
1787153687.0871,2026-08-19 17:34:47.087,10,c3,1,0,-0.03812,-0.49682,0.03972,-3.8325,10.048,-16.5446,-0.0626,0.0137,-0.3647,2.43365,22.0,24.0,27.0,21.0,26.0,33.0,31.0,27.0,34.0,33.0,34.0,27.0,31.0,37.0,21.0,27.0,30.0,25.0,25.0,21.0,22.0,21.0,21.0,22.0,21.0,22.0,21.0,22.0,21.0,21.0,21.0,22.0,22.0,23.0,20.0,22.0,23.0,21.0,10.0,hold,2,2,22.8314
1787153687.1372,2026-08-19 17:34:47.137,10,c3,1,0,-0.03814,-0.49682,0.03972,-4.1075,9.9026,-16.4709,-0.0609,0.0084,-0.3661,2.43037,25.0,26.0,29.0,24.0,30.0,35.0,30.0,26.0,32.0,33.0,36.0,26.0,29.0,36.0,23.0,24.0,29.0,25.0,26.0,21.0,22.0,21.0,21.0,22.0,21.0,22.0,21.0,22.0,21.0,21.0,21.0,22.0,22.0,23.0,20.0,22.0,23.0,21.0,10.0,hold,2,2,22.8605
1787153687.1874,2026-08-19 17:34:47.187,10,c3,1,0,-0.03814,-0.49682,0.03972,-3.8616,10.2211,-16.4844,-0.0701,0.0106,-0.3725,2.43893,25.0,24.0,28.0,23.0,27.0,34.0,34.0,24.0,32.0,33.0,35.0,25.0,30.0,36.0,22.0,23.0,29.0,26.0,23.0,21.0,22.0,21.0,21.0,22.0,21.0,22.0,21.0,22.0,21.0,21.0,21.0,22.0,22.0,23.0,20.0,22.0,23.0,21.0,10.0,hold,2,2,22.7844
1787153687.2374,2026-08-19 17:34:47.237,10,c3,1,0,-0.03813,-0.49683,0.03972,-4.4445,10.1852,-16.2862,-0.0659,-0.0057,-0.3744,2.42735,25.0,24.0,28.0,23.0,27.0,34.0,34.0,24.0,32.0,33.0,35.0,25.0,30.0,36.0,22.0,23.0,29.0,26.0,23.0,21.0,22.0,21.0,21.0,22.0,21.0,22.0,21.0,22.0,21.0,21.0,21.0,22.0,22.0,23.0,20.0,22.0,23.0,21.0,10.0,hold,2,2,22.8874
1787153687.2875,2026-08-19 17:34:47.287,10,c3,1,0,-0.03814,-0.49682,0.03972,-3.8794,9.7319,-16.5627,-0.0535,0.0112,-0.368,2.4412,24.0,25.0,26.0,22.0,28.0,33.0,31.0,25.0,30.0,33.0,35.0,26.0,29.0,37.0,22.0,24.0,31.0,25.0,23.0,21.0,22.0,21.0,21.0,22.0,21.0,22.0,21.0,22.0,21.0,21.0,21.0,22.0,22.0,23.0,20.0,22.0,23.0,21.0,10.0,hold,2,2,22.7642
1787153687.3377,2026-08-19 17:34:47.337,10,c3,1,0,-0.03813,-0.4968,0.03971,-3.7271,10.3963,-16.6124,-0.0755,0.0157,-0.3631,2.43566,24.0,25.0,26.0,22.0,28.0,33.0,31.0,25.0,30.0,33.0,35.0,26.0,29.0,37.0,22.0,24.0,31.0,25.0,23.0,21.0,22.0,21.0,21.0,22.0,21.0,22.0,21.0,22.0,21.0,21.0,21.0,22.0,22.0,23.0,20.0,22.0,23.0,21.0,10.0,hold,2,2,22.8135
1787153687.3879,2026-08-19 17:34:47.387,10,c3,1,0,-0.03813,-0.49682,0.03972,-3.6191,9.8253,-16.589,-0.0582,0.0191,-0.3668,2.44649,23.0,24.0,29.0,23.0,26.0,35.0,34.0,25.0,31.0,32.0,34.0,27.0,29.0,35.0,21.0,24.0,29.0,24.0,22.0,21.0,22.0,21.0,21.0,22.0,21.0,22.0,21.0,22.0,21.0,21.0,21.0,22.0,22.0,23.0,20.0,22.0,23.0,21.0,10.0,hold,2,2,22.7172
1787153687.438,2026-08-19 17:34:47.437,10,c3,1,0,-0.03814,-0.49682,0.03972,-3.7892,10.1249,-16.5151,-0.0634,0.0147,-0.3624,2.43667,23.0,26.0,27.0,22.0,27.0,33.0,34.0,24.0,32.0,32.0,34.0,24.0,29.0,37.0,22.0,22.0,32.0,25.0,22.0,21.0,22.0,21.0,21.0,22.0,21.0,22.0,21.0,22.0,21.0,21.0,21.0,22.0,22.0,23.0,20.0,22.0,23.0,21.0,10.0,hold,2,2,22.8045
1787153687.4881,2026-08-19 17:34:47.488,10,c3,1,0,-0.03813,-0.49682,0.03971,-3.666,9.8956,-16.3618,-0.0643,0.0174,-0.3694,2.44699,23.0,26.0,27.0,22.0,27.0,33.0,34.0,24.0,32.0,32.0,34.0,24.0,29.0,37.0,22.0,22.0,32.0,25.0,22.0,21.0,22.0,21.0,21.0,22.0,21.0,22.0,21.0,22.0,21.0,21.0,21.0,22.0,22.0,23.0,20.0,22.0,23.0,21.0,10.0,hold,2,2,22.7127
1787153687.5382,2026-08-19 17:34:47.538,10,c3,1,0,-0.03811,-0.49681,0.03971,-3.8639,9.9356,-16.3757,-0.0612,0.011,-0.3726,2.44246,23.0,24.0,29.0,21.0,28.0,35.0,32.0,25.0,30.0,32.0,36.0,27.0,28.0,37.0,21.0,22.0,31.0,25.0,23.0,21.0,22.0,21.0,21.0,22.0,21.0,22.0,21.0,22.0,21.0,21.0,21.0,22.0,22.0,23.0,20.0,22.0,23.0,21.0,10.0,hold,2,2,22.753
1787153687.5883,2026-08-19 17:34:47.588,10,c3,1,0,-0.03812,-0.49682,0.03972,-3.8176,9.8675,-16.2428,-0.0627,0.0138,-0.3696,2.44674,23.0,24.0,29.0,21.0,28.0,35.0,32.0,25.0,30.0,32.0,36.0,27.0,28.0,37.0,21.0,22.0,31.0,25.0,23.0,21.0,22.0,21.0,21.0,22.0,21.0,22.0,21.0,22.0,21.0,21.0,21.0,22.0,22.0,23.0,20.0,22.0,23.0,21.0,10.0,hold,2,2,22.7149
1787153687.6385,2026-08-19 17:34:47.638,10,c3,1,0,-0.03814,-0.49682,0.03972,-4.0434,10.1377,-16.5508,-0.0638,0.0054,-0.3678,2.43969,24.0,22.0,27.0,23.0,26.0,33.0,33.0,25.0,32.0,32.0,33.0,25.0,29.0,36.0,21.0,23.0,31.0,25.0,24.0,21.0,22.0,21.0,21.0,22.0,21.0,22.0,21.0,22.0,21.0,21.0,21.0,22.0,22.0,23.0,20.0,22.0,23.0,21.0,10.0,hold,2,2,22.7777
1787153687.6886,2026-08-19 17:34:47.688,10,c3,1,0,-0.03813,-0.49682,0.03972,-3.948,9.9655,-16.5334,-0.0646,0.0087,-0.369,2.44649,24.0,22.0,27.0,23.0,26.0,33.0,33.0,25.0,32.0,32.0,33.0,25.0,29.0,36.0,21.0,23.0,31.0,25.0,24.0,21.0,22.0,21.0,21.0,22.0,21.0,22.0,21.0,22.0,21.0,21.0,21.0,22.0,22.0,23.0,20.0,22.0,23.0,21.0,10.0,hold,2,2,22.7172
1787153687.7388,2026-08-19 17:34:47.738,10,c3,1,0,-0.03813,-0.49682,0.03972,-4.1302,9.8306,-16.5495,-0.0579,0.0027,-0.3729,2.44044,22.0,24.0,29.0,22.0,26.0,35.0,32.0,26.0,31.0,33.0,34.0,26.0,29.0,37.0,23.0,23.0,30.0,24.0,24.0,21.0,22.0,21.0,21.0,22.0,21.0,22.0,21.0,22.0,21.0,21.0,21.0,22.0,22.0,23.0,20.0,22.0,23.0,21.0,10.0,hold,2,2,22.7709
1787153687.7889,2026-08-19 17:34:47.788,10,c3,1,0,-0.03813,-0.49681,0.03972,-4.2784,10.2302,-16.3499,-0.0682,0.0024,-0.3648,2.44498,23.0,24.0,28.0,23.0,26.0,35.0,31.0,26.0,31.0,31.0,34.0,27.0,29.0,35.0,23.0,25.0,30.0,24.0,25.0,21.0,22.0,21.0,21.0,22.0,21.0,22.0,21.0,22.0,21.0,21.0,21.0,22.0,22.0,23.0,20.0,22.0,23.0,21.0,10.0,hold,2,2,22.7306
1787153687.8389,2026-08-19 17:34:47.838,10,c3,1,0,-0.03814,-0.49682,0.03972,-3.7143,9.8816,-16.4226,-0.0629,0.0161,-0.3638,2.44296,23.0,24.0,28.0,23.0,26.0,35.0,31.0,26.0,31.0,31.0,34.0,27.0,29.0,35.0,23.0,25.0,30.0,24.0,25.0,21.0,22.0,21.0,21.0,22.0,21.0,22.0,21.0,22.0,21.0,21.0,21.0,22.0,22.0,23.0,20.0,22.0,23.0,21.0,10.0,hold,2,2,22.7485
1787153687.8891,2026-08-19 17:34:47.889,10,c3,1,0,-0.03813,-0.49682,0.03973,-4.5099,10.2693,-16.3102,-0.0664,-0.0034,-0.3652,2.449,25.0,25.0,27.0,24.0,27.0,33.0,34.0,25.0,32.0,33.0,34.0,25.0,30.0,38.0,23.0,25.0,31.0,25.0,23.0,21.0,22.0,21.0,21.0,22.0,21.0,22.0,21.0,22.0,21.0,21.0,21.0,22.0,22.0,23.0,20.0,22.0,23.0,21.0,10.0,hold,2,2,22.6948
1787153687.9392,2026-08-19 17:34:47.939,10,c3,1,0,-0.03813,-0.49681,0.03972,-3.8003,10.031,-16.4121,-0.0677,0.0141,-0.3619,2.44296,25.0,25.0,27.0,24.0,27.0,33.0,34.0,25.0,32.0,33.0,34.0,25.0,30.0,38.0,23.0,25.0,31.0,25.0,23.0,21.0,22.0,21.0,21.0,22.0,21.0,22.0,21.0,22.0,21.0,21.0,21.0,22.0,22.0,23.0,20.0,22.0,23.0,21.0,10.0,hold,2,2,22.7485
1787153687.9894,2026-08-19 17:34:47.989,10,c3,1,0,-0.03814,-0.49682,0.03972,-3.8832,9.9077,-16.3889,-0.0638,0.012,-0.3661,2.45278,24.0,24.0,29.0,23.0,27.0,35.0,31.0,25.0,33.0,33.0,35.0,25.0,30.0,38.0,21.0,24.0,31.0,23.0,23.0,21.0,22.0,21.0,21.0,22.0,21.0,22.0,21.0,22.0,21.0,21.0,21.0,22.0,22.0,23.0,20.0,22.0,23.0,21.0,10.0,hold,2,2,22.6612
1787153688.0395,2026-08-19 17:34:48.039,10,c3,1,0,-0.03813,-0.49682,0.03972,-4.1236,10.0469,-16.4292,-0.0636,0.0056,-0.3681,2.44296,22.0,24.0,29.0,22.0,27.0,35.0,30.0,24.0,32.0,32.0,34.0,24.0,30.0,34.0,23.0,22.0,28.0,25.0,21.0,21.0,22.0,21.0,21.0,22.0,21.0,22.0,21.0,22.0,21.0,21.0,21.0,22.0,22.0,23.0,20.0,22.0,23.0,21.0,10.0,hold,2,2,22.7485
1787153688.0896,2026-08-19 17:34:48.089,10,c3,1,0,-0.03813,-0.49681,0.03971,-4.0769,10.2029,-16.3471,-0.0667,0.0094,-0.3681,2.45177,22.0,24.0,29.0,22.0,27.0,35.0,30.0,24.0,32.0,32.0,34.0,24.0,30.0,34.0,23.0,22.0,28.0,25.0,21.0,21.0,22.0,21.0,21.0,22.0,21.0,22.0,21.0,22.0,21.0,21.0,21.0,22.0,22.0,23.0,20.0,22.0,23.0,21.0,10.0,hold,2,2,22.6701
1787153688.1397,2026-08-19 17:34:48.139,10,c3,1,0,-0.03814,-0.49681,0.03971,-3.9906,9.8478,-16.4605,-0.0604,0.0068,-0.3698,2.45077,23.0,25.0,27.0,21.0,27.0,33.0,33.0,27.0,32.0,33.0,32.0,29.0,30.0,36.0,20.0,26.0,30.0,23.0,24.0,21.0,22.0,21.0,21.0,22.0,21.0,22.0,21.0,22.0,21.0,21.0,21.0,22.0,22.0,23.0,20.0,22.0,23.0,21.0,10.0,hold,2,2,22.6791
1787153688.1897,2026-08-19 17:34:48.189,10,c3,1,0,-0.03813,-0.49681,0.03971,-4.0026,10.2151,-16.3307,-0.0728,0.0055,-0.3701,2.45052,23.0,25.0,27.0,21.0,27.0,33.0,33.0,27.0,32.0,33.0,32.0,29.0,30.0,36.0,20.0,26.0,30.0,23.0,24.0,21.0,22.0,21.0,21.0,22.0,21.0,22.0,21.0,22.0,21.0,21.0,21.0,22.0,22.0,23.0,20.0,22.0,23.0,21.0,10.0,hold,2,2,22.6813
1787153688.2398,2026-08-19 17:34:48.239,10,c3,1,0,-0.03813,-0.49681,0.03971,-3.9094,10.1344,-16.5271,-0.071,0.0103,-0.3646,2.44825,24.0,26.0,28.0,25.0,27.0,34.0,32.0,27.0,32.0,32.0,36.0,28.0,28.0,36.0,23.0,26.0,30.0,25.0,24.0,21.0,22.0,21.0,21.0,22.0,21.0,22.0,21.0,22.0,21.0,21.0,21.0,22.0,22.0,23.0,20.0,22.0,23.0,21.0,10.0,hold,2,2,22.7015
1787153688.2899,2026-08-19 17:34:48.289,10,c3,1,0,-0.03814,-0.49681,0.03971,-3.8988,10.0765,-16.5157,-0.0668,0.0098,-0.366,2.45102,25.0,23.0,27.0,25.0,27.0,34.0,35.0,25.0,32.0,32.0,33.0,26.0,29.0,36.0,22.0,23.0,31.0,25.0,23.0,21.0,22.0,21.0,21.0,22.0,21.0,22.0,21.0,22.0,21.0,21.0,21.0,22.0,22.0,23.0,20.0,22.0,23.0,21.0,10.0,hold,2,2,22.6769
1787153688.34,2026-08-19 17:34:48.340,10,c3,1,0,-0.03813,-0.49682,0.03972,-4.2137,10.2023,-16.5845,-0.0681,0.0064,-0.3677,2.44724,25.0,23.0,27.0,25.0,27.0,34.0,35.0,25.0,32.0,32.0,33.0,26.0,29.0,36.0,22.0,23.0,31.0,25.0,23.0,21.0,22.0,21.0,21.0,22.0,21.0,22.0,21.0,22.0,21.0,21.0,21.0,22.0,22.0,23.0,20.0,22.0,23.0,21.0,10.0,hold,2,2,22.7105
1787153688.3902,2026-08-19 17:34:48.390,10,c3,1,0,-0.03814,-0.49682,0.03972,-4.1254,10.5087,-16.3541,-0.0773,0.0068,-0.3609,2.45278,22.0,25.0,29.0,23.0,28.0,35.0,33.0,25.0,31.0,33.0,36.0,26.0,28.0,38.0,24.0,24.0,31.0,27.0,24.0,21.0,22.0,21.0,21.0,22.0,21.0,22.0,21.0,22.0,21.0,21.0,21.0,22.0,22.0,23.0,20.0,22.0,23.0,21.0,10.0,hold,2,2,22.6612
1787153688.4403,2026-08-19 17:34:48.440,10,c3,1,0,-0.03813,-0.49681,0.03972,-4.2204,9.8866,-16.4853,-0.0593,0.0036,-0.3718,2.45203,22.0,25.0,29.0,23.0,28.0,35.0,33.0,25.0,31.0,33.0,36.0,26.0,28.0,38.0,24.0,24.0,31.0,27.0,24.0,21.0,22.0,21.0,21.0,22.0,21.0,22.0,21.0,22.0,21.0,21.0,21.0,22.0,22.0,23.0,20.0,22.0,23.0,21.0,10.0,hold,2,2,22.6679
1787153688.4904,2026-08-19 17:34:48.490,10,c3,1,0,-0.03814,-0.49681,0.03971,-3.9381,9.7877,-16.3923,-0.0571,0.013,-0.3702,2.45177,23.0,24.0,28.0,23.0,27.0,34.0,34.0,25.0,31.0,32.0,35.0,26.0,27.0,36.0,25.0,23.0,29.0,28.0,25.0,21.0,22.0,21.0,21.0,22.0,21.0,22.0,21.0,22.0,21.0,21.0,21.0,22.0,22.0,23.0,20.0,22.0,23.0,21.0,10.0,hold,2,2,22.6701
1787153688.5405,2026-08-19 17:34:48.540,10,c3,1,0,-0.03812,-0.49681,0.03972,-4.2684,10.4051,-16.3884,-0.075,0.004,-0.3709,2.45253,24.0,24.0,27.0,23.0,26.0,34.0,34.0,26.0,32.0,31.0,35.0,27.0,31.0,35.0,23.0,23.0,29.0,27.0,23.0,21.0,22.0,21.0,21.0,22.0,21.0,22.0,21.0,22.0,21.0,21.0,21.0,22.0,22.0,23.0,20.0,22.0,23.0,21.0,10.0,hold,2,2,22.6634
1787153688.5906,2026-08-19 17:34:48.590,10,c3,1,0,-0.03812,-0.49681,0.03971,-4.0345,10.1752,-16.5696,-0.0699,0.0078,-0.3711,2.4553,24.0,24.0,27.0,23.0,26.0,34.0,34.0,26.0,32.0,31.0,35.0,27.0,31.0,35.0,23.0,23.0,29.0,27.0,23.0,21.0,22.0,21.0,21.0,22.0,21.0,22.0,21.0,22.0,21.0,21.0,21.0,22.0,22.0,23.0,20.0,22.0,23.0,21.0,10.0,hold,2,2,22.6388
1787153688.6408,2026-08-19 17:34:48.640,10,c3,1,0,-0.03814,-0.49682,0.03971,-3.8174,9.9084,-16.4003,-0.0638,0.0115,-0.3646,2.44825,23.0,25.0,27.0,22.0,27.0,33.0,35.0,26.0,32.0,32.0,35.0,27.0,29.0,35.0,24.0,23.0,30.0,28.0,24.0,21.0,22.0,21.0,21.0,22.0,21.0,22.0,21.0,22.0,21.0,21.0,21.0,22.0,22.0,23.0,20.0,22.0,23.0,21.0,10.0,hold,2,2,22.7015
1787153688.6909,2026-08-19 17:34:48.690,10,c3,1,0,-0.03813,-0.49682,0.03972,-4.1044,10.2404,-16.4434,-0.0653,0.0064,-0.3655,2.45354,23.0,25.0,27.0,22.0,27.0,33.0,35.0,26.0,32.0,32.0,35.0,27.0,29.0,35.0,24.0,23.0,30.0,28.0,24.0,21.0,22.0,21.0,21.0,22.0,21.0,22.0,21.0,22.0,21.0,21.0,21.0,22.0,22.0,23.0,20.0,22.0,23.0,21.0,10.0,hold,2,2,22.6545
1787153688.7409,2026-08-19 17:34:48.740,10,c3,1,0,-0.03813,-0.49682,0.03973,-4.0882,10.0715,-16.3979,-0.066,0.0063,-0.3723,2.45253,22.0,24.0,26.0,22.0,27.0,32.0,33.0,25.0,32.0,31.0,33.0,25.0,29.0,35.0,22.0,25.0,29.0,26.0,22.0,21.0,22.0,21.0,21.0,22.0,21.0,22.0,21.0,22.0,21.0,21.0,21.0,22.0,22.0,23.0,20.0,22.0,23.0,21.0,10.0,hold,2,2,22.6634
1787153688.791,2026-08-19 17:34:48.791,10,c3,1,0,-0.03813,-0.49682,0.03973,-4.3027,10.1999,-16.6959,-0.0686,0.0012,-0.3714,2.45479,22.0,24.0,26.0,22.0,27.0,32.0,33.0,25.0,32.0,31.0,33.0,25.0,29.0,35.0,22.0,25.0,29.0,26.0,22.0,21.0,22.0,21.0,21.0,22.0,21.0,22.0,21.0,22.0,21.0,21.0,21.0,22.0,22.0,23.0,20.0,22.0,23.0,21.0,10.0,hold,2,2,22.6433
1787153688.8412,2026-08-19 17:34:48.841,10,c3,1,0,-0.03815,-0.49681,0.03971,-3.8042,10.2627,-16.5084,-0.0665,0.0102,-0.3699,2.45152,24.0,24.0,26.0,23.0,27.0,32.0,33.0,27.0,29.0,31.0,32.0,28.0,27.0,35.0,23.0,25.0,30.0,23.0,25.0,21.0,22.0,21.0,21.0,22.0,21.0,22.0,21.0,22.0,21.0,21.0,21.0,22.0,22.0,23.0,20.0,22.0,23.0,21.0,10.0,hold,2,2,22.6724
1787153688.8913,2026-08-19 17:34:48.891,10,c3,1,0,-0.03813,-0.49682,0.03972,-4.0757,10.637,-16.6435,-0.0795,0.0024,-0.3669,2.45631,25.0,21.0,27.0,25.0,25.0,34.0,31.0,27.0,33.0,32.0,35.0,29.0,30.0,35.0,23.0,26.0,30.0,26.0,24.0,21.0,22.0,21.0,21.0,22.0,21.0,22.0,21.0,22.0,21.0,21.0,21.0,22.0,22.0,23.0,20.0,22.0,23.0,21.0,10.0,hold,2,2,22.6298
1787153688.9415,2026-08-19 17:34:48.941,10,c3,1,0,-0.03815,-0.49682,0.03972,-4.0552,10.2045,-16.4075,-0.0702,0.0087,-0.3642,2.45782,25.0,21.0,27.0,25.0,25.0,34.0,31.0,27.0,33.0,32.0,35.0,29.0,30.0,35.0,23.0,26.0,30.0,26.0,24.0,21.0,22.0,21.0,21.0,22.0,21.0,22.0,21.0,22.0,21.0,21.0,21.0,22.0,22.0,23.0,20.0,22.0,23.0,21.0,10.0,hold,2,2,22.6164
1787153688.9917,2026-08-19 17:34:48.991,10,c3,1,0,-0.03812,-0.49682,0.03972,-3.9371,10.1015,-16.5764,-0.0632,0.0068,-0.3618,2.45505,26.0,24.0,29.0,24.0,28.0,32.0,35.0,28.0,32.0,32.0,34.0,28.0,30.0,36.0,24.0,25.0,30.0,26.0,25.0,21.0,22.0,21.0,21.0,22.0,21.0,22.0,21.0,22.0,21.0,21.0,21.0,22.0,22.0,23.0,20.0,22.0,23.0,21.0,10.0,hold,2,2,22.641
1787153689.042,2026-08-19 17:34:49.041,10,c3,1,0,-0.03814,-0.49681,0.03971,-3.8219,9.7557,-16.5642,-0.0595,0.0152,-0.3654,2.45958,26.0,24.0,29.0,24.0,28.0,32.0,35.0,28.0,32.0,32.0,34.0,28.0,30.0,36.0,24.0,25.0,30.0,26.0,25.0,21.0,22.0,21.0,21.0,22.0,21.0,22.0,21.0,22.0,21.0,21.0,21.0,22.0,22.0,23.0,20.0,22.0,23.0,21.0,10.0,hold,2,2,22.6007
1787153689.092,2026-08-19 17:34:49.092,10,c3,1,0,-0.03814,-0.49682,0.03972,-4.0754,10.0003,-16.5094,-0.0642,0.0073,-0.3714,2.46184,24.0,23.0,27.0,25.0,27.0,34.0,33.0,28.0,31.0,32.0,36.0,28.0,29.0,35.0,23.0,26.0,29.0,26.0,24.0,21.0,22.0,21.0,21.0,22.0,21.0,22.0,21.0,22.0,21.0,21.0,21.0,22.0,22.0,23.0,20.0,22.0,23.0,21.0,10.0,hold,2,2,22.5805
1787153689.1421,2026-08-19 17:34:49.142,10,c3,1,0,-0.03813,-0.49683,0.03972,-4.2103,10.3333,-16.4753,-0.0712,0.0061,-0.3723,2.45505,23.0,24.0,28.0,25.0,27.0,35.0,34.0,26.0,32.0,31.0,36.0,27.0,29.0,36.0,22.0,24.0,30.0,26.0,24.0,21.0,22.0,21.0,21.0,22.0,21.0,22.0,21.0,22.0,21.0,21.0,21.0,22.0,22.0,23.0,20.0,22.0,23.0,21.0,10.0,hold,2,2,22.641
1787153689.1922,2026-08-19 17:34:49.192,10,c3,1,0,-0.03814,-0.49682,0.03972,-3.9388,10.3005,-16.6104,-0.073,0.0104,-0.3648,2.45706,23.0,24.0,28.0,25.0,27.0,35.0,34.0,26.0,32.0,31.0,36.0,27.0,29.0,36.0,22.0,24.0,30.0,26.0,24.0,21.0,22.0,21.0,21.0,22.0,21.0,22.0,21.0,22.0,21.0,21.0,21.0,22.0,22.0,23.0,20.0,22.0,23.0,21.0,10.0,hold,2,2,22.6231
1787153689.2423,2026-08-19 17:34:49.242,10,c3,1,0,-0.03814,-0.49682,0.03972,-3.9711,10.33,-16.5111,-0.0707,0.0093,-0.3681,2.45933,22.0,23.0,28.0,23.0,26.0,32.0,34.0,24.0,31.0,31.0,35.0,25.0,29.0,34.0,24.0,22.0,29.0,27.0,24.0,21.0,22.0,21.0,21.0,22.0,21.0,22.0,21.0,22.0,21.0,21.0,21.0,22.0,22.0,23.0,20.0,22.0,23.0,21.0,10.0,hold,2,2,22.6029
1787153689.2924,2026-08-19 17:34:49.292,10,c3,1,0,-0.03814,-0.49682,0.03972,-3.9905,9.8401,-16.5311,-0.0608,0.0095,-0.368,2.46184,22.0,23.0,28.0,23.0,26.0,32.0,34.0,24.0,31.0,31.0,35.0,25.0,29.0,34.0,24.0,22.0,29.0,27.0,24.0,21.0,22.0,21.0,21.0,22.0,21.0,22.0,21.0,22.0,21.0,21.0,21.0,22.0,22.0,23.0,20.0,22.0,23.0,21.0,10.0,hold,2,2,22.5805
1787153689.3425,2026-08-19 17:34:49.342,10,c3,1,0,-0.03813,-0.49682,0.03973,-3.8513,9.9288,-16.4349,-0.0617,0.0139,-0.3708,2.46285,24.0,24.0,27.0,22.0,26.0,33.0,33.0,27.0,32.0,32.0,37.0,27.0,28.0,34.0,25.0,24.0,28.0,27.0,24.0,21.0,22.0,21.0,21.0,22.0,21.0,22.0,21.0,22.0,21.0,21.0,21.0,22.0,22.0,23.0,20.0,22.0,23.0,21.0,10.0,hold,2,2,22.5716
1787153689.3927,2026-08-19 17:34:49.392,10,c3,1,0,-0.03813,-0.49681,0.03972,-3.8785,10.1729,-16.4387,-0.0692,0.0108,-0.3566,2.45908,23.0,23.0,27.0,23.0,26.0,33.0,34.0,26.0,33.0,32.0,35.0,27.0,30.0,34.0,23.0,24.0,29.0,26.0,24.0,21.0,22.0,21.0,21.0,22.0,21.0,22.0,21.0,22.0,21.0,21.0,21.0,22.0,22.0,23.0,20.0,22.0,23.0,21.0,10.0,hold,2,2,22.6052
1787153689.4428,2026-08-19 17:34:49.442,10,c3,1,0,-0.03814,-0.49682,0.03973,-4.081,10.1467,-16.4577,-0.0641,0.0049,-0.3694,2.45706,23.0,23.0,27.0,23.0,26.0,33.0,34.0,26.0,33.0,32.0,35.0,27.0,30.0,34.0,23.0,24.0,29.0,26.0,24.0,21.0,22.0,21.0,21.0,22.0,21.0,22.0,21.0,22.0,21.0,21.0,21.0,22.0,22.0,23.0,20.0,22.0,23.0,21.0,10.0,hold,2,2,22.6231
1787153689.4929,2026-08-19 17:34:49.492,10,c3,1,0,-0.03814,-0.49683,0.03973,-3.6546,9.7976,-16.5374,-0.0571,0.0174,-0.3586,2.46537,22.0,25.0,27.0,24.0,27.0,34.0,33.0,26.0,32.0,30.0,34.0,27.0,30.0,33.0,25.0,24.0,28.0,26.0,23.0,21.0,22.0,21.0,21.0,22.0,21.0,22.0,21.0,22.0,21.0,21.0,21.0,22.0,22.0,23.0,20.0,22.0,23.0,21.0,10.0,hold,2,2,22.5492
1787153689.543,2026-08-19 17:34:49.542,10,c3,1,0,-0.03814,-0.49683,0.03972,-4.0117,10.237,-16.5616,-0.0673,0.0088,-0.3685,2.46059,22.0,25.0,27.0,24.0,27.0,34.0,33.0,26.0,32.0,30.0,34.0,27.0,30.0,33.0,25.0,24.0,28.0,26.0,23.0,21.0,22.0,21.0,21.0,22.0,21.0,22.0,21.0,22.0,21.0,21.0,21.0,22.0,22.0,23.0,20.0,22.0,23.0,21.0,10.0,hold,2,2,22.5917
1787153689.5931,2026-08-19 17:34:49.593,10,c3,1,0,-0.03816,-0.49683,0.03974,-3.9527,10.0623,-16.5425,-0.0629,0.0128,-0.3677,2.45832,24.0,25.0,26.0,24.0,28.0,32.0,31.0,25.0,33.0,31.0,34.0,25.0,30.0,34.0,21.0,24.0,29.0,25.0,23.0,21.0,22.0,21.0,21.0,22.0,21.0,22.0,21.0,22.0,21.0,21.0,21.0,22.0,22.0,23.0,20.0,22.0,23.0,21.0,10.0,hold,2,2,22.6119
1787153689.6432,2026-08-19 17:34:49.643,10,c3,1,0,-0.03812,-0.49682,0.03972,-4.0362,10.2097,-16.663,-0.069,0.0053,-0.3711,2.45706,23.0,23.0,27.0,23.0,27.0,32.0,33.0,27.0,31.0,31.0,34.0,26.0,28.0,35.0,24.0,26.0,27.0,26.0,26.0,21.0,22.0,21.0,21.0,22.0,21.0,22.0,21.0,22.0,21.0,21.0,21.0,22.0,22.0,23.0,20.0,22.0,23.0,21.0,10.0,hold,2,2,22.6231
1787153689.6933,2026-08-19 17:34:49.693,10,c3,1,0,-0.03815,-0.49682,0.03973,-3.8411,9.8365,-16.8401,-0.0603,0.0127,-0.3696,2.45253,23.0,23.0,27.0,23.0,27.0,32.0,33.0,27.0,31.0,31.0,34.0,26.0,28.0,35.0,24.0,26.0,27.0,26.0,26.0,21.0,22.0,21.0,21.0,22.0,21.0,22.0,21.0,22.0,21.0,21.0,21.0,22.0,22.0,23.0,20.0,22.0,23.0,21.0,10.0,hold,2,2,22.6634
1787153689.7435,2026-08-19 17:34:49.743,10,c3,1,0,-0.03814,-0.49681,0.03971,-3.5449,10.249,-16.8208,-0.0668,0.0195,-0.3629,2.46638,24.0,24.0,26.0,23.0,27.0,33.0,32.0,25.0,31.0,33.0,37.0,26.0,29.0,37.0,25.0,25.0,31.0,26.0,23.0,21.0,22.0,21.0,21.0,22.0,21.0,22.0,21.0,22.0,21.0,21.0,21.0,22.0,22.0,23.0,20.0,22.0,23.0,21.0,10.0,hold,2,2,22.5402
1787153689.7937,2026-08-19 17:34:49.793,10,c3,1,0,-0.03814,-0.49682,0.03972,-3.9924,10.289,-16.6929,-0.0717,0.0049,-0.3667,2.4621,24.0,24.0,26.0,23.0,27.0,33.0,32.0,25.0,31.0,33.0,37.0,26.0,29.0,37.0,25.0,25.0,31.0,26.0,23.0,21.0,22.0,21.0,21.0,22.0,21.0,22.0,21.0,22.0,21.0,21.0,21.0,22.0,22.0,23.0,20.0,22.0,23.0,21.0,10.0,hold,2,2,22.5783
1787153689.8438,2026-08-19 17:34:49.843,10,c3,1,0,-0.03813,-0.49682,0.03972,-3.9801,10.1326,-16.6507,-0.0682,0.0058,-0.3664,2.46839,23.0,25.0,28.0,22.0,26.0,35.0,33.0,26.0,32.0,31.0,34.0,26.0,30.0,35.0,23.0,26.0,29.0,25.0,25.0,21.0,22.0,21.0,21.0,22.0,21.0,22.0,21.0,22.0,21.0,21.0,21.0,22.0,22.0,23.0,20.0,22.0,23.0,21.0,10.0,hold,2,2,22.5223
1787153689.8938,2026-08-19 17:34:49.893,10,c3,1,0,-0.03813,-0.49683,0.03974,-3.8928,9.8223,-16.5074,-0.0615,0.0131,-0.3694,2.46033,23.0,25.0,28.0,22.0,26.0,35.0,33.0,26.0,32.0,31.0,34.0,26.0,30.0,35.0,23.0,26.0,29.0,25.0,25.0,21.0,22.0,21.0,21.0,22.0,21.0,22.0,21.0,22.0,21.0,21.0,21.0,22.0,22.0,23.0,20.0,22.0,23.0,21.0,10.0,hold,2,2,22.594
1787153689.9439,2026-08-19 17:34:49.943,10,c3,1,0,-0.03815,-0.49682,0.03972,-4.2528,10.3512,-16.5518,-0.0678,0.0034,-0.37,2.46487,25.0,24.0,27.0,24.0,27.0,32.0,33.0,26.0,32.0,33.0,37.0,26.0,31.0,36.0,25.0,23.0,29.0,26.0,24.0,21.0,22.0,21.0,21.0,22.0,21.0,22.0,21.0,22.0,21.0,21.0,21.0,22.0,22.0,23.0,20.0,22.0,23.0,21.0,10.0,hold,2,2,22.5537
1787153689.9941,2026-08-19 17:34:49.994,10,c3,1,0,-0.03813,-0.49682,0.03971,-3.7385,9.9157,-16.6608,-0.0607,0.0162,-0.365,2.45983,24.0,24.0,27.0,23.0,27.0,33.0,34.0,26.0,31.0,30.0,36.0,26.0,30.0,34.0,23.0,24.0,28.0,26.0,25.0,21.0,22.0,21.0,21.0,22.0,21.0,22.0,21.0,22.0,21.0,21.0,21.0,22.0,22.0,23.0,20.0,22.0,23.0,21.0,10.0,hold,2,2,22.5985
1787153690.0441,2026-08-19 17:34:50.044,10,c3,1,0,-0.03812,-0.49681,0.03972,-3.844,10.3207,-16.439,-0.0716,0.0115,-0.3687,2.46512,24.0,24.0,27.0,23.0,27.0,33.0,34.0,26.0,31.0,30.0,36.0,26.0,30.0,34.0,23.0,24.0,28.0,26.0,25.0,21.0,22.0,21.0,21.0,22.0,21.0,22.0,21.0,22.0,21.0,21.0,21.0,22.0,22.0,23.0,20.0,22.0,23.0,21.0,10.0,hold,2,2,22.5514
1787153690.0942,2026-08-19 17:34:50.094,10,c3,1,0,-0.03814,-0.49682,0.03973,-4.3087,10.0301,-16.5156,-0.0684,-0.0005,-0.3716,2.46738,23.0,24.0,26.0,23.0,26.0,32.0,32.0,28.0,32.0,32.0,38.0,29.0,30.0,36.0,23.0,24.0,29.0,28.0,24.0,21.0,22.0,21.0,21.0,22.0,21.0,22.0,21.0,22.0,21.0,21.0,21.0,22.0,22.0,23.0,20.0,22.0,23.0,21.0,10.0,hold,2,2,22.5313
1787153690.1443,2026-08-19 17:34:50.144,10,c3,1,0,-0.03815,-0.49682,0.03972,-4.0527,10.2399,-16.6558,-0.0659,0.0089,-0.3639,2.46638,23.0,24.0,26.0,23.0,26.0,32.0,32.0,28.0,32.0,32.0,38.0,29.0,30.0,36.0,23.0,24.0,29.0,28.0,24.0,21.0,22.0,21.0,21.0,22.0,21.0,22.0,21.0,22.0,21.0,21.0,21.0,22.0,22.0,23.0,20.0,22.0,23.0,21.0,10.0,hold,2,2,22.5402
1787153690.1944,2026-08-19 17:34:50.194,10,c3,1,0,-0.03815,-0.49682,0.03972,-3.683,10.0209,-16.8045,-0.0614,0.0162,-0.3617,2.46109,24.0,24.0,26.0,25.0,27.0,33.0,35.0,27.0,32.0,31.0,35.0,27.0,30.0,35.0,24.0,24.0,27.0,27.0,25.0,21.0,22.0,21.0,21.0,22.0,21.0,22.0,21.0,22.0,21.0,21.0,21.0,22.0,22.0,23.0,20.0,22.0,23.0,21.0,10.0,hold,2,2,22.5873
1787153690.2445,2026-08-19 17:34:50.244,10,c3,1,0,-0.03814,-0.4968,0.0397,-4.0234,10.215,-16.7118,-0.0693,0.0041,-0.3648,2.46436,26.0,24.0,28.0,24.0,27.0,33.0,34.0,27.0,31.0,32.0,35.0,27.0,28.0,35.0,23.0,24.0,28.0,25.0,24.0,21.0,22.0,21.0,21.0,22.0,21.0,22.0,21.0,22.0,21.0,21.0,21.0,22.0,22.0,23.0,20.0,22.0,23.0,21.0,10.0,hold,2,2,22.5581
1787153690.2947,2026-08-19 17:34:50.294,10,c3,1,0,-0.03816,-0.49682,0.03972,-3.819,9.9435,-16.8588,-0.0618,0.0123,-0.3608,2.46285,26.0,24.0,28.0,24.0,27.0,33.0,34.0,27.0,31.0,32.0,35.0,27.0,28.0,35.0,23.0,24.0,28.0,25.0,24.0,21.0,22.0,21.0,21.0,22.0,21.0,22.0,21.0,22.0,21.0,21.0,21.0,22.0,22.0,23.0,20.0,22.0,23.0,21.0,10.0,hold,2,2,22.5716
1787153690.3449,2026-08-19 17:34:50.344,10,c3,1,0,-0.03814,-0.49683,0.03972,-3.6753,9.9126,-16.7528,-0.0631,0.016,-0.3651,2.47192,25.0,24.0,27.0,24.0,26.0,32.0,34.0,28.0,31.0,31.0,37.0,27.0,28.0,35.0,24.0,27.0,28.0,26.0,25.0,21.0,22.0,21.0,21.0,22.0,21.0,22.0,21.0,22.0,21.0,21.0,21.0,22.0,22.0,23.0,20.0,22.0,23.0,21.0,10.0,hold,2,2,22.491
1787153690.395,2026-08-19 17:34:50.394,10,c3,1,0,-0.03814,-0.49682,0.03972,-3.9173,10.3276,-16.7295,-0.0713,0.0106,-0.362,2.46713,25.0,24.0,27.0,24.0,26.0,32.0,34.0,28.0,31.0,31.0,37.0,27.0,28.0,35.0,24.0,27.0,28.0,26.0,25.0,21.0,22.0,21.0,21.0,22.0,21.0,22.0,21.0,22.0,21.0,21.0,21.0,22.0,22.0,23.0,20.0,22.0,23.0,21.0,10.0,hold,2,2,22.5335
1787153690.4451,2026-08-19 17:34:50.445,10,c3,1,0,-0.03814,-0.49682,0.03973,-3.9823,10.1435,-16.6612,-0.066,0.0078,-0.3674,2.46084,25.0,26.0,26.0,23.0,27.0,32.0,36.0,27.0,31.0,30.0,35.0,27.0,28.0,36.0,23.0,26.0,29.0,26.0,25.0,21.0,22.0,21.0,21.0,22.0,21.0,22.0,21.0,22.0,21.0,21.0,21.0,22.0,22.0,23.0,20.0,22.0,23.0,21.0,10.0,hold,2,2,22.5895
1787153690.4952,2026-08-19 17:34:50.495,10,c3,1,0,-0.03812,-0.49683,0.03973,-4.0289,10.0613,-16.6677,-0.0665,0.0089,-0.3653,2.46361,23.0,23.0,25.0,23.0,26.0,33.0,34.0,26.0,32.0,33.0,34.0,28.0,30.0,37.0,24.0,24.0,31.0,26.0,24.0,21.0,22.0,21.0,21.0,22.0,21.0,22.0,21.0,22.0,21.0,21.0,21.0,22.0,22.0,23.0,20.0,22.0,23.0,21.0,10.0,hold,2,2,22.5649
1787153690.5454,2026-08-19 17:34:50.545,10,c3,1,0,-0.03814,-0.49682,0.03972,-3.8469,10.2392,-16.7231,-0.0694,0.0148,-0.3624,2.47393,23.0,23.0,25.0,23.0,26.0,33.0,34.0,26.0,32.0,33.0,34.0,28.0,30.0,37.0,24.0,24.0,31.0,26.0,24.0,21.0,22.0,21.0,21.0,22.0,21.0,22.0,21.0,22.0,21.0,21.0,21.0,22.0,22.0,23.0,20.0,22.0,23.0,21.0,10.0,hold,2,2,22.473
1787153690.5955,2026-08-19 17:34:50.595,10,c3,1,0,-0.03815,-0.49683,0.03973,-3.713,9.9513,-16.5988,-0.0634,0.0183,-0.3637,2.46386,24.0,25.0,28.0,24.0,28.0,34.0,34.0,28.0,32.0,33.0,38.0,28.0,28.0,36.0,24.0,26.0,29.0,28.0,26.0,21.0,22.0,21.0,21.0,22.0,21.0,22.0,21.0,22.0,21.0,21.0,21.0,22.0,22.0,23.0,20.0,22.0,23.0,21.0,10.0,hold,2,2,22.5626
1787153690.6455,2026-08-19 17:34:50.645,10,c3,1,0,-0.03814,-0.49682,0.03973,-3.8566,10.2213,-16.4222,-0.0722,0.0117,-0.3637,2.46612,24.0,25.0,28.0,24.0,28.0,34.0,34.0,28.0,32.0,33.0,38.0,28.0,28.0,36.0,24.0,26.0,29.0,28.0,26.0,21.0,22.0,21.0,21.0,22.0,21.0,22.0,21.0,22.0,21.0,21.0,21.0,22.0,22.0,23.0,20.0,22.0,23.0,21.0,10.0,hold,2,2,22.5425
1787153690.6956,2026-08-19 17:34:50.695,10,c3,1,0,-0.03813,-0.49683,0.03972,-3.6163,9.6968,-16.6496,-0.0569,0.0179,-0.3587,2.46915,26.0,22.0,27.0,24.0,26.0,33.0,34.0,26.0,30.0,31.0,36.0,27.0,29.0,35.0,25.0,24.0,30.0,26.0,25.0,21.0,22.0,21.0,21.0,22.0,21.0,22.0,21.0,22.0,21.0,21.0,21.0,22.0,22.0,23.0,20.0,22.0,23.0,21.0,10.0,hold,2,2,22.5156
1787153690.7458,2026-08-19 17:34:50.745,10,c3,1,0,-0.03814,-0.49681,0.03971,-3.9071,9.9255,-16.6139,-0.0643,0.0125,-0.3674,2.46638,26.0,22.0,27.0,24.0,26.0,33.0,34.0,26.0,30.0,31.0,36.0,27.0,29.0,35.0,25.0,24.0,30.0,26.0,25.0,21.0,22.0,21.0,21.0,22.0,21.0,22.0,21.0,22.0,21.0,21.0,21.0,22.0,22.0,23.0,20.0,22.0,23.0,21.0,10.0,hold,2,2,22.5402
1787153690.7959,2026-08-19 17:34:50.795,10,c3,1,0,-0.03813,-0.49682,0.03972,-3.9259,10.1196,-16.616,-0.0661,0.011,-0.3634,2.46889,25.0,24.0,27.0,24.0,26.0,34.0,35.0,27.0,32.0,31.0,37.0,28.0,29.0,36.0,24.0,24.0,30.0,27.0,24.0,21.0,22.0,21.0,21.0,22.0,21.0,22.0,21.0,22.0,21.0,21.0,21.0,22.0,22.0,23.0,20.0,22.0,23.0,21.0,10.0,hold,2,2,22.5178
1787153690.846,2026-08-19 17:34:50.846,10,c3,1,0,-0.03814,-0.49682,0.03972,-3.8865,10.1655,-16.4019,-0.0696,0.0104,-0.367,2.47242,23.0,25.0,26.0,24.0,27.0,32.0,34.0,26.0,32.0,31.0,35.0,25.0,28.0,34.0,24.0,23.0,28.0,25.0,24.0,21.0,22.0,21.0,21.0,22.0,21.0,22.0,21.0,22.0,21.0,21.0,21.0,22.0,22.0,23.0,20.0,22.0,23.0,21.0,10.0,hold,2,2,22.4865
1787153690.8961,2026-08-19 17:34:50.896,10,c3,1,0,-0.03812,-0.49681,0.0397,-3.7701,10.2195,-16.3918,-0.0699,0.0157,-0.3674,2.46688,23.0,25.0,26.0,24.0,27.0,32.0,34.0,26.0,32.0,31.0,35.0,25.0,28.0,34.0,24.0,23.0,28.0,25.0,24.0,21.0,22.0,21.0,21.0,22.0,21.0,22.0,21.0,22.0,21.0,21.0,21.0,22.0,22.0,23.0,20.0,22.0,23.0,21.0,10.0,hold,2,2,22.5357
1787153690.9464,2026-08-19 17:34:50.946,10,c3,1,0,-0.03813,-0.49681,0.03972,-3.9741,10.3084,-16.537,-0.0697,0.0089,-0.3701,2.47468,23.0,25.0,26.0,22.0,27.0,33.0,33.0,26.0,31.0,32.0,37.0,26.0,29.0,35.0,25.0,24.0,29.0,27.0,26.0,21.0,22.0,21.0,21.0,22.0,21.0,22.0,21.0,22.0,21.0,21.0,21.0,22.0,22.0,23.0,20.0,22.0,23.0,21.0,10.0,hold,2,2,22.4663
1787153690.9966,2026-08-19 17:34:50.996,10,c3,1,0,-0.03814,-0.49681,0.03973,-3.7078,9.8084,-16.5083,-0.0549,0.0148,-0.3662,2.46814,23.0,25.0,26.0,22.0,27.0,33.0,33.0,26.0,31.0,32.0,37.0,26.0,29.0,35.0,25.0,24.0,29.0,27.0,26.0,21.0,22.0,21.0,21.0,22.0,21.0,22.0,21.0,22.0,21.0,21.0,21.0,22.0,22.0,23.0,20.0,22.0,23.0,21.0,10.0,hold,2,2,22.5246
1787153691.0468,2026-08-19 17:34:51.046,10,c3,1,0,-0.03813,-0.49682,0.03972,-4.1086,10.2243,-16.4219,-0.0648,0.0067,-0.3692,2.47242,23.0,24.0,28.0,21.0,28.0,34.0,34.0,28.0,32.0,32.0,34.0,28.0,29.0,35.0,24.0,26.0,29.0,25.0,26.0,21.0,22.0,21.0,21.0,22.0,21.0,22.0,21.0,22.0,21.0,21.0,21.0,22.0,22.0,23.0,20.0,22.0,23.0,21.0,10.0,hold,2,2,22.4865
1787153691.0968,2026-08-19 17:34:51.096,10,c3,1,0,-0.03813,-0.49682,0.03972,-3.8704,10.3112,-16.5553,-0.0693,0.0104,-0.364,2.47192,24.0,25.0,28.0,23.0,28.0,35.0,34.0,27.0,32.0,32.0,33.0,27.0,30.0,35.0,24.0,24.0,29.0,25.0,24.0,21.0,22.0,21.0,21.0,22.0,21.0,22.0,21.0,22.0,21.0,21.0,21.0,22.0,22.0,23.0,20.0,22.0,23.0,21.0,10.0,hold,2,2,22.491
1787153691.1469,2026-08-19 17:34:51.146,10,c3,1,0,-0.03814,-0.49682,0.03972,-3.9596,9.8565,-16.6332,-0.0576,0.009,-0.3642,2.47494,24.0,25.0,28.0,23.0,28.0,35.0,34.0,27.0,32.0,32.0,33.0,27.0,30.0,35.0,24.0,24.0,29.0,25.0,24.0,21.0,22.0,21.0,21.0,22.0,21.0,22.0,21.0,22.0,21.0,21.0,21.0,22.0,22.0,23.0,20.0,22.0,23.0,21.0,10.0,hold,2,2,22.4641
1787153691.197,2026-08-19 17:34:51.197,10,c3,1,0,-0.03814,-0.49681,0.03971,-3.7785,10.1589,-16.602,-0.0692,0.0133,-0.3684,2.47116,24.0,24.0,27.0,23.0,27.0,33.0,32.0,28.0,30.0,32.0,35.0,27.0,27.0,36.0,24.0,25.0,30.0,25.0,25.0,21.0,22.0,21.0,21.0,22.0,21.0,22.0,21.0,22.0,21.0,21.0,21.0,22.0,22.0,23.0,20.0,22.0,23.0,21.0,10.0,hold,2,2,22.4977
1787153691.2471,2026-08-19 17:34:51.247,10,c3,1,0,-0.03814,-0.49681,0.0397,-3.8376,10.2261,-16.7279,-0.0658,0.0093,-0.3645,2.47242,24.0,24.0,27.0,23.0,27.0,33.0,32.0,28.0,30.0,32.0,35.0,27.0,27.0,36.0,24.0,25.0,30.0,25.0,25.0,21.0,22.0,21.0,21.0,22.0,21.0,22.0,21.0,22.0,21.0,21.0,21.0,22.0,22.0,23.0,20.0,22.0,23.0,21.0,10.0,hold,2,2,22.4865
1787153691.2972,2026-08-19 17:34:51.297,10,c3,1,0,-0.03815,-0.49682,0.03973,-4.168,10.1377,-16.4096,-0.0633,0.0024,-0.3644,2.46965,24.0,23.0,27.0,24.0,26.0,33.0,31.0,27.0,31.0,33.0,34.0,27.0,28.0,37.0,24.0,25.0,30.0,25.0,24.0,21.0,22.0,21.0,21.0,22.0,21.0,22.0,21.0,22.0,21.0,21.0,21.0,22.0,22.0,23.0,20.0,22.0,23.0,21.0,10.0,hold,2,2,22.5111
1787153691.3473,2026-08-19 17:34:51.347,10,c3,1,0,-0.03816,-0.49683,0.03972,-4.0758,10.2077,-16.34,-0.067,0.0027,-0.3687,2.47317,25.0,25.0,28.0,24.0,28.0,34.0,32.0,27.0,32.0,33.0,34.0,27.0,30.0,36.0,22.0,25.0,29.0,24.0,23.0,21.0,22.0,21.0,21.0,22.0,21.0,22.0,21.0,22.0,21.0,21.0,21.0,22.0,22.0,23.0,20.0,22.0,23.0,21.0,10.0,hold,2,2,22.4798
1787153691.3974,2026-08-19 17:34:51.397,10,c3,1,0,-0.03813,-0.49682,0.03971,-3.6187,10.1742,-16.4255,-0.0677,0.0142,-0.3707,2.47015,25.0,25.0,28.0,24.0,28.0,34.0,32.0,27.0,32.0,33.0,34.0,27.0,30.0,36.0,22.0,25.0,29.0,24.0,23.0,21.0,22.0,21.0,21.0,22.0,21.0,22.0,21.0,22.0,21.0,21.0,21.0,22.0,22.0,23.0,20.0,22.0,23.0,21.0,10.0,hold,2,2,22.5066
1787153691.4476,2026-08-19 17:34:51.447,10,c3,1,0,-0.03813,-0.49681,0.03971,-3.8884,10.039,-16.5501,-0.0665,0.0079,-0.3657,2.47091,23.0,23.0,28.0,24.0,27.0,35.0,32.0,28.0,31.0,31.0,36.0,28.0,27.0,35.0,24.0,25.0,29.0,25.0,24.0,21.0,22.0,21.0,21.0,22.0,21.0,22.0,21.0,22.0,21.0,21.0,21.0,22.0,22.0,23.0,20.0,22.0,23.0,21.0,10.0,hold,2,2,22.4999
1787153691.4977,2026-08-19 17:34:51.497,10,c3,1,0,-0.03814,-0.49683,0.03973,-3.7291,9.802,-16.5302,-0.0597,0.017,-0.3623,2.47267,23.0,23.0,28.0,24.0,27.0,35.0,32.0,28.0,31.0,31.0,36.0,28.0,27.0,35.0,24.0,25.0,29.0,25.0,24.0,21.0,22.0,21.0,21.0,22.0,21.0,22.0,21.0,22.0,21.0,21.0,21.0,22.0,22.0,23.0,20.0,22.0,23.0,21.0,10.0,hold,2,2,22.4842
1787153691.5479,2026-08-19 17:34:51.547,10,c3,1,0,-0.03813,-0.49683,0.03972,-3.6775,10.0941,-16.4051,-0.0638,0.014,-0.3606,2.47015,23.0,23.0,26.0,23.0,25.0,32.0,34.0,27.0,30.0,32.0,35.0,27.0,28.0,37.0,22.0,27.0,30.0,26.0,25.0,21.0,22.0,21.0,21.0,22.0,21.0,22.0,21.0,22.0,21.0,21.0,21.0,22.0,22.0,23.0,20.0,22.0,23.0,21.0,10.0,hold,2,2,22.5066
1787153691.598,2026-08-19 17:34:51.597,10,c3,1,0,-0.03814,-0.49682,0.03972,-4.0703,10.3865,-16.3566,-0.0706,0.0046,-0.3629,2.47317,23.0,22.0,28.0,24.0,25.0,34.0,33.0,28.0,32.0,33.0,35.0,27.0,29.0,36.0,23.0,25.0,29.0,24.0,25.0,21.0,22.0,21.0,21.0,22.0,21.0,22.0,21.0,22.0,21.0,21.0,21.0,22.0,22.0,23.0,20.0,22.0,23.0,21.0,10.0,hold,2,2,22.4798
1787153691.6481,2026-08-19 17:34:51.648,10,c3,1,0,-0.03814,-0.49683,0.03973,-3.9325,10.1194,-16.4173,-0.0689,0.0082,-0.3691,2.47066,23.0,22.0,28.0,24.0,25.0,34.0,33.0,28.0,32.0,33.0,35.0,27.0,29.0,36.0,23.0,25.0,29.0,24.0,25.0,21.0,22.0,21.0,21.0,22.0,21.0,22.0,21.0,22.0,21.0,21.0,21.0,22.0,22.0,23.0,20.0,22.0,23.0,21.0,10.0,hold,2,2,22.5022
1787153691.6982,2026-08-19 17:34:51.698,10,c3,1,0,-0.03813,-0.49682,0.03972,-3.986,9.88,-16.5542,-0.0617,0.0073,-0.3686,2.4772,23.0,23.0,27.0,24.0,26.0,34.0,32.0,26.0,30.0,32.0,35.0,28.0,27.0,36.0,24.0,22.0,30.0,26.0,23.0,21.0,22.0,21.0,21.0,22.0,21.0,22.0,21.0,22.0,21.0,21.0,21.0,22.0,22.0,23.0,20.0,22.0,23.0,21.0,10.0,hold,2,2,22.4439
1787153691.7483,2026-08-19 17:34:51.748,10,c3,1,0,-0.03812,-0.49682,0.03972,-3.9736,9.8627,-16.4601,-0.0567,0.006,-0.3684,2.47015,23.0,23.0,27.0,24.0,26.0,34.0,32.0,26.0,30.0,32.0,35.0,28.0,27.0,36.0,24.0,22.0,30.0,26.0,23.0,21.0,22.0,21.0,21.0,22.0,21.0,22.0,21.0,22.0,21.0,21.0,21.0,22.0,22.0,23.0,20.0,22.0,23.0,21.0,10.0,hold,2,2,22.5066
1787153691.7984,2026-08-19 17:34:51.798,10,c3,1,0,-0.03814,-0.49681,0.0397,-4.2847,10.3284,-16.3477,-0.0748,-0.0007,-0.3692,2.46864,23.0,22.0,27.0,23.0,24.0,35.0,33.0,25.0,31.0,31.0,36.0,26.0,28.0,36.0,23.0,24.0,30.0,26.0,24.0,21.0,22.0,21.0,21.0,22.0,21.0,22.0,21.0,22.0,21.0,21.0,21.0,22.0,22.0,23.0,20.0,22.0,23.0,21.0,10.0,hold,2,2,22.5201
1787153691.8486,2026-08-19 17:34:51.848,10,c3,1,0,-0.03812,-0.49681,0.03972,-4.1176,10.0897,-16.6127,-0.0654,0.0073,-0.3638,2.47343,23.0,22.0,27.0,22.0,25.0,33.0,32.0,24.0,31.0,32.0,37.0,24.0,29.0,37.0,25.0,23.0,30.0,27.0,23.0,21.0,22.0,21.0,21.0,22.0,21.0,22.0,21.0,22.0,21.0,21.0,21.0,22.0,22.0,23.0,20.0,22.0,23.0,21.0,10.0,hold,2,2,22.4775
1787153691.8987,2026-08-19 17:34:51.898,10,c3,0,0,-0.03813,-0.49681,0.03971,-4.2142,10.4397,-16.5046,-0.0727,0.0014,-0.365,2.48022,23.0,22.0,27.0,22.0,25.0,33.0,32.0,24.0,31.0,32.0,37.0,24.0,29.0,37.0,25.0,23.0,30.0,27.0,23.0,21.0,22.0,21.0,21.0,22.0,21.0,22.0,21.0,22.0,21.0,21.0,21.0,22.0,22.0,23.0,20.0,22.0,23.0,21.0,10.0,retract,2,2,22.417
1787153691.9488,2026-08-19 17:34:51.948,10,c3,0,0,-0.03814,-0.49682,0.03974,-4.1072,10.5197,-16.571,-0.0761,0.003,-0.3655,2.48123,22.0,23.0,29.0,21.0,25.0,34.0,34.0,26.0,31.0,30.0,35.0,28.0,29.0,35.0,22.0,26.0,29.0,25.0,27.0,21.0,22.0,21.0,21.0,22.0,21.0,22.0,21.0,22.0,21.0,21.0,21.0,22.0,22.0,23.0,20.0,22.0,23.0,21.0,10.0,retract,2,2,22.4081
1787153691.9989,2026-08-19 17:34:51.998,10,c3,0,0,-0.03813,-0.49681,0.03979,-4.0079,10.0931,-16.857,-0.0691,0.0057,-0.3717,2.52781,22.0,23.0,29.0,21.0,25.0,34.0,34.0,26.0,31.0,30.0,35.0,28.0,29.0,35.0,22.0,26.0,29.0,25.0,27.0,21.0,22.0,21.0,21.0,22.0,21.0,22.0,21.0,22.0,21.0,21.0,21.0,22.0,22.0,23.0,20.0,22.0,23.0,21.0,10.0,retract,2,2,21.9937
1787153692.049,2026-08-19 17:34:52.049,10,c3,0,0,-0.03813,-0.4968,0.03987,-3.8626,10.0864,-17.0929,-0.0665,0.0126,-0.3657,2.61014,24.0,24.0,27.0,25.0,27.0,34.0,32.0,26.0,32.0,31.0,35.0,27.0,29.0,35.0,24.0,23.0,28.0,25.0,24.0,21.0,22.0,21.0,21.0,22.0,21.0,22.0,21.0,22.0,21.0,21.0,21.0,22.0,22.0,23.0,20.0,22.0,23.0,21.0,10.0,retract,2,2,21.2612
1787153692.0992,2026-08-19 17:34:52.099,10,c3,0,0,-0.03814,-0.49679,0.04003,-3.8446,10.1843,-17.6246,-0.0712,0.0103,-0.3625,2.74308,24.0,24.0,27.0,25.0,27.0,34.0,32.0,26.0,32.0,31.0,35.0,27.0,29.0,35.0,24.0,23.0,28.0,25.0,24.0,21.0,22.0,21.0,21.0,22.0,21.0,22.0,21.0,22.0,21.0,21.0,21.0,22.0,22.0,23.0,20.0,22.0,23.0,21.0,10.0,retract,2,2,20.0786
1787153692.1493,2026-08-19 17:34:52.149,10,c3,0,0,-0.03812,-0.49682,0.04024,-3.976,10.1865,-18.063,-0.0674,0.0083,-0.3721,2.89666,22.0,25.0,26.0,23.0,27.0,32.0,34.0,25.0,31.0,32.0,37.0,25.0,28.0,36.0,24.0,25.0,29.0,27.0,23.0,21.0,22.0,21.0,21.0,22.0,21.0,22.0,21.0,22.0,21.0,21.0,21.0,22.0,22.0,23.0,20.0,22.0,23.0,21.0,10.0,retract,2,2,18.7123
1787153692.1994,2026-08-19 17:34:52.199,10,c3,0,0,-0.03812,-0.49679,0.04044,-4.2022,9.8892,-18.4633,-0.0621,0.0044,-0.3672,3.03186,23.0,24.0,28.0,22.0,25.0,34.0,35.0,25.0,31.0,32.0,35.0,26.0,29.0,36.0,24.0,22.0,29.0,26.0,23.0,21.0,22.0,21.0,21.0,22.0,21.0,22.0,21.0,22.0,21.0,21.0,21.0,22.0,22.0,23.0,20.0,22.0,23.0,21.0,10.0,retract,2,2,17.5094
1787153692.2495,2026-08-19 17:34:52.249,10,c3,0,0,-0.03814,-0.49679,0.04069,-3.9614,10.1827,-19.1705,-0.072,0.0114,-0.3701,3.18217,23.0,24.0,28.0,22.0,25.0,34.0,35.0,25.0,31.0,32.0,35.0,26.0,29.0,36.0,24.0,22.0,29.0,26.0,23.0,21.0,22.0,21.0,21.0,22.0,21.0,22.0,21.0,22.0,21.0,21.0,21.0,22.0,22.0,23.0,20.0,22.0,23.0,21.0,10.0,retract,2,2,16.1722
1787153692.2996,2026-08-19 17:34:52.299,10,c3,0,0,-0.03811,-0.49678,0.04092,-4.0091,10.1534,-19.8605,-0.0758,0.0111,-0.3688,3.33097,24.0,24.0,27.0,25.0,27.0,33.0,34.0,26.0,31.0,32.0,34.0,26.0,28.0,35.0,25.0,25.0,28.0,25.0,23.0,21.0,22.0,21.0,21.0,22.0,21.0,22.0,21.0,22.0,21.0,21.0,21.0,22.0,22.0,23.0,20.0,22.0,23.0,21.0,10.0,retract,2,2,14.8484
1787153692.3497,2026-08-19 17:34:52.349,10,c3,0,0,-0.03813,-0.49677,0.0412,-3.8869,10.2241,-20.5188,-0.0702,0.0162,-0.3643,3.48782,24.0,24.0,27.0,25.0,27.0,33.0,34.0,26.0,31.0,32.0,34.0,26.0,28.0,35.0,25.0,25.0,28.0,25.0,23.0,21.0,22.0,21.0,21.0,22.0,21.0,22.0,21.0,22.0,21.0,21.0,21.0,22.0,22.0,23.0,20.0,22.0,23.0,21.0,10.0,retract,2,2,13.453
1787153692.3999,2026-08-19 17:34:52.399,10,c3,0,0,-0.03812,-0.49675,0.04151,-3.9357,9.9994,-21.1798,-0.068,0.0162,-0.3644,3.65752,24.0,25.0,27.0,22.0,27.0,33.0,34.0,25.0,29.0,31.0,32.0,25.0,27.0,34.0,23.0,24.0,30.0,27.0,23.0,21.0,22.0,21.0,21.0,22.0,21.0,22.0,21.0,22.0,21.0,21.0,21.0,22.0,22.0,23.0,20.0,22.0,23.0,21.0,10.0,retract,2,2,11.9433
1787153692.45,2026-08-19 17:34:52.449,10,c3,0,0,-0.03813,-0.49676,0.04188,-3.7834,9.9103,-21.7373,-0.0676,0.0163,-0.3698,3.82445,24.0,24.0,27.0,24.0,26.0,35.0,33.0,26.0,30.0,30.0,34.0,25.0,28.0,34.0,24.0,24.0,28.0,26.0,25.0,21.0,22.0,21.0,21.0,22.0,21.0,22.0,21.0,22.0,21.0,21.0,21.0,22.0,22.0,23.0,20.0,22.0,23.0,21.0,10.0,retract,2,2,10.4583
1787153692.5,2026-08-19 17:34:52.500,10,c3,0,0,-0.0381,-0.49674,0.0422,-3.7322,9.6363,-22.3197,-0.0635,0.0222,-0.3611,3.9745,24.0,24.0,27.0,24.0,26.0,35.0,33.0,26.0,30.0,30.0,34.0,25.0,28.0,34.0,24.0,24.0,28.0,26.0,25.0,21.0,22.0,21.0,21.0,22.0,21.0,22.0,21.0,22.0,21.0,21.0,21.0,22.0,22.0,23.0,20.0,22.0,23.0,21.0,10.0,retract,2,2,9.1233
1787153692.5501,2026-08-19 17:34:52.550,10,c3,0,0,-0.03813,-0.49682,0.04258,-4.0233,9.9194,-22.9019,-0.0655,0.0096,-0.3677,4.1306,23.0,24.0,27.0,23.0,27.0,32.0,32.0,24.0,29.0,29.0,32.0,25.0,28.0,32.0,26.0,23.0,28.0,28.0,24.0,21.0,22.0,21.0,21.0,22.0,21.0,22.0,21.0,22.0,21.0,21.0,21.0,22.0,22.0,23.0,20.0,22.0,23.0,21.0,10.0,retract,2,2,7.7345
1787153692.6002,2026-08-19 17:34:52.600,10,c3,0,0,-0.03814,-0.49679,0.0429,-4.08,10.1396,-23.2177,-0.0716,0.0133,-0.3706,4.26052,23.0,24.0,27.0,23.0,27.0,32.0,32.0,24.0,29.0,29.0,32.0,25.0,28.0,32.0,26.0,23.0,28.0,28.0,24.0,21.0,22.0,21.0,21.0,22.0,21.0,22.0,21.0,22.0,21.0,21.0,21.0,22.0,22.0,23.0,20.0,22.0,23.0,21.0,10.0,retract,2,2,6.5788
1787153692.6503,2026-08-19 17:34:52.650,10,c3,0,0,-0.03812,-0.49679,0.04323,-3.8421,9.831,-23.5704,-0.0653,0.0225,-0.3685,4.36853,23.0,24.0,25.0,22.0,27.0,32.0,32.0,26.0,27.0,29.0,31.0,25.0,27.0,31.0,26.0,25.0,27.0,26.0,25.0,21.0,22.0,21.0,21.0,22.0,21.0,22.0,21.0,22.0,21.0,21.0,21.0,22.0,22.0,23.0,20.0,22.0,23.0,21.0,10.0,retract,2,2,5.6178
1787153692.7004,2026-08-19 17:34:52.700,10,c3,0,0,-0.03812,-0.49678,0.04355,-4.2295,10.3307,-24.2604,-0.0746,0.0108,-0.3716,4.48082,23.0,24.0,25.0,21.0,26.0,30.0,31.0,24.0,28.0,29.0,29.0,23.0,26.0,31.0,24.0,24.0,26.0,26.0,22.0,21.0,22.0,21.0,21.0,22.0,21.0,22.0,21.0,22.0,21.0,21.0,21.0,22.0,22.0,23.0,20.0,22.0,23.0,21.0,10.0,retract,2,2,4.6189
1787153692.7505,2026-08-19 17:34:52.750,10,c3,0,0,-0.03812,-0.49676,0.04388,-3.7843,9.9622,-24.6734,-0.0687,0.0212,-0.364,4.57322,23.0,24.0,25.0,21.0,26.0,30.0,31.0,24.0,28.0,29.0,29.0,23.0,26.0,31.0,24.0,24.0,26.0,26.0,22.0,21.0,22.0,21.0,21.0,22.0,21.0,22.0,21.0,22.0,21.0,21.0,21.0,22.0,22.0,23.0,20.0,22.0,23.0,21.0,10.0,retract,2,2,3.7968
1787153692.8007,2026-08-19 17:34:52.800,10,c3,0,0,-0.03813,-0.49679,0.04426,-4.142,9.9827,-24.8931,-0.0704,0.0151,-0.3687,4.65907,21.0,25.0,25.0,21.0,26.0,30.0,30.0,24.0,26.0,29.0,30.0,23.0,26.0,30.0,25.0,22.0,27.0,25.0,24.0,21.0,22.0,21.0,21.0,22.0,21.0,22.0,21.0,22.0,21.0,21.0,21.0,22.0,22.0,23.0,20.0,22.0,23.0,21.0,10.0,retract,2,2,3.033
1787153692.8508,2026-08-19 17:34:52.850,10,c3,0,0,-0.03815,-0.4968,0.04458,-3.9755,10.0504,-24.9609,-0.075,0.0163,-0.3703,4.68627,21.0,25.0,25.0,21.0,26.0,30.0,30.0,24.0,26.0,29.0,30.0,23.0,26.0,30.0,25.0,22.0,27.0,25.0,24.0,21.0,22.0,21.0,21.0,22.0,21.0,22.0,21.0,22.0,21.0,21.0,21.0,22.0,22.0,23.0,20.0,22.0,23.0,21.0,10.0,retract,2,2,2.7911
1787153692.9009,2026-08-19 17:34:52.900,10,c3,0,0,-0.03813,-0.4968,0.04492,-4.0851,10.4303,-24.9981,-0.0773,0.0146,-0.369,4.684,22.0,25.0,25.0,21.0,26.0,29.0,28.0,24.0,26.0,28.0,30.0,22.0,27.0,28.0,25.0,24.0,26.0,25.0,24.0,21.0,22.0,21.0,21.0,22.0,21.0,22.0,21.0,22.0,21.0,21.0,21.0,22.0,22.0,23.0,20.0,22.0,23.0,21.0,10.0,retract,2,2,2.8113
1787153692.951,2026-08-19 17:34:52.951,10,c3,0,0,-0.03813,-0.49682,0.04527,-3.812,10.0194,-25.0356,-0.0728,0.0225,-0.3684,4.68778,22.0,25.0,25.0,21.0,26.0,29.0,28.0,24.0,26.0,28.0,30.0,22.0,27.0,28.0,25.0,24.0,26.0,25.0,24.0,21.0,22.0,21.0,21.0,22.0,21.0,22.0,21.0,22.0,21.0,21.0,21.0,22.0,22.0,23.0,20.0,22.0,23.0,21.0,10.0,retract,2,2,2.7777
1787153693.0011,2026-08-19 17:34:53.001,10,c3,0,0,-0.03813,-0.49681,0.04558,-4.1658,10.1933,-25.2417,-0.0762,0.0147,-0.367,4.6981,24.0,25.0,25.0,23.0,26.0,29.0,27.0,25.0,23.0,26.0,29.0,23.0,23.0,26.0,26.0,23.0,25.0,26.0,23.0,21.0,22.0,21.0,21.0,22.0,21.0,22.0,21.0,22.0,21.0,21.0,21.0,22.0,22.0,23.0,20.0,22.0,23.0,21.0,10.0,retract,2,2,2.6858
1787153693.0512,2026-08-19 17:34:53.051,10,c3,0,0,-0.03813,-0.49679,0.04591,-3.8993,10.4888,-25.1306,-0.082,0.018,-0.3648,4.69785,22.0,21.0,24.0,21.0,23.0,28.0,28.0,23.0,25.0,26.0,26.0,24.0,26.0,26.0,25.0,24.0,26.0,23.0,22.0,21.0,22.0,21.0,21.0,22.0,21.0,22.0,21.0,22.0,21.0,21.0,21.0,22.0,22.0,23.0,20.0,22.0,23.0,21.0,10.0,retract,2,2,2.6881
1787153693.1014,2026-08-19 17:34:53.101,10,c3,0,0,-0.03813,-0.4968,0.04624,-4.2142,10.2884,-25.0899,-0.0777,0.0122,-0.3712,4.69684,22.0,21.0,24.0,21.0,23.0,28.0,28.0,23.0,25.0,26.0,26.0,24.0,26.0,26.0,25.0,24.0,26.0,23.0,22.0,21.0,22.0,21.0,21.0,22.0,21.0,22.0,21.0,22.0,21.0,21.0,21.0,22.0,22.0,23.0,20.0,22.0,23.0,21.0,10.0,retract,2,2,2.697
1787153693.1515,2026-08-19 17:34:53.151,10,c3,0,0,-0.03812,-0.4968,0.04658,-3.994,10.3932,-25.0627,-0.0791,0.0159,-0.3697,4.69382,22.0,25.0,23.0,21.0,25.0,26.0,26.0,23.0,24.0,24.0,27.0,24.0,25.0,25.0,24.0,25.0,24.0,24.0,23.0,21.0,22.0,21.0,21.0,22.0,21.0,22.0,21.0,22.0,21.0,21.0,21.0,22.0,22.0,23.0,20.0,22.0,23.0,21.0,10.0,retract,2,2,2.7239
1787153693.2016,2026-08-19 17:34:53.201,10,c3,0,0,-0.03813,-0.4968,0.04693,-3.7816,10.1245,-25.2383,-0.0758,0.0227,-0.3701,4.69382,22.0,25.0,23.0,21.0,25.0,26.0,26.0,23.0,24.0,24.0,27.0,24.0,25.0,25.0,24.0,25.0,24.0,24.0,23.0,21.0,22.0,21.0,21.0,22.0,21.0,22.0,21.0,22.0,21.0,21.0,21.0,22.0,22.0,23.0,20.0,22.0,23.0,21.0,10.0,retract,2,2,2.7239
1787153693.2517,2026-08-19 17:34:53.251,10,c3,0,0,-0.03814,-0.49679,0.04725,-4.2269,10.3273,-25.1018,-0.0747,0.0127,-0.3695,4.69684,23.0,25.0,22.0,22.0,26.0,26.0,25.0,24.0,25.0,25.0,26.0,24.0,25.0,26.0,25.0,25.0,24.0,25.0,25.0,21.0,22.0,21.0,21.0,22.0,21.0,22.0,21.0,22.0,21.0,21.0,21.0,22.0,22.0,23.0,20.0,22.0,23.0,21.0,10.0,retract,2,2,2.697
1787153693.3018,2026-08-19 17:34:53.301,10,c3,0,0,-0.03814,-0.49683,0.04761,-3.9466,9.77,-25.0896,-0.0619,0.0203,-0.3652,4.68551,24.0,23.0,22.0,23.0,25.0,26.0,23.0,23.0,23.0,24.0,28.0,22.0,24.0,26.0,24.0,22.0,24.0,25.0,24.0,21.0,22.0,21.0,21.0,22.0,21.0,22.0,21.0,22.0,21.0,21.0,21.0,22.0,22.0,23.0,20.0,22.0,23.0,21.0,10.0,retract,2,2,2.7978
1787153693.3519,2026-08-19 17:34:53.351,10,c3,0,0,-0.03815,-0.49682,0.04794,-4.0623,10.0172,-25.2639,-0.0699,0.0152,-0.3691,4.69684,24.0,23.0,22.0,23.0,25.0,26.0,23.0,23.0,23.0,24.0,28.0,22.0,24.0,26.0,24.0,22.0,24.0,25.0,24.0,21.0,22.0,21.0,21.0,22.0,21.0,22.0,21.0,22.0,21.0,21.0,21.0,22.0,22.0,23.0,20.0,22.0,23.0,21.0,10.0,retract,2,2,2.697
1787153693.402,2026-08-19 17:34:53.402,10,c3,0,0,-0.03814,-0.49679,0.04823,-3.9825,10.2863,-25.2012,-0.0793,0.0158,-0.3629,4.69206,21.0,24.0,22.0,21.0,25.0,26.0,25.0,23.0,24.0,24.0,26.0,23.0,24.0,25.0,25.0,23.0,24.0,25.0,24.0,21.0,22.0,21.0,21.0,22.0,21.0,22.0,21.0,22.0,21.0,21.0,21.0,22.0,22.0,23.0,20.0,22.0,23.0,21.0,10.0,retract,2,2,2.7396
1787153693.4522,2026-08-19 17:34:53.452,10,c3,0,0,-0.03813,-0.49679,0.04851,-4.3999,10.2889,-25.1065,-0.0743,0.005,-0.3678,4.69634,21.0,24.0,22.0,21.0,25.0,26.0,25.0,23.0,24.0,24.0,26.0,23.0,24.0,25.0,25.0,23.0,24.0,25.0,24.0,21.0,22.0,21.0,21.0,22.0,21.0,22.0,21.0,22.0,21.0,21.0,21.0,22.0,22.0,23.0,20.0,22.0,23.0,21.0,10.0,retract,2,2,2.7015
1787153693.5023,2026-08-19 17:34:53.502,10,c3,0,0,-0.03813,-0.49678,0.04877,-4.1508,10.1695,-25.1809,-0.0748,0.013,-0.3703,4.69886,22.0,23.0,22.0,21.0,24.0,25.0,26.0,24.0,21.0,25.0,25.0,22.0,22.0,26.0,23.0,23.0,26.0,24.0,23.0,21.0,22.0,21.0,21.0,22.0,21.0,22.0,21.0,22.0,21.0,21.0,21.0,22.0,22.0,23.0,20.0,22.0,23.0,21.0,10.0,retract,2,2,2.6791
1787153693.5524,2026-08-19 17:34:53.552,10,c3,0,0,-0.03812,-0.49678,0.04901,-3.9037,10.1291,-25.1066,-0.0712,0.0183,-0.3681,4.69181,22.0,21.0,23.0,20.0,22.0,26.0,24.0,22.0,23.0,24.0,26.0,21.0,23.0,26.0,22.0,22.0,25.0,25.0,22.0,21.0,22.0,21.0,21.0,22.0,21.0,22.0,21.0,22.0,21.0,21.0,21.0,22.0,22.0,23.0,20.0,22.0,23.0,21.0,10.0,retract,2,2,2.7418
1787153693.6026,2026-08-19 17:34:53.602,10,c3,0,0,-0.03813,-0.49681,0.04923,-4.3876,10.04,-25.0468,-0.0704,0.0086,-0.3715,4.68879,22.0,21.0,23.0,20.0,22.0,26.0,24.0,22.0,23.0,24.0,26.0,21.0,23.0,26.0,22.0,22.0,25.0,25.0,22.0,21.0,22.0,21.0,21.0,22.0,21.0,22.0,21.0,22.0,21.0,21.0,21.0,22.0,22.0,23.0,20.0,22.0,23.0,21.0,10.0,retract,2,2,2.7687
1787153693.6526,2026-08-19 17:34:53.652,10,c3,0,0,-0.03814,-0.49682,0.04938,-4.0573,9.9845,-25.1545,-0.0683,0.0179,-0.3647,4.68627,22.0,23.0,22.0,19.0,23.0,25.0,24.0,22.0,22.0,24.0,26.0,21.0,24.0,25.0,22.0,22.0,23.0,23.0,22.0,21.0,22.0,21.0,21.0,22.0,21.0,22.0,21.0,22.0,21.0,21.0,21.0,22.0,22.0,23.0,20.0,22.0,23.0,21.0,10.0,retract,2,2,2.7911
1787153693.7028,2026-08-19 17:34:53.702,10,c3,0,0,-0.03813,-0.49681,0.04946,-4.1093,10.0719,-24.9298,-0.0692,0.0144,-0.3739,4.68299,22.0,23.0,22.0,19.0,23.0,25.0,24.0,22.0,22.0,24.0,26.0,21.0,24.0,25.0,22.0,22.0,23.0,23.0,22.0,21.0,22.0,21.0,21.0,22.0,21.0,22.0,21.0,22.0,21.0,21.0,21.0,22.0,22.0,23.0,20.0,22.0,23.0,21.0,10.0,retract,2,2,2.8202
1787153693.753,2026-08-19 17:34:53.752,10,c3,0,0,-0.03812,-0.49681,0.04955,-3.9823,9.9874,-25.0897,-0.0697,0.0199,-0.363,4.68123,21.0,23.0,22.0,21.0,23.0,24.0,25.0,22.0,21.0,24.0,26.0,22.0,22.0,24.0,25.0,23.0,24.0,25.0,22.0,21.0,22.0,21.0,21.0,22.0,21.0,22.0,21.0,22.0,21.0,21.0,21.0,22.0,22.0,23.0,20.0,22.0,23.0,21.0,10.0,retract,2,2,2.8359
1787153693.8031,2026-08-19 17:34:53.803,10,c3,0,0,-0.03814,-0.49679,0.0496,-4.1831,9.9058,-25.0699,-0.0665,0.0154,-0.3724,4.69583,21.0,23.0,22.0,19.0,23.0,24.0,26.0,21.0,22.0,22.0,26.0,20.0,23.0,24.0,24.0,22.0,23.0,24.0,21.0,21.0,22.0,21.0,21.0,22.0,21.0,22.0,21.0,22.0,21.0,21.0,21.0,22.0,22.0,23.0,20.0,22.0,23.0,21.0,10.0,retract,2,2,2.706
1787153693.8532,2026-08-19 17:34:53.853,10,c3,0,0,-0.03812,-0.49679,0.04964,-4.174,10.4088,-25.1139,-0.0811,0.011,-0.3638,4.6913,21.0,23.0,22.0,19.0,23.0,24.0,26.0,21.0,22.0,22.0,26.0,20.0,23.0,24.0,24.0,22.0,23.0,24.0,21.0,21.0,22.0,21.0,21.0,22.0,21.0,22.0,21.0,22.0,21.0,21.0,21.0,22.0,22.0,23.0,20.0,22.0,23.0,21.0,10.0,retract,2,2,2.7463
1787153693.9033,2026-08-19 17:34:53.903,10,c3,0,0,-0.03813,-0.4968,0.04967,-3.8154,9.7378,-25.172,-0.066,0.017,-0.3645,4.69709,21.0,22.0,21.0,20.0,22.0,22.0,24.0,22.0,21.0,24.0,25.0,21.0,21.0,24.0,22.0,22.0,24.0,25.0,23.0,21.0,22.0,21.0,21.0,22.0,21.0,22.0,21.0,22.0,21.0,21.0,21.0,22.0,22.0,23.0,20.0,22.0,23.0,21.0,10.0,post,2,2,2.6948
1787153693.9534,2026-08-19 17:34:53.953,10,c3,0,0,-0.03814,-0.49681,0.0497,-3.8624,9.9019,-25.3031,-0.0686,0.017,-0.3693,4.69357,21.0,22.0,21.0,20.0,22.0,22.0,24.0,22.0,21.0,24.0,25.0,21.0,21.0,24.0,22.0,22.0,24.0,25.0,23.0,21.0,22.0,21.0,21.0,22.0,21.0,22.0,21.0,22.0,21.0,21.0,21.0,22.0,22.0,23.0,20.0,22.0,23.0,21.0,10.0,post,2,2,2.7261
1787153694.0035,2026-08-19 17:34:54.003,10,c3,0,0,-0.03814,-0.49682,0.04972,-4.1208,10.2254,-25.1127,-0.0745,0.0132,-0.3705,4.69004,21.0,23.0,23.0,20.0,22.0,25.0,24.0,22.0,21.0,22.0,24.0,21.0,22.0,23.0,22.0,25.0,24.0,24.0,25.0,21.0,22.0,21.0,21.0,22.0,21.0,22.0,21.0,22.0,21.0,21.0,21.0,22.0,22.0,23.0,20.0,22.0,23.0,21.0,10.0,post,2,2,2.7575
1787153694.0536,2026-08-19 17:34:54.053,10,c3,0,0,-0.03815,-0.49681,0.04971,-4.1834,10.3568,-25.1204,-0.0794,0.0095,-0.3682,4.68879,21.0,23.0,23.0,20.0,22.0,25.0,24.0,22.0,21.0,22.0,24.0,21.0,22.0,23.0,22.0,25.0,24.0,24.0,25.0,21.0,22.0,21.0,21.0,22.0,21.0,22.0,21.0,22.0,21.0,21.0,21.0,22.0,22.0,23.0,20.0,22.0,23.0,21.0,10.0,post,2,2,2.7687
1787153694.1038,2026-08-19 17:34:54.103,10,c3,0,0,-0.03813,-0.49681,0.04972,-4.2467,10.001,-24.9517,-0.067,0.0094,-0.3651,4.69709,22.0,21.0,22.0,20.0,22.0,23.0,22.0,24.0,21.0,24.0,24.0,22.0,22.0,26.0,22.0,23.0,25.0,24.0,22.0,21.0,22.0,21.0,21.0,22.0,21.0,22.0,21.0,22.0,21.0,21.0,21.0,22.0,22.0,23.0,20.0,22.0,23.0,21.0,10.0,post,2,2,2.6948
1787153694.1539,2026-08-19 17:34:54.153,10,c3,0,0,-0.03814,-0.49681,0.04971,-4.2229,10.4374,-24.8758,-0.0801,0.0108,-0.3673,4.69785,23.0,22.0,23.0,20.0,22.0,25.0,23.0,23.0,20.0,23.0,24.0,23.0,22.0,23.0,23.0,23.0,23.0,24.0,22.0,21.0,22.0,21.0,21.0,22.0,21.0,22.0,21.0,22.0,21.0,21.0,21.0,22.0,22.0,23.0,20.0,22.0,23.0,21.0,10.0,post,2,2,2.6881
1787153694.2039,2026-08-19 17:34:54.203,10,c3,0,0,-0.03813,-0.49681,0.04971,-4.2453,9.9997,-25.1694,-0.0675,0.0097,-0.3664,4.68879,23.0,22.0,23.0,20.0,22.0,25.0,23.0,23.0,20.0,23.0,24.0,23.0,22.0,23.0,23.0,23.0,23.0,24.0,22.0,21.0,22.0,21.0,21.0,22.0,21.0,22.0,21.0,22.0,21.0,21.0,21.0,22.0,22.0,23.0,20.0,22.0,23.0,21.0,10.0,post,2,2,2.7687
1787153694.254,2026-08-19 17:34:54.254,10,c3,0,0,-0.03813,-0.49681,0.04971,-3.9594,9.7757,-25.0601,-0.0617,0.0177,-0.3659,4.69659,20.0,22.0,22.0,20.0,22.0,24.0,22.0,21.0,21.0,23.0,26.0,20.0,22.0,24.0,22.0,21.0,24.0,25.0,21.0,21.0,22.0,21.0,21.0,22.0,21.0,22.0,21.0,22.0,21.0,21.0,21.0,22.0,22.0,23.0,20.0,22.0,23.0,21.0,10.0,post,2,2,2.6993
1787153694.3042,2026-08-19 17:34:54.304,10,c3,0,0,-0.03815,-0.4968,0.0497,-4.1111,10.058,-25.0081,-0.068,0.0131,-0.3609,4.69055,20.0,22.0,22.0,20.0,22.0,24.0,22.0,21.0,21.0,23.0,26.0,20.0,22.0,24.0,22.0,21.0,24.0,25.0,21.0,21.0,22.0,21.0,21.0,22.0,21.0,22.0,21.0,22.0,21.0,21.0,21.0,22.0,22.0,23.0,20.0,22.0,23.0,21.0,10.0,post,2,2,2.753
1787153694.3542,2026-08-19 17:34:54.354,10,c3,0,0,-0.03814,-0.49681,0.04971,-4.2055,10.3054,-24.8676,-0.0762,0.0104,-0.3635,4.69256,20.0,21.0,23.0,20.0,21.0,24.0,24.0,22.0,22.0,21.0,25.0,22.0,25.0,23.0,22.0,23.0,22.0,21.0,21.0,21.0,22.0,21.0,21.0,22.0,21.0,22.0,21.0,22.0,21.0,21.0,21.0,22.0,22.0,23.0,20.0,22.0,23.0,21.0,10.0,post,2,2,2.7351
1787153694.4044,2026-08-19 17:34:54.404,10,c3,0,0,-0.03814,-0.4968,0.04971,-4.1723,10.1162,-24.8214,-0.0741,0.0131,-0.3716,4.69055,21.0,23.0,21.0,20.0,23.0,22.0,23.0,21.0,21.0,22.0,26.0,20.0,23.0,25.0,23.0,23.0,24.0,24.0,21.0,21.0,22.0,21.0,21.0,22.0,21.0,22.0,21.0,22.0,21.0,21.0,21.0,22.0,22.0,23.0,20.0,22.0,23.0,21.0,10.0,post,2,2,2.753
1787153694.4545,2026-08-19 17:34:54.454,10,c3,0,0,-0.03812,-0.49682,0.04971,-4.2053,9.8557,-24.9786,-0.0638,0.0134,-0.3705,4.6976,21.0,23.0,21.0,20.0,23.0,22.0,23.0,21.0,21.0,22.0,26.0,20.0,23.0,25.0,23.0,23.0,24.0,24.0,21.0,21.0,22.0,21.0,21.0,22.0,21.0,22.0,21.0,22.0,21.0,21.0,21.0,22.0,22.0,23.0,20.0,22.0,23.0,21.0,10.0,post,2,2,2.6903
1787153694.5046,2026-08-19 17:34:54.504,10,c3,0,0,-0.03812,-0.49681,0.04972,-4.1961,10.4015,-24.8932,-0.0783,0.0115,-0.3723,4.69231,22.0,22.0,21.0,19.0,23.0,24.0,24.0,20.0,22.0,23.0,24.0,21.0,24.0,24.0,23.0,21.0,23.0,23.0,22.0,21.0,22.0,21.0,21.0,22.0,21.0,22.0,21.0,22.0,21.0,21.0,21.0,22.0,22.0,23.0,20.0,22.0,23.0,21.0,10.0,post,2,2,2.7373
1787153694.5548,2026-08-19 17:34:54.554,10,c3,0,0,-0.03813,-0.49681,0.04972,-4.2067,10.0258,-24.961,-0.0695,0.0126,-0.3706,4.68325,22.0,22.0,21.0,19.0,23.0,24.0,24.0,20.0,22.0,23.0,24.0,21.0,24.0,24.0,23.0,21.0,23.0,23.0,22.0,21.0,22.0,21.0,21.0,22.0,21.0,22.0,21.0,22.0,21.0,21.0,21.0,22.0,22.0,23.0,20.0,22.0,23.0,21.0,10.0,post,2,2,2.818
1787153694.6049,2026-08-19 17:34:54.604,10,c3,0,0,-0.03815,-0.49681,0.04972,-4.1394,9.7299,-25.09,-0.0619,0.0113,-0.3698,4.69735,21.0,22.0,21.0,19.0,22.0,23.0,23.0,23.0,21.0,23.0,24.0,23.0,22.0,23.0,23.0,24.0,24.0,24.0,22.0,21.0,22.0,21.0,21.0,22.0,21.0,22.0,21.0,22.0,21.0,21.0,21.0,22.0,22.0,23.0,20.0,22.0,23.0,21.0,10.0,post,2,2,2.6925
1787153694.655,2026-08-19 17:34:54.655,10,c3,0,0,-0.03815,-0.49681,0.04971,-4.286,10.5986,-24.9976,-0.0839,0.0081,-0.3675,4.68828,22.0,24.0,21.0,22.0,22.0,23.0,23.0,26.0,21.0,23.0,24.0,24.0,21.0,24.0,24.0,24.0,23.0,24.0,24.0,21.0,22.0,21.0,21.0,22.0,21.0,22.0,21.0,22.0,21.0,21.0,21.0,22.0,22.0,23.0,20.0,22.0,23.0,21.0,10.0,post,2,2,2.7732
1787153694.7052,2026-08-19 17:34:54.705,10,c3,0,0,-0.03814,-0.4968,0.04971,-4.071,10.162,-25.12,-0.0731,0.0147,-0.3722,4.68652,22.0,24.0,21.0,22.0,22.0,23.0,23.0,26.0,21.0,23.0,24.0,24.0,21.0,24.0,24.0,24.0,23.0,24.0,24.0,21.0,22.0,21.0,21.0,22.0,21.0,22.0,21.0,22.0,21.0,21.0,21.0,22.0,22.0,23.0,20.0,22.0,23.0,21.0,10.0,post,2,2,2.7889
1787153694.7554,2026-08-19 17:34:54.755,10,c3,0,0,-0.03814,-0.49681,0.04971,-4.2637,10.3654,-25.1541,-0.0776,0.0129,-0.3746,4.68224,23.0,21.0,22.0,23.0,22.0,24.0,24.0,22.0,22.0,24.0,27.0,23.0,24.0,25.0,25.0,22.0,25.0,23.0,23.0,21.0,22.0,21.0,21.0,22.0,21.0,22.0,21.0,22.0,21.0,21.0,21.0,22.0,22.0,23.0,20.0,22.0,23.0,21.0,10.0,post,2,2,2.8269
1787153694.8056,2026-08-19 17:34:54.805,10,c3,0,0,-0.03814,-0.49682,0.04972,-4.2273,10.1179,-24.9361,-0.0719,0.01,-0.375,4.69735,23.0,21.0,22.0,23.0,22.0,24.0,24.0,22.0,22.0,24.0,27.0,23.0,24.0,25.0,25.0,22.0,25.0,23.0,23.0,21.0,22.0,21.0,21.0,22.0,21.0,22.0,21.0,22.0,21.0,21.0,21.0,22.0,22.0,23.0,20.0,22.0,23.0,21.0,10.0,post,2,2,2.6925
1787153694.8558,2026-08-19 17:34:54.855,10,c3,0,0,-0.03811,-0.49681,0.04971,-4.1143,10.0127,-24.9402,-0.0663,0.0147,-0.3739,4.68828,21.0,22.0,22.0,22.0,22.0,24.0,25.0,24.0,22.0,23.0,27.0,21.0,24.0,23.0,23.0,22.0,23.0,23.0,22.0,21.0,22.0,21.0,21.0,22.0,21.0,22.0,21.0,22.0,21.0,21.0,21.0,22.0,22.0,23.0,20.0,22.0,23.0,21.0,10.0,post,2,2,2.7732
1787153694.9059,2026-08-19 17:34:54.905,10,c3,0,0,-0.03814,-0.49682,0.04973,-4.2216,10.0148,-24.9961,-0.0684,0.0089,-0.3752,4.69231,21.0,22.0,22.0,22.0,22.0,24.0,25.0,24.0,22.0,23.0,27.0,21.0,24.0,23.0,23.0,22.0,23.0,23.0,22.0,21.0,22.0,21.0,21.0,22.0,21.0,22.0,21.0,22.0,21.0,21.0,21.0,22.0,22.0,23.0,20.0,22.0,23.0,21.0,10.0,post,2,2,2.7373
1787153694.9559,2026-08-19 17:34:54.955,10,c3,0,0,-0.03813,-0.49681,0.0497,-4.3039,10.1495,-24.9445,-0.0689,0.0101,-0.3734,4.68702,22.0,22.0,21.0,21.0,23.0,24.0,26.0,22.0,21.0,23.0,27.0,22.0,23.0,24.0,25.0,23.0,26.0,23.0,20.0,21.0,22.0,21.0,21.0,22.0,21.0,22.0,21.0,22.0,21.0,21.0,21.0,22.0,22.0,23.0,20.0,22.0,23.0,21.0,10.0,post,2,2,2.7844
1787153695.0061,2026-08-19 17:34:55.006,10,c3,0,0,-0.03814,-0.49682,0.04972,-4.2839,10.2676,-25.0298,-0.0735,0.0083,-0.3689,4.69634,22.0,22.0,23.0,20.0,22.0,23.0,25.0,23.0,21.0,24.0,26.0,22.0,23.0,23.0,24.0,22.0,23.0,23.0,22.0,21.0,22.0,21.0,21.0,22.0,21.0,22.0,21.0,22.0,21.0,21.0,21.0,22.0,22.0,23.0,20.0,22.0,23.0,21.0,10.0,post,2,2,2.7015
1787153695.0561,2026-08-19 17:34:55.056,10,c3,0,0,-0.03812,-0.49681,0.04971,-3.6848,10.1641,-25.038,-0.0746,0.025,-0.3586,4.68803,22.0,22.0,23.0,20.0,22.0,23.0,25.0,23.0,21.0,24.0,26.0,22.0,23.0,23.0,24.0,22.0,23.0,23.0,22.0,21.0,22.0,21.0,21.0,22.0,21.0,22.0,21.0,22.0,21.0,21.0,21.0,22.0,22.0,23.0,20.0,22.0,23.0,21.0,10.0,post,2,2,2.7754
1787153695.1062,2026-08-19 17:34:55.106,10,c3,0,0,-0.03813,-0.49681,0.04972,-4.1315,10.4774,-25.0627,-0.0804,0.0161,-0.3658,4.68602,24.0,21.0,23.0,22.0,21.0,24.0,25.0,22.0,20.0,23.0,23.0,23.0,20.0,24.0,23.0,23.0,24.0,23.0,22.0,21.0,22.0,21.0,21.0,22.0,21.0,22.0,21.0,22.0,21.0,21.0,21.0,22.0,22.0,23.0,20.0,22.0,23.0,21.0,10.0,post,2,2,2.7933
1787153695.1563,2026-08-19 17:34:55.156,10,c3,0,0,-0.03815,-0.4968,0.04971,-4.3316,10.3651,-25.1575,-0.0768,0.0066,-0.3736,4.69558,24.0,21.0,23.0,22.0,21.0,24.0,25.0,22.0,20.0,23.0,23.0,23.0,20.0,24.0,23.0,23.0,24.0,23.0,22.0,21.0,22.0,21.0,21.0,22.0,21.0,22.0,21.0,22.0,21.0,21.0,21.0,22.0,22.0,23.0,20.0,22.0,23.0,21.0,10.0,post,2,2,2.7082
1787153695.2065,2026-08-19 17:34:55.206,10,c3,0,0,-0.03815,-0.4968,0.04971,-4.0459,10.0117,-25.1255,-0.0709,0.0176,-0.3591,4.69785,22.0,19.0,23.0,22.0,21.0,23.0,24.0,23.0,22.0,24.0,25.0,22.0,22.0,24.0,23.0,23.0,24.0,24.0,23.0,21.0,22.0,21.0,21.0,22.0,21.0,22.0,21.0,22.0,21.0,21.0,21.0,22.0,22.0,23.0,20.0,22.0,23.0,21.0,10.0,post,2,2,2.6881
1787153695.2566,2026-08-19 17:34:55.256,10,c3,0,0,-0.03816,-0.49681,0.04972,-4.3212,10.3214,-24.9292,-0.0741,0.0091,-0.3698,4.69105,21.0,21.0,22.0,20.0,22.0,25.0,24.0,21.0,21.0,23.0,25.0,20.0,23.0,25.0,24.0,21.0,25.0,23.0,21.0,21.0,22.0,21.0,21.0,22.0,21.0,22.0,21.0,22.0,21.0,21.0,21.0,22.0,22.0,23.0,20.0,22.0,23.0,21.0,10.0,post,2,2,2.7485
1787153695.3067,2026-08-19 17:34:55.306,10,c3,0,0,-0.03812,-0.4968,0.0497,-4.1784,10.3965,-25.1127,-0.0784,0.0117,-0.3671,4.69634,21.0,21.0,22.0,20.0,22.0,25.0,24.0,21.0,21.0,23.0,25.0,20.0,23.0,25.0,24.0,21.0,25.0,23.0,21.0,21.0,22.0,21.0,21.0,22.0,21.0,22.0,21.0,22.0,21.0,21.0,21.0,22.0,22.0,23.0,20.0,22.0,23.0,21.0,10.0,post,2,2,2.7015
1787153695.3568,2026-08-19 17:34:55.356,10,c3,0,0,-0.03815,-0.49681,0.0497,-3.822,9.9485,-25.0874,-0.0644,0.0211,-0.3698,4.68879,19.0,21.0,22.0,18.0,22.0,23.0,26.0,23.0,20.0,22.0,25.0,24.0,22.0,24.0,23.0,23.0,23.0,22.0,23.0,21.0,22.0,21.0,21.0,22.0,21.0,22.0,21.0,22.0,21.0,21.0,21.0,22.0,22.0,23.0,20.0,22.0,23.0,21.0,10.0,post,2,2,2.7687
1787153695.4069,2026-08-19 17:34:55.406,10,c3,0,0,-0.03815,-0.49681,0.04972,-4.0547,10.0982,-24.9892,-0.072,0.0153,-0.3671,4.68778,19.0,21.0,22.0,18.0,22.0,23.0,26.0,23.0,20.0,22.0,25.0,24.0,22.0,24.0,23.0,23.0,23.0,22.0,23.0,21.0,22.0,21.0,21.0,22.0,21.0,22.0,21.0,22.0,21.0,21.0,21.0,22.0,22.0,23.0,20.0,22.0,23.0,21.0,10.0,post,2,2,2.7777
1787153695.457,2026-08-19 17:34:55.457,10,c3,0,0,-0.03813,-0.49681,0.0497,-4.0293,9.787,-25.189,-0.0635,0.0175,-0.3706,4.6835,22.0,20.0,23.0,22.0,22.0,25.0,24.0,21.0,22.0,23.0,26.0,20.0,23.0,23.0,23.0,22.0,23.0,23.0,21.0,21.0,22.0,21.0,21.0,22.0,21.0,22.0,21.0,22.0,21.0,21.0,21.0,22.0,22.0,23.0,20.0,22.0,23.0,21.0,10.0,post,2,2,2.8157
1787153695.5071,2026-08-19 17:34:55.507,10,c3,0,0,-0.03812,-0.49681,0.04971,-3.931,9.6654,-25.2281,-0.063,0.0198,-0.3627,4.69382,21.0,21.0,22.0,20.0,22.0,23.0,24.0,25.0,21.0,23.0,26.0,24.0,21.0,24.0,23.0,24.0,22.0,24.0,22.0,21.0,22.0,21.0,21.0,22.0,21.0,22.0,21.0,22.0,21.0,21.0,21.0,22.0,22.0,23.0,20.0,22.0,23.0,21.0,10.0,post,2,2,2.7239
1787153695.5572,2026-08-19 17:34:55.557,10,c3,0,0,-0.03816,-0.4968,0.04972,-3.9145,10.1248,-25.1336,-0.0707,0.0177,-0.3662,4.68274,21.0,21.0,22.0,20.0,22.0,23.0,24.0,25.0,21.0,23.0,26.0,24.0,21.0,24.0,23.0,24.0,22.0,24.0,22.0,21.0,22.0,21.0,21.0,22.0,21.0,22.0,21.0,22.0,21.0,21.0,21.0,22.0,22.0,23.0,20.0,22.0,23.0,21.0,10.0,post,2,2,2.8225
1787153695.6074,2026-08-19 17:34:55.607,10,c3,0,0,-0.03814,-0.49681,0.04971,-3.9901,9.9165,-25.0969,-0.0681,0.0168,-0.3639,4.6976,20.0,22.0,22.0,21.0,22.0,24.0,24.0,22.0,21.0,22.0,23.0,21.0,23.0,23.0,23.0,21.0,23.0,24.0,22.0,21.0,22.0,21.0,21.0,22.0,21.0,22.0,21.0,22.0,21.0,21.0,21.0,22.0,22.0,23.0,20.0,22.0,23.0,21.0,10.0,post,2,2,2.6903
1787153695.6575,2026-08-19 17:34:55.657,10,c3,0,0,-0.03814,-0.4968,0.04971,-4.366,10.1803,-24.9065,-0.0751,0.0065,-0.3739,4.6908,20.0,22.0,22.0,21.0,22.0,24.0,24.0,22.0,21.0,22.0,23.0,21.0,23.0,23.0,23.0,21.0,23.0,24.0,22.0,21.0,22.0,21.0,21.0,22.0,21.0,22.0,21.0,22.0,21.0,21.0,21.0,22.0,22.0,23.0,20.0,22.0,23.0,21.0,10.0,post,2,2,2.7508
1787153695.7076,2026-08-19 17:34:55.707,10,c3,0,0,-0.03813,-0.4968,0.0497,-4.0646,10.0995,-25.0746,-0.073,0.0141,-0.3641,4.69231,21.0,22.0,21.0,20.0,22.0,24.0,23.0,21.0,21.0,22.0,26.0,21.0,23.0,22.0,23.0,21.0,23.0,24.0,22.0,21.0,22.0,21.0,21.0,22.0,21.0,22.0,21.0,22.0,21.0,21.0,21.0,22.0,22.0,23.0,20.0,22.0,23.0,21.0,10.0,post,2,2,2.7373
1787153695.7578,2026-08-19 17:34:55.757,10,c3,0,0,-0.03813,-0.49681,0.04972,-3.846,10.355,-25.1072,-0.077,0.018,-0.3607,4.6908,21.0,22.0,22.0,21.0,23.0,23.0,24.0,22.0,22.0,24.0,24.0,20.0,24.0,25.0,21.0,22.0,24.0,23.0,24.0,21.0,22.0,21.0,21.0,22.0,21.0,22.0,21.0,22.0,21.0,21.0,21.0,22.0,22.0,23.0,20.0,22.0,23.0,21.0,10.0,post,2,2,2.7508
1787153695.8079,2026-08-19 17:34:55.807,10,c3,0,0,-0.03814,-0.4968,0.0497,-4.2771,10.4278,-25.107,-0.0764,0.0071,-0.3684,4.68778,21.0,22.0,22.0,21.0,23.0,23.0,24.0,22.0,22.0,24.0,24.0,20.0,24.0,25.0,21.0,22.0,24.0,23.0,24.0,21.0,22.0,21.0,21.0,22.0,21.0,22.0,21.0,22.0,21.0,21.0,21.0,22.0,22.0,23.0,20.0,22.0,23.0,21.0,10.0,post,2,2,2.7777
1787153695.858,2026-08-19 17:34:55.857,10,c3,0,0,-0.03813,-0.49681,0.0497,-4.0625,10.141,-25.0988,-0.0713,0.0156,-0.3709,4.68954,20.0,23.0,22.0,20.0,23.0,24.0,23.0,23.0,22.0,24.0,24.0,21.0,23.0,24.0,23.0,22.0,24.0,22.0,20.0,21.0,22.0,21.0,21.0,22.0,21.0,22.0,21.0,22.0,21.0,21.0,21.0,22.0,22.0,23.0,20.0,22.0,23.0,21.0,10.0,post,2,2,2.762
1787153695.908,2026-08-19 17:34:55.908,10,c3,0,0,-0.03814,-0.49681,0.04971,-4.1278,10.3355,-25.0446,-0.0759,0.0129,-0.3657,4.68677,20.0,23.0,22.0,20.0,23.0,24.0,23.0,23.0,22.0,24.0,24.0,21.0,23.0,24.0,23.0,22.0,24.0,22.0,20.0,21.0,22.0,21.0,21.0,22.0,21.0,22.0,21.0,22.0,21.0,21.0,21.0,22.0,22.0,23.0,20.0,22.0,23.0,21.0,10.0,locate,3,3,2.7866
1787153695.9582,2026-08-19 17:34:55.958,10,c3,0,0,-0.03812,-0.49682,0.04972,-3.8734,9.9676,-25.2967,-0.0693,0.0186,-0.3691,4.69609,20.0,22.0,21.0,18.0,23.0,24.0,24.0,22.0,21.0,25.0,26.0,21.0,23.0,24.0,23.0,21.0,25.0,23.0,22.0,21.0,22.0,21.0,21.0,22.0,21.0,22.0,21.0,22.0,21.0,21.0,21.0,22.0,22.0,23.0,20.0,22.0,23.0,21.0,10.0,locate,3,3,2.7037
1787153696.0083,2026-08-19 17:34:56.008,10,c3,0,0,-0.03813,-0.49679,0.0497,-4.2731,10.4306,-24.8711,-0.0808,0.0093,-0.365,4.68702,20.0,22.0,21.0,18.0,23.0,24.0,24.0,22.0,21.0,25.0,26.0,21.0,23.0,24.0,23.0,21.0,25.0,23.0,22.0,21.0,22.0,21.0,21.0,22.0,21.0,22.0,21.0,22.0,21.0,21.0,21.0,22.0,22.0,23.0,20.0,22.0,23.0,21.0,10.0,locate,3,3,2.7844
1787153696.0585,2026-08-19 17:34:56.058,10,c3,0,0,-0.03813,-0.4968,0.0497,-4.4412,10.3998,-24.9255,-0.0792,0.005,-0.3742,4.69357,20.0,21.0,23.0,20.0,22.0,24.0,24.0,21.0,23.0,23.0,26.0,20.0,24.0,24.0,21.0,21.0,25.0,24.0,23.0,21.0,22.0,21.0,21.0,22.0,21.0,22.0,21.0,22.0,21.0,21.0,21.0,22.0,22.0,23.0,20.0,22.0,23.0,21.0,10.0,locate,3,3,2.7261
1787153696.1087,2026-08-19 17:34:56.108,10,c3,0,0,-0.03813,-0.49681,0.04971,-4.0117,10.3157,-25.0792,-0.0775,0.0136,-0.3635,4.68929,21.0,23.0,22.0,20.0,23.0,23.0,23.0,24.0,19.0,23.0,24.0,22.0,21.0,24.0,24.0,24.0,22.0,24.0,22.0,21.0,22.0,21.0,21.0,22.0,21.0,22.0,21.0,22.0,21.0,21.0,21.0,22.0,22.0,23.0,20.0,22.0,23.0,21.0,10.0,locate,3,3,2.7642
1787153696.1588,2026-08-19 17:34:56.158,10,c3,0,0,-0.03812,-0.49681,0.04971,-4.1496,10.3884,-25.0062,-0.0775,0.0104,-0.3683,4.6986,21.0,23.0,22.0,20.0,23.0,23.0,23.0,24.0,19.0,23.0,24.0,22.0,21.0,24.0,24.0,24.0,22.0,24.0,22.0,21.0,22.0,21.0,21.0,22.0,21.0,22.0,21.0,22.0,21.0,21.0,21.0,22.0,22.0,23.0,20.0,22.0,23.0,21.0,10.0,locate,3,3,2.6813
1787153696.2088,2026-08-19 17:34:56.208,10,c3,0,0,-0.03813,-0.49681,0.0497,-3.951,9.9922,-25.276,-0.0692,0.0173,-0.3625,4.69281,23.0,20.0,24.0,20.0,21.0,24.0,24.0,22.0,21.0,23.0,25.0,21.0,23.0,25.0,24.0,23.0,24.0,23.0,23.0,21.0,22.0,21.0,21.0,22.0,21.0,22.0,21.0,22.0,21.0,21.0,21.0,22.0,22.0,23.0,20.0,22.0,23.0,21.0,10.0,locate,3,3,2.7329
1787153696.259,2026-08-19 17:34:56.259,10,c3,0,0,-0.03813,-0.49681,0.04971,-4.1012,9.8943,-25.1051,-0.0676,0.0134,-0.3655,4.6835,23.0,20.0,24.0,20.0,21.0,24.0,24.0,22.0,21.0,23.0,25.0,21.0,23.0,25.0,24.0,23.0,24.0,23.0,23.0,21.0,22.0,21.0,21.0,22.0,21.0,22.0,21.0,22.0,21.0,21.0,21.0,22.0,22.0,23.0,20.0,22.0,23.0,21.0,10.0,locate,3,3,2.8157
1787153696.3091,2026-08-19 17:34:56.309,10,c3,0,0,-0.03813,-0.4968,0.04971,-4.2406,10.104,-25.256,-0.0739,0.0122,-0.3714,4.69609,22.0,22.0,21.0,21.0,22.0,22.0,25.0,23.0,22.0,21.0,23.0,23.0,23.0,22.0,23.0,23.0,23.0,25.0,24.0,21.0,22.0,21.0,21.0,22.0,21.0,22.0,21.0,22.0,21.0,21.0,21.0,22.0,22.0,23.0,20.0,22.0,23.0,21.0,10.0,locate,3,3,2.7037
1787153696.3593,2026-08-19 17:34:56.359,10,c3,0,0,-0.03815,-0.49681,0.04972,-4.0908,10.5118,-25.0167,-0.0827,0.0134,-0.3628,4.69583,22.0,22.0,22.0,20.0,24.0,23.0,25.0,22.0,21.0,24.0,26.0,21.0,22.0,25.0,24.0,24.0,26.0,24.0,23.0,21.0,22.0,21.0,21.0,22.0,21.0,22.0,21.0,22.0,21.0,21.0,21.0,22.0,22.0,23.0,20.0,22.0,23.0,21.0,10.0,locate,3,3,2.706
1787153696.4094,2026-08-19 17:34:56.409,10,c3,0,0,-0.03815,-0.49681,0.04971,-4.2236,10.1058,-25.0405,-0.0703,0.0088,-0.3672,4.69634,22.0,22.0,22.0,20.0,24.0,23.0,25.0,22.0,21.0,24.0,26.0,21.0,22.0,25.0,24.0,24.0,26.0,24.0,23.0,21.0,22.0,21.0,21.0,22.0,21.0,22.0,21.0,22.0,21.0,21.0,21.0,22.0,22.0,23.0,20.0,22.0,23.0,21.0,10.0,locate,3,3,2.7015
1787153696.4595,2026-08-19 17:34:56.459,10,c3,0,0,-0.03814,-0.49681,0.04971,-4.1709,10.1573,-25.0295,-0.0709,0.014,-0.3623,4.69382,21.0,20.0,23.0,21.0,21.0,24.0,24.0,22.0,22.0,24.0,24.0,20.0,23.0,25.0,23.0,21.0,25.0,22.0,21.0,21.0,22.0,21.0,21.0,22.0,21.0,22.0,21.0,22.0,21.0,21.0,21.0,22.0,22.0,23.0,20.0,22.0,23.0,21.0,10.0,locate,3,3,2.7239
1787153696.5097,2026-08-19 17:34:56.509,10,c3,0,0,-0.03814,-0.4968,0.04971,-4.0155,10.2913,-25.0445,-0.0744,0.0135,-0.364,4.68853,21.0,20.0,23.0,21.0,21.0,24.0,24.0,22.0,22.0,24.0,24.0,20.0,23.0,25.0,23.0,21.0,25.0,22.0,21.0,21.0,22.0,21.0,21.0,22.0,21.0,22.0,21.0,22.0,21.0,21.0,21.0,22.0,22.0,23.0,20.0,22.0,23.0,21.0,10.0,locate,3,3,2.7709
1787153696.5598,2026-08-19 17:34:56.559,10,c3,0,0,-0.03814,-0.49681,0.04971,-4.0139,10.2339,-25.0075,-0.0706,0.0132,-0.3633,4.68879,21.0,23.0,22.0,20.0,24.0,24.0,23.0,23.0,19.0,23.0,25.0,24.0,21.0,25.0,22.0,23.0,23.0,23.0,22.0,21.0,22.0,21.0,21.0,22.0,21.0,22.0,21.0,22.0,21.0,21.0,21.0,22.0,22.0,23.0,20.0,22.0,23.0,21.0,10.0,locate,3,3,2.7687
1787153696.6099,2026-08-19 17:34:56.609,10,c3,0,0,-0.03814,-0.4968,0.04971,-3.8557,10.0645,-25.3122,-0.0711,0.0211,-0.3651,4.68526,22.0,20.0,22.0,20.0,21.0,23.0,23.0,21.0,22.0,24.0,22.0,21.0,23.0,26.0,22.0,22.0,23.0,21.0,22.0,21.0,22.0,21.0,21.0,22.0,21.0,22.0,21.0,22.0,21.0,21.0,21.0,22.0,22.0,23.0,20.0,22.0,23.0,21.0,10.0,locate,3,3,2.8001
1787153696.66,2026-08-19 17:34:56.660,10,c3,0,0,-0.03812,-0.49681,0.04972,-3.9,10.1273,-25.2333,-0.0712,0.0206,-0.3663,4.69483,22.0,20.0,22.0,20.0,21.0,23.0,23.0,21.0,22.0,24.0,22.0,21.0,23.0,26.0,22.0,22.0,23.0,21.0,22.0,21.0,22.0,21.0,21.0,22.0,21.0,22.0,21.0,22.0,21.0,21.0,21.0,22.0,22.0,23.0,20.0,22.0,23.0,21.0,10.0,locate,3,3,2.7149
1787153696.7101,2026-08-19 17:34:56.710,10,c3,0,0,-0.03813,-0.49681,0.04971,-4.1831,10.2981,-24.9393,-0.0751,0.0097,-0.3671,4.69206,20.0,22.0,24.0,22.0,23.0,24.0,22.0,21.0,21.0,24.0,25.0,21.0,23.0,25.0,23.0,22.0,25.0,23.0,22.0,21.0,22.0,21.0,21.0,22.0,21.0,22.0,21.0,22.0,21.0,21.0,21.0,22.0,22.0,23.0,20.0,22.0,23.0,21.0,10.0,locate,3,3,2.7396
1787153696.7602,2026-08-19 17:34:56.760,10,c3,0,0,-0.03812,-0.49682,0.04971,-3.8869,9.9064,-25.0143,-0.0659,0.018,-0.3669,4.68677,20.0,22.0,24.0,22.0,23.0,24.0,22.0,21.0,21.0,24.0,25.0,21.0,23.0,25.0,23.0,22.0,25.0,23.0,22.0,21.0,22.0,21.0,21.0,22.0,21.0,22.0,21.0,22.0,21.0,21.0,21.0,22.0,22.0,23.0,20.0,22.0,23.0,21.0,10.0,locate,3,3,2.7866
1787153696.8104,2026-08-19 17:34:56.810,10,c3,0,0,-0.03813,-0.49681,0.04971,-4.0452,10.2817,-25.0246,-0.0797,0.0156,-0.3667,4.68299,21.0,21.0,22.0,21.0,21.0,24.0,24.0,23.0,20.0,22.0,26.0,22.0,22.0,23.0,24.0,25.0,22.0,24.0,22.0,21.0,22.0,21.0,21.0,22.0,21.0,22.0,21.0,22.0,21.0,21.0,21.0,22.0,22.0,23.0,20.0,22.0,23.0,21.0,10.0,locate,3,3,2.8202
1787153696.8605,2026-08-19 17:34:56.860,10,c3,0,0,-0.03813,-0.49681,0.0497,-3.9223,10.3806,-25.0227,-0.0796,0.0168,-0.3602,4.69508,22.0,19.0,22.0,20.0,21.0,24.0,23.0,23.0,21.0,23.0,24.0,21.0,22.0,24.0,23.0,22.0,23.0,23.0,21.0,21.0,22.0,21.0,21.0,22.0,21.0,22.0,21.0,22.0,21.0,21.0,21.0,22.0,22.0,23.0,20.0,22.0,23.0,21.0,10.0,locate,3,3,2.7127
1787153696.9107,2026-08-19 17:34:56.910,10,c3,0,0,-0.03814,-0.49681,0.04971,-4.1773,10.4009,-25.0337,-0.0777,0.0122,-0.3627,4.68526,22.0,19.0,22.0,20.0,21.0,24.0,23.0,23.0,21.0,23.0,24.0,21.0,22.0,24.0,23.0,22.0,23.0,23.0,21.0,21.0,22.0,21.0,21.0,22.0,21.0,22.0,21.0,22.0,21.0,21.0,21.0,22.0,22.0,23.0,20.0,22.0,23.0,21.0,10.0,locate,3,3,2.8001
1787153696.9608,2026-08-19 17:34:56.960,10,c3,0,0,-0.03815,-0.4968,0.0497,-4.0796,10.3985,-25.0828,-0.0779,0.0123,-0.3666,4.6913,22.0,21.0,24.0,21.0,22.0,24.0,25.0,23.0,21.0,22.0,27.0,22.0,22.0,24.0,22.0,22.0,24.0,23.0,23.0,21.0,22.0,21.0,21.0,22.0,21.0,22.0,21.0,22.0,21.0,21.0,21.0,22.0,22.0,23.0,20.0,22.0,23.0,21.0,10.0,locate,3,3,2.7463
1787153697.0109,2026-08-19 17:34:57.010,10,c3,0,0,-0.03815,-0.49682,0.04971,-4.3438,10.4497,-25.0508,-0.0798,0.0067,-0.3683,4.68727,22.0,21.0,24.0,21.0,22.0,24.0,25.0,23.0,21.0,22.0,27.0,22.0,22.0,24.0,22.0,22.0,24.0,23.0,23.0,21.0,22.0,21.0,21.0,22.0,21.0,22.0,21.0,22.0,21.0,21.0,21.0,22.0,22.0,23.0,20.0,22.0,23.0,21.0,10.0,locate,3,3,2.7821
1787153697.0609,2026-08-19 17:34:57.060,10,c3,0,0,-0.03813,-0.4968,0.04969,-4.1084,9.9724,-25.0659,-0.0709,0.0141,-0.3694,4.69382,22.0,21.0,22.0,22.0,22.0,23.0,25.0,21.0,22.0,25.0,24.0,21.0,21.0,25.0,22.0,23.0,25.0,22.0,22.0,21.0,22.0,21.0,21.0,22.0,21.0,22.0,21.0,22.0,21.0,21.0,21.0,22.0,22.0,23.0,20.0,22.0,23.0,21.0,10.0,locate,3,3,2.7239
1787153697.1111,2026-08-19 17:34:57.111,10,c3,0,0,-0.03812,-0.49681,0.04971,-4.1314,10.2919,-25.1037,-0.0765,0.0133,-0.3661,4.68929,22.0,21.0,22.0,22.0,22.0,23.0,25.0,21.0,22.0,25.0,24.0,21.0,21.0,25.0,22.0,23.0,25.0,22.0,22.0,21.0,22.0,21.0,21.0,22.0,21.0,22.0,21.0,22.0,21.0,21.0,21.0,22.0,22.0,23.0,20.0,22.0,23.0,21.0,10.0,locate,3,3,2.7642
1787153697.1612,2026-08-19 17:34:57.161,10,c3,0,0,-0.03811,-0.4968,0.04971,-4.2169,10.268,-25.214,-0.0726,0.0135,-0.3681,4.6976,21.0,21.0,24.0,21.0,22.0,24.0,22.0,22.0,22.0,24.0,26.0,22.0,24.0,24.0,23.0,23.0,25.0,23.0,23.0,21.0,22.0,21.0,21.0,22.0,21.0,22.0,21.0,22.0,21.0,21.0,21.0,22.0,22.0,23.0,20.0,22.0,23.0,21.0,10.0,locate,3,3,2.6903
1787153697.2114,2026-08-19 17:34:57.211,10,c3,0,0,-0.03815,-0.4968,0.0497,-4.5101,10.1142,-25.1689,-0.0684,0.0012,-0.3715,4.69181,21.0,22.0,22.0,20.0,22.0,24.0,23.0,22.0,22.0,24.0,25.0,21.0,23.0,24.0,22.0,23.0,24.0,22.0,23.0,21.0,22.0,21.0,21.0,22.0,21.0,22.0,21.0,22.0,21.0,21.0,21.0,22.0,22.0,23.0,20.0,22.0,23.0,21.0,10.0,locate,3,3,2.7418
1787153697.2615,2026-08-19 17:34:57.261,10,c3,0,0,-0.03815,-0.4968,0.0497,-4.3722,10.4039,-24.9668,-0.0789,0.0076,-0.3699,4.68979,21.0,22.0,22.0,20.0,22.0,24.0,23.0,22.0,22.0,24.0,25.0,21.0,23.0,24.0,22.0,23.0,24.0,22.0,23.0,21.0,22.0,21.0,21.0,22.0,21.0,22.0,21.0,22.0,21.0,21.0,21.0,22.0,22.0,23.0,20.0,22.0,23.0,21.0,10.0,locate,3,3,2.7597
1787153697.3116,2026-08-19 17:34:57.311,10,c3,0,0,-0.03814,-0.4968,0.0497,-4.1114,10.7724,-24.9513,-0.087,0.0138,-0.3684,4.69583,23.0,21.0,22.0,19.0,22.0,25.0,22.0,22.0,21.0,23.0,25.0,22.0,22.0,23.0,22.0,22.0,23.0,25.0,22.0,21.0,22.0,21.0,21.0,22.0,21.0,22.0,21.0,22.0,21.0,21.0,21.0,22.0,22.0,23.0,20.0,22.0,23.0,21.0,10.0,locate,3,3,2.706
1787153697.3617,2026-08-19 17:34:57.361,10,c3,0,0,-0.03813,-0.49681,0.04971,-3.9727,10.0234,-24.9023,-0.0718,0.0163,-0.3653,4.69533,23.0,21.0,22.0,19.0,22.0,25.0,22.0,22.0,21.0,23.0,25.0,22.0,22.0,23.0,22.0,22.0,23.0,25.0,22.0,21.0,22.0,21.0,21.0,22.0,21.0,22.0,21.0,22.0,21.0,21.0,21.0,22.0,22.0,23.0,20.0,22.0,23.0,21.0,10.0,locate,3,3,2.7105
1787153697.4119,2026-08-19 17:34:57.411,10,c3,0,0,-0.03815,-0.49681,0.04971,-4.1843,10.407,-25.0917,-0.078,0.011,-0.3652,4.69634,20.0,21.0,22.0,20.0,22.0,22.0,25.0,22.0,21.0,25.0,24.0,22.0,22.0,24.0,23.0,22.0,23.0,24.0,22.0,21.0,22.0,21.0,21.0,22.0,21.0,22.0,21.0,22.0,21.0,21.0,21.0,22.0,22.0,23.0,20.0,22.0,23.0,21.0,10.0,locate,3,3,2.7015
1787153697.462,2026-08-19 17:34:57.462,10,c3,0,0,-0.03813,-0.49681,0.04971,-4.2043,10.3704,-25.198,-0.0783,0.0105,-0.3711,4.68904,23.0,21.0,23.0,20.0,21.0,24.0,23.0,23.0,20.0,25.0,26.0,21.0,22.0,25.0,23.0,24.0,24.0,23.0,24.0,21.0,22.0,21.0,21.0,22.0,21.0,22.0,21.0,22.0,21.0,21.0,21.0,22.0,22.0,23.0,20.0,22.0,23.0,21.0,10.0,locate,3,3,2.7665
1787153697.5123,2026-08-19 17:34:57.512,10,c3,0,0,-0.03813,-0.4968,0.0497,-4.0988,10.4973,-25.1086,-0.0771,0.0146,-0.3641,4.6903,23.0,21.0,23.0,20.0,21.0,24.0,23.0,23.0,20.0,25.0,26.0,21.0,22.0,25.0,23.0,24.0,24.0,23.0,24.0,21.0,22.0,21.0,21.0,22.0,21.0,22.0,21.0,22.0,21.0,21.0,21.0,22.0,22.0,23.0,20.0,22.0,23.0,21.0,10.0,locate,3,3,2.7553
1787153697.5623,2026-08-19 17:34:57.562,10,c3,0,0,-0.03814,-0.49681,0.0497,-4.2913,10.0734,-25.0652,-0.0689,0.0078,-0.3629,4.6903,21.0,21.0,24.0,21.0,21.0,23.0,24.0,22.0,22.0,24.0,25.0,22.0,23.0,23.0,23.0,22.0,23.0,24.0,23.0,21.0,22.0,21.0,21.0,22.0,21.0,22.0,21.0,22.0,21.0,21.0,21.0,22.0,22.0,23.0,20.0,22.0,23.0,21.0,10.0,locate,3,3,2.7553
1787153697.6125,2026-08-19 17:34:57.612,10,c3,0,0,-0.03814,-0.4968,0.0497,-4.0101,10.2338,-24.8887,-0.0751,0.0135,-0.37,4.69458,21.0,21.0,24.0,21.0,21.0,23.0,24.0,22.0,22.0,24.0,25.0,22.0,23.0,23.0,23.0,22.0,23.0,24.0,23.0,21.0,22.0,21.0,21.0,22.0,21.0,22.0,21.0,22.0,21.0,21.0,21.0,22.0,22.0,23.0,20.0,22.0,23.0,21.0,10.0,locate,3,3,2.7172
1787153697.6626,2026-08-19 17:34:57.662,10,c3,0,0,-0.03814,-0.49681,0.04972,-4.12,9.9098,-25.0509,-0.066,0.0143,-0.3721,4.69004,22.0,24.0,22.0,22.0,23.0,23.0,24.0,22.0,22.0,25.0,25.0,22.0,21.0,24.0,24.0,22.0,24.0,22.0,21.0,21.0,22.0,21.0,21.0,22.0,21.0,22.0,21.0,22.0,21.0,21.0,21.0,22.0,22.0,23.0,20.0,22.0,23.0,21.0,10.0,locate,3,3,2.7575
1787153697.7128,2026-08-19 17:34:57.712,10,c3,0,0,-0.03814,-0.4968,0.04969,-3.7532,9.8322,-25.2195,-0.0652,0.0235,-0.3673,4.69281,21.0,21.0,23.0,21.0,22.0,24.0,23.0,23.0,23.0,24.0,24.0,22.0,23.0,24.0,22.0,22.0,23.0,23.0,22.0,21.0,22.0,21.0,21.0,22.0,21.0,22.0,21.0,22.0,21.0,21.0,21.0,22.0,22.0,23.0,20.0,22.0,23.0,21.0,10.0,locate,3,3,2.7329
1787153697.7629,2026-08-19 17:34:57.762,10,c3,0,0,-0.03814,-0.4968,0.0497,-4.0181,9.9631,-25.1003,-0.0703,0.0162,-0.3597,4.69735,21.0,21.0,23.0,21.0,22.0,24.0,23.0,23.0,23.0,24.0,24.0,22.0,23.0,24.0,22.0,22.0,23.0,23.0,22.0,21.0,22.0,21.0,21.0,22.0,21.0,22.0,21.0,22.0,21.0,21.0,21.0,22.0,22.0,23.0,20.0,22.0,23.0,21.0,10.0,locate,3,3,2.6925
1787153697.813,2026-08-19 17:34:57.813,10,c3,0,0,-0.03813,-0.4968,0.0497,-4.3015,10.0876,-25.0775,-0.0703,0.0094,-0.3678,4.69458,21.0,23.0,22.0,20.0,23.0,23.0,23.0,21.0,22.0,23.0,24.0,20.0,23.0,24.0,25.0,22.0,24.0,24.0,20.0,21.0,22.0,21.0,21.0,22.0,21.0,22.0,21.0,22.0,21.0,21.0,21.0,22.0,22.0,23.0,20.0,22.0,23.0,21.0,10.0,locate,3,3,2.7172
1787153697.8631,2026-08-19 17:34:57.863,10,c3,0,0,-0.03813,-0.4968,0.0497,-4.2141,10.2899,-25.1253,-0.0768,0.015,-0.3723,4.69155,21.0,23.0,22.0,20.0,23.0,23.0,23.0,21.0,22.0,23.0,24.0,20.0,23.0,24.0,25.0,22.0,24.0,24.0,20.0,21.0,22.0,21.0,21.0,22.0,21.0,22.0,21.0,22.0,21.0,21.0,21.0,22.0,22.0,23.0,20.0,22.0,23.0,21.0,10.0,locate,3,3,2.7441
1787153697.9133,2026-08-19 17:34:57.913,10,c3,1,0,-0.03815,-0.49681,0.04971,-3.8762,9.9437,-25.257,-0.067,0.0193,-0.3643,4.68753,21.0,21.0,24.0,21.0,23.0,23.0,24.0,25.0,21.0,22.0,26.0,23.0,23.0,23.0,23.0,22.0,22.0,23.0,22.0,21.0,22.0,21.0,21.0,22.0,21.0,22.0,21.0,22.0,21.0,21.0,21.0,22.0,22.0,23.0,20.0,22.0,23.0,21.0,10.0,press,3,3,2.7799
1787153697.9634,2026-08-19 17:34:57.963,10,c3,1,0,-0.03814,-0.49682,0.0497,-3.9167,10.6377,-25.1495,-0.0834,0.0187,-0.3623,4.68677,23.0,20.0,21.0,23.0,21.0,22.0,25.0,23.0,22.0,24.0,23.0,23.0,23.0,24.0,23.0,22.0,24.0,22.0,22.0,21.0,22.0,21.0,21.0,22.0,21.0,22.0,21.0,22.0,21.0,21.0,21.0,22.0,22.0,23.0,20.0,22.0,23.0,21.0,10.0,press,3,3,2.7866
1787153698.0135,2026-08-19 17:34:58.013,10,c3,1,0,-0.03815,-0.49682,0.04963,-4.0845,10.3723,-25.0137,-0.0804,0.0153,-0.3663,4.69583,23.0,20.0,21.0,23.0,21.0,22.0,25.0,23.0,22.0,24.0,23.0,23.0,23.0,24.0,23.0,22.0,24.0,22.0,22.0,21.0,22.0,21.0,21.0,22.0,21.0,22.0,21.0,22.0,21.0,21.0,21.0,22.0,22.0,23.0,20.0,22.0,23.0,21.0,10.0,press,3,3,2.706
1787153698.0637,2026-08-19 17:34:58.063,10,c3,1,0,-0.03815,-0.49683,0.04953,-4.0092,9.9418,-25.2208,-0.0682,0.0141,-0.3642,4.67746,21.0,20.0,23.0,21.0,22.0,24.0,25.0,23.0,22.0,24.0,23.0,23.0,24.0,25.0,22.0,22.0,24.0,24.0,22.0,21.0,22.0,21.0,21.0,22.0,21.0,22.0,21.0,22.0,21.0,21.0,21.0,22.0,22.0,23.0,20.0,22.0,23.0,21.0,10.0,press,3,3,2.8695
1787153698.1138,2026-08-19 17:34:58.113,10,c3,1,0,-0.03815,-0.49683,0.04937,-4.1378,10.1684,-25.0678,-0.0723,0.0112,-0.3673,4.68073,21.0,20.0,23.0,21.0,22.0,24.0,25.0,23.0,22.0,24.0,23.0,23.0,24.0,25.0,22.0,22.0,24.0,24.0,22.0,21.0,22.0,21.0,21.0,22.0,21.0,22.0,21.0,22.0,21.0,21.0,21.0,22.0,22.0,23.0,20.0,22.0,23.0,21.0,10.0,press,3,3,2.8404
1787153698.1639,2026-08-19 17:34:58.163,10,c3,1,0,-0.03814,-0.49683,0.04919,-4.2432,9.8532,-25.1511,-0.0638,0.0119,-0.3711,4.684,23.0,23.0,22.0,21.0,23.0,24.0,20.0,23.0,21.0,23.0,25.0,22.0,22.0,25.0,24.0,23.0,24.0,25.0,23.0,21.0,22.0,21.0,21.0,22.0,21.0,22.0,21.0,22.0,21.0,21.0,21.0,22.0,22.0,23.0,20.0,22.0,23.0,21.0,10.0,press,3,3,2.8113
1787153698.214,2026-08-19 17:34:58.214,10,c3,1,0,-0.03814,-0.49682,0.04895,-3.8974,10.1305,-25.2234,-0.0731,0.0183,-0.3637,4.69709,23.0,23.0,22.0,21.0,23.0,24.0,20.0,23.0,21.0,23.0,25.0,22.0,22.0,25.0,24.0,23.0,24.0,25.0,23.0,21.0,22.0,21.0,21.0,22.0,21.0,22.0,21.0,22.0,21.0,21.0,21.0,22.0,22.0,23.0,20.0,22.0,23.0,21.0,10.0,press,3,3,2.6948
1787153698.2641,2026-08-19 17:34:58.264,10,c3,1,0,-0.03812,-0.49684,0.04871,-3.5737,9.8051,-25.3905,-0.0631,0.0249,-0.3609,4.69206,21.0,21.0,23.0,21.0,22.0,24.0,24.0,23.0,22.0,24.0,25.0,22.0,22.0,25.0,22.0,23.0,24.0,23.0,21.0,21.0,22.0,21.0,21.0,22.0,21.0,22.0,21.0,22.0,21.0,21.0,21.0,22.0,22.0,23.0,20.0,22.0,23.0,21.0,10.0,press,3,3,2.7396
1787153698.3142,2026-08-19 17:34:58.314,10,c3,1,0,-0.03814,-0.49685,0.04848,-3.8535,10.1398,-25.2082,-0.075,0.0192,-0.3611,4.68753,21.0,21.0,23.0,21.0,23.0,24.0,25.0,22.0,21.0,23.0,24.0,21.0,24.0,24.0,23.0,22.0,23.0,23.0,23.0,21.0,22.0,21.0,21.0,22.0,21.0,22.0,21.0,22.0,21.0,21.0,21.0,22.0,22.0,23.0,20.0,22.0,23.0,21.0,10.0,press,3,3,2.7799
1787153698.3643,2026-08-19 17:34:58.364,10,c3,1,0,-0.03815,-0.49688,0.04821,-3.6945,10.457,-25.2418,-0.0818,0.0247,-0.3637,4.68778,21.0,21.0,23.0,21.0,23.0,24.0,25.0,22.0,21.0,23.0,24.0,21.0,24.0,24.0,23.0,22.0,23.0,23.0,23.0,21.0,22.0,21.0,21.0,22.0,21.0,22.0,21.0,22.0,21.0,21.0,21.0,22.0,22.0,23.0,20.0,22.0,23.0,21.0,10.0,press,3,3,2.7777
1787153698.4145,2026-08-19 17:34:58.414,10,c3,1,0,-0.03814,-0.4968,0.04783,-3.9199,10.2932,-25.4624,-0.0727,0.0173,-0.3546,4.69483,21.0,23.0,24.0,19.0,23.0,25.0,23.0,23.0,22.0,23.0,26.0,23.0,25.0,24.0,23.0,24.0,23.0,24.0,22.0,21.0,22.0,21.0,21.0,22.0,21.0,22.0,21.0,22.0,21.0,21.0,21.0,22.0,22.0,23.0,20.0,22.0,23.0,21.0,10.0,press,3,3,2.7149
1787153698.4646,2026-08-19 17:34:58.464,10,c3,1,0,-0.03816,-0.49682,0.04752,-3.6839,9.8778,-25.3855,-0.0685,0.0242,-0.3601,4.68299,21.0,23.0,24.0,19.0,23.0,25.0,23.0,23.0,22.0,23.0,26.0,23.0,25.0,24.0,23.0,24.0,23.0,24.0,22.0,21.0,22.0,21.0,21.0,22.0,21.0,22.0,21.0,22.0,21.0,21.0,21.0,22.0,22.0,23.0,20.0,22.0,23.0,21.0,10.0,press,3,3,2.8202
1787153698.5148,2026-08-19 17:34:58.514,10,c3,1,0,-0.03814,-0.49682,0.04716,-4.0017,9.6996,-25.2056,-0.0621,0.0158,-0.3568,4.68627,24.0,23.0,22.0,22.0,23.0,24.0,24.0,22.0,22.0,23.0,24.0,22.0,23.0,24.0,22.0,24.0,23.0,23.0,23.0,21.0,22.0,21.0,21.0,22.0,21.0,22.0,21.0,22.0,21.0,21.0,21.0,22.0,22.0,23.0,20.0,22.0,23.0,21.0,10.0,press,3,3,2.7911
1787153698.5649,2026-08-19 17:34:58.564,10,c3,1,0,-0.03814,-0.49685,0.04684,-3.8276,9.9055,-25.3576,-0.0662,0.0205,-0.3608,4.69508,23.0,23.0,22.0,20.0,23.0,23.0,23.0,23.0,23.0,23.0,28.0,23.0,25.0,23.0,25.0,22.0,23.0,25.0,23.0,21.0,22.0,21.0,21.0,22.0,21.0,22.0,21.0,22.0,21.0,21.0,21.0,22.0,22.0,23.0,20.0,22.0,23.0,21.0,10.0,press,3,3,2.7127
1787153698.615,2026-08-19 17:34:58.614,10,c3,1,0,-0.03815,-0.49684,0.04651,-4.3316,10.6893,-25.0427,-0.0851,0.008,-0.3727,4.69936,23.0,23.0,22.0,20.0,23.0,23.0,23.0,23.0,23.0,23.0,28.0,23.0,25.0,23.0,25.0,22.0,23.0,25.0,23.0,21.0,22.0,21.0,21.0,22.0,21.0,22.0,21.0,22.0,21.0,21.0,21.0,22.0,22.0,23.0,20.0,22.0,23.0,21.0,10.0,press,3,3,2.6746
1787153698.665,2026-08-19 17:34:58.665,10,c3,1,0,-0.03812,-0.49681,0.04615,-4.0251,10.3175,-25.1652,-0.0729,0.0126,-0.36,4.68778,23.0,23.0,22.0,21.0,24.0,24.0,25.0,22.0,21.0,26.0,28.0,22.0,22.0,26.0,25.0,21.0,27.0,27.0,22.0,21.0,22.0,21.0,21.0,22.0,21.0,22.0,21.0,22.0,21.0,21.0,21.0,22.0,22.0,23.0,20.0,22.0,23.0,21.0,10.0,press,3,3,2.7777
1787153698.7152,2026-08-19 17:34:58.715,10,c3,1,0,-0.03814,-0.49682,0.04583,-4.1148,10.2151,-25.1454,-0.0758,0.0136,-0.3625,4.68879,23.0,23.0,22.0,21.0,24.0,24.0,25.0,22.0,21.0,26.0,28.0,22.0,22.0,26.0,25.0,21.0,27.0,27.0,22.0,21.0,22.0,21.0,21.0,22.0,21.0,22.0,21.0,22.0,21.0,21.0,21.0,22.0,22.0,23.0,20.0,22.0,23.0,21.0,10.0,press,3,3,2.7687
1787153698.7653,2026-08-19 17:34:58.765,10,c3,1,0,-0.03814,-0.49681,0.04548,-3.9375,9.9498,-25.1924,-0.0691,0.0176,-0.365,4.69407,21.0,22.0,25.0,21.0,22.0,25.0,25.0,24.0,22.0,27.0,27.0,23.0,23.0,26.0,27.0,24.0,25.0,26.0,23.0,21.0,22.0,21.0,21.0,22.0,21.0,22.0,21.0,22.0,21.0,21.0,21.0,22.0,22.0,23.0,20.0,22.0,23.0,21.0,10.0,press,3,3,2.7217
1787153698.8154,2026-08-19 17:34:58.815,10,c3,1,0,-0.03814,-0.49682,0.04518,-4.3421,9.9718,-25.1648,-0.0702,0.0088,-0.3623,4.69835,21.0,22.0,23.0,21.0,22.0,25.0,27.0,23.0,23.0,25.0,26.0,22.0,24.0,25.0,24.0,22.0,24.0,24.0,23.0,21.0,22.0,21.0,21.0,22.0,21.0,22.0,21.0,22.0,21.0,21.0,21.0,22.0,22.0,23.0,20.0,22.0,23.0,21.0,10.0,press,3,3,2.6836
1787153698.8655,2026-08-19 17:34:58.865,10,c3,1,0,-0.03815,-0.49683,0.04485,-4.0539,10.2964,-25.2351,-0.0735,0.0128,-0.3649,4.6908,21.0,22.0,23.0,21.0,22.0,25.0,27.0,23.0,23.0,25.0,26.0,22.0,24.0,25.0,24.0,22.0,24.0,24.0,23.0,21.0,22.0,21.0,21.0,22.0,21.0,22.0,21.0,22.0,21.0,21.0,21.0,22.0,22.0,23.0,20.0,22.0,23.0,21.0,10.0,press,3,3,2.7508
1787153698.9157,2026-08-19 17:34:58.915,10,c3,1,0,-0.03815,-0.49683,0.0445,-4.1439,10.1227,-25.2419,-0.0708,0.0112,-0.3644,4.63667,22.0,23.0,22.0,22.0,23.0,24.0,24.0,23.0,23.0,26.0,28.0,23.0,24.0,25.0,24.0,24.0,24.0,25.0,22.0,21.0,22.0,21.0,21.0,22.0,21.0,22.0,21.0,22.0,21.0,21.0,21.0,22.0,22.0,23.0,20.0,22.0,23.0,21.0,10.0,press,3,3,3.2324
1787153698.9658,2026-08-19 17:34:58.965,10,c3,1,0,-0.03812,-0.49683,0.04416,-4.0216,10.2971,-24.8942,-0.075,0.0172,-0.3657,4.55434,22.0,23.0,22.0,22.0,23.0,24.0,24.0,23.0,23.0,26.0,28.0,23.0,24.0,25.0,24.0,24.0,24.0,25.0,22.0,21.0,22.0,21.0,21.0,22.0,21.0,22.0,21.0,22.0,21.0,21.0,21.0,22.0,22.0,23.0,20.0,22.0,23.0,21.0,10.0,press,3,3,3.9648
1787153699.0159,2026-08-19 17:34:59.015,10,c3,1,0,-0.03815,-0.49684,0.04384,-4.2611,10.2034,-24.2084,-0.0741,0.0087,-0.3659,4.45564,23.0,22.0,23.0,22.0,24.0,25.0,26.0,23.0,23.0,27.0,29.0,23.0,23.0,27.0,26.0,23.0,25.0,24.0,23.0,21.0,22.0,21.0,21.0,22.0,21.0,22.0,21.0,22.0,21.0,21.0,21.0,22.0,22.0,23.0,20.0,22.0,23.0,21.0,10.0,press,3,3,4.8428
1787153699.066,2026-08-19 17:34:59.065,10,c3,1,0,-0.03814,-0.49681,0.0435,-3.8137,9.9788,-23.8186,-0.0698,0.0195,-0.3672,4.34159,21.0,22.0,25.0,22.0,24.0,27.0,26.0,24.0,25.0,26.0,28.0,24.0,24.0,27.0,26.0,23.0,25.0,25.0,22.0,21.0,22.0,21.0,21.0,22.0,21.0,22.0,21.0,22.0,21.0,21.0,21.0,22.0,22.0,23.0,20.0,22.0,23.0,21.0,10.0,press,3,3,5.8575
1787153699.1161,2026-08-19 17:34:59.116,10,c3,1,0,-0.03815,-0.49683,0.04318,-4.2045,10.1673,-23.4043,-0.0753,0.0103,-0.3648,4.20487,21.0,22.0,25.0,22.0,24.0,27.0,26.0,24.0,25.0,26.0,28.0,24.0,24.0,27.0,26.0,23.0,25.0,25.0,22.0,21.0,22.0,21.0,21.0,22.0,21.0,22.0,21.0,22.0,21.0,21.0,21.0,22.0,22.0,23.0,20.0,22.0,23.0,21.0,10.0,press,3,3,7.0738
1787153699.1662,2026-08-19 17:34:59.166,10,c3,1,0,-0.03815,-0.49684,0.04288,-3.6487,10.1078,-23.2663,-0.0711,0.022,-0.3632,4.07647,23.0,23.0,24.0,23.0,25.0,26.0,26.0,24.0,25.0,29.0,28.0,25.0,25.0,29.0,26.0,24.0,26.0,25.0,24.0,21.0,22.0,21.0,21.0,22.0,21.0,22.0,21.0,22.0,21.0,21.0,21.0,22.0,22.0,23.0,20.0,22.0,23.0,21.0,10.0,press,3,3,8.2161
1787153699.2163,2026-08-19 17:34:59.216,10,c3,1,0,-0.03814,-0.49684,0.04254,-3.9352,10.0474,-22.4673,-0.0742,0.0155,-0.3623,3.92213,23.0,23.0,24.0,23.0,25.0,26.0,26.0,24.0,25.0,29.0,28.0,25.0,25.0,29.0,26.0,24.0,26.0,25.0,24.0,21.0,22.0,21.0,21.0,22.0,21.0,22.0,21.0,22.0,21.0,21.0,21.0,22.0,22.0,23.0,20.0,22.0,23.0,21.0,10.0,press,3,3,9.5892
1787153699.2664,2026-08-19 17:34:59.266,10,c3,1,0,-0.03814,-0.49684,0.0422,-4.1072,10.2716,-21.8554,-0.0751,0.0113,-0.3599,3.74866,25.0,24.0,25.0,23.0,27.0,28.0,28.0,26.0,26.0,27.0,28.0,25.0,25.0,26.0,25.0,26.0,25.0,25.0,25.0,21.0,22.0,21.0,21.0,22.0,21.0,22.0,21.0,22.0,21.0,21.0,21.0,22.0,22.0,23.0,20.0,22.0,23.0,21.0,10.0,press,3,3,11.1325
1787153699.3165,2026-08-19 17:34:59.316,10,c3,1,0,-0.03816,-0.49684,0.04185,-3.9176,10.0988,-21.3217,-0.0668,0.0136,-0.3648,3.57368,25.0,24.0,25.0,23.0,27.0,28.0,28.0,26.0,26.0,27.0,28.0,25.0,25.0,26.0,25.0,26.0,25.0,25.0,25.0,21.0,22.0,21.0,21.0,22.0,21.0,22.0,21.0,22.0,21.0,21.0,21.0,22.0,22.0,23.0,20.0,22.0,23.0,21.0,10.0,press,3,3,12.6892
1787153699.3667,2026-08-19 17:34:59.366,10,c3,1,0,-0.03813,-0.49685,0.04151,-3.444,10.0002,-20.5247,-0.0668,0.0232,-0.3558,3.40449,23.0,24.0,26.0,24.0,26.0,29.0,28.0,24.0,29.0,30.0,31.0,22.0,28.0,30.0,24.0,24.0,27.0,26.0,23.0,21.0,22.0,21.0,21.0,22.0,21.0,22.0,21.0,22.0,21.0,21.0,21.0,22.0,22.0,23.0,20.0,22.0,23.0,21.0,10.0,press,3,3,14.1944
1787153699.4168,2026-08-19 17:34:59.416,10,c3,1,0,-0.03815,-0.49686,0.04119,-4.0037,9.7989,-19.8939,-0.06,0.0103,-0.3649,3.22799,22.0,24.0,26.0,22.0,26.0,30.0,29.0,24.0,29.0,27.0,31.0,25.0,28.0,30.0,26.0,24.0,26.0,25.0,24.0,21.0,22.0,21.0,21.0,22.0,21.0,22.0,21.0,22.0,21.0,21.0,21.0,22.0,22.0,23.0,20.0,22.0,23.0,21.0,10.0,press,3,3,15.7646
1787153699.4669,2026-08-19 17:34:59.466,10,c3,1,0,-0.03813,-0.49685,0.04091,-4.1411,10.2239,-19.2678,-0.0693,0.0077,-0.3624,3.06988,22.0,24.0,26.0,22.0,26.0,30.0,29.0,24.0,29.0,27.0,31.0,25.0,28.0,30.0,26.0,24.0,26.0,25.0,24.0,21.0,22.0,21.0,21.0,22.0,21.0,22.0,21.0,22.0,21.0,21.0,21.0,22.0,22.0,23.0,20.0,22.0,23.0,21.0,10.0,press,3,3,17.1712
1787153699.517,2026-08-19 17:34:59.517,10,c3,1,0,-0.03816,-0.49684,0.04067,-3.8139,10.2451,-18.8517,-0.0729,0.0161,-0.3608,2.91655,24.0,24.0,25.0,22.0,27.0,29.0,28.0,23.0,28.0,29.0,32.0,23.0,27.0,31.0,24.0,23.0,28.0,26.0,24.0,21.0,22.0,21.0,21.0,22.0,21.0,22.0,21.0,22.0,21.0,21.0,21.0,22.0,22.0,23.0,20.0,22.0,23.0,21.0,10.0,press,3,3,18.5353
1787153699.5671,2026-08-19 17:34:59.567,10,c3,1,0,-0.03813,-0.49681,0.04042,-3.9541,10.4753,-17.9038,-0.0796,0.009,-0.3665,2.76448,24.0,24.0,25.0,22.0,27.0,29.0,28.0,23.0,28.0,29.0,32.0,23.0,27.0,31.0,24.0,23.0,28.0,26.0,24.0,21.0,22.0,21.0,21.0,22.0,21.0,22.0,21.0,22.0,21.0,21.0,21.0,22.0,22.0,23.0,20.0,22.0,23.0,21.0,10.0,press,3,3,19.8882
1787153699.6172,2026-08-19 17:34:59.617,10,c3,1,0,-0.03813,-0.49681,0.04021,-4.2002,10.5262,-17.4461,-0.0776,0.0048,-0.357,2.63229,21.0,24.0,25.0,22.0,27.0,31.0,30.0,24.0,29.0,30.0,33.0,25.0,28.0,33.0,24.0,23.0,28.0,25.0,25.0,21.0,22.0,21.0,21.0,22.0,21.0,22.0,21.0,22.0,21.0,21.0,21.0,22.0,22.0,23.0,20.0,22.0,23.0,21.0,10.0,press,3,3,21.0641
1787153699.6674,2026-08-19 17:34:59.667,10,c3,1,0,-0.03812,-0.49682,0.04005,-3.9908,9.8779,-17.2287,-0.0632,0.0071,-0.3644,2.53461,22.0,25.0,26.0,22.0,28.0,32.0,31.0,25.0,32.0,30.0,33.0,26.0,29.0,33.0,23.0,22.0,29.0,25.0,23.0,21.0,22.0,21.0,21.0,22.0,21.0,22.0,21.0,22.0,21.0,21.0,21.0,22.0,22.0,23.0,20.0,22.0,23.0,21.0,10.0,press,3,3,21.9332
1787153699.7175,2026-08-19 17:34:59.717,10,c3,1,0,-0.03813,-0.49682,0.03994,-3.8734,10.1983,-16.953,-0.0665,0.0106,-0.3616,2.46713,22.0,25.0,26.0,22.0,28.0,32.0,31.0,25.0,32.0,30.0,33.0,26.0,29.0,33.0,23.0,22.0,29.0,25.0,23.0,21.0,22.0,21.0,21.0,22.0,21.0,22.0,21.0,22.0,21.0,21.0,21.0,22.0,22.0,23.0,20.0,22.0,23.0,21.0,10.0,press,3,3,22.5335
1787153699.7676,2026-08-19 17:34:59.767,10,c3,1,0,-0.03814,-0.49682,0.03985,-3.8935,10.0174,-16.7082,-0.0651,0.0114,-0.3621,2.41577,24.0,25.0,26.0,23.0,28.0,31.0,31.0,27.0,30.0,30.0,32.0,28.0,28.0,34.0,22.0,24.0,27.0,26.0,24.0,21.0,22.0,21.0,21.0,22.0,21.0,22.0,21.0,22.0,21.0,21.0,21.0,22.0,22.0,23.0,20.0,22.0,23.0,21.0,10.0,press,3,3,22.9904
1787153699.8177,2026-08-19 17:34:59.817,10,c3,1,0,-0.03812,-0.49682,0.03978,-3.822,10.3522,-16.4645,-0.0736,0.0103,-0.3594,2.38455,24.0,25.0,26.0,23.0,28.0,31.0,31.0,27.0,30.0,30.0,32.0,28.0,28.0,34.0,22.0,24.0,27.0,26.0,24.0,21.0,22.0,21.0,21.0,22.0,21.0,22.0,21.0,22.0,21.0,21.0,21.0,22.0,22.0,23.0,20.0,22.0,23.0,21.0,10.0,press,3,3,23.2682
1787153699.8678,2026-08-19 17:34:59.867,10,c3,1,0,-0.03814,-0.49681,0.03975,-3.8583,10.0014,-16.5617,-0.0622,0.0115,-0.3645,2.37423,24.0,25.0,25.0,24.0,27.0,32.0,31.0,27.0,32.0,31.0,34.0,27.0,29.0,35.0,22.0,24.0,29.0,25.0,25.0,21.0,22.0,21.0,21.0,22.0,21.0,22.0,21.0,22.0,21.0,21.0,21.0,22.0,22.0,23.0,20.0,22.0,23.0,21.0,10.0,press,3,3,23.36
1787153699.9179,2026-08-19 17:34:59.917,10,c3,1,0,-0.03816,-0.49682,0.03974,-3.843,10.0749,-16.4303,-0.0637,0.0105,-0.3597,2.37649,25.0,24.0,27.0,25.0,27.0,32.0,32.0,28.0,31.0,31.0,35.0,26.0,28.0,33.0,22.0,24.0,28.0,24.0,25.0,21.0,22.0,21.0,21.0,22.0,21.0,22.0,21.0,22.0,21.0,21.0,21.0,22.0,22.0,23.0,20.0,22.0,23.0,21.0,10.0,hold,3,3,23.3399
1787153699.968,2026-08-19 17:34:59.968,10,c3,1,0,-0.03816,-0.49682,0.03972,-3.911,10.1089,-16.5468,-0.0653,0.0098,-0.3583,2.36567,25.0,24.0,27.0,25.0,27.0,32.0,32.0,28.0,31.0,31.0,35.0,26.0,28.0,33.0,22.0,24.0,28.0,24.0,25.0,21.0,22.0,21.0,21.0,22.0,21.0,22.0,21.0,22.0,21.0,21.0,21.0,22.0,22.0,23.0,20.0,22.0,23.0,21.0,10.0,hold,3,3,23.4362
1787153700.0181,2026-08-19 17:35:00.018,10,c3,1,0,-0.03813,-0.49681,0.03971,-3.7986,9.8829,-16.6061,-0.0613,0.0091,-0.3583,2.36667,24.0,23.0,25.0,23.0,26.0,32.0,32.0,27.0,32.0,33.0,33.0,27.0,30.0,36.0,21.0,24.0,30.0,24.0,24.0,21.0,22.0,21.0,21.0,22.0,21.0,22.0,21.0,22.0,21.0,21.0,21.0,22.0,22.0,23.0,20.0,22.0,23.0,21.0,10.0,hold,3,3,23.4272
1787153700.0682,2026-08-19 17:35:00.068,10,c3,1,0,-0.03813,-0.49682,0.03972,-3.6841,9.7265,-16.4507,-0.0553,0.0143,-0.3619,2.37826,24.0,23.0,25.0,23.0,26.0,32.0,32.0,27.0,32.0,33.0,33.0,27.0,30.0,36.0,21.0,24.0,30.0,24.0,24.0,21.0,22.0,21.0,21.0,22.0,21.0,22.0,21.0,22.0,21.0,21.0,21.0,22.0,22.0,23.0,20.0,22.0,23.0,21.0,10.0,hold,3,3,23.3242
1787153700.1183,2026-08-19 17:35:00.118,10,c3,1,0,-0.03813,-0.49682,0.03972,-3.8534,10.0469,-16.4896,-0.064,0.0116,-0.362,2.38304,24.0,25.0,28.0,24.0,28.0,35.0,31.0,27.0,33.0,32.0,33.0,25.0,30.0,35.0,22.0,24.0,29.0,24.0,24.0,21.0,22.0,21.0,21.0,22.0,21.0,22.0,21.0,22.0,21.0,21.0,21.0,22.0,22.0,23.0,20.0,22.0,23.0,21.0,10.0,hold,3,3,23.2816
1787153700.1684,2026-08-19 17:35:00.168,10,c3,1,0,-0.03814,-0.49681,0.03972,-3.8722,9.7994,-16.5658,-0.0622,0.0142,-0.361,2.39336,24.0,25.0,28.0,24.0,28.0,35.0,31.0,27.0,33.0,32.0,33.0,25.0,30.0,35.0,22.0,24.0,29.0,24.0,24.0,21.0,22.0,21.0,21.0,22.0,21.0,22.0,21.0,22.0,21.0,21.0,21.0,22.0,22.0,23.0,20.0,22.0,23.0,21.0,10.0,hold,3,3,23.1898
1787153700.2185,2026-08-19 17:35:00.218,10,c3,1,0,-0.03814,-0.49681,0.03972,-4.1703,9.9116,-16.5851,-0.0649,0.0075,-0.3654,2.38782,23.0,26.0,28.0,25.0,28.0,34.0,31.0,26.0,30.0,28.0,36.0,27.0,29.0,32.0,23.0,24.0,28.0,24.0,25.0,21.0,22.0,21.0,21.0,22.0,21.0,22.0,21.0,22.0,21.0,21.0,21.0,22.0,22.0,23.0,20.0,22.0,23.0,21.0,10.0,hold,3,3,23.2391
1787153700.2686,2026-08-19 17:35:00.268,10,c3,1,0,-0.03813,-0.49681,0.03971,-4.0012,10.3197,-16.4206,-0.0685,0.0038,-0.3554,2.40192,25.0,23.0,26.0,24.0,26.0,32.0,32.0,26.0,32.0,30.0,34.0,26.0,29.0,35.0,23.0,26.0,30.0,25.0,24.0,21.0,22.0,21.0,21.0,22.0,21.0,22.0,21.0,22.0,21.0,21.0,21.0,22.0,22.0,23.0,20.0,22.0,23.0,21.0,10.0,hold,3,3,23.1136
1787153700.3188,2026-08-19 17:35:00.318,10,c3,1,0,-0.03814,-0.49682,0.03973,-3.8637,10.2917,-16.4409,-0.0672,0.0135,-0.363,2.39739,25.0,23.0,26.0,24.0,26.0,32.0,32.0,26.0,32.0,30.0,34.0,26.0,29.0,35.0,23.0,26.0,30.0,25.0,24.0,21.0,22.0,21.0,21.0,22.0,21.0,22.0,21.0,22.0,21.0,21.0,21.0,22.0,22.0,23.0,20.0,22.0,23.0,21.0,10.0,hold,3,3,23.154
1787153700.3689,2026-08-19 17:35:00.368,10,c3,1,0,-0.03813,-0.49681,0.03972,-3.5797,10.0374,-16.5034,-0.0668,0.0189,-0.362,2.40268,23.0,24.0,25.0,22.0,27.0,31.0,32.0,27.0,31.0,31.0,34.0,26.0,29.0,35.0,22.0,25.0,29.0,25.0,26.0,21.0,22.0,21.0,21.0,22.0,21.0,22.0,21.0,22.0,21.0,21.0,21.0,22.0,22.0,23.0,20.0,22.0,23.0,21.0,10.0,hold,3,3,23.1069
1787153700.419,2026-08-19 17:35:00.418,10,c3,1,0,-0.03813,-0.4968,0.03971,-3.6595,10.2017,-16.5455,-0.0697,0.0157,-0.3571,2.40117,23.0,24.0,25.0,22.0,27.0,31.0,32.0,27.0,31.0,31.0,34.0,26.0,29.0,35.0,22.0,25.0,29.0,25.0,26.0,21.0,22.0,21.0,21.0,22.0,21.0,22.0,21.0,22.0,21.0,21.0,21.0,22.0,22.0,23.0,20.0,22.0,23.0,21.0,10.0,hold,3,3,23.1203
1787153700.4692,2026-08-19 17:35:00.469,10,c3,1,0,-0.03815,-0.49683,0.03973,-3.7876,10.2353,-16.4218,-0.0695,0.0144,-0.3587,2.41048,24.0,23.0,27.0,24.0,26.0,34.0,32.0,27.0,33.0,31.0,36.0,27.0,28.0,33.0,23.0,25.0,28.0,27.0,25.0,21.0,22.0,21.0,21.0,22.0,21.0,22.0,21.0,22.0,21.0,21.0,21.0,22.0,22.0,23.0,20.0,22.0,23.0,21.0,10.0,hold,3,3,23.0375
1787153700.5193,2026-08-19 17:35:00.519,10,c3,1,0,-0.03815,-0.49681,0.03972,-3.8715,10.0808,-16.5248,-0.0649,0.0076,-0.3651,2.40771,24.0,25.0,28.0,24.0,28.0,32.0,32.0,26.0,32.0,33.0,35.0,27.0,30.0,35.0,23.0,24.0,29.0,24.0,25.0,21.0,22.0,21.0,21.0,22.0,21.0,22.0,21.0,22.0,21.0,21.0,21.0,22.0,22.0,23.0,20.0,22.0,23.0,21.0,10.0,hold,3,3,23.0621
1787153700.5693,2026-08-19 17:35:00.569,10,c3,1,0,-0.03814,-0.49681,0.03971,-4.0298,10.0587,-16.6222,-0.0677,0.0072,-0.3598,2.4125,24.0,25.0,28.0,24.0,28.0,32.0,32.0,26.0,32.0,33.0,35.0,27.0,30.0,35.0,23.0,24.0,29.0,24.0,25.0,21.0,22.0,21.0,21.0,22.0,21.0,22.0,21.0,22.0,21.0,21.0,21.0,22.0,22.0,23.0,20.0,22.0,23.0,21.0,10.0,hold,3,3,23.0196
1787153700.6194,2026-08-19 17:35:00.619,10,c3,1,0,-0.03815,-0.49682,0.03972,-3.6194,10.0491,-16.6633,-0.0621,0.0166,-0.3621,2.41073,24.0,24.0,27.0,25.0,27.0,34.0,32.0,27.0,31.0,31.0,33.0,28.0,27.0,35.0,23.0,24.0,30.0,25.0,25.0,21.0,22.0,21.0,21.0,22.0,21.0,22.0,21.0,22.0,21.0,21.0,21.0,22.0,22.0,23.0,20.0,22.0,23.0,21.0,10.0,hold,3,3,23.0352
1787153700.6695,2026-08-19 17:35:00.669,10,c3,1,0,-0.03813,-0.49682,0.03971,-4.2228,10.7136,-16.4841,-0.0807,0.0021,-0.371,2.42106,24.0,24.0,27.0,25.0,27.0,34.0,32.0,27.0,31.0,31.0,33.0,28.0,27.0,35.0,23.0,24.0,30.0,25.0,25.0,21.0,22.0,21.0,21.0,22.0,21.0,22.0,21.0,22.0,21.0,21.0,21.0,22.0,22.0,23.0,20.0,22.0,23.0,21.0,10.0,hold,3,3,22.9434
1787153700.7196,2026-08-19 17:35:00.719,10,c3,1,0,-0.03816,-0.49681,0.0397,-3.8128,10.3348,-16.7103,-0.0696,0.0103,-0.3612,2.41325,24.0,24.0,26.0,24.0,26.0,32.0,32.0,26.0,32.0,32.0,34.0,26.0,29.0,36.0,22.0,23.0,29.0,24.0,24.0,21.0,22.0,21.0,21.0,22.0,21.0,22.0,21.0,22.0,21.0,21.0,21.0,22.0,22.0,23.0,20.0,22.0,23.0,21.0,10.0,hold,3,3,23.0128
1787153700.7697,2026-08-19 17:35:00.769,10,c3,1,0,-0.03812,-0.49682,0.03972,-3.7984,9.7851,-16.7231,-0.0574,0.0134,-0.3601,2.42458,22.0,24.0,28.0,23.0,26.0,34.0,34.0,26.0,32.0,30.0,35.0,27.0,29.0,35.0,24.0,24.0,29.0,25.0,23.0,21.0,22.0,21.0,21.0,22.0,21.0,22.0,21.0,22.0,21.0,21.0,21.0,22.0,22.0,23.0,20.0,22.0,23.0,21.0,10.0,hold,3,3,22.912
1787153700.8199,2026-08-19 17:35:00.819,10,c3,1,0,-0.03815,-0.49682,0.03973,-3.761,10.1238,-16.8069,-0.0676,0.0132,-0.3584,2.41401,22.0,24.0,28.0,23.0,26.0,34.0,34.0,26.0,32.0,30.0,35.0,27.0,29.0,35.0,24.0,24.0,29.0,25.0,23.0,21.0,22.0,21.0,21.0,22.0,21.0,22.0,21.0,22.0,21.0,21.0,21.0,22.0,22.0,23.0,20.0,22.0,23.0,21.0,10.0,hold,3,3,23.0061
1787153700.87,2026-08-19 17:35:00.870,10,c3,1,0,-0.03814,-0.49682,0.03971,-3.585,9.8773,-16.8544,-0.0606,0.0207,-0.3522,2.42685,24.0,23.0,26.0,23.0,26.0,33.0,34.0,26.0,31.0,31.0,36.0,26.0,29.0,34.0,24.0,25.0,29.0,25.0,23.0,21.0,22.0,21.0,21.0,22.0,21.0,22.0,21.0,22.0,21.0,21.0,21.0,22.0,22.0,23.0,20.0,22.0,23.0,21.0,10.0,hold,3,3,22.8919
1787153700.9202,2026-08-19 17:35:00.920,10,c3,1,0,-0.03813,-0.49681,0.03972,-3.69,10.0588,-16.7826,-0.0643,0.0177,-0.3557,2.42332,24.0,23.0,26.0,23.0,26.0,33.0,34.0,26.0,31.0,31.0,36.0,26.0,29.0,34.0,24.0,25.0,29.0,25.0,23.0,21.0,22.0,21.0,21.0,22.0,21.0,22.0,21.0,22.0,21.0,21.0,21.0,22.0,22.0,23.0,20.0,22.0,23.0,21.0,10.0,hold,3,3,22.9232
1787153700.9703,2026-08-19 17:35:00.970,10,c3,1,0,-0.03814,-0.49682,0.03972,-3.9645,9.8664,-16.5365,-0.0605,0.0051,-0.3604,2.42886,23.0,23.0,26.0,23.0,26.0,31.0,34.0,26.0,30.0,31.0,37.0,26.0,28.0,35.0,24.0,23.0,29.0,26.0,24.0,21.0,22.0,21.0,21.0,22.0,21.0,22.0,21.0,22.0,21.0,21.0,21.0,22.0,22.0,23.0,20.0,22.0,23.0,21.0,10.0,hold,3,3,22.874
1787153701.0204,2026-08-19 17:35:01.020,10,c3,1,0,-0.03813,-0.49682,0.03971,-3.7877,9.9092,-16.4165,-0.0641,0.0143,-0.3643,2.42861,22.0,23.0,26.0,21.0,26.0,33.0,34.0,25.0,32.0,31.0,36.0,26.0,30.0,36.0,25.0,23.0,29.0,28.0,25.0,21.0,22.0,21.0,21.0,22.0,21.0,22.0,21.0,22.0,21.0,21.0,21.0,22.0,22.0,23.0,20.0,22.0,23.0,21.0,10.0,hold,3,3,22.8762
1787153701.0706,2026-08-19 17:35:01.070,10,c3,1,0,-0.03814,-0.49681,0.03971,-4.0096,10.2268,-16.4598,-0.0692,0.0079,-0.3612,2.43516,22.0,23.0,26.0,21.0,26.0,33.0,34.0,25.0,32.0,31.0,36.0,26.0,30.0,36.0,25.0,23.0,29.0,28.0,25.0,21.0,22.0,21.0,21.0,22.0,21.0,22.0,21.0,22.0,21.0,21.0,21.0,22.0,22.0,23.0,20.0,22.0,23.0,21.0,10.0,hold,3,3,22.818
1787153701.1207,2026-08-19 17:35:01.120,10,c3,1,0,-0.03814,-0.49682,0.03973,-3.8415,9.573,-16.8713,-0.0531,0.0133,-0.3638,2.43767,22.0,24.0,27.0,21.0,27.0,32.0,34.0,25.0,32.0,32.0,36.0,25.0,30.0,34.0,24.0,24.0,28.0,26.0,24.0,21.0,22.0,21.0,21.0,22.0,21.0,22.0,21.0,22.0,21.0,21.0,21.0,22.0,22.0,23.0,20.0,22.0,23.0,21.0,10.0,hold,3,3,22.7956
1787153701.1708,2026-08-19 17:35:01.170,10,c3,1,0,-0.03813,-0.49682,0.03971,-3.894,9.9469,-16.8354,-0.0629,0.0109,-0.3571,2.43692,22.0,24.0,27.0,21.0,27.0,32.0,34.0,25.0,32.0,32.0,36.0,25.0,30.0,34.0,24.0,24.0,28.0,26.0,24.0,21.0,22.0,21.0,21.0,22.0,21.0,22.0,21.0,22.0,21.0,21.0,21.0,22.0,22.0,23.0,20.0,22.0,23.0,21.0,10.0,hold,3,3,22.8023
1787153701.2209,2026-08-19 17:35:01.220,10,c3,1,0,-0.03814,-0.49681,0.03972,-3.8034,9.8904,-16.5871,-0.0615,0.0121,-0.3563,2.43339,24.0,25.0,27.0,22.0,28.0,32.0,35.0,28.0,32.0,32.0,36.0,28.0,29.0,35.0,24.0,26.0,29.0,26.0,25.0,21.0,22.0,21.0,21.0,22.0,21.0,22.0,21.0,22.0,21.0,21.0,21.0,22.0,22.0,23.0,20.0,22.0,23.0,21.0,10.0,hold,3,3,22.8337
1787153701.271,2026-08-19 17:35:01.271,10,c3,1,0,-0.03814,-0.49681,0.03972,-3.5131,9.848,-17.053,-0.0618,0.0177,-0.3568,2.43717,24.0,25.0,27.0,22.0,28.0,32.0,35.0,28.0,32.0,32.0,36.0,28.0,29.0,35.0,24.0,26.0,29.0,26.0,25.0,21.0,22.0,21.0,21.0,22.0,21.0,22.0,21.0,22.0,21.0,21.0,21.0,22.0,22.0,23.0,20.0,22.0,23.0,21.0,10.0,hold,3,3,22.8001
1787153701.3212,2026-08-19 17:35:01.321,10,c3,1,0,-0.03814,-0.49681,0.03971,-4.3492,10.4401,-16.5482,-0.0736,-0.0013,-0.3615,2.44296,25.0,26.0,26.0,24.0,28.0,32.0,34.0,26.0,33.0,31.0,37.0,28.0,31.0,35.0,23.0,25.0,28.0,26.0,25.0,21.0,22.0,21.0,21.0,22.0,21.0,22.0,21.0,22.0,21.0,21.0,21.0,22.0,22.0,23.0,20.0,22.0,23.0,21.0,10.0,hold,3,3,22.7485
1787153701.3712,2026-08-19 17:35:01.371,10,c3,1,0,-0.03813,-0.49682,0.03972,-3.8287,10.3011,-16.6405,-0.0743,0.0113,-0.3638,2.44724,25.0,24.0,26.0,25.0,27.0,32.0,33.0,27.0,31.0,31.0,36.0,26.0,27.0,35.0,24.0,26.0,29.0,26.0,24.0,21.0,22.0,21.0,21.0,22.0,21.0,22.0,21.0,22.0,21.0,21.0,21.0,22.0,22.0,23.0,20.0,22.0,23.0,21.0,10.0,hold,3,3,22.7105
1787153701.4214,2026-08-19 17:35:01.421,10,c3,1,0,-0.03812,-0.49682,0.03973,-3.6585,9.8436,-16.7089,-0.0597,0.013,-0.361,2.43969,25.0,24.0,26.0,25.0,27.0,32.0,33.0,27.0,31.0,31.0,36.0,26.0,27.0,35.0,24.0,26.0,29.0,26.0,24.0,21.0,22.0,21.0,21.0,22.0,21.0,22.0,21.0,22.0,21.0,21.0,21.0,22.0,22.0,23.0,20.0,22.0,23.0,21.0,10.0,hold,3,3,22.7777
1787153701.4715,2026-08-19 17:35:01.471,10,c3,1,0,-0.03815,-0.49684,0.03974,-3.8749,9.9356,-16.8974,-0.0623,0.0089,-0.3574,2.44296,23.0,23.0,26.0,22.0,25.0,32.0,34.0,28.0,31.0,32.0,36.0,28.0,29.0,36.0,24.0,25.0,29.0,26.0,24.0,21.0,22.0,21.0,21.0,22.0,21.0,22.0,21.0,22.0,21.0,21.0,21.0,22.0,22.0,23.0,20.0,22.0,23.0,21.0,10.0,hold,3,3,22.7485
1787153701.5216,2026-08-19 17:35:01.521,10,c3,1,0,-0.03813,-0.49683,0.03973,-3.7009,10.0196,-17.0163,-0.0662,0.0154,-0.3572,2.43944,23.0,23.0,26.0,22.0,25.0,32.0,34.0,28.0,31.0,32.0,36.0,28.0,29.0,36.0,24.0,25.0,29.0,26.0,24.0,21.0,22.0,21.0,21.0,22.0,21.0,22.0,21.0,22.0,21.0,21.0,21.0,22.0,22.0,23.0,20.0,22.0,23.0,21.0,10.0,hold,3,3,22.7799
1787153701.5717,2026-08-19 17:35:01.571,10,c3,1,0,-0.03812,-0.49681,0.03972,-3.9044,10.0568,-16.7252,-0.0666,0.0121,-0.3632,2.45001,25.0,23.0,27.0,25.0,27.0,33.0,33.0,27.0,33.0,32.0,37.0,26.0,30.0,37.0,24.0,24.0,30.0,27.0,25.0,21.0,22.0,21.0,21.0,22.0,21.0,22.0,21.0,22.0,21.0,21.0,21.0,22.0,22.0,23.0,20.0,22.0,23.0,21.0,10.0,hold,3,3,22.6858
1787153701.6218,2026-08-19 17:35:01.621,10,c3,1,0,-0.03813,-0.49681,0.03972,-3.4723,9.9942,-16.7022,-0.064,0.0212,-0.3507,2.44749,23.0,25.0,29.0,23.0,27.0,34.0,34.0,26.0,33.0,32.0,34.0,27.0,30.0,36.0,23.0,25.0,30.0,25.0,26.0,21.0,22.0,21.0,21.0,22.0,21.0,22.0,21.0,22.0,21.0,21.0,21.0,22.0,22.0,23.0,20.0,22.0,23.0,21.0,10.0,hold,3,3,22.7082
1787153701.6719,2026-08-19 17:35:01.671,10,c3,1,0,-0.03814,-0.49682,0.03973,-4.1119,10.1019,-16.6701,-0.0647,0.0048,-0.3625,2.45077,23.0,25.0,29.0,23.0,27.0,34.0,34.0,26.0,33.0,32.0,34.0,27.0,30.0,36.0,23.0,25.0,30.0,25.0,26.0,21.0,22.0,21.0,21.0,22.0,21.0,22.0,21.0,22.0,21.0,21.0,21.0,22.0,22.0,23.0,20.0,22.0,23.0,21.0,10.0,hold,3,3,22.6791
1787153701.722,2026-08-19 17:35:01.722,10,c3,1,0,-0.03814,-0.49682,0.03972,-3.5726,9.9132,-16.6133,-0.0573,0.015,-0.3562,2.45077,24.0,25.0,27.0,23.0,28.0,34.0,33.0,27.0,31.0,32.0,37.0,29.0,29.0,36.0,24.0,26.0,29.0,26.0,25.0,21.0,22.0,21.0,21.0,22.0,21.0,22.0,21.0,22.0,21.0,21.0,21.0,22.0,22.0,23.0,20.0,22.0,23.0,21.0,10.0,hold,3,3,22.6791
1787153701.7722,2026-08-19 17:35:01.772,10,c3,1,0,-0.03815,-0.49681,0.03971,-3.8588,10.157,-16.9097,-0.0658,0.0072,-0.3594,2.44598,24.0,25.0,27.0,23.0,28.0,34.0,33.0,27.0,31.0,32.0,37.0,29.0,29.0,36.0,24.0,26.0,29.0,26.0,25.0,21.0,22.0,21.0,21.0,22.0,21.0,22.0,21.0,22.0,21.0,21.0,21.0,22.0,22.0,23.0,20.0,22.0,23.0,21.0,10.0,hold,3,3,22.7217
1787153701.8223,2026-08-19 17:35:01.822,10,c3,1,0,-0.03812,-0.49681,0.03971,-3.9394,10.1864,-16.5859,-0.0695,0.0087,-0.3607,2.449,25.0,25.0,27.0,25.0,26.0,32.0,36.0,27.0,32.0,32.0,35.0,28.0,29.0,34.0,24.0,25.0,29.0,27.0,24.0,21.0,22.0,21.0,21.0,22.0,21.0,22.0,21.0,22.0,21.0,21.0,21.0,22.0,22.0,23.0,20.0,22.0,23.0,21.0,10.0,hold,3,3,22.6948
1787153701.8724,2026-08-19 17:35:01.872,10,c3,1,0,-0.03813,-0.49681,0.03973,-3.9524,10.1232,-16.4717,-0.064,0.009,-0.3599,2.45379,23.0,25.0,27.0,25.0,28.0,33.0,34.0,26.0,30.0,33.0,35.0,27.0,28.0,37.0,23.0,23.0,30.0,27.0,24.0,21.0,22.0,21.0,21.0,22.0,21.0,22.0,21.0,22.0,21.0,21.0,21.0,22.0,22.0,23.0,20.0,22.0,23.0,21.0,10.0,hold,3,3,22.6522
1787153701.9226,2026-08-19 17:35:01.922,10,c3,1,0,-0.03814,-0.49682,0.03971,-3.9925,10.3405,-16.6903,-0.0729,0.0122,-0.3613,2.45253,23.0,25.0,27.0,25.0,28.0,33.0,34.0,26.0,30.0,33.0,35.0,27.0,28.0,37.0,23.0,23.0,30.0,27.0,24.0,21.0,22.0,21.0,21.0,22.0,21.0,22.0,21.0,22.0,21.0,21.0,21.0,22.0,22.0,23.0,20.0,22.0,23.0,21.0,10.0,hold,3,3,22.6634
1787153701.9727,2026-08-19 17:35:01.972,10,c3,1,0,-0.03813,-0.49683,0.03973,-3.8782,10.1974,-16.5625,-0.0717,0.0122,-0.3588,2.44523,23.0,24.0,27.0,23.0,26.0,34.0,34.0,26.0,32.0,32.0,35.0,26.0,29.0,36.0,23.0,23.0,29.0,26.0,23.0,21.0,22.0,21.0,21.0,22.0,21.0,22.0,21.0,22.0,21.0,21.0,21.0,22.0,22.0,23.0,20.0,22.0,23.0,21.0,10.0,hold,3,3,22.7284
1787153702.0228,2026-08-19 17:35:02.022,10,c3,1,0,-0.03812,-0.49682,0.03972,-3.9683,9.9881,-16.5356,-0.0623,0.0078,-0.3582,2.45756,23.0,24.0,27.0,23.0,26.0,34.0,34.0,26.0,32.0,32.0,35.0,26.0,29.0,36.0,23.0,23.0,29.0,26.0,23.0,21.0,22.0,21.0,21.0,22.0,21.0,22.0,21.0,22.0,21.0,21.0,21.0,22.0,22.0,23.0,20.0,22.0,23.0,21.0,10.0,hold,3,3,22.6186
1787153702.0729,2026-08-19 17:35:02.072,10,c3,1,0,-0.03813,-0.49682,0.03972,-3.9821,10.6735,-16.5969,-0.0835,0.0111,-0.362,2.44498,24.0,24.0,27.0,22.0,27.0,32.0,33.0,28.0,31.0,32.0,37.0,28.0,28.0,36.0,24.0,26.0,29.0,26.0,25.0,21.0,22.0,21.0,21.0,22.0,21.0,22.0,21.0,22.0,21.0,21.0,21.0,22.0,22.0,23.0,20.0,22.0,23.0,21.0,10.0,hold,3,3,22.7306
1787153702.123,2026-08-19 17:35:02.123,10,c3,1,0,-0.03813,-0.49682,0.03972,-4.1208,10.3861,-16.491,-0.0742,0.0062,-0.3662,2.44825,24.0,24.0,27.0,22.0,27.0,32.0,33.0,28.0,31.0,32.0,37.0,28.0,28.0,36.0,24.0,26.0,29.0,26.0,25.0,21.0,22.0,21.0,21.0,22.0,21.0,22.0,21.0,22.0,21.0,21.0,21.0,22.0,22.0,23.0,20.0,22.0,23.0,21.0,10.0,hold,3,3,22.7015
1787153702.1731,2026-08-19 17:35:02.173,10,c3,1,0,-0.03813,-0.49682,0.03972,-4.2761,10.2582,-16.4991,-0.0701,0.0011,-0.3616,2.45908,25.0,25.0,27.0,26.0,27.0,33.0,36.0,26.0,32.0,31.0,36.0,26.0,30.0,35.0,24.0,24.0,29.0,26.0,23.0,21.0,22.0,21.0,21.0,22.0,21.0,22.0,21.0,22.0,21.0,21.0,21.0,22.0,22.0,23.0,20.0,22.0,23.0,21.0,10.0,hold,3,3,22.6052
1787153702.2232,2026-08-19 17:35:02.223,10,c3,1,0,-0.03813,-0.49681,0.03971,-3.7303,9.8194,-16.7109,-0.0574,0.0159,-0.3628,2.45328,24.0,25.0,25.0,22.0,27.0,32.0,35.0,26.0,32.0,32.0,37.0,27.0,30.0,36.0,24.0,26.0,29.0,27.0,25.0,21.0,22.0,21.0,21.0,22.0,21.0,22.0,21.0,22.0,21.0,21.0,21.0,22.0,22.0,23.0,20.0,22.0,23.0,21.0,10.0,hold,3,3,22.6567
1787153702.2733,2026-08-19 17:35:02.273,10,c3,1,0,-0.03814,-0.49682,0.03972,-4.1425,10.343,-16.6463,-0.0703,0.0043,-0.3636,2.45706,24.0,25.0,25.0,22.0,27.0,32.0,35.0,26.0,32.0,32.0,37.0,27.0,30.0,36.0,24.0,26.0,29.0,27.0,25.0,21.0,22.0,21.0,21.0,22.0,21.0,22.0,21.0,22.0,21.0,21.0,21.0,22.0,22.0,23.0,20.0,22.0,23.0,21.0,10.0,hold,3,3,22.6231
1787153702.3234,2026-08-19 17:35:02.323,10,c3,1,0,-0.03814,-0.49682,0.03973,-3.7732,10.1608,-16.4916,-0.0699,0.014,-0.3591,2.45454,23.0,24.0,27.0,22.0,27.0,33.0,34.0,27.0,33.0,33.0,35.0,28.0,30.0,38.0,24.0,26.0,30.0,27.0,25.0,21.0,22.0,21.0,21.0,22.0,21.0,22.0,21.0,22.0,21.0,21.0,21.0,22.0,22.0,23.0,20.0,22.0,23.0,21.0,10.0,hold,3,3,22.6455
1787153702.3735,2026-08-19 17:35:02.373,10,c3,1,0,-0.03814,-0.49682,0.03973,-4.0444,10.3203,-16.5577,-0.0728,0.0068,-0.3687,2.45479,23.0,24.0,27.0,22.0,27.0,33.0,34.0,27.0,33.0,33.0,35.0,28.0,30.0,38.0,24.0,26.0,30.0,27.0,25.0,21.0,22.0,21.0,21.0,22.0,21.0,22.0,21.0,22.0,21.0,21.0,21.0,22.0,22.0,23.0,20.0,22.0,23.0,21.0,10.0,hold,3,3,22.6433
1787153702.4237,2026-08-19 17:35:02.423,10,c3,1,0,-0.03813,-0.4968,0.03971,-3.8488,9.884,-16.7746,-0.0636,0.0154,-0.361,2.45756,24.0,24.0,28.0,25.0,28.0,34.0,34.0,26.0,32.0,34.0,35.0,26.0,30.0,38.0,24.0,25.0,31.0,25.0,23.0,21.0,22.0,21.0,21.0,22.0,21.0,22.0,21.0,22.0,21.0,21.0,21.0,22.0,22.0,23.0,20.0,22.0,23.0,21.0,10.0,hold,3,3,22.6186
1787153702.4738,2026-08-19 17:35:02.473,10,c3,1,0,-0.03814,-0.49682,0.03972,-3.9332,9.875,-16.5652,-0.0597,0.0119,-0.3559,2.46084,23.0,25.0,28.0,25.0,26.0,35.0,33.0,26.0,30.0,33.0,35.0,26.0,29.0,34.0,24.0,24.0,28.0,26.0,23.0,21.0,22.0,21.0,21.0,22.0,21.0,22.0,21.0,22.0,21.0,21.0,21.0,22.0,22.0,23.0,20.0,22.0,23.0,21.0,10.0,hold,3,3,22.5895
1787153702.524,2026-08-19 17:35:02.523,10,c3,1,0,-0.03814,-0.49682,0.03972,-4.2323,10.1207,-16.4793,-0.0681,0.0035,-0.3669,2.45731,23.0,25.0,28.0,25.0,26.0,35.0,33.0,26.0,30.0,33.0,35.0,26.0,29.0,34.0,24.0,24.0,28.0,26.0,23.0,21.0,22.0,21.0,21.0,22.0,21.0,22.0,21.0,22.0,21.0,21.0,21.0,22.0,22.0,23.0,20.0,22.0,23.0,21.0,10.0,hold,3,3,22.6209
1787153702.5741,2026-08-19 17:35:02.574,10,c3,1,0,-0.03814,-0.49682,0.03972,-4.1514,10.4947,-16.4868,-0.0744,0.0053,-0.3687,2.46084,23.0,23.0,29.0,23.0,25.0,34.0,34.0,25.0,32.0,31.0,33.0,26.0,29.0,34.0,23.0,23.0,29.0,25.0,24.0,21.0,22.0,21.0,21.0,22.0,21.0,22.0,21.0,22.0,21.0,21.0,21.0,22.0,22.0,23.0,20.0,22.0,23.0,21.0,10.0,hold,3,3,22.5895
1787153702.6242,2026-08-19 17:35:02.624,10,c3,1,0,-0.03815,-0.49683,0.03973,-4.2058,9.8746,-16.5537,-0.0646,0.0039,-0.3619,2.45756,23.0,23.0,29.0,23.0,25.0,34.0,34.0,25.0,32.0,31.0,33.0,26.0,29.0,34.0,23.0,23.0,29.0,25.0,24.0,21.0,22.0,21.0,21.0,22.0,21.0,22.0,21.0,22.0,21.0,21.0,21.0,22.0,22.0,23.0,20.0,22.0,23.0,21.0,10.0,hold,3,3,22.6186
1787153702.6743,2026-08-19 17:35:02.674,10,c3,1,0,-0.03813,-0.49681,0.03971,-3.9459,9.6501,-16.5452,-0.0554,0.0107,-0.3594,2.45782,22.0,23.0,25.0,23.0,27.0,32.0,34.0,26.0,32.0,31.0,36.0,26.0,31.0,36.0,24.0,25.0,29.0,26.0,24.0,21.0,22.0,21.0,21.0,22.0,21.0,22.0,21.0,22.0,21.0,21.0,21.0,22.0,22.0,23.0,20.0,22.0,23.0,21.0,10.0,hold,3,3,22.6164
1787153702.7245,2026-08-19 17:35:02.724,10,c3,1,0,-0.03814,-0.49683,0.03973,-3.9465,10.0931,-16.5665,-0.0684,0.0087,-0.3581,2.45379,23.0,26.0,27.0,22.0,27.0,33.0,35.0,26.0,32.0,33.0,37.0,26.0,28.0,37.0,24.0,25.0,29.0,29.0,26.0,21.0,22.0,21.0,21.0,22.0,21.0,22.0,21.0,22.0,21.0,21.0,21.0,22.0,22.0,23.0,20.0,22.0,23.0,21.0,10.0,hold,3,3,22.6522
1787153702.7746,2026-08-19 17:35:02.774,10,c3,1,0,-0.03814,-0.49682,0.03971,-3.6701,9.7705,-16.7786,-0.0567,0.0163,-0.3575,2.45656,23.0,26.0,27.0,22.0,27.0,33.0,35.0,26.0,32.0,33.0,37.0,26.0,28.0,37.0,24.0,25.0,29.0,29.0,26.0,21.0,22.0,21.0,21.0,22.0,21.0,22.0,21.0,22.0,21.0,21.0,21.0,22.0,22.0,23.0,20.0,22.0,23.0,21.0,10.0,hold,3,3,22.6276
1787153702.8248,2026-08-19 17:35:02.824,10,c3,1,0,-0.03812,-0.49682,0.03972,-3.9217,9.9046,-16.7823,-0.0644,0.0098,-0.3594,2.4626,23.0,25.0,27.0,23.0,27.0,34.0,36.0,25.0,33.0,31.0,33.0,26.0,29.0,36.0,22.0,24.0,29.0,25.0,24.0,21.0,22.0,21.0,21.0,22.0,21.0,22.0,21.0,22.0,21.0,21.0,21.0,22.0,22.0,23.0,20.0,22.0,23.0,21.0,10.0,hold,3,3,22.5738
1787153702.8749,2026-08-19 17:35:02.874,10,c3,1,0,-0.03813,-0.49681,0.03971,-3.6268,9.62,-16.8977,-0.0536,0.0166,-0.3539,2.46134,23.0,25.0,27.0,23.0,27.0,34.0,36.0,25.0,33.0,31.0,33.0,26.0,29.0,36.0,22.0,24.0,29.0,25.0,24.0,21.0,22.0,21.0,21.0,22.0,21.0,22.0,21.0,22.0,21.0,21.0,21.0,22.0,22.0,23.0,20.0,22.0,23.0,21.0,10.0,hold,3,3,22.585
1787153702.925,2026-08-19 17:35:02.924,10,c3,1,0,-0.03813,-0.49682,0.03973,-3.971,10.301,-16.7129,-0.0705,0.01,-0.3621,2.4621,24.0,24.0,27.0,24.0,28.0,32.0,32.0,26.0,31.0,31.0,35.0,26.0,29.0,35.0,24.0,23.0,29.0,24.0,26.0,21.0,22.0,21.0,21.0,22.0,21.0,22.0,21.0,22.0,21.0,21.0,21.0,22.0,22.0,23.0,20.0,22.0,23.0,21.0,10.0,hold,3,3,22.5783
1787153702.9751,2026-08-19 17:35:02.975,10,c3,1,0,-0.03813,-0.49682,0.03972,-4.0993,10.5108,-16.6138,-0.0737,0.0063,-0.3575,2.45253,23.0,24.0,26.0,23.0,26.0,33.0,33.0,27.0,33.0,32.0,34.0,26.0,29.0,35.0,23.0,25.0,28.0,26.0,25.0,21.0,22.0,21.0,21.0,22.0,21.0,22.0,21.0,22.0,21.0,21.0,21.0,22.0,22.0,23.0,20.0,22.0,23.0,21.0,10.0,hold,3,3,22.6634
1787153703.0252,2026-08-19 17:35:03.025,10,c3,1,0,-0.03814,-0.49682,0.03971,-4.1029,10.2243,-16.5865,-0.0697,0.0058,-0.3635,2.45429,23.0,24.0,26.0,23.0,26.0,33.0,33.0,27.0,33.0,32.0,34.0,26.0,29.0,35.0,23.0,25.0,28.0,26.0,25.0,21.0,22.0,21.0,21.0,22.0,21.0,22.0,21.0,22.0,21.0,21.0,21.0,22.0,22.0,23.0,20.0,22.0,23.0,21.0,10.0,hold,3,3,22.6477
1787153703.0753,2026-08-19 17:35:03.075,10,c3,1,0,-0.03815,-0.49682,0.03972,-4.055,10.216,-16.7509,-0.0707,0.007,-0.3571,2.45908,25.0,25.0,26.0,24.0,28.0,32.0,32.0,28.0,31.0,33.0,34.0,28.0,30.0,35.0,24.0,25.0,29.0,25.0,24.0,21.0,22.0,21.0,21.0,22.0,21.0,22.0,21.0,22.0,21.0,21.0,21.0,22.0,22.0,23.0,20.0,22.0,23.0,21.0,10.0,hold,3,3,22.6052
1787153703.1255,2026-08-19 17:35:03.125,10,c3,1,0,-0.03814,-0.49682,0.03971,-4.136,10.1978,-16.749,-0.0669,0.0019,-0.3619,2.45479,25.0,25.0,26.0,24.0,28.0,32.0,32.0,28.0,31.0,33.0,34.0,28.0,30.0,35.0,24.0,25.0,29.0,25.0,24.0,21.0,22.0,21.0,21.0,22.0,21.0,22.0,21.0,22.0,21.0,21.0,21.0,22.0,22.0,23.0,20.0,22.0,23.0,21.0,10.0,hold,3,3,22.6433
1787153703.1756,2026-08-19 17:35:03.175,10,c3,1,0,-0.03813,-0.49681,0.03972,-3.8672,10.2996,-16.6431,-0.0724,0.0123,-0.3597,2.45908,24.0,24.0,28.0,25.0,27.0,35.0,34.0,27.0,32.0,31.0,33.0,27.0,28.0,37.0,24.0,24.0,30.0,26.0,25.0,21.0,22.0,21.0,21.0,22.0,21.0,22.0,21.0,22.0,21.0,21.0,21.0,22.0,22.0,23.0,20.0,22.0,23.0,21.0,10.0,hold,3,3,22.6052
1787153703.2258,2026-08-19 17:35:03.225,10,c3,1,0,-0.03812,-0.49683,0.03974,-3.8058,10.1704,-16.7035,-0.0662,0.016,-0.3607,2.46235,24.0,24.0,28.0,25.0,27.0,35.0,34.0,27.0,32.0,31.0,33.0,27.0,28.0,37.0,24.0,24.0,30.0,26.0,25.0,21.0,22.0,21.0,21.0,22.0,21.0,22.0,21.0,22.0,21.0,21.0,21.0,22.0,22.0,23.0,20.0,22.0,23.0,21.0,10.0,hold,3,3,22.5761
1787153703.276,2026-08-19 17:35:03.276,10,c3,1,0,-0.03814,-0.49682,0.03973,-3.9498,10.3639,-16.6125,-0.076,0.0095,-0.3602,2.46461,23.0,24.0,26.0,24.0,26.0,32.0,32.0,27.0,31.0,32.0,35.0,28.0,28.0,37.0,23.0,25.0,30.0,27.0,24.0,21.0,22.0,21.0,21.0,22.0,21.0,22.0,21.0,22.0,21.0,21.0,21.0,22.0,22.0,23.0,20.0,22.0,23.0,21.0,10.0,hold,3,3,22.5559
1787153703.3261,2026-08-19 17:35:03.326,10,c3,1,0,-0.03816,-0.49681,0.03972,-4.0865,10.1433,-16.5253,-0.066,0.0065,-0.3688,2.45908,24.0,23.0,28.0,23.0,26.0,34.0,33.0,27.0,31.0,32.0,33.0,27.0,28.0,36.0,22.0,25.0,29.0,24.0,25.0,21.0,22.0,21.0,21.0,22.0,21.0,22.0,21.0,22.0,21.0,21.0,21.0,22.0,22.0,23.0,20.0,22.0,23.0,21.0,10.0,hold,3,3,22.6052
1787153703.3762,2026-08-19 17:35:03.376,10,c3,1,0,-0.03814,-0.49682,0.03973,-4.1373,9.9996,-16.7459,-0.0633,0.0019,-0.3568,2.46184,24.0,23.0,28.0,23.0,26.0,34.0,33.0,27.0,31.0,32.0,33.0,27.0,28.0,36.0,22.0,25.0,29.0,24.0,25.0,21.0,22.0,21.0,21.0,22.0,21.0,22.0,21.0,22.0,21.0,21.0,21.0,22.0,22.0,23.0,20.0,22.0,23.0,21.0,10.0,hold,3,3,22.5805
1787153703.4264,2026-08-19 17:35:03.426,10,c3,1,0,-0.03814,-0.49682,0.03972,-3.6166,9.9144,-16.8428,-0.0615,0.0185,-0.3548,2.46235,23.0,24.0,28.0,24.0,27.0,33.0,32.0,27.0,33.0,31.0,33.0,26.0,31.0,34.0,21.0,25.0,28.0,23.0,25.0,21.0,22.0,21.0,21.0,22.0,21.0,22.0,21.0,22.0,21.0,21.0,21.0,22.0,22.0,23.0,20.0,22.0,23.0,21.0,10.0,hold,3,3,22.5761
1787153703.4766,2026-08-19 17:35:03.476,10,c3,1,0,-0.03813,-0.49682,0.03973,-4.062,9.8836,-16.7441,-0.0608,0.0045,-0.3563,2.46487,23.0,24.0,28.0,24.0,27.0,33.0,32.0,27.0,33.0,31.0,33.0,26.0,31.0,34.0,21.0,25.0,28.0,23.0,25.0,21.0,22.0,21.0,21.0,22.0,21.0,22.0,21.0,22.0,21.0,21.0,21.0,22.0,22.0,23.0,20.0,22.0,23.0,21.0,10.0,hold,3,3,22.5537
1787153703.5267,2026-08-19 17:35:03.526,10,c3,1,0,-0.03815,-0.49681,0.03971,-4.275,10.1473,-16.5249,-0.0676,0.0054,-0.3612,2.45882,23.0,25.0,26.0,25.0,27.0,32.0,31.0,25.0,31.0,33.0,37.0,25.0,28.0,36.0,24.0,23.0,29.0,26.0,25.0,21.0,22.0,21.0,21.0,22.0,21.0,22.0,21.0,22.0,21.0,21.0,21.0,22.0,22.0,23.0,20.0,22.0,23.0,21.0,10.0,hold,3,3,22.6074
1787153703.5768,2026-08-19 17:35:03.576,10,c3,1,0,-0.03814,-0.49681,0.03971,-4.197,10.0574,-16.6922,-0.0656,0.0047,-0.3626,2.46763,25.0,24.0,28.0,24.0,26.0,34.0,35.0,27.0,31.0,33.0,34.0,29.0,29.0,38.0,23.0,26.0,31.0,25.0,25.0,21.0,22.0,21.0,21.0,22.0,21.0,22.0,21.0,22.0,21.0,21.0,21.0,22.0,22.0,23.0,20.0,22.0,23.0,21.0,10.0,hold,3,3,22.529
1787153703.627,2026-08-19 17:35:03.626,10,c3,1,0,-0.03815,-0.49681,0.03971,-4.2463,10.4653,-16.6548,-0.0762,0.0021,-0.3611,2.46285,25.0,24.0,28.0,24.0,26.0,34.0,35.0,27.0,31.0,33.0,34.0,29.0,29.0,38.0,23.0,26.0,31.0,25.0,25.0,21.0,22.0,21.0,21.0,22.0,21.0,22.0,21.0,22.0,21.0,21.0,21.0,22.0,22.0,23.0,20.0,22.0,23.0,21.0,10.0,hold,3,3,22.5716
1787153703.6771,2026-08-19 17:35:03.677,10,c3,1,0,-0.03814,-0.49682,0.03971,-3.9108,10.2852,-16.6394,-0.0713,0.012,-0.3588,2.46688,24.0,24.0,28.0,23.0,26.0,34.0,32.0,27.0,32.0,31.0,35.0,26.0,30.0,35.0,24.0,24.0,30.0,26.0,25.0,21.0,22.0,21.0,21.0,22.0,21.0,22.0,21.0,22.0,21.0,21.0,21.0,22.0,22.0,23.0,20.0,22.0,23.0,21.0,10.0,hold,3,3,22.5357
1787153703.7272,2026-08-19 17:35:03.727,10,c3,1,0,-0.03813,-0.49682,0.03973,-3.9149,10.0278,-16.694,-0.0603,0.0079,-0.3614,2.46235,24.0,24.0,28.0,23.0,26.0,34.0,32.0,27.0,32.0,31.0,35.0,26.0,30.0,35.0,24.0,24.0,30.0,26.0,25.0,21.0,22.0,21.0,21.0,22.0,21.0,22.0,21.0,22.0,21.0,21.0,21.0,22.0,22.0,23.0,20.0,22.0,23.0,21.0,10.0,hold,3,3,22.5761
1787153703.7774,2026-08-19 17:35:03.777,10,c3,1,0,-0.03815,-0.49682,0.03972,-3.6687,10.3125,-16.708,-0.0729,0.0166,-0.3576,2.46587,24.0,23.0,27.0,22.0,27.0,32.0,35.0,26.0,32.0,31.0,35.0,26.0,28.0,36.0,23.0,26.0,29.0,25.0,25.0,21.0,22.0,21.0,21.0,22.0,21.0,22.0,21.0,22.0,21.0,21.0,21.0,22.0,22.0,23.0,20.0,22.0,23.0,21.0,10.0,hold,3,3,22.5447
1787153703.8274,2026-08-19 17:35:03.827,10,c3,1,0,-0.03814,-0.49682,0.03971,-4.0766,10.4313,-16.6253,-0.0708,0.0068,-0.361,2.46436,23.0,23.0,27.0,23.0,27.0,33.0,34.0,26.0,32.0,32.0,36.0,25.0,29.0,36.0,23.0,23.0,29.0,26.0,23.0,21.0,22.0,21.0,21.0,22.0,21.0,22.0,21.0,22.0,21.0,21.0,21.0,22.0,22.0,23.0,20.0,22.0,23.0,21.0,10.0,hold,3,3,22.5581
1787153703.8775,2026-08-19 17:35:03.877,10,c3,1,0,-0.03814,-0.49681,0.03972,-3.8101,10.2438,-16.6235,-0.0696,0.0147,-0.3579,2.46537,23.0,23.0,27.0,23.0,27.0,33.0,34.0,26.0,32.0,32.0,36.0,25.0,29.0,36.0,23.0,23.0,29.0,26.0,23.0,21.0,22.0,21.0,21.0,22.0,21.0,22.0,21.0,22.0,21.0,21.0,21.0,22.0,22.0,23.0,20.0,22.0,23.0,21.0,10.0,hold,3,3,22.5492
1787153703.9277,2026-08-19 17:35:03.927,10,c3,1,0,-0.03813,-0.49681,0.03971,-4.0602,10.2315,-16.7321,-0.0691,0.007,-0.3688,2.46713,24.0,25.0,28.0,23.0,27.0,33.0,34.0,25.0,31.0,30.0,37.0,25.0,29.0,34.0,24.0,24.0,28.0,26.0,24.0,21.0,22.0,21.0,21.0,22.0,21.0,22.0,21.0,22.0,21.0,21.0,21.0,22.0,22.0,23.0,20.0,22.0,23.0,21.0,10.0,hold,3,3,22.5335
1787153703.9778,2026-08-19 17:35:03.977,10,c3,1,0,-0.03814,-0.49682,0.03971,-3.6095,10.1141,-16.7585,-0.0659,0.0182,-0.3574,2.47116,24.0,25.0,28.0,23.0,27.0,33.0,34.0,25.0,31.0,30.0,37.0,25.0,29.0,34.0,24.0,24.0,28.0,26.0,24.0,21.0,22.0,21.0,21.0,22.0,21.0,22.0,21.0,22.0,21.0,21.0,21.0,22.0,22.0,23.0,20.0,22.0,23.0,21.0,10.0,hold,3,3,22.4977
1787153704.0279,2026-08-19 17:35:04.027,10,c3,1,0,-0.03813,-0.49682,0.03972,-3.8121,9.8956,-16.6211,-0.0616,0.0143,-0.3565,2.47015,24.0,24.0,26.0,24.0,27.0,30.0,35.0,27.0,32.0,32.0,37.0,29.0,29.0,36.0,24.0,25.0,29.0,25.0,25.0,21.0,22.0,21.0,21.0,22.0,21.0,22.0,21.0,22.0,21.0,21.0,21.0,22.0,22.0,23.0,20.0,22.0,23.0,21.0,10.0,hold,3,3,22.5066
1787153704.078,2026-08-19 17:35:04.078,10,c3,1,0,-0.03814,-0.49682,0.03972,-4.0198,10.3812,-16.4899,-0.0683,0.0063,-0.3576,2.46361,24.0,24.0,27.0,24.0,26.0,33.0,36.0,27.0,31.0,29.0,36.0,26.0,28.0,35.0,24.0,26.0,30.0,27.0,26.0,21.0,22.0,21.0,21.0,22.0,21.0,22.0,21.0,22.0,21.0,21.0,21.0,22.0,22.0,23.0,20.0,22.0,23.0,21.0,10.0,hold,3,3,22.5649
1787153704.1281,2026-08-19 17:35:04.128,10,c3,1,0,-0.03815,-0.49682,0.03972,-3.8198,10.2283,-16.6427,-0.0684,0.014,-0.3586,2.47041,24.0,24.0,27.0,24.0,26.0,33.0,36.0,27.0,31.0,29.0,36.0,26.0,28.0,35.0,24.0,26.0,30.0,27.0,26.0,21.0,22.0,21.0,21.0,22.0,21.0,22.0,21.0,22.0,21.0,21.0,21.0,22.0,22.0,23.0,20.0,22.0,23.0,21.0,10.0,hold,3,3,22.5044
1787153704.1782,2026-08-19 17:35:04.178,10,c3,1,0,-0.03815,-0.49682,0.03971,-4.1248,10.2389,-16.7086,-0.0709,0.0041,-0.3609,2.46562,23.0,24.0,25.0,23.0,26.0,32.0,35.0,25.0,30.0,31.0,34.0,25.0,27.0,33.0,24.0,25.0,28.0,26.0,25.0,21.0,22.0,21.0,21.0,22.0,21.0,22.0,21.0,22.0,21.0,21.0,21.0,22.0,22.0,23.0,20.0,22.0,23.0,21.0,10.0,hold,3,3,22.5469
1787153704.2284,2026-08-19 17:35:04.228,10,c3,1,0,-0.03815,-0.49682,0.03972,-3.917,10.0868,-16.5935,-0.0674,0.0091,-0.3573,2.46562,23.0,24.0,25.0,23.0,26.0,32.0,35.0,25.0,30.0,31.0,34.0,25.0,27.0,33.0,24.0,25.0,28.0,26.0,25.0,21.0,22.0,21.0,21.0,22.0,21.0,22.0,21.0,22.0,21.0,21.0,21.0,22.0,22.0,23.0,20.0,22.0,23.0,21.0,10.0,hold,3,3,22.5469
1787153704.2786,2026-08-19 17:35:04.278,10,c3,1,0,-0.03813,-0.49682,0.03972,-4.3745,10.4584,-16.3175,-0.0753,-0.0005,-0.3636,2.4699,24.0,23.0,25.0,24.0,25.0,32.0,35.0,27.0,31.0,31.0,35.0,26.0,29.0,35.0,24.0,25.0,28.0,26.0,24.0,21.0,22.0,21.0,21.0,22.0,21.0,22.0,21.0,22.0,21.0,21.0,21.0,22.0,22.0,23.0,20.0,22.0,23.0,21.0,10.0,hold,3,3,22.5089
1787153704.3288,2026-08-19 17:35:04.328,10,c3,1,0,-0.03814,-0.49681,0.03971,-4.0889,10.0244,-16.5079,-0.0662,0.0048,-0.3616,2.4631,24.0,23.0,25.0,24.0,25.0,32.0,35.0,27.0,31.0,31.0,35.0,26.0,29.0,35.0,24.0,25.0,28.0,26.0,24.0,21.0,22.0,21.0,21.0,22.0,21.0,22.0,21.0,22.0,21.0,21.0,21.0,22.0,22.0,23.0,20.0,22.0,23.0,21.0,10.0,hold,3,3,22.5693
1787153704.3788,2026-08-19 17:35:04.378,10,c3,1,0,-0.03815,-0.49683,0.03972,-3.9927,10.1719,-16.6331,-0.067,0.008,-0.3611,2.46814,24.0,24.0,26.0,24.0,26.0,33.0,34.0,25.0,32.0,31.0,37.0,25.0,28.0,35.0,23.0,22.0,29.0,26.0,24.0,21.0,22.0,21.0,21.0,22.0,21.0,22.0,21.0,22.0,21.0,21.0,21.0,22.0,22.0,23.0,20.0,22.0,23.0,21.0,10.0,hold,3,3,22.5246
1787153704.429,2026-08-19 17:35:04.429,10,c3,1,0,-0.03814,-0.49682,0.03972,-4.0508,10.4054,-16.5047,-0.0722,0.0099,-0.357,2.46512,22.0,24.0,26.0,22.0,26.0,33.0,34.0,27.0,31.0,31.0,34.0,26.0,28.0,34.0,24.0,25.0,28.0,26.0,25.0,21.0,22.0,21.0,21.0,22.0,21.0,22.0,21.0,22.0,21.0,21.0,21.0,22.0,22.0,23.0,20.0,22.0,23.0,21.0,10.0,hold,3,3,22.5514
1787153704.4791,2026-08-19 17:35:04.479,10,c3,1,0,-0.03813,-0.49682,0.03972,-4.1456,10.3091,-16.4869,-0.0709,0.0048,-0.3544,2.46814,22.0,24.0,26.0,22.0,26.0,33.0,34.0,27.0,31.0,31.0,34.0,26.0,28.0,34.0,24.0,25.0,28.0,26.0,25.0,21.0,22.0,21.0,21.0,22.0,21.0,22.0,21.0,22.0,21.0,21.0,21.0,22.0,22.0,23.0,20.0,22.0,23.0,21.0,10.0,hold,3,3,22.5246
1787153704.5292,2026-08-19 17:35:04.529,10,c3,1,0,-0.03813,-0.49682,0.03972,-4.2258,10.3881,-16.6149,-0.069,0.0024,-0.3634,2.46562,25.0,23.0,28.0,25.0,26.0,33.0,34.0,25.0,30.0,30.0,33.0,26.0,28.0,34.0,23.0,25.0,28.0,26.0,25.0,21.0,22.0,21.0,21.0,22.0,21.0,22.0,21.0,22.0,21.0,21.0,21.0,22.0,22.0,23.0,20.0,22.0,23.0,21.0,10.0,hold,3,3,22.5469
1787153704.5795,2026-08-19 17:35:04.579,10,c3,1,0,-0.03812,-0.49681,0.03971,-4.1184,10.4725,-16.7261,-0.074,0.0069,-0.3635,2.47166,25.0,23.0,28.0,25.0,26.0,33.0,34.0,25.0,30.0,30.0,33.0,26.0,28.0,34.0,23.0,25.0,28.0,26.0,25.0,21.0,22.0,21.0,21.0,22.0,21.0,22.0,21.0,22.0,21.0,21.0,21.0,22.0,22.0,23.0,20.0,22.0,23.0,21.0,10.0,hold,3,3,22.4932
1787153704.6296,2026-08-19 17:35:04.629,10,c3,1,0,-0.03814,-0.49682,0.03972,-4.0442,10.3224,-16.8454,-0.0728,0.0073,-0.363,2.47166,22.0,22.0,24.0,23.0,25.0,31.0,34.0,27.0,31.0,29.0,36.0,27.0,29.0,34.0,24.0,24.0,27.0,25.0,24.0,21.0,22.0,21.0,21.0,22.0,21.0,22.0,21.0,22.0,21.0,21.0,21.0,22.0,22.0,23.0,20.0,22.0,23.0,21.0,10.0,hold,3,3,22.4932
1787153704.6797,2026-08-19 17:35:04.679,10,c3,1,0,-0.03813,-0.49681,0.03971,-4.129,10.0063,-16.6652,-0.0645,0.0083,-0.3652,2.46713,24.0,22.0,26.0,24.0,25.0,31.0,33.0,26.0,32.0,32.0,35.0,27.0,29.0,36.0,24.0,24.0,29.0,26.0,24.0,21.0,22.0,21.0,21.0,22.0,21.0,22.0,21.0,22.0,21.0,21.0,21.0,22.0,22.0,23.0,20.0,22.0,23.0,21.0,10.0,hold,3,3,22.5335
1787153704.7298,2026-08-19 17:35:04.729,10,c3,1,0,-0.03814,-0.49682,0.03973,-4.4432,10.5153,-16.6599,-0.0775,-0.0014,-0.356,2.4694,24.0,22.0,26.0,24.0,25.0,31.0,33.0,26.0,32.0,32.0,35.0,27.0,29.0,36.0,24.0,24.0,29.0,26.0,24.0,21.0,22.0,21.0,21.0,22.0,21.0,22.0,21.0,22.0,21.0,21.0,21.0,22.0,22.0,23.0,20.0,22.0,23.0,21.0,10.0,hold,3,3,22.5134
1787153704.7799,2026-08-19 17:35:04.779,10,c3,1,0,-0.03814,-0.49682,0.03972,-3.9656,10.2253,-16.5735,-0.0714,0.0102,-0.3574,2.47368,24.0,24.0,26.0,23.0,28.0,33.0,34.0,25.0,31.0,30.0,35.0,26.0,29.0,34.0,23.0,23.0,28.0,25.0,22.0,21.0,22.0,21.0,21.0,22.0,21.0,22.0,21.0,22.0,21.0,21.0,21.0,22.0,22.0,23.0,20.0,22.0,23.0,21.0,10.0,hold,3,3,22.4753
1787153704.83,2026-08-19 17:35:04.830,10,c3,1,0,-0.03813,-0.49683,0.03973,-4.0072,10.4422,-16.6613,-0.0738,0.0045,-0.3513,2.46336,24.0,24.0,26.0,23.0,28.0,33.0,34.0,25.0,31.0,30.0,35.0,26.0,29.0,34.0,23.0,23.0,28.0,25.0,22.0,21.0,22.0,21.0,21.0,22.0,21.0,22.0,21.0,22.0,21.0,21.0,21.0,22.0,22.0,23.0,20.0,22.0,23.0,21.0,10.0,hold,3,3,22.5671
1787153704.8801,2026-08-19 17:35:04.880,10,c3,1,0,-0.03813,-0.49681,0.03971,-3.9105,10.1658,-16.8018,-0.0659,0.0095,-0.3569,2.47041,22.0,24.0,25.0,21.0,25.0,31.0,33.0,25.0,32.0,33.0,35.0,27.0,29.0,36.0,24.0,22.0,29.0,25.0,24.0,21.0,22.0,21.0,21.0,22.0,21.0,22.0,21.0,22.0,21.0,21.0,21.0,22.0,22.0,23.0,20.0,22.0,23.0,21.0,10.0,hold,3,3,22.5044
1787153704.9302,2026-08-19 17:35:04.930,10,c3,1,0,-0.03814,-0.49682,0.03972,-4.0894,10.0804,-16.7739,-0.0657,0.0067,-0.3609,2.47066,23.0,23.0,27.0,22.0,27.0,33.0,34.0,26.0,31.0,31.0,37.0,26.0,29.0,35.0,24.0,23.0,28.0,27.0,24.0,21.0,22.0,21.0,21.0,22.0,21.0,22.0,21.0,22.0,21.0,21.0,21.0,22.0,22.0,23.0,20.0,22.0,23.0,21.0,10.0,hold,3,3,22.5022
1787153704.9803,2026-08-19 17:35:04.980,10,c3,1,0,-0.03813,-0.49682,0.03973,-4.0479,10.3337,-16.3813,-0.0688,0.0075,-0.3573,2.47066,23.0,23.0,27.0,22.0,27.0,33.0,34.0,26.0,31.0,31.0,37.0,26.0,29.0,35.0,24.0,23.0,28.0,27.0,24.0,21.0,22.0,21.0,21.0,22.0,21.0,22.0,21.0,22.0,21.0,21.0,21.0,22.0,22.0,23.0,20.0,22.0,23.0,21.0,10.0,hold,3,3,22.5022
1787153705.0304,2026-08-19 17:35:05.030,10,c3,1,0,-0.03813,-0.49681,0.03973,-3.8887,10.356,-16.6057,-0.0746,0.0098,-0.3587,2.47166,24.0,24.0,28.0,24.0,26.0,33.0,34.0,25.0,31.0,32.0,35.0,25.0,28.0,34.0,23.0,24.0,30.0,27.0,24.0,21.0,22.0,21.0,21.0,22.0,21.0,22.0,21.0,22.0,21.0,21.0,21.0,22.0,22.0,23.0,20.0,22.0,23.0,21.0,10.0,hold,3,3,22.4932
1787153705.0805,2026-08-19 17:35:05.080,10,c3,1,0,-0.03814,-0.49682,0.03973,-4.0073,10.2418,-16.6876,-0.0686,0.0065,-0.3632,2.4694,24.0,24.0,28.0,24.0,26.0,33.0,34.0,25.0,31.0,32.0,35.0,25.0,28.0,34.0,23.0,24.0,30.0,27.0,24.0,21.0,22.0,21.0,21.0,22.0,21.0,22.0,21.0,22.0,21.0,21.0,21.0,22.0,22.0,23.0,20.0,22.0,23.0,21.0,10.0,hold,3,3,22.5134
1787153705.1306,2026-08-19 17:35:05.130,10,c3,1,0,-0.03815,-0.49681,0.03971,-3.8795,10.2347,-16.6365,-0.0697,0.008,-0.3621,2.47116,24.0,24.0,26.0,23.0,26.0,33.0,35.0,25.0,32.0,32.0,36.0,26.0,30.0,37.0,25.0,23.0,29.0,27.0,23.0,21.0,22.0,21.0,21.0,22.0,21.0,22.0,21.0,22.0,21.0,21.0,21.0,22.0,22.0,23.0,20.0,22.0,23.0,21.0,10.0,hold,3,3,22.4977
1787153705.1807,2026-08-19 17:35:05.180,10,c3,1,0,-0.03812,-0.49682,0.03973,-4.1837,9.987,-16.878,-0.0634,0.003,-0.3618,2.4772,23.0,23.0,28.0,21.0,27.0,33.0,35.0,26.0,31.0,33.0,36.0,26.0,29.0,35.0,22.0,23.0,28.0,24.0,23.0,21.0,22.0,21.0,21.0,22.0,21.0,22.0,21.0,22.0,21.0,21.0,21.0,22.0,22.0,23.0,20.0,22.0,23.0,21.0,10.0,hold,3,3,22.4439
1787153705.2309,2026-08-19 17:35:05.230,10,c3,1,0,-0.03812,-0.49681,0.03971,-4.0082,10.5002,-16.8282,-0.0735,0.0061,-0.3633,2.46638,23.0,23.0,28.0,21.0,27.0,33.0,35.0,26.0,31.0,33.0,36.0,26.0,29.0,35.0,22.0,23.0,28.0,24.0,23.0,21.0,22.0,21.0,21.0,22.0,21.0,22.0,21.0,22.0,21.0,21.0,21.0,22.0,22.0,23.0,20.0,22.0,23.0,21.0,10.0,hold,3,3,22.5402
1787153705.281,2026-08-19 17:35:05.281,10,c3,1,0,-0.03814,-0.49682,0.03973,-4.0017,10.1618,-16.677,-0.0653,0.0045,-0.3567,2.46915,22.0,24.0,26.0,22.0,27.0,32.0,33.0,26.0,31.0,32.0,35.0,26.0,30.0,35.0,23.0,24.0,29.0,25.0,22.0,21.0,22.0,21.0,21.0,22.0,21.0,22.0,21.0,22.0,21.0,21.0,21.0,22.0,22.0,23.0,20.0,22.0,23.0,21.0,10.0,hold,3,3,22.5156
1787153705.3311,2026-08-19 17:35:05.331,10,c3,1,0,-0.03813,-0.49683,0.03972,-4.2182,9.977,-16.846,-0.0616,0.0041,-0.358,2.46965,22.0,24.0,26.0,22.0,27.0,32.0,33.0,26.0,31.0,32.0,35.0,26.0,30.0,35.0,23.0,24.0,29.0,25.0,22.0,21.0,22.0,21.0,21.0,22.0,21.0,22.0,21.0,22.0,21.0,21.0,21.0,22.0,22.0,23.0,20.0,22.0,23.0,21.0,10.0,hold,3,3,22.5111
1787153705.3812,2026-08-19 17:35:05.381,10,c3,1,0,-0.03813,-0.49681,0.03972,-4.0836,10.4097,-16.5179,-0.0727,0.0068,-0.3607,2.4767,23.0,25.0,27.0,22.0,27.0,33.0,33.0,25.0,32.0,33.0,34.0,25.0,30.0,38.0,22.0,24.0,31.0,25.0,23.0,21.0,22.0,21.0,21.0,22.0,21.0,22.0,21.0,22.0,21.0,21.0,21.0,22.0,22.0,23.0,20.0,22.0,23.0,21.0,10.0,hold,3,3,22.4484
1787153705.4314,2026-08-19 17:35:05.431,10,c3,1,0,-0.03814,-0.49682,0.03972,-3.8335,9.9744,-16.6268,-0.0619,0.0128,-0.3626,2.47116,23.0,25.0,27.0,22.0,27.0,33.0,33.0,25.0,32.0,33.0,34.0,25.0,30.0,38.0,22.0,24.0,31.0,25.0,23.0,21.0,22.0,21.0,21.0,22.0,21.0,22.0,21.0,22.0,21.0,21.0,21.0,22.0,22.0,23.0,20.0,22.0,23.0,21.0,10.0,hold,3,3,22.4977
1787153705.4815,2026-08-19 17:35:05.481,10,c3,1,0,-0.03814,-0.49683,0.03972,-3.9397,10.2286,-16.5863,-0.0669,0.0093,-0.3606,2.4772,22.0,25.0,29.0,22.0,28.0,34.0,34.0,25.0,32.0,32.0,37.0,24.0,30.0,35.0,23.0,23.0,31.0,26.0,22.0,21.0,22.0,21.0,21.0,22.0,21.0,22.0,21.0,22.0,21.0,21.0,21.0,22.0,22.0,23.0,20.0,22.0,23.0,21.0,10.0,hold,3,3,22.4439
1787153705.5317,2026-08-19 17:35:05.531,10,c3,1,0,-0.03815,-0.49681,0.03972,-4.3767,10.5439,-16.6742,-0.0755,-0.0025,-0.3661,2.47066,23.0,24.0,28.0,22.0,28.0,33.0,36.0,27.0,32.0,32.0,34.0,25.0,27.0,36.0,22.0,23.0,30.0,25.0,25.0,21.0,22.0,21.0,21.0,22.0,21.0,22.0,21.0,22.0,21.0,21.0,21.0,22.0,22.0,23.0,20.0,22.0,23.0,21.0,10.0,hold,3,3,22.5022
1787153705.5818,2026-08-19 17:35:05.581,10,c3,1,0,-0.03814,-0.49682,0.03972,-4.3244,10.5772,-16.5376,-0.0768,-0.0009,-0.3631,2.46864,23.0,24.0,28.0,22.0,28.0,33.0,36.0,27.0,32.0,32.0,34.0,25.0,27.0,36.0,22.0,23.0,30.0,25.0,25.0,21.0,22.0,21.0,21.0,22.0,21.0,22.0,21.0,22.0,21.0,21.0,21.0,22.0,22.0,23.0,20.0,22.0,23.0,21.0,10.0,hold,3,3,22.5201
1787153705.6319,2026-08-19 17:35:05.631,10,c3,1,0,-0.03813,-0.49681,0.03971,-4.1783,10.33,-16.5331,-0.069,0.0037,-0.3641,2.4772,23.0,24.0,27.0,24.0,26.0,34.0,33.0,26.0,33.0,32.0,35.0,25.0,31.0,36.0,24.0,23.0,30.0,26.0,24.0,21.0,22.0,21.0,21.0,22.0,21.0,22.0,21.0,22.0,21.0,21.0,21.0,22.0,22.0,23.0,20.0,22.0,23.0,21.0,10.0,hold,3,3,22.4439
1787153705.682,2026-08-19 17:35:05.682,10,c3,1,0,-0.03812,-0.49682,0.03972,-4.0373,10.3218,-16.5507,-0.0685,0.0056,-0.3592,2.47871,23.0,24.0,27.0,24.0,26.0,34.0,33.0,26.0,33.0,32.0,35.0,25.0,31.0,36.0,24.0,23.0,30.0,26.0,24.0,21.0,22.0,21.0,21.0,22.0,21.0,22.0,21.0,22.0,21.0,21.0,21.0,22.0,22.0,23.0,20.0,22.0,23.0,21.0,10.0,hold,3,3,22.4305
1787153705.7321,2026-08-19 17:35:05.732,10,c3,1,0,-0.03814,-0.49682,0.03972,-4.0318,10.1852,-16.5907,-0.0666,0.0121,-0.363,2.47166,23.0,26.0,28.0,23.0,28.0,34.0,34.0,26.0,31.0,31.0,36.0,26.0,29.0,36.0,26.0,25.0,31.0,26.0,25.0,21.0,22.0,21.0,21.0,22.0,21.0,22.0,21.0,22.0,21.0,21.0,21.0,22.0,22.0,23.0,20.0,22.0,23.0,21.0,10.0,hold,3,3,22.4932
1787153705.7822,2026-08-19 17:35:05.782,10,c3,1,0,-0.03813,-0.49682,0.03972,-4.1818,10.3147,-16.6741,-0.067,0.0059,-0.3653,2.47242,24.0,24.0,28.0,24.0,26.0,33.0,35.0,27.0,32.0,31.0,35.0,28.0,30.0,36.0,23.0,23.0,29.0,26.0,24.0,21.0,22.0,21.0,21.0,22.0,21.0,22.0,21.0,22.0,21.0,21.0,21.0,22.0,22.0,23.0,20.0,22.0,23.0,21.0,10.0,hold,3,3,22.4865
1787153705.8324,2026-08-19 17:35:05.832,10,c3,1,0,-0.03814,-0.49682,0.03972,-4.4104,10.578,-16.5415,-0.0771,-0.0005,-0.364,2.47947,24.0,24.0,28.0,24.0,26.0,33.0,35.0,27.0,32.0,31.0,35.0,28.0,30.0,36.0,23.0,23.0,29.0,26.0,24.0,21.0,22.0,21.0,21.0,22.0,21.0,22.0,21.0,22.0,21.0,21.0,21.0,22.0,22.0,23.0,20.0,22.0,23.0,21.0,10.0,hold,3,3,22.4237
1787153705.8825,2026-08-19 17:35:05.882,10,c3,1,0,-0.03814,-0.49682,0.03972,-4.0834,10.224,-16.5927,-0.0697,0.0055,-0.358,2.47317,23.0,25.0,27.0,24.0,26.0,33.0,32.0,25.0,30.0,32.0,35.0,27.0,28.0,35.0,23.0,23.0,31.0,24.0,24.0,21.0,22.0,21.0,21.0,22.0,21.0,22.0,21.0,22.0,21.0,21.0,21.0,22.0,22.0,23.0,20.0,22.0,23.0,21.0,10.0,hold,3,3,22.4798
1787153705.9326,2026-08-19 17:35:05.932,10,c3,0,0,-0.03812,-0.49682,0.03973,-4.0468,10.0295,-16.6695,-0.0655,0.0061,-0.3587,2.48274,23.0,25.0,27.0,24.0,26.0,33.0,32.0,25.0,30.0,32.0,35.0,27.0,28.0,35.0,23.0,23.0,31.0,24.0,24.0,21.0,22.0,21.0,21.0,22.0,21.0,22.0,21.0,22.0,21.0,21.0,21.0,22.0,22.0,23.0,20.0,22.0,23.0,21.0,10.0,retract,3,3,22.3946
1787153705.9828,2026-08-19 17:35:05.982,10,c3,0,0,-0.03814,-0.49681,0.03975,-4.1226,10.0027,-16.7357,-0.064,0.0038,-0.3633,2.51824,24.0,24.0,26.0,22.0,27.0,33.0,33.0,26.0,31.0,32.0,33.0,27.0,28.0,37.0,23.0,25.0,30.0,25.0,24.0,21.0,22.0,21.0,21.0,22.0,21.0,22.0,21.0,22.0,21.0,21.0,21.0,22.0,22.0,23.0,20.0,22.0,23.0,21.0,10.0,retract,3,3,22.0788
1787153706.0329,2026-08-19 17:35:06.032,10,c3,0,0,-0.03813,-0.49681,0.03983,-4.0575,10.2649,-16.9121,-0.071,0.0064,-0.3602,2.57892,24.0,24.0,29.0,23.0,26.0,35.0,33.0,26.0,33.0,31.0,36.0,26.0,30.0,35.0,24.0,25.0,30.0,25.0,22.0,21.0,22.0,21.0,21.0,22.0,21.0,22.0,21.0,22.0,21.0,21.0,21.0,22.0,22.0,23.0,20.0,22.0,23.0,21.0,10.0,retract,3,3,21.539
1787153706.083,2026-08-19 17:35:06.083,10,c3,0,0,-0.03813,-0.49682,0.03994,-3.943,9.8717,-17.3311,-0.0608,0.0147,-0.3592,2.67132,24.0,24.0,29.0,23.0,26.0,35.0,33.0,26.0,33.0,31.0,36.0,26.0,30.0,35.0,24.0,25.0,30.0,25.0,22.0,21.0,22.0,21.0,21.0,22.0,21.0,22.0,21.0,22.0,21.0,21.0,21.0,22.0,22.0,23.0,20.0,22.0,23.0,21.0,10.0,retract,3,3,20.717
1787153706.1331,2026-08-19 17:35:06.133,10,c3,0,0,-0.03813,-0.49681,0.0401,-3.8944,10.1931,-17.7441,-0.0666,0.0128,-0.3536,2.80325,23.0,25.0,26.0,22.0,28.0,33.0,34.0,29.0,32.0,31.0,35.0,27.0,29.0,35.0,24.0,27.0,29.0,26.0,27.0,21.0,22.0,21.0,21.0,22.0,21.0,22.0,21.0,22.0,21.0,21.0,21.0,22.0,22.0,23.0,20.0,22.0,23.0,21.0,10.0,retract,3,3,19.5432
1787153706.1832,2026-08-19 17:35:06.183,10,c3,0,0,-0.03813,-0.49681,0.04031,-4.0349,10.3356,-18.0662,-0.0764,0.0085,-0.3581,2.95482,23.0,25.0,26.0,22.0,28.0,33.0,34.0,29.0,32.0,31.0,35.0,27.0,29.0,35.0,24.0,27.0,29.0,26.0,27.0,21.0,22.0,21.0,21.0,22.0,21.0,22.0,21.0,22.0,21.0,21.0,21.0,22.0,22.0,23.0,20.0,22.0,23.0,21.0,10.0,retract,3,3,18.1948
1787153706.2333,2026-08-19 17:35:06.233,10,c3,0,0,-0.03813,-0.4968,0.04052,-3.9661,10.3619,-18.9464,-0.0751,0.0103,-0.3559,3.0802,24.0,25.0,27.0,25.0,28.0,33.0,34.0,27.0,31.0,33.0,35.0,28.0,31.0,35.0,26.0,26.0,28.0,27.0,25.0,21.0,22.0,21.0,21.0,22.0,21.0,22.0,21.0,22.0,21.0,21.0,21.0,22.0,22.0,23.0,20.0,22.0,23.0,21.0,10.0,retract,3,3,17.0794
1787153706.2834,2026-08-19 17:35:06.283,10,c3,0,0,-0.03812,-0.49679,0.04074,-4.018,10.2215,-19.5748,-0.072,0.01,-0.3587,3.21566,24.0,24.0,26.0,25.0,27.0,34.0,35.0,26.0,31.0,30.0,35.0,26.0,29.0,36.0,24.0,25.0,29.0,25.0,25.0,21.0,22.0,21.0,21.0,22.0,21.0,22.0,21.0,22.0,21.0,21.0,21.0,22.0,22.0,23.0,20.0,22.0,23.0,21.0,10.0,retract,3,3,15.8743
1787153706.3335,2026-08-19 17:35:06.333,10,c3,0,0,-0.03814,-0.49678,0.041,-4.2711,10.2018,-20.1071,-0.0731,0.0046,-0.3617,3.37402,24.0,24.0,26.0,25.0,27.0,34.0,35.0,26.0,31.0,30.0,35.0,26.0,29.0,36.0,24.0,25.0,29.0,25.0,25.0,21.0,22.0,21.0,21.0,22.0,21.0,22.0,21.0,22.0,21.0,21.0,21.0,22.0,22.0,23.0,20.0,22.0,23.0,21.0,10.0,retract,3,3,14.4654
1787153706.3836,2026-08-19 17:35:06.383,10,c3,0,0,-0.03811,-0.49676,0.0413,-4.1618,10.3076,-20.7391,-0.0773,0.0086,-0.3587,3.54498,23.0,24.0,27.0,23.0,28.0,33.0,34.0,27.0,30.0,29.0,31.0,27.0,28.0,34.0,22.0,25.0,29.0,24.0,23.0,21.0,22.0,21.0,21.0,22.0,21.0,22.0,21.0,22.0,21.0,21.0,21.0,22.0,22.0,23.0,20.0,22.0,23.0,21.0,10.0,retract,3,3,12.9445
1787153706.4337,2026-08-19 17:35:06.433,10,c3,0,0,-0.03812,-0.49675,0.04161,-4.2442,10.1031,-21.1994,-0.0705,0.0095,-0.3672,3.70838,23.0,24.0,27.0,23.0,28.0,33.0,34.0,27.0,30.0,29.0,31.0,27.0,28.0,34.0,22.0,25.0,29.0,24.0,23.0,21.0,22.0,21.0,21.0,22.0,21.0,22.0,21.0,22.0,21.0,21.0,21.0,22.0,22.0,23.0,20.0,22.0,23.0,21.0,10.0,retract,3,3,11.4908
1787153706.4837,2026-08-19 17:35:06.483,10,c3,0,0,-0.03811,-0.49674,0.04196,-4.1808,9.9159,-21.856,-0.0689,0.0079,-0.3565,3.86498,23.0,25.0,26.0,23.0,28.0,32.0,32.0,26.0,30.0,30.0,34.0,28.0,27.0,34.0,23.0,26.0,29.0,24.0,25.0,21.0,22.0,21.0,21.0,22.0,21.0,22.0,21.0,22.0,21.0,21.0,21.0,22.0,22.0,23.0,20.0,22.0,23.0,21.0,10.0,retract,3,3,10.0976
1787153706.5338,2026-08-19 17:35:06.533,10,c3,0,0,-0.03812,-0.49674,0.0423,-3.8992,10.0803,-22.3308,-0.0739,0.0191,-0.3597,4.0241,23.0,25.0,26.0,23.0,28.0,32.0,32.0,26.0,30.0,30.0,34.0,28.0,27.0,34.0,23.0,26.0,29.0,24.0,25.0,21.0,22.0,21.0,21.0,22.0,21.0,22.0,21.0,22.0,21.0,21.0,21.0,22.0,22.0,23.0,20.0,22.0,23.0,21.0,10.0,retract,3,3,8.682
1787153706.5839,2026-08-19 17:35:06.583,10,c3,0,0,-0.03813,-0.49681,0.04266,-4.2002,10.4345,-23.0277,-0.078,0.007,-0.3676,4.17819,24.0,24.0,26.0,24.0,27.0,32.0,32.0,27.0,28.0,29.0,32.0,27.0,26.0,33.0,24.0,25.0,28.0,25.0,25.0,21.0,22.0,21.0,21.0,22.0,21.0,22.0,21.0,22.0,21.0,21.0,21.0,22.0,22.0,23.0,20.0,22.0,23.0,21.0,10.0,retract,3,3,7.3112
1787153706.634,2026-08-19 17:35:06.634,10,c3,0,0,-0.03811,-0.4968,0.04298,-4.0682,10.1201,-23.2414,-0.0706,0.0115,-0.3556,4.29828,23.0,23.0,25.0,22.0,26.0,31.0,30.0,26.0,29.0,30.0,32.0,24.0,28.0,32.0,26.0,24.0,27.0,25.0,25.0,21.0,22.0,21.0,21.0,22.0,21.0,22.0,21.0,22.0,21.0,21.0,21.0,22.0,22.0,23.0,20.0,22.0,23.0,21.0,10.0,retract,3,3,6.2428
1787153706.6841,2026-08-19 17:35:06.684,10,c3,0,0,-0.03813,-0.49679,0.0433,-4.1321,10.3488,-23.8885,-0.0734,0.0103,-0.3638,4.39975,23.0,23.0,25.0,22.0,26.0,31.0,30.0,26.0,29.0,30.0,32.0,24.0,28.0,32.0,26.0,24.0,27.0,25.0,25.0,21.0,22.0,21.0,21.0,22.0,21.0,22.0,21.0,22.0,21.0,21.0,21.0,22.0,22.0,23.0,20.0,22.0,23.0,21.0,10.0,retract,3,3,5.3401
1787153706.7343,2026-08-19 17:35:06.734,10,c3,0,0,-0.0381,-0.49677,0.04362,-3.994,10.1558,-24.4186,-0.0744,0.0143,-0.3588,4.50474,22.0,25.0,27.0,21.0,27.0,32.0,31.0,25.0,27.0,28.0,30.0,25.0,26.0,30.0,26.0,25.0,27.0,26.0,25.0,21.0,22.0,21.0,21.0,22.0,21.0,22.0,21.0,22.0,21.0,21.0,21.0,22.0,22.0,23.0,20.0,22.0,23.0,21.0,10.0,retract,3,3,4.4061
1787153706.7844,2026-08-19 17:35:06.784,10,c3,0,0,-0.03812,-0.49677,0.04395,-4.0531,10.2859,-24.7584,-0.0767,0.0125,-0.3579,4.60192,22.0,25.0,27.0,21.0,27.0,32.0,31.0,25.0,27.0,28.0,30.0,25.0,26.0,30.0,26.0,25.0,27.0,26.0,25.0,21.0,22.0,21.0,21.0,22.0,21.0,22.0,21.0,22.0,21.0,21.0,21.0,22.0,22.0,23.0,20.0,22.0,23.0,21.0,10.0,retract,3,3,3.5415
1787153706.8345,2026-08-19 17:35:06.834,10,c3,0,0,-0.03815,-0.49679,0.04433,-4.0712,10.0724,-24.8228,-0.0701,0.0146,-0.3604,4.67595,24.0,24.0,25.0,23.0,26.0,30.0,30.0,23.0,26.0,29.0,29.0,23.0,25.0,29.0,25.0,24.0,26.0,25.0,23.0,21.0,22.0,21.0,21.0,22.0,21.0,22.0,21.0,22.0,21.0,21.0,21.0,22.0,22.0,23.0,20.0,22.0,23.0,21.0,10.0,retract,3,3,2.8829
1787153706.8847,2026-08-19 17:35:06.884,10,c3,0,0,-0.03812,-0.4968,0.04466,-4.2761,10.3798,-24.9802,-0.0774,0.0077,-0.3657,4.69659,24.0,22.0,27.0,22.0,24.0,31.0,28.0,23.0,27.0,29.0,30.0,22.0,27.0,29.0,26.0,24.0,27.0,27.0,23.0,21.0,22.0,21.0,21.0,22.0,21.0,22.0,21.0,22.0,21.0,21.0,21.0,22.0,22.0,23.0,20.0,22.0,23.0,21.0,10.0,retract,3,3,2.6993
1787153706.9348,2026-08-19 17:35:06.934,10,c3,0,0,-0.03813,-0.49681,0.04501,-4.5143,10.3086,-24.8697,-0.0733,0.0041,-0.3677,4.6986,24.0,22.0,27.0,22.0,24.0,31.0,28.0,23.0,27.0,29.0,30.0,22.0,27.0,29.0,26.0,24.0,27.0,27.0,23.0,21.0,22.0,21.0,21.0,22.0,21.0,22.0,21.0,22.0,21.0,21.0,21.0,22.0,22.0,23.0,20.0,22.0,23.0,21.0,10.0,retract,3,3,2.6813
1787153706.9849,2026-08-19 17:35:06.984,10,c3,0,0,-0.03813,-0.4968,0.04535,-4.2402,10.1132,-24.9599,-0.0702,0.0073,-0.3659,4.68702,23.0,24.0,26.0,22.0,26.0,32.0,28.0,26.0,24.0,26.0,26.0,26.0,24.0,27.0,23.0,26.0,25.0,26.0,24.0,21.0,22.0,21.0,21.0,22.0,21.0,22.0,21.0,22.0,21.0,21.0,21.0,22.0,22.0,23.0,20.0,22.0,23.0,21.0,10.0,retract,3,3,2.7844
1787153707.0351,2026-08-19 17:35:07.035,10,c3,0,0,-0.03813,-0.49679,0.04566,-4.5506,10.2671,-25.059,-0.0713,0.0007,-0.3651,4.69735,23.0,24.0,26.0,22.0,26.0,32.0,28.0,26.0,24.0,26.0,26.0,26.0,24.0,27.0,23.0,26.0,25.0,26.0,24.0,21.0,22.0,21.0,21.0,22.0,21.0,22.0,21.0,22.0,21.0,21.0,21.0,22.0,22.0,23.0,20.0,22.0,23.0,21.0,10.0,retract,3,3,2.6925
1787153707.0852,2026-08-19 17:35:07.085,10,c3,0,0,-0.03812,-0.49678,0.046,-4.3324,10.3472,-24.8886,-0.0752,0.0084,-0.3682,4.69684,25.0,24.0,22.0,22.0,24.0,27.0,26.0,25.0,24.0,25.0,29.0,25.0,24.0,25.0,25.0,24.0,25.0,25.0,24.0,21.0,22.0,21.0,21.0,22.0,21.0,22.0,21.0,22.0,21.0,21.0,21.0,22.0,22.0,23.0,20.0,22.0,23.0,21.0,10.0,retract,3,3,2.697
1787153707.1353,2026-08-19 17:35:07.135,10,c3,0,0,-0.03814,-0.4968,0.04633,-4.2374,10.2989,-24.9706,-0.0761,0.0107,-0.3634,4.70112,23.0,23.0,24.0,22.0,24.0,28.0,27.0,24.0,24.0,27.0,27.0,24.0,25.0,25.0,24.0,25.0,25.0,25.0,23.0,21.0,22.0,21.0,21.0,22.0,21.0,22.0,21.0,22.0,21.0,21.0,21.0,22.0,22.0,23.0,20.0,22.0,23.0,21.0,10.0,retract,3,3,2.6589
1787153707.1854,2026-08-19 17:35:07.185,10,c3,0,0,-0.03812,-0.49681,0.04669,-4.0725,10.1229,-25.0322,-0.075,0.0132,-0.359,4.70389,23.0,23.0,24.0,22.0,24.0,28.0,27.0,24.0,24.0,27.0,27.0,24.0,25.0,25.0,24.0,25.0,25.0,25.0,23.0,21.0,22.0,21.0,21.0,22.0,21.0,22.0,21.0,22.0,21.0,21.0,21.0,22.0,22.0,23.0,20.0,22.0,23.0,21.0,10.0,retract,3,3,2.6343
1787153707.2355,2026-08-19 17:35:07.235,10,c3,0,0,-0.03813,-0.49682,0.04705,-4.3121,10.3726,-24.8231,-0.0785,0.0066,-0.3639,4.69508,24.0,25.0,24.0,21.0,24.0,26.0,24.0,22.0,23.0,25.0,27.0,21.0,24.0,27.0,23.0,22.0,25.0,25.0,23.0,21.0,22.0,21.0,21.0,22.0,21.0,22.0,21.0,22.0,21.0,21.0,21.0,22.0,22.0,23.0,20.0,22.0,23.0,21.0,10.0,retract,3,3,2.7127
1787153707.2857,2026-08-19 17:35:07.285,10,c3,0,0,-0.03813,-0.49682,0.04737,-4.3631,10.3317,-24.9035,-0.0793,0.0074,-0.3594,4.6981,24.0,25.0,24.0,21.0,24.0,26.0,24.0,22.0,23.0,25.0,27.0,21.0,24.0,27.0,23.0,22.0,25.0,25.0,23.0,21.0,22.0,21.0,21.0,22.0,21.0,22.0,21.0,22.0,21.0,21.0,21.0,22.0,22.0,23.0,20.0,22.0,23.0,21.0,10.0,retract,3,3,2.6858
1787153707.3358,2026-08-19 17:35:07.335,10,c3,0,0,-0.03813,-0.49681,0.0477,-3.8197,10.072,-25.0331,-0.071,0.0205,-0.3593,4.69256,21.0,23.0,23.0,20.0,23.0,26.0,25.0,23.0,24.0,24.0,25.0,23.0,25.0,25.0,25.0,22.0,25.0,25.0,22.0,21.0,22.0,21.0,21.0,22.0,21.0,22.0,21.0,22.0,21.0,21.0,21.0,22.0,22.0,23.0,20.0,22.0,23.0,21.0,10.0,retract,3,3,2.7351
1787153707.3859,2026-08-19 17:35:07.385,10,c3,0,0,-0.03813,-0.4968,0.04802,-3.8928,10.4578,-25.0969,-0.0801,0.019,-0.359,4.69533,21.0,23.0,23.0,20.0,23.0,26.0,25.0,23.0,24.0,24.0,25.0,23.0,25.0,25.0,25.0,22.0,25.0,25.0,22.0,21.0,22.0,21.0,21.0,22.0,21.0,22.0,21.0,22.0,21.0,21.0,21.0,22.0,22.0,23.0,20.0,22.0,23.0,21.0,10.0,retract,3,3,2.7105
1787153707.436,2026-08-19 17:35:07.436,10,c3,0,0,-0.03811,-0.4968,0.04831,-4.3316,10.3418,-25.147,-0.0769,0.0054,-0.36,4.6908,22.0,23.0,23.0,21.0,24.0,27.0,24.0,24.0,21.0,22.0,24.0,25.0,23.0,23.0,22.0,25.0,24.0,22.0,26.0,21.0,22.0,21.0,21.0,22.0,21.0,22.0,21.0,22.0,21.0,21.0,21.0,22.0,22.0,23.0,20.0,22.0,23.0,21.0,10.0,retract,3,3,2.7508
1787153707.4861,2026-08-19 17:35:07.486,10,c3,0,0,-0.03811,-0.49679,0.04858,-4.3752,10.2705,-25.1075,-0.0738,0.006,-0.3677,4.68954,24.0,22.0,23.0,23.0,23.0,25.0,22.0,23.0,22.0,24.0,24.0,23.0,23.0,24.0,23.0,23.0,22.0,23.0,23.0,21.0,22.0,21.0,21.0,22.0,21.0,22.0,21.0,22.0,21.0,21.0,21.0,22.0,22.0,23.0,20.0,22.0,23.0,21.0,10.0,retract,3,3,2.762
1787153707.5362,2026-08-19 17:35:07.536,10,c3,0,0,-0.03811,-0.49677,0.04882,-4.0975,10.1523,-24.8719,-0.0696,0.0127,-0.3622,4.6913,24.0,22.0,23.0,23.0,23.0,25.0,22.0,23.0,22.0,24.0,24.0,23.0,23.0,24.0,23.0,23.0,22.0,23.0,23.0,21.0,22.0,21.0,21.0,22.0,21.0,22.0,21.0,22.0,21.0,21.0,21.0,22.0,22.0,23.0,20.0,22.0,23.0,21.0,10.0,retract,3,3,2.7463
1787153707.5863,2026-08-19 17:35:07.586,10,c3,0,0,-0.03814,-0.49679,0.04907,-4.2763,10.2634,-25.0436,-0.0716,0.0071,-0.3669,4.6981,21.0,23.0,22.0,22.0,24.0,24.0,24.0,23.0,22.0,23.0,26.0,21.0,24.0,25.0,25.0,23.0,24.0,24.0,23.0,21.0,22.0,21.0,21.0,22.0,21.0,22.0,21.0,22.0,21.0,21.0,21.0,22.0,22.0,23.0,20.0,22.0,23.0,21.0,10.0,retract,3,3,2.6858
1787153707.6365,2026-08-19 17:35:07.636,10,c3,0,0,-0.03813,-0.49682,0.04929,-4.2858,10.2899,-24.8633,-0.0782,0.0084,-0.3569,4.69684,21.0,23.0,22.0,22.0,24.0,24.0,24.0,23.0,22.0,23.0,26.0,21.0,24.0,25.0,25.0,23.0,24.0,24.0,23.0,21.0,22.0,21.0,21.0,22.0,21.0,22.0,21.0,22.0,21.0,21.0,21.0,22.0,22.0,23.0,20.0,22.0,23.0,21.0,10.0,retract,3,3,2.697
1787153707.6866,2026-08-19 17:35:07.686,10,c3,0,0,-0.03815,-0.49682,0.04942,-4.1257,10.2187,-25.0062,-0.0771,0.0132,-0.3667,4.68526,21.0,23.0,21.0,20.0,23.0,24.0,25.0,23.0,23.0,24.0,26.0,22.0,23.0,24.0,24.0,23.0,24.0,25.0,23.0,21.0,22.0,21.0,21.0,22.0,21.0,22.0,21.0,22.0,21.0,21.0,21.0,22.0,22.0,23.0,20.0,22.0,23.0,21.0,10.0,retract,3,3,2.8001
1787153707.7367,2026-08-19 17:35:07.736,10,c3,0,0,-0.03813,-0.4968,0.04949,-4.1546,10.2906,-25.0692,-0.0731,0.0119,-0.3601,4.68853,22.0,23.0,23.0,21.0,25.0,25.0,26.0,22.0,23.0,24.0,27.0,22.0,25.0,24.0,23.0,24.0,23.0,24.0,22.0,21.0,22.0,21.0,21.0,22.0,21.0,22.0,21.0,22.0,21.0,21.0,21.0,22.0,22.0,23.0,20.0,22.0,23.0,21.0,10.0,retract,3,3,2.7709
1787153707.7869,2026-08-19 17:35:07.786,10,c3,0,0,-0.03814,-0.4968,0.04956,-4.1252,10.1679,-25.1294,-0.0712,0.0141,-0.3634,4.69181,22.0,23.0,23.0,21.0,25.0,25.0,26.0,22.0,23.0,24.0,27.0,22.0,25.0,24.0,23.0,24.0,23.0,24.0,22.0,21.0,22.0,21.0,21.0,22.0,21.0,22.0,21.0,22.0,21.0,21.0,21.0,22.0,22.0,23.0,20.0,22.0,23.0,21.0,10.0,retract,3,3,2.7418
1787153707.837,2026-08-19 17:35:07.836,10,c3,0,0,-0.03814,-0.49679,0.04961,-3.9712,10.0083,-25.0243,-0.0728,0.0145,-0.3591,4.69382,22.0,23.0,22.0,22.0,23.0,24.0,24.0,24.0,22.0,22.0,22.0,22.0,23.0,24.0,21.0,22.0,23.0,22.0,23.0,21.0,22.0,21.0,21.0,22.0,21.0,22.0,21.0,22.0,21.0,21.0,21.0,22.0,22.0,23.0,20.0,22.0,23.0,21.0,10.0,retract,3,3,2.7239
1787153707.8871,2026-08-19 17:35:07.887,10,c3,0,0,-0.03813,-0.4968,0.04965,-3.7479,10.3452,-24.9965,-0.0784,0.022,-0.3577,4.68778,22.0,23.0,22.0,22.0,23.0,24.0,24.0,24.0,22.0,22.0,22.0,22.0,23.0,24.0,21.0,22.0,23.0,22.0,23.0,21.0,22.0,21.0,21.0,22.0,21.0,22.0,21.0,22.0,21.0,21.0,21.0,22.0,22.0,23.0,20.0,22.0,23.0,21.0,10.0,retract,3,3,2.7777
1787153707.9371,2026-08-19 17:35:07.937,10,c3,0,0,-0.03814,-0.49682,0.0497,-4.1896,10.2426,-24.9442,-0.0735,0.01,-0.3617,4.69558,20.0,22.0,22.0,20.0,23.0,24.0,22.0,23.0,22.0,23.0,25.0,21.0,22.0,24.0,23.0,23.0,23.0,24.0,23.0,21.0,22.0,21.0,21.0,22.0,21.0,22.0,21.0,22.0,21.0,21.0,21.0,22.0,22.0,23.0,20.0,22.0,23.0,21.0,10.0,post,3,3,2.7082
1787153707.9872,2026-08-19 17:35:07.987,10,c3,0,0,-0.03816,-0.49682,0.04972,-4.1341,10.5306,-25.021,-0.08,0.0112,-0.3621,4.69609,22.0,22.0,23.0,20.0,23.0,25.0,24.0,24.0,21.0,23.0,25.0,23.0,23.0,22.0,23.0,25.0,22.0,25.0,22.0,21.0,22.0,21.0,21.0,22.0,21.0,22.0,21.0,22.0,21.0,21.0,21.0,22.0,22.0,23.0,20.0,22.0,23.0,21.0,10.0,post,3,3,2.7037
1787153708.0373,2026-08-19 17:35:08.037,10,c3,0,0,-0.03815,-0.49681,0.04971,-4.204,10.5363,-25.001,-0.0805,0.0122,-0.3604,4.69332,22.0,22.0,23.0,20.0,23.0,25.0,24.0,24.0,21.0,23.0,25.0,23.0,23.0,22.0,23.0,25.0,22.0,25.0,22.0,21.0,22.0,21.0,21.0,22.0,21.0,22.0,21.0,22.0,21.0,21.0,21.0,22.0,22.0,23.0,20.0,22.0,23.0,21.0,10.0,post,3,3,2.7284
1787153708.0875,2026-08-19 17:35:08.087,10,c3,0,0,-0.03816,-0.49681,0.04971,-4.0709,10.0009,-25.0083,-0.0689,0.0149,-0.3619,4.69231,23.0,24.0,23.0,21.0,22.0,24.0,26.0,22.0,21.0,23.0,23.0,21.0,22.0,23.0,23.0,22.0,24.0,24.0,23.0,21.0,22.0,21.0,21.0,22.0,21.0,22.0,21.0,22.0,21.0,21.0,21.0,22.0,22.0,23.0,20.0,22.0,23.0,21.0,10.0,post,3,3,2.7373
1787153708.1376,2026-08-19 17:35:08.137,10,c3,0,0,-0.03812,-0.49681,0.0497,-4.5771,10.7087,-24.9457,-0.0843,0.0035,-0.369,4.68199,23.0,24.0,23.0,21.0,22.0,24.0,26.0,22.0,21.0,23.0,23.0,21.0,22.0,23.0,23.0,22.0,24.0,24.0,23.0,21.0,22.0,21.0,21.0,22.0,21.0,22.0,21.0,22.0,21.0,21.0,21.0,22.0,22.0,23.0,20.0,22.0,23.0,21.0,10.0,post,3,3,2.8292
1787153708.1877,2026-08-19 17:35:08.187,10,c3,0,0,-0.03814,-0.49681,0.04972,-4.3068,10.1426,-25.222,-0.0737,0.0091,-0.3653,4.69382,21.0,21.0,23.0,19.0,20.0,24.0,22.0,23.0,22.0,22.0,26.0,22.0,23.0,24.0,23.0,23.0,23.0,22.0,24.0,21.0,22.0,21.0,21.0,22.0,21.0,22.0,21.0,22.0,21.0,21.0,21.0,22.0,22.0,23.0,20.0,22.0,23.0,21.0,10.0,post,3,3,2.7239
1787153708.2378,2026-08-19 17:35:08.237,10,c3,0,0,-0.03812,-0.49683,0.04973,-3.7124,10.1323,-25.264,-0.0738,0.0222,-0.3616,4.68879,20.0,22.0,23.0,20.0,23.0,24.0,24.0,23.0,22.0,20.0,24.0,22.0,23.0,21.0,22.0,22.0,22.0,24.0,24.0,21.0,22.0,21.0,21.0,22.0,21.0,22.0,21.0,22.0,21.0,21.0,21.0,22.0,22.0,23.0,20.0,22.0,23.0,21.0,10.0,post,3,3,2.7687
1787153708.2879,2026-08-19 17:35:08.287,10,c3,0,0,-0.03813,-0.4968,0.0497,-4.1546,10.2125,-25.2501,-0.0744,0.0127,-0.3569,4.69458,20.0,22.0,23.0,20.0,23.0,24.0,24.0,23.0,22.0,20.0,24.0,22.0,23.0,21.0,22.0,22.0,22.0,24.0,24.0,21.0,22.0,21.0,21.0,22.0,21.0,22.0,21.0,22.0,21.0,21.0,21.0,22.0,22.0,23.0,20.0,22.0,23.0,21.0,10.0,post,3,3,2.7172
1787153708.338,2026-08-19 17:35:08.338,10,c3,0,0,-0.03813,-0.49681,0.0497,-4.0911,10.3083,-25.2425,-0.0742,0.013,-0.3637,4.68602,22.0,24.0,19.0,21.0,24.0,22.0,25.0,24.0,21.0,22.0,25.0,23.0,22.0,22.0,22.0,24.0,24.0,25.0,24.0,21.0,22.0,21.0,21.0,22.0,21.0,22.0,21.0,22.0,21.0,21.0,21.0,22.0,22.0,23.0,20.0,22.0,23.0,21.0,10.0,post,3,3,2.7933
1787153708.3881,2026-08-19 17:35:08.388,10,c3,0,0,-0.03813,-0.49681,0.04972,-4.3178,10.4185,-25.011,-0.078,0.0083,-0.3608,4.69609,22.0,24.0,19.0,21.0,24.0,22.0,25.0,24.0,21.0,22.0,25.0,23.0,22.0,22.0,22.0,24.0,24.0,25.0,24.0,21.0,22.0,21.0,21.0,22.0,21.0,22.0,21.0,22.0,21.0,21.0,21.0,22.0,22.0,23.0,20.0,22.0,23.0,21.0,10.0,post,3,3,2.7037
1787153708.4383,2026-08-19 17:35:08.438,10,c3,0,0,-0.03814,-0.49681,0.04971,-4.1504,10.5678,-25.0174,-0.0861,0.0121,-0.3617,4.69206,22.0,22.0,21.0,22.0,23.0,22.0,24.0,23.0,23.0,22.0,27.0,22.0,23.0,23.0,23.0,21.0,22.0,24.0,22.0,21.0,22.0,21.0,21.0,22.0,21.0,22.0,21.0,22.0,21.0,21.0,21.0,22.0,22.0,23.0,20.0,22.0,23.0,21.0,10.0,post,3,3,2.7396
1787153708.4884,2026-08-19 17:35:08.488,10,c3,0,0,-0.03816,-0.49681,0.04972,-4.0424,10.4277,-25.1812,-0.0789,0.0142,-0.3607,4.69206,22.0,22.0,21.0,22.0,23.0,22.0,24.0,23.0,23.0,22.0,27.0,22.0,23.0,23.0,23.0,21.0,22.0,24.0,22.0,21.0,22.0,21.0,21.0,22.0,21.0,22.0,21.0,22.0,21.0,21.0,21.0,22.0,22.0,23.0,20.0,22.0,23.0,21.0,10.0,post,3,3,2.7396
1787153708.5386,2026-08-19 17:35:08.538,10,c3,0,0,-0.03814,-0.49681,0.0497,-4.111,10.0882,-25.3061,-0.0701,0.0145,-0.3619,4.6845,21.0,22.0,22.0,21.0,23.0,22.0,26.0,23.0,22.0,23.0,25.0,22.0,24.0,24.0,24.0,23.0,24.0,24.0,22.0,21.0,22.0,21.0,21.0,22.0,21.0,22.0,21.0,22.0,21.0,21.0,21.0,22.0,22.0,23.0,20.0,22.0,23.0,21.0,10.0,post,3,3,2.8068
1787153708.5887,2026-08-19 17:35:08.588,10,c3,0,0,-0.03815,-0.49681,0.04971,-4.1556,10.152,-25.0331,-0.0729,0.0113,-0.3661,4.6913,19.0,22.0,21.0,20.0,23.0,22.0,25.0,23.0,22.0,22.0,26.0,20.0,23.0,24.0,24.0,22.0,23.0,25.0,21.0,21.0,22.0,21.0,21.0,22.0,21.0,22.0,21.0,22.0,21.0,21.0,21.0,22.0,22.0,23.0,20.0,22.0,23.0,21.0,10.0,post,3,3,2.7463
1787153708.6388,2026-08-19 17:35:08.638,10,c3,0,0,-0.03811,-0.4968,0.04971,-4.4243,10.3399,-25.1801,-0.0761,0.0084,-0.3665,4.69458,19.0,22.0,21.0,20.0,23.0,22.0,25.0,23.0,22.0,22.0,26.0,20.0,23.0,24.0,24.0,22.0,23.0,25.0,21.0,21.0,22.0,21.0,21.0,22.0,21.0,22.0,21.0,22.0,21.0,21.0,21.0,22.0,22.0,23.0,20.0,22.0,23.0,21.0,10.0,post,3,3,2.7172
1787153708.6889,2026-08-19 17:35:08.688,10,c3,0,0,-0.03812,-0.49681,0.04971,-3.9969,9.9166,-25.346,-0.0673,0.016,-0.3627,4.69004,21.0,24.0,22.0,21.0,23.0,23.0,24.0,22.0,22.0,22.0,26.0,21.0,24.0,23.0,23.0,22.0,24.0,25.0,22.0,21.0,22.0,21.0,21.0,22.0,21.0,22.0,21.0,22.0,21.0,21.0,21.0,22.0,22.0,23.0,20.0,22.0,23.0,21.0,10.0,post,3,3,2.7575
1787153708.7391,2026-08-19 17:35:08.739,10,c3,0,0,-0.03813,-0.49682,0.04972,-3.974,10.0424,-25.1433,-0.0674,0.0179,-0.3625,4.69181,21.0,24.0,22.0,21.0,23.0,23.0,24.0,22.0,22.0,22.0,26.0,21.0,24.0,23.0,23.0,22.0,24.0,25.0,22.0,21.0,22.0,21.0,21.0,22.0,21.0,22.0,21.0,22.0,21.0,21.0,21.0,22.0,22.0,23.0,20.0,22.0,23.0,21.0,10.0,post,3,3,2.7418
1787153708.7892,2026-08-19 17:35:08.789,10,c3,0,0,-0.03812,-0.49681,0.04971,-4.0413,10.3191,-25.2184,-0.0742,0.0154,-0.3651,4.6976,21.0,22.0,23.0,19.0,24.0,23.0,25.0,24.0,23.0,22.0,23.0,23.0,25.0,24.0,22.0,23.0,24.0,23.0,22.0,21.0,22.0,21.0,21.0,22.0,21.0,22.0,21.0,22.0,21.0,21.0,21.0,22.0,22.0,23.0,20.0,22.0,23.0,21.0,10.0,post,3,3,2.6903
1787153708.8395,2026-08-19 17:35:08.839,10,c3,0,0,-0.03813,-0.49681,0.04971,-4.4135,10.577,-25.192,-0.0837,0.0067,-0.3631,4.69004,20.0,25.0,23.0,22.0,24.0,24.0,23.0,23.0,24.0,24.0,23.0,21.0,24.0,25.0,23.0,21.0,25.0,22.0,21.0,21.0,22.0,21.0,21.0,22.0,21.0,22.0,21.0,22.0,21.0,21.0,21.0,22.0,22.0,23.0,20.0,22.0,23.0,21.0,10.0,post,3,3,2.7575
1787153708.8896,2026-08-19 17:35:08.889,10,c3,0,0,-0.03814,-0.49682,0.04972,-3.9561,10.0969,-25.0646,-0.0708,0.018,-0.3624,4.69558,20.0,25.0,23.0,22.0,24.0,24.0,23.0,23.0,24.0,24.0,23.0,21.0,24.0,25.0,23.0,21.0,25.0,22.0,21.0,21.0,22.0,21.0,21.0,22.0,21.0,22.0,21.0,22.0,21.0,21.0,21.0,22.0,22.0,23.0,20.0,22.0,23.0,21.0,10.0,post,3,3,2.7082
1787153708.9397,2026-08-19 17:35:08.939,10,c3,0,0,-0.03814,-0.49682,0.04972,-4.0343,10.1332,-25.0888,-0.0717,0.0161,-0.3572,4.69558,22.0,23.0,23.0,20.0,24.0,25.0,23.0,22.0,23.0,24.0,26.0,22.0,24.0,24.0,22.0,24.0,24.0,22.0,23.0,21.0,22.0,21.0,21.0,22.0,21.0,22.0,21.0,22.0,21.0,21.0,21.0,22.0,22.0,23.0,20.0,22.0,23.0,21.0,10.0,post,3,3,2.7082
1787153708.9898,2026-08-19 17:35:08.989,10,c3,0,0,-0.03813,-0.49682,0.04972,-4.5327,10.4894,-25.0991,-0.0839,0.0002,-0.3714,4.68954,22.0,23.0,23.0,20.0,24.0,25.0,23.0,22.0,23.0,24.0,26.0,22.0,24.0,24.0,22.0,24.0,24.0,22.0,23.0,21.0,22.0,21.0,21.0,22.0,21.0,22.0,21.0,22.0,21.0,21.0,21.0,22.0,22.0,23.0,20.0,22.0,23.0,21.0,10.0,post,3,3,2.762
1787153709.0398,2026-08-19 17:35:09.039,10,c3,0,0,-0.03814,-0.49682,0.04971,-4.4157,10.6014,-24.8407,-0.0807,0.0035,-0.3628,4.69558,22.0,23.0,22.0,22.0,22.0,23.0,24.0,23.0,23.0,23.0,25.0,22.0,23.0,24.0,25.0,23.0,22.0,23.0,21.0,21.0,22.0,21.0,21.0,22.0,21.0,22.0,21.0,22.0,21.0,21.0,21.0,22.0,22.0,23.0,20.0,22.0,23.0,21.0,10.0,post,3,3,2.7082
1787153709.09,2026-08-19 17:35:09.089,10,c3,0,0,-0.03814,-0.49682,0.04972,-3.9738,10.1908,-25.0831,-0.0755,0.0147,-0.3602,4.68803,21.0,23.0,21.0,21.0,23.0,23.0,26.0,22.0,21.0,24.0,25.0,22.0,24.0,24.0,24.0,21.0,24.0,23.0,22.0,21.0,22.0,21.0,21.0,22.0,21.0,22.0,21.0,22.0,21.0,21.0,21.0,22.0,22.0,23.0,20.0,22.0,23.0,21.0,10.0,post,3,3,2.7754
1787153709.1401,2026-08-19 17:35:09.140,10,c3,0,0,-0.03813,-0.49682,0.04972,-4.1667,10.0729,-24.8475,-0.0708,0.0111,-0.3677,4.69256,21.0,23.0,21.0,21.0,23.0,23.0,26.0,22.0,21.0,24.0,25.0,22.0,24.0,24.0,24.0,21.0,24.0,23.0,22.0,21.0,22.0,21.0,21.0,22.0,21.0,22.0,21.0,22.0,21.0,21.0,21.0,22.0,22.0,23.0,20.0,22.0,23.0,21.0,10.0,post,3,3,2.7351
1787153709.1902,2026-08-19 17:35:09.190,10,c3,0,0,-0.03813,-0.4968,0.04971,-3.9829,10.3366,-25.0223,-0.0767,0.015,-0.3632,4.69609,21.0,23.0,23.0,19.0,24.0,24.0,24.0,21.0,21.0,23.0,24.0,22.0,23.0,23.0,22.0,22.0,23.0,24.0,23.0,21.0,22.0,21.0,21.0,22.0,21.0,22.0,21.0,22.0,21.0,21.0,21.0,22.0,22.0,23.0,20.0,22.0,23.0,21.0,10.0,post,3,3,2.7037
1787153709.2404,2026-08-19 17:35:09.240,10,c3,0,0,-0.03813,-0.49681,0.04971,-4.0937,10.1726,-25.1247,-0.0726,0.0115,-0.3596,4.684,21.0,23.0,23.0,19.0,24.0,24.0,24.0,21.0,21.0,23.0,24.0,22.0,23.0,23.0,22.0,22.0,23.0,24.0,23.0,21.0,22.0,21.0,21.0,22.0,21.0,22.0,21.0,22.0,21.0,21.0,21.0,22.0,22.0,23.0,20.0,22.0,23.0,21.0,10.0,post,3,3,2.8113
1787153709.2905,2026-08-19 17:35:09.290,10,c3,0,0,-0.03815,-0.49681,0.04972,-3.9824,10.07,-24.8625,-0.0765,0.0116,-0.3595,4.6908,21.0,22.0,21.0,19.0,22.0,23.0,24.0,22.0,22.0,22.0,24.0,21.0,22.0,23.0,22.0,21.0,24.0,23.0,22.0,21.0,22.0,21.0,21.0,22.0,21.0,22.0,21.0,22.0,21.0,21.0,21.0,22.0,22.0,23.0,20.0,22.0,23.0,21.0,10.0,post,3,3,2.7508
1787153709.3408,2026-08-19 17:35:09.340,10,c3,0,0,-0.03814,-0.49681,0.04972,-4.1196,10.0267,-25.0059,-0.0718,0.0113,-0.3589,4.68778,21.0,22.0,21.0,21.0,23.0,23.0,22.0,22.0,22.0,23.0,24.0,21.0,23.0,25.0,22.0,22.0,24.0,23.0,22.0,21.0,22.0,21.0,21.0,22.0,21.0,22.0,21.0,22.0,21.0,21.0,21.0,22.0,22.0,23.0,20.0,22.0,23.0,21.0,10.0,post,3,3,2.7777
1787153709.391,2026-08-19 17:35:09.390,10,c3,0,0,-0.03812,-0.4968,0.0497,-4.2259,10.2356,-25.2252,-0.0734,0.0108,-0.3568,4.6981,21.0,22.0,21.0,21.0,23.0,23.0,22.0,22.0,22.0,23.0,24.0,21.0,23.0,25.0,22.0,22.0,24.0,23.0,22.0,21.0,22.0,21.0,21.0,22.0,21.0,22.0,21.0,22.0,21.0,21.0,21.0,22.0,22.0,23.0,20.0,22.0,23.0,21.0,10.0,post,3,3,2.6858
1787153709.4411,2026-08-19 17:35:09.441,10,c3,0,0,-0.03813,-0.49682,0.04972,-3.798,10.0464,-25.4668,-0.0714,0.0195,-0.3614,4.68753,20.0,23.0,22.0,18.0,23.0,24.0,23.0,24.0,23.0,22.0,25.0,21.0,23.0,23.0,22.0,24.0,24.0,23.0,22.0,21.0,22.0,21.0,21.0,22.0,21.0,22.0,21.0,22.0,21.0,21.0,21.0,22.0,22.0,23.0,20.0,22.0,23.0,21.0,10.0,post,3,3,2.7799
1787153709.4912,2026-08-19 17:35:09.491,10,c3,0,0,-0.03813,-0.49681,0.04971,-3.7599,10.3541,-25.2144,-0.0808,0.0209,-0.359,4.68778,20.0,23.0,22.0,18.0,23.0,24.0,23.0,24.0,23.0,22.0,25.0,21.0,23.0,23.0,22.0,24.0,24.0,23.0,22.0,21.0,22.0,21.0,21.0,22.0,21.0,22.0,21.0,22.0,21.0,21.0,21.0,22.0,22.0,23.0,20.0,22.0,23.0,21.0,10.0,post,3,3,2.7777
1787153709.5414,2026-08-19 17:35:09.541,10,c3,0,0,-0.03814,-0.49681,0.04971,-4.032,10.2633,-25.2878,-0.077,0.015,-0.3562,4.69583,22.0,23.0,22.0,19.0,23.0,22.0,24.0,21.0,21.0,23.0,24.0,20.0,23.0,24.0,22.0,21.0,24.0,21.0,21.0,21.0,22.0,21.0,21.0,22.0,21.0,22.0,21.0,22.0,21.0,21.0,21.0,22.0,22.0,23.0,20.0,22.0,23.0,21.0,10.0,post,3,3,2.706
1787153709.5915,2026-08-19 17:35:09.591,10,c3,0,0,-0.03814,-0.49682,0.04972,-3.9492,10.2739,-25.2675,-0.0775,0.0157,-0.3632,4.69105,22.0,23.0,22.0,19.0,23.0,22.0,24.0,21.0,21.0,23.0,24.0,20.0,23.0,24.0,22.0,21.0,24.0,21.0,21.0,21.0,22.0,21.0,21.0,22.0,21.0,22.0,21.0,22.0,21.0,21.0,21.0,22.0,22.0,23.0,20.0,22.0,23.0,21.0,10.0,post,3,3,2.7485
1787153709.6417,2026-08-19 17:35:09.641,10,c3,0,0,-0.03814,-0.49681,0.0497,-4.2075,10.4372,-25.1293,-0.0777,0.0144,-0.3667,4.68551,20.0,21.0,22.0,19.0,22.0,22.0,23.0,22.0,22.0,24.0,24.0,22.0,23.0,23.0,24.0,22.0,23.0,22.0,22.0,21.0,22.0,21.0,21.0,22.0,21.0,22.0,21.0,22.0,21.0,21.0,21.0,22.0,22.0,23.0,20.0,22.0,23.0,21.0,10.0,post,3,3,2.7978
1787153709.6918,2026-08-19 17:35:09.691,10,c3,0,0,-0.03814,-0.4968,0.0497,-4.1047,9.9791,-25.0684,-0.0704,0.013,-0.3629,4.68828,21.0,22.0,22.0,20.0,23.0,24.0,23.0,23.0,22.0,22.0,24.0,22.0,22.0,23.0,21.0,24.0,23.0,23.0,23.0,21.0,22.0,21.0,21.0,22.0,21.0,22.0,21.0,22.0,21.0,21.0,21.0,22.0,22.0,23.0,20.0,22.0,23.0,21.0,10.0,post,3,3,2.7732
1787153709.7419,2026-08-19 17:35:09.741,10,c3,0,0,-0.03814,-0.49681,0.04972,-3.9478,10.3886,-25.1434,-0.0777,0.018,-0.3612,4.69583,21.0,22.0,22.0,20.0,23.0,24.0,23.0,23.0,22.0,22.0,24.0,22.0,22.0,23.0,21.0,24.0,23.0,23.0,23.0,21.0,22.0,21.0,21.0,22.0,21.0,22.0,21.0,22.0,21.0,21.0,21.0,22.0,22.0,23.0,20.0,22.0,23.0,21.0,10.0,post,3,3,2.706
1787153709.792,2026-08-19 17:35:09.791,10,c3,0,0,-0.03814,-0.4968,0.04971,-3.9672,9.9616,-25.2402,-0.0693,0.0182,-0.3638,4.69004,21.0,22.0,22.0,20.0,24.0,24.0,24.0,22.0,21.0,21.0,25.0,22.0,22.0,21.0,23.0,22.0,21.0,23.0,22.0,21.0,22.0,21.0,21.0,22.0,21.0,22.0,21.0,22.0,21.0,21.0,21.0,22.0,22.0,23.0,20.0,22.0,23.0,21.0,10.0,post,3,3,2.7575
1787153709.8421,2026-08-19 17:35:09.842,10,c3,0,0,-0.03814,-0.4968,0.0497,-4.0283,10.3597,-25.1943,-0.0765,0.0141,-0.3611,4.68602,21.0,22.0,22.0,20.0,24.0,24.0,24.0,22.0,21.0,21.0,25.0,22.0,22.0,21.0,23.0,22.0,21.0,23.0,22.0,21.0,22.0,21.0,21.0,22.0,21.0,22.0,21.0,22.0,21.0,21.0,21.0,22.0,22.0,23.0,20.0,22.0,23.0,21.0,10.0,post,3,3,2.7933
1787153709.8922,2026-08-19 17:35:09.892,10,c3,0,0,-0.03812,-0.4968,0.0497,-4.0272,10.358,-25.1897,-0.0777,0.0125,-0.3619,4.68879,21.0,21.0,20.0,21.0,22.0,21.0,23.0,23.0,22.0,22.0,25.0,22.0,23.0,25.0,22.0,25.0,23.0,22.0,24.0,21.0,22.0,21.0,21.0,22.0,21.0,22.0,21.0,22.0,21.0,21.0,21.0,22.0,22.0,23.0,20.0,22.0,23.0,21.0,10.0,locate,4,4,2.7687
1787153709.9423,2026-08-19 17:35:09.942,10,c3,0,0,-0.03814,-0.49681,0.04971,-3.9936,10.1556,-25.1332,-0.072,0.016,-0.3631,4.68753,23.0,22.0,22.0,21.0,22.0,23.0,24.0,22.0,21.0,23.0,25.0,22.0,23.0,24.0,22.0,22.0,23.0,22.0,23.0,21.0,22.0,21.0,21.0,22.0,21.0,22.0,21.0,22.0,21.0,21.0,21.0,22.0,22.0,23.0,20.0,22.0,23.0,21.0,10.0,locate,4,4,2.7799
1787153709.9925,2026-08-19 17:35:09.992,10,c3,0,0,-0.03815,-0.49682,0.04972,-3.9477,10.2471,-25.1898,-0.0772,0.0145,-0.3646,4.68778,23.0,22.0,22.0,21.0,22.0,23.0,24.0,22.0,21.0,23.0,25.0,22.0,23.0,24.0,22.0,22.0,23.0,22.0,23.0,21.0,22.0,21.0,21.0,22.0,21.0,22.0,21.0,22.0,21.0,21.0,21.0,22.0,22.0,23.0,20.0,22.0,23.0,21.0,10.0,locate,4,4,2.7777
1787153710.0425,2026-08-19 17:35:10.042,10,c3,0,0,-0.03814,-0.49681,0.04971,-3.9698,10.0943,-25.0231,-0.0704,0.0168,-0.3664,4.69709,23.0,24.0,21.0,21.0,23.0,22.0,26.0,24.0,23.0,22.0,25.0,22.0,24.0,23.0,23.0,25.0,22.0,24.0,25.0,21.0,22.0,21.0,21.0,22.0,21.0,22.0,21.0,22.0,21.0,21.0,21.0,22.0,22.0,23.0,20.0,22.0,23.0,21.0,10.0,locate,4,4,2.6948
1787153710.0925,2026-08-19 17:35:10.092,10,c3,0,0,-0.03813,-0.49681,0.0497,-4.2832,10.2412,-25.242,-0.0726,0.0082,-0.3643,4.68702,23.0,24.0,21.0,21.0,23.0,22.0,26.0,24.0,23.0,22.0,25.0,22.0,24.0,23.0,23.0,25.0,22.0,24.0,25.0,21.0,22.0,21.0,21.0,22.0,21.0,22.0,21.0,22.0,21.0,21.0,21.0,22.0,22.0,23.0,20.0,22.0,23.0,21.0,10.0,locate,4,4,2.7844
1787153710.1427,2026-08-19 17:35:10.142,10,c3,0,0,-0.03814,-0.49681,0.04971,-4.0298,10.0212,-25.0992,-0.0671,0.0145,-0.3612,4.69609,23.0,22.0,22.0,20.0,23.0,23.0,23.0,23.0,22.0,22.0,23.0,22.0,22.0,22.0,21.0,23.0,22.0,23.0,23.0,21.0,22.0,21.0,21.0,22.0,21.0,22.0,21.0,22.0,21.0,21.0,21.0,22.0,22.0,23.0,20.0,22.0,23.0,21.0,10.0,locate,4,4,2.7037
1787153710.1927,2026-08-19 17:35:10.192,10,c3,0,0,-0.03815,-0.49681,0.0497,-4.2772,10.4373,-25.0652,-0.0793,0.0104,-0.3675,4.68954,21.0,21.0,20.0,21.0,22.0,22.0,22.0,23.0,22.0,24.0,24.0,21.0,24.0,23.0,22.0,23.0,23.0,21.0,21.0,21.0,22.0,21.0,21.0,22.0,21.0,22.0,21.0,22.0,21.0,21.0,21.0,22.0,22.0,23.0,20.0,22.0,23.0,21.0,10.0,locate,4,4,2.762
1787153710.2429,2026-08-19 17:35:10.242,10,c3,0,0,-0.03813,-0.49681,0.04971,-3.7463,10.2858,-24.9165,-0.0772,0.0218,-0.3574,4.68954,21.0,21.0,20.0,21.0,22.0,22.0,22.0,23.0,22.0,24.0,24.0,21.0,24.0,23.0,22.0,23.0,23.0,21.0,21.0,21.0,22.0,21.0,21.0,22.0,21.0,22.0,21.0,22.0,21.0,21.0,21.0,22.0,22.0,23.0,20.0,22.0,23.0,21.0,10.0,locate,4,4,2.762
1787153710.293,2026-08-19 17:35:10.292,10,c3,0,0,-0.03813,-0.49682,0.04971,-4.5883,10.515,-24.9403,-0.0796,0.0037,-0.3615,4.68979,21.0,22.0,22.0,20.0,23.0,22.0,23.0,22.0,21.0,22.0,26.0,21.0,24.0,24.0,24.0,22.0,23.0,24.0,23.0,21.0,22.0,21.0,21.0,22.0,21.0,22.0,21.0,22.0,21.0,21.0,21.0,22.0,22.0,23.0,20.0,22.0,23.0,21.0,10.0,locate,4,4,2.7597
1787153710.3431,2026-08-19 17:35:10.343,10,c3,0,0,-0.03815,-0.49681,0.04971,-3.9918,9.5772,-25.0911,-0.0596,0.0182,-0.3557,4.69709,21.0,22.0,22.0,20.0,23.0,22.0,23.0,22.0,21.0,22.0,26.0,21.0,24.0,24.0,24.0,22.0,23.0,24.0,23.0,21.0,22.0,21.0,21.0,22.0,21.0,22.0,21.0,22.0,21.0,21.0,21.0,22.0,22.0,23.0,20.0,22.0,23.0,21.0,10.0,locate,4,4,2.6948
1787153710.3932,2026-08-19 17:35:10.393,10,c3,0,0,-0.03815,-0.49682,0.04973,-4.0355,10.2533,-25.086,-0.0798,0.0194,-0.3651,4.69634,22.0,22.0,22.0,20.0,22.0,23.0,24.0,22.0,21.0,22.0,24.0,21.0,23.0,24.0,22.0,22.0,23.0,21.0,22.0,21.0,22.0,21.0,21.0,22.0,21.0,22.0,21.0,22.0,21.0,21.0,21.0,22.0,22.0,23.0,20.0,22.0,23.0,21.0,10.0,locate,4,4,2.7015
1787153710.4434,2026-08-19 17:35:10.443,10,c3,0,0,-0.03814,-0.49682,0.04971,-4.4129,10.5114,-25.2179,-0.0821,0.0074,-0.3649,4.68929,21.0,23.0,23.0,21.0,22.0,23.0,22.0,22.0,22.0,22.0,23.0,21.0,23.0,24.0,23.0,24.0,24.0,23.0,24.0,21.0,22.0,21.0,21.0,22.0,21.0,22.0,21.0,22.0,21.0,21.0,21.0,22.0,22.0,23.0,20.0,22.0,23.0,21.0,10.0,locate,4,4,2.7642
1787153710.4935,2026-08-19 17:35:10.493,10,c3,0,0,-0.03814,-0.49682,0.04972,-4.4378,10.4795,-25.1376,-0.0775,0.0028,-0.3645,4.68828,21.0,23.0,23.0,21.0,22.0,23.0,22.0,22.0,22.0,22.0,23.0,21.0,23.0,24.0,23.0,24.0,24.0,23.0,24.0,21.0,22.0,21.0,21.0,22.0,21.0,22.0,21.0,22.0,21.0,21.0,21.0,22.0,22.0,23.0,20.0,22.0,23.0,21.0,10.0,locate,4,4,2.7732
1787153710.5436,2026-08-19 17:35:10.543,10,c3,0,0,-0.03813,-0.4968,0.0497,-4.3296,10.3336,-25.0781,-0.0785,0.006,-0.3627,4.68929,22.0,22.0,21.0,21.0,22.0,22.0,22.0,24.0,21.0,22.0,26.0,23.0,24.0,22.0,23.0,24.0,22.0,24.0,25.0,21.0,22.0,21.0,21.0,22.0,21.0,22.0,21.0,22.0,21.0,21.0,21.0,22.0,22.0,23.0,20.0,22.0,23.0,21.0,10.0,locate,4,4,2.7642
1787153710.5937,2026-08-19 17:35:10.593,10,c3,0,0,-0.03813,-0.4968,0.0497,-4.2492,10.3944,-25.2023,-0.0731,0.0088,-0.3653,4.69382,22.0,22.0,21.0,21.0,22.0,22.0,22.0,24.0,21.0,22.0,26.0,23.0,24.0,22.0,23.0,24.0,22.0,24.0,25.0,21.0,22.0,21.0,21.0,22.0,21.0,22.0,21.0,22.0,21.0,21.0,21.0,22.0,22.0,23.0,20.0,22.0,23.0,21.0,10.0,locate,4,4,2.7239
1787153710.6438,2026-08-19 17:35:10.643,10,c3,0,0,-0.03812,-0.49682,0.04971,-4.0872,10.0845,-25.0641,-0.069,0.0132,-0.3584,4.68979,24.0,21.0,22.0,21.0,22.0,22.0,25.0,23.0,22.0,22.0,24.0,22.0,24.0,23.0,22.0,24.0,22.0,24.0,24.0,21.0,22.0,21.0,21.0,22.0,21.0,22.0,21.0,22.0,21.0,21.0,21.0,22.0,22.0,23.0,20.0,22.0,23.0,21.0,10.0,locate,4,4,2.7597
1787153710.6939,2026-08-19 17:35:10.693,10,c3,0,0,-0.03815,-0.49682,0.04971,-4.2143,10.2306,-25.0716,-0.0722,0.0112,-0.3578,4.69785,24.0,21.0,22.0,21.0,22.0,22.0,25.0,23.0,22.0,22.0,24.0,22.0,24.0,23.0,22.0,24.0,22.0,24.0,24.0,21.0,22.0,21.0,21.0,22.0,21.0,22.0,21.0,22.0,21.0,21.0,21.0,22.0,22.0,23.0,20.0,22.0,23.0,21.0,10.0,locate,4,4,2.6881
1787153710.744,2026-08-19 17:35:10.744,10,c3,0,0,-0.03814,-0.4968,0.0497,-4.2915,10.0183,-25.1693,-0.0694,0.0068,-0.3648,4.6986,22.0,22.0,21.0,22.0,23.0,22.0,24.0,25.0,22.0,23.0,25.0,24.0,23.0,23.0,23.0,23.0,22.0,23.0,23.0,21.0,22.0,21.0,21.0,22.0,21.0,22.0,21.0,22.0,21.0,21.0,21.0,22.0,22.0,23.0,20.0,22.0,23.0,21.0,10.0,locate,4,4,2.6813
1787153710.7942,2026-08-19 17:35:10.794,10,c3,0,0,-0.03814,-0.4968,0.0497,-4.1711,10.428,-25.239,-0.0785,0.0086,-0.3606,4.68879,22.0,22.0,23.0,21.0,22.0,23.0,23.0,21.0,21.0,23.0,25.0,21.0,24.0,22.0,22.0,22.0,22.0,21.0,23.0,21.0,22.0,21.0,21.0,22.0,21.0,22.0,21.0,22.0,21.0,21.0,21.0,22.0,22.0,23.0,20.0,22.0,23.0,21.0,10.0,locate,4,4,2.7687
1787153710.8443,2026-08-19 17:35:10.844,10,c3,0,0,-0.03813,-0.4968,0.04971,-4.0039,10.2833,-25.1286,-0.0762,0.0161,-0.3602,4.69004,22.0,22.0,23.0,21.0,22.0,23.0,23.0,21.0,21.0,23.0,25.0,21.0,24.0,22.0,22.0,22.0,22.0,21.0,23.0,21.0,22.0,21.0,21.0,22.0,21.0,22.0,21.0,22.0,21.0,21.0,21.0,22.0,22.0,23.0,20.0,22.0,23.0,21.0,10.0,locate,4,4,2.7575
1787153710.8944,2026-08-19 17:35:10.894,10,c3,0,0,-0.03813,-0.49682,0.04971,-4.0782,10.0459,-25.1371,-0.0706,0.0115,-0.3619,4.69785,22.0,21.0,22.0,20.0,23.0,23.0,23.0,23.0,22.0,22.0,22.0,22.0,23.0,22.0,21.0,22.0,22.0,21.0,23.0,21.0,22.0,21.0,21.0,22.0,21.0,22.0,21.0,22.0,21.0,21.0,21.0,22.0,22.0,23.0,20.0,22.0,23.0,21.0,10.0,locate,4,4,2.6881
1787153710.9446,2026-08-19 17:35:10.944,10,c3,0,0,-0.03815,-0.49682,0.04973,-4.1217,10.048,-24.9648,-0.0692,0.0111,-0.3555,4.68576,22.0,21.0,22.0,20.0,23.0,23.0,23.0,23.0,22.0,22.0,22.0,22.0,23.0,22.0,21.0,22.0,22.0,21.0,23.0,21.0,22.0,21.0,21.0,22.0,21.0,22.0,21.0,22.0,21.0,21.0,21.0,22.0,22.0,23.0,20.0,22.0,23.0,21.0,10.0,locate,4,4,2.7956
1787153710.9947,2026-08-19 17:35:10.994,10,c3,0,0,-0.03814,-0.49681,0.0497,-4.3434,10.3413,-25.0126,-0.0774,0.0099,-0.3648,4.69634,22.0,22.0,21.0,21.0,22.0,22.0,22.0,23.0,22.0,21.0,24.0,21.0,23.0,22.0,21.0,21.0,22.0,23.0,23.0,21.0,22.0,21.0,21.0,22.0,21.0,22.0,21.0,22.0,21.0,21.0,21.0,22.0,22.0,23.0,20.0,22.0,23.0,21.0,10.0,locate,4,4,2.7015
1787153711.0448,2026-08-19 17:35:11.044,10,c3,0,0,-0.03812,-0.49681,0.04971,-4.5298,10.1633,-25.2471,-0.0724,0.0044,-0.3649,4.69332,21.0,22.0,21.0,19.0,23.0,22.0,22.0,23.0,22.0,21.0,23.0,22.0,23.0,23.0,22.0,23.0,22.0,22.0,22.0,21.0,22.0,21.0,21.0,22.0,21.0,22.0,21.0,22.0,21.0,21.0,21.0,22.0,22.0,23.0,20.0,22.0,23.0,21.0,10.0,locate,4,4,2.7284
1787153711.095,2026-08-19 17:35:11.094,10,c3,0,0,-0.03814,-0.49682,0.04972,-4.2874,10.3007,-25.3505,-0.0771,0.0058,-0.3586,4.68652,21.0,22.0,21.0,19.0,23.0,22.0,22.0,23.0,22.0,21.0,23.0,22.0,23.0,23.0,22.0,23.0,22.0,22.0,22.0,21.0,22.0,21.0,21.0,22.0,21.0,22.0,21.0,22.0,21.0,21.0,21.0,22.0,22.0,23.0,20.0,22.0,23.0,21.0,10.0,locate,4,4,2.7889
1787153711.1451,2026-08-19 17:35:11.145,10,c3,0,0,-0.03814,-0.4968,0.04969,-3.8316,10.0938,-25.4278,-0.0712,0.0194,-0.3573,4.68576,23.0,23.0,22.0,21.0,23.0,22.0,23.0,22.0,21.0,21.0,24.0,22.0,23.0,21.0,22.0,23.0,22.0,23.0,23.0,21.0,22.0,21.0,21.0,22.0,21.0,22.0,21.0,22.0,21.0,21.0,21.0,22.0,22.0,23.0,20.0,22.0,23.0,21.0,10.0,locate,4,4,2.7956
1787153711.1952,2026-08-19 17:35:11.195,10,c3,0,0,-0.03815,-0.49681,0.04971,-3.9428,10.17,-25.3741,-0.0737,0.0188,-0.3664,4.68627,23.0,23.0,22.0,21.0,23.0,22.0,23.0,22.0,21.0,21.0,24.0,22.0,23.0,21.0,22.0,23.0,22.0,23.0,23.0,21.0,22.0,21.0,21.0,22.0,21.0,22.0,21.0,22.0,21.0,21.0,21.0,22.0,22.0,23.0,20.0,22.0,23.0,21.0,10.0,locate,4,4,2.7911
1787153711.2453,2026-08-19 17:35:11.245,10,c3,0,0,-0.03813,-0.49681,0.04971,-4.1996,10.4434,-25.0406,-0.0794,0.0099,-0.358,4.69533,21.0,21.0,20.0,20.0,21.0,22.0,23.0,24.0,22.0,21.0,24.0,23.0,23.0,23.0,22.0,24.0,22.0,24.0,23.0,21.0,22.0,21.0,21.0,22.0,21.0,22.0,21.0,22.0,21.0,21.0,21.0,22.0,22.0,23.0,20.0,22.0,23.0,21.0,10.0,locate,4,4,2.7105
1787153711.2955,2026-08-19 17:35:11.295,10,c3,0,0,-0.03813,-0.49681,0.0497,-3.9284,10.0825,-25.1027,-0.0711,0.0219,-0.3613,4.69105,22.0,22.0,21.0,22.0,23.0,23.0,22.0,22.0,22.0,22.0,23.0,22.0,23.0,23.0,21.0,23.0,23.0,22.0,23.0,21.0,22.0,21.0,21.0,22.0,21.0,22.0,21.0,22.0,21.0,21.0,21.0,22.0,22.0,23.0,20.0,22.0,23.0,21.0,10.0,locate,4,4,2.7485
1787153711.3455,2026-08-19 17:35:11.345,10,c3,0,0,-0.03814,-0.4968,0.04971,-4.073,10.303,-25.296,-0.0783,0.0181,-0.3616,4.69558,22.0,22.0,21.0,22.0,23.0,23.0,22.0,22.0,22.0,22.0,23.0,22.0,23.0,23.0,21.0,23.0,23.0,22.0,23.0,21.0,22.0,21.0,21.0,22.0,21.0,22.0,21.0,22.0,21.0,21.0,21.0,22.0,22.0,23.0,20.0,22.0,23.0,21.0,10.0,locate,4,4,2.7082
1787153711.3956,2026-08-19 17:35:11.395,10,c3,0,0,-0.03814,-0.49681,0.0497,-4.267,10.2903,-25.0878,-0.0774,0.0089,-0.3641,4.68879,22.0,22.0,22.0,20.0,23.0,23.0,22.0,21.0,23.0,21.0,24.0,21.0,24.0,23.0,22.0,21.0,23.0,23.0,21.0,21.0,22.0,21.0,21.0,22.0,21.0,22.0,21.0,22.0,21.0,21.0,21.0,22.0,22.0,23.0,20.0,22.0,23.0,21.0,10.0,locate,4,4,2.7687
1787153711.4457,2026-08-19 17:35:11.445,10,c3,0,0,-0.03814,-0.49681,0.04972,-3.9274,10.0508,-25.3192,-0.0724,0.0179,-0.366,4.69533,22.0,22.0,22.0,20.0,23.0,23.0,22.0,21.0,23.0,21.0,24.0,21.0,24.0,23.0,22.0,21.0,23.0,23.0,21.0,21.0,22.0,21.0,21.0,22.0,21.0,22.0,21.0,22.0,21.0,21.0,21.0,22.0,22.0,23.0,20.0,22.0,23.0,21.0,10.0,locate,4,4,2.7105
1787153711.4959,2026-08-19 17:35:11.495,10,c3,0,0,-0.03814,-0.4968,0.0497,-4.4015,10.2852,-25.3163,-0.0753,0.006,-0.3637,4.68299,21.0,23.0,21.0,20.0,24.0,23.0,22.0,23.0,22.0,23.0,23.0,21.0,22.0,22.0,21.0,22.0,21.0,23.0,21.0,21.0,22.0,21.0,21.0,22.0,21.0,22.0,21.0,22.0,21.0,21.0,21.0,22.0,22.0,23.0,20.0,22.0,23.0,21.0,10.0,locate,4,4,2.8202
1787153711.546,2026-08-19 17:35:11.545,10,c3,0,0,-0.03815,-0.49681,0.04971,-4.245,10.1419,-25.3564,-0.0734,0.0082,-0.3593,4.69306,21.0,23.0,21.0,20.0,24.0,23.0,22.0,23.0,22.0,23.0,23.0,21.0,22.0,22.0,21.0,22.0,21.0,23.0,21.0,21.0,22.0,21.0,21.0,22.0,21.0,22.0,21.0,22.0,21.0,21.0,21.0,22.0,22.0,23.0,20.0,22.0,23.0,21.0,10.0,locate,4,4,2.7306
1787153711.5961,2026-08-19 17:35:11.596,10,c3,0,0,-0.03813,-0.49682,0.0497,-4.1994,10.1513,-25.4024,-0.0709,0.0122,-0.364,4.68753,23.0,22.0,21.0,20.0,23.0,22.0,23.0,23.0,22.0,22.0,23.0,22.0,24.0,22.0,21.0,23.0,23.0,23.0,22.0,21.0,22.0,21.0,21.0,22.0,21.0,22.0,21.0,22.0,21.0,21.0,21.0,22.0,22.0,23.0,20.0,22.0,23.0,21.0,10.0,locate,4,4,2.7799
1787153711.6462,2026-08-19 17:35:11.646,10,c3,0,0,-0.03813,-0.49681,0.0497,-4.1198,10.2515,-25.2502,-0.0729,0.012,-0.3632,4.69785,22.0,23.0,20.0,21.0,23.0,22.0,23.0,23.0,21.0,22.0,24.0,23.0,24.0,23.0,23.0,22.0,23.0,23.0,22.0,21.0,22.0,21.0,21.0,22.0,21.0,22.0,21.0,22.0,21.0,21.0,21.0,22.0,22.0,23.0,20.0,22.0,23.0,21.0,10.0,locate,4,4,2.6881
1787153711.6963,2026-08-19 17:35:11.696,10,c3,0,0,-0.03813,-0.4968,0.04969,-3.9514,9.9999,-25.1239,-0.0692,0.0184,-0.3663,4.68803,22.0,23.0,20.0,21.0,23.0,22.0,23.0,23.0,21.0,22.0,24.0,23.0,24.0,23.0,23.0,22.0,23.0,23.0,22.0,21.0,22.0,21.0,21.0,22.0,21.0,22.0,21.0,22.0,21.0,21.0,21.0,22.0,22.0,23.0,20.0,22.0,23.0,21.0,10.0,locate,4,4,2.7754
1787153711.7464,2026-08-19 17:35:11.746,10,c3,0,0,-0.03813,-0.49681,0.04971,-4.1415,10.2853,-24.9689,-0.074,0.0152,-0.359,4.68879,23.0,22.0,21.0,22.0,22.0,22.0,23.0,22.0,21.0,22.0,25.0,23.0,23.0,23.0,24.0,23.0,22.0,23.0,26.0,21.0,22.0,21.0,21.0,22.0,21.0,22.0,21.0,22.0,21.0,21.0,21.0,22.0,22.0,23.0,20.0,22.0,23.0,21.0,10.0,locate,4,4,2.7687
1787153711.7965,2026-08-19 17:35:11.796,10,c3,0,0,-0.03812,-0.49681,0.0497,-4.1633,10.3896,-25.1224,-0.0782,0.0095,-0.3632,4.68199,23.0,22.0,21.0,22.0,22.0,22.0,23.0,22.0,21.0,22.0,25.0,23.0,23.0,23.0,24.0,23.0,22.0,23.0,26.0,21.0,22.0,21.0,21.0,22.0,21.0,22.0,21.0,22.0,21.0,21.0,21.0,22.0,22.0,23.0,20.0,22.0,23.0,21.0,10.0,locate,4,4,2.8292
1787153711.8467,2026-08-19 17:35:11.846,10,c3,0,0,-0.03815,-0.49681,0.04971,-4.0744,10.1118,-25.1475,-0.0711,0.0153,-0.364,4.69659,23.0,22.0,21.0,22.0,22.0,22.0,24.0,24.0,21.0,21.0,23.0,24.0,22.0,23.0,21.0,23.0,22.0,22.0,22.0,21.0,22.0,21.0,21.0,22.0,21.0,22.0,21.0,22.0,21.0,21.0,21.0,22.0,22.0,23.0,20.0,22.0,23.0,21.0,10.0,locate,4,4,2.6993
1787153711.8968,2026-08-19 17:35:11.896,10,c3,1,0,-0.03814,-0.49681,0.04971,-4.179,10.3195,-25.1229,-0.0753,0.0115,-0.3627,4.68853,22.0,21.0,21.0,22.0,21.0,22.0,21.0,22.0,22.0,22.0,25.0,21.0,22.0,21.0,23.0,22.0,22.0,21.0,22.0,21.0,22.0,21.0,21.0,22.0,21.0,22.0,21.0,22.0,21.0,21.0,21.0,22.0,22.0,23.0,20.0,22.0,23.0,21.0,10.0,press,4,4,2.7709
1787153711.9469,2026-08-19 17:35:11.946,10,c3,1,0,-0.03813,-0.4968,0.04969,-4.2922,10.5147,-25.0616,-0.0796,0.0091,-0.3634,4.68476,22.0,21.0,21.0,22.0,21.0,22.0,21.0,22.0,22.0,22.0,25.0,21.0,22.0,21.0,23.0,22.0,22.0,21.0,22.0,21.0,22.0,21.0,21.0,22.0,21.0,22.0,21.0,22.0,21.0,21.0,21.0,22.0,22.0,23.0,20.0,22.0,23.0,21.0,10.0,press,4,4,2.8045
1787153711.997,2026-08-19 17:35:11.996,10,c3,1,0,-0.03813,-0.49683,0.04969,-4.1942,10.3708,-25.0649,-0.0782,0.0119,-0.361,4.69357,21.0,22.0,21.0,20.0,22.0,21.0,23.0,24.0,22.0,22.0,23.0,24.0,22.0,21.0,21.0,25.0,22.0,22.0,25.0,21.0,22.0,21.0,21.0,22.0,21.0,22.0,21.0,22.0,21.0,21.0,21.0,22.0,22.0,23.0,20.0,22.0,23.0,21.0,10.0,press,4,4,2.7261
1787153712.047,2026-08-19 17:35:12.047,10,c3,1,0,-0.03815,-0.49683,0.04962,-4.5398,10.1713,-25.006,-0.0714,0.0019,-0.3661,4.69256,21.0,22.0,21.0,20.0,22.0,21.0,23.0,24.0,22.0,22.0,23.0,24.0,22.0,21.0,21.0,25.0,22.0,22.0,25.0,21.0,22.0,21.0,21.0,22.0,21.0,22.0,21.0,22.0,21.0,21.0,21.0,22.0,22.0,23.0,20.0,22.0,23.0,21.0,10.0,press,4,4,2.7351
1787153712.0972,2026-08-19 17:35:12.097,10,c3,1,0,-0.03814,-0.49683,0.04949,-4.1677,9.9352,-25.087,-0.0642,0.0113,-0.3644,4.68979,23.0,22.0,21.0,22.0,22.0,23.0,24.0,24.0,23.0,22.0,24.0,24.0,23.0,23.0,22.0,24.0,22.0,22.0,23.0,21.0,22.0,21.0,21.0,22.0,21.0,22.0,21.0,22.0,21.0,21.0,21.0,22.0,22.0,23.0,20.0,22.0,23.0,21.0,10.0,press,4,4,2.7597
1787153712.1473,2026-08-19 17:35:12.147,10,c3,1,0,-0.03814,-0.49682,0.04932,-4.2438,10.2503,-25.1546,-0.0761,0.0126,-0.3592,4.69583,23.0,23.0,22.0,22.0,23.0,21.0,24.0,24.0,21.0,22.0,23.0,25.0,22.0,23.0,21.0,26.0,23.0,23.0,25.0,21.0,22.0,21.0,21.0,22.0,21.0,22.0,21.0,22.0,21.0,21.0,21.0,22.0,22.0,23.0,20.0,22.0,23.0,21.0,10.0,press,4,4,2.706
1787153712.1974,2026-08-19 17:35:12.197,10,c3,1,0,-0.03815,-0.49683,0.04912,-3.8863,10.0439,-25.2665,-0.0696,0.022,-0.3569,4.69709,23.0,23.0,22.0,22.0,23.0,21.0,24.0,24.0,21.0,22.0,23.0,25.0,22.0,23.0,21.0,26.0,23.0,23.0,25.0,21.0,22.0,21.0,21.0,22.0,21.0,22.0,21.0,22.0,21.0,21.0,21.0,22.0,22.0,23.0,20.0,22.0,23.0,21.0,10.0,press,4,4,2.6948
1787153712.2475,2026-08-19 17:35:12.247,10,c3,1,0,-0.03813,-0.49684,0.04889,-4.338,10.2428,-24.9749,-0.0758,0.007,-0.3655,4.68828,26.0,21.0,21.0,24.0,22.0,23.0,20.0,23.0,22.0,21.0,25.0,22.0,23.0,23.0,22.0,23.0,23.0,22.0,23.0,21.0,22.0,21.0,21.0,22.0,21.0,22.0,21.0,22.0,21.0,21.0,21.0,22.0,22.0,23.0,20.0,22.0,23.0,21.0,10.0,press,4,4,2.7732
1787153712.2976,2026-08-19 17:35:12.297,10,c3,1,0,-0.03814,-0.49685,0.04864,-4.3026,10.2474,-25.029,-0.0746,0.0082,-0.3604,4.69936,26.0,21.0,21.0,24.0,22.0,23.0,20.0,23.0,22.0,21.0,25.0,22.0,23.0,23.0,22.0,23.0,23.0,22.0,23.0,21.0,22.0,21.0,21.0,22.0,21.0,22.0,21.0,22.0,21.0,21.0,21.0,22.0,22.0,23.0,20.0,22.0,23.0,21.0,10.0,press,4,4,2.6746
1787153712.3477,2026-08-19 17:35:12.347,10,c3,1,0,-0.03814,-0.49687,0.04841,-4.5394,10.2506,-24.942,-0.0736,0.0048,-0.3611,4.69709,21.0,22.0,19.0,21.0,23.0,21.0,23.0,23.0,21.0,22.0,23.0,22.0,22.0,22.0,22.0,24.0,21.0,22.0,25.0,21.0,22.0,21.0,21.0,22.0,21.0,22.0,21.0,22.0,21.0,21.0,21.0,22.0,22.0,23.0,20.0,22.0,23.0,21.0,10.0,press,4,4,2.6948
1787153712.3979,2026-08-19 17:35:12.397,10,c3,1,0,-0.03815,-0.49685,0.04809,-3.8884,9.7725,-25.1198,-0.0655,0.0187,-0.3596,4.68048,24.0,21.0,20.0,23.0,22.0,22.0,22.0,22.0,23.0,22.0,23.0,21.0,24.0,24.0,22.0,22.0,24.0,22.0,22.0,21.0,22.0,21.0,21.0,22.0,21.0,22.0,21.0,22.0,21.0,21.0,21.0,22.0,22.0,23.0,20.0,22.0,23.0,21.0,10.0,press,4,4,2.8426
1787153712.448,2026-08-19 17:35:12.447,10,c3,1,0,-0.03812,-0.4968,0.04775,-4.3339,10.6148,-24.9131,-0.0828,0.0054,-0.3678,4.68828,24.0,21.0,20.0,23.0,22.0,22.0,22.0,22.0,23.0,22.0,23.0,21.0,24.0,24.0,22.0,22.0,24.0,22.0,22.0,21.0,22.0,21.0,21.0,22.0,21.0,22.0,21.0,22.0,21.0,21.0,21.0,22.0,22.0,23.0,20.0,22.0,23.0,21.0,10.0,press,4,4,2.7732
1787153712.4981,2026-08-19 17:35:12.498,10,c3,1,0,-0.03814,-0.49682,0.04743,-4.3225,10.317,-25.0028,-0.0746,0.0103,-0.3613,4.69709,23.0,23.0,21.0,20.0,23.0,22.0,22.0,24.0,23.0,22.0,22.0,23.0,23.0,23.0,22.0,24.0,22.0,23.0,23.0,21.0,22.0,21.0,21.0,22.0,21.0,22.0,21.0,22.0,21.0,21.0,21.0,22.0,22.0,23.0,20.0,22.0,23.0,21.0,10.0,press,4,4,2.6948
1787153712.5483,2026-08-19 17:35:12.548,10,c3,1,0,-0.03813,-0.49683,0.04707,-4.2944,10.4831,-25.0322,-0.0753,0.0141,-0.359,4.68501,23.0,23.0,21.0,20.0,23.0,22.0,22.0,24.0,23.0,22.0,22.0,23.0,23.0,23.0,22.0,24.0,22.0,23.0,23.0,21.0,22.0,21.0,21.0,22.0,21.0,22.0,21.0,22.0,21.0,21.0,21.0,22.0,22.0,23.0,20.0,22.0,23.0,21.0,10.0,press,4,4,2.8023
1787153712.5984,2026-08-19 17:35:12.598,10,c3,1,0,-0.03813,-0.49683,0.04674,-4.1516,10.1148,-24.6993,-0.0703,0.012,-0.357,4.69735,21.0,22.0,22.0,21.0,24.0,23.0,22.0,24.0,24.0,21.0,25.0,23.0,25.0,21.0,23.0,23.0,20.0,22.0,22.0,21.0,22.0,21.0,21.0,22.0,21.0,22.0,21.0,22.0,21.0,21.0,21.0,22.0,22.0,23.0,20.0,22.0,23.0,21.0,10.0,press,4,4,2.6925
1787153712.6485,2026-08-19 17:35:12.648,10,c3,1,0,-0.03814,-0.49683,0.04641,-4.0342,9.961,-25.0478,-0.0657,0.0146,-0.3562,4.68979,21.0,22.0,22.0,21.0,24.0,23.0,22.0,24.0,24.0,21.0,25.0,23.0,25.0,21.0,23.0,23.0,20.0,22.0,22.0,21.0,22.0,21.0,21.0,22.0,21.0,22.0,21.0,22.0,21.0,21.0,21.0,22.0,22.0,23.0,20.0,22.0,23.0,21.0,10.0,press,4,4,2.7597
1787153712.6987,2026-08-19 17:35:12.698,10,c3,1,0,-0.03814,-0.49681,0.04606,-4.2446,10.1856,-25.0563,-0.0706,0.0087,-0.3632,4.69382,22.0,23.0,21.0,22.0,24.0,22.0,23.0,24.0,23.0,23.0,24.0,25.0,24.0,23.0,22.0,24.0,22.0,22.0,25.0,21.0,22.0,21.0,21.0,22.0,21.0,22.0,21.0,22.0,21.0,21.0,21.0,22.0,22.0,23.0,20.0,22.0,23.0,21.0,10.0,press,4,4,2.7239
1787153712.7488,2026-08-19 17:35:12.748,10,c3,1,0,-0.03813,-0.49681,0.04572,-4.0796,9.9535,-25.1557,-0.0631,0.0135,-0.3643,4.69533,23.0,23.0,20.0,22.0,25.0,23.0,22.0,24.0,23.0,24.0,26.0,24.0,24.0,24.0,23.0,24.0,23.0,23.0,22.0,21.0,22.0,21.0,21.0,22.0,21.0,22.0,21.0,22.0,21.0,21.0,21.0,22.0,22.0,23.0,20.0,22.0,23.0,21.0,10.0,press,4,4,2.7105
1787153712.7988,2026-08-19 17:35:12.798,10,c3,1,0,-0.03815,-0.4968,0.0454,-4.1446,10.1671,-25.108,-0.072,0.0137,-0.3657,4.69281,23.0,23.0,20.0,22.0,25.0,23.0,22.0,24.0,23.0,24.0,26.0,24.0,24.0,24.0,23.0,24.0,23.0,23.0,22.0,21.0,22.0,21.0,21.0,22.0,21.0,22.0,21.0,22.0,21.0,21.0,21.0,22.0,22.0,23.0,20.0,22.0,23.0,21.0,10.0,press,4,4,2.7329
1787153712.8489,2026-08-19 17:35:12.848,10,c3,1,0,-0.03813,-0.49681,0.04505,-4.2648,10.1166,-25.136,-0.0668,0.0134,-0.3624,4.69332,23.0,22.0,22.0,22.0,23.0,24.0,24.0,23.0,23.0,24.0,26.0,23.0,24.0,24.0,23.0,24.0,23.0,24.0,23.0,21.0,22.0,21.0,21.0,22.0,21.0,22.0,21.0,22.0,21.0,21.0,21.0,22.0,22.0,23.0,20.0,22.0,23.0,21.0,10.0,press,4,4,2.7284
1787153712.899,2026-08-19 17:35:12.899,10,c3,1,0,-0.03814,-0.49683,0.04474,-4.0089,10.0886,-25.1536,-0.072,0.0138,-0.3626,4.67217,23.0,22.0,22.0,22.0,23.0,24.0,24.0,23.0,23.0,24.0,26.0,23.0,24.0,24.0,23.0,24.0,23.0,24.0,23.0,21.0,22.0,21.0,21.0,22.0,21.0,22.0,21.0,22.0,21.0,21.0,21.0,22.0,22.0,23.0,20.0,22.0,23.0,21.0,10.0,press,4,4,2.9165
1787153712.9492,2026-08-19 17:35:12.949,10,c3,1,0,-0.03814,-0.49683,0.0444,-4.1982,10.0637,-24.7868,-0.0705,0.0131,-0.359,4.62886,22.0,23.0,22.0,20.0,23.0,23.0,26.0,25.0,23.0,24.0,26.0,23.0,25.0,24.0,23.0,23.0,24.0,21.0,23.0,21.0,22.0,21.0,21.0,22.0,21.0,22.0,21.0,22.0,21.0,21.0,21.0,22.0,22.0,23.0,20.0,22.0,23.0,21.0,10.0,press,4,4,3.3018
1787153712.9993,2026-08-19 17:35:12.999,10,c3,1,0,-0.03814,-0.49683,0.04406,-4.1189,10.1284,-24.6533,-0.0699,0.0168,-0.3633,4.52362,22.0,23.0,23.0,22.0,24.0,25.0,25.0,24.0,23.0,24.0,26.0,23.0,25.0,24.0,24.0,24.0,23.0,25.0,23.0,21.0,22.0,21.0,21.0,22.0,21.0,22.0,21.0,22.0,21.0,21.0,21.0,22.0,22.0,23.0,20.0,22.0,23.0,21.0,10.0,press,4,4,4.2381
1787153713.0495,2026-08-19 17:35:13.049,10,c3,1,0,-0.03815,-0.49682,0.04372,-4.4075,10.5712,-24.1442,-0.083,0.0013,-0.3639,4.41259,22.0,23.0,23.0,22.0,24.0,25.0,25.0,24.0,23.0,24.0,26.0,23.0,25.0,24.0,24.0,24.0,23.0,25.0,23.0,21.0,22.0,21.0,21.0,22.0,21.0,22.0,21.0,22.0,21.0,21.0,21.0,22.0,22.0,23.0,20.0,22.0,23.0,21.0,10.0,press,4,4,5.2259
1787153713.0996,2026-08-19 17:35:13.099,10,c3,1,0,-0.03814,-0.49684,0.04341,-4.1628,10.0597,-23.7174,-0.0709,0.0105,-0.3553,4.29249,23.0,23.0,23.0,22.0,24.0,25.0,24.0,24.0,25.0,27.0,28.0,24.0,25.0,27.0,24.0,26.0,26.0,24.0,25.0,21.0,22.0,21.0,21.0,22.0,21.0,22.0,21.0,22.0,21.0,21.0,21.0,22.0,22.0,23.0,20.0,22.0,23.0,21.0,10.0,press,4,4,6.2943
1787153713.1497,2026-08-19 17:35:13.149,10,c3,1,0,-0.03814,-0.49683,0.04308,-3.9171,9.9964,-23.3163,-0.067,0.0136,-0.3592,4.16837,23.0,23.0,23.0,22.0,24.0,25.0,24.0,24.0,25.0,27.0,28.0,24.0,25.0,27.0,24.0,26.0,26.0,24.0,25.0,21.0,22.0,21.0,21.0,22.0,21.0,22.0,21.0,22.0,21.0,21.0,21.0,22.0,22.0,23.0,20.0,22.0,23.0,21.0,10.0,press,4,4,7.3986
1787153713.1998,2026-08-19 17:35:13.199,10,c3,1,0,-0.03814,-0.49683,0.04276,-4.1254,10.4215,-22.4239,-0.0761,0.0113,-0.3617,4.03644,23.0,24.0,24.0,22.0,25.0,26.0,25.0,24.0,25.0,28.0,28.0,24.0,25.0,27.0,24.0,24.0,26.0,24.0,22.0,21.0,22.0,21.0,21.0,22.0,21.0,22.0,21.0,22.0,21.0,21.0,21.0,22.0,22.0,23.0,20.0,22.0,23.0,21.0,10.0,press,4,4,8.5723
1787153713.2499,2026-08-19 17:35:13.249,10,c3,1,0,-0.03813,-0.49684,0.04243,-4.1242,10.0355,-21.9486,-0.0673,0.0091,-0.3582,3.88235,22.0,23.0,25.0,22.0,24.0,28.0,26.0,24.0,27.0,28.0,29.0,23.0,27.0,27.0,25.0,23.0,24.0,25.0,23.0,21.0,22.0,21.0,21.0,22.0,21.0,22.0,21.0,22.0,21.0,21.0,21.0,22.0,22.0,23.0,20.0,22.0,23.0,21.0,10.0,press,4,4,9.9431
1787153713.3,2026-08-19 17:35:13.300,10,c3,1,0,-0.03814,-0.49686,0.0421,-4.2479,10.3891,-21.554,-0.0766,0.0052,-0.3641,3.71517,22.0,23.0,25.0,22.0,24.0,28.0,26.0,24.0,27.0,28.0,29.0,23.0,27.0,27.0,25.0,23.0,24.0,25.0,23.0,21.0,22.0,21.0,21.0,22.0,21.0,22.0,21.0,22.0,21.0,21.0,21.0,22.0,22.0,23.0,20.0,22.0,23.0,21.0,10.0,press,4,4,11.4304
1787153713.3501,2026-08-19 17:35:13.350,10,c3,1,0,-0.03816,-0.49685,0.04176,-4.2153,10.4625,-20.6386,-0.0746,0.0042,-0.3676,3.53793,21.0,24.0,23.0,22.0,26.0,29.0,29.0,25.0,26.0,29.0,29.0,25.0,26.0,29.0,25.0,23.0,28.0,26.0,25.0,21.0,22.0,21.0,21.0,22.0,21.0,22.0,21.0,22.0,21.0,21.0,21.0,22.0,22.0,23.0,20.0,22.0,23.0,21.0,10.0,press,4,4,13.0072
1787153713.4002,2026-08-19 17:35:13.400,10,c3,1,0,-0.03813,-0.49685,0.04141,-4.3163,10.5839,-20.1143,-0.0758,0.0004,-0.3601,3.34784,21.0,24.0,23.0,22.0,26.0,29.0,29.0,25.0,26.0,29.0,29.0,25.0,26.0,29.0,25.0,23.0,28.0,26.0,25.0,21.0,22.0,21.0,21.0,22.0,21.0,22.0,21.0,22.0,21.0,21.0,21.0,22.0,22.0,23.0,20.0,22.0,23.0,21.0,10.0,press,4,4,14.6984
1787153713.4504,2026-08-19 17:35:13.450,10,c3,1,0,-0.03814,-0.49686,0.04111,-3.9162,10.3779,-19.42,-0.0732,0.0101,-0.3601,3.19123,23.0,24.0,25.0,24.0,26.0,30.0,29.0,24.0,28.0,28.0,30.0,25.0,26.0,29.0,25.0,23.0,26.0,26.0,22.0,21.0,22.0,21.0,21.0,22.0,21.0,22.0,21.0,22.0,21.0,21.0,21.0,22.0,22.0,23.0,20.0,22.0,23.0,21.0,10.0,press,4,4,16.0916
1787153713.5005,2026-08-19 17:35:13.500,10,c3,1,0,-0.03815,-0.49685,0.04084,-3.999,10.2164,-18.7452,-0.067,0.0106,-0.3667,3.02733,22.0,23.0,25.0,24.0,27.0,29.0,28.0,24.0,29.0,27.0,30.0,25.0,27.0,30.0,22.0,22.0,25.0,27.0,23.0,21.0,22.0,21.0,21.0,22.0,21.0,22.0,21.0,22.0,21.0,21.0,21.0,22.0,22.0,23.0,20.0,22.0,23.0,21.0,10.0,press,4,4,17.5497
1787153713.5506,2026-08-19 17:35:13.550,10,c3,1,0,-0.03813,-0.49682,0.04057,-4.0687,10.4719,-18.0309,-0.076,0.0076,-0.3601,2.86796,22.0,23.0,25.0,24.0,27.0,29.0,28.0,24.0,29.0,27.0,30.0,25.0,27.0,30.0,22.0,22.0,25.0,27.0,23.0,21.0,22.0,21.0,21.0,22.0,21.0,22.0,21.0,22.0,21.0,21.0,21.0,22.0,22.0,23.0,20.0,22.0,23.0,21.0,10.0,press,4,4,18.9676
1787153713.6007,2026-08-19 17:35:13.600,10,c3,1,0,-0.03813,-0.4968,0.04033,-4.1965,10.2139,-17.6162,-0.0693,0.0043,-0.3604,2.72873,21.0,24.0,25.0,22.0,27.0,29.0,28.0,25.0,30.0,29.0,31.0,26.0,28.0,34.0,23.0,23.0,30.0,24.0,23.0,21.0,22.0,21.0,21.0,22.0,21.0,22.0,21.0,22.0,21.0,21.0,21.0,22.0,22.0,23.0,20.0,22.0,23.0,21.0,10.0,press,4,4,20.2063
1787153713.6509,2026-08-19 17:35:13.650,10,c3,1,0,-0.03812,-0.49681,0.04014,-4.3709,10.3027,-17.2624,-0.0696,0.0008,-0.3653,2.61643,21.0,24.0,25.0,22.0,27.0,29.0,28.0,25.0,30.0,29.0,31.0,26.0,28.0,34.0,23.0,23.0,30.0,24.0,23.0,21.0,22.0,21.0,21.0,22.0,21.0,22.0,21.0,22.0,21.0,21.0,21.0,22.0,22.0,23.0,20.0,22.0,23.0,21.0,10.0,press,4,4,21.2053
1787153713.701,2026-08-19 17:35:13.700,10,c3,1,0,-0.03813,-0.4968,0.04,-3.8036,10.0448,-17.0033,-0.064,0.0126,-0.3632,2.53108,24.0,25.0,26.0,23.0,28.0,31.0,30.0,25.0,31.0,29.0,34.0,26.0,29.0,33.0,23.0,24.0,28.0,25.0,24.0,21.0,22.0,21.0,21.0,22.0,21.0,22.0,21.0,22.0,21.0,21.0,21.0,22.0,22.0,23.0,20.0,22.0,23.0,21.0,10.0,press,4,4,21.9646
1787153713.7511,2026-08-19 17:35:13.751,10,c3,1,0,-0.03815,-0.49682,0.03991,-4.2221,9.8402,-16.6276,-0.0592,0.0005,-0.359,2.44699,24.0,25.0,26.0,23.0,28.0,31.0,30.0,25.0,31.0,29.0,34.0,26.0,29.0,33.0,23.0,24.0,28.0,25.0,24.0,21.0,22.0,21.0,21.0,22.0,21.0,22.0,21.0,22.0,21.0,21.0,21.0,22.0,22.0,23.0,20.0,22.0,23.0,21.0,10.0,press,4,4,22.7127
1787153713.8012,2026-08-19 17:35:13.801,10,c3,1,0,-0.03812,-0.49682,0.03983,-3.8696,10.2391,-16.4125,-0.0682,0.0107,-0.3566,2.4135,23.0,25.0,25.0,22.0,29.0,31.0,33.0,25.0,31.0,30.0,35.0,27.0,29.0,33.0,24.0,23.0,26.0,27.0,23.0,21.0,22.0,21.0,21.0,22.0,21.0,22.0,21.0,22.0,21.0,21.0,21.0,22.0,22.0,23.0,20.0,22.0,23.0,21.0,10.0,press,4,4,23.0106
1787153713.8513,2026-08-19 17:35:13.851,10,c3,1,0,-0.03815,-0.49681,0.03977,-3.8562,10.4696,-16.3401,-0.0727,0.0104,-0.3544,2.38203,23.0,25.0,25.0,23.0,27.0,34.0,33.0,25.0,32.0,29.0,37.0,25.0,29.0,33.0,26.0,25.0,26.0,27.0,24.0,21.0,22.0,21.0,21.0,22.0,21.0,22.0,21.0,22.0,21.0,21.0,21.0,22.0,22.0,23.0,20.0,22.0,23.0,21.0,10.0,press,4,4,23.2906
1787153713.9014,2026-08-19 17:35:13.901,10,c3,1,0,-0.03815,-0.49682,0.03975,-4.0106,9.9991,-16.3999,-0.059,0.0072,-0.3542,2.38707,23.0,25.0,25.0,23.0,27.0,34.0,33.0,25.0,32.0,29.0,37.0,25.0,29.0,33.0,26.0,25.0,26.0,27.0,24.0,21.0,22.0,21.0,21.0,22.0,21.0,22.0,21.0,22.0,21.0,21.0,21.0,22.0,22.0,23.0,20.0,22.0,23.0,21.0,10.0,hold,4,4,23.2458
1787153713.9515,2026-08-19 17:35:13.951,10,c3,1,0,-0.03813,-0.49681,0.03974,-3.8857,10.3401,-16.1823,-0.0696,0.0103,-0.3611,2.37297,21.0,24.0,24.0,22.0,28.0,31.0,34.0,25.0,31.0,30.0,35.0,24.0,30.0,34.0,23.0,22.0,29.0,25.0,24.0,21.0,22.0,21.0,21.0,22.0,21.0,22.0,21.0,22.0,21.0,21.0,21.0,22.0,22.0,23.0,20.0,22.0,23.0,21.0,10.0,hold,4,4,23.3712
1787153714.0015,2026-08-19 17:35:14.001,10,c3,1,0,-0.03813,-0.49681,0.03971,-4.3921,10.2936,-16.0393,-0.0703,-0.0043,-0.3582,2.36995,21.0,24.0,24.0,22.0,28.0,31.0,34.0,25.0,31.0,30.0,35.0,24.0,30.0,34.0,23.0,22.0,29.0,25.0,24.0,21.0,22.0,21.0,21.0,22.0,21.0,22.0,21.0,22.0,21.0,21.0,21.0,22.0,22.0,23.0,20.0,22.0,23.0,21.0,10.0,hold,4,4,23.3981
1787153714.0517,2026-08-19 17:35:14.051,10,c3,1,0,-0.03813,-0.49681,0.0397,-3.9151,10.2155,-16.1013,-0.0666,0.0104,-0.3635,2.37146,22.0,24.0,26.0,22.0,27.0,33.0,34.0,27.0,32.0,29.0,33.0,27.0,30.0,33.0,23.0,25.0,28.0,26.0,25.0,21.0,22.0,21.0,21.0,22.0,21.0,22.0,21.0,22.0,21.0,21.0,21.0,22.0,22.0,23.0,20.0,22.0,23.0,21.0,10.0,hold,4,4,23.3847
1787153714.1018,2026-08-19 17:35:14.101,10,c3,1,0,-0.03814,-0.49681,0.03971,-3.8128,10.2763,-16.3961,-0.0704,0.011,-0.3579,2.38128,24.0,24.0,26.0,24.0,27.0,31.0,31.0,26.0,34.0,30.0,35.0,27.0,31.0,34.0,23.0,24.0,29.0,25.0,24.0,21.0,22.0,21.0,21.0,22.0,21.0,22.0,21.0,22.0,21.0,21.0,21.0,22.0,22.0,23.0,20.0,22.0,23.0,21.0,10.0,hold,4,4,23.2973
1787153714.1519,2026-08-19 17:35:14.151,10,c3,1,0,-0.03814,-0.49681,0.03971,-4.0939,10.4576,-16.3105,-0.0725,0.0062,-0.3583,2.38883,24.0,24.0,26.0,24.0,27.0,31.0,31.0,26.0,34.0,30.0,35.0,27.0,31.0,34.0,23.0,24.0,29.0,25.0,24.0,21.0,22.0,21.0,21.0,22.0,21.0,22.0,21.0,22.0,21.0,21.0,21.0,22.0,22.0,23.0,20.0,22.0,23.0,21.0,10.0,hold,4,4,23.2301
1787153714.202,2026-08-19 17:35:14.202,10,c3,1,0,-0.03815,-0.49681,0.03972,-3.7849,10.0346,-16.4166,-0.0623,0.0151,-0.3573,2.3921,22.0,26.0,26.0,22.0,28.0,32.0,34.0,26.0,32.0,30.0,35.0,27.0,29.0,33.0,22.0,24.0,26.0,25.0,24.0,21.0,22.0,21.0,21.0,22.0,21.0,22.0,21.0,22.0,21.0,21.0,21.0,22.0,22.0,23.0,20.0,22.0,23.0,21.0,10.0,hold,4,4,23.201
1787153714.2522,2026-08-19 17:35:14.252,10,c3,1,0,-0.03815,-0.49682,0.03971,-4.175,9.9451,-16.3489,-0.0629,0.0014,-0.3573,2.39663,22.0,26.0,26.0,22.0,28.0,32.0,34.0,26.0,32.0,30.0,35.0,27.0,29.0,33.0,22.0,24.0,26.0,25.0,24.0,21.0,22.0,21.0,21.0,22.0,21.0,22.0,21.0,22.0,21.0,21.0,21.0,22.0,22.0,23.0,20.0,22.0,23.0,21.0,10.0,hold,4,4,23.1607
1787153714.3023,2026-08-19 17:35:14.302,10,c3,1,0,-0.03812,-0.49681,0.0397,-3.8908,10.6967,-16.4964,-0.0793,0.0088,-0.3561,2.40419,23.0,22.0,25.0,23.0,26.0,32.0,33.0,26.0,31.0,31.0,33.0,27.0,30.0,34.0,23.0,24.0,27.0,27.0,24.0,21.0,22.0,21.0,21.0,22.0,21.0,22.0,21.0,22.0,21.0,21.0,21.0,22.0,22.0,23.0,20.0,22.0,23.0,21.0,10.0,hold,4,4,23.0935
1787153714.3524,2026-08-19 17:35:14.352,10,c3,1,0,-0.03815,-0.49681,0.03972,-3.9827,9.9554,-16.2831,-0.0603,0.008,-0.3565,2.40268,22.0,25.0,28.0,22.0,27.0,32.0,33.0,27.0,32.0,29.0,35.0,26.0,30.0,33.0,22.0,25.0,27.0,26.0,23.0,21.0,22.0,21.0,21.0,22.0,21.0,22.0,21.0,22.0,21.0,21.0,21.0,22.0,22.0,23.0,20.0,22.0,23.0,21.0,10.0,hold,4,4,23.1069
1787153714.4026,2026-08-19 17:35:14.402,10,c3,1,0,-0.03813,-0.49681,0.03971,-3.8444,9.6825,-16.2079,-0.0536,0.0121,-0.3558,2.40444,22.0,25.0,28.0,22.0,27.0,32.0,33.0,27.0,32.0,29.0,35.0,26.0,30.0,33.0,22.0,25.0,27.0,26.0,23.0,21.0,22.0,21.0,21.0,22.0,21.0,22.0,21.0,22.0,21.0,21.0,21.0,22.0,22.0,23.0,20.0,22.0,23.0,21.0,10.0,hold,4,4,23.0912
1787153714.4527,2026-08-19 17:35:14.452,10,c3,1,0,-0.03813,-0.49681,0.03971,-4.0621,10.4901,-16.2601,-0.0759,0.0034,-0.3661,2.41476,25.0,25.0,25.0,25.0,27.0,30.0,33.0,28.0,33.0,32.0,34.0,28.0,30.0,35.0,22.0,24.0,29.0,25.0,24.0,21.0,22.0,21.0,21.0,22.0,21.0,22.0,21.0,22.0,21.0,21.0,21.0,22.0,22.0,23.0,20.0,22.0,23.0,21.0,10.0,hold,4,4,22.9994
1787153714.5028,2026-08-19 17:35:14.502,10,c3,1,0,-0.03814,-0.49682,0.03972,-3.821,10.005,-16.4564,-0.0618,0.0117,-0.3635,2.41149,25.0,25.0,25.0,25.0,27.0,30.0,33.0,28.0,33.0,32.0,34.0,28.0,30.0,35.0,22.0,24.0,29.0,25.0,24.0,21.0,22.0,21.0,21.0,22.0,21.0,22.0,21.0,22.0,21.0,21.0,21.0,22.0,22.0,23.0,20.0,22.0,23.0,21.0,10.0,hold,4,4,23.0285
1787153714.5529,2026-08-19 17:35:14.552,10,c3,1,0,-0.03814,-0.49682,0.03972,-4.0643,10.249,-16.4192,-0.0693,0.0058,-0.3635,2.41804,24.0,24.0,25.0,25.0,28.0,32.0,33.0,25.0,33.0,30.0,34.0,25.0,30.0,35.0,22.0,24.0,28.0,25.0,24.0,21.0,22.0,21.0,21.0,22.0,21.0,22.0,21.0,22.0,21.0,21.0,21.0,22.0,22.0,23.0,20.0,22.0,23.0,21.0,10.0,hold,4,4,22.9703
1787153714.603,2026-08-19 17:35:14.603,10,c3,1,0,-0.03814,-0.49681,0.03971,-3.8418,9.8517,-16.5495,-0.0586,0.015,-0.3588,2.41476,24.0,24.0,25.0,25.0,28.0,32.0,33.0,25.0,33.0,30.0,34.0,25.0,30.0,35.0,22.0,24.0,28.0,25.0,24.0,21.0,22.0,21.0,21.0,22.0,21.0,22.0,21.0,22.0,21.0,21.0,21.0,22.0,22.0,23.0,20.0,22.0,23.0,21.0,10.0,hold,4,4,22.9994
1787153714.6531,2026-08-19 17:35:14.653,10,c3,1,0,-0.03813,-0.49682,0.03971,-4.1411,10.1455,-16.3444,-0.0616,0.0047,-0.3559,2.41728,23.0,25.0,25.0,24.0,28.0,31.0,32.0,28.0,31.0,29.0,33.0,28.0,30.0,34.0,24.0,25.0,28.0,27.0,25.0,21.0,22.0,21.0,21.0,22.0,21.0,22.0,21.0,22.0,21.0,21.0,21.0,22.0,22.0,23.0,20.0,22.0,23.0,21.0,10.0,hold,4,4,22.977
1787153714.7033,2026-08-19 17:35:14.703,10,c3,1,0,-0.03814,-0.49681,0.03971,-3.9453,10.1423,-16.4644,-0.067,0.011,-0.3605,2.42458,24.0,24.0,25.0,23.0,27.0,32.0,34.0,26.0,33.0,30.0,36.0,26.0,30.0,33.0,24.0,24.0,27.0,25.0,25.0,21.0,22.0,21.0,21.0,22.0,21.0,22.0,21.0,22.0,21.0,21.0,21.0,22.0,22.0,23.0,20.0,22.0,23.0,21.0,10.0,hold,4,4,22.912
1787153714.7534,2026-08-19 17:35:14.753,10,c3,1,0,-0.03813,-0.49681,0.03972,-4.1712,10.6492,-16.501,-0.0775,0.0011,-0.3515,2.42685,24.0,24.0,25.0,23.0,27.0,32.0,34.0,26.0,33.0,30.0,36.0,26.0,30.0,33.0,24.0,24.0,27.0,25.0,25.0,21.0,22.0,21.0,21.0,22.0,21.0,22.0,21.0,22.0,21.0,21.0,21.0,22.0,22.0,23.0,20.0,22.0,23.0,21.0,10.0,hold,4,4,22.8919
1787153714.8036,2026-08-19 17:35:14.803,10,c3,1,0,-0.03814,-0.49681,0.03971,-4.0371,10.1524,-16.2908,-0.0638,0.0077,-0.3586,2.42408,24.0,24.0,26.0,23.0,28.0,32.0,33.0,26.0,31.0,29.0,33.0,26.0,28.0,33.0,23.0,24.0,27.0,25.0,23.0,21.0,22.0,21.0,21.0,22.0,21.0,22.0,21.0,22.0,21.0,21.0,21.0,22.0,22.0,23.0,20.0,22.0,23.0,21.0,10.0,hold,4,4,22.9165
1787153714.8538,2026-08-19 17:35:14.853,10,c3,1,0,-0.03814,-0.49682,0.03972,-3.9611,10.0767,-16.2357,-0.0646,0.0108,-0.3519,2.42257,24.0,24.0,26.0,23.0,28.0,32.0,33.0,26.0,31.0,29.0,33.0,26.0,28.0,33.0,23.0,24.0,27.0,25.0,23.0,21.0,22.0,21.0,21.0,22.0,21.0,22.0,21.0,22.0,21.0,21.0,21.0,22.0,22.0,23.0,20.0,22.0,23.0,21.0,10.0,hold,4,4,22.93
1787153714.9039,2026-08-19 17:35:14.903,10,c3,1,0,-0.03814,-0.49682,0.03971,-4.1969,10.6128,-16.1676,-0.0759,0.0016,-0.3599,2.43239,23.0,24.0,25.0,22.0,26.0,31.0,34.0,29.0,33.0,31.0,33.0,29.0,30.0,33.0,21.0,25.0,28.0,25.0,26.0,21.0,22.0,21.0,21.0,22.0,21.0,22.0,21.0,22.0,21.0,21.0,21.0,22.0,22.0,23.0,20.0,22.0,23.0,21.0,10.0,hold,4,4,22.8426
1787153714.954,2026-08-19 17:35:14.953,10,c3,1,0,-0.03814,-0.49681,0.03972,-3.5836,9.8948,-16.5693,-0.0642,0.0188,-0.355,2.43339,24.0,24.0,26.0,24.0,28.0,31.0,31.0,26.0,33.0,30.0,34.0,26.0,31.0,34.0,23.0,24.0,29.0,24.0,23.0,21.0,22.0,21.0,21.0,22.0,21.0,22.0,21.0,22.0,21.0,21.0,21.0,22.0,22.0,23.0,20.0,22.0,23.0,21.0,10.0,hold,4,4,22.8337
1787153715.0041,2026-08-19 17:35:15.004,10,c3,1,0,-0.03813,-0.49682,0.03972,-4.2083,10.116,-16.2741,-0.0622,0.0014,-0.3613,2.43339,24.0,24.0,26.0,24.0,28.0,31.0,31.0,26.0,33.0,30.0,34.0,26.0,31.0,34.0,23.0,24.0,29.0,24.0,23.0,21.0,22.0,21.0,21.0,22.0,21.0,22.0,21.0,22.0,21.0,21.0,21.0,22.0,22.0,23.0,20.0,22.0,23.0,21.0,10.0,hold,4,4,22.8337
1787153715.0542,2026-08-19 17:35:15.054,10,c3,1,0,-0.03814,-0.49681,0.03971,-3.8519,10.311,-16.3717,-0.0727,0.0136,-0.3591,2.43012,23.0,25.0,26.0,24.0,28.0,32.0,32.0,28.0,32.0,31.0,35.0,28.0,29.0,35.0,26.0,24.0,29.0,26.0,26.0,21.0,22.0,21.0,21.0,22.0,21.0,22.0,21.0,22.0,21.0,21.0,21.0,22.0,22.0,23.0,20.0,22.0,23.0,21.0,10.0,hold,4,4,22.8628
1787153715.1043,2026-08-19 17:35:15.104,10,c3,1,0,-0.03813,-0.49681,0.03971,-3.9188,10.1789,-16.4408,-0.0677,0.0092,-0.3585,2.43692,23.0,25.0,26.0,24.0,28.0,32.0,32.0,28.0,32.0,31.0,35.0,28.0,29.0,35.0,26.0,24.0,29.0,26.0,26.0,21.0,22.0,21.0,21.0,22.0,21.0,22.0,21.0,22.0,21.0,21.0,21.0,22.0,22.0,23.0,20.0,22.0,23.0,21.0,10.0,hold,4,4,22.8023
1787153715.1544,2026-08-19 17:35:15.154,10,c3,1,0,-0.03814,-0.49683,0.03973,-4.2688,10.0958,-16.6549,-0.0661,0.0008,-0.3634,2.43994,24.0,26.0,25.0,25.0,28.0,32.0,34.0,27.0,33.0,30.0,35.0,27.0,30.0,32.0,23.0,24.0,26.0,25.0,23.0,21.0,22.0,21.0,21.0,22.0,21.0,22.0,21.0,22.0,21.0,21.0,21.0,22.0,22.0,23.0,20.0,22.0,23.0,21.0,10.0,hold,4,4,22.7754
1787153715.2045,2026-08-19 17:35:15.204,10,c3,1,0,-0.03814,-0.49682,0.03973,-4.0204,9.9151,-16.3879,-0.0611,0.0081,-0.3571,2.44095,26.0,25.0,26.0,26.0,28.0,32.0,32.0,29.0,33.0,32.0,34.0,29.0,29.0,35.0,22.0,26.0,29.0,25.0,27.0,21.0,22.0,21.0,21.0,22.0,21.0,22.0,21.0,22.0,21.0,21.0,21.0,22.0,22.0,23.0,20.0,22.0,23.0,21.0,10.0,hold,4,4,22.7665
1787153715.2547,2026-08-19 17:35:15.254,10,c3,1,0,-0.03812,-0.49682,0.03971,-3.9004,10.0853,-16.5906,-0.0653,0.009,-0.3562,2.44598,26.0,25.0,26.0,26.0,28.0,32.0,32.0,29.0,33.0,32.0,34.0,29.0,29.0,35.0,22.0,26.0,29.0,25.0,27.0,21.0,22.0,21.0,21.0,22.0,21.0,22.0,21.0,22.0,21.0,21.0,21.0,22.0,22.0,23.0,20.0,22.0,23.0,21.0,10.0,hold,4,4,22.7217
1787153715.3048,2026-08-19 17:35:15.304,10,c3,1,0,-0.03814,-0.49681,0.03972,-4.1921,10.3682,-16.3086,-0.0673,0.0029,-0.3592,2.44397,25.0,25.0,27.0,25.0,27.0,33.0,33.0,27.0,33.0,31.0,36.0,27.0,31.0,34.0,23.0,25.0,27.0,25.0,25.0,21.0,22.0,21.0,21.0,22.0,21.0,22.0,21.0,22.0,21.0,21.0,21.0,22.0,22.0,23.0,20.0,22.0,23.0,21.0,10.0,hold,4,4,22.7396
1787153715.3549,2026-08-19 17:35:15.354,10,c3,1,0,-0.03814,-0.49682,0.03972,-3.8307,10.375,-16.3159,-0.0746,0.0142,-0.3516,2.44598,25.0,25.0,27.0,25.0,27.0,33.0,33.0,27.0,33.0,31.0,36.0,27.0,31.0,34.0,23.0,25.0,27.0,25.0,25.0,21.0,22.0,21.0,21.0,22.0,21.0,22.0,21.0,22.0,21.0,21.0,21.0,22.0,22.0,23.0,20.0,22.0,23.0,21.0,10.0,hold,4,4,22.7217
1787153715.405,2026-08-19 17:35:15.404,10,c3,1,0,-0.03814,-0.49682,0.03972,-3.9584,10.2553,-16.4731,-0.0672,0.0049,-0.3601,2.4339,23.0,24.0,26.0,23.0,27.0,32.0,34.0,27.0,32.0,31.0,35.0,27.0,31.0,34.0,23.0,24.0,29.0,25.0,24.0,21.0,22.0,21.0,21.0,22.0,21.0,22.0,21.0,22.0,21.0,21.0,21.0,22.0,22.0,23.0,20.0,22.0,23.0,21.0,10.0,hold,4,4,22.8292
1787153715.4551,2026-08-19 17:35:15.455,10,c3,1,0,-0.03814,-0.49682,0.03973,-3.6846,10.0338,-16.5182,-0.0641,0.016,-0.3573,2.45026,24.0,25.0,25.0,24.0,27.0,32.0,33.0,25.0,32.0,30.0,36.0,26.0,30.0,34.0,25.0,23.0,27.0,27.0,24.0,21.0,22.0,21.0,21.0,22.0,21.0,22.0,21.0,22.0,21.0,21.0,21.0,22.0,22.0,23.0,20.0,22.0,23.0,21.0,10.0,hold,4,4,22.6836
1787153715.5052,2026-08-19 17:35:15.505,10,c3,1,0,-0.03814,-0.49682,0.03972,-4.2617,10.602,-16.4326,-0.0775,0.0021,-0.3618,2.44548,24.0,25.0,25.0,24.0,27.0,32.0,33.0,25.0,32.0,30.0,36.0,26.0,30.0,34.0,25.0,23.0,27.0,27.0,24.0,21.0,22.0,21.0,21.0,22.0,21.0,22.0,21.0,22.0,21.0,21.0,21.0,22.0,22.0,23.0,20.0,22.0,23.0,21.0,10.0,hold,4,4,22.7261
1787153715.5553,2026-08-19 17:35:15.555,10,c3,1,0,-0.03812,-0.49682,0.03973,-4.2929,10.6557,-16.325,-0.0807,0.002,-0.3643,2.44926,23.0,24.0,24.0,23.0,28.0,31.0,34.0,27.0,32.0,30.0,35.0,29.0,31.0,34.0,22.0,25.0,29.0,25.0,25.0,21.0,22.0,21.0,21.0,22.0,21.0,22.0,21.0,22.0,21.0,21.0,21.0,22.0,22.0,23.0,20.0,22.0,23.0,21.0,10.0,hold,4,4,22.6925
1787153715.6054,2026-08-19 17:35:15.605,10,c3,1,0,-0.03814,-0.49682,0.03972,-4.3501,10.341,-16.4125,-0.0692,0.0016,-0.362,2.44221,23.0,24.0,24.0,23.0,28.0,31.0,34.0,27.0,32.0,30.0,35.0,29.0,31.0,34.0,22.0,25.0,29.0,25.0,25.0,21.0,22.0,21.0,21.0,22.0,21.0,22.0,21.0,22.0,21.0,21.0,21.0,22.0,22.0,23.0,20.0,22.0,23.0,21.0,10.0,hold,4,4,22.7553
1787153715.6556,2026-08-19 17:35:15.655,10,c3,1,0,-0.03814,-0.49683,0.03972,-4.0761,10.2278,-16.3558,-0.0648,0.0044,-0.3572,2.45152,24.0,26.0,25.0,26.0,28.0,31.0,34.0,29.0,32.0,30.0,36.0,29.0,29.0,34.0,23.0,25.0,27.0,26.0,25.0,21.0,22.0,21.0,21.0,22.0,21.0,22.0,21.0,22.0,21.0,21.0,21.0,22.0,22.0,23.0,20.0,22.0,23.0,21.0,10.0,hold,4,4,22.6724
1787153715.7057,2026-08-19 17:35:15.705,10,c3,1,0,-0.03815,-0.49682,0.03972,-4.5025,10.4651,-16.2563,-0.0718,-0.0037,-0.3627,2.45102,24.0,26.0,25.0,26.0,28.0,31.0,34.0,29.0,32.0,30.0,36.0,29.0,29.0,34.0,23.0,25.0,27.0,26.0,25.0,21.0,22.0,21.0,21.0,22.0,21.0,22.0,21.0,22.0,21.0,21.0,21.0,22.0,22.0,23.0,20.0,22.0,23.0,21.0,10.0,hold,4,4,22.6769
1787153715.7559,2026-08-19 17:35:15.755,10,c3,1,0,-0.03815,-0.49683,0.03972,-4.2696,10.226,-16.4873,-0.0659,0.0024,-0.3642,2.45404,23.0,24.0,27.0,24.0,26.0,32.0,33.0,25.0,32.0,31.0,34.0,25.0,29.0,34.0,23.0,25.0,28.0,25.0,24.0,21.0,22.0,21.0,21.0,22.0,21.0,22.0,21.0,22.0,21.0,21.0,21.0,22.0,22.0,23.0,20.0,22.0,23.0,21.0,10.0,hold,4,4,22.65
1787153715.806,2026-08-19 17:35:15.805,10,c3,1,0,-0.03813,-0.49681,0.03972,-3.9742,9.9844,-16.6093,-0.0621,0.0102,-0.3593,2.44346,24.0,24.0,27.0,22.0,27.0,33.0,34.0,27.0,31.0,31.0,34.0,26.0,29.0,36.0,23.0,26.0,28.0,26.0,27.0,21.0,22.0,21.0,21.0,22.0,21.0,22.0,21.0,22.0,21.0,21.0,21.0,22.0,22.0,23.0,20.0,22.0,23.0,21.0,10.0,hold,4,4,22.7441
1787153715.8561,2026-08-19 17:35:15.856,10,c3,1,0,-0.03813,-0.49682,0.03972,-4.0369,10.2679,-16.5485,-0.069,0.0091,-0.3605,2.45203,24.0,24.0,27.0,22.0,27.0,33.0,34.0,27.0,31.0,31.0,34.0,26.0,29.0,36.0,23.0,26.0,28.0,26.0,27.0,21.0,22.0,21.0,21.0,22.0,21.0,22.0,21.0,22.0,21.0,21.0,21.0,22.0,22.0,23.0,20.0,22.0,23.0,21.0,10.0,hold,4,4,22.6679
1787153715.9062,2026-08-19 17:35:15.906,10,c3,1,0,-0.03812,-0.49683,0.03973,-3.7959,10.3456,-16.4879,-0.073,0.0131,-0.3525,2.45379,25.0,25.0,27.0,25.0,26.0,32.0,32.0,26.0,32.0,29.0,36.0,26.0,30.0,33.0,24.0,24.0,28.0,26.0,24.0,21.0,22.0,21.0,21.0,22.0,21.0,22.0,21.0,22.0,21.0,21.0,21.0,22.0,22.0,23.0,20.0,22.0,23.0,21.0,10.0,hold,4,4,22.6522
1787153715.9563,2026-08-19 17:35:15.956,10,c3,1,0,-0.03811,-0.49682,0.03972,-4.2345,10.3671,-16.4083,-0.072,0.0022,-0.3573,2.449,25.0,25.0,27.0,25.0,26.0,32.0,32.0,26.0,32.0,29.0,36.0,26.0,30.0,33.0,24.0,24.0,28.0,26.0,24.0,21.0,22.0,21.0,21.0,22.0,21.0,22.0,21.0,22.0,21.0,21.0,21.0,22.0,22.0,23.0,20.0,22.0,23.0,21.0,10.0,hold,4,4,22.6948
1787153716.0064,2026-08-19 17:35:16.006,10,c3,1,0,-0.03814,-0.49682,0.03971,-4.2858,10.6607,-16.6618,-0.078,0.0029,-0.3521,2.44951,23.0,25.0,26.0,23.0,26.0,31.0,33.0,28.0,31.0,30.0,35.0,27.0,29.0,34.0,23.0,25.0,28.0,27.0,24.0,21.0,22.0,21.0,21.0,22.0,21.0,22.0,21.0,22.0,21.0,21.0,21.0,22.0,22.0,23.0,20.0,22.0,23.0,21.0,10.0,hold,4,4,22.6903
1787153716.0566,2026-08-19 17:35:16.056,10,c3,1,0,-0.03813,-0.49681,0.03972,-3.9051,10.1551,-16.6615,-0.0651,0.0108,-0.3634,2.45152,25.0,25.0,26.0,24.0,26.0,31.0,35.0,28.0,32.0,30.0,35.0,28.0,30.0,34.0,24.0,26.0,28.0,27.0,25.0,21.0,22.0,21.0,21.0,22.0,21.0,22.0,21.0,22.0,21.0,21.0,21.0,22.0,22.0,23.0,20.0,22.0,23.0,21.0,10.0,hold,4,4,22.6724
1787153716.1067,2026-08-19 17:35:16.106,10,c3,1,0,-0.03815,-0.49681,0.03972,-4.2568,10.2904,-16.5933,-0.0676,0.0015,-0.3614,2.44875,25.0,25.0,26.0,24.0,26.0,31.0,35.0,28.0,32.0,30.0,35.0,28.0,30.0,34.0,24.0,26.0,28.0,27.0,25.0,21.0,22.0,21.0,21.0,22.0,21.0,22.0,21.0,22.0,21.0,21.0,21.0,22.0,22.0,23.0,20.0,22.0,23.0,21.0,10.0,hold,4,4,22.697
1787153716.1569,2026-08-19 17:35:16.156,10,c3,1,0,-0.03814,-0.49681,0.03972,-4.2152,10.2681,-16.4945,-0.069,0.0031,-0.3636,2.45203,24.0,24.0,27.0,25.0,27.0,31.0,34.0,26.0,32.0,32.0,36.0,26.0,29.0,35.0,24.0,24.0,29.0,27.0,24.0,21.0,22.0,21.0,21.0,22.0,21.0,22.0,21.0,22.0,21.0,21.0,21.0,22.0,22.0,23.0,20.0,22.0,23.0,21.0,10.0,hold,4,4,22.6679
1787153716.2069,2026-08-19 17:35:16.206,10,c3,1,0,-0.03813,-0.49681,0.03971,-4.0938,10.3082,-16.5095,-0.0713,0.0045,-0.3619,2.45908,24.0,24.0,27.0,25.0,27.0,31.0,34.0,26.0,32.0,32.0,36.0,26.0,29.0,35.0,24.0,24.0,29.0,27.0,24.0,21.0,22.0,21.0,21.0,22.0,21.0,22.0,21.0,22.0,21.0,21.0,21.0,22.0,22.0,23.0,20.0,22.0,23.0,21.0,10.0,hold,4,4,22.6052
1787153716.257,2026-08-19 17:35:16.257,10,c3,1,0,-0.03813,-0.49682,0.03972,-3.7306,9.9601,-16.7277,-0.0624,0.0157,-0.3529,2.4553,23.0,24.0,27.0,22.0,27.0,33.0,35.0,26.0,32.0,31.0,36.0,26.0,29.0,36.0,24.0,23.0,29.0,26.0,22.0,21.0,22.0,21.0,21.0,22.0,21.0,22.0,21.0,22.0,21.0,21.0,21.0,22.0,22.0,23.0,20.0,22.0,23.0,21.0,10.0,hold,4,4,22.6388
1787153716.3072,2026-08-19 17:35:16.307,10,c3,1,0,-0.03815,-0.49683,0.03973,-4.0089,10.2063,-16.4921,-0.067,0.0079,-0.3579,2.46033,23.0,24.0,26.0,22.0,26.0,33.0,35.0,24.0,32.0,31.0,33.0,25.0,30.0,35.0,22.0,22.0,29.0,23.0,24.0,21.0,22.0,21.0,21.0,22.0,21.0,22.0,21.0,22.0,21.0,21.0,21.0,22.0,22.0,23.0,20.0,22.0,23.0,21.0,10.0,hold,4,4,22.594
1787153716.3573,2026-08-19 17:35:16.357,10,c3,1,0,-0.03813,-0.49681,0.03971,-4.1847,10.4184,-16.8412,-0.0736,0.0033,-0.3637,2.45505,23.0,24.0,26.0,22.0,26.0,33.0,35.0,24.0,32.0,31.0,33.0,25.0,30.0,35.0,22.0,22.0,29.0,23.0,24.0,21.0,22.0,21.0,21.0,22.0,21.0,22.0,21.0,22.0,21.0,21.0,21.0,22.0,22.0,23.0,20.0,22.0,23.0,21.0,10.0,hold,4,4,22.641
1787153716.4074,2026-08-19 17:35:16.407,10,c3,1,0,-0.03813,-0.49682,0.03971,-4.2269,10.5184,-16.452,-0.0751,0.0019,-0.3597,2.45379,21.0,24.0,27.0,21.0,26.0,34.0,33.0,25.0,32.0,31.0,35.0,25.0,29.0,35.0,25.0,24.0,27.0,25.0,23.0,21.0,22.0,21.0,21.0,22.0,21.0,22.0,21.0,22.0,21.0,21.0,21.0,22.0,22.0,23.0,20.0,22.0,23.0,21.0,10.0,hold,4,4,22.6522
1787153716.4575,2026-08-19 17:35:16.457,10,c3,1,0,-0.03813,-0.49682,0.03972,-3.7803,10.1961,-16.5312,-0.0688,0.0099,-0.347,2.45479,21.0,24.0,27.0,21.0,26.0,34.0,33.0,25.0,32.0,31.0,35.0,25.0,29.0,35.0,25.0,24.0,27.0,25.0,23.0,21.0,22.0,21.0,21.0,22.0,21.0,22.0,21.0,22.0,21.0,21.0,21.0,22.0,22.0,23.0,20.0,22.0,23.0,21.0,10.0,hold,4,4,22.6433
1787153716.5076,2026-08-19 17:35:16.507,10,c3,1,0,-0.03814,-0.49682,0.03973,-3.8157,10.2221,-16.4482,-0.0677,0.0118,-0.3572,2.46109,22.0,24.0,26.0,22.0,26.0,32.0,34.0,27.0,31.0,30.0,34.0,26.0,28.0,34.0,20.0,24.0,28.0,24.0,25.0,21.0,22.0,21.0,21.0,22.0,21.0,22.0,21.0,22.0,21.0,21.0,21.0,22.0,22.0,23.0,20.0,22.0,23.0,21.0,10.0,hold,4,4,22.5873
1787153716.5578,2026-08-19 17:35:16.557,10,c3,1,0,-0.03814,-0.49682,0.03973,-3.9374,10.1284,-16.5626,-0.07,0.0097,-0.3583,2.45429,24.0,23.0,27.0,24.0,26.0,33.0,31.0,26.0,30.0,29.0,36.0,28.0,29.0,33.0,24.0,26.0,29.0,26.0,28.0,21.0,22.0,21.0,21.0,22.0,21.0,22.0,21.0,22.0,21.0,21.0,21.0,22.0,22.0,23.0,20.0,22.0,23.0,21.0,10.0,hold,4,4,22.6477
1787153716.6079,2026-08-19 17:35:16.607,10,c3,1,0,-0.03815,-0.49683,0.03974,-3.9636,10.2872,-16.7259,-0.0705,0.0097,-0.3509,2.45958,24.0,23.0,27.0,24.0,26.0,33.0,31.0,26.0,30.0,29.0,36.0,28.0,29.0,33.0,24.0,26.0,29.0,26.0,28.0,21.0,22.0,21.0,21.0,22.0,21.0,22.0,21.0,22.0,21.0,21.0,21.0,22.0,22.0,23.0,20.0,22.0,23.0,21.0,10.0,hold,4,4,22.6007
1787153716.658,2026-08-19 17:35:16.658,10,c3,1,0,-0.03813,-0.49681,0.03971,-4.019,10.2905,-16.7285,-0.0728,0.0092,-0.3576,2.46033,23.0,24.0,27.0,24.0,25.0,33.0,33.0,27.0,31.0,31.0,34.0,28.0,30.0,36.0,23.0,23.0,30.0,26.0,25.0,21.0,22.0,21.0,21.0,22.0,21.0,22.0,21.0,22.0,21.0,21.0,21.0,22.0,22.0,23.0,20.0,22.0,23.0,21.0,10.0,hold,4,4,22.594
1787153716.7081,2026-08-19 17:35:16.708,10,c3,1,0,-0.03814,-0.49681,0.03972,-3.882,10.2039,-16.7009,-0.0674,0.0099,-0.3545,2.45756,23.0,24.0,27.0,24.0,25.0,33.0,33.0,27.0,31.0,31.0,34.0,28.0,30.0,36.0,23.0,23.0,30.0,26.0,25.0,21.0,22.0,21.0,21.0,22.0,21.0,22.0,21.0,22.0,21.0,21.0,21.0,22.0,22.0,23.0,20.0,22.0,23.0,21.0,10.0,hold,4,4,22.6186
1787153716.7582,2026-08-19 17:35:16.758,10,c3,1,0,-0.03814,-0.49681,0.03972,-4.0859,10.1892,-16.4712,-0.0664,0.0058,-0.3598,2.45756,23.0,25.0,26.0,23.0,28.0,33.0,33.0,26.0,31.0,31.0,32.0,27.0,29.0,36.0,22.0,24.0,30.0,24.0,25.0,21.0,22.0,21.0,21.0,22.0,21.0,22.0,21.0,22.0,21.0,21.0,21.0,22.0,22.0,23.0,20.0,22.0,23.0,21.0,10.0,hold,4,4,22.6186
1787153716.8083,2026-08-19 17:35:16.808,10,c3,1,0,-0.03813,-0.49682,0.03972,-4.3885,10.499,-16.4365,-0.0758,-0.0007,-0.3657,2.46134,23.0,25.0,26.0,23.0,28.0,33.0,33.0,26.0,31.0,31.0,32.0,27.0,29.0,36.0,22.0,24.0,30.0,24.0,25.0,21.0,22.0,21.0,21.0,22.0,21.0,22.0,21.0,22.0,21.0,21.0,21.0,22.0,22.0,23.0,20.0,22.0,23.0,21.0,10.0,hold,4,4,22.585
1787153716.8584,2026-08-19 17:35:16.858,10,c3,1,0,-0.03814,-0.49681,0.03972,-3.957,10.3148,-16.5807,-0.0697,0.0094,-0.3542,2.45706,23.0,23.0,27.0,22.0,26.0,33.0,31.0,26.0,32.0,32.0,35.0,26.0,30.0,36.0,25.0,24.0,29.0,25.0,24.0,21.0,22.0,21.0,21.0,22.0,21.0,22.0,21.0,22.0,21.0,21.0,21.0,22.0,22.0,23.0,20.0,22.0,23.0,21.0,10.0,hold,4,4,22.6231
1787153716.9086,2026-08-19 17:35:16.908,10,c3,1,0,-0.03812,-0.49682,0.03971,-4.0834,10.4119,-16.525,-0.0707,0.0033,-0.3616,2.45379,22.0,24.0,27.0,23.0,26.0,33.0,33.0,27.0,32.0,31.0,35.0,27.0,29.0,35.0,23.0,26.0,28.0,24.0,23.0,21.0,22.0,21.0,21.0,22.0,21.0,22.0,21.0,22.0,21.0,21.0,21.0,22.0,22.0,23.0,20.0,22.0,23.0,21.0,10.0,hold,4,4,22.6522
1787153716.9587,2026-08-19 17:35:16.958,10,c3,1,0,-0.03815,-0.49682,0.03971,-4.3185,10.4355,-16.4443,-0.0711,-0.001,-0.3631,2.46109,22.0,24.0,27.0,23.0,26.0,33.0,33.0,27.0,32.0,31.0,35.0,27.0,29.0,35.0,23.0,26.0,28.0,24.0,23.0,21.0,22.0,21.0,21.0,22.0,21.0,22.0,21.0,22.0,21.0,21.0,21.0,22.0,22.0,23.0,20.0,22.0,23.0,21.0,10.0,hold,4,4,22.5873
1787153717.0089,2026-08-19 17:35:17.008,10,c3,1,0,-0.03813,-0.49683,0.03972,-4.087,10.5865,-16.386,-0.0791,0.0055,-0.3615,2.45958,24.0,25.0,27.0,23.0,27.0,33.0,32.0,26.0,32.0,31.0,34.0,28.0,29.0,34.0,22.0,24.0,27.0,25.0,24.0,21.0,22.0,21.0,21.0,22.0,21.0,22.0,21.0,22.0,21.0,21.0,21.0,22.0,22.0,23.0,20.0,22.0,23.0,21.0,10.0,hold,4,4,22.6007
1787153717.059,2026-08-19 17:35:17.059,10,c3,1,0,-0.03814,-0.49681,0.03971,-3.9137,10.0992,-16.5669,-0.0684,0.0121,-0.3525,2.45656,24.0,25.0,27.0,23.0,27.0,33.0,32.0,26.0,32.0,31.0,34.0,28.0,29.0,34.0,22.0,24.0,27.0,25.0,24.0,21.0,22.0,21.0,21.0,22.0,21.0,22.0,21.0,22.0,21.0,21.0,21.0,22.0,22.0,23.0,20.0,22.0,23.0,21.0,10.0,hold,4,4,22.6276
1787153717.1091,2026-08-19 17:35:17.109,10,c3,1,0,-0.03815,-0.49681,0.03971,-3.9219,10.5593,-16.4492,-0.0753,0.0104,-0.3614,2.45908,24.0,25.0,26.0,23.0,27.0,31.0,33.0,27.0,32.0,31.0,36.0,29.0,30.0,34.0,24.0,26.0,28.0,27.0,25.0,21.0,22.0,21.0,21.0,22.0,21.0,22.0,21.0,22.0,21.0,21.0,21.0,22.0,22.0,23.0,20.0,22.0,23.0,21.0,10.0,hold,4,4,22.6052
1787153717.1592,2026-08-19 17:35:17.159,10,c3,1,0,-0.03814,-0.49682,0.03972,-3.7506,10.3992,-16.4724,-0.0774,0.0147,-0.3542,2.46713,26.0,25.0,26.0,25.0,26.0,31.0,33.0,27.0,33.0,31.0,35.0,27.0,30.0,35.0,23.0,23.0,28.0,26.0,24.0,21.0,22.0,21.0,21.0,22.0,21.0,22.0,21.0,22.0,21.0,21.0,21.0,22.0,22.0,23.0,20.0,22.0,23.0,21.0,10.0,hold,4,4,22.5335
1787153717.2094,2026-08-19 17:35:17.209,10,c3,1,0,-0.03814,-0.49682,0.03973,-3.5983,10.0303,-16.4861,-0.0643,0.0199,-0.3591,2.46134,26.0,25.0,26.0,25.0,26.0,31.0,33.0,27.0,33.0,31.0,35.0,27.0,30.0,35.0,23.0,23.0,28.0,26.0,24.0,21.0,22.0,21.0,21.0,22.0,21.0,22.0,21.0,22.0,21.0,21.0,21.0,22.0,22.0,23.0,20.0,22.0,23.0,21.0,10.0,hold,4,4,22.585
1787153717.2595,2026-08-19 17:35:17.259,10,c3,1,0,-0.03813,-0.49682,0.03972,-3.7043,9.9658,-16.5972,-0.063,0.0142,-0.353,2.46537,24.0,26.0,26.0,24.0,28.0,32.0,32.0,27.0,32.0,30.0,37.0,27.0,30.0,33.0,24.0,24.0,27.0,26.0,24.0,21.0,22.0,21.0,21.0,22.0,21.0,22.0,21.0,22.0,21.0,21.0,21.0,22.0,22.0,23.0,20.0,22.0,23.0,21.0,10.0,hold,4,4,22.5492
1787153717.3095,2026-08-19 17:35:17.309,10,c3,1,0,-0.03815,-0.49682,0.03972,-4.0969,10.2272,-16.6211,-0.0672,0.0066,-0.3562,2.45958,24.0,26.0,26.0,24.0,28.0,32.0,32.0,27.0,32.0,30.0,37.0,27.0,30.0,33.0,24.0,24.0,27.0,26.0,24.0,21.0,22.0,21.0,21.0,22.0,21.0,22.0,21.0,22.0,21.0,21.0,21.0,22.0,22.0,23.0,20.0,22.0,23.0,21.0,10.0,hold,4,4,22.6007
1787153717.3597,2026-08-19 17:35:17.359,10,c3,1,0,-0.03814,-0.49682,0.03972,-4.2632,10.6207,-16.3379,-0.0777,0.0001,-0.3625,2.46713,23.0,25.0,25.0,24.0,28.0,31.0,34.0,26.0,32.0,32.0,36.0,26.0,29.0,35.0,25.0,24.0,28.0,25.0,24.0,21.0,22.0,21.0,21.0,22.0,21.0,22.0,21.0,22.0,21.0,21.0,21.0,22.0,22.0,23.0,20.0,22.0,23.0,21.0,10.0,hold,4,4,22.5335
1787153717.4098,2026-08-19 17:35:17.409,10,c3,1,0,-0.03813,-0.4968,0.0397,-3.875,10.157,-16.4643,-0.0683,0.0107,-0.3548,2.47116,24.0,24.0,27.0,23.0,27.0,32.0,34.0,28.0,31.0,33.0,36.0,27.0,27.0,36.0,23.0,24.0,28.0,25.0,25.0,21.0,22.0,21.0,21.0,22.0,21.0,22.0,21.0,22.0,21.0,21.0,21.0,22.0,22.0,23.0,20.0,22.0,23.0,21.0,10.0,hold,4,4,22.4977
1787153717.4599,2026-08-19 17:35:17.459,10,c3,1,0,-0.03814,-0.49682,0.03972,-4.0482,10.0167,-16.5596,-0.0585,0.0054,-0.3552,2.46285,24.0,24.0,27.0,23.0,27.0,32.0,34.0,28.0,31.0,33.0,36.0,27.0,27.0,36.0,23.0,24.0,28.0,25.0,25.0,21.0,22.0,21.0,21.0,22.0,21.0,22.0,21.0,22.0,21.0,21.0,21.0,22.0,22.0,23.0,20.0,22.0,23.0,21.0,10.0,hold,4,4,22.5716
1787153717.51,2026-08-19 17:35:17.510,10,c3,1,0,-0.03814,-0.49683,0.03972,-4.2751,10.5619,-16.4491,-0.0773,0.001,-0.3611,2.47041,26.0,22.0,26.0,24.0,27.0,34.0,34.0,27.0,31.0,30.0,36.0,27.0,28.0,34.0,24.0,26.0,27.0,26.0,27.0,21.0,22.0,21.0,21.0,22.0,21.0,22.0,21.0,22.0,21.0,21.0,21.0,22.0,22.0,23.0,20.0,22.0,23.0,21.0,10.0,hold,4,4,22.5044
1787153717.5601,2026-08-19 17:35:17.560,10,c3,1,0,-0.03813,-0.49682,0.03972,-3.9639,10.5902,-16.3895,-0.0802,0.008,-0.3575,2.46487,26.0,22.0,26.0,24.0,27.0,34.0,34.0,27.0,31.0,30.0,36.0,27.0,28.0,34.0,24.0,26.0,27.0,26.0,27.0,21.0,22.0,21.0,21.0,22.0,21.0,22.0,21.0,22.0,21.0,21.0,21.0,22.0,22.0,23.0,20.0,22.0,23.0,21.0,10.0,hold,4,4,22.5537
1787153717.6102,2026-08-19 17:35:17.610,10,c3,1,0,-0.03814,-0.49681,0.03972,-4.1308,10.0331,-16.6001,-0.0636,0.0057,-0.3631,2.46084,25.0,23.0,25.0,23.0,26.0,32.0,34.0,27.0,31.0,30.0,34.0,27.0,28.0,34.0,22.0,25.0,28.0,24.0,23.0,21.0,22.0,21.0,21.0,22.0,21.0,22.0,21.0,22.0,21.0,21.0,21.0,22.0,22.0,23.0,20.0,22.0,23.0,21.0,10.0,hold,4,4,22.5895
1787153717.6603,2026-08-19 17:35:17.660,10,c3,1,0,-0.03812,-0.49681,0.03971,-3.9778,10.1381,-16.4936,-0.0701,0.009,-0.358,2.46814,25.0,23.0,25.0,24.0,25.0,31.0,32.0,25.0,32.0,32.0,35.0,26.0,30.0,35.0,23.0,23.0,29.0,24.0,24.0,21.0,22.0,21.0,21.0,22.0,21.0,22.0,21.0,22.0,21.0,21.0,21.0,22.0,22.0,23.0,20.0,22.0,23.0,21.0,10.0,hold,4,4,22.5246
1787153717.7104,2026-08-19 17:35:17.710,10,c3,1,0,-0.03815,-0.49682,0.03972,-4.2021,10.6035,-16.4817,-0.0778,0.0027,-0.3556,2.46738,25.0,23.0,25.0,24.0,25.0,31.0,32.0,25.0,32.0,32.0,35.0,26.0,30.0,35.0,23.0,23.0,29.0,24.0,24.0,21.0,22.0,21.0,21.0,22.0,21.0,22.0,21.0,22.0,21.0,21.0,21.0,22.0,22.0,23.0,20.0,22.0,23.0,21.0,10.0,hold,4,4,22.5313
1787153717.7605,2026-08-19 17:35:17.760,10,c3,1,0,-0.03815,-0.49681,0.03972,-4.0328,10.3887,-16.5542,-0.0731,0.0063,-0.357,2.46839,22.0,25.0,27.0,23.0,27.0,34.0,31.0,26.0,32.0,29.0,36.0,27.0,29.0,34.0,24.0,25.0,28.0,27.0,25.0,21.0,22.0,21.0,21.0,22.0,21.0,22.0,21.0,22.0,21.0,21.0,21.0,22.0,22.0,23.0,20.0,22.0,23.0,21.0,10.0,hold,4,4,22.5223
1787153717.8106,2026-08-19 17:35:17.810,10,c3,1,0,-0.03814,-0.49683,0.03972,-4.1679,10.2536,-16.5193,-0.0693,0.0,-0.3595,2.47066,22.0,25.0,27.0,23.0,27.0,34.0,31.0,26.0,32.0,29.0,36.0,27.0,29.0,34.0,24.0,25.0,28.0,27.0,25.0,21.0,22.0,21.0,21.0,22.0,21.0,22.0,21.0,22.0,21.0,21.0,21.0,22.0,22.0,23.0,20.0,22.0,23.0,21.0,10.0,hold,4,4,22.5022
1787153717.8607,2026-08-19 17:35:17.860,10,c3,1,0,-0.03814,-0.49682,0.03972,-4.0441,10.0623,-16.322,-0.0662,0.008,-0.3583,2.46285,23.0,25.0,26.0,22.0,27.0,30.0,35.0,26.0,31.0,32.0,37.0,26.0,29.0,35.0,23.0,25.0,29.0,26.0,26.0,21.0,22.0,21.0,21.0,22.0,21.0,22.0,21.0,22.0,21.0,21.0,21.0,22.0,22.0,23.0,20.0,22.0,23.0,21.0,10.0,hold,4,4,22.5716
1787153717.9108,2026-08-19 17:35:17.910,10,c3,1,0,-0.03812,-0.49682,0.03973,-3.9973,10.2155,-16.28,-0.0689,0.0103,-0.3545,2.46814,23.0,25.0,26.0,22.0,27.0,30.0,35.0,26.0,31.0,32.0,37.0,26.0,29.0,35.0,23.0,25.0,29.0,26.0,26.0,21.0,22.0,21.0,21.0,22.0,21.0,22.0,21.0,22.0,21.0,21.0,21.0,22.0,22.0,23.0,20.0,22.0,23.0,21.0,10.0,hold,4,4,22.5246
1787153717.9609,2026-08-19 17:35:17.960,10,c3,1,0,-0.03815,-0.49682,0.03972,-3.9952,10.5294,-16.5728,-0.0818,0.0057,-0.3572,2.46361,25.0,25.0,28.0,25.0,27.0,34.0,34.0,28.0,31.0,32.0,35.0,28.0,29.0,34.0,25.0,24.0,29.0,26.0,25.0,21.0,22.0,21.0,21.0,22.0,21.0,22.0,21.0,22.0,21.0,21.0,21.0,22.0,22.0,23.0,20.0,22.0,23.0,21.0,10.0,hold,4,4,22.5649
1787153718.011,2026-08-19 17:35:18.011,10,c3,1,0,-0.03815,-0.49682,0.03972,-4.2637,10.2937,-16.7963,-0.0706,0.0006,-0.3617,2.46436,24.0,25.0,27.0,25.0,27.0,33.0,34.0,26.0,30.0,30.0,36.0,26.0,29.0,34.0,25.0,24.0,28.0,27.0,25.0,21.0,22.0,21.0,21.0,22.0,21.0,22.0,21.0,22.0,21.0,21.0,21.0,22.0,22.0,23.0,20.0,22.0,23.0,21.0,10.0,hold,4,4,22.5581
1787153718.0611,2026-08-19 17:35:18.061,10,c3,1,0,-0.03813,-0.49682,0.03973,-3.857,10.1711,-16.6134,-0.0676,0.012,-0.3621,2.4694,24.0,25.0,27.0,25.0,27.0,33.0,34.0,26.0,30.0,30.0,36.0,26.0,29.0,34.0,25.0,24.0,28.0,27.0,25.0,21.0,22.0,21.0,21.0,22.0,21.0,22.0,21.0,22.0,21.0,21.0,21.0,22.0,22.0,23.0,20.0,22.0,23.0,21.0,10.0,hold,4,4,22.5134
1787153718.1113,2026-08-19 17:35:18.111,10,c3,1,0,-0.03814,-0.49681,0.03971,-3.9788,10.2554,-16.4775,-0.0682,0.0094,-0.3578,2.47317,24.0,24.0,26.0,23.0,26.0,32.0,35.0,27.0,32.0,32.0,35.0,27.0,29.0,34.0,23.0,26.0,28.0,27.0,25.0,21.0,22.0,21.0,21.0,22.0,21.0,22.0,21.0,22.0,21.0,21.0,21.0,22.0,22.0,23.0,20.0,22.0,23.0,21.0,10.0,hold,4,4,22.4798
1787153718.1614,2026-08-19 17:35:18.161,10,c3,1,0,-0.03816,-0.49681,0.03973,-3.9517,10.4253,-16.5198,-0.0757,0.0121,-0.3585,2.47041,24.0,24.0,26.0,23.0,26.0,32.0,35.0,27.0,32.0,32.0,35.0,27.0,29.0,34.0,23.0,26.0,28.0,27.0,25.0,21.0,22.0,21.0,21.0,22.0,21.0,22.0,21.0,22.0,21.0,21.0,21.0,22.0,22.0,23.0,20.0,22.0,23.0,21.0,10.0,hold,4,4,22.5044
1787153718.2115,2026-08-19 17:35:18.211,10,c3,1,0,-0.03814,-0.49683,0.03973,-4.1186,10.2981,-16.6869,-0.0687,0.0051,-0.3625,2.4699,24.0,25.0,26.0,24.0,27.0,33.0,33.0,25.0,32.0,34.0,35.0,26.0,29.0,36.0,24.0,24.0,30.0,26.0,25.0,21.0,22.0,21.0,21.0,22.0,21.0,22.0,21.0,22.0,21.0,21.0,21.0,22.0,22.0,23.0,20.0,22.0,23.0,21.0,10.0,hold,4,4,22.5089
1787153718.2616,2026-08-19 17:35:18.261,10,c3,1,0,-0.03812,-0.49682,0.03973,-4.3364,10.6401,-16.5033,-0.0753,-0.0012,-0.3561,2.47066,22.0,24.0,27.0,22.0,28.0,34.0,35.0,27.0,33.0,30.0,34.0,26.0,30.0,34.0,25.0,24.0,29.0,26.0,23.0,21.0,22.0,21.0,21.0,22.0,21.0,22.0,21.0,22.0,21.0,21.0,21.0,22.0,22.0,23.0,20.0,22.0,23.0,21.0,10.0,hold,4,4,22.5022
1787153718.3117,2026-08-19 17:35:18.311,10,c3,1,0,-0.03814,-0.49682,0.03972,-4.4581,10.6486,-16.637,-0.0784,-0.0041,-0.3622,2.46411,22.0,24.0,27.0,22.0,28.0,34.0,35.0,27.0,33.0,30.0,34.0,26.0,30.0,34.0,25.0,24.0,29.0,26.0,23.0,21.0,22.0,21.0,21.0,22.0,21.0,22.0,21.0,22.0,21.0,21.0,21.0,22.0,22.0,23.0,20.0,22.0,23.0,21.0,10.0,hold,4,4,22.5604
1787153718.3618,2026-08-19 17:35:18.361,10,c3,1,0,-0.03814,-0.49681,0.03972,-3.9536,10.3991,-16.5655,-0.072,0.0089,-0.3576,2.47091,23.0,26.0,25.0,23.0,29.0,32.0,33.0,26.0,33.0,32.0,35.0,27.0,30.0,36.0,24.0,25.0,30.0,26.0,24.0,21.0,22.0,21.0,21.0,22.0,21.0,22.0,21.0,22.0,21.0,21.0,21.0,22.0,22.0,23.0,20.0,22.0,23.0,21.0,10.0,hold,4,4,22.4999
1787153718.4119,2026-08-19 17:35:18.411,10,c3,1,0,-0.03814,-0.49682,0.03972,-4.2311,10.3404,-16.5122,-0.07,0.0059,-0.3561,2.45958,23.0,26.0,25.0,23.0,29.0,32.0,33.0,26.0,33.0,32.0,35.0,27.0,30.0,36.0,24.0,25.0,30.0,26.0,24.0,21.0,22.0,21.0,21.0,22.0,21.0,22.0,21.0,22.0,21.0,21.0,21.0,22.0,22.0,23.0,20.0,22.0,23.0,21.0,10.0,hold,4,4,22.6007
1787153718.462,2026-08-19 17:35:18.461,10,c3,1,0,-0.03815,-0.49683,0.03973,-4.1747,10.4998,-16.5328,-0.0709,0.0052,-0.3635,2.47494,25.0,25.0,27.0,24.0,28.0,33.0,34.0,27.0,32.0,31.0,34.0,27.0,29.0,35.0,22.0,24.0,30.0,24.0,23.0,21.0,22.0,21.0,21.0,22.0,21.0,22.0,21.0,22.0,21.0,21.0,21.0,22.0,22.0,23.0,20.0,22.0,23.0,21.0,10.0,hold,4,4,22.4641
1787153718.5121,2026-08-19 17:35:18.512,10,c3,1,0,-0.03814,-0.49682,0.03972,-4.4102,10.4094,-16.3297,-0.074,-0.0044,-0.3603,2.47343,23.0,24.0,26.0,23.0,26.0,32.0,33.0,28.0,32.0,32.0,35.0,28.0,29.0,36.0,24.0,27.0,30.0,27.0,26.0,21.0,22.0,21.0,21.0,22.0,21.0,22.0,21.0,22.0,21.0,21.0,21.0,22.0,22.0,23.0,20.0,22.0,23.0,21.0,10.0,hold,4,4,22.4775
1787153718.5622,2026-08-19 17:35:18.562,10,c3,1,0,-0.03813,-0.49682,0.03973,-4.256,10.8067,-16.4922,-0.081,-0.001,-0.3575,2.46889,23.0,24.0,26.0,23.0,26.0,32.0,33.0,28.0,32.0,32.0,35.0,28.0,29.0,36.0,24.0,27.0,30.0,27.0,26.0,21.0,22.0,21.0,21.0,22.0,21.0,22.0,21.0,22.0,21.0,21.0,21.0,22.0,22.0,23.0,20.0,22.0,23.0,21.0,10.0,hold,4,4,22.5178
1787153718.6123,2026-08-19 17:35:18.612,10,c3,1,0,-0.03814,-0.49681,0.03972,-4.062,10.5625,-16.4003,-0.0759,0.0075,-0.357,2.47494,25.0,24.0,27.0,25.0,26.0,33.0,32.0,27.0,32.0,30.0,35.0,26.0,29.0,35.0,23.0,23.0,28.0,27.0,26.0,21.0,22.0,21.0,21.0,22.0,21.0,22.0,21.0,22.0,21.0,21.0,21.0,22.0,22.0,23.0,20.0,22.0,23.0,21.0,10.0,hold,4,4,22.4641
1787153718.6625,2026-08-19 17:35:18.662,10,c3,1,0,-0.03813,-0.49681,0.03972,-4.27,10.273,-16.3093,-0.0683,-0.0017,-0.3597,2.47267,25.0,24.0,27.0,25.0,26.0,33.0,32.0,27.0,32.0,30.0,35.0,26.0,29.0,35.0,23.0,23.0,28.0,27.0,26.0,21.0,22.0,21.0,21.0,22.0,21.0,22.0,21.0,22.0,21.0,21.0,21.0,22.0,22.0,23.0,20.0,22.0,23.0,21.0,10.0,hold,4,4,22.4842
1787153718.7126,2026-08-19 17:35:18.712,10,c3,1,0,-0.03814,-0.49681,0.03971,-4.2145,10.5169,-16.2808,-0.0758,0.001,-0.3617,2.46688,24.0,24.0,27.0,25.0,27.0,31.0,34.0,26.0,31.0,29.0,34.0,27.0,28.0,33.0,22.0,25.0,28.0,25.0,24.0,21.0,22.0,21.0,21.0,22.0,21.0,22.0,21.0,22.0,21.0,21.0,21.0,22.0,22.0,23.0,20.0,22.0,23.0,21.0,10.0,hold,4,4,22.5357
1787153718.7627,2026-08-19 17:35:18.762,10,c3,1,0,-0.03814,-0.49683,0.03972,-4.0385,10.5408,-16.5086,-0.077,0.0078,-0.3584,2.47116,23.0,24.0,25.0,24.0,25.0,32.0,32.0,27.0,32.0,32.0,35.0,27.0,30.0,35.0,23.0,24.0,30.0,25.0,24.0,21.0,22.0,21.0,21.0,22.0,21.0,22.0,21.0,22.0,21.0,21.0,21.0,22.0,22.0,23.0,20.0,22.0,23.0,21.0,10.0,hold,4,4,22.4977
1787153718.8128,2026-08-19 17:35:18.812,10,c3,1,0,-0.03815,-0.49684,0.03974,-3.9683,10.2747,-16.6019,-0.0693,0.01,-0.3525,2.4694,23.0,24.0,25.0,24.0,25.0,32.0,32.0,27.0,32.0,32.0,35.0,27.0,30.0,35.0,23.0,24.0,30.0,25.0,24.0,21.0,22.0,21.0,21.0,22.0,21.0,22.0,21.0,22.0,21.0,21.0,21.0,22.0,22.0,23.0,20.0,22.0,23.0,21.0,10.0,hold,4,4,22.5134
1787153718.8629,2026-08-19 17:35:18.862,10,c3,1,0,-0.03815,-0.49681,0.03971,-3.8509,10.3857,-16.6474,-0.0739,0.0117,-0.3539,2.47141,24.0,26.0,26.0,24.0,28.0,33.0,35.0,25.0,31.0,31.0,35.0,26.0,29.0,36.0,23.0,24.0,29.0,27.0,24.0,21.0,22.0,21.0,21.0,22.0,21.0,22.0,21.0,22.0,21.0,21.0,21.0,22.0,22.0,23.0,20.0,22.0,23.0,21.0,10.0,hold,4,4,22.4954
1787153718.9131,2026-08-19 17:35:18.913,10,c3,1,0,-0.03814,-0.49682,0.03973,-3.8267,9.9124,-16.6766,-0.059,0.0122,-0.357,2.47468,24.0,26.0,26.0,24.0,28.0,33.0,35.0,25.0,31.0,31.0,35.0,26.0,29.0,36.0,23.0,24.0,29.0,27.0,24.0,21.0,22.0,21.0,21.0,22.0,21.0,22.0,21.0,22.0,21.0,21.0,21.0,22.0,22.0,23.0,20.0,22.0,23.0,21.0,10.0,hold,4,4,22.4663
1787153718.9632,2026-08-19 17:35:18.963,10,c3,1,0,-0.03812,-0.49682,0.03971,-4.0329,10.6001,-16.6094,-0.0801,0.0057,-0.3579,2.4772,25.0,24.0,27.0,25.0,27.0,33.0,32.0,28.0,32.0,31.0,35.0,28.0,30.0,35.0,23.0,26.0,30.0,25.0,27.0,21.0,22.0,21.0,21.0,22.0,21.0,22.0,21.0,22.0,21.0,21.0,21.0,22.0,22.0,23.0,20.0,22.0,23.0,21.0,10.0,hold,4,4,22.4439
1787153719.0134,2026-08-19 17:35:19.013,10,c3,1,0,-0.03814,-0.49682,0.03972,-4.1727,10.5182,-16.4618,-0.0771,0.0038,-0.3611,2.47041,25.0,24.0,27.0,25.0,27.0,33.0,32.0,28.0,32.0,31.0,35.0,28.0,30.0,35.0,23.0,26.0,30.0,25.0,27.0,21.0,22.0,21.0,21.0,22.0,21.0,22.0,21.0,22.0,21.0,21.0,21.0,22.0,22.0,23.0,20.0,22.0,23.0,21.0,10.0,hold,4,4,22.5044
1787153719.0635,2026-08-19 17:35:19.063,10,c3,1,0,-0.03813,-0.49681,0.03971,-4.1703,10.2826,-16.3596,-0.0696,0.0054,-0.3537,2.46889,25.0,24.0,26.0,24.0,27.0,33.0,33.0,26.0,33.0,32.0,35.0,26.0,29.0,36.0,23.0,26.0,30.0,26.0,23.0,21.0,22.0,21.0,21.0,22.0,21.0,22.0,21.0,22.0,21.0,21.0,21.0,22.0,22.0,23.0,20.0,22.0,23.0,21.0,10.0,hold,4,4,22.5178
1787153719.1136,2026-08-19 17:35:19.113,10,c3,1,0,-0.03813,-0.49682,0.03972,-4.1072,10.2818,-16.7534,-0.0703,0.0048,-0.3549,2.47116,23.0,24.0,26.0,22.0,28.0,33.0,34.0,27.0,31.0,32.0,35.0,27.0,28.0,36.0,24.0,25.0,30.0,25.0,25.0,21.0,22.0,21.0,21.0,22.0,21.0,22.0,21.0,22.0,21.0,21.0,21.0,22.0,22.0,23.0,20.0,22.0,23.0,21.0,10.0,hold,4,4,22.4977
1787153719.1637,2026-08-19 17:35:19.163,10,c3,1,0,-0.03815,-0.49682,0.03971,-4.3898,10.4862,-16.4589,-0.0758,0.0006,-0.3624,2.47292,23.0,24.0,26.0,22.0,28.0,33.0,34.0,27.0,31.0,32.0,35.0,27.0,28.0,36.0,24.0,25.0,30.0,25.0,25.0,21.0,22.0,21.0,21.0,22.0,21.0,22.0,21.0,22.0,21.0,21.0,21.0,22.0,22.0,23.0,20.0,22.0,23.0,21.0,10.0,hold,4,4,22.482
1787153719.2138,2026-08-19 17:35:19.213,10,c3,1,0,-0.03813,-0.49682,0.03972,-3.9306,9.9905,-16.3211,-0.0656,0.0071,-0.3545,2.47821,23.0,23.0,26.0,24.0,26.0,33.0,31.0,28.0,31.0,31.0,33.0,27.0,29.0,35.0,25.0,27.0,31.0,25.0,27.0,21.0,22.0,21.0,21.0,22.0,21.0,22.0,21.0,22.0,21.0,21.0,21.0,22.0,22.0,23.0,20.0,22.0,23.0,21.0,10.0,hold,4,4,22.4349
1787153719.2639,2026-08-19 17:35:19.263,10,c3,1,0,-0.03813,-0.49682,0.03973,-4.0187,10.3216,-16.4772,-0.0714,0.0075,-0.3604,2.47947,23.0,23.0,26.0,24.0,26.0,33.0,31.0,28.0,31.0,31.0,33.0,27.0,29.0,35.0,25.0,27.0,31.0,25.0,27.0,21.0,22.0,21.0,21.0,22.0,21.0,22.0,21.0,22.0,21.0,21.0,21.0,22.0,22.0,23.0,20.0,22.0,23.0,21.0,10.0,hold,4,4,22.4237
1787153719.314,2026-08-19 17:35:19.314,10,c3,1,0,-0.03813,-0.49681,0.03971,-4.2141,10.8551,-16.3206,-0.0832,0.0022,-0.361,2.46814,26.0,25.0,27.0,23.0,28.0,33.0,32.0,27.0,32.0,30.0,34.0,28.0,29.0,34.0,23.0,25.0,28.0,25.0,24.0,21.0,22.0,21.0,21.0,22.0,21.0,22.0,21.0,22.0,21.0,21.0,21.0,22.0,22.0,23.0,20.0,22.0,23.0,21.0,10.0,hold,4,4,22.5246
1787153719.3641,2026-08-19 17:35:19.364,10,c3,1,0,-0.03812,-0.4968,0.03971,-4.1555,10.5162,-16.4306,-0.0787,0.0013,-0.3606,2.48022,25.0,25.0,26.0,26.0,27.0,32.0,33.0,26.0,29.0,31.0,34.0,26.0,28.0,36.0,22.0,23.0,31.0,25.0,23.0,21.0,22.0,21.0,21.0,22.0,21.0,22.0,21.0,22.0,21.0,21.0,21.0,22.0,22.0,23.0,20.0,22.0,23.0,21.0,10.0,hold,4,4,22.417
1787153719.4143,2026-08-19 17:35:19.414,10,c3,1,0,-0.03812,-0.49682,0.03971,-4.1449,10.4874,-16.4005,-0.0728,0.0027,-0.3607,2.47317,25.0,25.0,26.0,26.0,27.0,32.0,33.0,26.0,29.0,31.0,34.0,26.0,28.0,36.0,22.0,23.0,31.0,25.0,23.0,21.0,22.0,21.0,21.0,22.0,21.0,22.0,21.0,22.0,21.0,21.0,21.0,22.0,22.0,23.0,20.0,22.0,23.0,21.0,10.0,hold,4,4,22.4798
1787153719.4644,2026-08-19 17:35:19.464,10,c3,1,0,-0.03813,-0.49682,0.03972,-3.9005,10.5196,-16.4167,-0.0752,0.012,-0.3557,2.47317,23.0,23.0,27.0,23.0,27.0,33.0,33.0,26.0,31.0,30.0,37.0,27.0,29.0,33.0,24.0,24.0,29.0,26.0,24.0,21.0,22.0,21.0,21.0,22.0,21.0,22.0,21.0,22.0,21.0,21.0,21.0,22.0,22.0,23.0,20.0,22.0,23.0,21.0,10.0,hold,4,4,22.4798
1787153719.5145,2026-08-19 17:35:19.514,10,c3,1,0,-0.03815,-0.49682,0.03972,-4.0881,10.5079,-16.4648,-0.0766,0.0069,-0.3602,2.47569,23.0,23.0,27.0,23.0,27.0,33.0,33.0,26.0,31.0,30.0,37.0,27.0,29.0,33.0,24.0,24.0,29.0,26.0,24.0,21.0,22.0,21.0,21.0,22.0,21.0,22.0,21.0,22.0,21.0,21.0,21.0,22.0,22.0,23.0,20.0,22.0,23.0,21.0,10.0,hold,4,4,22.4574
1787153719.5646,2026-08-19 17:35:19.564,10,c3,1,0,-0.03812,-0.49683,0.03972,-4.3262,10.165,-16.3582,-0.0653,0.0001,-0.3603,2.47443,24.0,23.0,26.0,23.0,25.0,33.0,35.0,27.0,32.0,31.0,35.0,27.0,29.0,34.0,23.0,25.0,29.0,26.0,25.0,21.0,22.0,21.0,21.0,22.0,21.0,22.0,21.0,22.0,21.0,21.0,21.0,22.0,22.0,23.0,20.0,22.0,23.0,21.0,10.0,hold,4,4,22.4686
1787153719.6148,2026-08-19 17:35:19.614,10,c3,1,0,-0.03812,-0.49682,0.03971,-4.0249,10.5351,-16.5899,-0.0759,0.0059,-0.3494,2.48073,23.0,25.0,26.0,23.0,27.0,32.0,31.0,26.0,32.0,32.0,36.0,27.0,29.0,36.0,23.0,26.0,30.0,25.0,24.0,21.0,22.0,21.0,21.0,22.0,21.0,22.0,21.0,22.0,21.0,21.0,21.0,22.0,22.0,23.0,20.0,22.0,23.0,21.0,10.0,hold,4,4,22.4125
1787153719.6649,2026-08-19 17:35:19.664,10,c3,1,0,-0.03815,-0.49683,0.03974,-4.3572,10.1433,-16.3085,-0.0651,-0.0007,-0.358,2.47519,23.0,25.0,26.0,23.0,27.0,32.0,31.0,26.0,32.0,32.0,36.0,27.0,29.0,36.0,23.0,26.0,30.0,25.0,24.0,21.0,22.0,21.0,21.0,22.0,21.0,22.0,21.0,22.0,21.0,21.0,21.0,22.0,22.0,23.0,20.0,22.0,23.0,21.0,10.0,hold,4,4,22.4618
1787153719.715,2026-08-19 17:35:19.714,10,c3,1,0,-0.03813,-0.49681,0.03972,-4.1025,10.2328,-16.4451,-0.0694,0.0055,-0.3589,2.47519,24.0,25.0,26.0,23.0,28.0,34.0,34.0,27.0,32.0,32.0,35.0,27.0,30.0,36.0,23.0,25.0,29.0,26.0,25.0,21.0,22.0,21.0,21.0,22.0,21.0,22.0,21.0,22.0,21.0,21.0,21.0,22.0,22.0,23.0,20.0,22.0,23.0,21.0,10.0,hold,4,4,22.4618
1787153719.7651,2026-08-19 17:35:19.765,10,c3,1,0,-0.03814,-0.49681,0.03971,-4.1604,10.3022,-16.3988,-0.0688,0.0024,-0.3568,2.47897,24.0,25.0,26.0,23.0,28.0,34.0,34.0,27.0,32.0,32.0,35.0,27.0,30.0,36.0,23.0,25.0,29.0,26.0,25.0,21.0,22.0,21.0,21.0,22.0,21.0,22.0,21.0,22.0,21.0,21.0,21.0,22.0,22.0,23.0,20.0,22.0,23.0,21.0,10.0,hold,4,4,22.4282
1787153719.8152,2026-08-19 17:35:19.815,10,c3,1,0,-0.03814,-0.49682,0.03972,-3.8873,10.1906,-16.6139,-0.069,0.0093,-0.3563,2.47871,24.0,24.0,27.0,24.0,27.0,34.0,34.0,29.0,33.0,31.0,35.0,28.0,29.0,35.0,23.0,27.0,29.0,25.0,26.0,21.0,22.0,21.0,21.0,22.0,21.0,22.0,21.0,22.0,21.0,21.0,21.0,22.0,22.0,23.0,20.0,22.0,23.0,21.0,10.0,hold,4,4,22.4305
1787153719.8653,2026-08-19 17:35:19.865,10,c3,1,0,-0.03815,-0.49682,0.03972,-4.0962,10.2315,-16.5301,-0.0689,0.0073,-0.363,2.47519,24.0,24.0,27.0,24.0,27.0,34.0,34.0,29.0,33.0,31.0,35.0,28.0,29.0,35.0,23.0,27.0,29.0,25.0,26.0,21.0,22.0,21.0,21.0,22.0,21.0,22.0,21.0,22.0,21.0,21.0,21.0,22.0,22.0,23.0,20.0,22.0,23.0,21.0,10.0,hold,4,4,22.4618
1787153719.9154,2026-08-19 17:35:19.915,10,c3,0,0,-0.03812,-0.49682,0.03971,-3.8388,10.3115,-16.4223,-0.0704,0.0129,-0.3565,2.47922,24.0,24.0,26.0,23.0,27.0,31.0,34.0,28.0,31.0,34.0,35.0,27.0,28.0,36.0,23.0,26.0,30.0,26.0,25.0,21.0,22.0,21.0,21.0,22.0,21.0,22.0,21.0,22.0,21.0,21.0,21.0,22.0,22.0,23.0,20.0,22.0,23.0,21.0,10.0,retract,4,4,22.426
1787153719.9655,2026-08-19 17:35:19.965,10,c3,0,0,-0.03814,-0.49682,0.03974,-4.2536,10.3431,-16.3703,-0.0741,0.0042,-0.3595,2.49155,24.0,23.0,28.0,23.0,26.0,35.0,32.0,26.0,31.0,32.0,35.0,28.0,29.0,36.0,24.0,25.0,30.0,26.0,24.0,21.0,22.0,21.0,21.0,22.0,21.0,22.0,21.0,22.0,21.0,21.0,21.0,22.0,22.0,23.0,20.0,22.0,23.0,21.0,10.0,retract,4,4,22.3162
1787153720.0156,2026-08-19 17:35:20.015,10,c3,0,0,-0.03814,-0.49682,0.03978,-3.8542,10.1555,-16.4547,-0.0707,0.0135,-0.3575,2.53083,24.0,23.0,28.0,23.0,26.0,35.0,32.0,26.0,31.0,32.0,35.0,28.0,29.0,36.0,24.0,25.0,30.0,26.0,24.0,21.0,22.0,21.0,21.0,22.0,21.0,22.0,21.0,22.0,21.0,21.0,21.0,22.0,22.0,23.0,20.0,22.0,23.0,21.0,10.0,retract,4,4,21.9668
1787153720.0657,2026-08-19 17:35:20.065,10,c3,0,0,-0.03814,-0.49681,0.03985,-4.0634,10.3921,-16.8154,-0.0732,0.0096,-0.3593,2.59503,22.0,24.0,28.0,23.0,26.0,34.0,35.0,27.0,32.0,32.0,36.0,27.0,29.0,37.0,25.0,24.0,29.0,27.0,24.0,21.0,22.0,21.0,21.0,22.0,21.0,22.0,21.0,22.0,21.0,21.0,21.0,22.0,22.0,23.0,20.0,22.0,23.0,21.0,10.0,retract,4,4,21.3956
1787153720.1158,2026-08-19 17:35:20.115,10,c3,0,0,-0.03811,-0.49681,0.03996,-3.5945,9.9757,-17.4937,-0.0649,0.0217,-0.3503,2.6829,22.0,24.0,28.0,23.0,26.0,34.0,35.0,27.0,32.0,32.0,36.0,27.0,29.0,37.0,25.0,24.0,29.0,27.0,24.0,21.0,22.0,21.0,21.0,22.0,21.0,22.0,21.0,22.0,21.0,21.0,21.0,22.0,22.0,23.0,20.0,22.0,23.0,21.0,10.0,retract,4,4,20.6139
1787153720.1659,2026-08-19 17:35:20.165,10,c3,0,0,-0.03814,-0.49681,0.04013,-3.9254,10.3203,-17.839,-0.0727,0.0105,-0.3539,2.83271,24.0,24.0,28.0,23.0,26.0,33.0,34.0,25.0,32.0,32.0,35.0,26.0,29.0,35.0,23.0,25.0,29.0,24.0,25.0,21.0,22.0,21.0,21.0,22.0,21.0,22.0,21.0,22.0,21.0,21.0,21.0,22.0,22.0,23.0,20.0,22.0,23.0,21.0,10.0,retract,4,4,19.2812
1787153720.216,2026-08-19 17:35:20.216,10,c3,0,0,-0.03813,-0.49681,0.04034,-4.3685,10.1603,-18.3715,-0.0691,-0.0001,-0.3576,2.97018,23.0,23.0,27.0,23.0,26.0,33.0,33.0,28.0,31.0,33.0,33.0,28.0,28.0,36.0,20.0,26.0,28.0,24.0,26.0,21.0,22.0,21.0,21.0,22.0,21.0,22.0,21.0,22.0,21.0,21.0,21.0,22.0,22.0,23.0,20.0,22.0,23.0,21.0,10.0,retract,4,4,18.0582
1787153720.2661,2026-08-19 17:35:20.266,10,c3,0,0,-0.03815,-0.49681,0.04056,-4.1929,10.3473,-19.0016,-0.0727,0.0047,-0.3662,3.10261,23.0,23.0,27.0,23.0,26.0,33.0,33.0,28.0,31.0,33.0,33.0,28.0,28.0,36.0,20.0,26.0,28.0,24.0,26.0,21.0,22.0,21.0,21.0,22.0,21.0,22.0,21.0,22.0,21.0,21.0,21.0,22.0,22.0,23.0,20.0,22.0,23.0,21.0,10.0,retract,4,4,16.88
1787153720.3163,2026-08-19 17:35:20.316,10,c3,0,0,-0.03811,-0.49679,0.04079,-4.0135,10.1422,-19.5859,-0.0706,0.0092,-0.3577,3.23957,24.0,22.0,27.0,23.0,25.0,34.0,31.0,26.0,30.0,30.0,33.0,26.0,29.0,33.0,23.0,24.0,27.0,25.0,25.0,21.0,22.0,21.0,21.0,22.0,21.0,22.0,21.0,22.0,21.0,21.0,21.0,22.0,22.0,23.0,20.0,22.0,23.0,21.0,10.0,retract,4,4,15.6615
1787153720.3664,2026-08-19 17:35:20.366,10,c3,0,0,-0.03811,-0.49676,0.04104,-3.9312,9.804,-20.1985,-0.0646,0.0111,-0.3627,3.40927,24.0,22.0,27.0,23.0,25.0,34.0,31.0,26.0,30.0,30.0,33.0,26.0,29.0,33.0,23.0,24.0,27.0,25.0,25.0,21.0,22.0,21.0,21.0,22.0,21.0,22.0,21.0,22.0,21.0,21.0,21.0,22.0,22.0,23.0,20.0,22.0,23.0,21.0,10.0,retract,4,4,14.1518
1787153720.4166,2026-08-19 17:35:20.416,10,c3,0,0,-0.0381,-0.49677,0.04135,-4.042,10.1353,-20.7754,-0.0705,0.0109,-0.3589,3.56738,24.0,25.0,26.0,23.0,27.0,33.0,32.0,27.0,31.0,31.0,34.0,26.0,28.0,33.0,23.0,26.0,28.0,25.0,24.0,21.0,22.0,21.0,21.0,22.0,21.0,22.0,21.0,22.0,21.0,21.0,21.0,22.0,22.0,23.0,20.0,22.0,23.0,21.0,10.0,retract,4,4,12.7452
1787153720.4666,2026-08-19 17:35:20.466,10,c3,0,0,-0.03813,-0.49675,0.04169,-3.9516,10.2791,-21.3666,-0.0752,0.0135,-0.3611,3.73204,24.0,24.0,26.0,23.0,27.0,31.0,31.0,26.0,29.0,30.0,33.0,27.0,27.0,33.0,22.0,25.0,27.0,24.0,24.0,21.0,22.0,21.0,21.0,22.0,21.0,22.0,21.0,22.0,21.0,21.0,21.0,22.0,22.0,23.0,20.0,22.0,23.0,21.0,10.0,retract,4,4,11.2803
1787153720.5167,2026-08-19 17:35:20.516,10,c3,0,0,-0.03812,-0.49675,0.04203,-3.8916,10.1574,-21.956,-0.0734,0.0169,-0.36,3.91559,24.0,24.0,26.0,23.0,27.0,31.0,31.0,26.0,29.0,30.0,33.0,27.0,27.0,33.0,22.0,25.0,27.0,24.0,24.0,21.0,22.0,21.0,21.0,22.0,21.0,22.0,21.0,22.0,21.0,21.0,21.0,22.0,22.0,23.0,20.0,22.0,23.0,21.0,10.0,retract,4,4,9.6474
1787153720.5669,2026-08-19 17:35:20.566,10,c3,0,0,-0.03811,-0.49677,0.04236,-3.8677,9.9137,-22.5852,-0.0652,0.0129,-0.3577,4.04727,24.0,23.0,26.0,24.0,27.0,31.0,32.0,24.0,31.0,30.0,31.0,25.0,28.0,32.0,24.0,22.0,27.0,25.0,23.0,21.0,22.0,21.0,21.0,22.0,21.0,22.0,21.0,22.0,21.0,21.0,21.0,22.0,22.0,23.0,20.0,22.0,23.0,21.0,10.0,retract,4,4,8.4759
1787153720.617,2026-08-19 17:35:20.617,10,c3,0,0,-0.03814,-0.4968,0.04273,-4.2126,10.3206,-23.1818,-0.0765,0.0089,-0.3571,4.19581,24.0,23.0,26.0,24.0,27.0,31.0,32.0,24.0,31.0,30.0,31.0,25.0,28.0,32.0,24.0,22.0,27.0,25.0,23.0,21.0,22.0,21.0,21.0,22.0,21.0,22.0,21.0,22.0,21.0,21.0,21.0,22.0,22.0,23.0,20.0,22.0,23.0,21.0,10.0,retract,4,4,7.1544
1787153720.6671,2026-08-19 17:35:20.667,10,c3,0,0,-0.03811,-0.4968,0.04305,-4.0442,10.4743,-23.5244,-0.0801,0.0159,-0.357,4.32422,23.0,26.0,26.0,23.0,29.0,31.0,32.0,26.0,27.0,28.0,30.0,26.0,26.0,30.0,22.0,24.0,27.0,25.0,25.0,21.0,22.0,21.0,21.0,22.0,21.0,22.0,21.0,22.0,21.0,21.0,21.0,22.0,22.0,23.0,20.0,22.0,23.0,21.0,10.0,retract,4,4,6.0121
1787153720.7173,2026-08-19 17:35:20.717,10,c3,0,0,-0.03813,-0.49678,0.04338,-4.1654,10.3818,-23.9252,-0.0801,0.0106,-0.3612,4.42744,22.0,23.0,24.0,23.0,26.0,29.0,30.0,25.0,27.0,27.0,29.0,23.0,27.0,28.0,23.0,24.0,27.0,24.0,25.0,21.0,22.0,21.0,21.0,22.0,21.0,22.0,21.0,22.0,21.0,21.0,21.0,22.0,22.0,23.0,20.0,22.0,23.0,21.0,10.0,retract,4,4,5.0937
1787153720.7674,2026-08-19 17:35:20.767,10,c3,0,0,-0.03813,-0.49678,0.04371,-4.648,10.6074,-24.3552,-0.0842,0.0005,-0.3676,4.52085,22.0,23.0,24.0,23.0,26.0,29.0,30.0,25.0,27.0,27.0,29.0,23.0,27.0,28.0,23.0,24.0,27.0,24.0,25.0,21.0,22.0,21.0,21.0,22.0,21.0,22.0,21.0,22.0,21.0,21.0,21.0,22.0,22.0,23.0,20.0,22.0,23.0,21.0,10.0,retract,4,4,4.2627
1787153720.8175,2026-08-19 17:35:20.817,10,c3,0,0,-0.03812,-0.49678,0.04405,-4.0791,10.2167,-24.7081,-0.0744,0.0129,-0.3606,4.62282,22.0,23.0,24.0,22.0,25.0,30.0,27.0,23.0,26.0,28.0,28.0,23.0,26.0,29.0,25.0,23.0,28.0,23.0,24.0,21.0,22.0,21.0,21.0,22.0,21.0,22.0,21.0,22.0,21.0,21.0,21.0,22.0,22.0,23.0,20.0,22.0,23.0,21.0,10.0,retract,4,4,3.3556
1787153720.8676,2026-08-19 17:35:20.867,10,c3,0,0,-0.03813,-0.49679,0.04441,-4.0806,10.4676,-24.9681,-0.0785,0.0127,-0.358,4.68778,22.0,23.0,24.0,22.0,25.0,30.0,27.0,23.0,26.0,28.0,28.0,23.0,26.0,29.0,25.0,23.0,28.0,23.0,24.0,21.0,22.0,21.0,21.0,22.0,21.0,22.0,21.0,22.0,21.0,21.0,21.0,22.0,22.0,23.0,20.0,22.0,23.0,21.0,10.0,retract,4,4,2.7777
1787153720.9177,2026-08-19 17:35:20.917,10,c3,0,0,-0.03812,-0.4968,0.04474,-4.2126,10.4692,-25.0895,-0.0808,0.0138,-0.3688,4.69684,22.0,24.0,24.0,21.0,25.0,30.0,28.0,25.0,24.0,29.0,29.0,24.0,26.0,29.0,25.0,25.0,27.0,25.0,24.0,21.0,22.0,21.0,21.0,22.0,21.0,22.0,21.0,22.0,21.0,21.0,21.0,22.0,22.0,23.0,20.0,22.0,23.0,21.0,10.0,retract,4,4,2.697
1787153720.9678,2026-08-19 17:35:20.967,10,c3,0,0,-0.03814,-0.49681,0.04508,-3.6944,9.9569,-25.0302,-0.0687,0.0274,-0.3548,4.69583,22.0,24.0,24.0,21.0,25.0,30.0,28.0,25.0,24.0,29.0,29.0,24.0,26.0,29.0,25.0,25.0,27.0,25.0,24.0,21.0,22.0,21.0,21.0,22.0,21.0,22.0,21.0,22.0,21.0,21.0,21.0,22.0,22.0,23.0,20.0,22.0,23.0,21.0,10.0,retract,4,4,2.706
1787153721.0178,2026-08-19 17:35:21.017,10,c3,0,0,-0.03814,-0.49681,0.04543,-4.0016,10.2871,-25.0638,-0.0768,0.0151,-0.361,4.69357,21.0,24.0,25.0,22.0,25.0,30.0,28.0,24.0,24.0,29.0,28.0,24.0,25.0,28.0,24.0,23.0,27.0,24.0,24.0,21.0,22.0,21.0,21.0,22.0,21.0,22.0,21.0,22.0,21.0,21.0,21.0,22.0,22.0,23.0,20.0,22.0,23.0,21.0,10.0,retract,4,4,2.7261
1787153721.0679,2026-08-19 17:35:21.067,10,c3,0,0,-0.03811,-0.4968,0.04574,-3.4418,9.6826,-25.2482,-0.06,0.0313,-0.3544,4.69936,22.0,23.0,24.0,22.0,24.0,30.0,28.0,23.0,24.0,25.0,28.0,22.0,24.0,25.0,24.0,24.0,26.0,25.0,23.0,21.0,22.0,21.0,21.0,22.0,21.0,22.0,21.0,22.0,21.0,21.0,21.0,22.0,22.0,23.0,20.0,22.0,23.0,21.0,10.0,retract,4,4,2.6746
1787153721.118,2026-08-19 17:35:21.118,10,c3,0,0,-0.03813,-0.49679,0.04609,-4.1036,10.2513,-25.069,-0.0751,0.0123,-0.3555,4.68627,22.0,23.0,24.0,22.0,24.0,30.0,28.0,23.0,24.0,25.0,28.0,22.0,24.0,25.0,24.0,24.0,26.0,25.0,23.0,21.0,22.0,21.0,21.0,22.0,21.0,22.0,21.0,22.0,21.0,21.0,21.0,22.0,22.0,23.0,20.0,22.0,23.0,21.0,10.0,retract,4,4,2.7911
1787153721.1681,2026-08-19 17:35:21.168,10,c3,0,0,-0.03814,-0.49678,0.04641,-4.3914,10.4557,-24.9037,-0.0799,0.0088,-0.3606,4.68627,21.0,23.0,24.0,22.0,24.0,26.0,27.0,23.0,25.0,25.0,26.0,23.0,25.0,25.0,25.0,24.0,24.0,23.0,25.0,21.0,22.0,21.0,21.0,22.0,21.0,22.0,21.0,22.0,21.0,21.0,21.0,22.0,22.0,23.0,20.0,22.0,23.0,21.0,10.0,retract,4,4,2.7911
1787153721.2182,2026-08-19 17:35:21.218,10,c3,0,0,-0.03812,-0.4968,0.04676,-4.0302,10.2567,-24.9961,-0.0761,0.0147,-0.3578,4.69231,21.0,23.0,24.0,22.0,24.0,26.0,27.0,23.0,25.0,25.0,26.0,23.0,25.0,25.0,25.0,24.0,24.0,23.0,25.0,21.0,22.0,21.0,21.0,22.0,21.0,22.0,21.0,22.0,21.0,21.0,21.0,22.0,22.0,23.0,20.0,22.0,23.0,21.0,10.0,retract,4,4,2.7373
1787153721.2684,2026-08-19 17:35:21.268,10,c3,0,0,-0.03813,-0.49681,0.04711,-4.0396,10.0905,-25.1785,-0.0727,0.0153,-0.3527,4.68979,24.0,23.0,23.0,22.0,24.0,27.0,24.0,25.0,23.0,23.0,27.0,24.0,25.0,24.0,25.0,26.0,22.0,25.0,24.0,21.0,22.0,21.0,21.0,22.0,21.0,22.0,21.0,22.0,21.0,21.0,21.0,22.0,22.0,23.0,20.0,22.0,23.0,21.0,10.0,retract,4,4,2.7597
1787153721.3185,2026-08-19 17:35:21.318,10,c3,0,0,-0.03813,-0.49681,0.04743,-3.8931,10.2574,-25.0853,-0.0742,0.021,-0.3564,4.68627,22.0,22.0,23.0,21.0,23.0,26.0,27.0,24.0,24.0,23.0,26.0,22.0,27.0,23.0,23.0,24.0,24.0,23.0,24.0,21.0,22.0,21.0,21.0,22.0,21.0,22.0,21.0,22.0,21.0,21.0,21.0,22.0,22.0,23.0,20.0,22.0,23.0,21.0,10.0,retract,4,4,2.7911
1787153721.3687,2026-08-19 17:35:21.368,10,c3,0,0,-0.03814,-0.49682,0.04779,-3.8309,10.2194,-25.259,-0.0746,0.0208,-0.3496,4.69684,22.0,22.0,23.0,21.0,23.0,26.0,27.0,24.0,24.0,23.0,26.0,22.0,27.0,23.0,23.0,24.0,24.0,23.0,24.0,21.0,22.0,21.0,21.0,22.0,21.0,22.0,21.0,22.0,21.0,21.0,21.0,22.0,22.0,23.0,20.0,22.0,23.0,21.0,10.0,retract,4,4,2.697
1787153721.4188,2026-08-19 17:35:21.418,10,c3,0,0,-0.03813,-0.49679,0.04807,-3.9941,10.0239,-25.2472,-0.0681,0.0182,-0.3534,4.69231,21.0,25.0,23.0,22.0,24.0,26.0,24.0,24.0,23.0,24.0,26.0,24.0,24.0,25.0,23.0,24.0,23.0,24.0,23.0,21.0,22.0,21.0,21.0,22.0,21.0,22.0,21.0,22.0,21.0,21.0,21.0,22.0,22.0,23.0,20.0,22.0,23.0,21.0,10.0,retract,4,4,2.7373
1787153721.4689,2026-08-19 17:35:21.468,10,c3,0,0,-0.03811,-0.49679,0.04838,-3.7681,9.9779,-25.2657,-0.0674,0.0226,-0.3551,4.69231,21.0,25.0,23.0,22.0,24.0,26.0,24.0,24.0,23.0,24.0,26.0,24.0,24.0,25.0,23.0,24.0,23.0,24.0,23.0,21.0,22.0,21.0,21.0,22.0,21.0,22.0,21.0,22.0,21.0,21.0,21.0,22.0,22.0,23.0,20.0,22.0,23.0,21.0,10.0,retract,4,4,2.7373
1787153721.519,2026-08-19 17:35:21.519,10,c3,0,0,-0.03812,-0.49679,0.04866,-3.9496,10.1951,-25.1994,-0.0732,0.0181,-0.3595,4.68979,23.0,23.0,23.0,21.0,24.0,27.0,23.0,20.0,24.0,24.0,26.0,20.0,25.0,23.0,23.0,21.0,23.0,22.0,22.0,21.0,22.0,21.0,21.0,22.0,21.0,22.0,21.0,22.0,21.0,21.0,21.0,22.0,22.0,23.0,20.0,22.0,23.0,21.0,10.0,retract,4,4,2.7597
1787153721.5692,2026-08-19 17:35:21.569,10,c3,0,0,-0.03811,-0.49677,0.04889,-4.0843,10.1089,-25.3344,-0.0741,0.0131,-0.361,4.69986,20.0,22.0,22.0,19.0,24.0,24.0,24.0,24.0,21.0,24.0,24.0,25.0,22.0,24.0,21.0,25.0,24.0,24.0,23.0,21.0,22.0,21.0,21.0,22.0,21.0,22.0,21.0,22.0,21.0,21.0,21.0,22.0,22.0,23.0,20.0,22.0,23.0,21.0,10.0,retract,4,4,2.6701
1787153721.6193,2026-08-19 17:35:21.619,10,c3,0,0,-0.03813,-0.49679,0.04914,-3.9944,9.9034,-25.3185,-0.0641,0.0178,-0.3545,4.68929,20.0,22.0,22.0,19.0,24.0,24.0,24.0,24.0,21.0,24.0,24.0,25.0,22.0,24.0,21.0,25.0,24.0,24.0,23.0,21.0,22.0,21.0,21.0,22.0,21.0,22.0,21.0,22.0,21.0,21.0,21.0,22.0,22.0,23.0,20.0,22.0,23.0,21.0,10.0,retract,4,4,2.7642
1787153721.6694,2026-08-19 17:35:21.669,10,c3,0,0,-0.03814,-0.49682,0.04932,-3.9004,9.751,-25.0881,-0.0655,0.0212,-0.3542,4.69735,21.0,21.0,21.0,22.0,22.0,25.0,24.0,23.0,20.0,23.0,25.0,23.0,22.0,25.0,23.0,23.0,24.0,24.0,24.0,21.0,22.0,21.0,21.0,22.0,21.0,22.0,21.0,22.0,21.0,21.0,21.0,22.0,22.0,23.0,20.0,22.0,23.0,21.0,10.0,retract,4,4,2.6925
1787153721.7195,2026-08-19 17:35:21.719,10,c3,0,0,-0.03815,-0.49682,0.04944,-3.9637,9.9586,-25.274,-0.065,0.0204,-0.3579,4.69231,21.0,21.0,21.0,22.0,22.0,25.0,24.0,23.0,20.0,23.0,25.0,23.0,22.0,25.0,23.0,23.0,24.0,24.0,24.0,21.0,22.0,21.0,21.0,22.0,21.0,22.0,21.0,22.0,21.0,21.0,21.0,22.0,22.0,23.0,20.0,22.0,23.0,21.0,10.0,retract,4,4,2.7373
1787153721.7697,2026-08-19 17:35:21.769,10,c3,0,0,-0.03814,-0.49682,0.04951,-3.9577,9.9375,-25.0661,-0.0696,0.0158,-0.3573,4.69735,23.0,22.0,22.0,21.0,22.0,25.0,23.0,24.0,22.0,22.0,23.0,24.0,23.0,25.0,23.0,24.0,24.0,22.0,23.0,21.0,22.0,21.0,21.0,22.0,21.0,22.0,21.0,22.0,21.0,21.0,21.0,22.0,22.0,23.0,20.0,22.0,23.0,21.0,10.0,retract,4,4,2.6925
1787153721.8198,2026-08-19 17:35:21.819,10,c3,0,0,-0.03814,-0.49681,0.04957,-3.9647,10.2519,-25.0999,-0.0759,0.0185,-0.3582,4.69407,23.0,22.0,22.0,21.0,22.0,25.0,23.0,24.0,22.0,22.0,23.0,24.0,23.0,25.0,23.0,24.0,24.0,22.0,23.0,21.0,22.0,21.0,21.0,22.0,21.0,22.0,21.0,22.0,21.0,21.0,21.0,22.0,22.0,23.0,20.0,22.0,23.0,21.0,10.0,retract,4,4,2.7217
1787153721.8698,2026-08-19 17:35:21.869,10,c3,0,0,-0.03813,-0.49681,0.04963,-4.1369,10.309,-25.1977,-0.0769,0.0123,-0.3659,4.69055,22.0,22.0,23.0,21.0,23.0,23.0,22.0,22.0,22.0,23.0,23.0,21.0,23.0,24.0,22.0,23.0,24.0,22.0,22.0,21.0,22.0,21.0,21.0,22.0,21.0,22.0,21.0,22.0,21.0,21.0,21.0,22.0,22.0,23.0,20.0,22.0,23.0,21.0,10.0,retract,4,4,2.753
1787153721.9199,2026-08-19 17:35:21.919,10,c3,0,0,-0.03813,-0.49681,0.04965,-3.9821,10.3,-25.0266,-0.0781,0.0169,-0.3603,4.69458,21.0,22.0,22.0,23.0,22.0,23.0,23.0,25.0,22.0,24.0,24.0,23.0,22.0,24.0,22.0,25.0,23.0,22.0,25.0,21.0,22.0,21.0,21.0,22.0,21.0,22.0,21.0,22.0,21.0,21.0,21.0,22.0,22.0,23.0,20.0,22.0,23.0,21.0,10.0,post,4,4,2.7172
1787153721.97,2026-08-19 17:35:21.970,10,c3,0,0,-0.03812,-0.4968,0.04968,-4.1853,10.597,-25.0277,-0.0837,0.0112,-0.3647,4.68702,21.0,22.0,22.0,23.0,22.0,23.0,23.0,25.0,22.0,24.0,24.0,23.0,22.0,24.0,22.0,25.0,23.0,22.0,25.0,21.0,22.0,21.0,21.0,22.0,21.0,22.0,21.0,22.0,21.0,21.0,21.0,22.0,22.0,23.0,20.0,22.0,23.0,21.0,10.0,post,4,4,2.7844
1787153722.0202,2026-08-19 17:35:22.020,10,c3,0,0,-0.03814,-0.49681,0.0497,-4.2628,10.3407,-25.0401,-0.0795,0.0105,-0.3645,4.69155,23.0,22.0,22.0,21.0,23.0,24.0,24.0,22.0,21.0,24.0,23.0,22.0,23.0,24.0,22.0,23.0,22.0,23.0,23.0,21.0,22.0,21.0,21.0,22.0,21.0,22.0,21.0,22.0,21.0,21.0,21.0,22.0,22.0,23.0,20.0,22.0,23.0,21.0,10.0,post,4,4,2.7441
1787153722.0703,2026-08-19 17:35:22.070,10,c3,0,0,-0.03814,-0.49681,0.04971,-4.0028,10.22,-25.2252,-0.0727,0.0168,-0.3592,4.69684,23.0,22.0,22.0,21.0,23.0,24.0,24.0,22.0,21.0,24.0,23.0,22.0,23.0,24.0,22.0,23.0,22.0,23.0,23.0,21.0,22.0,21.0,21.0,22.0,21.0,22.0,21.0,22.0,21.0,21.0,21.0,22.0,22.0,23.0,20.0,22.0,23.0,21.0,10.0,post,4,4,2.697
1787153722.1204,2026-08-19 17:35:22.120,10,c3,0,0,-0.03814,-0.49682,0.04972,-4.3384,10.3075,-25.0611,-0.0763,0.0117,-0.3569,4.69004,21.0,22.0,22.0,21.0,23.0,25.0,22.0,23.0,22.0,23.0,26.0,24.0,23.0,24.0,21.0,22.0,23.0,25.0,22.0,21.0,22.0,21.0,21.0,22.0,21.0,22.0,21.0,22.0,21.0,21.0,21.0,22.0,22.0,23.0,20.0,22.0,23.0,21.0,10.0,post,4,4,2.7575
1787153722.1706,2026-08-19 17:35:22.170,10,c3,0,0,-0.03812,-0.49682,0.04972,-4.0628,10.3174,-25.0573,-0.0792,0.0152,-0.3609,4.69911,23.0,23.0,23.0,22.0,22.0,25.0,25.0,23.0,22.0,21.0,24.0,23.0,23.0,24.0,22.0,24.0,23.0,23.0,25.0,21.0,22.0,21.0,21.0,22.0,21.0,22.0,21.0,22.0,21.0,21.0,21.0,22.0,22.0,23.0,20.0,22.0,23.0,21.0,10.0,post,4,4,2.6769
1787153722.2207,2026-08-19 17:35:22.220,10,c3,0,0,-0.03813,-0.49682,0.04971,-4.0712,10.2612,-25.1057,-0.0745,0.015,-0.3613,4.68148,23.0,23.0,23.0,22.0,22.0,25.0,25.0,23.0,22.0,21.0,24.0,23.0,23.0,24.0,22.0,24.0,23.0,23.0,25.0,21.0,22.0,21.0,21.0,22.0,21.0,22.0,21.0,22.0,21.0,21.0,21.0,22.0,22.0,23.0,20.0,22.0,23.0,21.0,10.0,post,4,4,2.8337
1787153722.2708,2026-08-19 17:35:22.270,10,c3,0,0,-0.03814,-0.49682,0.04971,-4.0397,10.3397,-25.3752,-0.0765,0.0121,-0.3607,4.69332,22.0,23.0,21.0,21.0,23.0,24.0,23.0,23.0,22.0,23.0,26.0,22.0,24.0,23.0,23.0,23.0,23.0,24.0,22.0,21.0,22.0,21.0,21.0,22.0,21.0,22.0,21.0,22.0,21.0,21.0,21.0,22.0,22.0,23.0,20.0,22.0,23.0,21.0,10.0,post,4,4,2.7284
1787153722.3209,2026-08-19 17:35:22.320,10,c3,0,0,-0.03815,-0.49682,0.04973,-3.8826,9.7505,-25.3948,-0.0613,0.0209,-0.3606,4.69055,22.0,23.0,21.0,21.0,23.0,24.0,23.0,23.0,22.0,23.0,26.0,22.0,24.0,23.0,23.0,23.0,23.0,24.0,22.0,21.0,22.0,21.0,21.0,22.0,21.0,22.0,21.0,22.0,21.0,21.0,21.0,22.0,22.0,23.0,20.0,22.0,23.0,21.0,10.0,post,4,4,2.753
1787153722.371,2026-08-19 17:35:22.370,10,c3,0,0,-0.03814,-0.49681,0.04971,-4.2628,9.9356,-25.312,-0.0668,0.0124,-0.3674,4.68753,22.0,21.0,22.0,20.0,23.0,22.0,25.0,25.0,22.0,21.0,25.0,24.0,23.0,22.0,24.0,25.0,23.0,24.0,23.0,21.0,22.0,21.0,21.0,22.0,21.0,22.0,21.0,22.0,21.0,21.0,21.0,22.0,22.0,23.0,20.0,22.0,23.0,21.0,10.0,post,4,4,2.7799
1787153722.4211,2026-08-19 17:35:22.421,10,c3,0,0,-0.03814,-0.49682,0.04971,-4.0653,10.0279,-25.2526,-0.0725,0.0166,-0.3587,4.69684,22.0,23.0,21.0,23.0,23.0,23.0,25.0,22.0,22.0,23.0,25.0,23.0,23.0,23.0,23.0,23.0,24.0,24.0,22.0,21.0,22.0,21.0,21.0,22.0,21.0,22.0,21.0,22.0,21.0,21.0,21.0,22.0,22.0,23.0,20.0,22.0,23.0,21.0,10.0,post,4,4,2.697
1787153722.4712,2026-08-19 17:35:22.471,10,c3,0,0,-0.03814,-0.49681,0.04971,-4.0898,10.2795,-25.0564,-0.0749,0.0138,-0.3599,4.69004,22.0,23.0,21.0,23.0,23.0,23.0,25.0,22.0,22.0,23.0,25.0,23.0,23.0,23.0,23.0,23.0,24.0,24.0,22.0,21.0,22.0,21.0,21.0,22.0,21.0,22.0,21.0,22.0,21.0,21.0,21.0,22.0,22.0,23.0,20.0,22.0,23.0,21.0,10.0,post,4,4,2.7575
1787153722.5214,2026-08-19 17:35:22.521,10,c3,0,0,-0.03815,-0.49681,0.04971,-4.3439,10.498,-25.0963,-0.0806,0.0079,-0.3646,4.68803,21.0,21.0,23.0,19.0,23.0,25.0,23.0,24.0,22.0,22.0,25.0,23.0,22.0,23.0,24.0,23.0,23.0,26.0,23.0,21.0,22.0,21.0,21.0,22.0,21.0,22.0,21.0,22.0,21.0,21.0,21.0,22.0,22.0,23.0,20.0,22.0,23.0,21.0,10.0,post,4,4,2.7754
1787153722.5715,2026-08-19 17:35:22.571,10,c3,0,0,-0.03813,-0.49681,0.04972,-4.0477,10.0376,-25.262,-0.0689,0.0167,-0.359,4.69181,21.0,21.0,23.0,19.0,23.0,25.0,23.0,24.0,22.0,22.0,25.0,23.0,22.0,23.0,24.0,23.0,23.0,26.0,23.0,21.0,22.0,21.0,21.0,22.0,21.0,22.0,21.0,22.0,21.0,21.0,21.0,22.0,22.0,23.0,20.0,22.0,23.0,21.0,10.0,post,4,4,2.7418
1787153722.6216,2026-08-19 17:35:22.621,10,c3,0,0,-0.03814,-0.49681,0.04971,-4.0631,10.1712,-25.0995,-0.0757,0.0161,-0.3582,4.68576,21.0,21.0,21.0,21.0,23.0,23.0,26.0,20.0,22.0,23.0,24.0,19.0,22.0,25.0,22.0,21.0,26.0,24.0,20.0,21.0,22.0,21.0,21.0,22.0,21.0,22.0,21.0,22.0,21.0,21.0,21.0,22.0,22.0,23.0,20.0,22.0,23.0,21.0,10.0,post,4,4,2.7956
1787153722.6719,2026-08-19 17:35:22.671,10,c3,0,0,-0.03816,-0.49682,0.04971,-4.1256,10.3893,-25.0505,-0.0783,0.0143,-0.3566,4.69181,20.0,23.0,22.0,18.0,24.0,24.0,25.0,22.0,21.0,21.0,25.0,21.0,23.0,22.0,24.0,22.0,21.0,22.0,21.0,21.0,22.0,21.0,21.0,22.0,21.0,22.0,21.0,22.0,21.0,21.0,21.0,22.0,22.0,23.0,20.0,22.0,23.0,21.0,10.0,post,4,4,2.7418
1787153722.7219,2026-08-19 17:35:22.721,10,c3,0,0,-0.03813,-0.49681,0.04971,-3.7486,9.6781,-25.2547,-0.0583,0.0218,-0.3561,4.69306,20.0,23.0,22.0,18.0,24.0,24.0,25.0,22.0,21.0,21.0,25.0,21.0,23.0,22.0,24.0,22.0,21.0,22.0,21.0,21.0,22.0,21.0,21.0,22.0,21.0,22.0,21.0,22.0,21.0,21.0,21.0,22.0,22.0,23.0,20.0,22.0,23.0,21.0,10.0,post,4,4,2.7306
1787153722.7721,2026-08-19 17:35:22.772,10,c3,0,0,-0.03813,-0.4968,0.04971,-4.0614,9.9786,-25.3752,-0.0681,0.0135,-0.3589,4.68979,21.0,22.0,21.0,20.0,22.0,22.0,24.0,23.0,21.0,23.0,25.0,22.0,23.0,23.0,24.0,23.0,22.0,23.0,24.0,21.0,22.0,21.0,21.0,22.0,21.0,22.0,21.0,22.0,21.0,21.0,21.0,22.0,22.0,23.0,20.0,22.0,23.0,21.0,10.0,post,4,4,2.7597
1787153722.8222,2026-08-19 17:35:22.822,10,c3,0,0,-0.03814,-0.49681,0.04972,-4.202,10.3694,-25.2347,-0.0779,0.0118,-0.3607,4.69407,21.0,22.0,21.0,20.0,22.0,22.0,24.0,23.0,21.0,23.0,25.0,22.0,23.0,23.0,24.0,23.0,22.0,23.0,24.0,21.0,22.0,21.0,21.0,22.0,21.0,22.0,21.0,22.0,21.0,21.0,21.0,22.0,22.0,23.0,20.0,22.0,23.0,21.0,10.0,post,4,4,2.7217
1787153722.8723,2026-08-19 17:35:22.872,10,c3,0,0,-0.03814,-0.49681,0.04972,-4.0467,10.2886,-25.1805,-0.0768,0.0137,-0.3554,4.6913,24.0,23.0,22.0,20.0,22.0,24.0,24.0,24.0,22.0,22.0,25.0,23.0,24.0,23.0,22.0,24.0,23.0,22.0,23.0,21.0,22.0,21.0,21.0,22.0,21.0,22.0,21.0,22.0,21.0,21.0,21.0,22.0,22.0,23.0,20.0,22.0,23.0,21.0,10.0,post,4,4,2.7463
1787153722.9225,2026-08-19 17:35:22.922,10,c3,0,0,-0.03814,-0.49681,0.04971,-4.2029,10.1219,-25.2668,-0.0685,0.0119,-0.3644,4.68627,24.0,23.0,22.0,20.0,22.0,24.0,24.0,24.0,22.0,22.0,25.0,23.0,24.0,23.0,22.0,24.0,23.0,22.0,23.0,21.0,22.0,21.0,21.0,22.0,21.0,22.0,21.0,22.0,21.0,21.0,21.0,22.0,22.0,23.0,20.0,22.0,23.0,21.0,10.0,post,4,4,2.7911
1787153722.9727,2026-08-19 17:35:22.972,10,c3,0,0,-0.03814,-0.49682,0.04972,-4.0963,10.0173,-25.2919,-0.0719,0.0153,-0.3571,4.69735,21.0,22.0,22.0,20.0,24.0,23.0,24.0,22.0,22.0,23.0,24.0,22.0,24.0,23.0,24.0,23.0,23.0,23.0,22.0,21.0,22.0,21.0,21.0,22.0,21.0,22.0,21.0,22.0,21.0,21.0,21.0,22.0,22.0,23.0,20.0,22.0,23.0,21.0,10.0,post,4,4,2.6925
1787153723.0228,2026-08-19 17:35:23.022,10,c3,0,0,-0.03815,-0.49681,0.04971,-3.9097,9.8846,-25.4232,-0.0629,0.018,-0.3572,4.68576,24.0,23.0,22.0,22.0,23.0,23.0,24.0,22.0,21.0,21.0,26.0,21.0,23.0,23.0,24.0,22.0,22.0,25.0,23.0,21.0,22.0,21.0,21.0,22.0,21.0,22.0,21.0,22.0,21.0,21.0,21.0,22.0,22.0,23.0,20.0,22.0,23.0,21.0,10.0,post,4,4,2.7956
1787153723.0729,2026-08-19 17:35:23.072,10,c3,0,0,-0.03813,-0.49682,0.04971,-3.7842,9.8648,-25.4692,-0.0679,0.0236,-0.3569,4.69181,24.0,23.0,22.0,22.0,23.0,23.0,24.0,22.0,21.0,21.0,26.0,21.0,23.0,23.0,24.0,22.0,22.0,25.0,23.0,21.0,22.0,21.0,21.0,22.0,21.0,22.0,21.0,22.0,21.0,21.0,21.0,22.0,22.0,23.0,20.0,22.0,23.0,21.0,10.0,post,4,4,2.7418
1787153723.123,2026-08-19 17:35:23.123,10,c3,0,0,-0.03814,-0.49681,0.0497,-3.9966,10.3849,-25.2976,-0.077,0.0174,-0.3549,4.69306,21.0,23.0,21.0,20.0,22.0,22.0,23.0,22.0,22.0,23.0,25.0,21.0,24.0,24.0,23.0,21.0,23.0,22.0,21.0,21.0,22.0,21.0,21.0,22.0,21.0,22.0,21.0,22.0,21.0,21.0,21.0,22.0,22.0,23.0,20.0,22.0,23.0,21.0,10.0,post,4,4,2.7306
1787153723.1731,2026-08-19 17:35:23.173,10,c3,0,0,-0.03812,-0.4968,0.0497,-4.3737,9.993,-25.2989,-0.0644,0.0076,-0.3596,4.69483,21.0,23.0,21.0,20.0,22.0,22.0,23.0,22.0,22.0,23.0,25.0,21.0,24.0,24.0,23.0,21.0,23.0,22.0,21.0,21.0,22.0,21.0,21.0,22.0,21.0,22.0,21.0,22.0,21.0,21.0,21.0,22.0,22.0,23.0,20.0,22.0,23.0,21.0,10.0,post,4,4,2.7149
1787153723.2234,2026-08-19 17:35:23.223,10,c3,0,0,-0.03813,-0.49682,0.04971,-4.319,10.8797,-25.1828,-0.088,0.0118,-0.3653,4.69055,22.0,24.0,21.0,19.0,24.0,22.0,24.0,21.0,22.0,23.0,26.0,21.0,24.0,24.0,24.0,23.0,24.0,24.0,21.0,21.0,22.0,21.0,21.0,22.0,21.0,22.0,21.0,22.0,21.0,21.0,21.0,22.0,22.0,23.0,20.0,22.0,23.0,21.0,10.0,post,4,4,2.753
1787153723.2734,2026-08-19 17:35:23.273,10,c3,0,0,-0.03813,-0.49681,0.04971,-4.3637,10.3648,-25.1319,-0.0787,0.007,-0.3612,4.69609,21.0,22.0,22.0,20.0,23.0,23.0,25.0,24.0,22.0,22.0,26.0,23.0,24.0,23.0,22.0,24.0,23.0,22.0,22.0,21.0,22.0,21.0,21.0,22.0,21.0,22.0,21.0,22.0,21.0,21.0,21.0,22.0,22.0,23.0,20.0,22.0,23.0,21.0,10.0,post,4,4,2.7037
1787153723.3235,2026-08-19 17:35:23.323,10,c3,0,0,-0.03812,-0.49682,0.04972,-3.7198,9.9487,-24.9746,-0.069,0.0252,-0.3527,4.69206,21.0,22.0,22.0,20.0,23.0,23.0,25.0,24.0,22.0,22.0,26.0,23.0,24.0,23.0,22.0,24.0,23.0,22.0,22.0,21.0,22.0,21.0,21.0,22.0,21.0,22.0,21.0,22.0,21.0,21.0,21.0,22.0,22.0,23.0,20.0,22.0,23.0,21.0,10.0,post,4,4,2.7396
1787153723.3737,2026-08-19 17:35:23.373,10,c3,0,0,-0.03814,-0.49682,0.04971,-4.2428,10.525,-25.1841,-0.0803,0.0101,-0.3613,4.68979,24.0,23.0,23.0,22.0,25.0,23.0,22.0,22.0,23.0,22.0,27.0,21.0,25.0,23.0,25.0,23.0,23.0,25.0,25.0,21.0,22.0,21.0,21.0,22.0,21.0,22.0,21.0,22.0,21.0,21.0,21.0,22.0,22.0,23.0,20.0,22.0,23.0,21.0,10.0,post,4,4,2.7597
1787153723.4238,2026-08-19 17:35:23.423,10,c3,0,0,-0.03815,-0.49682,0.0497,-4.0339,9.9502,-25.4399,-0.0663,0.0163,-0.3569,4.68904,24.0,23.0,23.0,22.0,25.0,23.0,22.0,22.0,23.0,22.0,27.0,21.0,25.0,23.0,25.0,23.0,23.0,25.0,25.0,21.0,22.0,21.0,21.0,22.0,21.0,22.0,21.0,22.0,21.0,21.0,21.0,22.0,22.0,23.0,20.0,22.0,23.0,21.0,10.0,post,4,4,2.7665
1787153723.4739,2026-08-19 17:35:23.473,10,c3,0,0,-0.03813,-0.49681,0.04971,-4.1311,10.3144,-25.2067,-0.0775,0.013,-0.3623,4.68425,21.0,23.0,22.0,21.0,23.0,24.0,25.0,24.0,21.0,22.0,25.0,23.0,23.0,24.0,23.0,24.0,23.0,24.0,23.0,21.0,22.0,21.0,21.0,22.0,21.0,22.0,21.0,22.0,21.0,21.0,21.0,22.0,22.0,23.0,20.0,22.0,23.0,21.0,10.0,post,4,4,2.809
1787153723.5239,2026-08-19 17:35:23.523,10,c3,0,0,-0.03813,-0.49682,0.04972,-4.0604,10.0079,-25.3031,-0.0692,0.0174,-0.363,4.69533,22.0,20.0,21.0,21.0,22.0,23.0,25.0,22.0,23.0,24.0,27.0,21.0,25.0,23.0,22.0,22.0,24.0,25.0,22.0,21.0,22.0,21.0,21.0,22.0,21.0,22.0,21.0,22.0,21.0,21.0,21.0,22.0,22.0,23.0,20.0,22.0,23.0,21.0,10.0,post,4,4,2.7105
1787153723.574,2026-08-19 17:35:23.574,10,c3,0,0,-0.03813,-0.4968,0.0497,-4.0665,10.2919,-25.1988,-0.0725,0.0174,-0.3606,4.68501,22.0,20.0,21.0,21.0,22.0,23.0,25.0,22.0,23.0,24.0,27.0,21.0,25.0,23.0,22.0,22.0,24.0,25.0,22.0,21.0,22.0,21.0,21.0,22.0,21.0,22.0,21.0,22.0,21.0,21.0,21.0,22.0,22.0,23.0,20.0,22.0,23.0,21.0,10.0,post,4,4,2.8023
1787153723.6242,2026-08-19 17:35:23.624,10,c3,0,0,-0.03815,-0.49682,0.04973,-4.0042,9.9927,-25.1889,-0.0685,0.0164,-0.3612,4.6913,22.0,23.0,22.0,21.0,23.0,23.0,24.0,21.0,22.0,23.0,25.0,21.0,23.0,24.0,22.0,22.0,24.0,24.0,21.0,21.0,22.0,21.0,21.0,22.0,21.0,22.0,21.0,22.0,21.0,21.0,21.0,22.0,22.0,23.0,20.0,22.0,23.0,21.0,10.0,post,4,4,2.7463
1787153723.6743,2026-08-19 17:35:23.674,10,c3,0,0,-0.03814,-0.49682,0.04972,-4.1359,10.125,-25.2306,-0.0706,0.0128,-0.358,4.70011,22.0,23.0,22.0,21.0,23.0,23.0,24.0,21.0,22.0,23.0,25.0,21.0,23.0,24.0,22.0,22.0,24.0,24.0,21.0,21.0,22.0,21.0,21.0,22.0,21.0,22.0,21.0,22.0,21.0,21.0,21.0,22.0,22.0,23.0,20.0,22.0,23.0,21.0,10.0,post,4,4,2.6679
1787153723.7244,2026-08-19 17:35:23.724,10,c3,0,0,-0.03814,-0.49681,0.04971,-4.1078,10.1045,-24.9854,-0.0735,0.016,-0.3627,4.68702,22.0,22.0,20.0,20.0,23.0,22.0,25.0,21.0,22.0,23.0,26.0,21.0,22.0,24.0,26.0,22.0,23.0,25.0,22.0,21.0,22.0,21.0,21.0,22.0,21.0,22.0,21.0,22.0,21.0,21.0,21.0,22.0,22.0,23.0,20.0,22.0,23.0,21.0,10.0,post,4,4,2.7844
1787153723.7745,2026-08-19 17:35:23.774,10,c3,0,0,-0.03814,-0.49681,0.04972,-4.2303,10.4668,-24.9727,-0.0805,0.0107,-0.3602,4.6903,20.0,21.0,21.0,19.0,22.0,23.0,25.0,23.0,22.0,25.0,26.0,22.0,23.0,24.0,24.0,23.0,24.0,24.0,23.0,21.0,22.0,21.0,21.0,22.0,21.0,22.0,21.0,22.0,21.0,21.0,21.0,22.0,22.0,23.0,20.0,22.0,23.0,21.0,10.0,post,4,4,2.7553
1787153723.8247,2026-08-19 17:35:23.824,10,c3,0,0,-0.03813,-0.49681,0.04971,-4.0218,10.0447,-24.9525,-0.0725,0.0169,-0.3659,4.69659,20.0,21.0,21.0,19.0,22.0,23.0,25.0,23.0,22.0,25.0,26.0,22.0,23.0,24.0,24.0,23.0,24.0,24.0,23.0,21.0,22.0,21.0,21.0,22.0,21.0,22.0,21.0,22.0,21.0,21.0,21.0,22.0,22.0,23.0,20.0,22.0,23.0,21.0,10.0,post,4,4,2.6993
1787153723.8748,2026-08-19 17:35:23.874,10,c3,0,0,-0.03812,-0.49682,0.04973,-4.1661,10.1252,-25.0545,-0.0725,0.0107,-0.3541,4.68576,22.0,22.0,23.0,20.0,22.0,25.0,24.0,23.0,22.0,24.0,24.0,22.0,23.0,23.0,23.0,23.0,23.0,25.0,22.0,21.0,22.0,21.0,21.0,22.0,21.0,22.0,21.0,22.0,21.0,21.0,21.0,22.0,22.0,23.0,20.0,22.0,23.0,21.0,10.0,post,4,4,2.7956
1787153723.925,2026-08-19 17:35:23.924,10,c3,0,0,-0.03814,-0.49681,0.04971,-4.431,10.2311,-25.0591,-0.0749,0.0045,-0.3637,4.69659,22.0,22.0,23.0,20.0,22.0,25.0,24.0,23.0,22.0,24.0,24.0,22.0,23.0,23.0,23.0,23.0,23.0,25.0,22.0,21.0,22.0,21.0,21.0,22.0,21.0,22.0,21.0,22.0,21.0,21.0,21.0,22.0,22.0,23.0,20.0,22.0,23.0,21.0,10.0,locate,5,5,2.6993
1787153723.9751,2026-08-19 17:35:23.975,10,c3,0,0,-0.03815,-0.49682,0.04972,-4.0352,10.2965,-25.0701,-0.0761,0.0148,-0.3599,4.68576,23.0,22.0,23.0,21.0,22.0,23.0,23.0,23.0,22.0,22.0,24.0,21.0,24.0,22.0,23.0,23.0,23.0,23.0,22.0,21.0,22.0,21.0,21.0,22.0,21.0,22.0,21.0,22.0,21.0,21.0,21.0,22.0,22.0,23.0,20.0,22.0,23.0,21.0,10.0,locate,5,5,2.7956
1787153724.0253,2026-08-19 17:35:24.025,10,c3,0,0,-0.03814,-0.49681,0.04971,-4.4583,10.3621,-25.0043,-0.0734,0.0075,-0.363,4.69634,23.0,22.0,23.0,21.0,22.0,23.0,23.0,23.0,22.0,22.0,24.0,21.0,24.0,22.0,23.0,23.0,23.0,23.0,22.0,21.0,22.0,21.0,21.0,22.0,21.0,22.0,21.0,22.0,21.0,21.0,21.0,22.0,22.0,23.0,20.0,22.0,23.0,21.0,10.0,locate,5,5,2.7015
1787153724.0754,2026-08-19 17:35:24.075,10,c3,0,0,-0.03814,-0.49681,0.04971,-4.3952,10.3966,-24.8311,-0.0799,0.0073,-0.3616,4.68929,21.0,23.0,22.0,20.0,23.0,22.0,24.0,22.0,22.0,23.0,25.0,21.0,24.0,23.0,22.0,23.0,23.0,24.0,23.0,21.0,22.0,21.0,21.0,22.0,21.0,22.0,21.0,22.0,21.0,21.0,21.0,22.0,22.0,23.0,20.0,22.0,23.0,21.0,10.0,locate,5,5,2.7642
1787153724.1255,2026-08-19 17:35:24.125,10,c3,0,0,-0.03812,-0.49681,0.04971,-4.2092,10.2736,-24.927,-0.0744,0.0093,-0.362,4.69659,21.0,23.0,22.0,19.0,21.0,24.0,25.0,24.0,22.0,25.0,26.0,22.0,23.0,24.0,23.0,24.0,23.0,23.0,24.0,21.0,22.0,21.0,21.0,22.0,21.0,22.0,21.0,22.0,21.0,21.0,21.0,22.0,22.0,23.0,20.0,22.0,23.0,21.0,10.0,locate,5,5,2.6993
1787153724.1757,2026-08-19 17:35:24.175,10,c3,0,0,-0.03813,-0.49681,0.0497,-4.3561,10.5047,-24.9689,-0.0796,0.0044,-0.3602,4.68954,21.0,23.0,22.0,19.0,21.0,24.0,25.0,24.0,22.0,25.0,26.0,22.0,23.0,24.0,23.0,24.0,23.0,23.0,24.0,21.0,22.0,21.0,21.0,22.0,21.0,22.0,21.0,22.0,21.0,21.0,21.0,22.0,22.0,23.0,20.0,22.0,23.0,21.0,10.0,locate,5,5,2.762
1787153724.2258,2026-08-19 17:35:24.225,10,c3,0,0,-0.03813,-0.49682,0.04972,-4.3121,10.3666,-24.9273,-0.0809,0.0064,-0.3661,4.6913,22.0,22.0,22.0,21.0,22.0,24.0,24.0,23.0,22.0,22.0,25.0,21.0,22.0,22.0,22.0,22.0,22.0,22.0,21.0,21.0,22.0,21.0,21.0,22.0,21.0,22.0,21.0,22.0,21.0,21.0,21.0,22.0,22.0,23.0,20.0,22.0,23.0,21.0,10.0,locate,5,5,2.7463
1787153724.2759,2026-08-19 17:35:24.275,10,c3,0,0,-0.03813,-0.49681,0.04971,-4.2203,10.243,-25.0873,-0.0722,0.0107,-0.3631,4.69483,22.0,22.0,22.0,21.0,22.0,24.0,24.0,23.0,22.0,22.0,25.0,21.0,22.0,22.0,22.0,22.0,22.0,22.0,21.0,21.0,22.0,21.0,21.0,22.0,21.0,22.0,21.0,22.0,21.0,21.0,21.0,22.0,22.0,23.0,20.0,22.0,23.0,21.0,10.0,locate,5,5,2.7149
1787153724.326,2026-08-19 17:35:24.326,10,c3,0,0,-0.03812,-0.49681,0.04972,-4.3042,10.0823,-24.9808,-0.0718,0.0087,-0.3611,4.6903,21.0,21.0,21.0,21.0,22.0,21.0,22.0,23.0,22.0,22.0,24.0,21.0,22.0,22.0,23.0,23.0,23.0,24.0,22.0,21.0,22.0,21.0,21.0,22.0,21.0,22.0,21.0,22.0,21.0,21.0,21.0,22.0,22.0,23.0,20.0,22.0,23.0,21.0,10.0,locate,5,5,2.7553
1787153724.3762,2026-08-19 17:35:24.376,10,c3,0,0,-0.03814,-0.49681,0.04971,-4.268,10.2932,-25.1373,-0.0779,0.0101,-0.3625,4.69155,22.0,23.0,20.0,22.0,23.0,21.0,24.0,23.0,22.0,21.0,26.0,23.0,22.0,23.0,24.0,23.0,23.0,24.0,23.0,21.0,22.0,21.0,21.0,22.0,21.0,22.0,21.0,22.0,21.0,21.0,21.0,22.0,22.0,23.0,20.0,22.0,23.0,21.0,10.0,locate,5,5,2.7441
1787153724.4263,2026-08-19 17:35:24.426,10,c3,0,0,-0.03813,-0.49681,0.0497,-4.2333,10.2424,-25.044,-0.0775,0.0119,-0.3539,4.68904,22.0,23.0,20.0,22.0,23.0,21.0,24.0,23.0,22.0,21.0,26.0,23.0,22.0,23.0,24.0,23.0,23.0,24.0,23.0,21.0,22.0,21.0,21.0,22.0,21.0,22.0,21.0,22.0,21.0,21.0,21.0,22.0,22.0,23.0,20.0,22.0,23.0,21.0,10.0,locate,5,5,2.7665
1787153724.4765,2026-08-19 17:35:24.476,10,c3,0,0,-0.03813,-0.4968,0.04971,-3.9402,10.1635,-24.9289,-0.0722,0.0164,-0.3556,4.68702,22.0,22.0,20.0,22.0,22.0,23.0,24.0,25.0,22.0,23.0,26.0,24.0,22.0,24.0,24.0,25.0,23.0,25.0,24.0,21.0,22.0,21.0,21.0,22.0,21.0,22.0,21.0,22.0,21.0,21.0,21.0,22.0,22.0,23.0,20.0,22.0,23.0,21.0,10.0,locate,5,5,2.7844
1787153724.5266,2026-08-19 17:35:24.526,10,c3,0,0,-0.03815,-0.4968,0.0497,-4.5598,10.7309,-24.9588,-0.0832,0.0008,-0.369,4.69583,22.0,22.0,20.0,22.0,22.0,23.0,24.0,25.0,22.0,23.0,26.0,24.0,22.0,24.0,24.0,25.0,23.0,25.0,24.0,21.0,22.0,21.0,21.0,22.0,21.0,22.0,21.0,22.0,21.0,21.0,21.0,22.0,22.0,23.0,20.0,22.0,23.0,21.0,10.0,locate,5,5,2.706
1787153724.5767,2026-08-19 17:35:24.576,10,c3,0,0,-0.03814,-0.49681,0.04972,-4.3405,10.1453,-25.1785,-0.0721,0.0101,-0.3581,4.6845,23.0,21.0,22.0,23.0,22.0,23.0,26.0,23.0,21.0,23.0,26.0,24.0,23.0,23.0,24.0,23.0,23.0,25.0,23.0,21.0,22.0,21.0,21.0,22.0,21.0,22.0,21.0,22.0,21.0,21.0,21.0,22.0,22.0,23.0,20.0,22.0,23.0,21.0,10.0,locate,5,5,2.8068
1787153724.6268,2026-08-19 17:35:24.626,10,c3,0,0,-0.03814,-0.49681,0.0497,-4.1622,10.0967,-25.2927,-0.0692,0.0123,-0.3585,4.69609,22.0,21.0,21.0,22.0,22.0,23.0,26.0,24.0,22.0,22.0,25.0,23.0,22.0,22.0,24.0,24.0,22.0,24.0,24.0,21.0,22.0,21.0,21.0,22.0,21.0,22.0,21.0,22.0,21.0,21.0,21.0,22.0,22.0,23.0,20.0,22.0,23.0,21.0,10.0,locate,5,5,2.7037
1787153724.6769,2026-08-19 17:35:24.676,10,c3,0,0,-0.03812,-0.49681,0.04971,-4.1507,10.3206,-24.9888,-0.0759,0.0138,-0.3611,4.68753,22.0,21.0,21.0,22.0,22.0,23.0,26.0,24.0,22.0,22.0,25.0,23.0,22.0,22.0,24.0,24.0,22.0,24.0,24.0,21.0,22.0,21.0,21.0,22.0,21.0,22.0,21.0,22.0,21.0,21.0,21.0,22.0,22.0,23.0,20.0,22.0,23.0,21.0,10.0,locate,5,5,2.7799
1787153724.727,2026-08-19 17:35:24.727,10,c3,0,0,-0.03813,-0.49681,0.04971,-4.067,9.9829,-25.0053,-0.0707,0.0139,-0.3524,4.70011,24.0,21.0,21.0,21.0,22.0,21.0,24.0,24.0,22.0,22.0,27.0,23.0,23.0,23.0,25.0,24.0,22.0,25.0,23.0,21.0,22.0,21.0,21.0,22.0,21.0,22.0,21.0,22.0,21.0,21.0,21.0,22.0,22.0,23.0,20.0,22.0,23.0,21.0,10.0,locate,5,5,2.6679
1787153724.7771,2026-08-19 17:35:24.777,10,c3,0,0,-0.03811,-0.49681,0.04971,-4.2642,10.2941,-25.1555,-0.0746,0.0093,-0.3618,4.68249,24.0,21.0,21.0,21.0,22.0,21.0,24.0,24.0,22.0,22.0,27.0,23.0,23.0,23.0,25.0,24.0,22.0,25.0,23.0,21.0,22.0,21.0,21.0,22.0,21.0,22.0,21.0,22.0,21.0,21.0,21.0,22.0,22.0,23.0,20.0,22.0,23.0,21.0,10.0,locate,5,5,2.8247
1787153724.8273,2026-08-19 17:35:24.827,10,c3,0,0,-0.03816,-0.4968,0.04971,-4.1869,10.0857,-24.9813,-0.0715,0.013,-0.363,4.69735,23.0,21.0,21.0,20.0,22.0,22.0,27.0,22.0,22.0,22.0,26.0,21.0,24.0,24.0,24.0,21.0,22.0,26.0,21.0,21.0,22.0,21.0,21.0,22.0,21.0,22.0,21.0,22.0,21.0,21.0,21.0,22.0,22.0,23.0,20.0,22.0,23.0,21.0,10.0,locate,5,5,2.6925
1787153724.8774,2026-08-19 17:35:24.877,10,c3,0,0,-0.03811,-0.49681,0.0497,-4.1659,9.9303,-25.1135,-0.0688,0.0088,-0.3661,4.68753,21.0,22.0,22.0,21.0,23.0,24.0,25.0,22.0,21.0,22.0,25.0,21.0,22.0,21.0,24.0,25.0,21.0,24.0,24.0,21.0,22.0,21.0,21.0,22.0,21.0,22.0,21.0,22.0,21.0,21.0,21.0,22.0,22.0,23.0,20.0,22.0,23.0,21.0,10.0,locate,5,5,2.7799
1787153724.9275,2026-08-19 17:35:24.927,10,c3,0,0,-0.03814,-0.49681,0.0497,-4.1773,10.1205,-25.0917,-0.0715,0.0108,-0.3525,4.69407,21.0,22.0,22.0,21.0,23.0,24.0,25.0,22.0,21.0,22.0,25.0,21.0,22.0,21.0,24.0,25.0,21.0,24.0,24.0,21.0,22.0,21.0,21.0,22.0,21.0,22.0,21.0,22.0,21.0,21.0,21.0,22.0,22.0,23.0,20.0,22.0,23.0,21.0,10.0,locate,5,5,2.7217
1787153724.9776,2026-08-19 17:35:24.977,10,c3,0,0,-0.03811,-0.4968,0.0497,-4.0495,10.231,-25.1299,-0.0742,0.0166,-0.3567,4.68702,22.0,21.0,21.0,20.0,21.0,21.0,24.0,20.0,21.0,23.0,25.0,19.0,23.0,23.0,23.0,22.0,23.0,25.0,22.0,21.0,22.0,21.0,21.0,22.0,21.0,22.0,21.0,22.0,21.0,21.0,21.0,22.0,22.0,23.0,20.0,22.0,23.0,21.0,10.0,locate,5,5,2.7844
1787153725.0278,2026-08-19 17:35:25.027,10,c3,0,0,-0.03812,-0.49682,0.04971,-4.3771,10.8395,-24.9129,-0.0872,0.0035,-0.3624,4.69458,22.0,21.0,21.0,20.0,21.0,21.0,24.0,20.0,21.0,23.0,25.0,19.0,23.0,23.0,23.0,22.0,23.0,25.0,22.0,21.0,22.0,21.0,21.0,22.0,21.0,22.0,21.0,22.0,21.0,21.0,21.0,22.0,22.0,23.0,20.0,22.0,23.0,21.0,10.0,locate,5,5,2.7172
1787153725.0779,2026-08-19 17:35:25.077,10,c3,0,0,-0.03813,-0.49681,0.04971,-4.3197,10.6619,-25.055,-0.085,0.0071,-0.3573,4.69382,21.0,22.0,20.0,19.0,22.0,22.0,25.0,23.0,21.0,23.0,24.0,20.0,23.0,23.0,22.0,22.0,22.0,23.0,23.0,21.0,22.0,21.0,21.0,22.0,21.0,22.0,21.0,22.0,21.0,21.0,21.0,22.0,22.0,23.0,20.0,22.0,23.0,21.0,10.0,locate,5,5,2.7239
1787153725.128,2026-08-19 17:35:25.127,10,c3,0,0,-0.03814,-0.49681,0.04971,-4.4073,10.1885,-25.0109,-0.0708,0.0064,-0.3661,4.69206,21.0,22.0,20.0,19.0,22.0,22.0,25.0,23.0,21.0,23.0,24.0,20.0,23.0,23.0,22.0,22.0,22.0,23.0,23.0,21.0,22.0,21.0,21.0,22.0,21.0,22.0,21.0,22.0,21.0,21.0,21.0,22.0,22.0,23.0,20.0,22.0,23.0,21.0,10.0,locate,5,5,2.7396
1787153725.1781,2026-08-19 17:35:25.178,10,c3,0,0,-0.03815,-0.49681,0.0497,-4.2329,10.2673,-25.0475,-0.0747,0.0099,-0.3579,4.69609,22.0,23.0,22.0,21.0,22.0,24.0,24.0,23.0,23.0,22.0,28.0,23.0,24.0,23.0,26.0,22.0,23.0,25.0,21.0,21.0,22.0,21.0,21.0,22.0,21.0,22.0,21.0,22.0,21.0,21.0,21.0,22.0,22.0,23.0,20.0,22.0,23.0,21.0,10.0,locate,5,5,2.7037
1787153725.2282,2026-08-19 17:35:25.228,10,c3,0,0,-0.03811,-0.49681,0.0497,-4.5024,10.4726,-24.8681,-0.0775,0.004,-0.3661,4.68904,21.0,23.0,21.0,21.0,24.0,23.0,27.0,25.0,22.0,21.0,26.0,24.0,23.0,22.0,24.0,24.0,22.0,25.0,25.0,21.0,22.0,21.0,21.0,22.0,21.0,22.0,21.0,22.0,21.0,21.0,21.0,22.0,22.0,23.0,20.0,22.0,23.0,21.0,10.0,locate,5,5,2.7665
1787153725.2783,2026-08-19 17:35:25.278,10,c3,0,0,-0.03813,-0.49681,0.04971,-4.0272,10.2203,-25.1143,-0.0736,0.0177,-0.3579,4.69004,21.0,23.0,21.0,21.0,24.0,23.0,27.0,25.0,22.0,21.0,26.0,24.0,23.0,22.0,24.0,24.0,22.0,25.0,25.0,21.0,22.0,21.0,21.0,22.0,21.0,22.0,21.0,22.0,21.0,21.0,21.0,22.0,22.0,23.0,20.0,22.0,23.0,21.0,10.0,locate,5,5,2.7575
1787153725.3284,2026-08-19 17:35:25.328,10,c3,0,0,-0.03815,-0.49681,0.04971,-4.5298,10.3012,-25.0408,-0.073,0.0031,-0.3588,4.69609,23.0,22.0,21.0,23.0,22.0,23.0,24.0,23.0,23.0,23.0,26.0,22.0,24.0,24.0,23.0,24.0,25.0,23.0,24.0,21.0,22.0,21.0,21.0,22.0,21.0,22.0,21.0,22.0,21.0,21.0,21.0,22.0,22.0,23.0,20.0,22.0,23.0,21.0,10.0,locate,5,5,2.7037
1787153725.3785,2026-08-19 17:35:25.378,10,c3,0,0,-0.03815,-0.49682,0.04972,-4.0422,10.4058,-25.0515,-0.0795,0.0126,-0.3646,4.68904,23.0,22.0,21.0,23.0,22.0,23.0,24.0,23.0,23.0,23.0,26.0,22.0,24.0,24.0,23.0,24.0,25.0,23.0,24.0,21.0,22.0,21.0,21.0,22.0,21.0,22.0,21.0,22.0,21.0,21.0,21.0,22.0,22.0,23.0,20.0,22.0,23.0,21.0,10.0,locate,5,5,2.7665
1787153725.4287,2026-08-19 17:35:25.428,10,c3,0,0,-0.03813,-0.49681,0.0497,-4.1897,10.2904,-24.9492,-0.0759,0.0107,-0.355,4.69155,20.0,23.0,22.0,21.0,22.0,24.0,25.0,22.0,21.0,23.0,25.0,22.0,22.0,23.0,24.0,23.0,23.0,22.0,23.0,21.0,22.0,21.0,21.0,22.0,21.0,22.0,21.0,22.0,21.0,21.0,21.0,22.0,22.0,23.0,20.0,22.0,23.0,21.0,10.0,locate,5,5,2.7441
1787153725.4789,2026-08-19 17:35:25.478,10,c3,0,0,-0.03814,-0.49683,0.04972,-4.5272,10.3885,-24.8966,-0.0771,0.003,-0.3649,4.69181,22.0,21.0,22.0,20.0,22.0,22.0,24.0,23.0,22.0,23.0,25.0,22.0,23.0,23.0,23.0,21.0,22.0,23.0,24.0,21.0,22.0,21.0,21.0,22.0,21.0,22.0,21.0,22.0,21.0,21.0,21.0,22.0,22.0,23.0,20.0,22.0,23.0,21.0,10.0,locate,5,5,2.7418
1787153725.5289,2026-08-19 17:35:25.528,10,c3,0,0,-0.03813,-0.49683,0.04972,-4.1559,10.4219,-25.0032,-0.0763,0.0124,-0.3574,4.6908,22.0,21.0,22.0,20.0,22.0,22.0,24.0,23.0,22.0,23.0,25.0,22.0,23.0,23.0,23.0,21.0,22.0,23.0,24.0,21.0,22.0,21.0,21.0,22.0,21.0,22.0,21.0,22.0,21.0,21.0,21.0,22.0,22.0,23.0,20.0,22.0,23.0,21.0,10.0,locate,5,5,2.7508
1787153725.579,2026-08-19 17:35:25.579,10,c3,0,0,-0.03812,-0.49681,0.0497,-4.2579,10.1395,-25.0372,-0.07,0.0109,-0.3595,4.69181,23.0,23.0,22.0,22.0,23.0,22.0,23.0,24.0,21.0,22.0,27.0,21.0,24.0,23.0,24.0,24.0,23.0,25.0,22.0,21.0,22.0,21.0,21.0,22.0,21.0,22.0,21.0,22.0,21.0,21.0,21.0,22.0,22.0,23.0,20.0,22.0,23.0,21.0,10.0,locate,5,5,2.7418
1787153725.6291,2026-08-19 17:35:25.629,10,c3,0,0,-0.03812,-0.49681,0.04971,-4.0628,10.4837,-24.9496,-0.0792,0.0148,-0.3567,4.69609,23.0,23.0,22.0,22.0,23.0,22.0,23.0,24.0,21.0,22.0,27.0,21.0,24.0,23.0,24.0,24.0,23.0,25.0,22.0,21.0,22.0,21.0,21.0,22.0,21.0,22.0,21.0,22.0,21.0,21.0,21.0,22.0,22.0,23.0,20.0,22.0,23.0,21.0,10.0,locate,5,5,2.7037
1787153725.6793,2026-08-19 17:35:25.679,10,c3,0,0,-0.03815,-0.49682,0.04972,-4.1369,10.1953,-25.1561,-0.0742,0.0137,-0.3555,4.68602,22.0,21.0,21.0,20.0,22.0,23.0,25.0,24.0,22.0,22.0,24.0,24.0,25.0,24.0,23.0,25.0,23.0,25.0,23.0,21.0,22.0,21.0,21.0,22.0,21.0,22.0,21.0,22.0,21.0,21.0,21.0,22.0,22.0,23.0,20.0,22.0,23.0,21.0,10.0,locate,5,5,2.7933
1787153725.7294,2026-08-19 17:35:25.729,10,c3,0,0,-0.03813,-0.49679,0.04969,-4.0443,10.3272,-25.1925,-0.0758,0.0132,-0.3647,4.69659,22.0,22.0,22.0,24.0,23.0,23.0,25.0,23.0,22.0,22.0,26.0,23.0,23.0,23.0,24.0,23.0,23.0,25.0,24.0,21.0,22.0,21.0,21.0,22.0,21.0,22.0,21.0,22.0,21.0,21.0,21.0,22.0,22.0,23.0,20.0,22.0,23.0,21.0,10.0,locate,5,5,2.6993
1787153725.7794,2026-08-19 17:35:25.779,10,c3,0,0,-0.03813,-0.49682,0.04973,-4.3693,10.1566,-25.2125,-0.0705,0.0054,-0.3584,4.69004,22.0,22.0,22.0,24.0,23.0,23.0,25.0,23.0,22.0,22.0,26.0,23.0,23.0,23.0,24.0,23.0,23.0,25.0,24.0,21.0,22.0,21.0,21.0,22.0,21.0,22.0,21.0,22.0,21.0,21.0,21.0,22.0,22.0,23.0,20.0,22.0,23.0,21.0,10.0,locate,5,5,2.7575
1787153725.8296,2026-08-19 17:35:25.829,10,c3,0,0,-0.03814,-0.49681,0.04971,-4.1326,10.2768,-25.2315,-0.0744,0.0138,-0.3623,4.68526,22.0,21.0,21.0,19.0,21.0,23.0,23.0,22.0,21.0,25.0,25.0,22.0,23.0,24.0,26.0,22.0,24.0,24.0,23.0,21.0,22.0,21.0,21.0,22.0,21.0,22.0,21.0,22.0,21.0,21.0,21.0,22.0,22.0,23.0,20.0,22.0,23.0,21.0,10.0,locate,5,5,2.8001
1787153725.8797,2026-08-19 17:35:25.879,10,c3,0,0,-0.03815,-0.49681,0.04971,-4.2697,10.2845,-25.0493,-0.0772,0.0124,-0.3583,4.69181,22.0,21.0,21.0,19.0,21.0,23.0,23.0,22.0,21.0,25.0,25.0,22.0,23.0,24.0,26.0,22.0,24.0,24.0,23.0,21.0,22.0,21.0,21.0,22.0,21.0,22.0,21.0,22.0,21.0,21.0,21.0,22.0,22.0,23.0,20.0,22.0,23.0,21.0,10.0,locate,5,5,2.7418
1787153725.9298,2026-08-19 17:35:25.929,10,c3,1,0,-0.03812,-0.49681,0.04971,-4.1641,10.1898,-25.0675,-0.073,0.0148,-0.3574,4.68828,23.0,22.0,21.0,21.0,23.0,23.0,25.0,23.0,21.0,24.0,23.0,22.0,23.0,23.0,21.0,22.0,23.0,22.0,23.0,21.0,22.0,21.0,21.0,22.0,21.0,22.0,21.0,22.0,21.0,21.0,21.0,22.0,22.0,23.0,20.0,22.0,23.0,21.0,10.0,press,5,5,2.7732
1787153725.9799,2026-08-19 17:35:25.979,10,c3,1,0,-0.03814,-0.49681,0.0497,-4.3509,10.9644,-24.9239,-0.0939,0.0102,-0.3635,4.68677,21.0,22.0,23.0,21.0,22.0,23.0,23.0,23.0,22.0,24.0,27.0,22.0,23.0,24.0,25.0,23.0,24.0,24.0,24.0,21.0,22.0,21.0,21.0,22.0,21.0,22.0,21.0,22.0,21.0,21.0,21.0,22.0,22.0,23.0,20.0,22.0,23.0,21.0,10.0,press,5,5,2.7866
1787153726.0299,2026-08-19 17:35:26.029,10,c3,1,0,-0.03814,-0.49681,0.04966,-4.1507,10.3595,-25.1651,-0.078,0.0104,-0.3586,4.68929,21.0,22.0,23.0,21.0,22.0,23.0,23.0,23.0,22.0,24.0,27.0,22.0,23.0,24.0,25.0,23.0,24.0,24.0,24.0,21.0,22.0,21.0,21.0,22.0,21.0,22.0,21.0,22.0,21.0,21.0,21.0,22.0,22.0,23.0,20.0,22.0,23.0,21.0,10.0,press,5,5,2.7642
1787153726.0801,2026-08-19 17:35:26.080,10,c3,1,0,-0.03815,-0.49681,0.04958,-4.2977,9.9767,-25.0937,-0.066,0.0091,-0.3607,4.68828,21.0,22.0,23.0,20.0,23.0,24.0,24.0,24.0,23.0,22.0,24.0,23.0,23.0,22.0,22.0,24.0,23.0,23.0,24.0,21.0,22.0,21.0,21.0,22.0,21.0,22.0,21.0,22.0,21.0,21.0,21.0,22.0,22.0,23.0,20.0,22.0,23.0,21.0,10.0,press,5,5,2.7732
1787153726.1302,2026-08-19 17:35:26.130,10,c3,1,0,-0.03815,-0.49682,0.04944,-4.1886,10.0819,-24.9209,-0.0684,0.0114,-0.3651,4.6903,21.0,22.0,23.0,20.0,23.0,24.0,24.0,24.0,23.0,22.0,24.0,23.0,23.0,22.0,22.0,24.0,23.0,23.0,24.0,21.0,22.0,21.0,21.0,22.0,21.0,22.0,21.0,22.0,21.0,21.0,21.0,22.0,22.0,23.0,20.0,22.0,23.0,21.0,10.0,press,5,5,2.7553
1787153726.1803,2026-08-19 17:35:26.180,10,c3,1,0,-0.03816,-0.49683,0.04927,-4.2194,10.2173,-25.1187,-0.0691,0.014,-0.3576,4.68551,23.0,22.0,21.0,22.0,23.0,21.0,22.0,21.0,23.0,24.0,26.0,21.0,24.0,24.0,22.0,21.0,25.0,23.0,21.0,21.0,22.0,21.0,21.0,22.0,21.0,22.0,21.0,22.0,21.0,21.0,21.0,22.0,22.0,23.0,20.0,22.0,23.0,21.0,10.0,press,5,5,2.7978
1787153726.2304,2026-08-19 17:35:26.230,10,c3,1,0,-0.03814,-0.49684,0.04908,-4.3474,10.2382,-25.0542,-0.0726,0.0081,-0.3681,4.69382,23.0,22.0,21.0,22.0,23.0,21.0,22.0,21.0,23.0,24.0,26.0,21.0,24.0,24.0,22.0,21.0,25.0,23.0,21.0,21.0,22.0,21.0,21.0,22.0,21.0,22.0,21.0,22.0,21.0,21.0,21.0,22.0,22.0,23.0,20.0,22.0,23.0,21.0,10.0,press,5,5,2.7239
1787153726.2806,2026-08-19 17:35:26.280,10,c3,1,0,-0.03815,-0.49684,0.04883,-4.1199,10.2793,-25.0567,-0.0732,0.0126,-0.3561,4.68979,19.0,24.0,22.0,19.0,24.0,23.0,23.0,24.0,23.0,23.0,25.0,23.0,24.0,24.0,23.0,22.0,23.0,23.0,22.0,21.0,22.0,21.0,21.0,22.0,21.0,22.0,21.0,22.0,21.0,21.0,21.0,22.0,22.0,23.0,20.0,22.0,23.0,21.0,10.0,press,5,5,2.7597
1787153726.3307,2026-08-19 17:35:26.330,10,c3,1,0,-0.03816,-0.49685,0.04859,-4.2271,10.1328,-24.9196,-0.0683,0.0146,-0.3625,4.69785,22.0,23.0,22.0,22.0,24.0,23.0,23.0,23.0,23.0,23.0,24.0,21.0,24.0,23.0,22.0,24.0,24.0,22.0,22.0,21.0,22.0,21.0,21.0,22.0,21.0,22.0,21.0,22.0,21.0,21.0,21.0,22.0,22.0,23.0,20.0,22.0,23.0,21.0,10.0,press,5,5,2.6881
1787153726.3808,2026-08-19 17:35:26.380,10,c3,1,0,-0.03816,-0.49685,0.04833,-3.9565,10.3735,-24.894,-0.0765,0.0168,-0.3558,4.68879,22.0,23.0,22.0,22.0,24.0,23.0,23.0,23.0,23.0,23.0,24.0,21.0,24.0,23.0,22.0,24.0,24.0,22.0,22.0,21.0,22.0,21.0,21.0,22.0,21.0,22.0,21.0,22.0,21.0,21.0,21.0,22.0,22.0,23.0,20.0,22.0,23.0,21.0,10.0,press,5,5,2.7687
1787153726.4309,2026-08-19 17:35:26.430,10,c3,1,0,-0.03814,-0.49681,0.04797,-4.2088,10.3298,-25.0826,-0.0785,0.0105,-0.364,4.69684,20.0,22.0,22.0,21.0,25.0,23.0,22.0,21.0,22.0,23.0,25.0,20.0,23.0,24.0,24.0,22.0,23.0,21.0,20.0,21.0,22.0,21.0,21.0,22.0,21.0,22.0,21.0,22.0,21.0,21.0,21.0,22.0,22.0,23.0,20.0,22.0,23.0,21.0,10.0,press,5,5,2.697
1787153726.481,2026-08-19 17:35:26.481,10,c3,1,0,-0.03814,-0.49681,0.04767,-4.0582,10.1527,-25.0402,-0.0747,0.0137,-0.3586,4.69709,20.0,22.0,22.0,21.0,25.0,23.0,22.0,21.0,22.0,23.0,25.0,20.0,23.0,24.0,24.0,22.0,23.0,21.0,20.0,21.0,22.0,21.0,21.0,22.0,21.0,22.0,21.0,22.0,21.0,21.0,21.0,22.0,22.0,23.0,20.0,22.0,23.0,21.0,10.0,press,5,5,2.6948
1787153726.5311,2026-08-19 17:35:26.531,10,c3,1,0,-0.03814,-0.49683,0.04734,-4.0461,9.5735,-25.288,-0.0632,0.014,-0.3617,4.69105,21.0,23.0,23.0,21.0,23.0,23.0,24.0,23.0,23.0,22.0,22.0,22.0,24.0,24.0,21.0,22.0,23.0,24.0,22.0,21.0,22.0,21.0,21.0,22.0,21.0,22.0,21.0,22.0,21.0,21.0,21.0,22.0,22.0,23.0,20.0,22.0,23.0,21.0,10.0,press,5,5,2.7485
1787153726.5812,2026-08-19 17:35:26.581,10,c3,1,0,-0.03814,-0.49682,0.04698,-4.3342,10.1373,-25.1498,-0.0694,0.0085,-0.3595,4.6986,24.0,22.0,22.0,20.0,24.0,23.0,24.0,25.0,24.0,23.0,24.0,24.0,25.0,23.0,23.0,24.0,23.0,23.0,22.0,21.0,22.0,21.0,21.0,22.0,21.0,22.0,21.0,22.0,21.0,21.0,21.0,22.0,22.0,23.0,20.0,22.0,23.0,21.0,10.0,press,5,5,2.6813
1787153726.6313,2026-08-19 17:35:26.631,10,c3,1,0,-0.03815,-0.49682,0.04665,-3.9838,10.166,-25.0952,-0.0727,0.0178,-0.3609,4.68576,24.0,22.0,22.0,20.0,24.0,23.0,24.0,25.0,24.0,23.0,24.0,24.0,25.0,23.0,23.0,24.0,23.0,23.0,22.0,21.0,22.0,21.0,21.0,22.0,21.0,22.0,21.0,22.0,21.0,21.0,21.0,22.0,22.0,23.0,20.0,22.0,23.0,21.0,10.0,press,5,5,2.7956
1787153726.6814,2026-08-19 17:35:26.681,10,c3,1,0,-0.03814,-0.49683,0.04632,-4.0387,10.1572,-25.159,-0.0758,0.0164,-0.3587,4.69181,23.0,24.0,22.0,22.0,24.0,23.0,23.0,23.0,23.0,24.0,25.0,22.0,24.0,25.0,23.0,22.0,24.0,22.0,23.0,21.0,22.0,21.0,21.0,22.0,21.0,22.0,21.0,22.0,21.0,21.0,21.0,22.0,22.0,23.0,20.0,22.0,23.0,21.0,10.0,press,5,5,2.7418
1787153726.7315,2026-08-19 17:35:26.731,10,c3,1,0,-0.03814,-0.49681,0.04596,-4.558,10.664,-24.994,-0.081,0.0008,-0.3637,4.68576,23.0,24.0,22.0,22.0,24.0,23.0,23.0,23.0,23.0,24.0,25.0,22.0,24.0,25.0,23.0,22.0,24.0,22.0,23.0,21.0,22.0,21.0,21.0,22.0,21.0,22.0,21.0,22.0,21.0,21.0,21.0,22.0,22.0,23.0,20.0,22.0,23.0,21.0,10.0,press,5,5,2.7956
1787153726.7816,2026-08-19 17:35:26.781,10,c3,1,0,-0.03812,-0.49682,0.04565,-4.3158,10.5006,-25.2081,-0.0816,0.0084,-0.3653,4.68853,22.0,23.0,24.0,21.0,23.0,24.0,23.0,23.0,23.0,25.0,25.0,23.0,24.0,25.0,24.0,22.0,25.0,24.0,24.0,21.0,22.0,21.0,21.0,22.0,21.0,22.0,21.0,22.0,21.0,21.0,21.0,22.0,22.0,23.0,20.0,22.0,23.0,21.0,10.0,press,5,5,2.7709
1787153726.8318,2026-08-19 17:35:26.831,10,c3,1,0,-0.0381,-0.4968,0.0453,-4.2064,10.4266,-25.1776,-0.0788,0.0092,-0.3564,4.6908,21.0,23.0,24.0,20.0,24.0,24.0,24.0,23.0,24.0,25.0,26.0,23.0,24.0,26.0,24.0,22.0,24.0,24.0,22.0,21.0,22.0,21.0,21.0,22.0,21.0,22.0,21.0,22.0,21.0,21.0,21.0,22.0,22.0,23.0,20.0,22.0,23.0,21.0,10.0,press,5,5,2.7508
1787153726.8819,2026-08-19 17:35:26.881,10,c3,1,0,-0.03815,-0.49682,0.04499,-4.1853,10.3481,-25.1415,-0.0774,0.0142,-0.368,4.69206,21.0,23.0,24.0,20.0,24.0,24.0,24.0,23.0,24.0,25.0,26.0,23.0,24.0,26.0,24.0,22.0,24.0,24.0,22.0,21.0,22.0,21.0,21.0,22.0,21.0,22.0,21.0,22.0,21.0,21.0,21.0,22.0,22.0,23.0,20.0,22.0,23.0,21.0,10.0,press,5,5,2.7396
1787153726.932,2026-08-19 17:35:26.931,10,c3,1,0,-0.03813,-0.49683,0.04467,-4.3352,10.4836,-24.9377,-0.0801,0.006,-0.3664,4.65907,23.0,22.0,24.0,21.0,24.0,26.0,23.0,24.0,24.0,25.0,25.0,23.0,25.0,26.0,24.0,23.0,26.0,23.0,23.0,21.0,22.0,21.0,21.0,22.0,21.0,22.0,21.0,22.0,21.0,21.0,21.0,22.0,22.0,23.0,20.0,22.0,23.0,21.0,10.0,press,5,5,3.033
1787153726.9821,2026-08-19 17:35:26.982,10,c3,1,0,-0.03813,-0.49684,0.04434,-4.2209,10.0514,-24.8248,-0.0687,0.0134,-0.3606,4.60318,23.0,22.0,24.0,21.0,24.0,26.0,23.0,24.0,24.0,25.0,25.0,23.0,25.0,26.0,24.0,23.0,26.0,23.0,23.0,21.0,22.0,21.0,21.0,22.0,21.0,22.0,21.0,22.0,21.0,21.0,21.0,22.0,22.0,23.0,20.0,22.0,23.0,21.0,10.0,press,5,5,3.5303
1787153727.0323,2026-08-19 17:35:27.032,10,c3,1,0,-0.03814,-0.49683,0.04398,-4.337,10.7408,-24.2377,-0.0829,0.0081,-0.359,4.49643,21.0,23.0,23.0,21.0,24.0,25.0,25.0,22.0,25.0,27.0,28.0,22.0,26.0,27.0,23.0,22.0,27.0,23.0,22.0,21.0,22.0,21.0,21.0,22.0,21.0,22.0,21.0,22.0,21.0,21.0,21.0,22.0,22.0,23.0,20.0,22.0,23.0,21.0,10.0,press,5,5,4.48
1787153727.0824,2026-08-19 17:35:27.082,10,c3,1,0,-0.03814,-0.49684,0.04365,-3.8368,10.3348,-23.9713,-0.0776,0.0195,-0.353,4.37759,21.0,23.0,23.0,21.0,24.0,25.0,25.0,22.0,25.0,27.0,28.0,22.0,26.0,27.0,23.0,22.0,27.0,23.0,22.0,21.0,22.0,21.0,21.0,22.0,21.0,22.0,21.0,22.0,21.0,21.0,21.0,22.0,22.0,23.0,20.0,22.0,23.0,21.0,10.0,press,5,5,5.5372
1787153727.1326,2026-08-19 17:35:27.132,10,c3,1,0,-0.03814,-0.49682,0.04332,-4.1341,10.2808,-23.5793,-0.0743,0.0103,-0.363,4.26203,21.0,24.0,23.0,22.0,24.0,25.0,24.0,23.0,25.0,28.0,26.0,22.0,25.0,26.0,24.0,25.0,25.0,24.0,23.0,21.0,22.0,21.0,21.0,22.0,21.0,22.0,21.0,22.0,21.0,21.0,21.0,22.0,22.0,23.0,20.0,22.0,23.0,21.0,10.0,press,5,5,6.5653
1787153727.1827,2026-08-19 17:35:27.182,10,c3,1,0,-0.03815,-0.49683,0.043,-4.2608,10.343,-22.9497,-0.0777,0.0105,-0.3634,4.13287,22.0,24.0,24.0,21.0,25.0,26.0,25.0,21.0,26.0,29.0,28.0,22.0,28.0,28.0,25.0,22.0,27.0,25.0,23.0,21.0,22.0,21.0,21.0,22.0,21.0,22.0,21.0,22.0,21.0,21.0,21.0,22.0,22.0,23.0,20.0,22.0,23.0,21.0,10.0,press,5,5,7.7144
1787153727.2328,2026-08-19 17:35:27.232,10,c3,1,0,-0.03815,-0.49684,0.04269,-4.3031,10.14,-22.7858,-0.0657,0.0078,-0.3562,3.99817,22.0,24.0,24.0,21.0,25.0,26.0,25.0,21.0,26.0,29.0,28.0,22.0,28.0,28.0,25.0,22.0,27.0,25.0,23.0,21.0,22.0,21.0,21.0,22.0,21.0,22.0,21.0,22.0,21.0,21.0,21.0,22.0,22.0,23.0,20.0,22.0,23.0,21.0,10.0,press,5,5,8.9127
1787153727.2829,2026-08-19 17:35:27.282,10,c3,1,0,-0.03814,-0.49685,0.04236,-4.0698,10.2059,-21.7759,-0.0732,0.0105,-0.3528,3.83804,21.0,25.0,24.0,22.0,26.0,27.0,26.0,24.0,25.0,29.0,29.0,23.0,25.0,29.0,26.0,24.0,28.0,25.0,23.0,21.0,22.0,21.0,21.0,22.0,21.0,22.0,21.0,22.0,21.0,21.0,21.0,22.0,22.0,23.0,20.0,22.0,23.0,21.0,10.0,press,5,5,10.3373
1787153727.333,2026-08-19 17:35:27.332,10,c3,1,0,-0.03815,-0.49685,0.042,-4.5458,10.4299,-21.0994,-0.0762,0.0018,-0.3691,3.66306,21.0,25.0,24.0,22.0,26.0,27.0,26.0,24.0,25.0,29.0,29.0,23.0,25.0,29.0,26.0,24.0,28.0,25.0,23.0,21.0,22.0,21.0,21.0,22.0,21.0,22.0,21.0,22.0,21.0,21.0,21.0,22.0,22.0,23.0,20.0,22.0,23.0,21.0,10.0,press,5,5,11.894
1787153727.3831,2026-08-19 17:35:27.383,10,c3,1,0,-0.03813,-0.49684,0.04167,-3.936,10.27,-20.7352,-0.0742,0.0133,-0.3582,3.49487,24.0,24.0,24.0,23.0,25.0,29.0,27.0,25.0,27.0,28.0,29.0,24.0,26.0,28.0,23.0,23.0,26.0,25.0,23.0,21.0,22.0,21.0,21.0,22.0,21.0,22.0,21.0,22.0,21.0,21.0,21.0,22.0,22.0,23.0,20.0,22.0,23.0,21.0,10.0,press,5,5,13.3903
1787153727.4332,2026-08-19 17:35:27.433,10,c3,1,0,-0.03814,-0.49686,0.04133,-3.9811,10.182,-20.056,-0.0686,0.0106,-0.357,3.30151,21.0,24.0,25.0,21.0,27.0,29.0,29.0,24.0,28.0,29.0,30.0,26.0,27.0,29.0,25.0,24.0,27.0,25.0,24.0,21.0,22.0,21.0,21.0,22.0,21.0,22.0,21.0,22.0,21.0,21.0,21.0,22.0,22.0,23.0,20.0,22.0,23.0,21.0,10.0,press,5,5,15.1105
1787153727.4833,2026-08-19 17:35:27.483,10,c3,1,0,-0.03817,-0.49686,0.04105,-4.2157,9.9721,-19.5126,-0.0641,0.0039,-0.3619,3.14667,21.0,24.0,25.0,21.0,27.0,29.0,29.0,24.0,28.0,29.0,30.0,26.0,27.0,29.0,25.0,24.0,27.0,25.0,24.0,21.0,22.0,21.0,21.0,22.0,21.0,22.0,21.0,22.0,21.0,21.0,21.0,22.0,22.0,23.0,20.0,22.0,23.0,21.0,10.0,press,5,5,16.488
1787153727.5334,2026-08-19 17:35:27.533,10,c3,1,0,-0.03815,-0.49685,0.04078,-3.827,9.7284,-18.9698,-0.06,0.0181,-0.3525,2.98402,23.0,25.0,25.0,23.0,28.0,30.0,29.0,24.0,30.0,29.0,29.0,24.0,29.0,32.0,24.0,23.0,27.0,25.0,21.0,21.0,22.0,21.0,21.0,22.0,21.0,22.0,21.0,22.0,21.0,21.0,21.0,22.0,22.0,23.0,20.0,22.0,23.0,21.0,10.0,press,5,5,17.935
1787153727.5835,2026-08-19 17:35:27.583,10,c3,1,0,-0.03812,-0.49681,0.04051,-4.1576,10.3937,-18.0166,-0.0767,0.0048,-0.358,2.82138,23.0,25.0,25.0,23.0,28.0,30.0,29.0,24.0,30.0,29.0,29.0,24.0,29.0,32.0,24.0,23.0,27.0,25.0,21.0,21.0,22.0,21.0,21.0,22.0,21.0,22.0,21.0,22.0,21.0,21.0,21.0,22.0,22.0,23.0,20.0,22.0,23.0,21.0,10.0,press,5,5,19.382
1787153727.6337,2026-08-19 17:35:27.633,10,c3,1,0,-0.03814,-0.49681,0.04029,-4.5515,10.5363,-17.232,-0.077,-0.0014,-0.3627,2.69977,22.0,25.0,25.0,22.0,27.0,30.0,29.0,25.0,30.0,29.0,32.0,26.0,29.0,33.0,24.0,24.0,28.0,24.0,23.0,21.0,22.0,21.0,21.0,22.0,21.0,22.0,21.0,22.0,21.0,21.0,21.0,22.0,22.0,23.0,20.0,22.0,23.0,21.0,10.0,press,5,5,20.4638
1787153727.6838,2026-08-19 17:35:27.683,10,c3,1,0,-0.03813,-0.49681,0.04012,-4.078,10.0848,-17.1277,-0.0665,0.0077,-0.3559,2.57766,24.0,23.0,25.0,24.0,27.0,31.0,30.0,26.0,31.0,28.0,34.0,26.0,29.0,32.0,24.0,25.0,29.0,25.0,25.0,21.0,22.0,21.0,21.0,22.0,21.0,22.0,21.0,22.0,21.0,21.0,21.0,22.0,22.0,23.0,20.0,22.0,23.0,21.0,10.0,press,5,5,21.5502
1787153727.7339,2026-08-19 17:35:27.733,10,c3,1,0,-0.03812,-0.49681,0.03998,-3.9622,10.3888,-16.8501,-0.0761,0.0079,-0.3543,2.50817,24.0,23.0,25.0,24.0,27.0,31.0,30.0,26.0,31.0,28.0,34.0,26.0,29.0,32.0,24.0,25.0,29.0,25.0,25.0,21.0,22.0,21.0,21.0,22.0,21.0,22.0,21.0,22.0,21.0,21.0,21.0,22.0,22.0,23.0,20.0,22.0,23.0,21.0,10.0,press,5,5,22.1684
1787153727.784,2026-08-19 17:35:27.783,10,c3,1,0,-0.03814,-0.49682,0.03987,-3.6317,9.8381,-16.5776,-0.06,0.0185,-0.3557,2.43717,23.0,25.0,26.0,23.0,29.0,31.0,33.0,26.0,31.0,30.0,35.0,26.0,29.0,33.0,23.0,23.0,27.0,26.0,23.0,21.0,22.0,21.0,21.0,22.0,21.0,22.0,21.0,22.0,21.0,21.0,21.0,22.0,22.0,23.0,20.0,22.0,23.0,21.0,10.0,press,5,5,22.8001
1787153727.8341,2026-08-19 17:35:27.834,10,c3,1,0,-0.03815,-0.49682,0.0398,-4.1427,10.4709,-16.5402,-0.0728,0.0024,-0.3561,2.41199,23.0,25.0,26.0,23.0,29.0,31.0,33.0,26.0,31.0,30.0,35.0,26.0,29.0,33.0,23.0,23.0,27.0,26.0,23.0,21.0,22.0,21.0,21.0,22.0,21.0,22.0,21.0,22.0,21.0,21.0,21.0,22.0,22.0,23.0,20.0,22.0,23.0,21.0,10.0,press,5,5,23.024
1787153727.8842,2026-08-19 17:35:27.884,10,c3,1,0,-0.03816,-0.49682,0.03976,-3.8997,10.4024,-16.4857,-0.0727,0.012,-0.3559,2.39462,23.0,27.0,26.0,23.0,27.0,32.0,32.0,26.0,33.0,31.0,34.0,26.0,30.0,36.0,23.0,24.0,29.0,25.0,23.0,21.0,22.0,21.0,21.0,22.0,21.0,22.0,21.0,22.0,21.0,21.0,21.0,22.0,22.0,23.0,20.0,22.0,23.0,21.0,10.0,press,5,5,23.1786
1787153727.9343,2026-08-19 17:35:27.934,10,c3,1,0,-0.03814,-0.49682,0.03974,-4.0533,10.2109,-16.282,-0.0704,0.0057,-0.3576,2.38354,25.0,25.0,28.0,24.0,28.0,33.0,33.0,26.0,33.0,31.0,34.0,26.0,30.0,34.0,23.0,25.0,27.0,25.0,24.0,21.0,22.0,21.0,21.0,22.0,21.0,22.0,21.0,22.0,21.0,21.0,21.0,22.0,22.0,23.0,20.0,22.0,23.0,21.0,10.0,hold,5,5,23.2772
1787153727.9845,2026-08-19 17:35:27.984,10,c3,1,0,-0.03813,-0.49682,0.03974,-3.9567,10.5022,-16.3822,-0.0743,0.0052,-0.3518,2.37624,25.0,25.0,28.0,24.0,28.0,33.0,33.0,26.0,33.0,31.0,34.0,26.0,30.0,34.0,23.0,25.0,27.0,25.0,24.0,21.0,22.0,21.0,21.0,22.0,21.0,22.0,21.0,22.0,21.0,21.0,21.0,22.0,22.0,23.0,20.0,22.0,23.0,21.0,10.0,hold,5,5,23.3421
1787153728.0347,2026-08-19 17:35:28.034,10,c3,1,0,-0.03814,-0.49682,0.03972,-4.4208,10.5103,-16.3378,-0.0748,0.0014,-0.3585,2.37473,24.0,24.0,27.0,24.0,28.0,33.0,33.0,27.0,32.0,31.0,36.0,27.0,30.0,37.0,24.0,24.0,30.0,25.0,24.0,21.0,22.0,21.0,21.0,22.0,21.0,22.0,21.0,22.0,21.0,21.0,21.0,22.0,22.0,23.0,20.0,22.0,23.0,21.0,10.0,hold,5,5,23.3555
1787153728.0848,2026-08-19 17:35:28.084,10,c3,1,0,-0.03813,-0.49682,0.03972,-3.7905,10.1359,-16.4494,-0.0664,0.0133,-0.3573,2.37851,24.0,24.0,27.0,24.0,28.0,33.0,33.0,27.0,32.0,31.0,36.0,27.0,30.0,37.0,24.0,24.0,30.0,25.0,24.0,21.0,22.0,21.0,21.0,22.0,21.0,22.0,21.0,22.0,21.0,21.0,21.0,22.0,22.0,23.0,20.0,22.0,23.0,21.0,10.0,hold,5,5,23.3219
1787153728.1349,2026-08-19 17:35:28.134,10,c3,1,0,-0.03813,-0.49682,0.03971,-4.1221,10.2216,-16.5371,-0.069,0.0051,-0.3589,2.38556,23.0,24.0,27.0,23.0,28.0,34.0,32.0,27.0,31.0,32.0,36.0,27.0,28.0,36.0,23.0,25.0,29.0,26.0,25.0,21.0,22.0,21.0,21.0,22.0,21.0,22.0,21.0,22.0,21.0,21.0,21.0,22.0,22.0,23.0,20.0,22.0,23.0,21.0,10.0,hold,5,5,23.2592
1787153728.185,2026-08-19 17:35:28.185,10,c3,1,0,-0.03813,-0.49681,0.03971,-4.0798,10.2778,-16.405,-0.0689,0.0115,-0.3609,2.39689,23.0,24.0,27.0,23.0,28.0,34.0,32.0,27.0,31.0,32.0,36.0,27.0,28.0,36.0,23.0,25.0,29.0,26.0,25.0,21.0,22.0,21.0,21.0,22.0,21.0,22.0,21.0,22.0,21.0,21.0,21.0,22.0,22.0,23.0,20.0,22.0,23.0,21.0,10.0,hold,5,5,23.1584
1787153728.2352,2026-08-19 17:35:28.235,10,c3,1,0,-0.03813,-0.49681,0.03972,-3.7535,9.9852,-16.4817,-0.0605,0.0138,-0.3522,2.39689,24.0,24.0,28.0,23.0,26.0,35.0,34.0,29.0,31.0,30.0,37.0,28.0,29.0,33.0,24.0,26.0,27.0,26.0,25.0,21.0,22.0,21.0,21.0,22.0,21.0,22.0,21.0,22.0,21.0,21.0,21.0,22.0,22.0,23.0,20.0,22.0,23.0,21.0,10.0,hold,5,5,23.1584
1787153728.2853,2026-08-19 17:35:28.285,10,c3,1,0,-0.03813,-0.49681,0.0397,-3.9577,10.6037,-16.4063,-0.0784,0.0084,-0.3546,2.40192,24.0,25.0,27.0,25.0,26.0,32.0,34.0,26.0,31.0,29.0,35.0,27.0,30.0,34.0,23.0,23.0,28.0,25.0,23.0,21.0,22.0,21.0,21.0,22.0,21.0,22.0,21.0,22.0,21.0,21.0,21.0,22.0,22.0,23.0,20.0,22.0,23.0,21.0,10.0,hold,5,5,23.1136
1787153728.3354,2026-08-19 17:35:28.335,10,c3,1,0,-0.03814,-0.49682,0.03973,-3.8931,10.0852,-16.4994,-0.0609,0.0139,-0.3581,2.40268,24.0,25.0,27.0,25.0,26.0,32.0,34.0,26.0,31.0,29.0,35.0,27.0,30.0,34.0,23.0,23.0,28.0,25.0,23.0,21.0,22.0,21.0,21.0,22.0,21.0,22.0,21.0,22.0,21.0,21.0,21.0,22.0,22.0,23.0,20.0,22.0,23.0,21.0,10.0,hold,5,5,23.1069
1787153728.3855,2026-08-19 17:35:28.385,10,c3,1,0,-0.03813,-0.49682,0.03972,-3.7747,10.2328,-16.3267,-0.0645,0.0132,-0.3518,2.40897,24.0,25.0,26.0,24.0,26.0,33.0,33.0,27.0,32.0,31.0,37.0,26.0,29.0,35.0,25.0,27.0,28.0,26.0,26.0,21.0,22.0,21.0,21.0,22.0,21.0,22.0,21.0,22.0,21.0,21.0,21.0,22.0,22.0,23.0,20.0,22.0,23.0,21.0,10.0,hold,5,5,23.0509
1787153728.4357,2026-08-19 17:35:28.435,10,c3,1,0,-0.03815,-0.49681,0.03972,-3.804,10.1934,-16.5367,-0.0687,0.0142,-0.3571,2.4057,24.0,25.0,26.0,24.0,26.0,33.0,33.0,27.0,32.0,31.0,37.0,26.0,29.0,35.0,25.0,27.0,28.0,26.0,26.0,21.0,22.0,21.0,21.0,22.0,21.0,22.0,21.0,22.0,21.0,21.0,21.0,22.0,22.0,23.0,20.0,22.0,23.0,21.0,10.0,hold,5,5,23.08
1787153728.4858,2026-08-19 17:35:28.485,10,c3,1,0,-0.03813,-0.49682,0.03972,-4.0921,9.7464,-16.3197,-0.056,0.0049,-0.3552,2.41476,24.0,24.0,25.0,23.0,27.0,31.0,34.0,27.0,31.0,31.0,35.0,25.0,30.0,35.0,23.0,24.0,29.0,25.0,25.0,21.0,22.0,21.0,21.0,22.0,21.0,22.0,21.0,22.0,21.0,21.0,21.0,22.0,22.0,23.0,20.0,22.0,23.0,21.0,10.0,hold,5,5,22.9994
1787153728.5359,2026-08-19 17:35:28.535,10,c3,1,0,-0.03815,-0.49681,0.03971,-4.0347,10.4368,-16.3925,-0.072,0.0048,-0.3565,2.41048,23.0,25.0,26.0,22.0,27.0,32.0,34.0,27.0,32.0,31.0,36.0,26.0,30.0,34.0,23.0,24.0,28.0,25.0,25.0,21.0,22.0,21.0,21.0,22.0,21.0,22.0,21.0,22.0,21.0,21.0,21.0,22.0,22.0,23.0,20.0,22.0,23.0,21.0,10.0,hold,5,5,23.0375
1787153728.5861,2026-08-19 17:35:28.586,10,c3,1,0,-0.03814,-0.49682,0.03972,-3.7869,10.0972,-16.404,-0.0676,0.0154,-0.3628,2.41552,23.0,25.0,26.0,22.0,27.0,32.0,34.0,27.0,32.0,31.0,36.0,26.0,30.0,34.0,23.0,24.0,28.0,25.0,25.0,21.0,22.0,21.0,21.0,22.0,21.0,22.0,21.0,22.0,21.0,21.0,21.0,22.0,22.0,23.0,20.0,22.0,23.0,21.0,10.0,hold,5,5,22.9927
1787153728.6363,2026-08-19 17:35:28.636,10,c3,1,0,-0.03814,-0.49681,0.03972,-4.1772,10.4648,-16.4556,-0.076,0.0032,-0.3606,2.41401,23.0,24.0,27.0,23.0,27.0,33.0,33.0,28.0,34.0,31.0,35.0,27.0,30.0,34.0,25.0,26.0,28.0,26.0,26.0,21.0,22.0,21.0,21.0,22.0,21.0,22.0,21.0,22.0,21.0,21.0,21.0,22.0,22.0,23.0,20.0,22.0,23.0,21.0,10.0,hold,5,5,23.0061
1787153728.6864,2026-08-19 17:35:28.686,10,c3,1,0,-0.03813,-0.49681,0.03971,-4.1696,10.1975,-16.3708,-0.0673,0.0059,-0.3551,2.42081,23.0,24.0,27.0,23.0,27.0,33.0,33.0,28.0,34.0,31.0,35.0,27.0,30.0,34.0,25.0,26.0,28.0,26.0,26.0,21.0,22.0,21.0,21.0,22.0,21.0,22.0,21.0,22.0,21.0,21.0,21.0,22.0,22.0,23.0,20.0,22.0,23.0,21.0,10.0,hold,5,5,22.9456
1787153728.7366,2026-08-19 17:35:28.736,10,c3,1,0,-0.03814,-0.49682,0.03971,-4.1789,10.3268,-16.3216,-0.0729,0.0046,-0.3587,2.42609,24.0,25.0,26.0,23.0,28.0,31.0,33.0,26.0,32.0,30.0,36.0,27.0,30.0,35.0,25.0,22.0,28.0,26.0,23.0,21.0,22.0,21.0,21.0,22.0,21.0,22.0,21.0,22.0,21.0,21.0,21.0,22.0,22.0,23.0,20.0,22.0,23.0,21.0,10.0,hold,5,5,22.8986
1787153728.7867,2026-08-19 17:35:28.786,10,c3,1,0,-0.03815,-0.49681,0.03971,-4.1585,10.1826,-16.3015,-0.0693,0.0036,-0.3527,2.42332,24.0,25.0,25.0,23.0,27.0,32.0,35.0,27.0,31.0,31.0,38.0,28.0,29.0,36.0,25.0,26.0,30.0,29.0,25.0,21.0,22.0,21.0,21.0,22.0,21.0,22.0,21.0,22.0,21.0,21.0,21.0,22.0,22.0,23.0,20.0,22.0,23.0,21.0,10.0,hold,5,5,22.9232
1787153728.8368,2026-08-19 17:35:28.836,10,c3,1,0,-0.03813,-0.49681,0.03972,-4.1836,10.1605,-16.4785,-0.0681,0.0044,-0.36,2.42282,24.0,25.0,25.0,23.0,27.0,32.0,35.0,27.0,31.0,31.0,38.0,28.0,29.0,36.0,25.0,26.0,30.0,29.0,25.0,21.0,22.0,21.0,21.0,22.0,21.0,22.0,21.0,22.0,21.0,21.0,21.0,22.0,22.0,23.0,20.0,22.0,23.0,21.0,10.0,hold,5,5,22.9277
1787153728.8869,2026-08-19 17:35:28.886,10,c3,1,0,-0.03814,-0.49682,0.03972,-3.9955,10.4386,-16.4294,-0.0745,0.0107,-0.3589,2.42685,24.0,23.0,26.0,25.0,26.0,34.0,34.0,25.0,32.0,32.0,35.0,25.0,30.0,36.0,23.0,24.0,30.0,26.0,24.0,21.0,22.0,21.0,21.0,22.0,21.0,22.0,21.0,22.0,21.0,21.0,21.0,22.0,22.0,23.0,20.0,22.0,23.0,21.0,10.0,hold,5,5,22.8919
1787153728.937,2026-08-19 17:35:28.937,10,c3,1,0,-0.03812,-0.49681,0.03972,-4.1594,10.3238,-16.5842,-0.0705,0.0037,-0.3533,2.42307,24.0,23.0,26.0,25.0,26.0,34.0,34.0,25.0,32.0,32.0,35.0,25.0,30.0,36.0,23.0,24.0,30.0,26.0,24.0,21.0,22.0,21.0,21.0,22.0,21.0,22.0,21.0,22.0,21.0,21.0,21.0,22.0,22.0,23.0,20.0,22.0,23.0,21.0,10.0,hold,5,5,22.9255
1787153728.9871,2026-08-19 17:35:28.987,10,c3,1,0,-0.03813,-0.49683,0.03972,-4.1237,10.1291,-16.3931,-0.0632,0.0042,-0.3505,2.42911,25.0,24.0,27.0,23.0,26.0,34.0,34.0,25.0,31.0,33.0,36.0,25.0,28.0,37.0,23.0,24.0,32.0,26.0,24.0,21.0,22.0,21.0,21.0,22.0,21.0,22.0,21.0,22.0,21.0,21.0,21.0,22.0,22.0,23.0,20.0,22.0,23.0,21.0,10.0,hold,5,5,22.8717
1787153729.0373,2026-08-19 17:35:29.037,10,c3,1,0,-0.03814,-0.4968,0.03971,-4.1369,10.654,-16.4273,-0.0772,0.0078,-0.3544,2.43843,25.0,24.0,27.0,23.0,26.0,34.0,34.0,25.0,31.0,33.0,36.0,25.0,28.0,37.0,23.0,24.0,32.0,26.0,24.0,21.0,22.0,21.0,21.0,22.0,21.0,22.0,21.0,22.0,21.0,21.0,21.0,22.0,22.0,23.0,20.0,22.0,23.0,21.0,10.0,hold,5,5,22.7889
1787153729.0874,2026-08-19 17:35:29.087,10,c3,1,0,-0.03813,-0.49681,0.03971,-4.0295,10.4153,-16.4422,-0.0737,0.0077,-0.3616,2.43062,23.0,24.0,28.0,23.0,27.0,35.0,35.0,27.0,31.0,31.0,35.0,27.0,29.0,35.0,23.0,24.0,29.0,26.0,24.0,21.0,22.0,21.0,21.0,22.0,21.0,22.0,21.0,22.0,21.0,21.0,21.0,22.0,22.0,23.0,20.0,22.0,23.0,21.0,10.0,hold,5,5,22.8583
1787153729.1376,2026-08-19 17:35:29.137,10,c3,1,0,-0.03814,-0.49682,0.03971,-4.0808,10.4589,-16.3102,-0.0738,0.0064,-0.3559,2.4412,25.0,25.0,26.0,25.0,28.0,32.0,33.0,27.0,32.0,31.0,37.0,28.0,30.0,36.0,25.0,25.0,30.0,27.0,24.0,21.0,22.0,21.0,21.0,22.0,21.0,22.0,21.0,22.0,21.0,21.0,21.0,22.0,22.0,23.0,20.0,22.0,23.0,21.0,10.0,hold,5,5,22.7642
1787153729.1877,2026-08-19 17:35:29.187,10,c3,1,0,-0.03813,-0.49682,0.03972,-4.1975,10.0084,-16.4863,-0.0673,0.0046,-0.3592,2.43113,25.0,25.0,26.0,25.0,28.0,32.0,33.0,27.0,32.0,31.0,37.0,28.0,30.0,36.0,25.0,25.0,30.0,27.0,24.0,21.0,22.0,21.0,21.0,22.0,21.0,22.0,21.0,22.0,21.0,21.0,21.0,22.0,22.0,23.0,20.0,22.0,23.0,21.0,10.0,hold,5,5,22.8538
1787153729.2378,2026-08-19 17:35:29.237,10,c3,1,0,-0.03813,-0.49683,0.03973,-3.9036,9.8729,-16.2752,-0.0595,0.0082,-0.3494,2.44221,24.0,24.0,28.0,25.0,27.0,34.0,36.0,29.0,31.0,32.0,34.0,29.0,28.0,37.0,22.0,26.0,30.0,25.0,24.0,21.0,22.0,21.0,21.0,22.0,21.0,22.0,21.0,22.0,21.0,21.0,21.0,22.0,22.0,23.0,20.0,22.0,23.0,21.0,10.0,hold,5,5,22.7553
1787153729.288,2026-08-19 17:35:29.287,10,c3,1,0,-0.03813,-0.49681,0.03972,-3.5792,9.9468,-16.4624,-0.0618,0.0215,-0.3514,2.44498,24.0,24.0,28.0,25.0,27.0,34.0,36.0,29.0,31.0,32.0,34.0,29.0,28.0,37.0,22.0,26.0,30.0,25.0,24.0,21.0,22.0,21.0,21.0,22.0,21.0,22.0,21.0,22.0,21.0,21.0,21.0,22.0,22.0,23.0,20.0,22.0,23.0,21.0,10.0,hold,5,5,22.7306
1787153729.3381,2026-08-19 17:35:29.338,10,c3,1,0,-0.03813,-0.49681,0.03972,-3.9667,10.0867,-16.4441,-0.0679,0.0106,-0.3611,2.43868,25.0,24.0,27.0,25.0,26.0,35.0,34.0,27.0,32.0,32.0,36.0,26.0,30.0,36.0,25.0,25.0,30.0,25.0,25.0,21.0,22.0,21.0,21.0,22.0,21.0,22.0,21.0,22.0,21.0,21.0,21.0,22.0,22.0,23.0,20.0,22.0,23.0,21.0,10.0,hold,5,5,22.7866
1787153729.3883,2026-08-19 17:35:29.388,10,c3,1,0,-0.03814,-0.49682,0.03973,-4.3564,10.6039,-16.4464,-0.0791,0.0008,-0.3655,2.44598,24.0,24.0,28.0,23.0,26.0,34.0,33.0,26.0,32.0,30.0,36.0,26.0,30.0,34.0,23.0,26.0,28.0,27.0,25.0,21.0,22.0,21.0,21.0,22.0,21.0,22.0,21.0,22.0,21.0,21.0,21.0,22.0,22.0,23.0,20.0,22.0,23.0,21.0,10.0,hold,5,5,22.7217
1787153729.4384,2026-08-19 17:35:29.438,10,c3,1,0,-0.03814,-0.49682,0.03971,-4.0495,9.9814,-16.54,-0.0624,0.0081,-0.3539,2.4412,24.0,24.0,28.0,23.0,26.0,34.0,33.0,26.0,32.0,30.0,36.0,26.0,30.0,34.0,23.0,26.0,28.0,27.0,25.0,21.0,22.0,21.0,21.0,22.0,21.0,22.0,21.0,22.0,21.0,21.0,21.0,22.0,22.0,23.0,20.0,22.0,23.0,21.0,10.0,hold,5,5,22.7642
1787153729.4885,2026-08-19 17:35:29.488,10,c3,1,0,-0.03812,-0.49683,0.03973,-3.6958,10.2834,-16.4308,-0.0693,0.0151,-0.358,2.449,23.0,25.0,25.0,23.0,28.0,32.0,34.0,25.0,33.0,33.0,37.0,25.0,30.0,36.0,24.0,24.0,30.0,25.0,26.0,21.0,22.0,21.0,21.0,22.0,21.0,22.0,21.0,22.0,21.0,21.0,21.0,22.0,22.0,23.0,20.0,22.0,23.0,21.0,10.0,hold,5,5,22.6948
1787153729.5386,2026-08-19 17:35:29.538,10,c3,1,0,-0.03814,-0.49682,0.03973,-4.1856,10.3399,-16.3496,-0.072,0.0037,-0.3566,2.44523,23.0,25.0,25.0,23.0,28.0,32.0,34.0,25.0,33.0,33.0,37.0,25.0,30.0,36.0,24.0,24.0,30.0,25.0,26.0,21.0,22.0,21.0,21.0,22.0,21.0,22.0,21.0,22.0,21.0,21.0,21.0,22.0,22.0,23.0,20.0,22.0,23.0,21.0,10.0,hold,5,5,22.7284
1787153729.5887,2026-08-19 17:35:29.588,10,c3,1,0,-0.03815,-0.49682,0.03973,-4.179,10.3748,-16.5201,-0.0717,0.0054,-0.36,2.44825,23.0,26.0,29.0,21.0,28.0,34.0,33.0,27.0,32.0,31.0,36.0,26.0,29.0,35.0,25.0,26.0,30.0,26.0,25.0,21.0,22.0,21.0,21.0,22.0,21.0,22.0,21.0,22.0,21.0,21.0,21.0,22.0,22.0,23.0,20.0,22.0,23.0,21.0,10.0,hold,5,5,22.7015
1787153729.6388,2026-08-19 17:35:29.638,10,c3,1,0,-0.03813,-0.49683,0.03973,-3.9714,10.1181,-16.2931,-0.0642,0.0125,-0.3555,2.44472,23.0,26.0,27.0,24.0,28.0,33.0,34.0,28.0,33.0,31.0,36.0,28.0,30.0,35.0,25.0,26.0,30.0,27.0,24.0,21.0,22.0,21.0,21.0,22.0,21.0,22.0,21.0,22.0,21.0,21.0,21.0,22.0,22.0,23.0,20.0,22.0,23.0,21.0,10.0,hold,5,5,22.7329
1787153729.6889,2026-08-19 17:35:29.688,10,c3,1,0,-0.03813,-0.49682,0.03972,-4.107,10.3921,-16.2535,-0.0701,0.0104,-0.3591,2.45052,23.0,26.0,27.0,24.0,28.0,33.0,34.0,28.0,33.0,31.0,36.0,28.0,30.0,35.0,25.0,26.0,30.0,27.0,24.0,21.0,22.0,21.0,21.0,22.0,21.0,22.0,21.0,22.0,21.0,21.0,21.0,22.0,22.0,23.0,20.0,22.0,23.0,21.0,10.0,hold,5,5,22.6813
1787153729.739,2026-08-19 17:35:29.738,10,c3,1,0,-0.03814,-0.49683,0.03973,-4.0487,10.1398,-16.5275,-0.0671,0.0069,-0.3585,2.44598,25.0,25.0,26.0,24.0,29.0,33.0,35.0,27.0,33.0,32.0,37.0,27.0,30.0,36.0,24.0,24.0,31.0,27.0,24.0,21.0,22.0,21.0,21.0,22.0,21.0,22.0,21.0,22.0,21.0,21.0,21.0,22.0,22.0,23.0,20.0,22.0,23.0,21.0,10.0,hold,5,5,22.7217
1787153729.789,2026-08-19 17:35:29.789,10,c3,1,0,-0.03815,-0.49682,0.03972,-3.9327,10.1572,-16.4294,-0.0662,0.0073,-0.3467,2.44271,25.0,25.0,26.0,24.0,29.0,33.0,35.0,27.0,33.0,32.0,37.0,27.0,30.0,36.0,24.0,24.0,31.0,27.0,24.0,21.0,22.0,21.0,21.0,22.0,21.0,22.0,21.0,22.0,21.0,21.0,21.0,22.0,22.0,23.0,20.0,22.0,23.0,21.0,10.0,hold,5,5,22.7508
1787153729.8391,2026-08-19 17:35:29.839,10,c3,1,0,-0.03813,-0.49682,0.03972,-3.9758,10.3325,-16.5058,-0.0706,0.0088,-0.3536,2.45505,24.0,25.0,28.0,24.0,28.0,34.0,34.0,27.0,33.0,30.0,36.0,28.0,31.0,34.0,24.0,24.0,27.0,27.0,24.0,21.0,22.0,21.0,21.0,22.0,21.0,22.0,21.0,22.0,21.0,21.0,21.0,22.0,22.0,23.0,20.0,22.0,23.0,21.0,10.0,hold,5,5,22.641
1787153729.8893,2026-08-19 17:35:29.889,10,c3,1,0,-0.03813,-0.49682,0.03973,-3.7243,9.9107,-16.491,-0.0578,0.0196,-0.3526,2.44875,25.0,26.0,28.0,25.0,28.0,33.0,34.0,25.0,33.0,32.0,36.0,26.0,31.0,36.0,23.0,23.0,29.0,27.0,23.0,21.0,22.0,21.0,21.0,22.0,21.0,22.0,21.0,22.0,21.0,21.0,21.0,22.0,22.0,23.0,20.0,22.0,23.0,21.0,10.0,hold,5,5,22.697
1787153729.9394,2026-08-19 17:35:29.939,10,c3,1,0,-0.03814,-0.49682,0.03973,-3.8444,10.321,-16.532,-0.0724,0.0132,-0.349,2.45479,25.0,26.0,28.0,25.0,28.0,33.0,34.0,25.0,33.0,32.0,36.0,26.0,31.0,36.0,23.0,23.0,29.0,27.0,23.0,21.0,22.0,21.0,21.0,22.0,21.0,22.0,21.0,22.0,21.0,21.0,21.0,22.0,22.0,23.0,20.0,22.0,23.0,21.0,10.0,hold,5,5,22.6433
1787153729.9895,2026-08-19 17:35:29.989,10,c3,1,0,-0.03813,-0.49681,0.03972,-4.0062,9.9537,-16.6036,-0.0609,0.011,-0.3555,2.45102,23.0,25.0,27.0,23.0,28.0,34.0,35.0,27.0,32.0,33.0,33.0,27.0,29.0,35.0,23.0,25.0,30.0,26.0,26.0,21.0,22.0,21.0,21.0,22.0,21.0,22.0,21.0,22.0,21.0,21.0,21.0,22.0,22.0,23.0,20.0,22.0,23.0,21.0,10.0,hold,5,5,22.6769
1787153730.0397,2026-08-19 17:35:30.039,10,c3,1,0,-0.03815,-0.49682,0.03973,-3.9291,10.2068,-16.4975,-0.0694,0.0099,-0.3572,2.45303,23.0,25.0,27.0,23.0,28.0,34.0,35.0,27.0,32.0,33.0,33.0,27.0,29.0,35.0,23.0,25.0,30.0,26.0,26.0,21.0,22.0,21.0,21.0,22.0,21.0,22.0,21.0,22.0,21.0,21.0,21.0,22.0,22.0,23.0,20.0,22.0,23.0,21.0,10.0,hold,5,5,22.6589
1787153730.0898,2026-08-19 17:35:30.089,10,c3,1,0,-0.03814,-0.49682,0.03972,-4.0074,10.6596,-16.5593,-0.0785,0.0073,-0.3513,2.45026,25.0,24.0,27.0,23.0,26.0,33.0,33.0,27.0,32.0,32.0,34.0,27.0,30.0,35.0,23.0,25.0,29.0,25.0,25.0,21.0,22.0,21.0,21.0,22.0,21.0,22.0,21.0,22.0,21.0,21.0,21.0,22.0,22.0,23.0,20.0,22.0,23.0,21.0,10.0,hold,5,5,22.6836
1787153730.14,2026-08-19 17:35:30.139,10,c3,1,0,-0.03814,-0.49681,0.03971,-4.0106,10.5579,-16.8017,-0.0784,0.0083,-0.3489,2.45479,25.0,24.0,27.0,23.0,26.0,33.0,33.0,27.0,32.0,32.0,34.0,27.0,30.0,35.0,23.0,25.0,29.0,25.0,25.0,21.0,22.0,21.0,21.0,22.0,21.0,22.0,21.0,22.0,21.0,21.0,21.0,22.0,22.0,23.0,20.0,22.0,23.0,21.0,10.0,hold,5,5,22.6433
1787153730.1901,2026-08-19 17:35:30.190,10,c3,1,0,-0.03813,-0.49681,0.03971,-3.5539,9.8846,-16.6832,-0.0604,0.0188,-0.3494,2.45756,23.0,24.0,25.0,23.0,27.0,32.0,35.0,25.0,32.0,32.0,36.0,26.0,29.0,34.0,25.0,25.0,28.0,26.0,25.0,21.0,22.0,21.0,21.0,22.0,21.0,22.0,21.0,22.0,21.0,21.0,21.0,22.0,22.0,23.0,20.0,22.0,23.0,21.0,10.0,hold,5,5,22.6186
1787153730.2402,2026-08-19 17:35:30.240,10,c3,1,0,-0.03815,-0.49682,0.03972,-3.7627,10.3115,-16.6983,-0.0688,0.016,-0.3537,2.45253,22.0,25.0,26.0,22.0,27.0,34.0,34.0,27.0,31.0,32.0,37.0,28.0,30.0,37.0,25.0,25.0,29.0,26.0,24.0,21.0,22.0,21.0,21.0,22.0,21.0,22.0,21.0,22.0,21.0,21.0,21.0,22.0,22.0,23.0,20.0,22.0,23.0,21.0,10.0,hold,5,5,22.6634
1787153730.2903,2026-08-19 17:35:30.290,10,c3,1,0,-0.03814,-0.49681,0.03972,-3.9387,9.8969,-16.9248,-0.0636,0.013,-0.3502,2.46184,22.0,25.0,26.0,22.0,27.0,34.0,34.0,27.0,31.0,32.0,37.0,28.0,30.0,37.0,25.0,25.0,29.0,26.0,24.0,21.0,22.0,21.0,21.0,22.0,21.0,22.0,21.0,22.0,21.0,21.0,21.0,22.0,22.0,23.0,20.0,22.0,23.0,21.0,10.0,hold,5,5,22.5805
1787153730.3405,2026-08-19 17:35:30.340,10,c3,1,0,-0.03813,-0.49682,0.03972,-3.8456,9.7675,-16.688,-0.0573,0.0128,-0.3507,2.45152,25.0,26.0,28.0,24.0,27.0,33.0,34.0,26.0,33.0,32.0,34.0,26.0,29.0,36.0,23.0,25.0,31.0,26.0,25.0,21.0,22.0,21.0,21.0,22.0,21.0,22.0,21.0,22.0,21.0,21.0,21.0,22.0,22.0,23.0,20.0,22.0,23.0,21.0,10.0,hold,5,5,22.6724
1787153730.3906,2026-08-19 17:35:30.390,10,c3,1,0,-0.03815,-0.49682,0.03973,-3.9323,10.5298,-16.7527,-0.0724,0.01,-0.3584,2.45857,25.0,26.0,28.0,24.0,27.0,33.0,34.0,26.0,33.0,32.0,34.0,26.0,29.0,36.0,23.0,25.0,31.0,26.0,25.0,21.0,22.0,21.0,21.0,22.0,21.0,22.0,21.0,22.0,21.0,21.0,21.0,22.0,22.0,23.0,20.0,22.0,23.0,21.0,10.0,hold,5,5,22.6097
1787153730.4408,2026-08-19 17:35:30.440,10,c3,1,0,-0.03814,-0.49682,0.03973,-4.0898,10.1273,-16.6458,-0.0657,0.0082,-0.3528,2.45706,23.0,25.0,26.0,24.0,28.0,32.0,34.0,28.0,33.0,33.0,34.0,26.0,31.0,35.0,23.0,25.0,29.0,25.0,24.0,21.0,22.0,21.0,21.0,22.0,21.0,22.0,21.0,22.0,21.0,21.0,21.0,22.0,22.0,23.0,20.0,22.0,23.0,21.0,10.0,hold,5,5,22.6231
1787153730.4909,2026-08-19 17:35:30.490,10,c3,1,0,-0.03814,-0.49681,0.03971,-4.0061,10.0811,-16.6154,-0.0645,0.0086,-0.3503,2.45404,26.0,26.0,29.0,24.0,27.0,34.0,32.0,26.0,33.0,31.0,34.0,27.0,29.0,35.0,24.0,24.0,29.0,24.0,23.0,21.0,22.0,21.0,21.0,22.0,21.0,22.0,21.0,22.0,21.0,21.0,21.0,22.0,22.0,23.0,20.0,22.0,23.0,21.0,10.0,hold,5,5,22.65
1787153730.5411,2026-08-19 17:35:30.541,10,c3,1,0,-0.03811,-0.49682,0.0397,-4.358,10.0814,-16.6684,-0.0632,0.0008,-0.3665,2.45605,26.0,26.0,29.0,24.0,27.0,34.0,32.0,26.0,33.0,31.0,34.0,27.0,29.0,35.0,24.0,24.0,29.0,24.0,23.0,21.0,22.0,21.0,21.0,22.0,21.0,22.0,21.0,22.0,21.0,21.0,21.0,22.0,22.0,23.0,20.0,22.0,23.0,21.0,10.0,hold,5,5,22.6321
1787153730.5912,2026-08-19 17:35:30.591,10,c3,1,0,-0.03814,-0.49681,0.03972,-3.8031,10.0292,-16.7539,-0.0629,0.0143,-0.3555,2.45505,23.0,25.0,27.0,23.0,28.0,33.0,34.0,29.0,32.0,30.0,35.0,28.0,29.0,34.0,24.0,27.0,27.0,25.0,26.0,21.0,22.0,21.0,21.0,22.0,21.0,22.0,21.0,22.0,21.0,21.0,21.0,22.0,22.0,23.0,20.0,22.0,23.0,21.0,10.0,hold,5,5,22.641
1787153730.6412,2026-08-19 17:35:30.641,10,c3,1,0,-0.03814,-0.49682,0.03973,-4.0692,10.2931,-16.6486,-0.0703,0.0053,-0.3561,2.4626,23.0,25.0,27.0,23.0,28.0,33.0,34.0,29.0,32.0,30.0,35.0,28.0,29.0,34.0,24.0,27.0,27.0,25.0,26.0,21.0,22.0,21.0,21.0,22.0,21.0,22.0,21.0,22.0,21.0,21.0,21.0,22.0,22.0,23.0,20.0,22.0,23.0,21.0,10.0,hold,5,5,22.5738
1787153730.6913,2026-08-19 17:35:30.691,10,c3,1,0,-0.03813,-0.49681,0.03972,-3.9263,10.4578,-16.8229,-0.0749,0.0085,-0.3581,2.45782,25.0,25.0,26.0,24.0,27.0,32.0,32.0,26.0,32.0,32.0,36.0,26.0,29.0,36.0,25.0,26.0,30.0,27.0,24.0,21.0,22.0,21.0,21.0,22.0,21.0,22.0,21.0,22.0,21.0,21.0,21.0,22.0,22.0,23.0,20.0,22.0,23.0,21.0,10.0,hold,5,5,22.6164
1787153730.7414,2026-08-19 17:35:30.741,10,c3,1,0,-0.03814,-0.49682,0.03971,-4.0162,10.203,-16.4995,-0.065,0.0077,-0.3523,2.45857,22.0,25.0,27.0,24.0,26.0,34.0,35.0,28.0,31.0,33.0,37.0,26.0,29.0,36.0,25.0,24.0,30.0,26.0,24.0,21.0,22.0,21.0,21.0,22.0,21.0,22.0,21.0,22.0,21.0,21.0,21.0,22.0,22.0,23.0,20.0,22.0,23.0,21.0,10.0,hold,5,5,22.6097
1787153730.7915,2026-08-19 17:35:30.791,10,c3,1,0,-0.03812,-0.49681,0.0397,-4.1643,10.2367,-16.5633,-0.069,0.0042,-0.3575,2.46134,22.0,25.0,27.0,24.0,26.0,34.0,35.0,28.0,31.0,33.0,37.0,26.0,29.0,36.0,25.0,24.0,30.0,26.0,24.0,21.0,22.0,21.0,21.0,22.0,21.0,22.0,21.0,22.0,21.0,21.0,21.0,22.0,22.0,23.0,20.0,22.0,23.0,21.0,10.0,hold,5,5,22.585
1787153730.8416,2026-08-19 17:35:30.841,10,c3,1,0,-0.03813,-0.49682,0.03972,-4.1249,10.37,-16.5108,-0.0717,0.0076,-0.3606,2.45555,26.0,24.0,27.0,24.0,26.0,33.0,35.0,27.0,32.0,32.0,36.0,28.0,30.0,37.0,24.0,25.0,29.0,26.0,25.0,21.0,22.0,21.0,21.0,22.0,21.0,22.0,21.0,22.0,21.0,21.0,21.0,22.0,22.0,23.0,20.0,22.0,23.0,21.0,10.0,hold,5,5,22.6365
1787153730.8918,2026-08-19 17:35:30.891,10,c3,1,0,-0.03814,-0.49682,0.03971,-3.765,9.9447,-16.583,-0.064,0.0154,-0.3556,2.46386,26.0,24.0,27.0,24.0,26.0,33.0,35.0,27.0,32.0,32.0,36.0,28.0,30.0,37.0,24.0,25.0,29.0,26.0,25.0,21.0,22.0,21.0,21.0,22.0,21.0,22.0,21.0,22.0,21.0,21.0,21.0,22.0,22.0,23.0,20.0,22.0,23.0,21.0,10.0,hold,5,5,22.5626
1787153730.9419,2026-08-19 17:35:30.941,10,c3,1,0,-0.03814,-0.49681,0.03971,-3.8089,9.9039,-16.5837,-0.0615,0.0152,-0.3556,2.45756,25.0,24.0,27.0,25.0,28.0,33.0,34.0,27.0,32.0,31.0,36.0,28.0,30.0,37.0,24.0,25.0,30.0,26.0,25.0,21.0,22.0,21.0,21.0,22.0,21.0,22.0,21.0,22.0,21.0,21.0,21.0,22.0,22.0,23.0,20.0,22.0,23.0,21.0,10.0,hold,5,5,22.6186
1787153730.9919,2026-08-19 17:35:30.991,10,c3,1,0,-0.03815,-0.49682,0.03972,-4.2855,10.3873,-16.6463,-0.0723,0.0062,-0.3622,2.46336,24.0,24.0,27.0,25.0,27.0,34.0,34.0,29.0,32.0,31.0,35.0,27.0,30.0,37.0,25.0,25.0,30.0,27.0,25.0,21.0,22.0,21.0,21.0,22.0,21.0,22.0,21.0,22.0,21.0,21.0,21.0,22.0,22.0,23.0,20.0,22.0,23.0,21.0,10.0,hold,5,5,22.5671
1787153731.042,2026-08-19 17:35:31.041,10,c3,1,0,-0.03814,-0.49681,0.03971,-3.8997,10.3172,-16.6721,-0.0709,0.0102,-0.3513,2.46184,24.0,24.0,27.0,25.0,27.0,34.0,34.0,29.0,32.0,31.0,35.0,27.0,30.0,37.0,25.0,25.0,30.0,27.0,25.0,21.0,22.0,21.0,21.0,22.0,21.0,22.0,21.0,22.0,21.0,21.0,21.0,22.0,22.0,23.0,20.0,22.0,23.0,21.0,10.0,hold,5,5,22.5805
1787153731.0921,2026-08-19 17:35:31.092,10,c3,1,0,-0.03814,-0.49681,0.03972,-4.1435,10.0625,-16.7216,-0.0644,0.0043,-0.3561,2.46688,25.0,24.0,28.0,25.0,27.0,34.0,35.0,28.0,30.0,32.0,36.0,28.0,29.0,36.0,24.0,27.0,30.0,27.0,25.0,21.0,22.0,21.0,21.0,22.0,21.0,22.0,21.0,22.0,21.0,21.0,21.0,22.0,22.0,23.0,20.0,22.0,23.0,21.0,10.0,hold,5,5,22.5357
1787153731.1423,2026-08-19 17:35:31.142,10,c3,1,0,-0.03816,-0.49682,0.03972,-3.6529,10.3435,-16.6139,-0.0733,0.0172,-0.3602,2.46184,25.0,24.0,28.0,25.0,27.0,34.0,35.0,28.0,30.0,32.0,36.0,28.0,29.0,36.0,24.0,27.0,30.0,27.0,25.0,21.0,22.0,21.0,21.0,22.0,21.0,22.0,21.0,22.0,21.0,21.0,21.0,22.0,22.0,23.0,20.0,22.0,23.0,21.0,10.0,hold,5,5,22.5805
1787153731.1924,2026-08-19 17:35:31.192,10,c3,1,0,-0.03812,-0.49682,0.03972,-4.1534,10.0186,-16.556,-0.0672,0.0034,-0.3582,2.46864,25.0,23.0,29.0,24.0,24.0,33.0,35.0,26.0,31.0,33.0,37.0,26.0,31.0,36.0,24.0,24.0,29.0,26.0,23.0,21.0,22.0,21.0,21.0,22.0,21.0,22.0,21.0,22.0,21.0,21.0,21.0,22.0,22.0,23.0,20.0,22.0,23.0,21.0,10.0,hold,5,5,22.5201
1787153731.2425,2026-08-19 17:35:31.242,10,c3,1,0,-0.03815,-0.49682,0.03972,-4.1574,10.272,-16.5688,-0.0689,0.0068,-0.3594,2.46285,25.0,23.0,29.0,24.0,24.0,33.0,35.0,26.0,31.0,33.0,37.0,26.0,31.0,36.0,24.0,24.0,29.0,26.0,23.0,21.0,22.0,21.0,21.0,22.0,21.0,22.0,21.0,22.0,21.0,21.0,21.0,22.0,22.0,23.0,20.0,22.0,23.0,21.0,10.0,hold,5,5,22.5716
1787153731.2926,2026-08-19 17:35:31.292,10,c3,1,0,-0.03814,-0.49682,0.03973,-4.1356,10.3569,-16.8826,-0.0697,0.0065,-0.3449,2.46512,24.0,24.0,28.0,23.0,28.0,34.0,34.0,26.0,33.0,31.0,35.0,26.0,30.0,35.0,24.0,23.0,29.0,26.0,23.0,21.0,22.0,21.0,21.0,22.0,21.0,22.0,21.0,22.0,21.0,21.0,21.0,22.0,22.0,23.0,20.0,22.0,23.0,21.0,10.0,hold,5,5,22.5514
1787153731.3428,2026-08-19 17:35:31.342,10,c3,1,0,-0.03814,-0.49681,0.03971,-4.2441,10.2732,-16.4706,-0.0707,0.006,-0.3582,2.46084,23.0,25.0,26.0,23.0,27.0,33.0,35.0,26.0,31.0,32.0,35.0,26.0,29.0,35.0,23.0,25.0,29.0,25.0,26.0,21.0,22.0,21.0,21.0,22.0,21.0,22.0,21.0,22.0,21.0,21.0,21.0,22.0,22.0,23.0,20.0,22.0,23.0,21.0,10.0,hold,5,5,22.5895
1787153731.3929,2026-08-19 17:35:31.392,10,c3,1,0,-0.03814,-0.49683,0.03972,-3.9757,10.0912,-16.4669,-0.067,0.0096,-0.3573,2.4631,23.0,25.0,26.0,23.0,27.0,33.0,35.0,26.0,31.0,32.0,35.0,26.0,29.0,35.0,23.0,25.0,29.0,25.0,26.0,21.0,22.0,21.0,21.0,22.0,21.0,22.0,21.0,22.0,21.0,21.0,21.0,22.0,22.0,23.0,20.0,22.0,23.0,21.0,10.0,hold,5,5,22.5693
1787153731.443,2026-08-19 17:35:31.443,10,c3,1,0,-0.03814,-0.49682,0.03972,-3.92,10.0101,-16.783,-0.0624,0.0085,-0.3495,2.46789,26.0,23.0,27.0,26.0,26.0,33.0,32.0,27.0,31.0,33.0,36.0,27.0,30.0,35.0,24.0,25.0,29.0,27.0,23.0,21.0,22.0,21.0,21.0,22.0,21.0,22.0,21.0,22.0,21.0,21.0,21.0,22.0,22.0,23.0,20.0,22.0,23.0,21.0,10.0,hold,5,5,22.5268
1787153731.4931,2026-08-19 17:35:31.493,10,c3,1,0,-0.03813,-0.49682,0.03971,-4.1204,9.9647,-16.7386,-0.0617,0.0061,-0.3547,2.45605,26.0,23.0,27.0,26.0,26.0,33.0,32.0,27.0,31.0,33.0,36.0,27.0,30.0,35.0,24.0,25.0,29.0,27.0,23.0,21.0,22.0,21.0,21.0,22.0,21.0,22.0,21.0,22.0,21.0,21.0,21.0,22.0,22.0,23.0,20.0,22.0,23.0,21.0,10.0,hold,5,5,22.6321
1787153731.5433,2026-08-19 17:35:31.543,10,c3,1,0,-0.03813,-0.49681,0.03971,-4.0086,10.1858,-16.8188,-0.0674,0.0097,-0.3591,2.4694,25.0,24.0,25.0,24.0,26.0,31.0,35.0,28.0,31.0,32.0,35.0,27.0,28.0,36.0,24.0,25.0,29.0,27.0,25.0,21.0,22.0,21.0,21.0,22.0,21.0,22.0,21.0,22.0,21.0,21.0,21.0,22.0,22.0,23.0,20.0,22.0,23.0,21.0,10.0,hold,5,5,22.5134
1787153731.5934,2026-08-19 17:35:31.593,10,c3,1,0,-0.03813,-0.49682,0.03972,-3.9213,10.2069,-16.599,-0.0698,0.0097,-0.3488,2.46235,25.0,24.0,28.0,24.0,27.0,33.0,32.0,25.0,31.0,32.0,34.0,25.0,29.0,36.0,24.0,23.0,29.0,26.0,23.0,21.0,22.0,21.0,21.0,22.0,21.0,22.0,21.0,22.0,21.0,21.0,21.0,22.0,22.0,23.0,20.0,22.0,23.0,21.0,10.0,hold,5,5,22.5761
1787153731.6435,2026-08-19 17:35:31.643,10,c3,1,0,-0.03813,-0.49682,0.03972,-4.3737,10.3467,-16.5324,-0.0699,-0.0018,-0.3599,2.46915,25.0,24.0,28.0,24.0,27.0,33.0,32.0,25.0,31.0,32.0,34.0,25.0,29.0,36.0,24.0,23.0,29.0,26.0,23.0,21.0,22.0,21.0,21.0,22.0,21.0,22.0,21.0,22.0,21.0,21.0,21.0,22.0,22.0,23.0,20.0,22.0,23.0,21.0,10.0,hold,5,5,22.5156
1787153731.6936,2026-08-19 17:35:31.693,10,c3,1,0,-0.03815,-0.49681,0.03971,-3.7552,10.2036,-16.701,-0.0672,0.012,-0.3507,2.46235,22.0,24.0,28.0,21.0,26.0,34.0,33.0,28.0,31.0,31.0,38.0,27.0,27.0,35.0,23.0,25.0,28.0,26.0,25.0,21.0,22.0,21.0,21.0,22.0,21.0,22.0,21.0,22.0,21.0,21.0,21.0,22.0,22.0,23.0,20.0,22.0,23.0,21.0,10.0,hold,5,5,22.5761
1787153731.7437,2026-08-19 17:35:31.743,10,c3,1,0,-0.03814,-0.49682,0.03972,-4.0628,9.7848,-16.6867,-0.0555,0.0041,-0.3562,2.46587,22.0,24.0,28.0,21.0,26.0,34.0,33.0,28.0,31.0,31.0,38.0,27.0,27.0,35.0,23.0,25.0,28.0,26.0,25.0,21.0,22.0,21.0,21.0,22.0,21.0,22.0,21.0,22.0,21.0,21.0,21.0,22.0,22.0,23.0,20.0,22.0,23.0,21.0,10.0,hold,5,5,22.5447
1787153731.7938,2026-08-19 17:35:31.793,10,c3,1,0,-0.03815,-0.49683,0.03972,-4.1678,10.1851,-16.4059,-0.0673,0.0038,-0.3542,2.4699,24.0,24.0,25.0,23.0,25.0,31.0,36.0,27.0,30.0,32.0,35.0,28.0,30.0,35.0,23.0,26.0,29.0,25.0,26.0,21.0,22.0,21.0,21.0,22.0,21.0,22.0,21.0,22.0,21.0,21.0,21.0,22.0,22.0,23.0,20.0,22.0,23.0,21.0,10.0,hold,5,5,22.5089
1787153731.8439,2026-08-19 17:35:31.843,10,c3,1,0,-0.03815,-0.49683,0.03973,-3.9657,10.2373,-16.7358,-0.0692,0.013,-0.3589,2.47066,25.0,23.0,25.0,25.0,26.0,33.0,34.0,28.0,31.0,33.0,36.0,27.0,29.0,36.0,24.0,23.0,29.0,25.0,25.0,21.0,22.0,21.0,21.0,22.0,21.0,22.0,21.0,22.0,21.0,21.0,21.0,22.0,22.0,23.0,20.0,22.0,23.0,21.0,10.0,hold,5,5,22.5022
1787153731.8941,2026-08-19 17:35:31.894,10,c3,1,0,-0.03815,-0.49681,0.03973,-3.8846,10.5186,-16.7505,-0.0746,0.0091,-0.3552,2.46587,25.0,23.0,25.0,25.0,26.0,33.0,34.0,28.0,31.0,33.0,36.0,27.0,29.0,36.0,24.0,23.0,29.0,25.0,25.0,21.0,22.0,21.0,21.0,22.0,21.0,22.0,21.0,22.0,21.0,21.0,21.0,22.0,22.0,23.0,20.0,22.0,23.0,21.0,10.0,hold,5,5,22.5447
1787153731.9443,2026-08-19 17:35:31.944,10,c3,1,0,-0.03814,-0.49682,0.03971,-3.9537,9.9824,-16.6117,-0.0641,0.0122,-0.3538,2.47091,24.0,24.0,28.0,24.0,25.0,33.0,34.0,27.0,31.0,31.0,36.0,27.0,29.0,36.0,22.0,25.0,30.0,25.0,24.0,21.0,22.0,21.0,21.0,22.0,21.0,22.0,21.0,22.0,21.0,21.0,21.0,22.0,22.0,23.0,20.0,22.0,23.0,21.0,10.0,hold,5,5,22.4999
1787153731.9944,2026-08-19 17:35:31.994,10,c3,1,0,-0.03813,-0.49682,0.03973,-4.2181,10.0637,-16.5302,-0.0643,0.006,-0.3566,2.47368,24.0,24.0,28.0,24.0,25.0,33.0,34.0,27.0,31.0,31.0,36.0,27.0,29.0,36.0,22.0,25.0,30.0,25.0,24.0,21.0,22.0,21.0,21.0,22.0,21.0,22.0,21.0,22.0,21.0,21.0,21.0,22.0,22.0,23.0,20.0,22.0,23.0,21.0,10.0,hold,5,5,22.4753
1787153732.0446,2026-08-19 17:35:32.044,10,c3,1,0,-0.03814,-0.49682,0.03972,-3.9932,9.989,-16.5098,-0.0621,0.0097,-0.3551,2.4694,24.0,24.0,27.0,23.0,26.0,33.0,33.0,28.0,32.0,32.0,36.0,28.0,31.0,35.0,25.0,26.0,30.0,27.0,25.0,21.0,22.0,21.0,21.0,22.0,21.0,22.0,21.0,22.0,21.0,21.0,21.0,22.0,22.0,23.0,20.0,22.0,23.0,21.0,10.0,hold,5,5,22.5134
1787153732.0947,2026-08-19 17:35:32.094,10,c3,1,0,-0.03815,-0.49682,0.03972,-4.3248,10.1076,-16.5402,-0.0667,0.0005,-0.3554,2.47041,25.0,25.0,27.0,25.0,27.0,33.0,34.0,26.0,34.0,31.0,36.0,26.0,30.0,34.0,25.0,26.0,27.0,27.0,25.0,21.0,22.0,21.0,21.0,22.0,21.0,22.0,21.0,22.0,21.0,21.0,21.0,22.0,22.0,23.0,20.0,22.0,23.0,21.0,10.0,hold,5,5,22.5044
1787153732.1448,2026-08-19 17:35:32.144,10,c3,1,0,-0.03815,-0.49681,0.03972,-4.1032,10.0258,-16.5716,-0.0647,0.0037,-0.3567,2.47242,25.0,25.0,27.0,25.0,27.0,33.0,34.0,26.0,34.0,31.0,36.0,26.0,30.0,34.0,25.0,26.0,27.0,27.0,25.0,21.0,22.0,21.0,21.0,22.0,21.0,22.0,21.0,22.0,21.0,21.0,21.0,22.0,22.0,23.0,20.0,22.0,23.0,21.0,10.0,hold,5,5,22.4865
1787153732.1949,2026-08-19 17:35:32.194,10,c3,1,0,-0.03811,-0.49682,0.03972,-3.6471,10.0859,-16.8119,-0.0663,0.0154,-0.3508,2.46965,23.0,25.0,27.0,23.0,28.0,31.0,36.0,27.0,31.0,33.0,36.0,27.0,28.0,36.0,25.0,23.0,29.0,29.0,24.0,21.0,22.0,21.0,21.0,22.0,21.0,22.0,21.0,22.0,21.0,21.0,21.0,22.0,22.0,23.0,20.0,22.0,23.0,21.0,10.0,hold,5,5,22.5111
1787153732.245,2026-08-19 17:35:32.244,10,c3,1,0,-0.03814,-0.49681,0.03972,-3.6777,10.1535,-16.5938,-0.0664,0.0157,-0.3518,2.47015,23.0,25.0,27.0,23.0,28.0,31.0,36.0,27.0,31.0,33.0,36.0,27.0,28.0,36.0,25.0,23.0,29.0,29.0,24.0,21.0,22.0,21.0,21.0,22.0,21.0,22.0,21.0,22.0,21.0,21.0,21.0,22.0,22.0,23.0,20.0,22.0,23.0,21.0,10.0,hold,5,5,22.5066
1787153732.2951,2026-08-19 17:35:32.295,10,c3,1,0,-0.03813,-0.49683,0.03972,-4.1088,10.1289,-16.5588,-0.0654,0.0038,-0.3537,2.46487,22.0,23.0,28.0,23.0,24.0,32.0,34.0,30.0,32.0,31.0,37.0,28.0,29.0,34.0,25.0,27.0,28.0,27.0,27.0,21.0,22.0,21.0,21.0,22.0,21.0,22.0,21.0,22.0,21.0,21.0,21.0,22.0,22.0,23.0,20.0,22.0,23.0,21.0,10.0,hold,5,5,22.5537
1787153732.3452,2026-08-19 17:35:32.345,10,c3,1,0,-0.03815,-0.49682,0.03973,-4.0012,10.2649,-16.4571,-0.0657,0.0104,-0.3511,2.4699,22.0,23.0,28.0,23.0,24.0,32.0,34.0,30.0,32.0,31.0,37.0,28.0,29.0,34.0,25.0,27.0,28.0,27.0,27.0,21.0,22.0,21.0,21.0,22.0,21.0,22.0,21.0,22.0,21.0,21.0,21.0,22.0,22.0,23.0,20.0,22.0,23.0,21.0,10.0,hold,5,5,22.5089
1787153732.3953,2026-08-19 17:35:32.395,10,c3,1,0,-0.03813,-0.49683,0.03972,-3.751,10.1575,-16.824,-0.0679,0.0159,-0.3534,2.46915,25.0,25.0,27.0,24.0,27.0,31.0,34.0,28.0,32.0,33.0,35.0,28.0,29.0,36.0,24.0,26.0,29.0,26.0,25.0,21.0,22.0,21.0,21.0,22.0,21.0,22.0,21.0,22.0,21.0,21.0,21.0,22.0,22.0,23.0,20.0,22.0,23.0,21.0,10.0,hold,5,5,22.5156
1787153732.4455,2026-08-19 17:35:32.445,10,c3,1,0,-0.03816,-0.49681,0.03972,-4.4084,10.3473,-16.6264,-0.0685,-0.0016,-0.3595,2.47443,25.0,25.0,26.0,26.0,27.0,34.0,34.0,27.0,29.0,31.0,36.0,27.0,28.0,35.0,23.0,25.0,29.0,26.0,23.0,21.0,22.0,21.0,21.0,22.0,21.0,22.0,21.0,22.0,21.0,21.0,21.0,22.0,22.0,23.0,20.0,22.0,23.0,21.0,10.0,hold,5,5,22.4686
1787153732.4956,2026-08-19 17:35:32.495,10,c3,1,0,-0.03813,-0.49682,0.03973,-3.8265,10.344,-16.741,-0.069,0.014,-0.353,2.46461,25.0,25.0,26.0,26.0,27.0,34.0,34.0,27.0,29.0,31.0,36.0,27.0,28.0,35.0,23.0,25.0,29.0,26.0,23.0,21.0,22.0,21.0,21.0,22.0,21.0,22.0,21.0,22.0,21.0,21.0,21.0,22.0,22.0,23.0,20.0,22.0,23.0,21.0,10.0,hold,5,5,22.5559
1787153732.5458,2026-08-19 17:35:32.545,10,c3,1,0,-0.03815,-0.49681,0.03972,-3.6606,10.2973,-16.6045,-0.0706,0.019,-0.3512,2.47418,23.0,23.0,26.0,23.0,26.0,32.0,34.0,25.0,31.0,30.0,38.0,26.0,28.0,33.0,24.0,23.0,27.0,26.0,24.0,21.0,22.0,21.0,21.0,22.0,21.0,22.0,21.0,22.0,21.0,21.0,21.0,22.0,22.0,23.0,20.0,22.0,23.0,21.0,10.0,hold,5,5,22.4708
1787153732.5959,2026-08-19 17:35:32.595,10,c3,1,0,-0.03815,-0.49682,0.03971,-4.141,10.0914,-16.6425,-0.0623,0.0053,-0.3545,2.47393,23.0,23.0,26.0,23.0,26.0,32.0,34.0,25.0,31.0,30.0,38.0,26.0,28.0,33.0,24.0,23.0,27.0,26.0,24.0,21.0,22.0,21.0,21.0,22.0,21.0,22.0,21.0,22.0,21.0,21.0,21.0,22.0,22.0,23.0,20.0,22.0,23.0,21.0,10.0,hold,5,5,22.473
1787153732.6459,2026-08-19 17:35:32.645,10,c3,1,0,-0.03813,-0.49681,0.03972,-4.1062,9.9753,-16.6654,-0.0662,0.0049,-0.3553,2.47091,25.0,23.0,25.0,23.0,25.0,31.0,34.0,27.0,31.0,29.0,37.0,28.0,29.0,33.0,25.0,25.0,28.0,27.0,26.0,21.0,22.0,21.0,21.0,22.0,21.0,22.0,21.0,22.0,21.0,21.0,21.0,22.0,22.0,23.0,20.0,22.0,23.0,21.0,10.0,hold,5,5,22.4999
1787153732.696,2026-08-19 17:35:32.696,10,c3,1,0,-0.03814,-0.49682,0.03972,-3.7348,10.3833,-16.7839,-0.0723,0.0152,-0.3461,2.47141,24.0,25.0,26.0,25.0,27.0,31.0,35.0,27.0,31.0,30.0,36.0,27.0,29.0,34.0,25.0,24.0,28.0,27.0,23.0,21.0,22.0,21.0,21.0,22.0,21.0,22.0,21.0,22.0,21.0,21.0,21.0,22.0,22.0,23.0,20.0,22.0,23.0,21.0,10.0,hold,5,5,22.4954
1787153732.7461,2026-08-19 17:35:32.746,10,c3,1,0,-0.03813,-0.49681,0.03971,-3.8252,9.9596,-16.8661,-0.0605,0.0111,-0.3544,2.46889,24.0,25.0,26.0,25.0,27.0,31.0,35.0,27.0,31.0,30.0,36.0,27.0,29.0,34.0,25.0,24.0,28.0,27.0,23.0,21.0,22.0,21.0,21.0,22.0,21.0,22.0,21.0,22.0,21.0,21.0,21.0,22.0,22.0,23.0,20.0,22.0,23.0,21.0,10.0,hold,5,5,22.5178
1787153732.7963,2026-08-19 17:35:32.796,10,c3,1,0,-0.03816,-0.49682,0.03973,-4.0192,9.934,-16.6007,-0.0639,0.0097,-0.3491,2.47217,26.0,24.0,26.0,24.0,27.0,32.0,34.0,28.0,32.0,32.0,35.0,27.0,29.0,34.0,25.0,26.0,29.0,27.0,25.0,21.0,22.0,21.0,21.0,22.0,21.0,22.0,21.0,22.0,21.0,21.0,21.0,22.0,22.0,23.0,20.0,22.0,23.0,21.0,10.0,hold,5,5,22.4887
1787153732.8464,2026-08-19 17:35:32.846,10,c3,1,0,-0.03815,-0.49681,0.03971,-4.2401,10.4712,-16.6316,-0.0752,0.003,-0.3588,2.4767,26.0,24.0,26.0,24.0,27.0,32.0,34.0,28.0,32.0,32.0,35.0,27.0,29.0,34.0,25.0,26.0,29.0,27.0,25.0,21.0,22.0,21.0,21.0,22.0,21.0,22.0,21.0,22.0,21.0,21.0,21.0,22.0,22.0,23.0,20.0,22.0,23.0,21.0,10.0,hold,5,5,22.4484
1787153732.8965,2026-08-19 17:35:32.896,10,c3,1,0,-0.03813,-0.49681,0.03971,-3.8971,10.1842,-16.8129,-0.0667,0.0136,-0.355,2.46889,23.0,25.0,26.0,23.0,28.0,31.0,34.0,26.0,33.0,32.0,37.0,27.0,31.0,36.0,24.0,25.0,29.0,29.0,24.0,21.0,22.0,21.0,21.0,22.0,21.0,22.0,21.0,22.0,21.0,21.0,21.0,22.0,22.0,23.0,20.0,22.0,23.0,21.0,10.0,hold,5,5,22.5178
1787153732.9466,2026-08-19 17:35:32.946,10,c3,1,0,-0.03813,-0.49682,0.03972,-4.0553,10.1262,-16.6872,-0.0653,0.0071,-0.3551,2.48098,24.0,25.0,25.0,23.0,28.0,31.0,35.0,27.0,31.0,31.0,37.0,26.0,29.0,37.0,25.0,25.0,29.0,27.0,25.0,21.0,22.0,21.0,21.0,22.0,21.0,22.0,21.0,22.0,21.0,21.0,21.0,22.0,22.0,23.0,20.0,22.0,23.0,21.0,10.0,hold,5,5,22.4103
1787153732.9968,2026-08-19 17:35:32.996,10,c3,1,0,-0.03814,-0.49682,0.03972,-4.1461,10.1696,-16.7492,-0.0606,0.005,-0.354,2.47343,24.0,25.0,25.0,23.0,28.0,31.0,35.0,27.0,31.0,31.0,37.0,26.0,29.0,37.0,25.0,25.0,29.0,27.0,25.0,21.0,22.0,21.0,21.0,22.0,21.0,22.0,21.0,22.0,21.0,21.0,21.0,22.0,22.0,23.0,20.0,22.0,23.0,21.0,10.0,hold,5,5,22.4775
1787153733.0469,2026-08-19 17:35:33.046,10,c3,1,0,-0.03813,-0.49682,0.03973,-3.92,10.491,-16.6051,-0.0752,0.0114,-0.3581,2.47443,22.0,23.0,27.0,23.0,26.0,32.0,35.0,27.0,32.0,32.0,36.0,26.0,30.0,36.0,26.0,25.0,29.0,27.0,25.0,21.0,22.0,21.0,21.0,22.0,21.0,22.0,21.0,22.0,21.0,21.0,21.0,22.0,22.0,23.0,20.0,22.0,23.0,21.0,10.0,hold,5,5,22.4686
1787153733.097,2026-08-19 17:35:33.097,10,c3,1,0,-0.03815,-0.49683,0.03974,-4.1207,10.612,-16.6869,-0.0755,0.0051,-0.3611,2.47267,22.0,23.0,27.0,23.0,26.0,32.0,35.0,27.0,32.0,32.0,36.0,26.0,30.0,36.0,26.0,25.0,29.0,27.0,25.0,21.0,22.0,21.0,21.0,22.0,21.0,22.0,21.0,22.0,21.0,21.0,21.0,22.0,22.0,23.0,20.0,22.0,23.0,21.0,10.0,hold,5,5,22.4842
1787153733.1471,2026-08-19 17:35:33.147,10,c3,1,0,-0.03814,-0.49682,0.03973,-3.6729,10.2036,-16.6641,-0.0697,0.0157,-0.356,2.47317,25.0,25.0,28.0,25.0,28.0,34.0,36.0,28.0,32.0,31.0,37.0,29.0,30.0,34.0,26.0,26.0,28.0,28.0,25.0,21.0,22.0,21.0,21.0,22.0,21.0,22.0,21.0,22.0,21.0,21.0,21.0,22.0,22.0,23.0,20.0,22.0,23.0,21.0,10.0,hold,5,5,22.4798
1787153733.1972,2026-08-19 17:35:33.197,10,c3,1,0,-0.03813,-0.49682,0.03972,-4.365,10.67,-16.6701,-0.0786,-0.0003,-0.3541,2.47368,24.0,25.0,26.0,24.0,27.0,32.0,33.0,26.0,33.0,31.0,35.0,26.0,29.0,34.0,23.0,25.0,27.0,26.0,26.0,21.0,22.0,21.0,21.0,22.0,21.0,22.0,21.0,22.0,21.0,21.0,21.0,22.0,22.0,23.0,20.0,22.0,23.0,21.0,10.0,hold,5,5,22.4753
1787153733.2473,2026-08-19 17:35:33.247,10,c3,1,0,-0.03814,-0.49681,0.03971,-3.8444,10.0483,-16.7341,-0.0639,0.0099,-0.3504,2.4694,24.0,25.0,26.0,24.0,27.0,32.0,33.0,26.0,33.0,31.0,35.0,26.0,29.0,34.0,23.0,25.0,27.0,26.0,26.0,21.0,22.0,21.0,21.0,22.0,21.0,22.0,21.0,22.0,21.0,21.0,21.0,22.0,22.0,23.0,20.0,22.0,23.0,21.0,10.0,hold,5,5,22.5134
1787153733.2975,2026-08-19 17:35:33.297,10,c3,1,0,-0.03814,-0.49682,0.03972,-4.1239,10.3833,-16.8331,-0.0717,0.0061,-0.3557,2.48098,25.0,24.0,27.0,24.0,28.0,33.0,33.0,26.0,31.0,30.0,36.0,27.0,29.0,34.0,25.0,24.0,27.0,27.0,25.0,21.0,22.0,21.0,21.0,22.0,21.0,22.0,21.0,22.0,21.0,21.0,21.0,22.0,22.0,23.0,20.0,22.0,23.0,21.0,10.0,hold,5,5,22.4103
1787153733.3476,2026-08-19 17:35:33.347,10,c3,1,0,-0.03814,-0.49682,0.03971,-4.1842,10.5713,-16.6687,-0.0766,-0.0003,-0.3576,2.4694,25.0,24.0,27.0,24.0,28.0,33.0,33.0,26.0,31.0,30.0,36.0,27.0,29.0,34.0,25.0,24.0,27.0,27.0,25.0,21.0,22.0,21.0,21.0,22.0,21.0,22.0,21.0,22.0,21.0,21.0,21.0,22.0,22.0,23.0,20.0,22.0,23.0,21.0,10.0,hold,5,5,22.5134
1787153733.3978,2026-08-19 17:35:33.397,10,c3,1,0,-0.03814,-0.49683,0.03972,-4.0385,9.7305,-16.6286,-0.0546,0.0103,-0.3535,2.47922,23.0,24.0,26.0,22.0,26.0,32.0,33.0,27.0,31.0,31.0,35.0,26.0,29.0,34.0,22.0,24.0,28.0,24.0,24.0,21.0,22.0,21.0,21.0,22.0,21.0,22.0,21.0,22.0,21.0,21.0,21.0,22.0,22.0,23.0,20.0,22.0,23.0,21.0,10.0,hold,5,5,22.426
1787153733.4478,2026-08-19 17:35:33.447,10,c3,1,0,-0.03815,-0.49681,0.03972,-4.1293,10.1066,-16.6984,-0.0627,0.0029,-0.3558,2.48098,23.0,24.0,26.0,22.0,26.0,32.0,33.0,27.0,31.0,31.0,35.0,26.0,29.0,34.0,22.0,24.0,28.0,24.0,24.0,21.0,22.0,21.0,21.0,22.0,21.0,22.0,21.0,22.0,21.0,21.0,21.0,22.0,22.0,23.0,20.0,22.0,23.0,21.0,10.0,hold,5,5,22.4103
1787153733.4979,2026-08-19 17:35:33.497,10,c3,1,0,-0.03815,-0.49681,0.03971,-4.1842,10.0639,-16.6026,-0.0646,0.0032,-0.3557,2.4694,26.0,24.0,27.0,24.0,26.0,32.0,33.0,26.0,31.0,31.0,34.0,26.0,28.0,35.0,24.0,24.0,29.0,28.0,24.0,21.0,22.0,21.0,21.0,22.0,21.0,22.0,21.0,22.0,21.0,21.0,21.0,22.0,22.0,23.0,20.0,22.0,23.0,21.0,10.0,hold,5,5,22.5134
1787153733.548,2026-08-19 17:35:33.547,10,c3,1,0,-0.03814,-0.49682,0.03972,-3.6711,9.9907,-16.5505,-0.0627,0.0183,-0.3475,2.47821,24.0,24.0,25.0,23.0,26.0,33.0,33.0,27.0,32.0,30.0,36.0,27.0,30.0,35.0,25.0,24.0,27.0,26.0,25.0,21.0,22.0,21.0,21.0,22.0,21.0,22.0,21.0,22.0,21.0,21.0,21.0,22.0,22.0,23.0,20.0,22.0,23.0,21.0,10.0,hold,5,5,22.4349
1787153733.5981,2026-08-19 17:35:33.598,10,c3,1,0,-0.03815,-0.49683,0.03973,-3.9769,10.443,-16.5727,-0.0745,0.0097,-0.3529,2.48174,24.0,24.0,25.0,23.0,26.0,33.0,33.0,27.0,32.0,30.0,36.0,27.0,30.0,35.0,25.0,24.0,27.0,26.0,25.0,21.0,22.0,21.0,21.0,22.0,21.0,22.0,21.0,22.0,21.0,21.0,21.0,22.0,22.0,23.0,20.0,22.0,23.0,21.0,10.0,hold,5,5,22.4036
1787153733.6482,2026-08-19 17:35:33.648,10,c3,1,0,-0.03814,-0.49681,0.03971,-4.2664,10.469,-16.4287,-0.0766,0.0053,-0.3593,2.47292,25.0,25.0,26.0,24.0,27.0,32.0,34.0,27.0,31.0,31.0,35.0,28.0,29.0,35.0,25.0,25.0,29.0,28.0,25.0,21.0,22.0,21.0,21.0,22.0,21.0,22.0,21.0,22.0,21.0,21.0,21.0,22.0,22.0,23.0,20.0,22.0,23.0,21.0,10.0,hold,5,5,22.482
1787153733.6983,2026-08-19 17:35:33.698,10,c3,1,0,-0.03814,-0.49682,0.03972,-4.1147,10.4497,-16.4674,-0.0736,0.0107,-0.3516,2.47897,25.0,25.0,26.0,24.0,27.0,32.0,34.0,27.0,31.0,31.0,35.0,28.0,29.0,35.0,25.0,25.0,29.0,28.0,25.0,21.0,22.0,21.0,21.0,22.0,21.0,22.0,21.0,22.0,21.0,21.0,21.0,22.0,22.0,23.0,20.0,22.0,23.0,21.0,10.0,hold,5,5,22.4282
1787153733.7485,2026-08-19 17:35:33.748,10,c3,1,0,-0.03814,-0.49682,0.03973,-4.4792,10.6386,-16.3584,-0.0765,-0.0043,-0.3589,2.47947,25.0,23.0,25.0,24.0,26.0,32.0,35.0,28.0,31.0,31.0,34.0,28.0,29.0,35.0,23.0,27.0,29.0,27.0,26.0,21.0,22.0,21.0,21.0,22.0,21.0,22.0,21.0,22.0,21.0,21.0,21.0,22.0,22.0,23.0,20.0,22.0,23.0,21.0,10.0,hold,5,5,22.4237
1787153733.7986,2026-08-19 17:35:33.798,10,c3,1,0,-0.03815,-0.49681,0.03972,-4.0127,9.9924,-16.3755,-0.0647,0.0095,-0.3575,2.47746,25.0,23.0,27.0,24.0,26.0,32.0,34.0,28.0,32.0,32.0,36.0,28.0,31.0,35.0,23.0,25.0,28.0,26.0,25.0,21.0,22.0,21.0,21.0,22.0,21.0,22.0,21.0,22.0,21.0,21.0,21.0,22.0,22.0,23.0,20.0,22.0,23.0,21.0,10.0,hold,5,5,22.4417
1787153733.8487,2026-08-19 17:35:33.848,10,c3,1,0,-0.03814,-0.49682,0.03972,-4.1671,10.2512,-16.404,-0.0705,0.0049,-0.3557,2.47746,25.0,23.0,27.0,24.0,26.0,32.0,34.0,28.0,32.0,32.0,36.0,28.0,31.0,35.0,23.0,25.0,28.0,26.0,25.0,21.0,22.0,21.0,21.0,22.0,21.0,22.0,21.0,22.0,21.0,21.0,21.0,22.0,22.0,23.0,20.0,22.0,23.0,21.0,10.0,hold,5,5,22.4417
1787153733.8989,2026-08-19 17:35:33.898,10,c3,1,0,-0.03816,-0.49681,0.03973,-4.5505,10.3197,-16.4149,-0.0701,-0.0026,-0.358,2.47468,24.0,25.0,26.0,24.0,27.0,32.0,34.0,28.0,31.0,30.0,34.0,28.0,29.0,34.0,24.0,26.0,28.0,28.0,26.0,21.0,22.0,21.0,21.0,22.0,21.0,22.0,21.0,22.0,21.0,21.0,21.0,22.0,22.0,23.0,20.0,22.0,23.0,21.0,10.0,hold,5,5,22.4663
1787153733.949,2026-08-19 17:35:33.948,10,c3,0,0,-0.03816,-0.49682,0.03973,-3.9338,10.331,-16.5417,-0.0705,0.0114,-0.3539,2.47015,24.0,25.0,26.0,24.0,27.0,32.0,34.0,28.0,31.0,30.0,34.0,28.0,29.0,34.0,24.0,26.0,28.0,28.0,26.0,21.0,22.0,21.0,21.0,22.0,21.0,22.0,21.0,22.0,21.0,21.0,21.0,22.0,22.0,23.0,20.0,22.0,23.0,21.0,10.0,retract,5,5,22.5066
1787153733.9991,2026-08-19 17:35:33.999,10,c3,0,0,-0.03813,-0.49682,0.03974,-4.0126,10.1962,-16.655,-0.0705,0.0086,-0.3511,2.49835,23.0,24.0,25.0,23.0,27.0,31.0,33.0,27.0,33.0,30.0,36.0,29.0,31.0,33.0,24.0,26.0,28.0,26.0,27.0,21.0,22.0,21.0,21.0,22.0,21.0,22.0,21.0,22.0,21.0,21.0,21.0,22.0,22.0,23.0,20.0,22.0,23.0,21.0,10.0,retract,5,5,22.2558
1787153734.0492,2026-08-19 17:35:34.049,10,c3,0,0,-0.03815,-0.49683,0.0398,-3.8451,10.2413,-16.8199,-0.0697,0.0138,-0.3556,2.52655,23.0,25.0,25.0,23.0,27.0,31.0,35.0,28.0,33.0,32.0,36.0,29.0,30.0,35.0,25.0,25.0,29.0,27.0,24.0,21.0,22.0,21.0,21.0,22.0,21.0,22.0,21.0,22.0,21.0,21.0,21.0,22.0,22.0,23.0,20.0,22.0,23.0,21.0,10.0,retract,5,5,22.0049
1787153734.0993,2026-08-19 17:35:34.099,10,c3,0,0,-0.03813,-0.4968,0.03986,-3.9406,9.8969,-17.1626,-0.0593,0.0131,-0.3495,2.61794,23.0,25.0,25.0,23.0,27.0,31.0,35.0,28.0,33.0,32.0,36.0,29.0,30.0,35.0,25.0,25.0,29.0,27.0,24.0,21.0,22.0,21.0,21.0,22.0,21.0,22.0,21.0,22.0,21.0,21.0,21.0,22.0,22.0,23.0,20.0,22.0,23.0,21.0,10.0,retract,5,5,21.1918
1787153734.1494,2026-08-19 17:35:34.149,10,c3,0,0,-0.03815,-0.4968,0.04,-4.2474,10.1553,-17.4591,-0.0686,0.0041,-0.3575,2.72193,24.0,25.0,26.0,25.0,27.0,34.0,34.0,27.0,32.0,31.0,37.0,27.0,29.0,35.0,24.0,24.0,30.0,26.0,25.0,21.0,22.0,21.0,21.0,22.0,21.0,22.0,21.0,22.0,21.0,21.0,21.0,22.0,22.0,23.0,20.0,22.0,23.0,21.0,10.0,retract,5,5,20.2667
1787153734.1995,2026-08-19 17:35:34.199,10,c3,0,0,-0.03814,-0.49681,0.04019,-4.2006,10.1118,-18.1035,-0.0681,0.0042,-0.3592,2.87778,24.0,25.0,26.0,25.0,27.0,34.0,34.0,27.0,32.0,31.0,37.0,27.0,29.0,35.0,24.0,24.0,30.0,26.0,25.0,21.0,22.0,21.0,21.0,22.0,21.0,22.0,21.0,22.0,21.0,21.0,21.0,22.0,22.0,23.0,20.0,22.0,23.0,21.0,10.0,retract,5,5,18.8802
1787153734.2497,2026-08-19 17:35:34.249,10,c3,0,0,-0.03813,-0.49681,0.04041,-3.9162,10.5674,-18.593,-0.0772,0.0111,-0.3539,3.00996,23.0,25.0,25.0,24.0,28.0,31.0,36.0,26.0,31.0,30.0,36.0,27.0,29.0,33.0,24.0,25.0,28.0,26.0,24.0,21.0,22.0,21.0,21.0,22.0,21.0,22.0,21.0,22.0,21.0,21.0,21.0,22.0,22.0,23.0,20.0,22.0,23.0,21.0,10.0,retract,5,5,17.7043
1787153734.2998,2026-08-19 17:35:34.299,10,c3,0,0,-0.03812,-0.49679,0.04062,-4.1944,10.103,-19.015,-0.0679,0.0061,-0.3632,3.14868,23.0,25.0,25.0,24.0,28.0,31.0,36.0,26.0,31.0,30.0,36.0,27.0,29.0,33.0,24.0,25.0,28.0,26.0,24.0,21.0,22.0,21.0,21.0,22.0,21.0,22.0,21.0,22.0,21.0,21.0,21.0,22.0,22.0,23.0,20.0,22.0,23.0,21.0,10.0,retract,5,5,16.4701
1787153734.3499,2026-08-19 17:35:34.349,10,c3,0,0,-0.03812,-0.49679,0.04087,-4.3482,10.7483,-19.5305,-0.0855,0.0054,-0.3602,3.29396,23.0,24.0,25.0,22.0,27.0,30.0,36.0,28.0,31.0,29.0,36.0,28.0,29.0,33.0,24.0,25.0,27.0,26.0,25.0,21.0,22.0,21.0,21.0,22.0,21.0,22.0,21.0,22.0,21.0,21.0,21.0,22.0,22.0,23.0,20.0,22.0,23.0,21.0,10.0,retract,5,5,15.1777
1787153734.4,2026-08-19 17:35:34.400,10,c3,0,0,-0.03813,-0.49676,0.04113,-4.0549,10.1187,-20.2411,-0.0721,0.0138,-0.36,3.45962,25.0,24.0,24.0,25.0,28.0,31.0,34.0,25.0,31.0,29.0,36.0,27.0,29.0,33.0,25.0,24.0,27.0,26.0,23.0,21.0,22.0,21.0,21.0,22.0,21.0,22.0,21.0,22.0,21.0,21.0,21.0,22.0,22.0,23.0,20.0,22.0,23.0,21.0,10.0,retract,5,5,13.7039
1787153734.4501,2026-08-19 17:35:34.450,10,c3,0,0,-0.03809,-0.49676,0.04145,-3.909,10.0319,-20.6971,-0.0674,0.0169,-0.3614,3.62177,25.0,24.0,24.0,25.0,28.0,31.0,34.0,25.0,31.0,29.0,36.0,27.0,29.0,33.0,25.0,24.0,27.0,26.0,23.0,21.0,22.0,21.0,21.0,22.0,21.0,22.0,21.0,22.0,21.0,21.0,21.0,22.0,22.0,23.0,20.0,22.0,23.0,21.0,10.0,retract,5,5,12.2614
1787153734.5002,2026-08-19 17:35:34.500,10,c3,0,0,-0.03811,-0.49674,0.04177,-4.3101,10.004,-21.4512,-0.0693,0.0081,-0.3483,3.77711,22.0,24.0,26.0,23.0,28.0,31.0,34.0,26.0,32.0,29.0,35.0,27.0,28.0,33.0,26.0,26.0,29.0,28.0,26.0,21.0,22.0,21.0,21.0,22.0,21.0,22.0,21.0,22.0,21.0,21.0,21.0,22.0,22.0,23.0,20.0,22.0,23.0,21.0,10.0,retract,5,5,10.8794
1787153734.5504,2026-08-19 17:35:34.550,10,c3,0,0,-0.0381,-0.49675,0.04212,-3.7694,9.8492,-22.2114,-0.0665,0.0202,-0.3512,3.95461,22.0,24.0,26.0,23.0,28.0,31.0,34.0,26.0,32.0,29.0,35.0,27.0,28.0,33.0,26.0,26.0,29.0,28.0,26.0,21.0,22.0,21.0,21.0,22.0,21.0,22.0,21.0,22.0,21.0,21.0,21.0,22.0,22.0,23.0,20.0,22.0,23.0,21.0,10.0,retract,5,5,9.3002
1787153734.6005,2026-08-19 17:35:34.600,10,c3,0,0,-0.03814,-0.49681,0.04249,-4.4175,10.6485,-22.5123,-0.0835,0.0058,-0.3682,4.09359,25.0,25.0,25.0,26.0,27.0,32.0,34.0,25.0,32.0,28.0,32.0,26.0,29.0,30.0,25.0,23.0,25.0,25.0,25.0,21.0,22.0,21.0,21.0,22.0,21.0,22.0,21.0,22.0,21.0,21.0,21.0,22.0,22.0,23.0,20.0,22.0,23.0,21.0,10.0,retract,5,5,8.0638
1787153734.6506,2026-08-19 17:35:34.650,10,c3,0,0,-0.03812,-0.49679,0.0428,-4.2824,10.5433,-22.9274,-0.0813,0.0072,-0.3572,4.23257,23.0,26.0,26.0,22.0,29.0,31.0,30.0,25.0,30.0,28.0,30.0,25.0,29.0,31.0,24.0,23.0,26.0,27.0,23.0,21.0,22.0,21.0,21.0,22.0,21.0,22.0,21.0,22.0,21.0,21.0,21.0,22.0,22.0,23.0,20.0,22.0,23.0,21.0,10.0,retract,5,5,6.8274
1787153734.7008,2026-08-19 17:35:34.700,10,c3,0,0,-0.03812,-0.4968,0.04313,-4.6587,10.4762,-23.5221,-0.0793,0.001,-0.3686,4.34813,23.0,26.0,26.0,22.0,29.0,31.0,30.0,25.0,30.0,28.0,30.0,25.0,29.0,31.0,24.0,23.0,26.0,27.0,23.0,21.0,22.0,21.0,21.0,22.0,21.0,22.0,21.0,22.0,21.0,21.0,21.0,22.0,22.0,23.0,20.0,22.0,23.0,21.0,10.0,retract,5,5,5.7993
1787153734.7509,2026-08-19 17:35:34.750,10,c3,0,0,-0.03812,-0.49677,0.04344,-4.5222,10.5317,-23.8992,-0.0802,0.0042,-0.3631,4.45967,23.0,25.0,25.0,23.0,28.0,30.0,31.0,26.0,27.0,26.0,30.0,25.0,27.0,28.0,25.0,25.0,26.0,25.0,24.0,21.0,22.0,21.0,21.0,22.0,21.0,22.0,21.0,22.0,21.0,21.0,21.0,22.0,22.0,23.0,20.0,22.0,23.0,21.0,10.0,retract,5,5,4.807
1787153734.801,2026-08-19 17:35:34.800,10,c3,0,0,-0.03811,-0.49677,0.0438,-4.1441,10.6154,-24.3626,-0.0841,0.0132,-0.3568,4.55308,23.0,25.0,25.0,23.0,28.0,30.0,31.0,26.0,27.0,26.0,30.0,25.0,27.0,28.0,25.0,25.0,26.0,25.0,24.0,21.0,22.0,21.0,21.0,22.0,21.0,22.0,21.0,22.0,21.0,21.0,21.0,22.0,22.0,23.0,20.0,22.0,23.0,21.0,10.0,retract,5,5,3.976
1787153734.8511,2026-08-19 17:35:34.851,10,c3,0,0,-0.03813,-0.49678,0.04415,-4.1846,10.2598,-24.773,-0.0738,0.0141,-0.3576,4.64825,23.0,24.0,24.0,23.0,27.0,28.0,31.0,25.0,26.0,29.0,29.0,26.0,27.0,29.0,25.0,26.0,26.0,27.0,25.0,21.0,22.0,21.0,21.0,22.0,21.0,22.0,21.0,22.0,21.0,21.0,21.0,22.0,22.0,23.0,20.0,22.0,23.0,21.0,10.0,retract,5,5,3.1293
1787153734.9012,2026-08-19 17:35:34.901,10,c3,0,0,-0.03812,-0.49678,0.04449,-4.2885,10.7976,-24.71,-0.0885,0.0077,-0.3596,4.684,24.0,24.0,24.0,23.0,27.0,30.0,29.0,25.0,27.0,26.0,30.0,24.0,27.0,26.0,26.0,25.0,27.0,25.0,24.0,21.0,22.0,21.0,21.0,22.0,21.0,22.0,21.0,22.0,21.0,21.0,21.0,22.0,22.0,23.0,20.0,22.0,23.0,21.0,10.0,retract,5,5,2.8113
1787153734.9514,2026-08-19 17:35:34.951,10,c3,0,0,-0.03816,-0.4968,0.04482,-4.0429,10.5205,-24.7757,-0.0839,0.0145,-0.3494,4.68476,24.0,24.0,24.0,23.0,27.0,30.0,29.0,25.0,27.0,26.0,30.0,24.0,27.0,26.0,26.0,25.0,27.0,25.0,24.0,21.0,22.0,21.0,21.0,22.0,21.0,22.0,21.0,22.0,21.0,21.0,21.0,22.0,22.0,23.0,20.0,22.0,23.0,21.0,10.0,retract,5,5,2.8045
1787153735.0015,2026-08-19 17:35:35.001,10,c3,0,0,-0.03814,-0.49682,0.0452,-4.1406,10.3205,-24.7701,-0.0758,0.0119,-0.356,4.69684,23.0,26.0,23.0,22.0,28.0,29.0,30.0,25.0,25.0,25.0,29.0,23.0,26.0,27.0,26.0,23.0,25.0,25.0,25.0,21.0,22.0,21.0,21.0,22.0,21.0,22.0,21.0,22.0,21.0,21.0,21.0,22.0,22.0,23.0,20.0,22.0,23.0,21.0,10.0,retract,5,5,2.697
1787153735.0516,2026-08-19 17:35:35.051,10,c3,0,0,-0.03812,-0.49679,0.0455,-4.5057,10.7387,-24.8524,-0.0858,0.0059,-0.3586,4.69181,23.0,26.0,23.0,22.0,28.0,29.0,30.0,25.0,25.0,25.0,29.0,23.0,26.0,27.0,26.0,23.0,25.0,25.0,25.0,21.0,22.0,21.0,21.0,22.0,21.0,22.0,21.0,22.0,21.0,21.0,21.0,22.0,22.0,23.0,20.0,22.0,23.0,21.0,10.0,retract,5,5,2.7418
1787153735.1017,2026-08-19 17:35:35.101,10,c3,0,0,-0.03812,-0.49679,0.04582,-4.559,10.5425,-24.8209,-0.082,-0.0003,-0.3611,4.68551,23.0,24.0,21.0,20.0,25.0,26.0,28.0,25.0,25.0,25.0,27.0,25.0,26.0,26.0,25.0,26.0,24.0,26.0,25.0,21.0,22.0,21.0,21.0,22.0,21.0,22.0,21.0,22.0,21.0,21.0,21.0,22.0,22.0,23.0,20.0,22.0,23.0,21.0,10.0,retract,5,5,2.7978
1787153735.1518,2026-08-19 17:35:35.151,10,c3,0,0,-0.03814,-0.4968,0.04618,-4.3686,10.1379,-24.8656,-0.0708,0.0105,-0.3547,4.69684,24.0,25.0,23.0,23.0,26.0,26.0,26.0,23.0,25.0,25.0,29.0,22.0,25.0,25.0,26.0,22.0,25.0,27.0,23.0,21.0,22.0,21.0,21.0,22.0,21.0,22.0,21.0,22.0,21.0,21.0,21.0,22.0,22.0,23.0,20.0,22.0,23.0,21.0,10.0,retract,5,5,2.697
1787153735.202,2026-08-19 17:35:35.202,10,c3,0,0,-0.03811,-0.49679,0.04648,-4.0504,10.3228,-25.1052,-0.0737,0.0154,-0.3491,4.68627,24.0,25.0,23.0,23.0,26.0,26.0,26.0,23.0,25.0,25.0,29.0,22.0,25.0,25.0,26.0,22.0,25.0,27.0,23.0,21.0,22.0,21.0,21.0,22.0,21.0,22.0,21.0,22.0,21.0,21.0,21.0,22.0,22.0,23.0,20.0,22.0,23.0,21.0,10.0,retract,5,5,2.7911
1787153735.2521,2026-08-19 17:35:35.252,10,c3,0,0,-0.03815,-0.49681,0.04685,-4.3159,10.4609,-24.8872,-0.0781,0.0112,-0.3573,4.69785,23.0,24.0,23.0,21.0,25.0,27.0,28.0,25.0,23.0,23.0,28.0,23.0,24.0,23.0,25.0,24.0,23.0,25.0,23.0,21.0,22.0,21.0,21.0,22.0,21.0,22.0,21.0,22.0,21.0,21.0,21.0,22.0,22.0,23.0,20.0,22.0,23.0,21.0,10.0,retract,5,5,2.6881
1787153735.3022,2026-08-19 17:35:35.302,10,c3,0,0,-0.03814,-0.4968,0.04717,-4.2449,10.3276,-25.0399,-0.0771,0.0096,-0.3611,4.68828,23.0,24.0,23.0,21.0,25.0,27.0,28.0,25.0,23.0,23.0,28.0,23.0,24.0,23.0,25.0,24.0,23.0,25.0,23.0,21.0,22.0,21.0,21.0,22.0,21.0,22.0,21.0,22.0,21.0,21.0,21.0,22.0,22.0,23.0,20.0,22.0,23.0,21.0,10.0,retract,5,5,2.7732
1787153735.3524,2026-08-19 17:35:35.352,10,c3,0,0,-0.03813,-0.49681,0.04751,-4.4331,10.4072,-24.9899,-0.0776,0.0054,-0.3622,4.69407,23.0,23.0,21.0,21.0,23.0,25.0,26.0,23.0,26.0,23.0,27.0,22.0,26.0,25.0,24.0,22.0,24.0,25.0,22.0,21.0,22.0,21.0,21.0,22.0,21.0,22.0,21.0,22.0,21.0,21.0,21.0,22.0,22.0,23.0,20.0,22.0,23.0,21.0,10.0,retract,5,5,2.7217
1787153735.4025,2026-08-19 17:35:35.402,10,c3,0,0,-0.03813,-0.49681,0.04786,-4.2777,10.5266,-25.0802,-0.0811,0.0087,-0.363,4.69105,23.0,23.0,21.0,21.0,23.0,25.0,26.0,23.0,26.0,23.0,27.0,22.0,26.0,25.0,24.0,22.0,24.0,25.0,22.0,21.0,22.0,21.0,21.0,22.0,21.0,22.0,21.0,22.0,21.0,21.0,21.0,22.0,22.0,23.0,20.0,22.0,23.0,21.0,10.0,retract,5,5,2.7485
1787153735.4527,2026-08-19 17:35:35.452,10,c3,0,0,-0.03814,-0.4968,0.04815,-4.0844,10.5241,-25.217,-0.0799,0.0137,-0.3583,4.69684,22.0,24.0,23.0,20.0,26.0,25.0,26.0,24.0,24.0,23.0,26.0,23.0,25.0,25.0,25.0,25.0,24.0,25.0,25.0,21.0,22.0,21.0,21.0,22.0,21.0,22.0,21.0,22.0,21.0,21.0,21.0,22.0,22.0,23.0,20.0,22.0,23.0,21.0,10.0,retract,5,5,2.697
1787153735.5028,2026-08-19 17:35:35.502,10,c3,0,0,-0.03814,-0.49678,0.04844,-4.5332,10.9862,-25.1254,-0.0924,0.0057,-0.3597,4.68677,21.0,24.0,22.0,21.0,24.0,24.0,25.0,24.0,24.0,23.0,28.0,24.0,25.0,25.0,24.0,24.0,23.0,25.0,23.0,21.0,22.0,21.0,21.0,22.0,21.0,22.0,21.0,22.0,21.0,21.0,21.0,22.0,22.0,23.0,20.0,22.0,23.0,21.0,10.0,retract,5,5,2.7866
1787153735.5529,2026-08-19 17:35:35.552,10,c3,0,0,-0.03811,-0.49678,0.04871,-4.0025,10.3442,-25.0676,-0.0812,0.0172,-0.355,4.69004,21.0,24.0,22.0,21.0,24.0,24.0,25.0,24.0,24.0,23.0,28.0,24.0,25.0,25.0,24.0,24.0,23.0,25.0,23.0,21.0,22.0,21.0,21.0,22.0,21.0,22.0,21.0,22.0,21.0,21.0,21.0,22.0,22.0,23.0,20.0,22.0,23.0,21.0,10.0,retract,5,5,2.7575
1787153735.603,2026-08-19 17:35:35.603,10,c3,0,0,-0.03813,-0.49678,0.04894,-4.118,10.2135,-24.9884,-0.0759,0.0135,-0.3555,4.69659,23.0,23.0,23.0,21.0,24.0,25.0,26.0,22.0,22.0,22.0,25.0,23.0,23.0,23.0,23.0,22.0,22.0,24.0,24.0,21.0,22.0,21.0,21.0,22.0,21.0,22.0,21.0,22.0,21.0,21.0,21.0,22.0,22.0,23.0,20.0,22.0,23.0,21.0,10.0,retract,5,5,2.6993
1787153735.6532,2026-08-19 17:35:35.653,10,c3,0,0,-0.03815,-0.49678,0.04917,-4.1399,10.34,-24.9472,-0.0779,0.0107,-0.3558,4.69508,23.0,23.0,23.0,21.0,24.0,25.0,26.0,22.0,22.0,22.0,25.0,23.0,23.0,23.0,23.0,22.0,22.0,24.0,24.0,21.0,22.0,21.0,21.0,22.0,21.0,22.0,21.0,22.0,21.0,21.0,21.0,22.0,22.0,23.0,20.0,22.0,23.0,21.0,10.0,retract,5,5,2.7127
1787153735.7033,2026-08-19 17:35:35.703,10,c3,0,0,-0.03815,-0.49683,0.04936,-4.3207,10.2433,-25.114,-0.0761,0.0091,-0.3593,4.68652,22.0,23.0,21.0,20.0,23.0,24.0,24.0,23.0,22.0,24.0,26.0,22.0,23.0,24.0,24.0,22.0,24.0,25.0,22.0,21.0,22.0,21.0,21.0,22.0,21.0,22.0,21.0,22.0,21.0,21.0,21.0,22.0,22.0,23.0,20.0,22.0,23.0,21.0,10.0,retract,5,5,2.7889
1787153735.7534,2026-08-19 17:35:35.753,10,c3,0,0,-0.03813,-0.49682,0.04946,-3.9625,10.4142,-25.0817,-0.0788,0.0203,-0.3637,4.69533,22.0,23.0,23.0,21.0,23.0,25.0,27.0,23.0,23.0,24.0,26.0,21.0,25.0,25.0,23.0,23.0,25.0,23.0,21.0,21.0,22.0,21.0,21.0,22.0,21.0,22.0,21.0,22.0,21.0,21.0,21.0,22.0,22.0,23.0,20.0,22.0,23.0,21.0,10.0,retract,5,5,2.7105
1787153735.8035,2026-08-19 17:35:35.803,10,c3,0,0,-0.03814,-0.49681,0.04953,-4.22,10.8506,-24.9529,-0.0854,0.0112,-0.3571,4.68929,22.0,23.0,23.0,21.0,23.0,25.0,27.0,23.0,23.0,24.0,26.0,21.0,25.0,25.0,23.0,23.0,25.0,23.0,21.0,21.0,22.0,21.0,21.0,22.0,21.0,22.0,21.0,22.0,21.0,21.0,21.0,22.0,22.0,23.0,20.0,22.0,23.0,21.0,10.0,retract,5,5,2.7642
1787153735.8537,2026-08-19 17:35:35.853,10,c3,0,0,-0.03815,-0.49681,0.04959,-4.1528,10.0869,-25.0156,-0.0729,0.0133,-0.3547,4.68702,21.0,23.0,23.0,22.0,24.0,25.0,25.0,22.0,22.0,23.0,25.0,21.0,24.0,23.0,23.0,23.0,22.0,24.0,22.0,21.0,22.0,21.0,21.0,22.0,21.0,22.0,21.0,22.0,21.0,21.0,21.0,22.0,22.0,23.0,20.0,22.0,23.0,21.0,10.0,retract,5,5,2.7844
1787153735.9038,2026-08-19 17:35:35.903,10,c3,0,0,-0.03812,-0.49679,0.04963,-4.4503,9.9712,-25.0185,-0.0684,0.0101,-0.364,4.69684,21.0,23.0,23.0,22.0,24.0,25.0,25.0,22.0,22.0,23.0,25.0,21.0,24.0,23.0,23.0,23.0,22.0,24.0,22.0,21.0,22.0,21.0,21.0,22.0,21.0,22.0,21.0,22.0,21.0,21.0,21.0,22.0,22.0,23.0,20.0,22.0,23.0,21.0,10.0,retract,5,5,2.697
1787153735.954,2026-08-19 17:35:35.953,10,c3,0,0,-0.03813,-0.49679,0.04964,-4.0415,10.4115,-25.1739,-0.0785,0.0139,-0.3571,4.6976,22.0,23.0,22.0,20.0,23.0,24.0,23.0,23.0,20.0,23.0,23.0,23.0,22.0,24.0,23.0,22.0,24.0,23.0,23.0,21.0,22.0,21.0,21.0,22.0,21.0,22.0,21.0,22.0,21.0,21.0,21.0,22.0,22.0,23.0,20.0,22.0,23.0,21.0,10.0,post,5,5,2.6903
1787153736.004,2026-08-19 17:35:36.004,10,c3,0,0,-0.03815,-0.49682,0.0497,-4.1533,10.5495,-24.8393,-0.0818,0.01,-0.3625,4.68979,21.0,20.0,23.0,22.0,22.0,25.0,24.0,22.0,21.0,23.0,24.0,21.0,22.0,23.0,22.0,21.0,24.0,23.0,23.0,21.0,22.0,21.0,21.0,22.0,21.0,22.0,21.0,22.0,21.0,21.0,21.0,22.0,22.0,23.0,20.0,22.0,23.0,21.0,10.0,post,5,5,2.7597
1787153736.0541,2026-08-19 17:35:36.054,10,c3,0,0,-0.03813,-0.49681,0.04971,-3.7958,10.57,-25.0605,-0.0816,0.0227,-0.3548,4.68602,21.0,20.0,23.0,22.0,22.0,25.0,24.0,22.0,21.0,23.0,24.0,21.0,22.0,23.0,22.0,21.0,24.0,23.0,23.0,21.0,22.0,21.0,21.0,22.0,21.0,22.0,21.0,22.0,21.0,21.0,21.0,22.0,22.0,23.0,20.0,22.0,23.0,21.0,10.0,post,5,5,2.7933
1787153736.1043,2026-08-19 17:35:36.104,10,c3,0,0,-0.03813,-0.4968,0.0497,-4.3328,10.4089,-25.0311,-0.0787,0.0089,-0.361,4.69659,21.0,21.0,22.0,20.0,22.0,23.0,23.0,22.0,22.0,23.0,25.0,21.0,23.0,25.0,24.0,23.0,23.0,23.0,22.0,21.0,22.0,21.0,21.0,22.0,21.0,22.0,21.0,22.0,21.0,21.0,21.0,22.0,22.0,23.0,20.0,22.0,23.0,21.0,10.0,post,5,5,2.6993
1787153736.1544,2026-08-19 17:35:36.154,10,c3,0,0,-0.03814,-0.49681,0.04971,-4.5138,10.2203,-24.9088,-0.0745,0.0051,-0.3607,4.68803,21.0,21.0,22.0,20.0,22.0,23.0,23.0,22.0,22.0,23.0,25.0,21.0,23.0,25.0,24.0,23.0,23.0,23.0,22.0,21.0,22.0,21.0,21.0,22.0,21.0,22.0,21.0,22.0,21.0,21.0,21.0,22.0,22.0,23.0,20.0,22.0,23.0,21.0,10.0,post,5,5,2.7754
1787153736.2045,2026-08-19 17:35:36.204,10,c3,0,0,-0.03815,-0.49681,0.04971,-4.1266,10.7099,-24.7951,-0.0862,0.0117,-0.3518,4.69382,22.0,21.0,22.0,21.0,22.0,24.0,25.0,23.0,21.0,23.0,25.0,22.0,22.0,24.0,24.0,26.0,23.0,24.0,23.0,21.0,22.0,21.0,21.0,22.0,21.0,22.0,21.0,22.0,21.0,21.0,21.0,22.0,22.0,23.0,20.0,22.0,23.0,21.0,10.0,post,5,5,2.7239
1787153736.2548,2026-08-19 17:35:36.254,10,c3,0,0,-0.03812,-0.49681,0.04972,-4.3654,10.1849,-24.9661,-0.0693,0.0069,-0.3566,4.68979,23.0,21.0,21.0,21.0,23.0,23.0,25.0,23.0,21.0,20.0,24.0,24.0,23.0,21.0,23.0,24.0,21.0,23.0,24.0,21.0,22.0,21.0,21.0,22.0,21.0,22.0,21.0,22.0,21.0,21.0,21.0,22.0,22.0,23.0,20.0,22.0,23.0,21.0,10.0,post,5,5,2.7597
1787153736.3049,2026-08-19 17:35:36.304,10,c3,0,0,-0.03814,-0.49681,0.04971,-4.2558,10.0629,-24.8457,-0.0724,0.01,-0.3559,4.69004,23.0,21.0,21.0,21.0,23.0,23.0,25.0,23.0,21.0,20.0,24.0,24.0,23.0,21.0,23.0,24.0,21.0,23.0,24.0,21.0,22.0,21.0,21.0,22.0,21.0,22.0,21.0,22.0,21.0,21.0,21.0,22.0,22.0,23.0,20.0,22.0,23.0,21.0,10.0,post,5,5,2.7575
1787153736.355,2026-08-19 17:35:36.354,10,c3,0,0,-0.03815,-0.49681,0.04971,-4.2318,10.0149,-24.8465,-0.0673,0.0104,-0.3613,4.69231,21.0,22.0,20.0,21.0,23.0,21.0,25.0,22.0,21.0,24.0,26.0,22.0,23.0,25.0,25.0,22.0,24.0,24.0,21.0,21.0,22.0,21.0,21.0,22.0,21.0,22.0,21.0,22.0,21.0,21.0,21.0,22.0,22.0,23.0,20.0,22.0,23.0,21.0,10.0,post,5,5,2.7373
1787153736.4051,2026-08-19 17:35:36.405,10,c3,0,0,-0.03814,-0.49682,0.04972,-4.3237,10.3089,-25.0579,-0.0764,0.0127,-0.3612,4.68551,21.0,22.0,20.0,21.0,23.0,21.0,25.0,22.0,21.0,24.0,26.0,22.0,23.0,25.0,25.0,22.0,24.0,24.0,21.0,21.0,22.0,21.0,21.0,22.0,21.0,22.0,21.0,22.0,21.0,21.0,21.0,22.0,22.0,23.0,20.0,22.0,23.0,21.0,10.0,post,5,5,2.7978
1787153736.4552,2026-08-19 17:35:36.455,10,c3,0,0,-0.03813,-0.49681,0.04971,-4.3535,10.434,-24.789,-0.0785,0.0095,-0.365,4.69735,21.0,23.0,23.0,20.0,22.0,25.0,25.0,25.0,22.0,22.0,26.0,24.0,24.0,23.0,24.0,24.0,23.0,24.0,24.0,21.0,22.0,21.0,21.0,22.0,21.0,22.0,21.0,22.0,21.0,21.0,21.0,22.0,22.0,23.0,20.0,22.0,23.0,21.0,10.0,post,5,5,2.6925
1787153736.5055,2026-08-19 17:35:36.505,10,c3,0,0,-0.03815,-0.49682,0.04973,-4.3498,10.5849,-24.894,-0.0829,0.0098,-0.3543,4.68299,21.0,23.0,23.0,20.0,22.0,25.0,25.0,25.0,22.0,22.0,26.0,24.0,24.0,23.0,24.0,24.0,23.0,24.0,24.0,21.0,22.0,21.0,21.0,22.0,21.0,22.0,21.0,22.0,21.0,21.0,21.0,22.0,22.0,23.0,20.0,22.0,23.0,21.0,10.0,post,5,5,2.8202
1787153736.5556,2026-08-19 17:35:36.555,10,c3,0,0,-0.03814,-0.49681,0.04971,-4.4036,10.501,-25.2089,-0.077,0.0075,-0.3597,4.69382,23.0,22.0,21.0,23.0,22.0,23.0,22.0,23.0,22.0,23.0,26.0,22.0,23.0,25.0,23.0,23.0,23.0,24.0,23.0,21.0,22.0,21.0,21.0,22.0,21.0,22.0,21.0,22.0,21.0,21.0,21.0,22.0,22.0,23.0,20.0,22.0,23.0,21.0,10.0,post,5,5,2.7239
1787153736.6058,2026-08-19 17:35:36.605,10,c3,0,0,-0.03815,-0.49681,0.04971,-4.1211,10.293,-25.0096,-0.0754,0.0128,-0.3588,4.6913,21.0,21.0,22.0,21.0,23.0,24.0,25.0,24.0,21.0,23.0,25.0,23.0,22.0,23.0,24.0,22.0,23.0,24.0,22.0,21.0,22.0,21.0,21.0,22.0,21.0,22.0,21.0,22.0,21.0,21.0,21.0,22.0,22.0,23.0,20.0,22.0,23.0,21.0,10.0,post,5,5,2.7463
1787153736.6559,2026-08-19 17:35:36.655,10,c3,0,0,-0.03814,-0.49681,0.0497,-4.1667,10.0581,-25.1139,-0.0677,0.014,-0.3653,4.68828,21.0,21.0,22.0,21.0,23.0,24.0,25.0,24.0,21.0,23.0,25.0,23.0,22.0,23.0,24.0,22.0,23.0,24.0,22.0,21.0,22.0,21.0,21.0,22.0,21.0,22.0,21.0,22.0,21.0,21.0,21.0,22.0,22.0,23.0,20.0,22.0,23.0,21.0,10.0,post,5,5,2.7732
1787153736.706,2026-08-19 17:35:36.706,10,c3,0,0,-0.03814,-0.49682,0.04972,-4.0458,10.4004,-24.9858,-0.0786,0.0157,-0.3545,4.6981,21.0,20.0,23.0,23.0,22.0,23.0,25.0,22.0,21.0,23.0,25.0,21.0,22.0,23.0,24.0,22.0,22.0,24.0,23.0,21.0,22.0,21.0,21.0,22.0,21.0,22.0,21.0,22.0,21.0,21.0,21.0,22.0,22.0,23.0,20.0,22.0,23.0,21.0,10.0,post,5,5,2.6858
1787153736.7561,2026-08-19 17:35:36.756,10,c3,0,0,-0.03814,-0.49682,0.04972,-4.2394,10.021,-25.0466,-0.0688,0.0108,-0.354,4.68501,21.0,20.0,23.0,23.0,22.0,23.0,25.0,22.0,21.0,23.0,25.0,21.0,22.0,23.0,24.0,22.0,22.0,24.0,23.0,21.0,22.0,21.0,21.0,22.0,21.0,22.0,21.0,22.0,21.0,21.0,21.0,22.0,22.0,23.0,20.0,22.0,23.0,21.0,10.0,post,5,5,2.8023
1787153736.8062,2026-08-19 17:35:36.806,10,c3,0,0,-0.03814,-0.49681,0.04971,-4.5127,10.419,-25.2726,-0.0801,0.0056,-0.3586,4.69357,22.0,21.0,22.0,21.0,20.0,22.0,25.0,24.0,22.0,23.0,26.0,22.0,22.0,24.0,23.0,23.0,22.0,22.0,22.0,21.0,22.0,21.0,21.0,22.0,21.0,22.0,21.0,22.0,21.0,21.0,21.0,22.0,22.0,23.0,20.0,22.0,23.0,21.0,10.0,post,5,5,2.7261
1787153736.8564,2026-08-19 17:35:36.856,10,c3,0,0,-0.03814,-0.49682,0.04972,-3.8499,10.3204,-25.1171,-0.0778,0.02,-0.3527,4.69004,23.0,22.0,22.0,20.0,22.0,23.0,24.0,24.0,22.0,23.0,25.0,22.0,23.0,23.0,23.0,24.0,22.0,24.0,22.0,21.0,22.0,21.0,21.0,22.0,21.0,22.0,21.0,22.0,21.0,21.0,21.0,22.0,22.0,23.0,20.0,22.0,23.0,21.0,10.0,post,5,5,2.7575
1787153736.9065,2026-08-19 17:35:36.906,10,c3,0,0,-0.03812,-0.4968,0.0497,-4.2245,10.3887,-25.058,-0.0765,0.0108,-0.3614,4.68677,23.0,22.0,22.0,20.0,22.0,23.0,24.0,24.0,22.0,23.0,25.0,22.0,23.0,23.0,23.0,24.0,22.0,24.0,22.0,21.0,22.0,21.0,21.0,22.0,21.0,22.0,21.0,22.0,21.0,21.0,21.0,22.0,22.0,23.0,20.0,22.0,23.0,21.0,10.0,post,5,5,2.7866
1787153736.9566,2026-08-19 17:35:36.956,10,c3,0,0,-0.03814,-0.49681,0.04971,-4.0356,9.9155,-25.2959,-0.0659,0.0182,-0.3562,4.69206,22.0,22.0,22.0,20.0,22.0,24.0,23.0,21.0,23.0,22.0,25.0,21.0,23.0,23.0,24.0,22.0,22.0,24.0,22.0,21.0,22.0,21.0,21.0,22.0,21.0,22.0,21.0,22.0,21.0,21.0,21.0,22.0,22.0,23.0,20.0,22.0,23.0,21.0,10.0,post,5,5,2.7396
1787153737.0068,2026-08-19 17:35:37.006,10,c3,0,0,-0.03813,-0.49682,0.04972,-3.8245,9.8704,-25.2348,-0.0655,0.0247,-0.3517,4.68828,22.0,22.0,22.0,20.0,22.0,24.0,23.0,21.0,23.0,22.0,25.0,21.0,23.0,23.0,24.0,22.0,22.0,24.0,22.0,21.0,22.0,21.0,21.0,22.0,21.0,22.0,21.0,22.0,21.0,21.0,21.0,22.0,22.0,23.0,20.0,22.0,23.0,21.0,10.0,post,5,5,2.7732
1787153737.0569,2026-08-19 17:35:37.056,10,c3,0,0,-0.03813,-0.49682,0.04973,-4.274,10.2417,-24.9673,-0.0744,0.0106,-0.3568,4.69684,21.0,21.0,22.0,20.0,23.0,22.0,24.0,23.0,22.0,23.0,25.0,23.0,24.0,24.0,24.0,23.0,22.0,24.0,23.0,21.0,22.0,21.0,21.0,22.0,21.0,22.0,21.0,22.0,21.0,21.0,21.0,22.0,22.0,23.0,20.0,22.0,23.0,21.0,10.0,post,5,5,2.697
1787153737.107,2026-08-19 17:35:37.106,10,c3,0,0,-0.03813,-0.49681,0.04971,-4.7248,10.6961,-24.9695,-0.086,-0.0,-0.356,4.69256,22.0,24.0,22.0,21.0,24.0,24.0,23.0,22.0,21.0,22.0,24.0,21.0,22.0,23.0,23.0,21.0,24.0,23.0,22.0,21.0,22.0,21.0,21.0,22.0,21.0,22.0,21.0,22.0,21.0,21.0,21.0,22.0,22.0,23.0,20.0,22.0,23.0,21.0,10.0,post,5,5,2.7351
1787153737.1571,2026-08-19 17:35:37.157,10,c3,0,0,-0.03814,-0.49681,0.04971,-4.2389,10.3348,-25.3177,-0.0735,0.0098,-0.3628,4.69709,22.0,24.0,22.0,21.0,24.0,24.0,23.0,22.0,21.0,22.0,24.0,21.0,22.0,23.0,23.0,21.0,24.0,23.0,22.0,21.0,22.0,21.0,21.0,22.0,21.0,22.0,21.0,22.0,21.0,21.0,21.0,22.0,22.0,23.0,20.0,22.0,23.0,21.0,10.0,post,5,5,2.6948
1787153737.2074,2026-08-19 17:35:37.207,10,c3,0,0,-0.03812,-0.49681,0.04972,-4.0632,10.0621,-25.0442,-0.0658,0.0148,-0.3582,4.68778,22.0,22.0,23.0,20.0,23.0,23.0,23.0,23.0,22.0,22.0,25.0,22.0,23.0,22.0,23.0,23.0,24.0,23.0,23.0,21.0,22.0,21.0,21.0,22.0,21.0,22.0,21.0,22.0,21.0,21.0,21.0,22.0,22.0,23.0,20.0,22.0,23.0,21.0,10.0,post,5,5,2.7777
1787153737.2592,2026-08-19 17:35:37.259,10,c3,0,0,-0.03815,-0.49681,0.04971,-4.2767,10.2624,-24.9659,-0.0752,0.0103,-0.3608,4.6913,22.0,22.0,23.0,20.0,23.0,23.0,23.0,23.0,22.0,22.0,25.0,22.0,23.0,22.0,23.0,23.0,24.0,23.0,23.0,21.0,22.0,21.0,21.0,22.0,21.0,22.0,21.0,22.0,21.0,21.0,21.0,22.0,22.0,23.0,20.0,22.0,23.0,21.0,10.0,post,5,5,2.7463
1787153737.3093,2026-08-19 17:35:37.309,10,c3,0,0,-0.03813,-0.49682,0.04971,-3.9345,10.054,-25.1907,-0.07,0.0209,-0.3532,4.69483,22.0,21.0,20.0,20.0,23.0,22.0,25.0,24.0,23.0,24.0,23.0,23.0,23.0,25.0,21.0,23.0,23.0,24.0,22.0,21.0,22.0,21.0,21.0,22.0,21.0,22.0,21.0,22.0,21.0,21.0,21.0,22.0,22.0,23.0,20.0,22.0,23.0,21.0,10.0,post,5,5,2.7149
1787153737.3595,2026-08-19 17:35:37.359,10,c3,0,0,-0.03815,-0.49682,0.04972,-4.1725,10.5888,-25.1183,-0.0837,0.0111,-0.3554,4.6835,23.0,23.0,23.0,21.0,24.0,24.0,23.0,22.0,24.0,22.0,25.0,22.0,25.0,23.0,21.0,23.0,22.0,22.0,23.0,21.0,22.0,21.0,21.0,22.0,21.0,22.0,21.0,22.0,21.0,21.0,21.0,22.0,22.0,23.0,20.0,22.0,23.0,21.0,10.0,post,5,5,2.8157
1787153737.4096,2026-08-19 17:35:37.409,10,c3,0,0,-0.03815,-0.49681,0.04971,-4.1661,10.419,-25.1802,-0.0788,0.0137,-0.3658,4.69231,23.0,23.0,23.0,21.0,24.0,24.0,23.0,22.0,24.0,22.0,25.0,22.0,25.0,23.0,21.0,23.0,22.0,22.0,23.0,21.0,22.0,21.0,21.0,22.0,21.0,22.0,21.0,22.0,21.0,21.0,21.0,22.0,22.0,23.0,20.0,22.0,23.0,21.0,10.0,post,5,5,2.7373
1787153737.4598,2026-08-19 17:35:37.459,10,c3,0,0,-0.03814,-0.49682,0.04972,-4.4915,10.5812,-25.0528,-0.0823,0.004,-0.3627,4.68627,21.0,24.0,20.0,21.0,25.0,21.0,23.0,23.0,23.0,22.0,23.0,23.0,22.0,22.0,22.0,23.0,22.0,22.0,22.0,21.0,22.0,21.0,21.0,22.0,21.0,22.0,21.0,22.0,21.0,21.0,21.0,22.0,22.0,23.0,20.0,22.0,23.0,21.0,10.0,post,5,5,2.7911
1787153737.5099,2026-08-19 17:35:37.509,10,c3,0,0,-0.03814,-0.4968,0.0497,-4.3397,10.6758,-24.9258,-0.0855,0.0075,-0.3584,4.6976,21.0,24.0,20.0,21.0,25.0,21.0,23.0,23.0,23.0,22.0,23.0,23.0,22.0,22.0,22.0,23.0,22.0,22.0,22.0,21.0,22.0,21.0,21.0,22.0,21.0,22.0,21.0,22.0,21.0,21.0,21.0,22.0,22.0,23.0,20.0,22.0,23.0,21.0,10.0,post,5,5,2.6903
1787153737.56,2026-08-19 17:35:37.559,10,c3,0,0,-0.03814,-0.49681,0.04971,-4.422,10.5288,-25.0371,-0.0796,0.008,-0.3588,4.68904,21.0,22.0,21.0,22.0,23.0,22.0,23.0,24.0,22.0,20.0,24.0,23.0,23.0,21.0,22.0,24.0,20.0,23.0,23.0,21.0,22.0,21.0,21.0,22.0,21.0,22.0,21.0,22.0,21.0,21.0,21.0,22.0,22.0,23.0,20.0,22.0,23.0,21.0,10.0,post,5,5,2.7665
1787153737.6101,2026-08-19 17:35:37.610,10,c3,0,0,-0.03813,-0.49682,0.04972,-4.3617,10.4429,-25.0951,-0.0792,0.0077,-0.3525,4.69382,21.0,22.0,21.0,22.0,23.0,22.0,23.0,24.0,22.0,20.0,24.0,23.0,23.0,21.0,22.0,24.0,20.0,23.0,23.0,21.0,22.0,21.0,21.0,22.0,21.0,22.0,21.0,22.0,21.0,21.0,21.0,22.0,22.0,23.0,20.0,22.0,23.0,21.0,10.0,post,5,5,2.7239
1787153737.6602,2026-08-19 17:35:37.660,10,c3,0,0,-0.03812,-0.49682,0.04972,-4.0619,10.3565,-25.2766,-0.0769,0.0119,-0.3537,4.69332,24.0,23.0,19.0,23.0,23.0,21.0,21.0,21.0,22.0,20.0,27.0,21.0,22.0,23.0,24.0,21.0,22.0,25.0,21.0,21.0,22.0,21.0,21.0,22.0,21.0,22.0,21.0,22.0,21.0,21.0,21.0,22.0,22.0,23.0,20.0,22.0,23.0,21.0,10.0,post,5,5,2.7284
1787153737.7103,2026-08-19 17:35:37.710,10,c3,0,0,-0.03814,-0.49682,0.04973,-4.3686,10.1505,-24.9847,-0.0704,0.0073,-0.362,4.69206,20.0,22.0,19.0,19.0,22.0,21.0,26.0,22.0,22.0,22.0,24.0,23.0,23.0,22.0,22.0,22.0,22.0,25.0,21.0,21.0,22.0,21.0,21.0,22.0,21.0,22.0,21.0,22.0,21.0,21.0,21.0,22.0,22.0,23.0,20.0,22.0,23.0,21.0,10.0,post,5,5,2.7396
1787153737.7604,2026-08-19 17:35:37.760,10,c3,0,0,-0.03814,-0.49682,0.04972,-3.9933,10.169,-25.1133,-0.0707,0.0174,-0.3549,4.70087,20.0,22.0,19.0,19.0,22.0,21.0,26.0,22.0,22.0,22.0,24.0,23.0,23.0,22.0,22.0,22.0,22.0,25.0,21.0,21.0,22.0,21.0,21.0,22.0,21.0,22.0,21.0,22.0,21.0,21.0,21.0,22.0,22.0,23.0,20.0,22.0,23.0,21.0,10.0,post,5,5,2.6612
1787153737.8105,2026-08-19 17:35:37.810,10,c3,0,0,-0.03812,-0.49681,0.04972,-4.048,10.248,-25.2702,-0.0765,0.0188,-0.3605,4.68753,20.0,22.0,20.0,21.0,22.0,23.0,25.0,24.0,22.0,20.0,24.0,22.0,23.0,22.0,22.0,23.0,21.0,24.0,22.0,21.0,22.0,21.0,21.0,22.0,21.0,22.0,21.0,22.0,21.0,21.0,21.0,22.0,22.0,23.0,20.0,22.0,23.0,21.0,10.0,post,5,5,2.7799
1787153737.8606,2026-08-19 17:35:37.860,10,c3,0,0,-0.03815,-0.49681,0.0497,-4.1554,10.2581,-25.0137,-0.0751,0.0105,-0.3592,4.69911,20.0,22.0,20.0,21.0,22.0,23.0,25.0,24.0,22.0,20.0,24.0,22.0,23.0,22.0,22.0,23.0,21.0,24.0,22.0,21.0,22.0,21.0,21.0,22.0,21.0,22.0,21.0,22.0,21.0,21.0,21.0,22.0,22.0,23.0,20.0,22.0,23.0,21.0,10.0,post,5,5,2.6769
1787153737.9108,2026-08-19 17:35:37.910,10,c3,0,0,-0.03814,-0.49679,0.04969,-4.1304,10.1463,-25.2806,-0.0726,0.017,-0.3582,4.69483,21.0,22.0,21.0,21.0,22.0,21.0,23.0,21.0,22.0,22.0,25.0,21.0,24.0,23.0,21.0,21.0,23.0,22.0,22.0,21.0,22.0,21.0,21.0,22.0,21.0,22.0,21.0,22.0,21.0,21.0,21.0,22.0,22.0,23.0,20.0,22.0,23.0,21.0,10.0,post,5,5,2.7149
1787153737.9609,2026-08-19 17:35:37.960,10,c3,0,0,-0.03814,-0.49681,0.04972,-4.1257,10.8076,-25.2764,-0.0885,0.013,-0.3552,4.69634,21.0,22.0,19.0,19.0,23.0,21.0,24.0,22.0,22.0,22.0,25.0,22.0,24.0,21.0,22.0,21.0,21.0,23.0,22.0,21.0,22.0,21.0,21.0,22.0,21.0,22.0,21.0,22.0,21.0,21.0,21.0,22.0,22.0,23.0,20.0,22.0,23.0,21.0,10.0,locate,6,6,2.7015
1787153738.0109,2026-08-19 17:35:38.010,10,c3,0,0,-0.03815,-0.49681,0.04971,-4.1376,10.2179,-25.271,-0.0757,0.0124,-0.3592,4.6981,21.0,22.0,19.0,19.0,23.0,21.0,24.0,22.0,22.0,22.0,25.0,22.0,24.0,21.0,22.0,21.0,21.0,23.0,22.0,21.0,22.0,21.0,21.0,22.0,21.0,22.0,21.0,22.0,21.0,21.0,21.0,22.0,22.0,23.0,20.0,22.0,23.0,21.0,10.0,locate,6,6,2.6858
1787153738.0611,2026-08-19 17:35:38.061,10,c3,0,0,-0.03812,-0.49682,0.04971,-4.1273,10.4285,-25.2732,-0.0791,0.0132,-0.3586,4.68501,21.0,22.0,20.0,21.0,23.0,22.0,23.0,22.0,22.0,21.0,24.0,21.0,23.0,22.0,24.0,22.0,23.0,24.0,22.0,21.0,22.0,21.0,21.0,22.0,21.0,22.0,21.0,22.0,21.0,21.0,21.0,22.0,22.0,23.0,20.0,22.0,23.0,21.0,10.0,locate,6,6,2.8023
1787153738.1112,2026-08-19 17:35:38.111,10,c3,0,0,-0.03814,-0.4968,0.04971,-4.1637,10.2308,-25.4053,-0.0756,0.0142,-0.3515,4.69735,21.0,22.0,20.0,21.0,23.0,22.0,23.0,22.0,22.0,21.0,24.0,21.0,23.0,22.0,24.0,22.0,23.0,24.0,22.0,21.0,22.0,21.0,21.0,22.0,21.0,22.0,21.0,22.0,21.0,21.0,21.0,22.0,22.0,23.0,20.0,22.0,23.0,21.0,10.0,locate,6,6,2.6925
1787153738.1614,2026-08-19 17:35:38.161,10,c3,0,0,-0.03815,-0.49681,0.0497,-3.7783,10.0118,-25.3938,-0.0724,0.0217,-0.3575,4.68627,22.0,23.0,21.0,20.0,23.0,22.0,23.0,23.0,23.0,23.0,27.0,22.0,23.0,23.0,25.0,22.0,22.0,24.0,22.0,21.0,22.0,21.0,21.0,22.0,21.0,22.0,21.0,22.0,21.0,21.0,21.0,22.0,22.0,23.0,20.0,22.0,23.0,21.0,10.0,locate,6,6,2.7911
1787153738.2115,2026-08-19 17:35:38.211,10,c3,0,0,-0.03814,-0.4968,0.04969,-4.4296,10.2559,-24.9354,-0.0729,0.01,-0.3573,4.69508,20.0,23.0,19.0,22.0,24.0,23.0,25.0,22.0,23.0,21.0,26.0,22.0,25.0,21.0,22.0,22.0,22.0,23.0,22.0,21.0,22.0,21.0,21.0,22.0,21.0,22.0,21.0,22.0,21.0,21.0,21.0,22.0,22.0,23.0,20.0,22.0,23.0,21.0,10.0,locate,6,6,2.7127
1787153738.2617,2026-08-19 17:35:38.261,10,c3,0,0,-0.03814,-0.4968,0.04969,-4.1445,10.1194,-25.3624,-0.0719,0.0152,-0.3537,4.68879,20.0,23.0,19.0,22.0,24.0,23.0,25.0,22.0,23.0,21.0,26.0,22.0,25.0,21.0,22.0,22.0,22.0,23.0,22.0,21.0,22.0,21.0,21.0,22.0,21.0,22.0,21.0,22.0,21.0,21.0,21.0,22.0,22.0,23.0,20.0,22.0,23.0,21.0,10.0,locate,6,6,2.7687
1787153738.3118,2026-08-19 17:35:38.311,10,c3,0,0,-0.03814,-0.49681,0.04971,-3.9496,9.9598,-25.3149,-0.069,0.0167,-0.3491,4.69357,21.0,23.0,20.0,20.0,23.0,21.0,24.0,23.0,21.0,22.0,28.0,22.0,23.0,23.0,23.0,24.0,24.0,24.0,23.0,21.0,22.0,21.0,21.0,22.0,21.0,22.0,21.0,22.0,21.0,21.0,21.0,22.0,22.0,23.0,20.0,22.0,23.0,21.0,10.0,locate,6,6,2.7261
1787153738.3619,2026-08-19 17:35:38.361,10,c3,0,0,-0.03813,-0.49681,0.0497,-4.1319,9.9775,-25.3199,-0.0698,0.015,-0.3601,4.68979,21.0,23.0,20.0,20.0,23.0,21.0,24.0,23.0,21.0,22.0,28.0,22.0,23.0,23.0,23.0,24.0,24.0,24.0,23.0,21.0,22.0,21.0,21.0,22.0,21.0,22.0,21.0,22.0,21.0,21.0,21.0,22.0,22.0,23.0,20.0,22.0,23.0,21.0,10.0,locate,6,6,2.7597
1787153738.412,2026-08-19 17:35:38.412,10,c3,0,0,-0.03814,-0.49681,0.0497,-4.284,10.0429,-25.5052,-0.0644,0.0096,-0.3572,4.69533,22.0,20.0,20.0,22.0,23.0,22.0,26.0,23.0,23.0,22.0,25.0,22.0,23.0,23.0,23.0,22.0,23.0,25.0,21.0,21.0,22.0,21.0,21.0,22.0,21.0,22.0,21.0,22.0,21.0,21.0,21.0,22.0,22.0,23.0,20.0,22.0,23.0,21.0,10.0,locate,6,6,2.7105
1787153738.4624,2026-08-19 17:35:38.462,10,c3,0,0,-0.03813,-0.49681,0.04971,-4.4125,10.5341,-25.216,-0.0821,0.007,-0.3583,4.68828,21.0,23.0,20.0,21.0,23.0,21.0,23.0,22.0,21.0,22.0,25.0,21.0,23.0,23.0,23.0,21.0,23.0,24.0,22.0,21.0,22.0,21.0,21.0,22.0,21.0,22.0,21.0,22.0,21.0,21.0,21.0,22.0,22.0,23.0,20.0,22.0,23.0,21.0,10.0,locate,6,6,2.7732
1787153738.5125,2026-08-19 17:35:38.512,10,c3,0,0,-0.03813,-0.49681,0.04972,-4.175,10.3364,-25.3351,-0.0778,0.0132,-0.3536,4.68778,21.0,23.0,20.0,21.0,23.0,21.0,23.0,22.0,21.0,22.0,25.0,21.0,23.0,23.0,23.0,21.0,23.0,24.0,22.0,21.0,22.0,21.0,21.0,22.0,21.0,22.0,21.0,22.0,21.0,21.0,21.0,22.0,22.0,23.0,20.0,22.0,23.0,21.0,10.0,locate,6,6,2.7777
1787153738.5626,2026-08-19 17:35:38.562,10,c3,0,0,-0.03813,-0.4968,0.0497,-4.1133,10.0468,-25.2805,-0.0696,0.0145,-0.3611,4.69508,21.0,22.0,22.0,20.0,21.0,22.0,24.0,24.0,23.0,22.0,24.0,21.0,24.0,22.0,24.0,24.0,23.0,24.0,22.0,21.0,22.0,21.0,21.0,22.0,21.0,22.0,21.0,22.0,21.0,21.0,21.0,22.0,22.0,23.0,20.0,22.0,23.0,21.0,10.0,locate,6,6,2.7127
1787153738.6127,2026-08-19 17:35:38.612,10,c3,0,0,-0.03813,-0.49681,0.04972,-4.2715,10.0617,-25.2679,-0.0699,0.0105,-0.3576,4.68249,21.0,22.0,22.0,20.0,21.0,22.0,24.0,24.0,23.0,22.0,24.0,21.0,24.0,22.0,24.0,24.0,23.0,24.0,22.0,21.0,22.0,21.0,21.0,22.0,21.0,22.0,21.0,22.0,21.0,21.0,21.0,22.0,22.0,23.0,20.0,22.0,23.0,21.0,10.0,locate,6,6,2.8247
1787153738.6628,2026-08-19 17:35:38.662,10,c3,0,0,-0.03813,-0.49682,0.04972,-4.1611,10.2008,-25.289,-0.0759,0.0163,-0.3515,4.69634,20.0,23.0,21.0,20.0,23.0,22.0,23.0,24.0,24.0,22.0,24.0,24.0,25.0,21.0,22.0,24.0,22.0,23.0,24.0,21.0,22.0,21.0,21.0,22.0,21.0,22.0,21.0,22.0,21.0,21.0,21.0,22.0,22.0,23.0,20.0,22.0,23.0,21.0,10.0,locate,6,6,2.7015
1787153738.7129,2026-08-19 17:35:38.712,10,c3,0,0,-0.03814,-0.4968,0.04971,-3.785,9.9093,-25.4251,-0.0674,0.0246,-0.351,4.68929,20.0,23.0,21.0,20.0,23.0,22.0,23.0,24.0,24.0,22.0,24.0,24.0,25.0,21.0,22.0,24.0,22.0,23.0,24.0,21.0,22.0,21.0,21.0,22.0,21.0,22.0,21.0,22.0,21.0,21.0,21.0,22.0,22.0,23.0,20.0,22.0,23.0,21.0,10.0,locate,6,6,2.7642
1787153738.763,2026-08-19 17:35:38.763,10,c3,0,0,-0.03813,-0.49681,0.04972,-3.9175,9.884,-25.4672,-0.0643,0.0234,-0.3543,4.68904,22.0,24.0,21.0,21.0,25.0,22.0,22.0,24.0,21.0,22.0,26.0,22.0,23.0,23.0,23.0,24.0,21.0,23.0,23.0,21.0,22.0,21.0,21.0,22.0,21.0,22.0,21.0,22.0,21.0,21.0,21.0,22.0,22.0,23.0,20.0,22.0,23.0,21.0,10.0,locate,6,6,2.7665
1787153738.8131,2026-08-19 17:35:38.813,10,c3,0,0,-0.03814,-0.49681,0.04971,-3.5013,9.5487,-25.3584,-0.0585,0.0314,-0.3534,4.68828,22.0,21.0,21.0,21.0,22.0,22.0,24.0,21.0,23.0,22.0,24.0,21.0,24.0,22.0,23.0,19.0,22.0,22.0,20.0,21.0,22.0,21.0,21.0,22.0,21.0,22.0,21.0,22.0,21.0,21.0,21.0,22.0,22.0,23.0,20.0,22.0,23.0,21.0,10.0,locate,6,6,2.7732
1787153738.8632,2026-08-19 17:35:38.863,10,c3,0,0,-0.03814,-0.49681,0.04971,-4.041,9.9712,-25.4244,-0.067,0.0168,-0.3555,4.68576,22.0,21.0,21.0,21.0,22.0,22.0,24.0,21.0,23.0,22.0,24.0,21.0,24.0,22.0,23.0,19.0,22.0,22.0,20.0,21.0,22.0,21.0,21.0,22.0,21.0,22.0,21.0,22.0,21.0,21.0,21.0,22.0,22.0,23.0,20.0,22.0,23.0,21.0,10.0,locate,6,6,2.7956
1787153738.9134,2026-08-19 17:35:38.913,10,c3,0,0,-0.03815,-0.49681,0.04971,-4.1397,10.4547,-25.2965,-0.0781,0.014,-0.3648,4.69709,20.0,22.0,21.0,20.0,23.0,20.0,23.0,22.0,23.0,22.0,25.0,23.0,25.0,23.0,22.0,22.0,23.0,22.0,22.0,21.0,22.0,21.0,21.0,22.0,21.0,22.0,21.0,22.0,21.0,21.0,21.0,22.0,22.0,23.0,20.0,22.0,23.0,21.0,10.0,locate,6,6,2.6948
1787153738.9636,2026-08-19 17:35:38.963,10,c3,0,0,-0.03813,-0.49682,0.04972,-3.8739,10.1258,-25.2567,-0.0712,0.0192,-0.3518,4.68753,20.0,22.0,21.0,20.0,23.0,20.0,23.0,22.0,23.0,22.0,25.0,23.0,25.0,23.0,22.0,22.0,23.0,22.0,22.0,21.0,22.0,21.0,21.0,22.0,21.0,22.0,21.0,22.0,21.0,21.0,21.0,22.0,22.0,23.0,20.0,22.0,23.0,21.0,10.0,locate,6,6,2.7799
1787153739.0137,2026-08-19 17:35:39.013,10,c3,0,0,-0.03815,-0.49681,0.04972,-3.7932,9.9761,-25.1203,-0.0659,0.0227,-0.353,4.69382,21.0,24.0,22.0,21.0,25.0,22.0,24.0,20.0,22.0,22.0,24.0,20.0,24.0,24.0,23.0,22.0,22.0,22.0,20.0,21.0,22.0,21.0,21.0,22.0,21.0,22.0,21.0,22.0,21.0,21.0,21.0,22.0,22.0,23.0,20.0,22.0,23.0,21.0,10.0,locate,6,6,2.7239
1787153739.0638,2026-08-19 17:35:39.063,10,c3,0,0,-0.03814,-0.49681,0.04972,-3.7138,9.9687,-25.2242,-0.0679,0.0243,-0.352,4.68627,22.0,22.0,21.0,19.0,23.0,22.0,23.0,24.0,22.0,20.0,25.0,22.0,24.0,21.0,22.0,24.0,21.0,22.0,24.0,21.0,22.0,21.0,21.0,22.0,21.0,22.0,21.0,22.0,21.0,21.0,21.0,22.0,22.0,23.0,20.0,22.0,23.0,21.0,10.0,locate,6,6,2.7911
1787153739.1139,2026-08-19 17:35:39.113,10,c3,0,0,-0.03814,-0.4968,0.0497,-4.115,9.9004,-25.357,-0.0652,0.0127,-0.3548,4.69155,22.0,22.0,21.0,19.0,23.0,22.0,23.0,24.0,22.0,20.0,25.0,22.0,24.0,21.0,22.0,24.0,21.0,22.0,24.0,21.0,22.0,21.0,21.0,22.0,21.0,22.0,21.0,22.0,21.0,21.0,21.0,22.0,22.0,23.0,20.0,22.0,23.0,21.0,10.0,locate,6,6,2.7441
1787153739.164,2026-08-19 17:35:39.164,10,c3,0,0,-0.03812,-0.49681,0.04971,-3.9177,9.9712,-25.3911,-0.067,0.0175,-0.3515,4.69181,23.0,23.0,19.0,21.0,24.0,20.0,24.0,21.0,24.0,22.0,27.0,21.0,24.0,23.0,24.0,21.0,22.0,23.0,22.0,21.0,22.0,21.0,21.0,22.0,21.0,22.0,21.0,22.0,21.0,21.0,21.0,22.0,22.0,23.0,20.0,22.0,23.0,21.0,10.0,locate,6,6,2.7418
1787153739.2141,2026-08-19 17:35:39.214,10,c3,0,0,-0.03814,-0.49681,0.04971,-4.1372,10.5882,-25.1539,-0.0829,0.0144,-0.3565,4.69709,23.0,23.0,19.0,21.0,24.0,20.0,24.0,21.0,24.0,22.0,27.0,21.0,24.0,23.0,24.0,21.0,22.0,23.0,22.0,21.0,22.0,21.0,21.0,22.0,21.0,22.0,21.0,22.0,21.0,21.0,21.0,22.0,22.0,23.0,20.0,22.0,23.0,21.0,10.0,locate,6,6,2.6948
1787153739.2643,2026-08-19 17:35:39.264,10,c3,0,0,-0.03813,-0.49681,0.04971,-4.1854,9.9624,-25.176,-0.0675,0.0133,-0.3604,4.68879,23.0,23.0,21.0,20.0,24.0,22.0,24.0,22.0,21.0,23.0,24.0,21.0,24.0,24.0,23.0,21.0,24.0,23.0,22.0,21.0,22.0,21.0,21.0,22.0,21.0,22.0,21.0,22.0,21.0,21.0,21.0,22.0,22.0,23.0,20.0,22.0,23.0,21.0,10.0,locate,6,6,2.7687
1787153739.3144,2026-08-19 17:35:39.314,10,c3,0,0,-0.03815,-0.49682,0.04972,-4.0751,10.2833,-25.0121,-0.0728,0.0156,-0.3561,4.6976,22.0,22.0,22.0,19.0,21.0,24.0,23.0,22.0,21.0,24.0,24.0,22.0,23.0,24.0,21.0,21.0,22.0,22.0,23.0,21.0,22.0,21.0,21.0,22.0,21.0,22.0,21.0,22.0,21.0,21.0,21.0,22.0,22.0,23.0,20.0,22.0,23.0,21.0,10.0,locate,6,6,2.6903
1787153739.3645,2026-08-19 17:35:39.364,10,c3,0,0,-0.03814,-0.4968,0.04971,-4.0134,10.1999,-25.0677,-0.0727,0.0179,-0.357,4.68753,22.0,22.0,22.0,19.0,21.0,24.0,23.0,22.0,21.0,24.0,24.0,22.0,23.0,24.0,21.0,21.0,22.0,22.0,23.0,21.0,22.0,21.0,21.0,22.0,21.0,22.0,21.0,22.0,21.0,21.0,21.0,22.0,22.0,23.0,20.0,22.0,23.0,21.0,10.0,locate,6,6,2.7799
1787153739.4147,2026-08-19 17:35:39.414,10,c3,0,0,-0.03814,-0.49682,0.04971,-3.7767,10.1233,-25.1368,-0.0712,0.0231,-0.3552,4.69583,20.0,21.0,23.0,20.0,22.0,24.0,23.0,21.0,23.0,23.0,26.0,20.0,24.0,23.0,24.0,22.0,21.0,24.0,19.0,21.0,22.0,21.0,21.0,22.0,21.0,22.0,21.0,22.0,21.0,21.0,21.0,22.0,22.0,23.0,20.0,22.0,23.0,21.0,10.0,locate,6,6,2.706
1787153739.4648,2026-08-19 17:35:39.464,10,c3,0,0,-0.03813,-0.49681,0.0497,-4.2456,10.2526,-24.9652,-0.075,0.0108,-0.3612,4.68853,20.0,21.0,23.0,20.0,22.0,24.0,23.0,21.0,23.0,23.0,26.0,20.0,24.0,23.0,24.0,22.0,21.0,24.0,19.0,21.0,22.0,21.0,21.0,22.0,21.0,22.0,21.0,22.0,21.0,21.0,21.0,22.0,22.0,23.0,20.0,22.0,23.0,21.0,10.0,locate,6,6,2.7709
1787153739.5149,2026-08-19 17:35:39.514,10,c3,0,0,-0.03814,-0.4968,0.0497,-4.3041,10.1904,-24.9845,-0.0735,0.0106,-0.3581,4.6903,20.0,23.0,20.0,19.0,22.0,22.0,24.0,22.0,21.0,23.0,24.0,22.0,23.0,23.0,24.0,24.0,23.0,24.0,22.0,21.0,22.0,21.0,21.0,22.0,21.0,22.0,21.0,22.0,21.0,21.0,21.0,22.0,22.0,23.0,20.0,22.0,23.0,21.0,10.0,locate,6,6,2.7553
1787153739.565,2026-08-19 17:35:39.565,10,c3,0,0,-0.03813,-0.49682,0.04971,-4.0433,10.086,-24.963,-0.0675,0.017,-0.3519,4.68803,21.0,21.0,21.0,20.0,22.0,23.0,24.0,24.0,23.0,22.0,25.0,23.0,24.0,22.0,23.0,21.0,22.0,23.0,20.0,21.0,22.0,21.0,21.0,22.0,21.0,22.0,21.0,22.0,21.0,21.0,21.0,22.0,22.0,23.0,20.0,22.0,23.0,21.0,10.0,locate,6,6,2.7754
1787153739.6151,2026-08-19 17:35:39.615,10,c3,0,0,-0.03813,-0.49682,0.04972,-3.8226,9.9187,-25.2791,-0.0673,0.0193,-0.3473,4.69785,21.0,21.0,21.0,20.0,22.0,23.0,24.0,24.0,23.0,22.0,25.0,23.0,24.0,22.0,23.0,21.0,22.0,23.0,20.0,21.0,22.0,21.0,21.0,22.0,21.0,22.0,21.0,22.0,21.0,21.0,21.0,22.0,22.0,23.0,20.0,22.0,23.0,21.0,10.0,locate,6,6,2.6881
1787153739.6653,2026-08-19 17:35:39.665,10,c3,0,0,-0.03813,-0.4968,0.04971,-3.9667,10.0366,-25.1326,-0.0695,0.0199,-0.359,4.68551,22.0,23.0,21.0,21.0,24.0,22.0,24.0,23.0,22.0,22.0,25.0,22.0,24.0,23.0,25.0,23.0,23.0,25.0,23.0,21.0,22.0,21.0,21.0,22.0,21.0,22.0,21.0,22.0,21.0,21.0,21.0,22.0,22.0,23.0,20.0,22.0,23.0,21.0,10.0,locate,6,6,2.7978
1787153739.7154,2026-08-19 17:35:39.715,10,c3,0,0,-0.03814,-0.49681,0.04971,-4.2784,9.8872,-25.1937,-0.0658,0.0082,-0.3566,4.69961,22.0,23.0,21.0,21.0,24.0,22.0,24.0,23.0,22.0,22.0,25.0,22.0,24.0,23.0,25.0,23.0,23.0,25.0,23.0,21.0,22.0,21.0,21.0,22.0,21.0,22.0,21.0,22.0,21.0,21.0,21.0,22.0,22.0,23.0,20.0,22.0,23.0,21.0,10.0,locate,6,6,2.6724
1787153739.7656,2026-08-19 17:35:39.765,10,c3,0,0,-0.03813,-0.49681,0.04971,-4.1397,10.51,-25.0479,-0.0819,0.0141,-0.3522,4.68325,25.0,22.0,22.0,23.0,23.0,23.0,26.0,23.0,22.0,21.0,26.0,22.0,23.0,22.0,24.0,22.0,22.0,25.0,22.0,21.0,22.0,21.0,21.0,22.0,21.0,22.0,21.0,22.0,21.0,21.0,21.0,22.0,22.0,23.0,20.0,22.0,23.0,21.0,10.0,locate,6,6,2.818
1787153739.8157,2026-08-19 17:35:39.815,10,c3,0,0,-0.03812,-0.49681,0.0497,-4.0315,10.1671,-25.2505,-0.0767,0.0163,-0.3545,4.69583,25.0,22.0,22.0,23.0,23.0,23.0,26.0,23.0,22.0,21.0,26.0,22.0,23.0,22.0,24.0,22.0,22.0,25.0,22.0,21.0,22.0,21.0,21.0,22.0,21.0,22.0,21.0,22.0,21.0,21.0,21.0,22.0,22.0,23.0,20.0,22.0,23.0,21.0,10.0,locate,6,6,2.706
1787153739.8658,2026-08-19 17:35:39.865,10,c3,0,0,-0.03814,-0.49682,0.04971,-4.2748,10.185,-25.315,-0.0727,0.0122,-0.3578,4.68954,22.0,23.0,21.0,21.0,22.0,21.0,24.0,23.0,22.0,23.0,24.0,23.0,22.0,22.0,24.0,24.0,22.0,23.0,23.0,21.0,22.0,21.0,21.0,22.0,21.0,22.0,21.0,22.0,21.0,21.0,21.0,22.0,22.0,23.0,20.0,22.0,23.0,21.0,10.0,locate,6,6,2.762
1787153739.9159,2026-08-19 17:35:39.915,10,c3,0,0,-0.03813,-0.49681,0.04971,-3.8486,10.4515,-25.3771,-0.0775,0.0226,-0.3482,4.68727,22.0,21.0,22.0,21.0,22.0,24.0,24.0,21.0,22.0,21.0,26.0,20.0,22.0,22.0,24.0,21.0,20.0,24.0,22.0,21.0,22.0,21.0,21.0,22.0,21.0,22.0,21.0,22.0,21.0,21.0,21.0,22.0,22.0,23.0,20.0,22.0,23.0,21.0,10.0,locate,6,6,2.7821
1787153739.966,2026-08-19 17:35:39.966,10,c3,1,0,-0.03814,-0.49681,0.04971,-4.1814,10.2711,-25.2677,-0.0708,0.0132,-0.3515,4.69735,22.0,21.0,22.0,21.0,22.0,24.0,24.0,21.0,22.0,21.0,26.0,20.0,22.0,22.0,24.0,21.0,20.0,24.0,22.0,21.0,22.0,21.0,21.0,22.0,21.0,22.0,21.0,22.0,21.0,21.0,21.0,22.0,22.0,23.0,20.0,22.0,23.0,21.0,10.0,press,6,6,2.6925
1787153740.0161,2026-08-19 17:35:40.016,10,c3,1,0,-0.03813,-0.4968,0.04969,-3.8575,9.9909,-25.0709,-0.0686,0.0218,-0.3522,4.69886,21.0,21.0,20.0,19.0,23.0,21.0,25.0,23.0,23.0,22.0,25.0,20.0,23.0,22.0,23.0,22.0,23.0,25.0,22.0,21.0,22.0,21.0,21.0,22.0,21.0,22.0,21.0,22.0,21.0,21.0,21.0,22.0,22.0,23.0,20.0,22.0,23.0,21.0,10.0,press,6,6,2.6791
1787153740.0662,2026-08-19 17:35:40.066,10,c3,1,0,-0.03815,-0.49683,0.04964,-4.1055,9.9815,-25.2004,-0.0668,0.0173,-0.3538,4.69458,21.0,21.0,20.0,19.0,23.0,21.0,25.0,23.0,23.0,22.0,25.0,20.0,23.0,22.0,23.0,22.0,23.0,25.0,22.0,21.0,22.0,21.0,21.0,22.0,21.0,22.0,21.0,22.0,21.0,21.0,21.0,22.0,22.0,23.0,20.0,22.0,23.0,21.0,10.0,press,6,6,2.7172
1787153740.1163,2026-08-19 17:35:40.116,10,c3,1,0,-0.03814,-0.49684,0.04955,-4.201,10.0158,-25.2068,-0.0693,0.0131,-0.3543,4.69634,20.0,23.0,20.0,20.0,23.0,21.0,24.0,23.0,21.0,22.0,25.0,23.0,23.0,23.0,25.0,22.0,23.0,24.0,23.0,21.0,22.0,21.0,21.0,22.0,21.0,22.0,21.0,22.0,21.0,21.0,21.0,22.0,22.0,23.0,20.0,22.0,23.0,21.0,10.0,press,6,6,2.7015
1787153740.1664,2026-08-19 17:35:40.166,10,c3,1,0,-0.03814,-0.49681,0.04938,-4.2013,10.1402,-24.9485,-0.0728,0.0121,-0.3588,4.68879,23.0,22.0,23.0,22.0,23.0,24.0,23.0,23.0,23.0,22.0,25.0,22.0,24.0,23.0,24.0,23.0,23.0,24.0,21.0,21.0,22.0,21.0,21.0,22.0,21.0,22.0,21.0,22.0,21.0,21.0,21.0,22.0,22.0,23.0,20.0,22.0,23.0,21.0,10.0,press,6,6,2.7687
1787153740.2166,2026-08-19 17:35:40.216,10,c3,1,0,-0.03814,-0.49682,0.0492,-4.1378,10.3642,-25.1716,-0.0785,0.0169,-0.3488,4.68652,23.0,22.0,23.0,22.0,23.0,24.0,23.0,23.0,23.0,22.0,25.0,22.0,24.0,23.0,24.0,23.0,23.0,24.0,21.0,21.0,22.0,21.0,21.0,22.0,21.0,22.0,21.0,22.0,21.0,21.0,21.0,22.0,22.0,23.0,20.0,22.0,23.0,21.0,10.0,press,6,6,2.7889
1787153740.2667,2026-08-19 17:35:40.266,10,c3,1,0,-0.03815,-0.49684,0.049,-4.2059,10.5828,-25.179,-0.0846,0.0112,-0.35,4.6835,21.0,24.0,22.0,20.0,24.0,22.0,25.0,24.0,21.0,22.0,24.0,24.0,23.0,23.0,24.0,23.0,22.0,23.0,21.0,21.0,22.0,21.0,21.0,22.0,21.0,22.0,21.0,22.0,21.0,21.0,21.0,22.0,22.0,23.0,20.0,22.0,23.0,21.0,10.0,press,6,6,2.8157
1787153740.3168,2026-08-19 17:35:40.316,10,c3,1,0,-0.03814,-0.49685,0.04876,-4.6492,10.23,-25.0372,-0.0748,0.0043,-0.3645,4.68879,21.0,24.0,22.0,20.0,24.0,22.0,25.0,24.0,21.0,22.0,24.0,24.0,23.0,23.0,24.0,23.0,22.0,23.0,21.0,21.0,22.0,21.0,21.0,22.0,21.0,22.0,21.0,22.0,21.0,21.0,21.0,22.0,22.0,23.0,20.0,22.0,23.0,21.0,10.0,press,6,6,2.7687
1787153740.3669,2026-08-19 17:35:40.366,10,c3,1,0,-0.03814,-0.49685,0.04853,-4.0763,9.9952,-25.0424,-0.0682,0.0147,-0.3597,4.68652,21.0,23.0,22.0,21.0,23.0,23.0,24.0,23.0,22.0,22.0,27.0,22.0,23.0,23.0,24.0,23.0,23.0,24.0,21.0,21.0,22.0,21.0,21.0,22.0,21.0,22.0,21.0,22.0,21.0,21.0,21.0,22.0,22.0,23.0,20.0,22.0,23.0,21.0,10.0,press,6,6,2.7889
1787153740.417,2026-08-19 17:35:40.416,10,c3,1,0,-0.03814,-0.4968,0.04819,-4.1881,10.1605,-25.1948,-0.0721,0.0128,-0.3549,4.69181,23.0,23.0,20.0,21.0,22.0,21.0,27.0,22.0,22.0,21.0,25.0,21.0,24.0,23.0,23.0,23.0,22.0,24.0,21.0,21.0,22.0,21.0,21.0,22.0,21.0,22.0,21.0,22.0,21.0,21.0,21.0,22.0,22.0,23.0,20.0,22.0,23.0,21.0,10.0,press,6,6,2.7418
1787153740.4671,2026-08-19 17:35:40.467,10,c3,1,0,-0.03813,-0.4968,0.04787,-4.2006,10.0057,-25.3217,-0.0693,0.013,-0.3534,4.69332,23.0,23.0,20.0,21.0,22.0,21.0,27.0,22.0,22.0,21.0,25.0,21.0,24.0,23.0,23.0,23.0,22.0,24.0,21.0,21.0,22.0,21.0,21.0,22.0,21.0,22.0,21.0,22.0,21.0,21.0,21.0,22.0,22.0,23.0,20.0,22.0,23.0,21.0,10.0,press,6,6,2.7284
1787153740.5172,2026-08-19 17:35:40.517,10,c3,1,0,-0.03815,-0.49683,0.04758,-4.3495,10.3161,-25.2655,-0.073,0.0125,-0.3595,4.69281,21.0,23.0,21.0,20.0,24.0,23.0,25.0,23.0,24.0,22.0,27.0,22.0,24.0,23.0,24.0,22.0,22.0,25.0,22.0,21.0,22.0,21.0,21.0,22.0,21.0,22.0,21.0,22.0,21.0,21.0,21.0,22.0,22.0,23.0,20.0,22.0,23.0,21.0,10.0,press,6,6,2.7329
1787153740.5674,2026-08-19 17:35:40.567,10,c3,1,0,-0.03813,-0.49683,0.04723,-4.116,9.6728,-25.1863,-0.0651,0.0147,-0.3577,4.68148,21.0,23.0,21.0,20.0,24.0,23.0,25.0,23.0,24.0,22.0,27.0,22.0,24.0,23.0,24.0,22.0,22.0,25.0,22.0,21.0,22.0,21.0,21.0,22.0,21.0,22.0,21.0,22.0,21.0,21.0,21.0,22.0,22.0,23.0,20.0,22.0,23.0,21.0,10.0,press,6,6,2.8337
1787153740.6175,2026-08-19 17:35:40.617,10,c3,1,0,-0.03814,-0.49683,0.04688,-4.0531,10.2008,-25.4781,-0.0715,0.0163,-0.3572,4.69785,22.0,23.0,22.0,20.0,24.0,23.0,25.0,23.0,24.0,22.0,25.0,23.0,24.0,21.0,23.0,22.0,21.0,23.0,24.0,21.0,22.0,21.0,21.0,22.0,21.0,22.0,21.0,22.0,21.0,21.0,21.0,22.0,22.0,23.0,20.0,22.0,23.0,21.0,10.0,press,6,6,2.6881
1787153740.6675,2026-08-19 17:35:40.667,10,c3,1,0,-0.03814,-0.49683,0.04654,-3.9486,10.0117,-25.2776,-0.0701,0.0171,-0.3499,4.69508,22.0,23.0,22.0,20.0,24.0,23.0,25.0,23.0,24.0,22.0,25.0,23.0,24.0,21.0,23.0,22.0,21.0,23.0,24.0,21.0,22.0,21.0,21.0,22.0,21.0,22.0,21.0,22.0,21.0,21.0,21.0,22.0,22.0,23.0,20.0,22.0,23.0,21.0,10.0,press,6,6,2.7127
1787153740.7177,2026-08-19 17:35:40.717,10,c3,1,0,-0.03815,-0.49682,0.04619,-4.1364,10.1574,-25.4642,-0.0737,0.0139,-0.3518,4.68929,23.0,24.0,20.0,22.0,24.0,21.0,24.0,23.0,23.0,23.0,27.0,22.0,24.0,24.0,25.0,23.0,24.0,25.0,23.0,21.0,22.0,21.0,21.0,22.0,21.0,22.0,21.0,22.0,21.0,21.0,21.0,22.0,22.0,23.0,20.0,22.0,23.0,21.0,10.0,press,6,6,2.7642
1787153740.7678,2026-08-19 17:35:40.767,10,c3,1,0,-0.03812,-0.49681,0.04587,-4.4973,10.5921,-24.9841,-0.081,0.0055,-0.3562,4.69281,22.0,23.0,23.0,20.0,24.0,24.0,26.0,22.0,23.0,24.0,27.0,22.0,25.0,24.0,26.0,22.0,23.0,26.0,23.0,21.0,22.0,21.0,21.0,22.0,21.0,22.0,21.0,22.0,21.0,21.0,21.0,22.0,22.0,23.0,20.0,22.0,23.0,21.0,10.0,press,6,6,2.7329
1787153740.8178,2026-08-19 17:35:40.817,10,c3,1,0,-0.03813,-0.49681,0.04554,-4.0105,10.4352,-25.1884,-0.0767,0.0151,-0.3515,4.68274,22.0,23.0,23.0,20.0,24.0,24.0,26.0,22.0,23.0,24.0,27.0,22.0,25.0,24.0,26.0,22.0,23.0,26.0,23.0,21.0,22.0,21.0,21.0,22.0,21.0,22.0,21.0,22.0,21.0,21.0,21.0,22.0,22.0,23.0,20.0,22.0,23.0,21.0,10.0,press,6,6,2.8225
1787153740.8679,2026-08-19 17:35:40.867,10,c3,1,0,-0.03815,-0.49683,0.04523,-3.9161,10.1585,-25.1483,-0.0708,0.0211,-0.3539,4.69407,21.0,24.0,22.0,20.0,24.0,23.0,26.0,23.0,25.0,22.0,27.0,22.0,25.0,23.0,25.0,24.0,22.0,25.0,25.0,21.0,22.0,21.0,21.0,22.0,21.0,22.0,21.0,22.0,21.0,21.0,21.0,22.0,22.0,23.0,20.0,22.0,23.0,21.0,10.0,press,6,6,2.7217
1787153740.918,2026-08-19 17:35:40.918,10,c3,1,0,-0.03815,-0.49683,0.0449,-4.1765,10.4308,-25.2128,-0.0788,0.0132,-0.3542,4.68325,21.0,24.0,22.0,20.0,24.0,23.0,26.0,23.0,25.0,22.0,27.0,22.0,25.0,23.0,25.0,24.0,22.0,25.0,25.0,21.0,22.0,21.0,21.0,22.0,21.0,22.0,21.0,22.0,21.0,21.0,21.0,22.0,22.0,23.0,20.0,22.0,23.0,21.0,10.0,press,6,6,2.818
1787153740.9681,2026-08-19 17:35:40.968,10,c3,1,0,-0.03813,-0.49682,0.04454,-3.7567,9.8406,-25.0414,-0.0622,0.0234,-0.3494,4.6553,22.0,24.0,21.0,22.0,25.0,23.0,27.0,22.0,23.0,24.0,26.0,21.0,25.0,24.0,24.0,22.0,24.0,23.0,21.0,21.0,22.0,21.0,21.0,22.0,21.0,22.0,21.0,22.0,21.0,21.0,21.0,22.0,22.0,23.0,20.0,22.0,23.0,21.0,10.0,press,6,6,3.0666
1787153741.0181,2026-08-19 17:35:41.018,10,c3,1,0,-0.03815,-0.49683,0.04419,-4.1099,10.1933,-24.716,-0.0734,0.0137,-0.3564,4.57246,23.0,24.0,22.0,20.0,24.0,24.0,24.0,24.0,23.0,23.0,26.0,24.0,24.0,23.0,25.0,23.0,23.0,25.0,24.0,21.0,22.0,21.0,21.0,22.0,21.0,22.0,21.0,22.0,21.0,21.0,21.0,22.0,22.0,23.0,20.0,22.0,23.0,21.0,10.0,press,6,6,3.8035
1787153741.0683,2026-08-19 17:35:41.068,10,c3,1,0,-0.03814,-0.49683,0.04387,-3.7385,9.9884,-24.4833,-0.0656,0.0263,-0.3487,4.45992,23.0,24.0,22.0,20.0,24.0,24.0,24.0,24.0,23.0,23.0,26.0,24.0,24.0,23.0,25.0,23.0,23.0,25.0,24.0,21.0,22.0,21.0,21.0,22.0,21.0,22.0,21.0,22.0,21.0,21.0,21.0,22.0,22.0,23.0,20.0,22.0,23.0,21.0,10.0,press,6,6,4.8048
1787153741.1184,2026-08-19 17:35:41.118,10,c3,1,0,-0.03813,-0.49683,0.04356,-4.1248,10.2918,-24.0033,-0.0729,0.014,-0.3524,4.36047,22.0,23.0,21.0,21.0,24.0,23.0,25.0,23.0,24.0,25.0,27.0,22.0,25.0,25.0,26.0,23.0,23.0,24.0,24.0,21.0,22.0,21.0,21.0,22.0,21.0,22.0,21.0,22.0,21.0,21.0,21.0,22.0,22.0,23.0,20.0,22.0,23.0,21.0,10.0,press,6,6,5.6895
1787153741.1685,2026-08-19 17:35:41.168,10,c3,1,0,-0.03815,-0.49682,0.04321,-4.3734,10.5244,-23.5502,-0.08,0.0087,-0.3558,4.21646,22.0,23.0,21.0,21.0,24.0,23.0,25.0,23.0,24.0,25.0,27.0,22.0,25.0,25.0,26.0,23.0,23.0,24.0,24.0,21.0,22.0,21.0,21.0,22.0,21.0,22.0,21.0,22.0,21.0,21.0,21.0,22.0,22.0,23.0,20.0,22.0,23.0,21.0,10.0,press,6,6,6.9707
1787153741.2186,2026-08-19 17:35:41.218,10,c3,1,0,-0.03814,-0.49683,0.0429,-4.2472,10.0597,-23.1207,-0.0704,0.0101,-0.3602,4.09636,21.0,23.0,23.0,21.0,26.0,26.0,27.0,24.0,26.0,27.0,29.0,24.0,26.0,27.0,26.0,26.0,24.0,25.0,25.0,21.0,22.0,21.0,21.0,22.0,21.0,22.0,21.0,22.0,21.0,21.0,21.0,22.0,22.0,23.0,20.0,22.0,23.0,21.0,10.0,press,6,6,8.0392
1787153741.2687,2026-08-19 17:35:41.268,10,c3,1,0,-0.03815,-0.49684,0.04259,-4.2297,10.2441,-22.31,-0.0774,0.0106,-0.3499,3.94278,22.0,26.0,24.0,22.0,26.0,26.0,26.0,24.0,28.0,27.0,29.0,24.0,27.0,26.0,25.0,25.0,24.0,23.0,24.0,21.0,22.0,21.0,21.0,22.0,21.0,22.0,21.0,22.0,21.0,21.0,21.0,22.0,22.0,23.0,20.0,22.0,23.0,21.0,10.0,press,6,6,9.4055
1787153741.3188,2026-08-19 17:35:41.318,10,c3,1,0,-0.03816,-0.49684,0.04224,-4.403,10.5112,-21.8241,-0.0793,0.0068,-0.3608,3.78844,22.0,26.0,24.0,22.0,26.0,26.0,26.0,24.0,28.0,27.0,29.0,24.0,27.0,26.0,25.0,25.0,24.0,23.0,24.0,21.0,22.0,21.0,21.0,22.0,21.0,22.0,21.0,22.0,21.0,21.0,21.0,22.0,22.0,23.0,20.0,22.0,23.0,21.0,10.0,press,6,6,10.7786
1787153741.3689,2026-08-19 17:35:41.368,10,c3,1,0,-0.03813,-0.49683,0.04189,-4.0333,9.975,-21.4033,-0.0664,0.0158,-0.3529,3.61547,24.0,26.0,22.0,23.0,27.0,27.0,26.0,26.0,27.0,27.0,32.0,25.0,27.0,28.0,25.0,23.0,24.0,25.0,23.0,21.0,22.0,21.0,21.0,22.0,21.0,22.0,21.0,22.0,21.0,21.0,21.0,22.0,22.0,23.0,20.0,22.0,23.0,21.0,10.0,press,6,6,12.3174
1787153741.419,2026-08-19 17:35:41.419,10,c3,1,0,-0.03814,-0.49686,0.04156,-4.0982,9.8167,-20.5516,-0.0603,0.0125,-0.3422,3.43696,24.0,26.0,22.0,23.0,27.0,27.0,26.0,26.0,27.0,27.0,32.0,25.0,27.0,28.0,25.0,23.0,24.0,25.0,23.0,21.0,22.0,21.0,21.0,22.0,21.0,22.0,21.0,22.0,21.0,21.0,21.0,22.0,22.0,23.0,20.0,22.0,23.0,21.0,10.0,press,6,6,13.9054
1787153741.4692,2026-08-19 17:35:41.469,10,c3,1,0,-0.03814,-0.49686,0.04125,-3.8799,10.1019,-19.9485,-0.0676,0.0166,-0.3539,3.24939,24.0,24.0,24.0,24.0,26.0,29.0,30.0,25.0,28.0,27.0,30.0,25.0,28.0,28.0,25.0,25.0,25.0,26.0,25.0,21.0,22.0,21.0,21.0,22.0,21.0,22.0,21.0,22.0,21.0,21.0,21.0,22.0,22.0,23.0,20.0,22.0,23.0,21.0,10.0,press,6,6,15.5742
1787153741.5193,2026-08-19 17:35:41.519,10,c3,1,0,-0.03813,-0.49685,0.04096,-3.9456,10.1078,-19.3096,-0.0657,0.0124,-0.3561,3.10739,24.0,25.0,22.0,24.0,27.0,29.0,31.0,26.0,29.0,28.0,32.0,26.0,28.0,29.0,26.0,25.0,26.0,26.0,25.0,21.0,22.0,21.0,21.0,22.0,21.0,22.0,21.0,22.0,21.0,21.0,21.0,22.0,22.0,23.0,20.0,22.0,23.0,21.0,10.0,press,6,6,16.8375
1787153741.5694,2026-08-19 17:35:41.569,10,c3,1,0,-0.03815,-0.49685,0.04069,-3.7892,9.8607,-18.8853,-0.0573,0.0155,-0.3513,2.93468,24.0,25.0,22.0,24.0,27.0,29.0,31.0,26.0,29.0,28.0,32.0,26.0,28.0,29.0,26.0,25.0,26.0,26.0,25.0,21.0,22.0,21.0,21.0,22.0,21.0,22.0,21.0,22.0,21.0,21.0,21.0,22.0,22.0,23.0,20.0,22.0,23.0,21.0,10.0,press,6,6,18.374
1787153741.6195,2026-08-19 17:35:41.619,10,c3,1,0,-0.03812,-0.49681,0.04044,-4.0269,9.9387,-18.1839,-0.0685,0.011,-0.3531,2.79217,25.0,24.0,23.0,22.0,28.0,29.0,29.0,26.0,29.0,28.0,32.0,27.0,29.0,31.0,23.0,26.0,26.0,24.0,26.0,21.0,22.0,21.0,21.0,22.0,21.0,22.0,21.0,22.0,21.0,21.0,21.0,22.0,22.0,23.0,20.0,22.0,23.0,21.0,10.0,press,6,6,19.6418
1787153741.6696,2026-08-19 17:35:41.669,10,c3,1,0,-0.03811,-0.49681,0.04024,-3.6775,9.9341,-17.7875,-0.0629,0.0172,-0.3462,2.6547,25.0,24.0,23.0,22.0,28.0,29.0,29.0,26.0,29.0,28.0,32.0,27.0,29.0,31.0,23.0,26.0,26.0,24.0,26.0,21.0,22.0,21.0,21.0,22.0,21.0,22.0,21.0,22.0,21.0,21.0,21.0,22.0,22.0,23.0,20.0,22.0,23.0,21.0,10.0,press,6,6,20.8648
1787153741.7197,2026-08-19 17:35:41.719,10,c3,1,0,-0.03812,-0.49681,0.04008,-3.7131,9.99,-17.42,-0.0687,0.017,-0.35,2.56079,26.0,24.0,24.0,25.0,27.0,30.0,31.0,28.0,31.0,28.0,34.0,27.0,29.0,33.0,24.0,24.0,27.0,26.0,24.0,21.0,22.0,21.0,21.0,22.0,21.0,22.0,21.0,22.0,21.0,21.0,21.0,22.0,22.0,23.0,20.0,22.0,23.0,21.0,10.0,press,6,6,21.7003
1787153741.7698,2026-08-19 17:35:41.769,10,c3,1,0,-0.03814,-0.49681,0.03995,-4.0223,10.0975,-17.0104,-0.0672,0.0084,-0.3555,2.48224,26.0,24.0,24.0,25.0,27.0,30.0,31.0,28.0,31.0,28.0,34.0,27.0,29.0,33.0,24.0,24.0,27.0,26.0,24.0,21.0,22.0,21.0,21.0,22.0,21.0,22.0,21.0,22.0,21.0,21.0,21.0,22.0,22.0,23.0,20.0,22.0,23.0,21.0,10.0,press,6,6,22.3991
1787153741.8199,2026-08-19 17:35:41.819,10,c3,1,0,-0.03813,-0.49682,0.03985,-3.8151,10.1225,-16.7925,-0.0665,0.0141,-0.3528,2.43239,23.0,26.0,24.0,23.0,29.0,30.0,34.0,28.0,31.0,30.0,33.0,29.0,30.0,33.0,23.0,25.0,28.0,25.0,26.0,21.0,22.0,21.0,21.0,22.0,21.0,22.0,21.0,22.0,21.0,21.0,21.0,22.0,22.0,23.0,20.0,22.0,23.0,21.0,10.0,press,6,6,22.8426
1787153741.87,2026-08-19 17:35:41.870,10,c3,1,0,-0.03813,-0.49681,0.03977,-4.0715,10.2912,-16.7641,-0.0689,0.0056,-0.3582,2.40066,26.0,26.0,25.0,26.0,29.0,32.0,33.0,26.0,33.0,28.0,34.0,26.0,30.0,33.0,23.0,26.0,28.0,26.0,25.0,21.0,22.0,21.0,21.0,22.0,21.0,22.0,21.0,22.0,21.0,21.0,21.0,22.0,22.0,23.0,20.0,22.0,23.0,21.0,10.0,press,6,6,23.1248
1787153741.9201,2026-08-19 17:35:41.920,10,c3,1,0,-0.03813,-0.49683,0.03976,-3.9946,10.0411,-16.4922,-0.0654,0.0084,-0.3535,2.38455,26.0,26.0,25.0,26.0,29.0,32.0,33.0,26.0,33.0,28.0,34.0,26.0,30.0,33.0,23.0,26.0,28.0,26.0,25.0,21.0,22.0,21.0,21.0,22.0,21.0,22.0,21.0,22.0,21.0,21.0,21.0,22.0,22.0,23.0,20.0,22.0,23.0,21.0,10.0,press,6,6,23.2682
1787153741.9702,2026-08-19 17:35:41.970,10,c3,1,0,-0.03814,-0.49682,0.03974,-3.9484,9.7847,-16.481,-0.0593,0.0132,-0.3507,2.38732,24.0,25.0,25.0,24.0,29.0,30.0,33.0,27.0,33.0,29.0,35.0,27.0,30.0,32.0,24.0,26.0,26.0,27.0,25.0,21.0,22.0,21.0,21.0,22.0,21.0,22.0,21.0,22.0,21.0,21.0,21.0,22.0,22.0,23.0,20.0,22.0,23.0,21.0,10.0,hold,6,6,23.2436
1787153742.0204,2026-08-19 17:35:42.020,10,c3,1,0,-0.03815,-0.49681,0.03972,-3.8148,9.9714,-16.4513,-0.0633,0.0122,-0.3508,2.37095,24.0,25.0,25.0,24.0,29.0,30.0,33.0,27.0,33.0,29.0,35.0,27.0,30.0,32.0,24.0,26.0,26.0,27.0,25.0,21.0,22.0,21.0,21.0,22.0,21.0,22.0,21.0,22.0,21.0,21.0,21.0,22.0,22.0,23.0,20.0,22.0,23.0,21.0,10.0,hold,6,6,23.3891
1787153742.0705,2026-08-19 17:35:42.070,10,c3,1,0,-0.03812,-0.49682,0.03971,-3.6503,9.8658,-16.3686,-0.0617,0.0163,-0.346,2.37926,23.0,26.0,26.0,23.0,29.0,32.0,34.0,28.0,33.0,30.0,36.0,27.0,30.0,34.0,23.0,25.0,29.0,27.0,24.0,21.0,22.0,21.0,21.0,22.0,21.0,22.0,21.0,22.0,21.0,21.0,21.0,22.0,22.0,23.0,20.0,22.0,23.0,21.0,10.0,hold,6,6,23.3152
1787153742.1206,2026-08-19 17:35:42.120,10,c3,1,0,-0.03814,-0.49681,0.03972,-3.7676,9.8697,-16.3812,-0.0636,0.0125,-0.3487,2.38606,23.0,26.0,26.0,23.0,28.0,32.0,32.0,28.0,33.0,32.0,35.0,28.0,30.0,34.0,23.0,25.0,28.0,26.0,24.0,21.0,22.0,21.0,21.0,22.0,21.0,22.0,21.0,22.0,21.0,21.0,21.0,22.0,22.0,23.0,20.0,22.0,23.0,21.0,10.0,hold,6,6,23.2548
1787153742.1708,2026-08-19 17:35:42.170,10,c3,1,0,-0.03813,-0.49682,0.03972,-3.8342,10.0898,-16.7757,-0.065,0.0131,-0.3533,2.39487,23.0,26.0,26.0,23.0,28.0,32.0,32.0,28.0,33.0,32.0,35.0,28.0,30.0,34.0,23.0,25.0,28.0,26.0,24.0,21.0,22.0,21.0,21.0,22.0,21.0,22.0,21.0,22.0,21.0,21.0,21.0,22.0,22.0,23.0,20.0,22.0,23.0,21.0,10.0,hold,6,6,23.1764
1787153742.2208,2026-08-19 17:35:42.220,10,c3,1,0,-0.03814,-0.49682,0.03971,-4.079,10.1082,-16.6906,-0.0659,0.0114,-0.3517,2.38883,25.0,25.0,27.0,25.0,28.0,33.0,33.0,29.0,32.0,30.0,35.0,29.0,28.0,34.0,23.0,28.0,28.0,25.0,25.0,21.0,22.0,21.0,21.0,22.0,21.0,22.0,21.0,22.0,21.0,21.0,21.0,22.0,22.0,23.0,20.0,22.0,23.0,21.0,10.0,hold,6,6,23.2301
1787153742.2709,2026-08-19 17:35:42.270,10,c3,1,0,-0.03814,-0.49682,0.03971,-4.2018,10.1854,-16.3154,-0.0662,0.0081,-0.3576,2.39739,25.0,25.0,27.0,25.0,28.0,33.0,33.0,29.0,32.0,30.0,35.0,29.0,28.0,34.0,23.0,28.0,28.0,25.0,25.0,21.0,22.0,21.0,21.0,22.0,21.0,22.0,21.0,22.0,21.0,21.0,21.0,22.0,22.0,23.0,20.0,22.0,23.0,21.0,10.0,hold,6,6,23.154
1787153742.3209,2026-08-19 17:35:42.320,10,c3,1,0,-0.03814,-0.49681,0.03972,-3.8841,9.9726,-16.5262,-0.0643,0.0132,-0.3482,2.40545,26.0,24.0,25.0,27.0,27.0,33.0,34.0,27.0,33.0,31.0,36.0,28.0,31.0,35.0,23.0,25.0,28.0,25.0,26.0,21.0,22.0,21.0,21.0,22.0,21.0,22.0,21.0,22.0,21.0,21.0,21.0,22.0,22.0,23.0,20.0,22.0,23.0,21.0,10.0,hold,6,6,23.0823
1787153742.371,2026-08-19 17:35:42.371,10,c3,1,0,-0.03812,-0.49681,0.0397,-3.8715,10.0173,-16.4908,-0.0666,0.0139,-0.3474,2.40117,25.0,25.0,26.0,25.0,27.0,32.0,33.0,25.0,33.0,30.0,35.0,26.0,30.0,34.0,22.0,23.0,28.0,25.0,24.0,21.0,22.0,21.0,21.0,22.0,21.0,22.0,21.0,22.0,21.0,21.0,21.0,22.0,22.0,23.0,20.0,22.0,23.0,21.0,10.0,hold,6,6,23.1203
1787153742.4211,2026-08-19 17:35:42.421,10,c3,1,0,-0.03815,-0.49682,0.03971,-3.9876,9.8733,-16.483,-0.0575,0.0112,-0.3498,2.41325,25.0,25.0,26.0,25.0,27.0,32.0,33.0,25.0,33.0,30.0,35.0,26.0,30.0,34.0,22.0,23.0,28.0,25.0,24.0,21.0,22.0,21.0,21.0,22.0,21.0,22.0,21.0,22.0,21.0,21.0,21.0,22.0,22.0,23.0,20.0,22.0,23.0,21.0,10.0,hold,6,6,23.0128
1787153742.4713,2026-08-19 17:35:42.471,10,c3,1,0,-0.03814,-0.49682,0.03972,-3.9428,10.1227,-16.4263,-0.0615,0.0141,-0.3539,2.41653,23.0,25.0,26.0,21.0,28.0,32.0,34.0,27.0,32.0,30.0,36.0,26.0,30.0,33.0,22.0,24.0,28.0,26.0,25.0,21.0,22.0,21.0,21.0,22.0,21.0,22.0,21.0,22.0,21.0,21.0,21.0,22.0,22.0,23.0,20.0,22.0,23.0,21.0,10.0,hold,6,6,22.9837
1787153742.5214,2026-08-19 17:35:42.521,10,c3,1,0,-0.03813,-0.49682,0.03972,-4.0346,10.6518,-16.5225,-0.076,0.0039,-0.3467,2.41476,23.0,25.0,26.0,21.0,28.0,32.0,34.0,27.0,32.0,30.0,36.0,26.0,30.0,33.0,22.0,24.0,28.0,26.0,25.0,21.0,22.0,21.0,21.0,22.0,21.0,22.0,21.0,22.0,21.0,21.0,21.0,22.0,22.0,23.0,20.0,22.0,23.0,21.0,10.0,hold,6,6,22.9994
1787153742.5716,2026-08-19 17:35:42.571,10,c3,1,0,-0.03811,-0.49681,0.03971,-3.8975,10.201,-16.593,-0.0667,0.0103,-0.3493,2.41502,22.0,24.0,25.0,22.0,26.0,31.0,34.0,28.0,31.0,30.0,36.0,28.0,28.0,33.0,25.0,24.0,28.0,28.0,24.0,21.0,22.0,21.0,21.0,22.0,21.0,22.0,21.0,22.0,21.0,21.0,21.0,22.0,22.0,23.0,20.0,22.0,23.0,21.0,10.0,hold,6,6,22.9972
1787153742.6217,2026-08-19 17:35:42.621,10,c3,1,0,-0.03815,-0.49682,0.03971,-4.1014,10.017,-16.3637,-0.0618,0.0041,-0.3598,2.41653,25.0,24.0,26.0,25.0,26.0,31.0,35.0,28.0,31.0,30.0,33.0,27.0,29.0,33.0,22.0,24.0,27.0,24.0,24.0,21.0,22.0,21.0,21.0,22.0,21.0,22.0,21.0,22.0,21.0,21.0,21.0,22.0,22.0,23.0,20.0,22.0,23.0,21.0,10.0,hold,6,6,22.9837
1787153742.6718,2026-08-19 17:35:42.671,10,c3,1,0,-0.03813,-0.49682,0.03971,-3.7902,10.0812,-16.407,-0.0648,0.0132,-0.3477,2.4271,25.0,24.0,26.0,25.0,26.0,31.0,35.0,28.0,31.0,30.0,33.0,27.0,29.0,33.0,22.0,24.0,27.0,24.0,24.0,21.0,22.0,21.0,21.0,22.0,21.0,22.0,21.0,22.0,21.0,21.0,21.0,22.0,22.0,23.0,20.0,22.0,23.0,21.0,10.0,hold,6,6,22.8897
1787153742.7219,2026-08-19 17:35:42.721,10,c3,1,0,-0.03813,-0.49681,0.0397,-3.8023,10.1707,-16.3257,-0.0656,0.015,-0.3526,2.4203,25.0,24.0,26.0,23.0,27.0,32.0,34.0,28.0,33.0,30.0,34.0,26.0,30.0,34.0,24.0,25.0,28.0,25.0,25.0,21.0,22.0,21.0,21.0,22.0,21.0,22.0,21.0,22.0,21.0,21.0,21.0,22.0,22.0,23.0,20.0,22.0,23.0,21.0,10.0,hold,6,6,22.9501
1787153742.772,2026-08-19 17:35:42.772,10,c3,1,0,-0.03811,-0.49682,0.03972,-4.1365,10.3912,-16.4587,-0.0723,0.0065,-0.3528,2.4271,25.0,24.0,26.0,23.0,27.0,32.0,34.0,28.0,33.0,30.0,34.0,26.0,30.0,34.0,24.0,25.0,28.0,25.0,25.0,21.0,22.0,21.0,21.0,22.0,21.0,22.0,21.0,22.0,21.0,21.0,21.0,22.0,22.0,23.0,20.0,22.0,23.0,21.0,10.0,hold,6,6,22.8897
1787153742.8221,2026-08-19 17:35:42.822,10,c3,1,0,-0.03812,-0.49681,0.03971,-4.2905,10.3098,-16.3509,-0.0678,0.0037,-0.355,2.42509,22.0,25.0,26.0,23.0,28.0,32.0,32.0,27.0,33.0,30.0,35.0,27.0,34.0,34.0,23.0,24.0,27.0,28.0,25.0,21.0,22.0,21.0,21.0,22.0,21.0,22.0,21.0,22.0,21.0,21.0,21.0,22.0,22.0,23.0,20.0,22.0,23.0,21.0,10.0,hold,6,6,22.9076
1787153742.8723,2026-08-19 17:35:42.872,10,c3,1,0,-0.03814,-0.49681,0.03972,-3.7757,10.0231,-16.6088,-0.065,0.0133,-0.3475,2.43541,22.0,25.0,26.0,23.0,28.0,32.0,32.0,27.0,33.0,30.0,35.0,27.0,34.0,34.0,23.0,24.0,27.0,28.0,25.0,21.0,22.0,21.0,21.0,22.0,21.0,22.0,21.0,22.0,21.0,21.0,21.0,22.0,22.0,23.0,20.0,22.0,23.0,21.0,10.0,hold,6,6,22.8157
1787153742.9224,2026-08-19 17:35:42.922,10,c3,1,0,-0.03814,-0.49681,0.03971,-4.1893,10.3693,-16.586,-0.0704,0.0035,-0.3546,2.42685,23.0,26.0,26.0,22.0,29.0,32.0,33.0,26.0,33.0,28.0,36.0,26.0,31.0,32.0,26.0,25.0,26.0,27.0,24.0,21.0,22.0,21.0,21.0,22.0,21.0,22.0,21.0,22.0,21.0,21.0,21.0,22.0,22.0,23.0,20.0,22.0,23.0,21.0,10.0,hold,6,6,22.8919
1787153742.9726,2026-08-19 17:35:42.972,10,c3,1,0,-0.03813,-0.49681,0.03972,-3.8587,9.9595,-16.636,-0.0637,0.0116,-0.3509,2.43516,24.0,25.0,26.0,22.0,29.0,33.0,34.0,29.0,32.0,31.0,34.0,29.0,29.0,35.0,21.0,26.0,29.0,25.0,25.0,21.0,22.0,21.0,21.0,22.0,21.0,22.0,21.0,22.0,21.0,21.0,21.0,22.0,22.0,23.0,20.0,22.0,23.0,21.0,10.0,hold,6,6,22.818
1787153743.0227,2026-08-19 17:35:43.022,10,c3,1,0,-0.03813,-0.4968,0.0397,-3.9734,9.9941,-16.6117,-0.0602,0.011,-0.3469,2.43339,24.0,25.0,26.0,22.0,29.0,33.0,34.0,29.0,32.0,31.0,34.0,29.0,29.0,35.0,21.0,26.0,29.0,25.0,25.0,21.0,22.0,21.0,21.0,22.0,21.0,22.0,21.0,22.0,21.0,21.0,21.0,22.0,22.0,23.0,20.0,22.0,23.0,21.0,10.0,hold,6,6,22.8337
1787153743.0728,2026-08-19 17:35:43.072,10,c3,1,0,-0.03812,-0.49682,0.03973,-3.8922,9.9026,-16.5727,-0.0595,0.0125,-0.3472,2.42811,23.0,25.0,27.0,23.0,27.0,33.0,32.0,28.0,33.0,31.0,35.0,26.0,30.0,34.0,24.0,25.0,27.0,26.0,26.0,21.0,22.0,21.0,21.0,22.0,21.0,22.0,21.0,22.0,21.0,21.0,21.0,22.0,22.0,23.0,20.0,22.0,23.0,21.0,10.0,hold,6,6,22.8807
1787153743.1229,2026-08-19 17:35:43.122,10,c3,1,0,-0.03814,-0.49681,0.03971,-3.7404,10.0088,-16.612,-0.0644,0.0168,-0.3511,2.44095,23.0,25.0,27.0,23.0,27.0,33.0,32.0,28.0,33.0,31.0,35.0,26.0,30.0,34.0,24.0,25.0,27.0,26.0,26.0,21.0,22.0,21.0,21.0,22.0,21.0,22.0,21.0,22.0,21.0,21.0,21.0,22.0,22.0,23.0,20.0,22.0,23.0,21.0,10.0,hold,6,6,22.7665
1787153743.173,2026-08-19 17:35:43.173,10,c3,1,0,-0.03813,-0.49681,0.03971,-3.974,10.0278,-16.6345,-0.0648,0.0097,-0.3491,2.43516,24.0,25.0,25.0,22.0,28.0,31.0,35.0,27.0,32.0,31.0,36.0,26.0,30.0,34.0,24.0,25.0,29.0,27.0,24.0,21.0,22.0,21.0,21.0,22.0,21.0,22.0,21.0,22.0,21.0,21.0,21.0,22.0,22.0,23.0,20.0,22.0,23.0,21.0,10.0,hold,6,6,22.818
1787153743.2231,2026-08-19 17:35:43.223,10,c3,1,0,-0.03812,-0.49682,0.03972,-4.0647,10.1651,-16.5098,-0.0689,0.0085,-0.3546,2.44296,24.0,25.0,27.0,24.0,27.0,32.0,32.0,26.0,32.0,29.0,35.0,27.0,29.0,34.0,24.0,25.0,28.0,26.0,25.0,21.0,22.0,21.0,21.0,22.0,21.0,22.0,21.0,22.0,21.0,21.0,21.0,22.0,22.0,23.0,20.0,22.0,23.0,21.0,10.0,hold,6,6,22.7485
1787153743.2733,2026-08-19 17:35:43.273,10,c3,1,0,-0.03814,-0.49682,0.03971,-3.8183,10.2261,-16.5235,-0.0639,0.0141,-0.3555,2.43616,24.0,25.0,27.0,24.0,27.0,32.0,32.0,26.0,32.0,29.0,35.0,27.0,29.0,34.0,24.0,25.0,28.0,26.0,25.0,21.0,22.0,21.0,21.0,22.0,21.0,22.0,21.0,22.0,21.0,21.0,21.0,22.0,22.0,23.0,20.0,22.0,23.0,21.0,10.0,hold,6,6,22.809
1787153743.3234,2026-08-19 17:35:43.323,10,c3,1,0,-0.03815,-0.49683,0.03973,-4.012,10.0892,-16.4434,-0.0633,0.0088,-0.3457,2.43113,23.0,25.0,24.0,23.0,28.0,31.0,32.0,29.0,32.0,30.0,36.0,28.0,29.0,34.0,23.0,25.0,28.0,26.0,25.0,21.0,22.0,21.0,21.0,22.0,21.0,22.0,21.0,22.0,21.0,21.0,21.0,22.0,22.0,23.0,20.0,22.0,23.0,21.0,10.0,hold,6,6,22.8538
1787153743.3736,2026-08-19 17:35:43.373,10,c3,1,0,-0.03814,-0.49682,0.03972,-3.5259,10.0156,-16.4614,-0.0627,0.0198,-0.3504,2.44296,23.0,25.0,24.0,23.0,28.0,31.0,32.0,29.0,32.0,30.0,36.0,28.0,29.0,34.0,23.0,25.0,28.0,26.0,25.0,21.0,22.0,21.0,21.0,22.0,21.0,22.0,21.0,22.0,21.0,21.0,21.0,22.0,22.0,23.0,20.0,22.0,23.0,21.0,10.0,hold,6,6,22.7485
1787153743.4238,2026-08-19 17:35:43.423,10,c3,1,0,-0.03813,-0.49682,0.03973,-4.0395,10.3618,-16.2842,-0.0749,0.0076,-0.3536,2.43818,25.0,24.0,26.0,24.0,26.0,31.0,35.0,27.0,32.0,29.0,37.0,26.0,30.0,34.0,24.0,24.0,28.0,27.0,26.0,21.0,22.0,21.0,21.0,22.0,21.0,22.0,21.0,22.0,21.0,21.0,21.0,22.0,22.0,23.0,20.0,22.0,23.0,21.0,10.0,hold,6,6,22.7911
1787153743.4738,2026-08-19 17:35:43.473,10,c3,1,0,-0.03812,-0.49681,0.03972,-3.5958,9.9097,-16.5455,-0.061,0.0219,-0.349,2.449,24.0,24.0,25.0,22.0,27.0,31.0,35.0,28.0,31.0,31.0,36.0,27.0,30.0,35.0,24.0,26.0,28.0,25.0,25.0,21.0,22.0,21.0,21.0,22.0,21.0,22.0,21.0,22.0,21.0,21.0,21.0,22.0,22.0,23.0,20.0,22.0,23.0,21.0,10.0,hold,6,6,22.6948
1787153743.5239,2026-08-19 17:35:43.523,10,c3,1,0,-0.03813,-0.49681,0.03971,-3.9179,10.2335,-16.8621,-0.0713,0.0094,-0.3496,2.44296,24.0,24.0,25.0,22.0,27.0,31.0,35.0,28.0,31.0,31.0,36.0,27.0,30.0,35.0,24.0,26.0,28.0,25.0,25.0,21.0,22.0,21.0,21.0,22.0,21.0,22.0,21.0,22.0,21.0,21.0,21.0,22.0,22.0,23.0,20.0,22.0,23.0,21.0,10.0,hold,6,6,22.7485
1787153743.574,2026-08-19 17:35:43.573,10,c3,1,0,-0.03814,-0.49683,0.03973,-3.9919,10.2034,-16.4903,-0.067,0.0118,-0.3539,2.45127,25.0,25.0,25.0,25.0,27.0,32.0,33.0,28.0,30.0,30.0,35.0,28.0,28.0,34.0,24.0,26.0,27.0,26.0,26.0,21.0,22.0,21.0,21.0,22.0,21.0,22.0,21.0,22.0,21.0,21.0,21.0,22.0,22.0,23.0,20.0,22.0,23.0,21.0,10.0,hold,6,6,22.6746
1787153743.6241,2026-08-19 17:35:43.624,10,c3,1,0,-0.03814,-0.49682,0.03972,-4.1466,10.1889,-16.6113,-0.0684,0.0052,-0.3481,2.4485,25.0,25.0,25.0,25.0,27.0,32.0,33.0,28.0,30.0,30.0,35.0,28.0,28.0,34.0,24.0,26.0,27.0,26.0,26.0,21.0,22.0,21.0,21.0,22.0,21.0,22.0,21.0,22.0,21.0,21.0,21.0,22.0,22.0,23.0,20.0,22.0,23.0,21.0,10.0,hold,6,6,22.6993
1787153743.6742,2026-08-19 17:35:43.674,10,c3,1,0,-0.03815,-0.49682,0.03971,-3.7585,10.0902,-16.5646,-0.066,0.0163,-0.3519,2.45303,25.0,23.0,24.0,24.0,24.0,31.0,33.0,26.0,32.0,29.0,35.0,25.0,30.0,32.0,24.0,23.0,27.0,26.0,24.0,21.0,22.0,21.0,21.0,22.0,21.0,22.0,21.0,22.0,21.0,21.0,21.0,22.0,22.0,23.0,20.0,22.0,23.0,21.0,10.0,hold,6,6,22.6589
1787153743.7244,2026-08-19 17:35:43.724,10,c3,1,0,-0.03813,-0.49682,0.03972,-3.5547,9.9449,-16.4968,-0.0608,0.0151,-0.3495,2.45379,25.0,23.0,24.0,24.0,24.0,31.0,33.0,26.0,32.0,29.0,35.0,25.0,30.0,32.0,24.0,23.0,27.0,26.0,24.0,21.0,22.0,21.0,21.0,22.0,21.0,22.0,21.0,22.0,21.0,21.0,21.0,22.0,22.0,23.0,20.0,22.0,23.0,21.0,10.0,hold,6,6,22.6522
1787153743.7746,2026-08-19 17:35:43.774,10,c3,1,0,-0.03814,-0.49682,0.03973,-3.7339,9.9646,-16.4214,-0.0638,0.0164,-0.3476,2.44321,24.0,25.0,24.0,23.0,27.0,31.0,34.0,27.0,31.0,29.0,36.0,26.0,29.0,34.0,24.0,25.0,28.0,26.0,25.0,21.0,22.0,21.0,21.0,22.0,21.0,22.0,21.0,22.0,21.0,21.0,21.0,22.0,22.0,23.0,20.0,22.0,23.0,21.0,10.0,hold,6,6,22.7463
1787153743.8247,2026-08-19 17:35:43.824,10,c3,1,0,-0.03813,-0.49681,0.03972,-3.8613,9.7225,-16.6514,-0.0565,0.0141,-0.3527,2.4553,23.0,24.0,24.0,23.0,26.0,30.0,35.0,26.0,33.0,31.0,36.0,26.0,30.0,34.0,22.0,25.0,27.0,26.0,25.0,21.0,22.0,21.0,21.0,22.0,21.0,22.0,21.0,22.0,21.0,21.0,21.0,22.0,22.0,23.0,20.0,22.0,23.0,21.0,10.0,hold,6,6,22.6388
1787153743.8748,2026-08-19 17:35:43.874,10,c3,1,0,-0.03814,-0.49682,0.03972,-4.144,9.7801,-16.7536,-0.0568,0.0049,-0.352,2.448,23.0,24.0,24.0,23.0,26.0,30.0,35.0,26.0,33.0,31.0,36.0,26.0,30.0,34.0,22.0,25.0,27.0,26.0,25.0,21.0,22.0,21.0,21.0,22.0,21.0,22.0,21.0,22.0,21.0,21.0,21.0,22.0,22.0,23.0,20.0,22.0,23.0,21.0,10.0,hold,6,6,22.7037
1787153743.9249,2026-08-19 17:35:43.924,10,c3,1,0,-0.03812,-0.49682,0.03972,-3.9774,10.0953,-16.572,-0.064,0.0116,-0.355,2.45807,23.0,24.0,27.0,23.0,27.0,32.0,34.0,26.0,32.0,29.0,34.0,26.0,30.0,34.0,25.0,24.0,29.0,25.0,24.0,21.0,22.0,21.0,21.0,22.0,21.0,22.0,21.0,22.0,21.0,21.0,21.0,22.0,22.0,23.0,20.0,22.0,23.0,21.0,10.0,hold,6,6,22.6141
1787153743.975,2026-08-19 17:35:43.975,10,c3,1,0,-0.03813,-0.49681,0.03972,-3.6727,9.9735,-16.7593,-0.0643,0.0187,-0.3518,2.45127,23.0,24.0,27.0,23.0,27.0,32.0,34.0,26.0,32.0,29.0,34.0,26.0,30.0,34.0,25.0,24.0,29.0,25.0,24.0,21.0,22.0,21.0,21.0,22.0,21.0,22.0,21.0,22.0,21.0,21.0,21.0,22.0,22.0,23.0,20.0,22.0,23.0,21.0,10.0,hold,6,6,22.6746
1787153744.0252,2026-08-19 17:35:44.025,10,c3,1,0,-0.03814,-0.49681,0.03971,-3.8769,9.6973,-16.8023,-0.0606,0.0134,-0.3432,2.45253,22.0,24.0,25.0,22.0,27.0,31.0,34.0,25.0,32.0,31.0,34.0,25.0,30.0,33.0,23.0,23.0,28.0,26.0,24.0,21.0,22.0,21.0,21.0,22.0,21.0,22.0,21.0,22.0,21.0,21.0,21.0,22.0,22.0,23.0,20.0,22.0,23.0,21.0,10.0,hold,6,6,22.6634
1787153744.0754,2026-08-19 17:35:44.075,10,c3,1,0,-0.03814,-0.49683,0.03973,-3.8458,9.9598,-16.6307,-0.0649,0.012,-0.3468,2.45731,23.0,25.0,26.0,24.0,28.0,31.0,32.0,27.0,32.0,31.0,35.0,26.0,27.0,34.0,23.0,25.0,27.0,25.0,24.0,21.0,22.0,21.0,21.0,22.0,21.0,22.0,21.0,22.0,21.0,21.0,21.0,22.0,22.0,23.0,20.0,22.0,23.0,21.0,10.0,hold,6,6,22.6209
1787153744.1255,2026-08-19 17:35:44.125,10,c3,1,0,-0.03813,-0.49682,0.03972,-3.5733,10.0123,-16.6535,-0.0642,0.0185,-0.3494,2.45354,23.0,25.0,26.0,24.0,28.0,31.0,32.0,27.0,32.0,31.0,35.0,26.0,27.0,34.0,23.0,25.0,27.0,25.0,24.0,21.0,22.0,21.0,21.0,22.0,21.0,22.0,21.0,22.0,21.0,21.0,21.0,22.0,22.0,23.0,20.0,22.0,23.0,21.0,10.0,hold,6,6,22.6545
1787153744.1756,2026-08-19 17:35:44.175,10,c3,1,0,-0.03814,-0.49681,0.03972,-4.1587,10.1219,-16.5606,-0.0667,0.0067,-0.3565,2.4631,22.0,22.0,24.0,22.0,25.0,32.0,32.0,28.0,32.0,30.0,36.0,28.0,29.0,34.0,25.0,24.0,27.0,27.0,26.0,21.0,22.0,21.0,21.0,22.0,21.0,22.0,21.0,22.0,21.0,21.0,21.0,22.0,22.0,23.0,20.0,22.0,23.0,21.0,10.0,hold,6,6,22.5693
1787153744.2258,2026-08-19 17:35:44.225,10,c3,1,0,-0.03813,-0.49681,0.03971,-4.2113,10.2718,-16.4836,-0.0706,0.003,-0.3552,2.45756,22.0,22.0,24.0,22.0,25.0,32.0,32.0,28.0,32.0,30.0,36.0,28.0,29.0,34.0,25.0,24.0,27.0,27.0,26.0,21.0,22.0,21.0,21.0,22.0,21.0,22.0,21.0,22.0,21.0,21.0,21.0,22.0,22.0,23.0,20.0,22.0,23.0,21.0,10.0,hold,6,6,22.6186
1787153744.2759,2026-08-19 17:35:44.275,10,c3,1,0,-0.03812,-0.49681,0.03971,-4.0428,10.2855,-16.5827,-0.0709,0.0068,-0.3565,2.46336,24.0,24.0,26.0,25.0,27.0,32.0,34.0,26.0,31.0,32.0,35.0,26.0,29.0,35.0,24.0,25.0,29.0,27.0,24.0,21.0,22.0,21.0,21.0,22.0,21.0,22.0,21.0,22.0,21.0,21.0,21.0,22.0,22.0,23.0,20.0,22.0,23.0,21.0,10.0,hold,6,6,22.5671
1787153744.326,2026-08-19 17:35:44.326,10,c3,1,0,-0.03814,-0.49682,0.03972,-4.0303,10.3478,-16.4666,-0.0689,0.0087,-0.3484,2.45832,23.0,25.0,25.0,23.0,27.0,33.0,33.0,27.0,32.0,32.0,34.0,28.0,30.0,35.0,23.0,24.0,29.0,25.0,24.0,21.0,22.0,21.0,21.0,22.0,21.0,22.0,21.0,22.0,21.0,21.0,21.0,22.0,22.0,23.0,20.0,22.0,23.0,21.0,10.0,hold,6,6,22.6119
1787153744.3761,2026-08-19 17:35:44.376,10,c3,1,0,-0.03815,-0.49682,0.03973,-4.321,10.4066,-16.5112,-0.073,0.0018,-0.3585,2.46411,23.0,25.0,25.0,23.0,27.0,33.0,33.0,27.0,32.0,32.0,34.0,28.0,30.0,35.0,23.0,24.0,29.0,25.0,24.0,21.0,22.0,21.0,21.0,22.0,21.0,22.0,21.0,22.0,21.0,21.0,21.0,22.0,22.0,23.0,20.0,22.0,23.0,21.0,10.0,hold,6,6,22.5604
1787153744.4263,2026-08-19 17:35:44.426,10,c3,1,0,-0.03813,-0.49682,0.03973,-4.3661,10.175,-16.6912,-0.0684,0.0005,-0.3566,2.45454,24.0,26.0,27.0,25.0,28.0,33.0,32.0,28.0,32.0,32.0,35.0,28.0,30.0,35.0,24.0,25.0,29.0,26.0,27.0,21.0,22.0,21.0,21.0,22.0,21.0,22.0,21.0,22.0,21.0,21.0,21.0,22.0,22.0,23.0,20.0,22.0,23.0,21.0,10.0,hold,6,6,22.6455
1787153744.4765,2026-08-19 17:35:44.476,10,c3,1,0,-0.03814,-0.49683,0.03973,-4.0612,10.2702,-16.4761,-0.0728,0.0074,-0.3495,2.46235,24.0,26.0,27.0,25.0,28.0,33.0,32.0,28.0,32.0,32.0,35.0,28.0,30.0,35.0,24.0,25.0,29.0,26.0,27.0,21.0,22.0,21.0,21.0,22.0,21.0,22.0,21.0,22.0,21.0,21.0,21.0,22.0,22.0,23.0,20.0,22.0,23.0,21.0,10.0,hold,6,6,22.5761
1787153744.5266,2026-08-19 17:35:44.526,10,c3,1,0,-0.03813,-0.49681,0.03971,-4.0221,10.3181,-16.7089,-0.0699,0.0101,-0.3536,2.45631,25.0,24.0,28.0,25.0,28.0,33.0,33.0,27.0,32.0,31.0,35.0,28.0,29.0,35.0,24.0,25.0,30.0,27.0,24.0,21.0,22.0,21.0,21.0,22.0,21.0,22.0,21.0,22.0,21.0,21.0,21.0,22.0,22.0,23.0,20.0,22.0,23.0,21.0,10.0,hold,6,6,22.6298
1787153744.5767,2026-08-19 17:35:44.576,10,c3,1,0,-0.03813,-0.49682,0.03971,-3.878,10.4316,-16.725,-0.074,0.0147,-0.3512,2.45807,24.0,26.0,27.0,25.0,29.0,33.0,33.0,28.0,32.0,32.0,34.0,28.0,30.0,36.0,23.0,27.0,29.0,24.0,26.0,21.0,22.0,21.0,21.0,22.0,21.0,22.0,21.0,22.0,21.0,21.0,21.0,22.0,22.0,23.0,20.0,22.0,23.0,21.0,10.0,hold,6,6,22.6141
1787153744.6269,2026-08-19 17:35:44.626,10,c3,1,0,-0.03814,-0.49682,0.03971,-3.5238,9.6428,-16.7936,-0.0554,0.0222,-0.3498,2.45631,24.0,26.0,27.0,25.0,29.0,33.0,33.0,28.0,32.0,32.0,34.0,28.0,30.0,36.0,23.0,27.0,29.0,24.0,26.0,21.0,22.0,21.0,21.0,22.0,21.0,22.0,21.0,22.0,21.0,21.0,21.0,22.0,22.0,23.0,20.0,22.0,23.0,21.0,10.0,hold,6,6,22.6298
1787153744.677,2026-08-19 17:35:44.677,10,c3,1,0,-0.03814,-0.49682,0.03973,-3.9202,9.7313,-16.6331,-0.0564,0.0152,-0.3477,2.46436,23.0,26.0,27.0,23.0,29.0,33.0,33.0,27.0,33.0,31.0,36.0,27.0,29.0,34.0,22.0,25.0,29.0,26.0,24.0,21.0,22.0,21.0,21.0,22.0,21.0,22.0,21.0,22.0,21.0,21.0,21.0,22.0,22.0,23.0,20.0,22.0,23.0,21.0,10.0,hold,6,6,22.5581
1787153744.7271,2026-08-19 17:35:44.727,10,c3,1,0,-0.03813,-0.49681,0.03972,-4.1395,10.1581,-16.6664,-0.0672,0.0051,-0.3507,2.45807,23.0,26.0,27.0,23.0,29.0,33.0,33.0,27.0,33.0,31.0,36.0,27.0,29.0,34.0,22.0,25.0,29.0,26.0,24.0,21.0,22.0,21.0,21.0,22.0,21.0,22.0,21.0,22.0,21.0,21.0,21.0,22.0,22.0,23.0,20.0,22.0,23.0,21.0,10.0,hold,6,6,22.6141
1787153744.7773,2026-08-19 17:35:44.777,10,c3,1,0,-0.03813,-0.49681,0.03971,-4.0517,10.5058,-16.5879,-0.0768,0.006,-0.3518,2.45681,24.0,26.0,26.0,23.0,29.0,32.0,34.0,28.0,33.0,31.0,35.0,28.0,31.0,36.0,24.0,25.0,29.0,26.0,24.0,21.0,22.0,21.0,21.0,22.0,21.0,22.0,21.0,22.0,21.0,21.0,21.0,22.0,22.0,23.0,20.0,22.0,23.0,21.0,10.0,hold,6,6,22.6253
1787153744.8274,2026-08-19 17:35:44.827,10,c3,1,0,-0.03814,-0.49682,0.03972,-3.893,9.8705,-16.6811,-0.061,0.0126,-0.3529,2.46587,24.0,26.0,26.0,23.0,29.0,32.0,34.0,28.0,33.0,31.0,35.0,28.0,31.0,36.0,24.0,25.0,29.0,26.0,24.0,21.0,22.0,21.0,21.0,22.0,21.0,22.0,21.0,22.0,21.0,21.0,21.0,22.0,22.0,23.0,20.0,22.0,23.0,21.0,10.0,hold,6,6,22.5447
1787153744.8776,2026-08-19 17:35:44.877,10,c3,1,0,-0.03813,-0.49682,0.03973,-3.9056,10.5187,-16.5783,-0.078,0.0112,-0.3588,2.46008,26.0,26.0,26.0,25.0,28.0,32.0,33.0,28.0,30.0,31.0,36.0,29.0,30.0,33.0,25.0,26.0,27.0,26.0,28.0,21.0,22.0,21.0,21.0,22.0,21.0,22.0,21.0,22.0,21.0,21.0,21.0,22.0,22.0,23.0,20.0,22.0,23.0,21.0,10.0,hold,6,6,22.5962
1787153744.9278,2026-08-19 17:35:44.927,10,c3,1,0,-0.03814,-0.49682,0.03973,-4.0559,10.1271,-16.7688,-0.0652,0.0072,-0.3561,2.46336,24.0,24.0,25.0,26.0,26.0,33.0,34.0,29.0,33.0,30.0,34.0,29.0,31.0,35.0,22.0,28.0,29.0,25.0,27.0,21.0,22.0,21.0,21.0,22.0,21.0,22.0,21.0,22.0,21.0,21.0,21.0,22.0,22.0,23.0,20.0,22.0,23.0,21.0,10.0,hold,6,6,22.5671
1787153744.9779,2026-08-19 17:35:44.977,10,c3,1,0,-0.03814,-0.49682,0.03972,-3.6784,10.0083,-16.7974,-0.0653,0.0156,-0.3464,2.46512,24.0,24.0,25.0,26.0,26.0,33.0,34.0,29.0,33.0,30.0,34.0,29.0,31.0,35.0,22.0,28.0,29.0,25.0,27.0,21.0,22.0,21.0,21.0,22.0,21.0,22.0,21.0,22.0,21.0,21.0,21.0,22.0,22.0,23.0,20.0,22.0,23.0,21.0,10.0,hold,6,6,22.5514
1787153745.028,2026-08-19 17:35:45.028,10,c3,1,0,-0.03813,-0.49681,0.03971,-4.1829,10.0754,-16.5737,-0.0646,0.0074,-0.348,2.46084,25.0,26.0,26.0,26.0,29.0,31.0,33.0,27.0,33.0,31.0,34.0,26.0,31.0,33.0,23.0,25.0,28.0,26.0,25.0,21.0,22.0,21.0,21.0,22.0,21.0,22.0,21.0,22.0,21.0,21.0,21.0,22.0,22.0,23.0,20.0,22.0,23.0,21.0,10.0,hold,6,6,22.5895
1787153745.0782,2026-08-19 17:35:45.078,10,c3,1,0,-0.03813,-0.49682,0.03973,-3.8853,10.0093,-16.6413,-0.0618,0.0151,-0.3504,2.4694,25.0,26.0,26.0,26.0,29.0,31.0,33.0,27.0,33.0,31.0,34.0,26.0,31.0,33.0,23.0,25.0,28.0,26.0,25.0,21.0,22.0,21.0,21.0,22.0,21.0,22.0,21.0,22.0,21.0,21.0,21.0,22.0,22.0,23.0,20.0,22.0,23.0,21.0,10.0,hold,6,6,22.5134
1787153745.1283,2026-08-19 17:35:45.128,10,c3,1,0,-0.03815,-0.49682,0.03973,-4.1607,10.1743,-16.6148,-0.0699,0.0053,-0.3477,2.45807,25.0,26.0,26.0,24.0,29.0,34.0,34.0,26.0,32.0,29.0,35.0,27.0,30.0,33.0,23.0,24.0,28.0,25.0,27.0,21.0,22.0,21.0,21.0,22.0,21.0,22.0,21.0,22.0,21.0,21.0,21.0,22.0,22.0,23.0,20.0,22.0,23.0,21.0,10.0,hold,6,6,22.6141
1787153745.1785,2026-08-19 17:35:45.178,10,c3,1,0,-0.03814,-0.49681,0.03972,-4.0008,10.2999,-16.7926,-0.0692,0.0124,-0.3581,2.4631,24.0,25.0,26.0,24.0,27.0,31.0,35.0,28.0,32.0,29.0,35.0,28.0,30.0,33.0,24.0,25.0,28.0,25.0,25.0,21.0,22.0,21.0,21.0,22.0,21.0,22.0,21.0,22.0,21.0,21.0,21.0,22.0,22.0,23.0,20.0,22.0,23.0,21.0,10.0,hold,6,6,22.5693
1787153745.2286,2026-08-19 17:35:45.228,10,c3,1,0,-0.03813,-0.49682,0.03972,-4.0833,10.092,-16.5494,-0.0664,0.0075,-0.3507,2.46109,24.0,25.0,26.0,24.0,27.0,31.0,35.0,28.0,32.0,29.0,35.0,28.0,30.0,33.0,24.0,25.0,28.0,25.0,25.0,21.0,22.0,21.0,21.0,22.0,21.0,22.0,21.0,22.0,21.0,21.0,21.0,22.0,22.0,23.0,20.0,22.0,23.0,21.0,10.0,hold,6,6,22.5873
1787153745.2788,2026-08-19 17:35:45.278,10,c3,1,0,-0.03814,-0.49682,0.03972,-4.0834,10.1229,-16.5993,-0.0693,0.0096,-0.3551,2.45933,25.0,26.0,25.0,24.0,27.0,31.0,35.0,27.0,31.0,30.0,36.0,27.0,30.0,34.0,25.0,25.0,27.0,25.0,26.0,21.0,22.0,21.0,21.0,22.0,21.0,22.0,21.0,22.0,21.0,21.0,21.0,22.0,22.0,23.0,20.0,22.0,23.0,21.0,10.0,hold,6,6,22.6029
1787153745.3289,2026-08-19 17:35:45.328,10,c3,1,0,-0.03812,-0.49682,0.03972,-4.1126,10.2026,-16.6133,-0.0677,0.0066,-0.3512,2.4694,25.0,26.0,25.0,24.0,27.0,31.0,35.0,27.0,31.0,30.0,36.0,27.0,30.0,34.0,25.0,25.0,27.0,25.0,26.0,21.0,22.0,21.0,21.0,22.0,21.0,22.0,21.0,22.0,21.0,21.0,21.0,22.0,22.0,23.0,20.0,22.0,23.0,21.0,10.0,hold,6,6,22.5134
1787153745.3789,2026-08-19 17:35:45.378,10,c3,1,0,-0.03814,-0.49682,0.03971,-3.5947,10.0746,-16.9478,-0.0653,0.0174,-0.3486,2.45933,24.0,24.0,25.0,24.0,27.0,32.0,34.0,27.0,32.0,30.0,35.0,26.0,30.0,34.0,23.0,25.0,28.0,26.0,23.0,21.0,22.0,21.0,21.0,22.0,21.0,22.0,21.0,22.0,21.0,21.0,21.0,22.0,22.0,23.0,20.0,22.0,23.0,21.0,10.0,hold,6,6,22.6029
1787153745.429,2026-08-19 17:35:45.429,10,c3,1,0,-0.03812,-0.49681,0.03971,-4.1367,9.8164,-16.6054,-0.059,0.0064,-0.3557,2.4694,26.0,26.0,26.0,24.0,28.0,31.0,33.0,27.0,33.0,28.0,34.0,28.0,31.0,33.0,22.0,23.0,27.0,25.0,24.0,21.0,22.0,21.0,21.0,22.0,21.0,22.0,21.0,22.0,21.0,21.0,21.0,22.0,22.0,23.0,20.0,22.0,23.0,21.0,10.0,hold,6,6,22.5134
1787153745.4792,2026-08-19 17:35:45.479,10,c3,1,0,-0.03814,-0.49682,0.03971,-3.8236,9.8891,-16.6035,-0.0634,0.0125,-0.3485,2.46336,26.0,26.0,26.0,24.0,28.0,31.0,33.0,27.0,33.0,28.0,34.0,28.0,31.0,33.0,22.0,23.0,27.0,25.0,24.0,21.0,22.0,21.0,21.0,22.0,21.0,22.0,21.0,22.0,21.0,21.0,21.0,22.0,22.0,23.0,20.0,22.0,23.0,21.0,10.0,hold,6,6,22.5671
1787153745.5293,2026-08-19 17:35:45.529,10,c3,1,0,-0.03816,-0.49682,0.03971,-4.062,10.2042,-16.8015,-0.0692,0.0099,-0.3502,2.46864,23.0,26.0,25.0,24.0,28.0,31.0,34.0,26.0,32.0,33.0,35.0,26.0,29.0,35.0,23.0,23.0,28.0,26.0,24.0,21.0,22.0,21.0,21.0,22.0,21.0,22.0,21.0,22.0,21.0,21.0,21.0,22.0,22.0,23.0,20.0,22.0,23.0,21.0,10.0,hold,6,6,22.5201
1787153745.5794,2026-08-19 17:35:45.579,10,c3,1,0,-0.03815,-0.49682,0.03972,-3.9767,10.4764,-16.7121,-0.0771,0.0101,-0.3521,2.46738,23.0,26.0,25.0,24.0,28.0,31.0,34.0,26.0,32.0,33.0,35.0,26.0,29.0,35.0,23.0,23.0,28.0,26.0,24.0,21.0,22.0,21.0,21.0,22.0,21.0,22.0,21.0,22.0,21.0,21.0,21.0,22.0,22.0,23.0,20.0,22.0,23.0,21.0,10.0,hold,6,6,22.5313
1787153745.6295,2026-08-19 17:35:45.629,10,c3,1,0,-0.03814,-0.49681,0.03971,-3.6869,10.0423,-16.7192,-0.0647,0.0179,-0.3474,2.46638,22.0,24.0,27.0,23.0,27.0,34.0,34.0,27.0,33.0,31.0,34.0,27.0,30.0,35.0,24.0,25.0,28.0,25.0,25.0,21.0,22.0,21.0,21.0,22.0,21.0,22.0,21.0,22.0,21.0,21.0,21.0,22.0,22.0,23.0,20.0,22.0,23.0,21.0,10.0,hold,6,6,22.5402
1787153745.6796,2026-08-19 17:35:45.679,10,c3,1,0,-0.03814,-0.49682,0.03972,-4.3945,10.3937,-16.4277,-0.0706,-0.0002,-0.357,2.46386,24.0,24.0,27.0,24.0,27.0,34.0,34.0,28.0,32.0,31.0,34.0,27.0,30.0,35.0,22.0,26.0,30.0,25.0,25.0,21.0,22.0,21.0,21.0,22.0,21.0,22.0,21.0,22.0,21.0,21.0,21.0,22.0,22.0,23.0,20.0,22.0,23.0,21.0,10.0,hold,6,6,22.5626
1787153745.7298,2026-08-19 17:35:45.729,10,c3,1,0,-0.03812,-0.4968,0.0397,-4.0141,10.1597,-16.6238,-0.0706,0.0099,-0.3513,2.47091,24.0,24.0,27.0,24.0,27.0,34.0,34.0,28.0,32.0,31.0,34.0,27.0,30.0,35.0,22.0,26.0,30.0,25.0,25.0,21.0,22.0,21.0,21.0,22.0,21.0,22.0,21.0,22.0,21.0,21.0,21.0,22.0,22.0,23.0,20.0,22.0,23.0,21.0,10.0,hold,6,6,22.4999
1787153745.7799,2026-08-19 17:35:45.779,10,c3,1,0,-0.03814,-0.49682,0.03972,-4.1478,10.2278,-16.6704,-0.0716,0.0055,-0.3516,2.4699,25.0,24.0,25.0,24.0,26.0,33.0,33.0,28.0,31.0,30.0,38.0,26.0,29.0,34.0,24.0,24.0,27.0,27.0,25.0,21.0,22.0,21.0,21.0,22.0,21.0,22.0,21.0,22.0,21.0,21.0,21.0,22.0,22.0,23.0,20.0,22.0,23.0,21.0,10.0,hold,6,6,22.5089
1787153745.83,2026-08-19 17:35:45.830,10,c3,1,0,-0.03816,-0.49682,0.03972,-4.0075,10.4462,-16.6341,-0.075,0.0068,-0.3542,2.47166,25.0,24.0,25.0,24.0,26.0,33.0,33.0,28.0,31.0,30.0,38.0,26.0,29.0,34.0,24.0,24.0,27.0,27.0,25.0,21.0,22.0,21.0,21.0,22.0,21.0,22.0,21.0,22.0,21.0,21.0,21.0,22.0,22.0,23.0,20.0,22.0,23.0,21.0,10.0,hold,6,6,22.4932
1787153745.8802,2026-08-19 17:35:45.880,10,c3,1,0,-0.03812,-0.49682,0.03972,-4.0841,10.3061,-16.4694,-0.0726,0.0072,-0.3495,2.46688,25.0,24.0,26.0,24.0,26.0,32.0,35.0,26.0,31.0,30.0,36.0,26.0,28.0,34.0,24.0,25.0,29.0,27.0,24.0,21.0,22.0,21.0,21.0,22.0,21.0,22.0,21.0,22.0,21.0,21.0,21.0,22.0,22.0,23.0,20.0,22.0,23.0,21.0,10.0,hold,6,6,22.5357
1787153745.9302,2026-08-19 17:35:45.930,10,c3,1,0,-0.03815,-0.49681,0.03971,-4.138,9.9975,-16.7421,-0.0627,0.0051,-0.3544,2.47317,25.0,24.0,26.0,24.0,26.0,32.0,35.0,26.0,31.0,30.0,36.0,26.0,28.0,34.0,24.0,25.0,29.0,27.0,24.0,21.0,22.0,21.0,21.0,22.0,21.0,22.0,21.0,22.0,21.0,21.0,21.0,22.0,22.0,23.0,20.0,22.0,23.0,21.0,10.0,hold,6,6,22.4798
1787153745.9803,2026-08-19 17:35:45.980,10,c3,1,0,-0.03815,-0.49682,0.03972,-4.0248,10.2466,-16.6302,-0.0713,0.0119,-0.3455,2.46713,23.0,25.0,26.0,23.0,26.0,31.0,33.0,27.0,31.0,31.0,36.0,26.0,30.0,34.0,25.0,23.0,28.0,24.0,24.0,21.0,22.0,21.0,21.0,22.0,21.0,22.0,21.0,22.0,21.0,21.0,21.0,22.0,22.0,23.0,20.0,22.0,23.0,21.0,10.0,hold,6,6,22.5335
1787153746.0305,2026-08-19 17:35:46.030,10,c3,1,0,-0.03814,-0.49681,0.03971,-3.8404,10.0114,-16.7602,-0.0645,0.0155,-0.3538,2.46763,23.0,24.0,27.0,21.0,28.0,33.0,33.0,28.0,33.0,31.0,34.0,27.0,29.0,35.0,24.0,25.0,29.0,25.0,27.0,21.0,22.0,21.0,21.0,22.0,21.0,22.0,21.0,22.0,21.0,21.0,21.0,22.0,22.0,23.0,20.0,22.0,23.0,21.0,10.0,hold,6,6,22.529
1787153746.0806,2026-08-19 17:35:46.080,10,c3,1,0,-0.03813,-0.49681,0.03972,-4.2068,9.9858,-16.6746,-0.0632,0.0033,-0.3529,2.47393,23.0,24.0,27.0,21.0,28.0,33.0,33.0,28.0,33.0,31.0,34.0,27.0,29.0,35.0,24.0,25.0,29.0,25.0,27.0,21.0,22.0,21.0,21.0,22.0,21.0,22.0,21.0,22.0,21.0,21.0,21.0,22.0,22.0,23.0,20.0,22.0,23.0,21.0,10.0,hold,6,6,22.473
1787153746.1308,2026-08-19 17:35:46.130,10,c3,1,0,-0.03813,-0.49683,0.03972,-3.8978,10.0297,-16.7462,-0.0635,0.0148,-0.3503,2.46713,25.0,25.0,26.0,25.0,28.0,33.0,34.0,27.0,32.0,32.0,36.0,26.0,29.0,36.0,24.0,25.0,29.0,26.0,26.0,21.0,22.0,21.0,21.0,22.0,21.0,22.0,21.0,22.0,21.0,21.0,21.0,22.0,22.0,23.0,20.0,22.0,23.0,21.0,10.0,hold,6,6,22.5335
1787153746.1808,2026-08-19 17:35:46.180,10,c3,1,0,-0.03813,-0.49681,0.03972,-4.1658,10.1391,-16.6697,-0.0686,0.0075,-0.35,2.47015,25.0,25.0,26.0,25.0,28.0,33.0,34.0,27.0,32.0,32.0,36.0,26.0,29.0,36.0,24.0,25.0,29.0,26.0,26.0,21.0,22.0,21.0,21.0,22.0,21.0,22.0,21.0,22.0,21.0,21.0,21.0,22.0,22.0,23.0,20.0,22.0,23.0,21.0,10.0,hold,6,6,22.5066
1787153746.2309,2026-08-19 17:35:46.230,10,c3,1,0,-0.03815,-0.49682,0.03972,-4.1725,10.4123,-16.4285,-0.0719,0.0051,-0.3579,2.47141,25.0,24.0,26.0,24.0,26.0,33.0,35.0,27.0,31.0,30.0,36.0,28.0,29.0,35.0,24.0,24.0,29.0,26.0,23.0,21.0,22.0,21.0,21.0,22.0,21.0,22.0,21.0,22.0,21.0,21.0,21.0,22.0,22.0,23.0,20.0,22.0,23.0,21.0,10.0,hold,6,6,22.4954
1787153746.281,2026-08-19 17:35:46.281,10,c3,1,0,-0.03816,-0.49681,0.03971,-4.0634,10.0898,-16.6508,-0.0669,0.0078,-0.349,2.46688,25.0,24.0,26.0,25.0,26.0,32.0,34.0,26.0,31.0,32.0,36.0,27.0,29.0,35.0,23.0,25.0,28.0,26.0,25.0,21.0,22.0,21.0,21.0,22.0,21.0,22.0,21.0,22.0,21.0,21.0,21.0,22.0,22.0,23.0,20.0,22.0,23.0,21.0,10.0,hold,6,6,22.5357
1787153746.3311,2026-08-19 17:35:46.331,10,c3,1,0,-0.03813,-0.49682,0.03972,-3.92,10.4152,-16.5062,-0.0732,0.0086,-0.3516,2.46638,25.0,24.0,26.0,25.0,26.0,32.0,34.0,26.0,31.0,32.0,36.0,27.0,29.0,35.0,23.0,25.0,28.0,26.0,25.0,21.0,22.0,21.0,21.0,22.0,21.0,22.0,21.0,22.0,21.0,21.0,21.0,22.0,22.0,23.0,20.0,22.0,23.0,21.0,10.0,hold,6,6,22.5402
1787153746.3813,2026-08-19 17:35:46.381,10,c3,1,0,-0.03816,-0.49682,0.03972,-4.0643,10.2772,-16.6293,-0.0706,0.0076,-0.3476,2.46915,23.0,24.0,26.0,24.0,28.0,33.0,34.0,27.0,32.0,30.0,36.0,27.0,30.0,35.0,25.0,24.0,30.0,27.0,25.0,21.0,22.0,21.0,21.0,22.0,21.0,22.0,21.0,22.0,21.0,21.0,21.0,22.0,22.0,23.0,20.0,22.0,23.0,21.0,10.0,hold,6,6,22.5156
1787153746.4314,2026-08-19 17:35:46.431,10,c3,1,0,-0.03816,-0.49682,0.03973,-4.3434,10.1908,-16.4395,-0.0683,0.0002,-0.3592,2.47393,23.0,24.0,26.0,24.0,28.0,33.0,34.0,27.0,32.0,30.0,36.0,27.0,30.0,35.0,25.0,24.0,30.0,27.0,25.0,21.0,22.0,21.0,21.0,22.0,21.0,22.0,21.0,22.0,21.0,21.0,21.0,22.0,22.0,23.0,20.0,22.0,23.0,21.0,10.0,hold,6,6,22.473
1787153746.4815,2026-08-19 17:35:46.481,10,c3,1,0,-0.03813,-0.49681,0.03971,-3.7141,9.8396,-16.5666,-0.0577,0.017,-0.3505,2.46738,25.0,24.0,26.0,25.0,27.0,32.0,35.0,26.0,32.0,32.0,37.0,26.0,29.0,37.0,25.0,24.0,29.0,28.0,25.0,21.0,22.0,21.0,21.0,22.0,21.0,22.0,21.0,22.0,21.0,21.0,21.0,22.0,22.0,23.0,20.0,22.0,23.0,21.0,10.0,hold,6,6,22.5313
1787153746.5318,2026-08-19 17:35:46.531,10,c3,1,0,-0.03813,-0.49683,0.03973,-4.2114,10.3868,-16.4907,-0.0717,0.0056,-0.3598,2.47116,25.0,25.0,26.0,25.0,27.0,33.0,34.0,29.0,31.0,31.0,36.0,28.0,29.0,35.0,24.0,26.0,29.0,25.0,26.0,21.0,22.0,21.0,21.0,22.0,21.0,22.0,21.0,22.0,21.0,21.0,21.0,22.0,22.0,23.0,20.0,22.0,23.0,21.0,10.0,hold,6,6,22.4977
1787153746.5818,2026-08-19 17:35:46.581,10,c3,1,0,-0.03812,-0.49681,0.0397,-3.9272,9.9371,-16.4647,-0.0607,0.0111,-0.3547,2.47192,25.0,25.0,26.0,25.0,27.0,33.0,34.0,29.0,31.0,31.0,36.0,28.0,29.0,35.0,24.0,26.0,29.0,25.0,26.0,21.0,22.0,21.0,21.0,22.0,21.0,22.0,21.0,22.0,21.0,21.0,21.0,22.0,22.0,23.0,20.0,22.0,23.0,21.0,10.0,hold,6,6,22.491
1787153746.6319,2026-08-19 17:35:46.631,10,c3,1,0,-0.03814,-0.49681,0.03972,-4.2999,10.4551,-16.6773,-0.0752,0.0025,-0.3561,2.46915,24.0,24.0,26.0,24.0,27.0,33.0,35.0,27.0,32.0,31.0,36.0,27.0,29.0,34.0,24.0,24.0,28.0,27.0,24.0,21.0,22.0,21.0,21.0,22.0,21.0,22.0,21.0,22.0,21.0,21.0,21.0,22.0,22.0,23.0,20.0,22.0,23.0,21.0,10.0,hold,6,6,22.5156
1787153746.682,2026-08-19 17:35:46.682,10,c3,1,0,-0.03814,-0.49682,0.03971,-4.1973,10.3306,-16.2991,-0.0723,0.0041,-0.3575,2.47468,24.0,24.0,26.0,24.0,27.0,33.0,35.0,27.0,32.0,31.0,36.0,27.0,29.0,34.0,24.0,24.0,28.0,27.0,24.0,21.0,22.0,21.0,21.0,22.0,21.0,22.0,21.0,22.0,21.0,21.0,21.0,22.0,22.0,23.0,20.0,22.0,23.0,21.0,10.0,hold,6,6,22.4663
1787153746.7322,2026-08-19 17:35:46.732,10,c3,1,0,-0.03815,-0.49682,0.03972,-3.6709,9.9845,-16.6405,-0.0637,0.0174,-0.3519,2.47066,23.0,23.0,27.0,23.0,27.0,33.0,35.0,27.0,32.0,33.0,35.0,27.0,30.0,37.0,24.0,26.0,30.0,25.0,25.0,21.0,22.0,21.0,21.0,22.0,21.0,22.0,21.0,22.0,21.0,21.0,21.0,22.0,22.0,23.0,20.0,22.0,23.0,21.0,10.0,hold,6,6,22.5022
1787153746.7823,2026-08-19 17:35:46.782,10,c3,1,0,-0.03814,-0.49682,0.03972,-4.1152,10.0524,-16.6779,-0.068,0.0063,-0.3523,2.47594,25.0,24.0,26.0,24.0,27.0,34.0,33.0,27.0,31.0,30.0,37.0,27.0,28.0,34.0,24.0,24.0,27.0,26.0,23.0,21.0,22.0,21.0,21.0,22.0,21.0,22.0,21.0,22.0,21.0,21.0,21.0,22.0,22.0,23.0,20.0,22.0,23.0,21.0,10.0,hold,6,6,22.4551
1787153746.8324,2026-08-19 17:35:46.832,10,c3,1,0,-0.03812,-0.49682,0.03971,-4.2293,10.3736,-16.6506,-0.0723,0.0065,-0.3574,2.47343,25.0,24.0,26.0,24.0,27.0,34.0,33.0,27.0,31.0,30.0,37.0,27.0,28.0,34.0,24.0,24.0,27.0,26.0,23.0,21.0,22.0,21.0,21.0,22.0,21.0,22.0,21.0,22.0,21.0,21.0,21.0,22.0,22.0,23.0,20.0,22.0,23.0,21.0,10.0,hold,6,6,22.4775
1787153746.8825,2026-08-19 17:35:46.882,10,c3,1,0,-0.03814,-0.49682,0.03972,-4.2001,10.5399,-16.6847,-0.0774,0.0065,-0.3553,2.47771,23.0,24.0,27.0,23.0,26.0,33.0,35.0,26.0,32.0,30.0,35.0,27.0,30.0,34.0,23.0,25.0,28.0,25.0,25.0,21.0,22.0,21.0,21.0,22.0,21.0,22.0,21.0,22.0,21.0,21.0,21.0,22.0,22.0,23.0,20.0,22.0,23.0,21.0,10.0,hold,6,6,22.4394
1787153746.9327,2026-08-19 17:35:46.932,10,c3,1,0,-0.03812,-0.49682,0.03973,-4.251,10.4526,-16.4438,-0.0774,0.0039,-0.3556,2.4694,23.0,24.0,27.0,23.0,26.0,33.0,35.0,26.0,32.0,30.0,35.0,27.0,30.0,34.0,23.0,25.0,28.0,25.0,25.0,21.0,22.0,21.0,21.0,22.0,21.0,22.0,21.0,22.0,21.0,21.0,21.0,22.0,22.0,23.0,20.0,22.0,23.0,21.0,10.0,hold,6,6,22.5134
1787153746.9828,2026-08-19 17:35:46.982,10,c3,1,0,-0.03811,-0.49681,0.03971,-4.3847,10.3363,-16.5462,-0.0717,0.0027,-0.3535,2.47922,24.0,24.0,26.0,22.0,27.0,33.0,33.0,26.0,32.0,30.0,35.0,25.0,30.0,35.0,23.0,23.0,28.0,25.0,23.0,21.0,22.0,21.0,21.0,22.0,21.0,22.0,21.0,22.0,21.0,21.0,21.0,22.0,22.0,23.0,20.0,22.0,23.0,21.0,10.0,hold,6,6,22.426
1787153747.0329,2026-08-19 17:35:47.032,10,c3,1,0,-0.03813,-0.49682,0.03972,-4.3286,10.4329,-16.5222,-0.0701,0.0039,-0.3599,2.47519,24.0,24.0,26.0,22.0,27.0,33.0,33.0,26.0,32.0,30.0,35.0,25.0,30.0,35.0,23.0,23.0,28.0,25.0,23.0,21.0,22.0,21.0,21.0,22.0,21.0,22.0,21.0,22.0,21.0,21.0,21.0,22.0,22.0,23.0,20.0,22.0,23.0,21.0,10.0,hold,6,6,22.4618
1787153747.083,2026-08-19 17:35:47.083,10,c3,1,0,-0.03813,-0.49682,0.03973,-3.9942,10.3568,-16.6679,-0.0701,0.0069,-0.3511,2.47242,23.0,24.0,25.0,22.0,27.0,32.0,34.0,27.0,31.0,31.0,36.0,27.0,30.0,34.0,24.0,25.0,30.0,26.0,25.0,21.0,22.0,21.0,21.0,22.0,21.0,22.0,21.0,22.0,21.0,21.0,21.0,22.0,22.0,23.0,20.0,22.0,23.0,21.0,10.0,hold,6,6,22.4865
1787153747.1331,2026-08-19 17:35:47.133,10,c3,1,0,-0.03812,-0.49681,0.03972,-4.1482,9.9825,-16.5354,-0.0648,0.0101,-0.3536,2.47192,24.0,25.0,28.0,23.0,28.0,33.0,33.0,25.0,32.0,31.0,36.0,26.0,29.0,34.0,24.0,24.0,29.0,26.0,24.0,21.0,22.0,21.0,21.0,22.0,21.0,22.0,21.0,22.0,21.0,21.0,21.0,22.0,22.0,23.0,20.0,22.0,23.0,21.0,10.0,hold,6,6,22.491
1787153747.1833,2026-08-19 17:35:47.183,10,c3,1,0,-0.03814,-0.49681,0.03972,-3.8678,10.3168,-16.6613,-0.0731,0.0135,-0.3531,2.4772,24.0,25.0,28.0,23.0,28.0,33.0,33.0,25.0,32.0,31.0,36.0,26.0,29.0,34.0,24.0,24.0,29.0,26.0,24.0,21.0,22.0,21.0,21.0,22.0,21.0,22.0,21.0,22.0,21.0,21.0,21.0,22.0,22.0,23.0,20.0,22.0,23.0,21.0,10.0,hold,6,6,22.4439
1787153747.2334,2026-08-19 17:35:47.233,10,c3,1,0,-0.03814,-0.49682,0.03973,-4.3495,10.3525,-16.7465,-0.0729,-0.0001,-0.3516,2.47393,24.0,24.0,28.0,23.0,26.0,33.0,33.0,27.0,30.0,31.0,37.0,27.0,30.0,35.0,26.0,23.0,29.0,28.0,25.0,21.0,22.0,21.0,21.0,22.0,21.0,22.0,21.0,22.0,21.0,21.0,21.0,22.0,22.0,23.0,20.0,22.0,23.0,21.0,10.0,hold,6,6,22.473
1787153747.2835,2026-08-19 17:35:47.283,10,c3,1,0,-0.03815,-0.4968,0.0397,-4.212,10.1257,-16.71,-0.066,0.0022,-0.3579,2.47922,24.0,24.0,28.0,23.0,26.0,33.0,33.0,27.0,30.0,31.0,37.0,27.0,30.0,35.0,26.0,23.0,29.0,28.0,25.0,21.0,22.0,21.0,21.0,22.0,21.0,22.0,21.0,22.0,21.0,21.0,21.0,22.0,22.0,23.0,20.0,22.0,23.0,21.0,10.0,hold,6,6,22.426
1787153747.3336,2026-08-19 17:35:47.333,10,c3,1,0,-0.03815,-0.49681,0.0397,-3.8915,10.0693,-16.6316,-0.0673,0.0143,-0.355,2.47192,25.0,23.0,26.0,25.0,27.0,33.0,35.0,28.0,32.0,31.0,35.0,29.0,29.0,36.0,22.0,25.0,29.0,25.0,26.0,21.0,22.0,21.0,21.0,22.0,21.0,22.0,21.0,22.0,21.0,21.0,21.0,22.0,22.0,23.0,20.0,22.0,23.0,21.0,10.0,hold,6,6,22.491
1787153747.3837,2026-08-19 17:35:47.383,10,c3,1,0,-0.03813,-0.49681,0.03972,-4.0389,10.2664,-16.8028,-0.0704,0.0077,-0.3472,2.47695,26.0,24.0,25.0,24.0,27.0,32.0,33.0,26.0,31.0,30.0,35.0,27.0,30.0,33.0,24.0,24.0,27.0,26.0,23.0,21.0,22.0,21.0,21.0,22.0,21.0,22.0,21.0,22.0,21.0,21.0,21.0,22.0,22.0,23.0,20.0,22.0,23.0,21.0,10.0,hold,6,6,22.4461
1787153747.4338,2026-08-19 17:35:47.433,10,c3,1,0,-0.03813,-0.49683,0.03972,-3.7648,10.0688,-16.6173,-0.0616,0.0161,-0.3479,2.47292,26.0,24.0,25.0,24.0,27.0,32.0,33.0,26.0,31.0,30.0,35.0,27.0,30.0,33.0,24.0,24.0,27.0,26.0,23.0,21.0,22.0,21.0,21.0,22.0,21.0,22.0,21.0,22.0,21.0,21.0,21.0,22.0,22.0,23.0,20.0,22.0,23.0,21.0,10.0,hold,6,6,22.482
1787153747.4839,2026-08-19 17:35:47.483,10,c3,1,0,-0.03814,-0.49682,0.03972,-4.2351,10.3859,-16.7848,-0.0706,0.0041,-0.3555,2.48148,23.0,25.0,26.0,23.0,27.0,32.0,33.0,28.0,32.0,30.0,35.0,28.0,31.0,33.0,25.0,25.0,27.0,27.0,23.0,21.0,22.0,21.0,21.0,22.0,21.0,22.0,21.0,22.0,21.0,21.0,21.0,22.0,22.0,23.0,20.0,22.0,23.0,21.0,10.0,hold,6,6,22.4058
1787153747.534,2026-08-19 17:35:47.534,10,c3,1,0,-0.03814,-0.49682,0.03972,-4.0264,10.1086,-16.905,-0.0644,0.0095,-0.3493,2.47997,23.0,25.0,26.0,23.0,27.0,32.0,33.0,28.0,32.0,30.0,35.0,28.0,31.0,33.0,25.0,25.0,27.0,27.0,23.0,21.0,22.0,21.0,21.0,22.0,21.0,22.0,21.0,22.0,21.0,21.0,21.0,22.0,22.0,23.0,20.0,22.0,23.0,21.0,10.0,hold,6,6,22.4193
1787153747.5842,2026-08-19 17:35:47.584,10,c3,1,0,-0.03814,-0.49682,0.03973,-3.7882,10.3102,-16.7727,-0.0724,0.0157,-0.3515,2.47267,23.0,25.0,26.0,24.0,28.0,33.0,33.0,26.0,32.0,32.0,35.0,26.0,29.0,35.0,23.0,25.0,29.0,26.0,25.0,21.0,22.0,21.0,21.0,22.0,21.0,22.0,21.0,22.0,21.0,21.0,21.0,22.0,22.0,23.0,20.0,22.0,23.0,21.0,10.0,hold,6,6,22.4842
1787153747.6343,2026-08-19 17:35:47.634,10,c3,1,0,-0.03815,-0.49681,0.03973,-4.0014,10.1932,-16.7001,-0.0679,0.0148,-0.3546,2.48098,23.0,24.0,27.0,24.0,29.0,33.0,34.0,28.0,32.0,29.0,34.0,27.0,31.0,33.0,23.0,23.0,27.0,24.0,24.0,21.0,22.0,21.0,21.0,22.0,21.0,22.0,21.0,22.0,21.0,21.0,21.0,22.0,22.0,23.0,20.0,22.0,23.0,21.0,10.0,hold,6,6,22.4103
1787153747.6844,2026-08-19 17:35:47.684,10,c3,1,0,-0.03814,-0.49682,0.03972,-3.819,9.9541,-16.6225,-0.0619,0.0156,-0.3465,2.47519,23.0,24.0,27.0,24.0,29.0,33.0,34.0,28.0,32.0,29.0,34.0,27.0,31.0,33.0,23.0,23.0,27.0,24.0,24.0,21.0,22.0,21.0,21.0,22.0,21.0,22.0,21.0,22.0,21.0,21.0,21.0,22.0,22.0,23.0,20.0,22.0,23.0,21.0,10.0,hold,6,6,22.4618
1787153747.7346,2026-08-19 17:35:47.734,10,c3,1,0,-0.03814,-0.49683,0.03973,-3.8828,9.5592,-16.8644,-0.0534,0.0153,-0.3538,2.48274,25.0,26.0,25.0,25.0,28.0,30.0,34.0,28.0,32.0,31.0,34.0,28.0,30.0,33.0,23.0,25.0,27.0,26.0,24.0,21.0,22.0,21.0,21.0,22.0,21.0,22.0,21.0,22.0,21.0,21.0,21.0,22.0,22.0,23.0,20.0,22.0,23.0,21.0,10.0,hold,6,6,22.3946
1787153747.7846,2026-08-19 17:35:47.784,10,c3,1,0,-0.03814,-0.49681,0.03972,-3.9299,10.2124,-16.6601,-0.0705,0.0116,-0.3543,2.47368,25.0,26.0,25.0,25.0,28.0,30.0,34.0,28.0,32.0,31.0,34.0,28.0,30.0,33.0,23.0,25.0,27.0,26.0,24.0,21.0,22.0,21.0,21.0,22.0,21.0,22.0,21.0,22.0,21.0,21.0,21.0,22.0,22.0,23.0,20.0,22.0,23.0,21.0,10.0,hold,6,6,22.4753
1787153747.8348,2026-08-19 17:35:47.834,10,c3,1,0,-0.03814,-0.49682,0.03972,-3.8873,10.2072,-16.6115,-0.069,0.0106,-0.3552,2.47771,24.0,24.0,25.0,23.0,27.0,31.0,33.0,27.0,32.0,30.0,32.0,28.0,28.0,33.0,20.0,24.0,26.0,23.0,24.0,21.0,22.0,21.0,21.0,22.0,21.0,22.0,21.0,22.0,21.0,21.0,21.0,22.0,22.0,23.0,20.0,22.0,23.0,21.0,10.0,hold,6,6,22.4394
1787153747.8849,2026-08-19 17:35:47.884,10,c3,1,0,-0.03815,-0.49682,0.03972,-4.2797,10.5442,-16.7393,-0.0775,0.0016,-0.3592,2.48375,24.0,24.0,25.0,23.0,27.0,31.0,33.0,27.0,32.0,30.0,32.0,28.0,28.0,33.0,20.0,24.0,26.0,23.0,24.0,21.0,22.0,21.0,21.0,22.0,21.0,22.0,21.0,22.0,21.0,21.0,21.0,22.0,22.0,23.0,20.0,22.0,23.0,21.0,10.0,hold,6,6,22.3857
1787153747.9349,2026-08-19 17:35:47.934,10,c3,1,0,-0.03814,-0.49682,0.03973,-4.0685,10.3993,-16.6892,-0.0711,0.0076,-0.3522,2.47821,25.0,24.0,26.0,25.0,26.0,32.0,31.0,28.0,31.0,30.0,34.0,26.0,28.0,34.0,23.0,26.0,26.0,25.0,26.0,21.0,22.0,21.0,21.0,22.0,21.0,22.0,21.0,22.0,21.0,21.0,21.0,22.0,22.0,23.0,20.0,22.0,23.0,21.0,10.0,hold,6,6,22.4349
1787153747.985,2026-08-19 17:35:47.985,10,c3,0,0,-0.03814,-0.49681,0.03972,-3.7851,9.7561,-16.8554,-0.0574,0.0124,-0.347,2.4908,24.0,24.0,26.0,25.0,26.0,32.0,33.0,28.0,32.0,31.0,34.0,29.0,30.0,35.0,24.0,26.0,28.0,25.0,25.0,21.0,22.0,21.0,21.0,22.0,21.0,22.0,21.0,22.0,21.0,21.0,21.0,22.0,22.0,23.0,20.0,22.0,23.0,21.0,10.0,retract,6,6,22.323
1787153748.0351,2026-08-19 17:35:48.035,10,c3,0,0,-0.03812,-0.4968,0.03974,-4.0709,10.1784,-16.702,-0.0686,0.0092,-0.3578,2.51044,24.0,24.0,26.0,25.0,26.0,32.0,33.0,28.0,32.0,31.0,34.0,29.0,30.0,35.0,24.0,26.0,28.0,25.0,25.0,21.0,22.0,21.0,21.0,22.0,21.0,22.0,21.0,22.0,21.0,21.0,21.0,22.0,22.0,23.0,20.0,22.0,23.0,21.0,10.0,retract,6,6,22.1482
1787153748.0852,2026-08-19 17:35:48.085,10,c3,0,0,-0.03814,-0.4968,0.03981,-4.1332,10.3253,-16.8676,-0.0723,0.0049,-0.3578,2.57338,25.0,23.0,26.0,25.0,27.0,31.0,33.0,27.0,33.0,31.0,34.0,26.0,30.0,35.0,24.0,25.0,29.0,26.0,26.0,21.0,22.0,21.0,21.0,22.0,21.0,22.0,21.0,22.0,21.0,21.0,21.0,22.0,22.0,23.0,20.0,22.0,23.0,21.0,10.0,retract,6,6,21.5883
1787153748.1353,2026-08-19 17:35:48.135,10,c3,0,0,-0.03814,-0.49681,0.03992,-3.9424,10.205,-17.3654,-0.0707,0.0115,-0.3508,2.65093,25.0,23.0,26.0,25.0,27.0,31.0,33.0,27.0,33.0,31.0,34.0,26.0,30.0,35.0,24.0,25.0,29.0,26.0,26.0,21.0,22.0,21.0,21.0,22.0,21.0,22.0,21.0,22.0,21.0,21.0,21.0,22.0,22.0,23.0,20.0,22.0,23.0,21.0,10.0,retract,6,6,20.8984
1787153748.1854,2026-08-19 17:35:48.185,10,c3,0,0,-0.03812,-0.49681,0.04007,-4.4652,10.5308,-17.6859,-0.0782,-0.0004,-0.3527,2.77681,24.0,27.0,27.0,23.0,28.0,33.0,34.0,27.0,33.0,32.0,36.0,27.0,31.0,36.0,23.0,25.0,29.0,25.0,23.0,21.0,22.0,21.0,21.0,22.0,21.0,22.0,21.0,22.0,21.0,21.0,21.0,22.0,22.0,23.0,20.0,22.0,23.0,21.0,10.0,retract,6,6,19.7784
1787153748.2354,2026-08-19 17:35:48.235,10,c3,0,0,-0.03814,-0.4968,0.04027,-4.4747,10.3353,-18.1125,-0.0729,-0.0026,-0.3612,2.92133,24.0,24.0,26.0,23.0,28.0,34.0,36.0,26.0,33.0,30.0,34.0,27.0,30.0,34.0,21.0,25.0,28.0,25.0,25.0,21.0,22.0,21.0,21.0,22.0,21.0,22.0,21.0,22.0,21.0,21.0,21.0,22.0,22.0,23.0,20.0,22.0,23.0,21.0,10.0,retract,6,6,18.4927
1787153748.2855,2026-08-19 17:35:48.285,10,c3,0,0,-0.03813,-0.4968,0.04048,-3.9815,10.4064,-18.9631,-0.0778,0.0094,-0.3553,3.06258,24.0,24.0,26.0,23.0,28.0,34.0,36.0,26.0,33.0,30.0,34.0,27.0,30.0,34.0,21.0,25.0,28.0,25.0,25.0,21.0,22.0,21.0,21.0,22.0,21.0,22.0,21.0,22.0,21.0,21.0,21.0,22.0,22.0,23.0,20.0,22.0,23.0,21.0,10.0,retract,6,6,17.2362
1787153748.3357,2026-08-19 17:35:48.335,10,c3,0,0,-0.03811,-0.49678,0.04068,-4.4458,10.4251,-19.1783,-0.0789,0.0007,-0.3598,3.19073,23.0,24.0,26.0,24.0,28.0,31.0,33.0,27.0,33.0,31.0,35.0,27.0,31.0,35.0,26.0,25.0,29.0,27.0,24.0,21.0,22.0,21.0,21.0,22.0,21.0,22.0,21.0,22.0,21.0,21.0,21.0,22.0,22.0,23.0,20.0,22.0,23.0,21.0,10.0,retract,6,6,16.0961
1787153748.3859,2026-08-19 17:35:48.385,10,c3,0,0,-0.03814,-0.49678,0.04094,-4.1948,10.3212,-19.8522,-0.0772,0.0077,-0.3524,3.34079,23.0,24.0,26.0,24.0,28.0,31.0,33.0,27.0,33.0,31.0,35.0,27.0,31.0,35.0,26.0,25.0,29.0,27.0,24.0,21.0,22.0,21.0,21.0,22.0,21.0,22.0,21.0,22.0,21.0,21.0,21.0,22.0,22.0,23.0,20.0,22.0,23.0,21.0,10.0,retract,6,6,14.7611
1787153748.436,2026-08-19 17:35:48.435,10,c3,0,0,-0.03812,-0.49676,0.04123,-4.3707,10.4124,-20.3399,-0.0783,0.0036,-0.3576,3.50595,23.0,24.0,27.0,23.0,28.0,33.0,35.0,26.0,32.0,30.0,36.0,26.0,29.0,34.0,25.0,24.0,30.0,30.0,24.0,21.0,22.0,21.0,21.0,22.0,21.0,22.0,21.0,22.0,21.0,21.0,21.0,22.0,22.0,23.0,20.0,22.0,23.0,21.0,10.0,retract,6,6,13.2917
1787153748.4861,2026-08-19 17:35:48.486,10,c3,0,0,-0.03814,-0.49675,0.04156,-4.1552,10.3503,-21.091,-0.079,0.0111,-0.3607,3.67338,23.0,25.0,26.0,22.0,27.0,32.0,34.0,25.0,30.0,29.0,35.0,25.0,29.0,33.0,26.0,24.0,27.0,27.0,24.0,21.0,22.0,21.0,21.0,22.0,21.0,22.0,21.0,22.0,21.0,21.0,21.0,22.0,22.0,23.0,20.0,22.0,23.0,21.0,10.0,retract,6,6,11.8022
1787153748.5362,2026-08-19 17:35:48.536,10,c3,0,0,-0.03811,-0.49676,0.04191,-4.3639,10.281,-21.9106,-0.0744,0.0049,-0.3601,3.85793,23.0,25.0,26.0,22.0,27.0,32.0,34.0,25.0,30.0,29.0,35.0,25.0,29.0,33.0,26.0,24.0,27.0,27.0,24.0,21.0,22.0,21.0,21.0,22.0,21.0,22.0,21.0,22.0,21.0,21.0,21.0,22.0,22.0,23.0,20.0,22.0,23.0,21.0,10.0,retract,6,6,10.1603
1787153748.5863,2026-08-19 17:35:48.586,10,c3,0,0,-0.03814,-0.49679,0.04225,-4.0413,10.1338,-22.4736,-0.0665,0.0148,-0.3566,4.00396,24.0,24.0,24.0,22.0,28.0,30.0,34.0,27.0,30.0,29.0,32.0,27.0,28.0,31.0,25.0,26.0,26.0,25.0,24.0,21.0,22.0,21.0,21.0,22.0,21.0,22.0,21.0,22.0,21.0,21.0,21.0,22.0,22.0,23.0,20.0,22.0,23.0,21.0,10.0,retract,6,6,8.8612
1787153748.6365,2026-08-19 17:35:48.636,10,c3,0,0,-0.03813,-0.49681,0.0426,-4.2866,10.129,-22.9596,-0.071,0.0072,-0.3581,4.152,24.0,24.0,24.0,22.0,28.0,30.0,34.0,27.0,30.0,29.0,32.0,27.0,28.0,31.0,25.0,26.0,26.0,25.0,24.0,21.0,22.0,21.0,21.0,22.0,21.0,22.0,21.0,22.0,21.0,21.0,21.0,22.0,22.0,23.0,20.0,22.0,23.0,21.0,10.0,retract,6,6,7.5442
1787153748.6866,2026-08-19 17:35:48.686,10,c3,0,0,-0.03814,-0.4968,0.04292,-3.9307,10.3079,-23.3582,-0.0776,0.0158,-0.3538,4.27789,26.0,25.0,25.0,26.0,27.0,32.0,32.0,25.0,29.0,27.0,31.0,26.0,29.0,30.0,25.0,24.0,26.0,25.0,24.0,21.0,22.0,21.0,21.0,22.0,21.0,22.0,21.0,22.0,21.0,21.0,21.0,22.0,22.0,23.0,20.0,22.0,23.0,21.0,10.0,retract,6,6,6.4242
1787153748.7368,2026-08-19 17:35:48.736,10,c3,0,0,-0.03814,-0.49679,0.04326,-3.7242,9.8164,-23.8186,-0.0703,0.0229,-0.3492,4.38968,25.0,26.0,23.0,24.0,28.0,28.0,30.0,25.0,29.0,29.0,31.0,25.0,27.0,30.0,24.0,24.0,28.0,28.0,23.0,21.0,22.0,21.0,21.0,22.0,21.0,22.0,21.0,22.0,21.0,21.0,21.0,22.0,22.0,23.0,20.0,22.0,23.0,21.0,10.0,retract,6,6,5.4297
1787153748.7869,2026-08-19 17:35:48.786,10,c3,0,0,-0.03813,-0.49677,0.04357,-4.2017,9.9555,-24.1146,-0.0671,0.0121,-0.3582,4.49366,25.0,26.0,23.0,24.0,28.0,28.0,30.0,25.0,29.0,29.0,31.0,25.0,27.0,30.0,24.0,24.0,28.0,28.0,23.0,21.0,22.0,21.0,21.0,22.0,21.0,22.0,21.0,22.0,21.0,21.0,21.0,22.0,22.0,23.0,20.0,22.0,23.0,21.0,10.0,retract,6,6,4.5046
1787153748.837,2026-08-19 17:35:48.836,10,c3,0,0,-0.03812,-0.49676,0.0439,-4.0821,9.8979,-24.6379,-0.0695,0.0153,-0.354,4.58682,23.0,25.0,26.0,24.0,27.0,31.0,31.0,26.0,27.0,27.0,30.0,26.0,27.0,27.0,25.0,26.0,25.0,26.0,25.0,21.0,22.0,21.0,21.0,22.0,21.0,22.0,21.0,22.0,21.0,21.0,21.0,22.0,22.0,23.0,20.0,22.0,23.0,21.0,10.0,retract,6,6,3.6759
1787153748.8871,2026-08-19 17:35:48.887,10,c3,0,0,-0.03812,-0.49679,0.04428,-4.127,10.2815,-24.8414,-0.0801,0.0119,-0.3481,4.66512,23.0,25.0,26.0,24.0,27.0,31.0,31.0,26.0,27.0,27.0,30.0,26.0,27.0,27.0,25.0,26.0,25.0,26.0,25.0,21.0,22.0,21.0,21.0,22.0,21.0,22.0,21.0,22.0,21.0,21.0,21.0,22.0,22.0,23.0,20.0,22.0,23.0,21.0,10.0,retract,6,6,2.9793
1787153748.9373,2026-08-19 17:35:48.937,10,c3,0,0,-0.03813,-0.4968,0.04462,-4.2109,10.0751,-25.0298,-0.0743,0.0121,-0.3522,4.68702,23.0,26.0,23.0,22.0,27.0,29.0,29.0,26.0,27.0,26.0,30.0,25.0,27.0,27.0,26.0,26.0,25.0,25.0,23.0,21.0,22.0,21.0,21.0,22.0,21.0,22.0,21.0,22.0,21.0,21.0,21.0,22.0,22.0,23.0,20.0,22.0,23.0,21.0,10.0,retract,6,6,2.7844
1787153748.9874,2026-08-19 17:35:48.987,10,c3,0,0,-0.03813,-0.49681,0.04497,-4.0666,10.0033,-25.2145,-0.0712,0.0187,-0.3538,4.69231,23.0,26.0,23.0,22.0,27.0,29.0,29.0,26.0,27.0,26.0,30.0,25.0,27.0,27.0,26.0,26.0,25.0,25.0,23.0,21.0,22.0,21.0,21.0,22.0,21.0,22.0,21.0,22.0,21.0,21.0,21.0,22.0,22.0,23.0,20.0,22.0,23.0,21.0,10.0,retract,6,6,2.7373
1787153749.0377,2026-08-19 17:35:49.037,10,c3,0,0,-0.03813,-0.49681,0.04531,-4.3236,10.5179,-24.9878,-0.0791,0.0072,-0.3587,4.68904,24.0,23.0,23.0,24.0,27.0,28.0,28.0,24.0,27.0,24.0,30.0,23.0,27.0,26.0,25.0,25.0,23.0,26.0,24.0,21.0,22.0,21.0,21.0,22.0,21.0,22.0,21.0,22.0,21.0,21.0,21.0,22.0,22.0,23.0,20.0,22.0,23.0,21.0,10.0,retract,6,6,2.7665
1787153749.0878,2026-08-19 17:35:49.087,10,c3,0,0,-0.03811,-0.4968,0.04561,-4.1546,10.0624,-25.098,-0.0732,0.0124,-0.3548,4.69432,23.0,26.0,23.0,22.0,26.0,26.0,27.0,24.0,25.0,25.0,29.0,23.0,25.0,25.0,25.0,24.0,22.0,25.0,23.0,21.0,22.0,21.0,21.0,22.0,21.0,22.0,21.0,22.0,21.0,21.0,21.0,22.0,22.0,23.0,20.0,22.0,23.0,21.0,10.0,retract,6,6,2.7194
1787153749.1379,2026-08-19 17:35:49.137,10,c3,0,0,-0.03811,-0.4968,0.04595,-4.2628,10.0427,-25.0732,-0.071,0.0115,-0.3514,4.68702,23.0,26.0,23.0,22.0,26.0,26.0,27.0,24.0,25.0,25.0,29.0,23.0,25.0,25.0,25.0,24.0,22.0,25.0,23.0,21.0,22.0,21.0,21.0,22.0,21.0,22.0,21.0,22.0,21.0,21.0,21.0,22.0,22.0,23.0,20.0,22.0,23.0,21.0,10.0,retract,6,6,2.7844
1787153749.188,2026-08-19 17:35:49.188,10,c3,0,0,-0.03811,-0.4968,0.04629,-3.93,10.0035,-25.1567,-0.0691,0.016,-0.3599,4.69533,23.0,24.0,22.0,21.0,25.0,26.0,26.0,24.0,24.0,24.0,26.0,23.0,24.0,25.0,24.0,25.0,24.0,23.0,23.0,21.0,22.0,21.0,21.0,22.0,21.0,22.0,21.0,22.0,21.0,21.0,21.0,22.0,22.0,23.0,20.0,22.0,23.0,21.0,10.0,retract,6,6,2.7105
1787153749.2381,2026-08-19 17:35:49.238,10,c3,0,0,-0.03814,-0.4968,0.04663,-3.8884,10.2533,-25.1375,-0.0746,0.0181,-0.3552,4.68803,23.0,24.0,22.0,21.0,25.0,26.0,26.0,24.0,24.0,24.0,26.0,23.0,24.0,25.0,24.0,25.0,24.0,23.0,23.0,21.0,22.0,21.0,21.0,22.0,21.0,22.0,21.0,22.0,21.0,21.0,21.0,22.0,22.0,23.0,20.0,22.0,23.0,21.0,10.0,retract,6,6,2.7754
1787153749.2883,2026-08-19 17:35:49.288,10,c3,0,0,-0.03815,-0.49681,0.04698,-4.2047,10.1254,-25.1007,-0.0715,0.0137,-0.3553,4.68803,23.0,23.0,22.0,21.0,24.0,25.0,25.0,25.0,25.0,24.0,28.0,24.0,25.0,24.0,26.0,25.0,23.0,26.0,25.0,21.0,22.0,21.0,21.0,22.0,21.0,22.0,21.0,22.0,21.0,21.0,21.0,22.0,22.0,23.0,20.0,22.0,23.0,21.0,10.0,retract,6,6,2.7754
1787153749.3384,2026-08-19 17:35:49.338,10,c3,0,0,-0.03812,-0.49681,0.0473,-3.9386,9.939,-25.2468,-0.0699,0.0202,-0.3511,4.68299,25.0,24.0,23.0,24.0,25.0,26.0,27.0,23.0,23.0,24.0,27.0,22.0,24.0,24.0,24.0,24.0,23.0,24.0,23.0,21.0,22.0,21.0,21.0,22.0,21.0,22.0,21.0,22.0,21.0,21.0,21.0,22.0,22.0,23.0,20.0,22.0,23.0,21.0,10.0,retract,6,6,2.8202
1787153749.3885,2026-08-19 17:35:49.388,10,c3,0,0,-0.03813,-0.4968,0.04763,-4.1092,9.9599,-25.2039,-0.0688,0.0152,-0.356,4.69533,25.0,24.0,23.0,24.0,25.0,26.0,27.0,23.0,23.0,24.0,27.0,22.0,24.0,24.0,24.0,24.0,23.0,24.0,23.0,21.0,22.0,21.0,21.0,22.0,21.0,22.0,21.0,22.0,21.0,21.0,21.0,22.0,22.0,23.0,20.0,22.0,23.0,21.0,10.0,retract,6,6,2.7105
1787153749.4387,2026-08-19 17:35:49.438,10,c3,0,0,-0.03814,-0.49681,0.04797,-4.1381,10.0962,-25.1399,-0.0704,0.0132,-0.3527,4.68828,22.0,23.0,23.0,21.0,24.0,26.0,26.0,25.0,24.0,24.0,26.0,24.0,24.0,24.0,25.0,26.0,22.0,24.0,24.0,21.0,22.0,21.0,21.0,22.0,21.0,22.0,21.0,22.0,21.0,21.0,21.0,22.0,22.0,23.0,20.0,22.0,23.0,21.0,10.0,retract,6,6,2.7732
1787153749.4888,2026-08-19 17:35:49.488,10,c3,0,0,-0.03812,-0.49679,0.04827,-4.1707,10.2895,-25.0664,-0.0756,0.0115,-0.3501,4.69432,22.0,23.0,23.0,21.0,24.0,26.0,26.0,25.0,24.0,24.0,26.0,24.0,24.0,24.0,25.0,26.0,22.0,24.0,24.0,21.0,22.0,21.0,21.0,22.0,21.0,22.0,21.0,22.0,21.0,21.0,21.0,22.0,22.0,23.0,20.0,22.0,23.0,21.0,10.0,retract,6,6,2.7194
1787153749.5389,2026-08-19 17:35:49.538,10,c3,0,0,-0.03815,-0.49679,0.04856,-4.0096,10.0887,-25.2991,-0.0696,0.0168,-0.3523,4.69407,22.0,23.0,22.0,22.0,25.0,27.0,26.0,24.0,23.0,22.0,25.0,22.0,24.0,24.0,23.0,24.0,25.0,25.0,23.0,21.0,22.0,21.0,21.0,22.0,21.0,22.0,21.0,22.0,21.0,21.0,21.0,22.0,22.0,23.0,20.0,22.0,23.0,21.0,10.0,retract,6,6,2.7217
1787153749.589,2026-08-19 17:35:49.588,10,c3,0,0,-0.03815,-0.49678,0.04879,-4.1416,10.2175,-25.1739,-0.0728,0.0139,-0.3581,4.6981,24.0,23.0,21.0,22.0,24.0,24.0,24.0,23.0,22.0,23.0,25.0,22.0,23.0,24.0,24.0,24.0,24.0,25.0,22.0,21.0,22.0,21.0,21.0,22.0,21.0,22.0,21.0,22.0,21.0,21.0,21.0,22.0,22.0,23.0,20.0,22.0,23.0,21.0,10.0,retract,6,6,2.6858
1787153749.6391,2026-08-19 17:35:49.639,10,c3,0,0,-0.03814,-0.49678,0.04904,-4.4567,10.1662,-25.2127,-0.0712,0.0079,-0.3582,4.68274,24.0,23.0,21.0,22.0,24.0,24.0,24.0,23.0,22.0,23.0,25.0,22.0,23.0,24.0,24.0,24.0,24.0,25.0,22.0,21.0,22.0,21.0,21.0,22.0,21.0,22.0,21.0,22.0,21.0,21.0,21.0,22.0,22.0,23.0,20.0,22.0,23.0,21.0,10.0,retract,6,6,2.8225
1787153749.6892,2026-08-19 17:35:49.689,10,c3,0,0,-0.03812,-0.49681,0.04926,-4.0133,10.3586,-25.234,-0.0749,0.0161,-0.3463,4.6981,22.0,23.0,22.0,20.0,24.0,25.0,24.0,23.0,23.0,21.0,26.0,22.0,24.0,22.0,25.0,24.0,22.0,24.0,22.0,21.0,22.0,21.0,21.0,22.0,21.0,22.0,21.0,22.0,21.0,21.0,21.0,22.0,22.0,23.0,20.0,22.0,23.0,21.0,10.0,retract,6,6,2.6858
1787153749.7392,2026-08-19 17:35:49.739,10,c3,0,0,-0.03814,-0.49682,0.04939,-4.4344,9.9297,-25.0623,-0.0692,0.0078,-0.3614,4.69936,22.0,23.0,22.0,20.0,24.0,25.0,24.0,23.0,23.0,21.0,26.0,22.0,24.0,22.0,25.0,24.0,22.0,24.0,22.0,21.0,22.0,21.0,21.0,22.0,21.0,22.0,21.0,22.0,21.0,21.0,21.0,22.0,22.0,23.0,20.0,22.0,23.0,21.0,10.0,retract,6,6,2.6746
1787153749.7894,2026-08-19 17:35:49.789,10,c3,0,0,-0.03814,-0.49682,0.04949,-4.1201,10.1934,-25.1783,-0.0747,0.0159,-0.3563,4.69306,22.0,23.0,20.0,22.0,23.0,22.0,24.0,24.0,21.0,23.0,26.0,22.0,24.0,23.0,25.0,23.0,22.0,26.0,22.0,21.0,22.0,21.0,21.0,22.0,21.0,22.0,21.0,22.0,21.0,21.0,21.0,22.0,22.0,23.0,20.0,22.0,23.0,21.0,10.0,retract,6,6,2.7306
1787153749.8394,2026-08-19 17:35:49.839,10,c3,0,0,-0.03815,-0.49681,0.04955,-3.7818,9.7861,-25.6077,-0.0677,0.0252,-0.352,4.69332,21.0,22.0,22.0,20.0,22.0,24.0,26.0,23.0,22.0,22.0,26.0,23.0,24.0,23.0,23.0,23.0,25.0,24.0,22.0,21.0,22.0,21.0,21.0,22.0,21.0,22.0,21.0,22.0,21.0,21.0,21.0,22.0,22.0,23.0,20.0,22.0,23.0,21.0,10.0,retract,6,6,2.7284
1787153749.8896,2026-08-19 17:35:49.889,10,c3,0,0,-0.03811,-0.49681,0.0496,-3.8657,9.8296,-25.4534,-0.065,0.0195,-0.354,4.68979,21.0,22.0,22.0,20.0,22.0,24.0,26.0,23.0,22.0,22.0,26.0,23.0,24.0,23.0,23.0,23.0,25.0,24.0,22.0,21.0,22.0,21.0,21.0,22.0,21.0,22.0,21.0,22.0,21.0,21.0,21.0,22.0,22.0,23.0,20.0,22.0,23.0,21.0,10.0,retract,6,6,2.7597
1787153749.9397,2026-08-19 17:35:49.939,10,c3,0,0,-0.03815,-0.49681,0.04965,-3.9531,9.9584,-25.1316,-0.0709,0.0177,-0.3555,4.69785,23.0,23.0,22.0,23.0,23.0,24.0,24.0,21.0,24.0,22.0,25.0,21.0,25.0,24.0,23.0,22.0,23.0,24.0,21.0,21.0,22.0,21.0,21.0,22.0,21.0,22.0,21.0,22.0,21.0,21.0,21.0,22.0,22.0,23.0,20.0,22.0,23.0,21.0,10.0,retract,6,6,2.6881
1787153749.9897,2026-08-19 17:35:49.989,10,c3,0,0,-0.03814,-0.49682,0.04967,-4.0569,10.1534,-25.1952,-0.0716,0.0162,-0.3595,4.68828,23.0,23.0,22.0,23.0,23.0,24.0,24.0,21.0,24.0,22.0,25.0,21.0,25.0,24.0,23.0,22.0,23.0,24.0,21.0,21.0,22.0,21.0,21.0,22.0,21.0,22.0,21.0,22.0,21.0,21.0,21.0,22.0,22.0,23.0,20.0,22.0,23.0,21.0,10.0,post,6,6,2.7732
1787153750.0398,2026-08-19 17:35:50.039,10,c3,0,0,-0.03814,-0.49682,0.04972,-4.0944,10.5256,-25.2879,-0.0811,0.0139,-0.3606,4.684,19.0,24.0,22.0,19.0,24.0,24.0,25.0,24.0,24.0,22.0,25.0,22.0,25.0,22.0,24.0,23.0,22.0,25.0,24.0,21.0,22.0,21.0,21.0,22.0,21.0,22.0,21.0,22.0,21.0,21.0,21.0,22.0,22.0,23.0,20.0,22.0,23.0,21.0,10.0,post,6,6,2.8113
1787153750.0899,2026-08-19 17:35:50.089,10,c3,0,0,-0.03816,-0.49681,0.04972,-3.8708,10.2204,-25.1946,-0.0757,0.0217,-0.3585,4.69634,19.0,24.0,22.0,19.0,24.0,24.0,25.0,24.0,24.0,22.0,25.0,22.0,25.0,22.0,24.0,23.0,22.0,25.0,24.0,21.0,22.0,21.0,21.0,22.0,21.0,22.0,21.0,22.0,21.0,21.0,21.0,22.0,22.0,23.0,20.0,22.0,23.0,21.0,10.0,post,6,6,2.7015
1787153750.1401,2026-08-19 17:35:50.140,10,c3,0,0,-0.03815,-0.49682,0.04973,-4.3152,10.4498,-25.2102,-0.0775,0.0077,-0.3549,4.68602,22.0,24.0,19.0,20.0,25.0,23.0,24.0,22.0,22.0,22.0,25.0,21.0,23.0,22.0,23.0,23.0,22.0,25.0,22.0,21.0,22.0,21.0,21.0,22.0,21.0,22.0,21.0,22.0,21.0,21.0,21.0,22.0,22.0,23.0,20.0,22.0,23.0,21.0,10.0,post,6,6,2.7933
1787153750.1902,2026-08-19 17:35:50.190,10,c3,0,0,-0.03813,-0.49681,0.04971,-3.8216,10.2606,-25.3143,-0.0777,0.0222,-0.3493,4.69357,21.0,22.0,21.0,20.0,23.0,24.0,25.0,24.0,23.0,22.0,27.0,23.0,25.0,23.0,24.0,26.0,22.0,24.0,24.0,21.0,22.0,21.0,21.0,22.0,21.0,22.0,21.0,22.0,21.0,21.0,21.0,22.0,22.0,23.0,20.0,22.0,23.0,21.0,10.0,post,6,6,2.7261
1787153750.2403,2026-08-19 17:35:50.240,10,c3,0,0,-0.03813,-0.49682,0.04972,-4.055,10.1281,-25.3188,-0.0729,0.0172,-0.3586,4.68904,21.0,22.0,21.0,20.0,23.0,24.0,25.0,24.0,23.0,22.0,27.0,23.0,25.0,23.0,24.0,26.0,22.0,24.0,24.0,21.0,22.0,21.0,21.0,22.0,21.0,22.0,21.0,22.0,21.0,21.0,21.0,22.0,22.0,23.0,20.0,22.0,23.0,21.0,10.0,post,6,6,2.7665
1787153750.2904,2026-08-19 17:35:50.290,10,c3,0,0,-0.03813,-0.49681,0.04972,-4.0477,10.1005,-25.187,-0.0751,0.0149,-0.3547,4.69281,24.0,22.0,21.0,23.0,24.0,23.0,26.0,23.0,22.0,22.0,27.0,21.0,23.0,24.0,25.0,24.0,23.0,25.0,21.0,21.0,22.0,21.0,21.0,22.0,21.0,22.0,21.0,22.0,21.0,21.0,21.0,22.0,22.0,23.0,20.0,22.0,23.0,21.0,10.0,post,6,6,2.7329
1787153750.3405,2026-08-19 17:35:50.340,10,c3,0,0,-0.03814,-0.49681,0.04971,-4.0339,10.1482,-25.2832,-0.0734,0.0142,-0.3571,4.69483,24.0,22.0,21.0,23.0,24.0,23.0,26.0,23.0,22.0,22.0,27.0,21.0,23.0,24.0,25.0,24.0,23.0,25.0,21.0,21.0,22.0,21.0,21.0,22.0,21.0,22.0,21.0,22.0,21.0,21.0,21.0,22.0,22.0,23.0,20.0,22.0,23.0,21.0,10.0,post,6,6,2.7149
1787153750.3907,2026-08-19 17:35:50.390,10,c3,0,0,-0.03812,-0.49682,0.04972,-3.9627,10.2116,-25.3615,-0.0732,0.0169,-0.3489,4.69206,22.0,23.0,22.0,19.0,23.0,24.0,26.0,23.0,22.0,24.0,26.0,22.0,23.0,25.0,23.0,23.0,25.0,25.0,24.0,21.0,22.0,21.0,21.0,22.0,21.0,22.0,21.0,22.0,21.0,21.0,21.0,22.0,22.0,23.0,20.0,22.0,23.0,21.0,10.0,post,6,6,2.7396
1787153750.4408,2026-08-19 17:35:50.440,10,c3,0,0,-0.03816,-0.49681,0.04971,-4.1358,10.2428,-25.2634,-0.074,0.0149,-0.3513,4.69508,22.0,20.0,21.0,21.0,22.0,23.0,24.0,22.0,21.0,23.0,27.0,22.0,22.0,23.0,25.0,23.0,22.0,25.0,21.0,21.0,22.0,21.0,21.0,22.0,21.0,22.0,21.0,22.0,21.0,21.0,21.0,22.0,22.0,23.0,20.0,22.0,23.0,21.0,10.0,post,6,6,2.7127
1787153750.4909,2026-08-19 17:35:50.490,10,c3,0,0,-0.03813,-0.49682,0.04972,-4.1365,10.2755,-25.1943,-0.0745,0.0131,-0.355,4.68803,22.0,20.0,21.0,21.0,22.0,23.0,24.0,22.0,21.0,23.0,27.0,22.0,22.0,23.0,25.0,23.0,22.0,25.0,21.0,21.0,22.0,21.0,21.0,22.0,21.0,22.0,21.0,22.0,21.0,21.0,21.0,22.0,22.0,23.0,20.0,22.0,23.0,21.0,10.0,post,6,6,2.7754
1787153750.541,2026-08-19 17:35:50.541,10,c3,0,0,-0.03812,-0.49681,0.04972,-4.2666,10.0425,-25.2515,-0.0725,0.0079,-0.3566,4.69256,21.0,21.0,22.0,20.0,22.0,22.0,25.0,23.0,22.0,21.0,27.0,22.0,23.0,22.0,25.0,23.0,22.0,24.0,22.0,21.0,22.0,21.0,21.0,22.0,21.0,22.0,21.0,22.0,21.0,21.0,21.0,22.0,22.0,23.0,20.0,22.0,23.0,21.0,10.0,post,6,6,2.7351
1787153750.5911,2026-08-19 17:35:50.591,10,c3,0,0,-0.03815,-0.49681,0.04972,-3.6276,9.9684,-25.4318,-0.0689,0.0261,-0.35,4.68753,21.0,21.0,22.0,20.0,22.0,22.0,25.0,23.0,22.0,21.0,27.0,22.0,23.0,22.0,25.0,23.0,22.0,24.0,22.0,21.0,22.0,21.0,21.0,22.0,21.0,22.0,21.0,22.0,21.0,21.0,21.0,22.0,22.0,23.0,20.0,22.0,23.0,21.0,10.0,post,6,6,2.7799
1787153750.6413,2026-08-19 17:35:50.641,10,c3,0,0,-0.03815,-0.49681,0.04972,-4.2935,10.0121,-25.4235,-0.0709,0.0129,-0.3563,4.69432,21.0,22.0,22.0,20.0,23.0,23.0,25.0,25.0,23.0,21.0,26.0,23.0,24.0,22.0,25.0,25.0,21.0,24.0,25.0,21.0,22.0,21.0,21.0,22.0,21.0,22.0,21.0,22.0,21.0,21.0,21.0,22.0,22.0,23.0,20.0,22.0,23.0,21.0,10.0,post,6,6,2.7194
1787153750.6914,2026-08-19 17:35:50.691,10,c3,0,0,-0.03813,-0.49681,0.04972,-4.0289,10.4007,-25.294,-0.0815,0.0152,-0.3545,4.68929,21.0,22.0,20.0,22.0,23.0,23.0,26.0,22.0,22.0,22.0,25.0,22.0,23.0,23.0,25.0,23.0,22.0,24.0,23.0,21.0,22.0,21.0,21.0,22.0,21.0,22.0,21.0,22.0,21.0,21.0,21.0,22.0,22.0,23.0,20.0,22.0,23.0,21.0,10.0,post,6,6,2.7642
1787153750.7416,2026-08-19 17:35:50.741,10,c3,0,0,-0.03813,-0.4968,0.0497,-3.9462,10.2749,-25.2352,-0.0768,0.0171,-0.3571,4.69583,21.0,22.0,20.0,22.0,23.0,23.0,26.0,22.0,22.0,22.0,25.0,22.0,23.0,23.0,25.0,23.0,22.0,24.0,23.0,21.0,22.0,21.0,21.0,22.0,21.0,22.0,21.0,22.0,21.0,21.0,21.0,22.0,22.0,23.0,20.0,22.0,23.0,21.0,10.0,post,6,6,2.706
1787153750.7917,2026-08-19 17:35:50.791,10,c3,0,0,-0.03814,-0.49681,0.04971,-3.8593,10.2506,-25.1871,-0.0708,0.0221,-0.3567,4.68652,21.0,22.0,21.0,21.0,23.0,24.0,24.0,23.0,23.0,23.0,28.0,22.0,24.0,24.0,26.0,23.0,25.0,25.0,23.0,21.0,22.0,21.0,21.0,22.0,21.0,22.0,21.0,22.0,21.0,21.0,21.0,22.0,22.0,23.0,20.0,22.0,23.0,21.0,10.0,post,6,6,2.7889
1787153750.8418,2026-08-19 17:35:50.841,10,c3,0,0,-0.03815,-0.49681,0.04971,-3.9472,9.9012,-25.2064,-0.0696,0.0179,-0.3591,4.69785,21.0,22.0,21.0,21.0,23.0,24.0,24.0,23.0,23.0,23.0,28.0,22.0,24.0,24.0,26.0,23.0,25.0,25.0,23.0,21.0,22.0,21.0,21.0,22.0,21.0,22.0,21.0,22.0,21.0,21.0,21.0,22.0,22.0,23.0,20.0,22.0,23.0,21.0,10.0,post,6,6,2.6881
1787153750.8919,2026-08-19 17:35:50.891,10,c3,0,0,-0.03814,-0.4968,0.04971,-3.9353,10.0751,-25.1869,-0.0693,0.0198,-0.3483,4.6908,22.0,23.0,22.0,22.0,23.0,23.0,27.0,25.0,24.0,22.0,26.0,24.0,24.0,24.0,23.0,23.0,24.0,24.0,24.0,21.0,22.0,21.0,21.0,22.0,21.0,22.0,21.0,22.0,21.0,21.0,21.0,22.0,22.0,23.0,20.0,22.0,23.0,21.0,10.0,post,6,6,2.7508
1787153750.9421,2026-08-19 17:35:50.942,10,c3,0,0,-0.03814,-0.49682,0.04972,-3.9334,9.9612,-25.2309,-0.0697,0.0211,-0.3499,4.69181,22.0,23.0,22.0,22.0,23.0,23.0,27.0,25.0,24.0,22.0,26.0,24.0,24.0,24.0,23.0,23.0,24.0,24.0,24.0,21.0,22.0,21.0,21.0,22.0,21.0,22.0,21.0,22.0,21.0,21.0,21.0,22.0,22.0,23.0,20.0,22.0,23.0,21.0,10.0,post,6,6,2.7418
1787153750.9922,2026-08-19 17:35:50.992,10,c3,0,0,-0.03813,-0.49683,0.04973,-3.737,9.9783,-25.3953,-0.0698,0.0224,-0.3487,4.69961,24.0,23.0,22.0,22.0,25.0,22.0,23.0,23.0,23.0,22.0,26.0,22.0,24.0,23.0,24.0,22.0,23.0,25.0,23.0,21.0,22.0,21.0,21.0,22.0,21.0,22.0,21.0,22.0,21.0,21.0,21.0,22.0,22.0,23.0,20.0,22.0,23.0,21.0,10.0,post,6,6,2.6724
1787153751.0423,2026-08-19 17:35:51.042,10,c3,0,0,-0.03814,-0.49682,0.04973,-4.0205,10.0606,-25.4508,-0.0686,0.0153,-0.3541,4.69055,21.0,24.0,22.0,21.0,25.0,22.0,27.0,24.0,23.0,22.0,25.0,22.0,24.0,23.0,23.0,24.0,23.0,23.0,25.0,21.0,22.0,21.0,21.0,22.0,21.0,22.0,21.0,22.0,21.0,21.0,21.0,22.0,22.0,23.0,20.0,22.0,23.0,21.0,10.0,post,6,6,2.753
1787153751.0924,2026-08-19 17:35:51.092,10,c3,0,0,-0.03813,-0.49681,0.04972,-3.7594,10.124,-25.3403,-0.0728,0.019,-0.3499,4.68803,21.0,24.0,22.0,21.0,25.0,22.0,27.0,24.0,23.0,22.0,25.0,22.0,24.0,23.0,23.0,24.0,23.0,23.0,25.0,21.0,22.0,21.0,21.0,22.0,21.0,22.0,21.0,22.0,21.0,21.0,21.0,22.0,22.0,23.0,20.0,22.0,23.0,21.0,10.0,post,6,6,2.7754
1787153751.1426,2026-08-19 17:35:51.142,10,c3,0,0,-0.03813,-0.49681,0.04971,-3.9691,10.2779,-25.4256,-0.0728,0.0161,-0.3482,4.69659,24.0,23.0,22.0,22.0,24.0,23.0,26.0,22.0,20.0,23.0,26.0,20.0,21.0,22.0,25.0,23.0,23.0,24.0,21.0,21.0,22.0,21.0,21.0,22.0,21.0,22.0,21.0,22.0,21.0,21.0,21.0,22.0,22.0,23.0,20.0,22.0,23.0,21.0,10.0,post,6,6,2.6993
1787153751.1927,2026-08-19 17:35:51.192,10,c3,0,0,-0.03814,-0.49682,0.04972,-4.3383,10.6208,-25.4382,-0.0815,0.0052,-0.3588,4.68954,24.0,23.0,22.0,22.0,24.0,23.0,26.0,22.0,20.0,23.0,26.0,20.0,21.0,22.0,25.0,23.0,23.0,24.0,21.0,21.0,22.0,21.0,21.0,22.0,21.0,22.0,21.0,22.0,21.0,21.0,21.0,22.0,22.0,23.0,20.0,22.0,23.0,21.0,10.0,post,6,6,2.762
1787153751.2428,2026-08-19 17:35:51.242,10,c3,0,0,-0.03816,-0.49682,0.04973,-3.9515,10.2072,-25.3434,-0.0743,0.0203,-0.3561,4.69281,22.0,20.0,22.0,20.0,21.0,23.0,26.0,25.0,21.0,22.0,24.0,25.0,24.0,22.0,23.0,25.0,24.0,23.0,24.0,21.0,22.0,21.0,21.0,22.0,21.0,22.0,21.0,22.0,21.0,21.0,21.0,22.0,22.0,23.0,20.0,22.0,23.0,21.0,10.0,post,6,6,2.7329
1787153751.2929,2026-08-19 17:35:51.292,10,c3,0,0,-0.03814,-0.49682,0.04971,-3.9904,9.865,-25.3232,-0.0679,0.0182,-0.3518,4.68677,23.0,21.0,22.0,24.0,22.0,24.0,24.0,23.0,21.0,25.0,25.0,24.0,22.0,26.0,24.0,21.0,25.0,25.0,24.0,21.0,22.0,21.0,21.0,22.0,21.0,22.0,21.0,22.0,21.0,21.0,21.0,22.0,22.0,23.0,20.0,22.0,23.0,21.0,10.0,post,6,6,2.7866
1787153751.343,2026-08-19 17:35:51.342,10,c3,0,0,-0.03813,-0.49682,0.04972,-3.9584,10.2733,-25.2964,-0.0762,0.0177,-0.3516,4.68853,23.0,21.0,22.0,24.0,22.0,24.0,24.0,23.0,21.0,25.0,25.0,24.0,22.0,26.0,24.0,21.0,25.0,25.0,24.0,21.0,22.0,21.0,21.0,22.0,21.0,22.0,21.0,22.0,21.0,21.0,21.0,22.0,22.0,23.0,20.0,22.0,23.0,21.0,10.0,post,6,6,2.7709
1787153751.3931,2026-08-19 17:35:51.393,10,c3,0,0,-0.03814,-0.49682,0.04972,-4.3685,10.3154,-25.2217,-0.0745,0.0081,-0.3604,4.69558,21.0,21.0,24.0,21.0,21.0,25.0,25.0,23.0,23.0,23.0,25.0,22.0,24.0,24.0,23.0,22.0,25.0,24.0,22.0,21.0,22.0,21.0,21.0,22.0,21.0,22.0,21.0,22.0,21.0,21.0,21.0,22.0,22.0,23.0,20.0,22.0,23.0,21.0,10.0,post,6,6,2.7082
1787153751.4432,2026-08-19 17:35:51.443,10,c3,0,0,-0.03815,-0.49683,0.04973,-4.1834,10.1758,-25.2694,-0.0704,0.0098,-0.3537,4.68929,21.0,21.0,24.0,21.0,21.0,25.0,25.0,23.0,23.0,23.0,25.0,22.0,24.0,24.0,23.0,22.0,25.0,24.0,22.0,21.0,22.0,21.0,21.0,22.0,21.0,22.0,21.0,22.0,21.0,21.0,21.0,22.0,22.0,23.0,20.0,22.0,23.0,21.0,10.0,post,6,6,2.7642
1787153751.4933,2026-08-19 17:35:51.493,10,c3,0,0,-0.03814,-0.49683,0.04973,-4.3655,10.5449,-25.2291,-0.0803,0.008,-0.3564,4.69458,22.0,23.0,23.0,21.0,25.0,24.0,24.0,22.0,23.0,24.0,24.0,22.0,22.0,24.0,22.0,21.0,24.0,23.0,22.0,21.0,22.0,21.0,21.0,22.0,21.0,22.0,21.0,22.0,21.0,21.0,21.0,22.0,22.0,23.0,20.0,22.0,23.0,21.0,10.0,post,6,6,2.7172
1787153751.5434,2026-08-19 17:35:51.543,10,c3,0,0,-0.03815,-0.49683,0.04973,-4.0448,10.3285,-25.2651,-0.0812,0.0157,-0.3524,4.68778,20.0,23.0,23.0,21.0,22.0,24.0,23.0,23.0,23.0,22.0,25.0,23.0,24.0,23.0,23.0,25.0,22.0,24.0,24.0,21.0,22.0,21.0,21.0,22.0,21.0,22.0,21.0,22.0,21.0,21.0,21.0,22.0,22.0,23.0,20.0,22.0,23.0,21.0,10.0,post,6,6,2.7777
1787153751.5935,2026-08-19 17:35:51.593,10,c3,0,0,-0.03815,-0.49682,0.04972,-4.4278,10.307,-25.0934,-0.0777,0.007,-0.36,4.69458,20.0,23.0,23.0,21.0,22.0,24.0,23.0,23.0,23.0,22.0,25.0,23.0,24.0,23.0,23.0,25.0,22.0,24.0,24.0,21.0,22.0,21.0,21.0,22.0,21.0,22.0,21.0,22.0,21.0,21.0,21.0,22.0,22.0,23.0,20.0,22.0,23.0,21.0,10.0,post,6,6,2.7172
1787153751.6435,2026-08-19 17:35:51.643,10,c3,0,0,-0.03815,-0.49682,0.04971,-4.0365,10.2228,-25.3153,-0.0777,0.0133,-0.3618,4.69105,23.0,23.0,22.0,21.0,23.0,24.0,26.0,23.0,23.0,22.0,26.0,23.0,25.0,23.0,24.0,25.0,23.0,22.0,24.0,21.0,22.0,21.0,21.0,22.0,21.0,22.0,21.0,22.0,21.0,21.0,21.0,22.0,22.0,23.0,20.0,22.0,23.0,21.0,10.0,post,6,6,2.7485
1787153751.6937,2026-08-19 17:35:51.693,10,c3,0,0,-0.03813,-0.49681,0.04971,-3.9221,10.2599,-25.323,-0.0804,0.0168,-0.3535,4.69004,23.0,23.0,22.0,21.0,23.0,24.0,26.0,23.0,23.0,22.0,26.0,23.0,25.0,23.0,24.0,25.0,23.0,22.0,24.0,21.0,22.0,21.0,21.0,22.0,21.0,22.0,21.0,22.0,21.0,21.0,21.0,22.0,22.0,23.0,20.0,22.0,23.0,21.0,10.0,post,6,6,2.7575
1787153751.7438,2026-08-19 17:35:51.743,10,c3,0,0,-0.03813,-0.49682,0.04972,-3.8275,10.4379,-25.3133,-0.0805,0.0213,-0.3541,4.69709,23.0,23.0,21.0,23.0,23.0,22.0,25.0,23.0,22.0,20.0,25.0,23.0,24.0,22.0,24.0,23.0,22.0,24.0,23.0,21.0,22.0,21.0,21.0,22.0,21.0,22.0,21.0,22.0,21.0,21.0,21.0,22.0,22.0,23.0,20.0,22.0,23.0,21.0,10.0,post,6,6,2.6948
1787153751.7939,2026-08-19 17:35:51.793,10,c3,0,0,-0.03814,-0.49682,0.04971,-4.0941,10.2695,-25.2818,-0.0769,0.0155,-0.352,4.684,23.0,23.0,20.0,22.0,22.0,22.0,22.0,24.0,22.0,22.0,24.0,22.0,23.0,22.0,20.0,24.0,22.0,21.0,23.0,21.0,22.0,21.0,21.0,22.0,21.0,22.0,21.0,22.0,21.0,21.0,21.0,22.0,22.0,23.0,20.0,22.0,23.0,21.0,10.0,post,6,6,2.8113
1787153751.844,2026-08-19 17:35:51.844,10,c3,0,0,-0.03813,-0.49682,0.04972,-4.0941,10.114,-25.2956,-0.0726,0.013,-0.3516,4.69684,23.0,23.0,20.0,22.0,22.0,22.0,22.0,24.0,22.0,22.0,24.0,22.0,23.0,22.0,20.0,24.0,22.0,21.0,23.0,21.0,22.0,21.0,21.0,22.0,21.0,22.0,21.0,22.0,21.0,21.0,21.0,22.0,22.0,23.0,20.0,22.0,23.0,21.0,10.0,post,6,6,2.697
1787153751.8942,2026-08-19 17:35:51.894,10,c3,0,0,-0.03814,-0.49681,0.04971,-4.0288,10.2034,-25.3079,-0.0741,0.018,-0.3523,4.69432,22.0,22.0,21.0,21.0,22.0,22.0,21.0,24.0,23.0,21.0,24.0,23.0,24.0,22.0,23.0,23.0,22.0,23.0,23.0,21.0,22.0,21.0,21.0,22.0,21.0,22.0,21.0,22.0,21.0,21.0,21.0,22.0,22.0,23.0,20.0,22.0,23.0,21.0,10.0,post,6,6,2.7194
1787153751.9443,2026-08-19 17:35:51.944,10,c3,0,0,-0.03814,-0.49682,0.04972,-4.3262,10.0834,-25.2777,-0.0733,0.0079,-0.3569,4.6908,22.0,22.0,21.0,21.0,22.0,22.0,21.0,24.0,23.0,21.0,24.0,23.0,24.0,22.0,23.0,23.0,22.0,23.0,23.0,21.0,22.0,21.0,21.0,22.0,21.0,22.0,21.0,22.0,21.0,21.0,21.0,22.0,22.0,23.0,20.0,22.0,23.0,21.0,10.0,post,6,6,2.7508
1787153751.9944,2026-08-19 17:35:51.994,10,c3,0,0,-0.03814,-0.49681,0.04971,-3.8937,10.1384,-25.3389,-0.0729,0.0195,-0.3545,4.69634,23.0,23.0,21.0,20.0,23.0,22.0,23.0,24.0,23.0,23.0,25.0,22.0,25.0,23.0,23.0,23.0,24.0,25.0,26.0,21.0,22.0,21.0,21.0,22.0,21.0,22.0,21.0,22.0,21.0,21.0,21.0,22.0,22.0,23.0,20.0,22.0,23.0,21.0,10.0,locate,7,7,2.7015
1787153752.0447,2026-08-19 17:35:52.044,10,c3,0,0,-0.03814,-0.49681,0.04972,-4.1143,10.3114,-25.2221,-0.0765,0.0145,-0.3533,4.68576,22.0,23.0,22.0,21.0,24.0,24.0,26.0,22.0,22.0,21.0,25.0,22.0,23.0,23.0,22.0,23.0,22.0,22.0,23.0,21.0,22.0,21.0,21.0,22.0,21.0,22.0,21.0,22.0,21.0,21.0,21.0,22.0,22.0,23.0,20.0,22.0,23.0,21.0,10.0,locate,7,7,2.7956
1787153752.0948,2026-08-19 17:35:52.094,10,c3,0,0,-0.03815,-0.49683,0.04973,-3.9058,10.4716,-25.2042,-0.0834,0.0226,-0.357,4.68199,22.0,23.0,22.0,21.0,24.0,24.0,26.0,22.0,22.0,21.0,25.0,22.0,23.0,23.0,22.0,23.0,22.0,22.0,23.0,21.0,22.0,21.0,21.0,22.0,21.0,22.0,21.0,22.0,21.0,21.0,21.0,22.0,22.0,23.0,20.0,22.0,23.0,21.0,10.0,locate,7,7,2.8292
1787153752.1449,2026-08-19 17:35:52.144,10,c3,0,0,-0.03814,-0.4968,0.04971,-3.9919,10.1592,-25.3835,-0.0714,0.0151,-0.3479,4.69709,22.0,23.0,20.0,21.0,24.0,22.0,21.0,23.0,21.0,23.0,24.0,23.0,22.0,24.0,24.0,23.0,23.0,25.0,21.0,21.0,22.0,21.0,21.0,22.0,21.0,22.0,21.0,22.0,21.0,21.0,21.0,22.0,22.0,23.0,20.0,22.0,23.0,21.0,10.0,locate,7,7,2.6948
1787153752.195,2026-08-19 17:35:52.195,10,c3,0,0,-0.03812,-0.4968,0.0497,-3.7574,9.8282,-25.3019,-0.065,0.0238,-0.3505,4.68576,22.0,23.0,20.0,21.0,24.0,22.0,21.0,23.0,21.0,23.0,24.0,23.0,22.0,24.0,24.0,23.0,23.0,25.0,21.0,21.0,22.0,21.0,21.0,22.0,21.0,22.0,21.0,22.0,21.0,21.0,21.0,22.0,22.0,23.0,20.0,22.0,23.0,21.0,10.0,locate,7,7,2.7956
1787153752.2452,2026-08-19 17:35:52.245,10,c3,0,0,-0.03815,-0.4968,0.0497,-4.0337,10.2371,-25.1679,-0.0747,0.0177,-0.3553,4.69609,20.0,22.0,22.0,20.0,22.0,23.0,24.0,24.0,22.0,23.0,24.0,24.0,24.0,23.0,23.0,24.0,24.0,25.0,23.0,21.0,22.0,21.0,21.0,22.0,21.0,22.0,21.0,22.0,21.0,21.0,21.0,22.0,22.0,23.0,20.0,22.0,23.0,21.0,10.0,locate,7,7,2.7037
1787153752.2953,2026-08-19 17:35:52.295,10,c3,0,0,-0.03813,-0.49682,0.04972,-3.7618,9.9801,-25.317,-0.0705,0.0224,-0.3549,4.68627,20.0,22.0,22.0,20.0,22.0,23.0,24.0,24.0,22.0,23.0,24.0,24.0,24.0,23.0,23.0,24.0,24.0,25.0,23.0,21.0,22.0,21.0,21.0,22.0,21.0,22.0,21.0,22.0,21.0,21.0,21.0,22.0,22.0,23.0,20.0,22.0,23.0,21.0,10.0,locate,7,7,2.7911
1787153752.3454,2026-08-19 17:35:52.345,10,c3,0,0,-0.03815,-0.49681,0.0497,-3.9725,9.8542,-25.3076,-0.0703,0.018,-0.3554,4.69684,23.0,24.0,23.0,22.0,24.0,24.0,25.0,23.0,22.0,23.0,26.0,22.0,22.0,23.0,23.0,22.0,23.0,25.0,23.0,21.0,22.0,21.0,21.0,22.0,21.0,22.0,21.0,22.0,21.0,21.0,21.0,22.0,22.0,23.0,20.0,22.0,23.0,21.0,10.0,locate,7,7,2.697
1787153752.3956,2026-08-19 17:35:52.395,10,c3,0,0,-0.03815,-0.49681,0.04971,-4.5436,10.5282,-25.0114,-0.0829,-0.0002,-0.3592,4.68778,24.0,23.0,20.0,20.0,22.0,23.0,25.0,21.0,22.0,23.0,27.0,21.0,22.0,24.0,23.0,21.0,23.0,24.0,22.0,21.0,22.0,21.0,21.0,22.0,21.0,22.0,21.0,22.0,21.0,21.0,21.0,22.0,22.0,23.0,20.0,22.0,23.0,21.0,10.0,locate,7,7,2.7777
1787153752.4457,2026-08-19 17:35:52.445,10,c3,0,0,-0.03815,-0.49682,0.04972,-3.8806,9.9991,-25.1288,-0.0734,0.0202,-0.3527,4.69281,24.0,23.0,20.0,20.0,22.0,23.0,25.0,21.0,22.0,23.0,27.0,21.0,22.0,24.0,23.0,21.0,23.0,24.0,22.0,21.0,22.0,21.0,21.0,22.0,21.0,22.0,21.0,22.0,21.0,21.0,21.0,22.0,22.0,23.0,20.0,22.0,23.0,21.0,10.0,locate,7,7,2.7329
1787153752.4958,2026-08-19 17:35:52.495,10,c3,0,0,-0.03814,-0.49682,0.04972,-3.8172,9.8572,-25.3179,-0.0665,0.0202,-0.3581,4.69332,21.0,23.0,22.0,21.0,23.0,23.0,25.0,23.0,22.0,21.0,25.0,24.0,23.0,22.0,23.0,23.0,23.0,24.0,23.0,21.0,22.0,21.0,21.0,22.0,21.0,22.0,21.0,22.0,21.0,21.0,21.0,22.0,22.0,23.0,20.0,22.0,23.0,21.0,10.0,locate,7,7,2.7284
1787153752.5459,2026-08-19 17:35:52.545,10,c3,0,0,-0.03814,-0.49681,0.04971,-4.1459,10.5446,-25.4346,-0.084,0.0126,-0.3617,4.68828,21.0,23.0,22.0,21.0,23.0,23.0,25.0,23.0,22.0,21.0,25.0,24.0,23.0,22.0,23.0,23.0,23.0,24.0,23.0,21.0,22.0,21.0,21.0,22.0,21.0,22.0,21.0,22.0,21.0,21.0,21.0,22.0,22.0,23.0,20.0,22.0,23.0,21.0,10.0,locate,7,7,2.7732
1787153752.596,2026-08-19 17:35:52.595,10,c3,0,0,-0.03813,-0.49682,0.04971,-3.9555,10.1569,-25.5107,-0.0729,0.02,-0.348,4.69256,21.0,22.0,21.0,22.0,23.0,21.0,24.0,22.0,23.0,22.0,25.0,22.0,24.0,22.0,24.0,24.0,23.0,25.0,23.0,21.0,22.0,21.0,21.0,22.0,21.0,22.0,21.0,22.0,21.0,21.0,21.0,22.0,22.0,23.0,20.0,22.0,23.0,21.0,10.0,locate,7,7,2.7351
1787153752.6461,2026-08-19 17:35:52.646,10,c3,0,0,-0.03811,-0.49681,0.04971,-4.0901,9.9332,-25.3304,-0.0694,0.0164,-0.3596,4.69558,23.0,23.0,22.0,21.0,23.0,22.0,25.0,24.0,21.0,22.0,26.0,24.0,22.0,23.0,23.0,25.0,23.0,25.0,23.0,21.0,22.0,21.0,21.0,22.0,21.0,22.0,21.0,22.0,21.0,21.0,21.0,22.0,22.0,23.0,20.0,22.0,23.0,21.0,10.0,locate,7,7,2.7082
1787153752.6962,2026-08-19 17:35:52.696,10,c3,0,0,-0.03814,-0.4968,0.04971,-3.7861,9.899,-25.3334,-0.0677,0.0234,-0.3529,4.69684,23.0,23.0,22.0,21.0,23.0,22.0,25.0,24.0,21.0,22.0,26.0,24.0,22.0,23.0,23.0,25.0,23.0,25.0,23.0,21.0,22.0,21.0,21.0,22.0,21.0,22.0,21.0,22.0,21.0,21.0,21.0,22.0,22.0,23.0,20.0,22.0,23.0,21.0,10.0,locate,7,7,2.697
1787153752.7463,2026-08-19 17:35:52.746,10,c3,0,0,-0.03812,-0.49681,0.04971,-4.3135,10.3243,-25.3616,-0.0752,0.0097,-0.3522,4.68677,22.0,22.0,22.0,23.0,22.0,23.0,27.0,24.0,21.0,22.0,26.0,23.0,22.0,24.0,24.0,23.0,23.0,25.0,22.0,21.0,22.0,21.0,21.0,22.0,21.0,22.0,21.0,22.0,21.0,21.0,21.0,22.0,22.0,23.0,20.0,22.0,23.0,21.0,10.0,locate,7,7,2.7866
1787153752.7965,2026-08-19 17:35:52.796,10,c3,0,0,-0.03813,-0.49681,0.04971,-4.0884,10.159,-25.2269,-0.07,0.0159,-0.3531,4.69558,22.0,22.0,22.0,23.0,22.0,23.0,27.0,24.0,21.0,22.0,26.0,23.0,22.0,24.0,24.0,23.0,23.0,25.0,22.0,21.0,22.0,21.0,21.0,22.0,21.0,22.0,21.0,22.0,21.0,21.0,21.0,22.0,22.0,23.0,20.0,22.0,23.0,21.0,10.0,locate,7,7,2.7082
1787153752.8466,2026-08-19 17:35:52.846,10,c3,0,0,-0.03813,-0.4968,0.04969,-3.9065,9.8057,-25.362,-0.0658,0.0197,-0.3561,4.69155,22.0,21.0,20.0,22.0,23.0,21.0,23.0,25.0,21.0,23.0,27.0,23.0,23.0,23.0,26.0,24.0,22.0,26.0,24.0,21.0,22.0,21.0,21.0,22.0,21.0,22.0,21.0,22.0,21.0,21.0,21.0,22.0,22.0,23.0,20.0,22.0,23.0,21.0,10.0,locate,7,7,2.7441
1787153752.8967,2026-08-19 17:35:52.896,10,c3,0,0,-0.03815,-0.49682,0.04972,-3.9406,9.9862,-25.2345,-0.0683,0.0193,-0.3463,4.69558,23.0,21.0,22.0,22.0,21.0,23.0,27.0,23.0,22.0,22.0,27.0,23.0,24.0,22.0,24.0,23.0,21.0,24.0,23.0,21.0,22.0,21.0,21.0,22.0,21.0,22.0,21.0,22.0,21.0,21.0,21.0,22.0,22.0,23.0,20.0,22.0,23.0,21.0,10.0,locate,7,7,2.7082
1787153752.9468,2026-08-19 17:35:52.946,10,c3,0,0,-0.03815,-0.49682,0.0497,-3.8961,10.2457,-25.181,-0.0784,0.0194,-0.3528,4.69407,23.0,21.0,22.0,22.0,21.0,23.0,27.0,23.0,22.0,22.0,27.0,23.0,24.0,22.0,24.0,23.0,21.0,24.0,23.0,21.0,22.0,21.0,21.0,22.0,21.0,22.0,21.0,22.0,21.0,21.0,21.0,22.0,22.0,23.0,20.0,22.0,23.0,21.0,10.0,locate,7,7,2.7217
1787153752.9969,2026-08-19 17:35:52.996,10,c3,0,0,-0.03815,-0.49681,0.0497,-4.2124,10.0333,-25.132,-0.0696,0.0132,-0.3472,4.68727,23.0,23.0,20.0,22.0,23.0,22.0,25.0,24.0,22.0,23.0,27.0,23.0,25.0,24.0,24.0,23.0,25.0,25.0,23.0,21.0,22.0,21.0,21.0,22.0,21.0,22.0,21.0,22.0,21.0,21.0,21.0,22.0,22.0,23.0,20.0,22.0,23.0,21.0,10.0,locate,7,7,2.7821
1787153753.047,2026-08-19 17:35:53.046,10,c3,0,0,-0.03816,-0.4968,0.0497,-4.3154,10.5102,-25.0322,-0.0805,0.0093,-0.3544,4.69332,23.0,23.0,20.0,22.0,23.0,22.0,25.0,24.0,22.0,23.0,27.0,23.0,25.0,24.0,24.0,23.0,25.0,25.0,23.0,21.0,22.0,21.0,21.0,22.0,21.0,22.0,21.0,22.0,21.0,21.0,21.0,22.0,22.0,23.0,20.0,22.0,23.0,21.0,10.0,locate,7,7,2.7284
1787153753.0971,2026-08-19 17:35:53.097,10,c3,0,0,-0.03814,-0.49681,0.0497,-4.3223,10.1012,-25.0435,-0.0742,0.0076,-0.3595,4.69785,21.0,22.0,21.0,23.0,22.0,23.0,25.0,21.0,23.0,22.0,26.0,20.0,25.0,22.0,23.0,23.0,23.0,25.0,22.0,21.0,22.0,21.0,21.0,22.0,21.0,22.0,21.0,22.0,21.0,21.0,21.0,22.0,22.0,23.0,20.0,22.0,23.0,21.0,10.0,locate,7,7,2.6881
1787153753.1472,2026-08-19 17:35:53.147,10,c3,0,0,-0.03815,-0.49682,0.04972,-4.2378,10.1784,-25.1402,-0.0772,0.0112,-0.3609,4.68476,21.0,22.0,21.0,23.0,22.0,23.0,25.0,21.0,23.0,22.0,26.0,20.0,25.0,22.0,23.0,23.0,23.0,25.0,22.0,21.0,22.0,21.0,21.0,22.0,21.0,22.0,21.0,22.0,21.0,21.0,21.0,22.0,22.0,23.0,20.0,22.0,23.0,21.0,10.0,locate,7,7,2.8045
1787153753.1973,2026-08-19 17:35:53.197,10,c3,0,0,-0.03812,-0.49681,0.0497,-4.1315,10.2549,-25.0477,-0.0791,0.0151,-0.3551,4.69785,20.0,23.0,21.0,19.0,24.0,22.0,26.0,24.0,23.0,21.0,25.0,23.0,23.0,23.0,25.0,25.0,23.0,25.0,23.0,21.0,22.0,21.0,21.0,22.0,21.0,22.0,21.0,22.0,21.0,21.0,21.0,22.0,22.0,23.0,20.0,22.0,23.0,21.0,10.0,locate,7,7,2.6881
1787153753.2474,2026-08-19 17:35:53.247,10,c3,0,0,-0.03814,-0.49682,0.04972,-4.1178,10.3037,-25.1723,-0.0768,0.0143,-0.3581,4.68476,21.0,22.0,21.0,22.0,24.0,22.0,26.0,22.0,22.0,22.0,27.0,22.0,23.0,23.0,25.0,23.0,22.0,23.0,22.0,21.0,22.0,21.0,21.0,22.0,21.0,22.0,21.0,22.0,21.0,21.0,21.0,22.0,22.0,23.0,20.0,22.0,23.0,21.0,10.0,locate,7,7,2.8045
1787153753.2975,2026-08-19 17:35:53.297,10,c3,0,0,-0.03813,-0.49681,0.04972,-4.2916,10.1226,-25.1245,-0.0753,0.0089,-0.3558,4.68979,21.0,22.0,21.0,22.0,24.0,22.0,26.0,22.0,22.0,22.0,27.0,22.0,23.0,23.0,25.0,23.0,22.0,23.0,22.0,21.0,22.0,21.0,21.0,22.0,21.0,22.0,21.0,22.0,21.0,21.0,21.0,22.0,22.0,23.0,20.0,22.0,23.0,21.0,10.0,locate,7,7,2.7597
1787153753.3477,2026-08-19 17:35:53.347,10,c3,0,0,-0.03814,-0.49681,0.0497,-4.3572,10.5342,-24.933,-0.0842,0.0093,-0.3557,4.69004,21.0,22.0,20.0,22.0,22.0,23.0,26.0,22.0,21.0,23.0,27.0,21.0,23.0,24.0,24.0,23.0,23.0,25.0,24.0,21.0,22.0,21.0,21.0,22.0,21.0,22.0,21.0,22.0,21.0,21.0,21.0,22.0,22.0,23.0,20.0,22.0,23.0,21.0,10.0,locate,7,7,2.7575
1787153753.3978,2026-08-19 17:35:53.397,10,c3,0,0,-0.03814,-0.49682,0.04971,-4.4049,10.1153,-25.2486,-0.0734,0.006,-0.3557,4.69558,21.0,22.0,20.0,22.0,22.0,23.0,26.0,22.0,21.0,23.0,27.0,21.0,23.0,24.0,24.0,23.0,23.0,25.0,24.0,21.0,22.0,21.0,21.0,22.0,21.0,22.0,21.0,22.0,21.0,21.0,21.0,22.0,22.0,23.0,20.0,22.0,23.0,21.0,10.0,locate,7,7,2.7082
1787153753.4479,2026-08-19 17:35:53.447,10,c3,0,0,-0.03815,-0.49682,0.04972,-4.1424,10.2985,-25.001,-0.0783,0.0126,-0.3531,4.68803,22.0,22.0,22.0,20.0,23.0,23.0,26.0,22.0,22.0,22.0,26.0,21.0,23.0,23.0,24.0,23.0,22.0,23.0,23.0,21.0,22.0,21.0,21.0,22.0,21.0,22.0,21.0,22.0,21.0,21.0,21.0,22.0,22.0,23.0,20.0,22.0,23.0,21.0,10.0,locate,7,7,2.7754
1787153753.498,2026-08-19 17:35:53.498,10,c3,0,0,-0.03814,-0.49682,0.04971,-4.0672,10.4398,-24.9937,-0.0827,0.0149,-0.3532,4.69785,21.0,23.0,21.0,21.0,22.0,21.0,25.0,22.0,22.0,22.0,26.0,22.0,24.0,23.0,23.0,22.0,22.0,25.0,22.0,21.0,22.0,21.0,21.0,22.0,21.0,22.0,21.0,22.0,21.0,21.0,21.0,22.0,22.0,23.0,20.0,22.0,23.0,21.0,10.0,locate,7,7,2.6881
1787153753.5482,2026-08-19 17:35:53.548,10,c3,0,0,-0.03814,-0.49683,0.04973,-4.014,10.4179,-25.0651,-0.0778,0.0174,-0.3533,4.68828,21.0,23.0,21.0,21.0,22.0,21.0,25.0,22.0,22.0,22.0,26.0,22.0,24.0,23.0,23.0,22.0,22.0,25.0,22.0,21.0,22.0,21.0,21.0,22.0,21.0,22.0,21.0,22.0,21.0,21.0,21.0,22.0,22.0,23.0,20.0,22.0,23.0,21.0,10.0,locate,7,7,2.7732
1787153753.5983,2026-08-19 17:35:53.598,10,c3,0,0,-0.03813,-0.49681,0.04971,-3.9985,10.2718,-25.2238,-0.0756,0.0193,-0.3516,4.69684,22.0,22.0,22.0,19.0,23.0,23.0,26.0,23.0,21.0,23.0,26.0,22.0,22.0,23.0,23.0,23.0,22.0,25.0,23.0,21.0,22.0,21.0,21.0,22.0,21.0,22.0,21.0,22.0,21.0,21.0,21.0,22.0,22.0,23.0,20.0,22.0,23.0,21.0,10.0,locate,7,7,2.697
1787153753.6484,2026-08-19 17:35:53.648,10,c3,0,0,-0.03813,-0.4968,0.04969,-3.9676,10.4639,-25.2522,-0.0818,0.0154,-0.3544,4.68476,22.0,22.0,22.0,19.0,23.0,23.0,26.0,23.0,21.0,23.0,26.0,22.0,22.0,23.0,23.0,23.0,22.0,25.0,23.0,21.0,22.0,21.0,21.0,22.0,21.0,22.0,21.0,22.0,21.0,21.0,21.0,22.0,22.0,23.0,20.0,22.0,23.0,21.0,10.0,locate,7,7,2.8045
1787153753.6985,2026-08-19 17:35:53.698,10,c3,0,0,-0.03814,-0.4968,0.0497,-3.986,9.95,-25.2512,-0.0658,0.0161,-0.3504,4.69785,22.0,21.0,22.0,22.0,21.0,24.0,26.0,23.0,22.0,22.0,27.0,23.0,23.0,21.0,24.0,22.0,22.0,25.0,21.0,21.0,22.0,21.0,21.0,22.0,21.0,22.0,21.0,22.0,21.0,21.0,21.0,22.0,22.0,23.0,20.0,22.0,23.0,21.0,10.0,locate,7,7,2.6881
1787153753.7486,2026-08-19 17:35:53.748,10,c3,0,0,-0.03814,-0.4968,0.0497,-4.0437,10.3196,-25.0788,-0.0818,0.0173,-0.3509,4.68929,23.0,22.0,20.0,21.0,23.0,21.0,26.0,21.0,22.0,22.0,25.0,21.0,24.0,22.0,25.0,21.0,22.0,25.0,22.0,21.0,22.0,21.0,21.0,22.0,21.0,22.0,21.0,22.0,21.0,21.0,21.0,22.0,22.0,23.0,20.0,22.0,23.0,21.0,10.0,locate,7,7,2.7642
1787153753.7988,2026-08-19 17:35:53.798,10,c3,0,0,-0.03815,-0.49682,0.04972,-4.2114,10.0931,-25.1903,-0.0703,0.0138,-0.3528,4.69181,23.0,22.0,20.0,21.0,23.0,21.0,26.0,21.0,22.0,22.0,25.0,21.0,24.0,22.0,25.0,21.0,22.0,25.0,22.0,21.0,22.0,21.0,21.0,22.0,21.0,22.0,21.0,22.0,21.0,21.0,21.0,22.0,22.0,23.0,20.0,22.0,23.0,21.0,10.0,locate,7,7,2.7418
1787153753.8488,2026-08-19 17:35:53.848,10,c3,0,0,-0.03814,-0.49682,0.04972,-3.9096,10.0678,-25.1091,-0.0747,0.0197,-0.3548,4.68853,22.0,22.0,21.0,21.0,22.0,22.0,26.0,22.0,22.0,22.0,26.0,21.0,23.0,22.0,25.0,24.0,22.0,23.0,23.0,21.0,22.0,21.0,21.0,22.0,21.0,22.0,21.0,22.0,21.0,21.0,21.0,22.0,22.0,23.0,20.0,22.0,23.0,21.0,10.0,locate,7,7,2.7709
1787153753.8989,2026-08-19 17:35:53.898,10,c3,0,0,-0.03813,-0.49681,0.04971,-3.985,10.1377,-25.441,-0.0728,0.0199,-0.3489,4.69231,22.0,22.0,21.0,21.0,22.0,22.0,26.0,22.0,22.0,22.0,26.0,21.0,23.0,22.0,25.0,24.0,22.0,23.0,23.0,21.0,22.0,21.0,21.0,22.0,21.0,22.0,21.0,22.0,21.0,21.0,21.0,22.0,22.0,23.0,20.0,22.0,23.0,21.0,10.0,locate,7,7,2.7373
1787153753.949,2026-08-19 17:35:53.949,10,c3,0,0,-0.03814,-0.4968,0.0497,-4.1807,10.3217,-25.293,-0.0793,0.0148,-0.3559,4.69785,21.0,23.0,20.0,18.0,23.0,22.0,26.0,24.0,22.0,23.0,26.0,25.0,23.0,24.0,23.0,25.0,23.0,23.0,23.0,21.0,22.0,21.0,21.0,22.0,21.0,22.0,21.0,22.0,21.0,21.0,21.0,22.0,22.0,23.0,20.0,22.0,23.0,21.0,10.0,locate,7,7,2.6881
1787153753.9991,2026-08-19 17:35:53.999,10,c3,1,0,-0.03814,-0.49681,0.04971,-4.3192,10.2932,-25.1238,-0.0755,0.0081,-0.3609,4.69634,23.0,23.0,21.0,24.0,23.0,23.0,24.0,23.0,22.0,22.0,27.0,22.0,22.0,23.0,25.0,24.0,22.0,26.0,22.0,21.0,22.0,21.0,21.0,22.0,21.0,22.0,21.0,22.0,21.0,21.0,21.0,22.0,22.0,23.0,20.0,22.0,23.0,21.0,10.0,press,7,7,2.7015
1787153754.0492,2026-08-19 17:35:54.049,10,c3,1,0,-0.03813,-0.49682,0.04969,-4.2754,10.2513,-25.2517,-0.0755,0.0126,-0.3605,4.69432,23.0,23.0,21.0,24.0,23.0,23.0,24.0,23.0,22.0,22.0,27.0,22.0,22.0,23.0,25.0,24.0,22.0,26.0,22.0,21.0,22.0,21.0,21.0,22.0,21.0,22.0,21.0,22.0,21.0,21.0,21.0,22.0,22.0,23.0,20.0,22.0,23.0,21.0,10.0,press,7,7,2.7194
1787153754.0993,2026-08-19 17:35:54.099,10,c3,1,0,-0.03814,-0.49682,0.04962,-4.2631,10.1249,-25.3176,-0.0743,0.0129,-0.357,4.68652,22.0,23.0,22.0,20.0,23.0,23.0,27.0,23.0,21.0,24.0,25.0,22.0,22.0,25.0,24.0,24.0,23.0,25.0,23.0,21.0,22.0,21.0,21.0,22.0,21.0,22.0,21.0,22.0,21.0,21.0,21.0,22.0,22.0,23.0,20.0,22.0,23.0,21.0,10.0,press,7,7,2.7889
1787153754.1494,2026-08-19 17:35:54.149,10,c3,1,0,-0.03814,-0.49683,0.04949,-4.2944,10.5538,-25.0899,-0.0836,0.0101,-0.3581,4.68853,22.0,23.0,22.0,20.0,23.0,23.0,27.0,23.0,21.0,24.0,25.0,22.0,22.0,25.0,24.0,24.0,23.0,25.0,23.0,21.0,22.0,21.0,21.0,22.0,21.0,22.0,21.0,22.0,21.0,21.0,21.0,22.0,22.0,23.0,20.0,22.0,23.0,21.0,10.0,press,7,7,2.7709
1787153754.1996,2026-08-19 17:35:54.199,10,c3,1,0,-0.03814,-0.49683,0.04933,-4.2655,10.572,-25.201,-0.0847,0.0096,-0.3597,4.68828,24.0,22.0,22.0,22.0,22.0,23.0,25.0,23.0,21.0,23.0,26.0,21.0,23.0,22.0,24.0,21.0,23.0,25.0,22.0,21.0,22.0,21.0,21.0,22.0,21.0,22.0,21.0,22.0,21.0,21.0,21.0,22.0,22.0,23.0,20.0,22.0,23.0,21.0,10.0,press,7,7,2.7732
1787153754.2497,2026-08-19 17:35:54.249,10,c3,1,0,-0.03813,-0.49684,0.04915,-4.1645,10.3803,-25.222,-0.074,0.0131,-0.3546,4.6981,24.0,22.0,22.0,22.0,22.0,23.0,25.0,23.0,21.0,23.0,26.0,21.0,23.0,22.0,24.0,21.0,23.0,25.0,22.0,21.0,22.0,21.0,21.0,22.0,21.0,22.0,21.0,22.0,21.0,21.0,21.0,22.0,22.0,23.0,20.0,22.0,23.0,21.0,10.0,press,7,7,2.6858
1787153754.2998,2026-08-19 17:35:54.299,10,c3,1,0,-0.03814,-0.49683,0.0489,-4.5223,10.3008,-25.14,-0.0763,0.0081,-0.3581,4.68727,21.0,22.0,22.0,19.0,22.0,22.0,25.0,24.0,23.0,22.0,26.0,23.0,24.0,22.0,25.0,24.0,23.0,25.0,23.0,21.0,22.0,21.0,21.0,22.0,21.0,22.0,21.0,22.0,21.0,21.0,21.0,22.0,22.0,23.0,20.0,22.0,23.0,21.0,10.0,press,7,7,2.7821
1787153754.3499,2026-08-19 17:35:54.349,10,c3,1,0,-0.03814,-0.49684,0.04866,-4.1518,10.4138,-25.2145,-0.0784,0.0117,-0.3611,4.69961,22.0,23.0,21.0,22.0,23.0,21.0,25.0,22.0,24.0,23.0,28.0,22.0,24.0,22.0,26.0,25.0,21.0,25.0,24.0,21.0,22.0,21.0,21.0,22.0,21.0,22.0,21.0,22.0,21.0,21.0,21.0,22.0,22.0,23.0,20.0,22.0,23.0,21.0,10.0,press,7,7,2.6724
1787153754.4,2026-08-19 17:35:54.399,10,c3,1,0,-0.03812,-0.49679,0.04839,-4.0253,10.1443,-25.3038,-0.0709,0.0156,-0.3556,4.69583,22.0,23.0,21.0,22.0,23.0,21.0,25.0,22.0,24.0,23.0,28.0,22.0,24.0,22.0,26.0,25.0,21.0,25.0,24.0,21.0,22.0,21.0,21.0,22.0,21.0,22.0,21.0,22.0,21.0,21.0,21.0,22.0,22.0,23.0,20.0,22.0,23.0,21.0,10.0,press,7,7,2.706
1787153754.4501,2026-08-19 17:35:54.450,10,c3,1,0,-0.03813,-0.49681,0.04809,-4.1029,10.184,-25.16,-0.0758,0.0149,-0.3515,4.69583,21.0,23.0,21.0,21.0,22.0,22.0,27.0,23.0,21.0,23.0,28.0,22.0,23.0,23.0,25.0,24.0,23.0,25.0,24.0,21.0,22.0,21.0,21.0,22.0,21.0,22.0,21.0,22.0,21.0,21.0,21.0,22.0,22.0,23.0,20.0,22.0,23.0,21.0,10.0,press,7,7,2.706
1787153754.5002,2026-08-19 17:35:54.500,10,c3,1,0,-0.03813,-0.49681,0.04779,-4.1395,9.8395,-25.2248,-0.0664,0.0158,-0.3507,4.6913,21.0,23.0,21.0,21.0,22.0,22.0,27.0,23.0,21.0,23.0,28.0,22.0,23.0,23.0,25.0,24.0,23.0,25.0,24.0,21.0,22.0,21.0,21.0,22.0,21.0,22.0,21.0,22.0,21.0,21.0,21.0,22.0,22.0,23.0,20.0,22.0,23.0,21.0,10.0,press,7,7,2.7463
1787153754.5503,2026-08-19 17:35:54.550,10,c3,1,0,-0.03815,-0.49683,0.04746,-4.4019,10.4004,-25.05,-0.0822,0.0079,-0.357,4.69961,23.0,23.0,21.0,20.0,22.0,24.0,26.0,22.0,24.0,21.0,28.0,21.0,25.0,21.0,25.0,21.0,21.0,25.0,21.0,21.0,22.0,21.0,21.0,22.0,21.0,22.0,21.0,22.0,21.0,21.0,21.0,22.0,22.0,23.0,20.0,22.0,23.0,21.0,10.0,press,7,7,2.6724
1787153754.6005,2026-08-19 17:35:54.600,10,c3,1,0,-0.03814,-0.49683,0.04712,-4.2571,10.0609,-25.2187,-0.0708,0.0129,-0.3599,4.69583,23.0,24.0,20.0,19.0,23.0,20.0,24.0,23.0,22.0,22.0,26.0,23.0,24.0,23.0,24.0,24.0,23.0,24.0,24.0,21.0,22.0,21.0,21.0,22.0,21.0,22.0,21.0,22.0,21.0,21.0,21.0,22.0,22.0,23.0,20.0,22.0,23.0,21.0,10.0,press,7,7,2.706
1787153754.6506,2026-08-19 17:35:54.650,10,c3,1,0,-0.03815,-0.49683,0.04677,-3.9483,9.7983,-25.2971,-0.0639,0.0201,-0.3508,4.69407,23.0,24.0,20.0,19.0,23.0,20.0,24.0,23.0,22.0,22.0,26.0,23.0,24.0,23.0,24.0,24.0,23.0,24.0,24.0,21.0,22.0,21.0,21.0,22.0,21.0,22.0,21.0,22.0,21.0,21.0,21.0,22.0,22.0,23.0,20.0,22.0,23.0,21.0,10.0,press,7,7,2.7217
1787153754.7008,2026-08-19 17:35:54.700,10,c3,1,0,-0.03814,-0.49682,0.04644,-4.4616,10.2367,-25.2803,-0.0746,0.0031,-0.3557,4.69281,21.0,23.0,21.0,21.0,24.0,22.0,23.0,23.0,23.0,23.0,27.0,23.0,24.0,23.0,24.0,22.0,22.0,25.0,23.0,21.0,22.0,21.0,21.0,22.0,21.0,22.0,21.0,22.0,21.0,21.0,21.0,22.0,22.0,23.0,20.0,22.0,23.0,21.0,10.0,press,7,7,2.7329
1787153754.7508,2026-08-19 17:35:54.750,10,c3,1,0,-0.03813,-0.49682,0.04609,-4.3632,10.4858,-25.0548,-0.0781,0.0088,-0.3596,4.69382,21.0,23.0,21.0,21.0,24.0,22.0,23.0,23.0,23.0,23.0,27.0,23.0,24.0,23.0,24.0,22.0,22.0,25.0,23.0,21.0,22.0,21.0,21.0,22.0,21.0,22.0,21.0,22.0,21.0,21.0,21.0,22.0,22.0,23.0,20.0,22.0,23.0,21.0,10.0,press,7,7,2.7239
1787153754.8009,2026-08-19 17:35:54.800,10,c3,1,0,-0.03814,-0.49682,0.04577,-4.2416,10.5418,-25.1243,-0.0811,0.0113,-0.3563,4.68727,22.0,23.0,22.0,20.0,24.0,24.0,26.0,22.0,23.0,23.0,27.0,22.0,25.0,23.0,24.0,23.0,23.0,25.0,23.0,21.0,22.0,21.0,21.0,22.0,21.0,22.0,21.0,22.0,21.0,21.0,21.0,22.0,22.0,23.0,20.0,22.0,23.0,21.0,10.0,press,7,7,2.7821
1787153754.851,2026-08-19 17:35:54.851,10,c3,1,0,-0.03812,-0.49682,0.04546,-4.2489,10.6453,-25.119,-0.0829,0.01,-0.3599,4.69332,21.0,23.0,22.0,20.0,23.0,24.0,26.0,23.0,24.0,24.0,28.0,22.0,24.0,25.0,25.0,25.0,24.0,25.0,23.0,21.0,22.0,21.0,21.0,22.0,21.0,22.0,21.0,22.0,21.0,21.0,21.0,22.0,22.0,23.0,20.0,22.0,23.0,21.0,10.0,press,7,7,2.7284
1787153754.9012,2026-08-19 17:35:54.901,10,c3,1,0,-0.03814,-0.49682,0.04513,-4.3677,10.2326,-25.1919,-0.0768,0.0078,-0.356,4.68879,21.0,23.0,22.0,20.0,23.0,24.0,26.0,23.0,24.0,24.0,28.0,22.0,24.0,25.0,25.0,25.0,24.0,25.0,23.0,21.0,22.0,21.0,21.0,22.0,21.0,22.0,21.0,22.0,21.0,21.0,21.0,22.0,22.0,23.0,20.0,22.0,23.0,21.0,10.0,press,7,7,2.7687
1787153754.9512,2026-08-19 17:35:54.951,10,c3,1,0,-0.03813,-0.49683,0.0448,-4.2432,10.5845,-25.2096,-0.0859,0.0103,-0.3522,4.69357,21.0,23.0,23.0,21.0,24.0,23.0,26.0,24.0,23.0,25.0,27.0,24.0,24.0,24.0,27.0,24.0,23.0,26.0,24.0,21.0,22.0,21.0,21.0,22.0,21.0,22.0,21.0,22.0,21.0,21.0,21.0,22.0,22.0,23.0,20.0,22.0,23.0,21.0,10.0,press,7,7,2.7261
1787153755.0013,2026-08-19 17:35:55.001,10,c3,1,0,-0.03814,-0.49683,0.04445,-4.1108,10.3238,-25.0939,-0.0785,0.0149,-0.3502,4.63415,21.0,23.0,23.0,21.0,24.0,23.0,26.0,24.0,23.0,25.0,27.0,24.0,24.0,24.0,27.0,24.0,23.0,26.0,24.0,21.0,22.0,21.0,21.0,22.0,21.0,22.0,21.0,22.0,21.0,21.0,21.0,22.0,22.0,23.0,20.0,22.0,23.0,21.0,10.0,press,7,7,3.2548
1787153755.0514,2026-08-19 17:35:55.051,10,c3,1,0,-0.03814,-0.49683,0.04411,-4.0167,10.2947,-24.8865,-0.0769,0.0179,-0.3441,4.53848,23.0,23.0,23.0,22.0,24.0,24.0,26.0,24.0,24.0,24.0,28.0,23.0,25.0,25.0,26.0,23.0,24.0,25.0,22.0,21.0,22.0,21.0,21.0,22.0,21.0,22.0,21.0,22.0,21.0,21.0,21.0,22.0,22.0,23.0,20.0,22.0,23.0,21.0,10.0,press,7,7,4.1059
1787153755.1015,2026-08-19 17:35:55.101,10,c3,1,0,-0.03813,-0.49683,0.04378,-4.0836,10.1064,-24.0637,-0.0735,0.0158,-0.3504,4.4418,23.0,23.0,23.0,22.0,24.0,24.0,26.0,24.0,24.0,24.0,28.0,23.0,25.0,25.0,26.0,23.0,24.0,25.0,22.0,21.0,22.0,21.0,21.0,22.0,21.0,22.0,21.0,22.0,21.0,21.0,21.0,22.0,22.0,23.0,20.0,22.0,23.0,21.0,10.0,press,7,7,4.966
1787153755.1516,2026-08-19 17:35:55.151,10,c3,1,0,-0.03814,-0.49682,0.04344,-4.278,10.4039,-23.4893,-0.0804,0.0096,-0.3524,4.31339,23.0,24.0,22.0,22.0,25.0,25.0,27.0,25.0,25.0,26.0,29.0,24.0,25.0,25.0,25.0,24.0,22.0,24.0,23.0,21.0,22.0,21.0,21.0,22.0,21.0,22.0,21.0,22.0,21.0,21.0,21.0,22.0,22.0,23.0,20.0,22.0,23.0,21.0,10.0,press,7,7,6.1084
1787153755.2018,2026-08-19 17:35:55.201,10,c3,1,0,-0.03813,-0.49683,0.04313,-4.2566,10.8952,-23.0307,-0.092,0.0078,-0.3536,4.18851,24.0,25.0,24.0,22.0,25.0,26.0,27.0,24.0,26.0,25.0,28.0,23.0,27.0,25.0,25.0,23.0,22.0,25.0,23.0,21.0,22.0,21.0,21.0,22.0,21.0,22.0,21.0,22.0,21.0,21.0,21.0,22.0,22.0,23.0,20.0,22.0,23.0,21.0,10.0,press,7,7,7.2194
1787153755.2519,2026-08-19 17:35:55.251,10,c3,1,0,-0.03814,-0.49684,0.04283,-3.8937,10.2468,-22.627,-0.0768,0.0193,-0.342,4.05155,24.0,25.0,24.0,22.0,25.0,26.0,27.0,24.0,26.0,25.0,28.0,23.0,27.0,25.0,25.0,23.0,22.0,25.0,23.0,21.0,22.0,21.0,21.0,22.0,21.0,22.0,21.0,22.0,21.0,21.0,21.0,22.0,22.0,23.0,20.0,22.0,23.0,21.0,10.0,press,7,7,8.4379
1787153755.302,2026-08-19 17:35:55.301,10,c3,1,0,-0.03813,-0.49685,0.04249,-4.2393,10.348,-21.9768,-0.0742,0.0096,-0.354,3.90275,21.0,25.0,21.0,22.0,26.0,25.0,27.0,26.0,25.0,26.0,28.0,27.0,25.0,26.0,24.0,27.0,24.0,25.0,26.0,21.0,22.0,21.0,21.0,22.0,21.0,22.0,21.0,22.0,21.0,21.0,21.0,22.0,22.0,23.0,20.0,22.0,23.0,21.0,10.0,press,7,7,9.7617
1787153755.352,2026-08-19 17:35:55.352,10,c3,1,0,-0.03816,-0.49684,0.04214,-4.0445,10.189,-21.5859,-0.0723,0.0124,-0.353,3.73909,21.0,25.0,21.0,22.0,26.0,25.0,27.0,26.0,25.0,26.0,28.0,27.0,25.0,26.0,24.0,27.0,24.0,25.0,26.0,21.0,22.0,21.0,21.0,22.0,21.0,22.0,21.0,22.0,21.0,21.0,21.0,22.0,22.0,23.0,20.0,22.0,23.0,21.0,10.0,press,7,7,11.2176
1787153755.4021,2026-08-19 17:35:55.402,10,c3,1,0,-0.03813,-0.49686,0.04181,-4.0866,10.3361,-20.9793,-0.072,0.0098,-0.3545,3.56134,23.0,24.0,23.0,24.0,24.0,26.0,27.0,24.0,27.0,27.0,31.0,24.0,26.0,28.0,26.0,23.0,27.0,27.0,22.0,21.0,22.0,21.0,21.0,22.0,21.0,22.0,21.0,22.0,21.0,21.0,21.0,22.0,22.0,23.0,20.0,22.0,23.0,21.0,10.0,press,7,7,12.7989
1787153755.4522,2026-08-19 17:35:55.452,10,c3,1,0,-0.03813,-0.49685,0.04146,-3.9623,10.1709,-20.4279,-0.0705,0.0142,-0.3429,3.37931,22.0,23.0,24.0,22.0,26.0,28.0,29.0,25.0,26.0,28.0,32.0,25.0,24.0,29.0,27.0,23.0,26.0,27.0,23.0,21.0,22.0,21.0,21.0,22.0,21.0,22.0,21.0,22.0,21.0,21.0,21.0,22.0,22.0,23.0,20.0,22.0,23.0,21.0,10.0,press,7,7,14.4184
1787153755.5024,2026-08-19 17:35:55.502,10,c3,1,0,-0.03816,-0.49685,0.04116,-3.9061,10.0862,-19.616,-0.0687,0.0161,-0.3543,3.21314,22.0,23.0,24.0,22.0,26.0,28.0,29.0,25.0,26.0,28.0,32.0,25.0,24.0,29.0,27.0,23.0,26.0,27.0,23.0,21.0,22.0,21.0,21.0,22.0,21.0,22.0,21.0,22.0,21.0,21.0,21.0,22.0,22.0,23.0,20.0,22.0,23.0,21.0,10.0,press,7,7,15.8967
1787153755.5525,2026-08-19 17:35:55.552,10,c3,1,0,-0.03816,-0.49687,0.04089,-3.9305,9.9338,-18.9034,-0.0635,0.0122,-0.3512,3.0661,23.0,22.0,25.0,22.0,25.0,29.0,29.0,26.0,30.0,28.0,31.0,26.0,27.0,31.0,26.0,25.0,26.0,26.0,25.0,21.0,22.0,21.0,21.0,22.0,21.0,22.0,21.0,22.0,21.0,21.0,21.0,22.0,22.0,23.0,20.0,22.0,23.0,21.0,10.0,press,7,7,17.2048
1787153755.6026,2026-08-19 17:35:55.602,10,c3,1,0,-0.03813,-0.49685,0.04063,-3.9216,10.2788,-18.3008,-0.073,0.012,-0.3501,2.89968,23.0,22.0,25.0,22.0,25.0,29.0,29.0,26.0,30.0,28.0,31.0,26.0,27.0,31.0,26.0,25.0,26.0,26.0,25.0,21.0,22.0,21.0,21.0,22.0,21.0,22.0,21.0,22.0,21.0,21.0,21.0,22.0,22.0,23.0,20.0,22.0,23.0,21.0,10.0,press,7,7,18.6854
1787153755.6527,2026-08-19 17:35:55.652,10,c3,1,0,-0.03814,-0.49681,0.04038,-4.2561,10.4513,-17.6342,-0.0762,0.0071,-0.3537,2.74534,24.0,25.0,25.0,24.0,27.0,30.0,32.0,24.0,28.0,28.0,34.0,25.0,27.0,32.0,25.0,24.0,27.0,26.0,24.0,21.0,22.0,21.0,21.0,22.0,21.0,22.0,21.0,22.0,21.0,21.0,21.0,22.0,22.0,23.0,20.0,22.0,23.0,21.0,10.0,press,7,7,20.0584
1787153755.7028,2026-08-19 17:35:55.702,10,c3,1,0,-0.03813,-0.49681,0.04017,-4.042,10.1893,-17.2503,-0.0724,0.0073,-0.3526,2.62726,23.0,23.0,25.0,23.0,26.0,30.0,32.0,26.0,31.0,27.0,33.0,26.0,29.0,30.0,24.0,24.0,24.0,27.0,24.0,21.0,22.0,21.0,21.0,22.0,21.0,22.0,21.0,22.0,21.0,21.0,21.0,22.0,22.0,23.0,20.0,22.0,23.0,21.0,10.0,press,7,7,21.1089
1787153755.7529,2026-08-19 17:35:55.752,10,c3,1,0,-0.03813,-0.49681,0.04002,-4.0186,10.1683,-17.0095,-0.0697,0.0078,-0.3521,2.53587,23.0,23.0,25.0,23.0,26.0,30.0,32.0,26.0,31.0,27.0,33.0,26.0,29.0,30.0,24.0,24.0,24.0,27.0,24.0,21.0,22.0,21.0,21.0,22.0,21.0,22.0,21.0,22.0,21.0,21.0,21.0,22.0,22.0,23.0,20.0,22.0,23.0,21.0,10.0,press,7,7,21.922
1787153755.803,2026-08-19 17:35:55.803,10,c3,1,0,-0.03814,-0.49682,0.03992,-4.0584,10.3663,-16.7287,-0.0709,0.0075,-0.3504,2.45656,23.0,26.0,24.0,22.0,28.0,29.0,32.0,27.0,29.0,28.0,34.0,27.0,27.0,32.0,23.0,25.0,25.0,25.0,27.0,21.0,22.0,21.0,21.0,22.0,21.0,22.0,21.0,22.0,21.0,21.0,21.0,22.0,22.0,23.0,20.0,22.0,23.0,21.0,10.0,press,7,7,22.6276
1787153755.8531,2026-08-19 17:35:55.853,10,c3,1,0,-0.03814,-0.49682,0.03984,-4.2155,10.4983,-16.4978,-0.0796,0.0003,-0.3514,2.42357,23.0,26.0,24.0,22.0,28.0,29.0,32.0,27.0,29.0,28.0,34.0,27.0,27.0,32.0,23.0,25.0,25.0,25.0,27.0,21.0,22.0,21.0,21.0,22.0,21.0,22.0,21.0,22.0,21.0,21.0,21.0,22.0,22.0,23.0,20.0,22.0,23.0,21.0,10.0,press,7,7,22.921
1787153755.9032,2026-08-19 17:35:55.903,10,c3,1,0,-0.03813,-0.49682,0.03978,-3.9634,10.1301,-16.5141,-0.0697,0.0119,-0.3488,2.38858,26.0,25.0,25.0,24.0,27.0,29.0,33.0,27.0,32.0,29.0,35.0,28.0,30.0,33.0,23.0,25.0,28.0,26.0,25.0,21.0,22.0,21.0,21.0,22.0,21.0,22.0,21.0,22.0,21.0,21.0,21.0,22.0,22.0,23.0,20.0,22.0,23.0,21.0,10.0,press,7,7,23.2324
1787153755.9533,2026-08-19 17:35:55.953,10,c3,1,0,-0.03813,-0.4968,0.03974,-3.7148,9.7699,-16.5518,-0.0576,0.0147,-0.3445,2.38354,24.0,24.0,25.0,24.0,28.0,32.0,34.0,27.0,32.0,30.0,35.0,26.0,29.0,33.0,25.0,24.0,27.0,27.0,24.0,21.0,22.0,21.0,21.0,22.0,21.0,22.0,21.0,22.0,21.0,21.0,21.0,22.0,22.0,23.0,20.0,22.0,23.0,21.0,10.0,press,7,7,23.2772
1787153756.0034,2026-08-19 17:35:56.003,10,c3,1,0,-0.03813,-0.49681,0.03972,-4.1873,10.3349,-16.5184,-0.0728,0.0039,-0.3548,2.3843,24.0,24.0,25.0,24.0,28.0,32.0,34.0,27.0,32.0,30.0,35.0,26.0,29.0,33.0,25.0,24.0,27.0,27.0,24.0,21.0,22.0,21.0,21.0,22.0,21.0,22.0,21.0,22.0,21.0,21.0,21.0,22.0,22.0,23.0,20.0,22.0,23.0,21.0,10.0,hold,7,7,23.2704
1787153756.0535,2026-08-19 17:35:56.053,10,c3,1,0,-0.03814,-0.49681,0.03972,-3.9316,10.1391,-16.4034,-0.0686,0.0115,-0.3514,2.36818,24.0,23.0,25.0,24.0,27.0,31.0,35.0,28.0,32.0,29.0,34.0,28.0,29.0,33.0,23.0,27.0,27.0,27.0,25.0,21.0,22.0,21.0,21.0,22.0,21.0,22.0,21.0,22.0,21.0,21.0,21.0,22.0,22.0,23.0,20.0,22.0,23.0,21.0,10.0,hold,7,7,23.4138
1787153756.1036,2026-08-19 17:35:56.103,10,c3,1,0,-0.03815,-0.49682,0.03971,-4.0379,10.2202,-16.3661,-0.0691,0.0092,-0.3497,2.38455,24.0,23.0,25.0,24.0,27.0,31.0,35.0,28.0,32.0,29.0,34.0,28.0,29.0,33.0,23.0,27.0,27.0,27.0,25.0,21.0,22.0,21.0,21.0,22.0,21.0,22.0,21.0,22.0,21.0,21.0,21.0,22.0,22.0,23.0,20.0,22.0,23.0,21.0,10.0,hold,7,7,23.2682
1787153756.1537,2026-08-19 17:35:56.153,10,c3,1,0,-0.03814,-0.49682,0.03973,-4.0744,10.5419,-16.6042,-0.0785,0.0055,-0.3498,2.38329,26.0,24.0,25.0,24.0,27.0,31.0,35.0,26.0,32.0,32.0,37.0,25.0,29.0,34.0,25.0,25.0,30.0,27.0,25.0,21.0,22.0,21.0,21.0,22.0,21.0,22.0,21.0,22.0,21.0,21.0,21.0,22.0,22.0,23.0,20.0,22.0,23.0,21.0,10.0,hold,7,7,23.2794
1787153756.2038,2026-08-19 17:35:56.203,10,c3,1,0,-0.03813,-0.4968,0.0397,-3.786,10.02,-16.5018,-0.0641,0.0172,-0.3486,2.39185,26.0,24.0,25.0,24.0,27.0,31.0,35.0,26.0,32.0,32.0,37.0,25.0,29.0,34.0,25.0,25.0,30.0,27.0,25.0,21.0,22.0,21.0,21.0,22.0,21.0,22.0,21.0,22.0,21.0,21.0,21.0,22.0,22.0,23.0,20.0,22.0,23.0,21.0,10.0,hold,7,7,23.2032
1787153756.2539,2026-08-19 17:35:56.253,10,c3,1,0,-0.03813,-0.49681,0.03971,-3.8343,10.1277,-16.4987,-0.0647,0.0122,-0.3481,2.39135,24.0,24.0,28.0,23.0,27.0,33.0,35.0,27.0,33.0,30.0,35.0,25.0,29.0,34.0,24.0,25.0,27.0,25.0,24.0,21.0,22.0,21.0,21.0,22.0,21.0,22.0,21.0,22.0,21.0,21.0,21.0,22.0,22.0,23.0,20.0,22.0,23.0,21.0,10.0,hold,7,7,23.2077
1787153756.3039,2026-08-19 17:35:56.303,10,c3,1,0,-0.03813,-0.49681,0.03971,-3.7624,10.3117,-16.7024,-0.0689,0.0148,-0.3465,2.40066,25.0,24.0,25.0,24.0,28.0,29.0,34.0,27.0,31.0,30.0,34.0,27.0,28.0,34.0,23.0,23.0,29.0,26.0,23.0,21.0,22.0,21.0,21.0,22.0,21.0,22.0,21.0,22.0,21.0,21.0,21.0,22.0,22.0,23.0,20.0,22.0,23.0,21.0,10.0,hold,7,7,23.1248
1787153756.3541,2026-08-19 17:35:56.354,10,c3,1,0,-0.03814,-0.49682,0.03972,-3.9885,9.9556,-16.5553,-0.062,0.007,-0.3474,2.40268,25.0,24.0,25.0,24.0,28.0,29.0,34.0,27.0,31.0,30.0,34.0,27.0,28.0,34.0,23.0,23.0,29.0,26.0,23.0,21.0,22.0,21.0,21.0,22.0,21.0,22.0,21.0,22.0,21.0,21.0,21.0,22.0,22.0,23.0,20.0,22.0,23.0,21.0,10.0,hold,7,7,23.1069
1787153756.4042,2026-08-19 17:35:56.404,10,c3,1,0,-0.03813,-0.49681,0.03971,-3.9839,10.2826,-16.5051,-0.0705,0.0077,-0.3524,2.40797,24.0,23.0,26.0,23.0,25.0,31.0,33.0,25.0,32.0,30.0,36.0,25.0,30.0,34.0,24.0,24.0,27.0,26.0,25.0,21.0,22.0,21.0,21.0,22.0,21.0,22.0,21.0,22.0,21.0,21.0,21.0,22.0,22.0,23.0,20.0,22.0,23.0,21.0,10.0,hold,7,7,23.0599
1787153756.4543,2026-08-19 17:35:56.454,10,c3,1,0,-0.03815,-0.49682,0.03971,-3.791,10.3845,-16.5051,-0.0717,0.0175,-0.3478,2.40696,24.0,23.0,26.0,23.0,25.0,31.0,33.0,25.0,32.0,30.0,36.0,25.0,30.0,34.0,24.0,24.0,27.0,26.0,25.0,21.0,22.0,21.0,21.0,22.0,21.0,22.0,21.0,22.0,21.0,21.0,21.0,22.0,22.0,23.0,20.0,22.0,23.0,21.0,10.0,hold,7,7,23.0688
1787153756.5044,2026-08-19 17:35:56.504,10,c3,1,0,-0.03813,-0.49682,0.03971,-4.0481,10.5073,-16.6583,-0.0754,0.0058,-0.3464,2.41426,23.0,25.0,25.0,22.0,27.0,30.0,35.0,27.0,32.0,30.0,35.0,27.0,30.0,34.0,25.0,24.0,27.0,25.0,24.0,21.0,22.0,21.0,21.0,22.0,21.0,22.0,21.0,22.0,21.0,21.0,21.0,22.0,22.0,23.0,20.0,22.0,23.0,21.0,10.0,hold,7,7,23.0039
1787153756.5545,2026-08-19 17:35:56.554,10,c3,1,0,-0.03815,-0.49681,0.0397,-3.9878,10.0775,-16.7062,-0.0676,0.0081,-0.3529,2.41854,24.0,25.0,26.0,24.0,27.0,32.0,35.0,26.0,32.0,31.0,37.0,26.0,29.0,35.0,24.0,23.0,29.0,27.0,25.0,21.0,22.0,21.0,21.0,22.0,21.0,22.0,21.0,22.0,21.0,21.0,21.0,22.0,22.0,23.0,20.0,22.0,23.0,21.0,10.0,hold,7,7,22.9658
1787153756.6047,2026-08-19 17:35:56.604,10,c3,1,0,-0.03813,-0.49681,0.03971,-3.8807,10.4127,-16.6129,-0.0733,0.0125,-0.3461,2.42131,24.0,25.0,26.0,24.0,27.0,32.0,35.0,26.0,32.0,31.0,37.0,26.0,29.0,35.0,24.0,23.0,29.0,27.0,25.0,21.0,22.0,21.0,21.0,22.0,21.0,22.0,21.0,22.0,21.0,21.0,21.0,22.0,22.0,23.0,20.0,22.0,23.0,21.0,10.0,hold,7,7,22.9412
1787153756.6548,2026-08-19 17:35:56.654,10,c3,1,0,-0.03814,-0.49682,0.03972,-3.8308,10.0167,-16.6825,-0.0641,0.0146,-0.3492,2.41678,26.0,24.0,26.0,25.0,27.0,31.0,35.0,27.0,32.0,30.0,36.0,28.0,30.0,33.0,24.0,26.0,27.0,26.0,26.0,21.0,22.0,21.0,21.0,22.0,21.0,22.0,21.0,22.0,21.0,21.0,21.0,22.0,22.0,23.0,20.0,22.0,23.0,21.0,10.0,hold,7,7,22.9815
1787153756.7049,2026-08-19 17:35:56.704,10,c3,1,0,-0.03812,-0.49682,0.03972,-3.9322,10.0419,-16.5547,-0.0687,0.0117,-0.3502,2.42232,26.0,24.0,26.0,25.0,27.0,31.0,35.0,27.0,32.0,30.0,36.0,28.0,30.0,33.0,24.0,26.0,27.0,26.0,26.0,21.0,22.0,21.0,21.0,22.0,21.0,22.0,21.0,22.0,21.0,21.0,21.0,22.0,22.0,23.0,20.0,22.0,23.0,21.0,10.0,hold,7,7,22.9322
1787153756.755,2026-08-19 17:35:56.755,10,c3,1,0,-0.03813,-0.49681,0.03971,-3.6509,9.9345,-16.6921,-0.0602,0.0177,-0.3483,2.42282,24.0,23.0,25.0,23.0,28.0,32.0,34.0,27.0,32.0,30.0,37.0,27.0,29.0,34.0,25.0,24.0,29.0,28.0,25.0,21.0,22.0,21.0,21.0,22.0,21.0,22.0,21.0,22.0,21.0,21.0,21.0,22.0,22.0,23.0,20.0,22.0,23.0,21.0,10.0,hold,7,7,22.9277
1787153756.8051,2026-08-19 17:35:56.805,10,c3,1,0,-0.03815,-0.49681,0.03973,-3.9483,10.0724,-16.6996,-0.0679,0.0111,-0.3492,2.42811,24.0,24.0,27.0,24.0,27.0,32.0,34.0,26.0,33.0,29.0,37.0,26.0,31.0,33.0,25.0,26.0,27.0,27.0,25.0,21.0,22.0,21.0,21.0,22.0,21.0,22.0,21.0,22.0,21.0,21.0,21.0,22.0,22.0,23.0,20.0,22.0,23.0,21.0,10.0,hold,7,7,22.8807
1787153756.8553,2026-08-19 17:35:56.855,10,c3,1,0,-0.03814,-0.49682,0.03972,-3.8762,10.5144,-16.745,-0.0731,0.0109,-0.3532,2.42886,24.0,24.0,27.0,24.0,27.0,32.0,34.0,26.0,33.0,29.0,37.0,26.0,31.0,33.0,25.0,26.0,27.0,27.0,25.0,21.0,22.0,21.0,21.0,22.0,21.0,22.0,21.0,22.0,21.0,21.0,21.0,22.0,22.0,23.0,20.0,22.0,23.0,21.0,10.0,hold,7,7,22.874
1787153756.9054,2026-08-19 17:35:56.905,10,c3,1,0,-0.03812,-0.49681,0.03971,-3.8549,10.5246,-16.5587,-0.0766,0.0133,-0.3492,2.42559,23.0,25.0,23.0,23.0,27.0,30.0,35.0,26.0,31.0,32.0,35.0,26.0,28.0,36.0,25.0,23.0,28.0,25.0,24.0,21.0,22.0,21.0,21.0,22.0,21.0,22.0,21.0,22.0,21.0,21.0,21.0,22.0,22.0,23.0,20.0,22.0,23.0,21.0,10.0,hold,7,7,22.9031
1787153756.9555,2026-08-19 17:35:56.955,10,c3,1,0,-0.03814,-0.49683,0.03972,-3.9046,10.2626,-16.7402,-0.0681,0.0124,-0.3516,2.43088,23.0,25.0,23.0,23.0,27.0,30.0,35.0,26.0,31.0,32.0,35.0,26.0,28.0,36.0,25.0,23.0,28.0,25.0,24.0,21.0,22.0,21.0,21.0,22.0,21.0,22.0,21.0,22.0,21.0,21.0,21.0,22.0,22.0,23.0,20.0,22.0,23.0,21.0,10.0,hold,7,7,22.8561
1787153757.0056,2026-08-19 17:35:57.005,10,c3,1,0,-0.03813,-0.49682,0.03972,-4.0458,10.223,-16.544,-0.07,0.0064,-0.3525,2.43113,24.0,24.0,27.0,24.0,28.0,33.0,32.0,25.0,32.0,30.0,35.0,25.0,30.0,33.0,23.0,24.0,28.0,24.0,24.0,21.0,22.0,21.0,21.0,22.0,21.0,22.0,21.0,22.0,21.0,21.0,21.0,22.0,22.0,23.0,20.0,22.0,23.0,21.0,10.0,hold,7,7,22.8538
1787153757.0557,2026-08-19 17:35:57.055,10,c3,1,0,-0.03813,-0.49681,0.03971,-4.1769,10.4182,-16.6912,-0.0731,0.0047,-0.3443,2.43339,23.0,24.0,25.0,23.0,26.0,31.0,33.0,27.0,33.0,31.0,37.0,27.0,31.0,34.0,24.0,23.0,28.0,26.0,22.0,21.0,22.0,21.0,21.0,22.0,21.0,22.0,21.0,22.0,21.0,21.0,21.0,22.0,22.0,23.0,20.0,22.0,23.0,21.0,10.0,hold,7,7,22.8337
1787153757.1058,2026-08-19 17:35:57.105,10,c3,1,0,-0.03814,-0.49682,0.03972,-3.6837,10.2287,-16.5149,-0.0727,0.0159,-0.349,2.43969,23.0,24.0,25.0,23.0,26.0,31.0,33.0,27.0,33.0,31.0,37.0,27.0,31.0,34.0,24.0,23.0,28.0,26.0,22.0,21.0,22.0,21.0,21.0,22.0,21.0,22.0,21.0,22.0,21.0,21.0,21.0,22.0,22.0,23.0,20.0,22.0,23.0,21.0,10.0,hold,7,7,22.7777
1787153757.156,2026-08-19 17:35:57.156,10,c3,1,0,-0.03812,-0.49681,0.03971,-3.834,10.1862,-16.7636,-0.0699,0.0139,-0.3504,2.4349,24.0,25.0,26.0,24.0,28.0,32.0,33.0,28.0,31.0,29.0,36.0,28.0,30.0,33.0,24.0,25.0,27.0,25.0,25.0,21.0,22.0,21.0,21.0,22.0,21.0,22.0,21.0,22.0,21.0,21.0,21.0,22.0,22.0,23.0,20.0,22.0,23.0,21.0,10.0,hold,7,7,22.8202
1787153757.2061,2026-08-19 17:35:57.206,10,c3,1,0,-0.03813,-0.49682,0.03972,-3.9971,10.4282,-16.6308,-0.0742,0.0093,-0.35,2.44296,24.0,25.0,26.0,24.0,28.0,32.0,33.0,28.0,31.0,29.0,36.0,28.0,30.0,33.0,24.0,25.0,27.0,25.0,25.0,21.0,22.0,21.0,21.0,22.0,21.0,22.0,21.0,22.0,21.0,21.0,21.0,22.0,22.0,23.0,20.0,22.0,23.0,21.0,10.0,hold,7,7,22.7485
1787153757.2563,2026-08-19 17:35:57.256,10,c3,1,0,-0.03813,-0.49682,0.03973,-3.98,10.1655,-16.5063,-0.0688,0.0097,-0.3505,2.43465,27.0,24.0,28.0,24.0,27.0,32.0,33.0,28.0,33.0,31.0,35.0,27.0,31.0,33.0,24.0,24.0,28.0,27.0,25.0,21.0,22.0,21.0,21.0,22.0,21.0,22.0,21.0,22.0,21.0,21.0,21.0,22.0,22.0,23.0,20.0,22.0,23.0,21.0,10.0,hold,7,7,22.8225
1787153757.3064,2026-08-19 17:35:57.306,10,c3,1,0,-0.03814,-0.49682,0.03972,-3.9246,10.3269,-16.7055,-0.0687,0.0095,-0.3482,2.44598,27.0,24.0,28.0,24.0,27.0,32.0,33.0,28.0,33.0,31.0,35.0,27.0,31.0,33.0,24.0,24.0,28.0,27.0,25.0,21.0,22.0,21.0,21.0,22.0,21.0,22.0,21.0,22.0,21.0,21.0,21.0,22.0,22.0,23.0,20.0,22.0,23.0,21.0,10.0,hold,7,7,22.7217
1787153757.3565,2026-08-19 17:35:57.356,10,c3,1,0,-0.03813,-0.49682,0.03972,-4.0386,10.3231,-16.674,-0.0723,0.0066,-0.352,2.44296,24.0,25.0,25.0,23.0,28.0,31.0,34.0,27.0,32.0,30.0,36.0,27.0,31.0,33.0,24.0,24.0,28.0,26.0,24.0,21.0,22.0,21.0,21.0,22.0,21.0,22.0,21.0,22.0,21.0,21.0,21.0,22.0,22.0,23.0,20.0,22.0,23.0,21.0,10.0,hold,7,7,22.7485
1787153757.4067,2026-08-19 17:35:57.406,10,c3,1,0,-0.03815,-0.49681,0.03972,-3.6555,10.2211,-16.7147,-0.0722,0.0186,-0.3461,2.44372,26.0,25.0,26.0,25.0,27.0,32.0,33.0,28.0,31.0,30.0,34.0,28.0,29.0,34.0,23.0,26.0,27.0,26.0,25.0,21.0,22.0,21.0,21.0,22.0,21.0,22.0,21.0,22.0,21.0,21.0,21.0,22.0,22.0,23.0,20.0,22.0,23.0,21.0,10.0,hold,7,7,22.7418
1787153757.4568,2026-08-19 17:35:57.456,10,c3,1,0,-0.03815,-0.49682,0.03973,-3.9288,10.1615,-16.5582,-0.0663,0.0134,-0.3517,2.44775,26.0,25.0,26.0,25.0,27.0,32.0,33.0,28.0,31.0,30.0,34.0,28.0,29.0,34.0,23.0,26.0,27.0,26.0,25.0,21.0,22.0,21.0,21.0,22.0,21.0,22.0,21.0,22.0,21.0,21.0,21.0,22.0,22.0,23.0,20.0,22.0,23.0,21.0,10.0,hold,7,7,22.706
1787153757.5069,2026-08-19 17:35:57.506,10,c3,1,0,-0.03815,-0.4968,0.0397,-4.0083,10.4055,-16.6421,-0.0744,0.0066,-0.3514,2.44573,24.0,24.0,27.0,23.0,26.0,31.0,34.0,27.0,32.0,30.0,36.0,28.0,30.0,35.0,23.0,25.0,28.0,25.0,23.0,21.0,22.0,21.0,21.0,22.0,21.0,22.0,21.0,22.0,21.0,21.0,21.0,22.0,22.0,23.0,20.0,22.0,23.0,21.0,10.0,hold,7,7,22.7239
1787153757.557,2026-08-19 17:35:57.557,10,c3,1,0,-0.03813,-0.49681,0.03972,-3.8886,10.5359,-16.59,-0.0799,0.0096,-0.3465,2.44397,24.0,24.0,27.0,23.0,26.0,31.0,34.0,27.0,32.0,30.0,36.0,28.0,30.0,35.0,23.0,25.0,28.0,25.0,23.0,21.0,22.0,21.0,21.0,22.0,21.0,22.0,21.0,22.0,21.0,21.0,21.0,22.0,22.0,23.0,20.0,22.0,23.0,21.0,10.0,hold,7,7,22.7396
1787153757.6071,2026-08-19 17:35:57.607,10,c3,1,0,-0.03813,-0.49681,0.03971,-3.9834,10.4675,-16.4841,-0.0774,0.0092,-0.3509,2.45253,23.0,25.0,25.0,23.0,28.0,31.0,34.0,28.0,32.0,29.0,35.0,26.0,30.0,33.0,25.0,26.0,28.0,25.0,25.0,21.0,22.0,21.0,21.0,22.0,21.0,22.0,21.0,22.0,21.0,21.0,21.0,22.0,22.0,23.0,20.0,22.0,23.0,21.0,10.0,hold,7,7,22.6634
1787153757.6573,2026-08-19 17:35:57.657,10,c3,1,0,-0.03814,-0.49683,0.03973,-4.0038,10.4613,-16.5869,-0.0778,0.009,-0.3499,2.44951,22.0,25.0,25.0,24.0,28.0,31.0,33.0,26.0,30.0,31.0,35.0,26.0,28.0,34.0,24.0,23.0,28.0,25.0,25.0,21.0,22.0,21.0,21.0,22.0,21.0,22.0,21.0,22.0,21.0,21.0,21.0,22.0,22.0,23.0,20.0,22.0,23.0,21.0,10.0,hold,7,7,22.6903
1787153757.7074,2026-08-19 17:35:57.707,10,c3,1,0,-0.03814,-0.49682,0.03972,-3.7547,10.1478,-16.7943,-0.0669,0.0133,-0.3472,2.45152,22.0,25.0,25.0,24.0,28.0,31.0,33.0,26.0,30.0,31.0,35.0,26.0,28.0,34.0,24.0,23.0,28.0,25.0,25.0,21.0,22.0,21.0,21.0,22.0,21.0,22.0,21.0,22.0,21.0,21.0,21.0,22.0,22.0,23.0,20.0,22.0,23.0,21.0,10.0,hold,7,7,22.6724
1787153757.7575,2026-08-19 17:35:57.757,10,c3,1,0,-0.03814,-0.49681,0.03972,-3.8157,10.1061,-16.6095,-0.0665,0.012,-0.3477,2.45052,23.0,23.0,25.0,22.0,26.0,31.0,32.0,25.0,33.0,29.0,37.0,24.0,33.0,35.0,24.0,24.0,29.0,28.0,23.0,21.0,22.0,21.0,21.0,22.0,21.0,22.0,21.0,22.0,21.0,21.0,21.0,22.0,22.0,23.0,20.0,22.0,23.0,21.0,10.0,hold,7,7,22.6813
1787153757.8076,2026-08-19 17:35:57.807,10,c3,1,0,-0.03812,-0.49683,0.03972,-4.0118,10.067,-16.7648,-0.0614,0.0088,-0.3499,2.44674,23.0,23.0,25.0,22.0,26.0,31.0,32.0,25.0,33.0,29.0,37.0,24.0,33.0,35.0,24.0,24.0,29.0,28.0,23.0,21.0,22.0,21.0,21.0,22.0,21.0,22.0,21.0,22.0,21.0,21.0,21.0,22.0,22.0,23.0,20.0,22.0,23.0,21.0,10.0,hold,7,7,22.7149
1787153757.8577,2026-08-19 17:35:57.857,10,c3,1,0,-0.03814,-0.49682,0.03973,-3.7362,9.881,-16.6704,-0.0623,0.017,-0.3479,2.45404,23.0,25.0,25.0,23.0,28.0,31.0,34.0,25.0,31.0,31.0,37.0,25.0,30.0,33.0,23.0,24.0,28.0,28.0,24.0,21.0,22.0,21.0,21.0,22.0,21.0,22.0,21.0,22.0,21.0,21.0,21.0,22.0,22.0,23.0,20.0,22.0,23.0,21.0,10.0,hold,7,7,22.65
1787153757.9079,2026-08-19 17:35:57.907,10,c3,1,0,-0.03813,-0.49681,0.03972,-3.9605,10.0504,-16.6163,-0.0643,0.0063,-0.3489,2.45026,24.0,24.0,25.0,21.0,27.0,31.0,33.0,25.0,32.0,29.0,36.0,25.0,29.0,34.0,23.0,22.0,26.0,26.0,21.0,21.0,22.0,21.0,21.0,22.0,21.0,22.0,21.0,22.0,21.0,21.0,21.0,22.0,22.0,23.0,20.0,22.0,23.0,21.0,10.0,hold,7,7,22.6836
1787153757.958,2026-08-19 17:35:57.957,10,c3,1,0,-0.03813,-0.49681,0.03971,-3.831,9.9269,-16.418,-0.0619,0.014,-0.3485,2.45731,24.0,24.0,25.0,21.0,27.0,31.0,33.0,25.0,32.0,29.0,36.0,25.0,29.0,34.0,23.0,22.0,26.0,26.0,21.0,21.0,22.0,21.0,21.0,22.0,21.0,22.0,21.0,22.0,21.0,21.0,21.0,22.0,22.0,23.0,20.0,22.0,23.0,21.0,10.0,hold,7,7,22.6209
1787153758.008,2026-08-19 17:35:58.008,10,c3,1,0,-0.03812,-0.49682,0.03973,-3.9697,10.2394,-16.6591,-0.07,0.0094,-0.345,2.45152,23.0,24.0,24.0,22.0,26.0,30.0,34.0,26.0,31.0,30.0,37.0,25.0,29.0,34.0,26.0,23.0,28.0,26.0,24.0,21.0,22.0,21.0,21.0,22.0,21.0,22.0,21.0,22.0,21.0,21.0,21.0,22.0,22.0,23.0,20.0,22.0,23.0,21.0,10.0,hold,7,7,22.6724
1787153758.0582,2026-08-19 17:35:58.058,10,c3,1,0,-0.03815,-0.49682,0.03973,-4.0873,10.2942,-16.5293,-0.0684,0.007,-0.3507,2.45454,23.0,24.0,24.0,22.0,26.0,30.0,34.0,26.0,31.0,30.0,37.0,25.0,29.0,34.0,26.0,23.0,28.0,26.0,24.0,21.0,22.0,21.0,21.0,22.0,21.0,22.0,21.0,22.0,21.0,21.0,21.0,22.0,22.0,23.0,20.0,22.0,23.0,21.0,10.0,hold,7,7,22.6455
1787153758.1083,2026-08-19 17:35:58.108,10,c3,1,0,-0.03814,-0.49683,0.03972,-4.0255,10.1216,-16.5367,-0.0671,0.0095,-0.3522,2.44598,22.0,24.0,25.0,22.0,26.0,32.0,35.0,28.0,31.0,30.0,37.0,28.0,27.0,33.0,23.0,26.0,28.0,27.0,25.0,21.0,22.0,21.0,21.0,22.0,21.0,22.0,21.0,22.0,21.0,21.0,21.0,22.0,22.0,23.0,20.0,22.0,23.0,21.0,10.0,hold,7,7,22.7217
1787153758.1584,2026-08-19 17:35:58.158,10,c3,1,0,-0.03815,-0.49682,0.03973,-3.9527,10.2924,-16.6363,-0.0711,0.013,-0.3501,2.45882,22.0,24.0,25.0,22.0,26.0,32.0,35.0,28.0,31.0,30.0,37.0,28.0,27.0,33.0,23.0,26.0,28.0,27.0,25.0,21.0,22.0,21.0,21.0,22.0,21.0,22.0,21.0,22.0,21.0,21.0,21.0,22.0,22.0,23.0,20.0,22.0,23.0,21.0,10.0,hold,7,7,22.6074
1787153758.2086,2026-08-19 17:35:58.208,10,c3,1,0,-0.03814,-0.49681,0.03972,-4.1403,10.3609,-16.7092,-0.0702,0.0045,-0.3579,2.4553,25.0,25.0,26.0,24.0,27.0,32.0,35.0,27.0,32.0,32.0,36.0,26.0,30.0,34.0,24.0,24.0,28.0,25.0,23.0,21.0,22.0,21.0,21.0,22.0,21.0,22.0,21.0,22.0,21.0,21.0,21.0,22.0,22.0,23.0,20.0,22.0,23.0,21.0,10.0,hold,7,7,22.6388
1787153758.2587,2026-08-19 17:35:58.258,10,c3,1,0,-0.03816,-0.49682,0.03973,-3.9211,10.1855,-16.6903,-0.0696,0.0094,-0.3449,2.4626,24.0,26.0,25.0,23.0,28.0,32.0,34.0,27.0,32.0,30.0,34.0,28.0,29.0,34.0,23.0,24.0,28.0,26.0,26.0,21.0,22.0,21.0,21.0,22.0,21.0,22.0,21.0,22.0,21.0,21.0,21.0,22.0,22.0,23.0,20.0,22.0,23.0,21.0,10.0,hold,7,7,22.5738
1787153758.3088,2026-08-19 17:35:58.308,10,c3,1,0,-0.03814,-0.49682,0.03973,-4.0942,10.2653,-16.6588,-0.0695,0.0043,-0.35,2.44372,24.0,26.0,25.0,23.0,28.0,32.0,34.0,27.0,32.0,30.0,34.0,28.0,29.0,34.0,23.0,24.0,28.0,26.0,26.0,21.0,22.0,21.0,21.0,22.0,21.0,22.0,21.0,22.0,21.0,21.0,21.0,22.0,22.0,23.0,20.0,22.0,23.0,21.0,10.0,hold,7,7,22.7418
1787153758.3589,2026-08-19 17:35:58.358,10,c3,1,0,-0.03814,-0.49681,0.03972,-3.9707,10.4695,-16.515,-0.0746,0.0112,-0.3535,2.45857,26.0,23.0,25.0,23.0,26.0,32.0,33.0,27.0,31.0,31.0,36.0,26.0,29.0,34.0,24.0,25.0,28.0,28.0,25.0,21.0,22.0,21.0,21.0,22.0,21.0,22.0,21.0,22.0,21.0,21.0,21.0,22.0,22.0,23.0,20.0,22.0,23.0,21.0,10.0,hold,7,7,22.6097
1787153758.4091,2026-08-19 17:35:58.409,10,c3,1,0,-0.03813,-0.49681,0.03972,-4.1559,10.1945,-16.7058,-0.065,0.006,-0.3539,2.45505,26.0,23.0,25.0,23.0,26.0,32.0,33.0,27.0,31.0,31.0,36.0,26.0,29.0,34.0,24.0,25.0,28.0,28.0,25.0,21.0,22.0,21.0,21.0,22.0,21.0,22.0,21.0,22.0,21.0,21.0,21.0,22.0,22.0,23.0,20.0,22.0,23.0,21.0,10.0,hold,7,7,22.641
1787153758.4592,2026-08-19 17:35:58.459,10,c3,1,0,-0.03815,-0.49682,0.03973,-4.1109,10.2023,-16.5873,-0.0686,0.0062,-0.3497,2.46285,25.0,23.0,26.0,24.0,26.0,31.0,35.0,28.0,32.0,30.0,35.0,26.0,28.0,33.0,24.0,24.0,27.0,27.0,24.0,21.0,22.0,21.0,21.0,22.0,21.0,22.0,21.0,22.0,21.0,21.0,21.0,22.0,22.0,23.0,20.0,22.0,23.0,21.0,10.0,hold,7,7,22.5716
1787153758.5093,2026-08-19 17:35:58.509,10,c3,1,0,-0.03813,-0.49682,0.03972,-4.089,10.5445,-16.6479,-0.0734,0.0073,-0.3452,2.45354,24.0,24.0,27.0,23.0,26.0,32.0,35.0,25.0,32.0,31.0,36.0,25.0,29.0,35.0,24.0,23.0,28.0,25.0,22.0,21.0,22.0,21.0,21.0,22.0,21.0,22.0,21.0,22.0,21.0,21.0,21.0,22.0,22.0,23.0,20.0,22.0,23.0,21.0,10.0,hold,7,7,22.6545
1787153758.5594,2026-08-19 17:35:58.559,10,c3,1,0,-0.03813,-0.49681,0.03971,-3.7532,10.1455,-16.7329,-0.0681,0.0155,-0.3468,2.46386,24.0,24.0,27.0,23.0,26.0,32.0,35.0,25.0,32.0,31.0,36.0,25.0,29.0,35.0,24.0,23.0,28.0,25.0,22.0,21.0,22.0,21.0,21.0,22.0,21.0,22.0,21.0,22.0,21.0,21.0,21.0,22.0,22.0,23.0,20.0,22.0,23.0,21.0,10.0,hold,7,7,22.5626
1787153758.6095,2026-08-19 17:35:58.609,10,c3,1,0,-0.03814,-0.49682,0.03972,-4.0535,9.9688,-16.5562,-0.0618,0.0073,-0.354,2.45706,23.0,25.0,25.0,23.0,27.0,31.0,34.0,28.0,32.0,31.0,34.0,27.0,29.0,34.0,21.0,25.0,29.0,26.0,24.0,21.0,22.0,21.0,21.0,22.0,21.0,22.0,21.0,22.0,21.0,21.0,21.0,22.0,22.0,23.0,20.0,22.0,23.0,21.0,10.0,hold,7,7,22.6231
1787153758.6596,2026-08-19 17:35:58.659,10,c3,1,0,-0.03813,-0.49682,0.03973,-3.8745,10.3859,-16.6753,-0.0726,0.01,-0.3519,2.45933,23.0,25.0,25.0,23.0,27.0,31.0,34.0,28.0,32.0,31.0,34.0,27.0,29.0,34.0,21.0,25.0,29.0,26.0,24.0,21.0,22.0,21.0,21.0,22.0,21.0,22.0,21.0,22.0,21.0,21.0,21.0,22.0,22.0,23.0,20.0,22.0,23.0,21.0,10.0,hold,7,7,22.6029
1787153758.7098,2026-08-19 17:35:58.709,10,c3,1,0,-0.03813,-0.49681,0.03972,-4.02,10.1782,-16.6904,-0.0655,0.0055,-0.3484,2.46159,24.0,25.0,26.0,24.0,26.0,33.0,33.0,26.0,32.0,30.0,35.0,26.0,29.0,34.0,23.0,24.0,29.0,25.0,26.0,21.0,22.0,21.0,21.0,22.0,21.0,22.0,21.0,22.0,21.0,21.0,21.0,22.0,22.0,23.0,20.0,22.0,23.0,21.0,10.0,hold,7,7,22.5828
1787153758.7599,2026-08-19 17:35:58.759,10,c3,1,0,-0.03815,-0.49681,0.03971,-3.692,10.1705,-16.6207,-0.0673,0.0182,-0.3545,2.46134,24.0,24.0,24.0,23.0,27.0,32.0,33.0,26.0,32.0,32.0,35.0,26.0,29.0,35.0,24.0,24.0,30.0,26.0,23.0,21.0,22.0,21.0,21.0,22.0,21.0,22.0,21.0,22.0,21.0,21.0,21.0,22.0,22.0,23.0,20.0,22.0,23.0,21.0,10.0,hold,7,7,22.585
1787153758.81,2026-08-19 17:35:58.809,10,c3,1,0,-0.03814,-0.49682,0.03971,-4.1178,10.3916,-16.7384,-0.072,0.0078,-0.3525,2.46235,24.0,24.0,24.0,23.0,27.0,32.0,33.0,26.0,32.0,32.0,35.0,26.0,29.0,35.0,24.0,24.0,30.0,26.0,23.0,21.0,22.0,21.0,21.0,22.0,21.0,22.0,21.0,22.0,21.0,21.0,21.0,22.0,22.0,23.0,20.0,22.0,23.0,21.0,10.0,hold,7,7,22.5761
1787153758.8601,2026-08-19 17:35:58.860,10,c3,1,0,-0.03814,-0.49682,0.03972,-3.6204,9.9097,-16.6929,-0.0646,0.0212,-0.3421,2.45933,23.0,23.0,26.0,24.0,26.0,33.0,34.0,29.0,32.0,32.0,35.0,30.0,29.0,35.0,23.0,25.0,28.0,25.0,25.0,21.0,22.0,21.0,21.0,22.0,21.0,22.0,21.0,22.0,21.0,21.0,21.0,22.0,22.0,23.0,20.0,22.0,23.0,21.0,10.0,hold,7,7,22.6029
1787153758.9102,2026-08-19 17:35:58.910,10,c3,1,0,-0.03814,-0.49683,0.03972,-3.9065,10.0528,-16.7215,-0.0651,0.011,-0.3477,2.46487,23.0,23.0,26.0,24.0,26.0,33.0,34.0,29.0,32.0,32.0,35.0,30.0,29.0,35.0,23.0,25.0,28.0,25.0,25.0,21.0,22.0,21.0,21.0,22.0,21.0,22.0,21.0,22.0,21.0,21.0,21.0,22.0,22.0,23.0,20.0,22.0,23.0,21.0,10.0,hold,7,7,22.5537
1787153758.9603,2026-08-19 17:35:58.960,10,c3,1,0,-0.03814,-0.49681,0.03971,-3.7874,9.6558,-16.7183,-0.0551,0.0151,-0.3461,2.46008,25.0,24.0,27.0,26.0,27.0,33.0,33.0,26.0,31.0,31.0,35.0,27.0,29.0,35.0,24.0,24.0,30.0,26.0,23.0,21.0,22.0,21.0,21.0,22.0,21.0,22.0,21.0,22.0,21.0,21.0,21.0,22.0,22.0,23.0,20.0,22.0,23.0,21.0,10.0,hold,7,7,22.5962
1787153759.0105,2026-08-19 17:35:59.010,10,c3,1,0,-0.03814,-0.49681,0.03971,-3.93,9.9647,-16.7089,-0.064,0.0073,-0.3481,2.46663,24.0,23.0,26.0,25.0,26.0,33.0,32.0,28.0,32.0,31.0,34.0,28.0,29.0,35.0,23.0,27.0,29.0,25.0,26.0,21.0,22.0,21.0,21.0,22.0,21.0,22.0,21.0,22.0,21.0,21.0,21.0,22.0,22.0,23.0,20.0,22.0,23.0,21.0,10.0,hold,7,7,22.538
1787153759.0606,2026-08-19 17:35:59.060,10,c3,1,0,-0.03814,-0.49681,0.03972,-4.0448,10.0509,-16.5391,-0.0612,0.0084,-0.3521,2.46159,24.0,23.0,26.0,25.0,26.0,33.0,32.0,28.0,32.0,31.0,34.0,28.0,29.0,35.0,23.0,27.0,29.0,25.0,26.0,21.0,22.0,21.0,21.0,22.0,21.0,22.0,21.0,22.0,21.0,21.0,21.0,22.0,22.0,23.0,20.0,22.0,23.0,21.0,10.0,hold,7,7,22.5828
1787153759.1107,2026-08-19 17:35:59.110,10,c3,1,0,-0.03815,-0.49682,0.03972,-3.8013,10.1365,-16.4434,-0.0678,0.0162,-0.3488,2.4694,25.0,24.0,26.0,24.0,28.0,33.0,34.0,26.0,31.0,30.0,35.0,27.0,29.0,34.0,24.0,24.0,28.0,27.0,22.0,21.0,22.0,21.0,21.0,22.0,21.0,22.0,21.0,22.0,21.0,21.0,21.0,22.0,22.0,23.0,20.0,22.0,23.0,21.0,10.0,hold,7,7,22.5134
1787153759.1608,2026-08-19 17:35:59.160,10,c3,1,0,-0.03812,-0.49681,0.03971,-3.8215,10.0154,-16.7756,-0.0595,0.0123,-0.348,2.45882,25.0,24.0,26.0,24.0,28.0,33.0,34.0,26.0,31.0,30.0,35.0,27.0,29.0,34.0,24.0,24.0,28.0,27.0,22.0,21.0,22.0,21.0,21.0,22.0,21.0,22.0,21.0,22.0,21.0,21.0,21.0,22.0,22.0,23.0,20.0,22.0,23.0,21.0,10.0,hold,7,7,22.6074
1787153759.2109,2026-08-19 17:35:59.210,10,c3,1,0,-0.03815,-0.49681,0.03972,-3.9139,10.0538,-16.6475,-0.0611,0.011,-0.3522,2.46713,23.0,24.0,25.0,23.0,27.0,31.0,33.0,28.0,33.0,30.0,35.0,28.0,31.0,34.0,23.0,26.0,28.0,26.0,25.0,21.0,22.0,21.0,21.0,22.0,21.0,22.0,21.0,22.0,21.0,21.0,21.0,22.0,22.0,23.0,20.0,22.0,23.0,21.0,10.0,hold,7,7,22.5335
1787153759.261,2026-08-19 17:35:59.261,10,c3,1,0,-0.03814,-0.49681,0.03971,-4.1514,9.988,-16.7016,-0.0619,0.0089,-0.348,2.46738,23.0,24.0,25.0,23.0,27.0,31.0,33.0,28.0,33.0,30.0,35.0,28.0,31.0,34.0,23.0,26.0,28.0,26.0,25.0,21.0,22.0,21.0,21.0,22.0,21.0,22.0,21.0,22.0,21.0,21.0,21.0,22.0,22.0,23.0,20.0,22.0,23.0,21.0,10.0,hold,7,7,22.5313
1787153759.3111,2026-08-19 17:35:59.311,10,c3,1,0,-0.03814,-0.49682,0.03972,-4.0852,9.9029,-16.4325,-0.0592,0.0058,-0.3537,2.46965,23.0,25.0,26.0,24.0,27.0,34.0,33.0,26.0,33.0,30.0,36.0,26.0,31.0,35.0,22.0,24.0,30.0,25.0,24.0,21.0,22.0,21.0,21.0,22.0,21.0,22.0,21.0,22.0,21.0,21.0,21.0,22.0,22.0,23.0,20.0,22.0,23.0,21.0,10.0,hold,7,7,22.5111
1787153759.3613,2026-08-19 17:35:59.361,10,c3,1,0,-0.03815,-0.49682,0.03971,-4.1818,10.1743,-16.7079,-0.0654,0.0049,-0.3531,2.46763,24.0,25.0,26.0,23.0,28.0,32.0,35.0,26.0,33.0,30.0,37.0,26.0,29.0,33.0,24.0,25.0,29.0,26.0,25.0,21.0,22.0,21.0,21.0,22.0,21.0,22.0,21.0,22.0,21.0,21.0,21.0,22.0,22.0,23.0,20.0,22.0,23.0,21.0,10.0,hold,7,7,22.529
1787153759.4114,2026-08-19 17:35:59.411,10,c3,1,0,-0.03813,-0.4968,0.0397,-4.1851,10.1085,-16.7851,-0.0686,0.0054,-0.3514,2.4626,24.0,25.0,26.0,23.0,28.0,32.0,35.0,26.0,33.0,30.0,37.0,26.0,29.0,33.0,24.0,25.0,29.0,26.0,25.0,21.0,22.0,21.0,21.0,22.0,21.0,22.0,21.0,22.0,21.0,21.0,21.0,22.0,22.0,23.0,20.0,22.0,23.0,21.0,10.0,hold,7,7,22.5738
1787153759.4616,2026-08-19 17:35:59.461,10,c3,1,0,-0.03814,-0.49682,0.03972,-3.834,10.0814,-16.7733,-0.0639,0.0137,-0.3469,2.46738,22.0,25.0,26.0,24.0,28.0,32.0,34.0,26.0,32.0,30.0,35.0,26.0,29.0,34.0,23.0,24.0,29.0,25.0,24.0,21.0,22.0,21.0,21.0,22.0,21.0,22.0,21.0,22.0,21.0,21.0,21.0,22.0,22.0,23.0,20.0,22.0,23.0,21.0,10.0,hold,7,7,22.5313
1787153759.5117,2026-08-19 17:35:59.511,10,c3,1,0,-0.03814,-0.49681,0.03971,-3.8132,10.2775,-16.6212,-0.069,0.0122,-0.352,2.46915,22.0,25.0,26.0,24.0,28.0,32.0,34.0,26.0,32.0,30.0,35.0,26.0,29.0,34.0,23.0,24.0,29.0,25.0,24.0,21.0,22.0,21.0,21.0,22.0,21.0,22.0,21.0,22.0,21.0,21.0,21.0,22.0,22.0,23.0,20.0,22.0,23.0,21.0,10.0,hold,7,7,22.5156
1787153759.5619,2026-08-19 17:35:59.561,10,c3,1,0,-0.03815,-0.49682,0.03971,-4.18,10.2988,-16.5635,-0.0705,0.0075,-0.3499,2.46436,23.0,23.0,25.0,23.0,27.0,32.0,33.0,28.0,33.0,30.0,35.0,26.0,30.0,35.0,25.0,26.0,30.0,27.0,25.0,21.0,22.0,21.0,21.0,22.0,21.0,22.0,21.0,22.0,21.0,21.0,21.0,22.0,22.0,23.0,20.0,22.0,23.0,21.0,10.0,hold,7,7,22.5581
1787153759.612,2026-08-19 17:35:59.611,10,c3,1,0,-0.03814,-0.49682,0.03972,-4.3405,10.6151,-16.5418,-0.0798,0.0007,-0.3601,2.46587,24.0,25.0,27.0,24.0,27.0,32.0,34.0,26.0,32.0,30.0,35.0,26.0,30.0,33.0,22.0,22.0,27.0,26.0,25.0,21.0,22.0,21.0,21.0,22.0,21.0,22.0,21.0,22.0,21.0,21.0,21.0,22.0,22.0,23.0,20.0,22.0,23.0,21.0,10.0,hold,7,7,22.5447
1787153759.662,2026-08-19 17:35:59.662,10,c3,1,0,-0.03815,-0.49682,0.03973,-3.9756,10.1086,-16.8108,-0.0638,0.0086,-0.3542,2.47317,24.0,25.0,27.0,24.0,27.0,32.0,34.0,26.0,32.0,30.0,35.0,26.0,30.0,33.0,22.0,22.0,27.0,26.0,25.0,21.0,22.0,21.0,21.0,22.0,21.0,22.0,21.0,22.0,21.0,21.0,21.0,22.0,22.0,23.0,20.0,22.0,23.0,21.0,10.0,hold,7,7,22.4798
1787153759.7122,2026-08-19 17:35:59.712,10,c3,1,0,-0.03815,-0.49682,0.03971,-3.8444,10.4607,-16.7469,-0.0738,0.0104,-0.3488,2.46587,23.0,26.0,26.0,22.0,29.0,32.0,35.0,28.0,32.0,31.0,34.0,28.0,29.0,36.0,24.0,25.0,29.0,25.0,25.0,21.0,22.0,21.0,21.0,22.0,21.0,22.0,21.0,22.0,21.0,21.0,21.0,22.0,22.0,23.0,20.0,22.0,23.0,21.0,10.0,hold,7,7,22.5447
1787153759.7623,2026-08-19 17:35:59.762,10,c3,1,0,-0.03814,-0.49681,0.03972,-3.8647,9.9137,-16.6234,-0.0641,0.0126,-0.356,2.47015,23.0,26.0,26.0,22.0,29.0,32.0,35.0,28.0,32.0,31.0,34.0,28.0,29.0,36.0,24.0,25.0,29.0,25.0,25.0,21.0,22.0,21.0,21.0,22.0,21.0,22.0,21.0,22.0,21.0,21.0,21.0,22.0,22.0,23.0,20.0,22.0,23.0,21.0,10.0,hold,7,7,22.5066
1787153759.8124,2026-08-19 17:35:59.812,10,c3,1,0,-0.03812,-0.49683,0.03973,-4.1647,10.5592,-16.6158,-0.0807,0.0046,-0.3525,2.4631,25.0,24.0,26.0,25.0,27.0,33.0,33.0,28.0,30.0,31.0,34.0,28.0,30.0,34.0,22.0,25.0,30.0,27.0,23.0,21.0,22.0,21.0,21.0,22.0,21.0,22.0,21.0,22.0,21.0,21.0,21.0,22.0,22.0,23.0,20.0,22.0,23.0,21.0,10.0,hold,7,7,22.5693
1787153759.8625,2026-08-19 17:35:59.862,10,c3,1,0,-0.03813,-0.49682,0.03972,-3.8767,10.175,-16.7884,-0.0689,0.0096,-0.3432,2.46638,24.0,25.0,26.0,23.0,27.0,33.0,33.0,27.0,32.0,31.0,35.0,27.0,30.0,34.0,24.0,24.0,29.0,25.0,24.0,21.0,22.0,21.0,21.0,22.0,21.0,22.0,21.0,22.0,21.0,21.0,21.0,22.0,22.0,23.0,20.0,22.0,23.0,21.0,10.0,hold,7,7,22.5402
1787153759.9126,2026-08-19 17:35:59.912,10,c3,1,0,-0.03813,-0.49681,0.03971,-4.067,10.4338,-16.5884,-0.0753,0.0084,-0.3527,2.47292,24.0,25.0,26.0,23.0,27.0,33.0,33.0,27.0,32.0,31.0,35.0,27.0,30.0,34.0,24.0,24.0,29.0,25.0,24.0,21.0,22.0,21.0,21.0,22.0,21.0,22.0,21.0,22.0,21.0,21.0,21.0,22.0,22.0,23.0,20.0,22.0,23.0,21.0,10.0,hold,7,7,22.482
1787153759.9627,2026-08-19 17:35:59.962,10,c3,1,0,-0.03815,-0.49682,0.03972,-3.7235,10.0314,-16.7898,-0.0651,0.0155,-0.3541,2.46763,26.0,25.0,26.0,25.0,28.0,32.0,32.0,28.0,32.0,30.0,37.0,28.0,30.0,36.0,26.0,25.0,29.0,28.0,25.0,21.0,22.0,21.0,21.0,22.0,21.0,22.0,21.0,22.0,21.0,21.0,21.0,22.0,22.0,23.0,20.0,22.0,23.0,21.0,10.0,hold,7,7,22.529
1787153760.0129,2026-08-19 17:36:00.012,10,c3,1,0,-0.03812,-0.49681,0.03971,-3.911,10.3829,-16.6689,-0.0739,0.0117,-0.349,2.46915,26.0,25.0,26.0,25.0,28.0,32.0,32.0,28.0,32.0,30.0,37.0,28.0,30.0,36.0,26.0,25.0,29.0,28.0,25.0,21.0,22.0,21.0,21.0,22.0,21.0,22.0,21.0,22.0,21.0,21.0,21.0,22.0,22.0,23.0,20.0,22.0,23.0,21.0,10.0,hold,7,7,22.5156
1787153760.063,2026-08-19 17:36:00.062,10,c3,1,0,-0.03815,-0.49682,0.03972,-4.1637,10.2037,-16.632,-0.067,0.0028,-0.3525,2.46487,23.0,26.0,26.0,24.0,26.0,33.0,35.0,28.0,33.0,31.0,36.0,27.0,30.0,35.0,24.0,25.0,30.0,27.0,25.0,21.0,22.0,21.0,21.0,22.0,21.0,22.0,21.0,22.0,21.0,21.0,21.0,22.0,22.0,23.0,20.0,22.0,23.0,21.0,10.0,hold,7,7,22.5537
1787153760.113,2026-08-19 17:36:00.113,10,c3,1,0,-0.03815,-0.49682,0.03973,-3.9738,10.4007,-16.6696,-0.0739,0.0075,-0.3453,2.46688,24.0,26.0,27.0,24.0,27.0,35.0,34.0,28.0,33.0,30.0,33.0,28.0,32.0,35.0,20.0,25.0,28.0,23.0,25.0,21.0,22.0,21.0,21.0,22.0,21.0,22.0,21.0,22.0,21.0,21.0,21.0,22.0,22.0,23.0,20.0,22.0,23.0,21.0,10.0,hold,7,7,22.5357
1787153760.1632,2026-08-19 17:36:00.163,10,c3,1,0,-0.03813,-0.49681,0.0397,-4.1891,10.2182,-16.8132,-0.066,0.0063,-0.3546,2.47317,24.0,26.0,27.0,24.0,27.0,35.0,34.0,28.0,33.0,30.0,33.0,28.0,32.0,35.0,20.0,25.0,28.0,23.0,25.0,21.0,22.0,21.0,21.0,22.0,21.0,22.0,21.0,22.0,21.0,21.0,21.0,22.0,22.0,23.0,20.0,22.0,23.0,21.0,10.0,hold,7,7,22.4798
1787153760.2133,2026-08-19 17:36:00.213,10,c3,1,0,-0.03814,-0.49682,0.03971,-3.6376,10.1788,-16.7394,-0.0696,0.0176,-0.3446,2.47468,23.0,25.0,28.0,25.0,29.0,33.0,31.0,27.0,31.0,32.0,35.0,27.0,29.0,35.0,22.0,24.0,28.0,26.0,25.0,21.0,22.0,21.0,21.0,22.0,21.0,22.0,21.0,22.0,21.0,21.0,21.0,22.0,22.0,23.0,20.0,22.0,23.0,21.0,10.0,hold,7,7,22.4663
1787153760.2634,2026-08-19 17:36:00.263,10,c3,1,0,-0.03815,-0.49681,0.03972,-4.1346,10.2836,-16.7655,-0.0722,0.0071,-0.3487,2.47267,23.0,25.0,28.0,25.0,29.0,33.0,31.0,27.0,31.0,32.0,35.0,27.0,29.0,35.0,22.0,24.0,28.0,26.0,25.0,21.0,22.0,21.0,21.0,22.0,21.0,22.0,21.0,22.0,21.0,21.0,21.0,22.0,22.0,23.0,20.0,22.0,23.0,21.0,10.0,hold,7,7,22.4842
1787153760.3135,2026-08-19 17:36:00.313,10,c3,1,0,-0.03816,-0.49682,0.03972,-3.7129,9.848,-16.9288,-0.0617,0.0149,-0.3491,2.47494,24.0,25.0,28.0,24.0,27.0,34.0,33.0,26.0,31.0,32.0,36.0,26.0,29.0,34.0,25.0,25.0,29.0,27.0,25.0,21.0,22.0,21.0,21.0,22.0,21.0,22.0,21.0,22.0,21.0,21.0,21.0,22.0,22.0,23.0,20.0,22.0,23.0,21.0,10.0,hold,7,7,22.4641
1787153760.3637,2026-08-19 17:36:00.363,10,c3,1,0,-0.03814,-0.49682,0.03972,-3.8694,10.2708,-16.7711,-0.073,0.0101,-0.3537,2.46789,24.0,25.0,28.0,24.0,27.0,34.0,33.0,26.0,31.0,32.0,36.0,26.0,29.0,34.0,25.0,25.0,29.0,27.0,25.0,21.0,22.0,21.0,21.0,22.0,21.0,22.0,21.0,22.0,21.0,21.0,21.0,22.0,22.0,23.0,20.0,22.0,23.0,21.0,10.0,hold,7,7,22.5268
1787153760.4139,2026-08-19 17:36:00.413,10,c3,1,0,-0.03813,-0.49682,0.03972,-4.1851,10.5375,-16.6461,-0.0761,0.0035,-0.3536,2.47468,23.0,25.0,26.0,22.0,27.0,33.0,34.0,26.0,32.0,30.0,37.0,26.0,29.0,33.0,22.0,24.0,27.0,26.0,24.0,21.0,22.0,21.0,21.0,22.0,21.0,22.0,21.0,22.0,21.0,21.0,21.0,22.0,22.0,23.0,20.0,22.0,23.0,21.0,10.0,hold,7,7,22.4663
1787153760.4641,2026-08-19 17:36:00.464,10,c3,1,0,-0.03814,-0.49681,0.03971,-3.8114,9.9467,-16.8251,-0.0645,0.0114,-0.3431,2.4772,22.0,24.0,26.0,23.0,27.0,33.0,35.0,27.0,33.0,31.0,34.0,27.0,31.0,34.0,23.0,25.0,29.0,25.0,25.0,21.0,22.0,21.0,21.0,22.0,21.0,22.0,21.0,22.0,21.0,21.0,21.0,22.0,22.0,23.0,20.0,22.0,23.0,21.0,10.0,hold,7,7,22.4439
1787153760.5143,2026-08-19 17:36:00.514,10,c3,1,0,-0.03815,-0.49683,0.03974,-4.0412,10.1001,-16.9507,-0.0658,0.007,-0.3524,2.47292,22.0,24.0,26.0,23.0,27.0,33.0,35.0,27.0,33.0,31.0,34.0,27.0,31.0,34.0,23.0,25.0,29.0,25.0,25.0,21.0,22.0,21.0,21.0,22.0,21.0,22.0,21.0,22.0,21.0,21.0,21.0,22.0,22.0,23.0,20.0,22.0,23.0,21.0,10.0,hold,7,7,22.482
1787153760.5644,2026-08-19 17:36:00.564,10,c3,1,0,-0.03814,-0.49682,0.03971,-3.8519,9.9882,-16.7711,-0.0608,0.0123,-0.3502,2.47141,24.0,26.0,27.0,24.0,29.0,33.0,32.0,25.0,34.0,29.0,36.0,26.0,32.0,33.0,23.0,25.0,27.0,26.0,25.0,21.0,22.0,21.0,21.0,22.0,21.0,22.0,21.0,22.0,21.0,21.0,21.0,22.0,22.0,23.0,20.0,22.0,23.0,21.0,10.0,hold,7,7,22.4954
1787153760.6146,2026-08-19 17:36:00.614,10,c3,1,0,-0.03813,-0.49682,0.03972,-4.1041,10.2227,-16.8571,-0.0693,0.0075,-0.352,2.47116,24.0,26.0,27.0,24.0,29.0,33.0,32.0,25.0,34.0,29.0,36.0,26.0,32.0,33.0,23.0,25.0,27.0,26.0,25.0,21.0,22.0,21.0,21.0,22.0,21.0,22.0,21.0,22.0,21.0,21.0,21.0,22.0,22.0,23.0,20.0,22.0,23.0,21.0,10.0,hold,7,7,22.4977
1787153760.6647,2026-08-19 17:36:00.664,10,c3,1,0,-0.03816,-0.49682,0.03973,-3.861,10.0834,-16.6977,-0.0657,0.0154,-0.3491,2.47494,25.0,26.0,25.0,24.0,29.0,31.0,32.0,27.0,34.0,31.0,33.0,28.0,31.0,33.0,21.0,24.0,28.0,23.0,24.0,21.0,22.0,21.0,21.0,22.0,21.0,22.0,21.0,22.0,21.0,21.0,21.0,22.0,22.0,23.0,20.0,22.0,23.0,21.0,10.0,hold,7,7,22.4641
1787153760.7148,2026-08-19 17:36:00.714,10,c3,1,0,-0.03812,-0.49682,0.03973,-3.7907,10.2314,-16.8265,-0.07,0.0142,-0.3489,2.47267,24.0,26.0,26.0,23.0,29.0,33.0,32.0,28.0,32.0,30.0,35.0,28.0,30.0,34.0,24.0,24.0,28.0,28.0,26.0,21.0,22.0,21.0,21.0,22.0,21.0,22.0,21.0,22.0,21.0,21.0,21.0,22.0,22.0,23.0,20.0,22.0,23.0,21.0,10.0,hold,7,7,22.4842
1787153760.765,2026-08-19 17:36:00.764,10,c3,1,0,-0.03815,-0.49682,0.03972,-3.7911,10.0196,-16.821,-0.0659,0.0168,-0.3451,2.47116,24.0,26.0,26.0,23.0,29.0,33.0,32.0,28.0,32.0,30.0,35.0,28.0,30.0,34.0,24.0,24.0,28.0,28.0,26.0,21.0,22.0,21.0,21.0,22.0,21.0,22.0,21.0,22.0,21.0,21.0,21.0,22.0,22.0,23.0,20.0,22.0,23.0,21.0,10.0,hold,7,7,22.4977
1787153760.8151,2026-08-19 17:36:00.815,10,c3,1,0,-0.03814,-0.49682,0.03972,-4.0317,10.3258,-16.7219,-0.0744,0.0099,-0.3531,2.47217,23.0,25.0,25.0,23.0,26.0,31.0,34.0,27.0,30.0,30.0,35.0,29.0,28.0,34.0,24.0,24.0,28.0,26.0,23.0,21.0,22.0,21.0,21.0,22.0,21.0,22.0,21.0,22.0,21.0,21.0,21.0,22.0,22.0,23.0,20.0,22.0,23.0,21.0,10.0,hold,7,7,22.4887
1787153760.8652,2026-08-19 17:36:00.865,10,c3,1,0,-0.03814,-0.49682,0.03973,-4.1545,10.5603,-16.5664,-0.0769,0.0054,-0.3525,2.4772,23.0,25.0,25.0,23.0,26.0,31.0,34.0,27.0,30.0,30.0,35.0,29.0,28.0,34.0,24.0,24.0,28.0,26.0,23.0,21.0,22.0,21.0,21.0,22.0,21.0,22.0,21.0,22.0,21.0,21.0,21.0,22.0,22.0,23.0,20.0,22.0,23.0,21.0,10.0,hold,7,7,22.4439
1787153760.9153,2026-08-19 17:36:00.915,10,c3,1,0,-0.03815,-0.49681,0.03971,-3.7929,10.1129,-16.7611,-0.0695,0.0156,-0.3558,2.46965,26.0,24.0,25.0,25.0,25.0,32.0,33.0,26.0,32.0,30.0,35.0,26.0,30.0,34.0,24.0,23.0,29.0,26.0,23.0,21.0,22.0,21.0,21.0,22.0,21.0,22.0,21.0,22.0,21.0,21.0,21.0,22.0,22.0,23.0,20.0,22.0,23.0,21.0,10.0,hold,7,7,22.5111
1787153760.9654,2026-08-19 17:36:00.965,10,c3,1,0,-0.03815,-0.49682,0.03971,-3.9495,10.1219,-16.8939,-0.0667,0.0108,-0.353,2.4762,23.0,24.0,26.0,23.0,27.0,32.0,34.0,28.0,32.0,31.0,35.0,26.0,29.0,33.0,23.0,24.0,28.0,27.0,24.0,21.0,22.0,21.0,21.0,22.0,21.0,22.0,21.0,22.0,21.0,21.0,21.0,22.0,22.0,23.0,20.0,22.0,23.0,21.0,10.0,hold,7,7,22.4529
1787153761.0155,2026-08-19 17:36:01.015,10,c3,1,0,-0.03814,-0.49682,0.03972,-3.964,9.8949,-16.9537,-0.0611,0.0102,-0.3487,2.47821,23.0,24.0,26.0,23.0,27.0,32.0,34.0,28.0,32.0,31.0,35.0,26.0,29.0,33.0,23.0,24.0,28.0,27.0,24.0,21.0,22.0,21.0,21.0,22.0,21.0,22.0,21.0,22.0,21.0,21.0,21.0,22.0,22.0,23.0,20.0,22.0,23.0,21.0,10.0,hold,7,7,22.4349
1787153761.0656,2026-08-19 17:36:01.065,10,c3,1,0,-0.03813,-0.49682,0.03973,-3.9569,10.2835,-16.8571,-0.0719,0.0087,-0.35,2.46713,24.0,25.0,27.0,24.0,27.0,33.0,34.0,26.0,31.0,30.0,35.0,26.0,30.0,35.0,23.0,23.0,29.0,27.0,24.0,21.0,22.0,21.0,21.0,22.0,21.0,22.0,21.0,22.0,21.0,21.0,21.0,22.0,22.0,23.0,20.0,22.0,23.0,21.0,10.0,hold,7,7,22.5335
1787153761.1158,2026-08-19 17:36:01.115,10,c3,1,0,-0.03813,-0.49681,0.03971,-3.9056,10.4894,-16.7211,-0.0732,0.0125,-0.3483,2.47897,24.0,25.0,27.0,24.0,27.0,33.0,34.0,26.0,31.0,30.0,35.0,26.0,30.0,35.0,23.0,23.0,29.0,27.0,24.0,21.0,22.0,21.0,21.0,22.0,21.0,22.0,21.0,22.0,21.0,21.0,21.0,22.0,22.0,23.0,20.0,22.0,23.0,21.0,10.0,hold,7,7,22.4282
1787153761.1659,2026-08-19 17:36:01.165,10,c3,1,0,-0.03812,-0.49682,0.03972,-4.0944,10.4319,-16.729,-0.0745,0.0041,-0.3481,2.47418,24.0,24.0,27.0,23.0,26.0,32.0,33.0,27.0,33.0,31.0,34.0,28.0,32.0,35.0,24.0,23.0,27.0,25.0,24.0,21.0,22.0,21.0,21.0,22.0,21.0,22.0,21.0,22.0,21.0,21.0,21.0,22.0,22.0,23.0,20.0,22.0,23.0,21.0,10.0,hold,7,7,22.4708
1787153761.216,2026-08-19 17:36:01.215,10,c3,1,0,-0.03812,-0.49681,0.03971,-3.9323,9.9119,-16.8251,-0.0624,0.0118,-0.3532,2.47343,23.0,26.0,25.0,25.0,29.0,32.0,32.0,26.0,32.0,31.0,34.0,27.0,28.0,34.0,22.0,24.0,28.0,24.0,25.0,21.0,22.0,21.0,21.0,22.0,21.0,22.0,21.0,22.0,21.0,21.0,21.0,22.0,22.0,23.0,20.0,22.0,23.0,21.0,10.0,hold,7,7,22.4775
1787153761.2661,2026-08-19 17:36:01.266,10,c3,1,0,-0.03812,-0.49682,0.03973,-4.1677,9.9688,-17.016,-0.0618,0.0033,-0.3463,2.47997,23.0,26.0,25.0,25.0,29.0,32.0,32.0,26.0,32.0,31.0,34.0,27.0,28.0,34.0,22.0,24.0,28.0,24.0,25.0,21.0,22.0,21.0,21.0,22.0,21.0,22.0,21.0,22.0,21.0,21.0,21.0,22.0,22.0,23.0,20.0,22.0,23.0,21.0,10.0,hold,7,7,22.4193
1787153761.3162,2026-08-19 17:36:01.316,10,c3,1,0,-0.03813,-0.49681,0.03972,-4.0275,10.2141,-16.8083,-0.0692,0.0093,-0.3505,2.47267,23.0,22.0,26.0,22.0,25.0,31.0,33.0,25.0,31.0,31.0,35.0,25.0,31.0,35.0,24.0,24.0,30.0,28.0,24.0,21.0,22.0,21.0,21.0,22.0,21.0,22.0,21.0,22.0,21.0,21.0,21.0,22.0,22.0,23.0,20.0,22.0,23.0,21.0,10.0,hold,7,7,22.4842
1787153761.3663,2026-08-19 17:36:01.366,10,c3,1,0,-0.03814,-0.49682,0.03973,-4.172,10.1617,-16.7445,-0.0645,0.0067,-0.3462,2.47871,23.0,22.0,26.0,22.0,25.0,31.0,33.0,25.0,31.0,31.0,35.0,25.0,31.0,35.0,24.0,24.0,30.0,28.0,24.0,21.0,22.0,21.0,21.0,22.0,21.0,22.0,21.0,22.0,21.0,21.0,21.0,22.0,22.0,23.0,20.0,22.0,23.0,21.0,10.0,hold,7,7,22.4305
1787153761.4165,2026-08-19 17:36:01.416,10,c3,1,0,-0.03814,-0.49681,0.03972,-3.8457,10.2595,-16.872,-0.072,0.0113,-0.3514,2.48022,23.0,25.0,26.0,22.0,26.0,33.0,33.0,27.0,33.0,30.0,34.0,27.0,32.0,34.0,23.0,24.0,28.0,25.0,25.0,21.0,22.0,21.0,21.0,22.0,21.0,22.0,21.0,22.0,21.0,21.0,21.0,22.0,22.0,23.0,20.0,22.0,23.0,21.0,10.0,hold,7,7,22.417
1787153761.4666,2026-08-19 17:36:01.466,10,c3,1,0,-0.03813,-0.49682,0.03971,-4.1728,10.4639,-16.7757,-0.0724,0.0016,-0.3495,2.47317,23.0,25.0,26.0,22.0,26.0,33.0,33.0,27.0,33.0,30.0,34.0,27.0,32.0,34.0,23.0,24.0,28.0,25.0,25.0,21.0,22.0,21.0,21.0,22.0,21.0,22.0,21.0,22.0,21.0,21.0,21.0,22.0,22.0,23.0,20.0,22.0,23.0,21.0,10.0,hold,7,7,22.4798
1787153761.5167,2026-08-19 17:36:01.516,10,c3,1,0,-0.03815,-0.49681,0.03973,-4.1357,10.4718,-16.727,-0.0776,0.0066,-0.351,2.48123,22.0,25.0,28.0,23.0,27.0,33.0,33.0,29.0,32.0,31.0,36.0,29.0,30.0,36.0,23.0,26.0,30.0,25.0,24.0,21.0,22.0,21.0,21.0,22.0,21.0,22.0,21.0,22.0,21.0,21.0,21.0,22.0,22.0,23.0,20.0,22.0,23.0,21.0,10.0,hold,7,7,22.4081
1787153761.5668,2026-08-19 17:36:01.566,10,c3,1,0,-0.03814,-0.49682,0.03973,-4.3099,10.7469,-16.5653,-0.083,-0.0021,-0.3569,2.47116,24.0,24.0,27.0,24.0,27.0,34.0,35.0,27.0,31.0,33.0,34.0,27.0,29.0,35.0,23.0,24.0,29.0,24.0,24.0,21.0,22.0,21.0,21.0,22.0,21.0,22.0,21.0,22.0,21.0,21.0,21.0,22.0,22.0,23.0,20.0,22.0,23.0,21.0,10.0,hold,7,7,22.4977
1787153761.6188,2026-08-19 17:36:01.618,10,c3,1,0,-0.03813,-0.49683,0.03973,-4.2107,10.723,-16.6764,-0.0785,0.0034,-0.3479,2.47292,24.0,24.0,27.0,24.0,27.0,34.0,35.0,27.0,31.0,33.0,34.0,27.0,29.0,35.0,23.0,24.0,29.0,24.0,24.0,21.0,22.0,21.0,21.0,22.0,21.0,22.0,21.0,22.0,21.0,21.0,21.0,22.0,22.0,23.0,20.0,22.0,23.0,21.0,10.0,hold,7,7,22.482
1787153761.6689,2026-08-19 17:36:01.668,10,c3,1,0,-0.03814,-0.49682,0.03972,-3.7275,10.2696,-16.8902,-0.0758,0.016,-0.3452,2.47192,24.0,25.0,27.0,23.0,27.0,35.0,34.0,25.0,32.0,31.0,36.0,26.0,29.0,35.0,24.0,24.0,29.0,26.0,25.0,21.0,22.0,21.0,21.0,22.0,21.0,22.0,21.0,22.0,21.0,21.0,21.0,22.0,22.0,23.0,20.0,22.0,23.0,21.0,10.0,hold,7,7,22.491
1787153761.7189,2026-08-19 17:36:01.718,10,c3,1,0,-0.03816,-0.49682,0.03972,-3.9492,10.6394,-16.7833,-0.0794,0.0086,-0.3464,2.47922,24.0,25.0,27.0,23.0,27.0,35.0,34.0,25.0,32.0,31.0,36.0,26.0,29.0,35.0,24.0,24.0,29.0,26.0,25.0,21.0,22.0,21.0,21.0,22.0,21.0,22.0,21.0,22.0,21.0,21.0,21.0,22.0,22.0,23.0,20.0,22.0,23.0,21.0,10.0,hold,7,7,22.426
1787153761.7691,2026-08-19 17:36:01.769,10,c3,1,0,-0.03813,-0.49682,0.03972,-3.6669,10.3457,-16.6618,-0.0709,0.0129,-0.347,2.4767,24.0,25.0,26.0,23.0,27.0,32.0,33.0,27.0,32.0,31.0,37.0,26.0,29.0,34.0,24.0,26.0,28.0,25.0,27.0,21.0,22.0,21.0,21.0,22.0,21.0,22.0,21.0,22.0,21.0,21.0,21.0,22.0,22.0,23.0,20.0,22.0,23.0,21.0,10.0,hold,7,7,22.4484
1787153761.8192,2026-08-19 17:36:01.819,10,c3,1,0,-0.03814,-0.49682,0.03972,-3.7391,10.5641,-16.6792,-0.0796,0.0142,-0.3451,2.47821,24.0,24.0,27.0,23.0,26.0,33.0,34.0,26.0,32.0,31.0,34.0,26.0,30.0,35.0,22.0,24.0,29.0,25.0,25.0,21.0,22.0,21.0,21.0,22.0,21.0,22.0,21.0,22.0,21.0,21.0,21.0,22.0,22.0,23.0,20.0,22.0,23.0,21.0,10.0,hold,7,7,22.4349
1787153761.8693,2026-08-19 17:36:01.869,10,c3,1,0,-0.03814,-0.49682,0.03972,-3.7477,10.1327,-16.8199,-0.068,0.0129,-0.3483,2.47821,24.0,24.0,27.0,23.0,26.0,33.0,34.0,26.0,32.0,31.0,34.0,26.0,30.0,35.0,22.0,24.0,29.0,25.0,25.0,21.0,22.0,21.0,21.0,22.0,21.0,22.0,21.0,22.0,21.0,21.0,21.0,22.0,22.0,23.0,20.0,22.0,23.0,21.0,10.0,hold,7,7,22.4349
1787153761.9195,2026-08-19 17:36:01.919,10,c3,1,0,-0.03814,-0.49682,0.03971,-4.0658,10.264,-16.7368,-0.0701,0.0066,-0.3499,2.47922,25.0,25.0,27.0,25.0,27.0,33.0,33.0,29.0,32.0,31.0,35.0,29.0,30.0,35.0,24.0,26.0,29.0,26.0,27.0,21.0,22.0,21.0,21.0,22.0,21.0,22.0,21.0,22.0,21.0,21.0,21.0,22.0,22.0,23.0,20.0,22.0,23.0,21.0,10.0,hold,7,7,22.426
1787153761.9695,2026-08-19 17:36:01.969,10,c3,0,0,-0.03814,-0.49682,0.03972,-3.851,10.3136,-17.0256,-0.0732,0.0121,-0.3494,2.47922,25.0,25.0,27.0,25.0,27.0,33.0,33.0,29.0,32.0,31.0,35.0,29.0,30.0,35.0,24.0,26.0,29.0,26.0,27.0,21.0,22.0,21.0,21.0,22.0,21.0,22.0,21.0,22.0,21.0,21.0,21.0,22.0,22.0,23.0,20.0,22.0,23.0,21.0,10.0,retract,7,7,22.426
1787153762.0196,2026-08-19 17:36:02.019,10,c3,0,0,-0.03815,-0.49683,0.03973,-3.9029,10.2552,-17.0255,-0.0744,0.0103,-0.3521,2.48727,23.0,24.0,27.0,25.0,27.0,33.0,34.0,30.0,33.0,32.0,36.0,29.0,30.0,35.0,24.0,27.0,30.0,26.0,27.0,21.0,22.0,21.0,21.0,22.0,21.0,22.0,21.0,22.0,21.0,21.0,21.0,22.0,22.0,23.0,20.0,22.0,23.0,21.0,10.0,retract,7,7,22.3543
1787153762.0697,2026-08-19 17:36:02.069,10,c3,0,0,-0.03813,-0.49682,0.03978,-3.8124,10.4153,-16.9225,-0.0714,0.0152,-0.3482,2.53335,27.0,25.0,27.0,27.0,27.0,33.0,32.0,27.0,32.0,30.0,35.0,28.0,31.0,34.0,24.0,25.0,28.0,26.0,25.0,21.0,22.0,21.0,21.0,22.0,21.0,22.0,21.0,22.0,21.0,21.0,21.0,22.0,22.0,23.0,20.0,22.0,23.0,21.0,10.0,retract,7,7,21.9444
1787153762.1198,2026-08-19 17:36:02.119,10,c3,0,0,-0.03816,-0.49681,0.03985,-4.0417,10.1579,-17.0385,-0.0689,0.0115,-0.35,2.59075,27.0,25.0,27.0,27.0,27.0,33.0,32.0,27.0,32.0,30.0,35.0,28.0,31.0,34.0,24.0,25.0,28.0,26.0,25.0,21.0,22.0,21.0,21.0,22.0,21.0,22.0,21.0,22.0,21.0,21.0,21.0,22.0,22.0,23.0,20.0,22.0,23.0,21.0,10.0,retract,7,7,21.4337
1787153762.1699,2026-08-19 17:36:02.169,10,c3,0,0,-0.03815,-0.4968,0.03996,-4.2481,10.638,-17.3779,-0.0796,0.0023,-0.3465,2.68618,24.0,24.0,26.0,26.0,28.0,32.0,33.0,27.0,32.0,30.0,35.0,26.0,31.0,35.0,25.0,24.0,28.0,27.0,25.0,21.0,22.0,21.0,21.0,22.0,21.0,22.0,21.0,22.0,21.0,21.0,21.0,22.0,22.0,23.0,20.0,22.0,23.0,21.0,10.0,retract,7,7,20.5848
1787153762.22,2026-08-19 17:36:02.220,10,c3,0,0,-0.03812,-0.49681,0.04013,-3.989,10.4025,-17.9596,-0.0751,0.0088,-0.3567,2.81382,24.0,24.0,26.0,26.0,28.0,32.0,33.0,27.0,32.0,30.0,35.0,26.0,31.0,35.0,25.0,24.0,28.0,27.0,25.0,21.0,22.0,21.0,21.0,22.0,21.0,22.0,21.0,22.0,21.0,21.0,21.0,22.0,22.0,23.0,20.0,22.0,23.0,21.0,10.0,retract,7,7,19.4492
1787153762.2701,2026-08-19 17:36:02.270,10,c3,0,0,-0.03814,-0.49681,0.04033,-3.9491,9.9396,-18.5376,-0.0643,0.0145,-0.3532,2.96539,22.0,25.0,26.0,22.0,27.0,32.0,33.0,29.0,31.0,29.0,34.0,29.0,30.0,35.0,24.0,26.0,29.0,25.0,26.0,21.0,22.0,21.0,21.0,22.0,21.0,22.0,21.0,22.0,21.0,21.0,21.0,22.0,22.0,23.0,20.0,22.0,23.0,21.0,10.0,retract,7,7,18.1008
1787153762.3205,2026-08-19 17:36:02.320,10,c3,0,0,-0.03814,-0.4968,0.04056,-4.002,10.3757,-18.9816,-0.0768,0.0086,-0.3485,3.10135,25.0,24.0,25.0,24.0,27.0,32.0,32.0,27.0,31.0,30.0,35.0,27.0,28.0,34.0,25.0,26.0,30.0,26.0,24.0,21.0,22.0,21.0,21.0,22.0,21.0,22.0,21.0,22.0,21.0,21.0,21.0,22.0,22.0,23.0,20.0,22.0,23.0,21.0,10.0,retract,7,7,16.8912
1787153762.3707,2026-08-19 17:36:02.370,10,c3,0,0,-0.03814,-0.49678,0.04076,-3.9871,9.9018,-19.6144,-0.0639,0.0088,-0.3504,3.23731,25.0,24.0,25.0,24.0,27.0,32.0,32.0,27.0,31.0,30.0,35.0,27.0,28.0,34.0,25.0,26.0,30.0,26.0,24.0,21.0,22.0,21.0,21.0,22.0,21.0,22.0,21.0,22.0,21.0,21.0,21.0,22.0,22.0,23.0,20.0,22.0,23.0,21.0,10.0,retract,7,7,15.6817
1787153762.4208,2026-08-19 17:36:02.420,10,c3,0,0,-0.03812,-0.49678,0.04105,-4.1054,10.1795,-20.1612,-0.0738,0.0079,-0.3534,3.40549,24.0,24.0,27.0,24.0,27.0,33.0,35.0,26.0,32.0,30.0,33.0,26.0,30.0,34.0,23.0,23.0,28.0,26.0,24.0,21.0,22.0,21.0,21.0,22.0,21.0,22.0,21.0,22.0,21.0,21.0,21.0,22.0,22.0,23.0,20.0,22.0,23.0,21.0,10.0,retract,7,7,14.1854
1787153762.4709,2026-08-19 17:36:02.470,10,c3,0,0,-0.03813,-0.49677,0.04135,-4.0886,10.2381,-20.9181,-0.0723,0.0099,-0.3455,3.56864,24.0,24.0,27.0,24.0,27.0,33.0,35.0,26.0,32.0,30.0,33.0,26.0,30.0,34.0,23.0,23.0,28.0,26.0,24.0,21.0,22.0,21.0,21.0,22.0,21.0,22.0,21.0,22.0,21.0,21.0,21.0,22.0,22.0,23.0,20.0,22.0,23.0,21.0,10.0,retract,7,7,12.734
1787153762.521,2026-08-19 17:36:02.520,10,c3,0,0,-0.03811,-0.49675,0.04166,-3.7908,10.2558,-21.671,-0.0801,0.0216,-0.3433,3.7255,23.0,26.0,25.0,23.0,28.0,33.0,32.0,26.0,30.0,30.0,33.0,28.0,28.0,34.0,24.0,27.0,28.0,25.0,25.0,21.0,22.0,21.0,21.0,22.0,21.0,22.0,21.0,22.0,21.0,21.0,21.0,22.0,22.0,23.0,20.0,22.0,23.0,21.0,10.0,retract,7,7,11.3385
1787153762.5713,2026-08-19 17:36:02.571,10,c3,0,0,-0.03811,-0.49674,0.042,-3.8593,9.6556,-22.0918,-0.0592,0.0203,-0.3505,3.88991,23.0,26.0,25.0,23.0,28.0,33.0,32.0,26.0,30.0,30.0,33.0,28.0,28.0,34.0,24.0,27.0,28.0,25.0,25.0,21.0,22.0,21.0,21.0,22.0,21.0,22.0,21.0,22.0,21.0,21.0,21.0,22.0,22.0,23.0,20.0,22.0,23.0,21.0,10.0,retract,7,7,9.8759
1787153762.6214,2026-08-19 17:36:02.621,10,c3,0,0,-0.03814,-0.4968,0.04237,-3.8559,10.0426,-22.7602,-0.0713,0.0196,-0.3463,4.05759,24.0,24.0,27.0,23.0,27.0,32.0,33.0,25.0,31.0,29.0,33.0,24.0,30.0,32.0,25.0,23.0,27.0,26.0,24.0,21.0,22.0,21.0,21.0,22.0,21.0,22.0,21.0,22.0,21.0,21.0,21.0,22.0,22.0,23.0,20.0,22.0,23.0,21.0,10.0,retract,7,7,8.3841
1787153762.6715,2026-08-19 17:36:02.671,10,c3,0,0,-0.03814,-0.4968,0.0427,-4.1744,10.0994,-23.2486,-0.0712,0.0082,-0.3481,4.18096,25.0,25.0,26.0,23.0,28.0,31.0,31.0,25.0,31.0,28.0,31.0,25.0,29.0,31.0,23.0,25.0,26.0,26.0,25.0,21.0,22.0,21.0,21.0,22.0,21.0,22.0,21.0,22.0,21.0,21.0,21.0,22.0,22.0,23.0,20.0,22.0,23.0,21.0,10.0,retract,7,7,7.2866
1787153762.7216,2026-08-19 17:36:02.721,10,c3,0,0,-0.03812,-0.49678,0.04301,-4.0572,10.0049,-23.7346,-0.074,0.0125,-0.3472,4.30936,25.0,25.0,26.0,23.0,28.0,31.0,31.0,25.0,31.0,28.0,31.0,25.0,29.0,31.0,23.0,25.0,26.0,26.0,25.0,21.0,22.0,21.0,21.0,22.0,21.0,22.0,21.0,22.0,21.0,21.0,21.0,22.0,22.0,23.0,20.0,22.0,23.0,21.0,10.0,retract,7,7,6.1442
1787153762.7718,2026-08-19 17:36:02.771,10,c3,0,0,-0.03812,-0.49678,0.04334,-3.8264,9.9952,-24.2392,-0.0665,0.0197,-0.3484,4.42014,23.0,27.0,24.0,23.0,29.0,29.0,30.0,25.0,30.0,28.0,32.0,26.0,30.0,30.0,26.0,24.0,27.0,27.0,25.0,21.0,22.0,21.0,21.0,22.0,21.0,22.0,21.0,22.0,21.0,21.0,21.0,22.0,22.0,23.0,20.0,22.0,23.0,21.0,10.0,retract,7,7,5.1587
1787153762.8219,2026-08-19 17:36:02.821,10,c3,0,0,-0.03812,-0.49677,0.04368,-4.0637,10.085,-24.4515,-0.0746,0.0133,-0.3567,4.51985,23.0,27.0,24.0,23.0,29.0,29.0,30.0,25.0,30.0,28.0,32.0,26.0,30.0,30.0,26.0,24.0,27.0,27.0,25.0,21.0,22.0,21.0,21.0,22.0,21.0,22.0,21.0,22.0,21.0,21.0,21.0,22.0,22.0,23.0,20.0,22.0,23.0,21.0,10.0,retract,7,7,4.2717
1787153762.872,2026-08-19 17:36:02.872,10,c3,0,0,-0.03812,-0.49676,0.044,-4.2883,9.9734,-24.7793,-0.0718,0.009,-0.3562,4.6057,23.0,25.0,25.0,21.0,28.0,30.0,31.0,25.0,26.0,29.0,32.0,25.0,27.0,28.0,27.0,25.0,26.0,27.0,25.0,21.0,22.0,21.0,21.0,22.0,21.0,22.0,21.0,22.0,21.0,21.0,21.0,22.0,22.0,23.0,20.0,22.0,23.0,21.0,10.0,retract,7,7,3.5079
1787153762.9222,2026-08-19 17:36:02.922,10,c3,0,0,-0.03813,-0.49678,0.04438,-4.3725,10.307,-24.8941,-0.0781,0.0093,-0.3555,4.67393,25.0,24.0,27.0,22.0,26.0,32.0,31.0,27.0,26.0,28.0,29.0,28.0,25.0,29.0,25.0,26.0,26.0,25.0,26.0,21.0,22.0,21.0,21.0,22.0,21.0,22.0,21.0,22.0,21.0,21.0,21.0,22.0,22.0,23.0,20.0,22.0,23.0,21.0,10.0,retract,7,7,2.9009
1787153762.9723,2026-08-19 17:36:02.972,10,c3,0,0,-0.03812,-0.49681,0.04471,-4.0423,10.0933,-25.2651,-0.0748,0.0126,-0.3441,4.69709,25.0,24.0,27.0,22.0,26.0,32.0,31.0,27.0,26.0,28.0,29.0,28.0,25.0,29.0,25.0,26.0,26.0,25.0,26.0,21.0,22.0,21.0,21.0,22.0,21.0,22.0,21.0,22.0,21.0,21.0,21.0,22.0,22.0,23.0,20.0,22.0,23.0,21.0,10.0,retract,7,7,2.6948
1787153763.0224,2026-08-19 17:36:03.022,10,c3,0,0,-0.0381,-0.49679,0.04505,-4.5636,10.3322,-24.9185,-0.0772,-0.0003,-0.3522,4.68778,24.0,24.0,25.0,25.0,26.0,31.0,25.0,24.0,25.0,27.0,28.0,23.0,26.0,28.0,23.0,25.0,26.0,24.0,25.0,21.0,22.0,21.0,21.0,22.0,21.0,22.0,21.0,22.0,21.0,21.0,21.0,22.0,22.0,23.0,20.0,22.0,23.0,21.0,10.0,retract,7,7,2.7777
1787153763.0726,2026-08-19 17:36:03.072,10,c3,0,0,-0.03813,-0.49679,0.04538,-4.1614,10.5554,-25.2381,-0.0791,0.0117,-0.3535,4.68778,24.0,24.0,25.0,25.0,26.0,31.0,25.0,24.0,25.0,27.0,28.0,23.0,26.0,28.0,23.0,25.0,26.0,24.0,25.0,21.0,22.0,21.0,21.0,22.0,21.0,22.0,21.0,22.0,21.0,21.0,21.0,22.0,22.0,23.0,20.0,22.0,23.0,21.0,10.0,retract,7,7,2.7777
1787153763.1227,2026-08-19 17:36:03.122,10,c3,0,0,-0.03813,-0.49679,0.04571,-4.0166,10.2083,-25.366,-0.0733,0.0139,-0.3512,4.69709,23.0,23.0,24.0,23.0,25.0,29.0,26.0,24.0,23.0,27.0,26.0,23.0,23.0,26.0,24.0,25.0,25.0,25.0,23.0,21.0,22.0,21.0,21.0,22.0,21.0,22.0,21.0,22.0,21.0,21.0,21.0,22.0,22.0,23.0,20.0,22.0,23.0,21.0,10.0,retract,7,7,2.6948
1787153763.1729,2026-08-19 17:36:03.172,10,c3,0,0,-0.03814,-0.4968,0.04605,-4.3077,10.2483,-25.0251,-0.0774,0.0065,-0.3567,4.69004,22.0,24.0,24.0,20.0,24.0,29.0,24.0,25.0,24.0,23.0,27.0,24.0,25.0,23.0,26.0,25.0,23.0,25.0,23.0,21.0,22.0,21.0,21.0,22.0,21.0,22.0,21.0,22.0,21.0,21.0,21.0,22.0,22.0,23.0,20.0,22.0,23.0,21.0,10.0,retract,7,7,2.7575
1787153763.2229,2026-08-19 17:36:03.222,10,c3,0,0,-0.03813,-0.49679,0.04638,-3.8271,10.2716,-25.2311,-0.0752,0.0191,-0.3465,4.69407,22.0,24.0,24.0,20.0,24.0,29.0,24.0,25.0,24.0,23.0,27.0,24.0,25.0,23.0,26.0,25.0,23.0,25.0,23.0,21.0,22.0,21.0,21.0,22.0,21.0,22.0,21.0,22.0,21.0,21.0,21.0,22.0,22.0,23.0,20.0,22.0,23.0,21.0,10.0,retract,7,7,2.7217
1787153763.2731,2026-08-19 17:36:03.273,10,c3,0,0,-0.03812,-0.49681,0.04673,-4.091,10.2044,-25.3224,-0.0752,0.0128,-0.3547,4.69181,23.0,24.0,20.0,25.0,23.0,24.0,25.0,25.0,23.0,25.0,24.0,24.0,25.0,25.0,23.0,26.0,24.0,24.0,23.0,21.0,22.0,21.0,21.0,22.0,21.0,22.0,21.0,22.0,21.0,21.0,21.0,22.0,22.0,23.0,20.0,22.0,23.0,21.0,10.0,retract,7,7,2.7418
1787153763.3232,2026-08-19 17:36:03.323,10,c3,0,0,-0.03813,-0.49679,0.04705,-4.274,10.5381,-25.0924,-0.0841,0.0107,-0.3515,4.6903,23.0,24.0,20.0,25.0,23.0,24.0,25.0,25.0,23.0,25.0,24.0,24.0,25.0,25.0,23.0,26.0,24.0,24.0,23.0,21.0,22.0,21.0,21.0,22.0,21.0,22.0,21.0,22.0,21.0,21.0,21.0,22.0,22.0,23.0,20.0,22.0,23.0,21.0,10.0,retract,7,7,2.7553
1787153763.3733,2026-08-19 17:36:03.373,10,c3,0,0,-0.03811,-0.49681,0.04741,-4.1357,10.0695,-25.1155,-0.0714,0.0119,-0.3521,4.69735,21.0,23.0,22.0,22.0,24.0,26.0,24.0,24.0,22.0,23.0,25.0,23.0,24.0,24.0,23.0,24.0,23.0,25.0,24.0,21.0,22.0,21.0,21.0,22.0,21.0,22.0,21.0,22.0,21.0,21.0,21.0,22.0,22.0,23.0,20.0,22.0,23.0,21.0,10.0,retract,7,7,2.6925
1787153763.4235,2026-08-19 17:36:03.423,10,c3,0,0,-0.03814,-0.49682,0.04774,-3.9699,10.2071,-25.0433,-0.0765,0.0189,-0.3461,4.69659,24.0,22.0,22.0,21.0,24.0,25.0,23.0,24.0,21.0,23.0,25.0,24.0,23.0,25.0,23.0,23.0,24.0,23.0,22.0,21.0,22.0,21.0,21.0,22.0,21.0,22.0,21.0,22.0,21.0,21.0,21.0,22.0,22.0,23.0,20.0,22.0,23.0,21.0,10.0,retract,7,7,2.6993
1787153763.4736,2026-08-19 17:36:03.473,10,c3,0,0,-0.03814,-0.49681,0.04807,-4.3044,10.3117,-25.2309,-0.0753,0.0077,-0.3531,4.69256,24.0,22.0,22.0,21.0,24.0,25.0,23.0,24.0,21.0,23.0,25.0,24.0,23.0,25.0,23.0,23.0,24.0,23.0,22.0,21.0,22.0,21.0,21.0,22.0,21.0,22.0,21.0,22.0,21.0,21.0,21.0,22.0,22.0,23.0,20.0,22.0,23.0,21.0,10.0,retract,7,7,2.7351
1787153763.5238,2026-08-19 17:36:03.523,10,c3,0,0,-0.03814,-0.49679,0.04837,-4.0342,9.9159,-25.2008,-0.0664,0.0175,-0.3466,4.69055,21.0,22.0,23.0,20.0,23.0,26.0,24.0,24.0,23.0,22.0,24.0,24.0,25.0,23.0,23.0,24.0,22.0,23.0,23.0,21.0,22.0,21.0,21.0,22.0,21.0,22.0,21.0,22.0,21.0,21.0,21.0,22.0,22.0,23.0,20.0,22.0,23.0,21.0,10.0,retract,7,7,2.753
1787153763.5739,2026-08-19 17:36:03.573,10,c3,0,0,-0.03812,-0.49678,0.04862,-4.094,10.0189,-25.1108,-0.0701,0.0135,-0.348,4.69256,21.0,22.0,23.0,20.0,23.0,26.0,24.0,24.0,23.0,22.0,24.0,24.0,25.0,23.0,23.0,24.0,22.0,23.0,23.0,21.0,22.0,21.0,21.0,22.0,21.0,22.0,21.0,22.0,21.0,21.0,21.0,22.0,22.0,23.0,20.0,22.0,23.0,21.0,10.0,retract,7,7,2.7351
1787153763.624,2026-08-19 17:36:03.624,10,c3,0,0,-0.03812,-0.49678,0.04887,-4.1612,10.2842,-25.0967,-0.0781,0.0152,-0.3523,4.69181,23.0,22.0,22.0,21.0,23.0,23.0,23.0,24.0,22.0,22.0,23.0,23.0,23.0,24.0,22.0,23.0,22.0,22.0,25.0,21.0,22.0,21.0,21.0,22.0,21.0,22.0,21.0,22.0,21.0,21.0,21.0,22.0,22.0,23.0,20.0,22.0,23.0,21.0,10.0,retract,7,7,2.7418
1787153763.6741,2026-08-19 17:36:03.674,10,c3,0,0,-0.03813,-0.49679,0.04911,-4.0954,10.1951,-25.1963,-0.0764,0.0126,-0.3507,4.69684,23.0,22.0,22.0,21.0,23.0,23.0,23.0,24.0,22.0,22.0,23.0,23.0,23.0,24.0,22.0,23.0,22.0,22.0,25.0,21.0,22.0,21.0,21.0,22.0,21.0,22.0,21.0,22.0,21.0,21.0,21.0,22.0,22.0,23.0,20.0,22.0,23.0,21.0,10.0,retract,7,7,2.697
1787153763.7242,2026-08-19 17:36:03.724,10,c3,0,0,-0.03812,-0.49678,0.04928,-4.3457,10.3579,-25.1073,-0.0801,0.0077,-0.356,4.68979,22.0,21.0,21.0,22.0,23.0,25.0,24.0,23.0,25.0,23.0,24.0,23.0,25.0,25.0,23.0,23.0,24.0,23.0,23.0,21.0,22.0,21.0,21.0,22.0,21.0,22.0,21.0,22.0,21.0,21.0,21.0,22.0,22.0,23.0,20.0,22.0,23.0,21.0,10.0,retract,7,7,2.7597
1787153763.7743,2026-08-19 17:36:03.774,10,c3,0,0,-0.03814,-0.49683,0.04943,-4.3473,10.5624,-24.968,-0.0844,0.0069,-0.3581,4.69407,23.0,25.0,22.0,20.0,25.0,25.0,23.0,22.0,22.0,22.0,26.0,22.0,24.0,23.0,23.0,22.0,22.0,25.0,24.0,21.0,22.0,21.0,21.0,22.0,21.0,22.0,21.0,22.0,21.0,21.0,21.0,22.0,22.0,23.0,20.0,22.0,23.0,21.0,10.0,retract,7,7,2.7217
1787153763.8245,2026-08-19 17:36:03.824,10,c3,0,0,-0.03814,-0.49684,0.04953,-3.8741,10.0456,-25.3335,-0.0698,0.019,-0.3487,4.6981,23.0,25.0,22.0,20.0,25.0,25.0,23.0,22.0,22.0,22.0,26.0,22.0,24.0,23.0,23.0,22.0,22.0,25.0,24.0,21.0,22.0,21.0,21.0,22.0,21.0,22.0,21.0,22.0,21.0,21.0,21.0,22.0,22.0,23.0,20.0,22.0,23.0,21.0,10.0,retract,7,7,2.6858
1787153763.8746,2026-08-19 17:36:03.874,10,c3,0,0,-0.03815,-0.49682,0.04957,-4.2448,10.2563,-25.1619,-0.0734,0.011,-0.3512,4.69785,24.0,22.0,22.0,20.0,23.0,24.0,26.0,24.0,22.0,22.0,25.0,23.0,24.0,24.0,23.0,24.0,24.0,22.0,25.0,21.0,22.0,21.0,21.0,22.0,21.0,22.0,21.0,22.0,21.0,21.0,21.0,22.0,22.0,23.0,20.0,22.0,23.0,21.0,10.0,retract,7,7,2.6881
1787153763.9247,2026-08-19 17:36:03.924,10,c3,0,0,-0.03814,-0.49682,0.04964,-4.179,10.1453,-25.0356,-0.0744,0.0134,-0.3555,4.68576,24.0,22.0,22.0,20.0,23.0,24.0,26.0,24.0,22.0,22.0,25.0,23.0,24.0,24.0,23.0,24.0,24.0,22.0,25.0,21.0,22.0,21.0,21.0,22.0,21.0,22.0,21.0,22.0,21.0,21.0,21.0,22.0,22.0,23.0,20.0,22.0,23.0,21.0,10.0,retract,7,7,2.7956
1787153763.9748,2026-08-19 17:36:03.974,10,c3,0,0,-0.03815,-0.49681,0.04966,-4.2203,9.751,-25.0916,-0.0599,0.0112,-0.3541,4.68652,24.0,22.0,22.0,21.0,22.0,23.0,22.0,22.0,22.0,22.0,24.0,20.0,23.0,23.0,22.0,22.0,23.0,22.0,22.0,21.0,22.0,21.0,21.0,22.0,21.0,22.0,21.0,22.0,21.0,21.0,21.0,22.0,22.0,23.0,20.0,22.0,23.0,21.0,10.0,post,7,7,2.7889
1787153764.0249,2026-08-19 17:36:04.024,10,c3,0,0,-0.03812,-0.49683,0.0497,-4.0769,10.0201,-25.0875,-0.0688,0.0143,-0.3552,4.68576,23.0,22.0,21.0,21.0,23.0,22.0,21.0,25.0,22.0,23.0,25.0,24.0,24.0,23.0,23.0,24.0,23.0,24.0,24.0,21.0,22.0,21.0,21.0,22.0,21.0,22.0,21.0,22.0,21.0,21.0,21.0,22.0,22.0,23.0,20.0,22.0,23.0,21.0,10.0,post,7,7,2.7956
1787153764.075,2026-08-19 17:36:04.075,10,c3,0,0,-0.03814,-0.49682,0.04971,-4.3483,10.6143,-24.9481,-0.0844,0.0064,-0.3534,4.69004,23.0,22.0,21.0,21.0,23.0,22.0,21.0,25.0,22.0,23.0,25.0,24.0,24.0,23.0,23.0,24.0,23.0,24.0,24.0,21.0,22.0,21.0,21.0,22.0,21.0,22.0,21.0,22.0,21.0,21.0,21.0,22.0,22.0,23.0,20.0,22.0,23.0,21.0,10.0,post,7,7,2.7575
1787153764.1251,2026-08-19 17:36:04.125,10,c3,0,0,-0.03813,-0.49682,0.04971,-4.1748,9.9826,-25.161,-0.0703,0.0154,-0.3514,4.68677,23.0,22.0,21.0,22.0,23.0,24.0,23.0,22.0,22.0,22.0,24.0,22.0,25.0,23.0,23.0,23.0,23.0,23.0,23.0,21.0,22.0,21.0,21.0,22.0,21.0,22.0,21.0,22.0,21.0,21.0,21.0,22.0,22.0,23.0,20.0,22.0,23.0,21.0,10.0,post,7,7,2.7866
1787153764.1752,2026-08-19 17:36:04.175,10,c3,0,0,-0.03814,-0.49681,0.04971,-4.1461,10.2197,-25.2486,-0.0723,0.0115,-0.3456,4.69684,23.0,22.0,21.0,22.0,23.0,24.0,23.0,22.0,22.0,22.0,24.0,22.0,25.0,23.0,23.0,23.0,23.0,23.0,23.0,21.0,22.0,21.0,21.0,22.0,21.0,22.0,21.0,22.0,21.0,21.0,21.0,22.0,22.0,23.0,20.0,22.0,23.0,21.0,10.0,post,7,7,2.697
1787153764.2253,2026-08-19 17:36:04.225,10,c3,0,0,-0.03815,-0.49683,0.04973,-3.9975,10.351,-25.1655,-0.0758,0.0174,-0.3517,4.69055,22.0,22.0,20.0,20.0,22.0,24.0,24.0,24.0,20.0,23.0,23.0,24.0,21.0,24.0,21.0,24.0,23.0,22.0,24.0,21.0,22.0,21.0,21.0,22.0,21.0,22.0,21.0,22.0,21.0,21.0,21.0,22.0,22.0,23.0,20.0,22.0,23.0,21.0,10.0,post,7,7,2.753
1787153764.2754,2026-08-19 17:36:04.275,10,c3,0,0,-0.03813,-0.49681,0.04971,-3.9204,10.2239,-25.3896,-0.075,0.0191,-0.3474,4.6981,22.0,21.0,20.0,21.0,22.0,23.0,23.0,22.0,23.0,21.0,23.0,20.0,24.0,21.0,22.0,23.0,21.0,23.0,23.0,21.0,22.0,21.0,21.0,22.0,21.0,22.0,21.0,22.0,21.0,21.0,21.0,22.0,22.0,23.0,20.0,22.0,23.0,21.0,10.0,post,7,7,2.6858
1787153764.3255,2026-08-19 17:36:04.325,10,c3,0,0,-0.03815,-0.49681,0.04971,-4.241,10.3838,-25.4187,-0.0826,0.0092,-0.3515,4.68274,22.0,21.0,20.0,21.0,22.0,23.0,23.0,22.0,23.0,21.0,23.0,20.0,24.0,21.0,22.0,23.0,21.0,23.0,23.0,21.0,22.0,21.0,21.0,22.0,21.0,22.0,21.0,22.0,21.0,21.0,21.0,22.0,22.0,23.0,20.0,22.0,23.0,21.0,10.0,post,7,7,2.8225
1787153764.3756,2026-08-19 17:36:04.375,10,c3,0,0,-0.03814,-0.49682,0.04972,-4.1099,10.1371,-25.2554,-0.0725,0.0129,-0.3488,4.69256,21.0,23.0,20.0,20.0,22.0,22.0,24.0,23.0,22.0,22.0,24.0,22.0,25.0,21.0,23.0,22.0,22.0,21.0,23.0,21.0,22.0,21.0,21.0,22.0,21.0,22.0,21.0,22.0,21.0,21.0,21.0,22.0,22.0,23.0,20.0,22.0,23.0,21.0,10.0,post,7,7,2.7351
1787153764.4257,2026-08-19 17:36:04.425,10,c3,0,0,-0.03814,-0.49684,0.04974,-4.1825,10.1868,-25.0642,-0.0723,0.0114,-0.3513,4.69382,21.0,23.0,20.0,20.0,22.0,22.0,24.0,23.0,22.0,22.0,24.0,22.0,25.0,21.0,23.0,22.0,22.0,21.0,23.0,21.0,22.0,21.0,21.0,22.0,21.0,22.0,21.0,22.0,21.0,21.0,21.0,22.0,22.0,23.0,20.0,22.0,23.0,21.0,10.0,post,7,7,2.7239
1787153764.4758,2026-08-19 17:36:04.475,10,c3,0,0,-0.03814,-0.49681,0.0497,-3.9792,10.3288,-25.1315,-0.079,0.0162,-0.3492,4.69256,21.0,25.0,22.0,21.0,24.0,23.0,23.0,23.0,22.0,22.0,25.0,22.0,22.0,23.0,23.0,24.0,23.0,24.0,24.0,21.0,22.0,21.0,21.0,22.0,21.0,22.0,21.0,22.0,21.0,21.0,21.0,22.0,22.0,23.0,20.0,22.0,23.0,21.0,10.0,post,7,7,2.7351
1787153764.5259,2026-08-19 17:36:04.525,10,c3,0,0,-0.03814,-0.49682,0.04971,-4.1579,9.928,-25.3801,-0.0685,0.0138,-0.3482,4.68904,23.0,22.0,21.0,22.0,22.0,24.0,23.0,23.0,23.0,22.0,26.0,23.0,24.0,25.0,24.0,23.0,22.0,24.0,23.0,21.0,22.0,21.0,21.0,22.0,21.0,22.0,21.0,22.0,21.0,21.0,21.0,22.0,22.0,23.0,20.0,22.0,23.0,21.0,10.0,post,7,7,2.7665
1787153764.576,2026-08-19 17:36:04.576,10,c3,0,0,-0.03815,-0.49682,0.04972,-4.1293,9.947,-25.4275,-0.0681,0.0131,-0.3545,4.69206,23.0,22.0,21.0,22.0,22.0,24.0,23.0,23.0,23.0,22.0,26.0,23.0,24.0,25.0,24.0,23.0,22.0,24.0,23.0,21.0,22.0,21.0,21.0,22.0,21.0,22.0,21.0,22.0,21.0,21.0,21.0,22.0,22.0,23.0,20.0,22.0,23.0,21.0,10.0,post,7,7,2.7396
1787153764.6262,2026-08-19 17:36:04.626,10,c3,0,0,-0.03814,-0.49681,0.04971,-4.2328,9.8565,-25.4626,-0.0663,0.0101,-0.3545,4.69357,22.0,23.0,22.0,20.0,24.0,23.0,24.0,24.0,22.0,21.0,25.0,23.0,23.0,22.0,23.0,24.0,23.0,24.0,24.0,21.0,22.0,21.0,21.0,22.0,21.0,22.0,21.0,22.0,21.0,21.0,21.0,22.0,22.0,23.0,20.0,22.0,23.0,21.0,10.0,post,7,7,2.7261
1787153764.6763,2026-08-19 17:36:04.676,10,c3,0,0,-0.03813,-0.49682,0.04972,-3.9675,10.1831,-25.3947,-0.0757,0.0175,-0.3572,4.69583,22.0,23.0,22.0,20.0,24.0,23.0,24.0,24.0,22.0,21.0,25.0,23.0,23.0,22.0,23.0,24.0,23.0,24.0,24.0,21.0,22.0,21.0,21.0,22.0,21.0,22.0,21.0,22.0,21.0,21.0,21.0,22.0,22.0,23.0,20.0,22.0,23.0,21.0,10.0,post,7,7,2.706
1787153764.7265,2026-08-19 17:36:04.726,10,c3,0,0,-0.03815,-0.49682,0.04972,-4.3942,10.4429,-25.3244,-0.0799,0.0088,-0.3538,4.69181,24.0,23.0,21.0,23.0,23.0,23.0,25.0,23.0,23.0,22.0,24.0,23.0,25.0,23.0,21.0,24.0,23.0,22.0,23.0,21.0,22.0,21.0,21.0,22.0,21.0,22.0,21.0,22.0,21.0,21.0,21.0,22.0,22.0,23.0,20.0,22.0,23.0,21.0,10.0,post,7,7,2.7418
1787153764.7766,2026-08-19 17:36:04.776,10,c3,0,0,-0.03815,-0.49681,0.04971,-4.0874,10.5303,-25.1814,-0.08,0.0135,-0.3505,4.69332,24.0,23.0,21.0,23.0,23.0,23.0,25.0,23.0,23.0,22.0,24.0,23.0,25.0,23.0,21.0,24.0,23.0,22.0,23.0,21.0,22.0,21.0,21.0,22.0,21.0,22.0,21.0,22.0,21.0,21.0,21.0,22.0,22.0,23.0,20.0,22.0,23.0,21.0,10.0,post,7,7,2.7284
1787153764.8268,2026-08-19 17:36:04.826,10,c3,0,0,-0.03816,-0.49681,0.04971,-4.0594,10.1317,-25.1239,-0.0736,0.0164,-0.3518,4.68249,23.0,23.0,22.0,22.0,23.0,22.0,23.0,23.0,23.0,23.0,23.0,23.0,25.0,24.0,22.0,24.0,23.0,22.0,22.0,21.0,22.0,21.0,21.0,22.0,21.0,22.0,21.0,22.0,21.0,21.0,21.0,22.0,22.0,23.0,20.0,22.0,23.0,21.0,10.0,post,7,7,2.8247
1787153764.8769,2026-08-19 17:36:04.876,10,c3,0,0,-0.03814,-0.4968,0.04971,-4.1385,10.256,-25.222,-0.0764,0.0134,-0.3501,4.68551,23.0,23.0,21.0,21.0,25.0,23.0,23.0,25.0,22.0,23.0,21.0,23.0,23.0,24.0,21.0,23.0,23.0,21.0,23.0,21.0,22.0,21.0,21.0,22.0,21.0,22.0,21.0,22.0,21.0,21.0,21.0,22.0,22.0,23.0,20.0,22.0,23.0,21.0,10.0,post,7,7,2.7978
1787153764.927,2026-08-19 17:36:04.926,10,c3,0,0,-0.03815,-0.49681,0.04971,-3.981,10.2949,-25.1707,-0.0764,0.0152,-0.3505,4.68753,23.0,23.0,21.0,21.0,25.0,23.0,23.0,25.0,22.0,23.0,21.0,23.0,23.0,24.0,21.0,23.0,23.0,21.0,23.0,21.0,22.0,21.0,21.0,22.0,21.0,22.0,21.0,22.0,21.0,21.0,21.0,22.0,22.0,23.0,20.0,22.0,23.0,21.0,10.0,post,7,7,2.7799
1787153764.9771,2026-08-19 17:36:04.977,10,c3,0,0,-0.03812,-0.49682,0.04972,-4.0039,9.8917,-25.5652,-0.0699,0.0181,-0.3566,4.69583,24.0,22.0,22.0,21.0,23.0,23.0,21.0,23.0,23.0,23.0,27.0,23.0,24.0,24.0,23.0,24.0,25.0,25.0,24.0,21.0,22.0,21.0,21.0,22.0,21.0,22.0,21.0,22.0,21.0,21.0,21.0,22.0,22.0,23.0,20.0,22.0,23.0,21.0,10.0,post,7,7,2.706
1787153765.0272,2026-08-19 17:36:05.027,10,c3,0,0,-0.03815,-0.49682,0.04972,-3.7008,9.9007,-25.2479,-0.0666,0.0246,-0.3523,4.6908,24.0,22.0,22.0,21.0,23.0,23.0,21.0,23.0,23.0,23.0,27.0,23.0,24.0,24.0,23.0,24.0,25.0,25.0,24.0,21.0,22.0,21.0,21.0,22.0,21.0,22.0,21.0,22.0,21.0,21.0,21.0,22.0,22.0,23.0,20.0,22.0,23.0,21.0,10.0,post,7,7,2.7508
1787153765.0773,2026-08-19 17:36:05.077,10,c3,0,0,-0.03813,-0.49683,0.04971,-4.2451,10.8974,-25.1451,-0.0919,0.0148,-0.3537,4.69583,24.0,21.0,22.0,24.0,23.0,23.0,24.0,24.0,24.0,22.0,24.0,22.0,24.0,23.0,23.0,24.0,22.0,22.0,23.0,21.0,22.0,21.0,21.0,22.0,21.0,22.0,21.0,22.0,21.0,21.0,21.0,22.0,22.0,23.0,20.0,22.0,23.0,21.0,10.0,post,7,7,2.706
1787153765.1274,2026-08-19 17:36:05.127,10,c3,0,0,-0.03813,-0.49682,0.04972,-4.4793,10.6424,-25.0774,-0.0854,0.0059,-0.3555,4.68853,22.0,22.0,21.0,21.0,24.0,22.0,23.0,24.0,23.0,21.0,26.0,23.0,24.0,22.0,22.0,25.0,22.0,22.0,24.0,21.0,22.0,21.0,21.0,22.0,21.0,22.0,21.0,22.0,21.0,21.0,21.0,22.0,22.0,23.0,20.0,22.0,23.0,21.0,10.0,post,7,7,2.7709
1787153765.1775,2026-08-19 17:36:05.177,10,c3,0,0,-0.03813,-0.49681,0.04971,-3.825,10.0619,-25.257,-0.0719,0.0215,-0.3461,4.69609,22.0,22.0,21.0,21.0,24.0,22.0,23.0,24.0,23.0,21.0,26.0,23.0,24.0,22.0,22.0,25.0,22.0,22.0,24.0,21.0,22.0,21.0,21.0,22.0,21.0,22.0,21.0,22.0,21.0,21.0,21.0,22.0,22.0,23.0,20.0,22.0,23.0,21.0,10.0,post,7,7,2.7037
1787153765.2277,2026-08-19 17:36:05.227,10,c3,0,0,-0.03814,-0.49683,0.04972,-4.1612,10.4048,-25.179,-0.0775,0.0123,-0.3538,4.68652,23.0,21.0,22.0,22.0,24.0,23.0,24.0,23.0,23.0,23.0,23.0,21.0,23.0,24.0,23.0,23.0,23.0,21.0,24.0,21.0,22.0,21.0,21.0,22.0,21.0,22.0,21.0,22.0,21.0,21.0,21.0,22.0,22.0,23.0,20.0,22.0,23.0,21.0,10.0,post,7,7,2.7889
1787153765.2778,2026-08-19 17:36:05.277,10,c3,0,0,-0.03813,-0.49681,0.04971,-4.2417,10.3495,-25.1811,-0.0755,0.0127,-0.3522,4.69004,23.0,21.0,22.0,22.0,24.0,23.0,24.0,23.0,23.0,23.0,23.0,21.0,23.0,24.0,23.0,23.0,23.0,21.0,24.0,21.0,22.0,21.0,21.0,22.0,21.0,22.0,21.0,22.0,21.0,21.0,21.0,22.0,22.0,23.0,20.0,22.0,23.0,21.0,10.0,post,7,7,2.7575
1787153765.3279,2026-08-19 17:36:05.327,10,c3,0,0,-0.03815,-0.49682,0.04971,-4.1027,10.1244,-25.3684,-0.0724,0.0167,-0.3475,4.68954,22.0,23.0,23.0,21.0,22.0,23.0,23.0,24.0,24.0,23.0,27.0,23.0,25.0,25.0,22.0,24.0,25.0,25.0,22.0,21.0,22.0,21.0,21.0,22.0,21.0,22.0,21.0,22.0,21.0,21.0,21.0,22.0,22.0,23.0,20.0,22.0,23.0,21.0,10.0,post,7,7,2.762
1787153765.378,2026-08-19 17:36:05.378,10,c3,0,0,-0.03813,-0.49681,0.04971,-4.1156,10.2504,-25.4541,-0.0779,0.0135,-0.3482,4.68476,24.0,24.0,22.0,21.0,24.0,22.0,25.0,23.0,23.0,21.0,25.0,22.0,24.0,24.0,24.0,23.0,22.0,25.0,23.0,21.0,22.0,21.0,21.0,22.0,21.0,22.0,21.0,22.0,21.0,21.0,21.0,22.0,22.0,23.0,20.0,22.0,23.0,21.0,10.0,post,7,7,2.8045
1787153765.4281,2026-08-19 17:36:05.428,10,c3,0,0,-0.03813,-0.4968,0.0497,-4.1433,10.3605,-25.2472,-0.0774,0.0116,-0.3523,4.69483,24.0,24.0,22.0,21.0,24.0,22.0,25.0,23.0,23.0,21.0,25.0,22.0,24.0,24.0,24.0,23.0,22.0,25.0,23.0,21.0,22.0,21.0,21.0,22.0,21.0,22.0,21.0,22.0,21.0,21.0,21.0,22.0,22.0,23.0,20.0,22.0,23.0,21.0,10.0,post,7,7,2.7149
1787153765.4782,2026-08-19 17:36:05.478,10,c3,0,0,-0.03815,-0.49681,0.04972,-3.9374,10.2894,-25.1853,-0.077,0.022,-0.3553,4.69155,22.0,24.0,20.0,21.0,24.0,21.0,24.0,24.0,22.0,21.0,26.0,23.0,24.0,22.0,23.0,23.0,21.0,24.0,22.0,21.0,22.0,21.0,21.0,22.0,21.0,22.0,21.0,22.0,21.0,21.0,21.0,22.0,22.0,23.0,20.0,22.0,23.0,21.0,10.0,post,7,7,2.7441
1787153765.5284,2026-08-19 17:36:05.528,10,c3,0,0,-0.03812,-0.49681,0.04971,-3.9462,10.1225,-25.2549,-0.07,0.0199,-0.3526,4.69508,22.0,24.0,20.0,21.0,24.0,21.0,24.0,24.0,22.0,21.0,26.0,23.0,24.0,22.0,23.0,23.0,21.0,24.0,22.0,21.0,22.0,21.0,21.0,22.0,21.0,22.0,21.0,22.0,21.0,21.0,21.0,22.0,22.0,23.0,20.0,22.0,23.0,21.0,10.0,post,7,7,2.7127
1787153765.5785,2026-08-19 17:36:05.578,10,c3,0,0,-0.03814,-0.49683,0.04972,-4.0566,10.3663,-25.3076,-0.079,0.016,-0.3499,4.68929,22.0,23.0,20.0,19.0,24.0,22.0,24.0,24.0,22.0,20.0,23.0,23.0,24.0,23.0,23.0,24.0,23.0,23.0,23.0,21.0,22.0,21.0,21.0,22.0,21.0,22.0,21.0,22.0,21.0,21.0,21.0,22.0,22.0,23.0,20.0,22.0,23.0,21.0,10.0,post,7,7,2.7642
1787153765.6286,2026-08-19 17:36:05.628,10,c3,0,0,-0.03814,-0.49682,0.04971,-4.0342,10.3988,-25.3139,-0.0783,0.0121,-0.3552,4.6908,22.0,23.0,20.0,19.0,24.0,22.0,24.0,24.0,22.0,20.0,23.0,23.0,24.0,23.0,23.0,24.0,23.0,23.0,23.0,21.0,22.0,21.0,21.0,22.0,21.0,22.0,21.0,22.0,21.0,21.0,21.0,22.0,22.0,23.0,20.0,22.0,23.0,21.0,10.0,post,7,7,2.7508
1787153765.6788,2026-08-19 17:36:05.678,10,c3,0,0,-0.03814,-0.49681,0.04971,-4.0507,10.0832,-25.2457,-0.0691,0.0201,-0.3563,4.68979,22.0,22.0,22.0,22.0,23.0,23.0,23.0,24.0,23.0,21.0,26.0,24.0,24.0,21.0,24.0,24.0,21.0,24.0,21.0,21.0,22.0,21.0,21.0,22.0,21.0,22.0,21.0,22.0,21.0,21.0,21.0,22.0,22.0,23.0,20.0,22.0,23.0,21.0,10.0,post,7,7,2.7597
1787153765.7289,2026-08-19 17:36:05.728,10,c3,0,0,-0.03815,-0.49681,0.04972,-4.1921,10.3205,-25.3337,-0.078,0.0142,-0.3539,4.69634,22.0,24.0,21.0,22.0,24.0,22.0,25.0,25.0,23.0,21.0,23.0,24.0,24.0,21.0,23.0,24.0,20.0,23.0,24.0,21.0,22.0,21.0,21.0,22.0,21.0,22.0,21.0,22.0,21.0,21.0,21.0,22.0,22.0,23.0,20.0,22.0,23.0,21.0,10.0,post,7,7,2.7015
1787153765.779,2026-08-19 17:36:05.778,10,c3,0,0,-0.03813,-0.49681,0.04971,-3.8117,10.1838,-25.5565,-0.0725,0.0216,-0.3467,4.69231,22.0,24.0,21.0,22.0,24.0,22.0,25.0,25.0,23.0,21.0,23.0,24.0,24.0,21.0,23.0,24.0,20.0,23.0,24.0,21.0,22.0,21.0,21.0,22.0,21.0,22.0,21.0,22.0,21.0,21.0,21.0,22.0,22.0,23.0,20.0,22.0,23.0,21.0,10.0,post,7,7,2.7373
1787153765.8291,2026-08-19 17:36:05.829,10,c3,0,0,-0.03813,-0.4968,0.0497,-3.8418,10.1627,-25.5244,-0.0726,0.0225,-0.3499,4.68702,21.0,22.0,21.0,22.0,23.0,22.0,23.0,23.0,22.0,22.0,27.0,23.0,24.0,23.0,26.0,25.0,23.0,23.0,25.0,21.0,22.0,21.0,21.0,22.0,21.0,22.0,21.0,22.0,21.0,21.0,21.0,22.0,22.0,23.0,20.0,22.0,23.0,21.0,10.0,post,7,7,2.7844
1787153765.8792,2026-08-19 17:36:05.879,10,c3,0,0,-0.03814,-0.49682,0.04972,-4.2937,10.3317,-25.3191,-0.0774,0.0113,-0.3486,4.69583,21.0,22.0,21.0,22.0,23.0,22.0,23.0,23.0,22.0,22.0,27.0,23.0,24.0,23.0,26.0,25.0,23.0,23.0,25.0,21.0,22.0,21.0,21.0,22.0,21.0,22.0,21.0,22.0,21.0,21.0,21.0,22.0,22.0,23.0,20.0,22.0,23.0,21.0,10.0,post,7,7,2.706
1787153765.9293,2026-08-19 17:36:05.929,10,c3,0,0,-0.03811,-0.49681,0.0497,-4.0648,10.057,-25.4104,-0.0681,0.0164,-0.3497,4.69609,23.0,22.0,22.0,22.0,23.0,23.0,26.0,22.0,22.0,23.0,24.0,21.0,23.0,23.0,24.0,22.0,22.0,24.0,24.0,21.0,22.0,21.0,21.0,22.0,21.0,22.0,21.0,22.0,21.0,21.0,21.0,22.0,22.0,23.0,20.0,22.0,23.0,21.0,10.0,post,7,7,2.7037
1787153765.9794,2026-08-19 17:36:05.979,10,c3,0,0,-0.03813,-0.49682,0.0497,-4.0233,9.895,-25.531,-0.0662,0.018,-0.344,4.68803,21.0,23.0,21.0,19.0,23.0,23.0,26.0,24.0,22.0,21.0,24.0,22.0,24.0,22.0,23.0,25.0,22.0,23.0,22.0,21.0,22.0,21.0,21.0,22.0,21.0,22.0,21.0,22.0,21.0,21.0,21.0,22.0,22.0,23.0,20.0,22.0,23.0,21.0,10.0,locate,8,8,2.7754
1787153766.0295,2026-08-19 17:36:06.029,10,c3,0,0,-0.03815,-0.49682,0.0497,-4.0479,9.9538,-25.5405,-0.0669,0.0136,-0.353,4.69785,21.0,23.0,21.0,19.0,23.0,23.0,26.0,24.0,22.0,21.0,24.0,22.0,24.0,22.0,23.0,25.0,22.0,23.0,22.0,21.0,22.0,21.0,21.0,22.0,21.0,22.0,21.0,22.0,21.0,21.0,21.0,22.0,22.0,23.0,20.0,22.0,23.0,21.0,10.0,locate,8,8,2.6881
1787153766.0797,2026-08-19 17:36:06.079,10,c3,0,0,-0.03815,-0.49681,0.04971,-3.9348,10.2786,-25.146,-0.0762,0.0197,-0.3536,4.69055,22.0,23.0,20.0,22.0,24.0,21.0,25.0,24.0,22.0,23.0,25.0,23.0,24.0,24.0,22.0,24.0,24.0,23.0,22.0,21.0,22.0,21.0,21.0,22.0,21.0,22.0,21.0,22.0,21.0,21.0,21.0,22.0,22.0,23.0,20.0,22.0,23.0,21.0,10.0,locate,8,8,2.753
1787153766.1298,2026-08-19 17:36:06.129,10,c3,0,0,-0.03812,-0.49682,0.04971,-3.8117,10.2134,-25.3828,-0.0727,0.0217,-0.3512,4.69583,22.0,23.0,20.0,22.0,24.0,21.0,25.0,24.0,22.0,23.0,25.0,23.0,24.0,24.0,22.0,24.0,24.0,23.0,22.0,21.0,22.0,21.0,21.0,22.0,21.0,22.0,21.0,22.0,21.0,21.0,21.0,22.0,22.0,23.0,20.0,22.0,23.0,21.0,10.0,locate,8,8,2.706
1787153766.18,2026-08-19 17:36:06.179,10,c3,0,0,-0.03814,-0.49681,0.0497,-3.9545,10.0142,-25.3531,-0.073,0.019,-0.3525,4.69382,24.0,23.0,22.0,21.0,23.0,23.0,24.0,24.0,23.0,22.0,24.0,22.0,24.0,22.0,21.0,23.0,22.0,23.0,23.0,21.0,22.0,21.0,21.0,22.0,21.0,22.0,21.0,22.0,21.0,21.0,21.0,22.0,22.0,23.0,20.0,22.0,23.0,21.0,10.0,locate,8,8,2.7239
1787153766.2301,2026-08-19 17:36:06.230,10,c3,0,0,-0.03812,-0.49681,0.04971,-4.029,9.8783,-25.1906,-0.0666,0.016,-0.3504,4.68627,21.0,23.0,23.0,21.0,23.0,23.0,23.0,24.0,23.0,23.0,26.0,23.0,24.0,22.0,24.0,23.0,23.0,24.0,23.0,21.0,22.0,21.0,21.0,22.0,21.0,22.0,21.0,22.0,21.0,21.0,21.0,22.0,22.0,23.0,20.0,22.0,23.0,21.0,10.0,locate,8,8,2.7911
1787153766.2802,2026-08-19 17:36:06.280,10,c3,0,0,-0.03814,-0.49681,0.04971,-4.1405,10.1502,-25.2647,-0.0778,0.0145,-0.3564,4.70037,21.0,23.0,23.0,21.0,23.0,23.0,23.0,24.0,23.0,23.0,26.0,23.0,24.0,22.0,24.0,23.0,23.0,24.0,23.0,21.0,22.0,21.0,21.0,22.0,21.0,22.0,21.0,22.0,21.0,21.0,21.0,22.0,22.0,23.0,20.0,22.0,23.0,21.0,10.0,locate,8,8,2.6657
1787153766.3303,2026-08-19 17:36:06.330,10,c3,0,0,-0.03814,-0.49681,0.0497,-4.087,10.2383,-25.3346,-0.0775,0.0172,-0.3506,4.68828,22.0,22.0,22.0,21.0,23.0,23.0,24.0,23.0,23.0,22.0,24.0,21.0,23.0,22.0,21.0,23.0,24.0,24.0,24.0,21.0,22.0,21.0,21.0,22.0,21.0,22.0,21.0,22.0,21.0,21.0,21.0,22.0,22.0,23.0,20.0,22.0,23.0,21.0,10.0,locate,8,8,2.7732
1787153766.3804,2026-08-19 17:36:06.380,10,c3,0,0,-0.03812,-0.49681,0.04971,-3.8331,9.7372,-25.4442,-0.066,0.0202,-0.3473,4.69659,22.0,22.0,22.0,21.0,23.0,23.0,24.0,23.0,23.0,22.0,24.0,21.0,23.0,22.0,21.0,23.0,24.0,24.0,24.0,21.0,22.0,21.0,21.0,22.0,21.0,22.0,21.0,22.0,21.0,21.0,21.0,22.0,22.0,23.0,20.0,22.0,23.0,21.0,10.0,locate,8,8,2.6993
1787153766.4306,2026-08-19 17:36:06.430,10,c3,0,0,-0.03813,-0.49681,0.04971,-3.7307,9.8795,-25.3966,-0.0691,0.0226,-0.3545,4.69055,22.0,23.0,22.0,20.0,22.0,23.0,24.0,24.0,23.0,22.0,25.0,22.0,24.0,22.0,22.0,24.0,21.0,24.0,25.0,21.0,22.0,21.0,21.0,22.0,21.0,22.0,21.0,22.0,21.0,21.0,21.0,22.0,22.0,23.0,20.0,22.0,23.0,21.0,10.0,locate,8,8,2.753
1787153766.4807,2026-08-19 17:36:06.480,10,c3,0,0,-0.03813,-0.49682,0.04972,-4.0804,10.4221,-25.3005,-0.0803,0.0157,-0.3555,4.69533,23.0,24.0,22.0,21.0,24.0,24.0,24.0,22.0,23.0,21.0,23.0,21.0,25.0,21.0,21.0,21.0,21.0,23.0,22.0,21.0,22.0,21.0,21.0,22.0,21.0,22.0,21.0,22.0,21.0,21.0,21.0,22.0,22.0,23.0,20.0,22.0,23.0,21.0,10.0,locate,8,8,2.7105
1787153766.5308,2026-08-19 17:36:06.530,10,c3,0,0,-0.03814,-0.49683,0.04972,-4.1884,9.9798,-25.3015,-0.0689,0.0144,-0.3563,4.6903,23.0,24.0,22.0,21.0,24.0,24.0,24.0,22.0,23.0,21.0,23.0,21.0,25.0,21.0,21.0,21.0,21.0,23.0,22.0,21.0,22.0,21.0,21.0,22.0,21.0,22.0,21.0,22.0,21.0,21.0,21.0,22.0,22.0,23.0,20.0,22.0,23.0,21.0,10.0,locate,8,8,2.7553
1787153766.5809,2026-08-19 17:36:06.580,10,c3,0,0,-0.03815,-0.49682,0.04972,-4.2592,10.407,-25.1789,-0.0783,0.0121,-0.3589,4.69609,20.0,24.0,19.0,19.0,24.0,21.0,23.0,24.0,21.0,21.0,25.0,22.0,24.0,22.0,22.0,25.0,22.0,23.0,25.0,21.0,22.0,21.0,21.0,22.0,21.0,22.0,21.0,22.0,21.0,21.0,21.0,22.0,22.0,23.0,20.0,22.0,23.0,21.0,10.0,locate,8,8,2.7037
1787153766.631,2026-08-19 17:36:06.631,10,c3,0,0,-0.03814,-0.49681,0.04971,-4.3064,10.5491,-25.2212,-0.0878,0.0093,-0.3544,4.69206,20.0,24.0,19.0,19.0,24.0,21.0,23.0,24.0,21.0,21.0,25.0,22.0,24.0,22.0,22.0,25.0,22.0,23.0,25.0,21.0,22.0,21.0,21.0,22.0,21.0,22.0,21.0,22.0,21.0,21.0,21.0,22.0,22.0,23.0,20.0,22.0,23.0,21.0,10.0,locate,8,8,2.7396
1787153766.6811,2026-08-19 17:36:06.681,10,c3,0,0,-0.03815,-0.49681,0.0497,-4.1897,10.113,-25.2675,-0.0711,0.0139,-0.3473,4.69508,23.0,23.0,22.0,23.0,24.0,24.0,24.0,24.0,23.0,22.0,24.0,23.0,24.0,22.0,22.0,22.0,22.0,23.0,23.0,21.0,22.0,21.0,21.0,22.0,21.0,22.0,21.0,22.0,21.0,21.0,21.0,22.0,22.0,23.0,20.0,22.0,23.0,21.0,10.0,locate,8,8,2.7127
1787153766.7313,2026-08-19 17:36:06.731,10,c3,0,0,-0.03813,-0.49681,0.04971,-3.8455,10.0904,-25.3495,-0.0746,0.0198,-0.3495,4.68828,23.0,23.0,22.0,23.0,24.0,24.0,24.0,24.0,23.0,22.0,24.0,23.0,24.0,22.0,22.0,22.0,22.0,23.0,23.0,21.0,22.0,21.0,21.0,22.0,21.0,22.0,21.0,22.0,21.0,21.0,21.0,22.0,22.0,23.0,20.0,22.0,23.0,21.0,10.0,locate,8,8,2.7732
1787153766.7814,2026-08-19 17:36:06.781,10,c3,0,0,-0.03815,-0.49682,0.04972,-4.133,9.9312,-25.2231,-0.0649,0.0138,-0.3528,4.69332,24.0,22.0,21.0,22.0,23.0,22.0,23.0,24.0,22.0,21.0,24.0,22.0,24.0,23.0,23.0,24.0,23.0,23.0,23.0,21.0,22.0,21.0,21.0,22.0,21.0,22.0,21.0,22.0,21.0,21.0,21.0,22.0,22.0,23.0,20.0,22.0,23.0,21.0,10.0,locate,8,8,2.7284
1787153766.8315,2026-08-19 17:36:06.831,10,c3,0,0,-0.03814,-0.49682,0.04971,-4.243,10.1435,-25.134,-0.0765,0.0076,-0.3481,4.68778,22.0,23.0,22.0,22.0,23.0,24.0,24.0,22.0,24.0,20.0,23.0,22.0,25.0,21.0,23.0,23.0,22.0,23.0,22.0,21.0,22.0,21.0,21.0,22.0,21.0,22.0,21.0,22.0,21.0,21.0,21.0,22.0,22.0,23.0,20.0,22.0,23.0,21.0,10.0,locate,8,8,2.7777
1787153766.8817,2026-08-19 17:36:06.881,10,c3,0,0,-0.03815,-0.49683,0.04972,-3.9325,10.0614,-25.3037,-0.0736,0.0158,-0.3445,4.69709,22.0,23.0,22.0,22.0,23.0,24.0,24.0,22.0,24.0,20.0,23.0,22.0,25.0,21.0,23.0,23.0,22.0,23.0,22.0,21.0,22.0,21.0,21.0,22.0,21.0,22.0,21.0,22.0,21.0,21.0,21.0,22.0,22.0,23.0,20.0,22.0,23.0,21.0,10.0,locate,8,8,2.6948
1787153766.9318,2026-08-19 17:36:06.931,10,c3,0,0,-0.03814,-0.49682,0.04972,-3.8879,10.0195,-25.3099,-0.0735,0.0198,-0.358,4.68677,22.0,23.0,19.0,21.0,23.0,22.0,22.0,25.0,22.0,22.0,25.0,24.0,23.0,23.0,21.0,22.0,23.0,22.0,24.0,21.0,22.0,21.0,21.0,22.0,21.0,22.0,21.0,22.0,21.0,21.0,21.0,22.0,22.0,23.0,20.0,22.0,23.0,21.0,10.0,locate,8,8,2.7866
1787153766.9819,2026-08-19 17:36:06.981,10,c3,0,0,-0.03813,-0.49681,0.0497,-4.0029,9.9096,-25.234,-0.0698,0.0185,-0.3501,4.69407,22.0,23.0,19.0,21.0,23.0,22.0,22.0,25.0,22.0,22.0,25.0,24.0,23.0,23.0,21.0,22.0,23.0,22.0,24.0,21.0,22.0,21.0,21.0,22.0,21.0,22.0,21.0,22.0,21.0,21.0,21.0,22.0,22.0,23.0,20.0,22.0,23.0,21.0,10.0,locate,8,8,2.7217
1787153767.032,2026-08-19 17:36:07.032,10,c3,0,0,-0.03814,-0.49682,0.04971,-4.0018,10.0605,-25.32,-0.0733,0.0198,-0.3509,4.68778,24.0,23.0,21.0,22.0,23.0,23.0,23.0,24.0,22.0,21.0,23.0,23.0,24.0,23.0,23.0,24.0,22.0,24.0,22.0,21.0,22.0,21.0,21.0,22.0,21.0,22.0,21.0,22.0,21.0,21.0,21.0,22.0,22.0,23.0,20.0,22.0,23.0,21.0,10.0,locate,8,8,2.7777
1787153767.0822,2026-08-19 17:36:07.082,10,c3,0,0,-0.03812,-0.49681,0.0497,-4.2924,10.1892,-25.0934,-0.0763,0.0097,-0.3587,4.69684,20.0,22.0,22.0,19.0,23.0,23.0,24.0,23.0,22.0,23.0,23.0,22.0,24.0,23.0,23.0,23.0,24.0,22.0,21.0,21.0,22.0,21.0,21.0,22.0,21.0,22.0,21.0,22.0,21.0,21.0,21.0,22.0,22.0,23.0,20.0,22.0,23.0,21.0,10.0,locate,8,8,2.697
1787153767.1323,2026-08-19 17:36:07.132,10,c3,0,0,-0.03813,-0.49681,0.0497,-4.1595,10.5951,-25.3129,-0.0867,0.0122,-0.3487,4.68954,20.0,22.0,22.0,19.0,23.0,23.0,24.0,23.0,22.0,23.0,23.0,22.0,24.0,23.0,23.0,23.0,24.0,22.0,21.0,21.0,22.0,21.0,21.0,22.0,21.0,22.0,21.0,22.0,21.0,21.0,21.0,22.0,22.0,23.0,20.0,22.0,23.0,21.0,10.0,locate,8,8,2.762
1787153767.1825,2026-08-19 17:36:07.182,10,c3,0,0,-0.03815,-0.4968,0.04969,-4.0474,10.1886,-25.551,-0.0724,0.0141,-0.3518,4.68979,23.0,23.0,21.0,22.0,23.0,24.0,21.0,24.0,22.0,24.0,24.0,24.0,23.0,26.0,24.0,24.0,25.0,24.0,25.0,21.0,22.0,21.0,21.0,22.0,21.0,22.0,21.0,22.0,21.0,21.0,21.0,22.0,22.0,23.0,20.0,22.0,23.0,21.0,10.0,locate,8,8,2.7597
1787153767.2326,2026-08-19 17:36:07.232,10,c3,0,0,-0.03813,-0.49681,0.04972,-4.0651,10.0025,-25.4155,-0.0697,0.0151,-0.3497,4.68778,23.0,23.0,21.0,22.0,23.0,24.0,21.0,24.0,22.0,24.0,24.0,24.0,23.0,26.0,24.0,24.0,25.0,24.0,25.0,21.0,22.0,21.0,21.0,22.0,21.0,22.0,21.0,22.0,21.0,21.0,21.0,22.0,22.0,23.0,20.0,22.0,23.0,21.0,10.0,locate,8,8,2.7777
1787153767.2827,2026-08-19 17:36:07.282,10,c3,0,0,-0.03814,-0.49681,0.04971,-4.0745,10.0673,-25.3638,-0.0722,0.0162,-0.3574,4.70062,21.0,23.0,23.0,20.0,24.0,24.0,23.0,23.0,22.0,23.0,25.0,21.0,23.0,25.0,23.0,23.0,24.0,24.0,22.0,21.0,22.0,21.0,21.0,22.0,21.0,22.0,21.0,22.0,21.0,21.0,21.0,22.0,22.0,23.0,20.0,22.0,23.0,21.0,10.0,locate,8,8,2.6634
1787153767.3328,2026-08-19 17:36:07.332,10,c3,0,0,-0.03813,-0.49681,0.04971,-4.3371,9.9952,-25.3268,-0.0698,0.0084,-0.3587,4.68199,21.0,23.0,23.0,20.0,23.0,24.0,23.0,24.0,22.0,23.0,23.0,22.0,24.0,23.0,22.0,25.0,23.0,22.0,24.0,21.0,22.0,21.0,21.0,22.0,21.0,22.0,21.0,22.0,21.0,21.0,21.0,22.0,22.0,23.0,20.0,22.0,23.0,21.0,10.0,locate,8,8,2.8292
1787153767.3829,2026-08-19 17:36:07.382,10,c3,0,0,-0.03816,-0.49682,0.04972,-4.2669,10.3306,-25.2973,-0.0762,0.0112,-0.3509,4.69407,21.0,23.0,23.0,20.0,23.0,24.0,23.0,24.0,22.0,23.0,23.0,22.0,24.0,23.0,22.0,25.0,23.0,22.0,24.0,21.0,22.0,21.0,21.0,22.0,21.0,22.0,21.0,22.0,21.0,21.0,21.0,22.0,22.0,23.0,20.0,22.0,23.0,21.0,10.0,locate,8,8,2.7217
1787153767.433,2026-08-19 17:36:07.433,10,c3,0,0,-0.03814,-0.49682,0.04971,-4.2462,10.2468,-25.1938,-0.0724,0.0067,-0.3432,4.69659,21.0,22.0,21.0,21.0,23.0,22.0,22.0,22.0,23.0,22.0,25.0,20.0,25.0,23.0,23.0,22.0,23.0,23.0,22.0,21.0,22.0,21.0,21.0,22.0,21.0,22.0,21.0,22.0,21.0,21.0,21.0,22.0,22.0,23.0,20.0,22.0,23.0,21.0,10.0,locate,8,8,2.6993
1787153767.4832,2026-08-19 17:36:07.483,10,c3,0,0,-0.03811,-0.49681,0.04971,-4.2567,10.5204,-25.3426,-0.0823,0.0083,-0.3495,4.69911,21.0,22.0,21.0,21.0,23.0,22.0,22.0,22.0,23.0,22.0,25.0,20.0,25.0,23.0,23.0,22.0,23.0,23.0,22.0,21.0,22.0,21.0,21.0,22.0,21.0,22.0,21.0,22.0,21.0,21.0,21.0,22.0,22.0,23.0,20.0,22.0,23.0,21.0,10.0,locate,8,8,2.6769
1787153767.5333,2026-08-19 17:36:07.533,10,c3,0,0,-0.03814,-0.49681,0.0497,-3.7485,10.0465,-25.3119,-0.0721,0.0217,-0.3472,4.68879,22.0,24.0,21.0,20.0,23.0,23.0,25.0,22.0,23.0,23.0,26.0,21.0,23.0,25.0,24.0,22.0,23.0,23.0,23.0,21.0,22.0,21.0,21.0,22.0,21.0,22.0,21.0,22.0,21.0,21.0,21.0,22.0,22.0,23.0,20.0,22.0,23.0,21.0,10.0,locate,8,8,2.7687
1787153767.5834,2026-08-19 17:36:07.583,10,c3,0,0,-0.03815,-0.4968,0.04971,-4.2666,10.3544,-25.4312,-0.0787,0.008,-0.3483,4.68702,22.0,24.0,21.0,20.0,23.0,23.0,25.0,22.0,23.0,23.0,26.0,21.0,23.0,25.0,24.0,22.0,23.0,23.0,23.0,21.0,22.0,21.0,21.0,22.0,21.0,22.0,21.0,22.0,21.0,21.0,21.0,22.0,22.0,23.0,20.0,22.0,23.0,21.0,10.0,locate,8,8,2.7844
1787153767.6336,2026-08-19 17:36:07.633,10,c3,0,0,-0.03814,-0.49681,0.04971,-4.3084,10.2956,-25.296,-0.076,0.0091,-0.3535,4.69659,20.0,23.0,20.0,20.0,24.0,22.0,23.0,25.0,22.0,22.0,24.0,24.0,24.0,23.0,23.0,23.0,22.0,24.0,23.0,21.0,22.0,21.0,21.0,22.0,21.0,22.0,21.0,22.0,21.0,21.0,21.0,22.0,22.0,23.0,20.0,22.0,23.0,21.0,10.0,locate,8,8,2.6993
1787153767.6837,2026-08-19 17:36:07.683,10,c3,0,0,-0.03812,-0.49681,0.04971,-4.2233,10.3579,-25.1928,-0.0797,0.0116,-0.3508,4.68727,24.0,22.0,22.0,22.0,22.0,23.0,23.0,23.0,24.0,23.0,23.0,21.0,24.0,23.0,21.0,22.0,23.0,22.0,22.0,21.0,22.0,21.0,21.0,22.0,21.0,22.0,21.0,22.0,21.0,21.0,21.0,22.0,22.0,23.0,20.0,22.0,23.0,21.0,10.0,locate,8,8,2.7821
1787153767.7339,2026-08-19 17:36:07.733,10,c3,0,0,-0.03814,-0.49681,0.04971,-4.0272,10.2472,-25.2964,-0.0771,0.0137,-0.3499,4.68576,24.0,22.0,22.0,22.0,22.0,23.0,23.0,23.0,24.0,23.0,23.0,21.0,24.0,23.0,21.0,22.0,23.0,22.0,22.0,21.0,22.0,21.0,21.0,22.0,21.0,22.0,21.0,22.0,21.0,21.0,21.0,22.0,22.0,23.0,20.0,22.0,23.0,21.0,10.0,locate,8,8,2.7956
1787153767.784,2026-08-19 17:36:07.784,10,c3,0,0,-0.03815,-0.49681,0.04971,-4.2057,10.5205,-25.1809,-0.0865,0.0099,-0.3529,4.69432,21.0,23.0,21.0,20.0,24.0,22.0,22.0,21.0,21.0,23.0,24.0,20.0,24.0,22.0,23.0,22.0,22.0,23.0,21.0,21.0,22.0,21.0,21.0,22.0,21.0,22.0,21.0,22.0,21.0,21.0,21.0,22.0,22.0,23.0,20.0,22.0,23.0,21.0,10.0,locate,8,8,2.7194
1787153767.8341,2026-08-19 17:36:07.834,10,c3,0,0,-0.03814,-0.49681,0.04971,-4.0344,9.9186,-25.2971,-0.0672,0.0139,-0.348,4.69004,21.0,23.0,21.0,20.0,24.0,22.0,22.0,21.0,21.0,23.0,24.0,20.0,24.0,22.0,23.0,22.0,22.0,23.0,21.0,21.0,22.0,21.0,21.0,22.0,21.0,22.0,21.0,22.0,21.0,21.0,21.0,22.0,22.0,23.0,20.0,22.0,23.0,21.0,10.0,locate,8,8,2.7575
1787153767.8842,2026-08-19 17:36:07.884,10,c3,0,0,-0.03812,-0.49682,0.04971,-4.2325,10.283,-25.1011,-0.0775,0.01,-0.3512,4.69332,21.0,22.0,22.0,20.0,23.0,23.0,23.0,24.0,23.0,21.0,27.0,24.0,24.0,23.0,25.0,24.0,23.0,26.0,21.0,21.0,22.0,21.0,21.0,22.0,21.0,22.0,21.0,22.0,21.0,21.0,21.0,22.0,22.0,23.0,20.0,22.0,23.0,21.0,10.0,locate,8,8,2.7284
1787153767.9343,2026-08-19 17:36:07.934,10,c3,0,0,-0.03814,-0.49681,0.0497,-4.3079,10.3632,-25.1006,-0.0786,0.0108,-0.3634,4.69533,22.0,23.0,21.0,23.0,23.0,22.0,26.0,22.0,23.0,22.0,26.0,22.0,23.0,23.0,23.0,24.0,22.0,25.0,24.0,21.0,22.0,21.0,21.0,22.0,21.0,22.0,21.0,22.0,21.0,21.0,21.0,22.0,22.0,23.0,20.0,22.0,23.0,21.0,10.0,locate,8,8,2.7105
1787153767.9844,2026-08-19 17:36:07.984,10,c3,1,0,-0.03814,-0.49682,0.04972,-4.1235,10.3762,-25.1479,-0.0783,0.0148,-0.352,4.69911,22.0,23.0,21.0,23.0,23.0,22.0,26.0,22.0,23.0,22.0,26.0,22.0,23.0,23.0,23.0,24.0,22.0,25.0,24.0,21.0,22.0,21.0,21.0,22.0,21.0,22.0,21.0,22.0,21.0,21.0,21.0,22.0,22.0,23.0,20.0,22.0,23.0,21.0,10.0,press,8,8,2.6769
1787153768.0344,2026-08-19 17:36:08.034,10,c3,1,0,-0.03816,-0.49682,0.04971,-4.1189,10.1883,-25.1009,-0.0734,0.0128,-0.3508,4.6903,23.0,23.0,21.0,21.0,22.0,22.0,25.0,22.0,22.0,22.0,25.0,21.0,25.0,21.0,23.0,21.0,22.0,24.0,22.0,21.0,22.0,21.0,21.0,22.0,21.0,22.0,21.0,22.0,21.0,21.0,21.0,22.0,22.0,23.0,20.0,22.0,23.0,21.0,10.0,press,8,8,2.7553
1787153768.0845,2026-08-19 17:36:08.084,10,c3,1,0,-0.03816,-0.49684,0.0497,-4.4441,10.2729,-24.9941,-0.0769,0.0081,-0.3552,4.69911,23.0,23.0,21.0,21.0,22.0,22.0,25.0,22.0,22.0,22.0,25.0,21.0,25.0,21.0,23.0,21.0,22.0,24.0,22.0,21.0,22.0,21.0,21.0,22.0,21.0,22.0,21.0,22.0,21.0,21.0,21.0,22.0,22.0,23.0,20.0,22.0,23.0,21.0,10.0,press,8,8,2.6769
1787153768.1346,2026-08-19 17:36:08.134,10,c3,1,0,-0.03813,-0.49683,0.0496,-4.1884,10.1764,-25.2695,-0.0726,0.0136,-0.3526,4.69206,21.0,23.0,21.0,20.0,23.0,22.0,23.0,23.0,22.0,23.0,27.0,23.0,23.0,21.0,23.0,22.0,22.0,25.0,22.0,21.0,22.0,21.0,21.0,22.0,21.0,22.0,21.0,22.0,21.0,21.0,21.0,22.0,22.0,23.0,20.0,22.0,23.0,21.0,10.0,press,8,8,2.7396
1787153768.1848,2026-08-19 17:36:08.184,10,c3,1,0,-0.03815,-0.49684,0.04948,-4.3556,10.1807,-24.9976,-0.0725,0.0089,-0.3559,4.69735,22.0,23.0,23.0,20.0,25.0,23.0,26.0,23.0,23.0,22.0,26.0,21.0,24.0,23.0,25.0,23.0,23.0,25.0,22.0,21.0,22.0,21.0,21.0,22.0,21.0,22.0,21.0,22.0,21.0,21.0,21.0,22.0,22.0,23.0,20.0,22.0,23.0,21.0,10.0,press,8,8,2.6925
1787153768.2348,2026-08-19 17:36:08.234,10,c3,1,0,-0.03815,-0.49683,0.04929,-4.4034,10.2983,-25.2495,-0.0751,0.0069,-0.3547,4.6908,22.0,23.0,23.0,20.0,25.0,23.0,26.0,23.0,23.0,22.0,26.0,21.0,24.0,23.0,25.0,23.0,23.0,25.0,22.0,21.0,22.0,21.0,21.0,22.0,21.0,22.0,21.0,22.0,21.0,21.0,21.0,22.0,22.0,23.0,20.0,22.0,23.0,21.0,10.0,press,8,8,2.7508
1787153768.2849,2026-08-19 17:36:08.284,10,c3,1,0,-0.03814,-0.49684,0.0491,-4.0513,10.4622,-25.3962,-0.0793,0.0146,-0.3532,4.69835,20.0,24.0,21.0,20.0,24.0,23.0,25.0,24.0,24.0,24.0,25.0,23.0,25.0,24.0,24.0,25.0,23.0,23.0,24.0,21.0,22.0,21.0,21.0,22.0,21.0,22.0,21.0,22.0,21.0,21.0,21.0,22.0,22.0,23.0,20.0,22.0,23.0,21.0,10.0,press,8,8,2.6836
1787153768.3351,2026-08-19 17:36:08.335,10,c3,1,0,-0.03813,-0.49683,0.04885,-4.0404,10.1599,-25.0899,-0.0728,0.0131,-0.345,4.68602,20.0,24.0,21.0,20.0,24.0,23.0,25.0,24.0,24.0,24.0,25.0,23.0,25.0,24.0,24.0,25.0,23.0,23.0,24.0,21.0,22.0,21.0,21.0,22.0,21.0,22.0,21.0,22.0,21.0,21.0,21.0,22.0,22.0,23.0,20.0,22.0,23.0,21.0,10.0,press,8,8,2.7933
1787153768.3852,2026-08-19 17:36:08.385,10,c3,1,0,-0.03812,-0.49679,0.04857,-4.1847,10.4788,-25.0616,-0.0831,0.0114,-0.3599,4.69432,23.0,25.0,23.0,22.0,24.0,24.0,23.0,22.0,22.0,24.0,25.0,21.0,24.0,23.0,24.0,23.0,22.0,24.0,22.0,21.0,22.0,21.0,21.0,22.0,21.0,22.0,21.0,22.0,21.0,21.0,21.0,22.0,22.0,23.0,20.0,22.0,23.0,21.0,10.0,press,8,8,2.7194
1787153768.4353,2026-08-19 17:36:08.435,10,c3,1,0,-0.03812,-0.4968,0.04831,-4.0169,10.3011,-25.1585,-0.0725,0.0149,-0.3486,4.68501,21.0,23.0,21.0,21.0,24.0,24.0,25.0,21.0,21.0,21.0,26.0,20.0,23.0,22.0,25.0,22.0,22.0,26.0,23.0,21.0,22.0,21.0,21.0,22.0,21.0,22.0,21.0,22.0,21.0,21.0,21.0,22.0,22.0,23.0,20.0,22.0,23.0,21.0,10.0,press,8,8,2.8023
1787153768.4855,2026-08-19 17:36:08.485,10,c3,1,0,-0.03812,-0.4968,0.048,-4.3458,10.6375,-25.1412,-0.083,0.0049,-0.3548,4.70062,21.0,23.0,21.0,21.0,24.0,24.0,25.0,21.0,21.0,21.0,26.0,20.0,23.0,22.0,25.0,22.0,22.0,26.0,23.0,21.0,22.0,21.0,21.0,22.0,21.0,22.0,21.0,22.0,21.0,21.0,21.0,22.0,22.0,23.0,20.0,22.0,23.0,21.0,10.0,press,8,8,2.6634
1787153768.5356,2026-08-19 17:36:08.535,10,c3,1,0,-0.03813,-0.49682,0.04768,-4.2249,10.509,-25.1796,-0.0812,0.0098,-0.3536,4.6845,22.0,23.0,21.0,20.0,23.0,22.0,25.0,24.0,21.0,23.0,26.0,23.0,23.0,23.0,23.0,24.0,21.0,25.0,21.0,21.0,22.0,21.0,21.0,22.0,21.0,22.0,21.0,22.0,21.0,21.0,21.0,22.0,22.0,23.0,20.0,22.0,23.0,21.0,10.0,press,8,8,2.8068
1787153768.5857,2026-08-19 17:36:08.585,10,c3,1,0,-0.03813,-0.49683,0.04736,-4.568,10.4979,-25.3246,-0.083,0.0006,-0.356,4.69231,22.0,23.0,21.0,20.0,23.0,22.0,25.0,24.0,21.0,23.0,26.0,23.0,23.0,23.0,23.0,24.0,21.0,25.0,21.0,21.0,22.0,21.0,21.0,22.0,21.0,22.0,21.0,22.0,21.0,21.0,21.0,22.0,22.0,23.0,20.0,22.0,23.0,21.0,10.0,press,8,8,2.7373
1787153768.6358,2026-08-19 17:36:08.635,10,c3,1,0,-0.03813,-0.49684,0.04702,-4.2368,10.222,-25.3039,-0.0729,0.0108,-0.354,4.69785,22.0,21.0,23.0,21.0,22.0,23.0,24.0,22.0,23.0,23.0,26.0,21.0,25.0,23.0,25.0,25.0,22.0,25.0,21.0,21.0,22.0,21.0,21.0,22.0,21.0,22.0,21.0,22.0,21.0,21.0,21.0,22.0,22.0,23.0,20.0,22.0,23.0,21.0,10.0,press,8,8,2.6881
1787153768.6861,2026-08-19 17:36:08.686,10,c3,1,0,-0.03814,-0.49682,0.04667,-4.0873,10.0976,-25.2823,-0.0712,0.0133,-0.3507,4.68803,22.0,21.0,23.0,21.0,22.0,23.0,24.0,22.0,23.0,23.0,26.0,21.0,25.0,23.0,25.0,25.0,22.0,25.0,21.0,21.0,22.0,21.0,21.0,22.0,21.0,22.0,21.0,22.0,21.0,21.0,21.0,22.0,22.0,23.0,20.0,22.0,23.0,21.0,10.0,press,8,8,2.7754
1787153768.7363,2026-08-19 17:36:08.736,10,c3,1,0,-0.03813,-0.49681,0.04632,-4.1226,10.4284,-25.1911,-0.0777,0.0152,-0.3522,4.70062,20.0,23.0,21.0,20.0,24.0,23.0,26.0,24.0,23.0,22.0,28.0,23.0,24.0,22.0,26.0,24.0,22.0,27.0,23.0,21.0,22.0,21.0,21.0,22.0,21.0,22.0,21.0,22.0,21.0,21.0,21.0,22.0,22.0,23.0,20.0,22.0,23.0,21.0,10.0,press,8,8,2.6634
1787153768.7864,2026-08-19 17:36:08.786,10,c3,1,0,-0.03812,-0.49681,0.04599,-4.3703,10.5147,-25.2558,-0.0798,0.0054,-0.3484,4.68677,21.0,23.0,22.0,21.0,23.0,24.0,28.0,23.0,22.0,25.0,25.0,22.0,24.0,24.0,24.0,23.0,24.0,25.0,25.0,21.0,22.0,21.0,21.0,22.0,21.0,22.0,21.0,22.0,21.0,21.0,21.0,22.0,22.0,23.0,20.0,22.0,23.0,21.0,10.0,press,8,8,2.7866
1787153768.8365,2026-08-19 17:36:08.836,10,c3,1,0,-0.03815,-0.49682,0.04567,-4.3269,10.3596,-25.1888,-0.0765,0.0104,-0.3587,4.69583,21.0,23.0,22.0,21.0,23.0,24.0,28.0,23.0,22.0,25.0,25.0,22.0,24.0,24.0,24.0,23.0,24.0,25.0,25.0,21.0,22.0,21.0,21.0,22.0,21.0,22.0,21.0,22.0,21.0,21.0,21.0,22.0,22.0,23.0,20.0,22.0,23.0,21.0,10.0,press,8,8,2.706
1787153768.8867,2026-08-19 17:36:08.886,10,c3,1,0,-0.03814,-0.49681,0.04534,-4.0951,10.311,-25.266,-0.0759,0.0143,-0.3501,4.69181,23.0,23.0,23.0,22.0,23.0,25.0,26.0,24.0,23.0,24.0,29.0,23.0,24.0,24.0,25.0,24.0,24.0,25.0,24.0,21.0,22.0,21.0,21.0,22.0,21.0,22.0,21.0,22.0,21.0,21.0,21.0,22.0,22.0,23.0,20.0,22.0,23.0,21.0,10.0,press,8,8,2.7418
1787153768.9367,2026-08-19 17:36:08.936,10,c3,1,0,-0.03814,-0.49683,0.04503,-4.3655,10.3742,-25.2439,-0.0761,0.007,-0.3541,4.69004,23.0,23.0,23.0,22.0,23.0,25.0,26.0,24.0,23.0,24.0,29.0,23.0,24.0,24.0,25.0,24.0,24.0,25.0,24.0,21.0,22.0,21.0,21.0,22.0,21.0,22.0,21.0,22.0,21.0,21.0,21.0,22.0,22.0,23.0,20.0,22.0,23.0,21.0,10.0,press,8,8,2.7575
1787153768.9868,2026-08-19 17:36:08.986,10,c3,1,0,-0.03814,-0.49683,0.0447,-4.0978,10.2497,-25.2657,-0.0759,0.0138,-0.351,4.67116,21.0,23.0,21.0,21.0,24.0,23.0,27.0,23.0,23.0,25.0,27.0,23.0,25.0,25.0,24.0,24.0,25.0,24.0,23.0,21.0,22.0,21.0,21.0,22.0,21.0,22.0,21.0,22.0,21.0,21.0,21.0,22.0,22.0,23.0,20.0,22.0,23.0,21.0,10.0,press,8,8,2.9255
1787153769.0369,2026-08-19 17:36:09.036,10,c3,1,0,-0.03814,-0.49683,0.04436,-4.4509,10.1768,-24.9166,-0.0684,0.0064,-0.3543,4.61325,21.0,24.0,23.0,22.0,23.0,25.0,25.0,24.0,24.0,27.0,28.0,23.0,25.0,27.0,25.0,23.0,24.0,25.0,23.0,21.0,22.0,21.0,21.0,22.0,21.0,22.0,21.0,22.0,21.0,21.0,21.0,22.0,22.0,23.0,20.0,22.0,23.0,21.0,10.0,press,8,8,3.4407
1787153769.087,2026-08-19 17:36:09.087,10,c3,1,0,-0.03813,-0.49684,0.04402,-4.3346,10.1908,-24.4314,-0.0711,0.0058,-0.3573,4.50801,21.0,24.0,23.0,22.0,23.0,25.0,25.0,24.0,24.0,27.0,28.0,23.0,25.0,27.0,25.0,23.0,24.0,25.0,23.0,21.0,22.0,21.0,21.0,22.0,21.0,22.0,21.0,22.0,21.0,21.0,21.0,22.0,22.0,23.0,20.0,22.0,23.0,21.0,10.0,press,8,8,4.3769
1787153769.1371,2026-08-19 17:36:09.137,10,c3,1,0,-0.03813,-0.49685,0.04368,-4.3333,10.529,-23.8853,-0.0804,0.0091,-0.3564,4.40504,23.0,24.0,23.0,22.0,25.0,26.0,25.0,26.0,24.0,28.0,28.0,25.0,26.0,27.0,25.0,25.0,26.0,25.0,25.0,21.0,22.0,21.0,21.0,22.0,21.0,22.0,21.0,22.0,21.0,21.0,21.0,22.0,22.0,23.0,20.0,22.0,23.0,21.0,10.0,press,8,8,5.2931
1787153769.1873,2026-08-19 17:36:09.187,10,c3,1,0,-0.03814,-0.49681,0.04335,-4.2827,10.5052,-23.4574,-0.0801,0.0118,-0.3518,4.27008,23.0,24.0,23.0,22.0,25.0,26.0,25.0,26.0,24.0,28.0,28.0,25.0,26.0,27.0,25.0,25.0,26.0,25.0,25.0,21.0,22.0,21.0,21.0,22.0,21.0,22.0,21.0,22.0,21.0,21.0,21.0,22.0,22.0,23.0,20.0,22.0,23.0,21.0,10.0,press,8,8,6.4937
1787153769.2374,2026-08-19 17:36:09.237,10,c3,1,0,-0.03812,-0.49683,0.04304,-4.2071,10.7032,-22.9624,-0.088,0.0105,-0.3544,4.15729,24.0,23.0,24.0,24.0,25.0,27.0,26.0,25.0,26.0,28.0,29.0,24.0,26.0,27.0,26.0,23.0,26.0,24.0,23.0,21.0,22.0,21.0,21.0,22.0,21.0,22.0,21.0,22.0,21.0,21.0,21.0,22.0,22.0,23.0,20.0,22.0,23.0,21.0,10.0,press,8,8,7.4971
1787153769.2875,2026-08-19 17:36:09.287,10,c3,1,0,-0.03816,-0.49682,0.0427,-4.1577,10.0698,-22.5837,-0.0682,0.009,-0.348,4.01353,23.0,25.0,23.0,23.0,25.0,27.0,28.0,27.0,26.0,28.0,29.0,27.0,27.0,27.0,25.0,26.0,24.0,25.0,24.0,21.0,22.0,21.0,21.0,22.0,21.0,22.0,21.0,22.0,21.0,21.0,21.0,22.0,22.0,23.0,20.0,22.0,23.0,21.0,10.0,press,8,8,8.7761
1787153769.3376,2026-08-19 17:36:09.337,10,c3,1,0,-0.03813,-0.49684,0.04238,-4.3705,10.0657,-21.8253,-0.0727,0.0078,-0.3547,3.85113,23.0,25.0,23.0,23.0,25.0,27.0,28.0,27.0,26.0,28.0,29.0,27.0,27.0,27.0,25.0,26.0,24.0,25.0,24.0,21.0,22.0,21.0,21.0,22.0,21.0,22.0,21.0,22.0,21.0,21.0,21.0,22.0,22.0,23.0,20.0,22.0,23.0,21.0,10.0,press,8,8,10.2208
1787153769.3877,2026-08-19 17:36:09.387,10,c3,1,0,-0.03812,-0.49684,0.04204,-4.3019,10.3263,-21.326,-0.0768,0.0043,-0.3527,3.68723,24.0,24.0,23.0,22.0,26.0,28.0,28.0,25.0,25.0,28.0,29.0,24.0,25.0,29.0,24.0,24.0,26.0,25.0,24.0,21.0,22.0,21.0,21.0,22.0,21.0,22.0,21.0,22.0,21.0,21.0,21.0,22.0,22.0,23.0,20.0,22.0,23.0,21.0,10.0,press,8,8,11.679
1787153769.4379,2026-08-19 17:36:09.437,10,c3,1,0,-0.03815,-0.49685,0.0417,-4.0026,10.0889,-20.6821,-0.0682,0.0128,-0.3498,3.5057,24.0,24.0,23.0,22.0,26.0,28.0,28.0,25.0,25.0,28.0,29.0,24.0,25.0,29.0,24.0,24.0,26.0,25.0,24.0,21.0,22.0,21.0,21.0,22.0,21.0,22.0,21.0,22.0,21.0,21.0,21.0,22.0,22.0,23.0,20.0,22.0,23.0,21.0,10.0,press,8,8,13.294
1787153769.488,2026-08-19 17:36:09.487,10,c3,1,0,-0.03817,-0.49684,0.04135,-4.4278,10.4957,-19.7246,-0.0764,0.0014,-0.3549,3.32266,24.0,24.0,26.0,23.0,25.0,29.0,29.0,25.0,28.0,26.0,29.0,25.0,27.0,29.0,25.0,24.0,24.0,25.0,23.0,21.0,22.0,21.0,21.0,22.0,21.0,22.0,21.0,22.0,21.0,21.0,21.0,22.0,22.0,23.0,20.0,22.0,23.0,21.0,10.0,press,8,8,14.9224
1787153769.5381,2026-08-19 17:36:09.538,10,c3,1,0,-0.03816,-0.49686,0.04108,-4.1808,10.6136,-19.2067,-0.0791,0.0069,-0.352,3.16782,24.0,25.0,24.0,23.0,27.0,27.0,29.0,26.0,29.0,27.0,31.0,25.0,28.0,31.0,23.0,26.0,26.0,25.0,25.0,21.0,22.0,21.0,21.0,22.0,21.0,22.0,21.0,22.0,21.0,21.0,21.0,22.0,22.0,23.0,20.0,22.0,23.0,21.0,10.0,press,8,8,16.2999
1787153769.5881,2026-08-19 17:36:09.588,10,c3,1,0,-0.03815,-0.49686,0.04081,-3.9725,10.2857,-18.901,-0.071,0.0145,-0.3489,3.01273,24.0,25.0,24.0,23.0,27.0,27.0,29.0,26.0,29.0,27.0,31.0,25.0,28.0,31.0,23.0,26.0,26.0,25.0,25.0,21.0,22.0,21.0,21.0,22.0,21.0,22.0,21.0,22.0,21.0,21.0,21.0,22.0,22.0,23.0,20.0,22.0,23.0,21.0,10.0,press,8,8,17.6797
1787153769.6383,2026-08-19 17:36:09.638,10,c3,1,0,-0.03814,-0.49683,0.04055,-4.0944,10.6026,-18.1518,-0.0778,0.0095,-0.3496,2.84655,23.0,25.0,25.0,23.0,28.0,30.0,31.0,26.0,29.0,28.0,32.0,25.0,27.0,32.0,25.0,24.0,27.0,28.0,24.0,21.0,22.0,21.0,21.0,22.0,21.0,22.0,21.0,22.0,21.0,21.0,21.0,22.0,22.0,23.0,20.0,22.0,23.0,21.0,10.0,press,8,8,19.158
1787153769.6884,2026-08-19 17:36:09.688,10,c3,1,0,-0.03812,-0.49679,0.04029,-3.9652,10.1684,-17.5091,-0.0706,0.0104,-0.3477,2.70858,23.0,25.0,25.0,23.0,28.0,30.0,31.0,26.0,29.0,28.0,32.0,25.0,27.0,32.0,25.0,24.0,27.0,28.0,24.0,21.0,22.0,21.0,21.0,22.0,21.0,22.0,21.0,22.0,21.0,21.0,21.0,22.0,22.0,23.0,20.0,22.0,23.0,21.0,10.0,press,8,8,20.3855
1787153769.7386,2026-08-19 17:36:09.738,10,c3,1,0,-0.03814,-0.49681,0.04013,-3.9298,10.0852,-17.2718,-0.0671,0.0114,-0.3442,2.59554,21.0,25.0,26.0,22.0,28.0,31.0,32.0,26.0,30.0,29.0,32.0,26.0,27.0,33.0,24.0,24.0,28.0,25.0,24.0,21.0,22.0,21.0,21.0,22.0,21.0,22.0,21.0,22.0,21.0,21.0,21.0,22.0,22.0,23.0,20.0,22.0,23.0,21.0,10.0,press,8,8,21.3912
1787153769.7888,2026-08-19 17:36:09.788,10,c3,1,0,-0.03812,-0.49681,0.03999,-3.6038,10.1318,-16.7962,-0.0704,0.0193,-0.348,2.51421,21.0,25.0,26.0,22.0,28.0,31.0,32.0,26.0,30.0,29.0,32.0,26.0,27.0,33.0,24.0,24.0,28.0,25.0,24.0,21.0,22.0,21.0,21.0,22.0,21.0,22.0,21.0,22.0,21.0,21.0,21.0,22.0,22.0,23.0,20.0,22.0,23.0,21.0,10.0,press,8,8,22.1147
1787153769.8389,2026-08-19 17:36:09.838,10,c3,1,0,-0.03814,-0.49682,0.03988,-4.3759,10.5809,-16.4288,-0.0775,-0.0009,-0.3511,2.45454,22.0,25.0,25.0,23.0,27.0,31.0,32.0,26.0,30.0,30.0,33.0,27.0,28.0,33.0,23.0,25.0,27.0,26.0,24.0,21.0,22.0,21.0,21.0,22.0,21.0,22.0,21.0,22.0,21.0,21.0,21.0,22.0,22.0,23.0,20.0,22.0,23.0,21.0,10.0,press,8,8,22.6455
1787153769.889,2026-08-19 17:36:09.889,10,c3,1,0,-0.03815,-0.49682,0.03982,-3.8824,10.0171,-16.2462,-0.066,0.0132,-0.3502,2.41225,24.0,22.0,26.0,23.0,25.0,33.0,31.0,27.0,30.0,29.0,35.0,27.0,28.0,33.0,25.0,25.0,27.0,28.0,26.0,21.0,22.0,21.0,21.0,22.0,21.0,22.0,21.0,22.0,21.0,21.0,21.0,22.0,22.0,23.0,20.0,22.0,23.0,21.0,10.0,press,8,8,23.0218
1787153769.9391,2026-08-19 17:36:09.939,10,c3,1,0,-0.03813,-0.49682,0.03976,-3.754,10.041,-16.1981,-0.0627,0.0155,-0.346,2.38405,24.0,22.0,26.0,23.0,25.0,33.0,31.0,27.0,30.0,29.0,35.0,27.0,28.0,33.0,25.0,25.0,27.0,28.0,26.0,21.0,22.0,21.0,21.0,22.0,21.0,22.0,21.0,22.0,21.0,21.0,21.0,22.0,22.0,23.0,20.0,22.0,23.0,21.0,10.0,press,8,8,23.2727
1787153769.9892,2026-08-19 17:36:09.989,10,c3,1,0,-0.03813,-0.49683,0.03975,-4.0508,10.1884,-16.4094,-0.0696,0.0074,-0.3456,2.38279,25.0,24.0,26.0,25.0,26.0,31.0,34.0,28.0,31.0,30.0,35.0,29.0,29.0,35.0,23.0,25.0,28.0,27.0,25.0,21.0,22.0,21.0,21.0,22.0,21.0,22.0,21.0,22.0,21.0,21.0,21.0,22.0,22.0,23.0,20.0,22.0,23.0,21.0,10.0,hold,8,8,23.2839
1787153770.0392,2026-08-19 17:36:10.039,10,c3,1,0,-0.03814,-0.49682,0.03972,-4.1217,10.2783,-16.373,-0.0706,0.008,-0.3499,2.37876,25.0,24.0,26.0,25.0,26.0,31.0,34.0,28.0,31.0,30.0,35.0,29.0,29.0,35.0,23.0,25.0,28.0,27.0,25.0,21.0,22.0,21.0,21.0,22.0,21.0,22.0,21.0,22.0,21.0,21.0,21.0,22.0,22.0,23.0,20.0,22.0,23.0,21.0,10.0,hold,8,8,23.3197
1787153770.0894,2026-08-19 17:36:10.089,10,c3,1,0,-0.03813,-0.49681,0.03972,-4.1297,10.5005,-16.2289,-0.077,0.0055,-0.3458,2.37423,26.0,23.0,25.0,24.0,26.0,31.0,32.0,27.0,30.0,31.0,36.0,27.0,28.0,35.0,24.0,25.0,28.0,28.0,24.0,21.0,22.0,21.0,21.0,22.0,21.0,22.0,21.0,22.0,21.0,21.0,21.0,22.0,22.0,23.0,20.0,22.0,23.0,21.0,10.0,hold,8,8,23.36
1787153770.1395,2026-08-19 17:36:10.139,10,c3,1,0,-0.03813,-0.49681,0.03969,-4.202,10.2501,-16.1266,-0.0696,0.005,-0.3547,2.37876,25.0,23.0,27.0,25.0,26.0,32.0,33.0,28.0,32.0,32.0,35.0,28.0,29.0,34.0,25.0,25.0,29.0,27.0,25.0,21.0,22.0,21.0,21.0,22.0,21.0,22.0,21.0,22.0,21.0,21.0,21.0,22.0,22.0,23.0,20.0,22.0,23.0,21.0,10.0,hold,8,8,23.3197
1787153770.1898,2026-08-19 17:36:10.189,10,c3,1,0,-0.03816,-0.49682,0.03971,-4.3103,10.4554,-16.2612,-0.0755,0.0037,-0.3562,2.38455,25.0,23.0,27.0,25.0,26.0,32.0,33.0,28.0,32.0,32.0,35.0,28.0,29.0,34.0,25.0,25.0,29.0,27.0,25.0,21.0,22.0,21.0,21.0,22.0,21.0,22.0,21.0,22.0,21.0,21.0,21.0,22.0,22.0,23.0,20.0,22.0,23.0,21.0,10.0,hold,8,8,23.2682
1787153770.2398,2026-08-19 17:36:10.239,10,c3,1,0,-0.03814,-0.49682,0.03973,-4.1674,10.313,-16.1535,-0.0688,0.0074,-0.3536,2.39512,24.0,26.0,26.0,24.0,28.0,32.0,34.0,27.0,33.0,31.0,35.0,27.0,30.0,35.0,23.0,25.0,29.0,25.0,25.0,21.0,22.0,21.0,21.0,22.0,21.0,22.0,21.0,22.0,21.0,21.0,21.0,22.0,22.0,23.0,20.0,22.0,23.0,21.0,10.0,hold,8,8,23.1741
1787153770.2899,2026-08-19 17:36:10.289,10,c3,1,0,-0.03812,-0.49682,0.03972,-4.3474,10.3878,-16.2474,-0.073,0.0019,-0.3563,2.39512,24.0,26.0,26.0,24.0,28.0,32.0,34.0,27.0,33.0,31.0,35.0,27.0,30.0,35.0,23.0,25.0,29.0,25.0,25.0,21.0,22.0,21.0,21.0,22.0,21.0,22.0,21.0,22.0,21.0,21.0,21.0,22.0,22.0,23.0,20.0,22.0,23.0,21.0,10.0,hold,8,8,23.1741
1787153770.34,2026-08-19 17:36:10.340,10,c3,1,0,-0.03814,-0.49681,0.03971,-4.0398,10.6582,-16.4299,-0.0791,0.0051,-0.3428,2.39714,23.0,23.0,27.0,23.0,28.0,31.0,35.0,27.0,33.0,31.0,37.0,27.0,30.0,35.0,24.0,24.0,28.0,27.0,25.0,21.0,22.0,21.0,21.0,22.0,21.0,22.0,21.0,22.0,21.0,21.0,21.0,22.0,22.0,23.0,20.0,22.0,23.0,21.0,10.0,hold,8,8,23.1562
1787153770.3902,2026-08-19 17:36:10.390,10,c3,1,0,-0.03813,-0.49681,0.03971,-4.3286,10.4524,-16.3597,-0.0712,0.0018,-0.3553,2.40671,24.0,24.0,27.0,24.0,27.0,33.0,34.0,27.0,32.0,30.0,38.0,25.0,30.0,33.0,25.0,25.0,28.0,27.0,27.0,21.0,22.0,21.0,21.0,22.0,21.0,22.0,21.0,22.0,21.0,21.0,21.0,22.0,22.0,23.0,20.0,22.0,23.0,21.0,10.0,hold,8,8,23.0711
1787153770.4403,2026-08-19 17:36:10.440,10,c3,1,0,-0.03814,-0.49681,0.03971,-3.9767,10.0838,-16.2335,-0.0655,0.0097,-0.3524,2.40343,24.0,24.0,27.0,24.0,27.0,33.0,34.0,27.0,32.0,30.0,38.0,25.0,30.0,33.0,25.0,25.0,28.0,27.0,27.0,21.0,22.0,21.0,21.0,22.0,21.0,22.0,21.0,22.0,21.0,21.0,21.0,22.0,22.0,23.0,20.0,22.0,23.0,21.0,10.0,hold,8,8,23.1002
1787153770.4904,2026-08-19 17:36:10.490,10,c3,1,0,-0.03814,-0.49681,0.03971,-3.9352,9.7676,-16.6505,-0.0557,0.0121,-0.3519,2.40847,26.0,24.0,26.0,22.0,27.0,33.0,35.0,26.0,33.0,32.0,39.0,25.0,30.0,36.0,25.0,22.0,30.0,29.0,23.0,21.0,22.0,21.0,21.0,22.0,21.0,22.0,21.0,22.0,21.0,21.0,21.0,22.0,22.0,23.0,20.0,22.0,23.0,21.0,10.0,hold,8,8,23.0554
1787153770.5406,2026-08-19 17:36:10.540,10,c3,1,0,-0.03816,-0.49682,0.03972,-3.9739,10.1181,-16.4335,-0.0663,0.0077,-0.3459,2.41502,26.0,24.0,26.0,22.0,27.0,33.0,35.0,26.0,33.0,32.0,39.0,25.0,30.0,36.0,25.0,22.0,30.0,29.0,23.0,21.0,22.0,21.0,21.0,22.0,21.0,22.0,21.0,22.0,21.0,21.0,21.0,22.0,22.0,23.0,20.0,22.0,23.0,21.0,10.0,hold,8,8,22.9972
1787153770.5907,2026-08-19 17:36:10.590,10,c3,1,0,-0.03816,-0.49681,0.03969,-4.1687,10.6216,-16.407,-0.0783,0.0035,-0.3494,2.40822,22.0,25.0,26.0,22.0,28.0,33.0,35.0,26.0,31.0,32.0,35.0,25.0,29.0,35.0,24.0,23.0,29.0,27.0,23.0,21.0,22.0,21.0,21.0,22.0,21.0,22.0,21.0,22.0,21.0,21.0,21.0,22.0,22.0,23.0,20.0,22.0,23.0,21.0,10.0,hold,8,8,23.0576
1787153770.6409,2026-08-19 17:36:10.640,10,c3,1,0,-0.03814,-0.49682,0.03971,-3.9536,10.1304,-16.4454,-0.0687,0.0148,-0.3525,2.42081,23.0,25.0,28.0,23.0,27.0,34.0,34.0,28.0,32.0,32.0,35.0,28.0,29.0,36.0,25.0,25.0,29.0,26.0,24.0,21.0,22.0,21.0,21.0,22.0,21.0,22.0,21.0,22.0,21.0,21.0,21.0,22.0,22.0,23.0,20.0,22.0,23.0,21.0,10.0,hold,8,8,22.9456
1787153770.6909,2026-08-19 17:36:10.690,10,c3,1,0,-0.03815,-0.4968,0.03971,-4.2367,10.3873,-16.301,-0.073,0.005,-0.3535,2.41376,23.0,25.0,28.0,23.0,27.0,34.0,34.0,28.0,32.0,32.0,35.0,28.0,29.0,36.0,25.0,25.0,29.0,26.0,24.0,21.0,22.0,21.0,21.0,22.0,21.0,22.0,21.0,22.0,21.0,21.0,21.0,22.0,22.0,23.0,20.0,22.0,23.0,21.0,10.0,hold,8,8,23.0084
1787153770.741,2026-08-19 17:36:10.741,10,c3,1,0,-0.03812,-0.49681,0.03971,-4.3938,10.4818,-16.4367,-0.0765,0.0007,-0.3582,2.41955,26.0,25.0,26.0,24.0,27.0,32.0,35.0,28.0,31.0,33.0,35.0,28.0,29.0,37.0,25.0,25.0,30.0,25.0,24.0,21.0,22.0,21.0,21.0,22.0,21.0,22.0,21.0,22.0,21.0,21.0,21.0,22.0,22.0,23.0,20.0,22.0,23.0,21.0,10.0,hold,8,8,22.9568
1787153770.7912,2026-08-19 17:36:10.791,10,c3,1,0,-0.03812,-0.49681,0.03971,-4.3765,10.4963,-16.3724,-0.0759,-0.0023,-0.3523,2.42685,26.0,25.0,26.0,24.0,27.0,32.0,35.0,28.0,31.0,33.0,35.0,28.0,29.0,37.0,25.0,25.0,30.0,25.0,24.0,21.0,22.0,21.0,21.0,22.0,21.0,22.0,21.0,22.0,21.0,21.0,21.0,22.0,22.0,23.0,20.0,22.0,23.0,21.0,10.0,hold,8,8,22.8919
1787153770.8413,2026-08-19 17:36:10.841,10,c3,1,0,-0.03813,-0.49681,0.03971,-3.9637,10.1792,-16.3035,-0.0708,0.0119,-0.3487,2.42055,26.0,24.0,28.0,27.0,26.0,35.0,34.0,26.0,32.0,32.0,36.0,26.0,30.0,35.0,23.0,24.0,28.0,25.0,25.0,21.0,22.0,21.0,21.0,22.0,21.0,22.0,21.0,22.0,21.0,21.0,21.0,22.0,22.0,23.0,20.0,22.0,23.0,21.0,10.0,hold,8,8,22.9479
1787153770.8914,2026-08-19 17:36:10.891,10,c3,1,0,-0.03813,-0.49681,0.03971,-4.0002,10.389,-16.472,-0.0758,0.0108,-0.3525,2.42408,26.0,24.0,28.0,27.0,26.0,35.0,34.0,26.0,32.0,32.0,36.0,26.0,30.0,35.0,23.0,24.0,28.0,25.0,25.0,21.0,22.0,21.0,21.0,22.0,21.0,22.0,21.0,22.0,21.0,21.0,21.0,22.0,22.0,23.0,20.0,22.0,23.0,21.0,10.0,hold,8,8,22.9165
1787153770.9416,2026-08-19 17:36:10.941,10,c3,1,0,-0.03813,-0.49683,0.03972,-4.0709,10.197,-16.5388,-0.0688,0.0074,-0.3538,2.4271,24.0,25.0,28.0,23.0,27.0,34.0,34.0,28.0,32.0,31.0,37.0,28.0,31.0,35.0,25.0,24.0,28.0,28.0,25.0,21.0,22.0,21.0,21.0,22.0,21.0,22.0,21.0,22.0,21.0,21.0,21.0,22.0,22.0,23.0,20.0,22.0,23.0,21.0,10.0,hold,8,8,22.8897
1787153770.9916,2026-08-19 17:36:10.991,10,c3,1,0,-0.03815,-0.49682,0.03971,-4.3649,10.3225,-16.291,-0.0701,0.001,-0.3571,2.42861,27.0,25.0,26.0,23.0,29.0,32.0,34.0,27.0,31.0,31.0,37.0,28.0,29.0,35.0,25.0,25.0,28.0,26.0,26.0,21.0,22.0,21.0,21.0,22.0,21.0,22.0,21.0,22.0,21.0,21.0,21.0,22.0,22.0,23.0,20.0,22.0,23.0,21.0,10.0,hold,8,8,22.8762
1787153771.0418,2026-08-19 17:36:11.041,10,c3,1,0,-0.03814,-0.49682,0.03971,-4.0111,10.1915,-16.49,-0.068,0.0099,-0.3498,2.43339,27.0,25.0,26.0,23.0,29.0,32.0,34.0,27.0,31.0,31.0,37.0,28.0,29.0,35.0,25.0,25.0,28.0,26.0,26.0,21.0,22.0,21.0,21.0,22.0,21.0,22.0,21.0,22.0,21.0,21.0,21.0,22.0,22.0,23.0,20.0,22.0,23.0,21.0,10.0,hold,8,8,22.8337
1787153771.0918,2026-08-19 17:36:11.091,10,c3,1,0,-0.03814,-0.49682,0.03973,-4.1635,10.6143,-16.4264,-0.0758,0.0054,-0.3509,2.43818,24.0,24.0,28.0,24.0,27.0,34.0,35.0,26.0,31.0,31.0,37.0,27.0,30.0,35.0,25.0,24.0,29.0,26.0,23.0,21.0,22.0,21.0,21.0,22.0,21.0,22.0,21.0,22.0,21.0,21.0,21.0,22.0,22.0,23.0,20.0,22.0,23.0,21.0,10.0,hold,8,8,22.7911
1787153771.1419,2026-08-19 17:36:11.141,10,c3,1,0,-0.03814,-0.4968,0.03969,-3.9674,10.2046,-16.2603,-0.0682,0.0096,-0.3504,2.43289,24.0,24.0,28.0,24.0,27.0,34.0,35.0,26.0,31.0,31.0,37.0,27.0,30.0,35.0,25.0,24.0,29.0,26.0,23.0,21.0,22.0,21.0,21.0,22.0,21.0,22.0,21.0,22.0,21.0,21.0,21.0,22.0,22.0,23.0,20.0,22.0,23.0,21.0,10.0,hold,8,8,22.8381
1787153771.1921,2026-08-19 17:36:11.192,10,c3,1,0,-0.03815,-0.49682,0.03971,-4.3397,10.5366,-16.4085,-0.0748,0.0002,-0.347,2.43516,23.0,23.0,27.0,23.0,27.0,33.0,35.0,28.0,32.0,30.0,35.0,30.0,29.0,34.0,24.0,25.0,29.0,27.0,25.0,21.0,22.0,21.0,21.0,22.0,21.0,22.0,21.0,22.0,21.0,21.0,21.0,22.0,22.0,23.0,20.0,22.0,23.0,21.0,10.0,hold,8,8,22.818
1787153771.2422,2026-08-19 17:36:11.242,10,c3,1,0,-0.03814,-0.49681,0.0397,-3.8318,10.3613,-16.4874,-0.0724,0.0137,-0.3544,2.44195,25.0,24.0,27.0,25.0,26.0,33.0,35.0,26.0,33.0,30.0,34.0,26.0,30.0,35.0,22.0,25.0,28.0,27.0,26.0,21.0,22.0,21.0,21.0,22.0,21.0,22.0,21.0,22.0,21.0,21.0,21.0,22.0,22.0,23.0,20.0,22.0,23.0,21.0,10.0,hold,8,8,22.7575
1787153771.2923,2026-08-19 17:36:11.292,10,c3,1,0,-0.03813,-0.49682,0.03971,-4.1508,10.5366,-16.5697,-0.076,0.0033,-0.3464,2.43566,25.0,24.0,27.0,25.0,26.0,33.0,35.0,26.0,33.0,30.0,34.0,26.0,30.0,35.0,22.0,25.0,28.0,27.0,26.0,21.0,22.0,21.0,21.0,22.0,21.0,22.0,21.0,22.0,21.0,21.0,21.0,22.0,22.0,23.0,20.0,22.0,23.0,21.0,10.0,hold,8,8,22.8135
1787153771.3424,2026-08-19 17:36:11.342,10,c3,1,0,-0.03811,-0.49681,0.0397,-4.0526,10.0601,-16.3881,-0.0673,0.0062,-0.3499,2.43818,24.0,27.0,25.0,23.0,28.0,31.0,33.0,27.0,32.0,31.0,34.0,26.0,30.0,34.0,24.0,25.0,28.0,25.0,26.0,21.0,22.0,21.0,21.0,22.0,21.0,22.0,21.0,22.0,21.0,21.0,21.0,22.0,22.0,23.0,20.0,22.0,23.0,21.0,10.0,hold,8,8,22.7911
1787153771.3924,2026-08-19 17:36:11.392,10,c3,1,0,-0.03815,-0.49682,0.03973,-4.0682,10.4386,-16.5425,-0.0739,0.0062,-0.356,2.44422,24.0,27.0,25.0,23.0,28.0,31.0,33.0,27.0,32.0,31.0,34.0,26.0,30.0,34.0,24.0,25.0,28.0,25.0,26.0,21.0,22.0,21.0,21.0,22.0,21.0,22.0,21.0,22.0,21.0,21.0,21.0,22.0,22.0,23.0,20.0,22.0,23.0,21.0,10.0,hold,8,8,22.7373
1787153771.4425,2026-08-19 17:36:11.442,10,c3,1,0,-0.03814,-0.49681,0.03971,-3.8158,10.2806,-16.6516,-0.0716,0.0135,-0.3465,2.44674,23.0,26.0,27.0,23.0,28.0,33.0,32.0,27.0,33.0,31.0,34.0,26.0,31.0,34.0,23.0,24.0,29.0,25.0,23.0,21.0,22.0,21.0,21.0,22.0,21.0,22.0,21.0,22.0,21.0,21.0,21.0,22.0,22.0,23.0,20.0,22.0,23.0,21.0,10.0,hold,8,8,22.7149
1787153771.4926,2026-08-19 17:36:11.492,10,c3,1,0,-0.03813,-0.49682,0.03971,-3.8599,10.1298,-16.6403,-0.0702,0.0135,-0.3522,2.448,25.0,27.0,26.0,24.0,29.0,33.0,34.0,27.0,33.0,31.0,37.0,28.0,29.0,34.0,25.0,27.0,28.0,25.0,26.0,21.0,22.0,21.0,21.0,22.0,21.0,22.0,21.0,22.0,21.0,21.0,21.0,22.0,22.0,23.0,20.0,22.0,23.0,21.0,10.0,hold,8,8,22.7037
1787153771.5426,2026-08-19 17:36:11.542,10,c3,1,0,-0.03814,-0.49682,0.03971,-3.9464,10.1097,-16.7114,-0.0668,0.0087,-0.3442,2.45102,25.0,27.0,26.0,24.0,29.0,33.0,34.0,27.0,33.0,31.0,37.0,28.0,29.0,34.0,25.0,27.0,28.0,25.0,26.0,21.0,22.0,21.0,21.0,22.0,21.0,22.0,21.0,22.0,21.0,21.0,21.0,22.0,22.0,23.0,20.0,22.0,23.0,21.0,10.0,hold,8,8,22.6769
1787153771.5927,2026-08-19 17:36:11.592,10,c3,1,0,-0.03815,-0.49683,0.03972,-3.9356,10.4028,-16.6509,-0.0728,0.0112,-0.3492,2.44548,24.0,24.0,26.0,23.0,27.0,32.0,35.0,27.0,34.0,31.0,37.0,27.0,31.0,34.0,24.0,25.0,29.0,27.0,24.0,21.0,22.0,21.0,21.0,22.0,21.0,22.0,21.0,22.0,21.0,21.0,21.0,22.0,22.0,23.0,20.0,22.0,23.0,21.0,10.0,hold,8,8,22.7261
1787153771.6428,2026-08-19 17:36:11.642,10,c3,1,0,-0.03814,-0.49681,0.03971,-4.2659,10.7502,-16.5574,-0.083,0.0012,-0.352,2.45228,24.0,24.0,26.0,23.0,27.0,32.0,35.0,27.0,34.0,31.0,37.0,27.0,31.0,34.0,24.0,25.0,29.0,27.0,24.0,21.0,22.0,21.0,21.0,22.0,21.0,22.0,21.0,22.0,21.0,21.0,21.0,22.0,22.0,23.0,20.0,22.0,23.0,21.0,10.0,hold,8,8,22.6657
1787153771.6928,2026-08-19 17:36:11.692,10,c3,1,0,-0.03812,-0.49681,0.03971,-4.3047,10.1184,-16.4807,-0.0654,0.0046,-0.3545,2.45228,24.0,25.0,27.0,23.0,28.0,32.0,36.0,25.0,32.0,31.0,36.0,26.0,30.0,35.0,24.0,23.0,29.0,27.0,23.0,21.0,22.0,21.0,21.0,22.0,21.0,22.0,21.0,22.0,21.0,21.0,21.0,22.0,22.0,23.0,20.0,22.0,23.0,21.0,10.0,hold,8,8,22.6657
1787153771.7429,2026-08-19 17:36:11.742,10,c3,1,0,-0.03813,-0.49682,0.03971,-4.0164,10.216,-16.6052,-0.0719,0.0073,-0.3546,2.45328,22.0,24.0,27.0,23.0,28.0,33.0,33.0,27.0,33.0,30.0,36.0,27.0,32.0,33.0,24.0,25.0,27.0,26.0,26.0,21.0,22.0,21.0,21.0,22.0,21.0,22.0,21.0,22.0,21.0,21.0,21.0,22.0,22.0,23.0,20.0,22.0,23.0,21.0,10.0,hold,8,8,22.6567
1787153771.793,2026-08-19 17:36:11.792,10,c3,1,0,-0.03814,-0.49683,0.03973,-4.1054,10.4531,-16.4729,-0.0745,0.0048,-0.3474,2.44951,22.0,24.0,27.0,23.0,28.0,33.0,33.0,27.0,33.0,30.0,36.0,27.0,32.0,33.0,24.0,25.0,27.0,26.0,26.0,21.0,22.0,21.0,21.0,22.0,21.0,22.0,21.0,22.0,21.0,21.0,21.0,22.0,22.0,23.0,20.0,22.0,23.0,21.0,10.0,hold,8,8,22.6903
1787153771.8431,2026-08-19 17:36:11.843,10,c3,1,0,-0.03815,-0.4968,0.03971,-4.1905,10.0852,-16.6571,-0.0665,0.0058,-0.3509,2.44875,25.0,25.0,25.0,24.0,29.0,33.0,34.0,30.0,32.0,31.0,36.0,30.0,30.0,35.0,23.0,26.0,29.0,25.0,26.0,21.0,22.0,21.0,21.0,22.0,21.0,22.0,21.0,22.0,21.0,21.0,21.0,22.0,22.0,23.0,20.0,22.0,23.0,21.0,10.0,hold,8,8,22.697
1787153771.8932,2026-08-19 17:36:11.893,10,c3,1,0,-0.03813,-0.49683,0.03973,-3.7952,10.0614,-16.5654,-0.0656,0.0147,-0.3494,2.44951,25.0,25.0,25.0,24.0,29.0,33.0,34.0,30.0,32.0,31.0,36.0,30.0,30.0,35.0,23.0,26.0,29.0,25.0,26.0,21.0,22.0,21.0,21.0,22.0,21.0,22.0,21.0,22.0,21.0,21.0,21.0,22.0,22.0,23.0,20.0,22.0,23.0,21.0,10.0,hold,8,8,22.6903
1787153771.9433,2026-08-19 17:36:11.943,10,c3,1,0,-0.03814,-0.49682,0.03971,-4.1642,10.2564,-16.3995,-0.0714,0.0084,-0.347,2.45631,27.0,24.0,28.0,27.0,28.0,33.0,35.0,27.0,33.0,30.0,35.0,26.0,29.0,34.0,24.0,25.0,28.0,26.0,25.0,21.0,22.0,21.0,21.0,22.0,21.0,22.0,21.0,22.0,21.0,21.0,21.0,22.0,22.0,23.0,20.0,22.0,23.0,21.0,10.0,hold,8,8,22.6298
1787153771.9933,2026-08-19 17:36:11.993,10,c3,1,0,-0.03814,-0.49681,0.03972,-4.042,10.3079,-16.4605,-0.0722,0.0119,-0.3488,2.45077,27.0,24.0,28.0,27.0,28.0,33.0,35.0,27.0,33.0,30.0,35.0,26.0,29.0,34.0,24.0,25.0,28.0,26.0,25.0,21.0,22.0,21.0,21.0,22.0,21.0,22.0,21.0,22.0,21.0,21.0,21.0,22.0,22.0,23.0,20.0,22.0,23.0,21.0,10.0,hold,8,8,22.6791
1787153772.0434,2026-08-19 17:36:12.043,10,c3,1,0,-0.03814,-0.49683,0.03972,-4.0213,10.1505,-16.7728,-0.0684,0.0096,-0.3521,2.45832,23.0,24.0,25.0,23.0,27.0,32.0,34.0,26.0,31.0,30.0,36.0,25.0,28.0,35.0,23.0,24.0,29.0,29.0,24.0,21.0,22.0,21.0,21.0,22.0,21.0,22.0,21.0,22.0,21.0,21.0,21.0,22.0,22.0,23.0,20.0,22.0,23.0,21.0,10.0,hold,8,8,22.6119
1787153772.0935,2026-08-19 17:36:12.093,10,c3,1,0,-0.03815,-0.49683,0.03974,-3.6791,10.0204,-16.647,-0.0661,0.0189,-0.3491,2.45505,25.0,24.0,26.0,24.0,27.0,32.0,34.0,28.0,32.0,31.0,36.0,26.0,29.0,34.0,23.0,25.0,27.0,25.0,25.0,21.0,22.0,21.0,21.0,22.0,21.0,22.0,21.0,22.0,21.0,21.0,21.0,22.0,22.0,23.0,20.0,22.0,23.0,21.0,10.0,hold,8,8,22.641
1787153772.1435,2026-08-19 17:36:12.143,10,c3,1,0,-0.03814,-0.49683,0.03972,-4.035,10.2217,-16.5931,-0.0698,0.0099,-0.3485,2.45228,25.0,24.0,26.0,24.0,27.0,32.0,34.0,28.0,32.0,31.0,36.0,26.0,29.0,34.0,23.0,25.0,27.0,25.0,25.0,21.0,22.0,21.0,21.0,22.0,21.0,22.0,21.0,22.0,21.0,21.0,21.0,22.0,22.0,23.0,20.0,22.0,23.0,21.0,10.0,hold,8,8,22.6657
1787153772.1936,2026-08-19 17:36:12.193,10,c3,1,0,-0.03814,-0.49682,0.03972,-3.6428,10.0,-16.6292,-0.0677,0.0188,-0.3412,2.45454,23.0,23.0,26.0,23.0,26.0,32.0,33.0,27.0,31.0,29.0,35.0,27.0,30.0,34.0,23.0,25.0,27.0,25.0,23.0,21.0,22.0,21.0,21.0,22.0,21.0,22.0,21.0,22.0,21.0,21.0,21.0,22.0,22.0,23.0,20.0,22.0,23.0,21.0,10.0,hold,8,8,22.6455
1787153772.2437,2026-08-19 17:36:12.243,10,c3,1,0,-0.03815,-0.49682,0.03972,-4.2998,10.4384,-16.4343,-0.0724,0.0024,-0.3528,2.46109,23.0,23.0,26.0,23.0,26.0,32.0,33.0,27.0,31.0,29.0,35.0,27.0,30.0,34.0,23.0,25.0,27.0,25.0,23.0,21.0,22.0,21.0,21.0,22.0,21.0,22.0,21.0,22.0,21.0,21.0,21.0,22.0,22.0,23.0,20.0,22.0,23.0,21.0,10.0,hold,8,8,22.5873
1787153772.2938,2026-08-19 17:36:12.293,10,c3,1,0,-0.03812,-0.49682,0.03972,-4.002,10.1018,-16.578,-0.0658,0.0078,-0.3506,2.45303,26.0,25.0,25.0,24.0,27.0,30.0,33.0,26.0,32.0,29.0,35.0,26.0,29.0,34.0,24.0,22.0,28.0,26.0,24.0,21.0,22.0,21.0,21.0,22.0,21.0,22.0,21.0,22.0,21.0,21.0,21.0,22.0,22.0,23.0,20.0,22.0,23.0,21.0,10.0,hold,8,8,22.6589
1787153772.3439,2026-08-19 17:36:12.343,10,c3,1,0,-0.03813,-0.49682,0.03972,-3.8999,9.9878,-16.685,-0.0646,0.0146,-0.3529,2.45177,23.0,25.0,27.0,23.0,27.0,32.0,34.0,28.0,31.0,30.0,37.0,27.0,30.0,36.0,23.0,25.0,28.0,27.0,26.0,21.0,22.0,21.0,21.0,22.0,21.0,22.0,21.0,22.0,21.0,21.0,21.0,22.0,22.0,23.0,20.0,22.0,23.0,21.0,10.0,hold,8,8,22.6701
1787153772.3939,2026-08-19 17:36:12.393,10,c3,1,0,-0.03813,-0.49681,0.03971,-3.8209,9.876,-16.5347,-0.0576,0.0135,-0.3528,2.45908,23.0,25.0,27.0,23.0,27.0,32.0,34.0,28.0,31.0,30.0,37.0,27.0,30.0,36.0,23.0,25.0,28.0,27.0,26.0,21.0,22.0,21.0,21.0,22.0,21.0,22.0,21.0,22.0,21.0,21.0,21.0,22.0,22.0,23.0,20.0,22.0,23.0,21.0,10.0,hold,8,8,22.6052
1787153772.444,2026-08-19 17:36:12.443,10,c3,1,0,-0.03814,-0.49681,0.03973,-4.0608,10.2245,-16.5829,-0.0678,0.0074,-0.3517,2.45505,26.0,24.0,26.0,25.0,26.0,31.0,35.0,26.0,31.0,33.0,34.0,26.0,28.0,35.0,23.0,25.0,29.0,25.0,25.0,21.0,22.0,21.0,21.0,22.0,21.0,22.0,21.0,22.0,21.0,21.0,21.0,22.0,22.0,23.0,20.0,22.0,23.0,21.0,10.0,hold,8,8,22.641
1787153772.4941,2026-08-19 17:36:12.494,10,c3,1,0,-0.03813,-0.49681,0.03972,-3.9202,10.298,-16.5768,-0.0678,0.0121,-0.3503,2.45303,26.0,24.0,26.0,25.0,26.0,31.0,35.0,26.0,31.0,33.0,34.0,26.0,28.0,35.0,23.0,25.0,29.0,25.0,25.0,21.0,22.0,21.0,21.0,22.0,21.0,22.0,21.0,22.0,21.0,21.0,21.0,22.0,22.0,23.0,20.0,22.0,23.0,21.0,10.0,hold,8,8,22.6589
1787153772.5442,2026-08-19 17:36:12.544,10,c3,1,0,-0.03813,-0.49681,0.03971,-3.9835,9.9808,-16.6605,-0.0647,0.0075,-0.3442,2.45354,24.0,24.0,28.0,23.0,27.0,33.0,33.0,28.0,31.0,33.0,35.0,28.0,30.0,37.0,23.0,25.0,30.0,26.0,25.0,21.0,22.0,21.0,21.0,22.0,21.0,22.0,21.0,22.0,21.0,21.0,21.0,22.0,22.0,23.0,20.0,22.0,23.0,21.0,10.0,hold,8,8,22.6545
1787153772.5942,2026-08-19 17:36:12.594,10,c3,1,0,-0.03812,-0.4968,0.0397,-4.0494,10.1553,-16.7522,-0.0679,0.0075,-0.3511,2.46184,24.0,25.0,29.0,23.0,26.0,35.0,35.0,29.0,31.0,32.0,35.0,29.0,30.0,34.0,23.0,27.0,29.0,26.0,26.0,21.0,22.0,21.0,21.0,22.0,21.0,22.0,21.0,22.0,21.0,21.0,21.0,22.0,22.0,23.0,20.0,22.0,23.0,21.0,10.0,hold,8,8,22.5805
1787153772.6443,2026-08-19 17:36:12.644,10,c3,1,0,-0.03814,-0.49682,0.03973,-3.7931,10.098,-16.6535,-0.0639,0.0152,-0.3459,2.46059,24.0,25.0,29.0,23.0,26.0,35.0,35.0,29.0,31.0,32.0,35.0,29.0,30.0,34.0,23.0,27.0,29.0,26.0,26.0,21.0,22.0,21.0,21.0,22.0,21.0,22.0,21.0,22.0,21.0,21.0,21.0,22.0,22.0,23.0,20.0,22.0,23.0,21.0,10.0,hold,8,8,22.5917
1787153772.6945,2026-08-19 17:36:12.694,10,c3,1,0,-0.03814,-0.49682,0.03972,-3.783,10.0254,-16.76,-0.0647,0.0166,-0.3437,2.46084,25.0,24.0,27.0,25.0,26.0,33.0,35.0,26.0,32.0,31.0,34.0,27.0,30.0,34.0,23.0,24.0,29.0,25.0,25.0,21.0,22.0,21.0,21.0,22.0,21.0,22.0,21.0,22.0,21.0,21.0,21.0,22.0,22.0,23.0,20.0,22.0,23.0,21.0,10.0,hold,8,8,22.5895
1787153772.7445,2026-08-19 17:36:12.744,10,c3,1,0,-0.03813,-0.49682,0.03972,-3.8497,9.9998,-16.8331,-0.0625,0.0122,-0.3479,2.46134,25.0,24.0,27.0,25.0,26.0,33.0,35.0,26.0,32.0,31.0,34.0,27.0,30.0,34.0,23.0,24.0,29.0,25.0,25.0,21.0,22.0,21.0,21.0,22.0,21.0,22.0,21.0,22.0,21.0,21.0,21.0,22.0,22.0,23.0,20.0,22.0,23.0,21.0,10.0,hold,8,8,22.585
1787153772.7946,2026-08-19 17:36:12.794,10,c3,1,0,-0.03812,-0.49682,0.03971,-3.8541,10.1507,-16.6747,-0.0648,0.0139,-0.3511,2.46738,24.0,25.0,26.0,24.0,27.0,31.0,33.0,29.0,33.0,32.0,34.0,28.0,31.0,36.0,23.0,26.0,30.0,24.0,24.0,21.0,22.0,21.0,21.0,22.0,21.0,22.0,21.0,22.0,21.0,21.0,21.0,22.0,22.0,23.0,20.0,22.0,23.0,21.0,10.0,hold,8,8,22.5313
1787153772.8447,2026-08-19 17:36:12.844,10,c3,1,0,-0.03814,-0.49682,0.03972,-3.6651,10.2152,-16.8833,-0.0659,0.0213,-0.3505,2.46436,24.0,25.0,26.0,24.0,27.0,31.0,33.0,29.0,33.0,32.0,34.0,28.0,31.0,36.0,23.0,26.0,30.0,24.0,24.0,21.0,22.0,21.0,21.0,22.0,21.0,22.0,21.0,22.0,21.0,21.0,21.0,22.0,22.0,23.0,20.0,22.0,23.0,21.0,10.0,hold,8,8,22.5581
1787153772.8948,2026-08-19 17:36:12.894,10,c3,1,0,-0.03815,-0.49682,0.03972,-4.0542,10.3107,-16.7177,-0.0704,0.0081,-0.3471,2.45908,23.0,25.0,28.0,25.0,27.0,33.0,33.0,27.0,32.0,32.0,35.0,27.0,30.0,35.0,26.0,25.0,29.0,26.0,24.0,21.0,22.0,21.0,21.0,22.0,21.0,22.0,21.0,22.0,21.0,21.0,21.0,22.0,22.0,23.0,20.0,22.0,23.0,21.0,10.0,hold,8,8,22.6052
1787153772.9449,2026-08-19 17:36:12.944,10,c3,1,0,-0.03814,-0.49682,0.03973,-3.7715,10.2432,-16.8694,-0.0693,0.0154,-0.3418,2.46512,23.0,25.0,27.0,23.0,27.0,33.0,34.0,27.0,32.0,31.0,35.0,26.0,30.0,34.0,24.0,24.0,28.0,26.0,24.0,21.0,22.0,21.0,21.0,22.0,21.0,22.0,21.0,22.0,21.0,21.0,21.0,22.0,22.0,23.0,20.0,22.0,23.0,21.0,10.0,hold,8,8,22.5514
1787153772.9949,2026-08-19 17:36:12.994,10,c3,1,0,-0.03813,-0.49682,0.03972,-4.1138,10.0713,-16.6374,-0.0647,0.0061,-0.3506,2.46713,23.0,25.0,27.0,23.0,27.0,33.0,34.0,27.0,32.0,31.0,35.0,26.0,30.0,34.0,24.0,24.0,28.0,26.0,24.0,21.0,22.0,21.0,21.0,22.0,21.0,22.0,21.0,22.0,21.0,21.0,21.0,22.0,22.0,23.0,20.0,22.0,23.0,21.0,10.0,hold,8,8,22.5335
1787153773.045,2026-08-19 17:36:13.045,10,c3,1,0,-0.03816,-0.49682,0.03973,-3.8833,10.371,-16.6958,-0.0725,0.0095,-0.3464,2.46159,25.0,25.0,27.0,23.0,27.0,32.0,34.0,27.0,33.0,34.0,36.0,26.0,32.0,38.0,25.0,24.0,32.0,26.0,25.0,21.0,22.0,21.0,21.0,22.0,21.0,22.0,21.0,22.0,21.0,21.0,21.0,22.0,22.0,23.0,20.0,22.0,23.0,21.0,10.0,hold,8,8,22.5828
1787153773.0951,2026-08-19 17:36:13.095,10,c3,1,0,-0.03812,-0.49682,0.03972,-3.8193,10.0885,-16.5126,-0.0669,0.0118,-0.3494,2.46109,25.0,25.0,27.0,23.0,27.0,32.0,34.0,27.0,33.0,34.0,36.0,26.0,32.0,38.0,25.0,24.0,32.0,26.0,25.0,21.0,22.0,21.0,21.0,22.0,21.0,22.0,21.0,22.0,21.0,21.0,21.0,22.0,22.0,23.0,20.0,22.0,23.0,21.0,10.0,hold,8,8,22.5873
1787153773.1452,2026-08-19 17:36:13.145,10,c3,1,0,-0.03813,-0.49682,0.03972,-4.1512,10.6256,-16.7738,-0.0754,0.0069,-0.3534,2.46487,24.0,26.0,30.0,23.0,30.0,35.0,35.0,24.0,32.0,31.0,34.0,24.0,30.0,36.0,24.0,24.0,30.0,25.0,25.0,21.0,22.0,21.0,21.0,22.0,21.0,22.0,21.0,22.0,21.0,21.0,21.0,22.0,22.0,23.0,20.0,22.0,23.0,21.0,10.0,hold,8,8,22.5537
1787153773.1953,2026-08-19 17:36:13.195,10,c3,1,0,-0.03814,-0.49681,0.03972,-4.1498,10.4436,-16.8437,-0.0739,0.0036,-0.3533,2.46487,24.0,25.0,27.0,23.0,28.0,34.0,33.0,26.0,33.0,32.0,33.0,26.0,31.0,36.0,25.0,23.0,29.0,25.0,23.0,21.0,22.0,21.0,21.0,22.0,21.0,22.0,21.0,22.0,21.0,21.0,21.0,22.0,22.0,23.0,20.0,22.0,23.0,21.0,10.0,hold,8,8,22.5537
1787153773.2454,2026-08-19 17:36:13.245,10,c3,1,0,-0.03815,-0.49682,0.03973,-3.73,10.063,-16.9143,-0.0619,0.0164,-0.3461,2.4694,24.0,25.0,27.0,23.0,28.0,34.0,33.0,26.0,33.0,32.0,33.0,26.0,31.0,36.0,25.0,23.0,29.0,25.0,23.0,21.0,22.0,21.0,21.0,22.0,21.0,22.0,21.0,22.0,21.0,21.0,21.0,22.0,22.0,23.0,20.0,22.0,23.0,21.0,10.0,hold,8,8,22.5134
1787153773.2955,2026-08-19 17:36:13.295,10,c3,1,0,-0.03813,-0.49683,0.03972,-4.0201,10.1745,-16.7136,-0.0674,0.0079,-0.3476,2.46184,23.0,25.0,29.0,22.0,29.0,34.0,32.0,27.0,32.0,33.0,34.0,29.0,29.0,36.0,24.0,25.0,30.0,25.0,25.0,21.0,22.0,21.0,21.0,22.0,21.0,22.0,21.0,22.0,21.0,21.0,21.0,22.0,22.0,23.0,20.0,22.0,23.0,21.0,10.0,hold,8,8,22.5805
1787153773.3455,2026-08-19 17:36:13.345,10,c3,1,0,-0.03814,-0.49682,0.03972,-3.9673,10.2189,-16.5647,-0.0686,0.012,-0.3488,2.4631,23.0,25.0,29.0,22.0,29.0,34.0,32.0,27.0,32.0,33.0,34.0,29.0,29.0,36.0,24.0,25.0,30.0,25.0,25.0,21.0,22.0,21.0,21.0,22.0,21.0,22.0,21.0,22.0,21.0,21.0,21.0,22.0,22.0,23.0,20.0,22.0,23.0,21.0,10.0,hold,8,8,22.5693
1787153773.3956,2026-08-19 17:36:13.395,10,c3,1,0,-0.03813,-0.49681,0.03971,-4.1611,10.6738,-16.5992,-0.0786,0.0026,-0.3544,2.4621,25.0,24.0,27.0,24.0,28.0,34.0,33.0,28.0,32.0,33.0,35.0,27.0,29.0,35.0,23.0,25.0,29.0,26.0,26.0,21.0,22.0,21.0,21.0,22.0,21.0,22.0,21.0,22.0,21.0,21.0,21.0,22.0,22.0,23.0,20.0,22.0,23.0,21.0,10.0,hold,8,8,22.5783
1787153773.4457,2026-08-19 17:36:13.445,10,c3,1,0,-0.03813,-0.49682,0.03972,-4.0522,10.388,-16.6505,-0.0735,0.0082,-0.3533,2.46411,24.0,24.0,27.0,23.0,26.0,32.0,34.0,25.0,33.0,31.0,36.0,25.0,29.0,35.0,26.0,25.0,28.0,28.0,24.0,21.0,22.0,21.0,21.0,22.0,21.0,22.0,21.0,22.0,21.0,21.0,21.0,22.0,22.0,23.0,20.0,22.0,23.0,21.0,10.0,hold,8,8,22.5604
1787153773.4958,2026-08-19 17:36:13.495,10,c3,1,0,-0.03815,-0.49682,0.03972,-3.9967,10.4375,-16.7466,-0.0748,0.0078,-0.3471,2.46889,24.0,24.0,27.0,23.0,26.0,32.0,34.0,25.0,33.0,31.0,36.0,25.0,29.0,35.0,26.0,25.0,28.0,28.0,24.0,21.0,22.0,21.0,21.0,22.0,21.0,22.0,21.0,22.0,21.0,21.0,21.0,22.0,22.0,23.0,20.0,22.0,23.0,21.0,10.0,hold,8,8,22.5178
1787153773.5459,2026-08-19 17:36:13.545,10,c3,1,0,-0.03814,-0.49682,0.03971,-4.1076,10.1103,-16.7521,-0.0642,0.0084,-0.3511,2.47468,22.0,25.0,27.0,23.0,27.0,32.0,34.0,25.0,31.0,31.0,34.0,26.0,28.0,36.0,24.0,24.0,31.0,26.0,23.0,21.0,22.0,21.0,21.0,22.0,21.0,22.0,21.0,22.0,21.0,21.0,21.0,22.0,22.0,23.0,20.0,22.0,23.0,21.0,10.0,hold,8,8,22.4663
1787153773.5959,2026-08-19 17:36:13.595,10,c3,1,0,-0.03814,-0.49681,0.03971,-3.8321,10.2944,-16.7608,-0.073,0.0141,-0.3536,2.46461,22.0,25.0,27.0,23.0,27.0,32.0,34.0,25.0,31.0,31.0,34.0,26.0,28.0,36.0,24.0,24.0,31.0,26.0,23.0,21.0,22.0,21.0,21.0,22.0,21.0,22.0,21.0,22.0,21.0,21.0,21.0,22.0,22.0,23.0,20.0,22.0,23.0,21.0,10.0,hold,8,8,22.5559
1787153773.646,2026-08-19 17:36:13.646,10,c3,1,0,-0.03814,-0.49682,0.03972,-4.0333,10.2627,-16.5789,-0.0719,0.0089,-0.3494,2.46487,22.0,24.0,26.0,23.0,26.0,33.0,34.0,28.0,33.0,32.0,36.0,29.0,30.0,35.0,23.0,24.0,30.0,26.0,24.0,21.0,22.0,21.0,21.0,22.0,21.0,22.0,21.0,22.0,21.0,21.0,21.0,22.0,22.0,23.0,20.0,22.0,23.0,21.0,10.0,hold,8,8,22.5537
1787153773.6961,2026-08-19 17:36:13.696,10,c3,1,0,-0.03813,-0.49683,0.03972,-4.2513,10.4919,-16.6465,-0.0751,0.0012,-0.3479,2.46713,25.0,26.0,28.0,25.0,27.0,33.0,33.0,29.0,31.0,31.0,36.0,28.0,30.0,35.0,25.0,27.0,29.0,26.0,25.0,21.0,22.0,21.0,21.0,22.0,21.0,22.0,21.0,22.0,21.0,21.0,21.0,22.0,22.0,23.0,20.0,22.0,23.0,21.0,10.0,hold,8,8,22.5335
1787153773.7462,2026-08-19 17:36:13.746,10,c3,1,0,-0.03816,-0.49683,0.03973,-3.8054,10.2188,-16.5473,-0.0684,0.0159,-0.3486,2.46915,25.0,26.0,28.0,25.0,27.0,33.0,33.0,29.0,31.0,31.0,36.0,28.0,30.0,35.0,25.0,27.0,29.0,26.0,25.0,21.0,22.0,21.0,21.0,22.0,21.0,22.0,21.0,22.0,21.0,21.0,21.0,22.0,22.0,23.0,20.0,22.0,23.0,21.0,10.0,hold,8,8,22.5156
1787153773.7963,2026-08-19 17:36:13.796,10,c3,1,0,-0.03813,-0.49682,0.03971,-4.3498,10.1363,-16.5755,-0.065,0.0005,-0.3544,2.47368,24.0,24.0,26.0,25.0,26.0,33.0,34.0,29.0,32.0,32.0,36.0,29.0,29.0,35.0,25.0,25.0,29.0,27.0,24.0,21.0,22.0,21.0,21.0,22.0,21.0,22.0,21.0,22.0,21.0,21.0,21.0,22.0,22.0,23.0,20.0,22.0,23.0,21.0,10.0,hold,8,8,22.4753
1787153773.8464,2026-08-19 17:36:13.846,10,c3,1,0,-0.03814,-0.49682,0.03972,-3.9232,10.2067,-16.6803,-0.0673,0.0101,-0.3483,2.46612,24.0,24.0,26.0,25.0,26.0,33.0,34.0,29.0,32.0,32.0,36.0,29.0,29.0,35.0,25.0,25.0,29.0,27.0,24.0,21.0,22.0,21.0,21.0,22.0,21.0,22.0,21.0,22.0,21.0,21.0,21.0,22.0,22.0,23.0,20.0,22.0,23.0,21.0,10.0,hold,8,8,22.5425
1787153773.8965,2026-08-19 17:36:13.896,10,c3,1,0,-0.03815,-0.49682,0.03972,-4.1743,10.5905,-16.6574,-0.0758,0.0043,-0.3516,2.46713,24.0,24.0,26.0,23.0,26.0,33.0,34.0,27.0,32.0,31.0,36.0,27.0,29.0,34.0,25.0,25.0,29.0,27.0,25.0,21.0,22.0,21.0,21.0,22.0,21.0,22.0,21.0,22.0,21.0,21.0,21.0,22.0,22.0,23.0,20.0,22.0,23.0,21.0,10.0,hold,8,8,22.5335
1787153773.9465,2026-08-19 17:36:13.946,10,c3,1,0,-0.03816,-0.49681,0.0397,-3.8088,10.2934,-16.6036,-0.0719,0.0137,-0.3482,2.46965,24.0,24.0,26.0,23.0,26.0,33.0,34.0,27.0,32.0,31.0,36.0,27.0,29.0,34.0,25.0,25.0,29.0,27.0,25.0,21.0,22.0,21.0,21.0,22.0,21.0,22.0,21.0,22.0,21.0,21.0,21.0,22.0,22.0,23.0,20.0,22.0,23.0,21.0,10.0,hold,8,8,22.5111
1787153773.9966,2026-08-19 17:36:13.996,10,c3,1,0,-0.03813,-0.49681,0.03971,-3.9684,9.9379,-16.6338,-0.0612,0.0094,-0.3521,2.47317,23.0,24.0,26.0,23.0,27.0,32.0,34.0,26.0,31.0,31.0,36.0,26.0,30.0,36.0,24.0,24.0,30.0,26.0,24.0,21.0,22.0,21.0,21.0,22.0,21.0,22.0,21.0,22.0,21.0,21.0,21.0,22.0,22.0,23.0,20.0,22.0,23.0,21.0,10.0,hold,8,8,22.4798
1787153774.0467,2026-08-19 17:36:14.046,10,c3,1,0,-0.03814,-0.49681,0.03971,-3.9374,10.5079,-16.7972,-0.077,0.0086,-0.35,2.47368,25.0,24.0,27.0,24.0,27.0,33.0,35.0,27.0,33.0,31.0,33.0,27.0,31.0,35.0,23.0,25.0,29.0,26.0,26.0,21.0,22.0,21.0,21.0,22.0,21.0,22.0,21.0,22.0,21.0,21.0,21.0,22.0,22.0,23.0,20.0,22.0,23.0,21.0,10.0,hold,8,8,22.4753
1787153774.0967,2026-08-19 17:36:14.096,10,c3,1,0,-0.03813,-0.49682,0.03973,-4.1576,10.5671,-16.9284,-0.0752,0.0045,-0.3519,2.47569,25.0,24.0,27.0,24.0,27.0,33.0,35.0,27.0,33.0,31.0,33.0,27.0,31.0,35.0,23.0,25.0,29.0,26.0,26.0,21.0,22.0,21.0,21.0,22.0,21.0,22.0,21.0,22.0,21.0,21.0,21.0,22.0,22.0,23.0,20.0,22.0,23.0,21.0,10.0,hold,8,8,22.4574
1787153774.1468,2026-08-19 17:36:14.146,10,c3,1,0,-0.03814,-0.49681,0.03971,-3.5999,9.8609,-16.6358,-0.0617,0.0176,-0.3521,2.47821,24.0,26.0,26.0,25.0,29.0,33.0,33.0,26.0,32.0,30.0,33.0,26.0,31.0,33.0,24.0,23.0,28.0,26.0,23.0,21.0,22.0,21.0,21.0,22.0,21.0,22.0,21.0,22.0,21.0,21.0,21.0,22.0,22.0,23.0,20.0,22.0,23.0,21.0,10.0,hold,8,8,22.4349
1787153774.1969,2026-08-19 17:36:14.196,10,c3,1,0,-0.03814,-0.49683,0.03973,-4.0622,10.2266,-16.6118,-0.0677,0.0089,-0.3478,2.46889,24.0,26.0,26.0,25.0,29.0,33.0,33.0,26.0,32.0,30.0,33.0,26.0,31.0,33.0,24.0,23.0,28.0,26.0,23.0,21.0,22.0,21.0,21.0,22.0,21.0,22.0,21.0,22.0,21.0,21.0,21.0,22.0,22.0,23.0,20.0,22.0,23.0,21.0,10.0,hold,8,8,22.5178
1787153774.2469,2026-08-19 17:36:14.246,10,c3,1,0,-0.03811,-0.49682,0.03972,-3.8276,10.1417,-16.9479,-0.0663,0.013,-0.354,2.46789,22.0,24.0,26.0,22.0,27.0,32.0,33.0,28.0,32.0,31.0,36.0,26.0,30.0,35.0,24.0,24.0,28.0,26.0,25.0,21.0,22.0,21.0,21.0,22.0,21.0,22.0,21.0,22.0,21.0,21.0,21.0,22.0,22.0,23.0,20.0,22.0,23.0,21.0,10.0,hold,8,8,22.5268
1787153774.297,2026-08-19 17:36:14.296,10,c3,1,0,-0.03813,-0.49683,0.03972,-3.9748,10.0804,-16.6477,-0.0628,0.01,-0.3506,2.46864,24.0,25.0,26.0,23.0,26.0,32.0,34.0,27.0,31.0,31.0,33.0,27.0,28.0,34.0,22.0,25.0,29.0,25.0,25.0,21.0,22.0,21.0,21.0,22.0,21.0,22.0,21.0,22.0,21.0,21.0,21.0,22.0,22.0,23.0,20.0,22.0,23.0,21.0,10.0,hold,8,8,22.5201
1787153774.3471,2026-08-19 17:36:14.347,10,c3,1,0,-0.03813,-0.49683,0.03972,-3.7661,10.1357,-16.6464,-0.0661,0.0162,-0.3504,2.47116,24.0,25.0,26.0,23.0,26.0,32.0,34.0,27.0,31.0,31.0,33.0,27.0,28.0,34.0,22.0,25.0,29.0,25.0,25.0,21.0,22.0,21.0,21.0,22.0,21.0,22.0,21.0,22.0,21.0,21.0,21.0,22.0,22.0,23.0,20.0,22.0,23.0,21.0,10.0,hold,8,8,22.4977
1787153774.3972,2026-08-19 17:36:14.397,10,c3,1,0,-0.03816,-0.49682,0.03973,-3.9351,10.1048,-16.7571,-0.0634,0.01,-0.3518,2.47292,23.0,23.0,25.0,24.0,26.0,30.0,33.0,27.0,32.0,31.0,34.0,27.0,31.0,35.0,23.0,26.0,30.0,25.0,26.0,21.0,22.0,21.0,21.0,22.0,21.0,22.0,21.0,22.0,21.0,21.0,21.0,22.0,22.0,23.0,20.0,22.0,23.0,21.0,10.0,hold,8,8,22.482
1787153774.4473,2026-08-19 17:36:14.447,10,c3,1,0,-0.03813,-0.49682,0.03971,-3.8517,10.1335,-16.6117,-0.0658,0.0142,-0.3522,2.47519,23.0,23.0,25.0,24.0,26.0,30.0,33.0,27.0,32.0,31.0,34.0,27.0,31.0,35.0,23.0,26.0,30.0,25.0,26.0,21.0,22.0,21.0,21.0,22.0,21.0,22.0,21.0,22.0,21.0,21.0,21.0,22.0,22.0,23.0,20.0,22.0,23.0,21.0,10.0,hold,8,8,22.4618
1787153774.4974,2026-08-19 17:36:14.497,10,c3,1,0,-0.03813,-0.49681,0.03971,-3.8372,9.8973,-16.6348,-0.0633,0.0162,-0.3531,2.47091,25.0,25.0,25.0,24.0,27.0,31.0,32.0,27.0,32.0,31.0,33.0,28.0,30.0,35.0,23.0,25.0,28.0,24.0,25.0,21.0,22.0,21.0,21.0,22.0,21.0,22.0,21.0,22.0,21.0,21.0,21.0,22.0,22.0,23.0,20.0,22.0,23.0,21.0,10.0,hold,8,8,22.4999
1787153774.5474,2026-08-19 17:36:14.547,10,c3,1,0,-0.03813,-0.49683,0.03973,-3.9496,10.1373,-16.4543,-0.0651,0.0095,-0.3553,2.47166,25.0,25.0,28.0,23.0,27.0,34.0,33.0,27.0,33.0,32.0,35.0,26.0,30.0,35.0,22.0,24.0,29.0,24.0,25.0,21.0,22.0,21.0,21.0,22.0,21.0,22.0,21.0,22.0,21.0,21.0,21.0,22.0,22.0,23.0,20.0,22.0,23.0,21.0,10.0,hold,8,8,22.4932
1787153774.5975,2026-08-19 17:36:14.597,10,c3,1,0,-0.03814,-0.49683,0.03972,-3.8851,10.2755,-16.4753,-0.0722,0.0114,-0.3538,2.46713,25.0,25.0,28.0,23.0,27.0,34.0,33.0,27.0,33.0,32.0,35.0,26.0,30.0,35.0,22.0,24.0,29.0,24.0,25.0,21.0,22.0,21.0,21.0,22.0,21.0,22.0,21.0,22.0,21.0,21.0,21.0,22.0,22.0,23.0,20.0,22.0,23.0,21.0,10.0,hold,8,8,22.5335
1787153774.6475,2026-08-19 17:36:14.647,10,c3,1,0,-0.03814,-0.49682,0.03971,-4.0976,10.342,-16.4078,-0.0673,0.0054,-0.348,2.4772,23.0,26.0,27.0,24.0,29.0,33.0,32.0,27.0,34.0,31.0,35.0,27.0,30.0,35.0,22.0,25.0,30.0,26.0,25.0,21.0,22.0,21.0,21.0,22.0,21.0,22.0,21.0,22.0,21.0,21.0,21.0,22.0,22.0,23.0,20.0,22.0,23.0,21.0,10.0,hold,8,8,22.4439
1787153774.6975,2026-08-19 17:36:14.697,10,c3,1,0,-0.03815,-0.49682,0.03971,-4.3148,10.2185,-16.5155,-0.0713,-0.0001,-0.3495,2.47242,23.0,26.0,27.0,24.0,29.0,33.0,32.0,27.0,34.0,31.0,35.0,27.0,30.0,35.0,22.0,25.0,30.0,26.0,25.0,21.0,22.0,21.0,21.0,22.0,21.0,22.0,21.0,22.0,21.0,21.0,21.0,22.0,22.0,23.0,20.0,22.0,23.0,21.0,10.0,hold,8,8,22.4865
1787153774.7477,2026-08-19 17:36:14.747,10,c3,1,0,-0.03813,-0.49682,0.03972,-3.9197,10.1822,-16.7109,-0.0675,0.0087,-0.3464,2.47897,25.0,25.0,26.0,24.0,28.0,33.0,35.0,28.0,29.0,32.0,35.0,27.0,28.0,36.0,23.0,25.0,30.0,26.0,24.0,21.0,22.0,21.0,21.0,22.0,21.0,22.0,21.0,22.0,21.0,21.0,21.0,22.0,22.0,23.0,20.0,22.0,23.0,21.0,10.0,hold,8,8,22.4282
1787153774.7979,2026-08-19 17:36:14.797,10,c3,1,0,-0.03813,-0.49682,0.03972,-4.0303,10.342,-16.7965,-0.0725,0.0055,-0.348,2.4694,25.0,25.0,26.0,24.0,28.0,33.0,35.0,28.0,29.0,32.0,35.0,27.0,28.0,36.0,23.0,25.0,30.0,26.0,24.0,21.0,22.0,21.0,21.0,22.0,21.0,22.0,21.0,22.0,21.0,21.0,21.0,22.0,22.0,23.0,20.0,22.0,23.0,21.0,10.0,hold,8,8,22.5134
1787153774.848,2026-08-19 17:36:14.847,10,c3,1,0,-0.03814,-0.49682,0.03972,-3.7594,9.9916,-16.7489,-0.0657,0.0149,-0.3503,2.4762,23.0,23.0,27.0,22.0,26.0,34.0,32.0,27.0,33.0,31.0,34.0,27.0,31.0,35.0,24.0,23.0,29.0,25.0,24.0,21.0,22.0,21.0,21.0,22.0,21.0,22.0,21.0,22.0,21.0,21.0,21.0,22.0,22.0,23.0,20.0,22.0,23.0,21.0,10.0,hold,8,8,22.4529
1787153774.8981,2026-08-19 17:36:14.898,10,c3,1,0,-0.03813,-0.49682,0.03972,-3.9318,9.9687,-16.8095,-0.0623,0.0131,-0.3474,2.47242,24.0,26.0,26.0,22.0,29.0,33.0,33.0,27.0,33.0,30.0,34.0,26.0,30.0,34.0,23.0,24.0,28.0,27.0,25.0,21.0,22.0,21.0,21.0,22.0,21.0,22.0,21.0,22.0,21.0,21.0,21.0,22.0,22.0,23.0,20.0,22.0,23.0,21.0,10.0,hold,8,8,22.4865
1787153774.9483,2026-08-19 17:36:14.948,10,c3,1,0,-0.03815,-0.49682,0.03973,-3.881,10.256,-16.6846,-0.0706,0.009,-0.3501,2.47443,24.0,26.0,26.0,22.0,29.0,33.0,33.0,27.0,33.0,30.0,34.0,26.0,30.0,34.0,23.0,24.0,28.0,27.0,25.0,21.0,22.0,21.0,21.0,22.0,21.0,22.0,21.0,22.0,21.0,21.0,21.0,22.0,22.0,23.0,20.0,22.0,23.0,21.0,10.0,hold,8,8,22.4686
1787153774.9984,2026-08-19 17:36:14.998,10,c3,1,0,-0.03815,-0.49682,0.03972,-3.7441,9.9849,-16.7627,-0.0658,0.0192,-0.3495,2.48174,24.0,25.0,27.0,24.0,27.0,31.0,34.0,26.0,32.0,31.0,36.0,27.0,30.0,34.0,22.0,23.0,30.0,25.0,25.0,21.0,22.0,21.0,21.0,22.0,21.0,22.0,21.0,22.0,21.0,21.0,21.0,22.0,22.0,23.0,20.0,22.0,23.0,21.0,10.0,hold,8,8,22.4036
1787153775.0485,2026-08-19 17:36:15.048,10,c3,1,0,-0.03814,-0.49682,0.03972,-3.8502,10.1322,-16.8298,-0.0662,0.0107,-0.3479,2.47569,24.0,25.0,27.0,24.0,27.0,31.0,34.0,26.0,32.0,31.0,36.0,27.0,30.0,34.0,22.0,23.0,30.0,25.0,25.0,21.0,22.0,21.0,21.0,22.0,21.0,22.0,21.0,22.0,21.0,21.0,21.0,22.0,22.0,23.0,20.0,22.0,23.0,21.0,10.0,hold,8,8,22.4574
1787153775.0986,2026-08-19 17:36:15.098,10,c3,1,0,-0.03814,-0.49682,0.03973,-3.9648,10.0665,-16.6992,-0.0665,0.012,-0.3521,2.47645,25.0,26.0,27.0,24.0,27.0,33.0,33.0,26.0,33.0,31.0,36.0,26.0,31.0,34.0,24.0,24.0,27.0,27.0,25.0,21.0,22.0,21.0,21.0,22.0,21.0,22.0,21.0,22.0,21.0,21.0,21.0,22.0,22.0,23.0,20.0,22.0,23.0,21.0,10.0,hold,8,8,22.4506
1787153775.1487,2026-08-19 17:36:15.148,10,c3,1,0,-0.03816,-0.49683,0.03973,-3.7672,9.8663,-16.9314,-0.0615,0.0169,-0.3446,2.47897,23.0,25.0,25.0,23.0,28.0,31.0,36.0,29.0,32.0,32.0,34.0,28.0,30.0,36.0,23.0,26.0,29.0,23.0,25.0,21.0,22.0,21.0,21.0,22.0,21.0,22.0,21.0,22.0,21.0,21.0,21.0,22.0,22.0,23.0,20.0,22.0,23.0,21.0,10.0,hold,8,8,22.4282
1787153775.1987,2026-08-19 17:36:15.198,10,c3,1,0,-0.03816,-0.49682,0.03972,-3.7115,9.8788,-16.8105,-0.0598,0.0164,-0.3364,2.47569,23.0,25.0,25.0,23.0,28.0,31.0,36.0,29.0,32.0,32.0,34.0,28.0,30.0,36.0,23.0,26.0,29.0,23.0,25.0,21.0,22.0,21.0,21.0,22.0,21.0,22.0,21.0,22.0,21.0,21.0,21.0,22.0,22.0,23.0,20.0,22.0,23.0,21.0,10.0,hold,8,8,22.4574
1787153775.2488,2026-08-19 17:36:15.248,10,c3,1,0,-0.03815,-0.49683,0.03973,-4.1775,10.0069,-16.8093,-0.0613,0.0056,-0.3496,2.47443,24.0,25.0,29.0,24.0,28.0,34.0,32.0,26.0,32.0,32.0,35.0,26.0,29.0,36.0,22.0,23.0,30.0,27.0,22.0,21.0,22.0,21.0,21.0,22.0,21.0,22.0,21.0,22.0,21.0,21.0,21.0,22.0,22.0,23.0,20.0,22.0,23.0,21.0,10.0,hold,8,8,22.4686
1787153775.2989,2026-08-19 17:36:15.298,10,c3,1,0,-0.03812,-0.49681,0.03971,-4.3446,10.0843,-16.6547,-0.0643,0.0007,-0.3513,2.47519,24.0,25.0,29.0,24.0,28.0,34.0,32.0,26.0,32.0,32.0,35.0,26.0,29.0,36.0,22.0,23.0,30.0,27.0,22.0,21.0,22.0,21.0,21.0,22.0,21.0,22.0,21.0,22.0,21.0,21.0,21.0,22.0,22.0,23.0,20.0,22.0,23.0,21.0,10.0,hold,8,8,22.4618
1787153775.349,2026-08-19 17:36:15.349,10,c3,1,0,-0.03815,-0.49681,0.03973,-4.1435,10.4265,-16.613,-0.0718,0.0059,-0.3496,2.47468,24.0,23.0,28.0,24.0,27.0,33.0,33.0,28.0,32.0,32.0,37.0,28.0,30.0,33.0,24.0,25.0,29.0,26.0,25.0,21.0,22.0,21.0,21.0,22.0,21.0,22.0,21.0,22.0,21.0,21.0,21.0,22.0,22.0,23.0,20.0,22.0,23.0,21.0,10.0,hold,8,8,22.4663
1787153775.3992,2026-08-19 17:36:15.399,10,c3,1,0,-0.03815,-0.49682,0.03972,-4.1914,10.3351,-16.4769,-0.0696,0.0031,-0.349,2.47972,24.0,24.0,28.0,23.0,27.0,32.0,34.0,29.0,32.0,30.0,36.0,27.0,30.0,35.0,23.0,25.0,29.0,25.0,25.0,21.0,22.0,21.0,21.0,22.0,21.0,22.0,21.0,22.0,21.0,21.0,21.0,22.0,22.0,23.0,20.0,22.0,23.0,21.0,10.0,hold,8,8,22.4215
1787153775.4493,2026-08-19 17:36:15.449,10,c3,1,0,-0.03815,-0.49681,0.03973,-3.6711,9.9022,-16.6248,-0.0617,0.019,-0.3482,2.4762,24.0,24.0,28.0,23.0,27.0,32.0,34.0,29.0,32.0,30.0,36.0,27.0,30.0,35.0,23.0,25.0,29.0,25.0,25.0,21.0,22.0,21.0,21.0,22.0,21.0,22.0,21.0,22.0,21.0,21.0,21.0,22.0,22.0,23.0,20.0,22.0,23.0,21.0,10.0,hold,8,8,22.4529
1787153775.4994,2026-08-19 17:36:15.499,10,c3,1,0,-0.03814,-0.49681,0.03971,-3.9297,9.9273,-16.4445,-0.0594,0.0118,-0.351,2.484,25.0,25.0,27.0,24.0,27.0,33.0,33.0,28.0,33.0,31.0,35.0,28.0,31.0,34.0,24.0,24.0,28.0,24.0,25.0,21.0,22.0,21.0,21.0,22.0,21.0,22.0,21.0,22.0,21.0,21.0,21.0,22.0,22.0,23.0,20.0,22.0,23.0,21.0,10.0,hold,8,8,22.3834
1787153775.5495,2026-08-19 17:36:15.549,10,c3,1,0,-0.03814,-0.49681,0.03972,-4.1838,10.5385,-16.2651,-0.0777,0.0049,-0.3504,2.47897,25.0,25.0,27.0,24.0,27.0,33.0,33.0,28.0,33.0,31.0,35.0,28.0,31.0,34.0,24.0,24.0,28.0,24.0,25.0,21.0,22.0,21.0,21.0,22.0,21.0,22.0,21.0,22.0,21.0,21.0,21.0,22.0,22.0,23.0,20.0,22.0,23.0,21.0,10.0,hold,8,8,22.4282
1787153775.5997,2026-08-19 17:36:15.599,10,c3,1,0,-0.03814,-0.49682,0.03971,-4.1728,10.47,-16.486,-0.0777,0.0073,-0.3433,2.48375,26.0,26.0,26.0,26.0,28.0,32.0,33.0,27.0,32.0,30.0,35.0,26.0,30.0,33.0,22.0,25.0,27.0,25.0,24.0,21.0,22.0,21.0,21.0,22.0,21.0,22.0,21.0,22.0,21.0,21.0,21.0,22.0,22.0,23.0,20.0,22.0,23.0,21.0,10.0,hold,8,8,22.3857
1787153775.6499,2026-08-19 17:36:15.649,10,c3,1,0,-0.03816,-0.49681,0.03973,-4.1507,10.2215,-16.5739,-0.0704,0.0037,-0.3548,2.47771,26.0,26.0,25.0,24.0,28.0,32.0,33.0,26.0,32.0,31.0,36.0,25.0,30.0,35.0,22.0,25.0,30.0,25.0,24.0,21.0,22.0,21.0,21.0,22.0,21.0,22.0,21.0,22.0,21.0,21.0,21.0,22.0,22.0,23.0,20.0,22.0,23.0,21.0,10.0,hold,8,8,22.4394
1787153775.7,2026-08-19 17:36:15.699,10,c3,1,0,-0.03814,-0.49682,0.03972,-4.0379,10.0484,-16.7238,-0.0657,0.0052,-0.3564,2.47922,26.0,26.0,25.0,24.0,28.0,32.0,33.0,26.0,32.0,31.0,36.0,25.0,30.0,35.0,22.0,25.0,30.0,25.0,24.0,21.0,22.0,21.0,21.0,22.0,21.0,22.0,21.0,22.0,21.0,21.0,21.0,22.0,22.0,23.0,20.0,22.0,23.0,21.0,10.0,hold,8,8,22.426
1787153775.75,2026-08-19 17:36:15.750,10,c3,1,0,-0.03814,-0.49681,0.03973,-4.0079,10.038,-16.6021,-0.0647,0.0073,-0.347,2.47746,23.0,25.0,26.0,23.0,28.0,32.0,32.0,25.0,33.0,32.0,36.0,26.0,30.0,35.0,23.0,24.0,30.0,26.0,24.0,21.0,22.0,21.0,21.0,22.0,21.0,22.0,21.0,22.0,21.0,21.0,21.0,22.0,22.0,23.0,20.0,22.0,23.0,21.0,10.0,hold,8,8,22.4417
1787153775.8001,2026-08-19 17:36:15.800,10,c3,1,0,-0.03815,-0.49682,0.03973,-3.8813,10.4245,-16.6726,-0.0754,0.014,-0.3502,2.48375,23.0,25.0,26.0,23.0,28.0,32.0,32.0,25.0,33.0,32.0,36.0,26.0,30.0,35.0,23.0,24.0,30.0,26.0,24.0,21.0,22.0,21.0,21.0,22.0,21.0,22.0,21.0,22.0,21.0,21.0,21.0,22.0,22.0,23.0,20.0,22.0,23.0,21.0,10.0,hold,8,8,22.3857
1787153775.8506,2026-08-19 17:36:15.850,10,c3,1,0,-0.03813,-0.49681,0.03972,-3.8117,10.0281,-16.5965,-0.0654,0.0152,-0.3532,2.47846,23.0,26.0,27.0,24.0,28.0,32.0,33.0,27.0,31.0,30.0,35.0,26.0,30.0,34.0,23.0,25.0,28.0,26.0,26.0,21.0,22.0,21.0,21.0,22.0,21.0,22.0,21.0,22.0,21.0,21.0,21.0,22.0,22.0,23.0,20.0,22.0,23.0,21.0,10.0,hold,8,8,22.4327
1787153775.9007,2026-08-19 17:36:15.900,10,c3,1,0,-0.03814,-0.49683,0.03972,-3.9331,10.2277,-16.5778,-0.0688,0.0108,-0.3516,2.48526,23.0,26.0,27.0,24.0,28.0,32.0,33.0,27.0,31.0,30.0,35.0,26.0,30.0,34.0,23.0,25.0,28.0,26.0,26.0,21.0,22.0,21.0,21.0,22.0,21.0,22.0,21.0,22.0,21.0,21.0,21.0,22.0,22.0,23.0,20.0,22.0,23.0,21.0,10.0,hold,8,8,22.3722
1787153775.9508,2026-08-19 17:36:15.950,10,c3,1,0,-0.03813,-0.49682,0.03972,-3.8525,10.4412,-16.5754,-0.0743,0.012,-0.3477,2.47544,24.0,24.0,27.0,23.0,27.0,32.0,32.0,26.0,32.0,31.0,35.0,26.0,30.0,35.0,23.0,24.0,30.0,26.0,25.0,21.0,22.0,21.0,21.0,22.0,21.0,22.0,21.0,22.0,21.0,21.0,21.0,22.0,22.0,23.0,20.0,22.0,23.0,21.0,10.0,hold,8,8,22.4596
1787153776.0009,2026-08-19 17:36:16.000,10,c3,0,0,-0.03814,-0.49681,0.03972,-3.9947,9.8627,-16.6141,-0.0605,0.0097,-0.3538,2.47871,23.0,25.0,27.0,22.0,28.0,33.0,33.0,27.0,32.0,30.0,32.0,28.0,29.0,35.0,20.0,25.0,28.0,23.0,24.0,21.0,22.0,21.0,21.0,22.0,21.0,22.0,21.0,22.0,21.0,21.0,21.0,22.0,22.0,23.0,20.0,22.0,23.0,21.0,10.0,retract,8,8,22.4305
1787153776.0509,2026-08-19 17:36:16.050,10,c3,0,0,-0.03814,-0.49682,0.03973,-4.0563,9.9534,-16.6994,-0.062,0.0077,-0.3499,2.48929,23.0,25.0,27.0,22.0,28.0,33.0,33.0,27.0,32.0,30.0,32.0,28.0,29.0,35.0,20.0,25.0,28.0,23.0,24.0,21.0,22.0,21.0,21.0,22.0,21.0,22.0,21.0,22.0,21.0,21.0,21.0,22.0,22.0,23.0,20.0,22.0,23.0,21.0,10.0,retract,8,8,22.3364
1787153776.101,2026-08-19 17:36:16.101,10,c3,0,0,-0.03812,-0.49681,0.03975,-3.94,9.7103,-16.6192,-0.0601,0.0121,-0.3544,2.51497,24.0,24.0,26.0,22.0,27.0,32.0,31.0,27.0,32.0,32.0,33.0,27.0,30.0,36.0,23.0,25.0,29.0,25.0,23.0,21.0,22.0,21.0,21.0,22.0,21.0,22.0,21.0,22.0,21.0,21.0,21.0,22.0,22.0,23.0,20.0,22.0,23.0,21.0,10.0,retract,8,8,22.1079
1787153776.1511,2026-08-19 17:36:16.151,10,c3,0,0,-0.03813,-0.49679,0.03983,-3.8594,9.9868,-17.061,-0.0654,0.0119,-0.3548,2.58396,24.0,24.0,26.0,22.0,27.0,32.0,31.0,27.0,32.0,32.0,33.0,27.0,30.0,36.0,23.0,25.0,29.0,25.0,23.0,21.0,22.0,21.0,21.0,22.0,21.0,22.0,21.0,22.0,21.0,21.0,21.0,22.0,22.0,23.0,20.0,22.0,23.0,21.0,10.0,retract,8,8,21.4942
1787153776.2014,2026-08-19 17:36:16.201,10,c3,0,0,-0.03815,-0.4968,0.03996,-3.8413,10.104,-17.5466,-0.0674,0.0148,-0.3541,2.70607,24.0,25.0,27.0,23.0,26.0,33.0,33.0,27.0,33.0,30.0,36.0,26.0,30.0,34.0,24.0,24.0,29.0,27.0,25.0,21.0,22.0,21.0,21.0,22.0,21.0,22.0,21.0,22.0,21.0,21.0,21.0,22.0,22.0,23.0,20.0,22.0,23.0,21.0,10.0,retract,8,8,20.4079
1787153776.2515,2026-08-19 17:36:16.251,10,c3,0,0,-0.03812,-0.49681,0.04016,-3.9847,10.0819,-18.0814,-0.0652,0.0122,-0.3485,2.85058,22.0,25.0,25.0,23.0,29.0,32.0,33.0,26.0,31.0,30.0,33.0,26.0,29.0,34.0,23.0,22.0,29.0,25.0,24.0,21.0,22.0,21.0,21.0,22.0,21.0,22.0,21.0,22.0,21.0,21.0,21.0,22.0,22.0,23.0,20.0,22.0,23.0,21.0,10.0,retract,8,8,19.1222
1787153776.3017,2026-08-19 17:36:16.301,10,c3,0,0,-0.03814,-0.4968,0.04036,-3.7553,9.9887,-18.6224,-0.0681,0.0164,-0.3461,2.98377,22.0,25.0,25.0,23.0,29.0,32.0,33.0,26.0,31.0,30.0,33.0,26.0,29.0,34.0,23.0,22.0,29.0,25.0,24.0,21.0,22.0,21.0,21.0,22.0,21.0,22.0,21.0,22.0,21.0,21.0,21.0,22.0,22.0,23.0,20.0,22.0,23.0,21.0,10.0,retract,8,8,17.9373
1787153776.3518,2026-08-19 17:36:16.351,10,c3,0,0,-0.03813,-0.49679,0.04059,-4.315,10.3161,-19.2435,-0.0733,0.0042,-0.3477,3.13559,23.0,24.0,26.0,23.0,27.0,31.0,33.0,27.0,31.0,32.0,35.0,27.0,30.0,35.0,22.0,25.0,30.0,25.0,24.0,21.0,22.0,21.0,21.0,22.0,21.0,22.0,21.0,22.0,21.0,21.0,21.0,22.0,22.0,23.0,20.0,22.0,23.0,21.0,10.0,retract,8,8,16.5866
1787153776.4019,2026-08-19 17:36:16.401,10,c3,0,0,-0.03813,-0.49678,0.04081,-4.3065,10.2854,-19.6059,-0.0736,0.0025,-0.3403,3.264,23.0,24.0,26.0,23.0,27.0,31.0,33.0,27.0,31.0,32.0,35.0,27.0,30.0,35.0,22.0,25.0,30.0,25.0,24.0,21.0,22.0,21.0,21.0,22.0,21.0,22.0,21.0,22.0,21.0,21.0,21.0,22.0,22.0,23.0,20.0,22.0,23.0,21.0,10.0,retract,8,8,15.4442
1787153776.452,2026-08-19 17:36:16.452,10,c3,0,0,-0.03812,-0.49677,0.04109,-3.9523,9.9423,-20.2392,-0.0666,0.0131,-0.3347,3.43092,24.0,24.0,27.0,24.0,28.0,34.0,32.0,27.0,30.0,30.0,34.0,26.0,29.0,33.0,23.0,24.0,27.0,25.0,25.0,21.0,22.0,21.0,21.0,22.0,21.0,22.0,21.0,22.0,21.0,21.0,21.0,22.0,22.0,23.0,20.0,22.0,23.0,21.0,10.0,retract,8,8,13.9592
1787153776.5021,2026-08-19 17:36:16.502,10,c3,0,0,-0.03811,-0.49676,0.04141,-4.1256,10.3952,-20.9219,-0.0779,0.0085,-0.3489,3.59609,26.0,23.0,26.0,23.0,27.0,32.0,32.0,23.0,30.0,31.0,31.0,23.0,28.0,33.0,23.0,20.0,29.0,25.0,22.0,21.0,22.0,21.0,21.0,22.0,21.0,22.0,21.0,22.0,21.0,21.0,21.0,22.0,22.0,23.0,20.0,22.0,23.0,21.0,10.0,retract,8,8,12.4898
1787153776.5522,2026-08-19 17:36:16.552,10,c3,0,0,-0.03812,-0.49675,0.04174,-4.1973,10.2578,-21.5039,-0.0776,0.0125,-0.3526,3.76905,26.0,23.0,26.0,23.0,27.0,32.0,32.0,23.0,30.0,31.0,31.0,23.0,28.0,33.0,23.0,20.0,29.0,25.0,22.0,21.0,22.0,21.0,21.0,22.0,21.0,22.0,21.0,22.0,21.0,21.0,21.0,22.0,22.0,23.0,20.0,22.0,23.0,21.0,10.0,retract,8,8,10.951
1787153776.6023,2026-08-19 17:36:16.602,10,c3,0,0,-0.03813,-0.49677,0.04208,-3.8707,10.2451,-22.2165,-0.0708,0.0184,-0.3481,3.93371,22.0,23.0,26.0,21.0,26.0,32.0,32.0,25.0,29.0,29.0,31.0,25.0,28.0,32.0,24.0,23.0,28.0,25.0,24.0,21.0,22.0,21.0,21.0,22.0,21.0,22.0,21.0,22.0,21.0,21.0,21.0,22.0,22.0,23.0,20.0,22.0,23.0,21.0,10.0,retract,8,8,9.4861
1787153776.6525,2026-08-19 17:36:16.652,10,c3,0,0,-0.03814,-0.49681,0.04243,-3.6879,9.9237,-22.7949,-0.0706,0.0259,-0.3502,4.0805,22.0,23.0,26.0,21.0,26.0,32.0,32.0,25.0,29.0,29.0,31.0,25.0,28.0,32.0,24.0,23.0,28.0,25.0,24.0,21.0,22.0,21.0,21.0,22.0,21.0,22.0,21.0,22.0,21.0,21.0,21.0,22.0,22.0,23.0,20.0,22.0,23.0,21.0,10.0,retract,8,8,8.1803
1787153776.7026,2026-08-19 17:36:16.702,10,c3,0,0,-0.03815,-0.4968,0.04277,-4.0516,10.2713,-23.2402,-0.0769,0.0156,-0.3524,4.21671,24.0,23.0,24.0,23.0,28.0,30.0,31.0,26.0,29.0,27.0,31.0,24.0,28.0,30.0,24.0,24.0,26.0,25.0,23.0,21.0,22.0,21.0,21.0,22.0,21.0,22.0,21.0,22.0,21.0,21.0,21.0,22.0,22.0,23.0,20.0,22.0,23.0,21.0,10.0,retract,8,8,6.9685
1787153776.7528,2026-08-19 17:36:16.752,10,c3,0,0,-0.03812,-0.4968,0.0431,-4.001,10.3681,-23.6745,-0.0781,0.0185,-0.3444,4.32119,23.0,25.0,24.0,22.0,27.0,28.0,30.0,24.0,28.0,29.0,32.0,23.0,28.0,30.0,25.0,22.0,25.0,25.0,22.0,21.0,22.0,21.0,21.0,22.0,21.0,22.0,21.0,22.0,21.0,21.0,21.0,22.0,22.0,23.0,20.0,22.0,23.0,21.0,10.0,retract,8,8,6.039
1787153776.8029,2026-08-19 17:36:16.802,10,c3,0,0,-0.03812,-0.49678,0.04344,-4.0695,10.034,-24.3101,-0.0718,0.0136,-0.3491,4.4496,23.0,25.0,24.0,22.0,27.0,28.0,30.0,24.0,28.0,29.0,32.0,23.0,28.0,30.0,25.0,22.0,25.0,25.0,22.0,21.0,22.0,21.0,21.0,22.0,21.0,22.0,21.0,22.0,21.0,21.0,21.0,22.0,22.0,23.0,20.0,22.0,23.0,21.0,10.0,retract,8,8,4.8966
1787153776.8529,2026-08-19 17:36:16.852,10,c3,0,0,-0.03812,-0.49677,0.04377,-4.1899,9.9092,-24.4187,-0.0675,0.0122,-0.3505,4.55736,23.0,24.0,26.0,21.0,28.0,30.0,31.0,25.0,27.0,26.0,30.0,25.0,27.0,28.0,24.0,23.0,26.0,24.0,22.0,21.0,22.0,21.0,21.0,22.0,21.0,22.0,21.0,22.0,21.0,21.0,21.0,22.0,22.0,23.0,20.0,22.0,23.0,21.0,10.0,retract,8,8,3.9379
1787153776.9031,2026-08-19 17:36:16.903,10,c3,0,0,-0.03811,-0.49678,0.0441,-4.0741,9.8996,-24.9201,-0.0667,0.0167,-0.3508,4.63339,23.0,24.0,26.0,21.0,28.0,30.0,31.0,25.0,27.0,26.0,30.0,25.0,27.0,28.0,24.0,23.0,26.0,24.0,22.0,21.0,22.0,21.0,21.0,22.0,21.0,22.0,21.0,22.0,21.0,21.0,21.0,22.0,22.0,23.0,20.0,22.0,23.0,21.0,10.0,retract,8,8,3.2615
1787153776.9531,2026-08-19 17:36:16.953,10,c3,0,0,-0.03815,-0.49678,0.04445,-4.2924,10.2819,-24.9513,-0.0742,0.0119,-0.3556,4.68199,25.0,25.0,22.0,23.0,27.0,27.0,31.0,27.0,26.0,28.0,29.0,26.0,27.0,28.0,25.0,26.0,26.0,24.0,24.0,21.0,22.0,21.0,21.0,22.0,21.0,22.0,21.0,22.0,21.0,21.0,21.0,22.0,22.0,23.0,20.0,22.0,23.0,21.0,10.0,retract,8,8,2.8292
1787153777.0033,2026-08-19 17:36:17.003,10,c3,0,0,-0.03814,-0.4968,0.04477,-4.1844,10.0785,-25.0337,-0.0695,0.0119,-0.3531,4.69306,25.0,25.0,22.0,23.0,27.0,27.0,31.0,27.0,26.0,28.0,29.0,26.0,27.0,28.0,25.0,26.0,26.0,24.0,24.0,21.0,22.0,21.0,21.0,22.0,21.0,22.0,21.0,22.0,21.0,21.0,21.0,22.0,22.0,23.0,20.0,22.0,23.0,21.0,10.0,retract,8,8,2.7306
1787153777.0534,2026-08-19 17:36:17.053,10,c3,0,0,-0.03813,-0.4968,0.04513,-4.2308,10.3065,-25.0319,-0.0755,0.0119,-0.3552,4.68224,23.0,24.0,24.0,23.0,25.0,30.0,27.0,26.0,27.0,28.0,29.0,25.0,26.0,29.0,24.0,24.0,26.0,24.0,24.0,21.0,22.0,21.0,21.0,22.0,21.0,22.0,21.0,22.0,21.0,21.0,21.0,22.0,22.0,23.0,20.0,22.0,23.0,21.0,10.0,retract,8,8,2.8269
1787153777.1035,2026-08-19 17:36:17.103,10,c3,0,0,-0.03812,-0.49679,0.04545,-4.1362,10.1183,-25.0462,-0.0729,0.0148,-0.352,4.69432,22.0,25.0,24.0,21.0,26.0,30.0,28.0,24.0,25.0,28.0,27.0,24.0,25.0,28.0,26.0,25.0,26.0,25.0,24.0,21.0,22.0,21.0,21.0,22.0,21.0,22.0,21.0,22.0,21.0,21.0,21.0,22.0,22.0,23.0,20.0,22.0,23.0,21.0,10.0,retract,8,8,2.7194
1787153777.1537,2026-08-19 17:36:17.153,10,c3,0,0,-0.03812,-0.49679,0.04577,-3.88,9.9377,-24.982,-0.068,0.0211,-0.3517,4.69004,22.0,25.0,24.0,21.0,26.0,30.0,28.0,24.0,25.0,28.0,27.0,24.0,25.0,28.0,26.0,25.0,26.0,25.0,24.0,21.0,22.0,21.0,21.0,22.0,21.0,22.0,21.0,22.0,21.0,21.0,21.0,22.0,22.0,23.0,20.0,22.0,23.0,21.0,10.0,retract,8,8,2.7575
1787153777.2038,2026-08-19 17:36:17.203,10,c3,0,0,-0.03813,-0.49679,0.04612,-4.3571,10.5066,-25.0052,-0.0814,0.0095,-0.3545,4.68299,22.0,24.0,23.0,21.0,26.0,28.0,27.0,25.0,24.0,24.0,28.0,23.0,25.0,25.0,25.0,24.0,25.0,26.0,23.0,21.0,22.0,21.0,21.0,22.0,21.0,22.0,21.0,22.0,21.0,21.0,21.0,22.0,22.0,23.0,20.0,22.0,23.0,21.0,10.0,retract,8,8,2.8202
1787153777.2539,2026-08-19 17:36:17.253,10,c3,0,0,-0.03813,-0.4968,0.04646,-3.9902,9.9413,-25.0494,-0.0708,0.0157,-0.3506,4.70162,22.0,24.0,23.0,21.0,26.0,28.0,27.0,25.0,24.0,24.0,28.0,23.0,25.0,25.0,25.0,24.0,25.0,26.0,23.0,21.0,22.0,21.0,21.0,22.0,21.0,22.0,21.0,22.0,21.0,21.0,21.0,22.0,22.0,23.0,20.0,22.0,23.0,21.0,10.0,retract,8,8,2.6545
1787153777.304,2026-08-19 17:36:17.304,10,c3,0,0,-0.03811,-0.4968,0.0468,-4.0704,10.2211,-25.0657,-0.0779,0.0174,-0.3581,4.68778,23.0,25.0,22.0,22.0,25.0,25.0,26.0,24.0,24.0,24.0,26.0,23.0,26.0,24.0,24.0,23.0,23.0,23.0,22.0,21.0,22.0,21.0,21.0,22.0,21.0,22.0,21.0,22.0,21.0,21.0,21.0,22.0,22.0,23.0,20.0,22.0,23.0,21.0,10.0,retract,8,8,2.7777
1787153777.3541,2026-08-19 17:36:17.354,10,c3,0,0,-0.03814,-0.49683,0.04716,-4.0075,10.2896,-24.8872,-0.0763,0.0186,-0.3507,4.69382,22.0,24.0,21.0,21.0,25.0,24.0,24.0,23.0,24.0,25.0,28.0,22.0,25.0,26.0,24.0,22.0,24.0,25.0,22.0,21.0,22.0,21.0,21.0,22.0,21.0,22.0,21.0,22.0,21.0,21.0,21.0,22.0,22.0,23.0,20.0,22.0,23.0,21.0,10.0,retract,8,8,2.7239
1787153777.4043,2026-08-19 17:36:17.404,10,c3,0,0,-0.03816,-0.49681,0.04748,-3.9408,10.0653,-24.8176,-0.076,0.021,-0.3508,4.69659,22.0,24.0,21.0,21.0,25.0,24.0,24.0,23.0,24.0,25.0,28.0,22.0,25.0,26.0,24.0,22.0,24.0,25.0,22.0,21.0,22.0,21.0,21.0,22.0,21.0,22.0,21.0,22.0,21.0,21.0,21.0,22.0,22.0,23.0,20.0,22.0,23.0,21.0,10.0,retract,8,8,2.6993
1787153777.4543,2026-08-19 17:36:17.454,10,c3,0,0,-0.03813,-0.49682,0.04781,-3.9207,9.8522,-25.0037,-0.0661,0.0214,-0.3453,4.69634,21.0,23.0,23.0,20.0,25.0,27.0,26.0,22.0,23.0,24.0,25.0,22.0,25.0,24.0,23.0,21.0,25.0,25.0,21.0,21.0,22.0,21.0,21.0,22.0,21.0,22.0,21.0,22.0,21.0,21.0,21.0,22.0,22.0,23.0,20.0,22.0,23.0,21.0,10.0,retract,8,8,2.7015
1787153777.5044,2026-08-19 17:36:17.504,10,c3,0,0,-0.03813,-0.49681,0.04812,-4.2389,10.2617,-25.1712,-0.0743,0.0144,-0.3532,4.69206,21.0,23.0,23.0,20.0,25.0,27.0,26.0,22.0,23.0,24.0,25.0,22.0,25.0,24.0,23.0,21.0,25.0,25.0,21.0,21.0,22.0,21.0,21.0,22.0,21.0,22.0,21.0,22.0,21.0,21.0,21.0,22.0,22.0,23.0,20.0,22.0,23.0,21.0,10.0,retract,8,8,2.7396
1787153777.5545,2026-08-19 17:36:17.554,10,c3,0,0,-0.03814,-0.4968,0.04842,-3.5207,9.8393,-25.2166,-0.0664,0.0298,-0.3477,4.69004,22.0,23.0,23.0,21.0,24.0,25.0,24.0,23.0,23.0,22.0,26.0,23.0,24.0,24.0,24.0,22.0,24.0,24.0,22.0,21.0,22.0,21.0,21.0,22.0,21.0,22.0,21.0,22.0,21.0,21.0,21.0,22.0,22.0,23.0,20.0,22.0,23.0,21.0,10.0,retract,8,8,2.7575
1787153777.6046,2026-08-19 17:36:17.604,10,c3,0,0,-0.03814,-0.49678,0.04868,-3.9119,10.0701,-25.1504,-0.0714,0.0203,-0.3477,4.68879,23.0,24.0,23.0,21.0,25.0,25.0,24.0,24.0,23.0,24.0,28.0,24.0,23.0,24.0,24.0,26.0,23.0,25.0,24.0,21.0,22.0,21.0,21.0,22.0,21.0,22.0,21.0,22.0,21.0,21.0,21.0,22.0,22.0,23.0,20.0,22.0,23.0,21.0,10.0,retract,8,8,2.7687
1787153777.6547,2026-08-19 17:36:17.654,10,c3,0,0,-0.03812,-0.49678,0.04892,-4.2465,9.9967,-25.0503,-0.0704,0.0112,-0.3626,4.69735,23.0,24.0,23.0,21.0,25.0,25.0,24.0,24.0,23.0,24.0,28.0,24.0,23.0,24.0,24.0,26.0,23.0,25.0,24.0,21.0,22.0,21.0,21.0,22.0,21.0,22.0,21.0,22.0,21.0,21.0,21.0,22.0,22.0,23.0,20.0,22.0,23.0,21.0,10.0,retract,8,8,2.6925
1787153777.7049,2026-08-19 17:36:17.704,10,c3,0,0,-0.03814,-0.49679,0.04915,-4.2068,10.8434,-25.2812,-0.0901,0.0123,-0.3593,4.68677,23.0,23.0,23.0,22.0,24.0,26.0,26.0,23.0,22.0,23.0,26.0,23.0,22.0,23.0,23.0,22.0,24.0,24.0,24.0,21.0,22.0,21.0,21.0,22.0,21.0,22.0,21.0,22.0,21.0,21.0,21.0,22.0,22.0,23.0,20.0,22.0,23.0,21.0,10.0,retract,8,8,2.7866
1787153777.755,2026-08-19 17:36:17.754,10,c3,0,0,-0.03813,-0.49679,0.04932,-4.1185,9.8654,-25.1548,-0.0661,0.0157,-0.3536,4.69684,23.0,23.0,23.0,22.0,24.0,26.0,26.0,23.0,22.0,23.0,26.0,23.0,22.0,23.0,23.0,22.0,24.0,24.0,24.0,21.0,22.0,21.0,21.0,22.0,21.0,22.0,21.0,22.0,21.0,21.0,21.0,22.0,22.0,23.0,20.0,22.0,23.0,21.0,10.0,retract,8,8,2.697
1787153777.8051,2026-08-19 17:36:17.805,10,c3,0,0,-0.03815,-0.4968,0.04943,-4.0168,10.2265,-25.2831,-0.0736,0.0167,-0.3526,4.68425,23.0,23.0,23.0,21.0,23.0,24.0,25.0,22.0,23.0,22.0,26.0,21.0,24.0,23.0,24.0,23.0,23.0,24.0,22.0,21.0,22.0,21.0,21.0,22.0,21.0,22.0,21.0,22.0,21.0,21.0,21.0,22.0,22.0,23.0,20.0,22.0,23.0,21.0,10.0,retract,8,8,2.809
1787153777.8553,2026-08-19 17:36:17.855,10,c3,0,0,-0.03812,-0.49683,0.04953,-3.8173,10.2855,-25.1495,-0.0763,0.0248,-0.3472,4.69785,23.0,23.0,23.0,21.0,23.0,24.0,25.0,22.0,23.0,22.0,26.0,21.0,24.0,23.0,24.0,23.0,23.0,24.0,22.0,21.0,22.0,21.0,21.0,22.0,21.0,22.0,21.0,22.0,21.0,21.0,21.0,22.0,22.0,23.0,20.0,22.0,23.0,21.0,10.0,retract,8,8,2.6881
1787153777.9053,2026-08-19 17:36:17.905,10,c3,0,0,-0.03813,-0.49682,0.04959,-4.2474,10.1999,-25.082,-0.0744,0.0119,-0.3568,4.69231,24.0,24.0,22.0,22.0,25.0,25.0,26.0,22.0,21.0,22.0,26.0,22.0,22.0,23.0,23.0,23.0,24.0,24.0,20.0,21.0,22.0,21.0,21.0,22.0,21.0,22.0,21.0,22.0,21.0,21.0,21.0,22.0,22.0,23.0,20.0,22.0,23.0,21.0,10.0,retract,8,8,2.7373
1787153777.9554,2026-08-19 17:36:17.955,10,c3,0,0,-0.03816,-0.49682,0.04965,-4.2569,10.1272,-25.3155,-0.075,0.0138,-0.352,4.69181,21.0,22.0,22.0,21.0,22.0,23.0,23.0,21.0,23.0,23.0,25.0,21.0,23.0,24.0,24.0,22.0,23.0,24.0,22.0,21.0,22.0,21.0,21.0,22.0,21.0,22.0,21.0,22.0,21.0,21.0,21.0,22.0,22.0,23.0,20.0,22.0,23.0,21.0,10.0,retract,8,8,2.7418
1787153778.0055,2026-08-19 17:36:18.005,10,c3,0,0,-0.03814,-0.49681,0.04967,-3.9332,10.0242,-25.2315,-0.0715,0.0189,-0.3553,4.68727,21.0,22.0,22.0,21.0,22.0,23.0,23.0,21.0,23.0,23.0,25.0,21.0,23.0,24.0,24.0,22.0,23.0,24.0,22.0,21.0,22.0,21.0,21.0,22.0,21.0,22.0,21.0,22.0,21.0,21.0,21.0,22.0,22.0,23.0,20.0,22.0,23.0,21.0,10.0,post,8,8,2.7821
1787153778.0557,2026-08-19 17:36:18.055,10,c3,0,0,-0.03812,-0.49683,0.04969,-3.9913,10.109,-25.1822,-0.072,0.019,-0.3513,4.69634,21.0,23.0,22.0,20.0,24.0,25.0,25.0,24.0,23.0,23.0,26.0,23.0,23.0,24.0,24.0,23.0,23.0,24.0,22.0,21.0,22.0,21.0,21.0,22.0,21.0,22.0,21.0,22.0,21.0,21.0,21.0,22.0,22.0,23.0,20.0,22.0,23.0,21.0,10.0,post,8,8,2.7015
1787153778.1058,2026-08-19 17:36:18.105,10,c3,0,0,-0.03814,-0.49683,0.04973,-4.1154,10.1031,-25.3056,-0.0729,0.014,-0.3484,4.68652,21.0,23.0,22.0,20.0,24.0,25.0,25.0,24.0,23.0,23.0,26.0,23.0,23.0,24.0,24.0,23.0,23.0,24.0,22.0,21.0,22.0,21.0,21.0,22.0,21.0,22.0,21.0,22.0,21.0,21.0,21.0,22.0,22.0,23.0,20.0,22.0,23.0,21.0,10.0,post,8,8,2.7889
1787153778.1558,2026-08-19 17:36:18.155,10,c3,0,0,-0.03815,-0.49683,0.04972,-4.1341,10.3647,-24.9842,-0.0797,0.0141,-0.3548,4.69332,22.0,22.0,22.0,20.0,23.0,23.0,26.0,24.0,24.0,23.0,24.0,23.0,25.0,24.0,22.0,25.0,24.0,23.0,26.0,21.0,22.0,21.0,21.0,22.0,21.0,22.0,21.0,22.0,21.0,21.0,21.0,22.0,22.0,23.0,20.0,22.0,23.0,21.0,10.0,post,8,8,2.7284
1787153778.2059,2026-08-19 17:36:18.205,10,c3,0,0,-0.03817,-0.49683,0.04972,-4.1062,10.4034,-25.1838,-0.077,0.0158,-0.3526,4.69281,22.0,23.0,21.0,20.0,25.0,24.0,24.0,24.0,21.0,23.0,25.0,23.0,23.0,24.0,23.0,22.0,23.0,23.0,23.0,21.0,22.0,21.0,21.0,22.0,21.0,22.0,21.0,22.0,21.0,21.0,21.0,22.0,22.0,23.0,20.0,22.0,23.0,21.0,10.0,post,8,8,2.7329
1787153778.256,2026-08-19 17:36:18.256,10,c3,0,0,-0.03814,-0.49682,0.04971,-4.0963,10.0341,-25.167,-0.0694,0.0167,-0.3467,4.68954,22.0,23.0,21.0,20.0,25.0,24.0,24.0,24.0,21.0,23.0,25.0,23.0,23.0,24.0,23.0,22.0,23.0,23.0,23.0,21.0,22.0,21.0,21.0,22.0,21.0,22.0,21.0,22.0,21.0,21.0,21.0,22.0,22.0,23.0,20.0,22.0,23.0,21.0,10.0,post,8,8,2.762
1787153778.3062,2026-08-19 17:36:18.306,10,c3,0,0,-0.03814,-0.49681,0.0497,-3.9189,9.9476,-24.9246,-0.0673,0.0218,-0.3488,4.69306,21.0,23.0,21.0,21.0,23.0,22.0,24.0,22.0,22.0,23.0,26.0,21.0,22.0,22.0,23.0,20.0,23.0,23.0,21.0,21.0,22.0,21.0,21.0,22.0,21.0,22.0,21.0,22.0,21.0,21.0,21.0,22.0,22.0,23.0,20.0,22.0,23.0,21.0,10.0,post,8,8,2.7306
1787153778.3563,2026-08-19 17:36:18.356,10,c3,0,0,-0.03813,-0.49682,0.04971,-4.2456,10.4266,-24.9612,-0.0807,0.0097,-0.3517,4.69357,21.0,23.0,21.0,21.0,23.0,22.0,24.0,22.0,22.0,23.0,26.0,21.0,22.0,22.0,23.0,20.0,23.0,23.0,21.0,21.0,22.0,21.0,21.0,22.0,21.0,22.0,21.0,22.0,21.0,21.0,21.0,22.0,22.0,23.0,20.0,22.0,23.0,21.0,10.0,post,8,8,2.7261
1787153778.4063,2026-08-19 17:36:18.406,10,c3,0,0,-0.03815,-0.49682,0.04972,-3.9938,10.0687,-25.1277,-0.0706,0.0179,-0.3486,4.68828,21.0,20.0,21.0,19.0,22.0,23.0,24.0,22.0,22.0,21.0,25.0,22.0,24.0,22.0,23.0,24.0,22.0,24.0,21.0,21.0,22.0,21.0,21.0,22.0,21.0,22.0,21.0,22.0,21.0,21.0,21.0,22.0,22.0,23.0,20.0,22.0,23.0,21.0,10.0,post,8,8,2.7732
1787153778.4564,2026-08-19 17:36:18.456,10,c3,0,0,-0.03814,-0.49681,0.04971,-3.9208,10.1706,-25.0654,-0.0739,0.0173,-0.3547,4.69583,20.0,21.0,22.0,21.0,23.0,22.0,23.0,23.0,21.0,22.0,24.0,21.0,23.0,23.0,24.0,23.0,23.0,24.0,21.0,21.0,22.0,21.0,21.0,22.0,21.0,22.0,21.0,22.0,21.0,21.0,21.0,22.0,22.0,23.0,20.0,22.0,23.0,21.0,10.0,post,8,8,2.706
1787153778.5065,2026-08-19 17:36:18.506,10,c3,0,0,-0.03814,-0.49682,0.04972,-4.1913,9.868,-25.1007,-0.0653,0.0149,-0.3515,4.69181,20.0,21.0,22.0,21.0,23.0,22.0,23.0,23.0,21.0,22.0,24.0,21.0,23.0,23.0,24.0,23.0,23.0,24.0,21.0,21.0,22.0,21.0,21.0,22.0,21.0,22.0,21.0,22.0,21.0,21.0,21.0,22.0,22.0,23.0,20.0,22.0,23.0,21.0,10.0,post,8,8,2.7418
1787153778.5567,2026-08-19 17:36:18.556,10,c3,0,0,-0.03814,-0.4968,0.04971,-3.6137,9.8257,-25.1781,-0.0681,0.0255,-0.3479,4.69181,21.0,22.0,21.0,20.0,23.0,22.0,23.0,22.0,22.0,21.0,24.0,22.0,24.0,23.0,22.0,22.0,22.0,22.0,21.0,21.0,22.0,21.0,21.0,22.0,21.0,22.0,21.0,22.0,21.0,21.0,21.0,22.0,22.0,23.0,20.0,22.0,23.0,21.0,10.0,post,8,8,2.7418
1787153778.6068,2026-08-19 17:36:18.606,10,c3,0,0,-0.03815,-0.49682,0.04971,-4.0409,9.9324,-25.1428,-0.0677,0.0174,-0.3492,4.69508,21.0,22.0,21.0,20.0,23.0,22.0,23.0,22.0,22.0,21.0,24.0,22.0,24.0,23.0,22.0,22.0,22.0,22.0,21.0,21.0,22.0,21.0,21.0,22.0,21.0,22.0,21.0,22.0,21.0,21.0,21.0,22.0,22.0,23.0,20.0,22.0,23.0,21.0,10.0,post,8,8,2.7127
1787153778.6569,2026-08-19 17:36:18.656,10,c3,0,0,-0.03813,-0.49681,0.04972,-4.3192,10.0185,-25.2132,-0.0698,0.0132,-0.354,4.68929,23.0,23.0,22.0,20.0,23.0,23.0,24.0,21.0,22.0,21.0,25.0,22.0,23.0,22.0,21.0,21.0,22.0,23.0,21.0,21.0,22.0,21.0,21.0,22.0,21.0,22.0,21.0,22.0,21.0,21.0,21.0,22.0,22.0,23.0,20.0,22.0,23.0,21.0,10.0,post,8,8,2.7642
1787153778.707,2026-08-19 17:36:18.707,10,c3,0,0,-0.03814,-0.49682,0.04971,-4.1407,10.2369,-25.2631,-0.0731,0.0149,-0.3493,4.6981,21.0,22.0,21.0,20.0,24.0,23.0,24.0,21.0,22.0,22.0,24.0,21.0,24.0,23.0,23.0,21.0,23.0,23.0,22.0,21.0,22.0,21.0,21.0,22.0,21.0,22.0,21.0,22.0,21.0,21.0,21.0,22.0,22.0,23.0,20.0,22.0,23.0,21.0,10.0,post,8,8,2.6858
1787153778.7571,2026-08-19 17:36:18.757,10,c3,0,0,-0.03813,-0.49682,0.04971,-4.3738,10.191,-25.2096,-0.0724,0.0094,-0.3567,4.69181,21.0,22.0,21.0,20.0,24.0,23.0,24.0,21.0,22.0,22.0,24.0,21.0,24.0,23.0,23.0,21.0,23.0,23.0,22.0,21.0,22.0,21.0,21.0,22.0,21.0,22.0,21.0,22.0,21.0,21.0,21.0,22.0,22.0,23.0,20.0,22.0,23.0,21.0,10.0,post,8,8,2.7418
1787153778.8073,2026-08-19 17:36:18.807,10,c3,0,0,-0.03812,-0.49682,0.04972,-4.2054,10.0997,-25.1128,-0.0755,0.0108,-0.3582,4.68602,21.0,23.0,21.0,18.0,23.0,23.0,22.0,22.0,23.0,23.0,25.0,22.0,25.0,24.0,23.0,24.0,24.0,22.0,23.0,21.0,22.0,21.0,21.0,22.0,21.0,22.0,21.0,22.0,21.0,21.0,21.0,22.0,22.0,23.0,20.0,22.0,23.0,21.0,10.0,post,8,8,2.7933
1787153778.8574,2026-08-19 17:36:18.857,10,c3,0,0,-0.03813,-0.49682,0.04972,-4.1904,9.9314,-25.2004,-0.0704,0.0143,-0.3566,4.69785,21.0,23.0,21.0,18.0,23.0,23.0,22.0,22.0,23.0,23.0,25.0,22.0,25.0,24.0,23.0,24.0,24.0,22.0,23.0,21.0,22.0,21.0,21.0,22.0,21.0,22.0,21.0,22.0,21.0,21.0,21.0,22.0,22.0,23.0,20.0,22.0,23.0,21.0,10.0,post,8,8,2.6881
1787153778.9076,2026-08-19 17:36:18.907,10,c3,0,0,-0.03814,-0.49681,0.04971,-4.2491,10.4357,-25.2032,-0.0809,0.0115,-0.3523,4.68249,21.0,23.0,22.0,19.0,24.0,24.0,24.0,24.0,23.0,23.0,24.0,23.0,25.0,24.0,22.0,23.0,25.0,24.0,23.0,21.0,22.0,21.0,21.0,22.0,21.0,22.0,21.0,22.0,21.0,21.0,21.0,22.0,22.0,23.0,20.0,22.0,23.0,21.0,10.0,post,8,8,2.8247
1787153778.9577,2026-08-19 17:36:18.957,10,c3,0,0,-0.03813,-0.49682,0.04972,-3.9096,10.0117,-25.1702,-0.0687,0.0196,-0.3483,4.69659,21.0,23.0,22.0,19.0,24.0,24.0,24.0,24.0,23.0,23.0,24.0,23.0,25.0,24.0,22.0,23.0,25.0,24.0,23.0,21.0,22.0,21.0,21.0,22.0,21.0,22.0,21.0,22.0,21.0,21.0,21.0,22.0,22.0,23.0,20.0,22.0,23.0,21.0,10.0,post,8,8,2.6993
1787153779.0078,2026-08-19 17:36:19.007,10,c3,0,0,-0.03813,-0.49682,0.04972,-4.0872,10.2673,-25.3038,-0.0747,0.0143,-0.3493,4.6903,23.0,24.0,23.0,21.0,24.0,24.0,24.0,25.0,22.0,21.0,23.0,25.0,24.0,24.0,22.0,25.0,24.0,23.0,23.0,21.0,22.0,21.0,21.0,22.0,21.0,22.0,21.0,22.0,21.0,21.0,21.0,22.0,22.0,23.0,20.0,22.0,23.0,21.0,10.0,post,8,8,2.7553
1787153779.0579,2026-08-19 17:36:19.057,10,c3,0,0,-0.03814,-0.49682,0.04972,-4.3139,9.9953,-25.2638,-0.07,0.0117,-0.3553,4.69332,23.0,23.0,20.0,21.0,22.0,22.0,23.0,25.0,23.0,23.0,24.0,24.0,23.0,24.0,22.0,26.0,25.0,23.0,25.0,21.0,22.0,21.0,21.0,22.0,21.0,22.0,21.0,22.0,21.0,21.0,21.0,22.0,22.0,23.0,20.0,22.0,23.0,21.0,10.0,post,8,8,2.7284
1787153779.108,2026-08-19 17:36:19.108,10,c3,0,0,-0.03814,-0.49682,0.04972,-3.9935,10.0534,-25.2178,-0.0713,0.0166,-0.3481,4.68929,23.0,23.0,20.0,21.0,22.0,22.0,23.0,25.0,23.0,23.0,24.0,24.0,23.0,24.0,22.0,26.0,25.0,23.0,25.0,21.0,22.0,21.0,21.0,22.0,21.0,22.0,21.0,22.0,21.0,21.0,21.0,22.0,22.0,23.0,20.0,22.0,23.0,21.0,10.0,post,8,8,2.7642
1787153779.1581,2026-08-19 17:36:19.158,10,c3,0,0,-0.03815,-0.49681,0.04971,-4.3008,10.4068,-25.1024,-0.0756,0.0133,-0.3591,4.69609,23.0,22.0,22.0,23.0,23.0,22.0,24.0,24.0,23.0,24.0,24.0,24.0,24.0,25.0,23.0,25.0,24.0,24.0,24.0,21.0,22.0,21.0,21.0,22.0,21.0,22.0,21.0,22.0,21.0,21.0,21.0,22.0,22.0,23.0,20.0,22.0,23.0,21.0,10.0,post,8,8,2.7037
1787153779.2082,2026-08-19 17:36:19.208,10,c3,0,0,-0.03815,-0.49682,0.04971,-4.3612,10.395,-24.9104,-0.0815,0.0075,-0.355,4.69055,23.0,22.0,22.0,23.0,23.0,22.0,24.0,24.0,23.0,24.0,24.0,24.0,24.0,25.0,23.0,25.0,24.0,24.0,24.0,21.0,22.0,21.0,21.0,22.0,21.0,22.0,21.0,22.0,21.0,21.0,21.0,22.0,22.0,23.0,20.0,22.0,23.0,21.0,10.0,post,8,8,2.753
1787153779.2583,2026-08-19 17:36:19.258,10,c3,0,0,-0.03814,-0.49682,0.04972,-3.8299,9.8755,-25.093,-0.0662,0.0224,-0.3522,4.69357,23.0,24.0,23.0,22.0,24.0,24.0,23.0,23.0,23.0,23.0,24.0,22.0,24.0,24.0,23.0,23.0,24.0,24.0,23.0,21.0,22.0,21.0,21.0,22.0,21.0,22.0,21.0,22.0,21.0,21.0,21.0,22.0,22.0,23.0,20.0,22.0,23.0,21.0,10.0,post,8,8,2.7261
1787153779.3084,2026-08-19 17:36:19.308,10,c3,0,0,-0.03814,-0.49682,0.04972,-4.0787,10.0917,-24.9921,-0.0703,0.0145,-0.354,4.68879,22.0,24.0,21.0,21.0,23.0,23.0,22.0,21.0,23.0,22.0,25.0,20.0,24.0,23.0,24.0,21.0,22.0,25.0,21.0,21.0,22.0,21.0,21.0,22.0,21.0,22.0,21.0,22.0,21.0,21.0,21.0,22.0,22.0,23.0,20.0,22.0,23.0,21.0,10.0,post,8,8,2.7687
1787153779.3585,2026-08-19 17:36:19.358,10,c3,0,0,-0.03814,-0.49682,0.04971,-4.19,10.2538,-25.0549,-0.0741,0.0138,-0.3497,4.68677,22.0,24.0,21.0,21.0,23.0,23.0,22.0,21.0,23.0,22.0,25.0,20.0,24.0,23.0,24.0,21.0,22.0,25.0,21.0,21.0,22.0,21.0,21.0,22.0,21.0,22.0,21.0,22.0,21.0,21.0,21.0,22.0,22.0,23.0,20.0,22.0,23.0,21.0,10.0,post,8,8,2.7866
1787153779.4086,2026-08-19 17:36:19.408,10,c3,0,0,-0.03815,-0.49682,0.04972,-3.8235,9.8713,-25.2637,-0.0657,0.0224,-0.3559,4.69609,21.0,24.0,23.0,18.0,24.0,24.0,23.0,24.0,23.0,23.0,24.0,24.0,24.0,24.0,23.0,23.0,24.0,23.0,24.0,21.0,22.0,21.0,21.0,22.0,21.0,22.0,21.0,22.0,21.0,21.0,21.0,22.0,22.0,23.0,20.0,22.0,23.0,21.0,10.0,post,8,8,2.7037
1787153779.4588,2026-08-19 17:36:19.458,10,c3,0,0,-0.03815,-0.49681,0.04972,-3.954,10.1302,-25.1978,-0.0741,0.0198,-0.3561,4.68954,21.0,24.0,23.0,18.0,24.0,24.0,23.0,24.0,23.0,23.0,24.0,24.0,24.0,24.0,23.0,23.0,24.0,23.0,24.0,21.0,22.0,21.0,21.0,22.0,21.0,22.0,21.0,22.0,21.0,21.0,21.0,22.0,22.0,23.0,20.0,22.0,23.0,21.0,10.0,post,8,8,2.762
1787153779.5088,2026-08-19 17:36:19.508,10,c3,0,0,-0.03814,-0.49681,0.04972,-3.8629,9.762,-25.2292,-0.0608,0.0225,-0.3454,4.68803,21.0,22.0,22.0,22.0,23.0,24.0,23.0,24.0,21.0,22.0,24.0,22.0,25.0,24.0,23.0,23.0,23.0,23.0,23.0,21.0,22.0,21.0,21.0,22.0,21.0,22.0,21.0,22.0,21.0,21.0,21.0,22.0,22.0,23.0,20.0,22.0,23.0,21.0,10.0,post,8,8,2.7754
1787153779.5589,2026-08-19 17:36:19.558,10,c3,0,0,-0.03815,-0.49682,0.04971,-4.2839,10.341,-25.1226,-0.0757,0.0093,-0.3525,4.69735,23.0,22.0,21.0,20.0,22.0,23.0,23.0,22.0,23.0,22.0,26.0,20.0,24.0,24.0,23.0,21.0,25.0,23.0,21.0,21.0,22.0,21.0,21.0,22.0,21.0,22.0,21.0,22.0,21.0,21.0,21.0,22.0,22.0,23.0,20.0,22.0,23.0,21.0,10.0,post,8,8,2.6925
1787153779.6091,2026-08-19 17:36:19.609,10,c3,0,0,-0.03814,-0.49681,0.04971,-4.0806,9.7503,-25.1643,-0.0636,0.0165,-0.353,4.68753,23.0,22.0,21.0,20.0,22.0,23.0,23.0,22.0,23.0,22.0,26.0,20.0,24.0,24.0,23.0,21.0,25.0,23.0,21.0,21.0,22.0,21.0,21.0,22.0,21.0,22.0,21.0,22.0,21.0,21.0,21.0,22.0,22.0,23.0,20.0,22.0,23.0,21.0,10.0,post,8,8,2.7799
1787153779.6592,2026-08-19 17:36:19.659,10,c3,0,0,-0.03814,-0.49681,0.04971,-4.1282,10.4878,-25.0279,-0.0828,0.0143,-0.3417,4.69785,20.0,23.0,22.0,20.0,24.0,24.0,25.0,23.0,23.0,23.0,24.0,22.0,24.0,23.0,22.0,22.0,22.0,24.0,23.0,21.0,22.0,21.0,21.0,22.0,21.0,22.0,21.0,22.0,21.0,21.0,21.0,22.0,22.0,23.0,20.0,22.0,23.0,21.0,10.0,post,8,8,2.6881
1787153779.7094,2026-08-19 17:36:19.709,10,c3,0,0,-0.03816,-0.49682,0.04972,-3.7163,9.8553,-25.2941,-0.0659,0.0268,-0.348,4.68828,20.0,23.0,22.0,20.0,24.0,24.0,25.0,23.0,23.0,23.0,24.0,22.0,24.0,23.0,22.0,22.0,22.0,24.0,23.0,21.0,22.0,21.0,21.0,22.0,21.0,22.0,21.0,22.0,21.0,21.0,21.0,22.0,22.0,23.0,20.0,22.0,23.0,21.0,10.0,post,8,8,2.7732
1787153779.7595,2026-08-19 17:36:19.759,10,c3,0,0,-0.03815,-0.49681,0.04972,-3.9882,10.3396,-25.29,-0.0734,0.0171,-0.3478,4.69231,23.0,23.0,23.0,20.0,24.0,23.0,23.0,24.0,22.0,23.0,25.0,23.0,23.0,24.0,22.0,25.0,23.0,23.0,23.0,21.0,22.0,21.0,21.0,22.0,21.0,22.0,21.0,22.0,21.0,21.0,21.0,22.0,22.0,23.0,20.0,22.0,23.0,21.0,10.0,post,8,8,2.7373
1787153779.8097,2026-08-19 17:36:19.809,10,c3,0,0,-0.03815,-0.49681,0.0497,-4.4132,10.0058,-25.1549,-0.0661,0.0054,-0.3576,4.69181,23.0,23.0,23.0,20.0,24.0,23.0,23.0,24.0,22.0,23.0,25.0,23.0,23.0,24.0,22.0,25.0,23.0,23.0,23.0,21.0,22.0,21.0,21.0,22.0,21.0,22.0,21.0,22.0,21.0,21.0,21.0,22.0,22.0,23.0,20.0,22.0,23.0,21.0,10.0,post,8,8,2.7418
1787153779.8599,2026-08-19 17:36:19.859,10,c3,0,0,-0.03814,-0.49681,0.04971,-4.3481,10.3427,-25.1311,-0.0801,0.0066,-0.3479,4.6908,21.0,23.0,22.0,21.0,23.0,24.0,24.0,21.0,23.0,23.0,25.0,21.0,23.0,22.0,23.0,22.0,21.0,22.0,20.0,21.0,22.0,21.0,21.0,22.0,21.0,22.0,21.0,22.0,21.0,21.0,21.0,22.0,22.0,23.0,20.0,22.0,23.0,21.0,10.0,post,8,8,2.7508
1787153779.91,2026-08-19 17:36:19.910,10,c3,0,0,-0.03814,-0.49681,0.04971,-4.1543,10.3191,-25.1965,-0.0768,0.0094,-0.3521,4.69382,21.0,22.0,21.0,19.0,22.0,23.0,24.0,24.0,23.0,23.0,26.0,23.0,24.0,24.0,23.0,24.0,23.0,23.0,23.0,21.0,22.0,21.0,21.0,22.0,21.0,22.0,21.0,22.0,21.0,21.0,21.0,22.0,22.0,23.0,20.0,22.0,23.0,21.0,10.0,post,8,8,2.7239
1787153779.9601,2026-08-19 17:36:19.960,10,c3,0,0,-0.03814,-0.49681,0.04971,-4.3428,10.4939,-25.1333,-0.0811,0.0101,-0.3537,4.6903,21.0,22.0,21.0,19.0,22.0,23.0,24.0,24.0,23.0,23.0,26.0,23.0,24.0,24.0,23.0,24.0,23.0,23.0,23.0,21.0,22.0,21.0,21.0,22.0,21.0,22.0,21.0,22.0,21.0,21.0,21.0,22.0,22.0,23.0,20.0,22.0,23.0,21.0,10.0,post,8,8,2.7553
1787153780.0103,2026-08-19 17:36:20.010,10,c3,0,0,-0.03813,-0.49682,0.04972,-4.0231,10.0955,-25.2289,-0.0752,0.0177,-0.3452,4.6976,23.0,23.0,22.0,22.0,24.0,24.0,24.0,23.0,22.0,22.0,23.0,21.0,24.0,22.0,22.0,23.0,22.0,22.0,22.0,21.0,22.0,21.0,21.0,22.0,21.0,22.0,21.0,22.0,21.0,21.0,21.0,22.0,22.0,23.0,20.0,22.0,23.0,21.0,10.0,locate,9,9,2.6903
1787153780.0603,2026-08-19 17:36:20.060,10,c3,0,0,-0.03815,-0.49682,0.04971,-4.0559,10.2644,-25.293,-0.0777,0.0167,-0.3504,4.68702,23.0,23.0,22.0,22.0,24.0,24.0,24.0,23.0,22.0,22.0,23.0,21.0,24.0,22.0,22.0,23.0,22.0,22.0,22.0,21.0,22.0,21.0,21.0,22.0,21.0,22.0,21.0,22.0,21.0,21.0,21.0,22.0,22.0,23.0,20.0,22.0,23.0,21.0,10.0,locate,9,9,2.7844
1787153780.1105,2026-08-19 17:36:20.110,10,c3,0,0,-0.03813,-0.49682,0.04971,-4.0041,10.2767,-25.203,-0.0731,0.0223,-0.3447,4.69785,22.0,24.0,21.0,20.0,24.0,22.0,25.0,23.0,23.0,22.0,25.0,22.0,24.0,21.0,22.0,22.0,22.0,23.0,23.0,21.0,22.0,21.0,21.0,22.0,21.0,22.0,21.0,22.0,21.0,21.0,21.0,22.0,22.0,23.0,20.0,22.0,23.0,21.0,10.0,locate,9,9,2.6881
1787153780.1606,2026-08-19 17:36:20.160,10,c3,0,0,-0.03813,-0.49681,0.04972,-4.095,10.3324,-25.2162,-0.0737,0.0136,-0.3511,4.68224,20.0,23.0,20.0,20.0,24.0,23.0,23.0,24.0,24.0,23.0,25.0,23.0,25.0,23.0,24.0,24.0,24.0,22.0,24.0,21.0,22.0,21.0,21.0,22.0,21.0,22.0,21.0,22.0,21.0,21.0,21.0,22.0,22.0,23.0,20.0,22.0,23.0,21.0,10.0,locate,9,9,2.8269
1787153780.2107,2026-08-19 17:36:20.210,10,c3,0,0,-0.03814,-0.49681,0.0497,-3.6378,10.1539,-25.1455,-0.073,0.0258,-0.3455,4.69961,20.0,23.0,20.0,20.0,24.0,23.0,23.0,24.0,24.0,23.0,25.0,23.0,25.0,23.0,24.0,24.0,24.0,22.0,24.0,21.0,22.0,21.0,21.0,22.0,21.0,22.0,21.0,22.0,21.0,21.0,21.0,22.0,22.0,23.0,20.0,22.0,23.0,21.0,10.0,locate,9,9,2.6724
1787153780.2608,2026-08-19 17:36:20.260,10,c3,0,0,-0.03814,-0.4968,0.04971,-4.2376,10.4167,-24.8649,-0.0792,0.0095,-0.357,4.68853,23.0,24.0,23.0,23.0,24.0,24.0,23.0,22.0,22.0,22.0,25.0,22.0,23.0,24.0,22.0,23.0,23.0,23.0,22.0,21.0,22.0,21.0,21.0,22.0,21.0,22.0,21.0,22.0,21.0,21.0,21.0,22.0,22.0,23.0,20.0,22.0,23.0,21.0,10.0,locate,9,9,2.7709
1787153780.3109,2026-08-19 17:36:20.310,10,c3,0,0,-0.03812,-0.49683,0.04972,-4.1367,10.3352,-25.1378,-0.0775,0.013,-0.3556,4.6913,23.0,24.0,23.0,23.0,24.0,24.0,23.0,22.0,22.0,22.0,25.0,22.0,23.0,24.0,22.0,23.0,23.0,23.0,22.0,21.0,22.0,21.0,21.0,22.0,21.0,22.0,21.0,22.0,21.0,21.0,21.0,22.0,22.0,23.0,20.0,22.0,23.0,21.0,10.0,locate,9,9,2.7463
1787153780.3611,2026-08-19 17:36:20.361,10,c3,0,0,-0.03814,-0.49682,0.04973,-4.2834,10.1337,-25.1912,-0.0702,0.0091,-0.3448,4.69558,21.0,21.0,21.0,19.0,23.0,22.0,25.0,24.0,22.0,23.0,26.0,22.0,23.0,25.0,23.0,22.0,24.0,24.0,22.0,21.0,22.0,21.0,21.0,22.0,21.0,22.0,21.0,22.0,21.0,21.0,21.0,22.0,22.0,23.0,20.0,22.0,23.0,21.0,10.0,locate,9,9,2.7082
1787153780.4112,2026-08-19 17:36:20.411,10,c3,0,0,-0.03812,-0.49683,0.04972,-3.9889,10.2626,-25.0997,-0.0766,0.0201,-0.3535,4.68375,22.0,23.0,22.0,20.0,23.0,25.0,24.0,23.0,23.0,21.0,24.0,21.0,24.0,22.0,22.0,21.0,23.0,23.0,21.0,21.0,22.0,21.0,21.0,22.0,21.0,22.0,21.0,22.0,21.0,21.0,21.0,22.0,22.0,23.0,20.0,22.0,23.0,21.0,10.0,locate,9,9,2.8135
1787153780.4613,2026-08-19 17:36:20.461,10,c3,0,0,-0.03815,-0.49682,0.04972,-3.7409,10.1067,-25.0946,-0.0743,0.0272,-0.3529,4.69634,22.0,23.0,22.0,20.0,23.0,25.0,24.0,23.0,23.0,21.0,24.0,21.0,24.0,22.0,22.0,21.0,23.0,23.0,21.0,21.0,22.0,21.0,21.0,22.0,21.0,22.0,21.0,22.0,21.0,21.0,21.0,22.0,22.0,23.0,20.0,22.0,23.0,21.0,10.0,locate,9,9,2.7015
1787153780.5115,2026-08-19 17:36:20.511,10,c3,0,0,-0.03816,-0.49681,0.0497,-3.8873,10.287,-25.0971,-0.0723,0.018,-0.3479,4.68853,22.0,23.0,22.0,20.0,24.0,21.0,24.0,23.0,23.0,22.0,25.0,21.0,24.0,23.0,24.0,21.0,23.0,23.0,22.0,21.0,22.0,21.0,21.0,22.0,21.0,22.0,21.0,22.0,21.0,21.0,21.0,22.0,22.0,23.0,20.0,22.0,23.0,21.0,10.0,locate,9,9,2.7709
1787153780.5616,2026-08-19 17:36:20.561,10,c3,0,0,-0.03815,-0.49681,0.0497,-4.1412,10.279,-24.8516,-0.075,0.016,-0.3489,4.69155,22.0,23.0,22.0,20.0,24.0,21.0,24.0,23.0,23.0,22.0,25.0,21.0,24.0,23.0,24.0,21.0,23.0,23.0,22.0,21.0,22.0,21.0,21.0,22.0,21.0,22.0,21.0,22.0,21.0,21.0,21.0,22.0,22.0,23.0,20.0,22.0,23.0,21.0,10.0,locate,9,9,2.7441
1787153780.6118,2026-08-19 17:36:20.611,10,c3,0,0,-0.03814,-0.49683,0.04973,-4.0754,10.2408,-24.9539,-0.0744,0.0142,-0.3543,4.69785,22.0,23.0,21.0,20.0,22.0,23.0,23.0,23.0,23.0,21.0,24.0,23.0,24.0,22.0,23.0,24.0,21.0,23.0,25.0,21.0,22.0,21.0,21.0,22.0,21.0,22.0,21.0,22.0,21.0,21.0,21.0,22.0,22.0,23.0,20.0,22.0,23.0,21.0,10.0,locate,9,9,2.6881
1787153780.6619,2026-08-19 17:36:20.661,10,c3,0,0,-0.03815,-0.49682,0.04971,-4.2902,10.5221,-25.1142,-0.0834,0.0112,-0.3549,4.68702,22.0,23.0,22.0,21.0,23.0,21.0,23.0,23.0,24.0,23.0,25.0,22.0,25.0,24.0,22.0,22.0,23.0,23.0,22.0,21.0,22.0,21.0,21.0,22.0,21.0,22.0,21.0,22.0,21.0,21.0,21.0,22.0,22.0,23.0,20.0,22.0,23.0,21.0,10.0,locate,9,9,2.7844
1787153780.712,2026-08-19 17:36:20.711,10,c3,0,0,-0.03814,-0.49682,0.04972,-3.9951,10.0808,-25.1312,-0.0709,0.0131,-0.3459,4.69206,22.0,23.0,22.0,21.0,23.0,21.0,23.0,23.0,24.0,23.0,25.0,22.0,25.0,24.0,22.0,22.0,23.0,23.0,22.0,21.0,22.0,21.0,21.0,22.0,21.0,22.0,21.0,22.0,21.0,21.0,21.0,22.0,22.0,23.0,20.0,22.0,23.0,21.0,10.0,locate,9,9,2.7396
1787153780.7621,2026-08-19 17:36:20.762,10,c3,0,0,-0.03814,-0.49682,0.04971,-4.2932,9.835,-25.2601,-0.067,0.0089,-0.3524,4.69533,22.0,23.0,23.0,20.0,24.0,24.0,24.0,24.0,23.0,22.0,25.0,24.0,24.0,23.0,23.0,25.0,22.0,25.0,24.0,21.0,22.0,21.0,21.0,22.0,21.0,22.0,21.0,22.0,21.0,21.0,21.0,22.0,22.0,23.0,20.0,22.0,23.0,21.0,10.0,locate,9,9,2.7105
1787153780.8122,2026-08-19 17:36:20.812,10,c3,0,0,-0.03812,-0.49681,0.04971,-4.0461,10.0866,-25.3143,-0.0728,0.0144,-0.3529,4.68853,22.0,23.0,23.0,20.0,24.0,24.0,24.0,24.0,23.0,22.0,25.0,24.0,24.0,23.0,23.0,25.0,22.0,25.0,24.0,21.0,22.0,21.0,21.0,22.0,21.0,22.0,21.0,22.0,21.0,21.0,21.0,22.0,22.0,23.0,20.0,22.0,23.0,21.0,10.0,locate,9,9,2.7709
1787153780.8624,2026-08-19 17:36:20.862,10,c3,0,0,-0.03812,-0.49681,0.04971,-4.0368,9.9376,-25.3358,-0.0682,0.0161,-0.3508,4.69256,20.0,23.0,21.0,21.0,23.0,22.0,22.0,22.0,23.0,22.0,24.0,22.0,24.0,23.0,23.0,21.0,24.0,24.0,22.0,21.0,22.0,21.0,21.0,22.0,21.0,22.0,21.0,22.0,21.0,21.0,21.0,22.0,22.0,23.0,20.0,22.0,23.0,21.0,10.0,locate,9,9,2.7351
1787153780.9125,2026-08-19 17:36:20.912,10,c3,0,0,-0.03815,-0.49681,0.04971,-4.0593,10.0852,-25.2326,-0.0697,0.0131,-0.3565,4.68904,21.0,23.0,22.0,21.0,24.0,22.0,23.0,22.0,22.0,22.0,25.0,22.0,22.0,23.0,21.0,23.0,23.0,23.0,23.0,21.0,22.0,21.0,21.0,22.0,21.0,22.0,21.0,22.0,21.0,21.0,21.0,22.0,22.0,23.0,20.0,22.0,23.0,21.0,10.0,locate,9,9,2.7665
1787153780.9627,2026-08-19 17:36:20.962,10,c3,0,0,-0.03815,-0.49682,0.04971,-3.7759,9.9194,-25.2738,-0.0678,0.0222,-0.3509,4.69432,21.0,23.0,22.0,21.0,24.0,22.0,23.0,22.0,22.0,22.0,25.0,22.0,22.0,23.0,21.0,23.0,23.0,23.0,23.0,21.0,22.0,21.0,21.0,22.0,21.0,22.0,21.0,22.0,21.0,21.0,21.0,22.0,22.0,23.0,20.0,22.0,23.0,21.0,10.0,locate,9,9,2.7194
1787153781.0128,2026-08-19 17:36:21.012,10,c3,0,0,-0.03813,-0.49682,0.04972,-4.081,10.1828,-25.1245,-0.0742,0.0147,-0.3532,4.68828,21.0,23.0,22.0,21.0,22.0,22.0,24.0,21.0,23.0,23.0,25.0,22.0,23.0,23.0,24.0,21.0,23.0,24.0,23.0,21.0,22.0,21.0,21.0,22.0,21.0,22.0,21.0,22.0,21.0,21.0,21.0,22.0,22.0,23.0,20.0,22.0,23.0,21.0,10.0,locate,9,9,2.7732
1787153781.0629,2026-08-19 17:36:21.062,10,c3,0,0,-0.03814,-0.49682,0.04972,-4.1825,10.4031,-25.2258,-0.0811,0.0136,-0.3519,4.69609,21.0,23.0,22.0,21.0,22.0,22.0,24.0,21.0,23.0,23.0,25.0,22.0,23.0,23.0,24.0,21.0,23.0,24.0,23.0,21.0,22.0,21.0,21.0,22.0,21.0,22.0,21.0,22.0,21.0,21.0,21.0,22.0,22.0,23.0,20.0,22.0,23.0,21.0,10.0,locate,9,9,2.7037
1787153781.113,2026-08-19 17:36:21.112,10,c3,0,0,-0.03813,-0.49681,0.04971,-4.2554,10.4118,-25.3952,-0.0803,0.0104,-0.3587,4.69105,21.0,23.0,22.0,20.0,24.0,22.0,25.0,22.0,23.0,23.0,25.0,21.0,25.0,23.0,24.0,22.0,23.0,25.0,22.0,21.0,22.0,21.0,21.0,22.0,21.0,22.0,21.0,22.0,21.0,21.0,21.0,22.0,22.0,23.0,20.0,22.0,23.0,21.0,10.0,locate,9,9,2.7485
1787153781.1631,2026-08-19 17:36:21.163,10,c3,0,0,-0.03815,-0.49681,0.04971,-4.095,10.3909,-25.1504,-0.0775,0.0144,-0.3548,4.69407,21.0,23.0,22.0,20.0,24.0,22.0,25.0,22.0,23.0,23.0,25.0,21.0,25.0,23.0,24.0,22.0,23.0,25.0,22.0,21.0,22.0,21.0,21.0,22.0,21.0,22.0,21.0,22.0,21.0,21.0,21.0,22.0,22.0,23.0,20.0,22.0,23.0,21.0,10.0,locate,9,9,2.7217
1787153781.2132,2026-08-19 17:36:21.213,10,c3,0,0,-0.03813,-0.49681,0.04971,-4.1125,9.8366,-25.1481,-0.0664,0.0166,-0.3541,4.69382,20.0,23.0,22.0,21.0,23.0,22.0,23.0,23.0,22.0,22.0,26.0,22.0,22.0,23.0,24.0,24.0,23.0,24.0,24.0,21.0,22.0,21.0,21.0,22.0,21.0,22.0,21.0,22.0,21.0,21.0,21.0,22.0,22.0,23.0,20.0,22.0,23.0,21.0,10.0,locate,9,9,2.7239
1787153781.2634,2026-08-19 17:36:21.263,10,c3,0,0,-0.03814,-0.49682,0.04973,-4.0583,10.1806,-25.006,-0.0733,0.0143,-0.3528,4.68853,22.0,23.0,21.0,21.0,23.0,22.0,24.0,24.0,24.0,23.0,24.0,24.0,24.0,24.0,24.0,23.0,23.0,24.0,22.0,21.0,22.0,21.0,21.0,22.0,21.0,22.0,21.0,22.0,21.0,21.0,21.0,22.0,22.0,23.0,20.0,22.0,23.0,21.0,10.0,locate,9,9,2.7709
1787153781.3135,2026-08-19 17:36:21.313,10,c3,0,0,-0.03813,-0.49682,0.04972,-3.9812,9.9049,-25.1378,-0.0666,0.0168,-0.3479,4.6976,22.0,23.0,21.0,21.0,23.0,22.0,24.0,24.0,24.0,23.0,24.0,24.0,24.0,24.0,24.0,23.0,23.0,24.0,22.0,21.0,22.0,21.0,21.0,22.0,21.0,22.0,21.0,22.0,21.0,21.0,21.0,22.0,22.0,23.0,20.0,22.0,23.0,21.0,10.0,locate,9,9,2.6903
1787153781.3636,2026-08-19 17:36:21.363,10,c3,0,0,-0.03813,-0.49682,0.04971,-4.3145,10.1939,-25.0364,-0.0734,0.0091,-0.3486,4.68375,22.0,25.0,23.0,22.0,24.0,25.0,25.0,24.0,20.0,22.0,26.0,24.0,22.0,24.0,24.0,24.0,24.0,23.0,25.0,21.0,22.0,21.0,21.0,22.0,21.0,22.0,21.0,22.0,21.0,21.0,21.0,22.0,22.0,23.0,20.0,22.0,23.0,21.0,10.0,locate,9,9,2.8135
1787153781.4137,2026-08-19 17:36:21.413,10,c3,0,0,-0.03813,-0.49682,0.04972,-4.3327,9.9226,-25.0588,-0.0715,0.0111,-0.3506,4.69609,22.0,25.0,23.0,22.0,24.0,25.0,25.0,24.0,20.0,22.0,26.0,24.0,22.0,24.0,24.0,24.0,24.0,23.0,25.0,21.0,22.0,21.0,21.0,22.0,21.0,22.0,21.0,22.0,21.0,21.0,21.0,22.0,22.0,23.0,20.0,22.0,23.0,21.0,10.0,locate,9,9,2.7037
1787153781.4639,2026-08-19 17:36:21.463,10,c3,0,0,-0.03812,-0.49682,0.04971,-4.2153,10.2801,-25.0455,-0.0753,0.014,-0.3532,4.68828,22.0,19.0,22.0,23.0,21.0,22.0,26.0,23.0,23.0,22.0,25.0,22.0,24.0,23.0,23.0,22.0,22.0,23.0,24.0,21.0,22.0,21.0,21.0,22.0,21.0,22.0,21.0,22.0,21.0,21.0,21.0,22.0,22.0,23.0,20.0,22.0,23.0,21.0,10.0,locate,9,9,2.7732
1787153781.514,2026-08-19 17:36:21.513,10,c3,0,0,-0.03814,-0.49681,0.04971,-4.0727,9.8769,-25.2261,-0.066,0.0208,-0.3568,4.69911,24.0,23.0,21.0,20.0,23.0,21.0,25.0,23.0,23.0,24.0,24.0,20.0,24.0,23.0,23.0,23.0,23.0,25.0,22.0,21.0,22.0,21.0,21.0,22.0,21.0,22.0,21.0,22.0,21.0,21.0,21.0,22.0,22.0,23.0,20.0,22.0,23.0,21.0,10.0,locate,9,9,2.6769
1787153781.564,2026-08-19 17:36:21.564,10,c3,0,0,-0.03814,-0.49681,0.0497,-4.3067,10.0803,-25.1197,-0.0724,0.0086,-0.3509,4.68602,24.0,23.0,21.0,20.0,23.0,21.0,25.0,23.0,23.0,24.0,24.0,20.0,24.0,23.0,23.0,23.0,23.0,25.0,22.0,21.0,22.0,21.0,21.0,22.0,21.0,22.0,21.0,22.0,21.0,21.0,21.0,22.0,22.0,23.0,20.0,22.0,23.0,21.0,10.0,locate,9,9,2.7933
1787153781.6142,2026-08-19 17:36:21.614,10,c3,0,0,-0.03815,-0.49682,0.04972,-4.3172,10.638,-25.0378,-0.0849,0.0087,-0.3501,4.69483,21.0,24.0,22.0,20.0,24.0,23.0,24.0,23.0,24.0,22.0,24.0,22.0,24.0,22.0,23.0,22.0,22.0,22.0,23.0,21.0,22.0,21.0,21.0,22.0,21.0,22.0,21.0,22.0,21.0,21.0,21.0,22.0,22.0,23.0,20.0,22.0,23.0,21.0,10.0,locate,9,9,2.7149
1787153781.6643,2026-08-19 17:36:21.664,10,c3,0,0,-0.03815,-0.49682,0.04972,-3.7543,9.9635,-25.3974,-0.0676,0.0232,-0.3469,4.68954,21.0,24.0,22.0,20.0,24.0,23.0,24.0,23.0,24.0,22.0,24.0,22.0,24.0,22.0,23.0,22.0,22.0,22.0,23.0,21.0,22.0,21.0,21.0,22.0,21.0,22.0,21.0,22.0,21.0,21.0,21.0,22.0,22.0,23.0,20.0,22.0,23.0,21.0,10.0,locate,9,9,2.762
1787153781.7145,2026-08-19 17:36:21.714,10,c3,0,0,-0.03815,-0.49682,0.04973,-4.1799,10.0736,-25.1739,-0.0721,0.0138,-0.355,4.69231,23.0,23.0,21.0,21.0,23.0,24.0,22.0,23.0,22.0,23.0,27.0,22.0,24.0,24.0,25.0,25.0,22.0,25.0,24.0,21.0,22.0,21.0,21.0,22.0,21.0,22.0,21.0,22.0,21.0,21.0,21.0,22.0,22.0,23.0,20.0,22.0,23.0,21.0,10.0,locate,9,9,2.7373
1787153781.7647,2026-08-19 17:36:21.764,10,c3,0,0,-0.03814,-0.49681,0.04971,-4.2678,10.3658,-25.1103,-0.0783,0.015,-0.353,4.68954,21.0,22.0,21.0,21.0,23.0,23.0,25.0,22.0,23.0,24.0,23.0,21.0,24.0,24.0,22.0,21.0,25.0,23.0,20.0,21.0,22.0,21.0,21.0,22.0,21.0,22.0,21.0,22.0,21.0,21.0,21.0,22.0,22.0,23.0,20.0,22.0,23.0,21.0,10.0,locate,9,9,2.762
1787153781.8148,2026-08-19 17:36:21.814,10,c3,0,0,-0.03814,-0.49682,0.04972,-3.7686,9.908,-25.1047,-0.068,0.021,-0.3497,4.69583,21.0,22.0,21.0,21.0,23.0,23.0,25.0,22.0,23.0,24.0,23.0,21.0,24.0,24.0,22.0,21.0,25.0,23.0,20.0,21.0,22.0,21.0,21.0,22.0,21.0,22.0,21.0,22.0,21.0,21.0,21.0,22.0,22.0,23.0,20.0,22.0,23.0,21.0,10.0,locate,9,9,2.706
1787153781.8649,2026-08-19 17:36:21.864,10,c3,0,0,-0.03814,-0.49681,0.04971,-4.3583,10.2302,-24.9469,-0.0728,0.0075,-0.3566,4.69004,21.0,24.0,23.0,21.0,24.0,23.0,20.0,24.0,23.0,23.0,25.0,22.0,27.0,24.0,24.0,22.0,22.0,25.0,22.0,21.0,22.0,21.0,21.0,22.0,21.0,22.0,21.0,22.0,21.0,21.0,21.0,22.0,22.0,23.0,20.0,22.0,23.0,21.0,10.0,locate,9,9,2.7575
1787153781.915,2026-08-19 17:36:21.914,10,c3,0,0,-0.03815,-0.49682,0.04971,-3.9993,10.0832,-25.3404,-0.07,0.0159,-0.3481,4.69055,21.0,24.0,23.0,21.0,24.0,23.0,20.0,24.0,23.0,23.0,25.0,22.0,27.0,24.0,24.0,22.0,22.0,25.0,22.0,21.0,22.0,21.0,21.0,22.0,21.0,22.0,21.0,22.0,21.0,21.0,21.0,22.0,22.0,23.0,20.0,22.0,23.0,21.0,10.0,locate,9,9,2.753
1787153781.965,2026-08-19 17:36:21.965,10,c3,0,0,-0.03813,-0.49681,0.04971,-4.405,10.3117,-25.1949,-0.0795,0.0063,-0.3539,4.69583,21.0,25.0,22.0,20.0,25.0,23.0,25.0,25.0,23.0,23.0,25.0,24.0,26.0,24.0,23.0,25.0,25.0,24.0,26.0,21.0,22.0,21.0,21.0,22.0,21.0,22.0,21.0,22.0,21.0,21.0,21.0,22.0,22.0,23.0,20.0,22.0,23.0,21.0,10.0,locate,9,9,2.706
1787153782.0152,2026-08-19 17:36:22.015,10,c3,1,0,-0.03814,-0.49681,0.0497,-4.0429,9.8909,-25.3627,-0.0677,0.0161,-0.3545,4.69735,21.0,25.0,22.0,20.0,25.0,23.0,25.0,25.0,23.0,23.0,25.0,24.0,26.0,24.0,23.0,25.0,25.0,24.0,26.0,21.0,22.0,21.0,21.0,22.0,21.0,22.0,21.0,22.0,21.0,21.0,21.0,22.0,22.0,23.0,20.0,22.0,23.0,21.0,10.0,press,9,9,2.6925
1787153782.0652,2026-08-19 17:36:22.065,10,c3,1,0,-0.03815,-0.49681,0.0497,-3.9293,10.1313,-25.263,-0.072,0.0225,-0.3554,4.69533,24.0,24.0,22.0,23.0,24.0,23.0,25.0,24.0,23.0,23.0,25.0,23.0,24.0,24.0,24.0,23.0,23.0,25.0,24.0,21.0,22.0,21.0,21.0,22.0,21.0,22.0,21.0,22.0,21.0,21.0,21.0,22.0,22.0,23.0,20.0,22.0,23.0,21.0,10.0,press,9,9,2.7105
1787153782.1153,2026-08-19 17:36:22.115,10,c3,1,0,-0.03814,-0.49682,0.04967,-4.1765,10.2114,-25.1315,-0.0732,0.0121,-0.358,4.68652,22.0,23.0,22.0,22.0,23.0,23.0,24.0,23.0,23.0,23.0,24.0,22.0,24.0,23.0,24.0,23.0,22.0,23.0,23.0,21.0,22.0,21.0,21.0,22.0,21.0,22.0,21.0,22.0,21.0,21.0,21.0,22.0,22.0,23.0,20.0,22.0,23.0,21.0,10.0,press,9,9,2.7889
1787153782.1654,2026-08-19 17:36:22.165,10,c3,1,0,-0.03814,-0.49684,0.04958,-4.1674,10.2207,-25.1952,-0.0738,0.0151,-0.3535,4.68375,22.0,23.0,22.0,22.0,23.0,23.0,24.0,23.0,23.0,23.0,24.0,22.0,24.0,23.0,24.0,23.0,22.0,23.0,23.0,21.0,22.0,21.0,21.0,22.0,21.0,22.0,21.0,22.0,21.0,21.0,21.0,22.0,22.0,23.0,20.0,22.0,23.0,21.0,10.0,press,9,9,2.8135
1787153782.2156,2026-08-19 17:36:22.215,10,c3,1,0,-0.03813,-0.49684,0.04943,-4.1925,10.1283,-25.087,-0.0715,0.0107,-0.3509,4.68199,23.0,23.0,23.0,20.0,23.0,23.0,23.0,22.0,23.0,24.0,25.0,22.0,24.0,25.0,22.0,22.0,24.0,24.0,23.0,21.0,22.0,21.0,21.0,22.0,21.0,22.0,21.0,22.0,21.0,21.0,21.0,22.0,22.0,23.0,20.0,22.0,23.0,21.0,10.0,press,9,9,2.8292
1787153782.2657,2026-08-19 17:36:22.265,10,c3,1,0,-0.03816,-0.49684,0.04927,-3.9752,9.939,-25.206,-0.0687,0.0172,-0.3491,4.68501,23.0,23.0,23.0,20.0,23.0,23.0,23.0,22.0,23.0,24.0,25.0,22.0,24.0,25.0,22.0,22.0,24.0,24.0,23.0,21.0,22.0,21.0,21.0,22.0,21.0,22.0,21.0,22.0,21.0,21.0,21.0,22.0,22.0,23.0,20.0,22.0,23.0,21.0,10.0,press,9,9,2.8023
1787153782.3158,2026-08-19 17:36:22.315,10,c3,1,0,-0.03816,-0.49683,0.04903,-4.2242,10.5566,-25.1035,-0.078,0.0115,-0.3523,4.69508,21.0,24.0,22.0,21.0,24.0,24.0,23.0,24.0,23.0,23.0,26.0,22.0,24.0,23.0,24.0,24.0,25.0,24.0,23.0,21.0,22.0,21.0,21.0,22.0,21.0,22.0,21.0,22.0,21.0,21.0,21.0,22.0,22.0,23.0,20.0,22.0,23.0,21.0,10.0,press,9,9,2.7127
1787153782.3659,2026-08-19 17:36:22.365,10,c3,1,0,-0.03813,-0.49678,0.04876,-4.0817,10.1664,-25.1993,-0.0751,0.0151,-0.3563,4.69533,23.0,22.0,23.0,20.0,23.0,24.0,25.0,25.0,24.0,24.0,25.0,22.0,25.0,24.0,23.0,24.0,23.0,24.0,23.0,21.0,22.0,21.0,21.0,22.0,21.0,22.0,21.0,22.0,21.0,21.0,21.0,22.0,22.0,23.0,20.0,22.0,23.0,21.0,10.0,press,9,9,2.7105
1787153782.4159,2026-08-19 17:36:22.415,10,c3,1,0,-0.03813,-0.49678,0.04852,-4.3701,10.1745,-25.2293,-0.073,0.0096,-0.3554,4.68299,23.0,22.0,23.0,20.0,23.0,24.0,25.0,25.0,24.0,24.0,25.0,22.0,25.0,24.0,23.0,24.0,23.0,24.0,23.0,21.0,22.0,21.0,21.0,22.0,21.0,22.0,21.0,22.0,21.0,21.0,21.0,22.0,22.0,23.0,20.0,22.0,23.0,21.0,10.0,press,9,9,2.8202
1787153782.466,2026-08-19 17:36:22.466,10,c3,1,0,-0.03814,-0.4968,0.04826,-4.0401,9.9423,-25.2372,-0.0687,0.0162,-0.3524,4.68778,23.0,24.0,22.0,22.0,23.0,22.0,23.0,23.0,22.0,22.0,23.0,22.0,23.0,23.0,22.0,23.0,22.0,23.0,22.0,21.0,22.0,21.0,21.0,22.0,21.0,22.0,21.0,22.0,21.0,21.0,21.0,22.0,22.0,23.0,20.0,22.0,23.0,21.0,10.0,press,9,9,2.7777
1787153782.5162,2026-08-19 17:36:22.516,10,c3,1,0,-0.03813,-0.4968,0.04794,-4.1092,9.651,-25.3815,-0.0599,0.0129,-0.3538,4.68576,23.0,24.0,22.0,22.0,23.0,22.0,23.0,23.0,22.0,22.0,23.0,22.0,23.0,23.0,22.0,23.0,22.0,23.0,22.0,21.0,22.0,21.0,21.0,22.0,21.0,22.0,21.0,22.0,21.0,21.0,21.0,22.0,22.0,23.0,20.0,22.0,23.0,21.0,10.0,press,9,9,2.7956
1787153782.5662,2026-08-19 17:36:22.566,10,c3,1,0,-0.03814,-0.49682,0.04763,-4.3777,10.2793,-25.141,-0.0745,0.0083,-0.3554,4.69483,21.0,23.0,22.0,21.0,24.0,22.0,22.0,22.0,24.0,25.0,23.0,22.0,25.0,25.0,24.0,22.0,24.0,22.0,21.0,21.0,22.0,21.0,21.0,22.0,21.0,22.0,21.0,22.0,21.0,21.0,21.0,22.0,22.0,23.0,20.0,22.0,23.0,21.0,10.0,press,9,9,2.7149
1787153782.6163,2026-08-19 17:36:22.616,10,c3,1,0,-0.03814,-0.49684,0.04731,-3.8961,9.9634,-25.1719,-0.0685,0.0193,-0.3486,4.69508,21.0,24.0,23.0,21.0,24.0,26.0,24.0,23.0,22.0,24.0,25.0,23.0,25.0,24.0,24.0,21.0,23.0,25.0,22.0,21.0,22.0,21.0,21.0,22.0,21.0,22.0,21.0,22.0,21.0,21.0,21.0,22.0,22.0,23.0,20.0,22.0,23.0,21.0,10.0,press,9,9,2.7127
1787153782.6665,2026-08-19 17:36:22.666,10,c3,1,0,-0.03815,-0.49683,0.04693,-4.1864,9.9973,-25.1816,-0.0654,0.0121,-0.3573,4.68174,21.0,24.0,23.0,21.0,24.0,26.0,24.0,23.0,22.0,24.0,25.0,23.0,25.0,24.0,24.0,21.0,23.0,25.0,22.0,21.0,22.0,21.0,21.0,22.0,21.0,22.0,21.0,22.0,21.0,21.0,21.0,22.0,22.0,23.0,20.0,22.0,23.0,21.0,10.0,press,9,9,2.8314
1787153782.7166,2026-08-19 17:36:22.716,10,c3,1,0,-0.03812,-0.49682,0.04659,-3.8663,9.9934,-25.2499,-0.0708,0.0204,-0.346,4.68753,23.0,23.0,22.0,22.0,23.0,22.0,25.0,23.0,23.0,22.0,24.0,22.0,24.0,22.0,24.0,23.0,22.0,24.0,22.0,21.0,22.0,21.0,21.0,22.0,21.0,22.0,21.0,22.0,21.0,21.0,21.0,22.0,22.0,23.0,20.0,22.0,23.0,21.0,10.0,press,9,9,2.7799
1787153782.7668,2026-08-19 17:36:22.766,10,c3,1,0,-0.03813,-0.49681,0.04624,-4.3227,10.3221,-24.9014,-0.0762,0.0086,-0.3546,4.69231,23.0,23.0,22.0,22.0,23.0,22.0,25.0,23.0,23.0,22.0,24.0,22.0,24.0,22.0,24.0,23.0,22.0,24.0,22.0,21.0,22.0,21.0,21.0,22.0,21.0,22.0,21.0,22.0,21.0,21.0,21.0,22.0,22.0,23.0,20.0,22.0,23.0,21.0,10.0,press,9,9,2.7373
1787153782.8168,2026-08-19 17:36:22.816,10,c3,1,0,-0.03812,-0.4968,0.04591,-4.0502,9.8104,-25.2289,-0.0625,0.0115,-0.348,4.68828,22.0,23.0,20.0,21.0,24.0,23.0,26.0,22.0,24.0,23.0,25.0,21.0,23.0,24.0,23.0,22.0,24.0,25.0,22.0,21.0,22.0,21.0,21.0,22.0,21.0,22.0,21.0,22.0,21.0,21.0,21.0,22.0,22.0,23.0,20.0,22.0,23.0,21.0,10.0,press,9,9,2.7732
1787153782.8669,2026-08-19 17:36:22.866,10,c3,1,0,-0.03813,-0.49683,0.0456,-3.9665,10.1244,-25.2085,-0.0718,0.0194,-0.353,4.69659,21.0,24.0,23.0,20.0,24.0,24.0,24.0,24.0,25.0,26.0,25.0,23.0,26.0,25.0,24.0,23.0,23.0,23.0,22.0,21.0,22.0,21.0,21.0,22.0,21.0,22.0,21.0,22.0,21.0,21.0,21.0,22.0,22.0,23.0,20.0,22.0,23.0,21.0,10.0,press,9,9,2.6993
1787153782.917,2026-08-19 17:36:22.917,10,c3,1,0,-0.03814,-0.49683,0.04528,-4.2444,10.1295,-25.2448,-0.0722,0.0114,-0.3471,4.69382,21.0,24.0,23.0,20.0,24.0,24.0,24.0,24.0,25.0,26.0,25.0,23.0,26.0,25.0,24.0,23.0,23.0,23.0,22.0,21.0,22.0,21.0,21.0,22.0,21.0,22.0,21.0,22.0,21.0,21.0,21.0,22.0,22.0,23.0,20.0,22.0,23.0,21.0,10.0,press,9,9,2.7239
1787153782.9671,2026-08-19 17:36:22.967,10,c3,1,0,-0.03814,-0.49683,0.04494,-4.3178,10.6779,-25.2234,-0.0855,0.0097,-0.3515,4.70087,21.0,23.0,23.0,22.0,24.0,25.0,25.0,24.0,24.0,25.0,26.0,24.0,25.0,24.0,24.0,23.0,23.0,24.0,22.0,21.0,22.0,21.0,21.0,22.0,21.0,22.0,21.0,22.0,21.0,21.0,21.0,22.0,22.0,23.0,20.0,22.0,23.0,21.0,10.0,press,9,9,2.6612
1787153783.0172,2026-08-19 17:36:23.017,10,c3,1,0,-0.03814,-0.49683,0.04461,-4.5155,10.4993,-24.9209,-0.0848,0.0042,-0.3488,4.66562,21.0,23.0,23.0,22.0,24.0,25.0,25.0,24.0,24.0,25.0,26.0,24.0,25.0,24.0,24.0,23.0,23.0,24.0,22.0,21.0,22.0,21.0,21.0,22.0,21.0,22.0,21.0,22.0,21.0,21.0,21.0,22.0,22.0,23.0,20.0,22.0,23.0,21.0,10.0,press,9,9,2.9748
1787153783.0673,2026-08-19 17:36:23.067,10,c3,1,0,-0.03815,-0.49683,0.04429,-4.3592,10.6347,-24.923,-0.0836,0.0078,-0.35,4.59462,22.0,24.0,23.0,21.0,25.0,24.0,26.0,24.0,23.0,25.0,27.0,23.0,24.0,25.0,23.0,23.0,24.0,24.0,24.0,21.0,22.0,21.0,21.0,22.0,21.0,22.0,21.0,22.0,21.0,21.0,21.0,22.0,22.0,23.0,20.0,22.0,23.0,21.0,10.0,press,9,9,3.6064
1787153783.1174,2026-08-19 17:36:23.117,10,c3,1,0,-0.03813,-0.49683,0.04394,-4.0724,10.0246,-24.3799,-0.0713,0.013,-0.3503,4.49593,22.0,24.0,23.0,21.0,25.0,24.0,26.0,24.0,23.0,25.0,27.0,23.0,24.0,25.0,23.0,23.0,24.0,24.0,24.0,21.0,22.0,21.0,21.0,22.0,21.0,22.0,21.0,22.0,21.0,21.0,21.0,22.0,22.0,23.0,20.0,22.0,23.0,21.0,10.0,press,9,9,4.4845
1787153783.1675,2026-08-19 17:36:23.167,10,c3,1,0,-0.03814,-0.49683,0.04362,-4.2425,10.4233,-23.9577,-0.079,0.0089,-0.3487,4.37986,21.0,22.0,23.0,20.0,23.0,25.0,26.0,25.0,24.0,27.0,27.0,22.0,24.0,26.0,24.0,24.0,24.0,25.0,22.0,21.0,22.0,21.0,21.0,22.0,21.0,22.0,21.0,22.0,21.0,21.0,21.0,22.0,22.0,23.0,20.0,22.0,23.0,21.0,10.0,press,9,9,5.5171
1787153783.2177,2026-08-19 17:36:23.217,10,c3,1,0,-0.03814,-0.49683,0.04329,-3.9314,10.1153,-23.4636,-0.0738,0.0212,-0.3543,4.25447,22.0,24.0,24.0,21.0,25.0,26.0,26.0,25.0,26.0,28.0,28.0,25.0,27.0,28.0,25.0,25.0,26.0,25.0,24.0,21.0,22.0,21.0,21.0,22.0,21.0,22.0,21.0,22.0,21.0,21.0,21.0,22.0,22.0,23.0,20.0,22.0,23.0,21.0,10.0,press,9,9,6.6325
1787153783.2678,2026-08-19 17:36:23.267,10,c3,1,0,-0.03813,-0.49681,0.04296,-3.9513,10.0868,-22.9862,-0.0706,0.0194,-0.3511,4.11675,22.0,24.0,24.0,21.0,25.0,26.0,26.0,25.0,26.0,28.0,28.0,25.0,27.0,28.0,25.0,25.0,26.0,25.0,24.0,21.0,22.0,21.0,21.0,22.0,21.0,22.0,21.0,22.0,21.0,21.0,21.0,22.0,22.0,23.0,20.0,22.0,23.0,21.0,10.0,press,9,9,7.8577
1787153783.3179,2026-08-19 17:36:23.317,10,c3,1,0,-0.03814,-0.49684,0.04265,-4.0034,10.2675,-22.2547,-0.0775,0.0141,-0.3488,3.97652,23.0,25.0,26.0,22.0,26.0,27.0,27.0,24.0,26.0,28.0,28.0,22.0,27.0,28.0,26.0,23.0,26.0,25.0,22.0,21.0,22.0,21.0,21.0,22.0,21.0,22.0,21.0,22.0,21.0,21.0,21.0,22.0,22.0,23.0,20.0,22.0,23.0,21.0,10.0,press,9,9,9.1054
1787153783.368,2026-08-19 17:36:23.367,10,c3,1,0,-0.03815,-0.49685,0.04231,-4.0953,10.1779,-21.8729,-0.0718,0.0121,-0.3534,3.81614,23.0,25.0,26.0,22.0,26.0,27.0,27.0,24.0,26.0,28.0,28.0,22.0,27.0,28.0,26.0,23.0,26.0,25.0,22.0,21.0,22.0,21.0,21.0,22.0,21.0,22.0,21.0,22.0,21.0,21.0,21.0,22.0,22.0,23.0,20.0,22.0,23.0,21.0,10.0,press,9,9,10.5322
1787153783.4181,2026-08-19 17:36:23.418,10,c3,1,0,-0.03815,-0.49684,0.04197,-4.0457,10.0784,-21.3471,-0.0697,0.0146,-0.3445,3.65097,22.0,26.0,24.0,20.0,27.0,28.0,27.0,25.0,27.0,28.0,28.0,25.0,27.0,30.0,24.0,22.0,26.0,24.0,23.0,21.0,22.0,21.0,21.0,22.0,21.0,22.0,21.0,22.0,21.0,21.0,21.0,22.0,22.0,23.0,20.0,22.0,23.0,21.0,10.0,press,9,9,12.0015
1787153783.4682,2026-08-19 17:36:23.468,10,c3,1,0,-0.03814,-0.49685,0.04162,-3.9898,10.2483,-20.5032,-0.0717,0.012,-0.3468,3.47599,22.0,25.0,24.0,22.0,27.0,29.0,27.0,26.0,28.0,28.0,31.0,26.0,27.0,28.0,24.0,25.0,26.0,26.0,24.0,21.0,22.0,21.0,21.0,22.0,21.0,22.0,21.0,22.0,21.0,21.0,21.0,22.0,22.0,23.0,20.0,22.0,23.0,21.0,10.0,press,9,9,13.5583
1787153783.5184,2026-08-19 17:36:23.518,10,c3,1,0,-0.03815,-0.49685,0.04129,-3.8548,10.211,-19.9387,-0.0744,0.0167,-0.3515,3.2854,22.0,25.0,24.0,22.0,27.0,29.0,27.0,26.0,28.0,28.0,31.0,26.0,27.0,28.0,24.0,25.0,26.0,26.0,24.0,21.0,22.0,21.0,21.0,22.0,21.0,22.0,21.0,22.0,21.0,21.0,21.0,22.0,22.0,23.0,20.0,22.0,23.0,21.0,10.0,press,9,9,15.2539
1787153783.5685,2026-08-19 17:36:23.568,10,c3,1,0,-0.03815,-0.49685,0.04102,-3.8703,9.9818,-19.244,-0.0618,0.0148,-0.3458,3.14063,25.0,24.0,24.0,25.0,26.0,29.0,30.0,25.0,30.0,28.0,28.0,25.0,28.0,32.0,23.0,24.0,26.0,25.0,24.0,21.0,22.0,21.0,21.0,22.0,21.0,22.0,21.0,22.0,21.0,21.0,21.0,22.0,22.0,23.0,20.0,22.0,23.0,21.0,10.0,press,9,9,16.5418
1787153783.6186,2026-08-19 17:36:23.618,10,c3,1,0,-0.03815,-0.49686,0.04076,-3.8076,9.9822,-18.7746,-0.0627,0.0182,-0.3483,2.96892,25.0,24.0,24.0,25.0,26.0,29.0,30.0,25.0,30.0,28.0,28.0,25.0,28.0,32.0,23.0,24.0,26.0,25.0,24.0,21.0,22.0,21.0,21.0,22.0,21.0,22.0,21.0,22.0,21.0,21.0,21.0,22.0,22.0,23.0,20.0,22.0,23.0,21.0,10.0,press,9,9,18.0694
1787153783.6687,2026-08-19 17:36:23.668,10,c3,1,0,-0.03813,-0.49683,0.04049,-3.908,9.827,-18.2377,-0.0593,0.015,-0.3481,2.82037,23.0,25.0,26.0,23.0,29.0,29.0,29.0,25.0,30.0,30.0,33.0,25.0,29.0,33.0,25.0,23.0,28.0,25.0,23.0,21.0,22.0,21.0,21.0,22.0,21.0,22.0,21.0,22.0,21.0,21.0,21.0,22.0,22.0,23.0,20.0,22.0,23.0,21.0,10.0,press,9,9,19.3909
1787153783.7188,2026-08-19 17:36:23.718,10,c3,1,0,-0.03814,-0.49681,0.04027,-3.7161,9.9294,-17.7399,-0.064,0.0176,-0.347,2.68441,22.0,24.0,26.0,22.0,29.0,31.0,31.0,25.0,30.0,28.0,30.0,25.0,28.0,32.0,23.0,23.0,26.0,24.0,24.0,21.0,22.0,21.0,21.0,22.0,21.0,22.0,21.0,22.0,21.0,21.0,21.0,22.0,22.0,23.0,20.0,22.0,23.0,21.0,10.0,press,9,9,20.6005
1787153783.7689,2026-08-19 17:36:23.768,10,c3,1,0,-0.03813,-0.49681,0.0401,-3.8039,10.23,-17.0509,-0.0684,0.0157,-0.3453,2.57993,22.0,24.0,26.0,22.0,29.0,31.0,31.0,25.0,30.0,28.0,30.0,25.0,28.0,32.0,23.0,23.0,26.0,24.0,24.0,21.0,22.0,21.0,21.0,22.0,21.0,22.0,21.0,22.0,21.0,21.0,21.0,22.0,22.0,23.0,20.0,22.0,23.0,21.0,10.0,press,9,9,21.53
1787153783.819,2026-08-19 17:36:23.819,10,c3,1,0,-0.03813,-0.4968,0.03996,-3.8014,10.1318,-16.8755,-0.0655,0.0141,-0.3468,2.50314,24.0,24.0,24.0,22.0,28.0,30.0,30.0,27.0,31.0,31.0,34.0,28.0,31.0,35.0,24.0,25.0,28.0,25.0,26.0,21.0,22.0,21.0,21.0,22.0,21.0,22.0,21.0,22.0,21.0,21.0,21.0,22.0,22.0,23.0,20.0,22.0,23.0,21.0,10.0,press,9,9,22.2132
1787153783.8692,2026-08-19 17:36:23.869,10,c3,1,0,-0.03813,-0.4968,0.03986,-3.8571,10.4238,-16.4972,-0.0753,0.0125,-0.349,2.4412,24.0,24.0,24.0,22.0,28.0,30.0,30.0,27.0,31.0,31.0,34.0,28.0,31.0,35.0,24.0,25.0,28.0,25.0,26.0,21.0,22.0,21.0,21.0,22.0,21.0,22.0,21.0,22.0,21.0,21.0,21.0,22.0,22.0,23.0,20.0,22.0,23.0,21.0,10.0,press,9,9,22.7642
1787153783.9193,2026-08-19 17:36:23.919,10,c3,1,0,-0.03813,-0.49682,0.03982,-3.7876,9.9717,-16.5626,-0.0657,0.0108,-0.3454,2.41023,25.0,24.0,28.0,25.0,27.0,32.0,33.0,27.0,31.0,32.0,35.0,27.0,29.0,35.0,25.0,25.0,29.0,26.0,25.0,21.0,22.0,21.0,21.0,22.0,21.0,22.0,21.0,22.0,21.0,21.0,21.0,22.0,22.0,23.0,20.0,22.0,23.0,21.0,10.0,press,9,9,23.0397
1787153783.9694,2026-08-19 17:36:23.969,10,c3,1,0,-0.03813,-0.49681,0.03976,-3.7933,10.2386,-16.4611,-0.0715,0.0151,-0.3476,2.38128,25.0,25.0,28.0,24.0,27.0,35.0,32.0,26.0,31.0,30.0,36.0,28.0,30.0,34.0,25.0,25.0,27.0,25.0,26.0,21.0,22.0,21.0,21.0,22.0,21.0,22.0,21.0,22.0,21.0,21.0,21.0,22.0,22.0,23.0,20.0,22.0,23.0,21.0,10.0,press,9,9,23.2973
1787153784.0196,2026-08-19 17:36:24.019,10,c3,1,0,-0.03813,-0.49682,0.03974,-3.9804,9.8951,-16.5568,-0.0606,0.0054,-0.3538,2.38505,25.0,25.0,28.0,24.0,27.0,35.0,32.0,26.0,31.0,30.0,36.0,28.0,30.0,34.0,25.0,25.0,27.0,25.0,26.0,21.0,22.0,21.0,21.0,22.0,21.0,22.0,21.0,22.0,21.0,21.0,21.0,22.0,22.0,23.0,20.0,22.0,23.0,21.0,10.0,hold,9,9,23.2637
1787153784.0696,2026-08-19 17:36:24.069,10,c3,1,0,-0.03813,-0.49681,0.03973,-3.8084,10.1539,-16.245,-0.0646,0.0136,-0.3549,2.37599,24.0,24.0,26.0,23.0,28.0,32.0,34.0,27.0,32.0,31.0,36.0,26.0,28.0,35.0,22.0,24.0,29.0,24.0,24.0,21.0,22.0,21.0,21.0,22.0,21.0,22.0,21.0,22.0,21.0,21.0,21.0,22.0,22.0,23.0,20.0,22.0,23.0,21.0,10.0,hold,9,9,23.3443
1787153784.1198,2026-08-19 17:36:24.119,10,c3,1,0,-0.03814,-0.49681,0.03971,-3.8003,10.2299,-16.4308,-0.0709,0.0163,-0.3458,2.3707,24.0,24.0,26.0,23.0,28.0,32.0,34.0,27.0,32.0,31.0,36.0,26.0,28.0,35.0,22.0,24.0,29.0,24.0,24.0,21.0,22.0,21.0,21.0,22.0,21.0,22.0,21.0,22.0,21.0,21.0,21.0,22.0,22.0,23.0,20.0,22.0,23.0,21.0,10.0,hold,9,9,23.3914
1787153784.17,2026-08-19 17:36:24.169,10,c3,1,0,-0.03812,-0.49681,0.03972,-3.7067,9.9741,-16.5382,-0.0639,0.0176,-0.3462,2.38833,23.0,24.0,28.0,23.0,27.0,33.0,32.0,27.0,31.0,30.0,36.0,27.0,28.0,36.0,26.0,25.0,30.0,27.0,25.0,21.0,22.0,21.0,21.0,22.0,21.0,22.0,21.0,22.0,21.0,21.0,21.0,22.0,22.0,23.0,20.0,22.0,23.0,21.0,10.0,hold,9,9,23.2346
1787153784.2201,2026-08-19 17:36:24.220,10,c3,1,0,-0.03814,-0.49681,0.03971,-3.9369,10.0322,-16.4837,-0.0659,0.0113,-0.3474,2.38581,23.0,24.0,28.0,23.0,27.0,33.0,32.0,27.0,31.0,30.0,36.0,27.0,28.0,36.0,26.0,25.0,30.0,27.0,25.0,21.0,22.0,21.0,21.0,22.0,21.0,22.0,21.0,22.0,21.0,21.0,21.0,22.0,22.0,23.0,20.0,22.0,23.0,21.0,10.0,hold,9,9,23.257
1787153784.2703,2026-08-19 17:36:24.270,10,c3,1,0,-0.03813,-0.49682,0.03972,-3.9504,9.8561,-16.5054,-0.0633,0.0117,-0.3492,2.38958,24.0,22.0,27.0,26.0,26.0,33.0,35.0,27.0,31.0,33.0,35.0,27.0,29.0,35.0,23.0,24.0,30.0,27.0,26.0,21.0,22.0,21.0,21.0,22.0,21.0,22.0,21.0,22.0,21.0,21.0,21.0,22.0,22.0,23.0,20.0,22.0,23.0,21.0,10.0,hold,9,9,23.2234
1787153784.3204,2026-08-19 17:36:24.320,10,c3,1,0,-0.03811,-0.49681,0.03971,-4.0231,10.1819,-16.4035,-0.0669,0.0087,-0.3494,2.40243,25.0,23.0,27.0,24.0,26.0,33.0,35.0,30.0,32.0,33.0,35.0,29.0,29.0,36.0,24.0,26.0,29.0,27.0,26.0,21.0,22.0,21.0,21.0,22.0,21.0,22.0,21.0,22.0,21.0,21.0,21.0,22.0,22.0,23.0,20.0,22.0,23.0,21.0,10.0,hold,9,9,23.1092
1787153784.3705,2026-08-19 17:36:24.370,10,c3,1,0,-0.03813,-0.49681,0.03972,-3.9964,10.1319,-16.3012,-0.0646,0.014,-0.35,2.39991,25.0,23.0,27.0,24.0,26.0,33.0,35.0,30.0,32.0,33.0,35.0,29.0,29.0,36.0,24.0,26.0,29.0,27.0,26.0,21.0,22.0,21.0,21.0,22.0,21.0,22.0,21.0,22.0,21.0,21.0,21.0,22.0,22.0,23.0,20.0,22.0,23.0,21.0,10.0,hold,9,9,23.1315
1787153784.4206,2026-08-19 17:36:24.420,10,c3,1,0,-0.03814,-0.49682,0.03971,-4.0474,10.0849,-16.3629,-0.0641,0.0103,-0.3498,2.41023,27.0,25.0,28.0,26.0,28.0,34.0,34.0,28.0,33.0,32.0,38.0,27.0,29.0,35.0,25.0,27.0,30.0,28.0,25.0,21.0,22.0,21.0,21.0,22.0,21.0,22.0,21.0,22.0,21.0,21.0,21.0,22.0,22.0,23.0,20.0,22.0,23.0,21.0,10.0,hold,9,9,23.0397
1787153784.4709,2026-08-19 17:36:24.470,10,c3,1,0,-0.03815,-0.49681,0.03971,-3.9151,9.9954,-16.3108,-0.0587,0.0144,-0.3522,2.40595,27.0,25.0,28.0,26.0,28.0,34.0,34.0,28.0,33.0,32.0,38.0,27.0,29.0,35.0,25.0,27.0,30.0,28.0,25.0,21.0,22.0,21.0,21.0,22.0,21.0,22.0,21.0,22.0,21.0,21.0,21.0,22.0,22.0,23.0,20.0,22.0,23.0,21.0,10.0,hold,9,9,23.0778
1787153784.5211,2026-08-19 17:36:24.521,10,c3,1,0,-0.03815,-0.49682,0.03973,-3.6235,9.9422,-16.4861,-0.0626,0.0198,-0.3471,2.40721,26.0,25.0,27.0,25.0,27.0,34.0,33.0,27.0,31.0,32.0,37.0,27.0,29.0,37.0,23.0,25.0,29.0,26.0,25.0,21.0,22.0,21.0,21.0,22.0,21.0,22.0,21.0,22.0,21.0,21.0,21.0,22.0,22.0,23.0,20.0,22.0,23.0,21.0,10.0,hold,9,9,23.0666
1787153784.5713,2026-08-19 17:36:24.571,10,c3,1,0,-0.03814,-0.49682,0.03971,-3.8579,10.217,-16.5262,-0.0655,0.014,-0.347,2.41728,24.0,23.0,27.0,25.0,27.0,33.0,33.0,28.0,32.0,32.0,35.0,27.0,28.0,35.0,24.0,26.0,30.0,26.0,25.0,21.0,22.0,21.0,21.0,22.0,21.0,22.0,21.0,22.0,21.0,21.0,21.0,22.0,22.0,23.0,20.0,22.0,23.0,21.0,10.0,hold,9,9,22.977
1787153784.6214,2026-08-19 17:36:24.621,10,c3,1,0,-0.03813,-0.49682,0.03972,-4.0827,10.3985,-16.646,-0.0738,0.0078,-0.3529,2.41099,24.0,23.0,27.0,25.0,27.0,33.0,33.0,28.0,32.0,32.0,35.0,27.0,28.0,35.0,24.0,26.0,30.0,26.0,25.0,21.0,22.0,21.0,21.0,22.0,21.0,22.0,21.0,22.0,21.0,21.0,21.0,22.0,22.0,23.0,20.0,22.0,23.0,21.0,10.0,hold,9,9,23.033
1787153784.6716,2026-08-19 17:36:24.671,10,c3,1,0,-0.03814,-0.49681,0.03972,-3.891,10.6056,-16.5323,-0.0759,0.009,-0.3473,2.42483,22.0,24.0,27.0,23.0,26.0,34.0,34.0,26.0,32.0,32.0,36.0,26.0,30.0,36.0,24.0,24.0,31.0,26.0,24.0,21.0,22.0,21.0,21.0,22.0,21.0,22.0,21.0,22.0,21.0,21.0,21.0,22.0,22.0,23.0,20.0,22.0,23.0,21.0,10.0,hold,9,9,22.9098
1787153784.7218,2026-08-19 17:36:24.721,10,c3,1,0,-0.03814,-0.4968,0.03969,-4.088,10.2744,-16.4724,-0.0709,0.0066,-0.3517,2.41904,22.0,24.0,27.0,23.0,26.0,34.0,34.0,26.0,32.0,32.0,36.0,26.0,30.0,36.0,24.0,24.0,31.0,26.0,24.0,21.0,22.0,21.0,21.0,22.0,21.0,22.0,21.0,22.0,21.0,21.0,21.0,22.0,22.0,23.0,20.0,22.0,23.0,21.0,10.0,hold,9,9,22.9613
1787153784.7718,2026-08-19 17:36:24.771,10,c3,1,0,-0.03814,-0.49681,0.03971,-3.6677,9.9258,-16.635,-0.0559,0.0198,-0.3456,2.42408,24.0,24.0,26.0,23.0,27.0,33.0,33.0,27.0,30.0,31.0,34.0,28.0,28.0,36.0,24.0,24.0,30.0,26.0,25.0,21.0,22.0,21.0,21.0,22.0,21.0,22.0,21.0,22.0,21.0,21.0,21.0,22.0,22.0,23.0,20.0,22.0,23.0,21.0,10.0,hold,9,9,22.9165
1787153784.8219,2026-08-19 17:36:24.821,10,c3,1,0,-0.03812,-0.49682,0.03972,-3.9912,9.9741,-16.4821,-0.064,0.0118,-0.3488,2.42081,25.0,24.0,28.0,25.0,26.0,33.0,33.0,27.0,31.0,32.0,34.0,27.0,29.0,35.0,24.0,25.0,29.0,26.0,25.0,21.0,22.0,21.0,21.0,22.0,21.0,22.0,21.0,22.0,21.0,21.0,21.0,22.0,22.0,23.0,20.0,22.0,23.0,21.0,10.0,hold,9,9,22.9456
1787153784.872,2026-08-19 17:36:24.871,10,c3,1,0,-0.03814,-0.49681,0.03971,-3.8197,10.2443,-16.3618,-0.07,0.0138,-0.3475,2.42383,25.0,24.0,28.0,25.0,26.0,33.0,33.0,27.0,31.0,32.0,34.0,27.0,29.0,35.0,24.0,25.0,29.0,26.0,25.0,21.0,22.0,21.0,21.0,22.0,21.0,22.0,21.0,22.0,21.0,21.0,21.0,22.0,22.0,23.0,20.0,22.0,23.0,21.0,10.0,hold,9,9,22.9188
1787153784.922,2026-08-19 17:36:24.922,10,c3,1,0,-0.03814,-0.49681,0.03972,-4.1474,10.2913,-16.3881,-0.0716,0.0059,-0.3503,2.43289,23.0,24.0,28.0,23.0,26.0,35.0,33.0,27.0,32.0,31.0,37.0,28.0,29.0,35.0,26.0,25.0,30.0,27.0,25.0,21.0,22.0,21.0,21.0,22.0,21.0,22.0,21.0,22.0,21.0,21.0,21.0,22.0,22.0,23.0,20.0,22.0,23.0,21.0,10.0,hold,9,9,22.8381
1787153784.9721,2026-08-19 17:36:24.972,10,c3,1,0,-0.03814,-0.49682,0.03971,-4.0943,10.2576,-16.2935,-0.0689,0.0097,-0.3507,2.42483,23.0,24.0,28.0,23.0,26.0,35.0,33.0,27.0,32.0,31.0,37.0,28.0,29.0,35.0,26.0,25.0,30.0,27.0,25.0,21.0,22.0,21.0,21.0,22.0,21.0,22.0,21.0,22.0,21.0,21.0,21.0,22.0,22.0,23.0,20.0,22.0,23.0,21.0,10.0,hold,9,9,22.9098
1787153785.0222,2026-08-19 17:36:25.022,10,c3,1,0,-0.03815,-0.49681,0.03971,-3.9763,9.9598,-16.4332,-0.0637,0.0105,-0.3498,2.43465,27.0,25.0,28.0,25.0,28.0,33.0,34.0,26.0,31.0,30.0,35.0,26.0,30.0,35.0,24.0,23.0,28.0,25.0,24.0,21.0,22.0,21.0,21.0,22.0,21.0,22.0,21.0,22.0,21.0,21.0,21.0,22.0,22.0,23.0,20.0,22.0,23.0,21.0,10.0,hold,9,9,22.8225
1787153785.0723,2026-08-19 17:36:25.072,10,c3,1,0,-0.03814,-0.4968,0.03971,-4.1319,10.3469,-16.2741,-0.0698,0.0055,-0.3523,2.42609,27.0,25.0,28.0,25.0,28.0,33.0,34.0,26.0,31.0,30.0,35.0,26.0,30.0,35.0,24.0,23.0,28.0,25.0,24.0,21.0,22.0,21.0,21.0,22.0,21.0,22.0,21.0,22.0,21.0,21.0,21.0,22.0,22.0,23.0,20.0,22.0,23.0,21.0,10.0,hold,9,9,22.8986
1787153785.1225,2026-08-19 17:36:25.122,10,c3,1,0,-0.03815,-0.49682,0.03972,-3.8927,10.241,-16.425,-0.0666,0.0117,-0.3547,2.43994,24.0,26.0,27.0,22.0,26.0,32.0,34.0,27.0,32.0,32.0,35.0,27.0,30.0,36.0,24.0,24.0,29.0,25.0,25.0,21.0,22.0,21.0,21.0,22.0,21.0,22.0,21.0,22.0,21.0,21.0,21.0,22.0,22.0,23.0,20.0,22.0,23.0,21.0,10.0,hold,9,9,22.7754
1787153785.1725,2026-08-19 17:36:25.172,10,c3,1,0,-0.03816,-0.49681,0.03972,-4.0269,10.3443,-16.4288,-0.0725,0.0082,-0.346,2.43516,23.0,25.0,27.0,24.0,27.0,33.0,33.0,28.0,31.0,32.0,35.0,26.0,30.0,34.0,23.0,25.0,29.0,25.0,24.0,21.0,22.0,21.0,21.0,22.0,21.0,22.0,21.0,22.0,21.0,21.0,21.0,22.0,22.0,23.0,20.0,22.0,23.0,21.0,10.0,hold,9,9,22.818
1787153785.2227,2026-08-19 17:36:25.222,10,c3,1,0,-0.03815,-0.49682,0.03972,-3.8864,9.9881,-16.5059,-0.0587,0.0136,-0.3532,2.4407,23.0,25.0,27.0,24.0,27.0,33.0,33.0,28.0,31.0,32.0,35.0,26.0,30.0,34.0,23.0,25.0,29.0,25.0,24.0,21.0,22.0,21.0,21.0,22.0,21.0,22.0,21.0,22.0,21.0,21.0,21.0,22.0,22.0,23.0,20.0,22.0,23.0,21.0,10.0,hold,9,9,22.7687
1787153785.2728,2026-08-19 17:36:25.272,10,c3,1,0,-0.03814,-0.49681,0.03971,-4.3828,10.5205,-16.4721,-0.0718,0.0002,-0.3518,2.4412,23.0,24.0,28.0,24.0,26.0,34.0,33.0,29.0,32.0,32.0,35.0,28.0,29.0,37.0,24.0,26.0,30.0,26.0,27.0,21.0,22.0,21.0,21.0,22.0,21.0,22.0,21.0,22.0,21.0,21.0,21.0,22.0,22.0,23.0,20.0,22.0,23.0,21.0,10.0,hold,9,9,22.7642
1787153785.323,2026-08-19 17:36:25.322,10,c3,1,0,-0.03813,-0.49681,0.03971,-4.1433,10.3713,-16.4901,-0.0725,0.0081,-0.3477,2.44296,23.0,24.0,28.0,24.0,26.0,34.0,33.0,29.0,32.0,32.0,35.0,28.0,29.0,37.0,24.0,26.0,30.0,26.0,27.0,21.0,22.0,21.0,21.0,22.0,21.0,22.0,21.0,22.0,21.0,21.0,21.0,22.0,22.0,23.0,20.0,22.0,23.0,21.0,10.0,hold,9,9,22.7485
1787153785.3731,2026-08-19 17:36:25.373,10,c3,1,0,-0.03813,-0.49682,0.03973,-3.7222,10.3332,-16.6031,-0.0733,0.0162,-0.3465,2.43893,25.0,24.0,26.0,25.0,27.0,32.0,33.0,27.0,31.0,31.0,35.0,26.0,30.0,35.0,24.0,26.0,30.0,26.0,24.0,21.0,22.0,21.0,21.0,22.0,21.0,22.0,21.0,22.0,21.0,21.0,21.0,22.0,22.0,23.0,20.0,22.0,23.0,21.0,10.0,hold,9,9,22.7844
1787153785.4232,2026-08-19 17:36:25.423,10,c3,1,0,-0.03813,-0.49681,0.03972,-4.436,10.4514,-16.5394,-0.0726,-0.0005,-0.3546,2.44749,24.0,24.0,26.0,23.0,26.0,33.0,33.0,27.0,33.0,30.0,35.0,27.0,30.0,36.0,24.0,25.0,28.0,26.0,26.0,21.0,22.0,21.0,21.0,22.0,21.0,22.0,21.0,22.0,21.0,21.0,21.0,22.0,22.0,23.0,20.0,22.0,23.0,21.0,10.0,hold,9,9,22.7082
1787153785.4732,2026-08-19 17:36:25.473,10,c3,1,0,-0.03812,-0.49681,0.03971,-3.7841,9.9607,-16.6347,-0.0586,0.0163,-0.354,2.44523,24.0,24.0,26.0,23.0,26.0,33.0,33.0,27.0,33.0,30.0,35.0,27.0,30.0,36.0,24.0,25.0,28.0,26.0,26.0,21.0,22.0,21.0,21.0,22.0,21.0,22.0,21.0,22.0,21.0,21.0,21.0,22.0,22.0,23.0,20.0,22.0,23.0,21.0,10.0,hold,9,9,22.7284
1787153785.5233,2026-08-19 17:36:25.523,10,c3,1,0,-0.03813,-0.49681,0.03972,-4.3111,10.2409,-16.5808,-0.0687,-0.0002,-0.3587,2.45077,24.0,25.0,26.0,24.0,28.0,32.0,34.0,28.0,31.0,33.0,37.0,26.0,29.0,37.0,25.0,25.0,31.0,27.0,25.0,21.0,22.0,21.0,21.0,22.0,21.0,22.0,21.0,22.0,21.0,21.0,21.0,22.0,22.0,23.0,20.0,22.0,23.0,21.0,10.0,hold,9,9,22.6791
1787153785.5735,2026-08-19 17:36:25.573,10,c3,1,0,-0.03814,-0.49681,0.03972,-4.0163,9.8575,-16.5057,-0.0555,0.0099,-0.3511,2.44548,24.0,25.0,26.0,24.0,28.0,32.0,34.0,28.0,31.0,33.0,37.0,26.0,29.0,37.0,25.0,25.0,31.0,27.0,25.0,21.0,22.0,21.0,21.0,22.0,21.0,22.0,21.0,22.0,21.0,21.0,21.0,22.0,22.0,23.0,20.0,22.0,23.0,21.0,10.0,hold,9,9,22.7261
1787153785.6236,2026-08-19 17:36:25.623,10,c3,1,0,-0.03812,-0.49681,0.03971,-4.0802,10.0515,-16.3612,-0.0638,0.0072,-0.3551,2.449,24.0,24.0,28.0,24.0,27.0,34.0,35.0,27.0,31.0,31.0,36.0,25.0,29.0,35.0,23.0,25.0,28.0,26.0,24.0,21.0,22.0,21.0,21.0,22.0,21.0,22.0,21.0,22.0,21.0,21.0,21.0,22.0,22.0,23.0,20.0,22.0,23.0,21.0,10.0,hold,9,9,22.6948
1787153785.6738,2026-08-19 17:36:25.673,10,c3,1,0,-0.03816,-0.49682,0.03973,-4.2123,10.3948,-16.5962,-0.0713,0.0029,-0.3489,2.44623,24.0,24.0,26.0,23.0,27.0,32.0,35.0,29.0,31.0,32.0,34.0,29.0,29.0,34.0,23.0,27.0,28.0,25.0,27.0,21.0,22.0,21.0,21.0,22.0,21.0,22.0,21.0,22.0,21.0,21.0,21.0,22.0,22.0,23.0,20.0,22.0,23.0,21.0,10.0,hold,9,9,22.7194
1787153785.7238,2026-08-19 17:36:25.723,10,c3,1,0,-0.03814,-0.49682,0.03972,-4.2752,9.9673,-16.612,-0.0593,0.0041,-0.3503,2.45505,24.0,24.0,26.0,23.0,27.0,32.0,35.0,29.0,31.0,32.0,34.0,29.0,29.0,34.0,23.0,27.0,28.0,25.0,27.0,21.0,22.0,21.0,21.0,22.0,21.0,22.0,21.0,22.0,21.0,21.0,21.0,22.0,22.0,23.0,20.0,22.0,23.0,21.0,10.0,hold,9,9,22.641
1787153785.7739,2026-08-19 17:36:25.773,10,c3,1,0,-0.03813,-0.49683,0.03972,-3.9506,10.2158,-16.4821,-0.0717,0.0098,-0.3534,2.45177,27.0,24.0,27.0,27.0,26.0,33.0,33.0,27.0,31.0,31.0,36.0,27.0,28.0,36.0,23.0,24.0,30.0,27.0,24.0,21.0,22.0,21.0,21.0,22.0,21.0,22.0,21.0,22.0,21.0,21.0,21.0,22.0,22.0,23.0,20.0,22.0,23.0,21.0,10.0,hold,9,9,22.6701
1787153785.824,2026-08-19 17:36:25.824,10,c3,1,0,-0.03815,-0.49681,0.03971,-4.2449,10.3558,-16.3717,-0.0711,0.0046,-0.3546,2.45354,27.0,24.0,27.0,27.0,26.0,33.0,33.0,27.0,31.0,31.0,36.0,27.0,28.0,36.0,23.0,24.0,30.0,27.0,24.0,21.0,22.0,21.0,21.0,22.0,21.0,22.0,21.0,22.0,21.0,21.0,21.0,22.0,22.0,23.0,20.0,22.0,23.0,21.0,10.0,hold,9,9,22.6545
1787153785.8741,2026-08-19 17:36:25.874,10,c3,1,0,-0.03815,-0.49682,0.03973,-3.9691,10.201,-16.3384,-0.0705,0.0094,-0.3519,2.45429,24.0,24.0,27.0,24.0,27.0,34.0,34.0,26.0,32.0,32.0,36.0,26.0,30.0,35.0,25.0,24.0,29.0,26.0,23.0,21.0,22.0,21.0,21.0,22.0,21.0,22.0,21.0,22.0,21.0,21.0,21.0,22.0,22.0,23.0,20.0,22.0,23.0,21.0,10.0,hold,9,9,22.6477
1787153785.9242,2026-08-19 17:36:25.924,10,c3,1,0,-0.03813,-0.49681,0.03972,-3.8282,10.204,-16.5439,-0.067,0.0125,-0.3498,2.45807,23.0,24.0,27.0,23.0,27.0,34.0,34.0,25.0,33.0,31.0,36.0,24.0,31.0,35.0,25.0,23.0,28.0,26.0,23.0,21.0,22.0,21.0,21.0,22.0,21.0,22.0,21.0,22.0,21.0,21.0,21.0,22.0,22.0,23.0,20.0,22.0,23.0,21.0,10.0,hold,9,9,22.6141
1787153785.9742,2026-08-19 17:36:25.974,10,c3,1,0,-0.03812,-0.49681,0.03971,-4.0214,10.5072,-16.4013,-0.0751,0.0103,-0.3504,2.45681,23.0,24.0,27.0,23.0,27.0,34.0,34.0,25.0,33.0,31.0,36.0,24.0,31.0,35.0,25.0,23.0,28.0,26.0,23.0,21.0,22.0,21.0,21.0,22.0,21.0,22.0,21.0,22.0,21.0,21.0,21.0,22.0,22.0,23.0,20.0,22.0,23.0,21.0,10.0,hold,9,9,22.6253
1787153786.0243,2026-08-19 17:36:26.024,10,c3,1,0,-0.03814,-0.49682,0.03972,-4.0053,10.1377,-16.5236,-0.0688,0.0115,-0.354,2.45303,22.0,25.0,27.0,23.0,29.0,32.0,34.0,28.0,33.0,31.0,36.0,28.0,30.0,36.0,25.0,26.0,29.0,25.0,27.0,21.0,22.0,21.0,21.0,22.0,21.0,22.0,21.0,22.0,21.0,21.0,21.0,22.0,22.0,23.0,20.0,22.0,23.0,21.0,10.0,hold,9,9,22.6589
1787153786.0744,2026-08-19 17:36:26.074,10,c3,1,0,-0.03813,-0.49681,0.03971,-4.2197,10.565,-16.4169,-0.0772,0.0047,-0.3495,2.449,22.0,25.0,27.0,23.0,29.0,32.0,34.0,28.0,33.0,31.0,36.0,28.0,30.0,36.0,25.0,26.0,29.0,25.0,27.0,21.0,22.0,21.0,21.0,22.0,21.0,22.0,21.0,22.0,21.0,21.0,21.0,22.0,22.0,23.0,20.0,22.0,23.0,21.0,10.0,hold,9,9,22.6948
1787153786.1245,2026-08-19 17:36:26.124,10,c3,1,0,-0.03814,-0.49682,0.03972,-4.2143,10.1466,-16.5056,-0.0635,0.0069,-0.3534,2.45958,25.0,26.0,27.0,25.0,29.0,33.0,34.0,28.0,32.0,33.0,35.0,29.0,29.0,37.0,23.0,26.0,30.0,27.0,25.0,21.0,22.0,21.0,21.0,22.0,21.0,22.0,21.0,22.0,21.0,21.0,21.0,22.0,22.0,23.0,20.0,22.0,23.0,21.0,10.0,hold,9,9,22.6007
1787153786.1747,2026-08-19 17:36:26.174,10,c3,1,0,-0.03815,-0.49682,0.03973,-4.2433,10.1284,-16.4895,-0.0684,0.0034,-0.352,2.45177,25.0,26.0,27.0,25.0,29.0,33.0,34.0,28.0,32.0,33.0,35.0,29.0,29.0,37.0,23.0,26.0,30.0,27.0,25.0,21.0,22.0,21.0,21.0,22.0,21.0,22.0,21.0,22.0,21.0,21.0,21.0,22.0,22.0,23.0,20.0,22.0,23.0,21.0,10.0,hold,9,9,22.6701
1787153786.2248,2026-08-19 17:36:26.224,10,c3,1,0,-0.03813,-0.49681,0.03972,-4.0469,10.5266,-16.436,-0.078,0.0031,-0.3518,2.44926,25.0,27.0,28.0,25.0,28.0,34.0,32.0,29.0,32.0,31.0,36.0,29.0,29.0,34.0,25.0,26.0,28.0,27.0,25.0,21.0,22.0,21.0,21.0,22.0,21.0,22.0,21.0,22.0,21.0,21.0,21.0,22.0,22.0,23.0,20.0,22.0,23.0,21.0,10.0,hold,9,9,22.6925
1787153786.2749,2026-08-19 17:36:26.274,10,c3,1,0,-0.03815,-0.49682,0.03972,-4.0718,10.3499,-16.3866,-0.0721,0.0078,-0.3503,2.45782,24.0,24.0,25.0,24.0,28.0,31.0,35.0,27.0,31.0,31.0,36.0,27.0,30.0,37.0,26.0,24.0,30.0,26.0,27.0,21.0,22.0,21.0,21.0,22.0,21.0,22.0,21.0,22.0,21.0,21.0,21.0,22.0,22.0,23.0,20.0,22.0,23.0,21.0,10.0,hold,9,9,22.6164
1787153786.325,2026-08-19 17:36:26.325,10,c3,1,0,-0.03815,-0.49682,0.03972,-4.1162,10.3303,-16.5433,-0.0723,0.0077,-0.3496,2.4626,24.0,24.0,25.0,24.0,28.0,31.0,35.0,27.0,31.0,31.0,36.0,27.0,30.0,37.0,26.0,24.0,30.0,26.0,27.0,21.0,22.0,21.0,21.0,22.0,21.0,22.0,21.0,22.0,21.0,21.0,21.0,22.0,22.0,23.0,20.0,22.0,23.0,21.0,10.0,hold,9,9,22.5738
1787153786.3751,2026-08-19 17:36:26.375,10,c3,1,0,-0.03814,-0.49681,0.03971,-3.9729,10.0569,-16.6696,-0.0647,0.0122,-0.353,2.45278,24.0,25.0,27.0,22.0,26.0,34.0,36.0,28.0,32.0,32.0,35.0,29.0,30.0,35.0,23.0,27.0,29.0,24.0,25.0,21.0,22.0,21.0,21.0,22.0,21.0,22.0,21.0,22.0,21.0,21.0,21.0,22.0,22.0,23.0,20.0,22.0,23.0,21.0,10.0,hold,9,9,22.6612
1787153786.4252,2026-08-19 17:36:26.425,10,c3,1,0,-0.03812,-0.49682,0.03972,-4.1946,10.4187,-16.5405,-0.074,0.0062,-0.3537,2.46084,24.0,25.0,27.0,22.0,26.0,34.0,36.0,28.0,32.0,32.0,35.0,29.0,30.0,35.0,23.0,27.0,29.0,24.0,25.0,21.0,22.0,21.0,21.0,22.0,21.0,22.0,21.0,22.0,21.0,21.0,21.0,22.0,22.0,23.0,20.0,22.0,23.0,21.0,10.0,hold,9,9,22.5895
1787153786.4753,2026-08-19 17:36:26.475,10,c3,1,0,-0.03815,-0.49682,0.03972,-3.9428,10.0606,-16.5083,-0.0655,0.0107,-0.3503,2.45731,25.0,24.0,28.0,25.0,27.0,34.0,34.0,28.0,33.0,32.0,36.0,26.0,30.0,37.0,24.0,25.0,29.0,26.0,25.0,21.0,22.0,21.0,21.0,22.0,21.0,22.0,21.0,22.0,21.0,21.0,21.0,22.0,22.0,23.0,20.0,22.0,23.0,21.0,10.0,hold,9,9,22.6209
1787153786.5254,2026-08-19 17:36:26.525,10,c3,1,0,-0.03813,-0.49682,0.03972,-4.0672,10.3897,-16.4698,-0.0746,0.0071,-0.3517,2.45731,23.0,25.0,26.0,24.0,28.0,35.0,34.0,27.0,33.0,33.0,34.0,27.0,31.0,37.0,22.0,25.0,30.0,25.0,27.0,21.0,22.0,21.0,21.0,22.0,21.0,22.0,21.0,22.0,21.0,21.0,21.0,22.0,22.0,23.0,20.0,22.0,23.0,21.0,10.0,hold,9,9,22.6209
1787153786.5755,2026-08-19 17:36:26.575,10,c3,1,0,-0.03814,-0.49681,0.03971,-3.8529,10.1231,-16.397,-0.067,0.0141,-0.3469,2.46487,23.0,25.0,26.0,24.0,28.0,35.0,34.0,27.0,33.0,33.0,34.0,27.0,31.0,37.0,22.0,25.0,30.0,25.0,27.0,21.0,22.0,21.0,21.0,22.0,21.0,22.0,21.0,22.0,21.0,21.0,21.0,22.0,22.0,23.0,20.0,22.0,23.0,21.0,10.0,hold,9,9,22.5537
1787153786.6256,2026-08-19 17:36:26.625,10,c3,1,0,-0.03816,-0.49681,0.03971,-4.3802,10.5856,-16.3265,-0.0809,0.0036,-0.3578,2.44926,24.0,24.0,26.0,24.0,27.0,33.0,31.0,28.0,32.0,32.0,33.0,27.0,30.0,37.0,22.0,26.0,31.0,25.0,24.0,21.0,22.0,21.0,21.0,22.0,21.0,22.0,21.0,22.0,21.0,21.0,21.0,22.0,22.0,23.0,20.0,22.0,23.0,21.0,10.0,hold,9,9,22.6925
1787153786.6757,2026-08-19 17:36:26.675,10,c3,1,0,-0.03813,-0.49682,0.03972,-4.2255,10.569,-16.3747,-0.0793,0.0049,-0.3514,2.45832,24.0,24.0,26.0,24.0,27.0,33.0,31.0,28.0,32.0,32.0,33.0,27.0,30.0,37.0,22.0,26.0,31.0,25.0,24.0,21.0,22.0,21.0,21.0,22.0,21.0,22.0,21.0,22.0,21.0,21.0,21.0,22.0,22.0,23.0,20.0,22.0,23.0,21.0,10.0,hold,9,9,22.6119
1787153786.7259,2026-08-19 17:36:26.725,10,c3,1,0,-0.03814,-0.49681,0.03972,-4.2029,10.0828,-16.4303,-0.0668,0.0067,-0.3507,2.46537,27.0,24.0,29.0,25.0,27.0,34.0,33.0,28.0,33.0,31.0,34.0,27.0,31.0,36.0,22.0,24.0,29.0,25.0,24.0,21.0,22.0,21.0,21.0,22.0,21.0,22.0,21.0,22.0,21.0,21.0,21.0,22.0,22.0,23.0,20.0,22.0,23.0,21.0,10.0,hold,9,9,22.5492
1787153786.776,2026-08-19 17:36:26.775,10,c3,1,0,-0.03813,-0.49682,0.03971,-4.3165,10.0842,-16.586,-0.0667,0.0042,-0.3489,2.46109,24.0,25.0,27.0,24.0,28.0,32.0,32.0,27.0,33.0,32.0,35.0,28.0,30.0,38.0,24.0,26.0,32.0,25.0,25.0,21.0,22.0,21.0,21.0,22.0,21.0,22.0,21.0,22.0,21.0,21.0,21.0,22.0,22.0,23.0,20.0,22.0,23.0,21.0,10.0,hold,9,9,22.5873
1787153786.826,2026-08-19 17:36:26.826,10,c3,1,0,-0.03815,-0.4968,0.03971,-3.8715,10.334,-16.4823,-0.0691,0.0111,-0.35,2.46688,24.0,25.0,27.0,24.0,28.0,32.0,32.0,27.0,33.0,32.0,35.0,28.0,30.0,38.0,24.0,26.0,32.0,25.0,25.0,21.0,22.0,21.0,21.0,22.0,21.0,22.0,21.0,22.0,21.0,21.0,21.0,22.0,22.0,23.0,20.0,22.0,23.0,21.0,10.0,hold,9,9,22.5357
1787153786.8762,2026-08-19 17:36:26.876,10,c3,1,0,-0.03816,-0.49682,0.03972,-4.206,10.3935,-16.479,-0.0722,0.0068,-0.355,2.46159,24.0,26.0,28.0,25.0,27.0,34.0,32.0,27.0,32.0,31.0,33.0,29.0,31.0,35.0,21.0,26.0,29.0,24.0,26.0,21.0,22.0,21.0,21.0,22.0,21.0,22.0,21.0,22.0,21.0,21.0,21.0,22.0,22.0,23.0,20.0,22.0,23.0,21.0,10.0,hold,9,9,22.5828
1787153786.9263,2026-08-19 17:36:26.926,10,c3,1,0,-0.03812,-0.49682,0.03971,-3.904,10.2955,-16.3921,-0.0699,0.0115,-0.3527,2.46814,24.0,26.0,28.0,25.0,27.0,34.0,32.0,27.0,32.0,31.0,33.0,29.0,31.0,35.0,21.0,26.0,29.0,24.0,26.0,21.0,22.0,21.0,21.0,22.0,21.0,22.0,21.0,22.0,21.0,21.0,21.0,22.0,22.0,23.0,20.0,22.0,23.0,21.0,10.0,hold,9,9,22.5246
1787153786.9764,2026-08-19 17:36:26.976,10,c3,1,0,-0.03814,-0.49681,0.03972,-3.9478,10.1636,-16.4979,-0.067,0.0106,-0.3482,2.46487,26.0,24.0,26.0,26.0,27.0,33.0,34.0,29.0,32.0,31.0,33.0,28.0,30.0,36.0,23.0,26.0,28.0,24.0,25.0,21.0,22.0,21.0,21.0,22.0,21.0,22.0,21.0,22.0,21.0,21.0,21.0,22.0,22.0,23.0,20.0,22.0,23.0,21.0,10.0,hold,9,9,22.5537
1787153787.0268,2026-08-19 17:36:27.026,10,c3,1,0,-0.03815,-0.49682,0.03973,-3.9558,10.4097,-16.6036,-0.072,0.0148,-0.3472,2.46487,25.0,25.0,27.0,24.0,28.0,33.0,33.0,26.0,31.0,32.0,35.0,26.0,30.0,36.0,22.0,26.0,30.0,24.0,23.0,21.0,22.0,21.0,21.0,22.0,21.0,22.0,21.0,22.0,21.0,21.0,21.0,22.0,22.0,23.0,20.0,22.0,23.0,21.0,10.0,hold,9,9,22.5537
1787153787.0769,2026-08-19 17:36:27.076,10,c3,1,0,-0.03813,-0.49681,0.03972,-4.2358,10.1825,-16.609,-0.0706,0.0052,-0.3549,2.46612,25.0,25.0,27.0,24.0,28.0,33.0,33.0,26.0,31.0,32.0,35.0,26.0,30.0,36.0,22.0,26.0,30.0,24.0,23.0,21.0,22.0,21.0,21.0,22.0,21.0,22.0,21.0,22.0,21.0,21.0,21.0,22.0,22.0,23.0,20.0,22.0,23.0,21.0,10.0,hold,9,9,22.5425
1787153787.127,2026-08-19 17:36:27.126,10,c3,1,0,-0.03813,-0.49681,0.03972,-3.8682,10.1038,-16.7833,-0.066,0.0119,-0.3498,2.4631,23.0,24.0,28.0,23.0,27.0,34.0,32.0,29.0,32.0,31.0,33.0,29.0,29.0,35.0,22.0,25.0,29.0,26.0,24.0,21.0,22.0,21.0,21.0,22.0,21.0,22.0,21.0,22.0,21.0,21.0,21.0,22.0,22.0,23.0,20.0,22.0,23.0,21.0,10.0,hold,9,9,22.5693
1787153787.1771,2026-08-19 17:36:27.177,10,c3,1,0,-0.03813,-0.49681,0.03972,-3.8761,10.0515,-16.7658,-0.0655,0.0145,-0.3508,2.46587,23.0,24.0,28.0,23.0,27.0,34.0,32.0,29.0,32.0,31.0,33.0,29.0,29.0,35.0,22.0,25.0,29.0,26.0,24.0,21.0,22.0,21.0,21.0,22.0,21.0,22.0,21.0,22.0,21.0,21.0,21.0,22.0,22.0,23.0,20.0,22.0,23.0,21.0,10.0,hold,9,9,22.5447
1787153787.2272,2026-08-19 17:36:27.227,10,c3,1,0,-0.03814,-0.49682,0.03972,-4.0496,10.0896,-16.6417,-0.0669,0.0094,-0.3509,2.4621,24.0,25.0,26.0,24.0,27.0,34.0,32.0,27.0,32.0,32.0,35.0,28.0,30.0,36.0,24.0,23.0,30.0,25.0,23.0,21.0,22.0,21.0,21.0,22.0,21.0,22.0,21.0,22.0,21.0,21.0,21.0,22.0,22.0,23.0,20.0,22.0,23.0,21.0,10.0,hold,9,9,22.5783
1787153787.2774,2026-08-19 17:36:27.277,10,c3,1,0,-0.03814,-0.49681,0.03972,-3.9577,10.5717,-16.6822,-0.0805,0.0094,-0.3496,2.46059,24.0,25.0,26.0,24.0,27.0,34.0,32.0,27.0,32.0,32.0,35.0,28.0,30.0,36.0,24.0,23.0,30.0,25.0,23.0,21.0,22.0,21.0,21.0,22.0,21.0,22.0,21.0,22.0,21.0,21.0,21.0,22.0,22.0,23.0,20.0,22.0,23.0,21.0,10.0,hold,9,9,22.5917
1787153787.3275,2026-08-19 17:36:27.327,10,c3,1,0,-0.03813,-0.49682,0.03972,-3.6587,9.9962,-16.5937,-0.0607,0.0203,-0.3383,2.47116,25.0,25.0,26.0,24.0,27.0,32.0,34.0,31.0,32.0,33.0,36.0,29.0,30.0,36.0,23.0,28.0,30.0,26.0,27.0,21.0,22.0,21.0,21.0,22.0,21.0,22.0,21.0,22.0,21.0,21.0,21.0,22.0,22.0,23.0,20.0,22.0,23.0,21.0,10.0,hold,9,9,22.4977
1787153787.3776,2026-08-19 17:36:27.377,10,c3,1,0,-0.03812,-0.49681,0.03971,-3.7698,10.1938,-16.6423,-0.0689,0.0164,-0.3522,2.46159,27.0,25.0,27.0,25.0,27.0,33.0,34.0,27.0,33.0,32.0,34.0,25.0,30.0,36.0,22.0,25.0,30.0,26.0,24.0,21.0,22.0,21.0,21.0,22.0,21.0,22.0,21.0,22.0,21.0,21.0,21.0,22.0,22.0,23.0,20.0,22.0,23.0,21.0,10.0,hold,9,9,22.5828
1787153787.4277,2026-08-19 17:36:27.427,10,c3,1,0,-0.03816,-0.49682,0.03971,-4.3262,10.5174,-16.5023,-0.0728,0.004,-0.3485,2.46789,27.0,25.0,27.0,25.0,27.0,33.0,34.0,27.0,33.0,32.0,34.0,25.0,30.0,36.0,22.0,25.0,30.0,26.0,24.0,21.0,22.0,21.0,21.0,22.0,21.0,22.0,21.0,22.0,21.0,21.0,21.0,22.0,22.0,23.0,20.0,22.0,23.0,21.0,10.0,hold,9,9,22.5268
1787153787.4779,2026-08-19 17:36:27.477,10,c3,1,0,-0.03814,-0.49682,0.03972,-3.7946,10.0811,-16.6474,-0.0647,0.0139,-0.3491,2.46638,24.0,25.0,25.0,23.0,27.0,32.0,32.0,27.0,33.0,32.0,33.0,26.0,31.0,35.0,22.0,24.0,30.0,25.0,25.0,21.0,22.0,21.0,21.0,22.0,21.0,22.0,21.0,22.0,21.0,21.0,21.0,22.0,22.0,23.0,20.0,22.0,23.0,21.0,10.0,hold,9,9,22.5402
1787153787.528,2026-08-19 17:36:27.527,10,c3,1,0,-0.03814,-0.49683,0.03973,-4.0196,9.605,-16.5376,-0.0546,0.0151,-0.3509,2.47141,24.0,25.0,25.0,23.0,27.0,32.0,32.0,27.0,33.0,32.0,33.0,26.0,31.0,35.0,22.0,24.0,30.0,25.0,25.0,21.0,22.0,21.0,21.0,22.0,21.0,22.0,21.0,22.0,21.0,21.0,21.0,22.0,22.0,23.0,20.0,22.0,23.0,21.0,10.0,hold,9,9,22.4954
1787153787.5781,2026-08-19 17:36:27.578,10,c3,1,0,-0.03813,-0.49682,0.03973,-3.6551,9.8711,-16.7039,-0.0616,0.0228,-0.3506,2.47041,24.0,26.0,28.0,24.0,28.0,34.0,32.0,27.0,32.0,32.0,35.0,26.0,30.0,37.0,22.0,24.0,32.0,25.0,23.0,21.0,22.0,21.0,21.0,22.0,21.0,22.0,21.0,22.0,21.0,21.0,21.0,22.0,22.0,23.0,20.0,22.0,23.0,21.0,10.0,hold,9,9,22.5044
1787153787.6282,2026-08-19 17:36:27.628,10,c3,1,0,-0.03813,-0.49681,0.03971,-3.9345,10.3216,-16.6936,-0.0738,0.0105,-0.3455,2.46487,25.0,24.0,28.0,24.0,27.0,33.0,33.0,28.0,32.0,31.0,35.0,29.0,31.0,35.0,23.0,26.0,29.0,26.0,23.0,21.0,22.0,21.0,21.0,22.0,21.0,22.0,21.0,22.0,21.0,21.0,21.0,22.0,22.0,23.0,20.0,22.0,23.0,21.0,10.0,hold,9,9,22.5537
1787153787.6783,2026-08-19 17:36:27.678,10,c3,1,0,-0.03813,-0.49682,0.03972,-4.2433,10.0365,-16.7122,-0.0638,0.005,-0.3477,2.46965,25.0,24.0,28.0,24.0,27.0,33.0,33.0,28.0,32.0,31.0,35.0,29.0,31.0,35.0,23.0,26.0,29.0,26.0,23.0,21.0,22.0,21.0,21.0,22.0,21.0,22.0,21.0,22.0,21.0,21.0,21.0,22.0,22.0,23.0,20.0,22.0,23.0,21.0,10.0,hold,9,9,22.5111
1787153787.7284,2026-08-19 17:36:27.728,10,c3,1,0,-0.03813,-0.49681,0.03972,-3.8334,10.3361,-16.5913,-0.0715,0.0153,-0.3484,2.46688,26.0,26.0,26.0,25.0,29.0,34.0,35.0,26.0,31.0,30.0,36.0,26.0,30.0,34.0,23.0,25.0,28.0,25.0,25.0,21.0,22.0,21.0,21.0,22.0,21.0,22.0,21.0,22.0,21.0,21.0,21.0,22.0,22.0,23.0,20.0,22.0,23.0,21.0,10.0,hold,9,9,22.5357
1787153787.7785,2026-08-19 17:36:27.778,10,c3,1,0,-0.03814,-0.49683,0.03972,-3.5179,10.2048,-16.7551,-0.0712,0.0212,-0.3435,2.47041,26.0,26.0,26.0,25.0,29.0,34.0,35.0,26.0,31.0,30.0,36.0,26.0,30.0,34.0,23.0,25.0,28.0,25.0,25.0,21.0,22.0,21.0,21.0,22.0,21.0,22.0,21.0,22.0,21.0,21.0,21.0,22.0,22.0,23.0,20.0,22.0,23.0,21.0,10.0,hold,9,9,22.5044
1787153787.8285,2026-08-19 17:36:27.828,10,c3,1,0,-0.03814,-0.49682,0.03972,-3.6935,10.0491,-16.6014,-0.0624,0.0178,-0.3458,2.47368,25.0,26.0,26.0,22.0,28.0,33.0,33.0,26.0,31.0,30.0,35.0,26.0,29.0,34.0,23.0,24.0,28.0,25.0,25.0,21.0,22.0,21.0,21.0,22.0,21.0,22.0,21.0,22.0,21.0,21.0,21.0,22.0,22.0,23.0,20.0,22.0,23.0,21.0,10.0,hold,9,9,22.4753
1787153787.8787,2026-08-19 17:36:27.878,10,c3,1,0,-0.03813,-0.49682,0.03971,-3.9334,10.0821,-16.5984,-0.0653,0.0112,-0.3481,2.46789,24.0,23.0,26.0,23.0,27.0,32.0,35.0,28.0,33.0,30.0,34.0,28.0,29.0,34.0,23.0,26.0,28.0,26.0,24.0,21.0,22.0,21.0,21.0,22.0,21.0,22.0,21.0,22.0,21.0,21.0,21.0,22.0,22.0,23.0,20.0,22.0,23.0,21.0,10.0,hold,9,9,22.5268
1787153787.9288,2026-08-19 17:36:27.928,10,c3,1,0,-0.03814,-0.49682,0.03972,-3.9282,10.1329,-16.526,-0.0665,0.013,-0.3503,2.46612,24.0,23.0,26.0,23.0,27.0,32.0,35.0,28.0,33.0,30.0,34.0,28.0,29.0,34.0,23.0,26.0,28.0,26.0,24.0,21.0,22.0,21.0,21.0,22.0,21.0,22.0,21.0,22.0,21.0,21.0,21.0,22.0,22.0,23.0,20.0,22.0,23.0,21.0,10.0,hold,9,9,22.5425
1787153787.979,2026-08-19 17:36:27.978,10,c3,1,0,-0.03816,-0.49682,0.03972,-4.0295,10.1257,-16.749,-0.0648,0.01,-0.3529,2.47695,25.0,25.0,26.0,25.0,27.0,32.0,33.0,28.0,33.0,29.0,36.0,27.0,31.0,33.0,24.0,25.0,28.0,25.0,26.0,21.0,22.0,21.0,21.0,22.0,21.0,22.0,21.0,22.0,21.0,21.0,21.0,22.0,22.0,23.0,20.0,22.0,23.0,21.0,10.0,hold,9,9,22.4461
1787153788.0291,2026-08-19 17:36:28.029,10,c3,1,0,-0.03813,-0.49682,0.03972,-3.8482,10.211,-16.8529,-0.0669,0.0117,-0.3518,2.46763,25.0,25.0,26.0,25.0,27.0,32.0,33.0,28.0,33.0,29.0,36.0,27.0,31.0,33.0,24.0,25.0,28.0,25.0,26.0,21.0,22.0,21.0,21.0,22.0,21.0,22.0,21.0,22.0,21.0,21.0,21.0,22.0,22.0,23.0,20.0,22.0,23.0,21.0,10.0,hold,9,9,22.529
1787153788.0792,2026-08-19 17:36:28.079,10,c3,1,0,-0.03814,-0.49681,0.03973,-4.2296,10.5644,-16.4833,-0.077,0.0021,-0.3515,2.47519,25.0,25.0,24.0,25.0,29.0,30.0,33.0,28.0,32.0,29.0,33.0,27.0,30.0,33.0,21.0,26.0,28.0,25.0,25.0,21.0,22.0,21.0,21.0,22.0,21.0,22.0,21.0,22.0,21.0,21.0,21.0,22.0,22.0,23.0,20.0,22.0,23.0,21.0,10.0,hold,9,9,22.4618
1787153788.1293,2026-08-19 17:36:28.129,10,c3,1,0,-0.03813,-0.49682,0.03972,-4.1437,10.4092,-16.4279,-0.0713,0.0082,-0.3538,2.47066,25.0,25.0,26.0,24.0,28.0,31.0,32.0,27.0,32.0,29.0,34.0,27.0,30.0,33.0,22.0,27.0,27.0,25.0,26.0,21.0,22.0,21.0,21.0,22.0,21.0,22.0,21.0,22.0,21.0,21.0,21.0,22.0,22.0,23.0,20.0,22.0,23.0,21.0,10.0,hold,9,9,22.5022
1787153788.1794,2026-08-19 17:36:28.179,10,c3,1,0,-0.03814,-0.49682,0.03972,-3.9759,10.0599,-16.6236,-0.0648,0.01,-0.3494,2.47091,25.0,25.0,26.0,24.0,28.0,31.0,32.0,27.0,32.0,29.0,34.0,27.0,30.0,33.0,22.0,27.0,27.0,25.0,26.0,21.0,22.0,21.0,21.0,22.0,21.0,22.0,21.0,22.0,21.0,21.0,21.0,22.0,22.0,23.0,20.0,22.0,23.0,21.0,10.0,hold,9,9,22.4999
1787153788.2295,2026-08-19 17:36:28.229,10,c3,1,0,-0.03813,-0.49681,0.03971,-4.0098,9.9863,-16.6594,-0.0628,0.0079,-0.3533,2.47368,24.0,24.0,25.0,23.0,29.0,31.0,34.0,28.0,32.0,30.0,36.0,28.0,32.0,34.0,24.0,25.0,27.0,25.0,23.0,21.0,22.0,21.0,21.0,22.0,21.0,22.0,21.0,22.0,21.0,21.0,21.0,22.0,22.0,23.0,20.0,22.0,23.0,21.0,10.0,hold,9,9,22.4753
1787153788.2796,2026-08-19 17:36:28.279,10,c3,1,0,-0.03814,-0.49682,0.03972,-3.872,10.1788,-16.4881,-0.0666,0.0122,-0.3505,2.47091,24.0,24.0,25.0,23.0,29.0,31.0,34.0,28.0,32.0,30.0,36.0,28.0,32.0,34.0,24.0,25.0,27.0,25.0,23.0,21.0,22.0,21.0,21.0,22.0,21.0,22.0,21.0,22.0,21.0,21.0,21.0,22.0,22.0,23.0,20.0,22.0,23.0,21.0,10.0,hold,9,9,22.4999
1787153788.3298,2026-08-19 17:36:28.329,10,c3,1,0,-0.03813,-0.49682,0.03972,-4.0643,10.2627,-16.6951,-0.0704,0.0115,-0.3503,2.48148,25.0,25.0,26.0,25.0,28.0,32.0,34.0,27.0,33.0,32.0,33.0,26.0,30.0,35.0,21.0,25.0,29.0,25.0,24.0,21.0,22.0,21.0,21.0,22.0,21.0,22.0,21.0,22.0,21.0,21.0,21.0,22.0,22.0,23.0,20.0,22.0,23.0,21.0,10.0,hold,9,9,22.4058
1787153788.3798,2026-08-19 17:36:28.379,10,c3,1,0,-0.03815,-0.49683,0.03973,-3.6277,10.1124,-16.7048,-0.0664,0.021,-0.3495,2.47116,25.0,25.0,26.0,25.0,28.0,32.0,34.0,27.0,33.0,32.0,33.0,26.0,30.0,35.0,21.0,25.0,29.0,25.0,24.0,21.0,22.0,21.0,21.0,22.0,21.0,22.0,21.0,22.0,21.0,21.0,21.0,22.0,22.0,23.0,20.0,22.0,23.0,21.0,10.0,hold,9,9,22.4977
1787153788.4299,2026-08-19 17:36:28.429,10,c3,1,0,-0.03812,-0.49682,0.03973,-3.966,9.8217,-16.6654,-0.0602,0.0129,-0.3504,2.47695,23.0,25.0,27.0,23.0,27.0,33.0,33.0,26.0,33.0,30.0,34.0,25.0,30.0,34.0,22.0,23.0,27.0,25.0,25.0,21.0,22.0,21.0,21.0,22.0,21.0,22.0,21.0,22.0,21.0,21.0,21.0,22.0,22.0,23.0,20.0,22.0,23.0,21.0,10.0,hold,9,9,22.4461
1787153788.48,2026-08-19 17:36:28.480,10,c3,1,0,-0.03813,-0.49681,0.03971,-4.0493,10.3415,-16.5287,-0.0736,0.0099,-0.3565,2.47494,24.0,25.0,25.0,23.0,28.0,31.0,32.0,25.0,33.0,32.0,35.0,25.0,30.0,36.0,23.0,23.0,29.0,26.0,22.0,21.0,22.0,21.0,21.0,22.0,21.0,22.0,21.0,22.0,21.0,21.0,21.0,22.0,22.0,23.0,20.0,22.0,23.0,21.0,10.0,hold,9,9,22.4641
1787153788.5302,2026-08-19 17:36:28.530,10,c3,1,0,-0.03814,-0.49682,0.0397,-3.9811,10.0747,-16.5424,-0.0646,0.0112,-0.3523,2.48022,24.0,25.0,25.0,23.0,28.0,31.0,32.0,25.0,33.0,32.0,35.0,25.0,30.0,36.0,23.0,23.0,29.0,26.0,22.0,21.0,22.0,21.0,21.0,22.0,21.0,22.0,21.0,22.0,21.0,21.0,21.0,22.0,22.0,23.0,20.0,22.0,23.0,21.0,10.0,hold,9,9,22.417
1787153788.5803,2026-08-19 17:36:28.580,10,c3,1,0,-0.03813,-0.49681,0.03972,-4.3089,10.1753,-16.5805,-0.0658,0.0023,-0.3556,2.47066,23.0,26.0,28.0,22.0,28.0,34.0,32.0,27.0,32.0,30.0,34.0,27.0,30.0,34.0,23.0,25.0,28.0,25.0,25.0,21.0,22.0,21.0,21.0,22.0,21.0,22.0,21.0,22.0,21.0,21.0,21.0,22.0,22.0,23.0,20.0,22.0,23.0,21.0,10.0,hold,9,9,22.5022
1787153788.6304,2026-08-19 17:36:28.630,10,c3,1,0,-0.03813,-0.49681,0.03972,-3.8405,10.2878,-16.5517,-0.0721,0.0172,-0.351,2.47846,23.0,26.0,28.0,22.0,28.0,34.0,32.0,27.0,32.0,30.0,34.0,27.0,30.0,34.0,23.0,25.0,28.0,25.0,25.0,21.0,22.0,21.0,21.0,22.0,21.0,22.0,21.0,22.0,21.0,21.0,21.0,22.0,22.0,23.0,20.0,22.0,23.0,21.0,10.0,hold,9,9,22.4327
1787153788.6805,2026-08-19 17:36:28.680,10,c3,1,0,-0.03816,-0.49682,0.03971,-3.8576,10.1869,-16.6224,-0.0691,0.0162,-0.3545,2.46789,24.0,26.0,25.0,23.0,28.0,32.0,33.0,27.0,33.0,31.0,33.0,26.0,31.0,35.0,22.0,23.0,29.0,24.0,24.0,21.0,22.0,21.0,21.0,22.0,21.0,22.0,21.0,22.0,21.0,21.0,21.0,22.0,22.0,23.0,20.0,22.0,23.0,21.0,10.0,hold,9,9,22.5268
1787153788.7306,2026-08-19 17:36:28.730,10,c3,1,0,-0.03813,-0.49682,0.03972,-4.118,10.2111,-16.5251,-0.072,0.0075,-0.3526,2.48048,22.0,26.0,26.0,23.0,27.0,33.0,32.0,28.0,32.0,32.0,33.0,29.0,30.0,36.0,21.0,25.0,29.0,23.0,25.0,21.0,22.0,21.0,21.0,22.0,21.0,22.0,21.0,22.0,21.0,21.0,21.0,22.0,22.0,23.0,20.0,22.0,23.0,21.0,10.0,hold,9,9,22.4148
1787153788.7808,2026-08-19 17:36:28.780,10,c3,1,0,-0.03813,-0.49682,0.03973,-4.1368,10.3037,-16.5383,-0.0721,0.0065,-0.3563,2.47594,22.0,26.0,26.0,23.0,27.0,33.0,32.0,28.0,32.0,32.0,33.0,29.0,30.0,36.0,21.0,25.0,29.0,23.0,25.0,21.0,22.0,21.0,21.0,22.0,21.0,22.0,21.0,22.0,21.0,21.0,21.0,22.0,22.0,23.0,20.0,22.0,23.0,21.0,10.0,hold,9,9,22.4551
1787153788.8309,2026-08-19 17:36:28.830,10,c3,1,0,-0.03814,-0.49682,0.03973,-4.0896,10.1594,-16.6474,-0.0672,0.0092,-0.3499,2.47544,25.0,25.0,26.0,23.0,28.0,33.0,33.0,26.0,33.0,32.0,34.0,26.0,31.0,35.0,22.0,25.0,29.0,23.0,23.0,21.0,22.0,21.0,21.0,22.0,21.0,22.0,21.0,22.0,21.0,21.0,21.0,22.0,22.0,23.0,20.0,22.0,23.0,21.0,10.0,hold,9,9,22.4596
1787153788.8809,2026-08-19 17:36:28.880,10,c3,1,0,-0.03813,-0.49683,0.03973,-3.6697,10.0813,-16.6447,-0.0645,0.0192,-0.34,2.47368,25.0,25.0,26.0,23.0,28.0,33.0,33.0,26.0,33.0,32.0,34.0,26.0,31.0,35.0,22.0,25.0,29.0,23.0,23.0,21.0,22.0,21.0,21.0,22.0,21.0,22.0,21.0,22.0,21.0,21.0,21.0,22.0,22.0,23.0,20.0,22.0,23.0,21.0,10.0,hold,9,9,22.4753
1787153788.9311,2026-08-19 17:36:28.931,10,c3,1,0,-0.03815,-0.49683,0.03973,-3.8532,10.046,-16.5614,-0.067,0.0107,-0.3483,2.47343,22.0,25.0,27.0,22.0,28.0,34.0,33.0,27.0,32.0,32.0,32.0,27.0,29.0,36.0,22.0,26.0,30.0,25.0,25.0,21.0,22.0,21.0,21.0,22.0,21.0,22.0,21.0,22.0,21.0,21.0,21.0,22.0,22.0,23.0,20.0,22.0,23.0,21.0,10.0,hold,9,9,22.4775
1787153788.9812,2026-08-19 17:36:28.981,10,c3,1,0,-0.03813,-0.4968,0.03971,-4.1176,10.2205,-16.4017,-0.0684,0.0065,-0.3492,2.48073,24.0,24.0,27.0,22.0,27.0,34.0,32.0,28.0,31.0,33.0,33.0,27.0,29.0,37.0,22.0,25.0,31.0,26.0,25.0,21.0,22.0,21.0,21.0,22.0,21.0,22.0,21.0,22.0,21.0,21.0,21.0,22.0,22.0,23.0,20.0,22.0,23.0,21.0,10.0,hold,9,9,22.4125
1787153789.0314,2026-08-19 17:36:29.031,10,c3,1,0,-0.03813,-0.49683,0.03973,-3.8993,9.8084,-16.6849,-0.0602,0.0122,-0.3472,2.47292,24.0,24.0,27.0,22.0,27.0,34.0,32.0,28.0,31.0,33.0,33.0,27.0,29.0,37.0,22.0,25.0,31.0,26.0,25.0,21.0,22.0,21.0,21.0,22.0,21.0,22.0,21.0,22.0,21.0,21.0,21.0,22.0,22.0,23.0,20.0,22.0,23.0,21.0,10.0,hold,9,9,22.482
1787153789.0815,2026-08-19 17:36:29.081,10,c3,1,0,-0.03814,-0.49682,0.03972,-3.9739,9.9689,-16.7208,-0.0602,0.0102,-0.3475,2.48501,24.0,24.0,28.0,23.0,28.0,34.0,32.0,26.0,31.0,32.0,34.0,25.0,29.0,35.0,23.0,23.0,29.0,26.0,25.0,21.0,22.0,21.0,21.0,22.0,21.0,22.0,21.0,22.0,21.0,21.0,21.0,22.0,22.0,23.0,20.0,22.0,23.0,21.0,10.0,hold,9,9,22.3745
1787153789.1316,2026-08-19 17:36:29.131,10,c3,1,0,-0.03813,-0.49681,0.03972,-4.0013,10.1198,-16.4528,-0.0693,0.0095,-0.3485,2.47317,24.0,24.0,28.0,23.0,28.0,34.0,32.0,26.0,31.0,32.0,34.0,25.0,29.0,35.0,23.0,23.0,29.0,26.0,25.0,21.0,22.0,21.0,21.0,22.0,21.0,22.0,21.0,22.0,21.0,21.0,21.0,22.0,22.0,23.0,20.0,22.0,23.0,21.0,10.0,hold,9,9,22.4798
1787153789.1818,2026-08-19 17:36:29.181,10,c3,1,0,-0.03814,-0.49682,0.03972,-4.2025,10.5023,-16.5959,-0.0757,0.0021,-0.3499,2.47695,22.0,24.0,27.0,23.0,27.0,32.0,33.0,27.0,32.0,33.0,33.0,28.0,30.0,37.0,22.0,25.0,30.0,24.0,26.0,21.0,22.0,21.0,21.0,22.0,21.0,22.0,21.0,22.0,21.0,21.0,21.0,22.0,22.0,23.0,20.0,22.0,23.0,21.0,10.0,hold,9,9,22.4461
1787153789.2318,2026-08-19 17:36:29.231,10,c3,1,0,-0.03815,-0.49681,0.03972,-4.102,10.2383,-16.5462,-0.0691,0.007,-0.3608,2.47821,22.0,24.0,27.0,23.0,27.0,32.0,33.0,27.0,32.0,33.0,33.0,28.0,30.0,37.0,22.0,25.0,30.0,24.0,26.0,21.0,22.0,21.0,21.0,22.0,21.0,22.0,21.0,22.0,21.0,21.0,21.0,22.0,22.0,23.0,20.0,22.0,23.0,21.0,10.0,hold,9,9,22.4349
1787153789.2819,2026-08-19 17:36:29.281,10,c3,1,0,-0.03813,-0.49682,0.03972,-3.8944,9.9978,-16.6316,-0.0653,0.0141,-0.3467,2.48299,25.0,25.0,27.0,25.0,27.0,34.0,31.0,30.0,32.0,32.0,37.0,28.0,30.0,34.0,25.0,26.0,28.0,26.0,26.0,21.0,22.0,21.0,21.0,22.0,21.0,22.0,21.0,22.0,21.0,21.0,21.0,22.0,22.0,23.0,20.0,22.0,23.0,21.0,10.0,hold,9,9,22.3924
1787153789.332,2026-08-19 17:36:29.332,10,c3,1,0,-0.03813,-0.49681,0.03971,-3.8953,10.0577,-16.7625,-0.0662,0.0102,-0.3519,2.47116,24.0,25.0,27.0,24.0,26.0,34.0,34.0,26.0,33.0,31.0,34.0,26.0,31.0,35.0,22.0,24.0,30.0,25.0,25.0,21.0,22.0,21.0,21.0,22.0,21.0,22.0,21.0,22.0,21.0,21.0,21.0,22.0,22.0,23.0,20.0,22.0,23.0,21.0,10.0,hold,9,9,22.4977
1787153789.3822,2026-08-19 17:36:29.382,10,c3,1,0,-0.03813,-0.49682,0.03973,-3.9547,10.0112,-16.8171,-0.0624,0.0124,-0.3528,2.48375,24.0,25.0,27.0,24.0,26.0,34.0,34.0,26.0,33.0,31.0,34.0,26.0,31.0,35.0,22.0,24.0,30.0,25.0,25.0,21.0,22.0,21.0,21.0,22.0,21.0,22.0,21.0,22.0,21.0,21.0,21.0,22.0,22.0,23.0,20.0,22.0,23.0,21.0,10.0,hold,9,9,22.3857
1787153789.4323,2026-08-19 17:36:29.432,10,c3,1,0,-0.03813,-0.49682,0.03973,-3.7989,9.9791,-16.7757,-0.065,0.0136,-0.3487,2.47997,24.0,24.0,27.0,25.0,28.0,33.0,32.0,28.0,32.0,33.0,35.0,28.0,29.0,35.0,23.0,25.0,30.0,25.0,25.0,21.0,22.0,21.0,21.0,22.0,21.0,22.0,21.0,22.0,21.0,21.0,21.0,22.0,22.0,23.0,20.0,22.0,23.0,21.0,10.0,hold,9,9,22.4193
1787153789.4824,2026-08-19 17:36:29.482,10,c3,1,0,-0.03813,-0.49682,0.03972,-4.2564,10.4043,-16.7188,-0.0697,0.0041,-0.3481,2.48123,24.0,24.0,27.0,25.0,28.0,33.0,32.0,28.0,32.0,33.0,35.0,28.0,29.0,35.0,23.0,25.0,30.0,25.0,25.0,21.0,22.0,21.0,21.0,22.0,21.0,22.0,21.0,22.0,21.0,21.0,21.0,22.0,22.0,23.0,20.0,22.0,23.0,21.0,10.0,hold,9,9,22.4081
1787153789.5325,2026-08-19 17:36:29.532,10,c3,1,0,-0.03814,-0.49682,0.03972,-3.9613,10.0256,-16.5691,-0.0652,0.0129,-0.351,2.47292,25.0,24.0,29.0,24.0,27.0,34.0,33.0,26.0,33.0,32.0,33.0,25.0,29.0,36.0,22.0,21.0,30.0,25.0,26.0,21.0,22.0,21.0,21.0,22.0,21.0,22.0,21.0,22.0,21.0,21.0,21.0,22.0,22.0,23.0,20.0,22.0,23.0,21.0,10.0,hold,9,9,22.482
1787153789.5827,2026-08-19 17:36:29.582,10,c3,1,0,-0.03815,-0.49682,0.03973,-3.5223,9.8287,-16.7788,-0.0619,0.0233,-0.3521,2.48249,23.0,25.0,28.0,22.0,26.0,35.0,32.0,26.0,33.0,31.0,34.0,26.0,31.0,36.0,21.0,26.0,29.0,25.0,25.0,21.0,22.0,21.0,21.0,22.0,21.0,22.0,21.0,22.0,21.0,21.0,21.0,22.0,22.0,23.0,20.0,22.0,23.0,21.0,10.0,hold,9,9,22.3969
1787153789.6328,2026-08-19 17:36:29.632,10,c3,1,0,-0.03814,-0.49682,0.03972,-3.9826,10.1889,-16.4751,-0.0683,0.0116,-0.3502,2.47544,23.0,25.0,28.0,22.0,26.0,35.0,32.0,26.0,33.0,31.0,34.0,26.0,31.0,36.0,21.0,26.0,29.0,25.0,25.0,21.0,22.0,21.0,21.0,22.0,21.0,22.0,21.0,22.0,21.0,21.0,21.0,22.0,22.0,23.0,20.0,22.0,23.0,21.0,10.0,hold,9,9,22.4596
1787153789.6829,2026-08-19 17:36:29.682,10,c3,1,0,-0.03815,-0.49682,0.03972,-4.0423,10.1314,-16.4856,-0.0661,0.0118,-0.348,2.47922,25.0,26.0,27.0,23.0,28.0,33.0,33.0,29.0,32.0,32.0,35.0,29.0,30.0,36.0,23.0,27.0,30.0,25.0,25.0,21.0,22.0,21.0,21.0,22.0,21.0,22.0,21.0,22.0,21.0,21.0,21.0,22.0,22.0,23.0,20.0,22.0,23.0,21.0,10.0,hold,9,9,22.426
1787153789.733,2026-08-19 17:36:29.733,10,c3,1,0,-0.03815,-0.49681,0.03971,-4.156,10.2476,-16.6387,-0.0685,0.0095,-0.35,2.4772,25.0,26.0,27.0,23.0,28.0,33.0,33.0,29.0,32.0,32.0,35.0,29.0,30.0,36.0,23.0,27.0,30.0,25.0,25.0,21.0,22.0,21.0,21.0,22.0,21.0,22.0,21.0,22.0,21.0,21.0,21.0,22.0,22.0,23.0,20.0,22.0,23.0,21.0,10.0,hold,9,9,22.4439
1787153789.7833,2026-08-19 17:36:29.783,10,c3,1,0,-0.03814,-0.49682,0.03972,-4.0401,10.1313,-16.6702,-0.0628,0.0077,-0.3507,2.4772,24.0,25.0,27.0,24.0,28.0,33.0,33.0,27.0,31.0,32.0,34.0,28.0,29.0,36.0,23.0,24.0,31.0,26.0,26.0,21.0,22.0,21.0,21.0,22.0,21.0,22.0,21.0,22.0,21.0,21.0,21.0,22.0,22.0,23.0,20.0,22.0,23.0,21.0,10.0,hold,9,9,22.4439
1787153789.8334,2026-08-19 17:36:29.833,10,c3,1,0,-0.03814,-0.49681,0.03971,-3.71,9.7087,-16.6359,-0.0581,0.0164,-0.3483,2.48325,26.0,25.0,28.0,25.0,28.0,33.0,32.0,27.0,32.0,30.0,35.0,26.0,30.0,35.0,24.0,24.0,31.0,25.0,24.0,21.0,22.0,21.0,21.0,22.0,21.0,22.0,21.0,22.0,21.0,21.0,21.0,22.0,22.0,23.0,20.0,22.0,23.0,21.0,10.0,hold,9,9,22.3901
1787153789.8835,2026-08-19 17:36:29.883,10,c3,1,0,-0.03814,-0.49682,0.03972,-3.9897,10.0517,-16.4937,-0.0637,0.012,-0.3496,2.4767,26.0,25.0,28.0,25.0,28.0,33.0,32.0,27.0,32.0,30.0,35.0,26.0,30.0,35.0,24.0,24.0,31.0,25.0,24.0,21.0,22.0,21.0,21.0,22.0,21.0,22.0,21.0,22.0,21.0,21.0,21.0,22.0,22.0,23.0,20.0,22.0,23.0,21.0,10.0,hold,9,9,22.4484
1787153789.9336,2026-08-19 17:36:29.933,10,c3,1,0,-0.03813,-0.49681,0.03972,-4.1831,10.196,-16.6471,-0.0659,0.0054,-0.3473,2.48299,24.0,24.0,26.0,22.0,26.0,33.0,32.0,29.0,32.0,31.0,35.0,29.0,30.0,34.0,22.0,25.0,29.0,25.0,23.0,21.0,22.0,21.0,21.0,22.0,21.0,22.0,21.0,22.0,21.0,21.0,21.0,22.0,22.0,23.0,20.0,22.0,23.0,21.0,10.0,hold,9,9,22.3924
1787153789.9837,2026-08-19 17:36:29.983,10,c3,1,0,-0.03816,-0.49681,0.03972,-4.063,9.8878,-16.8215,-0.0631,0.0104,-0.3536,2.4772,24.0,24.0,26.0,22.0,26.0,33.0,32.0,29.0,32.0,31.0,35.0,29.0,30.0,34.0,22.0,25.0,29.0,25.0,23.0,21.0,22.0,21.0,21.0,22.0,21.0,22.0,21.0,22.0,21.0,21.0,21.0,22.0,22.0,23.0,20.0,22.0,23.0,21.0,10.0,hold,9,9,22.4439
1787153790.0339,2026-08-19 17:36:30.033,10,c3,0,0,-0.03814,-0.49682,0.03972,-3.9611,10.4332,-16.7572,-0.0727,0.0121,-0.3495,2.484,24.0,24.0,26.0,26.0,27.0,33.0,33.0,26.0,32.0,32.0,36.0,26.0,30.0,36.0,23.0,25.0,30.0,26.0,25.0,21.0,22.0,21.0,21.0,22.0,21.0,22.0,21.0,22.0,21.0,21.0,21.0,22.0,22.0,23.0,20.0,22.0,23.0,21.0,10.0,retract,9,9,22.3834
1787153790.084,2026-08-19 17:36:30.084,10,c3,0,0,-0.03812,-0.49681,0.03972,-3.9998,10.1868,-16.6734,-0.0672,0.0079,-0.3495,2.49583,24.0,25.0,27.0,24.0,27.0,34.0,32.0,27.0,32.0,32.0,34.0,28.0,30.0,36.0,23.0,25.0,30.0,27.0,26.0,21.0,22.0,21.0,21.0,22.0,21.0,22.0,21.0,22.0,21.0,21.0,21.0,22.0,22.0,23.0,20.0,22.0,23.0,21.0,10.0,retract,9,9,22.2782
1787153790.1341,2026-08-19 17:36:30.134,10,c3,0,0,-0.03813,-0.4968,0.03979,-3.9496,9.9868,-16.9103,-0.0637,0.0148,-0.3543,2.53713,24.0,25.0,27.0,24.0,27.0,34.0,32.0,27.0,32.0,32.0,34.0,28.0,30.0,36.0,23.0,25.0,30.0,27.0,26.0,21.0,22.0,21.0,21.0,22.0,21.0,22.0,21.0,22.0,21.0,21.0,21.0,22.0,22.0,23.0,20.0,22.0,23.0,21.0,10.0,retract,9,9,21.9108
1787153790.1842,2026-08-19 17:36:30.184,10,c3,0,0,-0.03814,-0.4968,0.03988,-3.8459,9.9778,-17.4958,-0.0626,0.0157,-0.3535,2.62802,24.0,25.0,27.0,25.0,28.0,34.0,34.0,30.0,33.0,33.0,34.0,29.0,30.0,38.0,22.0,27.0,32.0,27.0,27.0,21.0,22.0,21.0,21.0,22.0,21.0,22.0,21.0,22.0,21.0,21.0,21.0,22.0,22.0,23.0,20.0,22.0,23.0,21.0,10.0,retract,9,9,21.1022
1787153790.2343,2026-08-19 17:36:30.234,10,c3,0,0,-0.03812,-0.49681,0.04003,-3.7071,9.8479,-17.98,-0.0603,0.0193,-0.3447,2.7393,24.0,25.0,27.0,25.0,28.0,34.0,34.0,30.0,33.0,33.0,34.0,29.0,30.0,38.0,22.0,27.0,32.0,27.0,27.0,21.0,22.0,21.0,21.0,22.0,21.0,22.0,21.0,22.0,21.0,21.0,21.0,22.0,22.0,23.0,20.0,22.0,23.0,21.0,10.0,retract,9,9,20.1122
1787153790.2844,2026-08-19 17:36:30.284,10,c3,0,0,-0.03813,-0.49681,0.04022,-3.7871,9.7619,-18.3664,-0.0595,0.0186,-0.3481,2.8886,26.0,25.0,27.0,25.0,29.0,34.0,33.0,29.0,33.0,33.0,35.0,28.0,30.0,36.0,22.0,26.0,32.0,25.0,25.0,21.0,22.0,21.0,21.0,22.0,21.0,22.0,21.0,22.0,21.0,21.0,21.0,22.0,22.0,23.0,20.0,22.0,23.0,21.0,10.0,retract,9,9,18.7839
1787153790.3346,2026-08-19 17:36:30.334,10,c3,0,0,-0.03813,-0.4968,0.04044,-4.1965,10.2859,-18.8763,-0.0726,0.0083,-0.3558,3.03136,26.0,25.0,27.0,25.0,29.0,34.0,33.0,29.0,33.0,33.0,35.0,28.0,30.0,36.0,22.0,26.0,32.0,25.0,25.0,21.0,22.0,21.0,21.0,22.0,21.0,22.0,21.0,22.0,21.0,21.0,21.0,22.0,22.0,23.0,20.0,22.0,23.0,21.0,10.0,retract,9,9,17.5139
1787153790.3847,2026-08-19 17:36:30.384,10,c3,0,0,-0.03812,-0.49679,0.04064,-4.0067,10.3094,-19.3443,-0.0703,0.0145,-0.3537,3.16832,27.0,26.0,30.0,24.0,28.0,35.0,33.0,28.0,32.0,31.0,35.0,28.0,30.0,35.0,23.0,26.0,29.0,26.0,25.0,21.0,22.0,21.0,21.0,22.0,21.0,22.0,21.0,22.0,21.0,21.0,21.0,22.0,22.0,23.0,20.0,22.0,23.0,21.0,10.0,retract,9,9,16.2954
1787153790.4349,2026-08-19 17:36:30.434,10,c3,0,0,-0.03812,-0.49678,0.04087,-3.8949,9.7967,-19.796,-0.0631,0.0193,-0.3504,3.31234,24.0,25.0,27.0,23.0,28.0,32.0,34.0,28.0,30.0,31.0,34.0,26.0,29.0,35.0,23.0,26.0,29.0,24.0,28.0,21.0,22.0,21.0,21.0,22.0,21.0,22.0,21.0,22.0,21.0,21.0,21.0,22.0,22.0,23.0,20.0,22.0,23.0,21.0,10.0,retract,9,9,15.0142
1787153790.4849,2026-08-19 17:36:30.484,10,c3,0,0,-0.03811,-0.49677,0.04117,-3.8718,10.1079,-20.5691,-0.0701,0.0171,-0.3547,3.46567,24.0,25.0,27.0,23.0,28.0,32.0,34.0,28.0,30.0,31.0,34.0,26.0,29.0,35.0,23.0,26.0,29.0,24.0,28.0,21.0,22.0,21.0,21.0,22.0,21.0,22.0,21.0,22.0,21.0,21.0,21.0,22.0,22.0,23.0,20.0,22.0,23.0,21.0,10.0,retract,9,9,13.6501
1787153790.5349,2026-08-19 17:36:30.534,10,c3,0,0,-0.03812,-0.49675,0.04147,-3.6536,9.9095,-21.1533,-0.0698,0.0242,-0.3447,3.63939,26.0,25.0,27.0,25.0,27.0,33.0,32.0,27.0,31.0,31.0,32.0,26.0,30.0,35.0,22.0,25.0,29.0,26.0,25.0,21.0,22.0,21.0,21.0,22.0,21.0,22.0,21.0,22.0,21.0,21.0,21.0,22.0,22.0,23.0,20.0,22.0,23.0,21.0,10.0,retract,9,9,12.1046
1787153790.5851,2026-08-19 17:36:30.585,10,c3,0,0,-0.03812,-0.49676,0.04183,-3.7086,10.1006,-21.6847,-0.0729,0.0262,-0.3509,3.81387,26.0,25.0,27.0,25.0,27.0,33.0,32.0,27.0,31.0,31.0,32.0,26.0,30.0,35.0,22.0,25.0,29.0,26.0,25.0,21.0,22.0,21.0,21.0,22.0,21.0,22.0,21.0,22.0,21.0,21.0,21.0,22.0,22.0,23.0,20.0,22.0,23.0,21.0,10.0,retract,9,9,10.5523
1787153790.6352,2026-08-19 17:36:30.635,10,c3,0,0,-0.03816,-0.49681,0.04218,-3.6775,9.7199,-22.359,-0.0603,0.0242,-0.3414,3.9881,25.0,26.0,27.0,23.0,27.0,33.0,32.0,26.0,31.0,31.0,32.0,27.0,30.0,36.0,25.0,25.0,31.0,25.0,25.0,21.0,22.0,21.0,21.0,22.0,21.0,22.0,21.0,22.0,21.0,21.0,21.0,22.0,22.0,23.0,20.0,22.0,23.0,21.0,10.0,retract,9,9,9.0023
1787153790.6854,2026-08-19 17:36:30.685,10,c3,0,0,-0.03813,-0.49682,0.04253,-3.6902,10.0841,-22.6852,-0.071,0.0255,-0.3465,4.11096,23.0,25.0,27.0,24.0,29.0,33.0,32.0,26.0,30.0,29.0,30.0,27.0,28.0,32.0,24.0,25.0,28.0,24.0,24.0,21.0,22.0,21.0,21.0,22.0,21.0,22.0,21.0,22.0,21.0,21.0,21.0,22.0,22.0,23.0,20.0,22.0,23.0,21.0,10.0,retract,9,9,7.9093
1787153790.7355,2026-08-19 17:36:30.735,10,c3,0,0,-0.03812,-0.49679,0.04284,-3.9236,10.2914,-23.47,-0.0754,0.0197,-0.3524,4.24667,23.0,25.0,27.0,24.0,29.0,33.0,32.0,26.0,30.0,29.0,30.0,27.0,28.0,32.0,24.0,25.0,28.0,24.0,24.0,21.0,22.0,21.0,21.0,22.0,21.0,22.0,21.0,22.0,21.0,21.0,21.0,22.0,22.0,23.0,20.0,22.0,23.0,21.0,10.0,retract,9,9,6.702
1787153790.7857,2026-08-19 17:36:30.785,10,c3,0,0,-0.03814,-0.49679,0.04317,-3.7318,9.7918,-24.0578,-0.0638,0.0225,-0.3469,4.35644,24.0,24.0,27.0,23.0,27.0,32.0,30.0,26.0,29.0,30.0,31.0,26.0,28.0,33.0,24.0,24.0,29.0,25.0,24.0,21.0,22.0,21.0,21.0,22.0,21.0,22.0,21.0,22.0,21.0,21.0,21.0,22.0,22.0,23.0,20.0,22.0,23.0,21.0,10.0,retract,9,9,5.7254
1787153790.8359,2026-08-19 17:36:30.835,10,c3,0,0,-0.03812,-0.49678,0.0435,-3.8991,10.0322,-24.4308,-0.0717,0.0204,-0.3488,4.46974,24.0,24.0,27.0,23.0,27.0,32.0,30.0,26.0,29.0,30.0,31.0,26.0,28.0,33.0,24.0,24.0,29.0,25.0,24.0,21.0,22.0,21.0,21.0,22.0,21.0,22.0,21.0,22.0,21.0,21.0,21.0,22.0,22.0,23.0,20.0,22.0,23.0,21.0,10.0,retract,9,9,4.7174
1787153790.886,2026-08-19 17:36:30.885,10,c3,0,0,-0.03812,-0.49677,0.04383,-3.808,10.1102,-24.5241,-0.0749,0.0235,-0.3494,4.56088,22.0,26.0,26.0,21.0,27.0,31.0,30.0,25.0,29.0,29.0,30.0,26.0,29.0,31.0,23.0,25.0,28.0,25.0,26.0,21.0,22.0,21.0,21.0,22.0,21.0,22.0,21.0,22.0,21.0,21.0,21.0,22.0,22.0,23.0,20.0,22.0,23.0,21.0,10.0,retract,9,9,3.9066
1787153790.9361,2026-08-19 17:36:30.936,10,c3,0,0,-0.03813,-0.49679,0.04421,-3.9098,9.9158,-24.9237,-0.0656,0.0196,-0.355,4.65051,24.0,27.0,27.0,23.0,28.0,31.0,27.0,25.0,27.0,28.0,30.0,24.0,26.0,29.0,24.0,25.0,26.0,25.0,25.0,21.0,22.0,21.0,21.0,22.0,21.0,22.0,21.0,22.0,21.0,21.0,21.0,22.0,22.0,23.0,20.0,22.0,23.0,21.0,10.0,retract,9,9,3.1092
1787153790.9862,2026-08-19 17:36:30.986,10,c3,0,0,-0.03813,-0.49679,0.04453,-4.0208,9.9354,-25.0362,-0.0656,0.0224,-0.3472,4.68526,24.0,27.0,27.0,23.0,28.0,31.0,27.0,25.0,27.0,28.0,30.0,24.0,26.0,29.0,24.0,25.0,26.0,25.0,25.0,21.0,22.0,21.0,21.0,22.0,21.0,22.0,21.0,22.0,21.0,21.0,21.0,22.0,22.0,23.0,20.0,22.0,23.0,21.0,10.0,retract,9,9,2.8001
1787153791.0363,2026-08-19 17:36:31.036,10,c3,0,0,-0.03813,-0.49681,0.04488,-4.0984,10.1394,-25.1926,-0.0698,0.0154,-0.3511,4.69735,24.0,24.0,26.0,23.0,27.0,32.0,28.0,27.0,25.0,28.0,29.0,27.0,25.0,29.0,25.0,26.0,27.0,25.0,24.0,21.0,22.0,21.0,21.0,22.0,21.0,22.0,21.0,22.0,21.0,21.0,21.0,22.0,22.0,23.0,20.0,22.0,23.0,21.0,10.0,retract,9,9,2.6925
1787153791.0864,2026-08-19 17:36:31.086,10,c3,0,0,-0.03812,-0.49681,0.04521,-3.8433,10.2181,-25.1509,-0.0742,0.0197,-0.3465,4.68576,24.0,24.0,26.0,23.0,27.0,32.0,28.0,27.0,25.0,28.0,29.0,27.0,25.0,29.0,25.0,26.0,27.0,25.0,24.0,21.0,22.0,21.0,21.0,22.0,21.0,22.0,21.0,22.0,21.0,21.0,21.0,22.0,22.0,23.0,20.0,22.0,23.0,21.0,10.0,retract,9,9,2.7956
1787153791.1365,2026-08-19 17:36:31.136,10,c3,0,0,-0.03813,-0.49679,0.04555,-3.8716,9.6432,-25.2805,-0.0583,0.0199,-0.3507,4.69558,22.0,25.0,25.0,22.0,27.0,29.0,28.0,24.0,27.0,27.0,28.0,22.0,26.0,26.0,25.0,23.0,24.0,25.0,23.0,21.0,22.0,21.0,21.0,22.0,21.0,22.0,21.0,22.0,21.0,21.0,21.0,22.0,22.0,23.0,20.0,22.0,23.0,21.0,10.0,retract,9,9,2.7082
1787153791.1866,2026-08-19 17:36:31.186,10,c3,0,0,-0.03812,-0.49679,0.04586,-4.1721,10.0286,-25.049,-0.0705,0.0137,-0.3536,4.69785,25.0,25.0,23.0,23.0,26.0,27.0,26.0,26.0,25.0,24.0,26.0,24.0,25.0,24.0,25.0,24.0,23.0,24.0,24.0,21.0,22.0,21.0,21.0,22.0,21.0,22.0,21.0,22.0,21.0,21.0,21.0,22.0,22.0,23.0,20.0,22.0,23.0,21.0,10.0,retract,9,9,2.6881
1787153791.2368,2026-08-19 17:36:31.236,10,c3,0,0,-0.03812,-0.49679,0.04621,-3.7702,10.1943,-25.2298,-0.0732,0.0245,-0.3476,4.69357,25.0,25.0,23.0,23.0,26.0,27.0,26.0,26.0,25.0,24.0,26.0,24.0,25.0,24.0,25.0,24.0,23.0,24.0,24.0,21.0,22.0,21.0,21.0,22.0,21.0,22.0,21.0,22.0,21.0,21.0,21.0,22.0,22.0,23.0,20.0,22.0,23.0,21.0,10.0,retract,9,9,2.7261
1787153791.2868,2026-08-19 17:36:31.286,10,c3,0,0,-0.03812,-0.49681,0.04655,-4.0184,9.9888,-25.2081,-0.07,0.0212,-0.35,4.68954,22.0,24.0,21.0,22.0,27.0,25.0,25.0,24.0,25.0,26.0,27.0,25.0,25.0,25.0,24.0,25.0,26.0,25.0,26.0,21.0,22.0,21.0,21.0,22.0,21.0,22.0,21.0,22.0,21.0,21.0,21.0,22.0,22.0,23.0,20.0,22.0,23.0,21.0,10.0,retract,9,9,2.762
1787153791.3369,2026-08-19 17:36:31.336,10,c3,0,0,-0.03813,-0.4968,0.04688,-3.8357,10.0598,-25.1072,-0.0718,0.0231,-0.3477,4.69583,22.0,24.0,21.0,22.0,27.0,25.0,25.0,24.0,25.0,26.0,27.0,25.0,25.0,25.0,24.0,25.0,26.0,25.0,26.0,21.0,22.0,21.0,21.0,22.0,21.0,22.0,21.0,22.0,21.0,21.0,21.0,22.0,22.0,23.0,20.0,22.0,23.0,21.0,10.0,retract,9,9,2.706
1787153791.387,2026-08-19 17:36:31.387,10,c3,0,0,-0.03817,-0.49681,0.04723,-3.8742,9.8525,-25.3787,-0.0662,0.0199,-0.3481,4.68753,24.0,24.0,23.0,22.0,25.0,27.0,25.0,24.0,24.0,24.0,26.0,24.0,25.0,25.0,22.0,24.0,24.0,23.0,23.0,21.0,22.0,21.0,21.0,22.0,21.0,22.0,21.0,22.0,21.0,21.0,21.0,22.0,22.0,23.0,20.0,22.0,23.0,21.0,10.0,retract,9,9,2.7799
1787153791.4372,2026-08-19 17:36:31.437,10,c3,0,0,-0.03813,-0.49682,0.04756,-4.114,10.3025,-25.2208,-0.0757,0.0151,-0.3502,4.69936,24.0,24.0,23.0,22.0,25.0,27.0,25.0,24.0,24.0,24.0,26.0,24.0,25.0,25.0,22.0,24.0,24.0,23.0,23.0,21.0,22.0,21.0,21.0,22.0,21.0,22.0,21.0,22.0,21.0,21.0,21.0,22.0,22.0,23.0,20.0,22.0,23.0,21.0,10.0,retract,9,9,2.6746
1787153791.4873,2026-08-19 17:36:31.487,10,c3,0,0,-0.03815,-0.49682,0.04789,-4.0437,10.1641,-25.2577,-0.0763,0.0179,-0.349,4.69735,24.0,24.0,22.0,21.0,25.0,27.0,23.0,25.0,23.0,25.0,24.0,24.0,25.0,26.0,22.0,24.0,25.0,23.0,25.0,21.0,22.0,21.0,21.0,22.0,21.0,22.0,21.0,22.0,21.0,21.0,21.0,22.0,22.0,23.0,20.0,22.0,23.0,21.0,10.0,retract,9,9,2.6925
1787153791.5375,2026-08-19 17:36:31.537,10,c3,0,0,-0.03814,-0.49679,0.04818,-3.7856,9.6316,-25.2843,-0.0635,0.025,-0.3449,4.69785,23.0,24.0,23.0,22.0,25.0,27.0,25.0,25.0,24.0,25.0,25.0,24.0,25.0,26.0,22.0,25.0,24.0,23.0,25.0,21.0,22.0,21.0,21.0,22.0,21.0,22.0,21.0,22.0,21.0,21.0,21.0,22.0,22.0,23.0,20.0,22.0,23.0,21.0,10.0,retract,9,9,2.6881
1787153791.5876,2026-08-19 17:36:31.587,10,c3,0,0,-0.03812,-0.49678,0.04846,-3.9169,10.2519,-25.4257,-0.0795,0.0219,-0.3466,4.69709,23.0,24.0,23.0,22.0,25.0,27.0,25.0,25.0,24.0,25.0,25.0,24.0,25.0,26.0,22.0,25.0,24.0,23.0,25.0,21.0,22.0,21.0,21.0,22.0,21.0,22.0,21.0,22.0,21.0,21.0,21.0,22.0,22.0,23.0,20.0,22.0,23.0,21.0,10.0,retract,9,9,2.6948
1787153791.6377,2026-08-19 17:36:31.637,10,c3,0,0,-0.03814,-0.49679,0.04874,-4.3277,10.6297,-24.9996,-0.0849,0.011,-0.3548,4.69458,24.0,24.0,24.0,23.0,23.0,27.0,24.0,24.0,23.0,23.0,25.0,24.0,24.0,25.0,22.0,25.0,25.0,25.0,24.0,21.0,22.0,21.0,21.0,22.0,21.0,22.0,21.0,22.0,21.0,21.0,21.0,22.0,22.0,23.0,20.0,22.0,23.0,21.0,10.0,retract,9,9,2.7172
1787153791.6878,2026-08-19 17:36:31.687,10,c3,0,0,-0.03812,-0.49678,0.04897,-4.1634,10.2675,-25.1617,-0.0757,0.0179,-0.3572,4.69533,24.0,24.0,24.0,23.0,23.0,27.0,24.0,24.0,23.0,23.0,25.0,24.0,24.0,25.0,22.0,25.0,25.0,25.0,24.0,21.0,22.0,21.0,21.0,22.0,21.0,22.0,21.0,22.0,21.0,21.0,21.0,22.0,22.0,23.0,20.0,22.0,23.0,21.0,10.0,retract,9,9,2.7105
1787153791.7379,2026-08-19 17:36:31.737,10,c3,0,0,-0.03815,-0.49679,0.0492,-3.8235,10.1937,-25.4299,-0.0735,0.0215,-0.3453,4.69835,24.0,23.0,22.0,22.0,24.0,25.0,23.0,23.0,24.0,24.0,24.0,24.0,24.0,26.0,22.0,23.0,23.0,22.0,23.0,21.0,22.0,21.0,21.0,22.0,21.0,22.0,21.0,22.0,21.0,21.0,21.0,22.0,22.0,23.0,20.0,22.0,23.0,21.0,10.0,retract,9,9,2.6836
1787153791.788,2026-08-19 17:36:31.788,10,c3,0,0,-0.03813,-0.49678,0.04934,-4.0312,9.9938,-25.3833,-0.0737,0.0164,-0.3482,4.6913,22.0,23.0,22.0,21.0,24.0,24.0,24.0,23.0,24.0,26.0,25.0,23.0,24.0,25.0,23.0,24.0,24.0,22.0,22.0,21.0,22.0,21.0,21.0,22.0,21.0,22.0,21.0,22.0,21.0,21.0,21.0,22.0,22.0,23.0,20.0,22.0,23.0,21.0,10.0,retract,9,9,2.7463
1787153791.8382,2026-08-19 17:36:31.838,10,c3,0,0,-0.03813,-0.49679,0.04945,-3.8359,10.0445,-25.483,-0.071,0.024,-0.348,4.69634,22.0,23.0,22.0,21.0,24.0,24.0,24.0,23.0,24.0,26.0,25.0,23.0,24.0,25.0,23.0,24.0,24.0,22.0,22.0,21.0,22.0,21.0,21.0,22.0,21.0,22.0,21.0,22.0,21.0,21.0,21.0,22.0,22.0,23.0,20.0,22.0,23.0,21.0,10.0,retract,9,9,2.7015
1787153791.8882,2026-08-19 17:36:31.888,10,c3,0,0,-0.03814,-0.49683,0.04954,-3.8279,10.173,-25.1999,-0.0733,0.025,-0.3492,4.68753,22.0,25.0,24.0,20.0,25.0,28.0,23.0,24.0,22.0,26.0,24.0,22.0,22.0,26.0,23.0,23.0,25.0,24.0,23.0,21.0,22.0,21.0,21.0,22.0,21.0,22.0,21.0,22.0,21.0,21.0,21.0,22.0,22.0,23.0,20.0,22.0,23.0,21.0,10.0,retract,9,9,2.7799
1787153791.9384,2026-08-19 17:36:31.938,10,c3,0,0,-0.03814,-0.49682,0.04959,-3.8667,9.8119,-25.1304,-0.0654,0.0203,-0.3505,4.68979,22.0,25.0,24.0,20.0,25.0,28.0,23.0,24.0,22.0,26.0,24.0,22.0,22.0,26.0,23.0,23.0,25.0,24.0,23.0,21.0,22.0,21.0,21.0,22.0,21.0,22.0,21.0,22.0,21.0,21.0,21.0,22.0,22.0,23.0,20.0,22.0,23.0,21.0,10.0,retract,9,9,2.7597
1787153791.9885,2026-08-19 17:36:31.988,10,c3,0,0,-0.03813,-0.49682,0.04965,-3.9429,9.9024,-25.2308,-0.0668,0.0227,-0.3491,4.68501,21.0,24.0,25.0,21.0,24.0,28.0,24.0,22.0,24.0,24.0,24.0,22.0,24.0,27.0,22.0,24.0,26.0,23.0,22.0,21.0,22.0,21.0,21.0,22.0,21.0,22.0,21.0,22.0,21.0,21.0,21.0,22.0,22.0,23.0,20.0,22.0,23.0,21.0,10.0,retract,9,9,2.8023
1787153792.0386,2026-08-19 17:36:32.038,10,c3,0,0,-0.03814,-0.49682,0.04967,-3.7497,10.0134,-25.3501,-0.0704,0.0244,-0.3483,4.69004,21.0,24.0,24.0,20.0,24.0,26.0,24.0,24.0,23.0,23.0,27.0,23.0,24.0,24.0,23.0,23.0,23.0,24.0,23.0,21.0,22.0,21.0,21.0,22.0,21.0,22.0,21.0,22.0,21.0,21.0,21.0,22.0,22.0,23.0,20.0,22.0,23.0,21.0,10.0,post,9,9,2.7575
1787153792.0887,2026-08-19 17:36:32.088,10,c3,0,0,-0.03814,-0.49683,0.04972,-3.7784,9.9915,-25.3796,-0.0678,0.0258,-0.3497,4.69281,21.0,24.0,24.0,20.0,24.0,26.0,24.0,24.0,23.0,23.0,27.0,23.0,24.0,24.0,23.0,23.0,23.0,24.0,23.0,21.0,22.0,21.0,21.0,22.0,21.0,22.0,21.0,22.0,21.0,21.0,21.0,22.0,22.0,23.0,20.0,22.0,23.0,21.0,10.0,post,9,9,2.7329
1787153792.1389,2026-08-19 17:36:32.138,10,c3,0,0,-0.03816,-0.49682,0.04971,-3.9193,9.8996,-25.3516,-0.0669,0.0214,-0.3469,4.68979,22.0,23.0,22.0,22.0,23.0,24.0,26.0,22.0,24.0,23.0,25.0,21.0,24.0,24.0,24.0,22.0,24.0,24.0,23.0,21.0,22.0,21.0,21.0,22.0,21.0,22.0,21.0,22.0,21.0,21.0,21.0,22.0,22.0,23.0,20.0,22.0,23.0,21.0,10.0,post,9,9,2.7597
1787153792.1889,2026-08-19 17:36:32.188,10,c3,0,0,-0.03815,-0.49682,0.04972,-4.0756,9.8826,-25.4115,-0.0669,0.0166,-0.3495,4.69281,22.0,23.0,22.0,22.0,23.0,24.0,26.0,22.0,24.0,23.0,25.0,21.0,24.0,24.0,24.0,22.0,24.0,24.0,23.0,21.0,22.0,21.0,21.0,22.0,21.0,22.0,21.0,22.0,21.0,21.0,21.0,22.0,22.0,23.0,20.0,22.0,23.0,21.0,10.0,post,9,9,2.7329
1787153792.239,2026-08-19 17:36:32.239,10,c3,0,0,-0.03812,-0.49683,0.04972,-4.1057,10.5685,-25.2103,-0.0829,0.0155,-0.3539,4.68828,23.0,24.0,23.0,20.0,24.0,24.0,23.0,21.0,22.0,22.0,22.0,22.0,23.0,24.0,22.0,22.0,23.0,21.0,23.0,21.0,22.0,21.0,21.0,22.0,21.0,22.0,21.0,22.0,21.0,21.0,21.0,22.0,22.0,23.0,20.0,22.0,23.0,21.0,10.0,post,9,9,2.7732
1787153792.2892,2026-08-19 17:36:32.289,10,c3,0,0,-0.03815,-0.49682,0.04972,-4.0333,10.0139,-25.2285,-0.0683,0.017,-0.345,4.69609,23.0,24.0,23.0,20.0,24.0,24.0,23.0,21.0,22.0,22.0,22.0,22.0,23.0,24.0,22.0,22.0,23.0,21.0,23.0,21.0,22.0,21.0,21.0,22.0,21.0,22.0,21.0,22.0,21.0,21.0,21.0,22.0,22.0,23.0,20.0,22.0,23.0,21.0,10.0,post,9,9,2.7037
1787153792.3393,2026-08-19 17:36:32.339,10,c3,0,0,-0.03812,-0.49682,0.04972,-4.0894,10.1761,-25.1427,-0.0704,0.0162,-0.3505,4.69155,21.0,23.0,21.0,20.0,24.0,23.0,21.0,23.0,22.0,23.0,26.0,22.0,24.0,25.0,24.0,23.0,24.0,25.0,22.0,21.0,22.0,21.0,21.0,22.0,21.0,22.0,21.0,22.0,21.0,21.0,21.0,22.0,22.0,23.0,20.0,22.0,23.0,21.0,10.0,post,9,9,2.7441
1787153792.3895,2026-08-19 17:36:32.389,10,c3,0,0,-0.03813,-0.49682,0.04972,-4.3017,9.6642,-25.3037,-0.0631,0.0122,-0.3562,4.68753,23.0,22.0,22.0,21.0,23.0,24.0,23.0,22.0,21.0,24.0,24.0,22.0,23.0,24.0,23.0,23.0,23.0,23.0,23.0,21.0,22.0,21.0,21.0,22.0,21.0,22.0,21.0,22.0,21.0,21.0,21.0,22.0,22.0,23.0,20.0,22.0,23.0,21.0,10.0,post,9,9,2.7799
1787153792.4395,2026-08-19 17:36:32.439,10,c3,0,0,-0.03813,-0.49681,0.04971,-3.8558,10.1285,-25.4103,-0.0731,0.0187,-0.3535,4.69709,23.0,22.0,22.0,21.0,23.0,24.0,23.0,22.0,21.0,24.0,24.0,22.0,23.0,24.0,23.0,23.0,23.0,23.0,23.0,21.0,22.0,21.0,21.0,22.0,21.0,22.0,21.0,22.0,21.0,21.0,21.0,22.0,22.0,23.0,20.0,22.0,23.0,21.0,10.0,post,9,9,2.6948
1787153792.4896,2026-08-19 17:36:32.489,10,c3,0,0,-0.03815,-0.49681,0.04971,-4.2789,10.2727,-25.2546,-0.0782,0.0111,-0.3501,4.68627,23.0,22.0,22.0,21.0,23.0,23.0,22.0,23.0,22.0,23.0,24.0,24.0,24.0,23.0,20.0,23.0,24.0,21.0,21.0,21.0,22.0,21.0,21.0,22.0,21.0,22.0,21.0,22.0,21.0,21.0,21.0,22.0,22.0,23.0,20.0,22.0,23.0,21.0,10.0,post,9,9,2.7911
1787153792.5398,2026-08-19 17:36:32.539,10,c3,0,0,-0.03814,-0.49681,0.04971,-4.1759,10.2351,-25.3577,-0.0772,0.0157,-0.3446,4.69583,23.0,22.0,22.0,21.0,23.0,23.0,22.0,23.0,22.0,23.0,24.0,24.0,24.0,23.0,20.0,23.0,24.0,21.0,21.0,21.0,22.0,21.0,21.0,22.0,21.0,22.0,21.0,22.0,21.0,21.0,21.0,22.0,22.0,23.0,20.0,22.0,23.0,21.0,10.0,post,9,9,2.706
1787153792.5899,2026-08-19 17:36:32.589,10,c3,0,0,-0.03816,-0.49682,0.04973,-4.1562,10.3149,-25.2483,-0.0751,0.0135,-0.3514,4.69055,23.0,22.0,23.0,22.0,23.0,25.0,24.0,21.0,23.0,23.0,24.0,20.0,24.0,24.0,22.0,22.0,24.0,22.0,22.0,21.0,22.0,21.0,21.0,22.0,21.0,22.0,21.0,22.0,21.0,21.0,21.0,22.0,22.0,23.0,20.0,22.0,23.0,21.0,10.0,post,9,9,2.753
1787153792.6399,2026-08-19 17:36:32.639,10,c3,0,0,-0.03814,-0.49682,0.04973,-4.26,9.998,-25.3997,-0.0712,0.0123,-0.3522,4.68702,22.0,23.0,22.0,20.0,24.0,23.0,23.0,22.0,23.0,23.0,24.0,20.0,24.0,23.0,22.0,22.0,24.0,21.0,23.0,21.0,22.0,21.0,21.0,22.0,21.0,22.0,21.0,22.0,21.0,21.0,21.0,22.0,22.0,23.0,20.0,22.0,23.0,21.0,10.0,post,9,9,2.7844
1787153792.69,2026-08-19 17:36:32.690,10,c3,0,0,-0.03815,-0.49682,0.04972,-4.4006,10.3208,-25.1526,-0.0769,0.0072,-0.3611,4.68954,22.0,23.0,22.0,20.0,24.0,23.0,23.0,22.0,23.0,23.0,24.0,20.0,24.0,23.0,22.0,22.0,24.0,21.0,23.0,21.0,22.0,21.0,21.0,22.0,21.0,22.0,21.0,22.0,21.0,21.0,21.0,22.0,22.0,23.0,20.0,22.0,23.0,21.0,10.0,post,9,9,2.762
1787153792.7401,2026-08-19 17:36:32.740,10,c3,0,0,-0.03812,-0.49682,0.04971,-3.8814,9.9593,-25.2577,-0.0705,0.022,-0.3559,4.70011,21.0,22.0,23.0,21.0,24.0,24.0,23.0,23.0,22.0,24.0,24.0,22.0,25.0,25.0,23.0,23.0,25.0,24.0,22.0,21.0,22.0,21.0,21.0,22.0,21.0,22.0,21.0,22.0,21.0,21.0,21.0,22.0,22.0,23.0,20.0,22.0,23.0,21.0,10.0,post,9,9,2.6679
1787153792.7903,2026-08-19 17:36:32.790,10,c3,0,0,-0.03815,-0.49682,0.04972,-3.7334,9.9275,-25.4139,-0.0705,0.0271,-0.3538,4.69483,21.0,22.0,23.0,21.0,24.0,24.0,23.0,23.0,22.0,24.0,24.0,22.0,25.0,25.0,23.0,23.0,25.0,24.0,22.0,21.0,22.0,21.0,21.0,22.0,21.0,22.0,21.0,22.0,21.0,21.0,21.0,22.0,22.0,23.0,20.0,22.0,23.0,21.0,10.0,post,9,9,2.7149
1787153792.8404,2026-08-19 17:36:32.840,10,c3,0,0,-0.03815,-0.49681,0.0497,-4.1125,9.9679,-25.2951,-0.0692,0.0147,-0.3497,4.69835,22.0,23.0,23.0,22.0,23.0,25.0,25.0,24.0,21.0,23.0,25.0,22.0,23.0,24.0,23.0,25.0,24.0,22.0,26.0,21.0,22.0,21.0,21.0,22.0,21.0,22.0,21.0,22.0,21.0,21.0,21.0,22.0,22.0,23.0,20.0,22.0,23.0,21.0,10.0,post,9,9,2.6836
1787153792.8906,2026-08-19 17:36:32.890,10,c3,0,0,-0.03813,-0.49682,0.04971,-4.1125,10.0521,-25.1218,-0.0722,0.0177,-0.3509,4.69105,22.0,22.0,23.0,21.0,23.0,23.0,24.0,24.0,22.0,24.0,23.0,23.0,24.0,24.0,22.0,23.0,23.0,23.0,21.0,21.0,22.0,21.0,21.0,22.0,21.0,22.0,21.0,22.0,21.0,21.0,21.0,22.0,22.0,23.0,20.0,22.0,23.0,21.0,10.0,post,9,9,2.7485
1787153792.9407,2026-08-19 17:36:32.940,10,c3,0,0,-0.03812,-0.49681,0.04972,-4.1075,10.4918,-25.1099,-0.0803,0.0147,-0.3488,4.69306,22.0,22.0,23.0,21.0,23.0,23.0,24.0,24.0,22.0,24.0,23.0,23.0,24.0,24.0,22.0,23.0,23.0,23.0,21.0,21.0,22.0,21.0,21.0,22.0,21.0,22.0,21.0,22.0,21.0,21.0,21.0,22.0,22.0,23.0,20.0,22.0,23.0,21.0,10.0,post,9,9,2.7306
1787153792.9908,2026-08-19 17:36:32.990,10,c3,0,0,-0.03814,-0.49682,0.04971,-4.0526,10.3045,-25.197,-0.0766,0.0164,-0.3512,4.68199,22.0,24.0,24.0,21.0,24.0,25.0,23.0,23.0,23.0,22.0,25.0,22.0,22.0,23.0,23.0,23.0,22.0,24.0,23.0,21.0,22.0,21.0,21.0,22.0,21.0,22.0,21.0,22.0,21.0,21.0,21.0,22.0,22.0,23.0,20.0,22.0,23.0,21.0,10.0,post,9,9,2.8292
1787153793.0409,2026-08-19 17:36:33.040,10,c3,0,0,-0.03815,-0.49682,0.04971,-4.1249,9.9267,-25.2694,-0.0672,0.0156,-0.3488,4.69785,22.0,24.0,24.0,21.0,24.0,25.0,23.0,23.0,23.0,22.0,25.0,22.0,22.0,23.0,23.0,23.0,22.0,24.0,23.0,21.0,22.0,21.0,21.0,22.0,21.0,22.0,21.0,22.0,21.0,21.0,21.0,22.0,22.0,23.0,20.0,22.0,23.0,21.0,10.0,post,9,9,2.6881
1787153793.091,2026-08-19 17:36:33.091,10,c3,0,0,-0.03814,-0.49682,0.04972,-4.145,10.2325,-25.3011,-0.0727,0.013,-0.3497,4.68576,22.0,22.0,23.0,19.0,22.0,23.0,23.0,25.0,23.0,24.0,24.0,24.0,24.0,24.0,23.0,23.0,24.0,23.0,25.0,21.0,22.0,21.0,21.0,22.0,21.0,22.0,21.0,22.0,21.0,21.0,21.0,22.0,22.0,23.0,20.0,22.0,23.0,21.0,10.0,post,9,9,2.7956
1787153793.1411,2026-08-19 17:36:33.141,10,c3,0,0,-0.03813,-0.49681,0.04971,-4.0564,10.2636,-25.3689,-0.0774,0.0144,-0.3425,4.69709,24.0,23.0,24.0,22.0,24.0,26.0,24.0,23.0,22.0,24.0,24.0,21.0,23.0,25.0,21.0,23.0,25.0,23.0,23.0,21.0,22.0,21.0,21.0,22.0,21.0,22.0,21.0,22.0,21.0,21.0,21.0,22.0,22.0,23.0,20.0,22.0,23.0,21.0,10.0,post,9,9,2.6948
1787153793.1912,2026-08-19 17:36:33.191,10,c3,0,0,-0.03814,-0.49682,0.04973,-3.9581,10.1692,-25.1142,-0.0747,0.0196,-0.3434,4.68778,24.0,23.0,24.0,22.0,24.0,26.0,24.0,23.0,22.0,24.0,24.0,21.0,23.0,25.0,21.0,23.0,25.0,23.0,23.0,21.0,22.0,21.0,21.0,22.0,21.0,22.0,21.0,22.0,21.0,21.0,21.0,22.0,22.0,23.0,20.0,22.0,23.0,21.0,10.0,post,9,9,2.7777
1787153793.2413,2026-08-19 17:36:33.241,10,c3,0,0,-0.03814,-0.49682,0.04972,-4.0675,10.3605,-25.2419,-0.0791,0.0166,-0.3472,4.69357,22.0,23.0,24.0,22.0,23.0,24.0,24.0,22.0,22.0,25.0,23.0,22.0,24.0,25.0,21.0,24.0,25.0,24.0,23.0,21.0,22.0,21.0,21.0,22.0,21.0,22.0,21.0,22.0,21.0,21.0,21.0,22.0,22.0,23.0,20.0,22.0,23.0,21.0,10.0,post,9,9,2.7261
1787153793.2914,2026-08-19 17:36:33.291,10,c3,0,0,-0.03813,-0.49683,0.04973,-4.1605,10.0573,-25.3644,-0.0687,0.0151,-0.3501,4.6903,22.0,23.0,24.0,22.0,23.0,24.0,24.0,22.0,22.0,25.0,23.0,22.0,24.0,25.0,21.0,24.0,25.0,24.0,23.0,21.0,22.0,21.0,21.0,22.0,21.0,22.0,21.0,22.0,21.0,21.0,21.0,22.0,22.0,23.0,20.0,22.0,23.0,21.0,10.0,post,9,9,2.7553
1787153793.3416,2026-08-19 17:36:33.341,10,c3,0,0,-0.03814,-0.49681,0.04971,-4.0312,10.1347,-25.079,-0.0702,0.02,-0.3491,4.69684,21.0,22.0,24.0,20.0,22.0,25.0,24.0,23.0,25.0,24.0,23.0,20.0,25.0,25.0,21.0,22.0,26.0,21.0,22.0,21.0,22.0,21.0,21.0,22.0,21.0,22.0,21.0,22.0,21.0,21.0,21.0,22.0,22.0,23.0,20.0,22.0,23.0,21.0,10.0,post,9,9,2.697
1787153793.3917,2026-08-19 17:36:33.391,10,c3,0,0,-0.03814,-0.49681,0.04971,-4.0325,10.2108,-25.1185,-0.0724,0.0192,-0.352,4.69382,21.0,22.0,24.0,20.0,22.0,25.0,24.0,23.0,25.0,24.0,23.0,20.0,25.0,25.0,21.0,22.0,26.0,21.0,22.0,21.0,22.0,21.0,21.0,22.0,21.0,22.0,21.0,22.0,21.0,21.0,21.0,22.0,22.0,23.0,20.0,22.0,23.0,21.0,10.0,post,9,9,2.7239
1787153793.4418,2026-08-19 17:36:33.441,10,c3,0,0,-0.03814,-0.49681,0.04971,-3.9489,9.9661,-25.3786,-0.0705,0.024,-0.3446,4.69306,21.0,23.0,23.0,19.0,24.0,24.0,22.0,23.0,23.0,24.0,24.0,23.0,23.0,25.0,23.0,22.0,24.0,23.0,23.0,21.0,22.0,21.0,21.0,22.0,21.0,22.0,21.0,22.0,21.0,21.0,21.0,22.0,22.0,23.0,20.0,22.0,23.0,21.0,10.0,post,9,9,2.7306
1787153793.4919,2026-08-19 17:36:33.491,10,c3,0,0,-0.03815,-0.49681,0.04972,-4.0864,10.2764,-25.411,-0.0726,0.0181,-0.3491,4.68803,22.0,23.0,23.0,22.0,24.0,24.0,23.0,25.0,24.0,23.0,25.0,24.0,25.0,23.0,22.0,23.0,24.0,22.0,24.0,21.0,22.0,21.0,21.0,22.0,21.0,22.0,21.0,22.0,21.0,21.0,21.0,22.0,22.0,23.0,20.0,22.0,23.0,21.0,10.0,post,9,9,2.7754
1787153793.542,2026-08-19 17:36:33.541,10,c3,0,0,-0.03814,-0.49682,0.04972,-4.1153,10.2045,-25.3404,-0.0705,0.0159,-0.3484,4.70037,22.0,23.0,23.0,22.0,24.0,24.0,23.0,25.0,24.0,23.0,25.0,24.0,25.0,23.0,22.0,23.0,24.0,22.0,24.0,21.0,22.0,21.0,21.0,22.0,21.0,22.0,21.0,22.0,21.0,21.0,21.0,22.0,22.0,23.0,20.0,22.0,23.0,21.0,10.0,post,9,9,2.6657
1787153793.5921,2026-08-19 17:36:33.592,10,c3,0,0,-0.03813,-0.49681,0.04971,-4.0724,10.2281,-25.2818,-0.0738,0.0201,-0.356,4.68828,23.0,23.0,24.0,22.0,24.0,24.0,23.0,24.0,23.0,23.0,25.0,22.0,25.0,24.0,24.0,22.0,26.0,22.0,23.0,21.0,22.0,21.0,21.0,22.0,21.0,22.0,21.0,22.0,21.0,21.0,21.0,22.0,22.0,23.0,20.0,22.0,23.0,21.0,10.0,post,9,9,2.7732
1787153793.6422,2026-08-19 17:36:33.642,10,c3,0,0,-0.03814,-0.49683,0.04972,-3.8492,9.9139,-25.3353,-0.0654,0.0248,-0.35,4.69583,23.0,23.0,24.0,22.0,24.0,24.0,23.0,24.0,23.0,23.0,25.0,22.0,25.0,24.0,24.0,22.0,26.0,22.0,23.0,21.0,22.0,21.0,21.0,22.0,21.0,22.0,21.0,22.0,21.0,21.0,21.0,22.0,22.0,23.0,20.0,22.0,23.0,21.0,10.0,post,9,9,2.706
1787153793.6923,2026-08-19 17:36:33.692,10,c3,0,0,-0.03813,-0.4968,0.0497,-4.2213,10.1895,-25.3563,-0.0753,0.0139,-0.3489,4.69155,23.0,23.0,23.0,20.0,24.0,24.0,24.0,23.0,23.0,24.0,25.0,22.0,24.0,26.0,23.0,23.0,26.0,24.0,24.0,21.0,22.0,21.0,21.0,22.0,21.0,22.0,21.0,22.0,21.0,21.0,21.0,22.0,22.0,23.0,20.0,22.0,23.0,21.0,10.0,post,9,9,2.7441
1787153793.7424,2026-08-19 17:36:33.742,10,c3,0,0,-0.03815,-0.49681,0.04971,-4.1232,9.9636,-25.2678,-0.0702,0.0186,-0.3487,4.69155,22.0,24.0,23.0,22.0,24.0,25.0,23.0,22.0,23.0,24.0,24.0,21.0,24.0,24.0,23.0,23.0,25.0,23.0,23.0,21.0,22.0,21.0,21.0,22.0,21.0,22.0,21.0,22.0,21.0,21.0,21.0,22.0,22.0,23.0,20.0,22.0,23.0,21.0,10.0,post,9,9,2.7441
1787153793.7925,2026-08-19 17:36:33.792,10,c3,0,0,-0.03811,-0.49681,0.0497,-3.9755,10.1368,-25.1242,-0.0764,0.0227,-0.3461,4.69155,22.0,24.0,23.0,22.0,24.0,25.0,23.0,22.0,23.0,24.0,24.0,21.0,24.0,24.0,23.0,23.0,25.0,23.0,23.0,21.0,22.0,21.0,21.0,22.0,21.0,22.0,21.0,22.0,21.0,21.0,21.0,22.0,22.0,23.0,20.0,22.0,23.0,21.0,10.0,post,9,9,2.7441
1787153793.8426,2026-08-19 17:36:33.842,10,c3,0,0,-0.03814,-0.49681,0.04971,-4.5812,10.3304,-25.2233,-0.079,0.0037,-0.3605,4.6908,23.0,22.0,22.0,20.0,23.0,24.0,23.0,23.0,23.0,22.0,24.0,22.0,25.0,23.0,23.0,23.0,24.0,23.0,23.0,21.0,22.0,21.0,21.0,22.0,21.0,22.0,21.0,22.0,21.0,21.0,21.0,22.0,22.0,23.0,20.0,22.0,23.0,21.0,10.0,post,9,9,2.7508
1787153793.8927,2026-08-19 17:36:33.892,10,c3,0,0,-0.03813,-0.49681,0.04971,-4.2186,10.3648,-25.3456,-0.0786,0.0117,-0.3532,4.69004,23.0,22.0,22.0,20.0,23.0,24.0,23.0,23.0,23.0,22.0,24.0,22.0,25.0,23.0,23.0,23.0,24.0,23.0,23.0,21.0,22.0,21.0,21.0,22.0,21.0,22.0,21.0,22.0,21.0,21.0,21.0,22.0,22.0,23.0,20.0,22.0,23.0,21.0,10.0,post,9,9,2.7575
1787153793.9429,2026-08-19 17:36:33.942,10,c3,0,0,-0.03814,-0.49681,0.04971,-3.6621,9.9267,-25.3487,-0.067,0.025,-0.3529,4.68602,22.0,25.0,21.0,21.0,24.0,23.0,24.0,24.0,24.0,23.0,24.0,23.0,25.0,24.0,22.0,23.0,24.0,22.0,23.0,21.0,22.0,21.0,21.0,22.0,21.0,22.0,21.0,22.0,21.0,21.0,21.0,22.0,22.0,23.0,20.0,22.0,23.0,21.0,10.0,post,9,9,2.7933
1787153793.993,2026-08-19 17:36:33.993,10,c3,0,0,-0.03814,-0.49681,0.04971,-4.1319,9.6623,-25.4401,-0.0619,0.0153,-0.348,4.69231,22.0,24.0,24.0,20.0,25.0,25.0,23.0,22.0,23.0,26.0,25.0,22.0,25.0,26.0,23.0,23.0,26.0,24.0,23.0,21.0,22.0,21.0,21.0,22.0,21.0,22.0,21.0,22.0,21.0,21.0,21.0,22.0,22.0,23.0,20.0,22.0,23.0,21.0,10.0,post,9,9,2.7373
