timestamp,datetime,ur5_point,ur5_label,ur5_pressing,ur5_done,tcp_x,tcp_y,tcp_z,fx,fy,fz,tx,ty,tz,ai0,cell_1,cell_2,cell_3,cell_4,cell_5,cell_6,cell_7,cell_8,cell_9,cell_10,cell_11,cell_12,cell_13,cell_14,cell_15,cell_16,cell_17,cell_18,cell_19,calib_1,calib_2,calib_3,calib_4,calib_5,calib_6,calib_7,calib_8,calib_9,calib_10,calib_11,calib_12,calib_13,calib_14,calib_15,calib_16,calib_17,calib_18,calib_19,depth_mm,phase,round_idx,sample_idx,load_cell_N
1787152249.16,2026-08-19 17:10:49.159,,,0,0,-0.03945,-0.49596,0.08088,-4.6202,10.5151,-23.8078,-0.0789,0.004,-0.2573,4.69357,20.0,20.0,22.0,21.0,22.0,22.0,21.0,21.0,22.0,23.0,21.0,22.0,22.0,21.0,21.0,20.0,20.0,22.0,20.0,21.0,22.0,21.0,21.0,22.0,22.0,22.0,22.0,21.0,22.0,22.0,21.0,22.0,21.0,21.0,21.0,21.0,22.0,21.0,0.0,,-1,-1,2.7261
1787152249.2102,2026-08-19 17:10:49.210,,,0,0,-0.03944,-0.49595,0.08084,-4.3914,10.4432,-24.2142,-0.0769,0.0102,-0.2555,4.69432,21.0,22.0,21.0,20.0,23.0,23.0,22.0,22.0,21.0,24.0,22.0,21.0,22.0,22.0,21.0,20.0,24.0,21.0,20.0,21.0,22.0,21.0,21.0,22.0,22.0,22.0,22.0,21.0,22.0,22.0,21.0,22.0,21.0,21.0,21.0,21.0,22.0,21.0,0.0,,-1,-1,2.7194
1787152249.2603,2026-08-19 17:10:49.260,,,0,0,-0.03942,-0.49595,0.08084,-4.6087,10.3473,-24.0676,-0.0801,0.0067,-0.2569,4.68904,21.0,22.0,21.0,20.0,23.0,23.0,22.0,22.0,21.0,24.0,22.0,21.0,22.0,22.0,21.0,20.0,24.0,21.0,20.0,21.0,22.0,21.0,21.0,22.0,22.0,22.0,22.0,21.0,22.0,22.0,21.0,22.0,21.0,21.0,21.0,21.0,22.0,21.0,0.0,,-1,-1,2.7665
1787152249.3105,2026-08-19 17:10:49.310,,,0,0,-0.03942,-0.49598,0.08087,-3.9636,9.7255,-24.266,-0.0608,0.0231,-0.247,4.69181,20.0,22.0,23.0,20.0,22.0,24.0,20.0,21.0,20.0,24.0,23.0,21.0,20.0,22.0,22.0,20.0,22.0,21.0,20.0,21.0,22.0,21.0,21.0,22.0,22.0,22.0,22.0,21.0,22.0,22.0,21.0,22.0,21.0,21.0,21.0,21.0,22.0,21.0,0.0,,-1,-1,2.7418
1787152249.3606,2026-08-19 17:10:49.360,,,0,0,-0.03944,-0.49601,0.08087,-4.105,9.9519,-24.053,-0.0729,0.0177,-0.2445,4.69155,20.0,22.0,23.0,20.0,22.0,24.0,20.0,21.0,20.0,24.0,23.0,21.0,20.0,22.0,22.0,20.0,22.0,21.0,20.0,21.0,22.0,21.0,21.0,22.0,22.0,22.0,22.0,21.0,22.0,22.0,21.0,22.0,21.0,21.0,21.0,21.0,22.0,21.0,0.0,,-1,-1,2.7441
1787152249.4108,2026-08-19 17:10:49.410,,,0,0,-0.03944,-0.49601,0.08089,-4.3855,10.2835,-24.1938,-0.0752,0.0089,-0.2568,4.69382,19.0,20.0,22.0,21.0,20.0,23.0,22.0,21.0,19.0,24.0,21.0,21.0,20.0,23.0,22.0,21.0,23.0,21.0,20.0,21.0,22.0,21.0,21.0,22.0,22.0,22.0,22.0,21.0,22.0,22.0,21.0,22.0,21.0,21.0,21.0,21.0,22.0,21.0,0.0,,-1,-1,2.7239
1787152249.4609,2026-08-19 17:10:49.460,,,0,0,-0.03944,-0.496,0.08089,-4.5335,10.307,-24.3424,-0.0736,0.0081,-0.2601,4.69432,19.0,20.0,22.0,20.0,20.0,25.0,21.0,22.0,20.0,24.0,22.0,22.0,19.0,22.0,22.0,22.0,22.0,21.0,22.0,21.0,22.0,21.0,21.0,22.0,22.0,22.0,22.0,21.0,22.0,22.0,21.0,22.0,21.0,21.0,21.0,21.0,22.0,21.0,0.0,,-1,-1,2.7194
1787152249.511,2026-08-19 17:10:49.511,,,0,0,-0.03943,-0.49601,0.0809,-4.465,10.1507,-24.1893,-0.071,0.0057,-0.251,4.68954,19.0,20.0,22.0,20.0,20.0,25.0,21.0,22.0,20.0,24.0,22.0,22.0,19.0,22.0,22.0,22.0,22.0,21.0,22.0,21.0,22.0,21.0,21.0,22.0,22.0,22.0,22.0,21.0,22.0,22.0,21.0,22.0,21.0,21.0,21.0,21.0,22.0,21.0,0.0,,-1,-1,2.762
1787152249.5611,2026-08-19 17:10:49.561,,,0,0,-0.03943,-0.496,0.08091,-4.7807,10.3214,-23.9563,-0.0752,0.0002,-0.2536,4.69231,21.0,19.0,22.0,21.0,20.0,23.0,21.0,21.0,20.0,23.0,23.0,20.0,21.0,22.0,22.0,18.0,22.0,22.0,19.0,21.0,22.0,21.0,21.0,22.0,22.0,22.0,22.0,21.0,22.0,22.0,21.0,22.0,21.0,21.0,21.0,21.0,22.0,21.0,0.0,,-1,-1,2.7373
1787152249.6112,2026-08-19 17:10:49.611,,,0,0,-0.03943,-0.49602,0.08091,-4.6987,10.2676,-24.1002,-0.0809,0.0014,-0.2581,4.68551,21.0,19.0,22.0,21.0,20.0,23.0,21.0,21.0,20.0,23.0,23.0,20.0,21.0,22.0,22.0,18.0,22.0,22.0,19.0,21.0,22.0,21.0,21.0,22.0,22.0,22.0,22.0,21.0,22.0,22.0,21.0,22.0,21.0,21.0,21.0,21.0,22.0,21.0,0.0,,-1,-1,2.7978
1787152249.6613,2026-08-19 17:10:49.661,,,0,0,-0.03944,-0.49602,0.08091,-4.7112,10.436,-24.0595,-0.0801,0.002,-0.2545,4.6976,19.0,20.0,21.0,19.0,21.0,23.0,22.0,20.0,20.0,22.0,21.0,20.0,21.0,21.0,21.0,19.0,22.0,20.0,19.0,21.0,22.0,21.0,21.0,22.0,22.0,22.0,22.0,21.0,22.0,22.0,21.0,22.0,21.0,21.0,21.0,21.0,22.0,21.0,0.0,,-1,-1,2.6903
1787152249.7114,2026-08-19 17:10:49.711,,,0,0,-0.03943,-0.496,0.0809,-4.4985,9.9923,-23.8276,-0.0706,0.0095,-0.2482,4.68576,20.0,19.0,21.0,20.0,22.0,21.0,21.0,19.0,20.0,22.0,21.0,19.0,20.0,20.0,21.0,19.0,20.0,20.0,19.0,21.0,22.0,21.0,21.0,22.0,22.0,22.0,22.0,21.0,22.0,22.0,21.0,22.0,21.0,21.0,21.0,21.0,22.0,21.0,0.0,,-1,-1,2.7956
1787152249.7615,2026-08-19 17:10:49.761,,,0,0,-0.03943,-0.49601,0.08091,-4.6226,10.2721,-24.1926,-0.0714,0.0043,-0.2563,4.69382,20.0,19.0,21.0,20.0,22.0,21.0,21.0,19.0,20.0,22.0,21.0,19.0,20.0,20.0,21.0,19.0,20.0,20.0,19.0,21.0,22.0,21.0,21.0,22.0,22.0,22.0,22.0,21.0,22.0,22.0,21.0,22.0,21.0,21.0,21.0,21.0,22.0,21.0,0.0,,-1,-1,2.7239
1787152249.8116,2026-08-19 17:10:49.811,,,0,0,-0.03943,-0.496,0.08092,-4.6544,10.1961,-24.2812,-0.0722,0.005,-0.2553,4.68954,18.0,19.0,21.0,18.0,20.0,22.0,21.0,21.0,20.0,23.0,22.0,21.0,21.0,22.0,21.0,21.0,20.0,21.0,22.0,21.0,22.0,21.0,21.0,22.0,22.0,22.0,22.0,21.0,22.0,22.0,21.0,22.0,21.0,21.0,21.0,21.0,22.0,21.0,0.0,,-1,-1,2.762
1787152249.8616,2026-08-19 17:10:49.861,,,0,0,-0.03944,-0.49602,0.08091,-4.219,10.4522,-24.1162,-0.081,0.0114,-0.2513,4.69735,18.0,19.0,21.0,18.0,20.0,22.0,21.0,21.0,20.0,23.0,22.0,21.0,21.0,22.0,21.0,21.0,20.0,21.0,22.0,21.0,22.0,21.0,21.0,22.0,22.0,22.0,22.0,21.0,22.0,22.0,21.0,22.0,21.0,21.0,21.0,21.0,22.0,21.0,0.0,,-1,-1,2.6925
1787152249.9117,2026-08-19 17:10:49.911,,,0,0,-0.03944,-0.49601,0.08091,-4.5691,10.4853,-24.2368,-0.0822,0.0037,-0.2498,4.68803,20.0,20.0,20.0,20.0,22.0,21.0,22.0,20.0,19.0,23.0,23.0,20.0,20.0,22.0,21.0,19.0,23.0,21.0,20.0,21.0,22.0,21.0,21.0,22.0,22.0,22.0,22.0,21.0,22.0,22.0,21.0,22.0,21.0,21.0,21.0,21.0,22.0,21.0,0.0,,-1,-1,2.7754
1787152249.9618,2026-08-19 17:10:49.961,,,0,0,-0.03945,-0.49601,0.0809,-4.4764,10.1337,-24.3201,-0.0707,0.007,-0.2546,4.69181,19.0,19.0,21.0,18.0,19.0,22.0,22.0,18.0,19.0,23.0,21.0,18.0,19.0,22.0,20.0,17.0,22.0,20.0,18.0,21.0,22.0,21.0,21.0,22.0,22.0,22.0,22.0,21.0,22.0,22.0,21.0,22.0,21.0,21.0,21.0,21.0,22.0,21.0,0.0,,-1,-1,2.7418
1787152250.0119,2026-08-19 17:10:50.011,,,0,0,-0.03944,-0.49602,0.08092,-4.7979,10.5503,-23.9912,-0.0814,-0.0009,-0.261,4.69382,19.0,19.0,21.0,18.0,19.0,22.0,22.0,18.0,19.0,23.0,21.0,18.0,19.0,22.0,20.0,17.0,22.0,20.0,18.0,21.0,22.0,21.0,21.0,22.0,22.0,22.0,22.0,21.0,22.0,22.0,21.0,22.0,21.0,21.0,21.0,21.0,22.0,21.0,0.0,,-1,-1,2.7239
1787152250.062,2026-08-19 17:10:50.061,,,0,0,-0.03945,-0.49601,0.08092,-4.5364,10.423,-24.2586,-0.0783,0.0034,-0.2557,4.684,17.0,18.0,21.0,17.0,20.0,22.0,21.0,18.0,18.0,23.0,23.0,18.0,19.0,22.0,21.0,17.0,22.0,21.0,19.0,21.0,22.0,21.0,21.0,22.0,22.0,22.0,22.0,21.0,22.0,22.0,21.0,22.0,21.0,21.0,21.0,21.0,22.0,21.0,0.0,,-1,-1,2.8113
1787152250.1121,2026-08-19 17:10:50.112,,,0,0,-0.03943,-0.49601,0.08092,-4.7829,10.3976,-24.1913,-0.0774,0.0001,-0.2663,4.70087,17.0,18.0,21.0,17.0,20.0,22.0,21.0,18.0,18.0,23.0,23.0,18.0,19.0,22.0,21.0,17.0,22.0,21.0,19.0,21.0,22.0,21.0,21.0,22.0,22.0,22.0,22.0,21.0,22.0,22.0,21.0,22.0,21.0,21.0,21.0,21.0,22.0,21.0,0.0,,-1,-1,2.6612
1787152250.1622,2026-08-19 17:10:50.162,,,0,0,-0.03944,-0.49602,0.08091,-4.4176,10.2987,-24.1583,-0.075,0.0087,-0.2532,4.68677,16.0,17.0,21.0,17.0,17.0,23.0,22.0,21.0,18.0,23.0,21.0,20.0,20.0,22.0,21.0,19.0,22.0,22.0,22.0,21.0,22.0,21.0,21.0,22.0,22.0,22.0,22.0,21.0,22.0,22.0,21.0,22.0,21.0,21.0,21.0,21.0,22.0,21.0,0.0,,-1,-1,2.7866
1787152250.2124,2026-08-19 17:10:50.212,,,0,0,-0.03943,-0.49601,0.0809,-4.6332,10.1758,-24.3291,-0.075,0.0017,-0.2531,4.69432,16.0,17.0,21.0,17.0,17.0,23.0,22.0,21.0,18.0,23.0,21.0,20.0,20.0,22.0,21.0,19.0,22.0,22.0,22.0,21.0,22.0,21.0,21.0,22.0,22.0,22.0,22.0,21.0,22.0,22.0,21.0,22.0,21.0,21.0,21.0,21.0,22.0,21.0,0.0,,-1,-1,2.7194
1787152250.2625,2026-08-19 17:10:50.262,,,0,0,-0.03945,-0.49601,0.0809,-4.9197,10.5483,-24.0837,-0.0776,-0.0044,-0.2597,4.68904,21.0,17.0,22.0,20.0,19.0,23.0,21.0,20.0,18.0,21.0,21.0,19.0,19.0,21.0,21.0,18.0,21.0,21.0,19.0,21.0,22.0,21.0,21.0,22.0,22.0,22.0,22.0,21.0,22.0,22.0,21.0,22.0,21.0,21.0,21.0,21.0,22.0,21.0,0.0,,-1,-1,2.7665
1787152250.3127,2026-08-19 17:10:50.312,,,0,0,-0.03944,-0.49599,0.08089,-4.6109,10.8074,-24.1728,-0.089,0.0051,-0.2545,4.69634,20.0,19.0,22.0,20.0,19.0,22.0,22.0,22.0,22.0,20.0,22.0,21.0,22.0,21.0,23.0,21.0,21.0,22.0,22.0,21.0,22.0,21.0,21.0,22.0,22.0,22.0,22.0,21.0,22.0,22.0,21.0,22.0,21.0,21.0,21.0,21.0,22.0,21.0,0.0,,-1,-1,2.7015
1787152250.3629,2026-08-19 17:10:50.362,,,0,0,-0.03945,-0.49602,0.08092,-4.3891,10.0341,-24.1093,-0.0691,0.0102,-0.2525,4.68929,20.0,19.0,22.0,20.0,19.0,22.0,22.0,22.0,22.0,20.0,22.0,21.0,22.0,21.0,23.0,21.0,21.0,22.0,22.0,21.0,22.0,21.0,21.0,22.0,22.0,22.0,22.0,21.0,22.0,22.0,21.0,22.0,21.0,21.0,21.0,21.0,22.0,21.0,0.0,,-1,-1,2.7642
1787152250.413,2026-08-19 17:10:50.413,,,0,0,-0.03942,-0.49601,0.08092,-4.5526,10.2667,-24.2146,-0.0723,0.009,-0.2509,4.6981,19.0,20.0,21.0,19.0,22.0,22.0,22.0,20.0,20.0,22.0,21.0,19.0,20.0,20.0,20.0,17.0,21.0,21.0,19.0,21.0,22.0,21.0,21.0,22.0,22.0,22.0,22.0,21.0,22.0,22.0,21.0,22.0,21.0,21.0,21.0,21.0,22.0,21.0,0.0,,-1,-1,2.6858
1787152250.4631,2026-08-19 17:10:50.463,,,0,0,-0.03946,-0.49601,0.08091,-4.6726,10.4121,-24.3441,-0.0798,0.003,-0.2501,4.69231,19.0,20.0,21.0,19.0,22.0,22.0,22.0,20.0,20.0,22.0,21.0,19.0,20.0,20.0,20.0,17.0,21.0,21.0,19.0,21.0,22.0,21.0,21.0,22.0,22.0,22.0,22.0,21.0,22.0,22.0,21.0,22.0,21.0,21.0,21.0,21.0,22.0,21.0,0.0,,-1,-1,2.7373
1787152250.5132,2026-08-19 17:10:50.513,,,0,0,-0.03943,-0.49601,0.0809,-4.6008,10.118,-24.0399,-0.0685,0.0045,-0.2535,4.69583,19.0,19.0,20.0,19.0,21.0,21.0,21.0,18.0,19.0,22.0,22.0,19.0,20.0,21.0,22.0,17.0,20.0,21.0,18.0,21.0,22.0,21.0,21.0,22.0,22.0,22.0,22.0,21.0,22.0,22.0,21.0,22.0,21.0,21.0,21.0,21.0,22.0,21.0,0.0,,-1,-1,2.706
1787152250.5633,2026-08-19 17:10:50.563,,,0,0,-0.03943,-0.496,0.0809,-4.4915,10.3864,-24.2686,-0.0753,0.0101,-0.2543,4.6903,18.0,20.0,22.0,17.0,20.0,23.0,22.0,21.0,20.0,22.0,22.0,21.0,21.0,21.0,20.0,20.0,21.0,21.0,20.0,21.0,22.0,21.0,21.0,22.0,22.0,22.0,22.0,21.0,22.0,22.0,21.0,22.0,21.0,21.0,21.0,21.0,22.0,21.0,0.0,,-1,-1,2.7553
1787152250.6134,2026-08-19 17:10:50.613,,,0,0,-0.03943,-0.496,0.0809,-4.5555,10.2307,-24.2668,-0.0712,0.0061,-0.2549,4.6903,18.0,20.0,22.0,17.0,20.0,23.0,22.0,21.0,20.0,22.0,22.0,21.0,21.0,21.0,20.0,20.0,21.0,21.0,20.0,21.0,22.0,21.0,21.0,22.0,22.0,22.0,22.0,21.0,22.0,22.0,21.0,22.0,21.0,21.0,21.0,21.0,22.0,21.0,0.0,,-1,-1,2.7553
1787152250.6636,2026-08-19 17:10:50.663,,,0,0,-0.03947,-0.49601,0.08092,-4.6703,10.2421,-24.0843,-0.0758,0.0023,-0.2592,4.69105,20.0,20.0,21.0,20.0,21.0,21.0,21.0,22.0,18.0,23.0,22.0,21.0,20.0,21.0,22.0,21.0,21.0,21.0,20.0,21.0,22.0,21.0,21.0,22.0,22.0,22.0,22.0,21.0,22.0,22.0,21.0,22.0,21.0,21.0,21.0,21.0,22.0,21.0,0.0,,-1,-1,2.7485
1787152250.7137,2026-08-19 17:10:50.713,,,0,0,-0.03944,-0.496,0.0809,-4.8675,10.4275,-24.0852,-0.0774,-0.0025,-0.2649,4.69458,20.0,20.0,21.0,20.0,21.0,21.0,21.0,22.0,18.0,23.0,22.0,21.0,20.0,21.0,22.0,21.0,21.0,21.0,20.0,21.0,22.0,21.0,21.0,22.0,22.0,22.0,22.0,21.0,22.0,22.0,21.0,22.0,21.0,21.0,21.0,21.0,22.0,21.0,0.0,,-1,-1,2.7172
1787152250.7639,2026-08-19 17:10:50.763,,,0,0,-0.03945,-0.49601,0.08091,-4.9446,10.3649,-23.9508,-0.0813,-0.0022,-0.2593,4.68778,20.0,18.0,22.0,20.0,18.0,22.0,21.0,19.0,19.0,23.0,22.0,20.0,20.0,22.0,21.0,20.0,22.0,22.0,20.0,21.0,22.0,21.0,21.0,22.0,22.0,22.0,22.0,21.0,22.0,22.0,21.0,22.0,21.0,21.0,21.0,21.0,22.0,21.0,0.0,,-1,-1,2.7777
1787152250.8141,2026-08-19 17:10:50.814,10,c3,0,0,-0.03945,-0.496,0.0809,-4.673,10.3069,-24.043,-0.0772,0.0001,-0.2559,4.6976,20.0,19.0,22.0,18.0,20.0,23.0,22.0,19.0,21.0,23.0,21.0,19.0,21.0,23.0,20.0,19.0,23.0,20.0,20.0,21.0,22.0,21.0,21.0,22.0,22.0,22.0,22.0,21.0,22.0,22.0,21.0,22.0,21.0,21.0,21.0,21.0,22.0,21.0,10.0,locate,0,0,2.6903
1787152250.8642,2026-08-19 17:10:50.864,10,c3,0,0,-0.03942,-0.49602,0.08041,-5.1391,10.4382,-23.8803,-0.0804,-0.0051,-0.2572,4.69281,20.0,19.0,22.0,18.0,20.0,23.0,22.0,19.0,21.0,23.0,21.0,19.0,21.0,23.0,20.0,19.0,23.0,20.0,20.0,21.0,22.0,21.0,21.0,22.0,22.0,22.0,22.0,21.0,22.0,22.0,21.0,22.0,21.0,21.0,21.0,21.0,22.0,21.0,10.0,locate,0,0,2.7329
1787152250.9142,2026-08-19 17:10:50.914,10,c3,0,0,-0.03944,-0.49602,0.07926,-4.6433,10.1756,-23.9462,-0.0735,0.0031,-0.2484,4.69609,18.0,19.0,22.0,17.0,20.0,24.0,20.0,21.0,19.0,24.0,22.0,21.0,21.0,22.0,21.0,20.0,22.0,20.0,22.0,21.0,22.0,21.0,21.0,22.0,22.0,22.0,22.0,21.0,22.0,22.0,21.0,22.0,21.0,21.0,21.0,21.0,22.0,21.0,10.0,locate,0,0,2.7037
1787152250.9643,2026-08-19 17:10:50.964,10,c3,0,0,-0.03945,-0.49605,0.07731,-4.7846,10.3589,-23.9823,-0.075,-0.0013,-0.2542,4.68853,18.0,19.0,22.0,17.0,20.0,24.0,20.0,21.0,19.0,24.0,22.0,21.0,21.0,22.0,21.0,20.0,22.0,20.0,22.0,21.0,22.0,21.0,21.0,22.0,22.0,22.0,22.0,21.0,22.0,22.0,21.0,22.0,21.0,21.0,21.0,21.0,22.0,21.0,10.0,locate,0,0,2.7709
1787152251.0144,2026-08-19 17:10:51.014,10,c3,0,0,-0.03944,-0.49605,0.07491,-4.3315,10.2271,-23.9676,-0.0789,0.0133,-0.2439,4.69735,21.0,19.0,22.0,20.0,20.0,22.0,22.0,20.0,19.0,20.0,22.0,21.0,20.0,20.0,22.0,18.0,20.0,21.0,20.0,21.0,22.0,21.0,21.0,22.0,22.0,22.0,22.0,21.0,22.0,22.0,21.0,22.0,21.0,21.0,21.0,21.0,22.0,21.0,10.0,locate,0,0,2.6925
1787152251.0644,2026-08-19 17:10:51.064,10,c3,0,0,-0.03943,-0.49602,0.07207,-4.4918,10.4148,-24.2414,-0.074,0.0045,-0.2508,4.68199,19.0,18.0,20.0,19.0,20.0,20.0,21.0,20.0,19.0,23.0,22.0,20.0,19.0,21.0,22.0,19.0,21.0,21.0,20.0,21.0,22.0,21.0,21.0,22.0,22.0,22.0,22.0,21.0,22.0,22.0,21.0,22.0,21.0,21.0,21.0,21.0,22.0,21.0,10.0,locate,0,0,2.8292
1787152251.1145,2026-08-19 17:10:51.114,10,c3,0,0,-0.03943,-0.496,0.06964,-4.6755,10.1375,-24.096,-0.072,0.0045,-0.2548,4.69306,19.0,18.0,20.0,19.0,20.0,20.0,21.0,20.0,19.0,23.0,22.0,20.0,19.0,21.0,22.0,19.0,21.0,21.0,20.0,21.0,22.0,21.0,21.0,22.0,22.0,22.0,22.0,21.0,22.0,22.0,21.0,22.0,21.0,21.0,21.0,21.0,22.0,21.0,10.0,locate,0,0,2.7306
1787152251.1646,2026-08-19 17:10:51.164,10,c3,0,0,-0.03944,-0.49601,0.0672,-4.8997,10.1946,-24.0068,-0.0749,-0.0035,-0.2462,4.69483,18.0,20.0,22.0,19.0,21.0,22.0,22.0,22.0,21.0,23.0,21.0,21.0,21.0,20.0,22.0,20.0,21.0,21.0,22.0,21.0,22.0,21.0,21.0,22.0,22.0,22.0,22.0,21.0,22.0,22.0,21.0,22.0,21.0,21.0,21.0,21.0,22.0,21.0,10.0,locate,0,0,2.7149
1787152251.2147,2026-08-19 17:10:51.214,10,c3,0,0,-0.03945,-0.49605,0.06488,-4.6071,10.0176,-24.0431,-0.0709,0.0062,-0.2522,4.69936,18.0,20.0,22.0,19.0,21.0,22.0,22.0,22.0,21.0,23.0,21.0,21.0,21.0,20.0,22.0,20.0,21.0,21.0,22.0,21.0,22.0,21.0,21.0,22.0,22.0,22.0,22.0,21.0,22.0,22.0,21.0,22.0,21.0,21.0,21.0,21.0,22.0,21.0,10.0,locate,0,0,2.6746
1787152251.2648,2026-08-19 17:10:51.264,10,c3,0,0,-0.03946,-0.49603,0.06217,-4.723,10.6937,-23.9729,-0.0815,0.0023,-0.2451,4.69533,20.0,20.0,21.0,21.0,22.0,22.0,21.0,22.0,21.0,23.0,20.0,21.0,20.0,22.0,20.0,21.0,21.0,20.0,22.0,21.0,22.0,21.0,21.0,22.0,22.0,22.0,22.0,21.0,22.0,22.0,21.0,22.0,21.0,21.0,21.0,21.0,22.0,21.0,10.0,locate,0,0,2.7105
1787152251.3149,2026-08-19 17:10:51.314,10,c3,0,0,-0.03943,-0.49599,0.05955,-4.3787,10.5233,-24.0181,-0.0805,0.0076,-0.248,4.68904,20.0,20.0,21.0,21.0,22.0,22.0,21.0,22.0,21.0,23.0,20.0,21.0,20.0,22.0,20.0,21.0,21.0,20.0,22.0,21.0,22.0,21.0,21.0,22.0,22.0,22.0,22.0,21.0,22.0,22.0,21.0,22.0,21.0,21.0,21.0,21.0,22.0,21.0,10.0,locate,0,0,2.7665
1787152251.365,2026-08-19 17:10:51.365,10,c3,0,0,-0.03944,-0.49598,0.05703,-4.2664,10.1201,-23.9789,-0.075,0.012,-0.2377,4.69684,20.0,20.0,21.0,20.0,21.0,22.0,21.0,20.0,19.0,24.0,21.0,19.0,21.0,22.0,21.0,18.0,23.0,21.0,19.0,21.0,22.0,21.0,21.0,22.0,22.0,22.0,22.0,21.0,22.0,22.0,21.0,22.0,21.0,21.0,21.0,21.0,22.0,21.0,10.0,locate,0,0,2.697
1787152251.4151,2026-08-19 17:10:51.415,10,c3,0,0,-0.03944,-0.49602,0.05463,-4.6685,10.3784,-24.0545,-0.0785,-0.0015,-0.245,4.6976,18.0,19.0,22.0,18.0,21.0,22.0,21.0,23.0,22.0,23.0,21.0,21.0,21.0,22.0,21.0,20.0,21.0,21.0,20.0,21.0,22.0,21.0,21.0,22.0,22.0,22.0,22.0,21.0,22.0,22.0,21.0,22.0,21.0,21.0,21.0,21.0,22.0,21.0,10.0,locate,0,0,2.6903
1787152251.4653,2026-08-19 17:10:51.465,10,c3,0,0,-0.03948,-0.49606,0.05271,-4.2011,10.0644,-24.3868,-0.0696,0.0162,-0.2408,4.69432,18.0,19.0,22.0,18.0,21.0,22.0,21.0,23.0,22.0,23.0,21.0,21.0,21.0,22.0,21.0,20.0,21.0,21.0,20.0,21.0,22.0,21.0,21.0,22.0,22.0,22.0,22.0,21.0,22.0,22.0,21.0,22.0,21.0,21.0,21.0,21.0,22.0,21.0,10.0,locate,0,0,2.7194
1787152251.5154,2026-08-19 17:10:51.515,10,c3,0,0,-0.03946,-0.49611,0.05152,-4.4965,10.5022,-24.0535,-0.081,0.0056,-0.2393,4.69558,20.0,21.0,21.0,21.0,21.0,22.0,21.0,23.0,21.0,23.0,24.0,22.0,20.0,21.0,22.0,21.0,21.0,21.0,23.0,21.0,22.0,21.0,21.0,22.0,22.0,22.0,22.0,21.0,22.0,22.0,21.0,22.0,21.0,21.0,21.0,21.0,22.0,21.0,10.0,locate,0,0,2.7082
1787152251.5655,2026-08-19 17:10:51.565,10,c3,0,0,-0.03946,-0.4961,0.05099,-4.2267,9.962,-24.1771,-0.067,0.0127,-0.236,4.68929,20.0,21.0,21.0,21.0,21.0,22.0,21.0,23.0,21.0,23.0,24.0,22.0,20.0,21.0,22.0,21.0,21.0,21.0,23.0,21.0,22.0,21.0,21.0,22.0,22.0,22.0,22.0,21.0,22.0,22.0,21.0,22.0,21.0,21.0,21.0,21.0,22.0,21.0,10.0,locate,0,0,2.7642
1787152251.6157,2026-08-19 17:10:51.615,10,c3,0,0,-0.03947,-0.49608,0.05098,-4.7878,10.5292,-23.98,-0.0838,0.0029,-0.2414,4.68753,20.0,20.0,21.0,21.0,21.0,22.0,22.0,23.0,22.0,24.0,22.0,22.0,22.0,23.0,23.0,19.0,23.0,23.0,22.0,21.0,22.0,21.0,21.0,22.0,22.0,22.0,22.0,21.0,22.0,22.0,21.0,22.0,21.0,21.0,21.0,21.0,22.0,21.0,10.0,locate,0,0,2.7799
1787152251.6658,2026-08-19 17:10:51.665,10,c3,0,0,-0.03946,-0.49605,0.05096,-4.7411,10.245,-23.9573,-0.0799,0.0018,-0.235,4.68954,22.0,22.0,22.0,21.0,22.0,24.0,22.0,24.0,23.0,25.0,22.0,24.0,22.0,23.0,21.0,24.0,22.0,23.0,24.0,21.0,22.0,21.0,21.0,22.0,22.0,22.0,22.0,21.0,22.0,22.0,21.0,22.0,21.0,21.0,21.0,21.0,22.0,21.0,10.0,locate,0,0,2.762
1787152251.7159,2026-08-19 17:10:51.715,10,c3,0,0,-0.03943,-0.49602,0.05094,-4.7701,10.3344,-23.9686,-0.077,-0.0009,-0.2416,4.68501,22.0,22.0,22.0,21.0,22.0,24.0,22.0,24.0,23.0,25.0,22.0,24.0,22.0,23.0,21.0,24.0,22.0,23.0,24.0,21.0,22.0,21.0,21.0,22.0,22.0,22.0,22.0,21.0,22.0,22.0,21.0,22.0,21.0,21.0,21.0,21.0,22.0,21.0,10.0,locate,0,0,2.8023
1787152251.766,2026-08-19 17:10:51.766,10,c3,0,0,-0.03941,-0.49601,0.05093,-4.5681,10.3446,-24.1989,-0.0756,0.0043,-0.2378,4.6908,23.0,22.0,22.0,23.0,23.0,23.0,22.0,24.0,23.0,25.0,22.0,25.0,24.0,23.0,21.0,23.0,23.0,21.0,24.0,21.0,22.0,21.0,21.0,22.0,22.0,22.0,22.0,21.0,22.0,22.0,21.0,22.0,21.0,21.0,21.0,21.0,22.0,21.0,10.0,locate,0,0,2.7508
1787152251.8161,2026-08-19 17:10:51.816,10,c3,0,0,-0.03945,-0.49601,0.05091,-4.541,10.6392,-24.1323,-0.0832,0.0064,-0.2375,4.68904,23.0,22.0,22.0,23.0,23.0,23.0,22.0,24.0,23.0,25.0,22.0,25.0,24.0,23.0,21.0,23.0,23.0,21.0,24.0,21.0,22.0,21.0,21.0,22.0,22.0,22.0,22.0,21.0,22.0,22.0,21.0,22.0,21.0,21.0,21.0,21.0,22.0,21.0,10.0,locate,0,0,2.7665
1787152251.8662,2026-08-19 17:10:51.866,10,c3,0,0,-0.03944,-0.49602,0.05092,-4.6912,10.5189,-23.9819,-0.083,0.0017,-0.2453,4.68753,25.0,25.0,23.0,22.0,24.0,24.0,21.0,22.0,25.0,25.0,21.0,22.0,24.0,24.0,21.0,20.0,23.0,20.0,21.0,21.0,22.0,21.0,21.0,22.0,22.0,22.0,22.0,21.0,22.0,22.0,21.0,22.0,21.0,21.0,21.0,21.0,22.0,21.0,10.0,locate,0,0,2.7799
1787152251.9163,2026-08-19 17:10:51.916,10,c3,0,0,-0.03944,-0.49601,0.05092,-4.4829,10.3492,-23.9487,-0.0786,0.0108,-0.2398,4.68828,21.0,24.0,22.0,21.0,26.0,23.0,22.0,22.0,23.0,24.0,22.0,21.0,24.0,24.0,23.0,20.0,24.0,23.0,21.0,21.0,22.0,21.0,21.0,22.0,22.0,22.0,22.0,21.0,22.0,22.0,21.0,22.0,21.0,21.0,21.0,21.0,22.0,21.0,10.0,locate,0,0,2.7732
1787152251.9665,2026-08-19 17:10:51.966,10,c3,0,0,-0.03943,-0.49601,0.05093,-4.7096,10.6356,-24.0275,-0.0841,-0.0008,-0.2373,4.68677,21.0,24.0,22.0,21.0,26.0,23.0,22.0,22.0,23.0,24.0,22.0,21.0,24.0,24.0,23.0,20.0,24.0,23.0,21.0,21.0,22.0,21.0,21.0,22.0,22.0,22.0,22.0,21.0,22.0,22.0,21.0,22.0,21.0,21.0,21.0,21.0,22.0,21.0,10.0,locate,0,0,2.7866
1787152252.0165,2026-08-19 17:10:52.016,10,c3,0,0,-0.03946,-0.49601,0.05092,-4.3445,9.731,-24.3386,-0.0642,0.0099,-0.2423,4.6903,20.0,22.0,23.0,20.0,26.0,23.0,23.0,24.0,24.0,26.0,23.0,23.0,24.0,25.0,22.0,21.0,23.0,21.0,22.0,21.0,22.0,21.0,21.0,22.0,22.0,22.0,22.0,21.0,22.0,22.0,21.0,22.0,21.0,21.0,21.0,21.0,22.0,21.0,10.0,locate,0,0,2.7553
1787152252.0666,2026-08-19 17:10:52.066,10,c3,0,0,-0.03945,-0.496,0.05091,-4.4135,10.2141,-24.2523,-0.0734,0.0095,-0.24,4.69634,20.0,22.0,23.0,20.0,26.0,23.0,23.0,24.0,24.0,26.0,23.0,23.0,24.0,25.0,22.0,21.0,23.0,21.0,22.0,21.0,22.0,21.0,21.0,22.0,22.0,22.0,22.0,21.0,22.0,22.0,21.0,22.0,21.0,21.0,21.0,21.0,22.0,21.0,10.0,locate,0,0,2.7015
1787152252.1168,2026-08-19 17:10:52.116,10,c3,0,0,-0.03945,-0.49601,0.05092,-4.571,10.4182,-24.0919,-0.0832,0.0053,-0.2362,4.69508,22.0,23.0,23.0,22.0,24.0,24.0,22.0,23.0,24.0,25.0,23.0,22.0,24.0,24.0,21.0,22.0,23.0,22.0,22.0,21.0,22.0,21.0,21.0,22.0,22.0,22.0,22.0,21.0,22.0,22.0,21.0,22.0,21.0,21.0,21.0,21.0,22.0,21.0,10.0,locate,0,0,2.7127
1787152252.1669,2026-08-19 17:10:52.166,10,c3,0,0,-0.03944,-0.496,0.0509,-4.4204,10.3712,-24.1506,-0.0805,0.0081,-0.2399,4.69432,21.0,22.0,23.0,21.0,24.0,23.0,23.0,25.0,23.0,26.0,22.0,24.0,24.0,24.0,21.0,24.0,23.0,21.0,23.0,21.0,22.0,21.0,21.0,22.0,22.0,22.0,22.0,21.0,22.0,22.0,21.0,22.0,21.0,21.0,21.0,21.0,22.0,21.0,10.0,locate,0,0,2.7194
1787152252.217,2026-08-19 17:10:52.216,10,c3,0,0,-0.03945,-0.49601,0.05092,-4.5693,10.161,-24.1381,-0.0724,0.0005,-0.2388,4.69735,21.0,22.0,23.0,21.0,24.0,23.0,23.0,25.0,23.0,26.0,22.0,24.0,24.0,24.0,21.0,24.0,23.0,21.0,23.0,21.0,22.0,21.0,21.0,22.0,22.0,22.0,22.0,21.0,22.0,22.0,21.0,22.0,21.0,21.0,21.0,21.0,22.0,21.0,10.0,locate,0,0,2.6925
1787152252.2671,2026-08-19 17:10:52.267,10,c3,0,0,-0.03945,-0.49601,0.05093,-4.8569,10.5106,-24.0329,-0.0827,-0.002,-0.2438,4.69583,22.0,22.0,23.0,22.0,24.0,25.0,23.0,24.0,23.0,27.0,22.0,24.0,24.0,24.0,22.0,23.0,25.0,22.0,22.0,21.0,22.0,21.0,21.0,22.0,22.0,22.0,22.0,21.0,22.0,22.0,21.0,22.0,21.0,21.0,21.0,21.0,22.0,21.0,10.0,locate,0,0,2.706
1787152252.3172,2026-08-19 17:10:52.317,10,c3,0,0,-0.03944,-0.49602,0.05091,-4.3204,9.9685,-24.0893,-0.0671,0.011,-0.244,4.69785,22.0,22.0,23.0,22.0,24.0,25.0,23.0,24.0,23.0,27.0,22.0,24.0,24.0,24.0,22.0,23.0,25.0,22.0,22.0,21.0,22.0,21.0,21.0,22.0,22.0,22.0,22.0,21.0,22.0,22.0,21.0,22.0,21.0,21.0,21.0,21.0,22.0,21.0,10.0,locate,0,0,2.6881
1787152252.3674,2026-08-19 17:10:52.367,10,c3,0,0,-0.03945,-0.496,0.0509,-4.2998,10.1405,-24.2962,-0.0744,0.0129,-0.2336,4.69256,22.0,23.0,24.0,24.0,24.0,26.0,22.0,21.0,23.0,25.0,23.0,21.0,24.0,24.0,24.0,18.0,23.0,23.0,21.0,21.0,22.0,21.0,21.0,22.0,22.0,22.0,22.0,21.0,22.0,22.0,21.0,22.0,21.0,21.0,21.0,21.0,22.0,21.0,10.0,locate,0,0,2.7351
1787152252.4175,2026-08-19 17:10:52.417,10,c3,0,0,-0.03943,-0.496,0.05092,-4.1621,9.7443,-24.224,-0.0649,0.0123,-0.2357,4.69382,22.0,23.0,24.0,24.0,24.0,26.0,22.0,21.0,23.0,25.0,23.0,21.0,24.0,24.0,24.0,18.0,23.0,23.0,21.0,21.0,22.0,21.0,21.0,22.0,22.0,22.0,22.0,21.0,22.0,22.0,21.0,22.0,21.0,21.0,21.0,21.0,22.0,21.0,10.0,locate,0,0,2.7239
1787152252.4676,2026-08-19 17:10:52.467,10,c3,0,0,-0.03943,-0.49601,0.05091,-4.4402,10.3099,-24.223,-0.0745,0.0053,-0.2386,4.68576,18.0,22.0,23.0,18.0,25.0,24.0,24.0,20.0,23.0,26.0,22.0,22.0,24.0,24.0,22.0,19.0,24.0,23.0,20.0,21.0,22.0,21.0,21.0,22.0,22.0,22.0,22.0,21.0,22.0,22.0,21.0,22.0,21.0,21.0,21.0,21.0,22.0,21.0,10.0,locate,0,0,2.7956
1787152252.5177,2026-08-19 17:10:52.517,10,c3,0,0,-0.03944,-0.496,0.05089,-4.5106,10.4187,-24.2773,-0.0765,0.0056,-0.2422,4.68803,20.0,22.0,24.0,20.0,23.0,24.0,23.0,21.0,24.0,26.0,22.0,20.0,23.0,24.0,21.0,20.0,25.0,20.0,20.0,21.0,22.0,21.0,21.0,22.0,22.0,22.0,22.0,21.0,22.0,22.0,21.0,22.0,21.0,21.0,21.0,21.0,22.0,21.0,10.0,locate,0,0,2.7754
1787152252.5678,2026-08-19 17:10:52.567,10,c3,0,0,-0.03945,-0.49602,0.05092,-4.4845,10.4984,-24.1323,-0.0823,0.0022,-0.2407,4.68551,20.0,22.0,24.0,20.0,23.0,24.0,23.0,21.0,24.0,26.0,22.0,20.0,23.0,24.0,21.0,20.0,25.0,20.0,20.0,21.0,22.0,21.0,21.0,22.0,22.0,22.0,22.0,21.0,22.0,22.0,21.0,22.0,21.0,21.0,21.0,21.0,22.0,21.0,10.0,locate,0,0,2.7978
1787152252.6178,2026-08-19 17:10:52.617,10,c3,0,0,-0.03943,-0.49601,0.05091,-4.5145,10.3264,-23.9994,-0.0783,0.0068,-0.239,4.684,21.0,22.0,23.0,20.0,25.0,24.0,22.0,22.0,22.0,25.0,22.0,22.0,23.0,22.0,22.0,21.0,22.0,22.0,22.0,21.0,22.0,21.0,21.0,22.0,22.0,22.0,22.0,21.0,22.0,22.0,21.0,22.0,21.0,21.0,21.0,21.0,22.0,21.0,10.0,locate,0,0,2.8113
1787152252.6679,2026-08-19 17:10:52.667,10,c3,0,0,-0.03946,-0.49602,0.05093,-4.2443,10.0809,-24.1996,-0.0696,0.0127,-0.2384,4.69105,21.0,22.0,23.0,20.0,25.0,24.0,22.0,22.0,22.0,25.0,22.0,22.0,23.0,22.0,22.0,21.0,22.0,22.0,22.0,21.0,22.0,21.0,21.0,22.0,22.0,22.0,22.0,21.0,22.0,22.0,21.0,22.0,21.0,21.0,21.0,21.0,22.0,21.0,10.0,locate,0,0,2.7485
1787152252.7179,2026-08-19 17:10:52.717,10,c3,0,0,-0.03944,-0.49601,0.05091,-4.0799,9.8691,-24.3229,-0.067,0.0162,-0.2359,4.68073,21.0,20.0,22.0,21.0,22.0,24.0,22.0,24.0,24.0,25.0,23.0,23.0,23.0,23.0,21.0,22.0,23.0,22.0,23.0,21.0,22.0,21.0,21.0,22.0,22.0,22.0,22.0,21.0,22.0,22.0,21.0,22.0,21.0,21.0,21.0,21.0,22.0,21.0,10.0,locate,0,0,2.8404
1787152252.768,2026-08-19 17:10:52.768,10,c3,0,0,-0.03942,-0.49601,0.05091,-3.9471,9.605,-24.2929,-0.0589,0.0242,-0.2332,4.69306,23.0,22.0,24.0,23.0,23.0,25.0,23.0,24.0,24.0,26.0,23.0,23.0,22.0,25.0,23.0,22.0,24.0,20.0,23.0,21.0,22.0,21.0,21.0,22.0,22.0,22.0,22.0,21.0,22.0,22.0,21.0,22.0,21.0,21.0,21.0,21.0,22.0,21.0,10.0,locate,0,0,2.7306
1787152252.8181,2026-08-19 17:10:52.818,10,c3,0,0,-0.03943,-0.49602,0.05092,-4.7155,10.5875,-24.167,-0.0855,0.0017,-0.2388,4.68299,23.0,22.0,24.0,23.0,23.0,25.0,23.0,24.0,24.0,26.0,23.0,23.0,22.0,25.0,23.0,22.0,24.0,20.0,23.0,21.0,22.0,21.0,21.0,22.0,22.0,22.0,22.0,21.0,22.0,22.0,21.0,22.0,21.0,21.0,21.0,21.0,22.0,21.0,10.0,locate,0,0,2.8202
1787152252.8682,2026-08-19 17:10:52.868,10,c3,0,0,-0.03946,-0.49601,0.05091,-4.6144,10.5852,-24.2701,-0.0827,0.001,-0.2439,4.68954,21.0,22.0,23.0,23.0,23.0,25.0,22.0,22.0,24.0,25.0,22.0,21.0,24.0,24.0,21.0,20.0,23.0,21.0,21.0,21.0,22.0,21.0,21.0,22.0,22.0,22.0,22.0,21.0,22.0,22.0,21.0,22.0,21.0,21.0,21.0,21.0,22.0,21.0,10.0,locate,0,0,2.762
1787152252.9183,2026-08-19 17:10:52.918,10,c3,0,0,-0.03944,-0.496,0.05091,-4.3956,10.1016,-24.1644,-0.0737,0.0117,-0.2395,4.68174,21.0,22.0,23.0,23.0,23.0,25.0,22.0,22.0,24.0,25.0,22.0,21.0,24.0,24.0,21.0,20.0,23.0,21.0,21.0,21.0,22.0,21.0,21.0,22.0,22.0,22.0,22.0,21.0,22.0,22.0,21.0,22.0,21.0,21.0,21.0,21.0,22.0,21.0,10.0,locate,0,0,2.8314
1787152252.9684,2026-08-19 17:10:52.968,10,c3,0,0,-0.03945,-0.49602,0.05092,-4.4204,10.2354,-24.2669,-0.0735,0.0047,-0.2379,4.69533,21.0,23.0,24.0,19.0,24.0,24.0,21.0,25.0,23.0,24.0,22.0,23.0,22.0,24.0,21.0,21.0,24.0,21.0,23.0,21.0,22.0,21.0,21.0,22.0,22.0,22.0,22.0,21.0,22.0,22.0,21.0,22.0,21.0,21.0,21.0,21.0,22.0,21.0,10.0,locate,0,0,2.7105
1787152253.0185,2026-08-19 17:10:53.018,10,c3,0,0,-0.03944,-0.49603,0.05092,-4.4616,10.3312,-24.2269,-0.0786,0.0073,-0.2396,4.68828,22.0,22.0,23.0,23.0,23.0,24.0,23.0,22.0,21.0,26.0,21.0,21.0,22.0,24.0,21.0,21.0,24.0,21.0,22.0,21.0,22.0,21.0,21.0,22.0,22.0,22.0,22.0,21.0,22.0,22.0,21.0,22.0,21.0,21.0,21.0,21.0,22.0,21.0,10.0,locate,0,0,2.7732
1787152253.0686,2026-08-19 17:10:53.068,10,c3,0,0,-0.03943,-0.496,0.05091,-4.534,10.2515,-23.8827,-0.076,0.0045,-0.2343,4.6845,22.0,22.0,23.0,23.0,23.0,24.0,23.0,22.0,21.0,26.0,21.0,21.0,22.0,24.0,21.0,21.0,24.0,21.0,22.0,21.0,22.0,21.0,21.0,22.0,22.0,22.0,22.0,21.0,22.0,22.0,21.0,22.0,21.0,21.0,21.0,21.0,22.0,21.0,10.0,locate,0,0,2.8068
1787152253.1187,2026-08-19 17:10:53.118,10,c3,0,0,-0.03944,-0.49601,0.05091,-4.6652,10.316,-24.2112,-0.0761,-0.0001,-0.2404,4.69155,22.0,21.0,23.0,21.0,22.0,24.0,21.0,22.0,24.0,24.0,20.0,21.0,24.0,23.0,21.0,22.0,23.0,21.0,22.0,21.0,22.0,21.0,21.0,22.0,22.0,22.0,22.0,21.0,22.0,22.0,21.0,22.0,21.0,21.0,21.0,21.0,22.0,21.0,10.0,locate,0,0,2.7441
1787152253.1688,2026-08-19 17:10:53.168,10,c3,0,0,-0.03944,-0.49601,0.05091,-4.4943,10.4265,-24.1849,-0.0795,0.0057,-0.2402,4.69458,22.0,21.0,23.0,21.0,22.0,24.0,21.0,22.0,24.0,24.0,20.0,21.0,24.0,23.0,21.0,22.0,23.0,21.0,22.0,21.0,22.0,21.0,21.0,22.0,22.0,22.0,22.0,21.0,22.0,22.0,21.0,22.0,21.0,21.0,21.0,21.0,22.0,21.0,10.0,locate,0,0,2.7172
1787152253.219,2026-08-19 17:10:53.218,10,c3,0,0,-0.03944,-0.49601,0.05093,-4.7553,10.296,-24.1618,-0.0761,-0.0009,-0.2405,4.69004,22.0,23.0,23.0,21.0,25.0,23.0,20.0,23.0,23.0,23.0,22.0,23.0,24.0,23.0,21.0,21.0,22.0,21.0,23.0,21.0,22.0,21.0,21.0,22.0,22.0,22.0,22.0,21.0,22.0,22.0,21.0,22.0,21.0,21.0,21.0,21.0,22.0,21.0,10.0,locate,0,0,2.7575
1787152253.2692,2026-08-19 17:10:53.269,10,c3,0,0,-0.03944,-0.49601,0.05092,-4.1422,9.7107,-24.3332,-0.0656,0.0172,-0.2336,4.68929,22.0,23.0,23.0,22.0,23.0,23.0,21.0,25.0,25.0,25.0,22.0,24.0,24.0,23.0,21.0,23.0,23.0,22.0,23.0,21.0,22.0,21.0,21.0,22.0,22.0,22.0,22.0,21.0,22.0,22.0,21.0,22.0,21.0,21.0,21.0,21.0,22.0,21.0,10.0,locate,0,0,2.7642
1787152253.3192,2026-08-19 17:10:53.319,10,c3,0,0,-0.03945,-0.49602,0.05092,-4.4932,10.4489,-24.036,-0.0797,0.0045,-0.2374,4.70062,22.0,23.0,23.0,22.0,23.0,23.0,21.0,25.0,25.0,25.0,22.0,24.0,24.0,23.0,21.0,23.0,23.0,22.0,23.0,21.0,22.0,21.0,21.0,22.0,22.0,22.0,22.0,21.0,22.0,22.0,21.0,22.0,21.0,21.0,21.0,21.0,22.0,21.0,10.0,locate,0,0,2.6634
1787152253.3693,2026-08-19 17:10:53.369,10,c3,0,0,-0.03944,-0.49602,0.05092,-4.5366,9.8974,-24.2658,-0.0658,0.0057,-0.2394,4.68627,22.0,22.0,23.0,23.0,23.0,24.0,22.0,22.0,24.0,25.0,23.0,21.0,24.0,23.0,23.0,20.0,23.0,23.0,22.0,21.0,22.0,21.0,21.0,22.0,22.0,22.0,22.0,21.0,22.0,22.0,21.0,22.0,21.0,21.0,21.0,21.0,22.0,21.0,10.0,locate,0,0,2.7911
1787152253.4194,2026-08-19 17:10:53.419,10,c3,0,0,-0.03944,-0.49602,0.05092,-4.2761,10.4663,-24.1504,-0.0802,0.0132,-0.2351,4.69558,22.0,22.0,23.0,23.0,23.0,24.0,22.0,22.0,24.0,25.0,23.0,21.0,24.0,23.0,23.0,20.0,23.0,23.0,22.0,21.0,22.0,21.0,21.0,22.0,22.0,22.0,22.0,21.0,22.0,22.0,21.0,22.0,21.0,21.0,21.0,21.0,22.0,21.0,10.0,locate,0,0,2.7082
1787152253.4695,2026-08-19 17:10:53.469,10,c3,0,0,-0.03944,-0.49601,0.05092,-4.7689,10.0819,-24.281,-0.0719,-0.001,-0.2474,4.69105,22.0,22.0,23.0,21.0,24.0,24.0,24.0,23.0,22.0,27.0,21.0,22.0,24.0,24.0,21.0,20.0,23.0,21.0,22.0,21.0,22.0,21.0,21.0,22.0,22.0,22.0,22.0,21.0,22.0,22.0,21.0,22.0,21.0,21.0,21.0,21.0,22.0,21.0,10.0,locate,0,0,2.7485
1787152253.5196,2026-08-19 17:10:53.519,10,c3,0,0,-0.03946,-0.49602,0.05092,-4.4682,10.5161,-24.1261,-0.0798,0.0082,-0.2377,4.69004,22.0,22.0,23.0,21.0,24.0,24.0,24.0,23.0,22.0,27.0,21.0,22.0,24.0,24.0,21.0,20.0,23.0,21.0,22.0,21.0,22.0,21.0,21.0,22.0,22.0,22.0,22.0,21.0,22.0,22.0,21.0,22.0,21.0,21.0,21.0,21.0,22.0,21.0,10.0,locate,0,0,2.7575
1787152253.5698,2026-08-19 17:10:53.569,10,c3,0,0,-0.03944,-0.49601,0.05092,-4.4449,10.3385,-24.0254,-0.0804,0.0053,-0.2412,4.69508,21.0,22.0,25.0,21.0,24.0,26.0,21.0,22.0,23.0,25.0,23.0,22.0,24.0,23.0,23.0,20.0,25.0,22.0,22.0,21.0,22.0,21.0,21.0,22.0,22.0,22.0,22.0,21.0,22.0,22.0,21.0,22.0,21.0,21.0,21.0,21.0,22.0,21.0,10.0,locate,0,0,2.7127
1787152253.6198,2026-08-19 17:10:53.619,10,c3,1,0,-0.03945,-0.49601,0.05091,-4.3329,9.8029,-24.0903,-0.067,0.012,-0.2393,4.69684,21.0,22.0,23.0,21.0,24.0,24.0,22.0,23.0,22.0,26.0,22.0,23.0,23.0,24.0,22.0,22.0,23.0,22.0,23.0,21.0,22.0,21.0,21.0,22.0,22.0,22.0,22.0,21.0,22.0,22.0,21.0,22.0,21.0,21.0,21.0,21.0,22.0,21.0,10.0,press,0,0,2.697
1787152253.6699,2026-08-19 17:10:53.669,10,c3,1,0,-0.03945,-0.49602,0.05089,-4.4342,9.9831,-24.2011,-0.0669,0.0104,-0.2389,4.68576,21.0,22.0,23.0,21.0,24.0,24.0,22.0,23.0,22.0,26.0,22.0,23.0,23.0,24.0,22.0,22.0,23.0,22.0,23.0,21.0,22.0,21.0,21.0,22.0,22.0,22.0,22.0,21.0,22.0,22.0,21.0,22.0,21.0,21.0,21.0,21.0,22.0,21.0,10.0,press,0,0,2.7956
1787152253.72,2026-08-19 17:10:53.720,10,c3,1,0,-0.03945,-0.49603,0.0508,-4.3801,10.1692,-24.5151,-0.0731,0.0101,-0.241,4.6981,23.0,21.0,23.0,22.0,23.0,24.0,21.0,24.0,25.0,25.0,23.0,23.0,24.0,24.0,23.0,23.0,24.0,23.0,23.0,21.0,22.0,21.0,21.0,22.0,22.0,22.0,22.0,21.0,22.0,22.0,21.0,22.0,21.0,21.0,21.0,21.0,22.0,21.0,10.0,press,0,0,2.6858
1787152253.7701,2026-08-19 17:10:53.770,10,c3,1,0,-0.03945,-0.49602,0.05067,-4.5961,10.2572,-24.2093,-0.0745,0.0038,-0.2318,4.69256,23.0,21.0,23.0,22.0,23.0,24.0,21.0,24.0,25.0,25.0,23.0,23.0,24.0,24.0,23.0,23.0,24.0,23.0,23.0,21.0,22.0,21.0,21.0,22.0,22.0,22.0,22.0,21.0,22.0,22.0,21.0,22.0,21.0,21.0,21.0,21.0,22.0,21.0,10.0,press,0,0,2.7351
1787152253.8203,2026-08-19 17:10:53.820,10,c3,1,0,-0.03946,-0.49603,0.05052,-4.0984,10.2836,-24.1459,-0.077,0.0169,-0.2417,4.69684,21.0,23.0,24.0,21.0,24.0,24.0,23.0,23.0,23.0,26.0,22.0,22.0,23.0,24.0,21.0,21.0,24.0,19.0,22.0,21.0,22.0,21.0,21.0,22.0,22.0,22.0,22.0,21.0,22.0,22.0,21.0,22.0,21.0,21.0,21.0,21.0,22.0,21.0,10.0,press,0,0,2.697
1787152253.8704,2026-08-19 17:10:53.870,10,c3,1,0,-0.03946,-0.49603,0.05031,-4.6182,10.4757,-24.176,-0.0789,0.0036,-0.2427,4.6981,20.0,21.0,23.0,20.0,22.0,24.0,20.0,25.0,23.0,27.0,22.0,24.0,24.0,24.0,21.0,22.0,24.0,20.0,22.0,21.0,22.0,21.0,21.0,22.0,22.0,22.0,22.0,21.0,22.0,22.0,21.0,22.0,21.0,21.0,21.0,21.0,22.0,21.0,10.0,press,0,0,2.6858
1787152253.9205,2026-08-19 17:10:53.920,10,c3,1,0,-0.03945,-0.49601,0.05009,-4.2965,10.1514,-24.2141,-0.0746,0.0128,-0.2346,4.68199,20.0,21.0,23.0,20.0,22.0,24.0,20.0,25.0,23.0,27.0,22.0,24.0,24.0,24.0,21.0,22.0,24.0,20.0,22.0,21.0,22.0,21.0,21.0,22.0,22.0,22.0,22.0,21.0,22.0,22.0,21.0,22.0,21.0,21.0,21.0,21.0,22.0,21.0,10.0,press,0,0,2.8292
1787152253.9707,2026-08-19 17:10:53.970,10,c3,1,0,-0.03943,-0.49602,0.04986,-4.6958,10.3858,-24.1645,-0.0752,0.0021,-0.2446,4.69583,22.0,22.0,24.0,22.0,23.0,25.0,22.0,24.0,24.0,26.0,23.0,23.0,24.0,24.0,23.0,21.0,22.0,22.0,22.0,21.0,22.0,21.0,21.0,22.0,22.0,22.0,22.0,21.0,22.0,22.0,21.0,22.0,21.0,21.0,21.0,21.0,22.0,21.0,10.0,press,0,0,2.706
1787152254.0208,2026-08-19 17:10:54.020,10,c3,1,0,-0.03945,-0.49602,0.04961,-4.9156,10.7046,-24.158,-0.0834,-0.005,-0.2492,4.6913,22.0,22.0,24.0,22.0,23.0,25.0,22.0,24.0,24.0,26.0,23.0,23.0,24.0,24.0,23.0,21.0,22.0,22.0,22.0,21.0,22.0,21.0,21.0,22.0,22.0,22.0,22.0,21.0,22.0,22.0,21.0,22.0,21.0,21.0,21.0,21.0,22.0,21.0,10.0,press,0,0,2.7463
1787152254.0709,2026-08-19 17:10:54.070,10,c3,1,0,-0.03945,-0.49603,0.04929,-4.4976,10.1616,-24.1254,-0.0707,0.0047,-0.2348,4.69684,22.0,22.0,23.0,22.0,23.0,25.0,24.0,22.0,25.0,27.0,23.0,21.0,24.0,25.0,23.0,21.0,25.0,22.0,21.0,21.0,22.0,21.0,21.0,22.0,22.0,22.0,22.0,21.0,22.0,22.0,21.0,22.0,21.0,21.0,21.0,21.0,22.0,21.0,10.0,press,0,0,2.697
1787152254.121,2026-08-19 17:10:54.120,10,c3,1,0,-0.03944,-0.49602,0.04894,-4.7474,10.4145,-24.0614,-0.0787,-0.0008,-0.2331,4.68199,21.0,24.0,23.0,20.0,25.0,25.0,23.0,24.0,25.0,25.0,21.0,23.0,25.0,24.0,20.0,21.0,24.0,20.0,21.0,21.0,22.0,21.0,21.0,22.0,22.0,22.0,22.0,21.0,22.0,22.0,21.0,22.0,21.0,21.0,21.0,21.0,22.0,21.0,10.0,press,0,0,2.8292
1787152254.1711,2026-08-19 17:10:54.171,10,c3,1,0,-0.03945,-0.496,0.04861,-4.5097,10.6009,-24.1191,-0.0852,0.0059,-0.2432,4.69709,21.0,24.0,23.0,20.0,25.0,25.0,23.0,24.0,25.0,25.0,21.0,23.0,25.0,24.0,20.0,21.0,24.0,20.0,21.0,21.0,22.0,21.0,21.0,22.0,22.0,22.0,22.0,21.0,22.0,22.0,21.0,22.0,21.0,21.0,21.0,21.0,22.0,21.0,10.0,press,0,0,2.6948
1787152254.2213,2026-08-19 17:10:54.221,10,c3,1,0,-0.03944,-0.49601,0.04827,-4.2713,9.9964,-24.1626,-0.0703,0.0127,-0.2394,4.68702,20.0,23.0,23.0,20.0,25.0,24.0,22.0,25.0,24.0,26.0,23.0,24.0,25.0,25.0,23.0,22.0,24.0,23.0,22.0,21.0,22.0,21.0,21.0,22.0,22.0,22.0,22.0,21.0,22.0,22.0,21.0,22.0,21.0,21.0,21.0,21.0,22.0,21.0,10.0,press,0,0,2.7844
1787152254.2714,2026-08-19 17:10:54.271,10,c3,1,0,-0.03944,-0.49602,0.04796,-4.5602,10.2505,-24.2206,-0.074,0.0073,-0.2397,4.69709,20.0,23.0,23.0,20.0,25.0,24.0,22.0,25.0,24.0,26.0,23.0,24.0,25.0,25.0,23.0,22.0,24.0,23.0,22.0,21.0,22.0,21.0,21.0,22.0,22.0,22.0,22.0,21.0,22.0,22.0,21.0,22.0,21.0,21.0,21.0,21.0,22.0,21.0,10.0,press,0,0,2.6948
1787152254.3215,2026-08-19 17:10:54.321,10,c3,1,0,-0.03946,-0.49602,0.04763,-4.403,10.3396,-24.0719,-0.0831,0.0089,-0.2399,4.69382,22.0,23.0,23.0,22.0,25.0,25.0,23.0,25.0,25.0,26.0,21.0,23.0,25.0,25.0,22.0,22.0,24.0,22.0,22.0,21.0,22.0,21.0,21.0,22.0,22.0,22.0,22.0,21.0,22.0,22.0,21.0,22.0,21.0,21.0,21.0,21.0,22.0,21.0,10.0,press,0,0,2.7239
1787152254.3716,2026-08-19 17:10:54.371,10,c3,1,0,-0.03944,-0.49602,0.04731,-4.7865,10.4629,-24.1851,-0.0814,-0.0025,-0.2467,4.69911,23.0,24.0,23.0,22.0,26.0,25.0,22.0,25.0,25.0,25.0,22.0,25.0,24.0,24.0,21.0,24.0,23.0,21.0,24.0,21.0,22.0,21.0,21.0,22.0,22.0,22.0,22.0,21.0,22.0,22.0,21.0,22.0,21.0,21.0,21.0,21.0,22.0,21.0,10.0,press,0,0,2.6769
1787152254.4218,2026-08-19 17:10:54.421,10,c3,1,0,-0.03944,-0.49602,0.04699,-4.5795,10.4779,-24.1705,-0.0808,0.0033,-0.2401,4.68652,23.0,24.0,23.0,22.0,26.0,25.0,22.0,25.0,25.0,25.0,22.0,25.0,24.0,24.0,21.0,24.0,23.0,21.0,24.0,21.0,22.0,21.0,21.0,22.0,22.0,22.0,22.0,21.0,22.0,22.0,21.0,22.0,21.0,21.0,21.0,21.0,22.0,21.0,10.0,press,0,0,2.7889
1787152254.4719,2026-08-19 17:10:54.471,10,c3,1,0,-0.03945,-0.49601,0.04662,-4.7947,10.4218,-24.1197,-0.0787,-0.0024,-0.2348,4.68224,22.0,23.0,23.0,22.0,24.0,24.0,21.0,25.0,25.0,26.0,22.0,25.0,25.0,23.0,23.0,22.0,23.0,22.0,24.0,21.0,22.0,21.0,21.0,22.0,22.0,22.0,22.0,21.0,22.0,22.0,21.0,22.0,21.0,21.0,21.0,21.0,22.0,21.0,10.0,press,0,0,2.8269
1787152254.522,2026-08-19 17:10:54.522,10,c3,1,0,-0.03945,-0.496,0.04629,-4.7348,10.5307,-24.175,-0.0823,0.0009,-0.2391,4.6903,22.0,23.0,23.0,22.0,24.0,24.0,21.0,25.0,25.0,26.0,22.0,25.0,25.0,23.0,23.0,22.0,23.0,22.0,24.0,21.0,22.0,21.0,21.0,22.0,22.0,22.0,22.0,21.0,22.0,22.0,21.0,22.0,21.0,21.0,21.0,21.0,22.0,21.0,10.0,press,0,0,2.7553
1787152254.5721,2026-08-19 17:10:54.572,10,c3,1,0,-0.03943,-0.49601,0.04595,-4.7932,10.4691,-24.0151,-0.0803,-0.0005,-0.2455,4.67418,23.0,25.0,23.0,24.0,26.0,24.0,23.0,26.0,26.0,27.0,22.0,25.0,25.0,25.0,22.0,23.0,23.0,22.0,24.0,21.0,22.0,21.0,21.0,22.0,22.0,22.0,22.0,21.0,22.0,22.0,21.0,22.0,21.0,21.0,21.0,21.0,22.0,21.0,10.0,press,0,0,2.8986
1787152254.6222,2026-08-19 17:10:54.622,10,c3,1,0,-0.03945,-0.49602,0.04561,-4.8947,10.4374,-24.1832,-0.0799,-0.001,-0.2441,4.66663,23.0,25.0,23.0,24.0,26.0,24.0,23.0,26.0,26.0,27.0,22.0,25.0,25.0,25.0,22.0,23.0,23.0,22.0,24.0,21.0,22.0,21.0,21.0,22.0,22.0,22.0,22.0,21.0,22.0,22.0,21.0,22.0,21.0,21.0,21.0,21.0,22.0,21.0,10.0,press,0,0,2.9658
1787152254.6724,2026-08-19 17:10:54.672,10,c3,1,0,-0.03945,-0.49603,0.04531,-4.3418,10.078,-24.0086,-0.0756,0.0146,-0.2369,4.6344,24.0,25.0,24.0,25.0,27.0,24.0,21.0,26.0,27.0,28.0,22.0,25.0,25.0,25.0,22.0,23.0,23.0,21.0,23.0,21.0,22.0,21.0,21.0,22.0,22.0,22.0,22.0,21.0,22.0,22.0,21.0,22.0,21.0,21.0,21.0,21.0,22.0,21.0,10.0,press,0,0,3.2525
1787152254.7225,2026-08-19 17:10:54.722,10,c3,1,0,-0.03944,-0.49602,0.04497,-4.4701,10.5039,-23.9945,-0.0815,0.0053,-0.245,4.62257,22.0,25.0,24.0,23.0,27.0,26.0,22.0,24.0,25.0,30.0,22.0,24.0,24.0,25.0,23.0,23.0,25.0,21.0,23.0,21.0,22.0,21.0,21.0,22.0,22.0,22.0,22.0,21.0,22.0,22.0,21.0,22.0,21.0,21.0,21.0,21.0,22.0,21.0,10.0,press,0,0,3.3578
1787152254.7726,2026-08-19 17:10:54.772,10,c3,1,0,-0.03944,-0.49602,0.04466,-4.49,10.1842,-23.8537,-0.0778,0.0105,-0.2368,4.58707,22.0,25.0,24.0,23.0,27.0,26.0,22.0,24.0,25.0,30.0,22.0,24.0,24.0,25.0,23.0,23.0,25.0,21.0,23.0,21.0,22.0,21.0,21.0,22.0,22.0,22.0,22.0,21.0,22.0,22.0,21.0,22.0,21.0,21.0,21.0,21.0,22.0,21.0,10.0,press,0,0,3.6736
1787152254.8228,2026-08-19 17:10:54.822,10,c3,1,0,-0.03945,-0.49603,0.04432,-4.7374,10.0853,-23.5614,-0.0718,0.0039,-0.2439,4.55308,22.0,24.0,24.0,23.0,26.0,27.0,22.0,25.0,26.0,30.0,22.0,23.0,26.0,27.0,21.0,23.0,24.0,21.0,23.0,21.0,22.0,21.0,21.0,22.0,22.0,22.0,22.0,21.0,22.0,22.0,21.0,22.0,21.0,21.0,21.0,21.0,22.0,21.0,10.0,press,0,0,3.976
1787152254.8729,2026-08-19 17:10:54.872,10,c3,1,0,-0.03945,-0.49603,0.04397,-4.6489,10.2271,-23.5699,-0.0753,0.0055,-0.2407,4.5284,22.0,24.0,24.0,23.0,26.0,27.0,22.0,25.0,26.0,30.0,22.0,23.0,26.0,27.0,21.0,23.0,24.0,21.0,23.0,21.0,22.0,21.0,21.0,22.0,22.0,22.0,22.0,21.0,22.0,22.0,21.0,22.0,21.0,21.0,21.0,21.0,22.0,21.0,10.0,press,0,0,4.1955
1787152254.923,2026-08-19 17:10:54.922,10,c3,1,0,-0.03945,-0.49603,0.04365,-4.8699,10.648,-23.1954,-0.0803,-0.0003,-0.2401,4.47931,21.0,24.0,24.0,22.0,25.0,25.0,23.0,27.0,26.0,32.0,22.0,24.0,24.0,28.0,21.0,22.0,26.0,21.0,22.0,21.0,22.0,21.0,21.0,22.0,22.0,22.0,22.0,21.0,22.0,22.0,21.0,22.0,21.0,21.0,21.0,21.0,22.0,21.0,10.0,press,0,0,4.6323
1787152254.9731,2026-08-19 17:10:54.973,10,c3,1,0,-0.03947,-0.49604,0.0433,-4.5088,10.5535,-22.9085,-0.0755,0.0098,-0.2358,4.4068,23.0,23.0,25.0,23.0,24.0,28.0,22.0,25.0,27.0,31.0,22.0,23.0,26.0,29.0,23.0,22.0,26.0,22.0,23.0,21.0,22.0,21.0,21.0,22.0,22.0,22.0,22.0,21.0,22.0,22.0,21.0,22.0,21.0,21.0,21.0,21.0,22.0,21.0,10.0,press,0,0,5.2774
1787152255.0232,2026-08-19 17:10:55.023,10,c3,1,0,-0.03945,-0.49604,0.04297,-4.7734,10.4477,-22.7822,-0.0762,0.0016,-0.2442,4.32824,23.0,23.0,25.0,23.0,24.0,28.0,22.0,25.0,27.0,31.0,22.0,23.0,26.0,29.0,23.0,22.0,26.0,22.0,23.0,21.0,22.0,21.0,21.0,22.0,22.0,22.0,22.0,21.0,22.0,22.0,21.0,22.0,21.0,21.0,21.0,21.0,22.0,21.0,10.0,press,0,0,5.9762
1787152255.0733,2026-08-19 17:10:55.073,10,c3,1,0,-0.03945,-0.49604,0.04264,-4.513,10.3958,-22.3566,-0.0749,0.0088,-0.237,4.25246,22.0,25.0,22.0,23.0,28.0,27.0,22.0,26.0,28.0,31.0,23.0,23.0,28.0,28.0,22.0,22.0,24.0,22.0,24.0,21.0,22.0,21.0,21.0,22.0,22.0,22.0,22.0,21.0,22.0,22.0,21.0,22.0,21.0,21.0,21.0,21.0,22.0,21.0,10.0,press,0,0,6.6504
1787152255.1234,2026-08-19 17:10:55.123,10,c3,1,0,-0.03945,-0.49603,0.04231,-5.1535,10.749,-21.9065,-0.0819,-0.0025,-0.25,4.14999,22.0,25.0,22.0,23.0,28.0,27.0,22.0,26.0,28.0,31.0,23.0,23.0,28.0,28.0,22.0,22.0,24.0,22.0,24.0,21.0,22.0,21.0,21.0,22.0,22.0,22.0,22.0,21.0,22.0,22.0,21.0,22.0,21.0,21.0,21.0,21.0,22.0,21.0,10.0,press,0,0,7.5621
1787152255.1735,2026-08-19 17:10:55.173,10,c3,1,0,-0.03945,-0.49603,0.04203,-4.6464,10.4208,-21.6792,-0.0749,0.0107,-0.2375,4.06665,23.0,24.0,21.0,23.0,29.0,27.0,22.0,26.0,29.0,30.0,22.0,22.0,27.0,31.0,21.0,24.0,26.0,20.0,25.0,21.0,22.0,21.0,21.0,22.0,22.0,22.0,22.0,21.0,22.0,22.0,21.0,22.0,21.0,21.0,21.0,21.0,22.0,21.0,10.0,press,0,0,8.3035
1787152255.2236,2026-08-19 17:10:55.223,10,c3,1,0,-0.03945,-0.49602,0.04176,-4.659,10.6122,-21.261,-0.0742,0.0095,-0.2345,3.98432,24.0,25.0,20.0,24.0,29.0,28.0,20.0,24.0,31.0,31.0,23.0,21.0,27.0,32.0,23.0,21.0,26.0,23.0,23.0,21.0,22.0,21.0,21.0,22.0,22.0,22.0,22.0,21.0,22.0,22.0,21.0,22.0,21.0,21.0,21.0,21.0,22.0,21.0,10.0,press,0,0,9.0359
1787152255.2738,2026-08-19 17:10:55.273,10,c3,1,0,-0.03945,-0.49604,0.04157,-5.0344,10.4403,-21.1378,-0.0739,0.0024,-0.2427,3.91055,24.0,25.0,20.0,24.0,29.0,28.0,20.0,24.0,31.0,31.0,23.0,21.0,27.0,32.0,23.0,21.0,26.0,23.0,23.0,21.0,22.0,21.0,21.0,22.0,22.0,22.0,22.0,21.0,22.0,22.0,21.0,22.0,21.0,21.0,21.0,21.0,22.0,21.0,10.0,press,0,0,9.6922
1787152255.3239,2026-08-19 17:10:55.323,10,c3,1,0,-0.03946,-0.49602,0.04138,-4.7907,10.7054,-21.167,-0.0792,0.0071,-0.2393,3.85516,22.0,25.0,21.0,23.0,30.0,29.0,22.0,25.0,30.0,32.0,22.0,22.0,26.0,35.0,21.0,21.0,26.0,21.0,23.0,21.0,22.0,21.0,21.0,22.0,22.0,22.0,22.0,21.0,22.0,22.0,21.0,22.0,21.0,21.0,21.0,21.0,22.0,21.0,10.0,press,0,0,10.185
1787152255.374,2026-08-19 17:10:55.373,10,c3,1,0,-0.03945,-0.49603,0.04125,-4.774,10.6466,-20.8016,-0.0796,0.0087,-0.2404,3.80733,22.0,25.0,21.0,23.0,30.0,29.0,22.0,25.0,30.0,32.0,22.0,22.0,26.0,35.0,21.0,21.0,26.0,21.0,23.0,21.0,22.0,21.0,21.0,22.0,22.0,22.0,22.0,21.0,22.0,22.0,21.0,22.0,21.0,21.0,21.0,21.0,22.0,21.0,10.0,press,0,0,10.6106
1787152255.4241,2026-08-19 17:10:55.424,10,c3,1,0,-0.03946,-0.49602,0.04113,-4.4706,10.3873,-20.768,-0.0714,0.0179,-0.2294,3.7678,23.0,23.0,22.0,24.0,30.0,30.0,22.0,25.0,31.0,32.0,23.0,23.0,28.0,35.0,22.0,22.0,26.0,22.0,24.0,21.0,22.0,21.0,21.0,22.0,22.0,22.0,22.0,21.0,22.0,22.0,21.0,22.0,21.0,21.0,21.0,21.0,22.0,21.0,10.0,press,0,0,10.9622
1787152255.4742,2026-08-19 17:10:55.474,10,c3,1,0,-0.03944,-0.49603,0.04105,-4.7697,10.3865,-20.4637,-0.0742,0.0079,-0.2422,3.73859,22.0,26.0,21.0,22.0,32.0,30.0,22.0,26.0,33.0,32.0,23.0,22.0,29.0,35.0,22.0,21.0,27.0,23.0,23.0,21.0,22.0,21.0,21.0,22.0,22.0,22.0,22.0,21.0,22.0,22.0,21.0,22.0,21.0,21.0,21.0,21.0,22.0,21.0,10.0,press,0,0,11.2221
1787152255.5243,2026-08-19 17:10:55.524,10,c3,1,0,-0.03945,-0.49604,0.041,-4.4645,9.9757,-20.6164,-0.0605,0.016,-0.2334,3.73129,22.0,26.0,21.0,22.0,32.0,30.0,22.0,26.0,33.0,32.0,23.0,22.0,29.0,35.0,22.0,21.0,27.0,23.0,23.0,21.0,22.0,21.0,21.0,22.0,22.0,22.0,22.0,21.0,22.0,22.0,21.0,22.0,21.0,21.0,21.0,21.0,22.0,21.0,10.0,press,0,0,11.287
1787152255.5744,2026-08-19 17:10:55.574,10,c3,1,0,-0.03944,-0.49602,0.04095,-4.6137,10.0013,-20.3939,-0.0577,0.015,-0.2313,3.72248,25.0,27.0,20.0,23.0,31.0,30.0,22.0,27.0,33.0,33.0,23.0,23.0,28.0,37.0,21.0,23.0,29.0,22.0,25.0,21.0,22.0,21.0,21.0,22.0,22.0,22.0,22.0,21.0,22.0,22.0,21.0,22.0,21.0,21.0,21.0,21.0,22.0,21.0,10.0,press,0,0,11.3654
1787152255.6245,2026-08-19 17:10:55.624,10,c3,1,0,-0.03946,-0.49603,0.04096,-4.6279,10.2175,-20.6033,-0.065,0.0159,-0.2376,3.71643,25.0,27.0,20.0,23.0,31.0,30.0,22.0,27.0,33.0,33.0,23.0,23.0,28.0,37.0,21.0,23.0,29.0,22.0,25.0,21.0,22.0,21.0,21.0,22.0,22.0,22.0,22.0,21.0,22.0,22.0,21.0,22.0,21.0,21.0,21.0,21.0,22.0,21.0,10.0,hold,0,0,11.4192
1787152255.6746,2026-08-19 17:10:55.674,10,c3,1,0,-0.03945,-0.49602,0.04092,-4.8881,10.6666,-20.5246,-0.0751,0.0094,-0.2359,3.70561,25.0,26.0,21.0,24.0,32.0,32.0,22.0,27.0,31.0,33.0,23.0,23.0,28.0,37.0,22.0,23.0,28.0,22.0,26.0,21.0,22.0,21.0,21.0,22.0,22.0,22.0,22.0,21.0,22.0,22.0,21.0,22.0,21.0,21.0,21.0,21.0,22.0,21.0,10.0,hold,0,0,11.5155
1787152255.7255,2026-08-19 17:10:55.725,10,c3,1,0,-0.03944,-0.49602,0.04092,-4.7573,10.727,-20.4886,-0.0751,0.0109,-0.2394,3.70712,24.0,25.0,22.0,25.0,33.0,33.0,23.0,27.0,32.0,34.0,23.0,25.0,29.0,37.0,22.0,23.0,26.0,24.0,25.0,21.0,22.0,21.0,21.0,22.0,22.0,22.0,22.0,21.0,22.0,22.0,21.0,22.0,21.0,21.0,21.0,21.0,22.0,21.0,10.0,hold,0,0,11.502
1787152255.7756,2026-08-19 17:10:55.775,10,c3,1,0,-0.03945,-0.49602,0.04091,-4.9453,10.8026,-20.4017,-0.0801,0.0041,-0.2373,3.71744,24.0,25.0,22.0,25.0,33.0,33.0,23.0,27.0,32.0,34.0,23.0,25.0,29.0,37.0,22.0,23.0,26.0,24.0,25.0,21.0,22.0,21.0,21.0,22.0,22.0,22.0,22.0,21.0,22.0,22.0,21.0,22.0,21.0,21.0,21.0,21.0,22.0,21.0,10.0,hold,0,0,11.4102
1787152255.8258,2026-08-19 17:10:55.825,10,c3,1,0,-0.03944,-0.49602,0.04091,-4.836,10.5495,-20.5429,-0.0719,0.0102,-0.2327,3.70964,26.0,24.0,22.0,25.0,33.0,32.0,23.0,27.0,33.0,33.0,23.0,23.0,29.0,37.0,23.0,23.0,27.0,23.0,26.0,21.0,22.0,21.0,21.0,22.0,22.0,22.0,22.0,21.0,22.0,22.0,21.0,22.0,21.0,21.0,21.0,21.0,22.0,21.0,10.0,hold,0,0,11.4796
1787152255.8759,2026-08-19 17:10:55.875,10,c3,1,0,-0.03946,-0.49601,0.04092,-4.4862,10.1643,-20.5462,-0.0652,0.0189,-0.2355,3.72399,26.0,24.0,22.0,25.0,33.0,32.0,23.0,27.0,33.0,33.0,23.0,23.0,29.0,37.0,23.0,23.0,27.0,23.0,26.0,21.0,22.0,21.0,21.0,22.0,22.0,22.0,22.0,21.0,22.0,22.0,21.0,22.0,21.0,21.0,21.0,21.0,22.0,21.0,10.0,hold,0,0,11.352
1787152255.926,2026-08-19 17:10:55.925,10,c3,1,0,-0.03944,-0.49601,0.04091,-4.7601,10.3414,-20.3356,-0.0716,0.0115,-0.2357,3.71694,23.0,25.0,22.0,22.0,33.0,32.0,22.0,27.0,33.0,33.0,23.0,23.0,28.0,37.0,24.0,23.0,26.0,24.0,24.0,21.0,22.0,21.0,21.0,22.0,22.0,22.0,22.0,21.0,22.0,22.0,21.0,22.0,21.0,21.0,21.0,21.0,22.0,21.0,10.0,hold,0,0,11.4147
1787152255.9761,2026-08-19 17:10:55.976,10,c3,1,0,-0.03944,-0.49602,0.04091,-5.1274,10.4431,-20.2685,-0.068,0.0056,-0.2375,3.71719,23.0,25.0,22.0,22.0,33.0,32.0,22.0,27.0,33.0,33.0,23.0,23.0,28.0,37.0,24.0,23.0,26.0,24.0,24.0,21.0,22.0,21.0,21.0,22.0,22.0,22.0,22.0,21.0,22.0,22.0,21.0,22.0,21.0,21.0,21.0,21.0,22.0,21.0,10.0,hold,0,0,11.4125
1787152256.0262,2026-08-19 17:10:56.026,10,c3,1,0,-0.03944,-0.49602,0.04092,-4.7843,10.2042,-20.3797,-0.0638,0.0089,-0.2335,3.72399,24.0,23.0,21.0,23.0,32.0,32.0,23.0,26.0,32.0,33.0,23.0,23.0,29.0,37.0,23.0,23.0,27.0,23.0,24.0,21.0,22.0,21.0,21.0,22.0,22.0,22.0,22.0,21.0,22.0,22.0,21.0,22.0,21.0,21.0,21.0,21.0,22.0,21.0,10.0,hold,0,0,11.352
1787152256.0764,2026-08-19 17:10:56.076,10,c3,1,0,-0.03944,-0.49602,0.04092,-4.7291,10.4983,-20.5058,-0.0723,0.0107,-0.2387,3.72071,24.0,24.0,21.0,23.0,32.0,32.0,22.0,24.0,32.0,34.0,23.0,22.0,27.0,38.0,22.0,20.0,28.0,22.0,22.0,21.0,22.0,21.0,21.0,22.0,22.0,22.0,22.0,21.0,22.0,22.0,21.0,22.0,21.0,21.0,21.0,21.0,22.0,21.0,10.0,hold,0,0,11.3811
1787152256.1265,2026-08-19 17:10:56.126,10,c3,1,0,-0.03945,-0.49601,0.04091,-4.9182,10.5856,-20.3719,-0.0751,0.0077,-0.2335,3.72978,24.0,24.0,21.0,23.0,32.0,32.0,22.0,24.0,32.0,34.0,23.0,22.0,27.0,38.0,22.0,20.0,28.0,22.0,22.0,21.0,22.0,21.0,21.0,22.0,22.0,22.0,22.0,21.0,22.0,22.0,21.0,22.0,21.0,21.0,21.0,21.0,22.0,21.0,10.0,hold,0,0,11.3004
1787152256.1766,2026-08-19 17:10:56.176,10,c3,1,0,-0.03944,-0.496,0.0409,-4.9597,10.694,-20.3355,-0.0769,0.0036,-0.2445,3.72197,23.0,24.0,22.0,21.0,31.0,33.0,22.0,27.0,31.0,34.0,23.0,23.0,27.0,37.0,21.0,23.0,27.0,20.0,25.0,21.0,22.0,21.0,21.0,22.0,22.0,22.0,22.0,21.0,22.0,22.0,21.0,22.0,21.0,21.0,21.0,21.0,22.0,21.0,10.0,hold,0,0,11.3699
1787152256.2267,2026-08-19 17:10:56.226,10,c3,1,0,-0.03944,-0.49601,0.04092,-4.8951,10.1834,-20.5467,-0.0613,0.0093,-0.2387,3.73356,23.0,24.0,22.0,21.0,31.0,33.0,22.0,27.0,31.0,34.0,23.0,23.0,27.0,37.0,21.0,23.0,27.0,20.0,25.0,21.0,22.0,21.0,21.0,22.0,22.0,22.0,22.0,21.0,22.0,22.0,21.0,22.0,21.0,21.0,21.0,21.0,22.0,21.0,10.0,hold,0,0,11.2669
1787152256.2769,2026-08-19 17:10:56.276,10,c3,1,0,-0.03945,-0.49602,0.04091,-4.7525,10.1334,-20.3415,-0.0641,0.0105,-0.2399,3.7323,24.0,23.0,21.0,24.0,31.0,33.0,22.0,27.0,31.0,35.0,23.0,24.0,27.0,37.0,23.0,22.0,27.0,22.0,25.0,21.0,22.0,21.0,21.0,22.0,22.0,22.0,22.0,21.0,22.0,22.0,21.0,22.0,21.0,21.0,21.0,21.0,22.0,21.0,10.0,hold,0,0,11.2781
1787152256.327,2026-08-19 17:10:56.326,10,c3,1,0,-0.03944,-0.49601,0.04091,-4.6972,10.1235,-20.3642,-0.0648,0.016,-0.2337,3.72424,24.0,24.0,22.0,24.0,32.0,32.0,21.0,28.0,31.0,33.0,24.0,24.0,28.0,37.0,23.0,23.0,28.0,24.0,25.0,21.0,22.0,21.0,21.0,22.0,22.0,22.0,22.0,21.0,22.0,22.0,21.0,22.0,21.0,21.0,21.0,21.0,22.0,21.0,10.0,hold,0,0,11.3497
1787152256.3771,2026-08-19 17:10:56.377,10,c3,1,0,-0.03943,-0.49601,0.04091,-4.8831,10.5579,-20.2825,-0.0754,0.0097,-0.2413,3.73356,24.0,24.0,22.0,24.0,32.0,32.0,21.0,28.0,31.0,33.0,24.0,24.0,28.0,37.0,23.0,23.0,28.0,24.0,25.0,21.0,22.0,21.0,21.0,22.0,22.0,22.0,22.0,21.0,22.0,22.0,21.0,22.0,21.0,21.0,21.0,21.0,22.0,21.0,10.0,hold,0,0,11.2669
1787152256.4272,2026-08-19 17:10:56.427,10,c3,1,0,-0.03945,-0.49603,0.04092,-5.0156,10.9723,-20.2106,-0.0823,0.0057,-0.2364,3.72399,24.0,24.0,22.0,25.0,32.0,32.0,23.0,27.0,31.0,33.0,24.0,23.0,28.0,36.0,23.0,22.0,25.0,23.0,25.0,21.0,22.0,21.0,21.0,22.0,22.0,22.0,22.0,21.0,22.0,22.0,21.0,22.0,21.0,21.0,21.0,21.0,22.0,21.0,10.0,hold,0,0,11.352
1787152256.4774,2026-08-19 17:10:56.477,10,c3,1,0,-0.03944,-0.49601,0.04092,-4.8325,10.2604,-20.5975,-0.0654,0.0095,-0.2371,3.73356,24.0,24.0,22.0,25.0,32.0,32.0,23.0,27.0,31.0,33.0,24.0,23.0,28.0,36.0,23.0,22.0,25.0,23.0,25.0,21.0,22.0,21.0,21.0,22.0,22.0,22.0,22.0,21.0,22.0,22.0,21.0,22.0,21.0,21.0,21.0,21.0,22.0,21.0,10.0,hold,0,0,11.2669
1787152256.5275,2026-08-19 17:10:56.527,10,c3,1,0,-0.03944,-0.49601,0.04091,-4.5264,10.2325,-20.747,-0.0632,0.018,-0.237,3.72953,24.0,24.0,21.0,23.0,30.0,32.0,24.0,26.0,33.0,34.0,23.0,23.0,30.0,38.0,22.0,22.0,28.0,21.0,24.0,21.0,22.0,21.0,21.0,22.0,22.0,22.0,22.0,21.0,22.0,22.0,21.0,22.0,21.0,21.0,21.0,21.0,22.0,21.0,10.0,hold,0,0,11.3027
1787152256.5776,2026-08-19 17:10:56.577,10,c3,1,0,-0.03946,-0.49601,0.04091,-4.5621,10.1122,-20.5992,-0.0655,0.0174,-0.2329,3.72953,23.0,24.0,22.0,23.0,33.0,33.0,22.0,27.0,34.0,34.0,23.0,24.0,29.0,37.0,21.0,24.0,26.0,21.0,25.0,21.0,22.0,21.0,21.0,22.0,22.0,22.0,22.0,21.0,22.0,22.0,21.0,22.0,21.0,21.0,21.0,21.0,22.0,21.0,10.0,hold,0,0,11.3027
1787152256.6278,2026-08-19 17:10:56.627,10,c3,1,0,-0.03945,-0.49601,0.04091,-4.9016,10.0454,-20.5918,-0.0602,0.0117,-0.2388,3.73507,23.0,24.0,22.0,23.0,33.0,33.0,22.0,27.0,34.0,34.0,23.0,24.0,29.0,37.0,21.0,24.0,26.0,21.0,25.0,21.0,22.0,21.0,21.0,22.0,22.0,22.0,22.0,21.0,22.0,22.0,21.0,22.0,21.0,21.0,21.0,21.0,22.0,21.0,10.0,hold,0,0,11.2534
1787152256.6779,2026-08-19 17:10:56.677,10,c3,1,0,-0.03944,-0.49601,0.04092,-4.846,10.266,-20.4619,-0.0674,0.0125,-0.2394,3.73255,26.0,25.0,21.0,25.0,33.0,32.0,23.0,27.0,31.0,33.0,24.0,23.0,27.0,38.0,22.0,22.0,28.0,21.0,23.0,21.0,22.0,21.0,21.0,22.0,22.0,22.0,22.0,21.0,22.0,22.0,21.0,22.0,21.0,21.0,21.0,21.0,22.0,21.0,10.0,hold,0,0,11.2758
1787152256.728,2026-08-19 17:10:56.728,10,c3,1,0,-0.03944,-0.49602,0.04092,-4.8728,10.9016,-20.5556,-0.0786,0.0077,-0.2437,3.73381,26.0,25.0,21.0,25.0,33.0,32.0,23.0,27.0,31.0,33.0,24.0,23.0,27.0,38.0,22.0,22.0,28.0,21.0,23.0,21.0,22.0,21.0,21.0,22.0,22.0,22.0,22.0,21.0,22.0,22.0,21.0,22.0,21.0,21.0,21.0,21.0,22.0,21.0,10.0,hold,0,0,11.2646
1787152256.7781,2026-08-19 17:10:56.778,10,c3,1,0,-0.03944,-0.49601,0.04093,-4.7102,10.5345,-20.5224,-0.0737,0.0092,-0.233,3.73406,23.0,23.0,22.0,24.0,32.0,32.0,23.0,26.0,34.0,32.0,23.0,24.0,27.0,37.0,22.0,23.0,26.0,23.0,26.0,21.0,22.0,21.0,21.0,22.0,22.0,22.0,22.0,21.0,22.0,22.0,21.0,22.0,21.0,21.0,21.0,21.0,22.0,21.0,10.0,hold,0,0,11.2624
1787152256.8283,2026-08-19 17:10:56.828,10,c3,1,0,-0.03946,-0.49602,0.04092,-4.4644,10.3775,-20.6338,-0.0694,0.0162,-0.2391,3.73758,23.0,23.0,22.0,24.0,32.0,32.0,23.0,26.0,34.0,32.0,23.0,24.0,27.0,37.0,22.0,23.0,26.0,23.0,26.0,21.0,22.0,21.0,21.0,22.0,22.0,22.0,22.0,21.0,22.0,22.0,21.0,22.0,21.0,21.0,21.0,21.0,22.0,21.0,10.0,hold,0,0,11.231
1787152256.8784,2026-08-19 17:10:56.878,10,c3,1,0,-0.03944,-0.49601,0.04092,-4.7975,10.253,-20.6366,-0.0692,0.0125,-0.2325,3.73129,24.0,25.0,21.0,24.0,33.0,32.0,23.0,27.0,33.0,35.0,24.0,23.0,29.0,36.0,24.0,21.0,26.0,22.0,24.0,21.0,22.0,21.0,21.0,22.0,22.0,22.0,22.0,21.0,22.0,22.0,21.0,22.0,21.0,21.0,21.0,21.0,22.0,21.0,10.0,hold,0,0,11.287
1787152256.9286,2026-08-19 17:10:56.928,10,c3,1,0,-0.03944,-0.49601,0.04091,-4.8,10.46,-20.7032,-0.0723,0.0104,-0.2312,3.74212,25.0,25.0,21.0,24.0,32.0,32.0,23.0,26.0,31.0,32.0,23.0,23.0,28.0,34.0,23.0,22.0,25.0,22.0,24.0,21.0,22.0,21.0,21.0,22.0,22.0,22.0,22.0,21.0,22.0,22.0,21.0,22.0,21.0,21.0,21.0,21.0,22.0,21.0,10.0,hold,0,0,11.1907
1787152256.9787,2026-08-19 17:10:56.978,10,c3,1,0,-0.03945,-0.49604,0.04094,-4.8681,10.5092,-20.7484,-0.076,0.009,-0.2383,3.74086,25.0,25.0,21.0,24.0,32.0,32.0,23.0,26.0,31.0,32.0,23.0,23.0,28.0,34.0,23.0,22.0,25.0,22.0,24.0,21.0,22.0,21.0,21.0,22.0,22.0,22.0,22.0,21.0,22.0,22.0,21.0,22.0,21.0,21.0,21.0,21.0,22.0,21.0,10.0,hold,0,0,11.2019
1787152257.0288,2026-08-19 17:10:57.028,10,c3,1,0,-0.03944,-0.49603,0.04094,-4.5326,10.0319,-20.7609,-0.0625,0.0189,-0.2312,3.73204,24.0,25.0,19.0,24.0,32.0,31.0,24.0,27.0,31.0,33.0,24.0,23.0,28.0,36.0,23.0,23.0,27.0,23.0,24.0,21.0,22.0,21.0,21.0,22.0,22.0,22.0,22.0,21.0,22.0,22.0,21.0,22.0,21.0,21.0,21.0,21.0,22.0,21.0,10.0,hold,0,0,11.2803
1787152257.0789,2026-08-19 17:10:57.078,10,c3,1,0,-0.03943,-0.49602,0.04091,-4.3573,10.5661,-20.753,-0.0742,0.0204,-0.2338,3.73783,24.0,25.0,19.0,24.0,32.0,31.0,24.0,27.0,31.0,33.0,24.0,23.0,28.0,36.0,23.0,23.0,27.0,23.0,24.0,21.0,22.0,21.0,21.0,22.0,22.0,22.0,22.0,21.0,22.0,22.0,21.0,22.0,21.0,21.0,21.0,21.0,22.0,21.0,10.0,hold,0,0,11.2288
1787152257.1291,2026-08-19 17:10:57.129,10,c3,1,0,-0.03945,-0.49601,0.0409,-4.8043,10.6295,-20.8089,-0.0785,0.0126,-0.2334,3.74262,25.0,23.0,22.0,24.0,32.0,31.0,24.0,27.0,31.0,34.0,24.0,24.0,26.0,38.0,23.0,24.0,27.0,24.0,26.0,21.0,22.0,21.0,21.0,22.0,22.0,22.0,22.0,21.0,22.0,22.0,21.0,22.0,21.0,21.0,21.0,21.0,22.0,21.0,10.0,hold,0,0,11.1862
1787152257.1792,2026-08-19 17:10:57.179,10,c3,1,0,-0.03943,-0.496,0.04092,-4.2917,9.9314,-20.6477,-0.0624,0.0258,-0.2319,3.73708,24.0,24.0,21.0,23.0,32.0,33.0,23.0,27.0,33.0,33.0,23.0,22.0,29.0,38.0,22.0,22.0,27.0,22.0,25.0,21.0,22.0,21.0,21.0,22.0,22.0,22.0,22.0,21.0,22.0,22.0,21.0,22.0,21.0,21.0,21.0,21.0,22.0,21.0,10.0,hold,0,0,11.2355
1787152257.2293,2026-08-19 17:10:57.229,10,c3,1,0,-0.03946,-0.49603,0.04093,-4.9103,10.1324,-20.6419,-0.0669,0.0088,-0.228,3.74388,24.0,24.0,21.0,23.0,32.0,33.0,23.0,27.0,33.0,33.0,23.0,22.0,29.0,38.0,22.0,22.0,27.0,22.0,25.0,21.0,22.0,21.0,21.0,22.0,22.0,22.0,22.0,21.0,22.0,22.0,21.0,22.0,21.0,21.0,21.0,21.0,22.0,21.0,10.0,hold,0,0,11.175
1787152257.2794,2026-08-19 17:10:57.279,10,c3,1,0,-0.03944,-0.49601,0.04092,-4.8137,10.4855,-20.6414,-0.0723,0.0087,-0.2338,3.73632,24.0,27.0,20.0,23.0,34.0,32.0,22.0,27.0,32.0,32.0,25.0,25.0,28.0,36.0,25.0,25.0,25.0,24.0,26.0,21.0,22.0,21.0,21.0,22.0,22.0,22.0,22.0,21.0,22.0,22.0,21.0,22.0,21.0,21.0,21.0,21.0,22.0,21.0,10.0,hold,0,0,11.2422
1787152257.3296,2026-08-19 17:10:57.329,10,c3,1,0,-0.03943,-0.49601,0.04092,-4.2535,10.0183,-20.9372,-0.058,0.027,-0.2298,3.74589,24.0,27.0,20.0,23.0,34.0,32.0,22.0,27.0,32.0,32.0,25.0,25.0,28.0,36.0,25.0,25.0,25.0,24.0,26.0,21.0,22.0,21.0,21.0,22.0,22.0,22.0,22.0,21.0,22.0,22.0,21.0,22.0,21.0,21.0,21.0,21.0,22.0,21.0,10.0,hold,0,0,11.1571
1787152257.3797,2026-08-19 17:10:57.379,10,c3,1,0,-0.03944,-0.49602,0.04091,-5.0127,10.6479,-20.6994,-0.0762,0.0028,-0.2417,3.74312,26.0,24.0,21.0,24.0,32.0,31.0,24.0,27.0,32.0,33.0,24.0,24.0,29.0,37.0,24.0,23.0,27.0,22.0,25.0,21.0,22.0,21.0,21.0,22.0,22.0,22.0,22.0,21.0,22.0,22.0,21.0,22.0,21.0,21.0,21.0,21.0,22.0,21.0,10.0,hold,0,0,11.1817
1787152257.4298,2026-08-19 17:10:57.429,10,c3,1,0,-0.03945,-0.49601,0.04091,-4.6693,10.2395,-20.7859,-0.0655,0.0152,-0.2377,3.73783,25.0,23.0,22.0,25.0,33.0,32.0,23.0,26.0,32.0,35.0,24.0,23.0,28.0,37.0,24.0,23.0,26.0,23.0,24.0,21.0,22.0,21.0,21.0,22.0,22.0,22.0,22.0,21.0,22.0,22.0,21.0,22.0,21.0,21.0,21.0,21.0,22.0,21.0,10.0,hold,0,0,11.2288
1787152257.4799,2026-08-19 17:10:57.479,10,c3,1,0,-0.03945,-0.49601,0.04092,-4.296,10.1302,-20.9082,-0.0611,0.0218,-0.2337,3.74614,25.0,23.0,22.0,25.0,33.0,32.0,23.0,26.0,32.0,35.0,24.0,23.0,28.0,37.0,24.0,23.0,26.0,23.0,24.0,21.0,22.0,21.0,21.0,22.0,22.0,22.0,22.0,21.0,22.0,22.0,21.0,22.0,21.0,21.0,21.0,21.0,22.0,21.0,10.0,hold,0,0,11.1549
1787152257.5301,2026-08-19 17:10:57.530,10,c3,1,0,-0.03944,-0.49601,0.04092,-4.5808,10.474,-20.9011,-0.0709,0.0154,-0.2358,3.74111,25.0,25.0,22.0,23.0,32.0,32.0,23.0,27.0,33.0,32.0,23.0,24.0,28.0,35.0,24.0,24.0,25.0,23.0,24.0,21.0,22.0,21.0,21.0,22.0,22.0,22.0,22.0,21.0,22.0,22.0,21.0,22.0,21.0,21.0,21.0,21.0,22.0,21.0,10.0,hold,0,0,11.1997
1787152257.5802,2026-08-19 17:10:57.580,10,c3,1,0,-0.03943,-0.49602,0.04091,-4.7204,10.1292,-20.8282,-0.0654,0.0102,-0.2352,3.74967,25.0,25.0,22.0,23.0,32.0,32.0,23.0,27.0,33.0,32.0,23.0,24.0,28.0,35.0,24.0,24.0,25.0,23.0,24.0,21.0,22.0,21.0,21.0,22.0,22.0,22.0,22.0,21.0,22.0,22.0,21.0,22.0,21.0,21.0,21.0,21.0,22.0,21.0,10.0,hold,0,0,11.1235
1787152257.6304,2026-08-19 17:10:57.630,10,c3,1,0,-0.03945,-0.49603,0.04092,-4.3049,10.1743,-20.879,-0.0641,0.0214,-0.2273,3.74514,25.0,25.0,20.0,25.0,32.0,32.0,23.0,24.0,33.0,33.0,23.0,22.0,29.0,37.0,22.0,21.0,25.0,22.0,24.0,21.0,22.0,21.0,21.0,22.0,22.0,22.0,22.0,21.0,22.0,22.0,21.0,22.0,21.0,21.0,21.0,21.0,22.0,21.0,10.0,hold,0,0,11.1638
1787152257.6805,2026-08-19 17:10:57.680,10,c3,1,0,-0.03947,-0.49601,0.04092,-4.3758,9.9944,-20.8853,-0.0575,0.0204,-0.2311,3.73758,23.0,24.0,21.0,24.0,34.0,32.0,23.0,26.0,32.0,35.0,23.0,23.0,28.0,38.0,23.0,21.0,27.0,22.0,23.0,21.0,22.0,21.0,21.0,22.0,22.0,22.0,22.0,21.0,22.0,22.0,21.0,22.0,21.0,21.0,21.0,21.0,22.0,21.0,10.0,hold,0,0,11.231
1787152257.7306,2026-08-19 17:10:57.730,10,c3,1,0,-0.03944,-0.49602,0.04092,-4.4117,10.2063,-20.9447,-0.066,0.0178,-0.2288,3.74841,23.0,24.0,21.0,24.0,34.0,32.0,23.0,26.0,32.0,35.0,23.0,23.0,28.0,38.0,23.0,21.0,27.0,22.0,23.0,21.0,22.0,21.0,21.0,22.0,22.0,22.0,22.0,21.0,22.0,22.0,21.0,22.0,21.0,21.0,21.0,21.0,22.0,21.0,10.0,hold,0,0,11.1347
1787152257.7807,2026-08-19 17:10:57.780,10,c3,1,0,-0.03944,-0.49602,0.04092,-4.4946,10.3231,-20.9783,-0.0689,0.0137,-0.2333,3.74715,23.0,24.0,21.0,23.0,33.0,32.0,22.0,27.0,31.0,32.0,23.0,24.0,27.0,37.0,24.0,23.0,27.0,23.0,25.0,21.0,22.0,21.0,21.0,22.0,22.0,22.0,22.0,21.0,22.0,22.0,21.0,22.0,21.0,21.0,21.0,21.0,22.0,21.0,10.0,hold,0,0,11.1459
1787152257.8309,2026-08-19 17:10:57.830,10,c3,1,0,-0.03945,-0.49602,0.04093,-4.1188,10.3323,-20.7925,-0.0721,0.0255,-0.2291,3.7396,23.0,24.0,21.0,23.0,33.0,32.0,22.0,27.0,31.0,32.0,23.0,24.0,27.0,37.0,24.0,23.0,27.0,23.0,25.0,21.0,22.0,21.0,21.0,22.0,22.0,22.0,22.0,21.0,22.0,22.0,21.0,22.0,21.0,21.0,21.0,21.0,22.0,21.0,10.0,hold,0,0,11.2131
1787152257.8809,2026-08-19 17:10:57.880,10,c3,1,0,-0.03945,-0.49601,0.04091,-4.8506,10.2258,-20.6692,-0.0688,0.0088,-0.2405,3.74967,25.0,22.0,20.0,24.0,31.0,31.0,22.0,27.0,33.0,34.0,24.0,24.0,28.0,37.0,23.0,24.0,27.0,24.0,26.0,21.0,22.0,21.0,21.0,22.0,22.0,22.0,22.0,21.0,22.0,22.0,21.0,22.0,21.0,21.0,21.0,21.0,22.0,21.0,10.0,hold,0,0,11.1235
1787152257.931,2026-08-19 17:10:57.931,10,c3,1,0,-0.03946,-0.49602,0.04091,-4.4372,10.2915,-20.8224,-0.0685,0.0217,-0.2291,3.74086,25.0,22.0,20.0,24.0,31.0,31.0,22.0,27.0,33.0,34.0,24.0,24.0,28.0,37.0,23.0,24.0,27.0,24.0,26.0,21.0,22.0,21.0,21.0,22.0,22.0,22.0,22.0,21.0,22.0,22.0,21.0,22.0,21.0,21.0,21.0,21.0,22.0,21.0,10.0,hold,0,0,11.2019
1787152257.9811,2026-08-19 17:10:57.981,10,c3,1,0,-0.03946,-0.49601,0.04091,-4.5047,10.0464,-20.6464,-0.062,0.0177,-0.2345,3.75168,24.0,25.0,22.0,25.0,33.0,33.0,24.0,27.0,33.0,35.0,24.0,24.0,28.0,38.0,23.0,23.0,28.0,23.0,25.0,21.0,22.0,21.0,21.0,22.0,22.0,22.0,22.0,21.0,22.0,22.0,21.0,22.0,21.0,21.0,21.0,21.0,22.0,21.0,10.0,hold,0,0,11.1056
1787152258.0313,2026-08-19 17:10:58.031,10,c3,1,0,-0.03943,-0.49602,0.04092,-4.7173,10.3618,-20.7357,-0.0683,0.0121,-0.2323,3.73733,23.0,24.0,21.0,23.0,32.0,33.0,23.0,27.0,32.0,33.0,23.0,24.0,28.0,37.0,24.0,22.0,26.0,24.0,24.0,21.0,22.0,21.0,21.0,22.0,22.0,22.0,22.0,21.0,22.0,22.0,21.0,22.0,21.0,21.0,21.0,21.0,22.0,21.0,10.0,hold,0,0,11.2333
1787152258.0814,2026-08-19 17:10:58.081,10,c3,1,0,-0.03945,-0.49601,0.04092,-4.7891,10.4234,-20.5888,-0.0707,0.0083,-0.2349,3.75219,23.0,24.0,21.0,23.0,32.0,33.0,23.0,27.0,32.0,33.0,23.0,24.0,28.0,37.0,24.0,22.0,26.0,24.0,24.0,21.0,22.0,21.0,21.0,22.0,22.0,22.0,22.0,21.0,22.0,22.0,21.0,22.0,21.0,21.0,21.0,21.0,22.0,21.0,10.0,hold,0,0,11.1011
1787152258.1315,2026-08-19 17:10:58.131,10,c3,1,0,-0.03943,-0.49601,0.04092,-4.6166,10.2948,-20.5731,-0.071,0.0132,-0.2319,3.74111,23.0,24.0,19.0,23.0,33.0,31.0,22.0,25.0,32.0,34.0,24.0,21.0,29.0,37.0,24.0,21.0,27.0,24.0,23.0,21.0,22.0,21.0,21.0,22.0,22.0,22.0,22.0,21.0,22.0,22.0,21.0,22.0,21.0,21.0,21.0,21.0,22.0,21.0,10.0,hold,0,0,11.1997
1787152258.1817,2026-08-19 17:10:58.181,10,c3,1,0,-0.03944,-0.49602,0.04092,-5.0217,10.429,-20.5764,-0.0733,0.003,-0.2378,3.74816,23.0,24.0,19.0,23.0,33.0,31.0,22.0,25.0,32.0,34.0,24.0,21.0,29.0,37.0,24.0,21.0,27.0,24.0,23.0,21.0,22.0,21.0,21.0,22.0,22.0,22.0,22.0,21.0,22.0,22.0,21.0,22.0,21.0,21.0,21.0,21.0,22.0,21.0,10.0,hold,0,0,11.1369
1787152258.2318,2026-08-19 17:10:58.231,10,c3,1,0,-0.03945,-0.49601,0.04091,-4.6377,10.3171,-20.6709,-0.0663,0.0128,-0.2352,3.73708,24.0,25.0,22.0,22.0,33.0,33.0,22.0,27.0,33.0,32.0,24.0,25.0,30.0,36.0,23.0,24.0,26.0,22.0,26.0,21.0,22.0,21.0,21.0,22.0,22.0,22.0,22.0,21.0,22.0,22.0,21.0,22.0,21.0,21.0,21.0,21.0,22.0,21.0,10.0,hold,0,0,11.2355
1787152258.2819,2026-08-19 17:10:58.281,10,c3,1,0,-0.03945,-0.49601,0.04091,-4.3612,10.4908,-20.8451,-0.0756,0.016,-0.24,3.75269,27.0,25.0,21.0,27.0,34.0,32.0,23.0,26.0,33.0,33.0,23.0,23.0,27.0,37.0,22.0,23.0,27.0,22.0,25.0,21.0,22.0,21.0,21.0,22.0,22.0,22.0,22.0,21.0,22.0,22.0,21.0,22.0,21.0,21.0,21.0,21.0,22.0,21.0,10.0,hold,0,0,11.0966
1787152258.332,2026-08-19 17:10:58.332,10,c3,1,0,-0.03946,-0.49601,0.04091,-4.5909,10.4272,-20.8624,-0.0722,0.0189,-0.2317,3.74363,27.0,25.0,21.0,27.0,34.0,32.0,23.0,26.0,33.0,33.0,23.0,23.0,27.0,37.0,22.0,23.0,27.0,22.0,25.0,21.0,22.0,21.0,21.0,22.0,22.0,22.0,22.0,21.0,22.0,22.0,21.0,22.0,21.0,21.0,21.0,21.0,22.0,21.0,10.0,hold,0,0,11.1773
1787152258.3822,2026-08-19 17:10:58.382,10,c3,1,0,-0.03945,-0.49602,0.04092,-4.6613,10.4699,-20.7511,-0.0727,0.0132,-0.2385,3.75244,24.0,23.0,21.0,24.0,31.0,32.0,22.0,27.0,32.0,32.0,23.0,25.0,28.0,36.0,22.0,22.0,25.0,22.0,24.0,21.0,22.0,21.0,21.0,22.0,22.0,22.0,22.0,21.0,22.0,22.0,21.0,22.0,21.0,21.0,21.0,21.0,22.0,21.0,10.0,hold,0,0,11.0989
1787152258.4323,2026-08-19 17:10:58.432,10,c3,1,0,-0.03945,-0.49602,0.04092,-4.582,10.2396,-20.7411,-0.0649,0.0151,-0.2397,3.73834,24.0,23.0,21.0,24.0,31.0,32.0,22.0,27.0,32.0,32.0,23.0,25.0,28.0,36.0,22.0,22.0,25.0,22.0,24.0,21.0,22.0,21.0,21.0,22.0,22.0,22.0,22.0,21.0,22.0,22.0,21.0,22.0,21.0,21.0,21.0,21.0,22.0,21.0,10.0,hold,0,0,11.2243
1787152258.4824,2026-08-19 17:10:58.482,10,c3,1,0,-0.03945,-0.496,0.04091,-4.9207,10.7431,-20.6823,-0.0774,0.0054,-0.236,3.75647,25.0,23.0,20.0,25.0,32.0,31.0,22.0,24.0,32.0,32.0,23.0,22.0,28.0,37.0,22.0,21.0,25.0,23.0,23.0,21.0,22.0,21.0,21.0,22.0,22.0,22.0,22.0,21.0,22.0,22.0,21.0,22.0,21.0,21.0,21.0,21.0,22.0,21.0,10.0,hold,0,0,11.063
1787152258.5325,2026-08-19 17:10:58.532,10,c3,1,0,-0.03944,-0.49602,0.04092,-4.7152,9.9217,-20.5801,-0.0593,0.0148,-0.2344,3.73758,22.0,24.0,20.0,22.0,32.0,31.0,23.0,27.0,33.0,33.0,22.0,24.0,27.0,37.0,22.0,23.0,26.0,22.0,25.0,21.0,22.0,21.0,21.0,22.0,22.0,22.0,22.0,21.0,22.0,22.0,21.0,22.0,21.0,21.0,21.0,21.0,22.0,21.0,10.0,hold,0,0,11.231
1787152258.5826,2026-08-19 17:10:58.582,10,c3,1,0,-0.03944,-0.49601,0.04091,-4.6074,10.2343,-20.6361,-0.0694,0.0141,-0.2295,3.75193,22.0,24.0,20.0,22.0,32.0,31.0,23.0,27.0,33.0,33.0,22.0,24.0,27.0,37.0,22.0,23.0,26.0,22.0,25.0,21.0,22.0,21.0,21.0,22.0,22.0,22.0,22.0,21.0,22.0,22.0,21.0,22.0,21.0,21.0,21.0,21.0,22.0,21.0,10.0,hold,0,0,11.1033
1787152258.6327,2026-08-19 17:10:58.632,10,c3,1,0,-0.03944,-0.49602,0.04092,-4.4222,10.2392,-20.9562,-0.0635,0.0206,-0.234,3.74564,24.0,24.0,20.0,23.0,32.0,32.0,22.0,25.0,33.0,33.0,25.0,21.0,28.0,37.0,24.0,21.0,27.0,23.0,24.0,21.0,22.0,21.0,21.0,22.0,22.0,22.0,22.0,21.0,22.0,22.0,21.0,22.0,21.0,21.0,21.0,21.0,22.0,21.0,10.0,hold,0,0,11.1593
1787152258.6828,2026-08-19 17:10:58.682,10,c3,1,0,-0.03943,-0.49602,0.04092,-4.4826,10.2797,-20.768,-0.066,0.0193,-0.2389,3.74539,24.0,24.0,20.0,23.0,32.0,32.0,22.0,25.0,33.0,33.0,25.0,21.0,28.0,37.0,24.0,21.0,27.0,23.0,24.0,21.0,22.0,21.0,21.0,22.0,22.0,22.0,22.0,21.0,22.0,22.0,21.0,22.0,21.0,21.0,21.0,21.0,22.0,21.0,10.0,hold,0,0,11.1616
1787152258.7329,2026-08-19 17:10:58.732,10,c3,1,0,-0.03946,-0.49603,0.04093,-4.574,10.1544,-20.6441,-0.0635,0.0165,-0.2347,3.74665,24.0,24.0,20.0,22.0,31.0,32.0,23.0,27.0,33.0,33.0,22.0,22.0,27.0,37.0,23.0,22.0,28.0,21.0,23.0,21.0,22.0,21.0,21.0,22.0,22.0,22.0,22.0,21.0,22.0,22.0,21.0,22.0,21.0,21.0,21.0,21.0,22.0,21.0,10.0,hold,0,0,11.1504
1787152258.7829,2026-08-19 17:10:58.782,10,c3,1,0,-0.03946,-0.49601,0.04091,-4.5398,10.5875,-20.654,-0.0729,0.0165,-0.2336,3.74363,25.0,24.0,21.0,24.0,32.0,32.0,23.0,25.0,31.0,33.0,22.0,23.0,26.0,36.0,21.0,21.0,26.0,21.0,24.0,21.0,22.0,21.0,21.0,22.0,22.0,22.0,22.0,21.0,22.0,22.0,21.0,22.0,21.0,21.0,21.0,21.0,22.0,21.0,10.0,hold,0,0,11.1773
1787152258.8331,2026-08-19 17:10:58.833,10,c3,1,0,-0.03943,-0.49601,0.04091,-4.88,9.9904,-20.6019,-0.0589,0.0071,-0.2357,3.75546,25.0,24.0,21.0,24.0,32.0,32.0,23.0,25.0,31.0,33.0,22.0,23.0,26.0,36.0,21.0,21.0,26.0,21.0,24.0,21.0,22.0,21.0,21.0,22.0,22.0,22.0,22.0,21.0,22.0,22.0,21.0,22.0,21.0,21.0,21.0,21.0,22.0,21.0,10.0,hold,0,0,11.072
1787152258.8832,2026-08-19 17:10:58.883,10,c3,1,0,-0.03945,-0.49603,0.04093,-4.6382,10.3331,-20.6771,-0.0689,0.0108,-0.2335,3.74841,24.0,24.0,20.0,24.0,32.0,31.0,21.0,25.0,32.0,33.0,23.0,22.0,27.0,37.0,23.0,21.0,25.0,23.0,24.0,21.0,22.0,21.0,21.0,22.0,22.0,22.0,22.0,21.0,22.0,22.0,21.0,22.0,21.0,21.0,21.0,21.0,22.0,21.0,10.0,hold,0,0,11.1347
1787152258.9333,2026-08-19 17:10:58.933,10,c3,1,0,-0.03945,-0.49603,0.04093,-4.3976,10.2708,-20.5433,-0.0667,0.0189,-0.2305,3.75395,24.0,24.0,20.0,24.0,32.0,31.0,21.0,25.0,32.0,33.0,23.0,22.0,27.0,37.0,23.0,21.0,25.0,23.0,24.0,21.0,22.0,21.0,21.0,22.0,22.0,22.0,22.0,21.0,22.0,22.0,21.0,22.0,21.0,21.0,21.0,21.0,22.0,21.0,10.0,hold,0,0,11.0854
1787152258.9834,2026-08-19 17:10:58.983,10,c3,1,0,-0.03944,-0.49601,0.0409,-4.3978,10.2755,-20.6934,-0.0662,0.0196,-0.2255,3.74866,26.0,24.0,20.0,25.0,32.0,32.0,23.0,25.0,32.0,32.0,23.0,22.0,27.0,37.0,23.0,21.0,26.0,24.0,24.0,21.0,22.0,21.0,21.0,22.0,22.0,22.0,22.0,21.0,22.0,22.0,21.0,22.0,21.0,21.0,21.0,21.0,22.0,21.0,10.0,hold,0,0,11.1325
1787152259.0335,2026-08-19 17:10:59.033,10,c3,1,0,-0.03946,-0.49602,0.04092,-4.4808,10.4292,-20.7624,-0.0726,0.016,-0.2245,3.74891,23.0,23.0,20.0,22.0,31.0,31.0,23.0,27.0,31.0,32.0,22.0,25.0,28.0,36.0,23.0,24.0,26.0,23.0,25.0,21.0,22.0,21.0,21.0,22.0,22.0,22.0,22.0,21.0,22.0,22.0,21.0,22.0,21.0,21.0,21.0,21.0,22.0,21.0,10.0,hold,0,0,11.1302
1787152259.0837,2026-08-19 17:10:59.083,10,c3,1,0,-0.03944,-0.49601,0.04091,-4.5785,10.4633,-20.6943,-0.0712,0.0134,-0.2324,3.75571,23.0,23.0,20.0,22.0,31.0,31.0,23.0,27.0,31.0,32.0,22.0,25.0,28.0,36.0,23.0,24.0,26.0,23.0,25.0,21.0,22.0,21.0,21.0,22.0,22.0,22.0,22.0,21.0,22.0,22.0,21.0,22.0,21.0,21.0,21.0,21.0,22.0,21.0,10.0,hold,0,0,11.0697
1787152259.1338,2026-08-19 17:10:59.133,10,c3,1,0,-0.03944,-0.49602,0.04093,-4.7832,10.5396,-20.4551,-0.0707,0.0123,-0.2371,3.74388,24.0,23.0,20.0,24.0,31.0,31.0,22.0,26.0,31.0,34.0,23.0,22.0,28.0,37.0,23.0,22.0,27.0,22.0,24.0,21.0,22.0,21.0,21.0,22.0,22.0,22.0,22.0,21.0,22.0,22.0,21.0,22.0,21.0,21.0,21.0,21.0,22.0,21.0,10.0,hold,0,0,11.175
1787152259.1839,2026-08-19 17:10:59.183,10,c3,1,0,-0.03947,-0.49602,0.04092,-4.5311,10.3186,-20.7564,-0.0694,0.0157,-0.2328,3.74967,24.0,23.0,20.0,24.0,31.0,31.0,22.0,26.0,31.0,34.0,23.0,22.0,28.0,37.0,23.0,22.0,27.0,22.0,24.0,21.0,22.0,21.0,21.0,22.0,22.0,22.0,22.0,21.0,22.0,22.0,21.0,22.0,21.0,21.0,21.0,21.0,22.0,21.0,10.0,hold,0,0,11.1235
1787152259.234,2026-08-19 17:10:59.234,10,c3,1,0,-0.03942,-0.49601,0.04092,-4.7195,10.3866,-20.7879,-0.0706,0.0092,-0.232,3.75143,25.0,22.0,22.0,23.0,32.0,33.0,22.0,27.0,31.0,32.0,23.0,24.0,27.0,37.0,22.0,24.0,25.0,22.0,24.0,21.0,22.0,21.0,21.0,22.0,22.0,22.0,22.0,21.0,22.0,22.0,21.0,22.0,21.0,21.0,21.0,21.0,22.0,21.0,10.0,hold,0,0,11.1078
1787152259.2842,2026-08-19 17:10:59.284,10,c3,1,0,-0.03946,-0.49602,0.04092,-4.4021,10.2033,-20.7559,-0.0669,0.0196,-0.2329,3.74765,25.0,22.0,22.0,23.0,32.0,33.0,22.0,27.0,31.0,32.0,23.0,24.0,27.0,37.0,22.0,24.0,25.0,22.0,24.0,21.0,22.0,21.0,21.0,22.0,22.0,22.0,22.0,21.0,22.0,22.0,21.0,22.0,21.0,21.0,21.0,21.0,22.0,21.0,10.0,hold,0,0,11.1414
1787152259.3343,2026-08-19 17:10:59.334,10,c3,1,0,-0.03943,-0.49602,0.04091,-5.0782,10.7534,-20.6045,-0.0771,0.0036,-0.2397,3.75496,25.0,23.0,20.0,24.0,30.0,31.0,23.0,27.0,32.0,34.0,25.0,25.0,27.0,38.0,24.0,23.0,28.0,23.0,26.0,21.0,22.0,21.0,21.0,22.0,22.0,22.0,22.0,21.0,22.0,22.0,21.0,22.0,21.0,21.0,21.0,21.0,22.0,21.0,10.0,hold,0,0,11.0765
1787152259.3844,2026-08-19 17:10:59.384,10,c3,1,0,-0.03944,-0.49602,0.04091,-4.6882,10.4669,-20.6794,-0.0713,0.0147,-0.2357,3.74791,25.0,22.0,22.0,24.0,30.0,32.0,23.0,27.0,32.0,34.0,24.0,25.0,27.0,38.0,23.0,25.0,27.0,23.0,25.0,21.0,22.0,21.0,21.0,22.0,22.0,22.0,22.0,21.0,22.0,22.0,21.0,22.0,21.0,21.0,21.0,21.0,22.0,21.0,10.0,hold,0,0,11.1392
1787152259.4345,2026-08-19 17:10:59.434,10,c3,1,0,-0.03944,-0.49601,0.04092,-4.5883,10.4995,-20.6239,-0.0715,0.0126,-0.2381,3.75722,25.0,22.0,22.0,24.0,30.0,32.0,23.0,27.0,32.0,34.0,24.0,25.0,27.0,38.0,23.0,25.0,27.0,23.0,25.0,21.0,22.0,21.0,21.0,22.0,22.0,22.0,22.0,21.0,22.0,22.0,21.0,22.0,21.0,21.0,21.0,21.0,22.0,21.0,10.0,hold,0,0,11.0563
1787152259.4847,2026-08-19 17:10:59.484,10,c3,1,0,-0.03943,-0.49601,0.04092,-4.7139,10.5351,-20.7964,-0.0763,0.0116,-0.2374,3.75068,27.0,23.0,21.0,25.0,32.0,33.0,23.0,27.0,31.0,33.0,24.0,23.0,26.0,37.0,23.0,22.0,26.0,23.0,26.0,21.0,22.0,21.0,21.0,22.0,22.0,22.0,22.0,21.0,22.0,22.0,21.0,22.0,21.0,21.0,21.0,21.0,22.0,21.0,10.0,hold,0,0,11.1145
1787152259.5348,2026-08-19 17:10:59.534,10,c3,1,0,-0.03945,-0.49601,0.04092,-4.7308,10.4506,-20.6821,-0.0711,0.0106,-0.2314,3.74916,27.0,23.0,21.0,25.0,32.0,33.0,23.0,27.0,31.0,33.0,24.0,23.0,26.0,37.0,23.0,22.0,26.0,23.0,26.0,21.0,22.0,21.0,21.0,22.0,22.0,22.0,22.0,21.0,22.0,22.0,21.0,22.0,21.0,21.0,21.0,21.0,22.0,21.0,10.0,hold,0,0,11.128
1787152259.5849,2026-08-19 17:10:59.584,10,c3,1,0,-0.03944,-0.49601,0.04092,-4.5545,10.2415,-20.7062,-0.069,0.0159,-0.2404,3.74564,23.0,23.0,22.0,24.0,31.0,32.0,24.0,27.0,31.0,32.0,23.0,23.0,27.0,36.0,23.0,24.0,25.0,21.0,24.0,21.0,22.0,21.0,21.0,22.0,22.0,22.0,22.0,21.0,22.0,22.0,21.0,22.0,21.0,21.0,21.0,21.0,22.0,21.0,10.0,hold,0,0,11.1593
1787152259.635,2026-08-19 17:10:59.635,10,c3,1,0,-0.03944,-0.49602,0.04092,-4.441,10.1855,-20.8654,-0.0687,0.017,-0.2288,3.74992,23.0,25.0,19.0,25.0,32.0,30.0,23.0,26.0,34.0,33.0,24.0,23.0,29.0,36.0,24.0,22.0,26.0,24.0,23.0,21.0,22.0,21.0,21.0,22.0,22.0,22.0,22.0,21.0,22.0,22.0,21.0,22.0,21.0,21.0,21.0,21.0,22.0,21.0,10.0,hold,0,0,11.1213
1787152259.6852,2026-08-19 17:10:59.685,10,c3,1,0,-0.03944,-0.49601,0.04091,-4.5934,10.1495,-20.6206,-0.0647,0.0146,-0.2347,3.75269,23.0,25.0,19.0,25.0,32.0,30.0,23.0,26.0,34.0,33.0,24.0,23.0,29.0,36.0,24.0,22.0,26.0,24.0,23.0,21.0,22.0,21.0,21.0,22.0,22.0,22.0,22.0,21.0,22.0,22.0,21.0,22.0,21.0,21.0,21.0,21.0,22.0,21.0,10.0,hold,0,0,11.0966
1787152259.7353,2026-08-19 17:10:59.735,10,c3,1,0,-0.03944,-0.49603,0.04093,-4.77,10.4777,-20.6731,-0.0747,0.0094,-0.2338,3.75445,23.0,27.0,21.0,24.0,34.0,32.0,23.0,27.0,33.0,32.0,24.0,25.0,28.0,36.0,23.0,26.0,26.0,23.0,27.0,21.0,22.0,21.0,21.0,22.0,22.0,22.0,22.0,21.0,22.0,22.0,21.0,22.0,21.0,21.0,21.0,21.0,22.0,21.0,10.0,hold,0,0,11.0809
1787152259.7854,2026-08-19 17:10:59.785,10,c3,1,0,-0.03945,-0.49601,0.04091,-4.9916,10.6174,-20.6343,-0.0753,0.0038,-0.2327,3.74891,23.0,27.0,21.0,24.0,34.0,32.0,23.0,27.0,33.0,32.0,24.0,25.0,28.0,36.0,23.0,26.0,26.0,23.0,27.0,21.0,22.0,21.0,21.0,22.0,22.0,22.0,22.0,21.0,22.0,22.0,21.0,22.0,21.0,21.0,21.0,21.0,22.0,21.0,10.0,hold,0,0,11.1302
1787152259.8356,2026-08-19 17:10:59.835,10,c3,1,0,-0.03944,-0.49603,0.04092,-4.5654,10.2185,-20.7809,-0.068,0.0134,-0.2323,3.75269,27.0,25.0,21.0,26.0,32.0,31.0,23.0,25.0,34.0,33.0,23.0,21.0,30.0,36.0,23.0,21.0,26.0,22.0,25.0,21.0,22.0,21.0,21.0,22.0,22.0,22.0,22.0,21.0,22.0,22.0,21.0,22.0,21.0,21.0,21.0,21.0,22.0,21.0,10.0,hold,0,0,11.0966
1787152259.8856,2026-08-19 17:10:59.885,10,c3,1,0,-0.03945,-0.49602,0.04092,-4.5038,10.1182,-20.8683,-0.066,0.0184,-0.229,3.74363,24.0,25.0,21.0,24.0,34.0,32.0,23.0,26.0,32.0,33.0,24.0,21.0,27.0,37.0,23.0,21.0,26.0,25.0,24.0,21.0,22.0,21.0,21.0,22.0,22.0,22.0,22.0,21.0,22.0,22.0,21.0,22.0,21.0,21.0,21.0,21.0,22.0,21.0,10.0,hold,0,0,11.1773
1787152259.9358,2026-08-19 17:10:59.935,10,c3,1,0,-0.03945,-0.49601,0.04092,-4.3808,9.7856,-20.8633,-0.057,0.0214,-0.2373,3.75319,24.0,25.0,21.0,24.0,34.0,32.0,23.0,26.0,32.0,33.0,24.0,21.0,27.0,37.0,23.0,21.0,26.0,25.0,24.0,21.0,22.0,21.0,21.0,22.0,22.0,22.0,22.0,21.0,22.0,22.0,21.0,22.0,21.0,21.0,21.0,21.0,22.0,21.0,10.0,hold,0,0,11.0921
1787152259.9859,2026-08-19 17:10:59.985,10,c3,1,0,-0.03946,-0.49601,0.04092,-5.0303,10.5499,-20.6207,-0.0749,0.0057,-0.2387,3.75395,22.0,24.0,21.0,23.0,33.0,31.0,23.0,25.0,32.0,33.0,24.0,23.0,28.0,37.0,24.0,21.0,25.0,24.0,23.0,21.0,22.0,21.0,21.0,22.0,22.0,22.0,22.0,21.0,22.0,22.0,21.0,22.0,21.0,21.0,21.0,21.0,22.0,21.0,10.0,hold,0,0,11.0854
1787152260.036,2026-08-19 17:11:00.035,10,c3,1,0,-0.03945,-0.49602,0.04092,-4.9434,10.3477,-20.698,-0.0713,0.0062,-0.2374,3.74488,22.0,24.0,21.0,23.0,33.0,31.0,23.0,25.0,32.0,33.0,24.0,23.0,28.0,37.0,24.0,21.0,25.0,24.0,23.0,21.0,22.0,21.0,21.0,22.0,22.0,22.0,22.0,21.0,22.0,22.0,21.0,22.0,21.0,21.0,21.0,21.0,22.0,21.0,10.0,hold,0,0,11.1661
1787152260.0861,2026-08-19 17:11:00.086,10,c3,1,0,-0.03945,-0.49603,0.04093,-5.0226,10.7733,-20.5013,-0.0828,0.0061,-0.2405,3.7542,24.0,24.0,21.0,22.0,32.0,31.0,24.0,26.0,33.0,33.0,24.0,22.0,29.0,36.0,23.0,22.0,27.0,22.0,22.0,21.0,22.0,21.0,21.0,22.0,22.0,22.0,22.0,21.0,22.0,22.0,21.0,22.0,21.0,21.0,21.0,21.0,22.0,21.0,10.0,hold,0,0,11.0832
1787152260.1362,2026-08-19 17:11:00.136,10,c3,1,0,-0.03944,-0.49603,0.04093,-4.8518,10.023,-20.6877,-0.0608,0.0082,-0.2435,3.75772,23.0,25.0,23.0,22.0,33.0,32.0,23.0,25.0,33.0,33.0,25.0,22.0,30.0,37.0,24.0,21.0,26.0,25.0,24.0,21.0,22.0,21.0,21.0,22.0,22.0,22.0,22.0,21.0,22.0,22.0,21.0,22.0,21.0,21.0,21.0,21.0,22.0,21.0,10.0,hold,0,0,11.0518
1787152260.1864,2026-08-19 17:11:00.186,10,c3,1,0,-0.03946,-0.49601,0.04091,-4.5567,10.3437,-20.7137,-0.071,0.0186,-0.2387,3.75898,23.0,25.0,23.0,22.0,33.0,32.0,23.0,25.0,33.0,33.0,25.0,22.0,30.0,37.0,24.0,21.0,26.0,25.0,24.0,21.0,22.0,21.0,21.0,22.0,22.0,22.0,22.0,21.0,22.0,22.0,21.0,22.0,21.0,21.0,21.0,21.0,22.0,21.0,10.0,hold,0,0,11.0406
1787152260.2365,2026-08-19 17:11:00.236,10,c3,1,0,-0.03944,-0.49602,0.04093,-4.6623,10.2524,-20.6706,-0.0694,0.014,-0.2407,3.74715,24.0,26.0,20.0,23.0,34.0,31.0,25.0,27.0,32.0,32.0,23.0,24.0,28.0,36.0,23.0,23.0,26.0,23.0,24.0,21.0,22.0,21.0,21.0,22.0,22.0,22.0,22.0,21.0,22.0,22.0,21.0,22.0,21.0,21.0,21.0,21.0,22.0,21.0,10.0,hold,0,0,11.1459
1787152260.2868,2026-08-19 17:11:00.286,10,c3,1,0,-0.03944,-0.49603,0.04094,-4.6501,10.3982,-20.8963,-0.0733,0.0118,-0.2336,3.75269,24.0,26.0,20.0,23.0,34.0,31.0,25.0,27.0,32.0,32.0,23.0,24.0,28.0,36.0,23.0,23.0,26.0,23.0,24.0,21.0,22.0,21.0,21.0,22.0,22.0,22.0,22.0,21.0,22.0,22.0,21.0,22.0,21.0,21.0,21.0,21.0,22.0,21.0,10.0,hold,0,0,11.0966
1787152260.3369,2026-08-19 17:11:00.336,10,c3,1,0,-0.03942,-0.49601,0.04091,-4.7358,10.6114,-20.607,-0.075,0.0081,-0.2371,3.75143,24.0,25.0,20.0,24.0,33.0,31.0,23.0,27.0,32.0,32.0,24.0,23.0,28.0,36.0,24.0,23.0,25.0,23.0,25.0,21.0,22.0,21.0,21.0,22.0,22.0,22.0,22.0,21.0,22.0,22.0,21.0,22.0,21.0,21.0,21.0,21.0,22.0,21.0,10.0,hold,0,0,11.1078
1787152260.387,2026-08-19 17:11:00.386,10,c3,1,0,-0.03946,-0.49601,0.04091,-5.0698,10.6293,-20.6223,-0.0783,0.0007,-0.2384,3.75521,24.0,25.0,20.0,24.0,33.0,31.0,23.0,27.0,32.0,32.0,24.0,23.0,28.0,36.0,24.0,23.0,25.0,23.0,25.0,21.0,22.0,21.0,21.0,22.0,22.0,22.0,22.0,21.0,22.0,22.0,21.0,22.0,21.0,21.0,21.0,21.0,22.0,21.0,10.0,hold,0,0,11.0742
1787152260.437,2026-08-19 17:11:00.437,10,c3,1,0,-0.03944,-0.49602,0.04093,-4.5527,10.0343,-20.5937,-0.0647,0.0125,-0.2342,3.76075,24.0,25.0,20.0,25.0,33.0,32.0,24.0,27.0,34.0,33.0,24.0,22.0,28.0,38.0,22.0,22.0,28.0,23.0,25.0,21.0,22.0,21.0,21.0,22.0,22.0,22.0,22.0,21.0,22.0,22.0,21.0,22.0,21.0,21.0,21.0,21.0,22.0,21.0,10.0,hold,0,0,11.0249
1787152260.4872,2026-08-19 17:11:00.487,10,c3,1,0,-0.03944,-0.49603,0.04093,-4.6653,10.4488,-20.9596,-0.0725,0.013,-0.2328,3.75269,24.0,24.0,22.0,23.0,33.0,34.0,23.0,25.0,33.0,34.0,24.0,23.0,28.0,38.0,24.0,22.0,27.0,24.0,23.0,21.0,22.0,21.0,21.0,22.0,22.0,22.0,22.0,21.0,22.0,22.0,21.0,22.0,21.0,21.0,21.0,21.0,22.0,21.0,10.0,hold,0,0,11.0966
1787152260.5373,2026-08-19 17:11:00.537,10,c3,1,0,-0.03945,-0.49602,0.04091,-4.6898,10.476,-20.9089,-0.0728,0.0135,-0.2334,3.75571,24.0,24.0,22.0,23.0,33.0,34.0,23.0,25.0,33.0,34.0,24.0,23.0,28.0,38.0,24.0,22.0,27.0,24.0,23.0,21.0,22.0,21.0,21.0,22.0,22.0,22.0,22.0,21.0,22.0,22.0,21.0,22.0,21.0,21.0,21.0,21.0,22.0,21.0,10.0,hold,0,0,11.0697
1787152260.5874,2026-08-19 17:11:00.587,10,c3,1,0,-0.03944,-0.49602,0.04092,-4.6882,10.3767,-20.771,-0.0705,0.0117,-0.2318,3.75143,24.0,24.0,22.0,23.0,33.0,33.0,24.0,27.0,32.0,32.0,23.0,24.0,29.0,36.0,23.0,23.0,26.0,22.0,25.0,21.0,22.0,21.0,21.0,22.0,22.0,22.0,22.0,21.0,22.0,22.0,21.0,22.0,21.0,21.0,21.0,21.0,22.0,21.0,10.0,hold,0,0,11.1078
1787152260.6376,2026-08-19 17:11:00.637,10,c3,1,0,-0.03943,-0.49602,0.04091,-4.5746,10.0793,-20.7147,-0.0653,0.0156,-0.2345,3.75848,24.0,24.0,22.0,23.0,33.0,33.0,24.0,27.0,32.0,32.0,23.0,24.0,29.0,36.0,23.0,23.0,26.0,22.0,25.0,21.0,22.0,21.0,21.0,22.0,22.0,22.0,22.0,21.0,22.0,22.0,21.0,22.0,21.0,21.0,21.0,21.0,22.0,21.0,10.0,hold,0,0,11.0451
1787152260.6877,2026-08-19 17:11:00.687,10,c3,1,0,-0.03943,-0.49601,0.04091,-4.4708,10.2631,-20.6862,-0.0673,0.0187,-0.2372,3.75193,24.0,25.0,19.0,24.0,32.0,31.0,23.0,26.0,32.0,33.0,24.0,22.0,29.0,37.0,24.0,23.0,26.0,23.0,26.0,21.0,22.0,21.0,21.0,22.0,22.0,22.0,22.0,21.0,22.0,22.0,21.0,22.0,21.0,21.0,21.0,21.0,22.0,21.0,10.0,hold,0,0,11.1033
1787152260.7378,2026-08-19 17:11:00.737,10,c3,1,0,-0.03945,-0.49602,0.04092,-4.7669,10.5239,-20.5696,-0.0723,0.0087,-0.2386,3.75621,23.0,24.0,21.0,23.0,33.0,32.0,23.0,26.0,32.0,33.0,23.0,24.0,28.0,37.0,23.0,22.0,27.0,23.0,25.0,21.0,22.0,21.0,21.0,22.0,22.0,22.0,22.0,21.0,22.0,22.0,21.0,22.0,21.0,21.0,21.0,21.0,22.0,21.0,10.0,hold,0,0,11.0653
1787152260.7879,2026-08-19 17:11:00.787,10,c3,1,0,-0.03945,-0.49602,0.04093,-4.624,10.5231,-20.5861,-0.0761,0.0136,-0.234,3.75219,23.0,24.0,21.0,23.0,33.0,32.0,23.0,26.0,32.0,33.0,23.0,24.0,28.0,37.0,23.0,22.0,27.0,23.0,25.0,21.0,22.0,21.0,21.0,22.0,22.0,22.0,22.0,21.0,22.0,22.0,21.0,22.0,21.0,21.0,21.0,21.0,22.0,21.0,10.0,hold,0,0,11.1011
1787152260.838,2026-08-19 17:11:00.838,10,c3,1,0,-0.03942,-0.49603,0.04093,-4.792,10.5685,-20.6406,-0.0726,0.0099,-0.2423,3.75697,26.0,25.0,22.0,23.0,33.0,32.0,23.0,26.0,33.0,32.0,24.0,22.0,29.0,36.0,24.0,22.0,27.0,23.0,23.0,21.0,22.0,21.0,21.0,22.0,22.0,22.0,22.0,21.0,22.0,22.0,21.0,22.0,21.0,21.0,21.0,21.0,22.0,21.0,10.0,hold,0,0,11.0585
1787152260.8881,2026-08-19 17:11:00.888,10,c3,1,0,-0.03944,-0.49601,0.04092,-4.353,9.8222,-20.7043,-0.0585,0.0202,-0.2301,3.74967,26.0,25.0,22.0,23.0,33.0,32.0,23.0,26.0,33.0,32.0,24.0,22.0,29.0,36.0,24.0,22.0,27.0,23.0,23.0,21.0,22.0,21.0,21.0,22.0,22.0,22.0,22.0,21.0,22.0,22.0,21.0,22.0,21.0,21.0,21.0,21.0,22.0,21.0,10.0,hold,0,0,11.1235
1787152260.9383,2026-08-19 17:11:00.938,10,c3,1,0,-0.03944,-0.496,0.04091,-4.7919,10.5368,-20.6869,-0.0746,0.0086,-0.2392,3.75999,23.0,25.0,21.0,23.0,33.0,32.0,24.0,26.0,32.0,31.0,24.0,23.0,28.0,37.0,24.0,23.0,27.0,23.0,24.0,21.0,22.0,21.0,21.0,22.0,22.0,22.0,22.0,21.0,22.0,22.0,21.0,22.0,21.0,21.0,21.0,21.0,22.0,21.0,10.0,hold,0,0,11.0317
1787152260.9884,2026-08-19 17:11:00.988,10,c3,1,0,-0.03946,-0.49601,0.04092,-4.5981,10.2512,-20.7574,-0.0673,0.0149,-0.2395,3.75546,24.0,24.0,20.0,23.0,33.0,31.0,24.0,27.0,32.0,33.0,24.0,24.0,28.0,37.0,23.0,22.0,26.0,23.0,23.0,21.0,22.0,21.0,21.0,22.0,22.0,22.0,22.0,21.0,22.0,22.0,21.0,22.0,21.0,21.0,21.0,21.0,22.0,21.0,10.0,hold,0,0,11.072
1787152261.0386,2026-08-19 17:11:01.038,10,c3,1,0,-0.03946,-0.49601,0.04092,-4.7278,10.1683,-20.4974,-0.0659,0.0108,-0.2321,3.75949,24.0,24.0,20.0,23.0,33.0,31.0,24.0,27.0,32.0,33.0,24.0,24.0,28.0,37.0,23.0,22.0,26.0,23.0,23.0,21.0,22.0,21.0,21.0,22.0,22.0,22.0,22.0,21.0,22.0,22.0,21.0,22.0,21.0,21.0,21.0,21.0,22.0,21.0,10.0,hold,0,0,11.0361
1787152261.0887,2026-08-19 17:11:01.088,10,c3,1,0,-0.03944,-0.49601,0.04091,-5.0214,10.8246,-20.6606,-0.083,0.0019,-0.237,3.75269,23.0,25.0,20.0,24.0,34.0,32.0,23.0,27.0,32.0,35.0,24.0,24.0,27.0,38.0,22.0,22.0,28.0,22.0,24.0,21.0,22.0,21.0,21.0,22.0,22.0,22.0,22.0,21.0,22.0,22.0,21.0,22.0,21.0,21.0,21.0,21.0,22.0,21.0,10.0,hold,0,0,11.0966
1787152261.1389,2026-08-19 17:11:01.138,10,c3,1,0,-0.03944,-0.49603,0.04093,-4.6101,9.9888,-20.5609,-0.0631,0.0161,-0.2391,3.7537,23.0,25.0,20.0,24.0,34.0,32.0,23.0,27.0,32.0,35.0,24.0,24.0,27.0,38.0,22.0,22.0,28.0,22.0,24.0,21.0,22.0,21.0,21.0,22.0,22.0,22.0,22.0,21.0,22.0,22.0,21.0,22.0,21.0,21.0,21.0,21.0,22.0,21.0,10.0,hold,0,0,11.0877
1787152261.189,2026-08-19 17:11:01.189,10,c3,1,0,-0.03944,-0.49602,0.04093,-4.8675,10.3388,-20.6879,-0.0662,0.0082,-0.2358,3.75924,25.0,24.0,23.0,24.0,33.0,33.0,23.0,25.0,31.0,34.0,24.0,22.0,27.0,38.0,23.0,21.0,28.0,23.0,23.0,21.0,22.0,21.0,21.0,22.0,22.0,22.0,22.0,21.0,22.0,22.0,21.0,22.0,21.0,21.0,21.0,21.0,22.0,21.0,10.0,hold,0,0,11.0384
1787152261.2392,2026-08-19 17:11:01.239,10,c3,1,0,-0.03944,-0.49602,0.04092,-4.6888,10.4251,-20.7704,-0.0733,0.0131,-0.239,3.75143,22.0,23.0,22.0,22.0,33.0,33.0,22.0,24.0,32.0,33.0,25.0,21.0,28.0,37.0,23.0,21.0,26.0,24.0,23.0,21.0,22.0,21.0,21.0,22.0,22.0,22.0,22.0,21.0,22.0,22.0,21.0,22.0,21.0,21.0,21.0,21.0,22.0,21.0,10.0,hold,0,0,11.1078
1787152261.2893,2026-08-19 17:11:01.289,10,c3,1,0,-0.03944,-0.49602,0.04092,-4.7912,10.4378,-20.6838,-0.0691,0.0058,-0.2362,3.75949,22.0,23.0,22.0,22.0,33.0,33.0,22.0,24.0,32.0,33.0,25.0,21.0,28.0,37.0,23.0,21.0,26.0,24.0,23.0,21.0,22.0,21.0,21.0,22.0,22.0,22.0,22.0,21.0,22.0,22.0,21.0,22.0,21.0,21.0,21.0,21.0,22.0,21.0,10.0,hold,0,0,11.0361
1787152261.3394,2026-08-19 17:11:01.339,10,c3,1,0,-0.03944,-0.496,0.04092,-5.0605,10.6234,-20.6417,-0.0774,0.0037,-0.2407,3.75143,22.0,24.0,22.0,20.0,32.0,33.0,24.0,26.0,32.0,34.0,23.0,22.0,28.0,39.0,23.0,22.0,27.0,23.0,24.0,21.0,22.0,21.0,21.0,22.0,22.0,22.0,22.0,21.0,22.0,22.0,21.0,22.0,21.0,21.0,21.0,21.0,22.0,21.0,10.0,hold,0,0,11.1078
1787152261.3895,2026-08-19 17:11:01.389,10,c3,1,0,-0.03945,-0.49601,0.04091,-4.2495,10.4624,-20.6064,-0.076,0.0215,-0.2328,3.76175,22.0,24.0,22.0,20.0,32.0,33.0,24.0,26.0,32.0,34.0,23.0,22.0,28.0,39.0,23.0,22.0,27.0,23.0,24.0,21.0,22.0,21.0,21.0,22.0,22.0,22.0,22.0,21.0,22.0,22.0,21.0,22.0,21.0,21.0,21.0,21.0,22.0,21.0,10.0,hold,0,0,11.016
1787152261.4396,2026-08-19 17:11:01.439,10,c3,1,0,-0.03944,-0.49602,0.04092,-4.837,10.08,-20.5149,-0.0613,0.0091,-0.2327,3.74992,22.0,24.0,23.0,22.0,32.0,32.0,23.0,26.0,32.0,33.0,23.0,23.0,28.0,38.0,23.0,21.0,27.0,23.0,26.0,21.0,22.0,21.0,21.0,22.0,22.0,22.0,22.0,21.0,22.0,22.0,21.0,22.0,21.0,21.0,21.0,21.0,22.0,21.0,10.0,hold,0,0,11.1213
1787152261.4898,2026-08-19 17:11:01.489,10,c3,1,0,-0.03944,-0.49602,0.04092,-4.6179,10.5501,-20.5909,-0.0777,0.0135,-0.229,3.75823,22.0,24.0,23.0,22.0,32.0,32.0,23.0,26.0,32.0,33.0,23.0,23.0,28.0,38.0,23.0,21.0,27.0,23.0,26.0,21.0,22.0,21.0,21.0,22.0,22.0,22.0,22.0,21.0,22.0,22.0,21.0,22.0,21.0,21.0,21.0,21.0,22.0,21.0,10.0,hold,0,0,11.0473
1787152261.5399,2026-08-19 17:11:01.539,10,c3,1,0,-0.03946,-0.49601,0.04092,-4.6324,9.5687,-20.8365,-0.0499,0.0126,-0.2394,3.75873,26.0,25.0,21.0,24.0,33.0,31.0,23.0,26.0,34.0,34.0,24.0,23.0,31.0,37.0,24.0,22.0,27.0,23.0,23.0,21.0,22.0,21.0,21.0,22.0,22.0,22.0,22.0,21.0,22.0,22.0,21.0,22.0,21.0,21.0,21.0,21.0,22.0,21.0,10.0,hold,0,0,11.0429
1787152261.5899,2026-08-19 17:11:01.589,10,c3,0,0,-0.03946,-0.49601,0.04091,-4.8241,10.1732,-20.7412,-0.0657,0.012,-0.2333,3.75168,24.0,25.0,22.0,24.0,34.0,32.0,24.0,26.0,33.0,34.0,25.0,23.0,28.0,38.0,24.0,21.0,27.0,23.0,24.0,21.0,22.0,21.0,21.0,22.0,22.0,22.0,22.0,21.0,22.0,22.0,21.0,22.0,21.0,21.0,21.0,21.0,22.0,21.0,10.0,retract,0,0,11.1056
1787152261.64,2026-08-19 17:11:01.640,10,c3,0,0,-0.03946,-0.49601,0.04093,-4.3029,10.1997,-20.7435,-0.0678,0.0225,-0.2316,3.76503,24.0,25.0,22.0,24.0,34.0,32.0,24.0,26.0,33.0,34.0,25.0,23.0,28.0,38.0,24.0,21.0,27.0,23.0,24.0,21.0,22.0,21.0,21.0,22.0,22.0,22.0,22.0,21.0,22.0,22.0,21.0,22.0,21.0,21.0,21.0,21.0,22.0,21.0,10.0,retract,0,0,10.9869
1787152261.6902,2026-08-19 17:11:01.690,10,c3,0,0,-0.03944,-0.49601,0.04097,-4.593,10.2282,-20.7673,-0.0687,0.0156,-0.2405,3.77485,24.0,24.0,21.0,23.0,32.0,33.0,23.0,26.0,32.0,32.0,23.0,22.0,27.0,37.0,24.0,22.0,27.0,23.0,24.0,21.0,22.0,21.0,21.0,22.0,22.0,22.0,22.0,21.0,22.0,22.0,21.0,22.0,21.0,21.0,21.0,21.0,22.0,21.0,10.0,retract,0,0,10.8995
1787152261.7403,2026-08-19 17:11:01.740,10,c3,0,0,-0.03945,-0.49601,0.04102,-4.4646,10.3101,-20.9404,-0.0725,0.0157,-0.2353,3.80884,24.0,24.0,21.0,23.0,32.0,33.0,23.0,26.0,32.0,32.0,23.0,22.0,27.0,37.0,24.0,22.0,27.0,23.0,24.0,21.0,22.0,21.0,21.0,22.0,22.0,22.0,22.0,21.0,22.0,22.0,21.0,22.0,21.0,21.0,21.0,21.0,22.0,21.0,10.0,retract,0,0,10.5971
1787152261.7905,2026-08-19 17:11:01.790,10,c3,0,0,-0.03942,-0.49601,0.04114,-4.6701,10.6088,-21.1094,-0.0783,0.0146,-0.2384,3.86775,23.0,23.0,20.0,23.0,32.0,32.0,23.0,26.0,32.0,34.0,24.0,23.0,27.0,38.0,23.0,21.0,28.0,23.0,23.0,21.0,22.0,21.0,21.0,22.0,22.0,22.0,22.0,21.0,22.0,22.0,21.0,22.0,21.0,21.0,21.0,21.0,22.0,21.0,10.0,retract,0,0,10.073
1787152261.8406,2026-08-19 17:11:01.840,10,c3,0,0,-0.03943,-0.496,0.04133,-4.6603,10.3237,-21.112,-0.0658,0.012,-0.235,3.94026,22.0,24.0,21.0,23.0,33.0,32.0,22.0,26.0,31.0,33.0,23.0,23.0,29.0,37.0,23.0,22.0,26.0,22.0,23.0,21.0,22.0,21.0,21.0,22.0,22.0,22.0,22.0,21.0,22.0,22.0,21.0,22.0,21.0,21.0,21.0,21.0,22.0,21.0,10.0,retract,0,0,9.4279
1787152261.8907,2026-08-19 17:11:01.890,10,c3,0,0,-0.03944,-0.496,0.04154,-4.5296,10.5021,-21.6122,-0.0755,0.0158,-0.236,4.02561,22.0,24.0,21.0,23.0,33.0,32.0,22.0,26.0,31.0,33.0,23.0,23.0,29.0,37.0,23.0,22.0,26.0,22.0,23.0,21.0,22.0,21.0,21.0,22.0,22.0,22.0,22.0,21.0,22.0,22.0,21.0,22.0,21.0,21.0,21.0,21.0,22.0,21.0,10.0,retract,0,0,8.6686
1787152261.9409,2026-08-19 17:11:01.940,10,c3,0,0,-0.03941,-0.49601,0.04177,-4.5905,10.2622,-21.9944,-0.0715,0.0136,-0.2334,4.09032,25.0,24.0,21.0,23.0,32.0,31.0,22.0,27.0,32.0,32.0,23.0,22.0,28.0,36.0,21.0,23.0,25.0,22.0,23.0,21.0,22.0,21.0,21.0,22.0,22.0,22.0,22.0,21.0,22.0,22.0,21.0,22.0,21.0,21.0,21.0,21.0,22.0,21.0,10.0,retract,0,0,8.0929
1787152261.9909,2026-08-19 17:11:01.991,10,c3,0,0,-0.03944,-0.49599,0.04198,-4.4656,10.5753,-22.4154,-0.0756,0.0145,-0.2321,4.16585,25.0,24.0,21.0,23.0,32.0,31.0,22.0,27.0,32.0,32.0,23.0,22.0,28.0,36.0,21.0,23.0,25.0,22.0,23.0,21.0,22.0,21.0,21.0,22.0,22.0,22.0,22.0,21.0,22.0,22.0,21.0,22.0,21.0,21.0,21.0,21.0,22.0,21.0,10.0,retract,0,0,7.421
1787152262.041,2026-08-19 17:11:02.041,10,c3,0,0,-0.03945,-0.49598,0.04225,-4.62,10.4739,-22.4744,-0.0759,0.0088,-0.2369,4.24264,23.0,24.0,20.0,23.0,32.0,31.0,23.0,27.0,31.0,32.0,23.0,22.0,28.0,36.0,21.0,22.0,27.0,21.0,24.0,21.0,22.0,21.0,21.0,22.0,22.0,22.0,22.0,21.0,22.0,22.0,21.0,22.0,21.0,21.0,21.0,21.0,22.0,21.0,10.0,retract,0,0,6.7378
1787152262.0912,2026-08-19 17:11:02.091,10,c3,0,0,-0.03942,-0.49596,0.04257,-4.9732,10.4642,-22.778,-0.077,-0.005,-0.2388,4.33429,24.0,24.0,21.0,24.0,32.0,33.0,20.0,25.0,30.0,30.0,23.0,22.0,28.0,35.0,21.0,23.0,27.0,22.0,24.0,21.0,22.0,21.0,21.0,22.0,22.0,22.0,22.0,21.0,22.0,22.0,21.0,22.0,21.0,21.0,21.0,21.0,22.0,21.0,10.0,retract,0,0,5.9225
1787152262.1413,2026-08-19 17:11:02.141,10,c3,0,0,-0.03944,-0.49597,0.0429,-4.3558,9.9839,-23.2064,-0.0661,0.0119,-0.2332,4.41435,24.0,24.0,21.0,24.0,32.0,33.0,20.0,25.0,30.0,30.0,23.0,22.0,28.0,35.0,21.0,23.0,27.0,22.0,24.0,21.0,22.0,21.0,21.0,22.0,22.0,22.0,22.0,21.0,22.0,22.0,21.0,22.0,21.0,21.0,21.0,21.0,22.0,21.0,10.0,retract,0,0,5.2102
1787152262.1914,2026-08-19 17:11:02.191,10,c3,0,0,-0.03944,-0.49599,0.04324,-4.8305,10.5603,-23.4038,-0.0823,0.0008,-0.2502,4.48032,23.0,23.0,20.0,24.0,30.0,29.0,23.0,25.0,29.0,29.0,23.0,21.0,26.0,33.0,22.0,21.0,25.0,22.0,24.0,21.0,22.0,21.0,21.0,22.0,22.0,22.0,22.0,21.0,22.0,22.0,21.0,22.0,21.0,21.0,21.0,21.0,22.0,21.0,10.0,retract,0,0,4.6233
1787152262.2415,2026-08-19 17:11:02.241,10,c3,0,0,-0.03942,-0.49598,0.04356,-4.3152,10.2433,-23.6549,-0.0739,0.0147,-0.2384,4.54829,23.0,23.0,20.0,24.0,30.0,29.0,23.0,25.0,29.0,29.0,23.0,21.0,26.0,33.0,22.0,21.0,25.0,22.0,24.0,21.0,22.0,21.0,21.0,22.0,22.0,22.0,22.0,21.0,22.0,22.0,21.0,22.0,21.0,21.0,21.0,21.0,22.0,21.0,10.0,retract,0,0,4.0186
1787152262.2917,2026-08-19 17:11:02.291,10,c3,0,0,-0.03943,-0.496,0.04393,-4.6608,10.5743,-23.8848,-0.0807,0.0025,-0.2361,4.59815,22.0,21.0,18.0,21.0,29.0,27.0,22.0,27.0,30.0,28.0,23.0,23.0,27.0,31.0,22.0,23.0,24.0,21.0,24.0,21.0,22.0,21.0,21.0,22.0,22.0,22.0,22.0,21.0,22.0,22.0,21.0,22.0,21.0,21.0,21.0,21.0,22.0,21.0,10.0,retract,0,0,3.5751
1787152262.3418,2026-08-19 17:11:02.341,10,c3,0,0,-0.03945,-0.49599,0.04425,-4.1682,10.3562,-24.2594,-0.0772,0.0172,-0.2331,4.64926,23.0,24.0,18.0,24.0,30.0,26.0,22.0,25.0,29.0,28.0,21.0,19.0,26.0,32.0,22.0,22.0,24.0,21.0,25.0,21.0,22.0,21.0,21.0,22.0,22.0,22.0,22.0,21.0,22.0,22.0,21.0,22.0,21.0,21.0,21.0,21.0,22.0,21.0,10.0,retract,0,0,3.1204
1787152262.3919,2026-08-19 17:11:02.391,10,c3,0,0,-0.03942,-0.49598,0.04458,-4.5181,10.5408,-24.2079,-0.0817,0.005,-0.2371,4.68526,23.0,24.0,18.0,24.0,30.0,26.0,22.0,25.0,29.0,28.0,21.0,19.0,26.0,32.0,22.0,22.0,24.0,21.0,25.0,21.0,22.0,21.0,21.0,22.0,22.0,22.0,22.0,21.0,22.0,22.0,21.0,22.0,21.0,21.0,21.0,21.0,22.0,21.0,10.0,retract,0,0,2.8001
1787152262.4421,2026-08-19 17:11:02.442,10,c3,0,0,-0.03944,-0.49598,0.04494,-4.535,10.2168,-24.1514,-0.0757,0.0057,-0.2426,4.68249,24.0,25.0,19.0,22.0,30.0,26.0,22.0,24.0,29.0,28.0,23.0,19.0,27.0,30.0,23.0,21.0,25.0,22.0,23.0,21.0,22.0,21.0,21.0,22.0,22.0,22.0,22.0,21.0,22.0,22.0,21.0,22.0,21.0,21.0,21.0,21.0,22.0,21.0,10.0,retract,0,0,2.8247
1787152262.4922,2026-08-19 17:11:02.492,10,c3,0,0,-0.03945,-0.49599,0.04525,-4.7641,10.4228,-24.2883,-0.0799,-0.0028,-0.2394,4.69735,24.0,25.0,19.0,22.0,30.0,26.0,22.0,24.0,29.0,28.0,23.0,19.0,27.0,30.0,23.0,21.0,25.0,22.0,23.0,21.0,22.0,21.0,21.0,22.0,22.0,22.0,22.0,21.0,22.0,22.0,21.0,22.0,21.0,21.0,21.0,21.0,22.0,21.0,10.0,retract,0,0,2.6925
1787152262.5423,2026-08-19 17:11:02.542,10,c3,0,0,-0.03942,-0.496,0.04559,-4.3192,10.0543,-24.2338,-0.07,0.0111,-0.2416,4.68702,23.0,22.0,19.0,22.0,29.0,26.0,22.0,23.0,27.0,29.0,22.0,19.0,25.0,30.0,22.0,19.0,25.0,23.0,21.0,21.0,22.0,21.0,21.0,22.0,22.0,22.0,22.0,21.0,22.0,22.0,21.0,22.0,21.0,21.0,21.0,21.0,22.0,21.0,10.0,retract,0,0,2.7844
1787152262.5925,2026-08-19 17:11:02.592,10,c3,0,0,-0.03943,-0.49602,0.04593,-4.7,10.3048,-24.289,-0.0768,0.0028,-0.2392,4.69785,23.0,22.0,19.0,22.0,29.0,26.0,22.0,23.0,27.0,29.0,22.0,19.0,25.0,30.0,22.0,19.0,25.0,23.0,21.0,21.0,22.0,21.0,21.0,22.0,22.0,22.0,22.0,21.0,22.0,22.0,21.0,22.0,21.0,21.0,21.0,21.0,22.0,21.0,10.0,retract,0,0,2.6881
1787152262.6426,2026-08-19 17:11:02.642,10,c3,0,0,-0.03944,-0.496,0.04627,-4.5359,10.5145,-24.275,-0.0833,0.0045,-0.2374,4.69105,22.0,21.0,20.0,21.0,26.0,25.0,23.0,25.0,26.0,29.0,23.0,20.0,25.0,29.0,22.0,22.0,25.0,22.0,22.0,21.0,22.0,21.0,21.0,22.0,22.0,22.0,22.0,21.0,22.0,22.0,21.0,22.0,21.0,21.0,21.0,21.0,22.0,21.0,10.0,retract,0,0,2.7485
1787152262.6928,2026-08-19 17:11:02.692,10,c3,0,0,-0.03944,-0.49601,0.04661,-4.0314,9.89,-24.4762,-0.063,0.0181,-0.2298,4.68602,23.0,22.0,19.0,23.0,26.0,24.0,20.0,25.0,25.0,28.0,21.0,21.0,24.0,29.0,22.0,22.0,25.0,22.0,24.0,21.0,22.0,21.0,21.0,22.0,22.0,22.0,22.0,21.0,22.0,22.0,21.0,22.0,21.0,21.0,21.0,21.0,22.0,21.0,10.0,retract,0,0,2.7933
1787152262.7429,2026-08-19 17:11:02.742,10,c3,0,0,-0.03945,-0.496,0.04695,-4.3156,9.9211,-24.3587,-0.0678,0.011,-0.2348,4.69684,23.0,22.0,19.0,23.0,26.0,24.0,20.0,25.0,25.0,28.0,21.0,21.0,24.0,29.0,22.0,22.0,25.0,22.0,24.0,21.0,22.0,21.0,21.0,22.0,22.0,22.0,22.0,21.0,22.0,22.0,21.0,22.0,21.0,21.0,21.0,21.0,22.0,21.0,10.0,retract,0,0,2.697
1787152262.793,2026-08-19 17:11:02.793,10,c3,0,0,-0.03943,-0.496,0.04728,-4.7504,10.5231,-24.0673,-0.0822,0.0003,-0.2432,4.69483,23.0,23.0,19.0,22.0,27.0,24.0,22.0,26.0,25.0,27.0,21.0,21.0,25.0,28.0,22.0,22.0,26.0,20.0,23.0,21.0,22.0,21.0,21.0,22.0,22.0,22.0,22.0,21.0,22.0,22.0,21.0,22.0,21.0,21.0,21.0,21.0,22.0,21.0,10.0,retract,0,0,2.7149
1787152262.8431,2026-08-19 17:11:02.843,10,c3,0,0,-0.03947,-0.49601,0.04762,-4.471,10.0722,-24.2305,-0.0742,0.0064,-0.2387,4.68727,23.0,23.0,19.0,22.0,27.0,24.0,22.0,26.0,25.0,27.0,21.0,21.0,25.0,28.0,22.0,22.0,26.0,20.0,23.0,21.0,22.0,21.0,21.0,22.0,22.0,22.0,22.0,21.0,22.0,22.0,21.0,22.0,21.0,21.0,21.0,21.0,22.0,21.0,10.0,retract,0,0,2.7821
1787152262.8933,2026-08-19 17:11:02.893,10,c3,0,0,-0.03943,-0.49601,0.04791,-4.481,9.8506,-24.0084,-0.0675,0.0075,-0.2457,4.69382,23.0,22.0,19.0,23.0,28.0,25.0,21.0,24.0,25.0,26.0,23.0,20.0,25.0,26.0,23.0,20.0,23.0,22.0,22.0,21.0,22.0,21.0,21.0,22.0,22.0,22.0,22.0,21.0,22.0,22.0,21.0,22.0,21.0,21.0,21.0,21.0,22.0,21.0,10.0,retract,0,0,2.7239
1787152262.9434,2026-08-19 17:11:02.943,10,c3,0,0,-0.03943,-0.49599,0.04823,-4.6817,10.5266,-24.1067,-0.0804,0.0014,-0.2448,4.68853,24.0,22.0,20.0,22.0,26.0,23.0,22.0,26.0,25.0,27.0,21.0,21.0,24.0,27.0,22.0,23.0,24.0,22.0,26.0,21.0,22.0,21.0,21.0,22.0,22.0,22.0,22.0,21.0,22.0,22.0,21.0,22.0,21.0,21.0,21.0,21.0,22.0,21.0,10.0,retract,0,0,2.7709
1787152262.9935,2026-08-19 17:11:02.993,10,c3,0,0,-0.03944,-0.49598,0.04855,-4.7131,10.5118,-24.0256,-0.0844,0.0012,-0.2379,4.69785,24.0,22.0,20.0,22.0,26.0,23.0,22.0,26.0,25.0,27.0,21.0,21.0,24.0,27.0,22.0,23.0,24.0,22.0,26.0,21.0,22.0,21.0,21.0,22.0,22.0,22.0,22.0,21.0,22.0,22.0,21.0,22.0,21.0,21.0,21.0,21.0,22.0,21.0,10.0,retract,0,0,2.6881
1787152263.0437,2026-08-19 17:11:03.043,10,c3,0,0,-0.03945,-0.496,0.04893,-4.7101,10.2741,-23.9713,-0.0796,-0.0005,-0.241,4.68929,26.0,24.0,19.0,24.0,28.0,23.0,20.0,24.0,24.0,25.0,21.0,20.0,24.0,27.0,21.0,21.0,25.0,21.0,23.0,21.0,22.0,21.0,21.0,22.0,22.0,22.0,22.0,21.0,22.0,22.0,21.0,22.0,21.0,21.0,21.0,21.0,22.0,21.0,10.0,retract,0,0,2.7642
1787152263.0938,2026-08-19 17:11:03.093,10,c3,0,0,-0.03945,-0.496,0.04928,-4.6738,10.5093,-24.1797,-0.0822,0.0041,-0.2395,4.69508,26.0,24.0,19.0,24.0,28.0,23.0,20.0,24.0,24.0,25.0,21.0,20.0,24.0,27.0,21.0,21.0,25.0,21.0,23.0,21.0,22.0,21.0,21.0,22.0,22.0,22.0,22.0,21.0,22.0,22.0,21.0,22.0,21.0,21.0,21.0,21.0,22.0,21.0,10.0,retract,0,0,2.7127
1787152263.1439,2026-08-19 17:11:03.143,10,c3,0,0,-0.03944,-0.496,0.04958,-4.6996,10.3139,-24.1338,-0.0781,0.001,-0.2397,4.69206,22.0,23.0,18.0,22.0,28.0,23.0,21.0,24.0,24.0,27.0,23.0,20.0,24.0,27.0,23.0,20.0,24.0,24.0,23.0,21.0,22.0,21.0,21.0,22.0,22.0,22.0,22.0,21.0,22.0,22.0,21.0,22.0,21.0,21.0,21.0,21.0,22.0,21.0,10.0,retract,0,0,2.7396
1787152263.194,2026-08-19 17:11:03.194,10,c3,0,0,-0.03947,-0.496,0.04987,-4.5454,10.4867,-24.311,-0.079,0.005,-0.2353,4.69936,23.0,20.0,18.0,22.0,25.0,23.0,24.0,23.0,24.0,26.0,22.0,21.0,25.0,27.0,22.0,21.0,24.0,22.0,23.0,21.0,22.0,21.0,21.0,22.0,22.0,22.0,22.0,21.0,22.0,22.0,21.0,22.0,21.0,21.0,21.0,21.0,22.0,21.0,10.0,retract,0,0,2.6746
1787152263.2442,2026-08-19 17:11:03.244,10,c3,0,0,-0.03945,-0.49601,0.0501,-4.4064,10.2634,-24.2313,-0.0784,0.01,-0.2373,4.69155,23.0,20.0,18.0,22.0,25.0,23.0,24.0,23.0,24.0,26.0,22.0,21.0,25.0,27.0,22.0,21.0,24.0,22.0,23.0,21.0,22.0,21.0,21.0,22.0,22.0,22.0,22.0,21.0,22.0,22.0,21.0,22.0,21.0,21.0,21.0,21.0,22.0,21.0,10.0,retract,0,0,2.7441
1787152263.2943,2026-08-19 17:11:03.294,10,c3,0,0,-0.03945,-0.49601,0.05031,-4.4648,10.3418,-24.1347,-0.0767,0.0054,-0.2409,4.68904,24.0,23.0,18.0,24.0,26.0,22.0,22.0,23.0,24.0,26.0,21.0,18.0,24.0,26.0,21.0,20.0,25.0,22.0,23.0,21.0,22.0,21.0,21.0,22.0,22.0,22.0,22.0,21.0,22.0,22.0,21.0,22.0,21.0,21.0,21.0,21.0,22.0,21.0,10.0,retract,0,0,2.7665
1787152263.3444,2026-08-19 17:11:03.344,10,c3,0,0,-0.03944,-0.496,0.05048,-4.9729,10.8257,-23.9585,-0.0867,-0.0073,-0.2518,4.69709,24.0,23.0,18.0,24.0,26.0,22.0,22.0,23.0,24.0,26.0,21.0,18.0,24.0,26.0,21.0,20.0,25.0,22.0,23.0,21.0,22.0,21.0,21.0,22.0,22.0,22.0,22.0,21.0,22.0,22.0,21.0,22.0,21.0,21.0,21.0,21.0,22.0,21.0,10.0,retract,0,0,2.6948
1787152263.3945,2026-08-19 17:11:03.394,10,c3,0,0,-0.03942,-0.49599,0.05061,-4.5119,10.2504,-24.0957,-0.0777,0.0069,-0.2387,4.68199,22.0,21.0,19.0,20.0,26.0,22.0,20.0,22.0,23.0,25.0,22.0,18.0,25.0,26.0,21.0,20.0,24.0,22.0,21.0,21.0,22.0,21.0,21.0,22.0,22.0,22.0,22.0,21.0,22.0,22.0,21.0,22.0,21.0,21.0,21.0,21.0,22.0,21.0,10.0,retract,0,0,2.8292
1787152263.4448,2026-08-19 17:11:03.444,10,c3,0,0,-0.03943,-0.49599,0.0507,-4.5434,10.4383,-24.1327,-0.0824,-0.0005,-0.2363,4.69004,21.0,21.0,18.0,21.0,25.0,22.0,21.0,24.0,23.0,26.0,21.0,19.0,24.0,26.0,21.0,21.0,23.0,20.0,23.0,21.0,22.0,21.0,21.0,22.0,22.0,22.0,22.0,21.0,22.0,22.0,21.0,22.0,21.0,21.0,21.0,21.0,22.0,21.0,10.0,retract,0,0,2.7575
1787152263.4948,2026-08-19 17:11:03.494,10,c3,0,0,-0.03944,-0.496,0.05077,-4.2417,10.2575,-24.077,-0.0774,0.015,-0.2382,4.68929,21.0,21.0,18.0,21.0,25.0,22.0,21.0,24.0,23.0,26.0,21.0,19.0,24.0,26.0,21.0,21.0,23.0,20.0,23.0,21.0,22.0,21.0,21.0,22.0,22.0,22.0,22.0,21.0,22.0,22.0,21.0,22.0,21.0,21.0,21.0,21.0,22.0,21.0,10.0,retract,0,0,2.7642
1787152263.5449,2026-08-19 17:11:03.544,10,c3,0,0,-0.03943,-0.49599,0.05082,-4.7575,10.4799,-23.8137,-0.0769,-0.0014,-0.2381,4.70087,22.0,21.0,19.0,21.0,25.0,22.0,21.0,23.0,24.0,24.0,22.0,18.0,24.0,25.0,22.0,19.0,22.0,22.0,22.0,21.0,22.0,21.0,21.0,22.0,22.0,22.0,22.0,21.0,22.0,22.0,21.0,22.0,21.0,21.0,21.0,21.0,22.0,21.0,10.0,retract,0,0,2.6612
1787152263.595,2026-08-19 17:11:03.595,10,c3,0,0,-0.03945,-0.496,0.05086,-4.7607,10.8064,-23.8157,-0.0883,-0.0009,-0.2423,4.69785,22.0,21.0,19.0,21.0,25.0,22.0,21.0,23.0,24.0,24.0,22.0,18.0,24.0,25.0,22.0,19.0,22.0,22.0,22.0,21.0,22.0,21.0,21.0,22.0,22.0,22.0,22.0,21.0,22.0,22.0,21.0,22.0,21.0,21.0,21.0,21.0,22.0,21.0,10.0,post,0,0,2.6881
1787152263.6451,2026-08-19 17:11:03.645,10,c3,0,0,-0.03945,-0.496,0.05088,-4.5492,10.3536,-24.1152,-0.0762,0.004,-0.2436,4.69181,21.0,22.0,19.0,20.0,26.0,21.0,21.0,23.0,23.0,26.0,20.0,18.0,24.0,26.0,21.0,21.0,23.0,20.0,23.0,21.0,22.0,21.0,21.0,22.0,22.0,22.0,22.0,21.0,22.0,22.0,21.0,22.0,21.0,21.0,21.0,21.0,22.0,21.0,10.0,post,0,0,2.7418
1787152263.6952,2026-08-19 17:11:03.695,10,c3,0,0,-0.03945,-0.496,0.05091,-4.2263,10.4744,-24.2532,-0.0799,0.0144,-0.2375,4.68425,21.0,22.0,19.0,20.0,26.0,21.0,21.0,23.0,23.0,26.0,20.0,18.0,24.0,26.0,21.0,21.0,23.0,20.0,23.0,21.0,22.0,21.0,21.0,22.0,22.0,22.0,22.0,21.0,22.0,22.0,21.0,22.0,21.0,21.0,21.0,21.0,22.0,21.0,10.0,post,0,0,2.809
1787152263.7453,2026-08-19 17:11:03.745,10,c3,0,0,-0.03945,-0.496,0.0509,-4.446,10.2841,-24.0804,-0.074,0.0079,-0.2387,4.69306,21.0,21.0,18.0,20.0,25.0,22.0,21.0,22.0,23.0,27.0,20.0,18.0,24.0,27.0,20.0,19.0,23.0,19.0,21.0,21.0,22.0,21.0,21.0,22.0,22.0,22.0,22.0,21.0,22.0,22.0,21.0,22.0,21.0,21.0,21.0,21.0,22.0,21.0,10.0,post,0,0,2.7306
1787152263.7954,2026-08-19 17:11:03.795,10,c3,0,0,-0.03943,-0.496,0.0509,-4.4396,10.2191,-24.1406,-0.0761,0.0075,-0.2414,4.69181,22.0,21.0,20.0,21.0,26.0,23.0,21.0,21.0,24.0,26.0,20.0,16.0,25.0,27.0,20.0,18.0,24.0,21.0,21.0,21.0,22.0,21.0,21.0,22.0,22.0,22.0,22.0,21.0,22.0,22.0,21.0,22.0,21.0,21.0,21.0,21.0,22.0,21.0,10.0,post,0,0,2.7418
1787152263.8455,2026-08-19 17:11:03.845,10,c3,0,0,-0.03945,-0.496,0.05091,-3.8896,9.6961,-24.3278,-0.0599,0.0229,-0.2328,4.69181,22.0,21.0,20.0,21.0,26.0,23.0,21.0,21.0,24.0,26.0,20.0,16.0,25.0,27.0,20.0,18.0,24.0,21.0,21.0,21.0,22.0,21.0,21.0,22.0,22.0,22.0,22.0,21.0,22.0,22.0,21.0,22.0,21.0,21.0,21.0,21.0,22.0,21.0,10.0,post,0,0,2.7418
1787152263.8956,2026-08-19 17:11:03.895,10,c3,0,0,-0.03943,-0.49601,0.05092,-4.4139,10.3404,-24.0195,-0.0783,0.0089,-0.2381,4.69533,21.0,24.0,19.0,18.0,27.0,22.0,21.0,23.0,23.0,23.0,22.0,20.0,24.0,25.0,21.0,21.0,24.0,22.0,23.0,21.0,22.0,21.0,21.0,22.0,22.0,22.0,22.0,21.0,22.0,22.0,21.0,22.0,21.0,21.0,21.0,21.0,22.0,21.0,10.0,post,0,0,2.7105
1787152263.9458,2026-08-19 17:11:03.945,10,c3,0,0,-0.03943,-0.49602,0.0509,-4.3558,10.2193,-24.231,-0.0741,0.0114,-0.2378,4.69357,21.0,24.0,19.0,18.0,27.0,22.0,21.0,23.0,23.0,23.0,22.0,20.0,24.0,25.0,21.0,21.0,24.0,22.0,23.0,21.0,22.0,21.0,21.0,22.0,22.0,22.0,22.0,21.0,22.0,22.0,21.0,22.0,21.0,21.0,21.0,21.0,22.0,21.0,10.0,post,0,0,2.7261
1787152263.9959,2026-08-19 17:11:03.995,10,c3,0,0,-0.03943,-0.49601,0.05092,-4.3284,10.2962,-24.3535,-0.0795,0.0134,-0.2402,4.69407,22.0,20.0,19.0,22.0,26.0,20.0,21.0,25.0,25.0,26.0,21.0,21.0,26.0,27.0,21.0,22.0,25.0,20.0,25.0,21.0,22.0,21.0,21.0,22.0,22.0,22.0,22.0,21.0,22.0,22.0,21.0,22.0,21.0,21.0,21.0,21.0,22.0,21.0,10.0,post,0,0,2.7217
1787152264.046,2026-08-19 17:11:04.045,10,c3,0,0,-0.03943,-0.49599,0.0509,-4.5118,10.0824,-24.3062,-0.073,0.006,-0.239,4.68677,24.0,23.0,19.0,22.0,26.0,24.0,22.0,21.0,23.0,25.0,21.0,17.0,24.0,25.0,21.0,20.0,24.0,22.0,21.0,21.0,22.0,21.0,21.0,22.0,22.0,22.0,22.0,21.0,22.0,22.0,21.0,22.0,21.0,21.0,21.0,21.0,22.0,21.0,10.0,post,0,0,2.7866
1787152264.0961,2026-08-19 17:11:04.096,10,c3,0,0,-0.03944,-0.49601,0.05091,-4.3544,9.8305,-24.2352,-0.0676,0.0117,-0.2379,4.69231,24.0,23.0,19.0,22.0,26.0,24.0,22.0,21.0,23.0,25.0,21.0,17.0,24.0,25.0,21.0,20.0,24.0,22.0,21.0,21.0,22.0,21.0,21.0,22.0,22.0,22.0,22.0,21.0,22.0,22.0,21.0,22.0,21.0,21.0,21.0,21.0,22.0,21.0,10.0,post,0,0,2.7373
1787152264.1462,2026-08-19 17:11:04.146,10,c3,0,0,-0.03944,-0.49601,0.0509,-4.6885,10.4599,-24.226,-0.0826,0.0013,-0.2393,4.69558,21.0,21.0,17.0,21.0,25.0,21.0,22.0,23.0,24.0,25.0,23.0,19.0,24.0,25.0,22.0,20.0,23.0,22.0,21.0,21.0,22.0,21.0,21.0,22.0,22.0,22.0,22.0,21.0,22.0,22.0,21.0,22.0,21.0,21.0,21.0,21.0,22.0,21.0,10.0,post,0,0,2.7082
1787152264.1963,2026-08-19 17:11:04.196,10,c3,0,0,-0.03942,-0.496,0.0509,-4.7861,10.4544,-24.3376,-0.0787,0.0007,-0.2393,4.6908,21.0,21.0,17.0,21.0,25.0,21.0,22.0,23.0,24.0,25.0,23.0,19.0,24.0,25.0,22.0,20.0,23.0,22.0,21.0,21.0,22.0,21.0,21.0,22.0,22.0,22.0,22.0,21.0,22.0,22.0,21.0,22.0,21.0,21.0,21.0,21.0,22.0,21.0,10.0,post,0,0,2.7508
1787152264.2465,2026-08-19 17:11:04.246,10,c3,0,0,-0.03944,-0.49601,0.05091,-4.442,10.4221,-24.2509,-0.081,0.0066,-0.239,4.69357,21.0,23.0,17.0,22.0,26.0,22.0,20.0,23.0,24.0,27.0,22.0,19.0,24.0,27.0,23.0,19.0,24.0,22.0,23.0,21.0,22.0,21.0,21.0,22.0,22.0,22.0,22.0,21.0,22.0,22.0,21.0,22.0,21.0,21.0,21.0,21.0,22.0,21.0,10.0,post,0,0,2.7261
1787152264.2967,2026-08-19 17:11:04.296,10,c3,0,0,-0.03943,-0.49601,0.05091,-4.6898,10.5819,-24.2526,-0.083,-0.0011,-0.2388,4.69256,22.0,21.0,19.0,19.0,26.0,23.0,22.0,23.0,23.0,26.0,22.0,19.0,24.0,26.0,23.0,21.0,24.0,23.0,23.0,21.0,22.0,21.0,21.0,22.0,22.0,22.0,22.0,21.0,22.0,22.0,21.0,22.0,21.0,21.0,21.0,21.0,22.0,21.0,10.0,post,0,0,2.7351
1787152264.3468,2026-08-19 17:11:04.346,10,c3,0,0,-0.03944,-0.49601,0.05091,-4.9249,10.6479,-24.097,-0.0805,-0.0054,-0.2452,4.69533,22.0,21.0,19.0,19.0,26.0,23.0,22.0,23.0,23.0,26.0,22.0,19.0,24.0,26.0,23.0,21.0,24.0,23.0,23.0,21.0,22.0,21.0,21.0,22.0,22.0,22.0,22.0,21.0,22.0,22.0,21.0,22.0,21.0,21.0,21.0,21.0,22.0,21.0,10.0,post,0,0,2.7105
1787152264.3969,2026-08-19 17:11:04.396,10,c3,0,0,-0.03944,-0.496,0.05089,-4.438,10.1066,-24.3513,-0.0711,0.0057,-0.2348,4.69332,23.0,23.0,18.0,22.0,27.0,22.0,22.0,23.0,24.0,25.0,21.0,19.0,24.0,26.0,22.0,20.0,24.0,23.0,22.0,21.0,22.0,21.0,21.0,22.0,22.0,22.0,22.0,21.0,22.0,22.0,21.0,22.0,21.0,21.0,21.0,21.0,22.0,21.0,10.0,post,0,0,2.7284
1787152264.447,2026-08-19 17:11:04.446,10,c3,0,0,-0.03945,-0.496,0.05091,-4.8578,10.7246,-24.2245,-0.086,-0.0032,-0.24,4.69055,23.0,23.0,18.0,22.0,27.0,22.0,22.0,23.0,24.0,25.0,21.0,19.0,24.0,26.0,22.0,20.0,24.0,23.0,22.0,21.0,22.0,21.0,21.0,22.0,22.0,22.0,22.0,21.0,22.0,22.0,21.0,22.0,21.0,21.0,21.0,21.0,22.0,21.0,10.0,post,0,0,2.753
1787152264.4971,2026-08-19 17:11:04.497,10,c3,0,0,-0.03946,-0.49601,0.05092,-4.3024,10.5828,-24.0667,-0.086,0.0092,-0.2378,4.68677,22.0,22.0,18.0,20.0,25.0,21.0,22.0,23.0,24.0,26.0,21.0,19.0,24.0,26.0,22.0,20.0,23.0,22.0,24.0,21.0,22.0,21.0,21.0,22.0,22.0,22.0,22.0,21.0,22.0,22.0,21.0,22.0,21.0,21.0,21.0,21.0,22.0,21.0,10.0,post,0,0,2.7866
1787152264.5472,2026-08-19 17:11:04.547,10,c3,0,0,-0.03943,-0.49601,0.05091,-4.5537,10.2753,-24.2444,-0.0768,0.0049,-0.2387,4.69181,22.0,22.0,19.0,21.0,26.0,22.0,21.0,21.0,22.0,25.0,22.0,17.0,22.0,25.0,21.0,18.0,23.0,21.0,20.0,21.0,22.0,21.0,21.0,22.0,22.0,22.0,22.0,21.0,22.0,22.0,21.0,22.0,21.0,21.0,21.0,21.0,22.0,21.0,10.0,post,0,0,2.7418
1787152264.5973,2026-08-19 17:11:04.597,10,c3,0,0,-0.03943,-0.49601,0.05091,-4.4183,10.3957,-24.2213,-0.0818,0.0068,-0.2341,4.68828,22.0,22.0,19.0,21.0,26.0,22.0,21.0,21.0,22.0,25.0,22.0,17.0,22.0,25.0,21.0,18.0,23.0,21.0,20.0,21.0,22.0,21.0,21.0,22.0,22.0,22.0,22.0,21.0,22.0,22.0,21.0,22.0,21.0,21.0,21.0,21.0,22.0,21.0,10.0,post,0,0,2.7732
1787152264.6474,2026-08-19 17:11:04.647,10,c3,0,0,-0.03944,-0.496,0.0509,-4.2927,10.2197,-24.4437,-0.0722,0.0102,-0.2363,4.6908,19.0,22.0,18.0,19.0,25.0,21.0,22.0,24.0,25.0,26.0,21.0,19.0,26.0,26.0,22.0,20.0,23.0,22.0,21.0,21.0,22.0,21.0,21.0,22.0,22.0,22.0,22.0,21.0,22.0,22.0,21.0,22.0,21.0,21.0,21.0,21.0,22.0,21.0,10.0,post,0,0,2.7508
1787152264.6975,2026-08-19 17:11:04.697,10,c3,0,0,-0.03945,-0.49601,0.05091,-4.4648,10.1765,-24.3209,-0.0723,0.0046,-0.2378,4.69155,19.0,22.0,18.0,19.0,25.0,21.0,22.0,24.0,25.0,26.0,21.0,19.0,26.0,26.0,22.0,20.0,23.0,22.0,21.0,21.0,22.0,21.0,21.0,22.0,22.0,22.0,22.0,21.0,22.0,22.0,21.0,22.0,21.0,21.0,21.0,21.0,22.0,21.0,10.0,post,0,0,2.7441
1787152264.7477,2026-08-19 17:11:04.747,10,c3,0,0,-0.03944,-0.496,0.0509,-4.3951,10.1471,-24.325,-0.07,0.0077,-0.2376,4.69281,23.0,21.0,18.0,22.0,26.0,22.0,22.0,21.0,23.0,28.0,21.0,17.0,24.0,26.0,22.0,20.0,24.0,22.0,21.0,21.0,22.0,21.0,21.0,22.0,22.0,22.0,22.0,21.0,22.0,22.0,21.0,22.0,21.0,21.0,21.0,21.0,22.0,21.0,10.0,post,0,0,2.7329
1787152264.7978,2026-08-19 17:11:04.797,10,c3,0,0,-0.03944,-0.49601,0.05091,-4.2961,10.2575,-24.1995,-0.0767,0.0096,-0.2337,4.69709,23.0,21.0,18.0,22.0,26.0,22.0,22.0,21.0,23.0,28.0,21.0,17.0,24.0,26.0,22.0,20.0,24.0,22.0,21.0,21.0,22.0,21.0,21.0,22.0,22.0,22.0,22.0,21.0,22.0,22.0,21.0,22.0,21.0,21.0,21.0,21.0,22.0,21.0,10.0,post,0,0,2.6948
1787152264.8479,2026-08-19 17:11:04.847,10,c3,0,0,-0.03945,-0.49601,0.05091,-4.3016,9.8312,-24.3135,-0.0657,0.0096,-0.2373,4.68979,21.0,21.0,20.0,20.0,24.0,23.0,21.0,23.0,25.0,27.0,21.0,19.0,24.0,27.0,21.0,20.0,26.0,21.0,22.0,21.0,22.0,21.0,21.0,22.0,22.0,22.0,22.0,21.0,22.0,22.0,21.0,22.0,21.0,21.0,21.0,21.0,22.0,21.0,10.0,post,0,0,2.7597
1787152264.898,2026-08-19 17:11:04.897,10,c3,0,0,-0.03945,-0.496,0.05091,-3.8132,9.9163,-24.5293,-0.0656,0.0225,-0.2264,4.69583,22.0,22.0,18.0,21.0,25.0,21.0,21.0,22.0,23.0,27.0,20.0,18.0,24.0,25.0,21.0,21.0,24.0,22.0,23.0,21.0,22.0,21.0,21.0,22.0,22.0,22.0,22.0,21.0,22.0,22.0,21.0,22.0,21.0,21.0,21.0,21.0,22.0,21.0,10.0,post,0,0,2.706
1787152264.9481,2026-08-19 17:11:04.948,10,c3,0,0,-0.03945,-0.496,0.0509,-4.1318,10.0333,-24.3817,-0.0732,0.0128,-0.2314,4.69181,22.0,22.0,18.0,21.0,25.0,21.0,21.0,22.0,23.0,27.0,20.0,18.0,24.0,25.0,21.0,21.0,24.0,22.0,23.0,21.0,22.0,21.0,21.0,22.0,22.0,22.0,22.0,21.0,22.0,22.0,21.0,22.0,21.0,21.0,21.0,21.0,22.0,21.0,10.0,post,0,0,2.7418
1787152264.9982,2026-08-19 17:11:04.998,10,c3,0,0,-0.03945,-0.49602,0.05093,-4.3044,10.5444,-24.2396,-0.0849,0.0118,-0.2346,4.69231,20.0,21.0,19.0,20.0,26.0,22.0,20.0,25.0,23.0,27.0,22.0,20.0,23.0,26.0,22.0,21.0,24.0,22.0,23.0,21.0,22.0,21.0,21.0,22.0,22.0,22.0,22.0,21.0,22.0,22.0,21.0,22.0,21.0,21.0,21.0,21.0,22.0,21.0,10.0,post,0,0,2.7373
1787152265.0483,2026-08-19 17:11:05.048,10,c3,0,0,-0.03944,-0.49601,0.05092,-4.3467,10.104,-24.2365,-0.0706,0.0109,-0.239,4.69407,20.0,21.0,19.0,20.0,26.0,22.0,20.0,25.0,23.0,27.0,22.0,20.0,23.0,26.0,22.0,21.0,24.0,22.0,23.0,21.0,22.0,21.0,21.0,22.0,22.0,22.0,22.0,21.0,22.0,22.0,21.0,22.0,21.0,21.0,21.0,21.0,22.0,21.0,10.0,post,0,0,2.7217
1787152265.0984,2026-08-19 17:11:05.098,10,c3,0,0,-0.03944,-0.49601,0.05092,-4.1769,10.0767,-24.568,-0.0678,0.0131,-0.2362,4.68627,22.0,22.0,19.0,23.0,26.0,24.0,21.0,23.0,24.0,28.0,20.0,20.0,25.0,26.0,20.0,21.0,25.0,20.0,23.0,21.0,22.0,21.0,21.0,22.0,22.0,22.0,22.0,21.0,22.0,22.0,21.0,22.0,21.0,21.0,21.0,21.0,22.0,21.0,10.0,post,0,0,2.7911
1787152265.1485,2026-08-19 17:11:05.148,10,c3,0,0,-0.03944,-0.49601,0.05092,-4.4179,10.5238,-24.2679,-0.0891,0.0087,-0.241,4.69281,24.0,23.0,20.0,22.0,26.0,24.0,20.0,22.0,23.0,28.0,21.0,20.0,24.0,27.0,21.0,19.0,25.0,21.0,23.0,21.0,22.0,21.0,21.0,22.0,22.0,22.0,22.0,21.0,22.0,22.0,21.0,22.0,21.0,21.0,21.0,21.0,22.0,21.0,10.0,post,0,0,2.7329
1787152265.1987,2026-08-19 17:11:05.198,10,c3,0,0,-0.03946,-0.49601,0.05091,-4.774,10.274,-24.2468,-0.0764,-0.0027,-0.2398,4.69558,24.0,23.0,20.0,22.0,26.0,24.0,20.0,22.0,23.0,28.0,21.0,20.0,24.0,27.0,21.0,19.0,25.0,21.0,23.0,21.0,22.0,21.0,21.0,22.0,22.0,22.0,22.0,21.0,22.0,22.0,21.0,22.0,21.0,21.0,21.0,21.0,22.0,21.0,10.0,post,0,0,2.7082
1787152265.2487,2026-08-19 17:11:05.248,10,c3,0,0,-0.03945,-0.49601,0.05091,-4.1669,10.0291,-24.2285,-0.0756,0.016,-0.2392,4.68879,22.0,24.0,19.0,22.0,26.0,22.0,20.0,23.0,24.0,27.0,21.0,18.0,25.0,25.0,21.0,21.0,23.0,22.0,23.0,21.0,22.0,21.0,21.0,22.0,22.0,22.0,22.0,21.0,22.0,22.0,21.0,22.0,21.0,21.0,21.0,21.0,22.0,21.0,10.0,post,0,0,2.7687
1787152265.2989,2026-08-19 17:11:05.298,10,c3,0,0,-0.03945,-0.49602,0.05091,-4.6972,10.3529,-24.253,-0.08,-0.0039,-0.235,4.69735,22.0,24.0,19.0,22.0,26.0,22.0,20.0,23.0,24.0,27.0,21.0,18.0,25.0,25.0,21.0,21.0,23.0,22.0,23.0,21.0,22.0,21.0,21.0,22.0,22.0,22.0,22.0,21.0,22.0,22.0,21.0,22.0,21.0,21.0,21.0,21.0,22.0,21.0,10.0,post,0,0,2.6925
1787152265.349,2026-08-19 17:11:05.348,10,c3,0,0,-0.03943,-0.49599,0.05088,-4.6119,10.6675,-24.426,-0.0864,0.0015,-0.2433,4.6903,21.0,22.0,18.0,20.0,25.0,22.0,21.0,23.0,22.0,26.0,21.0,20.0,23.0,24.0,21.0,20.0,23.0,22.0,21.0,21.0,22.0,21.0,21.0,22.0,22.0,22.0,22.0,21.0,22.0,22.0,21.0,22.0,21.0,21.0,21.0,21.0,22.0,21.0,10.0,post,0,0,2.7553
1787152265.3991,2026-08-19 17:11:05.399,10,c3,0,0,-0.03945,-0.49601,0.0509,-4.5716,10.3877,-24.159,-0.0806,0.0027,-0.2376,4.69583,22.0,21.0,19.0,21.0,24.0,22.0,22.0,23.0,23.0,26.0,23.0,21.0,24.0,25.0,23.0,20.0,23.0,22.0,22.0,21.0,22.0,21.0,21.0,22.0,22.0,22.0,22.0,21.0,22.0,22.0,21.0,22.0,21.0,21.0,21.0,21.0,22.0,21.0,10.0,post,0,0,2.706
1787152265.4492,2026-08-19 17:11:05.449,10,c3,0,0,-0.03944,-0.49599,0.0509,-4.7228,10.4465,-24.2518,-0.0792,0.0002,-0.2391,4.69004,22.0,21.0,19.0,21.0,24.0,22.0,22.0,23.0,23.0,26.0,23.0,21.0,24.0,25.0,23.0,20.0,23.0,22.0,22.0,21.0,22.0,21.0,21.0,22.0,22.0,22.0,22.0,21.0,22.0,22.0,21.0,22.0,21.0,21.0,21.0,21.0,22.0,21.0,10.0,post,0,0,2.7575
1787152265.4993,2026-08-19 17:11:05.499,10,c3,0,0,-0.03944,-0.49601,0.05091,-4.3869,10.0528,-24.2932,-0.0741,0.0065,-0.2404,4.69357,22.0,22.0,22.0,20.0,23.0,24.0,22.0,23.0,23.0,23.0,22.0,22.0,24.0,23.0,24.0,21.0,22.0,23.0,21.0,21.0,22.0,21.0,21.0,22.0,22.0,22.0,22.0,21.0,22.0,22.0,21.0,22.0,21.0,21.0,21.0,21.0,22.0,21.0,10.0,post,0,0,2.7261
1787152265.5494,2026-08-19 17:11:05.549,10,c3,0,0,-0.03944,-0.49601,0.05091,-4.4885,10.0432,-24.2437,-0.0708,0.0058,-0.2408,4.69382,22.0,22.0,22.0,20.0,23.0,24.0,22.0,23.0,23.0,23.0,22.0,22.0,24.0,23.0,24.0,21.0,22.0,23.0,21.0,21.0,22.0,21.0,21.0,22.0,22.0,22.0,22.0,21.0,22.0,22.0,21.0,22.0,21.0,21.0,21.0,21.0,22.0,21.0,10.0,post,0,0,2.7239
1787152265.5996,2026-08-19 17:11:05.599,10,c3,0,0,-0.03944,-0.49601,0.05092,-4.3572,10.2063,-24.2026,-0.0735,0.0048,-0.231,4.69357,21.0,21.0,22.0,21.0,24.0,22.0,22.0,24.0,24.0,26.0,22.0,23.0,24.0,25.0,21.0,20.0,24.0,21.0,22.0,21.0,22.0,21.0,21.0,22.0,22.0,22.0,22.0,21.0,22.0,22.0,21.0,22.0,21.0,21.0,21.0,21.0,22.0,21.0,10.0,locate,1,1,2.7261
1787152265.6497,2026-08-19 17:11:05.649,10,c3,0,0,-0.03942,-0.496,0.05091,-4.4056,10.5152,-24.2836,-0.0813,0.0083,-0.236,4.69281,23.0,23.0,23.0,22.0,25.0,25.0,22.0,22.0,25.0,25.0,22.0,21.0,24.0,23.0,22.0,20.0,23.0,21.0,23.0,21.0,22.0,21.0,21.0,22.0,22.0,22.0,22.0,21.0,22.0,22.0,21.0,22.0,21.0,21.0,21.0,21.0,22.0,21.0,10.0,locate,1,1,2.7329
1787152265.6998,2026-08-19 17:11:05.699,10,c3,0,0,-0.03944,-0.49601,0.05091,-4.3628,10.1465,-24.1321,-0.0729,0.0078,-0.2345,4.69407,23.0,23.0,23.0,22.0,25.0,25.0,22.0,22.0,25.0,25.0,22.0,21.0,24.0,23.0,22.0,20.0,23.0,21.0,23.0,21.0,22.0,21.0,21.0,22.0,22.0,22.0,22.0,21.0,22.0,22.0,21.0,22.0,21.0,21.0,21.0,21.0,22.0,21.0,10.0,locate,1,1,2.7217
1787152265.7499,2026-08-19 17:11:05.749,10,c3,0,0,-0.03944,-0.49601,0.05091,-4.0778,9.9603,-24.3413,-0.0683,0.0167,-0.232,4.68979,22.0,22.0,23.0,21.0,24.0,24.0,21.0,26.0,25.0,26.0,22.0,23.0,24.0,25.0,22.0,23.0,23.0,22.0,23.0,21.0,22.0,21.0,21.0,22.0,22.0,22.0,22.0,21.0,22.0,22.0,21.0,22.0,21.0,21.0,21.0,21.0,22.0,21.0,10.0,locate,1,1,2.7597
1787152265.8,2026-08-19 17:11:05.800,10,c3,0,0,-0.03945,-0.49601,0.0509,-4.4288,10.639,-24.1807,-0.0811,0.0051,-0.2421,4.69357,22.0,22.0,23.0,21.0,24.0,24.0,21.0,26.0,25.0,26.0,22.0,23.0,24.0,25.0,22.0,23.0,23.0,22.0,23.0,21.0,22.0,21.0,21.0,22.0,22.0,22.0,22.0,21.0,22.0,22.0,21.0,22.0,21.0,21.0,21.0,21.0,22.0,21.0,10.0,locate,1,1,2.7261
1787152265.8502,2026-08-19 17:11:05.850,10,c3,0,0,-0.03944,-0.49601,0.05091,-4.2228,10.5649,-24.1275,-0.0845,0.013,-0.23,4.6903,20.0,23.0,23.0,22.0,25.0,26.0,22.0,25.0,24.0,25.0,23.0,25.0,24.0,24.0,21.0,21.0,23.0,21.0,24.0,21.0,22.0,21.0,21.0,22.0,22.0,22.0,22.0,21.0,22.0,22.0,21.0,22.0,21.0,21.0,21.0,21.0,22.0,21.0,10.0,locate,1,1,2.7553
1787152265.9003,2026-08-19 17:11:05.900,10,c3,0,0,-0.03944,-0.49601,0.0509,-4.3111,10.5338,-24.2287,-0.0809,0.008,-0.2376,4.68526,20.0,23.0,23.0,22.0,25.0,26.0,22.0,25.0,24.0,25.0,23.0,25.0,24.0,24.0,21.0,21.0,23.0,21.0,24.0,21.0,22.0,21.0,21.0,22.0,22.0,22.0,22.0,21.0,22.0,22.0,21.0,22.0,21.0,21.0,21.0,21.0,22.0,21.0,10.0,locate,1,1,2.8001
1787152265.9505,2026-08-19 17:11:05.950,10,c3,0,0,-0.03945,-0.49601,0.05091,-4.5099,10.334,-24.2479,-0.0765,0.0015,-0.2445,4.69583,21.0,25.0,22.0,23.0,25.0,24.0,22.0,23.0,22.0,25.0,22.0,22.0,23.0,26.0,22.0,21.0,23.0,21.0,22.0,21.0,22.0,21.0,21.0,22.0,22.0,22.0,22.0,21.0,22.0,22.0,21.0,22.0,21.0,21.0,21.0,21.0,22.0,21.0,10.0,locate,1,1,2.706
1787152266.0006,2026-08-19 17:11:06.000,10,c3,0,0,-0.03944,-0.49601,0.0509,-4.545,10.4107,-24.2267,-0.0782,0.0018,-0.2325,4.68199,23.0,22.0,23.0,21.0,24.0,24.0,22.0,25.0,26.0,26.0,22.0,24.0,25.0,24.0,20.0,21.0,25.0,22.0,23.0,21.0,22.0,21.0,21.0,22.0,22.0,22.0,22.0,21.0,22.0,22.0,21.0,22.0,21.0,21.0,21.0,21.0,22.0,21.0,10.0,locate,1,1,2.8292
1787152266.0508,2026-08-19 17:11:06.050,10,c3,0,0,-0.03945,-0.496,0.0509,-4.6396,10.5039,-24.3025,-0.0816,0.0027,-0.2432,4.69634,23.0,22.0,23.0,21.0,24.0,24.0,22.0,25.0,26.0,26.0,22.0,24.0,25.0,24.0,20.0,21.0,25.0,22.0,23.0,21.0,22.0,21.0,21.0,22.0,22.0,22.0,22.0,21.0,22.0,22.0,21.0,22.0,21.0,21.0,21.0,21.0,22.0,21.0,10.0,locate,1,1,2.7015
1787152266.1009,2026-08-19 17:11:06.100,10,c3,0,0,-0.03944,-0.49601,0.0509,-4.3455,10.3893,-24.5296,-0.0751,0.0061,-0.2314,4.68979,21.0,23.0,22.0,22.0,26.0,24.0,21.0,25.0,23.0,25.0,21.0,25.0,24.0,24.0,21.0,22.0,23.0,20.0,23.0,21.0,22.0,21.0,21.0,22.0,22.0,22.0,22.0,21.0,22.0,22.0,21.0,22.0,21.0,21.0,21.0,21.0,22.0,21.0,10.0,locate,1,1,2.7597
1787152266.1509,2026-08-19 17:11:06.150,10,c3,0,0,-0.03943,-0.49601,0.05091,-4.6892,10.3254,-24.4786,-0.0747,0.0028,-0.2344,4.69558,21.0,23.0,22.0,22.0,26.0,24.0,21.0,25.0,23.0,25.0,21.0,25.0,24.0,24.0,21.0,22.0,23.0,20.0,23.0,21.0,22.0,21.0,21.0,22.0,22.0,22.0,22.0,21.0,22.0,22.0,21.0,22.0,21.0,21.0,21.0,21.0,22.0,21.0,10.0,locate,1,1,2.7082
1787152266.2011,2026-08-19 17:11:06.201,10,c3,0,0,-0.03944,-0.49601,0.0509,-4.5978,10.4288,-24.3234,-0.0781,0.0057,-0.2372,4.68576,22.0,22.0,22.0,24.0,24.0,24.0,21.0,26.0,22.0,26.0,20.0,24.0,23.0,25.0,20.0,24.0,24.0,21.0,26.0,21.0,22.0,21.0,21.0,22.0,22.0,22.0,22.0,21.0,22.0,22.0,21.0,22.0,21.0,21.0,21.0,21.0,22.0,21.0,10.0,locate,1,1,2.7956
1787152266.2512,2026-08-19 17:11:06.251,10,c3,0,0,-0.03945,-0.49602,0.05092,-4.6197,10.2083,-24.4489,-0.0753,0.0025,-0.2359,4.68753,22.0,22.0,23.0,24.0,23.0,25.0,21.0,24.0,24.0,26.0,22.0,22.0,23.0,24.0,22.0,22.0,24.0,22.0,23.0,21.0,22.0,21.0,21.0,22.0,22.0,22.0,22.0,21.0,22.0,22.0,21.0,22.0,21.0,21.0,21.0,21.0,22.0,21.0,10.0,locate,1,1,2.7799
1787152266.3014,2026-08-19 17:11:06.301,10,c3,0,0,-0.03944,-0.496,0.05089,-4.1902,10.257,-24.0555,-0.0766,0.0131,-0.2357,4.6913,22.0,22.0,23.0,24.0,23.0,25.0,21.0,24.0,24.0,26.0,22.0,22.0,23.0,24.0,22.0,22.0,24.0,22.0,23.0,21.0,22.0,21.0,21.0,22.0,22.0,22.0,22.0,21.0,22.0,22.0,21.0,22.0,21.0,21.0,21.0,21.0,22.0,21.0,10.0,locate,1,1,2.7463
1787152266.3515,2026-08-19 17:11:06.351,10,c3,0,0,-0.03944,-0.496,0.05091,-4.389,10.3469,-24.2646,-0.0795,0.0069,-0.2366,4.69508,22.0,22.0,22.0,21.0,24.0,24.0,22.0,24.0,25.0,24.0,24.0,23.0,24.0,24.0,23.0,23.0,22.0,23.0,24.0,21.0,22.0,21.0,21.0,22.0,22.0,22.0,22.0,21.0,22.0,22.0,21.0,22.0,21.0,21.0,21.0,21.0,22.0,21.0,10.0,locate,1,1,2.7127
1787152266.4016,2026-08-19 17:11:06.401,10,c3,0,0,-0.03945,-0.49599,0.0509,-4.4699,10.2561,-24.1623,-0.0752,0.0049,-0.2424,4.69181,22.0,22.0,22.0,21.0,24.0,24.0,22.0,24.0,25.0,24.0,24.0,23.0,24.0,24.0,23.0,23.0,22.0,23.0,24.0,21.0,22.0,21.0,21.0,22.0,22.0,22.0,22.0,21.0,22.0,22.0,21.0,22.0,21.0,21.0,21.0,21.0,22.0,21.0,10.0,locate,1,1,2.7418
1787152266.4517,2026-08-19 17:11:06.451,10,c3,0,0,-0.03943,-0.496,0.0509,-4.7475,10.567,-24.1055,-0.0846,-0.0013,-0.2383,4.69583,21.0,23.0,22.0,22.0,26.0,24.0,23.0,24.0,24.0,24.0,22.0,22.0,24.0,23.0,23.0,22.0,22.0,23.0,23.0,21.0,22.0,21.0,21.0,22.0,22.0,22.0,22.0,21.0,22.0,22.0,21.0,22.0,21.0,21.0,21.0,21.0,22.0,21.0,10.0,locate,1,1,2.706
1787152266.5018,2026-08-19 17:11:06.501,10,c3,0,0,-0.03944,-0.49601,0.05092,-4.772,10.412,-24.2839,-0.0791,0.0008,-0.2437,4.68778,22.0,23.0,21.0,21.0,24.0,23.0,22.0,24.0,24.0,25.0,22.0,23.0,24.0,25.0,22.0,22.0,24.0,22.0,23.0,21.0,22.0,21.0,21.0,22.0,22.0,22.0,22.0,21.0,22.0,22.0,21.0,22.0,21.0,21.0,21.0,21.0,22.0,21.0,10.0,locate,1,1,2.7777
1787152266.5518,2026-08-19 17:11:06.551,10,c3,0,0,-0.03947,-0.49601,0.0509,-4.7922,10.4629,-24.1653,-0.078,-0.0001,-0.2357,4.6903,22.0,23.0,21.0,21.0,24.0,23.0,22.0,24.0,24.0,25.0,22.0,23.0,24.0,25.0,22.0,22.0,24.0,22.0,23.0,21.0,22.0,21.0,21.0,22.0,22.0,22.0,22.0,21.0,22.0,22.0,21.0,22.0,21.0,21.0,21.0,21.0,22.0,21.0,10.0,locate,1,1,2.7553
1787152266.6019,2026-08-19 17:11:06.601,10,c3,0,0,-0.03943,-0.49601,0.0509,-4.8561,10.6667,-24.3681,-0.086,-0.0035,-0.2392,4.69583,23.0,24.0,23.0,22.0,25.0,25.0,22.0,21.0,26.0,27.0,22.0,19.0,25.0,25.0,21.0,18.0,24.0,21.0,20.0,21.0,22.0,21.0,21.0,22.0,22.0,22.0,22.0,21.0,22.0,22.0,21.0,22.0,21.0,21.0,21.0,21.0,22.0,21.0,10.0,locate,1,1,2.706
1787152266.6521,2026-08-19 17:11:06.652,10,c3,0,0,-0.03944,-0.496,0.0509,-4.6556,10.4299,-24.3438,-0.0773,-0.0007,-0.2375,4.68879,23.0,24.0,23.0,22.0,25.0,25.0,22.0,21.0,26.0,27.0,22.0,19.0,25.0,25.0,21.0,18.0,24.0,21.0,20.0,21.0,22.0,21.0,21.0,22.0,22.0,22.0,22.0,21.0,22.0,22.0,21.0,22.0,21.0,21.0,21.0,21.0,22.0,21.0,10.0,locate,1,1,2.7687
1787152266.7022,2026-08-19 17:11:06.702,10,c3,0,0,-0.03944,-0.49601,0.05091,-4.6192,10.5137,-24.3203,-0.0872,0.0021,-0.2349,4.69407,19.0,24.0,24.0,19.0,26.0,26.0,21.0,23.0,24.0,25.0,21.0,22.0,24.0,24.0,21.0,21.0,23.0,21.0,22.0,21.0,22.0,21.0,21.0,22.0,22.0,22.0,22.0,21.0,22.0,22.0,21.0,22.0,21.0,21.0,21.0,21.0,22.0,21.0,10.0,locate,1,1,2.7217
1787152266.7523,2026-08-19 17:11:06.752,10,c3,0,0,-0.03944,-0.49601,0.05091,-4.524,10.5911,-24.3151,-0.0835,0.0053,-0.2343,4.69105,20.0,23.0,23.0,20.0,24.0,25.0,22.0,25.0,26.0,27.0,22.0,24.0,26.0,26.0,21.0,22.0,25.0,21.0,23.0,21.0,22.0,21.0,21.0,22.0,22.0,22.0,22.0,21.0,22.0,22.0,21.0,22.0,21.0,21.0,21.0,21.0,22.0,21.0,10.0,locate,1,1,2.7485
1787152266.8024,2026-08-19 17:11:06.802,10,c3,0,0,-0.03943,-0.49601,0.0509,-4.5782,10.3198,-24.1308,-0.0766,0.0059,-0.2429,4.69659,20.0,23.0,23.0,20.0,24.0,25.0,22.0,25.0,26.0,27.0,22.0,24.0,26.0,26.0,21.0,22.0,25.0,21.0,23.0,21.0,22.0,21.0,21.0,22.0,22.0,22.0,22.0,21.0,22.0,22.0,21.0,22.0,21.0,21.0,21.0,21.0,22.0,21.0,10.0,locate,1,1,2.6993
1787152266.8526,2026-08-19 17:11:06.852,10,c3,0,0,-0.03944,-0.49602,0.05091,-4.4656,10.3486,-24.2975,-0.0767,0.0055,-0.2347,4.68627,22.0,25.0,24.0,23.0,26.0,26.0,21.0,24.0,24.0,25.0,22.0,24.0,24.0,25.0,21.0,22.0,23.0,22.0,23.0,21.0,22.0,21.0,21.0,22.0,22.0,22.0,22.0,21.0,22.0,22.0,21.0,22.0,21.0,21.0,21.0,21.0,22.0,21.0,10.0,locate,1,1,2.7911
1787152266.9026,2026-08-19 17:11:06.902,10,c3,0,0,-0.03944,-0.49601,0.05091,-4.5083,10.2841,-24.3294,-0.0778,0.0055,-0.2421,4.68954,22.0,25.0,24.0,23.0,26.0,26.0,21.0,24.0,24.0,25.0,22.0,24.0,24.0,25.0,21.0,22.0,23.0,22.0,23.0,21.0,22.0,21.0,21.0,22.0,22.0,22.0,22.0,21.0,22.0,22.0,21.0,22.0,21.0,21.0,21.0,21.0,22.0,21.0,10.0,locate,1,1,2.762
1787152266.9527,2026-08-19 17:11:06.952,10,c3,0,0,-0.03944,-0.49599,0.05089,-4.4988,10.3795,-24.3048,-0.0728,0.006,-0.2379,4.68702,23.0,23.0,23.0,24.0,25.0,24.0,23.0,24.0,23.0,25.0,21.0,23.0,23.0,23.0,20.0,22.0,21.0,21.0,23.0,21.0,22.0,21.0,21.0,22.0,22.0,22.0,22.0,21.0,22.0,22.0,21.0,22.0,21.0,21.0,21.0,21.0,22.0,21.0,10.0,locate,1,1,2.7844
1787152267.0028,2026-08-19 17:11:07.002,10,c3,0,0,-0.03943,-0.496,0.05089,-4.5709,10.2505,-24.4006,-0.0757,0.0031,-0.2364,4.68828,23.0,23.0,23.0,24.0,25.0,24.0,23.0,24.0,23.0,25.0,21.0,23.0,23.0,23.0,20.0,22.0,21.0,21.0,23.0,21.0,22.0,21.0,21.0,22.0,22.0,22.0,22.0,21.0,22.0,22.0,21.0,22.0,21.0,21.0,21.0,21.0,22.0,21.0,10.0,locate,1,1,2.7732
1787152267.0529,2026-08-19 17:11:07.052,10,c3,0,0,-0.03944,-0.49601,0.05091,-4.4891,10.2291,-24.3955,-0.0745,0.0054,-0.2368,4.69533,21.0,22.0,22.0,21.0,23.0,24.0,21.0,25.0,23.0,25.0,21.0,24.0,23.0,24.0,21.0,22.0,23.0,21.0,25.0,21.0,22.0,21.0,21.0,22.0,22.0,22.0,22.0,21.0,22.0,22.0,21.0,22.0,21.0,21.0,21.0,21.0,22.0,21.0,10.0,locate,1,1,2.7105
1787152267.103,2026-08-19 17:11:07.103,10,c3,0,0,-0.03945,-0.496,0.0509,-4.5506,10.5472,-24.3882,-0.0797,0.0037,-0.2451,4.6913,23.0,22.0,22.0,23.0,24.0,23.0,21.0,25.0,23.0,26.0,21.0,24.0,24.0,25.0,23.0,21.0,24.0,22.0,23.0,21.0,22.0,21.0,21.0,22.0,22.0,22.0,22.0,21.0,22.0,22.0,21.0,22.0,21.0,21.0,21.0,21.0,22.0,21.0,10.0,locate,1,1,2.7463
1787152267.1531,2026-08-19 17:11:07.153,10,c3,0,0,-0.03943,-0.49601,0.05091,-4.4357,10.7653,-24.2903,-0.0878,0.0047,-0.2314,4.69609,23.0,22.0,22.0,23.0,24.0,23.0,21.0,25.0,23.0,26.0,21.0,24.0,24.0,25.0,23.0,21.0,24.0,22.0,23.0,21.0,22.0,21.0,21.0,22.0,22.0,22.0,22.0,21.0,22.0,22.0,21.0,22.0,21.0,21.0,21.0,21.0,22.0,21.0,10.0,locate,1,1,2.7037
1787152267.2033,2026-08-19 17:11:07.203,10,c3,0,0,-0.03943,-0.496,0.0509,-4.6286,10.6528,-24.325,-0.0839,0.0064,-0.2426,4.68501,23.0,22.0,23.0,23.0,23.0,25.0,23.0,23.0,24.0,27.0,21.0,20.0,24.0,25.0,21.0,20.0,24.0,20.0,21.0,21.0,22.0,21.0,21.0,22.0,22.0,22.0,22.0,21.0,22.0,22.0,21.0,22.0,21.0,21.0,21.0,21.0,22.0,21.0,10.0,locate,1,1,2.8023
1787152267.2534,2026-08-19 17:11:07.253,10,c3,0,0,-0.03944,-0.49599,0.05089,-4.6961,10.3407,-24.1295,-0.0788,0.0024,-0.2434,4.69558,23.0,22.0,23.0,23.0,23.0,25.0,23.0,23.0,24.0,27.0,21.0,20.0,24.0,25.0,21.0,20.0,24.0,20.0,21.0,21.0,22.0,21.0,21.0,22.0,22.0,22.0,22.0,21.0,22.0,22.0,21.0,22.0,21.0,21.0,21.0,21.0,22.0,21.0,10.0,locate,1,1,2.7082
1787152267.3035,2026-08-19 17:11:07.303,10,c3,0,0,-0.03943,-0.49601,0.05091,-4.5296,10.3819,-24.2446,-0.0801,0.0052,-0.2344,4.68954,21.0,23.0,24.0,20.0,25.0,25.0,22.0,23.0,25.0,25.0,22.0,23.0,24.0,24.0,23.0,22.0,24.0,22.0,23.0,21.0,22.0,21.0,21.0,22.0,22.0,22.0,22.0,21.0,22.0,22.0,21.0,22.0,21.0,21.0,21.0,21.0,22.0,21.0,10.0,locate,1,1,2.762
1787152267.3536,2026-08-19 17:11:07.353,10,c3,0,0,-0.03943,-0.496,0.05089,-4.5128,9.8166,-24.3034,-0.063,0.001,-0.2392,4.68904,21.0,22.0,24.0,21.0,26.0,24.0,21.0,24.0,24.0,25.0,22.0,21.0,24.0,23.0,22.0,20.0,24.0,22.0,23.0,21.0,22.0,21.0,21.0,22.0,22.0,22.0,22.0,21.0,22.0,22.0,21.0,22.0,21.0,21.0,21.0,21.0,22.0,21.0,10.0,locate,1,1,2.7665
1787152267.4037,2026-08-19 17:11:07.403,10,c3,0,0,-0.03944,-0.49601,0.0509,-4.6069,10.4838,-24.4779,-0.0824,0.0002,-0.2332,4.69961,21.0,22.0,24.0,21.0,26.0,24.0,21.0,24.0,24.0,25.0,22.0,21.0,24.0,23.0,22.0,20.0,24.0,22.0,23.0,21.0,22.0,21.0,21.0,22.0,22.0,22.0,22.0,21.0,22.0,22.0,21.0,22.0,21.0,21.0,21.0,21.0,22.0,21.0,10.0,locate,1,1,2.6724
1787152267.4538,2026-08-19 17:11:07.453,10,c3,0,0,-0.03944,-0.49601,0.05091,-4.4344,10.1513,-24.434,-0.0766,0.0034,-0.2378,4.68753,21.0,22.0,24.0,20.0,23.0,25.0,22.0,23.0,24.0,26.0,21.0,22.0,24.0,26.0,20.0,21.0,25.0,20.0,21.0,21.0,22.0,21.0,21.0,22.0,22.0,22.0,22.0,21.0,22.0,22.0,21.0,22.0,21.0,21.0,21.0,21.0,22.0,21.0,10.0,locate,1,1,2.7799
1787152267.5039,2026-08-19 17:11:07.503,10,c3,0,0,-0.03943,-0.496,0.0509,-4.8423,10.4218,-24.3584,-0.0786,-0.0043,-0.2386,4.69004,21.0,22.0,24.0,20.0,23.0,25.0,22.0,23.0,24.0,26.0,21.0,22.0,24.0,26.0,20.0,21.0,25.0,20.0,21.0,21.0,22.0,21.0,21.0,22.0,22.0,22.0,22.0,21.0,22.0,22.0,21.0,22.0,21.0,21.0,21.0,21.0,22.0,21.0,10.0,locate,1,1,2.7575
1787152267.554,2026-08-19 17:11:07.554,10,c3,0,0,-0.03945,-0.49601,0.05091,-4.7148,10.5255,-24.0471,-0.0845,-0.002,-0.2399,4.69785,20.0,23.0,24.0,21.0,24.0,25.0,21.0,24.0,25.0,25.0,23.0,24.0,24.0,24.0,23.0,22.0,23.0,22.0,23.0,21.0,22.0,21.0,21.0,22.0,22.0,22.0,22.0,21.0,22.0,22.0,21.0,22.0,21.0,21.0,21.0,21.0,22.0,21.0,10.0,locate,1,1,2.6881
1787152267.6041,2026-08-19 17:11:07.604,10,c3,1,0,-0.03943,-0.49601,0.05091,-4.3988,10.1024,-24.1978,-0.0734,0.0092,-0.2414,4.69583,21.0,23.0,23.0,21.0,26.0,25.0,23.0,24.0,25.0,27.0,22.0,23.0,25.0,26.0,21.0,22.0,24.0,22.0,22.0,21.0,22.0,21.0,21.0,22.0,22.0,22.0,22.0,21.0,22.0,22.0,21.0,22.0,21.0,21.0,21.0,21.0,22.0,21.0,10.0,press,1,1,2.706
1787152267.6542,2026-08-19 17:11:07.654,10,c3,1,0,-0.03943,-0.49601,0.0509,-4.576,10.5667,-24.2426,-0.084,0.0043,-0.2293,4.68929,21.0,23.0,23.0,21.0,26.0,25.0,23.0,24.0,25.0,27.0,22.0,23.0,25.0,26.0,21.0,22.0,24.0,22.0,22.0,21.0,22.0,21.0,21.0,22.0,22.0,22.0,22.0,21.0,22.0,22.0,21.0,22.0,21.0,21.0,21.0,21.0,22.0,21.0,10.0,press,1,1,2.7642
1787152267.7044,2026-08-19 17:11:07.704,10,c3,1,0,-0.03945,-0.49602,0.05088,-4.6854,10.5902,-24.0615,-0.0824,-0.0005,-0.235,4.69659,21.0,24.0,25.0,22.0,25.0,26.0,21.0,21.0,26.0,27.0,22.0,21.0,25.0,26.0,22.0,19.0,25.0,23.0,21.0,21.0,22.0,21.0,21.0,22.0,22.0,22.0,22.0,21.0,22.0,22.0,21.0,22.0,21.0,21.0,21.0,21.0,22.0,21.0,10.0,press,1,1,2.6993
1787152267.7544,2026-08-19 17:11:07.754,10,c3,1,0,-0.03944,-0.49601,0.05079,-4.7922,10.7058,-24.1354,-0.0863,-0.001,-0.2402,4.6908,21.0,24.0,25.0,22.0,25.0,26.0,21.0,21.0,26.0,27.0,22.0,21.0,25.0,26.0,22.0,19.0,25.0,23.0,21.0,21.0,22.0,21.0,21.0,22.0,22.0,22.0,22.0,21.0,22.0,22.0,21.0,22.0,21.0,21.0,21.0,21.0,22.0,21.0,10.0,press,1,1,2.7508
1787152267.8046,2026-08-19 17:11:07.804,10,c3,1,0,-0.03944,-0.49602,0.05067,-4.2281,10.091,-24.3906,-0.0755,0.0134,-0.2331,4.69332,19.0,24.0,24.0,20.0,26.0,26.0,23.0,23.0,23.0,26.0,23.0,22.0,24.0,25.0,23.0,20.0,24.0,21.0,21.0,21.0,22.0,21.0,21.0,22.0,22.0,22.0,22.0,21.0,22.0,22.0,21.0,22.0,21.0,21.0,21.0,21.0,22.0,21.0,10.0,press,1,1,2.7284
1787152267.8547,2026-08-19 17:11:07.854,10,c3,1,0,-0.03946,-0.49602,0.05048,-3.8173,9.8973,-24.2451,-0.0672,0.0232,-0.2295,4.6986,20.0,24.0,24.0,22.0,24.0,24.0,23.0,24.0,24.0,26.0,22.0,23.0,24.0,26.0,21.0,20.0,24.0,20.0,21.0,21.0,22.0,21.0,21.0,22.0,22.0,22.0,22.0,21.0,22.0,22.0,21.0,22.0,21.0,21.0,21.0,21.0,22.0,21.0,10.0,press,1,1,2.6813
1787152267.9048,2026-08-19 17:11:07.904,10,c3,1,0,-0.03945,-0.49602,0.05029,-4.1822,10.0686,-24.1923,-0.0725,0.0169,-0.2312,4.68803,20.0,24.0,24.0,22.0,24.0,24.0,23.0,24.0,24.0,26.0,22.0,23.0,24.0,26.0,21.0,20.0,24.0,20.0,21.0,21.0,22.0,21.0,21.0,22.0,22.0,22.0,22.0,21.0,22.0,22.0,21.0,22.0,21.0,21.0,21.0,21.0,22.0,21.0,10.0,press,1,1,2.7754
1787152267.9549,2026-08-19 17:11:07.954,10,c3,1,0,-0.03946,-0.49604,0.05007,-4.3584,10.1958,-24.1852,-0.0754,0.0076,-0.2392,4.69583,21.0,22.0,24.0,21.0,24.0,25.0,21.0,24.0,25.0,27.0,21.0,24.0,24.0,25.0,21.0,23.0,25.0,21.0,24.0,21.0,22.0,21.0,21.0,22.0,22.0,22.0,22.0,21.0,22.0,22.0,21.0,22.0,21.0,21.0,21.0,21.0,22.0,21.0,10.0,press,1,1,2.706
1787152268.005,2026-08-19 17:11:08.005,10,c3,1,0,-0.03944,-0.49605,0.04983,-4.8105,10.8128,-24.0737,-0.0864,-0.0025,-0.2461,4.68526,21.0,22.0,24.0,21.0,24.0,25.0,21.0,24.0,25.0,27.0,21.0,24.0,24.0,25.0,21.0,23.0,25.0,21.0,24.0,21.0,22.0,21.0,21.0,22.0,22.0,22.0,22.0,21.0,22.0,22.0,21.0,22.0,21.0,21.0,21.0,21.0,22.0,21.0,10.0,press,1,1,2.8001
1787152268.0551,2026-08-19 17:11:08.055,10,c3,1,0,-0.03946,-0.49605,0.04955,-4.2873,10.2975,-24.3399,-0.0752,0.0104,-0.2355,4.69432,21.0,23.0,25.0,22.0,25.0,26.0,22.0,22.0,26.0,26.0,23.0,22.0,24.0,26.0,21.0,20.0,24.0,21.0,22.0,21.0,22.0,21.0,21.0,22.0,22.0,22.0,22.0,21.0,22.0,22.0,21.0,22.0,21.0,21.0,21.0,21.0,22.0,21.0,10.0,press,1,1,2.7194
1787152268.1052,2026-08-19 17:11:08.105,10,c3,1,0,-0.03944,-0.49603,0.04923,-4.1903,10.1915,-24.3418,-0.0717,0.0139,-0.2323,4.68803,21.0,23.0,25.0,22.0,25.0,26.0,22.0,22.0,26.0,26.0,23.0,22.0,24.0,26.0,21.0,20.0,24.0,21.0,22.0,21.0,22.0,21.0,21.0,22.0,22.0,22.0,22.0,21.0,22.0,22.0,21.0,22.0,21.0,21.0,21.0,21.0,22.0,21.0,10.0,press,1,1,2.7754
1787152268.1553,2026-08-19 17:11:08.155,10,c3,1,0,-0.03945,-0.49603,0.0489,-4.3479,10.1568,-24.2591,-0.0742,0.0094,-0.2345,4.69483,20.0,23.0,24.0,20.0,24.0,25.0,22.0,22.0,24.0,26.0,23.0,21.0,24.0,25.0,24.0,21.0,25.0,23.0,22.0,21.0,22.0,21.0,21.0,22.0,22.0,22.0,22.0,21.0,22.0,22.0,21.0,22.0,21.0,21.0,21.0,21.0,22.0,21.0,10.0,press,1,1,2.7149
1787152268.2054,2026-08-19 17:11:08.205,10,c3,1,0,-0.03945,-0.496,0.04852,-4.2473,10.0207,-24.1613,-0.073,0.01,-0.2354,4.68652,20.0,23.0,24.0,19.0,25.0,25.0,23.0,23.0,23.0,25.0,23.0,21.0,24.0,25.0,23.0,19.0,24.0,22.0,21.0,21.0,22.0,21.0,21.0,22.0,22.0,22.0,22.0,21.0,22.0,22.0,21.0,22.0,21.0,21.0,21.0,21.0,22.0,21.0,10.0,press,1,1,2.7889
1787152268.2555,2026-08-19 17:11:08.255,10,c3,1,0,-0.03945,-0.49603,0.0482,-4.2064,10.341,-24.425,-0.0761,0.0111,-0.2331,4.69558,20.0,23.0,24.0,19.0,25.0,25.0,23.0,23.0,23.0,25.0,23.0,21.0,24.0,25.0,23.0,19.0,24.0,22.0,21.0,21.0,22.0,21.0,21.0,22.0,22.0,22.0,22.0,21.0,22.0,22.0,21.0,22.0,21.0,21.0,21.0,21.0,22.0,21.0,10.0,press,1,1,2.7082
1787152268.3056,2026-08-19 17:11:08.305,10,c3,1,0,-0.03945,-0.49603,0.04787,-4.2718,9.9783,-24.3462,-0.0699,0.0105,-0.2401,4.69206,19.0,23.0,24.0,20.0,25.0,25.0,23.0,23.0,24.0,26.0,22.0,23.0,24.0,26.0,22.0,22.0,24.0,22.0,23.0,21.0,22.0,21.0,21.0,22.0,22.0,22.0,22.0,21.0,22.0,22.0,21.0,22.0,21.0,21.0,21.0,21.0,22.0,21.0,10.0,press,1,1,2.7396
1787152268.3558,2026-08-19 17:11:08.355,10,c3,1,0,-0.03946,-0.49602,0.04754,-4.6827,10.2632,-24.2132,-0.0766,-0.0013,-0.2391,4.68853,19.0,23.0,24.0,20.0,25.0,25.0,23.0,23.0,24.0,26.0,22.0,23.0,24.0,26.0,22.0,22.0,24.0,22.0,23.0,21.0,22.0,21.0,21.0,22.0,22.0,22.0,22.0,21.0,22.0,22.0,21.0,22.0,21.0,21.0,21.0,21.0,22.0,21.0,10.0,press,1,1,2.7709
1787152268.4059,2026-08-19 17:11:08.405,10,c3,1,0,-0.03946,-0.49603,0.04722,-4.0476,9.9659,-24.1212,-0.0713,0.0167,-0.2275,4.68803,22.0,23.0,24.0,21.0,25.0,25.0,22.0,23.0,25.0,28.0,21.0,22.0,24.0,26.0,22.0,22.0,24.0,22.0,23.0,21.0,22.0,21.0,21.0,22.0,22.0,22.0,22.0,21.0,22.0,22.0,21.0,22.0,21.0,21.0,21.0,21.0,22.0,21.0,10.0,press,1,1,2.7754
1787152268.4559,2026-08-19 17:11:08.455,10,c3,1,0,-0.03943,-0.49603,0.04688,-4.3031,10.1057,-24.2557,-0.0727,0.011,-0.2333,4.6981,20.0,23.0,24.0,21.0,25.0,26.0,22.0,23.0,25.0,27.0,21.0,23.0,24.0,26.0,22.0,20.0,24.0,21.0,22.0,21.0,22.0,21.0,21.0,22.0,22.0,22.0,22.0,21.0,22.0,22.0,21.0,22.0,21.0,21.0,21.0,21.0,22.0,21.0,10.0,press,1,1,2.6858
1787152268.506,2026-08-19 17:11:08.505,10,c3,1,0,-0.03943,-0.49601,0.04654,-3.8906,9.9923,-24.3059,-0.0719,0.0227,-0.2328,4.68979,20.0,23.0,24.0,21.0,25.0,26.0,22.0,23.0,25.0,27.0,21.0,23.0,24.0,26.0,22.0,20.0,24.0,21.0,22.0,21.0,22.0,21.0,21.0,22.0,22.0,22.0,22.0,21.0,22.0,22.0,21.0,22.0,21.0,21.0,21.0,21.0,22.0,21.0,10.0,press,1,1,2.7597
1787152268.5561,2026-08-19 17:11:08.556,10,c3,1,0,-0.03944,-0.49602,0.04621,-4.2258,10.1773,-24.4547,-0.0765,0.0136,-0.2318,4.6908,21.0,24.0,23.0,22.0,26.0,24.0,23.0,24.0,26.0,28.0,22.0,22.0,24.0,26.0,22.0,21.0,25.0,21.0,22.0,21.0,22.0,21.0,21.0,22.0,22.0,22.0,22.0,21.0,22.0,22.0,21.0,22.0,21.0,21.0,21.0,21.0,22.0,21.0,10.0,press,1,1,2.7508
1787152268.6062,2026-08-19 17:11:08.606,10,c3,1,0,-0.03944,-0.49602,0.04587,-4.4565,10.2302,-24.481,-0.0777,0.0062,-0.2342,4.68979,21.0,24.0,23.0,22.0,26.0,24.0,23.0,24.0,26.0,28.0,22.0,22.0,24.0,26.0,22.0,21.0,25.0,21.0,22.0,21.0,22.0,21.0,21.0,22.0,22.0,22.0,22.0,21.0,22.0,22.0,21.0,22.0,21.0,21.0,21.0,21.0,22.0,21.0,10.0,press,1,1,2.7597
1787152268.6563,2026-08-19 17:11:08.656,10,c3,1,0,-0.03943,-0.49602,0.04553,-4.2925,10.2616,-24.2099,-0.0749,0.0108,-0.2394,4.65983,22.0,24.0,24.0,20.0,26.0,27.0,22.0,24.0,25.0,28.0,21.0,24.0,24.0,26.0,22.0,22.0,23.0,21.0,24.0,21.0,22.0,21.0,21.0,22.0,22.0,22.0,22.0,21.0,22.0,22.0,21.0,22.0,21.0,21.0,21.0,21.0,22.0,21.0,10.0,press,1,1,3.0263
1787152268.7065,2026-08-19 17:11:08.706,10,c3,1,0,-0.03946,-0.49602,0.04522,-4.3699,10.4165,-24.2635,-0.079,0.0076,-0.2363,4.6412,22.0,23.0,24.0,23.0,26.0,27.0,23.0,24.0,28.0,29.0,22.0,23.0,26.0,27.0,22.0,21.0,25.0,21.0,22.0,21.0,22.0,21.0,21.0,22.0,22.0,22.0,22.0,21.0,22.0,22.0,21.0,22.0,21.0,21.0,21.0,21.0,22.0,21.0,10.0,press,1,1,3.1921
1787152268.7565,2026-08-19 17:11:08.756,10,c3,1,0,-0.03946,-0.49602,0.04488,-4.4557,10.3746,-24.1385,-0.0743,0.0043,-0.2343,4.5989,22.0,23.0,24.0,23.0,26.0,27.0,23.0,24.0,28.0,29.0,22.0,23.0,26.0,27.0,22.0,21.0,25.0,21.0,22.0,21.0,22.0,21.0,21.0,22.0,22.0,22.0,22.0,21.0,22.0,22.0,21.0,22.0,21.0,21.0,21.0,21.0,22.0,21.0,10.0,press,1,1,3.5684
1787152268.8066,2026-08-19 17:11:08.806,10,c3,1,0,-0.03944,-0.49603,0.04457,-4.8187,10.5729,-23.8378,-0.0842,-0.004,-0.243,4.57624,20.0,25.0,24.0,23.0,27.0,27.0,22.0,23.0,28.0,31.0,23.0,23.0,27.0,29.0,22.0,21.0,25.0,22.0,22.0,21.0,22.0,21.0,21.0,22.0,22.0,22.0,22.0,21.0,22.0,22.0,21.0,22.0,21.0,21.0,21.0,21.0,22.0,21.0,10.0,press,1,1,3.77
1787152268.8568,2026-08-19 17:11:08.856,10,c3,1,0,-0.03945,-0.49601,0.04422,-4.759,10.4905,-23.5782,-0.0795,0.0013,-0.2453,4.55232,20.0,25.0,24.0,23.0,27.0,27.0,22.0,23.0,28.0,31.0,23.0,23.0,27.0,29.0,22.0,21.0,25.0,22.0,22.0,21.0,22.0,21.0,21.0,22.0,22.0,22.0,22.0,21.0,22.0,22.0,21.0,22.0,21.0,21.0,21.0,21.0,22.0,21.0,10.0,press,1,1,3.9827
1787152268.9069,2026-08-19 17:11:08.906,10,c3,1,0,-0.03946,-0.49603,0.04389,-4.5221,10.3541,-23.6106,-0.0772,0.0077,-0.2384,4.53092,22.0,25.0,26.0,22.0,28.0,28.0,22.0,24.0,27.0,29.0,21.0,23.0,26.0,26.0,22.0,22.0,25.0,22.0,23.0,21.0,22.0,21.0,21.0,22.0,22.0,22.0,22.0,21.0,22.0,22.0,21.0,22.0,21.0,21.0,21.0,21.0,22.0,21.0,10.0,press,1,1,4.1731
1787152268.9569,2026-08-19 17:11:08.956,10,c3,1,0,-0.03945,-0.49602,0.04354,-4.7133,10.5,-23.3646,-0.0777,0.003,-0.2356,4.47629,20.0,25.0,24.0,22.0,28.0,27.0,21.0,24.0,28.0,30.0,23.0,21.0,26.0,28.0,22.0,22.0,25.0,20.0,23.0,21.0,22.0,21.0,21.0,22.0,22.0,22.0,22.0,21.0,22.0,22.0,21.0,22.0,21.0,21.0,21.0,21.0,22.0,21.0,10.0,press,1,1,4.6592
1787152269.007,2026-08-19 17:11:09.007,10,c3,1,0,-0.03946,-0.49603,0.04322,-4.6489,10.6515,-23.1639,-0.0826,0.006,-0.2398,4.39723,20.0,25.0,24.0,22.0,28.0,27.0,21.0,24.0,28.0,30.0,23.0,21.0,26.0,28.0,22.0,22.0,25.0,20.0,23.0,21.0,22.0,21.0,21.0,22.0,22.0,22.0,22.0,21.0,22.0,22.0,21.0,22.0,21.0,21.0,21.0,21.0,22.0,21.0,10.0,press,1,1,5.3625
1787152269.0571,2026-08-19 17:11:09.057,10,c3,1,0,-0.03945,-0.49603,0.0429,-5.0015,10.4428,-22.8294,-0.0752,-0.0023,-0.2465,4.32925,21.0,25.0,22.0,22.0,28.0,26.0,22.0,23.0,28.0,31.0,23.0,20.0,26.0,29.0,23.0,20.0,25.0,23.0,21.0,21.0,22.0,21.0,21.0,22.0,22.0,22.0,22.0,21.0,22.0,22.0,21.0,22.0,21.0,21.0,21.0,21.0,22.0,21.0,10.0,press,1,1,5.9673
1787152269.1072,2026-08-19 17:11:09.107,10,c3,1,0,-0.03946,-0.49604,0.04258,-4.5807,10.2868,-22.6653,-0.069,0.0095,-0.2314,4.24415,21.0,25.0,22.0,22.0,28.0,26.0,22.0,23.0,28.0,31.0,23.0,20.0,26.0,29.0,23.0,20.0,25.0,23.0,21.0,21.0,22.0,21.0,21.0,22.0,22.0,22.0,22.0,21.0,22.0,22.0,21.0,22.0,21.0,21.0,21.0,21.0,22.0,21.0,10.0,press,1,1,6.7244
1787152269.1574,2026-08-19 17:11:09.157,10,c3,1,0,-0.03945,-0.49604,0.04227,-4.2985,10.0694,-22.1355,-0.0631,0.0155,-0.2293,4.15377,21.0,24.0,22.0,21.0,29.0,26.0,23.0,25.0,28.0,31.0,23.0,22.0,25.0,30.0,22.0,21.0,25.0,22.0,22.0,21.0,22.0,21.0,21.0,22.0,22.0,22.0,22.0,21.0,22.0,22.0,21.0,22.0,21.0,21.0,21.0,21.0,22.0,21.0,10.0,press,1,1,7.5285
1787152269.2075,2026-08-19 17:11:09.207,10,c3,1,0,-0.03945,-0.49604,0.04199,-4.5953,10.3845,-21.8883,-0.0727,0.0079,-0.2379,4.06313,21.0,24.0,22.0,21.0,29.0,26.0,23.0,25.0,28.0,31.0,23.0,22.0,25.0,30.0,22.0,21.0,25.0,22.0,22.0,21.0,22.0,21.0,21.0,22.0,22.0,22.0,22.0,21.0,22.0,22.0,21.0,22.0,21.0,21.0,21.0,21.0,22.0,21.0,10.0,press,1,1,8.3348
1787152269.2576,2026-08-19 17:11:09.257,10,c3,1,0,-0.03946,-0.49602,0.04172,-4.8727,10.7564,-21.4555,-0.0806,0.0039,-0.243,3.96619,23.0,23.0,19.0,23.0,29.0,27.0,23.0,24.0,29.0,29.0,22.0,21.0,28.0,32.0,22.0,21.0,25.0,22.0,23.0,21.0,22.0,21.0,21.0,22.0,22.0,22.0,22.0,21.0,22.0,22.0,21.0,22.0,21.0,21.0,21.0,21.0,22.0,21.0,10.0,press,1,1,9.1972
1787152269.3077,2026-08-19 17:11:09.307,10,c3,1,0,-0.03944,-0.49602,0.04152,-4.5699,10.4594,-21.4151,-0.0729,0.0112,-0.2336,3.90879,24.0,24.0,20.0,23.0,30.0,28.0,23.0,23.0,30.0,30.0,24.0,21.0,29.0,33.0,23.0,21.0,27.0,23.0,23.0,21.0,22.0,21.0,21.0,22.0,22.0,22.0,22.0,21.0,22.0,22.0,21.0,22.0,21.0,21.0,21.0,21.0,22.0,21.0,10.0,press,1,1,9.7079
1787152269.3578,2026-08-19 17:11:09.357,10,c3,1,0,-0.03944,-0.49602,0.04135,-4.4345,10.1235,-21.0713,-0.064,0.0171,-0.2337,3.85692,24.0,24.0,20.0,23.0,30.0,28.0,23.0,23.0,30.0,30.0,24.0,21.0,29.0,33.0,23.0,21.0,27.0,23.0,23.0,21.0,22.0,21.0,21.0,22.0,22.0,22.0,22.0,21.0,22.0,22.0,21.0,22.0,21.0,21.0,21.0,21.0,22.0,21.0,10.0,press,1,1,10.1693
1787152269.4079,2026-08-19 17:11:09.407,10,c3,1,0,-0.03943,-0.49601,0.04121,-4.8248,10.4164,-20.7431,-0.0707,0.0048,-0.2397,3.80934,22.0,23.0,20.0,23.0,29.0,28.0,23.0,25.0,31.0,33.0,24.0,22.0,27.0,36.0,23.0,21.0,28.0,23.0,24.0,21.0,22.0,21.0,21.0,22.0,22.0,22.0,22.0,21.0,22.0,22.0,21.0,22.0,21.0,21.0,21.0,21.0,22.0,21.0,10.0,press,1,1,10.5926
1787152269.458,2026-08-19 17:11:09.457,10,c3,1,0,-0.03944,-0.49603,0.04113,-4.6493,10.4055,-20.7969,-0.0704,0.0116,-0.2326,3.77182,22.0,23.0,20.0,23.0,29.0,28.0,23.0,25.0,31.0,33.0,24.0,22.0,27.0,36.0,23.0,21.0,28.0,23.0,24.0,21.0,22.0,21.0,21.0,22.0,22.0,22.0,22.0,21.0,22.0,22.0,21.0,22.0,21.0,21.0,21.0,21.0,22.0,21.0,10.0,press,1,1,10.9264
1787152269.5081,2026-08-19 17:11:09.508,10,c3,1,0,-0.03943,-0.49602,0.04103,-4.6434,10.2082,-20.7284,-0.0642,0.0151,-0.2361,3.73658,25.0,25.0,22.0,24.0,30.0,31.0,23.0,27.0,31.0,34.0,23.0,24.0,27.0,37.0,22.0,23.0,29.0,23.0,24.0,21.0,22.0,21.0,21.0,22.0,22.0,22.0,22.0,21.0,22.0,22.0,21.0,22.0,21.0,21.0,21.0,21.0,22.0,21.0,10.0,press,1,1,11.24
1787152269.5582,2026-08-19 17:11:09.558,10,c3,1,0,-0.03945,-0.49603,0.04099,-4.906,10.7917,-20.6223,-0.081,0.0053,-0.2354,3.72575,25.0,24.0,23.0,24.0,32.0,32.0,22.0,27.0,32.0,33.0,23.0,23.0,28.0,36.0,24.0,24.0,27.0,23.0,26.0,21.0,22.0,21.0,21.0,22.0,22.0,22.0,22.0,21.0,22.0,22.0,21.0,22.0,21.0,21.0,21.0,21.0,22.0,21.0,10.0,press,1,1,11.3363
1787152269.6083,2026-08-19 17:11:09.608,10,c3,1,0,-0.03946,-0.49603,0.04097,-4.586,10.3619,-20.6079,-0.0726,0.0142,-0.2313,3.72852,25.0,24.0,23.0,24.0,32.0,32.0,22.0,27.0,32.0,33.0,23.0,23.0,28.0,36.0,24.0,24.0,27.0,23.0,26.0,21.0,22.0,21.0,21.0,22.0,22.0,22.0,22.0,21.0,22.0,22.0,21.0,22.0,21.0,21.0,21.0,21.0,22.0,21.0,10.0,hold,1,1,11.3116
1787152269.6584,2026-08-19 17:11:09.658,10,c3,1,0,-0.03946,-0.49603,0.04096,-4.8244,10.5956,-20.5593,-0.0723,0.0064,-0.2325,3.72021,25.0,23.0,21.0,24.0,30.0,33.0,23.0,27.0,33.0,33.0,23.0,26.0,28.0,38.0,23.0,23.0,28.0,22.0,25.0,21.0,22.0,21.0,21.0,22.0,22.0,22.0,22.0,21.0,22.0,22.0,21.0,22.0,21.0,21.0,21.0,21.0,22.0,21.0,10.0,hold,1,1,11.3856
1787152269.7085,2026-08-19 17:11:09.708,10,c3,1,0,-0.03943,-0.49602,0.04092,-4.9707,10.3933,-20.3888,-0.0722,0.004,-0.2402,3.71517,25.0,23.0,21.0,24.0,30.0,33.0,23.0,27.0,33.0,33.0,23.0,26.0,28.0,38.0,23.0,23.0,28.0,22.0,25.0,21.0,22.0,21.0,21.0,22.0,22.0,22.0,22.0,21.0,22.0,22.0,21.0,22.0,21.0,21.0,21.0,21.0,22.0,21.0,10.0,hold,1,1,11.4304
1787152269.7586,2026-08-19 17:11:09.758,10,c3,1,0,-0.03944,-0.49602,0.04091,-4.828,10.4146,-20.5508,-0.0697,0.0065,-0.2322,3.71946,25.0,24.0,22.0,25.0,33.0,33.0,22.0,26.0,33.0,34.0,23.0,23.0,29.0,38.0,24.0,23.0,27.0,22.0,24.0,21.0,22.0,21.0,21.0,22.0,22.0,22.0,22.0,21.0,22.0,22.0,21.0,22.0,21.0,21.0,21.0,21.0,22.0,21.0,10.0,hold,1,1,11.3923
1787152269.8088,2026-08-19 17:11:09.808,10,c3,1,0,-0.03946,-0.49601,0.04092,-4.4693,10.3734,-20.5424,-0.0684,0.0171,-0.2307,3.71744,24.0,25.0,22.0,23.0,32.0,33.0,23.0,25.0,32.0,34.0,22.0,23.0,27.0,37.0,22.0,22.0,26.0,22.0,24.0,21.0,22.0,21.0,21.0,22.0,22.0,22.0,22.0,21.0,22.0,22.0,21.0,22.0,21.0,21.0,21.0,21.0,22.0,21.0,10.0,hold,1,1,11.4102
1787152269.8589,2026-08-19 17:11:09.858,10,c3,1,0,-0.03944,-0.49602,0.04092,-4.8286,10.2991,-20.5793,-0.0699,0.01,-0.2369,3.72273,24.0,25.0,22.0,23.0,32.0,33.0,23.0,25.0,32.0,34.0,22.0,23.0,27.0,37.0,22.0,22.0,26.0,22.0,24.0,21.0,22.0,21.0,21.0,22.0,22.0,22.0,22.0,21.0,22.0,22.0,21.0,22.0,21.0,21.0,21.0,21.0,22.0,21.0,10.0,hold,1,1,11.3632
1787152269.909,2026-08-19 17:11:09.909,10,c3,1,0,-0.03945,-0.49601,0.04092,-4.7656,10.2256,-20.6497,-0.0694,0.0092,-0.2361,3.71744,23.0,25.0,21.0,23.0,31.0,33.0,22.0,27.0,34.0,33.0,23.0,23.0,29.0,38.0,22.0,22.0,27.0,21.0,23.0,21.0,22.0,21.0,21.0,22.0,22.0,22.0,22.0,21.0,22.0,22.0,21.0,22.0,21.0,21.0,21.0,21.0,22.0,21.0,10.0,hold,1,1,11.4102
1787152269.9591,2026-08-19 17:11:09.959,10,c3,1,0,-0.03944,-0.49601,0.04092,-4.4957,10.2723,-20.4251,-0.0668,0.017,-0.2346,3.73028,23.0,25.0,21.0,23.0,31.0,33.0,22.0,27.0,34.0,33.0,23.0,23.0,29.0,38.0,22.0,22.0,27.0,21.0,23.0,21.0,22.0,21.0,21.0,22.0,22.0,22.0,22.0,21.0,22.0,22.0,21.0,22.0,21.0,21.0,21.0,21.0,22.0,21.0,10.0,hold,1,1,11.296
1787152270.0092,2026-08-19 17:11:10.009,10,c3,1,0,-0.03945,-0.49602,0.04091,-4.7662,10.712,-20.4902,-0.076,0.0088,-0.2342,3.72197,25.0,25.0,21.0,25.0,32.0,33.0,22.0,25.0,33.0,33.0,23.0,22.0,28.0,39.0,23.0,20.0,26.0,22.0,24.0,21.0,22.0,21.0,21.0,22.0,22.0,22.0,22.0,21.0,22.0,22.0,21.0,22.0,21.0,21.0,21.0,21.0,22.0,21.0,10.0,hold,1,1,11.3699
1787152270.0593,2026-08-19 17:11:10.059,10,c3,1,0,-0.03943,-0.49602,0.04091,-4.4889,10.5148,-20.503,-0.0769,0.0159,-0.2326,3.73305,22.0,24.0,21.0,22.0,33.0,32.0,22.0,26.0,32.0,33.0,23.0,23.0,29.0,37.0,21.0,21.0,27.0,22.0,24.0,21.0,22.0,21.0,21.0,22.0,22.0,22.0,22.0,21.0,22.0,22.0,21.0,22.0,21.0,21.0,21.0,21.0,22.0,21.0,10.0,hold,1,1,11.2713
1787152270.1095,2026-08-19 17:11:10.109,10,c3,1,0,-0.03943,-0.49601,0.04092,-4.9364,10.1568,-20.623,-0.0625,0.0059,-0.2337,3.72726,22.0,24.0,21.0,22.0,33.0,32.0,22.0,26.0,32.0,33.0,23.0,23.0,29.0,37.0,21.0,21.0,27.0,22.0,24.0,21.0,22.0,21.0,21.0,22.0,22.0,22.0,22.0,21.0,22.0,22.0,21.0,22.0,21.0,21.0,21.0,21.0,22.0,21.0,10.0,hold,1,1,11.3228
1787152270.1596,2026-08-19 17:11:10.159,10,c3,1,0,-0.03944,-0.49601,0.04091,-4.93,10.5655,-20.651,-0.074,0.0047,-0.2376,3.73356,25.0,24.0,22.0,24.0,32.0,32.0,23.0,27.0,31.0,34.0,23.0,24.0,26.0,37.0,21.0,23.0,26.0,23.0,25.0,21.0,22.0,21.0,21.0,22.0,22.0,22.0,22.0,21.0,22.0,22.0,21.0,22.0,21.0,21.0,21.0,21.0,22.0,21.0,10.0,hold,1,1,11.2669
1787152270.2098,2026-08-19 17:11:10.209,10,c3,1,0,-0.03944,-0.49602,0.04092,-4.5354,10.439,-20.5499,-0.0711,0.0164,-0.2369,3.73003,25.0,24.0,22.0,24.0,32.0,32.0,23.0,27.0,31.0,34.0,23.0,24.0,26.0,37.0,21.0,23.0,26.0,23.0,25.0,21.0,22.0,21.0,21.0,22.0,22.0,22.0,22.0,21.0,22.0,22.0,21.0,22.0,21.0,21.0,21.0,21.0,22.0,21.0,10.0,hold,1,1,11.2982
1787152270.2599,2026-08-19 17:11:10.259,10,c3,1,0,-0.03946,-0.49602,0.04092,-4.3961,10.2842,-20.4571,-0.0676,0.0191,-0.2363,3.73356,23.0,22.0,22.0,24.0,31.0,33.0,23.0,26.0,32.0,34.0,23.0,23.0,27.0,38.0,23.0,22.0,28.0,23.0,24.0,21.0,22.0,21.0,21.0,22.0,22.0,22.0,22.0,21.0,22.0,22.0,21.0,22.0,21.0,21.0,21.0,21.0,22.0,21.0,10.0,hold,1,1,11.2669
1787152270.31,2026-08-19 17:11:10.309,10,c3,1,0,-0.03943,-0.49601,0.04091,-4.5545,10.4874,-20.6241,-0.07,0.015,-0.234,3.73356,23.0,22.0,22.0,24.0,31.0,33.0,23.0,26.0,32.0,34.0,23.0,23.0,27.0,38.0,23.0,22.0,28.0,23.0,24.0,21.0,22.0,21.0,21.0,22.0,22.0,22.0,22.0,21.0,22.0,22.0,21.0,22.0,21.0,21.0,21.0,21.0,22.0,21.0,10.0,hold,1,1,11.2669
1787152270.3601,2026-08-19 17:11:10.360,10,c3,1,0,-0.03945,-0.496,0.04091,-4.7343,10.4261,-20.4866,-0.0718,0.0129,-0.2335,3.73481,22.0,24.0,23.0,23.0,31.0,33.0,23.0,26.0,31.0,34.0,23.0,23.0,26.0,37.0,22.0,22.0,27.0,22.0,24.0,21.0,22.0,21.0,21.0,22.0,22.0,22.0,22.0,21.0,22.0,22.0,21.0,22.0,21.0,21.0,21.0,21.0,22.0,21.0,10.0,hold,1,1,11.2557
1787152270.4102,2026-08-19 17:11:10.410,10,c3,1,0,-0.03946,-0.49602,0.04092,-4.8831,10.5149,-20.4767,-0.0716,0.0092,-0.2404,3.73356,24.0,24.0,21.0,24.0,32.0,33.0,22.0,25.0,33.0,32.0,23.0,22.0,29.0,38.0,22.0,21.0,28.0,22.0,24.0,21.0,22.0,21.0,21.0,22.0,22.0,22.0,22.0,21.0,22.0,22.0,21.0,22.0,21.0,21.0,21.0,21.0,22.0,21.0,10.0,hold,1,1,11.2669
1787152270.4603,2026-08-19 17:11:10.460,10,c3,1,0,-0.03945,-0.49602,0.04093,-4.4247,9.9902,-20.9519,-0.0603,0.0203,-0.2318,3.73204,24.0,24.0,21.0,24.0,32.0,33.0,22.0,25.0,33.0,32.0,23.0,22.0,29.0,38.0,22.0,21.0,28.0,22.0,24.0,21.0,22.0,21.0,21.0,22.0,22.0,22.0,22.0,21.0,22.0,22.0,21.0,22.0,21.0,21.0,21.0,21.0,22.0,21.0,10.0,hold,1,1,11.2803
1787152270.5104,2026-08-19 17:11:10.510,10,c3,1,0,-0.03944,-0.49601,0.04091,-4.8388,10.5917,-20.5802,-0.0732,0.0095,-0.2332,3.73607,24.0,25.0,21.0,23.0,33.0,31.0,23.0,25.0,33.0,33.0,23.0,23.0,30.0,37.0,22.0,21.0,26.0,22.0,23.0,21.0,22.0,21.0,21.0,22.0,22.0,22.0,22.0,21.0,22.0,22.0,21.0,22.0,21.0,21.0,21.0,21.0,22.0,21.0,10.0,hold,1,1,11.2445
1787152270.5605,2026-08-19 17:11:10.560,10,c3,1,0,-0.03943,-0.49602,0.0409,-4.6833,9.9895,-20.7288,-0.0594,0.0128,-0.2334,3.73255,24.0,25.0,21.0,23.0,33.0,31.0,23.0,25.0,33.0,33.0,23.0,23.0,30.0,37.0,22.0,21.0,26.0,22.0,23.0,21.0,22.0,21.0,21.0,22.0,22.0,22.0,22.0,21.0,22.0,22.0,21.0,22.0,21.0,21.0,21.0,21.0,22.0,21.0,10.0,hold,1,1,11.2758
1787152270.6106,2026-08-19 17:11:10.610,10,c3,1,0,-0.03945,-0.49602,0.04093,-4.5568,10.3929,-20.6357,-0.07,0.0145,-0.2354,3.7396,23.0,23.0,22.0,24.0,32.0,32.0,22.0,26.0,33.0,33.0,22.0,22.0,28.0,37.0,22.0,21.0,27.0,21.0,23.0,21.0,22.0,21.0,21.0,22.0,22.0,22.0,22.0,21.0,22.0,22.0,21.0,22.0,21.0,21.0,21.0,21.0,22.0,21.0,10.0,hold,1,1,11.2131
1787152270.6606,2026-08-19 17:11:10.660,10,c3,1,0,-0.03944,-0.49601,0.04091,-4.234,10.0866,-20.7137,-0.0638,0.025,-0.2327,3.73532,23.0,25.0,21.0,23.0,34.0,33.0,22.0,26.0,33.0,34.0,23.0,22.0,28.0,38.0,24.0,21.0,27.0,23.0,23.0,21.0,22.0,21.0,21.0,22.0,22.0,22.0,22.0,21.0,22.0,22.0,21.0,22.0,21.0,21.0,21.0,21.0,22.0,21.0,10.0,hold,1,1,11.2512
1787152270.7108,2026-08-19 17:11:10.710,10,c3,1,0,-0.03943,-0.49602,0.04092,-4.5238,10.5267,-20.6122,-0.073,0.018,-0.2352,3.74061,23.0,25.0,21.0,23.0,34.0,33.0,22.0,26.0,33.0,34.0,23.0,22.0,28.0,38.0,24.0,21.0,27.0,23.0,23.0,21.0,22.0,21.0,21.0,22.0,22.0,22.0,22.0,21.0,22.0,22.0,21.0,22.0,21.0,21.0,21.0,21.0,22.0,21.0,10.0,hold,1,1,11.2041
1787152270.7609,2026-08-19 17:11:10.760,10,c3,1,0,-0.03945,-0.49601,0.04092,-4.3942,10.1685,-20.8703,-0.0679,0.0205,-0.2309,3.73935,22.0,25.0,21.0,22.0,34.0,32.0,25.0,25.0,33.0,34.0,23.0,22.0,30.0,38.0,24.0,22.0,28.0,23.0,24.0,21.0,22.0,21.0,21.0,22.0,22.0,22.0,22.0,21.0,22.0,22.0,21.0,22.0,21.0,21.0,21.0,21.0,22.0,21.0,10.0,hold,1,1,11.2153
1787152270.811,2026-08-19 17:11:10.810,10,c3,1,0,-0.03943,-0.49602,0.04091,-5.038,11.0349,-20.565,-0.0859,0.0074,-0.2445,3.73884,22.0,25.0,21.0,22.0,34.0,32.0,25.0,25.0,33.0,34.0,23.0,22.0,30.0,38.0,24.0,22.0,28.0,23.0,24.0,21.0,22.0,21.0,21.0,22.0,22.0,22.0,22.0,21.0,22.0,22.0,21.0,22.0,21.0,21.0,21.0,21.0,22.0,21.0,10.0,hold,1,1,11.2198
1787152270.8611,2026-08-19 17:11:10.861,10,c3,1,0,-0.03945,-0.49601,0.04092,-4.8497,10.2977,-20.7719,-0.0677,0.009,-0.2384,3.74463,23.0,25.0,23.0,23.0,33.0,33.0,22.0,26.0,33.0,34.0,24.0,22.0,29.0,37.0,23.0,22.0,27.0,23.0,25.0,21.0,22.0,21.0,21.0,22.0,22.0,22.0,22.0,21.0,22.0,22.0,21.0,22.0,21.0,21.0,21.0,21.0,22.0,21.0,10.0,hold,1,1,11.1683
1787152270.9112,2026-08-19 17:11:10.911,10,c3,1,0,-0.03943,-0.49601,0.04091,-5.0512,10.2661,-20.526,-0.0686,0.003,-0.2405,3.73935,23.0,25.0,22.0,23.0,33.0,33.0,23.0,26.0,33.0,33.0,23.0,22.0,28.0,37.0,23.0,20.0,26.0,23.0,24.0,21.0,22.0,21.0,21.0,22.0,22.0,22.0,22.0,21.0,22.0,22.0,21.0,22.0,21.0,21.0,21.0,21.0,22.0,21.0,10.0,hold,1,1,11.2153
1787152270.9613,2026-08-19 17:11:10.961,10,c3,1,0,-0.03946,-0.49602,0.04092,-4.6829,10.0432,-20.3752,-0.0605,0.0134,-0.2404,3.74564,23.0,25.0,22.0,23.0,33.0,33.0,23.0,26.0,33.0,33.0,23.0,22.0,28.0,37.0,23.0,20.0,26.0,23.0,24.0,21.0,22.0,21.0,21.0,22.0,22.0,22.0,22.0,21.0,22.0,22.0,21.0,22.0,21.0,21.0,21.0,21.0,22.0,21.0,10.0,hold,1,1,11.1593
1787152271.0114,2026-08-19 17:11:11.011,10,c3,1,0,-0.03944,-0.49601,0.04091,-4.8168,10.5938,-20.6348,-0.0753,0.0114,-0.2319,3.73557,25.0,24.0,22.0,23.0,34.0,32.0,22.0,25.0,33.0,34.0,24.0,22.0,28.0,37.0,23.0,21.0,27.0,23.0,23.0,21.0,22.0,21.0,21.0,22.0,22.0,22.0,22.0,21.0,22.0,22.0,21.0,22.0,21.0,21.0,21.0,21.0,22.0,21.0,10.0,hold,1,1,11.2489
1787152271.0616,2026-08-19 17:11:11.061,10,c3,1,0,-0.03944,-0.49601,0.04091,-4.5738,9.7342,-20.828,-0.0543,0.0153,-0.2362,3.74791,25.0,24.0,22.0,23.0,34.0,32.0,22.0,25.0,33.0,34.0,24.0,22.0,28.0,37.0,23.0,21.0,27.0,23.0,23.0,21.0,22.0,21.0,21.0,22.0,22.0,22.0,22.0,21.0,22.0,22.0,21.0,22.0,21.0,21.0,21.0,21.0,22.0,21.0,10.0,hold,1,1,11.1392
1787152271.1118,2026-08-19 17:11:11.111,10,c3,1,0,-0.03945,-0.49602,0.04092,-4.7213,10.4308,-20.8649,-0.0718,0.0141,-0.2278,3.73909,23.0,25.0,21.0,23.0,33.0,33.0,23.0,24.0,33.0,32.0,23.0,21.0,29.0,37.0,22.0,21.0,27.0,21.0,23.0,21.0,22.0,21.0,21.0,22.0,22.0,22.0,22.0,21.0,22.0,22.0,21.0,22.0,21.0,21.0,21.0,21.0,22.0,21.0,10.0,hold,1,1,11.2176
1787152271.162,2026-08-19 17:11:11.161,10,c3,1,0,-0.03944,-0.49601,0.0409,-4.6513,9.9722,-20.7994,-0.0597,0.0172,-0.2318,3.74992,21.0,25.0,21.0,20.0,33.0,32.0,23.0,24.0,31.0,31.0,23.0,21.0,28.0,35.0,23.0,21.0,25.0,23.0,23.0,21.0,22.0,21.0,21.0,22.0,22.0,22.0,22.0,21.0,22.0,22.0,21.0,22.0,21.0,21.0,21.0,21.0,22.0,21.0,10.0,hold,1,1,11.1213
1787152271.2121,2026-08-19 17:11:11.212,10,c3,1,0,-0.03943,-0.49602,0.04092,-4.9638,10.22,-20.7102,-0.0634,0.0073,-0.2328,3.74035,21.0,25.0,21.0,20.0,33.0,32.0,23.0,24.0,31.0,31.0,23.0,21.0,28.0,35.0,23.0,21.0,25.0,23.0,23.0,21.0,22.0,21.0,21.0,22.0,22.0,22.0,22.0,21.0,22.0,22.0,21.0,22.0,21.0,21.0,21.0,21.0,22.0,21.0,10.0,hold,1,1,11.2064
1787152271.2621,2026-08-19 17:11:11.262,10,c3,1,0,-0.03944,-0.49602,0.04092,-4.8426,10.4011,-20.5078,-0.0699,0.0089,-0.2383,3.74942,24.0,22.0,21.0,22.0,30.0,31.0,24.0,25.0,32.0,33.0,22.0,22.0,30.0,39.0,22.0,21.0,28.0,21.0,24.0,21.0,22.0,21.0,21.0,22.0,22.0,22.0,22.0,21.0,22.0,22.0,21.0,22.0,21.0,21.0,21.0,21.0,22.0,21.0,10.0,hold,1,1,11.1257
1787152271.3123,2026-08-19 17:11:11.312,10,c3,1,0,-0.03944,-0.49601,0.04093,-4.826,10.4403,-20.5789,-0.0717,0.0087,-0.2346,3.7401,24.0,22.0,21.0,22.0,30.0,31.0,24.0,25.0,32.0,33.0,22.0,22.0,30.0,39.0,22.0,21.0,28.0,21.0,24.0,21.0,22.0,21.0,21.0,22.0,22.0,22.0,22.0,21.0,22.0,22.0,21.0,22.0,21.0,21.0,21.0,21.0,22.0,21.0,10.0,hold,1,1,11.2086
1787152271.3623,2026-08-19 17:11:11.362,10,c3,1,0,-0.03943,-0.49602,0.04093,-4.7324,10.4809,-20.6296,-0.0729,0.0111,-0.2328,3.73557,23.0,24.0,22.0,24.0,32.0,33.0,22.0,25.0,32.0,33.0,23.0,23.0,28.0,38.0,22.0,21.0,27.0,23.0,23.0,21.0,22.0,21.0,21.0,22.0,22.0,22.0,22.0,21.0,22.0,22.0,21.0,22.0,21.0,21.0,21.0,21.0,22.0,21.0,10.0,hold,1,1,11.2489
1787152271.4124,2026-08-19 17:11:11.412,10,c3,1,0,-0.03945,-0.49603,0.04092,-4.9642,10.8301,-20.5426,-0.0804,0.0059,-0.234,3.74539,23.0,24.0,22.0,24.0,32.0,33.0,22.0,25.0,32.0,33.0,23.0,23.0,28.0,38.0,22.0,21.0,27.0,23.0,23.0,21.0,22.0,21.0,21.0,22.0,22.0,22.0,22.0,21.0,22.0,22.0,21.0,22.0,21.0,21.0,21.0,21.0,22.0,21.0,10.0,hold,1,1,11.1616
1787152271.4625,2026-08-19 17:11:11.462,10,c3,1,0,-0.03946,-0.49601,0.04092,-5.0892,10.3199,-20.6122,-0.0708,0.0053,-0.2356,3.7396,25.0,24.0,21.0,23.0,32.0,33.0,22.0,25.0,31.0,34.0,24.0,21.0,27.0,38.0,24.0,21.0,28.0,24.0,23.0,21.0,22.0,21.0,21.0,22.0,22.0,22.0,22.0,21.0,22.0,22.0,21.0,22.0,21.0,21.0,21.0,21.0,22.0,21.0,10.0,hold,1,1,11.2131
1787152271.5126,2026-08-19 17:11:11.512,10,c3,1,0,-0.03946,-0.49602,0.04091,-4.6577,10.4636,-20.6048,-0.0715,0.0119,-0.2366,3.74841,23.0,23.0,21.0,22.0,32.0,33.0,23.0,26.0,31.0,34.0,23.0,23.0,27.0,37.0,22.0,23.0,28.0,22.0,25.0,21.0,22.0,21.0,21.0,22.0,22.0,22.0,22.0,21.0,22.0,22.0,21.0,22.0,21.0,21.0,21.0,21.0,22.0,21.0,10.0,hold,1,1,11.1347
1787152271.5627,2026-08-19 17:11:11.562,10,c3,1,0,-0.03945,-0.49602,0.04092,-4.947,10.1307,-20.5824,-0.0644,0.0066,-0.2358,3.74363,23.0,23.0,21.0,22.0,32.0,33.0,23.0,26.0,31.0,34.0,23.0,23.0,27.0,37.0,22.0,23.0,28.0,22.0,25.0,21.0,22.0,21.0,21.0,22.0,22.0,22.0,22.0,21.0,22.0,22.0,21.0,22.0,21.0,21.0,21.0,21.0,22.0,21.0,10.0,hold,1,1,11.1773
1787152271.6127,2026-08-19 17:11:11.612,10,c3,1,0,-0.03943,-0.49602,0.04092,-4.8764,10.4036,-20.4452,-0.0709,0.0081,-0.238,3.74992,24.0,23.0,24.0,24.0,30.0,33.0,22.0,26.0,32.0,34.0,23.0,23.0,27.0,38.0,23.0,22.0,27.0,22.0,24.0,21.0,22.0,21.0,21.0,22.0,22.0,22.0,22.0,21.0,22.0,22.0,21.0,22.0,21.0,21.0,21.0,21.0,22.0,21.0,10.0,hold,1,1,11.1213
1787152271.6628,2026-08-19 17:11:11.662,10,c3,1,0,-0.03944,-0.49601,0.04092,-4.89,10.1966,-20.8186,-0.065,0.006,-0.2395,3.74765,24.0,23.0,24.0,24.0,30.0,33.0,22.0,26.0,32.0,34.0,23.0,23.0,27.0,38.0,23.0,22.0,27.0,22.0,24.0,21.0,22.0,21.0,21.0,22.0,22.0,22.0,22.0,21.0,22.0,22.0,21.0,22.0,21.0,21.0,21.0,21.0,22.0,21.0,10.0,hold,1,1,11.1414
1787152271.7129,2026-08-19 17:11:11.712,10,c3,1,0,-0.03944,-0.49602,0.04092,-4.8824,10.6827,-20.5695,-0.0795,0.0061,-0.2382,3.73758,23.0,23.0,22.0,23.0,32.0,32.0,23.0,25.0,31.0,34.0,25.0,22.0,27.0,38.0,23.0,21.0,28.0,23.0,24.0,21.0,22.0,21.0,21.0,22.0,22.0,22.0,22.0,21.0,22.0,22.0,21.0,22.0,21.0,21.0,21.0,21.0,22.0,21.0,10.0,hold,1,1,11.231
1787152271.7629,2026-08-19 17:11:11.762,10,c3,1,0,-0.03944,-0.49602,0.04091,-4.5358,10.4122,-20.7355,-0.0699,0.0172,-0.2366,3.74388,21.0,24.0,23.0,21.0,31.0,34.0,24.0,27.0,33.0,32.0,22.0,24.0,27.0,38.0,22.0,22.0,28.0,21.0,24.0,21.0,22.0,21.0,21.0,22.0,22.0,22.0,22.0,21.0,22.0,22.0,21.0,22.0,21.0,21.0,21.0,21.0,22.0,21.0,10.0,hold,1,1,11.175
1787152271.813,2026-08-19 17:11:11.813,10,c3,1,0,-0.03946,-0.49602,0.04092,-4.5755,9.8897,-20.6045,-0.0577,0.0156,-0.2341,3.74967,21.0,24.0,23.0,21.0,31.0,34.0,24.0,27.0,33.0,32.0,22.0,24.0,27.0,38.0,22.0,22.0,28.0,21.0,24.0,21.0,22.0,21.0,21.0,22.0,22.0,22.0,22.0,21.0,22.0,22.0,21.0,22.0,21.0,21.0,21.0,21.0,22.0,21.0,10.0,hold,1,1,11.1235
1787152271.8631,2026-08-19 17:11:11.863,10,c3,1,0,-0.03945,-0.49602,0.04093,-4.9308,10.4944,-20.4876,-0.0771,0.0062,-0.2401,3.7537,25.0,24.0,23.0,24.0,32.0,33.0,22.0,26.0,31.0,34.0,24.0,22.0,28.0,37.0,24.0,23.0,27.0,24.0,24.0,21.0,22.0,21.0,21.0,22.0,22.0,22.0,22.0,21.0,22.0,22.0,21.0,22.0,21.0,21.0,21.0,21.0,22.0,21.0,10.0,hold,1,1,11.0877
1787152271.9132,2026-08-19 17:11:11.913,10,c3,1,0,-0.03944,-0.49601,0.04092,-4.5926,10.1413,-20.6762,-0.065,0.0149,-0.2263,3.74816,25.0,24.0,23.0,24.0,32.0,33.0,22.0,26.0,31.0,34.0,24.0,22.0,28.0,37.0,24.0,23.0,27.0,24.0,24.0,21.0,22.0,21.0,21.0,22.0,22.0,22.0,22.0,21.0,22.0,22.0,21.0,22.0,21.0,21.0,21.0,21.0,22.0,21.0,10.0,hold,1,1,11.1369
1787152271.9633,2026-08-19 17:11:11.963,10,c3,1,0,-0.03946,-0.49602,0.04092,-4.377,10.4343,-20.5598,-0.0724,0.0193,-0.2335,3.7537,25.0,23.0,22.0,24.0,31.0,34.0,24.0,27.0,31.0,34.0,23.0,24.0,27.0,38.0,22.0,22.0,28.0,23.0,24.0,21.0,22.0,21.0,21.0,22.0,22.0,22.0,22.0,21.0,22.0,22.0,21.0,22.0,21.0,21.0,21.0,21.0,22.0,21.0,10.0,hold,1,1,11.0877
1787152272.0133,2026-08-19 17:11:12.013,10,c3,1,0,-0.03945,-0.49602,0.04092,-4.7205,10.483,-20.7563,-0.0704,0.0123,-0.2302,3.75118,25.0,22.0,22.0,24.0,31.0,32.0,24.0,24.0,31.0,33.0,23.0,22.0,27.0,35.0,22.0,21.0,26.0,20.0,23.0,21.0,22.0,21.0,21.0,22.0,22.0,22.0,22.0,21.0,22.0,22.0,21.0,22.0,21.0,21.0,21.0,21.0,22.0,21.0,10.0,hold,1,1,11.1101
1787152272.0634,2026-08-19 17:11:12.063,10,c3,1,0,-0.03945,-0.49602,0.04092,-4.8018,10.4998,-20.6398,-0.072,0.0102,-0.2404,3.74564,25.0,22.0,22.0,24.0,31.0,32.0,24.0,24.0,31.0,33.0,23.0,22.0,27.0,35.0,22.0,21.0,26.0,20.0,23.0,21.0,22.0,21.0,21.0,22.0,22.0,22.0,22.0,21.0,22.0,22.0,21.0,22.0,21.0,21.0,21.0,21.0,22.0,21.0,10.0,hold,1,1,11.1593
1787152272.1135,2026-08-19 17:11:12.113,10,c3,1,0,-0.03946,-0.49601,0.04091,-4.8838,10.4792,-20.5357,-0.0703,0.0093,-0.2361,3.75193,24.0,23.0,21.0,23.0,31.0,33.0,22.0,25.0,31.0,34.0,23.0,22.0,27.0,39.0,23.0,21.0,28.0,22.0,22.0,21.0,22.0,21.0,21.0,22.0,22.0,22.0,22.0,21.0,22.0,22.0,21.0,22.0,21.0,21.0,21.0,21.0,22.0,21.0,10.0,hold,1,1,11.1033
1787152272.1636,2026-08-19 17:11:12.163,10,c3,1,0,-0.03945,-0.49602,0.04092,-4.8882,10.333,-20.5173,-0.0692,0.0086,-0.2394,3.75496,24.0,23.0,21.0,23.0,31.0,33.0,22.0,25.0,31.0,34.0,23.0,22.0,27.0,39.0,23.0,21.0,28.0,22.0,22.0,21.0,22.0,21.0,21.0,22.0,22.0,22.0,22.0,21.0,22.0,22.0,21.0,22.0,21.0,21.0,21.0,21.0,22.0,21.0,10.0,hold,1,1,11.0765
1787152272.2136,2026-08-19 17:11:12.213,10,c3,1,0,-0.03946,-0.49602,0.04092,-4.5469,10.2869,-20.553,-0.0694,0.0163,-0.2321,3.75621,23.0,23.0,23.0,23.0,32.0,33.0,23.0,26.0,31.0,34.0,23.0,23.0,26.0,37.0,21.0,23.0,27.0,22.0,25.0,21.0,22.0,21.0,21.0,22.0,22.0,22.0,22.0,21.0,22.0,22.0,21.0,22.0,21.0,21.0,21.0,21.0,22.0,21.0,10.0,hold,1,1,11.0653
1787152272.2637,2026-08-19 17:11:12.263,10,c3,1,0,-0.03944,-0.49602,0.04092,-4.6787,10.1721,-20.9071,-0.067,0.0137,-0.2323,3.74916,23.0,22.0,21.0,22.0,31.0,33.0,23.0,28.0,33.0,34.0,24.0,25.0,29.0,39.0,24.0,24.0,28.0,24.0,26.0,21.0,22.0,21.0,21.0,22.0,22.0,22.0,22.0,21.0,22.0,22.0,21.0,22.0,21.0,21.0,21.0,21.0,22.0,21.0,10.0,hold,1,1,11.128
1787152272.3138,2026-08-19 17:11:12.313,10,c3,1,0,-0.03945,-0.49601,0.04091,-4.7092,10.2633,-20.7365,-0.0666,0.012,-0.2391,3.75269,23.0,22.0,21.0,22.0,31.0,33.0,23.0,28.0,33.0,34.0,24.0,25.0,29.0,39.0,24.0,24.0,28.0,24.0,26.0,21.0,22.0,21.0,21.0,22.0,22.0,22.0,22.0,21.0,22.0,22.0,21.0,22.0,21.0,21.0,21.0,21.0,22.0,21.0,10.0,hold,1,1,11.0966
1787152272.3639,2026-08-19 17:11:12.363,10,c3,1,0,-0.03944,-0.49602,0.04093,-4.8539,10.4219,-21.1486,-0.0692,0.008,-0.2349,3.74841,24.0,24.0,23.0,25.0,32.0,34.0,23.0,25.0,30.0,33.0,24.0,22.0,27.0,37.0,23.0,21.0,27.0,23.0,23.0,21.0,22.0,21.0,21.0,22.0,22.0,22.0,22.0,21.0,22.0,22.0,21.0,22.0,21.0,21.0,21.0,21.0,22.0,21.0,10.0,hold,1,1,11.1347
1787152272.4139,2026-08-19 17:11:12.413,10,c3,1,0,-0.03945,-0.49602,0.04093,-4.6016,10.0792,-20.7167,-0.0627,0.014,-0.2308,3.74841,24.0,24.0,23.0,25.0,32.0,34.0,23.0,25.0,30.0,33.0,24.0,22.0,27.0,37.0,23.0,21.0,27.0,23.0,23.0,21.0,22.0,21.0,21.0,22.0,22.0,22.0,22.0,21.0,22.0,22.0,21.0,22.0,21.0,21.0,21.0,21.0,22.0,21.0,10.0,hold,1,1,11.1347
1787152272.464,2026-08-19 17:11:12.464,10,c3,1,0,-0.03945,-0.49601,0.04091,-4.6744,10.3587,-20.9734,-0.0707,0.0142,-0.2321,3.7474,23.0,24.0,23.0,23.0,32.0,33.0,23.0,26.0,31.0,33.0,24.0,23.0,26.0,38.0,22.0,22.0,26.0,23.0,25.0,21.0,22.0,21.0,21.0,22.0,22.0,22.0,22.0,21.0,22.0,22.0,21.0,22.0,21.0,21.0,21.0,21.0,22.0,21.0,10.0,hold,1,1,11.1437
1787152272.5141,2026-08-19 17:11:12.514,10,c3,1,0,-0.03943,-0.49601,0.04092,-4.8092,10.2735,-20.8164,-0.0641,0.0107,-0.2341,3.7547,23.0,24.0,23.0,23.0,32.0,33.0,23.0,26.0,31.0,33.0,24.0,23.0,26.0,38.0,22.0,22.0,26.0,23.0,25.0,21.0,22.0,21.0,21.0,22.0,22.0,22.0,22.0,21.0,22.0,22.0,21.0,22.0,21.0,21.0,21.0,21.0,22.0,21.0,10.0,hold,1,1,11.0787
1787152272.5642,2026-08-19 17:11:12.564,10,c3,1,0,-0.03944,-0.49601,0.04091,-4.6698,10.7084,-20.8036,-0.0767,0.0132,-0.2335,3.75345,23.0,23.0,23.0,23.0,32.0,33.0,23.0,28.0,31.0,34.0,23.0,24.0,27.0,37.0,23.0,22.0,27.0,22.0,25.0,21.0,22.0,21.0,21.0,22.0,22.0,22.0,22.0,21.0,22.0,22.0,21.0,22.0,21.0,21.0,21.0,21.0,22.0,21.0,10.0,hold,1,1,11.0899
1787152272.6143,2026-08-19 17:11:12.614,10,c3,1,0,-0.03945,-0.49602,0.04093,-4.8282,10.4962,-20.9029,-0.0724,0.0085,-0.2321,3.74967,25.0,24.0,22.0,24.0,32.0,33.0,22.0,23.0,31.0,33.0,23.0,21.0,27.0,38.0,23.0,22.0,26.0,23.0,23.0,21.0,22.0,21.0,21.0,22.0,22.0,22.0,22.0,21.0,22.0,22.0,21.0,22.0,21.0,21.0,21.0,21.0,22.0,21.0,10.0,hold,1,1,11.1235
1787152272.6644,2026-08-19 17:11:12.664,10,c3,1,0,-0.03943,-0.49601,0.04092,-4.4138,10.102,-20.7746,-0.0641,0.0213,-0.2358,3.75747,25.0,24.0,22.0,24.0,32.0,33.0,22.0,23.0,31.0,33.0,23.0,21.0,27.0,38.0,23.0,22.0,26.0,23.0,23.0,21.0,22.0,21.0,21.0,22.0,22.0,22.0,22.0,21.0,22.0,22.0,21.0,22.0,21.0,21.0,21.0,21.0,22.0,21.0,10.0,hold,1,1,11.0541
1787152272.7145,2026-08-19 17:11:12.714,10,c3,1,0,-0.03946,-0.49601,0.04092,-4.6585,10.1614,-20.8896,-0.0664,0.011,-0.242,3.75747,22.0,24.0,22.0,22.0,33.0,32.0,22.0,27.0,30.0,34.0,23.0,22.0,26.0,38.0,22.0,23.0,28.0,22.0,24.0,21.0,22.0,21.0,21.0,22.0,22.0,22.0,22.0,21.0,22.0,22.0,21.0,22.0,21.0,21.0,21.0,21.0,22.0,21.0,10.0,hold,1,1,11.0541
1787152272.7646,2026-08-19 17:11:12.764,10,c3,1,0,-0.03943,-0.49601,0.04091,-4.6957,10.1835,-20.8894,-0.0659,0.012,-0.2376,3.75319,22.0,24.0,22.0,22.0,33.0,32.0,22.0,27.0,30.0,34.0,23.0,22.0,26.0,38.0,22.0,23.0,28.0,22.0,24.0,21.0,22.0,21.0,21.0,22.0,22.0,22.0,22.0,21.0,22.0,22.0,21.0,22.0,21.0,21.0,21.0,21.0,22.0,21.0,10.0,hold,1,1,11.0921
1787152272.8147,2026-08-19 17:11:12.814,10,c3,1,0,-0.03945,-0.49603,0.04092,-4.7451,10.2614,-20.7922,-0.0685,0.0106,-0.2316,3.74967,24.0,21.0,23.0,23.0,30.0,33.0,23.0,26.0,32.0,32.0,22.0,23.0,28.0,37.0,23.0,23.0,27.0,22.0,24.0,21.0,22.0,21.0,21.0,22.0,22.0,22.0,22.0,21.0,22.0,22.0,21.0,22.0,21.0,21.0,21.0,21.0,22.0,21.0,10.0,hold,1,1,11.1235
1787152272.8647,2026-08-19 17:11:12.864,10,c3,1,0,-0.03944,-0.496,0.04091,-4.9534,10.4458,-20.6376,-0.0698,0.0064,-0.2413,3.74967,25.0,24.0,22.0,26.0,32.0,32.0,22.0,26.0,31.0,33.0,24.0,23.0,28.0,38.0,23.0,22.0,27.0,22.0,24.0,21.0,22.0,21.0,21.0,22.0,22.0,22.0,22.0,21.0,22.0,22.0,21.0,22.0,21.0,21.0,21.0,21.0,22.0,21.0,10.0,hold,1,1,11.1235
1787152272.9148,2026-08-19 17:11:12.914,10,c3,1,0,-0.03944,-0.49602,0.04092,-4.7814,10.2884,-20.556,-0.0716,0.0069,-0.2326,3.74841,25.0,24.0,22.0,26.0,32.0,32.0,22.0,26.0,31.0,33.0,24.0,23.0,28.0,38.0,23.0,22.0,27.0,22.0,24.0,21.0,22.0,21.0,21.0,22.0,22.0,22.0,22.0,21.0,22.0,22.0,21.0,22.0,21.0,21.0,21.0,21.0,22.0,21.0,10.0,hold,1,1,11.1347
1787152272.9649,2026-08-19 17:11:12.964,10,c3,1,0,-0.03945,-0.49602,0.04094,-4.7201,10.306,-20.7275,-0.0688,0.0098,-0.231,3.74564,24.0,24.0,23.0,22.0,32.0,33.0,23.0,26.0,31.0,33.0,22.0,22.0,28.0,37.0,23.0,21.0,27.0,23.0,22.0,21.0,22.0,21.0,21.0,22.0,22.0,22.0,22.0,21.0,22.0,22.0,21.0,22.0,21.0,21.0,21.0,21.0,22.0,21.0,10.0,hold,1,1,11.1593
1787152273.0149,2026-08-19 17:11:13.014,10,c3,1,0,-0.03946,-0.49601,0.04092,-4.8025,10.271,-20.5352,-0.0696,0.0096,-0.2331,3.75848,24.0,24.0,23.0,22.0,32.0,33.0,23.0,26.0,31.0,33.0,22.0,22.0,28.0,37.0,23.0,21.0,27.0,23.0,22.0,21.0,22.0,21.0,21.0,22.0,22.0,22.0,22.0,21.0,22.0,22.0,21.0,22.0,21.0,21.0,21.0,21.0,22.0,21.0,10.0,hold,1,1,11.0451
1787152273.065,2026-08-19 17:11:13.064,10,c3,1,0,-0.03943,-0.49602,0.04092,-4.6205,10.1058,-20.7394,-0.0647,0.0137,-0.2332,3.74161,22.0,24.0,22.0,22.0,32.0,32.0,23.0,24.0,32.0,34.0,24.0,22.0,28.0,37.0,24.0,21.0,27.0,22.0,24.0,21.0,22.0,21.0,21.0,22.0,22.0,22.0,22.0,21.0,22.0,22.0,21.0,22.0,21.0,21.0,21.0,21.0,22.0,21.0,10.0,hold,1,1,11.1952
1787152273.1151,2026-08-19 17:11:13.115,10,c3,1,0,-0.03945,-0.49601,0.04091,-4.577,10.4241,-20.9121,-0.0694,0.0139,-0.2376,3.74564,25.0,24.0,22.0,22.0,32.0,32.0,24.0,27.0,32.0,33.0,23.0,23.0,28.0,38.0,23.0,23.0,27.0,21.0,25.0,21.0,22.0,21.0,21.0,22.0,22.0,22.0,22.0,21.0,22.0,22.0,21.0,22.0,21.0,21.0,21.0,21.0,22.0,21.0,10.0,hold,1,1,11.1593
1787152273.1652,2026-08-19 17:11:13.165,10,c3,1,0,-0.03944,-0.49601,0.04091,-4.3988,10.2908,-20.7652,-0.0686,0.0195,-0.2386,3.75143,25.0,24.0,22.0,22.0,32.0,32.0,24.0,27.0,32.0,33.0,23.0,23.0,28.0,38.0,23.0,23.0,27.0,21.0,25.0,21.0,22.0,21.0,21.0,22.0,22.0,22.0,22.0,21.0,22.0,22.0,21.0,22.0,21.0,21.0,21.0,21.0,22.0,21.0,10.0,hold,1,1,11.1078
1787152273.2153,2026-08-19 17:11:13.215,10,c3,1,0,-0.03946,-0.49602,0.04092,-4.9837,10.3138,-20.8169,-0.0663,0.0054,-0.2471,3.75722,25.0,23.0,22.0,24.0,31.0,33.0,22.0,29.0,32.0,35.0,22.0,25.0,30.0,39.0,23.0,24.0,29.0,22.0,26.0,21.0,22.0,21.0,21.0,22.0,22.0,22.0,22.0,21.0,22.0,22.0,21.0,22.0,21.0,21.0,21.0,21.0,22.0,21.0,10.0,hold,1,1,11.0563
1787152273.2653,2026-08-19 17:11:13.265,10,c3,1,0,-0.03945,-0.49602,0.04092,-4.4993,10.1018,-20.7752,-0.0611,0.0167,-0.233,3.75269,25.0,23.0,22.0,24.0,31.0,33.0,22.0,29.0,32.0,35.0,22.0,25.0,30.0,39.0,23.0,24.0,29.0,22.0,26.0,21.0,22.0,21.0,21.0,22.0,22.0,22.0,22.0,21.0,22.0,22.0,21.0,22.0,21.0,21.0,21.0,21.0,22.0,21.0,10.0,hold,1,1,11.0966
1787152273.3154,2026-08-19 17:11:13.315,10,c3,1,0,-0.03943,-0.49601,0.04091,-4.5007,10.1366,-20.696,-0.0636,0.0152,-0.2352,3.75672,26.0,25.0,24.0,25.0,32.0,34.0,23.0,27.0,33.0,33.0,23.0,25.0,29.0,38.0,23.0,23.0,28.0,23.0,24.0,21.0,22.0,21.0,21.0,22.0,22.0,22.0,22.0,21.0,22.0,22.0,21.0,22.0,21.0,21.0,21.0,21.0,22.0,21.0,10.0,hold,1,1,11.0608
1787152273.3654,2026-08-19 17:11:13.365,10,c3,1,0,-0.03942,-0.49601,0.0409,-4.6967,10.2668,-20.7594,-0.0683,0.0111,-0.2304,3.75395,24.0,25.0,21.0,24.0,33.0,32.0,22.0,27.0,33.0,33.0,23.0,23.0,29.0,38.0,22.0,24.0,26.0,23.0,25.0,21.0,22.0,21.0,21.0,22.0,22.0,22.0,22.0,21.0,22.0,22.0,21.0,22.0,21.0,21.0,21.0,21.0,22.0,21.0,10.0,hold,1,1,11.0854
1787152273.4155,2026-08-19 17:11:13.415,10,c3,1,0,-0.03945,-0.49602,0.04093,-4.8266,10.2266,-20.7726,-0.0712,0.0063,-0.237,3.75949,24.0,25.0,21.0,24.0,33.0,32.0,22.0,27.0,33.0,33.0,23.0,23.0,29.0,38.0,22.0,24.0,26.0,23.0,25.0,21.0,22.0,21.0,21.0,22.0,22.0,22.0,22.0,21.0,22.0,22.0,21.0,22.0,21.0,21.0,21.0,21.0,22.0,21.0,10.0,hold,1,1,11.0361
1787152273.4657,2026-08-19 17:11:13.465,10,c3,1,0,-0.03946,-0.49601,0.04092,-4.5265,10.3382,-20.7848,-0.0709,0.0136,-0.2346,3.75772,25.0,24.0,20.0,22.0,33.0,33.0,23.0,27.0,32.0,33.0,25.0,23.0,27.0,38.0,24.0,23.0,27.0,23.0,24.0,21.0,22.0,21.0,21.0,22.0,22.0,22.0,22.0,21.0,22.0,22.0,21.0,22.0,21.0,21.0,21.0,21.0,22.0,21.0,10.0,hold,1,1,11.0518
1787152273.5157,2026-08-19 17:11:13.515,10,c3,1,0,-0.03944,-0.49602,0.04092,-4.4791,10.1798,-20.857,-0.0637,0.0175,-0.2292,3.75747,25.0,24.0,20.0,22.0,33.0,33.0,23.0,27.0,32.0,33.0,25.0,23.0,27.0,38.0,24.0,23.0,27.0,23.0,24.0,21.0,22.0,21.0,21.0,22.0,22.0,22.0,22.0,21.0,22.0,22.0,21.0,22.0,21.0,21.0,21.0,21.0,22.0,21.0,10.0,hold,1,1,11.0541
1787152273.5657,2026-08-19 17:11:13.565,10,c3,1,0,-0.03945,-0.49601,0.04092,-4.6454,10.5668,-20.8176,-0.0778,0.0109,-0.2366,3.75093,23.0,23.0,21.0,23.0,31.0,33.0,24.0,24.0,33.0,32.0,24.0,22.0,29.0,37.0,23.0,22.0,26.0,23.0,24.0,21.0,22.0,21.0,21.0,22.0,22.0,22.0,22.0,21.0,22.0,22.0,21.0,22.0,21.0,21.0,21.0,21.0,22.0,21.0,10.0,hold,1,1,11.1123
1787152273.6158,2026-08-19 17:11:13.615,10,c3,1,0,-0.03944,-0.49601,0.04092,-4.6691,10.1725,-20.7513,-0.0693,0.0146,-0.2327,3.75722,23.0,23.0,21.0,23.0,31.0,33.0,24.0,24.0,33.0,32.0,24.0,22.0,29.0,37.0,23.0,22.0,26.0,23.0,24.0,21.0,22.0,21.0,21.0,22.0,22.0,22.0,22.0,21.0,22.0,22.0,21.0,22.0,21.0,21.0,21.0,21.0,22.0,21.0,10.0,hold,1,1,11.0563
1787152273.6659,2026-08-19 17:11:13.665,10,c3,1,0,-0.03944,-0.49602,0.04092,-4.5557,10.1588,-20.8625,-0.0678,0.016,-0.2303,3.75747,23.0,23.0,23.0,22.0,32.0,33.0,22.0,26.0,31.0,33.0,23.0,23.0,27.0,38.0,23.0,22.0,28.0,23.0,24.0,21.0,22.0,21.0,21.0,22.0,22.0,22.0,22.0,21.0,22.0,22.0,21.0,22.0,21.0,21.0,21.0,21.0,22.0,21.0,10.0,hold,1,1,11.0541
1787152273.7159,2026-08-19 17:11:13.715,10,c3,1,0,-0.03946,-0.49603,0.04093,-4.8283,10.5608,-20.6918,-0.0767,0.009,-0.2353,3.74589,24.0,23.0,22.0,23.0,33.0,32.0,23.0,25.0,31.0,33.0,24.0,22.0,28.0,37.0,23.0,22.0,27.0,24.0,23.0,21.0,22.0,21.0,21.0,22.0,22.0,22.0,22.0,21.0,22.0,22.0,21.0,22.0,21.0,21.0,21.0,21.0,22.0,21.0,10.0,hold,1,1,11.1571
1787152273.766,2026-08-19 17:11:13.765,10,c3,1,0,-0.03946,-0.49601,0.04092,-4.7053,10.7031,-20.7297,-0.078,0.0126,-0.2387,3.75244,24.0,23.0,22.0,23.0,33.0,32.0,23.0,25.0,31.0,33.0,24.0,22.0,28.0,37.0,23.0,22.0,27.0,24.0,23.0,21.0,22.0,21.0,21.0,22.0,22.0,22.0,22.0,21.0,22.0,22.0,21.0,22.0,21.0,21.0,21.0,21.0,22.0,21.0,10.0,hold,1,1,11.0989
1787152273.816,2026-08-19 17:11:13.816,10,c3,1,0,-0.03944,-0.49602,0.04093,-4.5112,10.475,-20.767,-0.0743,0.0166,-0.2329,3.75747,22.0,24.0,23.0,21.0,32.0,32.0,24.0,27.0,33.0,33.0,23.0,24.0,28.0,38.0,22.0,23.0,26.0,23.0,24.0,21.0,22.0,21.0,21.0,22.0,22.0,22.0,22.0,21.0,22.0,22.0,21.0,22.0,21.0,21.0,21.0,21.0,22.0,21.0,10.0,hold,1,1,11.0541
1787152273.8661,2026-08-19 17:11:13.866,10,c3,1,0,-0.03945,-0.49602,0.04092,-4.4563,10.6247,-20.8779,-0.0797,0.0164,-0.2304,3.74992,22.0,24.0,23.0,21.0,32.0,32.0,24.0,27.0,33.0,33.0,23.0,24.0,28.0,38.0,22.0,23.0,26.0,23.0,24.0,21.0,22.0,21.0,21.0,22.0,22.0,22.0,22.0,21.0,22.0,22.0,21.0,22.0,21.0,21.0,21.0,21.0,22.0,21.0,10.0,hold,1,1,11.1213
1787152273.9162,2026-08-19 17:11:13.916,10,c3,1,0,-0.03945,-0.49601,0.04091,-4.376,10.263,-20.7192,-0.0669,0.0201,-0.2329,3.75143,24.0,23.0,22.0,23.0,32.0,32.0,22.0,26.0,33.0,34.0,24.0,22.0,28.0,38.0,21.0,21.0,26.0,22.0,24.0,21.0,22.0,21.0,21.0,22.0,22.0,22.0,22.0,21.0,22.0,22.0,21.0,22.0,21.0,21.0,21.0,21.0,22.0,21.0,10.0,hold,1,1,11.1078
1787152273.9663,2026-08-19 17:11:13.966,10,c3,1,0,-0.03944,-0.49602,0.04093,-4.3938,9.9789,-20.8624,-0.0571,0.0218,-0.2331,3.7537,23.0,25.0,21.0,23.0,31.0,33.0,21.0,26.0,32.0,33.0,24.0,23.0,29.0,37.0,23.0,22.0,26.0,22.0,24.0,21.0,22.0,21.0,21.0,22.0,22.0,22.0,22.0,21.0,22.0,22.0,21.0,22.0,21.0,21.0,21.0,21.0,22.0,21.0,10.0,hold,1,1,11.0877
1787152274.0163,2026-08-19 17:11:14.016,10,c3,1,0,-0.03944,-0.49601,0.04092,-4.47,10.1201,-20.7454,-0.0641,0.0195,-0.2308,3.75571,23.0,25.0,21.0,23.0,31.0,33.0,21.0,26.0,32.0,33.0,24.0,23.0,29.0,37.0,23.0,22.0,26.0,22.0,24.0,21.0,22.0,21.0,21.0,22.0,22.0,22.0,22.0,21.0,22.0,22.0,21.0,22.0,21.0,21.0,21.0,21.0,22.0,21.0,10.0,hold,1,1,11.0697
1787152274.0664,2026-08-19 17:11:14.066,10,c3,1,0,-0.03945,-0.49603,0.04092,-4.5086,10.2901,-20.8091,-0.0669,0.0165,-0.2368,3.75068,25.0,25.0,22.0,24.0,33.0,32.0,23.0,27.0,33.0,33.0,23.0,24.0,28.0,36.0,23.0,22.0,25.0,22.0,24.0,21.0,22.0,21.0,21.0,22.0,22.0,22.0,22.0,21.0,22.0,22.0,21.0,22.0,21.0,21.0,21.0,21.0,22.0,21.0,10.0,hold,1,1,11.1145
1787152274.1165,2026-08-19 17:11:14.116,10,c3,1,0,-0.03943,-0.49602,0.04092,-4.8232,10.2616,-20.4879,-0.0668,0.0062,-0.2388,3.75294,25.0,25.0,22.0,24.0,33.0,32.0,23.0,27.0,33.0,33.0,23.0,24.0,28.0,36.0,23.0,22.0,25.0,22.0,24.0,21.0,22.0,21.0,21.0,22.0,22.0,22.0,22.0,21.0,22.0,22.0,21.0,22.0,21.0,21.0,21.0,21.0,22.0,21.0,10.0,hold,1,1,11.0944
1787152274.1666,2026-08-19 17:11:14.166,10,c3,1,0,-0.03945,-0.49602,0.04092,-4.4085,10.0955,-20.6431,-0.0652,0.0183,-0.2365,3.74992,24.0,25.0,21.0,24.0,32.0,33.0,23.0,26.0,32.0,33.0,23.0,24.0,29.0,38.0,22.0,22.0,27.0,21.0,24.0,21.0,22.0,21.0,21.0,22.0,22.0,22.0,22.0,21.0,22.0,22.0,21.0,22.0,21.0,21.0,21.0,21.0,22.0,21.0,10.0,hold,1,1,11.1213
1787152274.2167,2026-08-19 17:11:14.216,10,c3,1,0,-0.03943,-0.49603,0.04092,-4.715,10.4492,-20.7084,-0.0743,0.0092,-0.2387,3.7542,25.0,24.0,21.0,25.0,32.0,32.0,22.0,27.0,34.0,34.0,22.0,24.0,28.0,38.0,21.0,23.0,26.0,20.0,24.0,21.0,22.0,21.0,21.0,22.0,22.0,22.0,22.0,21.0,22.0,22.0,21.0,22.0,21.0,21.0,21.0,21.0,22.0,21.0,10.0,hold,1,1,11.0832
1787152274.2668,2026-08-19 17:11:14.266,10,c3,1,0,-0.03943,-0.49602,0.04094,-4.6812,10.2442,-20.5993,-0.0672,0.0115,-0.2359,3.75294,25.0,24.0,21.0,25.0,32.0,32.0,22.0,27.0,34.0,34.0,22.0,24.0,28.0,38.0,21.0,23.0,26.0,20.0,24.0,21.0,22.0,21.0,21.0,22.0,22.0,22.0,22.0,21.0,22.0,22.0,21.0,22.0,21.0,21.0,21.0,21.0,22.0,21.0,10.0,hold,1,1,11.0944
1787152274.3168,2026-08-19 17:11:14.316,10,c3,1,0,-0.03944,-0.49602,0.04093,-4.7953,10.5437,-20.6051,-0.0742,0.0113,-0.238,3.7542,24.0,25.0,23.0,23.0,33.0,32.0,22.0,25.0,32.0,31.0,23.0,21.0,28.0,36.0,23.0,22.0,26.0,23.0,24.0,21.0,22.0,21.0,21.0,22.0,22.0,22.0,22.0,21.0,22.0,22.0,21.0,22.0,21.0,21.0,21.0,21.0,22.0,21.0,10.0,hold,1,1,11.0832
1787152274.3669,2026-08-19 17:11:14.366,10,c3,1,0,-0.03944,-0.49603,0.04094,-4.7481,10.2899,-20.6876,-0.0635,0.0115,-0.2326,3.76226,24.0,25.0,23.0,23.0,33.0,32.0,22.0,25.0,32.0,31.0,23.0,21.0,28.0,36.0,23.0,22.0,26.0,23.0,24.0,21.0,22.0,21.0,21.0,22.0,22.0,22.0,22.0,21.0,22.0,22.0,21.0,22.0,21.0,21.0,21.0,21.0,22.0,21.0,10.0,hold,1,1,11.0115
1787152274.417,2026-08-19 17:11:14.417,10,c3,1,0,-0.03944,-0.49602,0.04092,-5.0287,10.6768,-20.5714,-0.0763,0.0024,-0.2369,3.7547,23.0,24.0,21.0,23.0,33.0,32.0,23.0,27.0,32.0,34.0,23.0,23.0,28.0,38.0,21.0,21.0,27.0,21.0,25.0,21.0,22.0,21.0,21.0,22.0,22.0,22.0,22.0,21.0,22.0,22.0,21.0,22.0,21.0,21.0,21.0,21.0,22.0,21.0,10.0,hold,1,1,11.0787
1787152274.4671,2026-08-19 17:11:14.467,10,c3,1,0,-0.03946,-0.49602,0.04093,-4.4367,10.1389,-20.747,-0.0635,0.0182,-0.2342,3.75118,24.0,24.0,22.0,23.0,31.0,33.0,22.0,25.0,32.0,34.0,22.0,21.0,30.0,39.0,20.0,20.0,29.0,20.0,23.0,21.0,22.0,21.0,21.0,22.0,22.0,22.0,22.0,21.0,22.0,22.0,21.0,22.0,21.0,21.0,21.0,21.0,22.0,21.0,10.0,hold,1,1,11.1101
1787152274.5172,2026-08-19 17:11:14.517,10,c3,1,0,-0.03945,-0.49603,0.04091,-4.5234,10.382,-20.7219,-0.0701,0.0174,-0.236,3.76226,24.0,24.0,22.0,23.0,31.0,33.0,22.0,25.0,32.0,34.0,22.0,21.0,30.0,39.0,20.0,20.0,29.0,20.0,23.0,21.0,22.0,21.0,21.0,22.0,22.0,22.0,22.0,21.0,22.0,22.0,21.0,22.0,21.0,21.0,21.0,21.0,22.0,21.0,10.0,hold,1,1,11.0115
1787152274.5673,2026-08-19 17:11:14.567,10,c3,1,0,-0.03946,-0.49602,0.04092,-4.9645,10.5429,-20.6117,-0.0771,0.0055,-0.2459,3.76175,22.0,25.0,22.0,22.0,33.0,33.0,21.0,26.0,33.0,33.0,24.0,23.0,28.0,38.0,23.0,23.0,27.0,22.0,24.0,21.0,22.0,21.0,21.0,22.0,22.0,22.0,22.0,21.0,22.0,22.0,21.0,22.0,21.0,21.0,21.0,21.0,22.0,21.0,10.0,hold,1,1,11.016
1787152274.6173,2026-08-19 17:11:14.617,10,c3,1,0,-0.03944,-0.49602,0.04091,-4.8466,10.655,-20.5353,-0.0788,0.0062,-0.2347,3.75042,22.0,25.0,22.0,22.0,33.0,33.0,21.0,26.0,33.0,33.0,24.0,23.0,28.0,38.0,23.0,23.0,27.0,22.0,24.0,21.0,22.0,21.0,21.0,22.0,22.0,22.0,22.0,21.0,22.0,22.0,21.0,22.0,21.0,21.0,21.0,21.0,22.0,21.0,10.0,hold,1,1,11.1168
1787152274.6674,2026-08-19 17:11:14.667,10,c3,1,0,-0.03944,-0.49601,0.04091,-4.646,10.2011,-20.7058,-0.0681,0.0133,-0.2336,3.7537,24.0,25.0,23.0,24.0,33.0,33.0,23.0,24.0,33.0,33.0,24.0,21.0,28.0,38.0,23.0,20.0,27.0,21.0,21.0,21.0,22.0,21.0,21.0,22.0,22.0,22.0,22.0,21.0,22.0,22.0,21.0,22.0,21.0,21.0,21.0,21.0,22.0,21.0,10.0,hold,1,1,11.0877
1787152274.7175,2026-08-19 17:11:14.717,10,c3,1,0,-0.03945,-0.49601,0.04092,-4.4465,10.6873,-20.6335,-0.0786,0.0187,-0.2344,3.76276,24.0,25.0,23.0,24.0,33.0,33.0,23.0,24.0,33.0,33.0,24.0,21.0,28.0,38.0,23.0,20.0,27.0,21.0,21.0,21.0,22.0,21.0,21.0,22.0,22.0,22.0,22.0,21.0,22.0,22.0,21.0,22.0,21.0,21.0,21.0,21.0,22.0,21.0,10.0,hold,1,1,11.007
1787152274.7676,2026-08-19 17:11:14.767,10,c3,1,0,-0.03943,-0.49601,0.04092,-4.5742,10.2726,-20.7394,-0.0683,0.0121,-0.2326,3.75294,23.0,25.0,21.0,20.0,33.0,32.0,23.0,26.0,32.0,34.0,23.0,22.0,29.0,39.0,21.0,22.0,27.0,22.0,24.0,21.0,22.0,21.0,21.0,22.0,22.0,22.0,22.0,21.0,22.0,22.0,21.0,22.0,21.0,21.0,21.0,21.0,22.0,21.0,10.0,hold,1,1,11.0944
1787152274.8176,2026-08-19 17:11:14.817,10,c3,1,0,-0.03945,-0.49602,0.04091,-4.7388,10.7442,-20.6864,-0.0824,0.0114,-0.234,3.75772,23.0,23.0,22.0,21.0,33.0,32.0,22.0,26.0,34.0,33.0,23.0,24.0,28.0,38.0,23.0,22.0,27.0,23.0,24.0,21.0,22.0,21.0,21.0,22.0,22.0,22.0,22.0,21.0,22.0,22.0,21.0,22.0,21.0,21.0,21.0,21.0,22.0,21.0,10.0,hold,1,1,11.0518
1787152274.8678,2026-08-19 17:11:14.867,10,c3,1,0,-0.03945,-0.49601,0.04092,-4.1959,10.2871,-20.7438,-0.0696,0.0207,-0.2247,3.75924,23.0,23.0,22.0,21.0,33.0,32.0,22.0,26.0,34.0,33.0,23.0,24.0,28.0,38.0,23.0,22.0,27.0,23.0,24.0,21.0,22.0,21.0,21.0,22.0,22.0,22.0,22.0,21.0,22.0,22.0,21.0,22.0,21.0,21.0,21.0,21.0,22.0,21.0,10.0,hold,1,1,11.0384
1787152274.9179,2026-08-19 17:11:14.917,10,c3,1,0,-0.03945,-0.49602,0.04092,-4.4177,10.2705,-20.8855,-0.0702,0.0186,-0.2316,3.76175,23.0,25.0,22.0,24.0,34.0,32.0,23.0,24.0,32.0,33.0,23.0,21.0,28.0,38.0,22.0,21.0,26.0,21.0,22.0,21.0,22.0,21.0,21.0,22.0,22.0,22.0,22.0,21.0,22.0,22.0,21.0,22.0,21.0,21.0,21.0,21.0,22.0,21.0,10.0,hold,1,1,11.016
1787152274.9679,2026-08-19 17:11:14.967,10,c3,1,0,-0.03946,-0.49601,0.04091,-4.4612,10.1829,-20.607,-0.0662,0.0183,-0.2339,3.76427,23.0,25.0,22.0,24.0,34.0,32.0,23.0,24.0,32.0,33.0,23.0,21.0,28.0,38.0,22.0,21.0,26.0,21.0,22.0,21.0,22.0,21.0,21.0,22.0,22.0,22.0,22.0,21.0,22.0,22.0,21.0,22.0,21.0,21.0,21.0,21.0,22.0,21.0,10.0,hold,1,1,10.9936
1787152275.018,2026-08-19 17:11:15.017,10,c3,1,0,-0.03944,-0.49602,0.04091,-4.9818,10.3417,-20.536,-0.0692,0.0035,-0.2384,3.75571,22.0,24.0,21.0,22.0,32.0,32.0,21.0,26.0,33.0,32.0,23.0,23.0,29.0,37.0,22.0,22.0,25.0,22.0,24.0,21.0,22.0,21.0,21.0,22.0,22.0,22.0,22.0,21.0,22.0,22.0,21.0,22.0,21.0,21.0,21.0,21.0,22.0,21.0,10.0,hold,1,1,11.0697
1787152275.0681,2026-08-19 17:11:15.068,10,c3,1,0,-0.03946,-0.49602,0.04092,-4.7167,10.7231,-20.7135,-0.0784,0.0082,-0.2394,3.75345,25.0,24.0,22.0,24.0,33.0,31.0,23.0,27.0,33.0,32.0,23.0,24.0,28.0,37.0,23.0,24.0,27.0,22.0,26.0,21.0,22.0,21.0,21.0,22.0,22.0,22.0,22.0,21.0,22.0,22.0,21.0,22.0,21.0,21.0,21.0,21.0,22.0,21.0,10.0,hold,1,1,11.0899
1787152275.1182,2026-08-19 17:11:15.118,10,c3,1,0,-0.03945,-0.49602,0.04092,-4.9982,10.5979,-20.4944,-0.0755,0.0057,-0.2377,3.75294,25.0,24.0,22.0,24.0,33.0,31.0,23.0,27.0,33.0,32.0,23.0,24.0,28.0,37.0,23.0,24.0,27.0,22.0,26.0,21.0,22.0,21.0,21.0,22.0,22.0,22.0,22.0,21.0,22.0,22.0,21.0,22.0,21.0,21.0,21.0,21.0,22.0,21.0,10.0,hold,1,1,11.0944
1787152275.1683,2026-08-19 17:11:15.168,10,c3,1,0,-0.03946,-0.49603,0.04093,-4.592,10.5796,-20.5315,-0.077,0.0145,-0.2342,3.76024,25.0,24.0,20.0,24.0,33.0,31.0,23.0,26.0,32.0,34.0,23.0,23.0,27.0,39.0,21.0,22.0,29.0,22.0,25.0,21.0,22.0,21.0,21.0,22.0,22.0,22.0,22.0,21.0,22.0,22.0,21.0,22.0,21.0,21.0,21.0,21.0,22.0,21.0,10.0,hold,1,1,11.0294
1787152275.2184,2026-08-19 17:11:15.218,10,c3,1,0,-0.03944,-0.49601,0.04091,-4.8073,10.6422,-20.9659,-0.0757,0.0081,-0.2392,3.75193,25.0,24.0,20.0,24.0,33.0,31.0,23.0,26.0,32.0,34.0,23.0,23.0,27.0,39.0,21.0,22.0,29.0,22.0,25.0,21.0,22.0,21.0,21.0,22.0,22.0,22.0,22.0,21.0,22.0,22.0,21.0,22.0,21.0,21.0,21.0,21.0,22.0,21.0,10.0,hold,1,1,11.1033
1787152275.2684,2026-08-19 17:11:15.268,10,c3,1,0,-0.03945,-0.49601,0.04092,-4.929,10.6683,-20.4861,-0.0785,0.005,-0.2375,3.7615,24.0,23.0,21.0,23.0,31.0,33.0,21.0,24.0,32.0,34.0,23.0,21.0,28.0,38.0,22.0,21.0,27.0,22.0,22.0,21.0,22.0,21.0,21.0,22.0,22.0,22.0,22.0,21.0,22.0,22.0,21.0,22.0,21.0,21.0,21.0,21.0,22.0,21.0,10.0,hold,1,1,11.0182
1787152275.3186,2026-08-19 17:11:15.318,10,c3,1,0,-0.03944,-0.49601,0.04092,-4.8971,10.5567,-20.5794,-0.0757,0.008,-0.2325,3.75672,22.0,23.0,23.0,22.0,32.0,33.0,21.0,27.0,33.0,34.0,23.0,23.0,27.0,38.0,23.0,22.0,28.0,23.0,24.0,21.0,22.0,21.0,21.0,22.0,22.0,22.0,22.0,21.0,22.0,22.0,21.0,22.0,21.0,21.0,21.0,21.0,22.0,21.0,10.0,hold,1,1,11.0608
1787152275.3687,2026-08-19 17:11:15.368,10,c3,1,0,-0.03944,-0.49602,0.04093,-5.0064,10.5125,-20.697,-0.0743,0.0039,-0.2377,3.76024,22.0,23.0,23.0,22.0,32.0,33.0,21.0,27.0,33.0,34.0,23.0,23.0,27.0,38.0,23.0,22.0,28.0,23.0,24.0,21.0,22.0,21.0,21.0,22.0,22.0,22.0,22.0,21.0,22.0,22.0,21.0,22.0,21.0,21.0,21.0,21.0,22.0,21.0,10.0,hold,1,1,11.0294
1787152275.4188,2026-08-19 17:11:15.418,10,c3,1,0,-0.03944,-0.49601,0.04091,-4.5534,10.3408,-20.781,-0.0671,0.015,-0.2391,3.75244,24.0,23.0,23.0,23.0,31.0,33.0,23.0,26.0,32.0,32.0,21.0,22.0,28.0,37.0,21.0,21.0,26.0,21.0,23.0,21.0,22.0,21.0,21.0,22.0,22.0,22.0,22.0,21.0,22.0,22.0,21.0,22.0,21.0,21.0,21.0,21.0,22.0,21.0,10.0,hold,1,1,11.0989
1787152275.4689,2026-08-19 17:11:15.468,10,c3,1,0,-0.03945,-0.49601,0.04092,-4.6092,10.3872,-20.7948,-0.0691,0.016,-0.2309,3.76201,24.0,23.0,23.0,23.0,31.0,33.0,23.0,26.0,32.0,32.0,21.0,22.0,28.0,37.0,21.0,21.0,26.0,21.0,23.0,21.0,22.0,21.0,21.0,22.0,22.0,22.0,22.0,21.0,22.0,22.0,21.0,22.0,21.0,21.0,21.0,21.0,22.0,21.0,10.0,hold,1,1,11.0137
1787152275.5191,2026-08-19 17:11:15.519,10,c3,1,0,-0.03943,-0.49602,0.04092,-4.839,10.5393,-20.5304,-0.0766,0.0083,-0.2301,3.75445,22.0,23.0,22.0,22.0,33.0,31.0,22.0,24.0,31.0,33.0,23.0,21.0,27.0,37.0,22.0,19.0,28.0,22.0,23.0,21.0,22.0,21.0,21.0,22.0,22.0,22.0,22.0,21.0,22.0,22.0,21.0,22.0,21.0,21.0,21.0,21.0,22.0,21.0,10.0,hold,1,1,11.0809
1787152275.5692,2026-08-19 17:11:15.569,10,c3,1,0,-0.03945,-0.49602,0.04093,-4.6964,10.1619,-20.7735,-0.0654,0.0105,-0.2401,3.7615,24.0,21.0,22.0,23.0,31.0,32.0,22.0,27.0,34.0,34.0,23.0,23.0,29.0,38.0,22.0,22.0,28.0,24.0,24.0,21.0,22.0,21.0,21.0,22.0,22.0,22.0,22.0,21.0,22.0,22.0,21.0,22.0,21.0,21.0,21.0,21.0,22.0,21.0,10.0,hold,1,1,11.0182
1787152275.6193,2026-08-19 17:11:15.619,10,c3,0,0,-0.03944,-0.49602,0.04092,-4.6216,10.6623,-20.6372,-0.0777,0.0105,-0.2265,3.74816,24.0,21.0,22.0,23.0,31.0,32.0,22.0,27.0,34.0,34.0,23.0,23.0,29.0,38.0,22.0,22.0,28.0,24.0,24.0,21.0,22.0,21.0,21.0,22.0,22.0,22.0,22.0,21.0,22.0,22.0,21.0,22.0,21.0,21.0,21.0,21.0,22.0,21.0,10.0,retract,1,1,11.1369
1787152275.6694,2026-08-19 17:11:15.669,10,c3,0,0,-0.03943,-0.49602,0.04093,-4.3354,10.2039,-20.6811,-0.0687,0.0214,-0.242,3.77006,25.0,24.0,20.0,23.0,32.0,33.0,23.0,25.0,32.0,34.0,23.0,23.0,27.0,38.0,23.0,21.0,27.0,23.0,23.0,21.0,22.0,21.0,21.0,22.0,22.0,22.0,22.0,21.0,22.0,22.0,21.0,22.0,21.0,21.0,21.0,21.0,22.0,21.0,10.0,retract,1,1,10.9421
1787152275.7196,2026-08-19 17:11:15.719,10,c3,0,0,-0.03946,-0.49601,0.04098,-4.8558,10.5107,-20.6738,-0.0723,0.005,-0.237,3.78114,25.0,24.0,20.0,23.0,32.0,33.0,23.0,25.0,32.0,34.0,23.0,23.0,27.0,38.0,23.0,21.0,27.0,23.0,23.0,21.0,22.0,21.0,21.0,22.0,22.0,22.0,22.0,21.0,22.0,22.0,21.0,22.0,21.0,21.0,21.0,21.0,22.0,21.0,10.0,retract,1,1,10.8435
1787152275.7697,2026-08-19 17:11:15.769,10,c3,0,0,-0.03944,-0.49601,0.04105,-4.5992,10.1457,-20.916,-0.0703,0.0117,-0.241,3.82596,23.0,25.0,23.0,22.0,33.0,33.0,23.0,25.0,32.0,32.0,21.0,21.0,29.0,36.0,21.0,22.0,25.0,21.0,24.0,21.0,22.0,21.0,21.0,22.0,22.0,22.0,22.0,21.0,22.0,22.0,21.0,22.0,21.0,21.0,21.0,21.0,22.0,21.0,10.0,retract,1,1,10.4448
1787152275.8198,2026-08-19 17:11:15.819,10,c3,0,0,-0.03944,-0.496,0.04118,-4.656,10.5888,-21.222,-0.0755,0.0114,-0.2361,3.8748,23.0,25.0,23.0,22.0,33.0,33.0,23.0,25.0,32.0,32.0,21.0,21.0,29.0,36.0,21.0,22.0,25.0,21.0,24.0,21.0,22.0,21.0,21.0,22.0,22.0,22.0,22.0,21.0,22.0,22.0,21.0,22.0,21.0,21.0,21.0,21.0,22.0,21.0,10.0,retract,1,1,10.0103
1787152275.8698,2026-08-19 17:11:15.869,10,c3,0,0,-0.03946,-0.496,0.04136,-4.6541,10.2102,-21.4959,-0.0675,0.0122,-0.2337,3.96443,23.0,25.0,22.0,22.0,33.0,32.0,22.0,25.0,33.0,33.0,23.0,22.0,30.0,37.0,23.0,22.0,27.0,22.0,23.0,21.0,22.0,21.0,21.0,22.0,22.0,22.0,22.0,21.0,22.0,22.0,21.0,22.0,21.0,21.0,21.0,21.0,22.0,21.0,10.0,retract,1,1,9.2129
1787152275.9199,2026-08-19 17:11:15.919,10,c3,0,0,-0.03944,-0.496,0.04157,-4.4095,9.8963,-21.8795,-0.0608,0.0198,-0.2314,4.03744,24.0,25.0,20.0,23.0,34.0,31.0,23.0,25.0,32.0,33.0,22.0,21.0,30.0,37.0,21.0,21.0,26.0,20.0,23.0,21.0,22.0,21.0,21.0,22.0,22.0,22.0,22.0,21.0,22.0,22.0,21.0,22.0,21.0,21.0,21.0,21.0,22.0,21.0,10.0,retract,1,1,8.5633
1787152275.97,2026-08-19 17:11:15.969,10,c3,0,0,-0.03942,-0.49599,0.0418,-4.3149,10.2234,-22.0309,-0.0697,0.0211,-0.2322,4.10265,24.0,25.0,20.0,23.0,34.0,31.0,23.0,25.0,32.0,33.0,22.0,21.0,30.0,37.0,21.0,21.0,26.0,20.0,23.0,21.0,22.0,21.0,21.0,22.0,22.0,22.0,22.0,21.0,22.0,22.0,21.0,22.0,21.0,21.0,21.0,21.0,22.0,21.0,10.0,retract,1,1,7.9832
1787152276.0201,2026-08-19 17:11:16.020,10,c3,0,0,-0.03944,-0.49598,0.04202,-4.3415,10.5776,-22.2819,-0.0814,0.0164,-0.2344,4.1807,23.0,24.0,21.0,21.0,32.0,33.0,23.0,26.0,31.0,34.0,23.0,23.0,28.0,38.0,23.0,21.0,28.0,21.0,24.0,21.0,22.0,21.0,21.0,22.0,22.0,22.0,22.0,21.0,22.0,22.0,21.0,22.0,21.0,21.0,21.0,21.0,22.0,21.0,10.0,retract,1,1,7.2888
1787152276.0702,2026-08-19 17:11:16.070,10,c3,0,0,-0.03941,-0.49596,0.04231,-4.7952,10.0581,-22.714,-0.0671,0.0037,-0.2343,4.26026,23.0,24.0,21.0,21.0,32.0,33.0,23.0,26.0,31.0,34.0,23.0,23.0,28.0,38.0,23.0,21.0,28.0,21.0,24.0,21.0,22.0,21.0,21.0,22.0,22.0,22.0,22.0,21.0,22.0,22.0,21.0,22.0,21.0,21.0,21.0,21.0,22.0,21.0,10.0,retract,1,1,6.581
1787152276.1204,2026-08-19 17:11:16.120,10,c3,0,0,-0.03942,-0.49597,0.04263,-4.1332,10.3189,-22.8645,-0.0738,0.0208,-0.2298,4.35443,23.0,23.0,23.0,24.0,32.0,31.0,22.0,26.0,30.0,31.0,23.0,24.0,27.0,36.0,23.0,23.0,26.0,22.0,24.0,21.0,22.0,21.0,21.0,22.0,22.0,22.0,22.0,21.0,22.0,22.0,21.0,22.0,21.0,21.0,21.0,21.0,22.0,21.0,10.0,retract,1,1,5.7433
1787152276.1705,2026-08-19 17:11:16.170,10,c3,0,0,-0.03943,-0.49596,0.04294,-4.6716,10.2645,-23.1845,-0.071,0.0062,-0.242,4.41888,25.0,23.0,22.0,25.0,31.0,31.0,23.0,25.0,31.0,31.0,24.0,22.0,28.0,36.0,24.0,22.0,27.0,23.0,24.0,21.0,22.0,21.0,21.0,22.0,22.0,22.0,22.0,21.0,22.0,22.0,21.0,22.0,21.0,21.0,21.0,21.0,22.0,21.0,10.0,retract,1,1,5.1699
1787152276.2206,2026-08-19 17:11:16.220,10,c3,0,0,-0.03942,-0.49598,0.0433,-4.8095,10.2132,-23.3928,-0.0732,-0.0002,-0.2405,4.49139,25.0,23.0,22.0,25.0,31.0,31.0,23.0,25.0,31.0,31.0,24.0,22.0,28.0,36.0,24.0,22.0,27.0,23.0,24.0,21.0,22.0,21.0,21.0,22.0,22.0,22.0,22.0,21.0,22.0,22.0,21.0,22.0,21.0,21.0,21.0,21.0,22.0,21.0,10.0,retract,1,1,4.5248
1787152276.2707,2026-08-19 17:11:16.270,10,c3,0,0,-0.03943,-0.49598,0.04363,-4.8179,10.2588,-23.7161,-0.0712,-0.0012,-0.2357,4.56013,21.0,25.0,21.0,23.0,32.0,30.0,24.0,23.0,28.0,29.0,23.0,19.0,24.0,33.0,23.0,19.0,26.0,22.0,23.0,21.0,22.0,21.0,21.0,22.0,22.0,22.0,22.0,21.0,22.0,22.0,21.0,22.0,21.0,21.0,21.0,21.0,22.0,21.0,10.0,retract,1,1,3.9133
1787152276.3209,2026-08-19 17:11:16.320,10,c3,0,0,-0.03943,-0.496,0.04399,-4.3814,9.9936,-23.999,-0.0712,0.0102,-0.2314,4.62383,21.0,25.0,21.0,23.0,32.0,30.0,24.0,23.0,28.0,29.0,23.0,19.0,24.0,33.0,23.0,19.0,26.0,22.0,23.0,21.0,22.0,21.0,21.0,22.0,22.0,22.0,22.0,21.0,22.0,22.0,21.0,22.0,21.0,21.0,21.0,21.0,22.0,21.0,10.0,retract,1,1,3.3466
1787152276.371,2026-08-19 17:11:16.370,10,c3,0,0,-0.03942,-0.49598,0.0443,-4.3862,10.1564,-24.2159,-0.0737,0.0105,-0.2365,4.65404,21.0,21.0,20.0,20.0,29.0,28.0,22.0,26.0,28.0,31.0,23.0,21.0,26.0,33.0,24.0,22.0,27.0,23.0,23.0,21.0,22.0,21.0,21.0,22.0,22.0,22.0,22.0,21.0,22.0,22.0,21.0,22.0,21.0,21.0,21.0,21.0,22.0,21.0,10.0,retract,1,1,3.0778
1787152276.4211,2026-08-19 17:11:16.421,10,c3,0,0,-0.03942,-0.49599,0.04464,-4.4724,10.1775,-24.3218,-0.0714,0.009,-0.2366,4.69105,24.0,21.0,21.0,22.0,27.0,29.0,24.0,25.0,27.0,30.0,23.0,22.0,26.0,32.0,23.0,22.0,25.0,23.0,25.0,21.0,22.0,21.0,21.0,22.0,22.0,22.0,22.0,21.0,22.0,22.0,21.0,22.0,21.0,21.0,21.0,21.0,22.0,21.0,10.0,retract,1,1,2.7485
1787152276.4712,2026-08-19 17:11:16.471,10,c3,0,0,-0.03943,-0.496,0.04499,-4.5783,10.4512,-24.2144,-0.0796,0.0026,-0.2397,4.68602,24.0,21.0,21.0,22.0,27.0,29.0,24.0,25.0,27.0,30.0,23.0,22.0,26.0,32.0,23.0,22.0,25.0,23.0,25.0,21.0,22.0,21.0,21.0,22.0,22.0,22.0,22.0,21.0,22.0,22.0,21.0,22.0,21.0,21.0,21.0,21.0,22.0,21.0,10.0,retract,1,1,2.7933
1787152276.5213,2026-08-19 17:11:16.521,10,c3,0,0,-0.03944,-0.49599,0.0453,-4.207,10.0979,-24.4553,-0.0711,0.0152,-0.2298,4.69105,23.0,22.0,21.0,23.0,28.0,26.0,24.0,25.0,26.0,28.0,21.0,20.0,24.0,30.0,22.0,21.0,24.0,22.0,23.0,21.0,22.0,21.0,21.0,22.0,22.0,22.0,22.0,21.0,22.0,22.0,21.0,22.0,21.0,21.0,21.0,21.0,22.0,21.0,10.0,retract,1,1,2.7485
1787152276.5714,2026-08-19 17:11:16.571,10,c3,0,0,-0.03944,-0.496,0.04564,-4.0851,10.1808,-24.352,-0.0741,0.0158,-0.2365,4.68753,23.0,22.0,21.0,23.0,28.0,26.0,24.0,25.0,26.0,28.0,21.0,20.0,24.0,30.0,22.0,21.0,24.0,22.0,23.0,21.0,22.0,21.0,21.0,22.0,22.0,22.0,22.0,21.0,22.0,22.0,21.0,22.0,21.0,21.0,21.0,21.0,22.0,21.0,10.0,retract,1,1,2.7799
1787152276.6215,2026-08-19 17:11:16.621,10,c3,0,0,-0.03945,-0.496,0.04597,-4.3196,9.835,-24.2924,-0.0679,0.0126,-0.2308,4.684,21.0,22.0,19.0,22.0,27.0,25.0,21.0,22.0,27.0,29.0,23.0,19.0,27.0,30.0,23.0,19.0,26.0,24.0,22.0,21.0,22.0,21.0,21.0,22.0,22.0,22.0,22.0,21.0,22.0,22.0,21.0,22.0,21.0,21.0,21.0,21.0,22.0,21.0,10.0,retract,1,1,2.8113
1787152276.6717,2026-08-19 17:11:16.671,10,c3,0,0,-0.03944,-0.49601,0.04633,-4.4633,10.2286,-24.3929,-0.0737,0.0068,-0.24,4.69684,21.0,23.0,20.0,20.0,28.0,26.0,23.0,23.0,25.0,28.0,24.0,19.0,24.0,28.0,23.0,20.0,25.0,23.0,21.0,21.0,22.0,21.0,21.0,22.0,22.0,22.0,22.0,21.0,22.0,22.0,21.0,22.0,21.0,21.0,21.0,21.0,22.0,21.0,10.0,retract,1,1,2.697
1787152276.7218,2026-08-19 17:11:16.721,10,c3,0,0,-0.03944,-0.496,0.04667,-4.422,10.0736,-24.2152,-0.0711,0.0057,-0.2321,4.68904,21.0,23.0,20.0,20.0,28.0,26.0,23.0,23.0,25.0,28.0,24.0,19.0,24.0,28.0,23.0,20.0,25.0,23.0,21.0,21.0,22.0,21.0,21.0,22.0,22.0,22.0,22.0,21.0,22.0,22.0,21.0,22.0,21.0,21.0,21.0,21.0,22.0,21.0,10.0,retract,1,1,2.7665
1787152276.7719,2026-08-19 17:11:16.771,10,c3,0,0,-0.03943,-0.49598,0.047,-4.151,10.0365,-24.1874,-0.0732,0.0134,-0.2312,4.68526,22.0,20.0,20.0,23.0,26.0,25.0,23.0,23.0,24.0,27.0,22.0,19.0,24.0,29.0,23.0,21.0,25.0,23.0,21.0,21.0,22.0,21.0,21.0,22.0,22.0,22.0,22.0,21.0,22.0,22.0,21.0,22.0,21.0,21.0,21.0,21.0,22.0,21.0,10.0,retract,1,1,2.8001
1787152276.822,2026-08-19 17:11:16.821,10,c3,0,0,-0.03943,-0.49599,0.04733,-4.137,10.1284,-24.0619,-0.0742,0.0105,-0.2357,4.6913,22.0,20.0,20.0,23.0,26.0,25.0,23.0,23.0,24.0,27.0,22.0,19.0,24.0,29.0,23.0,21.0,25.0,23.0,21.0,21.0,22.0,21.0,21.0,22.0,22.0,22.0,22.0,21.0,22.0,22.0,21.0,22.0,21.0,21.0,21.0,21.0,22.0,21.0,10.0,retract,1,1,2.7463
1787152276.8721,2026-08-19 17:11:16.872,10,c3,0,0,-0.03945,-0.496,0.04766,-4.0746,10.2966,-23.9953,-0.0836,0.0157,-0.2275,4.68727,20.0,22.0,20.0,20.0,27.0,25.0,22.0,23.0,25.0,27.0,23.0,19.0,24.0,28.0,23.0,19.0,25.0,23.0,22.0,21.0,22.0,21.0,21.0,22.0,22.0,22.0,22.0,21.0,22.0,22.0,21.0,22.0,21.0,21.0,21.0,21.0,22.0,21.0,10.0,retract,1,1,2.7821
1787152276.9223,2026-08-19 17:11:16.922,10,c3,0,0,-0.03944,-0.49598,0.04795,-4.7972,9.8031,-24.157,-0.0682,0.0005,-0.2425,4.69332,20.0,22.0,20.0,20.0,27.0,25.0,22.0,23.0,25.0,27.0,23.0,19.0,24.0,28.0,23.0,19.0,25.0,23.0,22.0,21.0,22.0,21.0,21.0,22.0,22.0,22.0,22.0,21.0,22.0,22.0,21.0,22.0,21.0,21.0,21.0,21.0,22.0,21.0,10.0,retract,1,1,2.7284
1787152276.9724,2026-08-19 17:11:16.972,10,c3,0,0,-0.03944,-0.49599,0.0483,-4.3717,10.28,-24.2427,-0.0777,0.0129,-0.2353,4.69055,22.0,22.0,20.0,22.0,26.0,23.0,23.0,23.0,24.0,25.0,22.0,18.0,24.0,26.0,23.0,18.0,23.0,22.0,21.0,21.0,22.0,21.0,21.0,22.0,22.0,22.0,22.0,21.0,22.0,22.0,21.0,22.0,21.0,21.0,21.0,21.0,22.0,21.0,10.0,retract,1,1,2.753
1787152277.0225,2026-08-19 17:11:17.022,10,c3,0,0,-0.03942,-0.49599,0.04864,-4.5066,10.4202,-24.2444,-0.0799,0.0053,-0.2437,4.69483,20.0,21.0,17.0,21.0,26.0,22.0,22.0,25.0,24.0,26.0,22.0,21.0,24.0,26.0,23.0,20.0,23.0,23.0,23.0,21.0,22.0,21.0,21.0,22.0,22.0,22.0,22.0,21.0,22.0,22.0,21.0,22.0,21.0,21.0,21.0,21.0,22.0,21.0,10.0,retract,1,1,2.7149
1787152277.0726,2026-08-19 17:11:17.072,10,c3,0,0,-0.03944,-0.49601,0.04901,-4.5124,10.6214,-24.082,-0.0855,0.0042,-0.2385,4.68602,20.0,21.0,17.0,21.0,26.0,22.0,22.0,25.0,24.0,26.0,22.0,21.0,24.0,26.0,23.0,20.0,23.0,23.0,23.0,21.0,22.0,21.0,21.0,22.0,22.0,22.0,22.0,21.0,22.0,22.0,21.0,22.0,21.0,21.0,21.0,21.0,22.0,21.0,10.0,retract,1,1,2.7933
1787152277.1228,2026-08-19 17:11:17.122,10,c3,0,0,-0.03942,-0.496,0.04934,-4.5449,10.4038,-24.2721,-0.0809,0.0045,-0.2361,4.69583,22.0,22.0,18.0,23.0,25.0,22.0,23.0,22.0,24.0,25.0,22.0,18.0,24.0,26.0,23.0,20.0,25.0,22.0,23.0,21.0,22.0,21.0,21.0,22.0,22.0,22.0,22.0,21.0,22.0,22.0,21.0,22.0,21.0,21.0,21.0,21.0,22.0,21.0,10.0,retract,1,1,2.706
1787152277.1728,2026-08-19 17:11:17.172,10,c3,0,0,-0.03943,-0.49601,0.04965,-4.6358,10.6872,-24.1212,-0.0895,0.0046,-0.2389,4.68501,22.0,22.0,18.0,23.0,25.0,22.0,23.0,22.0,24.0,25.0,22.0,18.0,24.0,26.0,23.0,20.0,25.0,22.0,23.0,21.0,22.0,21.0,21.0,22.0,22.0,22.0,22.0,21.0,22.0,22.0,21.0,22.0,21.0,21.0,21.0,21.0,22.0,21.0,10.0,retract,1,1,2.8023
1787152277.2229,2026-08-19 17:11:17.222,10,c3,0,0,-0.03943,-0.496,0.04992,-4.5496,10.7204,-24.1671,-0.0874,0.0036,-0.2348,4.6981,20.0,21.0,18.0,20.0,26.0,22.0,23.0,20.0,23.0,26.0,23.0,17.0,24.0,27.0,22.0,17.0,24.0,22.0,21.0,21.0,22.0,21.0,21.0,22.0,22.0,22.0,22.0,21.0,22.0,22.0,21.0,22.0,21.0,21.0,21.0,21.0,22.0,21.0,10.0,retract,1,1,2.6858
1787152277.273,2026-08-19 17:11:17.273,10,c3,0,0,-0.03944,-0.49602,0.05015,-4.8486,10.3011,-24.216,-0.0789,-0.0004,-0.2399,4.68199,19.0,19.0,18.0,20.0,26.0,23.0,24.0,20.0,23.0,27.0,21.0,17.0,24.0,28.0,22.0,18.0,25.0,22.0,20.0,21.0,22.0,21.0,21.0,22.0,22.0,22.0,22.0,21.0,22.0,22.0,21.0,22.0,21.0,21.0,21.0,21.0,22.0,21.0,10.0,retract,1,1,2.8292
1787152277.3231,2026-08-19 17:11:17.323,10,c3,0,0,-0.03944,-0.49602,0.05036,-4.7184,10.4926,-24.2119,-0.0809,-0.0001,-0.2419,4.69911,19.0,19.0,18.0,20.0,26.0,23.0,24.0,20.0,23.0,27.0,21.0,17.0,24.0,28.0,22.0,18.0,25.0,22.0,20.0,21.0,22.0,21.0,21.0,22.0,22.0,22.0,22.0,21.0,22.0,22.0,21.0,22.0,21.0,21.0,21.0,21.0,22.0,21.0,10.0,retract,1,1,2.6769
1787152277.3733,2026-08-19 17:11:17.373,10,c3,0,0,-0.03943,-0.496,0.05051,-4.8982,10.4923,-23.9986,-0.0755,-0.0042,-0.2419,4.68199,21.0,21.0,19.0,20.0,25.0,23.0,22.0,23.0,24.0,25.0,23.0,19.0,24.0,26.0,22.0,19.0,23.0,22.0,22.0,21.0,22.0,21.0,21.0,22.0,22.0,22.0,22.0,21.0,22.0,22.0,21.0,22.0,21.0,21.0,21.0,21.0,22.0,21.0,10.0,retract,1,1,2.8292
1787152277.4234,2026-08-19 17:11:17.423,10,c3,0,0,-0.03943,-0.496,0.05062,-4.2921,10.1553,-24.1921,-0.0781,0.013,-0.2282,4.69735,21.0,21.0,19.0,20.0,25.0,23.0,22.0,23.0,24.0,25.0,23.0,19.0,24.0,26.0,22.0,19.0,23.0,22.0,22.0,21.0,22.0,21.0,21.0,22.0,22.0,22.0,22.0,21.0,22.0,22.0,21.0,22.0,21.0,21.0,21.0,21.0,22.0,21.0,10.0,retract,1,1,2.6925
1787152277.4736,2026-08-19 17:11:17.473,10,c3,0,0,-0.03943,-0.49599,0.05071,-4.7597,10.2067,-24.1403,-0.0768,-0.0005,-0.2436,4.68702,23.0,21.0,18.0,22.0,26.0,21.0,22.0,23.0,24.0,26.0,22.0,19.0,24.0,26.0,22.0,20.0,24.0,22.0,23.0,21.0,22.0,21.0,21.0,22.0,22.0,22.0,22.0,21.0,22.0,22.0,21.0,22.0,21.0,21.0,21.0,21.0,22.0,21.0,10.0,retract,1,1,2.7844
1787152277.5237,2026-08-19 17:11:17.523,10,c3,0,0,-0.03943,-0.49599,0.05077,-4.4168,10.1792,-24.393,-0.0793,0.0082,-0.2325,4.69281,22.0,21.0,19.0,22.0,25.0,22.0,22.0,23.0,24.0,25.0,23.0,19.0,24.0,26.0,23.0,20.0,24.0,22.0,23.0,21.0,22.0,21.0,21.0,22.0,22.0,22.0,22.0,21.0,22.0,22.0,21.0,22.0,21.0,21.0,21.0,21.0,22.0,21.0,10.0,retract,1,1,2.7329
1787152277.5742,2026-08-19 17:11:17.574,10,c3,0,0,-0.03942,-0.49599,0.05084,-4.7934,10.3963,-24.1881,-0.0803,-0.0035,-0.2355,4.69659,22.0,21.0,19.0,22.0,25.0,22.0,22.0,23.0,24.0,25.0,23.0,19.0,24.0,26.0,23.0,20.0,24.0,22.0,23.0,21.0,22.0,21.0,21.0,22.0,22.0,22.0,22.0,21.0,22.0,22.0,21.0,22.0,21.0,21.0,21.0,21.0,22.0,21.0,10.0,retract,1,1,2.6993
1787152277.6243,2026-08-19 17:11:17.624,10,c3,0,0,-0.03945,-0.49598,0.05085,-4.5411,10.5492,-24.0683,-0.0844,0.0041,-0.2375,4.684,19.0,20.0,18.0,21.0,26.0,22.0,23.0,23.0,24.0,26.0,24.0,19.0,25.0,27.0,26.0,20.0,24.0,26.0,21.0,21.0,22.0,21.0,21.0,22.0,22.0,22.0,22.0,21.0,22.0,22.0,21.0,22.0,21.0,21.0,21.0,21.0,22.0,21.0,10.0,post,1,1,2.8113
1787152277.6743,2026-08-19 17:11:17.674,10,c3,0,0,-0.03943,-0.496,0.05089,-4.1769,9.9978,-23.9995,-0.0767,0.0149,-0.2358,4.69458,19.0,20.0,18.0,21.0,26.0,22.0,23.0,23.0,24.0,26.0,24.0,19.0,25.0,27.0,26.0,20.0,24.0,26.0,21.0,21.0,22.0,21.0,21.0,22.0,22.0,22.0,22.0,21.0,22.0,22.0,21.0,22.0,21.0,21.0,21.0,21.0,22.0,21.0,10.0,post,1,1,2.7172
1787152277.7244,2026-08-19 17:11:17.724,10,c3,0,0,-0.03946,-0.49602,0.05091,-4.4872,10.3107,-24.1078,-0.0794,0.0031,-0.2353,4.68954,19.0,22.0,18.0,21.0,26.0,23.0,24.0,23.0,23.0,26.0,21.0,18.0,24.0,28.0,21.0,18.0,24.0,21.0,22.0,21.0,22.0,21.0,21.0,22.0,22.0,22.0,22.0,21.0,22.0,22.0,21.0,22.0,21.0,21.0,21.0,21.0,22.0,21.0,10.0,post,1,1,2.762
1787152277.7746,2026-08-19 17:11:17.774,10,c3,0,0,-0.03944,-0.49601,0.05091,-4.4108,10.1569,-24.0029,-0.0747,0.0084,-0.2445,4.69961,19.0,22.0,18.0,21.0,26.0,23.0,24.0,23.0,23.0,26.0,21.0,18.0,24.0,28.0,21.0,18.0,24.0,21.0,22.0,21.0,22.0,21.0,21.0,22.0,22.0,22.0,22.0,21.0,22.0,22.0,21.0,22.0,21.0,21.0,21.0,21.0,22.0,21.0,10.0,post,1,1,2.6724
1787152277.8248,2026-08-19 17:11:17.824,10,c3,0,0,-0.03945,-0.496,0.0509,-4.2317,10.5909,-24.0704,-0.0875,0.0115,-0.2323,4.68375,20.0,21.0,20.0,21.0,25.0,23.0,21.0,22.0,23.0,27.0,22.0,19.0,23.0,27.0,23.0,18.0,24.0,23.0,21.0,21.0,22.0,21.0,21.0,22.0,22.0,22.0,22.0,21.0,22.0,22.0,21.0,22.0,21.0,21.0,21.0,21.0,22.0,21.0,10.0,post,1,1,2.8135
1787152277.8749,2026-08-19 17:11:17.874,10,c3,0,0,-0.03944,-0.496,0.0509,-4.622,10.3569,-24.3233,-0.081,0.0017,-0.2361,4.70062,21.0,20.0,20.0,20.0,25.0,24.0,22.0,20.0,22.0,26.0,23.0,17.0,23.0,27.0,23.0,19.0,25.0,23.0,22.0,21.0,22.0,21.0,21.0,22.0,22.0,22.0,22.0,21.0,22.0,22.0,21.0,22.0,21.0,21.0,21.0,21.0,22.0,21.0,10.0,post,1,1,2.6634
1787152277.925,2026-08-19 17:11:17.925,10,c3,0,0,-0.03946,-0.49602,0.05091,-4.6433,10.4665,-24.1787,-0.0808,0.0036,-0.2352,4.69105,21.0,20.0,20.0,20.0,25.0,24.0,22.0,20.0,22.0,26.0,23.0,17.0,23.0,27.0,23.0,19.0,25.0,23.0,22.0,21.0,22.0,21.0,21.0,22.0,22.0,22.0,22.0,21.0,22.0,22.0,21.0,22.0,21.0,21.0,21.0,21.0,22.0,21.0,10.0,post,1,1,2.7485
1787152277.9752,2026-08-19 17:11:17.975,10,c3,0,0,-0.03944,-0.49601,0.0509,-4.2873,10.1806,-24.0356,-0.076,0.0149,-0.2363,4.69407,19.0,21.0,19.0,20.0,24.0,23.0,23.0,22.0,21.0,26.0,23.0,19.0,22.0,27.0,23.0,20.0,25.0,23.0,23.0,21.0,22.0,21.0,21.0,22.0,22.0,22.0,22.0,21.0,22.0,22.0,21.0,22.0,21.0,21.0,21.0,21.0,22.0,21.0,10.0,post,1,1,2.7217
1787152278.0252,2026-08-19 17:11:18.025,10,c3,0,0,-0.03943,-0.49601,0.05091,-4.7202,10.4521,-24.1656,-0.082,0.0008,-0.2373,4.6976,19.0,21.0,19.0,20.0,24.0,23.0,23.0,22.0,21.0,26.0,23.0,19.0,22.0,27.0,23.0,20.0,25.0,23.0,23.0,21.0,22.0,21.0,21.0,22.0,22.0,22.0,22.0,21.0,22.0,22.0,21.0,22.0,21.0,21.0,21.0,21.0,22.0,21.0,10.0,post,1,1,2.6903
1787152278.0754,2026-08-19 17:11:18.075,10,c3,0,0,-0.03944,-0.49601,0.0509,-4.2936,10.396,-24.2413,-0.0795,0.0101,-0.2334,4.69558,21.0,20.0,19.0,20.0,25.0,22.0,23.0,22.0,23.0,28.0,23.0,18.0,22.0,29.0,24.0,18.0,26.0,23.0,22.0,21.0,22.0,21.0,21.0,22.0,22.0,22.0,22.0,21.0,22.0,22.0,21.0,22.0,21.0,21.0,21.0,21.0,22.0,21.0,10.0,post,1,1,2.7082
1787152278.1255,2026-08-19 17:11:18.125,10,c3,0,0,-0.03946,-0.49599,0.05089,-4.3588,10.4524,-24.4579,-0.0829,0.0089,-0.2346,4.68979,20.0,19.0,19.0,20.0,24.0,24.0,24.0,22.0,22.0,26.0,22.0,18.0,24.0,27.0,22.0,19.0,24.0,21.0,21.0,21.0,22.0,21.0,21.0,22.0,22.0,22.0,22.0,21.0,22.0,22.0,21.0,22.0,21.0,21.0,21.0,21.0,22.0,21.0,10.0,post,1,1,2.7597
1787152278.1757,2026-08-19 17:11:18.175,10,c3,0,0,-0.03944,-0.49599,0.0509,-3.983,9.8307,-24.3263,-0.0665,0.017,-0.2307,4.6976,20.0,19.0,19.0,20.0,24.0,24.0,24.0,22.0,22.0,26.0,22.0,18.0,24.0,27.0,22.0,19.0,24.0,21.0,21.0,21.0,22.0,21.0,21.0,22.0,22.0,22.0,22.0,21.0,22.0,22.0,21.0,22.0,21.0,21.0,21.0,21.0,22.0,21.0,10.0,post,1,1,2.6903
1787152278.2258,2026-08-19 17:11:18.225,10,c3,0,0,-0.03944,-0.49601,0.0509,-4.3277,10.1445,-24.2968,-0.0773,0.0107,-0.2344,4.6903,20.0,21.0,19.0,20.0,25.0,23.0,22.0,23.0,22.0,27.0,23.0,19.0,24.0,27.0,23.0,20.0,25.0,22.0,22.0,21.0,22.0,21.0,21.0,22.0,22.0,22.0,22.0,21.0,22.0,22.0,21.0,22.0,21.0,21.0,21.0,21.0,22.0,21.0,10.0,post,1,1,2.7553
1787152278.2759,2026-08-19 17:11:18.275,10,c3,0,0,-0.03941,-0.49599,0.0509,-4.4288,10.3398,-24.3745,-0.0791,0.0057,-0.2377,4.6976,20.0,21.0,19.0,20.0,25.0,23.0,22.0,23.0,22.0,27.0,23.0,19.0,24.0,27.0,23.0,20.0,25.0,22.0,22.0,21.0,22.0,21.0,21.0,22.0,22.0,22.0,22.0,21.0,22.0,22.0,21.0,22.0,21.0,21.0,21.0,21.0,22.0,21.0,10.0,post,1,1,2.6903
1787152278.326,2026-08-19 17:11:18.326,10,c3,0,0,-0.03944,-0.49601,0.05091,-4.6512,10.6787,-24.1731,-0.0828,-0.0008,-0.2395,4.68954,22.0,21.0,18.0,21.0,25.0,23.0,24.0,21.0,23.0,27.0,22.0,18.0,23.0,27.0,24.0,18.0,24.0,23.0,21.0,21.0,22.0,21.0,21.0,22.0,22.0,22.0,22.0,21.0,22.0,22.0,21.0,22.0,21.0,21.0,21.0,21.0,22.0,21.0,10.0,post,1,1,2.762
1787152278.3762,2026-08-19 17:11:18.376,10,c3,0,0,-0.03945,-0.496,0.05091,-4.6658,10.7281,-24.0498,-0.0875,0.0017,-0.2353,4.69609,20.0,21.0,19.0,20.0,25.0,23.0,23.0,22.0,22.0,27.0,23.0,18.0,23.0,27.0,22.0,19.0,24.0,22.0,22.0,21.0,22.0,21.0,21.0,22.0,22.0,22.0,22.0,21.0,22.0,22.0,21.0,22.0,21.0,21.0,21.0,21.0,22.0,21.0,10.0,post,1,1,2.7037
1787152278.4263,2026-08-19 17:11:18.426,10,c3,0,0,-0.03945,-0.49601,0.05091,-4.4204,10.2579,-24.1229,-0.0758,0.0087,-0.2366,4.68249,20.0,21.0,19.0,20.0,25.0,23.0,23.0,22.0,22.0,27.0,23.0,18.0,23.0,27.0,22.0,19.0,24.0,22.0,22.0,21.0,22.0,21.0,21.0,22.0,22.0,22.0,22.0,21.0,22.0,22.0,21.0,22.0,21.0,21.0,21.0,21.0,22.0,21.0,10.0,post,1,1,2.8247
1787152278.4764,2026-08-19 17:11:18.476,10,c3,0,0,-0.03946,-0.49602,0.05091,-4.4681,10.3632,-24.1544,-0.078,0.0026,-0.2402,4.69785,20.0,20.0,19.0,20.0,24.0,23.0,22.0,22.0,22.0,26.0,22.0,18.0,23.0,26.0,22.0,20.0,24.0,22.0,21.0,21.0,22.0,21.0,21.0,22.0,22.0,22.0,22.0,21.0,22.0,22.0,21.0,22.0,21.0,21.0,21.0,21.0,22.0,21.0,10.0,post,1,1,2.6881
1787152278.5265,2026-08-19 17:11:18.526,10,c3,0,0,-0.03944,-0.496,0.0509,-4.4177,10.4997,-24.1056,-0.0852,0.0077,-0.2403,4.69055,20.0,20.0,19.0,20.0,24.0,23.0,22.0,22.0,22.0,26.0,22.0,18.0,23.0,26.0,22.0,20.0,24.0,22.0,21.0,21.0,22.0,21.0,21.0,22.0,22.0,22.0,22.0,21.0,22.0,22.0,21.0,22.0,21.0,21.0,21.0,21.0,22.0,21.0,10.0,post,1,1,2.753
1787152278.5766,2026-08-19 17:11:18.576,10,c3,0,0,-0.03943,-0.49601,0.05091,-4.633,10.3202,-24.0477,-0.0779,0.0019,-0.2407,4.68828,20.0,19.0,19.0,20.0,24.0,21.0,23.0,23.0,23.0,27.0,22.0,19.0,24.0,26.0,22.0,19.0,24.0,22.0,22.0,21.0,22.0,21.0,21.0,22.0,22.0,22.0,22.0,21.0,22.0,22.0,21.0,22.0,21.0,21.0,21.0,21.0,22.0,21.0,10.0,post,1,1,2.7732
1787152278.6268,2026-08-19 17:11:18.626,10,c3,0,0,-0.03945,-0.49602,0.05091,-4.673,10.8893,-24.0279,-0.0908,-0.0013,-0.2445,4.69659,22.0,21.0,18.0,22.0,25.0,22.0,22.0,21.0,23.0,27.0,22.0,17.0,24.0,26.0,24.0,18.0,25.0,22.0,19.0,21.0,22.0,21.0,21.0,22.0,22.0,22.0,22.0,21.0,22.0,22.0,21.0,22.0,21.0,21.0,21.0,21.0,22.0,21.0,10.0,post,1,1,2.6993
1787152278.6768,2026-08-19 17:11:18.676,10,c3,0,0,-0.03945,-0.49601,0.05091,-4.1618,10.3452,-24.2975,-0.0775,0.0139,-0.2304,4.68602,22.0,21.0,18.0,22.0,25.0,22.0,22.0,21.0,23.0,27.0,22.0,17.0,24.0,26.0,24.0,18.0,25.0,22.0,19.0,21.0,22.0,21.0,21.0,22.0,22.0,22.0,22.0,21.0,22.0,22.0,21.0,22.0,21.0,21.0,21.0,21.0,22.0,21.0,10.0,post,1,1,2.7933
1787152278.7269,2026-08-19 17:11:18.726,10,c3,0,0,-0.03944,-0.496,0.0509,-4.6128,10.4129,-24.1094,-0.0796,0.0003,-0.235,4.6976,21.0,21.0,20.0,22.0,26.0,23.0,23.0,24.0,24.0,28.0,23.0,19.0,24.0,26.0,23.0,19.0,25.0,22.0,21.0,21.0,22.0,21.0,21.0,22.0,22.0,22.0,22.0,21.0,22.0,22.0,21.0,22.0,21.0,21.0,21.0,21.0,22.0,21.0,10.0,post,1,1,2.6903
1787152278.777,2026-08-19 17:11:18.777,10,c3,0,0,-0.03944,-0.496,0.0509,-4.6552,10.6002,-24.0276,-0.0866,-0.0004,-0.2385,4.68879,21.0,21.0,20.0,22.0,26.0,23.0,23.0,24.0,24.0,28.0,23.0,19.0,24.0,26.0,23.0,19.0,25.0,22.0,21.0,21.0,22.0,21.0,21.0,22.0,22.0,22.0,22.0,21.0,22.0,22.0,21.0,22.0,21.0,21.0,21.0,21.0,22.0,21.0,10.0,post,1,1,2.7687
1787152278.8271,2026-08-19 17:11:18.827,10,c3,0,0,-0.03944,-0.496,0.05089,-4.5808,10.4058,-24.2926,-0.082,0.0049,-0.2339,4.69206,20.0,21.0,19.0,20.0,25.0,23.0,22.0,23.0,24.0,28.0,22.0,19.0,24.0,27.0,22.0,19.0,25.0,22.0,21.0,21.0,22.0,21.0,21.0,22.0,22.0,22.0,22.0,21.0,22.0,22.0,21.0,22.0,21.0,21.0,21.0,21.0,22.0,21.0,10.0,post,1,1,2.7396
1787152278.8773,2026-08-19 17:11:18.877,10,c3,0,0,-0.03944,-0.496,0.0509,-4.0995,10.3412,-24.299,-0.0822,0.0166,-0.2341,4.69206,20.0,22.0,19.0,20.0,25.0,22.0,23.0,22.0,23.0,29.0,25.0,19.0,23.0,25.0,24.0,20.0,25.0,25.0,22.0,21.0,22.0,21.0,21.0,22.0,22.0,22.0,22.0,21.0,22.0,22.0,21.0,22.0,21.0,21.0,21.0,21.0,22.0,21.0,10.0,post,1,1,2.7396
1787152278.9274,2026-08-19 17:11:18.927,10,c3,0,0,-0.03945,-0.496,0.05091,-4.4253,10.2762,-24.3025,-0.0773,0.007,-0.2344,4.69357,20.0,22.0,19.0,20.0,25.0,22.0,23.0,22.0,23.0,29.0,25.0,19.0,23.0,25.0,24.0,20.0,25.0,25.0,22.0,21.0,22.0,21.0,21.0,22.0,22.0,22.0,22.0,21.0,22.0,22.0,21.0,22.0,21.0,21.0,21.0,21.0,22.0,21.0,10.0,post,1,1,2.7261
1787152278.9775,2026-08-19 17:11:18.977,10,c3,0,0,-0.03944,-0.496,0.05089,-4.5952,10.2806,-24.3592,-0.0785,0.0013,-0.2388,4.69181,21.0,20.0,22.0,20.0,25.0,24.0,24.0,23.0,25.0,28.0,23.0,21.0,24.0,28.0,23.0,20.0,25.0,24.0,21.0,21.0,22.0,21.0,21.0,22.0,22.0,22.0,22.0,21.0,22.0,22.0,21.0,22.0,21.0,21.0,21.0,21.0,22.0,21.0,10.0,post,1,1,2.7418
1787152279.0276,2026-08-19 17:11:19.027,10,c3,0,0,-0.03943,-0.496,0.0509,-4.2759,10.5002,-24.5386,-0.0825,0.0118,-0.2364,4.69055,21.0,20.0,22.0,20.0,25.0,24.0,24.0,23.0,25.0,28.0,23.0,21.0,24.0,28.0,23.0,20.0,25.0,24.0,21.0,21.0,22.0,21.0,21.0,22.0,22.0,22.0,22.0,21.0,22.0,22.0,21.0,22.0,21.0,21.0,21.0,21.0,22.0,21.0,10.0,post,1,1,2.753
1787152279.0778,2026-08-19 17:11:19.077,10,c3,0,0,-0.03942,-0.49601,0.0509,-4.3137,10.3493,-24.2907,-0.0786,0.0093,-0.2387,4.68501,21.0,23.0,22.0,20.0,25.0,25.0,23.0,23.0,25.0,26.0,24.0,22.0,24.0,26.0,24.0,20.0,24.0,24.0,21.0,21.0,22.0,21.0,21.0,22.0,22.0,22.0,22.0,21.0,22.0,22.0,21.0,22.0,21.0,21.0,21.0,21.0,22.0,21.0,10.0,post,1,1,2.8023
1787152279.1278,2026-08-19 17:11:19.127,10,c3,0,0,-0.03944,-0.49601,0.05092,-4.3408,10.1446,-24.2454,-0.0731,0.0079,-0.2379,4.69206,21.0,23.0,22.0,20.0,25.0,25.0,23.0,23.0,25.0,26.0,24.0,22.0,24.0,26.0,24.0,20.0,24.0,24.0,21.0,21.0,22.0,21.0,21.0,22.0,22.0,22.0,22.0,21.0,22.0,22.0,21.0,22.0,21.0,21.0,21.0,21.0,22.0,21.0,10.0,post,1,1,2.7396
1787152279.178,2026-08-19 17:11:19.178,10,c3,0,0,-0.03945,-0.496,0.05091,-4.5369,10.2192,-24.1614,-0.0725,0.0032,-0.2441,4.69684,22.0,23.0,24.0,21.0,25.0,25.0,23.0,22.0,24.0,26.0,23.0,21.0,24.0,26.0,24.0,22.0,25.0,22.0,22.0,21.0,22.0,21.0,21.0,22.0,22.0,22.0,22.0,21.0,22.0,22.0,21.0,22.0,21.0,21.0,21.0,21.0,22.0,21.0,10.0,post,1,1,2.697
1787152279.2281,2026-08-19 17:11:19.228,10,c3,0,0,-0.03942,-0.496,0.0509,-4.587,10.1251,-24.3788,-0.0714,0.0048,-0.2354,4.69382,20.0,23.0,24.0,21.0,24.0,25.0,22.0,23.0,23.0,26.0,24.0,22.0,24.0,25.0,24.0,21.0,23.0,23.0,22.0,21.0,22.0,21.0,21.0,22.0,22.0,22.0,22.0,21.0,22.0,22.0,21.0,22.0,21.0,21.0,21.0,21.0,22.0,21.0,10.0,post,1,1,2.7239
1787152279.2783,2026-08-19 17:11:19.278,10,c3,0,0,-0.03945,-0.49601,0.05091,-4.7065,10.4025,-24.3697,-0.081,0.001,-0.2375,4.69709,20.0,23.0,24.0,21.0,24.0,25.0,22.0,23.0,23.0,26.0,24.0,22.0,24.0,25.0,24.0,21.0,23.0,23.0,22.0,21.0,22.0,21.0,21.0,22.0,22.0,22.0,22.0,21.0,22.0,22.0,21.0,22.0,21.0,21.0,21.0,21.0,22.0,21.0,10.0,post,1,1,2.6948
1787152279.3284,2026-08-19 17:11:19.328,10,c3,0,0,-0.03944,-0.496,0.0509,-4.4909,10.3635,-24.1504,-0.0801,0.0054,-0.2453,4.68778,20.0,21.0,21.0,21.0,25.0,24.0,24.0,24.0,23.0,27.0,22.0,22.0,24.0,25.0,22.0,20.0,22.0,23.0,23.0,21.0,22.0,21.0,21.0,22.0,22.0,22.0,22.0,21.0,22.0,22.0,21.0,22.0,21.0,21.0,21.0,21.0,22.0,21.0,10.0,post,1,1,2.7777
1787152279.3786,2026-08-19 17:11:19.378,10,c3,0,0,-0.03944,-0.49599,0.05089,-4.5146,10.2062,-24.1698,-0.0751,0.0078,-0.2399,4.6986,20.0,21.0,21.0,21.0,25.0,24.0,24.0,24.0,23.0,27.0,22.0,22.0,24.0,25.0,22.0,20.0,22.0,23.0,23.0,21.0,22.0,21.0,21.0,22.0,22.0,22.0,22.0,21.0,22.0,22.0,21.0,22.0,21.0,21.0,21.0,21.0,22.0,21.0,10.0,post,1,1,2.6813
1787152279.4287,2026-08-19 17:11:19.428,10,c3,0,0,-0.03943,-0.49601,0.05091,-4.4003,10.1961,-24.3247,-0.0728,0.0063,-0.2374,4.6908,22.0,22.0,23.0,21.0,24.0,25.0,22.0,22.0,23.0,26.0,24.0,23.0,24.0,24.0,23.0,20.0,24.0,24.0,23.0,21.0,22.0,21.0,21.0,22.0,22.0,22.0,22.0,21.0,22.0,22.0,21.0,22.0,21.0,21.0,21.0,21.0,22.0,21.0,10.0,post,1,1,2.7508
1787152279.4788,2026-08-19 17:11:19.478,10,c3,0,0,-0.03945,-0.49601,0.05091,-4.62,10.5429,-23.8963,-0.0852,0.0042,-0.2401,4.68526,22.0,23.0,23.0,22.0,25.0,24.0,23.0,24.0,23.0,26.0,23.0,22.0,23.0,25.0,23.0,21.0,24.0,23.0,23.0,21.0,22.0,21.0,21.0,22.0,22.0,22.0,22.0,21.0,22.0,22.0,21.0,22.0,21.0,21.0,21.0,21.0,22.0,21.0,10.0,post,1,1,2.8001
1787152279.5289,2026-08-19 17:11:19.528,10,c3,0,0,-0.03945,-0.49601,0.05091,-4.6293,10.446,-24.0721,-0.0822,0.0048,-0.2394,4.69558,22.0,23.0,23.0,22.0,25.0,24.0,23.0,24.0,23.0,26.0,23.0,22.0,23.0,25.0,23.0,21.0,24.0,23.0,23.0,21.0,22.0,21.0,21.0,22.0,22.0,22.0,22.0,21.0,22.0,22.0,21.0,22.0,21.0,21.0,21.0,21.0,22.0,21.0,10.0,post,1,1,2.7082
1787152279.579,2026-08-19 17:11:19.579,10,c3,0,0,-0.03944,-0.49601,0.05091,-4.4257,10.5348,-24.0472,-0.0808,0.0073,-0.237,4.69004,21.0,21.0,23.0,20.0,24.0,25.0,23.0,21.0,24.0,26.0,23.0,21.0,24.0,26.0,22.0,19.0,25.0,22.0,22.0,21.0,22.0,21.0,21.0,22.0,22.0,22.0,22.0,21.0,22.0,22.0,21.0,22.0,21.0,21.0,21.0,21.0,22.0,21.0,10.0,post,1,1,2.7575
1787152279.6291,2026-08-19 17:11:19.629,10,c3,0,0,-0.03946,-0.49601,0.0509,-4.3705,10.0691,-24.3119,-0.0744,0.0126,-0.2345,4.69609,21.0,21.0,23.0,20.0,24.0,25.0,23.0,21.0,24.0,26.0,23.0,21.0,24.0,26.0,22.0,19.0,25.0,22.0,22.0,21.0,22.0,21.0,21.0,22.0,22.0,22.0,22.0,21.0,22.0,22.0,21.0,22.0,21.0,21.0,21.0,21.0,22.0,21.0,10.0,locate,2,2,2.7037
1787152279.6792,2026-08-19 17:11:19.679,10,c3,0,0,-0.03944,-0.49599,0.0509,-4.3868,10.1217,-24.2972,-0.0754,0.0077,-0.2358,4.69735,24.0,22.0,24.0,23.0,25.0,26.0,23.0,22.0,26.0,25.0,22.0,22.0,25.0,24.0,23.0,20.0,23.0,23.0,21.0,21.0,22.0,21.0,21.0,22.0,22.0,22.0,22.0,21.0,22.0,22.0,21.0,22.0,21.0,21.0,21.0,21.0,22.0,21.0,10.0,locate,2,2,2.6925
1787152279.7294,2026-08-19 17:11:19.729,10,c3,0,0,-0.03944,-0.49599,0.05088,-4.3436,10.3894,-24.3757,-0.0812,0.008,-0.2353,4.68954,21.0,23.0,23.0,20.0,26.0,24.0,23.0,24.0,24.0,27.0,24.0,22.0,23.0,25.0,25.0,22.0,24.0,23.0,23.0,21.0,22.0,21.0,21.0,22.0,22.0,22.0,22.0,21.0,22.0,22.0,21.0,22.0,21.0,21.0,21.0,21.0,22.0,21.0,10.0,locate,2,2,2.762
1787152279.7794,2026-08-19 17:11:19.779,10,c3,0,0,-0.03943,-0.496,0.0509,-4.2981,10.5947,-24.2963,-0.0851,0.009,-0.2349,4.69634,21.0,23.0,23.0,20.0,26.0,24.0,23.0,24.0,24.0,27.0,24.0,22.0,23.0,25.0,25.0,22.0,24.0,23.0,23.0,21.0,22.0,21.0,21.0,22.0,22.0,22.0,22.0,21.0,22.0,22.0,21.0,22.0,21.0,21.0,21.0,21.0,22.0,21.0,10.0,locate,2,2,2.7015
1787152279.8295,2026-08-19 17:11:19.829,10,c3,0,0,-0.03944,-0.49601,0.05091,-4.8678,10.3215,-24.1756,-0.0756,-0.0079,-0.2455,4.68979,19.0,21.0,23.0,21.0,24.0,25.0,24.0,21.0,23.0,27.0,24.0,20.0,23.0,26.0,24.0,20.0,25.0,23.0,20.0,21.0,22.0,21.0,21.0,22.0,22.0,22.0,22.0,21.0,22.0,22.0,21.0,22.0,21.0,21.0,21.0,21.0,22.0,21.0,10.0,locate,2,2,2.7597
1787152279.8797,2026-08-19 17:11:19.879,10,c3,0,0,-0.03944,-0.49601,0.05091,-4.3115,10.0561,-24.1383,-0.074,0.0093,-0.2367,4.69055,19.0,21.0,23.0,21.0,24.0,25.0,24.0,21.0,23.0,27.0,24.0,20.0,23.0,26.0,24.0,20.0,25.0,23.0,20.0,21.0,22.0,21.0,21.0,22.0,22.0,22.0,22.0,21.0,22.0,22.0,21.0,22.0,21.0,21.0,21.0,21.0,22.0,21.0,10.0,locate,2,2,2.753
1787152279.9299,2026-08-19 17:11:19.929,10,c3,0,0,-0.03944,-0.49601,0.0509,-4.3373,10.3645,-24.2141,-0.0819,0.0107,-0.2408,4.684,20.0,21.0,23.0,19.0,25.0,24.0,22.0,22.0,24.0,26.0,24.0,22.0,24.0,27.0,24.0,21.0,25.0,23.0,23.0,21.0,22.0,21.0,21.0,22.0,22.0,22.0,22.0,21.0,22.0,22.0,21.0,22.0,21.0,21.0,21.0,21.0,22.0,21.0,10.0,locate,2,2,2.8113
1787152279.9801,2026-08-19 17:11:19.980,10,c3,0,0,-0.03947,-0.496,0.0509,-4.6902,10.5779,-24.3533,-0.0881,-0.0008,-0.2372,4.69558,22.0,22.0,24.0,22.0,25.0,25.0,23.0,22.0,23.0,26.0,24.0,21.0,24.0,26.0,23.0,20.0,25.0,24.0,21.0,21.0,22.0,21.0,21.0,22.0,22.0,22.0,22.0,21.0,22.0,22.0,21.0,22.0,21.0,21.0,21.0,21.0,22.0,21.0,10.0,locate,2,2,2.7082
1787152280.0302,2026-08-19 17:11:20.030,10,c3,0,0,-0.03945,-0.49601,0.05091,-4.2712,10.0337,-24.2801,-0.0723,0.0101,-0.2399,4.69105,22.0,22.0,24.0,22.0,25.0,25.0,23.0,22.0,23.0,26.0,24.0,21.0,24.0,26.0,23.0,20.0,25.0,24.0,21.0,21.0,22.0,21.0,21.0,22.0,22.0,22.0,22.0,21.0,22.0,22.0,21.0,22.0,21.0,21.0,21.0,21.0,22.0,21.0,10.0,locate,2,2,2.7485
1787152280.0803,2026-08-19 17:11:20.080,10,c3,0,0,-0.03944,-0.49601,0.0509,-4.6812,10.6019,-24.1748,-0.0849,-0.0005,-0.2359,4.69583,20.0,22.0,23.0,20.0,26.0,26.0,23.0,22.0,24.0,26.0,24.0,22.0,24.0,25.0,23.0,21.0,24.0,23.0,21.0,21.0,22.0,21.0,21.0,22.0,22.0,22.0,22.0,21.0,22.0,22.0,21.0,22.0,21.0,21.0,21.0,21.0,22.0,21.0,10.0,locate,2,2,2.706
1787152280.1305,2026-08-19 17:11:20.130,10,c3,0,0,-0.03944,-0.496,0.0509,-4.6085,10.4592,-24.3004,-0.0798,0.0028,-0.2402,4.68602,20.0,22.0,23.0,20.0,26.0,26.0,23.0,22.0,24.0,26.0,24.0,22.0,24.0,25.0,23.0,21.0,24.0,23.0,21.0,21.0,22.0,21.0,21.0,22.0,22.0,22.0,22.0,21.0,22.0,22.0,21.0,22.0,21.0,21.0,21.0,21.0,22.0,21.0,10.0,locate,2,2,2.7933
1787152280.1806,2026-08-19 17:11:20.180,10,c3,0,0,-0.03944,-0.496,0.05091,-4.1226,10.0829,-24.3123,-0.0751,0.0184,-0.2376,4.70011,22.0,23.0,24.0,22.0,25.0,25.0,24.0,24.0,24.0,27.0,23.0,21.0,24.0,26.0,22.0,22.0,23.0,22.0,22.0,21.0,22.0,21.0,21.0,22.0,22.0,22.0,22.0,21.0,22.0,22.0,21.0,22.0,21.0,21.0,21.0,21.0,22.0,21.0,10.0,locate,2,2,2.6679
1787152280.2307,2026-08-19 17:11:20.230,10,c3,0,0,-0.03947,-0.49601,0.05091,-4.7204,10.4887,-24.2838,-0.0843,-0.0013,-0.2365,4.68702,22.0,23.0,24.0,22.0,25.0,25.0,24.0,24.0,24.0,27.0,23.0,21.0,24.0,26.0,22.0,22.0,23.0,22.0,22.0,21.0,22.0,21.0,21.0,22.0,22.0,22.0,22.0,21.0,22.0,22.0,21.0,22.0,21.0,21.0,21.0,21.0,22.0,21.0,10.0,locate,2,2,2.7844
1787152280.2808,2026-08-19 17:11:20.280,10,c3,0,0,-0.03946,-0.496,0.05091,-4.5533,10.3655,-24.2219,-0.0776,0.0037,-0.2339,4.6903,19.0,22.0,24.0,20.0,26.0,26.0,24.0,22.0,24.0,25.0,23.0,21.0,24.0,25.0,23.0,20.0,24.0,23.0,22.0,21.0,22.0,21.0,21.0,22.0,22.0,22.0,22.0,21.0,22.0,22.0,21.0,22.0,21.0,21.0,21.0,21.0,22.0,21.0,10.0,locate,2,2,2.7553
1787152280.3309,2026-08-19 17:11:20.330,10,c3,0,0,-0.03944,-0.49601,0.05091,-4.5316,10.1278,-24.1825,-0.0749,0.0069,-0.2337,4.69281,21.0,21.0,24.0,21.0,24.0,25.0,23.0,23.0,24.0,27.0,24.0,22.0,25.0,27.0,25.0,20.0,26.0,24.0,23.0,21.0,22.0,21.0,21.0,22.0,22.0,22.0,22.0,21.0,22.0,22.0,21.0,22.0,21.0,21.0,21.0,21.0,22.0,21.0,10.0,locate,2,2,2.7329
1787152280.381,2026-08-19 17:11:20.380,10,c3,0,0,-0.03945,-0.49601,0.05091,-4.3273,10.2599,-24.4773,-0.0777,0.0102,-0.237,4.68979,21.0,21.0,24.0,21.0,24.0,25.0,23.0,23.0,24.0,27.0,24.0,22.0,25.0,27.0,25.0,20.0,26.0,24.0,23.0,21.0,22.0,21.0,21.0,22.0,22.0,22.0,22.0,21.0,22.0,22.0,21.0,22.0,21.0,21.0,21.0,21.0,22.0,21.0,10.0,locate,2,2,2.7597
1787152280.431,2026-08-19 17:11:20.431,10,c3,0,0,-0.03943,-0.49601,0.0509,-4.3041,10.5522,-24.2435,-0.0848,0.0127,-0.245,4.69684,22.0,22.0,24.0,22.0,25.0,26.0,23.0,23.0,24.0,25.0,25.0,22.0,24.0,26.0,24.0,21.0,24.0,23.0,22.0,21.0,22.0,21.0,21.0,22.0,22.0,22.0,22.0,21.0,22.0,22.0,21.0,22.0,21.0,21.0,21.0,21.0,22.0,21.0,10.0,locate,2,2,2.697
1787152280.4811,2026-08-19 17:11:20.481,10,c3,0,0,-0.03945,-0.49601,0.0509,-4.6549,10.4641,-24.2957,-0.0826,0.0012,-0.2436,4.68879,22.0,22.0,24.0,22.0,25.0,26.0,23.0,23.0,24.0,25.0,25.0,22.0,24.0,26.0,24.0,21.0,24.0,23.0,22.0,21.0,22.0,21.0,21.0,22.0,22.0,22.0,22.0,21.0,22.0,22.0,21.0,22.0,21.0,21.0,21.0,21.0,22.0,21.0,10.0,locate,2,2,2.7687
1787152280.5312,2026-08-19 17:11:20.531,10,c3,0,0,-0.03944,-0.49599,0.05089,-4.5177,10.6626,-24.3082,-0.0857,0.003,-0.2288,4.69004,21.0,24.0,24.0,21.0,25.0,25.0,23.0,23.0,24.0,26.0,24.0,22.0,24.0,26.0,22.0,21.0,24.0,23.0,23.0,21.0,22.0,21.0,21.0,22.0,22.0,22.0,22.0,21.0,22.0,22.0,21.0,22.0,21.0,21.0,21.0,21.0,22.0,21.0,10.0,locate,2,2,2.7575
1787152280.5813,2026-08-19 17:11:20.581,10,c3,0,0,-0.03944,-0.49601,0.0509,-4.3438,10.2898,-24.2176,-0.0771,0.0092,-0.2364,4.69785,23.0,22.0,23.0,22.0,24.0,25.0,22.0,24.0,23.0,27.0,23.0,24.0,24.0,26.0,23.0,22.0,25.0,22.0,24.0,21.0,22.0,21.0,21.0,22.0,22.0,22.0,22.0,21.0,22.0,22.0,21.0,22.0,21.0,21.0,21.0,21.0,22.0,21.0,10.0,locate,2,2,2.6881
1787152280.6314,2026-08-19 17:11:20.631,10,c3,0,0,-0.03943,-0.49601,0.05091,-4.262,10.0516,-24.3542,-0.0753,0.0142,-0.2389,4.68148,23.0,22.0,23.0,22.0,24.0,25.0,22.0,24.0,23.0,27.0,23.0,24.0,24.0,26.0,23.0,22.0,25.0,22.0,24.0,21.0,22.0,21.0,21.0,22.0,22.0,22.0,22.0,21.0,22.0,22.0,21.0,22.0,21.0,21.0,21.0,21.0,22.0,21.0,10.0,locate,2,2,2.8337
1787152280.6816,2026-08-19 17:11:20.681,10,c3,0,0,-0.03945,-0.49601,0.0509,-4.5221,10.3401,-24.4394,-0.0799,0.0049,-0.2354,4.6976,20.0,22.0,24.0,22.0,25.0,25.0,24.0,24.0,23.0,26.0,23.0,22.0,24.0,24.0,22.0,22.0,24.0,23.0,22.0,21.0,22.0,21.0,21.0,22.0,22.0,22.0,22.0,21.0,22.0,22.0,21.0,22.0,21.0,21.0,21.0,21.0,22.0,21.0,10.0,locate,2,2,2.6903
1787152280.7317,2026-08-19 17:11:20.731,10,c3,0,0,-0.03943,-0.49599,0.0509,-4.6199,10.297,-24.232,-0.0797,0.0014,-0.2409,4.68853,20.0,22.0,24.0,22.0,25.0,25.0,24.0,24.0,23.0,26.0,23.0,22.0,24.0,24.0,22.0,22.0,24.0,23.0,22.0,21.0,22.0,21.0,21.0,22.0,22.0,22.0,22.0,21.0,22.0,22.0,21.0,22.0,21.0,21.0,21.0,21.0,22.0,21.0,10.0,locate,2,2,2.7709
1787152280.7819,2026-08-19 17:11:20.781,10,c3,0,0,-0.03945,-0.496,0.0509,-4.5806,10.3782,-24.1331,-0.0778,0.0003,-0.2475,4.69407,21.0,23.0,24.0,21.0,24.0,25.0,22.0,23.0,25.0,27.0,23.0,22.0,25.0,26.0,23.0,21.0,25.0,24.0,22.0,21.0,22.0,21.0,21.0,22.0,22.0,22.0,22.0,21.0,22.0,22.0,21.0,22.0,21.0,21.0,21.0,21.0,22.0,21.0,10.0,locate,2,2,2.7217
1787152280.832,2026-08-19 17:11:20.831,10,c3,0,0,-0.03944,-0.496,0.05089,-4.6688,10.3757,-24.0996,-0.081,0.0035,-0.2354,4.68803,22.0,23.0,24.0,21.0,26.0,27.0,24.0,25.0,24.0,26.0,23.0,23.0,24.0,26.0,22.0,23.0,24.0,23.0,24.0,21.0,22.0,21.0,21.0,22.0,22.0,22.0,22.0,21.0,22.0,22.0,21.0,22.0,21.0,21.0,21.0,21.0,22.0,21.0,10.0,locate,2,2,2.7754
1787152280.8821,2026-08-19 17:11:20.882,10,c3,0,0,-0.03945,-0.496,0.05091,-4.1571,9.6918,-24.319,-0.0654,0.0123,-0.2363,4.6976,22.0,23.0,24.0,21.0,26.0,27.0,24.0,25.0,24.0,26.0,23.0,23.0,24.0,26.0,22.0,23.0,24.0,23.0,24.0,21.0,22.0,21.0,21.0,22.0,22.0,22.0,22.0,21.0,22.0,22.0,21.0,22.0,21.0,21.0,21.0,21.0,22.0,21.0,10.0,locate,2,2,2.6903
1787152280.9322,2026-08-19 17:11:20.932,10,c3,0,0,-0.03944,-0.49602,0.05092,-4.4448,10.1848,-24.1836,-0.0753,0.0076,-0.2357,4.68702,22.0,24.0,24.0,23.0,25.0,26.0,23.0,24.0,23.0,26.0,22.0,23.0,24.0,26.0,20.0,22.0,25.0,22.0,24.0,21.0,22.0,21.0,21.0,22.0,22.0,22.0,22.0,21.0,22.0,22.0,21.0,22.0,21.0,21.0,21.0,21.0,22.0,21.0,10.0,locate,2,2,2.7844
1787152280.9824,2026-08-19 17:11:20.982,10,c3,0,0,-0.03944,-0.496,0.0509,-4.3428,10.0649,-24.5212,-0.071,0.0095,-0.2347,4.69382,22.0,24.0,24.0,23.0,25.0,26.0,23.0,24.0,23.0,26.0,22.0,23.0,24.0,26.0,20.0,22.0,25.0,22.0,24.0,21.0,22.0,21.0,21.0,22.0,22.0,22.0,22.0,21.0,22.0,22.0,21.0,22.0,21.0,21.0,21.0,21.0,22.0,21.0,10.0,locate,2,2,2.7239
1787152281.0325,2026-08-19 17:11:21.032,10,c3,0,0,-0.03945,-0.496,0.05091,-4.1959,9.9972,-24.4577,-0.0697,0.0129,-0.2337,4.69583,21.0,21.0,24.0,22.0,23.0,26.0,21.0,22.0,23.0,27.0,22.0,22.0,24.0,25.0,22.0,20.0,23.0,22.0,23.0,21.0,22.0,21.0,21.0,22.0,22.0,22.0,22.0,21.0,22.0,22.0,21.0,22.0,21.0,21.0,21.0,21.0,22.0,21.0,10.0,locate,2,2,2.706
1787152281.0826,2026-08-19 17:11:21.082,10,c3,0,0,-0.03942,-0.496,0.0509,-4.3832,10.6763,-24.3494,-0.0874,0.0047,-0.2274,4.68753,21.0,23.0,24.0,20.0,24.0,25.0,23.0,23.0,23.0,25.0,22.0,22.0,24.0,24.0,21.0,22.0,24.0,22.0,21.0,21.0,22.0,21.0,21.0,22.0,22.0,22.0,22.0,21.0,22.0,22.0,21.0,22.0,21.0,21.0,21.0,21.0,22.0,21.0,10.0,locate,2,2,2.7799
1787152281.1327,2026-08-19 17:11:21.132,10,c3,0,0,-0.03943,-0.49601,0.05091,-4.445,10.32,-24.3101,-0.0771,0.0052,-0.2381,4.69936,21.0,23.0,24.0,20.0,24.0,25.0,23.0,23.0,23.0,25.0,22.0,22.0,24.0,24.0,21.0,22.0,24.0,22.0,21.0,21.0,22.0,21.0,21.0,22.0,22.0,22.0,22.0,21.0,22.0,22.0,21.0,22.0,21.0,21.0,21.0,21.0,22.0,21.0,10.0,locate,2,2,2.6746
1787152281.1828,2026-08-19 17:11:21.182,10,c3,0,0,-0.03943,-0.49601,0.05091,-4.5268,10.0422,-24.2122,-0.0742,0.0012,-0.2362,4.69508,22.0,22.0,22.0,21.0,25.0,24.0,22.0,22.0,23.0,25.0,20.0,22.0,24.0,25.0,21.0,22.0,23.0,21.0,24.0,21.0,22.0,21.0,21.0,22.0,22.0,22.0,22.0,21.0,22.0,22.0,21.0,22.0,21.0,21.0,21.0,21.0,22.0,21.0,10.0,locate,2,2,2.7127
1787152281.2329,2026-08-19 17:11:21.232,10,c3,0,0,-0.03941,-0.49599,0.05089,-4.4887,10.5966,-24.2139,-0.0825,0.0048,-0.2457,4.68753,22.0,22.0,22.0,21.0,25.0,24.0,22.0,22.0,23.0,25.0,20.0,22.0,24.0,25.0,21.0,22.0,23.0,21.0,24.0,21.0,22.0,21.0,21.0,22.0,22.0,22.0,22.0,21.0,22.0,22.0,21.0,22.0,21.0,21.0,21.0,21.0,22.0,21.0,10.0,locate,2,2,2.7799
1787152281.283,2026-08-19 17:11:21.283,10,c3,0,0,-0.03944,-0.496,0.0509,-4.7157,10.3576,-24.1671,-0.0829,-0.0012,-0.2427,4.69483,22.0,21.0,22.0,22.0,23.0,24.0,21.0,23.0,23.0,26.0,23.0,22.0,24.0,25.0,23.0,22.0,24.0,23.0,22.0,21.0,22.0,21.0,21.0,22.0,22.0,22.0,22.0,21.0,22.0,22.0,21.0,22.0,21.0,21.0,21.0,21.0,22.0,21.0,10.0,locate,2,2,2.7149
1787152281.3331,2026-08-19 17:11:21.333,10,c3,0,0,-0.03943,-0.49601,0.05091,-4.5189,9.9129,-24.312,-0.0657,0.0033,-0.2415,4.68325,22.0,21.0,22.0,22.0,23.0,24.0,21.0,23.0,23.0,26.0,23.0,22.0,24.0,25.0,23.0,22.0,24.0,23.0,22.0,21.0,22.0,21.0,21.0,22.0,22.0,22.0,22.0,21.0,22.0,22.0,21.0,22.0,21.0,21.0,21.0,21.0,22.0,21.0,10.0,locate,2,2,2.818
1787152281.3833,2026-08-19 17:11:21.383,10,c3,0,0,-0.03946,-0.496,0.0509,-4.6504,10.3813,-24.1827,-0.0797,0.001,-0.2448,4.68828,21.0,21.0,23.0,22.0,25.0,25.0,23.0,22.0,22.0,27.0,22.0,21.0,24.0,26.0,22.0,18.0,25.0,22.0,21.0,21.0,22.0,21.0,21.0,22.0,22.0,22.0,22.0,21.0,22.0,22.0,21.0,22.0,21.0,21.0,21.0,21.0,22.0,21.0,10.0,locate,2,2,2.7732
1787152281.4334,2026-08-19 17:11:21.433,10,c3,0,0,-0.03944,-0.49601,0.05089,-4.5305,10.4904,-24.1952,-0.0816,0.0039,-0.2424,4.6903,20.0,21.0,22.0,21.0,23.0,25.0,22.0,23.0,24.0,25.0,23.0,21.0,24.0,25.0,23.0,21.0,22.0,21.0,22.0,21.0,22.0,21.0,21.0,22.0,22.0,22.0,22.0,21.0,22.0,22.0,21.0,22.0,21.0,21.0,21.0,21.0,22.0,21.0,10.0,locate,2,2,2.7553
1787152281.4835,2026-08-19 17:11:21.483,10,c3,0,0,-0.03945,-0.49601,0.0509,-4.4148,10.3616,-24.109,-0.0815,0.0092,-0.2384,4.69281,20.0,21.0,22.0,21.0,23.0,25.0,22.0,23.0,24.0,25.0,23.0,21.0,24.0,25.0,23.0,21.0,22.0,21.0,22.0,21.0,22.0,21.0,21.0,22.0,22.0,22.0,22.0,21.0,22.0,22.0,21.0,22.0,21.0,21.0,21.0,21.0,22.0,21.0,10.0,locate,2,2,2.7329
1787152281.5338,2026-08-19 17:11:21.533,10,c3,0,0,-0.03944,-0.49601,0.0509,-4.5494,10.8751,-24.0252,-0.0925,0.0029,-0.2389,4.69508,21.0,23.0,23.0,21.0,25.0,25.0,23.0,23.0,22.0,25.0,23.0,22.0,23.0,25.0,22.0,21.0,23.0,23.0,22.0,21.0,22.0,21.0,21.0,22.0,22.0,22.0,22.0,21.0,22.0,22.0,21.0,22.0,21.0,21.0,21.0,21.0,22.0,21.0,10.0,locate,2,2,2.7127
1787152281.5839,2026-08-19 17:11:21.583,10,c3,0,0,-0.03944,-0.49601,0.0509,-4.7769,10.499,-24.0565,-0.0824,-0.0006,-0.2385,4.69055,21.0,23.0,23.0,21.0,25.0,25.0,23.0,23.0,22.0,25.0,23.0,22.0,23.0,25.0,22.0,21.0,23.0,23.0,22.0,21.0,22.0,21.0,21.0,22.0,22.0,22.0,22.0,21.0,22.0,22.0,21.0,22.0,21.0,21.0,21.0,21.0,22.0,21.0,10.0,locate,2,2,2.753
1787152281.634,2026-08-19 17:11:21.634,10,c3,1,0,-0.03945,-0.49601,0.05091,-4.2266,10.1478,-24.2125,-0.0764,0.0111,-0.2331,4.69583,22.0,23.0,21.0,22.0,24.0,24.0,21.0,24.0,25.0,24.0,23.0,24.0,24.0,24.0,23.0,22.0,22.0,22.0,24.0,21.0,22.0,21.0,21.0,22.0,22.0,22.0,22.0,21.0,22.0,22.0,21.0,22.0,21.0,21.0,21.0,21.0,22.0,21.0,10.0,press,2,2,2.706
1787152281.6841,2026-08-19 17:11:21.684,10,c3,1,0,-0.03943,-0.496,0.05089,-4.5284,10.5556,-24.3672,-0.0781,0.0043,-0.2399,4.68551,23.0,23.0,22.0,22.0,24.0,23.0,23.0,24.0,24.0,26.0,23.0,22.0,22.0,25.0,23.0,22.0,23.0,22.0,23.0,21.0,22.0,21.0,21.0,22.0,22.0,22.0,22.0,21.0,22.0,22.0,21.0,22.0,21.0,21.0,21.0,21.0,22.0,21.0,10.0,press,2,2,2.7978
1787152281.7342,2026-08-19 17:11:21.734,10,c3,1,0,-0.03946,-0.49602,0.05087,-4.5398,10.6772,-24.0895,-0.0887,0.0033,-0.2404,4.69055,23.0,23.0,22.0,22.0,24.0,23.0,23.0,24.0,24.0,26.0,23.0,22.0,22.0,25.0,23.0,22.0,23.0,22.0,23.0,21.0,22.0,21.0,21.0,22.0,22.0,22.0,22.0,21.0,22.0,22.0,21.0,22.0,21.0,21.0,21.0,21.0,22.0,21.0,10.0,press,2,2,2.753
1787152281.7843,2026-08-19 17:11:21.784,10,c3,1,0,-0.03946,-0.49603,0.05079,-4.5831,10.4055,-24.1826,-0.0815,-0.0006,-0.235,4.69231,22.0,21.0,24.0,21.0,24.0,25.0,23.0,23.0,23.0,25.0,23.0,22.0,24.0,24.0,22.0,20.0,22.0,23.0,22.0,21.0,22.0,21.0,21.0,22.0,22.0,22.0,22.0,21.0,22.0,22.0,21.0,22.0,21.0,21.0,21.0,21.0,22.0,21.0,10.0,press,2,2,2.7373
1787152281.8346,2026-08-19 17:11:21.834,10,c3,1,0,-0.03945,-0.49601,0.05064,-4.4319,10.6196,-24.0168,-0.0855,0.0091,-0.2374,4.69483,22.0,21.0,24.0,21.0,24.0,25.0,23.0,23.0,23.0,25.0,23.0,22.0,24.0,24.0,22.0,20.0,22.0,23.0,22.0,21.0,22.0,21.0,21.0,22.0,22.0,22.0,22.0,21.0,22.0,22.0,21.0,22.0,21.0,21.0,21.0,21.0,22.0,21.0,10.0,press,2,2,2.7149
1787152281.8847,2026-08-19 17:11:21.884,10,c3,1,0,-0.03945,-0.49603,0.05046,-4.4728,10.0312,-24.1826,-0.0719,0.0059,-0.2386,4.69533,21.0,23.0,23.0,21.0,24.0,24.0,23.0,23.0,22.0,26.0,23.0,23.0,23.0,24.0,22.0,21.0,24.0,22.0,22.0,21.0,22.0,21.0,21.0,22.0,22.0,22.0,22.0,21.0,22.0,22.0,21.0,22.0,21.0,21.0,21.0,21.0,22.0,21.0,10.0,press,2,2,2.7105
1787152281.9348,2026-08-19 17:11:21.934,10,c3,1,0,-0.03944,-0.49604,0.05026,-4.8038,10.4661,-24.252,-0.0812,-0.0031,-0.2447,4.68602,23.0,22.0,24.0,22.0,24.0,25.0,21.0,25.0,23.0,26.0,23.0,24.0,23.0,26.0,22.0,23.0,24.0,21.0,24.0,21.0,22.0,21.0,21.0,22.0,22.0,22.0,22.0,21.0,22.0,22.0,21.0,22.0,21.0,21.0,21.0,21.0,22.0,21.0,10.0,press,2,2,2.7933
1787152281.9849,2026-08-19 17:11:21.984,10,c3,1,0,-0.03946,-0.49604,0.05002,-4.5226,10.3388,-24.0376,-0.0791,0.005,-0.2425,4.69407,23.0,22.0,24.0,22.0,24.0,25.0,21.0,25.0,23.0,26.0,23.0,24.0,23.0,26.0,22.0,23.0,24.0,21.0,24.0,21.0,22.0,21.0,21.0,22.0,22.0,22.0,22.0,21.0,22.0,22.0,21.0,22.0,21.0,21.0,21.0,21.0,22.0,21.0,10.0,press,2,2,2.7217
1787152282.035,2026-08-19 17:11:22.034,10,c3,1,0,-0.03946,-0.49605,0.04978,-4.5609,10.4422,-24.0714,-0.079,0.0011,-0.2399,4.6908,22.0,21.0,23.0,22.0,24.0,25.0,21.0,22.0,21.0,26.0,24.0,21.0,22.0,26.0,23.0,20.0,25.0,23.0,22.0,21.0,22.0,21.0,21.0,22.0,22.0,22.0,22.0,21.0,22.0,22.0,21.0,22.0,21.0,21.0,21.0,21.0,22.0,21.0,10.0,press,2,2,2.7508
1787152282.0851,2026-08-19 17:11:22.085,10,c3,1,0,-0.03945,-0.49607,0.04949,-4.5243,10.448,-24.2429,-0.08,0.0066,-0.2409,4.68753,22.0,21.0,23.0,22.0,24.0,25.0,21.0,22.0,21.0,26.0,24.0,21.0,22.0,26.0,23.0,20.0,25.0,23.0,22.0,21.0,22.0,21.0,21.0,22.0,22.0,22.0,22.0,21.0,22.0,22.0,21.0,22.0,21.0,21.0,21.0,21.0,22.0,21.0,10.0,press,2,2,2.7799
1787152282.1352,2026-08-19 17:11:22.135,10,c3,1,0,-0.03946,-0.49602,0.04913,-4.2758,10.3062,-24.2346,-0.0763,0.0099,-0.2457,4.68778,19.0,19.0,24.0,18.0,22.0,25.0,23.0,24.0,24.0,26.0,24.0,22.0,24.0,25.0,24.0,22.0,23.0,23.0,24.0,21.0,22.0,21.0,21.0,22.0,22.0,22.0,22.0,21.0,22.0,22.0,21.0,22.0,21.0,21.0,21.0,21.0,22.0,21.0,10.0,press,2,2,2.7777
1787152282.1853,2026-08-19 17:11:22.185,10,c3,1,0,-0.03945,-0.49602,0.04879,-4.48,10.6531,-24.2046,-0.0862,0.0044,-0.2361,4.6903,22.0,23.0,23.0,22.0,26.0,24.0,23.0,23.0,24.0,26.0,23.0,23.0,24.0,24.0,22.0,20.0,23.0,21.0,22.0,21.0,22.0,21.0,21.0,22.0,22.0,22.0,22.0,21.0,22.0,22.0,21.0,22.0,21.0,21.0,21.0,21.0,22.0,21.0,10.0,press,2,2,2.7553
1787152282.2354,2026-08-19 17:11:22.235,10,c3,1,0,-0.03945,-0.49604,0.04846,-4.458,10.3135,-24.3214,-0.0786,0.0039,-0.2371,4.684,22.0,23.0,23.0,22.0,26.0,24.0,23.0,23.0,24.0,26.0,23.0,23.0,24.0,24.0,22.0,20.0,23.0,21.0,22.0,21.0,22.0,21.0,21.0,22.0,22.0,22.0,22.0,21.0,22.0,22.0,21.0,22.0,21.0,21.0,21.0,21.0,22.0,21.0,10.0,press,2,2,2.8113
1787152282.2854,2026-08-19 17:11:22.285,10,c3,1,0,-0.03945,-0.49603,0.04814,-4.4444,10.4254,-24.2101,-0.0819,0.0081,-0.2365,4.69181,21.0,23.0,23.0,22.0,25.0,24.0,23.0,24.0,25.0,25.0,21.0,23.0,24.0,25.0,22.0,21.0,24.0,22.0,23.0,21.0,22.0,21.0,21.0,22.0,22.0,22.0,22.0,21.0,22.0,22.0,21.0,22.0,21.0,21.0,21.0,21.0,22.0,21.0,10.0,press,2,2,2.7418
1787152282.3356,2026-08-19 17:11:22.335,10,c3,1,0,-0.03948,-0.49603,0.04782,-4.0635,9.948,-24.2774,-0.0703,0.0184,-0.2296,4.68954,21.0,23.0,23.0,22.0,25.0,24.0,23.0,24.0,25.0,25.0,21.0,23.0,24.0,25.0,22.0,21.0,24.0,22.0,23.0,21.0,22.0,21.0,21.0,22.0,22.0,22.0,22.0,21.0,22.0,22.0,21.0,22.0,21.0,21.0,21.0,21.0,22.0,21.0,10.0,press,2,2,2.762
1787152282.3857,2026-08-19 17:11:22.385,10,c3,1,0,-0.03944,-0.49602,0.04749,-4.6288,10.6426,-24.1412,-0.0861,0.0001,-0.2381,4.6981,20.0,23.0,23.0,21.0,25.0,24.0,22.0,22.0,24.0,26.0,24.0,22.0,24.0,26.0,24.0,22.0,25.0,23.0,22.0,21.0,22.0,21.0,21.0,22.0,22.0,22.0,22.0,21.0,22.0,22.0,21.0,22.0,21.0,21.0,21.0,21.0,22.0,21.0,10.0,press,2,2,2.6858
1787152282.4359,2026-08-19 17:11:22.435,10,c3,1,0,-0.03946,-0.49604,0.04719,-4.4577,10.1246,-24.2211,-0.069,0.004,-0.2325,4.6908,20.0,23.0,23.0,21.0,25.0,24.0,22.0,22.0,24.0,26.0,24.0,22.0,24.0,26.0,24.0,22.0,25.0,23.0,22.0,21.0,22.0,21.0,21.0,22.0,22.0,22.0,22.0,21.0,22.0,22.0,21.0,22.0,21.0,21.0,21.0,21.0,22.0,21.0,10.0,press,2,2,2.7508
1787152282.4861,2026-08-19 17:11:22.486,10,c3,1,0,-0.03945,-0.49601,0.04681,-4.5795,10.5353,-24.2366,-0.0827,-0.0001,-0.2403,4.69483,20.0,24.0,24.0,20.0,26.0,26.0,23.0,26.0,26.0,26.0,24.0,25.0,24.0,25.0,23.0,23.0,23.0,23.0,24.0,21.0,22.0,21.0,21.0,22.0,22.0,22.0,22.0,21.0,22.0,22.0,21.0,22.0,21.0,21.0,21.0,21.0,22.0,21.0,10.0,press,2,2,2.7149
1787152282.5361,2026-08-19 17:11:22.536,10,c3,1,0,-0.03945,-0.49603,0.04649,-4.4026,10.8041,-24.3249,-0.0916,0.0078,-0.2343,4.68576,22.0,24.0,23.0,25.0,26.0,25.0,23.0,23.0,24.0,27.0,23.0,22.0,24.0,26.0,24.0,22.0,23.0,25.0,22.0,21.0,22.0,21.0,21.0,22.0,22.0,22.0,22.0,21.0,22.0,22.0,21.0,22.0,21.0,21.0,21.0,21.0,22.0,21.0,10.0,press,2,2,2.7956
1787152282.5862,2026-08-19 17:11:22.586,10,c3,1,0,-0.03944,-0.49602,0.04614,-4.6668,10.2853,-24.2999,-0.0762,0.0021,-0.2377,4.68979,22.0,24.0,23.0,25.0,26.0,25.0,23.0,23.0,24.0,27.0,23.0,22.0,24.0,26.0,24.0,22.0,23.0,25.0,22.0,21.0,22.0,21.0,21.0,22.0,22.0,22.0,22.0,21.0,22.0,22.0,21.0,22.0,21.0,21.0,21.0,21.0,22.0,21.0,10.0,press,2,2,2.7597
1787152282.6363,2026-08-19 17:11:22.636,10,c3,1,0,-0.03944,-0.49602,0.04579,-4.598,10.4432,-24.3045,-0.0792,0.0021,-0.2413,4.68224,21.0,23.0,24.0,22.0,26.0,25.0,23.0,23.0,26.0,29.0,24.0,23.0,25.0,26.0,22.0,21.0,26.0,22.0,21.0,21.0,22.0,21.0,21.0,22.0,22.0,22.0,22.0,21.0,22.0,22.0,21.0,22.0,21.0,21.0,21.0,21.0,22.0,21.0,10.0,press,2,2,2.8269
1787152282.6865,2026-08-19 17:11:22.686,10,c3,1,0,-0.03945,-0.49602,0.04548,-4.5941,10.1533,-24.0586,-0.0739,0.0022,-0.2374,4.66587,21.0,23.0,24.0,22.0,26.0,25.0,23.0,23.0,26.0,29.0,24.0,23.0,25.0,26.0,22.0,21.0,26.0,22.0,21.0,21.0,22.0,21.0,21.0,22.0,22.0,22.0,22.0,21.0,22.0,22.0,21.0,22.0,21.0,21.0,21.0,21.0,22.0,21.0,10.0,press,2,2,2.9725
1787152282.7366,2026-08-19 17:11:22.736,10,c3,1,0,-0.03945,-0.49602,0.04515,-4.9895,10.4284,-24.1031,-0.0808,-0.007,-0.2451,4.62785,22.0,23.0,24.0,21.0,26.0,26.0,24.0,25.0,26.0,28.0,24.0,24.0,24.0,26.0,23.0,22.0,24.0,22.0,23.0,21.0,22.0,21.0,21.0,22.0,22.0,22.0,22.0,21.0,22.0,22.0,21.0,22.0,21.0,21.0,21.0,21.0,22.0,21.0,10.0,press,2,2,3.3108
1787152282.7868,2026-08-19 17:11:22.786,10,c3,1,0,-0.03944,-0.49602,0.04483,-4.1411,9.8467,-23.8418,-0.0672,0.0145,-0.232,4.59538,21.0,23.0,24.0,21.0,25.0,26.0,24.0,24.0,25.0,28.0,23.0,24.0,24.0,27.0,23.0,21.0,24.0,23.0,23.0,21.0,22.0,21.0,21.0,22.0,22.0,22.0,22.0,21.0,22.0,22.0,21.0,22.0,21.0,21.0,21.0,21.0,22.0,21.0,10.0,press,2,2,3.5997
1787152282.8369,2026-08-19 17:11:22.836,10,c3,1,0,-0.03944,-0.49603,0.0445,-4.1815,10.0275,-23.8218,-0.0708,0.0131,-0.235,4.57599,21.0,23.0,24.0,21.0,25.0,26.0,24.0,24.0,25.0,28.0,23.0,24.0,24.0,27.0,23.0,21.0,24.0,23.0,23.0,21.0,22.0,21.0,21.0,22.0,22.0,22.0,22.0,21.0,22.0,22.0,21.0,22.0,21.0,21.0,21.0,21.0,22.0,21.0,10.0,press,2,2,3.7722
1787152282.8869,2026-08-19 17:11:22.886,10,c3,1,0,-0.03943,-0.49603,0.04415,-4.5013,10.5967,-23.7851,-0.0826,0.0037,-0.2357,4.55534,22.0,22.0,24.0,23.0,24.0,27.0,23.0,24.0,26.0,30.0,23.0,23.0,24.0,27.0,21.0,22.0,25.0,21.0,23.0,21.0,22.0,21.0,21.0,22.0,22.0,22.0,22.0,21.0,22.0,22.0,21.0,22.0,21.0,21.0,21.0,21.0,22.0,21.0,10.0,press,2,2,3.9559
1787152282.9371,2026-08-19 17:11:22.937,10,c3,1,0,-0.03945,-0.49601,0.04381,-4.601,10.4932,-23.3691,-0.0825,0.0039,-0.2383,4.51682,22.0,22.0,24.0,23.0,24.0,27.0,23.0,24.0,26.0,30.0,23.0,23.0,24.0,27.0,21.0,22.0,25.0,21.0,23.0,21.0,22.0,21.0,21.0,22.0,22.0,22.0,22.0,21.0,22.0,22.0,21.0,22.0,21.0,21.0,21.0,21.0,22.0,21.0,10.0,press,2,2,4.2986
1787152282.9872,2026-08-19 17:11:22.987,10,c3,1,0,-0.03943,-0.49603,0.04349,-4.4363,10.5324,-23.4773,-0.0786,0.0101,-0.2373,4.46068,22.0,25.0,23.0,23.0,27.0,26.0,22.0,24.0,27.0,30.0,23.0,21.0,24.0,28.0,23.0,20.0,25.0,23.0,22.0,21.0,22.0,21.0,21.0,22.0,22.0,22.0,22.0,21.0,22.0,22.0,21.0,22.0,21.0,21.0,21.0,21.0,22.0,21.0,10.0,press,2,2,4.798
1787152283.0373,2026-08-19 17:11:23.037,10,c3,1,0,-0.03945,-0.49603,0.04316,-4.4749,10.2464,-23.311,-0.0722,0.0088,-0.237,4.38691,21.0,23.0,23.0,22.0,26.0,27.0,22.0,26.0,28.0,30.0,23.0,24.0,28.0,30.0,22.0,23.0,25.0,22.0,25.0,21.0,22.0,21.0,21.0,22.0,22.0,22.0,22.0,21.0,22.0,22.0,21.0,22.0,21.0,21.0,21.0,21.0,22.0,21.0,10.0,press,2,2,5.4543
1787152283.0875,2026-08-19 17:11:23.087,10,c3,1,0,-0.03944,-0.49603,0.04283,-4.5135,10.3785,-22.9689,-0.0752,0.0097,-0.2371,4.30533,21.0,23.0,23.0,22.0,26.0,27.0,22.0,26.0,28.0,30.0,23.0,24.0,28.0,30.0,22.0,23.0,25.0,22.0,25.0,21.0,22.0,21.0,21.0,22.0,22.0,22.0,22.0,21.0,22.0,22.0,21.0,22.0,21.0,21.0,21.0,21.0,22.0,21.0,10.0,press,2,2,6.1801
1787152283.1376,2026-08-19 17:11:23.137,10,c3,1,0,-0.03946,-0.49605,0.04252,-4.8228,10.2844,-22.6593,-0.0752,0.0031,-0.2454,4.21797,23.0,25.0,22.0,24.0,29.0,27.0,22.0,27.0,28.0,30.0,22.0,22.0,27.0,30.0,24.0,23.0,25.0,23.0,24.0,21.0,22.0,21.0,21.0,22.0,22.0,22.0,22.0,21.0,22.0,22.0,21.0,22.0,21.0,21.0,21.0,21.0,22.0,21.0,10.0,press,2,2,6.9573
1787152283.1877,2026-08-19 17:11:23.187,10,c3,1,0,-0.03944,-0.49605,0.04221,-4.8152,10.6555,-22.3628,-0.0797,0.0043,-0.2357,4.13841,23.0,25.0,22.0,24.0,29.0,27.0,22.0,27.0,28.0,30.0,22.0,22.0,27.0,30.0,24.0,23.0,25.0,23.0,24.0,21.0,22.0,21.0,21.0,22.0,22.0,22.0,22.0,21.0,22.0,22.0,21.0,22.0,21.0,21.0,21.0,21.0,22.0,21.0,10.0,press,2,2,7.6651
1787152283.2378,2026-08-19 17:11:23.237,10,c3,1,0,-0.03946,-0.49604,0.04193,-4.651,10.4672,-22.0394,-0.0759,0.0064,-0.2374,4.04047,23.0,24.0,20.0,23.0,29.0,26.0,22.0,28.0,28.0,29.0,24.0,24.0,28.0,32.0,24.0,24.0,26.0,23.0,25.0,21.0,22.0,21.0,21.0,22.0,22.0,22.0,22.0,21.0,22.0,22.0,21.0,22.0,21.0,21.0,21.0,21.0,22.0,21.0,10.0,press,2,2,8.5364
1787152283.2879,2026-08-19 17:11:23.287,10,c3,1,0,-0.03944,-0.49601,0.04165,-4.2897,10.4629,-21.4969,-0.0758,0.0214,-0.2364,3.95486,24.0,23.0,18.0,25.0,28.0,26.0,24.0,27.0,29.0,30.0,24.0,23.0,28.0,33.0,23.0,22.0,25.0,23.0,24.0,21.0,22.0,21.0,21.0,22.0,22.0,22.0,22.0,21.0,22.0,22.0,21.0,22.0,21.0,21.0,21.0,21.0,22.0,21.0,10.0,press,2,2,9.298
1787152283.338,2026-08-19 17:11:23.338,10,c3,1,0,-0.03944,-0.496,0.04144,-4.9798,10.6888,-21.3126,-0.0785,0.0007,-0.2324,3.89167,24.0,23.0,18.0,25.0,28.0,26.0,24.0,27.0,29.0,30.0,24.0,23.0,28.0,33.0,23.0,22.0,25.0,23.0,24.0,21.0,22.0,21.0,21.0,22.0,22.0,22.0,22.0,21.0,22.0,22.0,21.0,22.0,21.0,21.0,21.0,21.0,22.0,21.0,10.0,press,2,2,9.8602
1787152283.3881,2026-08-19 17:11:23.388,10,c3,1,0,-0.03942,-0.49601,0.0413,-4.737,10.4001,-21.3763,-0.0723,0.0101,-0.2375,3.8315,24.0,24.0,20.0,24.0,31.0,28.0,23.0,26.0,30.0,32.0,25.0,22.0,28.0,35.0,23.0,23.0,27.0,23.0,24.0,21.0,22.0,21.0,21.0,22.0,22.0,22.0,22.0,21.0,22.0,22.0,21.0,22.0,21.0,21.0,21.0,21.0,22.0,21.0,10.0,press,2,2,10.3955
1787152283.4383,2026-08-19 17:11:23.438,10,c3,1,0,-0.03943,-0.49603,0.0412,-4.5866,10.1243,-20.9694,-0.065,0.0101,-0.2355,3.79801,24.0,24.0,20.0,24.0,31.0,28.0,23.0,26.0,30.0,32.0,25.0,22.0,28.0,35.0,23.0,23.0,27.0,23.0,24.0,21.0,22.0,21.0,21.0,22.0,22.0,22.0,22.0,21.0,22.0,22.0,21.0,22.0,21.0,21.0,21.0,21.0,22.0,21.0,10.0,press,2,2,10.6935
1787152283.4884,2026-08-19 17:11:23.488,10,c3,1,0,-0.03943,-0.49602,0.0411,-4.4793,10.3092,-20.6823,-0.0711,0.0205,-0.2301,3.76226,23.0,25.0,21.0,24.0,31.0,29.0,24.0,27.0,33.0,31.0,24.0,22.0,29.0,35.0,23.0,21.0,26.0,23.0,24.0,21.0,22.0,21.0,21.0,22.0,22.0,22.0,22.0,21.0,22.0,22.0,21.0,22.0,21.0,21.0,21.0,21.0,22.0,21.0,10.0,press,2,2,11.0115
1787152283.5386,2026-08-19 17:11:23.538,10,c3,1,0,-0.03944,-0.49602,0.04101,-4.6196,10.5659,-20.8925,-0.0718,0.012,-0.2332,3.74061,23.0,25.0,21.0,24.0,31.0,29.0,24.0,27.0,33.0,31.0,24.0,22.0,29.0,35.0,23.0,21.0,26.0,23.0,24.0,21.0,22.0,21.0,21.0,22.0,22.0,22.0,22.0,21.0,22.0,22.0,21.0,22.0,21.0,21.0,21.0,21.0,22.0,21.0,10.0,press,2,2,11.2041
1787152283.5886,2026-08-19 17:11:23.588,10,c3,1,0,-0.03944,-0.49603,0.04099,-4.5116,10.6279,-20.7749,-0.0767,0.0128,-0.2316,3.73456,23.0,26.0,22.0,23.0,32.0,32.0,23.0,25.0,33.0,32.0,23.0,21.0,28.0,36.0,23.0,21.0,26.0,23.0,21.0,21.0,22.0,21.0,21.0,22.0,22.0,22.0,22.0,21.0,22.0,22.0,21.0,22.0,21.0,21.0,21.0,21.0,22.0,21.0,10.0,press,2,2,11.2579
1787152283.6388,2026-08-19 17:11:23.638,10,c3,1,0,-0.03943,-0.49602,0.04096,-4.7918,10.4592,-20.8542,-0.0701,0.0095,-0.2371,3.72726,23.0,25.0,20.0,22.0,32.0,31.0,22.0,25.0,33.0,31.0,23.0,21.0,30.0,34.0,23.0,22.0,25.0,23.0,23.0,21.0,22.0,21.0,21.0,22.0,22.0,22.0,22.0,21.0,22.0,22.0,21.0,22.0,21.0,21.0,21.0,21.0,22.0,21.0,10.0,hold,2,2,11.3228
1787152283.6889,2026-08-19 17:11:23.688,10,c3,1,0,-0.03945,-0.49601,0.04092,-4.5966,10.723,-20.6225,-0.0801,0.0136,-0.2355,3.72147,23.0,25.0,20.0,22.0,32.0,31.0,22.0,25.0,33.0,31.0,23.0,21.0,30.0,34.0,23.0,22.0,25.0,23.0,23.0,21.0,22.0,21.0,21.0,22.0,22.0,22.0,22.0,21.0,22.0,22.0,21.0,22.0,21.0,21.0,21.0,21.0,22.0,21.0,10.0,hold,2,2,11.3744
1787152283.7389,2026-08-19 17:11:23.738,10,c3,1,0,-0.03945,-0.49602,0.04092,-4.7556,10.133,-20.6306,-0.0652,0.008,-0.2337,3.71996,24.0,25.0,20.0,23.0,32.0,30.0,22.0,26.0,32.0,33.0,23.0,23.0,28.0,37.0,22.0,22.0,27.0,22.0,23.0,21.0,22.0,21.0,21.0,22.0,22.0,22.0,22.0,21.0,22.0,22.0,21.0,22.0,21.0,21.0,21.0,21.0,22.0,21.0,10.0,hold,2,2,11.3878
1787152283.7891,2026-08-19 17:11:23.789,10,c3,1,0,-0.03945,-0.49602,0.04092,-5.0029,10.5339,-20.7278,-0.0713,0.0034,-0.2355,3.71946,24.0,25.0,20.0,23.0,32.0,30.0,22.0,26.0,32.0,33.0,23.0,23.0,28.0,37.0,22.0,22.0,27.0,22.0,23.0,21.0,22.0,21.0,21.0,22.0,22.0,22.0,22.0,21.0,22.0,22.0,21.0,22.0,21.0,21.0,21.0,21.0,22.0,21.0,10.0,hold,2,2,11.3923
1787152283.8392,2026-08-19 17:11:23.839,10,c3,1,0,-0.03945,-0.49602,0.04091,-4.5512,10.1063,-20.6601,-0.0632,0.0144,-0.2313,3.72147,24.0,24.0,21.0,23.0,31.0,31.0,23.0,26.0,33.0,33.0,25.0,22.0,28.0,38.0,23.0,23.0,27.0,23.0,25.0,21.0,22.0,21.0,21.0,22.0,22.0,22.0,22.0,21.0,22.0,22.0,21.0,22.0,21.0,21.0,21.0,21.0,22.0,21.0,10.0,hold,2,2,11.3744
1787152283.8893,2026-08-19 17:11:23.889,10,c3,1,0,-0.03946,-0.49602,0.04092,-4.5444,10.5093,-20.5257,-0.0752,0.0141,-0.2383,3.72273,25.0,25.0,21.0,24.0,33.0,32.0,24.0,25.0,33.0,35.0,26.0,22.0,30.0,37.0,25.0,21.0,27.0,25.0,23.0,21.0,22.0,21.0,21.0,22.0,22.0,22.0,22.0,21.0,22.0,22.0,21.0,22.0,21.0,21.0,21.0,21.0,22.0,21.0,10.0,hold,2,2,11.3632
1787152283.9395,2026-08-19 17:11:23.939,10,c3,1,0,-0.03944,-0.49601,0.04092,-4.6674,10.7663,-20.5994,-0.0815,0.012,-0.2388,3.72726,25.0,25.0,21.0,24.0,33.0,32.0,24.0,25.0,33.0,35.0,26.0,22.0,30.0,37.0,25.0,21.0,27.0,25.0,23.0,21.0,22.0,21.0,21.0,22.0,22.0,22.0,22.0,21.0,22.0,22.0,21.0,22.0,21.0,21.0,21.0,21.0,22.0,21.0,10.0,hold,2,2,11.3228
1787152283.9896,2026-08-19 17:11:23.989,10,c3,1,0,-0.03944,-0.49602,0.04091,-4.4008,10.2034,-20.6138,-0.0678,0.0173,-0.2337,3.72575,20.0,23.0,22.0,23.0,34.0,33.0,25.0,27.0,34.0,33.0,23.0,23.0,28.0,37.0,23.0,22.0,27.0,23.0,24.0,21.0,22.0,21.0,21.0,22.0,22.0,22.0,22.0,21.0,22.0,22.0,21.0,22.0,21.0,21.0,21.0,21.0,22.0,21.0,10.0,hold,2,2,11.3363
1787152284.0397,2026-08-19 17:11:24.039,10,c3,1,0,-0.03944,-0.49601,0.04092,-4.881,10.9741,-20.591,-0.0862,0.0046,-0.2342,3.73305,20.0,23.0,22.0,23.0,34.0,33.0,25.0,27.0,34.0,33.0,23.0,23.0,28.0,37.0,23.0,22.0,27.0,23.0,24.0,21.0,22.0,21.0,21.0,22.0,22.0,22.0,22.0,21.0,22.0,22.0,21.0,22.0,21.0,21.0,21.0,21.0,22.0,21.0,10.0,hold,2,2,11.2713
1787152284.0898,2026-08-19 17:11:24.089,10,c3,1,0,-0.03945,-0.49602,0.04092,-4.6442,10.6228,-20.741,-0.0754,0.0128,-0.2316,3.72625,22.0,25.0,21.0,23.0,33.0,32.0,23.0,25.0,32.0,33.0,23.0,22.0,29.0,38.0,22.0,21.0,27.0,22.0,24.0,21.0,22.0,21.0,21.0,22.0,22.0,22.0,22.0,21.0,22.0,22.0,21.0,22.0,21.0,21.0,21.0,21.0,22.0,21.0,10.0,hold,2,2,11.3318
1787152284.1398,2026-08-19 17:11:24.139,10,c3,1,0,-0.03944,-0.49601,0.04091,-4.6529,10.628,-20.6642,-0.0788,0.0128,-0.236,3.73305,23.0,26.0,21.0,23.0,33.0,32.0,23.0,24.0,34.0,33.0,24.0,21.0,30.0,36.0,23.0,22.0,27.0,23.0,22.0,21.0,22.0,21.0,21.0,22.0,22.0,22.0,22.0,21.0,22.0,22.0,21.0,22.0,21.0,21.0,21.0,21.0,22.0,21.0,10.0,hold,2,2,11.2713
1787152284.1899,2026-08-19 17:11:24.189,10,c3,1,0,-0.03944,-0.49601,0.04091,-4.6814,10.8462,-20.5177,-0.0814,0.0114,-0.2367,3.73658,23.0,26.0,21.0,23.0,33.0,32.0,23.0,24.0,34.0,33.0,24.0,21.0,30.0,36.0,23.0,22.0,27.0,23.0,22.0,21.0,22.0,21.0,21.0,22.0,22.0,22.0,22.0,21.0,22.0,22.0,21.0,22.0,21.0,21.0,21.0,21.0,22.0,21.0,10.0,hold,2,2,11.24
1787152284.24,2026-08-19 17:11:24.240,10,c3,1,0,-0.03945,-0.49602,0.04093,-4.6444,10.795,-20.5794,-0.0799,0.009,-0.2367,3.7328,22.0,26.0,21.0,22.0,33.0,32.0,23.0,27.0,33.0,33.0,24.0,23.0,30.0,38.0,23.0,24.0,27.0,22.0,25.0,21.0,22.0,21.0,21.0,22.0,22.0,22.0,22.0,21.0,22.0,22.0,21.0,22.0,21.0,21.0,21.0,21.0,22.0,21.0,10.0,hold,2,2,11.2736
1787152284.2901,2026-08-19 17:11:24.290,10,c3,1,0,-0.03943,-0.49602,0.04091,-4.5537,10.3402,-20.5256,-0.0711,0.0145,-0.2372,3.73985,22.0,26.0,21.0,22.0,33.0,32.0,23.0,27.0,33.0,33.0,24.0,23.0,30.0,38.0,23.0,24.0,27.0,22.0,25.0,21.0,22.0,21.0,21.0,22.0,22.0,22.0,22.0,21.0,22.0,22.0,21.0,22.0,21.0,21.0,21.0,21.0,22.0,21.0,10.0,hold,2,2,11.2109
1787152284.3403,2026-08-19 17:11:24.340,10,c3,1,0,-0.03944,-0.49603,0.04092,-4.4106,9.9415,-20.8762,-0.0591,0.0168,-0.2326,3.73028,24.0,25.0,22.0,23.0,33.0,33.0,24.0,24.0,33.0,32.0,24.0,21.0,29.0,37.0,24.0,21.0,26.0,24.0,22.0,21.0,22.0,21.0,21.0,22.0,22.0,22.0,22.0,21.0,22.0,22.0,21.0,22.0,21.0,21.0,21.0,21.0,22.0,21.0,10.0,hold,2,2,11.296
1787152284.3904,2026-08-19 17:11:24.390,10,c3,1,0,-0.03943,-0.496,0.0409,-4.8931,10.1816,-20.8251,-0.0643,0.0076,-0.2365,3.74061,23.0,24.0,21.0,23.0,33.0,31.0,23.0,26.0,32.0,35.0,24.0,23.0,28.0,39.0,23.0,23.0,29.0,23.0,25.0,21.0,22.0,21.0,21.0,22.0,22.0,22.0,22.0,21.0,22.0,22.0,21.0,22.0,21.0,21.0,21.0,21.0,22.0,21.0,10.0,hold,2,2,11.2041
1787152284.4405,2026-08-19 17:11:24.440,10,c3,1,0,-0.03945,-0.49602,0.04093,-4.5006,10.0728,-20.6941,-0.0637,0.0171,-0.2349,3.73557,23.0,24.0,21.0,23.0,33.0,31.0,23.0,26.0,32.0,35.0,24.0,23.0,28.0,39.0,23.0,23.0,29.0,23.0,25.0,21.0,22.0,21.0,21.0,22.0,22.0,22.0,22.0,21.0,22.0,22.0,21.0,22.0,21.0,21.0,21.0,21.0,22.0,21.0,10.0,hold,2,2,11.2489
1787152284.4907,2026-08-19 17:11:24.490,10,c3,1,0,-0.03947,-0.49602,0.04093,-4.5439,10.5137,-20.8723,-0.0755,0.0142,-0.2335,3.73582,23.0,24.0,22.0,24.0,32.0,33.0,22.0,27.0,33.0,34.0,25.0,23.0,29.0,37.0,23.0,22.0,27.0,24.0,24.0,21.0,22.0,21.0,21.0,22.0,22.0,22.0,22.0,21.0,22.0,22.0,21.0,22.0,21.0,21.0,21.0,21.0,22.0,21.0,10.0,hold,2,2,11.2467
1787152284.5408,2026-08-19 17:11:24.540,10,c3,1,0,-0.03946,-0.49602,0.04092,-4.5601,10.681,-20.6619,-0.0778,0.0152,-0.2304,3.73607,23.0,24.0,22.0,24.0,32.0,33.0,22.0,27.0,33.0,34.0,25.0,23.0,29.0,37.0,23.0,22.0,27.0,24.0,24.0,21.0,22.0,21.0,21.0,22.0,22.0,22.0,22.0,21.0,22.0,22.0,21.0,22.0,21.0,21.0,21.0,21.0,22.0,21.0,10.0,hold,2,2,11.2445
1787152284.5909,2026-08-19 17:11:24.590,10,c3,1,0,-0.03944,-0.49602,0.0409,-4.5925,10.3734,-20.7143,-0.0738,0.0136,-0.2323,3.73758,24.0,25.0,23.0,24.0,32.0,32.0,24.0,25.0,33.0,34.0,23.0,23.0,29.0,38.0,23.0,21.0,28.0,23.0,23.0,21.0,22.0,21.0,21.0,22.0,22.0,22.0,22.0,21.0,22.0,22.0,21.0,22.0,21.0,21.0,21.0,21.0,22.0,21.0,10.0,hold,2,2,11.231
1787152284.641,2026-08-19 17:11:24.641,10,c3,1,0,-0.03944,-0.49602,0.04093,-4.3999,10.2451,-20.8252,-0.0655,0.018,-0.2337,3.73985,24.0,25.0,23.0,24.0,32.0,32.0,24.0,25.0,33.0,34.0,23.0,23.0,29.0,38.0,23.0,21.0,28.0,23.0,23.0,21.0,22.0,21.0,21.0,22.0,22.0,22.0,22.0,21.0,22.0,22.0,21.0,22.0,21.0,21.0,21.0,21.0,22.0,21.0,10.0,hold,2,2,11.2109
1787152284.6912,2026-08-19 17:11:24.691,10,c3,1,0,-0.03944,-0.49602,0.04092,-4.5062,10.4053,-20.8187,-0.0699,0.0162,-0.239,3.74262,23.0,24.0,23.0,23.0,33.0,34.0,23.0,26.0,34.0,31.0,23.0,23.0,30.0,36.0,24.0,21.0,25.0,23.0,23.0,21.0,22.0,21.0,21.0,22.0,22.0,22.0,22.0,21.0,22.0,22.0,21.0,22.0,21.0,21.0,21.0,21.0,22.0,21.0,10.0,hold,2,2,11.1862
1787152284.7413,2026-08-19 17:11:24.741,10,c3,1,0,-0.03944,-0.49601,0.04091,-4.666,10.2975,-20.5728,-0.0671,0.0119,-0.2353,3.73079,24.0,25.0,20.0,24.0,33.0,31.0,23.0,26.0,35.0,33.0,24.0,23.0,29.0,36.0,23.0,22.0,26.0,23.0,25.0,21.0,22.0,21.0,21.0,22.0,22.0,22.0,22.0,21.0,22.0,22.0,21.0,22.0,21.0,21.0,21.0,21.0,22.0,21.0,10.0,hold,2,2,11.2915
1787152284.7914,2026-08-19 17:11:24.791,10,c3,1,0,-0.03945,-0.49603,0.04093,-4.3388,10.6664,-20.6795,-0.0797,0.0175,-0.2263,3.7474,24.0,25.0,20.0,24.0,33.0,31.0,23.0,26.0,35.0,33.0,24.0,23.0,29.0,36.0,23.0,22.0,26.0,23.0,25.0,21.0,22.0,21.0,21.0,22.0,22.0,22.0,22.0,21.0,22.0,22.0,21.0,22.0,21.0,21.0,21.0,21.0,22.0,21.0,10.0,hold,2,2,11.1437
1787152284.8415,2026-08-19 17:11:24.841,10,c3,1,0,-0.03942,-0.49601,0.04092,-4.4938,10.6803,-20.735,-0.0812,0.014,-0.2408,3.73356,22.0,24.0,21.0,22.0,34.0,31.0,23.0,25.0,33.0,33.0,25.0,21.0,29.0,38.0,24.0,21.0,28.0,23.0,24.0,21.0,22.0,21.0,21.0,22.0,22.0,22.0,22.0,21.0,22.0,22.0,21.0,22.0,21.0,21.0,21.0,21.0,22.0,21.0,10.0,hold,2,2,11.2669
1787152284.8916,2026-08-19 17:11:24.891,10,c3,1,0,-0.03944,-0.49601,0.04091,-4.695,10.7373,-20.6836,-0.0799,0.0082,-0.2315,3.74765,22.0,24.0,21.0,22.0,34.0,31.0,23.0,25.0,33.0,33.0,25.0,21.0,29.0,38.0,24.0,21.0,28.0,23.0,24.0,21.0,22.0,21.0,21.0,22.0,22.0,22.0,22.0,21.0,22.0,22.0,21.0,22.0,21.0,21.0,21.0,21.0,22.0,21.0,10.0,hold,2,2,11.1414
1787152284.9418,2026-08-19 17:11:24.941,10,c3,1,0,-0.03947,-0.49602,0.04092,-4.6293,10.4274,-20.6904,-0.073,0.0131,-0.2371,3.7396,23.0,24.0,22.0,23.0,33.0,31.0,23.0,25.0,32.0,34.0,24.0,22.0,28.0,38.0,23.0,21.0,26.0,23.0,23.0,21.0,22.0,21.0,21.0,22.0,22.0,22.0,22.0,21.0,22.0,22.0,21.0,22.0,21.0,21.0,21.0,21.0,22.0,21.0,10.0,hold,2,2,11.2131
1787152284.9918,2026-08-19 17:11:24.991,10,c3,1,0,-0.03946,-0.49602,0.04091,-4.6046,10.1686,-20.7792,-0.0649,0.0092,-0.2379,3.74665,23.0,25.0,22.0,23.0,32.0,32.0,23.0,27.0,34.0,32.0,22.0,23.0,29.0,37.0,22.0,22.0,27.0,22.0,23.0,21.0,22.0,21.0,21.0,22.0,22.0,22.0,22.0,21.0,22.0,22.0,21.0,22.0,21.0,21.0,21.0,21.0,22.0,21.0,10.0,hold,2,2,11.1504
1787152285.0419,2026-08-19 17:11:25.041,10,c3,1,0,-0.03945,-0.49604,0.04093,-5.0502,10.5836,-20.5367,-0.0752,0.002,-0.233,3.73758,23.0,25.0,22.0,23.0,32.0,32.0,23.0,27.0,34.0,32.0,22.0,23.0,29.0,37.0,22.0,22.0,27.0,22.0,23.0,21.0,22.0,21.0,21.0,22.0,22.0,22.0,22.0,21.0,22.0,22.0,21.0,22.0,21.0,21.0,21.0,21.0,22.0,21.0,10.0,hold,2,2,11.231
1787152285.0919,2026-08-19 17:11:25.091,10,c3,1,0,-0.03946,-0.49602,0.04091,-4.7726,10.6918,-20.5057,-0.0795,0.0074,-0.2372,3.74942,24.0,25.0,21.0,24.0,34.0,31.0,23.0,24.0,34.0,32.0,24.0,20.0,29.0,36.0,23.0,20.0,26.0,22.0,21.0,21.0,22.0,21.0,21.0,22.0,22.0,22.0,22.0,21.0,22.0,22.0,21.0,22.0,21.0,21.0,21.0,21.0,22.0,21.0,10.0,hold,2,2,11.1257
1787152285.142,2026-08-19 17:11:25.142,10,c3,1,0,-0.03944,-0.49601,0.04091,-4.7028,10.42,-20.4846,-0.0742,0.0099,-0.2313,3.74337,24.0,25.0,21.0,24.0,34.0,31.0,23.0,24.0,34.0,32.0,24.0,20.0,29.0,36.0,23.0,20.0,26.0,22.0,21.0,21.0,22.0,21.0,21.0,22.0,22.0,22.0,22.0,21.0,22.0,22.0,21.0,22.0,21.0,21.0,21.0,21.0,22.0,21.0,10.0,hold,2,2,11.1795
1787152285.1921,2026-08-19 17:11:25.192,10,c3,1,0,-0.03946,-0.49602,0.04093,-5.2982,10.906,-20.3979,-0.0815,-0.006,-0.2451,3.74967,23.0,24.0,21.0,20.0,33.0,31.0,23.0,23.0,33.0,33.0,24.0,21.0,30.0,37.0,23.0,20.0,26.0,24.0,23.0,21.0,22.0,21.0,21.0,22.0,22.0,22.0,22.0,21.0,22.0,22.0,21.0,22.0,21.0,21.0,21.0,21.0,22.0,21.0,10.0,hold,2,2,11.1235
1787152285.2423,2026-08-19 17:11:25.242,10,c3,1,0,-0.03945,-0.49602,0.04092,-4.9288,10.8822,-20.6573,-0.0796,0.0044,-0.2461,3.73884,24.0,25.0,21.0,22.0,33.0,32.0,23.0,24.0,33.0,34.0,24.0,21.0,28.0,38.0,22.0,21.0,26.0,23.0,23.0,21.0,22.0,21.0,21.0,22.0,22.0,22.0,22.0,21.0,22.0,22.0,21.0,22.0,21.0,21.0,21.0,21.0,22.0,21.0,10.0,hold,2,2,11.2198
1787152285.2925,2026-08-19 17:11:25.292,10,c3,1,0,-0.03944,-0.49601,0.04092,-4.791,10.4033,-20.785,-0.0704,0.0088,-0.2367,3.74539,24.0,25.0,21.0,22.0,33.0,32.0,23.0,24.0,33.0,34.0,24.0,21.0,28.0,38.0,22.0,21.0,26.0,23.0,23.0,21.0,22.0,21.0,21.0,22.0,22.0,22.0,22.0,21.0,22.0,22.0,21.0,22.0,21.0,21.0,21.0,21.0,22.0,21.0,10.0,hold,2,2,11.1616
1787152285.3426,2026-08-19 17:11:25.342,10,c3,1,0,-0.03943,-0.49602,0.04093,-4.8818,10.8137,-20.5387,-0.0835,0.0093,-0.2334,3.74514,23.0,24.0,22.0,22.0,34.0,34.0,22.0,26.0,31.0,33.0,23.0,22.0,28.0,38.0,22.0,22.0,28.0,21.0,25.0,21.0,22.0,21.0,21.0,22.0,22.0,22.0,22.0,21.0,22.0,22.0,21.0,22.0,21.0,21.0,21.0,21.0,22.0,21.0,10.0,hold,2,2,11.1638
1787152285.3927,2026-08-19 17:11:25.392,10,c3,1,0,-0.03945,-0.49601,0.04091,-4.5931,10.3358,-20.7276,-0.069,0.0135,-0.2389,3.74715,23.0,24.0,22.0,22.0,34.0,34.0,22.0,26.0,31.0,33.0,23.0,22.0,28.0,38.0,22.0,22.0,28.0,21.0,25.0,21.0,22.0,21.0,21.0,22.0,22.0,22.0,22.0,21.0,22.0,22.0,21.0,22.0,21.0,21.0,21.0,21.0,22.0,21.0,10.0,hold,2,2,11.1459
1787152285.4428,2026-08-19 17:11:25.442,10,c3,1,0,-0.03943,-0.49602,0.04093,-4.9842,10.2797,-20.7197,-0.067,0.0055,-0.2417,3.74514,22.0,23.0,22.0,23.0,30.0,32.0,23.0,27.0,32.0,34.0,25.0,24.0,29.0,39.0,24.0,23.0,27.0,25.0,24.0,21.0,22.0,21.0,21.0,22.0,22.0,22.0,22.0,21.0,22.0,22.0,21.0,22.0,21.0,21.0,21.0,21.0,22.0,21.0,10.0,hold,2,2,11.1638
1787152285.4929,2026-08-19 17:11:25.492,10,c3,1,0,-0.03943,-0.49601,0.04092,-4.5696,10.4355,-20.5789,-0.071,0.0135,-0.2349,3.74866,24.0,23.0,22.0,24.0,32.0,34.0,24.0,27.0,33.0,33.0,23.0,24.0,28.0,37.0,23.0,22.0,27.0,21.0,25.0,21.0,22.0,21.0,21.0,22.0,22.0,22.0,22.0,21.0,22.0,22.0,21.0,22.0,21.0,21.0,21.0,21.0,22.0,21.0,10.0,hold,2,2,11.1325
1787152285.543,2026-08-19 17:11:25.543,10,c3,1,0,-0.03944,-0.49602,0.04092,-4.912,10.655,-20.661,-0.078,0.0021,-0.2382,3.74363,24.0,23.0,22.0,24.0,32.0,34.0,24.0,27.0,33.0,33.0,23.0,24.0,28.0,37.0,23.0,22.0,27.0,21.0,25.0,21.0,22.0,21.0,21.0,22.0,22.0,22.0,22.0,21.0,22.0,22.0,21.0,22.0,21.0,21.0,21.0,21.0,22.0,21.0,10.0,hold,2,2,11.1773
1787152285.5931,2026-08-19 17:11:25.593,10,c3,1,0,-0.03946,-0.49602,0.04092,-4.8141,10.6629,-20.5784,-0.0781,0.0107,-0.238,3.75621,22.0,24.0,20.0,23.0,33.0,32.0,23.0,23.0,32.0,33.0,24.0,21.0,28.0,37.0,24.0,20.0,27.0,23.0,22.0,21.0,22.0,21.0,21.0,22.0,22.0,22.0,22.0,21.0,22.0,22.0,21.0,22.0,21.0,21.0,21.0,21.0,22.0,21.0,10.0,hold,2,2,11.0653
1787152285.6432,2026-08-19 17:11:25.643,10,c3,1,0,-0.03943,-0.496,0.04091,-4.7469,10.6267,-20.7689,-0.0763,0.0099,-0.239,3.74564,22.0,24.0,20.0,23.0,33.0,32.0,23.0,23.0,32.0,33.0,24.0,21.0,28.0,37.0,24.0,20.0,27.0,23.0,22.0,21.0,22.0,21.0,21.0,22.0,22.0,22.0,22.0,21.0,22.0,22.0,21.0,22.0,21.0,21.0,21.0,21.0,22.0,21.0,10.0,hold,2,2,11.1593
1787152285.6934,2026-08-19 17:11:25.693,10,c3,1,0,-0.03946,-0.49602,0.04092,-4.8811,10.4507,-20.5006,-0.073,0.0058,-0.231,3.7537,22.0,25.0,21.0,22.0,32.0,32.0,23.0,24.0,31.0,32.0,24.0,20.0,28.0,37.0,24.0,21.0,26.0,23.0,22.0,21.0,22.0,21.0,21.0,22.0,22.0,22.0,22.0,21.0,22.0,22.0,21.0,22.0,21.0,21.0,21.0,21.0,22.0,21.0,10.0,hold,2,2,11.0877
1787152285.7435,2026-08-19 17:11:25.743,10,c3,1,0,-0.03943,-0.49603,0.04093,-4.6385,10.5324,-20.7033,-0.0742,0.0132,-0.2288,3.74514,22.0,25.0,21.0,22.0,32.0,32.0,23.0,24.0,31.0,32.0,24.0,20.0,28.0,37.0,24.0,21.0,26.0,23.0,22.0,21.0,22.0,21.0,21.0,22.0,22.0,22.0,22.0,21.0,22.0,22.0,21.0,22.0,21.0,21.0,21.0,21.0,22.0,21.0,10.0,hold,2,2,11.1638
1787152285.7936,2026-08-19 17:11:25.793,10,c3,1,0,-0.03944,-0.49602,0.04092,-4.7517,10.1944,-20.8353,-0.0649,0.0089,-0.2334,3.75319,23.0,23.0,21.0,23.0,32.0,33.0,23.0,27.0,32.0,34.0,24.0,24.0,29.0,37.0,24.0,24.0,26.0,22.0,25.0,21.0,22.0,21.0,21.0,22.0,22.0,22.0,22.0,21.0,22.0,22.0,21.0,22.0,21.0,21.0,21.0,21.0,22.0,21.0,10.0,hold,2,2,11.0921
1787152285.8438,2026-08-19 17:11:25.843,10,c3,1,0,-0.03943,-0.49601,0.04093,-5.1542,10.4961,-20.7378,-0.0766,0.0009,-0.2345,3.7537,24.0,24.0,22.0,24.0,32.0,33.0,22.0,26.0,34.0,35.0,23.0,22.0,29.0,39.0,23.0,21.0,29.0,23.0,24.0,21.0,22.0,21.0,21.0,22.0,22.0,22.0,22.0,21.0,22.0,22.0,21.0,22.0,21.0,21.0,21.0,21.0,22.0,21.0,10.0,hold,2,2,11.0877
1787152285.8939,2026-08-19 17:11:25.893,10,c3,1,0,-0.03944,-0.49601,0.04092,-4.7196,10.7024,-20.6851,-0.0769,0.0117,-0.2358,3.74564,24.0,24.0,22.0,24.0,32.0,33.0,22.0,26.0,34.0,35.0,23.0,22.0,29.0,39.0,23.0,21.0,29.0,23.0,24.0,21.0,22.0,21.0,21.0,22.0,22.0,22.0,22.0,21.0,22.0,22.0,21.0,22.0,21.0,21.0,21.0,21.0,22.0,21.0,10.0,hold,2,2,11.1593
1787152285.944,2026-08-19 17:11:25.943,10,c3,1,0,-0.03945,-0.49602,0.0409,-4.7697,10.687,-20.637,-0.0795,0.0078,-0.234,3.74841,25.0,26.0,22.0,24.0,34.0,33.0,24.0,25.0,32.0,35.0,24.0,22.0,28.0,38.0,24.0,21.0,27.0,24.0,24.0,21.0,22.0,21.0,21.0,22.0,22.0,22.0,22.0,21.0,22.0,22.0,21.0,22.0,21.0,21.0,21.0,21.0,22.0,21.0,10.0,hold,2,2,11.1347
1787152285.9941,2026-08-19 17:11:25.994,10,c3,1,0,-0.03945,-0.49602,0.04092,-4.7672,10.3203,-20.5683,-0.0678,0.011,-0.2377,3.7537,25.0,26.0,22.0,24.0,34.0,33.0,24.0,25.0,32.0,35.0,24.0,22.0,28.0,38.0,24.0,21.0,27.0,24.0,24.0,21.0,22.0,21.0,21.0,22.0,22.0,22.0,22.0,21.0,22.0,22.0,21.0,22.0,21.0,21.0,21.0,21.0,22.0,21.0,10.0,hold,2,2,11.0877
1787152286.0442,2026-08-19 17:11:26.044,10,c3,1,0,-0.03944,-0.49603,0.04092,-4.6157,10.3603,-20.6899,-0.0708,0.0088,-0.2374,3.74237,23.0,24.0,22.0,22.0,33.0,32.0,23.0,25.0,33.0,34.0,24.0,21.0,28.0,38.0,24.0,21.0,28.0,24.0,22.0,21.0,22.0,21.0,21.0,22.0,22.0,22.0,22.0,21.0,22.0,22.0,21.0,22.0,21.0,21.0,21.0,21.0,22.0,21.0,10.0,hold,2,2,11.1885
1787152286.0943,2026-08-19 17:11:26.094,10,c3,1,0,-0.03945,-0.49602,0.04092,-4.4102,10.2173,-20.8544,-0.0706,0.0194,-0.229,3.74967,22.0,25.0,22.0,22.0,33.0,33.0,24.0,26.0,32.0,33.0,24.0,22.0,28.0,39.0,23.0,22.0,27.0,24.0,24.0,21.0,22.0,21.0,21.0,22.0,22.0,22.0,22.0,21.0,22.0,22.0,21.0,22.0,21.0,21.0,21.0,21.0,22.0,21.0,10.0,hold,2,2,11.1235
1787152286.1444,2026-08-19 17:11:26.144,10,c3,1,0,-0.03944,-0.49602,0.04092,-4.8725,10.4296,-20.8,-0.0735,0.009,-0.2409,3.75747,22.0,25.0,22.0,22.0,33.0,33.0,24.0,26.0,32.0,33.0,24.0,22.0,28.0,39.0,23.0,22.0,27.0,24.0,24.0,21.0,22.0,21.0,21.0,22.0,22.0,22.0,22.0,21.0,22.0,22.0,21.0,22.0,21.0,21.0,21.0,21.0,22.0,21.0,10.0,hold,2,2,11.0541
1787152286.1945,2026-08-19 17:11:26.194,10,c3,1,0,-0.03943,-0.49601,0.0409,-4.5205,10.3313,-20.7423,-0.07,0.0148,-0.2305,3.74791,22.0,24.0,21.0,23.0,32.0,32.0,23.0,27.0,33.0,34.0,24.0,25.0,29.0,38.0,24.0,23.0,27.0,23.0,26.0,21.0,22.0,21.0,21.0,22.0,22.0,22.0,22.0,21.0,22.0,22.0,21.0,22.0,21.0,21.0,21.0,21.0,22.0,21.0,10.0,hold,2,2,11.1392
1787152286.2447,2026-08-19 17:11:26.244,10,c3,1,0,-0.03944,-0.49601,0.04092,-4.5714,10.4226,-20.8323,-0.0723,0.0136,-0.2298,3.7537,22.0,24.0,21.0,23.0,32.0,32.0,23.0,27.0,33.0,34.0,24.0,25.0,29.0,38.0,24.0,23.0,27.0,23.0,26.0,21.0,22.0,21.0,21.0,22.0,22.0,22.0,22.0,21.0,22.0,22.0,21.0,22.0,21.0,21.0,21.0,21.0,22.0,21.0,10.0,hold,2,2,11.0877
1787152286.2948,2026-08-19 17:11:26.294,10,c3,1,0,-0.03945,-0.49601,0.04091,-4.9424,10.2968,-20.5802,-0.065,0.007,-0.2453,3.74413,24.0,25.0,23.0,25.0,34.0,33.0,22.0,25.0,33.0,34.0,24.0,22.0,30.0,38.0,24.0,20.0,28.0,23.0,24.0,21.0,22.0,21.0,21.0,22.0,22.0,22.0,22.0,21.0,22.0,22.0,21.0,22.0,21.0,21.0,21.0,21.0,22.0,21.0,10.0,hold,2,2,11.1728
1787152286.3449,2026-08-19 17:11:26.344,10,c3,1,0,-0.03943,-0.49603,0.04092,-4.6034,10.179,-20.7937,-0.0641,0.0134,-0.227,3.75697,22.0,25.0,23.0,22.0,33.0,33.0,23.0,25.0,33.0,33.0,23.0,22.0,29.0,37.0,23.0,22.0,27.0,23.0,24.0,21.0,22.0,21.0,21.0,22.0,22.0,22.0,22.0,21.0,22.0,22.0,21.0,22.0,21.0,21.0,21.0,21.0,22.0,21.0,10.0,hold,2,2,11.0585
1787152286.395,2026-08-19 17:11:26.395,10,c3,1,0,-0.03944,-0.49603,0.04092,-4.7892,10.1097,-20.8329,-0.0665,0.0091,-0.2363,3.7474,22.0,25.0,23.0,22.0,33.0,33.0,23.0,25.0,33.0,33.0,23.0,22.0,29.0,37.0,23.0,22.0,27.0,23.0,24.0,21.0,22.0,21.0,21.0,22.0,22.0,22.0,22.0,21.0,22.0,22.0,21.0,22.0,21.0,21.0,21.0,21.0,22.0,21.0,10.0,hold,2,2,11.1437
1787152286.4451,2026-08-19 17:11:26.445,10,c3,1,0,-0.03943,-0.49602,0.04092,-4.8873,10.5803,-20.6194,-0.0759,0.0069,-0.2363,3.7547,25.0,25.0,21.0,23.0,32.0,32.0,23.0,26.0,32.0,32.0,23.0,22.0,27.0,37.0,23.0,22.0,26.0,24.0,24.0,21.0,22.0,21.0,21.0,22.0,22.0,22.0,22.0,21.0,22.0,22.0,21.0,22.0,21.0,21.0,21.0,21.0,22.0,21.0,10.0,hold,2,2,11.0787
1787152286.4954,2026-08-19 17:11:26.495,10,c3,1,0,-0.03944,-0.49602,0.04092,-4.7695,10.4144,-20.7659,-0.0748,0.0093,-0.2391,3.75596,25.0,25.0,21.0,23.0,32.0,32.0,23.0,26.0,32.0,32.0,23.0,22.0,27.0,37.0,23.0,22.0,26.0,24.0,24.0,21.0,22.0,21.0,21.0,22.0,22.0,22.0,22.0,21.0,22.0,22.0,21.0,22.0,21.0,21.0,21.0,21.0,22.0,21.0,10.0,hold,2,2,11.0675
1787152286.5455,2026-08-19 17:11:26.545,10,c3,1,0,-0.03944,-0.49602,0.04093,-4.7897,10.297,-20.5095,-0.0709,0.0104,-0.2386,3.74312,22.0,23.0,21.0,23.0,32.0,32.0,23.0,25.0,31.0,34.0,25.0,22.0,27.0,38.0,23.0,21.0,27.0,23.0,22.0,21.0,22.0,21.0,21.0,22.0,22.0,22.0,22.0,21.0,22.0,22.0,21.0,22.0,21.0,21.0,21.0,21.0,22.0,21.0,10.0,hold,2,2,11.1817
1787152286.5956,2026-08-19 17:11:26.595,10,c3,1,0,-0.03944,-0.49603,0.04093,-5.2533,10.4628,-20.61,-0.0722,-0.004,-0.2375,3.75873,24.0,24.0,23.0,23.0,32.0,33.0,23.0,23.0,32.0,32.0,23.0,21.0,28.0,37.0,23.0,21.0,25.0,23.0,23.0,21.0,22.0,21.0,21.0,22.0,22.0,22.0,22.0,21.0,22.0,22.0,21.0,22.0,21.0,21.0,21.0,21.0,22.0,21.0,10.0,hold,2,2,11.0429
1787152286.6458,2026-08-19 17:11:26.645,10,c3,1,0,-0.03946,-0.49602,0.04091,-4.9297,10.4985,-20.5554,-0.0745,0.0042,-0.2388,3.74765,24.0,24.0,23.0,23.0,32.0,33.0,23.0,23.0,32.0,32.0,23.0,21.0,28.0,37.0,23.0,21.0,25.0,23.0,23.0,21.0,22.0,21.0,21.0,22.0,22.0,22.0,22.0,21.0,22.0,22.0,21.0,22.0,21.0,21.0,21.0,21.0,22.0,21.0,10.0,hold,2,2,11.1414
1787152286.6959,2026-08-19 17:11:26.695,10,c3,1,0,-0.03944,-0.49601,0.04091,-4.4798,10.0222,-20.6609,-0.0584,0.0145,-0.2303,3.75017,24.0,25.0,21.0,22.0,32.0,32.0,23.0,23.0,31.0,34.0,23.0,21.0,27.0,38.0,23.0,20.0,26.0,21.0,22.0,21.0,22.0,21.0,21.0,22.0,22.0,22.0,22.0,21.0,22.0,22.0,21.0,22.0,21.0,21.0,21.0,21.0,22.0,21.0,10.0,hold,2,2,11.119
1787152286.746,2026-08-19 17:11:26.746,10,c3,1,0,-0.03944,-0.49601,0.04092,-5.0899,10.6849,-20.6448,-0.08,0.003,-0.2446,3.75571,24.0,25.0,21.0,22.0,32.0,32.0,23.0,23.0,31.0,34.0,23.0,21.0,27.0,38.0,23.0,20.0,26.0,21.0,22.0,21.0,22.0,21.0,21.0,22.0,22.0,22.0,22.0,21.0,22.0,22.0,21.0,22.0,21.0,21.0,21.0,21.0,22.0,21.0,10.0,hold,2,2,11.0697
1787152286.7961,2026-08-19 17:11:26.796,10,c3,1,0,-0.03944,-0.49601,0.04091,-4.8768,10.4017,-20.487,-0.0692,0.0056,-0.2353,3.75596,23.0,23.0,21.0,21.0,31.0,33.0,24.0,26.0,33.0,34.0,25.0,23.0,27.0,38.0,24.0,22.0,27.0,23.0,23.0,21.0,22.0,21.0,21.0,22.0,22.0,22.0,22.0,21.0,22.0,22.0,21.0,22.0,21.0,21.0,21.0,21.0,22.0,21.0,10.0,hold,2,2,11.0675
1787152286.8463,2026-08-19 17:11:26.846,10,c3,1,0,-0.03944,-0.49601,0.04091,-4.5593,10.5889,-20.7481,-0.0777,0.0124,-0.2321,3.75093,23.0,23.0,21.0,21.0,31.0,33.0,24.0,26.0,33.0,34.0,25.0,23.0,27.0,38.0,24.0,22.0,27.0,23.0,23.0,21.0,22.0,21.0,21.0,22.0,22.0,22.0,22.0,21.0,22.0,22.0,21.0,22.0,21.0,21.0,21.0,21.0,22.0,21.0,10.0,hold,2,2,11.1123
1787152286.8964,2026-08-19 17:11:26.896,10,c3,1,0,-0.03943,-0.49601,0.04092,-4.6955,10.2387,-20.5884,-0.0678,0.0131,-0.2347,3.75747,25.0,24.0,22.0,24.0,33.0,31.0,22.0,26.0,32.0,34.0,24.0,23.0,26.0,38.0,24.0,23.0,28.0,22.0,23.0,21.0,22.0,21.0,21.0,22.0,22.0,22.0,22.0,21.0,22.0,22.0,21.0,22.0,21.0,21.0,21.0,21.0,22.0,21.0,10.0,hold,2,2,11.0541
1787152286.9465,2026-08-19 17:11:26.946,10,c3,1,0,-0.03942,-0.49601,0.04091,-4.6968,10.3338,-20.7455,-0.0705,0.0107,-0.2358,3.75219,23.0,24.0,21.0,23.0,31.0,33.0,23.0,25.0,31.0,33.0,25.0,21.0,29.0,38.0,24.0,21.0,29.0,24.0,23.0,21.0,22.0,21.0,21.0,22.0,22.0,22.0,22.0,21.0,22.0,22.0,21.0,22.0,21.0,21.0,21.0,21.0,22.0,21.0,10.0,hold,2,2,11.1011
1787152286.9967,2026-08-19 17:11:26.996,10,c3,1,0,-0.03945,-0.49602,0.04092,-4.4707,10.2712,-20.6721,-0.0664,0.0167,-0.239,3.75093,23.0,24.0,21.0,23.0,31.0,33.0,23.0,25.0,31.0,33.0,25.0,21.0,29.0,38.0,24.0,21.0,29.0,24.0,23.0,21.0,22.0,21.0,21.0,22.0,22.0,22.0,22.0,21.0,22.0,22.0,21.0,22.0,21.0,21.0,21.0,21.0,22.0,21.0,10.0,hold,2,2,11.1123
1787152287.0468,2026-08-19 17:11:27.046,10,c3,1,0,-0.03942,-0.49602,0.04091,-4.9079,10.3601,-20.5912,-0.0725,0.0039,-0.239,3.75798,23.0,24.0,22.0,21.0,32.0,34.0,24.0,23.0,31.0,34.0,24.0,21.0,27.0,39.0,24.0,20.0,28.0,23.0,23.0,21.0,22.0,21.0,21.0,22.0,22.0,22.0,22.0,21.0,22.0,22.0,21.0,22.0,21.0,21.0,21.0,21.0,22.0,21.0,10.0,hold,2,2,11.0496
1787152287.097,2026-08-19 17:11:27.096,10,c3,1,0,-0.03943,-0.49602,0.04092,-4.7028,10.1452,-20.5861,-0.0647,0.0126,-0.2324,3.75219,23.0,24.0,22.0,21.0,32.0,34.0,24.0,23.0,31.0,34.0,24.0,21.0,27.0,39.0,24.0,20.0,28.0,23.0,23.0,21.0,22.0,21.0,21.0,22.0,22.0,22.0,22.0,21.0,22.0,22.0,21.0,22.0,21.0,21.0,21.0,21.0,22.0,21.0,10.0,hold,2,2,11.1011
1787152287.147,2026-08-19 17:11:27.147,10,c3,1,0,-0.03944,-0.49601,0.04092,-4.5689,10.3686,-20.5669,-0.0705,0.0127,-0.2359,3.7547,23.0,22.0,22.0,22.0,30.0,33.0,23.0,22.0,33.0,34.0,23.0,22.0,28.0,38.0,22.0,19.0,28.0,23.0,21.0,21.0,22.0,21.0,21.0,22.0,22.0,22.0,22.0,21.0,22.0,22.0,21.0,22.0,21.0,21.0,21.0,21.0,22.0,21.0,10.0,hold,2,2,11.0787
1787152287.1972,2026-08-19 17:11:27.197,10,c3,1,0,-0.03946,-0.49602,0.04093,-4.788,10.5513,-20.5461,-0.0735,0.0094,-0.239,3.75143,22.0,24.0,21.0,22.0,33.0,33.0,23.0,25.0,31.0,34.0,23.0,21.0,28.0,38.0,22.0,22.0,28.0,23.0,24.0,21.0,22.0,21.0,21.0,22.0,22.0,22.0,22.0,21.0,22.0,22.0,21.0,22.0,21.0,21.0,21.0,21.0,22.0,21.0,10.0,hold,2,2,11.1078
1787152287.2473,2026-08-19 17:11:27.247,10,c3,1,0,-0.03944,-0.49602,0.04092,-4.6713,10.5852,-20.7094,-0.073,0.0134,-0.2311,3.75722,22.0,24.0,21.0,22.0,33.0,33.0,23.0,25.0,31.0,34.0,23.0,21.0,28.0,38.0,22.0,22.0,28.0,23.0,24.0,21.0,22.0,21.0,21.0,22.0,22.0,22.0,22.0,21.0,22.0,22.0,21.0,22.0,21.0,21.0,21.0,21.0,22.0,21.0,10.0,hold,2,2,11.0563
1787152287.2975,2026-08-19 17:11:27.297,10,c3,1,0,-0.03944,-0.49602,0.04091,-5.028,10.8467,-20.5394,-0.0846,0.0041,-0.2424,3.75143,23.0,24.0,22.0,23.0,33.0,33.0,22.0,27.0,32.0,33.0,23.0,23.0,27.0,38.0,22.0,23.0,27.0,24.0,24.0,21.0,22.0,21.0,21.0,22.0,22.0,22.0,22.0,21.0,22.0,22.0,21.0,22.0,21.0,21.0,21.0,21.0,22.0,21.0,10.0,hold,2,2,11.1078
1787152287.3476,2026-08-19 17:11:27.347,10,c3,1,0,-0.03943,-0.49603,0.04092,-4.7607,10.7085,-20.6843,-0.0789,0.0078,-0.2423,3.74363,23.0,24.0,22.0,23.0,33.0,33.0,22.0,27.0,32.0,33.0,23.0,23.0,27.0,38.0,22.0,23.0,27.0,24.0,24.0,21.0,22.0,21.0,21.0,22.0,22.0,22.0,22.0,21.0,22.0,22.0,21.0,22.0,21.0,21.0,21.0,21.0,22.0,21.0,10.0,hold,2,2,11.1773
1787152287.3978,2026-08-19 17:11:27.397,10,c3,1,0,-0.03945,-0.49601,0.04091,-4.4008,10.0727,-20.7044,-0.0638,0.0157,-0.2339,3.75873,25.0,23.0,21.0,24.0,32.0,31.0,22.0,25.0,31.0,34.0,24.0,23.0,27.0,38.0,23.0,20.0,26.0,23.0,23.0,21.0,22.0,21.0,21.0,22.0,22.0,22.0,22.0,21.0,22.0,22.0,21.0,22.0,21.0,21.0,21.0,21.0,22.0,21.0,10.0,hold,2,2,11.0429
1787152287.4479,2026-08-19 17:11:27.447,10,c3,1,0,-0.03945,-0.49602,0.04092,-4.8633,10.6302,-20.4557,-0.0796,0.0085,-0.2346,3.75193,23.0,24.0,22.0,22.0,30.0,33.0,23.0,26.0,33.0,35.0,24.0,22.0,29.0,39.0,23.0,23.0,29.0,23.0,25.0,21.0,22.0,21.0,21.0,22.0,22.0,22.0,22.0,21.0,22.0,22.0,21.0,22.0,21.0,21.0,21.0,21.0,22.0,21.0,10.0,hold,2,2,11.1033
1787152287.498,2026-08-19 17:11:27.497,10,c3,1,0,-0.03946,-0.49602,0.04093,-4.5577,10.3166,-20.7162,-0.07,0.0146,-0.2368,3.75974,23.0,24.0,22.0,22.0,30.0,33.0,23.0,26.0,33.0,35.0,24.0,22.0,29.0,39.0,23.0,23.0,29.0,23.0,25.0,21.0,22.0,21.0,21.0,22.0,22.0,22.0,22.0,21.0,22.0,22.0,21.0,22.0,21.0,21.0,21.0,21.0,22.0,21.0,10.0,hold,2,2,11.0339
1787152287.5481,2026-08-19 17:11:27.548,10,c3,1,0,-0.03944,-0.49602,0.04092,-4.9421,10.4609,-20.633,-0.0732,0.0055,-0.2352,3.74967,24.0,25.0,24.0,25.0,34.0,34.0,23.0,25.0,34.0,35.0,24.0,22.0,28.0,37.0,24.0,20.0,28.0,23.0,23.0,21.0,22.0,21.0,21.0,22.0,22.0,22.0,22.0,21.0,22.0,22.0,21.0,22.0,21.0,21.0,21.0,21.0,22.0,21.0,10.0,hold,2,2,11.1235
1787152287.5982,2026-08-19 17:11:27.598,10,c3,1,0,-0.03944,-0.49601,0.04091,-4.6339,10.2305,-20.6375,-0.0654,0.0122,-0.2315,3.75898,24.0,25.0,24.0,25.0,34.0,34.0,23.0,25.0,34.0,35.0,24.0,22.0,28.0,37.0,24.0,20.0,28.0,23.0,23.0,21.0,22.0,21.0,21.0,22.0,22.0,22.0,22.0,21.0,22.0,22.0,21.0,22.0,21.0,21.0,21.0,21.0,22.0,21.0,10.0,hold,2,2,11.0406
1787152287.6484,2026-08-19 17:11:27.648,10,c3,1,0,-0.03945,-0.49602,0.04093,-4.3281,10.1345,-20.7928,-0.0617,0.0219,-0.2334,3.74866,21.0,25.0,23.0,20.0,34.0,34.0,24.0,24.0,32.0,35.0,23.0,21.0,27.0,38.0,25.0,20.0,27.0,23.0,23.0,21.0,22.0,21.0,21.0,22.0,22.0,22.0,22.0,21.0,22.0,22.0,21.0,22.0,21.0,21.0,21.0,21.0,22.0,21.0,10.0,hold,2,2,11.1325
1787152287.6985,2026-08-19 17:11:27.698,10,c3,1,0,-0.03945,-0.49602,0.04092,-5.0999,10.4039,-20.7271,-0.0673,0.0021,-0.2424,3.76175,20.0,24.0,21.0,20.0,32.0,33.0,23.0,26.0,32.0,35.0,24.0,22.0,29.0,38.0,23.0,22.0,27.0,23.0,23.0,21.0,22.0,21.0,21.0,22.0,22.0,22.0,22.0,21.0,22.0,22.0,21.0,22.0,21.0,21.0,21.0,21.0,22.0,21.0,10.0,hold,2,2,11.016
1787152287.7487,2026-08-19 17:11:27.748,10,c3,1,0,-0.03944,-0.49602,0.04092,-4.9823,10.7208,-20.5453,-0.08,0.0016,-0.2451,3.74916,20.0,24.0,21.0,20.0,32.0,33.0,23.0,26.0,32.0,35.0,24.0,22.0,29.0,38.0,23.0,22.0,27.0,23.0,23.0,21.0,22.0,21.0,21.0,22.0,22.0,22.0,22.0,21.0,22.0,22.0,21.0,22.0,21.0,21.0,21.0,21.0,22.0,21.0,10.0,hold,2,2,11.128
1787152287.7988,2026-08-19 17:11:27.798,10,c3,1,0,-0.03945,-0.49603,0.04093,-4.5977,10.5722,-20.8026,-0.0752,0.0118,-0.2325,3.761,24.0,24.0,22.0,22.0,32.0,32.0,24.0,24.0,33.0,32.0,24.0,20.0,27.0,38.0,23.0,21.0,26.0,23.0,23.0,21.0,22.0,21.0,21.0,22.0,22.0,22.0,22.0,21.0,22.0,22.0,21.0,22.0,21.0,21.0,21.0,21.0,22.0,21.0,10.0,hold,2,2,11.0227
1787152287.8489,2026-08-19 17:11:27.848,10,c3,1,0,-0.03944,-0.49601,0.04092,-4.6932,10.4683,-20.6518,-0.0748,0.0116,-0.234,3.75395,24.0,24.0,22.0,22.0,32.0,32.0,24.0,24.0,33.0,32.0,24.0,20.0,27.0,38.0,23.0,21.0,26.0,23.0,23.0,21.0,22.0,21.0,21.0,22.0,22.0,22.0,22.0,21.0,22.0,22.0,21.0,22.0,21.0,21.0,21.0,21.0,22.0,21.0,10.0,hold,2,2,11.0854
1787152287.899,2026-08-19 17:11:27.898,10,c3,1,0,-0.03943,-0.49601,0.04092,-4.8308,10.4856,-20.6555,-0.0741,0.0092,-0.2357,3.75873,24.0,24.0,22.0,23.0,33.0,33.0,22.0,23.0,33.0,34.0,23.0,20.0,28.0,38.0,24.0,20.0,26.0,22.0,22.0,21.0,22.0,21.0,21.0,22.0,22.0,22.0,22.0,21.0,22.0,22.0,21.0,22.0,21.0,21.0,21.0,21.0,22.0,21.0,10.0,hold,2,2,11.0429
1787152287.9491,2026-08-19 17:11:27.949,10,c3,1,0,-0.03943,-0.49602,0.04092,-4.9561,10.9325,-20.5433,-0.0847,0.004,-0.2349,3.74765,24.0,24.0,22.0,23.0,33.0,33.0,22.0,23.0,33.0,34.0,23.0,20.0,28.0,38.0,24.0,20.0,26.0,22.0,22.0,21.0,22.0,21.0,21.0,22.0,22.0,22.0,22.0,21.0,22.0,22.0,21.0,22.0,21.0,21.0,21.0,21.0,22.0,21.0,10.0,hold,2,2,11.1414
1787152287.9992,2026-08-19 17:11:27.999,10,c3,1,0,-0.03945,-0.49601,0.04093,-5.0675,10.3135,-20.6264,-0.067,0.0031,-0.2423,3.7547,23.0,23.0,22.0,20.0,32.0,33.0,23.0,26.0,33.0,33.0,23.0,22.0,29.0,36.0,22.0,21.0,26.0,21.0,22.0,21.0,22.0,21.0,21.0,22.0,22.0,22.0,22.0,21.0,22.0,22.0,21.0,22.0,21.0,21.0,21.0,21.0,22.0,21.0,10.0,hold,2,2,11.0787
1787152288.0493,2026-08-19 17:11:28.049,10,c3,1,0,-0.03945,-0.49601,0.04092,-4.2893,10.6304,-20.8069,-0.0758,0.0193,-0.2423,3.74765,24.0,24.0,21.0,23.0,33.0,32.0,21.0,26.0,32.0,35.0,22.0,22.0,28.0,39.0,22.0,21.0,28.0,23.0,25.0,21.0,22.0,21.0,21.0,22.0,22.0,22.0,22.0,21.0,22.0,22.0,21.0,22.0,21.0,21.0,21.0,21.0,22.0,21.0,10.0,hold,2,2,11.1414
1787152288.0995,2026-08-19 17:11:28.099,10,c3,1,0,-0.03943,-0.49601,0.04092,-4.9394,10.4933,-20.7115,-0.0738,0.0075,-0.2378,3.7464,24.0,24.0,21.0,23.0,33.0,32.0,21.0,26.0,32.0,35.0,22.0,22.0,28.0,39.0,22.0,21.0,28.0,23.0,25.0,21.0,22.0,21.0,21.0,22.0,22.0,22.0,22.0,21.0,22.0,22.0,21.0,22.0,21.0,21.0,21.0,21.0,22.0,21.0,10.0,hold,2,2,11.1526
1787152288.1497,2026-08-19 17:11:28.149,10,c3,1,0,-0.03945,-0.49603,0.04092,-4.6337,10.4148,-20.7855,-0.069,0.0127,-0.2346,3.75974,23.0,25.0,22.0,23.0,33.0,33.0,23.0,25.0,34.0,33.0,23.0,22.0,29.0,36.0,23.0,22.0,27.0,23.0,24.0,21.0,22.0,21.0,21.0,22.0,22.0,22.0,22.0,21.0,22.0,22.0,21.0,22.0,21.0,21.0,21.0,21.0,22.0,21.0,10.0,hold,2,2,11.0339
1787152288.1998,2026-08-19 17:11:28.199,10,c3,1,0,-0.03945,-0.49601,0.04092,-4.6504,10.1663,-20.7751,-0.0665,0.0114,-0.2376,3.75546,23.0,25.0,22.0,23.0,33.0,33.0,23.0,25.0,34.0,33.0,23.0,22.0,29.0,36.0,23.0,22.0,27.0,23.0,24.0,21.0,22.0,21.0,21.0,22.0,22.0,22.0,22.0,21.0,22.0,22.0,21.0,22.0,21.0,21.0,21.0,21.0,22.0,21.0,10.0,hold,2,2,11.072
1787152288.2499,2026-08-19 17:11:28.249,10,c3,1,0,-0.03942,-0.49601,0.04091,-4.6981,10.4412,-20.8007,-0.0685,0.0092,-0.2344,3.75798,23.0,24.0,21.0,21.0,33.0,31.0,22.0,23.0,33.0,33.0,24.0,21.0,30.0,37.0,23.0,20.0,27.0,22.0,22.0,21.0,22.0,21.0,21.0,22.0,22.0,22.0,22.0,21.0,22.0,22.0,21.0,22.0,21.0,21.0,21.0,21.0,22.0,21.0,10.0,hold,2,2,11.0496
1787152288.3,2026-08-19 17:11:28.299,10,c3,1,0,-0.03946,-0.49602,0.04092,-4.4711,10.3774,-20.8404,-0.0702,0.0139,-0.2331,3.7537,21.0,24.0,20.0,21.0,32.0,32.0,24.0,24.0,31.0,34.0,24.0,22.0,27.0,38.0,23.0,19.0,27.0,24.0,22.0,21.0,22.0,21.0,21.0,22.0,22.0,22.0,22.0,21.0,22.0,22.0,21.0,22.0,21.0,21.0,21.0,21.0,22.0,21.0,10.0,hold,2,2,11.0877
1787152288.3501,2026-08-19 17:11:28.350,10,c3,1,0,-0.03944,-0.49602,0.04092,-4.87,10.5353,-20.5667,-0.0763,0.0072,-0.2366,3.76427,21.0,24.0,20.0,21.0,32.0,32.0,24.0,24.0,31.0,34.0,24.0,22.0,27.0,38.0,23.0,19.0,27.0,24.0,22.0,21.0,22.0,21.0,21.0,22.0,22.0,22.0,22.0,21.0,22.0,22.0,21.0,22.0,21.0,21.0,21.0,21.0,22.0,21.0,10.0,hold,2,2,10.9936
1787152288.4002,2026-08-19 17:11:28.400,10,c3,1,0,-0.03945,-0.49601,0.04091,-4.8112,10.3825,-20.6944,-0.0714,0.0083,-0.2389,3.75294,22.0,23.0,22.0,22.0,30.0,33.0,23.0,24.0,31.0,33.0,23.0,21.0,28.0,38.0,23.0,21.0,27.0,23.0,22.0,21.0,22.0,21.0,21.0,22.0,22.0,22.0,22.0,21.0,22.0,22.0,21.0,22.0,21.0,21.0,21.0,21.0,22.0,21.0,10.0,hold,2,2,11.0944
1787152288.4503,2026-08-19 17:11:28.450,10,c3,1,0,-0.03945,-0.49603,0.04092,-4.4933,10.3917,-20.8497,-0.0692,0.0189,-0.236,3.75647,22.0,23.0,22.0,22.0,30.0,33.0,23.0,24.0,31.0,33.0,23.0,21.0,28.0,38.0,23.0,21.0,27.0,23.0,22.0,21.0,22.0,21.0,21.0,22.0,22.0,22.0,22.0,21.0,22.0,22.0,21.0,22.0,21.0,21.0,21.0,21.0,22.0,21.0,10.0,hold,2,2,11.063
1787152288.5004,2026-08-19 17:11:28.500,10,c3,1,0,-0.03944,-0.49603,0.04093,-4.6158,10.424,-20.8744,-0.0747,0.0113,-0.2297,3.75143,21.0,24.0,22.0,21.0,32.0,32.0,22.0,26.0,33.0,32.0,25.0,23.0,28.0,37.0,24.0,21.0,25.0,22.0,25.0,21.0,22.0,21.0,21.0,22.0,22.0,22.0,22.0,21.0,22.0,22.0,21.0,22.0,21.0,21.0,21.0,21.0,22.0,21.0,10.0,hold,2,2,11.1078
1787152288.5505,2026-08-19 17:11:28.550,10,c3,1,0,-0.03943,-0.49601,0.04092,-4.8336,11.167,-20.5544,-0.0879,0.0072,-0.243,3.75823,24.0,25.0,20.0,24.0,33.0,31.0,24.0,24.0,32.0,33.0,24.0,21.0,29.0,38.0,22.0,20.0,27.0,22.0,23.0,21.0,22.0,21.0,21.0,22.0,22.0,22.0,22.0,21.0,22.0,22.0,21.0,22.0,21.0,21.0,21.0,21.0,22.0,21.0,10.0,hold,2,2,11.0473
1787152288.6006,2026-08-19 17:11:28.600,10,c3,1,0,-0.03944,-0.49602,0.04092,-4.7679,10.4362,-20.5291,-0.0735,0.0114,-0.2301,3.7537,24.0,25.0,20.0,24.0,33.0,31.0,24.0,24.0,32.0,33.0,24.0,21.0,29.0,38.0,22.0,20.0,27.0,22.0,23.0,21.0,22.0,21.0,21.0,22.0,22.0,22.0,22.0,21.0,22.0,22.0,21.0,22.0,21.0,21.0,21.0,21.0,22.0,21.0,10.0,hold,2,2,11.0877
1787152288.6507,2026-08-19 17:11:28.650,10,c3,1,0,-0.03945,-0.49602,0.04093,-4.7248,10.3241,-20.6624,-0.0715,0.0099,-0.2311,3.75772,24.0,24.0,22.0,23.0,33.0,32.0,23.0,25.0,31.0,33.0,23.0,21.0,26.0,36.0,23.0,21.0,26.0,23.0,23.0,21.0,22.0,21.0,21.0,22.0,22.0,22.0,22.0,21.0,22.0,22.0,21.0,22.0,21.0,21.0,21.0,21.0,22.0,21.0,10.0,hold,2,2,11.0518
1787152288.7008,2026-08-19 17:11:28.700,10,c3,1,0,-0.03944,-0.49602,0.04092,-5.0386,10.955,-20.6355,-0.0838,0.0017,-0.2351,3.7537,24.0,24.0,22.0,23.0,33.0,32.0,23.0,25.0,31.0,33.0,23.0,21.0,26.0,36.0,23.0,21.0,26.0,23.0,23.0,21.0,22.0,21.0,21.0,22.0,22.0,22.0,22.0,21.0,22.0,22.0,21.0,22.0,21.0,21.0,21.0,21.0,22.0,21.0,10.0,hold,2,2,11.0877
1787152288.7509,2026-08-19 17:11:28.750,10,c3,1,0,-0.03943,-0.49601,0.04091,-4.6466,10.5985,-20.6981,-0.0773,0.0113,-0.2307,3.74992,23.0,22.0,21.0,23.0,31.0,32.0,22.0,25.0,32.0,34.0,22.0,22.0,28.0,38.0,22.0,22.0,27.0,23.0,23.0,21.0,22.0,21.0,21.0,22.0,22.0,22.0,22.0,21.0,22.0,22.0,21.0,22.0,21.0,21.0,21.0,21.0,22.0,21.0,10.0,hold,2,2,11.1213
1787152288.801,2026-08-19 17:11:28.800,10,c3,1,0,-0.03944,-0.49602,0.04092,-4.8258,10.516,-20.8301,-0.0752,0.0071,-0.2358,3.75143,24.0,23.0,21.0,22.0,33.0,31.0,23.0,25.0,33.0,32.0,23.0,22.0,27.0,37.0,21.0,20.0,27.0,22.0,23.0,21.0,22.0,21.0,21.0,22.0,22.0,22.0,22.0,21.0,22.0,22.0,21.0,22.0,21.0,21.0,21.0,21.0,22.0,21.0,10.0,hold,2,2,11.1078
1787152288.8511,2026-08-19 17:11:28.851,10,c3,1,0,-0.03945,-0.49602,0.04091,-4.7175,10.5634,-20.8103,-0.0764,0.0107,-0.2304,3.75093,24.0,23.0,21.0,22.0,33.0,31.0,23.0,25.0,33.0,32.0,23.0,22.0,27.0,37.0,21.0,20.0,27.0,22.0,23.0,21.0,22.0,21.0,21.0,22.0,22.0,22.0,22.0,21.0,22.0,22.0,21.0,22.0,21.0,21.0,21.0,21.0,22.0,21.0,10.0,hold,2,2,11.1123
1787152288.9012,2026-08-19 17:11:28.901,10,c3,1,0,-0.03942,-0.49601,0.04092,-4.8872,10.432,-20.6087,-0.0693,0.0089,-0.2371,3.76049,24.0,24.0,21.0,22.0,33.0,32.0,23.0,25.0,30.0,33.0,24.0,22.0,27.0,38.0,24.0,22.0,27.0,23.0,25.0,21.0,22.0,21.0,21.0,22.0,22.0,22.0,22.0,21.0,22.0,22.0,21.0,22.0,21.0,21.0,21.0,21.0,22.0,21.0,10.0,hold,2,2,11.0272
1787152288.9513,2026-08-19 17:11:28.951,10,c3,1,0,-0.03945,-0.49602,0.04093,-4.9905,10.2561,-20.7249,-0.0642,0.0055,-0.2302,3.74992,24.0,24.0,21.0,22.0,33.0,32.0,23.0,25.0,30.0,33.0,24.0,22.0,27.0,38.0,24.0,22.0,27.0,23.0,25.0,21.0,22.0,21.0,21.0,22.0,22.0,22.0,22.0,21.0,22.0,22.0,21.0,22.0,21.0,21.0,21.0,21.0,22.0,21.0,10.0,hold,2,2,11.1213
1787152289.0015,2026-08-19 17:11:29.001,10,c3,1,0,-0.03944,-0.49603,0.04093,-4.5669,10.2817,-20.8182,-0.0654,0.0144,-0.236,3.75873,24.0,20.0,22.0,23.0,30.0,33.0,24.0,26.0,30.0,33.0,22.0,21.0,27.0,37.0,21.0,22.0,27.0,22.0,24.0,21.0,22.0,21.0,21.0,22.0,22.0,22.0,22.0,21.0,22.0,22.0,21.0,22.0,21.0,21.0,21.0,21.0,22.0,21.0,10.0,hold,2,2,11.0429
1787152289.0518,2026-08-19 17:11:29.051,10,c3,1,0,-0.03947,-0.49601,0.04092,-4.8978,10.5667,-20.7046,-0.0728,0.0064,-0.2361,3.76175,23.0,23.0,22.0,23.0,31.0,33.0,23.0,25.0,31.0,34.0,23.0,22.0,26.0,39.0,23.0,22.0,27.0,23.0,25.0,21.0,22.0,21.0,21.0,22.0,22.0,22.0,22.0,21.0,22.0,22.0,21.0,22.0,21.0,21.0,21.0,21.0,22.0,21.0,10.0,hold,2,2,11.016
1787152289.1019,2026-08-19 17:11:29.101,10,c3,1,0,-0.03944,-0.49602,0.04093,-4.9323,11.0317,-20.8035,-0.0859,0.0048,-0.2329,3.75496,23.0,23.0,22.0,23.0,31.0,33.0,23.0,25.0,31.0,34.0,23.0,22.0,26.0,39.0,23.0,22.0,27.0,23.0,25.0,21.0,22.0,21.0,21.0,22.0,22.0,22.0,22.0,21.0,22.0,22.0,21.0,22.0,21.0,21.0,21.0,21.0,22.0,21.0,10.0,hold,2,2,11.0765
1787152289.152,2026-08-19 17:11:29.152,10,c3,1,0,-0.03945,-0.49602,0.04092,-4.6217,10.6945,-20.7649,-0.0794,0.0135,-0.2342,3.76024,24.0,23.0,22.0,23.0,31.0,33.0,22.0,25.0,33.0,35.0,25.0,22.0,28.0,38.0,24.0,22.0,27.0,23.0,23.0,21.0,22.0,21.0,21.0,22.0,22.0,22.0,22.0,21.0,22.0,22.0,21.0,22.0,21.0,21.0,21.0,21.0,22.0,21.0,10.0,hold,2,2,11.0294
1787152289.2021,2026-08-19 17:11:29.202,10,c3,1,0,-0.03946,-0.49601,0.04091,-4.6248,10.4577,-20.6988,-0.0721,0.0105,-0.2343,3.7537,24.0,23.0,22.0,23.0,31.0,33.0,22.0,25.0,33.0,35.0,25.0,22.0,28.0,38.0,24.0,22.0,27.0,23.0,23.0,21.0,22.0,21.0,21.0,22.0,22.0,22.0,22.0,21.0,22.0,22.0,21.0,22.0,21.0,21.0,21.0,21.0,22.0,21.0,10.0,hold,2,2,11.0877
1787152289.2523,2026-08-19 17:11:29.252,10,c3,1,0,-0.03946,-0.49603,0.04093,-5.1931,10.4363,-20.5604,-0.0697,-0.0027,-0.2382,3.75949,24.0,24.0,23.0,22.0,32.0,34.0,23.0,25.0,32.0,35.0,25.0,21.0,27.0,39.0,25.0,21.0,27.0,24.0,24.0,21.0,22.0,21.0,21.0,22.0,22.0,22.0,22.0,21.0,22.0,22.0,21.0,22.0,21.0,21.0,21.0,21.0,22.0,21.0,10.0,hold,2,2,11.0361
1787152289.3024,2026-08-19 17:11:29.302,10,c3,1,0,-0.03944,-0.49602,0.04093,-4.6184,10.5441,-20.7037,-0.0725,0.0121,-0.2277,3.75596,24.0,24.0,23.0,22.0,32.0,34.0,23.0,25.0,32.0,35.0,25.0,21.0,27.0,39.0,25.0,21.0,27.0,24.0,24.0,21.0,22.0,21.0,21.0,22.0,22.0,22.0,22.0,21.0,22.0,22.0,21.0,22.0,21.0,21.0,21.0,21.0,22.0,21.0,10.0,hold,2,2,11.0675
1787152289.3525,2026-08-19 17:11:29.352,10,c3,1,0,-0.03945,-0.49602,0.04091,-4.7707,10.5258,-20.5868,-0.0731,0.0078,-0.2321,3.76553,24.0,22.0,23.0,22.0,33.0,34.0,24.0,24.0,32.0,33.0,25.0,22.0,29.0,38.0,25.0,20.0,26.0,24.0,23.0,21.0,22.0,21.0,21.0,22.0,22.0,22.0,22.0,21.0,22.0,22.0,21.0,22.0,21.0,21.0,21.0,21.0,22.0,21.0,10.0,hold,2,2,10.9824
1787152289.4027,2026-08-19 17:11:29.402,10,c3,1,0,-0.03946,-0.49601,0.04092,-4.9122,10.234,-20.6381,-0.0665,0.0071,-0.2372,3.75294,23.0,23.0,21.0,23.0,32.0,32.0,23.0,26.0,32.0,33.0,24.0,23.0,28.0,37.0,24.0,22.0,26.0,23.0,24.0,21.0,22.0,21.0,21.0,22.0,22.0,22.0,22.0,21.0,22.0,22.0,21.0,22.0,21.0,21.0,21.0,21.0,22.0,21.0,10.0,hold,2,2,11.0944
1787152289.4529,2026-08-19 17:11:29.452,10,c3,1,0,-0.03946,-0.49601,0.04091,-4.6608,10.3987,-20.7893,-0.0702,0.012,-0.2315,3.76226,23.0,23.0,21.0,23.0,32.0,32.0,23.0,26.0,32.0,33.0,24.0,23.0,28.0,37.0,24.0,22.0,26.0,23.0,24.0,21.0,22.0,21.0,21.0,22.0,22.0,22.0,22.0,21.0,22.0,22.0,21.0,22.0,21.0,21.0,21.0,21.0,22.0,21.0,10.0,hold,2,2,11.0115
1787152289.503,2026-08-19 17:11:29.503,10,c3,1,0,-0.03943,-0.49601,0.04092,-4.5628,10.259,-20.6729,-0.0677,0.0163,-0.2316,3.75118,22.0,25.0,21.0,22.0,33.0,32.0,23.0,24.0,33.0,32.0,23.0,21.0,28.0,39.0,24.0,21.0,28.0,24.0,23.0,21.0,22.0,21.0,21.0,22.0,22.0,22.0,22.0,21.0,22.0,22.0,21.0,22.0,21.0,21.0,21.0,21.0,22.0,21.0,10.0,hold,2,2,11.1101
1787152289.5531,2026-08-19 17:11:29.553,10,c3,1,0,-0.03945,-0.49601,0.04091,-4.5838,10.3227,-20.8082,-0.0679,0.016,-0.2288,3.76427,22.0,25.0,21.0,22.0,33.0,32.0,23.0,24.0,33.0,32.0,23.0,21.0,28.0,39.0,24.0,21.0,28.0,24.0,23.0,21.0,22.0,21.0,21.0,22.0,22.0,22.0,22.0,21.0,22.0,22.0,21.0,22.0,21.0,21.0,21.0,21.0,22.0,21.0,10.0,hold,2,2,10.9936
1787152289.6033,2026-08-19 17:11:29.603,10,c3,1,0,-0.03944,-0.49601,0.04092,-4.5728,10.0823,-20.8117,-0.061,0.0144,-0.231,3.75193,21.0,23.0,22.0,21.0,33.0,32.0,23.0,25.0,31.0,35.0,23.0,22.0,27.0,38.0,23.0,22.0,28.0,23.0,22.0,21.0,22.0,21.0,21.0,22.0,22.0,22.0,22.0,21.0,22.0,22.0,21.0,22.0,21.0,21.0,21.0,21.0,22.0,21.0,10.0,hold,2,2,11.1033
1787152289.6533,2026-08-19 17:11:29.653,10,c3,0,0,-0.03942,-0.49601,0.04092,-4.8479,10.3191,-20.8232,-0.068,0.005,-0.2383,3.75974,23.0,24.0,23.0,22.0,32.0,34.0,22.0,25.0,34.0,34.0,24.0,22.0,28.0,38.0,22.0,20.0,27.0,23.0,22.0,21.0,22.0,21.0,21.0,22.0,22.0,22.0,22.0,21.0,22.0,22.0,21.0,22.0,21.0,21.0,21.0,21.0,22.0,21.0,10.0,retract,2,2,11.0339
1787152289.7034,2026-08-19 17:11:29.703,10,c3,0,0,-0.03943,-0.49601,0.04094,-4.584,10.6353,-20.8986,-0.0751,0.014,-0.2444,3.76528,23.0,24.0,23.0,22.0,32.0,34.0,22.0,25.0,34.0,34.0,24.0,22.0,28.0,38.0,22.0,20.0,27.0,23.0,22.0,21.0,22.0,21.0,21.0,22.0,22.0,22.0,22.0,21.0,22.0,22.0,21.0,22.0,21.0,21.0,21.0,21.0,22.0,21.0,10.0,retract,2,2,10.9846
1787152289.7535,2026-08-19 17:11:29.753,10,c3,0,0,-0.03945,-0.496,0.04098,-4.8143,10.649,-20.8508,-0.0761,0.0075,-0.2453,3.78189,21.0,25.0,22.0,21.0,32.0,33.0,22.0,23.0,32.0,34.0,23.0,19.0,27.0,39.0,24.0,18.0,27.0,22.0,19.0,21.0,22.0,21.0,21.0,22.0,22.0,22.0,22.0,21.0,22.0,22.0,21.0,22.0,21.0,21.0,21.0,21.0,22.0,21.0,10.0,retract,2,2,10.8368
1787152289.8036,2026-08-19 17:11:29.803,10,c3,0,0,-0.03942,-0.496,0.04107,-4.8838,10.2881,-20.9404,-0.0689,0.0071,-0.2399,3.83703,21.0,25.0,22.0,21.0,32.0,33.0,22.0,23.0,32.0,34.0,23.0,19.0,27.0,39.0,24.0,18.0,27.0,22.0,19.0,21.0,22.0,21.0,21.0,22.0,22.0,22.0,22.0,21.0,22.0,22.0,21.0,22.0,21.0,21.0,21.0,21.0,22.0,21.0,10.0,retract,2,2,10.3463
1787152289.8538,2026-08-19 17:11:29.853,10,c3,0,0,-0.03944,-0.496,0.04122,-4.4713,10.0965,-21.1778,-0.0644,0.0148,-0.2366,3.90325,21.0,24.0,22.0,20.0,32.0,34.0,23.0,26.0,31.0,35.0,24.0,22.0,25.0,39.0,24.0,22.0,28.0,23.0,23.0,21.0,22.0,21.0,21.0,22.0,22.0,22.0,22.0,21.0,22.0,22.0,21.0,22.0,21.0,21.0,21.0,21.0,22.0,21.0,10.0,retract,2,2,9.7572
1787152289.9038,2026-08-19 17:11:29.903,10,c3,0,0,-0.03944,-0.496,0.04143,-4.3868,10.0577,-21.4891,-0.0631,0.017,-0.2358,3.97526,25.0,23.0,22.0,23.0,32.0,33.0,24.0,24.0,31.0,34.0,23.0,21.0,27.0,39.0,24.0,21.0,28.0,24.0,23.0,21.0,22.0,21.0,21.0,22.0,22.0,22.0,22.0,21.0,22.0,22.0,21.0,22.0,21.0,21.0,21.0,21.0,22.0,21.0,10.0,retract,2,2,9.1166
1787152289.9539,2026-08-19 17:11:29.953,10,c3,0,0,-0.03943,-0.496,0.04165,-4.779,10.4412,-21.9432,-0.0754,0.0073,-0.2331,4.05834,25.0,23.0,22.0,23.0,32.0,33.0,24.0,24.0,31.0,34.0,23.0,21.0,27.0,39.0,24.0,21.0,28.0,24.0,23.0,21.0,22.0,21.0,21.0,22.0,22.0,22.0,22.0,21.0,22.0,22.0,21.0,22.0,21.0,21.0,21.0,21.0,22.0,21.0,10.0,retract,2,2,8.3774
1787152290.004,2026-08-19 17:11:30.003,10,c3,0,0,-0.03943,-0.49599,0.04186,-4.9423,10.8234,-22.2726,-0.0806,0.0014,-0.2399,4.13715,22.0,24.0,22.0,22.0,32.0,34.0,22.0,24.0,30.0,32.0,23.0,21.0,27.0,36.0,23.0,22.0,25.0,23.0,25.0,21.0,22.0,21.0,21.0,22.0,22.0,22.0,22.0,21.0,22.0,22.0,21.0,22.0,21.0,21.0,21.0,21.0,22.0,21.0,10.0,retract,2,2,7.6763
1787152290.0541,2026-08-19 17:11:30.054,10,c3,0,0,-0.03944,-0.49598,0.04211,-4.7106,10.3709,-22.4896,-0.0735,0.0053,-0.2421,4.19002,22.0,24.0,22.0,22.0,32.0,34.0,22.0,24.0,30.0,32.0,23.0,21.0,27.0,36.0,23.0,22.0,25.0,23.0,25.0,21.0,22.0,21.0,21.0,22.0,22.0,22.0,22.0,21.0,22.0,22.0,21.0,22.0,21.0,21.0,21.0,21.0,22.0,21.0,10.0,retract,2,2,7.2059
1787152290.1042,2026-08-19 17:11:30.104,10,c3,0,0,-0.03943,-0.49597,0.0424,-4.6926,10.3439,-22.9728,-0.0729,0.0046,-0.2369,4.29425,24.0,23.0,21.0,23.0,32.0,31.0,24.0,26.0,30.0,31.0,23.0,22.0,27.0,36.0,23.0,22.0,26.0,22.0,23.0,21.0,22.0,21.0,21.0,22.0,22.0,22.0,22.0,21.0,22.0,22.0,21.0,22.0,21.0,21.0,21.0,21.0,22.0,21.0,10.0,retract,2,2,6.2786
1787152290.1543,2026-08-19 17:11:30.154,10,c3,0,0,-0.03941,-0.49596,0.04273,-4.8354,10.5903,-23.1039,-0.0824,0.0037,-0.2395,4.37306,24.0,23.0,21.0,23.0,32.0,31.0,24.0,26.0,30.0,31.0,23.0,22.0,27.0,36.0,23.0,22.0,26.0,22.0,23.0,21.0,22.0,21.0,21.0,22.0,22.0,22.0,22.0,21.0,22.0,22.0,21.0,22.0,21.0,21.0,21.0,21.0,22.0,21.0,10.0,retract,2,2,5.5775
1787152290.2045,2026-08-19 17:11:30.204,10,c3,0,0,-0.03941,-0.49595,0.04304,-4.5793,10.5144,-23.1186,-0.0798,0.0083,-0.2337,4.44406,25.0,23.0,22.0,22.0,31.0,31.0,24.0,24.0,31.0,29.0,24.0,21.0,28.0,35.0,24.0,21.0,25.0,23.0,23.0,21.0,22.0,21.0,21.0,22.0,22.0,22.0,22.0,21.0,22.0,22.0,21.0,22.0,21.0,21.0,21.0,21.0,22.0,21.0,10.0,retract,2,2,4.9459
1787152290.2546,2026-08-19 17:11:30.254,10,c3,0,0,-0.03944,-0.49598,0.0434,-4.7,10.0604,-23.4263,-0.0694,0.0029,-0.2369,4.52085,24.0,24.0,20.0,22.0,31.0,29.0,23.0,26.0,29.0,28.0,23.0,22.0,26.0,33.0,23.0,22.0,24.0,22.0,24.0,21.0,22.0,21.0,21.0,22.0,22.0,22.0,22.0,21.0,22.0,22.0,21.0,22.0,21.0,21.0,21.0,21.0,22.0,21.0,10.0,retract,2,2,4.2627
1787152290.3047,2026-08-19 17:11:30.304,10,c3,0,0,-0.03944,-0.496,0.04374,-4.2696,10.0282,-23.5971,-0.0718,0.0114,-0.2345,4.58128,24.0,24.0,20.0,22.0,31.0,29.0,23.0,26.0,29.0,28.0,23.0,22.0,26.0,33.0,23.0,22.0,24.0,22.0,24.0,21.0,22.0,21.0,21.0,22.0,22.0,22.0,22.0,21.0,22.0,22.0,21.0,22.0,21.0,21.0,21.0,21.0,22.0,21.0,10.0,retract,2,2,3.7252
1787152290.3548,2026-08-19 17:11:30.354,10,c3,0,0,-0.03942,-0.496,0.04409,-4.4212,10.0456,-23.7595,-0.0706,0.0097,-0.2358,4.62735,22.0,23.0,20.0,23.0,30.0,28.0,23.0,24.0,29.0,31.0,24.0,19.0,27.0,33.0,24.0,20.0,26.0,22.0,23.0,21.0,22.0,21.0,21.0,22.0,22.0,22.0,22.0,21.0,22.0,22.0,21.0,22.0,21.0,21.0,21.0,21.0,22.0,21.0,10.0,retract,2,2,3.3152
1787152290.4049,2026-08-19 17:11:30.404,10,c3,0,0,-0.03942,-0.49599,0.04441,-4.5886,10.3166,-24.0119,-0.0781,0.004,-0.2397,4.66864,22.0,23.0,20.0,23.0,30.0,28.0,23.0,24.0,29.0,31.0,24.0,19.0,27.0,33.0,24.0,20.0,26.0,22.0,23.0,21.0,22.0,21.0,21.0,22.0,22.0,22.0,22.0,21.0,22.0,22.0,21.0,22.0,21.0,21.0,21.0,21.0,22.0,21.0,10.0,retract,2,2,2.9479
1787152290.455,2026-08-19 17:11:30.454,10,c3,0,0,-0.03944,-0.49599,0.04475,-4.3803,9.9667,-24.3093,-0.0678,0.0079,-0.233,4.68954,22.0,22.0,20.0,21.0,29.0,28.0,24.0,25.0,29.0,30.0,23.0,21.0,27.0,32.0,23.0,21.0,27.0,22.0,23.0,21.0,22.0,21.0,21.0,22.0,22.0,22.0,22.0,21.0,22.0,22.0,21.0,22.0,21.0,21.0,21.0,21.0,22.0,21.0,10.0,retract,2,2,2.762
1787152290.5051,2026-08-19 17:11:30.505,10,c3,0,0,-0.03942,-0.49598,0.04507,-4.635,10.5028,-24.1787,-0.0809,0.002,-0.242,4.6913,23.0,23.0,21.0,22.0,30.0,28.0,22.0,23.0,28.0,30.0,23.0,20.0,26.0,32.0,22.0,19.0,25.0,22.0,21.0,21.0,22.0,21.0,21.0,22.0,22.0,22.0,22.0,21.0,22.0,22.0,21.0,22.0,21.0,21.0,21.0,21.0,22.0,21.0,10.0,retract,2,2,2.7463
1787152290.5552,2026-08-19 17:11:30.555,10,c3,0,0,-0.03943,-0.49598,0.0454,-4.8053,10.2678,-24.404,-0.0748,-0.0027,-0.2384,4.69684,23.0,23.0,21.0,22.0,30.0,28.0,22.0,23.0,28.0,30.0,23.0,20.0,26.0,32.0,22.0,19.0,25.0,22.0,21.0,21.0,22.0,21.0,21.0,22.0,22.0,22.0,22.0,21.0,22.0,22.0,21.0,22.0,21.0,21.0,21.0,21.0,22.0,21.0,10.0,retract,2,2,2.697
1787152290.6054,2026-08-19 17:11:30.605,10,c3,0,0,-0.03943,-0.49601,0.04576,-4.6364,10.1322,-24.4891,-0.0743,0.0025,-0.2394,4.68778,22.0,24.0,20.0,22.0,29.0,27.0,20.0,23.0,24.0,28.0,23.0,19.0,24.0,31.0,24.0,20.0,25.0,23.0,22.0,21.0,22.0,21.0,21.0,22.0,22.0,22.0,22.0,21.0,22.0,22.0,21.0,22.0,21.0,21.0,21.0,21.0,22.0,21.0,10.0,retract,2,2,2.7777
1787152290.6554,2026-08-19 17:11:30.655,10,c3,0,0,-0.03945,-0.496,0.04608,-4.1781,9.9105,-24.4753,-0.069,0.0125,-0.2329,4.68853,22.0,24.0,20.0,22.0,29.0,27.0,20.0,23.0,24.0,28.0,23.0,19.0,24.0,31.0,24.0,20.0,25.0,23.0,22.0,21.0,22.0,21.0,21.0,22.0,22.0,22.0,22.0,21.0,22.0,22.0,21.0,22.0,21.0,21.0,21.0,21.0,22.0,21.0,10.0,retract,2,2,2.7709
1787152290.7056,2026-08-19 17:11:30.705,10,c3,0,0,-0.03942,-0.49599,0.04642,-4.2797,10.3293,-24.6617,-0.0779,0.0086,-0.2332,4.68375,20.0,21.0,19.0,21.0,27.0,25.0,22.0,23.0,26.0,28.0,22.0,18.0,24.0,31.0,22.0,20.0,25.0,22.0,23.0,21.0,22.0,21.0,21.0,22.0,22.0,22.0,22.0,21.0,22.0,22.0,21.0,22.0,21.0,21.0,21.0,21.0,22.0,21.0,10.0,retract,2,2,2.8135
1787152290.7558,2026-08-19 17:11:30.755,10,c3,0,0,-0.03944,-0.49599,0.04677,-4.4898,10.2898,-24.4465,-0.0759,0.003,-0.2369,4.69407,21.0,21.0,19.0,22.0,29.0,25.0,22.0,23.0,26.0,27.0,23.0,19.0,25.0,29.0,24.0,20.0,25.0,23.0,23.0,21.0,22.0,21.0,21.0,22.0,22.0,22.0,22.0,21.0,22.0,22.0,21.0,22.0,21.0,21.0,21.0,21.0,22.0,21.0,10.0,retract,2,2,2.7217
1787152290.8059,2026-08-19 17:11:30.805,10,c3,0,0,-0.03944,-0.49599,0.0471,-4.4506,10.3398,-24.2818,-0.0761,0.0047,-0.238,4.68979,21.0,21.0,19.0,22.0,29.0,25.0,22.0,23.0,26.0,27.0,23.0,19.0,25.0,29.0,24.0,20.0,25.0,23.0,23.0,21.0,22.0,21.0,21.0,22.0,22.0,22.0,22.0,21.0,22.0,22.0,21.0,22.0,21.0,21.0,21.0,21.0,22.0,21.0,10.0,retract,2,2,2.7597
1787152290.856,2026-08-19 17:11:30.855,10,c3,0,0,-0.03944,-0.496,0.04744,-4.1942,10.1725,-24.2966,-0.0765,0.013,-0.2316,4.69382,23.0,22.0,18.0,22.0,28.0,23.0,23.0,26.0,25.0,27.0,23.0,22.0,24.0,28.0,23.0,21.0,23.0,24.0,24.0,21.0,22.0,21.0,21.0,22.0,22.0,22.0,22.0,21.0,22.0,22.0,21.0,22.0,21.0,21.0,21.0,21.0,22.0,21.0,10.0,retract,2,2,2.7239
1787152290.9061,2026-08-19 17:11:30.906,10,c3,0,0,-0.03944,-0.496,0.04775,-4.2198,9.8826,-24.3489,-0.0708,0.0113,-0.2321,4.68677,23.0,22.0,18.0,22.0,28.0,23.0,23.0,26.0,25.0,27.0,23.0,22.0,24.0,28.0,23.0,21.0,23.0,24.0,24.0,21.0,22.0,21.0,21.0,22.0,22.0,22.0,22.0,21.0,22.0,22.0,21.0,22.0,21.0,21.0,21.0,21.0,22.0,21.0,10.0,retract,2,2,2.7866
1787152290.9562,2026-08-19 17:11:30.956,10,c3,0,0,-0.03943,-0.496,0.04806,-4.1366,10.3445,-24.3325,-0.0763,0.0132,-0.238,4.69558,24.0,21.0,19.0,23.0,26.0,23.0,23.0,24.0,25.0,28.0,23.0,20.0,24.0,29.0,24.0,21.0,25.0,24.0,23.0,21.0,22.0,21.0,21.0,22.0,22.0,22.0,22.0,21.0,22.0,22.0,21.0,22.0,21.0,21.0,21.0,21.0,22.0,21.0,10.0,retract,2,2,2.7082
1787152291.0063,2026-08-19 17:11:31.006,10,c3,0,0,-0.03944,-0.496,0.04839,-4.077,10.1683,-24.2142,-0.0772,0.0144,-0.2381,4.69357,22.0,23.0,21.0,22.0,27.0,25.0,24.0,23.0,26.0,27.0,22.0,19.0,25.0,28.0,23.0,20.0,24.0,22.0,22.0,21.0,22.0,21.0,21.0,22.0,22.0,22.0,22.0,21.0,22.0,22.0,21.0,22.0,21.0,21.0,21.0,21.0,22.0,21.0,10.0,retract,2,2,2.7261
1787152291.0565,2026-08-19 17:11:31.056,10,c3,0,0,-0.03943,-0.496,0.04875,-4.4305,10.3635,-24.2281,-0.083,0.0092,-0.2343,4.68879,22.0,23.0,21.0,22.0,27.0,25.0,24.0,23.0,26.0,27.0,22.0,19.0,25.0,28.0,23.0,20.0,24.0,22.0,22.0,21.0,22.0,21.0,21.0,22.0,22.0,22.0,22.0,21.0,22.0,22.0,21.0,22.0,21.0,21.0,21.0,21.0,22.0,21.0,10.0,retract,2,2,2.7687
1787152291.1066,2026-08-19 17:11:31.106,10,c3,0,0,-0.03945,-0.496,0.04909,-4.1192,10.0732,-24.172,-0.0781,0.0171,-0.2316,4.69231,20.0,23.0,18.0,21.0,28.0,23.0,24.0,21.0,22.0,26.0,23.0,16.0,24.0,28.0,23.0,19.0,25.0,23.0,21.0,21.0,22.0,21.0,21.0,22.0,22.0,22.0,22.0,21.0,22.0,22.0,21.0,22.0,21.0,21.0,21.0,21.0,22.0,21.0,10.0,retract,2,2,2.7373
1787152291.1567,2026-08-19 17:11:31.156,10,c3,0,0,-0.03944,-0.496,0.04942,-4.5382,10.3848,-24.1268,-0.0776,0.0049,-0.2345,4.6908,20.0,23.0,18.0,21.0,28.0,23.0,24.0,21.0,22.0,26.0,23.0,16.0,24.0,28.0,23.0,19.0,25.0,23.0,21.0,21.0,22.0,21.0,21.0,22.0,22.0,22.0,22.0,21.0,22.0,22.0,21.0,22.0,21.0,21.0,21.0,21.0,22.0,21.0,10.0,retract,2,2,2.7508
1787152291.2069,2026-08-19 17:11:31.206,10,c3,0,0,-0.03945,-0.496,0.04973,-4.7169,10.6261,-24.2781,-0.0826,-0.0022,-0.2403,4.69558,19.0,21.0,18.0,19.0,25.0,23.0,23.0,25.0,23.0,25.0,22.0,21.0,24.0,26.0,23.0,22.0,23.0,22.0,24.0,21.0,22.0,21.0,21.0,22.0,22.0,22.0,22.0,21.0,22.0,22.0,21.0,22.0,21.0,21.0,21.0,21.0,22.0,21.0,10.0,retract,2,2,2.7082
1787152291.257,2026-08-19 17:11:31.257,10,c3,0,0,-0.03945,-0.496,0.04998,-4.2877,10.287,-23.9773,-0.0788,0.0096,-0.2365,4.68526,19.0,21.0,18.0,19.0,25.0,23.0,23.0,25.0,23.0,25.0,22.0,21.0,24.0,26.0,23.0,22.0,23.0,22.0,24.0,21.0,22.0,21.0,21.0,22.0,22.0,22.0,22.0,21.0,22.0,22.0,21.0,22.0,21.0,21.0,21.0,21.0,22.0,21.0,10.0,retract,2,2,2.8001
1787152291.3071,2026-08-19 17:11:31.307,10,c3,0,0,-0.03944,-0.496,0.0502,-4.3841,10.4245,-23.9299,-0.0836,0.0074,-0.2315,4.70011,22.0,20.0,18.0,23.0,26.0,21.0,23.0,23.0,21.0,26.0,23.0,18.0,22.0,27.0,23.0,20.0,22.0,23.0,23.0,21.0,22.0,21.0,21.0,22.0,22.0,22.0,22.0,21.0,22.0,22.0,21.0,22.0,21.0,21.0,21.0,21.0,22.0,21.0,10.0,retract,2,2,2.6679
1787152291.3573,2026-08-19 17:11:31.357,10,c3,0,0,-0.03945,-0.49604,0.05043,-4.6481,10.2647,-24.1783,-0.0755,0.0026,-0.2407,4.68778,21.0,20.0,17.0,20.0,25.0,22.0,23.0,21.0,23.0,26.0,22.0,17.0,24.0,28.0,21.0,20.0,25.0,21.0,21.0,21.0,22.0,21.0,21.0,22.0,22.0,22.0,22.0,21.0,22.0,22.0,21.0,22.0,21.0,21.0,21.0,21.0,22.0,21.0,10.0,retract,2,2,2.7777
1787152291.4074,2026-08-19 17:11:31.407,10,c3,0,0,-0.03944,-0.49602,0.05056,-4.1579,10.1908,-24.1806,-0.0767,0.0127,-0.2316,4.68879,21.0,20.0,17.0,20.0,25.0,22.0,23.0,21.0,23.0,26.0,22.0,17.0,24.0,28.0,21.0,20.0,25.0,21.0,21.0,21.0,22.0,21.0,21.0,22.0,22.0,22.0,22.0,21.0,22.0,22.0,21.0,22.0,21.0,21.0,21.0,21.0,22.0,21.0,10.0,retract,2,2,2.7687
1787152291.4577,2026-08-19 17:11:31.457,10,c3,0,0,-0.03944,-0.49601,0.05065,-4.5985,10.3303,-24.1106,-0.0823,0.0022,-0.2349,4.68224,20.0,21.0,18.0,20.0,26.0,23.0,21.0,22.0,22.0,24.0,24.0,19.0,22.0,26.0,24.0,20.0,24.0,24.0,22.0,21.0,22.0,21.0,21.0,22.0,22.0,22.0,22.0,21.0,22.0,22.0,21.0,22.0,21.0,21.0,21.0,21.0,22.0,21.0,10.0,retract,2,2,2.8269
1787152291.5078,2026-08-19 17:11:31.507,10,c3,0,0,-0.03943,-0.49599,0.05073,-4.4639,10.0743,-24.1761,-0.0737,0.0053,-0.2291,4.6908,20.0,21.0,18.0,20.0,26.0,23.0,21.0,22.0,22.0,24.0,24.0,19.0,22.0,26.0,24.0,20.0,24.0,24.0,22.0,21.0,22.0,21.0,21.0,22.0,22.0,22.0,22.0,21.0,22.0,22.0,21.0,22.0,21.0,21.0,21.0,21.0,22.0,21.0,10.0,retract,2,2,2.7508
1787152291.5579,2026-08-19 17:11:31.557,10,c3,0,0,-0.0394,-0.49598,0.05079,-4.0285,9.8982,-24.115,-0.0696,0.0164,-0.226,4.69684,20.0,19.0,18.0,20.0,24.0,21.0,24.0,24.0,23.0,27.0,22.0,18.0,23.0,27.0,23.0,20.0,25.0,21.0,23.0,21.0,22.0,21.0,21.0,22.0,22.0,22.0,22.0,21.0,22.0,22.0,21.0,22.0,21.0,21.0,21.0,21.0,22.0,21.0,10.0,retract,2,2,2.697
1787152291.608,2026-08-19 17:11:31.608,10,c3,0,0,-0.03944,-0.49598,0.05083,-4.4322,10.0664,-24.0694,-0.0683,0.0063,-0.2419,4.68904,20.0,21.0,20.0,21.0,25.0,24.0,23.0,23.0,23.0,25.0,24.0,19.0,24.0,26.0,23.0,20.0,24.0,23.0,23.0,21.0,22.0,21.0,21.0,22.0,22.0,22.0,22.0,21.0,22.0,22.0,21.0,22.0,21.0,21.0,21.0,21.0,22.0,21.0,10.0,retract,2,2,2.7665
1787152291.6581,2026-08-19 17:11:31.658,10,c3,0,0,-0.03943,-0.49598,0.05085,-4.5585,10.3745,-24.2265,-0.0779,-0.0004,-0.2403,4.69281,20.0,21.0,20.0,21.0,25.0,24.0,23.0,23.0,23.0,25.0,24.0,19.0,24.0,26.0,23.0,20.0,24.0,23.0,23.0,21.0,22.0,21.0,21.0,22.0,22.0,22.0,22.0,21.0,22.0,22.0,21.0,22.0,21.0,21.0,21.0,21.0,22.0,21.0,10.0,post,2,2,2.7329
1787152291.7082,2026-08-19 17:11:31.708,10,c3,0,0,-0.03945,-0.49601,0.05092,-4.7576,10.4772,-23.9956,-0.079,0.0011,-0.2423,4.68727,23.0,21.0,18.0,21.0,26.0,22.0,23.0,22.0,23.0,25.0,22.0,19.0,24.0,26.0,24.0,20.0,24.0,23.0,22.0,21.0,22.0,21.0,21.0,22.0,22.0,22.0,22.0,21.0,22.0,22.0,21.0,22.0,21.0,21.0,21.0,21.0,22.0,21.0,10.0,post,2,2,2.7821
1787152291.7584,2026-08-19 17:11:31.758,10,c3,0,0,-0.03944,-0.49599,0.0509,-4.3089,10.2903,-24.151,-0.0816,0.0086,-0.2364,4.69357,23.0,21.0,18.0,21.0,26.0,22.0,23.0,22.0,23.0,25.0,22.0,19.0,24.0,26.0,24.0,20.0,24.0,23.0,22.0,21.0,22.0,21.0,21.0,22.0,22.0,22.0,22.0,21.0,22.0,22.0,21.0,22.0,21.0,21.0,21.0,21.0,22.0,21.0,10.0,post,2,2,2.7261
1787152291.8085,2026-08-19 17:11:31.808,10,c3,0,0,-0.03944,-0.49601,0.05092,-4.4412,10.558,-24.3202,-0.0823,0.0052,-0.2327,4.68929,20.0,21.0,18.0,21.0,25.0,21.0,22.0,22.0,22.0,24.0,23.0,18.0,22.0,25.0,24.0,18.0,22.0,22.0,21.0,21.0,22.0,21.0,21.0,22.0,22.0,22.0,22.0,21.0,22.0,22.0,21.0,22.0,21.0,21.0,21.0,21.0,22.0,21.0,10.0,post,2,2,2.7642
1787152291.8586,2026-08-19 17:11:31.858,10,c3,0,0,-0.03943,-0.49602,0.05092,-4.3402,10.4512,-24.0783,-0.0795,0.0047,-0.2345,4.6976,20.0,21.0,16.0,20.0,24.0,21.0,22.0,21.0,23.0,26.0,23.0,17.0,24.0,27.0,23.0,18.0,24.0,23.0,21.0,21.0,22.0,21.0,21.0,22.0,22.0,22.0,22.0,21.0,22.0,22.0,21.0,22.0,21.0,21.0,21.0,21.0,22.0,21.0,10.0,post,2,2,2.6903
1787152291.9088,2026-08-19 17:11:31.908,10,c3,0,0,-0.03944,-0.49601,0.05091,-4.5179,10.4663,-24.1877,-0.0802,0.0045,-0.2416,4.68425,20.0,21.0,16.0,20.0,24.0,21.0,22.0,21.0,23.0,26.0,23.0,17.0,24.0,27.0,23.0,18.0,24.0,23.0,21.0,21.0,22.0,21.0,21.0,22.0,22.0,22.0,22.0,21.0,22.0,22.0,21.0,22.0,21.0,21.0,21.0,21.0,22.0,21.0,10.0,post,2,2,2.809
1787152291.9589,2026-08-19 17:11:31.958,10,c3,0,0,-0.03944,-0.496,0.0509,-4.2422,10.1255,-24.2174,-0.0756,0.0122,-0.2367,4.69558,20.0,21.0,18.0,19.0,24.0,23.0,22.0,22.0,22.0,26.0,21.0,18.0,24.0,26.0,22.0,20.0,25.0,22.0,20.0,21.0,22.0,21.0,21.0,22.0,22.0,22.0,22.0,21.0,22.0,22.0,21.0,22.0,21.0,21.0,21.0,21.0,22.0,21.0,10.0,post,2,2,2.7082
1787152292.009,2026-08-19 17:11:32.009,10,c3,0,0,-0.03944,-0.49601,0.05091,-4.3465,10.139,-24.0813,-0.072,0.006,-0.2356,4.68199,20.0,21.0,18.0,19.0,24.0,23.0,22.0,22.0,22.0,26.0,21.0,18.0,24.0,26.0,22.0,20.0,25.0,22.0,20.0,21.0,22.0,21.0,21.0,22.0,22.0,22.0,22.0,21.0,22.0,22.0,21.0,22.0,21.0,21.0,21.0,21.0,22.0,21.0,10.0,post,2,2,2.8292
1787152292.0591,2026-08-19 17:11:32.059,10,c3,0,0,-0.03944,-0.496,0.05091,-4.6309,10.2687,-24.0596,-0.0782,0.0021,-0.2404,4.70011,21.0,20.0,18.0,20.0,24.0,22.0,21.0,23.0,24.0,26.0,21.0,19.0,24.0,26.0,22.0,20.0,24.0,21.0,23.0,21.0,22.0,21.0,21.0,22.0,22.0,22.0,22.0,21.0,22.0,22.0,21.0,22.0,21.0,21.0,21.0,21.0,22.0,21.0,10.0,post,2,2,2.6679
1787152292.1093,2026-08-19 17:11:32.109,10,c3,0,0,-0.03944,-0.496,0.0509,-4.5795,10.4177,-24.1566,-0.0822,0.0029,-0.2376,4.68425,21.0,21.0,19.0,21.0,25.0,23.0,21.0,21.0,22.0,25.0,22.0,17.0,22.0,25.0,23.0,19.0,22.0,22.0,21.0,21.0,22.0,21.0,21.0,22.0,22.0,22.0,22.0,21.0,22.0,22.0,21.0,22.0,21.0,21.0,21.0,21.0,22.0,21.0,10.0,post,2,2,2.809
1787152292.1595,2026-08-19 17:11:32.159,10,c3,0,0,-0.03943,-0.496,0.05091,-4.5346,10.225,-24.3355,-0.0738,0.0042,-0.2336,4.68702,21.0,21.0,19.0,21.0,25.0,23.0,21.0,21.0,22.0,25.0,22.0,17.0,22.0,25.0,23.0,19.0,22.0,22.0,21.0,21.0,22.0,21.0,21.0,22.0,22.0,22.0,22.0,21.0,22.0,22.0,21.0,22.0,21.0,21.0,21.0,21.0,22.0,21.0,10.0,post,2,2,2.7844
1787152292.2096,2026-08-19 17:11:32.209,10,c3,0,0,-0.03944,-0.49601,0.05092,-4.364,10.2433,-24.4472,-0.0736,0.0055,-0.2358,4.69558,20.0,20.0,18.0,19.0,24.0,22.0,22.0,23.0,23.0,26.0,22.0,19.0,24.0,26.0,21.0,19.0,24.0,21.0,23.0,21.0,22.0,21.0,21.0,22.0,22.0,22.0,22.0,21.0,22.0,22.0,21.0,22.0,21.0,21.0,21.0,21.0,22.0,21.0,10.0,post,2,2,2.7082
1787152292.2598,2026-08-19 17:11:32.259,10,c3,0,0,-0.03944,-0.49601,0.05091,-4.5166,10.5302,-24.2815,-0.0818,0.0045,-0.2352,4.69407,20.0,20.0,18.0,19.0,24.0,22.0,22.0,23.0,23.0,26.0,22.0,19.0,24.0,26.0,21.0,19.0,24.0,21.0,23.0,21.0,22.0,21.0,21.0,22.0,22.0,22.0,22.0,21.0,22.0,22.0,21.0,22.0,21.0,21.0,21.0,21.0,22.0,21.0,10.0,post,2,2,2.7217
1787152292.3099,2026-08-19 17:11:32.309,10,c3,0,0,-0.03944,-0.496,0.05091,-4.3835,10.2889,-24.3076,-0.0768,0.0083,-0.2356,4.68904,21.0,22.0,19.0,21.0,26.0,22.0,21.0,24.0,24.0,27.0,22.0,20.0,24.0,27.0,22.0,21.0,24.0,22.0,23.0,21.0,22.0,21.0,21.0,22.0,22.0,22.0,22.0,21.0,22.0,22.0,21.0,22.0,21.0,21.0,21.0,21.0,22.0,21.0,10.0,post,2,2,2.7665
1787152292.36,2026-08-19 17:11:32.360,10,c3,0,0,-0.03945,-0.49601,0.05091,-4.6938,10.174,-24.3172,-0.0706,-0.0012,-0.2399,4.70037,21.0,22.0,19.0,21.0,26.0,22.0,21.0,24.0,24.0,27.0,22.0,20.0,24.0,27.0,22.0,21.0,24.0,22.0,23.0,21.0,22.0,21.0,21.0,22.0,22.0,22.0,22.0,21.0,22.0,22.0,21.0,22.0,21.0,21.0,21.0,21.0,22.0,21.0,10.0,post,2,2,2.6657
1787152292.4102,2026-08-19 17:11:32.410,10,c3,0,0,-0.03944,-0.496,0.0509,-4.3609,10.5028,-24.3121,-0.0811,0.008,-0.2392,4.68576,23.0,22.0,20.0,22.0,26.0,22.0,22.0,24.0,23.0,27.0,22.0,20.0,23.0,26.0,22.0,19.0,23.0,22.0,22.0,21.0,22.0,21.0,21.0,22.0,22.0,22.0,22.0,21.0,22.0,22.0,21.0,22.0,21.0,21.0,21.0,21.0,22.0,21.0,10.0,post,2,2,2.7956
1787152292.4603,2026-08-19 17:11:32.460,10,c3,0,0,-0.03944,-0.496,0.0509,-4.3829,10.2097,-24.3307,-0.078,0.0084,-0.2331,4.69709,21.0,21.0,18.0,22.0,25.0,22.0,23.0,22.0,23.0,28.0,22.0,19.0,24.0,25.0,22.0,19.0,23.0,22.0,22.0,21.0,22.0,21.0,21.0,22.0,22.0,22.0,22.0,21.0,22.0,22.0,21.0,22.0,21.0,21.0,21.0,21.0,22.0,21.0,10.0,post,2,2,2.6948
1787152292.5105,2026-08-19 17:11:32.510,10,c3,0,0,-0.03944,-0.49601,0.05092,-4.5211,10.3528,-24.3154,-0.0779,0.0028,-0.2408,4.68602,21.0,21.0,18.0,22.0,25.0,22.0,23.0,22.0,23.0,28.0,22.0,19.0,24.0,25.0,22.0,19.0,23.0,22.0,22.0,21.0,22.0,21.0,21.0,22.0,22.0,22.0,22.0,21.0,22.0,22.0,21.0,22.0,21.0,21.0,21.0,21.0,22.0,21.0,10.0,post,2,2,2.7933
1787152292.5606,2026-08-19 17:11:32.560,10,c3,0,0,-0.03944,-0.49601,0.05091,-4.2904,10.01,-24.4238,-0.0708,0.0085,-0.2356,4.68979,21.0,21.0,20.0,21.0,25.0,23.0,22.0,23.0,23.0,29.0,23.0,19.0,24.0,27.0,22.0,20.0,25.0,21.0,22.0,21.0,22.0,21.0,21.0,22.0,22.0,22.0,22.0,21.0,22.0,22.0,21.0,22.0,21.0,21.0,21.0,21.0,22.0,21.0,10.0,post,2,2,2.7597
1787152292.6107,2026-08-19 17:11:32.610,10,c3,0,0,-0.03943,-0.49601,0.05091,-4.0068,10.0251,-24.5048,-0.0713,0.0153,-0.232,4.68954,21.0,21.0,20.0,21.0,25.0,23.0,22.0,23.0,23.0,29.0,23.0,19.0,24.0,27.0,22.0,20.0,25.0,21.0,22.0,21.0,22.0,21.0,21.0,22.0,22.0,22.0,22.0,21.0,22.0,22.0,21.0,22.0,21.0,21.0,21.0,21.0,22.0,21.0,10.0,post,2,2,2.762
1787152292.6608,2026-08-19 17:11:32.660,10,c3,0,0,-0.03943,-0.496,0.0509,-4.2902,10.2547,-24.3837,-0.0747,0.0084,-0.2333,4.69206,22.0,22.0,19.0,21.0,25.0,23.0,21.0,24.0,23.0,26.0,22.0,21.0,23.0,27.0,22.0,22.0,24.0,21.0,23.0,21.0,22.0,21.0,21.0,22.0,22.0,22.0,22.0,21.0,22.0,22.0,21.0,22.0,21.0,21.0,21.0,21.0,22.0,21.0,10.0,post,2,2,2.7396
1787152292.7109,2026-08-19 17:11:32.710,10,c3,0,0,-0.03942,-0.49599,0.0509,-4.4472,10.3677,-24.3272,-0.0803,0.0074,-0.2412,4.69155,23.0,23.0,21.0,22.0,25.0,24.0,23.0,24.0,24.0,27.0,22.0,22.0,24.0,27.0,21.0,21.0,25.0,22.0,22.0,21.0,22.0,21.0,21.0,22.0,22.0,22.0,22.0,21.0,22.0,22.0,21.0,22.0,21.0,21.0,21.0,21.0,22.0,21.0,10.0,post,2,2,2.7441
1787152292.7611,2026-08-19 17:11:32.761,10,c3,0,0,-0.03941,-0.496,0.05089,-4.5431,10.1781,-24.4193,-0.0691,0.005,-0.233,4.68627,23.0,23.0,21.0,22.0,25.0,24.0,23.0,24.0,24.0,27.0,22.0,22.0,24.0,27.0,21.0,21.0,25.0,22.0,22.0,21.0,22.0,21.0,21.0,22.0,22.0,22.0,22.0,21.0,22.0,22.0,21.0,22.0,21.0,21.0,21.0,21.0,22.0,21.0,10.0,post,2,2,2.7911
1787152292.8112,2026-08-19 17:11:32.811,10,c3,0,0,-0.03945,-0.49601,0.05091,-4.6752,10.4312,-24.0726,-0.0786,0.0003,-0.2431,4.69936,19.0,23.0,24.0,21.0,25.0,26.0,23.0,21.0,22.0,26.0,24.0,22.0,22.0,27.0,23.0,19.0,25.0,23.0,22.0,21.0,22.0,21.0,21.0,22.0,22.0,22.0,22.0,21.0,22.0,22.0,21.0,22.0,21.0,21.0,21.0,21.0,22.0,21.0,10.0,post,2,2,2.6746
1787152292.8613,2026-08-19 17:11:32.861,10,c3,0,0,-0.03944,-0.49601,0.05091,-4.31,10.1366,-24.4472,-0.0707,0.0099,-0.2388,4.68954,19.0,23.0,24.0,21.0,25.0,26.0,23.0,21.0,22.0,26.0,24.0,22.0,22.0,27.0,23.0,19.0,25.0,23.0,22.0,21.0,22.0,21.0,21.0,22.0,22.0,22.0,22.0,21.0,22.0,22.0,21.0,22.0,21.0,21.0,21.0,21.0,22.0,21.0,10.0,post,2,2,2.762
1787152292.9115,2026-08-19 17:11:32.911,10,c3,0,0,-0.03944,-0.496,0.05091,-4.4244,10.1691,-24.4378,-0.0732,0.0053,-0.2326,4.6835,19.0,20.0,24.0,20.0,23.0,25.0,23.0,23.0,24.0,26.0,23.0,22.0,24.0,26.0,23.0,20.0,25.0,22.0,22.0,21.0,22.0,21.0,21.0,22.0,22.0,22.0,22.0,21.0,22.0,22.0,21.0,22.0,21.0,21.0,21.0,21.0,22.0,21.0,10.0,post,2,2,2.8157
1787152292.9616,2026-08-19 17:11:32.961,10,c3,0,0,-0.03945,-0.49602,0.05092,-4.4491,10.3675,-24.2228,-0.075,0.007,-0.2396,4.69709,22.0,23.0,23.0,21.0,25.0,24.0,23.0,23.0,24.0,26.0,24.0,23.0,24.0,25.0,23.0,22.0,23.0,23.0,21.0,21.0,22.0,21.0,21.0,22.0,22.0,22.0,22.0,21.0,22.0,22.0,21.0,22.0,21.0,21.0,21.0,21.0,22.0,21.0,10.0,post,2,2,2.6948
1787152293.0117,2026-08-19 17:11:33.011,10,c3,0,0,-0.03945,-0.49602,0.05093,-4.6952,10.4749,-24.0243,-0.0815,0.0025,-0.2438,4.68602,22.0,23.0,23.0,21.0,25.0,24.0,23.0,23.0,24.0,26.0,24.0,23.0,24.0,25.0,23.0,22.0,23.0,23.0,21.0,21.0,22.0,21.0,21.0,22.0,22.0,22.0,22.0,21.0,22.0,22.0,21.0,22.0,21.0,21.0,21.0,21.0,22.0,21.0,10.0,post,2,2,2.7933
1787152293.0619,2026-08-19 17:11:33.061,10,c3,0,0,-0.03945,-0.49601,0.05091,-4.3468,10.819,-24.2189,-0.0871,0.0078,-0.2378,4.69508,21.0,22.0,23.0,22.0,26.0,25.0,23.0,23.0,25.0,26.0,23.0,22.0,24.0,27.0,23.0,21.0,25.0,22.0,23.0,21.0,22.0,21.0,21.0,22.0,22.0,22.0,22.0,21.0,22.0,22.0,21.0,22.0,21.0,21.0,21.0,21.0,22.0,21.0,10.0,post,2,2,2.7127
1787152293.112,2026-08-19 17:11:33.111,10,c3,0,0,-0.03944,-0.49601,0.05091,-4.3223,9.7816,-24.3104,-0.0631,0.0108,-0.232,4.68602,21.0,22.0,23.0,22.0,26.0,25.0,23.0,23.0,25.0,26.0,23.0,22.0,24.0,27.0,23.0,21.0,25.0,22.0,23.0,21.0,22.0,21.0,21.0,22.0,22.0,22.0,22.0,21.0,22.0,22.0,21.0,22.0,21.0,21.0,21.0,21.0,22.0,21.0,10.0,post,2,2,2.7933
1787152293.1621,2026-08-19 17:11:33.162,10,c3,0,0,-0.03944,-0.49599,0.05089,-4.9604,10.6265,-24.1853,-0.0865,-0.0075,-0.2428,4.69609,20.0,23.0,23.0,20.0,26.0,25.0,23.0,24.0,24.0,25.0,23.0,22.0,24.0,24.0,22.0,22.0,23.0,23.0,25.0,21.0,22.0,21.0,21.0,22.0,22.0,22.0,22.0,21.0,22.0,22.0,21.0,22.0,21.0,21.0,21.0,21.0,22.0,21.0,10.0,post,2,2,2.7037
1787152293.2122,2026-08-19 17:11:33.212,10,c3,0,0,-0.03946,-0.49602,0.05092,-4.5432,10.4438,-24.1843,-0.0826,0.0053,-0.2394,4.69004,23.0,24.0,22.0,23.0,26.0,23.0,23.0,25.0,26.0,25.0,22.0,23.0,26.0,26.0,23.0,22.0,23.0,22.0,23.0,21.0,22.0,21.0,21.0,22.0,22.0,22.0,22.0,21.0,22.0,22.0,21.0,22.0,21.0,21.0,21.0,21.0,22.0,21.0,10.0,post,2,2,2.7575
1787152293.2623,2026-08-19 17:11:33.262,10,c3,0,0,-0.03944,-0.49601,0.05091,-4.7196,10.6771,-24.1011,-0.0842,0.0005,-0.2409,4.69332,23.0,24.0,22.0,23.0,26.0,23.0,23.0,25.0,26.0,25.0,22.0,23.0,26.0,26.0,23.0,22.0,23.0,22.0,23.0,21.0,22.0,21.0,21.0,22.0,22.0,22.0,22.0,21.0,22.0,22.0,21.0,22.0,21.0,21.0,21.0,21.0,22.0,21.0,10.0,post,2,2,2.7284
1787152293.3124,2026-08-19 17:11:33.312,10,c3,0,0,-0.03945,-0.49601,0.05092,-4.797,10.4683,-24.0423,-0.0835,-0.005,-0.24,4.68828,22.0,24.0,24.0,22.0,26.0,25.0,22.0,22.0,24.0,26.0,21.0,21.0,24.0,26.0,21.0,20.0,24.0,21.0,22.0,21.0,22.0,21.0,21.0,22.0,22.0,22.0,22.0,21.0,22.0,22.0,21.0,22.0,21.0,21.0,21.0,21.0,22.0,21.0,10.0,post,2,2,2.7732
1787152293.3625,2026-08-19 17:11:33.362,10,c3,0,0,-0.03944,-0.49601,0.05091,-4.3392,10.2054,-24.3441,-0.0755,0.0086,-0.2434,4.69634,22.0,24.0,24.0,22.0,26.0,25.0,22.0,22.0,24.0,26.0,21.0,21.0,24.0,26.0,21.0,20.0,24.0,21.0,22.0,21.0,22.0,21.0,21.0,22.0,22.0,22.0,22.0,21.0,22.0,22.0,21.0,22.0,21.0,21.0,21.0,21.0,22.0,21.0,10.0,post,2,2,2.7015
1787152293.4126,2026-08-19 17:11:33.412,10,c3,0,0,-0.03943,-0.496,0.0509,-4.4466,9.9508,-24.3735,-0.0691,0.0065,-0.2373,4.68602,22.0,22.0,22.0,21.0,24.0,24.0,22.0,20.0,25.0,26.0,22.0,20.0,24.0,25.0,22.0,18.0,24.0,23.0,18.0,21.0,22.0,21.0,21.0,22.0,22.0,22.0,22.0,21.0,22.0,22.0,21.0,22.0,21.0,21.0,21.0,21.0,22.0,21.0,10.0,post,2,2,2.7933
1787152293.4628,2026-08-19 17:11:33.462,10,c3,0,0,-0.03945,-0.49601,0.05091,-4.5119,10.4395,-24.371,-0.0796,0.0026,-0.2393,4.69785,18.0,23.0,24.0,19.0,27.0,25.0,23.0,24.0,25.0,26.0,23.0,22.0,25.0,25.0,23.0,22.0,24.0,22.0,22.0,21.0,22.0,21.0,21.0,22.0,22.0,22.0,22.0,21.0,22.0,22.0,21.0,22.0,21.0,21.0,21.0,21.0,22.0,21.0,10.0,post,2,2,2.6881
1787152293.5129,2026-08-19 17:11:33.512,10,c3,0,0,-0.03946,-0.49602,0.0509,-4.3162,10.2206,-24.2649,-0.0776,0.0111,-0.2361,4.68702,18.0,23.0,24.0,19.0,27.0,25.0,23.0,24.0,25.0,26.0,23.0,22.0,25.0,25.0,23.0,22.0,24.0,22.0,22.0,21.0,22.0,21.0,21.0,22.0,22.0,22.0,22.0,21.0,22.0,22.0,21.0,22.0,21.0,21.0,21.0,21.0,22.0,21.0,10.0,post,2,2,2.7844
1787152293.563,2026-08-19 17:11:33.562,10,c3,0,0,-0.03942,-0.496,0.05091,-4.6157,10.5488,-24.2762,-0.0832,0.0013,-0.2401,4.6976,21.0,23.0,24.0,21.0,26.0,25.0,24.0,22.0,24.0,26.0,23.0,21.0,24.0,26.0,22.0,20.0,25.0,21.0,21.0,21.0,22.0,21.0,21.0,22.0,22.0,22.0,22.0,21.0,22.0,22.0,21.0,22.0,21.0,21.0,21.0,21.0,22.0,21.0,10.0,post,2,2,2.6903
1787152293.613,2026-08-19 17:11:33.613,10,c3,0,0,-0.03942,-0.49602,0.0509,-4.6167,10.439,-24.3344,-0.082,0.0009,-0.2377,4.6903,21.0,23.0,24.0,21.0,26.0,25.0,24.0,22.0,24.0,26.0,23.0,21.0,24.0,26.0,22.0,20.0,25.0,21.0,21.0,21.0,22.0,21.0,21.0,22.0,22.0,22.0,22.0,21.0,22.0,22.0,21.0,22.0,21.0,21.0,21.0,21.0,22.0,21.0,10.0,post,2,2,2.7553
1787152293.6631,2026-08-19 17:11:33.663,10,c3,0,0,-0.03944,-0.49601,0.05091,-4.2427,10.4416,-24.2106,-0.0788,0.0084,-0.2371,4.69407,20.0,24.0,24.0,20.0,24.0,24.0,22.0,22.0,23.0,26.0,24.0,22.0,24.0,26.0,24.0,20.0,24.0,23.0,21.0,21.0,22.0,21.0,21.0,22.0,22.0,22.0,22.0,21.0,22.0,22.0,21.0,22.0,21.0,21.0,21.0,21.0,22.0,21.0,10.0,locate,3,3,2.7217
1787152293.7132,2026-08-19 17:11:33.713,10,c3,0,0,-0.03946,-0.496,0.0509,-4.4945,10.1971,-24.17,-0.0758,0.0056,-0.2369,4.69659,20.0,24.0,24.0,20.0,24.0,24.0,22.0,22.0,23.0,26.0,24.0,22.0,24.0,26.0,24.0,20.0,24.0,23.0,21.0,21.0,22.0,21.0,21.0,22.0,22.0,22.0,22.0,21.0,22.0,22.0,21.0,22.0,21.0,21.0,21.0,21.0,22.0,21.0,10.0,locate,3,3,2.6993
1787152293.7633,2026-08-19 17:11:33.763,10,c3,0,0,-0.03944,-0.49601,0.05091,-4.6476,10.1599,-24.3211,-0.0738,-0.0009,-0.2378,4.69583,22.0,21.0,24.0,21.0,24.0,25.0,23.0,23.0,25.0,26.0,23.0,21.0,24.0,27.0,21.0,21.0,25.0,22.0,22.0,21.0,22.0,21.0,21.0,22.0,22.0,22.0,22.0,21.0,22.0,22.0,21.0,22.0,21.0,21.0,21.0,21.0,22.0,21.0,10.0,locate,3,3,2.706
1787152293.8134,2026-08-19 17:11:33.813,10,c3,0,0,-0.03944,-0.496,0.0509,-4.7921,10.5496,-24.1344,-0.0831,-0.0019,-0.2432,4.69055,20.0,25.0,23.0,20.0,27.0,24.0,22.0,22.0,22.0,26.0,23.0,21.0,24.0,26.0,25.0,20.0,25.0,24.0,22.0,21.0,22.0,21.0,21.0,22.0,22.0,22.0,22.0,21.0,22.0,22.0,21.0,22.0,21.0,21.0,21.0,21.0,22.0,21.0,10.0,locate,3,3,2.753
1787152293.8635,2026-08-19 17:11:33.863,10,c3,0,0,-0.03945,-0.49599,0.0509,-4.4783,10.3149,-24.3109,-0.0757,0.0065,-0.2364,4.70188,20.0,25.0,23.0,20.0,27.0,24.0,22.0,22.0,22.0,26.0,23.0,21.0,24.0,26.0,25.0,20.0,25.0,24.0,22.0,21.0,22.0,21.0,21.0,22.0,22.0,22.0,22.0,21.0,22.0,22.0,21.0,22.0,21.0,21.0,21.0,21.0,22.0,21.0,10.0,locate,3,3,2.6522
1787152293.9138,2026-08-19 17:11:33.913,10,c3,0,0,-0.03942,-0.496,0.0509,-4.2344,10.2032,-23.9481,-0.0782,0.012,-0.2347,4.70011,20.0,22.0,24.0,20.0,24.0,25.0,24.0,23.0,25.0,25.0,22.0,22.0,24.0,24.0,23.0,22.0,23.0,22.0,22.0,21.0,22.0,21.0,21.0,22.0,22.0,22.0,22.0,21.0,22.0,22.0,21.0,22.0,21.0,21.0,21.0,21.0,22.0,21.0,10.0,locate,3,3,2.6679
1787152293.9639,2026-08-19 17:11:33.963,10,c3,0,0,-0.03944,-0.49601,0.05091,-4.2143,9.9332,-24.1642,-0.0676,0.0128,-0.2314,4.69306,20.0,22.0,24.0,20.0,24.0,25.0,24.0,23.0,25.0,25.0,22.0,22.0,24.0,24.0,23.0,22.0,23.0,22.0,22.0,21.0,22.0,21.0,21.0,22.0,22.0,22.0,22.0,21.0,22.0,22.0,21.0,22.0,21.0,21.0,21.0,21.0,22.0,21.0,10.0,locate,3,3,2.7306
1787152294.014,2026-08-19 17:11:34.013,10,c3,0,0,-0.03944,-0.49602,0.05093,-4.5344,10.0009,-24.2244,-0.0701,0.0006,-0.2352,4.69785,22.0,24.0,22.0,22.0,27.0,24.0,23.0,21.0,25.0,24.0,23.0,20.0,24.0,24.0,22.0,20.0,22.0,22.0,21.0,21.0,22.0,21.0,21.0,22.0,22.0,22.0,22.0,21.0,22.0,22.0,21.0,22.0,21.0,21.0,21.0,21.0,22.0,21.0,10.0,locate,3,3,2.6881
1787152294.0641,2026-08-19 17:11:34.064,10,c3,0,0,-0.03944,-0.49599,0.0509,-4.6053,10.2791,-24.0535,-0.0805,0.002,-0.2385,4.69659,18.0,21.0,22.0,19.0,24.0,24.0,24.0,25.0,24.0,27.0,24.0,24.0,24.0,25.0,23.0,21.0,25.0,24.0,23.0,21.0,22.0,21.0,21.0,22.0,22.0,22.0,22.0,21.0,22.0,22.0,21.0,22.0,21.0,21.0,21.0,21.0,22.0,21.0,10.0,locate,3,3,2.6993
1787152294.1142,2026-08-19 17:11:34.114,10,c3,0,0,-0.03945,-0.496,0.0509,-4.4969,10.3973,-24.2372,-0.0819,-0.0003,-0.2333,4.70238,18.0,21.0,22.0,19.0,24.0,24.0,24.0,25.0,24.0,27.0,24.0,24.0,24.0,25.0,23.0,21.0,25.0,24.0,23.0,21.0,22.0,21.0,21.0,22.0,22.0,22.0,22.0,21.0,22.0,22.0,21.0,22.0,21.0,21.0,21.0,21.0,22.0,21.0,10.0,locate,3,3,2.6477
1787152294.1643,2026-08-19 17:11:34.164,10,c3,0,0,-0.03943,-0.49601,0.05091,-4.5085,9.9572,-24.255,-0.0695,0.0075,-0.2412,4.68325,22.0,23.0,24.0,23.0,26.0,25.0,24.0,23.0,24.0,26.0,24.0,22.0,24.0,25.0,22.0,21.0,25.0,22.0,23.0,21.0,22.0,21.0,21.0,22.0,22.0,22.0,22.0,21.0,22.0,22.0,21.0,22.0,21.0,21.0,21.0,21.0,22.0,21.0,10.0,locate,3,3,2.818
1787152294.2144,2026-08-19 17:11:34.214,10,c3,0,0,-0.03945,-0.496,0.05091,-4.2543,10.1492,-24.2395,-0.0743,0.0114,-0.2343,4.70062,22.0,23.0,24.0,23.0,26.0,25.0,24.0,23.0,24.0,26.0,24.0,22.0,24.0,25.0,22.0,21.0,25.0,22.0,23.0,21.0,22.0,21.0,21.0,22.0,22.0,22.0,22.0,21.0,22.0,22.0,21.0,22.0,21.0,21.0,21.0,21.0,22.0,21.0,10.0,locate,3,3,2.6634
1787152294.2646,2026-08-19 17:11:34.264,10,c3,0,0,-0.03944,-0.49601,0.05091,-4.039,10.055,-24.2855,-0.0742,0.0177,-0.2297,4.6976,23.0,22.0,23.0,23.0,25.0,25.0,24.0,23.0,23.0,24.0,23.0,22.0,24.0,24.0,22.0,22.0,23.0,21.0,23.0,21.0,22.0,21.0,21.0,22.0,22.0,22.0,22.0,21.0,22.0,22.0,21.0,22.0,21.0,21.0,21.0,21.0,22.0,21.0,10.0,locate,3,3,2.6903
1787152294.3147,2026-08-19 17:11:34.314,10,c3,0,0,-0.03944,-0.49601,0.05091,-4.57,10.6154,-24.1674,-0.0817,0.0014,-0.2423,4.69961,21.0,23.0,20.0,21.0,24.0,23.0,23.0,21.0,23.0,24.0,23.0,20.0,24.0,24.0,24.0,20.0,23.0,23.0,21.0,21.0,22.0,21.0,21.0,22.0,22.0,22.0,22.0,21.0,22.0,22.0,21.0,22.0,21.0,21.0,21.0,21.0,22.0,21.0,10.0,locate,3,3,2.6724
1787152294.3649,2026-08-19 17:11:34.364,10,c3,0,0,-0.03944,-0.496,0.05091,-4.2849,10.1469,-24.3618,-0.0754,0.0117,-0.238,4.69684,21.0,23.0,20.0,21.0,24.0,23.0,23.0,21.0,23.0,24.0,23.0,20.0,24.0,24.0,24.0,20.0,23.0,23.0,21.0,21.0,22.0,21.0,21.0,22.0,22.0,22.0,22.0,21.0,22.0,22.0,21.0,22.0,21.0,21.0,21.0,21.0,22.0,21.0,10.0,locate,3,3,2.697
1787152294.415,2026-08-19 17:11:34.414,10,c3,0,0,-0.03945,-0.49601,0.05091,-4.3072,10.2035,-24.285,-0.0741,0.01,-0.2425,4.69508,19.0,24.0,22.0,20.0,25.0,24.0,23.0,24.0,22.0,25.0,23.0,23.0,22.0,25.0,23.0,21.0,22.0,22.0,24.0,21.0,22.0,21.0,21.0,22.0,22.0,22.0,22.0,21.0,22.0,22.0,21.0,22.0,21.0,21.0,21.0,21.0,22.0,21.0,10.0,locate,3,3,2.7127
1787152294.465,2026-08-19 17:11:34.465,10,c3,0,0,-0.03943,-0.49601,0.0509,-4.4211,10.1747,-24.1804,-0.0724,0.0045,-0.2333,4.6913,19.0,24.0,22.0,20.0,25.0,24.0,23.0,24.0,22.0,25.0,23.0,23.0,22.0,25.0,23.0,21.0,22.0,22.0,24.0,21.0,22.0,21.0,21.0,22.0,22.0,22.0,22.0,21.0,22.0,22.0,21.0,22.0,21.0,21.0,21.0,21.0,22.0,21.0,10.0,locate,3,3,2.7463
1787152294.5152,2026-08-19 17:11:34.515,10,c3,0,0,-0.03945,-0.49601,0.05092,-4.7357,10.4952,-24.2162,-0.0843,-0.0007,-0.2383,4.69306,21.0,21.0,22.0,22.0,24.0,23.0,22.0,24.0,22.0,26.0,22.0,23.0,22.0,26.0,21.0,22.0,25.0,21.0,22.0,21.0,22.0,21.0,21.0,22.0,22.0,22.0,22.0,21.0,22.0,22.0,21.0,22.0,21.0,21.0,21.0,21.0,22.0,21.0,10.0,locate,3,3,2.7306
1787152294.5653,2026-08-19 17:11:34.565,10,c3,0,0,-0.03946,-0.49601,0.0509,-4.5746,10.5605,-24.0797,-0.0835,0.0012,-0.2439,4.68702,22.0,20.0,25.0,22.0,22.0,26.0,22.0,23.0,24.0,25.0,23.0,22.0,23.0,23.0,24.0,21.0,23.0,23.0,22.0,21.0,22.0,21.0,21.0,22.0,22.0,22.0,22.0,21.0,22.0,22.0,21.0,22.0,21.0,21.0,21.0,21.0,22.0,21.0,10.0,locate,3,3,2.7844
1787152294.6154,2026-08-19 17:11:34.615,10,c3,0,0,-0.03943,-0.49601,0.05091,-4.6931,10.1658,-24.3145,-0.0735,0.0005,-0.2367,4.69583,22.0,20.0,25.0,22.0,22.0,26.0,22.0,23.0,24.0,25.0,23.0,22.0,23.0,23.0,24.0,21.0,23.0,23.0,22.0,21.0,22.0,21.0,21.0,22.0,22.0,22.0,22.0,21.0,22.0,22.0,21.0,22.0,21.0,21.0,21.0,21.0,22.0,21.0,10.0,locate,3,3,2.706
1787152294.6655,2026-08-19 17:11:34.665,10,c3,0,0,-0.03945,-0.49601,0.05092,-4.2274,10.1863,-24.3877,-0.0685,0.0129,-0.2309,4.68602,20.0,22.0,22.0,21.0,25.0,25.0,23.0,23.0,22.0,25.0,22.0,21.0,24.0,25.0,23.0,21.0,24.0,23.0,23.0,21.0,22.0,21.0,21.0,22.0,22.0,22.0,22.0,21.0,22.0,22.0,21.0,22.0,21.0,21.0,21.0,21.0,22.0,21.0,10.0,locate,3,3,2.7933
1787152294.7157,2026-08-19 17:11:34.715,10,c3,0,0,-0.03944,-0.49601,0.05092,-4.3977,10.2636,-24.0798,-0.0787,0.0036,-0.2279,4.69659,20.0,22.0,22.0,21.0,25.0,25.0,23.0,23.0,22.0,25.0,22.0,21.0,24.0,25.0,23.0,21.0,24.0,23.0,23.0,21.0,22.0,21.0,21.0,22.0,22.0,22.0,22.0,21.0,22.0,22.0,21.0,22.0,21.0,21.0,21.0,21.0,22.0,21.0,10.0,locate,3,3,2.6993
1787152294.7659,2026-08-19 17:11:34.765,10,c3,0,0,-0.03943,-0.49599,0.05089,-4.2532,10.1413,-24.3767,-0.0731,0.0133,-0.2339,4.68853,21.0,22.0,23.0,20.0,24.0,25.0,23.0,22.0,24.0,25.0,23.0,21.0,24.0,24.0,23.0,21.0,22.0,23.0,22.0,21.0,22.0,21.0,21.0,22.0,22.0,22.0,22.0,21.0,22.0,22.0,21.0,22.0,21.0,21.0,21.0,21.0,22.0,21.0,10.0,locate,3,3,2.7709
1787152294.8159,2026-08-19 17:11:34.815,10,c3,0,0,-0.03944,-0.49601,0.05091,-4.7623,10.673,-24.2898,-0.0872,-0.0008,-0.2397,4.69458,21.0,22.0,23.0,20.0,24.0,25.0,23.0,22.0,24.0,25.0,23.0,21.0,24.0,24.0,23.0,21.0,22.0,23.0,22.0,21.0,22.0,21.0,21.0,22.0,22.0,22.0,22.0,21.0,22.0,22.0,21.0,22.0,21.0,21.0,21.0,21.0,22.0,21.0,10.0,locate,3,3,2.7172
1787152294.866,2026-08-19 17:11:34.866,10,c3,0,0,-0.03943,-0.49601,0.05091,-4.3015,10.1362,-24.3373,-0.0726,0.0099,-0.233,4.68727,20.0,22.0,23.0,21.0,25.0,24.0,23.0,24.0,22.0,25.0,22.0,22.0,23.0,24.0,22.0,21.0,21.0,22.0,22.0,21.0,22.0,21.0,21.0,22.0,22.0,22.0,22.0,21.0,22.0,22.0,21.0,22.0,21.0,21.0,21.0,21.0,22.0,21.0,10.0,locate,3,3,2.7821
1787152294.9161,2026-08-19 17:11:34.916,10,c3,0,0,-0.03944,-0.49601,0.05091,-4.6599,10.5663,-24.4307,-0.08,0.0034,-0.2375,4.68904,22.0,22.0,21.0,22.0,25.0,24.0,22.0,23.0,23.0,24.0,21.0,22.0,24.0,24.0,23.0,22.0,22.0,21.0,23.0,21.0,22.0,21.0,21.0,22.0,22.0,22.0,22.0,21.0,22.0,22.0,21.0,22.0,21.0,21.0,21.0,21.0,22.0,21.0,10.0,locate,3,3,2.7665
1787152294.9663,2026-08-19 17:11:34.966,10,c3,0,0,-0.03945,-0.49599,0.05089,-4.4337,10.1723,-24.4385,-0.0736,0.0058,-0.2345,4.68602,22.0,22.0,21.0,22.0,25.0,24.0,22.0,23.0,23.0,24.0,21.0,22.0,24.0,24.0,23.0,22.0,22.0,21.0,23.0,21.0,22.0,21.0,21.0,22.0,22.0,22.0,22.0,21.0,22.0,22.0,21.0,22.0,21.0,21.0,21.0,21.0,22.0,21.0,10.0,locate,3,3,2.7933
1787152295.0163,2026-08-19 17:11:35.016,10,c3,0,0,-0.03944,-0.496,0.05091,-4.1859,10.325,-24.2133,-0.0764,0.0151,-0.2284,4.69055,22.0,22.0,22.0,22.0,24.0,24.0,22.0,20.0,22.0,24.0,22.0,21.0,21.0,24.0,21.0,18.0,23.0,21.0,21.0,21.0,22.0,21.0,21.0,22.0,22.0,22.0,22.0,21.0,22.0,22.0,21.0,22.0,21.0,21.0,21.0,21.0,22.0,21.0,10.0,locate,3,3,2.753
1787152295.0665,2026-08-19 17:11:35.066,10,c3,0,0,-0.03944,-0.496,0.0509,-4.597,10.5971,-24.2175,-0.0822,0.0009,-0.2447,4.69206,22.0,22.0,22.0,22.0,24.0,24.0,22.0,20.0,22.0,24.0,22.0,21.0,21.0,24.0,21.0,18.0,23.0,21.0,21.0,21.0,22.0,21.0,21.0,22.0,22.0,22.0,22.0,21.0,22.0,22.0,21.0,22.0,21.0,21.0,21.0,21.0,22.0,21.0,10.0,locate,3,3,2.7396
1787152295.1166,2026-08-19 17:11:35.116,10,c3,0,0,-0.03946,-0.49601,0.05091,-4.5036,10.5268,-24.0807,-0.0793,0.0053,-0.2406,4.69105,20.0,21.0,22.0,20.0,23.0,24.0,20.0,24.0,23.0,25.0,23.0,22.0,24.0,25.0,21.0,22.0,24.0,20.0,23.0,21.0,22.0,21.0,21.0,22.0,22.0,22.0,22.0,21.0,22.0,22.0,21.0,22.0,21.0,21.0,21.0,21.0,22.0,21.0,10.0,locate,3,3,2.7485
1787152295.1667,2026-08-19 17:11:35.166,10,c3,0,0,-0.03944,-0.496,0.0509,-4.9168,10.7949,-24.1409,-0.0867,-0.0069,-0.2453,4.69206,21.0,23.0,24.0,22.0,24.0,25.0,22.0,24.0,22.0,24.0,23.0,23.0,23.0,24.0,23.0,20.0,23.0,23.0,23.0,21.0,22.0,21.0,21.0,22.0,22.0,22.0,22.0,21.0,22.0,22.0,21.0,22.0,21.0,21.0,21.0,21.0,22.0,21.0,10.0,locate,3,3,2.7396
1787152295.2169,2026-08-19 17:11:35.216,10,c3,0,0,-0.03944,-0.49599,0.0509,-4.2749,10.0934,-24.4228,-0.0707,0.0086,-0.2363,4.68702,21.0,23.0,24.0,22.0,24.0,25.0,22.0,24.0,22.0,24.0,23.0,23.0,23.0,24.0,23.0,20.0,23.0,23.0,23.0,21.0,22.0,21.0,21.0,22.0,22.0,22.0,22.0,21.0,22.0,22.0,21.0,22.0,21.0,21.0,21.0,21.0,22.0,21.0,10.0,locate,3,3,2.7844
1787152295.267,2026-08-19 17:11:35.266,10,c3,0,0,-0.03943,-0.49601,0.05091,-4.6417,10.4426,-24.5011,-0.0803,0.0015,-0.235,4.68904,21.0,21.0,22.0,22.0,22.0,24.0,23.0,23.0,23.0,26.0,23.0,22.0,22.0,24.0,22.0,21.0,24.0,21.0,23.0,21.0,22.0,21.0,21.0,22.0,22.0,22.0,22.0,21.0,22.0,22.0,21.0,22.0,21.0,21.0,21.0,21.0,22.0,21.0,10.0,locate,3,3,2.7665
1787152295.3171,2026-08-19 17:11:35.317,10,c3,0,0,-0.03948,-0.496,0.05091,-4.5771,10.3926,-24.1423,-0.0811,0.0033,-0.2371,4.69155,21.0,21.0,22.0,22.0,22.0,24.0,23.0,23.0,23.0,26.0,23.0,22.0,22.0,24.0,22.0,21.0,24.0,21.0,23.0,21.0,22.0,21.0,21.0,22.0,22.0,22.0,22.0,21.0,22.0,22.0,21.0,22.0,21.0,21.0,21.0,21.0,22.0,21.0,10.0,locate,3,3,2.7441
1787152295.3672,2026-08-19 17:11:35.367,10,c3,0,0,-0.03944,-0.49601,0.0509,-4.5456,10.4038,-24.0357,-0.0805,-0.0007,-0.2434,4.68904,21.0,22.0,22.0,22.0,24.0,23.0,22.0,21.0,23.0,25.0,22.0,20.0,24.0,24.0,23.0,18.0,23.0,22.0,19.0,21.0,22.0,21.0,21.0,22.0,22.0,22.0,22.0,21.0,22.0,22.0,21.0,22.0,21.0,21.0,21.0,21.0,22.0,21.0,10.0,locate,3,3,2.7665
1787152295.4174,2026-08-19 17:11:35.417,10,c3,0,0,-0.03944,-0.496,0.05091,-4.6158,10.278,-23.9887,-0.0765,-0.0003,-0.2415,4.68954,19.0,22.0,23.0,19.0,25.0,25.0,22.0,19.0,24.0,24.0,21.0,19.0,24.0,24.0,21.0,20.0,24.0,21.0,20.0,21.0,22.0,21.0,21.0,22.0,22.0,22.0,22.0,21.0,22.0,22.0,21.0,22.0,21.0,21.0,21.0,21.0,22.0,21.0,10.0,locate,3,3,2.762
1787152295.4675,2026-08-19 17:11:35.467,10,c3,0,0,-0.03943,-0.49601,0.05091,-4.61,10.7433,-24.0888,-0.0894,0.0017,-0.2402,4.68727,19.0,22.0,23.0,19.0,25.0,25.0,22.0,19.0,24.0,24.0,21.0,19.0,24.0,24.0,21.0,20.0,24.0,21.0,20.0,21.0,22.0,21.0,21.0,22.0,22.0,22.0,22.0,21.0,22.0,22.0,21.0,22.0,21.0,21.0,21.0,21.0,22.0,21.0,10.0,locate,3,3,2.7821
1787152295.5176,2026-08-19 17:11:35.517,10,c3,0,0,-0.03945,-0.49601,0.05091,-4.7167,10.437,-24.1163,-0.08,0.0004,-0.2365,4.69155,19.0,20.0,23.0,19.0,24.0,24.0,22.0,23.0,26.0,26.0,22.0,22.0,24.0,26.0,21.0,21.0,24.0,21.0,21.0,21.0,22.0,21.0,21.0,22.0,22.0,22.0,22.0,21.0,22.0,22.0,21.0,22.0,21.0,21.0,21.0,21.0,22.0,21.0,10.0,locate,3,3,2.7441
1787152295.5678,2026-08-19 17:11:35.567,10,c3,0,0,-0.03945,-0.49601,0.05091,-4.4227,10.688,-24.2062,-0.0869,0.008,-0.2333,4.6913,19.0,20.0,23.0,19.0,24.0,24.0,22.0,23.0,26.0,26.0,22.0,22.0,24.0,26.0,21.0,21.0,24.0,21.0,21.0,21.0,22.0,21.0,21.0,22.0,22.0,22.0,22.0,21.0,22.0,22.0,21.0,22.0,21.0,21.0,21.0,21.0,22.0,21.0,10.0,locate,3,3,2.7463
1787152295.6178,2026-08-19 17:11:35.617,10,c3,0,0,-0.03944,-0.496,0.0509,-4.759,10.615,-24.1604,-0.0828,-0.0041,-0.2339,4.68702,20.0,24.0,23.0,21.0,26.0,26.0,22.0,21.0,22.0,25.0,22.0,22.0,23.0,25.0,21.0,19.0,24.0,21.0,21.0,21.0,22.0,21.0,21.0,22.0,22.0,22.0,22.0,21.0,22.0,22.0,21.0,22.0,21.0,21.0,21.0,21.0,22.0,21.0,10.0,locate,3,3,2.7844
1787152295.6679,2026-08-19 17:11:35.667,10,c3,1,0,-0.03945,-0.496,0.0509,-4.1627,10.0359,-24.3469,-0.0698,0.0156,-0.2275,4.69407,20.0,22.0,23.0,20.0,22.0,25.0,22.0,25.0,24.0,25.0,22.0,24.0,24.0,24.0,23.0,23.0,23.0,23.0,24.0,21.0,22.0,21.0,21.0,22.0,22.0,22.0,22.0,21.0,22.0,22.0,21.0,22.0,21.0,21.0,21.0,21.0,22.0,21.0,10.0,press,3,3,2.7217
1787152295.718,2026-08-19 17:11:35.718,10,c3,1,0,-0.03943,-0.49602,0.05091,-4.507,10.1431,-24.4187,-0.0719,0.0081,-0.2393,4.68979,20.0,22.0,23.0,20.0,22.0,25.0,22.0,25.0,24.0,25.0,22.0,24.0,24.0,24.0,23.0,23.0,23.0,23.0,24.0,21.0,22.0,21.0,21.0,22.0,22.0,22.0,22.0,21.0,22.0,22.0,21.0,22.0,21.0,21.0,21.0,21.0,22.0,21.0,10.0,press,3,3,2.7597
1787152295.7682,2026-08-19 17:11:35.768,10,c3,1,0,-0.03945,-0.49604,0.05087,-4.3926,10.4961,-24.3627,-0.0827,0.0107,-0.2343,4.68803,22.0,22.0,22.0,23.0,25.0,24.0,22.0,23.0,22.0,25.0,23.0,22.0,23.0,24.0,22.0,20.0,23.0,23.0,22.0,21.0,22.0,21.0,21.0,22.0,22.0,22.0,22.0,21.0,22.0,22.0,21.0,22.0,21.0,21.0,21.0,21.0,22.0,21.0,10.0,press,3,3,2.7754
1787152295.8183,2026-08-19 17:11:35.818,10,c3,1,0,-0.03944,-0.49602,0.05073,-4.0727,10.045,-24.158,-0.0736,0.0191,-0.2306,4.6981,22.0,22.0,22.0,23.0,25.0,24.0,22.0,23.0,22.0,25.0,23.0,22.0,23.0,24.0,22.0,20.0,23.0,23.0,22.0,21.0,22.0,21.0,21.0,22.0,22.0,22.0,22.0,21.0,22.0,22.0,21.0,22.0,21.0,21.0,21.0,21.0,22.0,21.0,10.0,press,3,3,2.6858
1787152295.8684,2026-08-19 17:11:35.868,10,c3,1,0,-0.03945,-0.49603,0.05058,-4.3527,10.2237,-24.421,-0.074,0.0088,-0.2313,4.67166,20.0,22.0,23.0,22.0,25.0,25.0,24.0,23.0,24.0,25.0,22.0,22.0,24.0,25.0,23.0,21.0,23.0,22.0,22.0,21.0,22.0,21.0,21.0,22.0,22.0,22.0,22.0,21.0,22.0,22.0,21.0,22.0,21.0,21.0,21.0,21.0,22.0,21.0,10.0,press,3,3,2.921
1787152295.9186,2026-08-19 17:11:35.918,10,c3,1,0,-0.03945,-0.49603,0.05039,-4.3115,10.533,-24.4658,-0.0828,0.0112,-0.2353,4.69382,20.0,22.0,23.0,22.0,25.0,25.0,24.0,23.0,24.0,25.0,22.0,22.0,24.0,25.0,23.0,21.0,23.0,22.0,22.0,21.0,22.0,21.0,21.0,22.0,22.0,22.0,22.0,21.0,22.0,22.0,21.0,22.0,21.0,21.0,21.0,21.0,22.0,21.0,10.0,press,3,3,2.7239
1787152295.9687,2026-08-19 17:11:35.968,10,c3,1,0,-0.03945,-0.49603,0.05018,-4.3895,10.5444,-24.298,-0.0795,0.0079,-0.2311,4.68325,20.0,22.0,23.0,20.0,25.0,23.0,22.0,22.0,24.0,25.0,24.0,20.0,24.0,25.0,23.0,19.0,23.0,22.0,21.0,21.0,22.0,21.0,21.0,22.0,22.0,22.0,22.0,21.0,22.0,22.0,21.0,22.0,21.0,21.0,21.0,21.0,22.0,21.0,10.0,press,3,3,2.818
1787152296.0188,2026-08-19 17:11:36.018,10,c3,1,0,-0.03944,-0.49605,0.04993,-4.458,10.2678,-24.2461,-0.0811,0.0101,-0.2323,4.69684,19.0,22.0,23.0,19.0,24.0,23.0,23.0,22.0,24.0,26.0,22.0,22.0,24.0,25.0,24.0,20.0,24.0,22.0,22.0,21.0,22.0,21.0,21.0,22.0,22.0,22.0,22.0,21.0,22.0,22.0,21.0,22.0,21.0,21.0,21.0,21.0,22.0,21.0,10.0,press,3,3,2.697
1787152296.069,2026-08-19 17:11:36.068,10,c3,1,0,-0.03946,-0.49607,0.0497,-4.2372,10.4263,-24.503,-0.0822,0.0115,-0.236,4.68803,19.0,22.0,23.0,19.0,24.0,23.0,23.0,22.0,24.0,26.0,22.0,22.0,24.0,25.0,24.0,20.0,24.0,22.0,22.0,21.0,22.0,21.0,21.0,22.0,22.0,22.0,22.0,21.0,22.0,22.0,21.0,22.0,21.0,21.0,21.0,21.0,22.0,21.0,10.0,press,3,3,2.7754
1787152296.1191,2026-08-19 17:11:36.119,10,c3,1,0,-0.03945,-0.49607,0.04937,-4.3578,10.1401,-24.4956,-0.0755,0.0079,-0.2336,4.6913,20.0,24.0,24.0,20.0,25.0,26.0,22.0,22.0,24.0,25.0,23.0,21.0,24.0,24.0,23.0,19.0,23.0,22.0,21.0,21.0,22.0,21.0,21.0,22.0,22.0,22.0,22.0,21.0,22.0,22.0,21.0,22.0,21.0,21.0,21.0,21.0,22.0,21.0,10.0,press,3,3,2.7463
1787152296.1692,2026-08-19 17:11:36.169,10,c3,1,0,-0.03946,-0.49601,0.049,-4.4014,10.1995,-24.53,-0.0727,0.0064,-0.2336,4.69709,20.0,24.0,24.0,20.0,25.0,26.0,22.0,22.0,24.0,25.0,23.0,21.0,24.0,24.0,23.0,19.0,23.0,22.0,21.0,21.0,22.0,21.0,21.0,22.0,22.0,22.0,22.0,21.0,22.0,22.0,21.0,22.0,21.0,21.0,21.0,21.0,22.0,21.0,10.0,press,3,3,2.6948
1787152296.2193,2026-08-19 17:11:36.219,10,c3,1,0,-0.03946,-0.49602,0.04867,-4.3832,10.5657,-24.4216,-0.0833,0.0074,-0.2358,4.68853,20.0,23.0,22.0,22.0,26.0,24.0,22.0,25.0,25.0,25.0,23.0,23.0,24.0,25.0,23.0,22.0,24.0,23.0,23.0,21.0,22.0,21.0,21.0,22.0,22.0,22.0,22.0,21.0,22.0,22.0,21.0,22.0,21.0,21.0,21.0,21.0,22.0,21.0,10.0,press,3,3,2.7709
1787152296.2694,2026-08-19 17:11:36.269,10,c3,1,0,-0.03943,-0.49602,0.04834,-4.7731,10.3659,-24.4732,-0.0737,-0.0023,-0.2382,4.69004,22.0,24.0,23.0,22.0,26.0,25.0,23.0,22.0,24.0,26.0,22.0,21.0,24.0,25.0,22.0,20.0,24.0,22.0,21.0,21.0,22.0,21.0,21.0,22.0,22.0,22.0,22.0,21.0,22.0,22.0,21.0,22.0,21.0,21.0,21.0,21.0,22.0,21.0,10.0,press,3,3,2.7575
1787152296.3195,2026-08-19 17:11:36.319,10,c3,1,0,-0.03946,-0.49604,0.04803,-4.2764,10.0707,-24.3905,-0.0722,0.0101,-0.2309,4.68375,22.0,24.0,23.0,22.0,26.0,25.0,23.0,22.0,24.0,26.0,22.0,21.0,24.0,25.0,22.0,20.0,24.0,22.0,21.0,21.0,22.0,21.0,21.0,22.0,22.0,22.0,22.0,21.0,22.0,22.0,21.0,22.0,21.0,21.0,21.0,21.0,22.0,21.0,10.0,press,3,3,2.8135
1787152296.3697,2026-08-19 17:11:36.369,10,c3,1,0,-0.03945,-0.49603,0.0477,-4.1168,10.3215,-24.4205,-0.0779,0.0158,-0.2278,4.6976,20.0,22.0,23.0,20.0,24.0,25.0,22.0,23.0,25.0,25.0,24.0,22.0,24.0,24.0,22.0,21.0,23.0,22.0,22.0,21.0,22.0,21.0,21.0,22.0,22.0,22.0,22.0,21.0,22.0,22.0,21.0,22.0,21.0,21.0,21.0,21.0,22.0,21.0,10.0,press,3,3,2.6903
1787152296.4199,2026-08-19 17:11:36.419,10,c3,1,0,-0.03947,-0.49604,0.04739,-4.2335,9.9123,-24.5818,-0.0663,0.012,-0.2419,4.68929,20.0,22.0,23.0,20.0,24.0,25.0,22.0,23.0,25.0,25.0,24.0,22.0,24.0,24.0,22.0,21.0,23.0,22.0,22.0,21.0,22.0,21.0,21.0,22.0,22.0,22.0,22.0,21.0,22.0,22.0,21.0,22.0,21.0,21.0,21.0,21.0,22.0,21.0,10.0,press,3,3,2.7642
1787152296.47,2026-08-19 17:11:36.469,10,c3,1,0,-0.03944,-0.49602,0.04704,-4.3628,10.3772,-24.5666,-0.0805,0.0077,-0.2341,4.69558,22.0,22.0,23.0,22.0,25.0,25.0,23.0,23.0,27.0,26.0,23.0,22.0,28.0,25.0,22.0,21.0,23.0,23.0,22.0,21.0,22.0,21.0,21.0,22.0,22.0,22.0,22.0,21.0,22.0,22.0,21.0,22.0,21.0,21.0,21.0,21.0,22.0,21.0,10.0,press,3,3,2.7082
1787152296.5201,2026-08-19 17:11:36.520,10,c3,1,0,-0.03943,-0.49601,0.04668,-4.2368,10.2869,-24.4189,-0.0798,0.0115,-0.2361,4.68979,22.0,25.0,23.0,22.0,28.0,25.0,23.0,23.0,27.0,25.0,23.0,22.0,26.0,24.0,22.0,22.0,23.0,22.0,23.0,21.0,22.0,21.0,21.0,22.0,22.0,22.0,22.0,21.0,22.0,22.0,21.0,22.0,21.0,21.0,21.0,21.0,22.0,21.0,10.0,press,3,3,2.7597
1787152296.5702,2026-08-19 17:11:36.570,10,c3,1,0,-0.03944,-0.49602,0.04636,-4.4742,10.2244,-24.4263,-0.0734,0.0061,-0.2403,4.70137,22.0,25.0,23.0,22.0,28.0,25.0,23.0,23.0,27.0,25.0,23.0,22.0,26.0,24.0,22.0,22.0,23.0,22.0,23.0,21.0,22.0,21.0,21.0,22.0,22.0,22.0,22.0,21.0,22.0,22.0,21.0,22.0,21.0,21.0,21.0,21.0,22.0,21.0,10.0,press,3,3,2.6567
1787152296.6203,2026-08-19 17:11:36.620,10,c3,1,0,-0.03943,-0.49601,0.04602,-4.1522,9.9917,-24.2861,-0.0716,0.0151,-0.2317,4.684,21.0,25.0,22.0,20.0,27.0,25.0,22.0,24.0,27.0,28.0,22.0,23.0,25.0,27.0,22.0,22.0,25.0,21.0,21.0,21.0,22.0,21.0,21.0,22.0,22.0,22.0,22.0,21.0,22.0,22.0,21.0,22.0,21.0,21.0,21.0,21.0,22.0,21.0,10.0,press,3,3,2.8113
1787152296.6704,2026-08-19 17:11:36.670,10,c3,1,0,-0.03945,-0.49601,0.04567,-4.718,10.4293,-24.2873,-0.0825,0.0028,-0.2395,4.68022,21.0,25.0,22.0,20.0,27.0,25.0,22.0,24.0,27.0,28.0,22.0,23.0,25.0,27.0,22.0,22.0,25.0,21.0,21.0,21.0,22.0,21.0,21.0,22.0,22.0,22.0,22.0,21.0,22.0,22.0,21.0,22.0,21.0,21.0,21.0,21.0,22.0,21.0,10.0,press,3,3,2.8449
1787152296.7205,2026-08-19 17:11:36.720,10,c3,1,0,-0.03946,-0.49603,0.04536,-4.6378,10.9387,-24.1528,-0.0932,0.0019,-0.233,4.64598,20.0,23.0,24.0,22.0,25.0,27.0,21.0,22.0,26.0,28.0,24.0,21.0,25.0,26.0,23.0,20.0,25.0,23.0,21.0,21.0,22.0,21.0,21.0,22.0,22.0,22.0,22.0,21.0,22.0,22.0,21.0,22.0,21.0,21.0,21.0,21.0,22.0,21.0,10.0,press,3,3,3.1495
1787152296.7707,2026-08-19 17:11:36.770,10,c3,1,0,-0.03946,-0.49603,0.04504,-4.6884,10.5556,-23.8259,-0.0813,0.0017,-0.2395,4.62358,20.0,23.0,24.0,22.0,25.0,27.0,21.0,22.0,26.0,28.0,24.0,21.0,25.0,26.0,23.0,20.0,25.0,23.0,21.0,21.0,22.0,21.0,21.0,22.0,22.0,22.0,22.0,21.0,22.0,22.0,21.0,22.0,21.0,21.0,21.0,21.0,22.0,21.0,10.0,press,3,3,3.3488
1787152296.8208,2026-08-19 17:11:36.820,10,c3,1,0,-0.03943,-0.49603,0.04471,-4.4695,10.2355,-24.1097,-0.0743,0.0064,-0.2393,4.59261,21.0,25.0,24.0,20.0,27.0,26.0,24.0,23.0,26.0,29.0,23.0,21.0,24.0,26.0,24.0,19.0,24.0,23.0,20.0,21.0,22.0,21.0,21.0,22.0,22.0,22.0,22.0,21.0,22.0,22.0,21.0,22.0,21.0,21.0,21.0,21.0,22.0,21.0,10.0,press,3,3,3.6243
1787152296.8709,2026-08-19 17:11:36.870,10,c3,1,0,-0.03946,-0.49602,0.04437,-4.4644,10.303,-23.8712,-0.0774,0.0061,-0.2404,4.56919,21.0,24.0,24.0,21.0,26.0,26.0,23.0,26.0,27.0,31.0,23.0,25.0,26.0,27.0,24.0,23.0,25.0,22.0,24.0,21.0,22.0,21.0,21.0,22.0,22.0,22.0,22.0,21.0,22.0,22.0,21.0,22.0,21.0,21.0,21.0,21.0,22.0,21.0,10.0,press,3,3,3.8327
1787152296.921,2026-08-19 17:11:36.920,10,c3,1,0,-0.03945,-0.49601,0.04403,-4.3946,10.3404,-23.7661,-0.0804,0.0093,-0.2341,4.54276,21.0,24.0,24.0,21.0,26.0,26.0,23.0,26.0,27.0,31.0,23.0,25.0,26.0,27.0,24.0,23.0,25.0,22.0,24.0,21.0,22.0,21.0,21.0,22.0,22.0,22.0,22.0,21.0,22.0,22.0,21.0,22.0,21.0,21.0,21.0,21.0,22.0,21.0,10.0,press,3,3,4.0678
1787152296.9711,2026-08-19 17:11:36.971,10,c3,1,0,-0.03944,-0.49602,0.04371,-4.5148,10.2765,-23.604,-0.0772,0.0052,-0.2363,4.50172,23.0,24.0,23.0,24.0,28.0,28.0,24.0,25.0,29.0,31.0,24.0,23.0,25.0,28.0,23.0,22.0,24.0,22.0,22.0,21.0,22.0,21.0,21.0,22.0,22.0,22.0,22.0,21.0,22.0,22.0,21.0,22.0,21.0,21.0,21.0,21.0,22.0,21.0,10.0,press,3,3,4.433
1787152297.0212,2026-08-19 17:11:37.021,10,c3,1,0,-0.03944,-0.49603,0.04338,-4.2425,10.0913,-23.3948,-0.0695,0.0139,-0.2304,4.42845,23.0,24.0,23.0,24.0,28.0,28.0,24.0,25.0,29.0,31.0,24.0,23.0,25.0,28.0,23.0,22.0,24.0,22.0,22.0,21.0,22.0,21.0,21.0,22.0,22.0,22.0,22.0,21.0,22.0,22.0,21.0,22.0,21.0,21.0,21.0,21.0,22.0,21.0,10.0,press,3,3,5.0848
1787152297.0713,2026-08-19 17:11:37.071,10,c3,1,0,-0.03943,-0.49603,0.04305,-4.5777,10.1658,-23.0231,-0.072,0.0052,-0.2323,4.36324,21.0,23.0,24.0,23.0,28.0,27.0,23.0,26.0,27.0,30.0,24.0,23.0,27.0,29.0,24.0,23.0,25.0,22.0,24.0,21.0,22.0,21.0,21.0,22.0,22.0,22.0,22.0,21.0,22.0,22.0,21.0,22.0,21.0,21.0,21.0,21.0,22.0,21.0,10.0,press,3,3,5.6649
1787152297.1215,2026-08-19 17:11:37.121,10,c3,1,0,-0.03945,-0.49603,0.04273,-4.6288,10.0848,-22.9576,-0.0703,0.0053,-0.2316,4.27688,23.0,25.0,21.0,24.0,29.0,26.0,23.0,25.0,27.0,31.0,23.0,22.0,25.0,30.0,23.0,21.0,25.0,23.0,23.0,21.0,22.0,21.0,21.0,22.0,22.0,22.0,22.0,21.0,22.0,22.0,21.0,22.0,21.0,21.0,21.0,21.0,22.0,21.0,10.0,press,3,3,6.4332
1787152297.1717,2026-08-19 17:11:37.171,10,c3,1,0,-0.03946,-0.49606,0.04242,-4.4528,10.059,-22.6609,-0.0644,0.0126,-0.2332,4.19354,23.0,25.0,21.0,24.0,29.0,26.0,23.0,25.0,27.0,31.0,23.0,22.0,25.0,30.0,23.0,21.0,25.0,23.0,23.0,21.0,22.0,21.0,21.0,22.0,22.0,22.0,22.0,21.0,22.0,22.0,21.0,22.0,21.0,21.0,21.0,21.0,22.0,21.0,10.0,press,3,3,7.1746
1787152297.2218,2026-08-19 17:11:37.221,10,c3,1,0,-0.03946,-0.49606,0.04212,-5.1372,10.4993,-22.0212,-0.0754,-0.0031,-0.2461,4.10895,23.0,23.0,21.0,24.0,29.0,26.0,22.0,26.0,29.0,31.0,24.0,23.0,26.0,32.0,23.0,23.0,26.0,23.0,24.0,21.0,22.0,21.0,21.0,22.0,22.0,22.0,22.0,21.0,22.0,22.0,21.0,22.0,21.0,21.0,21.0,21.0,22.0,21.0,10.0,press,3,3,7.9272
1787152297.2719,2026-08-19 17:11:37.271,10,c3,1,0,-0.03946,-0.49605,0.04184,-4.5216,10.3558,-21.7942,-0.0713,0.0113,-0.2348,4.01328,23.0,23.0,21.0,24.0,29.0,26.0,22.0,26.0,29.0,31.0,24.0,23.0,26.0,32.0,23.0,23.0,26.0,23.0,24.0,21.0,22.0,21.0,21.0,22.0,22.0,22.0,22.0,21.0,22.0,22.0,21.0,22.0,21.0,21.0,21.0,21.0,22.0,21.0,10.0,press,3,3,8.7783
1787152297.322,2026-08-19 17:11:37.321,10,c3,1,0,-0.03945,-0.49599,0.04157,-4.6629,10.0432,-21.5066,-0.0676,0.0099,-0.23,3.93271,24.0,25.0,21.0,25.0,30.0,28.0,23.0,26.0,31.0,30.0,23.0,22.0,28.0,32.0,22.0,22.0,26.0,23.0,22.0,21.0,22.0,21.0,21.0,22.0,22.0,22.0,22.0,21.0,22.0,22.0,21.0,22.0,21.0,21.0,21.0,21.0,22.0,21.0,10.0,press,3,3,9.4951
1787152297.372,2026-08-19 17:11:37.372,10,c3,1,0,-0.03943,-0.496,0.0414,-4.61,10.346,-21.3672,-0.0746,0.0137,-0.2357,3.87127,23.0,26.0,19.0,23.0,31.0,27.0,23.0,27.0,30.0,32.0,24.0,23.0,27.0,35.0,23.0,23.0,27.0,24.0,24.0,21.0,22.0,21.0,21.0,22.0,22.0,22.0,22.0,21.0,22.0,22.0,21.0,22.0,21.0,21.0,21.0,21.0,22.0,21.0,10.0,press,3,3,10.0416
1787152297.4223,2026-08-19 17:11:37.422,10,c3,1,0,-0.03944,-0.49602,0.04127,-4.5989,10.5838,-21.182,-0.076,0.0107,-0.2392,3.83653,23.0,26.0,19.0,23.0,31.0,27.0,23.0,27.0,30.0,32.0,24.0,23.0,27.0,35.0,23.0,23.0,27.0,24.0,24.0,21.0,22.0,21.0,21.0,22.0,22.0,22.0,22.0,21.0,22.0,22.0,21.0,22.0,21.0,21.0,21.0,21.0,22.0,21.0,10.0,press,3,3,10.3507
1787152297.4724,2026-08-19 17:11:37.472,10,c3,1,0,-0.03942,-0.49601,0.04115,-4.6048,10.1161,-20.955,-0.0607,0.014,-0.2311,3.78592,25.0,23.0,22.0,25.0,30.0,30.0,23.0,27.0,32.0,32.0,22.0,24.0,28.0,35.0,22.0,24.0,27.0,22.0,25.0,21.0,22.0,21.0,21.0,22.0,22.0,22.0,22.0,21.0,22.0,22.0,21.0,22.0,21.0,21.0,21.0,21.0,22.0,21.0,10.0,press,3,3,10.801
1787152297.5225,2026-08-19 17:11:37.522,10,c3,1,0,-0.03945,-0.49602,0.04106,-4.4593,10.1834,-21.0406,-0.069,0.0162,-0.2374,3.74791,25.0,23.0,22.0,25.0,30.0,30.0,23.0,27.0,32.0,32.0,22.0,24.0,28.0,35.0,22.0,24.0,27.0,22.0,25.0,21.0,22.0,21.0,21.0,22.0,22.0,22.0,22.0,21.0,22.0,22.0,21.0,22.0,21.0,21.0,21.0,21.0,22.0,21.0,10.0,press,3,3,11.1392
1787152297.5727,2026-08-19 17:11:37.572,10,c3,1,0,-0.03944,-0.49603,0.04101,-4.5281,10.4639,-20.7579,-0.0717,0.017,-0.2334,3.73632,24.0,24.0,21.0,26.0,31.0,31.0,21.0,25.0,32.0,35.0,23.0,21.0,27.0,36.0,23.0,22.0,28.0,23.0,24.0,21.0,22.0,21.0,21.0,22.0,22.0,22.0,22.0,21.0,22.0,22.0,21.0,22.0,21.0,21.0,21.0,21.0,22.0,21.0,10.0,press,3,3,11.2422
1787152297.6228,2026-08-19 17:11:37.622,10,c3,1,0,-0.03944,-0.49602,0.04096,-4.7492,10.0979,-20.7357,-0.0643,0.0096,-0.2355,3.71996,23.0,25.0,21.0,22.0,34.0,32.0,23.0,27.0,31.0,33.0,23.0,24.0,26.0,37.0,24.0,23.0,26.0,23.0,25.0,21.0,22.0,21.0,21.0,22.0,22.0,22.0,22.0,21.0,22.0,22.0,21.0,22.0,21.0,21.0,21.0,21.0,22.0,21.0,10.0,press,3,3,11.3878
1787152297.6729,2026-08-19 17:11:37.672,10,c3,1,0,-0.03944,-0.49603,0.04096,-4.9865,10.6432,-20.6321,-0.0746,0.0056,-0.2387,3.73305,23.0,25.0,21.0,22.0,34.0,32.0,23.0,27.0,31.0,33.0,23.0,24.0,26.0,37.0,24.0,23.0,26.0,23.0,25.0,21.0,22.0,21.0,21.0,22.0,22.0,22.0,22.0,21.0,22.0,22.0,21.0,22.0,21.0,21.0,21.0,21.0,22.0,21.0,10.0,hold,3,3,11.2713
1787152297.723,2026-08-19 17:11:37.722,10,c3,1,0,-0.03945,-0.49602,0.04093,-4.4511,10.1749,-20.6774,-0.0664,0.0177,-0.2351,3.7119,25.0,24.0,22.0,25.0,32.0,33.0,23.0,26.0,32.0,33.0,25.0,23.0,28.0,38.0,24.0,24.0,27.0,24.0,24.0,21.0,22.0,21.0,21.0,22.0,22.0,22.0,22.0,21.0,22.0,22.0,21.0,22.0,21.0,21.0,21.0,21.0,22.0,21.0,10.0,hold,3,3,11.4595
1787152297.7731,2026-08-19 17:11:37.773,10,c3,1,0,-0.03945,-0.49602,0.04092,-4.6886,10.4959,-20.7464,-0.0729,0.0126,-0.2318,3.71744,25.0,24.0,22.0,25.0,32.0,33.0,23.0,26.0,32.0,33.0,25.0,23.0,28.0,38.0,24.0,24.0,27.0,24.0,24.0,21.0,22.0,21.0,21.0,22.0,22.0,22.0,22.0,21.0,22.0,22.0,21.0,22.0,21.0,21.0,21.0,21.0,22.0,21.0,10.0,hold,3,3,11.4102
1787152297.8233,2026-08-19 17:11:37.823,10,c3,1,0,-0.03944,-0.49601,0.0409,-4.3522,10.1952,-20.7715,-0.0671,0.0196,-0.2359,3.72147,24.0,24.0,21.0,23.0,32.0,32.0,24.0,27.0,33.0,33.0,24.0,24.0,29.0,38.0,23.0,22.0,27.0,23.0,24.0,21.0,22.0,21.0,21.0,22.0,22.0,22.0,22.0,21.0,22.0,22.0,21.0,22.0,21.0,21.0,21.0,21.0,22.0,21.0,10.0,hold,3,3,11.3744
1787152297.8734,2026-08-19 17:11:37.873,10,c3,1,0,-0.03944,-0.49601,0.04091,-4.8442,10.4481,-20.8483,-0.0742,0.0047,-0.2389,3.71971,24.0,26.0,22.0,23.0,33.0,34.0,24.0,29.0,33.0,33.0,25.0,25.0,29.0,37.0,24.0,24.0,27.0,24.0,27.0,21.0,22.0,21.0,21.0,22.0,22.0,22.0,22.0,21.0,22.0,22.0,21.0,22.0,21.0,21.0,21.0,21.0,22.0,21.0,10.0,hold,3,3,11.3901
1787152297.9236,2026-08-19 17:11:37.923,10,c3,1,0,-0.03945,-0.49602,0.04091,-4.2785,10.2762,-20.9819,-0.0703,0.0221,-0.2314,3.72122,24.0,26.0,22.0,23.0,33.0,34.0,24.0,29.0,33.0,33.0,25.0,25.0,29.0,37.0,24.0,24.0,27.0,24.0,27.0,21.0,22.0,21.0,21.0,22.0,22.0,22.0,22.0,21.0,22.0,22.0,21.0,22.0,21.0,21.0,21.0,21.0,22.0,21.0,10.0,hold,3,3,11.3766
1787152297.9737,2026-08-19 17:11:37.973,10,c3,1,0,-0.03944,-0.49601,0.04091,-4.8618,10.1574,-20.748,-0.0638,0.0082,-0.2368,3.72776,25.0,25.0,20.0,26.0,35.0,31.0,24.0,26.0,34.0,33.0,23.0,24.0,29.0,38.0,23.0,22.0,27.0,22.0,24.0,21.0,22.0,21.0,21.0,22.0,22.0,22.0,22.0,21.0,22.0,22.0,21.0,22.0,21.0,21.0,21.0,21.0,22.0,21.0,10.0,hold,3,3,11.3184
1787152298.0238,2026-08-19 17:11:38.023,10,c3,1,0,-0.03944,-0.49602,0.04091,-4.2326,10.3851,-20.6893,-0.0743,0.0218,-0.2334,3.71643,25.0,25.0,20.0,26.0,35.0,31.0,24.0,26.0,34.0,33.0,23.0,24.0,29.0,38.0,23.0,22.0,27.0,22.0,24.0,21.0,22.0,21.0,21.0,22.0,22.0,22.0,22.0,21.0,22.0,22.0,21.0,22.0,21.0,21.0,21.0,21.0,22.0,21.0,10.0,hold,3,3,11.4192
1787152298.074,2026-08-19 17:11:38.073,10,c3,1,0,-0.03944,-0.49601,0.04091,-4.2998,10.2902,-20.7525,-0.0715,0.0194,-0.2298,3.73179,24.0,25.0,21.0,24.0,33.0,32.0,23.0,27.0,33.0,33.0,26.0,23.0,28.0,37.0,24.0,24.0,27.0,24.0,25.0,21.0,22.0,21.0,21.0,22.0,22.0,22.0,22.0,21.0,22.0,22.0,21.0,22.0,21.0,21.0,21.0,21.0,22.0,21.0,10.0,hold,3,3,11.2825
1787152298.124,2026-08-19 17:11:38.124,10,c3,1,0,-0.03946,-0.49601,0.04091,-4.6755,10.3766,-20.5662,-0.0716,0.0113,-0.2409,3.72524,24.0,25.0,21.0,24.0,33.0,32.0,23.0,27.0,33.0,33.0,26.0,23.0,28.0,37.0,24.0,24.0,27.0,24.0,25.0,21.0,22.0,21.0,21.0,22.0,22.0,22.0,22.0,21.0,22.0,22.0,21.0,22.0,21.0,21.0,21.0,21.0,22.0,21.0,10.0,hold,3,3,11.3408
1787152298.1741,2026-08-19 17:11:38.174,10,c3,1,0,-0.03945,-0.49601,0.04092,-4.8273,10.457,-20.6808,-0.0731,0.0088,-0.2343,3.73481,23.0,25.0,21.0,24.0,32.0,32.0,25.0,26.0,33.0,33.0,24.0,23.0,29.0,39.0,25.0,22.0,27.0,25.0,23.0,21.0,22.0,21.0,21.0,22.0,22.0,22.0,22.0,21.0,22.0,22.0,21.0,22.0,21.0,21.0,21.0,21.0,22.0,21.0,10.0,hold,3,3,11.2557
1787152298.2242,2026-08-19 17:11:38.224,10,c3,1,0,-0.03945,-0.49601,0.04091,-4.562,10.0745,-20.8888,-0.0628,0.0129,-0.2419,3.72323,25.0,25.0,21.0,24.0,32.0,33.0,24.0,26.0,31.0,34.0,24.0,23.0,28.0,38.0,25.0,22.0,28.0,23.0,24.0,21.0,22.0,21.0,21.0,22.0,22.0,22.0,22.0,21.0,22.0,22.0,21.0,22.0,21.0,21.0,21.0,21.0,22.0,21.0,10.0,hold,3,3,11.3587
1787152298.2743,2026-08-19 17:11:38.274,10,c3,1,0,-0.03943,-0.49601,0.04092,-4.7594,10.3716,-20.7054,-0.0686,0.0116,-0.2351,3.73305,25.0,25.0,21.0,24.0,32.0,33.0,24.0,26.0,31.0,34.0,24.0,23.0,28.0,38.0,25.0,22.0,28.0,23.0,24.0,21.0,22.0,21.0,21.0,22.0,22.0,22.0,22.0,21.0,22.0,22.0,21.0,22.0,21.0,21.0,21.0,21.0,22.0,21.0,10.0,hold,3,3,11.2713
1787152298.3244,2026-08-19 17:11:38.324,10,c3,1,0,-0.03944,-0.49601,0.0409,-4.8614,10.4997,-20.5453,-0.0718,0.0082,-0.2385,3.73456,22.0,24.0,23.0,23.0,31.0,34.0,24.0,25.0,33.0,33.0,23.0,22.0,30.0,38.0,22.0,22.0,28.0,22.0,24.0,21.0,22.0,21.0,21.0,22.0,22.0,22.0,22.0,21.0,22.0,22.0,21.0,22.0,21.0,21.0,21.0,21.0,22.0,21.0,10.0,hold,3,3,11.2579
1787152298.3745,2026-08-19 17:11:38.374,10,c3,1,0,-0.03944,-0.49601,0.04091,-4.7413,10.3148,-20.5949,-0.0694,0.0131,-0.2357,3.73179,22.0,24.0,23.0,23.0,31.0,34.0,24.0,25.0,33.0,33.0,23.0,22.0,30.0,38.0,22.0,22.0,28.0,22.0,24.0,21.0,22.0,21.0,21.0,22.0,22.0,22.0,22.0,21.0,22.0,22.0,21.0,22.0,21.0,21.0,21.0,21.0,22.0,21.0,10.0,hold,3,3,11.2825
1787152298.4245,2026-08-19 17:11:38.424,10,c3,1,0,-0.03945,-0.49602,0.04093,-4.4954,10.528,-20.7491,-0.075,0.0161,-0.2363,3.7396,23.0,25.0,22.0,22.0,34.0,32.0,22.0,27.0,33.0,34.0,25.0,24.0,29.0,38.0,24.0,23.0,27.0,23.0,24.0,21.0,22.0,21.0,21.0,22.0,22.0,22.0,22.0,21.0,22.0,22.0,21.0,22.0,21.0,21.0,21.0,21.0,22.0,21.0,10.0,hold,3,3,11.2131
1787152298.4746,2026-08-19 17:11:38.474,10,c3,1,0,-0.03944,-0.49601,0.0409,-4.5259,9.993,-20.8199,-0.0585,0.0158,-0.2318,3.73305,24.0,25.0,22.0,24.0,33.0,33.0,24.0,25.0,32.0,33.0,22.0,23.0,28.0,37.0,22.0,21.0,26.0,22.0,21.0,21.0,22.0,21.0,21.0,22.0,22.0,22.0,22.0,21.0,22.0,22.0,21.0,22.0,21.0,21.0,21.0,21.0,22.0,21.0,10.0,hold,3,3,11.2713
1787152298.5247,2026-08-19 17:11:38.524,10,c3,1,0,-0.03943,-0.49601,0.04092,-4.6485,10.6013,-20.5775,-0.0738,0.011,-0.2415,3.74136,24.0,25.0,22.0,24.0,33.0,33.0,24.0,25.0,32.0,33.0,22.0,23.0,28.0,37.0,22.0,21.0,26.0,22.0,21.0,21.0,22.0,21.0,21.0,22.0,22.0,22.0,22.0,21.0,22.0,22.0,21.0,22.0,21.0,21.0,21.0,21.0,22.0,21.0,10.0,hold,3,3,11.1974
1787152298.5749,2026-08-19 17:11:38.574,10,c3,1,0,-0.03943,-0.49602,0.04091,-4.7505,10.3051,-20.4317,-0.0685,0.0069,-0.2398,3.73935,21.0,24.0,22.0,22.0,33.0,32.0,23.0,25.0,32.0,33.0,23.0,22.0,28.0,36.0,23.0,21.0,27.0,23.0,22.0,21.0,22.0,21.0,21.0,22.0,22.0,22.0,22.0,21.0,22.0,22.0,21.0,22.0,21.0,21.0,21.0,21.0,22.0,21.0,10.0,hold,3,3,11.2153
1787152298.625,2026-08-19 17:11:38.624,10,c3,1,0,-0.03944,-0.49601,0.0409,-4.7733,10.5501,-20.6849,-0.0709,0.0099,-0.2428,3.74312,21.0,24.0,22.0,22.0,33.0,32.0,23.0,25.0,32.0,33.0,23.0,22.0,28.0,36.0,23.0,21.0,27.0,23.0,22.0,21.0,22.0,21.0,21.0,22.0,22.0,22.0,22.0,21.0,22.0,22.0,21.0,22.0,21.0,21.0,21.0,21.0,22.0,21.0,10.0,hold,3,3,11.1817
1787152298.6751,2026-08-19 17:11:38.675,10,c3,1,0,-0.03943,-0.49601,0.04092,-4.53,10.1172,-20.6218,-0.0645,0.0157,-0.2394,3.73683,22.0,24.0,21.0,21.0,33.0,32.0,23.0,28.0,31.0,34.0,24.0,24.0,29.0,37.0,24.0,25.0,27.0,25.0,26.0,21.0,22.0,21.0,21.0,22.0,22.0,22.0,22.0,21.0,22.0,22.0,21.0,22.0,21.0,21.0,21.0,21.0,22.0,21.0,10.0,hold,3,3,11.2377
1787152298.7252,2026-08-19 17:11:38.725,10,c3,1,0,-0.03945,-0.49601,0.04091,-4.7057,10.2576,-20.6913,-0.0676,0.0086,-0.2389,3.74186,24.0,24.0,22.0,24.0,33.0,33.0,24.0,26.0,31.0,33.0,25.0,22.0,29.0,38.0,23.0,21.0,27.0,23.0,22.0,21.0,22.0,21.0,21.0,22.0,22.0,22.0,22.0,21.0,22.0,22.0,21.0,22.0,21.0,21.0,21.0,21.0,22.0,21.0,10.0,hold,3,3,11.1929
1787152298.7752,2026-08-19 17:11:38.775,10,c3,1,0,-0.03943,-0.49601,0.04092,-4.741,10.5766,-20.3697,-0.0751,0.0079,-0.2404,3.73985,24.0,24.0,22.0,24.0,33.0,33.0,24.0,26.0,31.0,33.0,25.0,22.0,29.0,38.0,23.0,21.0,27.0,23.0,22.0,21.0,22.0,21.0,21.0,22.0,22.0,22.0,22.0,21.0,22.0,22.0,21.0,22.0,21.0,21.0,21.0,21.0,22.0,21.0,10.0,hold,3,3,11.2109
1787152298.8254,2026-08-19 17:11:38.825,10,c3,1,0,-0.03944,-0.49602,0.04092,-4.9313,10.4157,-20.5516,-0.0693,0.0038,-0.2375,3.74337,22.0,21.0,22.0,23.0,30.0,33.0,23.0,26.0,31.0,33.0,23.0,22.0,26.0,37.0,23.0,21.0,26.0,23.0,23.0,21.0,22.0,21.0,21.0,22.0,22.0,22.0,22.0,21.0,22.0,22.0,21.0,22.0,21.0,21.0,21.0,21.0,22.0,21.0,10.0,hold,3,3,11.1795
1787152298.8755,2026-08-19 17:11:38.875,10,c3,1,0,-0.03943,-0.49602,0.04092,-4.6414,10.4496,-20.7604,-0.0687,0.0098,-0.2363,3.73658,22.0,21.0,22.0,23.0,30.0,33.0,23.0,26.0,31.0,33.0,23.0,22.0,26.0,37.0,23.0,21.0,26.0,23.0,23.0,21.0,22.0,21.0,21.0,22.0,22.0,22.0,22.0,21.0,22.0,22.0,21.0,22.0,21.0,21.0,21.0,21.0,22.0,21.0,10.0,hold,3,3,11.24
1787152298.9256,2026-08-19 17:11:38.925,10,c3,1,0,-0.03942,-0.49601,0.04091,-4.7444,10.3982,-20.8219,-0.0707,0.0112,-0.2346,3.74866,24.0,23.0,21.0,21.0,32.0,33.0,23.0,25.0,32.0,33.0,23.0,22.0,27.0,37.0,21.0,21.0,27.0,21.0,24.0,21.0,22.0,21.0,21.0,22.0,22.0,22.0,22.0,21.0,22.0,22.0,21.0,22.0,21.0,21.0,21.0,21.0,22.0,21.0,10.0,hold,3,3,11.1325
1787152298.9758,2026-08-19 17:11:38.975,10,c3,1,0,-0.03943,-0.49601,0.04092,-4.7709,10.2669,-20.6015,-0.0687,0.0101,-0.2375,3.73985,23.0,23.0,21.0,23.0,32.0,32.0,22.0,22.0,33.0,33.0,24.0,20.0,28.0,39.0,23.0,19.0,28.0,23.0,23.0,21.0,22.0,21.0,21.0,22.0,22.0,22.0,22.0,21.0,22.0,22.0,21.0,22.0,21.0,21.0,21.0,21.0,22.0,21.0,10.0,hold,3,3,11.2109
1787152299.0258,2026-08-19 17:11:39.025,10,c3,1,0,-0.03944,-0.49602,0.04092,-4.7636,10.1519,-20.9194,-0.0654,0.0107,-0.2338,3.7464,23.0,23.0,21.0,23.0,32.0,32.0,22.0,22.0,33.0,33.0,24.0,20.0,28.0,39.0,23.0,19.0,28.0,23.0,23.0,21.0,22.0,21.0,21.0,22.0,22.0,22.0,22.0,21.0,22.0,22.0,21.0,22.0,21.0,21.0,21.0,21.0,22.0,21.0,10.0,hold,3,3,11.1526
1787152299.0759,2026-08-19 17:11:39.075,10,c3,1,0,-0.03943,-0.49601,0.04091,-4.4889,10.237,-20.9037,-0.0672,0.0163,-0.2335,3.74337,21.0,25.0,22.0,21.0,33.0,32.0,23.0,26.0,32.0,32.0,24.0,22.0,28.0,38.0,23.0,21.0,27.0,23.0,23.0,21.0,22.0,21.0,21.0,22.0,22.0,22.0,22.0,21.0,22.0,22.0,21.0,22.0,21.0,21.0,21.0,21.0,22.0,21.0,10.0,hold,3,3,11.1795
1787152299.126,2026-08-19 17:11:39.126,10,c3,1,0,-0.03945,-0.49601,0.04092,-4.7654,10.2553,-20.5499,-0.0678,0.0085,-0.2326,3.73758,21.0,25.0,22.0,21.0,33.0,32.0,23.0,26.0,32.0,32.0,24.0,22.0,28.0,38.0,23.0,21.0,27.0,23.0,23.0,21.0,22.0,21.0,21.0,22.0,22.0,22.0,22.0,21.0,22.0,22.0,21.0,22.0,21.0,21.0,21.0,21.0,22.0,21.0,10.0,hold,3,3,11.231
1787152299.1761,2026-08-19 17:11:39.176,10,c3,1,0,-0.03943,-0.49602,0.04093,-4.7044,10.5674,-20.7219,-0.0732,0.0097,-0.2403,3.74866,23.0,24.0,21.0,23.0,33.0,31.0,23.0,27.0,31.0,32.0,23.0,23.0,27.0,37.0,22.0,22.0,26.0,22.0,24.0,21.0,22.0,21.0,21.0,22.0,22.0,22.0,22.0,21.0,22.0,22.0,21.0,22.0,21.0,21.0,21.0,21.0,22.0,21.0,10.0,hold,3,3,11.1325
1787152299.2263,2026-08-19 17:11:39.226,10,c3,1,0,-0.03945,-0.49602,0.04092,-4.6522,10.2759,-20.7038,-0.0682,0.01,-0.2356,3.74237,23.0,24.0,21.0,23.0,33.0,31.0,23.0,27.0,31.0,32.0,23.0,23.0,27.0,37.0,22.0,22.0,26.0,22.0,24.0,21.0,22.0,21.0,21.0,22.0,22.0,22.0,22.0,21.0,22.0,22.0,21.0,22.0,21.0,21.0,21.0,21.0,22.0,21.0,10.0,hold,3,3,11.1885
1787152299.2763,2026-08-19 17:11:39.276,10,c3,1,0,-0.03945,-0.49601,0.04092,-4.9004,10.3859,-20.5207,-0.0733,0.004,-0.2436,3.74916,26.0,24.0,21.0,24.0,32.0,31.0,22.0,25.0,32.0,33.0,23.0,21.0,28.0,37.0,23.0,21.0,27.0,23.0,23.0,21.0,22.0,21.0,21.0,22.0,22.0,22.0,22.0,21.0,22.0,22.0,21.0,22.0,21.0,21.0,21.0,21.0,22.0,21.0,10.0,hold,3,3,11.128
1787152299.3265,2026-08-19 17:11:39.326,10,c3,1,0,-0.03944,-0.49602,0.04092,-4.739,10.7439,-20.7159,-0.078,0.0094,-0.2411,3.74287,21.0,24.0,21.0,21.0,32.0,33.0,24.0,24.0,32.0,34.0,23.0,21.0,28.0,38.0,23.0,20.0,27.0,22.0,20.0,21.0,22.0,21.0,21.0,22.0,22.0,22.0,22.0,21.0,22.0,22.0,21.0,22.0,21.0,21.0,21.0,21.0,22.0,21.0,10.0,hold,3,3,11.184
1787152299.3766,2026-08-19 17:11:39.376,10,c3,1,0,-0.03943,-0.49601,0.04091,-4.5009,10.4538,-20.663,-0.0743,0.0136,-0.2331,3.74514,21.0,24.0,21.0,21.0,32.0,33.0,24.0,24.0,32.0,34.0,23.0,21.0,28.0,38.0,23.0,20.0,27.0,22.0,20.0,21.0,22.0,21.0,21.0,22.0,22.0,22.0,22.0,21.0,22.0,22.0,21.0,22.0,21.0,21.0,21.0,21.0,22.0,21.0,10.0,hold,3,3,11.1638
1787152299.4267,2026-08-19 17:11:39.426,10,c3,1,0,-0.03944,-0.496,0.04091,-4.549,10.6617,-20.7174,-0.0785,0.0161,-0.2294,3.74463,23.0,24.0,21.0,22.0,32.0,33.0,21.0,24.0,31.0,31.0,23.0,22.0,27.0,36.0,24.0,21.0,25.0,23.0,24.0,21.0,22.0,21.0,21.0,22.0,22.0,22.0,22.0,21.0,22.0,22.0,21.0,22.0,21.0,21.0,21.0,21.0,22.0,21.0,10.0,hold,3,3,11.1683
1787152299.4768,2026-08-19 17:11:39.476,10,c3,1,0,-0.03946,-0.49601,0.04091,-4.9593,10.7185,-20.8759,-0.0783,0.0023,-0.2374,3.75068,23.0,24.0,21.0,22.0,32.0,33.0,21.0,24.0,31.0,31.0,23.0,22.0,27.0,36.0,24.0,21.0,25.0,23.0,24.0,21.0,22.0,21.0,21.0,22.0,22.0,22.0,22.0,21.0,22.0,22.0,21.0,22.0,21.0,21.0,21.0,21.0,22.0,21.0,10.0,hold,3,3,11.1145
1787152299.5269,2026-08-19 17:11:39.526,10,c3,1,0,-0.03944,-0.49602,0.04093,-5.0227,10.7993,-20.8568,-0.0808,-0.0037,-0.2413,3.74942,22.0,24.0,20.0,21.0,32.0,32.0,22.0,24.0,32.0,32.0,25.0,21.0,26.0,37.0,24.0,20.0,27.0,23.0,23.0,21.0,22.0,21.0,21.0,22.0,22.0,22.0,22.0,21.0,22.0,22.0,21.0,22.0,21.0,21.0,21.0,21.0,22.0,21.0,10.0,hold,3,3,11.1257
1787152299.5769,2026-08-19 17:11:39.576,10,c3,1,0,-0.03944,-0.49601,0.04091,-4.7145,10.3866,-20.84,-0.0728,0.0086,-0.2357,3.75042,23.0,24.0,22.0,22.0,33.0,32.0,23.0,26.0,33.0,32.0,23.0,22.0,29.0,37.0,23.0,21.0,25.0,22.0,22.0,21.0,22.0,21.0,21.0,22.0,22.0,22.0,22.0,21.0,22.0,22.0,21.0,22.0,21.0,21.0,21.0,21.0,22.0,21.0,10.0,hold,3,3,11.1168
1787152299.627,2026-08-19 17:11:39.627,10,c3,1,0,-0.03944,-0.49602,0.04092,-4.3125,10.4395,-20.9346,-0.0728,0.0175,-0.2332,3.74564,23.0,24.0,22.0,22.0,33.0,32.0,23.0,26.0,33.0,32.0,23.0,22.0,29.0,37.0,23.0,21.0,25.0,22.0,22.0,21.0,22.0,21.0,21.0,22.0,22.0,22.0,22.0,21.0,22.0,22.0,21.0,22.0,21.0,21.0,21.0,21.0,22.0,21.0,10.0,hold,3,3,11.1593
1787152299.6771,2026-08-19 17:11:39.677,10,c3,1,0,-0.03944,-0.49602,0.04092,-4.736,10.4076,-20.6574,-0.0712,0.0097,-0.244,3.74463,24.0,24.0,20.0,23.0,33.0,31.0,22.0,27.0,33.0,33.0,23.0,24.0,29.0,37.0,23.0,23.0,26.0,23.0,23.0,21.0,22.0,21.0,21.0,22.0,22.0,22.0,22.0,21.0,22.0,22.0,21.0,22.0,21.0,21.0,21.0,21.0,22.0,21.0,10.0,hold,3,3,11.1683
1787152299.7272,2026-08-19 17:11:39.727,10,c3,1,0,-0.03944,-0.49601,0.04092,-4.5591,10.2685,-20.7919,-0.066,0.0139,-0.2329,3.74891,24.0,24.0,20.0,23.0,33.0,31.0,22.0,27.0,33.0,33.0,23.0,24.0,29.0,37.0,23.0,23.0,26.0,23.0,23.0,21.0,22.0,21.0,21.0,22.0,22.0,22.0,22.0,21.0,22.0,22.0,21.0,22.0,21.0,21.0,21.0,21.0,22.0,21.0,10.0,hold,3,3,11.1302
1787152299.7773,2026-08-19 17:11:39.777,10,c3,1,0,-0.03944,-0.49601,0.04092,-4.4435,10.3619,-21.0938,-0.0708,0.0177,-0.2347,3.75571,22.0,25.0,21.0,22.0,34.0,32.0,23.0,25.0,34.0,33.0,22.0,21.0,30.0,37.0,22.0,21.0,26.0,22.0,22.0,21.0,22.0,21.0,21.0,22.0,22.0,22.0,22.0,21.0,22.0,22.0,21.0,22.0,21.0,21.0,21.0,21.0,22.0,21.0,10.0,hold,3,3,11.0697
1787152299.8274,2026-08-19 17:11:39.827,10,c3,1,0,-0.03945,-0.49602,0.04093,-4.6477,10.6811,-20.7956,-0.0789,0.0117,-0.2358,3.74765,22.0,25.0,21.0,22.0,34.0,32.0,22.0,27.0,33.0,32.0,24.0,22.0,29.0,38.0,23.0,22.0,27.0,21.0,23.0,21.0,22.0,21.0,21.0,22.0,22.0,22.0,22.0,21.0,22.0,22.0,21.0,22.0,21.0,21.0,21.0,21.0,22.0,21.0,10.0,hold,3,3,11.1414
1787152299.8775,2026-08-19 17:11:39.877,10,c3,1,0,-0.03943,-0.49603,0.04093,-4.839,10.4248,-20.8742,-0.0728,0.0072,-0.2362,3.75697,22.0,25.0,21.0,22.0,34.0,32.0,22.0,27.0,33.0,32.0,24.0,22.0,29.0,38.0,23.0,22.0,27.0,21.0,23.0,21.0,22.0,21.0,21.0,22.0,22.0,22.0,22.0,21.0,22.0,22.0,21.0,22.0,21.0,21.0,21.0,21.0,22.0,21.0,10.0,hold,3,3,11.0585
1787152299.9276,2026-08-19 17:11:39.927,10,c3,1,0,-0.03944,-0.49602,0.04092,-4.2478,10.2256,-20.8886,-0.0667,0.0246,-0.2294,3.75193,22.0,23.0,22.0,20.0,34.0,32.0,22.0,25.0,34.0,33.0,22.0,21.0,29.0,37.0,23.0,20.0,26.0,22.0,23.0,21.0,22.0,21.0,21.0,22.0,22.0,22.0,22.0,21.0,22.0,22.0,21.0,22.0,21.0,21.0,21.0,21.0,22.0,21.0,10.0,hold,3,3,11.1033
1787152299.9778,2026-08-19 17:11:39.977,10,c3,1,0,-0.03946,-0.49601,0.04091,-4.826,10.7965,-20.7185,-0.0832,0.0085,-0.2322,3.74791,22.0,23.0,22.0,20.0,34.0,32.0,22.0,25.0,34.0,33.0,22.0,21.0,29.0,37.0,23.0,20.0,26.0,22.0,23.0,21.0,22.0,21.0,21.0,22.0,22.0,22.0,22.0,21.0,22.0,22.0,21.0,22.0,21.0,21.0,21.0,21.0,22.0,21.0,10.0,hold,3,3,11.1392
1787152300.0279,2026-08-19 17:11:40.027,10,c3,1,0,-0.03945,-0.49602,0.04092,-4.9955,10.391,-20.611,-0.0695,0.0041,-0.2417,3.75168,21.0,24.0,20.0,21.0,33.0,32.0,23.0,24.0,32.0,35.0,22.0,21.0,29.0,38.0,22.0,20.0,28.0,22.0,22.0,21.0,22.0,21.0,21.0,22.0,22.0,22.0,22.0,21.0,22.0,22.0,21.0,22.0,21.0,21.0,21.0,21.0,22.0,21.0,10.0,hold,3,3,11.1056
1787152300.078,2026-08-19 17:11:40.078,10,c3,1,0,-0.03944,-0.49602,0.04093,-4.6788,10.3518,-20.6293,-0.067,0.0105,-0.2357,3.73985,21.0,24.0,22.0,22.0,32.0,33.0,22.0,24.0,34.0,33.0,25.0,22.0,28.0,36.0,24.0,20.0,27.0,24.0,22.0,21.0,22.0,21.0,21.0,22.0,22.0,22.0,22.0,21.0,22.0,22.0,21.0,22.0,21.0,21.0,21.0,21.0,22.0,21.0,10.0,hold,3,3,11.2109
1787152300.1281,2026-08-19 17:11:40.128,10,c3,1,0,-0.03945,-0.49602,0.04092,-4.6336,10.6022,-20.7465,-0.0782,0.0132,-0.2326,3.75596,21.0,24.0,22.0,22.0,32.0,33.0,22.0,24.0,34.0,33.0,25.0,22.0,28.0,36.0,24.0,20.0,27.0,24.0,22.0,21.0,22.0,21.0,21.0,22.0,22.0,22.0,22.0,21.0,22.0,22.0,21.0,22.0,21.0,21.0,21.0,21.0,22.0,21.0,10.0,hold,3,3,11.0675
1787152300.1782,2026-08-19 17:11:40.178,10,c3,1,0,-0.03943,-0.49601,0.04092,-4.5299,10.153,-20.8342,-0.066,0.0155,-0.2324,3.7542,22.0,23.0,21.0,23.0,33.0,32.0,23.0,26.0,33.0,34.0,25.0,24.0,28.0,38.0,26.0,22.0,27.0,24.0,24.0,21.0,22.0,21.0,21.0,22.0,22.0,22.0,22.0,21.0,22.0,22.0,21.0,22.0,21.0,21.0,21.0,21.0,22.0,21.0,10.0,hold,3,3,11.0832
1787152300.2284,2026-08-19 17:11:40.228,10,c3,1,0,-0.03943,-0.49602,0.04092,-4.4527,10.3218,-20.8923,-0.0688,0.015,-0.2322,3.75244,22.0,23.0,21.0,23.0,33.0,32.0,23.0,26.0,33.0,34.0,25.0,24.0,28.0,38.0,26.0,22.0,27.0,24.0,24.0,21.0,22.0,21.0,21.0,22.0,22.0,22.0,22.0,21.0,22.0,22.0,21.0,22.0,21.0,21.0,21.0,21.0,22.0,21.0,10.0,hold,3,3,11.0989
1787152300.2785,2026-08-19 17:11:40.278,10,c3,1,0,-0.03945,-0.49601,0.04091,-4.7382,10.5084,-20.7523,-0.0717,0.0123,-0.2402,3.75017,24.0,24.0,20.0,24.0,32.0,31.0,24.0,24.0,32.0,33.0,25.0,21.0,28.0,38.0,23.0,21.0,27.0,24.0,22.0,21.0,22.0,21.0,21.0,22.0,22.0,22.0,22.0,21.0,22.0,22.0,21.0,22.0,21.0,21.0,21.0,21.0,22.0,21.0,10.0,hold,3,3,11.119
1787152300.3286,2026-08-19 17:11:40.328,10,c3,1,0,-0.03944,-0.49601,0.04092,-4.4966,10.5337,-20.8328,-0.0754,0.0164,-0.2331,3.74942,24.0,24.0,20.0,24.0,32.0,31.0,24.0,24.0,32.0,33.0,25.0,21.0,28.0,38.0,23.0,21.0,27.0,24.0,22.0,21.0,22.0,21.0,21.0,22.0,22.0,22.0,22.0,21.0,22.0,22.0,21.0,22.0,21.0,21.0,21.0,21.0,22.0,21.0,10.0,hold,3,3,11.1257
1787152300.3788,2026-08-19 17:11:40.378,10,c3,1,0,-0.03945,-0.49601,0.04092,-4.5547,10.4382,-20.9371,-0.0725,0.0163,-0.2329,3.7537,24.0,23.0,22.0,21.0,31.0,32.0,24.0,27.0,32.0,34.0,24.0,23.0,29.0,37.0,23.0,23.0,27.0,22.0,27.0,21.0,22.0,21.0,21.0,22.0,22.0,22.0,22.0,21.0,22.0,22.0,21.0,22.0,21.0,21.0,21.0,21.0,22.0,21.0,10.0,hold,3,3,11.0877
1787152300.429,2026-08-19 17:11:40.428,10,c3,1,0,-0.03943,-0.49601,0.04092,-4.6312,10.3492,-20.7172,-0.0667,0.0095,-0.2361,3.74791,23.0,23.0,22.0,24.0,32.0,32.0,23.0,27.0,34.0,33.0,23.0,23.0,29.0,37.0,23.0,21.0,26.0,23.0,24.0,21.0,22.0,21.0,21.0,22.0,22.0,22.0,22.0,21.0,22.0,22.0,21.0,22.0,21.0,21.0,21.0,21.0,22.0,21.0,10.0,hold,3,3,11.1392
1787152300.4791,2026-08-19 17:11:40.479,10,c3,1,0,-0.03944,-0.49601,0.04092,-4.8086,10.3222,-20.9923,-0.0717,0.006,-0.2328,3.75823,23.0,23.0,22.0,24.0,32.0,32.0,23.0,27.0,34.0,33.0,23.0,23.0,29.0,37.0,23.0,21.0,26.0,23.0,24.0,21.0,22.0,21.0,21.0,22.0,22.0,22.0,22.0,21.0,22.0,22.0,21.0,22.0,21.0,21.0,21.0,21.0,22.0,21.0,10.0,hold,3,3,11.0473
1787152300.5293,2026-08-19 17:11:40.529,10,c3,1,0,-0.03945,-0.49601,0.04092,-4.793,10.4107,-20.8408,-0.0694,0.0086,-0.2354,3.75269,24.0,24.0,20.0,23.0,33.0,32.0,22.0,25.0,31.0,34.0,23.0,22.0,28.0,38.0,24.0,22.0,28.0,22.0,24.0,21.0,22.0,21.0,21.0,22.0,22.0,22.0,22.0,21.0,22.0,22.0,21.0,22.0,21.0,21.0,21.0,21.0,22.0,21.0,10.0,hold,3,3,11.0966
1787152300.5794,2026-08-19 17:11:40.579,10,c3,1,0,-0.03944,-0.49601,0.04091,-4.6284,10.1854,-20.5556,-0.0658,0.0134,-0.2381,3.75848,24.0,24.0,20.0,23.0,33.0,32.0,22.0,25.0,31.0,34.0,23.0,22.0,28.0,38.0,24.0,22.0,28.0,22.0,24.0,21.0,22.0,21.0,21.0,22.0,22.0,22.0,22.0,21.0,22.0,22.0,21.0,22.0,21.0,21.0,21.0,21.0,22.0,21.0,10.0,hold,3,3,11.0451
1787152300.6295,2026-08-19 17:11:40.629,10,c3,1,0,-0.03945,-0.49601,0.04091,-4.9106,10.5731,-20.6739,-0.0748,0.0033,-0.2389,3.75621,23.0,24.0,21.0,23.0,32.0,33.0,23.0,25.0,31.0,33.0,24.0,21.0,27.0,38.0,23.0,21.0,27.0,23.0,25.0,21.0,22.0,21.0,21.0,22.0,22.0,22.0,22.0,21.0,22.0,22.0,21.0,22.0,21.0,21.0,21.0,21.0,22.0,21.0,10.0,hold,3,3,11.0653
1787152300.6797,2026-08-19 17:11:40.679,10,c3,1,0,-0.03944,-0.49602,0.04092,-4.517,10.2227,-20.752,-0.0685,0.0171,-0.2404,3.75672,22.0,23.0,22.0,22.0,31.0,32.0,24.0,24.0,30.0,33.0,24.0,22.0,25.0,38.0,23.0,21.0,27.0,22.0,24.0,21.0,22.0,21.0,21.0,22.0,22.0,22.0,22.0,21.0,22.0,22.0,21.0,22.0,21.0,21.0,21.0,21.0,22.0,21.0,10.0,hold,3,3,11.0608
1787152300.7298,2026-08-19 17:11:40.729,10,c3,1,0,-0.03943,-0.49601,0.04091,-4.6949,10.6311,-20.8301,-0.077,0.0062,-0.239,3.76125,22.0,23.0,22.0,22.0,31.0,32.0,24.0,24.0,30.0,33.0,24.0,22.0,25.0,38.0,23.0,21.0,27.0,22.0,24.0,21.0,22.0,21.0,21.0,22.0,22.0,22.0,22.0,21.0,22.0,22.0,21.0,22.0,21.0,21.0,21.0,21.0,22.0,21.0,10.0,hold,3,3,11.0205
1787152300.7799,2026-08-19 17:11:40.779,10,c3,1,0,-0.03945,-0.49602,0.04092,-4.5686,10.1855,-20.9062,-0.065,0.0116,-0.2388,3.75219,24.0,22.0,22.0,23.0,30.0,32.0,23.0,23.0,31.0,34.0,24.0,21.0,27.0,38.0,24.0,20.0,27.0,22.0,22.0,21.0,22.0,21.0,21.0,22.0,22.0,22.0,22.0,21.0,22.0,22.0,21.0,22.0,21.0,21.0,21.0,21.0,22.0,21.0,10.0,hold,3,3,11.1011
1787152300.83,2026-08-19 17:11:40.829,10,c3,1,0,-0.03943,-0.49602,0.04093,-4.6189,10.1736,-20.8729,-0.0701,0.0132,-0.2339,3.75823,24.0,22.0,22.0,23.0,30.0,32.0,23.0,23.0,31.0,34.0,24.0,21.0,27.0,38.0,24.0,20.0,27.0,22.0,22.0,21.0,22.0,21.0,21.0,22.0,22.0,22.0,22.0,21.0,22.0,22.0,21.0,22.0,21.0,21.0,21.0,21.0,22.0,21.0,10.0,hold,3,3,11.0473
1787152300.8801,2026-08-19 17:11:40.880,10,c3,1,0,-0.03946,-0.49601,0.04092,-4.6643,10.2151,-20.7615,-0.0686,0.0131,-0.2355,3.74715,21.0,24.0,22.0,21.0,32.0,33.0,23.0,27.0,29.0,33.0,24.0,22.0,26.0,38.0,24.0,22.0,28.0,24.0,24.0,21.0,22.0,21.0,21.0,22.0,22.0,22.0,22.0,21.0,22.0,22.0,21.0,22.0,21.0,21.0,21.0,21.0,22.0,21.0,10.0,hold,3,3,11.1459
1787152300.9302,2026-08-19 17:11:40.930,10,c3,1,0,-0.03945,-0.49602,0.04093,-4.5793,10.4508,-20.8695,-0.0728,0.0088,-0.235,3.76024,24.0,22.0,20.0,22.0,32.0,31.0,24.0,23.0,30.0,35.0,25.0,20.0,26.0,38.0,24.0,19.0,27.0,24.0,23.0,21.0,22.0,21.0,21.0,22.0,22.0,22.0,22.0,21.0,22.0,22.0,21.0,22.0,21.0,21.0,21.0,21.0,22.0,21.0,10.0,hold,3,3,11.0294
1787152300.9803,2026-08-19 17:11:40.980,10,c3,1,0,-0.03944,-0.49602,0.04092,-4.8994,10.2536,-21.0347,-0.065,0.0034,-0.2372,3.75345,24.0,22.0,20.0,22.0,32.0,31.0,24.0,23.0,30.0,35.0,25.0,20.0,26.0,38.0,24.0,19.0,27.0,24.0,23.0,21.0,22.0,21.0,21.0,22.0,22.0,22.0,22.0,21.0,22.0,22.0,21.0,22.0,21.0,21.0,21.0,21.0,22.0,21.0,10.0,hold,3,3,11.0899
1787152301.0305,2026-08-19 17:11:41.030,10,c3,1,0,-0.03944,-0.49601,0.04091,-4.491,10.1687,-20.8367,-0.0662,0.0165,-0.2334,3.7537,22.0,21.0,22.0,22.0,29.0,33.0,24.0,28.0,31.0,35.0,25.0,24.0,26.0,38.0,24.0,23.0,27.0,23.0,26.0,21.0,22.0,21.0,21.0,22.0,22.0,22.0,22.0,21.0,22.0,22.0,21.0,22.0,21.0,21.0,21.0,21.0,22.0,21.0,10.0,hold,3,3,11.0877
1787152301.0806,2026-08-19 17:11:41.080,10,c3,1,0,-0.03944,-0.49602,0.04092,-4.4034,10.0849,-20.9951,-0.0611,0.0171,-0.2304,3.75672,22.0,21.0,22.0,22.0,29.0,33.0,24.0,28.0,31.0,35.0,25.0,24.0,26.0,38.0,24.0,23.0,27.0,23.0,26.0,21.0,22.0,21.0,21.0,22.0,22.0,22.0,22.0,21.0,22.0,22.0,21.0,22.0,21.0,21.0,21.0,21.0,22.0,21.0,10.0,hold,3,3,11.0608
1787152301.1307,2026-08-19 17:11:41.130,10,c3,1,0,-0.03944,-0.49601,0.04091,-4.4429,10.1247,-20.9016,-0.065,0.021,-0.232,3.75042,26.0,22.0,22.0,24.0,30.0,34.0,24.0,23.0,31.0,33.0,24.0,21.0,28.0,38.0,24.0,19.0,27.0,23.0,21.0,21.0,22.0,21.0,21.0,22.0,22.0,22.0,22.0,21.0,22.0,22.0,21.0,22.0,21.0,21.0,21.0,21.0,22.0,21.0,10.0,hold,3,3,11.1168
1787152301.1808,2026-08-19 17:11:41.180,10,c3,1,0,-0.03944,-0.49602,0.04092,-4.8561,10.322,-20.8333,-0.0718,0.0086,-0.2377,3.75798,21.0,23.0,23.0,20.0,32.0,33.0,24.0,26.0,31.0,33.0,25.0,23.0,27.0,38.0,24.0,22.0,28.0,25.0,24.0,21.0,22.0,21.0,21.0,22.0,22.0,22.0,22.0,21.0,22.0,22.0,21.0,22.0,21.0,21.0,21.0,21.0,22.0,21.0,10.0,hold,3,3,11.0496
1787152301.2309,2026-08-19 17:11:41.230,10,c3,1,0,-0.03944,-0.49602,0.04092,-4.3264,10.0521,-20.7655,-0.0613,0.0217,-0.2283,3.74967,21.0,23.0,23.0,20.0,32.0,33.0,24.0,26.0,31.0,33.0,25.0,23.0,27.0,38.0,24.0,22.0,28.0,25.0,24.0,21.0,22.0,21.0,21.0,22.0,22.0,22.0,22.0,21.0,22.0,22.0,21.0,22.0,21.0,21.0,21.0,21.0,22.0,21.0,10.0,hold,3,3,11.1235
1787152301.281,2026-08-19 17:11:41.280,10,c3,1,0,-0.03944,-0.49602,0.04092,-4.6907,10.1479,-20.8121,-0.0672,0.0112,-0.2304,3.76024,25.0,23.0,22.0,23.0,32.0,33.0,24.0,26.0,32.0,33.0,25.0,22.0,27.0,37.0,24.0,21.0,26.0,23.0,24.0,21.0,22.0,21.0,21.0,22.0,22.0,22.0,22.0,21.0,22.0,22.0,21.0,22.0,21.0,21.0,21.0,21.0,22.0,21.0,10.0,hold,3,3,11.0294
1787152301.3311,2026-08-19 17:11:41.331,10,c3,1,0,-0.03944,-0.49601,0.04092,-4.3863,10.0477,-21.0043,-0.0631,0.018,-0.2315,3.75546,25.0,23.0,22.0,23.0,32.0,33.0,24.0,26.0,32.0,33.0,25.0,22.0,27.0,37.0,24.0,21.0,26.0,23.0,24.0,21.0,22.0,21.0,21.0,22.0,22.0,22.0,22.0,21.0,22.0,22.0,21.0,22.0,21.0,21.0,21.0,21.0,22.0,21.0,10.0,hold,3,3,11.072
1787152301.3812,2026-08-19 17:11:41.381,10,c3,1,0,-0.03945,-0.49601,0.04092,-4.5141,10.3033,-20.9737,-0.0708,0.0135,-0.2321,3.75143,24.0,24.0,22.0,23.0,32.0,33.0,25.0,25.0,30.0,34.0,26.0,21.0,26.0,37.0,24.0,22.0,26.0,23.0,23.0,21.0,22.0,21.0,21.0,22.0,22.0,22.0,22.0,21.0,22.0,22.0,21.0,22.0,21.0,21.0,21.0,21.0,22.0,21.0,10.0,hold,3,3,11.1078
1787152301.4314,2026-08-19 17:11:41.431,10,c3,1,0,-0.03946,-0.49603,0.04093,-4.7454,10.1222,-20.7774,-0.0655,0.0091,-0.2359,3.75395,24.0,24.0,22.0,23.0,32.0,33.0,25.0,25.0,30.0,34.0,26.0,21.0,26.0,37.0,24.0,22.0,26.0,23.0,23.0,21.0,22.0,21.0,21.0,22.0,22.0,22.0,22.0,21.0,22.0,22.0,21.0,22.0,21.0,21.0,21.0,21.0,22.0,21.0,10.0,hold,3,3,11.0854
1787152301.4816,2026-08-19 17:11:41.481,10,c3,1,0,-0.03944,-0.49602,0.04093,-4.2787,10.0489,-20.956,-0.0611,0.0225,-0.2309,3.74665,23.0,23.0,20.0,23.0,31.0,33.0,24.0,27.0,32.0,33.0,26.0,23.0,27.0,37.0,24.0,23.0,27.0,25.0,23.0,21.0,22.0,21.0,21.0,22.0,22.0,22.0,22.0,21.0,22.0,22.0,21.0,22.0,21.0,21.0,21.0,21.0,22.0,21.0,10.0,hold,3,3,11.1504
1787152301.5317,2026-08-19 17:11:41.531,10,c3,1,0,-0.03945,-0.49601,0.04093,-4.5079,10.4172,-20.8416,-0.0696,0.0146,-0.2345,3.76175,24.0,25.0,21.0,24.0,33.0,32.0,25.0,27.0,33.0,33.0,25.0,23.0,29.0,38.0,24.0,23.0,27.0,23.0,26.0,21.0,22.0,21.0,21.0,22.0,22.0,22.0,22.0,21.0,22.0,22.0,21.0,22.0,21.0,21.0,21.0,21.0,22.0,21.0,10.0,hold,3,3,11.016
1787152301.5818,2026-08-19 17:11:41.581,10,c3,1,0,-0.03945,-0.49601,0.04092,-4.3771,10.2745,-20.9426,-0.0703,0.0177,-0.2369,3.75319,24.0,25.0,21.0,24.0,33.0,32.0,25.0,27.0,33.0,33.0,25.0,23.0,29.0,38.0,24.0,23.0,27.0,23.0,26.0,21.0,22.0,21.0,21.0,22.0,22.0,22.0,22.0,21.0,22.0,22.0,21.0,22.0,21.0,21.0,21.0,21.0,22.0,21.0,10.0,hold,3,3,11.0921
1787152301.6319,2026-08-19 17:11:41.631,10,c3,1,0,-0.03945,-0.496,0.04091,-4.2896,9.8733,-20.7909,-0.0569,0.0213,-0.2326,3.75999,25.0,24.0,21.0,25.0,32.0,32.0,24.0,27.0,32.0,31.0,25.0,24.0,29.0,37.0,24.0,22.0,25.0,23.0,25.0,21.0,22.0,21.0,21.0,22.0,22.0,22.0,22.0,21.0,22.0,22.0,21.0,22.0,21.0,21.0,21.0,21.0,22.0,21.0,10.0,hold,3,3,11.0317
1787152301.6821,2026-08-19 17:11:41.682,10,c3,1,0,-0.03944,-0.49603,0.04092,-5.0429,10.6808,-20.7855,-0.0723,0.0011,-0.2415,3.75521,25.0,24.0,21.0,25.0,32.0,32.0,24.0,27.0,32.0,31.0,25.0,24.0,29.0,37.0,24.0,22.0,25.0,23.0,25.0,21.0,22.0,21.0,21.0,22.0,22.0,22.0,22.0,21.0,22.0,22.0,21.0,22.0,21.0,21.0,21.0,21.0,22.0,21.0,10.0,hold,3,3,11.0742
1787152301.7321,2026-08-19 17:11:41.732,10,c3,1,0,-0.03945,-0.49601,0.04092,-4.4707,10.3411,-20.8629,-0.0695,0.0197,-0.2359,3.76024,24.0,23.0,20.0,25.0,33.0,32.0,23.0,27.0,32.0,33.0,23.0,23.0,28.0,37.0,24.0,22.0,27.0,24.0,23.0,21.0,22.0,21.0,21.0,22.0,22.0,22.0,22.0,21.0,22.0,22.0,21.0,22.0,21.0,21.0,21.0,21.0,22.0,21.0,10.0,hold,3,3,11.0294
1787152301.7823,2026-08-19 17:11:41.782,10,c3,1,0,-0.03945,-0.49602,0.04092,-4.3295,9.9478,-20.8236,-0.0606,0.0201,-0.2322,3.75345,23.0,24.0,22.0,23.0,32.0,32.0,24.0,27.0,31.0,33.0,24.0,24.0,28.0,36.0,23.0,23.0,26.0,23.0,25.0,21.0,22.0,21.0,21.0,22.0,22.0,22.0,22.0,21.0,22.0,22.0,21.0,22.0,21.0,21.0,21.0,21.0,22.0,21.0,10.0,hold,3,3,11.0899
1787152301.8324,2026-08-19 17:11:41.832,10,c3,1,0,-0.03943,-0.49602,0.04092,-4.4776,10.3273,-20.7023,-0.0704,0.0164,-0.2283,3.76125,23.0,24.0,22.0,23.0,32.0,32.0,24.0,27.0,31.0,33.0,24.0,24.0,28.0,36.0,23.0,23.0,26.0,23.0,25.0,21.0,22.0,21.0,21.0,22.0,22.0,22.0,22.0,21.0,22.0,22.0,21.0,22.0,21.0,21.0,21.0,21.0,22.0,21.0,10.0,hold,3,3,11.0205
1787152301.8826,2026-08-19 17:11:41.882,10,c3,1,0,-0.03945,-0.49603,0.04093,-4.8401,10.465,-20.8859,-0.072,0.0054,-0.2325,3.75345,24.0,23.0,20.0,24.0,32.0,31.0,23.0,24.0,32.0,32.0,25.0,21.0,28.0,38.0,24.0,20.0,25.0,24.0,22.0,21.0,22.0,21.0,21.0,22.0,22.0,22.0,22.0,21.0,22.0,22.0,21.0,22.0,21.0,21.0,21.0,21.0,22.0,21.0,10.0,hold,3,3,11.0899
1787152301.9327,2026-08-19 17:11:41.932,10,c3,1,0,-0.03946,-0.49603,0.04092,-4.3376,10.1537,-20.9219,-0.0641,0.02,-0.2353,3.76251,24.0,23.0,20.0,24.0,32.0,31.0,23.0,24.0,32.0,32.0,25.0,21.0,28.0,38.0,24.0,20.0,25.0,24.0,22.0,21.0,22.0,21.0,21.0,22.0,22.0,22.0,22.0,21.0,22.0,22.0,21.0,22.0,21.0,21.0,21.0,21.0,22.0,21.0,10.0,hold,3,3,11.0093
1787152301.9829,2026-08-19 17:11:41.982,10,c3,1,0,-0.03944,-0.49602,0.04092,-4.6077,10.5093,-21.0026,-0.0727,0.0124,-0.2386,3.7537,22.0,24.0,21.0,21.0,33.0,31.0,24.0,24.0,33.0,33.0,24.0,21.0,29.0,37.0,25.0,20.0,27.0,23.0,21.0,21.0,22.0,21.0,21.0,22.0,22.0,22.0,22.0,21.0,22.0,22.0,21.0,22.0,21.0,21.0,21.0,21.0,22.0,21.0,10.0,hold,3,3,11.0877
1787152302.0329,2026-08-19 17:11:42.032,10,c3,1,0,-0.03945,-0.49602,0.04092,-4.8385,10.5542,-20.7484,-0.0723,0.0064,-0.2363,3.75219,22.0,25.0,21.0,20.0,33.0,32.0,24.0,25.0,33.0,34.0,23.0,23.0,30.0,38.0,24.0,21.0,28.0,23.0,22.0,21.0,22.0,21.0,21.0,22.0,22.0,22.0,22.0,21.0,22.0,22.0,21.0,22.0,21.0,21.0,21.0,21.0,22.0,21.0,10.0,hold,3,3,11.1011
1787152302.083,2026-08-19 17:11:42.083,10,c3,1,0,-0.03943,-0.49601,0.04092,-4.5974,10.4355,-20.7807,-0.0705,0.0147,-0.2321,3.7615,22.0,25.0,21.0,20.0,33.0,32.0,24.0,25.0,33.0,34.0,23.0,23.0,30.0,38.0,24.0,21.0,28.0,23.0,22.0,21.0,22.0,21.0,21.0,22.0,22.0,22.0,22.0,21.0,22.0,22.0,21.0,22.0,21.0,21.0,21.0,21.0,22.0,21.0,10.0,hold,3,3,11.0182
1787152302.1331,2026-08-19 17:11:42.133,10,c3,1,0,-0.03943,-0.49603,0.04092,-4.652,10.1539,-20.7729,-0.0657,0.01,-0.2388,3.75244,22.0,24.0,22.0,22.0,32.0,32.0,22.0,27.0,34.0,32.0,25.0,22.0,28.0,37.0,24.0,22.0,27.0,23.0,24.0,21.0,22.0,21.0,21.0,22.0,22.0,22.0,22.0,21.0,22.0,22.0,21.0,22.0,21.0,21.0,21.0,21.0,22.0,21.0,10.0,hold,3,3,11.0989
1787152302.1832,2026-08-19 17:11:42.183,10,c3,1,0,-0.03943,-0.49602,0.04091,-4.494,10.4562,-20.8063,-0.0693,0.0162,-0.2362,3.7615,22.0,24.0,22.0,22.0,32.0,32.0,22.0,27.0,34.0,32.0,25.0,22.0,28.0,37.0,24.0,22.0,27.0,23.0,24.0,21.0,22.0,21.0,21.0,22.0,22.0,22.0,22.0,21.0,22.0,22.0,21.0,22.0,21.0,21.0,21.0,21.0,22.0,21.0,10.0,hold,3,3,11.0182
1787152302.2333,2026-08-19 17:11:42.233,10,c3,1,0,-0.03945,-0.49602,0.04091,-4.7223,10.2842,-20.8094,-0.0675,0.0114,-0.2347,3.7537,23.0,25.0,21.0,21.0,34.0,30.0,24.0,24.0,33.0,34.0,25.0,20.0,27.0,39.0,23.0,21.0,28.0,22.0,23.0,21.0,22.0,21.0,21.0,22.0,22.0,22.0,22.0,21.0,22.0,22.0,21.0,22.0,21.0,21.0,21.0,21.0,22.0,21.0,10.0,hold,3,3,11.0877
1787152302.2834,2026-08-19 17:11:42.283,10,c3,1,0,-0.03944,-0.49601,0.04091,-4.8327,10.4056,-20.6136,-0.0726,0.0061,-0.2403,3.7537,22.0,24.0,22.0,22.0,33.0,32.0,24.0,26.0,33.0,33.0,23.0,24.0,29.0,37.0,21.0,24.0,28.0,23.0,25.0,21.0,22.0,21.0,21.0,22.0,22.0,22.0,22.0,21.0,22.0,22.0,21.0,22.0,21.0,21.0,21.0,21.0,22.0,21.0,10.0,hold,3,3,11.0877
1787152302.3336,2026-08-19 17:11:42.333,10,c3,1,0,-0.03946,-0.49601,0.04092,-4.6836,10.341,-20.6422,-0.0704,0.0086,-0.2355,3.76377,22.0,24.0,22.0,22.0,33.0,32.0,24.0,26.0,33.0,33.0,23.0,24.0,29.0,37.0,21.0,24.0,28.0,23.0,25.0,21.0,22.0,21.0,21.0,22.0,22.0,22.0,22.0,21.0,22.0,22.0,21.0,22.0,21.0,21.0,21.0,21.0,22.0,21.0,10.0,hold,3,3,10.9981
1787152302.3837,2026-08-19 17:11:42.383,10,c3,1,0,-0.03945,-0.49601,0.04091,-4.7061,10.4355,-20.6637,-0.0715,0.0107,-0.2348,3.75772,25.0,24.0,21.0,25.0,32.0,33.0,22.0,25.0,33.0,34.0,24.0,22.0,29.0,38.0,23.0,22.0,27.0,22.0,24.0,21.0,22.0,21.0,21.0,22.0,22.0,22.0,22.0,21.0,22.0,22.0,21.0,22.0,21.0,21.0,21.0,21.0,22.0,21.0,10.0,hold,3,3,11.0518
1787152302.4338,2026-08-19 17:11:42.433,10,c3,1,0,-0.03946,-0.49602,0.04092,-4.9571,10.4281,-20.6725,-0.0664,-0.0001,-0.2348,3.75798,25.0,24.0,21.0,25.0,32.0,33.0,22.0,25.0,33.0,34.0,24.0,22.0,29.0,38.0,23.0,22.0,27.0,22.0,24.0,21.0,22.0,21.0,21.0,22.0,22.0,22.0,22.0,21.0,22.0,22.0,21.0,22.0,21.0,21.0,21.0,21.0,22.0,21.0,10.0,hold,3,3,11.0496
1787152302.4839,2026-08-19 17:11:42.483,10,c3,1,0,-0.03944,-0.49601,0.04091,-4.6482,10.2911,-20.9139,-0.0682,0.0142,-0.2378,3.76175,24.0,24.0,21.0,24.0,32.0,32.0,24.0,24.0,33.0,33.0,24.0,21.0,29.0,38.0,24.0,20.0,27.0,23.0,22.0,21.0,22.0,21.0,21.0,22.0,22.0,22.0,22.0,21.0,22.0,22.0,21.0,22.0,21.0,21.0,21.0,21.0,22.0,21.0,10.0,hold,3,3,11.016
1787152302.534,2026-08-19 17:11:42.534,10,c3,1,0,-0.03944,-0.49601,0.04091,-4.7934,10.5617,-20.654,-0.0745,0.0089,-0.2368,3.7547,24.0,24.0,21.0,24.0,32.0,32.0,24.0,24.0,33.0,33.0,24.0,21.0,29.0,38.0,24.0,20.0,27.0,23.0,22.0,21.0,22.0,21.0,21.0,22.0,22.0,22.0,22.0,21.0,22.0,22.0,21.0,22.0,21.0,21.0,21.0,21.0,22.0,21.0,10.0,hold,3,3,11.0787
1787152302.5841,2026-08-19 17:11:42.584,10,c3,1,0,-0.03946,-0.49603,0.04094,-4.6329,10.4399,-20.838,-0.0743,0.0137,-0.2337,3.75697,22.0,25.0,21.0,22.0,34.0,33.0,24.0,26.0,32.0,32.0,24.0,22.0,28.0,37.0,24.0,22.0,26.0,24.0,25.0,21.0,22.0,21.0,21.0,22.0,22.0,22.0,22.0,21.0,22.0,22.0,21.0,22.0,21.0,21.0,21.0,21.0,22.0,21.0,10.0,hold,3,3,11.0585
1787152302.6342,2026-08-19 17:11:42.634,10,c3,1,0,-0.03943,-0.49603,0.04093,-4.9012,10.4753,-20.8253,-0.0725,0.0074,-0.2373,3.75546,25.0,25.0,21.0,23.0,33.0,32.0,23.0,27.0,33.0,35.0,24.0,23.0,29.0,38.0,25.0,23.0,27.0,23.0,26.0,21.0,22.0,21.0,21.0,22.0,22.0,22.0,22.0,21.0,22.0,22.0,21.0,22.0,21.0,21.0,21.0,21.0,22.0,21.0,10.0,hold,3,3,11.072
1787152302.6844,2026-08-19 17:11:42.684,10,c3,1,0,-0.03944,-0.49601,0.04091,-4.5203,10.1999,-20.975,-0.0661,0.0158,-0.2373,3.75445,25.0,25.0,21.0,23.0,33.0,32.0,23.0,27.0,33.0,35.0,24.0,23.0,29.0,38.0,25.0,23.0,27.0,23.0,26.0,21.0,22.0,21.0,21.0,22.0,22.0,22.0,22.0,21.0,22.0,22.0,21.0,22.0,21.0,21.0,21.0,21.0,22.0,21.0,10.0,hold,3,3,11.0809
1787152302.7345,2026-08-19 17:11:42.734,10,c3,1,0,-0.03944,-0.49601,0.04091,-4.6959,10.1959,-21.1419,-0.0645,0.012,-0.2347,3.75848,24.0,25.0,22.0,24.0,32.0,34.0,24.0,26.0,32.0,34.0,23.0,23.0,29.0,38.0,22.0,22.0,28.0,22.0,25.0,21.0,22.0,21.0,21.0,22.0,22.0,22.0,22.0,21.0,22.0,22.0,21.0,22.0,21.0,21.0,21.0,21.0,22.0,21.0,10.0,hold,3,3,11.0451
1787152302.7845,2026-08-19 17:11:42.784,10,c3,1,0,-0.03946,-0.49602,0.04094,-4.7607,10.2039,-20.9613,-0.0657,0.0069,-0.2396,3.75621,24.0,25.0,22.0,24.0,32.0,34.0,24.0,26.0,32.0,34.0,23.0,23.0,29.0,38.0,22.0,22.0,28.0,22.0,25.0,21.0,22.0,21.0,21.0,22.0,22.0,22.0,22.0,21.0,22.0,22.0,21.0,22.0,21.0,21.0,21.0,21.0,22.0,21.0,10.0,hold,3,3,11.0653
1787152302.8347,2026-08-19 17:11:42.834,10,c3,1,0,-0.03944,-0.49602,0.04092,-5.1089,10.6793,-20.8516,-0.0747,0.0027,-0.2457,3.76427,25.0,25.0,22.0,23.0,32.0,32.0,23.0,24.0,34.0,33.0,25.0,21.0,28.0,38.0,24.0,21.0,27.0,24.0,23.0,21.0,22.0,21.0,21.0,22.0,22.0,22.0,22.0,21.0,22.0,22.0,21.0,22.0,21.0,21.0,21.0,21.0,22.0,21.0,10.0,hold,3,3,10.9936
1787152302.8848,2026-08-19 17:11:42.884,10,c3,1,0,-0.03946,-0.49602,0.04093,-4.2917,10.1904,-20.8224,-0.0637,0.0163,-0.2304,3.75496,25.0,25.0,22.0,23.0,33.0,32.0,24.0,26.0,31.0,35.0,23.0,22.0,27.0,39.0,22.0,22.0,27.0,22.0,24.0,21.0,22.0,21.0,21.0,22.0,22.0,22.0,22.0,21.0,22.0,22.0,21.0,22.0,21.0,21.0,21.0,21.0,22.0,21.0,10.0,hold,3,3,11.0765
1787152302.9349,2026-08-19 17:11:42.934,10,c3,1,0,-0.03944,-0.49602,0.04092,-4.8046,10.4636,-20.5942,-0.0718,0.0085,-0.2341,3.75621,25.0,25.0,22.0,23.0,33.0,32.0,24.0,26.0,31.0,35.0,23.0,22.0,27.0,39.0,22.0,22.0,27.0,22.0,24.0,21.0,22.0,21.0,21.0,22.0,22.0,22.0,22.0,21.0,22.0,22.0,21.0,22.0,21.0,21.0,21.0,21.0,22.0,21.0,10.0,hold,3,3,11.0653
1787152302.985,2026-08-19 17:11:42.985,10,c3,1,0,-0.03945,-0.49601,0.04091,-4.4296,10.2984,-20.856,-0.0673,0.0161,-0.2358,3.76427,25.0,24.0,22.0,24.0,31.0,33.0,22.0,24.0,31.0,35.0,23.0,21.0,29.0,40.0,22.0,22.0,28.0,22.0,23.0,21.0,22.0,21.0,21.0,22.0,22.0,22.0,22.0,21.0,22.0,22.0,21.0,22.0,21.0,21.0,21.0,21.0,22.0,21.0,10.0,hold,3,3,10.9936
1787152303.0378,2026-08-19 17:11:43.037,10,c3,1,0,-0.03945,-0.49601,0.04092,-4.5855,10.2201,-20.8063,-0.0653,0.013,-0.2352,3.76377,25.0,24.0,22.0,24.0,31.0,33.0,22.0,24.0,31.0,35.0,23.0,21.0,29.0,40.0,22.0,22.0,28.0,22.0,23.0,21.0,22.0,21.0,21.0,22.0,22.0,22.0,22.0,21.0,22.0,22.0,21.0,22.0,21.0,21.0,21.0,21.0,22.0,21.0,10.0,hold,3,3,10.9981
1787152303.0878,2026-08-19 17:11:43.087,10,c3,1,0,-0.03944,-0.49602,0.04092,-4.4697,10.5199,-20.7753,-0.0752,0.0184,-0.227,3.75722,23.0,22.0,22.0,23.0,31.0,34.0,22.0,27.0,31.0,32.0,23.0,23.0,28.0,38.0,23.0,22.0,28.0,22.0,26.0,21.0,22.0,21.0,21.0,22.0,22.0,22.0,22.0,21.0,22.0,22.0,21.0,22.0,21.0,21.0,21.0,21.0,22.0,21.0,10.0,hold,3,3,11.0563
1787152303.1379,2026-08-19 17:11:43.137,10,c3,1,0,-0.03945,-0.49602,0.04093,-4.8483,10.3972,-20.6614,-0.0717,0.0047,-0.2334,3.75823,23.0,23.0,22.0,24.0,31.0,32.0,22.0,24.0,32.0,33.0,25.0,21.0,28.0,38.0,24.0,20.0,27.0,23.0,22.0,21.0,22.0,21.0,21.0,22.0,22.0,22.0,22.0,21.0,22.0,22.0,21.0,22.0,21.0,21.0,21.0,21.0,22.0,21.0,10.0,hold,3,3,11.0473
1787152303.188,2026-08-19 17:11:43.188,10,c3,1,0,-0.03947,-0.49602,0.04092,-4.9785,10.6643,-20.7849,-0.0769,0.0038,-0.2351,3.761,23.0,23.0,22.0,24.0,31.0,32.0,22.0,24.0,32.0,33.0,25.0,21.0,28.0,38.0,24.0,20.0,27.0,23.0,22.0,21.0,22.0,21.0,21.0,22.0,22.0,22.0,22.0,21.0,22.0,22.0,21.0,22.0,21.0,21.0,21.0,21.0,22.0,21.0,10.0,hold,3,3,11.0227
1787152303.2382,2026-08-19 17:11:43.238,10,c3,1,0,-0.03943,-0.49602,0.04091,-4.7701,10.6787,-20.7631,-0.0785,0.0085,-0.236,3.7542,21.0,22.0,23.0,22.0,31.0,33.0,24.0,26.0,32.0,33.0,23.0,23.0,29.0,37.0,23.0,22.0,27.0,23.0,25.0,21.0,22.0,21.0,21.0,22.0,22.0,22.0,22.0,21.0,22.0,22.0,21.0,22.0,21.0,21.0,21.0,21.0,22.0,21.0,10.0,hold,3,3,11.0832
1787152303.2883,2026-08-19 17:11:43.288,10,c3,1,0,-0.03943,-0.49602,0.04092,-4.5772,10.2998,-20.8625,-0.0658,0.0133,-0.236,3.75898,21.0,22.0,23.0,22.0,31.0,33.0,24.0,26.0,32.0,33.0,23.0,23.0,29.0,37.0,23.0,22.0,27.0,23.0,25.0,21.0,22.0,21.0,21.0,22.0,22.0,22.0,22.0,21.0,22.0,22.0,21.0,22.0,21.0,21.0,21.0,21.0,22.0,21.0,10.0,hold,3,3,11.0406
1787152303.3384,2026-08-19 17:11:43.338,10,c3,1,0,-0.03943,-0.49602,0.04092,-4.6997,10.0733,-20.5715,-0.0637,0.0104,-0.2379,3.7537,25.0,25.0,21.0,24.0,33.0,33.0,23.0,27.0,33.0,35.0,24.0,23.0,31.0,39.0,22.0,22.0,28.0,23.0,24.0,21.0,22.0,21.0,21.0,22.0,22.0,22.0,22.0,21.0,22.0,22.0,21.0,22.0,21.0,21.0,21.0,21.0,22.0,21.0,10.0,hold,3,3,11.0877
1787152303.3886,2026-08-19 17:11:43.388,10,c3,1,0,-0.03946,-0.49603,0.04092,-4.5649,10.0391,-20.7355,-0.0646,0.0112,-0.2364,3.75848,23.0,25.0,22.0,23.0,33.0,34.0,23.0,26.0,33.0,34.0,22.0,22.0,29.0,39.0,22.0,21.0,27.0,21.0,23.0,21.0,22.0,21.0,21.0,22.0,22.0,22.0,22.0,21.0,22.0,22.0,21.0,22.0,21.0,21.0,21.0,21.0,22.0,21.0,10.0,hold,3,3,11.0451
1787152303.4387,2026-08-19 17:11:43.438,10,c3,1,0,-0.03943,-0.49601,0.04091,-4.8835,10.2456,-20.6545,-0.0663,0.0086,-0.2444,3.76578,23.0,25.0,22.0,23.0,33.0,34.0,23.0,26.0,33.0,34.0,22.0,22.0,29.0,39.0,22.0,21.0,27.0,21.0,23.0,21.0,22.0,21.0,21.0,22.0,22.0,22.0,22.0,21.0,22.0,22.0,21.0,22.0,21.0,21.0,21.0,21.0,22.0,21.0,10.0,hold,3,3,10.9801
1787152303.4888,2026-08-19 17:11:43.488,10,c3,1,0,-0.03944,-0.49602,0.04092,-4.8218,10.4312,-20.5729,-0.0698,0.0097,-0.2351,3.75747,23.0,25.0,22.0,23.0,34.0,34.0,23.0,26.0,32.0,34.0,23.0,23.0,28.0,37.0,23.0,22.0,26.0,23.0,23.0,21.0,22.0,21.0,21.0,22.0,22.0,22.0,22.0,21.0,22.0,22.0,21.0,22.0,21.0,21.0,21.0,21.0,22.0,21.0,10.0,hold,3,3,11.0541
1787152303.5389,2026-08-19 17:11:43.538,10,c3,1,0,-0.03944,-0.49601,0.04091,-5.1,10.7194,-20.5252,-0.0759,0.0011,-0.235,3.76905,23.0,25.0,22.0,23.0,34.0,34.0,23.0,26.0,32.0,34.0,23.0,23.0,28.0,37.0,23.0,22.0,26.0,23.0,23.0,21.0,22.0,21.0,21.0,22.0,22.0,22.0,22.0,21.0,22.0,22.0,21.0,22.0,21.0,21.0,21.0,21.0,22.0,21.0,10.0,hold,3,3,10.951
1787152303.589,2026-08-19 17:11:43.589,10,c3,1,0,-0.03942,-0.49602,0.04092,-4.7502,10.1045,-20.6928,-0.0672,0.0133,-0.2309,3.75395,23.0,23.0,21.0,23.0,34.0,32.0,23.0,24.0,33.0,34.0,23.0,21.0,27.0,38.0,22.0,19.0,26.0,21.0,23.0,21.0,22.0,21.0,21.0,22.0,22.0,22.0,22.0,21.0,22.0,22.0,21.0,22.0,21.0,21.0,21.0,21.0,22.0,21.0,10.0,hold,3,3,11.0854
1787152303.6391,2026-08-19 17:11:43.639,10,c3,1,0,-0.03944,-0.49601,0.04091,-4.6073,10.3816,-20.7499,-0.0727,0.0138,-0.23,3.76553,23.0,23.0,21.0,23.0,34.0,32.0,23.0,24.0,33.0,34.0,23.0,21.0,27.0,38.0,22.0,19.0,26.0,21.0,23.0,21.0,22.0,21.0,21.0,22.0,22.0,22.0,22.0,21.0,22.0,22.0,21.0,22.0,21.0,21.0,21.0,21.0,22.0,21.0,10.0,hold,3,3,10.9824
1787152303.6892,2026-08-19 17:11:43.689,10,c3,0,0,-0.03944,-0.49602,0.04092,-4.5822,10.4974,-20.7329,-0.0735,0.0145,-0.2326,3.76931,22.0,24.0,22.0,22.0,33.0,34.0,24.0,26.0,32.0,33.0,23.0,23.0,27.0,37.0,22.0,23.0,27.0,23.0,25.0,21.0,22.0,21.0,21.0,22.0,22.0,22.0,22.0,21.0,22.0,22.0,21.0,22.0,21.0,21.0,21.0,21.0,22.0,21.0,10.0,retract,3,3,10.9488
1787152303.7393,2026-08-19 17:11:43.739,10,c3,0,0,-0.03944,-0.49601,0.04095,-5.2062,10.7411,-20.6618,-0.0798,-0.0006,-0.2461,3.77434,24.0,23.0,21.0,23.0,31.0,33.0,22.0,26.0,32.0,35.0,23.0,22.0,27.0,38.0,23.0,22.0,28.0,22.0,24.0,21.0,22.0,21.0,21.0,22.0,22.0,22.0,22.0,21.0,22.0,22.0,21.0,22.0,21.0,21.0,21.0,21.0,22.0,21.0,10.0,retract,3,3,10.904
1787152303.7894,2026-08-19 17:11:43.789,10,c3,0,0,-0.03944,-0.49601,0.04103,-4.4618,10.027,-20.9772,-0.0646,0.0176,-0.2372,3.82243,24.0,23.0,21.0,23.0,31.0,33.0,22.0,26.0,32.0,35.0,23.0,22.0,27.0,38.0,23.0,22.0,28.0,22.0,24.0,21.0,22.0,21.0,21.0,22.0,22.0,22.0,22.0,21.0,22.0,22.0,21.0,22.0,21.0,21.0,21.0,21.0,22.0,21.0,10.0,retract,3,3,10.4762
1787152303.8395,2026-08-19 17:11:43.839,10,c3,0,0,-0.03943,-0.496,0.04113,-4.6875,10.2865,-21.1499,-0.07,0.0097,-0.2339,3.8602,25.0,24.0,22.0,24.0,33.0,33.0,22.0,26.0,33.0,34.0,24.0,23.0,27.0,38.0,23.0,20.0,26.0,23.0,23.0,21.0,22.0,21.0,21.0,22.0,22.0,22.0,22.0,21.0,22.0,22.0,21.0,22.0,21.0,21.0,21.0,21.0,22.0,21.0,10.0,retract,3,3,10.1402
1787152303.8896,2026-08-19 17:11:43.889,10,c3,0,0,-0.03944,-0.49601,0.04131,-4.7769,10.6262,-21.3705,-0.0752,0.0094,-0.2358,3.92969,25.0,24.0,22.0,24.0,33.0,33.0,22.0,26.0,33.0,34.0,24.0,23.0,27.0,38.0,23.0,20.0,26.0,23.0,23.0,21.0,22.0,21.0,21.0,22.0,22.0,22.0,22.0,21.0,22.0,22.0,21.0,22.0,21.0,21.0,21.0,21.0,22.0,21.0,10.0,retract,3,3,9.522
1787152303.9397,2026-08-19 17:11:43.939,10,c3,0,0,-0.03943,-0.496,0.0415,-4.6273,10.3211,-21.6717,-0.0689,0.014,-0.2384,4.01529,24.0,23.0,23.0,24.0,32.0,33.0,22.0,24.0,32.0,33.0,24.0,21.0,28.0,38.0,23.0,20.0,27.0,23.0,23.0,21.0,22.0,21.0,21.0,22.0,22.0,22.0,22.0,21.0,22.0,22.0,21.0,22.0,21.0,21.0,21.0,21.0,22.0,21.0,10.0,retract,3,3,8.7604
1787152303.9898,2026-08-19 17:11:43.989,10,c3,0,0,-0.03943,-0.49599,0.04173,-4.759,10.4465,-21.8139,-0.0733,0.0088,-0.2366,4.08629,22.0,24.0,22.0,21.0,32.0,32.0,23.0,27.0,32.0,31.0,25.0,24.0,28.0,36.0,24.0,22.0,26.0,24.0,23.0,21.0,22.0,21.0,21.0,22.0,22.0,22.0,22.0,21.0,22.0,22.0,21.0,22.0,21.0,21.0,21.0,21.0,22.0,21.0,10.0,retract,3,3,8.1288
1787152304.0399,2026-08-19 17:11:44.039,10,c3,0,0,-0.03945,-0.49598,0.04195,-4.6211,10.1267,-22.1552,-0.0666,0.0088,-0.2323,4.15528,22.0,24.0,22.0,21.0,32.0,32.0,23.0,27.0,32.0,31.0,25.0,24.0,28.0,36.0,24.0,22.0,26.0,24.0,23.0,21.0,22.0,21.0,21.0,22.0,22.0,22.0,22.0,21.0,22.0,22.0,21.0,22.0,21.0,21.0,21.0,21.0,22.0,21.0,10.0,retract,3,3,7.515
1787152304.09,2026-08-19 17:11:44.090,10,c3,0,0,-0.03944,-0.49597,0.04221,-4.8539,10.4202,-22.5254,-0.0759,0.0032,-0.243,4.24289,24.0,25.0,21.0,24.0,34.0,30.0,25.0,24.0,32.0,31.0,25.0,21.0,28.0,36.0,25.0,20.0,26.0,25.0,22.0,21.0,22.0,21.0,21.0,22.0,22.0,22.0,22.0,21.0,22.0,22.0,21.0,22.0,21.0,21.0,21.0,21.0,22.0,21.0,10.0,retract,3,3,6.7356
1787152304.1402,2026-08-19 17:11:44.140,10,c3,0,0,-0.03944,-0.49597,0.04253,-4.5518,10.0916,-22.8875,-0.0679,0.0117,-0.2325,4.3217,24.0,25.0,21.0,24.0,34.0,30.0,25.0,24.0,32.0,31.0,25.0,21.0,28.0,36.0,25.0,20.0,26.0,25.0,22.0,21.0,22.0,21.0,21.0,22.0,22.0,22.0,22.0,21.0,22.0,22.0,21.0,22.0,21.0,21.0,21.0,21.0,22.0,21.0,10.0,retract,3,3,6.0345
1787152304.1903,2026-08-19 17:11:44.190,10,c3,0,0,-0.03941,-0.49595,0.04283,-4.4977,10.0235,-23.1621,-0.0659,0.0091,-0.2332,4.40655,22.0,23.0,20.0,21.0,32.0,31.0,24.0,25.0,30.0,30.0,26.0,21.0,27.0,36.0,25.0,21.0,27.0,23.0,24.0,21.0,22.0,21.0,21.0,22.0,22.0,22.0,22.0,21.0,22.0,22.0,21.0,22.0,21.0,21.0,21.0,21.0,22.0,21.0,10.0,retract,3,3,5.2796
1787152304.2404,2026-08-19 17:11:44.240,10,c3,0,0,-0.03946,-0.49596,0.04318,-4.6096,10.3642,-23.3353,-0.0715,0.0054,-0.2332,4.46974,22.0,23.0,20.0,23.0,31.0,31.0,24.0,25.0,29.0,30.0,24.0,22.0,26.0,34.0,24.0,22.0,26.0,24.0,22.0,21.0,22.0,21.0,21.0,22.0,22.0,22.0,22.0,21.0,22.0,22.0,21.0,22.0,21.0,21.0,21.0,21.0,22.0,21.0,10.0,retract,3,3,4.7174
1787152304.2906,2026-08-19 17:11:44.290,10,c3,0,0,-0.03944,-0.49601,0.04353,-4.3674,10.3223,-23.6215,-0.0721,0.0108,-0.2346,4.54276,22.0,23.0,20.0,23.0,31.0,31.0,24.0,25.0,29.0,30.0,24.0,22.0,26.0,34.0,24.0,22.0,26.0,24.0,22.0,21.0,22.0,21.0,21.0,22.0,22.0,22.0,22.0,21.0,22.0,22.0,21.0,22.0,21.0,21.0,21.0,21.0,22.0,21.0,10.0,retract,3,3,4.0678
1787152304.3407,2026-08-19 17:11:44.340,10,c3,0,0,-0.03943,-0.496,0.04388,-4.2124,9.9248,-23.8006,-0.0692,0.0128,-0.2326,4.60041,22.0,23.0,20.0,22.0,30.0,29.0,24.0,24.0,28.0,29.0,22.0,20.0,26.0,34.0,22.0,22.0,26.0,22.0,24.0,21.0,22.0,21.0,21.0,22.0,22.0,22.0,22.0,21.0,22.0,22.0,21.0,22.0,21.0,21.0,21.0,21.0,22.0,21.0,10.0,retract,3,3,3.5549
1787152304.3908,2026-08-19 17:11:44.390,10,c3,0,0,-0.03944,-0.49597,0.04418,-4.2583,10.1356,-23.9117,-0.0758,0.0115,-0.2338,4.64775,22.0,23.0,20.0,22.0,30.0,29.0,24.0,24.0,28.0,29.0,22.0,20.0,26.0,34.0,22.0,22.0,26.0,22.0,24.0,21.0,22.0,21.0,21.0,22.0,22.0,22.0,22.0,21.0,22.0,22.0,21.0,22.0,21.0,21.0,21.0,21.0,22.0,21.0,10.0,retract,3,3,3.1338
1787152304.4409,2026-08-19 17:11:44.440,10,c3,0,0,-0.03946,-0.49599,0.04455,-4.4861,10.0693,-24.3202,-0.071,0.0062,-0.2373,4.67393,22.0,24.0,21.0,21.0,29.0,28.0,22.0,24.0,30.0,29.0,23.0,20.0,27.0,32.0,23.0,20.0,26.0,23.0,23.0,21.0,22.0,21.0,21.0,22.0,22.0,22.0,22.0,21.0,22.0,22.0,21.0,22.0,21.0,21.0,21.0,21.0,22.0,21.0,10.0,retract,3,3,2.9009
1787152304.491,2026-08-19 17:11:44.491,10,c3,0,0,-0.03944,-0.49598,0.04487,-4.6296,10.3303,-24.1586,-0.0781,0.0005,-0.2377,4.69281,22.0,24.0,20.0,22.0,31.0,27.0,23.0,24.0,27.0,30.0,23.0,20.0,27.0,33.0,24.0,23.0,27.0,23.0,24.0,21.0,22.0,21.0,21.0,22.0,22.0,22.0,22.0,21.0,22.0,22.0,21.0,22.0,21.0,21.0,21.0,21.0,22.0,21.0,10.0,retract,3,3,2.7329
1787152304.5411,2026-08-19 17:11:44.541,10,c3,0,0,-0.03944,-0.49599,0.0452,-4.3852,9.8521,-24.1873,-0.0676,0.0074,-0.2326,4.68576,22.0,24.0,20.0,22.0,31.0,27.0,23.0,24.0,27.0,30.0,23.0,20.0,27.0,33.0,24.0,23.0,27.0,23.0,24.0,21.0,22.0,21.0,21.0,22.0,22.0,22.0,22.0,21.0,22.0,22.0,21.0,22.0,21.0,21.0,21.0,21.0,22.0,21.0,10.0,retract,3,3,2.7956
1787152304.5914,2026-08-19 17:11:44.591,10,c3,0,0,-0.03945,-0.496,0.04552,-4.2195,10.5581,-24.1544,-0.0823,0.0121,-0.239,4.6835,23.0,22.0,21.0,22.0,28.0,28.0,23.0,25.0,28.0,29.0,23.0,21.0,27.0,31.0,24.0,21.0,25.0,23.0,23.0,21.0,22.0,21.0,21.0,22.0,22.0,22.0,22.0,21.0,22.0,22.0,21.0,22.0,21.0,21.0,21.0,21.0,22.0,21.0,10.0,retract,3,3,2.8157
1787152304.6414,2026-08-19 17:11:44.641,10,c3,0,0,-0.03944,-0.49601,0.04587,-4.4159,9.8969,-24.0854,-0.066,0.0048,-0.2406,4.68551,23.0,22.0,21.0,22.0,28.0,28.0,23.0,25.0,28.0,29.0,23.0,21.0,27.0,31.0,24.0,21.0,25.0,23.0,23.0,21.0,22.0,21.0,21.0,22.0,22.0,22.0,22.0,21.0,22.0,22.0,21.0,22.0,21.0,21.0,21.0,21.0,22.0,21.0,10.0,retract,3,3,2.7978
1787152304.6914,2026-08-19 17:11:44.691,10,c3,0,0,-0.03942,-0.496,0.0462,-4.7437,10.4649,-24.037,-0.0783,-0.0029,-0.2397,4.70011,24.0,25.0,21.0,22.0,30.0,26.0,23.0,23.0,28.0,28.0,23.0,19.0,27.0,29.0,21.0,20.0,24.0,21.0,23.0,21.0,22.0,21.0,21.0,22.0,22.0,22.0,22.0,21.0,22.0,22.0,21.0,22.0,21.0,21.0,21.0,21.0,22.0,21.0,10.0,retract,3,3,2.6679
1787152304.7416,2026-08-19 17:11:44.741,10,c3,0,0,-0.03944,-0.49599,0.04655,-4.5616,10.4172,-24.1074,-0.0804,0.0049,-0.2381,4.68954,22.0,23.0,19.0,21.0,29.0,24.0,22.0,26.0,26.0,27.0,23.0,22.0,25.0,29.0,23.0,22.0,25.0,22.0,23.0,21.0,22.0,21.0,21.0,22.0,22.0,22.0,22.0,21.0,22.0,22.0,21.0,22.0,21.0,21.0,21.0,21.0,22.0,21.0,10.0,retract,3,3,2.762
1787152304.7918,2026-08-19 17:11:44.791,10,c3,0,0,-0.03943,-0.496,0.04689,-4.3255,10.3783,-24.1103,-0.0772,0.0091,-0.2316,4.68904,22.0,23.0,19.0,21.0,29.0,24.0,22.0,26.0,26.0,27.0,23.0,22.0,25.0,29.0,23.0,22.0,25.0,22.0,23.0,21.0,22.0,21.0,21.0,22.0,22.0,22.0,22.0,21.0,22.0,22.0,21.0,22.0,21.0,21.0,21.0,21.0,22.0,21.0,10.0,retract,3,3,2.7665
1787152304.8418,2026-08-19 17:11:44.841,10,c3,0,0,-0.03944,-0.49601,0.04723,-4.4588,10.0155,-24.1057,-0.0657,0.0071,-0.2384,4.68425,23.0,22.0,19.0,24.0,27.0,24.0,22.0,21.0,24.0,28.0,23.0,18.0,26.0,29.0,23.0,19.0,25.0,21.0,22.0,21.0,22.0,21.0,21.0,22.0,22.0,22.0,22.0,21.0,22.0,22.0,21.0,22.0,21.0,21.0,21.0,21.0,22.0,21.0,10.0,retract,3,3,2.809
1787152304.8919,2026-08-19 17:11:44.891,10,c3,0,0,-0.03942,-0.496,0.04757,-5.0599,10.5903,-24.1935,-0.0836,-0.0113,-0.2415,4.68979,23.0,22.0,19.0,24.0,27.0,24.0,22.0,21.0,24.0,28.0,23.0,18.0,26.0,29.0,23.0,19.0,25.0,21.0,22.0,21.0,22.0,21.0,21.0,22.0,22.0,22.0,22.0,21.0,22.0,22.0,21.0,22.0,21.0,21.0,21.0,21.0,22.0,21.0,10.0,retract,3,3,2.7597
1787152304.942,2026-08-19 17:11:44.942,10,c3,0,0,-0.03946,-0.49601,0.0479,-4.6329,10.3874,-24.2876,-0.0783,0.0001,-0.2381,4.69256,22.0,21.0,20.0,20.0,27.0,25.0,22.0,22.0,22.0,27.0,23.0,17.0,24.0,29.0,23.0,18.0,24.0,23.0,20.0,21.0,22.0,21.0,21.0,22.0,22.0,22.0,22.0,21.0,22.0,22.0,21.0,22.0,21.0,21.0,21.0,21.0,22.0,21.0,10.0,retract,3,3,2.7351
1787152304.9922,2026-08-19 17:11:44.992,10,c3,0,0,-0.03943,-0.49598,0.0482,-4.6173,10.2837,-24.1394,-0.0757,0.0026,-0.2365,4.68299,22.0,21.0,20.0,20.0,27.0,25.0,22.0,22.0,22.0,27.0,23.0,17.0,24.0,29.0,23.0,18.0,24.0,23.0,20.0,21.0,22.0,21.0,21.0,22.0,22.0,22.0,22.0,21.0,22.0,22.0,21.0,22.0,21.0,21.0,21.0,21.0,22.0,21.0,10.0,retract,3,3,2.8202
1787152305.0423,2026-08-19 17:11:45.042,10,c3,0,0,-0.03943,-0.49599,0.04855,-4.9813,10.4796,-24.0391,-0.0794,-0.0067,-0.2411,4.68853,20.0,20.0,17.0,20.0,24.0,23.0,24.0,23.0,23.0,26.0,24.0,19.0,23.0,27.0,23.0,19.0,26.0,21.0,22.0,21.0,22.0,21.0,21.0,22.0,22.0,22.0,22.0,21.0,22.0,22.0,21.0,22.0,21.0,21.0,21.0,21.0,22.0,21.0,10.0,retract,3,3,2.7709
1787152305.0924,2026-08-19 17:11:45.092,10,c3,0,0,-0.03943,-0.49601,0.04891,-4.4978,10.1345,-24.3947,-0.071,0.0052,-0.2367,4.68702,22.0,21.0,19.0,22.0,25.0,23.0,23.0,22.0,26.0,26.0,21.0,18.0,27.0,29.0,22.0,18.0,24.0,23.0,21.0,21.0,22.0,21.0,21.0,22.0,22.0,22.0,22.0,21.0,22.0,22.0,21.0,22.0,21.0,21.0,21.0,21.0,22.0,21.0,10.0,retract,3,3,2.7844
1787152305.1425,2026-08-19 17:11:45.142,10,c3,0,0,-0.03944,-0.49601,0.04925,-4.2278,10.0736,-24.2204,-0.0688,0.0116,-0.2332,4.68526,22.0,21.0,19.0,22.0,25.0,23.0,23.0,22.0,26.0,26.0,21.0,18.0,27.0,29.0,22.0,18.0,24.0,23.0,21.0,21.0,22.0,21.0,21.0,22.0,22.0,22.0,22.0,21.0,22.0,22.0,21.0,22.0,21.0,21.0,21.0,21.0,22.0,21.0,10.0,retract,3,3,2.8001
1787152305.1926,2026-08-19 17:11:45.192,10,c3,0,0,-0.03945,-0.49601,0.04955,-4.535,10.4476,-24.3924,-0.0746,0.002,-0.2484,4.68677,20.0,23.0,19.0,21.0,28.0,22.0,21.0,22.0,26.0,26.0,24.0,18.0,26.0,28.0,23.0,19.0,23.0,24.0,21.0,21.0,22.0,21.0,21.0,22.0,22.0,22.0,22.0,21.0,22.0,22.0,21.0,22.0,21.0,21.0,21.0,21.0,22.0,21.0,10.0,retract,3,3,2.7866
1787152305.2428,2026-08-19 17:11:45.242,10,c3,0,0,-0.03945,-0.49601,0.04985,-4.7904,10.5408,-24.3126,-0.0793,-0.0025,-0.2404,4.69231,20.0,23.0,19.0,21.0,28.0,22.0,21.0,22.0,26.0,26.0,24.0,18.0,26.0,28.0,23.0,19.0,23.0,24.0,21.0,21.0,22.0,21.0,21.0,22.0,22.0,22.0,22.0,21.0,22.0,22.0,21.0,22.0,21.0,21.0,21.0,21.0,22.0,21.0,10.0,retract,3,3,2.7373
1787152305.2929,2026-08-19 17:11:45.292,10,c3,0,0,-0.03944,-0.49599,0.05009,-4.2094,10.2868,-24.4557,-0.0792,0.0099,-0.2363,4.68954,21.0,21.0,19.0,20.0,28.0,24.0,23.0,23.0,26.0,26.0,22.0,18.0,24.0,29.0,23.0,20.0,25.0,22.0,23.0,21.0,22.0,21.0,21.0,22.0,22.0,22.0,22.0,21.0,22.0,22.0,21.0,22.0,21.0,21.0,21.0,21.0,22.0,21.0,10.0,retract,3,3,2.762
1787152305.343,2026-08-19 17:11:45.342,10,c3,0,0,-0.03942,-0.49601,0.0503,-3.9197,9.8727,-24.4891,-0.0698,0.0179,-0.2343,4.69609,20.0,24.0,19.0,21.0,29.0,23.0,23.0,22.0,22.0,25.0,22.0,17.0,22.0,27.0,22.0,18.0,23.0,23.0,18.0,21.0,22.0,21.0,21.0,22.0,22.0,22.0,22.0,21.0,22.0,22.0,21.0,22.0,21.0,21.0,21.0,21.0,22.0,21.0,10.0,retract,3,3,2.7037
1787152305.3931,2026-08-19 17:11:45.393,10,c3,0,0,-0.03943,-0.49603,0.05048,-4.3577,10.052,-24.2903,-0.0704,0.0086,-0.2314,4.70868,20.0,24.0,19.0,21.0,29.0,23.0,23.0,22.0,22.0,25.0,22.0,17.0,22.0,27.0,22.0,18.0,23.0,23.0,18.0,21.0,22.0,21.0,21.0,22.0,22.0,22.0,22.0,21.0,22.0,22.0,21.0,22.0,21.0,21.0,21.0,21.0,22.0,21.0,10.0,retract,3,3,2.5918
1787152305.4432,2026-08-19 17:11:45.443,10,c3,0,0,-0.03944,-0.496,0.05058,-4.349,10.176,-24.2273,-0.0751,0.0071,-0.2324,4.69357,20.0,20.0,19.0,20.0,25.0,23.0,23.0,24.0,24.0,26.0,23.0,20.0,24.0,26.0,23.0,20.0,23.0,24.0,23.0,21.0,22.0,21.0,21.0,22.0,22.0,22.0,22.0,21.0,22.0,22.0,21.0,22.0,21.0,21.0,21.0,21.0,22.0,21.0,10.0,retract,3,3,2.7261
1787152305.4934,2026-08-19 17:11:45.493,10,c3,0,0,-0.03945,-0.49599,0.05068,-4.3003,10.1274,-24.4169,-0.0722,0.0094,-0.2346,4.68526,20.0,20.0,19.0,20.0,25.0,23.0,23.0,24.0,24.0,26.0,23.0,20.0,24.0,26.0,23.0,20.0,23.0,24.0,23.0,21.0,22.0,21.0,21.0,22.0,22.0,22.0,22.0,21.0,22.0,22.0,21.0,22.0,21.0,21.0,21.0,21.0,22.0,21.0,10.0,retract,3,3,2.8001
1787152305.5434,2026-08-19 17:11:45.543,10,c3,0,0,-0.03941,-0.49599,0.05075,-4.2095,10.1547,-24.3381,-0.0707,0.0131,-0.2287,4.69986,23.0,22.0,18.0,22.0,26.0,22.0,24.0,23.0,22.0,26.0,22.0,18.0,25.0,26.0,21.0,20.0,25.0,21.0,22.0,21.0,22.0,21.0,21.0,22.0,22.0,22.0,22.0,21.0,22.0,22.0,21.0,22.0,21.0,21.0,21.0,21.0,22.0,21.0,10.0,retract,3,3,2.6701
1787152305.5935,2026-08-19 17:11:45.593,10,c3,0,0,-0.03943,-0.49599,0.05082,-4.3529,10.0258,-24.3776,-0.07,0.0097,-0.2289,4.68979,20.0,22.0,19.0,20.0,26.0,23.0,21.0,22.0,21.0,27.0,21.0,18.0,22.0,27.0,21.0,19.0,24.0,22.0,22.0,21.0,22.0,21.0,21.0,22.0,22.0,22.0,22.0,21.0,22.0,22.0,21.0,22.0,21.0,21.0,21.0,21.0,22.0,21.0,10.0,retract,3,3,2.7597
1787152305.6437,2026-08-19 17:11:45.643,10,c3,0,0,-0.03943,-0.49601,0.05087,-4.0785,10.3323,-24.3735,-0.0754,0.0168,-0.2286,4.69382,20.0,22.0,19.0,20.0,26.0,23.0,21.0,22.0,21.0,27.0,21.0,18.0,22.0,27.0,21.0,19.0,24.0,22.0,22.0,21.0,22.0,21.0,21.0,22.0,22.0,22.0,22.0,21.0,22.0,22.0,21.0,22.0,21.0,21.0,21.0,21.0,22.0,21.0,10.0,post,3,3,2.7239
1787152305.6937,2026-08-19 17:11:45.693,10,c3,0,0,-0.03943,-0.49599,0.05087,-4.433,10.1778,-24.3673,-0.0756,0.0066,-0.2405,4.69583,20.0,20.0,18.0,21.0,23.0,22.0,22.0,22.0,24.0,26.0,22.0,18.0,24.0,26.0,22.0,20.0,22.0,22.0,21.0,21.0,22.0,21.0,21.0,22.0,22.0,22.0,22.0,21.0,22.0,22.0,21.0,22.0,21.0,21.0,21.0,21.0,22.0,21.0,10.0,post,3,3,2.706
1787152305.7437,2026-08-19 17:11:45.743,10,c3,0,0,-0.03944,-0.49601,0.05091,-4.5318,10.7103,-24.2496,-0.0876,0.002,-0.2383,4.69785,20.0,20.0,18.0,21.0,23.0,22.0,22.0,22.0,24.0,26.0,22.0,18.0,24.0,26.0,22.0,20.0,22.0,22.0,21.0,21.0,22.0,21.0,21.0,22.0,22.0,22.0,22.0,21.0,22.0,22.0,21.0,22.0,21.0,21.0,21.0,21.0,22.0,21.0,10.0,post,3,3,2.6881
1787152305.7938,2026-08-19 17:11:45.793,10,c3,0,0,-0.03945,-0.49601,0.05092,-4.4728,10.1374,-24.2652,-0.0737,0.0056,-0.2389,4.69155,21.0,21.0,18.0,20.0,26.0,22.0,22.0,23.0,23.0,27.0,21.0,18.0,24.0,26.0,22.0,20.0,24.0,23.0,23.0,21.0,22.0,21.0,21.0,22.0,22.0,22.0,22.0,21.0,22.0,22.0,21.0,22.0,21.0,21.0,21.0,21.0,22.0,21.0,10.0,post,3,3,2.7441
1787152305.8439,2026-08-19 17:11:45.843,10,c3,0,0,-0.03943,-0.49601,0.05091,-4.4088,10.5027,-24.215,-0.0803,0.0056,-0.2412,4.68929,22.0,20.0,19.0,21.0,26.0,23.0,22.0,24.0,22.0,27.0,22.0,20.0,24.0,26.0,23.0,21.0,24.0,22.0,22.0,21.0,22.0,21.0,21.0,22.0,22.0,22.0,22.0,21.0,22.0,22.0,21.0,22.0,21.0,21.0,21.0,21.0,22.0,21.0,10.0,post,3,3,2.7642
1787152305.894,2026-08-19 17:11:45.894,10,c3,0,0,-0.03945,-0.496,0.0509,-4.2727,10.007,-24.447,-0.0693,0.0129,-0.2408,4.68702,22.0,20.0,19.0,21.0,26.0,23.0,22.0,24.0,22.0,27.0,22.0,20.0,24.0,26.0,23.0,21.0,24.0,22.0,22.0,21.0,22.0,21.0,21.0,22.0,22.0,22.0,22.0,21.0,22.0,22.0,21.0,22.0,21.0,21.0,21.0,21.0,22.0,21.0,10.0,post,3,3,2.7844
1787152305.9441,2026-08-19 17:11:45.944,10,c3,0,0,-0.03944,-0.49601,0.05091,-4.3004,10.2954,-24.5081,-0.0754,0.0077,-0.236,4.69181,20.0,20.0,19.0,20.0,25.0,22.0,22.0,22.0,23.0,26.0,23.0,18.0,24.0,27.0,23.0,19.0,24.0,22.0,23.0,21.0,22.0,21.0,21.0,22.0,22.0,22.0,22.0,21.0,22.0,22.0,21.0,22.0,21.0,21.0,21.0,21.0,22.0,21.0,10.0,post,3,3,2.7418
1787152305.9943,2026-08-19 17:11:45.994,10,c3,0,0,-0.03945,-0.49602,0.05093,-4.4289,9.9287,-24.162,-0.0682,0.0082,-0.2385,4.69583,20.0,20.0,19.0,20.0,25.0,22.0,22.0,22.0,23.0,26.0,23.0,18.0,24.0,27.0,23.0,19.0,24.0,22.0,23.0,21.0,22.0,21.0,21.0,22.0,22.0,22.0,22.0,21.0,22.0,22.0,21.0,22.0,21.0,21.0,21.0,21.0,22.0,21.0,10.0,post,3,3,2.706
1787152306.0444,2026-08-19 17:11:46.044,10,c3,0,0,-0.03945,-0.496,0.05091,-5.0735,10.5464,-24.2448,-0.0851,-0.009,-0.2483,4.69634,21.0,21.0,18.0,21.0,25.0,22.0,24.0,20.0,23.0,26.0,22.0,17.0,24.0,25.0,21.0,18.0,24.0,23.0,21.0,21.0,22.0,21.0,21.0,22.0,22.0,22.0,22.0,21.0,22.0,22.0,21.0,22.0,21.0,21.0,21.0,21.0,22.0,21.0,10.0,post,3,3,2.7015
1787152306.0945,2026-08-19 17:11:46.094,10,c3,0,0,-0.03941,-0.49599,0.0509,-4.0262,9.8935,-24.1483,-0.0664,0.0153,-0.2291,4.69181,21.0,21.0,18.0,21.0,25.0,22.0,24.0,20.0,23.0,26.0,22.0,17.0,24.0,25.0,21.0,18.0,24.0,23.0,21.0,21.0,22.0,21.0,21.0,22.0,22.0,22.0,22.0,21.0,22.0,22.0,21.0,22.0,21.0,21.0,21.0,21.0,22.0,21.0,10.0,post,3,3,2.7418
1787152306.1447,2026-08-19 17:11:46.144,10,c3,0,0,-0.03944,-0.49601,0.05092,-4.4409,10.3783,-24.3041,-0.0755,0.0022,-0.2396,4.69231,19.0,22.0,18.0,19.0,25.0,22.0,23.0,21.0,23.0,26.0,21.0,18.0,24.0,26.0,21.0,18.0,24.0,22.0,20.0,21.0,22.0,21.0,21.0,22.0,22.0,22.0,22.0,21.0,22.0,22.0,21.0,22.0,21.0,21.0,21.0,21.0,22.0,21.0,10.0,post,3,3,2.7373
1787152306.1948,2026-08-19 17:11:46.194,10,c3,0,0,-0.03944,-0.496,0.0509,-4.157,10.1592,-24.5186,-0.0706,0.0103,-0.2236,4.68753,19.0,22.0,18.0,18.0,26.0,22.0,21.0,22.0,24.0,27.0,24.0,20.0,25.0,25.0,23.0,20.0,23.0,24.0,23.0,21.0,22.0,21.0,21.0,22.0,22.0,22.0,22.0,21.0,22.0,22.0,21.0,22.0,21.0,21.0,21.0,21.0,22.0,21.0,10.0,post,3,3,2.7799
1787152306.2449,2026-08-19 17:11:46.244,10,c3,0,0,-0.03943,-0.496,0.0509,-4.649,10.2315,-24.0343,-0.075,0.0024,-0.2456,4.69986,19.0,22.0,18.0,18.0,26.0,22.0,21.0,22.0,24.0,27.0,24.0,20.0,25.0,25.0,23.0,20.0,23.0,24.0,23.0,21.0,22.0,21.0,21.0,22.0,22.0,22.0,22.0,21.0,22.0,22.0,21.0,22.0,21.0,21.0,21.0,21.0,22.0,21.0,10.0,post,3,3,2.6701
1787152306.295,2026-08-19 17:11:46.295,10,c3,0,0,-0.03943,-0.49601,0.0509,-4.6339,10.5695,-24.4102,-0.0833,-0.0002,-0.2368,4.69055,22.0,23.0,18.0,22.0,26.0,23.0,24.0,23.0,24.0,26.0,21.0,20.0,24.0,26.0,22.0,20.0,25.0,22.0,21.0,21.0,22.0,21.0,21.0,22.0,22.0,22.0,22.0,21.0,22.0,22.0,21.0,22.0,21.0,21.0,21.0,21.0,22.0,21.0,10.0,post,3,3,2.753
1787152306.3451,2026-08-19 17:11:46.345,10,c3,0,0,-0.03943,-0.496,0.0509,-4.3456,10.038,-24.3165,-0.0734,0.007,-0.2394,4.68853,22.0,23.0,18.0,22.0,26.0,23.0,24.0,23.0,24.0,26.0,21.0,20.0,24.0,26.0,22.0,20.0,25.0,22.0,21.0,21.0,22.0,21.0,21.0,22.0,22.0,22.0,22.0,21.0,22.0,22.0,21.0,22.0,21.0,21.0,21.0,21.0,22.0,21.0,10.0,post,3,3,2.7709
1787152306.3953,2026-08-19 17:11:46.395,10,c3,0,0,-0.03943,-0.49602,0.05092,-4.2724,9.8669,-24.4055,-0.0662,0.0064,-0.2359,4.68778,21.0,23.0,19.0,22.0,26.0,23.0,23.0,22.0,23.0,29.0,24.0,18.0,24.0,27.0,24.0,19.0,25.0,23.0,21.0,21.0,22.0,21.0,21.0,22.0,22.0,22.0,22.0,21.0,22.0,22.0,21.0,22.0,21.0,21.0,21.0,21.0,22.0,21.0,10.0,post,3,3,2.7777
1787152306.4454,2026-08-19 17:11:46.445,10,c3,0,0,-0.03945,-0.49602,0.05092,-4.1785,9.8776,-24.4297,-0.0668,0.0113,-0.2359,4.69634,20.0,21.0,18.0,20.0,25.0,23.0,24.0,23.0,23.0,27.0,22.0,20.0,24.0,26.0,22.0,21.0,24.0,22.0,22.0,21.0,22.0,21.0,21.0,22.0,22.0,22.0,22.0,21.0,22.0,22.0,21.0,22.0,21.0,21.0,21.0,21.0,22.0,21.0,10.0,post,3,3,2.7015
1787152306.4955,2026-08-19 17:11:46.495,10,c3,0,0,-0.03944,-0.49602,0.05091,-4.3059,9.9495,-24.3968,-0.0683,0.0113,-0.2298,4.69609,20.0,21.0,18.0,20.0,25.0,23.0,24.0,23.0,23.0,27.0,22.0,20.0,24.0,26.0,22.0,21.0,24.0,22.0,22.0,21.0,22.0,21.0,21.0,22.0,22.0,22.0,22.0,21.0,22.0,22.0,21.0,22.0,21.0,21.0,21.0,21.0,22.0,21.0,10.0,post,3,3,2.7037
1787152306.5457,2026-08-19 17:11:46.545,10,c3,0,0,-0.03943,-0.49599,0.0509,-4.1986,10.0177,-24.2836,-0.0714,0.0136,-0.2336,4.69432,21.0,21.0,20.0,20.0,25.0,22.0,22.0,22.0,24.0,26.0,24.0,21.0,24.0,26.0,25.0,21.0,24.0,23.0,22.0,21.0,22.0,21.0,21.0,22.0,22.0,22.0,22.0,21.0,22.0,22.0,21.0,22.0,21.0,21.0,21.0,21.0,22.0,21.0,10.0,post,3,3,2.7194
1787152306.5958,2026-08-19 17:11:46.595,10,c3,0,0,-0.03944,-0.49602,0.05091,-4.6198,10.1762,-24.2484,-0.0749,0.0059,-0.2477,4.6845,21.0,21.0,20.0,20.0,25.0,22.0,22.0,22.0,24.0,26.0,24.0,21.0,24.0,26.0,25.0,21.0,24.0,23.0,22.0,21.0,22.0,21.0,21.0,22.0,22.0,22.0,22.0,21.0,22.0,22.0,21.0,22.0,21.0,21.0,21.0,21.0,22.0,21.0,10.0,post,3,3,2.8068
1787152306.6459,2026-08-19 17:11:46.645,10,c3,0,0,-0.03944,-0.496,0.05091,-4.714,10.5669,-24.2387,-0.0809,-0.0018,-0.2379,4.69659,21.0,24.0,23.0,19.0,25.0,25.0,25.0,23.0,23.0,25.0,23.0,21.0,24.0,25.0,23.0,21.0,25.0,22.0,21.0,21.0,22.0,21.0,21.0,22.0,22.0,22.0,22.0,21.0,22.0,22.0,21.0,22.0,21.0,21.0,21.0,21.0,22.0,21.0,10.0,post,3,3,2.6993
1787152306.6961,2026-08-19 17:11:46.696,10,c3,0,0,-0.03944,-0.496,0.0509,-4.4352,10.385,-24.4614,-0.082,0.0065,-0.242,4.68954,20.0,22.0,23.0,21.0,24.0,24.0,23.0,24.0,25.0,27.0,23.0,23.0,24.0,26.0,23.0,22.0,25.0,22.0,24.0,21.0,22.0,21.0,21.0,22.0,22.0,22.0,22.0,21.0,22.0,22.0,21.0,22.0,21.0,21.0,21.0,21.0,22.0,21.0,10.0,post,3,3,2.762
1787152306.7462,2026-08-19 17:11:46.746,10,c3,0,0,-0.03945,-0.49601,0.05091,-4.7409,10.5282,-24.3299,-0.0828,0.0016,-0.2446,4.68727,20.0,22.0,23.0,21.0,24.0,24.0,23.0,24.0,25.0,27.0,23.0,23.0,24.0,26.0,23.0,22.0,25.0,22.0,24.0,21.0,22.0,21.0,21.0,22.0,22.0,22.0,22.0,21.0,22.0,22.0,21.0,22.0,21.0,21.0,21.0,21.0,22.0,21.0,10.0,post,3,3,2.7821
1787152306.7963,2026-08-19 17:11:46.796,10,c3,0,0,-0.03945,-0.496,0.0509,-4.4527,10.4879,-24.281,-0.0794,0.0034,-0.2343,4.69407,22.0,23.0,24.0,22.0,25.0,26.0,23.0,24.0,24.0,25.0,23.0,22.0,23.0,25.0,22.0,22.0,24.0,23.0,23.0,21.0,22.0,21.0,21.0,22.0,22.0,22.0,22.0,21.0,22.0,22.0,21.0,22.0,21.0,21.0,21.0,21.0,22.0,21.0,10.0,post,3,3,2.7217
1787152306.8464,2026-08-19 17:11:46.846,10,c3,0,0,-0.03945,-0.49601,0.05092,-4.6232,10.406,-24.1657,-0.0794,-0.0013,-0.2407,4.69281,22.0,23.0,24.0,22.0,25.0,26.0,23.0,24.0,24.0,25.0,23.0,22.0,23.0,25.0,22.0,22.0,24.0,23.0,23.0,21.0,22.0,21.0,21.0,22.0,22.0,22.0,22.0,21.0,22.0,22.0,21.0,22.0,21.0,21.0,21.0,21.0,22.0,21.0,10.0,post,3,3,2.7329
1787152306.8966,2026-08-19 17:11:46.896,10,c3,0,0,-0.03944,-0.49601,0.05091,-4.7154,10.3265,-24.2707,-0.0769,-0.003,-0.2414,4.68803,22.0,23.0,23.0,22.0,24.0,25.0,23.0,21.0,23.0,25.0,24.0,20.0,24.0,25.0,22.0,19.0,23.0,22.0,20.0,21.0,22.0,21.0,21.0,22.0,22.0,22.0,22.0,21.0,22.0,22.0,21.0,22.0,21.0,21.0,21.0,21.0,22.0,21.0,10.0,post,3,3,2.7754
1787152306.9467,2026-08-19 17:11:46.946,10,c3,0,0,-0.03943,-0.49602,0.05092,-4.607,10.172,-24.28,-0.0738,0.0018,-0.2333,4.70011,21.0,22.0,22.0,20.0,25.0,25.0,23.0,23.0,24.0,27.0,23.0,22.0,24.0,26.0,22.0,21.0,25.0,22.0,22.0,21.0,22.0,21.0,21.0,22.0,22.0,22.0,22.0,21.0,22.0,22.0,21.0,22.0,21.0,21.0,21.0,21.0,22.0,21.0,10.0,post,3,3,2.6679
1787152306.9968,2026-08-19 17:11:46.996,10,c3,0,0,-0.03942,-0.49601,0.05092,-4.2977,10.2999,-24.3108,-0.0747,0.0093,-0.2376,4.68904,21.0,22.0,22.0,20.0,25.0,25.0,23.0,23.0,24.0,27.0,23.0,22.0,24.0,26.0,22.0,21.0,25.0,22.0,22.0,21.0,22.0,21.0,21.0,22.0,22.0,22.0,22.0,21.0,22.0,22.0,21.0,22.0,21.0,21.0,21.0,21.0,22.0,21.0,10.0,post,3,3,2.7665
1787152307.047,2026-08-19 17:11:47.046,10,c3,0,0,-0.03943,-0.49601,0.05091,-4.1467,9.9349,-24.4874,-0.0695,0.0148,-0.2389,4.69634,21.0,23.0,24.0,21.0,25.0,26.0,22.0,23.0,25.0,26.0,22.0,22.0,24.0,25.0,22.0,21.0,24.0,22.0,23.0,21.0,22.0,21.0,21.0,22.0,22.0,22.0,22.0,21.0,22.0,22.0,21.0,22.0,21.0,21.0,21.0,21.0,22.0,21.0,10.0,post,3,3,2.7015
1787152307.0972,2026-08-19 17:11:47.097,10,c3,0,0,-0.03943,-0.49601,0.05091,-4.6046,10.4643,-24.2749,-0.0822,0.0029,-0.2389,4.69256,21.0,23.0,24.0,21.0,25.0,26.0,22.0,23.0,25.0,26.0,22.0,22.0,24.0,25.0,22.0,21.0,24.0,22.0,23.0,21.0,22.0,21.0,21.0,22.0,22.0,22.0,22.0,21.0,22.0,22.0,21.0,22.0,21.0,21.0,21.0,21.0,22.0,21.0,10.0,post,3,3,2.7351
1787152307.1473,2026-08-19 17:11:47.147,10,c3,0,0,-0.03943,-0.49599,0.0509,-4.529,10.296,-24.447,-0.0773,0.0041,-0.2419,4.69055,20.0,24.0,23.0,22.0,26.0,24.0,22.0,21.0,25.0,25.0,23.0,21.0,24.0,25.0,23.0,19.0,23.0,22.0,19.0,21.0,22.0,21.0,21.0,22.0,22.0,22.0,22.0,21.0,22.0,22.0,21.0,22.0,21.0,21.0,21.0,21.0,22.0,21.0,10.0,post,3,3,2.753
1787152307.1974,2026-08-19 17:11:47.197,10,c3,0,0,-0.03945,-0.49601,0.05092,-4.6742,10.4462,-24.2773,-0.0778,0.003,-0.2316,4.68602,20.0,24.0,23.0,22.0,26.0,24.0,22.0,21.0,25.0,25.0,23.0,21.0,24.0,25.0,23.0,19.0,23.0,22.0,19.0,21.0,22.0,21.0,21.0,22.0,22.0,22.0,22.0,21.0,22.0,22.0,21.0,22.0,21.0,21.0,21.0,21.0,22.0,21.0,10.0,post,3,3,2.7933
1787152307.2475,2026-08-19 17:11:47.247,10,c3,0,0,-0.03943,-0.49601,0.05091,-4.2717,10.2789,-24.6431,-0.0743,0.0121,-0.2362,4.68602,19.0,22.0,23.0,20.0,27.0,25.0,23.0,22.0,24.0,25.0,23.0,20.0,24.0,25.0,22.0,20.0,24.0,22.0,20.0,21.0,22.0,21.0,21.0,22.0,22.0,22.0,22.0,21.0,22.0,22.0,21.0,22.0,21.0,21.0,21.0,21.0,22.0,21.0,10.0,post,3,3,2.7933
1787152307.2977,2026-08-19 17:11:47.297,10,c3,0,0,-0.03944,-0.49601,0.05091,-4.3179,10.1747,-24.6602,-0.0756,0.0089,-0.2398,4.69407,21.0,24.0,22.0,19.0,27.0,25.0,23.0,23.0,24.0,26.0,22.0,22.0,24.0,27.0,21.0,21.0,24.0,21.0,22.0,21.0,22.0,21.0,21.0,22.0,22.0,22.0,22.0,21.0,22.0,22.0,21.0,22.0,21.0,21.0,21.0,21.0,22.0,21.0,10.0,post,3,3,2.7217
1787152307.3478,2026-08-19 17:11:47.347,10,c3,0,0,-0.03944,-0.49602,0.05092,-4.6847,10.3529,-24.4645,-0.0768,0.0001,-0.2378,4.69105,21.0,24.0,22.0,19.0,27.0,25.0,23.0,23.0,24.0,26.0,22.0,22.0,24.0,27.0,21.0,21.0,24.0,21.0,22.0,21.0,22.0,21.0,21.0,22.0,22.0,22.0,22.0,21.0,22.0,22.0,21.0,22.0,21.0,21.0,21.0,21.0,22.0,21.0,10.0,post,3,3,2.7485
1787152307.3979,2026-08-19 17:11:47.397,10,c3,0,0,-0.03944,-0.49601,0.05091,-4.333,10.6051,-24.3612,-0.0847,0.008,-0.2296,4.69659,20.0,24.0,22.0,21.0,26.0,25.0,21.0,21.0,25.0,24.0,23.0,20.0,25.0,25.0,23.0,19.0,23.0,22.0,21.0,21.0,22.0,21.0,21.0,22.0,22.0,22.0,22.0,21.0,22.0,22.0,21.0,22.0,21.0,21.0,21.0,21.0,22.0,21.0,10.0,post,3,3,2.6993
1787152307.4479,2026-08-19 17:11:47.447,10,c3,0,0,-0.03943,-0.49599,0.0509,-4.3578,10.3538,-24.3772,-0.0772,0.0082,-0.2385,4.68803,20.0,24.0,22.0,21.0,26.0,25.0,21.0,21.0,25.0,24.0,23.0,20.0,25.0,25.0,23.0,19.0,23.0,22.0,21.0,21.0,22.0,21.0,21.0,22.0,22.0,22.0,22.0,21.0,22.0,22.0,21.0,22.0,21.0,21.0,21.0,21.0,22.0,21.0,10.0,post,3,3,2.7754
1787152307.4981,2026-08-19 17:11:47.498,10,c3,0,0,-0.03946,-0.49601,0.05091,-4.4368,10.1817,-24.1969,-0.0763,0.007,-0.2294,4.69533,18.0,22.0,22.0,19.0,25.0,24.0,22.0,21.0,24.0,25.0,23.0,20.0,24.0,25.0,21.0,19.0,24.0,22.0,20.0,21.0,22.0,21.0,21.0,22.0,22.0,22.0,22.0,21.0,22.0,22.0,21.0,22.0,21.0,21.0,21.0,21.0,22.0,21.0,10.0,post,3,3,2.7105
1787152307.5482,2026-08-19 17:11:47.548,10,c3,0,0,-0.03944,-0.496,0.05091,-4.6287,10.5419,-24.2419,-0.081,-0.0028,-0.2343,4.68753,20.0,23.0,24.0,20.0,25.0,25.0,22.0,22.0,24.0,25.0,22.0,20.0,24.0,25.0,22.0,20.0,25.0,21.0,21.0,21.0,22.0,21.0,21.0,22.0,22.0,22.0,22.0,21.0,22.0,22.0,21.0,22.0,21.0,21.0,21.0,21.0,22.0,21.0,10.0,post,3,3,2.7799
1787152307.5984,2026-08-19 17:11:47.598,10,c3,0,0,-0.03945,-0.49601,0.05091,-4.258,10.4586,-24.3437,-0.0793,0.0079,-0.2367,4.6913,20.0,23.0,24.0,20.0,25.0,25.0,22.0,22.0,24.0,25.0,22.0,20.0,24.0,25.0,22.0,20.0,25.0,21.0,21.0,21.0,22.0,21.0,21.0,22.0,22.0,22.0,22.0,21.0,22.0,22.0,21.0,22.0,21.0,21.0,21.0,21.0,22.0,21.0,10.0,post,3,3,2.7463
1787152307.6485,2026-08-19 17:11:47.648,10,c3,0,0,-0.03944,-0.49601,0.0509,-4.4797,10.3674,-24.3247,-0.0776,0.0075,-0.2396,4.69306,19.0,22.0,23.0,18.0,26.0,26.0,23.0,23.0,25.0,26.0,22.0,22.0,24.0,25.0,22.0,21.0,23.0,22.0,22.0,21.0,22.0,21.0,21.0,22.0,22.0,22.0,22.0,21.0,22.0,22.0,21.0,22.0,21.0,21.0,21.0,21.0,22.0,21.0,10.0,locate,4,4,2.7306
1787152307.6985,2026-08-19 17:11:47.698,10,c3,0,0,-0.03943,-0.49601,0.0509,-4.1917,9.8081,-24.2705,-0.0632,0.0149,-0.2325,4.69357,19.0,22.0,23.0,18.0,26.0,26.0,23.0,23.0,25.0,26.0,22.0,22.0,24.0,25.0,22.0,21.0,23.0,22.0,22.0,21.0,22.0,21.0,21.0,22.0,22.0,22.0,22.0,21.0,22.0,22.0,21.0,22.0,21.0,21.0,21.0,21.0,22.0,21.0,10.0,locate,4,4,2.7261
1787152307.7487,2026-08-19 17:11:47.748,10,c3,0,0,-0.03946,-0.49601,0.05092,-4.3066,10.1656,-24.5421,-0.0733,0.0108,-0.24,4.68803,21.0,24.0,22.0,22.0,26.0,25.0,22.0,23.0,25.0,26.0,23.0,23.0,24.0,24.0,23.0,22.0,22.0,22.0,23.0,21.0,22.0,21.0,21.0,22.0,22.0,22.0,22.0,21.0,22.0,22.0,21.0,22.0,21.0,21.0,21.0,21.0,22.0,21.0,10.0,locate,4,4,2.7754
1787152307.7988,2026-08-19 17:11:47.798,10,c3,0,0,-0.03944,-0.49601,0.0509,-4.2986,10.2423,-24.4064,-0.0709,0.0087,-0.2297,4.69936,21.0,22.0,22.0,21.0,25.0,24.0,22.0,22.0,24.0,26.0,22.0,22.0,24.0,26.0,23.0,20.0,24.0,22.0,21.0,21.0,22.0,21.0,21.0,22.0,22.0,22.0,22.0,21.0,22.0,22.0,21.0,22.0,21.0,21.0,21.0,21.0,22.0,21.0,10.0,locate,4,4,2.6746
1787152307.8488,2026-08-19 17:11:47.848,10,c3,0,0,-0.03944,-0.49601,0.05091,-4.0917,10.0395,-24.4719,-0.0693,0.0146,-0.2319,4.68828,21.0,22.0,22.0,21.0,25.0,24.0,22.0,22.0,24.0,26.0,22.0,22.0,24.0,26.0,23.0,20.0,24.0,22.0,21.0,21.0,22.0,21.0,21.0,22.0,22.0,22.0,22.0,21.0,22.0,22.0,21.0,22.0,21.0,21.0,21.0,21.0,22.0,21.0,10.0,locate,4,4,2.7732
1787152307.899,2026-08-19 17:11:47.899,10,c3,0,0,-0.03944,-0.49601,0.05092,-3.9129,10.1659,-24.6609,-0.0748,0.0207,-0.2317,4.69785,20.0,23.0,23.0,20.0,25.0,24.0,22.0,22.0,23.0,25.0,22.0,20.0,24.0,25.0,21.0,20.0,23.0,22.0,22.0,21.0,22.0,21.0,21.0,22.0,22.0,22.0,22.0,21.0,22.0,22.0,21.0,22.0,21.0,21.0,21.0,21.0,22.0,21.0,10.0,locate,4,4,2.6881
1787152307.9491,2026-08-19 17:11:47.949,10,c3,0,0,-0.03945,-0.49602,0.05092,-4.3554,10.6606,-24.391,-0.0832,0.0088,-0.2363,4.68299,20.0,23.0,23.0,20.0,25.0,24.0,22.0,22.0,23.0,25.0,22.0,20.0,24.0,25.0,21.0,20.0,23.0,22.0,22.0,21.0,22.0,21.0,21.0,22.0,22.0,22.0,22.0,21.0,22.0,22.0,21.0,22.0,21.0,21.0,21.0,21.0,22.0,21.0,10.0,locate,4,4,2.8202
1787152307.9992,2026-08-19 17:11:47.999,10,c3,0,0,-0.03944,-0.49601,0.05092,-4.5151,10.1628,-24.5635,-0.0718,0.0023,-0.2331,4.69432,19.0,23.0,23.0,21.0,24.0,24.0,22.0,23.0,23.0,27.0,21.0,24.0,24.0,27.0,21.0,21.0,25.0,20.0,23.0,21.0,22.0,21.0,21.0,22.0,22.0,22.0,22.0,21.0,22.0,22.0,21.0,22.0,21.0,21.0,21.0,21.0,22.0,21.0,10.0,locate,4,4,2.7194
1787152308.0493,2026-08-19 17:11:48.049,10,c3,0,0,-0.03943,-0.49601,0.05091,-4.1498,10.2779,-24.4536,-0.0746,0.013,-0.2299,4.68778,21.0,22.0,24.0,22.0,25.0,26.0,21.0,22.0,23.0,25.0,22.0,21.0,24.0,24.0,21.0,21.0,24.0,22.0,21.0,21.0,22.0,21.0,21.0,22.0,22.0,22.0,22.0,21.0,22.0,22.0,21.0,22.0,21.0,21.0,21.0,21.0,22.0,21.0,10.0,locate,4,4,2.7777
1787152308.0994,2026-08-19 17:11:48.099,10,c3,0,0,-0.03944,-0.49601,0.05092,-4.6246,10.7844,-24.5123,-0.0894,-0.0005,-0.2328,4.69709,21.0,22.0,24.0,22.0,25.0,26.0,21.0,22.0,23.0,25.0,22.0,21.0,24.0,24.0,21.0,21.0,24.0,22.0,21.0,21.0,22.0,21.0,21.0,22.0,22.0,22.0,22.0,21.0,22.0,22.0,21.0,22.0,21.0,21.0,21.0,21.0,22.0,21.0,10.0,locate,4,4,2.6948
1787152308.1495,2026-08-19 17:11:48.149,10,c3,0,0,-0.03944,-0.49601,0.05092,-4.6764,10.5568,-24.465,-0.0864,0.0033,-0.2441,4.6835,22.0,22.0,23.0,20.0,24.0,25.0,22.0,23.0,25.0,25.0,23.0,21.0,25.0,25.0,23.0,20.0,23.0,23.0,21.0,21.0,22.0,21.0,21.0,22.0,22.0,22.0,22.0,21.0,22.0,22.0,21.0,22.0,21.0,21.0,21.0,21.0,22.0,21.0,10.0,locate,4,4,2.8157
1787152308.1996,2026-08-19 17:11:48.199,10,c3,0,0,-0.03943,-0.49601,0.05091,-4.6185,10.2949,-24.5321,-0.0758,0.0034,-0.2357,4.69458,22.0,22.0,23.0,20.0,24.0,25.0,22.0,23.0,25.0,25.0,23.0,21.0,25.0,25.0,23.0,20.0,23.0,23.0,21.0,21.0,22.0,21.0,21.0,22.0,22.0,22.0,22.0,21.0,22.0,22.0,21.0,22.0,21.0,21.0,21.0,21.0,22.0,21.0,10.0,locate,4,4,2.7172
1787152308.2497,2026-08-19 17:11:48.249,10,c3,0,0,-0.03945,-0.496,0.05091,-4.2157,9.8127,-24.4717,-0.0653,0.0133,-0.2327,4.68551,19.0,23.0,23.0,20.0,26.0,25.0,24.0,23.0,24.0,26.0,22.0,22.0,24.0,26.0,22.0,21.0,24.0,22.0,21.0,21.0,22.0,21.0,21.0,22.0,22.0,22.0,22.0,21.0,22.0,22.0,21.0,22.0,21.0,21.0,21.0,21.0,22.0,21.0,10.0,locate,4,4,2.7978
1787152308.2998,2026-08-19 17:11:48.299,10,c3,0,0,-0.03945,-0.49601,0.05091,-4.6588,10.502,-24.3207,-0.0843,-0.0011,-0.2438,4.69458,19.0,23.0,23.0,20.0,26.0,25.0,24.0,23.0,24.0,26.0,22.0,22.0,24.0,26.0,22.0,21.0,24.0,22.0,21.0,21.0,22.0,21.0,21.0,22.0,22.0,22.0,22.0,21.0,22.0,22.0,21.0,22.0,21.0,21.0,21.0,21.0,22.0,21.0,10.0,locate,4,4,2.7172
1787152308.35,2026-08-19 17:11:48.350,10,c3,0,0,-0.03944,-0.49601,0.05092,-4.4206,10.47,-24.6064,-0.0815,0.0062,-0.2367,4.68853,20.0,22.0,23.0,21.0,25.0,26.0,22.0,24.0,22.0,26.0,24.0,23.0,23.0,26.0,24.0,22.0,23.0,23.0,22.0,21.0,22.0,21.0,21.0,22.0,22.0,22.0,22.0,21.0,22.0,22.0,21.0,22.0,21.0,21.0,21.0,21.0,22.0,21.0,10.0,locate,4,4,2.7709
1787152308.4001,2026-08-19 17:11:48.400,10,c3,0,0,-0.03943,-0.496,0.0509,-4.5483,10.4039,-24.4466,-0.077,0.0028,-0.237,4.69936,22.0,22.0,22.0,22.0,24.0,25.0,23.0,21.0,24.0,26.0,24.0,21.0,24.0,26.0,23.0,19.0,24.0,22.0,19.0,21.0,22.0,21.0,21.0,22.0,22.0,22.0,22.0,21.0,22.0,22.0,21.0,22.0,21.0,21.0,21.0,21.0,22.0,21.0,10.0,locate,4,4,2.6746
1787152308.4503,2026-08-19 17:11:48.450,10,c3,0,0,-0.03944,-0.49601,0.0509,-4.2803,10.1458,-24.4227,-0.0741,0.0101,-0.2299,4.68803,22.0,22.0,22.0,22.0,24.0,25.0,23.0,21.0,24.0,26.0,24.0,21.0,24.0,26.0,23.0,19.0,24.0,22.0,19.0,21.0,22.0,21.0,21.0,22.0,22.0,22.0,22.0,21.0,22.0,22.0,21.0,22.0,21.0,21.0,21.0,21.0,22.0,21.0,10.0,locate,4,4,2.7754
1787152308.5004,2026-08-19 17:11:48.500,10,c3,0,0,-0.03945,-0.496,0.05091,-4.1581,10.1951,-24.4178,-0.0779,0.0134,-0.2357,4.69332,20.0,20.0,24.0,19.0,24.0,24.0,23.0,23.0,24.0,27.0,23.0,22.0,24.0,26.0,22.0,21.0,25.0,21.0,22.0,21.0,22.0,21.0,21.0,22.0,22.0,22.0,22.0,21.0,22.0,22.0,21.0,22.0,21.0,21.0,21.0,21.0,22.0,21.0,10.0,locate,4,4,2.7284
1787152308.5505,2026-08-19 17:11:48.550,10,c3,0,0,-0.03944,-0.49601,0.05091,-4.36,10.2294,-24.4783,-0.0756,0.007,-0.2324,4.68375,20.0,20.0,24.0,19.0,24.0,24.0,23.0,23.0,24.0,27.0,23.0,22.0,24.0,26.0,22.0,21.0,25.0,21.0,22.0,21.0,22.0,21.0,21.0,22.0,22.0,22.0,22.0,21.0,22.0,22.0,21.0,22.0,21.0,21.0,21.0,21.0,22.0,21.0,10.0,locate,4,4,2.8135
1787152308.6006,2026-08-19 17:11:48.600,10,c3,0,0,-0.03943,-0.49601,0.0509,-4.2348,9.8925,-24.4258,-0.0697,0.0119,-0.2275,4.69231,21.0,23.0,24.0,21.0,25.0,26.0,23.0,22.0,23.0,25.0,24.0,21.0,24.0,25.0,23.0,20.0,24.0,23.0,21.0,21.0,22.0,21.0,21.0,22.0,22.0,22.0,22.0,21.0,22.0,22.0,21.0,22.0,21.0,21.0,21.0,21.0,22.0,21.0,10.0,locate,4,4,2.7373
1787152308.6508,2026-08-19 17:11:48.650,10,c3,0,0,-0.03942,-0.49601,0.05091,-4.7164,10.2943,-24.5192,-0.0751,-0.0002,-0.2379,4.68576,20.0,22.0,22.0,21.0,24.0,25.0,24.0,22.0,24.0,26.0,23.0,22.0,24.0,27.0,23.0,20.0,26.0,22.0,22.0,21.0,22.0,21.0,21.0,22.0,22.0,22.0,22.0,21.0,22.0,22.0,21.0,22.0,21.0,21.0,21.0,21.0,22.0,21.0,10.0,locate,4,4,2.7956
1787152308.7009,2026-08-19 17:11:48.700,10,c3,0,0,-0.03943,-0.49601,0.05092,-4.5069,10.1897,-24.6653,-0.0744,0.0039,-0.2325,4.69785,20.0,22.0,22.0,21.0,24.0,25.0,24.0,22.0,24.0,26.0,23.0,22.0,24.0,27.0,23.0,20.0,26.0,22.0,22.0,21.0,22.0,21.0,21.0,22.0,22.0,22.0,22.0,21.0,22.0,22.0,21.0,22.0,21.0,21.0,21.0,21.0,22.0,21.0,10.0,locate,4,4,2.6881
1787152308.7509,2026-08-19 17:11:48.750,10,c3,0,0,-0.03944,-0.49601,0.05091,-4.2826,10.1367,-24.4757,-0.0719,0.0087,-0.2341,4.69508,21.0,22.0,25.0,20.0,24.0,25.0,22.0,21.0,24.0,25.0,23.0,18.0,24.0,25.0,22.0,18.0,23.0,22.0,19.0,21.0,22.0,21.0,21.0,22.0,22.0,22.0,22.0,21.0,22.0,22.0,21.0,22.0,21.0,21.0,21.0,21.0,22.0,21.0,10.0,locate,4,4,2.7127
1787152308.801,2026-08-19 17:11:48.801,10,c3,0,0,-0.03944,-0.496,0.0509,-4.0888,10.2597,-24.2967,-0.0795,0.0169,-0.2366,4.69533,21.0,22.0,25.0,20.0,24.0,25.0,22.0,21.0,24.0,25.0,23.0,18.0,24.0,25.0,22.0,18.0,23.0,22.0,19.0,21.0,22.0,21.0,21.0,22.0,22.0,22.0,22.0,21.0,22.0,22.0,21.0,22.0,21.0,21.0,21.0,21.0,22.0,21.0,10.0,locate,4,4,2.7105
1787152308.8513,2026-08-19 17:11:48.851,10,c3,0,0,-0.03944,-0.49601,0.05091,-4.3384,10.4605,-24.2839,-0.0817,0.0089,-0.2334,4.68803,17.0,23.0,24.0,17.0,25.0,26.0,23.0,20.0,24.0,26.0,23.0,20.0,23.0,25.0,22.0,19.0,23.0,23.0,21.0,21.0,22.0,21.0,21.0,22.0,22.0,22.0,22.0,21.0,22.0,22.0,21.0,22.0,21.0,21.0,21.0,21.0,22.0,21.0,10.0,locate,4,4,2.7754
1787152308.9013,2026-08-19 17:11:48.901,10,c3,0,0,-0.03945,-0.49601,0.05091,-4.3629,10.2624,-24.2612,-0.0761,0.0091,-0.2357,4.69583,20.0,22.0,24.0,19.0,24.0,26.0,23.0,19.0,24.0,27.0,24.0,19.0,24.0,26.0,24.0,18.0,24.0,24.0,20.0,21.0,22.0,21.0,21.0,22.0,22.0,22.0,22.0,21.0,22.0,22.0,21.0,22.0,21.0,21.0,21.0,21.0,22.0,21.0,10.0,locate,4,4,2.706
1787152308.9514,2026-08-19 17:11:48.951,10,c3,0,0,-0.03944,-0.49599,0.0509,-4.57,10.5394,-24.5545,-0.0829,0.0004,-0.2378,4.68979,20.0,22.0,24.0,19.0,24.0,26.0,23.0,19.0,24.0,27.0,24.0,19.0,24.0,26.0,24.0,18.0,24.0,24.0,20.0,21.0,22.0,21.0,21.0,22.0,22.0,22.0,22.0,21.0,22.0,22.0,21.0,22.0,21.0,21.0,21.0,21.0,22.0,21.0,10.0,locate,4,4,2.7597
1787152309.0016,2026-08-19 17:11:49.001,10,c3,0,0,-0.03944,-0.496,0.0509,-4.1475,10.0379,-24.2571,-0.0698,0.0149,-0.2369,4.69508,19.0,21.0,23.0,18.0,25.0,25.0,24.0,22.0,24.0,25.0,23.0,21.0,24.0,25.0,23.0,20.0,24.0,23.0,22.0,21.0,22.0,21.0,21.0,22.0,22.0,22.0,22.0,21.0,22.0,22.0,21.0,22.0,21.0,21.0,21.0,21.0,22.0,21.0,10.0,locate,4,4,2.7127
1787152309.0517,2026-08-19 17:11:49.051,10,c3,0,0,-0.03946,-0.496,0.0509,-4.806,10.7349,-24.3769,-0.0849,-0.0004,-0.2383,4.68375,19.0,21.0,23.0,18.0,25.0,25.0,24.0,22.0,24.0,25.0,23.0,21.0,24.0,25.0,23.0,20.0,24.0,23.0,22.0,21.0,22.0,21.0,21.0,22.0,22.0,22.0,22.0,21.0,22.0,22.0,21.0,22.0,21.0,21.0,21.0,21.0,22.0,21.0,10.0,locate,4,4,2.8135
1787152309.1018,2026-08-19 17:11:49.101,10,c3,0,0,-0.03944,-0.49601,0.05092,-4.2692,9.8261,-24.27,-0.0667,0.0106,-0.2299,4.69382,21.0,21.0,23.0,20.0,24.0,25.0,23.0,21.0,23.0,25.0,23.0,20.0,24.0,25.0,23.0,20.0,24.0,24.0,22.0,21.0,22.0,21.0,21.0,22.0,22.0,22.0,22.0,21.0,22.0,22.0,21.0,22.0,21.0,21.0,21.0,21.0,22.0,21.0,10.0,locate,4,4,2.7239
1787152309.1519,2026-08-19 17:11:49.151,10,c3,0,0,-0.03946,-0.49601,0.05091,-4.3,10.2573,-24.4042,-0.0739,0.0086,-0.2364,4.68652,18.0,23.0,23.0,19.0,24.0,25.0,23.0,23.0,25.0,26.0,24.0,21.0,24.0,27.0,23.0,20.0,25.0,24.0,20.0,21.0,22.0,21.0,21.0,22.0,22.0,22.0,22.0,21.0,22.0,22.0,21.0,22.0,21.0,21.0,21.0,21.0,22.0,21.0,10.0,locate,4,4,2.7889
1787152309.202,2026-08-19 17:11:49.202,10,c3,0,0,-0.03944,-0.496,0.0509,-4.2697,10.1827,-24.2815,-0.0712,0.0121,-0.2292,4.69458,18.0,23.0,23.0,19.0,24.0,25.0,23.0,23.0,25.0,26.0,24.0,21.0,24.0,27.0,23.0,20.0,25.0,24.0,20.0,21.0,22.0,21.0,21.0,22.0,22.0,22.0,22.0,21.0,22.0,22.0,21.0,22.0,21.0,21.0,21.0,21.0,22.0,21.0,10.0,locate,4,4,2.7172
1787152309.2521,2026-08-19 17:11:49.252,10,c3,0,0,-0.03946,-0.49601,0.05091,-4.6925,10.3357,-24.2669,-0.0799,0.001,-0.2354,4.68828,19.0,25.0,24.0,20.0,26.0,27.0,23.0,22.0,23.0,27.0,23.0,21.0,24.0,26.0,23.0,20.0,26.0,22.0,21.0,21.0,22.0,21.0,21.0,22.0,22.0,22.0,22.0,21.0,22.0,22.0,21.0,22.0,21.0,21.0,21.0,21.0,22.0,21.0,10.0,locate,4,4,2.7732
1787152309.3022,2026-08-19 17:11:49.302,10,c3,0,0,-0.03944,-0.496,0.0509,-4.5954,10.4503,-24.1667,-0.0784,0.0014,-0.2369,4.69407,19.0,25.0,24.0,20.0,26.0,27.0,23.0,22.0,23.0,27.0,23.0,21.0,24.0,26.0,23.0,20.0,26.0,22.0,21.0,21.0,22.0,21.0,21.0,22.0,22.0,22.0,22.0,21.0,22.0,22.0,21.0,22.0,21.0,21.0,21.0,21.0,22.0,21.0,10.0,locate,4,4,2.7217
1787152309.3523,2026-08-19 17:11:49.352,10,c3,0,0,-0.03946,-0.49601,0.05091,-4.2529,10.4419,-24.3391,-0.0795,0.0101,-0.2319,4.69105,20.0,21.0,22.0,22.0,23.0,25.0,23.0,22.0,22.0,26.0,23.0,22.0,22.0,25.0,23.0,20.0,24.0,22.0,22.0,21.0,22.0,21.0,21.0,22.0,22.0,22.0,22.0,21.0,22.0,22.0,21.0,22.0,21.0,21.0,21.0,21.0,22.0,21.0,10.0,locate,4,4,2.7485
1787152309.4024,2026-08-19 17:11:49.402,10,c3,0,0,-0.03944,-0.49601,0.05091,-4.2729,10.3323,-24.3843,-0.0769,0.0105,-0.2328,4.69684,20.0,21.0,22.0,22.0,23.0,25.0,23.0,22.0,22.0,26.0,23.0,22.0,22.0,25.0,23.0,20.0,24.0,22.0,22.0,21.0,22.0,21.0,21.0,22.0,22.0,22.0,22.0,21.0,22.0,22.0,21.0,22.0,21.0,21.0,21.0,21.0,22.0,21.0,10.0,locate,4,4,2.697
1787152309.4525,2026-08-19 17:11:49.452,10,c3,0,0,-0.03942,-0.49599,0.0509,-4.2848,10.2296,-24.459,-0.0773,0.0084,-0.2333,4.68879,21.0,20.0,24.0,20.0,23.0,26.0,23.0,23.0,24.0,25.0,23.0,22.0,22.0,24.0,23.0,21.0,23.0,23.0,23.0,21.0,22.0,21.0,21.0,22.0,22.0,22.0,22.0,21.0,22.0,22.0,21.0,22.0,21.0,21.0,21.0,21.0,22.0,21.0,10.0,locate,4,4,2.7687
1787152309.5027,2026-08-19 17:11:49.502,10,c3,0,0,-0.03943,-0.49599,0.05089,-4.294,10.3098,-24.3979,-0.0727,0.0078,-0.233,4.69709,20.0,21.0,22.0,20.0,23.0,24.0,21.0,22.0,23.0,27.0,21.0,22.0,23.0,25.0,21.0,20.0,23.0,21.0,21.0,21.0,22.0,21.0,21.0,22.0,22.0,22.0,22.0,21.0,22.0,22.0,21.0,22.0,21.0,21.0,21.0,21.0,22.0,21.0,10.0,locate,4,4,2.6948
1787152309.5528,2026-08-19 17:11:49.552,10,c3,0,0,-0.03945,-0.49601,0.05092,-4.5768,10.3061,-24.2363,-0.0721,0.0022,-0.2337,4.69231,20.0,21.0,22.0,20.0,23.0,24.0,21.0,22.0,23.0,27.0,21.0,22.0,23.0,25.0,21.0,20.0,23.0,21.0,21.0,21.0,22.0,21.0,21.0,22.0,22.0,22.0,22.0,21.0,22.0,22.0,21.0,22.0,21.0,21.0,21.0,21.0,22.0,21.0,10.0,locate,4,4,2.7373
1787152309.6029,2026-08-19 17:11:49.602,10,c3,0,0,-0.03944,-0.496,0.05091,-4.7756,10.6197,-24.3702,-0.0839,-0.0025,-0.2412,4.69155,19.0,21.0,23.0,21.0,23.0,25.0,19.0,24.0,22.0,27.0,23.0,23.0,22.0,25.0,23.0,22.0,25.0,22.0,22.0,21.0,22.0,21.0,21.0,22.0,22.0,22.0,22.0,21.0,22.0,22.0,21.0,22.0,21.0,21.0,21.0,21.0,22.0,21.0,10.0,locate,4,4,2.7441
1787152309.653,2026-08-19 17:11:49.653,10,c3,1,0,-0.03946,-0.49601,0.05092,-4.4451,10.7477,-24.2026,-0.0909,0.0101,-0.2379,4.68602,19.0,21.0,23.0,21.0,23.0,25.0,19.0,24.0,22.0,27.0,23.0,23.0,22.0,25.0,23.0,22.0,25.0,22.0,22.0,21.0,22.0,21.0,21.0,22.0,22.0,22.0,22.0,21.0,22.0,22.0,21.0,22.0,21.0,21.0,21.0,21.0,22.0,21.0,10.0,press,4,4,2.7933
1787152309.7031,2026-08-19 17:11:49.703,10,c3,1,0,-0.03945,-0.49601,0.0509,-4.5512,10.7816,-24.4683,-0.0881,0.0053,-0.2397,4.69508,21.0,21.0,23.0,21.0,23.0,25.0,24.0,21.0,23.0,25.0,22.0,20.0,24.0,24.0,21.0,19.0,23.0,22.0,20.0,21.0,22.0,21.0,21.0,22.0,22.0,22.0,22.0,21.0,22.0,22.0,21.0,22.0,21.0,21.0,21.0,21.0,22.0,21.0,10.0,press,4,4,2.7127
1787152309.7532,2026-08-19 17:11:49.753,10,c3,1,0,-0.03944,-0.49603,0.05091,-4.6956,10.2423,-24.1981,-0.0755,0.0,-0.2358,4.68954,19.0,22.0,23.0,19.0,24.0,23.0,21.0,22.0,24.0,26.0,22.0,21.0,23.0,25.0,22.0,20.0,23.0,22.0,20.0,21.0,22.0,21.0,21.0,22.0,22.0,22.0,22.0,21.0,22.0,22.0,21.0,22.0,21.0,21.0,21.0,21.0,22.0,21.0,10.0,press,4,4,2.762
1787152309.8032,2026-08-19 17:11:49.803,10,c3,1,0,-0.03944,-0.49603,0.05084,-4.2694,10.1829,-24.2262,-0.0731,0.0104,-0.2289,4.69181,19.0,22.0,23.0,19.0,24.0,23.0,21.0,22.0,24.0,26.0,22.0,21.0,23.0,25.0,22.0,20.0,23.0,22.0,20.0,21.0,22.0,21.0,21.0,22.0,22.0,22.0,22.0,21.0,22.0,22.0,21.0,22.0,21.0,21.0,21.0,21.0,22.0,21.0,10.0,press,4,4,2.7418
1787152309.8534,2026-08-19 17:11:49.853,10,c3,1,0,-0.03944,-0.49604,0.0507,-4.9088,10.8632,-24.0459,-0.092,-0.0049,-0.2393,4.69659,20.0,20.0,23.0,20.0,24.0,25.0,22.0,23.0,23.0,24.0,22.0,22.0,24.0,25.0,22.0,22.0,23.0,22.0,22.0,21.0,22.0,21.0,21.0,22.0,22.0,22.0,22.0,21.0,22.0,22.0,21.0,22.0,21.0,21.0,21.0,21.0,22.0,21.0,10.0,press,4,4,2.6993
1787152309.9035,2026-08-19 17:11:49.903,10,c3,1,0,-0.03945,-0.49601,0.05052,-4.1406,10.3498,-24.2773,-0.0799,0.0163,-0.2339,4.69004,20.0,20.0,23.0,20.0,24.0,25.0,22.0,23.0,23.0,24.0,22.0,22.0,24.0,25.0,22.0,22.0,23.0,22.0,22.0,21.0,22.0,21.0,21.0,22.0,22.0,22.0,22.0,21.0,22.0,22.0,21.0,22.0,21.0,21.0,21.0,21.0,22.0,21.0,10.0,press,4,4,2.7575
1787152309.9536,2026-08-19 17:11:49.953,10,c3,1,0,-0.03945,-0.49602,0.05033,-4.6375,10.3146,-24.1953,-0.0802,0.0007,-0.2366,4.6908,22.0,21.0,22.0,21.0,23.0,25.0,22.0,21.0,25.0,26.0,24.0,21.0,23.0,26.0,23.0,22.0,24.0,22.0,22.0,21.0,22.0,21.0,21.0,22.0,22.0,22.0,22.0,21.0,22.0,22.0,21.0,22.0,21.0,21.0,21.0,21.0,22.0,21.0,10.0,press,4,4,2.7508
1787152310.0037,2026-08-19 17:11:50.003,10,c3,1,0,-0.03945,-0.49604,0.05011,-4.3608,10.6885,-24.1746,-0.0915,0.0118,-0.2333,4.69986,21.0,21.0,23.0,20.0,26.0,25.0,24.0,21.0,22.0,24.0,23.0,22.0,24.0,24.0,22.0,20.0,23.0,22.0,21.0,21.0,22.0,21.0,21.0,22.0,22.0,22.0,22.0,21.0,22.0,22.0,21.0,22.0,21.0,21.0,21.0,21.0,22.0,21.0,10.0,press,4,4,2.6701
1787152310.0538,2026-08-19 17:11:50.053,10,c3,1,0,-0.03947,-0.49605,0.04987,-4.3782,9.9257,-24.2446,-0.0699,0.0113,-0.2331,4.69206,21.0,21.0,23.0,20.0,26.0,25.0,24.0,21.0,22.0,24.0,23.0,22.0,24.0,24.0,22.0,20.0,23.0,22.0,21.0,21.0,22.0,21.0,21.0,22.0,22.0,22.0,22.0,21.0,22.0,22.0,21.0,22.0,21.0,21.0,21.0,21.0,22.0,21.0,10.0,press,4,4,2.7396
1787152310.1038,2026-08-19 17:11:50.103,10,c3,1,0,-0.03947,-0.49606,0.04959,-4.3788,10.222,-24.0576,-0.0771,0.0072,-0.2359,4.69583,21.0,22.0,23.0,20.0,23.0,25.0,23.0,20.0,23.0,25.0,23.0,20.0,24.0,25.0,23.0,19.0,24.0,23.0,20.0,21.0,22.0,21.0,21.0,22.0,22.0,22.0,22.0,21.0,22.0,22.0,21.0,22.0,21.0,21.0,21.0,21.0,22.0,21.0,10.0,press,4,4,2.706
1787152310.1539,2026-08-19 17:11:50.153,10,c3,1,0,-0.03946,-0.49606,0.04929,-4.4913,10.6204,-24.2645,-0.0854,0.0067,-0.2366,4.68929,21.0,22.0,23.0,20.0,23.0,25.0,23.0,20.0,23.0,25.0,23.0,20.0,24.0,25.0,23.0,19.0,24.0,23.0,20.0,21.0,22.0,21.0,21.0,22.0,22.0,22.0,22.0,21.0,22.0,22.0,21.0,22.0,21.0,21.0,21.0,21.0,22.0,21.0,10.0,press,4,4,2.7642
1787152310.204,2026-08-19 17:11:50.203,10,c3,1,0,-0.03944,-0.49601,0.04892,-4.2264,10.1145,-24.4049,-0.0748,0.0119,-0.2384,4.69332,19.0,22.0,23.0,19.0,24.0,25.0,23.0,21.0,23.0,27.0,21.0,21.0,22.0,25.0,21.0,19.0,24.0,22.0,21.0,21.0,22.0,21.0,21.0,22.0,22.0,22.0,22.0,21.0,22.0,22.0,21.0,22.0,21.0,21.0,21.0,21.0,22.0,21.0,10.0,press,4,4,2.7284
1787152310.2542,2026-08-19 17:11:50.254,10,c3,1,0,-0.03944,-0.49602,0.04858,-4.3498,10.3482,-24.5409,-0.077,0.0077,-0.2307,4.6908,19.0,20.0,23.0,20.0,23.0,25.0,21.0,21.0,24.0,28.0,22.0,21.0,23.0,26.0,23.0,19.0,25.0,23.0,21.0,21.0,22.0,21.0,21.0,22.0,22.0,22.0,22.0,21.0,22.0,22.0,21.0,22.0,21.0,21.0,21.0,21.0,22.0,21.0,10.0,press,4,4,2.7508
1787152310.3043,2026-08-19 17:11:50.304,10,c3,1,0,-0.03946,-0.49603,0.04824,-4.6086,10.5104,-24.4912,-0.0811,-0.0007,-0.2395,4.68602,19.0,20.0,23.0,20.0,23.0,25.0,21.0,21.0,24.0,28.0,22.0,21.0,23.0,26.0,23.0,19.0,25.0,23.0,21.0,21.0,22.0,21.0,21.0,22.0,22.0,22.0,22.0,21.0,22.0,22.0,21.0,22.0,21.0,21.0,21.0,21.0,22.0,21.0,10.0,press,4,4,2.7933
1787152310.3545,2026-08-19 17:11:50.354,10,c3,1,0,-0.03944,-0.49604,0.04794,-4.4841,10.1499,-24.478,-0.0733,0.0062,-0.2318,4.6981,18.0,24.0,24.0,19.0,24.0,27.0,23.0,21.0,23.0,27.0,23.0,22.0,23.0,26.0,23.0,19.0,24.0,23.0,20.0,21.0,22.0,21.0,21.0,22.0,22.0,22.0,22.0,21.0,22.0,22.0,21.0,22.0,21.0,21.0,21.0,21.0,22.0,21.0,10.0,press,4,4,2.6858
1787152310.4045,2026-08-19 17:11:50.404,10,c3,1,0,-0.03946,-0.49602,0.04759,-4.2938,10.2634,-24.6254,-0.0772,0.0113,-0.2362,4.69483,18.0,24.0,24.0,19.0,24.0,27.0,23.0,21.0,23.0,27.0,23.0,22.0,23.0,26.0,23.0,19.0,24.0,23.0,20.0,21.0,22.0,21.0,21.0,22.0,22.0,22.0,22.0,21.0,22.0,22.0,21.0,22.0,21.0,21.0,21.0,21.0,22.0,21.0,10.0,press,4,4,2.7149
1787152310.4547,2026-08-19 17:11:50.454,10,c3,1,0,-0.03943,-0.49603,0.04729,-4.3821,10.0924,-24.3739,-0.0726,0.0074,-0.2314,4.70162,20.0,23.0,24.0,20.0,25.0,26.0,23.0,24.0,26.0,27.0,25.0,24.0,24.0,25.0,24.0,22.0,24.0,24.0,23.0,21.0,22.0,21.0,21.0,22.0,22.0,22.0,22.0,21.0,22.0,22.0,21.0,22.0,21.0,21.0,21.0,21.0,22.0,21.0,10.0,press,4,4,2.6545
1787152310.5048,2026-08-19 17:11:50.504,10,c3,1,0,-0.03946,-0.49603,0.04695,-4.1551,10.0336,-24.2044,-0.0709,0.0181,-0.2312,4.68753,20.0,23.0,24.0,20.0,25.0,26.0,23.0,24.0,26.0,27.0,25.0,24.0,24.0,25.0,24.0,22.0,24.0,24.0,23.0,21.0,22.0,21.0,21.0,22.0,22.0,22.0,22.0,21.0,22.0,22.0,21.0,22.0,21.0,21.0,21.0,21.0,22.0,21.0,10.0,press,4,4,2.7799
1787152310.5549,2026-08-19 17:11:50.554,10,c3,1,0,-0.03944,-0.496,0.04658,-4.4954,10.6338,-24.3415,-0.0838,0.004,-0.2307,4.69231,21.0,23.0,23.0,22.0,26.0,25.0,24.0,24.0,23.0,28.0,23.0,24.0,24.0,27.0,23.0,22.0,25.0,23.0,22.0,21.0,22.0,21.0,21.0,22.0,22.0,22.0,22.0,21.0,22.0,22.0,21.0,22.0,21.0,21.0,21.0,21.0,22.0,21.0,10.0,press,4,4,2.7373
1787152310.605,2026-08-19 17:11:50.605,10,c3,1,0,-0.03943,-0.49602,0.04626,-4.4656,10.1037,-24.4109,-0.0691,0.0086,-0.2289,4.6908,22.0,22.0,24.0,23.0,25.0,27.0,23.0,24.0,27.0,29.0,24.0,23.0,26.0,26.0,23.0,22.0,23.0,23.0,21.0,21.0,22.0,21.0,21.0,22.0,22.0,22.0,22.0,21.0,22.0,22.0,21.0,22.0,21.0,21.0,21.0,21.0,22.0,21.0,10.0,press,4,4,2.7508
1787152310.6551,2026-08-19 17:11:50.655,10,c3,1,0,-0.03945,-0.49601,0.04591,-4.2538,10.0843,-24.4641,-0.0731,0.0112,-0.2295,4.69256,22.0,22.0,24.0,23.0,25.0,27.0,23.0,24.0,27.0,29.0,24.0,23.0,26.0,26.0,23.0,22.0,23.0,23.0,21.0,21.0,22.0,21.0,21.0,22.0,22.0,22.0,22.0,21.0,22.0,22.0,21.0,22.0,21.0,21.0,21.0,21.0,22.0,21.0,10.0,press,4,4,2.7351
1787152310.7052,2026-08-19 17:11:50.705,10,c3,1,0,-0.03944,-0.49603,0.0456,-4.2193,10.1469,-24.5207,-0.0711,0.0112,-0.2384,4.6699,22.0,26.0,25.0,23.0,27.0,26.0,22.0,24.0,24.0,29.0,22.0,24.0,24.0,27.0,22.0,24.0,25.0,22.0,24.0,21.0,22.0,21.0,21.0,22.0,22.0,22.0,22.0,21.0,22.0,22.0,21.0,22.0,21.0,21.0,21.0,21.0,22.0,21.0,10.0,press,4,4,2.9367
1787152310.7553,2026-08-19 17:11:50.755,10,c3,1,0,-0.03945,-0.49603,0.04527,-4.0958,10.1355,-24.3316,-0.0717,0.0136,-0.2331,4.64825,22.0,26.0,25.0,23.0,27.0,26.0,22.0,24.0,24.0,29.0,22.0,24.0,24.0,27.0,22.0,24.0,25.0,22.0,24.0,21.0,22.0,21.0,21.0,22.0,22.0,22.0,22.0,21.0,22.0,22.0,21.0,22.0,21.0,21.0,21.0,21.0,22.0,21.0,10.0,press,4,4,3.1293
1787152310.8055,2026-08-19 17:11:50.805,10,c3,1,0,-0.03944,-0.49603,0.04493,-4.041,10.2249,-24.2836,-0.0754,0.0181,-0.2356,4.61149,23.0,22.0,25.0,22.0,23.0,27.0,23.0,23.0,25.0,29.0,23.0,21.0,24.0,27.0,23.0,21.0,25.0,22.0,22.0,21.0,22.0,21.0,21.0,22.0,22.0,22.0,22.0,21.0,22.0,22.0,21.0,22.0,21.0,21.0,21.0,21.0,22.0,21.0,10.0,press,4,4,3.4564
1787152310.8556,2026-08-19 17:11:50.855,10,c3,1,0,-0.03945,-0.49602,0.0446,-4.319,10.3933,-24.1571,-0.0789,0.0095,-0.2407,4.58027,20.0,22.0,24.0,20.0,25.0,26.0,23.0,25.0,25.0,29.0,23.0,23.0,24.0,27.0,23.0,22.0,24.0,23.0,23.0,21.0,22.0,21.0,21.0,22.0,22.0,22.0,22.0,21.0,22.0,22.0,21.0,22.0,21.0,21.0,21.0,21.0,22.0,21.0,10.0,press,4,4,3.7341
1787152310.9057,2026-08-19 17:11:50.905,10,c3,1,0,-0.03945,-0.49601,0.04426,-4.117,10.0475,-23.8951,-0.0724,0.0151,-0.2368,4.55711,20.0,22.0,24.0,20.0,25.0,26.0,23.0,25.0,25.0,29.0,23.0,23.0,24.0,27.0,23.0,22.0,24.0,23.0,23.0,21.0,22.0,21.0,21.0,22.0,22.0,22.0,22.0,21.0,22.0,22.0,21.0,22.0,21.0,21.0,21.0,21.0,22.0,21.0,10.0,press,4,4,3.9402
1787152310.9559,2026-08-19 17:11:50.955,10,c3,1,0,-0.03946,-0.49602,0.04394,-4.5873,10.6835,-23.6972,-0.0839,0.0036,-0.2384,4.54074,22.0,22.0,24.0,22.0,26.0,27.0,23.0,24.0,27.0,30.0,24.0,22.0,24.0,29.0,24.0,21.0,25.0,23.0,23.0,21.0,22.0,21.0,21.0,22.0,22.0,22.0,22.0,21.0,22.0,22.0,21.0,22.0,21.0,21.0,21.0,21.0,22.0,21.0,10.0,press,4,4,4.0858
1787152311.006,2026-08-19 17:11:51.006,10,c3,1,0,-0.03944,-0.49603,0.04361,-4.8232,10.6578,-23.5139,-0.0812,0.0004,-0.2365,4.48787,22.0,22.0,24.0,22.0,26.0,27.0,23.0,24.0,27.0,30.0,24.0,22.0,24.0,29.0,24.0,21.0,25.0,23.0,23.0,21.0,22.0,21.0,21.0,22.0,22.0,22.0,22.0,21.0,22.0,22.0,21.0,22.0,21.0,21.0,21.0,21.0,22.0,21.0,10.0,press,4,4,4.5561
1787152311.0561,2026-08-19 17:11:51.056,10,c3,1,0,-0.03946,-0.49604,0.04328,-4.8047,10.4996,-23.2247,-0.0735,0.002,-0.2381,4.42014,23.0,21.0,24.0,23.0,25.0,26.0,23.0,23.0,25.0,30.0,24.0,20.0,24.0,30.0,23.0,20.0,26.0,24.0,22.0,21.0,22.0,21.0,21.0,22.0,22.0,22.0,22.0,21.0,22.0,22.0,21.0,22.0,21.0,21.0,21.0,21.0,22.0,21.0,10.0,press,4,4,5.1587
1787152311.1062,2026-08-19 17:11:51.106,10,c3,1,0,-0.03943,-0.49604,0.04294,-4.62,10.1548,-22.8377,-0.0703,0.0061,-0.2356,4.33479,21.0,22.0,21.0,21.0,26.0,27.0,23.0,22.0,30.0,31.0,24.0,19.0,26.0,29.0,24.0,19.0,25.0,24.0,22.0,21.0,22.0,21.0,21.0,22.0,22.0,22.0,22.0,21.0,22.0,22.0,21.0,22.0,21.0,21.0,21.0,21.0,22.0,21.0,10.0,press,4,4,5.918
1787152311.1563,2026-08-19 17:11:51.156,10,c3,1,0,-0.03946,-0.49604,0.04263,-4.5981,10.4406,-22.5858,-0.0755,0.0066,-0.2364,4.258,21.0,22.0,21.0,21.0,26.0,27.0,23.0,22.0,30.0,31.0,24.0,19.0,26.0,29.0,24.0,19.0,25.0,24.0,22.0,21.0,22.0,21.0,21.0,22.0,22.0,22.0,22.0,21.0,22.0,22.0,21.0,22.0,21.0,21.0,21.0,21.0,22.0,21.0,10.0,press,4,4,6.6012
1787152311.2064,2026-08-19 17:11:51.206,10,c3,1,0,-0.03944,-0.49606,0.04233,-4.7758,10.4002,-22.508,-0.0727,0.0062,-0.2372,4.16308,21.0,25.0,21.0,21.0,28.0,26.0,24.0,23.0,29.0,31.0,23.0,20.0,27.0,32.0,23.0,20.0,26.0,23.0,21.0,21.0,22.0,21.0,21.0,22.0,22.0,22.0,22.0,21.0,22.0,22.0,21.0,22.0,21.0,21.0,21.0,21.0,22.0,21.0,10.0,press,4,4,7.4456
1787152311.2565,2026-08-19 17:11:51.256,10,c3,1,0,-0.03946,-0.49605,0.04205,-4.4396,9.9656,-22.0704,-0.0646,0.0137,-0.2367,4.08906,21.0,25.0,21.0,21.0,28.0,26.0,24.0,23.0,29.0,31.0,23.0,20.0,27.0,32.0,23.0,20.0,26.0,23.0,21.0,21.0,22.0,21.0,21.0,22.0,22.0,22.0,22.0,21.0,22.0,22.0,21.0,22.0,21.0,21.0,21.0,21.0,22.0,21.0,10.0,press,4,4,8.1041
1787152311.3067,2026-08-19 17:11:51.306,10,c3,1,0,-0.03945,-0.49603,0.04177,-4.7054,10.4623,-21.6908,-0.0735,0.008,-0.2382,3.99112,22.0,24.0,20.0,21.0,30.0,27.0,23.0,24.0,28.0,31.0,23.0,21.0,26.0,34.0,23.0,20.0,26.0,23.0,22.0,21.0,22.0,21.0,21.0,22.0,22.0,22.0,22.0,21.0,22.0,22.0,21.0,22.0,21.0,21.0,21.0,21.0,22.0,21.0,10.0,press,4,4,8.9754
1787152311.3568,2026-08-19 17:11:51.356,10,c3,1,0,-0.03944,-0.49599,0.04152,-4.7896,10.519,-21.2723,-0.0723,0.0095,-0.2388,3.91483,22.0,23.0,21.0,22.0,29.0,28.0,23.0,25.0,30.0,31.0,23.0,22.0,28.0,35.0,23.0,21.0,28.0,22.0,24.0,21.0,22.0,21.0,21.0,22.0,22.0,22.0,22.0,21.0,22.0,22.0,21.0,22.0,21.0,21.0,21.0,21.0,22.0,21.0,10.0,press,4,4,9.6541
1787152311.4069,2026-08-19 17:11:51.406,10,c3,1,0,-0.03942,-0.49601,0.04137,-4.7051,10.2513,-21.0567,-0.0662,0.0102,-0.2316,3.86473,22.0,23.0,21.0,22.0,29.0,28.0,23.0,25.0,30.0,31.0,23.0,22.0,28.0,35.0,23.0,21.0,28.0,22.0,24.0,21.0,22.0,21.0,21.0,22.0,22.0,22.0,22.0,21.0,22.0,22.0,21.0,22.0,21.0,21.0,21.0,21.0,22.0,21.0,10.0,press,4,4,10.0999
1787152311.457,2026-08-19 17:11:51.456,10,c3,1,0,-0.03944,-0.49601,0.04123,-4.5703,10.4569,-20.9937,-0.0732,0.0145,-0.2392,3.82293,23.0,23.0,22.0,22.0,31.0,30.0,23.0,23.0,31.0,31.0,24.0,19.0,28.0,34.0,23.0,21.0,26.0,23.0,23.0,21.0,22.0,21.0,21.0,22.0,22.0,22.0,22.0,21.0,22.0,22.0,21.0,22.0,21.0,21.0,21.0,21.0,22.0,21.0,10.0,press,4,4,10.4717
1787152311.5071,2026-08-19 17:11:51.507,10,c3,1,0,-0.03944,-0.49603,0.04112,-4.6672,10.2503,-21.0229,-0.0677,0.0115,-0.2335,3.76905,23.0,23.0,22.0,22.0,31.0,30.0,23.0,23.0,31.0,31.0,24.0,19.0,28.0,34.0,23.0,21.0,26.0,23.0,23.0,21.0,22.0,21.0,21.0,22.0,22.0,22.0,22.0,21.0,22.0,22.0,21.0,22.0,21.0,21.0,21.0,21.0,22.0,21.0,10.0,press,4,4,10.951
1787152311.5572,2026-08-19 17:11:51.557,10,c3,1,0,-0.03946,-0.49601,0.04103,-4.5291,10.1841,-20.6736,-0.0679,0.0176,-0.2327,3.74363,22.0,24.0,20.0,20.0,32.0,29.0,21.0,25.0,31.0,34.0,23.0,21.0,28.0,37.0,22.0,21.0,27.0,23.0,22.0,21.0,22.0,21.0,21.0,22.0,22.0,22.0,22.0,21.0,22.0,22.0,21.0,22.0,21.0,21.0,21.0,21.0,22.0,21.0,10.0,press,4,4,11.1773
1787152311.6073,2026-08-19 17:11:51.607,10,c3,1,0,-0.03945,-0.49602,0.04099,-4.7948,10.1418,-20.9132,-0.064,0.0086,-0.2385,3.72701,22.0,24.0,20.0,20.0,32.0,29.0,21.0,25.0,31.0,34.0,23.0,21.0,28.0,37.0,22.0,21.0,27.0,23.0,22.0,21.0,22.0,21.0,21.0,22.0,22.0,22.0,22.0,21.0,22.0,22.0,21.0,22.0,21.0,21.0,21.0,21.0,22.0,21.0,10.0,press,4,4,11.3251
1787152311.6575,2026-08-19 17:11:51.657,10,c3,1,0,-0.03945,-0.49602,0.04097,-4.6294,10.7122,-20.8592,-0.079,0.0144,-0.2384,3.73003,21.0,24.0,22.0,22.0,32.0,32.0,23.0,26.0,32.0,34.0,22.0,22.0,27.0,38.0,24.0,22.0,26.0,23.0,23.0,21.0,22.0,21.0,21.0,22.0,22.0,22.0,22.0,21.0,22.0,22.0,21.0,22.0,21.0,21.0,21.0,21.0,22.0,21.0,10.0,hold,4,4,11.2982
1787152311.7075,2026-08-19 17:11:51.707,10,c3,1,0,-0.03944,-0.49601,0.04094,-4.8141,10.7956,-20.6624,-0.0807,0.0066,-0.2335,3.72348,24.0,25.0,21.0,24.0,33.0,32.0,23.0,23.0,32.0,33.0,24.0,20.0,29.0,38.0,22.0,20.0,28.0,22.0,22.0,21.0,22.0,21.0,21.0,22.0,22.0,22.0,22.0,21.0,22.0,22.0,21.0,22.0,21.0,21.0,21.0,21.0,22.0,21.0,10.0,hold,4,4,11.3565
1787152311.7577,2026-08-19 17:11:51.757,10,c3,1,0,-0.03945,-0.49602,0.04092,-4.6159,10.5485,-20.6139,-0.07,0.0138,-0.2355,3.71014,24.0,25.0,21.0,24.0,33.0,32.0,23.0,23.0,32.0,33.0,24.0,20.0,29.0,38.0,22.0,20.0,28.0,22.0,22.0,21.0,22.0,21.0,21.0,22.0,22.0,22.0,22.0,21.0,22.0,22.0,21.0,22.0,21.0,21.0,21.0,21.0,22.0,21.0,10.0,hold,4,4,11.4752
1787152311.8078,2026-08-19 17:11:51.807,10,c3,1,0,-0.03943,-0.496,0.04091,-4.3279,10.0047,-20.8053,-0.0637,0.0186,-0.2275,3.71467,21.0,23.0,21.0,20.0,32.0,32.0,22.0,27.0,32.0,34.0,22.0,23.0,29.0,38.0,23.0,22.0,27.0,23.0,25.0,21.0,22.0,21.0,21.0,22.0,22.0,22.0,22.0,21.0,22.0,22.0,21.0,22.0,21.0,21.0,21.0,21.0,22.0,21.0,10.0,hold,4,4,11.4349
1787152311.8579,2026-08-19 17:11:51.857,10,c3,1,0,-0.03945,-0.49601,0.04091,-4.5223,10.3619,-20.6346,-0.0713,0.0156,-0.2316,3.71744,21.0,23.0,21.0,20.0,32.0,32.0,22.0,27.0,32.0,34.0,22.0,23.0,29.0,38.0,23.0,22.0,27.0,23.0,25.0,21.0,22.0,21.0,21.0,22.0,22.0,22.0,22.0,21.0,22.0,22.0,21.0,22.0,21.0,21.0,21.0,21.0,22.0,21.0,10.0,hold,4,4,11.4102
1787152311.908,2026-08-19 17:11:51.907,10,c3,1,0,-0.03946,-0.496,0.0409,-4.3561,10.3299,-20.8051,-0.0696,0.017,-0.2359,3.71744,25.0,23.0,21.0,25.0,31.0,32.0,23.0,25.0,33.0,34.0,23.0,21.0,28.0,38.0,23.0,22.0,28.0,24.0,23.0,21.0,22.0,21.0,21.0,22.0,22.0,22.0,22.0,21.0,22.0,22.0,21.0,22.0,21.0,21.0,21.0,21.0,22.0,21.0,10.0,hold,4,4,11.4102
1787152311.9581,2026-08-19 17:11:51.958,10,c3,1,0,-0.03946,-0.49601,0.04092,-4.5567,10.4165,-20.5947,-0.0692,0.0129,-0.2347,3.72172,22.0,23.0,22.0,22.0,33.0,33.0,24.0,25.0,32.0,34.0,25.0,21.0,29.0,37.0,23.0,22.0,26.0,24.0,23.0,21.0,22.0,21.0,21.0,22.0,22.0,22.0,22.0,21.0,22.0,22.0,21.0,22.0,21.0,21.0,21.0,21.0,22.0,21.0,10.0,hold,4,4,11.3721
1787152312.0082,2026-08-19 17:11:52.008,10,c3,1,0,-0.03945,-0.49601,0.04091,-4.341,10.4353,-20.6428,-0.0684,0.018,-0.2333,3.73154,22.0,23.0,22.0,22.0,33.0,33.0,24.0,25.0,32.0,34.0,25.0,21.0,29.0,37.0,23.0,22.0,26.0,24.0,23.0,21.0,22.0,21.0,21.0,22.0,22.0,22.0,22.0,21.0,22.0,22.0,21.0,22.0,21.0,21.0,21.0,21.0,22.0,21.0,10.0,hold,4,4,11.2848
1787152312.0583,2026-08-19 17:11:52.058,10,c3,1,0,-0.03945,-0.49601,0.0409,-4.5446,10.1289,-20.6716,-0.0648,0.0158,-0.234,3.72323,22.0,23.0,22.0,23.0,31.0,31.0,24.0,24.0,32.0,35.0,23.0,20.0,28.0,38.0,23.0,20.0,28.0,24.0,23.0,21.0,22.0,21.0,21.0,22.0,22.0,22.0,22.0,21.0,22.0,22.0,21.0,22.0,21.0,21.0,21.0,21.0,22.0,21.0,10.0,hold,4,4,11.3587
1787152312.1084,2026-08-19 17:11:52.108,10,c3,1,0,-0.03944,-0.496,0.04091,-4.8219,10.3768,-20.6559,-0.0715,0.009,-0.2367,3.73356,22.0,23.0,22.0,23.0,31.0,31.0,24.0,24.0,32.0,35.0,23.0,20.0,28.0,38.0,23.0,20.0,28.0,24.0,23.0,21.0,22.0,21.0,21.0,22.0,22.0,22.0,22.0,21.0,22.0,22.0,21.0,22.0,21.0,21.0,21.0,21.0,22.0,21.0,10.0,hold,4,4,11.2669
1787152312.1587,2026-08-19 17:11:52.158,10,c3,1,0,-0.03945,-0.49601,0.04091,-4.6394,10.3817,-20.8751,-0.0737,0.0136,-0.2314,3.73381,22.0,24.0,22.0,22.0,32.0,33.0,23.0,26.0,31.0,33.0,24.0,24.0,29.0,38.0,24.0,22.0,27.0,22.0,25.0,21.0,22.0,21.0,21.0,22.0,22.0,22.0,22.0,21.0,22.0,22.0,21.0,22.0,21.0,21.0,21.0,21.0,22.0,21.0,10.0,hold,4,4,11.2646
1787152312.2088,2026-08-19 17:11:52.208,10,c3,1,0,-0.03944,-0.49601,0.04091,-4.7137,10.2255,-20.8529,-0.0662,0.0139,-0.2336,3.73632,25.0,23.0,21.0,25.0,33.0,31.0,24.0,25.0,33.0,33.0,23.0,21.0,29.0,37.0,23.0,21.0,27.0,23.0,23.0,21.0,22.0,21.0,21.0,22.0,22.0,22.0,22.0,21.0,22.0,22.0,21.0,22.0,21.0,21.0,21.0,21.0,22.0,21.0,10.0,hold,4,4,11.2422
1787152312.2589,2026-08-19 17:11:52.258,10,c3,1,0,-0.03944,-0.49601,0.0409,-4.9138,10.2977,-20.8252,-0.0671,0.008,-0.2388,3.72147,25.0,23.0,21.0,25.0,33.0,31.0,24.0,25.0,33.0,33.0,23.0,21.0,29.0,37.0,23.0,21.0,27.0,23.0,23.0,21.0,22.0,21.0,21.0,22.0,22.0,22.0,22.0,21.0,22.0,22.0,21.0,22.0,21.0,21.0,21.0,21.0,22.0,21.0,10.0,hold,4,4,11.3744
1787152312.309,2026-08-19 17:11:52.309,10,c3,1,0,-0.03945,-0.49602,0.04092,-4.5044,10.6542,-20.745,-0.0765,0.0184,-0.2299,3.73607,22.0,25.0,22.0,22.0,35.0,33.0,23.0,25.0,31.0,33.0,23.0,22.0,28.0,38.0,22.0,23.0,27.0,21.0,24.0,21.0,22.0,21.0,21.0,22.0,22.0,22.0,22.0,21.0,22.0,22.0,21.0,22.0,21.0,21.0,21.0,21.0,22.0,21.0,10.0,hold,4,4,11.2445
1787152312.3591,2026-08-19 17:11:52.359,10,c3,1,0,-0.03943,-0.49601,0.04091,-4.7444,10.3171,-20.7133,-0.0696,0.0106,-0.2306,3.73884,22.0,25.0,22.0,22.0,35.0,33.0,23.0,25.0,31.0,33.0,23.0,22.0,28.0,38.0,22.0,23.0,27.0,21.0,24.0,21.0,22.0,21.0,21.0,22.0,22.0,22.0,22.0,21.0,22.0,22.0,21.0,22.0,21.0,21.0,21.0,21.0,22.0,21.0,10.0,hold,4,4,11.2198
1787152312.4093,2026-08-19 17:11:52.409,10,c3,1,0,-0.03946,-0.496,0.0409,-4.7652,10.6316,-20.7499,-0.0757,0.0093,-0.2378,3.73104,22.0,25.0,22.0,23.0,31.0,33.0,23.0,26.0,32.0,34.0,25.0,23.0,27.0,38.0,23.0,22.0,28.0,23.0,25.0,21.0,22.0,21.0,21.0,22.0,22.0,22.0,22.0,21.0,22.0,22.0,21.0,22.0,21.0,21.0,21.0,21.0,22.0,21.0,10.0,hold,4,4,11.2892
1787152312.4595,2026-08-19 17:11:52.459,10,c3,1,0,-0.03946,-0.49602,0.04093,-4.655,10.6906,-20.624,-0.0807,0.0124,-0.2329,3.73884,24.0,23.0,22.0,24.0,31.0,34.0,25.0,26.0,32.0,34.0,23.0,23.0,27.0,38.0,23.0,21.0,27.0,22.0,25.0,21.0,22.0,21.0,21.0,22.0,22.0,22.0,22.0,21.0,22.0,22.0,21.0,22.0,21.0,21.0,21.0,21.0,22.0,21.0,10.0,hold,4,4,11.2198
1787152312.5096,2026-08-19 17:11:52.509,10,c3,1,0,-0.03944,-0.49601,0.04091,-4.6604,10.5433,-20.5284,-0.0727,0.0121,-0.2372,3.73758,24.0,23.0,22.0,24.0,31.0,34.0,25.0,26.0,32.0,34.0,23.0,23.0,27.0,38.0,23.0,21.0,27.0,22.0,25.0,21.0,22.0,21.0,21.0,22.0,22.0,22.0,22.0,21.0,22.0,22.0,21.0,22.0,21.0,21.0,21.0,21.0,22.0,21.0,10.0,hold,4,4,11.231
1787152312.5597,2026-08-19 17:11:52.559,10,c3,1,0,-0.03943,-0.49601,0.0409,-4.9025,10.4842,-20.5175,-0.0734,0.0069,-0.2399,3.73356,22.0,23.0,22.0,23.0,32.0,33.0,23.0,25.0,32.0,35.0,24.0,23.0,29.0,37.0,23.0,21.0,28.0,24.0,23.0,21.0,22.0,21.0,21.0,22.0,22.0,22.0,22.0,21.0,22.0,22.0,21.0,22.0,21.0,21.0,21.0,21.0,22.0,21.0,10.0,hold,4,4,11.2669
1787152312.6098,2026-08-19 17:11:52.609,10,c3,1,0,-0.03946,-0.49602,0.04092,-4.5863,10.4411,-20.7502,-0.072,0.0152,-0.2325,3.74161,22.0,23.0,22.0,23.0,32.0,33.0,23.0,25.0,32.0,35.0,24.0,23.0,29.0,37.0,23.0,21.0,28.0,24.0,23.0,21.0,22.0,21.0,21.0,22.0,22.0,22.0,22.0,21.0,22.0,22.0,21.0,22.0,21.0,21.0,21.0,21.0,22.0,21.0,10.0,hold,4,4,11.1952
1787152312.6599,2026-08-19 17:11:52.659,10,c3,1,0,-0.03945,-0.49601,0.04091,-4.6015,10.7088,-20.5694,-0.081,0.0105,-0.237,3.73683,23.0,24.0,22.0,23.0,32.0,33.0,24.0,26.0,33.0,31.0,22.0,21.0,29.0,37.0,21.0,20.0,27.0,21.0,23.0,21.0,22.0,21.0,21.0,22.0,22.0,22.0,22.0,21.0,22.0,22.0,21.0,22.0,21.0,21.0,21.0,21.0,22.0,21.0,10.0,hold,4,4,11.2377
1787152312.71,2026-08-19 17:11:52.709,10,c3,1,0,-0.03944,-0.496,0.0409,-4.7134,10.7105,-20.9016,-0.0776,0.0106,-0.2356,3.74086,23.0,24.0,22.0,23.0,32.0,33.0,24.0,26.0,33.0,31.0,22.0,21.0,29.0,37.0,21.0,20.0,27.0,21.0,23.0,21.0,22.0,21.0,21.0,22.0,22.0,22.0,22.0,21.0,22.0,22.0,21.0,22.0,21.0,21.0,21.0,21.0,22.0,21.0,10.0,hold,4,4,11.2019
1787152312.7601,2026-08-19 17:11:52.760,10,c3,1,0,-0.03945,-0.49602,0.04092,-4.7027,10.4363,-20.7435,-0.0734,0.0141,-0.2324,3.73758,23.0,25.0,20.0,22.0,33.0,32.0,21.0,23.0,31.0,34.0,24.0,19.0,27.0,38.0,24.0,18.0,28.0,24.0,23.0,21.0,22.0,21.0,21.0,22.0,22.0,22.0,22.0,21.0,22.0,22.0,21.0,22.0,21.0,21.0,21.0,21.0,22.0,21.0,10.0,hold,4,4,11.231
1787152312.8102,2026-08-19 17:11:52.810,10,c3,1,0,-0.03944,-0.49601,0.0409,-4.3839,10.0465,-21.0312,-0.063,0.0213,-0.2339,3.74262,23.0,24.0,23.0,20.0,31.0,33.0,24.0,25.0,31.0,34.0,24.0,21.0,27.0,38.0,23.0,21.0,27.0,23.0,23.0,21.0,22.0,21.0,21.0,22.0,22.0,22.0,22.0,21.0,22.0,22.0,21.0,22.0,21.0,21.0,21.0,21.0,22.0,21.0,10.0,hold,4,4,11.1862
1787152312.8603,2026-08-19 17:11:52.860,10,c3,1,0,-0.03944,-0.49601,0.04091,-4.4225,10.3934,-21.0713,-0.0726,0.0186,-0.2382,3.74136,23.0,24.0,23.0,20.0,31.0,33.0,24.0,25.0,31.0,34.0,24.0,21.0,27.0,38.0,23.0,21.0,27.0,23.0,23.0,21.0,22.0,21.0,21.0,22.0,22.0,22.0,22.0,21.0,22.0,22.0,21.0,22.0,21.0,21.0,21.0,21.0,22.0,21.0,10.0,hold,4,4,11.1974
1787152312.9104,2026-08-19 17:11:52.910,10,c3,1,0,-0.03945,-0.49602,0.04092,-4.373,10.1495,-20.7942,-0.0662,0.0196,-0.2328,3.74363,22.0,23.0,22.0,22.0,31.0,33.0,23.0,23.0,32.0,34.0,25.0,19.0,28.0,38.0,24.0,19.0,27.0,23.0,23.0,21.0,22.0,21.0,21.0,22.0,22.0,22.0,22.0,21.0,22.0,22.0,21.0,22.0,21.0,21.0,21.0,21.0,22.0,21.0,10.0,hold,4,4,11.1773
1787152312.9606,2026-08-19 17:11:52.960,10,c3,1,0,-0.03942,-0.49602,0.04093,-4.5462,10.2681,-20.711,-0.0671,0.0163,-0.2371,3.74262,22.0,23.0,22.0,22.0,31.0,33.0,23.0,23.0,32.0,34.0,25.0,19.0,28.0,38.0,24.0,19.0,27.0,23.0,23.0,21.0,22.0,21.0,21.0,22.0,22.0,22.0,22.0,21.0,22.0,22.0,21.0,22.0,21.0,21.0,21.0,21.0,22.0,21.0,10.0,hold,4,4,11.1862
1787152313.0107,2026-08-19 17:11:53.010,10,c3,1,0,-0.03944,-0.49602,0.04091,-4.5009,10.3615,-20.8923,-0.0705,0.0152,-0.2291,3.74715,23.0,25.0,22.0,21.0,32.0,32.0,23.0,25.0,32.0,34.0,25.0,23.0,28.0,38.0,22.0,21.0,27.0,22.0,23.0,21.0,22.0,21.0,21.0,22.0,22.0,22.0,22.0,21.0,22.0,22.0,21.0,22.0,21.0,21.0,21.0,21.0,22.0,21.0,10.0,hold,4,4,11.1459
1787152313.0609,2026-08-19 17:11:53.060,10,c3,1,0,-0.03946,-0.49602,0.04092,-4.6904,10.683,-20.7429,-0.0811,0.0094,-0.2321,3.74186,24.0,23.0,22.0,25.0,32.0,33.0,24.0,26.0,32.0,33.0,22.0,23.0,28.0,37.0,22.0,21.0,27.0,20.0,24.0,21.0,22.0,21.0,21.0,22.0,22.0,22.0,22.0,21.0,22.0,22.0,21.0,22.0,21.0,21.0,21.0,21.0,22.0,21.0,10.0,hold,4,4,11.1929
1787152313.1109,2026-08-19 17:11:53.110,10,c3,1,0,-0.03944,-0.49602,0.04091,-5.2419,10.9608,-20.8273,-0.0843,0.0023,-0.2371,3.74388,24.0,23.0,22.0,25.0,32.0,33.0,24.0,26.0,32.0,33.0,22.0,23.0,28.0,37.0,22.0,21.0,27.0,20.0,24.0,21.0,22.0,21.0,21.0,22.0,22.0,22.0,22.0,21.0,22.0,22.0,21.0,22.0,21.0,21.0,21.0,21.0,22.0,21.0,10.0,hold,4,4,11.175
1787152313.1611,2026-08-19 17:11:53.161,10,c3,1,0,-0.03944,-0.49601,0.04092,-4.5021,10.3775,-20.8852,-0.0757,0.0139,-0.23,3.74614,26.0,24.0,22.0,25.0,32.0,32.0,22.0,25.0,32.0,35.0,23.0,21.0,29.0,39.0,22.0,20.0,28.0,24.0,22.0,21.0,22.0,21.0,21.0,22.0,22.0,22.0,22.0,21.0,22.0,22.0,21.0,22.0,21.0,21.0,21.0,21.0,22.0,21.0,10.0,hold,4,4,11.1549
1787152313.2112,2026-08-19 17:11:53.211,10,c3,1,0,-0.03945,-0.496,0.0409,-4.6105,10.3054,-21.0392,-0.0669,0.0165,-0.2339,3.74111,26.0,24.0,22.0,25.0,32.0,32.0,22.0,25.0,32.0,35.0,23.0,21.0,29.0,39.0,22.0,20.0,28.0,24.0,22.0,21.0,22.0,21.0,21.0,22.0,22.0,22.0,22.0,21.0,22.0,22.0,21.0,22.0,21.0,21.0,21.0,21.0,22.0,21.0,10.0,hold,4,4,11.1997
1787152313.2613,2026-08-19 17:11:53.261,10,c3,1,0,-0.03946,-0.49602,0.04092,-4.8929,10.5433,-20.6419,-0.0741,0.0034,-0.2362,3.74463,23.0,24.0,24.0,22.0,33.0,32.0,23.0,24.0,33.0,34.0,23.0,20.0,28.0,38.0,22.0,21.0,28.0,22.0,23.0,21.0,22.0,21.0,21.0,22.0,22.0,22.0,22.0,21.0,22.0,22.0,21.0,22.0,21.0,21.0,21.0,21.0,22.0,21.0,10.0,hold,4,4,11.1683
1787152313.3115,2026-08-19 17:11:53.311,10,c3,1,0,-0.03943,-0.49601,0.04092,-4.8682,10.671,-20.5451,-0.0752,0.0073,-0.2328,3.74136,23.0,23.0,23.0,22.0,33.0,34.0,21.0,24.0,31.0,34.0,25.0,20.0,26.0,38.0,24.0,20.0,26.0,24.0,23.0,21.0,22.0,21.0,21.0,22.0,22.0,22.0,22.0,21.0,22.0,22.0,21.0,22.0,21.0,21.0,21.0,21.0,22.0,21.0,10.0,hold,4,4,11.1974
1787152313.3616,2026-08-19 17:11:53.361,10,c3,1,0,-0.03944,-0.49601,0.04092,-4.565,10.1184,-20.8982,-0.0632,0.0137,-0.2345,3.75219,23.0,23.0,23.0,22.0,33.0,34.0,21.0,24.0,31.0,34.0,25.0,20.0,26.0,38.0,24.0,20.0,26.0,24.0,23.0,21.0,22.0,21.0,21.0,22.0,22.0,22.0,22.0,21.0,22.0,22.0,21.0,22.0,21.0,21.0,21.0,21.0,22.0,21.0,10.0,hold,4,4,11.1011
1787152313.4117,2026-08-19 17:11:53.411,10,c3,1,0,-0.03945,-0.49601,0.04091,-4.714,10.2581,-20.7319,-0.0704,0.0134,-0.2397,3.74388,20.0,23.0,21.0,19.0,31.0,33.0,24.0,26.0,32.0,33.0,22.0,22.0,27.0,38.0,21.0,21.0,29.0,22.0,23.0,21.0,22.0,21.0,21.0,22.0,22.0,22.0,22.0,21.0,22.0,22.0,21.0,22.0,21.0,21.0,21.0,21.0,22.0,21.0,10.0,hold,4,4,11.175
1787152313.4619,2026-08-19 17:11:53.461,10,c3,1,0,-0.03945,-0.49601,0.04092,-4.8418,10.2816,-20.632,-0.0639,0.0091,-0.238,3.75193,20.0,23.0,21.0,19.0,31.0,33.0,24.0,26.0,32.0,33.0,22.0,22.0,27.0,38.0,21.0,21.0,29.0,22.0,23.0,21.0,22.0,21.0,21.0,22.0,22.0,22.0,22.0,21.0,22.0,22.0,21.0,22.0,21.0,21.0,21.0,21.0,22.0,21.0,10.0,hold,4,4,11.1033
1787152313.5119,2026-08-19 17:11:53.511,10,c3,1,0,-0.03945,-0.49602,0.04093,-4.6406,10.6608,-20.5094,-0.0764,0.0087,-0.2323,3.74589,23.0,25.0,22.0,22.0,34.0,33.0,22.0,26.0,32.0,33.0,23.0,23.0,26.0,38.0,23.0,23.0,27.0,23.0,24.0,21.0,22.0,21.0,21.0,22.0,22.0,22.0,22.0,21.0,22.0,22.0,21.0,22.0,21.0,21.0,21.0,21.0,22.0,21.0,10.0,hold,4,4,11.1571
1787152313.562,2026-08-19 17:11:53.562,10,c3,1,0,-0.03944,-0.49602,0.04092,-4.8863,10.7368,-20.623,-0.0775,0.0071,-0.2377,3.74312,25.0,23.0,23.0,22.0,32.0,33.0,23.0,23.0,32.0,33.0,24.0,21.0,29.0,37.0,22.0,20.0,25.0,22.0,22.0,21.0,22.0,21.0,21.0,22.0,22.0,22.0,22.0,21.0,22.0,22.0,21.0,22.0,21.0,21.0,21.0,21.0,22.0,21.0,10.0,hold,4,4,11.1817
1787152313.6122,2026-08-19 17:11:53.612,10,c3,1,0,-0.03945,-0.49602,0.04092,-4.766,10.6252,-20.5646,-0.0754,0.0082,-0.2356,3.74942,25.0,23.0,23.0,22.0,32.0,33.0,23.0,23.0,32.0,33.0,24.0,21.0,29.0,37.0,22.0,20.0,25.0,22.0,22.0,21.0,22.0,21.0,21.0,22.0,22.0,22.0,22.0,21.0,22.0,22.0,21.0,22.0,21.0,21.0,21.0,21.0,22.0,21.0,10.0,hold,4,4,11.1257
1787152313.6623,2026-08-19 17:11:53.662,10,c3,1,0,-0.03946,-0.49601,0.04091,-4.8417,10.4047,-20.6233,-0.0692,0.0079,-0.2335,3.74791,23.0,25.0,22.0,22.0,32.0,33.0,23.0,25.0,34.0,34.0,24.0,23.0,28.0,39.0,24.0,22.0,29.0,23.0,23.0,21.0,22.0,21.0,21.0,22.0,22.0,22.0,22.0,21.0,22.0,22.0,21.0,22.0,21.0,21.0,21.0,21.0,22.0,21.0,10.0,hold,4,4,11.1392
1787152313.7124,2026-08-19 17:11:53.712,10,c3,1,0,-0.03944,-0.49601,0.04092,-4.6359,10.5374,-20.6215,-0.0766,0.0097,-0.2284,3.74539,23.0,25.0,22.0,22.0,32.0,33.0,23.0,25.0,34.0,34.0,24.0,23.0,28.0,39.0,24.0,22.0,29.0,23.0,23.0,21.0,22.0,21.0,21.0,22.0,22.0,22.0,22.0,21.0,22.0,22.0,21.0,22.0,21.0,21.0,21.0,21.0,22.0,21.0,10.0,hold,4,4,11.1616
1787152313.7624,2026-08-19 17:11:53.762,10,c3,1,0,-0.03946,-0.49602,0.04093,-4.7951,10.5942,-20.8687,-0.0762,0.0105,-0.2354,3.74942,23.0,23.0,22.0,23.0,32.0,33.0,22.0,24.0,32.0,35.0,24.0,21.0,29.0,40.0,22.0,20.0,28.0,23.0,22.0,21.0,22.0,21.0,21.0,22.0,22.0,22.0,22.0,21.0,22.0,22.0,21.0,22.0,21.0,21.0,21.0,21.0,22.0,21.0,10.0,hold,4,4,11.1257
1787152313.8126,2026-08-19 17:11:53.812,10,c3,1,0,-0.03945,-0.49601,0.04092,-4.7359,10.3226,-20.8525,-0.0669,0.0113,-0.2323,3.75193,23.0,23.0,22.0,23.0,32.0,33.0,22.0,24.0,32.0,35.0,24.0,21.0,29.0,40.0,22.0,20.0,28.0,23.0,22.0,21.0,22.0,21.0,21.0,22.0,22.0,22.0,22.0,21.0,22.0,22.0,21.0,22.0,21.0,21.0,21.0,21.0,22.0,21.0,10.0,hold,4,4,11.1033
1787152313.8628,2026-08-19 17:11:53.862,10,c3,1,0,-0.03945,-0.49602,0.04092,-4.7458,10.6842,-20.8031,-0.0744,0.0081,-0.2395,3.74841,20.0,25.0,23.0,20.0,33.0,34.0,22.0,22.0,31.0,33.0,24.0,19.0,28.0,38.0,23.0,19.0,28.0,23.0,22.0,21.0,22.0,21.0,21.0,22.0,22.0,22.0,22.0,21.0,22.0,22.0,21.0,22.0,21.0,21.0,21.0,21.0,22.0,21.0,10.0,hold,4,4,11.1347
1787152313.9129,2026-08-19 17:11:53.912,10,c3,1,0,-0.03945,-0.49602,0.04092,-4.7375,10.6021,-20.6711,-0.0736,0.0097,-0.2353,3.74992,22.0,23.0,23.0,20.0,32.0,33.0,24.0,26.0,32.0,35.0,23.0,23.0,27.0,39.0,24.0,23.0,29.0,22.0,25.0,21.0,22.0,21.0,21.0,22.0,22.0,22.0,22.0,21.0,22.0,22.0,21.0,22.0,21.0,21.0,21.0,21.0,22.0,21.0,10.0,hold,4,4,11.1213
1787152313.9629,2026-08-19 17:11:53.962,10,c3,1,0,-0.03944,-0.49602,0.04092,-4.6053,10.2427,-20.9077,-0.0671,0.0137,-0.2356,3.74488,22.0,23.0,23.0,20.0,32.0,33.0,24.0,26.0,32.0,35.0,23.0,23.0,27.0,39.0,24.0,23.0,29.0,22.0,25.0,21.0,22.0,21.0,21.0,22.0,22.0,22.0,22.0,21.0,22.0,22.0,21.0,22.0,21.0,21.0,21.0,21.0,22.0,21.0,10.0,hold,4,4,11.1661
1787152314.013,2026-08-19 17:11:54.013,10,c3,1,0,-0.03945,-0.49602,0.04092,-4.5654,10.4336,-20.9359,-0.0711,0.0146,-0.2354,3.75647,23.0,24.0,24.0,23.0,32.0,34.0,23.0,24.0,32.0,34.0,23.0,20.0,28.0,38.0,23.0,19.0,27.0,22.0,20.0,21.0,22.0,21.0,21.0,22.0,22.0,22.0,22.0,21.0,22.0,22.0,21.0,22.0,21.0,21.0,21.0,21.0,22.0,21.0,10.0,hold,4,4,11.063
1787152314.0632,2026-08-19 17:11:54.063,10,c3,1,0,-0.03944,-0.49601,0.04092,-4.5944,10.3022,-20.733,-0.0681,0.0095,-0.2346,3.74942,23.0,24.0,24.0,23.0,32.0,34.0,23.0,24.0,32.0,34.0,23.0,20.0,28.0,38.0,23.0,19.0,27.0,22.0,20.0,21.0,22.0,21.0,21.0,22.0,22.0,22.0,22.0,21.0,22.0,22.0,21.0,22.0,21.0,21.0,21.0,21.0,22.0,21.0,10.0,hold,4,4,11.1257
1787152314.1133,2026-08-19 17:11:54.113,10,c3,1,0,-0.03945,-0.49602,0.04091,-4.6926,10.3663,-20.5902,-0.0708,0.0106,-0.2345,3.7537,21.0,24.0,22.0,21.0,33.0,33.0,23.0,23.0,32.0,33.0,24.0,20.0,27.0,37.0,22.0,21.0,27.0,20.0,24.0,21.0,22.0,21.0,21.0,22.0,22.0,22.0,22.0,21.0,22.0,22.0,21.0,22.0,21.0,21.0,21.0,21.0,22.0,21.0,10.0,hold,4,4,11.0877
1787152314.1635,2026-08-19 17:11:54.163,10,c3,1,0,-0.03944,-0.49602,0.04092,-4.5617,10.1953,-20.6411,-0.0667,0.0163,-0.2295,3.74916,22.0,24.0,22.0,21.0,32.0,33.0,23.0,25.0,33.0,33.0,23.0,22.0,28.0,38.0,22.0,21.0,26.0,22.0,22.0,21.0,22.0,21.0,21.0,22.0,22.0,22.0,22.0,21.0,22.0,22.0,21.0,22.0,21.0,21.0,21.0,21.0,22.0,21.0,10.0,hold,4,4,11.128
1787152314.2136,2026-08-19 17:11:54.213,10,c3,1,0,-0.03944,-0.49603,0.04092,-4.3662,10.4834,-20.8354,-0.0729,0.0182,-0.2312,3.7537,22.0,24.0,22.0,21.0,32.0,33.0,23.0,25.0,33.0,33.0,23.0,22.0,28.0,38.0,22.0,21.0,26.0,22.0,22.0,21.0,22.0,21.0,21.0,22.0,22.0,22.0,22.0,21.0,22.0,22.0,21.0,22.0,21.0,21.0,21.0,21.0,22.0,21.0,10.0,hold,4,4,11.0877
1787152314.2637,2026-08-19 17:11:54.263,10,c3,1,0,-0.03946,-0.49601,0.04092,-4.4319,10.3166,-20.6129,-0.0681,0.0151,-0.235,3.7537,23.0,24.0,22.0,24.0,32.0,32.0,23.0,25.0,30.0,33.0,24.0,22.0,25.0,39.0,23.0,21.0,27.0,22.0,24.0,21.0,22.0,21.0,21.0,22.0,22.0,22.0,22.0,21.0,22.0,22.0,21.0,22.0,21.0,21.0,21.0,21.0,22.0,21.0,10.0,hold,4,4,11.0877
1787152314.3139,2026-08-19 17:11:54.313,10,c3,1,0,-0.03945,-0.49602,0.04093,-4.6665,10.1521,-20.6673,-0.0633,0.0107,-0.2328,3.75672,23.0,24.0,22.0,24.0,32.0,32.0,23.0,25.0,30.0,33.0,24.0,22.0,25.0,39.0,23.0,21.0,27.0,22.0,24.0,21.0,22.0,21.0,21.0,22.0,22.0,22.0,22.0,21.0,22.0,22.0,21.0,22.0,21.0,21.0,21.0,21.0,22.0,21.0,10.0,hold,4,4,11.0608
1787152314.364,2026-08-19 17:11:54.363,10,c3,1,0,-0.03945,-0.49603,0.04092,-4.4741,10.2281,-20.739,-0.0676,0.0156,-0.2396,3.74337,23.0,23.0,22.0,22.0,30.0,31.0,23.0,24.0,30.0,34.0,23.0,21.0,26.0,39.0,22.0,21.0,29.0,23.0,22.0,21.0,22.0,21.0,21.0,22.0,22.0,22.0,22.0,21.0,22.0,22.0,21.0,22.0,21.0,21.0,21.0,21.0,22.0,21.0,10.0,hold,4,4,11.1795
1787152314.4141,2026-08-19 17:11:54.414,10,c3,1,0,-0.03945,-0.49601,0.04091,-4.895,10.5529,-20.6271,-0.0729,0.0056,-0.236,3.75546,22.0,22.0,22.0,21.0,31.0,33.0,23.0,23.0,31.0,34.0,23.0,21.0,27.0,37.0,23.0,21.0,26.0,23.0,23.0,21.0,22.0,21.0,21.0,22.0,22.0,22.0,22.0,21.0,22.0,22.0,21.0,22.0,21.0,21.0,21.0,21.0,22.0,21.0,10.0,hold,4,4,11.072
1787152314.4642,2026-08-19 17:11:54.464,10,c3,1,0,-0.03944,-0.49601,0.0409,-4.6574,10.4565,-20.6129,-0.0723,0.0144,-0.2342,3.75244,22.0,22.0,22.0,21.0,31.0,33.0,23.0,23.0,31.0,34.0,23.0,21.0,27.0,37.0,23.0,21.0,26.0,23.0,23.0,21.0,22.0,21.0,21.0,22.0,22.0,22.0,22.0,21.0,22.0,22.0,21.0,22.0,21.0,21.0,21.0,21.0,22.0,21.0,10.0,hold,4,4,11.0989
1787152314.5143,2026-08-19 17:11:54.514,10,c3,1,0,-0.03946,-0.49602,0.04093,-4.7521,10.4679,-20.6039,-0.0697,0.0106,-0.2386,3.75672,23.0,24.0,23.0,21.0,33.0,34.0,23.0,26.0,31.0,34.0,23.0,22.0,27.0,38.0,22.0,20.0,27.0,23.0,22.0,21.0,22.0,21.0,21.0,22.0,22.0,22.0,22.0,21.0,22.0,22.0,21.0,22.0,21.0,21.0,21.0,21.0,22.0,21.0,10.0,hold,4,4,11.0608
1787152314.5645,2026-08-19 17:11:54.564,10,c3,1,0,-0.03943,-0.49602,0.04093,-4.6208,10.1509,-20.6694,-0.0666,0.0123,-0.2302,3.75395,23.0,24.0,23.0,21.0,33.0,34.0,23.0,26.0,31.0,34.0,23.0,22.0,27.0,38.0,22.0,20.0,27.0,23.0,22.0,21.0,22.0,21.0,21.0,22.0,22.0,22.0,22.0,21.0,22.0,22.0,21.0,22.0,21.0,21.0,21.0,21.0,22.0,21.0,10.0,hold,4,4,11.0854
1787152314.6146,2026-08-19 17:11:54.614,10,c3,1,0,-0.03945,-0.496,0.04091,-4.7004,10.4745,-20.6159,-0.0727,0.0112,-0.2307,3.76075,23.0,24.0,22.0,21.0,31.0,33.0,23.0,23.0,34.0,35.0,23.0,21.0,28.0,40.0,22.0,19.0,28.0,22.0,21.0,21.0,22.0,21.0,21.0,22.0,22.0,22.0,22.0,21.0,22.0,22.0,21.0,22.0,21.0,21.0,21.0,21.0,22.0,21.0,10.0,hold,4,4,11.0249
1787152314.6648,2026-08-19 17:11:54.664,10,c3,1,0,-0.03944,-0.49601,0.04093,-5.1406,10.7078,-20.6669,-0.079,0.0005,-0.2444,3.75294,23.0,24.0,23.0,21.0,32.0,34.0,23.0,26.0,32.0,34.0,22.0,22.0,26.0,39.0,22.0,22.0,27.0,22.0,23.0,21.0,22.0,21.0,21.0,22.0,22.0,22.0,22.0,21.0,22.0,22.0,21.0,22.0,21.0,21.0,21.0,21.0,22.0,21.0,10.0,hold,4,4,11.0944
1787152314.7149,2026-08-19 17:11:54.714,10,c3,1,0,-0.03945,-0.49602,0.04092,-4.9108,10.5677,-20.378,-0.077,0.0058,-0.2285,3.74992,23.0,24.0,23.0,21.0,32.0,34.0,23.0,26.0,32.0,34.0,22.0,22.0,26.0,39.0,22.0,22.0,27.0,22.0,23.0,21.0,22.0,21.0,21.0,22.0,22.0,22.0,22.0,21.0,22.0,22.0,21.0,22.0,21.0,21.0,21.0,21.0,22.0,21.0,10.0,hold,4,4,11.1213
1787152314.765,2026-08-19 17:11:54.764,10,c3,1,0,-0.03944,-0.49603,0.04092,-4.5737,10.3918,-20.686,-0.0719,0.0143,-0.2321,3.75244,23.0,23.0,23.0,23.0,32.0,33.0,21.0,23.0,32.0,35.0,23.0,20.0,28.0,39.0,22.0,20.0,28.0,21.0,23.0,21.0,22.0,21.0,21.0,22.0,22.0,22.0,22.0,21.0,22.0,22.0,21.0,22.0,21.0,21.0,21.0,21.0,22.0,21.0,10.0,hold,4,4,11.0989
1787152314.8151,2026-08-19 17:11:54.815,10,c3,1,0,-0.03943,-0.49601,0.04091,-4.7868,10.4423,-20.614,-0.0726,0.0074,-0.2368,3.76024,23.0,23.0,23.0,23.0,32.0,33.0,21.0,23.0,32.0,35.0,23.0,20.0,28.0,39.0,22.0,20.0,28.0,21.0,23.0,21.0,22.0,21.0,21.0,22.0,22.0,22.0,22.0,21.0,22.0,22.0,21.0,22.0,21.0,21.0,21.0,21.0,22.0,21.0,10.0,hold,4,4,11.0294
1787152314.8652,2026-08-19 17:11:54.865,10,c3,1,0,-0.03944,-0.49601,0.04093,-4.902,10.4491,-20.5478,-0.0722,0.0062,-0.2345,3.75193,22.0,24.0,23.0,21.0,31.0,33.0,22.0,25.0,32.0,33.0,23.0,22.0,28.0,39.0,21.0,22.0,29.0,22.0,23.0,21.0,22.0,21.0,21.0,22.0,22.0,22.0,22.0,21.0,22.0,22.0,21.0,22.0,21.0,21.0,21.0,21.0,22.0,21.0,10.0,hold,4,4,11.1033
1787152314.9152,2026-08-19 17:11:54.915,10,c3,1,0,-0.03943,-0.49602,0.04091,-4.7233,10.6455,-20.5339,-0.0766,0.0122,-0.2349,3.75621,22.0,24.0,23.0,21.0,31.0,33.0,22.0,25.0,32.0,33.0,23.0,22.0,28.0,39.0,21.0,22.0,29.0,22.0,23.0,21.0,22.0,21.0,21.0,22.0,22.0,22.0,22.0,21.0,22.0,22.0,21.0,22.0,21.0,21.0,21.0,21.0,22.0,21.0,10.0,hold,4,4,11.0653
1787152314.9654,2026-08-19 17:11:54.965,10,c3,1,0,-0.03945,-0.49602,0.04093,-5.0069,10.6985,-20.4989,-0.0776,0.0027,-0.2414,3.75697,24.0,23.0,22.0,23.0,32.0,32.0,22.0,24.0,33.0,35.0,22.0,21.0,28.0,39.0,22.0,21.0,29.0,22.0,23.0,21.0,22.0,21.0,21.0,22.0,22.0,22.0,22.0,21.0,22.0,22.0,21.0,22.0,21.0,21.0,21.0,21.0,22.0,21.0,10.0,hold,4,4,11.0585
1787152315.0155,2026-08-19 17:11:55.015,10,c3,1,0,-0.03944,-0.49601,0.04091,-4.7744,10.5025,-20.648,-0.074,0.0079,-0.2356,3.76075,23.0,24.0,24.0,21.0,33.0,34.0,23.0,27.0,31.0,35.0,23.0,22.0,27.0,39.0,22.0,22.0,27.0,21.0,25.0,21.0,22.0,21.0,21.0,22.0,22.0,22.0,22.0,21.0,22.0,22.0,21.0,22.0,21.0,21.0,21.0,21.0,22.0,21.0,10.0,hold,4,4,11.0249
1787152315.0656,2026-08-19 17:11:55.065,10,c3,1,0,-0.03944,-0.49601,0.04092,-4.7266,10.392,-20.6239,-0.0703,0.0078,-0.2273,3.75772,23.0,24.0,24.0,21.0,33.0,34.0,23.0,27.0,31.0,35.0,23.0,22.0,27.0,39.0,22.0,22.0,27.0,21.0,25.0,21.0,22.0,21.0,21.0,22.0,22.0,22.0,22.0,21.0,22.0,22.0,21.0,22.0,21.0,21.0,21.0,21.0,22.0,21.0,10.0,hold,4,4,11.0518
1787152315.1158,2026-08-19 17:11:55.115,10,c3,1,0,-0.03945,-0.49602,0.04092,-5.0565,10.8411,-20.3463,-0.0806,0.0021,-0.2428,3.75798,23.0,22.0,22.0,22.0,32.0,33.0,23.0,25.0,32.0,34.0,23.0,22.0,28.0,37.0,23.0,21.0,26.0,23.0,23.0,21.0,22.0,21.0,21.0,22.0,22.0,22.0,22.0,21.0,22.0,22.0,21.0,22.0,21.0,21.0,21.0,21.0,22.0,21.0,10.0,hold,4,4,11.0496
1787152315.1659,2026-08-19 17:11:55.165,10,c3,1,0,-0.03944,-0.49602,0.04092,-4.7473,10.7016,-20.452,-0.0749,0.0107,-0.2313,3.75974,23.0,22.0,22.0,22.0,32.0,33.0,23.0,25.0,32.0,34.0,23.0,22.0,28.0,37.0,23.0,21.0,26.0,23.0,23.0,21.0,22.0,21.0,21.0,22.0,22.0,22.0,22.0,21.0,22.0,22.0,21.0,22.0,21.0,21.0,21.0,21.0,22.0,21.0,10.0,hold,4,4,11.0339
1787152315.216,2026-08-19 17:11:55.215,10,c3,1,0,-0.03946,-0.49601,0.04092,-4.7665,10.0401,-20.7152,-0.0589,0.012,-0.2318,3.7537,21.0,24.0,21.0,22.0,33.0,33.0,24.0,26.0,31.0,33.0,23.0,22.0,27.0,36.0,23.0,21.0,26.0,22.0,23.0,21.0,22.0,21.0,21.0,22.0,22.0,22.0,22.0,21.0,22.0,22.0,21.0,22.0,21.0,21.0,21.0,21.0,22.0,21.0,10.0,hold,4,4,11.0877
1787152315.2661,2026-08-19 17:11:55.266,10,c3,1,0,-0.03944,-0.496,0.04091,-4.7874,10.8359,-20.6309,-0.0801,0.0084,-0.2297,3.75999,23.0,23.0,21.0,24.0,31.0,31.0,24.0,24.0,32.0,33.0,23.0,20.0,27.0,38.0,22.0,21.0,26.0,22.0,22.0,21.0,22.0,21.0,21.0,22.0,22.0,22.0,22.0,21.0,22.0,22.0,21.0,22.0,21.0,21.0,21.0,21.0,22.0,21.0,10.0,hold,4,4,11.0317
1787152315.3163,2026-08-19 17:11:55.316,10,c3,1,0,-0.03945,-0.49602,0.04093,-4.4045,10.5367,-20.7209,-0.072,0.0181,-0.2299,3.75898,23.0,23.0,21.0,24.0,31.0,31.0,24.0,24.0,32.0,33.0,23.0,20.0,27.0,38.0,22.0,21.0,26.0,22.0,22.0,21.0,22.0,21.0,21.0,22.0,22.0,22.0,22.0,21.0,22.0,22.0,21.0,22.0,21.0,21.0,21.0,21.0,22.0,21.0,10.0,hold,4,4,11.0406
1787152315.3664,2026-08-19 17:11:55.366,10,c3,1,0,-0.03944,-0.49602,0.04093,-4.9711,10.4822,-20.527,-0.0714,0.0051,-0.2411,3.75999,21.0,22.0,23.0,20.0,31.0,34.0,22.0,24.0,30.0,34.0,23.0,21.0,27.0,38.0,22.0,21.0,26.0,22.0,23.0,21.0,22.0,21.0,21.0,22.0,22.0,22.0,22.0,21.0,22.0,22.0,21.0,22.0,21.0,21.0,21.0,21.0,22.0,21.0,10.0,hold,4,4,11.0317
1787152315.4167,2026-08-19 17:11:55.416,10,c3,1,0,-0.03944,-0.49602,0.04092,-4.5921,10.1744,-20.6054,-0.0648,0.0136,-0.2308,3.75974,21.0,22.0,23.0,20.0,31.0,34.0,22.0,24.0,30.0,34.0,23.0,21.0,27.0,38.0,22.0,21.0,26.0,22.0,23.0,21.0,22.0,21.0,21.0,22.0,22.0,22.0,22.0,21.0,22.0,22.0,21.0,22.0,21.0,21.0,21.0,21.0,22.0,21.0,10.0,hold,4,4,11.0339
1787152315.4667,2026-08-19 17:11:55.466,10,c3,1,0,-0.03943,-0.49601,0.04091,-4.2956,10.1552,-20.7536,-0.0662,0.0225,-0.2346,3.76175,22.0,23.0,22.0,22.0,31.0,33.0,22.0,25.0,31.0,34.0,23.0,23.0,28.0,38.0,21.0,21.0,27.0,22.0,22.0,21.0,22.0,21.0,21.0,22.0,22.0,22.0,22.0,21.0,22.0,22.0,21.0,22.0,21.0,21.0,21.0,21.0,22.0,21.0,10.0,hold,4,4,11.016
1787152315.5168,2026-08-19 17:11:55.516,10,c3,1,0,-0.03942,-0.49601,0.04092,-4.9594,10.2886,-20.7873,-0.0667,0.0054,-0.2358,3.75949,24.0,24.0,22.0,23.0,32.0,33.0,22.0,25.0,31.0,34.0,24.0,22.0,27.0,38.0,22.0,22.0,27.0,22.0,23.0,21.0,22.0,21.0,21.0,22.0,22.0,22.0,22.0,21.0,22.0,22.0,21.0,22.0,21.0,21.0,21.0,21.0,22.0,21.0,10.0,hold,4,4,11.0361
1787152315.5669,2026-08-19 17:11:55.566,10,c3,1,0,-0.03944,-0.49602,0.04093,-4.8415,10.3615,-20.6183,-0.0684,0.0084,-0.2433,3.74816,24.0,24.0,22.0,23.0,32.0,33.0,22.0,25.0,31.0,34.0,24.0,22.0,27.0,38.0,22.0,22.0,27.0,22.0,23.0,21.0,22.0,21.0,21.0,22.0,22.0,22.0,22.0,21.0,22.0,22.0,21.0,22.0,21.0,21.0,21.0,21.0,22.0,21.0,10.0,hold,4,4,11.1369
1787152315.617,2026-08-19 17:11:55.617,10,c3,1,0,-0.03946,-0.496,0.04091,-4.7905,10.6268,-20.7209,-0.0792,0.0074,-0.2386,3.75974,25.0,23.0,22.0,23.0,32.0,31.0,21.0,27.0,32.0,32.0,23.0,23.0,28.0,37.0,22.0,23.0,26.0,22.0,24.0,21.0,22.0,21.0,21.0,22.0,22.0,22.0,22.0,21.0,22.0,22.0,21.0,22.0,21.0,21.0,21.0,21.0,22.0,21.0,10.0,hold,4,4,11.0339
1787152315.6672,2026-08-19 17:11:55.667,10,c3,1,0,-0.03944,-0.49602,0.04092,-4.824,10.4217,-20.8327,-0.0703,0.0077,-0.2367,3.75269,25.0,23.0,22.0,23.0,32.0,31.0,21.0,27.0,32.0,32.0,23.0,23.0,28.0,37.0,22.0,23.0,26.0,22.0,24.0,21.0,22.0,21.0,21.0,22.0,22.0,22.0,22.0,21.0,22.0,22.0,21.0,22.0,21.0,21.0,21.0,21.0,22.0,21.0,10.0,hold,4,4,11.0966
1787152315.7173,2026-08-19 17:11:55.717,10,c3,1,0,-0.03944,-0.496,0.04091,-4.905,10.8441,-20.6622,-0.0789,0.0069,-0.2328,3.75898,23.0,24.0,21.0,23.0,33.0,31.0,21.0,26.0,32.0,34.0,23.0,22.0,27.0,39.0,22.0,22.0,28.0,23.0,24.0,21.0,22.0,21.0,21.0,22.0,22.0,22.0,22.0,21.0,22.0,22.0,21.0,22.0,21.0,21.0,21.0,21.0,22.0,21.0,10.0,hold,4,4,11.0406
1787152315.7673,2026-08-19 17:11:55.767,10,c3,1,0,-0.03944,-0.49601,0.04092,-4.844,10.4398,-20.7751,-0.0685,0.0098,-0.2352,3.75949,23.0,23.0,22.0,23.0,31.0,33.0,22.0,24.0,31.0,34.0,23.0,21.0,28.0,38.0,23.0,20.0,28.0,22.0,21.0,21.0,22.0,21.0,21.0,22.0,22.0,22.0,22.0,21.0,22.0,22.0,21.0,22.0,21.0,21.0,21.0,21.0,22.0,21.0,10.0,hold,4,4,11.0361
1787152315.8175,2026-08-19 17:11:55.817,10,c3,1,0,-0.03944,-0.496,0.0409,-4.7983,10.5229,-20.8866,-0.0732,0.0087,-0.2391,3.75772,23.0,23.0,22.0,23.0,31.0,33.0,22.0,24.0,31.0,34.0,23.0,21.0,28.0,38.0,23.0,20.0,28.0,22.0,21.0,21.0,22.0,21.0,21.0,22.0,22.0,22.0,22.0,21.0,22.0,22.0,21.0,22.0,21.0,21.0,21.0,21.0,22.0,21.0,10.0,hold,4,4,11.0518
1787152315.8676,2026-08-19 17:11:55.867,10,c3,1,0,-0.03944,-0.49601,0.04091,-4.9239,10.3683,-20.7744,-0.067,0.0063,-0.2366,3.75924,22.0,25.0,21.0,22.0,33.0,33.0,23.0,24.0,32.0,33.0,24.0,20.0,28.0,39.0,24.0,19.0,28.0,22.0,23.0,21.0,22.0,21.0,21.0,22.0,22.0,22.0,22.0,21.0,22.0,22.0,21.0,22.0,21.0,21.0,21.0,21.0,22.0,21.0,10.0,hold,4,4,11.0384
1787152315.9176,2026-08-19 17:11:55.917,10,c3,1,0,-0.03945,-0.49602,0.04092,-4.8541,10.485,-20.7517,-0.0726,0.0067,-0.2353,3.75747,22.0,25.0,21.0,22.0,33.0,33.0,23.0,24.0,32.0,33.0,24.0,20.0,28.0,39.0,24.0,19.0,28.0,22.0,23.0,21.0,22.0,21.0,21.0,22.0,22.0,22.0,22.0,21.0,22.0,22.0,21.0,22.0,21.0,21.0,21.0,21.0,22.0,21.0,10.0,hold,4,4,11.0541
1787152315.9678,2026-08-19 17:11:55.967,10,c3,1,0,-0.03944,-0.49602,0.04093,-4.7937,10.5762,-20.7398,-0.0739,0.0101,-0.2305,3.75672,22.0,24.0,21.0,21.0,32.0,33.0,23.0,26.0,31.0,33.0,22.0,23.0,27.0,39.0,23.0,22.0,28.0,22.0,25.0,21.0,22.0,21.0,21.0,22.0,22.0,22.0,22.0,21.0,22.0,22.0,21.0,22.0,21.0,21.0,21.0,21.0,22.0,21.0,10.0,hold,4,4,11.0608
1787152316.0179,2026-08-19 17:11:56.017,10,c3,1,0,-0.03943,-0.49602,0.04092,-4.8277,10.6012,-20.7783,-0.0736,0.012,-0.2353,3.76049,22.0,24.0,21.0,21.0,32.0,33.0,23.0,26.0,31.0,33.0,22.0,23.0,27.0,39.0,23.0,22.0,28.0,22.0,25.0,21.0,22.0,21.0,21.0,22.0,22.0,22.0,22.0,21.0,22.0,22.0,21.0,22.0,21.0,21.0,21.0,21.0,22.0,21.0,10.0,hold,4,4,11.0272
1787152316.068,2026-08-19 17:11:56.067,10,c3,1,0,-0.03945,-0.49602,0.04092,-4.6083,10.0762,-20.8835,-0.064,0.0136,-0.2417,3.75621,23.0,24.0,21.0,23.0,32.0,32.0,22.0,27.0,30.0,31.0,23.0,22.0,26.0,35.0,23.0,21.0,24.0,22.0,24.0,21.0,22.0,21.0,21.0,22.0,22.0,22.0,22.0,21.0,22.0,22.0,21.0,22.0,21.0,21.0,21.0,21.0,22.0,21.0,10.0,hold,4,4,11.0653
1787152316.1181,2026-08-19 17:11:56.118,10,c3,1,0,-0.03946,-0.49602,0.04092,-4.5972,10.3605,-20.7696,-0.0729,0.0123,-0.2373,3.76352,24.0,21.0,20.0,23.0,30.0,31.0,22.0,26.0,33.0,34.0,24.0,22.0,28.0,39.0,24.0,23.0,28.0,24.0,23.0,21.0,22.0,21.0,21.0,22.0,22.0,22.0,22.0,21.0,22.0,22.0,21.0,22.0,21.0,21.0,21.0,21.0,22.0,21.0,10.0,hold,4,4,11.0003
1787152316.1683,2026-08-19 17:11:56.168,10,c3,1,0,-0.03944,-0.49602,0.04092,-4.6959,10.6695,-20.8744,-0.0757,0.0112,-0.2334,3.75647,24.0,21.0,20.0,23.0,30.0,31.0,22.0,26.0,33.0,34.0,24.0,22.0,28.0,39.0,24.0,23.0,28.0,24.0,23.0,21.0,22.0,21.0,21.0,22.0,22.0,22.0,22.0,21.0,22.0,22.0,21.0,22.0,21.0,21.0,21.0,21.0,22.0,21.0,10.0,hold,4,4,11.063
1787152316.2184,2026-08-19 17:11:56.218,10,c3,1,0,-0.03943,-0.49602,0.04092,-4.4523,10.292,-20.7158,-0.0693,0.0185,-0.231,3.75571,23.0,24.0,21.0,22.0,33.0,32.0,24.0,25.0,33.0,34.0,24.0,22.0,28.0,39.0,24.0,21.0,28.0,23.0,22.0,21.0,22.0,21.0,21.0,22.0,22.0,22.0,22.0,21.0,22.0,22.0,21.0,22.0,21.0,21.0,21.0,21.0,22.0,21.0,10.0,hold,4,4,11.0697
1787152316.2685,2026-08-19 17:11:56.268,10,c3,1,0,-0.03944,-0.49602,0.04093,-4.8156,10.334,-20.9133,-0.0669,0.0131,-0.236,3.75546,23.0,24.0,21.0,22.0,33.0,32.0,24.0,25.0,33.0,34.0,24.0,22.0,28.0,39.0,24.0,21.0,28.0,23.0,22.0,21.0,22.0,21.0,21.0,22.0,22.0,22.0,22.0,21.0,22.0,22.0,21.0,22.0,21.0,21.0,21.0,21.0,22.0,21.0,10.0,hold,4,4,11.072
1787152316.3186,2026-08-19 17:11:56.318,10,c3,1,0,-0.03944,-0.49602,0.04093,-4.9643,10.1773,-20.5732,-0.0684,0.0047,-0.2432,3.75647,23.0,23.0,22.0,22.0,32.0,33.0,24.0,24.0,30.0,33.0,24.0,21.0,28.0,38.0,24.0,20.0,28.0,23.0,21.0,21.0,22.0,21.0,21.0,22.0,22.0,22.0,22.0,21.0,22.0,22.0,21.0,22.0,21.0,21.0,21.0,21.0,22.0,21.0,10.0,hold,4,4,11.063
1787152316.3688,2026-08-19 17:11:56.368,10,c3,1,0,-0.03944,-0.49602,0.04093,-4.9867,10.8448,-20.5096,-0.0801,0.0012,-0.2359,3.75621,22.0,23.0,20.0,22.0,32.0,32.0,24.0,23.0,34.0,32.0,22.0,19.0,29.0,36.0,22.0,19.0,25.0,21.0,22.0,21.0,22.0,21.0,21.0,22.0,22.0,22.0,22.0,21.0,22.0,22.0,21.0,22.0,21.0,21.0,21.0,21.0,22.0,21.0,10.0,hold,4,4,11.0653
1787152316.4189,2026-08-19 17:11:56.418,10,c3,1,0,-0.03946,-0.49601,0.04091,-4.4416,10.3952,-20.5936,-0.0728,0.0196,-0.2318,3.74942,22.0,23.0,20.0,22.0,32.0,32.0,24.0,23.0,34.0,32.0,22.0,19.0,29.0,36.0,22.0,19.0,25.0,21.0,22.0,21.0,22.0,21.0,21.0,22.0,22.0,22.0,22.0,21.0,22.0,22.0,21.0,22.0,21.0,21.0,21.0,21.0,22.0,21.0,10.0,hold,4,4,11.1257
1787152316.469,2026-08-19 17:11:56.469,10,c3,1,0,-0.03945,-0.49601,0.04091,-4.8025,10.4661,-20.6376,-0.0721,0.009,-0.2375,3.76125,23.0,24.0,20.0,20.0,34.0,30.0,22.0,24.0,32.0,33.0,24.0,21.0,29.0,38.0,23.0,21.0,27.0,23.0,22.0,21.0,22.0,21.0,21.0,22.0,22.0,22.0,22.0,21.0,22.0,22.0,21.0,22.0,21.0,21.0,21.0,21.0,22.0,21.0,10.0,hold,4,4,11.0205
1787152316.5192,2026-08-19 17:11:56.519,10,c3,1,0,-0.03946,-0.49603,0.04093,-4.7618,10.4077,-20.6032,-0.0733,0.01,-0.2412,3.7547,23.0,24.0,20.0,20.0,34.0,30.0,22.0,24.0,32.0,33.0,24.0,21.0,29.0,38.0,23.0,21.0,27.0,23.0,22.0,21.0,22.0,21.0,21.0,22.0,22.0,22.0,22.0,21.0,22.0,22.0,21.0,22.0,21.0,21.0,21.0,21.0,22.0,21.0,10.0,hold,4,4,11.0787
1787152316.5693,2026-08-19 17:11:56.569,10,c3,1,0,-0.03944,-0.49602,0.04091,-4.4849,10.5804,-20.8003,-0.0727,0.016,-0.2318,3.76654,22.0,24.0,21.0,21.0,33.0,33.0,24.0,26.0,33.0,33.0,24.0,22.0,28.0,37.0,24.0,23.0,26.0,23.0,24.0,21.0,22.0,21.0,21.0,22.0,22.0,22.0,22.0,21.0,22.0,22.0,21.0,22.0,21.0,21.0,21.0,21.0,22.0,21.0,10.0,hold,4,4,10.9734
1787152316.6194,2026-08-19 17:11:56.619,10,c3,1,0,-0.03943,-0.49602,0.04092,-4.8385,10.5011,-20.8156,-0.0708,0.0104,-0.236,3.75345,24.0,24.0,20.0,24.0,33.0,32.0,23.0,25.0,32.0,35.0,23.0,23.0,28.0,38.0,24.0,22.0,27.0,22.0,24.0,21.0,22.0,21.0,21.0,22.0,22.0,22.0,22.0,21.0,22.0,22.0,21.0,22.0,21.0,21.0,21.0,21.0,22.0,21.0,10.0,hold,4,4,11.0899
1787152316.6696,2026-08-19 17:11:56.669,10,c3,1,0,-0.03946,-0.49602,0.04091,-4.8837,10.4664,-20.5445,-0.0714,0.0052,-0.2374,3.76352,24.0,24.0,20.0,24.0,33.0,32.0,23.0,25.0,32.0,35.0,23.0,23.0,28.0,38.0,24.0,22.0,27.0,22.0,24.0,21.0,22.0,21.0,21.0,22.0,22.0,22.0,22.0,21.0,22.0,22.0,21.0,22.0,21.0,21.0,21.0,21.0,22.0,21.0,10.0,hold,4,4,11.0003
1787152316.7197,2026-08-19 17:11:56.719,10,c3,1,0,-0.03942,-0.49601,0.04091,-4.3211,10.2292,-20.8185,-0.0653,0.021,-0.2327,3.75949,24.0,25.0,20.0,23.0,34.0,33.0,23.0,26.0,32.0,33.0,25.0,22.0,29.0,38.0,22.0,21.0,27.0,23.0,23.0,21.0,22.0,21.0,21.0,22.0,22.0,22.0,22.0,21.0,22.0,22.0,21.0,22.0,21.0,21.0,21.0,21.0,22.0,21.0,10.0,hold,4,4,11.0361
1787152316.7698,2026-08-19 17:11:56.769,10,c3,1,0,-0.03945,-0.49602,0.04092,-4.6457,10.0481,-20.8144,-0.0615,0.0108,-0.2317,3.76301,24.0,25.0,20.0,23.0,34.0,33.0,23.0,26.0,32.0,33.0,25.0,22.0,29.0,38.0,22.0,21.0,27.0,23.0,23.0,21.0,22.0,21.0,21.0,22.0,22.0,22.0,22.0,21.0,22.0,22.0,21.0,22.0,21.0,21.0,21.0,21.0,22.0,21.0,10.0,hold,4,4,11.0048
1787152316.8199,2026-08-19 17:11:56.819,10,c3,1,0,-0.03945,-0.49601,0.04092,-4.6139,10.5962,-21.0133,-0.0765,0.0115,-0.2355,3.75445,23.0,25.0,20.0,22.0,33.0,32.0,24.0,27.0,33.0,34.0,23.0,23.0,28.0,37.0,24.0,22.0,28.0,23.0,24.0,21.0,22.0,21.0,21.0,22.0,22.0,22.0,22.0,21.0,22.0,22.0,21.0,22.0,21.0,21.0,21.0,21.0,22.0,21.0,10.0,hold,4,4,11.0809
1787152316.87,2026-08-19 17:11:56.870,10,c3,1,0,-0.03945,-0.496,0.0409,-4.368,10.3182,-20.8561,-0.0669,0.0186,-0.2344,3.76427,23.0,23.0,22.0,22.0,31.0,33.0,23.0,27.0,32.0,34.0,24.0,23.0,28.0,38.0,24.0,22.0,27.0,24.0,24.0,21.0,22.0,21.0,21.0,22.0,22.0,22.0,22.0,21.0,22.0,22.0,21.0,22.0,21.0,21.0,21.0,21.0,22.0,21.0,10.0,hold,4,4,10.9936
1787152316.9201,2026-08-19 17:11:56.920,10,c3,1,0,-0.03944,-0.49602,0.04092,-5.0073,10.9673,-20.7264,-0.0852,0.0014,-0.2411,3.75093,23.0,23.0,22.0,22.0,31.0,33.0,23.0,27.0,32.0,34.0,24.0,23.0,28.0,38.0,24.0,22.0,27.0,24.0,24.0,21.0,22.0,21.0,21.0,22.0,22.0,22.0,22.0,21.0,22.0,22.0,21.0,22.0,21.0,21.0,21.0,21.0,22.0,21.0,10.0,hold,4,4,11.1123
1787152316.9703,2026-08-19 17:11:56.970,10,c3,1,0,-0.03944,-0.49601,0.04092,-4.7875,10.2606,-20.6129,-0.071,0.0103,-0.2375,3.75017,25.0,25.0,23.0,23.0,33.0,34.0,24.0,25.0,31.0,34.0,23.0,22.0,29.0,37.0,21.0,22.0,27.0,23.0,23.0,21.0,22.0,21.0,21.0,22.0,22.0,22.0,22.0,21.0,22.0,22.0,21.0,22.0,21.0,21.0,21.0,21.0,22.0,21.0,10.0,hold,4,4,11.119
1787152317.0204,2026-08-19 17:11:57.020,10,c3,1,0,-0.03944,-0.49601,0.04092,-4.8842,10.6469,-20.6715,-0.0741,0.0086,-0.2314,3.76175,25.0,25.0,23.0,23.0,33.0,34.0,24.0,25.0,31.0,34.0,23.0,22.0,29.0,37.0,21.0,22.0,27.0,23.0,23.0,21.0,22.0,21.0,21.0,22.0,22.0,22.0,22.0,21.0,22.0,22.0,21.0,22.0,21.0,21.0,21.0,21.0,22.0,21.0,10.0,hold,4,4,11.016
1787152317.0705,2026-08-19 17:11:57.070,10,c3,1,0,-0.03945,-0.496,0.04091,-4.6632,10.744,-20.7665,-0.0747,0.0136,-0.228,3.75848,23.0,24.0,21.0,23.0,33.0,33.0,23.0,23.0,33.0,33.0,24.0,21.0,29.0,36.0,22.0,20.0,25.0,23.0,21.0,21.0,22.0,21.0,21.0,22.0,22.0,22.0,22.0,21.0,22.0,22.0,21.0,22.0,21.0,21.0,21.0,21.0,22.0,21.0,10.0,hold,4,4,11.0451
1787152317.1207,2026-08-19 17:11:57.120,10,c3,1,0,-0.03943,-0.49601,0.04092,-4.3436,10.1223,-20.8745,-0.0631,0.0215,-0.227,3.7537,23.0,24.0,21.0,23.0,33.0,33.0,23.0,23.0,33.0,33.0,24.0,21.0,29.0,36.0,22.0,20.0,25.0,23.0,21.0,21.0,22.0,21.0,21.0,22.0,22.0,22.0,22.0,21.0,22.0,22.0,21.0,22.0,21.0,21.0,21.0,21.0,22.0,21.0,10.0,hold,4,4,11.0877
1787152317.1708,2026-08-19 17:11:57.170,10,c3,1,0,-0.03944,-0.49601,0.04092,-4.7217,10.5366,-20.6308,-0.0735,0.01,-0.2353,3.76477,22.0,24.0,21.0,21.0,33.0,32.0,22.0,25.0,33.0,32.0,23.0,22.0,29.0,36.0,23.0,23.0,25.0,22.0,23.0,21.0,22.0,21.0,21.0,22.0,22.0,22.0,22.0,21.0,22.0,22.0,21.0,22.0,21.0,21.0,21.0,21.0,22.0,21.0,10.0,hold,4,4,10.9891
1787152317.2209,2026-08-19 17:11:57.220,10,c3,1,0,-0.03945,-0.49603,0.04093,-4.7598,10.5976,-20.8548,-0.0754,0.0099,-0.2345,3.74967,22.0,24.0,20.0,22.0,33.0,30.0,22.0,25.0,32.0,33.0,25.0,23.0,29.0,38.0,25.0,23.0,27.0,22.0,23.0,21.0,22.0,21.0,21.0,22.0,22.0,22.0,22.0,21.0,22.0,22.0,21.0,22.0,21.0,21.0,21.0,21.0,22.0,21.0,10.0,hold,4,4,11.1235
1787152317.271,2026-08-19 17:11:57.271,10,c3,1,0,-0.03943,-0.49602,0.04093,-4.4736,10.4558,-20.7142,-0.0706,0.0158,-0.2264,3.76276,22.0,24.0,20.0,22.0,33.0,30.0,22.0,25.0,32.0,33.0,25.0,23.0,29.0,38.0,25.0,23.0,27.0,22.0,23.0,21.0,22.0,21.0,21.0,22.0,22.0,22.0,22.0,21.0,22.0,22.0,21.0,22.0,21.0,21.0,21.0,21.0,22.0,21.0,10.0,hold,4,4,11.007
1787152317.3212,2026-08-19 17:11:57.321,10,c3,1,0,-0.03945,-0.49601,0.04093,-4.3211,9.9832,-20.8112,-0.0614,0.0214,-0.2348,3.75395,22.0,24.0,22.0,22.0,31.0,33.0,22.0,25.0,33.0,33.0,24.0,21.0,29.0,37.0,23.0,20.0,26.0,22.0,22.0,21.0,22.0,21.0,21.0,22.0,22.0,22.0,22.0,21.0,22.0,22.0,21.0,22.0,21.0,21.0,21.0,21.0,22.0,21.0,10.0,hold,4,4,11.0854
1787152317.3713,2026-08-19 17:11:57.371,10,c3,1,0,-0.03945,-0.49601,0.04091,-4.5672,10.7076,-20.8376,-0.0788,0.0126,-0.2301,3.75848,22.0,24.0,22.0,22.0,31.0,33.0,22.0,25.0,33.0,33.0,24.0,21.0,29.0,37.0,23.0,20.0,26.0,22.0,22.0,21.0,22.0,21.0,21.0,22.0,22.0,22.0,22.0,21.0,22.0,22.0,21.0,22.0,21.0,21.0,21.0,21.0,22.0,21.0,10.0,hold,4,4,11.0451
1787152317.4215,2026-08-19 17:11:57.421,10,c3,1,0,-0.03944,-0.49602,0.04092,-4.7425,10.9328,-20.8241,-0.0851,0.0106,-0.2343,3.76352,23.0,25.0,22.0,22.0,34.0,33.0,22.0,25.0,33.0,32.0,23.0,22.0,27.0,36.0,24.0,20.0,26.0,22.0,23.0,21.0,22.0,21.0,21.0,22.0,22.0,22.0,22.0,21.0,22.0,22.0,21.0,22.0,21.0,21.0,21.0,21.0,22.0,21.0,10.0,hold,4,4,11.0003
1787152317.4716,2026-08-19 17:11:57.471,10,c3,1,0,-0.03945,-0.49601,0.04091,-4.4176,10.4034,-20.8109,-0.0706,0.0207,-0.2294,3.75042,24.0,23.0,21.0,23.0,33.0,31.0,23.0,26.0,32.0,34.0,23.0,22.0,28.0,38.0,23.0,22.0,26.0,22.0,23.0,21.0,22.0,21.0,21.0,22.0,22.0,22.0,22.0,21.0,22.0,22.0,21.0,22.0,21.0,21.0,21.0,21.0,22.0,21.0,10.0,hold,4,4,11.1168
1787152317.5218,2026-08-19 17:11:57.521,10,c3,1,0,-0.03946,-0.49602,0.04093,-4.6754,10.5923,-20.7426,-0.076,0.0119,-0.235,3.76603,24.0,23.0,21.0,23.0,33.0,31.0,23.0,26.0,32.0,34.0,23.0,22.0,28.0,38.0,23.0,22.0,26.0,22.0,23.0,21.0,22.0,21.0,21.0,22.0,22.0,22.0,22.0,21.0,22.0,22.0,21.0,22.0,21.0,21.0,21.0,21.0,22.0,21.0,10.0,hold,4,4,10.9779
1787152317.5719,2026-08-19 17:11:57.571,10,c3,1,0,-0.03945,-0.49602,0.04092,-4.8982,10.5732,-20.5911,-0.0738,0.0094,-0.2428,3.74765,24.0,23.0,20.0,23.0,33.0,32.0,23.0,25.0,34.0,32.0,24.0,23.0,28.0,36.0,21.0,22.0,26.0,22.0,25.0,21.0,22.0,21.0,21.0,22.0,22.0,22.0,22.0,21.0,22.0,22.0,21.0,22.0,21.0,21.0,21.0,21.0,22.0,21.0,10.0,hold,4,4,11.1414
1787152317.622,2026-08-19 17:11:57.622,10,c3,1,0,-0.03947,-0.49603,0.04094,-4.6311,10.6917,-20.7671,-0.0781,0.0122,-0.2367,3.76175,24.0,23.0,20.0,23.0,33.0,32.0,23.0,25.0,34.0,32.0,24.0,23.0,28.0,36.0,21.0,22.0,26.0,22.0,25.0,21.0,22.0,21.0,21.0,22.0,22.0,22.0,22.0,21.0,22.0,22.0,21.0,22.0,21.0,21.0,21.0,21.0,22.0,21.0,10.0,hold,4,4,11.016
1787152317.6722,2026-08-19 17:11:57.672,10,c3,0,0,-0.03944,-0.49601,0.04091,-4.6243,10.3477,-20.7608,-0.0702,0.0154,-0.2373,3.75924,22.0,24.0,21.0,22.0,34.0,31.0,23.0,24.0,33.0,32.0,23.0,21.0,29.0,36.0,23.0,20.0,27.0,23.0,22.0,21.0,22.0,21.0,21.0,22.0,22.0,22.0,22.0,21.0,22.0,22.0,21.0,22.0,21.0,21.0,21.0,21.0,22.0,21.0,10.0,retract,4,4,11.0384
1787152317.7222,2026-08-19 17:11:57.722,10,c3,0,0,-0.03942,-0.49602,0.04094,-4.6869,10.3494,-21.031,-0.0725,0.0104,-0.2376,3.76931,23.0,26.0,21.0,22.0,33.0,31.0,23.0,24.0,35.0,34.0,23.0,21.0,28.0,37.0,25.0,20.0,26.0,23.0,23.0,21.0,22.0,21.0,21.0,22.0,22.0,22.0,22.0,21.0,22.0,22.0,21.0,22.0,21.0,21.0,21.0,21.0,22.0,21.0,10.0,retract,4,4,10.9488
1787152317.7724,2026-08-19 17:11:57.772,10,c3,0,0,-0.03946,-0.49599,0.04096,-4.5923,10.416,-20.9094,-0.0734,0.0142,-0.2388,3.79423,23.0,26.0,21.0,22.0,33.0,31.0,23.0,24.0,35.0,34.0,23.0,21.0,28.0,37.0,25.0,20.0,26.0,23.0,23.0,21.0,22.0,21.0,21.0,22.0,22.0,22.0,22.0,21.0,22.0,22.0,21.0,22.0,21.0,21.0,21.0,21.0,22.0,21.0,10.0,retract,4,4,10.727
1787152317.8225,2026-08-19 17:11:57.822,10,c3,0,0,-0.03945,-0.49601,0.04105,-4.6469,10.5741,-21.0601,-0.0762,0.0112,-0.2341,3.82973,21.0,25.0,22.0,21.0,34.0,32.0,23.0,24.0,33.0,34.0,23.0,20.0,29.0,38.0,23.0,20.0,26.0,23.0,22.0,21.0,22.0,21.0,21.0,22.0,22.0,22.0,22.0,21.0,22.0,22.0,21.0,22.0,21.0,21.0,21.0,21.0,22.0,21.0,10.0,retract,4,4,10.4112
1787152317.8726,2026-08-19 17:11:57.872,10,c3,0,0,-0.03943,-0.496,0.04118,-4.5765,10.3588,-21.3428,-0.0705,0.0131,-0.2296,3.88663,21.0,25.0,22.0,21.0,34.0,32.0,23.0,24.0,33.0,34.0,23.0,20.0,29.0,38.0,23.0,20.0,26.0,23.0,22.0,21.0,22.0,21.0,21.0,22.0,22.0,22.0,22.0,21.0,22.0,22.0,21.0,22.0,21.0,21.0,21.0,21.0,22.0,21.0,10.0,retract,4,4,9.905
1787152317.9227,2026-08-19 17:11:57.922,10,c3,0,0,-0.03942,-0.496,0.04136,-4.7162,10.3635,-21.5606,-0.0712,0.0111,-0.2353,3.96418,22.0,25.0,22.0,21.0,33.0,32.0,23.0,27.0,32.0,33.0,23.0,25.0,29.0,37.0,23.0,22.0,26.0,22.0,24.0,21.0,22.0,21.0,21.0,22.0,22.0,22.0,22.0,21.0,22.0,22.0,21.0,22.0,21.0,21.0,21.0,21.0,22.0,21.0,10.0,retract,4,4,9.2151
1787152317.9729,2026-08-19 17:11:57.972,10,c3,0,0,-0.03944,-0.49599,0.04154,-4.8968,10.6551,-22.0274,-0.0761,0.0046,-0.2375,4.02032,25.0,25.0,20.0,25.0,33.0,32.0,22.0,26.0,32.0,31.0,22.0,22.0,28.0,38.0,22.0,23.0,27.0,21.0,24.0,21.0,22.0,21.0,21.0,22.0,22.0,22.0,22.0,21.0,22.0,22.0,21.0,22.0,21.0,21.0,21.0,21.0,22.0,21.0,10.0,retract,4,4,8.7156
1787152318.023,2026-08-19 17:11:58.022,10,c3,0,0,-0.03944,-0.49599,0.04176,-4.5927,10.3238,-22.2353,-0.0714,0.0105,-0.2319,4.1024,25.0,25.0,20.0,25.0,33.0,32.0,22.0,26.0,32.0,31.0,22.0,22.0,28.0,38.0,22.0,23.0,27.0,21.0,24.0,21.0,22.0,21.0,21.0,22.0,22.0,22.0,22.0,21.0,22.0,22.0,21.0,22.0,21.0,21.0,21.0,21.0,22.0,21.0,10.0,retract,4,4,7.9854
1787152318.0731,2026-08-19 17:11:58.073,10,c3,0,0,-0.03943,-0.49598,0.04201,-4.5947,10.3987,-22.528,-0.0735,0.0109,-0.2363,4.17089,24.0,24.0,20.0,23.0,33.0,32.0,22.0,25.0,31.0,32.0,23.0,21.0,28.0,37.0,22.0,21.0,27.0,23.0,23.0,21.0,22.0,21.0,21.0,22.0,22.0,22.0,22.0,21.0,22.0,22.0,21.0,22.0,21.0,21.0,21.0,21.0,22.0,21.0,10.0,retract,4,4,7.3762
1787152318.1232,2026-08-19 17:11:58.123,10,c3,0,0,-0.03944,-0.49597,0.04229,-4.7412,10.5384,-22.7614,-0.0759,0.0071,-0.2395,4.26455,24.0,24.0,20.0,23.0,33.0,32.0,22.0,25.0,31.0,32.0,23.0,21.0,28.0,37.0,22.0,21.0,27.0,23.0,23.0,21.0,22.0,21.0,21.0,22.0,22.0,22.0,22.0,21.0,22.0,22.0,21.0,22.0,21.0,21.0,21.0,21.0,22.0,21.0,10.0,retract,4,4,6.5429
1787152318.1733,2026-08-19 17:11:58.173,10,c3,0,0,-0.03942,-0.49597,0.04261,-4.6932,10.4705,-23.0275,-0.0783,0.0066,-0.2407,4.33857,23.0,24.0,22.0,22.0,32.0,31.0,22.0,27.0,31.0,31.0,25.0,22.0,27.0,35.0,23.0,20.0,25.0,23.0,24.0,21.0,22.0,21.0,21.0,22.0,22.0,22.0,22.0,21.0,22.0,22.0,21.0,22.0,21.0,21.0,21.0,21.0,22.0,21.0,10.0,retract,4,4,5.8844
1787152318.2234,2026-08-19 17:11:58.223,10,c3,0,0,-0.03944,-0.49595,0.04292,-4.2173,10.1608,-23.3064,-0.0712,0.0152,-0.2276,4.41712,23.0,24.0,22.0,22.0,32.0,31.0,22.0,27.0,31.0,31.0,25.0,22.0,27.0,35.0,23.0,20.0,25.0,23.0,24.0,21.0,22.0,21.0,21.0,22.0,22.0,22.0,22.0,21.0,22.0,22.0,21.0,22.0,21.0,21.0,21.0,21.0,22.0,21.0,10.0,retract,4,4,5.1856
1787152318.2736,2026-08-19 17:11:58.273,10,c3,0,0,-0.03943,-0.49597,0.04327,-4.67,10.5224,-23.5651,-0.0757,0.0072,-0.235,4.49341,24.0,21.0,21.0,24.0,30.0,30.0,23.0,23.0,29.0,30.0,24.0,20.0,27.0,35.0,24.0,20.0,26.0,23.0,23.0,21.0,22.0,21.0,21.0,22.0,22.0,22.0,22.0,21.0,22.0,22.0,21.0,22.0,21.0,21.0,21.0,21.0,22.0,21.0,10.0,retract,4,4,4.5069
1787152318.3237,2026-08-19 17:11:58.323,10,c3,0,0,-0.03943,-0.49601,0.04362,-4.2794,10.1313,-23.7958,-0.0711,0.0133,-0.2367,4.56743,21.0,25.0,20.0,22.0,30.0,29.0,23.0,24.0,30.0,29.0,23.0,22.0,26.0,33.0,22.0,21.0,25.0,21.0,23.0,21.0,22.0,21.0,21.0,22.0,22.0,22.0,22.0,21.0,22.0,22.0,21.0,22.0,21.0,21.0,21.0,21.0,22.0,21.0,10.0,retract,4,4,3.8483
1787152318.3738,2026-08-19 17:11:58.373,10,c3,0,0,-0.03944,-0.49602,0.04399,-4.2223,10.2937,-24.27,-0.0761,0.0129,-0.2344,4.62257,21.0,25.0,20.0,22.0,30.0,29.0,23.0,24.0,30.0,29.0,23.0,22.0,26.0,33.0,22.0,21.0,25.0,21.0,23.0,21.0,22.0,21.0,21.0,22.0,22.0,22.0,22.0,21.0,22.0,22.0,21.0,22.0,21.0,21.0,21.0,21.0,22.0,21.0,10.0,retract,4,4,3.3578
1787152318.4239,2026-08-19 17:11:58.423,10,c3,0,0,-0.03945,-0.49599,0.04429,-3.9202,9.794,-24.3771,-0.0639,0.0226,-0.2296,4.65228,22.0,23.0,21.0,22.0,31.0,29.0,21.0,22.0,30.0,29.0,20.0,19.0,28.0,33.0,21.0,20.0,26.0,21.0,22.0,21.0,22.0,21.0,21.0,22.0,22.0,22.0,22.0,21.0,22.0,22.0,21.0,22.0,21.0,21.0,21.0,21.0,22.0,21.0,10.0,retract,4,4,3.0935
1787152318.4739,2026-08-19 17:11:58.473,10,c3,0,0,-0.03942,-0.49598,0.04462,-4.3398,10.5659,-24.6206,-0.0827,0.0089,-0.2394,4.6845,22.0,23.0,21.0,22.0,31.0,29.0,21.0,22.0,30.0,29.0,20.0,19.0,28.0,33.0,21.0,20.0,26.0,21.0,22.0,21.0,22.0,21.0,21.0,22.0,22.0,22.0,22.0,21.0,22.0,22.0,21.0,22.0,21.0,21.0,21.0,21.0,22.0,21.0,10.0,retract,4,4,2.8068
1787152318.5241,2026-08-19 17:11:58.524,10,c3,0,0,-0.03946,-0.49599,0.04498,-4.4322,10.2041,-24.4165,-0.0741,0.0055,-0.2319,4.68325,21.0,23.0,20.0,21.0,30.0,28.0,20.0,27.0,30.0,28.0,20.0,22.0,28.0,30.0,21.0,21.0,24.0,21.0,23.0,21.0,22.0,21.0,21.0,22.0,22.0,22.0,22.0,21.0,22.0,22.0,21.0,22.0,21.0,21.0,21.0,21.0,22.0,21.0,10.0,retract,4,4,2.818
1787152318.5742,2026-08-19 17:11:58.574,10,c3,0,0,-0.03944,-0.496,0.0453,-4.1516,10.231,-24.3563,-0.0747,0.0153,-0.2323,4.69332,22.0,23.0,19.0,22.0,31.0,26.0,20.0,23.0,25.0,29.0,22.0,19.0,26.0,32.0,22.0,21.0,27.0,23.0,23.0,21.0,22.0,21.0,21.0,22.0,22.0,22.0,22.0,21.0,22.0,22.0,21.0,22.0,21.0,21.0,21.0,21.0,22.0,21.0,10.0,retract,4,4,2.7284
1787152318.6243,2026-08-19 17:11:58.624,10,c3,0,0,-0.03944,-0.49599,0.04562,-4.0026,10.0504,-24.4535,-0.072,0.0209,-0.2319,4.68979,22.0,23.0,19.0,22.0,31.0,26.0,20.0,23.0,25.0,29.0,22.0,19.0,26.0,32.0,22.0,21.0,27.0,23.0,23.0,21.0,22.0,21.0,21.0,22.0,22.0,22.0,22.0,21.0,22.0,22.0,21.0,22.0,21.0,21.0,21.0,21.0,22.0,21.0,10.0,retract,4,4,2.7597
1787152318.6744,2026-08-19 17:11:58.674,10,c3,0,0,-0.03944,-0.49601,0.04597,-4.4039,10.2879,-24.6176,-0.0789,0.0076,-0.2313,4.69659,23.0,22.0,20.0,23.0,28.0,26.0,23.0,21.0,27.0,28.0,22.0,16.0,25.0,29.0,21.0,18.0,24.0,20.0,20.0,21.0,22.0,21.0,21.0,22.0,22.0,22.0,22.0,21.0,22.0,22.0,21.0,22.0,21.0,21.0,21.0,21.0,22.0,21.0,10.0,retract,4,4,2.6993
1787152318.7246,2026-08-19 17:11:58.724,10,c3,0,0,-0.03944,-0.496,0.04631,-4.5372,10.3824,-24.4236,-0.0772,0.0039,-0.2363,4.69709,23.0,22.0,20.0,23.0,28.0,26.0,23.0,21.0,27.0,28.0,22.0,16.0,25.0,29.0,21.0,18.0,24.0,20.0,20.0,21.0,22.0,21.0,21.0,22.0,22.0,22.0,22.0,21.0,22.0,22.0,21.0,22.0,21.0,21.0,21.0,21.0,22.0,21.0,10.0,retract,4,4,2.6948
1787152318.7746,2026-08-19 17:11:58.774,10,c3,0,0,-0.03944,-0.49599,0.04664,-3.9789,10.2639,-24.2597,-0.0771,0.0164,-0.2303,4.69785,21.0,24.0,18.0,20.0,29.0,25.0,21.0,19.0,27.0,27.0,23.0,15.0,25.0,29.0,22.0,17.0,24.0,21.0,20.0,21.0,22.0,21.0,21.0,22.0,22.0,22.0,22.0,21.0,22.0,22.0,21.0,22.0,21.0,21.0,21.0,21.0,22.0,21.0,10.0,retract,4,4,2.6881
1787152318.8248,2026-08-19 17:11:58.824,10,c3,0,0,-0.03943,-0.49599,0.04697,-4.4019,10.3129,-24.4575,-0.0761,0.0055,-0.2351,4.69357,18.0,22.0,18.0,19.0,28.0,23.0,22.0,21.0,23.0,27.0,22.0,17.0,24.0,28.0,23.0,19.0,25.0,23.0,22.0,21.0,22.0,21.0,21.0,22.0,22.0,22.0,22.0,21.0,22.0,22.0,21.0,22.0,21.0,21.0,21.0,21.0,22.0,21.0,10.0,retract,4,4,2.7261
1787152318.8749,2026-08-19 17:11:58.874,10,c3,0,0,-0.03945,-0.49601,0.04734,-4.4126,10.3694,-24.3815,-0.0775,0.0079,-0.2332,4.69357,18.0,22.0,18.0,19.0,28.0,23.0,22.0,21.0,23.0,27.0,22.0,17.0,24.0,28.0,23.0,19.0,25.0,23.0,22.0,21.0,22.0,21.0,21.0,22.0,22.0,22.0,22.0,21.0,22.0,22.0,21.0,22.0,21.0,21.0,21.0,21.0,22.0,21.0,10.0,retract,4,4,2.7261
1787152318.925,2026-08-19 17:11:58.924,10,c3,0,0,-0.03944,-0.496,0.04765,-4.1752,10.2955,-24.3334,-0.0765,0.0144,-0.2352,4.6908,19.0,24.0,19.0,18.0,26.0,23.0,22.0,22.0,24.0,26.0,22.0,18.0,24.0,28.0,22.0,19.0,25.0,23.0,21.0,21.0,22.0,21.0,21.0,22.0,22.0,22.0,22.0,21.0,22.0,22.0,21.0,22.0,21.0,21.0,21.0,21.0,22.0,21.0,10.0,retract,4,4,2.7508
1787152318.9751,2026-08-19 17:11:58.975,10,c3,0,0,-0.03945,-0.49599,0.04793,-4.3793,10.128,-24.322,-0.0722,0.0024,-0.2354,4.69659,19.0,24.0,19.0,18.0,26.0,23.0,22.0,22.0,24.0,26.0,22.0,18.0,24.0,28.0,22.0,19.0,25.0,23.0,21.0,21.0,22.0,21.0,21.0,22.0,22.0,22.0,22.0,21.0,22.0,22.0,21.0,22.0,21.0,21.0,21.0,21.0,22.0,21.0,10.0,retract,4,4,2.6993
1787152319.0252,2026-08-19 17:11:59.025,10,c3,0,0,-0.03944,-0.49599,0.04827,-4.3425,10.2815,-24.5675,-0.0743,0.0085,-0.231,4.6908,21.0,21.0,18.0,20.0,25.0,22.0,21.0,23.0,24.0,28.0,22.0,19.0,24.0,29.0,22.0,19.0,25.0,22.0,22.0,21.0,22.0,21.0,21.0,22.0,22.0,22.0,22.0,21.0,22.0,22.0,21.0,22.0,21.0,21.0,21.0,21.0,22.0,21.0,10.0,retract,4,4,2.7508
1787152319.0753,2026-08-19 17:11:59.075,10,c3,0,0,-0.03943,-0.49599,0.04861,-4.3939,10.3783,-24.3178,-0.0813,0.0065,-0.2355,4.68904,21.0,21.0,19.0,22.0,26.0,24.0,21.0,23.0,24.0,25.0,22.0,19.0,24.0,27.0,23.0,20.0,23.0,22.0,22.0,21.0,22.0,21.0,21.0,22.0,22.0,22.0,22.0,21.0,22.0,22.0,21.0,22.0,21.0,21.0,21.0,21.0,22.0,21.0,10.0,retract,4,4,2.7665
1787152319.1255,2026-08-19 17:11:59.125,10,c3,0,0,-0.03943,-0.496,0.04897,-4.4558,10.5857,-24.3937,-0.082,0.0049,-0.2294,4.6986,21.0,21.0,19.0,22.0,26.0,24.0,21.0,23.0,24.0,25.0,22.0,19.0,24.0,27.0,23.0,20.0,23.0,22.0,22.0,21.0,22.0,21.0,21.0,22.0,22.0,22.0,22.0,21.0,22.0,22.0,21.0,22.0,21.0,21.0,21.0,21.0,22.0,21.0,10.0,retract,4,4,2.6813
1787152319.1756,2026-08-19 17:11:59.175,10,c3,0,0,-0.03942,-0.49599,0.04929,-4.3032,10.4059,-24.3811,-0.0807,0.0087,-0.2322,4.68954,22.0,21.0,17.0,20.0,26.0,22.0,22.0,23.0,25.0,25.0,21.0,19.0,25.0,27.0,21.0,20.0,24.0,21.0,22.0,21.0,22.0,21.0,21.0,22.0,22.0,22.0,22.0,21.0,22.0,22.0,21.0,22.0,21.0,21.0,21.0,21.0,22.0,21.0,10.0,retract,4,4,2.762
1787152319.2258,2026-08-19 17:11:59.225,10,c3,0,0,-0.03944,-0.49601,0.04963,-4.1143,10.321,-24.3414,-0.0779,0.0167,-0.2314,4.68576,22.0,21.0,17.0,20.0,26.0,22.0,22.0,23.0,25.0,25.0,21.0,19.0,25.0,27.0,21.0,20.0,24.0,21.0,22.0,21.0,22.0,21.0,21.0,22.0,22.0,22.0,22.0,21.0,22.0,22.0,21.0,22.0,21.0,21.0,21.0,21.0,22.0,21.0,10.0,retract,4,4,2.7956
1787152319.2758,2026-08-19 17:11:59.275,10,c3,0,0,-0.03943,-0.49599,0.04989,-4.348,10.2317,-24.398,-0.0748,0.0097,-0.2377,4.68879,22.0,22.0,19.0,21.0,27.0,23.0,21.0,22.0,23.0,26.0,23.0,18.0,23.0,28.0,23.0,19.0,24.0,22.0,20.0,21.0,22.0,21.0,21.0,22.0,22.0,22.0,22.0,21.0,22.0,22.0,21.0,22.0,21.0,21.0,21.0,21.0,22.0,21.0,10.0,retract,4,4,2.7687
1787152319.3259,2026-08-19 17:11:59.325,10,c3,0,0,-0.03944,-0.49598,0.05011,-4.1719,10.3565,-24.4237,-0.0747,0.011,-0.2359,4.6762,22.0,22.0,19.0,21.0,27.0,23.0,21.0,22.0,23.0,26.0,23.0,18.0,23.0,28.0,23.0,19.0,24.0,22.0,20.0,21.0,22.0,21.0,21.0,22.0,22.0,22.0,22.0,21.0,22.0,22.0,21.0,22.0,21.0,21.0,21.0,21.0,22.0,21.0,10.0,retract,4,4,2.8807
1787152319.3761,2026-08-19 17:11:59.376,10,c3,0,0,-0.03945,-0.49602,0.05034,-4.6982,10.8922,-24.3428,-0.0887,-0.0029,-0.243,4.69483,22.0,20.0,19.0,20.0,24.0,24.0,22.0,22.0,23.0,26.0,21.0,18.0,24.0,28.0,22.0,19.0,24.0,21.0,22.0,21.0,22.0,21.0,21.0,22.0,22.0,22.0,22.0,21.0,22.0,22.0,21.0,22.0,21.0,21.0,21.0,21.0,22.0,21.0,10.0,retract,4,4,2.7149
1787152319.4262,2026-08-19 17:11:59.426,10,c3,0,0,-0.03944,-0.49603,0.05051,-4.2476,10.6021,-24.2227,-0.0869,0.0086,-0.2357,4.69659,20.0,21.0,19.0,19.0,26.0,23.0,21.0,21.0,23.0,26.0,21.0,17.0,23.0,27.0,22.0,19.0,25.0,22.0,22.0,21.0,22.0,21.0,21.0,22.0,22.0,22.0,22.0,21.0,22.0,22.0,21.0,22.0,21.0,21.0,21.0,21.0,22.0,21.0,10.0,retract,4,4,2.6993
1787152319.4763,2026-08-19 17:11:59.476,10,c3,0,0,-0.03944,-0.49602,0.05062,-4.5327,10.3199,-24.3427,-0.0745,0.003,-0.2362,4.69382,20.0,21.0,19.0,19.0,26.0,23.0,21.0,21.0,23.0,26.0,21.0,17.0,23.0,27.0,22.0,19.0,25.0,22.0,22.0,21.0,22.0,21.0,21.0,22.0,22.0,22.0,22.0,21.0,22.0,22.0,21.0,22.0,21.0,21.0,21.0,21.0,22.0,21.0,10.0,retract,4,4,2.7239
1787152319.5264,2026-08-19 17:11:59.526,10,c3,0,0,-0.03944,-0.49601,0.05071,-4.3377,9.9857,-24.4786,-0.069,0.0101,-0.2359,4.68879,19.0,20.0,19.0,18.0,24.0,22.0,22.0,21.0,24.0,25.0,20.0,17.0,23.0,28.0,22.0,18.0,25.0,22.0,21.0,21.0,22.0,21.0,21.0,22.0,22.0,22.0,22.0,21.0,22.0,22.0,21.0,22.0,21.0,21.0,21.0,21.0,22.0,21.0,10.0,retract,4,4,2.7687
1787152319.5765,2026-08-19 17:11:59.576,10,c3,0,0,-0.03943,-0.496,0.05078,-4.5436,10.1447,-24.5013,-0.0712,0.0023,-0.2399,4.69281,19.0,20.0,19.0,18.0,24.0,22.0,22.0,21.0,24.0,25.0,20.0,17.0,23.0,28.0,22.0,18.0,25.0,22.0,21.0,21.0,22.0,21.0,21.0,22.0,22.0,22.0,22.0,21.0,22.0,22.0,21.0,22.0,21.0,21.0,21.0,21.0,22.0,21.0,10.0,retract,4,4,2.7329
1787152319.6267,2026-08-19 17:11:59.626,10,c3,0,0,-0.03944,-0.496,0.05084,-4.6179,10.5952,-24.4791,-0.0821,0.0036,-0.2355,4.69407,21.0,21.0,19.0,19.0,25.0,23.0,21.0,20.0,24.0,25.0,21.0,15.0,23.0,26.0,22.0,17.0,24.0,22.0,20.0,21.0,22.0,21.0,21.0,22.0,22.0,22.0,22.0,21.0,22.0,22.0,21.0,22.0,21.0,21.0,21.0,21.0,22.0,21.0,10.0,retract,4,4,2.7217
1787152319.6768,2026-08-19 17:11:59.676,10,c3,0,0,-0.03944,-0.496,0.05086,-4.1015,10.5735,-24.7026,-0.0795,0.0158,-0.2357,4.6986,20.0,21.0,19.0,20.0,25.0,23.0,21.0,22.0,22.0,25.0,21.0,18.0,23.0,26.0,23.0,19.0,24.0,23.0,21.0,21.0,22.0,21.0,21.0,22.0,22.0,22.0,22.0,21.0,22.0,22.0,21.0,22.0,21.0,21.0,21.0,21.0,22.0,21.0,10.0,post,4,4,2.6813
1787152319.7269,2026-08-19 17:11:59.726,10,c3,0,0,-0.03944,-0.496,0.05089,-4.4993,10.5386,-24.2653,-0.0836,0.0058,-0.2358,4.68576,20.0,21.0,19.0,20.0,25.0,23.0,21.0,22.0,22.0,25.0,21.0,18.0,23.0,26.0,23.0,19.0,24.0,23.0,21.0,21.0,22.0,21.0,21.0,22.0,22.0,22.0,22.0,21.0,22.0,22.0,21.0,22.0,21.0,21.0,21.0,21.0,22.0,21.0,10.0,post,4,4,2.7956
1787152319.777,2026-08-19 17:11:59.777,10,c3,0,0,-0.03944,-0.49601,0.0509,-4.695,10.5736,-24.5254,-0.0814,0.0003,-0.2342,4.69181,21.0,20.0,19.0,20.0,26.0,22.0,22.0,22.0,21.0,26.0,21.0,19.0,22.0,26.0,22.0,20.0,24.0,21.0,21.0,21.0,22.0,21.0,21.0,22.0,22.0,22.0,22.0,21.0,22.0,22.0,21.0,22.0,21.0,21.0,21.0,21.0,22.0,21.0,10.0,post,4,4,2.7418
1787152319.8271,2026-08-19 17:11:59.827,10,c3,0,0,-0.03943,-0.49601,0.05092,-4.1995,10.127,-24.4357,-0.071,0.0127,-0.2389,4.69583,21.0,20.0,19.0,20.0,26.0,22.0,22.0,22.0,21.0,26.0,21.0,19.0,22.0,26.0,22.0,20.0,24.0,21.0,21.0,21.0,22.0,21.0,21.0,22.0,22.0,22.0,22.0,21.0,22.0,22.0,21.0,22.0,21.0,21.0,21.0,21.0,22.0,21.0,10.0,post,4,4,2.706
1787152319.8773,2026-08-19 17:11:59.877,10,c3,0,0,-0.03944,-0.49601,0.05091,-4.1498,10.2567,-24.5925,-0.0748,0.0143,-0.2355,4.6908,19.0,21.0,18.0,19.0,23.0,22.0,21.0,21.0,22.0,27.0,23.0,18.0,25.0,29.0,23.0,18.0,24.0,23.0,22.0,21.0,22.0,21.0,21.0,22.0,22.0,22.0,22.0,21.0,22.0,22.0,21.0,22.0,21.0,21.0,21.0,21.0,22.0,21.0,10.0,post,4,4,2.7508
1787152319.9274,2026-08-19 17:11:59.927,10,c3,0,0,-0.03944,-0.496,0.05091,-4.6944,10.4956,-24.2516,-0.0814,-0.0002,-0.2411,4.6976,21.0,20.0,21.0,20.0,24.0,23.0,23.0,22.0,22.0,27.0,21.0,17.0,23.0,26.0,21.0,18.0,24.0,22.0,20.0,21.0,22.0,21.0,21.0,22.0,22.0,22.0,22.0,21.0,22.0,22.0,21.0,22.0,21.0,21.0,21.0,21.0,22.0,21.0,10.0,post,4,4,2.6903
1787152319.9776,2026-08-19 17:11:59.977,10,c3,0,0,-0.03944,-0.49602,0.05091,-4.3121,9.9709,-24.5444,-0.0691,0.0113,-0.2371,4.68879,21.0,20.0,21.0,20.0,24.0,23.0,23.0,22.0,22.0,27.0,21.0,17.0,23.0,26.0,21.0,18.0,24.0,22.0,20.0,21.0,22.0,21.0,21.0,22.0,22.0,22.0,22.0,21.0,22.0,22.0,21.0,22.0,21.0,21.0,21.0,21.0,22.0,21.0,10.0,post,4,4,2.7687
1787152320.0277,2026-08-19 17:12:00.027,10,c3,0,0,-0.03945,-0.49601,0.05091,-4.3594,10.4998,-24.2872,-0.0797,0.0115,-0.2414,4.69533,20.0,21.0,18.0,20.0,25.0,22.0,20.0,20.0,22.0,27.0,23.0,16.0,23.0,26.0,22.0,17.0,23.0,22.0,20.0,21.0,22.0,21.0,21.0,22.0,22.0,22.0,22.0,21.0,22.0,22.0,21.0,22.0,21.0,21.0,21.0,21.0,22.0,21.0,10.0,post,4,4,2.7105
1787152320.0778,2026-08-19 17:12:00.077,10,c3,0,0,-0.03945,-0.496,0.05091,-4.6322,10.5905,-24.4796,-0.084,0.0001,-0.2479,4.69458,20.0,21.0,18.0,20.0,25.0,22.0,20.0,20.0,22.0,27.0,23.0,16.0,23.0,26.0,22.0,17.0,23.0,22.0,20.0,21.0,22.0,21.0,21.0,22.0,22.0,22.0,22.0,21.0,22.0,22.0,21.0,22.0,21.0,21.0,21.0,21.0,22.0,21.0,10.0,post,4,4,2.7172
1787152320.1279,2026-08-19 17:12:00.127,10,c3,0,0,-0.03945,-0.496,0.0509,-4.3013,10.2127,-24.3936,-0.0737,0.0101,-0.2363,4.68325,19.0,22.0,19.0,18.0,25.0,22.0,22.0,19.0,24.0,27.0,21.0,16.0,25.0,26.0,23.0,17.0,24.0,21.0,21.0,21.0,22.0,21.0,21.0,22.0,22.0,22.0,22.0,21.0,22.0,22.0,21.0,22.0,21.0,21.0,21.0,21.0,22.0,21.0,10.0,post,4,4,2.818
1787152320.1781,2026-08-19 17:12:00.178,10,c3,0,0,-0.03944,-0.49601,0.0509,-4.3476,9.9353,-24.178,-0.0634,0.0105,-0.2348,4.69735,19.0,23.0,19.0,19.0,26.0,23.0,20.0,22.0,24.0,26.0,21.0,19.0,24.0,26.0,22.0,20.0,24.0,21.0,22.0,21.0,22.0,21.0,21.0,22.0,22.0,22.0,22.0,21.0,22.0,22.0,21.0,22.0,21.0,21.0,21.0,21.0,22.0,21.0,10.0,post,4,4,2.6925
1787152320.2282,2026-08-19 17:12:00.228,10,c3,0,0,-0.03945,-0.49602,0.05092,-4.6228,10.4758,-24.4681,-0.0815,-0.001,-0.2418,4.69055,19.0,23.0,19.0,19.0,26.0,23.0,20.0,22.0,24.0,26.0,21.0,19.0,24.0,26.0,22.0,20.0,24.0,21.0,22.0,21.0,22.0,21.0,21.0,22.0,22.0,22.0,22.0,21.0,22.0,22.0,21.0,22.0,21.0,21.0,21.0,21.0,22.0,21.0,10.0,post,4,4,2.753
1787152320.2783,2026-08-19 17:12:00.278,10,c3,0,0,-0.03946,-0.496,0.05091,-4.4895,10.3818,-24.2628,-0.0782,0.0048,-0.238,4.68576,20.0,22.0,19.0,20.0,26.0,23.0,20.0,20.0,22.0,28.0,23.0,17.0,23.0,27.0,22.0,19.0,25.0,22.0,21.0,21.0,22.0,21.0,21.0,22.0,22.0,22.0,22.0,21.0,22.0,22.0,21.0,22.0,21.0,21.0,21.0,21.0,22.0,21.0,10.0,post,4,4,2.7956
1787152320.3284,2026-08-19 17:12:00.328,10,c3,0,0,-0.03943,-0.496,0.05091,-4.2079,10.6566,-24.3516,-0.0861,0.0119,-0.2341,4.70137,20.0,22.0,19.0,20.0,26.0,23.0,20.0,20.0,22.0,28.0,23.0,17.0,23.0,27.0,22.0,19.0,25.0,22.0,21.0,21.0,22.0,21.0,21.0,22.0,22.0,22.0,22.0,21.0,22.0,22.0,21.0,22.0,21.0,21.0,21.0,21.0,22.0,21.0,10.0,post,4,4,2.6567
1787152320.3786,2026-08-19 17:12:00.378,10,c3,0,0,-0.03946,-0.49601,0.05091,-4.4901,10.4268,-24.3409,-0.0781,0.0035,-0.2362,4.6913,20.0,22.0,20.0,21.0,24.0,23.0,22.0,23.0,22.0,27.0,22.0,20.0,23.0,26.0,21.0,21.0,24.0,22.0,23.0,21.0,22.0,21.0,21.0,22.0,22.0,22.0,22.0,21.0,22.0,22.0,21.0,22.0,21.0,21.0,21.0,21.0,22.0,21.0,10.0,post,4,4,2.7463
1787152320.4288,2026-08-19 17:12:00.428,10,c3,0,0,-0.03944,-0.49601,0.05091,-4.3037,10.3581,-24.3475,-0.0782,0.0091,-0.2396,4.69558,21.0,19.0,21.0,21.0,23.0,24.0,20.0,22.0,24.0,27.0,22.0,21.0,24.0,27.0,22.0,21.0,25.0,20.0,23.0,21.0,22.0,21.0,21.0,22.0,22.0,22.0,22.0,21.0,22.0,22.0,21.0,22.0,21.0,21.0,21.0,21.0,22.0,21.0,10.0,post,4,4,2.7082
1787152320.4789,2026-08-19 17:12:00.478,10,c3,0,0,-0.03946,-0.496,0.0509,-4.2676,10.2848,-24.3916,-0.0742,0.0105,-0.2341,4.68753,21.0,19.0,21.0,21.0,23.0,24.0,20.0,22.0,24.0,27.0,22.0,21.0,24.0,27.0,22.0,21.0,25.0,20.0,23.0,21.0,22.0,21.0,21.0,22.0,22.0,22.0,22.0,21.0,22.0,22.0,21.0,22.0,21.0,21.0,21.0,21.0,22.0,21.0,10.0,post,4,4,2.7799
1787152320.529,2026-08-19 17:12:00.529,10,c3,0,0,-0.03944,-0.496,0.0509,-4.2375,10.5461,-24.4309,-0.0805,0.0083,-0.2274,4.68879,21.0,21.0,24.0,20.0,24.0,26.0,23.0,22.0,24.0,26.0,22.0,20.0,23.0,26.0,21.0,21.0,25.0,21.0,23.0,21.0,22.0,21.0,21.0,22.0,22.0,22.0,22.0,21.0,22.0,22.0,21.0,22.0,21.0,21.0,21.0,21.0,22.0,21.0,10.0,post,4,4,2.7687
1787152320.5791,2026-08-19 17:12:00.579,10,c3,0,0,-0.03944,-0.49601,0.05091,-4.1248,10.1663,-24.6139,-0.0755,0.0141,-0.234,4.69684,21.0,21.0,24.0,20.0,24.0,26.0,23.0,22.0,24.0,26.0,22.0,20.0,23.0,26.0,21.0,21.0,25.0,21.0,23.0,21.0,22.0,21.0,21.0,22.0,22.0,22.0,22.0,21.0,22.0,22.0,21.0,22.0,21.0,21.0,21.0,21.0,22.0,21.0,10.0,post,4,4,2.697
1787152320.6293,2026-08-19 17:12:00.629,10,c3,0,0,-0.03944,-0.49601,0.0509,-4.4773,10.255,-24.3827,-0.0763,0.0047,-0.2393,4.68501,20.0,23.0,24.0,21.0,25.0,26.0,23.0,23.0,22.0,26.0,23.0,22.0,21.0,25.0,23.0,22.0,24.0,22.0,23.0,21.0,22.0,21.0,21.0,22.0,22.0,22.0,22.0,21.0,22.0,22.0,21.0,22.0,21.0,21.0,21.0,21.0,22.0,21.0,10.0,post,4,4,2.8023
1787152320.6795,2026-08-19 17:12:00.679,10,c3,0,0,-0.03945,-0.496,0.0509,-4.3475,10.6245,-24.3446,-0.0838,0.0082,-0.2412,4.68551,20.0,23.0,24.0,21.0,25.0,26.0,23.0,23.0,22.0,26.0,23.0,22.0,21.0,25.0,23.0,22.0,24.0,22.0,23.0,21.0,22.0,21.0,21.0,22.0,22.0,22.0,22.0,21.0,22.0,22.0,21.0,22.0,21.0,21.0,21.0,21.0,22.0,21.0,10.0,post,4,4,2.7978
1787152320.7295,2026-08-19 17:12:00.729,10,c3,0,0,-0.03942,-0.49601,0.05091,-4.2068,10.0298,-24.5603,-0.0714,0.0126,-0.2317,4.6986,22.0,21.0,21.0,21.0,23.0,25.0,22.0,23.0,22.0,25.0,23.0,22.0,22.0,26.0,23.0,20.0,24.0,21.0,23.0,21.0,22.0,21.0,21.0,22.0,22.0,22.0,22.0,21.0,22.0,22.0,21.0,22.0,21.0,21.0,21.0,21.0,22.0,21.0,10.0,post,4,4,2.6813
1787152320.7797,2026-08-19 17:12:00.779,10,c3,0,0,-0.03944,-0.49601,0.05091,-4.2234,10.3099,-24.3547,-0.0768,0.0137,-0.2329,4.69004,21.0,19.0,24.0,21.0,22.0,25.0,23.0,23.0,22.0,27.0,23.0,21.0,22.0,26.0,23.0,21.0,24.0,23.0,23.0,21.0,22.0,21.0,21.0,22.0,22.0,22.0,22.0,21.0,22.0,22.0,21.0,22.0,21.0,21.0,21.0,21.0,22.0,21.0,10.0,post,4,4,2.7575
1787152320.8298,2026-08-19 17:12:00.829,10,c3,0,0,-0.03942,-0.496,0.0509,-4.3546,10.3023,-24.2296,-0.0756,0.0093,-0.2297,4.6981,21.0,19.0,24.0,21.0,22.0,25.0,23.0,23.0,22.0,27.0,23.0,21.0,22.0,26.0,23.0,21.0,24.0,23.0,23.0,21.0,22.0,21.0,21.0,22.0,22.0,22.0,22.0,21.0,22.0,22.0,21.0,22.0,21.0,21.0,21.0,21.0,22.0,21.0,10.0,post,4,4,2.6858
1787152320.8799,2026-08-19 17:12:00.879,10,c3,0,0,-0.03944,-0.49601,0.05091,-4.5779,10.133,-24.1004,-0.072,0.0027,-0.2359,4.68803,21.0,20.0,24.0,20.0,24.0,25.0,23.0,23.0,26.0,26.0,22.0,22.0,24.0,26.0,22.0,21.0,24.0,22.0,22.0,21.0,22.0,21.0,21.0,22.0,22.0,22.0,22.0,21.0,22.0,22.0,21.0,22.0,21.0,21.0,21.0,21.0,22.0,21.0,10.0,post,4,4,2.7754
1787152320.93,2026-08-19 17:12:00.930,10,c3,0,0,-0.03944,-0.496,0.05091,-4.3435,10.1552,-24.3835,-0.0722,0.0098,-0.2392,4.69458,21.0,20.0,24.0,20.0,24.0,25.0,23.0,23.0,26.0,26.0,22.0,22.0,24.0,26.0,22.0,21.0,24.0,22.0,22.0,21.0,22.0,21.0,21.0,22.0,22.0,22.0,22.0,21.0,22.0,22.0,21.0,22.0,21.0,21.0,21.0,21.0,22.0,21.0,10.0,post,4,4,2.7172
1787152320.9801,2026-08-19 17:12:00.980,10,c3,0,0,-0.03944,-0.49602,0.05092,-4.4767,10.241,-24.4219,-0.0709,0.0073,-0.236,4.68828,21.0,24.0,24.0,22.0,26.0,26.0,22.0,20.0,24.0,27.0,23.0,19.0,23.0,27.0,22.0,18.0,24.0,23.0,20.0,21.0,22.0,21.0,21.0,22.0,22.0,22.0,22.0,21.0,22.0,22.0,21.0,22.0,21.0,21.0,21.0,21.0,22.0,21.0,10.0,post,4,4,2.7732
1787152321.0303,2026-08-19 17:12:01.030,10,c3,0,0,-0.03943,-0.49601,0.05092,-4.4554,10.5372,-24.3998,-0.0798,0.005,-0.2356,4.69684,20.0,22.0,24.0,19.0,25.0,26.0,22.0,23.0,23.0,25.0,22.0,21.0,23.0,26.0,22.0,21.0,23.0,21.0,21.0,21.0,22.0,21.0,21.0,22.0,22.0,22.0,22.0,21.0,22.0,22.0,21.0,22.0,21.0,21.0,21.0,21.0,22.0,21.0,10.0,post,4,4,2.697
1787152321.0804,2026-08-19 17:12:01.080,10,c3,0,0,-0.03943,-0.49601,0.05092,-4.4894,10.204,-24.3491,-0.0736,0.0068,-0.2347,4.68274,20.0,22.0,24.0,19.0,25.0,26.0,22.0,23.0,23.0,25.0,22.0,21.0,23.0,26.0,22.0,21.0,23.0,21.0,21.0,21.0,22.0,21.0,21.0,22.0,22.0,22.0,22.0,21.0,22.0,22.0,21.0,22.0,21.0,21.0,21.0,21.0,22.0,21.0,10.0,post,4,4,2.8225
1787152321.1305,2026-08-19 17:12:01.130,10,c3,0,0,-0.03944,-0.49601,0.05092,-4.5181,10.5348,-24.4544,-0.0834,0.0035,-0.2384,4.69281,21.0,22.0,23.0,22.0,25.0,25.0,21.0,21.0,23.0,27.0,23.0,20.0,24.0,26.0,22.0,19.0,25.0,22.0,20.0,21.0,22.0,21.0,21.0,22.0,22.0,22.0,22.0,21.0,22.0,22.0,21.0,22.0,21.0,21.0,21.0,21.0,22.0,21.0,10.0,post,4,4,2.7329
1787152321.1807,2026-08-19 17:12:01.180,10,c3,0,0,-0.03944,-0.49601,0.05091,-4.4977,10.6379,-24.2742,-0.0837,0.0032,-0.2336,4.69206,21.0,22.0,23.0,22.0,25.0,25.0,21.0,21.0,23.0,27.0,23.0,20.0,24.0,26.0,22.0,19.0,25.0,22.0,20.0,21.0,22.0,21.0,21.0,22.0,22.0,22.0,22.0,21.0,22.0,22.0,21.0,22.0,21.0,21.0,21.0,21.0,22.0,21.0,10.0,post,4,4,2.7396
1787152321.2308,2026-08-19 17:12:01.230,10,c3,0,0,-0.03943,-0.49601,0.05091,-4.5915,10.3816,-24.2668,-0.079,0.0027,-0.2413,4.69332,20.0,22.0,23.0,20.0,26.0,26.0,22.0,22.0,23.0,26.0,21.0,22.0,24.0,26.0,21.0,19.0,24.0,21.0,21.0,21.0,22.0,21.0,21.0,22.0,22.0,22.0,22.0,21.0,22.0,22.0,21.0,22.0,21.0,21.0,21.0,21.0,22.0,21.0,10.0,post,4,4,2.7284
1787152321.2809,2026-08-19 17:12:01.280,10,c3,0,0,-0.03944,-0.496,0.0509,-3.8126,9.6163,-24.5838,-0.0625,0.025,-0.2286,4.69181,21.0,23.0,24.0,21.0,25.0,26.0,21.0,20.0,24.0,26.0,23.0,20.0,24.0,26.0,23.0,20.0,24.0,23.0,20.0,21.0,22.0,21.0,21.0,22.0,22.0,22.0,22.0,21.0,22.0,22.0,21.0,22.0,21.0,21.0,21.0,21.0,22.0,21.0,10.0,post,4,4,2.7418
1787152321.331,2026-08-19 17:12:01.331,10,c3,0,0,-0.03944,-0.49601,0.05092,-3.9137,10.0114,-24.6846,-0.0691,0.0201,-0.2253,4.69332,21.0,23.0,24.0,21.0,25.0,26.0,21.0,20.0,24.0,26.0,23.0,20.0,24.0,26.0,23.0,20.0,24.0,23.0,20.0,21.0,22.0,21.0,21.0,22.0,22.0,22.0,22.0,21.0,22.0,22.0,21.0,22.0,21.0,21.0,21.0,21.0,22.0,21.0,10.0,post,4,4,2.7284
1787152321.3812,2026-08-19 17:12:01.381,10,c3,0,0,-0.03943,-0.49602,0.05092,-4.4874,10.5956,-24.3628,-0.0811,0.0039,-0.2367,4.69105,19.0,22.0,24.0,18.0,24.0,25.0,23.0,24.0,23.0,27.0,22.0,22.0,23.0,26.0,22.0,20.0,24.0,22.0,22.0,21.0,22.0,21.0,21.0,22.0,22.0,22.0,22.0,21.0,22.0,22.0,21.0,22.0,21.0,21.0,21.0,21.0,22.0,21.0,10.0,post,4,4,2.7485
1787152321.4313,2026-08-19 17:12:01.431,10,c3,0,0,-0.03943,-0.49601,0.05091,-4.1507,9.936,-24.5478,-0.064,0.0143,-0.227,4.69407,19.0,22.0,24.0,18.0,24.0,25.0,23.0,24.0,23.0,27.0,22.0,22.0,23.0,26.0,22.0,20.0,24.0,22.0,22.0,21.0,22.0,21.0,21.0,22.0,22.0,22.0,22.0,21.0,22.0,22.0,21.0,22.0,21.0,21.0,21.0,21.0,22.0,21.0,10.0,post,4,4,2.7217
1787152321.4814,2026-08-19 17:12:01.481,10,c3,0,0,-0.03945,-0.49601,0.05091,-4.511,10.0999,-24.4421,-0.0731,0.0021,-0.2328,4.6903,21.0,22.0,24.0,20.0,24.0,26.0,23.0,24.0,25.0,25.0,23.0,23.0,24.0,25.0,23.0,21.0,23.0,21.0,23.0,21.0,22.0,21.0,21.0,22.0,22.0,22.0,22.0,21.0,22.0,22.0,21.0,22.0,21.0,21.0,21.0,21.0,22.0,21.0,10.0,post,4,4,2.7553
1787152321.5315,2026-08-19 17:12:01.531,10,c3,0,0,-0.03943,-0.49602,0.05091,-4.6303,10.3525,-24.1905,-0.0776,0.0033,-0.2384,4.68954,22.0,24.0,23.0,22.0,26.0,25.0,23.0,22.0,24.0,26.0,23.0,21.0,24.0,25.0,21.0,21.0,24.0,22.0,22.0,21.0,22.0,21.0,21.0,22.0,22.0,22.0,22.0,21.0,22.0,22.0,21.0,22.0,21.0,21.0,21.0,21.0,22.0,21.0,10.0,post,4,4,2.762
1787152321.5816,2026-08-19 17:12:01.581,10,c3,0,0,-0.03943,-0.49601,0.05091,-4.5921,10.3899,-24.3007,-0.0799,0.0017,-0.2378,4.68224,22.0,24.0,23.0,22.0,26.0,25.0,23.0,22.0,24.0,26.0,23.0,21.0,24.0,25.0,21.0,21.0,24.0,22.0,22.0,21.0,22.0,21.0,21.0,22.0,22.0,22.0,22.0,21.0,22.0,22.0,21.0,22.0,21.0,21.0,21.0,21.0,22.0,21.0,10.0,post,4,4,2.8269
1787152321.6318,2026-08-19 17:12:01.631,10,c3,0,0,-0.03944,-0.49601,0.05092,-4.5915,10.0655,-24.3759,-0.0714,0.0014,-0.2428,4.69558,20.0,23.0,23.0,22.0,25.0,24.0,22.0,23.0,24.0,25.0,22.0,22.0,25.0,24.0,22.0,20.0,23.0,21.0,22.0,21.0,22.0,21.0,21.0,22.0,22.0,22.0,22.0,21.0,22.0,22.0,21.0,22.0,21.0,21.0,21.0,21.0,22.0,21.0,10.0,post,4,4,2.7082
1787152321.6819,2026-08-19 17:12:01.681,10,c3,0,0,-0.03945,-0.49601,0.05091,-4.4594,10.4729,-24.3817,-0.0808,0.0026,-0.2398,4.6903,20.0,23.0,23.0,22.0,25.0,24.0,22.0,23.0,24.0,25.0,22.0,22.0,25.0,24.0,22.0,20.0,23.0,21.0,22.0,21.0,22.0,21.0,21.0,22.0,22.0,22.0,22.0,21.0,22.0,22.0,21.0,22.0,21.0,21.0,21.0,21.0,22.0,21.0,10.0,locate,5,5,2.7553
1787152321.7319,2026-08-19 17:12:01.731,10,c3,0,0,-0.03945,-0.49601,0.0509,-4.418,10.339,-24.5164,-0.0778,0.0063,-0.2358,4.69659,21.0,24.0,22.0,20.0,26.0,25.0,22.0,22.0,25.0,26.0,21.0,21.0,24.0,26.0,22.0,21.0,24.0,22.0,23.0,21.0,22.0,21.0,21.0,22.0,22.0,22.0,22.0,21.0,22.0,22.0,21.0,22.0,21.0,21.0,21.0,21.0,22.0,21.0,10.0,locate,5,5,2.6993
1787152321.782,2026-08-19 17:12:01.781,10,c3,0,0,-0.03942,-0.496,0.0509,-4.0782,10.1965,-24.3828,-0.0734,0.0148,-0.2313,4.69785,21.0,24.0,22.0,20.0,26.0,25.0,22.0,22.0,25.0,26.0,21.0,21.0,24.0,26.0,22.0,21.0,24.0,22.0,23.0,21.0,22.0,21.0,21.0,22.0,22.0,22.0,22.0,21.0,22.0,22.0,21.0,22.0,21.0,21.0,21.0,21.0,22.0,21.0,10.0,locate,5,5,2.6881
1787152321.8321,2026-08-19 17:12:01.832,10,c3,0,0,-0.03944,-0.49601,0.05091,-4.538,10.6633,-24.3193,-0.0852,0.0012,-0.2363,4.6903,22.0,23.0,22.0,20.0,26.0,24.0,23.0,24.0,24.0,26.0,23.0,23.0,24.0,25.0,22.0,22.0,24.0,22.0,22.0,21.0,22.0,21.0,21.0,22.0,22.0,22.0,22.0,21.0,22.0,22.0,21.0,22.0,21.0,21.0,21.0,21.0,22.0,21.0,10.0,locate,5,5,2.7553
1787152321.8823,2026-08-19 17:12:01.882,10,c3,0,0,-0.03943,-0.49602,0.05091,-4.5724,10.5177,-24.1796,-0.0819,0.0008,-0.2376,4.69382,20.0,23.0,23.0,21.0,24.0,25.0,23.0,23.0,23.0,26.0,22.0,22.0,22.0,24.0,22.0,21.0,24.0,20.0,22.0,21.0,22.0,21.0,21.0,22.0,22.0,22.0,22.0,21.0,22.0,22.0,21.0,22.0,21.0,21.0,21.0,21.0,22.0,21.0,10.0,locate,5,5,2.7239
1787152321.9324,2026-08-19 17:12:01.932,10,c3,0,0,-0.03947,-0.49601,0.05091,-4.8908,10.6039,-24.2428,-0.086,-0.0034,-0.2389,4.68325,20.0,23.0,23.0,21.0,24.0,25.0,23.0,23.0,23.0,26.0,22.0,22.0,22.0,24.0,22.0,21.0,24.0,20.0,22.0,21.0,22.0,21.0,21.0,22.0,22.0,22.0,22.0,21.0,22.0,22.0,21.0,22.0,21.0,21.0,21.0,21.0,22.0,21.0,10.0,locate,5,5,2.818
1787152321.9825,2026-08-19 17:12:01.982,10,c3,0,0,-0.03945,-0.49601,0.05091,-4.3978,10.52,-24.2246,-0.0807,0.006,-0.2346,4.69659,22.0,22.0,24.0,22.0,24.0,25.0,22.0,20.0,24.0,28.0,21.0,20.0,24.0,29.0,20.0,19.0,27.0,19.0,20.0,21.0,22.0,21.0,21.0,22.0,22.0,22.0,22.0,21.0,22.0,22.0,21.0,22.0,21.0,21.0,21.0,21.0,22.0,21.0,10.0,locate,5,5,2.6993
1787152322.0327,2026-08-19 17:12:02.032,10,c3,0,0,-0.03945,-0.49601,0.05091,-4.339,10.445,-24.2371,-0.0786,0.0078,-0.242,4.69155,22.0,22.0,24.0,22.0,24.0,25.0,22.0,20.0,24.0,28.0,21.0,20.0,24.0,29.0,20.0,19.0,27.0,19.0,20.0,21.0,22.0,21.0,21.0,22.0,22.0,22.0,22.0,21.0,22.0,22.0,21.0,22.0,21.0,21.0,21.0,21.0,22.0,21.0,10.0,locate,5,5,2.7441
1787152322.0828,2026-08-19 17:12:02.082,10,c3,0,0,-0.03944,-0.49602,0.05092,-4.9283,10.5336,-24.3084,-0.0797,-0.0055,-0.2429,4.6976,19.0,23.0,24.0,19.0,25.0,27.0,22.0,21.0,22.0,26.0,24.0,21.0,23.0,26.0,22.0,19.0,25.0,21.0,21.0,21.0,22.0,21.0,21.0,22.0,22.0,22.0,22.0,21.0,22.0,22.0,21.0,22.0,21.0,21.0,21.0,21.0,22.0,21.0,10.0,locate,5,5,2.6903
1787152322.1329,2026-08-19 17:12:02.132,10,c3,0,0,-0.03943,-0.49601,0.05091,-4.408,10.2653,-24.2893,-0.075,0.0087,-0.2424,4.68979,19.0,22.0,24.0,20.0,24.0,25.0,23.0,24.0,22.0,26.0,23.0,23.0,22.0,25.0,23.0,22.0,25.0,21.0,21.0,21.0,22.0,21.0,21.0,22.0,22.0,22.0,22.0,21.0,22.0,22.0,21.0,22.0,21.0,21.0,21.0,21.0,22.0,21.0,10.0,locate,5,5,2.7597
1787152322.183,2026-08-19 17:12:02.182,10,c3,0,0,-0.03944,-0.49601,0.05091,-4.45,10.3636,-24.1893,-0.0781,0.0067,-0.2361,4.69181,19.0,22.0,24.0,20.0,24.0,25.0,23.0,24.0,22.0,26.0,23.0,23.0,22.0,25.0,23.0,22.0,25.0,21.0,21.0,21.0,22.0,21.0,21.0,22.0,22.0,22.0,22.0,21.0,22.0,22.0,21.0,22.0,21.0,21.0,21.0,21.0,22.0,21.0,10.0,locate,5,5,2.7418
1787152322.2331,2026-08-19 17:12:02.233,10,c3,0,0,-0.03943,-0.49599,0.0509,-3.9879,10.4039,-24.3866,-0.0809,0.0206,-0.2301,4.68904,22.0,21.0,24.0,23.0,23.0,25.0,23.0,22.0,24.0,25.0,22.0,20.0,24.0,25.0,20.0,20.0,23.0,20.0,20.0,21.0,22.0,21.0,21.0,22.0,22.0,22.0,22.0,21.0,22.0,22.0,21.0,22.0,21.0,21.0,21.0,21.0,22.0,21.0,10.0,locate,5,5,2.7665
1787152322.2832,2026-08-19 17:12:02.283,10,c3,0,0,-0.03944,-0.496,0.05091,-4.2082,10.2054,-24.3847,-0.0771,0.0122,-0.2293,4.68576,22.0,21.0,24.0,23.0,23.0,25.0,23.0,22.0,24.0,25.0,22.0,20.0,24.0,25.0,20.0,20.0,23.0,20.0,20.0,21.0,22.0,21.0,21.0,22.0,22.0,22.0,22.0,21.0,22.0,22.0,21.0,22.0,21.0,21.0,21.0,21.0,22.0,21.0,10.0,locate,5,5,2.7956
1787152322.3334,2026-08-19 17:12:02.333,10,c3,0,0,-0.03945,-0.496,0.0509,-3.9928,10.3332,-24.3655,-0.0761,0.0191,-0.2372,4.69382,20.0,22.0,23.0,19.0,25.0,24.0,22.0,23.0,22.0,24.0,21.0,22.0,24.0,25.0,21.0,21.0,24.0,21.0,22.0,21.0,22.0,21.0,21.0,22.0,22.0,22.0,22.0,21.0,22.0,22.0,21.0,22.0,21.0,21.0,21.0,21.0,22.0,21.0,10.0,locate,5,5,2.7239
1787152322.3835,2026-08-19 17:12:02.383,10,c3,0,0,-0.03943,-0.496,0.0509,-4.2785,10.2643,-24.3723,-0.0754,0.0085,-0.2351,4.68828,20.0,23.0,24.0,21.0,25.0,26.0,21.0,21.0,24.0,25.0,21.0,22.0,24.0,24.0,20.0,20.0,24.0,20.0,22.0,21.0,22.0,21.0,21.0,22.0,22.0,22.0,22.0,21.0,22.0,22.0,21.0,22.0,21.0,21.0,21.0,21.0,22.0,21.0,10.0,locate,5,5,2.7732
1787152322.4337,2026-08-19 17:12:02.433,10,c3,0,0,-0.03945,-0.496,0.05092,-4.3114,9.8328,-24.2378,-0.0667,0.0096,-0.238,4.69558,20.0,23.0,24.0,21.0,25.0,26.0,21.0,21.0,24.0,25.0,21.0,22.0,24.0,24.0,20.0,20.0,24.0,20.0,22.0,21.0,22.0,21.0,21.0,22.0,22.0,22.0,22.0,21.0,22.0,22.0,21.0,22.0,21.0,21.0,21.0,21.0,22.0,21.0,10.0,locate,5,5,2.7082
1787152322.4838,2026-08-19 17:12:02.483,10,c3,0,0,-0.03944,-0.496,0.0509,-4.6392,10.5711,-24.1717,-0.0818,0.0026,-0.2431,4.68929,20.0,22.0,23.0,20.0,26.0,24.0,21.0,24.0,23.0,25.0,23.0,23.0,22.0,25.0,21.0,22.0,24.0,21.0,23.0,21.0,22.0,21.0,21.0,22.0,22.0,22.0,22.0,21.0,22.0,22.0,21.0,22.0,21.0,21.0,21.0,21.0,22.0,21.0,10.0,locate,5,5,2.7642
1787152322.5338,2026-08-19 17:12:02.533,10,c3,0,0,-0.03944,-0.496,0.05089,-4.5723,10.485,-24.2298,-0.0784,0.0034,-0.2407,4.69055,20.0,22.0,23.0,20.0,26.0,24.0,21.0,24.0,23.0,25.0,23.0,23.0,22.0,25.0,21.0,22.0,24.0,21.0,23.0,21.0,22.0,21.0,21.0,22.0,22.0,22.0,22.0,21.0,22.0,22.0,21.0,22.0,21.0,21.0,21.0,21.0,22.0,21.0,10.0,locate,5,5,2.753
1787152322.5839,2026-08-19 17:12:02.583,10,c3,0,0,-0.03943,-0.49601,0.05092,-4.3163,10.3396,-24.2142,-0.077,0.0072,-0.2357,4.69735,24.0,22.0,23.0,24.0,24.0,25.0,21.0,25.0,21.0,26.0,22.0,24.0,22.0,25.0,21.0,21.0,23.0,20.0,23.0,21.0,22.0,21.0,21.0,22.0,22.0,22.0,22.0,21.0,22.0,22.0,21.0,22.0,21.0,21.0,21.0,21.0,22.0,21.0,10.0,locate,5,5,2.6925
1787152322.634,2026-08-19 17:12:02.634,10,c3,0,0,-0.03943,-0.496,0.0509,-4.3938,10.3096,-24.3267,-0.0795,0.008,-0.2367,4.68753,24.0,22.0,23.0,24.0,24.0,25.0,21.0,25.0,21.0,26.0,22.0,24.0,22.0,25.0,21.0,21.0,23.0,20.0,23.0,21.0,22.0,21.0,21.0,22.0,22.0,22.0,22.0,21.0,22.0,22.0,21.0,22.0,21.0,21.0,21.0,21.0,22.0,21.0,10.0,locate,5,5,2.7799
1787152322.6841,2026-08-19 17:12:02.684,10,c3,0,0,-0.03943,-0.49601,0.05091,-4.6806,10.6107,-24.1836,-0.0838,-0.0017,-0.2337,4.69483,23.0,21.0,24.0,21.0,22.0,24.0,20.0,23.0,23.0,26.0,23.0,23.0,24.0,26.0,23.0,21.0,24.0,22.0,23.0,21.0,22.0,21.0,21.0,22.0,22.0,22.0,22.0,21.0,22.0,22.0,21.0,22.0,21.0,21.0,21.0,21.0,22.0,21.0,10.0,locate,5,5,2.7149
1787152322.7343,2026-08-19 17:12:02.734,10,c3,0,0,-0.03943,-0.49601,0.05091,-4.2471,10.1236,-24.3413,-0.0759,0.0128,-0.2296,4.68551,22.0,23.0,24.0,22.0,26.0,26.0,22.0,21.0,23.0,26.0,22.0,22.0,24.0,26.0,21.0,19.0,24.0,21.0,20.0,21.0,22.0,21.0,21.0,22.0,22.0,22.0,22.0,21.0,22.0,22.0,21.0,22.0,21.0,21.0,21.0,21.0,22.0,21.0,10.0,locate,5,5,2.7978
1787152322.7844,2026-08-19 17:12:02.784,10,c3,0,0,-0.03942,-0.496,0.0509,-4.7228,10.5269,-24.2195,-0.0807,-0.0004,-0.2344,4.68727,22.0,23.0,24.0,22.0,26.0,26.0,22.0,21.0,23.0,26.0,22.0,22.0,24.0,26.0,21.0,19.0,24.0,21.0,20.0,21.0,22.0,21.0,21.0,22.0,22.0,22.0,22.0,21.0,22.0,22.0,21.0,22.0,21.0,21.0,21.0,21.0,22.0,21.0,10.0,locate,5,5,2.7821
1787152322.8345,2026-08-19 17:12:02.834,10,c3,0,0,-0.03945,-0.49601,0.05092,-4.2763,10.1179,-24.3799,-0.0721,0.0091,-0.2335,4.68979,22.0,22.0,24.0,21.0,25.0,26.0,22.0,23.0,24.0,26.0,21.0,21.0,24.0,25.0,21.0,21.0,24.0,21.0,22.0,21.0,22.0,21.0,21.0,22.0,22.0,22.0,22.0,21.0,22.0,22.0,21.0,22.0,21.0,21.0,21.0,21.0,22.0,21.0,10.0,locate,5,5,2.7597
1787152322.8847,2026-08-19 17:12:02.884,10,c3,0,0,-0.03944,-0.49603,0.05092,-4.4759,10.5086,-24.1901,-0.0813,0.0032,-0.2377,4.68576,22.0,22.0,24.0,21.0,25.0,26.0,22.0,23.0,24.0,26.0,21.0,21.0,24.0,25.0,21.0,21.0,24.0,21.0,22.0,21.0,22.0,21.0,21.0,22.0,22.0,22.0,22.0,21.0,22.0,22.0,21.0,22.0,21.0,21.0,21.0,21.0,22.0,21.0,10.0,locate,5,5,2.7956
1787152322.9348,2026-08-19 17:12:02.934,10,c3,0,0,-0.03945,-0.49601,0.05091,-4.0588,9.9336,-24.3881,-0.0688,0.0154,-0.229,4.69256,20.0,23.0,23.0,21.0,25.0,25.0,21.0,21.0,22.0,25.0,21.0,22.0,22.0,26.0,21.0,20.0,24.0,21.0,20.0,21.0,22.0,21.0,21.0,22.0,22.0,22.0,22.0,21.0,22.0,22.0,21.0,22.0,21.0,21.0,21.0,21.0,22.0,21.0,10.0,locate,5,5,2.7351
1787152322.9849,2026-08-19 17:12:02.984,10,c3,0,0,-0.03944,-0.496,0.0509,-4.6821,10.5506,-24.2257,-0.0832,0.0007,-0.2412,4.69004,20.0,22.0,24.0,21.0,23.0,24.0,21.0,21.0,21.0,25.0,21.0,20.0,22.0,25.0,22.0,19.0,23.0,21.0,22.0,21.0,22.0,21.0,21.0,22.0,22.0,22.0,22.0,21.0,22.0,22.0,21.0,22.0,21.0,21.0,21.0,21.0,22.0,21.0,10.0,locate,5,5,2.7575
1787152323.0351,2026-08-19 17:12:03.035,10,c3,0,0,-0.03943,-0.49601,0.05091,-4.7568,10.5569,-24.1932,-0.084,-0.0044,-0.2302,4.68753,20.0,22.0,24.0,21.0,23.0,24.0,21.0,21.0,21.0,25.0,21.0,20.0,22.0,25.0,22.0,19.0,23.0,21.0,22.0,21.0,22.0,21.0,21.0,22.0,22.0,22.0,22.0,21.0,22.0,22.0,21.0,22.0,21.0,21.0,21.0,21.0,22.0,21.0,10.0,locate,5,5,2.7799
1787152323.0852,2026-08-19 17:12:03.085,10,c3,0,0,-0.03945,-0.49601,0.05092,-4.1906,10.0172,-24.1933,-0.0711,0.0135,-0.2341,4.69004,19.0,21.0,22.0,19.0,22.0,24.0,21.0,22.0,22.0,26.0,22.0,22.0,22.0,25.0,21.0,21.0,24.0,21.0,21.0,21.0,22.0,21.0,21.0,22.0,22.0,22.0,22.0,21.0,22.0,22.0,21.0,22.0,21.0,21.0,21.0,21.0,22.0,21.0,10.0,locate,5,5,2.7575
1787152323.1353,2026-08-19 17:12:03.135,10,c3,0,0,-0.03944,-0.49601,0.0509,-4.6894,10.4432,-24.3069,-0.0775,-0.002,-0.2342,4.69508,19.0,21.0,22.0,19.0,22.0,24.0,21.0,22.0,22.0,26.0,22.0,22.0,22.0,25.0,21.0,21.0,24.0,21.0,21.0,21.0,22.0,21.0,21.0,22.0,22.0,22.0,22.0,21.0,22.0,22.0,21.0,22.0,21.0,21.0,21.0,21.0,22.0,21.0,10.0,locate,5,5,2.7127
1787152323.1855,2026-08-19 17:12:03.185,10,c3,0,0,-0.03943,-0.496,0.05091,-4.1438,9.7517,-24.2809,-0.0647,0.0125,-0.2302,4.68274,21.0,21.0,23.0,20.0,23.0,24.0,21.0,22.0,24.0,26.0,22.0,21.0,24.0,26.0,21.0,21.0,25.0,21.0,21.0,21.0,22.0,21.0,21.0,22.0,22.0,22.0,22.0,21.0,22.0,22.0,21.0,22.0,21.0,21.0,21.0,21.0,22.0,21.0,10.0,locate,5,5,2.8225
1787152323.2356,2026-08-19 17:12:03.235,10,c3,0,0,-0.03943,-0.49601,0.0509,-4.5034,10.1759,-24.2539,-0.0707,0.006,-0.2366,4.68954,20.0,22.0,23.0,20.0,24.0,25.0,21.0,21.0,23.0,25.0,22.0,20.0,24.0,24.0,22.0,18.0,24.0,21.0,22.0,21.0,22.0,21.0,21.0,22.0,22.0,22.0,22.0,21.0,22.0,22.0,21.0,22.0,21.0,21.0,21.0,21.0,22.0,21.0,10.0,locate,5,5,2.762
1787152323.2858,2026-08-19 17:12:03.285,10,c3,0,0,-0.03944,-0.49601,0.05091,-4.4655,10.3278,-24.3355,-0.0774,0.0071,-0.2378,4.69231,20.0,22.0,23.0,20.0,24.0,25.0,21.0,21.0,23.0,25.0,22.0,20.0,24.0,24.0,22.0,18.0,24.0,21.0,22.0,21.0,22.0,21.0,21.0,22.0,22.0,22.0,22.0,21.0,22.0,22.0,21.0,22.0,21.0,21.0,21.0,21.0,22.0,21.0,10.0,locate,5,5,2.7373
1787152323.3359,2026-08-19 17:12:03.335,10,c3,0,0,-0.03945,-0.496,0.0509,-4.4722,10.0931,-24.3919,-0.0707,0.0047,-0.2372,4.69181,20.0,24.0,24.0,20.0,26.0,26.0,23.0,24.0,24.0,26.0,21.0,24.0,24.0,25.0,22.0,20.0,23.0,22.0,23.0,21.0,22.0,21.0,21.0,22.0,22.0,22.0,22.0,21.0,22.0,22.0,21.0,22.0,21.0,21.0,21.0,21.0,22.0,21.0,10.0,locate,5,5,2.7418
1787152323.386,2026-08-19 17:12:03.386,10,c3,0,0,-0.03943,-0.496,0.0509,-4.2643,10.1362,-24.5483,-0.0692,0.0124,-0.2401,4.69382,20.0,24.0,24.0,20.0,26.0,26.0,23.0,24.0,24.0,26.0,21.0,24.0,24.0,25.0,22.0,20.0,23.0,22.0,23.0,21.0,22.0,21.0,21.0,22.0,22.0,22.0,22.0,21.0,22.0,22.0,21.0,22.0,21.0,21.0,21.0,21.0,22.0,21.0,10.0,locate,5,5,2.7239
1787152323.4361,2026-08-19 17:12:03.436,10,c3,0,0,-0.03944,-0.49601,0.05091,-4.6609,10.298,-24.3033,-0.0769,0.0014,-0.2352,4.69785,23.0,22.0,23.0,22.0,25.0,25.0,22.0,24.0,23.0,25.0,22.0,23.0,24.0,25.0,21.0,22.0,23.0,21.0,24.0,21.0,22.0,21.0,21.0,22.0,22.0,22.0,22.0,21.0,22.0,22.0,21.0,22.0,21.0,21.0,21.0,21.0,22.0,21.0,10.0,locate,5,5,2.6881
1787152323.4862,2026-08-19 17:12:03.486,10,c3,0,0,-0.03945,-0.49601,0.0509,-4.227,10.7379,-24.1637,-0.0868,0.0103,-0.2272,4.68853,23.0,23.0,22.0,23.0,25.0,23.0,22.0,23.0,25.0,26.0,22.0,22.0,24.0,25.0,21.0,21.0,24.0,21.0,23.0,21.0,22.0,21.0,21.0,22.0,22.0,22.0,22.0,21.0,22.0,22.0,21.0,22.0,21.0,21.0,21.0,21.0,22.0,21.0,10.0,locate,5,5,2.7709
1787152323.5364,2026-08-19 17:12:03.536,10,c3,0,0,-0.03943,-0.49599,0.0509,-4.6549,10.3586,-24.1237,-0.0794,-0.002,-0.2381,4.69684,23.0,23.0,22.0,23.0,25.0,23.0,22.0,23.0,25.0,26.0,22.0,22.0,24.0,25.0,21.0,21.0,24.0,21.0,23.0,21.0,22.0,21.0,21.0,22.0,22.0,22.0,22.0,21.0,22.0,22.0,21.0,22.0,21.0,21.0,21.0,21.0,22.0,21.0,10.0,locate,5,5,2.697
1787152323.5865,2026-08-19 17:12:03.586,10,c3,0,0,-0.03944,-0.496,0.05091,-4.2763,10.1368,-24.342,-0.0741,0.01,-0.2306,4.6976,22.0,24.0,24.0,21.0,27.0,25.0,22.0,23.0,24.0,25.0,23.0,22.0,24.0,25.0,22.0,20.0,23.0,22.0,23.0,21.0,22.0,21.0,21.0,22.0,22.0,22.0,22.0,21.0,22.0,22.0,21.0,22.0,21.0,21.0,21.0,21.0,22.0,21.0,10.0,locate,5,5,2.6903
1787152323.6367,2026-08-19 17:12:03.636,10,c3,0,0,-0.03944,-0.49601,0.0509,-4.3874,10.4758,-24.3393,-0.0824,0.0066,-0.2318,4.68828,22.0,24.0,24.0,21.0,27.0,25.0,22.0,23.0,24.0,25.0,23.0,22.0,24.0,25.0,22.0,20.0,23.0,22.0,23.0,21.0,22.0,21.0,21.0,22.0,22.0,22.0,22.0,21.0,22.0,22.0,21.0,22.0,21.0,21.0,21.0,21.0,22.0,21.0,10.0,locate,5,5,2.7732
1787152323.6868,2026-08-19 17:12:03.686,10,c3,1,0,-0.03944,-0.49601,0.05091,-4.8264,10.7969,-24.1666,-0.0878,-0.0007,-0.2419,4.69382,21.0,23.0,23.0,20.0,26.0,25.0,22.0,24.0,24.0,25.0,24.0,23.0,24.0,24.0,22.0,21.0,23.0,21.0,23.0,21.0,22.0,21.0,21.0,22.0,22.0,22.0,22.0,21.0,22.0,22.0,21.0,22.0,21.0,21.0,21.0,21.0,22.0,21.0,10.0,press,5,5,2.7239
1787152323.7369,2026-08-19 17:12:03.736,10,c3,1,0,-0.03946,-0.49602,0.05091,-4.0172,10.2375,-24.2723,-0.0778,0.0156,-0.2318,4.69735,21.0,23.0,23.0,20.0,26.0,25.0,22.0,24.0,24.0,25.0,24.0,23.0,24.0,24.0,22.0,21.0,23.0,21.0,23.0,21.0,22.0,21.0,21.0,22.0,22.0,22.0,22.0,21.0,22.0,22.0,21.0,22.0,21.0,21.0,21.0,21.0,22.0,21.0,10.0,press,5,5,2.6925
1787152323.7869,2026-08-19 17:12:03.786,10,c3,1,0,-0.03945,-0.49602,0.05089,-4.4677,10.1601,-24.2954,-0.0687,0.0048,-0.234,4.6976,22.0,23.0,24.0,23.0,25.0,25.0,22.0,24.0,24.0,26.0,21.0,23.0,24.0,26.0,21.0,21.0,24.0,21.0,23.0,21.0,22.0,21.0,21.0,22.0,22.0,22.0,22.0,21.0,22.0,22.0,21.0,22.0,21.0,21.0,21.0,21.0,22.0,21.0,10.0,press,5,5,2.6903
1787152323.8371,2026-08-19 17:12:03.837,10,c3,1,0,-0.03944,-0.49603,0.0508,-4.7086,10.7572,-24.2213,-0.0867,0.0004,-0.2363,4.69181,21.0,23.0,23.0,22.0,24.0,25.0,22.0,23.0,23.0,25.0,23.0,22.0,23.0,24.0,22.0,20.0,24.0,21.0,20.0,21.0,22.0,21.0,21.0,22.0,22.0,22.0,22.0,21.0,22.0,22.0,21.0,22.0,21.0,21.0,21.0,21.0,22.0,21.0,10.0,press,5,5,2.7418
1787152323.8872,2026-08-19 17:12:03.887,10,c3,1,0,-0.03945,-0.49603,0.05064,-4.5462,10.3774,-24.2416,-0.0772,0.0011,-0.2351,4.69332,21.0,23.0,23.0,22.0,24.0,25.0,22.0,23.0,23.0,25.0,23.0,22.0,23.0,24.0,22.0,20.0,24.0,21.0,20.0,21.0,22.0,21.0,21.0,22.0,22.0,22.0,22.0,21.0,22.0,22.0,21.0,22.0,21.0,21.0,21.0,21.0,22.0,21.0,10.0,press,5,5,2.7284
1787152323.9373,2026-08-19 17:12:03.937,10,c3,1,0,-0.03946,-0.49602,0.05047,-4.5059,10.4485,-24.2341,-0.0782,0.0067,-0.2349,4.6903,19.0,22.0,21.0,20.0,25.0,24.0,23.0,22.0,24.0,25.0,23.0,21.0,25.0,25.0,23.0,20.0,24.0,24.0,22.0,21.0,22.0,21.0,21.0,22.0,22.0,22.0,22.0,21.0,22.0,22.0,21.0,22.0,21.0,21.0,21.0,21.0,22.0,21.0,10.0,press,5,5,2.7553
1787152323.9881,2026-08-19 17:12:03.988,10,c3,1,0,-0.03947,-0.49604,0.05029,-4.7703,10.6531,-24.3329,-0.08,-0.0012,-0.2454,4.69911,19.0,22.0,21.0,20.0,25.0,24.0,23.0,22.0,24.0,25.0,23.0,21.0,25.0,25.0,23.0,20.0,24.0,24.0,22.0,21.0,22.0,21.0,21.0,22.0,22.0,22.0,22.0,21.0,22.0,22.0,21.0,22.0,21.0,21.0,21.0,21.0,22.0,21.0,10.0,press,5,5,2.6769
1787152324.0382,2026-08-19 17:12:04.038,10,c3,1,0,-0.03945,-0.49604,0.05002,-4.4318,10.1638,-24.4776,-0.072,0.0042,-0.2405,4.69785,20.0,24.0,23.0,19.0,26.0,23.0,24.0,23.0,23.0,25.0,22.0,23.0,24.0,24.0,23.0,20.0,24.0,23.0,22.0,21.0,22.0,21.0,21.0,22.0,22.0,22.0,22.0,21.0,22.0,22.0,21.0,22.0,21.0,21.0,21.0,21.0,22.0,21.0,10.0,press,5,5,2.6881
1787152324.0882,2026-08-19 17:12:04.088,10,c3,1,0,-0.03946,-0.49606,0.04978,-4.0629,10.1002,-24.2253,-0.0729,0.0161,-0.2298,4.69407,23.0,20.0,23.0,23.0,24.0,25.0,23.0,23.0,24.0,25.0,22.0,22.0,24.0,26.0,22.0,20.0,24.0,23.0,22.0,21.0,22.0,21.0,21.0,22.0,22.0,22.0,22.0,21.0,22.0,22.0,21.0,22.0,21.0,21.0,21.0,21.0,22.0,21.0,10.0,press,5,5,2.7217
1787152324.1384,2026-08-19 17:12:04.138,10,c3,1,0,-0.03947,-0.49607,0.04951,-4.1024,10.0995,-24.137,-0.0725,0.0135,-0.23,4.69432,23.0,20.0,23.0,23.0,24.0,25.0,23.0,23.0,24.0,25.0,22.0,22.0,24.0,26.0,22.0,20.0,24.0,23.0,22.0,21.0,22.0,21.0,21.0,22.0,22.0,22.0,22.0,21.0,22.0,22.0,21.0,22.0,21.0,21.0,21.0,21.0,22.0,21.0,10.0,press,5,5,2.7194
1787152324.1885,2026-08-19 17:12:04.188,10,c3,1,0,-0.03943,-0.496,0.04913,-4.4835,10.5663,-24.3981,-0.0805,0.0031,-0.2364,4.68979,21.0,21.0,22.0,21.0,24.0,25.0,23.0,22.0,25.0,26.0,22.0,21.0,24.0,26.0,21.0,21.0,25.0,22.0,21.0,21.0,22.0,21.0,21.0,22.0,22.0,22.0,22.0,21.0,22.0,22.0,21.0,22.0,21.0,21.0,21.0,21.0,22.0,21.0,10.0,press,5,5,2.7597
1787152324.2387,2026-08-19 17:12:04.238,10,c3,1,0,-0.03946,-0.49602,0.0488,-4.2937,10.2462,-24.251,-0.0715,0.0091,-0.2367,4.6976,21.0,21.0,22.0,21.0,24.0,25.0,23.0,22.0,25.0,26.0,22.0,21.0,24.0,26.0,21.0,21.0,25.0,22.0,21.0,21.0,22.0,21.0,21.0,22.0,22.0,22.0,22.0,21.0,22.0,22.0,21.0,22.0,21.0,21.0,21.0,21.0,22.0,21.0,10.0,press,5,5,2.6903
1787152324.2888,2026-08-19 17:12:04.288,10,c3,1,0,-0.03947,-0.49602,0.04846,-4.3643,10.184,-24.0765,-0.0755,0.0089,-0.2379,4.69231,21.0,22.0,24.0,21.0,24.0,25.0,23.0,23.0,24.0,27.0,23.0,21.0,23.0,26.0,23.0,21.0,25.0,23.0,22.0,21.0,22.0,21.0,21.0,22.0,22.0,22.0,22.0,21.0,22.0,22.0,21.0,22.0,21.0,21.0,21.0,21.0,22.0,21.0,10.0,press,5,5,2.7373
1787152324.3389,2026-08-19 17:12:04.338,10,c3,1,0,-0.03945,-0.49603,0.04815,-4.56,10.6367,-24.1762,-0.0851,0.0078,-0.2371,4.69382,20.0,23.0,25.0,21.0,26.0,26.0,23.0,22.0,22.0,26.0,23.0,21.0,22.0,26.0,24.0,21.0,24.0,23.0,21.0,21.0,22.0,21.0,21.0,22.0,22.0,22.0,22.0,21.0,22.0,22.0,21.0,22.0,21.0,21.0,21.0,21.0,22.0,21.0,10.0,press,5,5,2.7239
1787152324.389,2026-08-19 17:12:04.389,10,c3,1,0,-0.03944,-0.49603,0.04783,-3.7709,9.9475,-24.4196,-0.0729,0.0254,-0.2327,4.68576,20.0,23.0,25.0,21.0,26.0,26.0,23.0,22.0,22.0,26.0,23.0,21.0,22.0,26.0,24.0,21.0,24.0,23.0,21.0,21.0,22.0,21.0,21.0,22.0,22.0,22.0,22.0,21.0,22.0,22.0,21.0,22.0,21.0,21.0,21.0,21.0,22.0,21.0,10.0,press,5,5,2.7956
1787152324.4392,2026-08-19 17:12:04.439,10,c3,1,0,-0.03943,-0.49603,0.04749,-4.3493,10.4236,-24.4243,-0.0775,0.0075,-0.2347,4.70188,20.0,20.0,22.0,21.0,23.0,24.0,23.0,24.0,23.0,27.0,22.0,23.0,23.0,26.0,22.0,21.0,24.0,22.0,23.0,21.0,22.0,21.0,21.0,22.0,22.0,22.0,22.0,21.0,22.0,22.0,21.0,22.0,21.0,21.0,21.0,21.0,22.0,21.0,10.0,press,5,5,2.6522
1787152324.4892,2026-08-19 17:12:04.489,10,c3,1,0,-0.03943,-0.49603,0.04718,-4.4313,10.2803,-24.2511,-0.0757,0.0077,-0.2344,4.6913,20.0,20.0,22.0,21.0,23.0,24.0,23.0,24.0,23.0,27.0,22.0,23.0,23.0,26.0,22.0,21.0,24.0,22.0,23.0,21.0,22.0,21.0,21.0,22.0,22.0,22.0,22.0,21.0,22.0,22.0,21.0,22.0,21.0,21.0,21.0,21.0,22.0,21.0,10.0,press,5,5,2.7463
1787152324.5394,2026-08-19 17:12:04.539,10,c3,1,0,-0.03945,-0.49603,0.04682,-4.0102,10.2637,-24.4055,-0.0741,0.0176,-0.2279,4.69961,21.0,21.0,25.0,21.0,24.0,26.0,24.0,23.0,24.0,27.0,24.0,22.0,24.0,27.0,22.0,22.0,25.0,23.0,22.0,21.0,22.0,21.0,21.0,22.0,22.0,22.0,22.0,21.0,22.0,22.0,21.0,22.0,21.0,21.0,21.0,21.0,22.0,21.0,10.0,press,5,5,2.6724
1787152324.5895,2026-08-19 17:12:04.589,10,c3,1,0,-0.03944,-0.496,0.04647,-4.5301,10.6874,-24.346,-0.0845,0.0076,-0.2393,4.6981,20.0,22.0,24.0,20.0,25.0,26.0,23.0,23.0,25.0,28.0,22.0,23.0,24.0,28.0,23.0,21.0,25.0,23.0,21.0,21.0,22.0,21.0,21.0,22.0,22.0,22.0,22.0,21.0,22.0,22.0,21.0,22.0,21.0,21.0,21.0,21.0,22.0,21.0,10.0,press,5,5,2.6858
1787152324.6396,2026-08-19 17:12:04.639,10,c3,1,0,-0.03944,-0.49601,0.04614,-4.5367,10.2051,-24.5327,-0.0726,0.0023,-0.2343,4.68652,20.0,22.0,24.0,20.0,25.0,26.0,23.0,23.0,25.0,28.0,22.0,23.0,24.0,28.0,23.0,21.0,25.0,23.0,21.0,21.0,22.0,21.0,21.0,22.0,22.0,22.0,22.0,21.0,22.0,22.0,21.0,22.0,21.0,21.0,21.0,21.0,22.0,21.0,10.0,press,5,5,2.7889
1787152324.6898,2026-08-19 17:12:04.689,10,c3,1,0,-0.03945,-0.49601,0.0458,-4.0313,10.0612,-24.4041,-0.071,0.0187,-0.2257,4.68979,21.0,23.0,23.0,22.0,25.0,26.0,22.0,23.0,24.0,28.0,23.0,22.0,24.0,26.0,22.0,20.0,25.0,21.0,22.0,21.0,22.0,21.0,21.0,22.0,22.0,22.0,22.0,21.0,22.0,22.0,21.0,22.0,21.0,21.0,21.0,21.0,22.0,21.0,10.0,press,5,5,2.7597
1787152324.7399,2026-08-19 17:12:04.739,10,c3,1,0,-0.03946,-0.49601,0.04547,-4.5139,10.1957,-24.2386,-0.0759,0.0038,-0.2366,4.65555,21.0,23.0,23.0,22.0,25.0,26.0,22.0,23.0,24.0,28.0,23.0,22.0,24.0,26.0,22.0,20.0,25.0,21.0,22.0,21.0,22.0,21.0,21.0,22.0,22.0,22.0,22.0,21.0,22.0,22.0,21.0,22.0,21.0,21.0,21.0,21.0,22.0,21.0,10.0,press,5,5,3.0644
1787152324.79,2026-08-19 17:12:04.789,10,c3,1,0,-0.03946,-0.49602,0.04516,-4.4356,10.2541,-24.2191,-0.076,0.0084,-0.2433,4.63742,20.0,22.0,24.0,21.0,25.0,27.0,23.0,25.0,26.0,28.0,22.0,25.0,24.0,27.0,23.0,23.0,23.0,23.0,24.0,21.0,22.0,21.0,21.0,22.0,22.0,22.0,22.0,21.0,22.0,22.0,21.0,22.0,21.0,21.0,21.0,21.0,22.0,21.0,10.0,press,5,5,3.2256
1787152324.8401,2026-08-19 17:12:04.840,10,c3,1,0,-0.03944,-0.49603,0.04484,-4.1831,10.0461,-24.1017,-0.0708,0.0152,-0.2255,4.59915,22.0,21.0,24.0,23.0,25.0,26.0,23.0,23.0,26.0,29.0,22.0,22.0,24.0,25.0,21.0,20.0,24.0,21.0,22.0,21.0,22.0,21.0,21.0,22.0,22.0,22.0,22.0,21.0,22.0,22.0,21.0,22.0,21.0,21.0,21.0,21.0,22.0,21.0,10.0,press,5,5,3.5661
1787152324.8902,2026-08-19 17:12:04.890,10,c3,1,0,-0.03943,-0.49602,0.0445,-4.5922,10.503,-23.8752,-0.0797,0.0039,-0.2334,4.57398,22.0,21.0,24.0,23.0,25.0,26.0,23.0,23.0,26.0,29.0,22.0,22.0,24.0,25.0,21.0,20.0,24.0,21.0,22.0,21.0,22.0,21.0,21.0,22.0,22.0,22.0,22.0,21.0,22.0,22.0,21.0,22.0,21.0,21.0,21.0,21.0,22.0,21.0,10.0,press,5,5,3.7901
1787152324.9403,2026-08-19 17:12:04.940,10,c3,1,0,-0.03946,-0.49602,0.04416,-4.2407,10.1937,-23.7821,-0.0766,0.0126,-0.2391,4.5629,21.0,22.0,23.0,20.0,27.0,26.0,22.0,22.0,27.0,31.0,23.0,22.0,25.0,28.0,24.0,21.0,25.0,23.0,22.0,21.0,22.0,21.0,21.0,22.0,22.0,22.0,22.0,21.0,22.0,22.0,21.0,22.0,21.0,21.0,21.0,21.0,22.0,21.0,10.0,press,5,5,3.8887
1787152324.9906,2026-08-19 17:12:04.990,10,c3,1,0,-0.03944,-0.49602,0.04382,-4.1515,10.4051,-23.6009,-0.0762,0.0165,-0.2326,4.51556,21.0,22.0,23.0,20.0,27.0,26.0,22.0,22.0,27.0,31.0,23.0,22.0,25.0,28.0,24.0,21.0,25.0,23.0,22.0,21.0,22.0,21.0,21.0,22.0,22.0,22.0,22.0,21.0,22.0,22.0,21.0,22.0,21.0,21.0,21.0,21.0,22.0,21.0,10.0,press,5,5,4.3098
1787152325.0407,2026-08-19 17:12:05.040,10,c3,1,0,-0.03945,-0.49602,0.04348,-4.1464,10.3118,-23.4188,-0.0767,0.0172,-0.2358,4.46194,21.0,25.0,24.0,22.0,29.0,27.0,23.0,25.0,27.0,31.0,24.0,24.0,25.0,30.0,24.0,22.0,25.0,23.0,22.0,21.0,22.0,21.0,21.0,22.0,22.0,22.0,22.0,21.0,22.0,22.0,21.0,22.0,21.0,21.0,21.0,21.0,22.0,21.0,10.0,press,5,5,4.7868
1787152325.0909,2026-08-19 17:12:05.090,10,c3,1,0,-0.03946,-0.49605,0.04319,-4.7011,10.7243,-23.108,-0.0787,0.0021,-0.2328,4.38666,21.0,25.0,24.0,22.0,29.0,27.0,23.0,25.0,27.0,31.0,24.0,24.0,25.0,30.0,24.0,22.0,25.0,23.0,22.0,21.0,22.0,21.0,21.0,22.0,22.0,22.0,22.0,21.0,22.0,22.0,21.0,22.0,21.0,21.0,21.0,21.0,22.0,21.0,10.0,press,5,5,5.4566
1787152325.1409,2026-08-19 17:12:05.140,10,c3,1,0,-0.03945,-0.49604,0.04284,-4.4184,10.2056,-23.0428,-0.0706,0.0133,-0.2321,4.31314,22.0,23.0,24.0,21.0,26.0,28.0,23.0,25.0,27.0,31.0,23.0,22.0,25.0,30.0,23.0,22.0,26.0,22.0,23.0,21.0,22.0,21.0,21.0,22.0,22.0,22.0,22.0,21.0,22.0,22.0,21.0,22.0,21.0,21.0,21.0,21.0,22.0,21.0,10.0,press,5,5,6.1106
1787152325.191,2026-08-19 17:12:05.191,10,c3,1,0,-0.03946,-0.49605,0.04252,-4.2823,10.3289,-22.6233,-0.0712,0.0156,-0.2358,4.22074,23.0,23.0,21.0,22.0,27.0,25.0,23.0,26.0,26.0,30.0,24.0,22.0,24.0,30.0,24.0,22.0,25.0,23.0,25.0,21.0,22.0,21.0,21.0,22.0,22.0,22.0,22.0,21.0,22.0,22.0,21.0,22.0,21.0,21.0,21.0,21.0,22.0,21.0,10.0,press,5,5,6.9327
1787152325.2412,2026-08-19 17:12:05.241,10,c3,1,0,-0.03947,-0.49606,0.04222,-4.8609,10.859,-22.2926,-0.0812,0.0032,-0.2407,4.13992,23.0,23.0,21.0,22.0,27.0,25.0,23.0,26.0,26.0,30.0,24.0,22.0,24.0,30.0,24.0,22.0,25.0,23.0,25.0,21.0,22.0,21.0,21.0,22.0,22.0,22.0,22.0,21.0,22.0,22.0,21.0,22.0,21.0,21.0,21.0,21.0,22.0,21.0,10.0,press,5,5,7.6517
1787152325.2913,2026-08-19 17:12:05.291,10,c3,1,0,-0.03946,-0.49604,0.04192,-4.5615,10.3598,-21.9156,-0.0701,0.0124,-0.2418,4.04626,24.0,22.0,19.0,23.0,27.0,26.0,24.0,26.0,28.0,31.0,24.0,23.0,27.0,33.0,23.0,23.0,26.0,23.0,25.0,21.0,22.0,21.0,21.0,22.0,22.0,22.0,22.0,21.0,22.0,22.0,21.0,22.0,21.0,21.0,21.0,21.0,22.0,21.0,10.0,press,5,5,8.4849
1787152325.3414,2026-08-19 17:12:05.341,10,c3,1,0,-0.03943,-0.49601,0.04166,-4.5843,10.568,-21.6226,-0.0742,0.0104,-0.2361,3.97047,24.0,22.0,19.0,23.0,27.0,26.0,24.0,26.0,28.0,31.0,24.0,23.0,27.0,33.0,23.0,23.0,26.0,23.0,25.0,21.0,22.0,21.0,21.0,22.0,22.0,22.0,22.0,21.0,22.0,22.0,21.0,22.0,21.0,21.0,21.0,21.0,22.0,21.0,10.0,press,5,5,9.1591
1787152325.3916,2026-08-19 17:12:05.391,10,c3,1,0,-0.03944,-0.49599,0.04145,-4.3763,10.3596,-21.3619,-0.07,0.0167,-0.2398,3.88965,23.0,24.0,21.0,25.0,30.0,28.0,23.0,25.0,30.0,31.0,24.0,21.0,29.0,35.0,23.0,22.0,26.0,22.0,24.0,21.0,22.0,21.0,21.0,22.0,22.0,22.0,22.0,21.0,22.0,22.0,21.0,22.0,21.0,21.0,21.0,21.0,22.0,21.0,10.0,press,5,5,9.8781
1787152325.4417,2026-08-19 17:12:05.441,10,c3,1,0,-0.03943,-0.49601,0.04129,-4.7281,10.4285,-20.9542,-0.0711,0.0089,-0.2335,3.83552,23.0,25.0,20.0,22.0,31.0,30.0,23.0,23.0,29.0,31.0,25.0,20.0,26.0,36.0,25.0,21.0,27.0,24.0,22.0,21.0,22.0,21.0,21.0,22.0,22.0,22.0,22.0,21.0,22.0,22.0,21.0,22.0,21.0,21.0,21.0,21.0,22.0,21.0,10.0,press,5,5,10.3597
1787152325.4918,2026-08-19 17:12:05.491,10,c3,1,0,-0.03944,-0.496,0.04116,-4.375,10.2965,-20.9193,-0.0657,0.0184,-0.2341,3.79348,23.0,25.0,20.0,22.0,31.0,30.0,23.0,23.0,29.0,31.0,25.0,20.0,26.0,36.0,25.0,21.0,27.0,24.0,22.0,21.0,22.0,21.0,21.0,22.0,22.0,22.0,22.0,21.0,22.0,22.0,21.0,22.0,21.0,21.0,21.0,21.0,22.0,21.0,10.0,press,5,5,10.7338
1787152325.5419,2026-08-19 17:12:05.541,10,c3,1,0,-0.03944,-0.49601,0.04107,-4.9231,10.6106,-20.7357,-0.0749,0.002,-0.2405,3.75722,22.0,23.0,21.0,22.0,30.0,30.0,24.0,24.0,32.0,32.0,25.0,20.0,27.0,36.0,25.0,20.0,25.0,24.0,22.0,21.0,22.0,21.0,21.0,22.0,22.0,22.0,22.0,21.0,22.0,22.0,21.0,22.0,21.0,21.0,21.0,21.0,22.0,21.0,10.0,press,5,5,11.0563
1787152325.592,2026-08-19 17:12:05.591,10,c3,1,0,-0.03942,-0.49601,0.041,-4.603,10.1919,-20.6677,-0.0659,0.014,-0.2328,3.73532,22.0,23.0,21.0,22.0,30.0,30.0,24.0,24.0,32.0,32.0,25.0,20.0,27.0,36.0,25.0,20.0,25.0,24.0,22.0,21.0,22.0,21.0,21.0,22.0,22.0,22.0,22.0,21.0,22.0,22.0,21.0,22.0,21.0,21.0,21.0,21.0,22.0,21.0,10.0,press,5,5,11.2512
1787152325.6421,2026-08-19 17:12:05.642,10,c3,1,0,-0.03944,-0.49602,0.04096,-4.4617,10.8228,-20.6231,-0.0819,0.0193,-0.2319,3.72248,21.0,23.0,20.0,21.0,31.0,30.0,24.0,26.0,33.0,32.0,23.0,22.0,28.0,37.0,21.0,22.0,26.0,21.0,25.0,21.0,22.0,21.0,21.0,22.0,22.0,22.0,22.0,21.0,22.0,22.0,21.0,22.0,21.0,21.0,21.0,21.0,22.0,21.0,10.0,press,5,5,11.3654
1787152325.6922,2026-08-19 17:12:05.692,10,c3,1,0,-0.03945,-0.49602,0.04094,-4.7055,10.5326,-20.6843,-0.0745,0.01,-0.235,3.72575,23.0,24.0,21.0,23.0,33.0,31.0,21.0,25.0,31.0,33.0,23.0,21.0,30.0,37.0,22.0,21.0,25.0,21.0,23.0,21.0,22.0,21.0,21.0,22.0,22.0,22.0,22.0,21.0,22.0,22.0,21.0,22.0,21.0,21.0,21.0,21.0,22.0,21.0,10.0,hold,5,5,11.3363
1787152325.7423,2026-08-19 17:12:05.742,10,c3,1,0,-0.03943,-0.496,0.04092,-4.099,10.5941,-20.8874,-0.0765,0.0256,-0.2238,3.71492,23.0,24.0,21.0,23.0,33.0,31.0,21.0,25.0,31.0,33.0,23.0,21.0,30.0,37.0,22.0,21.0,25.0,21.0,23.0,21.0,22.0,21.0,21.0,22.0,22.0,22.0,22.0,21.0,22.0,22.0,21.0,22.0,21.0,21.0,21.0,21.0,22.0,21.0,10.0,hold,5,5,11.4326
1787152325.7924,2026-08-19 17:12:05.792,10,c3,1,0,-0.03943,-0.496,0.04091,-4.6847,10.433,-20.7017,-0.0704,0.0102,-0.2354,3.71341,23.0,24.0,21.0,22.0,31.0,31.0,22.0,25.0,30.0,33.0,23.0,22.0,27.0,36.0,22.0,20.0,26.0,21.0,22.0,21.0,22.0,21.0,21.0,22.0,22.0,22.0,22.0,21.0,22.0,22.0,21.0,22.0,21.0,21.0,21.0,21.0,22.0,21.0,10.0,hold,5,5,11.4461
1787152325.8425,2026-08-19 17:12:05.842,10,c3,1,0,-0.03944,-0.49603,0.04092,-4.6278,10.5368,-20.6495,-0.0708,0.0138,-0.241,3.7182,23.0,24.0,21.0,22.0,31.0,31.0,22.0,25.0,30.0,33.0,23.0,22.0,27.0,36.0,22.0,20.0,26.0,21.0,22.0,21.0,22.0,21.0,21.0,22.0,22.0,22.0,22.0,21.0,22.0,22.0,21.0,22.0,21.0,21.0,21.0,21.0,22.0,21.0,10.0,hold,5,5,11.4035
1787152325.8926,2026-08-19 17:12:05.892,10,c3,1,0,-0.03944,-0.496,0.0409,-4.7089,10.6114,-20.777,-0.0755,0.0117,-0.232,3.7192,22.0,24.0,21.0,23.0,32.0,31.0,21.0,26.0,32.0,33.0,23.0,23.0,28.0,37.0,22.0,22.0,27.0,22.0,24.0,21.0,22.0,21.0,21.0,22.0,22.0,22.0,22.0,21.0,22.0,22.0,21.0,22.0,21.0,21.0,21.0,21.0,22.0,21.0,10.0,hold,5,5,11.3945
1787152325.9428,2026-08-19 17:12:05.942,10,c3,1,0,-0.03944,-0.496,0.0409,-4.4689,10.3063,-20.652,-0.0682,0.017,-0.2333,3.72197,24.0,24.0,21.0,24.0,32.0,32.0,22.0,25.0,33.0,33.0,22.0,23.0,28.0,37.0,21.0,22.0,26.0,20.0,24.0,21.0,22.0,21.0,21.0,22.0,22.0,22.0,22.0,21.0,22.0,22.0,21.0,22.0,21.0,21.0,21.0,21.0,22.0,21.0,10.0,hold,5,5,11.3699
1787152325.9929,2026-08-19 17:12:05.992,10,c3,1,0,-0.03942,-0.49601,0.04091,-4.4144,10.4952,-20.645,-0.0729,0.0191,-0.2337,3.71996,24.0,24.0,21.0,24.0,32.0,32.0,22.0,25.0,33.0,33.0,22.0,23.0,28.0,37.0,21.0,22.0,26.0,20.0,24.0,21.0,22.0,21.0,21.0,22.0,22.0,22.0,22.0,21.0,22.0,22.0,21.0,22.0,21.0,21.0,21.0,21.0,22.0,21.0,10.0,hold,5,5,11.3878
1787152326.043,2026-08-19 17:12:06.043,10,c3,1,0,-0.03945,-0.496,0.04091,-4.3809,10.4634,-20.7482,-0.072,0.0178,-0.2355,3.72776,24.0,25.0,22.0,22.0,33.0,32.0,22.0,27.0,32.0,32.0,23.0,22.0,27.0,37.0,22.0,23.0,28.0,21.0,23.0,21.0,22.0,21.0,21.0,22.0,22.0,22.0,22.0,21.0,22.0,22.0,21.0,22.0,21.0,21.0,21.0,21.0,22.0,21.0,10.0,hold,5,5,11.3184
1787152326.0931,2026-08-19 17:12:06.093,10,c3,1,0,-0.03945,-0.49602,0.04091,-4.7981,10.8238,-20.6052,-0.0797,0.0112,-0.2363,3.72852,24.0,25.0,22.0,22.0,33.0,32.0,22.0,27.0,32.0,32.0,23.0,22.0,27.0,37.0,22.0,23.0,28.0,21.0,23.0,21.0,22.0,21.0,21.0,22.0,22.0,22.0,22.0,21.0,22.0,22.0,21.0,22.0,21.0,21.0,21.0,21.0,22.0,21.0,10.0,hold,5,5,11.3116
1787152326.1432,2026-08-19 17:12:06.143,10,c3,1,0,-0.03944,-0.49601,0.04091,-4.4987,10.5381,-20.7403,-0.074,0.0159,-0.2363,3.72953,23.0,24.0,21.0,22.0,32.0,32.0,23.0,26.0,33.0,34.0,21.0,23.0,29.0,37.0,21.0,22.0,26.0,21.0,25.0,21.0,22.0,21.0,21.0,22.0,22.0,22.0,22.0,21.0,22.0,22.0,21.0,22.0,21.0,21.0,21.0,21.0,22.0,21.0,10.0,hold,5,5,11.3027
1787152326.1934,2026-08-19 17:12:06.193,10,c3,1,0,-0.03944,-0.49601,0.04091,-4.5678,10.8957,-20.5143,-0.0816,0.0155,-0.2392,3.73859,23.0,24.0,21.0,22.0,32.0,32.0,23.0,26.0,33.0,34.0,21.0,23.0,29.0,37.0,21.0,22.0,26.0,21.0,25.0,21.0,22.0,21.0,21.0,22.0,22.0,22.0,22.0,21.0,22.0,22.0,21.0,22.0,21.0,21.0,21.0,21.0,22.0,21.0,10.0,hold,5,5,11.2221
1787152326.2435,2026-08-19 17:12:06.243,10,c3,1,0,-0.03942,-0.49601,0.0409,-5.0248,10.7046,-20.5104,-0.0768,0.0017,-0.2403,3.72928,24.0,24.0,21.0,24.0,32.0,32.0,22.0,25.0,32.0,34.0,23.0,22.0,27.0,38.0,22.0,19.0,27.0,20.0,23.0,21.0,22.0,21.0,21.0,22.0,22.0,22.0,22.0,21.0,22.0,22.0,21.0,22.0,21.0,21.0,21.0,21.0,22.0,21.0,10.0,hold,5,5,11.3049
1787152326.2936,2026-08-19 17:12:06.293,10,c3,1,0,-0.03945,-0.49601,0.04091,-4.4541,10.3913,-20.728,-0.0729,0.017,-0.2302,3.73557,23.0,24.0,21.0,23.0,33.0,32.0,22.0,25.0,31.0,33.0,23.0,22.0,27.0,38.0,23.0,21.0,27.0,22.0,24.0,21.0,22.0,21.0,21.0,22.0,22.0,22.0,22.0,21.0,22.0,22.0,21.0,22.0,21.0,21.0,21.0,21.0,22.0,21.0,10.0,hold,5,5,11.2489
1787152326.3437,2026-08-19 17:12:06.343,10,c3,1,0,-0.03943,-0.496,0.04089,-4.1887,10.1295,-20.7021,-0.0651,0.0243,-0.2288,3.73381,23.0,24.0,21.0,23.0,33.0,32.0,22.0,25.0,31.0,33.0,23.0,22.0,27.0,38.0,23.0,21.0,27.0,22.0,24.0,21.0,22.0,21.0,21.0,22.0,22.0,22.0,22.0,21.0,22.0,22.0,21.0,22.0,21.0,21.0,21.0,21.0,22.0,21.0,10.0,hold,5,5,11.2646
1787152326.3938,2026-08-19 17:12:06.393,10,c3,1,0,-0.03944,-0.49602,0.04091,-4.6078,10.1646,-20.7948,-0.0641,0.0114,-0.2379,3.73733,22.0,23.0,21.0,23.0,31.0,32.0,22.0,24.0,32.0,33.0,23.0,20.0,27.0,37.0,22.0,20.0,26.0,23.0,22.0,21.0,22.0,21.0,21.0,22.0,22.0,22.0,22.0,21.0,22.0,22.0,21.0,22.0,21.0,21.0,21.0,21.0,22.0,21.0,10.0,hold,5,5,11.2333
1787152326.444,2026-08-19 17:12:06.443,10,c3,1,0,-0.03943,-0.49601,0.04091,-4.3045,10.5902,-20.7118,-0.0748,0.0187,-0.2333,3.73733,22.0,23.0,21.0,23.0,31.0,32.0,22.0,24.0,32.0,33.0,23.0,20.0,27.0,37.0,22.0,20.0,26.0,23.0,22.0,21.0,22.0,21.0,21.0,22.0,22.0,22.0,22.0,21.0,22.0,22.0,21.0,22.0,21.0,21.0,21.0,21.0,22.0,21.0,10.0,hold,5,5,11.2333
1787152326.494,2026-08-19 17:12:06.493,10,c3,1,0,-0.03946,-0.49601,0.04091,-4.3947,10.1071,-20.894,-0.0606,0.0193,-0.2321,3.74262,24.0,23.0,21.0,22.0,32.0,32.0,23.0,25.0,33.0,33.0,24.0,22.0,28.0,38.0,24.0,23.0,27.0,23.0,25.0,21.0,22.0,21.0,21.0,22.0,22.0,22.0,22.0,21.0,22.0,22.0,21.0,22.0,21.0,21.0,21.0,21.0,22.0,21.0,10.0,hold,5,5,11.1862
1787152326.544,2026-08-19 17:12:06.544,10,c3,1,0,-0.03943,-0.49601,0.04091,-4.9008,10.5486,-20.7673,-0.0737,0.0079,-0.2393,3.74111,24.0,24.0,21.0,23.0,33.0,31.0,23.0,26.0,33.0,34.0,25.0,24.0,29.0,38.0,25.0,22.0,29.0,25.0,24.0,21.0,22.0,21.0,21.0,22.0,22.0,22.0,22.0,21.0,22.0,22.0,21.0,22.0,21.0,21.0,21.0,21.0,22.0,21.0,10.0,hold,5,5,11.1997
1787152326.5942,2026-08-19 17:12:06.594,10,c3,1,0,-0.03944,-0.49601,0.0409,-4.6737,10.5118,-20.6227,-0.0723,0.011,-0.2325,3.74337,24.0,24.0,21.0,23.0,33.0,31.0,23.0,26.0,33.0,34.0,25.0,24.0,29.0,38.0,25.0,22.0,29.0,25.0,24.0,21.0,22.0,21.0,21.0,22.0,22.0,22.0,22.0,21.0,22.0,22.0,21.0,22.0,21.0,21.0,21.0,21.0,22.0,21.0,10.0,hold,5,5,11.1795
1787152326.6443,2026-08-19 17:12:06.644,10,c3,1,0,-0.03945,-0.49602,0.04092,-4.6087,10.0857,-20.4534,-0.062,0.0146,-0.2339,3.7328,24.0,25.0,20.0,23.0,33.0,32.0,23.0,26.0,31.0,35.0,24.0,23.0,28.0,38.0,24.0,22.0,28.0,23.0,24.0,21.0,22.0,21.0,21.0,22.0,22.0,22.0,22.0,21.0,22.0,22.0,21.0,22.0,21.0,21.0,21.0,21.0,22.0,21.0,10.0,hold,5,5,11.2736
1787152326.6945,2026-08-19 17:12:06.694,10,c3,1,0,-0.03945,-0.496,0.04091,-4.5155,10.4189,-20.8208,-0.0702,0.0158,-0.2347,3.74388,24.0,25.0,20.0,23.0,33.0,32.0,23.0,26.0,31.0,35.0,24.0,23.0,28.0,38.0,24.0,22.0,28.0,23.0,24.0,21.0,22.0,21.0,21.0,22.0,22.0,22.0,22.0,21.0,22.0,22.0,21.0,22.0,21.0,21.0,21.0,21.0,22.0,21.0,10.0,hold,5,5,11.175
1787152326.7446,2026-08-19 17:12:06.744,10,c3,1,0,-0.03944,-0.49602,0.04091,-4.76,10.3702,-20.8933,-0.0721,0.0094,-0.2319,3.73557,24.0,24.0,22.0,23.0,32.0,34.0,22.0,27.0,33.0,34.0,25.0,24.0,29.0,39.0,24.0,22.0,27.0,23.0,25.0,21.0,22.0,21.0,21.0,22.0,22.0,22.0,22.0,21.0,22.0,22.0,21.0,22.0,21.0,21.0,21.0,21.0,22.0,21.0,10.0,hold,5,5,11.2489
1787152326.7946,2026-08-19 17:12:06.794,10,c3,1,0,-0.03944,-0.49602,0.04091,-4.6202,10.0791,-20.7071,-0.0589,0.0138,-0.2335,3.74463,23.0,24.0,21.0,23.0,33.0,32.0,24.0,26.0,34.0,34.0,22.0,22.0,29.0,39.0,22.0,21.0,27.0,22.0,23.0,21.0,22.0,21.0,21.0,22.0,22.0,22.0,22.0,21.0,22.0,22.0,21.0,22.0,21.0,21.0,21.0,21.0,22.0,21.0,10.0,hold,5,5,11.1683
1787152326.8448,2026-08-19 17:12:06.844,10,c3,1,0,-0.03942,-0.49602,0.04092,-4.5227,10.5681,-20.6824,-0.0757,0.0159,-0.2314,3.73859,23.0,24.0,21.0,23.0,33.0,32.0,24.0,26.0,34.0,34.0,22.0,22.0,29.0,39.0,22.0,21.0,27.0,22.0,23.0,21.0,22.0,21.0,21.0,22.0,22.0,22.0,22.0,21.0,22.0,22.0,21.0,22.0,21.0,21.0,21.0,21.0,22.0,21.0,10.0,hold,5,5,11.2221
1787152326.895,2026-08-19 17:12:06.895,10,c3,1,0,-0.03945,-0.49601,0.04092,-5.065,10.629,-20.7098,-0.0749,0.0021,-0.2377,3.74539,23.0,24.0,21.0,22.0,33.0,32.0,22.0,25.0,33.0,33.0,24.0,22.0,29.0,38.0,25.0,22.0,28.0,24.0,24.0,21.0,22.0,21.0,21.0,22.0,22.0,22.0,22.0,21.0,22.0,22.0,21.0,22.0,21.0,21.0,21.0,21.0,22.0,21.0,10.0,hold,5,5,11.1616
1787152326.9451,2026-08-19 17:12:06.945,10,c3,1,0,-0.03944,-0.49601,0.04091,-4.9033,10.6104,-20.6733,-0.074,0.0101,-0.2433,3.73783,23.0,24.0,21.0,22.0,33.0,32.0,22.0,25.0,33.0,33.0,24.0,22.0,29.0,38.0,25.0,22.0,28.0,24.0,24.0,21.0,22.0,21.0,21.0,22.0,22.0,22.0,22.0,21.0,22.0,22.0,21.0,22.0,21.0,21.0,21.0,21.0,22.0,21.0,10.0,hold,5,5,11.2288
1787152326.9953,2026-08-19 17:12:06.995,10,c3,1,0,-0.03944,-0.496,0.0409,-4.12,10.0617,-21.0495,-0.0619,0.0278,-0.2287,3.7401,23.0,24.0,22.0,21.0,33.0,32.0,24.0,25.0,35.0,35.0,23.0,22.0,30.0,38.0,23.0,20.0,28.0,22.0,24.0,21.0,22.0,21.0,21.0,22.0,22.0,22.0,22.0,21.0,22.0,22.0,21.0,22.0,21.0,21.0,21.0,21.0,22.0,21.0,10.0,hold,5,5,11.2086
1787152327.0454,2026-08-19 17:12:07.045,10,c3,1,0,-0.03943,-0.49601,0.04091,-4.5014,10.6576,-20.8727,-0.0734,0.0164,-0.2318,3.74438,22.0,25.0,23.0,23.0,34.0,33.0,22.0,24.0,34.0,34.0,24.0,21.0,29.0,38.0,24.0,20.0,26.0,23.0,22.0,21.0,22.0,21.0,21.0,22.0,22.0,22.0,22.0,21.0,22.0,22.0,21.0,22.0,21.0,21.0,21.0,21.0,22.0,21.0,10.0,hold,5,5,11.1705
1787152327.0955,2026-08-19 17:12:07.095,10,c3,1,0,-0.03943,-0.49601,0.04091,-4.3555,10.2874,-21.1636,-0.0679,0.0193,-0.231,3.74212,22.0,25.0,23.0,23.0,34.0,33.0,22.0,24.0,34.0,34.0,24.0,21.0,29.0,38.0,24.0,20.0,26.0,23.0,22.0,21.0,22.0,21.0,21.0,22.0,22.0,22.0,22.0,21.0,22.0,22.0,21.0,22.0,21.0,21.0,21.0,21.0,22.0,21.0,10.0,hold,5,5,11.1907
1787152327.1458,2026-08-19 17:12:07.145,10,c3,1,0,-0.03945,-0.49601,0.04091,-4.7802,10.5792,-20.7383,-0.0715,0.0078,-0.2341,3.74614,25.0,25.0,22.0,23.0,33.0,32.0,23.0,27.0,32.0,34.0,24.0,24.0,28.0,38.0,23.0,24.0,28.0,23.0,25.0,21.0,22.0,21.0,21.0,22.0,22.0,22.0,22.0,21.0,22.0,22.0,21.0,22.0,21.0,21.0,21.0,21.0,22.0,21.0,10.0,hold,5,5,11.1549
1787152327.1959,2026-08-19 17:12:07.195,10,c3,1,0,-0.03944,-0.49603,0.04092,-4.5897,10.2562,-20.8145,-0.0675,0.0119,-0.2333,3.74363,25.0,25.0,22.0,23.0,33.0,32.0,23.0,27.0,32.0,34.0,24.0,24.0,28.0,38.0,23.0,24.0,28.0,23.0,25.0,21.0,22.0,21.0,21.0,22.0,22.0,22.0,22.0,21.0,22.0,22.0,21.0,22.0,21.0,21.0,21.0,21.0,22.0,21.0,10.0,hold,5,5,11.1773
1787152327.246,2026-08-19 17:12:07.246,10,c3,1,0,-0.03944,-0.49601,0.04091,-4.3314,10.2831,-20.7665,-0.065,0.0225,-0.2339,3.74337,26.0,24.0,22.0,25.0,32.0,33.0,23.0,28.0,32.0,35.0,24.0,24.0,28.0,37.0,23.0,25.0,27.0,22.0,26.0,21.0,22.0,21.0,21.0,22.0,22.0,22.0,22.0,21.0,22.0,22.0,21.0,22.0,21.0,21.0,21.0,21.0,22.0,21.0,10.0,hold,5,5,11.1795
1787152327.2961,2026-08-19 17:12:07.296,10,c3,1,0,-0.03945,-0.49602,0.04092,-4.9898,10.847,-20.7226,-0.0792,0.004,-0.2362,3.74413,26.0,24.0,22.0,25.0,32.0,33.0,23.0,28.0,32.0,35.0,24.0,24.0,28.0,37.0,23.0,25.0,27.0,22.0,26.0,21.0,22.0,21.0,21.0,22.0,22.0,22.0,22.0,21.0,22.0,22.0,21.0,22.0,21.0,21.0,21.0,21.0,22.0,21.0,10.0,hold,5,5,11.1728
1787152327.3463,2026-08-19 17:12:07.346,10,c3,1,0,-0.03945,-0.49602,0.04092,-4.6036,10.1533,-20.8577,-0.0641,0.0136,-0.2371,3.74111,24.0,24.0,22.0,26.0,32.0,33.0,23.0,26.0,32.0,33.0,24.0,23.0,29.0,38.0,23.0,22.0,27.0,23.0,24.0,21.0,22.0,21.0,21.0,22.0,22.0,22.0,22.0,21.0,22.0,22.0,21.0,22.0,21.0,21.0,21.0,21.0,22.0,21.0,10.0,hold,5,5,11.1997
1787152327.3964,2026-08-19 17:12:07.396,10,c3,1,0,-0.03944,-0.496,0.04091,-4.504,10.655,-20.8154,-0.0759,0.0146,-0.2368,3.75244,23.0,25.0,21.0,23.0,34.0,33.0,23.0,26.0,33.0,33.0,25.0,21.0,28.0,37.0,25.0,23.0,27.0,24.0,22.0,21.0,22.0,21.0,21.0,22.0,22.0,22.0,22.0,21.0,22.0,22.0,21.0,22.0,21.0,21.0,21.0,21.0,22.0,21.0,10.0,hold,5,5,11.0989
1787152327.4466,2026-08-19 17:12:07.446,10,c3,1,0,-0.03944,-0.49602,0.04092,-4.2393,10.5923,-20.7563,-0.0771,0.021,-0.2341,3.73985,23.0,25.0,21.0,23.0,34.0,33.0,23.0,26.0,33.0,33.0,25.0,21.0,28.0,37.0,25.0,23.0,27.0,24.0,22.0,21.0,22.0,21.0,21.0,22.0,22.0,22.0,22.0,21.0,22.0,22.0,21.0,22.0,21.0,21.0,21.0,21.0,22.0,21.0,10.0,hold,5,5,11.2109
1787152327.4967,2026-08-19 17:12:07.496,10,c3,1,0,-0.03945,-0.49601,0.04092,-4.5273,10.484,-20.8552,-0.0728,0.0145,-0.2374,3.7537,24.0,25.0,21.0,23.0,33.0,32.0,24.0,24.0,33.0,34.0,23.0,21.0,29.0,38.0,22.0,20.0,27.0,22.0,22.0,21.0,22.0,21.0,21.0,22.0,22.0,22.0,22.0,21.0,22.0,22.0,21.0,22.0,21.0,21.0,21.0,21.0,22.0,21.0,10.0,hold,5,5,11.0877
1787152327.5468,2026-08-19 17:12:07.546,10,c3,1,0,-0.03943,-0.49601,0.04091,-4.7365,10.3426,-20.6257,-0.0675,0.0105,-0.2346,3.74539,24.0,25.0,21.0,23.0,33.0,32.0,24.0,24.0,33.0,34.0,23.0,21.0,29.0,38.0,22.0,20.0,27.0,22.0,22.0,21.0,22.0,21.0,21.0,22.0,22.0,22.0,22.0,21.0,22.0,22.0,21.0,22.0,21.0,21.0,21.0,21.0,22.0,21.0,10.0,hold,5,5,11.1616
1787152327.597,2026-08-19 17:12:07.596,10,c3,1,0,-0.03944,-0.49601,0.0409,-4.423,10.6077,-20.5673,-0.0765,0.0164,-0.2387,3.7537,21.0,24.0,22.0,22.0,32.0,33.0,23.0,25.0,32.0,33.0,23.0,21.0,27.0,37.0,23.0,23.0,27.0,23.0,23.0,21.0,22.0,21.0,21.0,22.0,22.0,22.0,22.0,21.0,22.0,22.0,21.0,22.0,21.0,21.0,21.0,21.0,22.0,21.0,10.0,hold,5,5,11.0877
1787152327.6471,2026-08-19 17:12:07.647,10,c3,1,0,-0.03945,-0.49601,0.04091,-4.4285,10.119,-20.6348,-0.0683,0.0195,-0.2328,3.73884,22.0,24.0,22.0,22.0,32.0,32.0,23.0,22.0,32.0,32.0,24.0,19.0,29.0,37.0,23.0,20.0,25.0,22.0,22.0,21.0,22.0,21.0,21.0,22.0,22.0,22.0,22.0,21.0,22.0,22.0,21.0,22.0,21.0,21.0,21.0,21.0,22.0,21.0,10.0,hold,5,5,11.2198
1787152327.6971,2026-08-19 17:12:07.697,10,c3,1,0,-0.03941,-0.49601,0.04091,-4.4588,10.5535,-20.8168,-0.0736,0.0169,-0.2331,3.75546,22.0,24.0,22.0,22.0,32.0,32.0,23.0,22.0,32.0,32.0,24.0,19.0,29.0,37.0,23.0,20.0,25.0,22.0,22.0,21.0,22.0,21.0,21.0,22.0,22.0,22.0,22.0,21.0,22.0,22.0,21.0,22.0,21.0,21.0,21.0,21.0,22.0,21.0,10.0,hold,5,5,11.072
1787152327.7473,2026-08-19 17:12:07.747,10,c3,1,0,-0.03944,-0.49602,0.04092,-4.8582,10.6569,-20.8549,-0.0746,0.0109,-0.2357,3.74539,20.0,24.0,21.0,20.0,32.0,32.0,22.0,27.0,33.0,33.0,23.0,23.0,30.0,37.0,23.0,23.0,27.0,23.0,24.0,21.0,22.0,21.0,21.0,22.0,22.0,22.0,22.0,21.0,22.0,22.0,21.0,22.0,21.0,21.0,21.0,21.0,22.0,21.0,10.0,hold,5,5,11.1616
1787152327.7974,2026-08-19 17:12:07.797,10,c3,1,0,-0.03943,-0.49602,0.04093,-4.742,10.5561,-20.6339,-0.071,0.0097,-0.2321,3.75168,20.0,24.0,21.0,20.0,32.0,32.0,22.0,27.0,33.0,33.0,23.0,23.0,30.0,37.0,23.0,23.0,27.0,23.0,24.0,21.0,22.0,21.0,21.0,22.0,22.0,22.0,22.0,21.0,22.0,22.0,21.0,22.0,21.0,21.0,21.0,21.0,22.0,21.0,10.0,hold,5,5,11.1056
1787152327.8475,2026-08-19 17:12:07.847,10,c3,1,0,-0.03945,-0.49601,0.04091,-4.6035,10.1891,-20.8409,-0.0638,0.0143,-0.2346,3.74564,24.0,25.0,22.0,23.0,33.0,33.0,23.0,26.0,32.0,34.0,23.0,23.0,26.0,38.0,23.0,21.0,28.0,22.0,23.0,21.0,22.0,21.0,21.0,22.0,22.0,22.0,22.0,21.0,22.0,22.0,21.0,22.0,21.0,21.0,21.0,21.0,22.0,21.0,10.0,hold,5,5,11.1593
1787152327.8977,2026-08-19 17:12:07.897,10,c3,1,0,-0.03943,-0.49601,0.04092,-4.7206,10.6443,-20.7874,-0.0773,0.0083,-0.2334,3.74816,22.0,24.0,22.0,23.0,32.0,32.0,22.0,25.0,31.0,34.0,25.0,21.0,28.0,38.0,24.0,22.0,27.0,23.0,25.0,21.0,22.0,21.0,21.0,22.0,22.0,22.0,22.0,21.0,22.0,22.0,21.0,22.0,21.0,21.0,21.0,21.0,22.0,21.0,10.0,hold,5,5,11.1369
1787152327.9478,2026-08-19 17:12:07.947,10,c3,1,0,-0.03943,-0.496,0.0409,-4.2538,10.481,-20.9498,-0.075,0.0232,-0.2322,3.75823,22.0,24.0,22.0,23.0,32.0,32.0,22.0,25.0,31.0,34.0,25.0,21.0,28.0,38.0,24.0,22.0,27.0,23.0,25.0,21.0,22.0,21.0,21.0,22.0,22.0,22.0,22.0,21.0,22.0,22.0,21.0,22.0,21.0,21.0,21.0,21.0,22.0,21.0,10.0,hold,5,5,11.0473
1787152327.998,2026-08-19 17:12:07.997,10,c3,1,0,-0.03944,-0.49601,0.04091,-4.5555,10.5333,-20.9709,-0.0746,0.015,-0.24,3.74866,22.0,23.0,21.0,22.0,31.0,32.0,23.0,25.0,32.0,33.0,23.0,22.0,27.0,37.0,23.0,21.0,26.0,23.0,24.0,21.0,22.0,21.0,21.0,22.0,22.0,22.0,22.0,21.0,22.0,22.0,21.0,22.0,21.0,21.0,21.0,21.0,22.0,21.0,10.0,hold,5,5,11.1325
1787152328.0481,2026-08-19 17:12:08.048,10,c3,1,0,-0.03943,-0.49602,0.04092,-4.6323,10.3867,-20.8838,-0.0704,0.0116,-0.2413,3.75496,22.0,23.0,21.0,22.0,31.0,32.0,23.0,25.0,32.0,33.0,23.0,22.0,27.0,37.0,23.0,21.0,26.0,23.0,24.0,21.0,22.0,21.0,21.0,22.0,22.0,22.0,22.0,21.0,22.0,22.0,21.0,22.0,21.0,21.0,21.0,21.0,22.0,21.0,10.0,hold,5,5,11.0765
1787152328.0982,2026-08-19 17:12:08.098,10,c3,1,0,-0.03945,-0.49602,0.04093,-4.6791,10.5047,-21.0273,-0.0713,0.0092,-0.2335,3.7474,22.0,24.0,20.0,22.0,32.0,32.0,23.0,24.0,32.0,33.0,24.0,20.0,28.0,38.0,23.0,20.0,27.0,23.0,23.0,21.0,22.0,21.0,21.0,22.0,22.0,22.0,22.0,21.0,22.0,22.0,21.0,22.0,21.0,21.0,21.0,21.0,22.0,21.0,10.0,hold,5,5,11.1437
1787152328.1483,2026-08-19 17:12:08.148,10,c3,1,0,-0.03945,-0.49601,0.04092,-4.4221,10.4117,-20.9938,-0.0708,0.0173,-0.2305,3.75521,20.0,23.0,22.0,21.0,31.0,32.0,23.0,25.0,31.0,32.0,23.0,23.0,26.0,36.0,22.0,21.0,26.0,22.0,23.0,21.0,22.0,21.0,21.0,22.0,22.0,22.0,22.0,21.0,22.0,22.0,21.0,22.0,21.0,21.0,21.0,21.0,22.0,21.0,10.0,hold,5,5,11.0742
1787152328.1984,2026-08-19 17:12:08.198,10,c3,1,0,-0.03943,-0.49601,0.04092,-4.5526,10.4208,-20.9058,-0.0698,0.0153,-0.2335,3.74942,20.0,23.0,22.0,21.0,31.0,32.0,23.0,25.0,31.0,32.0,23.0,23.0,26.0,36.0,22.0,21.0,26.0,22.0,23.0,21.0,22.0,21.0,21.0,22.0,22.0,22.0,22.0,21.0,22.0,22.0,21.0,22.0,21.0,21.0,21.0,21.0,22.0,21.0,10.0,hold,5,5,11.1257
1787152328.2486,2026-08-19 17:12:08.248,10,c3,1,0,-0.03943,-0.49601,0.04091,-4.6554,10.3727,-20.7903,-0.0662,0.011,-0.2335,3.75621,25.0,22.0,20.0,23.0,32.0,31.0,23.0,27.0,33.0,34.0,23.0,24.0,29.0,38.0,22.0,23.0,27.0,22.0,24.0,21.0,22.0,21.0,21.0,22.0,22.0,22.0,22.0,21.0,22.0,22.0,21.0,22.0,21.0,21.0,21.0,21.0,22.0,21.0,10.0,hold,5,5,11.0653
1787152328.2987,2026-08-19 17:12:08.298,10,c3,1,0,-0.03945,-0.49601,0.04092,-4.615,10.5187,-20.824,-0.0727,0.0133,-0.2336,3.75621,25.0,22.0,20.0,23.0,32.0,31.0,23.0,27.0,33.0,34.0,23.0,24.0,29.0,38.0,22.0,23.0,27.0,22.0,24.0,21.0,22.0,21.0,21.0,22.0,22.0,22.0,22.0,21.0,22.0,22.0,21.0,22.0,21.0,21.0,21.0,21.0,22.0,21.0,10.0,hold,5,5,11.0653
1787152328.3489,2026-08-19 17:12:08.348,10,c3,1,0,-0.03944,-0.49602,0.04093,-4.5512,10.4913,-20.7772,-0.07,0.0132,-0.2313,3.74791,23.0,24.0,21.0,25.0,33.0,32.0,22.0,26.0,33.0,33.0,24.0,23.0,29.0,38.0,23.0,23.0,27.0,24.0,24.0,21.0,22.0,21.0,21.0,22.0,22.0,22.0,22.0,21.0,22.0,22.0,21.0,22.0,21.0,21.0,21.0,21.0,22.0,21.0,10.0,hold,5,5,11.1392
1787152328.399,2026-08-19 17:12:08.398,10,c3,1,0,-0.03945,-0.49601,0.04092,-4.6056,10.6617,-20.733,-0.0747,0.0155,-0.2354,3.75974,23.0,24.0,21.0,25.0,33.0,32.0,22.0,26.0,33.0,33.0,24.0,23.0,29.0,38.0,23.0,23.0,27.0,24.0,24.0,21.0,22.0,21.0,21.0,22.0,22.0,22.0,22.0,21.0,22.0,22.0,21.0,22.0,21.0,21.0,21.0,21.0,22.0,21.0,10.0,hold,5,5,11.0339
1787152328.4491,2026-08-19 17:12:08.449,10,c3,1,0,-0.03946,-0.49602,0.04091,-4.5973,10.3241,-20.7219,-0.0682,0.0132,-0.2348,3.7469,23.0,25.0,20.0,23.0,34.0,33.0,23.0,25.0,32.0,33.0,23.0,21.0,28.0,36.0,23.0,21.0,26.0,23.0,22.0,21.0,22.0,21.0,21.0,22.0,22.0,22.0,22.0,21.0,22.0,22.0,21.0,22.0,21.0,21.0,21.0,21.0,22.0,21.0,10.0,hold,5,5,11.1481
1787152328.4992,2026-08-19 17:12:08.499,10,c3,1,0,-0.03945,-0.49601,0.04091,-4.1985,10.4396,-20.8237,-0.0692,0.0209,-0.2282,3.75647,24.0,24.0,20.0,23.0,32.0,31.0,23.0,26.0,31.0,33.0,23.0,23.0,27.0,37.0,24.0,23.0,27.0,22.0,24.0,21.0,22.0,21.0,21.0,22.0,22.0,22.0,22.0,21.0,22.0,22.0,21.0,22.0,21.0,21.0,21.0,21.0,22.0,21.0,10.0,hold,5,5,11.063
1787152328.5493,2026-08-19 17:12:08.549,10,c3,1,0,-0.03946,-0.49601,0.04093,-4.6351,10.3624,-20.7424,-0.0685,0.0113,-0.2293,3.75068,24.0,24.0,20.0,23.0,32.0,31.0,23.0,26.0,31.0,33.0,23.0,23.0,27.0,37.0,24.0,23.0,27.0,22.0,24.0,21.0,22.0,21.0,21.0,22.0,22.0,22.0,22.0,21.0,22.0,22.0,21.0,22.0,21.0,21.0,21.0,21.0,22.0,21.0,10.0,hold,5,5,11.1145
1787152328.5995,2026-08-19 17:12:08.599,10,c3,1,0,-0.03946,-0.49603,0.04092,-4.3674,10.3958,-20.9891,-0.0691,0.0183,-0.233,3.74967,25.0,24.0,22.0,24.0,32.0,33.0,23.0,26.0,32.0,34.0,23.0,23.0,29.0,38.0,23.0,22.0,27.0,22.0,23.0,21.0,22.0,21.0,21.0,22.0,22.0,22.0,22.0,21.0,22.0,22.0,21.0,22.0,21.0,21.0,21.0,21.0,22.0,21.0,10.0,hold,5,5,11.1235
1787152328.6496,2026-08-19 17:12:08.649,10,c3,1,0,-0.03945,-0.49601,0.04091,-4.4572,10.4401,-20.9478,-0.0692,0.0159,-0.2336,3.75093,25.0,24.0,22.0,24.0,32.0,33.0,23.0,26.0,32.0,34.0,23.0,23.0,29.0,38.0,23.0,22.0,27.0,22.0,23.0,21.0,22.0,21.0,21.0,22.0,22.0,22.0,22.0,21.0,22.0,22.0,21.0,22.0,21.0,21.0,21.0,21.0,22.0,21.0,10.0,hold,5,5,11.1123
1787152328.6996,2026-08-19 17:12:08.699,10,c3,1,0,-0.03943,-0.496,0.04091,-4.4345,10.2213,-21.0372,-0.0619,0.0173,-0.2304,3.75193,24.0,23.0,22.0,23.0,32.0,32.0,22.0,26.0,32.0,32.0,22.0,22.0,28.0,38.0,24.0,21.0,27.0,22.0,23.0,21.0,22.0,21.0,21.0,22.0,22.0,22.0,22.0,21.0,22.0,22.0,21.0,22.0,21.0,21.0,21.0,21.0,22.0,21.0,10.0,hold,5,5,11.1033
1787152328.7497,2026-08-19 17:12:08.749,10,c3,1,0,-0.03942,-0.496,0.04091,-4.7369,10.8717,-21.0914,-0.0812,0.0104,-0.2351,3.75974,23.0,24.0,22.0,23.0,33.0,32.0,23.0,26.0,33.0,35.0,23.0,23.0,28.0,39.0,23.0,22.0,28.0,21.0,24.0,21.0,22.0,21.0,21.0,22.0,22.0,22.0,22.0,21.0,22.0,22.0,21.0,22.0,21.0,21.0,21.0,21.0,22.0,21.0,10.0,hold,5,5,11.0339
1787152328.7998,2026-08-19 17:12:08.799,10,c3,1,0,-0.03944,-0.49601,0.04091,-4.4798,10.4495,-21.1724,-0.0712,0.0171,-0.23,3.74539,23.0,24.0,22.0,23.0,33.0,32.0,23.0,26.0,33.0,35.0,23.0,23.0,28.0,39.0,23.0,22.0,28.0,21.0,24.0,21.0,22.0,21.0,21.0,22.0,22.0,22.0,22.0,21.0,22.0,22.0,21.0,22.0,21.0,21.0,21.0,21.0,22.0,21.0,10.0,hold,5,5,11.1616
1787152328.8499,2026-08-19 17:12:08.849,10,c3,1,0,-0.03944,-0.49602,0.04092,-4.4876,10.3707,-20.8897,-0.0679,0.0164,-0.2292,3.761,23.0,25.0,22.0,24.0,34.0,34.0,22.0,24.0,34.0,33.0,24.0,21.0,30.0,37.0,23.0,21.0,27.0,21.0,23.0,21.0,22.0,21.0,21.0,22.0,22.0,22.0,22.0,21.0,22.0,22.0,21.0,22.0,21.0,21.0,21.0,21.0,22.0,21.0,10.0,hold,5,5,11.0227
1787152328.9,2026-08-19 17:12:08.899,10,c3,1,0,-0.03944,-0.496,0.0409,-4.3105,10.4624,-20.917,-0.0717,0.0219,-0.2304,3.75974,23.0,25.0,22.0,24.0,34.0,34.0,22.0,24.0,34.0,33.0,24.0,21.0,30.0,37.0,23.0,21.0,27.0,21.0,23.0,21.0,22.0,21.0,21.0,22.0,22.0,22.0,22.0,21.0,22.0,22.0,21.0,22.0,21.0,21.0,21.0,21.0,22.0,21.0,10.0,hold,5,5,11.0339
1787152328.95,2026-08-19 17:12:08.950,10,c3,1,0,-0.03946,-0.49602,0.04092,-4.6957,10.691,-20.8736,-0.0739,0.0102,-0.2343,3.75848,24.0,24.0,21.0,23.0,32.0,32.0,23.0,23.0,33.0,33.0,25.0,20.0,29.0,38.0,24.0,19.0,27.0,23.0,21.0,21.0,22.0,21.0,21.0,22.0,22.0,22.0,22.0,21.0,22.0,22.0,21.0,22.0,21.0,21.0,21.0,21.0,22.0,21.0,10.0,hold,5,5,11.0451
1787152329.0002,2026-08-19 17:12:09.000,10,c3,1,0,-0.03943,-0.49602,0.04092,-4.3323,10.4804,-20.8436,-0.0747,0.0215,-0.2331,3.75999,23.0,24.0,21.0,21.0,33.0,32.0,25.0,27.0,34.0,33.0,24.0,24.0,31.0,37.0,24.0,22.0,26.0,23.0,24.0,21.0,22.0,21.0,21.0,22.0,22.0,22.0,22.0,21.0,22.0,22.0,21.0,22.0,21.0,21.0,21.0,21.0,22.0,21.0,10.0,hold,5,5,11.0317
1787152329.0503,2026-08-19 17:12:09.050,10,c3,1,0,-0.03944,-0.49601,0.04092,-4.7379,10.5273,-20.9456,-0.0702,0.0103,-0.2297,3.74564,23.0,24.0,21.0,21.0,33.0,32.0,25.0,27.0,34.0,33.0,24.0,24.0,31.0,37.0,24.0,22.0,26.0,23.0,24.0,21.0,22.0,21.0,21.0,22.0,22.0,22.0,22.0,21.0,22.0,22.0,21.0,22.0,21.0,21.0,21.0,21.0,22.0,21.0,10.0,hold,5,5,11.1593
1787152329.1005,2026-08-19 17:12:09.100,10,c3,1,0,-0.03944,-0.49601,0.04092,-4.8951,10.4658,-20.9351,-0.0682,0.0074,-0.2384,3.76125,25.0,24.0,20.0,24.0,34.0,31.0,23.0,24.0,31.0,34.0,24.0,21.0,26.0,38.0,23.0,21.0,27.0,23.0,24.0,21.0,22.0,21.0,21.0,22.0,22.0,22.0,22.0,21.0,22.0,22.0,21.0,22.0,21.0,21.0,21.0,21.0,22.0,21.0,10.0,hold,5,5,11.0205
1787152329.1506,2026-08-19 17:12:09.150,10,c3,1,0,-0.03945,-0.49601,0.04091,-4.5374,10.3327,-20.993,-0.0688,0.015,-0.23,3.75294,25.0,24.0,20.0,24.0,34.0,31.0,23.0,24.0,31.0,34.0,24.0,21.0,26.0,38.0,23.0,21.0,27.0,23.0,24.0,21.0,22.0,21.0,21.0,22.0,22.0,22.0,22.0,21.0,22.0,22.0,21.0,22.0,21.0,21.0,21.0,21.0,22.0,21.0,10.0,hold,5,5,11.0944
1787152329.2007,2026-08-19 17:12:09.200,10,c3,1,0,-0.03944,-0.49602,0.04092,-4.6093,10.408,-20.7499,-0.0685,0.0158,-0.2345,3.76276,21.0,24.0,22.0,22.0,31.0,33.0,23.0,26.0,33.0,33.0,24.0,23.0,29.0,38.0,22.0,22.0,27.0,22.0,25.0,21.0,22.0,21.0,21.0,22.0,22.0,22.0,22.0,21.0,22.0,22.0,21.0,22.0,21.0,21.0,21.0,21.0,22.0,21.0,10.0,hold,5,5,11.007
1787152329.2508,2026-08-19 17:12:09.250,10,c3,1,0,-0.03944,-0.49602,0.04093,-4.8485,10.4565,-21.0582,-0.0744,0.0092,-0.2346,3.7537,23.0,25.0,22.0,23.0,33.0,32.0,23.0,27.0,32.0,34.0,23.0,24.0,28.0,39.0,23.0,21.0,28.0,23.0,24.0,21.0,22.0,21.0,21.0,22.0,22.0,22.0,22.0,21.0,22.0,22.0,21.0,22.0,21.0,21.0,21.0,21.0,22.0,21.0,10.0,hold,5,5,11.0877
1787152329.3009,2026-08-19 17:12:09.300,10,c3,1,0,-0.03945,-0.49601,0.04092,-4.6332,10.6799,-20.9837,-0.0777,0.013,-0.235,3.75571,23.0,25.0,22.0,23.0,33.0,32.0,23.0,27.0,32.0,34.0,23.0,24.0,28.0,39.0,23.0,21.0,28.0,23.0,24.0,21.0,22.0,21.0,21.0,22.0,22.0,22.0,22.0,21.0,22.0,22.0,21.0,22.0,21.0,21.0,21.0,21.0,22.0,21.0,10.0,hold,5,5,11.0697
1787152329.351,2026-08-19 17:12:09.351,10,c3,1,0,-0.03946,-0.49603,0.04093,-4.4546,10.6129,-20.8614,-0.0762,0.019,-0.2318,3.74967,23.0,24.0,22.0,24.0,32.0,33.0,21.0,24.0,34.0,34.0,23.0,21.0,28.0,37.0,21.0,21.0,26.0,21.0,23.0,21.0,22.0,21.0,21.0,22.0,22.0,22.0,22.0,21.0,22.0,22.0,21.0,22.0,21.0,21.0,21.0,21.0,22.0,21.0,10.0,hold,5,5,11.1235
1787152329.4011,2026-08-19 17:12:09.401,10,c3,1,0,-0.03943,-0.49603,0.04093,-4.4422,10.3864,-20.9471,-0.0727,0.0175,-0.2284,3.75294,23.0,24.0,22.0,24.0,32.0,33.0,21.0,24.0,34.0,34.0,23.0,21.0,28.0,37.0,21.0,21.0,26.0,21.0,23.0,21.0,22.0,21.0,21.0,22.0,22.0,22.0,22.0,21.0,22.0,22.0,21.0,22.0,21.0,21.0,21.0,21.0,22.0,21.0,10.0,hold,5,5,11.0944
1787152329.4513,2026-08-19 17:12:09.451,10,c3,1,0,-0.03945,-0.49602,0.04092,-4.3387,10.3044,-20.9132,-0.0694,0.0184,-0.2336,3.75219,23.0,24.0,21.0,23.0,33.0,32.0,24.0,26.0,33.0,34.0,24.0,22.0,29.0,36.0,24.0,23.0,26.0,23.0,24.0,21.0,22.0,21.0,21.0,22.0,22.0,22.0,22.0,21.0,22.0,22.0,21.0,22.0,21.0,21.0,21.0,21.0,22.0,21.0,10.0,hold,5,5,11.1011
1787152329.5014,2026-08-19 17:12:09.501,10,c3,1,0,-0.03945,-0.49602,0.04092,-4.3398,10.0144,-20.9924,-0.059,0.0181,-0.2275,3.76024,23.0,24.0,21.0,23.0,33.0,32.0,24.0,26.0,33.0,34.0,24.0,22.0,29.0,36.0,24.0,23.0,26.0,23.0,24.0,21.0,22.0,21.0,21.0,22.0,22.0,22.0,22.0,21.0,22.0,22.0,21.0,22.0,21.0,21.0,21.0,21.0,22.0,21.0,10.0,hold,5,5,11.0294
1787152329.5515,2026-08-19 17:12:09.551,10,c3,1,0,-0.03945,-0.49602,0.04093,-4.4637,10.3222,-21.0341,-0.0656,0.0178,-0.2325,3.75345,25.0,25.0,22.0,24.0,33.0,32.0,24.0,26.0,32.0,33.0,23.0,22.0,28.0,37.0,24.0,22.0,26.0,24.0,24.0,21.0,22.0,21.0,21.0,22.0,22.0,22.0,22.0,21.0,22.0,22.0,21.0,22.0,21.0,21.0,21.0,21.0,22.0,21.0,10.0,hold,5,5,11.0899
1787152329.6016,2026-08-19 17:12:09.601,10,c3,1,0,-0.03944,-0.49602,0.04092,-4.7954,10.5704,-20.9708,-0.0745,0.0094,-0.2328,3.761,24.0,23.0,21.0,24.0,32.0,33.0,23.0,27.0,32.0,33.0,23.0,24.0,28.0,36.0,22.0,24.0,26.0,24.0,25.0,21.0,22.0,21.0,21.0,22.0,22.0,22.0,22.0,21.0,22.0,22.0,21.0,22.0,21.0,21.0,21.0,21.0,22.0,21.0,10.0,hold,5,5,11.0227
1787152329.6518,2026-08-19 17:12:09.651,10,c3,1,0,-0.03944,-0.49602,0.04092,-4.6737,10.416,-20.9626,-0.0722,0.0113,-0.2376,3.7474,24.0,23.0,21.0,24.0,32.0,33.0,23.0,27.0,32.0,33.0,23.0,24.0,28.0,36.0,22.0,24.0,26.0,24.0,25.0,21.0,22.0,21.0,21.0,22.0,22.0,22.0,22.0,21.0,22.0,22.0,21.0,22.0,21.0,21.0,21.0,21.0,22.0,21.0,10.0,hold,5,5,11.1437
1787152329.7019,2026-08-19 17:12:09.701,10,c3,1,0,-0.03946,-0.49601,0.04092,-4.7378,10.5902,-20.8419,-0.0716,0.0109,-0.2297,3.76125,26.0,23.0,22.0,25.0,33.0,32.0,23.0,26.0,32.0,33.0,22.0,21.0,28.0,38.0,24.0,21.0,27.0,23.0,24.0,21.0,22.0,21.0,21.0,22.0,22.0,22.0,22.0,21.0,22.0,22.0,21.0,22.0,21.0,21.0,21.0,21.0,22.0,21.0,10.0,hold,5,5,11.0205
1787152329.752,2026-08-19 17:12:09.751,10,c3,1,0,-0.03944,-0.49602,0.04091,-4.5348,10.4667,-20.7628,-0.0726,0.0165,-0.2314,3.7542,26.0,23.0,22.0,25.0,33.0,32.0,23.0,26.0,32.0,33.0,22.0,21.0,28.0,38.0,24.0,21.0,27.0,23.0,24.0,21.0,22.0,21.0,21.0,22.0,22.0,22.0,22.0,21.0,22.0,22.0,21.0,22.0,21.0,21.0,21.0,21.0,22.0,21.0,10.0,hold,5,5,11.0832
1787152329.8021,2026-08-19 17:12:09.802,10,c3,1,0,-0.03945,-0.49601,0.04092,-4.5353,10.4388,-20.7875,-0.0703,0.0185,-0.2348,3.76175,24.0,23.0,22.0,23.0,32.0,34.0,23.0,25.0,31.0,34.0,23.0,21.0,28.0,38.0,23.0,21.0,27.0,22.0,23.0,21.0,22.0,21.0,21.0,22.0,22.0,22.0,22.0,21.0,22.0,22.0,21.0,22.0,21.0,21.0,21.0,21.0,22.0,21.0,10.0,hold,5,5,11.016
1787152329.8522,2026-08-19 17:12:09.852,10,c3,1,0,-0.03945,-0.49601,0.04092,-4.4197,10.5139,-20.8694,-0.0693,0.0176,-0.233,3.75596,22.0,24.0,21.0,23.0,33.0,33.0,23.0,24.0,31.0,33.0,25.0,21.0,28.0,37.0,23.0,22.0,26.0,23.0,23.0,21.0,22.0,21.0,21.0,22.0,22.0,22.0,22.0,21.0,22.0,22.0,21.0,22.0,21.0,21.0,21.0,21.0,22.0,21.0,10.0,hold,5,5,11.0675
1787152329.9023,2026-08-19 17:12:09.902,10,c3,1,0,-0.03946,-0.49601,0.04091,-4.6663,10.6242,-20.8881,-0.0752,0.0126,-0.2371,3.75647,22.0,24.0,21.0,23.0,33.0,33.0,23.0,24.0,31.0,33.0,25.0,21.0,28.0,37.0,23.0,22.0,26.0,23.0,23.0,21.0,22.0,21.0,21.0,22.0,22.0,22.0,22.0,21.0,22.0,22.0,21.0,22.0,21.0,21.0,21.0,21.0,22.0,21.0,10.0,hold,5,5,11.063
1787152329.9525,2026-08-19 17:12:09.952,10,c3,1,0,-0.03944,-0.49601,0.04091,-4.75,10.4334,-20.9278,-0.0691,0.0085,-0.2367,3.75772,22.0,24.0,22.0,22.0,32.0,33.0,23.0,26.0,33.0,33.0,22.0,24.0,28.0,37.0,23.0,23.0,26.0,21.0,23.0,21.0,22.0,21.0,21.0,22.0,22.0,22.0,22.0,21.0,22.0,22.0,21.0,22.0,21.0,21.0,21.0,21.0,22.0,21.0,10.0,hold,5,5,11.0518
1787152330.0026,2026-08-19 17:12:10.002,10,c3,1,0,-0.03945,-0.49601,0.04092,-4.5473,10.4219,-20.797,-0.0706,0.0146,-0.2323,3.75395,22.0,24.0,22.0,22.0,32.0,33.0,23.0,26.0,33.0,33.0,22.0,24.0,28.0,37.0,23.0,23.0,26.0,21.0,23.0,21.0,22.0,21.0,21.0,22.0,22.0,22.0,22.0,21.0,22.0,22.0,21.0,22.0,21.0,21.0,21.0,21.0,22.0,21.0,10.0,hold,5,5,11.0854
1787152330.0527,2026-08-19 17:12:10.052,10,c3,1,0,-0.03947,-0.49602,0.04093,-4.4128,10.4203,-20.9013,-0.0733,0.0139,-0.231,3.75621,24.0,23.0,21.0,24.0,32.0,32.0,23.0,27.0,32.0,33.0,23.0,24.0,28.0,38.0,22.0,23.0,26.0,22.0,25.0,21.0,22.0,21.0,21.0,22.0,22.0,22.0,22.0,21.0,22.0,22.0,21.0,22.0,21.0,21.0,21.0,21.0,22.0,21.0,10.0,hold,5,5,11.0653
1787152330.1028,2026-08-19 17:12:10.102,10,c3,1,0,-0.03945,-0.49602,0.04091,-4.5238,10.3044,-21.07,-0.0682,0.0149,-0.2286,3.75496,26.0,22.0,20.0,24.0,31.0,32.0,22.0,27.0,32.0,33.0,23.0,23.0,29.0,38.0,23.0,20.0,27.0,22.0,24.0,21.0,22.0,21.0,21.0,22.0,22.0,22.0,22.0,21.0,22.0,22.0,21.0,22.0,21.0,21.0,21.0,21.0,22.0,21.0,10.0,hold,5,5,11.0765
1787152330.1529,2026-08-19 17:12:10.152,10,c3,1,0,-0.03944,-0.49602,0.04093,-4.3536,10.2077,-21.039,-0.0686,0.0225,-0.2306,3.75798,26.0,22.0,20.0,24.0,31.0,32.0,22.0,27.0,32.0,33.0,23.0,23.0,29.0,38.0,23.0,20.0,27.0,22.0,24.0,21.0,22.0,21.0,21.0,22.0,22.0,22.0,22.0,21.0,22.0,22.0,21.0,22.0,21.0,21.0,21.0,21.0,22.0,21.0,10.0,hold,5,5,11.0496
1787152330.203,2026-08-19 17:12:10.203,10,c3,1,0,-0.03945,-0.49601,0.04092,-4.192,10.4193,-21.002,-0.0701,0.0226,-0.2304,3.75546,22.0,23.0,22.0,23.0,32.0,32.0,22.0,25.0,32.0,32.0,23.0,21.0,27.0,38.0,22.0,22.0,26.0,21.0,24.0,21.0,22.0,21.0,21.0,22.0,22.0,22.0,22.0,21.0,22.0,22.0,21.0,22.0,21.0,21.0,21.0,21.0,22.0,21.0,10.0,hold,5,5,11.072
1787152330.2531,2026-08-19 17:12:10.253,10,c3,1,0,-0.03944,-0.49601,0.04091,-4.6398,10.5003,-20.9964,-0.0711,0.0125,-0.2323,3.75898,22.0,23.0,22.0,23.0,32.0,32.0,22.0,25.0,32.0,32.0,23.0,21.0,27.0,38.0,22.0,22.0,26.0,21.0,24.0,21.0,22.0,21.0,21.0,22.0,22.0,22.0,22.0,21.0,22.0,22.0,21.0,22.0,21.0,21.0,21.0,21.0,22.0,21.0,10.0,hold,5,5,11.0406
1787152330.3033,2026-08-19 17:12:10.303,10,c3,1,0,-0.03943,-0.49601,0.04092,-4.5856,10.7264,-21.049,-0.0807,0.0139,-0.237,3.7537,22.0,24.0,20.0,23.0,33.0,31.0,23.0,26.0,32.0,33.0,23.0,22.0,27.0,39.0,22.0,22.0,29.0,22.0,24.0,21.0,22.0,21.0,21.0,22.0,22.0,22.0,22.0,21.0,22.0,22.0,21.0,22.0,21.0,21.0,21.0,21.0,22.0,21.0,10.0,hold,5,5,11.0877
1787152330.3534,2026-08-19 17:12:10.353,10,c3,1,0,-0.03944,-0.49602,0.04092,-4.5779,10.5755,-21.0816,-0.0749,0.0141,-0.233,3.75999,24.0,24.0,22.0,23.0,33.0,33.0,22.0,26.0,32.0,33.0,24.0,23.0,27.0,38.0,23.0,22.0,27.0,22.0,25.0,21.0,22.0,21.0,21.0,22.0,22.0,22.0,22.0,21.0,22.0,22.0,21.0,22.0,21.0,21.0,21.0,21.0,22.0,21.0,10.0,hold,5,5,11.0317
1787152330.4035,2026-08-19 17:12:10.403,10,c3,1,0,-0.03944,-0.49601,0.04092,-4.6551,10.3457,-21.1101,-0.0667,0.0125,-0.2345,3.76075,24.0,24.0,22.0,23.0,33.0,33.0,22.0,26.0,32.0,33.0,24.0,23.0,27.0,38.0,23.0,22.0,27.0,22.0,25.0,21.0,22.0,21.0,21.0,22.0,22.0,22.0,22.0,21.0,22.0,22.0,21.0,22.0,21.0,21.0,21.0,21.0,22.0,21.0,10.0,hold,5,5,11.0249
1787152330.4538,2026-08-19 17:12:10.453,10,c3,1,0,-0.03944,-0.49602,0.04092,-4.7885,10.6239,-20.961,-0.0751,0.0068,-0.232,3.75722,24.0,24.0,22.0,23.0,33.0,33.0,23.0,27.0,31.0,33.0,22.0,23.0,28.0,37.0,23.0,23.0,27.0,22.0,25.0,21.0,22.0,21.0,21.0,22.0,22.0,22.0,22.0,21.0,22.0,22.0,21.0,22.0,21.0,21.0,21.0,21.0,22.0,21.0,10.0,hold,5,5,11.0563
1787152330.504,2026-08-19 17:12:10.503,10,c3,1,0,-0.03942,-0.49601,0.0409,-4.2845,10.4565,-20.8383,-0.0722,0.0199,-0.2296,3.76175,24.0,24.0,22.0,23.0,33.0,33.0,23.0,27.0,31.0,33.0,22.0,23.0,28.0,37.0,23.0,23.0,27.0,22.0,25.0,21.0,22.0,21.0,21.0,22.0,22.0,22.0,22.0,21.0,22.0,22.0,21.0,22.0,21.0,21.0,21.0,21.0,22.0,21.0,10.0,hold,5,5,11.016
1787152330.5541,2026-08-19 17:12:10.554,10,c3,1,0,-0.03945,-0.49601,0.04092,-4.5211,10.4434,-20.8748,-0.0711,0.0164,-0.235,3.75873,24.0,23.0,21.0,25.0,33.0,32.0,21.0,25.0,32.0,32.0,23.0,21.0,28.0,37.0,23.0,21.0,27.0,24.0,23.0,21.0,22.0,21.0,21.0,22.0,22.0,22.0,22.0,21.0,22.0,22.0,21.0,22.0,21.0,21.0,21.0,21.0,22.0,21.0,10.0,hold,5,5,11.0429
1787152330.6042,2026-08-19 17:12:10.604,10,c3,1,0,-0.03944,-0.49601,0.04091,-4.8166,10.6606,-20.8431,-0.0758,0.0067,-0.2355,3.75546,24.0,23.0,21.0,25.0,33.0,32.0,21.0,25.0,32.0,32.0,23.0,21.0,28.0,37.0,23.0,21.0,27.0,24.0,23.0,21.0,22.0,21.0,21.0,22.0,22.0,22.0,22.0,21.0,22.0,22.0,21.0,22.0,21.0,21.0,21.0,21.0,22.0,21.0,10.0,hold,5,5,11.072
1787152330.6544,2026-08-19 17:12:10.654,10,c3,1,0,-0.03945,-0.49601,0.04091,-4.4568,10.1105,-20.8464,-0.0623,0.0152,-0.2318,3.76377,24.0,23.0,22.0,23.0,32.0,32.0,23.0,27.0,32.0,33.0,23.0,23.0,27.0,39.0,22.0,23.0,27.0,22.0,27.0,21.0,22.0,21.0,21.0,22.0,22.0,22.0,22.0,21.0,22.0,22.0,21.0,22.0,21.0,21.0,21.0,21.0,22.0,21.0,10.0,hold,5,5,10.9981
1787152330.7045,2026-08-19 17:12:10.704,10,c3,1,0,-0.03942,-0.49603,0.04093,-4.5287,10.1025,-21.0778,-0.0594,0.018,-0.2314,3.75924,24.0,23.0,21.0,24.0,32.0,32.0,22.0,27.0,33.0,33.0,23.0,23.0,27.0,39.0,22.0,22.0,27.0,22.0,24.0,21.0,22.0,21.0,21.0,22.0,22.0,22.0,22.0,21.0,22.0,22.0,21.0,22.0,21.0,21.0,21.0,21.0,22.0,21.0,10.0,hold,5,5,11.0384
1787152330.7546,2026-08-19 17:12:10.754,10,c3,1,0,-0.03944,-0.49603,0.04092,-4.5341,10.5897,-20.7435,-0.0712,0.0157,-0.2317,3.76276,24.0,23.0,21.0,24.0,32.0,32.0,22.0,27.0,33.0,33.0,23.0,23.0,27.0,39.0,22.0,22.0,27.0,22.0,24.0,21.0,22.0,21.0,21.0,22.0,22.0,22.0,22.0,21.0,22.0,22.0,21.0,22.0,21.0,21.0,21.0,21.0,22.0,21.0,10.0,hold,5,5,11.007
1787152330.8048,2026-08-19 17:12:10.804,10,c3,1,0,-0.03944,-0.49602,0.04093,-4.6359,10.734,-20.8271,-0.0765,0.0083,-0.2313,3.75294,24.0,24.0,21.0,24.0,32.0,31.0,23.0,23.0,31.0,33.0,21.0,21.0,26.0,38.0,22.0,19.0,27.0,22.0,22.0,21.0,22.0,21.0,21.0,22.0,22.0,22.0,22.0,21.0,22.0,22.0,21.0,22.0,21.0,21.0,21.0,21.0,22.0,21.0,10.0,hold,5,5,11.0944
1787152330.8549,2026-08-19 17:12:10.854,10,c3,1,0,-0.03943,-0.49602,0.04092,-4.5977,10.4033,-20.9809,-0.0691,0.0142,-0.2353,3.76679,24.0,24.0,21.0,24.0,32.0,31.0,23.0,23.0,31.0,33.0,21.0,21.0,26.0,38.0,22.0,19.0,27.0,22.0,22.0,21.0,22.0,21.0,21.0,22.0,22.0,22.0,22.0,21.0,22.0,22.0,21.0,22.0,21.0,21.0,21.0,21.0,22.0,21.0,10.0,hold,5,5,10.9712
1787152330.905,2026-08-19 17:12:10.904,10,c3,1,0,-0.03944,-0.49602,0.04092,-4.5491,10.295,-20.8491,-0.0673,0.0125,-0.2315,3.75621,22.0,22.0,22.0,23.0,31.0,33.0,23.0,26.0,31.0,33.0,23.0,23.0,27.0,39.0,22.0,21.0,27.0,22.0,21.0,21.0,22.0,21.0,21.0,22.0,22.0,22.0,22.0,21.0,22.0,22.0,21.0,22.0,21.0,21.0,21.0,21.0,22.0,21.0,10.0,hold,5,5,11.0653
1787152330.9551,2026-08-19 17:12:10.955,10,c3,1,0,-0.03943,-0.49601,0.04091,-4.5732,10.3613,-20.996,-0.0703,0.0152,-0.2333,3.76553,24.0,24.0,22.0,23.0,32.0,32.0,22.0,25.0,32.0,34.0,23.0,22.0,27.0,38.0,22.0,21.0,27.0,22.0,23.0,21.0,22.0,21.0,21.0,22.0,22.0,22.0,22.0,21.0,22.0,22.0,21.0,22.0,21.0,21.0,21.0,21.0,22.0,21.0,10.0,hold,5,5,10.9824
1787152331.0052,2026-08-19 17:12:11.005,10,c3,1,0,-0.03945,-0.49601,0.04091,-4.4288,10.2988,-20.9881,-0.0676,0.0145,-0.2306,3.75823,24.0,24.0,22.0,23.0,32.0,32.0,22.0,25.0,32.0,34.0,23.0,22.0,27.0,38.0,22.0,21.0,27.0,22.0,23.0,21.0,22.0,21.0,21.0,22.0,22.0,22.0,22.0,21.0,22.0,22.0,21.0,22.0,21.0,21.0,21.0,21.0,22.0,21.0,10.0,hold,5,5,11.0473
1787152331.0554,2026-08-19 17:12:11.055,10,c3,1,0,-0.03944,-0.49602,0.04091,-4.5837,10.4742,-20.99,-0.074,0.0142,-0.2333,3.75823,24.0,23.0,23.0,22.0,32.0,33.0,22.0,25.0,31.0,34.0,22.0,21.0,26.0,36.0,23.0,21.0,27.0,23.0,23.0,21.0,22.0,21.0,21.0,22.0,22.0,22.0,22.0,21.0,22.0,22.0,21.0,22.0,21.0,21.0,21.0,21.0,22.0,21.0,10.0,hold,5,5,11.0473
1787152331.1055,2026-08-19 17:12:11.105,10,c3,1,0,-0.03945,-0.49601,0.04091,-4.2863,10.001,-20.9048,-0.0597,0.0209,-0.2263,3.76603,24.0,23.0,23.0,22.0,32.0,33.0,22.0,25.0,31.0,34.0,22.0,21.0,26.0,36.0,23.0,21.0,27.0,23.0,23.0,21.0,22.0,21.0,21.0,22.0,22.0,22.0,22.0,21.0,22.0,22.0,21.0,22.0,21.0,21.0,21.0,21.0,22.0,21.0,10.0,hold,5,5,10.9779
1787152331.1556,2026-08-19 17:12:11.155,10,c3,1,0,-0.03944,-0.49602,0.04092,-4.6372,10.385,-20.9545,-0.0665,0.0118,-0.2389,3.75596,24.0,22.0,20.0,23.0,31.0,32.0,22.0,25.0,31.0,32.0,22.0,22.0,28.0,38.0,21.0,22.0,27.0,21.0,23.0,21.0,22.0,21.0,21.0,22.0,22.0,22.0,22.0,21.0,22.0,22.0,21.0,22.0,21.0,21.0,21.0,21.0,22.0,21.0,10.0,hold,5,5,11.0675
1787152331.2057,2026-08-19 17:12:11.205,10,c3,1,0,-0.03945,-0.49602,0.04092,-4.8963,10.575,-20.7982,-0.0765,0.0067,-0.2376,3.76326,24.0,23.0,21.0,23.0,31.0,30.0,21.0,26.0,31.0,34.0,23.0,22.0,28.0,37.0,23.0,21.0,27.0,23.0,23.0,21.0,22.0,21.0,21.0,22.0,22.0,22.0,22.0,21.0,22.0,22.0,21.0,22.0,21.0,21.0,21.0,21.0,22.0,21.0,10.0,hold,5,5,11.0025
1787152331.2558,2026-08-19 17:12:11.255,10,c3,1,0,-0.03945,-0.49602,0.04092,-4.6078,10.3841,-20.8361,-0.0676,0.0113,-0.2396,3.75772,24.0,23.0,21.0,23.0,31.0,30.0,21.0,26.0,31.0,34.0,23.0,22.0,28.0,37.0,23.0,21.0,27.0,23.0,23.0,21.0,22.0,21.0,21.0,22.0,22.0,22.0,22.0,21.0,22.0,22.0,21.0,22.0,21.0,21.0,21.0,21.0,22.0,21.0,10.0,hold,5,5,11.0518
1787152331.3059,2026-08-19 17:12:11.305,10,c3,1,0,-0.03945,-0.49601,0.04092,-4.3124,10.3407,-20.7772,-0.0674,0.0206,-0.2276,3.75823,22.0,24.0,23.0,22.0,32.0,33.0,23.0,23.0,32.0,33.0,23.0,19.0,28.0,37.0,23.0,18.0,26.0,22.0,22.0,21.0,22.0,21.0,21.0,22.0,22.0,22.0,22.0,21.0,22.0,22.0,21.0,22.0,21.0,21.0,21.0,21.0,22.0,21.0,10.0,hold,5,5,11.0473
1787152331.356,2026-08-19 17:12:11.355,10,c3,1,0,-0.03945,-0.49602,0.04092,-4.6379,10.079,-20.8983,-0.0603,0.011,-0.2389,3.761,22.0,24.0,23.0,22.0,32.0,33.0,23.0,23.0,32.0,33.0,23.0,19.0,28.0,37.0,23.0,18.0,26.0,22.0,22.0,21.0,22.0,21.0,21.0,22.0,22.0,22.0,22.0,21.0,22.0,22.0,21.0,22.0,21.0,21.0,21.0,21.0,22.0,21.0,10.0,hold,5,5,11.0227
1787152331.4061,2026-08-19 17:12:11.406,10,c3,1,0,-0.03945,-0.49601,0.04092,-4.4874,10.5435,-20.901,-0.0725,0.0127,-0.2304,3.75772,22.0,25.0,21.0,21.0,34.0,32.0,21.0,23.0,31.0,34.0,24.0,19.0,27.0,38.0,22.0,19.0,28.0,21.0,21.0,21.0,22.0,21.0,21.0,22.0,22.0,22.0,22.0,21.0,22.0,22.0,21.0,22.0,21.0,21.0,21.0,21.0,22.0,21.0,10.0,hold,5,5,11.0518
1787152331.4561,2026-08-19 17:12:11.456,10,c3,1,0,-0.03945,-0.49602,0.04093,-4.5116,10.2836,-20.9102,-0.068,0.0164,-0.2316,3.7683,21.0,22.0,23.0,21.0,31.0,32.0,23.0,24.0,32.0,32.0,24.0,22.0,26.0,36.0,23.0,21.0,26.0,23.0,24.0,21.0,22.0,21.0,21.0,22.0,22.0,22.0,22.0,21.0,22.0,22.0,21.0,22.0,21.0,21.0,21.0,21.0,22.0,21.0,10.0,hold,5,5,10.9577
1787152331.5062,2026-08-19 17:12:11.506,10,c3,1,0,-0.03944,-0.49602,0.04092,-4.4054,10.2517,-20.9684,-0.0676,0.0185,-0.2313,3.75571,21.0,22.0,23.0,21.0,31.0,32.0,23.0,24.0,32.0,32.0,24.0,22.0,26.0,36.0,23.0,21.0,26.0,23.0,24.0,21.0,22.0,21.0,21.0,22.0,22.0,22.0,22.0,21.0,22.0,22.0,21.0,22.0,21.0,21.0,21.0,21.0,22.0,21.0,10.0,hold,5,5,11.0697
1787152331.5564,2026-08-19 17:12:11.556,10,c3,1,0,-0.03946,-0.49601,0.04091,-4.6806,11.2257,-20.8368,-0.0931,0.0111,-0.23,3.76578,24.0,23.0,21.0,22.0,31.0,32.0,23.0,25.0,34.0,32.0,23.0,22.0,29.0,37.0,24.0,21.0,26.0,22.0,22.0,21.0,22.0,21.0,21.0,22.0,22.0,22.0,22.0,21.0,22.0,22.0,21.0,22.0,21.0,21.0,21.0,21.0,22.0,21.0,10.0,hold,5,5,10.9801
1787152331.6064,2026-08-19 17:12:11.606,10,c3,1,0,-0.03943,-0.49602,0.04092,-4.7642,10.4628,-20.9641,-0.0709,0.0086,-0.2306,3.7547,24.0,23.0,21.0,22.0,31.0,32.0,23.0,25.0,34.0,32.0,23.0,22.0,29.0,37.0,24.0,21.0,26.0,22.0,22.0,21.0,22.0,21.0,21.0,22.0,22.0,22.0,22.0,21.0,22.0,22.0,21.0,22.0,21.0,21.0,21.0,21.0,22.0,21.0,10.0,hold,5,5,11.0787
1787152331.6566,2026-08-19 17:12:11.656,10,c3,1,0,-0.03945,-0.49602,0.04093,-4.5404,10.3666,-20.9778,-0.0663,0.0136,-0.2233,3.76553,23.0,24.0,21.0,23.0,34.0,31.0,23.0,26.0,31.0,33.0,23.0,21.0,27.0,38.0,23.0,21.0,27.0,23.0,24.0,21.0,22.0,21.0,21.0,22.0,22.0,22.0,22.0,21.0,22.0,22.0,21.0,22.0,21.0,21.0,21.0,21.0,22.0,21.0,10.0,hold,5,5,10.9824
1787152331.7067,2026-08-19 17:12:11.706,10,c3,0,0,-0.03944,-0.49602,0.04092,-4.8071,10.1903,-20.8853,-0.0656,0.0103,-0.2376,3.76427,23.0,24.0,21.0,23.0,34.0,31.0,23.0,26.0,31.0,33.0,23.0,21.0,27.0,38.0,23.0,21.0,27.0,23.0,24.0,21.0,22.0,21.0,21.0,22.0,22.0,22.0,22.0,21.0,22.0,22.0,21.0,22.0,21.0,21.0,21.0,21.0,22.0,21.0,10.0,retract,5,5,10.9936
1787152331.7568,2026-08-19 17:12:11.756,10,c3,0,0,-0.03944,-0.49602,0.04095,-4.563,10.5867,-20.7662,-0.0744,0.0116,-0.2355,3.78064,23.0,22.0,20.0,23.0,31.0,32.0,22.0,25.0,35.0,34.0,22.0,22.0,29.0,38.0,22.0,22.0,28.0,20.0,23.0,21.0,22.0,21.0,21.0,22.0,22.0,22.0,22.0,21.0,22.0,22.0,21.0,22.0,21.0,21.0,21.0,21.0,22.0,21.0,10.0,retract,5,5,10.848
1787152331.8069,2026-08-19 17:12:11.806,10,c3,0,0,-0.03944,-0.49601,0.041,-4.4595,10.0517,-20.8657,-0.059,0.0171,-0.2384,3.79448,23.0,24.0,21.0,22.0,33.0,33.0,21.0,24.0,32.0,33.0,23.0,21.0,27.0,39.0,22.0,21.0,26.0,21.0,24.0,21.0,22.0,21.0,21.0,22.0,22.0,22.0,22.0,21.0,22.0,22.0,21.0,22.0,21.0,21.0,21.0,21.0,22.0,21.0,10.0,retract,5,5,10.7248
1787152331.857,2026-08-19 17:12:11.857,10,c3,0,0,-0.03943,-0.496,0.04108,-4.5937,10.2309,-21.0509,-0.0656,0.0117,-0.232,3.8466,23.0,24.0,21.0,22.0,33.0,33.0,21.0,24.0,32.0,33.0,23.0,21.0,27.0,39.0,22.0,21.0,26.0,21.0,24.0,21.0,22.0,21.0,21.0,22.0,22.0,22.0,22.0,21.0,22.0,22.0,21.0,22.0,21.0,21.0,21.0,21.0,22.0,21.0,10.0,retract,5,5,10.2611
1787152331.9071,2026-08-19 17:12:11.907,10,c3,0,0,-0.03943,-0.49601,0.04122,-4.7531,10.6676,-21.1715,-0.0784,0.0076,-0.2377,3.89947,22.0,26.0,22.0,23.0,32.0,34.0,21.0,25.0,31.0,33.0,23.0,22.0,27.0,37.0,22.0,20.0,26.0,22.0,22.0,21.0,22.0,21.0,21.0,22.0,22.0,22.0,22.0,21.0,22.0,22.0,21.0,22.0,21.0,21.0,21.0,21.0,22.0,21.0,10.0,retract,5,5,9.7908
1787152331.9572,2026-08-19 17:12:11.957,10,c3,0,0,-0.03944,-0.496,0.04141,-4.6814,10.1015,-21.4709,-0.0607,0.0099,-0.234,3.97979,22.0,26.0,22.0,23.0,32.0,34.0,21.0,25.0,31.0,33.0,23.0,22.0,27.0,37.0,22.0,20.0,26.0,22.0,22.0,21.0,22.0,21.0,21.0,22.0,22.0,22.0,22.0,21.0,22.0,22.0,21.0,22.0,21.0,21.0,21.0,21.0,22.0,21.0,10.0,retract,5,5,9.0762
1787152332.0072,2026-08-19 17:12:12.007,10,c3,0,0,-0.03943,-0.496,0.04165,-4.4997,10.4384,-21.8604,-0.0708,0.0169,-0.2307,4.05457,23.0,22.0,20.0,22.0,31.0,31.0,22.0,25.0,32.0,33.0,22.0,21.0,27.0,38.0,21.0,20.0,27.0,22.0,24.0,21.0,22.0,21.0,21.0,22.0,22.0,22.0,22.0,21.0,22.0,22.0,21.0,22.0,21.0,21.0,21.0,21.0,22.0,21.0,10.0,retract,5,5,8.411
1787152332.0573,2026-08-19 17:12:12.057,10,c3,0,0,-0.03944,-0.496,0.04185,-4.5001,10.3882,-22.0782,-0.0729,0.016,-0.2356,4.12934,23.0,22.0,21.0,22.0,32.0,33.0,21.0,26.0,30.0,32.0,23.0,22.0,27.0,36.0,23.0,21.0,26.0,23.0,24.0,21.0,22.0,21.0,21.0,22.0,22.0,22.0,22.0,21.0,22.0,22.0,21.0,22.0,21.0,21.0,21.0,21.0,22.0,21.0,10.0,retract,5,5,7.7457
1787152332.1074,2026-08-19 17:12:12.107,10,c3,0,0,-0.03944,-0.49598,0.0421,-4.5828,10.4834,-22.4912,-0.0759,0.0106,-0.2408,4.19732,23.0,22.0,21.0,22.0,32.0,33.0,21.0,26.0,30.0,32.0,23.0,22.0,27.0,36.0,23.0,21.0,26.0,23.0,24.0,21.0,22.0,21.0,21.0,22.0,22.0,22.0,22.0,21.0,22.0,22.0,21.0,22.0,21.0,21.0,21.0,21.0,22.0,21.0,10.0,retract,5,5,7.141
1787152332.1575,2026-08-19 17:12:12.157,10,c3,0,0,-0.03943,-0.49597,0.04239,-4.6441,10.6767,-22.7572,-0.0793,0.0051,-0.2374,4.29199,24.0,23.0,20.0,24.0,30.0,31.0,23.0,24.0,31.0,29.0,23.0,21.0,28.0,35.0,22.0,20.0,25.0,23.0,23.0,21.0,22.0,21.0,21.0,22.0,22.0,22.0,22.0,21.0,22.0,22.0,21.0,22.0,21.0,21.0,21.0,21.0,22.0,21.0,10.0,retract,5,5,6.2988
1787152332.2077,2026-08-19 17:12:12.207,10,c3,0,0,-0.03943,-0.49596,0.04272,-4.4023,10.3116,-23.3354,-0.0737,0.0145,-0.2357,4.37835,24.0,23.0,20.0,24.0,30.0,31.0,23.0,24.0,31.0,29.0,23.0,21.0,28.0,35.0,22.0,20.0,25.0,23.0,23.0,21.0,22.0,21.0,21.0,22.0,22.0,22.0,22.0,21.0,22.0,22.0,21.0,22.0,21.0,21.0,21.0,21.0,22.0,21.0,10.0,retract,5,5,5.5305
1787152332.2578,2026-08-19 17:12:12.257,10,c3,0,0,-0.03943,-0.49596,0.04305,-4.5958,10.2964,-23.4377,-0.074,0.0068,-0.2395,4.44859,23.0,23.0,21.0,22.0,32.0,29.0,22.0,27.0,30.0,31.0,22.0,24.0,28.0,37.0,24.0,23.0,28.0,23.0,25.0,21.0,22.0,21.0,21.0,22.0,22.0,22.0,22.0,21.0,22.0,22.0,21.0,22.0,21.0,21.0,21.0,21.0,22.0,21.0,10.0,retract,5,5,4.9056
1787152332.3079,2026-08-19 17:12:12.307,10,c3,0,0,-0.03942,-0.49602,0.0434,-4.3837,10.0691,-23.8243,-0.0651,0.0126,-0.2339,4.51859,25.0,23.0,21.0,24.0,30.0,31.0,22.0,23.0,28.0,28.0,21.0,20.0,25.0,33.0,20.0,20.0,24.0,20.0,22.0,21.0,22.0,21.0,21.0,22.0,22.0,22.0,22.0,21.0,22.0,22.0,21.0,22.0,21.0,21.0,21.0,21.0,22.0,21.0,10.0,retract,5,5,4.2829
1787152332.358,2026-08-19 17:12:12.358,10,c3,0,0,-0.03943,-0.496,0.04371,-4.4301,10.305,-24.0155,-0.0762,0.0109,-0.2359,4.577,25.0,23.0,21.0,24.0,30.0,31.0,22.0,23.0,28.0,28.0,21.0,20.0,25.0,33.0,20.0,20.0,24.0,20.0,22.0,21.0,22.0,21.0,21.0,22.0,22.0,22.0,22.0,21.0,22.0,22.0,21.0,22.0,21.0,21.0,21.0,21.0,22.0,21.0,10.0,retract,5,5,3.7632
1787152332.4081,2026-08-19 17:12:12.408,10,c3,0,0,-0.03943,-0.496,0.04408,-4.2696,9.9492,-24.1307,-0.0663,0.0142,-0.235,4.63012,22.0,22.0,19.0,22.0,29.0,28.0,21.0,25.0,28.0,30.0,22.0,21.0,27.0,34.0,21.0,21.0,26.0,20.0,23.0,21.0,22.0,21.0,21.0,22.0,22.0,22.0,22.0,21.0,22.0,22.0,21.0,22.0,21.0,21.0,21.0,21.0,22.0,21.0,10.0,retract,5,5,3.2906
1787152332.4582,2026-08-19 17:12:12.458,10,c3,0,0,-0.03942,-0.49599,0.0444,-4.5113,10.2627,-24.1939,-0.0731,0.0098,-0.2295,4.66814,22.0,22.0,19.0,22.0,29.0,28.0,21.0,25.0,28.0,30.0,22.0,21.0,27.0,34.0,21.0,21.0,26.0,20.0,23.0,21.0,22.0,21.0,21.0,22.0,22.0,22.0,22.0,21.0,22.0,22.0,21.0,22.0,21.0,21.0,21.0,21.0,22.0,21.0,10.0,retract,5,5,2.9524
1787152332.5083,2026-08-19 17:12:12.508,10,c3,0,0,-0.03942,-0.49598,0.04472,-4.2693,10.1682,-24.414,-0.0717,0.0119,-0.2305,4.68904,23.0,22.0,20.0,22.0,30.0,29.0,22.0,25.0,27.0,28.0,22.0,22.0,26.0,32.0,22.0,22.0,25.0,21.0,23.0,21.0,22.0,21.0,21.0,22.0,22.0,22.0,22.0,21.0,22.0,22.0,21.0,22.0,21.0,21.0,21.0,21.0,22.0,21.0,10.0,retract,5,5,2.7665
1787152332.5584,2026-08-19 17:12:12.558,10,c3,0,0,-0.03945,-0.49598,0.04506,-4.4241,10.245,-24.2017,-0.0763,0.0077,-0.2359,4.69206,24.0,23.0,20.0,23.0,29.0,27.0,21.0,25.0,27.0,28.0,20.0,22.0,26.0,31.0,22.0,22.0,25.0,21.0,25.0,21.0,22.0,21.0,21.0,22.0,22.0,22.0,22.0,21.0,22.0,22.0,21.0,22.0,21.0,21.0,21.0,21.0,22.0,21.0,10.0,retract,5,5,2.7396
1787152332.6085,2026-08-19 17:12:12.608,10,c3,0,0,-0.03944,-0.496,0.0454,-4.0884,10.5036,-24.3569,-0.0829,0.0151,-0.2324,4.69735,24.0,23.0,20.0,23.0,29.0,27.0,21.0,25.0,27.0,28.0,20.0,22.0,26.0,31.0,22.0,22.0,25.0,21.0,25.0,21.0,22.0,21.0,21.0,22.0,22.0,22.0,22.0,21.0,22.0,22.0,21.0,22.0,21.0,21.0,21.0,21.0,22.0,21.0,10.0,retract,5,5,2.6925
1787152332.6587,2026-08-19 17:12:12.658,10,c3,0,0,-0.03946,-0.49601,0.04575,-4.1975,10.0871,-24.2794,-0.0703,0.0112,-0.2329,4.69634,23.0,21.0,20.0,23.0,28.0,26.0,20.0,25.0,25.0,29.0,20.0,21.0,25.0,30.0,22.0,21.0,24.0,22.0,22.0,21.0,22.0,21.0,21.0,22.0,22.0,22.0,22.0,21.0,22.0,22.0,21.0,22.0,21.0,21.0,21.0,21.0,22.0,21.0,10.0,retract,5,5,2.7015
1787152332.7088,2026-08-19 17:12:12.708,10,c3,0,0,-0.03943,-0.496,0.04607,-4.3278,10.4454,-24.4582,-0.0809,0.0084,-0.2328,4.69432,23.0,21.0,20.0,23.0,28.0,26.0,20.0,25.0,25.0,29.0,20.0,21.0,25.0,30.0,22.0,21.0,24.0,22.0,22.0,21.0,22.0,21.0,21.0,22.0,22.0,22.0,22.0,21.0,22.0,22.0,21.0,22.0,21.0,21.0,21.0,21.0,22.0,21.0,10.0,retract,5,5,2.7194
1787152332.7589,2026-08-19 17:12:12.758,10,c3,0,0,-0.03942,-0.49599,0.04641,-4.3575,10.5075,-24.2403,-0.0809,0.009,-0.2358,4.69407,21.0,21.0,19.0,21.0,26.0,25.0,20.0,23.0,26.0,26.0,21.0,20.0,25.0,29.0,21.0,21.0,25.0,21.0,21.0,21.0,22.0,21.0,21.0,22.0,22.0,22.0,22.0,21.0,22.0,22.0,21.0,22.0,21.0,21.0,21.0,21.0,22.0,21.0,10.0,retract,5,5,2.7217
1787152332.809,2026-08-19 17:12:12.809,10,c3,0,0,-0.03943,-0.496,0.04676,-4.3696,10.4377,-24.1812,-0.0786,0.0104,-0.2392,4.69382,21.0,21.0,19.0,21.0,26.0,25.0,20.0,23.0,26.0,26.0,21.0,20.0,25.0,29.0,21.0,21.0,25.0,21.0,21.0,21.0,22.0,21.0,21.0,22.0,22.0,22.0,22.0,21.0,22.0,22.0,21.0,22.0,21.0,21.0,21.0,21.0,22.0,21.0,10.0,retract,5,5,2.7239
1787152332.8592,2026-08-19 17:12:12.859,10,c3,0,0,-0.03943,-0.496,0.04709,-4.0239,10.0751,-24.0853,-0.0709,0.0173,-0.2301,4.68753,22.0,22.0,18.0,21.0,27.0,22.0,20.0,23.0,25.0,26.0,20.0,19.0,24.0,27.0,21.0,20.0,23.0,22.0,22.0,21.0,22.0,21.0,21.0,22.0,22.0,22.0,22.0,21.0,22.0,22.0,21.0,22.0,21.0,21.0,21.0,21.0,22.0,21.0,10.0,retract,5,5,2.7799
1787152332.9093,2026-08-19 17:12:12.909,10,c3,0,0,-0.03943,-0.49601,0.04743,-4.6121,10.2544,-24.1563,-0.0732,0.0027,-0.2349,4.6913,22.0,21.0,18.0,21.0,27.0,22.0,21.0,22.0,25.0,26.0,22.0,17.0,24.0,28.0,22.0,19.0,24.0,22.0,22.0,21.0,22.0,21.0,21.0,22.0,22.0,22.0,22.0,21.0,22.0,22.0,21.0,22.0,21.0,21.0,21.0,21.0,22.0,21.0,10.0,retract,5,5,2.7463
1787152332.9594,2026-08-19 17:12:12.959,10,c3,0,0,-0.03945,-0.496,0.04773,-4.3532,10.3601,-24.2494,-0.0788,0.0074,-0.236,4.68979,22.0,21.0,18.0,21.0,27.0,22.0,21.0,22.0,25.0,26.0,22.0,17.0,24.0,28.0,22.0,19.0,24.0,22.0,22.0,21.0,22.0,21.0,21.0,22.0,22.0,22.0,22.0,21.0,22.0,22.0,21.0,22.0,21.0,21.0,21.0,21.0,22.0,21.0,10.0,retract,5,5,2.7597
1787152333.0096,2026-08-19 17:12:13.009,10,c3,0,0,-0.03944,-0.496,0.04804,-4.2556,10.3526,-23.9818,-0.0768,0.0104,-0.2288,4.70011,20.0,23.0,19.0,20.0,27.0,23.0,22.0,23.0,25.0,27.0,23.0,19.0,24.0,28.0,23.0,20.0,24.0,23.0,22.0,21.0,22.0,21.0,21.0,22.0,22.0,22.0,22.0,21.0,22.0,22.0,21.0,22.0,21.0,21.0,21.0,21.0,22.0,21.0,10.0,retract,5,5,2.6679
1787152333.0598,2026-08-19 17:12:13.059,10,c3,0,0,-0.03944,-0.49598,0.04838,-4.2662,10.5937,-24.2355,-0.0841,0.0101,-0.2309,4.68375,20.0,23.0,19.0,20.0,27.0,23.0,22.0,23.0,25.0,27.0,23.0,19.0,24.0,28.0,23.0,20.0,24.0,23.0,22.0,21.0,22.0,21.0,21.0,22.0,22.0,22.0,22.0,21.0,22.0,22.0,21.0,22.0,21.0,21.0,21.0,21.0,22.0,21.0,10.0,retract,5,5,2.8135
1787152333.1099,2026-08-19 17:12:13.109,10,c3,0,0,-0.03946,-0.49599,0.04873,-4.9471,10.5218,-24.1655,-0.0803,-0.0082,-0.2399,4.69986,22.0,22.0,20.0,21.0,26.0,24.0,23.0,20.0,25.0,25.0,21.0,18.0,26.0,26.0,21.0,19.0,22.0,23.0,22.0,21.0,22.0,21.0,21.0,22.0,22.0,22.0,22.0,21.0,22.0,22.0,21.0,22.0,21.0,21.0,21.0,21.0,22.0,21.0,10.0,retract,5,5,2.6701
1787152333.16,2026-08-19 17:12:13.160,10,c3,0,0,-0.03944,-0.496,0.04908,-4.3128,10.174,-24.2554,-0.0723,0.0114,-0.2356,4.68576,20.0,21.0,17.0,19.0,27.0,22.0,21.0,21.0,24.0,25.0,22.0,17.0,24.0,27.0,21.0,19.0,23.0,22.0,21.0,21.0,22.0,21.0,21.0,22.0,22.0,22.0,22.0,21.0,22.0,22.0,21.0,22.0,21.0,21.0,21.0,21.0,22.0,21.0,10.0,retract,5,5,2.7956
1787152333.2101,2026-08-19 17:12:13.210,10,c3,0,0,-0.03943,-0.496,0.0494,-4.4117,10.595,-24.2185,-0.0842,0.0074,-0.2435,4.69382,20.0,21.0,17.0,19.0,27.0,22.0,21.0,21.0,24.0,25.0,22.0,17.0,24.0,27.0,21.0,19.0,23.0,22.0,21.0,21.0,22.0,21.0,21.0,22.0,22.0,22.0,22.0,21.0,22.0,22.0,21.0,22.0,21.0,21.0,21.0,21.0,22.0,21.0,10.0,retract,5,5,2.7239
1787152333.2602,2026-08-19 17:12:13.260,10,c3,0,0,-0.03944,-0.49601,0.04973,-4.4192,10.3642,-24.2172,-0.0777,0.0076,-0.2361,4.69936,21.0,23.0,18.0,19.0,26.0,22.0,21.0,24.0,24.0,26.0,21.0,19.0,24.0,28.0,21.0,20.0,24.0,21.0,20.0,21.0,22.0,21.0,21.0,22.0,22.0,22.0,22.0,21.0,22.0,22.0,21.0,22.0,21.0,21.0,21.0,21.0,22.0,21.0,10.0,retract,5,5,2.6746
1787152333.3103,2026-08-19 17:12:13.310,10,c3,0,0,-0.03945,-0.496,0.04999,-4.7028,10.7028,-24.1088,-0.0833,0.0021,-0.2408,4.6845,21.0,23.0,18.0,19.0,26.0,22.0,21.0,24.0,24.0,26.0,21.0,19.0,24.0,28.0,21.0,20.0,24.0,21.0,20.0,21.0,22.0,21.0,21.0,22.0,22.0,22.0,22.0,21.0,22.0,22.0,21.0,22.0,21.0,21.0,21.0,21.0,22.0,21.0,10.0,retract,5,5,2.8068
1787152333.3605,2026-08-19 17:12:13.360,10,c3,0,0,-0.03944,-0.496,0.0502,-4.4486,10.3181,-24.3523,-0.0783,0.0062,-0.2307,4.69483,22.0,21.0,19.0,22.0,25.0,23.0,21.0,24.0,24.0,26.0,21.0,19.0,24.0,28.0,21.0,19.0,24.0,21.0,23.0,21.0,22.0,21.0,21.0,22.0,22.0,22.0,22.0,21.0,22.0,22.0,21.0,22.0,21.0,21.0,21.0,21.0,22.0,21.0,10.0,retract,5,5,2.7149
1787152333.4106,2026-08-19 17:12:13.410,10,c3,0,0,-0.03946,-0.49603,0.05042,-4.6569,10.7832,-24.2184,-0.0895,0.0035,-0.2376,4.68753,21.0,21.0,19.0,20.0,25.0,23.0,22.0,21.0,23.0,25.0,21.0,17.0,24.0,27.0,21.0,18.0,22.0,21.0,21.0,21.0,22.0,21.0,21.0,22.0,22.0,22.0,22.0,21.0,22.0,22.0,21.0,22.0,21.0,21.0,21.0,21.0,22.0,21.0,10.0,retract,5,5,2.7799
1787152333.4608,2026-08-19 17:12:13.460,10,c3,0,0,-0.03945,-0.49602,0.05055,-4.4957,10.3999,-24.4608,-0.0779,0.0027,-0.2372,4.69281,21.0,21.0,19.0,20.0,25.0,23.0,22.0,21.0,23.0,25.0,21.0,17.0,24.0,27.0,21.0,18.0,22.0,21.0,21.0,21.0,22.0,21.0,21.0,22.0,22.0,22.0,22.0,21.0,22.0,22.0,21.0,22.0,21.0,21.0,21.0,21.0,22.0,21.0,10.0,retract,5,5,2.7329
1787152333.5108,2026-08-19 17:12:13.510,10,c3,0,0,-0.03945,-0.49601,0.05065,-4.2687,10.2836,-24.4235,-0.0748,0.012,-0.2361,4.68576,21.0,21.0,17.0,20.0,24.0,21.0,22.0,24.0,23.0,25.0,20.0,22.0,24.0,27.0,22.0,21.0,23.0,21.0,24.0,21.0,22.0,21.0,21.0,22.0,22.0,22.0,22.0,21.0,22.0,22.0,21.0,22.0,21.0,21.0,21.0,21.0,22.0,21.0,10.0,retract,5,5,2.7956
1787152333.5609,2026-08-19 17:12:13.560,10,c3,0,0,-0.03943,-0.49601,0.05073,-4.1024,10.2684,-24.2885,-0.0726,0.0146,-0.2269,4.69785,21.0,21.0,17.0,20.0,24.0,21.0,22.0,24.0,23.0,25.0,20.0,22.0,24.0,27.0,22.0,21.0,23.0,21.0,24.0,21.0,22.0,21.0,21.0,22.0,22.0,22.0,22.0,21.0,22.0,22.0,21.0,22.0,21.0,21.0,21.0,21.0,22.0,21.0,10.0,retract,5,5,2.6881
1787152333.611,2026-08-19 17:12:13.611,10,c3,0,0,-0.03944,-0.49601,0.05081,-4.2135,10.3179,-24.2869,-0.0772,0.0128,-0.2339,4.68526,23.0,20.0,19.0,22.0,26.0,23.0,21.0,22.0,24.0,25.0,22.0,17.0,24.0,27.0,23.0,20.0,24.0,22.0,22.0,21.0,22.0,21.0,21.0,22.0,22.0,22.0,22.0,21.0,22.0,22.0,21.0,22.0,21.0,21.0,21.0,21.0,22.0,21.0,10.0,retract,5,5,2.8001
1787152333.6611,2026-08-19 17:12:13.661,10,c3,0,0,-0.03943,-0.496,0.05086,-4.4087,10.512,-24.3536,-0.0802,0.0074,-0.238,4.69735,21.0,20.0,18.0,20.0,26.0,22.0,22.0,24.0,24.0,27.0,22.0,19.0,24.0,27.0,23.0,20.0,24.0,22.0,24.0,21.0,22.0,21.0,21.0,22.0,22.0,22.0,22.0,21.0,22.0,22.0,21.0,22.0,21.0,21.0,21.0,21.0,22.0,21.0,10.0,retract,5,5,2.6925
1787152333.7112,2026-08-19 17:12:13.711,10,c3,0,0,-0.03943,-0.496,0.05087,-3.7453,9.8299,-24.2991,-0.0639,0.0216,-0.2293,4.69281,21.0,20.0,18.0,20.0,26.0,22.0,22.0,24.0,24.0,27.0,22.0,19.0,24.0,27.0,23.0,20.0,24.0,22.0,24.0,21.0,22.0,21.0,21.0,22.0,22.0,22.0,22.0,21.0,22.0,22.0,21.0,22.0,21.0,21.0,21.0,21.0,22.0,21.0,10.0,post,5,5,2.7329
1787152333.7613,2026-08-19 17:12:13.761,10,c3,0,0,-0.03945,-0.49601,0.05091,-4.2959,10.3337,-24.3133,-0.0757,0.0132,-0.2348,4.68627,22.0,22.0,18.0,22.0,26.0,22.0,22.0,23.0,23.0,26.0,21.0,20.0,24.0,27.0,21.0,19.0,23.0,21.0,22.0,21.0,22.0,21.0,21.0,22.0,22.0,22.0,22.0,21.0,22.0,22.0,21.0,22.0,21.0,21.0,21.0,21.0,22.0,21.0,10.0,post,5,5,2.7911
1787152333.8114,2026-08-19 17:12:13.811,10,c3,0,0,-0.03942,-0.496,0.05091,-4.4074,10.4989,-24.5404,-0.0832,0.0089,-0.2308,4.69609,22.0,22.0,18.0,22.0,26.0,22.0,22.0,23.0,23.0,26.0,21.0,20.0,24.0,27.0,21.0,19.0,23.0,21.0,22.0,21.0,22.0,21.0,21.0,22.0,22.0,22.0,22.0,21.0,22.0,22.0,21.0,22.0,21.0,21.0,21.0,21.0,22.0,21.0,10.0,post,5,5,2.7037
1787152333.8616,2026-08-19 17:12:13.861,10,c3,0,0,-0.03946,-0.49601,0.05091,-4.5351,10.1479,-24.4107,-0.0707,0.0057,-0.2352,4.68677,21.0,21.0,19.0,21.0,25.0,23.0,22.0,24.0,23.0,25.0,22.0,19.0,23.0,24.0,22.0,21.0,22.0,22.0,23.0,21.0,22.0,21.0,21.0,22.0,22.0,22.0,22.0,21.0,22.0,22.0,21.0,22.0,21.0,21.0,21.0,21.0,22.0,21.0,10.0,post,5,5,2.7866
1787152333.9117,2026-08-19 17:12:13.911,10,c3,0,0,-0.03942,-0.49601,0.05091,-4.4231,10.6522,-24.4063,-0.0855,0.0099,-0.2321,4.69634,21.0,21.0,19.0,21.0,25.0,23.0,22.0,24.0,23.0,25.0,22.0,19.0,23.0,24.0,22.0,21.0,22.0,22.0,23.0,21.0,22.0,21.0,21.0,22.0,22.0,22.0,22.0,21.0,22.0,22.0,21.0,22.0,21.0,21.0,21.0,21.0,22.0,21.0,10.0,post,5,5,2.7015
1787152333.9619,2026-08-19 17:12:13.961,10,c3,0,0,-0.03945,-0.49602,0.05092,-4.0275,10.0707,-24.483,-0.0691,0.0159,-0.227,4.69609,22.0,20.0,17.0,21.0,25.0,21.0,21.0,20.0,23.0,26.0,21.0,17.0,23.0,26.0,20.0,18.0,24.0,21.0,22.0,21.0,22.0,21.0,21.0,22.0,22.0,22.0,22.0,21.0,22.0,22.0,21.0,22.0,21.0,21.0,21.0,21.0,22.0,21.0,10.0,post,5,5,2.7037
1787152334.012,2026-08-19 17:12:14.011,10,c3,0,0,-0.03944,-0.49602,0.05093,-4.2043,10.2073,-24.6574,-0.0743,0.0117,-0.2272,4.68199,21.0,22.0,18.0,19.0,25.0,22.0,21.0,22.0,22.0,26.0,20.0,18.0,24.0,26.0,21.0,19.0,23.0,23.0,22.0,21.0,22.0,21.0,21.0,22.0,22.0,22.0,22.0,21.0,22.0,22.0,21.0,22.0,21.0,21.0,21.0,21.0,22.0,21.0,10.0,post,5,5,2.8292
1787152334.0621,2026-08-19 17:12:14.062,10,c3,0,0,-0.03944,-0.49601,0.05092,-4.4611,9.9892,-24.4628,-0.0678,0.0056,-0.2271,4.69684,21.0,22.0,18.0,19.0,25.0,22.0,21.0,22.0,22.0,26.0,20.0,18.0,24.0,26.0,21.0,19.0,23.0,23.0,22.0,21.0,22.0,21.0,21.0,22.0,22.0,22.0,22.0,21.0,22.0,22.0,21.0,22.0,21.0,21.0,21.0,21.0,22.0,21.0,10.0,post,5,5,2.697
1787152334.1122,2026-08-19 17:12:14.112,10,c3,0,0,-0.03945,-0.49601,0.05091,-3.9335,9.9125,-24.5966,-0.0684,0.021,-0.2266,4.68425,21.0,22.0,18.0,20.0,25.0,21.0,22.0,21.0,23.0,25.0,23.0,19.0,24.0,26.0,23.0,19.0,22.0,23.0,21.0,21.0,22.0,21.0,21.0,22.0,22.0,22.0,22.0,21.0,22.0,22.0,21.0,22.0,21.0,21.0,21.0,21.0,22.0,21.0,10.0,post,5,5,2.809
1787152334.1623,2026-08-19 17:12:14.162,10,c3,0,0,-0.03944,-0.49601,0.05091,-4.4132,9.8681,-24.5562,-0.0588,0.007,-0.2329,4.69634,21.0,22.0,18.0,20.0,25.0,21.0,22.0,21.0,23.0,25.0,23.0,19.0,24.0,26.0,23.0,19.0,22.0,23.0,21.0,21.0,22.0,21.0,21.0,22.0,22.0,22.0,22.0,21.0,22.0,22.0,21.0,22.0,21.0,21.0,21.0,21.0,22.0,21.0,10.0,post,5,5,2.7015
1787152334.2125,2026-08-19 17:12:14.212,10,c3,0,0,-0.03945,-0.49601,0.0509,-4.0897,10.454,-24.5462,-0.0764,0.016,-0.2364,4.69206,21.0,22.0,17.0,21.0,25.0,21.0,22.0,23.0,22.0,26.0,21.0,19.0,23.0,26.0,21.0,22.0,24.0,22.0,23.0,21.0,22.0,21.0,21.0,22.0,22.0,22.0,22.0,21.0,22.0,22.0,21.0,22.0,21.0,21.0,21.0,21.0,22.0,21.0,10.0,post,5,5,2.7396
1787152334.2626,2026-08-19 17:12:14.262,10,c3,0,0,-0.03944,-0.49601,0.05091,-4.1571,10.2132,-24.6102,-0.0736,0.0133,-0.2354,4.68803,22.0,21.0,17.0,21.0,24.0,21.0,22.0,23.0,24.0,26.0,22.0,19.0,24.0,25.0,20.0,20.0,23.0,20.0,23.0,21.0,22.0,21.0,21.0,22.0,22.0,22.0,22.0,21.0,22.0,22.0,21.0,22.0,21.0,21.0,21.0,21.0,22.0,21.0,10.0,post,5,5,2.7754
1787152334.3128,2026-08-19 17:12:14.312,10,c3,0,0,-0.03944,-0.49601,0.0509,-4.3248,10.3592,-24.518,-0.0746,0.0064,-0.235,4.69533,22.0,21.0,17.0,21.0,24.0,21.0,22.0,23.0,24.0,26.0,22.0,19.0,24.0,25.0,20.0,20.0,23.0,20.0,23.0,21.0,22.0,21.0,21.0,22.0,22.0,22.0,22.0,21.0,22.0,22.0,21.0,22.0,21.0,21.0,21.0,21.0,22.0,21.0,10.0,post,5,5,2.7105
1787152334.3629,2026-08-19 17:12:14.362,10,c3,0,0,-0.03945,-0.49601,0.05091,-4.4197,10.2443,-24.3736,-0.074,0.0102,-0.2374,4.6903,21.0,22.0,19.0,20.0,25.0,22.0,21.0,22.0,23.0,25.0,21.0,20.0,24.0,24.0,20.0,19.0,22.0,21.0,22.0,21.0,22.0,21.0,21.0,22.0,22.0,22.0,22.0,21.0,22.0,22.0,21.0,22.0,21.0,21.0,21.0,21.0,22.0,21.0,10.0,post,5,5,2.7553
1787152334.413,2026-08-19 17:12:14.412,10,c3,0,0,-0.03945,-0.49601,0.05091,-4.1086,9.8364,-24.4139,-0.0664,0.0198,-0.2256,4.69936,21.0,22.0,19.0,20.0,25.0,22.0,21.0,22.0,23.0,25.0,21.0,20.0,24.0,24.0,20.0,19.0,22.0,21.0,22.0,21.0,22.0,21.0,21.0,22.0,22.0,22.0,22.0,21.0,22.0,22.0,21.0,22.0,21.0,21.0,21.0,21.0,22.0,21.0,10.0,post,5,5,2.6746
1787152334.4631,2026-08-19 17:12:14.463,10,c3,0,0,-0.03944,-0.49601,0.0509,-4.3846,10.2371,-24.3527,-0.0707,0.0093,-0.2307,4.68677,20.0,23.0,22.0,20.0,25.0,23.0,21.0,23.0,23.0,25.0,23.0,20.0,24.0,25.0,23.0,20.0,23.0,22.0,22.0,21.0,22.0,21.0,21.0,22.0,22.0,22.0,22.0,21.0,22.0,22.0,21.0,22.0,21.0,21.0,21.0,21.0,22.0,21.0,10.0,post,5,5,2.7866
1787152334.5132,2026-08-19 17:12:14.513,10,c3,0,0,-0.03944,-0.49601,0.05091,-4.078,10.0304,-24.445,-0.0713,0.0164,-0.2308,4.69684,20.0,21.0,21.0,19.0,23.0,24.0,22.0,22.0,26.0,24.0,23.0,21.0,28.0,25.0,23.0,20.0,24.0,24.0,23.0,21.0,22.0,21.0,21.0,22.0,22.0,22.0,22.0,21.0,22.0,22.0,21.0,22.0,21.0,21.0,21.0,21.0,22.0,21.0,10.0,post,5,5,2.697
1787152334.5633,2026-08-19 17:12:14.563,10,c3,0,0,-0.03945,-0.496,0.0509,-4.3052,10.2277,-24.4611,-0.0696,0.0089,-0.2357,4.69181,20.0,21.0,21.0,19.0,23.0,24.0,22.0,22.0,26.0,24.0,23.0,21.0,28.0,25.0,23.0,20.0,24.0,24.0,23.0,21.0,22.0,21.0,21.0,22.0,22.0,22.0,22.0,21.0,22.0,22.0,21.0,22.0,21.0,21.0,21.0,21.0,22.0,21.0,10.0,post,5,5,2.7418
1787152334.6135,2026-08-19 17:12:14.613,10,c3,0,0,-0.03944,-0.49602,0.05092,-4.0208,10.4105,-24.4247,-0.0808,0.0168,-0.2384,4.69583,20.0,24.0,22.0,22.0,27.0,24.0,24.0,20.0,24.0,25.0,23.0,19.0,24.0,26.0,22.0,18.0,24.0,21.0,19.0,21.0,22.0,21.0,21.0,22.0,22.0,22.0,22.0,21.0,22.0,22.0,21.0,22.0,21.0,21.0,21.0,21.0,22.0,21.0,10.0,post,5,5,2.706
1787152334.6636,2026-08-19 17:12:14.663,10,c3,0,0,-0.03946,-0.496,0.05089,-4.1032,10.0273,-24.634,-0.0745,0.0109,-0.2329,4.69004,20.0,24.0,22.0,22.0,27.0,24.0,24.0,20.0,24.0,25.0,23.0,19.0,24.0,26.0,22.0,18.0,24.0,21.0,19.0,21.0,22.0,21.0,21.0,22.0,22.0,22.0,22.0,21.0,22.0,22.0,21.0,22.0,21.0,21.0,21.0,21.0,22.0,21.0,10.0,post,5,5,2.7575
1787152334.7137,2026-08-19 17:12:14.713,10,c3,0,0,-0.03945,-0.49599,0.0509,-4.2938,10.4215,-24.52,-0.079,0.0101,-0.2389,4.69004,18.0,23.0,23.0,19.0,26.0,25.0,22.0,21.0,25.0,25.0,21.0,19.0,24.0,25.0,21.0,18.0,23.0,20.0,20.0,21.0,22.0,21.0,21.0,22.0,22.0,22.0,22.0,21.0,22.0,22.0,21.0,22.0,21.0,21.0,21.0,21.0,22.0,21.0,10.0,post,5,5,2.7575
1787152334.7638,2026-08-19 17:12:14.763,10,c3,0,0,-0.03945,-0.496,0.05091,-4.3039,10.4283,-24.5051,-0.0827,0.0081,-0.236,4.68879,20.0,23.0,22.0,19.0,26.0,24.0,22.0,23.0,24.0,26.0,22.0,23.0,24.0,25.0,21.0,22.0,23.0,22.0,22.0,21.0,22.0,21.0,21.0,22.0,22.0,22.0,22.0,21.0,22.0,22.0,21.0,22.0,21.0,21.0,21.0,21.0,22.0,21.0,10.0,post,5,5,2.7687
1787152334.8139,2026-08-19 17:12:14.813,10,c3,0,0,-0.03945,-0.49602,0.05091,-4.0843,10.0016,-24.4302,-0.0721,0.0144,-0.2329,4.69382,20.0,23.0,22.0,19.0,26.0,24.0,22.0,23.0,24.0,26.0,22.0,23.0,24.0,25.0,21.0,22.0,23.0,22.0,22.0,21.0,22.0,21.0,21.0,22.0,22.0,22.0,22.0,21.0,22.0,22.0,21.0,22.0,21.0,21.0,21.0,21.0,22.0,21.0,10.0,post,5,5,2.7239
1787152334.864,2026-08-19 17:12:14.864,10,c3,0,0,-0.03945,-0.49601,0.05092,-4.184,10.578,-24.3473,-0.0828,0.0099,-0.2345,4.69382,22.0,22.0,23.0,22.0,25.0,25.0,22.0,21.0,25.0,25.0,22.0,21.0,26.0,26.0,22.0,18.0,24.0,22.0,21.0,21.0,22.0,21.0,21.0,22.0,22.0,22.0,22.0,21.0,22.0,22.0,21.0,22.0,21.0,21.0,21.0,21.0,22.0,21.0,10.0,post,5,5,2.7239
1787152334.9141,2026-08-19 17:12:14.914,10,c3,0,0,-0.03945,-0.49601,0.05092,-4.4564,10.2821,-24.4081,-0.0762,0.0073,-0.2377,4.68979,22.0,22.0,23.0,22.0,25.0,25.0,22.0,21.0,25.0,25.0,22.0,21.0,26.0,26.0,22.0,18.0,24.0,22.0,21.0,21.0,22.0,21.0,21.0,22.0,22.0,22.0,22.0,21.0,22.0,22.0,21.0,22.0,21.0,21.0,21.0,21.0,22.0,21.0,10.0,post,5,5,2.7597
1787152334.9642,2026-08-19 17:12:14.964,10,c3,0,0,-0.03944,-0.49599,0.0509,-4.391,10.5001,-24.5606,-0.0802,0.0081,-0.2345,4.70011,22.0,25.0,23.0,21.0,27.0,24.0,22.0,23.0,24.0,23.0,22.0,22.0,24.0,23.0,22.0,20.0,20.0,22.0,22.0,21.0,22.0,21.0,21.0,22.0,22.0,22.0,22.0,21.0,22.0,22.0,21.0,22.0,21.0,21.0,21.0,21.0,22.0,21.0,10.0,post,5,5,2.6679
1787152335.0145,2026-08-19 17:12:15.014,10,c3,0,0,-0.03943,-0.49601,0.05091,-3.7694,9.8076,-24.4019,-0.0658,0.0246,-0.2272,4.68828,21.0,23.0,20.0,22.0,25.0,23.0,23.0,24.0,24.0,24.0,23.0,23.0,24.0,24.0,22.0,23.0,22.0,23.0,24.0,21.0,22.0,21.0,21.0,22.0,22.0,22.0,22.0,21.0,22.0,22.0,21.0,22.0,21.0,21.0,21.0,21.0,22.0,21.0,10.0,post,5,5,2.7732
1787152335.0646,2026-08-19 17:12:15.064,10,c3,0,0,-0.03945,-0.49602,0.05091,-4.2825,10.5945,-24.3202,-0.0825,0.0105,-0.2343,4.69634,21.0,23.0,20.0,22.0,25.0,23.0,23.0,24.0,24.0,24.0,23.0,23.0,24.0,24.0,22.0,23.0,22.0,23.0,24.0,21.0,22.0,21.0,21.0,22.0,22.0,22.0,22.0,21.0,22.0,22.0,21.0,22.0,21.0,21.0,21.0,21.0,22.0,21.0,10.0,post,5,5,2.7015
1787152335.1146,2026-08-19 17:12:15.114,10,c3,0,0,-0.03944,-0.496,0.05091,-4.408,10.2774,-24.4685,-0.0768,0.0043,-0.2361,4.68576,23.0,22.0,22.0,22.0,24.0,23.0,23.0,23.0,22.0,24.0,22.0,22.0,24.0,24.0,21.0,21.0,23.0,22.0,22.0,21.0,22.0,21.0,21.0,22.0,22.0,22.0,22.0,21.0,22.0,22.0,21.0,22.0,21.0,21.0,21.0,21.0,22.0,21.0,10.0,post,5,5,2.7956
1787152335.1647,2026-08-19 17:12:15.164,10,c3,0,0,-0.03943,-0.49601,0.05091,-4.5121,10.7427,-24.3839,-0.0898,0.0068,-0.2386,4.69659,23.0,22.0,22.0,22.0,24.0,23.0,23.0,23.0,22.0,24.0,22.0,22.0,24.0,24.0,21.0,21.0,23.0,22.0,22.0,21.0,22.0,21.0,21.0,22.0,22.0,22.0,22.0,21.0,22.0,22.0,21.0,22.0,21.0,21.0,21.0,21.0,22.0,21.0,10.0,post,5,5,2.6993
1787152335.2148,2026-08-19 17:12:15.214,10,c3,0,0,-0.03944,-0.49601,0.05092,-4.1189,10.1625,-24.3604,-0.0741,0.0128,-0.2389,4.68904,21.0,21.0,23.0,21.0,24.0,23.0,22.0,23.0,23.0,25.0,23.0,22.0,24.0,25.0,21.0,22.0,23.0,22.0,22.0,21.0,22.0,21.0,21.0,22.0,22.0,22.0,22.0,21.0,22.0,22.0,21.0,22.0,21.0,21.0,21.0,21.0,22.0,21.0,10.0,post,5,5,2.7665
1787152335.2649,2026-08-19 17:12:15.264,10,c3,0,0,-0.03945,-0.49601,0.05091,-4.701,10.5541,-24.3306,-0.0797,-0.001,-0.2419,4.69735,21.0,21.0,23.0,21.0,24.0,23.0,22.0,23.0,23.0,25.0,23.0,22.0,24.0,25.0,21.0,22.0,23.0,22.0,22.0,21.0,22.0,21.0,21.0,22.0,22.0,22.0,22.0,21.0,22.0,22.0,21.0,22.0,21.0,21.0,21.0,21.0,22.0,21.0,10.0,post,5,5,2.6925
1787152335.315,2026-08-19 17:12:15.315,10,c3,0,0,-0.03944,-0.49601,0.05091,-4.5825,10.5759,-24.3452,-0.0799,0.0004,-0.2412,4.69206,21.0,23.0,23.0,21.0,24.0,24.0,21.0,25.0,23.0,26.0,21.0,23.0,24.0,26.0,22.0,22.0,24.0,22.0,25.0,21.0,22.0,21.0,21.0,22.0,22.0,22.0,22.0,21.0,22.0,22.0,21.0,22.0,21.0,21.0,21.0,21.0,22.0,21.0,10.0,post,5,5,2.7396
1787152335.3651,2026-08-19 17:12:15.365,10,c3,0,0,-0.03943,-0.496,0.05092,-3.6891,9.5796,-24.5947,-0.0569,0.0258,-0.2325,4.68979,21.0,21.0,24.0,23.0,23.0,25.0,21.0,23.0,24.0,26.0,22.0,23.0,23.0,26.0,23.0,22.0,24.0,22.0,22.0,21.0,22.0,21.0,21.0,22.0,22.0,22.0,22.0,21.0,22.0,22.0,21.0,22.0,21.0,21.0,21.0,21.0,22.0,21.0,10.0,post,5,5,2.7597
1787152335.4151,2026-08-19 17:12:15.415,10,c3,0,0,-0.03945,-0.49601,0.05091,-4.3781,10.2008,-24.4013,-0.0761,0.0075,-0.2454,4.69181,21.0,21.0,24.0,23.0,23.0,25.0,21.0,23.0,24.0,26.0,22.0,23.0,23.0,26.0,23.0,22.0,24.0,22.0,22.0,21.0,22.0,21.0,21.0,22.0,22.0,22.0,22.0,21.0,22.0,22.0,21.0,22.0,21.0,21.0,21.0,21.0,22.0,21.0,10.0,post,5,5,2.7418
1787152335.4653,2026-08-19 17:12:15.465,10,c3,0,0,-0.03945,-0.49601,0.05091,-4.5853,10.5643,-24.3502,-0.0822,-0.0007,-0.2361,4.68677,22.0,23.0,22.0,22.0,25.0,24.0,23.0,22.0,24.0,25.0,20.0,22.0,24.0,25.0,21.0,21.0,23.0,20.0,22.0,21.0,22.0,21.0,21.0,22.0,22.0,22.0,22.0,21.0,22.0,22.0,21.0,22.0,21.0,21.0,21.0,21.0,22.0,21.0,10.0,post,5,5,2.7866
1787152335.5154,2026-08-19 17:12:15.515,10,c3,0,0,-0.03944,-0.49601,0.05092,-4.4474,10.8125,-24.5029,-0.0876,0.0036,-0.2329,4.69407,22.0,23.0,22.0,22.0,25.0,24.0,23.0,22.0,24.0,25.0,20.0,22.0,24.0,25.0,21.0,21.0,23.0,20.0,22.0,21.0,22.0,21.0,21.0,22.0,22.0,22.0,22.0,21.0,22.0,22.0,21.0,22.0,21.0,21.0,21.0,21.0,22.0,21.0,10.0,post,5,5,2.7217
1787152335.5655,2026-08-19 17:12:15.565,10,c3,0,0,-0.03944,-0.49601,0.0509,-4.2277,10.1511,-24.4133,-0.0705,0.0121,-0.2364,4.68501,20.0,23.0,22.0,20.0,26.0,23.0,20.0,22.0,24.0,26.0,21.0,22.0,24.0,25.0,20.0,21.0,23.0,22.0,22.0,21.0,22.0,21.0,21.0,22.0,22.0,22.0,22.0,21.0,22.0,22.0,21.0,22.0,21.0,21.0,21.0,21.0,22.0,21.0,10.0,post,5,5,2.8023
1787152335.6156,2026-08-19 17:12:15.615,10,c3,0,0,-0.03944,-0.49601,0.0509,-4.5128,10.1762,-24.3172,-0.0752,0.0061,-0.235,4.68778,20.0,23.0,23.0,20.0,25.0,24.0,22.0,22.0,24.0,24.0,20.0,20.0,23.0,25.0,21.0,20.0,24.0,20.0,20.0,21.0,22.0,21.0,21.0,22.0,22.0,22.0,22.0,21.0,22.0,22.0,21.0,22.0,21.0,21.0,21.0,21.0,22.0,21.0,10.0,post,5,5,2.7777
1787152335.6658,2026-08-19 17:12:15.665,10,c3,0,0,-0.03945,-0.49601,0.0509,-4.3436,10.2563,-24.3655,-0.0787,0.0077,-0.24,4.69609,20.0,23.0,23.0,20.0,25.0,24.0,22.0,22.0,24.0,24.0,20.0,20.0,23.0,25.0,21.0,20.0,24.0,20.0,20.0,21.0,22.0,21.0,21.0,22.0,22.0,22.0,22.0,21.0,22.0,22.0,21.0,22.0,21.0,21.0,21.0,21.0,22.0,21.0,10.0,post,5,5,2.7037
1787152335.7158,2026-08-19 17:12:15.715,10,c3,0,0,-0.03945,-0.496,0.05091,-3.9275,10.3077,-24.5402,-0.0786,0.0206,-0.2341,4.69458,18.0,23.0,23.0,19.0,25.0,25.0,22.0,21.0,25.0,25.0,20.0,20.0,24.0,22.0,22.0,19.0,21.0,21.0,20.0,21.0,22.0,21.0,21.0,22.0,22.0,22.0,22.0,21.0,22.0,22.0,21.0,22.0,21.0,21.0,21.0,21.0,22.0,21.0,10.0,locate,6,6,2.7172
1787152335.7659,2026-08-19 17:12:15.765,10,c3,0,0,-0.03944,-0.49601,0.05092,-4.0474,9.8644,-24.4557,-0.0697,0.0194,-0.2323,4.69332,18.0,23.0,23.0,19.0,25.0,25.0,22.0,21.0,25.0,25.0,20.0,20.0,24.0,22.0,22.0,19.0,21.0,21.0,20.0,21.0,22.0,21.0,21.0,22.0,22.0,22.0,22.0,21.0,22.0,22.0,21.0,22.0,21.0,21.0,21.0,21.0,22.0,21.0,10.0,locate,6,6,2.7284
1787152335.816,2026-08-19 17:12:15.816,10,c3,0,0,-0.03946,-0.49601,0.05092,-4.2912,10.4592,-24.2894,-0.0791,0.0077,-0.2381,4.68979,21.0,22.0,22.0,20.0,26.0,23.0,22.0,23.0,25.0,26.0,19.0,22.0,24.0,26.0,20.0,22.0,24.0,21.0,23.0,21.0,22.0,21.0,21.0,22.0,22.0,22.0,22.0,21.0,22.0,22.0,21.0,22.0,21.0,21.0,21.0,21.0,22.0,21.0,10.0,locate,6,6,2.7597
1787152335.8661,2026-08-19 17:12:15.866,10,c3,0,0,-0.03945,-0.49601,0.05092,-4.5253,10.4413,-24.3971,-0.0822,0.0055,-0.2356,4.69785,22.0,23.0,23.0,21.0,25.0,25.0,20.0,22.0,23.0,26.0,22.0,21.0,24.0,26.0,22.0,19.0,25.0,21.0,20.0,21.0,22.0,21.0,21.0,22.0,22.0,22.0,22.0,21.0,22.0,22.0,21.0,22.0,21.0,21.0,21.0,21.0,22.0,21.0,10.0,locate,6,6,2.6881
1787152335.9163,2026-08-19 17:12:15.916,10,c3,0,0,-0.03943,-0.49601,0.05091,-4.6582,10.2789,-24.4596,-0.0729,-0.0013,-0.2374,4.69206,22.0,23.0,23.0,21.0,25.0,25.0,20.0,22.0,23.0,26.0,22.0,21.0,24.0,26.0,22.0,19.0,25.0,21.0,20.0,21.0,22.0,21.0,21.0,22.0,22.0,22.0,22.0,21.0,22.0,22.0,21.0,22.0,21.0,21.0,21.0,21.0,22.0,21.0,10.0,locate,6,6,2.7396
1787152335.9664,2026-08-19 17:12:15.966,10,c3,0,0,-0.03942,-0.49602,0.05092,-4.2596,10.6144,-24.4151,-0.0843,0.0091,-0.2352,4.70087,20.0,22.0,23.0,20.0,25.0,24.0,23.0,22.0,24.0,26.0,23.0,21.0,23.0,25.0,21.0,19.0,24.0,21.0,22.0,21.0,22.0,21.0,21.0,22.0,22.0,22.0,22.0,21.0,22.0,22.0,21.0,22.0,21.0,21.0,21.0,21.0,22.0,21.0,10.0,locate,6,6,2.6612
1787152336.0165,2026-08-19 17:12:16.016,10,c3,0,0,-0.03944,-0.49601,0.0509,-3.9987,10.4602,-24.2266,-0.0825,0.0178,-0.2276,4.68602,20.0,22.0,23.0,20.0,25.0,24.0,23.0,22.0,24.0,26.0,23.0,21.0,23.0,25.0,21.0,19.0,24.0,21.0,22.0,21.0,22.0,21.0,21.0,22.0,22.0,22.0,22.0,21.0,22.0,22.0,21.0,22.0,21.0,21.0,21.0,21.0,22.0,21.0,10.0,locate,6,6,2.7933
1787152336.0666,2026-08-19 17:12:16.066,10,c3,0,0,-0.03943,-0.49601,0.0509,-4.462,10.4476,-24.4183,-0.0768,0.0061,-0.2344,4.69735,22.0,22.0,24.0,21.0,24.0,25.0,22.0,22.0,22.0,25.0,21.0,22.0,23.0,25.0,21.0,21.0,23.0,22.0,23.0,21.0,22.0,21.0,21.0,22.0,22.0,22.0,22.0,21.0,22.0,22.0,21.0,22.0,21.0,21.0,21.0,21.0,22.0,21.0,10.0,locate,6,6,2.6925
1787152336.1168,2026-08-19 17:12:16.116,10,c3,0,0,-0.03944,-0.49601,0.05091,-4.4487,10.446,-24.2991,-0.0815,0.0065,-0.2387,4.68325,22.0,22.0,24.0,21.0,24.0,25.0,22.0,22.0,22.0,25.0,21.0,22.0,23.0,25.0,21.0,21.0,23.0,22.0,23.0,21.0,22.0,21.0,21.0,22.0,22.0,22.0,22.0,21.0,22.0,22.0,21.0,22.0,21.0,21.0,21.0,21.0,22.0,21.0,10.0,locate,6,6,2.818
1787152336.1669,2026-08-19 17:12:16.166,10,c3,0,0,-0.03945,-0.496,0.0509,-4.3029,10.2489,-24.3895,-0.0753,0.0078,-0.2351,4.69886,21.0,20.0,21.0,22.0,23.0,24.0,20.0,24.0,22.0,25.0,23.0,23.0,23.0,24.0,23.0,22.0,22.0,23.0,22.0,21.0,22.0,21.0,21.0,22.0,22.0,22.0,22.0,21.0,22.0,22.0,21.0,22.0,21.0,21.0,21.0,21.0,22.0,21.0,10.0,locate,6,6,2.6791
1787152336.217,2026-08-19 17:12:16.216,10,c3,0,0,-0.03944,-0.496,0.05091,-4.2038,10.3729,-24.4353,-0.0742,0.0109,-0.2307,4.68375,21.0,21.0,22.0,23.0,23.0,24.0,23.0,24.0,24.0,24.0,22.0,22.0,23.0,24.0,22.0,21.0,22.0,22.0,21.0,21.0,22.0,21.0,21.0,22.0,22.0,22.0,22.0,21.0,22.0,22.0,21.0,22.0,21.0,21.0,21.0,21.0,22.0,21.0,10.0,locate,6,6,2.8135
1787152336.2671,2026-08-19 17:12:16.267,10,c3,0,0,-0.03944,-0.49602,0.0509,-4.8019,10.2268,-24.35,-0.0767,-0.0024,-0.2436,4.69558,21.0,21.0,22.0,23.0,23.0,24.0,23.0,24.0,24.0,24.0,22.0,22.0,23.0,24.0,22.0,21.0,22.0,22.0,21.0,21.0,22.0,21.0,21.0,22.0,22.0,22.0,22.0,21.0,22.0,22.0,21.0,22.0,21.0,21.0,21.0,21.0,22.0,21.0,10.0,locate,6,6,2.7082
1787152336.3172,2026-08-19 17:12:16.317,10,c3,0,0,-0.03945,-0.49601,0.0509,-4.3613,10.5114,-24.4176,-0.0811,0.0078,-0.2359,4.68425,22.0,22.0,21.0,22.0,24.0,23.0,22.0,24.0,24.0,24.0,21.0,22.0,24.0,25.0,22.0,21.0,23.0,21.0,21.0,21.0,22.0,21.0,21.0,22.0,22.0,22.0,22.0,21.0,22.0,22.0,21.0,22.0,21.0,21.0,21.0,21.0,22.0,21.0,10.0,locate,6,6,2.809
1787152336.3674,2026-08-19 17:12:16.367,10,c3,0,0,-0.03944,-0.49602,0.05091,-4.4416,10.4824,-24.2756,-0.0824,0.0041,-0.2361,4.69735,22.0,22.0,21.0,22.0,24.0,23.0,22.0,24.0,24.0,24.0,21.0,22.0,24.0,25.0,22.0,21.0,23.0,21.0,21.0,21.0,22.0,21.0,21.0,22.0,22.0,22.0,22.0,21.0,22.0,22.0,21.0,22.0,21.0,21.0,21.0,21.0,22.0,21.0,10.0,locate,6,6,2.6925
1787152336.4175,2026-08-19 17:12:16.417,10,c3,0,0,-0.03943,-0.49602,0.05092,-4.6142,10.4528,-24.1981,-0.0788,0.0007,-0.242,4.68199,19.0,22.0,23.0,21.0,25.0,24.0,22.0,20.0,25.0,24.0,22.0,20.0,25.0,24.0,22.0,19.0,24.0,21.0,22.0,21.0,22.0,21.0,21.0,22.0,22.0,22.0,22.0,21.0,22.0,22.0,21.0,22.0,21.0,21.0,21.0,21.0,22.0,21.0,10.0,locate,6,6,2.8292
1787152336.4676,2026-08-19 17:12:16.467,10,c3,0,0,-0.03944,-0.49601,0.05091,-4.6558,10.6234,-24.2344,-0.0832,0.0005,-0.2371,4.69306,20.0,22.0,23.0,20.0,25.0,22.0,22.0,23.0,24.0,26.0,21.0,22.0,24.0,25.0,22.0,21.0,24.0,21.0,23.0,21.0,22.0,21.0,21.0,22.0,22.0,22.0,22.0,21.0,22.0,22.0,21.0,22.0,21.0,21.0,21.0,21.0,22.0,21.0,10.0,locate,6,6,2.7306
1787152336.5178,2026-08-19 17:12:16.517,10,c3,0,0,-0.03943,-0.49601,0.05091,-4.6611,10.5135,-24.3093,-0.0826,0.0018,-0.2428,4.6908,20.0,22.0,23.0,20.0,25.0,22.0,22.0,23.0,24.0,26.0,21.0,22.0,24.0,25.0,22.0,21.0,24.0,21.0,23.0,21.0,22.0,21.0,21.0,22.0,22.0,22.0,22.0,21.0,22.0,22.0,21.0,22.0,21.0,21.0,21.0,21.0,22.0,21.0,10.0,locate,6,6,2.7508
1787152336.5679,2026-08-19 17:12:16.567,10,c3,0,0,-0.03944,-0.49601,0.05093,-4.5955,10.7078,-24.2405,-0.0859,0.0015,-0.2407,4.68879,21.0,23.0,23.0,20.0,25.0,25.0,23.0,24.0,24.0,23.0,22.0,22.0,24.0,24.0,22.0,22.0,22.0,21.0,22.0,21.0,22.0,21.0,21.0,22.0,22.0,22.0,22.0,21.0,22.0,22.0,21.0,22.0,21.0,21.0,21.0,21.0,22.0,21.0,10.0,locate,6,6,2.7687
1787152336.618,2026-08-19 17:12:16.617,10,c3,0,0,-0.03945,-0.496,0.05089,-4.4071,10.3651,-24.6351,-0.076,0.0073,-0.2416,4.69105,21.0,23.0,23.0,20.0,25.0,25.0,23.0,24.0,24.0,23.0,22.0,22.0,24.0,24.0,22.0,22.0,22.0,21.0,22.0,21.0,22.0,21.0,21.0,22.0,22.0,22.0,22.0,21.0,22.0,22.0,21.0,22.0,21.0,21.0,21.0,21.0,22.0,21.0,10.0,locate,6,6,2.7485
1787152336.668,2026-08-19 17:12:16.668,10,c3,0,0,-0.03944,-0.49601,0.05092,-4.3134,10.4919,-24.3361,-0.0816,0.0091,-0.2382,4.69407,23.0,22.0,23.0,22.0,26.0,25.0,21.0,22.0,24.0,25.0,22.0,23.0,24.0,25.0,21.0,20.0,23.0,22.0,22.0,21.0,22.0,21.0,21.0,22.0,22.0,22.0,22.0,21.0,22.0,22.0,21.0,22.0,21.0,21.0,21.0,21.0,22.0,21.0,10.0,locate,6,6,2.7217
1787152336.7182,2026-08-19 17:12:16.718,10,c3,0,0,-0.03944,-0.496,0.0509,-4.5816,10.3767,-24.1481,-0.0797,0.002,-0.2377,4.68904,20.0,22.0,21.0,20.0,25.0,24.0,22.0,23.0,24.0,25.0,21.0,22.0,24.0,26.0,21.0,20.0,25.0,22.0,21.0,21.0,22.0,21.0,21.0,22.0,22.0,22.0,22.0,21.0,22.0,22.0,21.0,22.0,21.0,21.0,21.0,21.0,22.0,21.0,10.0,locate,6,6,2.7665
1787152336.7683,2026-08-19 17:12:16.768,10,c3,0,0,-0.03944,-0.496,0.0509,-4.3359,10.0694,-24.0992,-0.0706,0.0077,-0.2382,4.69055,20.0,22.0,21.0,20.0,25.0,24.0,22.0,23.0,24.0,25.0,21.0,22.0,24.0,26.0,21.0,20.0,25.0,22.0,21.0,21.0,22.0,21.0,21.0,22.0,22.0,22.0,22.0,21.0,22.0,22.0,21.0,22.0,21.0,21.0,21.0,21.0,22.0,21.0,10.0,locate,6,6,2.753
1787152336.8184,2026-08-19 17:12:16.818,10,c3,0,0,-0.03943,-0.49602,0.05092,-4.5198,10.3423,-24.0253,-0.0769,0.0018,-0.2323,4.69206,22.0,22.0,23.0,20.0,25.0,26.0,22.0,23.0,24.0,26.0,20.0,22.0,23.0,26.0,21.0,20.0,25.0,21.0,22.0,21.0,22.0,21.0,21.0,22.0,22.0,22.0,22.0,21.0,22.0,22.0,21.0,22.0,21.0,21.0,21.0,21.0,22.0,21.0,10.0,locate,6,6,2.7396
1787152336.8686,2026-08-19 17:12:16.868,10,c3,0,0,-0.03945,-0.49601,0.0509,-4.8993,10.4728,-23.861,-0.0766,-0.0056,-0.2407,4.69508,22.0,22.0,23.0,20.0,25.0,26.0,22.0,23.0,24.0,26.0,20.0,22.0,23.0,26.0,21.0,20.0,25.0,21.0,22.0,21.0,22.0,21.0,21.0,22.0,22.0,22.0,22.0,21.0,22.0,22.0,21.0,22.0,21.0,21.0,21.0,21.0,22.0,21.0,10.0,locate,6,6,2.7127
1787152336.9187,2026-08-19 17:12:16.918,10,c3,0,0,-0.03944,-0.49601,0.05091,-4.6162,10.5131,-23.9709,-0.0808,0.001,-0.2375,4.69281,22.0,22.0,24.0,22.0,25.0,26.0,20.0,25.0,25.0,25.0,21.0,23.0,24.0,24.0,21.0,23.0,24.0,19.0,23.0,21.0,22.0,21.0,21.0,22.0,22.0,22.0,22.0,21.0,22.0,22.0,21.0,22.0,21.0,21.0,21.0,21.0,22.0,21.0,10.0,locate,6,6,2.7329
1787152336.9688,2026-08-19 17:12:16.968,10,c3,0,0,-0.03944,-0.49601,0.05091,-4.612,10.4343,-23.8854,-0.0802,0.0033,-0.2364,4.69382,20.0,24.0,22.0,21.0,26.0,24.0,20.0,25.0,25.0,26.0,23.0,23.0,24.0,26.0,21.0,24.0,24.0,23.0,25.0,21.0,22.0,21.0,21.0,22.0,22.0,22.0,22.0,21.0,22.0,22.0,21.0,22.0,21.0,21.0,21.0,21.0,22.0,21.0,10.0,locate,6,6,2.7239
1787152337.0189,2026-08-19 17:12:17.018,10,c3,0,0,-0.03945,-0.49601,0.05091,-4.6258,10.3687,-24.259,-0.0804,0.0001,-0.2413,4.69634,20.0,24.0,22.0,21.0,26.0,24.0,20.0,25.0,25.0,26.0,23.0,23.0,24.0,26.0,21.0,24.0,24.0,23.0,25.0,21.0,22.0,21.0,21.0,22.0,22.0,22.0,22.0,21.0,22.0,22.0,21.0,22.0,21.0,21.0,21.0,21.0,22.0,21.0,10.0,locate,6,6,2.7015
1787152337.069,2026-08-19 17:12:17.069,10,c3,0,0,-0.03944,-0.49601,0.0509,-4.5137,10.2013,-24.0655,-0.0769,0.003,-0.2343,4.68828,22.0,23.0,24.0,22.0,27.0,26.0,22.0,25.0,25.0,25.0,23.0,23.0,26.0,25.0,22.0,22.0,23.0,22.0,22.0,21.0,22.0,21.0,21.0,22.0,22.0,22.0,22.0,21.0,22.0,22.0,21.0,22.0,21.0,21.0,21.0,21.0,22.0,21.0,10.0,locate,6,6,2.7732
1787152337.1191,2026-08-19 17:12:17.119,10,c3,0,0,-0.03944,-0.49601,0.05091,-4.4935,10.9124,-24.1456,-0.0876,0.007,-0.2372,4.69785,22.0,23.0,24.0,22.0,27.0,26.0,22.0,25.0,25.0,25.0,23.0,23.0,26.0,25.0,22.0,22.0,23.0,22.0,22.0,21.0,22.0,21.0,21.0,22.0,22.0,22.0,22.0,21.0,22.0,22.0,21.0,22.0,21.0,21.0,21.0,21.0,22.0,21.0,10.0,locate,6,6,2.6881
1787152337.1692,2026-08-19 17:12:17.169,10,c3,0,0,-0.03946,-0.49601,0.05093,-4.3015,10.5022,-24.2998,-0.0834,0.0102,-0.2335,4.6913,22.0,24.0,23.0,22.0,26.0,24.0,22.0,23.0,24.0,26.0,23.0,22.0,24.0,25.0,20.0,20.0,25.0,20.0,23.0,21.0,22.0,21.0,21.0,22.0,22.0,22.0,22.0,21.0,22.0,22.0,21.0,22.0,21.0,21.0,21.0,21.0,22.0,21.0,10.0,locate,6,6,2.7463
1787152337.2194,2026-08-19 17:12:17.219,10,c3,0,0,-0.03944,-0.49601,0.05091,-4.8495,10.6108,-24.1175,-0.0814,-0.0037,-0.2436,4.69558,22.0,24.0,23.0,22.0,26.0,24.0,22.0,23.0,24.0,26.0,23.0,22.0,24.0,25.0,20.0,20.0,25.0,20.0,23.0,21.0,22.0,21.0,21.0,22.0,22.0,22.0,22.0,21.0,22.0,22.0,21.0,22.0,21.0,21.0,21.0,21.0,22.0,21.0,10.0,locate,6,6,2.7082
1787152337.2695,2026-08-19 17:12:17.269,10,c3,0,0,-0.03945,-0.496,0.05091,-4.2789,10.0584,-24.2836,-0.0717,0.0065,-0.2291,4.68627,21.0,23.0,24.0,22.0,25.0,26.0,23.0,21.0,22.0,25.0,23.0,21.0,24.0,26.0,21.0,21.0,24.0,22.0,22.0,21.0,22.0,21.0,21.0,22.0,22.0,22.0,22.0,21.0,22.0,22.0,21.0,22.0,21.0,21.0,21.0,21.0,22.0,21.0,10.0,locate,6,6,2.7911
1787152337.3197,2026-08-19 17:12:17.319,10,c3,0,0,-0.03943,-0.49601,0.05091,-4.6377,10.3645,-24.3851,-0.0769,-0.0023,-0.2387,4.69911,19.0,21.0,22.0,19.0,25.0,25.0,22.0,23.0,24.0,26.0,21.0,23.0,24.0,25.0,22.0,21.0,24.0,20.0,22.0,21.0,22.0,21.0,21.0,22.0,22.0,22.0,22.0,21.0,22.0,22.0,21.0,22.0,21.0,21.0,21.0,21.0,22.0,21.0,10.0,locate,6,6,2.6769
1787152337.3698,2026-08-19 17:12:17.369,10,c3,0,0,-0.03945,-0.49602,0.05092,-4.4077,10.2117,-24.3585,-0.0738,0.0047,-0.2373,4.68803,19.0,21.0,22.0,19.0,25.0,25.0,22.0,23.0,24.0,26.0,21.0,23.0,24.0,25.0,22.0,21.0,24.0,20.0,22.0,21.0,22.0,21.0,21.0,22.0,22.0,22.0,22.0,21.0,22.0,22.0,21.0,22.0,21.0,21.0,21.0,21.0,22.0,21.0,10.0,locate,6,6,2.7754
1787152337.4199,2026-08-19 17:12:17.419,10,c3,0,0,-0.03944,-0.496,0.05091,-4.5834,10.5878,-24.3834,-0.0832,0.0004,-0.2408,4.69634,23.0,23.0,22.0,22.0,25.0,25.0,21.0,23.0,25.0,24.0,20.0,22.0,24.0,25.0,21.0,20.0,23.0,20.0,20.0,21.0,22.0,21.0,21.0,22.0,22.0,22.0,22.0,21.0,22.0,22.0,21.0,22.0,21.0,21.0,21.0,21.0,22.0,21.0,10.0,locate,6,6,2.7015
1787152337.47,2026-08-19 17:12:17.469,10,c3,0,0,-0.03943,-0.496,0.0509,-4.3685,10.5292,-24.3007,-0.0811,0.0061,-0.244,4.68954,23.0,23.0,22.0,22.0,25.0,25.0,21.0,23.0,25.0,24.0,20.0,22.0,24.0,25.0,21.0,20.0,23.0,20.0,20.0,21.0,22.0,21.0,21.0,22.0,22.0,22.0,22.0,21.0,22.0,22.0,21.0,22.0,21.0,21.0,21.0,21.0,22.0,21.0,10.0,locate,6,6,2.762
1787152337.5201,2026-08-19 17:12:17.520,10,c3,0,0,-0.03944,-0.49601,0.05091,-4.5605,10.2581,-24.1568,-0.0744,0.0027,-0.2422,4.68778,21.0,22.0,23.0,22.0,24.0,24.0,21.0,21.0,24.0,25.0,21.0,20.0,24.0,25.0,20.0,19.0,24.0,19.0,21.0,21.0,22.0,21.0,21.0,22.0,22.0,22.0,22.0,21.0,22.0,22.0,21.0,22.0,21.0,21.0,21.0,21.0,22.0,21.0,10.0,locate,6,6,2.7777
1787152337.5703,2026-08-19 17:12:17.570,10,c3,0,0,-0.03946,-0.49601,0.05091,-4.7002,10.5214,-24.2723,-0.0794,0.0002,-0.2411,4.69735,18.0,22.0,23.0,17.0,26.0,25.0,21.0,23.0,24.0,25.0,22.0,23.0,24.0,25.0,20.0,20.0,24.0,20.0,22.0,21.0,22.0,21.0,21.0,22.0,22.0,22.0,22.0,21.0,22.0,22.0,21.0,22.0,21.0,21.0,21.0,21.0,22.0,21.0,10.0,locate,6,6,2.6925
1787152337.6204,2026-08-19 17:12:17.620,10,c3,0,0,-0.03943,-0.49602,0.05092,-4.308,10.1212,-24.4191,-0.0734,0.0116,-0.2373,4.68929,18.0,22.0,23.0,17.0,26.0,25.0,21.0,23.0,24.0,25.0,22.0,23.0,24.0,25.0,20.0,20.0,24.0,20.0,22.0,21.0,22.0,21.0,21.0,22.0,22.0,22.0,22.0,21.0,22.0,22.0,21.0,22.0,21.0,21.0,21.0,21.0,22.0,21.0,10.0,locate,6,6,2.7642
1787152337.6705,2026-08-19 17:12:17.670,10,c3,0,0,-0.03944,-0.49601,0.05091,-4.6845,10.6758,-24.3253,-0.0843,-0.0026,-0.2386,4.69936,21.0,24.0,22.0,21.0,26.0,24.0,20.0,24.0,24.0,24.0,21.0,24.0,25.0,26.0,22.0,22.0,24.0,21.0,23.0,21.0,22.0,21.0,21.0,22.0,22.0,22.0,22.0,21.0,22.0,22.0,21.0,22.0,21.0,21.0,21.0,21.0,22.0,21.0,10.0,locate,6,6,2.6746
1787152337.7206,2026-08-19 17:12:17.720,10,c3,1,0,-0.03945,-0.49601,0.05091,-4.3584,10.0815,-24.3824,-0.0723,0.0067,-0.2415,4.6913,21.0,24.0,22.0,21.0,26.0,24.0,20.0,24.0,24.0,24.0,21.0,24.0,25.0,26.0,22.0,22.0,24.0,21.0,23.0,21.0,22.0,21.0,21.0,22.0,22.0,22.0,22.0,21.0,22.0,22.0,21.0,22.0,21.0,21.0,21.0,21.0,22.0,21.0,10.0,press,6,6,2.7463
1787152337.7707,2026-08-19 17:12:17.770,10,c3,1,0,-0.03945,-0.49602,0.05091,-4.5599,10.0875,-24.1885,-0.0704,0.0033,-0.2456,4.68853,24.0,23.0,24.0,24.0,25.0,25.0,20.0,24.0,26.0,25.0,24.0,24.0,25.0,25.0,23.0,21.0,24.0,23.0,22.0,21.0,22.0,21.0,21.0,22.0,22.0,22.0,22.0,21.0,22.0,22.0,21.0,22.0,21.0,21.0,21.0,21.0,22.0,21.0,10.0,press,6,6,2.7709
1787152337.8208,2026-08-19 17:12:17.820,10,c3,1,0,-0.03946,-0.49603,0.05088,-4.213,10.2757,-24.2824,-0.0739,0.0091,-0.2402,4.68727,22.0,24.0,23.0,22.0,26.0,25.0,23.0,24.0,24.0,26.0,22.0,23.0,24.0,25.0,23.0,23.0,24.0,23.0,22.0,21.0,22.0,21.0,21.0,22.0,22.0,22.0,22.0,21.0,22.0,22.0,21.0,22.0,21.0,21.0,21.0,21.0,22.0,21.0,10.0,press,6,6,2.7821
1787152337.8709,2026-08-19 17:12:17.870,10,c3,1,0,-0.03945,-0.49603,0.05076,-4.6292,10.3732,-24.1759,-0.0748,0.0022,-0.2458,4.69684,22.0,24.0,23.0,22.0,26.0,25.0,23.0,24.0,24.0,26.0,22.0,23.0,24.0,25.0,23.0,23.0,24.0,23.0,22.0,21.0,22.0,21.0,21.0,22.0,22.0,22.0,22.0,21.0,22.0,22.0,21.0,22.0,21.0,21.0,21.0,21.0,22.0,21.0,10.0,press,6,6,2.697
1787152337.921,2026-08-19 17:12:17.921,10,c3,1,0,-0.03944,-0.49602,0.0506,-4.2222,10.0434,-24.2561,-0.0705,0.0116,-0.2431,4.68727,22.0,23.0,23.0,22.0,24.0,25.0,23.0,22.0,24.0,24.0,20.0,21.0,24.0,23.0,20.0,20.0,23.0,19.0,21.0,21.0,22.0,21.0,21.0,22.0,22.0,22.0,22.0,21.0,22.0,22.0,21.0,22.0,21.0,21.0,21.0,21.0,22.0,21.0,10.0,press,6,6,2.7821
1787152337.9711,2026-08-19 17:12:17.971,10,c3,1,0,-0.03947,-0.49604,0.05042,-4.4398,10.3645,-24.3844,-0.0763,0.0045,-0.2396,4.69785,22.0,23.0,23.0,22.0,24.0,25.0,23.0,22.0,24.0,24.0,20.0,21.0,24.0,23.0,20.0,20.0,23.0,19.0,21.0,21.0,22.0,21.0,21.0,22.0,22.0,22.0,22.0,21.0,22.0,22.0,21.0,22.0,21.0,21.0,21.0,21.0,22.0,21.0,10.0,press,6,6,2.6881
1787152338.0212,2026-08-19 17:12:18.021,10,c3,1,0,-0.03946,-0.49604,0.05021,-4.5991,10.6098,-24.393,-0.0818,0.0049,-0.2407,4.68576,21.0,22.0,22.0,20.0,25.0,23.0,20.0,25.0,24.0,25.0,22.0,24.0,24.0,25.0,21.0,23.0,23.0,21.0,24.0,21.0,22.0,21.0,21.0,22.0,22.0,22.0,22.0,21.0,22.0,22.0,21.0,22.0,21.0,21.0,21.0,21.0,22.0,21.0,10.0,press,6,6,2.7956
1787152338.0713,2026-08-19 17:12:18.071,10,c3,1,0,-0.03946,-0.49606,0.04998,-4.4612,10.1403,-24.2593,-0.0737,0.003,-0.236,4.69483,24.0,22.0,22.0,24.0,25.0,24.0,22.0,24.0,23.0,27.0,21.0,23.0,23.0,26.0,21.0,22.0,24.0,21.0,24.0,21.0,22.0,21.0,21.0,22.0,22.0,22.0,22.0,21.0,22.0,22.0,21.0,22.0,21.0,21.0,21.0,21.0,22.0,21.0,10.0,press,6,6,2.7149
1787152338.1215,2026-08-19 17:12:18.121,10,c3,1,0,-0.03947,-0.49606,0.04972,-4.8304,10.4435,-24.2248,-0.0778,-0.0033,-0.2371,4.68954,24.0,22.0,22.0,24.0,25.0,24.0,22.0,24.0,23.0,27.0,21.0,23.0,23.0,26.0,21.0,22.0,24.0,21.0,24.0,21.0,22.0,21.0,21.0,22.0,22.0,22.0,22.0,21.0,22.0,22.0,21.0,22.0,21.0,21.0,21.0,21.0,22.0,21.0,10.0,press,6,6,2.762
1787152338.1716,2026-08-19 17:12:18.171,10,c3,1,0,-0.03945,-0.49606,0.04941,-4.7836,10.5605,-24.3347,-0.0822,-0.0032,-0.2381,4.68879,21.0,22.0,22.0,24.0,24.0,25.0,20.0,21.0,25.0,25.0,22.0,20.0,24.0,25.0,21.0,20.0,23.0,22.0,22.0,21.0,22.0,21.0,21.0,22.0,22.0,22.0,22.0,21.0,22.0,22.0,21.0,22.0,21.0,21.0,21.0,21.0,22.0,21.0,10.0,press,6,6,2.7687
1787152338.2217,2026-08-19 17:12:18.221,10,c3,1,0,-0.03943,-0.49601,0.04905,-4.5753,10.4662,-24.51,-0.0806,0.0044,-0.2399,4.69936,21.0,22.0,22.0,24.0,24.0,25.0,20.0,21.0,25.0,25.0,22.0,20.0,24.0,25.0,21.0,20.0,23.0,22.0,22.0,21.0,22.0,21.0,21.0,22.0,22.0,22.0,22.0,21.0,22.0,22.0,21.0,22.0,21.0,21.0,21.0,21.0,22.0,21.0,10.0,press,6,6,2.6746
1787152338.2718,2026-08-19 17:12:18.271,10,c3,1,0,-0.03945,-0.49601,0.04871,-4.6178,10.2746,-24.3247,-0.0781,-0.0019,-0.2421,4.68602,20.0,23.0,23.0,20.0,25.0,26.0,23.0,23.0,25.0,25.0,22.0,23.0,24.0,25.0,21.0,21.0,24.0,20.0,21.0,21.0,22.0,21.0,21.0,22.0,22.0,22.0,22.0,21.0,22.0,22.0,21.0,22.0,21.0,21.0,21.0,21.0,22.0,21.0,10.0,press,6,6,2.7933
1787152338.3221,2026-08-19 17:12:18.322,10,c3,1,0,-0.03946,-0.49603,0.04837,-4.4572,10.0436,-24.2533,-0.0697,0.0069,-0.242,4.69659,20.0,23.0,23.0,20.0,25.0,26.0,23.0,23.0,25.0,25.0,22.0,23.0,24.0,25.0,21.0,21.0,24.0,20.0,21.0,21.0,22.0,21.0,21.0,22.0,22.0,22.0,22.0,21.0,22.0,22.0,21.0,22.0,21.0,21.0,21.0,21.0,22.0,21.0,10.0,press,6,6,2.6993
1787152338.3723,2026-08-19 17:12:18.372,10,c3,1,0,-0.03945,-0.49603,0.04807,-4.6349,10.4107,-24.5405,-0.0808,0.0021,-0.2355,4.69508,22.0,24.0,23.0,21.0,26.0,24.0,21.0,23.0,24.0,26.0,21.0,22.0,24.0,25.0,21.0,20.0,24.0,22.0,23.0,21.0,22.0,21.0,21.0,22.0,22.0,22.0,22.0,21.0,22.0,22.0,21.0,22.0,21.0,21.0,21.0,21.0,22.0,21.0,10.0,press,6,6,2.7127
1787152338.4224,2026-08-19 17:12:18.422,10,c3,1,0,-0.03944,-0.49604,0.04775,-4.5037,9.8821,-24.4996,-0.0669,0.0057,-0.2407,4.68904,22.0,23.0,24.0,21.0,25.0,25.0,21.0,23.0,25.0,28.0,21.0,23.0,24.0,27.0,22.0,22.0,25.0,21.0,24.0,21.0,22.0,21.0,21.0,22.0,22.0,22.0,22.0,21.0,22.0,22.0,21.0,22.0,21.0,21.0,21.0,21.0,22.0,21.0,10.0,press,6,6,2.7665
1787152338.4726,2026-08-19 17:12:18.472,10,c3,1,0,-0.03945,-0.49603,0.04741,-4.5563,10.4069,-24.3034,-0.0781,0.006,-0.2312,4.68979,22.0,23.0,24.0,21.0,25.0,25.0,21.0,23.0,25.0,28.0,21.0,23.0,24.0,27.0,22.0,22.0,25.0,21.0,24.0,21.0,22.0,21.0,21.0,22.0,22.0,22.0,22.0,21.0,22.0,22.0,21.0,22.0,21.0,21.0,21.0,21.0,22.0,21.0,10.0,press,6,6,2.7597
1787152338.5227,2026-08-19 17:12:18.522,10,c3,1,0,-0.03944,-0.49602,0.04709,-4.0425,10.1521,-24.3396,-0.0757,0.0175,-0.2353,4.69483,22.0,23.0,24.0,22.0,25.0,26.0,22.0,24.0,25.0,28.0,23.0,21.0,24.0,26.0,22.0,22.0,24.0,22.0,23.0,21.0,22.0,21.0,21.0,22.0,22.0,22.0,22.0,21.0,22.0,22.0,21.0,22.0,21.0,21.0,21.0,21.0,22.0,21.0,10.0,press,6,6,2.7149
1787152338.5728,2026-08-19 17:12:18.572,10,c3,1,0,-0.03944,-0.49601,0.04673,-4.8271,10.747,-24.138,-0.0855,-0.0009,-0.2426,4.6835,22.0,23.0,24.0,22.0,25.0,26.0,22.0,24.0,25.0,28.0,23.0,21.0,24.0,26.0,22.0,22.0,24.0,22.0,23.0,21.0,22.0,21.0,21.0,22.0,22.0,22.0,22.0,21.0,22.0,22.0,21.0,22.0,21.0,21.0,21.0,21.0,22.0,21.0,10.0,press,6,6,2.8157
1787152338.6229,2026-08-19 17:12:18.622,10,c3,1,0,-0.03946,-0.49602,0.0464,-4.6196,10.3762,-24.1255,-0.0782,0.0034,-0.2377,4.69382,23.0,22.0,24.0,21.0,25.0,26.0,24.0,23.0,27.0,27.0,23.0,23.0,26.0,26.0,23.0,21.0,24.0,23.0,22.0,21.0,22.0,21.0,21.0,22.0,22.0,22.0,22.0,21.0,22.0,22.0,21.0,22.0,21.0,21.0,21.0,21.0,22.0,21.0,10.0,press,6,6,2.7239
1787152338.673,2026-08-19 17:12:18.672,10,c3,1,0,-0.03945,-0.49602,0.04606,-4.968,10.6787,-24.2104,-0.0862,-0.0055,-0.245,4.6913,22.0,24.0,24.0,22.0,27.0,26.0,22.0,24.0,25.0,26.0,23.0,24.0,24.0,25.0,22.0,23.0,23.0,23.0,24.0,21.0,22.0,21.0,21.0,22.0,22.0,22.0,22.0,21.0,22.0,22.0,21.0,22.0,21.0,21.0,21.0,21.0,22.0,21.0,10.0,press,6,6,2.7463
1787152338.7231,2026-08-19 17:12:18.723,10,c3,1,0,-0.03945,-0.49601,0.04571,-4.5825,10.4436,-24.0998,-0.0841,0.0017,-0.24,4.67796,22.0,24.0,24.0,22.0,27.0,26.0,22.0,24.0,25.0,26.0,23.0,24.0,24.0,25.0,22.0,23.0,23.0,23.0,24.0,21.0,22.0,21.0,21.0,22.0,22.0,22.0,22.0,21.0,22.0,22.0,21.0,22.0,21.0,21.0,21.0,21.0,22.0,21.0,10.0,press,6,6,2.865
1787152338.7731,2026-08-19 17:12:18.773,10,c3,1,0,-0.03945,-0.49603,0.04538,-4.6032,10.4615,-23.9621,-0.0783,0.0022,-0.2309,4.65077,23.0,22.0,23.0,23.0,26.0,26.0,23.0,26.0,24.0,26.0,23.0,24.0,24.0,25.0,21.0,23.0,23.0,21.0,23.0,21.0,22.0,21.0,21.0,22.0,22.0,22.0,22.0,21.0,22.0,22.0,21.0,22.0,21.0,21.0,21.0,21.0,22.0,21.0,10.0,press,6,6,3.1069
1787152338.8233,2026-08-19 17:12:18.823,10,c3,1,0,-0.03946,-0.49603,0.04505,-4.323,10.3704,-24.1334,-0.0788,0.0096,-0.238,4.62609,23.0,22.0,23.0,23.0,26.0,26.0,23.0,26.0,24.0,26.0,23.0,24.0,24.0,25.0,21.0,23.0,23.0,21.0,23.0,21.0,22.0,21.0,21.0,22.0,22.0,22.0,22.0,21.0,22.0,22.0,21.0,22.0,21.0,21.0,21.0,21.0,22.0,21.0,10.0,press,6,6,3.3264
1787152338.8734,2026-08-19 17:12:18.873,10,c3,1,0,-0.03944,-0.49602,0.04472,-4.4493,10.2069,-23.9647,-0.0739,0.0079,-0.2393,4.58933,23.0,22.0,22.0,23.0,25.0,23.0,22.0,24.0,27.0,30.0,22.0,24.0,26.0,28.0,23.0,22.0,25.0,23.0,22.0,21.0,22.0,21.0,21.0,22.0,22.0,22.0,22.0,21.0,22.0,22.0,21.0,22.0,21.0,21.0,21.0,21.0,22.0,21.0,10.0,press,6,6,3.6535
1787152338.9235,2026-08-19 17:12:18.923,10,c3,1,0,-0.03943,-0.496,0.04437,-4.6846,10.6026,-23.8353,-0.0815,0.0004,-0.2366,4.5702,23.0,24.0,25.0,23.0,28.0,27.0,22.0,23.0,27.0,30.0,23.0,23.0,26.0,29.0,22.0,21.0,25.0,21.0,21.0,21.0,22.0,21.0,21.0,22.0,22.0,22.0,22.0,21.0,22.0,22.0,21.0,22.0,21.0,21.0,21.0,21.0,22.0,21.0,10.0,press,6,6,3.8237
1787152338.9737,2026-08-19 17:12:18.973,10,c3,1,0,-0.03943,-0.49601,0.04405,-4.8479,10.5649,-23.4702,-0.0791,-0.0027,-0.2328,4.55534,23.0,24.0,25.0,23.0,28.0,27.0,22.0,23.0,27.0,30.0,23.0,23.0,26.0,29.0,22.0,21.0,25.0,21.0,21.0,21.0,22.0,21.0,21.0,22.0,22.0,22.0,22.0,21.0,22.0,22.0,21.0,22.0,21.0,21.0,21.0,21.0,22.0,21.0,10.0,press,6,6,3.9559
1787152339.0238,2026-08-19 17:12:19.023,10,c3,1,0,-0.03947,-0.49603,0.04372,-4.4704,9.9899,-23.6941,-0.0662,0.0062,-0.2349,4.49744,22.0,25.0,24.0,22.0,27.0,26.0,22.0,23.0,28.0,32.0,25.0,22.0,26.0,29.0,24.0,19.0,26.0,23.0,21.0,21.0,22.0,21.0,21.0,22.0,22.0,22.0,22.0,21.0,22.0,22.0,21.0,22.0,21.0,21.0,21.0,21.0,22.0,21.0,10.0,press,6,6,4.471
1787152339.074,2026-08-19 17:12:19.073,10,c3,1,0,-0.03945,-0.49602,0.04339,-4.4058,10.2508,-23.2305,-0.072,0.0073,-0.2327,4.43953,22.0,25.0,24.0,22.0,27.0,26.0,22.0,23.0,28.0,32.0,25.0,22.0,26.0,29.0,24.0,19.0,26.0,23.0,21.0,21.0,22.0,21.0,21.0,22.0,22.0,22.0,22.0,21.0,22.0,22.0,21.0,22.0,21.0,21.0,21.0,21.0,22.0,21.0,10.0,press,6,6,4.9862
1787152339.1241,2026-08-19 17:12:19.124,10,c3,1,0,-0.03946,-0.49603,0.04307,-4.6021,10.3511,-22.9006,-0.0725,0.0075,-0.2398,4.37709,21.0,24.0,24.0,21.0,27.0,27.0,24.0,25.0,27.0,29.0,24.0,22.0,25.0,29.0,24.0,22.0,25.0,24.0,21.0,21.0,22.0,21.0,21.0,22.0,22.0,22.0,22.0,21.0,22.0,22.0,21.0,22.0,21.0,21.0,21.0,21.0,22.0,21.0,10.0,press,6,6,5.5417
1787152339.1742,2026-08-19 17:12:19.174,10,c3,1,0,-0.03946,-0.49604,0.04274,-4.5753,10.2579,-22.5908,-0.0703,0.0066,-0.2381,4.28418,23.0,24.0,21.0,23.0,29.0,26.0,23.0,23.0,28.0,31.0,23.0,20.0,26.0,30.0,23.0,20.0,25.0,22.0,22.0,21.0,22.0,21.0,21.0,22.0,22.0,22.0,22.0,21.0,22.0,22.0,21.0,22.0,21.0,21.0,21.0,21.0,22.0,21.0,10.0,press,6,6,6.3682
1787152339.2243,2026-08-19 17:12:19.224,10,c3,1,0,-0.03945,-0.49605,0.04243,-5.3266,10.731,-22.1282,-0.0819,-0.0106,-0.2432,4.20588,23.0,24.0,21.0,23.0,29.0,26.0,23.0,23.0,28.0,31.0,23.0,20.0,26.0,30.0,23.0,20.0,25.0,22.0,22.0,21.0,22.0,21.0,21.0,22.0,22.0,22.0,22.0,21.0,22.0,22.0,21.0,22.0,21.0,21.0,21.0,21.0,22.0,21.0,10.0,press,6,6,7.0648
1787152339.2745,2026-08-19 17:12:19.274,10,c3,1,0,-0.03945,-0.49605,0.04214,-4.7319,10.5331,-21.9844,-0.0751,0.0031,-0.2449,4.10794,22.0,24.0,21.0,22.0,29.0,27.0,23.0,24.0,29.0,30.0,24.0,21.0,26.0,32.0,25.0,20.0,25.0,24.0,21.0,21.0,22.0,21.0,21.0,22.0,22.0,22.0,22.0,21.0,22.0,22.0,21.0,22.0,21.0,21.0,21.0,21.0,22.0,21.0,10.0,press,6,6,7.9361
1787152339.3246,2026-08-19 17:12:19.324,10,c3,1,0,-0.03945,-0.49605,0.04185,-4.7201,10.6622,-21.7237,-0.079,0.0042,-0.242,4.02737,22.0,24.0,21.0,22.0,29.0,27.0,23.0,24.0,29.0,30.0,24.0,21.0,26.0,32.0,25.0,20.0,25.0,24.0,21.0,21.0,22.0,21.0,21.0,22.0,22.0,22.0,22.0,21.0,22.0,22.0,21.0,22.0,21.0,21.0,21.0,21.0,22.0,21.0,10.0,press,6,6,8.6529
1787152339.3747,2026-08-19 17:12:19.374,10,c3,1,0,-0.03944,-0.496,0.04161,-4.6238,10.7493,-21.3941,-0.0794,0.0072,-0.2317,3.94076,21.0,23.0,20.0,21.0,27.0,28.0,23.0,25.0,30.0,31.0,24.0,21.0,28.0,33.0,23.0,22.0,26.0,22.0,24.0,21.0,22.0,21.0,21.0,22.0,22.0,22.0,22.0,21.0,22.0,22.0,21.0,22.0,21.0,21.0,21.0,21.0,22.0,21.0,10.0,press,6,6,9.4234
1787152339.4248,2026-08-19 17:12:19.424,10,c3,1,0,-0.03944,-0.496,0.04141,-4.5393,10.6568,-21.147,-0.0752,0.0123,-0.23,3.88034,24.0,25.0,20.0,24.0,30.0,29.0,23.0,23.0,31.0,30.0,24.0,20.0,28.0,34.0,23.0,21.0,25.0,23.0,23.0,21.0,22.0,21.0,21.0,22.0,22.0,22.0,22.0,21.0,22.0,22.0,21.0,22.0,21.0,21.0,21.0,21.0,22.0,21.0,10.0,press,6,6,9.961
1787152339.4749,2026-08-19 17:12:19.474,10,c3,1,0,-0.03946,-0.49602,0.04128,-4.7161,10.3422,-20.9651,-0.0702,0.009,-0.2327,3.82092,24.0,25.0,20.0,24.0,30.0,29.0,23.0,23.0,31.0,30.0,24.0,20.0,28.0,34.0,23.0,21.0,25.0,23.0,23.0,21.0,22.0,21.0,21.0,22.0,22.0,22.0,22.0,21.0,22.0,22.0,21.0,22.0,21.0,21.0,21.0,21.0,22.0,21.0,10.0,press,6,6,10.4896
1787152339.525,2026-08-19 17:12:19.525,10,c3,1,0,-0.03943,-0.49601,0.04115,-4.8405,10.4113,-21.0224,-0.0698,0.0059,-0.2371,3.79599,21.0,25.0,20.0,21.0,32.0,29.0,24.0,23.0,31.0,31.0,24.0,20.0,28.0,35.0,24.0,19.0,26.0,22.0,23.0,21.0,22.0,21.0,21.0,22.0,22.0,22.0,22.0,21.0,22.0,22.0,21.0,22.0,21.0,21.0,21.0,21.0,22.0,21.0,10.0,press,6,6,10.7114
1787152339.5751,2026-08-19 17:12:19.575,10,c3,1,0,-0.03944,-0.49602,0.04107,-4.4596,10.1881,-20.8706,-0.0653,0.0152,-0.2315,3.75496,21.0,25.0,20.0,21.0,32.0,29.0,24.0,23.0,31.0,31.0,24.0,20.0,28.0,35.0,24.0,19.0,26.0,22.0,23.0,21.0,22.0,21.0,21.0,22.0,22.0,22.0,22.0,21.0,22.0,22.0,21.0,22.0,21.0,21.0,21.0,21.0,22.0,21.0,10.0,press,6,6,11.0765
1787152339.6252,2026-08-19 17:12:19.625,10,c3,1,0,-0.03942,-0.49602,0.041,-4.6306,10.4674,-20.6354,-0.0723,0.0119,-0.2339,3.73356,22.0,24.0,21.0,21.0,31.0,30.0,23.0,26.0,33.0,32.0,23.0,23.0,28.0,36.0,22.0,23.0,26.0,23.0,25.0,21.0,22.0,21.0,21.0,22.0,22.0,22.0,22.0,21.0,22.0,22.0,21.0,22.0,21.0,21.0,21.0,21.0,22.0,21.0,10.0,press,6,6,11.2669
1787152339.6753,2026-08-19 17:12:19.675,10,c3,1,0,-0.03944,-0.49602,0.04097,-4.691,10.0712,-20.4221,-0.0598,0.0095,-0.236,3.72852,22.0,24.0,21.0,21.0,31.0,30.0,23.0,26.0,33.0,32.0,23.0,23.0,28.0,36.0,22.0,23.0,26.0,23.0,25.0,21.0,22.0,21.0,21.0,22.0,22.0,22.0,22.0,21.0,22.0,22.0,21.0,22.0,21.0,21.0,21.0,21.0,22.0,21.0,10.0,press,6,6,11.3116
1787152339.7254,2026-08-19 17:12:19.725,10,c3,1,0,-0.03944,-0.49602,0.04096,-4.4252,10.2662,-20.7772,-0.0683,0.0166,-0.2358,3.73179,24.0,24.0,22.0,24.0,32.0,32.0,22.0,25.0,31.0,32.0,21.0,22.0,27.0,36.0,22.0,21.0,26.0,21.0,24.0,21.0,22.0,21.0,21.0,22.0,22.0,22.0,22.0,21.0,22.0,22.0,21.0,22.0,21.0,21.0,21.0,21.0,22.0,21.0,10.0,hold,6,6,11.2825
1787152339.7756,2026-08-19 17:12:19.775,10,c3,1,0,-0.03945,-0.49601,0.04092,-4.7461,10.7099,-20.25,-0.0763,0.0083,-0.2328,3.72122,23.0,24.0,22.0,23.0,32.0,32.0,20.0,25.0,31.0,32.0,23.0,22.0,29.0,37.0,22.0,21.0,26.0,22.0,22.0,21.0,22.0,21.0,21.0,22.0,22.0,22.0,22.0,21.0,22.0,22.0,21.0,22.0,21.0,21.0,21.0,21.0,22.0,21.0,10.0,hold,6,6,11.3766
1787152339.8257,2026-08-19 17:12:19.825,10,c3,1,0,-0.03945,-0.49601,0.04092,-4.7137,10.5469,-20.3779,-0.0757,0.0089,-0.2416,3.71316,23.0,24.0,22.0,23.0,32.0,32.0,20.0,25.0,31.0,32.0,23.0,22.0,29.0,37.0,22.0,21.0,26.0,22.0,22.0,21.0,22.0,21.0,21.0,22.0,22.0,22.0,22.0,21.0,22.0,22.0,21.0,22.0,21.0,21.0,21.0,21.0,22.0,21.0,10.0,hold,6,6,11.4483
1787152339.8758,2026-08-19 17:12:19.875,10,c3,1,0,-0.03943,-0.496,0.04091,-4.2346,10.1584,-20.6006,-0.064,0.0198,-0.2323,3.72197,23.0,24.0,21.0,22.0,32.0,32.0,22.0,25.0,33.0,33.0,25.0,22.0,29.0,37.0,24.0,22.0,27.0,25.0,24.0,21.0,22.0,21.0,21.0,22.0,22.0,22.0,22.0,21.0,22.0,22.0,21.0,22.0,21.0,21.0,21.0,21.0,22.0,21.0,10.0,hold,6,6,11.3699
1787152339.9259,2026-08-19 17:12:19.925,10,c3,1,0,-0.03944,-0.49602,0.04092,-4.5042,10.2344,-20.6166,-0.0651,0.0147,-0.2313,3.72323,23.0,24.0,21.0,22.0,32.0,32.0,22.0,25.0,33.0,33.0,25.0,22.0,29.0,37.0,24.0,22.0,27.0,25.0,24.0,21.0,22.0,21.0,21.0,22.0,22.0,22.0,22.0,21.0,22.0,22.0,21.0,22.0,21.0,21.0,21.0,21.0,22.0,21.0,10.0,hold,6,6,11.3587
1787152339.976,2026-08-19 17:12:19.976,10,c3,1,0,-0.03945,-0.496,0.04091,-4.7532,10.2626,-20.5687,-0.0672,0.0078,-0.2399,3.72575,23.0,24.0,21.0,23.0,33.0,33.0,24.0,26.0,33.0,33.0,23.0,22.0,29.0,37.0,23.0,22.0,27.0,22.0,23.0,21.0,22.0,21.0,21.0,22.0,22.0,22.0,22.0,21.0,22.0,22.0,21.0,22.0,21.0,21.0,21.0,21.0,22.0,21.0,10.0,hold,6,6,11.3363
1787152340.0261,2026-08-19 17:12:20.026,10,c3,1,0,-0.03943,-0.49599,0.04089,-5.007,10.8048,-20.8913,-0.0811,0.0031,-0.2336,3.72776,23.0,24.0,21.0,22.0,32.0,33.0,23.0,27.0,32.0,32.0,22.0,23.0,28.0,38.0,23.0,23.0,27.0,22.0,25.0,21.0,22.0,21.0,21.0,22.0,22.0,22.0,22.0,21.0,22.0,22.0,21.0,22.0,21.0,21.0,21.0,21.0,22.0,21.0,10.0,hold,6,6,11.3184
1787152340.0762,2026-08-19 17:12:20.076,10,c3,1,0,-0.03946,-0.49601,0.0409,-4.4926,10.2459,-20.7766,-0.0686,0.0131,-0.2341,3.72222,23.0,24.0,21.0,22.0,32.0,33.0,23.0,27.0,32.0,32.0,22.0,23.0,28.0,38.0,23.0,23.0,27.0,22.0,25.0,21.0,22.0,21.0,21.0,22.0,22.0,22.0,22.0,21.0,22.0,22.0,21.0,22.0,21.0,21.0,21.0,21.0,22.0,21.0,10.0,hold,6,6,11.3677
1787152340.1264,2026-08-19 17:12:20.126,10,c3,1,0,-0.03943,-0.496,0.0409,-4.7718,10.5752,-20.4705,-0.074,0.0063,-0.2343,3.73356,23.0,24.0,21.0,23.0,32.0,32.0,22.0,24.0,32.0,35.0,24.0,21.0,28.0,41.0,23.0,19.0,29.0,23.0,23.0,21.0,22.0,21.0,21.0,22.0,22.0,22.0,22.0,21.0,22.0,22.0,21.0,22.0,21.0,21.0,21.0,21.0,22.0,21.0,10.0,hold,6,6,11.2669
1787152340.1765,2026-08-19 17:12:20.176,10,c3,1,0,-0.03946,-0.49601,0.04091,-4.1663,9.9958,-20.6957,-0.0602,0.0214,-0.2359,3.72524,23.0,24.0,21.0,23.0,32.0,32.0,22.0,24.0,32.0,35.0,24.0,21.0,28.0,41.0,23.0,19.0,29.0,23.0,23.0,21.0,22.0,21.0,21.0,22.0,22.0,22.0,22.0,21.0,22.0,22.0,21.0,22.0,21.0,21.0,21.0,21.0,22.0,21.0,10.0,hold,6,6,11.3408
1787152340.2266,2026-08-19 17:12:20.226,10,c3,1,0,-0.03945,-0.49601,0.04092,-4.641,10.1418,-20.9296,-0.0627,0.0102,-0.2418,3.72323,20.0,24.0,24.0,22.0,31.0,33.0,23.0,26.0,32.0,33.0,22.0,23.0,29.0,38.0,22.0,22.0,27.0,23.0,24.0,21.0,22.0,21.0,21.0,22.0,22.0,22.0,22.0,21.0,22.0,22.0,21.0,22.0,21.0,21.0,21.0,21.0,22.0,21.0,10.0,hold,6,6,11.3587
1787152340.2768,2026-08-19 17:12:20.276,10,c3,1,0,-0.03945,-0.49601,0.04091,-4.3639,10.3801,-20.9031,-0.0711,0.019,-0.2243,3.73809,22.0,25.0,22.0,22.0,32.0,33.0,22.0,24.0,31.0,32.0,22.0,22.0,28.0,38.0,23.0,22.0,27.0,22.0,25.0,21.0,22.0,21.0,21.0,22.0,22.0,22.0,22.0,21.0,22.0,22.0,21.0,22.0,21.0,21.0,21.0,21.0,22.0,21.0,10.0,hold,6,6,11.2265
1787152340.3269,2026-08-19 17:12:20.326,10,c3,1,0,-0.03943,-0.496,0.04092,-4.7134,10.6431,-20.7477,-0.0765,0.0108,-0.2312,3.72524,22.0,25.0,22.0,22.0,32.0,33.0,22.0,24.0,31.0,32.0,22.0,22.0,28.0,38.0,23.0,22.0,27.0,22.0,25.0,21.0,22.0,21.0,21.0,22.0,22.0,22.0,22.0,21.0,22.0,22.0,21.0,22.0,21.0,21.0,21.0,21.0,22.0,21.0,10.0,hold,6,6,11.3408
1787152340.377,2026-08-19 17:12:20.376,10,c3,1,0,-0.03943,-0.49602,0.04093,-4.7418,10.3628,-20.6391,-0.0654,0.0083,-0.24,3.74035,23.0,24.0,21.0,23.0,33.0,32.0,23.0,26.0,32.0,33.0,23.0,23.0,28.0,37.0,23.0,22.0,26.0,21.0,24.0,21.0,22.0,21.0,21.0,22.0,22.0,22.0,22.0,21.0,22.0,22.0,21.0,22.0,21.0,21.0,21.0,21.0,22.0,21.0,10.0,hold,6,6,11.2064
1787152340.4271,2026-08-19 17:12:20.427,10,c3,1,0,-0.03945,-0.49602,0.04092,-4.5757,10.5547,-20.599,-0.0774,0.0128,-0.2331,3.72902,23.0,24.0,21.0,23.0,33.0,32.0,23.0,26.0,32.0,33.0,23.0,23.0,28.0,37.0,23.0,22.0,26.0,21.0,24.0,21.0,22.0,21.0,21.0,22.0,22.0,22.0,22.0,21.0,22.0,22.0,21.0,22.0,21.0,21.0,21.0,21.0,22.0,21.0,10.0,hold,6,6,11.3072
1787152340.4772,2026-08-19 17:12:20.477,10,c3,1,0,-0.03945,-0.49602,0.04092,-4.5135,10.3083,-20.714,-0.0661,0.0158,-0.2341,3.73758,23.0,24.0,22.0,23.0,33.0,32.0,22.0,24.0,31.0,32.0,23.0,20.0,27.0,36.0,23.0,21.0,27.0,23.0,21.0,21.0,22.0,21.0,21.0,22.0,22.0,22.0,22.0,21.0,22.0,22.0,21.0,22.0,21.0,21.0,21.0,21.0,22.0,21.0,10.0,hold,6,6,11.231
1787152340.5273,2026-08-19 17:12:20.527,10,c3,1,0,-0.03944,-0.49603,0.04092,-4.5905,10.3567,-20.6194,-0.069,0.0123,-0.2291,3.72953,21.0,23.0,21.0,20.0,31.0,32.0,22.0,24.0,32.0,33.0,23.0,21.0,27.0,37.0,22.0,20.0,27.0,22.0,21.0,21.0,22.0,21.0,21.0,22.0,22.0,22.0,22.0,21.0,22.0,22.0,21.0,22.0,21.0,21.0,21.0,21.0,22.0,21.0,10.0,hold,6,6,11.3027
1787152340.5775,2026-08-19 17:12:20.577,10,c3,1,0,-0.03943,-0.49601,0.04091,-4.4836,10.1419,-20.7537,-0.0606,0.0169,-0.227,3.73809,21.0,23.0,21.0,20.0,31.0,32.0,22.0,24.0,32.0,33.0,23.0,21.0,27.0,37.0,22.0,20.0,27.0,22.0,21.0,21.0,22.0,21.0,21.0,22.0,22.0,22.0,22.0,21.0,22.0,22.0,21.0,22.0,21.0,21.0,21.0,21.0,22.0,21.0,10.0,hold,6,6,11.2265
1787152340.6276,2026-08-19 17:12:20.627,10,c3,1,0,-0.03944,-0.49601,0.0409,-4.6431,10.3015,-20.7746,-0.0643,0.0122,-0.2327,3.73582,23.0,24.0,22.0,22.0,32.0,32.0,23.0,24.0,32.0,34.0,24.0,20.0,27.0,38.0,23.0,21.0,27.0,22.0,22.0,21.0,22.0,21.0,21.0,22.0,22.0,22.0,22.0,21.0,22.0,22.0,21.0,22.0,21.0,21.0,21.0,21.0,22.0,21.0,10.0,hold,6,6,11.2467
1787152340.6778,2026-08-19 17:12:20.677,10,c3,1,0,-0.03945,-0.49602,0.04092,-4.4394,10.2031,-20.7553,-0.0669,0.0157,-0.2326,3.74765,23.0,24.0,22.0,22.0,32.0,32.0,23.0,24.0,32.0,34.0,24.0,20.0,27.0,38.0,23.0,21.0,27.0,22.0,22.0,21.0,22.0,21.0,21.0,22.0,22.0,22.0,22.0,21.0,22.0,22.0,21.0,22.0,21.0,21.0,21.0,21.0,22.0,21.0,10.0,hold,6,6,11.1414
1787152340.7279,2026-08-19 17:12:20.727,10,c3,1,0,-0.03943,-0.49602,0.04092,-4.7507,10.3069,-20.8497,-0.068,0.0085,-0.2376,3.73356,21.0,25.0,23.0,20.0,32.0,32.0,24.0,26.0,32.0,32.0,23.0,22.0,28.0,37.0,23.0,22.0,27.0,22.0,25.0,21.0,22.0,21.0,21.0,22.0,22.0,22.0,22.0,21.0,22.0,22.0,21.0,22.0,21.0,21.0,21.0,21.0,22.0,21.0,10.0,hold,6,6,11.2669
1787152340.778,2026-08-19 17:12:20.777,10,c3,1,0,-0.03944,-0.49601,0.04092,-4.8781,10.6045,-20.6281,-0.0729,0.0056,-0.2332,3.73557,21.0,25.0,23.0,20.0,32.0,32.0,24.0,26.0,32.0,32.0,23.0,22.0,28.0,37.0,23.0,22.0,27.0,22.0,25.0,21.0,22.0,21.0,21.0,22.0,22.0,22.0,22.0,21.0,22.0,22.0,21.0,22.0,21.0,21.0,21.0,21.0,22.0,21.0,10.0,hold,6,6,11.2489
1787152340.8281,2026-08-19 17:12:20.828,10,c3,1,0,-0.03945,-0.49601,0.04092,-4.8475,10.4088,-20.509,-0.0699,0.0089,-0.2374,3.73758,23.0,25.0,21.0,23.0,33.0,31.0,23.0,27.0,32.0,33.0,23.0,24.0,28.0,38.0,23.0,22.0,28.0,22.0,24.0,21.0,22.0,21.0,21.0,22.0,22.0,22.0,22.0,21.0,22.0,22.0,21.0,22.0,21.0,21.0,21.0,21.0,22.0,21.0,10.0,hold,6,6,11.231
1787152340.8782,2026-08-19 17:12:20.878,10,c3,1,0,-0.03942,-0.49601,0.0409,-4.9545,11.018,-20.5816,-0.0815,0.0039,-0.2448,3.73859,24.0,22.0,23.0,24.0,31.0,33.0,22.0,25.0,33.0,33.0,22.0,22.0,28.0,37.0,22.0,22.0,26.0,20.0,24.0,21.0,22.0,21.0,21.0,22.0,22.0,22.0,22.0,21.0,22.0,22.0,21.0,22.0,21.0,21.0,21.0,21.0,22.0,21.0,10.0,hold,6,6,11.2221
1787152340.9284,2026-08-19 17:12:20.928,10,c3,1,0,-0.03943,-0.49602,0.04091,-4.7331,10.743,-20.6364,-0.0756,0.0065,-0.2383,3.74916,24.0,22.0,23.0,24.0,31.0,33.0,22.0,25.0,33.0,33.0,22.0,22.0,28.0,37.0,22.0,22.0,26.0,20.0,24.0,21.0,22.0,21.0,21.0,22.0,22.0,22.0,22.0,21.0,22.0,22.0,21.0,22.0,21.0,21.0,21.0,21.0,22.0,21.0,10.0,hold,6,6,11.128
1787152340.9785,2026-08-19 17:12:20.978,10,c3,1,0,-0.03944,-0.49601,0.04092,-4.3109,10.4201,-20.682,-0.0685,0.0223,-0.2321,3.73381,23.0,24.0,22.0,23.0,32.0,32.0,22.0,24.0,31.0,33.0,23.0,20.0,27.0,37.0,23.0,20.0,27.0,24.0,21.0,21.0,22.0,21.0,21.0,22.0,22.0,22.0,22.0,21.0,22.0,22.0,21.0,22.0,21.0,21.0,21.0,21.0,22.0,21.0,10.0,hold,6,6,11.2646
1787152341.0286,2026-08-19 17:12:21.028,10,c3,1,0,-0.03944,-0.49601,0.04092,-4.794,10.2592,-20.7326,-0.0657,0.0071,-0.2415,3.74866,23.0,24.0,22.0,23.0,32.0,32.0,22.0,24.0,31.0,33.0,23.0,20.0,27.0,37.0,23.0,20.0,27.0,24.0,21.0,21.0,22.0,21.0,21.0,22.0,22.0,22.0,22.0,21.0,22.0,22.0,21.0,22.0,21.0,21.0,21.0,21.0,22.0,21.0,10.0,hold,6,6,11.1325
1787152341.0788,2026-08-19 17:12:21.078,10,c3,1,0,-0.03946,-0.49602,0.04092,-4.7759,10.3864,-20.8322,-0.0685,0.0073,-0.2373,3.73909,22.0,23.0,21.0,21.0,31.0,32.0,22.0,24.0,32.0,32.0,24.0,22.0,28.0,37.0,23.0,19.0,26.0,24.0,21.0,21.0,22.0,21.0,21.0,22.0,22.0,22.0,22.0,21.0,22.0,22.0,21.0,22.0,21.0,21.0,21.0,21.0,22.0,21.0,10.0,hold,6,6,11.2176
1787152341.1288,2026-08-19 17:12:21.128,10,c3,1,0,-0.03944,-0.49602,0.04093,-4.5284,10.366,-20.8408,-0.069,0.0138,-0.2335,3.74564,22.0,24.0,20.0,23.0,33.0,32.0,23.0,26.0,31.0,31.0,22.0,23.0,28.0,36.0,22.0,23.0,26.0,22.0,25.0,21.0,22.0,21.0,21.0,22.0,22.0,22.0,22.0,21.0,22.0,22.0,21.0,22.0,21.0,21.0,21.0,21.0,22.0,21.0,10.0,hold,6,6,11.1593
1787152341.1789,2026-08-19 17:12:21.178,10,c3,1,0,-0.03944,-0.49601,0.04091,-4.4278,10.3699,-20.7419,-0.0665,0.0169,-0.2347,3.74086,22.0,24.0,20.0,23.0,33.0,32.0,23.0,26.0,31.0,31.0,22.0,23.0,28.0,36.0,22.0,23.0,26.0,22.0,25.0,21.0,22.0,21.0,21.0,22.0,22.0,22.0,22.0,21.0,22.0,22.0,21.0,22.0,21.0,21.0,21.0,21.0,22.0,21.0,10.0,hold,6,6,11.2019
1787152341.2291,2026-08-19 17:12:21.229,10,c3,1,0,-0.03944,-0.49602,0.04092,-4.5024,10.3626,-20.7323,-0.0714,0.0146,-0.2381,3.74363,24.0,23.0,19.0,25.0,32.0,30.0,22.0,25.0,32.0,32.0,22.0,22.0,27.0,37.0,21.0,22.0,26.0,22.0,23.0,21.0,22.0,21.0,21.0,22.0,22.0,22.0,22.0,21.0,22.0,22.0,21.0,22.0,21.0,21.0,21.0,21.0,22.0,21.0,10.0,hold,6,6,11.1773
1787152341.2792,2026-08-19 17:12:21.279,10,c3,1,0,-0.03945,-0.49602,0.04093,-4.1519,10.3847,-20.7746,-0.0716,0.0211,-0.2295,3.74488,24.0,23.0,19.0,25.0,32.0,30.0,22.0,25.0,32.0,32.0,22.0,22.0,27.0,37.0,21.0,22.0,26.0,22.0,23.0,21.0,22.0,21.0,21.0,22.0,22.0,22.0,22.0,21.0,22.0,22.0,21.0,22.0,21.0,21.0,21.0,21.0,22.0,21.0,10.0,hold,6,6,11.1661
1787152341.3293,2026-08-19 17:12:21.329,10,c3,1,0,-0.03945,-0.49603,0.04092,-4.219,10.4221,-20.9757,-0.0709,0.0206,-0.2293,3.74942,22.0,24.0,20.0,21.0,32.0,31.0,22.0,26.0,33.0,33.0,23.0,23.0,27.0,37.0,24.0,22.0,26.0,22.0,25.0,21.0,22.0,21.0,21.0,22.0,22.0,22.0,22.0,21.0,22.0,22.0,21.0,22.0,21.0,21.0,21.0,21.0,22.0,21.0,10.0,hold,6,6,11.1257
1787152341.3796,2026-08-19 17:12:21.379,10,c3,1,0,-0.03947,-0.49601,0.04091,-4.6335,10.4973,-20.6422,-0.0703,0.0097,-0.234,3.74186,23.0,24.0,21.0,22.0,32.0,32.0,22.0,23.0,31.0,35.0,23.0,20.0,28.0,38.0,23.0,20.0,27.0,23.0,21.0,21.0,22.0,21.0,21.0,22.0,22.0,22.0,22.0,21.0,22.0,22.0,21.0,22.0,21.0,21.0,21.0,21.0,22.0,21.0,10.0,hold,6,6,11.1929
1787152341.4297,2026-08-19 17:12:21.429,10,c3,1,0,-0.03945,-0.49601,0.04091,-4.7675,10.6127,-20.9442,-0.0743,0.0093,-0.2418,3.74488,23.0,24.0,21.0,22.0,32.0,32.0,22.0,23.0,31.0,35.0,23.0,20.0,28.0,38.0,23.0,20.0,27.0,23.0,21.0,21.0,22.0,21.0,21.0,22.0,22.0,22.0,22.0,21.0,22.0,22.0,21.0,22.0,21.0,21.0,21.0,21.0,22.0,21.0,10.0,hold,6,6,11.1661
1787152341.4799,2026-08-19 17:12:21.479,10,c3,1,0,-0.03944,-0.49601,0.04091,-4.7421,10.6839,-20.591,-0.0791,0.0087,-0.2301,3.7474,21.0,22.0,22.0,19.0,30.0,33.0,21.0,25.0,31.0,34.0,23.0,21.0,27.0,38.0,22.0,21.0,26.0,22.0,24.0,21.0,22.0,21.0,21.0,22.0,22.0,22.0,22.0,21.0,22.0,22.0,21.0,22.0,21.0,21.0,21.0,21.0,22.0,21.0,10.0,hold,6,6,11.1437
1787152341.53,2026-08-19 17:12:21.529,10,c3,1,0,-0.03943,-0.49602,0.04092,-4.7014,10.3822,-20.6373,-0.0688,0.0095,-0.2372,3.74967,21.0,22.0,22.0,19.0,30.0,33.0,21.0,25.0,31.0,34.0,23.0,21.0,27.0,38.0,22.0,21.0,26.0,22.0,24.0,21.0,22.0,21.0,21.0,22.0,22.0,22.0,22.0,21.0,22.0,22.0,21.0,22.0,21.0,21.0,21.0,21.0,22.0,21.0,10.0,hold,6,6,11.1235
1787152341.5801,2026-08-19 17:12:21.580,10,c3,1,0,-0.03943,-0.49601,0.04092,-4.8414,10.5006,-20.5524,-0.0732,0.0065,-0.2428,3.7396,24.0,22.0,22.0,23.0,31.0,33.0,22.0,26.0,32.0,32.0,23.0,23.0,27.0,37.0,23.0,21.0,27.0,23.0,23.0,21.0,22.0,21.0,21.0,22.0,22.0,22.0,22.0,21.0,22.0,22.0,21.0,22.0,21.0,21.0,21.0,21.0,22.0,21.0,10.0,hold,6,6,11.2131
1787152341.6303,2026-08-19 17:12:21.630,10,c3,1,0,-0.03945,-0.49601,0.04091,-4.4922,10.2218,-20.7877,-0.067,0.0146,-0.2358,3.75395,22.0,23.0,20.0,22.0,32.0,32.0,23.0,26.0,31.0,34.0,23.0,24.0,27.0,38.0,22.0,21.0,27.0,22.0,25.0,21.0,22.0,21.0,21.0,22.0,22.0,22.0,22.0,21.0,22.0,22.0,21.0,22.0,21.0,21.0,21.0,21.0,22.0,21.0,10.0,hold,6,6,11.0854
1787152341.6804,2026-08-19 17:12:21.680,10,c3,1,0,-0.03945,-0.49603,0.04092,-4.4794,10.0459,-20.9802,-0.0613,0.0148,-0.2373,3.74514,22.0,23.0,20.0,22.0,32.0,32.0,23.0,26.0,31.0,34.0,23.0,24.0,27.0,38.0,22.0,21.0,27.0,22.0,25.0,21.0,22.0,21.0,21.0,22.0,22.0,22.0,22.0,21.0,22.0,22.0,21.0,22.0,21.0,21.0,21.0,21.0,22.0,21.0,10.0,hold,6,6,11.1638
1787152341.7306,2026-08-19 17:12:21.730,10,c3,1,0,-0.03944,-0.49601,0.04091,-4.8585,10.9319,-20.7654,-0.0821,0.0042,-0.2327,3.75496,24.0,23.0,21.0,24.0,31.0,33.0,21.0,26.0,32.0,33.0,25.0,24.0,27.0,37.0,23.0,21.0,27.0,22.0,25.0,21.0,22.0,21.0,21.0,22.0,22.0,22.0,22.0,21.0,22.0,22.0,21.0,22.0,21.0,21.0,21.0,21.0,22.0,21.0,10.0,hold,6,6,11.0765
1787152341.7807,2026-08-19 17:12:21.780,10,c3,1,0,-0.03945,-0.49601,0.0409,-4.8016,10.6972,-20.6273,-0.0798,0.0049,-0.2332,3.74791,24.0,23.0,21.0,24.0,31.0,33.0,21.0,26.0,32.0,33.0,25.0,24.0,27.0,37.0,23.0,21.0,27.0,22.0,25.0,21.0,22.0,21.0,21.0,22.0,22.0,22.0,22.0,21.0,22.0,22.0,21.0,22.0,21.0,21.0,21.0,21.0,22.0,21.0,10.0,hold,6,6,11.1392
1787152341.8309,2026-08-19 17:12:21.830,10,c3,1,0,-0.03942,-0.496,0.04091,-4.8821,10.4996,-20.7061,-0.074,0.0059,-0.2348,3.75546,26.0,25.0,21.0,24.0,33.0,32.0,24.0,26.0,31.0,32.0,22.0,23.0,27.0,38.0,22.0,22.0,26.0,21.0,25.0,21.0,22.0,21.0,21.0,22.0,22.0,22.0,22.0,21.0,22.0,22.0,21.0,22.0,21.0,21.0,21.0,21.0,22.0,21.0,10.0,hold,6,6,11.072
1787152341.881,2026-08-19 17:12:21.880,10,c3,1,0,-0.03945,-0.49601,0.04091,-4.8126,10.4651,-20.9123,-0.0729,0.0088,-0.2314,3.7464,26.0,25.0,21.0,24.0,33.0,32.0,24.0,26.0,31.0,32.0,22.0,23.0,27.0,38.0,22.0,22.0,26.0,21.0,25.0,21.0,22.0,21.0,21.0,22.0,22.0,22.0,22.0,21.0,22.0,22.0,21.0,22.0,21.0,21.0,21.0,21.0,22.0,21.0,10.0,hold,6,6,11.1526
1787152341.9311,2026-08-19 17:12:21.931,10,c3,1,0,-0.03945,-0.49602,0.04092,-4.7076,10.2754,-20.692,-0.0678,0.0105,-0.2345,3.74967,24.0,23.0,21.0,24.0,32.0,32.0,22.0,27.0,31.0,32.0,25.0,23.0,28.0,38.0,23.0,22.0,27.0,22.0,24.0,21.0,22.0,21.0,21.0,22.0,22.0,22.0,22.0,21.0,22.0,22.0,21.0,22.0,21.0,21.0,21.0,21.0,22.0,21.0,10.0,hold,6,6,11.1235
1787152341.9812,2026-08-19 17:12:21.981,10,c3,1,0,-0.03943,-0.49602,0.04092,-4.5452,10.2558,-20.9178,-0.0641,0.0156,-0.2349,3.74413,23.0,22.0,22.0,23.0,30.0,32.0,23.0,27.0,33.0,33.0,23.0,24.0,28.0,37.0,22.0,22.0,27.0,21.0,23.0,21.0,22.0,21.0,21.0,22.0,22.0,22.0,22.0,21.0,22.0,22.0,21.0,22.0,21.0,21.0,21.0,21.0,22.0,21.0,10.0,hold,6,6,11.1728
1787152342.0313,2026-08-19 17:12:22.031,10,c3,1,0,-0.03944,-0.49602,0.04092,-5.1421,10.9707,-20.749,-0.084,0.003,-0.2398,3.74388,23.0,22.0,22.0,23.0,30.0,32.0,23.0,27.0,33.0,33.0,23.0,24.0,28.0,37.0,22.0,22.0,27.0,21.0,23.0,21.0,22.0,21.0,21.0,22.0,22.0,22.0,22.0,21.0,22.0,22.0,21.0,22.0,21.0,21.0,21.0,21.0,22.0,21.0,10.0,hold,6,6,11.175
1787152342.0814,2026-08-19 17:12:22.081,10,c3,1,0,-0.03944,-0.49601,0.04091,-4.6386,10.7119,-20.6984,-0.0775,0.012,-0.2331,3.75345,23.0,23.0,22.0,23.0,32.0,32.0,22.0,26.0,32.0,33.0,23.0,22.0,27.0,36.0,24.0,22.0,25.0,22.0,25.0,21.0,22.0,21.0,21.0,22.0,22.0,22.0,22.0,21.0,22.0,22.0,21.0,22.0,21.0,21.0,21.0,21.0,22.0,21.0,10.0,hold,6,6,11.0899
1787152342.1315,2026-08-19 17:12:22.131,10,c3,1,0,-0.03944,-0.49601,0.04091,-4.9816,10.836,-20.8342,-0.0789,0.0046,-0.2397,3.74816,23.0,23.0,22.0,23.0,32.0,32.0,22.0,26.0,32.0,33.0,23.0,22.0,27.0,36.0,24.0,22.0,25.0,22.0,25.0,21.0,22.0,21.0,21.0,22.0,22.0,22.0,22.0,21.0,22.0,22.0,21.0,22.0,21.0,21.0,21.0,21.0,22.0,21.0,10.0,hold,6,6,11.1369
1787152342.1817,2026-08-19 17:12:22.181,10,c3,1,0,-0.03943,-0.49601,0.04092,-4.5882,10.453,-20.743,-0.0717,0.0133,-0.238,3.74967,23.0,23.0,21.0,23.0,33.0,31.0,24.0,26.0,32.0,33.0,22.0,22.0,28.0,38.0,21.0,21.0,27.0,22.0,24.0,21.0,22.0,21.0,21.0,22.0,22.0,22.0,22.0,21.0,22.0,22.0,21.0,22.0,21.0,21.0,21.0,21.0,22.0,21.0,10.0,hold,6,6,11.1235
1787152342.2318,2026-08-19 17:12:22.231,10,c3,1,0,-0.03944,-0.496,0.04091,-4.881,10.7183,-20.5351,-0.0769,0.0089,-0.2381,3.75848,24.0,23.0,22.0,23.0,33.0,33.0,21.0,24.0,31.0,32.0,23.0,21.0,26.0,36.0,21.0,20.0,27.0,23.0,23.0,21.0,22.0,21.0,21.0,22.0,22.0,22.0,22.0,21.0,22.0,22.0,21.0,22.0,21.0,21.0,21.0,21.0,22.0,21.0,10.0,hold,6,6,11.0451
1787152342.282,2026-08-19 17:12:22.281,10,c3,1,0,-0.03944,-0.49601,0.04092,-4.7051,10.4376,-20.7205,-0.0721,0.0111,-0.2348,3.74413,24.0,23.0,22.0,23.0,33.0,33.0,21.0,24.0,31.0,32.0,23.0,21.0,26.0,36.0,21.0,20.0,27.0,23.0,23.0,21.0,22.0,21.0,21.0,22.0,22.0,22.0,22.0,21.0,22.0,22.0,21.0,22.0,21.0,21.0,21.0,21.0,22.0,21.0,10.0,hold,6,6,11.1728
1787152342.3321,2026-08-19 17:12:22.332,10,c3,1,0,-0.03943,-0.49603,0.04093,-4.9097,10.3849,-20.4957,-0.0683,0.0063,-0.2422,3.75571,23.0,23.0,20.0,22.0,32.0,32.0,22.0,25.0,32.0,33.0,23.0,22.0,28.0,38.0,21.0,21.0,26.0,21.0,24.0,21.0,22.0,21.0,21.0,22.0,22.0,22.0,22.0,21.0,22.0,22.0,21.0,22.0,21.0,21.0,21.0,21.0,22.0,21.0,10.0,hold,6,6,11.0697
1787152342.3822,2026-08-19 17:12:22.382,10,c3,1,0,-0.03945,-0.49601,0.04092,-5.0316,10.7546,-20.5336,-0.0792,0.0011,-0.2382,3.74942,23.0,23.0,20.0,22.0,32.0,32.0,22.0,25.0,32.0,33.0,23.0,22.0,28.0,38.0,21.0,21.0,26.0,21.0,24.0,21.0,22.0,21.0,21.0,22.0,22.0,22.0,22.0,21.0,22.0,22.0,21.0,22.0,21.0,21.0,21.0,21.0,22.0,21.0,10.0,hold,6,6,11.1257
1787152342.4323,2026-08-19 17:12:22.432,10,c3,1,0,-0.03944,-0.49602,0.04093,-4.435,10.5954,-20.8228,-0.0737,0.0161,-0.2348,3.76075,23.0,24.0,21.0,22.0,32.0,31.0,21.0,26.0,31.0,32.0,24.0,22.0,27.0,37.0,22.0,20.0,26.0,22.0,23.0,21.0,22.0,21.0,21.0,22.0,22.0,22.0,22.0,21.0,22.0,22.0,21.0,22.0,21.0,21.0,21.0,21.0,22.0,21.0,10.0,hold,6,6,11.0249
1787152342.4824,2026-08-19 17:12:22.482,10,c3,1,0,-0.03945,-0.49603,0.04093,-4.3802,10.1692,-20.8883,-0.0649,0.0197,-0.2334,3.74765,22.0,23.0,21.0,22.0,32.0,31.0,23.0,24.0,32.0,34.0,23.0,20.0,27.0,37.0,23.0,20.0,27.0,23.0,22.0,21.0,22.0,21.0,21.0,22.0,22.0,22.0,22.0,21.0,22.0,22.0,21.0,22.0,21.0,21.0,21.0,21.0,22.0,21.0,10.0,hold,6,6,11.1414
1787152342.5326,2026-08-19 17:12:22.532,10,c3,1,0,-0.03945,-0.49601,0.04091,-4.6725,10.3479,-20.853,-0.0696,0.0109,-0.2295,3.75974,22.0,23.0,21.0,22.0,32.0,31.0,23.0,24.0,32.0,34.0,23.0,20.0,27.0,37.0,23.0,20.0,27.0,23.0,22.0,21.0,22.0,21.0,21.0,22.0,22.0,22.0,22.0,21.0,22.0,22.0,21.0,22.0,21.0,21.0,21.0,21.0,22.0,21.0,10.0,hold,6,6,11.0339
1787152342.5827,2026-08-19 17:12:22.582,10,c3,1,0,-0.03944,-0.49601,0.04092,-4.6966,10.587,-20.6906,-0.0752,0.0086,-0.2354,3.74765,21.0,24.0,22.0,21.0,33.0,33.0,22.0,24.0,32.0,33.0,22.0,21.0,28.0,39.0,20.0,21.0,29.0,21.0,23.0,21.0,22.0,21.0,21.0,22.0,22.0,22.0,22.0,21.0,22.0,22.0,21.0,22.0,21.0,21.0,21.0,21.0,22.0,21.0,10.0,hold,6,6,11.1414
1787152342.6329,2026-08-19 17:12:22.632,10,c3,1,0,-0.03945,-0.49601,0.04091,-4.5384,10.6872,-20.6686,-0.0783,0.0125,-0.2302,3.75647,21.0,24.0,22.0,21.0,33.0,33.0,22.0,24.0,32.0,33.0,22.0,21.0,28.0,39.0,20.0,21.0,29.0,21.0,23.0,21.0,22.0,21.0,21.0,22.0,22.0,22.0,22.0,21.0,22.0,22.0,21.0,22.0,21.0,21.0,21.0,21.0,22.0,21.0,10.0,hold,6,6,11.063
1787152342.683,2026-08-19 17:12:22.682,10,c3,1,0,-0.03945,-0.49602,0.04092,-4.6919,10.4085,-20.6782,-0.0719,0.0115,-0.2299,3.75294,21.0,23.0,22.0,22.0,32.0,33.0,21.0,25.0,31.0,33.0,23.0,20.0,28.0,38.0,22.0,21.0,27.0,22.0,22.0,21.0,22.0,21.0,21.0,22.0,22.0,22.0,22.0,21.0,22.0,22.0,21.0,22.0,21.0,21.0,21.0,21.0,22.0,21.0,10.0,hold,6,6,11.0944
1787152342.7333,2026-08-19 17:12:22.733,10,c3,1,0,-0.03943,-0.49602,0.04093,-4.5575,10.2337,-20.791,-0.0676,0.0121,-0.2333,3.75319,23.0,22.0,21.0,23.0,31.0,32.0,21.0,25.0,31.0,32.0,23.0,22.0,27.0,37.0,24.0,22.0,25.0,22.0,23.0,21.0,22.0,21.0,21.0,22.0,22.0,22.0,22.0,21.0,22.0,22.0,21.0,22.0,21.0,21.0,21.0,21.0,22.0,21.0,10.0,hold,6,6,11.0921
1787152342.7834,2026-08-19 17:12:22.783,10,c3,1,0,-0.03944,-0.49601,0.04092,-4.9399,10.5764,-20.7471,-0.0732,0.0077,-0.2336,3.76125,23.0,22.0,21.0,23.0,31.0,32.0,21.0,25.0,31.0,32.0,23.0,22.0,27.0,37.0,24.0,22.0,25.0,22.0,23.0,21.0,22.0,21.0,21.0,22.0,22.0,22.0,22.0,21.0,22.0,22.0,21.0,22.0,21.0,21.0,21.0,21.0,22.0,21.0,10.0,hold,6,6,11.0205
1787152342.8335,2026-08-19 17:12:22.833,10,c3,1,0,-0.03943,-0.49601,0.04092,-4.2627,10.166,-20.747,-0.0651,0.0206,-0.2305,3.75193,23.0,23.0,20.0,23.0,32.0,32.0,23.0,25.0,32.0,33.0,22.0,21.0,28.0,38.0,22.0,21.0,26.0,23.0,23.0,21.0,22.0,21.0,21.0,22.0,22.0,22.0,22.0,21.0,22.0,22.0,21.0,22.0,21.0,21.0,21.0,21.0,22.0,21.0,10.0,hold,6,6,11.1033
1787152342.8837,2026-08-19 17:12:22.883,10,c3,1,0,-0.03945,-0.49601,0.04091,-4.8711,10.5528,-20.6666,-0.0693,0.0075,-0.2344,3.75999,23.0,23.0,20.0,23.0,32.0,32.0,23.0,25.0,32.0,33.0,22.0,21.0,28.0,38.0,22.0,21.0,26.0,23.0,23.0,21.0,22.0,21.0,21.0,22.0,22.0,22.0,22.0,21.0,22.0,22.0,21.0,22.0,21.0,21.0,21.0,21.0,22.0,21.0,10.0,hold,6,6,11.0317
1787152342.9339,2026-08-19 17:12:22.933,10,c3,1,0,-0.03946,-0.49603,0.04094,-4.7785,10.2795,-20.752,-0.0661,0.0101,-0.2338,3.75042,23.0,24.0,21.0,22.0,32.0,33.0,22.0,25.0,32.0,32.0,24.0,23.0,27.0,37.0,22.0,21.0,27.0,22.0,23.0,21.0,22.0,21.0,21.0,22.0,22.0,22.0,22.0,21.0,22.0,22.0,21.0,22.0,21.0,21.0,21.0,21.0,22.0,21.0,10.0,hold,6,6,11.1168
1787152342.984,2026-08-19 17:12:22.983,10,c3,1,0,-0.03943,-0.49602,0.04092,-4.4998,10.1198,-20.8967,-0.0619,0.0132,-0.2349,3.75722,23.0,24.0,21.0,22.0,32.0,33.0,22.0,25.0,32.0,32.0,24.0,23.0,27.0,37.0,22.0,21.0,27.0,22.0,23.0,21.0,22.0,21.0,21.0,22.0,22.0,22.0,22.0,21.0,22.0,22.0,21.0,22.0,21.0,21.0,21.0,21.0,22.0,21.0,10.0,hold,6,6,11.0563
1787152343.0341,2026-08-19 17:12:23.034,10,c3,1,0,-0.03945,-0.49601,0.04092,-4.9595,10.7063,-20.6296,-0.077,0.0031,-0.2354,3.74992,22.0,23.0,20.0,23.0,32.0,31.0,23.0,25.0,33.0,33.0,25.0,21.0,29.0,38.0,23.0,23.0,26.0,23.0,24.0,21.0,22.0,21.0,21.0,22.0,22.0,22.0,22.0,21.0,22.0,22.0,21.0,22.0,21.0,21.0,21.0,21.0,22.0,21.0,10.0,hold,6,6,11.1213
1787152343.0842,2026-08-19 17:12:23.084,10,c3,1,0,-0.03945,-0.49602,0.04093,-4.9011,10.5199,-20.6584,-0.0736,0.0046,-0.2385,3.74942,24.0,26.0,22.0,24.0,34.0,32.0,23.0,27.0,33.0,31.0,23.0,24.0,28.0,35.0,23.0,23.0,24.0,23.0,25.0,21.0,22.0,21.0,21.0,22.0,22.0,22.0,22.0,21.0,22.0,22.0,21.0,22.0,21.0,21.0,21.0,21.0,22.0,21.0,10.0,hold,6,6,11.1257
1787152343.1344,2026-08-19 17:12:23.134,10,c3,1,0,-0.03946,-0.49603,0.04093,-4.4677,10.5382,-20.5448,-0.071,0.0162,-0.2395,3.7542,24.0,26.0,22.0,24.0,34.0,32.0,23.0,27.0,33.0,31.0,23.0,24.0,28.0,35.0,23.0,23.0,24.0,23.0,25.0,21.0,22.0,21.0,21.0,22.0,22.0,22.0,22.0,21.0,22.0,22.0,21.0,22.0,21.0,21.0,21.0,21.0,22.0,21.0,10.0,hold,6,6,11.0832
1787152343.1845,2026-08-19 17:12:23.184,10,c3,1,0,-0.03944,-0.49601,0.04091,-4.8952,10.5849,-20.6356,-0.0738,0.0068,-0.2319,3.75798,25.0,23.0,19.0,24.0,32.0,31.0,22.0,24.0,31.0,34.0,23.0,22.0,27.0,37.0,22.0,20.0,27.0,23.0,21.0,21.0,22.0,21.0,21.0,22.0,22.0,22.0,22.0,21.0,22.0,22.0,21.0,22.0,21.0,21.0,21.0,21.0,22.0,21.0,10.0,hold,6,6,11.0496
1787152343.2346,2026-08-19 17:12:23.234,10,c3,1,0,-0.03945,-0.49601,0.04091,-4.5586,10.1916,-20.9447,-0.0685,0.015,-0.2295,3.75521,25.0,23.0,19.0,24.0,32.0,31.0,22.0,24.0,31.0,34.0,23.0,22.0,27.0,37.0,22.0,20.0,27.0,23.0,21.0,21.0,22.0,21.0,21.0,22.0,22.0,22.0,22.0,21.0,22.0,22.0,21.0,22.0,21.0,21.0,21.0,21.0,22.0,21.0,10.0,hold,6,6,11.0742
1787152343.2847,2026-08-19 17:12:23.284,10,c3,1,0,-0.03943,-0.49602,0.04092,-4.7202,10.5325,-20.6919,-0.0726,0.0092,-0.2353,3.75445,22.0,24.0,22.0,22.0,33.0,32.0,22.0,26.0,33.0,33.0,23.0,22.0,29.0,36.0,23.0,21.0,26.0,22.0,23.0,21.0,22.0,21.0,21.0,22.0,22.0,22.0,22.0,21.0,22.0,22.0,21.0,22.0,21.0,21.0,21.0,21.0,22.0,21.0,10.0,hold,6,6,11.0809
1787152343.3348,2026-08-19 17:12:23.334,10,c3,1,0,-0.03945,-0.49602,0.04092,-4.8645,10.5155,-20.67,-0.0765,0.0054,-0.2385,3.75772,22.0,25.0,21.0,23.0,33.0,31.0,22.0,23.0,32.0,33.0,24.0,20.0,28.0,37.0,22.0,20.0,27.0,21.0,22.0,21.0,22.0,21.0,21.0,22.0,22.0,22.0,22.0,21.0,22.0,22.0,21.0,22.0,21.0,21.0,21.0,21.0,22.0,21.0,10.0,hold,6,6,11.0518
1787152343.3849,2026-08-19 17:12:23.384,10,c3,1,0,-0.03944,-0.49602,0.04091,-4.7355,10.5074,-20.8423,-0.0708,0.0077,-0.2373,3.75445,22.0,25.0,21.0,23.0,33.0,31.0,22.0,23.0,32.0,33.0,24.0,20.0,28.0,37.0,22.0,20.0,27.0,21.0,22.0,21.0,22.0,21.0,21.0,22.0,22.0,22.0,22.0,21.0,22.0,22.0,21.0,22.0,21.0,21.0,21.0,21.0,22.0,21.0,10.0,hold,6,6,11.0809
1787152343.4351,2026-08-19 17:12:23.435,10,c3,1,0,-0.03945,-0.49602,0.04091,-4.64,10.2638,-20.8039,-0.0665,0.0121,-0.2404,3.75621,21.0,22.0,20.0,21.0,31.0,32.0,23.0,25.0,31.0,34.0,23.0,21.0,26.0,37.0,23.0,20.0,26.0,22.0,22.0,21.0,22.0,21.0,21.0,22.0,22.0,22.0,22.0,21.0,22.0,22.0,21.0,22.0,21.0,21.0,21.0,21.0,22.0,21.0,10.0,hold,6,6,11.0653
1787152343.4851,2026-08-19 17:12:23.485,10,c3,1,0,-0.03946,-0.49601,0.04091,-4.7701,10.7462,-20.9057,-0.0809,0.0073,-0.238,3.75974,21.0,22.0,20.0,21.0,31.0,32.0,23.0,25.0,31.0,34.0,23.0,21.0,26.0,37.0,23.0,20.0,26.0,22.0,22.0,21.0,22.0,21.0,21.0,22.0,22.0,22.0,22.0,21.0,22.0,22.0,21.0,22.0,21.0,21.0,21.0,21.0,22.0,21.0,10.0,hold,6,6,11.0339
1787152343.5353,2026-08-19 17:12:23.535,10,c3,1,0,-0.03944,-0.49602,0.04091,-4.7807,10.4471,-20.7069,-0.0727,0.0082,-0.2369,3.74514,24.0,24.0,21.0,22.0,31.0,31.0,22.0,24.0,31.0,34.0,23.0,21.0,28.0,39.0,20.0,21.0,27.0,21.0,23.0,21.0,22.0,21.0,21.0,22.0,22.0,22.0,22.0,21.0,22.0,22.0,21.0,22.0,21.0,21.0,21.0,21.0,22.0,21.0,10.0,hold,6,6,11.1638
1787152343.5854,2026-08-19 17:12:23.585,10,c3,1,0,-0.03944,-0.49601,0.04092,-4.3873,10.4216,-20.9289,-0.0721,0.0149,-0.2324,3.76024,22.0,24.0,22.0,20.0,32.0,33.0,22.0,24.0,31.0,33.0,23.0,21.0,27.0,38.0,23.0,21.0,28.0,23.0,23.0,21.0,22.0,21.0,21.0,22.0,22.0,22.0,22.0,21.0,22.0,22.0,21.0,22.0,21.0,21.0,21.0,21.0,22.0,21.0,10.0,hold,6,6,11.0294
1787152343.6355,2026-08-19 17:12:23.635,10,c3,1,0,-0.03944,-0.49602,0.04091,-5.0286,11.2044,-20.906,-0.0876,0.0008,-0.2365,3.75168,22.0,24.0,22.0,20.0,32.0,33.0,22.0,24.0,31.0,33.0,23.0,21.0,27.0,38.0,23.0,21.0,28.0,23.0,23.0,21.0,22.0,21.0,21.0,22.0,22.0,22.0,22.0,21.0,22.0,22.0,21.0,22.0,21.0,21.0,21.0,21.0,22.0,21.0,10.0,hold,6,6,11.1056
1787152343.6856,2026-08-19 17:12:23.685,10,c3,1,0,-0.03944,-0.49602,0.04092,-4.4947,10.4178,-20.8458,-0.07,0.0147,-0.2388,3.75898,22.0,24.0,21.0,21.0,33.0,32.0,23.0,23.0,33.0,33.0,23.0,21.0,28.0,37.0,23.0,20.0,28.0,22.0,21.0,21.0,22.0,21.0,21.0,22.0,22.0,22.0,22.0,21.0,22.0,22.0,21.0,22.0,21.0,21.0,21.0,21.0,22.0,21.0,10.0,hold,6,6,11.0406
1787152343.7357,2026-08-19 17:12:23.735,10,c3,1,0,-0.03945,-0.49601,0.04091,-4.4818,10.6257,-20.7019,-0.0749,0.0168,-0.2369,3.75596,22.0,24.0,21.0,21.0,33.0,32.0,23.0,23.0,33.0,33.0,23.0,21.0,28.0,37.0,23.0,20.0,28.0,22.0,21.0,21.0,22.0,21.0,21.0,22.0,22.0,22.0,22.0,21.0,22.0,22.0,21.0,22.0,21.0,21.0,21.0,21.0,22.0,21.0,10.0,hold,6,6,11.0675
1787152343.7858,2026-08-19 17:12:23.785,10,c3,1,0,-0.03946,-0.49601,0.04092,-4.531,10.5202,-20.7755,-0.0756,0.0155,-0.2376,3.7537,21.0,24.0,21.0,21.0,32.0,31.0,22.0,24.0,34.0,33.0,22.0,21.0,28.0,37.0,22.0,21.0,26.0,23.0,23.0,21.0,22.0,21.0,21.0,22.0,22.0,22.0,22.0,21.0,22.0,22.0,21.0,22.0,21.0,21.0,21.0,21.0,22.0,21.0,10.0,hold,6,6,11.0877
1787152343.8358,2026-08-19 17:12:23.835,10,c3,1,0,-0.03944,-0.49601,0.04092,-4.7057,10.6857,-20.8153,-0.0767,0.01,-0.2327,3.75949,22.0,25.0,22.0,21.0,33.0,31.0,22.0,24.0,32.0,32.0,23.0,21.0,29.0,38.0,23.0,22.0,27.0,23.0,24.0,21.0,22.0,21.0,21.0,22.0,22.0,22.0,22.0,21.0,22.0,22.0,21.0,22.0,21.0,21.0,21.0,21.0,22.0,21.0,10.0,hold,6,6,11.0361
1787152343.8859,2026-08-19 17:12:23.885,10,c3,1,0,-0.03945,-0.49602,0.04093,-4.6537,10.6558,-20.7167,-0.0756,0.0104,-0.2436,3.7537,22.0,25.0,22.0,21.0,33.0,31.0,22.0,24.0,32.0,32.0,23.0,21.0,29.0,38.0,23.0,22.0,27.0,23.0,24.0,21.0,22.0,21.0,21.0,22.0,22.0,22.0,22.0,21.0,22.0,22.0,21.0,22.0,21.0,21.0,21.0,21.0,22.0,21.0,10.0,hold,6,6,11.0877
1787152343.936,2026-08-19 17:12:23.936,10,c3,1,0,-0.03944,-0.49601,0.04091,-4.6343,10.4874,-20.7969,-0.0719,0.0123,-0.2384,3.76276,23.0,25.0,22.0,22.0,33.0,32.0,23.0,26.0,33.0,33.0,22.0,23.0,30.0,36.0,23.0,22.0,24.0,23.0,23.0,21.0,22.0,21.0,21.0,22.0,22.0,22.0,22.0,21.0,22.0,22.0,21.0,22.0,21.0,21.0,21.0,21.0,22.0,21.0,10.0,hold,6,6,11.007
1787152343.9861,2026-08-19 17:12:23.986,10,c3,1,0,-0.03945,-0.49602,0.04092,-4.6045,10.6907,-20.8422,-0.075,0.0133,-0.2428,3.75924,23.0,25.0,22.0,22.0,33.0,32.0,23.0,26.0,33.0,33.0,22.0,23.0,30.0,36.0,23.0,22.0,24.0,23.0,23.0,21.0,22.0,21.0,21.0,22.0,22.0,22.0,22.0,21.0,22.0,22.0,21.0,22.0,21.0,21.0,21.0,21.0,22.0,21.0,10.0,hold,6,6,11.0384
1787152344.0362,2026-08-19 17:12:24.036,10,c3,1,0,-0.03944,-0.496,0.0409,-4.8442,10.7895,-20.6698,-0.0787,0.0074,-0.2402,3.75647,22.0,25.0,21.0,23.0,34.0,31.0,21.0,24.0,33.0,35.0,21.0,22.0,29.0,39.0,21.0,21.0,27.0,21.0,24.0,21.0,22.0,21.0,21.0,22.0,22.0,22.0,22.0,21.0,22.0,22.0,21.0,22.0,21.0,21.0,21.0,21.0,22.0,21.0,10.0,hold,6,6,11.063
1787152344.0864,2026-08-19 17:12:24.086,10,c3,1,0,-0.03945,-0.49602,0.04092,-4.5896,10.1826,-20.646,-0.0634,0.0148,-0.2355,3.74866,22.0,25.0,21.0,23.0,34.0,31.0,21.0,24.0,33.0,35.0,21.0,22.0,29.0,39.0,21.0,21.0,27.0,21.0,24.0,21.0,22.0,21.0,21.0,22.0,22.0,22.0,22.0,21.0,22.0,22.0,21.0,22.0,21.0,21.0,21.0,21.0,22.0,21.0,10.0,hold,6,6,11.1325
1787152344.1365,2026-08-19 17:12:24.136,10,c3,1,0,-0.03945,-0.49602,0.04092,-4.9084,10.6675,-20.6515,-0.075,0.0041,-0.2329,3.76175,23.0,24.0,22.0,23.0,32.0,33.0,21.0,27.0,33.0,33.0,21.0,24.0,29.0,38.0,21.0,22.0,28.0,22.0,25.0,21.0,22.0,21.0,21.0,22.0,22.0,22.0,22.0,21.0,22.0,22.0,21.0,22.0,21.0,21.0,21.0,21.0,22.0,21.0,10.0,hold,6,6,11.016
1787152344.1867,2026-08-19 17:12:24.186,10,c3,1,0,-0.03944,-0.49602,0.04092,-4.3923,10.093,-20.9263,-0.0592,0.0195,-0.2317,3.75496,25.0,25.0,21.0,24.0,35.0,32.0,22.0,25.0,34.0,32.0,21.0,21.0,30.0,37.0,19.0,21.0,26.0,21.0,23.0,21.0,22.0,21.0,21.0,22.0,22.0,22.0,22.0,21.0,22.0,22.0,21.0,22.0,21.0,21.0,21.0,21.0,22.0,21.0,10.0,hold,6,6,11.0765
1787152344.2368,2026-08-19 17:12:24.236,10,c3,1,0,-0.03944,-0.49602,0.04092,-4.5001,10.4842,-20.7589,-0.0711,0.0144,-0.2291,3.75621,25.0,25.0,21.0,24.0,35.0,32.0,22.0,25.0,34.0,32.0,21.0,21.0,30.0,37.0,19.0,21.0,26.0,21.0,23.0,21.0,22.0,21.0,21.0,22.0,22.0,22.0,22.0,21.0,22.0,22.0,21.0,22.0,21.0,21.0,21.0,21.0,22.0,21.0,10.0,hold,6,6,11.0653
1787152344.2869,2026-08-19 17:12:24.286,10,c3,1,0,-0.03943,-0.49601,0.04092,-4.2813,10.4466,-20.8459,-0.0724,0.0211,-0.2337,3.74816,21.0,24.0,21.0,21.0,34.0,31.0,21.0,25.0,33.0,32.0,24.0,21.0,30.0,36.0,24.0,21.0,26.0,22.0,22.0,21.0,22.0,21.0,21.0,22.0,22.0,22.0,22.0,21.0,22.0,22.0,21.0,22.0,21.0,21.0,21.0,21.0,22.0,21.0,10.0,hold,6,6,11.1369
1787152344.337,2026-08-19 17:12:24.337,10,c3,1,0,-0.03945,-0.49601,0.04092,-4.7633,10.6517,-20.5678,-0.0748,0.007,-0.2366,3.76528,21.0,24.0,21.0,21.0,34.0,31.0,21.0,25.0,33.0,32.0,24.0,21.0,30.0,36.0,24.0,21.0,26.0,22.0,22.0,21.0,22.0,21.0,21.0,22.0,22.0,22.0,22.0,21.0,22.0,22.0,21.0,22.0,21.0,21.0,21.0,21.0,22.0,21.0,10.0,hold,6,6,10.9846
1787152344.3871,2026-08-19 17:12:24.387,10,c3,1,0,-0.03945,-0.49601,0.04092,-4.7591,10.7079,-20.5898,-0.0782,0.0079,-0.2278,3.75747,22.0,26.0,22.0,21.0,33.0,32.0,23.0,25.0,34.0,33.0,22.0,22.0,30.0,38.0,21.0,20.0,27.0,20.0,23.0,21.0,22.0,21.0,21.0,22.0,22.0,22.0,22.0,21.0,22.0,22.0,21.0,22.0,21.0,21.0,21.0,21.0,22.0,21.0,10.0,hold,6,6,11.0541
1787152344.4373,2026-08-19 17:12:24.437,10,c3,1,0,-0.03945,-0.49601,0.04092,-4.4246,10.7302,-20.6119,-0.0775,0.0126,-0.2309,3.75596,23.0,26.0,21.0,22.0,35.0,33.0,21.0,27.0,32.0,32.0,23.0,23.0,30.0,37.0,22.0,21.0,26.0,21.0,24.0,21.0,22.0,21.0,21.0,22.0,22.0,22.0,22.0,21.0,22.0,22.0,21.0,22.0,21.0,21.0,21.0,21.0,22.0,21.0,10.0,hold,6,6,11.0675
1787152344.4874,2026-08-19 17:12:24.487,10,c3,1,0,-0.03943,-0.49601,0.04091,-4.7135,10.5218,-20.4914,-0.0731,0.0127,-0.235,3.74967,23.0,26.0,21.0,22.0,35.0,33.0,21.0,27.0,32.0,32.0,23.0,23.0,30.0,37.0,22.0,21.0,26.0,21.0,24.0,21.0,22.0,21.0,21.0,22.0,22.0,22.0,22.0,21.0,22.0,22.0,21.0,22.0,21.0,21.0,21.0,21.0,22.0,21.0,10.0,hold,6,6,11.1235
1787152344.5375,2026-08-19 17:12:24.537,10,c3,1,0,-0.03945,-0.49601,0.04092,-4.7656,10.5296,-20.5902,-0.071,0.0093,-0.2341,3.76201,22.0,24.0,21.0,23.0,32.0,31.0,23.0,26.0,32.0,34.0,23.0,22.0,28.0,38.0,21.0,22.0,27.0,22.0,24.0,21.0,22.0,21.0,21.0,22.0,22.0,22.0,22.0,21.0,22.0,22.0,21.0,22.0,21.0,21.0,21.0,21.0,22.0,21.0,10.0,hold,6,6,11.0137
1787152344.5875,2026-08-19 17:12:24.587,10,c3,1,0,-0.03943,-0.49602,0.04093,-5.0088,10.6834,-20.6454,-0.0773,0.0056,-0.2387,3.75496,22.0,24.0,21.0,23.0,32.0,31.0,23.0,26.0,32.0,34.0,23.0,22.0,28.0,38.0,21.0,22.0,27.0,22.0,24.0,21.0,22.0,21.0,21.0,22.0,22.0,22.0,22.0,21.0,22.0,22.0,21.0,22.0,21.0,21.0,21.0,21.0,22.0,21.0,10.0,hold,6,6,11.0765
1787152344.6376,2026-08-19 17:12:24.637,10,c3,1,0,-0.03946,-0.49601,0.04091,-4.5911,10.6093,-20.6821,-0.0755,0.015,-0.2329,3.75848,24.0,24.0,22.0,23.0,32.0,33.0,22.0,27.0,32.0,34.0,23.0,24.0,28.0,38.0,22.0,23.0,27.0,22.0,25.0,21.0,22.0,21.0,21.0,22.0,22.0,22.0,22.0,21.0,22.0,22.0,21.0,22.0,21.0,21.0,21.0,21.0,22.0,21.0,10.0,hold,6,6,11.0451
1787152344.6878,2026-08-19 17:12:24.687,10,c3,1,0,-0.03946,-0.49602,0.04092,-5.0309,10.4007,-20.7205,-0.0711,0.0021,-0.2345,3.75974,24.0,23.0,22.0,24.0,32.0,33.0,23.0,22.0,30.0,34.0,23.0,20.0,26.0,38.0,22.0,20.0,27.0,22.0,21.0,21.0,22.0,21.0,21.0,22.0,22.0,22.0,22.0,21.0,22.0,22.0,21.0,22.0,21.0,21.0,21.0,21.0,22.0,21.0,10.0,hold,6,6,11.0339
1787152344.7379,2026-08-19 17:12:24.737,10,c3,1,0,-0.03944,-0.49601,0.04091,-4.3627,10.4864,-20.7926,-0.0704,0.0194,-0.2273,3.76352,24.0,23.0,22.0,24.0,32.0,33.0,23.0,22.0,30.0,34.0,23.0,20.0,26.0,38.0,22.0,20.0,27.0,22.0,21.0,21.0,22.0,21.0,21.0,22.0,22.0,22.0,22.0,21.0,22.0,22.0,21.0,22.0,21.0,21.0,21.0,21.0,22.0,21.0,10.0,hold,6,6,11.0003
1787152344.788,2026-08-19 17:12:24.788,10,c3,1,0,-0.03944,-0.49602,0.04092,-4.7222,10.2675,-20.8435,-0.068,0.0098,-0.2307,3.75521,22.0,23.0,21.0,20.0,33.0,33.0,22.0,24.0,32.0,32.0,23.0,21.0,28.0,37.0,23.0,21.0,26.0,23.0,23.0,21.0,22.0,21.0,21.0,22.0,22.0,22.0,22.0,21.0,22.0,22.0,21.0,22.0,21.0,21.0,21.0,21.0,22.0,21.0,10.0,hold,6,6,11.0742
1787152344.8381,2026-08-19 17:12:24.838,10,c3,1,0,-0.03944,-0.49602,0.04093,-4.5006,10.3851,-20.8958,-0.0725,0.0165,-0.2271,3.76603,22.0,23.0,21.0,20.0,33.0,33.0,22.0,24.0,32.0,32.0,23.0,21.0,28.0,37.0,23.0,21.0,26.0,23.0,23.0,21.0,22.0,21.0,21.0,22.0,22.0,22.0,22.0,21.0,22.0,22.0,21.0,22.0,21.0,21.0,21.0,21.0,22.0,21.0,10.0,hold,6,6,10.9779
1787152344.8883,2026-08-19 17:12:24.888,10,c3,1,0,-0.03945,-0.49602,0.04092,-4.5403,10.445,-20.8021,-0.0744,0.0153,-0.2365,3.7537,23.0,24.0,21.0,21.0,32.0,30.0,23.0,27.0,32.0,35.0,24.0,23.0,28.0,39.0,23.0,22.0,28.0,24.0,25.0,21.0,22.0,21.0,21.0,22.0,22.0,22.0,22.0,21.0,22.0,22.0,21.0,22.0,21.0,21.0,21.0,21.0,22.0,21.0,10.0,hold,6,6,11.0877
1787152344.9384,2026-08-19 17:12:24.938,10,c3,1,0,-0.03944,-0.49601,0.04091,-4.536,10.4903,-20.7318,-0.0724,0.0165,-0.2298,3.75395,24.0,25.0,21.0,23.0,33.0,32.0,24.0,23.0,34.0,34.0,23.0,20.0,30.0,38.0,23.0,21.0,26.0,23.0,23.0,21.0,22.0,21.0,21.0,22.0,22.0,22.0,22.0,21.0,22.0,22.0,21.0,22.0,21.0,21.0,21.0,21.0,22.0,21.0,10.0,hold,6,6,11.0854
1787152344.9885,2026-08-19 17:12:24.988,10,c3,1,0,-0.03945,-0.49601,0.04093,-4.6002,10.4044,-20.8962,-0.0704,0.0138,-0.2285,3.76377,24.0,25.0,21.0,23.0,33.0,32.0,24.0,23.0,34.0,34.0,23.0,20.0,30.0,38.0,23.0,21.0,26.0,23.0,23.0,21.0,22.0,21.0,21.0,22.0,22.0,22.0,22.0,21.0,22.0,22.0,21.0,22.0,21.0,21.0,21.0,21.0,22.0,21.0,10.0,hold,6,6,10.9981
1787152345.0387,2026-08-19 17:12:25.038,10,c3,1,0,-0.03943,-0.49602,0.04092,-4.5633,10.7626,-20.7124,-0.0768,0.0126,-0.2348,3.7537,23.0,25.0,21.0,22.0,33.0,32.0,23.0,24.0,31.0,32.0,22.0,21.0,28.0,37.0,21.0,19.0,26.0,21.0,22.0,21.0,22.0,21.0,21.0,22.0,22.0,22.0,22.0,21.0,22.0,22.0,21.0,22.0,21.0,21.0,21.0,21.0,22.0,21.0,10.0,hold,6,6,11.0877
1787152345.0888,2026-08-19 17:12:25.088,10,c3,1,0,-0.03946,-0.49603,0.04092,-4.7412,10.5488,-20.8146,-0.0733,0.0066,-0.2299,3.76503,23.0,25.0,21.0,22.0,33.0,32.0,23.0,24.0,31.0,32.0,22.0,21.0,28.0,37.0,21.0,19.0,26.0,21.0,22.0,21.0,22.0,21.0,21.0,22.0,22.0,22.0,22.0,21.0,22.0,22.0,21.0,22.0,21.0,21.0,21.0,21.0,22.0,21.0,10.0,hold,6,6,10.9869
1787152345.1389,2026-08-19 17:12:25.138,10,c3,1,0,-0.03944,-0.49602,0.04092,-4.4399,10.3753,-21.0197,-0.0687,0.0179,-0.2325,3.75571,21.0,24.0,20.0,21.0,32.0,31.0,22.0,25.0,31.0,32.0,23.0,22.0,27.0,38.0,23.0,22.0,27.0,23.0,23.0,21.0,22.0,21.0,21.0,22.0,22.0,22.0,22.0,21.0,22.0,22.0,21.0,22.0,21.0,21.0,21.0,21.0,22.0,21.0,10.0,hold,6,6,11.0697
1787152345.189,2026-08-19 17:12:25.188,10,c3,1,0,-0.03945,-0.49601,0.04092,-4.6947,10.3312,-20.8271,-0.0673,0.0116,-0.235,3.75772,21.0,24.0,20.0,21.0,32.0,31.0,22.0,25.0,31.0,32.0,23.0,22.0,27.0,38.0,23.0,22.0,27.0,23.0,23.0,21.0,22.0,21.0,21.0,22.0,22.0,22.0,22.0,21.0,22.0,22.0,21.0,22.0,21.0,21.0,21.0,21.0,22.0,21.0,10.0,hold,6,6,11.0518
1787152345.239,2026-08-19 17:12:25.239,10,c3,1,0,-0.03945,-0.49601,0.04093,-4.5863,10.3472,-20.9328,-0.0696,0.0143,-0.2357,3.75571,22.0,23.0,21.0,22.0,32.0,33.0,22.0,26.0,33.0,33.0,23.0,22.0,29.0,37.0,23.0,22.0,26.0,23.0,24.0,21.0,22.0,21.0,21.0,22.0,22.0,22.0,22.0,21.0,22.0,22.0,21.0,22.0,21.0,21.0,21.0,21.0,22.0,21.0,10.0,hold,6,6,11.0697
1787152345.2892,2026-08-19 17:12:25.289,10,c3,1,0,-0.03945,-0.49601,0.04092,-4.8101,10.5998,-20.5715,-0.0721,0.0088,-0.2324,3.75672,23.0,24.0,21.0,24.0,34.0,32.0,23.0,25.0,33.0,32.0,23.0,21.0,29.0,36.0,22.0,20.0,27.0,22.0,24.0,21.0,22.0,21.0,21.0,22.0,22.0,22.0,22.0,21.0,22.0,22.0,21.0,22.0,21.0,21.0,21.0,21.0,22.0,21.0,10.0,hold,6,6,11.0608
1787152345.3393,2026-08-19 17:12:25.339,10,c3,1,0,-0.03946,-0.49602,0.04092,-4.8121,10.4899,-20.8044,-0.0705,0.0063,-0.2346,3.76276,23.0,24.0,21.0,24.0,34.0,32.0,23.0,25.0,33.0,32.0,23.0,21.0,29.0,36.0,22.0,20.0,27.0,22.0,24.0,21.0,22.0,21.0,21.0,22.0,22.0,22.0,22.0,21.0,22.0,22.0,21.0,22.0,21.0,21.0,21.0,21.0,22.0,21.0,10.0,hold,6,6,11.007
1787152345.3894,2026-08-19 17:12:25.389,10,c3,1,0,-0.03944,-0.49602,0.04093,-4.5369,10.6498,-20.8622,-0.0788,0.0166,-0.2329,3.75647,23.0,25.0,22.0,22.0,34.0,31.0,23.0,25.0,32.0,33.0,24.0,22.0,28.0,38.0,23.0,21.0,26.0,23.0,23.0,21.0,22.0,21.0,21.0,22.0,22.0,22.0,22.0,21.0,22.0,22.0,21.0,22.0,21.0,21.0,21.0,21.0,22.0,21.0,10.0,hold,6,6,11.063
1787152345.4395,2026-08-19 17:12:25.439,10,c3,1,0,-0.03945,-0.49601,0.04092,-4.3768,10.2074,-20.9541,-0.0635,0.0211,-0.2281,3.76452,23.0,25.0,22.0,22.0,34.0,31.0,23.0,25.0,32.0,33.0,24.0,22.0,28.0,38.0,23.0,21.0,26.0,23.0,23.0,21.0,22.0,21.0,21.0,22.0,22.0,22.0,22.0,21.0,22.0,22.0,21.0,22.0,21.0,21.0,21.0,21.0,22.0,21.0,10.0,hold,6,6,10.9913
1787152345.4897,2026-08-19 17:12:25.489,10,c3,1,0,-0.03945,-0.49601,0.04092,-4.4847,10.6546,-20.6326,-0.076,0.0152,-0.2365,3.75571,23.0,25.0,21.0,22.0,33.0,33.0,23.0,26.0,32.0,31.0,23.0,23.0,28.0,36.0,21.0,22.0,24.0,21.0,23.0,21.0,22.0,21.0,21.0,22.0,22.0,22.0,22.0,21.0,22.0,22.0,21.0,22.0,21.0,21.0,21.0,21.0,22.0,21.0,10.0,hold,6,6,11.0697
1787152345.5398,2026-08-19 17:12:25.539,10,c3,1,0,-0.03942,-0.49601,0.04091,-4.9523,10.3305,-20.914,-0.0651,0.0069,-0.2374,3.76427,24.0,24.0,18.0,24.0,33.0,29.0,23.0,25.0,31.0,33.0,24.0,21.0,27.0,37.0,23.0,21.0,27.0,22.0,23.0,21.0,22.0,21.0,21.0,22.0,22.0,22.0,22.0,21.0,22.0,22.0,21.0,22.0,21.0,21.0,21.0,21.0,22.0,21.0,10.0,hold,6,6,10.9936
1787152345.5899,2026-08-19 17:12:25.589,10,c3,1,0,-0.03947,-0.49602,0.04092,-4.6335,10.3569,-20.9089,-0.0692,0.0117,-0.2337,3.75747,24.0,24.0,18.0,24.0,33.0,29.0,23.0,25.0,31.0,33.0,24.0,21.0,27.0,37.0,23.0,21.0,27.0,22.0,23.0,21.0,22.0,21.0,21.0,22.0,22.0,22.0,22.0,21.0,22.0,22.0,21.0,22.0,21.0,21.0,21.0,21.0,22.0,21.0,10.0,hold,6,6,11.0541
1787152345.64,2026-08-19 17:12:25.640,10,c3,1,0,-0.03944,-0.49601,0.04091,-4.8045,10.4067,-20.8152,-0.0697,0.0062,-0.2359,3.75697,23.0,24.0,21.0,22.0,33.0,32.0,22.0,27.0,32.0,32.0,24.0,23.0,27.0,37.0,23.0,23.0,26.0,23.0,23.0,21.0,22.0,21.0,21.0,22.0,22.0,22.0,22.0,21.0,22.0,22.0,21.0,22.0,21.0,21.0,21.0,21.0,22.0,21.0,10.0,hold,6,6,11.0585
1787152345.6901,2026-08-19 17:12:25.690,10,c3,1,0,-0.03944,-0.49601,0.04092,-5.0411,10.6108,-20.6034,-0.0731,0.0038,-0.238,3.76905,23.0,24.0,21.0,22.0,33.0,32.0,22.0,27.0,32.0,32.0,24.0,23.0,27.0,37.0,23.0,23.0,26.0,23.0,23.0,21.0,22.0,21.0,21.0,22.0,22.0,22.0,22.0,21.0,22.0,22.0,21.0,22.0,21.0,21.0,21.0,21.0,22.0,21.0,10.0,hold,6,6,10.951
1787152345.7402,2026-08-19 17:12:25.740,10,c3,0,0,-0.03945,-0.49602,0.04092,-4.8032,10.403,-20.9151,-0.0698,0.0084,-0.2367,3.76578,24.0,23.0,21.0,24.0,32.0,32.0,24.0,27.0,31.0,33.0,25.0,23.0,26.0,37.0,23.0,23.0,28.0,24.0,25.0,21.0,22.0,21.0,21.0,22.0,22.0,22.0,22.0,21.0,22.0,22.0,21.0,22.0,21.0,21.0,21.0,21.0,22.0,21.0,10.0,retract,6,6,10.9801
1787152345.7904,2026-08-19 17:12:25.790,10,c3,0,0,-0.03944,-0.49601,0.04095,-4.7272,10.469,-20.7784,-0.0745,0.0088,-0.2364,3.77334,24.0,23.0,20.0,23.0,31.0,32.0,24.0,24.0,33.0,34.0,23.0,22.0,29.0,38.0,22.0,22.0,27.0,22.0,23.0,21.0,22.0,21.0,21.0,22.0,22.0,22.0,22.0,21.0,22.0,22.0,21.0,22.0,21.0,21.0,21.0,21.0,22.0,21.0,10.0,retract,6,6,10.9129
1787152345.8405,2026-08-19 17:12:25.840,10,c3,0,0,-0.03943,-0.496,0.04102,-4.3912,10.5629,-21.1115,-0.0748,0.0153,-0.2271,3.81312,24.0,23.0,20.0,23.0,31.0,32.0,24.0,24.0,33.0,34.0,23.0,22.0,29.0,38.0,22.0,22.0,27.0,22.0,23.0,21.0,22.0,21.0,21.0,22.0,22.0,22.0,22.0,21.0,22.0,22.0,21.0,22.0,21.0,21.0,21.0,21.0,22.0,21.0,10.0,retract,6,6,10.559
1787152345.8906,2026-08-19 17:12:25.890,10,c3,0,0,-0.03943,-0.496,0.04111,-4.7139,10.719,-21.0582,-0.0773,0.0086,-0.2359,3.84459,24.0,25.0,22.0,22.0,34.0,32.0,23.0,25.0,31.0,34.0,23.0,21.0,28.0,38.0,24.0,21.0,26.0,24.0,23.0,21.0,22.0,21.0,21.0,22.0,22.0,22.0,22.0,21.0,22.0,22.0,21.0,22.0,21.0,21.0,21.0,21.0,22.0,21.0,10.0,retract,6,6,10.2791
1787152345.9408,2026-08-19 17:12:25.940,10,c3,0,0,-0.03944,-0.49601,0.04128,-4.6824,10.4576,-21.4109,-0.0748,0.0092,-0.2293,3.92666,24.0,25.0,22.0,22.0,34.0,32.0,23.0,25.0,31.0,34.0,23.0,21.0,28.0,38.0,24.0,21.0,26.0,24.0,23.0,21.0,22.0,21.0,21.0,22.0,22.0,22.0,22.0,21.0,22.0,22.0,21.0,22.0,21.0,21.0,21.0,21.0,22.0,21.0,10.0,retract,6,6,9.5489
1787152345.9909,2026-08-19 17:12:25.990,10,c3,0,0,-0.03946,-0.496,0.04148,-4.4702,10.1433,-21.6039,-0.0687,0.0134,-0.2284,3.99338,23.0,24.0,22.0,22.0,31.0,33.0,23.0,25.0,31.0,34.0,23.0,21.0,27.0,38.0,22.0,21.0,27.0,21.0,23.0,21.0,22.0,21.0,21.0,22.0,22.0,22.0,22.0,21.0,22.0,22.0,21.0,22.0,21.0,21.0,21.0,21.0,22.0,21.0,10.0,retract,6,6,8.9553
1787152346.0409,2026-08-19 17:12:26.040,10,c3,0,0,-0.03944,-0.49599,0.04169,-4.8764,10.9087,-21.9522,-0.0884,0.0024,-0.2447,4.08428,24.0,23.0,22.0,23.0,32.0,34.0,23.0,25.0,30.0,33.0,22.0,23.0,27.0,38.0,22.0,22.0,28.0,23.0,25.0,21.0,22.0,21.0,21.0,22.0,22.0,22.0,22.0,21.0,22.0,22.0,21.0,22.0,21.0,21.0,21.0,21.0,22.0,21.0,10.0,retract,6,6,8.1467
1787152346.0911,2026-08-19 17:12:26.091,10,c3,0,0,-0.03944,-0.49598,0.04192,-4.7431,10.5421,-22.2369,-0.076,0.0087,-0.2302,4.14521,24.0,23.0,22.0,23.0,32.0,34.0,23.0,25.0,30.0,33.0,22.0,23.0,27.0,38.0,22.0,22.0,28.0,23.0,25.0,21.0,22.0,21.0,21.0,22.0,22.0,22.0,22.0,21.0,22.0,22.0,21.0,22.0,21.0,21.0,21.0,21.0,22.0,21.0,10.0,retract,6,6,7.6046
1787152346.1412,2026-08-19 17:12:26.141,10,c3,0,0,-0.03943,-0.49598,0.04218,-4.7082,10.8783,-22.4363,-0.0865,0.0071,-0.2262,4.22225,25.0,22.0,22.0,23.0,31.0,33.0,23.0,23.0,31.0,30.0,24.0,19.0,27.0,35.0,24.0,21.0,26.0,24.0,23.0,21.0,22.0,21.0,21.0,22.0,22.0,22.0,22.0,21.0,22.0,22.0,21.0,22.0,21.0,21.0,21.0,21.0,22.0,21.0,10.0,retract,6,6,6.9192
1787152346.1913,2026-08-19 17:12:26.191,10,c3,0,0,-0.03944,-0.49597,0.04249,-4.749,10.6617,-22.904,-0.0822,0.0033,-0.2352,4.31289,25.0,22.0,22.0,23.0,31.0,33.0,23.0,23.0,31.0,30.0,24.0,19.0,27.0,35.0,24.0,21.0,26.0,24.0,23.0,21.0,22.0,21.0,21.0,22.0,22.0,22.0,22.0,21.0,22.0,22.0,21.0,22.0,21.0,21.0,21.0,21.0,22.0,21.0,10.0,retract,6,6,6.1129
1787152346.2415,2026-08-19 17:12:26.241,10,c3,0,0,-0.03943,-0.49595,0.0428,-4.2148,10.331,-23.2682,-0.0765,0.0201,-0.2266,4.39975,22.0,23.0,20.0,20.0,32.0,32.0,23.0,23.0,29.0,29.0,25.0,20.0,27.0,34.0,24.0,20.0,26.0,23.0,23.0,21.0,22.0,21.0,21.0,22.0,22.0,22.0,22.0,21.0,22.0,22.0,21.0,22.0,21.0,21.0,21.0,21.0,22.0,21.0,10.0,retract,6,6,5.3401
1787152346.2916,2026-08-19 17:12:26.291,10,c3,0,0,-0.03946,-0.49601,0.04316,-4.515,10.039,-23.3331,-0.0704,0.0065,-0.2351,4.46521,22.0,23.0,20.0,20.0,32.0,32.0,23.0,23.0,29.0,29.0,25.0,20.0,27.0,34.0,24.0,20.0,26.0,23.0,23.0,21.0,22.0,21.0,21.0,22.0,22.0,22.0,22.0,21.0,22.0,22.0,21.0,22.0,21.0,21.0,21.0,21.0,22.0,21.0,10.0,retract,6,6,4.7577
1787152346.3418,2026-08-19 17:12:26.341,10,c3,0,0,-0.03944,-0.49601,0.0435,-4.5416,10.502,-23.7975,-0.08,0.004,-0.2331,4.54578,21.0,23.0,19.0,20.0,30.0,29.0,23.0,24.0,29.0,31.0,21.0,20.0,26.0,34.0,22.0,19.0,26.0,22.0,20.0,21.0,22.0,21.0,21.0,22.0,22.0,22.0,22.0,21.0,22.0,22.0,21.0,22.0,21.0,21.0,21.0,21.0,22.0,21.0,10.0,retract,6,6,4.041
1787152346.3919,2026-08-19 17:12:26.391,10,c3,0,0,-0.03945,-0.49601,0.04383,-4.1955,10.0406,-23.9958,-0.0708,0.0149,-0.2294,4.5911,21.0,23.0,20.0,21.0,30.0,30.0,21.0,24.0,29.0,30.0,23.0,20.0,27.0,33.0,24.0,21.0,25.0,24.0,22.0,21.0,22.0,21.0,21.0,22.0,22.0,22.0,22.0,21.0,22.0,22.0,21.0,22.0,21.0,21.0,21.0,21.0,22.0,21.0,10.0,retract,6,6,3.6378
1787152346.442,2026-08-19 17:12:26.441,10,c3,0,0,-0.03943,-0.496,0.04417,-4.5172,10.1883,-24.1795,-0.0722,0.0057,-0.2362,4.64372,21.0,23.0,20.0,21.0,30.0,30.0,21.0,24.0,29.0,30.0,23.0,20.0,27.0,33.0,24.0,21.0,25.0,24.0,22.0,21.0,22.0,21.0,21.0,22.0,22.0,22.0,22.0,21.0,22.0,22.0,21.0,22.0,21.0,21.0,21.0,21.0,22.0,21.0,10.0,retract,6,6,3.1697
1787152346.4921,2026-08-19 17:12:26.492,10,c3,0,0,-0.03944,-0.49598,0.04448,-4.2945,10.6728,-24.2897,-0.0847,0.0094,-0.2318,4.6699,22.0,23.0,19.0,21.0,30.0,28.0,22.0,21.0,30.0,29.0,23.0,18.0,27.0,32.0,24.0,18.0,25.0,22.0,20.0,21.0,22.0,21.0,21.0,22.0,22.0,22.0,22.0,21.0,22.0,22.0,21.0,22.0,21.0,21.0,21.0,21.0,22.0,21.0,10.0,retract,6,6,2.9367
1787152346.5423,2026-08-19 17:12:26.542,10,c3,0,0,-0.03943,-0.49598,0.04483,-4.4666,10.7259,-24.4188,-0.0878,0.0039,-0.2277,4.68853,22.0,23.0,19.0,21.0,30.0,28.0,22.0,21.0,30.0,29.0,23.0,18.0,27.0,32.0,24.0,18.0,25.0,22.0,20.0,21.0,22.0,21.0,21.0,22.0,22.0,22.0,22.0,21.0,22.0,22.0,21.0,22.0,21.0,21.0,21.0,21.0,22.0,21.0,10.0,retract,6,6,2.7709
1787152346.5924,2026-08-19 17:12:26.592,10,c3,0,0,-0.03944,-0.49599,0.04516,-4.3804,10.5236,-24.3263,-0.0853,0.0067,-0.2306,4.68526,21.0,23.0,19.0,19.0,29.0,27.0,23.0,23.0,28.0,29.0,21.0,20.0,25.0,32.0,22.0,19.0,26.0,22.0,23.0,21.0,22.0,21.0,21.0,22.0,22.0,22.0,22.0,21.0,22.0,22.0,21.0,22.0,21.0,21.0,21.0,21.0,22.0,21.0,10.0,retract,6,6,2.8001
1787152346.6425,2026-08-19 17:12:26.642,10,c3,0,0,-0.03947,-0.49599,0.04549,-4.4099,10.2586,-24.3191,-0.0739,0.0078,-0.2328,4.69105,22.0,22.0,21.0,22.0,29.0,27.0,22.0,24.0,28.0,28.0,23.0,19.0,26.0,31.0,22.0,22.0,25.0,21.0,24.0,21.0,22.0,21.0,21.0,22.0,22.0,22.0,22.0,21.0,22.0,22.0,21.0,22.0,21.0,21.0,21.0,21.0,22.0,21.0,10.0,retract,6,6,2.7485
1787152346.6926,2026-08-19 17:12:26.692,10,c3,0,0,-0.03945,-0.49601,0.04584,-4.1874,10.0858,-24.4524,-0.0716,0.0148,-0.2318,4.68803,22.0,22.0,21.0,22.0,29.0,27.0,22.0,24.0,28.0,28.0,23.0,19.0,26.0,31.0,22.0,22.0,25.0,21.0,24.0,21.0,22.0,21.0,21.0,22.0,22.0,22.0,22.0,21.0,22.0,22.0,21.0,22.0,21.0,21.0,21.0,21.0,22.0,21.0,10.0,retract,6,6,2.7754
1787152346.7428,2026-08-19 17:12:26.742,10,c3,0,0,-0.03945,-0.496,0.04617,-4.2489,10.4588,-24.6268,-0.0801,0.0142,-0.2337,4.68879,21.0,22.0,19.0,22.0,29.0,26.0,23.0,24.0,26.0,28.0,22.0,20.0,25.0,30.0,22.0,19.0,27.0,22.0,22.0,21.0,22.0,21.0,21.0,22.0,22.0,22.0,22.0,21.0,22.0,22.0,21.0,22.0,21.0,21.0,21.0,21.0,22.0,21.0,10.0,retract,6,6,2.7687
1787152346.7929,2026-08-19 17:12:26.792,10,c3,0,0,-0.03946,-0.49599,0.04651,-4.3628,10.6515,-24.4199,-0.0844,0.0113,-0.2343,4.69105,21.0,22.0,19.0,22.0,29.0,26.0,23.0,24.0,26.0,28.0,22.0,20.0,25.0,30.0,22.0,19.0,27.0,22.0,22.0,21.0,22.0,21.0,21.0,22.0,22.0,22.0,22.0,21.0,22.0,22.0,21.0,22.0,21.0,21.0,21.0,21.0,22.0,21.0,10.0,retract,6,6,2.7485
1787152346.8431,2026-08-19 17:12:26.843,10,c3,0,0,-0.03944,-0.496,0.04685,-4.2129,10.0984,-24.4609,-0.0698,0.0115,-0.234,4.67821,22.0,24.0,19.0,21.0,28.0,24.0,23.0,23.0,26.0,27.0,23.0,19.0,25.0,29.0,23.0,20.0,25.0,22.0,22.0,21.0,22.0,21.0,21.0,22.0,22.0,22.0,22.0,21.0,22.0,22.0,21.0,22.0,21.0,21.0,21.0,21.0,22.0,21.0,10.0,retract,6,6,2.8628
1787152346.8932,2026-08-19 17:12:26.893,10,c3,0,0,-0.03944,-0.496,0.04718,-4.4108,10.6091,-24.4736,-0.0849,0.008,-0.234,4.69936,21.0,22.0,19.0,21.0,28.0,24.0,22.0,22.0,26.0,27.0,22.0,19.0,24.0,28.0,21.0,18.0,24.0,22.0,21.0,21.0,22.0,21.0,21.0,22.0,22.0,22.0,22.0,21.0,22.0,22.0,21.0,22.0,21.0,21.0,21.0,21.0,22.0,21.0,10.0,retract,6,6,2.6746
1787152346.9434,2026-08-19 17:12:26.943,10,c3,0,0,-0.03944,-0.49601,0.04752,-4.3378,10.3271,-24.2532,-0.079,0.0086,-0.2386,4.69558,21.0,22.0,19.0,21.0,28.0,24.0,22.0,22.0,26.0,27.0,22.0,19.0,24.0,28.0,21.0,18.0,24.0,22.0,21.0,21.0,22.0,21.0,21.0,22.0,22.0,22.0,22.0,21.0,22.0,22.0,21.0,22.0,21.0,21.0,21.0,21.0,22.0,21.0,10.0,retract,6,6,2.7082
1787152346.9936,2026-08-19 17:12:26.993,10,c3,0,0,-0.03945,-0.49601,0.04784,-4.4343,10.7175,-24.4789,-0.09,0.0046,-0.2393,4.69105,20.0,21.0,19.0,20.0,27.0,23.0,22.0,22.0,25.0,27.0,24.0,18.0,25.0,29.0,25.0,20.0,24.0,23.0,22.0,21.0,22.0,21.0,21.0,22.0,22.0,22.0,22.0,21.0,22.0,22.0,21.0,22.0,21.0,21.0,21.0,21.0,22.0,21.0,10.0,retract,6,6,2.7485
1787152347.0436,2026-08-19 17:12:27.043,10,c3,0,0,-0.03944,-0.496,0.04815,-4.2345,10.2689,-24.4972,-0.076,0.0122,-0.2362,4.68979,20.0,21.0,19.0,20.0,27.0,23.0,22.0,22.0,25.0,27.0,24.0,18.0,25.0,29.0,25.0,20.0,24.0,23.0,22.0,21.0,22.0,21.0,21.0,22.0,22.0,22.0,22.0,21.0,22.0,22.0,21.0,22.0,21.0,21.0,21.0,21.0,22.0,21.0,10.0,retract,6,6,2.7597
1787152347.0938,2026-08-19 17:12:27.093,10,c3,0,0,-0.03944,-0.49599,0.04847,-4.4253,10.5917,-24.3659,-0.0834,0.0077,-0.2353,4.69684,22.0,23.0,19.0,21.0,27.0,23.0,23.0,23.0,24.0,26.0,25.0,19.0,24.0,27.0,24.0,20.0,24.0,24.0,23.0,21.0,22.0,21.0,21.0,22.0,22.0,22.0,22.0,21.0,22.0,22.0,21.0,22.0,21.0,21.0,21.0,21.0,22.0,21.0,10.0,retract,6,6,2.697
1787152347.1439,2026-08-19 17:12:27.143,10,c3,0,0,-0.03943,-0.496,0.04883,-4.2795,10.3493,-24.53,-0.0753,0.0106,-0.238,4.69735,23.0,21.0,18.0,22.0,27.0,22.0,24.0,22.0,24.0,26.0,22.0,19.0,24.0,27.0,23.0,19.0,24.0,22.0,21.0,21.0,22.0,21.0,21.0,22.0,22.0,22.0,22.0,21.0,22.0,22.0,21.0,22.0,21.0,21.0,21.0,21.0,22.0,21.0,10.0,retract,6,6,2.6925
1787152347.194,2026-08-19 17:12:27.194,10,c3,0,0,-0.03944,-0.496,0.04918,-4.3851,10.3521,-24.5665,-0.0784,0.0055,-0.2296,4.68727,23.0,21.0,18.0,22.0,27.0,22.0,24.0,22.0,24.0,26.0,22.0,19.0,24.0,27.0,23.0,19.0,24.0,22.0,21.0,21.0,22.0,21.0,21.0,22.0,22.0,22.0,22.0,21.0,22.0,22.0,21.0,22.0,21.0,21.0,21.0,21.0,22.0,21.0,10.0,retract,6,6,2.7821
1787152347.2441,2026-08-19 17:12:27.244,10,c3,0,0,-0.03944,-0.496,0.04951,-4.1956,10.3481,-24.2819,-0.0772,0.0147,-0.2343,4.69634,22.0,21.0,18.0,22.0,26.0,22.0,22.0,20.0,22.0,25.0,23.0,17.0,23.0,27.0,23.0,18.0,24.0,22.0,21.0,21.0,22.0,21.0,21.0,22.0,22.0,22.0,22.0,21.0,22.0,22.0,21.0,22.0,21.0,21.0,21.0,21.0,22.0,21.0,10.0,retract,6,6,2.7015
1787152347.2942,2026-08-19 17:12:27.294,10,c3,0,0,-0.03945,-0.496,0.0498,-4.0339,10.2907,-24.5099,-0.0766,0.0174,-0.2264,4.68778,22.0,21.0,18.0,22.0,26.0,22.0,22.0,20.0,22.0,25.0,23.0,17.0,23.0,27.0,23.0,18.0,24.0,22.0,21.0,21.0,22.0,21.0,21.0,22.0,22.0,22.0,22.0,21.0,22.0,22.0,21.0,22.0,21.0,21.0,21.0,21.0,22.0,21.0,10.0,retract,6,6,2.7777
1787152347.3443,2026-08-19 17:12:27.344,10,c3,0,0,-0.03941,-0.49599,0.05005,-4.3625,10.4687,-24.4306,-0.0819,0.0125,-0.2371,4.6908,20.0,19.0,18.0,19.0,24.0,22.0,22.0,24.0,23.0,26.0,23.0,20.0,24.0,27.0,21.0,21.0,24.0,22.0,24.0,21.0,22.0,21.0,21.0,22.0,22.0,22.0,22.0,21.0,22.0,22.0,21.0,22.0,21.0,21.0,21.0,21.0,22.0,21.0,10.0,retract,6,6,2.7508
1787152347.3945,2026-08-19 17:12:27.394,10,c3,0,0,-0.03944,-0.496,0.05026,-4.272,10.6818,-24.4962,-0.0833,0.0107,-0.2395,4.68576,20.0,19.0,18.0,19.0,24.0,22.0,22.0,24.0,23.0,26.0,23.0,20.0,24.0,27.0,21.0,21.0,24.0,22.0,24.0,21.0,22.0,21.0,21.0,22.0,22.0,22.0,22.0,21.0,22.0,22.0,21.0,22.0,21.0,21.0,21.0,21.0,22.0,21.0,10.0,retract,6,6,2.7956
1787152347.4447,2026-08-19 17:12:27.444,10,c3,0,0,-0.03946,-0.49602,0.05046,-4.5885,10.4054,-24.4342,-0.0811,0.0035,-0.2374,4.69231,23.0,21.0,19.0,23.0,25.0,23.0,21.0,22.0,23.0,25.0,22.0,19.0,22.0,27.0,21.0,19.0,24.0,22.0,21.0,21.0,22.0,21.0,21.0,22.0,22.0,22.0,22.0,21.0,22.0,22.0,21.0,22.0,21.0,21.0,21.0,21.0,22.0,21.0,10.0,retract,6,6,2.7373
1787152347.4948,2026-08-19 17:12:27.494,10,c3,0,0,-0.03944,-0.49603,0.0506,-4.0011,9.9872,-24.4649,-0.0676,0.0197,-0.234,4.68753,22.0,21.0,19.0,22.0,27.0,22.0,21.0,23.0,22.0,25.0,22.0,18.0,23.0,26.0,23.0,20.0,24.0,22.0,23.0,21.0,22.0,21.0,21.0,22.0,22.0,22.0,22.0,21.0,22.0,22.0,21.0,22.0,21.0,21.0,21.0,21.0,22.0,21.0,10.0,retract,6,6,2.7799
1787152347.5449,2026-08-19 17:12:27.544,10,c3,0,0,-0.03944,-0.49601,0.05068,-4.0566,10.0968,-24.4687,-0.0744,0.0168,-0.2272,4.68274,22.0,21.0,19.0,22.0,27.0,22.0,21.0,23.0,22.0,25.0,22.0,18.0,23.0,26.0,23.0,20.0,24.0,22.0,23.0,21.0,22.0,21.0,21.0,22.0,22.0,22.0,22.0,21.0,22.0,22.0,21.0,22.0,21.0,21.0,21.0,21.0,22.0,21.0,10.0,retract,6,6,2.8225
1787152347.595,2026-08-19 17:12:27.594,10,c3,0,0,-0.03945,-0.496,0.05076,-4.6081,10.1551,-24.3516,-0.0762,0.0022,-0.2406,4.68501,22.0,20.0,19.0,20.0,25.0,23.0,22.0,22.0,23.0,23.0,21.0,19.0,24.0,24.0,23.0,19.0,22.0,22.0,21.0,21.0,22.0,21.0,21.0,22.0,22.0,22.0,22.0,21.0,22.0,22.0,21.0,22.0,21.0,21.0,21.0,21.0,22.0,21.0,10.0,retract,6,6,2.8023
1787152347.6451,2026-08-19 17:12:27.645,10,c3,0,0,-0.03943,-0.49599,0.05081,-4.2404,10.0552,-24.4924,-0.0701,0.0143,-0.2295,4.69886,22.0,20.0,19.0,20.0,25.0,23.0,22.0,22.0,23.0,23.0,21.0,19.0,24.0,24.0,23.0,19.0,22.0,22.0,21.0,21.0,22.0,21.0,21.0,22.0,22.0,22.0,22.0,21.0,22.0,22.0,21.0,22.0,21.0,21.0,21.0,21.0,22.0,21.0,10.0,retract,6,6,2.6791
1787152347.6953,2026-08-19 17:12:27.695,10,c3,0,0,-0.03945,-0.496,0.05086,-4.5946,10.4832,-24.4787,-0.0803,0.0039,-0.2419,4.69181,22.0,21.0,17.0,21.0,26.0,20.0,21.0,19.0,22.0,25.0,22.0,15.0,22.0,27.0,22.0,17.0,23.0,22.0,20.0,21.0,22.0,21.0,21.0,22.0,22.0,22.0,22.0,21.0,22.0,22.0,21.0,22.0,21.0,21.0,21.0,21.0,22.0,21.0,10.0,retract,6,6,2.7418
1787152347.7454,2026-08-19 17:12:27.745,10,c3,0,0,-0.03945,-0.49602,0.05089,-4.2687,10.5441,-24.6206,-0.0799,0.0131,-0.2294,4.69508,17.0,20.0,18.0,17.0,25.0,21.0,21.0,21.0,20.0,25.0,22.0,18.0,22.0,25.0,21.0,17.0,23.0,22.0,20.0,21.0,22.0,21.0,21.0,22.0,22.0,22.0,22.0,21.0,22.0,22.0,21.0,22.0,21.0,21.0,21.0,21.0,22.0,21.0,10.0,post,6,6,2.7127
1787152347.7955,2026-08-19 17:12:27.795,10,c3,0,0,-0.03944,-0.49603,0.05092,-4.3558,10.0238,-24.5609,-0.0689,0.009,-0.2344,4.69458,17.0,20.0,18.0,17.0,25.0,21.0,21.0,21.0,20.0,25.0,22.0,18.0,22.0,25.0,21.0,17.0,23.0,22.0,20.0,21.0,22.0,21.0,21.0,22.0,22.0,22.0,22.0,21.0,22.0,22.0,21.0,22.0,21.0,21.0,21.0,21.0,22.0,21.0,10.0,post,6,6,2.7172
1787152347.8456,2026-08-19 17:12:27.845,10,c3,0,0,-0.03944,-0.49601,0.05091,-4.67,10.3785,-24.5216,-0.0767,0.0014,-0.2375,4.68425,21.0,20.0,18.0,20.0,24.0,22.0,21.0,20.0,23.0,26.0,22.0,16.0,25.0,26.0,22.0,17.0,24.0,22.0,21.0,21.0,22.0,21.0,21.0,22.0,22.0,22.0,22.0,21.0,22.0,22.0,21.0,22.0,21.0,21.0,21.0,21.0,22.0,21.0,10.0,post,6,6,2.809
1787152347.8957,2026-08-19 17:12:27.895,10,c3,0,0,-0.03944,-0.496,0.0509,-4.2859,10.3517,-24.3926,-0.0759,0.0113,-0.2327,4.69785,21.0,20.0,18.0,20.0,24.0,22.0,21.0,20.0,23.0,26.0,22.0,16.0,25.0,26.0,22.0,17.0,24.0,22.0,21.0,21.0,22.0,21.0,21.0,22.0,22.0,22.0,22.0,21.0,22.0,22.0,21.0,22.0,21.0,21.0,21.0,21.0,22.0,21.0,10.0,post,6,6,2.6881
1787152347.9457,2026-08-19 17:12:27.945,10,c3,0,0,-0.03943,-0.49601,0.0509,-4.205,10.2521,-24.5718,-0.0722,0.0116,-0.235,4.68753,20.0,23.0,19.0,19.0,26.0,22.0,23.0,23.0,22.0,27.0,21.0,19.0,24.0,26.0,22.0,20.0,24.0,22.0,22.0,21.0,22.0,21.0,21.0,22.0,22.0,22.0,22.0,21.0,22.0,22.0,21.0,22.0,21.0,21.0,21.0,21.0,22.0,21.0,10.0,post,6,6,2.7799
1787152347.9958,2026-08-19 17:12:27.995,10,c3,0,0,-0.03945,-0.49601,0.05091,-4.4724,10.3851,-24.6904,-0.079,0.0058,-0.2332,4.69886,21.0,20.0,20.0,20.0,24.0,22.0,21.0,22.0,25.0,27.0,21.0,18.0,25.0,27.0,22.0,19.0,23.0,21.0,21.0,21.0,22.0,21.0,21.0,22.0,22.0,22.0,22.0,21.0,22.0,22.0,21.0,22.0,21.0,21.0,21.0,21.0,22.0,21.0,10.0,post,6,6,2.6791
1787152348.0459,2026-08-19 17:12:28.045,10,c3,0,0,-0.03943,-0.49601,0.05091,-4.2807,10.4071,-24.5541,-0.0798,0.0125,-0.2303,4.69508,21.0,20.0,20.0,20.0,24.0,22.0,21.0,22.0,25.0,27.0,21.0,18.0,25.0,27.0,22.0,19.0,23.0,21.0,21.0,21.0,22.0,21.0,21.0,22.0,22.0,22.0,22.0,21.0,22.0,22.0,21.0,22.0,21.0,21.0,21.0,21.0,22.0,21.0,10.0,post,6,6,2.7127
1787152348.096,2026-08-19 17:12:28.096,10,c3,0,0,-0.03944,-0.49602,0.05091,-4.2348,10.0656,-24.7613,-0.0688,0.0115,-0.2291,4.69231,21.0,23.0,20.0,20.0,27.0,22.0,22.0,22.0,22.0,28.0,23.0,19.0,23.0,26.0,21.0,19.0,22.0,21.0,22.0,21.0,22.0,21.0,21.0,22.0,22.0,22.0,22.0,21.0,22.0,22.0,21.0,22.0,21.0,21.0,21.0,21.0,22.0,21.0,10.0,post,6,6,2.7373
1787152348.1461,2026-08-19 17:12:28.146,10,c3,0,0,-0.03944,-0.49602,0.05092,-3.9946,10.2001,-24.6427,-0.0758,0.0172,-0.2308,4.68904,21.0,23.0,20.0,20.0,27.0,22.0,22.0,22.0,22.0,28.0,23.0,19.0,23.0,26.0,21.0,19.0,22.0,21.0,22.0,21.0,22.0,21.0,21.0,22.0,22.0,22.0,22.0,21.0,22.0,22.0,21.0,22.0,21.0,21.0,21.0,21.0,22.0,21.0,10.0,post,6,6,2.7665
1787152348.1962,2026-08-19 17:12:28.196,10,c3,0,0,-0.03944,-0.49601,0.05091,-4.3696,10.193,-24.6534,-0.0701,0.0127,-0.2308,4.69583,20.0,21.0,18.0,19.0,24.0,22.0,22.0,22.0,23.0,26.0,22.0,19.0,23.0,26.0,22.0,20.0,24.0,22.0,21.0,21.0,22.0,21.0,21.0,22.0,22.0,22.0,22.0,21.0,22.0,22.0,21.0,22.0,21.0,21.0,21.0,21.0,22.0,21.0,10.0,post,6,6,2.706
1787152348.2463,2026-08-19 17:12:28.246,10,c3,0,0,-0.03944,-0.49602,0.05093,-4.3147,10.3959,-24.6126,-0.0782,0.0116,-0.2364,4.68501,19.0,20.0,19.0,19.0,24.0,22.0,21.0,22.0,22.0,25.0,21.0,20.0,24.0,25.0,21.0,19.0,23.0,22.0,20.0,21.0,22.0,21.0,21.0,22.0,22.0,22.0,22.0,21.0,22.0,22.0,21.0,22.0,21.0,21.0,21.0,21.0,22.0,21.0,10.0,post,6,6,2.8023
1787152348.2964,2026-08-19 17:12:28.296,10,c3,0,0,-0.03945,-0.496,0.05091,-4.5976,10.4067,-24.5591,-0.0804,0.0054,-0.2376,4.69382,19.0,20.0,19.0,19.0,24.0,22.0,21.0,22.0,22.0,25.0,21.0,20.0,24.0,25.0,21.0,19.0,23.0,22.0,20.0,21.0,22.0,21.0,21.0,22.0,22.0,22.0,22.0,21.0,22.0,22.0,21.0,22.0,21.0,21.0,21.0,21.0,22.0,21.0,10.0,post,6,6,2.7239
1787152348.3465,2026-08-19 17:12:28.346,10,c3,0,0,-0.03944,-0.49601,0.05091,-4.2217,10.2565,-24.6482,-0.0779,0.0124,-0.2341,4.69382,20.0,20.0,19.0,21.0,25.0,22.0,21.0,22.0,23.0,27.0,23.0,21.0,23.0,26.0,23.0,20.0,24.0,23.0,21.0,21.0,22.0,21.0,21.0,22.0,22.0,22.0,22.0,21.0,22.0,22.0,21.0,22.0,21.0,21.0,21.0,21.0,22.0,21.0,10.0,post,6,6,2.7239
1787152348.3966,2026-08-19 17:12:28.396,10,c3,0,0,-0.03944,-0.49601,0.05091,-4.1854,10.3486,-24.654,-0.0781,0.0133,-0.2315,4.68929,20.0,20.0,19.0,21.0,25.0,22.0,21.0,22.0,23.0,27.0,23.0,21.0,23.0,26.0,23.0,20.0,24.0,23.0,21.0,21.0,22.0,21.0,21.0,22.0,22.0,22.0,22.0,21.0,22.0,22.0,21.0,22.0,21.0,21.0,21.0,21.0,22.0,21.0,10.0,post,6,6,2.7642
1787152348.4469,2026-08-19 17:12:28.446,10,c3,0,0,-0.03945,-0.49602,0.05091,-4.0643,10.5552,-24.4644,-0.082,0.015,-0.2288,4.69181,21.0,21.0,23.0,20.0,25.0,24.0,22.0,23.0,22.0,26.0,21.0,22.0,24.0,27.0,23.0,21.0,24.0,22.0,22.0,21.0,22.0,21.0,21.0,22.0,22.0,22.0,22.0,21.0,22.0,22.0,21.0,22.0,21.0,21.0,21.0,21.0,22.0,21.0,10.0,post,6,6,2.7418
1787152348.4969,2026-08-19 17:12:28.496,10,c3,0,0,-0.03944,-0.49601,0.0509,-4.4509,10.1849,-24.5451,-0.0752,0.0078,-0.2341,4.69332,21.0,21.0,23.0,20.0,25.0,24.0,22.0,23.0,22.0,26.0,21.0,22.0,24.0,27.0,23.0,21.0,24.0,22.0,22.0,21.0,22.0,21.0,21.0,22.0,22.0,22.0,22.0,21.0,22.0,22.0,21.0,22.0,21.0,21.0,21.0,21.0,22.0,21.0,10.0,post,6,6,2.7284
1787152348.5471,2026-08-19 17:12:28.547,10,c3,0,0,-0.03943,-0.49602,0.05091,-4.4106,10.5063,-24.3177,-0.0781,0.0042,-0.2362,4.69785,21.0,20.0,23.0,22.0,23.0,26.0,21.0,24.0,23.0,25.0,20.0,22.0,24.0,25.0,19.0,20.0,24.0,19.0,22.0,21.0,22.0,21.0,21.0,22.0,22.0,22.0,22.0,21.0,22.0,22.0,21.0,22.0,21.0,21.0,21.0,21.0,22.0,21.0,10.0,post,6,6,2.6881
1787152348.5971,2026-08-19 17:12:28.597,10,c3,0,0,-0.03943,-0.49601,0.0509,-4.3816,10.4871,-24.4301,-0.0805,0.0055,-0.2388,4.69382,22.0,23.0,21.0,21.0,25.0,24.0,19.0,23.0,25.0,25.0,21.0,22.0,24.0,25.0,21.0,20.0,24.0,20.0,22.0,21.0,22.0,21.0,21.0,22.0,22.0,22.0,22.0,21.0,22.0,22.0,21.0,22.0,21.0,21.0,21.0,21.0,22.0,21.0,10.0,post,6,6,2.7239
1787152348.6472,2026-08-19 17:12:28.647,10,c3,0,0,-0.03944,-0.49602,0.05091,-4.7136,10.3643,-24.3454,-0.0774,-0.0026,-0.2346,4.68551,22.0,23.0,21.0,21.0,25.0,24.0,19.0,23.0,25.0,25.0,21.0,22.0,24.0,25.0,21.0,20.0,24.0,20.0,22.0,21.0,22.0,21.0,21.0,22.0,22.0,22.0,22.0,21.0,22.0,22.0,21.0,22.0,21.0,21.0,21.0,21.0,22.0,21.0,10.0,post,6,6,2.7978
1787152348.6975,2026-08-19 17:12:28.697,10,c3,0,0,-0.03943,-0.49601,0.05091,-4.6105,10.2189,-24.4455,-0.0729,0.003,-0.237,4.69634,20.0,22.0,22.0,20.0,25.0,25.0,21.0,22.0,23.0,24.0,20.0,21.0,23.0,25.0,20.0,21.0,23.0,22.0,22.0,21.0,22.0,21.0,21.0,22.0,22.0,22.0,22.0,21.0,22.0,22.0,21.0,22.0,21.0,21.0,21.0,21.0,22.0,21.0,10.0,post,6,6,2.7015
1787152348.7477,2026-08-19 17:12:28.747,10,c3,0,0,-0.03943,-0.49601,0.05091,-4.1937,10.243,-24.4707,-0.0757,0.0139,-0.2355,4.69785,20.0,22.0,22.0,20.0,25.0,25.0,21.0,22.0,23.0,24.0,20.0,21.0,23.0,25.0,20.0,21.0,23.0,22.0,22.0,21.0,22.0,21.0,21.0,22.0,22.0,22.0,22.0,21.0,22.0,22.0,21.0,22.0,21.0,21.0,21.0,21.0,22.0,21.0,10.0,post,6,6,2.6881
1787152348.7977,2026-08-19 17:12:28.797,10,c3,0,0,-0.03943,-0.49601,0.05091,-4.4625,10.3973,-24.6706,-0.0779,0.0078,-0.2343,4.68954,20.0,21.0,22.0,19.0,24.0,23.0,20.0,21.0,23.0,25.0,22.0,20.0,24.0,25.0,22.0,18.0,22.0,22.0,19.0,21.0,22.0,21.0,21.0,22.0,22.0,22.0,22.0,21.0,22.0,22.0,21.0,22.0,21.0,21.0,21.0,21.0,22.0,21.0,10.0,post,6,6,2.762
1787152348.8478,2026-08-19 17:12:28.847,10,c3,0,0,-0.03946,-0.49601,0.05092,-4.3752,10.5928,-24.5692,-0.0819,0.0071,-0.2338,4.6976,19.0,22.0,22.0,19.0,25.0,23.0,21.0,23.0,24.0,26.0,21.0,23.0,24.0,24.0,21.0,22.0,22.0,21.0,22.0,21.0,22.0,21.0,21.0,22.0,22.0,22.0,22.0,21.0,22.0,22.0,21.0,22.0,21.0,21.0,21.0,21.0,22.0,21.0,10.0,post,6,6,2.6903
1787152348.8979,2026-08-19 17:12:28.897,10,c3,0,0,-0.03944,-0.49602,0.05092,-4.3997,10.3714,-24.6256,-0.0798,0.0081,-0.2343,4.69508,19.0,22.0,22.0,19.0,25.0,23.0,21.0,23.0,24.0,26.0,21.0,23.0,24.0,24.0,21.0,22.0,22.0,21.0,22.0,21.0,22.0,21.0,21.0,22.0,22.0,22.0,22.0,21.0,22.0,22.0,21.0,22.0,21.0,21.0,21.0,21.0,22.0,21.0,10.0,post,6,6,2.7127
1787152348.9481,2026-08-19 17:12:28.948,10,c3,0,0,-0.03943,-0.49601,0.05092,-4.167,10.1855,-24.5041,-0.0768,0.0148,-0.237,4.69206,23.0,23.0,23.0,21.0,25.0,24.0,22.0,21.0,23.0,25.0,22.0,20.0,24.0,25.0,21.0,19.0,24.0,23.0,21.0,21.0,22.0,21.0,21.0,22.0,22.0,22.0,22.0,21.0,22.0,22.0,21.0,22.0,21.0,21.0,21.0,21.0,22.0,21.0,10.0,post,6,6,2.7396
1787152348.9982,2026-08-19 17:12:28.998,10,c3,0,0,-0.03943,-0.496,0.0509,-4.2526,10.5038,-24.3717,-0.0821,0.0121,-0.2338,4.68753,23.0,23.0,23.0,21.0,25.0,24.0,22.0,21.0,23.0,25.0,22.0,20.0,24.0,25.0,21.0,19.0,24.0,23.0,21.0,21.0,22.0,21.0,21.0,22.0,22.0,22.0,22.0,21.0,22.0,22.0,21.0,22.0,21.0,21.0,21.0,21.0,22.0,21.0,10.0,post,6,6,2.7799
1787152349.0483,2026-08-19 17:12:29.048,10,c3,0,0,-0.03945,-0.49601,0.05091,-4.4698,10.3584,-24.3833,-0.0767,0.0051,-0.2346,4.69281,21.0,23.0,22.0,19.0,24.0,23.0,22.0,19.0,23.0,26.0,21.0,20.0,23.0,24.0,22.0,19.0,24.0,22.0,20.0,21.0,22.0,21.0,21.0,22.0,22.0,22.0,22.0,21.0,22.0,22.0,21.0,22.0,21.0,21.0,21.0,21.0,22.0,21.0,10.0,post,6,6,2.7329
1787152349.0985,2026-08-19 17:12:29.098,10,c3,0,0,-0.03943,-0.49602,0.05091,-3.8716,10.045,-24.2383,-0.0725,0.0211,-0.23,4.68979,18.0,21.0,23.0,20.0,24.0,25.0,22.0,23.0,24.0,27.0,22.0,21.0,24.0,25.0,21.0,21.0,24.0,21.0,23.0,21.0,22.0,21.0,21.0,22.0,22.0,22.0,22.0,21.0,22.0,22.0,21.0,22.0,21.0,21.0,21.0,21.0,22.0,21.0,10.0,post,6,6,2.7597
1787152349.1486,2026-08-19 17:12:29.148,10,c3,0,0,-0.03943,-0.49601,0.05091,-4.0819,10.4606,-24.5103,-0.0809,0.0164,-0.2282,4.6986,18.0,21.0,23.0,20.0,24.0,25.0,22.0,23.0,24.0,27.0,22.0,21.0,24.0,25.0,21.0,21.0,24.0,21.0,23.0,21.0,22.0,21.0,21.0,22.0,22.0,22.0,22.0,21.0,22.0,22.0,21.0,22.0,21.0,21.0,21.0,21.0,22.0,21.0,10.0,post,6,6,2.6813
1787152349.1988,2026-08-19 17:12:29.198,10,c3,0,0,-0.03944,-0.49601,0.05091,-4.2238,10.3193,-24.334,-0.0781,0.0145,-0.2316,4.68576,21.0,22.0,24.0,21.0,24.0,26.0,22.0,22.0,23.0,25.0,23.0,21.0,24.0,25.0,21.0,19.0,24.0,21.0,21.0,21.0,22.0,21.0,21.0,22.0,22.0,22.0,22.0,21.0,22.0,22.0,21.0,22.0,21.0,21.0,21.0,21.0,22.0,21.0,10.0,post,6,6,2.7956
1787152349.2488,2026-08-19 17:12:29.248,10,c3,0,0,-0.03943,-0.49601,0.05091,-4.355,10.3198,-24.1862,-0.0772,0.0086,-0.2368,4.68904,21.0,22.0,24.0,21.0,24.0,26.0,22.0,22.0,23.0,25.0,23.0,21.0,24.0,25.0,21.0,19.0,24.0,21.0,21.0,21.0,22.0,21.0,21.0,22.0,22.0,22.0,22.0,21.0,22.0,22.0,21.0,22.0,21.0,21.0,21.0,21.0,22.0,21.0,10.0,post,6,6,2.7665
1787152349.2989,2026-08-19 17:12:29.298,10,c3,0,0,-0.03945,-0.49602,0.05093,-4.4569,10.0848,-24.2643,-0.0728,0.0074,-0.2433,4.69281,22.0,21.0,22.0,22.0,25.0,25.0,21.0,23.0,23.0,25.0,21.0,22.0,22.0,26.0,21.0,21.0,24.0,21.0,22.0,21.0,22.0,21.0,21.0,22.0,22.0,22.0,22.0,21.0,22.0,22.0,21.0,22.0,21.0,21.0,21.0,21.0,22.0,21.0,10.0,post,6,6,2.7329
1787152349.349,2026-08-19 17:12:29.349,10,c3,0,0,-0.03946,-0.49599,0.05089,-4.426,10.547,-24.4438,-0.0814,0.0056,-0.2374,4.68979,22.0,21.0,24.0,22.0,24.0,25.0,22.0,21.0,23.0,26.0,22.0,21.0,22.0,25.0,22.0,20.0,23.0,22.0,20.0,21.0,22.0,21.0,21.0,22.0,22.0,22.0,22.0,21.0,22.0,22.0,21.0,22.0,21.0,21.0,21.0,21.0,22.0,21.0,10.0,post,6,6,2.7597
1787152349.3991,2026-08-19 17:12:29.399,10,c3,0,0,-0.03943,-0.496,0.0509,-4.1359,10.3596,-24.3519,-0.0772,0.0147,-0.2332,4.68828,22.0,21.0,24.0,22.0,24.0,25.0,22.0,21.0,23.0,26.0,22.0,21.0,22.0,25.0,22.0,20.0,23.0,22.0,20.0,21.0,22.0,21.0,21.0,22.0,22.0,22.0,22.0,21.0,22.0,22.0,21.0,22.0,21.0,21.0,21.0,21.0,22.0,21.0,10.0,post,6,6,2.7732
1787152349.4493,2026-08-19 17:12:29.449,10,c3,0,0,-0.03946,-0.49601,0.05092,-4.4072,10.6765,-24.4558,-0.0836,0.0054,-0.2363,4.69407,21.0,20.0,23.0,21.0,23.0,25.0,22.0,23.0,23.0,26.0,23.0,23.0,22.0,26.0,22.0,21.0,24.0,23.0,22.0,21.0,22.0,21.0,21.0,22.0,22.0,22.0,22.0,21.0,22.0,22.0,21.0,22.0,21.0,21.0,21.0,21.0,22.0,21.0,10.0,post,6,6,2.7217
1787152349.4994,2026-08-19 17:12:29.499,10,c3,0,0,-0.03944,-0.496,0.0509,-4.2341,9.9375,-24.647,-0.0688,0.0122,-0.2349,4.68753,21.0,20.0,23.0,21.0,23.0,25.0,22.0,23.0,23.0,26.0,23.0,23.0,22.0,26.0,22.0,21.0,24.0,23.0,22.0,21.0,22.0,21.0,21.0,22.0,22.0,22.0,22.0,21.0,22.0,22.0,21.0,22.0,21.0,21.0,21.0,21.0,22.0,21.0,10.0,post,6,6,2.7799
1787152349.5495,2026-08-19 17:12:29.549,10,c3,0,0,-0.03945,-0.496,0.0509,-4.6611,10.1496,-24.4011,-0.0761,0.0025,-0.2462,4.69382,21.0,21.0,22.0,22.0,24.0,25.0,22.0,23.0,22.0,25.0,23.0,22.0,21.0,25.0,23.0,21.0,23.0,22.0,22.0,21.0,22.0,21.0,21.0,22.0,22.0,22.0,22.0,21.0,22.0,22.0,21.0,22.0,21.0,21.0,21.0,21.0,22.0,21.0,10.0,post,6,6,2.7239
1787152349.5996,2026-08-19 17:12:29.599,10,c3,0,0,-0.03942,-0.496,0.05091,-4.4473,10.4424,-24.2444,-0.0749,0.0048,-0.2386,4.68576,21.0,21.0,22.0,22.0,24.0,25.0,22.0,23.0,22.0,25.0,23.0,22.0,21.0,25.0,23.0,21.0,23.0,22.0,22.0,21.0,22.0,21.0,21.0,22.0,22.0,22.0,22.0,21.0,22.0,22.0,21.0,22.0,21.0,21.0,21.0,21.0,22.0,21.0,10.0,post,6,6,2.7956
1787152349.6498,2026-08-19 17:12:29.649,10,c3,0,0,-0.03945,-0.49601,0.05091,-4.4729,10.6566,-24.4261,-0.0874,0.0082,-0.2392,4.6913,20.0,20.0,23.0,20.0,23.0,25.0,22.0,23.0,22.0,24.0,23.0,21.0,22.0,24.0,23.0,20.0,23.0,22.0,22.0,21.0,22.0,21.0,21.0,22.0,22.0,22.0,22.0,21.0,22.0,22.0,21.0,22.0,21.0,21.0,21.0,21.0,22.0,21.0,10.0,post,6,6,2.7463
1787152349.6999,2026-08-19 17:12:29.699,10,c3,0,0,-0.03944,-0.49601,0.05092,-4.1181,10.6233,-24.1281,-0.0863,0.0133,-0.2323,4.6845,21.0,21.0,22.0,21.0,22.0,23.0,23.0,23.0,22.0,25.0,22.0,23.0,22.0,24.0,20.0,22.0,23.0,21.0,23.0,21.0,22.0,21.0,21.0,22.0,22.0,22.0,22.0,21.0,22.0,22.0,21.0,22.0,21.0,21.0,21.0,21.0,22.0,21.0,10.0,post,6,6,2.8068
1787152349.7499,2026-08-19 17:12:29.749,10,c3,0,0,-0.03944,-0.496,0.0509,-4.462,10.4984,-24.318,-0.0841,0.0047,-0.2369,4.68929,21.0,21.0,22.0,21.0,22.0,23.0,23.0,23.0,22.0,25.0,22.0,23.0,22.0,24.0,20.0,22.0,23.0,21.0,23.0,21.0,22.0,21.0,21.0,22.0,22.0,22.0,22.0,21.0,22.0,22.0,21.0,22.0,21.0,21.0,21.0,21.0,22.0,21.0,10.0,locate,7,7,2.7642
1787152349.8,2026-08-19 17:12:29.800,10,c3,0,0,-0.03943,-0.49601,0.05091,-3.9296,9.9291,-24.5596,-0.066,0.0197,-0.2292,4.69709,22.0,21.0,22.0,22.0,23.0,24.0,20.0,22.0,22.0,24.0,21.0,22.0,22.0,24.0,21.0,20.0,23.0,21.0,20.0,21.0,22.0,21.0,21.0,22.0,22.0,22.0,22.0,21.0,22.0,22.0,21.0,22.0,21.0,21.0,21.0,21.0,22.0,21.0,10.0,locate,7,7,2.6948
1787152349.8501,2026-08-19 17:12:29.850,10,c3,0,0,-0.03946,-0.49601,0.05092,-4.0138,10.2696,-24.3104,-0.0763,0.013,-0.2327,4.68551,22.0,21.0,22.0,22.0,23.0,24.0,20.0,22.0,22.0,24.0,21.0,22.0,22.0,24.0,21.0,20.0,23.0,21.0,20.0,21.0,22.0,21.0,21.0,22.0,22.0,22.0,22.0,21.0,22.0,22.0,21.0,22.0,21.0,21.0,21.0,21.0,22.0,21.0,10.0,locate,7,7,2.7978
1787152349.9002,2026-08-19 17:12:29.900,10,c3,0,0,-0.03944,-0.49602,0.05092,-4.1126,10.3192,-24.2822,-0.0806,0.0176,-0.2299,4.69961,20.0,21.0,23.0,20.0,24.0,24.0,21.0,23.0,23.0,25.0,21.0,22.0,24.0,24.0,22.0,21.0,23.0,22.0,23.0,21.0,22.0,21.0,21.0,22.0,22.0,22.0,22.0,21.0,22.0,22.0,21.0,22.0,21.0,21.0,21.0,21.0,22.0,21.0,10.0,locate,7,7,2.6724
1787152349.9504,2026-08-19 17:12:29.950,10,c3,0,0,-0.03945,-0.496,0.05091,-4.0259,10.0173,-24.3873,-0.0728,0.0197,-0.2292,4.69609,21.0,22.0,23.0,22.0,23.0,25.0,20.0,22.0,24.0,27.0,23.0,21.0,23.0,26.0,23.0,22.0,24.0,22.0,22.0,21.0,22.0,21.0,21.0,22.0,22.0,22.0,22.0,21.0,22.0,22.0,21.0,22.0,21.0,21.0,21.0,21.0,22.0,21.0,10.0,locate,7,7,2.7037
1787152350.0004,2026-08-19 17:12:30.000,10,c3,0,0,-0.03944,-0.49601,0.05092,-4.5017,10.45,-24.3275,-0.0809,0.0045,-0.2387,4.68828,21.0,22.0,23.0,22.0,23.0,25.0,20.0,22.0,24.0,27.0,23.0,21.0,23.0,26.0,23.0,22.0,24.0,22.0,22.0,21.0,22.0,21.0,21.0,22.0,22.0,22.0,22.0,21.0,22.0,22.0,21.0,22.0,21.0,21.0,21.0,21.0,22.0,21.0,10.0,locate,7,7,2.7732
1787152350.0506,2026-08-19 17:12:30.050,10,c3,0,0,-0.03945,-0.496,0.0509,-4.4401,10.1442,-24.5846,-0.0717,0.009,-0.232,4.69558,20.0,21.0,23.0,20.0,25.0,26.0,22.0,23.0,22.0,26.0,22.0,22.0,23.0,25.0,22.0,21.0,24.0,21.0,22.0,21.0,22.0,21.0,21.0,22.0,22.0,22.0,22.0,21.0,22.0,22.0,21.0,22.0,21.0,21.0,21.0,21.0,22.0,21.0,10.0,locate,7,7,2.7082
1787152350.1007,2026-08-19 17:12:30.100,10,c3,0,0,-0.03942,-0.49599,0.0509,-4.3413,10.3945,-24.3657,-0.0818,0.007,-0.2341,4.69432,20.0,21.0,23.0,20.0,25.0,26.0,22.0,23.0,22.0,26.0,22.0,22.0,23.0,25.0,22.0,21.0,24.0,21.0,22.0,21.0,22.0,21.0,21.0,22.0,22.0,22.0,22.0,21.0,22.0,22.0,21.0,22.0,21.0,21.0,21.0,21.0,22.0,21.0,10.0,locate,7,7,2.7194
1787152350.1508,2026-08-19 17:12:30.150,10,c3,0,0,-0.03942,-0.49601,0.05091,-4.289,10.5943,-24.3185,-0.083,0.0093,-0.2386,4.69961,22.0,20.0,24.0,22.0,23.0,25.0,21.0,24.0,22.0,25.0,21.0,21.0,22.0,25.0,21.0,22.0,24.0,22.0,22.0,21.0,22.0,21.0,21.0,22.0,22.0,22.0,22.0,21.0,22.0,22.0,21.0,22.0,21.0,21.0,21.0,21.0,22.0,21.0,10.0,locate,7,7,2.6724
1787152350.2009,2026-08-19 17:12:30.200,10,c3,0,0,-0.03944,-0.49601,0.0509,-4.3859,10.3671,-24.2063,-0.0782,0.0077,-0.2424,4.69558,20.0,21.0,23.0,22.0,23.0,25.0,22.0,24.0,23.0,25.0,21.0,22.0,24.0,24.0,21.0,22.0,23.0,21.0,23.0,21.0,22.0,21.0,21.0,22.0,22.0,22.0,22.0,21.0,22.0,22.0,21.0,22.0,21.0,21.0,21.0,21.0,22.0,21.0,10.0,locate,7,7,2.7082
1787152350.251,2026-08-19 17:12:30.251,10,c3,0,0,-0.03945,-0.49601,0.0509,-4.4595,10.5876,-24.2834,-0.0834,0.0049,-0.2342,4.6835,20.0,21.0,23.0,22.0,23.0,25.0,22.0,24.0,23.0,25.0,21.0,22.0,24.0,24.0,21.0,22.0,23.0,21.0,23.0,21.0,22.0,21.0,21.0,22.0,22.0,22.0,22.0,21.0,22.0,22.0,21.0,22.0,21.0,21.0,21.0,21.0,22.0,21.0,10.0,locate,7,7,2.8157
1787152350.3011,2026-08-19 17:12:30.301,10,c3,0,0,-0.03943,-0.49601,0.05092,-4.2659,10.5838,-24.202,-0.0806,0.0136,-0.2363,4.69432,22.0,21.0,22.0,22.0,24.0,25.0,20.0,24.0,22.0,25.0,22.0,23.0,22.0,25.0,21.0,22.0,23.0,21.0,24.0,21.0,22.0,21.0,21.0,22.0,22.0,22.0,22.0,21.0,22.0,22.0,21.0,22.0,21.0,21.0,21.0,21.0,22.0,21.0,10.0,locate,7,7,2.7194
1787152350.3512,2026-08-19 17:12:30.351,10,c3,0,0,-0.03944,-0.49601,0.05091,-3.9921,9.9884,-24.5548,-0.0719,0.0174,-0.2325,4.69155,22.0,21.0,22.0,22.0,24.0,25.0,20.0,24.0,22.0,25.0,22.0,23.0,22.0,25.0,21.0,22.0,23.0,21.0,24.0,21.0,22.0,21.0,21.0,22.0,22.0,22.0,22.0,21.0,22.0,22.0,21.0,22.0,21.0,21.0,21.0,21.0,22.0,21.0,10.0,locate,7,7,2.7441
1787152350.4014,2026-08-19 17:12:30.401,10,c3,0,0,-0.03945,-0.49601,0.0509,-4.6258,10.5108,-24.3363,-0.0825,0.0038,-0.23,4.68576,22.0,21.0,23.0,21.0,23.0,25.0,23.0,22.0,23.0,25.0,22.0,21.0,23.0,25.0,22.0,20.0,24.0,22.0,20.0,21.0,22.0,21.0,21.0,22.0,22.0,22.0,22.0,21.0,22.0,22.0,21.0,22.0,21.0,21.0,21.0,21.0,22.0,21.0,10.0,locate,7,7,2.7956
1787152350.4515,2026-08-19 17:12:30.451,10,c3,0,0,-0.03944,-0.49601,0.05091,-4.2402,10.4024,-24.384,-0.0816,0.0126,-0.2325,4.69382,20.0,23.0,23.0,19.0,24.0,25.0,22.0,23.0,22.0,26.0,23.0,21.0,22.0,26.0,22.0,22.0,24.0,22.0,23.0,21.0,22.0,21.0,21.0,22.0,22.0,22.0,22.0,21.0,22.0,22.0,21.0,22.0,21.0,21.0,21.0,21.0,22.0,21.0,10.0,locate,7,7,2.7239
1787152350.5016,2026-08-19 17:12:30.501,10,c3,0,0,-0.03945,-0.49601,0.05091,-4.0406,10.1978,-24.4959,-0.0754,0.0173,-0.2311,4.68652,20.0,23.0,23.0,19.0,24.0,25.0,22.0,23.0,22.0,26.0,23.0,21.0,22.0,26.0,22.0,22.0,24.0,22.0,23.0,21.0,22.0,21.0,21.0,22.0,22.0,22.0,22.0,21.0,22.0,22.0,21.0,22.0,21.0,21.0,21.0,21.0,22.0,21.0,10.0,locate,7,7,2.7889
1787152350.5518,2026-08-19 17:12:30.551,10,c3,0,0,-0.03944,-0.49601,0.05091,-4.2743,10.1981,-24.3156,-0.0747,0.0104,-0.2327,4.69004,20.0,20.0,24.0,21.0,22.0,26.0,22.0,24.0,23.0,26.0,24.0,23.0,23.0,24.0,23.0,22.0,23.0,22.0,23.0,21.0,22.0,21.0,21.0,22.0,22.0,22.0,22.0,21.0,22.0,22.0,21.0,22.0,21.0,21.0,21.0,21.0,22.0,21.0,10.0,locate,7,7,2.7575
1787152350.6019,2026-08-19 17:12:30.601,10,c3,0,0,-0.03945,-0.49602,0.05092,-4.2524,9.9604,-24.3782,-0.0717,0.0131,-0.2366,4.69206,20.0,20.0,24.0,21.0,22.0,26.0,22.0,24.0,23.0,26.0,24.0,23.0,23.0,24.0,23.0,22.0,23.0,22.0,23.0,21.0,22.0,21.0,21.0,22.0,22.0,22.0,22.0,21.0,22.0,22.0,21.0,22.0,21.0,21.0,21.0,21.0,22.0,21.0,10.0,locate,7,7,2.7396
1787152350.652,2026-08-19 17:12:30.652,10,c3,0,0,-0.03943,-0.496,0.05089,-4.2757,10.1904,-24.416,-0.0751,0.0113,-0.2319,4.684,23.0,22.0,24.0,22.0,24.0,26.0,22.0,24.0,22.0,26.0,23.0,23.0,22.0,24.0,21.0,22.0,22.0,22.0,25.0,21.0,22.0,21.0,21.0,22.0,22.0,22.0,22.0,21.0,22.0,22.0,21.0,22.0,21.0,21.0,21.0,21.0,22.0,21.0,10.0,locate,7,7,2.8113
1787152350.7021,2026-08-19 17:12:30.702,10,c3,0,0,-0.03945,-0.496,0.0509,-4.3641,10.1937,-24.4099,-0.0722,0.0102,-0.2386,4.69583,23.0,22.0,24.0,22.0,24.0,26.0,22.0,24.0,22.0,26.0,23.0,23.0,22.0,24.0,21.0,22.0,22.0,22.0,25.0,21.0,22.0,21.0,21.0,22.0,22.0,22.0,22.0,21.0,22.0,22.0,21.0,22.0,21.0,21.0,21.0,21.0,22.0,21.0,10.0,locate,7,7,2.706
1787152350.7523,2026-08-19 17:12:30.752,10,c3,0,0,-0.03945,-0.49602,0.05091,-4.7463,10.5896,-24.2568,-0.082,0.0026,-0.2386,4.68702,23.0,20.0,22.0,22.0,23.0,25.0,23.0,25.0,23.0,26.0,22.0,24.0,24.0,26.0,21.0,22.0,24.0,21.0,23.0,21.0,22.0,21.0,21.0,22.0,22.0,22.0,22.0,21.0,22.0,22.0,21.0,22.0,21.0,21.0,21.0,21.0,22.0,21.0,10.0,locate,7,7,2.7844
1787152350.8024,2026-08-19 17:12:30.802,10,c3,0,0,-0.03944,-0.49601,0.05092,-4.2863,10.7308,-24.3334,-0.0877,0.0123,-0.2391,4.69483,22.0,21.0,24.0,22.0,24.0,25.0,22.0,22.0,23.0,25.0,21.0,22.0,24.0,24.0,21.0,21.0,23.0,22.0,22.0,21.0,22.0,21.0,21.0,22.0,22.0,22.0,22.0,21.0,22.0,22.0,21.0,22.0,21.0,21.0,21.0,21.0,22.0,21.0,10.0,locate,7,7,2.7149
1787152350.8525,2026-08-19 17:12:30.852,10,c3,0,0,-0.03945,-0.49601,0.05091,-4.5271,10.776,-24.2187,-0.0878,0.0067,-0.2306,4.68727,22.0,21.0,24.0,22.0,24.0,25.0,22.0,22.0,23.0,25.0,21.0,22.0,24.0,24.0,21.0,21.0,23.0,22.0,22.0,21.0,22.0,21.0,21.0,22.0,22.0,22.0,22.0,21.0,22.0,22.0,21.0,22.0,21.0,21.0,21.0,21.0,22.0,21.0,10.0,locate,7,7,2.7821
1787152350.9027,2026-08-19 17:12:30.902,10,c3,0,0,-0.03945,-0.49601,0.0509,-4.3872,10.4175,-24.3502,-0.0766,0.0078,-0.2369,4.69407,22.0,21.0,23.0,21.0,23.0,25.0,21.0,24.0,22.0,25.0,21.0,22.0,22.0,25.0,22.0,21.0,23.0,21.0,22.0,21.0,22.0,21.0,21.0,22.0,22.0,22.0,22.0,21.0,22.0,22.0,21.0,22.0,21.0,21.0,21.0,21.0,22.0,21.0,10.0,locate,7,7,2.7217
1787152350.9528,2026-08-19 17:12:30.952,10,c3,0,0,-0.03944,-0.496,0.05091,-4.4147,10.5095,-24.639,-0.0779,0.0121,-0.2345,4.68879,22.0,21.0,23.0,21.0,23.0,25.0,21.0,24.0,22.0,25.0,21.0,22.0,22.0,25.0,22.0,21.0,23.0,21.0,22.0,21.0,22.0,21.0,21.0,22.0,22.0,22.0,22.0,21.0,22.0,22.0,21.0,22.0,21.0,21.0,21.0,21.0,22.0,21.0,10.0,locate,7,7,2.7687
1787152351.0029,2026-08-19 17:12:31.002,10,c3,0,0,-0.03943,-0.496,0.0509,-4.4096,10.3554,-24.4939,-0.0777,0.0075,-0.2283,4.69634,21.0,20.0,24.0,22.0,22.0,25.0,21.0,25.0,21.0,25.0,21.0,24.0,22.0,24.0,22.0,23.0,22.0,22.0,24.0,21.0,22.0,21.0,21.0,22.0,22.0,22.0,22.0,21.0,22.0,22.0,21.0,22.0,21.0,21.0,21.0,21.0,22.0,21.0,10.0,locate,7,7,2.7015
1787152351.0531,2026-08-19 17:12:31.053,10,c3,0,0,-0.03944,-0.49601,0.05091,-4.0128,10.3086,-24.4222,-0.0784,0.0176,-0.2308,4.68954,24.0,21.0,24.0,24.0,21.0,25.0,22.0,22.0,25.0,26.0,25.0,21.0,25.0,26.0,23.0,20.0,25.0,23.0,21.0,21.0,22.0,21.0,21.0,22.0,22.0,22.0,22.0,21.0,22.0,22.0,21.0,22.0,21.0,21.0,21.0,21.0,22.0,21.0,10.0,locate,7,7,2.762
1787152351.1032,2026-08-19 17:12:31.103,10,c3,0,0,-0.03943,-0.49601,0.0509,-4.6227,10.1959,-24.2633,-0.0727,0.0032,-0.2339,4.69609,24.0,21.0,24.0,24.0,21.0,25.0,22.0,22.0,25.0,26.0,25.0,21.0,25.0,26.0,23.0,20.0,25.0,23.0,21.0,21.0,22.0,21.0,21.0,22.0,22.0,22.0,22.0,21.0,22.0,22.0,21.0,22.0,21.0,21.0,21.0,21.0,22.0,21.0,10.0,locate,7,7,2.7037
1787152351.1533,2026-08-19 17:12:31.153,10,c3,0,0,-0.03944,-0.49601,0.0509,-4.2842,10.3904,-24.4749,-0.0757,0.0112,-0.2363,4.68979,19.0,23.0,23.0,20.0,25.0,25.0,23.0,24.0,22.0,24.0,23.0,23.0,23.0,24.0,23.0,22.0,22.0,22.0,22.0,21.0,22.0,21.0,21.0,22.0,22.0,22.0,22.0,21.0,22.0,22.0,21.0,22.0,21.0,21.0,21.0,21.0,22.0,21.0,10.0,locate,7,7,2.7597
1787152351.2035,2026-08-19 17:12:31.203,10,c3,0,0,-0.03945,-0.49601,0.05091,-4.1128,10.1976,-24.4392,-0.0748,0.0163,-0.2309,4.6976,19.0,23.0,23.0,20.0,25.0,25.0,23.0,24.0,22.0,24.0,23.0,23.0,23.0,24.0,23.0,22.0,22.0,22.0,22.0,21.0,22.0,21.0,21.0,22.0,22.0,22.0,22.0,21.0,22.0,22.0,21.0,22.0,21.0,21.0,21.0,21.0,22.0,21.0,10.0,locate,7,7,2.6903
1787152351.2536,2026-08-19 17:12:31.253,10,c3,0,0,-0.03944,-0.49601,0.05091,-4.2524,10.3193,-24.4555,-0.0775,0.009,-0.2311,4.68803,21.0,21.0,22.0,22.0,23.0,25.0,23.0,22.0,22.0,26.0,22.0,23.0,21.0,25.0,22.0,20.0,23.0,21.0,22.0,21.0,22.0,21.0,21.0,22.0,22.0,22.0,22.0,21.0,22.0,22.0,21.0,22.0,21.0,21.0,21.0,21.0,22.0,21.0,10.0,locate,7,7,2.7754
1787152351.3037,2026-08-19 17:12:31.303,10,c3,0,0,-0.03943,-0.49601,0.05091,-4.1789,10.1244,-24.3408,-0.0772,0.0102,-0.2348,4.69785,21.0,21.0,24.0,20.0,21.0,25.0,22.0,22.0,23.0,26.0,23.0,22.0,22.0,26.0,22.0,21.0,24.0,22.0,22.0,21.0,22.0,21.0,21.0,22.0,22.0,22.0,22.0,21.0,22.0,22.0,21.0,22.0,21.0,21.0,21.0,21.0,22.0,21.0,10.0,locate,7,7,2.6881
1787152351.3538,2026-08-19 17:12:31.353,10,c3,0,0,-0.03945,-0.49601,0.05091,-4.512,10.2994,-24.6158,-0.0766,0.0069,-0.2316,4.69181,21.0,21.0,24.0,20.0,21.0,25.0,22.0,22.0,23.0,26.0,23.0,22.0,22.0,26.0,22.0,21.0,24.0,22.0,22.0,21.0,22.0,21.0,21.0,22.0,22.0,22.0,22.0,21.0,22.0,22.0,21.0,22.0,21.0,21.0,21.0,21.0,22.0,21.0,10.0,locate,7,7,2.7418
1787152351.4039,2026-08-19 17:12:31.403,10,c3,0,0,-0.03944,-0.49601,0.05091,-4.6027,10.8105,-24.3311,-0.0868,-0.0023,-0.2339,4.69709,21.0,21.0,24.0,22.0,24.0,25.0,21.0,22.0,25.0,26.0,23.0,21.0,24.0,25.0,21.0,21.0,24.0,20.0,21.0,21.0,22.0,21.0,21.0,22.0,22.0,22.0,22.0,21.0,22.0,22.0,21.0,22.0,21.0,21.0,21.0,21.0,22.0,21.0,10.0,locate,7,7,2.6948
1787152351.454,2026-08-19 17:12:31.454,10,c3,0,0,-0.03943,-0.496,0.0509,-4.1996,10.4329,-24.337,-0.0798,0.0116,-0.2332,4.68627,21.0,21.0,24.0,22.0,24.0,25.0,21.0,22.0,25.0,26.0,23.0,21.0,24.0,25.0,21.0,21.0,24.0,20.0,21.0,21.0,22.0,21.0,21.0,22.0,22.0,22.0,22.0,21.0,22.0,22.0,21.0,22.0,21.0,21.0,21.0,21.0,22.0,21.0,10.0,locate,7,7,2.7911
1787152351.5042,2026-08-19 17:12:31.504,10,c3,0,0,-0.03944,-0.496,0.0509,-4.2001,10.0883,-24.561,-0.0698,0.0131,-0.2377,4.69609,22.0,23.0,24.0,21.0,25.0,26.0,22.0,22.0,22.0,25.0,22.0,22.0,24.0,26.0,21.0,20.0,24.0,22.0,22.0,21.0,22.0,21.0,21.0,22.0,22.0,22.0,22.0,21.0,22.0,22.0,21.0,22.0,21.0,21.0,21.0,21.0,22.0,21.0,10.0,locate,7,7,2.7037
1787152351.5543,2026-08-19 17:12:31.554,10,c3,0,0,-0.03944,-0.49602,0.05091,-4.3532,10.2041,-24.3808,-0.0693,0.0105,-0.2336,4.68929,21.0,21.0,22.0,20.0,23.0,25.0,22.0,21.0,23.0,26.0,22.0,22.0,23.0,26.0,23.0,21.0,24.0,23.0,21.0,21.0,22.0,21.0,21.0,22.0,22.0,22.0,22.0,21.0,22.0,22.0,21.0,22.0,21.0,21.0,21.0,21.0,22.0,21.0,10.0,locate,7,7,2.7642
1787152351.6043,2026-08-19 17:12:31.604,10,c3,0,0,-0.03944,-0.496,0.0509,-4.2039,10.5956,-24.3413,-0.0848,0.0146,-0.2255,4.69055,21.0,21.0,22.0,20.0,23.0,25.0,22.0,21.0,23.0,26.0,22.0,22.0,23.0,26.0,23.0,21.0,24.0,23.0,21.0,21.0,22.0,21.0,21.0,22.0,22.0,22.0,22.0,21.0,22.0,22.0,21.0,22.0,21.0,21.0,21.0,21.0,22.0,21.0,10.0,locate,7,7,2.753
1787152351.6544,2026-08-19 17:12:31.654,10,c3,0,0,-0.03944,-0.496,0.0509,-4.0929,10.3847,-24.5889,-0.0785,0.0153,-0.235,4.69105,21.0,22.0,23.0,20.0,22.0,25.0,22.0,24.0,22.0,25.0,23.0,23.0,22.0,25.0,22.0,22.0,22.0,22.0,22.0,21.0,22.0,21.0,21.0,22.0,22.0,22.0,22.0,21.0,22.0,22.0,21.0,22.0,21.0,21.0,21.0,21.0,22.0,21.0,10.0,locate,7,7,2.7485
1787152351.7046,2026-08-19 17:12:31.704,10,c3,0,0,-0.03945,-0.49601,0.05091,-4.2686,10.2078,-24.5243,-0.075,0.0108,-0.2276,4.69105,21.0,22.0,23.0,20.0,22.0,25.0,22.0,24.0,22.0,25.0,23.0,23.0,22.0,25.0,22.0,22.0,22.0,22.0,22.0,21.0,22.0,21.0,21.0,22.0,22.0,22.0,22.0,21.0,22.0,22.0,21.0,22.0,21.0,21.0,21.0,21.0,22.0,21.0,10.0,locate,7,7,2.7485
1787152351.7547,2026-08-19 17:12:31.754,10,c3,1,0,-0.03942,-0.49599,0.0509,-3.9851,9.8344,-24.814,-0.0653,0.0171,-0.2258,4.68929,21.0,21.0,22.0,22.0,23.0,24.0,22.0,22.0,23.0,26.0,24.0,22.0,23.0,25.0,25.0,20.0,24.0,23.0,21.0,21.0,22.0,21.0,21.0,22.0,22.0,22.0,22.0,21.0,22.0,22.0,21.0,22.0,21.0,21.0,21.0,21.0,22.0,21.0,10.0,press,7,7,2.7642
1787152351.8048,2026-08-19 17:12:31.804,10,c3,1,0,-0.03945,-0.49603,0.05092,-4.2061,10.4844,-24.6515,-0.0814,0.0136,-0.2334,4.68677,21.0,21.0,22.0,22.0,23.0,24.0,22.0,22.0,23.0,26.0,24.0,22.0,23.0,25.0,25.0,20.0,24.0,23.0,21.0,21.0,22.0,21.0,21.0,22.0,22.0,22.0,22.0,21.0,22.0,22.0,21.0,22.0,21.0,21.0,21.0,21.0,22.0,21.0,10.0,press,7,7,2.7866
1787152351.8549,2026-08-19 17:12:31.854,10,c3,1,0,-0.03945,-0.49603,0.05086,-4.2315,10.0771,-24.5242,-0.0716,0.0145,-0.2363,4.68979,21.0,23.0,24.0,21.0,24.0,25.0,24.0,24.0,24.0,26.0,22.0,23.0,24.0,25.0,22.0,22.0,23.0,22.0,23.0,21.0,22.0,21.0,21.0,22.0,22.0,22.0,22.0,21.0,22.0,22.0,21.0,22.0,21.0,21.0,21.0,21.0,22.0,21.0,10.0,press,7,7,2.7597
1787152351.9051,2026-08-19 17:12:31.905,10,c3,1,0,-0.03944,-0.49603,0.05072,-4.4389,10.2978,-24.4352,-0.0777,0.0058,-0.2373,4.69911,22.0,21.0,24.0,23.0,25.0,25.0,23.0,24.0,23.0,26.0,23.0,22.0,24.0,26.0,22.0,21.0,24.0,23.0,21.0,21.0,22.0,21.0,21.0,22.0,22.0,22.0,22.0,21.0,22.0,22.0,21.0,22.0,21.0,21.0,21.0,21.0,22.0,21.0,10.0,press,7,7,2.6769
1787152351.9552,2026-08-19 17:12:31.955,10,c3,1,0,-0.03946,-0.49602,0.05055,-4.1351,10.0309,-24.3976,-0.0722,0.0149,-0.2327,4.69105,22.0,21.0,24.0,23.0,25.0,25.0,23.0,24.0,23.0,26.0,23.0,22.0,24.0,26.0,22.0,21.0,24.0,23.0,21.0,21.0,22.0,21.0,21.0,22.0,22.0,22.0,22.0,21.0,22.0,22.0,21.0,22.0,21.0,21.0,21.0,21.0,22.0,21.0,10.0,press,7,7,2.7485
1787152352.0053,2026-08-19 17:12:32.005,10,c3,1,0,-0.03947,-0.49604,0.05035,-3.8692,10.0228,-24.6709,-0.0704,0.0227,-0.2272,4.69281,21.0,21.0,24.0,22.0,24.0,26.0,23.0,22.0,24.0,25.0,22.0,21.0,24.0,25.0,22.0,20.0,23.0,22.0,23.0,21.0,22.0,21.0,21.0,22.0,22.0,22.0,22.0,21.0,22.0,22.0,21.0,22.0,21.0,21.0,21.0,21.0,22.0,21.0,10.0,press,7,7,2.7329
1787152352.0555,2026-08-19 17:12:32.055,10,c3,1,0,-0.03947,-0.49605,0.05014,-4.2664,9.9716,-24.4954,-0.0712,0.0131,-0.2368,4.68174,21.0,21.0,24.0,22.0,24.0,26.0,23.0,22.0,24.0,25.0,22.0,21.0,24.0,25.0,22.0,20.0,23.0,22.0,23.0,21.0,22.0,21.0,21.0,22.0,22.0,22.0,22.0,21.0,22.0,22.0,21.0,22.0,21.0,21.0,21.0,21.0,22.0,21.0,10.0,press,7,7,2.8314
1787152352.1055,2026-08-19 17:12:32.105,10,c3,1,0,-0.03946,-0.49605,0.04989,-4.5984,10.2508,-24.3637,-0.0728,0.0028,-0.2375,4.6913,20.0,22.0,23.0,22.0,26.0,24.0,22.0,23.0,24.0,25.0,23.0,22.0,25.0,26.0,22.0,21.0,23.0,22.0,22.0,21.0,22.0,21.0,21.0,22.0,22.0,22.0,22.0,21.0,22.0,22.0,21.0,22.0,21.0,21.0,21.0,21.0,22.0,21.0,10.0,press,7,7,2.7463
1787152352.1556,2026-08-19 17:12:32.155,10,c3,1,0,-0.03946,-0.49607,0.04964,-4.3853,10.3978,-24.5452,-0.0794,0.0089,-0.2358,4.684,20.0,23.0,24.0,21.0,26.0,25.0,23.0,23.0,24.0,27.0,22.0,22.0,24.0,26.0,23.0,21.0,24.0,22.0,22.0,21.0,22.0,21.0,21.0,22.0,22.0,22.0,22.0,21.0,22.0,22.0,21.0,22.0,21.0,21.0,21.0,21.0,22.0,21.0,10.0,press,7,7,2.8113
1787152352.2058,2026-08-19 17:12:32.205,10,c3,1,0,-0.03943,-0.49601,0.04927,-4.4263,10.1429,-24.6129,-0.0723,0.0048,-0.2326,4.70188,20.0,23.0,24.0,21.0,26.0,25.0,23.0,23.0,24.0,27.0,22.0,22.0,24.0,26.0,23.0,21.0,24.0,22.0,22.0,21.0,22.0,21.0,21.0,22.0,22.0,22.0,22.0,21.0,22.0,22.0,21.0,22.0,21.0,21.0,21.0,21.0,22.0,21.0,10.0,press,7,7,2.6522
1787152352.2559,2026-08-19 17:12:32.255,10,c3,1,0,-0.03943,-0.496,0.04892,-4.0029,10.2285,-24.244,-0.0763,0.0193,-0.2329,4.69583,21.0,23.0,23.0,21.0,24.0,25.0,22.0,23.0,22.0,27.0,23.0,22.0,21.0,27.0,22.0,22.0,25.0,23.0,23.0,21.0,22.0,21.0,21.0,22.0,22.0,22.0,22.0,21.0,22.0,22.0,21.0,22.0,21.0,21.0,21.0,21.0,22.0,21.0,10.0,press,7,7,2.706
1787152352.306,2026-08-19 17:12:32.305,10,c3,1,0,-0.03946,-0.49603,0.04862,-4.3229,10.4428,-24.4702,-0.0789,0.0043,-0.2281,4.69659,21.0,23.0,23.0,21.0,24.0,25.0,22.0,23.0,22.0,27.0,23.0,22.0,21.0,27.0,22.0,22.0,25.0,23.0,23.0,21.0,22.0,21.0,21.0,22.0,22.0,22.0,22.0,21.0,22.0,22.0,21.0,22.0,21.0,21.0,21.0,21.0,22.0,21.0,10.0,press,7,7,2.6993
1787152352.3561,2026-08-19 17:12:32.356,10,c3,1,0,-0.03945,-0.49601,0.04826,-4.3063,10.2238,-24.5115,-0.0756,0.012,-0.2318,4.69256,21.0,23.0,24.0,21.0,23.0,26.0,23.0,24.0,22.0,26.0,24.0,23.0,21.0,25.0,23.0,21.0,24.0,22.0,23.0,21.0,22.0,21.0,21.0,22.0,22.0,22.0,22.0,21.0,22.0,22.0,21.0,22.0,21.0,21.0,21.0,21.0,22.0,21.0,10.0,press,7,7,2.7351
1787152352.4062,2026-08-19 17:12:32.406,10,c3,1,0,-0.03947,-0.49603,0.04797,-4.1009,10.0368,-24.4001,-0.0729,0.0158,-0.2304,4.68979,22.0,21.0,22.0,23.0,24.0,25.0,23.0,24.0,22.0,25.0,23.0,22.0,22.0,25.0,23.0,23.0,24.0,23.0,22.0,21.0,22.0,21.0,21.0,22.0,22.0,22.0,22.0,21.0,22.0,22.0,21.0,22.0,21.0,21.0,21.0,21.0,22.0,21.0,10.0,press,7,7,2.7597
1787152352.4563,2026-08-19 17:12:32.456,10,c3,1,0,-0.03945,-0.49603,0.04761,-4.2797,10.0704,-24.3595,-0.0713,0.0097,-0.2293,4.69508,22.0,21.0,22.0,23.0,24.0,25.0,23.0,24.0,22.0,25.0,23.0,22.0,22.0,25.0,23.0,23.0,24.0,23.0,22.0,21.0,22.0,21.0,21.0,22.0,22.0,22.0,22.0,21.0,22.0,22.0,21.0,22.0,21.0,21.0,21.0,21.0,22.0,21.0,10.0,press,7,7,2.7127
1787152352.5065,2026-08-19 17:12:32.506,10,c3,1,0,-0.03946,-0.49603,0.0473,-4.0537,10.3628,-24.3281,-0.0756,0.0156,-0.2249,4.6913,22.0,20.0,24.0,22.0,24.0,25.0,23.0,24.0,24.0,26.0,23.0,23.0,24.0,25.0,23.0,21.0,24.0,23.0,22.0,21.0,22.0,21.0,21.0,22.0,22.0,22.0,22.0,21.0,22.0,22.0,21.0,22.0,21.0,21.0,21.0,21.0,22.0,21.0,10.0,press,7,7,2.7463
1787152352.5566,2026-08-19 17:12:32.556,10,c3,1,0,-0.03946,-0.49603,0.04697,-4.4166,10.4752,-24.3577,-0.0756,0.0079,-0.236,4.69583,22.0,20.0,24.0,22.0,24.0,25.0,23.0,24.0,24.0,26.0,23.0,23.0,24.0,25.0,23.0,21.0,24.0,23.0,22.0,21.0,22.0,21.0,21.0,22.0,22.0,22.0,22.0,21.0,22.0,22.0,21.0,22.0,21.0,21.0,21.0,21.0,22.0,21.0,10.0,press,7,7,2.706
1787152352.6067,2026-08-19 17:12:32.606,10,c3,1,0,-0.03944,-0.49602,0.04662,-4.4722,10.322,-24.1874,-0.0763,0.0082,-0.2283,4.68778,21.0,23.0,24.0,22.0,25.0,25.0,23.0,24.0,24.0,28.0,23.0,23.0,22.0,26.0,23.0,22.0,24.0,22.0,23.0,21.0,22.0,21.0,21.0,22.0,22.0,22.0,22.0,21.0,22.0,22.0,21.0,22.0,21.0,21.0,21.0,21.0,22.0,21.0,10.0,press,7,7,2.7777
1787152352.6568,2026-08-19 17:12:32.656,10,c3,1,0,-0.03944,-0.49602,0.04629,-4.2612,10.4433,-24.2546,-0.0831,0.0106,-0.2321,4.68652,20.0,21.0,24.0,21.0,24.0,27.0,23.0,23.0,24.0,28.0,23.0,21.0,24.0,25.0,22.0,21.0,24.0,22.0,22.0,21.0,22.0,21.0,21.0,22.0,22.0,22.0,22.0,21.0,22.0,22.0,21.0,22.0,21.0,21.0,21.0,21.0,22.0,21.0,10.0,press,7,7,2.7889
1787152352.7069,2026-08-19 17:12:32.706,10,c3,1,0,-0.03946,-0.49603,0.04596,-3.8838,9.5846,-24.4595,-0.0619,0.0224,-0.2322,4.68174,20.0,21.0,24.0,21.0,24.0,27.0,23.0,23.0,24.0,28.0,23.0,21.0,24.0,25.0,22.0,21.0,24.0,22.0,22.0,21.0,22.0,21.0,21.0,22.0,22.0,22.0,22.0,21.0,22.0,22.0,21.0,22.0,21.0,21.0,21.0,21.0,22.0,21.0,10.0,press,7,7,2.8314
1787152352.757,2026-08-19 17:12:32.756,10,c3,1,0,-0.03945,-0.49602,0.04562,-4.2826,10.0258,-24.4421,-0.0674,0.0087,-0.2283,4.67519,21.0,22.0,24.0,20.0,25.0,26.0,23.0,24.0,23.0,27.0,21.0,25.0,23.0,26.0,22.0,23.0,23.0,22.0,23.0,21.0,22.0,21.0,21.0,22.0,22.0,22.0,22.0,21.0,22.0,22.0,21.0,22.0,21.0,21.0,21.0,21.0,22.0,21.0,10.0,press,7,7,2.8897
1787152352.8071,2026-08-19 17:12:32.807,10,c3,1,0,-0.03945,-0.49603,0.0453,-4.0973,10.0709,-24.358,-0.0682,0.0161,-0.2303,4.64749,21.0,22.0,24.0,20.0,25.0,26.0,23.0,24.0,23.0,27.0,21.0,25.0,23.0,26.0,22.0,23.0,23.0,22.0,23.0,21.0,22.0,21.0,21.0,22.0,22.0,22.0,22.0,21.0,22.0,22.0,21.0,22.0,21.0,21.0,21.0,21.0,22.0,21.0,10.0,press,7,7,3.1361
1787152352.8572,2026-08-19 17:12:32.857,10,c3,1,0,-0.03944,-0.49603,0.04496,-4.1426,10.196,-24.1902,-0.0742,0.017,-0.2291,4.61552,22.0,22.0,24.0,23.0,23.0,26.0,21.0,23.0,26.0,28.0,23.0,23.0,24.0,26.0,23.0,22.0,24.0,23.0,23.0,21.0,22.0,21.0,21.0,22.0,22.0,22.0,22.0,21.0,22.0,22.0,21.0,22.0,21.0,21.0,21.0,21.0,22.0,21.0,10.0,press,7,7,3.4205
1787152352.9073,2026-08-19 17:12:32.907,10,c3,1,0,-0.03943,-0.49603,0.04465,-4.1815,9.8888,-24.176,-0.0664,0.0166,-0.2296,4.58455,22.0,22.0,24.0,23.0,23.0,26.0,21.0,23.0,26.0,28.0,23.0,23.0,24.0,26.0,23.0,22.0,24.0,23.0,23.0,21.0,22.0,21.0,21.0,22.0,22.0,22.0,22.0,21.0,22.0,22.0,21.0,22.0,21.0,21.0,21.0,21.0,22.0,21.0,10.0,press,7,7,3.696
1787152352.9575,2026-08-19 17:12:32.957,10,c3,1,0,-0.03944,-0.49603,0.04432,-4.6623,10.5428,-23.9188,-0.0834,0.0033,-0.2298,4.57297,22.0,24.0,22.0,22.0,26.0,26.0,23.0,24.0,26.0,30.0,23.0,24.0,25.0,28.0,22.0,22.0,25.0,22.0,24.0,21.0,22.0,21.0,21.0,22.0,22.0,22.0,22.0,21.0,22.0,22.0,21.0,22.0,21.0,21.0,21.0,21.0,22.0,21.0,10.0,press,7,7,3.7991
1787152353.0076,2026-08-19 17:12:33.007,10,c3,1,0,-0.03943,-0.49602,0.04398,-4.3445,10.0117,-24.0764,-0.0717,0.0112,-0.2301,4.54578,22.0,23.0,24.0,22.0,26.0,26.0,23.0,26.0,27.0,29.0,22.0,25.0,24.0,28.0,21.0,23.0,24.0,23.0,24.0,21.0,22.0,21.0,21.0,22.0,22.0,22.0,22.0,21.0,22.0,22.0,21.0,22.0,21.0,21.0,21.0,21.0,22.0,21.0,10.0,press,7,7,4.041
1787152353.0577,2026-08-19 17:12:33.057,10,c3,1,0,-0.03945,-0.49603,0.04365,-4.1034,10.1337,-23.8418,-0.073,0.0164,-0.2312,4.49769,22.0,23.0,24.0,22.0,26.0,26.0,23.0,26.0,27.0,29.0,22.0,25.0,24.0,28.0,21.0,23.0,24.0,23.0,24.0,21.0,22.0,21.0,21.0,22.0,22.0,22.0,22.0,21.0,22.0,22.0,21.0,22.0,21.0,21.0,21.0,21.0,22.0,21.0,10.0,press,7,7,4.4688
1787152353.1078,2026-08-19 17:12:33.107,10,c3,1,0,-0.03944,-0.49603,0.04329,-3.9877,10.3443,-23.431,-0.0729,0.0202,-0.2272,4.41536,21.0,24.0,22.0,23.0,26.0,26.0,21.0,24.0,25.0,31.0,22.0,22.0,25.0,30.0,22.0,21.0,25.0,21.0,22.0,21.0,22.0,21.0,21.0,22.0,22.0,22.0,22.0,21.0,22.0,22.0,21.0,22.0,21.0,21.0,21.0,21.0,22.0,21.0,10.0,press,7,7,5.2012
1787152353.1579,2026-08-19 17:12:33.157,10,c3,1,0,-0.03945,-0.49605,0.04299,-4.4716,10.1921,-23.1673,-0.0701,0.0125,-0.2327,4.34763,21.0,24.0,22.0,23.0,26.0,26.0,21.0,24.0,25.0,31.0,22.0,22.0,25.0,30.0,22.0,21.0,25.0,21.0,22.0,21.0,22.0,21.0,21.0,22.0,22.0,22.0,22.0,21.0,22.0,22.0,21.0,22.0,21.0,21.0,21.0,21.0,22.0,21.0,10.0,press,7,7,5.8038
1787152353.208,2026-08-19 17:12:33.207,10,c3,1,0,-0.03947,-0.49605,0.04266,-4.7889,10.3492,-22.983,-0.0746,0.0046,-0.2313,4.26102,20.0,22.0,22.0,22.0,25.0,27.0,22.0,24.0,27.0,31.0,24.0,20.0,26.0,31.0,23.0,21.0,26.0,22.0,23.0,21.0,22.0,21.0,21.0,22.0,22.0,22.0,22.0,21.0,22.0,22.0,21.0,22.0,21.0,21.0,21.0,21.0,22.0,21.0,10.0,press,7,7,6.5743
1787152353.2581,2026-08-19 17:12:33.258,10,c3,1,0,-0.03945,-0.49606,0.04238,-4.2071,10.0143,-22.6604,-0.0668,0.0214,-0.2271,4.18373,21.0,23.0,22.0,22.0,29.0,27.0,24.0,27.0,27.0,31.0,22.0,22.0,26.0,31.0,21.0,24.0,26.0,22.0,27.0,21.0,22.0,21.0,21.0,22.0,22.0,22.0,22.0,21.0,22.0,22.0,21.0,22.0,21.0,21.0,21.0,21.0,22.0,21.0,10.0,press,7,7,7.2619
1787152353.3083,2026-08-19 17:12:33.308,10,c3,1,0,-0.03945,-0.49606,0.04206,-4.48,10.195,-22.2355,-0.0703,0.0123,-0.238,4.09183,21.0,23.0,22.0,22.0,29.0,27.0,24.0,27.0,27.0,31.0,22.0,22.0,26.0,31.0,21.0,24.0,26.0,22.0,27.0,21.0,22.0,21.0,21.0,22.0,22.0,22.0,22.0,21.0,22.0,22.0,21.0,22.0,21.0,21.0,21.0,21.0,22.0,21.0,10.0,press,7,7,8.0795
1787152353.3584,2026-08-19 17:12:33.358,10,c3,1,0,-0.03944,-0.49605,0.04179,-4.0715,10.1772,-21.8954,-0.0654,0.0224,-0.2269,4.0032,24.0,24.0,21.0,25.0,28.0,28.0,22.0,24.0,31.0,31.0,23.0,22.0,28.0,34.0,23.0,20.0,26.0,22.0,23.0,21.0,22.0,21.0,21.0,22.0,22.0,22.0,22.0,21.0,22.0,22.0,21.0,22.0,21.0,21.0,21.0,21.0,22.0,21.0,10.0,press,7,7,8.8679
1787152353.4085,2026-08-19 17:12:33.408,10,c3,1,0,-0.03944,-0.496,0.04153,-4.4105,10.1569,-21.702,-0.0659,0.0175,-0.2287,3.92314,24.0,24.0,21.0,25.0,28.0,28.0,22.0,24.0,31.0,31.0,23.0,22.0,28.0,34.0,23.0,20.0,26.0,22.0,23.0,21.0,22.0,21.0,21.0,22.0,22.0,22.0,22.0,21.0,22.0,22.0,21.0,22.0,21.0,21.0,21.0,21.0,22.0,21.0,10.0,press,7,7,9.5802
1787152353.4586,2026-08-19 17:12:33.458,10,c3,1,0,-0.03943,-0.496,0.04137,-4.4885,10.2682,-21.3503,-0.0662,0.0166,-0.2339,3.86699,22.0,25.0,21.0,23.0,30.0,29.0,23.0,26.0,30.0,31.0,23.0,22.0,27.0,35.0,23.0,22.0,27.0,23.0,24.0,21.0,22.0,21.0,21.0,22.0,22.0,22.0,22.0,21.0,22.0,22.0,21.0,22.0,21.0,21.0,21.0,21.0,22.0,21.0,10.0,press,7,7,10.0797
1787152353.5087,2026-08-19 17:12:33.508,10,c3,1,0,-0.03943,-0.49601,0.04123,-4.1318,10.6064,-21.3082,-0.0788,0.0221,-0.223,3.81463,21.0,25.0,21.0,22.0,30.0,30.0,22.0,25.0,30.0,32.0,23.0,22.0,28.0,36.0,23.0,22.0,28.0,21.0,25.0,21.0,22.0,21.0,21.0,22.0,22.0,22.0,22.0,21.0,22.0,22.0,21.0,22.0,21.0,21.0,21.0,21.0,22.0,21.0,10.0,press,7,7,10.5456
1787152353.5589,2026-08-19 17:12:33.558,10,c3,1,0,-0.03943,-0.49601,0.04113,-4.4625,10.2569,-21.0651,-0.0666,0.0175,-0.2282,3.77812,21.0,25.0,21.0,22.0,30.0,30.0,22.0,25.0,30.0,32.0,23.0,22.0,28.0,36.0,23.0,22.0,28.0,21.0,25.0,21.0,22.0,21.0,21.0,22.0,22.0,22.0,22.0,21.0,22.0,22.0,21.0,22.0,21.0,21.0,21.0,21.0,22.0,21.0,10.0,press,7,7,10.8704
1787152353.609,2026-08-19 17:12:33.608,10,c3,1,0,-0.03944,-0.49602,0.04105,-4.0049,10.0483,-21.0326,-0.0618,0.0285,-0.2278,3.75445,23.0,23.0,21.0,23.0,31.0,31.0,23.0,25.0,32.0,33.0,24.0,23.0,28.0,37.0,22.0,22.0,26.0,23.0,23.0,21.0,22.0,21.0,21.0,22.0,22.0,22.0,22.0,21.0,22.0,22.0,21.0,22.0,21.0,21.0,21.0,21.0,22.0,21.0,10.0,press,7,7,11.0809
1787152353.6591,2026-08-19 17:12:33.659,10,c3,1,0,-0.03944,-0.49602,0.04099,-4.682,10.2787,-20.9394,-0.0681,0.0103,-0.2358,3.73154,23.0,23.0,21.0,23.0,31.0,31.0,23.0,25.0,32.0,33.0,24.0,23.0,28.0,37.0,22.0,22.0,26.0,23.0,23.0,21.0,22.0,21.0,21.0,22.0,22.0,22.0,22.0,21.0,22.0,22.0,21.0,22.0,21.0,21.0,21.0,21.0,22.0,21.0,10.0,press,7,7,11.2848
1787152353.7092,2026-08-19 17:12:33.709,10,c3,1,0,-0.03944,-0.49602,0.04097,-4.3668,10.2038,-20.9983,-0.0631,0.0189,-0.2272,3.71946,23.0,24.0,22.0,23.0,31.0,31.0,23.0,25.0,31.0,33.0,24.0,21.0,27.0,37.0,22.0,22.0,28.0,22.0,24.0,21.0,22.0,21.0,21.0,22.0,22.0,22.0,22.0,21.0,22.0,22.0,21.0,22.0,21.0,21.0,21.0,21.0,22.0,21.0,10.0,press,7,7,11.3923
1787152353.7593,2026-08-19 17:12:33.759,10,c3,1,0,-0.03944,-0.49602,0.04095,-4.612,10.6185,-20.9147,-0.0741,0.0164,-0.2308,3.72147,23.0,23.0,22.0,22.0,31.0,32.0,23.0,27.0,31.0,32.0,23.0,22.0,28.0,37.0,22.0,22.0,26.0,20.0,24.0,21.0,22.0,21.0,21.0,22.0,22.0,22.0,22.0,21.0,22.0,22.0,21.0,22.0,21.0,21.0,21.0,21.0,22.0,21.0,10.0,hold,7,7,11.3744
1787152353.8094,2026-08-19 17:12:33.809,10,c3,1,0,-0.03944,-0.496,0.04091,-4.6376,10.0678,-20.6424,-0.059,0.0129,-0.2295,3.70737,23.0,23.0,22.0,22.0,31.0,32.0,23.0,27.0,31.0,32.0,23.0,22.0,28.0,37.0,22.0,22.0,26.0,20.0,24.0,21.0,22.0,21.0,21.0,22.0,22.0,22.0,22.0,21.0,22.0,22.0,21.0,22.0,21.0,21.0,21.0,21.0,22.0,21.0,10.0,hold,7,7,11.4998
1787152353.8596,2026-08-19 17:12:33.859,10,c3,1,0,-0.03943,-0.49601,0.04092,-4.6025,10.5661,-20.8896,-0.0726,0.0141,-0.2298,3.71971,22.0,22.0,21.0,21.0,34.0,32.0,21.0,23.0,32.0,33.0,25.0,20.0,28.0,37.0,23.0,20.0,26.0,23.0,23.0,21.0,22.0,21.0,21.0,22.0,22.0,22.0,22.0,21.0,22.0,22.0,21.0,22.0,21.0,21.0,21.0,21.0,22.0,21.0,10.0,hold,7,7,11.3901
1787152353.9097,2026-08-19 17:12:33.909,10,c3,1,0,-0.03942,-0.49601,0.04091,-4.5537,10.5835,-20.7316,-0.0739,0.0141,-0.2323,3.71543,22.0,22.0,21.0,21.0,34.0,32.0,21.0,23.0,32.0,33.0,25.0,20.0,28.0,37.0,23.0,20.0,26.0,23.0,23.0,21.0,22.0,21.0,21.0,22.0,22.0,22.0,22.0,21.0,22.0,22.0,21.0,22.0,21.0,21.0,21.0,21.0,22.0,21.0,10.0,hold,7,7,11.4281
1787152353.9598,2026-08-19 17:12:33.959,10,c3,1,0,-0.03942,-0.496,0.04091,-4.6373,10.337,-20.6978,-0.0698,0.0152,-0.2343,3.72751,24.0,24.0,21.0,22.0,32.0,32.0,24.0,27.0,31.0,33.0,23.0,23.0,28.0,37.0,22.0,23.0,26.0,22.0,24.0,21.0,22.0,21.0,21.0,22.0,22.0,22.0,22.0,21.0,22.0,22.0,21.0,22.0,21.0,21.0,21.0,21.0,22.0,21.0,10.0,hold,7,7,11.3206
1787152354.0099,2026-08-19 17:12:34.009,10,c3,1,0,-0.03943,-0.49601,0.04091,-4.8941,10.6047,-20.6769,-0.072,0.0084,-0.2353,3.72046,23.0,23.0,21.0,23.0,31.0,31.0,23.0,26.0,35.0,33.0,23.0,22.0,29.0,37.0,21.0,21.0,26.0,22.0,23.0,21.0,22.0,21.0,21.0,22.0,22.0,22.0,22.0,21.0,22.0,22.0,21.0,22.0,21.0,21.0,21.0,21.0,22.0,21.0,10.0,hold,7,7,11.3833
1787152354.0601,2026-08-19 17:12:34.060,10,c3,1,0,-0.03946,-0.49601,0.04091,-4.4987,10.1934,-20.7481,-0.0631,0.0169,-0.2312,3.72953,23.0,23.0,21.0,23.0,31.0,31.0,23.0,26.0,35.0,33.0,23.0,22.0,29.0,37.0,21.0,21.0,26.0,22.0,23.0,21.0,22.0,21.0,21.0,22.0,22.0,22.0,22.0,21.0,22.0,22.0,21.0,22.0,21.0,21.0,21.0,21.0,22.0,21.0,10.0,hold,7,7,11.3027
1787152354.1102,2026-08-19 17:12:34.110,10,c3,1,0,-0.03945,-0.49601,0.04091,-4.4462,10.3179,-20.7324,-0.0686,0.0176,-0.2285,3.71996,22.0,26.0,20.0,22.0,33.0,32.0,22.0,25.0,33.0,33.0,24.0,22.0,27.0,37.0,22.0,23.0,26.0,22.0,24.0,21.0,22.0,21.0,21.0,22.0,22.0,22.0,22.0,21.0,22.0,22.0,21.0,22.0,21.0,21.0,21.0,21.0,22.0,21.0,10.0,hold,7,7,11.3878
1787152354.1603,2026-08-19 17:12:34.160,10,c3,1,0,-0.03943,-0.49601,0.04091,-4.3381,10.5763,-20.7884,-0.0733,0.022,-0.2263,3.7255,22.0,26.0,20.0,22.0,33.0,32.0,22.0,25.0,33.0,33.0,24.0,22.0,27.0,37.0,22.0,23.0,26.0,22.0,24.0,21.0,22.0,21.0,21.0,22.0,22.0,22.0,22.0,21.0,22.0,22.0,21.0,22.0,21.0,21.0,21.0,21.0,22.0,21.0,10.0,hold,7,7,11.3385
1787152354.2105,2026-08-19 17:12:34.210,10,c3,1,0,-0.03944,-0.49601,0.04091,-4.302,10.3117,-20.8278,-0.0699,0.0221,-0.2371,3.73406,22.0,24.0,21.0,22.0,32.0,32.0,23.0,26.0,31.0,33.0,24.0,22.0,28.0,38.0,24.0,23.0,26.0,23.0,25.0,21.0,22.0,21.0,21.0,22.0,22.0,22.0,22.0,21.0,22.0,22.0,21.0,22.0,21.0,21.0,21.0,21.0,22.0,21.0,10.0,hold,7,7,11.2624
1787152354.2606,2026-08-19 17:12:34.260,10,c3,1,0,-0.03943,-0.49601,0.04091,-4.5577,10.3025,-20.7361,-0.0678,0.0159,-0.2351,3.72877,22.0,24.0,21.0,22.0,32.0,32.0,23.0,26.0,31.0,33.0,24.0,22.0,28.0,38.0,24.0,23.0,26.0,23.0,25.0,21.0,22.0,21.0,21.0,22.0,22.0,22.0,22.0,21.0,22.0,22.0,21.0,22.0,21.0,21.0,21.0,21.0,22.0,21.0,10.0,hold,7,7,11.3094
1787152354.3107,2026-08-19 17:12:34.310,10,c3,1,0,-0.03944,-0.49601,0.04091,-4.5298,10.2962,-20.8,-0.0693,0.015,-0.2382,3.7401,24.0,24.0,22.0,23.0,32.0,32.0,22.0,26.0,32.0,35.0,23.0,24.0,29.0,38.0,24.0,21.0,28.0,23.0,24.0,21.0,22.0,21.0,21.0,22.0,22.0,22.0,22.0,21.0,22.0,22.0,21.0,22.0,21.0,21.0,21.0,21.0,22.0,21.0,10.0,hold,7,7,11.2086
1787152354.3609,2026-08-19 17:12:34.360,10,c3,1,0,-0.03945,-0.49601,0.04091,-4.7356,10.5361,-20.7968,-0.0755,0.0101,-0.2328,3.72701,22.0,25.0,22.0,24.0,33.0,33.0,24.0,26.0,31.0,33.0,24.0,24.0,27.0,39.0,22.0,22.0,26.0,22.0,23.0,21.0,22.0,21.0,21.0,22.0,22.0,22.0,22.0,21.0,22.0,22.0,21.0,22.0,21.0,21.0,21.0,21.0,22.0,21.0,10.0,hold,7,7,11.3251
1787152354.411,2026-08-19 17:12:34.411,10,c3,1,0,-0.03944,-0.496,0.04091,-4.4997,10.4606,-20.98,-0.0713,0.0146,-0.2349,3.73985,22.0,25.0,22.0,24.0,33.0,33.0,24.0,26.0,31.0,33.0,24.0,24.0,27.0,39.0,22.0,22.0,26.0,22.0,23.0,21.0,22.0,21.0,21.0,22.0,22.0,22.0,22.0,21.0,22.0,22.0,21.0,22.0,21.0,21.0,21.0,21.0,22.0,21.0,10.0,hold,7,7,11.2109
1787152354.4612,2026-08-19 17:12:34.461,10,c3,1,0,-0.03944,-0.49601,0.04092,-4.4872,10.7085,-20.6877,-0.0771,0.0124,-0.2397,3.73204,24.0,23.0,23.0,23.0,30.0,32.0,23.0,26.0,31.0,35.0,23.0,20.0,28.0,38.0,22.0,22.0,28.0,22.0,24.0,21.0,22.0,21.0,21.0,22.0,22.0,22.0,22.0,21.0,22.0,22.0,21.0,22.0,21.0,21.0,21.0,21.0,22.0,21.0,10.0,hold,7,7,11.2803
1787152354.5113,2026-08-19 17:12:34.511,10,c3,1,0,-0.03943,-0.49602,0.04091,-4.7062,10.4001,-20.8603,-0.0718,0.0082,-0.2325,3.74035,24.0,23.0,23.0,23.0,30.0,32.0,23.0,26.0,31.0,35.0,23.0,20.0,28.0,38.0,22.0,22.0,28.0,22.0,24.0,21.0,22.0,21.0,21.0,22.0,22.0,22.0,22.0,21.0,22.0,22.0,21.0,22.0,21.0,21.0,21.0,21.0,22.0,21.0,10.0,hold,7,7,11.2064
1787152354.5615,2026-08-19 17:12:34.561,10,c3,1,0,-0.03944,-0.49603,0.04092,-4.4855,10.2024,-20.8708,-0.063,0.0207,-0.2342,3.72323,21.0,24.0,22.0,22.0,33.0,32.0,23.0,23.0,31.0,33.0,23.0,21.0,27.0,38.0,23.0,22.0,27.0,22.0,24.0,21.0,22.0,21.0,21.0,22.0,22.0,22.0,22.0,21.0,22.0,22.0,21.0,22.0,21.0,21.0,21.0,21.0,22.0,21.0,10.0,hold,7,7,11.3587
1787152354.6115,2026-08-19 17:12:34.611,10,c3,1,0,-0.03943,-0.49601,0.04092,-4.3634,10.1256,-20.9633,-0.0625,0.0209,-0.2306,3.72852,23.0,24.0,21.0,21.0,32.0,32.0,23.0,24.0,33.0,32.0,23.0,21.0,29.0,37.0,23.0,20.0,27.0,23.0,22.0,21.0,22.0,21.0,21.0,22.0,22.0,22.0,22.0,21.0,22.0,22.0,21.0,22.0,21.0,21.0,21.0,21.0,22.0,21.0,10.0,hold,7,7,11.3116
1787152354.6617,2026-08-19 17:12:34.661,10,c3,1,0,-0.03945,-0.49601,0.04092,-4.3646,10.1059,-20.9446,-0.065,0.0194,-0.2306,3.74237,23.0,24.0,21.0,21.0,32.0,32.0,23.0,24.0,33.0,32.0,23.0,21.0,29.0,37.0,23.0,20.0,27.0,23.0,22.0,21.0,22.0,21.0,21.0,22.0,22.0,22.0,22.0,21.0,22.0,22.0,21.0,22.0,21.0,21.0,21.0,21.0,22.0,21.0,10.0,hold,7,7,11.1885
1787152354.7118,2026-08-19 17:12:34.711,10,c3,1,0,-0.03943,-0.496,0.04092,-4.535,10.6111,-20.9258,-0.0729,0.015,-0.2305,3.73356,23.0,24.0,22.0,22.0,33.0,32.0,23.0,26.0,33.0,34.0,24.0,23.0,28.0,37.0,25.0,22.0,26.0,23.0,24.0,21.0,22.0,21.0,21.0,22.0,22.0,22.0,22.0,21.0,22.0,22.0,21.0,22.0,21.0,21.0,21.0,21.0,22.0,21.0,10.0,hold,7,7,11.2669
1787152354.7619,2026-08-19 17:12:34.761,10,c3,1,0,-0.03943,-0.49601,0.0409,-4.2683,10.0217,-21.0648,-0.0602,0.0238,-0.227,3.73431,23.0,24.0,22.0,22.0,33.0,32.0,23.0,26.0,33.0,34.0,24.0,23.0,28.0,37.0,25.0,22.0,26.0,23.0,24.0,21.0,22.0,21.0,21.0,22.0,22.0,22.0,22.0,21.0,22.0,22.0,21.0,22.0,21.0,21.0,21.0,21.0,22.0,21.0,10.0,hold,7,7,11.2601
1787152354.8121,2026-08-19 17:12:34.812,10,c3,1,0,-0.03943,-0.49601,0.04092,-4.7188,10.7148,-21.0599,-0.0788,0.0119,-0.2303,3.73658,24.0,23.0,22.0,23.0,32.0,32.0,23.0,27.0,32.0,33.0,22.0,24.0,28.0,38.0,21.0,22.0,27.0,21.0,27.0,21.0,22.0,21.0,21.0,22.0,22.0,22.0,22.0,21.0,22.0,22.0,21.0,22.0,21.0,21.0,21.0,21.0,22.0,21.0,10.0,hold,7,7,11.24
1787152354.8622,2026-08-19 17:12:34.862,10,c3,1,0,-0.03946,-0.49601,0.04091,-4.4584,10.2187,-20.8514,-0.0671,0.0153,-0.2306,3.74463,25.0,23.0,22.0,25.0,33.0,32.0,21.0,27.0,34.0,32.0,24.0,22.0,28.0,36.0,23.0,22.0,24.0,23.0,24.0,21.0,22.0,21.0,21.0,22.0,22.0,22.0,22.0,21.0,22.0,22.0,21.0,22.0,21.0,21.0,21.0,21.0,22.0,21.0,10.0,hold,7,7,11.1683
1787152354.9123,2026-08-19 17:12:34.912,10,c3,1,0,-0.03943,-0.49601,0.0409,-4.5223,10.3087,-20.6601,-0.0659,0.0155,-0.2301,3.73758,25.0,23.0,22.0,25.0,33.0,32.0,21.0,27.0,34.0,32.0,24.0,22.0,28.0,36.0,23.0,22.0,24.0,23.0,24.0,21.0,22.0,21.0,21.0,22.0,22.0,22.0,22.0,21.0,22.0,22.0,21.0,22.0,21.0,21.0,21.0,21.0,22.0,21.0,10.0,hold,7,7,11.231
1787152354.9624,2026-08-19 17:12:34.962,10,c3,1,0,-0.03946,-0.49601,0.0409,-4.5676,10.4082,-20.8225,-0.0704,0.0163,-0.2323,3.74337,25.0,25.0,21.0,23.0,34.0,32.0,23.0,27.0,31.0,33.0,24.0,24.0,28.0,37.0,23.0,23.0,27.0,22.0,24.0,21.0,22.0,21.0,21.0,22.0,22.0,22.0,22.0,21.0,22.0,22.0,21.0,22.0,21.0,21.0,21.0,21.0,22.0,21.0,10.0,hold,7,7,11.1795
1787152355.0126,2026-08-19 17:12:35.012,10,c3,1,0,-0.03943,-0.49601,0.04091,-4.4137,10.6546,-20.6976,-0.0766,0.019,-0.2322,3.73607,25.0,25.0,21.0,23.0,34.0,32.0,23.0,27.0,31.0,33.0,24.0,24.0,28.0,37.0,23.0,23.0,27.0,22.0,24.0,21.0,22.0,21.0,21.0,22.0,22.0,22.0,22.0,21.0,22.0,22.0,21.0,22.0,21.0,21.0,21.0,21.0,22.0,21.0,10.0,hold,7,7,11.2445
1787152355.0627,2026-08-19 17:12:35.062,10,c3,1,0,-0.03945,-0.49601,0.04091,-4.6275,10.3733,-20.5473,-0.0701,0.012,-0.238,3.74816,24.0,22.0,21.0,23.0,32.0,32.0,22.0,25.0,32.0,32.0,22.0,22.0,27.0,37.0,21.0,21.0,25.0,21.0,24.0,21.0,22.0,21.0,21.0,22.0,22.0,22.0,22.0,21.0,22.0,22.0,21.0,22.0,21.0,21.0,21.0,21.0,22.0,21.0,10.0,hold,7,7,11.1369
1787152355.1128,2026-08-19 17:12:35.112,10,c3,1,0,-0.03943,-0.496,0.0409,-4.3264,9.978,-20.6882,-0.0617,0.0227,-0.2292,3.73884,24.0,22.0,21.0,23.0,32.0,32.0,22.0,25.0,32.0,32.0,22.0,22.0,27.0,37.0,21.0,21.0,25.0,21.0,24.0,21.0,22.0,21.0,21.0,22.0,22.0,22.0,22.0,21.0,22.0,22.0,21.0,22.0,21.0,21.0,21.0,21.0,22.0,21.0,10.0,hold,7,7,11.2198
1787152355.1629,2026-08-19 17:12:35.162,10,c3,1,0,-0.03945,-0.49601,0.04092,-4.6827,10.2518,-20.6928,-0.0649,0.0153,-0.2319,3.7469,25.0,24.0,21.0,24.0,32.0,31.0,22.0,23.0,32.0,34.0,24.0,21.0,27.0,38.0,23.0,21.0,27.0,23.0,22.0,21.0,22.0,21.0,21.0,22.0,22.0,22.0,22.0,21.0,22.0,22.0,21.0,22.0,21.0,21.0,21.0,21.0,22.0,21.0,10.0,hold,7,7,11.1481
1787152355.213,2026-08-19 17:12:35.212,10,c3,1,0,-0.03944,-0.49601,0.04092,-4.6758,10.4314,-20.6185,-0.0714,0.0079,-0.234,3.74136,21.0,23.0,23.0,22.0,32.0,33.0,23.0,28.0,33.0,32.0,23.0,25.0,28.0,38.0,23.0,23.0,28.0,23.0,25.0,21.0,22.0,21.0,21.0,22.0,22.0,22.0,22.0,21.0,22.0,22.0,21.0,22.0,21.0,21.0,21.0,21.0,22.0,21.0,10.0,hold,7,7,11.1974
1787152355.2631,2026-08-19 17:12:35.263,10,c3,1,0,-0.03943,-0.49602,0.04092,-4.4155,10.4177,-20.6759,-0.0723,0.0168,-0.2257,3.74942,21.0,23.0,23.0,22.0,32.0,33.0,23.0,28.0,33.0,32.0,23.0,25.0,28.0,38.0,23.0,23.0,28.0,23.0,25.0,21.0,22.0,21.0,21.0,22.0,22.0,22.0,22.0,21.0,22.0,22.0,21.0,22.0,21.0,21.0,21.0,21.0,22.0,21.0,10.0,hold,7,7,11.1257
1787152355.3132,2026-08-19 17:12:35.313,10,c3,1,0,-0.03943,-0.496,0.0409,-4.3831,10.4036,-20.6455,-0.0722,0.0197,-0.2331,3.74363,26.0,23.0,21.0,25.0,32.0,32.0,23.0,27.0,31.0,32.0,23.0,24.0,27.0,37.0,22.0,24.0,27.0,23.0,25.0,21.0,22.0,21.0,21.0,22.0,22.0,22.0,22.0,21.0,22.0,22.0,21.0,22.0,21.0,21.0,21.0,21.0,22.0,21.0,10.0,hold,7,7,11.1773
1787152355.3633,2026-08-19 17:12:35.363,10,c3,1,0,-0.03943,-0.49601,0.04091,-4.9029,10.7557,-20.545,-0.0752,0.0038,-0.2377,3.7396,26.0,23.0,21.0,25.0,32.0,32.0,23.0,27.0,31.0,32.0,23.0,24.0,27.0,37.0,22.0,24.0,27.0,23.0,25.0,21.0,22.0,21.0,21.0,22.0,22.0,22.0,22.0,21.0,22.0,22.0,21.0,22.0,21.0,21.0,21.0,21.0,22.0,21.0,10.0,hold,7,7,11.2131
1787152355.4135,2026-08-19 17:12:35.413,10,c3,1,0,-0.03943,-0.49601,0.04091,-4.6162,10.4275,-20.7128,-0.0722,0.014,-0.2402,3.75219,25.0,24.0,20.0,24.0,31.0,32.0,23.0,26.0,30.0,34.0,24.0,22.0,27.0,38.0,24.0,22.0,28.0,24.0,25.0,21.0,22.0,21.0,21.0,22.0,22.0,22.0,22.0,21.0,22.0,22.0,21.0,22.0,21.0,21.0,21.0,21.0,22.0,21.0,10.0,hold,7,7,11.1011
1787152355.4635,2026-08-19 17:12:35.463,10,c3,1,0,-0.03945,-0.49602,0.04092,-4.7109,10.4967,-20.6532,-0.074,0.0105,-0.2314,3.74111,24.0,23.0,23.0,22.0,31.0,32.0,23.0,24.0,31.0,35.0,23.0,22.0,26.0,39.0,23.0,22.0,28.0,23.0,23.0,21.0,22.0,21.0,21.0,22.0,22.0,22.0,22.0,21.0,22.0,22.0,21.0,22.0,21.0,21.0,21.0,21.0,22.0,21.0,10.0,hold,7,7,11.1997
1787152355.5136,2026-08-19 17:12:35.513,10,c3,1,0,-0.03943,-0.49601,0.04091,-4.8222,10.8487,-20.6205,-0.0816,0.0083,-0.2314,3.74564,24.0,23.0,23.0,22.0,31.0,32.0,23.0,24.0,31.0,35.0,23.0,22.0,26.0,39.0,23.0,22.0,28.0,23.0,23.0,21.0,22.0,21.0,21.0,22.0,22.0,22.0,22.0,21.0,22.0,22.0,21.0,22.0,21.0,21.0,21.0,21.0,22.0,21.0,10.0,hold,7,7,11.1593
1787152355.5637,2026-08-19 17:12:35.563,10,c3,1,0,-0.03944,-0.49601,0.04091,-4.6691,10.4835,-20.6844,-0.0701,0.0113,-0.2291,3.74287,23.0,24.0,22.0,22.0,31.0,33.0,23.0,25.0,33.0,33.0,22.0,21.0,29.0,38.0,23.0,20.0,27.0,22.0,23.0,21.0,22.0,21.0,21.0,22.0,22.0,22.0,22.0,21.0,22.0,22.0,21.0,22.0,21.0,21.0,21.0,21.0,22.0,21.0,10.0,hold,7,7,11.184
1787152355.6139,2026-08-19 17:12:35.613,10,c3,1,0,-0.03944,-0.496,0.04091,-4.5588,10.425,-20.7169,-0.0722,0.0136,-0.2353,3.74967,23.0,24.0,22.0,22.0,31.0,33.0,23.0,25.0,33.0,33.0,22.0,21.0,29.0,38.0,23.0,20.0,27.0,22.0,23.0,21.0,22.0,21.0,21.0,22.0,22.0,22.0,22.0,21.0,22.0,22.0,21.0,22.0,21.0,21.0,21.0,21.0,22.0,21.0,10.0,hold,7,7,11.1235
1787152355.664,2026-08-19 17:12:35.664,10,c3,1,0,-0.03944,-0.49601,0.04092,-4.6718,10.3057,-20.7538,-0.07,0.0118,-0.2372,3.74212,22.0,24.0,21.0,21.0,33.0,32.0,23.0,26.0,30.0,34.0,23.0,23.0,27.0,37.0,23.0,23.0,28.0,22.0,24.0,21.0,22.0,21.0,21.0,22.0,22.0,22.0,22.0,21.0,22.0,22.0,21.0,22.0,21.0,21.0,21.0,21.0,22.0,21.0,10.0,hold,7,7,11.1907
1787152355.7141,2026-08-19 17:12:35.714,10,c3,1,0,-0.03943,-0.49601,0.04091,-4.7027,10.4432,-20.6908,-0.0707,0.0112,-0.2285,3.75017,25.0,23.0,22.0,23.0,31.0,33.0,22.0,27.0,31.0,33.0,22.0,25.0,27.0,38.0,23.0,23.0,26.0,21.0,25.0,21.0,22.0,21.0,21.0,22.0,22.0,22.0,22.0,21.0,22.0,22.0,21.0,22.0,21.0,21.0,21.0,21.0,22.0,21.0,10.0,hold,7,7,11.119
1787152355.7642,2026-08-19 17:12:35.764,10,c3,1,0,-0.03945,-0.49602,0.04093,-4.8612,10.7654,-20.5376,-0.0817,0.0048,-0.241,3.75042,25.0,23.0,22.0,23.0,31.0,33.0,22.0,27.0,31.0,33.0,22.0,25.0,27.0,38.0,23.0,23.0,26.0,21.0,25.0,21.0,22.0,21.0,21.0,22.0,22.0,22.0,22.0,21.0,22.0,22.0,21.0,22.0,21.0,21.0,21.0,21.0,22.0,21.0,10.0,hold,7,7,11.1168
1787152355.8143,2026-08-19 17:12:35.814,10,c3,1,0,-0.03945,-0.49601,0.0409,-4.4837,10.286,-20.7501,-0.066,0.0172,-0.2336,3.74589,23.0,22.0,21.0,25.0,31.0,33.0,21.0,23.0,32.0,32.0,23.0,21.0,28.0,37.0,23.0,20.0,26.0,24.0,22.0,21.0,22.0,21.0,21.0,22.0,22.0,22.0,22.0,21.0,22.0,22.0,21.0,22.0,21.0,21.0,21.0,21.0,22.0,21.0,10.0,hold,7,7,11.1571
1787152355.8645,2026-08-19 17:12:35.864,10,c3,1,0,-0.03943,-0.496,0.04091,-4.5175,10.583,-20.5835,-0.0753,0.0146,-0.2308,3.7537,23.0,22.0,21.0,25.0,31.0,33.0,21.0,23.0,32.0,32.0,23.0,21.0,28.0,37.0,23.0,20.0,26.0,24.0,22.0,21.0,22.0,21.0,21.0,22.0,22.0,22.0,22.0,21.0,22.0,22.0,21.0,22.0,21.0,21.0,21.0,21.0,22.0,21.0,10.0,hold,7,7,11.0877
1787152355.9146,2026-08-19 17:12:35.914,10,c3,1,0,-0.03945,-0.49602,0.04092,-4.3882,10.0247,-20.6531,-0.0604,0.0195,-0.2275,3.74816,21.0,24.0,20.0,21.0,33.0,31.0,23.0,26.0,31.0,33.0,22.0,23.0,27.0,37.0,21.0,23.0,27.0,21.0,25.0,21.0,22.0,21.0,21.0,22.0,22.0,22.0,22.0,21.0,22.0,22.0,21.0,22.0,21.0,21.0,21.0,21.0,22.0,21.0,10.0,hold,7,7,11.1369
1787152355.9647,2026-08-19 17:12:35.964,10,c3,1,0,-0.03944,-0.496,0.04091,-4.7819,10.6759,-20.4894,-0.0778,0.0079,-0.2376,3.75546,23.0,23.0,22.0,22.0,33.0,31.0,21.0,23.0,32.0,32.0,22.0,20.0,27.0,36.0,20.0,19.0,25.0,21.0,21.0,21.0,22.0,21.0,21.0,22.0,22.0,22.0,22.0,21.0,22.0,22.0,21.0,22.0,21.0,21.0,21.0,21.0,22.0,21.0,10.0,hold,7,7,11.072
1787152356.0149,2026-08-19 17:12:36.014,10,c3,1,0,-0.03945,-0.49601,0.04091,-4.576,10.5742,-20.632,-0.077,0.0113,-0.2342,3.74992,23.0,23.0,22.0,22.0,33.0,31.0,21.0,23.0,32.0,32.0,22.0,20.0,27.0,36.0,20.0,19.0,25.0,21.0,21.0,21.0,22.0,21.0,21.0,22.0,22.0,22.0,22.0,21.0,22.0,22.0,21.0,22.0,21.0,21.0,21.0,21.0,22.0,21.0,10.0,hold,7,7,11.1213
1787152356.0649,2026-08-19 17:12:36.064,10,c3,1,0,-0.03945,-0.496,0.04091,-4.6818,10.6832,-20.5646,-0.076,0.0119,-0.2357,3.75168,22.0,23.0,20.0,22.0,32.0,31.0,21.0,25.0,30.0,32.0,23.0,21.0,28.0,37.0,22.0,19.0,27.0,21.0,21.0,21.0,22.0,21.0,21.0,22.0,22.0,22.0,22.0,21.0,22.0,22.0,21.0,22.0,21.0,21.0,21.0,21.0,22.0,21.0,10.0,hold,7,7,11.1056
1787152356.115,2026-08-19 17:12:36.115,10,c3,1,0,-0.03945,-0.49602,0.04092,-4.6335,10.6314,-20.8224,-0.0726,0.0138,-0.2311,3.74866,22.0,23.0,20.0,22.0,32.0,31.0,21.0,25.0,30.0,32.0,23.0,21.0,28.0,37.0,22.0,19.0,27.0,21.0,21.0,21.0,22.0,21.0,21.0,22.0,22.0,22.0,22.0,21.0,22.0,22.0,21.0,22.0,21.0,21.0,21.0,21.0,22.0,21.0,10.0,hold,7,7,11.1325
1787152356.1652,2026-08-19 17:12:36.165,10,c3,1,0,-0.03945,-0.49601,0.04092,-4.6183,10.6913,-20.7628,-0.0784,0.0144,-0.2375,3.7474,23.0,24.0,21.0,22.0,31.0,32.0,22.0,25.0,31.0,32.0,23.0,21.0,28.0,36.0,22.0,21.0,24.0,22.0,24.0,21.0,22.0,21.0,21.0,22.0,22.0,22.0,22.0,21.0,22.0,22.0,21.0,22.0,21.0,21.0,21.0,21.0,22.0,21.0,10.0,hold,7,7,11.1437
1787152356.2153,2026-08-19 17:12:36.215,10,c3,1,0,-0.03946,-0.49601,0.04092,-4.6146,10.462,-20.7765,-0.0739,0.0144,-0.2341,3.75772,23.0,24.0,21.0,22.0,31.0,32.0,22.0,25.0,31.0,32.0,23.0,21.0,28.0,36.0,22.0,21.0,24.0,22.0,24.0,21.0,22.0,21.0,21.0,22.0,22.0,22.0,22.0,21.0,22.0,22.0,21.0,22.0,21.0,21.0,21.0,21.0,22.0,21.0,10.0,hold,7,7,11.0518
1787152356.2653,2026-08-19 17:12:36.265,10,c3,1,0,-0.03944,-0.49602,0.04091,-4.7288,10.439,-20.6911,-0.0693,0.0097,-0.2331,3.74992,21.0,23.0,20.0,21.0,33.0,31.0,22.0,25.0,33.0,32.0,23.0,22.0,28.0,37.0,23.0,21.0,26.0,22.0,22.0,21.0,22.0,21.0,21.0,22.0,22.0,22.0,22.0,21.0,22.0,22.0,21.0,22.0,21.0,21.0,21.0,21.0,22.0,21.0,10.0,hold,7,7,11.1213
1787152356.3155,2026-08-19 17:12:36.315,10,c3,1,0,-0.03945,-0.49601,0.04093,-4.33,10.3731,-20.7828,-0.0707,0.0162,-0.236,3.75571,23.0,23.0,21.0,22.0,34.0,31.0,22.0,27.0,33.0,33.0,23.0,24.0,28.0,37.0,23.0,22.0,27.0,23.0,25.0,21.0,22.0,21.0,21.0,22.0,22.0,22.0,22.0,21.0,22.0,22.0,21.0,22.0,21.0,21.0,21.0,21.0,22.0,21.0,10.0,hold,7,7,11.0697
1787152356.3656,2026-08-19 17:12:36.365,10,c3,1,0,-0.03945,-0.49602,0.04093,-4.6869,10.6498,-20.7943,-0.0763,0.0112,-0.2303,3.74916,23.0,23.0,21.0,22.0,34.0,31.0,22.0,27.0,33.0,33.0,23.0,24.0,28.0,37.0,23.0,22.0,27.0,23.0,25.0,21.0,22.0,21.0,21.0,22.0,22.0,22.0,22.0,21.0,22.0,22.0,21.0,22.0,21.0,21.0,21.0,21.0,22.0,21.0,10.0,hold,7,7,11.128
1787152356.4157,2026-08-19 17:12:36.415,10,c3,1,0,-0.03943,-0.49601,0.04091,-4.7397,10.3094,-20.7631,-0.0661,0.0106,-0.2344,3.7537,24.0,25.0,22.0,23.0,33.0,34.0,23.0,25.0,33.0,33.0,22.0,22.0,29.0,38.0,23.0,21.0,28.0,23.0,23.0,21.0,22.0,21.0,21.0,22.0,22.0,22.0,22.0,21.0,22.0,22.0,21.0,22.0,21.0,21.0,21.0,21.0,22.0,21.0,10.0,hold,7,7,11.0877
1787152356.4659,2026-08-19 17:12:36.465,10,c3,1,0,-0.03946,-0.49601,0.04091,-4.9668,10.8463,-20.5802,-0.0805,0.0033,-0.2347,3.75496,24.0,25.0,22.0,23.0,33.0,34.0,23.0,25.0,33.0,33.0,22.0,22.0,29.0,38.0,23.0,21.0,28.0,23.0,23.0,21.0,22.0,21.0,21.0,22.0,22.0,22.0,22.0,21.0,22.0,22.0,21.0,22.0,21.0,21.0,21.0,21.0,22.0,21.0,10.0,hold,7,7,11.0765
1787152356.516,2026-08-19 17:12:36.516,10,c3,1,0,-0.03946,-0.49603,0.04093,-4.875,10.1068,-20.8541,-0.0626,0.005,-0.2329,3.74891,23.0,25.0,22.0,22.0,33.0,33.0,22.0,27.0,33.0,33.0,22.0,24.0,29.0,37.0,22.0,23.0,28.0,22.0,24.0,21.0,22.0,21.0,21.0,22.0,22.0,22.0,22.0,21.0,22.0,22.0,21.0,22.0,21.0,21.0,21.0,21.0,22.0,21.0,10.0,hold,7,7,11.1302
1787152356.5661,2026-08-19 17:12:36.566,10,c3,1,0,-0.03943,-0.49601,0.04091,-4.4723,10.0929,-20.8925,-0.0624,0.0152,-0.2341,3.761,24.0,25.0,21.0,24.0,33.0,32.0,23.0,25.0,33.0,33.0,22.0,21.0,30.0,37.0,21.0,21.0,27.0,21.0,23.0,21.0,22.0,21.0,21.0,22.0,22.0,22.0,22.0,21.0,22.0,22.0,21.0,22.0,21.0,21.0,21.0,21.0,22.0,21.0,10.0,hold,7,7,11.0227
1787152356.6162,2026-08-19 17:12:36.616,10,c3,1,0,-0.03945,-0.49601,0.04092,-4.7041,10.315,-20.825,-0.0632,0.0093,-0.2297,3.74765,24.0,25.0,21.0,24.0,33.0,32.0,23.0,25.0,33.0,33.0,22.0,21.0,30.0,37.0,21.0,21.0,27.0,21.0,23.0,21.0,22.0,21.0,21.0,22.0,22.0,22.0,22.0,21.0,22.0,22.0,21.0,22.0,21.0,21.0,21.0,21.0,22.0,21.0,10.0,hold,7,7,11.1414
1787152356.6663,2026-08-19 17:12:36.666,10,c3,1,0,-0.03944,-0.49602,0.04092,-4.2832,10.4467,-20.7245,-0.0748,0.0222,-0.2313,3.75772,22.0,24.0,21.0,23.0,33.0,32.0,23.0,26.0,32.0,33.0,23.0,22.0,28.0,39.0,23.0,22.0,28.0,23.0,23.0,21.0,22.0,21.0,21.0,22.0,22.0,22.0,22.0,21.0,22.0,22.0,21.0,22.0,21.0,21.0,21.0,21.0,22.0,21.0,10.0,hold,7,7,11.0518
1787152356.7164,2026-08-19 17:12:36.716,10,c3,1,0,-0.03945,-0.49601,0.04091,-4.4613,10.3507,-20.7639,-0.0713,0.0148,-0.2309,3.74967,22.0,24.0,21.0,23.0,33.0,32.0,23.0,26.0,32.0,33.0,23.0,22.0,28.0,39.0,23.0,22.0,28.0,23.0,23.0,21.0,22.0,21.0,21.0,22.0,22.0,22.0,22.0,21.0,22.0,22.0,21.0,22.0,21.0,21.0,21.0,21.0,22.0,21.0,10.0,hold,7,7,11.1235
1787152356.7666,2026-08-19 17:12:36.766,10,c3,1,0,-0.03945,-0.49602,0.04092,-4.4324,10.2881,-20.7796,-0.0668,0.0202,-0.2282,3.75521,23.0,25.0,21.0,24.0,33.0,32.0,22.0,25.0,31.0,34.0,23.0,22.0,29.0,37.0,22.0,21.0,27.0,22.0,24.0,21.0,22.0,21.0,21.0,22.0,22.0,22.0,22.0,21.0,22.0,22.0,21.0,22.0,21.0,21.0,21.0,21.0,22.0,21.0,10.0,hold,7,7,11.0742
1787152356.8167,2026-08-19 17:12:36.816,10,c3,1,0,-0.03943,-0.496,0.04091,-4.4612,10.3782,-20.5729,-0.0726,0.0177,-0.2282,3.74967,24.0,25.0,22.0,24.0,33.0,32.0,22.0,25.0,32.0,33.0,22.0,22.0,28.0,38.0,23.0,21.0,26.0,23.0,23.0,21.0,22.0,21.0,21.0,22.0,22.0,22.0,22.0,21.0,22.0,22.0,21.0,22.0,21.0,21.0,21.0,21.0,22.0,21.0,10.0,hold,7,7,11.1235
1787152356.8669,2026-08-19 17:12:36.866,10,c3,1,0,-0.03945,-0.49601,0.04092,-4.4435,10.3307,-20.6629,-0.0708,0.0153,-0.2325,3.76024,24.0,25.0,22.0,24.0,33.0,32.0,22.0,25.0,32.0,33.0,22.0,22.0,28.0,38.0,23.0,21.0,26.0,23.0,23.0,21.0,22.0,21.0,21.0,22.0,22.0,22.0,22.0,21.0,22.0,22.0,21.0,22.0,21.0,21.0,21.0,21.0,22.0,21.0,10.0,hold,7,7,11.0294
1787152356.917,2026-08-19 17:12:36.916,10,c3,1,0,-0.03942,-0.496,0.0409,-4.4643,10.1984,-20.8952,-0.0646,0.0151,-0.2291,3.74967,22.0,24.0,22.0,23.0,33.0,33.0,22.0,26.0,33.0,35.0,23.0,22.0,29.0,39.0,23.0,21.0,28.0,23.0,22.0,21.0,22.0,21.0,21.0,22.0,22.0,22.0,22.0,21.0,22.0,22.0,21.0,22.0,21.0,21.0,21.0,21.0,22.0,21.0,10.0,hold,7,7,11.1235
1787152356.9671,2026-08-19 17:12:36.967,10,c3,1,0,-0.03943,-0.49602,0.04092,-4.4429,10.5511,-20.8445,-0.0753,0.0181,-0.2294,3.75697,22.0,24.0,22.0,23.0,33.0,33.0,22.0,26.0,33.0,35.0,23.0,22.0,29.0,39.0,23.0,21.0,28.0,23.0,22.0,21.0,22.0,21.0,21.0,22.0,22.0,22.0,22.0,21.0,22.0,22.0,21.0,22.0,21.0,21.0,21.0,21.0,22.0,21.0,10.0,hold,7,7,11.0585
1787152357.0172,2026-08-19 17:12:37.017,10,c3,1,0,-0.03943,-0.496,0.04091,-4.5166,10.4035,-20.7869,-0.0687,0.0159,-0.2338,3.75294,24.0,25.0,22.0,23.0,33.0,33.0,22.0,27.0,33.0,35.0,23.0,24.0,28.0,39.0,21.0,23.0,27.0,21.0,26.0,21.0,22.0,21.0,21.0,22.0,22.0,22.0,22.0,21.0,22.0,22.0,21.0,22.0,21.0,21.0,21.0,21.0,22.0,21.0,10.0,hold,7,7,11.0944
1787152357.0673,2026-08-19 17:12:37.067,10,c3,1,0,-0.03943,-0.49601,0.04091,-4.5503,10.3027,-20.5664,-0.0665,0.0122,-0.2373,3.75571,25.0,24.0,23.0,24.0,33.0,33.0,22.0,26.0,32.0,35.0,23.0,22.0,28.0,39.0,22.0,21.0,27.0,22.0,23.0,21.0,22.0,21.0,21.0,22.0,22.0,22.0,22.0,21.0,22.0,22.0,21.0,22.0,21.0,21.0,21.0,21.0,22.0,21.0,10.0,hold,7,7,11.0697
1787152357.1175,2026-08-19 17:12:37.117,10,c3,1,0,-0.03946,-0.49602,0.04092,-4.1974,9.9409,-20.7644,-0.0608,0.023,-0.227,3.75621,25.0,24.0,23.0,24.0,33.0,33.0,22.0,26.0,32.0,35.0,23.0,22.0,28.0,39.0,22.0,21.0,27.0,22.0,23.0,21.0,22.0,21.0,21.0,22.0,22.0,22.0,22.0,21.0,22.0,22.0,21.0,22.0,21.0,21.0,21.0,21.0,22.0,21.0,10.0,hold,7,7,11.0653
1787152357.1676,2026-08-19 17:12:37.167,10,c3,1,0,-0.03945,-0.49602,0.04091,-4.4088,10.1068,-20.9065,-0.0631,0.0209,-0.2329,3.75168,24.0,24.0,21.0,23.0,32.0,33.0,20.0,25.0,32.0,30.0,24.0,22.0,29.0,36.0,24.0,21.0,26.0,22.0,23.0,21.0,22.0,21.0,21.0,22.0,22.0,22.0,22.0,21.0,22.0,22.0,21.0,22.0,21.0,21.0,21.0,21.0,22.0,21.0,10.0,hold,7,7,11.1056
1787152357.2178,2026-08-19 17:12:37.217,10,c3,1,0,-0.03943,-0.49602,0.04092,-4.3107,10.0532,-21.0204,-0.0607,0.0199,-0.2289,3.75949,24.0,24.0,21.0,23.0,32.0,33.0,20.0,25.0,32.0,30.0,24.0,22.0,29.0,36.0,24.0,21.0,26.0,22.0,23.0,21.0,22.0,21.0,21.0,22.0,22.0,22.0,22.0,21.0,22.0,22.0,21.0,22.0,21.0,21.0,21.0,21.0,22.0,21.0,10.0,hold,7,7,11.0361
1787152357.2679,2026-08-19 17:12:37.267,10,c3,1,0,-0.03944,-0.49602,0.04093,-4.7307,10.6573,-20.5669,-0.0794,0.0097,-0.2346,3.74992,22.0,25.0,19.0,22.0,33.0,29.0,23.0,26.0,32.0,35.0,22.0,22.0,29.0,38.0,22.0,22.0,27.0,22.0,23.0,21.0,22.0,21.0,21.0,22.0,22.0,22.0,22.0,21.0,22.0,22.0,21.0,22.0,21.0,21.0,21.0,21.0,22.0,21.0,10.0,hold,7,7,11.1213
1787152357.318,2026-08-19 17:12:37.318,10,c3,1,0,-0.03943,-0.496,0.0409,-4.5482,10.6577,-20.7667,-0.0768,0.0137,-0.2341,3.75823,22.0,25.0,19.0,22.0,33.0,29.0,23.0,26.0,32.0,35.0,22.0,22.0,29.0,38.0,22.0,22.0,27.0,22.0,23.0,21.0,22.0,21.0,21.0,22.0,22.0,22.0,22.0,21.0,22.0,22.0,21.0,22.0,21.0,21.0,21.0,21.0,22.0,21.0,10.0,hold,7,7,11.0473
1787152357.3681,2026-08-19 17:12:37.368,10,c3,1,0,-0.03946,-0.49601,0.04092,-4.5314,10.2369,-20.86,-0.0667,0.0137,-0.2324,3.74967,24.0,25.0,21.0,23.0,32.0,32.0,22.0,26.0,33.0,34.0,24.0,23.0,27.0,38.0,24.0,21.0,27.0,22.0,23.0,21.0,22.0,21.0,21.0,22.0,22.0,22.0,22.0,21.0,22.0,22.0,21.0,22.0,21.0,21.0,21.0,21.0,22.0,21.0,10.0,hold,7,7,11.1235
1787152357.4183,2026-08-19 17:12:37.418,10,c3,1,0,-0.03944,-0.49602,0.04093,-4.6817,10.4731,-20.8502,-0.0709,0.0119,-0.236,3.7615,24.0,26.0,22.0,22.0,34.0,33.0,24.0,27.0,33.0,33.0,23.0,23.0,28.0,38.0,22.0,23.0,28.0,21.0,24.0,21.0,22.0,21.0,21.0,22.0,22.0,22.0,22.0,21.0,22.0,22.0,21.0,22.0,21.0,21.0,21.0,21.0,22.0,21.0,10.0,hold,7,7,11.0182
1787152357.4684,2026-08-19 17:12:37.468,10,c3,1,0,-0.03945,-0.49601,0.0409,-4.4358,10.3416,-20.6733,-0.0664,0.0166,-0.2287,3.7542,24.0,26.0,22.0,22.0,34.0,33.0,24.0,27.0,33.0,33.0,23.0,23.0,28.0,38.0,22.0,23.0,28.0,21.0,24.0,21.0,22.0,21.0,21.0,22.0,22.0,22.0,22.0,21.0,22.0,22.0,21.0,22.0,21.0,21.0,21.0,21.0,22.0,21.0,10.0,hold,7,7,11.0832
1787152357.5186,2026-08-19 17:12:37.518,10,c3,1,0,-0.03945,-0.49603,0.04092,-4.5622,10.0301,-20.8664,-0.0576,0.0147,-0.2326,3.75999,26.0,25.0,21.0,23.0,33.0,32.0,21.0,27.0,32.0,32.0,24.0,25.0,27.0,37.0,22.0,24.0,27.0,23.0,25.0,21.0,22.0,21.0,21.0,22.0,22.0,22.0,22.0,21.0,22.0,22.0,21.0,22.0,21.0,21.0,21.0,21.0,22.0,21.0,10.0,hold,7,7,11.0317
1787152357.5687,2026-08-19 17:12:37.568,10,c3,1,0,-0.03942,-0.49601,0.04091,-4.5141,10.6994,-20.5866,-0.08,0.0167,-0.2297,3.7537,26.0,25.0,21.0,23.0,33.0,32.0,21.0,27.0,32.0,32.0,24.0,25.0,27.0,37.0,22.0,24.0,27.0,23.0,25.0,21.0,22.0,21.0,21.0,22.0,22.0,22.0,22.0,21.0,22.0,22.0,21.0,22.0,21.0,21.0,21.0,21.0,22.0,21.0,10.0,hold,7,7,11.0877
1787152357.6188,2026-08-19 17:12:37.618,10,c3,1,0,-0.03946,-0.49601,0.04092,-4.902,10.5241,-20.8993,-0.0745,0.0058,-0.2367,3.76024,26.0,22.0,20.0,24.0,31.0,32.0,23.0,25.0,30.0,33.0,22.0,21.0,28.0,39.0,21.0,20.0,27.0,21.0,23.0,21.0,22.0,21.0,21.0,22.0,22.0,22.0,22.0,21.0,22.0,22.0,21.0,22.0,21.0,21.0,21.0,21.0,22.0,21.0,10.0,hold,7,7,11.0294
1787152357.6689,2026-08-19 17:12:37.668,10,c3,1,0,-0.03944,-0.49601,0.04092,-4.4522,10.6018,-20.8364,-0.0767,0.0146,-0.2365,3.75546,22.0,22.0,23.0,21.0,32.0,33.0,21.0,26.0,30.0,33.0,22.0,22.0,26.0,37.0,22.0,22.0,26.0,22.0,24.0,21.0,22.0,21.0,21.0,22.0,22.0,22.0,22.0,21.0,22.0,22.0,21.0,22.0,21.0,21.0,21.0,21.0,22.0,21.0,10.0,hold,7,7,11.072
1787152357.719,2026-08-19 17:12:37.719,10,c3,1,0,-0.03944,-0.49601,0.04091,-4.8467,10.8515,-20.7445,-0.0805,0.0056,-0.233,3.75345,22.0,22.0,23.0,21.0,32.0,33.0,21.0,26.0,30.0,33.0,22.0,22.0,26.0,37.0,22.0,22.0,26.0,22.0,24.0,21.0,22.0,21.0,21.0,22.0,22.0,22.0,22.0,21.0,22.0,22.0,21.0,22.0,21.0,21.0,21.0,21.0,22.0,21.0,10.0,hold,7,7,11.0899
1787152357.7692,2026-08-19 17:12:37.769,10,c3,1,0,-0.03944,-0.49601,0.04092,-4.8204,10.6371,-20.6681,-0.0754,0.0066,-0.2346,3.74942,25.0,23.0,22.0,23.0,31.0,33.0,22.0,25.0,30.0,32.0,23.0,23.0,26.0,38.0,23.0,21.0,26.0,23.0,23.0,21.0,22.0,21.0,21.0,22.0,22.0,22.0,22.0,21.0,22.0,22.0,21.0,22.0,21.0,21.0,21.0,21.0,22.0,21.0,10.0,hold,7,7,11.1257
1787152357.8194,2026-08-19 17:12:37.819,10,c3,1,0,-0.03945,-0.49601,0.04091,-4.473,10.5219,-20.7871,-0.0733,0.0194,-0.2293,3.74564,25.0,23.0,22.0,23.0,31.0,33.0,22.0,25.0,30.0,32.0,23.0,23.0,26.0,38.0,23.0,21.0,26.0,23.0,23.0,21.0,22.0,21.0,21.0,22.0,22.0,22.0,22.0,21.0,22.0,22.0,21.0,22.0,21.0,21.0,21.0,21.0,22.0,21.0,10.0,hold,7,7,11.1593
1787152357.8695,2026-08-19 17:12:37.869,10,c3,1,0,-0.03944,-0.49602,0.04092,-4.5753,10.2562,-20.6386,-0.0683,0.015,-0.2314,3.75924,24.0,22.0,21.0,23.0,31.0,32.0,24.0,27.0,31.0,35.0,23.0,23.0,27.0,39.0,23.0,22.0,28.0,23.0,24.0,21.0,22.0,21.0,21.0,22.0,22.0,22.0,22.0,21.0,22.0,22.0,21.0,22.0,21.0,21.0,21.0,21.0,22.0,21.0,10.0,hold,7,7,11.0384
1787152357.9196,2026-08-19 17:12:37.919,10,c3,1,0,-0.03943,-0.49602,0.04092,-4.2321,10.3191,-20.851,-0.0647,0.0259,-0.2281,3.76075,24.0,23.0,24.0,23.0,32.0,34.0,21.0,25.0,31.0,33.0,22.0,22.0,27.0,38.0,23.0,21.0,26.0,22.0,25.0,21.0,22.0,21.0,21.0,22.0,22.0,22.0,22.0,21.0,22.0,22.0,21.0,22.0,21.0,21.0,21.0,21.0,22.0,21.0,10.0,hold,7,7,11.0249
1787152357.9698,2026-08-19 17:12:37.969,10,c3,1,0,-0.03944,-0.49602,0.04093,-4.7037,10.2745,-20.9293,-0.0658,0.0107,-0.232,3.75571,24.0,23.0,24.0,23.0,32.0,34.0,21.0,25.0,31.0,33.0,22.0,22.0,27.0,38.0,23.0,21.0,26.0,22.0,25.0,21.0,22.0,21.0,21.0,22.0,22.0,22.0,22.0,21.0,22.0,22.0,21.0,22.0,21.0,21.0,21.0,21.0,22.0,21.0,10.0,hold,7,7,11.0697
1787152358.0199,2026-08-19 17:12:38.019,10,c3,1,0,-0.03941,-0.49601,0.04092,-4.5366,10.3644,-20.9183,-0.0671,0.0145,-0.2401,3.75924,24.0,22.0,21.0,23.0,30.0,33.0,22.0,26.0,33.0,33.0,23.0,22.0,28.0,38.0,23.0,22.0,27.0,23.0,24.0,21.0,22.0,21.0,21.0,22.0,22.0,22.0,22.0,21.0,22.0,22.0,21.0,22.0,21.0,21.0,21.0,21.0,22.0,21.0,10.0,hold,7,7,11.0384
1787152358.07,2026-08-19 17:12:38.070,10,c3,1,0,-0.03945,-0.49601,0.04091,-4.3958,10.3294,-20.8733,-0.0682,0.0175,-0.2361,3.75521,24.0,22.0,21.0,23.0,30.0,33.0,22.0,26.0,33.0,33.0,23.0,22.0,28.0,38.0,23.0,22.0,27.0,23.0,24.0,21.0,22.0,21.0,21.0,22.0,22.0,22.0,22.0,21.0,22.0,22.0,21.0,22.0,21.0,21.0,21.0,21.0,22.0,21.0,10.0,hold,7,7,11.0742
1787152358.1202,2026-08-19 17:12:38.120,10,c3,1,0,-0.03944,-0.49601,0.04091,-4.6194,10.3995,-20.8347,-0.0703,0.0111,-0.2306,3.76276,24.0,23.0,22.0,23.0,33.0,32.0,22.0,25.0,33.0,34.0,22.0,23.0,30.0,38.0,21.0,22.0,27.0,21.0,24.0,21.0,22.0,21.0,21.0,22.0,22.0,22.0,22.0,21.0,22.0,22.0,21.0,22.0,21.0,21.0,21.0,21.0,22.0,21.0,10.0,hold,7,7,11.007
1787152358.1703,2026-08-19 17:12:38.170,10,c3,1,0,-0.03947,-0.49601,0.04092,-4.4633,10.5643,-20.7484,-0.0753,0.0171,-0.2304,3.74967,24.0,28.0,23.0,24.0,34.0,33.0,22.0,27.0,32.0,33.0,23.0,24.0,27.0,39.0,22.0,21.0,28.0,22.0,23.0,21.0,22.0,21.0,21.0,22.0,22.0,22.0,22.0,21.0,22.0,22.0,21.0,22.0,21.0,21.0,21.0,21.0,22.0,21.0,10.0,hold,7,7,11.1235
1787152358.2204,2026-08-19 17:12:38.220,10,c3,1,0,-0.03943,-0.49602,0.04092,-4.6414,10.4201,-20.762,-0.0687,0.0132,-0.2327,3.76603,24.0,28.0,23.0,24.0,34.0,33.0,22.0,27.0,32.0,33.0,23.0,24.0,27.0,39.0,22.0,21.0,28.0,22.0,23.0,21.0,22.0,21.0,21.0,22.0,22.0,22.0,22.0,21.0,22.0,22.0,21.0,22.0,21.0,21.0,21.0,21.0,22.0,21.0,10.0,hold,7,7,10.9779
1787152358.2706,2026-08-19 17:12:38.270,10,c3,1,0,-0.03943,-0.496,0.04091,-4.9231,10.454,-20.7113,-0.0708,0.0044,-0.2357,3.75949,25.0,25.0,22.0,24.0,33.0,31.0,22.0,25.0,31.0,32.0,24.0,21.0,28.0,37.0,24.0,19.0,27.0,23.0,22.0,21.0,22.0,21.0,21.0,22.0,22.0,22.0,22.0,21.0,22.0,22.0,21.0,22.0,21.0,21.0,21.0,21.0,22.0,21.0,10.0,hold,7,7,11.0361
1787152358.3208,2026-08-19 17:12:38.320,10,c3,1,0,-0.03946,-0.49602,0.04093,-4.4528,10.4608,-20.9201,-0.072,0.0173,-0.2316,3.76578,25.0,25.0,22.0,24.0,33.0,31.0,22.0,25.0,31.0,32.0,24.0,21.0,28.0,37.0,24.0,19.0,27.0,23.0,22.0,21.0,22.0,21.0,21.0,22.0,22.0,22.0,22.0,21.0,22.0,22.0,21.0,22.0,21.0,21.0,21.0,21.0,22.0,21.0,10.0,hold,7,7,10.9801
1787152358.3708,2026-08-19 17:12:38.370,10,c3,1,0,-0.03943,-0.49601,0.04092,-4.7055,10.4537,-21.1056,-0.0727,0.0101,-0.234,3.75722,24.0,24.0,22.0,22.0,31.0,31.0,23.0,23.0,32.0,34.0,24.0,20.0,28.0,38.0,24.0,22.0,27.0,23.0,24.0,21.0,22.0,21.0,21.0,22.0,22.0,22.0,22.0,21.0,22.0,22.0,21.0,22.0,21.0,21.0,21.0,21.0,22.0,21.0,10.0,hold,7,7,11.0563
1787152358.421,2026-08-19 17:12:38.420,10,c3,1,0,-0.03944,-0.49602,0.04092,-4.3594,10.0978,-21.0552,-0.0631,0.0221,-0.2289,3.75747,24.0,24.0,22.0,22.0,33.0,32.0,23.0,26.0,33.0,34.0,23.0,23.0,29.0,39.0,21.0,23.0,27.0,21.0,25.0,21.0,22.0,21.0,21.0,22.0,22.0,22.0,22.0,21.0,22.0,22.0,21.0,22.0,21.0,21.0,21.0,21.0,22.0,21.0,10.0,hold,7,7,11.0541
1787152358.4711,2026-08-19 17:12:38.471,10,c3,1,0,-0.03944,-0.496,0.04092,-4.7317,10.498,-20.9438,-0.0684,0.0083,-0.2327,3.76049,24.0,24.0,22.0,22.0,33.0,32.0,23.0,26.0,33.0,34.0,23.0,23.0,29.0,39.0,21.0,23.0,27.0,21.0,25.0,21.0,22.0,21.0,21.0,22.0,22.0,22.0,22.0,21.0,22.0,22.0,21.0,22.0,21.0,21.0,21.0,21.0,22.0,21.0,10.0,hold,7,7,11.0272
1787152358.5212,2026-08-19 17:12:38.521,10,c3,1,0,-0.03946,-0.49603,0.04092,-4.4208,10.2099,-21.1136,-0.0694,0.0166,-0.2339,3.75546,24.0,24.0,23.0,24.0,33.0,33.0,23.0,25.0,32.0,34.0,24.0,23.0,28.0,39.0,24.0,22.0,28.0,23.0,25.0,21.0,22.0,21.0,21.0,22.0,22.0,22.0,22.0,21.0,22.0,22.0,21.0,22.0,21.0,21.0,21.0,21.0,22.0,21.0,10.0,hold,7,7,11.072
1787152358.5713,2026-08-19 17:12:38.571,10,c3,1,0,-0.03944,-0.49601,0.04091,-4.7418,10.3243,-20.7576,-0.0661,0.009,-0.2406,3.75596,24.0,24.0,23.0,24.0,33.0,33.0,23.0,25.0,32.0,34.0,24.0,23.0,28.0,39.0,24.0,22.0,28.0,23.0,25.0,21.0,22.0,21.0,21.0,22.0,22.0,22.0,22.0,21.0,22.0,22.0,21.0,22.0,21.0,21.0,21.0,21.0,22.0,21.0,10.0,hold,7,7,11.0675
1787152358.6214,2026-08-19 17:12:38.621,10,c3,1,0,-0.03944,-0.49601,0.04091,-4.3619,10.1179,-20.8988,-0.0611,0.0176,-0.2299,3.76377,23.0,23.0,23.0,23.0,32.0,33.0,24.0,28.0,31.0,33.0,23.0,24.0,26.0,38.0,22.0,24.0,27.0,22.0,25.0,21.0,22.0,21.0,21.0,22.0,22.0,22.0,22.0,21.0,22.0,22.0,21.0,22.0,21.0,21.0,21.0,21.0,22.0,21.0,10.0,hold,7,7,10.9981
1787152358.6716,2026-08-19 17:12:38.671,10,c3,1,0,-0.03946,-0.49602,0.04093,-4.4033,10.6502,-20.7543,-0.0753,0.0183,-0.2326,3.75999,23.0,23.0,23.0,23.0,32.0,33.0,24.0,28.0,31.0,33.0,23.0,24.0,26.0,38.0,22.0,24.0,27.0,22.0,25.0,21.0,22.0,21.0,21.0,22.0,22.0,22.0,22.0,21.0,22.0,22.0,21.0,22.0,21.0,21.0,21.0,21.0,22.0,21.0,10.0,hold,7,7,11.0317
1787152358.7217,2026-08-19 17:12:38.721,10,c3,1,0,-0.03944,-0.49601,0.04091,-4.0231,10.1173,-20.9577,-0.0607,0.0274,-0.2351,3.75596,24.0,23.0,23.0,25.0,31.0,33.0,24.0,27.0,31.0,34.0,23.0,24.0,27.0,38.0,24.0,23.0,27.0,23.0,27.0,21.0,22.0,21.0,21.0,22.0,22.0,22.0,22.0,21.0,22.0,22.0,21.0,22.0,21.0,21.0,21.0,21.0,22.0,21.0,10.0,hold,7,7,11.0675
1787152358.7717,2026-08-19 17:12:38.771,10,c3,1,0,-0.03944,-0.496,0.04091,-4.6806,10.3453,-20.8536,-0.0722,0.0116,-0.2353,3.7542,23.0,23.0,21.0,24.0,32.0,32.0,24.0,24.0,32.0,33.0,23.0,21.0,30.0,38.0,23.0,20.0,27.0,23.0,24.0,21.0,22.0,21.0,21.0,22.0,22.0,22.0,22.0,21.0,22.0,22.0,21.0,22.0,21.0,21.0,21.0,21.0,22.0,21.0,10.0,hold,7,7,11.0832
1787152358.8219,2026-08-19 17:12:38.821,10,c3,1,0,-0.03946,-0.49602,0.04092,-4.6985,10.3578,-20.7142,-0.0666,0.0123,-0.2377,3.76603,23.0,23.0,21.0,24.0,32.0,32.0,24.0,24.0,32.0,33.0,23.0,21.0,30.0,38.0,23.0,20.0,27.0,23.0,24.0,21.0,22.0,21.0,21.0,22.0,22.0,22.0,22.0,21.0,22.0,22.0,21.0,22.0,21.0,21.0,21.0,21.0,22.0,21.0,10.0,hold,7,7,10.9779
1787152358.8719,2026-08-19 17:12:38.871,10,c3,1,0,-0.03945,-0.49601,0.04091,-4.6745,10.53,-20.8793,-0.0736,0.0149,-0.2334,3.75621,22.0,24.0,22.0,22.0,33.0,33.0,23.0,26.0,31.0,33.0,24.0,22.0,27.0,38.0,23.0,22.0,27.0,22.0,25.0,21.0,22.0,21.0,21.0,22.0,22.0,22.0,22.0,21.0,22.0,22.0,21.0,22.0,21.0,21.0,21.0,21.0,22.0,21.0,10.0,hold,7,7,11.0653
1787152358.922,2026-08-19 17:12:38.922,10,c3,1,0,-0.03944,-0.49601,0.04091,-4.6199,10.3156,-21.1303,-0.0695,0.0118,-0.2313,3.76553,22.0,24.0,22.0,22.0,33.0,33.0,23.0,26.0,31.0,33.0,24.0,22.0,27.0,38.0,23.0,22.0,27.0,22.0,25.0,21.0,22.0,21.0,21.0,22.0,22.0,22.0,22.0,21.0,22.0,22.0,21.0,22.0,21.0,21.0,21.0,21.0,22.0,21.0,10.0,hold,7,7,10.9824
1787152358.9722,2026-08-19 17:12:38.972,10,c3,1,0,-0.03944,-0.496,0.04091,-4.3032,10.5129,-20.9972,-0.0745,0.0196,-0.2285,3.75873,26.0,24.0,21.0,24.0,32.0,32.0,23.0,26.0,31.0,33.0,23.0,23.0,25.0,38.0,23.0,21.0,27.0,23.0,23.0,21.0,22.0,21.0,21.0,22.0,22.0,22.0,22.0,21.0,22.0,22.0,21.0,22.0,21.0,21.0,21.0,21.0,22.0,21.0,10.0,hold,7,7,11.0429
1787152359.0223,2026-08-19 17:12:39.022,10,c3,1,0,-0.03944,-0.49602,0.04092,-4.3738,10.1383,-21.1033,-0.0655,0.0188,-0.2322,3.76452,22.0,22.0,22.0,23.0,30.0,33.0,22.0,27.0,32.0,34.0,23.0,23.0,29.0,39.0,21.0,21.0,28.0,20.0,24.0,21.0,22.0,21.0,21.0,22.0,22.0,22.0,22.0,21.0,22.0,22.0,21.0,22.0,21.0,21.0,21.0,21.0,22.0,21.0,10.0,hold,7,7,10.9913
1787152359.0724,2026-08-19 17:12:39.072,10,c3,1,0,-0.03944,-0.49602,0.04093,-4.5886,10.3011,-20.9167,-0.0697,0.0121,-0.2322,3.75571,22.0,22.0,22.0,23.0,30.0,33.0,22.0,27.0,32.0,34.0,23.0,23.0,29.0,39.0,21.0,21.0,28.0,20.0,24.0,21.0,22.0,21.0,21.0,22.0,22.0,22.0,22.0,21.0,22.0,22.0,21.0,22.0,21.0,21.0,21.0,21.0,22.0,21.0,10.0,hold,7,7,11.0697
1787152359.1225,2026-08-19 17:12:39.122,10,c3,1,0,-0.03944,-0.49601,0.04091,-4.684,10.3507,-20.9835,-0.0684,0.0115,-0.2327,3.76452,24.0,23.0,21.0,23.0,34.0,33.0,22.0,25.0,33.0,32.0,24.0,22.0,28.0,36.0,23.0,22.0,25.0,23.0,24.0,21.0,22.0,21.0,21.0,22.0,22.0,22.0,22.0,21.0,22.0,22.0,21.0,22.0,21.0,21.0,21.0,21.0,22.0,21.0,10.0,hold,7,7,10.9913
1787152359.1726,2026-08-19 17:12:39.172,10,c3,1,0,-0.03945,-0.49602,0.04093,-4.4206,10.4458,-21.079,-0.0716,0.0185,-0.2299,3.75722,24.0,23.0,21.0,23.0,34.0,33.0,22.0,25.0,33.0,32.0,24.0,22.0,28.0,36.0,23.0,22.0,25.0,23.0,24.0,21.0,22.0,21.0,21.0,22.0,22.0,22.0,22.0,21.0,22.0,22.0,21.0,22.0,21.0,21.0,21.0,21.0,22.0,21.0,10.0,hold,7,7,11.0563
1787152359.2227,2026-08-19 17:12:39.222,10,c3,1,0,-0.03945,-0.49601,0.04091,-4.4551,10.3884,-20.9377,-0.0715,0.0168,-0.2283,3.76301,22.0,24.0,21.0,23.0,32.0,32.0,23.0,25.0,32.0,33.0,23.0,22.0,28.0,37.0,22.0,21.0,27.0,22.0,23.0,21.0,22.0,21.0,21.0,22.0,22.0,22.0,22.0,21.0,22.0,22.0,21.0,22.0,21.0,21.0,21.0,21.0,22.0,21.0,10.0,hold,7,7,11.0048
1787152359.2729,2026-08-19 17:12:39.272,10,c3,1,0,-0.03946,-0.49601,0.04092,-4.2601,10.0747,-21.2176,-0.0603,0.0247,-0.2266,3.75596,25.0,23.0,20.0,24.0,32.0,32.0,23.0,25.0,31.0,33.0,22.0,22.0,26.0,39.0,22.0,23.0,27.0,22.0,25.0,21.0,22.0,21.0,21.0,22.0,22.0,22.0,22.0,21.0,22.0,22.0,21.0,22.0,21.0,21.0,21.0,21.0,22.0,21.0,10.0,hold,7,7,11.0675
1787152359.3229,2026-08-19 17:12:39.322,10,c3,1,0,-0.03944,-0.49602,0.04093,-4.4731,10.4838,-20.9685,-0.0734,0.0166,-0.2353,3.75999,25.0,23.0,20.0,24.0,32.0,32.0,23.0,25.0,31.0,33.0,22.0,22.0,26.0,39.0,22.0,23.0,27.0,22.0,25.0,21.0,22.0,21.0,21.0,22.0,22.0,22.0,22.0,21.0,22.0,22.0,21.0,22.0,21.0,21.0,21.0,21.0,22.0,21.0,10.0,hold,7,7,11.0317
1787152359.373,2026-08-19 17:12:39.373,10,c3,1,0,-0.03943,-0.49602,0.04092,-4.9131,10.7197,-20.9473,-0.0762,0.0058,-0.2377,3.7537,24.0,24.0,20.0,22.0,32.0,32.0,23.0,26.0,32.0,34.0,23.0,23.0,27.0,39.0,23.0,23.0,28.0,23.0,25.0,21.0,22.0,21.0,21.0,22.0,22.0,22.0,22.0,21.0,22.0,22.0,21.0,22.0,21.0,21.0,21.0,21.0,22.0,21.0,10.0,hold,7,7,11.0877
1787152359.4232,2026-08-19 17:12:39.423,10,c3,1,0,-0.03945,-0.49602,0.04093,-4.4547,10.3263,-20.9695,-0.0676,0.0202,-0.232,3.76654,24.0,24.0,20.0,22.0,32.0,32.0,23.0,26.0,32.0,34.0,23.0,23.0,27.0,39.0,23.0,23.0,28.0,23.0,25.0,21.0,22.0,21.0,21.0,22.0,22.0,22.0,22.0,21.0,22.0,22.0,21.0,22.0,21.0,21.0,21.0,21.0,22.0,21.0,10.0,hold,7,7,10.9734
1787152359.4733,2026-08-19 17:12:39.473,10,c3,1,0,-0.03943,-0.49601,0.04092,-4.4595,10.5306,-20.8464,-0.0726,0.0193,-0.2281,3.75798,26.0,24.0,22.0,24.0,32.0,33.0,21.0,27.0,31.0,33.0,24.0,23.0,26.0,37.0,23.0,22.0,26.0,23.0,25.0,21.0,22.0,21.0,21.0,22.0,22.0,22.0,22.0,21.0,22.0,22.0,21.0,22.0,21.0,21.0,21.0,21.0,22.0,21.0,10.0,hold,7,7,11.0496
1787152359.5235,2026-08-19 17:12:39.523,10,c3,1,0,-0.03943,-0.49602,0.04092,-4.672,10.5145,-20.7096,-0.0733,0.0122,-0.2345,3.76729,24.0,22.0,21.0,24.0,32.0,31.0,24.0,25.0,34.0,34.0,25.0,22.0,28.0,39.0,23.0,21.0,27.0,24.0,26.0,21.0,22.0,21.0,21.0,22.0,22.0,22.0,22.0,21.0,22.0,22.0,21.0,22.0,21.0,21.0,21.0,21.0,22.0,21.0,10.0,hold,7,7,10.9667
1787152359.5736,2026-08-19 17:12:39.573,10,c3,1,0,-0.03945,-0.49601,0.04092,-4.6762,10.7188,-20.6975,-0.0785,0.0095,-0.236,3.75873,24.0,22.0,21.0,24.0,32.0,31.0,24.0,25.0,34.0,34.0,25.0,22.0,28.0,39.0,23.0,21.0,27.0,24.0,26.0,21.0,22.0,21.0,21.0,22.0,22.0,22.0,22.0,21.0,22.0,22.0,21.0,22.0,21.0,21.0,21.0,21.0,22.0,21.0,10.0,hold,7,7,11.0429
1787152359.6238,2026-08-19 17:12:39.623,10,c3,1,0,-0.03943,-0.496,0.04091,-4.6649,10.448,-20.8838,-0.0733,0.0129,-0.2371,3.76352,23.0,25.0,22.0,24.0,33.0,32.0,23.0,26.0,32.0,34.0,23.0,23.0,27.0,38.0,22.0,22.0,27.0,24.0,25.0,21.0,22.0,21.0,21.0,22.0,22.0,22.0,22.0,21.0,22.0,22.0,21.0,22.0,21.0,21.0,21.0,21.0,22.0,21.0,10.0,hold,7,7,11.0003
1787152359.6739,2026-08-19 17:12:39.673,10,c3,1,0,-0.03943,-0.49601,0.04091,-4.6802,10.1659,-20.7642,-0.0627,0.0107,-0.233,3.76024,23.0,25.0,22.0,24.0,33.0,32.0,23.0,26.0,32.0,34.0,23.0,23.0,27.0,38.0,22.0,22.0,27.0,24.0,25.0,21.0,22.0,21.0,21.0,22.0,22.0,22.0,22.0,21.0,22.0,22.0,21.0,22.0,21.0,21.0,21.0,21.0,22.0,21.0,10.0,hold,7,7,11.0294
1787152359.724,2026-08-19 17:12:39.723,10,c3,0,0,-0.03946,-0.49601,0.04091,-4.5367,10.502,-20.6998,-0.0729,0.0145,-0.2275,3.75772,25.0,24.0,23.0,23.0,32.0,33.0,22.0,24.0,33.0,33.0,23.0,21.0,29.0,37.0,23.0,20.0,26.0,21.0,23.0,21.0,22.0,21.0,21.0,22.0,22.0,22.0,22.0,21.0,22.0,22.0,21.0,22.0,21.0,21.0,21.0,21.0,22.0,21.0,10.0,retract,7,7,11.0518
1787152359.7741,2026-08-19 17:12:39.774,10,c3,0,0,-0.03943,-0.49601,0.04091,-4.4616,10.0384,-20.7775,-0.0647,0.0148,-0.2272,3.76629,25.0,24.0,23.0,23.0,32.0,33.0,22.0,24.0,33.0,33.0,23.0,21.0,29.0,37.0,23.0,20.0,26.0,21.0,23.0,21.0,22.0,21.0,21.0,22.0,22.0,22.0,22.0,21.0,22.0,22.0,21.0,22.0,21.0,21.0,21.0,21.0,22.0,21.0,10.0,retract,7,7,10.9757
1787152359.8242,2026-08-19 17:12:39.824,10,c3,0,0,-0.03944,-0.496,0.04095,-4.5935,10.9223,-20.7909,-0.0833,0.0149,-0.2324,3.7824,24.0,25.0,21.0,22.0,33.0,33.0,23.0,27.0,33.0,32.0,23.0,23.0,28.0,37.0,23.0,24.0,26.0,23.0,24.0,21.0,22.0,21.0,21.0,22.0,22.0,22.0,22.0,21.0,22.0,22.0,21.0,22.0,21.0,21.0,21.0,21.0,22.0,21.0,10.0,retract,7,7,10.8323
1787152359.8742,2026-08-19 17:12:39.874,10,c3,0,0,-0.03944,-0.496,0.04104,-4.4007,10.2601,-20.9892,-0.0698,0.0156,-0.2362,3.80984,24.0,25.0,20.0,24.0,33.0,32.0,23.0,28.0,33.0,34.0,24.0,24.0,28.0,38.0,23.0,24.0,27.0,22.0,26.0,21.0,22.0,21.0,21.0,22.0,22.0,22.0,22.0,21.0,22.0,22.0,21.0,22.0,21.0,21.0,21.0,21.0,22.0,21.0,10.0,retract,7,7,10.5882
1787152359.9244,2026-08-19 17:12:39.924,10,c3,0,0,-0.03944,-0.49599,0.04116,-4.533,10.285,-21.2887,-0.069,0.0158,-0.2354,3.87933,24.0,25.0,20.0,24.0,33.0,32.0,23.0,28.0,33.0,34.0,24.0,24.0,28.0,38.0,23.0,24.0,27.0,22.0,26.0,21.0,22.0,21.0,21.0,22.0,22.0,22.0,22.0,21.0,22.0,22.0,21.0,22.0,21.0,21.0,21.0,21.0,22.0,21.0,10.0,retract,7,7,9.97
1787152359.9745,2026-08-19 17:12:39.974,10,c3,0,0,-0.03944,-0.49601,0.04133,-4.4013,10.2207,-21.609,-0.0647,0.0166,-0.2248,3.93598,23.0,23.0,21.0,25.0,32.0,32.0,23.0,26.0,32.0,32.0,23.0,24.0,29.0,37.0,23.0,22.0,26.0,22.0,24.0,21.0,22.0,21.0,21.0,22.0,22.0,22.0,22.0,21.0,22.0,22.0,21.0,22.0,21.0,21.0,21.0,21.0,22.0,21.0,10.0,retract,7,7,9.466
1787152360.0246,2026-08-19 17:12:40.024,10,c3,0,0,-0.03944,-0.49601,0.04154,-4.6442,10.6345,-21.8525,-0.079,0.0094,-0.2361,4.02536,23.0,23.0,21.0,25.0,32.0,32.0,23.0,26.0,32.0,32.0,23.0,24.0,29.0,37.0,23.0,22.0,26.0,22.0,24.0,21.0,22.0,21.0,21.0,22.0,22.0,22.0,22.0,21.0,22.0,22.0,21.0,22.0,21.0,21.0,21.0,21.0,22.0,21.0,10.0,retract,7,7,8.6708
1787152360.0748,2026-08-19 17:12:40.074,10,c3,0,0,-0.03946,-0.49601,0.04175,-4.3875,10.1208,-21.9849,-0.0672,0.0158,-0.2234,4.09233,24.0,23.0,20.0,25.0,32.0,33.0,22.0,27.0,32.0,33.0,25.0,23.0,29.0,38.0,24.0,23.0,27.0,23.0,26.0,21.0,22.0,21.0,21.0,22.0,22.0,22.0,22.0,21.0,22.0,22.0,21.0,22.0,21.0,21.0,21.0,21.0,22.0,21.0,10.0,retract,7,7,8.075
1787152360.1249,2026-08-19 17:12:40.124,10,c3,0,0,-0.03943,-0.49597,0.04197,-4.4856,10.2306,-22.1598,-0.0687,0.0122,-0.2325,4.16963,25.0,24.0,21.0,24.0,35.0,33.0,24.0,25.0,31.0,32.0,23.0,22.0,29.0,36.0,23.0,23.0,26.0,22.0,25.0,21.0,22.0,21.0,21.0,22.0,22.0,22.0,22.0,21.0,22.0,22.0,21.0,22.0,21.0,21.0,21.0,21.0,22.0,21.0,10.0,retract,7,7,7.3874
1787152360.1749,2026-08-19 17:12:40.174,10,c3,0,0,-0.03942,-0.49596,0.04223,-4.6496,10.6628,-22.5747,-0.0809,0.0038,-0.2309,4.24793,25.0,24.0,21.0,24.0,35.0,33.0,24.0,25.0,31.0,32.0,23.0,22.0,29.0,36.0,23.0,23.0,26.0,22.0,25.0,21.0,22.0,21.0,21.0,22.0,22.0,22.0,22.0,21.0,22.0,22.0,21.0,22.0,21.0,21.0,21.0,21.0,22.0,21.0,10.0,retract,7,7,6.6908
1787152360.2251,2026-08-19 17:12:40.225,10,c3,0,0,-0.03943,-0.49596,0.04256,-4.6469,10.4315,-22.9901,-0.0737,0.0045,-0.2271,4.33781,26.0,24.0,21.0,24.0,32.0,33.0,21.0,26.0,32.0,30.0,23.0,22.0,28.0,36.0,22.0,22.0,26.0,22.0,26.0,21.0,22.0,21.0,21.0,22.0,22.0,22.0,22.0,21.0,22.0,22.0,21.0,22.0,21.0,21.0,21.0,21.0,22.0,21.0,10.0,retract,7,7,5.8911
1787152360.2753,2026-08-19 17:12:40.275,10,c3,0,0,-0.03945,-0.49599,0.04291,-4.2582,10.5221,-23.3531,-0.0787,0.0137,-0.2334,4.42341,26.0,24.0,21.0,24.0,32.0,33.0,21.0,26.0,32.0,30.0,23.0,22.0,28.0,36.0,22.0,22.0,26.0,22.0,26.0,21.0,22.0,21.0,21.0,22.0,22.0,22.0,22.0,21.0,22.0,22.0,21.0,22.0,21.0,21.0,21.0,21.0,22.0,21.0,10.0,retract,7,7,5.1296
1787152360.3254,2026-08-19 17:12:40.325,10,c3,0,0,-0.03944,-0.49601,0.04324,-4.6151,10.585,-23.5669,-0.0817,0.0074,-0.2361,4.48258,23.0,25.0,20.0,22.0,33.0,30.0,22.0,25.0,32.0,31.0,22.0,21.0,27.0,36.0,21.0,20.0,27.0,22.0,22.0,21.0,22.0,21.0,21.0,22.0,22.0,22.0,22.0,21.0,22.0,22.0,21.0,22.0,21.0,21.0,21.0,21.0,22.0,21.0,10.0,retract,7,7,4.6032
1787152360.3756,2026-08-19 17:12:40.375,10,c3,0,0,-0.03946,-0.49601,0.04357,-4.2791,10.2002,-23.7791,-0.0734,0.0138,-0.235,4.55383,23.0,25.0,22.0,23.0,31.0,31.0,22.0,23.0,30.0,31.0,21.0,20.0,28.0,36.0,22.0,20.0,27.0,22.0,23.0,21.0,22.0,21.0,21.0,22.0,22.0,22.0,22.0,21.0,22.0,22.0,21.0,22.0,21.0,21.0,21.0,21.0,22.0,21.0,10.0,retract,7,7,3.9693
1787152360.4257,2026-08-19 17:12:40.425,10,c3,0,0,-0.03945,-0.49599,0.04391,-4.1942,10.04,-24.0003,-0.0723,0.015,-0.2367,4.61149,23.0,25.0,22.0,23.0,31.0,31.0,22.0,23.0,30.0,31.0,21.0,20.0,28.0,36.0,22.0,20.0,27.0,22.0,23.0,21.0,22.0,21.0,21.0,22.0,22.0,22.0,22.0,21.0,22.0,22.0,21.0,22.0,21.0,21.0,21.0,21.0,22.0,21.0,10.0,retract,7,7,3.4564
1787152360.4759,2026-08-19 17:12:40.475,10,c3,0,0,-0.03944,-0.496,0.04425,-3.8479,10.3044,-24.1474,-0.0797,0.0244,-0.2292,4.64523,22.0,24.0,21.0,21.0,31.0,30.0,22.0,24.0,30.0,30.0,22.0,20.0,28.0,33.0,22.0,21.0,27.0,21.0,23.0,21.0,22.0,21.0,21.0,22.0,22.0,22.0,22.0,21.0,22.0,22.0,21.0,22.0,21.0,21.0,21.0,21.0,22.0,21.0,10.0,retract,7,7,3.1562
1787152360.526,2026-08-19 17:12:40.525,10,c3,0,0,-0.03942,-0.49597,0.04455,-3.9339,9.9921,-24.2954,-0.0721,0.0206,-0.2266,4.68501,22.0,24.0,21.0,21.0,31.0,30.0,22.0,24.0,30.0,30.0,22.0,20.0,28.0,33.0,22.0,21.0,27.0,21.0,23.0,21.0,22.0,21.0,21.0,22.0,22.0,22.0,22.0,21.0,22.0,22.0,21.0,22.0,21.0,21.0,21.0,21.0,22.0,21.0,10.0,retract,7,7,2.8023
1787152360.5761,2026-08-19 17:12:40.576,10,c3,0,0,-0.03946,-0.49597,0.0449,-4.1819,10.1402,-24.354,-0.0735,0.0124,-0.2351,4.68753,23.0,24.0,21.0,24.0,31.0,29.0,21.0,23.0,30.0,28.0,24.0,19.0,27.0,32.0,22.0,19.0,26.0,23.0,22.0,21.0,22.0,21.0,21.0,22.0,22.0,22.0,22.0,21.0,22.0,22.0,21.0,22.0,21.0,21.0,21.0,21.0,22.0,21.0,10.0,retract,7,7,2.7799
1787152360.6263,2026-08-19 17:12:40.626,10,c3,0,0,-0.03942,-0.49598,0.04524,-4.4988,10.4786,-24.3024,-0.0818,0.0019,-0.2319,4.69332,23.0,23.0,19.0,21.0,30.0,26.0,23.0,25.0,29.0,28.0,22.0,20.0,27.0,32.0,22.0,22.0,25.0,22.0,24.0,21.0,22.0,21.0,21.0,22.0,22.0,22.0,22.0,21.0,22.0,22.0,21.0,22.0,21.0,21.0,21.0,21.0,22.0,21.0,10.0,retract,7,7,2.7284
1787152360.6764,2026-08-19 17:12:40.676,10,c3,0,0,-0.03944,-0.496,0.04557,-4.8559,11.023,-24.2122,-0.0913,-0.003,-0.2413,4.68375,23.0,23.0,19.0,21.0,30.0,26.0,23.0,25.0,29.0,28.0,22.0,20.0,27.0,32.0,22.0,22.0,25.0,22.0,24.0,21.0,22.0,21.0,21.0,22.0,22.0,22.0,22.0,21.0,22.0,22.0,21.0,22.0,21.0,21.0,21.0,21.0,22.0,21.0,10.0,retract,7,7,2.8135
1787152360.7265,2026-08-19 17:12:40.726,10,c3,0,0,-0.03943,-0.496,0.04591,-4.4468,10.5834,-24.2065,-0.0803,0.0042,-0.2336,4.69659,25.0,25.0,20.0,24.0,31.0,26.0,23.0,24.0,27.0,30.0,23.0,20.0,28.0,31.0,23.0,21.0,25.0,23.0,24.0,21.0,22.0,21.0,21.0,22.0,22.0,22.0,22.0,21.0,22.0,22.0,21.0,22.0,21.0,21.0,21.0,21.0,22.0,21.0,10.0,retract,7,7,2.6993
1787152360.7766,2026-08-19 17:12:40.776,10,c3,0,0,-0.03942,-0.49599,0.04624,-4.3332,10.4607,-24.4247,-0.0813,0.0074,-0.2313,4.68652,25.0,25.0,20.0,24.0,31.0,26.0,23.0,24.0,27.0,30.0,23.0,20.0,28.0,31.0,23.0,21.0,25.0,23.0,24.0,21.0,22.0,21.0,21.0,22.0,22.0,22.0,22.0,21.0,22.0,22.0,21.0,22.0,21.0,21.0,21.0,21.0,22.0,21.0,10.0,retract,7,7,2.7889
1787152360.8267,2026-08-19 17:12:40.826,10,c3,0,0,-0.03943,-0.49599,0.04658,-4.3875,10.4752,-24.3734,-0.0804,0.0069,-0.2325,4.68299,23.0,22.0,21.0,23.0,30.0,27.0,23.0,24.0,26.0,27.0,22.0,20.0,26.0,29.0,22.0,21.0,25.0,22.0,23.0,21.0,22.0,21.0,21.0,22.0,22.0,22.0,22.0,21.0,22.0,22.0,21.0,22.0,21.0,21.0,21.0,21.0,22.0,21.0,10.0,retract,7,7,2.8202
1787152360.8768,2026-08-19 17:12:40.876,10,c3,0,0,-0.03943,-0.496,0.04692,-4.0511,10.2115,-24.592,-0.0741,0.0165,-0.2247,4.69181,23.0,22.0,21.0,23.0,30.0,27.0,23.0,24.0,26.0,27.0,22.0,20.0,26.0,29.0,22.0,21.0,25.0,22.0,23.0,21.0,22.0,21.0,21.0,22.0,22.0,22.0,22.0,21.0,22.0,22.0,21.0,22.0,21.0,21.0,21.0,21.0,22.0,21.0,10.0,retract,7,7,2.7418
1787152360.9269,2026-08-19 17:12:40.926,10,c3,0,0,-0.03943,-0.49599,0.04725,-4.303,10.2024,-24.395,-0.0765,0.0094,-0.2287,4.68199,21.0,23.0,19.0,21.0,28.0,24.0,23.0,23.0,25.0,27.0,22.0,19.0,25.0,28.0,22.0,20.0,24.0,22.0,23.0,21.0,22.0,21.0,21.0,22.0,22.0,22.0,22.0,21.0,22.0,22.0,21.0,22.0,21.0,21.0,21.0,21.0,22.0,21.0,10.0,retract,7,7,2.8292
1787152360.977,2026-08-19 17:12:40.977,10,c3,0,0,-0.03943,-0.496,0.04759,-4.5739,10.6996,-24.2385,-0.0888,0.005,-0.2358,4.69609,21.0,22.0,18.0,21.0,28.0,24.0,22.0,23.0,26.0,26.0,22.0,20.0,25.0,27.0,21.0,20.0,24.0,21.0,22.0,21.0,22.0,21.0,21.0,22.0,22.0,22.0,22.0,21.0,22.0,22.0,21.0,22.0,21.0,21.0,21.0,21.0,22.0,21.0,10.0,retract,7,7,2.7037
1787152361.0271,2026-08-19 17:12:41.027,10,c3,0,0,-0.03945,-0.49599,0.0479,-4.6823,10.6075,-24.2154,-0.0868,-0.0002,-0.2313,4.68778,21.0,22.0,18.0,21.0,28.0,24.0,22.0,23.0,26.0,26.0,22.0,20.0,25.0,27.0,21.0,20.0,24.0,21.0,22.0,21.0,22.0,21.0,21.0,22.0,22.0,22.0,22.0,21.0,22.0,22.0,21.0,22.0,21.0,21.0,21.0,21.0,22.0,21.0,10.0,retract,7,7,2.7777
1787152361.0773,2026-08-19 17:12:41.077,10,c3,0,0,-0.03943,-0.496,0.04823,-4.2151,10.2579,-24.3024,-0.0729,0.0095,-0.2323,4.69458,22.0,24.0,17.0,22.0,28.0,22.0,22.0,22.0,26.0,26.0,23.0,18.0,26.0,28.0,22.0,19.0,25.0,22.0,22.0,21.0,22.0,21.0,21.0,22.0,22.0,22.0,22.0,21.0,22.0,22.0,21.0,22.0,21.0,21.0,21.0,21.0,22.0,21.0,10.0,retract,7,7,2.7172
1787152361.1274,2026-08-19 17:12:41.127,10,c3,0,0,-0.03942,-0.49599,0.04858,-3.8629,10.3002,-24.2034,-0.0818,0.0218,-0.2291,4.68979,22.0,24.0,17.0,22.0,28.0,22.0,22.0,22.0,26.0,26.0,23.0,18.0,26.0,28.0,22.0,19.0,25.0,22.0,22.0,21.0,22.0,21.0,21.0,22.0,22.0,22.0,22.0,21.0,22.0,22.0,21.0,22.0,21.0,21.0,21.0,21.0,22.0,21.0,10.0,retract,7,7,2.7597
1787152361.1775,2026-08-19 17:12:41.177,10,c3,0,0,-0.03943,-0.496,0.04893,-4.5623,10.5985,-24.245,-0.0866,0.0042,-0.2365,4.69533,22.0,24.0,20.0,19.0,29.0,23.0,22.0,23.0,27.0,26.0,21.0,19.0,25.0,28.0,23.0,21.0,24.0,23.0,24.0,21.0,22.0,21.0,21.0,22.0,22.0,22.0,22.0,21.0,22.0,22.0,21.0,22.0,21.0,21.0,21.0,21.0,22.0,21.0,10.0,retract,7,7,2.7105
1787152361.2276,2026-08-19 17:12:41.227,10,c3,0,0,-0.03942,-0.49599,0.04924,-4.2641,10.1038,-24.2481,-0.0744,0.0112,-0.2319,4.69004,23.0,23.0,18.0,21.0,29.0,23.0,23.0,23.0,23.0,25.0,21.0,20.0,24.0,27.0,21.0,21.0,23.0,21.0,24.0,21.0,22.0,21.0,21.0,22.0,22.0,22.0,22.0,21.0,22.0,22.0,21.0,22.0,21.0,21.0,21.0,21.0,22.0,21.0,10.0,retract,7,7,2.7575
1787152361.2778,2026-08-19 17:12:41.277,10,c3,0,0,-0.03944,-0.49601,0.04958,-4.0385,9.8854,-24.3794,-0.0677,0.0179,-0.2372,4.69155,23.0,23.0,18.0,21.0,29.0,23.0,23.0,23.0,23.0,25.0,21.0,20.0,24.0,27.0,21.0,21.0,23.0,21.0,24.0,21.0,22.0,21.0,21.0,22.0,22.0,22.0,22.0,21.0,22.0,22.0,21.0,22.0,21.0,21.0,21.0,21.0,22.0,21.0,10.0,retract,7,7,2.7441
1787152361.3279,2026-08-19 17:12:41.327,10,c3,0,0,-0.03944,-0.49599,0.04985,-4.1219,10.2978,-24.214,-0.0808,0.0138,-0.2316,4.68199,21.0,20.0,16.0,21.0,25.0,21.0,21.0,25.0,24.0,25.0,23.0,19.0,25.0,27.0,22.0,21.0,24.0,22.0,23.0,21.0,22.0,21.0,21.0,22.0,22.0,22.0,22.0,21.0,22.0,22.0,21.0,22.0,21.0,21.0,21.0,21.0,22.0,21.0,10.0,retract,7,7,2.8292
1787152361.378,2026-08-19 17:12:41.378,10,c3,0,0,-0.03945,-0.496,0.0501,-4.3579,10.264,-24.4113,-0.0762,0.0067,-0.2328,4.69206,21.0,20.0,16.0,21.0,25.0,21.0,21.0,25.0,24.0,25.0,23.0,19.0,25.0,27.0,22.0,21.0,24.0,22.0,23.0,21.0,22.0,21.0,21.0,22.0,22.0,22.0,22.0,21.0,22.0,22.0,21.0,22.0,21.0,21.0,21.0,21.0,22.0,21.0,10.0,retract,7,7,2.7396
1787152361.4282,2026-08-19 17:12:41.428,10,c3,0,0,-0.03943,-0.49599,0.0503,-4.4699,10.2603,-24.2713,-0.0767,0.0051,-0.2296,4.69055,22.0,22.0,19.0,20.0,27.0,23.0,24.0,24.0,25.0,25.0,22.0,19.0,25.0,26.0,22.0,20.0,23.0,21.0,22.0,21.0,22.0,21.0,21.0,22.0,22.0,22.0,22.0,21.0,22.0,22.0,21.0,22.0,21.0,21.0,21.0,21.0,22.0,21.0,10.0,retract,7,7,2.753
1787152361.4783,2026-08-19 17:12:41.478,10,c3,0,0,-0.03945,-0.49603,0.0505,-3.8896,10.2037,-24.4047,-0.0722,0.0223,-0.2323,4.69684,22.0,23.0,18.0,21.0,27.0,22.0,21.0,23.0,24.0,25.0,22.0,18.0,24.0,27.0,21.0,21.0,24.0,21.0,23.0,21.0,22.0,21.0,21.0,22.0,22.0,22.0,22.0,21.0,22.0,22.0,21.0,22.0,21.0,21.0,21.0,21.0,22.0,21.0,10.0,retract,7,7,2.697
1787152361.5284,2026-08-19 17:12:41.528,10,c3,0,0,-0.03944,-0.49602,0.05062,-4.3779,10.5824,-24.2196,-0.0835,0.0071,-0.2366,4.68602,22.0,23.0,18.0,21.0,27.0,22.0,21.0,23.0,24.0,25.0,22.0,18.0,24.0,27.0,21.0,21.0,24.0,21.0,23.0,21.0,22.0,21.0,21.0,22.0,22.0,22.0,22.0,21.0,22.0,22.0,21.0,22.0,21.0,21.0,21.0,21.0,22.0,21.0,10.0,retract,7,7,2.7933
1787152361.5785,2026-08-19 17:12:41.578,10,c3,0,0,-0.03945,-0.49601,0.05071,-4.7817,10.7296,-24.1784,-0.0857,0.0007,-0.2423,4.69659,20.0,23.0,19.0,21.0,26.0,22.0,21.0,24.0,24.0,25.0,22.0,20.0,24.0,25.0,22.0,21.0,23.0,22.0,23.0,21.0,22.0,21.0,21.0,22.0,22.0,22.0,22.0,21.0,22.0,22.0,21.0,22.0,21.0,21.0,21.0,21.0,22.0,21.0,10.0,retract,7,7,2.6993
1787152361.6287,2026-08-19 17:12:41.628,10,c3,0,0,-0.03944,-0.496,0.05077,-4.2392,10.2772,-24.5245,-0.076,0.0101,-0.2364,4.7049,20.0,23.0,19.0,21.0,26.0,22.0,21.0,24.0,24.0,25.0,22.0,20.0,24.0,25.0,22.0,21.0,23.0,22.0,23.0,21.0,22.0,21.0,21.0,22.0,22.0,22.0,22.0,21.0,22.0,22.0,21.0,22.0,21.0,21.0,21.0,21.0,22.0,21.0,10.0,retract,7,7,2.6253
1787152361.6788,2026-08-19 17:12:41.678,10,c3,0,0,-0.03943,-0.49599,0.05082,-4.2625,10.0014,-24.4319,-0.0676,0.0102,-0.2371,4.69382,23.0,21.0,18.0,22.0,27.0,22.0,23.0,24.0,24.0,27.0,23.0,20.0,25.0,27.0,23.0,21.0,25.0,24.0,24.0,21.0,22.0,21.0,21.0,22.0,22.0,22.0,22.0,21.0,22.0,22.0,21.0,22.0,21.0,21.0,21.0,21.0,22.0,21.0,10.0,retract,7,7,2.7239
1787152361.7289,2026-08-19 17:12:41.728,10,c3,0,0,-0.03942,-0.496,0.05086,-4.3425,10.4994,-24.1798,-0.0814,0.0108,-0.2324,4.69357,22.0,23.0,19.0,21.0,26.0,23.0,23.0,21.0,23.0,27.0,22.0,17.0,24.0,28.0,22.0,19.0,24.0,22.0,20.0,21.0,22.0,21.0,21.0,22.0,22.0,22.0,22.0,21.0,22.0,22.0,21.0,22.0,21.0,21.0,21.0,21.0,22.0,21.0,10.0,post,7,7,2.7261
1787152361.779,2026-08-19 17:12:41.779,10,c3,0,0,-0.03945,-0.496,0.0509,-3.9733,10.1427,-24.439,-0.0754,0.0143,-0.2338,4.69357,22.0,23.0,19.0,21.0,26.0,23.0,23.0,21.0,23.0,27.0,22.0,17.0,24.0,28.0,22.0,19.0,24.0,22.0,20.0,21.0,22.0,21.0,21.0,22.0,22.0,22.0,22.0,21.0,22.0,22.0,21.0,22.0,21.0,21.0,21.0,21.0,22.0,21.0,10.0,post,7,7,2.7261
1787152361.8291,2026-08-19 17:12:41.829,10,c3,0,0,-0.03945,-0.49601,0.05091,-4.3731,10.5937,-24.4456,-0.0843,0.0053,-0.2397,4.68879,21.0,21.0,19.0,19.0,25.0,23.0,22.0,23.0,23.0,27.0,22.0,20.0,24.0,26.0,22.0,20.0,24.0,21.0,23.0,21.0,22.0,21.0,21.0,22.0,22.0,22.0,22.0,21.0,22.0,22.0,21.0,22.0,21.0,21.0,21.0,21.0,22.0,21.0,10.0,post,7,7,2.7687
1787152361.8792,2026-08-19 17:12:41.879,10,c3,0,0,-0.03943,-0.49602,0.05093,-4.0563,9.7083,-24.708,-0.063,0.0157,-0.2339,4.68904,21.0,21.0,19.0,19.0,25.0,23.0,22.0,23.0,23.0,27.0,22.0,20.0,24.0,26.0,22.0,20.0,24.0,21.0,23.0,21.0,22.0,21.0,21.0,22.0,22.0,22.0,22.0,21.0,22.0,22.0,21.0,22.0,21.0,21.0,21.0,21.0,22.0,21.0,10.0,post,7,7,2.7665
1787152361.9294,2026-08-19 17:12:41.929,10,c3,0,0,-0.03944,-0.49601,0.0509,-4.6026,10.7064,-24.5066,-0.0829,-0.0004,-0.2327,4.69407,22.0,21.0,19.0,21.0,24.0,21.0,22.0,23.0,22.0,29.0,22.0,19.0,23.0,27.0,22.0,20.0,24.0,22.0,23.0,21.0,22.0,21.0,21.0,22.0,22.0,22.0,22.0,21.0,22.0,22.0,21.0,22.0,21.0,21.0,21.0,21.0,22.0,21.0,10.0,post,7,7,2.7217
1787152361.9795,2026-08-19 17:12:41.979,10,c3,0,0,-0.03944,-0.49602,0.05092,-4.2968,10.4244,-24.6048,-0.0787,0.011,-0.2325,4.69709,22.0,21.0,19.0,21.0,24.0,21.0,22.0,23.0,22.0,29.0,22.0,19.0,23.0,27.0,22.0,20.0,24.0,22.0,23.0,21.0,22.0,21.0,21.0,22.0,22.0,22.0,22.0,21.0,22.0,22.0,21.0,22.0,21.0,21.0,21.0,21.0,22.0,21.0,10.0,post,7,7,2.6948
1787152362.0296,2026-08-19 17:12:42.029,10,c3,0,0,-0.03944,-0.496,0.05092,-4.3309,10.6332,-24.4602,-0.082,0.0085,-0.235,4.69181,21.0,20.0,20.0,22.0,25.0,24.0,22.0,24.0,22.0,28.0,22.0,20.0,23.0,27.0,23.0,22.0,25.0,21.0,24.0,21.0,22.0,21.0,21.0,22.0,22.0,22.0,22.0,21.0,22.0,22.0,21.0,22.0,21.0,21.0,21.0,21.0,22.0,21.0,10.0,post,7,7,2.7418
1787152362.0798,2026-08-19 17:12:42.079,10,c3,0,0,-0.03945,-0.49603,0.05092,-4.158,10.3256,-24.3509,-0.0766,0.0144,-0.2359,4.69508,23.0,21.0,19.0,22.0,24.0,23.0,22.0,24.0,21.0,28.0,24.0,20.0,22.0,26.0,23.0,22.0,23.0,23.0,24.0,21.0,22.0,21.0,21.0,22.0,22.0,22.0,22.0,21.0,22.0,22.0,21.0,22.0,21.0,21.0,21.0,21.0,22.0,21.0,10.0,post,7,7,2.7127
1787152362.1298,2026-08-19 17:12:42.129,10,c3,0,0,-0.03944,-0.49601,0.05091,-4.2966,10.557,-24.5281,-0.0802,0.0084,-0.2314,4.68979,23.0,21.0,19.0,22.0,24.0,23.0,22.0,24.0,21.0,28.0,24.0,20.0,22.0,26.0,23.0,22.0,23.0,23.0,24.0,21.0,22.0,21.0,21.0,22.0,22.0,22.0,22.0,21.0,22.0,22.0,21.0,22.0,21.0,21.0,21.0,21.0,22.0,21.0,10.0,post,7,7,2.7597
1787152362.1799,2026-08-19 17:12:42.179,10,c3,0,0,-0.03943,-0.496,0.05091,-4.4923,10.4757,-24.3946,-0.0819,0.0058,-0.2328,4.69004,22.0,20.0,20.0,22.0,24.0,24.0,24.0,24.0,23.0,27.0,23.0,20.0,24.0,27.0,24.0,21.0,24.0,23.0,24.0,21.0,22.0,21.0,21.0,22.0,22.0,22.0,22.0,21.0,22.0,22.0,21.0,22.0,21.0,21.0,21.0,21.0,22.0,21.0,10.0,post,7,7,2.7575
1787152362.2301,2026-08-19 17:12:42.230,10,c3,0,0,-0.03944,-0.49602,0.05092,-4.4313,10.3855,-24.3385,-0.0763,0.0061,-0.2307,4.68828,22.0,20.0,20.0,22.0,24.0,24.0,24.0,24.0,23.0,27.0,23.0,20.0,24.0,27.0,24.0,21.0,24.0,23.0,24.0,21.0,22.0,21.0,21.0,22.0,22.0,22.0,22.0,21.0,22.0,22.0,21.0,22.0,21.0,21.0,21.0,21.0,22.0,21.0,10.0,post,7,7,2.7732
1787152362.2801,2026-08-19 17:12:42.280,10,c3,0,0,-0.03944,-0.49602,0.05092,-4.3147,10.2883,-24.272,-0.0757,0.0115,-0.2353,4.69735,21.0,22.0,20.0,22.0,25.0,23.0,22.0,24.0,24.0,26.0,23.0,22.0,24.0,25.0,23.0,19.0,23.0,23.0,23.0,21.0,22.0,21.0,21.0,22.0,22.0,22.0,22.0,21.0,22.0,22.0,21.0,22.0,21.0,21.0,21.0,21.0,22.0,21.0,10.0,post,7,7,2.6925
1787152362.3302,2026-08-19 17:12:42.330,10,c3,0,0,-0.03946,-0.49601,0.05092,-4.3428,10.3658,-24.1994,-0.0782,0.013,-0.2348,4.69004,19.0,22.0,23.0,20.0,24.0,24.0,22.0,24.0,24.0,27.0,22.0,21.0,24.0,26.0,22.0,21.0,24.0,23.0,23.0,21.0,22.0,21.0,21.0,22.0,22.0,22.0,22.0,21.0,22.0,22.0,21.0,22.0,21.0,21.0,21.0,21.0,22.0,21.0,10.0,post,7,7,2.7575
1787152362.3803,2026-08-19 17:12:42.380,10,c3,0,0,-0.03945,-0.49601,0.05092,-4.3337,10.2022,-24.5568,-0.072,0.0066,-0.2313,4.69382,19.0,22.0,23.0,20.0,24.0,24.0,22.0,24.0,24.0,27.0,22.0,21.0,24.0,26.0,22.0,21.0,24.0,23.0,23.0,21.0,22.0,21.0,21.0,22.0,22.0,22.0,22.0,21.0,22.0,22.0,21.0,22.0,21.0,21.0,21.0,21.0,22.0,21.0,10.0,post,7,7,2.7239
1787152362.4305,2026-08-19 17:12:42.430,10,c3,0,0,-0.03944,-0.49601,0.0509,-4.3102,10.4629,-24.2465,-0.0804,0.0089,-0.2366,4.68954,20.0,22.0,23.0,22.0,26.0,25.0,21.0,23.0,23.0,26.0,23.0,22.0,24.0,27.0,23.0,21.0,24.0,22.0,22.0,21.0,22.0,21.0,21.0,22.0,22.0,22.0,22.0,21.0,22.0,22.0,21.0,22.0,21.0,21.0,21.0,21.0,22.0,21.0,10.0,post,7,7,2.762
1787152362.4806,2026-08-19 17:12:42.480,10,c3,0,0,-0.03944,-0.49601,0.05091,-4.3138,10.1006,-24.3811,-0.071,0.0095,-0.2346,4.69004,20.0,22.0,23.0,22.0,26.0,25.0,21.0,23.0,23.0,26.0,23.0,22.0,24.0,27.0,23.0,21.0,24.0,22.0,22.0,21.0,22.0,21.0,21.0,22.0,22.0,22.0,22.0,21.0,22.0,22.0,21.0,22.0,21.0,21.0,21.0,21.0,22.0,21.0,10.0,post,7,7,2.7575
1787152362.5308,2026-08-19 17:12:42.530,10,c3,0,0,-0.03945,-0.49601,0.05091,-4.2123,9.9634,-24.2929,-0.068,0.0136,-0.2361,4.69886,20.0,21.0,22.0,21.0,24.0,24.0,23.0,22.0,24.0,25.0,21.0,21.0,24.0,24.0,21.0,20.0,23.0,22.0,22.0,21.0,22.0,21.0,21.0,22.0,22.0,22.0,22.0,21.0,22.0,22.0,21.0,22.0,21.0,21.0,21.0,21.0,22.0,21.0,10.0,post,7,7,2.6791
1787152362.5809,2026-08-19 17:12:42.580,10,c3,0,0,-0.03943,-0.49602,0.05092,-4.5579,10.5228,-24.2851,-0.0837,0.0032,-0.2352,4.69332,20.0,23.0,22.0,21.0,25.0,25.0,22.0,23.0,24.0,27.0,23.0,23.0,24.0,27.0,22.0,21.0,26.0,22.0,23.0,21.0,22.0,21.0,21.0,22.0,22.0,22.0,22.0,21.0,22.0,22.0,21.0,22.0,21.0,21.0,21.0,21.0,22.0,21.0,10.0,post,7,7,2.7284
1787152362.631,2026-08-19 17:12:42.630,10,c3,0,0,-0.03943,-0.49601,0.05091,-4.5578,10.4348,-24.1599,-0.0809,0.0024,-0.2336,4.69231,20.0,23.0,22.0,21.0,25.0,25.0,22.0,23.0,24.0,27.0,23.0,23.0,24.0,27.0,22.0,21.0,26.0,22.0,23.0,21.0,22.0,21.0,21.0,22.0,22.0,22.0,22.0,21.0,22.0,22.0,21.0,22.0,21.0,21.0,21.0,21.0,22.0,21.0,10.0,post,7,7,2.7373
1787152362.6811,2026-08-19 17:12:42.681,10,c3,0,0,-0.03945,-0.496,0.05091,-4.2857,10.4066,-24.5056,-0.0798,0.0111,-0.2325,4.68904,22.0,21.0,24.0,22.0,26.0,27.0,23.0,24.0,25.0,25.0,22.0,22.0,23.0,25.0,23.0,22.0,24.0,22.0,25.0,21.0,22.0,21.0,21.0,22.0,22.0,22.0,22.0,21.0,22.0,22.0,21.0,22.0,21.0,21.0,21.0,21.0,22.0,21.0,10.0,post,7,7,2.7665
1787152362.7312,2026-08-19 17:12:42.731,10,c3,0,0,-0.03945,-0.49601,0.05092,-3.992,10.1698,-24.4568,-0.0737,0.0191,-0.2337,4.69684,22.0,21.0,24.0,22.0,26.0,27.0,23.0,24.0,25.0,25.0,22.0,22.0,23.0,25.0,23.0,22.0,24.0,22.0,25.0,21.0,22.0,21.0,21.0,22.0,22.0,22.0,22.0,21.0,22.0,22.0,21.0,22.0,21.0,21.0,21.0,21.0,22.0,21.0,10.0,post,7,7,2.697
1787152362.7814,2026-08-19 17:12:42.781,10,c3,0,0,-0.03944,-0.49602,0.05092,-3.905,10.1318,-24.3746,-0.0717,0.0219,-0.2334,4.68778,21.0,23.0,22.0,21.0,24.0,24.0,22.0,23.0,23.0,25.0,22.0,21.0,24.0,25.0,22.0,21.0,22.0,23.0,22.0,21.0,22.0,21.0,21.0,22.0,22.0,22.0,22.0,21.0,22.0,22.0,21.0,22.0,21.0,21.0,21.0,21.0,22.0,21.0,10.0,post,7,7,2.7777
1787152362.8315,2026-08-19 17:12:42.831,10,c3,0,0,-0.03943,-0.496,0.05091,-4.2615,10.2271,-24.5071,-0.0734,0.0099,-0.2383,4.69206,21.0,20.0,22.0,21.0,23.0,24.0,22.0,23.0,24.0,26.0,24.0,22.0,23.0,26.0,23.0,22.0,25.0,24.0,23.0,21.0,22.0,21.0,21.0,22.0,22.0,22.0,22.0,21.0,22.0,22.0,21.0,22.0,21.0,21.0,21.0,21.0,22.0,21.0,10.0,post,7,7,2.7396
1787152362.8816,2026-08-19 17:12:42.881,10,c3,0,0,-0.03945,-0.49602,0.05092,-4.4203,10.3526,-24.5586,-0.0772,0.0056,-0.2305,4.69231,21.0,20.0,22.0,21.0,23.0,24.0,22.0,23.0,24.0,26.0,24.0,22.0,23.0,26.0,23.0,22.0,25.0,24.0,23.0,21.0,22.0,21.0,21.0,22.0,22.0,22.0,22.0,21.0,22.0,22.0,21.0,22.0,21.0,21.0,21.0,21.0,22.0,21.0,10.0,post,7,7,2.7373
1787152362.9318,2026-08-19 17:12:42.931,10,c3,0,0,-0.03943,-0.49602,0.05091,-4.2542,10.3463,-24.5215,-0.0802,0.0085,-0.2312,4.69785,21.0,22.0,22.0,22.0,24.0,25.0,23.0,24.0,24.0,26.0,23.0,23.0,24.0,25.0,22.0,21.0,23.0,20.0,22.0,21.0,22.0,21.0,21.0,22.0,22.0,22.0,22.0,21.0,22.0,22.0,21.0,22.0,21.0,21.0,21.0,21.0,22.0,21.0,10.0,post,7,7,2.6881
1787152362.9819,2026-08-19 17:12:42.981,10,c3,0,0,-0.03944,-0.49601,0.0509,-4.2935,10.3636,-24.665,-0.0729,0.0117,-0.2332,4.6908,21.0,22.0,22.0,22.0,24.0,25.0,23.0,24.0,24.0,26.0,23.0,23.0,24.0,25.0,22.0,21.0,23.0,20.0,22.0,21.0,22.0,21.0,21.0,22.0,22.0,22.0,22.0,21.0,22.0,22.0,21.0,22.0,21.0,21.0,21.0,21.0,22.0,21.0,10.0,post,7,7,2.7508
1787152363.0319,2026-08-19 17:12:43.031,10,c3,0,0,-0.03945,-0.49601,0.05092,-4.0495,10.2554,-24.3862,-0.0744,0.0181,-0.2309,4.69709,21.0,21.0,23.0,22.0,23.0,25.0,23.0,22.0,24.0,24.0,23.0,21.0,24.0,25.0,23.0,20.0,24.0,23.0,22.0,21.0,22.0,21.0,21.0,22.0,22.0,22.0,22.0,21.0,22.0,22.0,21.0,22.0,21.0,21.0,21.0,21.0,22.0,21.0,10.0,post,7,7,2.6948
1787152363.0821,2026-08-19 17:12:43.082,10,c3,0,0,-0.03945,-0.49602,0.05092,-4.1823,10.3478,-24.6061,-0.0814,0.0151,-0.231,4.68853,21.0,21.0,23.0,22.0,23.0,25.0,23.0,22.0,24.0,24.0,23.0,21.0,24.0,25.0,23.0,20.0,24.0,23.0,22.0,21.0,22.0,21.0,21.0,22.0,22.0,22.0,22.0,21.0,22.0,22.0,21.0,22.0,21.0,21.0,21.0,21.0,22.0,21.0,10.0,post,7,7,2.7709
1787152363.1322,2026-08-19 17:12:43.132,10,c3,0,0,-0.03944,-0.49601,0.05092,-4.1686,10.05,-24.4303,-0.0712,0.0123,-0.2302,4.69558,20.0,22.0,22.0,21.0,25.0,24.0,23.0,23.0,24.0,25.0,22.0,22.0,24.0,26.0,22.0,21.0,24.0,22.0,22.0,21.0,22.0,21.0,21.0,22.0,22.0,22.0,22.0,21.0,22.0,22.0,21.0,22.0,21.0,21.0,21.0,21.0,22.0,21.0,10.0,post,7,7,2.7082
1787152363.1823,2026-08-19 17:12:43.182,10,c3,0,0,-0.03944,-0.49602,0.05092,-4.2124,10.294,-24.4042,-0.0765,0.0095,-0.2325,4.69155,21.0,21.0,23.0,21.0,25.0,25.0,22.0,24.0,25.0,26.0,21.0,22.0,23.0,26.0,21.0,20.0,23.0,21.0,22.0,21.0,22.0,21.0,21.0,22.0,22.0,22.0,22.0,21.0,22.0,22.0,21.0,22.0,21.0,21.0,21.0,21.0,22.0,21.0,10.0,post,7,7,2.7441
1787152363.2324,2026-08-19 17:12:43.232,10,c3,0,0,-0.03944,-0.496,0.0509,-4.2214,10.4317,-24.4453,-0.0752,0.013,-0.2337,4.68476,21.0,21.0,23.0,21.0,25.0,25.0,22.0,24.0,25.0,26.0,21.0,22.0,23.0,26.0,21.0,20.0,23.0,21.0,22.0,21.0,22.0,21.0,21.0,22.0,22.0,22.0,22.0,21.0,22.0,22.0,21.0,22.0,21.0,21.0,21.0,21.0,22.0,21.0,10.0,post,7,7,2.8045
1787152363.2826,2026-08-19 17:12:43.282,10,c3,0,0,-0.03943,-0.49601,0.05091,-3.9898,10.0414,-24.3932,-0.0733,0.0199,-0.2299,4.6976,22.0,22.0,24.0,22.0,24.0,25.0,23.0,22.0,25.0,26.0,22.0,21.0,24.0,26.0,22.0,20.0,23.0,22.0,21.0,21.0,22.0,21.0,21.0,22.0,22.0,22.0,22.0,21.0,22.0,22.0,21.0,22.0,21.0,21.0,21.0,21.0,22.0,21.0,10.0,post,7,7,2.6903
1787152363.3327,2026-08-19 17:12:43.332,10,c3,0,0,-0.03943,-0.49601,0.05092,-4.6278,10.2208,-24.4316,-0.0736,0.0036,-0.2369,4.68602,22.0,22.0,24.0,22.0,24.0,25.0,23.0,22.0,25.0,26.0,22.0,21.0,24.0,26.0,22.0,20.0,23.0,22.0,21.0,21.0,22.0,21.0,21.0,22.0,22.0,22.0,22.0,21.0,22.0,22.0,21.0,22.0,21.0,21.0,21.0,21.0,22.0,21.0,10.0,post,7,7,2.7933
1787152363.3828,2026-08-19 17:12:43.382,10,c3,0,0,-0.03943,-0.49601,0.05091,-4.1444,10.1019,-24.5554,-0.0706,0.0128,-0.2341,4.69558,20.0,23.0,24.0,21.0,26.0,26.0,22.0,21.0,25.0,26.0,24.0,22.0,24.0,26.0,23.0,21.0,24.0,23.0,22.0,21.0,22.0,21.0,21.0,22.0,22.0,22.0,22.0,21.0,22.0,22.0,21.0,22.0,21.0,21.0,21.0,21.0,22.0,21.0,10.0,post,7,7,2.7082
1787152363.4329,2026-08-19 17:12:43.432,10,c3,0,0,-0.03944,-0.49603,0.05093,-4.3161,9.8985,-24.3763,-0.0664,0.0097,-0.2342,4.69281,21.0,22.0,23.0,22.0,25.0,25.0,23.0,23.0,24.0,26.0,23.0,22.0,24.0,27.0,22.0,20.0,25.0,23.0,21.0,21.0,22.0,21.0,21.0,22.0,22.0,22.0,22.0,21.0,22.0,22.0,21.0,22.0,21.0,21.0,21.0,21.0,22.0,21.0,10.0,post,7,7,2.7329
1787152363.483,2026-08-19 17:12:43.483,10,c3,0,0,-0.03945,-0.49602,0.05092,-3.959,10.2308,-24.349,-0.0785,0.021,-0.2325,4.69181,21.0,22.0,23.0,22.0,25.0,25.0,23.0,23.0,24.0,26.0,23.0,22.0,24.0,27.0,22.0,20.0,25.0,23.0,21.0,21.0,22.0,21.0,21.0,22.0,22.0,22.0,22.0,21.0,22.0,22.0,21.0,22.0,21.0,21.0,21.0,21.0,22.0,21.0,10.0,post,7,7,2.7418
1787152363.5332,2026-08-19 17:12:43.533,10,c3,0,0,-0.03945,-0.49601,0.05092,-4.4666,10.4691,-24.2705,-0.0783,0.0062,-0.2418,4.69659,21.0,24.0,24.0,21.0,25.0,26.0,24.0,25.0,24.0,25.0,23.0,23.0,24.0,27.0,21.0,23.0,24.0,20.0,23.0,21.0,22.0,21.0,21.0,22.0,22.0,22.0,22.0,21.0,22.0,22.0,21.0,22.0,21.0,21.0,21.0,21.0,22.0,21.0,10.0,post,7,7,2.6993
1787152363.5833,2026-08-19 17:12:43.583,10,c3,0,0,-0.03947,-0.49601,0.05091,-3.9004,9.7805,-24.2537,-0.0654,0.0217,-0.2284,4.68753,21.0,24.0,24.0,21.0,25.0,26.0,24.0,25.0,24.0,25.0,23.0,23.0,24.0,27.0,21.0,23.0,24.0,20.0,23.0,21.0,22.0,21.0,21.0,22.0,22.0,22.0,22.0,21.0,22.0,22.0,21.0,22.0,21.0,21.0,21.0,21.0,22.0,21.0,10.0,post,7,7,2.7799
1787152363.6334,2026-08-19 17:12:43.633,10,c3,0,0,-0.03945,-0.49601,0.05091,-4.0715,10.3327,-24.4584,-0.0779,0.0102,-0.2319,4.68929,23.0,23.0,23.0,21.0,25.0,25.0,21.0,26.0,26.0,27.0,23.0,25.0,24.0,26.0,22.0,23.0,24.0,22.0,23.0,21.0,22.0,21.0,21.0,22.0,22.0,22.0,22.0,21.0,22.0,22.0,21.0,22.0,21.0,21.0,21.0,21.0,22.0,21.0,10.0,post,7,7,2.7642
1787152363.6835,2026-08-19 17:12:43.683,10,c3,0,0,-0.03944,-0.49601,0.05091,-4.3837,10.2808,-24.5331,-0.0808,0.0084,-0.2341,4.69432,23.0,23.0,24.0,23.0,26.0,25.0,23.0,23.0,25.0,25.0,22.0,23.0,25.0,25.0,22.0,21.0,22.0,23.0,23.0,21.0,22.0,21.0,21.0,22.0,22.0,22.0,22.0,21.0,22.0,22.0,21.0,22.0,21.0,21.0,21.0,21.0,22.0,21.0,10.0,post,7,7,2.7194
1787152363.7336,2026-08-19 17:12:43.733,10,c3,0,0,-0.03944,-0.49601,0.05091,-3.7523,9.9854,-24.582,-0.0714,0.0223,-0.2285,4.69004,23.0,23.0,24.0,23.0,26.0,25.0,23.0,23.0,25.0,25.0,22.0,23.0,25.0,25.0,22.0,21.0,22.0,23.0,23.0,21.0,22.0,21.0,21.0,22.0,22.0,22.0,22.0,21.0,22.0,22.0,21.0,22.0,21.0,21.0,21.0,21.0,22.0,21.0,10.0,locate,8,8,2.7575
1787152363.7837,2026-08-19 17:12:43.783,10,c3,0,0,-0.03945,-0.49601,0.05092,-4.0403,10.3433,-24.5896,-0.0758,0.0164,-0.2332,4.69986,22.0,23.0,22.0,22.0,26.0,24.0,22.0,25.0,26.0,26.0,22.0,24.0,24.0,25.0,21.0,23.0,23.0,22.0,24.0,21.0,22.0,21.0,21.0,22.0,22.0,22.0,22.0,21.0,22.0,22.0,21.0,22.0,21.0,21.0,21.0,21.0,22.0,21.0,10.0,locate,8,8,2.6701
1787152363.8338,2026-08-19 17:12:43.833,10,c3,0,0,-0.03945,-0.49601,0.05092,-4.1803,10.2217,-24.4336,-0.077,0.0092,-0.2366,4.6913,22.0,23.0,22.0,22.0,26.0,24.0,22.0,25.0,26.0,26.0,22.0,24.0,24.0,25.0,21.0,23.0,23.0,22.0,24.0,21.0,22.0,21.0,21.0,22.0,22.0,22.0,22.0,21.0,22.0,22.0,21.0,22.0,21.0,21.0,21.0,21.0,22.0,21.0,10.0,locate,8,8,2.7463
1787152363.8839,2026-08-19 17:12:43.883,10,c3,0,0,-0.03944,-0.496,0.05091,-4.3026,10.2605,-24.4712,-0.0748,0.0089,-0.2309,4.69684,23.0,24.0,23.0,23.0,26.0,25.0,22.0,25.0,23.0,25.0,23.0,24.0,24.0,26.0,23.0,22.0,24.0,22.0,23.0,21.0,22.0,21.0,21.0,22.0,22.0,22.0,22.0,21.0,22.0,22.0,21.0,22.0,21.0,21.0,21.0,21.0,22.0,21.0,10.0,locate,8,8,2.697
1787152363.934,2026-08-19 17:12:43.934,10,c3,0,0,-0.03944,-0.49601,0.05092,-3.9376,10.0725,-24.525,-0.0735,0.0168,-0.229,4.68476,24.0,22.0,24.0,24.0,25.0,25.0,23.0,23.0,24.0,27.0,22.0,22.0,24.0,26.0,23.0,21.0,25.0,23.0,22.0,21.0,22.0,21.0,21.0,22.0,22.0,22.0,22.0,21.0,22.0,22.0,21.0,22.0,21.0,21.0,21.0,21.0,22.0,21.0,10.0,locate,8,8,2.8045
1787152363.9841,2026-08-19 17:12:43.984,10,c3,0,0,-0.03944,-0.49601,0.05091,-3.7932,10.0752,-24.6536,-0.0732,0.0227,-0.2259,4.69634,24.0,22.0,24.0,24.0,25.0,25.0,23.0,23.0,24.0,27.0,22.0,22.0,24.0,26.0,23.0,21.0,25.0,23.0,22.0,21.0,22.0,21.0,21.0,22.0,22.0,22.0,22.0,21.0,22.0,22.0,21.0,22.0,21.0,21.0,21.0,21.0,22.0,21.0,10.0,locate,8,8,2.7015
1787152364.0342,2026-08-19 17:12:44.034,10,c3,0,0,-0.03944,-0.49601,0.05092,-4.1609,10.115,-24.5579,-0.0735,0.0144,-0.2313,4.69181,21.0,22.0,24.0,21.0,24.0,25.0,21.0,23.0,23.0,26.0,24.0,21.0,24.0,25.0,23.0,20.0,22.0,23.0,22.0,21.0,22.0,21.0,21.0,22.0,22.0,22.0,22.0,21.0,22.0,22.0,21.0,22.0,21.0,21.0,21.0,21.0,22.0,21.0,10.0,locate,8,8,2.7418
1787152364.0844,2026-08-19 17:12:44.084,10,c3,0,0,-0.03946,-0.496,0.0509,-4.3239,10.3716,-24.4654,-0.0769,0.0096,-0.2415,4.69709,21.0,22.0,24.0,21.0,24.0,25.0,21.0,23.0,23.0,26.0,24.0,21.0,24.0,25.0,23.0,20.0,22.0,23.0,22.0,21.0,22.0,21.0,21.0,22.0,22.0,22.0,22.0,21.0,22.0,22.0,21.0,22.0,21.0,21.0,21.0,21.0,22.0,21.0,10.0,locate,8,8,2.6948
1787152364.1345,2026-08-19 17:12:44.134,10,c3,0,0,-0.03946,-0.496,0.05091,-4.0665,10.3338,-24.5307,-0.081,0.0181,-0.2333,4.69105,22.0,23.0,23.0,21.0,25.0,26.0,23.0,24.0,23.0,26.0,22.0,24.0,24.0,26.0,21.0,23.0,25.0,21.0,24.0,21.0,22.0,21.0,21.0,22.0,22.0,22.0,22.0,21.0,22.0,22.0,21.0,22.0,21.0,21.0,21.0,21.0,22.0,21.0,10.0,locate,8,8,2.7485
1787152364.1846,2026-08-19 17:12:44.184,10,c3,0,0,-0.03944,-0.49601,0.05092,-4.2891,10.4986,-24.3114,-0.0814,0.0088,-0.2366,4.68904,22.0,23.0,23.0,21.0,25.0,26.0,23.0,24.0,23.0,26.0,22.0,24.0,24.0,26.0,21.0,23.0,25.0,21.0,24.0,21.0,22.0,21.0,21.0,22.0,22.0,22.0,22.0,21.0,22.0,22.0,21.0,22.0,21.0,21.0,21.0,21.0,22.0,21.0,10.0,locate,8,8,2.7665
1787152364.2348,2026-08-19 17:12:44.234,10,c3,0,0,-0.03944,-0.49601,0.05092,-4.1571,10.2329,-24.4609,-0.0756,0.0137,-0.2294,4.69609,23.0,23.0,23.0,23.0,24.0,25.0,22.0,23.0,24.0,27.0,24.0,21.0,24.0,25.0,22.0,22.0,25.0,22.0,25.0,21.0,22.0,21.0,21.0,22.0,22.0,22.0,22.0,21.0,22.0,22.0,21.0,22.0,21.0,21.0,21.0,21.0,22.0,21.0,10.0,locate,8,8,2.7037
1787152364.2848,2026-08-19 17:12:44.284,10,c3,0,0,-0.03943,-0.49601,0.05091,-4.2262,10.4963,-24.4925,-0.0825,0.0098,-0.2319,4.68727,21.0,24.0,23.0,21.0,25.0,26.0,23.0,23.0,23.0,25.0,22.0,23.0,24.0,25.0,21.0,20.0,24.0,22.0,22.0,21.0,22.0,21.0,21.0,22.0,22.0,22.0,22.0,21.0,22.0,22.0,21.0,22.0,21.0,21.0,21.0,21.0,22.0,21.0,10.0,locate,8,8,2.7821
1787152364.3349,2026-08-19 17:12:44.334,10,c3,0,0,-0.03944,-0.49601,0.0509,-4.306,10.1035,-24.6056,-0.0723,0.0113,-0.2299,4.69735,21.0,24.0,23.0,21.0,25.0,26.0,23.0,23.0,23.0,25.0,22.0,23.0,24.0,25.0,21.0,20.0,24.0,22.0,22.0,21.0,22.0,21.0,21.0,22.0,22.0,22.0,22.0,21.0,22.0,22.0,21.0,22.0,21.0,21.0,21.0,21.0,22.0,21.0,10.0,locate,8,8,2.6925
1787152364.385,2026-08-19 17:12:44.384,10,c3,0,0,-0.03943,-0.496,0.0509,-4.2344,10.3031,-24.3742,-0.0769,0.0139,-0.2342,4.68929,20.0,22.0,24.0,21.0,24.0,25.0,21.0,22.0,23.0,25.0,22.0,22.0,24.0,25.0,22.0,20.0,24.0,21.0,21.0,21.0,22.0,21.0,21.0,22.0,22.0,22.0,22.0,21.0,22.0,22.0,21.0,22.0,21.0,21.0,21.0,21.0,22.0,21.0,10.0,locate,8,8,2.7642
1787152364.4351,2026-08-19 17:12:44.435,10,c3,0,0,-0.03943,-0.49601,0.0509,-4.0283,10.4084,-24.4681,-0.0802,0.0145,-0.2305,4.69558,20.0,22.0,24.0,21.0,24.0,25.0,21.0,22.0,23.0,25.0,22.0,22.0,24.0,25.0,22.0,20.0,24.0,21.0,21.0,21.0,22.0,21.0,21.0,22.0,22.0,22.0,22.0,21.0,22.0,22.0,21.0,22.0,21.0,21.0,21.0,21.0,22.0,21.0,10.0,locate,8,8,2.7082
1787152364.4852,2026-08-19 17:12:44.485,10,c3,0,0,-0.03944,-0.496,0.05091,-4.0998,9.9384,-24.5291,-0.0696,0.0156,-0.2294,4.69105,20.0,21.0,23.0,21.0,24.0,24.0,22.0,24.0,23.0,25.0,23.0,24.0,22.0,25.0,23.0,22.0,23.0,21.0,23.0,21.0,22.0,21.0,21.0,22.0,22.0,22.0,22.0,21.0,22.0,22.0,21.0,22.0,21.0,21.0,21.0,21.0,22.0,21.0,10.0,locate,8,8,2.7485
1787152364.5354,2026-08-19 17:12:44.535,10,c3,0,0,-0.03945,-0.49601,0.05092,-4.283,10.3333,-24.6398,-0.0772,0.0112,-0.2321,4.69231,21.0,21.0,24.0,21.0,23.0,26.0,22.0,23.0,24.0,26.0,23.0,22.0,24.0,25.0,23.0,20.0,23.0,23.0,21.0,21.0,22.0,21.0,21.0,22.0,22.0,22.0,22.0,21.0,22.0,22.0,21.0,22.0,21.0,21.0,21.0,21.0,22.0,21.0,10.0,locate,8,8,2.7373
1787152364.5855,2026-08-19 17:12:44.585,10,c3,0,0,-0.03946,-0.49601,0.05091,-4.2218,9.9349,-24.6632,-0.0697,0.0107,-0.2285,4.6903,21.0,21.0,24.0,21.0,23.0,26.0,22.0,23.0,24.0,26.0,23.0,22.0,24.0,25.0,23.0,20.0,23.0,23.0,21.0,21.0,22.0,21.0,21.0,22.0,22.0,22.0,22.0,21.0,22.0,22.0,21.0,22.0,21.0,21.0,21.0,21.0,22.0,21.0,10.0,locate,8,8,2.7553
1787152364.6355,2026-08-19 17:12:44.635,10,c3,0,0,-0.03944,-0.49601,0.05091,-4.0578,10.0575,-24.6487,-0.0682,0.0128,-0.2302,4.68727,20.0,22.0,23.0,21.0,24.0,25.0,24.0,24.0,24.0,27.0,24.0,22.0,24.0,27.0,23.0,22.0,25.0,23.0,22.0,21.0,22.0,21.0,21.0,22.0,22.0,22.0,22.0,21.0,22.0,22.0,21.0,22.0,21.0,21.0,21.0,21.0,22.0,21.0,10.0,locate,8,8,2.7821
1787152364.6856,2026-08-19 17:12:44.685,10,c3,0,0,-0.03945,-0.496,0.0509,-4.1166,10.0486,-24.7969,-0.0709,0.0151,-0.232,4.69735,20.0,22.0,23.0,21.0,24.0,25.0,24.0,24.0,24.0,27.0,24.0,22.0,24.0,27.0,23.0,22.0,25.0,23.0,22.0,21.0,22.0,21.0,21.0,22.0,22.0,22.0,22.0,21.0,22.0,22.0,21.0,22.0,21.0,21.0,21.0,21.0,22.0,21.0,10.0,locate,8,8,2.6925
1787152364.7357,2026-08-19 17:12:44.735,10,c3,0,0,-0.03942,-0.49602,0.05091,-4.1672,10.1351,-24.4708,-0.074,0.0187,-0.2345,4.69382,20.0,22.0,24.0,21.0,24.0,27.0,24.0,23.0,24.0,25.0,22.0,22.0,24.0,25.0,23.0,20.0,23.0,23.0,21.0,21.0,22.0,21.0,21.0,22.0,22.0,22.0,22.0,21.0,22.0,22.0,21.0,22.0,21.0,21.0,21.0,21.0,22.0,21.0,10.0,locate,8,8,2.7239
1787152364.7858,2026-08-19 17:12:44.785,10,c3,0,0,-0.03944,-0.49602,0.05092,-4.1708,9.9607,-24.7462,-0.0708,0.0138,-0.2322,4.69533,18.0,22.0,23.0,20.0,26.0,25.0,22.0,22.0,24.0,24.0,23.0,21.0,24.0,25.0,24.0,19.0,24.0,23.0,20.0,21.0,22.0,21.0,21.0,22.0,22.0,22.0,22.0,21.0,22.0,22.0,21.0,22.0,21.0,21.0,21.0,21.0,22.0,21.0,10.0,locate,8,8,2.7105
1787152364.8359,2026-08-19 17:12:44.835,10,c3,0,0,-0.03944,-0.49601,0.05091,-3.9654,10.0799,-24.6153,-0.0729,0.0167,-0.231,4.68929,18.0,22.0,23.0,20.0,26.0,25.0,22.0,22.0,24.0,24.0,23.0,21.0,24.0,25.0,24.0,19.0,24.0,23.0,20.0,21.0,22.0,21.0,21.0,22.0,22.0,22.0,22.0,21.0,22.0,22.0,21.0,22.0,21.0,21.0,21.0,21.0,22.0,21.0,10.0,locate,8,8,2.7642
1787152364.886,2026-08-19 17:12:44.886,10,c3,0,0,-0.03943,-0.49601,0.05091,-4.314,10.3388,-24.5582,-0.0785,0.0124,-0.2305,4.69206,20.0,22.0,23.0,20.0,25.0,23.0,23.0,21.0,23.0,26.0,23.0,21.0,24.0,27.0,22.0,19.0,26.0,23.0,21.0,21.0,22.0,21.0,21.0,22.0,22.0,22.0,22.0,21.0,22.0,22.0,21.0,22.0,21.0,21.0,21.0,21.0,22.0,21.0,10.0,locate,8,8,2.7396
1787152364.9362,2026-08-19 17:12:44.936,10,c3,0,0,-0.03945,-0.49602,0.05091,-4.3533,10.1042,-24.6755,-0.0731,0.01,-0.232,4.68954,20.0,22.0,23.0,20.0,25.0,23.0,23.0,21.0,23.0,26.0,23.0,21.0,24.0,27.0,22.0,19.0,26.0,23.0,21.0,21.0,22.0,21.0,21.0,22.0,22.0,22.0,22.0,21.0,22.0,22.0,21.0,22.0,21.0,21.0,21.0,21.0,22.0,21.0,10.0,locate,8,8,2.762
1787152364.9864,2026-08-19 17:12:44.986,10,c3,0,0,-0.03944,-0.49601,0.05091,-4.3542,10.3766,-24.5217,-0.0785,0.009,-0.231,4.69357,20.0,23.0,24.0,20.0,24.0,26.0,22.0,21.0,24.0,27.0,23.0,20.0,23.0,26.0,23.0,19.0,25.0,23.0,21.0,21.0,22.0,21.0,21.0,22.0,22.0,22.0,22.0,21.0,22.0,22.0,21.0,22.0,21.0,21.0,21.0,21.0,22.0,21.0,10.0,locate,8,8,2.7261
1787152365.0365,2026-08-19 17:12:45.036,10,c3,0,0,-0.03946,-0.49602,0.05093,-4.063,10.4475,-24.5965,-0.0837,0.0151,-0.2302,4.69004,20.0,22.0,24.0,18.0,24.0,25.0,23.0,22.0,23.0,26.0,23.0,21.0,23.0,24.0,22.0,20.0,23.0,22.0,22.0,21.0,22.0,21.0,21.0,22.0,22.0,22.0,22.0,21.0,22.0,22.0,21.0,22.0,21.0,21.0,21.0,21.0,22.0,21.0,10.0,locate,8,8,2.7575
1787152365.0866,2026-08-19 17:12:45.086,10,c3,0,0,-0.03944,-0.49601,0.0509,-4.1161,9.9775,-24.5204,-0.0738,0.0171,-0.2279,4.69458,20.0,22.0,24.0,18.0,24.0,25.0,23.0,22.0,23.0,26.0,23.0,21.0,23.0,24.0,22.0,20.0,23.0,22.0,22.0,21.0,22.0,21.0,21.0,22.0,22.0,22.0,22.0,21.0,22.0,22.0,21.0,22.0,21.0,21.0,21.0,21.0,22.0,21.0,10.0,locate,8,8,2.7172
1787152365.1368,2026-08-19 17:12:45.136,10,c3,0,0,-0.03945,-0.49601,0.05091,-4.0686,9.8342,-24.5379,-0.063,0.0194,-0.2368,4.68576,20.0,23.0,23.0,20.0,24.0,24.0,21.0,21.0,23.0,25.0,21.0,21.0,24.0,25.0,22.0,20.0,23.0,22.0,21.0,21.0,22.0,21.0,21.0,22.0,22.0,22.0,22.0,21.0,22.0,22.0,21.0,22.0,21.0,21.0,21.0,21.0,22.0,21.0,10.0,locate,8,8,2.7956
1787152365.1868,2026-08-19 17:12:45.186,10,c3,0,0,-0.03944,-0.49601,0.05091,-3.9901,10.2749,-24.7471,-0.0791,0.0202,-0.2281,4.69306,20.0,23.0,23.0,20.0,24.0,24.0,21.0,21.0,23.0,25.0,21.0,21.0,24.0,25.0,22.0,20.0,23.0,22.0,21.0,21.0,22.0,21.0,21.0,22.0,22.0,22.0,22.0,21.0,22.0,22.0,21.0,22.0,21.0,21.0,21.0,21.0,22.0,21.0,10.0,locate,8,8,2.7306
1787152365.2369,2026-08-19 17:12:45.236,10,c3,0,0,-0.03944,-0.49601,0.05091,-4.3455,10.1766,-24.268,-0.0759,0.0092,-0.2316,4.68702,21.0,24.0,24.0,20.0,24.0,25.0,22.0,24.0,22.0,26.0,24.0,23.0,22.0,26.0,23.0,21.0,24.0,24.0,23.0,21.0,22.0,21.0,21.0,22.0,22.0,22.0,22.0,21.0,22.0,22.0,21.0,22.0,21.0,21.0,21.0,21.0,22.0,21.0,10.0,locate,8,8,2.7844
1787152365.287,2026-08-19 17:12:45.287,10,c3,0,0,-0.03944,-0.496,0.05091,-4.3429,10.2439,-24.4445,-0.0769,0.0093,-0.2351,4.6976,21.0,24.0,24.0,20.0,24.0,25.0,22.0,24.0,22.0,26.0,24.0,23.0,22.0,26.0,23.0,21.0,24.0,24.0,23.0,21.0,22.0,21.0,21.0,22.0,22.0,22.0,22.0,21.0,22.0,22.0,21.0,22.0,21.0,21.0,21.0,21.0,22.0,21.0,10.0,locate,8,8,2.6903
1787152365.3372,2026-08-19 17:12:45.337,10,c3,0,0,-0.03946,-0.49602,0.05093,-3.8029,9.7976,-24.4988,-0.0638,0.0258,-0.2309,4.68904,22.0,22.0,24.0,22.0,23.0,26.0,24.0,21.0,23.0,25.0,23.0,21.0,23.0,24.0,21.0,19.0,23.0,21.0,21.0,21.0,22.0,21.0,21.0,22.0,22.0,22.0,22.0,21.0,22.0,22.0,21.0,22.0,21.0,21.0,21.0,21.0,22.0,21.0,10.0,locate,8,8,2.7665
1787152365.3873,2026-08-19 17:12:45.387,10,c3,0,0,-0.03944,-0.49601,0.05091,-4.2734,10.6611,-24.4097,-0.084,0.0087,-0.2321,4.68602,18.0,21.0,23.0,20.0,23.0,24.0,22.0,22.0,23.0,24.0,23.0,22.0,22.0,24.0,23.0,21.0,23.0,24.0,22.0,21.0,22.0,21.0,21.0,22.0,22.0,22.0,22.0,21.0,22.0,22.0,21.0,22.0,21.0,21.0,21.0,21.0,22.0,21.0,10.0,locate,8,8,2.7933
1787152365.4375,2026-08-19 17:12:45.437,10,c3,0,0,-0.03945,-0.496,0.05092,-4.2899,10.0384,-24.3723,-0.0708,0.009,-0.2296,4.70062,18.0,21.0,23.0,20.0,23.0,24.0,22.0,22.0,23.0,24.0,23.0,22.0,22.0,24.0,23.0,21.0,23.0,24.0,22.0,21.0,22.0,21.0,21.0,22.0,22.0,22.0,22.0,21.0,22.0,22.0,21.0,22.0,21.0,21.0,21.0,21.0,22.0,21.0,10.0,locate,8,8,2.6634
1787152365.4876,2026-08-19 17:12:45.487,10,c3,0,0,-0.03944,-0.49601,0.0509,-4.2883,10.4227,-24.186,-0.084,0.0129,-0.2383,4.68677,21.0,20.0,23.0,21.0,23.0,25.0,23.0,23.0,23.0,26.0,23.0,22.0,23.0,26.0,22.0,22.0,25.0,23.0,23.0,21.0,22.0,21.0,21.0,22.0,22.0,22.0,22.0,21.0,22.0,22.0,21.0,22.0,21.0,21.0,21.0,21.0,22.0,21.0,10.0,locate,8,8,2.7866
1787152365.5378,2026-08-19 17:12:45.537,10,c3,0,0,-0.03945,-0.49601,0.05091,-4.3676,10.0612,-24.3846,-0.0731,0.0087,-0.235,4.69508,21.0,20.0,23.0,21.0,23.0,25.0,23.0,23.0,23.0,26.0,23.0,22.0,23.0,26.0,22.0,22.0,25.0,23.0,23.0,21.0,22.0,21.0,21.0,22.0,22.0,22.0,22.0,21.0,22.0,22.0,21.0,22.0,21.0,21.0,21.0,21.0,22.0,21.0,10.0,locate,8,8,2.7127
1787152365.5879,2026-08-19 17:12:45.587,10,c3,0,0,-0.03943,-0.49599,0.0509,-4.6466,10.6717,-24.3045,-0.0863,-0.0004,-0.2356,4.68778,22.0,22.0,24.0,22.0,24.0,25.0,23.0,23.0,23.0,26.0,24.0,22.0,24.0,26.0,23.0,20.0,24.0,22.0,22.0,21.0,22.0,21.0,21.0,22.0,22.0,22.0,22.0,21.0,22.0,22.0,21.0,22.0,21.0,21.0,21.0,21.0,22.0,21.0,10.0,locate,8,8,2.7777
1787152365.638,2026-08-19 17:12:45.638,10,c3,0,0,-0.03945,-0.49601,0.05091,-4.2127,9.9995,-24.3638,-0.0685,0.0121,-0.2272,4.6981,21.0,21.0,24.0,22.0,23.0,25.0,23.0,24.0,24.0,26.0,22.0,22.0,24.0,26.0,22.0,22.0,24.0,22.0,23.0,21.0,22.0,21.0,21.0,22.0,22.0,22.0,22.0,21.0,22.0,22.0,21.0,22.0,21.0,21.0,21.0,21.0,22.0,21.0,10.0,locate,8,8,2.6858
1787152365.6881,2026-08-19 17:12:45.688,10,c3,0,0,-0.03943,-0.496,0.0509,-4.133,10.722,-24.5465,-0.0865,0.0137,-0.2377,4.69004,21.0,21.0,24.0,22.0,23.0,25.0,23.0,24.0,24.0,26.0,22.0,22.0,24.0,26.0,22.0,22.0,24.0,22.0,23.0,21.0,22.0,21.0,21.0,22.0,22.0,22.0,22.0,21.0,22.0,22.0,21.0,22.0,21.0,21.0,21.0,21.0,22.0,21.0,10.0,locate,8,8,2.7575
1787152365.7383,2026-08-19 17:12:45.738,10,c3,1,0,-0.03943,-0.49601,0.0509,-4.3888,10.3057,-24.4517,-0.0772,0.0089,-0.2332,4.69407,22.0,24.0,24.0,22.0,25.0,25.0,22.0,24.0,25.0,26.0,22.0,22.0,25.0,26.0,22.0,21.0,25.0,22.0,23.0,21.0,22.0,21.0,21.0,22.0,22.0,22.0,22.0,21.0,22.0,22.0,21.0,22.0,21.0,21.0,21.0,21.0,22.0,21.0,10.0,press,8,8,2.7217
1787152365.7883,2026-08-19 17:12:45.788,10,c3,1,0,-0.03944,-0.496,0.0509,-4.6534,10.4244,-24.4901,-0.0794,0.0033,-0.2416,4.69684,22.0,24.0,24.0,22.0,25.0,25.0,22.0,24.0,25.0,26.0,22.0,22.0,25.0,26.0,22.0,21.0,25.0,22.0,23.0,21.0,22.0,21.0,21.0,22.0,22.0,22.0,22.0,21.0,22.0,22.0,21.0,22.0,21.0,21.0,21.0,21.0,22.0,21.0,10.0,press,8,8,2.697
1787152365.8384,2026-08-19 17:12:45.838,10,c3,1,0,-0.03945,-0.49602,0.05089,-4.6163,10.5297,-24.5992,-0.0839,0.0034,-0.2375,4.68224,19.0,22.0,25.0,20.0,26.0,26.0,23.0,21.0,23.0,27.0,22.0,20.0,24.0,26.0,22.0,19.0,24.0,23.0,21.0,21.0,22.0,21.0,21.0,22.0,22.0,22.0,22.0,21.0,22.0,22.0,21.0,22.0,21.0,21.0,21.0,21.0,22.0,21.0,10.0,press,8,8,2.8269
1787152365.8886,2026-08-19 17:12:45.888,10,c3,1,0,-0.03946,-0.49604,0.05083,-4.2128,10.1889,-24.4241,-0.0759,0.0111,-0.2319,4.6845,20.0,24.0,24.0,18.0,24.0,26.0,22.0,23.0,24.0,25.0,22.0,23.0,24.0,25.0,22.0,20.0,23.0,21.0,22.0,21.0,22.0,21.0,21.0,22.0,22.0,22.0,22.0,21.0,22.0,22.0,21.0,22.0,21.0,21.0,21.0,21.0,22.0,21.0,10.0,press,8,8,2.8068
1787152365.9387,2026-08-19 17:12:45.938,10,c3,1,0,-0.03944,-0.49601,0.05066,-4.2868,10.1336,-24.6134,-0.0747,0.0082,-0.224,4.69306,20.0,24.0,24.0,18.0,24.0,26.0,22.0,23.0,24.0,25.0,22.0,23.0,24.0,25.0,22.0,20.0,23.0,21.0,22.0,21.0,22.0,21.0,21.0,22.0,22.0,22.0,22.0,21.0,22.0,22.0,21.0,22.0,21.0,21.0,21.0,21.0,22.0,21.0,10.0,press,8,8,2.7306
1787152365.9888,2026-08-19 17:12:45.988,10,c3,1,0,-0.03944,-0.49601,0.05049,-3.9648,9.8235,-24.4482,-0.07,0.0178,-0.2316,4.68375,21.0,22.0,24.0,22.0,26.0,26.0,22.0,22.0,25.0,27.0,24.0,21.0,24.0,27.0,23.0,20.0,24.0,23.0,20.0,21.0,22.0,21.0,21.0,22.0,22.0,22.0,22.0,21.0,22.0,22.0,21.0,22.0,21.0,21.0,21.0,21.0,22.0,21.0,10.0,press,8,8,2.8135
1787152366.0389,2026-08-19 17:12:46.038,10,c3,1,0,-0.03943,-0.49603,0.05031,-4.0201,9.894,-24.4392,-0.0699,0.0178,-0.2296,4.69533,21.0,22.0,24.0,22.0,26.0,26.0,22.0,22.0,25.0,27.0,24.0,21.0,24.0,27.0,23.0,20.0,24.0,23.0,20.0,21.0,22.0,21.0,21.0,22.0,22.0,22.0,22.0,21.0,22.0,22.0,21.0,22.0,21.0,21.0,21.0,21.0,22.0,21.0,10.0,press,8,8,2.7105
1787152366.089,2026-08-19 17:12:46.088,10,c3,1,0,-0.03947,-0.49606,0.05009,-4.3965,10.4494,-24.4668,-0.0814,0.0081,-0.2389,4.70288,20.0,22.0,24.0,20.0,26.0,26.0,23.0,22.0,23.0,26.0,23.0,21.0,24.0,26.0,23.0,20.0,24.0,24.0,21.0,21.0,22.0,21.0,21.0,22.0,22.0,22.0,22.0,21.0,22.0,22.0,21.0,22.0,21.0,21.0,21.0,21.0,22.0,21.0,10.0,press,8,8,2.6433
1787152366.1391,2026-08-19 17:12:46.139,10,c3,1,0,-0.03945,-0.49605,0.04981,-4.6536,10.6362,-24.4611,-0.0849,0.0016,-0.2399,4.70011,20.0,24.0,24.0,21.0,26.0,26.0,22.0,20.0,23.0,26.0,23.0,21.0,24.0,27.0,21.0,19.0,24.0,22.0,22.0,21.0,22.0,21.0,21.0,22.0,22.0,22.0,22.0,21.0,22.0,22.0,21.0,22.0,21.0,21.0,21.0,21.0,22.0,21.0,10.0,press,8,8,2.6679
1787152366.1892,2026-08-19 17:12:46.189,10,c3,1,0,-0.03946,-0.49605,0.04954,-4.228,10.0389,-24.5731,-0.0727,0.0095,-0.2307,4.68526,20.0,24.0,24.0,21.0,26.0,26.0,22.0,20.0,23.0,26.0,23.0,21.0,24.0,27.0,21.0,19.0,24.0,22.0,22.0,21.0,22.0,21.0,21.0,22.0,22.0,22.0,22.0,21.0,22.0,22.0,21.0,22.0,21.0,21.0,21.0,21.0,22.0,21.0,10.0,press,8,8,2.8001
1787152366.2393,2026-08-19 17:12:46.239,10,c3,1,0,-0.03944,-0.49601,0.04917,-4.3349,10.1831,-24.5732,-0.0751,0.0095,-0.2311,4.68174,22.0,22.0,24.0,22.0,24.0,25.0,22.0,22.0,23.0,27.0,22.0,21.0,22.0,25.0,21.0,20.0,24.0,21.0,21.0,21.0,22.0,21.0,21.0,22.0,22.0,22.0,22.0,21.0,22.0,22.0,21.0,22.0,21.0,21.0,21.0,21.0,22.0,21.0,10.0,press,8,8,2.8314
1787152366.2894,2026-08-19 17:12:46.289,10,c3,1,0,-0.03943,-0.49601,0.04883,-4.1442,10.1495,-24.4042,-0.0703,0.012,-0.228,4.69004,22.0,22.0,24.0,22.0,24.0,25.0,22.0,22.0,23.0,27.0,22.0,21.0,22.0,25.0,21.0,20.0,24.0,21.0,21.0,21.0,22.0,21.0,21.0,22.0,22.0,22.0,22.0,21.0,22.0,22.0,21.0,22.0,21.0,21.0,21.0,21.0,22.0,21.0,10.0,press,8,8,2.7575
1787152366.3395,2026-08-19 17:12:46.339,10,c3,1,0,-0.03945,-0.49602,0.0485,-4.2007,10.183,-24.3933,-0.0743,0.0093,-0.2333,4.69609,20.0,21.0,24.0,20.0,24.0,26.0,22.0,25.0,24.0,27.0,23.0,23.0,23.0,27.0,23.0,23.0,25.0,23.0,24.0,21.0,22.0,21.0,21.0,22.0,22.0,22.0,22.0,21.0,22.0,22.0,21.0,22.0,21.0,21.0,21.0,21.0,22.0,21.0,10.0,press,8,8,2.7037
1787152366.3896,2026-08-19 17:12:46.389,10,c3,1,0,-0.03945,-0.49602,0.04818,-4.3103,10.1362,-24.5139,-0.0721,0.0117,-0.2386,4.69382,20.0,21.0,24.0,20.0,24.0,26.0,22.0,25.0,24.0,27.0,23.0,23.0,23.0,27.0,23.0,23.0,25.0,23.0,24.0,21.0,22.0,21.0,21.0,22.0,22.0,22.0,22.0,21.0,22.0,22.0,21.0,22.0,21.0,21.0,21.0,21.0,22.0,21.0,10.0,press,8,8,2.7239
1787152366.4397,2026-08-19 17:12:46.439,10,c3,1,0,-0.03944,-0.49603,0.04787,-4.1576,10.0742,-24.6141,-0.0716,0.0115,-0.2294,4.69483,22.0,23.0,24.0,22.0,25.0,26.0,23.0,23.0,23.0,26.0,23.0,23.0,24.0,25.0,22.0,22.0,25.0,22.0,22.0,21.0,22.0,21.0,21.0,22.0,22.0,22.0,22.0,21.0,22.0,22.0,21.0,22.0,21.0,21.0,21.0,21.0,22.0,21.0,10.0,press,8,8,2.7149
1787152366.4898,2026-08-19 17:12:46.489,10,c3,1,0,-0.03944,-0.49603,0.04754,-4.6169,10.2259,-24.5183,-0.0742,0.0027,-0.2378,4.69407,21.0,22.0,24.0,21.0,24.0,24.0,22.0,23.0,24.0,27.0,23.0,23.0,22.0,28.0,22.0,22.0,26.0,21.0,22.0,21.0,22.0,21.0,21.0,22.0,22.0,22.0,22.0,21.0,22.0,22.0,21.0,22.0,21.0,21.0,21.0,21.0,22.0,21.0,10.0,press,8,8,2.7217
1787152366.5399,2026-08-19 17:12:46.539,10,c3,1,0,-0.03945,-0.49603,0.04722,-3.9663,10.2283,-24.5719,-0.0757,0.0155,-0.2328,4.6976,21.0,22.0,24.0,21.0,24.0,24.0,22.0,23.0,24.0,27.0,23.0,23.0,22.0,28.0,22.0,22.0,26.0,21.0,22.0,21.0,22.0,21.0,21.0,22.0,22.0,22.0,22.0,21.0,22.0,22.0,21.0,22.0,21.0,21.0,21.0,21.0,22.0,21.0,10.0,press,8,8,2.6903
1787152366.59,2026-08-19 17:12:46.590,10,c3,1,0,-0.03947,-0.49603,0.04689,-4.4915,10.4602,-24.3907,-0.0795,0.0037,-0.239,4.69659,21.0,22.0,25.0,21.0,25.0,27.0,23.0,25.0,24.0,27.0,21.0,23.0,24.0,27.0,20.0,22.0,25.0,21.0,22.0,21.0,22.0,21.0,21.0,22.0,22.0,22.0,22.0,21.0,22.0,22.0,21.0,22.0,21.0,21.0,21.0,21.0,22.0,21.0,10.0,press,8,8,2.6993
1787152366.6401,2026-08-19 17:12:46.640,10,c3,1,0,-0.03944,-0.49602,0.04655,-4.443,10.0988,-24.665,-0.0704,0.0073,-0.2311,4.68929,21.0,22.0,25.0,21.0,25.0,27.0,23.0,25.0,24.0,27.0,21.0,23.0,24.0,27.0,20.0,22.0,25.0,21.0,22.0,21.0,22.0,21.0,21.0,22.0,22.0,22.0,22.0,21.0,22.0,22.0,21.0,22.0,21.0,21.0,21.0,21.0,22.0,21.0,10.0,press,8,8,2.7642
1787152366.6902,2026-08-19 17:12:46.690,10,c3,1,0,-0.03944,-0.49602,0.0462,-4.5631,10.5099,-24.3686,-0.0802,0.0046,-0.2339,4.6976,21.0,23.0,24.0,20.0,25.0,27.0,21.0,24.0,26.0,27.0,24.0,23.0,24.0,27.0,22.0,22.0,25.0,22.0,22.0,21.0,22.0,21.0,21.0,22.0,22.0,22.0,22.0,21.0,22.0,22.0,21.0,22.0,21.0,21.0,21.0,21.0,22.0,21.0,10.0,press,8,8,2.6903
1787152366.7404,2026-08-19 17:12:46.740,10,c3,1,0,-0.03945,-0.49601,0.04585,-4.1608,10.2033,-24.4118,-0.0766,0.0134,-0.2314,4.68375,22.0,23.0,24.0,23.0,26.0,26.0,22.0,25.0,25.0,28.0,24.0,24.0,24.0,27.0,25.0,22.0,24.0,23.0,23.0,21.0,22.0,21.0,21.0,22.0,22.0,22.0,22.0,21.0,22.0,22.0,21.0,22.0,21.0,21.0,21.0,21.0,22.0,21.0,10.0,press,8,8,2.8135
1787152366.7905,2026-08-19 17:12:46.790,10,c3,1,0,-0.03945,-0.49601,0.04553,-4.2504,10.1229,-24.2747,-0.0748,0.0126,-0.235,4.66864,22.0,23.0,24.0,23.0,26.0,26.0,22.0,25.0,25.0,28.0,24.0,24.0,24.0,27.0,25.0,22.0,24.0,23.0,23.0,21.0,22.0,21.0,21.0,22.0,22.0,22.0,22.0,21.0,22.0,22.0,21.0,22.0,21.0,21.0,21.0,21.0,22.0,21.0,10.0,press,8,8,2.9479
1787152366.8406,2026-08-19 17:12:46.840,10,c3,1,0,-0.03946,-0.49603,0.04523,-4.0629,9.9665,-24.2434,-0.073,0.0173,-0.231,4.63566,24.0,25.0,24.0,23.0,26.0,27.0,24.0,24.0,25.0,28.0,24.0,24.0,24.0,27.0,24.0,22.0,25.0,24.0,23.0,21.0,22.0,21.0,21.0,22.0,22.0,22.0,22.0,21.0,22.0,22.0,21.0,22.0,21.0,21.0,21.0,21.0,22.0,21.0,10.0,press,8,8,3.2413
1787152366.8907,2026-08-19 17:12:46.890,10,c3,1,0,-0.03944,-0.49603,0.0449,-4.0969,10.0355,-24.0307,-0.0735,0.0143,-0.2357,4.6057,24.0,25.0,24.0,23.0,26.0,27.0,24.0,24.0,25.0,28.0,24.0,24.0,24.0,27.0,24.0,22.0,25.0,24.0,23.0,21.0,22.0,21.0,21.0,22.0,22.0,22.0,22.0,21.0,22.0,22.0,21.0,22.0,21.0,21.0,21.0,21.0,22.0,21.0,10.0,press,8,8,3.5079
1787152366.9409,2026-08-19 17:12:46.940,10,c3,1,0,-0.03945,-0.49604,0.04458,-4.0559,10.3287,-23.9128,-0.0793,0.0147,-0.2263,4.57901,22.0,22.0,24.0,22.0,26.0,27.0,23.0,20.0,25.0,30.0,24.0,20.0,24.0,27.0,25.0,19.0,25.0,22.0,20.0,21.0,22.0,21.0,21.0,22.0,22.0,22.0,22.0,21.0,22.0,22.0,21.0,22.0,21.0,21.0,21.0,21.0,22.0,21.0,10.0,press,8,8,3.7453
1787152366.9911,2026-08-19 17:12:46.991,10,c3,1,0,-0.03942,-0.49601,0.04421,-4.6975,10.6894,-23.9556,-0.0856,-0.0002,-0.2352,4.5629,20.0,24.0,24.0,19.0,25.0,27.0,24.0,25.0,25.0,32.0,23.0,24.0,25.0,30.0,22.0,22.0,28.0,22.0,22.0,21.0,22.0,21.0,21.0,22.0,22.0,22.0,22.0,21.0,22.0,22.0,21.0,22.0,21.0,21.0,21.0,21.0,22.0,21.0,10.0,press,8,8,3.8887
1787152367.0411,2026-08-19 17:12:47.041,10,c3,1,0,-0.03944,-0.49602,0.0439,-4.1497,10.1077,-23.7739,-0.0702,0.016,-0.2337,4.52664,20.0,24.0,24.0,19.0,25.0,27.0,24.0,25.0,25.0,32.0,23.0,24.0,25.0,30.0,22.0,22.0,28.0,22.0,22.0,21.0,22.0,21.0,21.0,22.0,22.0,22.0,22.0,21.0,22.0,22.0,21.0,22.0,21.0,21.0,21.0,21.0,22.0,21.0,10.0,press,8,8,4.2112
1787152367.0912,2026-08-19 17:12:47.091,10,c3,1,0,-0.03944,-0.49601,0.04353,-4.6341,10.6655,-23.4461,-0.0836,0.0045,-0.2389,4.47276,22.0,21.0,25.0,22.0,26.0,30.0,22.0,23.0,29.0,31.0,25.0,20.0,26.0,30.0,23.0,19.0,26.0,22.0,22.0,21.0,22.0,21.0,21.0,22.0,22.0,22.0,22.0,21.0,22.0,22.0,21.0,22.0,21.0,21.0,21.0,21.0,22.0,21.0,10.0,press,8,8,4.6905
1787152367.1414,2026-08-19 17:12:47.141,10,c3,1,0,-0.03944,-0.49602,0.04322,-4.6046,10.5917,-23.2742,-0.0792,0.0037,-0.2362,4.40529,22.0,21.0,25.0,22.0,26.0,30.0,22.0,23.0,29.0,31.0,25.0,20.0,26.0,30.0,23.0,19.0,26.0,22.0,22.0,21.0,22.0,21.0,21.0,22.0,22.0,22.0,22.0,21.0,22.0,22.0,21.0,22.0,21.0,21.0,21.0,21.0,22.0,21.0,10.0,press,8,8,5.2908
1787152367.1914,2026-08-19 17:12:47.191,10,c3,1,0,-0.03946,-0.49604,0.04292,-4.6507,10.6382,-22.9614,-0.0816,0.0051,-0.2333,4.32497,20.0,23.0,24.0,19.0,26.0,27.0,24.0,23.0,28.0,31.0,24.0,21.0,27.0,29.0,23.0,20.0,25.0,22.0,21.0,21.0,22.0,21.0,21.0,22.0,22.0,22.0,22.0,21.0,22.0,22.0,21.0,22.0,21.0,21.0,21.0,21.0,22.0,21.0,10.0,press,8,8,6.0054
1787152367.2416,2026-08-19 17:12:47.241,10,c3,1,0,-0.03946,-0.49605,0.04258,-4.6132,10.6296,-22.7443,-0.0844,0.0057,-0.2384,4.2366,21.0,25.0,20.0,22.0,30.0,27.0,23.0,25.0,26.0,30.0,23.0,21.0,26.0,31.0,23.0,22.0,26.0,22.0,23.0,21.0,22.0,21.0,21.0,22.0,22.0,22.0,22.0,21.0,22.0,22.0,21.0,22.0,21.0,21.0,21.0,21.0,22.0,21.0,10.0,press,8,8,6.7916
1787152367.2917,2026-08-19 17:12:47.291,10,c3,1,0,-0.03946,-0.49605,0.04226,-4.836,10.7337,-22.1499,-0.0847,0.0031,-0.2377,4.15502,21.0,25.0,20.0,22.0,30.0,27.0,23.0,25.0,26.0,30.0,23.0,21.0,26.0,31.0,23.0,22.0,26.0,22.0,23.0,21.0,22.0,21.0,21.0,22.0,22.0,22.0,22.0,21.0,22.0,22.0,21.0,22.0,21.0,21.0,21.0,21.0,22.0,21.0,10.0,press,8,8,7.5173
1787152367.3418,2026-08-19 17:12:47.341,10,c3,1,0,-0.03946,-0.49605,0.04198,-4.3591,10.778,-21.9727,-0.0841,0.0144,-0.2315,4.06162,22.0,23.0,20.0,24.0,28.0,27.0,22.0,25.0,29.0,31.0,22.0,21.0,27.0,32.0,23.0,22.0,26.0,23.0,22.0,21.0,22.0,21.0,21.0,22.0,22.0,22.0,22.0,21.0,22.0,22.0,21.0,22.0,21.0,21.0,21.0,21.0,22.0,21.0,10.0,press,8,8,8.3483
1787152367.3919,2026-08-19 17:12:47.391,10,c3,1,0,-0.03945,-0.49605,0.04173,-4.7568,10.3432,-21.611,-0.0706,0.0063,-0.2413,3.98684,22.0,23.0,20.0,24.0,28.0,27.0,22.0,25.0,29.0,31.0,22.0,21.0,27.0,32.0,23.0,22.0,26.0,23.0,22.0,21.0,22.0,21.0,21.0,22.0,22.0,22.0,22.0,21.0,22.0,22.0,21.0,22.0,21.0,21.0,21.0,21.0,22.0,21.0,10.0,press,8,8,9.0135
1787152367.442,2026-08-19 17:12:47.441,10,c3,1,0,-0.03943,-0.49601,0.04148,-4.81,10.8062,-21.5219,-0.0812,0.0091,-0.2348,3.90954,22.0,24.0,20.0,22.0,29.0,28.0,24.0,24.0,31.0,31.0,23.0,20.0,26.0,35.0,23.0,21.0,25.0,22.0,23.0,21.0,22.0,21.0,21.0,22.0,22.0,22.0,22.0,21.0,22.0,22.0,21.0,22.0,21.0,21.0,21.0,21.0,22.0,21.0,10.0,press,8,8,9.7012
1787152367.4921,2026-08-19 17:12:47.492,10,c3,1,0,-0.03944,-0.49601,0.04132,-4.4926,10.2528,-21.2357,-0.0714,0.0146,-0.2364,3.84333,22.0,24.0,20.0,22.0,29.0,28.0,24.0,24.0,31.0,31.0,23.0,20.0,26.0,35.0,23.0,21.0,25.0,22.0,23.0,21.0,22.0,21.0,21.0,22.0,22.0,22.0,22.0,21.0,22.0,22.0,21.0,22.0,21.0,21.0,21.0,21.0,22.0,21.0,10.0,press,8,8,10.2903
1787152367.5422,2026-08-19 17:12:47.542,10,c3,1,0,-0.03942,-0.49599,0.04118,-4.7837,10.3549,-21.0732,-0.0694,0.0077,-0.2328,3.79499,22.0,24.0,22.0,22.0,30.0,30.0,22.0,25.0,31.0,31.0,23.0,22.0,29.0,35.0,22.0,22.0,27.0,22.0,25.0,21.0,22.0,21.0,21.0,22.0,22.0,22.0,22.0,21.0,22.0,22.0,21.0,22.0,21.0,21.0,21.0,21.0,22.0,21.0,10.0,press,8,8,10.7203
1787152367.5923,2026-08-19 17:12:47.592,10,c3,1,0,-0.03944,-0.49601,0.04109,-4.7817,10.4754,-20.8328,-0.0723,0.009,-0.2395,3.76352,23.0,26.0,20.0,22.0,31.0,30.0,23.0,27.0,31.0,31.0,24.0,23.0,28.0,36.0,23.0,22.0,28.0,23.0,24.0,21.0,22.0,21.0,21.0,22.0,22.0,22.0,22.0,21.0,22.0,22.0,21.0,22.0,21.0,21.0,21.0,21.0,22.0,21.0,10.0,press,8,8,11.0003
1787152367.6424,2026-08-19 17:12:47.642,10,c3,1,0,-0.03943,-0.49599,0.04098,-4.5237,10.4082,-20.6844,-0.0688,0.0157,-0.2376,3.73809,23.0,26.0,20.0,22.0,31.0,30.0,23.0,27.0,31.0,31.0,24.0,23.0,28.0,36.0,23.0,22.0,28.0,23.0,24.0,21.0,22.0,21.0,21.0,22.0,22.0,22.0,22.0,21.0,22.0,22.0,21.0,22.0,21.0,21.0,21.0,21.0,22.0,21.0,10.0,press,8,8,11.2265
1787152367.6927,2026-08-19 17:12:47.692,10,c3,1,0,-0.03944,-0.49601,0.04096,-4.8052,10.2702,-20.8498,-0.0675,0.0087,-0.2329,3.72953,23.0,24.0,21.0,23.0,32.0,31.0,24.0,23.0,32.0,33.0,24.0,20.0,29.0,38.0,23.0,19.0,27.0,23.0,21.0,21.0,22.0,21.0,21.0,22.0,22.0,22.0,22.0,21.0,22.0,22.0,21.0,22.0,21.0,21.0,21.0,21.0,22.0,21.0,10.0,press,8,8,11.3027
1787152367.7428,2026-08-19 17:12:47.742,10,c3,1,0,-0.03943,-0.49601,0.04095,-4.5461,10.4593,-20.722,-0.0711,0.0119,-0.2337,3.73356,23.0,24.0,21.0,23.0,32.0,31.0,24.0,23.0,32.0,33.0,24.0,20.0,29.0,38.0,23.0,19.0,27.0,23.0,21.0,21.0,22.0,21.0,21.0,22.0,22.0,22.0,22.0,21.0,22.0,22.0,21.0,22.0,21.0,21.0,21.0,21.0,22.0,21.0,10.0,hold,8,8,11.2669
1787152367.7929,2026-08-19 17:12:47.792,10,c3,1,0,-0.03944,-0.49602,0.04094,-4.9705,10.7013,-20.5979,-0.0761,0.0066,-0.2343,3.71719,23.0,24.0,22.0,22.0,32.0,31.0,24.0,25.0,32.0,34.0,24.0,21.0,28.0,38.0,24.0,20.0,28.0,23.0,22.0,21.0,22.0,21.0,21.0,22.0,22.0,22.0,22.0,21.0,22.0,22.0,21.0,22.0,21.0,21.0,21.0,21.0,22.0,21.0,10.0,hold,8,8,11.4125
1787152367.843,2026-08-19 17:12:47.843,10,c3,1,0,-0.03943,-0.496,0.0409,-4.6857,10.3905,-20.7195,-0.0686,0.0123,-0.2318,3.71341,24.0,24.0,22.0,23.0,32.0,32.0,24.0,24.0,31.0,35.0,23.0,22.0,28.0,38.0,22.0,21.0,27.0,22.0,22.0,21.0,22.0,21.0,21.0,22.0,22.0,22.0,22.0,21.0,22.0,22.0,21.0,22.0,21.0,21.0,21.0,21.0,22.0,21.0,10.0,hold,8,8,11.4461
1787152367.8932,2026-08-19 17:12:47.893,10,c3,1,0,-0.03943,-0.49601,0.04091,-4.5629,10.3884,-20.6845,-0.069,0.0155,-0.2295,3.72197,24.0,24.0,22.0,23.0,32.0,32.0,24.0,24.0,31.0,35.0,23.0,22.0,28.0,38.0,22.0,21.0,27.0,22.0,22.0,21.0,22.0,21.0,21.0,22.0,22.0,22.0,22.0,21.0,22.0,22.0,21.0,22.0,21.0,21.0,21.0,21.0,22.0,21.0,10.0,hold,8,8,11.3699
1787152367.9433,2026-08-19 17:12:47.943,10,c3,1,0,-0.03943,-0.496,0.0409,-4.4317,10.5181,-20.9305,-0.0699,0.0195,-0.2341,3.71946,23.0,24.0,22.0,23.0,30.0,34.0,23.0,27.0,32.0,32.0,24.0,23.0,28.0,38.0,23.0,22.0,27.0,22.0,24.0,21.0,22.0,21.0,21.0,22.0,22.0,22.0,22.0,21.0,22.0,22.0,21.0,22.0,21.0,21.0,21.0,21.0,22.0,21.0,10.0,hold,8,8,11.3923
1787152367.9934,2026-08-19 17:12:47.993,10,c3,1,0,-0.03945,-0.49601,0.0409,-4.5946,10.3149,-20.8906,-0.0698,0.0138,-0.2321,3.72298,23.0,24.0,22.0,23.0,30.0,34.0,23.0,27.0,32.0,32.0,24.0,23.0,28.0,38.0,23.0,22.0,27.0,22.0,24.0,21.0,22.0,21.0,21.0,22.0,22.0,22.0,22.0,21.0,22.0,22.0,21.0,22.0,21.0,21.0,21.0,21.0,22.0,21.0,10.0,hold,8,8,11.3609
1787152368.0436,2026-08-19 17:12:48.043,10,c3,1,0,-0.03943,-0.49601,0.0409,-4.1638,10.5216,-21.0175,-0.0692,0.0235,-0.2292,3.72802,25.0,24.0,20.0,24.0,33.0,31.0,23.0,21.0,32.0,33.0,24.0,19.0,28.0,37.0,24.0,19.0,27.0,23.0,22.0,21.0,22.0,21.0,21.0,22.0,22.0,22.0,22.0,21.0,22.0,22.0,21.0,22.0,21.0,21.0,21.0,21.0,22.0,21.0,10.0,hold,8,8,11.3161
1787152368.0938,2026-08-19 17:12:48.093,10,c3,1,0,-0.03944,-0.496,0.04091,-4.5352,10.3407,-20.8342,-0.068,0.0153,-0.2338,3.73179,21.0,25.0,21.0,22.0,32.0,33.0,25.0,24.0,31.0,34.0,24.0,21.0,27.0,38.0,25.0,21.0,27.0,22.0,22.0,21.0,22.0,21.0,21.0,22.0,22.0,22.0,22.0,21.0,22.0,22.0,21.0,22.0,21.0,21.0,21.0,21.0,22.0,21.0,10.0,hold,8,8,11.2825
1787152368.1439,2026-08-19 17:12:48.143,10,c3,1,0,-0.03944,-0.496,0.0409,-4.7895,10.7026,-20.7345,-0.0806,0.0084,-0.2393,3.72524,21.0,25.0,21.0,22.0,32.0,33.0,25.0,24.0,31.0,34.0,24.0,21.0,27.0,38.0,25.0,21.0,27.0,22.0,22.0,21.0,22.0,21.0,21.0,22.0,22.0,22.0,22.0,21.0,22.0,22.0,21.0,22.0,21.0,21.0,21.0,21.0,22.0,21.0,10.0,hold,8,8,11.3408
1787152368.194,2026-08-19 17:12:48.194,10,c3,1,0,-0.03943,-0.49601,0.04091,-4.2861,10.3393,-20.829,-0.0707,0.0239,-0.2334,3.73532,23.0,24.0,22.0,23.0,33.0,34.0,23.0,26.0,32.0,32.0,23.0,22.0,28.0,37.0,23.0,22.0,26.0,22.0,24.0,21.0,22.0,21.0,21.0,22.0,22.0,22.0,22.0,21.0,22.0,22.0,21.0,22.0,21.0,21.0,21.0,21.0,22.0,21.0,10.0,hold,8,8,11.2512
1787152368.2441,2026-08-19 17:12:48.244,10,c3,1,0,-0.03946,-0.49601,0.04091,-4.6587,10.689,-20.9331,-0.0776,0.0116,-0.2327,3.7255,23.0,24.0,22.0,23.0,33.0,34.0,23.0,26.0,32.0,32.0,23.0,22.0,28.0,37.0,23.0,22.0,26.0,22.0,24.0,21.0,22.0,21.0,21.0,22.0,22.0,22.0,22.0,21.0,22.0,22.0,21.0,22.0,21.0,21.0,21.0,21.0,22.0,21.0,10.0,hold,8,8,11.3385
1787152368.2942,2026-08-19 17:12:48.294,10,c3,1,0,-0.03944,-0.496,0.0409,-4.6203,10.5949,-20.8626,-0.0732,0.0112,-0.2368,3.73783,23.0,24.0,20.0,22.0,32.0,32.0,22.0,26.0,31.0,34.0,23.0,22.0,28.0,37.0,22.0,22.0,27.0,21.0,24.0,21.0,22.0,21.0,21.0,22.0,22.0,22.0,22.0,21.0,22.0,22.0,21.0,22.0,21.0,21.0,21.0,21.0,22.0,21.0,10.0,hold,8,8,11.2288
1787152368.3443,2026-08-19 17:12:48.344,10,c3,1,0,-0.03944,-0.496,0.0409,-4.2272,10.7385,-20.914,-0.0799,0.0209,-0.2264,3.72751,23.0,22.0,21.0,21.0,31.0,32.0,22.0,25.0,33.0,32.0,24.0,23.0,28.0,36.0,23.0,21.0,26.0,23.0,22.0,21.0,22.0,21.0,21.0,22.0,22.0,22.0,22.0,21.0,22.0,22.0,21.0,22.0,21.0,21.0,21.0,21.0,22.0,21.0,10.0,hold,8,8,11.3206
1787152368.3944,2026-08-19 17:12:48.394,10,c3,1,0,-0.03942,-0.49599,0.0409,-4.3019,10.282,-20.8203,-0.0701,0.0188,-0.2323,3.73582,23.0,22.0,21.0,21.0,31.0,32.0,22.0,25.0,33.0,32.0,24.0,23.0,28.0,36.0,23.0,21.0,26.0,23.0,22.0,21.0,22.0,21.0,21.0,22.0,22.0,22.0,22.0,21.0,22.0,22.0,21.0,22.0,21.0,21.0,21.0,21.0,22.0,21.0,10.0,hold,8,8,11.2467
1787152368.4445,2026-08-19 17:12:48.444,10,c3,1,0,-0.03942,-0.496,0.04092,-4.6177,10.4951,-20.984,-0.0716,0.0113,-0.2367,3.73356,23.0,24.0,20.0,23.0,33.0,31.0,23.0,27.0,32.0,34.0,24.0,23.0,27.0,38.0,22.0,23.0,27.0,23.0,24.0,21.0,22.0,21.0,21.0,22.0,22.0,22.0,22.0,21.0,22.0,22.0,21.0,22.0,21.0,21.0,21.0,21.0,22.0,21.0,10.0,hold,8,8,11.2669
1787152368.4946,2026-08-19 17:12:48.494,10,c3,1,0,-0.03944,-0.496,0.0409,-4.6101,10.2627,-20.751,-0.0716,0.0124,-0.2341,3.73381,23.0,24.0,20.0,23.0,33.0,31.0,23.0,27.0,32.0,34.0,24.0,23.0,27.0,38.0,22.0,23.0,27.0,23.0,24.0,21.0,22.0,21.0,21.0,22.0,22.0,22.0,22.0,21.0,22.0,22.0,21.0,22.0,21.0,21.0,21.0,21.0,22.0,21.0,10.0,hold,8,8,11.2646
1787152368.5447,2026-08-19 17:12:48.544,10,c3,1,0,-0.03943,-0.49602,0.04092,-4.689,10.3845,-20.9907,-0.0703,0.0103,-0.2406,3.7396,24.0,24.0,21.0,23.0,31.0,33.0,22.0,24.0,32.0,32.0,25.0,22.0,27.0,36.0,24.0,20.0,25.0,22.0,21.0,21.0,22.0,21.0,21.0,22.0,22.0,22.0,22.0,21.0,22.0,22.0,21.0,22.0,21.0,21.0,21.0,21.0,22.0,21.0,10.0,hold,8,8,11.2131
1787152368.5949,2026-08-19 17:12:48.594,10,c3,1,0,-0.03943,-0.49601,0.0409,-4.721,10.63,-20.678,-0.0775,0.0072,-0.2364,3.73255,24.0,24.0,21.0,23.0,31.0,33.0,22.0,24.0,32.0,32.0,25.0,22.0,27.0,36.0,24.0,20.0,25.0,22.0,21.0,21.0,22.0,21.0,21.0,22.0,22.0,22.0,22.0,21.0,22.0,22.0,21.0,22.0,21.0,21.0,21.0,21.0,22.0,21.0,10.0,hold,8,8,11.2758
1787152368.645,2026-08-19 17:12:48.644,10,c3,1,0,-0.03946,-0.49601,0.04092,-4.5072,10.1778,-20.7694,-0.0662,0.0171,-0.2395,3.74413,22.0,22.0,20.0,22.0,30.0,32.0,24.0,25.0,31.0,32.0,23.0,22.0,27.0,37.0,23.0,21.0,26.0,22.0,23.0,21.0,22.0,21.0,21.0,22.0,22.0,22.0,22.0,21.0,22.0,22.0,21.0,22.0,21.0,21.0,21.0,21.0,22.0,21.0,10.0,hold,8,8,11.1728
1787152368.6951,2026-08-19 17:12:48.695,10,c3,1,0,-0.03945,-0.49601,0.04091,-4.6706,10.4784,-20.7879,-0.0723,0.0131,-0.2375,3.73481,23.0,24.0,20.0,22.0,31.0,31.0,23.0,25.0,31.0,31.0,23.0,22.0,27.0,37.0,23.0,21.0,26.0,22.0,22.0,21.0,22.0,21.0,21.0,22.0,22.0,22.0,22.0,21.0,22.0,22.0,21.0,22.0,21.0,21.0,21.0,21.0,22.0,21.0,10.0,hold,8,8,11.2557
1787152368.7452,2026-08-19 17:12:48.745,10,c3,1,0,-0.03945,-0.496,0.0409,-4.5043,10.4612,-20.935,-0.0739,0.0158,-0.2347,3.73708,23.0,24.0,20.0,22.0,31.0,31.0,23.0,25.0,31.0,31.0,23.0,22.0,27.0,37.0,23.0,21.0,26.0,22.0,22.0,21.0,22.0,21.0,21.0,22.0,22.0,22.0,22.0,21.0,22.0,22.0,21.0,22.0,21.0,21.0,21.0,21.0,22.0,21.0,10.0,hold,8,8,11.2355
1787152368.7953,2026-08-19 17:12:48.795,10,c3,1,0,-0.03943,-0.49601,0.0409,-4.4879,10.4176,-20.8923,-0.0735,0.0182,-0.2341,3.73356,23.0,25.0,21.0,22.0,31.0,31.0,23.0,21.0,31.0,33.0,22.0,18.0,26.0,37.0,23.0,17.0,27.0,21.0,19.0,21.0,22.0,21.0,21.0,22.0,22.0,22.0,22.0,21.0,22.0,22.0,21.0,22.0,21.0,21.0,21.0,21.0,22.0,21.0,10.0,hold,8,8,11.2669
1787152368.8454,2026-08-19 17:12:48.845,10,c3,1,0,-0.03942,-0.496,0.04091,-4.9226,10.9071,-20.8248,-0.0841,0.0064,-0.2399,3.74262,23.0,25.0,21.0,22.0,31.0,31.0,23.0,21.0,31.0,33.0,22.0,18.0,26.0,37.0,23.0,17.0,27.0,21.0,19.0,21.0,22.0,21.0,21.0,22.0,22.0,22.0,22.0,21.0,22.0,22.0,21.0,22.0,21.0,21.0,21.0,21.0,22.0,21.0,10.0,hold,8,8,11.1862
1787152368.8955,2026-08-19 17:12:48.895,10,c3,1,0,-0.03943,-0.496,0.0409,-4.763,10.724,-20.8292,-0.0793,0.0085,-0.2362,3.7401,20.0,23.0,20.0,20.0,32.0,32.0,22.0,26.0,32.0,33.0,24.0,23.0,28.0,37.0,23.0,22.0,24.0,22.0,24.0,21.0,22.0,21.0,21.0,22.0,22.0,22.0,22.0,21.0,22.0,22.0,21.0,22.0,21.0,21.0,21.0,21.0,22.0,21.0,10.0,hold,8,8,11.2086
1787152368.9457,2026-08-19 17:12:48.945,10,c3,1,0,-0.03943,-0.496,0.0409,-4.5395,10.3932,-20.9123,-0.0706,0.0141,-0.2308,3.73607,23.0,23.0,21.0,23.0,33.0,32.0,23.0,26.0,32.0,34.0,24.0,22.0,28.0,38.0,24.0,23.0,26.0,23.0,24.0,21.0,22.0,21.0,21.0,22.0,22.0,22.0,22.0,21.0,22.0,22.0,21.0,22.0,21.0,21.0,21.0,21.0,22.0,21.0,10.0,hold,8,8,11.2445
1787152368.9958,2026-08-19 17:12:48.995,10,c3,1,0,-0.03945,-0.49601,0.04092,-4.6431,10.3738,-20.9359,-0.0716,0.0086,-0.234,3.74967,23.0,23.0,21.0,23.0,33.0,32.0,23.0,26.0,32.0,34.0,24.0,22.0,28.0,38.0,24.0,23.0,26.0,23.0,24.0,21.0,22.0,21.0,21.0,22.0,22.0,22.0,22.0,21.0,22.0,22.0,21.0,22.0,21.0,21.0,21.0,21.0,22.0,21.0,10.0,hold,8,8,11.1235
1787152369.0459,2026-08-19 17:12:49.045,10,c3,1,0,-0.03943,-0.49601,0.0409,-4.4595,10.5822,-21.0331,-0.0795,0.0181,-0.233,3.73783,24.0,22.0,21.0,23.0,33.0,32.0,23.0,26.0,31.0,32.0,24.0,22.0,27.0,37.0,23.0,20.0,27.0,23.0,25.0,21.0,22.0,21.0,21.0,22.0,22.0,22.0,22.0,21.0,22.0,22.0,21.0,22.0,21.0,21.0,21.0,21.0,22.0,21.0,10.0,hold,8,8,11.2288
1787152369.096,2026-08-19 17:12:49.096,10,c3,1,0,-0.03944,-0.49601,0.04091,-4.8261,10.5367,-20.9273,-0.0771,0.0048,-0.2343,3.74035,24.0,22.0,21.0,23.0,33.0,32.0,23.0,26.0,31.0,32.0,24.0,22.0,27.0,37.0,23.0,20.0,27.0,23.0,25.0,21.0,22.0,21.0,21.0,22.0,22.0,22.0,22.0,21.0,22.0,22.0,21.0,22.0,21.0,21.0,21.0,21.0,22.0,21.0,10.0,hold,8,8,11.2064
1787152369.1462,2026-08-19 17:12:49.146,10,c3,1,0,-0.03942,-0.496,0.0409,-4.7036,10.4008,-20.8651,-0.0717,0.0127,-0.2367,3.7464,23.0,23.0,20.0,22.0,32.0,32.0,23.0,27.0,31.0,33.0,25.0,24.0,28.0,38.0,25.0,23.0,27.0,24.0,24.0,21.0,22.0,21.0,21.0,22.0,22.0,22.0,22.0,21.0,22.0,22.0,21.0,22.0,21.0,21.0,21.0,21.0,22.0,21.0,10.0,hold,8,8,11.1526
1787152369.1964,2026-08-19 17:12:49.196,10,c3,1,0,-0.03943,-0.49601,0.0409,-4.7731,10.7242,-20.6649,-0.0789,0.0085,-0.2348,3.74488,25.0,24.0,21.0,24.0,32.0,32.0,23.0,25.0,32.0,32.0,23.0,21.0,29.0,36.0,23.0,22.0,26.0,23.0,24.0,21.0,22.0,21.0,21.0,22.0,22.0,22.0,22.0,21.0,22.0,22.0,21.0,22.0,21.0,21.0,21.0,21.0,22.0,21.0,10.0,hold,8,8,11.1661
1787152369.2464,2026-08-19 17:12:49.246,10,c3,1,0,-0.03943,-0.49601,0.04091,-4.4481,10.538,-20.7684,-0.0768,0.0169,-0.2339,3.74488,25.0,24.0,21.0,24.0,32.0,32.0,23.0,25.0,32.0,32.0,23.0,21.0,29.0,36.0,23.0,22.0,26.0,23.0,24.0,21.0,22.0,21.0,21.0,22.0,22.0,22.0,22.0,21.0,22.0,22.0,21.0,22.0,21.0,21.0,21.0,21.0,22.0,21.0,10.0,hold,8,8,11.1661
1787152369.2965,2026-08-19 17:12:49.296,10,c3,1,0,-0.03945,-0.49601,0.04092,-4.7951,10.347,-20.7206,-0.071,0.0051,-0.2343,3.74765,23.0,25.0,20.0,23.0,34.0,31.0,23.0,25.0,33.0,33.0,22.0,23.0,29.0,37.0,23.0,21.0,27.0,23.0,22.0,21.0,22.0,21.0,21.0,22.0,22.0,22.0,22.0,21.0,22.0,22.0,21.0,22.0,21.0,21.0,21.0,21.0,22.0,21.0,10.0,hold,8,8,11.1414
1787152369.3467,2026-08-19 17:12:49.346,10,c3,1,0,-0.03945,-0.49601,0.04091,-4.4782,10.6524,-20.7997,-0.0779,0.0162,-0.2332,3.74186,23.0,25.0,20.0,23.0,34.0,31.0,23.0,25.0,33.0,33.0,22.0,23.0,29.0,37.0,23.0,21.0,27.0,23.0,22.0,21.0,22.0,21.0,21.0,22.0,22.0,22.0,22.0,21.0,22.0,22.0,21.0,22.0,21.0,21.0,21.0,21.0,22.0,21.0,10.0,hold,8,8,11.1929
1787152369.3968,2026-08-19 17:12:49.396,10,c3,1,0,-0.03946,-0.49601,0.04093,-4.6184,10.7724,-20.8548,-0.0778,0.0137,-0.2367,3.75093,23.0,25.0,21.0,24.0,33.0,31.0,22.0,25.0,32.0,31.0,23.0,21.0,27.0,36.0,24.0,21.0,26.0,23.0,22.0,21.0,22.0,21.0,21.0,22.0,22.0,22.0,22.0,21.0,22.0,22.0,21.0,22.0,21.0,21.0,21.0,21.0,22.0,21.0,10.0,hold,8,8,11.1123
1787152369.4469,2026-08-19 17:12:49.446,10,c3,1,0,-0.03945,-0.49602,0.04091,-4.5423,10.139,-21.0533,-0.0618,0.0114,-0.2308,3.73884,22.0,24.0,21.0,23.0,33.0,31.0,24.0,24.0,32.0,32.0,23.0,21.0,26.0,37.0,22.0,20.0,25.0,23.0,21.0,21.0,22.0,21.0,21.0,22.0,22.0,22.0,22.0,21.0,22.0,22.0,21.0,22.0,21.0,21.0,21.0,21.0,22.0,21.0,10.0,hold,8,8,11.2198
1787152369.497,2026-08-19 17:12:49.496,10,c3,1,0,-0.03942,-0.496,0.04091,-4.314,10.2226,-21.1996,-0.0667,0.0171,-0.2321,3.75319,22.0,24.0,21.0,23.0,33.0,31.0,24.0,24.0,32.0,32.0,23.0,21.0,26.0,37.0,22.0,20.0,25.0,23.0,21.0,21.0,22.0,21.0,21.0,22.0,22.0,22.0,22.0,21.0,22.0,22.0,21.0,22.0,21.0,21.0,21.0,21.0,22.0,21.0,10.0,hold,8,8,11.0921
1787152369.5471,2026-08-19 17:12:49.547,10,c3,1,0,-0.03945,-0.49601,0.0409,-4.6633,10.5164,-21.0502,-0.0736,0.0112,-0.2328,3.74337,23.0,22.0,20.0,22.0,32.0,31.0,22.0,27.0,32.0,32.0,23.0,24.0,29.0,36.0,23.0,23.0,25.0,23.0,24.0,21.0,22.0,21.0,21.0,22.0,22.0,22.0,22.0,21.0,22.0,22.0,21.0,22.0,21.0,21.0,21.0,21.0,22.0,21.0,10.0,hold,8,8,11.1795
1787152369.5972,2026-08-19 17:12:49.597,10,c3,1,0,-0.03945,-0.49602,0.04091,-4.6484,10.3383,-20.9707,-0.0706,0.0109,-0.237,3.74992,23.0,22.0,20.0,22.0,32.0,31.0,22.0,27.0,32.0,32.0,23.0,24.0,29.0,36.0,23.0,23.0,25.0,23.0,24.0,21.0,22.0,21.0,21.0,22.0,22.0,22.0,22.0,21.0,22.0,22.0,21.0,22.0,21.0,21.0,21.0,21.0,22.0,21.0,10.0,hold,8,8,11.1213
1787152369.6473,2026-08-19 17:12:49.647,10,c3,1,0,-0.03944,-0.49601,0.04092,-4.4659,10.446,-20.752,-0.0731,0.0164,-0.2291,3.74413,24.0,25.0,19.0,25.0,32.0,31.0,21.0,24.0,31.0,32.0,23.0,21.0,29.0,35.0,23.0,20.0,25.0,23.0,22.0,21.0,22.0,21.0,21.0,22.0,22.0,22.0,22.0,21.0,22.0,22.0,21.0,22.0,21.0,21.0,21.0,21.0,22.0,21.0,10.0,hold,8,8,11.1728
1787152369.6975,2026-08-19 17:12:49.697,10,c3,1,0,-0.03944,-0.49602,0.04091,-5.1034,11.0446,-20.8,-0.084,-0.0002,-0.2412,3.7469,24.0,25.0,19.0,25.0,32.0,31.0,21.0,24.0,31.0,32.0,23.0,21.0,29.0,35.0,23.0,20.0,25.0,23.0,22.0,21.0,22.0,21.0,21.0,22.0,22.0,22.0,22.0,21.0,22.0,22.0,21.0,22.0,21.0,21.0,21.0,21.0,22.0,21.0,10.0,hold,8,8,11.1481
1787152369.7476,2026-08-19 17:12:49.747,10,c3,1,0,-0.03944,-0.49601,0.04091,-4.9049,10.6595,-20.9046,-0.0766,0.0077,-0.2394,3.74488,22.0,24.0,20.0,22.0,33.0,31.0,24.0,24.0,33.0,33.0,25.0,21.0,28.0,37.0,25.0,20.0,26.0,25.0,23.0,21.0,22.0,21.0,21.0,22.0,22.0,22.0,22.0,21.0,22.0,22.0,21.0,22.0,21.0,21.0,21.0,21.0,22.0,21.0,10.0,hold,8,8,11.1661
1787152369.7977,2026-08-19 17:12:49.797,10,c3,1,0,-0.03945,-0.49601,0.04092,-4.7316,10.4531,-20.7498,-0.0725,0.0098,-0.2325,3.75496,22.0,23.0,21.0,22.0,32.0,32.0,24.0,24.0,31.0,34.0,24.0,22.0,27.0,38.0,24.0,22.0,27.0,23.0,23.0,21.0,22.0,21.0,21.0,22.0,22.0,22.0,22.0,21.0,22.0,22.0,21.0,22.0,21.0,21.0,21.0,21.0,22.0,21.0,10.0,hold,8,8,11.0765
1787152369.8479,2026-08-19 17:12:49.847,10,c3,1,0,-0.03944,-0.496,0.0409,-4.567,10.5533,-20.9565,-0.0785,0.0145,-0.2347,3.74438,22.0,23.0,21.0,22.0,32.0,32.0,24.0,24.0,31.0,34.0,24.0,22.0,27.0,38.0,24.0,22.0,27.0,23.0,23.0,21.0,22.0,21.0,21.0,22.0,22.0,22.0,22.0,21.0,22.0,22.0,21.0,22.0,21.0,21.0,21.0,21.0,22.0,21.0,10.0,hold,8,8,11.1705
1787152369.898,2026-08-19 17:12:49.897,10,c3,1,0,-0.03943,-0.49602,0.04091,-4.8518,10.5764,-20.7645,-0.0734,0.0066,-0.237,3.75647,22.0,23.0,22.0,22.0,32.0,32.0,23.0,26.0,32.0,33.0,23.0,22.0,27.0,39.0,23.0,20.0,27.0,23.0,23.0,21.0,22.0,21.0,21.0,22.0,22.0,22.0,22.0,21.0,22.0,22.0,21.0,22.0,21.0,21.0,21.0,21.0,22.0,21.0,10.0,hold,8,8,11.063
1787152369.9481,2026-08-19 17:12:49.948,10,c3,1,0,-0.03946,-0.49601,0.04092,-4.4247,10.2392,-21.0338,-0.0685,0.0153,-0.2316,3.74715,22.0,23.0,22.0,22.0,32.0,32.0,23.0,26.0,32.0,33.0,23.0,22.0,27.0,39.0,23.0,20.0,27.0,23.0,23.0,21.0,22.0,21.0,21.0,22.0,22.0,22.0,22.0,21.0,22.0,22.0,21.0,22.0,21.0,21.0,21.0,21.0,22.0,21.0,10.0,hold,8,8,11.1459
1787152369.9982,2026-08-19 17:12:49.998,10,c3,1,0,-0.03943,-0.496,0.0409,-4.7714,10.5733,-20.809,-0.0754,0.0112,-0.2378,3.74967,22.0,24.0,22.0,23.0,32.0,32.0,23.0,24.0,32.0,33.0,23.0,20.0,28.0,38.0,22.0,22.0,26.0,23.0,24.0,21.0,22.0,21.0,21.0,22.0,22.0,22.0,22.0,21.0,22.0,22.0,21.0,22.0,21.0,21.0,21.0,21.0,22.0,21.0,10.0,hold,8,8,11.1235
1787152370.0483,2026-08-19 17:12:50.048,10,c3,1,0,-0.03945,-0.49601,0.04091,-4.7797,10.4229,-20.7673,-0.0702,0.0089,-0.2311,3.74765,23.0,24.0,21.0,21.0,32.0,31.0,22.0,25.0,32.0,33.0,23.0,21.0,28.0,37.0,24.0,22.0,27.0,23.0,24.0,21.0,22.0,21.0,21.0,22.0,22.0,22.0,22.0,21.0,22.0,22.0,21.0,22.0,21.0,21.0,21.0,21.0,22.0,21.0,10.0,hold,8,8,11.1414
1787152370.0984,2026-08-19 17:12:50.098,10,c3,1,0,-0.03946,-0.49601,0.04092,-4.8849,10.902,-20.6992,-0.0825,0.0047,-0.2319,3.75898,23.0,24.0,21.0,21.0,32.0,31.0,22.0,25.0,32.0,33.0,23.0,21.0,28.0,37.0,24.0,22.0,27.0,23.0,24.0,21.0,22.0,21.0,21.0,22.0,22.0,22.0,22.0,21.0,22.0,22.0,21.0,22.0,21.0,21.0,21.0,21.0,22.0,21.0,10.0,hold,8,8,11.0406
1787152370.1485,2026-08-19 17:12:50.148,10,c3,1,0,-0.03943,-0.49601,0.04092,-4.7026,10.4394,-20.8842,-0.0722,0.0117,-0.2318,3.74791,22.0,23.0,21.0,22.0,32.0,32.0,22.0,26.0,32.0,32.0,25.0,22.0,28.0,36.0,23.0,22.0,26.0,24.0,24.0,21.0,22.0,21.0,21.0,22.0,22.0,22.0,22.0,21.0,22.0,22.0,21.0,22.0,21.0,21.0,21.0,21.0,22.0,21.0,10.0,hold,8,8,11.1392
1787152370.1986,2026-08-19 17:12:50.198,10,c3,1,0,-0.03944,-0.49601,0.04092,-4.4743,10.5384,-20.8105,-0.0758,0.0151,-0.2287,3.75999,22.0,23.0,21.0,22.0,32.0,32.0,22.0,26.0,32.0,32.0,25.0,22.0,28.0,36.0,23.0,22.0,26.0,24.0,24.0,21.0,22.0,21.0,21.0,22.0,22.0,22.0,22.0,21.0,22.0,22.0,21.0,22.0,21.0,21.0,21.0,21.0,22.0,21.0,10.0,hold,8,8,11.0317
1787152370.2488,2026-08-19 17:12:50.248,10,c3,1,0,-0.03944,-0.49602,0.04092,-4.4842,10.3174,-20.7486,-0.0681,0.015,-0.2266,3.74161,23.0,24.0,21.0,22.0,32.0,31.0,23.0,26.0,32.0,33.0,22.0,22.0,27.0,39.0,21.0,22.0,27.0,22.0,23.0,21.0,22.0,21.0,21.0,22.0,22.0,22.0,22.0,21.0,22.0,22.0,21.0,22.0,21.0,21.0,21.0,21.0,22.0,21.0,10.0,hold,8,8,11.1952
1787152370.2989,2026-08-19 17:12:50.298,10,c3,1,0,-0.03944,-0.49601,0.04091,-4.8393,10.489,-20.707,-0.0703,0.0053,-0.2362,3.75571,24.0,24.0,20.0,23.0,32.0,32.0,22.0,25.0,32.0,35.0,23.0,21.0,28.0,38.0,22.0,21.0,27.0,22.0,23.0,21.0,22.0,21.0,21.0,22.0,22.0,22.0,22.0,21.0,22.0,22.0,21.0,22.0,21.0,21.0,21.0,21.0,22.0,21.0,10.0,hold,8,8,11.0697
1787152370.349,2026-08-19 17:12:50.349,10,c3,1,0,-0.03945,-0.49601,0.04091,-4.4167,10.6019,-20.773,-0.0773,0.0157,-0.2288,3.74916,24.0,24.0,20.0,23.0,32.0,32.0,22.0,25.0,32.0,35.0,23.0,21.0,28.0,38.0,22.0,21.0,27.0,22.0,23.0,21.0,22.0,21.0,21.0,22.0,22.0,22.0,22.0,21.0,22.0,22.0,21.0,22.0,21.0,21.0,21.0,21.0,22.0,21.0,10.0,hold,8,8,11.128
1787152370.3991,2026-08-19 17:12:50.399,10,c3,1,0,-0.03946,-0.49601,0.04091,-4.6506,10.1945,-20.7298,-0.0658,0.0113,-0.234,3.75193,23.0,24.0,22.0,21.0,33.0,33.0,23.0,25.0,31.0,33.0,24.0,21.0,27.0,39.0,24.0,20.0,28.0,23.0,22.0,21.0,22.0,21.0,21.0,22.0,22.0,22.0,22.0,21.0,22.0,22.0,21.0,22.0,21.0,21.0,21.0,21.0,22.0,21.0,10.0,hold,8,8,11.1033
1787152370.4493,2026-08-19 17:12:50.449,10,c3,1,0,-0.03944,-0.49602,0.04092,-4.4845,10.5594,-20.9422,-0.0743,0.0117,-0.2353,3.75193,23.0,24.0,22.0,21.0,33.0,33.0,23.0,25.0,31.0,33.0,24.0,21.0,27.0,39.0,24.0,20.0,28.0,23.0,22.0,21.0,22.0,21.0,21.0,22.0,22.0,22.0,22.0,21.0,22.0,22.0,21.0,22.0,21.0,21.0,21.0,21.0,22.0,21.0,10.0,hold,8,8,11.1033
1787152370.4994,2026-08-19 17:12:50.499,10,c3,1,0,-0.03945,-0.49602,0.04092,-4.8199,10.7738,-20.8145,-0.0774,0.0089,-0.2322,3.75496,23.0,23.0,23.0,22.0,32.0,33.0,23.0,26.0,32.0,34.0,23.0,23.0,28.0,39.0,22.0,21.0,28.0,21.0,24.0,21.0,22.0,21.0,21.0,22.0,22.0,22.0,22.0,21.0,22.0,22.0,21.0,22.0,21.0,21.0,21.0,21.0,22.0,21.0,10.0,hold,8,8,11.0765
1787152370.5495,2026-08-19 17:12:50.549,10,c3,1,0,-0.03943,-0.49602,0.04092,-4.436,10.4256,-20.8003,-0.0701,0.0172,-0.2257,3.7474,23.0,25.0,23.0,24.0,33.0,33.0,23.0,25.0,32.0,34.0,23.0,22.0,28.0,39.0,23.0,22.0,28.0,23.0,24.0,21.0,22.0,21.0,21.0,22.0,22.0,22.0,22.0,21.0,22.0,22.0,21.0,22.0,21.0,21.0,21.0,21.0,22.0,21.0,10.0,hold,8,8,11.1437
1787152370.5997,2026-08-19 17:12:50.599,10,c3,1,0,-0.03945,-0.49601,0.04091,-4.6263,10.4787,-20.7745,-0.0736,0.0121,-0.232,3.74992,23.0,25.0,23.0,24.0,33.0,33.0,23.0,25.0,32.0,34.0,23.0,22.0,28.0,39.0,23.0,22.0,28.0,23.0,24.0,21.0,22.0,21.0,21.0,22.0,22.0,22.0,22.0,21.0,22.0,22.0,21.0,22.0,21.0,21.0,21.0,21.0,22.0,21.0,10.0,hold,8,8,11.1213
1787152370.6498,2026-08-19 17:12:50.649,10,c3,1,0,-0.03945,-0.49601,0.04092,-4.2447,10.2872,-21.1892,-0.0692,0.0221,-0.2254,3.75621,23.0,24.0,21.0,23.0,33.0,33.0,22.0,24.0,32.0,34.0,24.0,21.0,28.0,40.0,22.0,22.0,28.0,22.0,22.0,21.0,22.0,21.0,21.0,22.0,22.0,22.0,22.0,21.0,22.0,22.0,21.0,22.0,21.0,21.0,21.0,21.0,22.0,21.0,10.0,hold,8,8,11.0653
1787152370.7,2026-08-19 17:12:50.699,10,c3,1,0,-0.03944,-0.49602,0.04092,-4.4048,10.0163,-21.289,-0.0635,0.0148,-0.2359,3.75118,23.0,24.0,21.0,23.0,33.0,33.0,22.0,24.0,32.0,34.0,24.0,21.0,28.0,40.0,22.0,22.0,28.0,22.0,22.0,21.0,22.0,21.0,21.0,22.0,22.0,22.0,22.0,21.0,22.0,22.0,21.0,22.0,21.0,21.0,21.0,21.0,22.0,21.0,10.0,hold,8,8,11.1101
1787152370.7501,2026-08-19 17:12:50.750,10,c3,1,0,-0.03945,-0.49601,0.04092,-4.4104,10.6329,-21.1255,-0.0771,0.0177,-0.2331,3.75772,22.0,23.0,22.0,21.0,33.0,34.0,23.0,26.0,31.0,34.0,23.0,22.0,28.0,38.0,22.0,21.0,26.0,22.0,22.0,21.0,22.0,21.0,21.0,22.0,22.0,22.0,22.0,21.0,22.0,22.0,21.0,22.0,21.0,21.0,21.0,21.0,22.0,21.0,10.0,hold,8,8,11.0518
1787152370.8002,2026-08-19 17:12:50.800,10,c3,1,0,-0.03944,-0.496,0.04091,-4.4019,10.4345,-21.111,-0.0693,0.0164,-0.2316,3.75596,22.0,23.0,22.0,21.0,33.0,34.0,23.0,26.0,31.0,34.0,23.0,22.0,28.0,38.0,22.0,21.0,26.0,22.0,22.0,21.0,22.0,21.0,21.0,22.0,22.0,22.0,22.0,21.0,22.0,22.0,21.0,22.0,21.0,21.0,21.0,21.0,22.0,21.0,10.0,hold,8,8,11.0675
1787152370.8503,2026-08-19 17:12:50.850,10,c3,1,0,-0.03944,-0.49601,0.04092,-4.5304,10.6874,-21.1404,-0.0758,0.0121,-0.2304,3.75445,23.0,24.0,21.0,22.0,33.0,32.0,23.0,24.0,31.0,35.0,23.0,21.0,28.0,39.0,24.0,19.0,28.0,22.0,21.0,21.0,22.0,21.0,21.0,22.0,22.0,22.0,22.0,21.0,22.0,22.0,21.0,22.0,21.0,21.0,21.0,21.0,22.0,21.0,10.0,hold,8,8,11.0809
1787152370.9004,2026-08-19 17:12:50.900,10,c3,1,0,-0.03944,-0.49601,0.04091,-4.3163,10.7991,-20.9158,-0.0839,0.0168,-0.2347,3.75345,22.0,23.0,22.0,22.0,31.0,33.0,22.0,26.0,33.0,33.0,23.0,23.0,27.0,38.0,22.0,22.0,27.0,23.0,25.0,21.0,22.0,21.0,21.0,22.0,22.0,22.0,22.0,21.0,22.0,22.0,21.0,22.0,21.0,21.0,21.0,21.0,22.0,21.0,10.0,hold,8,8,11.0899
1787152370.9505,2026-08-19 17:12:50.950,10,c3,1,0,-0.03945,-0.496,0.04091,-4.3915,10.3114,-21.1113,-0.071,0.0206,-0.2278,3.75269,22.0,23.0,22.0,22.0,31.0,33.0,22.0,26.0,33.0,33.0,23.0,23.0,27.0,38.0,22.0,22.0,27.0,23.0,25.0,21.0,22.0,21.0,21.0,22.0,22.0,22.0,22.0,21.0,22.0,22.0,21.0,22.0,21.0,21.0,21.0,21.0,22.0,21.0,10.0,hold,8,8,11.0966
1787152371.0007,2026-08-19 17:12:51.000,10,c3,1,0,-0.03945,-0.49601,0.04092,-4.3121,10.052,-21.265,-0.064,0.0211,-0.2223,3.761,23.0,25.0,23.0,23.0,33.0,32.0,24.0,27.0,33.0,34.0,24.0,23.0,29.0,39.0,22.0,22.0,27.0,24.0,24.0,21.0,22.0,21.0,21.0,22.0,22.0,22.0,22.0,21.0,22.0,22.0,21.0,22.0,21.0,21.0,21.0,21.0,22.0,21.0,10.0,hold,8,8,11.0227
1787152371.0508,2026-08-19 17:12:51.050,10,c3,1,0,-0.03942,-0.49601,0.04091,-4.3937,10.1646,-20.8184,-0.0641,0.0191,-0.2308,3.75168,23.0,25.0,23.0,23.0,33.0,32.0,24.0,27.0,33.0,34.0,24.0,23.0,29.0,39.0,22.0,22.0,27.0,24.0,24.0,21.0,22.0,21.0,21.0,22.0,22.0,22.0,22.0,21.0,22.0,22.0,21.0,22.0,21.0,21.0,21.0,21.0,22.0,21.0,10.0,hold,8,8,11.1056
1787152371.1009,2026-08-19 17:12:51.100,10,c3,1,0,-0.03944,-0.49601,0.04091,-4.5429,10.2355,-20.9188,-0.0668,0.014,-0.2272,3.761,24.0,25.0,23.0,23.0,33.0,33.0,23.0,26.0,32.0,34.0,24.0,22.0,27.0,37.0,23.0,22.0,28.0,23.0,24.0,21.0,22.0,21.0,21.0,22.0,22.0,22.0,22.0,21.0,22.0,22.0,21.0,22.0,21.0,21.0,21.0,21.0,22.0,21.0,10.0,hold,8,8,11.0227
1787152371.151,2026-08-19 17:12:51.151,10,c3,1,0,-0.03942,-0.49601,0.04093,-4.598,10.4092,-20.9189,-0.0707,0.0109,-0.2398,3.74715,23.0,24.0,21.0,23.0,33.0,32.0,23.0,26.0,32.0,32.0,23.0,22.0,28.0,37.0,23.0,22.0,27.0,22.0,25.0,21.0,22.0,21.0,21.0,22.0,22.0,22.0,22.0,21.0,22.0,22.0,21.0,22.0,21.0,21.0,21.0,21.0,22.0,21.0,10.0,hold,8,8,11.1459
1787152371.2011,2026-08-19 17:12:51.201,10,c3,1,0,-0.03944,-0.496,0.04091,-4.4746,10.3047,-20.9616,-0.0713,0.0172,-0.2287,3.75924,23.0,24.0,21.0,23.0,33.0,32.0,23.0,26.0,32.0,32.0,23.0,22.0,28.0,37.0,23.0,22.0,27.0,22.0,25.0,21.0,22.0,21.0,21.0,22.0,22.0,22.0,22.0,21.0,22.0,22.0,21.0,22.0,21.0,21.0,21.0,21.0,22.0,21.0,10.0,hold,8,8,11.0384
1787152371.2512,2026-08-19 17:12:51.251,10,c3,1,0,-0.03946,-0.49602,0.04093,-4.6003,10.693,-20.8831,-0.0764,0.0119,-0.2257,3.75546,24.0,24.0,21.0,22.0,33.0,32.0,22.0,25.0,32.0,33.0,24.0,21.0,29.0,39.0,25.0,21.0,28.0,24.0,23.0,21.0,22.0,21.0,21.0,22.0,22.0,22.0,22.0,21.0,22.0,22.0,21.0,22.0,21.0,21.0,21.0,21.0,22.0,21.0,10.0,hold,8,8,11.072
1787152371.3015,2026-08-19 17:12:51.301,10,c3,1,0,-0.03944,-0.49601,0.0409,-4.604,10.4025,-21.0958,-0.0716,0.0164,-0.2294,3.7537,24.0,24.0,21.0,22.0,33.0,32.0,22.0,25.0,32.0,33.0,24.0,21.0,29.0,39.0,25.0,21.0,28.0,24.0,23.0,21.0,22.0,21.0,21.0,22.0,22.0,22.0,22.0,21.0,22.0,22.0,21.0,22.0,21.0,21.0,21.0,21.0,22.0,21.0,10.0,hold,8,8,11.0877
1787152371.3516,2026-08-19 17:12:51.351,10,c3,1,0,-0.03944,-0.49601,0.04092,-4.2831,10.6628,-20.8946,-0.0787,0.0237,-0.2254,3.75974,23.0,25.0,22.0,23.0,32.0,32.0,24.0,26.0,32.0,33.0,24.0,22.0,29.0,38.0,23.0,22.0,26.0,23.0,23.0,21.0,22.0,21.0,21.0,22.0,22.0,22.0,22.0,21.0,22.0,22.0,21.0,22.0,21.0,21.0,21.0,21.0,22.0,21.0,10.0,hold,8,8,11.0339
1787152371.4017,2026-08-19 17:12:51.401,10,c3,1,0,-0.03943,-0.49602,0.04091,-4.5454,10.1343,-20.9456,-0.0661,0.0156,-0.2322,3.75093,24.0,23.0,22.0,24.0,32.0,32.0,22.0,24.0,31.0,34.0,24.0,21.0,26.0,39.0,24.0,20.0,26.0,22.0,23.0,21.0,22.0,21.0,21.0,22.0,22.0,22.0,22.0,21.0,22.0,22.0,21.0,22.0,21.0,21.0,21.0,21.0,22.0,21.0,10.0,hold,8,8,11.1123
1787152371.4518,2026-08-19 17:12:51.451,10,c3,1,0,-0.03944,-0.49601,0.04091,-4.4216,10.2218,-21.0422,-0.0661,0.0183,-0.2297,3.75999,24.0,23.0,22.0,24.0,32.0,32.0,22.0,24.0,31.0,34.0,24.0,21.0,26.0,39.0,24.0,20.0,26.0,22.0,23.0,21.0,22.0,21.0,21.0,22.0,22.0,22.0,22.0,21.0,22.0,22.0,21.0,22.0,21.0,21.0,21.0,21.0,22.0,21.0,10.0,hold,8,8,11.0317
1787152371.5019,2026-08-19 17:12:51.501,10,c3,1,0,-0.03942,-0.49601,0.04092,-4.8027,10.7456,-20.828,-0.0816,0.0074,-0.2289,3.75219,22.0,23.0,21.0,21.0,31.0,33.0,22.0,26.0,31.0,33.0,23.0,23.0,27.0,38.0,21.0,21.0,28.0,20.0,24.0,21.0,22.0,21.0,21.0,22.0,22.0,22.0,22.0,21.0,22.0,22.0,21.0,22.0,21.0,21.0,21.0,21.0,22.0,21.0,10.0,hold,8,8,11.1011
1787152371.5521,2026-08-19 17:12:51.552,10,c3,1,0,-0.03943,-0.49602,0.04092,-4.4143,10.6768,-21.1052,-0.0797,0.0187,-0.2332,3.76024,22.0,23.0,21.0,21.0,31.0,33.0,22.0,26.0,31.0,33.0,23.0,23.0,27.0,38.0,21.0,21.0,28.0,20.0,24.0,21.0,22.0,21.0,21.0,22.0,22.0,22.0,22.0,21.0,22.0,22.0,21.0,22.0,21.0,21.0,21.0,21.0,22.0,21.0,10.0,hold,8,8,11.0294
1787152371.6022,2026-08-19 17:12:51.602,10,c3,1,0,-0.03944,-0.49601,0.04092,-4.471,10.7469,-20.9046,-0.08,0.0149,-0.236,3.75395,24.0,23.0,22.0,23.0,31.0,32.0,22.0,26.0,31.0,34.0,23.0,23.0,27.0,37.0,23.0,23.0,27.0,22.0,25.0,21.0,22.0,21.0,21.0,22.0,22.0,22.0,22.0,21.0,22.0,22.0,21.0,22.0,21.0,21.0,21.0,21.0,22.0,21.0,10.0,hold,8,8,11.0854
1787152371.6523,2026-08-19 17:12:51.652,10,c3,1,0,-0.03944,-0.49601,0.04091,-4.5487,10.6361,-20.7692,-0.0777,0.0159,-0.2353,3.75546,24.0,24.0,22.0,23.0,31.0,33.0,23.0,24.0,32.0,36.0,25.0,21.0,28.0,40.0,23.0,22.0,28.0,23.0,26.0,21.0,22.0,21.0,21.0,22.0,22.0,22.0,22.0,21.0,22.0,22.0,21.0,22.0,21.0,21.0,21.0,21.0,22.0,21.0,10.0,hold,8,8,11.072
1787152371.7024,2026-08-19 17:12:51.702,10,c3,1,0,-0.03945,-0.49601,0.04091,-4.5788,10.4938,-20.8578,-0.0736,0.0124,-0.2301,3.76125,24.0,24.0,22.0,23.0,31.0,33.0,23.0,24.0,32.0,36.0,25.0,21.0,28.0,40.0,23.0,22.0,28.0,23.0,26.0,21.0,22.0,21.0,21.0,22.0,22.0,22.0,22.0,21.0,22.0,22.0,21.0,22.0,21.0,21.0,21.0,21.0,22.0,21.0,10.0,hold,8,8,11.0205
1787152371.7526,2026-08-19 17:12:51.752,10,c3,1,0,-0.03945,-0.49602,0.04093,-4.6849,10.8469,-20.7815,-0.0855,0.0122,-0.2384,3.75093,21.0,24.0,23.0,22.0,33.0,34.0,23.0,24.0,31.0,32.0,24.0,21.0,26.0,38.0,23.0,19.0,27.0,22.0,24.0,21.0,22.0,21.0,21.0,22.0,22.0,22.0,22.0,21.0,22.0,22.0,21.0,22.0,21.0,21.0,21.0,21.0,22.0,21.0,10.0,hold,8,8,11.1123
1787152371.8027,2026-08-19 17:12:51.802,10,c3,1,0,-0.03943,-0.496,0.04091,-4.5596,10.6295,-20.7704,-0.0799,0.0131,-0.2301,3.7537,21.0,24.0,23.0,22.0,33.0,34.0,23.0,24.0,31.0,32.0,24.0,21.0,26.0,38.0,23.0,19.0,27.0,22.0,24.0,21.0,22.0,21.0,21.0,22.0,22.0,22.0,22.0,21.0,22.0,22.0,21.0,22.0,21.0,21.0,21.0,21.0,22.0,21.0,10.0,hold,8,8,11.0877
1787152371.8528,2026-08-19 17:12:51.852,10,c3,1,0,-0.03943,-0.49602,0.04092,-4.3528,10.2913,-21.3155,-0.0682,0.0208,-0.228,3.761,21.0,22.0,21.0,21.0,32.0,31.0,23.0,25.0,34.0,34.0,23.0,22.0,28.0,38.0,21.0,21.0,28.0,21.0,24.0,21.0,22.0,21.0,21.0,22.0,22.0,22.0,22.0,21.0,22.0,22.0,21.0,22.0,21.0,21.0,21.0,21.0,22.0,21.0,10.0,hold,8,8,11.0227
1787152371.9029,2026-08-19 17:12:51.902,10,c3,1,0,-0.03944,-0.49602,0.04093,-4.7044,10.4182,-20.8923,-0.0732,0.0085,-0.2288,3.74866,21.0,22.0,21.0,21.0,32.0,31.0,23.0,25.0,34.0,34.0,23.0,22.0,28.0,38.0,21.0,21.0,28.0,21.0,24.0,21.0,22.0,21.0,21.0,22.0,22.0,22.0,22.0,21.0,22.0,22.0,21.0,22.0,21.0,21.0,21.0,21.0,22.0,21.0,10.0,hold,8,8,11.1325
1787152371.953,2026-08-19 17:12:51.953,10,c3,1,0,-0.03946,-0.49601,0.04092,-4.9524,10.5567,-20.9191,-0.0749,0.0019,-0.2384,3.76452,22.0,24.0,23.0,22.0,32.0,33.0,21.0,24.0,32.0,35.0,24.0,21.0,28.0,39.0,22.0,20.0,26.0,23.0,22.0,21.0,22.0,21.0,21.0,22.0,22.0,22.0,22.0,21.0,22.0,22.0,21.0,22.0,21.0,21.0,21.0,21.0,22.0,21.0,10.0,hold,8,8,10.9913
1787152372.0031,2026-08-19 17:12:52.003,10,c3,1,0,-0.03942,-0.49601,0.04091,-4.314,10.6232,-21.009,-0.0794,0.0198,-0.2326,3.76125,20.0,24.0,21.0,21.0,33.0,34.0,23.0,24.0,32.0,34.0,25.0,20.0,27.0,39.0,23.0,20.0,27.0,23.0,24.0,21.0,22.0,21.0,21.0,22.0,22.0,22.0,22.0,21.0,22.0,22.0,21.0,22.0,21.0,21.0,21.0,21.0,22.0,21.0,10.0,hold,8,8,11.0205
1787152372.0558,2026-08-19 17:12:52.055,10,c3,1,0,-0.03945,-0.49601,0.04091,-4.418,10.5222,-20.9426,-0.0778,0.0184,-0.2321,3.7615,20.0,24.0,21.0,21.0,33.0,34.0,23.0,24.0,32.0,34.0,25.0,20.0,27.0,39.0,23.0,20.0,27.0,23.0,24.0,21.0,22.0,21.0,21.0,22.0,22.0,22.0,22.0,21.0,22.0,22.0,21.0,22.0,21.0,21.0,21.0,21.0,22.0,21.0,10.0,hold,8,8,11.0182
1787152372.1059,2026-08-19 17:12:52.105,10,c3,1,0,-0.03944,-0.49601,0.04092,-4.6102,10.774,-21.156,-0.082,0.0121,-0.2292,3.75747,23.0,23.0,21.0,22.0,32.0,33.0,24.0,25.0,32.0,34.0,23.0,22.0,28.0,39.0,23.0,20.0,27.0,22.0,22.0,21.0,22.0,21.0,21.0,22.0,22.0,22.0,22.0,21.0,22.0,22.0,21.0,22.0,21.0,21.0,21.0,21.0,22.0,21.0,10.0,hold,8,8,11.0541
1787152372.1559,2026-08-19 17:12:52.155,10,c3,1,0,-0.03947,-0.49601,0.04091,-4.3907,10.572,-20.8954,-0.0754,0.0201,-0.2318,3.761,23.0,23.0,21.0,22.0,32.0,33.0,24.0,25.0,32.0,34.0,23.0,22.0,28.0,39.0,23.0,20.0,27.0,22.0,22.0,21.0,22.0,21.0,21.0,22.0,22.0,22.0,22.0,21.0,22.0,22.0,21.0,22.0,21.0,21.0,21.0,21.0,22.0,21.0,10.0,hold,8,8,11.0227
1787152372.206,2026-08-19 17:12:52.206,10,c3,1,0,-0.03945,-0.49602,0.04091,-4.8469,10.7877,-20.9795,-0.082,0.0045,-0.2361,3.7537,22.0,24.0,22.0,22.0,32.0,32.0,23.0,25.0,32.0,34.0,24.0,21.0,28.0,38.0,24.0,21.0,28.0,23.0,22.0,21.0,22.0,21.0,21.0,22.0,22.0,22.0,22.0,21.0,22.0,22.0,21.0,22.0,21.0,21.0,21.0,21.0,22.0,21.0,10.0,hold,8,8,11.0877
1787152372.2562,2026-08-19 17:12:52.256,10,c3,1,0,-0.03945,-0.49602,0.04092,-4.7333,10.4196,-21.0195,-0.0732,0.0101,-0.2332,3.75546,24.0,24.0,21.0,22.0,32.0,33.0,24.0,25.0,32.0,33.0,24.0,21.0,28.0,37.0,23.0,21.0,27.0,23.0,24.0,21.0,22.0,21.0,21.0,22.0,22.0,22.0,22.0,21.0,22.0,22.0,21.0,22.0,21.0,21.0,21.0,21.0,22.0,21.0,10.0,hold,8,8,11.072
1787152372.3063,2026-08-19 17:12:52.306,10,c3,1,0,-0.03944,-0.49602,0.04092,-4.6822,10.8126,-20.9655,-0.079,0.0121,-0.2351,3.75974,24.0,24.0,21.0,22.0,32.0,33.0,24.0,25.0,32.0,33.0,24.0,21.0,28.0,37.0,23.0,21.0,27.0,23.0,24.0,21.0,22.0,21.0,21.0,22.0,22.0,22.0,22.0,21.0,22.0,22.0,21.0,22.0,21.0,21.0,21.0,21.0,22.0,21.0,10.0,hold,8,8,11.0339
1787152372.3564,2026-08-19 17:12:52.356,10,c3,1,0,-0.03945,-0.496,0.04091,-4.503,10.5531,-20.9579,-0.0786,0.0167,-0.2412,3.75193,21.0,24.0,22.0,20.0,33.0,34.0,23.0,24.0,33.0,33.0,23.0,22.0,27.0,39.0,21.0,21.0,28.0,22.0,22.0,21.0,22.0,21.0,21.0,22.0,22.0,22.0,22.0,21.0,22.0,22.0,21.0,22.0,21.0,21.0,21.0,21.0,22.0,21.0,10.0,hold,8,8,11.1033
1787152372.4065,2026-08-19 17:12:52.406,10,c3,1,0,-0.03945,-0.49601,0.04092,-4.5144,10.209,-21.0572,-0.0685,0.0143,-0.2276,3.7615,21.0,24.0,22.0,20.0,33.0,34.0,23.0,24.0,33.0,33.0,23.0,22.0,27.0,39.0,21.0,21.0,28.0,22.0,22.0,21.0,22.0,21.0,21.0,22.0,22.0,22.0,22.0,21.0,22.0,22.0,21.0,22.0,21.0,21.0,21.0,21.0,22.0,21.0,10.0,hold,8,8,11.0182
1787152372.4567,2026-08-19 17:12:52.456,10,c3,1,0,-0.03943,-0.496,0.0409,-4.5099,10.2898,-20.9944,-0.0669,0.0173,-0.2339,3.75974,22.0,25.0,22.0,22.0,34.0,33.0,21.0,25.0,33.0,34.0,24.0,21.0,29.0,39.0,23.0,22.0,27.0,23.0,24.0,21.0,22.0,21.0,21.0,22.0,22.0,22.0,22.0,21.0,22.0,22.0,21.0,22.0,21.0,21.0,21.0,21.0,22.0,21.0,10.0,hold,8,8,11.0339
1787152372.5068,2026-08-19 17:12:52.506,10,c3,1,0,-0.03945,-0.49601,0.04091,-4.5161,10.6442,-20.9474,-0.0742,0.0151,-0.231,3.76024,24.0,25.0,21.0,24.0,35.0,32.0,23.0,26.0,33.0,33.0,23.0,22.0,29.0,38.0,23.0,22.0,27.0,22.0,23.0,21.0,22.0,21.0,21.0,22.0,22.0,22.0,22.0,21.0,22.0,22.0,21.0,22.0,21.0,21.0,21.0,21.0,22.0,21.0,10.0,hold,8,8,11.0294
1787152372.5569,2026-08-19 17:12:52.556,10,c3,1,0,-0.03945,-0.49601,0.04091,-4.5107,10.459,-21.1267,-0.0734,0.015,-0.2265,3.76024,24.0,25.0,21.0,24.0,35.0,32.0,23.0,26.0,33.0,33.0,23.0,22.0,29.0,38.0,23.0,22.0,27.0,22.0,23.0,21.0,22.0,21.0,21.0,22.0,22.0,22.0,22.0,21.0,22.0,22.0,21.0,22.0,21.0,21.0,21.0,21.0,22.0,21.0,10.0,hold,8,8,11.0294
1787152372.607,2026-08-19 17:12:52.607,10,c3,1,0,-0.03944,-0.49601,0.04091,-4.7399,10.6229,-20.9131,-0.0755,0.0086,-0.2298,3.75168,22.0,25.0,21.0,22.0,33.0,32.0,22.0,23.0,33.0,33.0,22.0,20.0,29.0,38.0,21.0,20.0,28.0,22.0,22.0,21.0,22.0,21.0,21.0,22.0,22.0,22.0,22.0,21.0,22.0,22.0,21.0,22.0,21.0,21.0,21.0,21.0,22.0,21.0,10.0,hold,8,8,11.1056
1787152372.6572,2026-08-19 17:12:52.657,10,c3,1,0,-0.03943,-0.49602,0.04092,-4.7988,10.6603,-20.8705,-0.0788,0.0074,-0.2341,3.75596,22.0,25.0,21.0,22.0,33.0,32.0,22.0,23.0,33.0,33.0,22.0,20.0,29.0,38.0,21.0,20.0,28.0,22.0,22.0,21.0,22.0,21.0,21.0,22.0,22.0,22.0,22.0,21.0,22.0,22.0,21.0,22.0,21.0,21.0,21.0,21.0,22.0,21.0,10.0,hold,8,8,11.0675
1787152372.7073,2026-08-19 17:12:52.707,10,c3,1,0,-0.03944,-0.49601,0.04091,-4.5418,10.3334,-21.0463,-0.0671,0.0159,-0.2287,3.761,22.0,25.0,21.0,21.0,34.0,32.0,21.0,27.0,32.0,33.0,23.0,22.0,28.0,38.0,23.0,21.0,28.0,21.0,24.0,21.0,22.0,21.0,21.0,22.0,22.0,22.0,22.0,21.0,22.0,22.0,21.0,22.0,21.0,21.0,21.0,21.0,22.0,21.0,10.0,hold,8,8,11.0227
1787152372.7575,2026-08-19 17:12:52.757,10,c3,1,0,-0.03944,-0.496,0.0409,-4.5682,10.4864,-20.9903,-0.0723,0.0137,-0.2336,3.75395,23.0,24.0,22.0,23.0,32.0,32.0,21.0,24.0,33.0,35.0,23.0,21.0,28.0,39.0,21.0,20.0,28.0,22.0,22.0,21.0,22.0,21.0,21.0,22.0,22.0,22.0,22.0,21.0,22.0,22.0,21.0,22.0,21.0,21.0,21.0,21.0,22.0,21.0,10.0,hold,8,8,11.0854
1787152372.8076,2026-08-19 17:12:52.807,10,c3,1,0,-0.03944,-0.49601,0.04092,-4.4894,10.5592,-21.0643,-0.0763,0.0181,-0.233,3.75823,23.0,24.0,22.0,23.0,32.0,32.0,21.0,24.0,33.0,35.0,23.0,21.0,28.0,39.0,21.0,20.0,28.0,22.0,22.0,21.0,22.0,21.0,21.0,22.0,22.0,22.0,22.0,21.0,22.0,22.0,21.0,22.0,21.0,21.0,21.0,21.0,22.0,21.0,10.0,hold,8,8,11.0473
1787152372.8578,2026-08-19 17:12:52.857,10,c3,1,0,-0.03943,-0.496,0.04091,-4.3798,10.1976,-21.1931,-0.0673,0.019,-0.2324,3.76452,24.0,24.0,23.0,23.0,33.0,34.0,24.0,24.0,33.0,34.0,23.0,21.0,28.0,39.0,22.0,21.0,28.0,22.0,24.0,21.0,22.0,21.0,21.0,22.0,22.0,22.0,22.0,21.0,22.0,22.0,21.0,22.0,21.0,21.0,21.0,21.0,22.0,21.0,10.0,hold,8,8,10.9913
1787152372.9079,2026-08-19 17:12:52.907,10,c3,1,0,-0.03944,-0.49601,0.04091,-4.2685,10.1393,-21.1337,-0.0666,0.0231,-0.2268,3.75496,24.0,24.0,23.0,23.0,33.0,34.0,24.0,24.0,33.0,34.0,23.0,21.0,28.0,39.0,22.0,21.0,28.0,22.0,24.0,21.0,22.0,21.0,21.0,22.0,22.0,22.0,22.0,21.0,22.0,22.0,21.0,22.0,21.0,21.0,21.0,21.0,22.0,21.0,10.0,hold,8,8,11.0765
1787152372.9581,2026-08-19 17:12:52.958,10,c3,1,0,-0.03944,-0.49601,0.04092,-4.4746,10.0033,-21.1088,-0.0631,0.0198,-0.2271,3.76201,23.0,24.0,22.0,22.0,33.0,33.0,23.0,23.0,31.0,35.0,22.0,21.0,28.0,39.0,21.0,20.0,28.0,21.0,23.0,21.0,22.0,21.0,21.0,22.0,22.0,22.0,22.0,21.0,22.0,22.0,21.0,22.0,21.0,21.0,21.0,21.0,22.0,21.0,10.0,hold,8,8,11.0137
1787152373.0082,2026-08-19 17:12:53.008,10,c3,1,0,-0.03943,-0.49601,0.04091,-4.6951,10.8483,-21.1998,-0.0814,0.0113,-0.2336,3.761,21.0,23.0,23.0,21.0,32.0,34.0,22.0,24.0,32.0,31.0,23.0,21.0,27.0,36.0,24.0,20.0,25.0,23.0,23.0,21.0,22.0,21.0,21.0,22.0,22.0,22.0,22.0,21.0,22.0,22.0,21.0,22.0,21.0,21.0,21.0,21.0,22.0,21.0,10.0,hold,8,8,11.0227
1787152373.0582,2026-08-19 17:12:53.058,10,c3,1,0,-0.03944,-0.49601,0.04092,-4.5101,10.5546,-20.9426,-0.0731,0.0176,-0.2289,3.75747,21.0,23.0,23.0,21.0,32.0,34.0,22.0,24.0,32.0,31.0,23.0,21.0,27.0,36.0,24.0,20.0,25.0,23.0,23.0,21.0,22.0,21.0,21.0,22.0,22.0,22.0,22.0,21.0,22.0,22.0,21.0,22.0,21.0,21.0,21.0,21.0,22.0,21.0,10.0,hold,8,8,11.0541
1787152373.1084,2026-08-19 17:12:53.108,10,c3,1,0,-0.03943,-0.49601,0.04092,-4.6095,10.4318,-20.9964,-0.0718,0.0135,-0.2302,3.76477,23.0,22.0,20.0,22.0,30.0,31.0,22.0,25.0,32.0,33.0,24.0,21.0,27.0,37.0,22.0,22.0,26.0,22.0,23.0,21.0,22.0,21.0,21.0,22.0,22.0,22.0,22.0,21.0,22.0,22.0,21.0,22.0,21.0,21.0,21.0,21.0,22.0,21.0,10.0,hold,8,8,10.9891
1787152373.1585,2026-08-19 17:12:53.158,10,c3,1,0,-0.03945,-0.49602,0.04093,-4.5056,10.6244,-21.2127,-0.0765,0.0148,-0.2305,3.74841,23.0,22.0,20.0,22.0,30.0,31.0,22.0,25.0,32.0,33.0,24.0,21.0,27.0,37.0,22.0,22.0,26.0,22.0,23.0,21.0,22.0,21.0,21.0,22.0,22.0,22.0,22.0,21.0,22.0,22.0,21.0,22.0,21.0,21.0,21.0,21.0,22.0,21.0,10.0,hold,8,8,11.1347
1787152373.2086,2026-08-19 17:12:53.208,10,c3,1,0,-0.03943,-0.49601,0.04091,-4.5514,10.5447,-21.0492,-0.0777,0.0122,-0.2298,3.76201,20.0,23.0,21.0,20.0,31.0,32.0,22.0,23.0,31.0,33.0,24.0,20.0,27.0,38.0,23.0,19.0,27.0,22.0,22.0,21.0,22.0,21.0,21.0,22.0,22.0,22.0,22.0,21.0,22.0,22.0,21.0,22.0,21.0,21.0,21.0,21.0,22.0,21.0,10.0,hold,8,8,11.0137
1787152373.2588,2026-08-19 17:12:53.258,10,c3,1,0,-0.03944,-0.49602,0.04093,-4.4448,10.3949,-20.9971,-0.0711,0.0158,-0.233,3.75546,20.0,23.0,21.0,20.0,31.0,32.0,22.0,23.0,31.0,33.0,24.0,20.0,27.0,38.0,23.0,19.0,27.0,22.0,22.0,21.0,22.0,21.0,21.0,22.0,22.0,22.0,22.0,21.0,22.0,22.0,21.0,22.0,21.0,21.0,21.0,21.0,22.0,21.0,10.0,hold,8,8,11.072
1787152373.3089,2026-08-19 17:12:53.308,10,c3,1,0,-0.03943,-0.49601,0.04092,-4.8475,10.782,-20.9332,-0.0809,0.0088,-0.2401,3.76377,22.0,22.0,20.0,20.0,31.0,32.0,23.0,25.0,32.0,32.0,24.0,22.0,28.0,37.0,23.0,21.0,27.0,23.0,23.0,21.0,22.0,21.0,21.0,22.0,22.0,22.0,22.0,21.0,22.0,22.0,21.0,22.0,21.0,21.0,21.0,21.0,22.0,21.0,10.0,hold,8,8,10.9981
1787152373.3589,2026-08-19 17:12:53.358,10,c3,1,0,-0.03943,-0.49601,0.04092,-4.5165,10.3405,-21.0155,-0.0704,0.0139,-0.2264,3.76075,23.0,24.0,20.0,22.0,32.0,33.0,24.0,25.0,30.0,33.0,26.0,21.0,26.0,37.0,24.0,21.0,26.0,24.0,21.0,21.0,22.0,21.0,21.0,22.0,22.0,22.0,22.0,21.0,22.0,22.0,21.0,22.0,21.0,21.0,21.0,21.0,22.0,21.0,10.0,hold,8,8,11.0249
1787152373.4091,2026-08-19 17:12:53.409,10,c3,1,0,-0.03944,-0.496,0.0409,-4.8698,10.608,-20.8279,-0.0757,0.0054,-0.2341,3.76301,23.0,24.0,20.0,22.0,32.0,33.0,24.0,25.0,30.0,33.0,26.0,21.0,26.0,37.0,24.0,21.0,26.0,24.0,21.0,21.0,22.0,21.0,21.0,22.0,22.0,22.0,22.0,21.0,22.0,22.0,21.0,22.0,21.0,21.0,21.0,21.0,22.0,21.0,10.0,hold,8,8,11.0048
1787152373.4592,2026-08-19 17:12:53.459,10,c3,1,0,-0.03946,-0.496,0.0409,-4.7951,10.2947,-20.7157,-0.0681,0.0099,-0.232,3.75772,22.0,23.0,21.0,22.0,31.0,31.0,25.0,22.0,32.0,33.0,23.0,19.0,28.0,37.0,22.0,17.0,27.0,22.0,20.0,21.0,22.0,21.0,21.0,22.0,22.0,22.0,22.0,21.0,22.0,22.0,21.0,22.0,21.0,21.0,21.0,21.0,22.0,21.0,10.0,hold,8,8,11.0518
1787152373.5095,2026-08-19 17:12:53.509,10,c3,1,0,-0.03943,-0.496,0.0409,-4.3548,10.1675,-21.2684,-0.0621,0.0177,-0.2286,3.75873,22.0,23.0,21.0,22.0,31.0,31.0,25.0,22.0,32.0,33.0,23.0,19.0,28.0,37.0,22.0,17.0,27.0,22.0,20.0,21.0,22.0,21.0,21.0,22.0,22.0,22.0,22.0,21.0,22.0,22.0,21.0,22.0,21.0,21.0,21.0,21.0,22.0,21.0,10.0,hold,8,8,11.0429
1787152373.5596,2026-08-19 17:12:53.559,10,c3,1,0,-0.03945,-0.49601,0.04091,-4.5339,10.3931,-21.1845,-0.0696,0.0144,-0.2354,3.7615,20.0,23.0,22.0,19.0,32.0,32.0,23.0,24.0,32.0,34.0,24.0,21.0,29.0,39.0,24.0,20.0,26.0,24.0,22.0,21.0,22.0,21.0,21.0,22.0,22.0,22.0,22.0,21.0,22.0,22.0,21.0,22.0,21.0,21.0,21.0,21.0,22.0,21.0,10.0,hold,8,8,11.0182
1787152373.6097,2026-08-19 17:12:53.609,10,c3,1,0,-0.03943,-0.49601,0.04092,-4.6448,9.9924,-20.8989,-0.0622,0.0158,-0.2378,3.75949,21.0,25.0,22.0,21.0,33.0,33.0,24.0,25.0,33.0,32.0,23.0,21.0,29.0,37.0,24.0,20.0,25.0,24.0,22.0,21.0,22.0,21.0,21.0,22.0,22.0,22.0,22.0,21.0,22.0,22.0,21.0,22.0,21.0,21.0,21.0,21.0,22.0,21.0,10.0,hold,8,8,11.0361
1787152373.6599,2026-08-19 17:12:53.659,10,c3,1,0,-0.03945,-0.49602,0.04091,-4.2634,10.0176,-20.9767,-0.0641,0.023,-0.2257,3.75747,21.0,25.0,22.0,21.0,33.0,33.0,24.0,25.0,33.0,32.0,23.0,21.0,29.0,37.0,24.0,20.0,25.0,24.0,22.0,21.0,22.0,21.0,21.0,22.0,22.0,22.0,22.0,21.0,22.0,22.0,21.0,22.0,21.0,21.0,21.0,21.0,22.0,21.0,10.0,hold,8,8,11.0541
1787152373.71,2026-08-19 17:12:53.710,10,c3,1,0,-0.03943,-0.49602,0.04093,-4.5818,10.3713,-20.7892,-0.0719,0.0136,-0.2336,3.76754,24.0,24.0,19.0,23.0,33.0,31.0,23.0,23.0,32.0,32.0,25.0,20.0,29.0,37.0,25.0,20.0,26.0,23.0,23.0,21.0,22.0,21.0,21.0,22.0,22.0,22.0,22.0,21.0,22.0,22.0,21.0,22.0,21.0,21.0,21.0,21.0,22.0,21.0,10.0,hold,8,8,10.9645
1787152373.76,2026-08-19 17:12:53.760,10,c3,0,0,-0.03945,-0.49601,0.04093,-4.5343,10.3806,-20.9327,-0.0723,0.0177,-0.2305,3.75772,24.0,24.0,19.0,23.0,33.0,31.0,23.0,23.0,32.0,32.0,25.0,20.0,29.0,37.0,25.0,20.0,26.0,23.0,23.0,21.0,22.0,21.0,21.0,22.0,22.0,22.0,22.0,21.0,22.0,22.0,21.0,22.0,21.0,21.0,21.0,21.0,22.0,21.0,10.0,retract,8,8,11.0518
1787152373.8101,2026-08-19 17:12:53.810,10,c3,0,0,-0.03943,-0.49599,0.04091,-4.5271,10.3837,-20.8653,-0.0691,0.0136,-0.2268,3.76855,21.0,24.0,21.0,22.0,33.0,32.0,23.0,25.0,32.0,33.0,24.0,22.0,28.0,38.0,23.0,20.0,27.0,22.0,24.0,21.0,22.0,21.0,21.0,22.0,22.0,22.0,22.0,21.0,22.0,22.0,21.0,22.0,21.0,21.0,21.0,21.0,22.0,21.0,10.0,retract,8,8,10.9555
1787152373.8602,2026-08-19 17:12:53.860,10,c3,0,0,-0.03943,-0.49601,0.04098,-4.0949,10.2248,-21.0114,-0.0666,0.0244,-0.2266,3.78693,22.0,24.0,22.0,22.0,33.0,32.0,24.0,25.0,34.0,33.0,23.0,21.0,29.0,38.0,23.0,20.0,27.0,23.0,23.0,21.0,22.0,21.0,21.0,22.0,22.0,22.0,22.0,21.0,22.0,22.0,21.0,22.0,21.0,21.0,21.0,21.0,22.0,21.0,10.0,retract,8,8,10.792
1787152373.9103,2026-08-19 17:12:53.910,10,c3,0,0,-0.03943,-0.496,0.04107,-4.3349,10.4356,-21.2732,-0.0742,0.0192,-0.2272,3.82596,22.0,24.0,22.0,22.0,33.0,32.0,24.0,25.0,34.0,33.0,23.0,21.0,29.0,38.0,23.0,20.0,27.0,23.0,23.0,21.0,22.0,21.0,21.0,22.0,22.0,22.0,22.0,21.0,22.0,22.0,21.0,22.0,21.0,21.0,21.0,21.0,22.0,21.0,10.0,retract,8,8,10.4448
1787152373.9604,2026-08-19 17:12:53.960,10,c3,0,0,-0.03943,-0.49599,0.04121,-4.0682,10.2232,-21.4657,-0.0702,0.0255,-0.2259,3.89494,21.0,26.0,22.0,22.0,35.0,33.0,22.0,24.0,32.0,32.0,22.0,22.0,29.0,37.0,22.0,20.0,27.0,22.0,22.0,21.0,22.0,21.0,21.0,22.0,22.0,22.0,22.0,21.0,22.0,22.0,21.0,22.0,21.0,21.0,21.0,21.0,22.0,21.0,10.0,retract,8,8,9.8311
1787152374.0104,2026-08-19 17:12:54.010,10,c3,0,0,-0.03944,-0.496,0.04139,-4.3889,10.5934,-21.946,-0.0767,0.0168,-0.2372,3.96896,21.0,26.0,22.0,22.0,35.0,33.0,22.0,24.0,32.0,32.0,22.0,22.0,29.0,37.0,22.0,20.0,27.0,22.0,22.0,21.0,22.0,21.0,21.0,22.0,22.0,22.0,22.0,21.0,22.0,22.0,21.0,22.0,21.0,21.0,21.0,21.0,22.0,21.0,10.0,retract,8,8,9.1726
1787152374.0605,2026-08-19 17:12:54.060,10,c3,0,0,-0.03944,-0.49601,0.04163,-4.0751,10.248,-22.2723,-0.0709,0.025,-0.2354,4.05054,22.0,25.0,22.0,22.0,34.0,32.0,22.0,25.0,33.0,33.0,22.0,21.0,29.0,37.0,22.0,20.0,27.0,21.0,22.0,21.0,22.0,21.0,21.0,22.0,22.0,22.0,22.0,21.0,22.0,22.0,21.0,22.0,21.0,21.0,21.0,21.0,22.0,21.0,10.0,retract,8,8,8.4468
1787152374.1106,2026-08-19 17:12:54.110,10,c3,0,0,-0.03943,-0.49599,0.04182,-4.2294,10.3714,-22.4732,-0.07,0.0171,-0.2296,4.12582,23.0,24.0,21.0,23.0,34.0,32.0,22.0,25.0,32.0,32.0,24.0,21.0,29.0,38.0,23.0,21.0,27.0,23.0,23.0,21.0,22.0,21.0,21.0,22.0,22.0,22.0,22.0,21.0,22.0,22.0,21.0,22.0,21.0,21.0,21.0,21.0,22.0,21.0,10.0,retract,8,8,7.7771
1787152374.1608,2026-08-19 17:12:54.160,10,c3,0,0,-0.03943,-0.49598,0.04206,-4.3394,10.4316,-22.7708,-0.0764,0.0156,-0.2295,4.19304,23.0,24.0,21.0,23.0,34.0,32.0,22.0,25.0,32.0,32.0,24.0,21.0,29.0,38.0,23.0,21.0,27.0,23.0,23.0,21.0,22.0,21.0,21.0,22.0,22.0,22.0,22.0,21.0,22.0,22.0,21.0,22.0,21.0,21.0,21.0,21.0,22.0,21.0,10.0,retract,8,8,7.1791
1787152374.2109,2026-08-19 17:12:54.210,10,c3,0,0,-0.03943,-0.49596,0.04236,-4.1666,10.2153,-23.0268,-0.0692,0.0203,-0.2299,4.28544,21.0,25.0,21.0,20.0,33.0,32.0,23.0,23.0,32.0,30.0,24.0,20.0,29.0,35.0,23.0,20.0,26.0,21.0,21.0,21.0,22.0,21.0,21.0,22.0,22.0,22.0,22.0,21.0,22.0,22.0,21.0,22.0,21.0,21.0,21.0,21.0,22.0,21.0,10.0,retract,8,8,6.357
1787152374.2609,2026-08-19 17:12:54.260,10,c3,0,0,-0.03945,-0.49601,0.0427,-4.2538,10.1419,-23.2515,-0.0674,0.0158,-0.2346,4.364,21.0,25.0,21.0,20.0,33.0,32.0,23.0,23.0,32.0,30.0,24.0,20.0,29.0,35.0,23.0,20.0,26.0,21.0,21.0,21.0,22.0,21.0,21.0,22.0,22.0,22.0,22.0,21.0,22.0,22.0,21.0,22.0,21.0,21.0,21.0,21.0,22.0,21.0,10.0,retract,8,8,5.6582
1787152374.3111,2026-08-19 17:12:54.311,10,c3,0,0,-0.03944,-0.49601,0.04301,-4.1949,10.4229,-23.4579,-0.0784,0.0171,-0.2327,4.42996,21.0,24.0,20.0,21.0,32.0,31.0,23.0,24.0,31.0,30.0,23.0,20.0,28.0,35.0,22.0,21.0,26.0,21.0,22.0,21.0,22.0,21.0,21.0,22.0,22.0,22.0,22.0,21.0,22.0,22.0,21.0,22.0,21.0,21.0,21.0,21.0,22.0,21.0,10.0,retract,8,8,5.0713
1787152374.3612,2026-08-19 17:12:54.361,10,c3,0,0,-0.03945,-0.496,0.04335,-4.4559,10.4004,-23.7935,-0.0777,0.0119,-0.2338,4.50952,21.0,24.0,20.0,21.0,32.0,31.0,23.0,24.0,31.0,30.0,23.0,20.0,28.0,35.0,22.0,21.0,26.0,21.0,22.0,21.0,22.0,21.0,21.0,22.0,22.0,22.0,22.0,21.0,22.0,22.0,21.0,22.0,21.0,21.0,21.0,21.0,22.0,21.0,10.0,retract,8,8,4.3635
1787152374.4113,2026-08-19 17:12:54.411,10,c3,0,0,-0.03943,-0.496,0.04368,-4.0812,10.2987,-24.0581,-0.0737,0.0194,-0.2298,4.57121,23.0,25.0,21.0,22.0,32.0,30.0,22.0,26.0,31.0,29.0,22.0,21.0,26.0,34.0,21.0,22.0,26.0,21.0,24.0,21.0,22.0,21.0,21.0,22.0,22.0,22.0,22.0,21.0,22.0,22.0,21.0,22.0,21.0,21.0,21.0,21.0,22.0,21.0,10.0,retract,8,8,3.8147
1787152374.4614,2026-08-19 17:12:54.461,10,c3,0,0,-0.03943,-0.49599,0.04404,-3.9895,10.2104,-24.2541,-0.0772,0.0213,-0.23,4.62634,23.0,24.0,20.0,22.0,31.0,29.0,23.0,23.0,29.0,28.0,22.0,20.0,28.0,33.0,22.0,20.0,25.0,22.0,22.0,21.0,22.0,21.0,21.0,22.0,22.0,22.0,22.0,21.0,22.0,22.0,21.0,22.0,21.0,21.0,21.0,21.0,22.0,21.0,10.0,retract,8,8,3.3242
1787152374.5116,2026-08-19 17:12:54.511,10,c3,0,0,-0.03943,-0.49598,0.04436,-4.0664,9.9374,-24.5507,-0.0669,0.018,-0.2315,4.66008,23.0,24.0,20.0,22.0,31.0,29.0,23.0,23.0,29.0,28.0,22.0,20.0,28.0,33.0,22.0,20.0,25.0,22.0,22.0,21.0,22.0,21.0,21.0,22.0,22.0,22.0,22.0,21.0,22.0,22.0,21.0,22.0,21.0,21.0,21.0,21.0,22.0,21.0,10.0,retract,8,8,3.0241
1787152374.5618,2026-08-19 17:12:54.561,10,c3,0,0,-0.03941,-0.49597,0.04468,-4.2289,10.4416,-24.4244,-0.0825,0.0124,-0.2294,4.69583,21.0,24.0,19.0,21.0,31.0,28.0,22.0,23.0,28.0,29.0,22.0,19.0,27.0,32.0,21.0,19.0,25.0,22.0,21.0,21.0,22.0,21.0,21.0,22.0,22.0,22.0,22.0,21.0,22.0,22.0,21.0,22.0,21.0,21.0,21.0,21.0,22.0,21.0,10.0,retract,8,8,2.706
1787152374.6118,2026-08-19 17:12:54.611,10,c3,0,0,-0.03944,-0.49597,0.04504,-4.0666,10.1467,-24.5043,-0.077,0.0164,-0.2283,4.69105,21.0,24.0,19.0,21.0,31.0,28.0,22.0,23.0,28.0,29.0,22.0,19.0,27.0,32.0,21.0,19.0,25.0,22.0,21.0,21.0,22.0,21.0,21.0,22.0,22.0,22.0,22.0,21.0,22.0,22.0,21.0,22.0,21.0,21.0,21.0,21.0,22.0,21.0,10.0,retract,8,8,2.7485
1787152374.6619,2026-08-19 17:12:54.661,10,c3,0,0,-0.03944,-0.49599,0.04535,-4.3277,10.4979,-24.4067,-0.0812,0.0089,-0.2321,4.68627,21.0,22.0,20.0,20.0,29.0,26.0,21.0,23.0,27.0,28.0,22.0,19.0,26.0,30.0,23.0,21.0,24.0,22.0,23.0,21.0,22.0,21.0,21.0,22.0,22.0,22.0,22.0,21.0,22.0,22.0,21.0,22.0,21.0,21.0,21.0,21.0,22.0,21.0,10.0,retract,8,8,2.7911
1787152374.712,2026-08-19 17:12:54.712,10,c3,0,0,-0.03944,-0.496,0.04569,-3.9411,10.134,-24.4739,-0.0736,0.0198,-0.2291,4.69281,22.0,23.0,18.0,21.0,28.0,25.0,22.0,23.0,28.0,28.0,23.0,19.0,26.0,30.0,23.0,19.0,26.0,23.0,20.0,21.0,22.0,21.0,21.0,22.0,22.0,22.0,22.0,21.0,22.0,22.0,21.0,22.0,21.0,21.0,21.0,21.0,22.0,21.0,10.0,retract,8,8,2.7329
1787152374.7621,2026-08-19 17:12:54.762,10,c3,0,0,-0.03944,-0.49601,0.04603,-4.0989,10.1172,-24.6028,-0.0735,0.0146,-0.2282,4.69583,22.0,23.0,18.0,21.0,28.0,25.0,22.0,23.0,28.0,28.0,23.0,19.0,26.0,30.0,23.0,19.0,26.0,23.0,20.0,21.0,22.0,21.0,21.0,22.0,22.0,22.0,22.0,21.0,22.0,22.0,21.0,22.0,21.0,21.0,21.0,21.0,22.0,21.0,10.0,retract,8,8,2.706
1787152374.8123,2026-08-19 17:12:54.812,10,c3,0,0,-0.03943,-0.496,0.04638,-4.1508,10.0475,-24.525,-0.0742,0.0161,-0.2333,4.69281,20.0,24.0,20.0,21.0,29.0,26.0,22.0,23.0,26.0,27.0,22.0,20.0,25.0,30.0,21.0,20.0,25.0,23.0,22.0,21.0,22.0,21.0,21.0,22.0,22.0,22.0,22.0,21.0,22.0,22.0,21.0,22.0,21.0,21.0,21.0,21.0,22.0,21.0,10.0,retract,8,8,2.7329
1787152374.8624,2026-08-19 17:12:54.862,10,c3,0,0,-0.03945,-0.49599,0.0467,-4.3258,10.4881,-24.3758,-0.0777,0.0083,-0.2345,4.68123,20.0,24.0,20.0,21.0,29.0,26.0,22.0,23.0,26.0,27.0,22.0,20.0,25.0,30.0,21.0,20.0,25.0,23.0,22.0,21.0,22.0,21.0,21.0,22.0,22.0,22.0,22.0,21.0,22.0,22.0,21.0,22.0,21.0,21.0,21.0,21.0,22.0,21.0,10.0,retract,8,8,2.8359
1787152374.9126,2026-08-19 17:12:54.912,10,c3,0,0,-0.03943,-0.496,0.04704,-4.2933,10.3236,-24.4694,-0.0811,0.0075,-0.244,4.69055,22.0,23.0,19.0,22.0,29.0,24.0,22.0,21.0,25.0,28.0,23.0,17.0,25.0,30.0,23.0,18.0,26.0,22.0,21.0,21.0,22.0,21.0,21.0,22.0,22.0,22.0,22.0,21.0,22.0,22.0,21.0,22.0,21.0,21.0,21.0,21.0,22.0,21.0,10.0,retract,8,8,2.753
1787152374.9627,2026-08-19 17:12:54.962,10,c3,0,0,-0.03944,-0.49601,0.04738,-3.953,10.3507,-24.3949,-0.0781,0.0198,-0.2291,4.68778,20.0,19.0,18.0,19.0,26.0,24.0,23.0,22.0,24.0,27.0,21.0,18.0,24.0,28.0,22.0,19.0,24.0,21.0,21.0,21.0,22.0,21.0,21.0,22.0,22.0,22.0,22.0,21.0,22.0,22.0,21.0,22.0,21.0,21.0,21.0,21.0,22.0,21.0,10.0,retract,8,8,2.7777
1787152375.0128,2026-08-19 17:12:55.012,10,c3,0,0,-0.03945,-0.49599,0.04769,-3.9473,10.0702,-24.4422,-0.0712,0.0201,-0.2314,4.69432,20.0,19.0,18.0,19.0,26.0,24.0,23.0,22.0,24.0,27.0,21.0,18.0,24.0,28.0,22.0,19.0,24.0,21.0,21.0,21.0,22.0,21.0,21.0,22.0,22.0,22.0,22.0,21.0,22.0,22.0,21.0,22.0,21.0,21.0,21.0,21.0,22.0,21.0,10.0,retract,8,8,2.7194
1787152375.0629,2026-08-19 17:12:55.062,10,c3,0,0,-0.03944,-0.49599,0.04801,-3.9893,10.4021,-24.5659,-0.0741,0.0205,-0.2294,4.69055,21.0,22.0,19.0,21.0,28.0,24.0,21.0,22.0,25.0,26.0,21.0,17.0,26.0,28.0,22.0,19.0,24.0,22.0,20.0,21.0,22.0,21.0,21.0,22.0,22.0,22.0,22.0,21.0,22.0,22.0,21.0,22.0,21.0,21.0,21.0,21.0,22.0,21.0,10.0,retract,8,8,2.753
1787152375.113,2026-08-19 17:12:55.113,10,c3,0,0,-0.03944,-0.49599,0.04833,-3.6038,10.0816,-24.5996,-0.0773,0.0288,-0.225,4.69785,21.0,22.0,19.0,21.0,28.0,24.0,21.0,22.0,25.0,26.0,21.0,17.0,26.0,28.0,22.0,19.0,24.0,22.0,20.0,21.0,22.0,21.0,21.0,22.0,22.0,22.0,22.0,21.0,22.0,22.0,21.0,22.0,21.0,21.0,21.0,21.0,22.0,21.0,10.0,retract,8,8,2.6881
1787152375.1633,2026-08-19 17:12:55.163,10,c3,0,0,-0.03942,-0.49599,0.04869,-3.967,10.3103,-24.5511,-0.0792,0.0183,-0.2297,4.68174,20.0,23.0,18.0,19.0,27.0,22.0,21.0,21.0,25.0,26.0,21.0,17.0,25.0,27.0,22.0,19.0,24.0,22.0,21.0,21.0,22.0,21.0,21.0,22.0,22.0,22.0,22.0,21.0,22.0,22.0,21.0,22.0,21.0,21.0,21.0,21.0,22.0,21.0,10.0,retract,8,8,2.8314
1787152375.2135,2026-08-19 17:12:55.213,10,c3,0,0,-0.03945,-0.49601,0.04907,-3.9148,10.1431,-24.3688,-0.0738,0.0211,-0.2241,4.69181,20.0,23.0,19.0,19.0,27.0,22.0,20.0,22.0,23.0,26.0,22.0,18.0,24.0,28.0,22.0,19.0,24.0,21.0,22.0,21.0,22.0,21.0,21.0,22.0,22.0,22.0,22.0,21.0,22.0,22.0,21.0,22.0,21.0,21.0,21.0,21.0,22.0,21.0,10.0,retract,8,8,2.7418
1787152375.2636,2026-08-19 17:12:55.263,10,c3,0,0,-0.03945,-0.496,0.04939,-4.4271,10.2148,-24.5666,-0.0763,0.0047,-0.2339,4.68929,20.0,23.0,19.0,19.0,27.0,22.0,20.0,22.0,23.0,26.0,22.0,18.0,24.0,28.0,22.0,19.0,24.0,21.0,22.0,21.0,22.0,21.0,21.0,22.0,22.0,22.0,22.0,21.0,22.0,22.0,21.0,22.0,21.0,21.0,21.0,21.0,22.0,21.0,10.0,retract,8,8,2.7642
1787152375.3138,2026-08-19 17:12:55.313,10,c3,0,0,-0.03944,-0.49601,0.0497,-4.2662,10.6134,-24.3099,-0.0854,0.0113,-0.2312,4.68325,22.0,21.0,18.0,20.0,27.0,22.0,22.0,21.0,24.0,25.0,21.0,17.0,24.0,26.0,22.0,17.0,24.0,23.0,21.0,21.0,22.0,21.0,21.0,22.0,22.0,22.0,22.0,21.0,22.0,22.0,21.0,22.0,21.0,21.0,21.0,21.0,22.0,21.0,10.0,retract,8,8,2.818
1787152375.3638,2026-08-19 17:12:55.363,10,c3,0,0,-0.03944,-0.496,0.04997,-4.7613,10.5342,-24.4223,-0.0829,-0.0004,-0.2405,4.68602,22.0,21.0,18.0,20.0,27.0,22.0,22.0,21.0,24.0,25.0,21.0,17.0,24.0,26.0,22.0,17.0,24.0,23.0,21.0,21.0,22.0,21.0,21.0,22.0,22.0,22.0,22.0,21.0,22.0,22.0,21.0,22.0,21.0,21.0,21.0,21.0,22.0,21.0,10.0,retract,8,8,2.7933
1787152375.414,2026-08-19 17:12:55.413,10,c3,0,0,-0.03944,-0.496,0.0502,-4.1949,10.1242,-24.4296,-0.0709,0.0117,-0.2282,4.69634,20.0,21.0,17.0,19.0,26.0,22.0,22.0,20.0,24.0,26.0,22.0,16.0,24.0,27.0,23.0,18.0,23.0,23.0,20.0,21.0,22.0,21.0,21.0,22.0,22.0,22.0,22.0,21.0,22.0,22.0,21.0,22.0,21.0,21.0,21.0,21.0,22.0,21.0,10.0,retract,8,8,2.7015
1787152375.4641,2026-08-19 17:12:55.464,10,c3,0,0,-0.03945,-0.49602,0.05041,-4.2572,10.0529,-24.2372,-0.0709,0.0124,-0.2332,4.69181,20.0,21.0,17.0,19.0,26.0,22.0,22.0,20.0,24.0,26.0,22.0,16.0,24.0,27.0,23.0,18.0,23.0,23.0,20.0,21.0,22.0,21.0,21.0,22.0,22.0,22.0,22.0,21.0,22.0,22.0,21.0,22.0,21.0,21.0,21.0,21.0,22.0,21.0,10.0,retract,8,8,2.7418
1787152375.5142,2026-08-19 17:12:55.514,10,c3,0,0,-0.03944,-0.49604,0.05057,-3.7323,9.9195,-24.3443,-0.0722,0.0257,-0.2225,4.69281,20.0,22.0,18.0,19.0,26.0,22.0,23.0,22.0,23.0,25.0,23.0,16.0,24.0,28.0,22.0,19.0,24.0,23.0,21.0,21.0,22.0,21.0,21.0,22.0,22.0,22.0,22.0,21.0,22.0,22.0,21.0,22.0,21.0,21.0,21.0,21.0,22.0,21.0,10.0,retract,8,8,2.7329
1787152375.5643,2026-08-19 17:12:55.564,10,c3,0,0,-0.03945,-0.49603,0.05066,-4.2184,10.1921,-24.211,-0.0777,0.0139,-0.2354,4.6908,20.0,20.0,17.0,19.0,25.0,21.0,23.0,20.0,22.0,25.0,23.0,17.0,23.0,27.0,23.0,17.0,24.0,23.0,20.0,21.0,22.0,21.0,21.0,22.0,22.0,22.0,22.0,21.0,22.0,22.0,21.0,22.0,21.0,21.0,21.0,21.0,22.0,21.0,10.0,retract,8,8,2.7508
1787152375.6144,2026-08-19 17:12:55.614,10,c3,0,0,-0.03945,-0.49601,0.05073,-4.202,9.9357,-24.3733,-0.066,0.0097,-0.2286,4.69609,20.0,20.0,17.0,19.0,25.0,21.0,23.0,20.0,22.0,25.0,23.0,17.0,23.0,27.0,23.0,17.0,24.0,23.0,20.0,21.0,22.0,21.0,21.0,22.0,22.0,22.0,22.0,21.0,22.0,22.0,21.0,22.0,21.0,21.0,21.0,21.0,22.0,21.0,10.0,retract,8,8,2.7037
1787152375.6646,2026-08-19 17:12:55.664,10,c3,0,0,-0.03943,-0.496,0.05079,-4.2537,10.3095,-24.2611,-0.0763,0.01,-0.2344,4.69206,18.0,20.0,18.0,18.0,25.0,22.0,23.0,20.0,24.0,24.0,21.0,17.0,24.0,24.0,21.0,18.0,23.0,21.0,21.0,21.0,22.0,21.0,21.0,22.0,22.0,22.0,22.0,21.0,22.0,22.0,21.0,22.0,21.0,21.0,21.0,21.0,22.0,21.0,10.0,retract,8,8,2.7396
1787152375.7147,2026-08-19 17:12:55.714,10,c3,0,0,-0.03941,-0.496,0.05084,-4.2108,10.6886,-24.3693,-0.0884,0.0111,-0.2342,4.69281,18.0,20.0,18.0,18.0,25.0,22.0,23.0,20.0,24.0,24.0,21.0,17.0,24.0,24.0,21.0,18.0,23.0,21.0,21.0,21.0,22.0,21.0,21.0,22.0,22.0,22.0,22.0,21.0,22.0,22.0,21.0,22.0,21.0,21.0,21.0,21.0,22.0,21.0,10.0,retract,8,8,2.7329
1787152375.7648,2026-08-19 17:12:55.764,10,c3,0,0,-0.03944,-0.49601,0.05087,-4.6035,10.3951,-24.4197,-0.0788,0.0002,-0.2316,4.69206,21.0,22.0,17.0,20.0,27.0,20.0,21.0,22.0,24.0,27.0,24.0,17.0,24.0,26.0,23.0,18.0,23.0,23.0,21.0,21.0,22.0,21.0,21.0,22.0,22.0,22.0,22.0,21.0,22.0,22.0,21.0,22.0,21.0,21.0,21.0,21.0,22.0,21.0,10.0,post,8,8,2.7396
1787152375.8148,2026-08-19 17:12:55.814,10,c3,0,0,-0.03946,-0.49601,0.05091,-4.1873,10.3314,-24.2859,-0.0794,0.0124,-0.2323,4.69785,19.0,21.0,18.0,20.0,26.0,23.0,22.0,23.0,24.0,25.0,22.0,18.0,25.0,24.0,21.0,21.0,23.0,22.0,22.0,21.0,22.0,21.0,21.0,22.0,22.0,22.0,22.0,21.0,22.0,22.0,21.0,22.0,21.0,21.0,21.0,21.0,22.0,21.0,10.0,post,8,8,2.6881
1787152375.8649,2026-08-19 17:12:55.864,10,c3,0,0,-0.03944,-0.496,0.0509,-4.1076,10.5113,-24.5996,-0.0867,0.0175,-0.2332,4.68929,19.0,21.0,18.0,20.0,26.0,23.0,22.0,23.0,24.0,25.0,22.0,18.0,25.0,24.0,21.0,21.0,23.0,22.0,22.0,21.0,22.0,21.0,21.0,22.0,22.0,22.0,22.0,21.0,22.0,22.0,21.0,22.0,21.0,21.0,21.0,21.0,22.0,21.0,10.0,post,8,8,2.7642
1787152375.915,2026-08-19 17:12:55.914,10,c3,0,0,-0.03943,-0.49602,0.05091,-4.3669,10.3494,-24.4452,-0.0776,0.0062,-0.2381,4.69609,20.0,22.0,17.0,21.0,27.0,21.0,21.0,23.0,22.0,25.0,23.0,19.0,22.0,25.0,23.0,19.0,21.0,23.0,19.0,21.0,22.0,21.0,21.0,22.0,22.0,22.0,22.0,21.0,22.0,22.0,21.0,22.0,21.0,21.0,21.0,21.0,22.0,21.0,10.0,post,8,8,2.7037
1787152375.9651,2026-08-19 17:12:55.965,10,c3,0,0,-0.03944,-0.49601,0.05091,-4.0475,10.1798,-24.5891,-0.0764,0.0145,-0.2315,4.69155,20.0,22.0,17.0,21.0,27.0,21.0,21.0,23.0,22.0,25.0,23.0,19.0,22.0,25.0,23.0,19.0,21.0,23.0,19.0,21.0,22.0,21.0,21.0,22.0,22.0,22.0,22.0,21.0,22.0,22.0,21.0,22.0,21.0,21.0,21.0,21.0,22.0,21.0,10.0,post,8,8,2.7441
1787152376.0152,2026-08-19 17:12:56.015,10,c3,0,0,-0.03946,-0.49602,0.05092,-4.3715,10.4881,-24.2853,-0.0806,0.0046,-0.233,4.69583,18.0,21.0,16.0,19.0,25.0,20.0,23.0,22.0,24.0,26.0,23.0,19.0,23.0,25.0,23.0,19.0,23.0,21.0,23.0,21.0,22.0,21.0,21.0,22.0,22.0,22.0,22.0,21.0,22.0,22.0,21.0,22.0,21.0,21.0,21.0,21.0,22.0,21.0,10.0,post,8,8,2.706
1787152376.0653,2026-08-19 17:12:56.065,10,c3,0,0,-0.03947,-0.49601,0.05091,-4.1532,10.1614,-24.3889,-0.0715,0.014,-0.231,4.69382,21.0,22.0,17.0,20.0,26.0,21.0,23.0,21.0,23.0,26.0,23.0,18.0,23.0,25.0,23.0,19.0,22.0,24.0,21.0,21.0,22.0,21.0,21.0,22.0,22.0,22.0,22.0,21.0,22.0,22.0,21.0,22.0,21.0,21.0,21.0,21.0,22.0,21.0,10.0,post,8,8,2.7239
1787152376.1155,2026-08-19 17:12:56.115,10,c3,0,0,-0.03944,-0.496,0.0509,-4.2902,10.3651,-24.5707,-0.0773,0.009,-0.2315,4.68803,21.0,22.0,17.0,20.0,26.0,21.0,23.0,21.0,23.0,26.0,23.0,18.0,23.0,25.0,23.0,19.0,22.0,24.0,21.0,21.0,22.0,21.0,21.0,22.0,22.0,22.0,22.0,21.0,22.0,22.0,21.0,22.0,21.0,21.0,21.0,21.0,22.0,21.0,10.0,post,8,8,2.7754
1787152376.1656,2026-08-19 17:12:56.165,10,c3,0,0,-0.03942,-0.49601,0.05091,-3.8692,10.1524,-24.4964,-0.0756,0.0237,-0.227,4.69281,20.0,21.0,19.0,19.0,25.0,22.0,23.0,22.0,25.0,25.0,22.0,18.0,24.0,24.0,23.0,19.0,22.0,22.0,21.0,21.0,22.0,21.0,21.0,22.0,22.0,22.0,22.0,21.0,22.0,22.0,21.0,22.0,21.0,21.0,21.0,21.0,22.0,21.0,10.0,post,8,8,2.7329
1787152376.2158,2026-08-19 17:12:56.215,10,c3,0,0,-0.03946,-0.49601,0.0509,-4.0178,10.4715,-24.5375,-0.0832,0.0164,-0.2335,4.68551,20.0,21.0,19.0,19.0,25.0,22.0,23.0,22.0,25.0,25.0,22.0,18.0,24.0,24.0,23.0,19.0,22.0,22.0,21.0,21.0,22.0,21.0,21.0,22.0,22.0,22.0,22.0,21.0,22.0,22.0,21.0,22.0,21.0,21.0,21.0,21.0,22.0,21.0,10.0,post,8,8,2.7978
1787152376.2659,2026-08-19 17:12:56.265,10,c3,0,0,-0.03945,-0.49602,0.05092,-4.1207,10.3063,-24.4328,-0.0751,0.0158,-0.2336,4.69583,20.0,22.0,19.0,19.0,27.0,22.0,22.0,21.0,25.0,26.0,21.0,20.0,24.0,26.0,21.0,20.0,23.0,21.0,22.0,21.0,22.0,21.0,21.0,22.0,22.0,22.0,22.0,21.0,22.0,22.0,21.0,22.0,21.0,21.0,21.0,21.0,22.0,21.0,10.0,post,8,8,2.706
1787152376.316,2026-08-19 17:12:56.316,10,c3,0,0,-0.03943,-0.49601,0.05091,-4.0797,10.3238,-24.3845,-0.0807,0.0139,-0.2325,4.68879,19.0,23.0,22.0,19.0,26.0,24.0,20.0,22.0,25.0,25.0,23.0,21.0,24.0,24.0,24.0,20.0,22.0,23.0,22.0,21.0,22.0,21.0,21.0,22.0,22.0,22.0,22.0,21.0,22.0,22.0,21.0,22.0,21.0,21.0,21.0,21.0,22.0,21.0,10.0,post,8,8,2.7687
1787152376.3661,2026-08-19 17:12:56.366,10,c3,0,0,-0.03946,-0.49602,0.05092,-4.1519,10.0273,-24.561,-0.0706,0.011,-0.2345,4.69785,19.0,23.0,22.0,19.0,26.0,24.0,20.0,22.0,25.0,25.0,23.0,21.0,24.0,24.0,24.0,20.0,22.0,23.0,22.0,21.0,22.0,21.0,21.0,22.0,22.0,22.0,22.0,21.0,22.0,22.0,21.0,22.0,21.0,21.0,21.0,21.0,22.0,21.0,10.0,post,8,8,2.6881
1787152376.4162,2026-08-19 17:12:56.416,10,c3,0,0,-0.03946,-0.49601,0.05092,-4.2315,10.5168,-24.5698,-0.0828,0.0117,-0.2339,4.68174,20.0,24.0,22.0,20.0,26.0,24.0,23.0,22.0,24.0,25.0,21.0,22.0,24.0,25.0,21.0,21.0,22.0,21.0,22.0,21.0,22.0,21.0,21.0,22.0,22.0,22.0,22.0,21.0,22.0,22.0,21.0,22.0,21.0,21.0,21.0,21.0,22.0,21.0,10.0,post,8,8,2.8314
1787152376.4663,2026-08-19 17:12:56.466,10,c3,0,0,-0.03945,-0.49601,0.05091,-4.3194,10.5576,-24.3813,-0.0823,0.0104,-0.233,4.6903,20.0,24.0,22.0,20.0,26.0,24.0,23.0,22.0,24.0,25.0,21.0,22.0,24.0,25.0,21.0,21.0,22.0,21.0,22.0,21.0,22.0,21.0,21.0,22.0,22.0,22.0,22.0,21.0,22.0,22.0,21.0,22.0,21.0,21.0,21.0,21.0,22.0,21.0,10.0,post,8,8,2.7553
1787152376.5164,2026-08-19 17:12:56.516,10,c3,0,0,-0.03946,-0.49602,0.05093,-4.1014,10.5504,-24.4205,-0.0828,0.0135,-0.2328,4.69659,21.0,23.0,23.0,23.0,27.0,23.0,23.0,21.0,27.0,26.0,23.0,18.0,25.0,25.0,23.0,19.0,23.0,23.0,21.0,21.0,22.0,21.0,21.0,22.0,22.0,22.0,22.0,21.0,22.0,22.0,21.0,22.0,21.0,21.0,21.0,21.0,22.0,21.0,10.0,post,8,8,2.6993
1787152376.5665,2026-08-19 17:12:56.566,10,c3,0,0,-0.03946,-0.49602,0.05092,-4.0617,10.2068,-24.4476,-0.0745,0.0137,-0.2268,4.68702,21.0,23.0,23.0,23.0,27.0,23.0,23.0,21.0,27.0,26.0,23.0,18.0,25.0,25.0,23.0,19.0,23.0,23.0,21.0,21.0,22.0,21.0,21.0,22.0,22.0,22.0,22.0,21.0,22.0,22.0,21.0,22.0,21.0,21.0,21.0,21.0,22.0,21.0,10.0,post,8,8,2.7844
1787152376.6166,2026-08-19 17:12:56.616,10,c3,0,0,-0.03945,-0.496,0.0509,-4.1623,10.296,-24.5909,-0.0738,0.0166,-0.2279,4.6981,18.0,24.0,23.0,19.0,27.0,25.0,23.0,22.0,25.0,25.0,25.0,21.0,25.0,26.0,24.0,20.0,23.0,24.0,21.0,21.0,22.0,21.0,21.0,22.0,22.0,22.0,22.0,21.0,22.0,22.0,21.0,22.0,21.0,21.0,21.0,21.0,22.0,21.0,10.0,post,8,8,2.6858
1787152376.6667,2026-08-19 17:12:56.666,10,c3,0,0,-0.03946,-0.49601,0.05091,-4.2041,10.4239,-24.4976,-0.0777,0.0123,-0.2284,4.69609,21.0,24.0,23.0,21.0,26.0,24.0,25.0,22.0,24.0,24.0,23.0,20.0,24.0,24.0,23.0,18.0,22.0,24.0,19.0,21.0,22.0,21.0,21.0,22.0,22.0,22.0,22.0,21.0,22.0,22.0,21.0,22.0,21.0,21.0,21.0,21.0,22.0,21.0,10.0,post,8,8,2.7037
1787152376.7168,2026-08-19 17:12:56.716,10,c3,0,0,-0.03945,-0.49601,0.0509,-4.3715,10.4981,-24.4491,-0.0795,0.0065,-0.2348,4.68879,21.0,24.0,23.0,21.0,26.0,24.0,25.0,22.0,24.0,24.0,23.0,20.0,24.0,24.0,23.0,18.0,22.0,24.0,19.0,21.0,22.0,21.0,21.0,22.0,22.0,22.0,22.0,21.0,22.0,22.0,21.0,22.0,21.0,21.0,21.0,21.0,22.0,21.0,10.0,post,8,8,2.7687
1787152376.7669,2026-08-19 17:12:56.766,10,c3,0,0,-0.03944,-0.49601,0.05091,-3.9794,10.1107,-24.5491,-0.0725,0.0207,-0.2288,4.68576,21.0,23.0,23.0,20.0,25.0,24.0,23.0,23.0,25.0,25.0,24.0,20.0,24.0,26.0,23.0,20.0,24.0,22.0,22.0,21.0,22.0,21.0,21.0,22.0,22.0,22.0,22.0,21.0,22.0,22.0,21.0,22.0,21.0,21.0,21.0,21.0,22.0,21.0,10.0,post,8,8,2.7956
1787152376.817,2026-08-19 17:12:56.816,10,c3,0,0,-0.03944,-0.49602,0.05091,-4.0893,10.3265,-24.5064,-0.0759,0.0138,-0.2311,4.6908,21.0,23.0,23.0,20.0,25.0,24.0,23.0,23.0,25.0,25.0,24.0,20.0,24.0,26.0,23.0,20.0,24.0,22.0,22.0,21.0,22.0,21.0,21.0,22.0,22.0,22.0,22.0,21.0,22.0,22.0,21.0,22.0,21.0,21.0,21.0,21.0,22.0,21.0,10.0,post,8,8,2.7508
1787152376.8671,2026-08-19 17:12:56.867,10,c3,0,0,-0.03946,-0.49603,0.05092,-4.1556,10.2318,-24.574,-0.0726,0.0153,-0.2329,4.69735,22.0,22.0,22.0,21.0,25.0,24.0,23.0,24.0,25.0,26.0,24.0,22.0,24.0,24.0,23.0,22.0,22.0,23.0,22.0,21.0,22.0,21.0,21.0,22.0,22.0,22.0,22.0,21.0,22.0,22.0,21.0,22.0,21.0,21.0,21.0,21.0,22.0,21.0,10.0,post,8,8,2.6925
1787152376.9173,2026-08-19 17:12:56.917,10,c3,0,0,-0.03942,-0.49601,0.05091,-4.2835,10.66,-24.3846,-0.0851,0.0111,-0.2312,4.68828,21.0,23.0,22.0,22.0,26.0,24.0,24.0,23.0,24.0,25.0,22.0,23.0,24.0,24.0,22.0,21.0,23.0,20.0,21.0,21.0,22.0,21.0,21.0,22.0,22.0,22.0,22.0,21.0,22.0,22.0,21.0,22.0,21.0,21.0,21.0,21.0,22.0,21.0,10.0,post,8,8,2.7732
1787152376.9673,2026-08-19 17:12:56.967,10,c3,0,0,-0.03944,-0.49602,0.05091,-4.3495,10.8347,-24.3034,-0.0908,0.0054,-0.2331,4.69735,21.0,23.0,22.0,22.0,26.0,24.0,24.0,23.0,24.0,25.0,22.0,23.0,24.0,24.0,22.0,21.0,23.0,20.0,21.0,21.0,22.0,21.0,21.0,22.0,22.0,22.0,22.0,21.0,22.0,22.0,21.0,22.0,21.0,21.0,21.0,21.0,22.0,21.0,10.0,post,8,8,2.6925
1787152377.0174,2026-08-19 17:12:57.017,10,c3,0,0,-0.03944,-0.49601,0.05091,-4.2965,10.3893,-24.2615,-0.0809,0.0114,-0.2309,4.68652,21.0,22.0,21.0,21.0,25.0,25.0,22.0,22.0,23.0,25.0,22.0,21.0,24.0,25.0,22.0,21.0,23.0,22.0,22.0,21.0,22.0,21.0,21.0,22.0,22.0,22.0,22.0,21.0,22.0,22.0,21.0,22.0,21.0,21.0,21.0,21.0,22.0,21.0,10.0,post,8,8,2.7889
1787152377.0675,2026-08-19 17:12:57.067,10,c3,0,0,-0.03942,-0.49601,0.05091,-4.1908,10.5539,-24.5219,-0.0861,0.0126,-0.2296,4.69609,21.0,22.0,21.0,21.0,25.0,25.0,22.0,22.0,23.0,25.0,22.0,21.0,24.0,25.0,22.0,21.0,23.0,22.0,22.0,21.0,22.0,21.0,21.0,22.0,22.0,22.0,22.0,21.0,22.0,22.0,21.0,22.0,21.0,21.0,21.0,21.0,22.0,21.0,10.0,post,8,8,2.7037
1787152377.1177,2026-08-19 17:12:57.117,10,c3,0,0,-0.03944,-0.496,0.0509,-3.6658,9.8887,-24.5233,-0.0678,0.0251,-0.2282,4.69055,22.0,22.0,22.0,22.0,24.0,24.0,22.0,23.0,24.0,25.0,22.0,21.0,24.0,25.0,21.0,21.0,23.0,20.0,21.0,21.0,22.0,21.0,21.0,22.0,22.0,22.0,22.0,21.0,22.0,22.0,21.0,22.0,21.0,21.0,21.0,21.0,22.0,21.0,10.0,post,8,8,2.753
1787152377.1678,2026-08-19 17:12:57.167,10,c3,0,0,-0.03946,-0.49601,0.05092,-4.2262,10.3285,-24.5027,-0.0761,0.0138,-0.2329,4.69609,20.0,23.0,21.0,20.0,25.0,24.0,21.0,22.0,23.0,24.0,23.0,22.0,23.0,24.0,22.0,21.0,22.0,20.0,23.0,21.0,22.0,21.0,21.0,22.0,22.0,22.0,22.0,21.0,22.0,22.0,21.0,22.0,21.0,21.0,21.0,21.0,22.0,21.0,10.0,post,8,8,2.7037
1787152377.2179,2026-08-19 17:12:57.217,10,c3,0,0,-0.03944,-0.496,0.05091,-4.2371,10.1506,-24.5748,-0.072,0.0112,-0.2351,4.68677,20.0,23.0,21.0,20.0,25.0,24.0,21.0,22.0,23.0,24.0,23.0,22.0,23.0,24.0,22.0,21.0,22.0,20.0,23.0,21.0,22.0,21.0,21.0,22.0,22.0,22.0,22.0,21.0,22.0,22.0,21.0,22.0,21.0,21.0,21.0,21.0,22.0,21.0,10.0,post,8,8,2.7866
1787152377.268,2026-08-19 17:12:57.267,10,c3,0,0,-0.03943,-0.496,0.05091,-4.0326,10.2573,-24.4086,-0.0745,0.0167,-0.2292,4.69634,20.0,24.0,22.0,21.0,25.0,24.0,22.0,24.0,23.0,25.0,23.0,22.0,24.0,25.0,22.0,22.0,24.0,23.0,23.0,21.0,22.0,21.0,21.0,22.0,22.0,22.0,22.0,21.0,22.0,22.0,21.0,22.0,21.0,21.0,21.0,21.0,22.0,21.0,10.0,post,8,8,2.7015
1787152377.3181,2026-08-19 17:12:57.318,10,c3,0,0,-0.03944,-0.49601,0.05092,-4.3707,10.5618,-24.5844,-0.0794,0.0082,-0.2313,4.68602,20.0,24.0,22.0,21.0,25.0,24.0,22.0,24.0,23.0,25.0,23.0,22.0,24.0,25.0,22.0,22.0,24.0,23.0,23.0,21.0,22.0,21.0,21.0,22.0,22.0,22.0,22.0,21.0,22.0,22.0,21.0,22.0,21.0,21.0,21.0,21.0,22.0,21.0,10.0,post,8,8,2.7933
1787152377.3682,2026-08-19 17:12:57.368,10,c3,0,0,-0.03945,-0.49601,0.05091,-4.3593,10.5681,-24.6237,-0.0814,0.0057,-0.232,4.69483,21.0,24.0,23.0,21.0,25.0,25.0,23.0,23.0,26.0,24.0,22.0,23.0,24.0,25.0,22.0,21.0,23.0,21.0,23.0,21.0,22.0,21.0,21.0,22.0,22.0,22.0,22.0,21.0,22.0,22.0,21.0,22.0,21.0,21.0,21.0,21.0,22.0,21.0,10.0,post,8,8,2.7149
1787152377.4183,2026-08-19 17:12:57.418,10,c3,0,0,-0.03945,-0.49602,0.05092,-4.1521,10.606,-24.4113,-0.0855,0.0158,-0.2233,4.68853,22.0,25.0,23.0,22.0,27.0,24.0,23.0,21.0,24.0,24.0,21.0,20.0,24.0,24.0,22.0,18.0,23.0,21.0,20.0,21.0,22.0,21.0,21.0,22.0,22.0,22.0,22.0,21.0,22.0,22.0,21.0,22.0,21.0,21.0,21.0,21.0,22.0,21.0,10.0,post,8,8,2.7709
1787152377.4685,2026-08-19 17:12:57.468,10,c3,0,0,-0.03944,-0.49601,0.05091,-3.912,10.2364,-24.4833,-0.0777,0.0197,-0.2299,4.68727,22.0,25.0,23.0,22.0,27.0,24.0,23.0,21.0,24.0,24.0,21.0,20.0,24.0,24.0,22.0,18.0,23.0,21.0,20.0,21.0,22.0,21.0,21.0,22.0,22.0,22.0,22.0,21.0,22.0,22.0,21.0,22.0,21.0,21.0,21.0,21.0,22.0,21.0,10.0,post,8,8,2.7821
1787152377.5186,2026-08-19 17:12:57.518,10,c3,0,0,-0.03945,-0.49601,0.05091,-4.2549,10.2356,-24.284,-0.0738,0.0137,-0.2419,4.69558,19.0,23.0,21.0,19.0,25.0,24.0,21.0,24.0,23.0,25.0,23.0,24.0,23.0,25.0,24.0,22.0,23.0,23.0,24.0,21.0,22.0,21.0,21.0,22.0,22.0,22.0,22.0,21.0,22.0,22.0,21.0,22.0,21.0,21.0,21.0,21.0,22.0,21.0,10.0,post,8,8,2.7082
1787152377.5687,2026-08-19 17:12:57.568,10,c3,0,0,-0.03944,-0.49601,0.05092,-4.3385,10.2259,-24.3147,-0.0758,0.0098,-0.231,4.68224,19.0,23.0,21.0,19.0,25.0,24.0,21.0,24.0,23.0,25.0,23.0,24.0,23.0,25.0,24.0,22.0,23.0,23.0,24.0,21.0,22.0,21.0,21.0,22.0,22.0,22.0,22.0,21.0,22.0,22.0,21.0,22.0,21.0,21.0,21.0,21.0,22.0,21.0,10.0,post,8,8,2.8269
1787152377.6188,2026-08-19 17:12:57.618,10,c3,0,0,-0.03945,-0.49601,0.05091,-4.6818,10.4652,-24.4818,-0.0765,-0.0019,-0.2394,4.69508,23.0,21.0,22.0,23.0,24.0,25.0,22.0,23.0,24.0,25.0,22.0,22.0,24.0,25.0,21.0,20.0,24.0,22.0,22.0,21.0,22.0,21.0,21.0,22.0,22.0,22.0,22.0,21.0,22.0,22.0,21.0,22.0,21.0,21.0,21.0,21.0,22.0,21.0,10.0,post,8,8,2.7127
1787152377.6689,2026-08-19 17:12:57.668,10,c3,0,0,-0.03944,-0.49602,0.05092,-4.3469,10.0568,-24.408,-0.0713,0.0076,-0.2378,4.69382,23.0,21.0,22.0,23.0,24.0,25.0,22.0,23.0,24.0,25.0,22.0,22.0,24.0,25.0,21.0,20.0,24.0,22.0,22.0,21.0,22.0,21.0,21.0,22.0,22.0,22.0,22.0,21.0,22.0,22.0,21.0,22.0,21.0,21.0,21.0,21.0,22.0,21.0,10.0,post,8,8,2.7239
1787152377.7191,2026-08-19 17:12:57.719,10,c3,0,0,-0.03943,-0.496,0.05091,-4.4765,10.495,-24.4196,-0.0803,0.0041,-0.2375,4.68727,21.0,23.0,23.0,22.0,26.0,26.0,22.0,23.0,25.0,24.0,21.0,22.0,25.0,25.0,20.0,21.0,23.0,21.0,23.0,21.0,22.0,21.0,21.0,22.0,22.0,22.0,22.0,21.0,22.0,22.0,21.0,22.0,21.0,21.0,21.0,21.0,22.0,21.0,10.0,post,8,8,2.7821
1787152377.7693,2026-08-19 17:12:57.769,10,c3,0,0,-0.03945,-0.49601,0.05092,-4.0798,10.1729,-24.3936,-0.0726,0.0139,-0.2338,4.69785,21.0,24.0,22.0,20.0,26.0,25.0,20.0,21.0,24.0,26.0,23.0,20.0,23.0,26.0,22.0,19.0,25.0,22.0,20.0,21.0,22.0,21.0,21.0,22.0,22.0,22.0,22.0,21.0,22.0,22.0,21.0,22.0,21.0,21.0,21.0,21.0,22.0,21.0,10.0,locate,9,9,2.6881
1787152377.8194,2026-08-19 17:12:57.819,10,c3,0,0,-0.03944,-0.49601,0.0509,-4.2485,10.4552,-24.5042,-0.0794,0.0094,-0.2318,4.6835,21.0,24.0,22.0,20.0,26.0,25.0,20.0,21.0,24.0,26.0,23.0,20.0,23.0,26.0,22.0,19.0,25.0,22.0,20.0,21.0,22.0,21.0,21.0,22.0,22.0,22.0,22.0,21.0,22.0,22.0,21.0,22.0,21.0,21.0,21.0,21.0,22.0,21.0,10.0,locate,9,9,2.8157
1787152377.8696,2026-08-19 17:12:57.869,10,c3,0,0,-0.03944,-0.49601,0.0509,-4.5682,10.7112,-24.1112,-0.0876,0.0032,-0.2431,4.70011,20.0,23.0,24.0,19.0,25.0,25.0,23.0,20.0,24.0,24.0,21.0,19.0,24.0,23.0,20.0,18.0,21.0,21.0,21.0,21.0,22.0,21.0,21.0,22.0,22.0,22.0,22.0,21.0,22.0,22.0,21.0,22.0,21.0,21.0,21.0,21.0,22.0,21.0,10.0,locate,9,9,2.6679
1787152377.9197,2026-08-19 17:12:57.919,10,c3,0,0,-0.03942,-0.49601,0.0509,-4.2737,10.2863,-24.1969,-0.0786,0.0108,-0.2307,4.68979,20.0,23.0,24.0,19.0,25.0,25.0,23.0,20.0,24.0,24.0,21.0,19.0,24.0,23.0,20.0,18.0,21.0,21.0,21.0,21.0,22.0,21.0,21.0,22.0,22.0,22.0,22.0,21.0,22.0,22.0,21.0,22.0,21.0,21.0,21.0,21.0,22.0,21.0,10.0,locate,9,9,2.7597
1787152377.9699,2026-08-19 17:12:57.969,10,c3,0,0,-0.03944,-0.496,0.05091,-4.2162,10.4791,-24.2691,-0.0791,0.0098,-0.2323,4.69609,18.0,22.0,21.0,18.0,24.0,22.0,22.0,22.0,26.0,24.0,21.0,22.0,25.0,24.0,22.0,19.0,24.0,21.0,22.0,21.0,22.0,21.0,21.0,22.0,22.0,22.0,22.0,21.0,22.0,22.0,21.0,22.0,21.0,21.0,21.0,21.0,22.0,21.0,10.0,locate,9,9,2.7037
1787152378.02,2026-08-19 17:12:58.019,10,c3,0,0,-0.03945,-0.49601,0.05092,-4.4385,10.6293,-24.1887,-0.0828,0.008,-0.2304,4.6908,21.0,23.0,22.0,21.0,25.0,24.0,22.0,22.0,25.0,25.0,22.0,21.0,24.0,26.0,23.0,19.0,24.0,22.0,22.0,21.0,22.0,21.0,21.0,22.0,22.0,22.0,22.0,21.0,22.0,22.0,21.0,22.0,21.0,21.0,21.0,21.0,22.0,21.0,10.0,locate,9,9,2.7508
1787152378.0701,2026-08-19 17:12:58.070,10,c3,0,0,-0.03944,-0.49601,0.05091,-4.5753,10.7213,-24.2364,-0.0863,0.0014,-0.2319,4.68929,21.0,23.0,22.0,21.0,25.0,24.0,22.0,22.0,25.0,25.0,22.0,21.0,24.0,26.0,23.0,19.0,24.0,22.0,22.0,21.0,22.0,21.0,21.0,22.0,22.0,22.0,22.0,21.0,22.0,22.0,21.0,22.0,21.0,21.0,21.0,21.0,22.0,21.0,10.0,locate,9,9,2.7642
1787152378.1202,2026-08-19 17:12:58.120,10,c3,0,0,-0.03945,-0.49601,0.05092,-4.3321,10.0631,-24.2634,-0.0741,0.0082,-0.2369,4.69181,20.0,24.0,24.0,20.0,24.0,25.0,22.0,21.0,25.0,25.0,23.0,20.0,24.0,25.0,21.0,19.0,24.0,22.0,20.0,21.0,22.0,21.0,21.0,22.0,22.0,22.0,22.0,21.0,22.0,22.0,21.0,22.0,21.0,21.0,21.0,21.0,22.0,21.0,10.0,locate,9,9,2.7418
1787152378.1703,2026-08-19 17:12:58.170,10,c3,0,0,-0.03945,-0.49602,0.05092,-4.7472,10.3652,-24.3728,-0.079,0.0005,-0.2341,4.69281,20.0,24.0,24.0,20.0,24.0,25.0,22.0,21.0,25.0,25.0,23.0,20.0,24.0,25.0,21.0,19.0,24.0,22.0,20.0,21.0,22.0,21.0,21.0,22.0,22.0,22.0,22.0,21.0,22.0,22.0,21.0,22.0,21.0,21.0,21.0,21.0,22.0,21.0,10.0,locate,9,9,2.7329
1787152378.2204,2026-08-19 17:12:58.220,10,c3,0,0,-0.03945,-0.49601,0.0509,-4.6711,10.1693,-24.2288,-0.0742,0.0013,-0.2405,4.6981,19.0,20.0,22.0,19.0,25.0,24.0,22.0,22.0,23.0,25.0,23.0,22.0,24.0,24.0,22.0,21.0,23.0,21.0,20.0,21.0,22.0,21.0,21.0,22.0,22.0,22.0,22.0,21.0,22.0,22.0,21.0,22.0,21.0,21.0,21.0,21.0,22.0,21.0,10.0,locate,9,9,2.6858
1787152378.2705,2026-08-19 17:12:58.270,10,c3,0,0,-0.03944,-0.496,0.0509,-4.2577,10.3084,-24.3651,-0.0782,0.0114,-0.2361,4.68828,22.0,21.0,21.0,21.0,25.0,23.0,21.0,22.0,25.0,26.0,23.0,20.0,24.0,25.0,22.0,20.0,25.0,22.0,20.0,21.0,22.0,21.0,21.0,22.0,22.0,22.0,22.0,21.0,22.0,22.0,21.0,22.0,21.0,21.0,21.0,21.0,22.0,21.0,10.0,locate,9,9,2.7732
1787152378.3206,2026-08-19 17:12:58.320,10,c3,0,0,-0.03944,-0.496,0.05091,-4.2618,10.2581,-24.4975,-0.0742,0.0102,-0.2313,4.68602,22.0,21.0,21.0,21.0,25.0,23.0,21.0,22.0,25.0,26.0,23.0,20.0,24.0,25.0,22.0,20.0,25.0,22.0,20.0,21.0,22.0,21.0,21.0,22.0,22.0,22.0,22.0,21.0,22.0,22.0,21.0,22.0,21.0,21.0,21.0,21.0,22.0,21.0,10.0,locate,9,9,2.7933
1787152378.3707,2026-08-19 17:12:58.370,10,c3,0,0,-0.03944,-0.496,0.0509,-4.6152,10.6863,-24.3248,-0.0831,0.0033,-0.2337,4.69357,20.0,24.0,23.0,20.0,26.0,25.0,22.0,23.0,25.0,26.0,24.0,22.0,24.0,25.0,22.0,21.0,24.0,23.0,23.0,21.0,22.0,21.0,21.0,22.0,22.0,22.0,22.0,21.0,22.0,22.0,21.0,22.0,21.0,21.0,21.0,21.0,22.0,21.0,10.0,locate,9,9,2.7261
1787152378.4208,2026-08-19 17:12:58.420,10,c3,0,0,-0.03943,-0.49602,0.05092,-3.9939,10.0314,-24.6548,-0.0694,0.0204,-0.2278,4.69306,20.0,24.0,23.0,20.0,26.0,25.0,22.0,23.0,25.0,26.0,24.0,22.0,24.0,25.0,22.0,21.0,24.0,23.0,23.0,21.0,22.0,21.0,21.0,22.0,22.0,22.0,22.0,21.0,22.0,22.0,21.0,22.0,21.0,21.0,21.0,21.0,22.0,21.0,10.0,locate,9,9,2.7306
1787152378.4708,2026-08-19 17:12:58.470,10,c3,0,0,-0.03944,-0.49601,0.05092,-4.1238,10.2023,-24.3318,-0.0724,0.0159,-0.2328,4.69306,21.0,23.0,24.0,21.0,26.0,25.0,23.0,23.0,26.0,26.0,23.0,22.0,24.0,24.0,23.0,21.0,23.0,23.0,22.0,21.0,22.0,21.0,21.0,22.0,22.0,22.0,22.0,21.0,22.0,22.0,21.0,22.0,21.0,21.0,21.0,21.0,22.0,21.0,10.0,locate,9,9,2.7306
1787152378.521,2026-08-19 17:12:58.520,10,c3,0,0,-0.03945,-0.49601,0.05092,-4.5022,10.7367,-24.5858,-0.0846,0.002,-0.2376,4.69181,20.0,23.0,23.0,21.0,25.0,25.0,23.0,22.0,26.0,26.0,21.0,22.0,26.0,26.0,22.0,19.0,24.0,22.0,22.0,21.0,22.0,21.0,21.0,22.0,22.0,22.0,22.0,21.0,22.0,22.0,21.0,22.0,21.0,21.0,21.0,21.0,22.0,21.0,10.0,locate,9,9,2.7418
1787152378.5711,2026-08-19 17:12:58.571,10,c3,0,0,-0.03944,-0.49601,0.05091,-3.849,10.1763,-24.377,-0.0738,0.0194,-0.2258,4.69004,20.0,23.0,23.0,21.0,25.0,25.0,23.0,22.0,26.0,26.0,21.0,22.0,26.0,26.0,22.0,19.0,24.0,22.0,22.0,21.0,22.0,21.0,21.0,22.0,22.0,22.0,22.0,21.0,22.0,22.0,21.0,22.0,21.0,21.0,21.0,21.0,22.0,21.0,10.0,locate,9,9,2.7575
1787152378.6212,2026-08-19 17:12:58.621,10,c3,0,0,-0.03944,-0.49601,0.05091,-4.5913,10.6626,-24.3259,-0.0849,0.0034,-0.235,4.69458,22.0,26.0,23.0,21.0,27.0,24.0,22.0,22.0,27.0,26.0,24.0,21.0,27.0,26.0,22.0,20.0,22.0,22.0,20.0,21.0,22.0,21.0,21.0,22.0,22.0,22.0,22.0,21.0,22.0,22.0,21.0,22.0,21.0,21.0,21.0,21.0,22.0,21.0,10.0,locate,9,9,2.7172
1787152378.6714,2026-08-19 17:12:58.671,10,c3,0,0,-0.03944,-0.49601,0.05092,-4.5223,10.4233,-24.3677,-0.0776,0.0043,-0.2343,4.6976,22.0,26.0,23.0,21.0,27.0,24.0,22.0,22.0,27.0,26.0,24.0,21.0,27.0,26.0,22.0,20.0,22.0,22.0,20.0,21.0,22.0,21.0,21.0,22.0,22.0,22.0,22.0,21.0,22.0,22.0,21.0,22.0,21.0,21.0,21.0,21.0,22.0,21.0,10.0,locate,9,9,2.6903
1787152378.7215,2026-08-19 17:12:58.721,10,c3,0,0,-0.03943,-0.49601,0.05091,-4.1406,10.2601,-24.4295,-0.075,0.0133,-0.2287,4.69206,20.0,23.0,23.0,20.0,27.0,25.0,23.0,20.0,25.0,25.0,22.0,21.0,24.0,26.0,21.0,19.0,23.0,20.0,21.0,21.0,22.0,21.0,21.0,22.0,22.0,22.0,22.0,21.0,22.0,22.0,21.0,22.0,21.0,21.0,21.0,21.0,22.0,21.0,10.0,locate,9,9,2.7396
1787152378.7715,2026-08-19 17:12:58.771,10,c3,0,0,-0.03945,-0.49601,0.05091,-4.7367,10.4723,-24.5485,-0.0788,-0.002,-0.2381,4.69659,20.0,24.0,24.0,20.0,25.0,24.0,21.0,20.0,26.0,25.0,24.0,20.0,25.0,25.0,23.0,18.0,24.0,24.0,19.0,21.0,22.0,21.0,21.0,22.0,22.0,22.0,22.0,21.0,22.0,22.0,21.0,22.0,21.0,21.0,21.0,21.0,22.0,21.0,10.0,locate,9,9,2.6993
1787152378.8216,2026-08-19 17:12:58.821,10,c3,0,0,-0.03945,-0.49603,0.05092,-4.205,10.0892,-24.418,-0.0717,0.0174,-0.2324,4.69055,20.0,24.0,24.0,20.0,25.0,24.0,21.0,20.0,26.0,25.0,24.0,20.0,25.0,25.0,23.0,18.0,24.0,24.0,19.0,21.0,22.0,21.0,21.0,22.0,22.0,22.0,22.0,21.0,22.0,22.0,21.0,22.0,21.0,21.0,21.0,21.0,22.0,21.0,10.0,locate,9,9,2.753
1787152378.8718,2026-08-19 17:12:58.871,10,c3,0,0,-0.03942,-0.49601,0.05091,-4.2988,9.8546,-24.5217,-0.0694,0.0114,-0.2367,4.68803,16.0,24.0,22.0,19.0,26.0,25.0,23.0,21.0,23.0,25.0,23.0,21.0,24.0,23.0,22.0,19.0,23.0,21.0,21.0,21.0,22.0,21.0,21.0,22.0,22.0,22.0,22.0,21.0,22.0,22.0,21.0,22.0,21.0,21.0,21.0,21.0,22.0,21.0,10.0,locate,9,9,2.7754
1787152378.9219,2026-08-19 17:12:58.921,10,c3,0,0,-0.03946,-0.49602,0.05091,-4.6981,10.482,-24.5713,-0.0771,-0.0026,-0.234,4.69382,16.0,24.0,22.0,19.0,26.0,25.0,23.0,21.0,23.0,25.0,23.0,21.0,24.0,23.0,22.0,19.0,23.0,21.0,21.0,21.0,22.0,21.0,21.0,22.0,22.0,22.0,22.0,21.0,22.0,22.0,21.0,22.0,21.0,21.0,21.0,21.0,22.0,21.0,10.0,locate,9,9,2.7239
1787152378.972,2026-08-19 17:12:58.971,10,c3,0,0,-0.03945,-0.49601,0.05091,-4.5021,10.6519,-24.323,-0.0854,0.0073,-0.2373,4.68702,21.0,23.0,22.0,21.0,23.0,24.0,23.0,23.0,23.0,25.0,22.0,23.0,23.0,25.0,22.0,21.0,24.0,22.0,21.0,21.0,22.0,21.0,21.0,22.0,22.0,22.0,22.0,21.0,22.0,22.0,21.0,22.0,21.0,21.0,21.0,21.0,22.0,21.0,10.0,locate,9,9,2.7844
1787152379.0221,2026-08-19 17:12:59.022,10,c3,0,0,-0.03946,-0.49601,0.05091,-4.5091,10.6995,-24.288,-0.0861,0.0049,-0.2301,4.69357,21.0,23.0,22.0,21.0,23.0,24.0,23.0,23.0,23.0,25.0,22.0,23.0,23.0,25.0,22.0,21.0,24.0,22.0,21.0,21.0,22.0,21.0,21.0,22.0,22.0,22.0,22.0,21.0,22.0,22.0,21.0,22.0,21.0,21.0,21.0,21.0,22.0,21.0,10.0,locate,9,9,2.7261
1787152379.0722,2026-08-19 17:12:59.072,10,c3,0,0,-0.03945,-0.49601,0.0509,-4.7647,10.7091,-24.3468,-0.0842,-0.0013,-0.2355,4.68954,21.0,22.0,23.0,22.0,25.0,25.0,21.0,23.0,23.0,26.0,22.0,22.0,24.0,26.0,22.0,22.0,25.0,22.0,24.0,21.0,22.0,21.0,21.0,22.0,22.0,22.0,22.0,21.0,22.0,22.0,21.0,22.0,21.0,21.0,21.0,21.0,22.0,21.0,10.0,locate,9,9,2.762
1787152379.1223,2026-08-19 17:12:59.122,10,c3,0,0,-0.03943,-0.49602,0.05091,-4.5155,10.4229,-24.5049,-0.0813,0.0038,-0.2351,4.69508,22.0,22.0,24.0,23.0,24.0,26.0,22.0,24.0,23.0,25.0,21.0,23.0,25.0,25.0,21.0,21.0,22.0,21.0,22.0,21.0,22.0,21.0,21.0,22.0,22.0,22.0,22.0,21.0,22.0,22.0,21.0,22.0,21.0,21.0,21.0,21.0,22.0,21.0,10.0,locate,9,9,2.7127
1787152379.1725,2026-08-19 17:12:59.172,10,c3,0,0,-0.03944,-0.49601,0.05091,-4.3295,9.9255,-24.4837,-0.0685,0.0065,-0.2336,4.69332,22.0,22.0,24.0,23.0,24.0,26.0,22.0,24.0,23.0,25.0,21.0,23.0,25.0,25.0,21.0,21.0,22.0,21.0,22.0,21.0,22.0,21.0,21.0,22.0,22.0,22.0,22.0,21.0,22.0,22.0,21.0,22.0,21.0,21.0,21.0,21.0,22.0,21.0,10.0,locate,9,9,2.7284
1787152379.2226,2026-08-19 17:12:59.222,10,c3,0,0,-0.03945,-0.49602,0.05092,-4.1506,10.0886,-24.721,-0.071,0.0105,-0.2358,4.68551,21.0,23.0,23.0,21.0,25.0,24.0,21.0,22.0,26.0,26.0,22.0,21.0,25.0,25.0,21.0,19.0,24.0,21.0,22.0,21.0,22.0,21.0,21.0,22.0,22.0,22.0,22.0,21.0,22.0,22.0,21.0,22.0,21.0,21.0,21.0,21.0,22.0,21.0,10.0,locate,9,9,2.7978
1787152379.2727,2026-08-19 17:12:59.272,10,c3,0,0,-0.03944,-0.49601,0.05091,-4.3658,10.3511,-24.3427,-0.078,0.011,-0.2323,4.69181,21.0,23.0,23.0,21.0,25.0,24.0,21.0,22.0,26.0,26.0,22.0,21.0,25.0,25.0,21.0,19.0,24.0,21.0,22.0,21.0,22.0,21.0,21.0,22.0,22.0,22.0,22.0,21.0,22.0,22.0,21.0,22.0,21.0,21.0,21.0,21.0,22.0,21.0,10.0,locate,9,9,2.7418
1787152379.3228,2026-08-19 17:12:59.322,10,c3,0,0,-0.03944,-0.496,0.0509,-4.4841,10.2895,-24.5839,-0.0779,0.007,-0.2303,4.69357,22.0,22.0,23.0,21.0,25.0,25.0,23.0,23.0,23.0,26.0,22.0,22.0,23.0,26.0,23.0,20.0,25.0,22.0,20.0,21.0,22.0,21.0,21.0,22.0,22.0,22.0,22.0,21.0,22.0,22.0,21.0,22.0,21.0,21.0,21.0,21.0,22.0,21.0,10.0,locate,9,9,2.7261
1787152379.3729,2026-08-19 17:12:59.372,10,c3,0,0,-0.03945,-0.49601,0.05092,-4.4406,10.8061,-24.3857,-0.0877,0.0087,-0.2315,4.68576,20.0,22.0,24.0,21.0,24.0,25.0,23.0,22.0,26.0,25.0,22.0,21.0,25.0,24.0,22.0,20.0,23.0,21.0,22.0,21.0,22.0,21.0,21.0,22.0,22.0,22.0,22.0,21.0,22.0,22.0,21.0,22.0,21.0,21.0,21.0,21.0,22.0,21.0,10.0,locate,9,9,2.7956
1787152379.4231,2026-08-19 17:12:59.423,10,c3,0,0,-0.03944,-0.49601,0.05091,-4.3913,10.2993,-24.4323,-0.0807,0.0101,-0.2348,4.68602,20.0,22.0,24.0,21.0,24.0,25.0,23.0,22.0,26.0,25.0,22.0,21.0,25.0,24.0,22.0,20.0,23.0,21.0,22.0,21.0,22.0,21.0,21.0,22.0,22.0,22.0,22.0,21.0,22.0,22.0,21.0,22.0,21.0,21.0,21.0,21.0,22.0,21.0,10.0,locate,9,9,2.7933
1787152379.4732,2026-08-19 17:12:59.473,10,c3,0,0,-0.03945,-0.49601,0.05092,-4.0452,10.2722,-24.3814,-0.0815,0.0154,-0.2359,4.69558,21.0,23.0,23.0,22.0,26.0,25.0,22.0,22.0,23.0,26.0,22.0,22.0,24.0,26.0,21.0,19.0,24.0,21.0,19.0,21.0,22.0,21.0,21.0,22.0,22.0,22.0,22.0,21.0,22.0,22.0,21.0,22.0,21.0,21.0,21.0,21.0,22.0,21.0,10.0,locate,9,9,2.7082
1787152379.5233,2026-08-19 17:12:59.523,10,c3,0,0,-0.03945,-0.49601,0.05091,-4.4656,10.2529,-24.2334,-0.0791,0.0067,-0.2314,4.68929,21.0,23.0,23.0,22.0,26.0,25.0,22.0,22.0,23.0,26.0,22.0,22.0,24.0,26.0,21.0,19.0,24.0,21.0,19.0,21.0,22.0,21.0,21.0,22.0,22.0,22.0,22.0,21.0,22.0,22.0,21.0,22.0,21.0,21.0,21.0,21.0,22.0,21.0,10.0,locate,9,9,2.7642
1787152379.5734,2026-08-19 17:12:59.573,10,c3,0,0,-0.03943,-0.496,0.0509,-4.3168,10.3038,-24.1379,-0.079,0.0113,-0.2334,4.6976,21.0,22.0,24.0,21.0,24.0,25.0,22.0,22.0,25.0,26.0,23.0,21.0,24.0,25.0,23.0,20.0,25.0,23.0,22.0,21.0,22.0,21.0,21.0,22.0,22.0,22.0,22.0,21.0,22.0,22.0,21.0,22.0,21.0,21.0,21.0,21.0,22.0,21.0,10.0,locate,9,9,2.6903
1787152379.6234,2026-08-19 17:12:59.623,10,c3,0,0,-0.03943,-0.49602,0.05092,-4.323,10.3548,-24.2628,-0.0772,0.0099,-0.233,4.69105,21.0,23.0,23.0,21.0,26.0,24.0,22.0,22.0,24.0,24.0,20.0,21.0,24.0,24.0,20.0,21.0,22.0,20.0,20.0,21.0,22.0,21.0,21.0,22.0,22.0,22.0,22.0,21.0,22.0,22.0,21.0,22.0,21.0,21.0,21.0,21.0,22.0,21.0,10.0,locate,9,9,2.7485
1787152379.6736,2026-08-19 17:12:59.673,10,c3,0,0,-0.03943,-0.49601,0.05092,-4.4107,10.0562,-24.2364,-0.0703,0.0052,-0.2354,4.69911,21.0,23.0,23.0,21.0,26.0,24.0,22.0,22.0,24.0,24.0,20.0,21.0,24.0,24.0,20.0,21.0,22.0,20.0,20.0,21.0,22.0,21.0,21.0,22.0,22.0,22.0,22.0,21.0,22.0,22.0,21.0,22.0,21.0,21.0,21.0,21.0,22.0,21.0,10.0,locate,9,9,2.6769
1787152379.7237,2026-08-19 17:12:59.723,10,c3,0,0,-0.03943,-0.49601,0.05092,-3.9879,10.482,-24.3009,-0.0799,0.0182,-0.2313,4.68979,21.0,22.0,22.0,19.0,26.0,22.0,21.0,21.0,22.0,25.0,23.0,20.0,23.0,25.0,22.0,19.0,24.0,23.0,20.0,21.0,22.0,21.0,21.0,22.0,22.0,22.0,22.0,21.0,22.0,22.0,21.0,22.0,21.0,21.0,21.0,21.0,22.0,21.0,10.0,locate,9,9,2.7597
1787152379.7738,2026-08-19 17:12:59.773,10,c3,1,0,-0.03944,-0.49602,0.05092,-4.2246,10.2894,-24.3275,-0.0762,0.0128,-0.2291,4.69256,21.0,22.0,22.0,19.0,26.0,22.0,21.0,21.0,22.0,25.0,23.0,20.0,23.0,25.0,22.0,19.0,24.0,23.0,20.0,21.0,22.0,21.0,21.0,22.0,22.0,22.0,22.0,21.0,22.0,22.0,21.0,22.0,21.0,21.0,21.0,21.0,22.0,21.0,10.0,press,9,9,2.7351
1787152379.8239,2026-08-19 17:12:59.823,10,c3,1,0,-0.03944,-0.49601,0.05091,-4.3823,10.4223,-24.3619,-0.0749,0.007,-0.2393,4.69558,19.0,21.0,22.0,21.0,23.0,24.0,22.0,24.0,24.0,26.0,23.0,22.0,24.0,26.0,23.0,21.0,23.0,21.0,22.0,21.0,22.0,21.0,21.0,22.0,22.0,22.0,22.0,21.0,22.0,22.0,21.0,22.0,21.0,21.0,21.0,21.0,22.0,21.0,10.0,press,9,9,2.7082
1787152379.8739,2026-08-19 17:12:59.873,10,c3,1,0,-0.03943,-0.49603,0.05087,-4.5822,10.5699,-24.3127,-0.0821,0.0031,-0.2347,4.69004,21.0,23.0,24.0,21.0,25.0,25.0,22.0,23.0,24.0,24.0,25.0,23.0,24.0,24.0,23.0,20.0,22.0,23.0,22.0,21.0,22.0,21.0,21.0,22.0,22.0,22.0,22.0,21.0,22.0,22.0,21.0,22.0,21.0,21.0,21.0,21.0,22.0,21.0,10.0,press,9,9,2.7575
1787152379.924,2026-08-19 17:12:59.924,10,c3,1,0,-0.03943,-0.49603,0.05077,-4.6985,10.4968,-24.4381,-0.0828,0.0016,-0.2358,4.68954,21.0,23.0,24.0,21.0,25.0,25.0,22.0,23.0,24.0,24.0,25.0,23.0,24.0,24.0,23.0,20.0,22.0,23.0,22.0,21.0,22.0,21.0,21.0,22.0,22.0,22.0,22.0,21.0,22.0,22.0,21.0,22.0,21.0,21.0,21.0,21.0,22.0,21.0,10.0,press,9,9,2.762
1787152379.9742,2026-08-19 17:12:59.974,10,c3,1,0,-0.03945,-0.49603,0.05062,-4.6445,10.4774,-24.2264,-0.0838,0.0016,-0.2398,4.68904,21.0,22.0,22.0,21.0,25.0,24.0,23.0,21.0,23.0,25.0,24.0,20.0,24.0,25.0,23.0,20.0,24.0,24.0,20.0,21.0,22.0,21.0,21.0,22.0,22.0,22.0,22.0,21.0,22.0,22.0,21.0,22.0,21.0,21.0,21.0,21.0,22.0,21.0,10.0,press,9,9,2.7665
1787152380.0242,2026-08-19 17:13:00.024,10,c3,1,0,-0.03943,-0.49602,0.05042,-4.6188,10.639,-24.3298,-0.0846,-0.001,-0.2283,4.69181,21.0,22.0,22.0,21.0,25.0,24.0,23.0,21.0,23.0,25.0,24.0,20.0,24.0,25.0,23.0,20.0,24.0,24.0,20.0,21.0,22.0,21.0,21.0,22.0,22.0,22.0,22.0,21.0,22.0,22.0,21.0,22.0,21.0,21.0,21.0,21.0,22.0,21.0,10.0,press,9,9,2.7418
1787152380.0743,2026-08-19 17:13:00.074,10,c3,1,0,-0.03946,-0.49605,0.05024,-4.4557,10.6244,-24.1913,-0.0815,0.0038,-0.2308,4.69407,19.0,24.0,23.0,19.0,25.0,25.0,23.0,21.0,25.0,26.0,21.0,21.0,23.0,26.0,21.0,19.0,24.0,21.0,22.0,21.0,22.0,21.0,21.0,22.0,22.0,22.0,22.0,21.0,22.0,22.0,21.0,22.0,21.0,21.0,21.0,21.0,22.0,21.0,10.0,press,9,9,2.7217
1787152380.1245,2026-08-19 17:13:00.124,10,c3,1,0,-0.03945,-0.49604,0.04998,-4.7417,10.8558,-24.3345,-0.0936,-0.0023,-0.2365,4.68954,19.0,24.0,23.0,19.0,25.0,25.0,23.0,21.0,25.0,26.0,21.0,21.0,23.0,26.0,21.0,19.0,24.0,21.0,22.0,21.0,22.0,21.0,21.0,22.0,22.0,22.0,22.0,21.0,22.0,22.0,21.0,22.0,21.0,21.0,21.0,21.0,22.0,21.0,10.0,press,9,9,2.762
1787152380.1746,2026-08-19 17:13:00.174,10,c3,1,0,-0.03947,-0.49605,0.04975,-4.8237,10.2353,-24.1229,-0.0758,-0.0024,-0.2392,4.69659,19.0,22.0,23.0,19.0,24.0,25.0,22.0,19.0,24.0,26.0,23.0,19.0,24.0,25.0,22.0,17.0,24.0,23.0,19.0,21.0,22.0,21.0,21.0,22.0,22.0,22.0,22.0,21.0,22.0,22.0,21.0,22.0,21.0,21.0,21.0,21.0,22.0,21.0,10.0,press,9,9,2.6993
1787152380.2247,2026-08-19 17:13:00.224,10,c3,1,0,-0.03944,-0.496,0.04941,-4.3815,9.8494,-24.0587,-0.067,0.0057,-0.2312,4.68979,19.0,21.0,24.0,18.0,24.0,25.0,23.0,23.0,23.0,26.0,23.0,22.0,23.0,24.0,23.0,20.0,23.0,23.0,21.0,21.0,22.0,21.0,21.0,22.0,22.0,22.0,22.0,21.0,22.0,22.0,21.0,22.0,21.0,21.0,21.0,21.0,22.0,21.0,10.0,press,9,9,2.7597
1787152380.2748,2026-08-19 17:13:00.274,10,c3,1,0,-0.03943,-0.496,0.04907,-4.2645,10.1951,-24.3812,-0.0729,0.0096,-0.2282,4.69684,19.0,21.0,24.0,18.0,24.0,25.0,23.0,23.0,23.0,26.0,23.0,22.0,23.0,24.0,23.0,20.0,23.0,23.0,21.0,21.0,22.0,21.0,21.0,22.0,22.0,22.0,22.0,21.0,22.0,22.0,21.0,22.0,21.0,21.0,21.0,21.0,22.0,21.0,10.0,press,9,9,2.697
1787152380.3249,2026-08-19 17:13:00.324,10,c3,1,0,-0.03943,-0.49601,0.04875,-4.3825,10.0885,-24.0643,-0.0712,0.0093,-0.2281,4.69357,21.0,22.0,24.0,21.0,25.0,25.0,23.0,21.0,25.0,25.0,21.0,21.0,24.0,23.0,21.0,20.0,24.0,21.0,22.0,21.0,22.0,21.0,21.0,22.0,22.0,22.0,22.0,21.0,22.0,22.0,21.0,22.0,21.0,21.0,21.0,21.0,22.0,21.0,10.0,press,9,9,2.7261
1787152380.375,2026-08-19 17:13:00.375,10,c3,1,0,-0.03946,-0.49602,0.04843,-4.0307,10.6567,-24.2836,-0.0861,0.0145,-0.2267,4.69432,21.0,22.0,24.0,21.0,25.0,25.0,23.0,21.0,25.0,25.0,21.0,21.0,24.0,23.0,21.0,20.0,24.0,21.0,22.0,21.0,22.0,21.0,21.0,22.0,22.0,22.0,22.0,21.0,22.0,22.0,21.0,22.0,21.0,21.0,21.0,21.0,22.0,21.0,10.0,press,9,9,2.7194
1787152380.4251,2026-08-19 17:13:00.425,10,c3,1,0,-0.03945,-0.49603,0.0481,-4.292,10.4518,-24.5423,-0.0821,0.0142,-0.2251,4.69332,20.0,22.0,23.0,21.0,25.0,25.0,21.0,23.0,25.0,26.0,24.0,22.0,24.0,25.0,23.0,20.0,25.0,23.0,23.0,21.0,22.0,21.0,21.0,22.0,22.0,22.0,22.0,21.0,22.0,22.0,21.0,22.0,21.0,21.0,21.0,21.0,22.0,21.0,10.0,press,9,9,2.7284
1787152380.4752,2026-08-19 17:13:00.475,10,c3,1,0,-0.03944,-0.49603,0.04778,-4.5185,10.3191,-24.5265,-0.0748,0.0044,-0.2269,4.69684,20.0,24.0,23.0,21.0,26.0,26.0,23.0,23.0,26.0,26.0,23.0,21.0,24.0,24.0,22.0,19.0,23.0,22.0,22.0,21.0,22.0,21.0,21.0,22.0,22.0,22.0,22.0,21.0,22.0,22.0,21.0,22.0,21.0,21.0,21.0,21.0,22.0,21.0,10.0,press,9,9,2.697
1787152380.5253,2026-08-19 17:13:00.525,10,c3,1,0,-0.03945,-0.49602,0.04745,-4.0383,10.2322,-24.3243,-0.0737,0.0167,-0.2325,4.68425,20.0,24.0,23.0,21.0,26.0,26.0,23.0,23.0,26.0,26.0,23.0,21.0,24.0,24.0,22.0,19.0,23.0,22.0,22.0,21.0,22.0,21.0,21.0,22.0,22.0,22.0,22.0,21.0,22.0,22.0,21.0,22.0,21.0,21.0,21.0,21.0,22.0,21.0,10.0,press,9,9,2.809
1787152380.5754,2026-08-19 17:13:00.575,10,c3,1,0,-0.03945,-0.49603,0.04713,-4.2272,10.4106,-24.2402,-0.0811,0.01,-0.2277,4.68853,21.0,23.0,23.0,20.0,26.0,24.0,22.0,21.0,26.0,27.0,23.0,21.0,24.0,26.0,23.0,19.0,25.0,23.0,22.0,21.0,22.0,21.0,21.0,22.0,22.0,22.0,22.0,21.0,22.0,22.0,21.0,22.0,21.0,21.0,21.0,21.0,22.0,21.0,10.0,press,9,9,2.7709
1787152380.6255,2026-08-19 17:13:00.625,10,c3,1,0,-0.03944,-0.49602,0.04679,-4.1701,10.4874,-24.2939,-0.0842,0.0151,-0.2249,4.69281,21.0,23.0,23.0,20.0,26.0,24.0,22.0,21.0,26.0,27.0,23.0,21.0,24.0,26.0,23.0,19.0,25.0,23.0,22.0,21.0,22.0,21.0,21.0,22.0,22.0,22.0,22.0,21.0,22.0,22.0,21.0,22.0,21.0,21.0,21.0,21.0,22.0,21.0,10.0,press,9,9,2.7329
1787152380.6756,2026-08-19 17:13:00.675,10,c3,1,0,-0.03944,-0.49602,0.04644,-4.2135,10.1245,-24.2584,-0.0737,0.0128,-0.223,4.69004,21.0,24.0,23.0,19.0,26.0,25.0,24.0,21.0,26.0,27.0,23.0,22.0,25.0,27.0,24.0,21.0,25.0,22.0,22.0,21.0,22.0,21.0,21.0,22.0,22.0,22.0,22.0,21.0,22.0,22.0,21.0,22.0,21.0,21.0,21.0,21.0,22.0,21.0,10.0,press,9,9,2.7575
1787152380.7258,2026-08-19 17:13:00.725,10,c3,1,0,-0.03945,-0.49601,0.04611,-4.6941,10.7344,-24.3202,-0.0833,-0.0012,-0.2344,4.69609,20.0,25.0,24.0,21.0,26.0,26.0,23.0,24.0,25.0,27.0,24.0,24.0,24.0,27.0,22.0,22.0,25.0,21.0,22.0,21.0,22.0,21.0,21.0,22.0,22.0,22.0,22.0,21.0,22.0,22.0,21.0,22.0,21.0,21.0,21.0,21.0,22.0,21.0,10.0,press,9,9,2.7037
1787152380.7759,2026-08-19 17:13:00.775,10,c3,1,0,-0.03943,-0.49602,0.04575,-4.4857,10.4955,-24.314,-0.0825,0.0064,-0.2324,4.68174,20.0,25.0,24.0,21.0,26.0,26.0,23.0,24.0,25.0,27.0,24.0,24.0,24.0,27.0,22.0,22.0,25.0,21.0,22.0,21.0,22.0,21.0,21.0,22.0,22.0,22.0,22.0,21.0,22.0,22.0,21.0,22.0,21.0,21.0,21.0,21.0,22.0,21.0,10.0,press,9,9,2.8314
1787152380.826,2026-08-19 17:13:00.825,10,c3,1,0,-0.03946,-0.49603,0.04544,-4.3949,10.472,-24.2969,-0.078,0.0085,-0.2303,4.66285,21.0,24.0,24.0,22.0,26.0,26.0,23.0,25.0,25.0,28.0,22.0,23.0,24.0,27.0,22.0,22.0,25.0,22.0,24.0,21.0,22.0,21.0,21.0,22.0,22.0,22.0,22.0,21.0,22.0,22.0,21.0,22.0,21.0,21.0,21.0,21.0,22.0,21.0,10.0,press,9,9,2.9994
1787152380.8761,2026-08-19 17:13:00.876,10,c3,1,0,-0.03945,-0.49603,0.04511,-4.4757,10.1131,-24.2783,-0.0715,0.0051,-0.2259,4.63264,21.0,24.0,24.0,22.0,26.0,26.0,23.0,25.0,25.0,28.0,22.0,23.0,24.0,27.0,22.0,22.0,25.0,22.0,24.0,21.0,22.0,21.0,21.0,22.0,22.0,22.0,22.0,21.0,22.0,22.0,21.0,22.0,21.0,21.0,21.0,21.0,22.0,21.0,10.0,press,9,9,3.2682
1787152380.9263,2026-08-19 17:13:00.926,10,c3,1,0,-0.03945,-0.49603,0.04479,-4.3446,10.4448,-23.8692,-0.0848,0.0099,-0.2363,4.60872,21.0,22.0,24.0,23.0,25.0,26.0,22.0,24.0,26.0,30.0,22.0,23.0,24.0,29.0,23.0,21.0,27.0,22.0,21.0,21.0,22.0,21.0,21.0,22.0,22.0,22.0,22.0,21.0,22.0,22.0,21.0,22.0,21.0,21.0,21.0,21.0,22.0,21.0,10.0,press,9,9,3.481
1787152380.9764,2026-08-19 17:13:00.976,10,c3,1,0,-0.03944,-0.49602,0.04445,-4.3195,10.1922,-23.8319,-0.0751,0.0095,-0.2296,4.58329,21.0,22.0,24.0,23.0,25.0,26.0,22.0,24.0,26.0,30.0,22.0,23.0,24.0,29.0,23.0,21.0,27.0,22.0,21.0,21.0,22.0,21.0,21.0,22.0,22.0,22.0,22.0,21.0,22.0,22.0,21.0,22.0,21.0,21.0,21.0,21.0,22.0,21.0,10.0,press,9,9,3.7072
1787152381.0265,2026-08-19 17:13:01.026,10,c3,1,0,-0.03944,-0.496,0.0441,-3.9727,10.3746,-23.8154,-0.0778,0.0189,-0.2279,4.55409,22.0,23.0,25.0,21.0,26.0,28.0,23.0,23.0,27.0,30.0,24.0,22.0,26.0,28.0,22.0,21.0,25.0,22.0,22.0,21.0,22.0,21.0,21.0,22.0,22.0,22.0,22.0,21.0,22.0,22.0,21.0,22.0,21.0,21.0,21.0,21.0,22.0,21.0,10.0,press,9,9,3.967
1787152381.0766,2026-08-19 17:13:01.076,10,c3,1,0,-0.03944,-0.49601,0.04378,-4.394,10.5929,-23.8751,-0.0787,0.0067,-0.2264,4.5206,19.0,25.0,24.0,20.0,27.0,27.0,22.0,22.0,27.0,29.0,24.0,21.0,25.0,27.0,23.0,21.0,24.0,23.0,21.0,21.0,22.0,21.0,21.0,22.0,22.0,22.0,22.0,21.0,22.0,22.0,21.0,22.0,21.0,21.0,21.0,21.0,22.0,21.0,10.0,press,9,9,4.265
1787152381.1268,2026-08-19 17:13:01.126,10,c3,1,0,-0.03945,-0.49601,0.04342,-4.6383,10.4988,-23.5822,-0.079,0.0059,-0.2305,4.45312,19.0,25.0,24.0,20.0,27.0,27.0,22.0,22.0,27.0,29.0,24.0,21.0,25.0,27.0,23.0,21.0,24.0,23.0,21.0,21.0,22.0,21.0,21.0,22.0,22.0,22.0,22.0,21.0,22.0,22.0,21.0,22.0,21.0,21.0,21.0,21.0,22.0,21.0,10.0,press,9,9,4.8652
1787152381.1769,2026-08-19 17:13:01.176,10,c3,1,0,-0.03946,-0.49603,0.04312,-4.4335,10.7584,-23.3354,-0.0858,0.0078,-0.2326,4.37583,20.0,24.0,23.0,20.0,26.0,26.0,24.0,25.0,27.0,30.0,23.0,22.0,26.0,30.0,22.0,22.0,24.0,22.0,23.0,21.0,22.0,21.0,21.0,22.0,22.0,22.0,22.0,21.0,22.0,22.0,21.0,22.0,21.0,21.0,21.0,21.0,22.0,21.0,10.0,press,9,9,5.5529
1787152381.227,2026-08-19 17:13:01.227,10,c3,1,0,-0.03946,-0.49605,0.04279,-4.5441,10.5523,-22.7379,-0.0776,0.0076,-0.2283,4.30332,20.0,24.0,23.0,20.0,26.0,26.0,24.0,25.0,27.0,30.0,23.0,22.0,26.0,30.0,22.0,22.0,24.0,22.0,23.0,21.0,22.0,21.0,21.0,22.0,22.0,22.0,22.0,21.0,22.0,22.0,21.0,22.0,21.0,21.0,21.0,21.0,22.0,21.0,10.0,press,9,9,6.198
1787152381.2771,2026-08-19 17:13:01.277,10,c3,1,0,-0.03945,-0.49604,0.04247,-4.5648,10.5926,-22.6509,-0.076,0.0083,-0.227,4.21923,23.0,23.0,21.0,23.0,27.0,26.0,23.0,25.0,27.0,30.0,22.0,21.0,24.0,29.0,22.0,21.0,24.0,21.0,24.0,21.0,22.0,21.0,21.0,22.0,22.0,22.0,22.0,21.0,22.0,22.0,21.0,22.0,21.0,21.0,21.0,21.0,22.0,21.0,10.0,press,9,9,6.9461
1787152381.3273,2026-08-19 17:13:01.327,10,c3,1,0,-0.03947,-0.49605,0.04218,-4.5108,10.6359,-22.2878,-0.0783,0.0127,-0.2306,4.12456,23.0,24.0,21.0,21.0,27.0,26.0,20.0,23.0,28.0,30.0,24.0,20.0,25.0,31.0,24.0,20.0,25.0,23.0,23.0,21.0,22.0,21.0,21.0,22.0,22.0,22.0,22.0,21.0,22.0,22.0,21.0,22.0,21.0,21.0,21.0,21.0,22.0,21.0,10.0,press,9,9,7.7883
1787152381.3774,2026-08-19 17:13:01.377,10,c3,1,0,-0.03945,-0.49605,0.04189,-4.7286,10.3998,-21.9393,-0.0728,0.0067,-0.2332,4.03241,23.0,24.0,21.0,21.0,27.0,26.0,20.0,23.0,28.0,30.0,24.0,20.0,25.0,31.0,24.0,20.0,25.0,23.0,23.0,21.0,22.0,21.0,21.0,22.0,22.0,22.0,22.0,21.0,22.0,22.0,21.0,22.0,21.0,21.0,21.0,21.0,22.0,21.0,10.0,press,9,9,8.6081
1787152381.4275,2026-08-19 17:13:01.427,10,c3,1,0,-0.03945,-0.49604,0.04165,-4.481,10.659,-21.5947,-0.0799,0.0119,-0.2309,3.95889,21.0,23.0,20.0,21.0,27.0,28.0,23.0,26.0,30.0,30.0,22.0,22.0,26.0,33.0,23.0,22.0,27.0,22.0,24.0,21.0,22.0,21.0,21.0,22.0,22.0,22.0,22.0,21.0,22.0,22.0,21.0,22.0,21.0,21.0,21.0,21.0,22.0,21.0,10.0,press,9,9,9.2622
1787152381.4777,2026-08-19 17:13:01.477,10,c3,1,0,-0.03944,-0.49604,0.04145,-4.4766,10.4022,-21.3518,-0.0703,0.0151,-0.2259,3.89293,21.0,23.0,20.0,21.0,27.0,28.0,23.0,26.0,30.0,30.0,22.0,22.0,26.0,33.0,23.0,22.0,27.0,22.0,24.0,21.0,22.0,21.0,21.0,22.0,22.0,22.0,22.0,21.0,22.0,22.0,21.0,22.0,21.0,21.0,21.0,21.0,22.0,21.0,10.0,press,9,9,9.849
1787152381.5278,2026-08-19 17:13:01.527,10,c3,1,0,-0.03943,-0.49599,0.04126,-4.8718,10.4485,-21.0321,-0.0701,0.0055,-0.2364,3.81815,23.0,24.0,20.0,24.0,30.0,29.0,22.0,25.0,30.0,31.0,25.0,21.0,28.0,34.0,24.0,20.0,27.0,23.0,23.0,21.0,22.0,21.0,21.0,22.0,22.0,22.0,22.0,21.0,22.0,22.0,21.0,22.0,21.0,21.0,21.0,21.0,22.0,21.0,10.0,press,9,9,10.5143
1787152381.5779,2026-08-19 17:13:01.577,10,c3,1,0,-0.03942,-0.49599,0.04114,-4.4378,10.7334,-20.948,-0.0787,0.0168,-0.2351,3.77988,23.0,24.0,20.0,22.0,32.0,29.0,24.0,24.0,30.0,32.0,23.0,22.0,27.0,35.0,23.0,21.0,27.0,23.0,23.0,21.0,22.0,21.0,21.0,22.0,22.0,22.0,22.0,21.0,22.0,22.0,21.0,22.0,21.0,21.0,21.0,21.0,22.0,21.0,10.0,press,9,9,10.8547
1787152381.628,2026-08-19 17:13:01.628,10,c3,1,0,-0.03943,-0.49599,0.04104,-4.8175,10.485,-20.7287,-0.0694,0.0099,-0.2323,3.74866,23.0,24.0,20.0,22.0,32.0,29.0,24.0,24.0,30.0,32.0,23.0,22.0,27.0,35.0,23.0,21.0,27.0,23.0,23.0,21.0,22.0,21.0,21.0,22.0,22.0,22.0,22.0,21.0,22.0,22.0,21.0,22.0,21.0,21.0,21.0,21.0,22.0,21.0,10.0,press,9,9,11.1325
1787152381.6781,2026-08-19 17:13:01.678,10,c3,1,0,-0.03942,-0.496,0.04098,-4.7244,10.4343,-20.8067,-0.071,0.0121,-0.2286,3.72625,23.0,24.0,20.0,23.0,31.0,30.0,23.0,26.0,33.0,34.0,25.0,22.0,29.0,37.0,24.0,23.0,27.0,23.0,23.0,21.0,22.0,21.0,21.0,22.0,22.0,22.0,22.0,21.0,22.0,22.0,21.0,22.0,21.0,21.0,21.0,21.0,22.0,21.0,10.0,press,9,9,11.3318
1787152381.7283,2026-08-19 17:13:01.728,10,c3,1,0,-0.03944,-0.49601,0.04097,-4.7295,10.5231,-20.6471,-0.0718,0.0111,-0.2355,3.72852,23.0,24.0,20.0,23.0,31.0,30.0,23.0,26.0,33.0,34.0,25.0,22.0,29.0,37.0,24.0,23.0,27.0,23.0,23.0,21.0,22.0,21.0,21.0,22.0,22.0,22.0,22.0,21.0,22.0,22.0,21.0,22.0,21.0,21.0,21.0,21.0,22.0,21.0,10.0,press,9,9,11.3116
1787152381.7784,2026-08-19 17:13:01.778,10,c3,1,0,-0.03942,-0.49599,0.04094,-4.7614,10.4652,-20.916,-0.0737,0.0083,-0.2322,3.72071,22.0,25.0,21.0,23.0,33.0,31.0,24.0,27.0,34.0,32.0,23.0,23.0,30.0,37.0,23.0,22.0,26.0,23.0,22.0,21.0,22.0,21.0,21.0,22.0,22.0,22.0,22.0,21.0,22.0,22.0,21.0,22.0,21.0,21.0,21.0,21.0,22.0,21.0,10.0,hold,9,9,11.3811
1787152381.8285,2026-08-19 17:13:01.828,10,c3,1,0,-0.03943,-0.49599,0.0409,-4.599,10.3611,-20.7115,-0.0678,0.0105,-0.2272,3.70586,23.0,26.0,21.0,24.0,34.0,31.0,24.0,24.0,34.0,32.0,23.0,20.0,29.0,37.0,23.0,21.0,26.0,22.0,23.0,21.0,22.0,21.0,21.0,22.0,22.0,22.0,22.0,21.0,22.0,22.0,21.0,22.0,21.0,21.0,21.0,21.0,22.0,21.0,10.0,hold,9,9,11.5132
1787152381.8786,2026-08-19 17:13:01.878,10,c3,1,0,-0.03945,-0.49601,0.04092,-4.6772,10.3805,-20.7501,-0.0705,0.0099,-0.2305,3.72147,23.0,26.0,21.0,24.0,34.0,31.0,24.0,24.0,34.0,32.0,23.0,20.0,29.0,37.0,23.0,21.0,26.0,22.0,23.0,21.0,22.0,21.0,21.0,22.0,22.0,22.0,22.0,21.0,22.0,22.0,21.0,22.0,21.0,21.0,21.0,21.0,22.0,21.0,10.0,hold,9,9,11.3744
1787152381.9287,2026-08-19 17:13:01.928,10,c3,1,0,-0.03946,-0.496,0.04091,-4.6826,10.7923,-20.7008,-0.0753,0.0097,-0.2388,3.71417,22.0,26.0,20.0,21.0,34.0,31.0,23.0,25.0,34.0,34.0,24.0,22.0,29.0,38.0,23.0,21.0,27.0,23.0,23.0,21.0,22.0,21.0,21.0,22.0,22.0,22.0,22.0,21.0,22.0,22.0,21.0,22.0,21.0,21.0,21.0,21.0,22.0,21.0,10.0,hold,9,9,11.4393
1787152381.9788,2026-08-19 17:13:01.978,10,c3,1,0,-0.03943,-0.49601,0.04091,-4.5595,10.4188,-20.6525,-0.0695,0.0135,-0.2269,3.72172,22.0,26.0,20.0,21.0,34.0,31.0,23.0,25.0,34.0,34.0,24.0,22.0,29.0,38.0,23.0,21.0,27.0,23.0,23.0,21.0,22.0,21.0,21.0,22.0,22.0,22.0,22.0,21.0,22.0,22.0,21.0,22.0,21.0,21.0,21.0,21.0,22.0,21.0,10.0,hold,9,9,11.3721
1787152382.0289,2026-08-19 17:13:02.028,10,c3,1,0,-0.03945,-0.49601,0.04091,-4.8314,10.3086,-20.8966,-0.0675,0.01,-0.2345,3.72197,23.0,25.0,21.0,21.0,34.0,33.0,23.0,24.0,33.0,34.0,24.0,21.0,29.0,38.0,23.0,21.0,27.0,24.0,23.0,21.0,22.0,21.0,21.0,22.0,22.0,22.0,22.0,21.0,22.0,22.0,21.0,22.0,21.0,21.0,21.0,21.0,22.0,21.0,10.0,hold,9,9,11.3699
1787152382.0791,2026-08-19 17:13:02.079,10,c3,1,0,-0.03944,-0.49599,0.0409,-4.6866,10.1576,-20.7425,-0.0627,0.0112,-0.2298,3.72524,23.0,25.0,21.0,21.0,34.0,33.0,23.0,24.0,33.0,34.0,24.0,21.0,29.0,38.0,23.0,21.0,27.0,24.0,23.0,21.0,22.0,21.0,21.0,22.0,22.0,22.0,22.0,21.0,22.0,22.0,21.0,22.0,21.0,21.0,21.0,21.0,22.0,21.0,10.0,hold,9,9,11.3408
1787152382.1291,2026-08-19 17:13:02.129,10,c3,1,0,-0.03943,-0.496,0.0409,-4.392,10.1834,-21.0037,-0.0618,0.0182,-0.2259,3.72902,24.0,25.0,22.0,22.0,35.0,32.0,23.0,26.0,34.0,34.0,24.0,22.0,31.0,38.0,24.0,22.0,27.0,23.0,25.0,21.0,22.0,21.0,21.0,22.0,22.0,22.0,22.0,21.0,22.0,22.0,21.0,22.0,21.0,21.0,21.0,21.0,22.0,21.0,10.0,hold,9,9,11.3072
1787152382.1792,2026-08-19 17:13:02.179,10,c3,1,0,-0.03943,-0.49601,0.0409,-4.6179,10.2754,-20.6143,-0.0678,0.0119,-0.2271,3.72953,23.0,25.0,21.0,24.0,34.0,33.0,23.0,27.0,35.0,33.0,24.0,23.0,30.0,37.0,25.0,22.0,26.0,23.0,24.0,21.0,22.0,21.0,21.0,22.0,22.0,22.0,22.0,21.0,22.0,22.0,21.0,22.0,21.0,21.0,21.0,21.0,22.0,21.0,10.0,hold,9,9,11.3027
1787152382.2293,2026-08-19 17:13:02.229,10,c3,1,0,-0.03942,-0.496,0.0409,-4.6923,10.341,-20.6531,-0.0656,0.0122,-0.2265,3.72751,23.0,25.0,21.0,24.0,34.0,33.0,23.0,27.0,35.0,33.0,24.0,23.0,30.0,37.0,25.0,22.0,26.0,23.0,24.0,21.0,22.0,21.0,21.0,22.0,22.0,22.0,22.0,21.0,22.0,22.0,21.0,22.0,21.0,21.0,21.0,21.0,22.0,21.0,10.0,hold,9,9,11.3206
1787152382.2795,2026-08-19 17:13:02.279,10,c3,1,0,-0.03943,-0.496,0.0409,-4.5788,10.4035,-20.8607,-0.0739,0.0104,-0.2299,3.73356,24.0,26.0,21.0,23.0,34.0,32.0,23.0,26.0,34.0,33.0,23.0,24.0,30.0,37.0,22.0,22.0,28.0,23.0,23.0,21.0,22.0,21.0,21.0,22.0,22.0,22.0,22.0,21.0,22.0,22.0,21.0,22.0,21.0,21.0,21.0,21.0,22.0,21.0,10.0,hold,9,9,11.2669
1787152382.3296,2026-08-19 17:13:02.329,10,c3,1,0,-0.03943,-0.49601,0.04091,-4.7397,10.8276,-20.6609,-0.0802,0.009,-0.2414,3.72575,24.0,26.0,21.0,23.0,34.0,32.0,23.0,26.0,34.0,33.0,23.0,24.0,30.0,37.0,22.0,22.0,28.0,23.0,23.0,21.0,22.0,21.0,21.0,22.0,22.0,22.0,22.0,21.0,22.0,22.0,21.0,22.0,21.0,21.0,21.0,21.0,22.0,21.0,10.0,hold,9,9,11.3363
1787152382.3797,2026-08-19 17:13:02.379,10,c3,1,0,-0.03943,-0.496,0.0409,-4.6927,10.6906,-20.7734,-0.0764,0.0124,-0.2282,3.73305,24.0,25.0,21.0,24.0,34.0,32.0,22.0,25.0,34.0,34.0,22.0,22.0,29.0,38.0,21.0,19.0,27.0,21.0,23.0,21.0,22.0,21.0,21.0,22.0,22.0,22.0,22.0,21.0,22.0,22.0,21.0,22.0,21.0,21.0,21.0,21.0,22.0,21.0,10.0,hold,9,9,11.2713
1787152382.4298,2026-08-19 17:13:02.429,10,c3,1,0,-0.03944,-0.496,0.04091,-4.663,10.4063,-20.8398,-0.0685,0.0098,-0.2318,3.73356,24.0,25.0,22.0,22.0,34.0,33.0,21.0,25.0,32.0,34.0,22.0,23.0,28.0,39.0,22.0,22.0,27.0,21.0,23.0,21.0,22.0,21.0,21.0,22.0,22.0,22.0,22.0,21.0,22.0,22.0,21.0,22.0,21.0,21.0,21.0,21.0,22.0,21.0,10.0,hold,9,9,11.2669
1787152382.4799,2026-08-19 17:13:02.479,10,c3,1,0,-0.03943,-0.49601,0.04091,-4.3991,10.4802,-20.6834,-0.0692,0.0183,-0.2315,3.7323,24.0,25.0,22.0,22.0,34.0,33.0,21.0,25.0,32.0,34.0,22.0,23.0,28.0,39.0,22.0,22.0,27.0,21.0,23.0,21.0,22.0,21.0,21.0,22.0,22.0,22.0,22.0,21.0,22.0,22.0,21.0,22.0,21.0,21.0,21.0,21.0,22.0,21.0,10.0,hold,9,9,11.2781
1787152382.53,2026-08-19 17:13:02.530,10,c3,1,0,-0.03944,-0.496,0.04091,-4.2452,10.2657,-20.7681,-0.0658,0.0219,-0.2247,3.7333,25.0,23.0,22.0,24.0,33.0,33.0,22.0,26.0,34.0,35.0,23.0,22.0,29.0,36.0,22.0,22.0,27.0,22.0,25.0,21.0,22.0,21.0,21.0,22.0,22.0,22.0,22.0,21.0,22.0,22.0,21.0,22.0,21.0,21.0,21.0,21.0,22.0,21.0,10.0,hold,9,9,11.2691
1787152382.5801,2026-08-19 17:13:02.580,10,c3,1,0,-0.03945,-0.49601,0.04091,-4.4261,10.4466,-20.9238,-0.0699,0.0171,-0.231,3.73632,25.0,23.0,22.0,24.0,33.0,33.0,22.0,26.0,34.0,35.0,23.0,22.0,29.0,36.0,22.0,22.0,27.0,22.0,25.0,21.0,22.0,21.0,21.0,22.0,22.0,22.0,22.0,21.0,22.0,22.0,21.0,22.0,21.0,21.0,21.0,21.0,22.0,21.0,10.0,hold,9,9,11.2422
1787152382.6303,2026-08-19 17:13:02.630,10,c3,1,0,-0.03945,-0.496,0.0409,-4.6817,10.6001,-20.7821,-0.0754,0.012,-0.2363,3.73356,24.0,24.0,23.0,25.0,33.0,33.0,22.0,27.0,33.0,35.0,24.0,23.0,30.0,38.0,24.0,23.0,27.0,24.0,25.0,21.0,22.0,21.0,21.0,22.0,22.0,22.0,22.0,21.0,22.0,22.0,21.0,22.0,21.0,21.0,21.0,21.0,22.0,21.0,10.0,hold,9,9,11.2669
1787152382.6804,2026-08-19 17:13:02.680,10,c3,1,0,-0.03944,-0.49601,0.04091,-4.3992,10.3078,-21.0398,-0.0662,0.0202,-0.2326,3.74237,25.0,24.0,22.0,25.0,34.0,33.0,23.0,24.0,33.0,33.0,23.0,21.0,29.0,37.0,22.0,21.0,27.0,20.0,22.0,21.0,22.0,21.0,21.0,22.0,22.0,22.0,22.0,21.0,22.0,22.0,21.0,22.0,21.0,21.0,21.0,21.0,22.0,21.0,10.0,hold,9,9,11.1885
1787152382.7306,2026-08-19 17:13:02.730,10,c3,1,0,-0.03944,-0.49601,0.04091,-4.3181,9.9336,-21.0844,-0.0556,0.0206,-0.2282,3.73632,25.0,24.0,22.0,25.0,34.0,33.0,23.0,24.0,33.0,33.0,23.0,21.0,29.0,37.0,22.0,21.0,27.0,20.0,22.0,21.0,22.0,21.0,21.0,22.0,22.0,22.0,22.0,21.0,22.0,22.0,21.0,22.0,21.0,21.0,21.0,21.0,22.0,21.0,10.0,hold,9,9,11.2422
1787152382.7808,2026-08-19 17:13:02.780,10,c3,1,0,-0.03943,-0.49601,0.0409,-4.6141,10.1204,-20.8714,-0.0635,0.015,-0.2282,3.73985,23.0,25.0,22.0,21.0,33.0,32.0,22.0,25.0,34.0,34.0,24.0,21.0,30.0,38.0,23.0,22.0,28.0,23.0,22.0,21.0,22.0,21.0,21.0,22.0,22.0,22.0,22.0,21.0,22.0,22.0,21.0,22.0,21.0,21.0,21.0,21.0,22.0,21.0,10.0,hold,9,9,11.2109
1787152382.8309,2026-08-19 17:13:02.830,10,c3,1,0,-0.03944,-0.496,0.0409,-4.6774,10.4748,-20.9444,-0.0705,0.0116,-0.236,3.74086,23.0,25.0,22.0,21.0,33.0,32.0,22.0,25.0,34.0,34.0,24.0,21.0,30.0,38.0,23.0,22.0,28.0,23.0,22.0,21.0,22.0,21.0,21.0,22.0,22.0,22.0,22.0,21.0,22.0,22.0,21.0,22.0,21.0,21.0,21.0,21.0,22.0,21.0,10.0,hold,9,9,11.2019
1787152382.881,2026-08-19 17:13:02.880,10,c3,1,0,-0.03944,-0.49602,0.04092,-4.5201,10.5037,-20.9469,-0.0705,0.0132,-0.2303,3.74488,21.0,24.0,22.0,21.0,33.0,33.0,23.0,27.0,33.0,33.0,24.0,23.0,29.0,38.0,23.0,23.0,27.0,23.0,24.0,21.0,22.0,21.0,21.0,22.0,22.0,22.0,22.0,21.0,22.0,22.0,21.0,22.0,21.0,21.0,21.0,21.0,22.0,21.0,10.0,hold,9,9,11.1661
1787152382.9311,2026-08-19 17:13:02.931,10,c3,1,0,-0.03944,-0.49601,0.0409,-4.3474,10.3753,-20.8471,-0.0681,0.0189,-0.2249,3.74136,24.0,25.0,21.0,24.0,33.0,33.0,24.0,25.0,33.0,33.0,24.0,22.0,29.0,37.0,22.0,20.0,27.0,23.0,22.0,21.0,22.0,21.0,21.0,22.0,22.0,22.0,22.0,21.0,22.0,22.0,21.0,22.0,21.0,21.0,21.0,21.0,22.0,21.0,10.0,hold,9,9,11.1974
1787152382.9812,2026-08-19 17:13:02.981,10,c3,1,0,-0.03944,-0.496,0.0409,-4.6908,10.4356,-20.938,-0.0708,0.0096,-0.231,3.7401,24.0,25.0,21.0,24.0,33.0,33.0,24.0,25.0,33.0,33.0,24.0,22.0,29.0,37.0,22.0,20.0,27.0,23.0,22.0,21.0,22.0,21.0,21.0,22.0,22.0,22.0,22.0,21.0,22.0,22.0,21.0,22.0,21.0,21.0,21.0,21.0,22.0,21.0,10.0,hold,9,9,11.2086
1787152383.0313,2026-08-19 17:13:03.031,10,c3,1,0,-0.03944,-0.496,0.0409,-4.3547,10.2256,-20.9607,-0.0635,0.0154,-0.2299,3.74791,22.0,25.0,22.0,22.0,33.0,33.0,24.0,26.0,32.0,34.0,23.0,21.0,28.0,38.0,22.0,20.0,27.0,22.0,23.0,21.0,22.0,21.0,21.0,22.0,22.0,22.0,22.0,21.0,22.0,22.0,21.0,22.0,21.0,21.0,21.0,21.0,22.0,21.0,10.0,hold,9,9,11.1392
1787152383.0815,2026-08-19 17:13:03.081,10,c3,1,0,-0.03944,-0.49599,0.04088,-4.3074,9.9761,-21.0515,-0.0592,0.0177,-0.2261,3.73758,22.0,25.0,22.0,22.0,33.0,33.0,24.0,26.0,32.0,34.0,23.0,21.0,28.0,38.0,22.0,20.0,27.0,22.0,23.0,21.0,22.0,21.0,21.0,22.0,22.0,22.0,22.0,21.0,22.0,22.0,21.0,22.0,21.0,21.0,21.0,21.0,22.0,21.0,10.0,hold,9,9,11.231
1787152383.1315,2026-08-19 17:13:03.131,10,c3,1,0,-0.03946,-0.49601,0.0409,-4.3929,10.4312,-20.9719,-0.0713,0.0183,-0.2291,3.74212,22.0,24.0,22.0,23.0,33.0,33.0,24.0,25.0,33.0,34.0,23.0,21.0,30.0,38.0,22.0,21.0,27.0,21.0,22.0,21.0,22.0,21.0,21.0,22.0,22.0,22.0,22.0,21.0,22.0,22.0,21.0,22.0,21.0,21.0,21.0,21.0,22.0,21.0,10.0,hold,9,9,11.1907
1787152383.1816,2026-08-19 17:13:03.181,10,c3,1,0,-0.03944,-0.49601,0.04091,-4.6083,10.3382,-20.7642,-0.0703,0.0116,-0.2354,3.74614,22.0,24.0,22.0,23.0,33.0,33.0,24.0,25.0,33.0,34.0,23.0,21.0,30.0,38.0,22.0,21.0,27.0,21.0,22.0,21.0,22.0,21.0,21.0,22.0,22.0,22.0,22.0,21.0,22.0,22.0,21.0,22.0,21.0,21.0,21.0,21.0,22.0,21.0,10.0,hold,9,9,11.1549
1787152383.2317,2026-08-19 17:13:03.231,10,c3,1,0,-0.03944,-0.496,0.0409,-4.4373,10.3971,-20.9349,-0.0688,0.0182,-0.2267,3.73733,24.0,24.0,21.0,23.0,34.0,33.0,23.0,25.0,33.0,32.0,21.0,22.0,29.0,37.0,20.0,22.0,26.0,21.0,24.0,21.0,22.0,21.0,21.0,22.0,22.0,22.0,22.0,21.0,22.0,22.0,21.0,22.0,21.0,21.0,21.0,21.0,22.0,21.0,10.0,hold,9,9,11.2333
1787152383.2819,2026-08-19 17:13:03.281,10,c3,1,0,-0.03945,-0.496,0.04091,-4.4155,10.062,-20.9459,-0.0626,0.0198,-0.2336,3.74866,23.0,26.0,20.0,23.0,33.0,31.0,22.0,23.0,33.0,33.0,23.0,20.0,29.0,37.0,21.0,21.0,26.0,22.0,22.0,21.0,22.0,21.0,21.0,22.0,22.0,22.0,22.0,21.0,22.0,22.0,21.0,22.0,21.0,21.0,21.0,21.0,22.0,21.0,10.0,hold,9,9,11.1325
1787152383.3319,2026-08-19 17:13:03.331,10,c3,1,0,-0.03944,-0.49601,0.04091,-4.3124,10.4185,-21.0552,-0.0716,0.0165,-0.2304,3.74212,23.0,26.0,20.0,23.0,33.0,31.0,22.0,23.0,33.0,33.0,23.0,20.0,29.0,37.0,21.0,21.0,26.0,22.0,22.0,21.0,22.0,21.0,21.0,22.0,22.0,22.0,22.0,21.0,22.0,22.0,21.0,22.0,21.0,21.0,21.0,21.0,22.0,21.0,10.0,hold,9,9,11.1907
1787152383.3821,2026-08-19 17:13:03.382,10,c3,1,0,-0.03941,-0.496,0.04091,-4.8097,10.3053,-20.8395,-0.0666,0.0093,-0.2341,3.74262,22.0,25.0,21.0,21.0,34.0,33.0,22.0,24.0,34.0,33.0,22.0,20.0,29.0,37.0,22.0,20.0,26.0,21.0,22.0,21.0,22.0,21.0,21.0,22.0,22.0,22.0,22.0,21.0,22.0,22.0,21.0,22.0,21.0,21.0,21.0,21.0,22.0,21.0,10.0,hold,9,9,11.1862
1787152383.4322,2026-08-19 17:13:03.432,10,c3,1,0,-0.03943,-0.49601,0.04092,-4.2386,10.4923,-21.0491,-0.0733,0.0232,-0.2258,3.74841,22.0,25.0,21.0,21.0,34.0,33.0,22.0,24.0,34.0,33.0,22.0,20.0,29.0,37.0,22.0,20.0,26.0,21.0,22.0,21.0,22.0,21.0,21.0,22.0,22.0,22.0,22.0,21.0,22.0,22.0,21.0,22.0,21.0,21.0,21.0,21.0,22.0,21.0,10.0,hold,9,9,11.1347
1787152383.4823,2026-08-19 17:13:03.482,10,c3,1,0,-0.03944,-0.49602,0.04092,-4.6288,10.5157,-20.9175,-0.0746,0.0135,-0.2293,3.74866,22.0,23.0,22.0,20.0,32.0,32.0,21.0,25.0,32.0,31.0,22.0,22.0,29.0,36.0,22.0,20.0,26.0,22.0,23.0,21.0,22.0,21.0,21.0,22.0,22.0,22.0,22.0,21.0,22.0,22.0,21.0,22.0,21.0,21.0,21.0,21.0,22.0,21.0,10.0,hold,9,9,11.1325
1787152383.5324,2026-08-19 17:13:03.532,10,c3,1,0,-0.03944,-0.49602,0.04093,-4.2453,10.5456,-21.1188,-0.0739,0.026,-0.2271,3.74337,23.0,24.0,20.0,21.0,33.0,31.0,22.0,27.0,32.0,33.0,25.0,25.0,30.0,38.0,24.0,23.0,28.0,23.0,25.0,21.0,22.0,21.0,21.0,22.0,22.0,22.0,22.0,21.0,22.0,22.0,21.0,22.0,21.0,21.0,21.0,21.0,22.0,21.0,10.0,hold,9,9,11.1795
1787152383.5825,2026-08-19 17:13:03.582,10,c3,1,0,-0.03943,-0.49602,0.04092,-4.3516,9.9991,-21.0757,-0.0589,0.0189,-0.2342,3.74816,23.0,24.0,20.0,21.0,33.0,31.0,22.0,27.0,32.0,33.0,25.0,25.0,30.0,38.0,24.0,23.0,28.0,23.0,25.0,21.0,22.0,21.0,21.0,22.0,22.0,22.0,22.0,21.0,22.0,22.0,21.0,22.0,21.0,21.0,21.0,21.0,22.0,21.0,10.0,hold,9,9,11.1369
1787152383.6326,2026-08-19 17:13:03.632,10,c3,1,0,-0.03943,-0.49601,0.04091,-4.4284,10.1385,-21.0837,-0.0634,0.0182,-0.225,3.74665,25.0,24.0,22.0,26.0,33.0,33.0,23.0,25.0,33.0,34.0,23.0,22.0,27.0,37.0,22.0,23.0,26.0,22.0,24.0,21.0,22.0,21.0,21.0,22.0,22.0,22.0,22.0,21.0,22.0,22.0,21.0,22.0,21.0,21.0,21.0,21.0,22.0,21.0,10.0,hold,9,9,11.1504
1787152383.6828,2026-08-19 17:13:03.682,10,c3,1,0,-0.03943,-0.49601,0.0409,-4.3517,10.4946,-20.8746,-0.0702,0.0171,-0.2282,3.74514,25.0,24.0,22.0,26.0,33.0,33.0,23.0,25.0,33.0,34.0,23.0,22.0,27.0,37.0,22.0,23.0,26.0,22.0,24.0,21.0,22.0,21.0,21.0,22.0,22.0,22.0,22.0,21.0,22.0,22.0,21.0,22.0,21.0,21.0,21.0,21.0,22.0,21.0,10.0,hold,9,9,11.1638
1787152383.7328,2026-08-19 17:13:03.732,10,c3,1,0,-0.03944,-0.49601,0.04091,-4.2878,10.717,-20.7776,-0.0752,0.0217,-0.2261,3.74967,24.0,25.0,22.0,22.0,32.0,33.0,21.0,26.0,32.0,34.0,23.0,22.0,28.0,39.0,23.0,21.0,27.0,22.0,22.0,21.0,22.0,21.0,21.0,22.0,22.0,22.0,22.0,21.0,22.0,22.0,21.0,22.0,21.0,21.0,21.0,21.0,22.0,21.0,10.0,hold,9,9,11.1235
1787152383.7828,2026-08-19 17:13:03.782,10,c3,1,0,-0.03944,-0.49602,0.04092,-4.9329,11.1028,-20.7595,-0.0865,0.0042,-0.2367,3.75546,23.0,24.0,21.0,22.0,32.0,31.0,23.0,25.0,34.0,34.0,23.0,21.0,30.0,37.0,23.0,21.0,27.0,23.0,23.0,21.0,22.0,21.0,21.0,22.0,22.0,22.0,22.0,21.0,22.0,22.0,21.0,22.0,21.0,21.0,21.0,21.0,22.0,21.0,10.0,hold,9,9,11.072
1787152383.8329,2026-08-19 17:13:03.832,10,c3,1,0,-0.03944,-0.49603,0.04093,-4.5798,10.786,-20.9118,-0.0787,0.0129,-0.231,3.73632,23.0,24.0,21.0,22.0,32.0,31.0,23.0,25.0,34.0,34.0,23.0,21.0,30.0,37.0,23.0,21.0,27.0,23.0,23.0,21.0,22.0,21.0,21.0,22.0,22.0,22.0,22.0,21.0,22.0,22.0,21.0,22.0,21.0,21.0,21.0,21.0,22.0,21.0,10.0,hold,9,9,11.2422
1787152383.8831,2026-08-19 17:13:03.883,10,c3,1,0,-0.03945,-0.496,0.04091,-4.473,10.2456,-20.926,-0.0655,0.0163,-0.2324,3.75571,21.0,25.0,22.0,21.0,35.0,34.0,23.0,26.0,32.0,33.0,23.0,22.0,29.0,38.0,22.0,21.0,28.0,22.0,23.0,21.0,22.0,21.0,21.0,22.0,22.0,22.0,22.0,21.0,22.0,22.0,21.0,22.0,21.0,21.0,21.0,21.0,22.0,21.0,10.0,hold,9,9,11.0697
1787152383.9333,2026-08-19 17:13:03.933,10,c3,1,0,-0.03944,-0.49601,0.04091,-4.6087,10.2821,-20.8399,-0.0698,0.0141,-0.23,3.75042,21.0,25.0,22.0,21.0,35.0,34.0,23.0,26.0,32.0,33.0,23.0,22.0,29.0,38.0,22.0,21.0,28.0,22.0,23.0,21.0,22.0,21.0,21.0,22.0,22.0,22.0,22.0,21.0,22.0,22.0,21.0,22.0,21.0,21.0,21.0,21.0,22.0,21.0,10.0,hold,9,9,11.1168
1787152383.9835,2026-08-19 17:13:03.983,10,c3,1,0,-0.03944,-0.496,0.0409,-4.3951,10.4414,-20.9176,-0.0743,0.0197,-0.2315,3.74791,24.0,23.0,21.0,24.0,32.0,33.0,22.0,26.0,31.0,32.0,21.0,23.0,26.0,36.0,22.0,22.0,26.0,21.0,25.0,21.0,22.0,21.0,21.0,22.0,22.0,22.0,22.0,21.0,22.0,22.0,21.0,22.0,21.0,21.0,21.0,21.0,22.0,21.0,10.0,hold,9,9,11.1392
1787152384.0336,2026-08-19 17:13:04.033,10,c3,1,0,-0.03945,-0.49601,0.04092,-4.3675,10.3427,-21.1682,-0.07,0.0165,-0.2276,3.7542,24.0,23.0,20.0,21.0,30.0,33.0,22.0,25.0,31.0,34.0,23.0,22.0,27.0,37.0,24.0,21.0,28.0,24.0,23.0,21.0,22.0,21.0,21.0,22.0,22.0,22.0,22.0,21.0,22.0,22.0,21.0,22.0,21.0,21.0,21.0,21.0,22.0,21.0,10.0,hold,9,9,11.0832
1787152384.0837,2026-08-19 17:13:04.083,10,c3,1,0,-0.03943,-0.49601,0.04093,-4.4496,10.5741,-21.079,-0.0725,0.0169,-0.2259,3.7464,24.0,23.0,20.0,21.0,30.0,33.0,22.0,25.0,31.0,34.0,23.0,22.0,27.0,37.0,24.0,21.0,28.0,24.0,23.0,21.0,22.0,21.0,21.0,22.0,22.0,22.0,22.0,21.0,22.0,22.0,21.0,22.0,21.0,21.0,21.0,21.0,22.0,21.0,10.0,hold,9,9,11.1526
1787152384.1338,2026-08-19 17:13:04.133,10,c3,1,0,-0.03943,-0.49601,0.04091,-4.5736,10.601,-20.9715,-0.0755,0.0129,-0.2345,3.75949,24.0,23.0,20.0,23.0,30.0,32.0,23.0,27.0,31.0,33.0,22.0,24.0,27.0,37.0,22.0,22.0,27.0,21.0,23.0,21.0,22.0,21.0,21.0,22.0,22.0,22.0,22.0,21.0,22.0,22.0,21.0,22.0,21.0,21.0,21.0,21.0,22.0,21.0,10.0,hold,9,9,11.0361
1787152384.1839,2026-08-19 17:13:04.183,10,c3,1,0,-0.03943,-0.496,0.0409,-4.5525,10.2562,-20.9428,-0.0645,0.0139,-0.2242,3.74589,24.0,23.0,20.0,23.0,30.0,32.0,23.0,27.0,31.0,33.0,22.0,24.0,27.0,37.0,22.0,22.0,27.0,21.0,23.0,21.0,22.0,21.0,21.0,22.0,22.0,22.0,22.0,21.0,22.0,22.0,21.0,22.0,21.0,21.0,21.0,21.0,22.0,21.0,10.0,hold,9,9,11.1571
1787152384.234,2026-08-19 17:13:04.234,10,c3,1,0,-0.03946,-0.49601,0.04091,-4.7948,10.5474,-20.7517,-0.073,0.007,-0.2331,3.74967,25.0,22.0,22.0,24.0,30.0,32.0,22.0,25.0,34.0,33.0,23.0,20.0,29.0,38.0,22.0,21.0,27.0,22.0,21.0,21.0,22.0,21.0,21.0,22.0,22.0,22.0,22.0,21.0,22.0,22.0,21.0,22.0,21.0,21.0,21.0,21.0,22.0,21.0,10.0,hold,9,9,11.1235
1787152384.2841,2026-08-19 17:13:04.284,10,c3,1,0,-0.03944,-0.49601,0.04091,-4.7322,10.3937,-20.7022,-0.0734,0.012,-0.2298,3.7469,25.0,22.0,22.0,24.0,30.0,32.0,22.0,25.0,34.0,33.0,23.0,20.0,29.0,38.0,22.0,21.0,27.0,22.0,21.0,21.0,22.0,21.0,21.0,22.0,22.0,22.0,22.0,21.0,22.0,22.0,21.0,22.0,21.0,21.0,21.0,21.0,22.0,21.0,10.0,hold,9,9,11.1481
1787152384.3342,2026-08-19 17:13:04.334,10,c3,1,0,-0.03943,-0.49602,0.04092,-4.4657,10.5653,-20.848,-0.077,0.0149,-0.2336,3.75596,24.0,26.0,23.0,23.0,33.0,33.0,22.0,24.0,31.0,32.0,22.0,21.0,26.0,37.0,22.0,22.0,26.0,23.0,23.0,21.0,22.0,21.0,21.0,22.0,22.0,22.0,22.0,21.0,22.0,22.0,21.0,22.0,21.0,21.0,21.0,21.0,22.0,21.0,10.0,hold,9,9,11.0675
1787152384.3844,2026-08-19 17:13:04.384,10,c3,1,0,-0.03944,-0.49601,0.04091,-4.6303,10.5422,-20.8379,-0.0748,0.012,-0.2277,3.74564,22.0,23.0,20.0,22.0,32.0,32.0,23.0,27.0,32.0,31.0,23.0,22.0,29.0,36.0,22.0,22.0,26.0,21.0,24.0,21.0,22.0,21.0,21.0,22.0,22.0,22.0,22.0,21.0,22.0,22.0,21.0,22.0,21.0,21.0,21.0,21.0,22.0,21.0,10.0,hold,9,9,11.1593
1787152384.4345,2026-08-19 17:13:04.434,10,c3,1,0,-0.03946,-0.496,0.04091,-4.6247,10.4848,-20.874,-0.0731,0.0114,-0.2341,3.75269,22.0,23.0,20.0,22.0,32.0,32.0,23.0,27.0,32.0,31.0,23.0,22.0,29.0,36.0,22.0,22.0,26.0,21.0,24.0,21.0,22.0,21.0,21.0,22.0,22.0,22.0,22.0,21.0,22.0,22.0,21.0,22.0,21.0,21.0,21.0,21.0,22.0,21.0,10.0,hold,9,9,11.0966
1787152384.4846,2026-08-19 17:13:04.484,10,c3,1,0,-0.03945,-0.496,0.04092,-4.4163,10.273,-21.0556,-0.0694,0.02,-0.2276,3.7542,24.0,25.0,21.0,22.0,33.0,30.0,22.0,24.0,31.0,32.0,23.0,22.0,27.0,36.0,23.0,20.0,27.0,23.0,23.0,21.0,22.0,21.0,21.0,22.0,22.0,22.0,22.0,21.0,22.0,22.0,21.0,22.0,21.0,21.0,21.0,21.0,22.0,21.0,10.0,hold,9,9,11.0832
1787152384.5347,2026-08-19 17:13:04.534,10,c3,1,0,-0.03943,-0.496,0.0409,-4.343,10.5566,-20.9821,-0.0737,0.022,-0.2281,3.74463,24.0,25.0,21.0,22.0,33.0,30.0,22.0,24.0,31.0,32.0,23.0,22.0,27.0,36.0,23.0,20.0,27.0,23.0,23.0,21.0,22.0,21.0,21.0,22.0,22.0,22.0,22.0,21.0,22.0,22.0,21.0,22.0,21.0,21.0,21.0,21.0,22.0,21.0,10.0,hold,9,9,11.1683
1787152384.5848,2026-08-19 17:13:04.584,10,c3,1,0,-0.03944,-0.49601,0.04092,-4.4618,10.4456,-20.9536,-0.0693,0.0194,-0.2313,3.7615,22.0,23.0,21.0,22.0,32.0,31.0,23.0,24.0,33.0,33.0,23.0,21.0,29.0,37.0,22.0,22.0,25.0,23.0,24.0,21.0,22.0,21.0,21.0,22.0,22.0,22.0,22.0,21.0,22.0,22.0,21.0,22.0,21.0,21.0,21.0,21.0,22.0,21.0,10.0,hold,9,9,11.0182
1787152384.6349,2026-08-19 17:13:04.634,10,c3,1,0,-0.03944,-0.496,0.04091,-4.6544,10.4688,-20.835,-0.0714,0.011,-0.2272,3.74967,23.0,24.0,21.0,22.0,32.0,31.0,22.0,25.0,31.0,33.0,23.0,22.0,28.0,37.0,23.0,21.0,27.0,22.0,24.0,21.0,22.0,21.0,21.0,22.0,22.0,22.0,22.0,21.0,22.0,22.0,21.0,22.0,21.0,21.0,21.0,21.0,22.0,21.0,10.0,hold,9,9,11.1235
1787152384.685,2026-08-19 17:13:04.684,10,c3,1,0,-0.03944,-0.49601,0.04092,-4.8582,10.3149,-20.9888,-0.069,0.0078,-0.232,3.75219,23.0,24.0,21.0,22.0,32.0,31.0,22.0,25.0,31.0,33.0,23.0,22.0,28.0,37.0,23.0,21.0,27.0,22.0,24.0,21.0,22.0,21.0,21.0,22.0,22.0,22.0,22.0,21.0,22.0,22.0,21.0,22.0,21.0,21.0,21.0,21.0,22.0,21.0,10.0,hold,9,9,11.1011
1787152384.7351,2026-08-19 17:13:04.735,10,c3,1,0,-0.03945,-0.49601,0.0409,-4.7396,10.5396,-20.7397,-0.0749,0.0099,-0.235,3.75244,21.0,25.0,20.0,21.0,32.0,32.0,23.0,25.0,32.0,33.0,23.0,22.0,28.0,38.0,22.0,20.0,27.0,21.0,21.0,21.0,22.0,21.0,21.0,22.0,22.0,22.0,22.0,21.0,22.0,22.0,21.0,22.0,21.0,21.0,21.0,21.0,22.0,21.0,10.0,hold,9,9,11.0989
1787152384.7852,2026-08-19 17:13:04.785,10,c3,1,0,-0.03942,-0.49601,0.04092,-4.1175,10.197,-21.1792,-0.0671,0.0244,-0.2283,3.75999,21.0,25.0,20.0,21.0,32.0,32.0,23.0,25.0,32.0,33.0,23.0,22.0,28.0,38.0,22.0,20.0,27.0,21.0,21.0,21.0,22.0,21.0,21.0,22.0,22.0,22.0,22.0,21.0,22.0,22.0,21.0,22.0,21.0,21.0,21.0,21.0,22.0,21.0,10.0,hold,9,9,11.0317
1787152384.8354,2026-08-19 17:13:04.835,10,c3,1,0,-0.03943,-0.49601,0.04092,-4.5033,10.4731,-21.0861,-0.0729,0.0143,-0.2347,3.74765,22.0,24.0,22.0,21.0,32.0,33.0,23.0,25.0,31.0,33.0,24.0,22.0,27.0,38.0,23.0,22.0,27.0,23.0,23.0,21.0,22.0,21.0,21.0,22.0,22.0,22.0,22.0,21.0,22.0,22.0,21.0,22.0,21.0,21.0,21.0,21.0,22.0,21.0,10.0,hold,9,9,11.1414
1787152384.8855,2026-08-19 17:13:04.885,10,c3,1,0,-0.03943,-0.49601,0.04092,-4.5594,10.2122,-20.8067,-0.0665,0.0148,-0.2367,3.75798,23.0,25.0,22.0,21.0,33.0,32.0,23.0,25.0,32.0,32.0,24.0,22.0,27.0,37.0,22.0,22.0,27.0,22.0,24.0,21.0,22.0,21.0,21.0,22.0,22.0,22.0,22.0,21.0,22.0,22.0,21.0,22.0,21.0,21.0,21.0,21.0,22.0,21.0,10.0,hold,9,9,11.0496
1787152384.9356,2026-08-19 17:13:04.935,10,c3,1,0,-0.03945,-0.49601,0.04092,-4.531,10.6666,-21.0379,-0.0748,0.0163,-0.2313,3.74841,23.0,25.0,22.0,21.0,33.0,32.0,23.0,25.0,32.0,32.0,24.0,22.0,27.0,37.0,22.0,22.0,27.0,22.0,24.0,21.0,22.0,21.0,21.0,22.0,22.0,22.0,22.0,21.0,22.0,22.0,21.0,22.0,21.0,21.0,21.0,21.0,22.0,21.0,10.0,hold,9,9,11.1347
1787152384.9857,2026-08-19 17:13:04.985,10,c3,1,0,-0.03944,-0.49602,0.04093,-4.5385,10.2796,-20.9906,-0.0682,0.0155,-0.2283,3.7615,23.0,24.0,21.0,23.0,32.0,32.0,23.0,24.0,33.0,33.0,22.0,21.0,28.0,38.0,22.0,20.0,26.0,21.0,23.0,21.0,22.0,21.0,21.0,22.0,22.0,22.0,22.0,21.0,22.0,22.0,21.0,22.0,21.0,21.0,21.0,21.0,22.0,21.0,10.0,hold,9,9,11.0182
1787152385.0359,2026-08-19 17:13:05.035,10,c3,1,0,-0.03942,-0.49601,0.04091,-4.4605,10.3403,-20.9876,-0.0669,0.017,-0.231,3.7469,23.0,24.0,21.0,23.0,32.0,32.0,23.0,24.0,33.0,33.0,22.0,21.0,28.0,38.0,22.0,20.0,26.0,21.0,23.0,21.0,22.0,21.0,21.0,22.0,22.0,22.0,22.0,21.0,22.0,22.0,21.0,22.0,21.0,21.0,21.0,21.0,22.0,21.0,10.0,hold,9,9,11.1481
1787152385.086,2026-08-19 17:13:05.085,10,c3,1,0,-0.03945,-0.49603,0.04093,-4.5043,10.5882,-20.9704,-0.0732,0.0165,-0.2296,3.75949,23.0,24.0,22.0,21.0,32.0,33.0,22.0,25.0,32.0,33.0,22.0,21.0,29.0,37.0,21.0,20.0,27.0,22.0,22.0,21.0,22.0,21.0,21.0,22.0,22.0,22.0,22.0,21.0,22.0,22.0,21.0,22.0,21.0,21.0,21.0,21.0,22.0,21.0,10.0,hold,9,9,11.0361
1787152385.1361,2026-08-19 17:13:05.136,10,c3,1,0,-0.03943,-0.49601,0.04091,-4.3079,10.4312,-21.0183,-0.0715,0.0251,-0.2323,3.74967,22.0,23.0,22.0,22.0,33.0,31.0,21.0,25.0,34.0,34.0,22.0,21.0,29.0,38.0,22.0,20.0,27.0,21.0,23.0,21.0,22.0,21.0,21.0,22.0,22.0,22.0,22.0,21.0,22.0,22.0,21.0,22.0,21.0,21.0,21.0,21.0,22.0,21.0,10.0,hold,9,9,11.1235
1787152385.1863,2026-08-19 17:13:05.186,10,c3,1,0,-0.03944,-0.49601,0.04092,-4.656,10.4187,-20.6049,-0.0682,0.012,-0.2333,3.7615,22.0,23.0,22.0,22.0,33.0,31.0,21.0,25.0,34.0,34.0,22.0,21.0,29.0,38.0,22.0,20.0,27.0,21.0,23.0,21.0,22.0,21.0,21.0,22.0,22.0,22.0,22.0,21.0,22.0,22.0,21.0,22.0,21.0,21.0,21.0,21.0,22.0,21.0,10.0,hold,9,9,11.0182
1787152385.2364,2026-08-19 17:13:05.236,10,c3,1,0,-0.03943,-0.49602,0.04092,-4.7561,10.8112,-20.8768,-0.0789,0.0123,-0.2371,3.7469,21.0,24.0,23.0,21.0,33.0,34.0,21.0,23.0,32.0,34.0,23.0,21.0,27.0,37.0,21.0,19.0,27.0,21.0,21.0,21.0,22.0,21.0,21.0,22.0,22.0,22.0,22.0,21.0,22.0,22.0,21.0,22.0,21.0,21.0,21.0,21.0,22.0,21.0,10.0,hold,9,9,11.1481
1787152385.2865,2026-08-19 17:13:05.286,10,c3,1,0,-0.03945,-0.49601,0.04092,-4.3661,10.5127,-20.926,-0.0715,0.0179,-0.2309,3.75974,21.0,24.0,23.0,21.0,33.0,34.0,21.0,23.0,32.0,34.0,23.0,21.0,27.0,37.0,21.0,19.0,27.0,21.0,21.0,21.0,22.0,21.0,21.0,22.0,22.0,22.0,22.0,21.0,22.0,22.0,21.0,22.0,21.0,21.0,21.0,21.0,22.0,21.0,10.0,hold,9,9,11.0339
1787152385.3367,2026-08-19 17:13:05.336,10,c3,1,0,-0.03945,-0.49601,0.04091,-4.4114,10.4939,-20.8467,-0.0703,0.0217,-0.2299,3.75193,23.0,24.0,21.0,23.0,32.0,32.0,22.0,26.0,32.0,33.0,25.0,22.0,28.0,38.0,22.0,22.0,27.0,22.0,23.0,21.0,22.0,21.0,21.0,22.0,22.0,22.0,22.0,21.0,22.0,22.0,21.0,22.0,21.0,21.0,21.0,21.0,22.0,21.0,10.0,hold,9,9,11.1033
1787152385.3871,2026-08-19 17:13:05.387,10,c3,1,0,-0.03942,-0.49601,0.04091,-4.49,10.5354,-21.0653,-0.0706,0.0172,-0.2277,3.75496,23.0,25.0,21.0,24.0,32.0,34.0,23.0,26.0,31.0,35.0,24.0,23.0,28.0,39.0,23.0,23.0,27.0,21.0,25.0,21.0,22.0,21.0,21.0,22.0,22.0,22.0,22.0,21.0,22.0,22.0,21.0,22.0,21.0,21.0,21.0,21.0,22.0,21.0,10.0,hold,9,9,11.0765
1787152385.4372,2026-08-19 17:13:05.437,10,c3,1,0,-0.03943,-0.49602,0.04092,-4.5891,10.6851,-20.7088,-0.0788,0.0157,-0.2343,3.76049,23.0,25.0,21.0,24.0,32.0,34.0,23.0,26.0,31.0,35.0,24.0,23.0,28.0,39.0,23.0,23.0,27.0,21.0,25.0,21.0,22.0,21.0,21.0,22.0,22.0,22.0,22.0,21.0,22.0,22.0,21.0,22.0,21.0,21.0,21.0,21.0,22.0,21.0,10.0,hold,9,9,11.0272
1787152385.4873,2026-08-19 17:13:05.487,10,c3,1,0,-0.03946,-0.496,0.04092,-4.6821,10.6638,-20.7752,-0.0794,0.0123,-0.2303,3.75596,24.0,22.0,23.0,24.0,32.0,34.0,23.0,26.0,31.0,35.0,23.0,22.0,27.0,39.0,22.0,23.0,27.0,22.0,25.0,21.0,22.0,21.0,21.0,22.0,22.0,22.0,22.0,21.0,22.0,22.0,21.0,22.0,21.0,21.0,21.0,21.0,22.0,21.0,10.0,hold,9,9,11.0675
1787152385.5374,2026-08-19 17:13:05.537,10,c3,1,0,-0.03943,-0.49602,0.04093,-4.6245,10.3666,-20.8622,-0.0691,0.0138,-0.2312,3.75345,24.0,22.0,23.0,24.0,32.0,34.0,23.0,26.0,31.0,35.0,23.0,22.0,27.0,39.0,22.0,23.0,27.0,22.0,25.0,21.0,22.0,21.0,21.0,22.0,22.0,22.0,22.0,21.0,22.0,22.0,21.0,22.0,21.0,21.0,21.0,21.0,22.0,21.0,10.0,hold,9,9,11.0899
1787152385.5875,2026-08-19 17:13:05.587,10,c3,1,0,-0.03944,-0.49601,0.04092,-4.6566,10.5258,-20.763,-0.0721,0.0124,-0.2315,3.74992,24.0,23.0,24.0,24.0,31.0,33.0,22.0,23.0,33.0,32.0,25.0,20.0,28.0,36.0,23.0,19.0,24.0,23.0,21.0,21.0,22.0,21.0,21.0,22.0,22.0,22.0,22.0,21.0,22.0,22.0,21.0,22.0,21.0,21.0,21.0,21.0,22.0,21.0,10.0,hold,9,9,11.1213
1787152385.6376,2026-08-19 17:13:05.637,10,c3,1,0,-0.03946,-0.49601,0.04093,-4.596,10.21,-20.6956,-0.0646,0.0142,-0.2359,3.76175,24.0,23.0,24.0,24.0,31.0,33.0,22.0,23.0,33.0,32.0,25.0,20.0,28.0,36.0,23.0,19.0,24.0,23.0,21.0,21.0,22.0,21.0,21.0,22.0,22.0,22.0,22.0,21.0,22.0,22.0,21.0,22.0,21.0,21.0,21.0,21.0,22.0,21.0,10.0,hold,9,9,11.016
1787152385.6878,2026-08-19 17:13:05.687,10,c3,1,0,-0.03945,-0.49601,0.04092,-4.7889,10.7058,-20.7907,-0.0786,0.0085,-0.231,3.75219,23.0,23.0,20.0,21.0,32.0,31.0,24.0,23.0,33.0,34.0,22.0,21.0,28.0,38.0,22.0,20.0,27.0,22.0,21.0,21.0,22.0,21.0,21.0,22.0,22.0,22.0,22.0,21.0,22.0,22.0,21.0,22.0,21.0,21.0,21.0,21.0,22.0,21.0,10.0,hold,9,9,11.1011
1787152385.7379,2026-08-19 17:13:05.737,10,c3,1,0,-0.03945,-0.496,0.04091,-4.5903,10.4711,-20.7103,-0.0705,0.0141,-0.2302,3.75974,23.0,24.0,21.0,22.0,33.0,33.0,22.0,25.0,32.0,33.0,23.0,22.0,28.0,38.0,23.0,21.0,27.0,22.0,24.0,21.0,22.0,21.0,21.0,22.0,22.0,22.0,22.0,21.0,22.0,22.0,21.0,22.0,21.0,21.0,21.0,21.0,22.0,21.0,10.0,hold,9,9,11.0339
1787152385.788,2026-08-19 17:13:05.788,10,c3,1,0,-0.03942,-0.49601,0.04092,-4.6324,10.3794,-20.76,-0.0676,0.0142,-0.2312,3.74791,23.0,24.0,21.0,22.0,33.0,33.0,22.0,25.0,32.0,33.0,23.0,22.0,28.0,38.0,23.0,21.0,27.0,22.0,24.0,21.0,22.0,21.0,21.0,22.0,22.0,22.0,22.0,21.0,22.0,22.0,21.0,22.0,21.0,21.0,21.0,21.0,22.0,21.0,10.0,hold,9,9,11.1392
1787152385.8381,2026-08-19 17:13:05.838,10,c3,1,0,-0.03945,-0.49602,0.04092,-4.8008,10.8772,-20.7584,-0.0801,0.0084,-0.2337,3.7615,22.0,24.0,22.0,22.0,33.0,32.0,22.0,25.0,33.0,34.0,23.0,23.0,28.0,38.0,22.0,22.0,28.0,21.0,23.0,21.0,22.0,21.0,21.0,22.0,22.0,22.0,22.0,21.0,22.0,22.0,21.0,22.0,21.0,21.0,21.0,21.0,22.0,21.0,10.0,hold,9,9,11.0182
1787152385.8882,2026-08-19 17:13:05.888,10,c3,1,0,-0.03945,-0.49602,0.04092,-4.6721,10.5054,-20.7298,-0.0739,0.0108,-0.2324,3.7537,22.0,24.0,22.0,22.0,33.0,32.0,22.0,25.0,33.0,34.0,23.0,23.0,28.0,38.0,22.0,22.0,28.0,21.0,23.0,21.0,22.0,21.0,21.0,22.0,22.0,22.0,22.0,21.0,22.0,22.0,21.0,22.0,21.0,21.0,21.0,21.0,22.0,21.0,10.0,hold,9,9,11.0877
1787152385.9384,2026-08-19 17:13:05.938,10,c3,1,0,-0.03944,-0.496,0.04091,-4.7795,10.4293,-20.8564,-0.0714,0.0084,-0.2276,3.75949,24.0,24.0,21.0,24.0,32.0,34.0,23.0,24.0,32.0,34.0,23.0,22.0,30.0,38.0,23.0,22.0,27.0,22.0,24.0,21.0,22.0,21.0,21.0,22.0,22.0,22.0,22.0,21.0,22.0,22.0,21.0,22.0,21.0,21.0,21.0,21.0,22.0,21.0,10.0,hold,9,9,11.0361
1787152385.9885,2026-08-19 17:13:05.988,10,c3,1,0,-0.03944,-0.49601,0.04091,-4.39,10.3099,-20.8825,-0.0668,0.0167,-0.2262,3.75294,21.0,24.0,21.0,21.0,33.0,32.0,21.0,27.0,32.0,34.0,23.0,24.0,28.0,40.0,22.0,23.0,27.0,22.0,25.0,21.0,22.0,21.0,21.0,22.0,22.0,22.0,22.0,21.0,22.0,22.0,21.0,22.0,21.0,21.0,21.0,21.0,22.0,21.0,10.0,hold,9,9,11.0944
1787152386.0386,2026-08-19 17:13:06.038,10,c3,1,0,-0.03944,-0.49601,0.04091,-4.4492,10.4821,-20.9529,-0.073,0.018,-0.2336,3.76125,21.0,24.0,21.0,21.0,33.0,32.0,21.0,27.0,32.0,34.0,23.0,24.0,28.0,40.0,22.0,23.0,27.0,22.0,25.0,21.0,22.0,21.0,21.0,22.0,22.0,22.0,22.0,21.0,22.0,22.0,21.0,22.0,21.0,21.0,21.0,21.0,22.0,21.0,10.0,hold,9,9,11.0205
1787152386.0887,2026-08-19 17:13:06.088,10,c3,1,0,-0.03944,-0.49602,0.04092,-4.3393,10.0659,-20.9958,-0.0608,0.0195,-0.2309,3.75596,25.0,24.0,22.0,25.0,33.0,33.0,22.0,23.0,32.0,34.0,23.0,20.0,27.0,38.0,22.0,20.0,28.0,22.0,22.0,21.0,22.0,21.0,21.0,22.0,22.0,22.0,22.0,21.0,22.0,22.0,21.0,22.0,21.0,21.0,21.0,21.0,22.0,21.0,10.0,hold,9,9,11.0675
1787152386.1389,2026-08-19 17:13:06.138,10,c3,1,0,-0.03943,-0.49601,0.04092,-4.659,10.4762,-20.8266,-0.072,0.0131,-0.2313,3.75193,25.0,24.0,22.0,25.0,33.0,33.0,22.0,23.0,32.0,34.0,23.0,20.0,27.0,38.0,22.0,20.0,28.0,22.0,22.0,21.0,22.0,21.0,21.0,22.0,22.0,22.0,22.0,21.0,22.0,22.0,21.0,22.0,21.0,21.0,21.0,21.0,22.0,21.0,10.0,hold,9,9,11.1033
1787152386.189,2026-08-19 17:13:06.189,10,c3,1,0,-0.03944,-0.496,0.04092,-4.6485,10.7222,-20.7652,-0.0812,0.0161,-0.2326,3.75949,22.0,22.0,21.0,20.0,32.0,33.0,22.0,25.0,33.0,34.0,22.0,21.0,29.0,37.0,21.0,23.0,27.0,21.0,24.0,21.0,22.0,21.0,21.0,22.0,22.0,22.0,22.0,21.0,22.0,22.0,21.0,22.0,21.0,21.0,21.0,21.0,22.0,21.0,10.0,hold,9,9,11.0361
1787152386.2391,2026-08-19 17:13:06.239,10,c3,1,0,-0.03944,-0.496,0.04091,-4.5063,10.4292,-21.0316,-0.0699,0.0156,-0.2357,3.75345,22.0,24.0,22.0,22.0,32.0,34.0,20.0,27.0,32.0,33.0,23.0,23.0,28.0,38.0,22.0,21.0,27.0,21.0,24.0,21.0,22.0,21.0,21.0,22.0,22.0,22.0,22.0,21.0,22.0,22.0,21.0,22.0,21.0,21.0,21.0,21.0,22.0,21.0,10.0,hold,9,9,11.0899
1787152386.2892,2026-08-19 17:13:06.289,10,c3,1,0,-0.03944,-0.496,0.04091,-4.5868,10.6701,-20.6911,-0.0771,0.0158,-0.2346,3.75873,22.0,24.0,22.0,22.0,32.0,34.0,20.0,27.0,32.0,33.0,23.0,23.0,28.0,38.0,22.0,21.0,27.0,21.0,24.0,21.0,22.0,21.0,21.0,22.0,22.0,22.0,22.0,21.0,22.0,22.0,21.0,22.0,21.0,21.0,21.0,21.0,22.0,21.0,10.0,hold,9,9,11.0429
1787152386.3393,2026-08-19 17:13:06.339,10,c3,1,0,-0.03945,-0.49601,0.04091,-4.4664,10.3638,-20.9231,-0.0678,0.0174,-0.2284,3.75747,22.0,24.0,21.0,22.0,32.0,32.0,23.0,24.0,31.0,34.0,23.0,20.0,26.0,38.0,22.0,21.0,27.0,22.0,23.0,21.0,22.0,21.0,21.0,22.0,22.0,22.0,22.0,21.0,22.0,22.0,21.0,22.0,21.0,21.0,21.0,21.0,22.0,21.0,10.0,hold,9,9,11.0541
1787152386.3895,2026-08-19 17:13:06.389,10,c3,1,0,-0.03944,-0.49601,0.04092,-4.2412,10.1295,-20.8105,-0.0668,0.0221,-0.2296,3.75395,22.0,24.0,21.0,22.0,32.0,32.0,23.0,24.0,31.0,34.0,23.0,20.0,26.0,38.0,22.0,21.0,27.0,22.0,23.0,21.0,22.0,21.0,21.0,22.0,22.0,22.0,22.0,21.0,22.0,22.0,21.0,22.0,21.0,21.0,21.0,21.0,22.0,21.0,10.0,hold,9,9,11.0854
1787152386.4396,2026-08-19 17:13:06.439,10,c3,1,0,-0.03944,-0.496,0.0409,-4.5202,10.5163,-20.9954,-0.0694,0.0154,-0.2312,3.76125,23.0,22.0,22.0,22.0,31.0,33.0,23.0,24.0,32.0,34.0,23.0,22.0,27.0,39.0,23.0,22.0,28.0,23.0,23.0,21.0,22.0,21.0,21.0,22.0,22.0,22.0,22.0,21.0,22.0,22.0,21.0,22.0,21.0,21.0,21.0,21.0,22.0,21.0,10.0,hold,9,9,11.0205
1787152386.4897,2026-08-19 17:13:06.489,10,c3,1,0,-0.03943,-0.49602,0.04092,-4.6274,10.6287,-20.8799,-0.0716,0.0103,-0.2344,3.75924,23.0,23.0,22.0,22.0,33.0,33.0,23.0,24.0,32.0,33.0,21.0,20.0,28.0,36.0,21.0,19.0,26.0,21.0,21.0,21.0,22.0,21.0,21.0,22.0,22.0,22.0,22.0,21.0,22.0,22.0,21.0,22.0,21.0,21.0,21.0,21.0,22.0,21.0,10.0,hold,9,9,11.0384
1787152386.5398,2026-08-19 17:13:06.539,10,c3,1,0,-0.03946,-0.49602,0.04092,-4.5092,10.2632,-21.0495,-0.07,0.0147,-0.2308,3.75168,23.0,23.0,22.0,22.0,33.0,33.0,23.0,24.0,32.0,33.0,21.0,20.0,28.0,36.0,21.0,19.0,26.0,21.0,21.0,21.0,22.0,21.0,21.0,22.0,22.0,22.0,22.0,21.0,22.0,22.0,21.0,22.0,21.0,21.0,21.0,21.0,22.0,21.0,10.0,hold,9,9,11.1056
1787152386.5898,2026-08-19 17:13:06.589,10,c3,1,0,-0.03943,-0.49601,0.04091,-4.6568,10.5045,-20.9594,-0.0714,0.0144,-0.2321,3.76352,22.0,23.0,21.0,20.0,33.0,31.0,22.0,24.0,33.0,33.0,25.0,20.0,30.0,39.0,25.0,21.0,27.0,24.0,22.0,21.0,22.0,21.0,21.0,22.0,22.0,22.0,22.0,21.0,22.0,22.0,21.0,22.0,21.0,21.0,21.0,21.0,22.0,21.0,10.0,hold,9,9,11.0003
1787152386.6399,2026-08-19 17:13:06.639,10,c3,1,0,-0.03944,-0.49601,0.04092,-4.4593,10.5115,-20.6912,-0.0778,0.0181,-0.2266,3.75345,22.0,23.0,21.0,20.0,33.0,31.0,22.0,24.0,33.0,33.0,25.0,20.0,30.0,39.0,25.0,21.0,27.0,24.0,22.0,21.0,22.0,21.0,21.0,22.0,22.0,22.0,22.0,21.0,22.0,22.0,21.0,22.0,21.0,21.0,21.0,21.0,22.0,21.0,10.0,hold,9,9,11.0899
1787152386.69,2026-08-19 17:13:06.690,10,c3,1,0,-0.03945,-0.49602,0.04092,-4.7978,10.5743,-20.8554,-0.0717,0.0063,-0.2342,3.76427,23.0,25.0,21.0,23.0,34.0,33.0,24.0,25.0,32.0,33.0,23.0,20.0,29.0,37.0,22.0,21.0,26.0,21.0,23.0,21.0,22.0,21.0,21.0,22.0,22.0,22.0,22.0,21.0,22.0,22.0,21.0,22.0,21.0,21.0,21.0,21.0,22.0,21.0,10.0,hold,9,9,10.9936
1787152386.7402,2026-08-19 17:13:06.740,10,c3,1,0,-0.03943,-0.49602,0.04093,-4.6896,10.7221,-20.7493,-0.0776,0.0129,-0.2319,3.75621,23.0,25.0,21.0,23.0,34.0,33.0,24.0,25.0,32.0,33.0,23.0,20.0,29.0,37.0,22.0,21.0,26.0,21.0,23.0,21.0,22.0,21.0,21.0,22.0,22.0,22.0,22.0,21.0,22.0,22.0,21.0,22.0,21.0,21.0,21.0,21.0,22.0,21.0,10.0,hold,9,9,11.0653
1787152386.7902,2026-08-19 17:13:06.790,10,c3,1,0,-0.03945,-0.49602,0.04092,-4.4759,10.4169,-20.8315,-0.0683,0.0174,-0.2246,3.75798,22.0,24.0,21.0,22.0,33.0,32.0,23.0,23.0,31.0,32.0,24.0,20.0,27.0,37.0,23.0,18.0,26.0,22.0,21.0,21.0,22.0,21.0,21.0,22.0,22.0,22.0,22.0,21.0,22.0,22.0,21.0,22.0,21.0,21.0,21.0,21.0,22.0,21.0,10.0,hold,9,9,11.0496
1787152386.8404,2026-08-19 17:13:06.840,10,c3,1,0,-0.03944,-0.49601,0.04092,-4.8553,10.5779,-20.7785,-0.0737,0.0056,-0.2359,3.75546,22.0,23.0,21.0,21.0,32.0,33.0,23.0,27.0,31.0,33.0,24.0,23.0,27.0,36.0,23.0,21.0,25.0,23.0,25.0,21.0,22.0,21.0,21.0,22.0,22.0,22.0,22.0,21.0,22.0,22.0,21.0,22.0,21.0,21.0,21.0,21.0,22.0,21.0,10.0,hold,9,9,11.072
1787152386.8905,2026-08-19 17:13:06.890,10,c3,1,0,-0.03944,-0.49601,0.04091,-4.6977,10.3315,-20.7996,-0.0711,0.0143,-0.2302,3.75898,22.0,23.0,21.0,21.0,32.0,33.0,23.0,27.0,31.0,33.0,24.0,23.0,27.0,36.0,23.0,21.0,25.0,23.0,25.0,21.0,22.0,21.0,21.0,22.0,22.0,22.0,22.0,21.0,22.0,22.0,21.0,22.0,21.0,21.0,21.0,21.0,22.0,21.0,10.0,hold,9,9,11.0406
1787152386.9406,2026-08-19 17:13:06.940,10,c3,1,0,-0.03944,-0.49602,0.04091,-4.7033,10.3842,-20.9131,-0.0725,0.0114,-0.2305,3.7547,24.0,22.0,20.0,23.0,32.0,31.0,22.0,26.0,33.0,32.0,22.0,22.0,28.0,37.0,22.0,23.0,27.0,23.0,24.0,21.0,22.0,21.0,21.0,22.0,22.0,22.0,22.0,21.0,22.0,22.0,21.0,22.0,21.0,21.0,21.0,21.0,22.0,21.0,10.0,hold,9,9,11.0787
1787152386.9908,2026-08-19 17:13:06.990,10,c3,1,0,-0.03942,-0.49602,0.04092,-4.4974,10.3742,-20.8795,-0.0684,0.0177,-0.2312,3.75898,24.0,22.0,20.0,23.0,32.0,31.0,22.0,26.0,33.0,32.0,22.0,22.0,28.0,37.0,22.0,23.0,27.0,23.0,24.0,21.0,22.0,21.0,21.0,22.0,22.0,22.0,22.0,21.0,22.0,22.0,21.0,22.0,21.0,21.0,21.0,21.0,22.0,21.0,10.0,hold,9,9,11.0406
1787152387.0409,2026-08-19 17:13:07.040,10,c3,1,0,-0.03944,-0.49601,0.04092,-4.4045,10.146,-20.9071,-0.0636,0.0193,-0.2247,3.75345,26.0,25.0,20.0,25.0,33.0,32.0,22.0,24.0,32.0,33.0,22.0,20.0,28.0,37.0,21.0,20.0,26.0,21.0,23.0,21.0,22.0,21.0,21.0,22.0,22.0,22.0,22.0,21.0,22.0,22.0,21.0,22.0,21.0,21.0,21.0,21.0,22.0,21.0,10.0,hold,9,9,11.0899
1787152387.091,2026-08-19 17:13:07.090,10,c3,1,0,-0.03944,-0.49601,0.04092,-4.8001,10.7443,-20.9294,-0.0782,0.0061,-0.232,3.76276,22.0,24.0,20.0,22.0,33.0,32.0,22.0,26.0,33.0,33.0,22.0,23.0,29.0,37.0,23.0,21.0,26.0,22.0,24.0,21.0,22.0,21.0,21.0,22.0,22.0,22.0,22.0,21.0,22.0,22.0,21.0,22.0,21.0,21.0,21.0,21.0,22.0,21.0,10.0,hold,9,9,11.007
1787152387.1412,2026-08-19 17:13:07.141,10,c3,1,0,-0.03943,-0.49601,0.04091,-4.7319,10.5188,-21.0833,-0.0717,0.0132,-0.228,3.761,22.0,24.0,20.0,22.0,33.0,32.0,22.0,26.0,33.0,33.0,22.0,23.0,29.0,37.0,23.0,21.0,26.0,22.0,24.0,21.0,22.0,21.0,21.0,22.0,22.0,22.0,22.0,21.0,22.0,22.0,21.0,22.0,21.0,21.0,21.0,21.0,22.0,21.0,10.0,hold,9,9,11.0227
1787152387.1912,2026-08-19 17:13:07.191,10,c3,1,0,-0.03944,-0.49602,0.04092,-4.6131,10.3789,-20.9035,-0.0712,0.0146,-0.2327,3.76125,24.0,24.0,22.0,22.0,32.0,32.0,22.0,25.0,32.0,32.0,23.0,22.0,28.0,36.0,22.0,22.0,27.0,21.0,23.0,21.0,22.0,21.0,21.0,22.0,22.0,22.0,22.0,21.0,22.0,22.0,21.0,22.0,21.0,21.0,21.0,21.0,22.0,21.0,10.0,hold,9,9,11.0205
1787152387.2414,2026-08-19 17:13:07.241,10,c3,1,0,-0.03945,-0.49601,0.04091,-4.6559,10.3449,-20.9794,-0.0665,0.0181,-0.2339,3.75546,24.0,24.0,22.0,22.0,32.0,32.0,22.0,25.0,32.0,32.0,23.0,22.0,28.0,36.0,22.0,22.0,27.0,21.0,23.0,21.0,22.0,21.0,21.0,22.0,22.0,22.0,22.0,21.0,22.0,22.0,21.0,22.0,21.0,21.0,21.0,21.0,22.0,21.0,10.0,hold,9,9,11.072
1787152387.2915,2026-08-19 17:13:07.291,10,c3,1,0,-0.03944,-0.496,0.0409,-4.5165,10.245,-20.9087,-0.0686,0.0145,-0.2279,3.76452,23.0,24.0,21.0,22.0,33.0,32.0,22.0,26.0,31.0,33.0,22.0,22.0,27.0,38.0,21.0,22.0,28.0,21.0,24.0,21.0,22.0,21.0,21.0,22.0,22.0,22.0,22.0,21.0,22.0,22.0,21.0,22.0,21.0,21.0,21.0,21.0,22.0,21.0,10.0,hold,9,9,10.9913
1787152387.3416,2026-08-19 17:13:07.341,10,c3,1,0,-0.03944,-0.49601,0.04091,-4.3562,10.4071,-21.0635,-0.0674,0.0195,-0.229,3.75345,24.0,25.0,21.0,23.0,33.0,33.0,22.0,25.0,32.0,33.0,22.0,22.0,27.0,38.0,22.0,21.0,27.0,22.0,24.0,21.0,22.0,21.0,21.0,22.0,22.0,22.0,22.0,21.0,22.0,22.0,21.0,22.0,21.0,21.0,21.0,21.0,22.0,21.0,10.0,hold,9,9,11.0899
1787152387.3917,2026-08-19 17:13:07.391,10,c3,1,0,-0.03944,-0.49601,0.04091,-4.3342,10.1686,-20.9695,-0.0642,0.0238,-0.2256,3.76729,24.0,25.0,21.0,23.0,33.0,33.0,22.0,25.0,32.0,33.0,22.0,22.0,27.0,38.0,22.0,21.0,27.0,22.0,24.0,21.0,22.0,21.0,21.0,22.0,22.0,22.0,22.0,21.0,22.0,22.0,21.0,22.0,21.0,21.0,21.0,21.0,22.0,21.0,10.0,hold,9,9,10.9667
1787152387.4418,2026-08-19 17:13:07.441,10,c3,1,0,-0.03945,-0.49601,0.04091,-4.6289,10.5685,-20.8607,-0.0758,0.0143,-0.2261,3.75571,24.0,23.0,22.0,22.0,32.0,32.0,22.0,25.0,33.0,33.0,22.0,21.0,29.0,37.0,22.0,21.0,27.0,21.0,23.0,21.0,22.0,21.0,21.0,22.0,22.0,22.0,22.0,21.0,22.0,22.0,21.0,22.0,21.0,21.0,21.0,21.0,22.0,21.0,10.0,hold,9,9,11.0697
1787152387.4919,2026-08-19 17:13:07.491,10,c3,1,0,-0.03945,-0.49601,0.04092,-4.2407,9.8875,-21.2005,-0.0574,0.0222,-0.228,3.76654,24.0,23.0,22.0,22.0,32.0,32.0,22.0,25.0,33.0,33.0,22.0,21.0,29.0,37.0,22.0,21.0,27.0,21.0,23.0,21.0,22.0,21.0,21.0,22.0,22.0,22.0,22.0,21.0,22.0,22.0,21.0,22.0,21.0,21.0,21.0,21.0,22.0,21.0,10.0,hold,9,9,10.9734
1787152387.542,2026-08-19 17:13:07.542,10,c3,1,0,-0.03945,-0.49601,0.04091,-4.5182,10.5809,-20.8865,-0.074,0.0161,-0.2274,3.75823,22.0,25.0,23.0,22.0,33.0,35.0,20.0,26.0,32.0,33.0,22.0,23.0,28.0,39.0,21.0,21.0,28.0,21.0,24.0,21.0,22.0,21.0,21.0,22.0,22.0,22.0,22.0,21.0,22.0,22.0,21.0,22.0,21.0,21.0,21.0,21.0,22.0,21.0,10.0,hold,9,9,11.0473
1787152387.5921,2026-08-19 17:13:07.592,10,c3,1,0,-0.03944,-0.49599,0.0409,-4.7465,10.3303,-20.827,-0.0662,0.011,-0.2312,3.76301,23.0,25.0,22.0,23.0,33.0,32.0,21.0,24.0,32.0,33.0,22.0,19.0,28.0,37.0,21.0,19.0,26.0,20.0,21.0,21.0,22.0,21.0,21.0,22.0,22.0,22.0,22.0,21.0,22.0,22.0,21.0,22.0,21.0,21.0,21.0,21.0,22.0,21.0,10.0,hold,9,9,11.0048
1787152387.6422,2026-08-19 17:13:07.642,10,c3,1,0,-0.03943,-0.49601,0.04093,-4.6535,10.7708,-21.0155,-0.08,0.0104,-0.2365,3.75974,23.0,25.0,22.0,23.0,33.0,32.0,21.0,24.0,32.0,33.0,22.0,19.0,28.0,37.0,21.0,19.0,26.0,20.0,21.0,21.0,22.0,21.0,21.0,22.0,22.0,22.0,22.0,21.0,22.0,22.0,21.0,22.0,21.0,21.0,21.0,21.0,22.0,21.0,10.0,hold,9,9,11.0339
1787152387.6923,2026-08-19 17:13:07.692,10,c3,1,0,-0.03944,-0.49602,0.04091,-4.6668,10.7386,-21.1058,-0.0797,0.0113,-0.2309,3.75193,20.0,23.0,22.0,19.0,32.0,33.0,22.0,24.0,32.0,34.0,24.0,21.0,28.0,39.0,23.0,20.0,28.0,23.0,22.0,21.0,22.0,21.0,21.0,22.0,22.0,22.0,22.0,21.0,22.0,22.0,21.0,22.0,21.0,21.0,21.0,21.0,22.0,21.0,10.0,hold,9,9,11.1033
1787152387.7425,2026-08-19 17:13:07.742,10,c3,1,0,-0.03945,-0.49601,0.04092,-4.4196,10.461,-21.0358,-0.0702,0.02,-0.2287,3.76125,20.0,23.0,22.0,19.0,32.0,33.0,22.0,24.0,32.0,34.0,24.0,21.0,28.0,39.0,23.0,20.0,28.0,23.0,22.0,21.0,22.0,21.0,21.0,22.0,22.0,22.0,22.0,21.0,22.0,22.0,21.0,22.0,21.0,21.0,21.0,21.0,22.0,21.0,10.0,hold,9,9,11.0205
1787152387.7926,2026-08-19 17:13:07.792,10,c3,0,0,-0.03943,-0.496,0.04092,-4.5238,10.3403,-21.059,-0.0668,0.0163,-0.2311,3.76175,22.0,26.0,23.0,21.0,33.0,33.0,24.0,27.0,34.0,35.0,22.0,23.0,31.0,39.0,22.0,22.0,28.0,21.0,23.0,21.0,22.0,21.0,21.0,22.0,22.0,22.0,22.0,21.0,22.0,22.0,21.0,22.0,21.0,21.0,21.0,21.0,22.0,21.0,10.0,retract,9,9,11.016
1787152387.8427,2026-08-19 17:13:07.842,10,c3,0,0,-0.03944,-0.49601,0.04096,-4.5146,10.5984,-20.9928,-0.0728,0.0178,-0.2252,3.78189,22.0,26.0,23.0,21.0,33.0,33.0,24.0,27.0,34.0,35.0,22.0,23.0,31.0,39.0,22.0,22.0,28.0,21.0,23.0,21.0,22.0,21.0,21.0,22.0,22.0,22.0,22.0,21.0,22.0,22.0,21.0,22.0,21.0,21.0,21.0,21.0,22.0,21.0,10.0,retract,9,9,10.8368
1787152387.8928,2026-08-19 17:13:07.892,10,c3,0,0,-0.03943,-0.49599,0.041,-4.461,10.0923,-20.7805,-0.0612,0.018,-0.234,3.80329,23.0,26.0,22.0,22.0,35.0,32.0,23.0,24.0,32.0,33.0,22.0,22.0,28.0,38.0,24.0,20.0,27.0,21.0,21.0,21.0,22.0,21.0,21.0,22.0,22.0,22.0,22.0,21.0,22.0,22.0,21.0,22.0,21.0,21.0,21.0,21.0,22.0,21.0,10.0,retract,9,9,10.6464
1787152387.9429,2026-08-19 17:13:07.942,10,c3,0,0,-0.03943,-0.496,0.0411,-4.0819,10.4489,-21.0971,-0.0752,0.0269,-0.234,3.85113,21.0,24.0,21.0,22.0,33.0,33.0,22.0,24.0,31.0,35.0,23.0,20.0,28.0,39.0,23.0,21.0,29.0,22.0,21.0,21.0,22.0,21.0,21.0,22.0,22.0,22.0,22.0,21.0,22.0,22.0,21.0,22.0,21.0,21.0,21.0,21.0,22.0,21.0,10.0,retract,9,9,10.2208
1787152387.993,2026-08-19 17:13:07.993,10,c3,0,0,-0.03945,-0.49599,0.04126,-4.3465,10.2526,-21.4922,-0.0696,0.0185,-0.2318,3.91962,21.0,24.0,21.0,22.0,33.0,33.0,22.0,24.0,31.0,35.0,23.0,20.0,28.0,39.0,23.0,21.0,29.0,22.0,21.0,21.0,22.0,21.0,21.0,22.0,22.0,22.0,22.0,21.0,22.0,22.0,21.0,22.0,21.0,21.0,21.0,21.0,22.0,21.0,10.0,retract,9,9,9.6116
1787152388.0431,2026-08-19 17:13:08.043,10,c3,0,0,-0.03945,-0.496,0.04146,-4.5732,10.508,-21.7071,-0.073,0.0127,-0.2258,3.99238,22.0,23.0,22.0,23.0,32.0,33.0,23.0,26.0,33.0,33.0,23.0,22.0,29.0,38.0,23.0,21.0,28.0,21.0,24.0,21.0,22.0,21.0,21.0,22.0,22.0,22.0,22.0,21.0,22.0,22.0,21.0,22.0,21.0,21.0,21.0,21.0,22.0,21.0,10.0,retract,9,9,8.9642
1787152388.0933,2026-08-19 17:13:08.093,10,c3,0,0,-0.03943,-0.49599,0.04166,-4.7171,10.2533,-21.7417,-0.0695,0.0098,-0.2333,4.07194,22.0,23.0,22.0,23.0,32.0,33.0,23.0,26.0,33.0,33.0,23.0,22.0,29.0,38.0,23.0,21.0,28.0,21.0,24.0,21.0,22.0,21.0,21.0,22.0,22.0,22.0,22.0,21.0,22.0,22.0,21.0,22.0,21.0,21.0,21.0,21.0,22.0,21.0,10.0,retract,9,9,8.2564
1787152388.1434,2026-08-19 17:13:08.143,10,c3,0,0,-0.03944,-0.49598,0.04189,-4.7022,10.4134,-22.1646,-0.0707,0.0077,-0.2275,4.14722,25.0,23.0,21.0,24.0,32.0,32.0,23.0,24.0,33.0,33.0,22.0,21.0,31.0,36.0,22.0,20.0,27.0,22.0,23.0,21.0,22.0,21.0,21.0,22.0,22.0,22.0,22.0,21.0,22.0,22.0,21.0,22.0,21.0,21.0,21.0,21.0,22.0,21.0,10.0,retract,9,9,7.5867
1787152388.1935,2026-08-19 17:13:08.193,10,c3,0,0,-0.03943,-0.49597,0.04214,-4.5555,10.5653,-22.5387,-0.0724,0.0114,-0.2349,4.21973,22.0,26.0,20.0,22.0,33.0,32.0,22.0,24.0,32.0,31.0,24.0,21.0,29.0,36.0,24.0,21.0,27.0,23.0,22.0,21.0,22.0,21.0,21.0,22.0,22.0,22.0,22.0,21.0,22.0,22.0,21.0,22.0,21.0,21.0,21.0,21.0,22.0,21.0,10.0,retract,9,9,6.9416
1787152388.2436,2026-08-19 17:13:08.243,10,c3,0,0,-0.03944,-0.49604,0.0425,-4.6664,10.4679,-22.9143,-0.0778,0.0089,-0.2363,4.31389,22.0,26.0,20.0,22.0,33.0,32.0,22.0,24.0,32.0,31.0,24.0,21.0,29.0,36.0,24.0,21.0,27.0,23.0,22.0,21.0,22.0,21.0,21.0,22.0,22.0,22.0,22.0,21.0,22.0,22.0,21.0,22.0,21.0,21.0,21.0,21.0,22.0,21.0,10.0,retract,9,9,6.1039
1787152388.2938,2026-08-19 17:13:08.293,10,c3,0,0,-0.03946,-0.49602,0.04279,-4.3106,10.5695,-23.4453,-0.0829,0.0136,-0.2298,4.39572,23.0,25.0,23.0,23.0,33.0,31.0,22.0,25.0,31.0,31.0,23.0,21.0,28.0,37.0,23.0,22.0,26.0,22.0,24.0,21.0,22.0,21.0,21.0,22.0,22.0,22.0,22.0,21.0,22.0,22.0,21.0,22.0,21.0,21.0,21.0,21.0,22.0,21.0,10.0,retract,9,9,5.3759
1787152388.3439,2026-08-19 17:13:08.343,10,c3,0,0,-0.03947,-0.49601,0.04313,-4.4223,10.4451,-23.412,-0.0759,0.0088,-0.2371,4.46294,23.0,25.0,23.0,23.0,33.0,31.0,22.0,25.0,31.0,31.0,23.0,21.0,28.0,37.0,23.0,22.0,26.0,22.0,24.0,21.0,22.0,21.0,21.0,22.0,22.0,22.0,22.0,21.0,22.0,22.0,21.0,22.0,21.0,21.0,21.0,21.0,22.0,21.0,10.0,retract,9,9,4.7779
1787152388.394,2026-08-19 17:13:08.393,10,c3,0,0,-0.03944,-0.496,0.04344,-4.3608,10.5268,-23.8593,-0.0806,0.0114,-0.2325,4.53092,24.0,24.0,22.0,23.0,32.0,32.0,22.0,24.0,30.0,30.0,23.0,20.0,28.0,35.0,23.0,19.0,27.0,22.0,22.0,21.0,22.0,21.0,21.0,22.0,22.0,22.0,22.0,21.0,22.0,22.0,21.0,22.0,21.0,21.0,21.0,21.0,22.0,21.0,10.0,retract,9,9,4.1731
1787152388.444,2026-08-19 17:13:08.444,10,c3,0,0,-0.03942,-0.49599,0.04379,-4.4116,10.6456,-23.9055,-0.0834,0.0098,-0.2314,4.59185,23.0,24.0,21.0,22.0,31.0,29.0,22.0,25.0,30.0,30.0,22.0,21.0,27.0,34.0,23.0,21.0,27.0,21.0,23.0,21.0,22.0,21.0,21.0,22.0,22.0,22.0,22.0,21.0,22.0,22.0,21.0,22.0,21.0,21.0,21.0,21.0,22.0,21.0,10.0,retract,9,9,3.6311
1787152388.4941,2026-08-19 17:13:08.494,10,c3,0,0,-0.03943,-0.49599,0.04412,-4.3026,10.4211,-24.1564,-0.0825,0.0119,-0.226,4.64296,23.0,24.0,21.0,22.0,31.0,29.0,22.0,25.0,30.0,30.0,22.0,21.0,27.0,34.0,23.0,21.0,27.0,21.0,23.0,21.0,22.0,21.0,21.0,22.0,22.0,22.0,22.0,21.0,22.0,22.0,21.0,22.0,21.0,21.0,21.0,21.0,22.0,21.0,10.0,retract,9,9,3.1764
1787152388.5442,2026-08-19 17:13:08.544,10,c3,0,0,-0.03942,-0.49597,0.04443,-4.5808,10.4018,-24.3371,-0.0783,0.0083,-0.2323,4.67519,22.0,24.0,22.0,22.0,30.0,29.0,23.0,24.0,29.0,28.0,24.0,19.0,27.0,32.0,23.0,21.0,27.0,23.0,24.0,21.0,22.0,21.0,21.0,22.0,22.0,22.0,22.0,21.0,22.0,22.0,21.0,22.0,21.0,21.0,21.0,21.0,22.0,21.0,10.0,retract,9,9,2.8897
1787152388.5944,2026-08-19 17:13:08.594,10,c3,0,0,-0.03943,-0.49597,0.04476,-4.4063,10.4404,-24.3454,-0.0808,0.0079,-0.2357,4.6908,22.0,24.0,22.0,22.0,30.0,29.0,23.0,24.0,29.0,28.0,24.0,19.0,27.0,32.0,23.0,21.0,27.0,23.0,24.0,21.0,22.0,21.0,21.0,22.0,22.0,22.0,22.0,21.0,22.0,22.0,21.0,22.0,21.0,21.0,21.0,21.0,22.0,21.0,10.0,retract,9,9,2.7508
1787152388.6445,2026-08-19 17:13:08.644,10,c3,0,0,-0.03943,-0.49598,0.0451,-4.1199,10.3198,-24.5612,-0.0728,0.0154,-0.2261,4.68929,23.0,22.0,20.0,22.0,29.0,27.0,22.0,22.0,27.0,29.0,22.0,19.0,27.0,32.0,21.0,20.0,26.0,21.0,22.0,21.0,22.0,21.0,21.0,22.0,22.0,22.0,22.0,21.0,22.0,22.0,21.0,22.0,21.0,21.0,21.0,21.0,22.0,21.0,10.0,retract,9,9,2.7642
1787152388.6946,2026-08-19 17:13:08.694,10,c3,0,0,-0.03943,-0.496,0.04543,-4.2327,10.1915,-24.6144,-0.0747,0.0114,-0.2291,4.68979,23.0,22.0,20.0,22.0,29.0,27.0,22.0,22.0,27.0,29.0,22.0,19.0,27.0,32.0,21.0,20.0,26.0,21.0,22.0,21.0,22.0,21.0,21.0,22.0,22.0,22.0,22.0,21.0,22.0,22.0,21.0,22.0,21.0,21.0,21.0,21.0,22.0,21.0,10.0,retract,9,9,2.7597
1787152388.7447,2026-08-19 17:13:08.744,10,c3,0,0,-0.03944,-0.496,0.04579,-4.3783,10.1723,-24.4631,-0.0743,0.0097,-0.2291,4.69407,21.0,23.0,20.0,21.0,29.0,26.0,23.0,22.0,26.0,29.0,23.0,18.0,25.0,31.0,23.0,18.0,25.0,23.0,21.0,21.0,22.0,21.0,21.0,22.0,22.0,22.0,22.0,21.0,22.0,22.0,21.0,22.0,21.0,21.0,21.0,21.0,22.0,21.0,10.0,retract,9,9,2.7217
1787152388.7948,2026-08-19 17:13:08.794,10,c3,0,0,-0.03943,-0.496,0.04612,-4.1012,10.1986,-24.7131,-0.0763,0.0161,-0.2299,4.69684,20.0,23.0,18.0,19.0,29.0,25.0,21.0,23.0,26.0,27.0,21.0,20.0,24.0,29.0,22.0,20.0,25.0,21.0,22.0,21.0,22.0,21.0,21.0,22.0,22.0,22.0,22.0,21.0,22.0,22.0,21.0,22.0,21.0,21.0,21.0,21.0,22.0,21.0,10.0,retract,9,9,2.697
1787152388.8448,2026-08-19 17:13:08.844,10,c3,0,0,-0.03944,-0.49601,0.04646,-4.3002,10.2846,-24.5426,-0.0757,0.0132,-0.2326,4.68602,20.0,23.0,18.0,19.0,29.0,25.0,21.0,23.0,26.0,27.0,21.0,20.0,24.0,29.0,22.0,20.0,25.0,21.0,22.0,21.0,22.0,21.0,21.0,22.0,22.0,22.0,22.0,21.0,22.0,22.0,21.0,22.0,21.0,21.0,21.0,21.0,22.0,21.0,10.0,retract,9,9,2.7933
1787152388.8949,2026-08-19 17:13:08.894,10,c3,0,0,-0.03943,-0.49599,0.04681,-4.3183,10.2157,-24.6004,-0.0731,0.0076,-0.2364,4.68954,22.0,23.0,19.0,22.0,27.0,24.0,21.0,23.0,27.0,27.0,20.0,19.0,26.0,30.0,21.0,19.0,26.0,22.0,22.0,21.0,22.0,21.0,21.0,22.0,22.0,22.0,22.0,21.0,22.0,22.0,21.0,22.0,21.0,21.0,21.0,21.0,22.0,21.0,10.0,retract,9,9,2.762
1787152388.945,2026-08-19 17:13:08.945,10,c3,0,0,-0.03942,-0.49601,0.04716,-4.0356,10.2374,-24.4641,-0.0798,0.0184,-0.2305,4.69332,22.0,23.0,19.0,22.0,27.0,24.0,21.0,23.0,27.0,27.0,20.0,19.0,26.0,30.0,21.0,19.0,26.0,22.0,22.0,21.0,22.0,21.0,21.0,22.0,22.0,22.0,22.0,21.0,22.0,22.0,21.0,22.0,21.0,21.0,21.0,21.0,22.0,21.0,10.0,retract,9,9,2.7284
1787152388.9951,2026-08-19 17:13:08.995,10,c3,0,0,-0.03944,-0.49601,0.0475,-3.8331,9.9231,-24.5379,-0.0697,0.0251,-0.2272,4.69659,21.0,24.0,19.0,21.0,28.0,25.0,20.0,22.0,25.0,27.0,21.0,18.0,24.0,28.0,22.0,19.0,25.0,22.0,22.0,21.0,22.0,21.0,21.0,22.0,22.0,22.0,22.0,21.0,22.0,22.0,21.0,22.0,21.0,21.0,21.0,21.0,22.0,21.0,10.0,retract,9,9,2.6993
1787152389.0452,2026-08-19 17:13:09.045,10,c3,0,0,-0.03942,-0.49599,0.0478,-3.7595,9.8941,-24.6671,-0.0674,0.0246,-0.2291,4.6986,20.0,22.0,19.0,20.0,27.0,23.0,20.0,21.0,25.0,26.0,23.0,17.0,26.0,27.0,23.0,19.0,23.0,23.0,21.0,21.0,22.0,21.0,21.0,22.0,22.0,22.0,22.0,21.0,22.0,22.0,21.0,22.0,21.0,21.0,21.0,21.0,22.0,21.0,10.0,retract,9,9,2.6813
1787152389.0953,2026-08-19 17:13:09.095,10,c3,0,0,-0.03945,-0.49598,0.04811,-3.6603,9.9979,-24.6916,-0.0704,0.026,-0.221,4.69483,20.0,22.0,19.0,20.0,27.0,23.0,20.0,21.0,25.0,26.0,23.0,17.0,26.0,27.0,23.0,19.0,23.0,23.0,21.0,21.0,22.0,21.0,21.0,22.0,22.0,22.0,22.0,21.0,22.0,22.0,21.0,22.0,21.0,21.0,21.0,21.0,22.0,21.0,10.0,retract,9,9,2.7149
1787152389.1455,2026-08-19 17:13:09.145,10,c3,0,0,-0.03942,-0.49598,0.04842,-4.25,10.3133,-24.5518,-0.0785,0.0132,-0.2297,4.69583,20.0,23.0,18.0,20.0,27.0,23.0,22.0,22.0,24.0,26.0,21.0,18.0,24.0,28.0,21.0,20.0,24.0,22.0,21.0,21.0,22.0,21.0,21.0,22.0,22.0,22.0,22.0,21.0,22.0,22.0,21.0,22.0,21.0,21.0,21.0,21.0,22.0,21.0,10.0,retract,9,9,2.706
1787152389.1956,2026-08-19 17:13:09.195,10,c3,0,0,-0.03944,-0.496,0.04881,-3.9373,9.9533,-24.4016,-0.0722,0.0242,-0.2251,4.6903,20.0,23.0,18.0,20.0,27.0,23.0,22.0,22.0,24.0,26.0,21.0,18.0,24.0,28.0,21.0,20.0,24.0,22.0,21.0,21.0,22.0,21.0,21.0,22.0,22.0,22.0,22.0,21.0,22.0,22.0,21.0,22.0,21.0,21.0,21.0,21.0,22.0,21.0,10.0,retract,9,9,2.7553
1787152389.2457,2026-08-19 17:13:09.245,10,c3,0,0,-0.03945,-0.496,0.04915,-4.6801,10.5808,-24.478,-0.0811,0.0006,-0.2371,4.69785,20.0,22.0,19.0,20.0,27.0,23.0,22.0,21.0,24.0,26.0,21.0,17.0,24.0,26.0,22.0,18.0,24.0,22.0,20.0,21.0,22.0,21.0,21.0,22.0,22.0,22.0,22.0,21.0,22.0,22.0,21.0,22.0,21.0,21.0,21.0,21.0,22.0,21.0,10.0,retract,9,9,2.6881
1787152389.2958,2026-08-19 17:13:09.295,10,c3,0,0,-0.03946,-0.49601,0.04947,-4.3737,10.4373,-24.4528,-0.0795,0.0102,-0.2319,4.69181,19.0,21.0,17.0,20.0,27.0,23.0,22.0,22.0,24.0,23.0,24.0,17.0,24.0,25.0,24.0,20.0,23.0,23.0,23.0,21.0,22.0,21.0,21.0,22.0,22.0,22.0,22.0,21.0,22.0,22.0,21.0,22.0,21.0,21.0,21.0,21.0,22.0,21.0,10.0,retract,9,9,2.7418
1787152389.3459,2026-08-19 17:13:09.345,10,c3,0,0,-0.03944,-0.496,0.04977,-4.2823,10.3382,-24.5878,-0.0756,0.0114,-0.2299,4.69281,19.0,21.0,17.0,20.0,27.0,23.0,22.0,22.0,24.0,23.0,24.0,17.0,24.0,25.0,24.0,20.0,23.0,23.0,23.0,21.0,22.0,21.0,21.0,22.0,22.0,22.0,22.0,21.0,22.0,22.0,21.0,22.0,21.0,21.0,21.0,21.0,22.0,21.0,10.0,retract,9,9,2.7329
1787152389.396,2026-08-19 17:13:09.395,10,c3,0,0,-0.03944,-0.496,0.05002,-4.1353,10.1551,-24.5528,-0.0759,0.0151,-0.2315,4.68778,21.0,22.0,17.0,19.0,27.0,20.0,22.0,23.0,25.0,26.0,21.0,19.0,25.0,27.0,20.0,20.0,24.0,21.0,22.0,21.0,22.0,21.0,21.0,22.0,22.0,22.0,22.0,21.0,22.0,22.0,21.0,22.0,21.0,21.0,21.0,21.0,22.0,21.0,10.0,retract,9,9,2.7777
1787152389.4461,2026-08-19 17:13:09.446,10,c3,0,0,-0.03942,-0.49599,0.05023,-4.0307,10.1136,-24.6091,-0.0716,0.0158,-0.2245,4.69105,21.0,22.0,17.0,19.0,27.0,20.0,22.0,23.0,25.0,26.0,21.0,19.0,25.0,27.0,20.0,20.0,24.0,21.0,22.0,21.0,22.0,21.0,21.0,22.0,22.0,22.0,22.0,21.0,22.0,22.0,21.0,22.0,21.0,21.0,21.0,21.0,22.0,21.0,10.0,retract,9,9,2.7485
1787152389.4963,2026-08-19 17:13:09.496,10,c3,0,0,-0.03945,-0.496,0.05043,-3.9158,10.1453,-24.5259,-0.0702,0.0228,-0.227,4.69684,19.0,23.0,18.0,21.0,27.0,23.0,20.0,21.0,24.0,26.0,21.0,18.0,24.0,27.0,21.0,19.0,24.0,22.0,20.0,21.0,22.0,21.0,21.0,22.0,22.0,22.0,22.0,21.0,22.0,22.0,21.0,22.0,21.0,21.0,21.0,21.0,22.0,21.0,10.0,retract,9,9,2.697
1787152389.5464,2026-08-19 17:13:09.546,10,c3,0,0,-0.03944,-0.49603,0.05058,-4.2034,10.398,-24.6216,-0.0787,0.0101,-0.2383,4.69206,20.0,21.0,18.0,20.0,26.0,22.0,20.0,22.0,23.0,25.0,21.0,17.0,23.0,25.0,21.0,17.0,22.0,20.0,19.0,21.0,22.0,21.0,21.0,22.0,22.0,22.0,22.0,21.0,22.0,22.0,21.0,22.0,21.0,21.0,21.0,21.0,22.0,21.0,10.0,retract,9,9,2.7396
1787152389.5966,2026-08-19 17:13:09.596,10,c3,0,0,-0.03944,-0.49603,0.05069,-4.2376,10.1769,-24.3542,-0.0742,0.0107,-0.23,4.68929,20.0,21.0,18.0,20.0,26.0,22.0,20.0,22.0,23.0,25.0,21.0,17.0,23.0,25.0,21.0,17.0,22.0,20.0,19.0,21.0,22.0,21.0,21.0,22.0,22.0,22.0,22.0,21.0,22.0,22.0,21.0,22.0,21.0,21.0,21.0,21.0,22.0,21.0,10.0,retract,9,9,2.7642
1787152389.6467,2026-08-19 17:13:09.646,10,c3,0,0,-0.03945,-0.49602,0.05076,-3.9798,9.8269,-24.6476,-0.0635,0.0182,-0.2269,4.70087,18.0,21.0,17.0,19.0,26.0,21.0,20.0,23.0,24.0,27.0,23.0,19.0,24.0,27.0,23.0,21.0,24.0,23.0,22.0,21.0,22.0,21.0,21.0,22.0,22.0,22.0,22.0,21.0,22.0,22.0,21.0,22.0,21.0,21.0,21.0,21.0,22.0,21.0,10.0,retract,9,9,2.6612
1787152389.6968,2026-08-19 17:13:09.696,10,c3,0,0,-0.03945,-0.49601,0.05082,-4.0665,9.9309,-24.5978,-0.0693,0.0132,-0.2252,4.69483,18.0,21.0,17.0,19.0,26.0,21.0,20.0,23.0,24.0,27.0,23.0,19.0,24.0,27.0,23.0,21.0,24.0,23.0,22.0,21.0,22.0,21.0,21.0,22.0,22.0,22.0,22.0,21.0,22.0,22.0,21.0,22.0,21.0,21.0,21.0,21.0,22.0,21.0,10.0,retract,9,9,2.7149
1787152389.7469,2026-08-19 17:13:09.746,10,c3,0,0,-0.03945,-0.496,0.05086,-4.0631,10.3332,-24.6955,-0.0762,0.0181,-0.2269,4.68325,22.0,22.0,19.0,22.0,26.0,24.0,23.0,24.0,25.0,26.0,21.0,19.0,25.0,26.0,21.0,20.0,24.0,21.0,21.0,21.0,22.0,21.0,21.0,22.0,22.0,22.0,22.0,21.0,22.0,22.0,21.0,22.0,21.0,21.0,21.0,21.0,22.0,21.0,10.0,retract,9,9,2.818
1787152389.7969,2026-08-19 17:13:09.796,10,c3,0,0,-0.03947,-0.49602,0.05089,-4.2308,10.3049,-24.5208,-0.0794,0.0116,-0.2267,4.69382,22.0,22.0,19.0,22.0,26.0,24.0,23.0,24.0,25.0,26.0,21.0,19.0,25.0,26.0,21.0,20.0,24.0,21.0,21.0,21.0,22.0,21.0,21.0,22.0,22.0,22.0,22.0,21.0,22.0,22.0,21.0,22.0,21.0,21.0,21.0,21.0,22.0,21.0,10.0,post,9,9,2.7239
1787152389.847,2026-08-19 17:13:09.847,10,c3,0,0,-0.03944,-0.49602,0.05092,-4.0105,10.087,-24.5942,-0.0708,0.0185,-0.2333,4.69055,23.0,22.0,19.0,21.0,27.0,23.0,21.0,22.0,23.0,27.0,22.0,19.0,24.0,27.0,22.0,19.0,24.0,21.0,22.0,21.0,22.0,21.0,21.0,22.0,22.0,22.0,22.0,21.0,22.0,22.0,21.0,22.0,21.0,21.0,21.0,21.0,22.0,21.0,10.0,post,9,9,2.753
1787152389.8972,2026-08-19 17:13:09.897,10,c3,0,0,-0.03945,-0.49602,0.05091,-4.2183,10.6322,-24.6051,-0.0815,0.0137,-0.2292,4.69004,19.0,20.0,19.0,19.0,25.0,23.0,22.0,21.0,24.0,28.0,20.0,17.0,24.0,26.0,22.0,20.0,24.0,20.0,20.0,21.0,22.0,21.0,21.0,22.0,22.0,22.0,22.0,21.0,22.0,22.0,21.0,22.0,21.0,21.0,21.0,21.0,22.0,21.0,10.0,post,9,9,2.7575
1787152389.9473,2026-08-19 17:13:09.947,10,c3,0,0,-0.03944,-0.49601,0.05091,-4.0548,10.5013,-24.714,-0.0783,0.0162,-0.2296,4.69785,19.0,20.0,19.0,19.0,25.0,23.0,22.0,21.0,24.0,28.0,20.0,17.0,24.0,26.0,22.0,20.0,24.0,20.0,20.0,21.0,22.0,21.0,21.0,22.0,22.0,22.0,22.0,21.0,22.0,22.0,21.0,22.0,21.0,21.0,21.0,21.0,22.0,21.0,10.0,post,9,9,2.6881
1787152389.9974,2026-08-19 17:13:09.997,10,c3,0,0,-0.03945,-0.49601,0.05091,-4.1748,10.1116,-24.677,-0.0735,0.0118,-0.2308,4.69004,20.0,23.0,19.0,18.0,26.0,23.0,21.0,25.0,25.0,27.0,20.0,21.0,24.0,26.0,19.0,23.0,24.0,20.0,24.0,21.0,22.0,21.0,21.0,22.0,22.0,22.0,22.0,21.0,22.0,22.0,21.0,22.0,21.0,21.0,21.0,21.0,22.0,21.0,10.0,post,9,9,2.7575
1787152390.0475,2026-08-19 17:13:10.047,10,c3,0,0,-0.03947,-0.49602,0.05092,-4.1021,10.3432,-24.7227,-0.0796,0.0155,-0.2352,4.69206,20.0,23.0,19.0,18.0,26.0,23.0,21.0,25.0,25.0,27.0,20.0,21.0,24.0,26.0,19.0,23.0,24.0,20.0,24.0,21.0,22.0,21.0,21.0,22.0,22.0,22.0,22.0,21.0,22.0,22.0,21.0,22.0,21.0,21.0,21.0,21.0,22.0,21.0,10.0,post,9,9,2.7396
1787152390.0976,2026-08-19 17:13:10.097,10,c3,0,0,-0.03945,-0.49602,0.05092,-4.1956,10.2564,-24.5535,-0.0797,0.0156,-0.2325,4.69332,23.0,23.0,18.0,23.0,26.0,22.0,19.0,21.0,23.0,29.0,20.0,17.0,24.0,27.0,22.0,19.0,24.0,21.0,21.0,21.0,22.0,21.0,21.0,22.0,22.0,22.0,22.0,21.0,22.0,22.0,21.0,22.0,21.0,21.0,21.0,21.0,22.0,21.0,10.0,post,9,9,2.7284
1787152390.1478,2026-08-19 17:13:10.147,10,c3,0,0,-0.03943,-0.49601,0.05091,-4.5727,10.2483,-24.7363,-0.0753,0.0022,-0.2369,4.68727,21.0,22.0,19.0,20.0,26.0,23.0,20.0,23.0,23.0,28.0,20.0,19.0,24.0,27.0,20.0,19.0,25.0,20.0,22.0,21.0,22.0,21.0,21.0,22.0,22.0,22.0,22.0,21.0,22.0,22.0,21.0,22.0,21.0,21.0,21.0,21.0,22.0,21.0,10.0,post,9,9,2.7821
1787152390.1978,2026-08-19 17:13:10.197,10,c3,0,0,-0.03944,-0.49601,0.05091,-4.2861,10.3895,-24.7755,-0.0783,0.0118,-0.2281,4.69709,21.0,22.0,19.0,20.0,26.0,23.0,20.0,23.0,23.0,28.0,20.0,19.0,24.0,27.0,20.0,19.0,25.0,20.0,22.0,21.0,22.0,21.0,21.0,22.0,22.0,22.0,22.0,21.0,22.0,22.0,21.0,22.0,21.0,21.0,21.0,21.0,22.0,21.0,10.0,post,9,9,2.6948
1787152390.2479,2026-08-19 17:13:10.247,10,c3,0,0,-0.03943,-0.49604,0.05093,-4.2453,10.2232,-24.6868,-0.0757,0.0107,-0.2337,4.6903,19.0,21.0,22.0,20.0,24.0,25.0,21.0,23.0,23.0,26.0,21.0,21.0,23.0,26.0,21.0,20.0,25.0,21.0,20.0,21.0,22.0,21.0,21.0,22.0,22.0,22.0,22.0,21.0,22.0,22.0,21.0,22.0,21.0,21.0,21.0,21.0,22.0,21.0,10.0,post,9,9,2.7553
1787152390.298,2026-08-19 17:13:10.298,10,c3,0,0,-0.03944,-0.49602,0.05092,-3.9186,10.1659,-24.723,-0.074,0.0176,-0.2321,4.69508,19.0,21.0,22.0,20.0,24.0,25.0,21.0,23.0,23.0,26.0,21.0,21.0,23.0,26.0,21.0,20.0,25.0,21.0,20.0,21.0,22.0,21.0,21.0,22.0,22.0,22.0,22.0,21.0,22.0,22.0,21.0,22.0,21.0,21.0,21.0,21.0,22.0,21.0,10.0,post,9,9,2.7127
1787152390.3481,2026-08-19 17:13:10.348,10,c3,0,0,-0.03945,-0.49601,0.05091,-4.4736,10.4663,-24.6057,-0.0785,0.0034,-0.2339,4.68551,21.0,20.0,22.0,21.0,25.0,24.0,21.0,23.0,23.0,27.0,22.0,22.0,24.0,26.0,21.0,20.0,25.0,20.0,21.0,21.0,22.0,21.0,21.0,22.0,22.0,22.0,22.0,21.0,22.0,22.0,21.0,22.0,21.0,21.0,21.0,21.0,22.0,21.0,10.0,post,9,9,2.7978
1787152390.3982,2026-08-19 17:13:10.398,10,c3,0,0,-0.03944,-0.49602,0.05091,-4.3098,10.2362,-24.4928,-0.0754,0.0087,-0.2313,4.6976,22.0,22.0,24.0,21.0,24.0,26.0,22.0,22.0,24.0,26.0,21.0,22.0,24.0,25.0,21.0,20.0,23.0,21.0,22.0,21.0,22.0,21.0,21.0,22.0,22.0,22.0,22.0,21.0,22.0,22.0,21.0,22.0,21.0,21.0,21.0,21.0,22.0,21.0,10.0,post,9,9,2.6903
1787152390.4484,2026-08-19 17:13:10.448,10,c3,0,0,-0.03945,-0.49601,0.05091,-4.4672,10.3794,-24.5398,-0.0793,0.0076,-0.236,4.69055,22.0,22.0,24.0,21.0,24.0,26.0,22.0,22.0,24.0,26.0,21.0,22.0,24.0,25.0,21.0,20.0,23.0,21.0,22.0,21.0,22.0,21.0,21.0,22.0,22.0,22.0,22.0,21.0,22.0,22.0,21.0,22.0,21.0,21.0,21.0,21.0,22.0,21.0,10.0,post,9,9,2.753
1787152390.4986,2026-08-19 17:13:10.498,10,c3,0,0,-0.03946,-0.49602,0.05092,-3.9052,9.8758,-24.5279,-0.0684,0.0232,-0.226,4.6976,20.0,23.0,22.0,21.0,26.0,25.0,21.0,23.0,23.0,27.0,21.0,21.0,24.0,26.0,21.0,20.0,23.0,21.0,22.0,21.0,22.0,21.0,21.0,22.0,22.0,22.0,22.0,21.0,22.0,22.0,21.0,22.0,21.0,21.0,21.0,21.0,22.0,21.0,10.0,post,9,9,2.6903
1787152390.5487,2026-08-19 17:13:10.548,10,c3,0,0,-0.03944,-0.49602,0.05092,-4.3601,10.5372,-24.3795,-0.0838,0.0074,-0.2277,4.68828,20.0,23.0,22.0,21.0,26.0,25.0,21.0,23.0,23.0,27.0,21.0,21.0,24.0,26.0,21.0,20.0,23.0,21.0,22.0,21.0,22.0,21.0,21.0,22.0,22.0,22.0,22.0,21.0,22.0,22.0,21.0,22.0,21.0,21.0,21.0,21.0,22.0,21.0,10.0,post,9,9,2.7732
1787152390.5988,2026-08-19 17:13:10.598,10,c3,0,0,-0.03944,-0.49602,0.05092,-4.5634,10.5901,-24.3015,-0.0833,0.0026,-0.2312,4.69382,21.0,22.0,24.0,22.0,24.0,25.0,20.0,21.0,23.0,25.0,22.0,20.0,24.0,25.0,21.0,21.0,24.0,21.0,20.0,21.0,22.0,21.0,21.0,22.0,22.0,22.0,22.0,21.0,22.0,22.0,21.0,22.0,21.0,21.0,21.0,21.0,22.0,21.0,10.0,post,9,9,2.7239
1787152390.6489,2026-08-19 17:13:10.648,10,c3,0,0,-0.03946,-0.49601,0.05091,-4.4306,10.4938,-24.4159,-0.0832,0.0058,-0.2376,4.68677,19.0,22.0,22.0,18.0,26.0,25.0,21.0,23.0,24.0,27.0,21.0,21.0,24.0,27.0,21.0,20.0,25.0,20.0,22.0,21.0,22.0,21.0,21.0,22.0,22.0,22.0,22.0,21.0,22.0,22.0,21.0,22.0,21.0,21.0,21.0,21.0,22.0,21.0,10.0,post,9,9,2.7866
1787152390.699,2026-08-19 17:13:10.698,10,c3,0,0,-0.03944,-0.496,0.05091,-4.1078,9.7971,-24.5664,-0.0654,0.0171,-0.2342,4.6976,19.0,22.0,22.0,18.0,26.0,25.0,21.0,23.0,24.0,27.0,21.0,21.0,24.0,27.0,21.0,20.0,25.0,20.0,22.0,21.0,22.0,21.0,21.0,22.0,22.0,22.0,22.0,21.0,22.0,22.0,21.0,22.0,21.0,21.0,21.0,21.0,22.0,21.0,10.0,post,9,9,2.6903
1787152390.7491,2026-08-19 17:13:10.749,10,c3,0,0,-0.03944,-0.49602,0.05092,-4.4556,10.0755,-24.6561,-0.0672,0.0077,-0.2298,4.69332,19.0,22.0,24.0,21.0,26.0,25.0,21.0,21.0,24.0,27.0,22.0,19.0,25.0,28.0,21.0,18.0,25.0,21.0,21.0,21.0,22.0,21.0,21.0,22.0,22.0,22.0,22.0,21.0,22.0,22.0,21.0,22.0,21.0,21.0,21.0,21.0,22.0,21.0,10.0,post,9,9,2.7284
1787152390.7992,2026-08-19 17:13:10.799,10,c3,0,0,-0.03944,-0.49602,0.05092,-4.0746,10.4972,-24.549,-0.0826,0.0168,-0.2317,4.70011,19.0,22.0,24.0,21.0,26.0,25.0,21.0,21.0,24.0,27.0,22.0,19.0,25.0,28.0,21.0,18.0,25.0,21.0,21.0,21.0,22.0,21.0,21.0,22.0,22.0,22.0,22.0,21.0,22.0,22.0,21.0,22.0,21.0,21.0,21.0,21.0,22.0,21.0,10.0,post,9,9,2.6679
1787152390.8493,2026-08-19 17:13:10.849,10,c3,0,0,-0.03944,-0.49601,0.05091,-4.3015,10.5699,-24.7593,-0.0848,0.0091,-0.2311,4.68929,19.0,23.0,24.0,19.0,27.0,27.0,22.0,21.0,24.0,26.0,23.0,21.0,24.0,26.0,22.0,19.0,25.0,23.0,20.0,21.0,22.0,21.0,21.0,22.0,22.0,22.0,22.0,21.0,22.0,22.0,21.0,22.0,21.0,21.0,21.0,21.0,22.0,21.0,10.0,post,9,9,2.7642
1787152390.8994,2026-08-19 17:13:10.899,10,c3,0,0,-0.03945,-0.49602,0.05092,-4.1343,10.4861,-24.6946,-0.0817,0.0128,-0.2304,4.69155,19.0,23.0,24.0,19.0,27.0,27.0,22.0,21.0,24.0,26.0,23.0,21.0,24.0,26.0,22.0,19.0,25.0,23.0,20.0,21.0,22.0,21.0,21.0,22.0,22.0,22.0,22.0,21.0,22.0,22.0,21.0,22.0,21.0,21.0,21.0,21.0,22.0,21.0,10.0,post,9,9,2.7441
1787152390.9495,2026-08-19 17:13:10.949,10,c3,0,0,-0.03943,-0.49601,0.05091,-4.3835,10.224,-24.7092,-0.0729,0.0075,-0.2312,4.6908,20.0,23.0,24.0,19.0,26.0,26.0,23.0,21.0,24.0,26.0,21.0,20.0,24.0,26.0,21.0,20.0,24.0,21.0,22.0,21.0,22.0,21.0,21.0,22.0,22.0,22.0,22.0,21.0,22.0,22.0,21.0,22.0,21.0,21.0,21.0,21.0,22.0,21.0,10.0,post,9,9,2.7508
1787152390.9997,2026-08-19 17:13:10.999,10,c3,0,0,-0.03944,-0.49602,0.05092,-4.5416,10.4144,-24.5321,-0.0802,0.0035,-0.2357,4.69206,22.0,22.0,21.0,21.0,24.0,24.0,21.0,21.0,27.0,26.0,23.0,20.0,25.0,28.0,23.0,20.0,24.0,22.0,21.0,21.0,22.0,21.0,21.0,22.0,22.0,22.0,22.0,21.0,22.0,22.0,21.0,22.0,21.0,21.0,21.0,21.0,22.0,21.0,10.0,post,9,9,2.7396
1787152391.0498,2026-08-19 17:13:11.049,10,c3,0,0,-0.03943,-0.49602,0.05092,-4.3452,9.7734,-24.6141,-0.0598,0.0104,-0.2298,4.68979,22.0,22.0,21.0,21.0,24.0,24.0,21.0,21.0,27.0,26.0,23.0,20.0,25.0,28.0,23.0,20.0,24.0,22.0,21.0,21.0,22.0,21.0,21.0,22.0,22.0,22.0,22.0,21.0,22.0,22.0,21.0,22.0,21.0,21.0,21.0,21.0,22.0,21.0,10.0,post,9,9,2.7597
1787152391.0999,2026-08-19 17:13:11.099,10,c3,0,0,-0.03945,-0.49602,0.05092,-4.1782,10.588,-24.5744,-0.0827,0.0132,-0.2325,4.69835,20.0,24.0,24.0,20.0,27.0,26.0,23.0,20.0,24.0,26.0,20.0,19.0,25.0,25.0,20.0,19.0,23.0,19.0,21.0,21.0,22.0,21.0,21.0,22.0,22.0,22.0,22.0,21.0,22.0,22.0,21.0,22.0,21.0,21.0,21.0,21.0,22.0,21.0,10.0,post,9,9,2.6836
1787152391.1501,2026-08-19 17:13:11.150,10,c3,0,0,-0.03945,-0.49601,0.05091,-4.1086,10.3865,-24.7631,-0.0772,0.0144,-0.2271,4.68627,20.0,24.0,24.0,20.0,27.0,26.0,23.0,20.0,24.0,26.0,20.0,19.0,25.0,25.0,20.0,19.0,23.0,19.0,21.0,21.0,22.0,21.0,21.0,22.0,22.0,22.0,22.0,21.0,22.0,22.0,21.0,22.0,21.0,21.0,21.0,21.0,22.0,21.0,10.0,post,9,9,2.7911
1787152391.2003,2026-08-19 17:13:11.200,10,c3,0,0,-0.03947,-0.49601,0.05091,-4.2336,10.2603,-24.6745,-0.0751,0.0134,-0.2301,4.69105,18.0,24.0,24.0,20.0,26.0,25.0,19.0,23.0,24.0,25.0,22.0,21.0,25.0,25.0,22.0,22.0,24.0,22.0,22.0,21.0,22.0,21.0,21.0,22.0,22.0,22.0,22.0,21.0,22.0,22.0,21.0,22.0,21.0,21.0,21.0,21.0,22.0,21.0,10.0,post,9,9,2.7485
1787152391.2504,2026-08-19 17:13:11.250,10,c3,0,0,-0.03944,-0.49601,0.0509,-4.055,10.3803,-24.6574,-0.0819,0.0171,-0.2327,4.69709,20.0,23.0,22.0,20.0,25.0,24.0,22.0,22.0,24.0,24.0,22.0,20.0,24.0,25.0,22.0,19.0,23.0,21.0,21.0,21.0,22.0,21.0,21.0,22.0,22.0,22.0,22.0,21.0,22.0,22.0,21.0,22.0,21.0,21.0,21.0,21.0,22.0,21.0,10.0,post,9,9,2.6948
1787152391.3006,2026-08-19 17:13:11.300,10,c3,0,0,-0.03944,-0.49601,0.05091,-3.951,10.1548,-24.6917,-0.0744,0.0193,-0.2309,4.68627,20.0,23.0,22.0,20.0,25.0,24.0,22.0,22.0,24.0,24.0,22.0,20.0,24.0,25.0,22.0,19.0,23.0,21.0,21.0,21.0,22.0,21.0,21.0,22.0,22.0,22.0,22.0,21.0,22.0,22.0,21.0,22.0,21.0,21.0,21.0,21.0,22.0,21.0,10.0,post,9,9,2.7911
1787152391.3507,2026-08-19 17:13:11.350,10,c3,0,0,-0.03944,-0.49601,0.05091,-4.0685,9.6921,-24.5727,-0.0625,0.0164,-0.235,4.69332,18.0,23.0,22.0,19.0,25.0,24.0,21.0,20.0,24.0,26.0,22.0,20.0,24.0,26.0,22.0,18.0,23.0,22.0,21.0,21.0,22.0,21.0,21.0,22.0,22.0,22.0,22.0,21.0,22.0,22.0,21.0,22.0,21.0,21.0,21.0,21.0,22.0,21.0,10.0,post,9,9,2.7284
1787152391.4009,2026-08-19 17:13:11.400,10,c3,0,0,-0.03945,-0.49601,0.05092,-4.1962,9.7101,-24.4354,-0.0651,0.0127,-0.2361,4.6845,18.0,23.0,22.0,19.0,25.0,24.0,21.0,20.0,24.0,26.0,22.0,20.0,24.0,26.0,22.0,18.0,23.0,22.0,21.0,21.0,22.0,21.0,21.0,22.0,22.0,22.0,22.0,21.0,22.0,22.0,21.0,22.0,21.0,21.0,21.0,21.0,22.0,21.0,10.0,post,9,9,2.8068
1787152391.451,2026-08-19 17:13:11.451,10,c3,0,0,-0.03944,-0.49601,0.05092,-4.0371,9.9325,-24.7335,-0.0683,0.0164,-0.2297,4.6976,19.0,23.0,24.0,19.0,25.0,25.0,22.0,21.0,24.0,26.0,21.0,22.0,24.0,25.0,21.0,19.0,24.0,21.0,21.0,21.0,22.0,21.0,21.0,22.0,22.0,22.0,22.0,21.0,22.0,22.0,21.0,22.0,21.0,21.0,21.0,21.0,22.0,21.0,10.0,post,9,9,2.6903
1787152391.501,2026-08-19 17:13:11.501,10,c3,0,0,-0.03945,-0.49603,0.05092,-4.1216,10.0783,-24.579,-0.0732,0.0156,-0.2317,4.68778,21.0,24.0,24.0,20.0,26.0,25.0,21.0,23.0,23.0,26.0,21.0,22.0,24.0,25.0,21.0,19.0,24.0,20.0,22.0,21.0,22.0,21.0,21.0,22.0,22.0,22.0,22.0,21.0,22.0,22.0,21.0,22.0,21.0,21.0,21.0,21.0,22.0,21.0,10.0,post,9,9,2.7777
1787152391.5511,2026-08-19 17:13:11.551,10,c3,0,0,-0.03944,-0.49601,0.05091,-4.2654,10.0678,-24.8531,-0.0726,0.0128,-0.2314,4.69986,21.0,24.0,24.0,20.0,26.0,25.0,21.0,23.0,23.0,26.0,21.0,22.0,24.0,25.0,21.0,19.0,24.0,20.0,22.0,21.0,22.0,21.0,21.0,22.0,22.0,22.0,22.0,21.0,22.0,22.0,21.0,22.0,21.0,21.0,21.0,21.0,22.0,21.0,10.0,post,9,9,2.6701
1787152391.6013,2026-08-19 17:13:11.601,10,c3,0,0,-0.03946,-0.49601,0.05093,-4.2932,10.1519,-24.6374,-0.0739,0.011,-0.2318,4.69206,21.0,21.0,23.0,21.0,24.0,25.0,20.0,22.0,23.0,27.0,20.0,21.0,24.0,26.0,20.0,21.0,24.0,20.0,21.0,21.0,22.0,21.0,21.0,22.0,22.0,22.0,22.0,21.0,22.0,22.0,21.0,22.0,21.0,21.0,21.0,21.0,22.0,21.0,10.0,post,9,9,2.7396
1787152391.6514,2026-08-19 17:13:11.651,10,c3,0,0,-0.03942,-0.49601,0.0509,-4.319,10.0901,-24.7336,-0.0716,0.0125,-0.2333,4.69407,21.0,21.0,23.0,21.0,24.0,25.0,20.0,22.0,23.0,27.0,20.0,21.0,24.0,26.0,20.0,21.0,24.0,20.0,21.0,21.0,22.0,21.0,21.0,22.0,22.0,22.0,22.0,21.0,22.0,22.0,21.0,22.0,21.0,21.0,21.0,21.0,22.0,21.0,10.0,post,9,9,2.7217
1787152391.7016,2026-08-19 17:13:11.701,10,c3,0,0,-0.03944,-0.49601,0.05092,-4.4506,10.1648,-24.7643,-0.0779,0.0043,-0.2208,4.69004,21.0,22.0,23.0,22.0,24.0,25.0,21.0,23.0,25.0,25.0,21.0,22.0,24.0,26.0,20.0,21.0,24.0,20.0,21.0,21.0,22.0,21.0,21.0,22.0,22.0,22.0,22.0,21.0,22.0,22.0,21.0,22.0,21.0,21.0,21.0,21.0,22.0,21.0,10.0,post,9,9,2.7575
1787152391.7517,2026-08-19 17:13:11.751,10,c3,0,0,-0.03944,-0.49601,0.05091,-4.2515,10.6791,-24.7142,-0.086,0.0095,-0.2375,4.68904,20.0,23.0,24.0,21.0,27.0,25.0,20.0,21.0,23.0,25.0,22.0,21.0,24.0,25.0,21.0,20.0,24.0,20.0,21.0,21.0,22.0,21.0,21.0,22.0,22.0,22.0,22.0,21.0,22.0,22.0,21.0,22.0,21.0,21.0,21.0,21.0,22.0,21.0,10.0,post,9,9,2.7665
