{
  "global": {
    "x_mm": -2.5,
    "y_mm": 3.0,
    "z_mm": -11.0
  },
  "per_point": {
    "1": {
      "dx_mm": -2.1993,
      "dy_mm": -2.1964
    },
    "2": {
      "dx_mm": -2.5,
      "dy_mm": -1.0
    },
    "3": {
      "dx_mm": -2.3,
      "dy_mm": 0.0
    },
    "4": {
      "dx_mm": -1.4,
      "dy_mm": -2.8
    },
    "5": {
      "dx_mm": -1.3,
      "dy_mm": -1.6
    },
    "6": {
      "dx_mm": -1.5,
      "dy_mm": -0.5
    },
    "7": {
      "dx_mm": -1.4,
      "dy_mm": 1.0
    },
    "8": {
      "dx_mm": 0.0,
      "dy_mm": -2.9
    },
    "9": {
      "dx_mm": -0.2,
      "dy_mm": -1.9
    },
    "10": {
      "dx_mm": -0.4,
      "dy_mm": -0.7
    },
    "11": {
      "dx_mm": -0.6,
      "dy_mm": 0.4
    },
    "12": {
      "dx_mm": -0.4,
      "dy_mm": 1.6
    },
    "13": {
      "dx_mm": 0.2,
      "dy_mm": -2.6
    },
    "14": {
      "dx_mm": 0.5,
      "dy_mm": -1.4
    },
    "15": {
      "dx_mm": 0.3,
      "dy_mm": -0.2
    },
    "16": {
      "dx_mm": 0.2,
      "dy_mm": 0.9
    },
    "17": {
      "dx_mm": 1.0,
      "dy_mm": -2.1
    },
    "18": {
      "dx_mm": 1.0,
      "dy_mm": -0.7
    },
    "19": {
      "dx_mm": 1.4,
      "dy_mm": 0.0
    }
  },
  "scan_results": {
    "1": {
      "expected_raw": 24,
      "actual_raw": 24,
      "expected_val": 0.7303,
      "top_val": 0.7303,
      "correct": true,
      "peak_vals": [
        0.0,
        0.1826,
        0.3162,
        0.3162,
        0.2582,
        0.0,
        0.1826,
        0.2582,
        0.483,
        0.4472,
        0.0,
        0.1826,
        0.5477,
        0.5477,
        0.3162,
        0.0,
        0.7303,
        0.3651,
        0.2582
      ],
      "tcp": [
        -0.049659,
        -0.484252,
        0.049514,
        -2.350597,
        2.083374,
        -5.2e-05
      ]
    },
    "2": {
      "expected_raw": 12,
      "actual_raw": 12,
      "expected_val": 0.8165,
      "top_val": 0.8165,
      "correct": true,
      "peak_vals": [
        0.2582,
        0.2582,
        0.3651,
        0.4472,
        0.3162,
        0.0,
        0.2582,
        0.6325,
        0.6325,
        0.3651,
        0.0,
        0.2582,
        0.8165,
        0.4472,
        0.2582,
        0.1826,
        0.6325,
        0.1826,
        0.2582
      ],
      "tcp": [
        -0.041959,
        -0.483054,
        0.049526,
        -2.350602,
        2.083393,
        -6e-05
      ]
    },
    "3": {
      "expected_raw": 0,
      "actual_raw": 0,
      "expected_val": 0.9309,
      "top_val": 0.9309,
      "correct": true,
      "peak_vals": [
        0.3162,
        0.2582,
        0.3162,
        0.6583,
        0.3162,
        0.0,
        0.2582,
        0.9309,
        0.4472,
        0.3651,
        0.0,
        0.1826,
        0.6831,
        0.3162,
        0.3162,
        0.1826,
        0.483,
        0.2582,
        0.3162
      ],
      "tcp": [
        -0.033756,
        -0.48205,
        0.049514,
        -2.350589,
        2.083371,
        -5.3e-05
      ]
    },
    "4": {
      "expected_raw": 37,
      "actual_raw": 37,
      "expected_val": 0.6055,
      "top_val": 0.6055,
      "correct": true,
      "peak_vals": [
        0.0,
        0.1826,
        0.4082,
        0.3162,
        0.3162,
        0.1826,
        0.3651,
        0.1826,
        0.4472,
        0.4472,
        0.2582,
        0.3162,
        0.2582,
        0.5774,
        0.5477,
        0.3162,
        0.4472,
        0.6055,
        0.4472
      ],
      "tcp": [
        -0.052857,
        -0.491854,
        0.049518,
        -2.350608,
        2.083393,
        -4.5e-05
      ]
    },
    "5": {
      "expected_raw": 25,
      "actual_raw": 25,
      "expected_val": 0.7303,
      "top_val": 0.7303,
      "correct": true,
      "peak_vals": [
        0.2582,
        0.2582,
        0.3651,
        0.4082,
        0.4472,
        0.3162,
        0.2582,
        0.2582,
        0.5774,
        0.6055,
        0.2582,
        0.2582,
        0.4082,
        0.7303,
        0.4472,
        0.2582,
        0.5774,
        0.6055,
        0.4082
      ],
      "tcp": [
        -0.044741,
        -0.490654,
        0.049509,
        -2.350644,
        2.08332,
        -1e-05
      ]
    },
    "6": {
      "expected_raw": 13,
      "actual_raw": 13,
      "expected_val": 0.7528,
      "top_val": 0.7528,
      "correct": true,
      "peak_vals": [
        0.3651,
        0.2582,
        0.3162,
        0.6325,
        0.5477,
        0.0,
        0.1826,
        0.5164,
        0.7528,
        0.4472,
        0.0,
        0.2582,
        0.5774,
        0.5477,
        0.3162,
        0.1826,
        0.483,
        0.4472,
        0.2582
      ],
      "tcp": [
        -0.03697,
        -0.489557,
        0.049515,
        -2.350561,
        2.083404,
        -9.4e-05
      ]
    },
    "7": {
      "expected_raw": 1,
      "actual_raw": 1,
      "expected_val": 0.8944,
      "top_val": 0.8944,
      "correct": true,
      "peak_vals": [
        0.5164,
        0.2582,
        0.3162,
        0.8944,
        0.4082,
        0.1826,
        0.1826,
        0.7303,
        0.6325,
        0.4082,
        0.0,
        0.1826,
        0.5164,
        0.3651,
        0.2582,
        0.1826,
        0.4082,
        0.4082,
        0.3162
      ],
      "tcp": [
        -0.028855,
        -0.48805,
        0.049505,
        -2.350599,
        2.08335,
        -4.1e-05
      ]
    },
    "8": {
      "expected_raw": 50,
      "actual_raw": 50,
      "expected_val": 0.7071,
      "top_val": 0.7071,
      "correct": true,
      "peak_vals": [
        0.0,
        0.2582,
        0.3651,
        0.3162,
        0.2582,
        0.3162,
        0.3162,
        0.1826,
        0.2582,
        0.4082,
        0.4472,
        0.4082,
        0.1826,
        0.2582,
        0.5477,
        0.6325,
        0.2582,
        0.483,
        0.7071
      ],
      "tcp": [
        -0.055465,
        -0.49896,
        0.049531,
        -2.350633,
        2.083393,
        -7.2e-05
      ]
    },
    "9": {
      "expected_raw": 38,
      "actual_raw": 38,
      "expected_val": 0.6831,
      "top_val": 0.6831,
      "correct": true,
      "peak_vals": [
        0.0,
        0.1826,
        0.4082,
        0.3651,
        0.3162,
        0.3651,
        0.3651,
        0.0,
        0.1826,
        0.5774,
        0.5477,
        0.4082,
        0.0,
        0.3651,
        0.6831,
        0.483,
        0.3651,
        0.5774,
        0.6055
      ],
      "tcp": [
        -0.04766,
        -0.497952,
        0.049503,
        -2.350567,
        2.083369,
        -4.4e-05
      ]
    },
    "10": {
      "expected_raw": 26,
      "actual_raw": 26,
      "expected_val": 0.5774,
      "top_val": 0.5774,
      "correct": true,
      "peak_vals": [
        0.2582,
        0.3651,
        0.4472,
        0.4472,
        0.5477,
        0.483,
        0.2582,
        0.2582,
        0.4472,
        0.5774,
        0.4082,
        0.1826,
        0.1826,
        0.5774,
        0.5164,
        0.3651,
        0.4082,
        0.483,
        0.4082
      ],
      "tcp": [
        -0.039861,
        -0.496746,
        0.049498,
        -2.350572,
        2.083366,
        -2.3e-05
      ]
    },
    "11": {
      "expected_raw": 14,
      "actual_raw": 14,
      "expected_val": 0.6583,
      "top_val": 0.6583,
      "correct": true,
      "peak_vals": [
        0.483,
        0.483,
        0.3162,
        0.5774,
        0.6583,
        0.4082,
        0.0,
        0.4082,
        0.6055,
        0.5477,
        0.1826,
        0.2582,
        0.3651,
        0.4472,
        0.3162,
        0.3162,
        0.3651,
        0.3651,
        0.3162
      ],
      "tcp": [
        -0.032077,
        -0.495652,
        0.049507,
        -2.350545,
        2.083412,
        -3.1e-05
      ]
    },
    "12": {
      "expected_raw": 2,
      "actual_raw": 1,
      "expected_val": 0.6055,