{
  "global": {
  "x_mm": -3.3,
  "y_mm": 1.3,
  "z_mm": -11.0
  },
  "per_point": {
    "1": {
      "dx_mm": -3.0,
      "dy_mm": -1.5
    },
    "2": {
      "dx_mm": -2.5,
      "dy_mm": -0.5
    },
    "3": {
      "dx_mm": -2.0,
      "dy_mm": 1.0
    },
    "4": {
      "dx_mm": -1.5,
      "dy_mm": -2.0
    },
    "5": {
      "dx_mm": -1.0,
      "dy_mm": -1.0
    },
    "6": {
      "dx_mm": -0.5,
      "dy_mm": 0.5
    },
    "7": {
      "dx_mm": -0.5,
      "dy_mm": 1.5
    },
    "8": {
      "dx_mm": -1.0,
      "dy_mm": -2.5
    },
    "9": {
      "dx_mm": 0.0,
      "dy_mm": -1.5
    },
    "10": {
      "dx_mm": 0.0,
      "dy_mm": 0.0
    },
    "11": {
      "dx_mm": 0.5,
      "dy_mm": 1.0
    },
    "12": {
      "dx_mm": 0.5,
      "dy_mm": 2.0
    },
    "13": {
      "dx_mm": 1.0,
      "dy_mm": -2.0
    },
    "14": {
      "dx_mm": 1.0,
      "dy_mm": -0.5
    },
    "15": {
      "dx_mm": 1.5,
      "dy_mm": 0.5
    },
    "16": {
      "dx_mm": 1.5,
      "dy_mm": 2.0
    },
    "17": {
      "dx_mm": 2.2,
      "dy_mm": -1.7
    },
    "18": {
      "dx_mm": 2.5,
      "dy_mm": -0.5
    },
    "19": {
      "dx_mm": 2.5,
      "dy_mm": 0.6
    }
  },
  "scan_results": {
    "1": {
      "expected_raw": 24,
      "actual_raw": 15,
      "expected_val": 0.1826,
      "top_val": 0.2582,
      "correct": false,
      "peak_vals": [
        0.0,
        0.2582,
        0.2582,
        0.1826,
        0.0,
        0.2582,
        0.1826,
        0.2582,
        0.1826,
        0.0,
        0.2582,
        0.0,
        0.1826,
        0.0,
        0.0,
        0.2582,
        0.1826,
        0.2582,
        0.0
      ],
      "tcp": [
        -0.048756,
        -0.48535,
        0.049807,
        -2.350571,
        2.083375,
        -4.5e-05
      ]
    },
    "2": {
      "expected_raw": 12,
      "actual_raw": 27,
      "expected_val": 0.1826,
      "top_val": 0.3162,
      "correct": false,
      "peak_vals": [
        0.0,
        0.2582,
        0.1826,
        0.1826,
        0.0,
        0.3162,
        0.1826,
        0.2582,
        0.0,
        0.0,
        0.2582,
        0.0,
        0.1826,
        0.0,
        0.0,
        0.1826,
        0.1826,
        0.0,
        0.1826
      ],
      "tcp": [
        -0.040253,
        -0.484353,
        0.049824,
        -2.350596,
        2.083383,
        -6.1e-05
      ]
    },
    "3": {
      "expected_raw": 0,
      "actual_raw": 15,
      "expected_val": 0.1826,
      "top_val": 0.2582,
      "correct": false,
      "peak_vals": [
        0.0,
        0.2582,
        0.0,
        0.0,
        0.0,
        0.2582,
        0.0,
        0.1826,
        0.0,
        0.0,
        0.2582,
        0.0,
        0.1826,
        0.0,
        0.0,
        0.2582,
        0.0,
        0.2582,
        0.0
      ],
      "tcp": [
        -0.031753,
        -0.482847,
        0.049809,
        -2.35059,
        2.083346,
        -2.1e-05
      ]
    },
    "4": {
      "expected_raw": 37,
      "actual_raw": 51,
      "expected_val": 0.1826,
      "top_val": 0.2582,
      "correct": false,
      "peak_vals": [
        0.0,
        0.1826,
        0.0,
        0.1826,
        0.0,
        0.1826,
        0.1826,
        0.1826,
        0.0,
        0.0,
        0.1826,
        0.0,
        0.0,
        0.0,
        0.0,
        0.2582,
        0.0,
        0.1826,
        0.0
      ],
      "tcp": [
        -0.051242,
        -0.492855,
        0.049816,
        -2.350614,
        2.083359,
        -4.5e-05
      ]
    },
    "5": {
      "expected_raw": 25,
      "actual_raw": 0,
      "expected_val": 0.0,
      "top_val": 0.3162,
      "correct": false,
      "peak_vals": [
        0.0,
        0.1826,
        0.2582,
        0.0,
        0.0,
        0.1826,
        0.2582,
        0.3162,
        0.0,
        0.0,
        0.1826,
        0.1826,
        0.2582,
        0.0,
        0.0,
        0.1826,
        0.1826,
        0.0,
        0.0
      ],
      "tcp": [
        -0.042767,
        -0.491843,
        0.0498,
        -2.350518,
        2.083405,
        -2.2e-05
      ]
    },
    "6": {
      "expected_raw": 13,
      "actual_raw": 0,
      "expected_val": 0.0,
      "top_val": 0.2582,
      "correct": false,
      "peak_vals": [
        0.0,
        0.1826,
        0.1826,
        0.0,
        0.0,
        0.1826,
        0.0,
        0.2582,
        0.0,
        0.1826,
        0.1826,
        0.0,
        0.1826,
        0.0,
        0.0,
        0.1826,
        0.0,
        0.1826,
        0.1826
      ],
      "tcp": [
        -0.034264,
        -0.490359,
        0.049824,
        -2.350603,
        2.083409,
        -7.5e-05
      ]
    },
    "7": {
      "expected_raw": 1,
      "actual_raw": 15,
      "expected_val": 0.0,
      "top_val": 0.1826,
      "correct": false,
      "peak_vals": [
        0.0,
        0.1826,
        0.1826,
        0.0,
        0.0,
        0.1826,
        0.0,
        0.1826,
        0.0,
        0.1826,
        0.1826,
        0.0,
        0.0,
        0.0,
        0.1826,
        0.0,
        0.0,
        0.0,
        0.1826
      ],
      "tcp": [
        -0.026254,
        -0.489359,
        0.049827,
        -2.350638,
        2.083348,
        -8e-05
      ]
    },
    "8": {
      "expected_raw": 50,
      "actual_raw": 28,
      "expected_val": 0.0,
      "top_val": 0.2582,
      "correct": false,
      "peak_vals": [
        0.0,
        0.0,
        0.2582,
        0.0,
        0.0,
        0.1826,
        0.1826,
        0.2582,
        0.0,
        0.0,
        0.0,
        0.2582,
        0.2582,
        0.0,
        0.0,
        0.1826,
        0.1826,
        0.1826,
        0.0
      ],
      "tcp": [
        -0.054753,
        -0.500351,
        0.049813,
        -2.350591,
        2.083359,
        -4.3e-05
      ]
    },
    "9": {
      "expected_raw": 38,
      "actual_raw": 27,
      "expected_val": 0.0,
      "top_val": 0.2582,
      "correct": false,
      "peak_vals": [
        0.0,
        0.1826,
        0.0,
        0.1826,
        0.0,
        0.2582,
        0.0,
        0.1826,
        0.2582,
        0.0,
        0.1826,
        0.2582,
        0.2582,
        0.1826,
        0.0,
        0.1826,
        0.0,
        0.2582,
        0.1826
      ],
      "tcp": [
        -0.045765,
        -0.499343,
        0.0498,
        -2.350554,
        2.083368,
        -2.6e-05
      ]
    },
    "10": {
      "expected_raw": 26,
      "actual_raw": 0,
      "expected_val": 0.0,
      "top_val": 0.3162,
      "correct": false,
      "peak_vals": [
        0.0,
        0.1826,
        0.1826,
        0.0,
        0.0,
        0.2582,
        0.2582,
        0.3162,
        0.0,
        0.0,
        0.0,
        0.2582,
        0.0,
        0.1826,
        0.0,
        0.2582,
        0.1826,
        0.1826,
        0.0
      ],
      "tcp": [
        -0.037776,
        -0.497853,
        0.049829,
        -2.350564,
        2.083433,
        -7.5e-05
      ]
    },
    "11": {
      "expected_raw": 14,
      "actual_raw": 37,
      "expected_val": 0.0,
      "top_val": 0.3162,
      "correct": false,
      "peak_vals": [
        0.0,
        0.1826,
        0.1826,
        0.1826,
        0.0,
        0.2582,
        0.0,
        0.2582,
        0.1826,
        0.0,
        0.2582,
        0.1826,
        0.1826,
        0.1826,
        0.0,
        0.2582,
        0.1826,
        0.3162,
        0.1826
      ],
      "tcp": [
        -0.029257,
        -0.496854,
        0.049814,
        -2.350581,
        2.083375,
        -3.2e-05
      ]
    },
    "12": {
      "expected_raw": 2,
      "actual_raw": 1,
      "expected_val": 0.0,
      "top_val": 0.2582,
      "correct": false,