{
  "global": {
    "x_mm": -1.5,
    "y_mm": 0.9,
    "z_mm": -10.5
  },
  "per_point": {
    "1": {
      "dx_mm": -2.0,
      "dy_mm": -2.0
    },
    "2": {
      "dx_mm": -2.0,
      "dy_mm": -0.5
    },
    "3": {
      "dx_mm": -2.0,
      "dy_mm": 1.0
    },
    "4": {
      "dx_mm": -1.0,
      "dy_mm": -2.5
    },
    "5": {
      "dx_mm": -0.5,
      "dy_mm": -1.0
    },
    "6": {
      "dx_mm": -1.0,
      "dy_mm": 0.5
    },
    "7": {
      "dx_mm": -1.0,
      "dy_mm": 2.0
    },
    "8": {
      "dx_mm": 0.0,
      "dy_mm": -3.0
    },
    "9": {
      "dx_mm": 0.0,
      "dy_mm": -2.0
    },
    "10": {
      "dx_mm": 0.5,
      "dy_mm": -0.5
    },
    "11": {
      "dx_mm": 0.2,
      "dy_mm": 1.2
    },
    "12": {
      "dx_mm": 0.0,
      "dy_mm": 2.5
    },
    "13": {
      "dx_mm": 1.4,
      "dy_mm": -2.4
    },
    "14": {
      "dx_mm": 1.5,
      "dy_mm": -1.0
    },
    "15": {
      "dx_mm": 1.5,
      "dy_mm": 0.5
    },
    "16": {
      "dx_mm": 1.0,
      "dy_mm": 2.0
    },
    "17": {
      "dx_mm": 2.0,
      "dy_mm": -2.0
    },
    "18": {
      "dx_mm": 2.4,
      "dy_mm": -0.3
    },
    "19": {
      "dx_mm": 2.5,
      "dy_mm": 1.3
    }
  },
  "scan_results": {
    "1": {
      "expected_raw": 24,
      "actual_raw": 2,
      "expected_val": 0.0,
      "top_val": 0.2582,
      "correct": false,
      "peak_vals": [
        0.2582,
        0.0,
        0.1826,
        0.0,
        0.1826,
        0.0,
        0.1826,
        0.1826,
        0.0,
        0.1826,
        0.1826,
        0.0,
        0.0,
        0.1826,
        0.1826,
        0.1826,
        0.0,
        0.1826,
        0.1826
      ],
      "tcp": [
        -0.048462,
        -0.486155,
        0.05001,
        -2.35058,
        2.083379,
        -4.6e-05
      ]
    },
    "2": {
      "expected_raw": 12,
      "actual_raw": 51,
      "expected_val": 0.0,
      "top_val": 0.3162,
      "correct": false,
      "peak_vals": [
        0.1826,
        0.2582,
        0.0,
        0.0,
        0.1826,
        0.1826,
        0.1826,
        0.1826,
        0.0,
        0.0,
        0.2582,
        0.1826,
        0.0,
        0.1826,
        0.0,
        0.3162,
        0.0,
        0.1826,
        0.0
      ],
      "tcp": [
        -0.040476,
        -0.484657,
        0.050022,
        -2.350557,
        2.083444,
        -6.2e-05
      ]
    },
    "3": {
      "expected_raw": 0,
      "actual_raw": 39,
      "expected_val": 0.1826,
      "top_val": 0.3162,
      "correct": false,
      "peak_vals": [
        0.2582,
        0.2582,
        0.0,
        0.1826,
        0.2582,
        0.0,
        0.1826,
        0.1826,
        0.1826,
        0.1826,
        0.3162,
        0.1826,
        0.0,
        0.3162,
        0.1826,
        0.2582,
        0.0,
        0.3162,
        0.1826
      ],
      "tcp": [
        -0.032468,
        -0.483151,
        0.050013,
        -2.350561,
        2.083413,
        -5.7e-05
      ]
    },
    "4": {
      "expected_raw": 37,
      "actual_raw": 0,
      "expected_val": 0.1826,
      "top_val": 0.3162,
      "correct": false,
      "peak_vals": [
        0.2582,
        0.1826,
        0.1826,
        0.0,
        0.1826,
        0.0,
        0.2582,
        0.3162,
        0.0,
        0.0,
        0.1826,
        0.3162,
        0.2582,
        0.1826,
        0.1826,
        0.2582,
        0.1826,
        0.1826,
        0.1826
      ],
      "tcp": [
        -0.051451,
        -0.493645,
        0.050004,
        -2.350567,
        2.083378,
        -4.2e-05
      ]
    },
    "5": {
      "expected_raw": 25,
      "actual_raw": 14,
      "expected_val": 0.2582,
      "top_val": 0.3162,
      "correct": false,
      "peak_vals": [
        0.2582,
        0.0,
        0.2582,
        0.0,
        0.3162,
        0.0,
        0.1826,
        0.3162,
        0.0,
        0.2582,
        0.2582,
        0.2582,
        0.1826,
        0.2582,
        0.1826,
        0.2582,
        0.0,
        0.2582,
        0.3162
      ],
      "tcp": [
        -0.042964,
        -0.492158,
        0.05001,
        -2.350565,
        2.083395,
        -5.4e-05
      ]
    },
    "6": {
      "expected_raw": 13,
      "actual_raw": 2,
      "expected_val": 0.0,
      "top_val": 0.3162,
      "correct": false,
      "peak_vals": [
        0.3162,
        0.1826,
        0.1826,
        0.0,
        0.3162,
        0.0,
        0.0,
        0.3162,
        0.0,
        0.1826,
        0.3162,
        0.0,
        0.1826,
        0.0,
        0.2582,
        0.3162,
        0.0,
        0.1826,
        0.3162
      ],
      "tcp": [
        -0.035447,
        -0.490651,
        0.050011,
        -2.350613,
        2.083356,
        -4.7e-05
      ]
    },
    "7": {
      "expected_raw": 1,
      "actual_raw": 2,
      "expected_val": 0.0,
      "top_val": 0.2582,
      "correct": false,
      "peak_vals": [
        0.2582,
        0.1826,
        0.1826,
        0.0,
        0.2582,
        0.0,
        0.1826,
        0.2582,
        0.0,
        0.1826,
        0.2582,
        0.2582,
        0.1826,
        0.0,
        0.1826,
        0.2582,
        0.0,
        0.1826,
        0.1826
      ],
      "tcp": [
        -0.02747,
        -0.489163,
        0.050024,
        -2.350604,
        2.083407,
        -5.4e-05
      ]
    },
    "8": {
      "expected_raw": 50,
      "actual_raw": 0,
      "expected_val": 0.2582,
      "top_val": 0.3651,
      "correct": false,
      "peak_vals": [
        0.1826,
        0.1826,
        0.1826,
        0.1826,
        0.2582,
        0.1826,
        0.1826,
        0.3651,
        0.0,
        0.1826,
        0.2582,
        0.2582,
        0.1826,
        0.2582,
        0.2582,
        0.2582,
        0.1826,
        0.3162,
        0.2582
      ],
      "tcp": [
        -0.054481,
        -0.501154,
        0.05002,
        -2.350571,
        2.083428,
        -4.5e-05
      ]
    },
    "9": {
      "expected_raw": 38,
      "actual_raw": 14,
      "expected_val": 0.2582,
      "top_val": 0.3162,
      "correct": false,
      "peak_vals": [
        0.2582,
        0.1826,
        0.2582,
        0.0,
        0.3162,
        0.0,
        0.1826,
        0.3162,
        0.0,
        0.2582,
        0.2582,
        0.2582,
        0.1826,
        0.2582,
        0.2582,
        0.2582,
        0.1826,
        0.2582,
        0.2582
      ],
      "tcp": [
        -0.046457,
        -0.500145,
        0.050013,
        -2.35057,
        2.083363,
        -5.4e-05
      ]
    },
    "10": {
      "expected_raw": 26,
      "actual_raw": 0,
      "expected_val": 0.1826,
      "top_val": 0.3162,
      "correct": false,
      "peak_vals": [
        0.2582,
        0.1826,
        0.2582,
        0.2582,
        0.2582,
        0.0,
        0.2582,
        0.3162,
        0.1826,
        0.1826,
        0.2582,
        0.3162,
        0.1826,
        0.3162,
        0.2582,
        0.3162,
        0.1826,
        0.3162,
        0.1826
      ],
      "tcp": [
        -0.037962,
        -0.498659,
        0.05004,
        -2.35063,
        2.083427,
        -0.000108
      ]
    },
    "11": {
      "expected_raw": 14,
      "actual_raw": 28,
      "expected_val": 0.1826,
      "top_val": 0.2582,
      "correct": false,
      "peak_vals": [
        0.1826,
        0.1826,
        0.2582,
        0.1826,
        0.1826,
        0.0,
        0.2582,
        0.2582,
        0.0,
        0.0,
        0.1826,
        0.2582,
        0.1826,
        0.1826,
        0.0,
        0.2582,
        0.0,
        0.2582,
        0.0
      ],
      "tcp": [
        -0.030278,
        -0.49694,
        0.050002,
        -2.350545,
        2.083392,
        -2e-05
      ]
    },
    "12": {
      "expected_raw": 2,
      "actual_raw": 0,
      "expected_val": 0.1826,
      "top_val": 0.3162,
      "correct": false,