{
  "global": {
    "x_mm": -1.0,
    "y_mm": 2.4,
    "z_mm": -10.5
  },
  "per_point": {
    "1": {
      "dx_mm": -2.4,
      "dy_mm": -0.7
    },
    "2": {
      "dx_mm": -2.0,
      "dy_mm": 0.5
    },
    "3": {
      "dx_mm": -1.5,
      "dy_mm": 1.6
    },
    "4": {
      "dx_mm": -1.7,
      "dy_mm": -1.7
    },
    "5": {
      "dx_mm": -1.2,
      "dy_mm": -0.5
    },
    "6": {
      "dx_mm": -0.8,
      "dy_mm": 0.6
    },
    "7": {
      "dx_mm": -0.8,
      "dy_mm": 1.7
    },
    "8": {
      "dx_mm": -0.6,
      "dy_mm": -2.3
    },
    "9": {
      "dx_mm": -0.4,
      "dy_mm": -1.2
    },
    "10": {
      "dx_mm": 0.0,
      "dy_mm": 0.0
    },
    "11": {
      "dx_mm": 0.0,
      "dy_mm": 1.0
    },
    "12": {
      "dx_mm": 0.7,
      "dy_mm": 2.2
    },
    "13": {
      "dx_mm": 0.5,
      "dy_mm": -1.5
    },
    "14": {
      "dx_mm": 1.0,
      "dy_mm": -0.5
    },
    "15": {
      "dx_mm": 1.0,
      "dy_mm": 0.8
    },
    "16": {
      "dx_mm": 1.7,
      "dy_mm": 1.7
    },
    "17": {
      "dx_mm": 2.0,
      "dy_mm": -1.0
    },
    "18": {
      "dx_mm": 2.5,
      "dy_mm": -0.2
    },
    "19": {
      "dx_mm": 2.8,
      "dy_mm": 1.0
    }
  },
  "scan_results": {
    "1": {
      "expected_raw": 24,
      "actual_raw": 12,
      "expected_val": 0.2582,
      "top_val": 0.3651,
      "correct": false,
      "peak_vals": [
        0.1826,
        0.1826,
        0.3162,
        0.1826,
        0.1826,
        0.1826,
        0.3162,
        0.2582,
        0.2582,
        0.2582,
        0.1826,
        0.3162,
        0.3651,
        0.2582,
        0.2582,
        0.0,
        0.2582,
        0.3651,
        0.2582
      ],
      "tcp": [
        -0.04835,
        -0.483375,
        0.050028,
        -2.350644,
        2.083388,
        -9.8e-05
      ]
    },
    "2": {
      "expected_raw": 12,
      "actual_raw": 15,
      "expected_val": 0.2582,
      "top_val": 0.3651,
      "correct": false,
      "peak_vals": [
        0.1826,
        0.3651,
        0.2582,
        0.3162,
        0.1826,
        0.2582,
        0.3162,
        0.2582,
        0.2582,
        0.2582,
        0.3162,
        0.2582,
        0.2582,
        0.2582,
        0.3162,
        0.1826,
        0.1826,
        0.3651,
        0.2582
      ],
      "tcp": [
        -0.039954,
        -0.482157,
        0.050018,
        -2.350613,
        2.08337,
        -6.2e-05
      ]
    },
    "3": {
      "expected_raw": 0,
      "actual_raw": 12,
      "expected_val": 0.2582,
      "top_val": 0.4082,
      "correct": false,
      "peak_vals": [
        0.0,
        0.3651,
        0.3162,
        0.3162,
        0.0,
        0.1826,
        0.3651,
        0.2582,
        0.2582,
        0.1826,
        0.3162,
        0.3162,
        0.4082,
        0.3162,
        0.1826,
        0.1826,
        0.2582,
        0.3651,
        0.0
      ],
      "tcp": [
        -0.031454,
        -0.481051,
        0.050022,
        -2.350611,
        2.083373,
        -6.3e-05
      ]
    },
    "4": {
      "expected_raw": 37,
      "actual_raw": 15,
      "expected_val": 0.4082,
      "top_val": 0.4472,
      "correct": false,
      "peak_vals": [
        0.0,
        0.4472,
        0.1826,
        0.3651,
        0.2582,
        0.3162,
        0.2582,
        0.1826,
        0.3162,
        0.2582,
        0.4082,
        0.1826,
        0.3162,
        0.3162,
        0.3162,
        0.2582,
        0.1826,
        0.4082,
        0.2582
      ],
      "tcp": [
        -0.051566,
        -0.49135,
        0.050015,
        -2.350591,
        2.083372,
        -4.7e-05
      ]
    },
    "5": {
      "expected_raw": 25,
      "actual_raw": 37,
      "expected_val": 0.3162,
      "top_val": 0.4082,
      "correct": false,
      "peak_vals": [
        0.0,
        0.3651,
        0.1826,
        0.3162,
        0.0,
        0.2582,
        0.2582,
        0.0,
        0.3162,
        0.0,
        0.3162,
        0.1826,
        0.3162,
        0.3162,
        0.2582,
        0.2582,
        0.0,
        0.4082,
        0.0
      ],
      "tcp": [
        -0.043178,
        -0.490154,
        0.050025,
        -2.350561,
        2.083435,
        -8.9e-05
      ]
    },
    "6": {
      "expected_raw": 13,
      "actual_raw": 15,
      "expected_val": 0.1826,
      "top_val": 0.3162,
      "correct": false,
      "peak_vals": [
        0.1826,
        0.3162,
        0.2582,
        0.2582,
        0.2582,
        0.2582,
        0.3162,
        0.1826,
        0.1826,
        0.2582,
        0.3162,
        0.2582,
        0.3162,
        0.2582,
        0.3162,
        0.2582,
        0.1826,
        0.3162,
        0.2582
      ],
      "tcp": [
        -0.034765,
        -0.48907,
        0.050027,
        -2.350627,
        2.083424,
        -9.7e-05
      ]
    },
    "7": {
      "expected_raw": 1,
      "actual_raw": 37,
      "expected_val": 0.3162,
      "top_val": 0.4082,
      "correct": false,
      "peak_vals": [
        0.0,
        0.3651,
        0.2582,
        0.3162,
        0.2582,
        0.2582,
        0.3162,
        0.0,
        0.2582,
        0.1826,
        0.3162,
        0.2582,
        0.3162,
        0.2582,
        0.2582,
        0.3162,
        0.1826,
        0.4082,
        0.1826
      ],
      "tcp": [
        -0.026772,
        -0.487952,
        0.050011,
        -2.350555,
        2.08339,
        -2.8e-05
      ]
    },
    "8": {
      "expected_raw": 50,
      "actual_raw": 37,
      "expected_val": 0.2582,
      "top_val": 0.4082,
      "correct": false,
      "peak_vals": [
        0.1826,
        0.3162,
        0.1826,
        0.2582,
        0.2582,
        0.2582,
        0.3162,
        0.0,
        0.2582,
        0.3162,
        0.3651,
        0.3651,
        0.3162,
        0.2582,
        0.3162,
        0.3162,
        0.1826,
        0.4082,
        0.2582
      ],
      "tcp": [
        -0.054563,
        -0.498954,
        0.050007,
        -2.350578,
        2.083388,
        -6e-05
      ]
    },
    "9": {
      "expected_raw": 38,
      "actual_raw": 37,
      "expected_val": 0.3162,
      "top_val": 0.4082,
      "correct": false,
      "peak_vals": [
        0.1826,
        0.3651,
        0.2582,
        0.3651,
        0.3162,
        0.2582,
        0.3162,
        0.0,
        0.3162,
        0.3162,
        0.3651,
        0.2582,
        0.3651,
        0.3651,
        0.3162,
        0.3651,
        0.2582,
        0.4082,
        0.2582
      ],
      "tcp": [
        -0.046345,
        -0.49786,
        0.050041,
        -2.35067,
        2.083372,
        -9.9e-05
      ]
    },
    "10": {
      "expected_raw": 26,
      "actual_raw": 15,
      "expected_val": 0.1826,
      "top_val": 0.3651,
      "correct": false,
      "peak_vals": [
        0.1826,
        0.3651,
        0.1826,
        0.3162,
        0.3162,
        0.1826,
        0.2582,
        0.0,
        0.2582,
        0.1826,
        0.3162,
        0.3162,
        0.3651,
        0.3162,
        0.3162,
        0.3162,
        0.1826,
        0.3162,
        0.1826
      ],
      "tcp": [
        -0.037961,
        -0.496653,
        0.050016,
        -2.350593,
        2.08338,
        -4.5e-05
      ]
    },
    "11": {
      "expected_raw": 14,
      "actual_raw": 12,
      "expected_val": 0.2582,
      "top_val": 0.4082,
      "correct": false,
      "peak_vals": [
        0.0,
        0.3651,
        0.2582,
        0.3651,
        0.2582,
        0.1826,
        0.3651,
        0.0,
        0.3162,
        0.2582,
        0.3162,
        0.3651,
        0.4082,
        0.3162,
        0.2582,
        0.3651,
        0.1826,
        0.3651,
        0.1826
      ],
      "tcp": [
        -0.029954,
        -0.495658,
        0.050021,
        -2.350618,
        2.083372,
        -6e-05
      ]
    },
    "12": {
      "expected_raw": 2,
      "actual_raw": 39,
      "expected_val": 0.1826,