{
  "global": {
    "x_mm": -0.9,
    "y_mm": 0.8,
    "z_mm": -11.3
  },
  "per_point": {
    "1": {
      "dx_mm": 0.0,
      "dy_mm": 0.0
    },
    "2": {
      "dx_mm": 0.0,
      "dy_mm": 0.0
    },
    "3": {
      "dx_mm": 0.0,
      "dy_mm": 0.0
    },
    "4": {
      "dx_mm": 0.0,
      "dy_mm": 0.0
    },
    "5": {
      "dx_mm": 0.0,
      "dy_mm": 0.0
    },
    "6": {
      "dx_mm": 0.0,
      "dy_mm": 0.0
    },
    "7": {
      "dx_mm": 0.0,
      "dy_mm": 0.0
    },
    "8": {
      "dx_mm": 0.0,
      "dy_mm": -2.5
    },
    "9": {
      "dx_mm": 0.0,
      "dy_mm": 0.0
    },
    "10": {
      "dx_mm": 0.0,
      "dy_mm": 0.0
    },
    "11": {
      "dx_mm": 0.0,
      "dy_mm": 0.0
    },
    "12": {
      "dx_mm": 0.0,
      "dy_mm": 0.0
    },
    "13": {
      "dx_mm": 0.0,
      "dy_mm": 0.0
    },
    "14": {
      "dx_mm": 0.0,
      "dy_mm": 0.0
    },
    "15": {
      "dx_mm": 0.0,
      "dy_mm": 0.0
    },
    "16": {
      "dx_mm": 0.0,
      "dy_mm": 0.0
    },
    "17": {
      "dx_mm": 0.0,
      "dy_mm": 0.0
    },
    "18": {
      "dx_mm": 0.0,
      "dy_mm": 0.0
    },
    "19": {
      "dx_mm": 2.5,
      "dy_mm": 1.7
    }
  },
  "scan_results": {
    "1": {
      "expected_raw": 24,
      "actual_raw": 28,
      "expected_val": 0.2582,
      "top_val": 0.3162,
      "correct": false,
      "peak_vals": [
        0.0,
        0.2582,
        0.3162,
        0.0,
        0.0,
        0.1826,
        0.1826,
        0.0,
        0.0,
        0.1826,
        0.3162,
        0.1826,
        0.0,
        0.0,
        0.1826,
        0.0,
        0.2582,
        0.0,
        0.1826
      ],
      "tcp": [
        -0.045853,
        -0.484245,
        0.049203,
        -2.350597,
        2.083347,
        -2e-06
      ]
    },
    "2": {
      "expected_raw": 12,
      "actual_raw": 28,
      "expected_val": 0.0,
      "top_val": 0.3651,
      "correct": false,
      "peak_vals": [
        0.1826,
        0.1826,
        0.3651,
        0.0,
        0.1826,
        0.2582,
        0.1826,
        0.0,
        0.2582,
        0.2582,
        0.3162,
        0.3162,
        0.0,
        0.0,
        0.2582,
        0.2582,
        0.3162,
        0.1826,
        0.2582
      ],
      "tcp": [
        -0.037855,
        -0.484253,
        0.049227,
        -2.350597,
        2.083372,
        -8.9e-05
      ]
    },
    "3": {
      "expected_raw": 0,
      "actual_raw": 28,
      "expected_val": 0.0,
      "top_val": 0.3162,
      "correct": false,
      "peak_vals": [
        0.0,
        0.1826,
        0.3162,
        0.0,
        0.0,
        0.2582,
        0.1826,
        0.0,
        0.1826,
        0.1826,
        0.2582,
        0.2582,
        0.1826,
        0.0,
        0.0,
        0.1826,
        0.3162,
        0.1826,
        0.1826
      ],
      "tcp": [
        -0.029873,
        -0.484251,
        0.049227,
        -2.350588,
        2.083432,
        -6.2e-05
      ]
    },
    "4": {
      "expected_raw": 37,
      "actual_raw": 39,
      "expected_val": 0.2582,
      "top_val": 0.3651,
      "correct": false,
      "peak_vals": [
        0.0,
        0.1826,
        0.3162,
        0.1826,
        0.1826,
        0.3162,
        0.1826,
        0.1826,
        0.2582,
        0.2582,
        0.3651,
        0.2582,
        0.0,
        0.0,
        0.2582,
        0.3162,
        0.2582,
        0.2582,
        0.3651
      ],
      "tcp": [
        -0.049845,
        -0.491255,
        0.049223,
        -2.350601,
        2.083366,
        -8.5e-05
      ]
    },
    "5": {
      "expected_raw": 25,
      "actual_raw": 27,
      "expected_val": 0.0,
      "top_val": 0.3162,
      "correct": false,
      "peak_vals": [
        0.0,
        0.0,
        0.2582,
        0.1826,
        0.1826,
        0.3162,
        0.0,
        0.0,
        0.0,
        0.1826,
        0.2582,
        0.2582,
        0.0,
        0.0,
        0.1826,
        0.2582,
        0.1826,
        0.1826,
        0.3162
      ],
      "tcp": [
        -0.04186,
        -0.491256,
        0.049228,
        -2.350614,
        2.083385,
        -6.4e-05
      ]
    },
    "6": {
      "expected_raw": 13,
      "actual_raw": 52,
      "expected_val": 0.0,
      "top_val": 0.3651,
      "correct": false,
      "peak_vals": [
        0.0,
        0.1826,
        0.2582,
        0.1826,
        0.2582,
        0.2582,
        0.1826,
        0.0,
        0.0,
        0.1826,
        0.3162,
        0.3651,
        0.1826,
        0.0,
        0.2582,
        0.2582,
        0.2582,
        0.0,
        0.3162
      ],
      "tcp": [
        -0.033852,
        -0.49125,
        0.049213,
        -2.350601,
        2.083342,
        -3.8e-05
      ]
    },
    "7": {
      "expected_raw": 1,
      "actual_raw": 28,
      "expected_val": 0.1826,
      "top_val": 0.3162,
      "correct": false,
      "peak_vals": [
        0.1826,
        0.1826,
        0.3162,
        0.1826,
        0.1826,
        0.2582,
        0.1826,
        0.1826,
        0.0,
        0.2582,
        0.3162,
        0.2582,
        0.1826,
        0.0,
        0.1826,
        0.3162,
        0.2582,
        0.1826,
        0.3162
      ],
      "tcp": [
        -0.025857,
        -0.491244,
        0.049209,
        -2.350578,
        2.083353,
        -4.1e-05
      ]
    },
    "8": {
      "expected_raw": 50,
      "actual_raw": 39,
      "expected_val": 0.3162,
      "top_val": 0.3651,
      "correct": false,
      "peak_vals": [
        0.0,
        0.2582,
        0.2582,
        0.0,
        0.1826,
        0.2582,
        0.0,
        0.1826,
        0.0,
        0.0,
        0.3651,
        0.2582,
        0.1826,
        0.0,
        0.1826,
        0.2582,
        0.1826,
        0.1826,
        0.3162
      ],
      "tcp": [
        -0.053858,
        -0.500757,
        0.049209,
        -2.350574,
        2.083382,
        -6e-05
      ]
    },
    "9": {
      "expected_raw": 38,
      "actual_raw": 28,
      "expected_val": 0.0,
      "top_val": 0.3162,
      "correct": false,
      "peak_vals": [
        0.0,
        0.2582,
        0.3162,
        0.0,
        0.0,
        0.2582,
        0.1826,
        0.0,
        0.0,
        0.0,
        0.3162,
        0.2582,
        0.0,
        0.0,
        0.0,
        0.2582,
        0.2582,
        0.0,
        0.2582
      ],
      "tcp": [
        -0.045861,
        -0.498256,
        0.049209,
        -2.350592,
        2.083383,
        -7.4e-05
      ]
    },
    "10": {
      "expected_raw": 26,
      "actual_raw": 39,
      "expected_val": 0.1826,
      "top_val": 0.3162,
      "correct": false,
      "peak_vals": [
        0.0,
        0.1826,
        0.2582,
        0.0,
        0.0,
        0.1826,
        0.1826,
        0.0,
        0.0,
        0.1826,
        0.3162,
        0.1826,
        0.0,
        0.0,
        0.0,
        0.2582,
        0.2582,
        0.0,
        0.2582
      ],
      "tcp": [
        -0.037867,
        -0.498254,
        0.049227,
        -2.35059,
        2.083413,
        -7.7e-05
      ]
    },
    "11": {
      "expected_raw": 14,
      "actual_raw": 39,
      "expected_val": 0.0,
      "top_val": 0.3162,
      "correct": false,
      "peak_vals": [
        0.0,
        0.1826,
        0.2582,
        0.1826,
        0.0,
        0.2582,
        0.1826,
        0.1826,
        0.0,
        0.0,
        0.3162,
        0.2582,
        0.1826,
        0.0,
        0.0,
        0.2582,
        0.2582,
        0.2582,
        0.2582
      ],
      "tcp": [
        -0.029853,
        -0.498244,
        0.049209,
        -2.35056,
        2.083374,
        -4.3e-05
      ]
    },
    "12": {
      "expected_raw": 2,
      "actual_raw": 39,
      "expected_val": 0.0,
      "top_val": 0.3651,
      "correct": false,