{
  "global": {
    "x_mm": -1.4,
    "y_mm": 1.2,
    "z_mm": -11.5
  },
  "per_point": {
    "1": {
      "dx_mm": -2.0,
      "dy_mm": -1.9
    },
    "2": {
      "dx_mm": -1.9,
      "dy_mm": -0.4
    },
    "3": {
      "dx_mm": -1.8,
      "dy_mm": 0.9
    },
    "4": {
      "dx_mm": -0.8,
      "dy_mm": -2.7
    },
    "5": {
      "dx_mm": -0.7,
      "dy_mm": -1.3
    },
    "6": {
      "dx_mm": -0.9,
      "dy_mm": 0.3
    },
    "7": {
      "dx_mm": -0.9,
      "dy_mm": 1.7
    },
    "8": {
      "dx_mm": 0.0,
      "dy_mm": -3.3
    },
    "9": {
      "dx_mm": 0.2,
      "dy_mm": -1.9
    },
    "10": {
      "dx_mm": 0.2,
      "dy_mm": -0.5
    },
    "11": {
      "dx_mm": 0.2,
      "dy_mm": 1.0
    },
    "12": {
      "dx_mm": 0.2,
      "dy_mm": 2.4
    },
    "13": {
      "dx_mm": 1.2,
      "dy_mm": -2.5
    },
    "14": {
      "dx_mm": 1.1,
      "dy_mm": -1.1
    },
    "15": {
      "dx_mm": 1.2,
      "dy_mm": 0.3
    },
    "16": {
      "dx_mm": 1.4,
      "dy_mm": 1.8
    },
    "17": {
      "dx_mm": 2.3,
      "dy_mm": -2.0
    },
    "18": {
      "dx_mm": 2.5,
      "dy_mm": -0.5
    },
    "19": {
      "dx_mm": 2.5,
      "dy_mm": 1.0
    }
  },
  "scan_results": {
    "1": {
      "expected_raw": 24,
      "actual_raw": 40,
      "expected_val": 0.3651,
      "top_val": 0.483,
      "correct": false,
      "peak_vals": [
        0.2582,
        0.1826,
        0.4082,
        0.1826,
        0.2582,
        0.1826,
        0.483,
        0.3651,
        0.2582,
        0.1826,
        0.0,
        0.4472,
        0.4082,
        0.1826,
        0.1826,
        0.0,
        0.3651,
        0.1826,
        0.1826
      ],
      "tcp": [
        -0.048342,
        -0.485743,
        0.049013,
        -2.350615,
        2.083344,
        -3.9e-05
      ]
    },
    "2": {
      "expected_raw": 12,
      "actual_raw": 40,
      "expected_val": 0.3651,
      "top_val": 0.4472,
      "correct": false,
      "peak_vals": [
        0.1826,
        0.3162,
        0.4082,
        0.1826,
        0.1826,
        0.3162,
        0.4472,
        0.3162,
        0.3162,
        0.0,
        0.0,
        0.4472,
        0.3651,
        0.3162,
        0.0,
        0.1826,
        0.3162,
        0.2582,
        0.1826
      ],
      "tcp": [
        -0.040243,
        -0.484251,
        0.049009,
        -2.350597,
        2.083352,
        -4e-05
      ]
    },
    "3": {
      "expected_raw": 0,
      "actual_raw": 40,
      "expected_val": 0.2582,
      "top_val": 0.3651,
      "correct": false,
      "peak_vals": [
        0.2582,
        0.1826,
        0.3162,
        0.2582,
        0.3162,
        0.3162,
        0.3651,
        0.2582,
        0.3651,
        0.1826,
        0.0,
        0.3651,
        0.2582,
        0.2582,
        0.1826,
        0.0,
        0.1826,
        0.2582,
        0.2582
      ],
      "tcp": [
        -0.032163,
        -0.482952,
        0.049013,
        -2.350571,
        2.083381,
        -7e-05
      ]
    },
    "4": {
      "expected_raw": 37,
      "actual_raw": 28,
      "expected_val": 0.1826,
      "top_val": 0.3651,
      "correct": false,
      "peak_vals": [
        0.1826,
        0.2582,
        0.3651,
        0.1826,
        0.2582,
        0.1826,
        0.3651,
        0.3162,
        0.3162,
        0.0,
        0.0,
        0.3651,
        0.3651,
        0.2582,
        0.1826,
        0.0,
        0.3162,
        0.1826,
        0.1826
      ],
      "tcp": [
        -0.051157,
        -0.493561,
        0.049021,
        -2.350611,
        2.083394,
        -7.5e-05
      ]
    },
    "5": {
      "expected_raw": 25,
      "actual_raw": 13,
      "expected_val": 0.2582,
      "top_val": 0.4082,
      "correct": false,
      "peak_vals": [
        0.2582,
        0.2582,
        0.3162,
        0.2582,
        0.3162,
        0.1826,
        0.3651,
        0.3162,
        0.4082,
        0.2582,
        0.0,
        0.4082,
        0.3162,
        0.2582,
        0.0,
        0.0,
        0.2582,
        0.2582,
        0.1826
      ],
      "tcp": [
        -0.043055,
        -0.49215,
        0.049005,
        -2.350556,
        2.083378,
        -6.3e-05
      ]
    },
    "6": {
      "expected_raw": 13,
      "actual_raw": 40,
      "expected_val": 0.3162,
      "top_val": 0.4472,
      "correct": false,
      "peak_vals": [
        0.1826,
        0.2582,
        0.3651,
        0.2582,
        0.2582,
        0.0,
        0.4472,
        0.3162,
        0.3162,
        0.0,
        0.0,
        0.4082,
        0.3651,
        0.2582,
        0.0,
        0.0,
        0.3651,
        0.3162,
        0.0
      ],
      "tcp": [
        -0.03526,
        -0.490544,
        0.049007,
        -2.350571,
        2.08339,
        -2e-06
      ]
    },
    "7": {
      "expected_raw": 1,
      "actual_raw": 40,
      "expected_val": 0.1826,
      "top_val": 0.4082,
      "correct": false,
      "peak_vals": [
        0.2582,
        0.2582,
        0.3651,
        0.1826,
        0.2582,
        0.1826,
        0.4082,
        0.2582,
        0.2582,
        0.1826,
        0.0,
        0.4082,
        0.3651,
        0.3162,
        0.1826,
        0.0,
        0.2582,
        0.1826,
        0.1826
      ],
      "tcp": [
        -0.027265,
        -0.489158,
        0.049011,
        -2.350599,
        2.083395,
        -4.9e-05
      ]
    },
    "8": {
      "expected_raw": 50,
      "actual_raw": 52,
      "expected_val": 0.1826,
      "top_val": 0.4082,
      "correct": false,
      "peak_vals": [
        0.1826,
        0.1826,
        0.3651,
        0.2582,
        0.3162,
        0.2582,
        0.3651,
        0.3162,
        0.2582,
        0.1826,
        0.0,
        0.4082,
        0.3651,
        0.1826,
        0.0,
        0.0,
        0.3162,
        0.0,
        0.1826
      ],
      "tcp": [
        -0.054342,
        -0.501147,
        0.049001,
        -2.350576,
        2.083327,
        -5.3e-05
      ]
    },
    "9": {
      "expected_raw": 38,
      "actual_raw": 52,
      "expected_val": 0.0,
      "top_val": 0.3651,
      "correct": false,
      "peak_vals": [
        0.0,
        0.1826,
        0.3162,
        0.1826,
        0.1826,
        0.1826,
        0.3162,
        0.2582,
        0.3162,
        0.1826,
        0.0,
        0.3651,
        0.1826,
        0.2582,
        0.0,
        0.0,
        0.1826,
        0.2582,
        0.0
      ],
      "tcp": [
        -0.046169,
        -0.499742,
        0.049008,
        -2.35056,
        2.083394,
        -2e-05
      ]
    },
    "10": {
      "expected_raw": 26,
      "actual_raw": 52,
      "expected_val": 0.0,
      "top_val": 0.4082,
      "correct": false,
      "peak_vals": [
        0.1826,
        0.1826,
        0.3651,
        0.3162,
        0.1826,
        0.2582,
        0.3651,
        0.3162,
        0.3162,
        0.0,
        0.0,
        0.4082,
        0.3651,
        0.2582,
        0.0,
        0.0,
        0.1826,
        0.2582,
        0.1826
      ],
      "tcp": [
        -0.038169,
        -0.498348,
        0.049008,
        -2.350553,
        2.083388,
        -4.6e-05
      ]
    },
    "11": {
      "expected_raw": 14,
      "actual_raw": 28,
      "expected_val": 0.1826,
      "top_val": 0.3651,
      "correct": false,
      "peak_vals": [
        0.0,
        0.1826,
        0.3651,
        0.0,
        0.1826,
        0.1826,
        0.3651,
        0.2582,
        0.2582,
        0.0,
        0.0,
        0.3651,
        0.3162,
        0.1826,
        0.0,
        0.0,
        0.2582,
        0.1826,
        0.0
      ],
      "tcp": [
        -0.03016,
        -0.49685,
        0.049032,
        -2.350589,
        2.083399,
        -0.000105
      ]
    },
    "12": {
      "expected_raw": 2,
      "actual_raw": 40,
      "expected_val": 0.0,
      "top_val": 0.3651,
      "correct": false,