{
  "global": {
    "x_mm": -2.5,
    "y_mm": 3.0,
    "z_mm": -11.0
  },
  "per_point": {
    "1": {
      "dx_mm": -1.4993,
      "dy_mm": -1.9964
    },
    "2": {
      "dx_mm": -2.0,
      "dy_mm": -1.0
    },
    "3": {
      "dx_mm": -1.5,
      "dy_mm": 1.0
    },
    "4": {
      "dx_mm": -1.0,
      "dy_mm": -2.0
    },
    "5": {
      "dx_mm": -0.5,
      "dy_mm": -1.0
    },
    "6": {
      "dx_mm": -0.5,
      "dy_mm": -0.5
    },
    "7": {
      "dx_mm": -1.0,
      "dy_mm": 1.5
    },
    "8": {
      "dx_mm": 0.0,
      "dy_mm": -2.5
    },
    "9": {
      "dx_mm": 0.0,
      "dy_mm": -1.5
    },
    "10": {
      "dx_mm": 0.0,
      "dy_mm": -0.5
    },
    "11": {
      "dx_mm": 0.0,
      "dy_mm": 1.0
    },
    "12": {
      "dx_mm": 1.0,
      "dy_mm": 2.0
    },
    "13": {
      "dx_mm": 1.0,
      "dy_mm": -2.0
    },
    "14": {
      "dx_mm": 1.5,
      "dy_mm": -1.0
    },
    "15": {
      "dx_mm": 1.5,
      "dy_mm": 0.0
    },
    "16": {
      "dx_mm": 1.0,
      "dy_mm": 1.5
    },
    "17": {
      "dx_mm": 2.0,
      "dy_mm": -1.5
    },
    "18": {
      "dx_mm": 2.0,
      "dy_mm": -0.5
    },
    "19": {
      "dx_mm": 2.0,
      "dy_mm": 1.0
    }
  },
  "scan_results": {
    "1": {
      "expected_raw": 24,
      "actual_raw": 24,
      "expected_val": 0.8367,
      "top_val": 0.8367,
      "correct": true,
      "peak_vals": [
        0.3651,
        0.2582,
        0.483,
        0.5477,
        0.3651,
        0.3651,
        0.4472,
        0.5774,
        0.5774,
        0.4472,
        0.2582,
        0.4472,
        0.7746,
        0.6325,
        0.3651,
        0.1826,
        0.8367,
        0.5164,
        0.3651
      ],
      "tcp": [
        -0.048922,
        -0.484089,
        0.049591,
        -2.350714,
        2.083458,
        -0.00018
      ]
    },
    "2": {
      "expected_raw": 12,
      "actual_raw": 12,
      "expected_val": 0.9661,
      "top_val": 0.9661,
      "correct": true,
      "peak_vals": [
        0.4082,
        0.3651,
        0.4082,
        0.6325,
        0.4472,
        0.3162,
        0.4082,
        0.7958,
        0.7071,
        0.3162,
        0.2582,
        0.4472,
        0.9661,
        0.5477,
        0.3162,
        0.2582,
        0.6583,
        0.483,
        0.2582
      ],
      "tcp": [
        -0.041489,
        -0.4831,
        0.049511,
        -2.350617,
        2.083324,
        -7.1e-05
      ]
    },
    "3": {
      "expected_raw": 0,
      "actual_raw": 0,
      "expected_val": 1.0,
      "top_val": 1.0,
      "correct": true,
      "peak_vals": [
        0.483,
        0.2582,
        0.3651,
        0.7746,
        0.4472,
        0.1826,
        0.4082,
        1.0,
        0.5774,
        0.3651,
        0.1826,
        0.4082,
        0.7958,
        0.483,
        0.3651,
        0.2582,
        0.483,
        0.4082,
        0.3162
      ],
      "tcp": [
        -0.03302,
        -0.481084,
        0.049499,
        -2.350549,
        2.083356,
        -3.6e-05
      ]
    },
    "4": {
      "expected_raw": 37,
      "actual_raw": 37,
      "expected_val": 0.7071,
      "top_val": 0.7071,
      "correct": true,
      "peak_vals": [
        0.3651,
        0.3651,
        0.5477,
        0.483,
        0.4082,
        0.4082,
        0.5477,
        0.483,
        0.483,
        0.5164,
        0.4472,
        0.5164,
        0.6055,
        0.6583,
        0.6055,
        0.3651,
        0.6055,
        0.7071,
        0.483
      ],
      "tcp": [
        -0.05243,
        -0.491052,
        0.049585,
        -2.350701,
        2.083506,
        -0.000133
      ]
    },
    "5": {
      "expected_raw": 25,
      "actual_raw": 25,
      "expected_val": 0.7746,
      "top_val": 0.7746,
      "correct": true,
      "peak_vals": [
        0.3651,
        0.3162,
        0.483,
        0.5477,
        0.483,
        0.3651,
        0.483,
        0.5774,
        0.6831,
        0.5774,
        0.2582,
        0.4472,
        0.6831,
        0.7746,
        0.483,
        0.2582,
        0.7071,
        0.6325,
        0.4082
      ],
      "tcp": [
        -0.043974,
        -0.490094,
        0.049496,
        -2.350624,
        2.083267,
        -3.3e-05
      ]
    },
    "6": {
      "expected_raw": 13,
      "actual_raw": 13,
      "expected_val": 0.8563,
      "top_val": 0.8563,
      "correct": true,
      "peak_vals": [
        0.5477,
        0.4472,
        0.4082,
        0.7958,
        0.6325,
        0.3651,
        0.4082,
        0.6831,
        0.8563,
        0.483,
        0.3162,
        0.4082,
        0.7528,
        0.6325,
        0.4082,
        0.3162,
        0.5164,
        0.5164,
        0.3651
      ],
      "tcp": [
        -0.036032,
        -0.489605,
        0.04952,
        -2.35059,
        2.083433,
        -8e-05
      ]
    },
    "7": {
      "expected_raw": 1,
      "actual_raw": 1,
      "expected_val": 0.9487,
      "top_val": 0.9487,
      "correct": true,
      "peak_vals": [
        0.6325,
        0.2582,
        0.4082,
        0.9487,
        0.483,
        0.1826,
        0.4472,
        0.8563,
        0.6831,
        0.4472,
        0.1826,
        0.4082,
        0.6831,
        0.5164,
        0.4472,
        0.1826,
        0.4472,
        0.5164,
        0.4082
      ],
      "tcp": [
        -0.028461,
        -0.487603,
        0.049492,
        -2.350654,
        2.083246,
        -4.9e-05
      ]
    },
    "8": {
      "expected_raw": 50,
      "actual_raw": 50,
      "expected_val": 0.7746,
      "top_val": 0.7746,
      "correct": true,
      "peak_vals": [
        0.3651,
        0.3651,
        0.483,
        0.5164,
        0.4082,
        0.4082,
        0.5164,
        0.483,
        0.4472,
        0.483,
        0.483,
        0.5774,
        0.483,
        0.483,
        0.6583,
        0.6831,
        0.4082,
        0.5477,
        0.7746
      ],
      "tcp": [
        -0.05541,
        -0.498562,
        0.04961,
        -2.350773,
        2.083513,
        -0.000186
      ]
    },
    "9": {
      "expected_raw": 38,
      "actual_raw": 38,
      "expected_val": 0.7746,
      "top_val": 0.7746,
      "correct": true,
      "peak_vals": [
        0.4472,
        0.3162,
        0.5164,
        0.483,
        0.483,
        0.483,
        0.5774,
        0.483,
        0.4472,
        0.6055,
        0.5774,
        0.5477,
        0.5164,
        0.5164,
        0.7746,
        0.5164,
        0.483,
        0.6325,
        0.6583
      ],
      "tcp": [
        -0.047479,
        -0.497582,
        0.049447,
        -2.350564,
        2.083223,
        1.7e-05
      ]
    },
    "10": {
      "expected_raw": 26,
      "actual_raw": 25,
      "expected_val": 0.5774,
      "top_val": 0.6583,
      "correct": false,
      "peak_vals": [
        0.483,
        0.4472,
        0.483,
        0.5477,
        0.6055,
        0.6055,
        0.4472,
        0.5164,
        0.6055,
        0.5774,
        0.483,
        0.4472,
        0.5164,
        0.6583,
        0.6055,
        0.4082,
        0.483,
        0.5477,
        0.5164
      ],
      "tcp": [
        -0.039507,
        -0.496588,
        0.049503,
        -2.350591,
        2.083324,
        -5.6e-05
      ]
    },
    "11": {
      "expected_raw": 14,
      "actual_raw": 14,
      "expected_val": 0.7746,
      "top_val": 0.7746,
      "correct": true,
      "peak_vals": [
        0.7071,
        0.5774,
        0.4472,
        0.6831,
        0.7746,
        0.483,
        0.4472,
        0.5774,
        0.7071,
        0.5774,
        0.4082,
        0.4472,
        0.6583,
        0.5164,
        0.483,
        0.3651,
        0.483,
        0.483,
        0.483
      ],
      "tcp": [
        -0.031486,
        -0.495088,
        0.049482,
        -2.350579,
        2.083303,
        -2e-05
      ]
    },
    "12": {
      "expected_raw": 2,
      "actual_raw": 1,
      "expected_val": 0.7746,