{
  "global": {
    "x_mm": -1.0,
    "y_mm": 0.0,
    "z_mm": -9.65
  },
  "per_point": {
    "1": {
      "dx_mm": -1.5,
      "dy_mm": -1.5
    },
    "2": {
      "dx_mm": -3.0,
      "dy_mm": -1.0
    },
    "3": {
      "dx_mm": -4.0,
      "dy_mm": 0.0
    },
    "4": {
      "dx_mm": -0.5,
      "dy_mm": -2.0
    },
    "5": {
      "dx_mm": -1.0,
      "dy_mm": 0.0
    },
    "6": {
      "dx_mm": -0.5,
      "dy_mm": 1.0
    },
    "7": {
      "dx_mm": -1.5,
      "dy_mm": 1.5
    },
    "8": {
      "dx_mm": 2.0,
      "dy_mm": -1.0
    },
    "9": {
      "dx_mm": 1.0,
      "dy_mm": 0.0
    },
    "10": {
      "dx_mm": 0.5,
      "dy_mm": 0.0
    },
    "11": {
      "dx_mm": -1.0,
      "dy_mm": 3.0
    },
    "12": {
      "dx_mm": -2.0,
      "dy_mm": 2.0
    },
    "13": {
      "dx_mm": 1.5,
      "dy_mm": 0.0
    },
    "14": {
      "dx_mm": 0.0,
      "dy_mm": 0.0
    },
    "15": {
      "dx_mm": 0.5,
      "dy_mm": 0.5
    },
    "16": {
      "dx_mm": -0.5,
      "dy_mm": 3.0
    },
    "17": {
      "dx_mm": 1.0,
      "dy_mm": 0.5
    },
    "18": {
      "dx_mm": 0.5,
      "dy_mm": 1.5
    },
    "19": {
      "dx_mm": 1.5,
      "dy_mm": 2.5
    }
  },
  "scan_results": {
    "1": {
      "expected_raw": 24,
      "actual_raw": 37,
      "expected_val": 0.3651,
      "top_val": 0.5477,
      "correct": false,
      "peak_vals": [
        0.0,
        0.0,
        0.2582,
        0.0,
        0.0,
        0.0,
        0.1826,
        0.3651,
        0.0,
        0.2582,
        0.0,
        0.4082,
        0.1826,
        0.1826,
        0.0,
        0.0,
        0.3651,
        0.5477,
        0.4082
      ],
      "tcp": [
        -0.047452,
        -0.48655,
        0.050872,
        -2.350614,
        2.083379,
        -5.2e-05
      ]
    },
    "2": {
      "expected_raw": 12,
      "actual_raw": 37,
      "expected_val": 0.0,
      "top_val": 0.6583,
      "correct": false,
      "peak_vals": [
        0.0,
        0.0,
        0.0,
        0.3162,
        0.0,
        0.1826,
        0.0,
        0.1826,
        0.0,
        0.5477,
        0.0,
        0.4472,
        0.0,
        0.0,
        0.0,
        0.0,
        0.1826,
        0.6583,
        0.3651
      ],
      "tcp": [
        -0.040982,
        -0.486051,
        0.050865,
        -2.350514,
        2.083436,
        -8.6e-05
      ]
    },
    "3": {
      "expected_raw": 0,
      "actual_raw": 37,
      "expected_val": 0.3162,
      "top_val": 0.7071,
      "correct": false,
      "peak_vals": [
        0.0,
        0.0,
        0.1826,
        0.3162,
        0.0,
        0.2582,
        0.0,
        0.3162,
        0.0,
        0.5477,
        0.0,
        0.5477,
        0.0,
        0.0,
        0.0,
        0.0,
        0.1826,
        0.7071,
        0.4082
      ],
      "tcp": [
        -0.033972,
        -0.485052,
        0.050865,
        -2.350566,
        2.083411,
        -5e-05
      ]
    },
    "4": {
      "expected_raw": 37,
      "actual_raw": 37,
      "expected_val": 0.7071,
      "top_val": 0.7071,
      "correct": true,
      "peak_vals": [
        0.0,
        0.0,
        0.0,
        0.2582,
        0.0,
        0.1826,
        0.0,
        0.3162,
        0.0,
        0.5774,
        0.0,
        0.5774,
        0.0,
        0.0,
        0.0,
        0.0,
        0.0,
        0.7071,
        0.4082
      ],
      "tcp": [
        -0.050444,
        -0.494042,
        0.050856,
        -2.350562,
        2.083325,
        -8.1e-05
      ]
    },
    "5": {
      "expected_raw": 25,
      "actual_raw": 37,
      "expected_val": 0.0,
      "top_val": 0.7958,
      "correct": false,
      "peak_vals": [
        0.0,
        0.0,
        0.0,
        0.4082,
        0.0,
        0.3162,
        0.0,
        0.2582,
        0.0,
        0.6325,
        0.0,
        0.6583,
        0.0,
        0.0,
        0.0,
        0.0,
        0.2582,
        0.7958,
        0.5164
      ],
      "tcp": [
        -0.042974,
        -0.492049,
        0.050864,
        -2.350561,
        2.083388,
        -3.9e-05
      ]
    },
    "6": {
      "expected_raw": 13,
      "actual_raw": 37,
      "expected_val": 0.0,
      "top_val": 0.7958,
      "correct": false,
      "peak_vals": [
        0.0,
        0.0,
        0.0,
        0.4082,
        0.0,
        0.2582,
        0.0,
        0.4082,
        0.0,
        0.483,
        0.0,
        0.7071,
        0.0,
        0.0,
        0.0,
        0.0,
        0.1826,
        0.7958,
        0.5164
      ],
      "tcp": [
        -0.034481,
        -0.491057,
        0.050865,
        -2.350566,
        2.083446,
        -7.2e-05
      ]
    },
    "7": {
      "expected_raw": 1,
      "actual_raw": 37,
      "expected_val": 0.4082,
      "top_val": 0.8165,
      "correct": false,
      "peak_vals": [
        0.0,
        0.0,
        0.1826,
        0.4082,
        0.0,
        0.1826,
        0.0,
        0.5164,
        0.0,
        0.5164,
        0.0,
        0.7303,
        0.0,
        0.0,
        0.0,
        0.0,
        0.0,
        0.8165,
        0.5164
      ],
      "tcp": [
        -0.027447,
        -0.490541,
        0.050844,
        -2.350552,
        2.083326,
        -3e-05
      ]
    },
    "8": {
      "expected_raw": 50,
      "actual_raw": 37,
      "expected_val": 0.5774,
      "top_val": 0.8165,
      "correct": false,
      "peak_vals": [
        0.0,
        0.0,
        0.1826,
        0.4082,
        0.0,
        0.3162,
        0.0,
        0.5774,
        0.0,
        0.5477,
        0.0,
        0.7303,
        0.0,
        0.0,
        0.0,
        0.0,
        0.1826,
        0.8165,
        0.5774
      ],
      "tcp": [
        -0.051973,
        -0.500043,
        0.050861,
        -2.350545,
        2.083405,
        -4.3e-05
      ]
    },
    "9": {
      "expected_raw": 38,
      "actual_raw": 2,
      "expected_val": 1.0,
      "top_val": 1.0,
      "correct": false,
      "peak_vals": [
        1.0,
        0.0,
        0.0,
        0.5164,
        0.0,
        0.0,
        0.0,
        0.483,
        0.0,
        0.5774,
        0.0,
        0.8367,
        0.0,
        0.0,
        1.0,
        0.0,
        0.0,
        0.8944,
        0.5774
      ],
      "tcp": [
        -0.044958,
        -0.499052,
        0.050872,
        -2.350593,
        2.08339,
        -6.7e-05
      ]
    },
    "10": {
      "expected_raw": 26,
      "actual_raw": 2,
      "expected_val": 0.6055,
      "top_val": 1.0,
      "correct": false,
      "peak_vals": [
        1.0,
        0.0,
        0.0,
        0.4472,
        0.0,
        0.1826,
        0.0,
        0.483,
        0.0,
        0.6055,
        0.0,
        0.8165,
        0.0,
        0.0,
        1.0,
        0.0,
        0.0,
        0.8944,
        0.5477
      ],
      "tcp": [
        -0.037455,
        -0.49906,
        0.050866,
        -2.350613,
        2.083351,
        -4.6e-05
      ]
    },
    "11": {
      "expected_raw": 14,
      "actual_raw": 2,
      "expected_val": 0.0,
      "top_val": 1.0,
      "correct": false,
      "peak_vals": [
        1.0,
        0.0,
        0.1826,
        0.5164,
        0.0,
        0.0,
        0.0,
        0.5477,
        0.0,
        0.6583,
        0.0,
        0.8367,
        0.0,
        0.0,
        1.0,
        0.0,
        0.1826,
        0.9309,
        0.6055
      ],
      "tcp": [
        -0.030957,
        -0.496038,
        0.050855,
        -2.350576,
        2.083354,
        -1.2e-05
      ]
    },
    "12": {
      "expected_raw": 2,
      "actual_raw": 2,
      "expected_val": 1.0,
      "top_val": 1.0,
      "correct": true,
      "peak_vals": [
        1.0,
        1.0,
        0.0,
        0.483,
        0.0,
        0.2582,
        0.0,
        0.5164,
        0.0,
        0.5774,
        1.0,
        0.8367,
        0.0,
        0.0,
        1.0,
        0.0,
        0.0,
        0.8756,
        0.5477
      ],