{
  "global": {
    "x_mm": -2.0,
    "y_mm": 0.5,
    "z_mm": -9.5
  },
  "per_point": {
    "1": {
      "dx_mm": 0.0,
      "dy_mm": 0.0
    },
    "2": {
      "dx_mm": 0.0,
      "dy_mm": 0.0
    },
    "3": {
      "dx_mm": 0.0,
      "dy_mm": 0.0
    },
    "4": {
      "dx_mm": 0.0,
      "dy_mm": 0.0
    },
    "5": {
      "dx_mm": 0.0,
      "dy_mm": 0.0
    },
    "6": {
      "dx_mm": 0.0,
      "dy_mm": 0.0
    },
    "7": {
      "dx_mm": 0.0,
      "dy_mm": 0.0
    },
    "8": {
      "dx_mm": 0.0,
      "dy_mm": 0.0
    },
    "9": {
      "dx_mm": 0.0,
      "dy_mm": 0.0
    },
    "10": {
      "dx_mm": 0.0,
      "dy_mm": 0.0
    },
    "11": {
      "dx_mm": 0.0,
      "dy_mm": 0.0
    },
    "12": {
      "dx_mm": 0.0,
      "dy_mm": 0.0
    },
    "13": {
      "dx_mm": 0.0,
      "dy_mm": 0.0
    },
    "14": {
      "dx_mm": 0.0,
      "dy_mm": 0.0
    },
    "15": {
      "dx_mm": 0.0,
      "dy_mm": 0.0
    },
    "16": {
      "dx_mm": 0.0,
      "dy_mm": 0.0
    },
    "17": {
      "dx_mm": 0.0,
      "dy_mm": 0.0
    },
    "18": {
      "dx_mm": 0.0,
      "dy_mm": 0.0
    },
    "19": {
      "dx_mm": 1.5,
      "dy_mm": 1.0
    }
  },
  "scan_results": {
    "1": {
      "expected_raw": 24,
      "actual_raw": 27,
      "expected_val": 0.3162,
      "top_val": 0.3651,
      "correct": false,
      "peak_vals": [
        0.2582,
        0.1826,
        0.2582,
        0.1826,
        0.1826,
        0.3651,
        0.3162,
        0.2582,
        0.1826,
        0.2582,
        0.3651,
        0.3162,
        0.1826,
        0.2582,
        0.2582,
        0.3651,
        0.3162,
        0.3162,
        0.3162
      ],
      "tcp": [
        -0.046948,
        -0.484533,
        0.050991,
        -2.350558,
        2.083309,
        -5e-06
      ]
    },
    "2": {
      "expected_raw": 12,
      "actual_raw": 52,
      "expected_val": 0.1826,
      "top_val": 0.3651,
      "correct": false,
      "peak_vals": [
        0.1826,
        0.1826,
        0.3162,
        0.2582,
        0.1826,
        0.3162,
        0.3162,
        0.2582,
        0.2582,
        0.1826,
        0.3162,
        0.3651,
        0.1826,
        0.3162,
        0.2582,
        0.3162,
        0.2582,
        0.3162,
        0.2582
      ],
      "tcp": [
        -0.038962,
        -0.484544,
        0.051007,
        -2.35056,
        2.083388,
        -3.4e-05
      ]
    },
    "3": {
      "expected_raw": 0,
      "actual_raw": 25,
      "expected_val": 0.1826,
      "top_val": 0.3162,
      "correct": false,
      "peak_vals": [
        0.1826,
        0.0,
        0.2582,
        0.2582,
        0.1826,
        0.2582,
        0.2582,
        0.1826,
        0.2582,
        0.1826,
        0.2582,
        0.2582,
        0.1826,
        0.3162,
        0.2582,
        0.3162,
        0.2582,
        0.3162,
        0.1826
      ],
      "tcp": [
        -0.030951,
        -0.484549,
        0.051008,
        -2.350577,
        2.083344,
        -7.3e-05
      ]
    },
    "4": {
      "expected_raw": 37,
      "actual_raw": 28,
      "expected_val": 0.3162,
      "top_val": 0.3162,
      "correct": false,
      "peak_vals": [
        0.1826,
        0.0,
        0.3162,
        0.3162,
        0.1826,
        0.2582,
        0.3162,
        0.2582,
        0.1826,
        0.0,
        0.3162,
        0.3162,
        0.1826,
        0.2582,
        0.2582,
        0.3162,
        0.3162,
        0.3162,
        0.3162
      ],
      "tcp": [
        -0.050942,
        -0.491537,
        0.051008,
        -2.350586,
        2.083312,
        -3.3e-05
      ]
    },
    "5": {
      "expected_raw": 25,
      "actual_raw": 52,
      "expected_val": 0.3162,
      "top_val": 0.3651,
      "correct": false,
      "peak_vals": [
        0.2582,
        0.1826,
        0.2582,
        0.1826,
        0.1826,
        0.2582,
        0.2582,
        0.2582,
        0.2582,
        0.1826,
        0.2582,
        0.3651,
        0.1826,
        0.3162,
        0.2582,
        0.3162,
        0.2582,
        0.2582,
        0.2582
      ],
      "tcp": [
        -0.042947,
        -0.491543,
        0.051011,
        -2.350595,
        2.083329,
        -6e-05
      ]
    },
    "6": {
      "expected_raw": 13,
      "actual_raw": 37,
      "expected_val": 0.1826,
      "top_val": 0.3651,
      "correct": false,
      "peak_vals": [
        0.2582,
        0.0,
        0.3162,
        0.2582,
        0.2582,
        0.1826,
        0.3162,
        0.2582,
        0.1826,
        0.2582,
        0.2582,
        0.3162,
        0.2582,
        0.3162,
        0.2582,
        0.2582,
        0.3162,
        0.3651,
        0.3162
      ],
      "tcp": [
        -0.034962,
        -0.491564,
        0.051039,
        -2.350622,
        2.083418,
        -0.000106
      ]
    },
    "7": {
      "expected_raw": 1,
      "actual_raw": 27,
      "expected_val": 0.2582,
      "top_val": 0.3651,
      "correct": false,
      "peak_vals": [
        0.2582,
        0.1826,
        0.3162,
        0.2582,
        0.1826,
        0.3651,
        0.3162,
        0.2582,
        0.2582,
        0.2582,
        0.3651,
        0.3162,
        0.1826,
        0.2582,
        0.3162,
        0.3651,
        0.2582,
        0.3162,
        0.3162
      ],
      "tcp": [
        -0.026963,
        -0.491545,
        0.051012,
        -2.350548,
        2.083404,
        -4.3e-05
      ]
    },
    "8": {
      "expected_raw": 50,
      "actual_raw": 52,
      "expected_val": 0.2582,
      "top_val": 0.4082,
      "correct": false,
      "peak_vals": [
        0.1826,
        0.1826,
        0.3651,
        0.2582,
        0.1826,
        0.3162,
        0.3162,
        0.2582,
        0.1826,
        0.2582,
        0.3162,
        0.4082,
        0.2582,
        0.3162,
        0.1826,
        0.2582,
        0.4082,
        0.3651,
        0.2582
      ],
      "tcp": [
        -0.054964,
        -0.498552,
        0.051012,
        -2.350591,
        2.083398,
        -5.4e-05
      ]
    },
    "9": {
      "expected_raw": 38,
      "actual_raw": 28,
      "expected_val": 0.3162,
      "top_val": 0.3162,
      "correct": false,
      "peak_vals": [
        0.1826,
        0.0,
        0.3162,
        0.1826,
        0.1826,
        0.1826,
        0.3162,
        0.3162,
        0.1826,
        0.1826,
        0.2582,
        0.3162,
        0.1826,
        0.2582,
        0.3162,
        0.2582,
        0.3162,
        0.3162,
        0.2582
      ],
      "tcp": [
        -0.046966,
        -0.49855,
        0.051019,
        -2.350574,
        2.083415,
        -4.7e-05
      ]
    },
    "10": {
      "expected_raw": 26,
      "actual_raw": 28,
      "expected_val": 0.0,
      "top_val": 0.3162,
      "correct": false,
      "peak_vals": [
        0.1826,
        0.1826,
        0.3162,
        0.2582,
        0.1826,
        0.2582,
        0.2582,
        0.1826,
        0.2582,
        0.0,
        0.3162,
        0.3162,
        0.2582,
        0.2582,
        0.1826,
        0.3162,
        0.1826,
        0.2582,
        0.1826
      ],
      "tcp": [
        -0.038976,
        -0.498548,
        0.051012,
        -2.350549,
        2.083411,
        -7.8e-05
      ]
    },
    "11": {
      "expected_raw": 14,
      "actual_raw": 28,
      "expected_val": 0.1826,
      "top_val": 0.3651,
      "correct": false,
      "peak_vals": [
        0.1826,
        0.1826,
        0.3651,
        0.1826,
        0.1826,
        0.2582,
        0.3162,
        0.3162,
        0.1826,
        0.0,
        0.3162,
        0.3651,
        0.3162,
        0.2582,
        0.1826,
        0.2582,
        0.3651,
        0.2582,
        0.1826
      ],
      "tcp": [
        -0.030966,
        -0.498545,
        0.051008,
        -2.35056,
        2.083372,
        -4.5e-05
      ]
    },
    "12": {
      "expected_raw": 2,
      "actual_raw": 52,