{
  "global": {
    "x_mm": -2.5,
    "y_mm": 3.0,
    "z_mm": -19.5
  },
  "per_point": {
    "1": {
      "dx_mm": -1.5,
      "dy_mm": -1.5
    },
    "2": {
      "dx_mm": -2.0,
      "dy_mm": 0.0
    },
    "3": {
      "dx_mm": -1.0,
      "dy_mm": 1.5
    },
    "4": {
      "dx_mm": 0.0,
      "dy_mm": -3.0
    },
    "5": {
      "dx_mm": -0.5,
      "dy_mm": -1.5
    },
    "6": {
      "dx_mm": 0.0,
      "dy_mm": 0.5
    },
    "7": {
      "dx_mm": 0.5,
      "dy_mm": 1.5
    },
    "8": {
      "dx_mm": 0.5,
      "dy_mm": -3.5
    },
    "9": {
      "dx_mm": 0.5,
      "dy_mm": -2.0
    },
    "10": {
      "dx_mm": 0.0,
      "dy_mm": 0.0
    }
  },
  "scan_results": {
    "1": {
      "expected_raw": 24,
      "actual_raw": 12,
      "expected_val": 0.7071,
      "top_val": 0.8165,
      "correct": false,
      "peak_vals": [
        0.3162,
        0.1826,
        0.4082,
        0.5477,
        0.3651,
        0.3651,
        0.0,
        0.6325,
        0.5774,
        0.5164,
        0.3162,
        0.2582,
        0.8165,
        0.8165,
        0.4472,
        0.1826,
        0.7071,
        0.5774,
        0.1826
      ],
      "tcp": [
        -0.048923,
        -0.483611,
        0.041068,
        -2.350679,
        2.083412,
        -0.000159
      ]
    },
    "2": {
      "expected_raw": 12,
      "actual_raw": 0,
      "expected_val": 0.8165,
      "top_val": 0.9487,
      "correct": false,
      "peak_vals": [
        0.4082,
        0.2582,
        0.4472,
        0.6583,
        0.5164,
        0.3162,
        0.2582,
        0.9487,
        0.8165,
        0.5164,
        0.2582,
        0.3162,
        0.8165,
        0.5774,
        0.4472,
        0.0,
        0.8756,
        0.4472,
        0.1826
      ],
      "tcp": [
        -0.041469,
        -0.482063,
        0.040994,
        -2.350559,
        2.083283,
        -3.5e-05
      ]
    },
    "3": {
      "expected_raw": 0,
      "actual_raw": 0,
      "expected_val": 1.0,
      "top_val": 1.0,
      "correct": true,
      "peak_vals": [
        0.5164,
        0.1826,
        0.3651,
        0.8756,
        0.3651,
        0.1826,
        0.1826,
        1.0,
        0.6055,
        0.483,
        0.3162,
        0.3162,
        0.8563,
        0.4472,
        0.4082,
        0.1826,
        0.6055,
        0.2582,
        0.3162
      ],
      "tcp": [
        -0.03253,
        -0.480581,
        0.04096,
        -2.350469,
        2.083345,
        2.6e-05
      ]
    },
    "4": {
      "expected_raw": 37,
      "actual_raw": 38,
      "expected_val": 0.1826,
      "top_val": 0.8165,
      "correct": false,
      "peak_vals": [
        0.3162,
        0.1826,
        0.4472,
        0.5164,
        0.3651,
        0.4082,
        0.1826,
        0.5164,
        0.5164,
        0.6325,
        0.483,
        0.3651,
        0.4082,
        0.7958,
        0.8165,
        0.4082,
        0.5774,
        0.1826,
        0.5164
      ],
      "tcp": [
        -0.051423,
        -0.492081,
        0.041105,
        -2.350766,
        2.083513,
        -0.00021
      ]
    },
    "5": {
      "expected_raw": 25,
      "actual_raw": 26,
      "expected_val": 0.5164,
      "top_val": 0.8756,
      "correct": false,
      "peak_vals": [
        0.3651,
        0.3162,
        0.5164,
        0.6055,
        0.5477,
        0.483,
        0.2582,
        0.6055,
        0.7746,
        0.8756,
        0.4472,
        0.3651,
        0.5774,
        0.5164,
        0.6583,
        0.3162,
        0.8563,
        0.8367,
        0.6055
      ],
      "tcp": [
        -0.043963,
        -0.490574,
        0.040981,
        -2.350589,
        2.083249,
        4e-06
      ]
    },
    "6": {
      "expected_raw": 13,
      "actual_raw": 1,
      "expected_val": 0.5477,
      "top_val": 0.9309,
      "correct": false,
      "peak_vals": [
        0.6055,
        0.5164,
        0.4472,
        0.9309,
        0.8165,
        0.4472,
        0.1826,
        0.7746,
        0.5477,
        0.8367,
        0.4082,
        0.3162,
        0.8367,
        0.7303,
        0.5774,
        0.1826,
        0.6325,
        0.4472,
        0.3162
      ],
      "tcp": [
        -0.035514,
        -0.488568,
        0.040987,
        -2.350467,
        2.083378,
        -3.9e-05
      ]
    },
    "7": {
      "expected_raw": 1,
      "actual_raw": 0,
      "expected_val": 0.9487,
      "top_val": 0.9832,
      "correct": false,
      "peak_vals": [
        0.7746,
        0.4472,
        0.4082,
        0.9487,
        0.6831,
        0.3651,
        0.2582,
        0.9832,
        0.8367,
        0.6583,
        0.3651,
        0.3651,
        0.5774,
        0.5164,
        0.483,
        0.0,
        0.5164,
        0.3651,
        0.3162
      ],
      "tcp": [
        -0.026966,
        -0.487583,
        0.040976,
        -2.350597,
        2.083278,
        6e-06
      ]
    },
    "8": {
      "expected_raw": 50,
      "actual_raw": 38,
      "expected_val": 0.3162,
      "top_val": 1.0,
      "correct": false,
      "peak_vals": [
        0.0,
        0.2582,
        0.3162,
        0.3162,
        0.3651,
        0.4082,
        0.2582,
        0.2582,
        0.3162,
        0.5164,
        0.7528,
        0.6055,
        0.2582,
        0.4472,
        1.0,
        0.8165,
        0.2582,
        0.0,
        0.3162
      ],
      "tcp": [
        -0.054972,
        -0.499554,
        0.041016,
        -2.350545,
        2.083427,
        -6.9e-05
      ]
    },
    "9": {
      "expected_raw": 38,
      "actual_raw": 39,
      "expected_val": 0.7303,
      "top_val": 0.9661,
      "correct": false,
      "peak_vals": [
        0.0,
        0.4082,
        0.5164,
        0.3162,
        0.5774,
        0.6055,
        0.6831,
        0.1826,
        0.4082,
        0.8563,
        0.9661,
        0.7528,
        0.3651,
        0.5164,
        0.7303,
        0.4472,
        0.4082,
        0.6831,
        0.7528
      ],
      "tcp": [
        -0.046951,
        -0.498055,
        0.041017,
        -2.350589,
        2.083391,
        -9.5e-05
      ]
    },
    "10": {
      "expected_raw": 26,
      "actual_raw": 14,
      "expected_val": 0.7746,
      "top_val": 0.9309,
      "correct": false,
      "peak_vals": [
        0.0,
        0.5774,
        0.6583,
        0.4472,
        0.9309,
        0.6831,
        0.7071,
        0.3651,
        0.5164,
        0.7746,
        0.7958,
        0.6831,
        0.4472,
        0.6325,
        0.9129,
        0.6325,
        0.5477,
        0.6325,
        0.7303
      ],
      "tcp": [
        -0.039462,
        -0.496055,
        0.041016,
        -2.35062,
        2.083368,
        -8.2e-05
      ]
    },
    "11": {
      "expected_raw": 14,
      "actual_raw": 26,
      "expected_val": 0.9661,
      "top_val": 0.9832,
      "correct": false,
      "peak_vals": [
        0.3651,
        0.7958,
        0.6325,
        0.6583,
        0.9661,
        0.0,
        0.4082,
        0.6055,
        0.7303,
        0.9832,
        0.5477,
        0.4082,
        0.4472,
        0.5774,
        0.6325,
        0.3651,
        0.483,
        0.3162,
        0.4082
      ],
      "tcp": [
        -0.031479,
        -0.496115,
        0.041036,
        -2.350713,
        2.083373,
        -9.9e-05
      ]
    },
    "12": {
      "expected_raw": 2,
      "actual_raw": 26,
      "expected_val": 0.3162,
      "top_val": 1.0,
      "correct": false,
      "peak_vals": [
        0.3162,
        0.4082,
        0.3162,
        0.7746,
        0.4472,
        0.6583,
        0.3651,
        0.7528,
        0.6583,
        1.0,
        0.6831,
        0.4082,
        0.3651,
        0.483,
        0.6583,
        1.0,
        0.4472,
        0.3651,
        0.5164
      ],
      "tcp": [
        -0.023544,
        -0.496093,
        0.04104,
        -2.350565,
        2.083535,
        -8.9e-05
      ]
    },