{
  "global": {
    "x_mm": -3.3,
    "y_mm": 1.3,
    "z_mm": -11.0
  },
  "per_point": {},
  "scan_results": {
    "1": {
      "expected_raw": 24,
      "actual_raw": 12,
      "expected_val": 0.7958,
      "top_val": 0.7958,
      "correct": false,
      "peak_vals": [
        0.1826,
        0.1826,
        0.4472,
        0.4082,
        0.4082,
        0.1826,
        0.3651,
        0.483,
        0.5774,
        0.4082,
        0.2582,
        0.3651,
        0.7958,
        0.5477,
        0.4082,
        0.2582,
        0.7958,
        0.3651,
        0.3651
      ],
      "tcp": [
        -0.047923,
        -0.483004,
        0.049689,
        -2.341496,
        2.08993,
        8.6e-05
      ]
    }
  }
}