{
  "profile": "short_6mm",
  "tip": "short_6mm",
  "timestamp": "2026-07-23T16:42:17",
  "robot_ip": "177.22.22.2",
  "calibration": {
    "global_file": "calib_short_6mm.json",
    "points_file": "calib_points_short_6mm.json",
    "x_mm": -3.3,
    "y_mm": 2.4,
    "z_mm": -15.9
  },
  "reference_pose": [
    -0.03696,
    -0.49906,
    0.06054,
    -2.35063,
    2.08341,
    -9e-05
  ],
  "initial_pose_commanded": [
    -0.04066,
    -0.49736,
    0.04464,
    -2.35063,
    2.08341,
    -9e-05
  ],
  "initial_pose_measured": [
    -0.040685359396319384,
    -0.49736985065680933,
    0.04465799269005713,
    -2.3506246662106407,
    2.0834856613633495,
    -0.00014009677610327565
  ],
  "home_pose": [
    -0.04066,
    -0.49736,
    0.07464,
    -2.35063,
    2.08341,
    -9e-05
  ],
  "point_poses": {
    "1": [
      -0.0504593,
      -0.4848564,
      0.04464,
      -2.35063,
      2.08341,
      -9e-05
    ],
    "2": [
      -0.04276,
      -0.48366,
      0.04464,
      -2.35063,
      2.08341,
      -9e-05
    ],
    "3": [
      -0.03456,
      -0.48266,
      0.04464,
      -2.35063,
      2.08341,
      -9e-05
    ],
    "4": [
      -0.05366,
      -0.49246,
      0.04464,
      -2.35063,
      2.08341,
      -9e-05
    ],
    "5": [
      -0.04556,
      -0.49126000000000003,
      0.04464,
      -2.35063,
      2.08341,
      -9e-05
    ],
    "6": [
      -0.03776,
      -0.49016,
      0.04464,
      -2.35063,
      2.08341,
      -9e-05
    ],
    "7": [
      -0.02966,
      -0.48866,
      0.04464,
      -2.35063,
      2.08341,
      -9e-05
    ],
    "8": [
      -0.056260000000000004,
      -0.49956,
      0.04464,
      -2.35063,
      2.08341,
      -9e-05
    ],
    "9": [
      -0.04846,
      -0.49856,
      0.04464,
      -2.35063,
      2.08341,
      -9e-05
    ],
    "10": [
      -0.04066,
      -0.49736,
      0.04464,
      -2.35063,
      2.08341,
      -9e-05
    ],
    "11": [
      -0.03286,
      -0.49626,
      0.04464,
      -2.35063,
      2.08341,
      -9e-05
    ],
    "12": [
      -0.02466,
      -0.49506,
      0.04464,
      -2.35063,
      2.08341,
      -9e-05
    ],
    "13": [
      -0.05206,
      -0.50626,
      0.04464,
      -2.35063,
      2.08341,
      -9e-05
    ],
    "14": [
      -0.04376,
      -0.50506,
      0.04464,
      -2.35063,
      2.08341,
      -9e-05
    ],
    "15": [
      -0.03596,
      -0.50386,
      0.04464,
      -2.35063,
      2.08341,
      -9e-05
    ],
    "16": [
      -0.02806,
      -0.50276,
      0.04464,
      -2.35063,
      2.08341,
      -9e-05
    ],
    "17": [
      -0.047259999999999996,
      -0.51276,
      0.04464,
      -2.35063,
      2.08341,
      -9e-05
    ],
    "18": [
      -0.03926,
      -0.51136,
      0.04464,
      -2.35063,
      2.08341,
      -9e-05
    ],
    "19": [
      -0.03086,
      -0.51066,
      0.04464,
      -2.35063,
      2.08341,
      -9e-05
    ]
  }
}