{
  "profile": "short_20july",
  "tip": "short_20july",
  "timestamp": "2026-07-23T16:36:25",
  "robot_ip": "177.22.22.2",
  "calibration": {
    "global_file": "calib_short_20july.json",
    "points_file": "calib_points_short_20july.json",
    "x_mm": -0.8,
    "y_mm": 1.2,
    "z_mm": -10.7
  },
  "reference_pose": [
    -0.03696,
    -0.49906,
    0.06054,
    -2.35063,
    2.08341,
    -9e-05
  ],
  "initial_pose_commanded": [
    -0.03776,
    -0.49786,
    0.049839999999999995,
    -2.35063,
    2.08341,
    -9e-05
  ],
  "initial_pose_measured": [
    -0.03777402788881484,
    -0.4978505376348258,
    0.04983722496006165,
    -2.350607862807453,
    2.0834470099623528,
    -4.335190097536881e-05
  ],
  "home_pose": [
    -0.03776,
    -0.49786,
    0.07984,
    -2.35063,
    2.08341,
    -9e-05
  ],
  "point_poses": {
    "1": [
      -0.04876,
      -0.48536,
      0.049839999999999995,
      -2.35063,
      2.08341,
      -9e-05
    ],
    "2": [
      -0.04026,
      -0.48436,
      0.049839999999999995,
      -2.35063,
      2.08341,
      -9e-05
    ],
    "3": [
      -0.03176,
      -0.48286,
      0.049839999999999995,
      -2.35063,
      2.08341,
      -9e-05
    ],
    "4": [
      -0.05126,
      -0.49286,
      0.049839999999999995,
      -2.35063,
      2.08341,
      -9e-05
    ],
    "5": [
      -0.04276,
      -0.49186,
      0.049839999999999995,
      -2.35063,
      2.08341,
      -9e-05
    ],
    "6": [
      -0.03426,
      -0.49036,
      0.049839999999999995,
      -2.35063,
      2.08341,
      -9e-05
    ],
    "7": [
      -0.02626,
      -0.48936,
      0.049839999999999995,
      -2.35063,
      2.08341,
      -9e-05
    ],
    "8": [
      -0.05476,
      -0.50036,
      0.049839999999999995,
      -2.35063,
      2.08341,
      -9e-05
    ],
    "9": [
      -0.04576,
      -0.49936,
      0.049839999999999995,
      -2.35063,
      2.08341,
      -9e-05
    ],
    "10": [
      -0.03776,
      -0.49786,
      0.049839999999999995,
      -2.35063,
      2.08341,
      -9e-05
    ],
    "11": [
      -0.02926,
      -0.49686,
      0.049839999999999995,
      -2.35063,
      2.08341,
      -9e-05
    ],
    "12": [
      -0.02126,
      -0.49586,
      0.049839999999999995,
      -2.35063,
      2.08341,
      -9e-05
    ],
    "13": [
      -0.04876,
      -0.50686,
      0.049839999999999995,
      -2.35063,
      2.08341,
      -9e-05
    ],
    "14": [
      -0.04076,
      -0.50536,
      0.049839999999999995,
      -2.35063,
      2.08341,
      -9e-05
    ],
    "15": [
      -0.03226,
      -0.50436,
      0.049839999999999995,
      -2.35063,
      2.08341,
      -9e-05
    ],
    "16": [
      -0.02426,
      -0.50286,
      0.049839999999999995,
      -2.35063,
      2.08341,
      -9e-05
    ],
    "17": [
      -0.04356,
      -0.51356,
      0.049839999999999995,
      -2.35063,
      2.08341,
      -9e-05
    ],
    "18": [
      -0.03526,
      -0.51236,
      0.049839999999999995,
      -2.35063,
      2.08341,
      -9e-05
    ],
    "19": [
      -0.02726,
      -0.51126,
      0.049839999999999995,
      -2.35063,
      2.08341,
      -9e-05
    ]
  }
}