{
  "profile": "short_new_setup_hollow",
  "tip": "short_new_setup_hollow",
  "timestamp": "2026-07-23T17:06:05",
  "robot_ip": "177.22.22.2",
  "calibration": {
    "global_file": "calib_short_new_setup_hollow.json",
    "points_file": "calib_points_short_new_setup_hollow.json",
    "x_mm": -3.3,
    "y_mm": 1.3,
    "z_mm": -11.0
  },
  "reference_pose": [
    -0.03696,
    -0.49906,
    0.06054,
    -2.35063,
    2.08341,
    -9e-05
  ],
  "initial_pose_commanded": [
    -0.04026,
    -0.49776,
    0.04954,
    -2.35063,
    2.08341,
    -9e-05
  ],
  "initial_pose_measured": [
    -0.040255497634446885,
    -0.49775474212388543,
    0.04952544258066323,
    -2.350617077403388,
    2.083379263047869,
    -4.7163742611978606e-05
  ],
  "home_pose": [
    -0.04026,
    -0.49776,
    0.07954,
    -2.35063,
    2.08341,
    -9e-05
  ],
  "point_poses": {
    "1": [
      -0.05126,
      -0.48526,
      0.04954,
      -2.35063,
      2.08341,
      -9e-05
    ],
    "2": [
      -0.04276,
      -0.48426,
      0.04954,
      -2.35063,
      2.08341,
      -9e-05
    ],
    "3": [
      -0.03426,
      -0.48276,
      0.04954,
      -2.35063,
      2.08341,
      -9e-05
    ],
    "4": [
      -0.05376,
      -0.49276,
      0.04954,
      -2.35063,
      2.08341,
      -9e-05
    ],
    "5": [
      -0.04526,
      -0.49176,
      0.04954,
      -2.35063,
      2.08341,
      -9e-05
    ],
    "6": [
      -0.03676,
      -0.49026000000000003,
      0.04954,
      -2.35063,
      2.08341,
      -9e-05
    ],
    "7": [
      -0.02876,
      -0.48926000000000003,
      0.04954,
      -2.35063,
      2.08341,
      -9e-05
    ],
    "8": [
      -0.057260000000000005,
      -0.50026,
      0.04954,
      -2.35063,
      2.08341,
      -9e-05
    ],
    "9": [
      -0.04826,
      -0.49926,
      0.04954,
      -2.35063,
      2.08341,
      -9e-05
    ],
    "10": [
      -0.04026,
      -0.49776,
      0.04954,
      -2.35063,
      2.08341,
      -9e-05
    ],
    "11": [
      -0.03176,
      -0.49676,
      0.04954,
      -2.35063,
      2.08341,
      -9e-05
    ],
    "12": [
      -0.02376,
      -0.49576,
      0.04954,
      -2.35063,
      2.08341,
      -9e-05
    ],
    "13": [
      -0.05126,
      -0.50676,
      0.04954,
      -2.35063,
      2.08341,
      -9e-05
    ],
    "14": [
      -0.04326,
      -0.50526,
      0.04954,
      -2.35063,
      2.08341,
      -9e-05
    ],
    "15": [
      -0.03476,
      -0.50426,
      0.04954,
      -2.35063,
      2.08341,
      -9e-05
    ],
    "16": [
      -0.02676,
      -0.50276,
      0.04954,
      -2.35063,
      2.08341,
      -9e-05
    ],
    "17": [
      -0.046060000000000004,
      -0.51346,
      0.04954,
      -2.35063,
      2.08341,
      -9e-05
    ],
    "18": [
      -0.03776,
      -0.51226,
      0.04954,
      -2.35063,
      2.08341,
      -9e-05
    ],
    "19": [
      -0.02976,
      -0.5111600000000001,
      0.04954,
      -2.35063,
      2.08341,
      -9e-05
    ]
  }
}