timestamp,datetime,ur5_point,ur5_label,ur5_pressing,ur5_done,tcp_x,tcp_y,tcp_z,fx,fy,fz,tx,ty,tz,ai0,cell_1,cell_2,cell_3,cell_4,cell_5,cell_6,cell_7,cell_8,cell_9,cell_10,cell_11,cell_12,cell_13,cell_14,cell_15,cell_16,cell_17,cell_18,cell_19,calib_1,calib_2,calib_3,calib_4,calib_5,calib_6,calib_7,calib_8,calib_9,calib_10,calib_11,calib_12,calib_13,calib_14,calib_15,calib_16,calib_17,calib_18,calib_19,depth_mm,phase,round_idx,sample_idx,load_cell_N
1788795857.2603,2026-09-07 17:44:17.260,,,0,0,-0.03956,-0.49615,0.08064,-4.3754,11.4085,-26.9155,-0.1114,-0.0002,-0.3253,4.69583,21.0,23.0,23.0,20.0,21.0,22.0,22.0,20.0,21.0,24.0,22.0,20.0,20.0,23.0,21.0,21.0,24.0,22.0,21.0,22.0,22.0,21.0,21.0,21.0,21.0,22.0,22.0,22.0,21.0,22.0,21.0,22.0,22.0,22.0,21.0,21.0,21.0,21.0,0.0,,-1,-1,2.706
1788795857.3104,2026-09-07 17:44:17.310,,,0,0,-0.03955,-0.4961,0.0806,-4.3628,11.3376,-27.2745,-0.1073,0.0003,-0.3299,4.70162,21.0,22.0,23.0,20.0,22.0,22.0,21.0,18.0,19.0,22.0,21.0,19.0,20.0,22.0,20.0,19.0,24.0,21.0,17.0,22.0,22.0,21.0,21.0,21.0,21.0,22.0,22.0,22.0,21.0,22.0,21.0,22.0,22.0,22.0,21.0,21.0,21.0,21.0,0.0,,-1,-1,2.6545
1788795857.3605,2026-09-07 17:44:17.360,,,0,0,-0.03953,-0.49611,0.08062,-4.2265,11.6164,-27.0786,-0.1139,0.0048,-0.3214,4.69004,21.0,22.0,23.0,20.0,22.0,22.0,21.0,18.0,19.0,22.0,21.0,19.0,20.0,22.0,20.0,19.0,24.0,21.0,17.0,22.0,22.0,21.0,21.0,21.0,21.0,22.0,22.0,22.0,21.0,22.0,21.0,22.0,22.0,22.0,21.0,21.0,21.0,21.0,0.0,,-1,-1,2.7575
1788795857.4105,2026-09-07 17:44:17.410,,,0,0,-0.03948,-0.49611,0.0806,-4.2015,11.51,-27.2266,-0.1122,0.0036,-0.3306,4.68627,20.0,22.0,22.0,19.0,21.0,21.0,21.0,23.0,20.0,21.0,21.0,22.0,20.0,21.0,20.0,23.0,22.0,21.0,23.0,22.0,22.0,21.0,21.0,21.0,21.0,22.0,22.0,22.0,21.0,22.0,21.0,22.0,22.0,22.0,21.0,21.0,21.0,21.0,0.0,,-1,-1,2.7911
1788795857.4606,2026-09-07 17:44:17.460,,,0,0,-0.03945,-0.49612,0.08061,-4.6629,11.9364,-26.9947,-0.1223,-0.0084,-0.3391,4.70037,22.0,24.0,22.0,21.0,21.0,20.0,20.0,19.0,20.0,22.0,23.0,20.0,19.0,21.0,22.0,21.0,21.0,22.0,21.0,22.0,22.0,21.0,21.0,21.0,21.0,22.0,22.0,22.0,21.0,22.0,21.0,22.0,22.0,22.0,21.0,21.0,21.0,21.0,0.0,,-1,-1,2.6657
1788795857.5107,2026-09-07 17:44:17.510,,,0,0,-0.03945,-0.4961,0.08059,-4.5986,11.6803,-26.8809,-0.1179,-0.0084,-0.3416,4.69004,22.0,24.0,22.0,21.0,21.0,20.0,20.0,19.0,20.0,22.0,23.0,20.0,19.0,21.0,22.0,21.0,21.0,22.0,21.0,22.0,22.0,21.0,21.0,21.0,21.0,22.0,22.0,22.0,21.0,22.0,21.0,22.0,22.0,22.0,21.0,21.0,21.0,21.0,0.0,,-1,-1,2.7575
1788795857.5607,2026-09-07 17:44:17.560,,,0,0,-0.03943,-0.49611,0.08061,-4.4532,11.2599,-27.1265,-0.106,-0.0008,-0.3429,4.70087,19.0,21.0,23.0,19.0,19.0,21.0,24.0,21.0,22.0,22.0,23.0,21.0,23.0,22.0,20.0,23.0,22.0,22.0,22.0,22.0,22.0,21.0,21.0,21.0,21.0,22.0,22.0,22.0,21.0,22.0,21.0,22.0,22.0,22.0,21.0,21.0,21.0,21.0,0.0,,-1,-1,2.6612
1788795857.6108,2026-09-07 17:44:17.610,,,0,0,-0.03946,-0.49611,0.08061,-4.5657,11.6694,-26.9652,-0.1148,-0.002,-0.3529,4.70188,19.0,21.0,23.0,19.0,19.0,21.0,24.0,21.0,22.0,22.0,23.0,21.0,23.0,22.0,20.0,23.0,22.0,22.0,22.0,22.0,22.0,21.0,21.0,21.0,21.0,22.0,22.0,22.0,21.0,22.0,21.0,22.0,22.0,22.0,21.0,21.0,21.0,21.0,0.0,,-1,-1,2.6522
1788795857.6608,2026-09-07 17:44:17.660,,,0,0,-0.03945,-0.4961,0.08059,-4.7623,11.8557,-26.8931,-0.1157,-0.007,-0.3561,4.68702,23.0,24.0,21.0,20.0,22.0,21.0,21.0,23.0,21.0,22.0,22.0,22.0,20.0,21.0,20.0,23.0,22.0,22.0,21.0,22.0,22.0,21.0,21.0,21.0,21.0,22.0,22.0,22.0,21.0,22.0,21.0,22.0,22.0,22.0,21.0,21.0,21.0,21.0,0.0,,-1,-1,2.7844
1788795857.7109,2026-09-07 17:44:17.710,,,0,0,-0.03945,-0.49611,0.08059,-4.4033,11.7585,-27.1006,-0.1177,0.0015,-0.3556,4.69634,20.0,22.0,22.0,22.0,22.0,20.0,22.0,22.0,20.0,22.0,22.0,21.0,22.0,21.0,21.0,24.0,23.0,23.0,22.0,22.0,22.0,21.0,21.0,21.0,21.0,22.0,22.0,22.0,21.0,22.0,21.0,22.0,22.0,22.0,21.0,21.0,21.0,21.0,0.0,,-1,-1,2.7015
1788795857.761,2026-09-07 17:44:17.761,,,0,0,-0.03944,-0.49612,0.08062,-4.6191,11.7887,-26.9122,-0.1192,-0.0059,-0.3535,4.70112,20.0,22.0,22.0,22.0,22.0,20.0,22.0,22.0,20.0,22.0,22.0,21.0,22.0,21.0,21.0,24.0,23.0,23.0,22.0,22.0,22.0,21.0,21.0,21.0,21.0,22.0,22.0,22.0,21.0,22.0,21.0,22.0,22.0,22.0,21.0,21.0,21.0,21.0,0.0,,-1,-1,2.6589
1788795857.8111,2026-09-07 17:44:17.811,,,0,0,-0.03946,-0.49612,0.0806,-4.8043,11.8773,-26.8455,-0.1213,-0.011,-0.3599,4.6976,23.0,21.0,22.0,22.0,21.0,20.0,21.0,20.0,21.0,24.0,22.0,20.0,21.0,22.0,21.0,20.0,22.0,22.0,21.0,22.0,22.0,21.0,21.0,21.0,21.0,22.0,22.0,22.0,21.0,22.0,21.0,22.0,22.0,22.0,21.0,21.0,21.0,21.0,0.0,,-1,-1,2.6903
1788795857.8611,2026-09-07 17:44:17.861,,,0,0,-0.03945,-0.4961,0.08059,-4.5734,11.5677,-27.0517,-0.1148,-0.007,-0.3602,4.69206,23.0,21.0,22.0,22.0,21.0,20.0,21.0,20.0,21.0,24.0,22.0,20.0,21.0,22.0,21.0,20.0,22.0,22.0,21.0,22.0,22.0,21.0,21.0,21.0,21.0,22.0,22.0,22.0,21.0,22.0,21.0,22.0,22.0,22.0,21.0,21.0,21.0,21.0,0.0,,-1,-1,2.7396
1788795857.9112,2026-09-07 17:44:17.911,,,0,0,-0.03944,-0.49611,0.08061,-4.542,11.6251,-26.8959,-0.1155,-0.0019,-0.3605,4.70137,21.0,22.0,23.0,21.0,21.0,21.0,22.0,19.0,21.0,21.0,20.0,20.0,23.0,21.0,19.0,20.0,22.0,21.0,20.0,22.0,22.0,21.0,21.0,21.0,21.0,22.0,22.0,22.0,21.0,22.0,21.0,22.0,22.0,22.0,21.0,21.0,21.0,21.0,0.0,,-1,-1,2.6567
1788795857.9613,2026-09-07 17:44:17.961,,,0,0,-0.03944,-0.49611,0.0806,-4.5589,12.0676,-26.8627,-0.121,-0.0019,-0.3598,4.68954,20.0,24.0,21.0,19.0,23.0,20.0,21.0,19.0,21.0,23.0,22.0,20.0,20.0,22.0,20.0,20.0,23.0,22.0,21.0,22.0,22.0,21.0,21.0,21.0,21.0,22.0,22.0,22.0,21.0,22.0,21.0,22.0,22.0,22.0,21.0,21.0,21.0,21.0,0.0,,-1,-1,2.762
1788795858.0113,2026-09-07 17:44:18.011,,,0,0,-0.03944,-0.4961,0.0806,-4.5799,11.6676,-26.9652,-0.1159,-0.0079,-0.3607,4.68979,20.0,24.0,21.0,19.0,23.0,20.0,21.0,19.0,21.0,23.0,22.0,20.0,20.0,22.0,20.0,20.0,23.0,22.0,21.0,22.0,22.0,21.0,21.0,21.0,21.0,22.0,22.0,22.0,21.0,22.0,21.0,22.0,22.0,22.0,21.0,21.0,21.0,21.0,0.0,,-1,-1,2.7597
1788795858.0614,2026-09-07 17:44:18.061,,,0,0,-0.03943,-0.49612,0.08061,-4.8604,11.6857,-26.7659,-0.1148,-0.0115,-0.3676,4.69659,20.0,22.0,24.0,19.0,21.0,23.0,22.0,21.0,20.0,24.0,22.0,20.0,21.0,22.0,20.0,23.0,23.0,22.0,21.0,22.0,22.0,21.0,21.0,21.0,21.0,22.0,22.0,22.0,21.0,22.0,21.0,22.0,22.0,22.0,21.0,21.0,21.0,21.0,0.0,,-1,-1,2.6993
1788795858.1115,2026-09-07 17:44:18.111,,,0,0,-0.03945,-0.49611,0.0806,-4.5745,11.7855,-26.7157,-0.118,-0.0065,-0.3663,4.68803,20.0,22.0,24.0,19.0,21.0,23.0,22.0,21.0,20.0,24.0,22.0,20.0,21.0,22.0,20.0,23.0,23.0,22.0,21.0,22.0,22.0,21.0,21.0,21.0,21.0,22.0,22.0,22.0,21.0,22.0,21.0,22.0,22.0,22.0,21.0,21.0,21.0,21.0,0.0,,-1,-1,2.7754
1788795858.1615,2026-09-07 17:44:18.161,,,0,0,-0.03945,-0.49611,0.08061,-4.4785,11.9529,-27.0012,-0.1213,-0.0035,-0.3614,4.69558,21.0,23.0,22.0,21.0,22.0,21.0,22.0,20.0,20.0,23.0,22.0,22.0,22.0,22.0,20.0,20.0,22.0,22.0,20.0,22.0,22.0,21.0,21.0,21.0,21.0,22.0,22.0,22.0,21.0,22.0,21.0,22.0,22.0,22.0,21.0,21.0,21.0,21.0,0.0,,-1,-1,2.7082
1788795858.2116,2026-09-07 17:44:18.211,,,0,0,-0.03943,-0.49611,0.08061,-4.54,11.9228,-27.3941,-0.1216,-0.002,-0.3705,4.68551,21.0,23.0,22.0,21.0,22.0,21.0,22.0,20.0,20.0,23.0,22.0,22.0,22.0,22.0,20.0,20.0,22.0,22.0,20.0,22.0,22.0,21.0,21.0,21.0,21.0,22.0,22.0,22.0,21.0,22.0,21.0,22.0,22.0,22.0,21.0,21.0,21.0,21.0,0.0,,-1,-1,2.7978
1788795858.2617,2026-09-07 17:44:18.261,,,0,0,-0.03944,-0.4961,0.0806,-4.3047,11.3853,-27.0524,-0.1103,-0.0001,-0.3652,4.69609,22.0,23.0,23.0,19.0,21.0,21.0,22.0,20.0,21.0,23.0,22.0,21.0,20.0,21.0,20.0,22.0,22.0,22.0,20.0,22.0,22.0,21.0,21.0,21.0,21.0,22.0,22.0,22.0,21.0,22.0,21.0,22.0,22.0,22.0,21.0,21.0,21.0,21.0,0.0,,-1,-1,2.7037
1788795858.3117,2026-09-07 17:44:18.311,,,0,0,-0.03946,-0.4961,0.08059,-4.5631,12.1759,-26.8196,-0.1257,-0.0047,-0.3617,4.68979,22.0,23.0,23.0,21.0,21.0,22.0,23.0,21.0,21.0,21.0,22.0,22.0,22.0,20.0,19.0,22.0,22.0,21.0,21.0,22.0,22.0,21.0,21.0,21.0,21.0,22.0,22.0,22.0,21.0,22.0,21.0,22.0,22.0,22.0,21.0,21.0,21.0,21.0,0.0,,-1,-1,2.7597
1788795858.3618,2026-09-07 17:44:18.361,,,0,0,-0.03944,-0.4961,0.08059,-4.602,11.6245,-26.9714,-0.1148,-0.0049,-0.3675,4.69785,22.0,23.0,23.0,21.0,21.0,22.0,23.0,21.0,21.0,21.0,22.0,22.0,22.0,20.0,19.0,22.0,22.0,21.0,21.0,22.0,22.0,21.0,21.0,21.0,21.0,22.0,22.0,22.0,21.0,22.0,21.0,22.0,22.0,22.0,21.0,21.0,21.0,21.0,0.0,,-1,-1,2.6881
1788795858.4119,2026-09-07 17:44:18.411,,,0,0,-0.03942,-0.49611,0.0806,-4.5864,11.7201,-26.8854,-0.1172,-0.005,-0.3738,4.69382,21.0,23.0,22.0,20.0,21.0,20.0,21.0,20.0,21.0,22.0,21.0,20.0,21.0,21.0,20.0,22.0,22.0,22.0,21.0,22.0,22.0,21.0,21.0,21.0,21.0,22.0,22.0,22.0,21.0,22.0,21.0,22.0,22.0,22.0,21.0,21.0,21.0,21.0,0.0,,-1,-1,2.7239
1788795858.4619,2026-09-07 17:44:18.461,,,0,0,-0.03945,-0.49611,0.0806,-4.6162,11.4558,-26.8346,-0.11,-0.0087,-0.3694,4.69785,21.0,23.0,22.0,20.0,21.0,20.0,21.0,20.0,21.0,22.0,21.0,20.0,21.0,21.0,20.0,22.0,22.0,22.0,21.0,22.0,22.0,21.0,21.0,21.0,21.0,22.0,22.0,22.0,21.0,22.0,21.0,22.0,22.0,22.0,21.0,21.0,21.0,21.0,0.0,,-1,-1,2.6881
1788795858.512,2026-09-07 17:44:18.512,,,0,0,-0.03944,-0.4961,0.0806,-4.5238,11.8488,-26.8093,-0.1177,-0.0066,-0.3729,4.6903,20.0,21.0,23.0,21.0,21.0,21.0,21.0,21.0,20.0,24.0,22.0,21.0,21.0,22.0,21.0,21.0,23.0,21.0,19.0,22.0,22.0,21.0,21.0,21.0,21.0,22.0,22.0,22.0,21.0,22.0,21.0,22.0,22.0,22.0,21.0,21.0,21.0,21.0,0.0,,-1,-1,2.7553
1788795858.5621,2026-09-07 17:44:18.562,,,0,0,-0.03944,-0.49612,0.08061,-4.8091,11.7633,-26.7527,-0.1175,-0.0134,-0.3761,4.69231,22.0,23.0,23.0,20.0,22.0,22.0,20.0,21.0,22.0,23.0,25.0,20.0,22.0,20.0,21.0,22.0,22.0,23.0,20.0,22.0,22.0,21.0,21.0,21.0,21.0,22.0,22.0,22.0,21.0,22.0,21.0,22.0,22.0,22.0,21.0,21.0,21.0,21.0,0.0,,-1,-1,2.7373
1788795858.6122,2026-09-07 17:44:18.612,,,0,0,-0.03945,-0.49611,0.0806,-4.4346,11.8852,-26.7713,-0.1196,-0.0039,-0.3729,4.69181,22.0,23.0,23.0,20.0,22.0,22.0,20.0,21.0,22.0,23.0,25.0,20.0,22.0,20.0,21.0,22.0,22.0,23.0,20.0,22.0,22.0,21.0,21.0,21.0,21.0,22.0,22.0,22.0,21.0,22.0,21.0,22.0,22.0,22.0,21.0,21.0,21.0,21.0,0.0,,-1,-1,2.7418
1788795858.6623,2026-09-07 17:44:18.662,,,0,0,-0.03945,-0.49612,0.08061,-4.6945,11.5435,-26.6087,-0.1114,-0.0076,-0.3826,4.69634,20.0,24.0,23.0,19.0,22.0,21.0,23.0,21.0,20.0,23.0,24.0,21.0,19.0,23.0,22.0,23.0,24.0,22.0,22.0,22.0,22.0,21.0,21.0,21.0,21.0,22.0,22.0,22.0,21.0,22.0,21.0,22.0,22.0,22.0,21.0,21.0,21.0,21.0,0.0,,-1,-1,2.7015
1788795858.7124,2026-09-07 17:44:18.712,,,0,0,-0.03945,-0.49611,0.0806,-4.6792,12.0318,-26.904,-0.1233,-0.0075,-0.3686,4.70137,20.0,24.0,23.0,19.0,22.0,21.0,23.0,21.0,20.0,23.0,24.0,21.0,19.0,23.0,22.0,23.0,24.0,22.0,22.0,22.0,22.0,21.0,21.0,21.0,21.0,22.0,22.0,22.0,21.0,22.0,21.0,22.0,22.0,22.0,21.0,21.0,21.0,21.0,0.0,,-1,-1,2.6567
1788795858.7624,2026-09-07 17:44:18.762,,,0,0,-0.03946,-0.49611,0.0806,-4.4696,11.8756,-26.919,-0.1205,-0.002,-0.3661,4.69181,21.0,21.0,23.0,20.0,21.0,20.0,23.0,19.0,20.0,23.0,21.0,21.0,21.0,23.0,21.0,21.0,23.0,21.0,19.0,22.0,22.0,21.0,21.0,21.0,21.0,22.0,22.0,22.0,21.0,22.0,21.0,22.0,22.0,22.0,21.0,21.0,21.0,21.0,0.0,,-1,-1,2.7418
1788795858.8124,2026-09-07 17:44:18.812,,,0,0,-0.03947,-0.49612,0.08063,-4.5411,11.7243,-26.8264,-0.1184,-0.0036,-0.3731,4.69709,20.0,24.0,24.0,19.0,21.0,21.0,20.0,22.0,20.0,25.0,22.0,22.0,21.0,23.0,21.0,23.0,23.0,23.0,22.0,22.0,22.0,21.0,21.0,21.0,21.0,22.0,22.0,22.0,21.0,22.0,21.0,22.0,22.0,22.0,21.0,21.0,21.0,21.0,0.0,,-1,-1,2.6948
1788795858.8625,2026-09-07 17:44:18.862,,,0,0,-0.03945,-0.49612,0.08061,-4.7487,11.7524,-26.7723,-0.1154,-0.0097,-0.3738,4.69609,20.0,24.0,24.0,19.0,21.0,21.0,20.0,22.0,20.0,25.0,22.0,22.0,21.0,23.0,21.0,23.0,23.0,23.0,22.0,22.0,22.0,21.0,21.0,21.0,21.0,22.0,22.0,22.0,21.0,22.0,21.0,22.0,22.0,22.0,21.0,21.0,21.0,21.0,0.0,,-1,-1,2.7037
1788795858.9125,2026-09-07 17:44:18.912,,,0,0,-0.03943,-0.49611,0.08061,-4.1923,11.5574,-27.1119,-0.1138,0.0043,-0.3695,4.69936,25.0,22.0,23.0,23.0,22.0,22.0,22.0,22.0,19.0,24.0,23.0,22.0,20.0,22.0,21.0,22.0,23.0,24.0,23.0,22.0,22.0,21.0,21.0,21.0,21.0,22.0,22.0,22.0,21.0,22.0,21.0,22.0,22.0,22.0,21.0,21.0,21.0,21.0,0.0,,-1,-1,2.6746
1788795858.9626,2026-09-07 17:44:18.962,,,0,0,-0.03945,-0.49611,0.08061,-4.4649,11.6747,-27.0049,-0.1158,-0.0032,-0.3691,4.69735,25.0,22.0,23.0,23.0,22.0,22.0,22.0,22.0,19.0,24.0,23.0,22.0,20.0,22.0,21.0,22.0,23.0,24.0,23.0,22.0,22.0,21.0,21.0,21.0,21.0,22.0,22.0,22.0,21.0,22.0,21.0,22.0,22.0,22.0,21.0,21.0,21.0,21.0,0.0,,-1,-1,2.6925
1788795859.0126,2026-09-07 17:44:19.012,,,0,0,-0.03945,-0.49611,0.08061,-4.5143,11.8418,-26.9527,-0.1184,-0.0026,-0.3751,4.70037,23.0,22.0,23.0,21.0,20.0,21.0,22.0,20.0,21.0,23.0,22.0,20.0,21.0,22.0,20.0,21.0,23.0,22.0,22.0,22.0,22.0,21.0,21.0,21.0,21.0,22.0,22.0,22.0,21.0,22.0,21.0,22.0,22.0,22.0,21.0,21.0,21.0,21.0,0.0,,-1,-1,2.6657
1788795859.0626,2026-09-07 17:44:19.062,,,0,0,-0.03945,-0.4961,0.0806,-4.5101,11.8542,-26.9288,-0.1168,-0.0029,-0.3752,4.69886,23.0,22.0,23.0,21.0,20.0,21.0,22.0,20.0,21.0,23.0,22.0,20.0,21.0,22.0,20.0,21.0,23.0,22.0,22.0,22.0,22.0,21.0,21.0,21.0,21.0,22.0,22.0,22.0,21.0,22.0,21.0,22.0,22.0,22.0,21.0,21.0,21.0,21.0,0.0,,-1,-1,2.6791
1788795859.1127,2026-09-07 17:44:19.112,,,0,0,-0.03947,-0.49612,0.08061,-4.3643,11.7449,-26.9494,-0.1172,-0.0016,-0.368,4.69155,21.0,22.0,23.0,20.0,23.0,22.0,21.0,20.0,21.0,23.0,23.0,20.0,22.0,22.0,22.0,21.0,23.0,23.0,20.0,22.0,22.0,21.0,21.0,21.0,21.0,22.0,22.0,22.0,21.0,22.0,21.0,22.0,22.0,22.0,21.0,21.0,21.0,21.0,0.0,,-1,-1,2.7441
1788795859.1628,2026-09-07 17:44:19.162,,,0,0,-0.03942,-0.49612,0.08062,-4.7907,11.6189,-26.9733,-0.1165,-0.0107,-0.3813,4.6986,22.0,22.0,22.0,20.0,21.0,21.0,23.0,21.0,21.0,21.0,21.0,22.0,21.0,22.0,20.0,21.0,23.0,22.0,20.0,22.0,22.0,21.0,21.0,21.0,21.0,22.0,22.0,22.0,21.0,22.0,21.0,22.0,22.0,22.0,21.0,21.0,21.0,21.0,0.0,,-1,-1,2.6813
1788795859.2129,2026-09-07 17:44:19.212,,,0,0,-0.03944,-0.49611,0.0806,-4.6929,11.5603,-27.153,-0.1156,-0.0088,-0.3743,4.68551,22.0,22.0,22.0,20.0,21.0,21.0,23.0,21.0,21.0,21.0,21.0,22.0,21.0,22.0,20.0,21.0,23.0,22.0,20.0,22.0,22.0,21.0,21.0,21.0,21.0,22.0,22.0,22.0,21.0,22.0,21.0,22.0,22.0,22.0,21.0,21.0,21.0,21.0,0.0,,-1,-1,2.7978
1788795859.2629,2026-09-07 17:44:19.262,,,0,0,-0.03944,-0.49612,0.08062,-4.6928,11.5801,-27.0083,-0.1116,-0.0051,-0.3767,4.69004,20.0,22.0,21.0,21.0,22.0,20.0,22.0,21.0,21.0,23.0,23.0,20.0,22.0,21.0,22.0,20.0,22.0,24.0,20.0,22.0,22.0,21.0,21.0,21.0,21.0,22.0,22.0,22.0,21.0,22.0,21.0,22.0,22.0,22.0,21.0,21.0,21.0,21.0,0.0,,-1,-1,2.7575
1788795859.313,2026-09-07 17:44:19.313,,,0,0,-0.03944,-0.4961,0.0806,-4.1866,11.107,-26.9111,-0.1035,0.0018,-0.3818,4.69206,20.0,22.0,21.0,21.0,22.0,20.0,22.0,21.0,21.0,23.0,23.0,20.0,22.0,21.0,22.0,20.0,22.0,24.0,20.0,22.0,22.0,21.0,21.0,21.0,21.0,22.0,22.0,22.0,21.0,22.0,21.0,22.0,22.0,22.0,21.0,21.0,21.0,21.0,0.0,,-1,-1,2.7396
1788795859.3631,2026-09-07 17:44:19.363,,,0,0,-0.03943,-0.49611,0.08062,-4.2817,11.2741,-26.9185,-0.106,0.0016,-0.3796,4.69407,23.0,22.0,22.0,20.0,22.0,20.0,23.0,21.0,20.0,22.0,22.0,22.0,21.0,22.0,21.0,22.0,22.0,23.0,21.0,22.0,22.0,21.0,21.0,21.0,21.0,22.0,22.0,22.0,21.0,22.0,21.0,22.0,22.0,22.0,21.0,21.0,21.0,21.0,0.0,,-1,-1,2.7217
1788795859.4132,2026-09-07 17:44:19.413,,,0,0,-0.03944,-0.49611,0.08061,-4.5664,11.7562,-26.9421,-0.1147,-0.0029,-0.3789,4.69231,22.0,21.0,24.0,21.0,21.0,21.0,23.0,22.0,19.0,22.0,21.0,22.0,19.0,23.0,20.0,23.0,22.0,21.0,23.0,22.0,22.0,21.0,21.0,21.0,21.0,22.0,22.0,22.0,21.0,22.0,21.0,22.0,22.0,22.0,21.0,21.0,21.0,21.0,0.0,,-1,-1,2.7373
1788795859.4632,2026-09-07 17:44:19.463,,,0,0,-0.03944,-0.49612,0.08061,-4.5662,11.573,-26.959,-0.1122,-0.0042,-0.3789,4.68727,22.0,21.0,24.0,21.0,21.0,21.0,23.0,22.0,19.0,22.0,21.0,22.0,19.0,23.0,20.0,23.0,22.0,21.0,23.0,22.0,22.0,21.0,21.0,21.0,21.0,22.0,22.0,22.0,21.0,22.0,21.0,22.0,22.0,22.0,21.0,21.0,21.0,21.0,0.0,,-1,-1,2.7821
1788795859.5133,2026-09-07 17:44:19.513,,,0,0,-0.03945,-0.49612,0.08062,-4.5203,11.5559,-27.057,-0.1117,-0.0046,-0.3737,4.70263,22.0,21.0,23.0,22.0,20.0,20.0,22.0,21.0,21.0,23.0,21.0,22.0,21.0,22.0,18.0,22.0,21.0,21.0,23.0,22.0,22.0,21.0,21.0,21.0,21.0,22.0,22.0,22.0,21.0,22.0,21.0,22.0,22.0,22.0,21.0,21.0,21.0,21.0,0.0,,-1,-1,2.6455
1788795859.5634,2026-09-07 17:44:19.563,,,0,0,-0.03944,-0.49611,0.0806,-4.551,11.8357,-27.0003,-0.1198,-0.004,-0.3771,4.69181,22.0,21.0,23.0,22.0,20.0,20.0,22.0,21.0,21.0,23.0,21.0,22.0,21.0,22.0,18.0,22.0,21.0,21.0,23.0,22.0,22.0,21.0,21.0,21.0,21.0,22.0,22.0,22.0,21.0,22.0,21.0,22.0,22.0,22.0,21.0,21.0,21.0,21.0,0.0,,-1,-1,2.7418
1788795859.6134,2026-09-07 17:44:19.613,,,0,0,-0.03944,-0.4961,0.08061,-4.6183,11.5508,-26.8083,-0.1097,-0.0035,-0.3832,4.6976,22.0,23.0,22.0,21.0,22.0,20.0,20.0,23.0,21.0,22.0,22.0,23.0,21.0,22.0,20.0,23.0,23.0,22.0,23.0,22.0,22.0,21.0,21.0,21.0,21.0,22.0,22.0,22.0,21.0,22.0,21.0,22.0,22.0,22.0,21.0,21.0,21.0,21.0,0.0,,-1,-1,2.6903
1788795859.6635,2026-09-07 17:44:19.663,,,0,0,-0.03944,-0.49612,0.08061,-4.4523,11.8883,-27.1286,-0.1183,-0.002,-0.3798,4.69986,22.0,22.0,23.0,22.0,23.0,21.0,21.0,20.0,21.0,23.0,20.0,20.0,22.0,21.0,19.0,20.0,21.0,20.0,18.0,22.0,22.0,21.0,21.0,21.0,21.0,22.0,22.0,22.0,21.0,22.0,21.0,22.0,22.0,22.0,21.0,21.0,21.0,21.0,0.0,,-1,-1,2.6701
1788795859.7136,2026-09-07 17:44:19.713,,,0,0,-0.03946,-0.49611,0.08061,-4.5108,11.6932,-27.2174,-0.1112,-0.004,-0.383,4.69533,22.0,22.0,23.0,22.0,23.0,21.0,21.0,20.0,21.0,23.0,20.0,20.0,22.0,21.0,19.0,20.0,21.0,20.0,18.0,22.0,22.0,21.0,21.0,21.0,21.0,22.0,22.0,22.0,21.0,22.0,21.0,22.0,22.0,22.0,21.0,21.0,21.0,21.0,0.0,,-1,-1,2.7105
1788795859.7636,2026-09-07 17:44:19.763,,,0,0,-0.03946,-0.49611,0.08061,-4.2822,11.4076,-27.0641,-0.1084,0.0026,-0.3786,4.69382,21.0,23.0,22.0,19.0,22.0,21.0,21.0,21.0,21.0,21.0,21.0,23.0,21.0,21.0,19.0,22.0,22.0,21.0,22.0,22.0,22.0,21.0,21.0,21.0,21.0,22.0,22.0,22.0,21.0,22.0,21.0,22.0,22.0,22.0,21.0,21.0,21.0,21.0,0.0,,-1,-1,2.7239
1788795859.8137,2026-09-07 17:44:19.813,19,e5,0,0,-0.03944,-0.4961,0.0806,-4.667,11.682,-27.0501,-0.1138,-0.008,-0.3815,4.68501,21.0,23.0,22.0,19.0,22.0,21.0,21.0,21.0,21.0,21.0,21.0,23.0,21.0,21.0,19.0,22.0,22.0,21.0,22.0,22.0,22.0,21.0,21.0,21.0,21.0,22.0,22.0,22.0,21.0,22.0,21.0,22.0,22.0,22.0,21.0,21.0,21.0,21.0,10.0,locate,0,0,2.8023
1788795859.8638,2026-09-07 17:44:19.863,19,e5,0,0,-0.03949,-0.49626,0.08033,-4.4288,11.8309,-27.0684,-0.1187,-0.0025,-0.3793,4.70188,21.0,25.0,22.0,22.0,21.0,21.0,22.0,19.0,20.0,22.0,20.0,20.0,21.0,22.0,19.0,20.0,23.0,21.0,20.0,22.0,22.0,21.0,21.0,21.0,21.0,22.0,22.0,22.0,21.0,22.0,21.0,22.0,22.0,22.0,21.0,21.0,21.0,21.0,10.0,locate,0,0,2.6522
1788795859.9139,2026-09-07 17:44:19.913,19,e5,0,0,-0.0397,-0.49679,0.07943,-4.7235,11.6617,-27.002,-0.1129,-0.0111,-0.3882,4.69659,20.0,22.0,23.0,21.0,22.0,22.0,20.0,21.0,20.0,23.0,21.0,20.0,21.0,21.0,20.0,21.0,22.0,21.0,21.0,22.0,22.0,21.0,21.0,21.0,21.0,22.0,22.0,22.0,21.0,22.0,21.0,22.0,22.0,22.0,21.0,21.0,21.0,21.0,10.0,locate,0,0,2.6993
1788795859.964,2026-09-07 17:44:19.963,19,e5,0,0,-0.04005,-0.49765,0.07783,-4.3745,11.6763,-26.9021,-0.1172,-0.0012,-0.3928,4.69659,20.0,22.0,23.0,21.0,22.0,22.0,20.0,21.0,20.0,23.0,21.0,20.0,21.0,21.0,20.0,21.0,22.0,21.0,21.0,22.0,22.0,21.0,21.0,21.0,21.0,22.0,22.0,22.0,21.0,22.0,21.0,22.0,22.0,22.0,21.0,21.0,21.0,21.0,10.0,locate,0,0,2.6993
1788795860.0141,2026-09-07 17:44:20.014,19,e5,0,0,-0.04041,-0.49872,0.07574,-4.2452,11.6255,-27.2417,-0.1147,0.0029,-0.3834,4.6981,20.0,23.0,22.0,19.0,22.0,21.0,20.0,22.0,22.0,23.0,22.0,22.0,23.0,23.0,21.0,23.0,22.0,22.0,22.0,22.0,22.0,21.0,21.0,21.0,21.0,22.0,22.0,22.0,21.0,22.0,21.0,22.0,22.0,22.0,21.0,21.0,21.0,21.0,10.0,locate,0,0,2.6858
1788795860.0641,2026-09-07 17:44:20.064,19,e5,0,0,-0.04087,-0.4998,0.07339,-4.224,11.5323,-27.2454,-0.1117,0.0037,-0.4091,4.69583,20.0,23.0,22.0,19.0,22.0,21.0,20.0,22.0,22.0,23.0,22.0,22.0,23.0,23.0,21.0,23.0,22.0,22.0,22.0,22.0,22.0,21.0,21.0,21.0,21.0,22.0,22.0,22.0,21.0,22.0,21.0,22.0,22.0,22.0,21.0,21.0,21.0,21.0,10.0,locate,0,0,2.706
1788795860.1142,2026-09-07 17:44:20.114,19,e5,0,0,-0.04139,-0.50099,0.071,-4.4421,11.8428,-26.95,-0.1183,-0.001,-0.4294,4.70162,22.0,24.0,23.0,21.0,22.0,22.0,21.0,23.0,22.0,23.0,22.0,22.0,23.0,22.0,20.0,22.0,23.0,21.0,21.0,22.0,22.0,21.0,21.0,21.0,21.0,22.0,22.0,22.0,21.0,22.0,21.0,22.0,22.0,22.0,21.0,21.0,21.0,21.0,10.0,locate,0,0,2.6545
1788795860.1643,2026-09-07 17:44:20.164,19,e5,0,0,-0.04185,-0.5021,0.06901,-4.4185,11.7796,-27.107,-0.116,0.0004,-0.4375,4.68778,22.0,24.0,23.0,21.0,22.0,22.0,21.0,23.0,22.0,23.0,22.0,22.0,23.0,22.0,20.0,22.0,23.0,21.0,21.0,22.0,22.0,21.0,21.0,21.0,21.0,22.0,22.0,22.0,21.0,22.0,21.0,22.0,22.0,22.0,21.0,21.0,21.0,21.0,10.0,locate,0,0,2.7777
1788795860.2144,2026-09-07 17:44:20.214,19,e5,0,0,-0.04229,-0.50321,0.06686,-4.6659,11.594,-27.2793,-0.1113,-0.0064,-0.4642,4.6981,22.0,22.0,24.0,21.0,22.0,22.0,21.0,21.0,22.0,22.0,22.0,22.0,22.0,22.0,21.0,23.0,23.0,22.0,22.0,22.0,22.0,21.0,21.0,21.0,21.0,22.0,22.0,22.0,21.0,22.0,21.0,22.0,22.0,22.0,21.0,21.0,21.0,21.0,10.0,locate,0,0,2.6858
1788795860.2644,2026-09-07 17:44:20.264,19,e5,0,0,-0.0427,-0.5043,0.06468,-4.1703,11.3526,-27.2925,-0.1069,0.0078,-0.4793,4.69281,23.0,23.0,23.0,22.0,22.0,22.0,21.0,22.0,22.0,25.0,22.0,23.0,22.0,23.0,21.0,23.0,23.0,22.0,20.0,22.0,22.0,21.0,21.0,21.0,21.0,22.0,22.0,22.0,21.0,22.0,21.0,22.0,22.0,22.0,21.0,21.0,21.0,21.0,10.0,locate,0,0,2.7329
1788795860.3145,2026-09-07 17:44:20.314,19,e5,0,0,-0.04319,-0.50549,0.06225,-4.1992,11.6269,-27.2095,-0.114,0.0026,-0.5007,4.69055,23.0,23.0,23.0,22.0,22.0,22.0,21.0,22.0,22.0,25.0,22.0,23.0,22.0,23.0,21.0,23.0,23.0,22.0,20.0,22.0,22.0,21.0,21.0,21.0,21.0,22.0,22.0,22.0,21.0,22.0,21.0,22.0,22.0,22.0,21.0,21.0,21.0,21.0,10.0,locate,0,0,2.753
1788795860.3645,2026-09-07 17:44:20.364,19,e5,0,0,-0.04364,-0.50663,0.06011,-4.3825,11.6335,-27.2963,-0.114,0.0021,-0.5143,4.70011,23.0,23.0,24.0,22.0,22.0,23.0,22.0,22.0,23.0,23.0,23.0,22.0,23.0,24.0,20.0,23.0,24.0,21.0,22.0,22.0,22.0,21.0,21.0,21.0,21.0,22.0,22.0,22.0,21.0,22.0,21.0,22.0,22.0,22.0,21.0,21.0,21.0,21.0,10.0,locate,0,0,2.6679
1788795860.4146,2026-09-07 17:44:20.414,19,e5,0,0,-0.04413,-0.50773,0.05813,-4.3647,11.7874,-27.1281,-0.1187,0.0002,-0.5217,4.68929,23.0,23.0,24.0,22.0,22.0,23.0,22.0,22.0,23.0,23.0,23.0,22.0,23.0,24.0,20.0,23.0,24.0,21.0,22.0,22.0,22.0,21.0,21.0,21.0,21.0,22.0,22.0,22.0,21.0,22.0,21.0,22.0,22.0,22.0,21.0,21.0,21.0,21.0,10.0,locate,0,0,2.7642
1788795860.4647,2026-09-07 17:44:20.464,19,e5,0,0,-0.04457,-0.50884,0.0559,-4.5477,11.7628,-27.1271,-0.1159,-0.0048,-0.5404,4.69583,22.0,23.0,24.0,22.0,23.0,22.0,22.0,22.0,21.0,24.0,22.0,23.0,21.0,23.0,22.0,23.0,24.0,23.0,22.0,22.0,22.0,21.0,21.0,21.0,21.0,22.0,22.0,22.0,21.0,22.0,21.0,22.0,22.0,22.0,21.0,21.0,21.0,21.0,10.0,locate,0,0,2.706
1788795860.5148,2026-09-07 17:44:20.514,19,e5,0,0,-0.04498,-0.50987,0.05372,-4.5956,11.7485,-27.0146,-0.1151,-0.0006,-0.5576,4.68778,24.0,23.0,23.0,23.0,22.0,22.0,22.0,20.0,22.0,24.0,25.0,20.0,23.0,23.0,24.0,21.0,25.0,24.0,21.0,22.0,22.0,21.0,21.0,21.0,21.0,22.0,22.0,22.0,21.0,22.0,21.0,22.0,22.0,22.0,21.0,21.0,21.0,21.0,10.0,locate,0,0,2.7777
1788795860.5649,2026-09-07 17:44:20.564,19,e5,0,0,-0.04533,-0.51078,0.05188,-4.6434,11.8371,-27.0454,-0.1174,-0.0081,-0.5678,4.69155,24.0,23.0,23.0,23.0,22.0,22.0,22.0,20.0,22.0,24.0,25.0,20.0,23.0,23.0,24.0,21.0,25.0,24.0,21.0,22.0,22.0,21.0,21.0,21.0,21.0,22.0,22.0,22.0,21.0,22.0,21.0,22.0,22.0,22.0,21.0,21.0,21.0,21.0,10.0,locate,0,0,2.7441
1788795860.615,2026-09-07 17:44:20.615,19,e5,0,0,-0.04554,-0.51132,0.05096,-5.197,12.4853,-26.9824,-0.1332,-0.0192,-0.5858,4.69961,21.0,25.0,24.0,20.0,23.0,22.0,23.0,19.0,22.0,25.0,25.0,20.0,23.0,23.0,23.0,20.0,24.0,25.0,20.0,22.0,22.0,21.0,21.0,21.0,21.0,22.0,22.0,22.0,21.0,22.0,21.0,22.0,22.0,22.0,21.0,21.0,21.0,21.0,10.0,locate,0,0,2.6724
1788795860.6651,2026-09-07 17:44:20.665,19,e5,0,0,-0.04561,-0.51149,0.05062,-4.6526,11.8321,-27.2138,-0.12,-0.0065,-0.5697,4.68375,21.0,25.0,24.0,20.0,23.0,22.0,23.0,19.0,22.0,25.0,25.0,20.0,23.0,23.0,23.0,20.0,24.0,25.0,20.0,22.0,22.0,21.0,21.0,21.0,21.0,22.0,22.0,22.0,21.0,22.0,21.0,22.0,22.0,22.0,21.0,21.0,21.0,21.0,10.0,locate,0,0,2.8135
1788795860.7152,2026-09-07 17:44:20.715,19,e5,0,0,-0.04562,-0.51147,0.05063,-4.2348,11.4975,-27.0218,-0.1104,0.0031,-0.5694,4.68853,22.0,24.0,24.0,21.0,22.0,23.0,24.0,21.0,24.0,25.0,26.0,21.0,23.0,25.0,24.0,23.0,25.0,27.0,22.0,22.0,22.0,21.0,21.0,21.0,21.0,22.0,22.0,22.0,21.0,22.0,21.0,22.0,22.0,22.0,21.0,21.0,21.0,21.0,10.0,locate,0,0,2.7709
1788795860.7652,2026-09-07 17:44:20.765,19,e5,0,0,-0.04564,-0.51149,0.05065,-4.5146,11.6111,-26.9113,-0.1091,-0.0017,-0.5735,4.69357,22.0,25.0,25.0,21.0,23.0,22.0,24.0,21.0,22.0,25.0,24.0,22.0,23.0,24.0,23.0,20.0,26.0,27.0,20.0,22.0,22.0,21.0,21.0,21.0,21.0,22.0,22.0,22.0,21.0,22.0,21.0,22.0,22.0,22.0,21.0,21.0,21.0,21.0,10.0,locate,0,0,2.7261
1788795860.8153,2026-09-07 17:44:20.815,19,e5,0,0,-0.04566,-0.51149,0.05065,-4.4469,11.7713,-27.0921,-0.116,0.0005,-0.5783,4.69961,22.0,25.0,25.0,21.0,23.0,22.0,24.0,21.0,22.0,25.0,24.0,22.0,23.0,24.0,23.0,20.0,26.0,27.0,20.0,22.0,22.0,21.0,21.0,21.0,21.0,22.0,22.0,22.0,21.0,22.0,21.0,22.0,22.0,22.0,21.0,21.0,21.0,21.0,10.0,locate,0,0,2.6724
1788795860.8654,2026-09-07 17:44:20.865,19,e5,0,0,-0.04568,-0.51148,0.05065,-4.1504,11.4383,-27.0223,-0.1089,0.0051,-0.5697,4.69256,24.0,23.0,24.0,21.0,23.0,22.0,23.0,21.0,23.0,25.0,24.0,21.0,24.0,24.0,25.0,21.0,25.0,27.0,20.0,22.0,22.0,21.0,21.0,21.0,21.0,22.0,22.0,22.0,21.0,22.0,21.0,22.0,22.0,22.0,21.0,21.0,21.0,21.0,10.0,locate,0,0,2.7351
1788795860.9154,2026-09-07 17:44:20.915,19,e5,0,0,-0.04569,-0.51148,0.05064,-4.3471,11.4712,-26.9984,-0.1077,0.0049,-0.5626,4.69382,24.0,23.0,24.0,21.0,23.0,22.0,23.0,21.0,23.0,25.0,24.0,21.0,24.0,24.0,25.0,21.0,25.0,27.0,20.0,22.0,22.0,21.0,21.0,21.0,21.0,22.0,22.0,22.0,21.0,22.0,21.0,22.0,22.0,22.0,21.0,21.0,21.0,21.0,10.0,locate,0,0,2.7239
1788795860.9655,2026-09-07 17:44:20.965,19,e5,0,0,-0.0457,-0.51149,0.05061,-4.4494,11.6926,-27.1723,-0.1117,-0.0035,-0.5577,4.69735,23.0,24.0,23.0,21.0,23.0,21.0,24.0,21.0,22.0,26.0,26.0,21.0,24.0,25.0,26.0,22.0,26.0,27.0,21.0,22.0,22.0,21.0,21.0,21.0,21.0,22.0,22.0,22.0,21.0,22.0,21.0,22.0,22.0,22.0,21.0,21.0,21.0,21.0,10.0,locate,0,0,2.6925
1788795861.0155,2026-09-07 17:44:21.015,19,e5,0,0,-0.04568,-0.5115,0.0506,-4.7212,12.208,-26.8395,-0.1242,-0.0086,-0.5743,4.69986,23.0,23.0,26.0,22.0,22.0,24.0,25.0,22.0,23.0,25.0,25.0,22.0,24.0,25.0,25.0,23.0,27.0,26.0,20.0,22.0,22.0,21.0,21.0,21.0,21.0,22.0,22.0,22.0,21.0,22.0,21.0,22.0,22.0,22.0,21.0,21.0,21.0,21.0,10.0,locate,0,0,2.6701
1788795861.0656,2026-09-07 17:44:21.065,19,e5,0,0,-0.04569,-0.5115,0.0506,-4.7111,11.8942,-26.9305,-0.1192,-0.0085,-0.5712,4.69508,23.0,23.0,26.0,22.0,22.0,24.0,25.0,22.0,23.0,25.0,25.0,22.0,24.0,25.0,25.0,23.0,27.0,26.0,20.0,22.0,22.0,21.0,21.0,21.0,21.0,22.0,22.0,22.0,21.0,22.0,21.0,22.0,22.0,22.0,21.0,21.0,21.0,21.0,10.0,locate,0,0,2.7127
1788795861.1157,2026-09-07 17:44:21.115,19,e5,0,0,-0.04569,-0.51151,0.05061,-4.2297,11.5067,-26.8384,-0.1102,0.0051,-0.5561,4.70062,21.0,24.0,26.0,21.0,24.0,23.0,23.0,22.0,22.0,25.0,23.0,22.0,22.0,25.0,25.0,24.0,26.0,27.0,22.0,22.0,22.0,21.0,21.0,21.0,21.0,22.0,22.0,22.0,21.0,22.0,21.0,22.0,22.0,22.0,21.0,21.0,21.0,21.0,10.0,locate,0,0,2.6634
1788795861.1658,2026-09-07 17:44:21.165,19,e5,0,0,-0.04568,-0.5115,0.05061,-4.4664,11.4588,-26.9847,-0.1098,-0.0016,-0.5613,4.6903,21.0,24.0,26.0,21.0,24.0,23.0,23.0,22.0,22.0,25.0,23.0,22.0,22.0,25.0,25.0,24.0,26.0,27.0,22.0,22.0,22.0,21.0,21.0,21.0,21.0,22.0,22.0,22.0,21.0,22.0,21.0,22.0,22.0,22.0,21.0,21.0,21.0,21.0,10.0,locate,0,0,2.7553
1788795861.2159,2026-09-07 17:44:21.215,19,e5,0,0,-0.04569,-0.51151,0.05061,-4.4068,11.8277,-27.0256,-0.1175,-0.0005,-0.5624,4.69785,24.0,24.0,25.0,23.0,23.0,23.0,23.0,23.0,22.0,26.0,25.0,23.0,23.0,24.0,25.0,23.0,26.0,28.0,21.0,22.0,22.0,21.0,21.0,21.0,21.0,22.0,22.0,22.0,21.0,22.0,21.0,22.0,22.0,22.0,21.0,21.0,21.0,21.0,10.0,locate,0,0,2.6881
1788795861.266,2026-09-07 17:44:21.265,19,e5,0,0,-0.04567,-0.5115,0.05059,-4.6619,11.6866,-26.963,-0.1145,-0.0075,-0.5634,4.69256,24.0,24.0,25.0,23.0,23.0,23.0,23.0,23.0,22.0,26.0,25.0,23.0,23.0,24.0,25.0,23.0,26.0,28.0,21.0,22.0,22.0,21.0,21.0,21.0,21.0,22.0,22.0,22.0,21.0,22.0,21.0,22.0,22.0,22.0,21.0,21.0,21.0,21.0,10.0,locate,0,0,2.7351
1788795861.3161,2026-09-07 17:44:21.316,19,e5,0,0,-0.04568,-0.5115,0.05061,-4.7839,11.9529,-26.6996,-0.1227,-0.0089,-0.565,4.70188,22.0,24.0,24.0,22.0,23.0,22.0,24.0,18.0,22.0,25.0,23.0,19.0,23.0,26.0,25.0,18.0,27.0,26.0,19.0,22.0,22.0,21.0,21.0,21.0,21.0,22.0,22.0,22.0,21.0,22.0,21.0,22.0,22.0,22.0,21.0,21.0,21.0,21.0,10.0,locate,0,0,2.6522
1788795861.3661,2026-09-07 17:44:21.366,19,e5,0,0,-0.04568,-0.51151,0.0506,-4.593,11.631,-26.9525,-0.1147,-0.0031,-0.5528,4.69558,21.0,24.0,25.0,20.0,23.0,24.0,22.0,20.0,22.0,26.0,24.0,21.0,23.0,24.0,25.0,21.0,25.0,29.0,20.0,22.0,22.0,21.0,21.0,21.0,21.0,22.0,22.0,22.0,21.0,22.0,21.0,22.0,22.0,22.0,21.0,21.0,21.0,21.0,10.0,locate,0,0,2.7082
1788795861.4162,2026-09-07 17:44:21.416,19,e5,0,0,-0.04568,-0.51152,0.05063,-4.4787,11.5778,-26.9867,-0.113,0.0014,-0.5628,4.68954,21.0,24.0,25.0,20.0,23.0,24.0,22.0,20.0,22.0,26.0,24.0,21.0,23.0,24.0,25.0,21.0,25.0,29.0,20.0,22.0,22.0,21.0,21.0,21.0,21.0,22.0,22.0,22.0,21.0,22.0,21.0,22.0,22.0,22.0,21.0,21.0,21.0,21.0,10.0,locate,0,0,2.762
1788795861.4663,2026-09-07 17:44:21.466,19,e5,0,0,-0.04567,-0.51151,0.05062,-4.539,11.9203,-27.0671,-0.1186,-0.0051,-0.5633,4.69634,22.0,24.0,24.0,21.0,22.0,23.0,24.0,21.0,21.0,25.0,24.0,21.0,23.0,24.0,25.0,21.0,25.0,27.0,20.0,22.0,22.0,21.0,21.0,21.0,21.0,22.0,22.0,22.0,21.0,22.0,21.0,22.0,22.0,22.0,21.0,21.0,21.0,21.0,10.0,locate,0,0,2.7015
1788795861.5164,2026-09-07 17:44:21.516,19,e5,0,0,-0.04567,-0.51151,0.05061,-4.395,11.9632,-26.943,-0.1209,-0.0017,-0.5572,4.69785,22.0,24.0,24.0,21.0,22.0,23.0,24.0,21.0,21.0,25.0,24.0,21.0,23.0,24.0,25.0,21.0,25.0,27.0,20.0,22.0,22.0,21.0,21.0,21.0,21.0,22.0,22.0,22.0,21.0,22.0,21.0,22.0,22.0,22.0,21.0,21.0,21.0,21.0,10.0,locate,0,0,2.6881
1788795861.5664,2026-09-07 17:44:21.566,19,e5,0,0,-0.04566,-0.5115,0.0506,-4.2819,11.5219,-27.0013,-0.1091,0.002,-0.5539,4.69609,21.0,24.0,23.0,20.0,22.0,23.0,24.0,21.0,22.0,26.0,25.0,21.0,23.0,25.0,25.0,22.0,27.0,27.0,21.0,22.0,22.0,21.0,21.0,21.0,21.0,22.0,22.0,22.0,21.0,22.0,21.0,22.0,22.0,22.0,21.0,21.0,21.0,21.0,10.0,locate,0,0,2.7037
1788795861.6165,2026-09-07 17:44:21.616,19,e5,0,0,-0.04566,-0.51151,0.05061,-4.6007,11.7215,-26.9626,-0.1176,-0.0068,-0.5626,4.69382,22.0,24.0,24.0,20.0,23.0,23.0,25.0,20.0,22.0,24.0,23.0,19.0,22.0,24.0,23.0,19.0,25.0,26.0,20.0,22.0,22.0,21.0,21.0,21.0,21.0,22.0,22.0,22.0,21.0,22.0,21.0,22.0,22.0,22.0,21.0,21.0,21.0,21.0,10.0,locate,0,0,2.7239
1788795861.6665,2026-09-07 17:44:21.666,19,e5,0,0,-0.04566,-0.51151,0.05062,-4.4488,11.6937,-27.1094,-0.1143,-0.002,-0.5554,4.68954,22.0,24.0,24.0,20.0,23.0,23.0,25.0,20.0,22.0,24.0,23.0,19.0,22.0,24.0,23.0,19.0,25.0,26.0,20.0,22.0,22.0,21.0,21.0,21.0,21.0,22.0,22.0,22.0,21.0,22.0,21.0,22.0,22.0,22.0,21.0,21.0,21.0,21.0,10.0,locate,0,0,2.762
1788795861.7166,2026-09-07 17:44:21.716,19,e5,0,0,-0.04565,-0.5115,0.0506,-4.66,11.8352,-26.9963,-0.1184,-0.0063,-0.5536,4.69206,20.0,23.0,24.0,19.0,23.0,22.0,22.0,18.0,23.0,26.0,24.0,19.0,24.0,25.0,24.0,19.0,26.0,25.0,20.0,22.0,22.0,21.0,21.0,21.0,21.0,22.0,22.0,22.0,21.0,22.0,21.0,22.0,22.0,22.0,21.0,21.0,21.0,21.0,10.0,locate,0,0,2.7396
1788795861.7667,2026-09-07 17:44:21.766,19,e5,0,0,-0.04567,-0.51151,0.05061,-4.6404,12.1706,-26.8534,-0.1232,-0.0039,-0.5642,4.69281,20.0,23.0,24.0,19.0,23.0,22.0,22.0,18.0,23.0,26.0,24.0,19.0,24.0,25.0,24.0,19.0,26.0,25.0,20.0,22.0,22.0,21.0,21.0,21.0,21.0,22.0,22.0,22.0,21.0,22.0,21.0,22.0,22.0,22.0,21.0,21.0,21.0,21.0,10.0,locate,0,0,2.7329
1788795861.8168,2026-09-07 17:44:21.816,19,e5,0,0,-0.04566,-0.51151,0.05061,-4.3278,11.8804,-27.2677,-0.1197,0.0013,-0.5563,4.69609,20.0,24.0,25.0,18.0,23.0,24.0,24.0,19.0,21.0,25.0,24.0,20.0,23.0,26.0,24.0,20.0,26.0,27.0,21.0,22.0,22.0,21.0,21.0,21.0,21.0,22.0,22.0,22.0,21.0,22.0,21.0,22.0,22.0,22.0,21.0,21.0,21.0,21.0,10.0,locate,0,0,2.7037
1788795861.8669,2026-09-07 17:44:21.866,19,e5,0,0,-0.04567,-0.51151,0.05061,-4.3317,11.391,-27.2095,-0.1067,0.003,-0.5536,4.68627,21.0,23.0,24.0,20.0,22.0,24.0,23.0,21.0,22.0,26.0,25.0,21.0,22.0,25.0,25.0,21.0,27.0,26.0,20.0,22.0,22.0,21.0,21.0,21.0,21.0,22.0,22.0,22.0,21.0,22.0,21.0,22.0,22.0,22.0,21.0,21.0,21.0,21.0,10.0,locate,0,0,2.7911
1788795861.9169,2026-09-07 17:44:21.916,19,e5,0,0,-0.04566,-0.5115,0.05062,-4.7789,12.1729,-26.906,-0.1288,-0.0071,-0.5595,4.69533,21.0,23.0,24.0,20.0,22.0,24.0,23.0,21.0,22.0,26.0,25.0,21.0,22.0,25.0,25.0,21.0,27.0,26.0,20.0,22.0,22.0,21.0,21.0,21.0,21.0,22.0,22.0,22.0,21.0,22.0,21.0,22.0,22.0,22.0,21.0,21.0,21.0,21.0,10.0,locate,0,0,2.7105
1788795861.967,2026-09-07 17:44:21.967,19,e5,0,0,-0.04568,-0.51151,0.05061,-4.4098,11.4624,-26.9767,-0.1105,-0.0005,-0.5557,4.69558,21.0,24.0,25.0,20.0,23.0,23.0,23.0,21.0,21.0,26.0,23.0,21.0,22.0,27.0,23.0,23.0,27.0,25.0,22.0,22.0,22.0,21.0,21.0,21.0,21.0,22.0,22.0,22.0,21.0,22.0,21.0,22.0,22.0,22.0,21.0,21.0,21.0,21.0,10.0,locate,0,0,2.7082
1788795862.0171,2026-09-07 17:44:22.017,19,e5,0,0,-0.04567,-0.5115,0.05059,-4.6952,11.7111,-26.9933,-0.1138,-0.0057,-0.5616,4.68627,21.0,24.0,25.0,20.0,23.0,23.0,23.0,21.0,21.0,26.0,23.0,21.0,22.0,27.0,23.0,23.0,27.0,25.0,22.0,22.0,22.0,21.0,21.0,21.0,21.0,22.0,22.0,22.0,21.0,22.0,21.0,22.0,22.0,22.0,21.0,21.0,21.0,21.0,10.0,locate,0,0,2.7911
1788795862.0671,2026-09-07 17:44:22.067,19,e5,0,0,-0.04566,-0.5115,0.05061,-4.9681,11.8122,-26.8955,-0.1211,-0.0144,-0.5598,4.69458,21.0,23.0,25.0,22.0,21.0,24.0,23.0,22.0,22.0,25.0,24.0,22.0,22.0,25.0,22.0,21.0,26.0,25.0,20.0,22.0,22.0,21.0,21.0,21.0,21.0,22.0,22.0,22.0,21.0,22.0,21.0,22.0,22.0,22.0,21.0,21.0,21.0,21.0,10.0,locate,0,0,2.7172
1788795862.1172,2026-09-07 17:44:22.117,19,e5,0,0,-0.04567,-0.5115,0.05061,-4.6222,12.1119,-27.0025,-0.1294,-0.0053,-0.5525,4.68904,23.0,25.0,24.0,21.0,23.0,23.0,22.0,20.0,23.0,25.0,23.0,20.0,24.0,26.0,24.0,19.0,25.0,26.0,19.0,22.0,22.0,21.0,21.0,21.0,21.0,22.0,22.0,22.0,21.0,22.0,21.0,22.0,22.0,22.0,21.0,21.0,21.0,21.0,10.0,locate,0,0,2.7665
1788795862.1673,2026-09-07 17:44:22.167,19,e5,0,0,-0.04567,-0.51151,0.05061,-4.99,12.2486,-26.8425,-0.1302,-0.015,-0.5579,4.70188,23.0,25.0,24.0,21.0,23.0,23.0,22.0,20.0,23.0,25.0,23.0,20.0,24.0,26.0,24.0,19.0,25.0,26.0,19.0,22.0,22.0,21.0,21.0,21.0,21.0,22.0,22.0,22.0,21.0,22.0,21.0,22.0,22.0,22.0,21.0,21.0,21.0,21.0,10.0,locate,0,0,2.6522
1788795862.218,2026-09-07 17:44:22.217,19,e5,0,0,-0.04566,-0.51151,0.0506,-4.6547,11.8609,-26.9287,-0.1178,-0.0048,-0.5567,4.69155,20.0,24.0,26.0,19.0,22.0,23.0,22.0,21.0,21.0,25.0,24.0,21.0,21.0,25.0,23.0,21.0,26.0,26.0,20.0,22.0,22.0,21.0,21.0,21.0,21.0,22.0,22.0,22.0,21.0,22.0,21.0,22.0,22.0,22.0,21.0,21.0,21.0,21.0,10.0,locate,0,0,2.7441
1788795862.268,2026-09-07 17:44:22.268,19,e5,0,0,-0.04569,-0.5115,0.0506,-4.5985,11.5984,-27.1108,-0.1137,-0.0045,-0.549,4.69004,20.0,24.0,26.0,19.0,22.0,23.0,22.0,21.0,21.0,25.0,24.0,21.0,21.0,25.0,23.0,21.0,26.0,26.0,20.0,22.0,22.0,21.0,21.0,21.0,21.0,22.0,22.0,22.0,21.0,22.0,21.0,22.0,22.0,22.0,21.0,21.0,21.0,21.0,10.0,locate,0,0,2.7575
1788795862.3181,2026-09-07 17:44:22.318,19,e5,0,0,-0.04566,-0.51151,0.05061,-4.3224,11.8191,-27.0045,-0.1186,0.0013,-0.5529,4.6903,22.0,23.0,24.0,21.0,22.0,24.0,24.0,18.0,24.0,25.0,24.0,19.0,25.0,24.0,23.0,20.0,25.0,26.0,20.0,22.0,22.0,21.0,21.0,21.0,21.0,22.0,22.0,22.0,21.0,22.0,21.0,22.0,22.0,22.0,21.0,21.0,21.0,21.0,10.0,locate,0,0,2.7553
1788795862.3682,2026-09-07 17:44:22.368,19,e5,0,0,-0.04566,-0.5115,0.0506,-4.6253,11.7086,-27.1084,-0.1141,-0.0041,-0.5517,4.69785,22.0,23.0,24.0,21.0,22.0,24.0,24.0,18.0,24.0,25.0,24.0,19.0,25.0,24.0,23.0,20.0,25.0,26.0,20.0,22.0,22.0,21.0,21.0,21.0,21.0,22.0,22.0,22.0,21.0,22.0,21.0,22.0,22.0,22.0,21.0,21.0,21.0,21.0,10.0,locate,0,0,2.6881
1788795862.4182,2026-09-07 17:44:22.418,19,e5,0,0,-0.04568,-0.5115,0.0506,-4.6344,11.8595,-27.2314,-0.1167,-0.0025,-0.5519,4.69634,20.0,24.0,25.0,18.0,23.0,23.0,23.0,20.0,23.0,25.0,25.0,21.0,24.0,24.0,25.0,20.0,25.0,26.0,21.0,22.0,22.0,21.0,21.0,21.0,21.0,22.0,22.0,22.0,21.0,22.0,21.0,22.0,22.0,22.0,21.0,21.0,21.0,21.0,10.0,locate,0,0,2.7015
1788795862.4683,2026-09-07 17:44:22.468,19,e5,0,0,-0.04565,-0.51152,0.05061,-4.7973,11.6708,-26.9842,-0.1118,-0.0083,-0.5539,4.6913,23.0,25.0,24.0,22.0,24.0,23.0,24.0,23.0,22.0,25.0,24.0,24.0,24.0,25.0,24.0,24.0,27.0,26.0,24.0,22.0,22.0,21.0,21.0,21.0,21.0,22.0,22.0,22.0,21.0,22.0,21.0,22.0,22.0,22.0,21.0,21.0,21.0,21.0,10.0,locate,0,0,2.7463
1788795862.5184,2026-09-07 17:44:22.518,19,e5,0,0,-0.04567,-0.51151,0.05061,-4.3104,11.5318,-26.8819,-0.1095,0.0033,-0.5514,4.69785,23.0,25.0,24.0,22.0,24.0,23.0,24.0,23.0,22.0,25.0,24.0,24.0,24.0,25.0,24.0,24.0,27.0,26.0,24.0,22.0,22.0,21.0,21.0,21.0,21.0,22.0,22.0,22.0,21.0,22.0,21.0,22.0,22.0,22.0,21.0,21.0,21.0,21.0,10.0,locate,0,0,2.6881
1788795862.5684,2026-09-07 17:44:22.568,19,e5,0,0,-0.04564,-0.5115,0.0506,-4.374,11.3053,-26.9889,-0.1062,0.0002,-0.5516,4.68602,24.0,25.0,24.0,23.0,23.0,22.0,22.0,22.0,22.0,25.0,23.0,21.0,25.0,25.0,22.0,22.0,26.0,25.0,20.0,22.0,22.0,21.0,21.0,21.0,21.0,22.0,22.0,22.0,21.0,22.0,21.0,22.0,22.0,22.0,21.0,21.0,21.0,21.0,10.0,locate,0,0,2.7933
1788795862.6185,2026-09-07 17:44:22.618,19,e5,0,0,-0.04566,-0.51151,0.05061,-4.7928,11.6775,-27.0695,-0.1147,-0.0085,-0.5509,4.68853,24.0,25.0,24.0,23.0,23.0,22.0,22.0,22.0,22.0,25.0,23.0,21.0,25.0,25.0,22.0,22.0,26.0,25.0,20.0,22.0,22.0,21.0,21.0,21.0,21.0,22.0,22.0,22.0,21.0,22.0,21.0,22.0,22.0,22.0,21.0,21.0,21.0,21.0,10.0,locate,0,0,2.7709
1788795862.6685,2026-09-07 17:44:22.668,19,e5,1,0,-0.04566,-0.5115,0.05061,-4.1544,11.664,-27.2097,-0.1132,0.0041,-0.5476,4.69911,22.0,24.0,24.0,20.0,25.0,24.0,21.0,21.0,22.0,25.0,23.0,21.0,23.0,26.0,24.0,20.0,26.0,25.0,20.0,22.0,22.0,21.0,21.0,21.0,21.0,22.0,22.0,22.0,21.0,22.0,21.0,22.0,22.0,22.0,21.0,21.0,21.0,21.0,10.0,press,0,0,2.6769
1788795862.7186,2026-09-07 17:44:22.718,19,e5,1,0,-0.04567,-0.5115,0.05061,-4.4144,11.7108,-27.0003,-0.115,-0.0004,-0.5507,4.68753,22.0,25.0,24.0,22.0,23.0,23.0,22.0,23.0,24.0,24.0,25.0,23.0,25.0,24.0,24.0,23.0,25.0,26.0,22.0,22.0,22.0,21.0,21.0,21.0,21.0,22.0,22.0,22.0,21.0,22.0,21.0,22.0,22.0,22.0,21.0,21.0,21.0,21.0,10.0,press,0,0,2.7799
1788795862.7686,2026-09-07 17:44:22.768,19,e5,1,0,-0.04567,-0.51152,0.0506,-4.5788,11.6914,-26.9292,-0.1127,-0.0045,-0.5512,4.69886,22.0,25.0,24.0,22.0,23.0,23.0,22.0,23.0,24.0,24.0,25.0,23.0,25.0,24.0,24.0,23.0,25.0,26.0,22.0,22.0,22.0,21.0,21.0,21.0,21.0,22.0,22.0,22.0,21.0,22.0,21.0,22.0,22.0,22.0,21.0,21.0,21.0,21.0,10.0,press,0,0,2.6791
1788795862.8187,2026-09-07 17:44:22.818,19,e5,1,0,-0.04566,-0.51153,0.05051,-4.6941,12.1014,-26.8315,-0.1204,-0.0071,-0.5515,4.69407,24.0,25.0,24.0,23.0,25.0,22.0,24.0,20.0,24.0,25.0,24.0,21.0,24.0,25.0,25.0,21.0,26.0,27.0,20.0,22.0,22.0,21.0,21.0,21.0,21.0,22.0,22.0,22.0,21.0,22.0,21.0,22.0,22.0,22.0,21.0,21.0,21.0,21.0,10.0,press,0,0,2.7217
1788795862.8688,2026-09-07 17:44:22.868,19,e5,1,0,-0.04568,-0.51152,0.05036,-4.906,11.7833,-27.0465,-0.1177,-0.0113,-0.5563,4.6976,24.0,25.0,24.0,23.0,25.0,22.0,24.0,20.0,24.0,25.0,24.0,21.0,24.0,25.0,25.0,21.0,26.0,27.0,20.0,22.0,22.0,21.0,21.0,21.0,21.0,22.0,22.0,22.0,21.0,22.0,21.0,22.0,22.0,22.0,21.0,21.0,21.0,21.0,10.0,press,0,0,2.6903
1788795862.9189,2026-09-07 17:44:22.918,19,e5,1,0,-0.04568,-0.51152,0.0502,-4.4924,11.6903,-26.8518,-0.1169,-0.0019,-0.5502,4.69432,22.0,25.0,25.0,21.0,24.0,23.0,24.0,23.0,23.0,25.0,25.0,23.0,25.0,24.0,25.0,23.0,26.0,26.0,23.0,22.0,22.0,21.0,21.0,21.0,21.0,22.0,22.0,22.0,21.0,22.0,21.0,22.0,22.0,22.0,21.0,21.0,21.0,21.0,10.0,press,0,0,2.7194
1788795862.969,2026-09-07 17:44:22.968,19,e5,1,0,-0.04568,-0.51152,0.04999,-4.453,11.9054,-26.9716,-0.1195,0.0021,-0.5549,4.69155,24.0,24.0,24.0,22.0,23.0,22.0,24.0,21.0,23.0,25.0,24.0,22.0,24.0,24.0,23.0,23.0,26.0,27.0,23.0,22.0,22.0,21.0,21.0,21.0,21.0,22.0,22.0,22.0,21.0,22.0,21.0,22.0,22.0,22.0,21.0,21.0,21.0,21.0,10.0,press,0,0,2.7441
1788795863.019,2026-09-07 17:44:23.019,19,e5,1,0,-0.04567,-0.51152,0.04978,-4.6563,11.6551,-26.9447,-0.1109,-0.0027,-0.5571,4.6913,24.0,24.0,24.0,22.0,23.0,22.0,24.0,21.0,23.0,25.0,24.0,22.0,24.0,24.0,23.0,23.0,26.0,27.0,23.0,22.0,22.0,21.0,21.0,21.0,21.0,22.0,22.0,22.0,21.0,22.0,21.0,22.0,22.0,22.0,21.0,21.0,21.0,21.0,10.0,press,0,0,2.7463
1788795863.0691,2026-09-07 17:44:23.069,19,e5,1,0,-0.04567,-0.51155,0.04957,-4.6189,11.356,-27.0366,-0.1087,-0.0051,-0.5473,4.69785,22.0,24.0,25.0,22.0,24.0,23.0,23.0,22.0,23.0,24.0,25.0,22.0,23.0,24.0,24.0,23.0,24.0,26.0,22.0,22.0,22.0,21.0,21.0,21.0,21.0,22.0,22.0,22.0,21.0,22.0,21.0,22.0,22.0,22.0,21.0,21.0,21.0,21.0,10.0,press,0,0,2.6881
1788795863.1192,2026-09-07 17:44:23.119,19,e5,1,0,-0.04569,-0.51155,0.04931,-4.8373,11.6924,-26.8256,-0.1127,-0.009,-0.5589,4.68954,22.0,24.0,25.0,22.0,24.0,23.0,23.0,22.0,23.0,24.0,25.0,22.0,23.0,24.0,24.0,23.0,24.0,26.0,22.0,22.0,22.0,21.0,21.0,21.0,21.0,22.0,22.0,22.0,21.0,22.0,21.0,22.0,22.0,22.0,21.0,21.0,21.0,21.0,10.0,press,0,0,2.762
1788795863.1693,2026-09-07 17:44:23.169,19,e5,1,0,-0.04566,-0.51153,0.04897,-4.6973,11.8166,-27.0234,-0.1143,-0.0067,-0.5496,4.70288,23.0,24.0,23.0,22.0,24.0,22.0,24.0,22.0,22.0,24.0,24.0,23.0,24.0,24.0,24.0,22.0,25.0,25.0,22.0,22.0,22.0,21.0,21.0,21.0,21.0,22.0,22.0,22.0,21.0,22.0,21.0,22.0,22.0,22.0,21.0,21.0,21.0,21.0,10.0,press,0,0,2.6433
1788795863.2194,2026-09-07 17:44:23.219,19,e5,1,0,-0.04568,-0.51153,0.04865,-4.6082,11.7028,-26.8753,-0.1138,-0.0054,-0.55,4.69357,21.0,23.0,23.0,22.0,23.0,23.0,22.0,20.0,23.0,25.0,23.0,21.0,24.0,25.0,24.0,21.0,26.0,27.0,21.0,22.0,22.0,21.0,21.0,21.0,21.0,22.0,22.0,22.0,21.0,22.0,21.0,22.0,22.0,22.0,21.0,21.0,21.0,21.0,10.0,press,0,0,2.7261
1788795863.2695,2026-09-07 17:44:23.269,19,e5,1,0,-0.04567,-0.51152,0.04832,-4.5328,11.4573,-26.9043,-0.108,-0.0007,-0.549,4.6913,21.0,23.0,23.0,22.0,23.0,23.0,22.0,20.0,23.0,25.0,23.0,21.0,24.0,25.0,24.0,21.0,26.0,27.0,21.0,22.0,22.0,21.0,21.0,21.0,21.0,22.0,22.0,22.0,21.0,22.0,21.0,22.0,22.0,22.0,21.0,21.0,21.0,21.0,10.0,press,0,0,2.7463
1788795863.3195,2026-09-07 17:44:23.319,19,e5,1,0,-0.04567,-0.51151,0.04799,-4.4216,11.6673,-26.8515,-0.1125,-0.0014,-0.5521,4.70137,20.0,25.0,24.0,19.0,24.0,22.0,22.0,19.0,24.0,26.0,24.0,19.0,25.0,25.0,23.0,21.0,26.0,26.0,20.0,22.0,22.0,21.0,21.0,21.0,21.0,22.0,22.0,22.0,21.0,22.0,21.0,22.0,22.0,22.0,21.0,21.0,21.0,21.0,10.0,press,0,0,2.6567
1788795863.3696,2026-09-07 17:44:23.369,19,e5,1,0,-0.04568,-0.51154,0.04764,-4.3426,11.6379,-26.8488,-0.1157,0.0026,-0.5507,4.69458,20.0,25.0,24.0,19.0,24.0,22.0,22.0,19.0,24.0,26.0,24.0,19.0,25.0,25.0,23.0,21.0,26.0,26.0,20.0,22.0,22.0,21.0,21.0,21.0,21.0,22.0,22.0,22.0,21.0,22.0,21.0,22.0,22.0,22.0,21.0,21.0,21.0,21.0,10.0,press,0,0,2.7172
1788795863.4197,2026-09-07 17:44:23.419,19,e5,1,0,-0.04568,-0.51155,0.04732,-4.6469,11.9085,-26.8659,-0.12,-0.005,-0.5567,4.69458,21.0,24.0,24.0,18.0,23.0,24.0,22.0,22.0,21.0,27.0,24.0,21.0,23.0,26.0,25.0,22.0,28.0,26.0,21.0,22.0,22.0,21.0,21.0,21.0,21.0,22.0,22.0,22.0,21.0,22.0,21.0,22.0,22.0,22.0,21.0,21.0,21.0,21.0,10.0,press,0,0,2.7172
1788795863.4698,2026-09-07 17:44:23.469,19,e5,1,0,-0.04567,-0.51153,0.04697,-4.4481,11.8465,-26.9678,-0.1196,-0.0048,-0.5394,4.6913,21.0,24.0,24.0,18.0,23.0,24.0,22.0,22.0,21.0,27.0,24.0,21.0,23.0,26.0,25.0,22.0,28.0,26.0,21.0,22.0,22.0,21.0,21.0,21.0,21.0,22.0,22.0,22.0,21.0,22.0,21.0,22.0,22.0,22.0,21.0,21.0,21.0,21.0,10.0,press,0,0,2.7463
1788795863.52,2026-09-07 17:44:23.519,19,e5,1,0,-0.04567,-0.51152,0.04662,-4.4233,11.47,-27.0699,-0.1093,-0.0011,-0.5474,4.6981,22.0,23.0,26.0,21.0,22.0,23.0,23.0,22.0,22.0,25.0,25.0,23.0,23.0,26.0,25.0,22.0,26.0,26.0,20.0,22.0,22.0,21.0,21.0,21.0,21.0,22.0,22.0,22.0,21.0,22.0,21.0,22.0,22.0,22.0,21.0,21.0,21.0,21.0,10.0,press,0,0,2.6858
1788795863.5701,2026-09-07 17:44:23.570,19,e5,1,0,-0.04567,-0.51152,0.04629,-4.2116,11.9462,-27.0335,-0.1187,0.0053,-0.5444,4.68828,23.0,23.0,25.0,21.0,22.0,23.0,22.0,21.0,23.0,26.0,24.0,21.0,23.0,26.0,25.0,22.0,28.0,27.0,21.0,22.0,22.0,21.0,21.0,21.0,21.0,22.0,22.0,22.0,21.0,22.0,21.0,22.0,22.0,22.0,21.0,21.0,21.0,21.0,10.0,press,0,0,2.7732
1788795863.6202,2026-09-07 17:44:23.620,19,e5,1,0,-0.0457,-0.51152,0.04596,-4.3853,11.9802,-26.8953,-0.1201,0.0003,-0.5529,4.70188,23.0,23.0,25.0,21.0,22.0,23.0,22.0,21.0,23.0,26.0,24.0,21.0,23.0,26.0,25.0,22.0,28.0,27.0,21.0,22.0,22.0,21.0,21.0,21.0,21.0,22.0,22.0,22.0,21.0,22.0,21.0,22.0,22.0,22.0,21.0,21.0,21.0,21.0,10.0,press,0,0,2.6522
1788795863.6702,2026-09-07 17:44:23.670,19,e5,1,0,-0.04567,-0.51151,0.04564,-4.5672,11.4614,-26.7233,-0.1111,-0.0054,-0.5464,4.69181,22.0,24.0,26.0,21.0,23.0,23.0,24.0,22.0,24.0,27.0,26.0,22.0,24.0,27.0,25.0,23.0,29.0,28.0,21.0,22.0,22.0,21.0,21.0,21.0,21.0,22.0,22.0,22.0,21.0,22.0,21.0,22.0,22.0,22.0,21.0,21.0,21.0,21.0,10.0,press,0,0,2.7418
1788795863.7204,2026-09-07 17:44:23.720,19,e5,1,0,-0.04567,-0.51153,0.04529,-4.5545,11.8674,-27.0348,-0.118,-0.0034,-0.5509,4.6908,22.0,24.0,26.0,21.0,23.0,23.0,24.0,22.0,24.0,27.0,26.0,22.0,24.0,27.0,25.0,23.0,29.0,28.0,21.0,22.0,22.0,21.0,21.0,21.0,21.0,22.0,22.0,22.0,21.0,22.0,21.0,22.0,22.0,22.0,21.0,21.0,21.0,21.0,10.0,press,0,0,2.7508
1788795863.7705,2026-09-07 17:44:23.770,19,e5,1,0,-0.04567,-0.51152,0.04494,-4.513,11.8151,-27.076,-0.1153,-0.0032,-0.5451,4.69332,23.0,25.0,27.0,22.0,24.0,25.0,24.0,22.0,23.0,26.0,24.0,22.0,24.0,27.0,25.0,22.0,28.0,29.0,22.0,22.0,22.0,21.0,21.0,21.0,21.0,22.0,22.0,22.0,21.0,22.0,21.0,22.0,22.0,22.0,21.0,21.0,21.0,21.0,10.0,press,0,0,2.7284
1788795863.8206,2026-09-07 17:44:23.820,19,e5,1,0,-0.04567,-0.51151,0.0446,-4.7042,11.5887,-26.8142,-0.1118,-0.0111,-0.5538,4.66814,22.0,24.0,25.0,22.0,23.0,23.0,24.0,21.0,22.0,27.0,26.0,21.0,24.0,27.0,26.0,20.0,29.0,29.0,21.0,22.0,22.0,21.0,21.0,21.0,21.0,22.0,22.0,22.0,21.0,22.0,21.0,22.0,22.0,22.0,21.0,21.0,21.0,21.0,10.0,press,0,0,2.9524
1788795863.8707,2026-09-07 17:44:23.870,19,e5,1,0,-0.04564,-0.51151,0.04426,-4.5547,11.4756,-26.6401,-0.1104,-0.0088,-0.5527,4.63465,22.0,24.0,25.0,22.0,23.0,23.0,24.0,21.0,22.0,27.0,26.0,21.0,24.0,27.0,26.0,20.0,29.0,29.0,21.0,22.0,22.0,21.0,21.0,21.0,21.0,22.0,22.0,22.0,21.0,22.0,21.0,22.0,22.0,22.0,21.0,21.0,21.0,21.0,10.0,press,0,0,3.2503
1788795863.9207,2026-09-07 17:44:23.920,19,e5,1,0,-0.04566,-0.5115,0.04393,-4.5087,11.8897,-26.582,-0.1202,-0.0034,-0.5507,4.59689,22.0,25.0,26.0,21.0,22.0,24.0,25.0,21.0,23.0,26.0,27.0,21.0,25.0,26.0,27.0,22.0,29.0,30.0,19.0,22.0,22.0,21.0,21.0,21.0,21.0,22.0,22.0,22.0,21.0,22.0,21.0,22.0,22.0,22.0,21.0,21.0,21.0,21.0,10.0,press,0,0,3.5863
1788795863.9708,2026-09-07 17:44:23.970,19,e5,1,0,-0.04565,-0.51154,0.04365,-4.3386,11.486,-26.598,-0.1089,-0.0043,-0.5513,4.56793,22.0,25.0,26.0,21.0,22.0,24.0,25.0,21.0,23.0,26.0,27.0,21.0,25.0,26.0,27.0,22.0,29.0,30.0,19.0,22.0,22.0,21.0,21.0,21.0,21.0,22.0,22.0,22.0,21.0,22.0,21.0,22.0,22.0,22.0,21.0,21.0,21.0,21.0,10.0,press,0,0,3.8439
1788795864.0209,2026-09-07 17:44:24.020,19,e5,1,0,-0.04567,-0.51152,0.04329,-4.3643,11.4339,-26.3741,-0.1097,-0.0077,-0.5535,4.52261,22.0,24.0,25.0,19.0,23.0,25.0,25.0,22.0,25.0,28.0,28.0,23.0,25.0,28.0,28.0,23.0,30.0,33.0,21.0,22.0,22.0,21.0,21.0,21.0,21.0,22.0,22.0,22.0,21.0,22.0,21.0,22.0,22.0,22.0,21.0,21.0,21.0,21.0,10.0,press,0,0,4.247
1788795864.071,2026-09-07 17:44:24.071,19,e5,1,0,-0.04566,-0.51153,0.04298,-4.1728,11.7365,-26.1702,-0.1174,-0.008,-0.5494,4.45589,24.0,24.0,26.0,23.0,24.0,24.0,25.0,20.0,23.0,27.0,27.0,21.0,25.0,28.0,31.0,22.0,30.0,33.0,22.0,22.0,22.0,21.0,21.0,21.0,21.0,22.0,22.0,22.0,21.0,22.0,21.0,22.0,22.0,22.0,21.0,21.0,21.0,21.0,10.0,press,0,0,4.8406
1788795864.1211,2026-09-07 17:44:24.121,19,e5,1,0,-0.04567,-0.51152,0.04263,-4.0378,11.366,-26.0951,-0.106,-0.0086,-0.5494,4.39975,24.0,24.0,26.0,23.0,24.0,24.0,25.0,20.0,23.0,27.0,27.0,21.0,25.0,28.0,31.0,22.0,30.0,33.0,22.0,22.0,22.0,21.0,21.0,21.0,21.0,22.0,22.0,22.0,21.0,22.0,21.0,22.0,22.0,22.0,21.0,21.0,21.0,21.0,10.0,press,0,0,5.3401
1788795864.1712,2026-09-07 17:44:24.171,19,e5,1,0,-0.04569,-0.51151,0.04231,-4.2809,11.5994,-25.7171,-0.111,-0.0169,-0.5452,4.33026,23.0,25.0,27.0,21.0,24.0,26.0,25.0,21.0,22.0,27.0,28.0,21.0,24.0,28.0,30.0,23.0,31.0,33.0,22.0,22.0,22.0,21.0,21.0,21.0,21.0,22.0,22.0,22.0,21.0,22.0,21.0,22.0,22.0,22.0,21.0,21.0,21.0,21.0,10.0,press,0,0,5.9583
1788795864.2213,2026-09-07 17:44:24.221,19,e5,1,0,-0.04565,-0.51152,0.042,-4.2098,11.643,-25.4255,-0.1121,-0.0179,-0.5489,4.26203,23.0,25.0,27.0,21.0,24.0,26.0,25.0,21.0,22.0,27.0,28.0,21.0,24.0,28.0,30.0,23.0,31.0,33.0,22.0,22.0,22.0,21.0,21.0,21.0,21.0,22.0,22.0,22.0,21.0,22.0,21.0,22.0,22.0,22.0,21.0,21.0,21.0,21.0,10.0,press,0,0,6.5653
1788795864.2714,2026-09-07 17:44:24.271,19,e5,1,0,-0.04565,-0.51152,0.04169,-3.972,11.6864,-25.1216,-0.1134,-0.0185,-0.5422,4.20613,21.0,24.0,26.0,19.0,23.0,25.0,25.0,20.0,23.0,27.0,26.0,20.0,26.0,28.0,30.0,21.0,30.0,33.0,21.0,22.0,22.0,21.0,21.0,21.0,21.0,22.0,22.0,22.0,21.0,22.0,21.0,22.0,22.0,22.0,21.0,21.0,21.0,21.0,10.0,press,0,0,7.0626
1788795864.3215,2026-09-07 17:44:24.321,19,e5,1,0,-0.04565,-0.51153,0.04145,-3.7192,11.4383,-24.8835,-0.1083,-0.0154,-0.539,4.14823,21.0,26.0,27.0,20.0,24.0,24.0,23.0,20.0,25.0,27.0,28.0,21.0,25.0,28.0,33.0,22.0,30.0,35.0,21.0,22.0,22.0,21.0,21.0,21.0,21.0,22.0,22.0,22.0,21.0,22.0,21.0,22.0,22.0,22.0,21.0,21.0,21.0,21.0,10.0,press,0,0,7.5778
1788795864.3715,2026-09-07 17:44:24.371,19,e5,1,0,-0.04568,-0.51152,0.04125,-3.7417,11.7713,-24.7805,-0.1159,-0.0196,-0.5408,4.09812,21.0,26.0,27.0,20.0,24.0,24.0,23.0,20.0,25.0,27.0,28.0,21.0,25.0,28.0,33.0,22.0,30.0,35.0,21.0,22.0,22.0,21.0,21.0,21.0,21.0,22.0,22.0,22.0,21.0,22.0,21.0,22.0,22.0,22.0,21.0,21.0,21.0,21.0,10.0,press,0,0,8.0235
1788795864.4216,2026-09-07 17:44:24.421,19,e5,1,0,-0.04567,-0.51152,0.04107,-3.621,11.6361,-24.5495,-0.1123,-0.0217,-0.5445,4.07974,22.0,25.0,25.0,20.0,24.0,25.0,26.0,23.0,24.0,27.0,28.0,23.0,25.0,29.0,33.0,23.0,31.0,38.0,21.0,22.0,22.0,21.0,21.0,21.0,21.0,22.0,22.0,22.0,21.0,22.0,21.0,22.0,22.0,22.0,21.0,21.0,21.0,21.0,10.0,press,0,0,8.187
1788795864.4717,2026-09-07 17:44:24.471,19,e5,1,0,-0.04566,-0.51153,0.04093,-3.9862,11.7192,-24.4132,-0.1121,-0.0303,-0.5523,4.0304,22.0,25.0,25.0,20.0,24.0,25.0,26.0,23.0,24.0,27.0,28.0,23.0,25.0,29.0,33.0,23.0,31.0,38.0,21.0,22.0,22.0,21.0,21.0,21.0,21.0,22.0,22.0,22.0,21.0,22.0,21.0,22.0,22.0,22.0,21.0,21.0,21.0,21.0,10.0,press,0,0,8.626
1788795864.522,2026-09-07 17:44:24.521,19,e5,1,0,-0.04568,-0.51152,0.04082,-3.5382,11.2422,-24.3824,-0.1011,-0.0193,-0.5449,4.00169,23.0,25.0,26.0,23.0,23.0,24.0,25.0,19.0,24.0,28.0,28.0,19.0,25.0,30.0,33.0,21.0,30.0,36.0,22.0,22.0,22.0,21.0,21.0,21.0,21.0,22.0,22.0,22.0,21.0,22.0,21.0,22.0,22.0,22.0,21.0,21.0,21.0,21.0,10.0,press,0,0,8.8814
1788795864.572,2026-09-07 17:44:24.572,19,e5,1,0,-0.04568,-0.51153,0.04076,-3.8305,11.3017,-24.3421,-0.0995,-0.0276,-0.5493,3.99213,23.0,25.0,26.0,23.0,23.0,24.0,25.0,19.0,24.0,28.0,28.0,19.0,25.0,30.0,33.0,21.0,30.0,36.0,22.0,22.0,22.0,21.0,21.0,21.0,21.0,22.0,22.0,22.0,21.0,22.0,21.0,22.0,22.0,22.0,21.0,21.0,21.0,21.0,10.0,press,0,0,8.9665
1788795864.6227,2026-09-07 17:44:24.622,19,e5,1,0,-0.04567,-0.51153,0.0407,-3.7801,11.5445,-24.1652,-0.1093,-0.0294,-0.5491,3.97324,22.0,25.0,27.0,19.0,24.0,25.0,25.0,20.0,23.0,27.0,30.0,21.0,25.0,29.0,36.0,22.0,31.0,39.0,21.0,22.0,22.0,21.0,21.0,21.0,21.0,22.0,22.0,22.0,21.0,22.0,21.0,22.0,22.0,22.0,21.0,21.0,21.0,21.0,10.0,press,0,0,9.1345
1788795864.6728,2026-09-07 17:44:24.672,19,e5,1,0,-0.04568,-0.51153,0.04067,-3.6957,12.0393,-24.1342,-0.1177,-0.0259,-0.5432,3.97375,21.0,25.0,26.0,20.0,23.0,24.0,25.0,21.0,23.0,28.0,29.0,20.0,25.0,29.0,34.0,22.0,30.0,39.0,22.0,22.0,22.0,21.0,21.0,21.0,21.0,22.0,22.0,22.0,21.0,22.0,21.0,22.0,22.0,22.0,21.0,21.0,21.0,21.0,10.0,hold,0,0,9.13
1788795864.7228,2026-09-07 17:44:24.722,19,e5,1,0,-0.0457,-0.51153,0.04066,-3.7821,11.9656,-24.183,-0.1171,-0.0297,-0.5414,3.96594,21.0,25.0,26.0,20.0,23.0,24.0,25.0,21.0,23.0,28.0,29.0,20.0,25.0,29.0,34.0,22.0,30.0,39.0,22.0,22.0,22.0,21.0,21.0,21.0,21.0,22.0,22.0,22.0,21.0,22.0,21.0,22.0,22.0,22.0,21.0,21.0,21.0,21.0,10.0,hold,0,0,9.1994
1788795864.7729,2026-09-07 17:44:24.772,19,e5,1,0,-0.04566,-0.5115,0.04061,-3.7377,11.5246,-24.2954,-0.1099,-0.028,-0.5496,3.9677,22.0,26.0,26.0,21.0,23.0,24.0,25.0,22.0,24.0,28.0,27.0,22.0,25.0,31.0,34.0,23.0,31.0,36.0,22.0,22.0,22.0,21.0,21.0,21.0,21.0,22.0,22.0,22.0,21.0,22.0,21.0,22.0,22.0,22.0,21.0,21.0,21.0,21.0,10.0,hold,0,0,9.1838
1788795864.823,2026-09-07 17:44:24.823,19,e5,1,0,-0.04567,-0.51151,0.04062,-3.7152,11.8914,-24.3919,-0.1173,-0.0303,-0.5477,3.96368,22.0,26.0,26.0,21.0,23.0,24.0,25.0,22.0,24.0,28.0,27.0,22.0,25.0,31.0,34.0,23.0,31.0,36.0,22.0,22.0,22.0,21.0,21.0,21.0,21.0,22.0,22.0,22.0,21.0,22.0,21.0,22.0,22.0,22.0,21.0,21.0,21.0,21.0,10.0,hold,0,0,9.2196
1788795864.8732,2026-09-07 17:44:24.873,19,e5,1,0,-0.04567,-0.51152,0.04061,-3.3403,11.0444,-24.1899,-0.0931,-0.0174,-0.5486,3.97652,23.0,26.0,27.0,22.0,25.0,26.0,24.0,22.0,24.0,27.0,28.0,23.0,25.0,28.0,35.0,23.0,30.0,39.0,23.0,22.0,22.0,21.0,21.0,21.0,21.0,22.0,22.0,22.0,21.0,22.0,21.0,22.0,22.0,22.0,21.0,21.0,21.0,21.0,10.0,hold,0,0,9.1054
1788795864.9233,2026-09-07 17:44:24.923,19,e5,1,0,-0.04567,-0.51151,0.04062,-3.6316,11.1913,-24.3597,-0.1009,-0.0276,-0.5479,3.97299,21.0,26.0,26.0,22.0,24.0,25.0,25.0,21.0,23.0,27.0,27.0,22.0,25.0,31.0,33.0,22.0,32.0,37.0,21.0,22.0,22.0,21.0,21.0,21.0,21.0,22.0,22.0,22.0,21.0,22.0,21.0,22.0,22.0,22.0,21.0,21.0,21.0,21.0,10.0,hold,0,0,9.1367
1788795864.9734,2026-09-07 17:44:24.973,19,e5,1,0,-0.04566,-0.51153,0.04063,-3.613,11.831,-24.4715,-0.114,-0.0249,-0.5391,3.98407,21.0,26.0,26.0,22.0,24.0,25.0,25.0,21.0,23.0,27.0,27.0,22.0,25.0,31.0,33.0,22.0,32.0,37.0,21.0,22.0,22.0,21.0,21.0,21.0,21.0,22.0,22.0,22.0,21.0,22.0,21.0,22.0,22.0,22.0,21.0,21.0,21.0,21.0,10.0,hold,0,0,9.0382
1788795865.0235,2026-09-07 17:44:25.023,19,e5,1,0,-0.04566,-0.51152,0.04062,-3.177,11.2195,-24.1704,-0.1035,-0.0139,-0.5427,3.98684,21.0,25.0,26.0,20.0,25.0,24.0,24.0,21.0,25.0,27.0,28.0,22.0,25.0,30.0,35.0,22.0,32.0,40.0,20.0,22.0,22.0,21.0,21.0,21.0,21.0,22.0,22.0,22.0,21.0,22.0,21.0,22.0,22.0,22.0,21.0,21.0,21.0,21.0,10.0,hold,0,0,9.0135
1788795865.0736,2026-09-07 17:44:25.073,19,e5,1,0,-0.04564,-0.51152,0.04062,-3.5404,11.2896,-24.3347,-0.1055,-0.0201,-0.5413,3.98029,21.0,25.0,26.0,20.0,25.0,24.0,24.0,21.0,25.0,27.0,28.0,22.0,25.0,30.0,35.0,22.0,32.0,40.0,20.0,22.0,22.0,21.0,21.0,21.0,21.0,22.0,22.0,22.0,21.0,22.0,21.0,22.0,22.0,22.0,21.0,21.0,21.0,21.0,10.0,hold,0,0,9.0718
1788795865.1236,2026-09-07 17:44:25.123,19,e5,1,0,-0.04567,-0.51151,0.04062,-3.688,11.2803,-24.4518,-0.1003,-0.025,-0.5417,3.98583,22.0,25.0,26.0,21.0,24.0,23.0,25.0,22.0,24.0,26.0,29.0,23.0,25.0,29.0,35.0,23.0,30.0,39.0,22.0,22.0,22.0,21.0,21.0,21.0,21.0,22.0,22.0,22.0,21.0,22.0,21.0,22.0,22.0,22.0,21.0,21.0,21.0,21.0,10.0,hold,0,0,9.0225
1788795865.1738,2026-09-07 17:44:25.173,19,e5,1,0,-0.04567,-0.51151,0.04061,-3.4102,11.3107,-24.6651,-0.1036,-0.0169,-0.5424,3.99414,23.0,25.0,27.0,22.0,24.0,24.0,25.0,22.0,25.0,28.0,28.0,23.0,25.0,30.0,34.0,24.0,32.0,39.0,23.0,22.0,22.0,21.0,21.0,21.0,21.0,22.0,22.0,22.0,21.0,22.0,21.0,22.0,22.0,22.0,21.0,21.0,21.0,21.0,10.0,hold,0,0,8.9486
1788795865.2239,2026-09-07 17:44:25.223,19,e5,1,0,-0.04566,-0.51151,0.04061,-3.5604,11.5018,-24.6326,-0.1083,-0.024,-0.548,3.99213,23.0,25.0,27.0,22.0,24.0,24.0,25.0,22.0,25.0,28.0,28.0,23.0,25.0,30.0,34.0,24.0,32.0,39.0,23.0,22.0,22.0,21.0,21.0,21.0,21.0,22.0,22.0,22.0,21.0,22.0,21.0,22.0,22.0,22.0,21.0,21.0,21.0,21.0,10.0,hold,0,0,8.9665
1788795865.2741,2026-09-07 17:44:25.274,19,e5,1,0,-0.04566,-0.51152,0.04061,-3.7638,11.8102,-24.3992,-0.1144,-0.0272,-0.5459,3.99817,25.0,26.0,28.0,24.0,23.0,25.0,24.0,22.0,25.0,26.0,30.0,22.0,25.0,30.0,35.0,23.0,30.0,39.0,22.0,22.0,22.0,21.0,21.0,21.0,21.0,22.0,22.0,22.0,21.0,22.0,21.0,22.0,22.0,22.0,21.0,21.0,21.0,21.0,10.0,hold,0,0,8.9127
1788795865.3241,2026-09-07 17:44:25.324,19,e5,1,0,-0.04565,-0.51152,0.04061,-3.5459,11.4219,-24.4658,-0.108,-0.0195,-0.5474,3.99036,25.0,26.0,28.0,24.0,23.0,25.0,24.0,22.0,25.0,26.0,30.0,22.0,25.0,30.0,35.0,23.0,30.0,39.0,22.0,22.0,22.0,21.0,21.0,21.0,21.0,22.0,22.0,22.0,21.0,22.0,21.0,22.0,22.0,22.0,21.0,21.0,21.0,21.0,10.0,hold,0,0,8.9822
1788795865.3743,2026-09-07 17:44:25.374,19,e5,1,0,-0.04567,-0.51152,0.04062,-3.5687,11.4717,-24.5494,-0.1058,-0.0233,-0.5421,3.99238,22.0,26.0,26.0,22.0,24.0,24.0,25.0,21.0,24.0,27.0,29.0,22.0,25.0,29.0,34.0,22.0,31.0,38.0,20.0,22.0,22.0,21.0,21.0,21.0,21.0,22.0,22.0,22.0,21.0,22.0,21.0,22.0,22.0,22.0,21.0,21.0,21.0,21.0,10.0,hold,0,0,8.9642
1788795865.4244,2026-09-07 17:44:25.424,19,e5,1,0,-0.04566,-0.51153,0.04063,-3.597,11.4711,-24.6376,-0.1097,-0.0246,-0.5335,4.00245,21.0,26.0,26.0,21.0,25.0,25.0,25.0,23.0,23.0,28.0,28.0,23.0,25.0,30.0,33.0,24.0,32.0,39.0,23.0,22.0,22.0,21.0,21.0,21.0,21.0,22.0,22.0,22.0,21.0,22.0,21.0,22.0,22.0,22.0,21.0,21.0,21.0,21.0,10.0,hold,0,0,8.8746
1788795865.4746,2026-09-07 17:44:25.474,19,e5,1,0,-0.04566,-0.51152,0.04061,-3.8758,11.7374,-24.4276,-0.1135,-0.0321,-0.5498,3.99641,21.0,26.0,26.0,21.0,25.0,25.0,25.0,23.0,23.0,28.0,28.0,23.0,25.0,30.0,33.0,24.0,32.0,39.0,23.0,22.0,22.0,21.0,21.0,21.0,21.0,22.0,22.0,22.0,21.0,22.0,21.0,22.0,22.0,22.0,21.0,21.0,21.0,21.0,10.0,hold,0,0,8.9284
1788795865.5247,2026-09-07 17:44:25.524,19,e5,1,0,-0.04565,-0.51151,0.04061,-3.6142,11.5083,-24.461,-0.1107,-0.026,-0.5453,4.00043,24.0,26.0,27.0,22.0,24.0,24.0,24.0,20.0,24.0,28.0,28.0,20.0,26.0,31.0,34.0,20.0,32.0,38.0,20.0,22.0,22.0,21.0,21.0,21.0,21.0,22.0,22.0,22.0,21.0,22.0,21.0,22.0,22.0,22.0,21.0,21.0,21.0,21.0,10.0,hold,0,0,8.8926
1788795865.5748,2026-09-07 17:44:25.574,19,e5,1,0,-0.04567,-0.51152,0.04062,-3.8027,11.7892,-24.3723,-0.1125,-0.0308,-0.5458,4.00295,24.0,26.0,27.0,22.0,24.0,24.0,24.0,20.0,24.0,28.0,28.0,20.0,26.0,31.0,34.0,20.0,32.0,38.0,20.0,22.0,22.0,21.0,21.0,21.0,21.0,22.0,22.0,22.0,21.0,22.0,21.0,22.0,22.0,22.0,21.0,21.0,21.0,21.0,10.0,hold,0,0,8.8702
1788795865.625,2026-09-07 17:44:25.624,19,e5,1,0,-0.04567,-0.51152,0.04062,-3.7387,11.3839,-24.4454,-0.1048,-0.028,-0.5439,4.00018,20.0,24.0,27.0,20.0,23.0,25.0,23.0,23.0,25.0,28.0,28.0,23.0,26.0,30.0,34.0,21.0,31.0,39.0,22.0,22.0,22.0,21.0,21.0,21.0,21.0,22.0,22.0,22.0,21.0,22.0,21.0,22.0,22.0,22.0,21.0,21.0,21.0,21.0,10.0,hold,0,0,8.8948
1788795865.675,2026-09-07 17:44:25.675,19,e5,1,0,-0.04568,-0.5115,0.0406,-3.3105,11.5494,-24.5235,-0.1118,-0.0183,-0.5412,4.00371,20.0,24.0,27.0,20.0,23.0,25.0,23.0,23.0,25.0,28.0,28.0,23.0,26.0,30.0,34.0,21.0,31.0,39.0,22.0,22.0,22.0,21.0,21.0,21.0,21.0,22.0,22.0,22.0,21.0,22.0,21.0,22.0,22.0,22.0,21.0,21.0,21.0,21.0,10.0,hold,0,0,8.8634
1788795865.7251,2026-09-07 17:44:25.725,19,e5,1,0,-0.04568,-0.51151,0.04061,-3.7072,11.7989,-24.2667,-0.118,-0.0305,-0.5461,4.00648,24.0,24.0,27.0,23.0,24.0,25.0,25.0,21.0,22.0,27.0,30.0,22.0,25.0,29.0,36.0,22.0,30.0,40.0,21.0,22.0,22.0,21.0,21.0,21.0,21.0,22.0,22.0,22.0,21.0,22.0,21.0,22.0,22.0,22.0,21.0,21.0,21.0,21.0,10.0,hold,0,0,8.8388
1788795865.7752,2026-09-07 17:44:25.775,19,e5,1,0,-0.04566,-0.51152,0.04062,-3.8432,11.8031,-24.4267,-0.1119,-0.0288,-0.5447,4.00446,23.0,24.0,26.0,21.0,23.0,24.0,27.0,22.0,24.0,28.0,28.0,23.0,25.0,28.0,34.0,24.0,30.0,39.0,23.0,22.0,22.0,21.0,21.0,21.0,21.0,22.0,22.0,22.0,21.0,22.0,21.0,22.0,22.0,22.0,21.0,21.0,21.0,21.0,10.0,hold,0,0,8.8567
1788795865.8255,2026-09-07 17:44:25.825,19,e5,1,0,-0.04566,-0.51152,0.04062,-3.6672,11.5182,-24.448,-0.1063,-0.0288,-0.545,4.0032,23.0,24.0,26.0,21.0,23.0,24.0,27.0,22.0,24.0,28.0,28.0,23.0,25.0,28.0,34.0,24.0,30.0,39.0,23.0,22.0,22.0,21.0,21.0,21.0,21.0,22.0,22.0,22.0,21.0,22.0,21.0,22.0,22.0,22.0,21.0,21.0,21.0,21.0,10.0,hold,0,0,8.8679
1788795865.8755,2026-09-07 17:44:25.875,19,e5,1,0,-0.04565,-0.51153,0.04063,-3.8862,11.726,-24.223,-0.1111,-0.0315,-0.546,4.00925,22.0,25.0,25.0,22.0,24.0,23.0,24.0,21.0,25.0,26.0,29.0,21.0,25.0,30.0,34.0,20.0,30.0,38.0,20.0,22.0,22.0,21.0,21.0,21.0,21.0,22.0,22.0,22.0,21.0,22.0,21.0,22.0,22.0,22.0,21.0,21.0,21.0,21.0,10.0,hold,0,0,8.8142
1788795865.9257,2026-09-07 17:44:25.925,19,e5,1,0,-0.04569,-0.51153,0.04062,-3.8093,11.6615,-24.2456,-0.1133,-0.0266,-0.5442,4.01277,22.0,25.0,25.0,22.0,24.0,23.0,24.0,21.0,25.0,26.0,29.0,21.0,25.0,30.0,34.0,20.0,30.0,38.0,20.0,22.0,22.0,21.0,21.0,21.0,21.0,22.0,22.0,22.0,21.0,22.0,21.0,22.0,22.0,22.0,21.0,21.0,21.0,21.0,10.0,hold,0,0,8.7828
1788795865.9758,2026-09-07 17:44:25.975,19,e5,1,0,-0.04568,-0.51152,0.04062,-3.497,11.1819,-24.4128,-0.1016,-0.0204,-0.547,4.01806,21.0,25.0,24.0,19.0,24.0,23.0,25.0,20.0,24.0,26.0,28.0,20.0,26.0,29.0,34.0,21.0,30.0,38.0,20.0,22.0,22.0,21.0,21.0,21.0,21.0,22.0,22.0,22.0,21.0,22.0,21.0,22.0,22.0,22.0,21.0,21.0,21.0,21.0,10.0,hold,0,0,8.7358
1788795866.0259,2026-09-07 17:44:26.025,19,e5,1,0,-0.04567,-0.51152,0.04061,-3.986,11.7332,-24.339,-0.1117,-0.0346,-0.5444,4.00774,22.0,26.0,25.0,19.0,24.0,23.0,23.0,22.0,23.0,27.0,29.0,22.0,25.0,30.0,34.0,22.0,31.0,39.0,22.0,22.0,22.0,21.0,21.0,21.0,21.0,22.0,22.0,22.0,21.0,22.0,21.0,22.0,22.0,22.0,21.0,21.0,21.0,21.0,10.0,hold,0,0,8.8276
1788795866.076,2026-09-07 17:44:26.076,19,e5,1,0,-0.04568,-0.51152,0.04062,-3.7068,11.7303,-24.3244,-0.1164,-0.0309,-0.5413,4.01831,22.0,26.0,25.0,19.0,24.0,23.0,23.0,22.0,23.0,27.0,29.0,22.0,25.0,30.0,34.0,22.0,31.0,39.0,22.0,22.0,22.0,21.0,21.0,21.0,21.0,22.0,22.0,22.0,21.0,22.0,21.0,22.0,22.0,22.0,21.0,21.0,21.0,21.0,10.0,hold,0,0,8.7335
1788795866.1262,2026-09-07 17:44:26.126,19,e5,1,0,-0.04566,-0.51152,0.04062,-3.8589,11.738,-24.4123,-0.1139,-0.0301,-0.5407,4.01076,23.0,25.0,26.0,21.0,23.0,24.0,25.0,20.0,24.0,27.0,28.0,21.0,26.0,29.0,36.0,21.0,32.0,40.0,20.0,22.0,22.0,21.0,21.0,21.0,21.0,22.0,22.0,22.0,21.0,22.0,21.0,22.0,22.0,22.0,21.0,21.0,21.0,21.0,10.0,hold,0,0,8.8007
1788795866.1763,2026-09-07 17:44:26.176,19,e5,1,0,-0.04567,-0.51152,0.04062,-3.6171,11.7786,-24.314,-0.1138,-0.0261,-0.5436,4.01907,23.0,25.0,26.0,21.0,23.0,24.0,25.0,20.0,24.0,27.0,28.0,21.0,26.0,29.0,36.0,21.0,32.0,40.0,20.0,22.0,22.0,21.0,21.0,21.0,21.0,22.0,22.0,22.0,21.0,22.0,21.0,22.0,22.0,22.0,21.0,21.0,21.0,21.0,10.0,hold,0,0,8.7268
1788795866.2264,2026-09-07 17:44:26.226,19,e5,1,0,-0.04568,-0.51152,0.04062,-3.6519,11.8148,-24.1983,-0.1169,-0.0268,-0.546,4.02385,22.0,26.0,27.0,21.0,24.0,25.0,25.0,21.0,22.0,26.0,29.0,22.0,24.0,29.0,36.0,20.0,30.0,41.0,21.0,22.0,22.0,21.0,21.0,21.0,21.0,22.0,22.0,22.0,21.0,22.0,21.0,22.0,22.0,22.0,21.0,21.0,21.0,21.0,10.0,hold,0,0,8.6843
1788795866.2765,2026-09-07 17:44:26.276,19,e5,1,0,-0.04566,-0.51151,0.04062,-3.3349,11.4586,-24.5019,-0.1077,-0.019,-0.5384,4.00874,22.0,24.0,26.0,20.0,23.0,24.0,27.0,20.0,24.0,27.0,29.0,20.0,25.0,30.0,35.0,21.0,31.0,39.0,20.0,22.0,22.0,21.0,21.0,21.0,21.0,22.0,22.0,22.0,21.0,22.0,21.0,22.0,22.0,22.0,21.0,21.0,21.0,21.0,10.0,hold,0,0,8.8187
1788795866.3266,2026-09-07 17:44:26.326,19,e5,1,0,-0.04567,-0.51152,0.04062,-3.7216,11.5927,-24.2129,-0.1106,-0.0269,-0.5454,4.02259,22.0,24.0,26.0,20.0,23.0,24.0,27.0,20.0,24.0,27.0,29.0,20.0,25.0,30.0,35.0,21.0,31.0,39.0,20.0,22.0,22.0,21.0,21.0,21.0,21.0,22.0,22.0,22.0,21.0,22.0,21.0,22.0,22.0,22.0,21.0,21.0,21.0,21.0,10.0,hold,0,0,8.6955
1788795866.3767,2026-09-07 17:44:26.376,19,e5,1,0,-0.04565,-0.51152,0.04062,-3.6721,11.3292,-24.1741,-0.1053,-0.0271,-0.5449,4.02637,21.0,24.0,27.0,20.0,24.0,25.0,25.0,19.0,23.0,28.0,30.0,20.0,25.0,29.0,36.0,21.0,33.0,41.0,22.0,22.0,22.0,21.0,21.0,21.0,21.0,22.0,22.0,22.0,21.0,22.0,21.0,22.0,22.0,22.0,21.0,21.0,21.0,21.0,10.0,hold,0,0,8.6619
1788795866.4267,2026-09-07 17:44:26.426,19,e5,1,0,-0.04566,-0.51152,0.04061,-3.4256,11.7265,-24.3611,-0.1118,-0.0208,-0.5364,4.02611,21.0,24.0,27.0,20.0,24.0,25.0,25.0,19.0,23.0,28.0,30.0,20.0,25.0,29.0,36.0,21.0,33.0,41.0,22.0,22.0,22.0,21.0,21.0,21.0,21.0,22.0,22.0,22.0,21.0,22.0,21.0,22.0,22.0,22.0,21.0,21.0,21.0,21.0,10.0,hold,0,0,8.6641
1788795866.4768,2026-09-07 17:44:26.476,19,e5,1,0,-0.04567,-0.51152,0.04062,-3.5763,11.6056,-24.4495,-0.1093,-0.0259,-0.5439,4.02007,22.0,24.0,27.0,20.0,23.0,25.0,27.0,22.0,23.0,29.0,29.0,22.0,25.0,31.0,36.0,22.0,31.0,40.0,21.0,22.0,22.0,21.0,21.0,21.0,21.0,22.0,22.0,22.0,21.0,22.0,21.0,22.0,22.0,22.0,21.0,21.0,21.0,21.0,10.0,hold,0,0,8.7179
1788795866.5269,2026-09-07 17:44:26.526,19,e5,1,0,-0.04568,-0.51151,0.0406,-3.4823,11.6602,-24.3329,-0.1111,-0.0222,-0.5434,4.02309,23.0,24.0,26.0,21.0,22.0,26.0,27.0,21.0,22.0,28.0,29.0,22.0,25.0,31.0,35.0,22.0,32.0,40.0,20.0,22.0,22.0,21.0,21.0,21.0,21.0,22.0,22.0,22.0,21.0,22.0,21.0,22.0,22.0,22.0,21.0,21.0,21.0,21.0,10.0,hold,0,0,8.691
1788795866.577,2026-09-07 17:44:26.577,19,e5,1,0,-0.04565,-0.51152,0.04062,-3.4179,11.3506,-24.3711,-0.1023,-0.0209,-0.5385,4.01579,23.0,24.0,26.0,21.0,22.0,26.0,27.0,21.0,22.0,28.0,29.0,22.0,25.0,31.0,35.0,22.0,32.0,40.0,20.0,22.0,22.0,21.0,21.0,21.0,21.0,22.0,22.0,22.0,21.0,22.0,21.0,22.0,22.0,22.0,21.0,21.0,21.0,21.0,10.0,hold,0,0,8.7559
1788795866.6271,2026-09-07 17:44:26.627,19,e5,1,0,-0.04567,-0.51152,0.04061,-3.5328,11.3147,-24.4751,-0.1012,-0.0244,-0.5386,4.02813,22.0,24.0,25.0,20.0,22.0,25.0,25.0,21.0,23.0,30.0,29.0,21.0,25.0,31.0,35.0,22.0,32.0,40.0,22.0,22.0,22.0,21.0,21.0,21.0,21.0,22.0,22.0,22.0,21.0,22.0,21.0,22.0,22.0,22.0,21.0,21.0,21.0,21.0,10.0,hold,0,0,8.6462
1788795866.6772,2026-09-07 17:44:26.677,19,e5,1,0,-0.04567,-0.51151,0.04061,-3.653,11.8097,-24.5262,-0.1133,-0.0299,-0.5415,4.02486,22.0,24.0,25.0,20.0,22.0,25.0,25.0,21.0,23.0,30.0,29.0,21.0,25.0,31.0,35.0,22.0,32.0,40.0,22.0,22.0,22.0,21.0,21.0,21.0,21.0,22.0,22.0,22.0,21.0,22.0,21.0,22.0,22.0,22.0,21.0,21.0,21.0,21.0,10.0,hold,0,0,8.6753
1788795866.7273,2026-09-07 17:44:26.727,19,e5,1,0,-0.04567,-0.51152,0.04062,-3.5754,11.6932,-24.613,-0.113,-0.0243,-0.5438,4.02662,23.0,23.0,29.0,20.0,23.0,27.0,26.0,19.0,23.0,28.0,30.0,20.0,25.0,30.0,36.0,22.0,32.0,39.0,21.0,22.0,22.0,21.0,21.0,21.0,21.0,22.0,22.0,22.0,21.0,22.0,21.0,22.0,22.0,22.0,21.0,21.0,21.0,21.0,10.0,hold,0,0,8.6596
1788795866.7773,2026-09-07 17:44:26.777,19,e5,1,0,-0.04568,-0.51152,0.04063,-3.6595,11.4064,-24.3911,-0.1059,-0.0257,-0.5457,4.02662,23.0,23.0,29.0,20.0,23.0,27.0,26.0,19.0,23.0,28.0,30.0,20.0,25.0,30.0,36.0,22.0,32.0,39.0,21.0,22.0,22.0,21.0,21.0,21.0,21.0,22.0,22.0,22.0,21.0,22.0,21.0,22.0,22.0,22.0,21.0,21.0,21.0,21.0,10.0,hold,0,0,8.6596
1788795866.8274,2026-09-07 17:44:26.827,19,e5,1,0,-0.04565,-0.51152,0.04062,-3.8713,11.6588,-24.2231,-0.1107,-0.034,-0.5371,4.02989,21.0,24.0,27.0,20.0,21.0,26.0,25.0,21.0,24.0,28.0,29.0,21.0,25.0,31.0,34.0,22.0,32.0,40.0,20.0,22.0,22.0,21.0,21.0,21.0,21.0,22.0,22.0,22.0,21.0,22.0,21.0,22.0,22.0,22.0,21.0,21.0,21.0,21.0,10.0,hold,0,0,8.6305
1788795866.8776,2026-09-07 17:44:26.877,19,e5,1,0,-0.04569,-0.51152,0.04063,-3.7904,11.4352,-24.3769,-0.1055,-0.0324,-0.5402,4.02788,22.0,26.0,26.0,21.0,23.0,24.0,25.0,21.0,24.0,27.0,28.0,22.0,25.0,30.0,35.0,21.0,32.0,39.0,22.0,22.0,22.0,21.0,21.0,21.0,21.0,22.0,22.0,22.0,21.0,22.0,21.0,22.0,22.0,22.0,21.0,21.0,21.0,21.0,10.0,hold,0,0,8.6484
1788795866.9277,2026-09-07 17:44:26.927,19,e5,1,0,-0.04564,-0.51151,0.04061,-3.4863,11.6091,-24.4405,-0.1117,-0.0214,-0.541,4.03392,22.0,26.0,26.0,21.0,23.0,24.0,25.0,21.0,24.0,27.0,28.0,22.0,25.0,30.0,35.0,21.0,32.0,39.0,22.0,22.0,22.0,21.0,21.0,21.0,21.0,22.0,22.0,22.0,21.0,22.0,21.0,22.0,22.0,22.0,21.0,21.0,21.0,21.0,10.0,hold,0,0,8.5947
1788795866.9778,2026-09-07 17:44:26.977,19,e5,1,0,-0.04565,-0.51152,0.04062,-3.478,11.2246,-24.4767,-0.1029,-0.025,-0.5344,4.03191,22.0,24.0,27.0,21.0,23.0,25.0,26.0,20.0,22.0,28.0,29.0,21.0,25.0,31.0,36.0,21.0,32.0,39.0,20.0,22.0,22.0,21.0,21.0,21.0,21.0,22.0,22.0,22.0,21.0,22.0,21.0,22.0,22.0,22.0,21.0,21.0,21.0,21.0,10.0,hold,0,0,8.6126
1788795867.0279,2026-09-07 17:44:27.027,19,e5,1,0,-0.04564,-0.51152,0.04062,-3.5266,11.6671,-24.4859,-0.1138,-0.0243,-0.5405,4.03896,22.0,24.0,27.0,21.0,23.0,25.0,26.0,20.0,22.0,28.0,29.0,21.0,25.0,31.0,36.0,21.0,32.0,39.0,20.0,22.0,22.0,21.0,21.0,21.0,21.0,22.0,22.0,22.0,21.0,22.0,21.0,22.0,22.0,22.0,21.0,21.0,21.0,21.0,10.0,hold,0,0,8.5499
1788795867.078,2026-09-07 17:44:27.078,19,e5,1,0,-0.04566,-0.51152,0.04062,-3.9543,12.1502,-24.369,-0.1245,-0.0343,-0.5456,4.03065,20.0,25.0,28.0,20.0,25.0,26.0,25.0,19.0,24.0,28.0,28.0,20.0,25.0,31.0,35.0,22.0,32.0,40.0,21.0,22.0,22.0,21.0,21.0,21.0,21.0,22.0,22.0,22.0,21.0,22.0,21.0,22.0,22.0,22.0,21.0,21.0,21.0,21.0,10.0,hold,0,0,8.6238
1788795867.1281,2026-09-07 17:44:27.128,19,e5,1,0,-0.04566,-0.51152,0.04063,-3.8663,11.8052,-24.4289,-0.1156,-0.0318,-0.547,4.03568,22.0,26.0,26.0,20.0,24.0,24.0,26.0,20.0,25.0,27.0,29.0,20.0,25.0,29.0,35.0,22.0,31.0,39.0,22.0,22.0,22.0,21.0,21.0,21.0,21.0,22.0,22.0,22.0,21.0,22.0,21.0,22.0,22.0,22.0,21.0,21.0,21.0,21.0,10.0,hold,0,0,8.579
1788795867.1783,2026-09-07 17:44:27.178,19,e5,1,0,-0.04566,-0.51152,0.04061,-3.6072,11.748,-24.4996,-0.1179,-0.0267,-0.541,4.03593,22.0,26.0,26.0,20.0,24.0,24.0,26.0,20.0,25.0,27.0,29.0,20.0,25.0,29.0,35.0,22.0,31.0,39.0,22.0,22.0,22.0,21.0,21.0,21.0,21.0,22.0,22.0,22.0,21.0,22.0,21.0,22.0,22.0,22.0,21.0,21.0,21.0,21.0,10.0,hold,0,0,8.5768
1788795867.2284,2026-09-07 17:44:27.228,19,e5,1,0,-0.04566,-0.51152,0.04063,-3.483,11.2989,-24.3495,-0.1009,-0.0248,-0.5421,4.03518,23.0,25.0,26.0,20.0,24.0,23.0,25.0,21.0,22.0,27.0,29.0,21.0,25.0,29.0,35.0,22.0,30.0,38.0,20.0,22.0,22.0,21.0,21.0,21.0,21.0,22.0,22.0,22.0,21.0,22.0,21.0,22.0,22.0,22.0,21.0,21.0,21.0,21.0,10.0,hold,0,0,8.5835
1788795867.2785,2026-09-07 17:44:27.278,19,e5,1,0,-0.04567,-0.51152,0.04062,-3.9332,11.6524,-24.2596,-0.1142,-0.0361,-0.5437,4.04399,23.0,25.0,26.0,20.0,24.0,23.0,25.0,21.0,22.0,27.0,29.0,21.0,25.0,29.0,35.0,22.0,30.0,38.0,20.0,22.0,22.0,21.0,21.0,21.0,21.0,22.0,22.0,22.0,21.0,22.0,21.0,22.0,22.0,22.0,21.0,21.0,21.0,21.0,10.0,hold,0,0,8.5051
1788795867.3286,2026-09-07 17:44:27.328,19,e5,1,0,-0.04564,-0.5115,0.04061,-3.7293,11.7466,-24.4023,-0.1122,-0.0263,-0.5377,4.03896,23.0,24.0,26.0,21.0,23.0,25.0,24.0,20.0,23.0,26.0,29.0,21.0,24.0,29.0,35.0,23.0,30.0,40.0,22.0,22.0,22.0,21.0,21.0,21.0,21.0,22.0,22.0,22.0,21.0,22.0,21.0,22.0,22.0,22.0,21.0,21.0,21.0,21.0,10.0,hold,0,0,8.5499
1788795867.3787,2026-09-07 17:44:27.378,19,e5,1,0,-0.04566,-0.51152,0.04062,-3.5297,11.4373,-24.3482,-0.1074,-0.0239,-0.5443,4.04022,22.0,24.0,26.0,21.0,23.0,24.0,25.0,21.0,24.0,27.0,31.0,22.0,25.0,29.0,37.0,22.0,30.0,40.0,21.0,22.0,22.0,21.0,21.0,21.0,21.0,22.0,22.0,22.0,21.0,22.0,21.0,22.0,22.0,22.0,21.0,21.0,21.0,21.0,10.0,hold,0,0,8.5387
1788795867.4288,2026-09-07 17:44:27.428,19,e5,1,0,-0.04566,-0.51151,0.04062,-3.479,11.7435,-24.4019,-0.115,-0.0269,-0.5426,4.04349,22.0,24.0,26.0,21.0,23.0,24.0,25.0,21.0,24.0,27.0,31.0,22.0,25.0,29.0,37.0,22.0,30.0,40.0,21.0,22.0,22.0,21.0,21.0,21.0,21.0,22.0,22.0,22.0,21.0,22.0,21.0,22.0,22.0,22.0,21.0,21.0,21.0,21.0,10.0,hold,0,0,8.5095
1788795867.4789,2026-09-07 17:44:27.478,19,e5,1,0,-0.04565,-0.51151,0.04062,-3.6597,11.8057,-24.5201,-0.1174,-0.0272,-0.5432,4.04626,22.0,25.0,25.0,21.0,24.0,24.0,25.0,19.0,23.0,29.0,29.0,21.0,25.0,30.0,35.0,20.0,32.0,38.0,20.0,22.0,22.0,21.0,21.0,21.0,21.0,22.0,22.0,22.0,21.0,22.0,21.0,22.0,22.0,22.0,21.0,21.0,21.0,21.0,10.0,hold,0,0,8.4849
1788795867.529,2026-09-07 17:44:27.528,19,e5,1,0,-0.04567,-0.51152,0.04063,-3.6076,11.226,-24.4968,-0.105,-0.0263,-0.5457,4.04978,22.0,25.0,25.0,21.0,24.0,24.0,25.0,19.0,23.0,29.0,29.0,21.0,25.0,30.0,35.0,20.0,32.0,38.0,20.0,22.0,22.0,21.0,21.0,21.0,21.0,22.0,22.0,22.0,21.0,22.0,21.0,22.0,22.0,22.0,21.0,21.0,21.0,21.0,10.0,hold,0,0,8.4536
1788795867.5792,2026-09-07 17:44:27.579,19,e5,1,0,-0.04566,-0.51151,0.04062,-3.6661,11.5483,-24.4309,-0.1062,-0.0301,-0.5415,4.03996,20.0,25.0,28.0,19.0,25.0,25.0,25.0,23.0,23.0,26.0,28.0,22.0,25.0,28.0,34.0,22.0,31.0,39.0,21.0,22.0,22.0,21.0,21.0,21.0,21.0,22.0,22.0,22.0,21.0,22.0,21.0,22.0,22.0,22.0,21.0,21.0,21.0,21.0,10.0,hold,0,0,8.5409
1788795867.6293,2026-09-07 17:44:27.629,19,e5,1,0,-0.04565,-0.51152,0.04063,-3.5089,11.7414,-24.5402,-0.1126,-0.0222,-0.5396,4.04676,22.0,25.0,25.0,20.0,23.0,24.0,25.0,22.0,25.0,26.0,29.0,23.0,25.0,28.0,35.0,22.0,30.0,39.0,21.0,22.0,22.0,21.0,21.0,21.0,21.0,22.0,22.0,22.0,21.0,22.0,21.0,22.0,22.0,22.0,21.0,21.0,21.0,21.0,10.0,hold,0,0,8.4804
1788795867.6794,2026-09-07 17:44:27.679,19,e5,1,0,-0.04567,-0.51152,0.04061,-3.6466,11.6432,-24.5652,-0.1119,-0.0273,-0.5352,4.04852,22.0,25.0,25.0,20.0,23.0,24.0,25.0,22.0,25.0,26.0,29.0,23.0,25.0,28.0,35.0,22.0,30.0,39.0,21.0,22.0,22.0,21.0,21.0,21.0,21.0,22.0,22.0,22.0,21.0,22.0,21.0,22.0,22.0,22.0,21.0,21.0,21.0,21.0,10.0,hold,0,0,8.4648
1788795867.7295,2026-09-07 17:44:27.729,19,e5,1,0,-0.04566,-0.51152,0.04062,-3.619,11.5678,-24.3947,-0.1138,-0.0286,-0.5431,4.03971,23.0,26.0,25.0,21.0,25.0,24.0,25.0,20.0,23.0,27.0,30.0,21.0,26.0,29.0,35.0,21.0,31.0,39.0,20.0,22.0,22.0,21.0,21.0,21.0,21.0,22.0,22.0,22.0,21.0,22.0,21.0,22.0,22.0,22.0,21.0,21.0,21.0,21.0,10.0,hold,0,0,8.5431
1788795867.7796,2026-09-07 17:44:27.779,19,e5,1,0,-0.04566,-0.51151,0.04061,-3.7434,11.5333,-24.2874,-0.1075,-0.0331,-0.5456,4.04651,23.0,26.0,25.0,21.0,25.0,24.0,25.0,20.0,23.0,27.0,30.0,21.0,26.0,29.0,35.0,21.0,31.0,39.0,20.0,22.0,22.0,21.0,21.0,21.0,21.0,22.0,22.0,22.0,21.0,22.0,21.0,22.0,22.0,22.0,21.0,21.0,21.0,21.0,10.0,hold,0,0,8.4827
1788795867.8297,2026-09-07 17:44:27.829,19,e5,1,0,-0.04567,-0.51152,0.04063,-3.5579,11.5011,-24.3936,-0.1077,-0.0237,-0.5375,4.03845,19.0,25.0,26.0,20.0,24.0,24.0,25.0,22.0,25.0,26.0,28.0,22.0,25.0,30.0,35.0,21.0,31.0,38.0,22.0,22.0,22.0,21.0,21.0,21.0,21.0,22.0,22.0,22.0,21.0,22.0,21.0,22.0,22.0,22.0,21.0,21.0,21.0,21.0,10.0,hold,0,0,8.5544
1788795867.8798,2026-09-07 17:44:27.879,19,e5,1,0,-0.04566,-0.51153,0.04062,-3.6007,11.3335,-24.5184,-0.1046,-0.0269,-0.542,4.04852,19.0,25.0,26.0,20.0,24.0,24.0,25.0,22.0,25.0,26.0,28.0,22.0,25.0,30.0,35.0,21.0,31.0,38.0,22.0,22.0,22.0,21.0,21.0,21.0,21.0,22.0,22.0,22.0,21.0,22.0,21.0,22.0,22.0,22.0,21.0,21.0,21.0,21.0,10.0,hold,0,0,8.4648
1788795867.9299,2026-09-07 17:44:27.929,19,e5,1,0,-0.04567,-0.51152,0.04062,-3.5792,11.6929,-24.4421,-0.1118,-0.0256,-0.5412,4.04878,21.0,26.0,25.0,21.0,24.0,25.0,24.0,22.0,24.0,27.0,28.0,23.0,25.0,31.0,35.0,23.0,32.0,38.0,22.0,22.0,22.0,21.0,21.0,21.0,21.0,22.0,22.0,22.0,21.0,22.0,21.0,22.0,22.0,22.0,21.0,21.0,21.0,21.0,10.0,hold,0,0,8.4625
1788795867.9801,2026-09-07 17:44:27.980,19,e5,1,0,-0.04568,-0.51152,0.04062,-3.5762,11.2019,-24.5886,-0.1053,-0.0268,-0.5405,4.04601,22.0,26.0,26.0,22.0,24.0,24.0,24.0,22.0,24.0,27.0,30.0,23.0,25.0,28.0,37.0,24.0,31.0,41.0,23.0,22.0,22.0,21.0,21.0,21.0,21.0,22.0,22.0,22.0,21.0,22.0,21.0,22.0,22.0,22.0,21.0,21.0,21.0,21.0,10.0,hold,0,0,8.4871
1788795868.0302,2026-09-07 17:44:28.030,19,e5,1,0,-0.04567,-0.51152,0.04063,-3.4862,11.6675,-24.7237,-0.114,-0.0233,-0.5411,4.04852,22.0,26.0,26.0,22.0,24.0,24.0,24.0,22.0,24.0,27.0,30.0,23.0,25.0,28.0,37.0,24.0,31.0,41.0,23.0,22.0,22.0,21.0,21.0,21.0,21.0,22.0,22.0,22.0,21.0,22.0,21.0,22.0,22.0,22.0,21.0,21.0,21.0,21.0,10.0,hold,0,0,8.4648
1788795868.0803,2026-09-07 17:44:28.080,19,e5,1,0,-0.04567,-0.51153,0.04063,-3.6583,11.5852,-24.7279,-0.1115,-0.0286,-0.5401,4.04626,23.0,26.0,26.0,23.0,25.0,25.0,26.0,21.0,23.0,26.0,29.0,22.0,24.0,29.0,35.0,21.0,30.0,38.0,21.0,22.0,22.0,21.0,21.0,21.0,21.0,22.0,22.0,22.0,21.0,22.0,21.0,22.0,22.0,22.0,21.0,21.0,21.0,21.0,10.0,hold,0,0,8.4849
1788795868.1305,2026-09-07 17:44:28.130,19,e5,1,0,-0.04567,-0.51153,0.04063,-3.1837,11.2963,-24.7236,-0.107,-0.016,-0.5359,4.05205,23.0,26.0,26.0,23.0,25.0,25.0,26.0,21.0,23.0,26.0,29.0,22.0,24.0,29.0,35.0,21.0,30.0,38.0,21.0,22.0,22.0,21.0,21.0,21.0,21.0,22.0,22.0,22.0,21.0,22.0,21.0,22.0,22.0,22.0,21.0,21.0,21.0,21.0,10.0,hold,0,0,8.4334
1788795868.1805,2026-09-07 17:44:28.180,19,e5,1,0,-0.04568,-0.51151,0.04062,-3.4995,11.3391,-24.5191,-0.1041,-0.0208,-0.5365,4.04802,23.0,24.0,26.0,23.0,23.0,25.0,25.0,20.0,25.0,28.0,29.0,21.0,27.0,30.0,35.0,22.0,32.0,39.0,20.0,22.0,22.0,21.0,21.0,21.0,21.0,22.0,22.0,22.0,21.0,22.0,21.0,22.0,22.0,22.0,21.0,21.0,21.0,21.0,10.0,hold,0,0,8.4692
1788795868.2306,2026-09-07 17:44:28.230,19,e5,1,0,-0.04567,-0.51151,0.04062,-3.8666,11.5344,-24.5222,-0.1114,-0.03,-0.5439,4.05457,22.0,26.0,27.0,20.0,25.0,24.0,24.0,22.0,24.0,28.0,28.0,22.0,26.0,30.0,34.0,24.0,32.0,39.0,22.0,22.0,22.0,21.0,21.0,21.0,21.0,22.0,22.0,22.0,21.0,22.0,21.0,22.0,22.0,22.0,21.0,21.0,21.0,21.0,10.0,hold,0,0,8.411
1788795868.2808,2026-09-07 17:44:28.280,19,e5,1,0,-0.04566,-0.51151,0.04062,-3.458,11.3983,-24.7761,-0.1086,-0.0256,-0.5387,4.04827,22.0,26.0,27.0,20.0,25.0,24.0,24.0,22.0,24.0,28.0,28.0,22.0,26.0,30.0,34.0,24.0,32.0,39.0,22.0,22.0,22.0,21.0,21.0,21.0,21.0,22.0,22.0,22.0,21.0,22.0,21.0,22.0,22.0,22.0,21.0,21.0,21.0,21.0,10.0,hold,0,0,8.467
1788795868.3308,2026-09-07 17:44:28.330,19,e5,1,0,-0.04566,-0.51152,0.04061,-3.4978,11.5696,-24.3034,-0.1099,-0.0262,-0.5415,4.04475,22.0,26.0,27.0,21.0,24.0,25.0,24.0,21.0,24.0,27.0,30.0,21.0,25.0,28.0,35.0,23.0,31.0,40.0,22.0,22.0,22.0,21.0,21.0,21.0,21.0,22.0,22.0,22.0,21.0,22.0,21.0,22.0,22.0,22.0,21.0,21.0,21.0,21.0,10.0,hold,0,0,8.4983
1788795868.3809,2026-09-07 17:44:28.380,19,e5,1,0,-0.04566,-0.51152,0.04061,-3.5847,11.7044,-24.4446,-0.1116,-0.0262,-0.5398,4.05935,22.0,26.0,27.0,21.0,24.0,25.0,24.0,21.0,24.0,27.0,30.0,21.0,25.0,28.0,35.0,23.0,31.0,40.0,22.0,22.0,22.0,21.0,21.0,21.0,21.0,22.0,22.0,22.0,21.0,22.0,21.0,22.0,22.0,22.0,21.0,21.0,21.0,21.0,10.0,hold,0,0,8.3684
1788795868.4311,2026-09-07 17:44:28.431,19,e5,1,0,-0.04566,-0.51151,0.04062,-3.6476,11.8791,-24.5457,-0.117,-0.0275,-0.5371,4.04903,22.0,24.0,26.0,22.0,24.0,23.0,25.0,21.0,23.0,27.0,29.0,20.0,25.0,29.0,35.0,21.0,31.0,39.0,21.0,22.0,22.0,21.0,21.0,21.0,21.0,22.0,22.0,22.0,21.0,22.0,21.0,22.0,22.0,22.0,21.0,21.0,21.0,21.0,10.0,hold,0,0,8.4603
1788795868.4811,2026-09-07 17:44:28.481,19,e5,1,0,-0.04566,-0.51152,0.04063,-3.7379,11.753,-24.4103,-0.1174,-0.0299,-0.5381,4.06061,21.0,24.0,27.0,19.0,23.0,25.0,25.0,20.0,24.0,27.0,29.0,21.0,25.0,29.0,35.0,22.0,31.0,39.0,21.0,22.0,22.0,21.0,21.0,21.0,21.0,22.0,22.0,22.0,21.0,22.0,21.0,22.0,22.0,22.0,21.0,21.0,21.0,21.0,10.0,hold,0,0,8.3572
1788795868.5312,2026-09-07 17:44:28.531,19,e5,1,0,-0.04567,-0.51152,0.04062,-3.5122,11.351,-24.6816,-0.1066,-0.0223,-0.5355,4.04802,21.0,24.0,27.0,19.0,23.0,25.0,25.0,20.0,24.0,27.0,29.0,21.0,25.0,29.0,35.0,22.0,31.0,39.0,21.0,22.0,22.0,21.0,21.0,21.0,21.0,22.0,22.0,22.0,21.0,22.0,21.0,22.0,22.0,22.0,21.0,21.0,21.0,21.0,10.0,hold,0,0,8.4692
1788795868.5814,2026-09-07 17:44:28.581,19,e5,1,0,-0.04568,-0.51151,0.04062,-3.5087,11.4243,-24.4817,-0.1052,-0.0233,-0.54,4.05532,21.0,25.0,25.0,20.0,24.0,24.0,25.0,23.0,24.0,26.0,29.0,23.0,25.0,28.0,35.0,22.0,30.0,39.0,22.0,22.0,22.0,21.0,21.0,21.0,21.0,22.0,22.0,22.0,21.0,22.0,21.0,22.0,22.0,22.0,21.0,21.0,21.0,21.0,10.0,hold,0,0,8.4043
1788795868.6314,2026-09-07 17:44:28.631,19,e5,1,0,-0.04567,-0.51151,0.04062,-3.5323,11.7407,-24.6019,-0.1164,-0.0253,-0.5373,4.06011,21.0,25.0,25.0,20.0,24.0,24.0,25.0,23.0,24.0,26.0,29.0,23.0,25.0,28.0,35.0,22.0,30.0,39.0,22.0,22.0,22.0,21.0,21.0,21.0,21.0,22.0,22.0,22.0,21.0,22.0,21.0,22.0,22.0,22.0,21.0,21.0,21.0,21.0,10.0,hold,0,0,8.3617
1788795868.6815,2026-09-07 17:44:28.681,19,e5,1,0,-0.04567,-0.51152,0.04063,-3.5836,11.8587,-24.5437,-0.118,-0.0273,-0.5375,4.05784,24.0,24.0,25.0,21.0,24.0,23.0,25.0,22.0,24.0,26.0,28.0,22.0,25.0,28.0,36.0,21.0,30.0,39.0,22.0,22.0,22.0,21.0,21.0,21.0,21.0,22.0,22.0,22.0,21.0,22.0,21.0,22.0,22.0,22.0,21.0,21.0,21.0,21.0,10.0,hold,0,0,8.3819
1788795868.7316,2026-09-07 17:44:28.731,19,e5,1,0,-0.04566,-0.51152,0.04061,-3.5793,11.705,-24.653,-0.1161,-0.0272,-0.5415,4.05809,22.0,25.0,24.0,22.0,24.0,23.0,25.0,21.0,23.0,27.0,29.0,22.0,25.0,28.0,35.0,22.0,30.0,40.0,21.0,22.0,22.0,21.0,21.0,21.0,21.0,22.0,22.0,22.0,21.0,22.0,21.0,22.0,22.0,22.0,21.0,21.0,21.0,21.0,10.0,hold,0,0,8.3796
1788795868.7818,2026-09-07 17:44:28.781,19,e5,1,0,-0.04567,-0.51151,0.04062,-3.2462,11.5037,-24.2577,-0.1098,-0.0171,-0.5389,4.04852,22.0,25.0,24.0,22.0,24.0,23.0,25.0,21.0,23.0,27.0,29.0,22.0,25.0,28.0,35.0,22.0,30.0,40.0,21.0,22.0,22.0,21.0,21.0,21.0,21.0,22.0,22.0,22.0,21.0,22.0,21.0,22.0,22.0,22.0,21.0,21.0,21.0,21.0,10.0,hold,0,0,8.4648
1788795868.8319,2026-09-07 17:44:28.831,19,e5,1,0,-0.04565,-0.51151,0.04062,-3.1619,11.5553,-24.6347,-0.1121,-0.0171,-0.5349,4.05457,23.0,24.0,25.0,22.0,24.0,23.0,26.0,21.0,23.0,29.0,29.0,21.0,25.0,30.0,34.0,22.0,32.0,40.0,20.0,22.0,22.0,21.0,21.0,21.0,21.0,22.0,22.0,22.0,21.0,22.0,21.0,22.0,22.0,22.0,21.0,21.0,21.0,21.0,10.0,hold,0,0,8.411
1788795868.882,2026-09-07 17:44:28.881,19,e5,1,0,-0.04566,-0.5115,0.04061,-3.3882,11.5651,-24.5676,-0.1108,-0.0243,-0.5346,4.05104,23.0,24.0,25.0,22.0,24.0,23.0,26.0,21.0,23.0,29.0,29.0,21.0,25.0,30.0,34.0,22.0,32.0,40.0,20.0,22.0,22.0,21.0,21.0,21.0,21.0,22.0,22.0,22.0,21.0,22.0,21.0,22.0,22.0,22.0,21.0,21.0,21.0,21.0,10.0,hold,0,0,8.4424
1788795868.9321,2026-09-07 17:44:28.932,19,e5,1,0,-0.04565,-0.51152,0.04062,-3.3418,11.4996,-24.5075,-0.1083,-0.0209,-0.5447,4.05683,23.0,26.0,26.0,21.0,24.0,25.0,24.0,24.0,23.0,28.0,29.0,23.0,24.0,29.0,36.0,23.0,31.0,38.0,21.0,22.0,22.0,21.0,21.0,21.0,21.0,22.0,22.0,22.0,21.0,22.0,21.0,22.0,22.0,22.0,21.0,21.0,21.0,21.0,10.0,hold,0,0,8.3908
1788795868.9822,2026-09-07 17:44:28.982,19,e5,1,0,-0.04565,-0.51151,0.04061,-3.7793,11.9281,-24.4517,-0.1192,-0.0304,-0.5418,4.05331,23.0,26.0,26.0,21.0,24.0,25.0,24.0,24.0,23.0,28.0,29.0,23.0,24.0,29.0,36.0,23.0,31.0,38.0,21.0,22.0,22.0,21.0,21.0,21.0,21.0,22.0,22.0,22.0,21.0,22.0,21.0,22.0,22.0,22.0,21.0,21.0,21.0,21.0,10.0,hold,0,0,8.4222
1788795869.0322,2026-09-07 17:44:29.032,19,e5,1,0,-0.04568,-0.51152,0.04063,-3.5424,11.9811,-24.6838,-0.1226,-0.0264,-0.5389,4.05734,22.0,25.0,26.0,22.0,24.0,25.0,25.0,23.0,23.0,26.0,30.0,22.0,25.0,30.0,36.0,24.0,31.0,40.0,22.0,22.0,22.0,21.0,21.0,21.0,21.0,22.0,22.0,22.0,21.0,22.0,21.0,22.0,22.0,22.0,21.0,21.0,21.0,21.0,10.0,hold,0,0,8.3864
1788795869.0823,2026-09-07 17:44:29.082,19,e5,1,0,-0.04567,-0.51152,0.04062,-3.7451,12.0716,-24.4437,-0.1222,-0.03,-0.5383,4.06867,23.0,24.0,26.0,22.0,24.0,24.0,26.0,22.0,23.0,28.0,28.0,23.0,25.0,30.0,35.0,23.0,31.0,38.0,22.0,22.0,22.0,21.0,21.0,21.0,21.0,22.0,22.0,22.0,21.0,22.0,21.0,22.0,22.0,22.0,21.0,21.0,21.0,21.0,10.0,hold,0,0,8.2856
1788795869.1323,2026-09-07 17:44:29.132,19,e5,1,0,-0.04565,-0.5115,0.04061,-3.4981,11.3851,-24.4989,-0.1078,-0.0249,-0.544,4.06187,23.0,24.0,26.0,22.0,24.0,24.0,26.0,22.0,23.0,28.0,28.0,23.0,25.0,30.0,35.0,23.0,31.0,38.0,22.0,22.0,22.0,21.0,21.0,21.0,21.0,22.0,22.0,22.0,21.0,22.0,21.0,22.0,22.0,22.0,21.0,21.0,21.0,21.0,10.0,hold,0,0,8.346
1788795869.1824,2026-09-07 17:44:29.182,19,e5,1,0,-0.04568,-0.51153,0.04062,-3.4476,11.7046,-24.5168,-0.1128,-0.0231,-0.5367,4.06841,23.0,25.0,27.0,22.0,24.0,24.0,26.0,21.0,23.0,27.0,28.0,22.0,24.0,30.0,35.0,22.0,32.0,39.0,22.0,22.0,22.0,21.0,21.0,21.0,21.0,22.0,22.0,22.0,21.0,22.0,21.0,22.0,22.0,22.0,21.0,21.0,21.0,21.0,10.0,hold,0,0,8.2878
1788795869.2325,2026-09-07 17:44:29.232,19,e5,1,0,-0.04568,-0.51152,0.04063,-3.8277,11.511,-24.4994,-0.11,-0.0348,-0.5503,4.06615,23.0,25.0,27.0,22.0,24.0,24.0,26.0,21.0,23.0,27.0,28.0,22.0,24.0,30.0,35.0,22.0,32.0,39.0,22.0,22.0,22.0,21.0,21.0,21.0,21.0,22.0,22.0,22.0,21.0,22.0,21.0,22.0,22.0,22.0,21.0,21.0,21.0,21.0,10.0,hold,0,0,8.308
1788795869.2825,2026-09-07 17:44:29.282,19,e5,1,0,-0.04567,-0.51152,0.04063,-3.513,11.8654,-24.4399,-0.1222,-0.0272,-0.5404,4.06741,23.0,24.0,27.0,22.0,23.0,24.0,25.0,19.0,23.0,28.0,28.0,20.0,25.0,30.0,35.0,21.0,32.0,38.0,20.0,22.0,22.0,21.0,21.0,21.0,21.0,22.0,22.0,22.0,21.0,22.0,21.0,22.0,22.0,22.0,21.0,21.0,21.0,21.0,10.0,hold,0,0,8.2968
1788795869.3326,2026-09-07 17:44:29.332,19,e5,1,0,-0.04565,-0.51152,0.0406,-3.9407,11.6747,-24.4331,-0.1174,-0.0341,-0.5416,4.06514,19.0,24.0,26.0,19.0,24.0,25.0,25.0,22.0,22.0,27.0,28.0,22.0,23.0,30.0,35.0,22.0,32.0,39.0,22.0,22.0,22.0,21.0,21.0,21.0,21.0,22.0,22.0,22.0,21.0,22.0,21.0,22.0,22.0,22.0,21.0,21.0,21.0,21.0,10.0,hold,0,0,8.3169
1788795869.3826,2026-09-07 17:44:29.382,19,e5,1,0,-0.04566,-0.51152,0.04063,-3.6724,11.7779,-24.4089,-0.1184,-0.0285,-0.5417,4.07018,19.0,24.0,26.0,19.0,24.0,25.0,25.0,22.0,22.0,27.0,28.0,22.0,23.0,30.0,35.0,22.0,32.0,39.0,22.0,22.0,22.0,21.0,21.0,21.0,21.0,22.0,22.0,22.0,21.0,22.0,21.0,22.0,22.0,22.0,21.0,21.0,21.0,21.0,10.0,hold,0,0,8.2721
1788795869.4328,2026-09-07 17:44:29.432,19,e5,1,0,-0.04565,-0.51151,0.04063,-3.6216,11.594,-24.6348,-0.1101,-0.0277,-0.5361,4.06262,22.0,23.0,27.0,22.0,22.0,24.0,25.0,19.0,22.0,28.0,29.0,21.0,25.0,30.0,35.0,21.0,33.0,39.0,20.0,22.0,22.0,21.0,21.0,21.0,21.0,22.0,22.0,22.0,21.0,22.0,21.0,22.0,22.0,22.0,21.0,21.0,21.0,21.0,10.0,hold,0,0,8.3393
1788795869.4829,2026-09-07 17:44:29.482,19,e5,1,0,-0.04568,-0.51152,0.04062,-3.428,11.3821,-24.4722,-0.1024,-0.0208,-0.535,4.06791,22.0,23.0,27.0,22.0,22.0,24.0,25.0,19.0,22.0,28.0,29.0,21.0,25.0,30.0,35.0,21.0,33.0,39.0,20.0,22.0,22.0,21.0,21.0,21.0,21.0,22.0,22.0,22.0,21.0,22.0,21.0,22.0,22.0,22.0,21.0,21.0,21.0,21.0,10.0,hold,0,0,8.2923
1788795869.5331,2026-09-07 17:44:29.533,19,e5,1,0,-0.04564,-0.51153,0.04061,-3.9457,12.0831,-24.4017,-0.1244,-0.0351,-0.544,4.06413,21.0,24.0,26.0,20.0,23.0,24.0,26.0,22.0,25.0,27.0,30.0,22.0,25.0,29.0,35.0,22.0,31.0,39.0,21.0,22.0,22.0,21.0,21.0,21.0,21.0,22.0,22.0,22.0,21.0,22.0,21.0,22.0,22.0,22.0,21.0,21.0,21.0,21.0,10.0,hold,0,0,8.3259
1788795869.5832,2026-09-07 17:44:29.583,19,e5,1,0,-0.04566,-0.51152,0.04062,-3.5542,11.5961,-24.3804,-0.1112,-0.0267,-0.5445,4.07043,23.0,26.0,26.0,21.0,25.0,23.0,26.0,22.0,23.0,26.0,29.0,22.0,25.0,28.0,35.0,23.0,31.0,39.0,22.0,22.0,22.0,21.0,21.0,21.0,21.0,22.0,22.0,22.0,21.0,22.0,21.0,22.0,22.0,22.0,21.0,21.0,21.0,21.0,10.0,hold,0,0,8.2699
1788795869.6333,2026-09-07 17:44:29.633,19,e5,1,0,-0.04568,-0.51153,0.04062,-3.8663,11.6682,-24.4923,-0.114,-0.0339,-0.5458,4.0596,23.0,26.0,26.0,21.0,25.0,23.0,26.0,22.0,23.0,26.0,29.0,22.0,25.0,28.0,35.0,23.0,31.0,39.0,22.0,22.0,22.0,21.0,21.0,21.0,21.0,22.0,22.0,22.0,21.0,22.0,21.0,22.0,22.0,22.0,21.0,21.0,21.0,21.0,10.0,hold,0,0,8.3662
1788795869.6834,2026-09-07 17:44:29.683,19,e5,1,0,-0.04565,-0.51152,0.04062,-3.4506,11.8531,-24.5727,-0.1193,-0.0261,-0.5348,4.0669,23.0,26.0,25.0,22.0,25.0,23.0,26.0,21.0,23.0,28.0,28.0,22.0,25.0,30.0,35.0,23.0,32.0,38.0,22.0,22.0,22.0,21.0,21.0,21.0,21.0,22.0,22.0,22.0,21.0,22.0,21.0,22.0,22.0,22.0,21.0,21.0,21.0,21.0,10.0,hold,0,0,8.3012
1788795869.7336,2026-09-07 17:44:29.733,19,e5,1,0,-0.04566,-0.51151,0.04061,-3.3904,11.701,-24.5834,-0.1145,-0.0221,-0.541,4.06992,23.0,26.0,25.0,22.0,25.0,23.0,26.0,21.0,23.0,28.0,28.0,22.0,25.0,30.0,35.0,23.0,32.0,38.0,22.0,22.0,22.0,21.0,21.0,21.0,21.0,22.0,22.0,22.0,21.0,22.0,21.0,22.0,22.0,22.0,21.0,21.0,21.0,21.0,10.0,hold,0,0,8.2744
1788795869.7837,2026-09-07 17:44:29.783,19,e5,1,0,-0.04567,-0.51153,0.04063,-3.5642,11.6376,-24.3919,-0.1105,-0.0266,-0.5371,4.07295,22.0,26.0,26.0,21.0,24.0,24.0,25.0,21.0,23.0,26.0,29.0,22.0,25.0,28.0,35.0,22.0,29.0,38.0,22.0,22.0,22.0,21.0,21.0,21.0,21.0,22.0,22.0,22.0,21.0,22.0,21.0,22.0,22.0,22.0,21.0,21.0,21.0,21.0,10.0,hold,0,0,8.2475
1788795869.8337,2026-09-07 17:44:29.833,19,e5,1,0,-0.04566,-0.51151,0.04061,-3.4804,11.3636,-24.3879,-0.1059,-0.0256,-0.5386,4.06439,22.0,24.0,24.0,21.0,22.0,23.0,26.0,19.0,22.0,27.0,28.0,19.0,25.0,30.0,35.0,20.0,31.0,38.0,20.0,22.0,22.0,21.0,21.0,21.0,21.0,22.0,22.0,22.0,21.0,22.0,21.0,22.0,22.0,22.0,21.0,21.0,21.0,21.0,10.0,hold,0,0,8.3236
1788795869.8838,2026-09-07 17:44:29.883,19,e5,1,0,-0.04567,-0.51151,0.04062,-3.6038,11.3945,-24.4063,-0.1055,-0.0256,-0.5408,4.07345,22.0,24.0,24.0,21.0,22.0,23.0,26.0,19.0,22.0,27.0,28.0,19.0,25.0,30.0,35.0,20.0,31.0,38.0,20.0,22.0,22.0,21.0,21.0,21.0,21.0,22.0,22.0,22.0,21.0,22.0,21.0,22.0,22.0,22.0,21.0,21.0,21.0,21.0,10.0,hold,0,0,8.243
1788795869.934,2026-09-07 17:44:29.933,19,e5,1,0,-0.04567,-0.51152,0.04062,-4.0095,11.9134,-24.3973,-0.1191,-0.0375,-0.5468,4.06464,20.0,25.0,26.0,19.0,22.0,25.0,24.0,22.0,23.0,28.0,30.0,24.0,25.0,29.0,35.0,22.0,31.0,39.0,22.0,22.0,22.0,21.0,21.0,21.0,21.0,22.0,22.0,22.0,21.0,22.0,21.0,22.0,22.0,22.0,21.0,21.0,21.0,21.0,10.0,hold,0,0,8.3214
1788795869.9841,2026-09-07 17:44:29.984,19,e5,1,0,-0.04568,-0.51152,0.04063,-3.6333,11.062,-24.4592,-0.1001,-0.0278,-0.538,4.07194,20.0,25.0,26.0,19.0,22.0,25.0,24.0,22.0,23.0,28.0,30.0,24.0,25.0,29.0,35.0,22.0,31.0,39.0,22.0,22.0,22.0,21.0,21.0,21.0,21.0,22.0,22.0,22.0,21.0,22.0,21.0,22.0,22.0,22.0,21.0,21.0,21.0,21.0,10.0,hold,0,0,8.2564
1788795870.0342,2026-09-07 17:44:30.034,19,e5,1,0,-0.04566,-0.51151,0.04061,-3.5515,11.6585,-24.3476,-0.1131,-0.026,-0.5361,4.06464,22.0,24.0,27.0,23.0,23.0,25.0,26.0,21.0,23.0,28.0,27.0,21.0,25.0,30.0,34.0,23.0,32.0,39.0,22.0,22.0,22.0,21.0,21.0,21.0,21.0,22.0,22.0,22.0,21.0,22.0,21.0,22.0,22.0,22.0,21.0,21.0,21.0,21.0,10.0,hold,0,0,8.3214
1788795870.0844,2026-09-07 17:44:30.084,19,e5,1,0,-0.04567,-0.51151,0.04062,-3.6117,11.6795,-24.427,-0.1144,-0.0275,-0.5407,4.06464,22.0,24.0,27.0,23.0,23.0,25.0,26.0,21.0,23.0,28.0,27.0,21.0,25.0,30.0,34.0,23.0,32.0,39.0,22.0,22.0,22.0,21.0,21.0,21.0,21.0,22.0,22.0,22.0,21.0,22.0,21.0,22.0,22.0,22.0,21.0,21.0,21.0,21.0,10.0,hold,0,0,8.3214
1788795870.1345,2026-09-07 17:44:30.134,19,e5,1,0,-0.04566,-0.51153,0.04063,-3.7511,11.7546,-24.4834,-0.1152,-0.0327,-0.5456,4.07068,21.0,23.0,27.0,21.0,21.0,25.0,24.0,21.0,26.0,29.0,29.0,22.0,25.0,30.0,35.0,22.0,32.0,38.0,22.0,22.0,22.0,21.0,21.0,21.0,21.0,22.0,22.0,22.0,21.0,22.0,21.0,22.0,22.0,22.0,21.0,21.0,21.0,21.0,10.0,hold,0,0,8.2676
1788795870.1846,2026-09-07 17:44:30.184,19,e5,1,0,-0.04565,-0.51152,0.04062,-3.8167,11.5946,-24.6778,-0.1088,-0.0318,-0.5413,4.06464,23.0,26.0,26.0,21.0,24.0,25.0,24.0,22.0,23.0,25.0,28.0,23.0,25.0,28.0,35.0,23.0,31.0,38.0,23.0,22.0,22.0,21.0,21.0,21.0,21.0,22.0,22.0,22.0,21.0,22.0,21.0,22.0,22.0,22.0,21.0,21.0,21.0,21.0,10.0,hold,0,0,8.3214
1788795870.2347,2026-09-07 17:44:30.234,19,e5,1,0,-0.04566,-0.51152,0.04062,-3.6579,11.6236,-24.6699,-0.113,-0.0264,-0.5372,4.07446,23.0,26.0,26.0,21.0,24.0,25.0,24.0,22.0,23.0,25.0,28.0,23.0,25.0,28.0,35.0,23.0,31.0,38.0,23.0,22.0,22.0,21.0,21.0,21.0,21.0,22.0,22.0,22.0,21.0,22.0,21.0,22.0,22.0,22.0,21.0,21.0,21.0,21.0,10.0,hold,0,0,8.234
1788795870.2848,2026-09-07 17:44:30.284,19,e5,1,0,-0.04565,-0.51151,0.04062,-3.7339,11.5555,-24.623,-0.1083,-0.0322,-0.5372,4.05985,24.0,26.0,25.0,21.0,24.0,23.0,25.0,19.0,24.0,28.0,29.0,19.0,25.0,31.0,36.0,20.0,33.0,41.0,19.0,22.0,22.0,21.0,21.0,21.0,21.0,22.0,22.0,22.0,21.0,22.0,21.0,22.0,22.0,22.0,21.0,21.0,21.0,21.0,10.0,hold,0,0,8.364
1788795870.3349,2026-09-07 17:44:30.334,19,e5,1,0,-0.04565,-0.51152,0.04061,-3.9056,11.9746,-24.4576,-0.1203,-0.0383,-0.5485,4.07723,24.0,26.0,25.0,21.0,24.0,23.0,25.0,19.0,24.0,28.0,29.0,19.0,25.0,31.0,36.0,20.0,33.0,41.0,19.0,22.0,22.0,21.0,21.0,21.0,21.0,22.0,22.0,22.0,21.0,22.0,21.0,22.0,22.0,22.0,21.0,21.0,21.0,21.0,10.0,hold,0,0,8.2094
1788795870.385,2026-09-07 17:44:30.385,19,e5,1,0,-0.04566,-0.51151,0.04061,-3.4631,11.578,-24.6808,-0.1125,-0.0207,-0.5401,4.07269,22.0,23.0,27.0,21.0,23.0,26.0,26.0,22.0,24.0,28.0,28.0,23.0,26.0,31.0,35.0,22.0,31.0,38.0,22.0,22.0,22.0,21.0,21.0,21.0,21.0,22.0,22.0,22.0,21.0,22.0,21.0,22.0,22.0,22.0,21.0,21.0,21.0,21.0,10.0,hold,0,0,8.2497
1788795870.4351,2026-09-07 17:44:30.435,19,e5,1,0,-0.04567,-0.51153,0.04064,-3.674,11.283,-24.4929,-0.1033,-0.0281,-0.5405,4.06816,22.0,24.0,28.0,23.0,25.0,27.0,24.0,23.0,26.0,28.0,29.0,22.0,26.0,30.0,36.0,24.0,32.0,40.0,22.0,22.0,22.0,21.0,21.0,21.0,21.0,22.0,22.0,22.0,21.0,22.0,21.0,22.0,22.0,22.0,21.0,21.0,21.0,21.0,10.0,hold,0,0,8.29
1788795870.4852,2026-09-07 17:44:30.485,19,e5,1,0,-0.04565,-0.51153,0.04063,-3.6844,11.7871,-24.5358,-0.1162,-0.0301,-0.5431,4.07899,22.0,24.0,28.0,23.0,25.0,27.0,24.0,23.0,26.0,28.0,29.0,22.0,26.0,30.0,36.0,24.0,32.0,40.0,22.0,22.0,22.0,21.0,21.0,21.0,21.0,22.0,22.0,22.0,21.0,22.0,21.0,22.0,22.0,22.0,21.0,21.0,21.0,21.0,10.0,hold,0,0,8.1937
1788795870.5353,2026-09-07 17:44:30.535,19,e5,1,0,-0.04567,-0.51152,0.04063,-3.4488,11.9501,-24.5189,-0.1197,-0.0239,-0.5348,4.06917,23.0,26.0,26.0,22.0,25.0,25.0,25.0,20.0,25.0,28.0,28.0,20.0,26.0,30.0,36.0,21.0,31.0,38.0,21.0,22.0,22.0,21.0,21.0,21.0,21.0,22.0,22.0,22.0,21.0,22.0,21.0,22.0,22.0,22.0,21.0,21.0,21.0,21.0,10.0,hold,0,0,8.2811
1788795870.5854,2026-09-07 17:44:30.585,19,e5,1,0,-0.04565,-0.51151,0.04061,-3.6452,11.8716,-24.6817,-0.1174,-0.0308,-0.5358,4.07874,23.0,26.0,26.0,22.0,25.0,25.0,25.0,20.0,25.0,28.0,28.0,20.0,26.0,30.0,36.0,21.0,31.0,38.0,21.0,22.0,22.0,21.0,21.0,21.0,21.0,22.0,22.0,22.0,21.0,22.0,21.0,22.0,22.0,22.0,21.0,21.0,21.0,21.0,10.0,hold,0,0,8.196
1788795870.6355,2026-09-07 17:44:30.635,19,e5,1,0,-0.04568,-0.51152,0.04063,-3.3289,11.4969,-24.865,-0.1099,-0.0218,-0.5298,4.07672,20.0,25.0,26.0,20.0,24.0,25.0,24.0,21.0,24.0,28.0,27.0,20.0,25.0,30.0,34.0,21.0,31.0,38.0,20.0,22.0,22.0,21.0,21.0,21.0,21.0,22.0,22.0,22.0,21.0,22.0,21.0,22.0,22.0,22.0,21.0,21.0,21.0,21.0,10.0,hold,0,0,8.2139
1788795870.6856,2026-09-07 17:44:30.685,19,e5,0,0,-0.04565,-0.51152,0.04062,-4.0071,11.5482,-24.7394,-0.1099,-0.0371,-0.5418,4.07697,20.0,25.0,26.0,20.0,25.0,25.0,25.0,21.0,25.0,28.0,29.0,21.0,25.0,31.0,35.0,22.0,32.0,40.0,21.0,22.0,22.0,21.0,21.0,21.0,21.0,22.0,22.0,22.0,21.0,22.0,21.0,22.0,22.0,22.0,21.0,21.0,21.0,21.0,10.0,retract,0,0,8.2116
1788795870.7357,2026-09-07 17:44:30.735,19,e5,0,0,-0.04567,-0.51153,0.04067,-3.8344,11.6417,-24.6447,-0.1133,-0.032,-0.5373,4.07798,20.0,25.0,26.0,20.0,25.0,25.0,25.0,21.0,25.0,28.0,29.0,21.0,25.0,31.0,35.0,22.0,32.0,40.0,21.0,22.0,22.0,21.0,21.0,21.0,21.0,22.0,22.0,22.0,21.0,22.0,21.0,22.0,22.0,22.0,21.0,21.0,21.0,21.0,10.0,retract,0,0,8.2027
1788795870.7857,2026-09-07 17:44:30.785,19,e5,0,0,-0.04567,-0.51152,0.04067,-3.7474,11.6568,-24.6662,-0.1131,-0.0327,-0.5483,4.09636,21.0,25.0,26.0,20.0,24.0,25.0,24.0,22.0,22.0,29.0,29.0,21.0,25.0,31.0,35.0,22.0,32.0,38.0,22.0,22.0,22.0,21.0,21.0,21.0,21.0,22.0,22.0,22.0,21.0,22.0,21.0,22.0,22.0,22.0,21.0,21.0,21.0,21.0,10.0,retract,0,0,8.0392
1788795870.8359,2026-09-07 17:44:30.835,19,e5,0,0,-0.04567,-0.51152,0.04076,-4.0011,11.906,-24.5917,-0.1205,-0.0378,-0.5504,4.12305,21.0,25.0,26.0,20.0,24.0,25.0,24.0,22.0,22.0,29.0,29.0,21.0,25.0,31.0,35.0,22.0,32.0,38.0,22.0,22.0,22.0,21.0,21.0,21.0,21.0,22.0,22.0,22.0,21.0,22.0,21.0,22.0,22.0,22.0,21.0,21.0,21.0,21.0,10.0,retract,0,0,7.8017
1788795870.886,2026-09-07 17:44:30.886,19,e5,0,0,-0.04566,-0.5115,0.04085,-3.8342,11.5872,-24.8446,-0.1121,-0.0301,-0.5456,4.15351,24.0,24.0,27.0,22.0,22.0,24.0,26.0,21.0,24.0,29.0,30.0,22.0,25.0,31.0,35.0,22.0,33.0,39.0,22.0,22.0,22.0,21.0,21.0,21.0,21.0,22.0,22.0,22.0,21.0,22.0,21.0,22.0,22.0,22.0,21.0,21.0,21.0,21.0,10.0,retract,0,0,7.5307
1788795870.9361,2026-09-07 17:44:30.936,19,e5,0,0,-0.04565,-0.51149,0.04102,-3.6755,11.3775,-25.066,-0.1089,-0.0233,-0.5342,4.22023,22.0,24.0,28.0,21.0,24.0,25.0,26.0,22.0,23.0,29.0,28.0,22.0,25.0,30.0,35.0,21.0,33.0,39.0,21.0,22.0,22.0,21.0,21.0,21.0,21.0,22.0,22.0,22.0,21.0,22.0,21.0,22.0,22.0,22.0,21.0,21.0,21.0,21.0,10.0,retract,0,0,6.9371
1788795870.9862,2026-09-07 17:44:30.986,19,e5,0,0,-0.04566,-0.5115,0.04123,-3.8121,12.0014,-25.3381,-0.1222,-0.0273,-0.5439,4.27361,22.0,24.0,28.0,21.0,24.0,25.0,26.0,22.0,23.0,29.0,28.0,22.0,25.0,30.0,35.0,21.0,33.0,39.0,21.0,22.0,22.0,21.0,21.0,21.0,21.0,22.0,22.0,22.0,21.0,22.0,21.0,22.0,22.0,22.0,21.0,21.0,21.0,21.0,10.0,retract,0,0,6.4623
1788795871.0363,2026-09-07 17:44:31.036,19,e5,0,0,-0.04567,-0.5115,0.04145,-4.1117,11.8538,-25.569,-0.1186,-0.0269,-0.5437,4.3285,22.0,24.0,27.0,21.0,23.0,26.0,25.0,20.0,25.0,28.0,29.0,21.0,25.0,31.0,35.0,22.0,33.0,39.0,21.0,22.0,22.0,21.0,21.0,21.0,21.0,22.0,22.0,22.0,21.0,22.0,21.0,22.0,22.0,22.0,21.0,21.0,21.0,21.0,10.0,retract,0,0,5.974
1788795871.0864,2026-09-07 17:44:31.086,19,e5,0,0,-0.04566,-0.51149,0.04168,-3.8594,11.6969,-25.6611,-0.1142,-0.0171,-0.5452,4.36375,22.0,24.0,27.0,21.0,23.0,26.0,25.0,20.0,25.0,28.0,29.0,21.0,25.0,31.0,35.0,22.0,33.0,39.0,21.0,22.0,22.0,21.0,21.0,21.0,21.0,22.0,22.0,22.0,21.0,22.0,21.0,22.0,22.0,22.0,21.0,21.0,21.0,21.0,10.0,retract,0,0,5.6604
1788795871.1365,2026-09-07 17:44:31.136,19,e5,0,0,-0.04567,-0.5115,0.04199,-3.7893,11.3489,-26.1062,-0.1076,-0.0148,-0.5408,4.42744,22.0,25.0,27.0,20.0,24.0,25.0,23.0,19.0,23.0,28.0,29.0,20.0,25.0,30.0,35.0,20.0,31.0,37.0,20.0,22.0,22.0,21.0,21.0,21.0,21.0,22.0,22.0,22.0,21.0,22.0,21.0,22.0,22.0,22.0,21.0,21.0,21.0,21.0,10.0,retract,0,0,5.0937
1788795871.1866,2026-09-07 17:44:31.186,19,e5,0,0,-0.04564,-0.51149,0.04232,-4.128,11.5204,-26.0744,-0.1125,-0.0154,-0.5415,4.47654,22.0,25.0,27.0,20.0,24.0,25.0,23.0,19.0,23.0,28.0,29.0,20.0,25.0,30.0,35.0,20.0,31.0,37.0,20.0,22.0,22.0,21.0,21.0,21.0,21.0,22.0,22.0,22.0,21.0,22.0,21.0,22.0,22.0,22.0,21.0,21.0,21.0,21.0,10.0,retract,0,0,4.6569
1788795871.2368,2026-09-07 17:44:31.236,19,e5,0,0,-0.04565,-0.51146,0.04261,-4.28,12.1707,-26.1565,-0.1284,-0.0181,-0.5468,4.53369,21.0,26.0,27.0,20.0,24.0,26.0,26.0,22.0,23.0,28.0,30.0,22.0,25.0,29.0,36.0,22.0,31.0,38.0,20.0,22.0,22.0,21.0,21.0,21.0,21.0,22.0,22.0,22.0,21.0,22.0,21.0,22.0,22.0,22.0,21.0,21.0,21.0,21.0,10.0,retract,0,0,4.1485
1788795871.2869,2026-09-07 17:44:31.286,19,e5,0,0,-0.04567,-0.51148,0.04297,-4.1342,11.6421,-26.4321,-0.1168,-0.0111,-0.5404,4.56768,22.0,24.0,26.0,21.0,23.0,25.0,26.0,21.0,24.0,28.0,27.0,21.0,24.0,29.0,32.0,21.0,31.0,36.0,21.0,22.0,22.0,21.0,21.0,21.0,21.0,22.0,22.0,22.0,21.0,22.0,21.0,22.0,22.0,22.0,21.0,21.0,21.0,21.0,10.0,retract,0,0,3.8461
1788795871.337,2026-09-07 17:44:31.337,19,e5,0,0,-0.04567,-0.5115,0.04332,-4.1246,11.3024,-26.5782,-0.1049,-0.0083,-0.5403,4.61829,22.0,24.0,26.0,21.0,23.0,25.0,26.0,21.0,24.0,28.0,27.0,21.0,24.0,29.0,32.0,21.0,31.0,36.0,21.0,22.0,22.0,21.0,21.0,21.0,21.0,22.0,22.0,22.0,21.0,22.0,21.0,22.0,22.0,22.0,21.0,21.0,21.0,21.0,10.0,retract,0,0,3.3959
1788795871.388,2026-09-07 17:44:31.387,19,e5,0,0,-0.04568,-0.5115,0.04361,-4.576,11.7091,-26.7066,-0.1168,-0.0175,-0.5438,4.648,20.0,24.0,27.0,21.0,23.0,25.0,25.0,21.0,23.0,28.0,27.0,21.0,24.0,29.0,31.0,21.0,30.0,32.0,20.0,22.0,22.0,21.0,21.0,21.0,21.0,22.0,22.0,22.0,21.0,22.0,21.0,22.0,22.0,22.0,21.0,21.0,21.0,21.0,10.0,retract,0,0,3.1316
1788795871.438,2026-09-07 17:44:31.438,19,e5,0,0,-0.04567,-0.51149,0.04395,-4.6097,11.8966,-26.5906,-0.1186,-0.0147,-0.546,4.67166,20.0,24.0,27.0,21.0,23.0,25.0,25.0,21.0,23.0,28.0,27.0,21.0,24.0,29.0,31.0,21.0,30.0,32.0,20.0,22.0,22.0,21.0,21.0,21.0,21.0,22.0,22.0,22.0,21.0,22.0,21.0,22.0,22.0,22.0,21.0,21.0,21.0,21.0,10.0,retract,0,0,2.921
1788795871.4881,2026-09-07 17:44:31.488,19,e5,0,0,-0.04566,-0.51148,0.04426,-4.8496,12.1094,-26.657,-0.1209,-0.0162,-0.5416,4.69483,22.0,24.0,27.0,21.0,23.0,25.0,24.0,18.0,22.0,26.0,27.0,18.0,24.0,27.0,32.0,17.0,29.0,33.0,19.0,22.0,22.0,21.0,21.0,21.0,21.0,22.0,22.0,22.0,21.0,22.0,21.0,22.0,22.0,22.0,21.0,21.0,21.0,21.0,10.0,retract,0,0,2.7149
1788795871.5383,2026-09-07 17:44:31.538,19,e5,0,0,-0.04566,-0.51147,0.0446,-4.686,11.7318,-26.8691,-0.112,-0.0087,-0.5375,4.69332,20.0,22.0,25.0,18.0,21.0,24.0,25.0,21.0,23.0,27.0,26.0,22.0,24.0,28.0,29.0,21.0,29.0,30.0,22.0,22.0,22.0,21.0,21.0,21.0,21.0,22.0,22.0,22.0,21.0,22.0,21.0,22.0,22.0,22.0,21.0,21.0,21.0,21.0,10.0,retract,0,0,2.7284
1788795871.5883,2026-09-07 17:44:31.588,19,e5,0,0,-0.04568,-0.51149,0.04498,-4.6129,11.9457,-26.8956,-0.122,-0.0065,-0.5393,4.68123,20.0,22.0,25.0,18.0,21.0,24.0,25.0,21.0,23.0,27.0,26.0,22.0,24.0,28.0,29.0,21.0,29.0,30.0,22.0,22.0,22.0,21.0,21.0,21.0,21.0,22.0,22.0,22.0,21.0,22.0,21.0,22.0,22.0,22.0,21.0,21.0,21.0,21.0,10.0,retract,0,0,2.8359
1788795871.6385,2026-09-07 17:44:31.638,19,e5,0,0,-0.04568,-0.51149,0.04532,-4.5932,11.757,-26.9338,-0.1143,-0.0044,-0.5431,4.69306,22.0,24.0,25.0,20.0,24.0,25.0,23.0,20.0,24.0,25.0,27.0,20.0,25.0,26.0,30.0,20.0,28.0,30.0,20.0,22.0,22.0,21.0,21.0,21.0,21.0,22.0,22.0,22.0,21.0,22.0,21.0,22.0,22.0,22.0,21.0,21.0,21.0,21.0,10.0,retract,0,0,2.7306
1788795871.6886,2026-09-07 17:44:31.688,19,e5,0,0,-0.04565,-0.5115,0.04564,-4.5612,11.731,-26.6216,-0.1148,-0.0037,-0.5463,4.68853,22.0,24.0,25.0,20.0,24.0,25.0,23.0,20.0,24.0,25.0,27.0,20.0,25.0,26.0,30.0,20.0,28.0,30.0,20.0,22.0,22.0,21.0,21.0,21.0,21.0,22.0,22.0,22.0,21.0,22.0,21.0,22.0,22.0,22.0,21.0,21.0,21.0,21.0,10.0,retract,0,0,2.7709
1788795871.7387,2026-09-07 17:44:31.738,19,e5,0,0,-0.04566,-0.51151,0.046,-4.7738,11.8364,-26.8534,-0.1182,-0.0122,-0.546,4.69155,21.0,25.0,25.0,19.0,24.0,23.0,25.0,21.0,21.0,26.0,26.0,21.0,23.0,26.0,30.0,22.0,28.0,30.0,21.0,22.0,22.0,21.0,21.0,21.0,21.0,22.0,22.0,22.0,21.0,22.0,21.0,22.0,22.0,22.0,21.0,21.0,21.0,21.0,10.0,retract,0,0,2.7441
1788795871.7888,2026-09-07 17:44:31.788,19,e5,0,0,-0.04565,-0.51149,0.04631,-4.7789,12.2175,-26.8593,-0.1259,-0.0102,-0.5398,4.69886,22.0,24.0,24.0,21.0,22.0,22.0,23.0,22.0,22.0,26.0,26.0,22.0,23.0,28.0,27.0,23.0,30.0,28.0,22.0,22.0,22.0,21.0,21.0,21.0,21.0,22.0,22.0,22.0,21.0,22.0,21.0,22.0,22.0,22.0,21.0,21.0,21.0,21.0,10.0,retract,0,0,2.6791
1788795871.8389,2026-09-07 17:44:31.838,19,e5,0,0,-0.04569,-0.51149,0.04664,-4.3023,11.4907,-26.9384,-0.1089,0.0021,-0.5398,4.69735,22.0,24.0,24.0,21.0,22.0,22.0,23.0,22.0,22.0,26.0,26.0,22.0,23.0,28.0,27.0,23.0,30.0,28.0,22.0,22.0,22.0,21.0,21.0,21.0,21.0,22.0,22.0,22.0,21.0,22.0,21.0,22.0,22.0,22.0,21.0,21.0,21.0,21.0,10.0,retract,0,0,2.6925
1788795871.8889,2026-09-07 17:44:31.888,19,e5,0,0,-0.04565,-0.51149,0.04696,-4.7424,11.7948,-26.8681,-0.1163,-0.011,-0.5499,4.68627,23.0,23.0,26.0,22.0,22.0,25.0,24.0,22.0,21.0,27.0,24.0,22.0,22.0,27.0,26.0,23.0,28.0,26.0,20.0,22.0,22.0,21.0,21.0,21.0,21.0,22.0,22.0,22.0,21.0,22.0,21.0,22.0,22.0,22.0,21.0,21.0,21.0,21.0,10.0,retract,0,0,2.7911
1788795871.9391,2026-09-07 17:44:31.939,19,e5,0,0,-0.04566,-0.5115,0.04732,-4.5956,11.7873,-26.8773,-0.1148,-0.008,-0.5469,4.69609,23.0,23.0,26.0,22.0,22.0,25.0,24.0,22.0,21.0,27.0,24.0,22.0,22.0,27.0,26.0,23.0,28.0,26.0,20.0,22.0,22.0,21.0,21.0,21.0,21.0,22.0,22.0,22.0,21.0,22.0,21.0,22.0,22.0,22.0,21.0,21.0,21.0,21.0,10.0,retract,0,0,2.7037
1788795871.9892,2026-09-07 17:44:31.989,19,e5,0,0,-0.04566,-0.51151,0.04765,-4.7609,12.0679,-26.8936,-0.1215,-0.0094,-0.5467,4.69281,23.0,23.0,25.0,21.0,22.0,24.0,23.0,19.0,23.0,26.0,25.0,19.0,24.0,27.0,26.0,20.0,27.0,27.0,18.0,22.0,22.0,21.0,21.0,21.0,21.0,22.0,22.0,22.0,21.0,22.0,21.0,22.0,22.0,22.0,21.0,21.0,21.0,21.0,10.0,retract,0,0,2.7329
1788795872.0393,2026-09-07 17:44:32.039,19,e5,0,0,-0.04566,-0.51151,0.04799,-4.6739,11.7499,-27.0044,-0.1147,-0.0063,-0.544,4.70389,21.0,25.0,24.0,19.0,24.0,23.0,23.0,22.0,23.0,26.0,25.0,22.0,23.0,26.0,26.0,23.0,26.0,27.0,22.0,22.0,22.0,21.0,21.0,21.0,21.0,22.0,22.0,22.0,21.0,22.0,21.0,22.0,22.0,22.0,21.0,21.0,21.0,21.0,10.0,retract,0,0,2.6343
1788795872.0894,2026-09-07 17:44:32.089,19,e5,0,0,-0.04566,-0.51151,0.04831,-4.5256,11.948,-26.919,-0.1194,-0.0076,-0.5419,4.69004,21.0,25.0,24.0,19.0,24.0,23.0,23.0,22.0,23.0,26.0,25.0,22.0,23.0,26.0,26.0,23.0,26.0,27.0,22.0,22.0,22.0,21.0,21.0,21.0,21.0,22.0,22.0,22.0,21.0,22.0,21.0,22.0,22.0,22.0,21.0,21.0,21.0,21.0,10.0,retract,0,0,2.7575
1788795872.1395,2026-09-07 17:44:32.139,19,e5,0,0,-0.04566,-0.51149,0.04863,-4.4616,11.4237,-26.7618,-0.111,-0.0042,-0.547,4.6986,22.0,23.0,24.0,20.0,21.0,22.0,24.0,22.0,22.0,25.0,25.0,22.0,23.0,25.0,27.0,23.0,26.0,28.0,22.0,22.0,22.0,21.0,21.0,21.0,21.0,22.0,22.0,22.0,21.0,22.0,21.0,22.0,22.0,22.0,21.0,21.0,21.0,21.0,10.0,retract,0,0,2.6813
1788795872.1896,2026-09-07 17:44:32.189,19,e5,0,0,-0.04566,-0.51149,0.04896,-4.0566,11.3426,-27.0671,-0.1073,0.0047,-0.5376,4.68879,22.0,23.0,24.0,20.0,21.0,22.0,24.0,22.0,22.0,25.0,25.0,22.0,23.0,25.0,27.0,23.0,26.0,28.0,22.0,22.0,22.0,21.0,21.0,21.0,21.0,22.0,22.0,22.0,21.0,22.0,21.0,22.0,22.0,22.0,21.0,21.0,21.0,21.0,10.0,retract,0,0,2.7687
1788795872.2397,2026-09-07 17:44:32.239,19,e5,0,0,-0.04567,-0.5115,0.04927,-4.4275,11.5896,-27.0798,-0.1134,0.0007,-0.5386,4.70062,21.0,24.0,25.0,21.0,22.0,23.0,24.0,20.0,22.0,24.0,26.0,20.0,23.0,26.0,28.0,20.0,26.0,28.0,19.0,22.0,22.0,21.0,21.0,21.0,21.0,22.0,22.0,22.0,21.0,22.0,21.0,22.0,22.0,22.0,21.0,21.0,21.0,21.0,10.0,retract,0,0,2.6634
1788795872.2899,2026-09-07 17:44:32.289,19,e5,0,0,-0.04566,-0.5115,0.04957,-4.3193,11.5057,-26.8365,-0.109,0.0002,-0.5387,4.69105,21.0,24.0,25.0,21.0,22.0,23.0,24.0,20.0,22.0,24.0,26.0,20.0,23.0,26.0,28.0,20.0,26.0,28.0,19.0,22.0,22.0,21.0,21.0,21.0,21.0,22.0,22.0,22.0,21.0,22.0,21.0,22.0,22.0,22.0,21.0,21.0,21.0,21.0,10.0,retract,0,0,2.7485
1788795872.34,2026-09-07 17:44:32.340,19,e5,0,0,-0.04567,-0.5115,0.04982,-4.5151,11.8511,-26.714,-0.1152,-0.0064,-0.5437,4.69332,21.0,24.0,24.0,20.0,23.0,22.0,25.0,21.0,22.0,25.0,25.0,22.0,24.0,26.0,25.0,22.0,26.0,27.0,21.0,22.0,22.0,21.0,21.0,21.0,21.0,22.0,22.0,22.0,21.0,22.0,21.0,22.0,22.0,22.0,21.0,21.0,21.0,21.0,10.0,retract,0,0,2.7284
1788795872.3901,2026-09-07 17:44:32.390,19,e5,0,0,-0.04566,-0.5115,0.05003,-4.5667,11.4351,-26.9076,-0.1062,-0.0073,-0.5429,4.684,21.0,24.0,23.0,21.0,23.0,22.0,24.0,20.0,22.0,25.0,25.0,21.0,24.0,26.0,25.0,21.0,26.0,26.0,21.0,22.0,22.0,21.0,21.0,21.0,21.0,22.0,22.0,22.0,21.0,22.0,21.0,22.0,22.0,22.0,21.0,21.0,21.0,21.0,10.0,retract,0,0,2.8113
1788795872.4402,2026-09-07 17:44:32.440,19,e5,0,0,-0.04566,-0.5115,0.05019,-4.3226,11.8555,-27.008,-0.1137,0.0006,-0.5467,4.69986,21.0,24.0,23.0,21.0,23.0,22.0,24.0,20.0,22.0,25.0,25.0,21.0,24.0,26.0,25.0,21.0,26.0,26.0,21.0,22.0,22.0,21.0,21.0,21.0,21.0,22.0,22.0,22.0,21.0,22.0,21.0,22.0,22.0,22.0,21.0,21.0,21.0,21.0,10.0,retract,0,0,2.6701
1788795872.4902,2026-09-07 17:44:32.490,19,e5,0,0,-0.04566,-0.51149,0.0503,-4.7247,11.8361,-26.8098,-0.1155,-0.0115,-0.5445,4.70742,21.0,23.0,24.0,21.0,22.0,23.0,23.0,23.0,23.0,24.0,24.0,23.0,24.0,25.0,25.0,24.0,25.0,25.0,24.0,22.0,22.0,21.0,21.0,21.0,21.0,22.0,22.0,22.0,21.0,22.0,21.0,22.0,22.0,22.0,21.0,21.0,21.0,21.0,10.0,retract,0,0,2.603
1788795872.5403,2026-09-07 17:44:32.540,19,e5,0,0,-0.04564,-0.5115,0.0504,-4.6468,12.0313,-26.8191,-0.122,-0.0084,-0.5473,4.69382,21.0,23.0,24.0,21.0,22.0,23.0,23.0,23.0,23.0,24.0,24.0,23.0,24.0,25.0,25.0,24.0,25.0,25.0,24.0,22.0,22.0,21.0,21.0,21.0,21.0,22.0,22.0,22.0,21.0,22.0,21.0,22.0,22.0,22.0,21.0,21.0,21.0,21.0,10.0,retract,0,0,2.7239
1788795872.5905,2026-09-07 17:44:32.590,19,e5,0,0,-0.04566,-0.51149,0.05048,-4.5823,11.6992,-26.8222,-0.1157,-0.0072,-0.5425,4.6986,23.0,25.0,25.0,21.0,23.0,22.0,22.0,21.0,21.0,25.0,25.0,22.0,23.0,25.0,25.0,22.0,26.0,25.0,19.0,22.0,22.0,21.0,21.0,21.0,21.0,22.0,22.0,22.0,21.0,22.0,21.0,22.0,22.0,22.0,21.0,21.0,21.0,21.0,10.0,retract,0,0,2.6813
1788795872.6405,2026-09-07 17:44:32.640,19,e5,0,0,-0.04564,-0.51149,0.05053,-4.1768,11.4458,-27.0026,-0.1097,0.0044,-0.5426,4.69332,21.0,24.0,24.0,20.0,21.0,22.0,23.0,21.0,23.0,27.0,24.0,20.0,24.0,26.0,25.0,22.0,27.0,26.0,20.0,22.0,22.0,21.0,21.0,21.0,21.0,22.0,22.0,22.0,21.0,22.0,21.0,22.0,22.0,22.0,21.0,21.0,21.0,21.0,10.0,retract,0,0,2.7284
1788795872.6906,2026-09-07 17:44:32.690,19,e5,0,0,-0.04565,-0.51151,0.05057,-4.6518,11.9996,-26.8774,-0.1185,-0.0111,-0.5452,4.69709,21.0,24.0,24.0,20.0,21.0,22.0,23.0,21.0,23.0,27.0,24.0,20.0,24.0,26.0,25.0,22.0,27.0,26.0,20.0,22.0,22.0,21.0,21.0,21.0,21.0,22.0,22.0,22.0,21.0,22.0,21.0,22.0,22.0,22.0,21.0,21.0,21.0,21.0,10.0,post,0,0,2.6948
1788795872.7408,2026-09-07 17:44:32.740,19,e5,0,0,-0.04566,-0.5115,0.05058,-4.17,11.4206,-27.0996,-0.1077,0.0054,-0.5418,4.69206,22.0,24.0,25.0,21.0,23.0,23.0,21.0,21.0,21.0,25.0,25.0,21.0,22.0,24.0,25.0,22.0,26.0,27.0,22.0,22.0,22.0,21.0,21.0,21.0,21.0,22.0,22.0,22.0,21.0,22.0,21.0,22.0,22.0,22.0,21.0,21.0,21.0,21.0,10.0,post,0,0,2.7396
1788795872.7909,2026-09-07 17:44:32.790,19,e5,0,0,-0.04564,-0.51151,0.0506,-4.2992,11.783,-27.0505,-0.1171,0.0009,-0.5363,4.68677,22.0,24.0,25.0,21.0,23.0,23.0,21.0,21.0,21.0,25.0,25.0,21.0,22.0,24.0,25.0,22.0,26.0,27.0,22.0,22.0,22.0,21.0,21.0,21.0,21.0,22.0,22.0,22.0,21.0,22.0,21.0,22.0,22.0,22.0,21.0,21.0,21.0,21.0,10.0,post,0,0,2.7866
1788795872.841,2026-09-07 17:44:32.841,19,e5,0,0,-0.04566,-0.5115,0.0506,-4.2076,11.6366,-27.0868,-0.1082,0.0036,-0.5388,4.69785,22.0,22.0,25.0,21.0,23.0,23.0,24.0,23.0,23.0,27.0,26.0,22.0,24.0,26.0,25.0,22.0,27.0,26.0,21.0,22.0,22.0,21.0,21.0,21.0,21.0,22.0,22.0,22.0,21.0,22.0,21.0,22.0,22.0,22.0,21.0,21.0,21.0,21.0,10.0,post,0,0,2.6881
1788795872.8911,2026-09-07 17:44:32.891,19,e5,0,0,-0.04566,-0.51151,0.05062,-4.0846,11.7374,-27.0594,-0.1149,0.0068,-0.5412,4.69332,23.0,23.0,26.0,21.0,23.0,24.0,24.0,21.0,23.0,25.0,25.0,22.0,24.0,25.0,25.0,22.0,26.0,28.0,21.0,22.0,22.0,21.0,21.0,21.0,21.0,22.0,22.0,22.0,21.0,22.0,21.0,22.0,22.0,22.0,21.0,21.0,21.0,21.0,10.0,post,0,0,2.7284
1788795872.9412,2026-09-07 17:44:32.941,19,e5,0,0,-0.04565,-0.5115,0.05061,-4.3474,11.6655,-27.1373,-0.1157,-0.0001,-0.5413,4.69206,23.0,23.0,26.0,21.0,23.0,24.0,24.0,21.0,23.0,25.0,25.0,22.0,24.0,25.0,25.0,22.0,26.0,28.0,21.0,22.0,22.0,21.0,21.0,21.0,21.0,22.0,22.0,22.0,21.0,22.0,21.0,22.0,22.0,22.0,21.0,21.0,21.0,21.0,10.0,post,0,0,2.7396
1788795872.9913,2026-09-07 17:44:32.991,19,e5,0,0,-0.04567,-0.51151,0.05062,-4.4998,11.8157,-26.7609,-0.1168,-0.0044,-0.5486,4.70037,21.0,24.0,25.0,20.0,22.0,23.0,24.0,22.0,22.0,27.0,26.0,22.0,22.0,25.0,25.0,22.0,27.0,26.0,21.0,22.0,22.0,21.0,21.0,21.0,21.0,22.0,22.0,22.0,21.0,22.0,21.0,22.0,22.0,22.0,21.0,21.0,21.0,21.0,10.0,post,0,0,2.6657
1788795873.0415,2026-09-07 17:44:33.041,19,e5,0,0,-0.04568,-0.51151,0.05061,-4.1712,11.2919,-27.102,-0.1034,0.0034,-0.5429,4.6903,21.0,24.0,25.0,20.0,22.0,23.0,24.0,22.0,22.0,27.0,26.0,22.0,22.0,25.0,25.0,22.0,27.0,26.0,21.0,22.0,22.0,21.0,21.0,21.0,21.0,22.0,22.0,22.0,21.0,22.0,21.0,22.0,22.0,22.0,21.0,21.0,21.0,21.0,10.0,post,0,0,2.7553
1788795873.0916,2026-09-07 17:44:33.091,19,e5,0,0,-0.04566,-0.51149,0.0506,-4.7195,11.6596,-26.8521,-0.1121,-0.0099,-0.546,4.69306,22.0,23.0,26.0,20.0,21.0,24.0,23.0,20.0,22.0,27.0,25.0,22.0,23.0,26.0,25.0,22.0,27.0,26.0,22.0,22.0,22.0,21.0,21.0,21.0,21.0,22.0,22.0,22.0,21.0,22.0,21.0,22.0,22.0,22.0,21.0,21.0,21.0,21.0,10.0,post,0,0,2.7306
1788795873.1417,2026-09-07 17:44:33.141,19,e5,0,0,-0.04564,-0.51151,0.0506,-4.7929,11.6531,-26.7325,-0.1111,-0.011,-0.55,4.70414,22.0,23.0,25.0,23.0,21.0,22.0,24.0,20.0,20.0,25.0,26.0,20.0,23.0,25.0,25.0,20.0,26.0,28.0,20.0,22.0,22.0,21.0,21.0,21.0,21.0,22.0,22.0,22.0,21.0,22.0,21.0,22.0,22.0,22.0,21.0,21.0,21.0,21.0,10.0,post,0,0,2.6321
1788795873.1918,2026-09-07 17:44:33.191,19,e5,0,0,-0.04568,-0.51151,0.05061,-4.3419,11.7739,-27.1467,-0.1162,0.0022,-0.5437,4.68954,22.0,23.0,25.0,23.0,21.0,22.0,24.0,20.0,20.0,25.0,26.0,20.0,23.0,25.0,25.0,20.0,26.0,28.0,20.0,22.0,22.0,21.0,21.0,21.0,21.0,22.0,22.0,22.0,21.0,22.0,21.0,22.0,22.0,22.0,21.0,21.0,21.0,21.0,10.0,post,0,0,2.762
1788795873.2419,2026-09-07 17:44:33.241,19,e5,0,0,-0.04565,-0.5115,0.0506,-4.3045,11.489,-27.0052,-0.111,0.0011,-0.543,4.69407,21.0,23.0,25.0,21.0,22.0,23.0,25.0,21.0,21.0,25.0,25.0,22.0,22.0,24.0,26.0,23.0,26.0,28.0,22.0,22.0,22.0,21.0,21.0,21.0,21.0,22.0,22.0,22.0,21.0,22.0,21.0,22.0,22.0,22.0,21.0,21.0,21.0,21.0,10.0,post,0,0,2.7217
1788795873.2921,2026-09-07 17:44:33.292,19,e5,0,0,-0.04567,-0.51151,0.05062,-4.3741,11.5207,-27.0507,-0.1075,-0.0017,-0.5409,4.70011,21.0,23.0,25.0,21.0,22.0,23.0,25.0,21.0,21.0,25.0,25.0,22.0,22.0,24.0,26.0,23.0,26.0,28.0,22.0,22.0,22.0,21.0,21.0,21.0,21.0,22.0,22.0,22.0,21.0,22.0,21.0,22.0,22.0,22.0,21.0,21.0,21.0,21.0,10.0,post,0,0,2.6679
1788795873.3422,2026-09-07 17:44:33.342,19,e5,0,0,-0.04567,-0.5115,0.0506,-4.4776,11.6353,-27.0609,-0.1166,-0.0023,-0.5494,4.68904,23.0,22.0,26.0,22.0,22.0,24.0,24.0,19.0,20.0,26.0,27.0,20.0,21.0,25.0,26.0,21.0,27.0,28.0,20.0,22.0,22.0,21.0,21.0,21.0,21.0,22.0,22.0,22.0,21.0,22.0,21.0,22.0,22.0,22.0,21.0,21.0,21.0,21.0,10.0,post,0,0,2.7665
1788795873.3923,2026-09-07 17:44:33.392,19,e5,0,0,-0.04568,-0.5115,0.05062,-4.0938,11.5961,-27.0588,-0.1114,0.008,-0.5408,4.70137,23.0,22.0,26.0,22.0,22.0,24.0,24.0,19.0,20.0,26.0,27.0,20.0,21.0,25.0,26.0,21.0,27.0,28.0,20.0,22.0,22.0,21.0,21.0,21.0,21.0,22.0,22.0,22.0,21.0,22.0,21.0,22.0,22.0,22.0,21.0,21.0,21.0,21.0,10.0,post,0,0,2.6567
1788795873.4424,2026-09-07 17:44:33.442,19,e5,0,0,-0.04566,-0.5115,0.0506,-4.2559,11.6228,-27.238,-0.1153,0.0022,-0.5466,4.69382,21.0,21.0,24.0,21.0,21.0,24.0,25.0,21.0,22.0,25.0,24.0,21.0,22.0,25.0,25.0,21.0,27.0,25.0,21.0,22.0,22.0,21.0,21.0,21.0,21.0,22.0,22.0,22.0,21.0,22.0,21.0,22.0,22.0,22.0,21.0,21.0,21.0,21.0,10.0,post,0,0,2.7239
1788795873.4925,2026-09-07 17:44:33.492,19,e5,0,0,-0.04568,-0.51152,0.05063,-3.9691,11.1855,-27.2824,-0.1,0.0119,-0.5354,4.6976,21.0,24.0,25.0,21.0,23.0,23.0,22.0,19.0,23.0,25.0,24.0,19.0,23.0,25.0,25.0,20.0,27.0,26.0,19.0,22.0,22.0,21.0,21.0,21.0,21.0,22.0,22.0,22.0,21.0,22.0,21.0,22.0,22.0,22.0,21.0,21.0,21.0,21.0,10.0,post,0,0,2.6903
1788795873.5426,2026-09-07 17:44:33.542,19,e5,0,0,-0.04565,-0.5115,0.0506,-4.2195,11.5154,-27.1806,-0.1125,0.0039,-0.5382,4.69986,21.0,24.0,25.0,21.0,23.0,23.0,22.0,19.0,23.0,25.0,24.0,19.0,23.0,25.0,25.0,20.0,27.0,26.0,19.0,22.0,22.0,21.0,21.0,21.0,21.0,22.0,22.0,22.0,21.0,22.0,21.0,22.0,22.0,22.0,21.0,21.0,21.0,21.0,10.0,post,0,0,2.6701
1788795873.5927,2026-09-07 17:44:33.592,19,e5,0,0,-0.04565,-0.51151,0.05061,-4.4929,11.6949,-27.0088,-0.1136,-0.0047,-0.5424,4.69055,20.0,25.0,25.0,18.0,22.0,23.0,22.0,24.0,23.0,26.0,25.0,24.0,25.0,25.0,26.0,24.0,26.0,27.0,23.0,22.0,22.0,21.0,21.0,21.0,21.0,22.0,22.0,22.0,21.0,22.0,21.0,22.0,22.0,22.0,21.0,21.0,21.0,21.0,10.0,post,0,0,2.753
1788795873.6428,2026-09-07 17:44:33.642,19,e5,0,0,-0.04566,-0.5115,0.0506,-4.3188,11.4519,-27.0088,-0.1086,0.0001,-0.5389,4.69961,20.0,25.0,25.0,18.0,22.0,23.0,22.0,24.0,23.0,26.0,25.0,24.0,25.0,25.0,26.0,24.0,26.0,27.0,23.0,22.0,22.0,21.0,21.0,21.0,21.0,22.0,22.0,22.0,21.0,22.0,21.0,22.0,22.0,22.0,21.0,21.0,21.0,21.0,10.0,post,0,0,2.6724
1788795873.6929,2026-09-07 17:44:33.692,19,e5,0,0,-0.04567,-0.51152,0.05062,-4.2374,11.4738,-27.1317,-0.1089,0.0043,-0.5486,4.70112,24.0,24.0,24.0,23.0,22.0,23.0,24.0,22.0,22.0,26.0,24.0,23.0,23.0,26.0,25.0,23.0,27.0,26.0,22.0,22.0,22.0,21.0,21.0,21.0,21.0,22.0,22.0,22.0,21.0,22.0,21.0,22.0,22.0,22.0,21.0,21.0,21.0,21.0,10.0,post,0,0,2.6589
1788795873.743,2026-09-07 17:44:33.743,19,e5,0,0,-0.04566,-0.51151,0.05061,-4.4261,11.9973,-27.0938,-0.1215,-0.0009,-0.5399,4.69231,23.0,21.0,25.0,21.0,23.0,24.0,22.0,24.0,23.0,26.0,24.0,23.0,24.0,26.0,25.0,23.0,27.0,25.0,23.0,22.0,22.0,21.0,21.0,21.0,21.0,22.0,22.0,22.0,21.0,22.0,21.0,22.0,22.0,22.0,21.0,21.0,21.0,21.0,10.0,post,0,0,2.7373
1788795873.7931,2026-09-07 17:44:33.793,19,e5,0,0,-0.04566,-0.51151,0.05061,-4.0802,11.3473,-27.1124,-0.1047,0.0065,-0.5465,4.69508,23.0,21.0,25.0,21.0,23.0,24.0,22.0,24.0,23.0,26.0,24.0,23.0,24.0,26.0,25.0,23.0,27.0,25.0,23.0,22.0,22.0,21.0,21.0,21.0,21.0,22.0,22.0,22.0,21.0,22.0,21.0,22.0,22.0,22.0,21.0,21.0,21.0,21.0,10.0,post,0,0,2.7127
1788795873.8432,2026-09-07 17:44:33.843,19,e5,0,0,-0.04563,-0.5115,0.05061,-4.3234,11.4273,-27.1495,-0.1089,0.002,-0.5444,4.69206,25.0,26.0,25.0,23.0,24.0,24.0,23.0,23.0,22.0,26.0,24.0,23.0,22.0,26.0,25.0,24.0,26.0,26.0,23.0,22.0,22.0,21.0,21.0,21.0,21.0,22.0,22.0,22.0,21.0,22.0,21.0,22.0,22.0,22.0,21.0,21.0,21.0,21.0,10.0,post,0,0,2.7396
1788795873.8934,2026-09-07 17:44:33.893,19,e5,0,0,-0.04567,-0.5115,0.05061,-4.0793,11.4969,-27.2331,-0.1093,0.0103,-0.539,4.70364,25.0,26.0,25.0,23.0,24.0,24.0,23.0,23.0,22.0,26.0,24.0,23.0,22.0,26.0,25.0,24.0,26.0,26.0,23.0,22.0,22.0,21.0,21.0,21.0,21.0,22.0,22.0,22.0,21.0,22.0,21.0,22.0,22.0,22.0,21.0,21.0,21.0,21.0,10.0,post,0,0,2.6365
1788795873.9435,2026-09-07 17:44:33.943,19,e5,0,0,-0.04566,-0.51151,0.05062,-4.4633,11.9291,-27.0826,-0.1201,-0.0027,-0.5451,4.69684,22.0,23.0,24.0,22.0,22.0,23.0,23.0,23.0,22.0,26.0,25.0,22.0,24.0,26.0,25.0,24.0,27.0,27.0,22.0,22.0,22.0,21.0,21.0,21.0,21.0,22.0,22.0,22.0,21.0,22.0,21.0,22.0,22.0,22.0,21.0,21.0,21.0,21.0,10.0,post,0,0,2.697
1788795873.9936,2026-09-07 17:44:33.993,19,e5,0,0,-0.04564,-0.5115,0.05061,-4.3216,11.7772,-27.0281,-0.1157,0.0001,-0.542,4.6976,23.0,23.0,26.0,22.0,22.0,25.0,23.0,21.0,22.0,26.0,25.0,21.0,23.0,24.0,25.0,22.0,26.0,26.0,21.0,22.0,22.0,21.0,21.0,21.0,21.0,22.0,22.0,22.0,21.0,22.0,21.0,22.0,22.0,22.0,21.0,21.0,21.0,21.0,10.0,post,0,0,2.6903
1788795874.0437,2026-09-07 17:44:34.043,19,e5,0,0,-0.04566,-0.51151,0.05062,-4.4678,11.6952,-27.1384,-0.1153,-0.0027,-0.5414,4.68904,23.0,23.0,26.0,22.0,22.0,25.0,23.0,21.0,22.0,26.0,25.0,21.0,23.0,24.0,25.0,22.0,26.0,26.0,21.0,22.0,22.0,21.0,21.0,21.0,21.0,22.0,22.0,22.0,21.0,22.0,21.0,22.0,22.0,22.0,21.0,21.0,21.0,21.0,10.0,post,0,0,2.7665
1788795874.0938,2026-09-07 17:44:34.093,19,e5,0,0,-0.04566,-0.51149,0.0506,-4.267,11.654,-27.1537,-0.1144,0.0039,-0.5381,4.70263,21.0,23.0,25.0,20.0,21.0,24.0,24.0,21.0,22.0,23.0,25.0,22.0,22.0,22.0,25.0,21.0,25.0,27.0,21.0,22.0,22.0,21.0,21.0,21.0,21.0,22.0,22.0,22.0,21.0,22.0,21.0,22.0,22.0,22.0,21.0,21.0,21.0,21.0,10.0,post,0,0,2.6455
1788795874.1439,2026-09-07 17:44:34.143,19,e5,0,0,-0.04567,-0.51151,0.05061,-4.3488,11.5559,-26.8264,-0.1124,-0.0001,-0.5453,4.68879,21.0,23.0,25.0,20.0,21.0,24.0,24.0,21.0,22.0,23.0,25.0,22.0,22.0,22.0,25.0,21.0,25.0,27.0,21.0,22.0,22.0,21.0,21.0,21.0,21.0,22.0,22.0,22.0,21.0,22.0,21.0,22.0,22.0,22.0,21.0,21.0,21.0,21.0,10.0,post,0,0,2.7687
1788795874.1942,2026-09-07 17:44:34.194,19,e5,0,0,-0.04566,-0.51151,0.05062,-4.1827,11.5419,-26.8501,-0.1125,0.0035,-0.5399,4.70364,21.0,24.0,23.0,21.0,23.0,22.0,23.0,22.0,23.0,24.0,23.0,21.0,23.0,24.0,25.0,22.0,26.0,27.0,21.0,22.0,22.0,21.0,21.0,21.0,21.0,22.0,22.0,22.0,21.0,22.0,21.0,22.0,22.0,22.0,21.0,21.0,21.0,21.0,10.0,post,0,0,2.6365
1788795874.2443,2026-09-07 17:44:34.244,19,e5,0,0,-0.04566,-0.51151,0.05063,-4.4468,11.6829,-27.0311,-0.1128,-0.0058,-0.5414,4.69231,22.0,24.0,24.0,21.0,23.0,23.0,23.0,21.0,21.0,28.0,26.0,21.0,22.0,26.0,26.0,22.0,27.0,28.0,21.0,22.0,22.0,21.0,21.0,21.0,21.0,22.0,22.0,22.0,21.0,22.0,21.0,22.0,22.0,22.0,21.0,21.0,21.0,21.0,10.0,post,0,0,2.7373
1788795874.2944,2026-09-07 17:44:34.294,19,e5,0,0,-0.04566,-0.5115,0.0506,-3.8481,11.4567,-27.0374,-0.1121,0.0139,-0.5395,4.68727,22.0,24.0,24.0,21.0,23.0,23.0,23.0,21.0,21.0,28.0,26.0,21.0,22.0,26.0,26.0,22.0,27.0,28.0,21.0,22.0,22.0,21.0,21.0,21.0,21.0,22.0,22.0,22.0,21.0,22.0,21.0,22.0,22.0,22.0,21.0,21.0,21.0,21.0,10.0,post,0,0,2.7821
1788795874.3445,2026-09-07 17:44:34.344,19,e5,0,0,-0.04567,-0.51151,0.0506,-4.5232,12.0802,-26.9562,-0.1243,-0.0028,-0.5415,4.69382,21.0,22.0,26.0,21.0,21.0,25.0,25.0,21.0,25.0,25.0,26.0,21.0,25.0,24.0,25.0,22.0,27.0,27.0,21.0,22.0,22.0,21.0,21.0,21.0,21.0,22.0,22.0,22.0,21.0,22.0,21.0,22.0,22.0,22.0,21.0,21.0,21.0,21.0,10.0,post,0,0,2.7239
1788795874.3945,2026-09-07 17:44:34.394,19,e5,0,0,-0.04567,-0.5115,0.0506,-4.5752,11.9763,-27.0284,-0.122,-0.0028,-0.552,4.69004,21.0,22.0,26.0,21.0,21.0,25.0,25.0,21.0,25.0,25.0,26.0,21.0,25.0,24.0,25.0,22.0,27.0,27.0,21.0,22.0,22.0,21.0,21.0,21.0,21.0,22.0,22.0,22.0,21.0,22.0,21.0,22.0,22.0,22.0,21.0,21.0,21.0,21.0,10.0,post,0,0,2.7575
1788795874.4447,2026-09-07 17:44:34.444,19,e5,0,0,-0.04564,-0.5115,0.05061,-4.0819,11.8847,-27.0251,-0.1184,0.0057,-0.5352,4.69911,23.0,25.0,24.0,21.0,23.0,23.0,24.0,21.0,23.0,25.0,25.0,20.0,23.0,24.0,25.0,21.0,26.0,27.0,21.0,22.0,22.0,21.0,21.0,21.0,21.0,22.0,22.0,22.0,21.0,22.0,21.0,22.0,22.0,22.0,21.0,21.0,21.0,21.0,10.0,post,0,0,2.6769
1788795874.4948,2026-09-07 17:44:34.494,19,e5,0,0,-0.04565,-0.51151,0.05061,-4.3821,11.4061,-27.0685,-0.1078,-0.0032,-0.5386,4.69886,23.0,25.0,24.0,21.0,23.0,23.0,24.0,21.0,23.0,25.0,25.0,20.0,23.0,24.0,25.0,21.0,26.0,27.0,21.0,22.0,22.0,21.0,21.0,21.0,21.0,22.0,22.0,22.0,21.0,22.0,21.0,22.0,22.0,22.0,21.0,21.0,21.0,21.0,10.0,post,0,0,2.6791
1788795874.5449,2026-09-07 17:44:34.544,19,e5,0,0,-0.04566,-0.51149,0.0506,-4.6776,11.8604,-26.872,-0.1209,-0.0079,-0.5463,4.7049,22.0,24.0,24.0,22.0,23.0,23.0,24.0,21.0,22.0,24.0,25.0,21.0,24.0,25.0,25.0,22.0,26.0,27.0,20.0,22.0,22.0,21.0,21.0,21.0,21.0,22.0,22.0,22.0,21.0,22.0,21.0,22.0,22.0,22.0,21.0,21.0,21.0,21.0,10.0,post,0,0,2.6253
1788795874.595,2026-09-07 17:44:34.594,19,e5,0,0,-0.04563,-0.51151,0.0506,-4.4037,11.7892,-26.8116,-0.118,0.0015,-0.5402,4.6913,22.0,25.0,25.0,22.0,24.0,22.0,24.0,20.0,22.0,25.0,26.0,21.0,23.0,25.0,25.0,21.0,27.0,28.0,20.0,22.0,22.0,21.0,21.0,21.0,21.0,22.0,22.0,22.0,21.0,22.0,21.0,22.0,22.0,22.0,21.0,21.0,21.0,21.0,10.0,post,0,0,2.7463
1788795874.6451,2026-09-07 17:44:34.645,19,e5,0,0,-0.04566,-0.51151,0.05062,-4.3349,11.5791,-27.0557,-0.1118,-0.0048,-0.5426,4.6981,22.0,25.0,25.0,22.0,24.0,22.0,24.0,20.0,22.0,25.0,26.0,21.0,23.0,25.0,25.0,21.0,27.0,28.0,20.0,22.0,22.0,21.0,21.0,21.0,21.0,22.0,22.0,22.0,21.0,22.0,21.0,22.0,22.0,22.0,21.0,21.0,21.0,21.0,10.0,post,0,0,2.6858
1788795874.6952,2026-09-07 17:44:34.695,9,c2,0,0,-0.04566,-0.5115,0.05061,-4.6618,11.4304,-26.8995,-0.1117,-0.0056,-0.5533,4.69508,20.0,24.0,25.0,20.0,23.0,23.0,24.0,20.0,22.0,26.0,26.0,20.0,21.0,26.0,26.0,21.0,27.0,26.0,20.0,22.0,22.0,21.0,21.0,21.0,21.0,22.0,22.0,22.0,21.0,22.0,21.0,22.0,22.0,22.0,21.0,21.0,21.0,21.0,10.0,locate,0,0,2.7127
1788795874.7453,2026-09-07 17:44:34.745,9,c2,0,0,-0.04559,-0.51101,0.05069,-4.322,11.3772,-27.0563,-0.1089,0.0052,-0.6494,4.70238,20.0,24.0,25.0,20.0,23.0,23.0,24.0,20.0,22.0,26.0,26.0,20.0,21.0,26.0,26.0,21.0,27.0,26.0,20.0,22.0,22.0,21.0,21.0,21.0,21.0,22.0,22.0,22.0,21.0,22.0,21.0,22.0,22.0,22.0,21.0,21.0,21.0,21.0,10.0,locate,0,0,2.6477
1788795874.7954,2026-09-07 17:44:34.795,9,c2,0,0,-0.04555,-0.50978,0.05073,-4.6954,11.9666,-27.3973,-0.1197,-0.0083,-0.8399,4.70087,21.0,23.0,26.0,20.0,22.0,24.0,24.0,22.0,22.0,24.0,24.0,22.0,24.0,24.0,24.0,22.0,25.0,25.0,21.0,22.0,22.0,21.0,21.0,21.0,21.0,22.0,22.0,22.0,21.0,22.0,21.0,22.0,22.0,22.0,21.0,21.0,21.0,21.0,10.0,locate,0,0,2.6612
1788795874.8455,2026-09-07 17:44:34.845,9,c2,0,0,-0.04542,-0.50777,0.05072,-4.9571,11.7646,-28.0405,-0.111,-0.0278,-1.1253,4.68803,22.0,24.0,24.0,21.0,24.0,22.0,23.0,21.0,23.0,26.0,23.0,22.0,24.0,25.0,25.0,21.0,25.0,26.0,21.0,22.0,22.0,21.0,21.0,21.0,21.0,22.0,22.0,22.0,21.0,22.0,21.0,22.0,22.0,22.0,21.0,21.0,21.0,21.0,10.0,locate,0,0,2.7754
1788795874.8956,2026-09-07 17:44:34.895,9,c2,0,0,-0.04533,-0.50538,0.05069,-5.4146,12.3106,-28.0227,-0.1283,-0.0425,-1.0313,4.69558,22.0,24.0,24.0,21.0,24.0,22.0,23.0,21.0,23.0,26.0,23.0,22.0,24.0,25.0,25.0,21.0,25.0,26.0,21.0,22.0,22.0,21.0,21.0,21.0,21.0,22.0,22.0,22.0,21.0,22.0,21.0,22.0,22.0,22.0,21.0,21.0,21.0,21.0,10.0,locate,0,0,2.7082
1788795874.9457,2026-09-07 17:44:34.945,9,c2,0,0,-0.04517,-0.50284,0.05063,-5.3725,12.3806,-27.8097,-0.1332,-0.0368,-1.0081,4.68702,22.0,22.0,24.0,21.0,22.0,23.0,21.0,23.0,21.0,25.0,25.0,24.0,22.0,25.0,25.0,23.0,26.0,27.0,22.0,22.0,22.0,21.0,21.0,21.0,21.0,22.0,22.0,22.0,21.0,22.0,21.0,22.0,22.0,22.0,21.0,21.0,21.0,21.0,10.0,locate,0,0,2.7844
1788795874.9958,2026-09-07 17:44:34.995,9,c2,0,0,-0.04505,-0.50033,0.05063,-4.9967,11.7846,-27.6489,-0.1181,-0.0264,-0.9889,4.70087,22.0,22.0,24.0,21.0,22.0,23.0,21.0,23.0,21.0,25.0,25.0,24.0,22.0,25.0,25.0,23.0,26.0,27.0,22.0,22.0,22.0,21.0,21.0,21.0,21.0,22.0,22.0,22.0,21.0,22.0,21.0,22.0,22.0,22.0,21.0,21.0,21.0,21.0,10.0,locate,0,0,2.6612
1788795875.0459,2026-09-07 17:44:35.045,9,c2,0,0,-0.0449,-0.49782,0.05061,-5.1145,12.3502,-27.7503,-0.1318,-0.0284,-0.9786,4.69659,24.0,22.0,25.0,24.0,20.0,23.0,23.0,22.0,22.0,25.0,26.0,23.0,23.0,26.0,26.0,24.0,26.0,26.0,21.0,22.0,22.0,21.0,21.0,21.0,21.0,22.0,22.0,22.0,21.0,22.0,21.0,22.0,22.0,22.0,21.0,21.0,21.0,21.0,10.0,locate,0,0,2.6993
1788795875.096,2026-09-07 17:44:35.096,9,c2,0,0,-0.04478,-0.49532,0.05059,-5.0533,12.0539,-28.0016,-0.1215,-0.026,-0.9643,4.70162,22.0,25.0,25.0,23.0,24.0,24.0,24.0,21.0,24.0,26.0,24.0,21.0,25.0,26.0,23.0,23.0,27.0,25.0,21.0,22.0,22.0,21.0,21.0,21.0,21.0,22.0,22.0,22.0,21.0,22.0,21.0,22.0,22.0,22.0,21.0,21.0,21.0,21.0,10.0,locate,0,0,2.6545
1788795875.1461,2026-09-07 17:44:35.146,9,c2,0,0,-0.04466,-0.49272,0.05062,-5.1136,12.1352,-27.7111,-0.1259,-0.0271,-0.9579,4.69382,22.0,25.0,25.0,23.0,24.0,24.0,24.0,21.0,24.0,26.0,24.0,21.0,25.0,26.0,23.0,23.0,27.0,25.0,21.0,22.0,22.0,21.0,21.0,21.0,21.0,22.0,22.0,22.0,21.0,22.0,21.0,22.0,22.0,22.0,21.0,21.0,21.0,21.0,10.0,locate,0,0,2.7239
1788795875.1963,2026-09-07 17:44:35.196,9,c2,0,0,-0.04454,-0.49093,0.05061,-5.1959,12.0699,-27.8364,-0.1231,-0.031,-0.9495,4.70188,22.0,24.0,25.0,21.0,24.0,24.0,23.0,25.0,23.0,26.0,25.0,24.0,25.0,26.0,24.0,23.0,27.0,25.0,23.0,22.0,22.0,21.0,21.0,21.0,21.0,22.0,22.0,22.0,21.0,22.0,21.0,22.0,22.0,22.0,21.0,21.0,21.0,21.0,10.0,locate,0,0,2.6522
1788795875.2464,2026-09-07 17:44:35.246,9,c2,0,0,-0.04445,-0.48992,0.05061,-5.1689,12.3464,-27.802,-0.1296,-0.0311,-0.9502,4.69785,22.0,24.0,25.0,21.0,24.0,24.0,23.0,25.0,23.0,26.0,25.0,24.0,25.0,26.0,24.0,23.0,27.0,25.0,23.0,22.0,22.0,21.0,21.0,21.0,21.0,22.0,22.0,22.0,21.0,22.0,21.0,22.0,22.0,22.0,21.0,21.0,21.0,21.0,10.0,locate,0,0,2.6881
1788795875.2965,2026-09-07 17:44:35.296,9,c2,0,0,-0.04437,-0.48961,0.0506,-4.9326,12.2312,-27.9959,-0.1255,-0.0231,-0.9376,4.69886,25.0,24.0,25.0,23.0,24.0,24.0,25.0,22.0,24.0,27.0,25.0,22.0,25.0,25.0,22.0,23.0,25.0,24.0,23.0,22.0,22.0,21.0,21.0,21.0,21.0,22.0,22.0,22.0,21.0,22.0,21.0,22.0,22.0,22.0,21.0,21.0,21.0,21.0,10.0,locate,0,0,2.6791
1788795875.3466,2026-09-07 17:44:35.346,9,c2,0,0,-0.0444,-0.48963,0.05061,-5.023,11.9431,-27.8074,-0.1188,-0.0232,-0.9332,4.69735,23.0,26.0,27.0,22.0,25.0,25.0,23.0,23.0,24.0,26.0,24.0,23.0,25.0,25.0,23.0,23.0,25.0,23.0,21.0,22.0,22.0,21.0,21.0,21.0,21.0,22.0,22.0,22.0,21.0,22.0,21.0,22.0,22.0,22.0,21.0,21.0,21.0,21.0,10.0,locate,0,0,2.6925
1788795875.3967,2026-09-07 17:44:35.396,9,c2,0,0,-0.04439,-0.48963,0.0506,-4.8831,12.2604,-27.6143,-0.1285,-0.0186,-0.9309,4.69206,23.0,26.0,27.0,22.0,25.0,25.0,23.0,23.0,24.0,26.0,24.0,23.0,25.0,25.0,23.0,23.0,25.0,23.0,21.0,22.0,22.0,21.0,21.0,21.0,21.0,22.0,22.0,22.0,21.0,22.0,21.0,22.0,22.0,22.0,21.0,21.0,21.0,21.0,10.0,locate,0,0,2.7396
1788795875.4467,2026-09-07 17:44:35.446,9,c2,0,0,-0.04442,-0.48963,0.0506,-4.6258,11.8263,-27.7575,-0.1171,-0.0129,-0.9203,4.70037,23.0,26.0,24.0,22.0,24.0,24.0,23.0,23.0,25.0,26.0,24.0,24.0,24.0,25.0,21.0,24.0,24.0,23.0,22.0,22.0,22.0,21.0,21.0,21.0,21.0,22.0,22.0,22.0,21.0,22.0,21.0,22.0,22.0,22.0,21.0,21.0,21.0,21.0,10.0,locate,0,0,2.6657
1788795875.4969,2026-09-07 17:44:35.496,9,c2,0,0,-0.04441,-0.48963,0.05059,-4.747,11.8098,-27.7116,-0.1192,-0.0169,-0.9181,4.69155,23.0,26.0,24.0,22.0,24.0,24.0,23.0,23.0,25.0,26.0,24.0,24.0,24.0,25.0,21.0,24.0,24.0,23.0,22.0,22.0,22.0,21.0,21.0,21.0,21.0,22.0,22.0,22.0,21.0,22.0,21.0,22.0,22.0,22.0,21.0,21.0,21.0,21.0,10.0,locate,0,0,2.7441
1788795875.547,2026-09-07 17:44:35.546,9,c2,0,0,-0.04442,-0.48961,0.05059,-4.9921,12.1946,-27.5172,-0.1268,-0.0237,-0.9199,4.69659,25.0,25.0,26.0,23.0,25.0,25.0,24.0,20.0,24.0,26.0,25.0,20.0,24.0,25.0,24.0,20.0,24.0,24.0,20.0,22.0,22.0,21.0,21.0,21.0,21.0,22.0,22.0,22.0,21.0,22.0,21.0,22.0,22.0,22.0,21.0,21.0,21.0,21.0,10.0,locate,0,0,2.6993
1788795875.5971,2026-09-07 17:44:35.597,9,c2,0,0,-0.04443,-0.48961,0.05059,-4.7256,11.7114,-27.7919,-0.1129,-0.0155,-0.9173,4.69483,25.0,25.0,26.0,23.0,25.0,25.0,24.0,20.0,24.0,26.0,25.0,20.0,24.0,25.0,24.0,20.0,24.0,24.0,20.0,22.0,22.0,21.0,21.0,21.0,21.0,22.0,22.0,22.0,21.0,22.0,21.0,22.0,22.0,22.0,21.0,21.0,21.0,21.0,10.0,locate,0,0,2.7149
1788795875.6472,2026-09-07 17:44:35.647,9,c2,0,0,-0.04444,-0.48961,0.05061,-4.5112,11.7773,-27.6596,-0.1198,-0.0139,-0.9084,4.69407,22.0,26.0,24.0,20.0,24.0,23.0,24.0,22.0,23.0,26.0,24.0,22.0,24.0,24.0,23.0,22.0,24.0,24.0,22.0,22.0,22.0,21.0,21.0,21.0,21.0,22.0,22.0,22.0,21.0,22.0,21.0,22.0,22.0,22.0,21.0,21.0,21.0,21.0,10.0,locate,0,0,2.7217
1788795875.6973,2026-09-07 17:44:35.697,9,c2,0,0,-0.04443,-0.48961,0.05061,-4.3377,11.7621,-27.8,-0.1187,-0.0078,-0.9045,4.69911,22.0,26.0,26.0,22.0,25.0,25.0,23.0,21.0,24.0,26.0,25.0,21.0,22.0,25.0,24.0,22.0,25.0,26.0,21.0,22.0,22.0,21.0,21.0,21.0,21.0,22.0,22.0,22.0,21.0,22.0,21.0,22.0,22.0,22.0,21.0,21.0,21.0,21.0,10.0,locate,0,0,2.6769
1788795875.7476,2026-09-07 17:44:35.747,9,c2,0,0,-0.04444,-0.4896,0.05059,-4.6843,11.7376,-27.794,-0.1165,-0.0176,-0.9037,4.68929,22.0,26.0,26.0,22.0,25.0,25.0,23.0,21.0,24.0,26.0,25.0,21.0,22.0,25.0,24.0,22.0,25.0,26.0,21.0,22.0,22.0,21.0,21.0,21.0,21.0,22.0,22.0,22.0,21.0,22.0,21.0,22.0,22.0,22.0,21.0,21.0,21.0,21.0,10.0,locate,0,0,2.7642
1788795875.7977,2026-09-07 17:44:35.797,9,c2,0,0,-0.04443,-0.48961,0.05059,-4.7527,12.3785,-27.77,-0.1308,-0.0197,-0.9051,4.69785,21.0,26.0,25.0,21.0,25.0,24.0,25.0,20.0,25.0,25.0,25.0,20.0,24.0,24.0,23.0,20.0,24.0,23.0,20.0,22.0,22.0,21.0,21.0,21.0,21.0,22.0,22.0,22.0,21.0,22.0,21.0,22.0,22.0,22.0,21.0,21.0,21.0,21.0,10.0,locate,0,0,2.6881
1788795875.8478,2026-09-07 17:44:35.847,9,c2,0,0,-0.04444,-0.4896,0.0506,-4.9079,12.5412,-27.892,-0.1334,-0.023,-0.9005,4.69785,21.0,26.0,25.0,21.0,25.0,24.0,25.0,20.0,25.0,25.0,25.0,20.0,24.0,24.0,23.0,20.0,24.0,23.0,20.0,22.0,22.0,21.0,21.0,21.0,21.0,22.0,22.0,22.0,21.0,22.0,21.0,22.0,22.0,22.0,21.0,21.0,21.0,21.0,10.0,locate,0,0,2.6881
1788795875.8979,2026-09-07 17:44:35.897,9,c2,0,0,-0.04442,-0.48961,0.05061,-4.7818,12.1898,-27.5755,-0.1264,-0.0184,-0.9006,4.69181,20.0,26.0,25.0,19.0,25.0,24.0,25.0,19.0,25.0,26.0,24.0,20.0,25.0,24.0,23.0,21.0,24.0,24.0,20.0,22.0,22.0,21.0,21.0,21.0,21.0,22.0,22.0,22.0,21.0,22.0,21.0,22.0,22.0,22.0,21.0,21.0,21.0,21.0,10.0,locate,0,0,2.7418
1788795875.948,2026-09-07 17:44:35.948,9,c2,0,0,-0.04443,-0.48961,0.0506,-4.7789,12.1799,-27.6099,-0.1276,-0.0181,-0.8975,4.6981,20.0,27.0,25.0,19.0,25.0,24.0,24.0,22.0,25.0,27.0,24.0,22.0,25.0,26.0,22.0,23.0,26.0,23.0,21.0,22.0,22.0,21.0,21.0,21.0,21.0,22.0,22.0,22.0,21.0,22.0,21.0,22.0,22.0,22.0,21.0,21.0,21.0,21.0,10.0,locate,0,0,2.6858
1788795875.9982,2026-09-07 17:44:35.998,9,c2,0,0,-0.04443,-0.48961,0.0506,-4.8408,11.996,-27.6218,-0.1199,-0.0201,-0.8935,4.68979,20.0,27.0,25.0,19.0,25.0,24.0,24.0,22.0,25.0,27.0,24.0,22.0,25.0,26.0,22.0,23.0,26.0,23.0,21.0,22.0,22.0,21.0,21.0,21.0,21.0,22.0,22.0,22.0,21.0,22.0,21.0,22.0,22.0,22.0,21.0,21.0,21.0,21.0,10.0,locate,0,0,2.7597
1788795876.0483,2026-09-07 17:44:36.048,9,c2,0,0,-0.04441,-0.48962,0.05061,-4.9302,12.5078,-27.6222,-0.1344,-0.0198,-0.892,4.69558,23.0,27.0,26.0,21.0,26.0,24.0,23.0,19.0,24.0,26.0,24.0,21.0,23.0,23.0,22.0,19.0,24.0,22.0,19.0,22.0,22.0,21.0,21.0,21.0,21.0,22.0,22.0,22.0,21.0,22.0,21.0,22.0,22.0,22.0,21.0,21.0,21.0,21.0,10.0,locate,0,0,2.7082
1788795876.0984,2026-09-07 17:44:36.098,9,c2,0,0,-0.04443,-0.4896,0.0506,-5.002,12.1046,-27.513,-0.1232,-0.0242,-0.8983,4.70112,23.0,27.0,26.0,21.0,26.0,24.0,23.0,19.0,24.0,26.0,24.0,21.0,23.0,23.0,22.0,19.0,24.0,22.0,19.0,22.0,22.0,21.0,21.0,21.0,21.0,22.0,22.0,22.0,21.0,22.0,21.0,22.0,22.0,22.0,21.0,21.0,21.0,21.0,10.0,locate,0,0,2.6589
1788795876.1485,2026-09-07 17:44:36.148,9,c2,0,0,-0.04443,-0.48962,0.05061,-4.8086,11.9518,-27.7988,-0.1201,-0.0187,-0.8884,4.69155,21.0,26.0,26.0,20.0,25.0,23.0,25.0,21.0,25.0,27.0,24.0,20.0,23.0,27.0,24.0,20.0,25.0,23.0,20.0,22.0,22.0,21.0,21.0,21.0,21.0,22.0,22.0,22.0,21.0,22.0,21.0,22.0,22.0,22.0,21.0,21.0,21.0,21.0,10.0,locate,0,0,2.7441
1788795876.1985,2026-09-07 17:44:36.198,9,c2,0,0,-0.04442,-0.48961,0.0506,-4.6536,12.1138,-27.7944,-0.1264,-0.0131,-0.8881,4.6976,21.0,24.0,26.0,20.0,25.0,25.0,24.0,21.0,23.0,26.0,25.0,21.0,24.0,25.0,25.0,21.0,25.0,25.0,21.0,22.0,22.0,21.0,21.0,21.0,21.0,22.0,22.0,22.0,21.0,22.0,21.0,22.0,22.0,22.0,21.0,21.0,21.0,21.0,10.0,locate,0,0,2.6903
1788795876.2486,2026-09-07 17:44:36.248,9,c2,0,0,-0.04443,-0.48961,0.0506,-4.9795,11.8996,-27.6062,-0.1169,-0.0218,-0.8895,4.69735,21.0,24.0,26.0,20.0,25.0,25.0,24.0,21.0,23.0,26.0,25.0,21.0,24.0,25.0,25.0,21.0,25.0,25.0,21.0,22.0,22.0,21.0,21.0,21.0,21.0,22.0,22.0,22.0,21.0,22.0,21.0,22.0,22.0,22.0,21.0,21.0,21.0,21.0,10.0,locate,0,0,2.6925
1788795876.2987,2026-09-07 17:44:36.298,9,c2,0,0,-0.04444,-0.4896,0.0506,-5.0041,12.325,-27.6076,-0.1293,-0.0241,-0.8815,4.69105,22.0,26.0,26.0,20.0,25.0,25.0,24.0,20.0,25.0,27.0,24.0,20.0,24.0,26.0,22.0,20.0,26.0,23.0,20.0,22.0,22.0,21.0,21.0,21.0,21.0,22.0,22.0,22.0,21.0,22.0,21.0,22.0,22.0,22.0,21.0,21.0,21.0,21.0,10.0,locate,0,0,2.7485
1788795876.3489,2026-09-07 17:44:36.348,9,c2,0,0,-0.04444,-0.48962,0.05061,-4.9462,12.2253,-27.514,-0.1265,-0.0206,-0.8862,4.69155,22.0,26.0,26.0,20.0,25.0,25.0,24.0,20.0,25.0,27.0,24.0,20.0,24.0,26.0,22.0,20.0,26.0,23.0,20.0,22.0,22.0,21.0,21.0,21.0,21.0,22.0,22.0,22.0,21.0,22.0,21.0,22.0,22.0,22.0,21.0,21.0,21.0,21.0,10.0,locate,0,0,2.7441
1788795876.3989,2026-09-07 17:44:36.398,9,c2,0,0,-0.04444,-0.48961,0.0506,-4.6619,11.7826,-27.6551,-0.1178,-0.0111,-0.8816,4.69634,22.0,26.0,26.0,21.0,26.0,25.0,24.0,23.0,23.0,27.0,23.0,23.0,25.0,25.0,22.0,22.0,26.0,22.0,22.0,22.0,22.0,21.0,21.0,21.0,21.0,22.0,22.0,22.0,21.0,22.0,21.0,22.0,22.0,22.0,21.0,21.0,21.0,21.0,10.0,locate,0,0,2.7015
1788795876.4491,2026-09-07 17:44:36.449,9,c2,0,0,-0.04444,-0.48961,0.0506,-4.4176,11.9808,-27.5751,-0.1225,-0.0095,-0.8778,4.69004,24.0,24.0,25.0,23.0,23.0,24.0,24.0,21.0,23.0,24.0,25.0,22.0,23.0,24.0,22.0,22.0,24.0,23.0,21.0,22.0,22.0,21.0,21.0,21.0,21.0,22.0,22.0,22.0,21.0,22.0,21.0,22.0,22.0,22.0,21.0,21.0,21.0,21.0,10.0,locate,0,0,2.7575
1788795876.4992,2026-09-07 17:44:36.499,9,c2,0,0,-0.04443,-0.4896,0.0506,-5.0803,12.3376,-27.5719,-0.1296,-0.0225,-0.8804,4.70238,24.0,24.0,25.0,23.0,23.0,24.0,24.0,21.0,23.0,24.0,25.0,22.0,23.0,24.0,22.0,22.0,24.0,23.0,21.0,22.0,22.0,21.0,21.0,21.0,21.0,22.0,22.0,22.0,21.0,22.0,21.0,22.0,22.0,22.0,21.0,21.0,21.0,21.0,10.0,locate,0,0,2.6477
1788795876.5492,2026-09-07 17:44:36.549,9,c2,0,0,-0.04444,-0.48962,0.05061,-4.7808,11.8325,-27.4681,-0.1159,-0.0167,-0.8774,4.69181,22.0,25.0,25.0,21.0,24.0,23.0,24.0,20.0,23.0,26.0,25.0,20.0,23.0,25.0,22.0,22.0,25.0,23.0,22.0,22.0,22.0,21.0,21.0,21.0,21.0,22.0,22.0,22.0,21.0,22.0,21.0,22.0,22.0,22.0,21.0,21.0,21.0,21.0,10.0,locate,0,0,2.7418
1788795876.5994,2026-09-07 17:44:36.599,9,c2,0,0,-0.04444,-0.48962,0.05061,-4.5789,11.9667,-27.5553,-0.1218,-0.0118,-0.8747,4.69382,22.0,25.0,25.0,21.0,24.0,23.0,24.0,20.0,23.0,26.0,25.0,20.0,23.0,25.0,22.0,22.0,25.0,23.0,22.0,22.0,22.0,21.0,21.0,21.0,21.0,22.0,22.0,22.0,21.0,22.0,21.0,22.0,22.0,22.0,21.0,21.0,21.0,21.0,10.0,locate,0,0,2.7239
1788795876.6495,2026-09-07 17:44:36.649,9,c2,0,0,-0.04443,-0.48961,0.05061,-4.942,12.0905,-27.7003,-0.1245,-0.0203,-0.884,4.68778,20.0,25.0,28.0,20.0,25.0,26.0,23.0,21.0,23.0,27.0,25.0,21.0,24.0,26.0,22.0,21.0,26.0,23.0,21.0,22.0,22.0,21.0,21.0,21.0,21.0,22.0,22.0,22.0,21.0,22.0,21.0,22.0,22.0,22.0,21.0,21.0,21.0,21.0,10.0,locate,0,0,2.7777
1788795876.6995,2026-09-07 17:44:36.699,9,c2,0,0,-0.04443,-0.48961,0.0506,-4.7719,12.0156,-27.5904,-0.1229,-0.0171,-0.8792,4.70188,20.0,25.0,28.0,20.0,25.0,26.0,23.0,21.0,23.0,27.0,25.0,21.0,24.0,26.0,22.0,21.0,26.0,23.0,21.0,22.0,22.0,21.0,21.0,21.0,21.0,22.0,22.0,22.0,21.0,22.0,21.0,22.0,22.0,22.0,21.0,21.0,21.0,21.0,10.0,locate,0,0,2.6522
1788795876.7497,2026-09-07 17:44:36.749,9,c2,0,0,-0.04442,-0.48961,0.0506,-4.5831,12.0937,-27.6237,-0.1241,-0.0121,-0.875,4.69206,21.0,24.0,27.0,21.0,24.0,25.0,24.0,21.0,24.0,27.0,24.0,21.0,23.0,25.0,21.0,21.0,26.0,23.0,20.0,22.0,22.0,21.0,21.0,21.0,21.0,22.0,22.0,22.0,21.0,22.0,21.0,22.0,22.0,22.0,21.0,21.0,21.0,21.0,10.0,locate,0,0,2.7396
1788795876.7997,2026-09-07 17:44:36.799,9,c2,0,0,-0.04442,-0.48961,0.0506,-4.7801,12.0948,-27.5713,-0.1236,-0.016,-0.8766,4.69835,21.0,25.0,27.0,20.0,24.0,25.0,24.0,21.0,25.0,27.0,24.0,20.0,25.0,25.0,22.0,22.0,26.0,23.0,20.0,22.0,22.0,21.0,21.0,21.0,21.0,22.0,22.0,22.0,21.0,22.0,21.0,22.0,22.0,22.0,21.0,21.0,21.0,21.0,10.0,locate,0,0,2.6836
1788795876.8498,2026-09-07 17:44:36.849,9,c2,0,0,-0.04445,-0.48962,0.05061,-5.1449,12.5887,-27.5336,-0.137,-0.0243,-0.8769,4.69206,21.0,25.0,27.0,20.0,24.0,25.0,24.0,21.0,25.0,27.0,24.0,20.0,25.0,25.0,22.0,22.0,26.0,23.0,20.0,22.0,22.0,21.0,21.0,21.0,21.0,22.0,22.0,22.0,21.0,22.0,21.0,22.0,22.0,22.0,21.0,21.0,21.0,21.0,10.0,locate,0,0,2.7396
1788795876.8999,2026-09-07 17:44:36.899,9,c2,0,0,-0.04443,-0.48961,0.0506,-4.581,12.0941,-27.6151,-0.1238,-0.0158,-0.8728,4.69634,21.0,27.0,27.0,21.0,26.0,27.0,24.0,20.0,25.0,28.0,24.0,20.0,24.0,27.0,23.0,21.0,27.0,24.0,20.0,22.0,22.0,21.0,21.0,21.0,21.0,22.0,22.0,22.0,21.0,22.0,21.0,22.0,22.0,22.0,21.0,21.0,21.0,21.0,10.0,locate,0,0,2.7015
1788795876.95,2026-09-07 17:44:36.949,9,c2,0,0,-0.04444,-0.48961,0.0506,-4.6517,12.1452,-27.6194,-0.1228,-0.0164,-0.8669,4.69911,21.0,27.0,27.0,21.0,26.0,27.0,24.0,20.0,25.0,28.0,24.0,20.0,24.0,27.0,23.0,21.0,27.0,24.0,20.0,22.0,22.0,21.0,21.0,21.0,21.0,22.0,22.0,22.0,21.0,22.0,21.0,22.0,22.0,22.0,21.0,21.0,21.0,21.0,10.0,locate,0,0,2.6769
1788795877.0,2026-09-07 17:44:37.000,9,c2,0,0,-0.04443,-0.48962,0.05061,-4.6923,11.7853,-27.7047,-0.116,-0.0176,-0.874,4.70112,21.0,26.0,27.0,19.0,24.0,27.0,23.0,23.0,25.0,27.0,24.0,23.0,25.0,25.0,25.0,21.0,24.0,25.0,21.0,22.0,22.0,21.0,21.0,21.0,21.0,22.0,22.0,22.0,21.0,22.0,21.0,22.0,22.0,22.0,21.0,21.0,21.0,21.0,10.0,locate,0,0,2.6589
1788795877.0502,2026-09-07 17:44:37.050,9,c2,0,0,-0.04443,-0.48961,0.05061,-4.9419,11.9761,-27.689,-0.1181,-0.0183,-0.8656,4.6913,23.0,26.0,27.0,23.0,26.0,24.0,25.0,21.0,24.0,27.0,25.0,22.0,23.0,25.0,22.0,22.0,25.0,21.0,20.0,22.0,22.0,21.0,21.0,21.0,21.0,22.0,22.0,22.0,21.0,22.0,21.0,22.0,22.0,22.0,21.0,21.0,21.0,21.0,10.0,locate,0,0,2.7463
1788795877.1003,2026-09-07 17:44:37.100,9,c2,0,0,-0.04443,-0.48962,0.05062,-5.1973,11.8588,-27.5968,-0.1175,-0.026,-0.8705,4.69785,23.0,26.0,27.0,23.0,26.0,24.0,25.0,21.0,24.0,27.0,25.0,22.0,23.0,25.0,22.0,22.0,25.0,21.0,20.0,22.0,22.0,21.0,21.0,21.0,21.0,22.0,22.0,22.0,21.0,22.0,21.0,22.0,22.0,22.0,21.0,21.0,21.0,21.0,10.0,locate,0,0,2.6881
1788795877.1504,2026-09-07 17:44:37.150,9,c2,0,0,-0.04444,-0.48961,0.05062,-4.8391,12.0514,-27.5912,-0.121,-0.0153,-0.8689,4.69407,23.0,27.0,27.0,20.0,25.0,26.0,24.0,24.0,24.0,26.0,24.0,24.0,23.0,25.0,23.0,23.0,25.0,24.0,22.0,22.0,22.0,21.0,21.0,21.0,21.0,22.0,22.0,22.0,21.0,22.0,21.0,22.0,22.0,22.0,21.0,21.0,21.0,21.0,10.0,locate,0,0,2.7217
1788795877.2005,2026-09-07 17:44:37.200,9,c2,0,0,-0.04445,-0.48963,0.05062,-4.9224,12.132,-27.4323,-0.1261,-0.02,-0.8713,4.69684,23.0,27.0,27.0,20.0,25.0,26.0,24.0,24.0,24.0,26.0,24.0,24.0,23.0,25.0,23.0,23.0,25.0,24.0,22.0,22.0,22.0,21.0,21.0,21.0,21.0,22.0,22.0,22.0,21.0,22.0,21.0,22.0,22.0,22.0,21.0,21.0,21.0,21.0,10.0,locate,0,0,2.697
1788795877.2506,2026-09-07 17:44:37.250,9,c2,0,0,-0.04443,-0.48961,0.05061,-4.9529,12.321,-27.3713,-0.1295,-0.0195,-0.8716,4.69155,25.0,26.0,26.0,24.0,24.0,25.0,25.0,23.0,24.0,25.0,24.0,22.0,25.0,24.0,21.0,22.0,24.0,23.0,23.0,22.0,22.0,21.0,21.0,21.0,21.0,22.0,22.0,22.0,21.0,22.0,21.0,22.0,22.0,22.0,21.0,21.0,21.0,21.0,10.0,locate,0,0,2.7441
1788795877.3007,2026-09-07 17:44:37.300,9,c2,1,0,-0.04444,-0.48962,0.05062,-4.5789,11.9719,-27.5009,-0.1237,-0.0113,-0.8686,4.6903,23.0,25.0,26.0,23.0,24.0,24.0,24.0,19.0,24.0,27.0,23.0,19.0,24.0,26.0,22.0,21.0,27.0,23.0,21.0,22.0,22.0,21.0,21.0,21.0,21.0,22.0,22.0,22.0,21.0,22.0,21.0,22.0,22.0,22.0,21.0,21.0,21.0,21.0,10.0,press,0,0,2.7553
1788795877.3508,2026-09-07 17:44:37.350,9,c2,1,0,-0.04442,-0.48961,0.0506,-4.8911,12.3497,-27.4928,-0.1295,-0.0212,-0.87,4.68929,23.0,25.0,26.0,23.0,24.0,24.0,24.0,19.0,24.0,27.0,23.0,19.0,24.0,26.0,22.0,21.0,27.0,23.0,21.0,22.0,22.0,21.0,21.0,21.0,21.0,22.0,22.0,22.0,21.0,22.0,21.0,22.0,22.0,22.0,21.0,21.0,21.0,21.0,10.0,press,0,0,2.7642
1788795877.401,2026-09-07 17:44:37.401,9,c2,1,0,-0.04444,-0.48963,0.05059,-4.5515,11.8417,-27.6313,-0.1179,-0.0104,-0.8625,4.70137,20.0,26.0,26.0,20.0,25.0,25.0,24.0,19.0,25.0,28.0,26.0,21.0,25.0,26.0,24.0,21.0,26.0,23.0,19.0,22.0,22.0,21.0,21.0,21.0,21.0,22.0,22.0,22.0,21.0,22.0,21.0,22.0,22.0,22.0,21.0,21.0,21.0,21.0,10.0,press,0,0,2.6567
1788795877.4512,2026-09-07 17:44:37.451,9,c2,1,0,-0.04444,-0.48964,0.05054,-5.0853,12.3121,-27.4719,-0.1269,-0.0256,-0.8714,4.70011,20.0,26.0,26.0,20.0,25.0,25.0,24.0,19.0,25.0,28.0,26.0,21.0,25.0,26.0,24.0,21.0,26.0,23.0,19.0,22.0,22.0,21.0,21.0,21.0,21.0,22.0,22.0,22.0,21.0,22.0,21.0,22.0,22.0,22.0,21.0,21.0,21.0,21.0,10.0,press,0,0,2.6679
1788795877.5013,2026-09-07 17:44:37.501,9,c2,1,0,-0.04444,-0.48966,0.05042,-4.71,12.5732,-27.3344,-0.1356,-0.0132,-0.8613,4.68904,22.0,26.0,27.0,21.0,25.0,25.0,24.0,22.0,24.0,26.0,26.0,23.0,23.0,25.0,25.0,22.0,25.0,25.0,22.0,22.0,22.0,21.0,21.0,21.0,21.0,22.0,22.0,22.0,21.0,22.0,21.0,22.0,22.0,22.0,21.0,21.0,21.0,21.0,10.0,press,0,0,2.7665
1788795877.5515,2026-09-07 17:44:37.551,9,c2,1,0,-0.04446,-0.48965,0.05023,-4.4577,11.8663,-27.5391,-0.1172,-0.0068,-0.8586,4.70162,21.0,26.0,26.0,22.0,25.0,26.0,26.0,21.0,23.0,27.0,25.0,22.0,23.0,27.0,23.0,22.0,26.0,23.0,22.0,22.0,22.0,21.0,21.0,21.0,21.0,22.0,22.0,22.0,21.0,22.0,21.0,22.0,22.0,22.0,21.0,21.0,21.0,21.0,10.0,press,0,0,2.6545
1788795877.6016,2026-09-07 17:44:37.601,9,c2,1,0,-0.04444,-0.48965,0.05001,-5.2376,12.0536,-27.3492,-0.1212,-0.0286,-0.8688,4.69256,21.0,26.0,26.0,22.0,25.0,26.0,26.0,21.0,23.0,27.0,25.0,22.0,23.0,27.0,23.0,22.0,26.0,23.0,22.0,22.0,22.0,21.0,21.0,21.0,21.0,22.0,22.0,22.0,21.0,22.0,21.0,22.0,22.0,22.0,21.0,21.0,21.0,21.0,10.0,press,0,0,2.7351
1788795877.6516,2026-09-07 17:44:37.651,9,c2,1,0,-0.04444,-0.48963,0.0498,-5.3308,12.6621,-27.2062,-0.137,-0.0308,-0.8667,4.69306,23.0,25.0,27.0,22.0,24.0,25.0,24.0,20.0,26.0,28.0,24.0,20.0,26.0,27.0,24.0,21.0,26.0,24.0,19.0,22.0,22.0,21.0,21.0,21.0,21.0,22.0,22.0,22.0,21.0,22.0,21.0,22.0,22.0,22.0,21.0,21.0,21.0,21.0,10.0,press,0,0,2.7306
1788795877.7017,2026-09-07 17:44:37.701,9,c2,1,0,-0.04443,-0.48963,0.04954,-5.2602,12.4611,-27.2654,-0.1363,-0.0282,-0.864,4.70112,23.0,25.0,27.0,22.0,24.0,25.0,24.0,20.0,26.0,28.0,24.0,20.0,26.0,27.0,24.0,21.0,26.0,24.0,19.0,22.0,22.0,21.0,21.0,21.0,21.0,22.0,22.0,22.0,21.0,22.0,21.0,22.0,22.0,22.0,21.0,21.0,21.0,21.0,10.0,press,0,0,2.6589
1788795877.7519,2026-09-07 17:44:37.751,9,c2,1,0,-0.04443,-0.48963,0.04924,-4.5516,12.01,-27.6069,-0.1222,-0.0107,-0.8603,4.69407,19.0,28.0,28.0,19.0,26.0,27.0,24.0,21.0,25.0,28.0,25.0,20.0,24.0,27.0,24.0,23.0,25.0,24.0,21.0,22.0,22.0,21.0,21.0,21.0,21.0,22.0,22.0,22.0,21.0,22.0,21.0,22.0,22.0,22.0,21.0,21.0,21.0,21.0,10.0,press,0,0,2.7217
1788795877.8019,2026-09-07 17:44:37.801,9,c2,1,0,-0.04443,-0.48963,0.04896,-4.7711,12.0296,-27.6015,-0.126,-0.0177,-0.856,4.70263,19.0,28.0,28.0,19.0,26.0,27.0,24.0,21.0,25.0,28.0,25.0,20.0,24.0,27.0,24.0,23.0,25.0,24.0,21.0,22.0,22.0,21.0,21.0,21.0,21.0,22.0,22.0,22.0,21.0,22.0,21.0,22.0,22.0,22.0,21.0,21.0,21.0,21.0,10.0,press,0,0,2.6455
1788795877.852,2026-09-07 17:44:37.851,9,c2,1,0,-0.04441,-0.48962,0.04859,-4.8902,12.323,-27.6571,-0.1336,-0.0206,-0.8641,4.69533,23.0,26.0,27.0,20.0,24.0,26.0,24.0,21.0,25.0,27.0,24.0,21.0,24.0,25.0,22.0,22.0,26.0,22.0,20.0,22.0,22.0,21.0,21.0,21.0,21.0,22.0,22.0,22.0,21.0,22.0,21.0,22.0,22.0,22.0,21.0,21.0,21.0,21.0,10.0,press,0,0,2.7105
1788795877.9021,2026-09-07 17:44:37.902,9,c2,1,0,-0.04443,-0.48963,0.04826,-4.9067,12.2173,-27.5559,-0.1275,-0.0208,-0.8641,4.67922,22.0,26.0,25.0,20.0,26.0,25.0,23.0,22.0,25.0,28.0,25.0,21.0,25.0,26.0,23.0,22.0,26.0,23.0,21.0,22.0,22.0,21.0,21.0,21.0,21.0,22.0,22.0,22.0,21.0,22.0,21.0,22.0,22.0,22.0,21.0,21.0,21.0,21.0,10.0,press,0,0,2.8538
1788795877.9523,2026-09-07 17:44:37.952,9,c2,1,0,-0.04445,-0.48963,0.04792,-4.9332,12.3146,-27.5345,-0.1298,-0.0205,-0.8605,4.69533,22.0,26.0,25.0,20.0,26.0,25.0,23.0,22.0,25.0,28.0,25.0,21.0,25.0,26.0,23.0,22.0,26.0,23.0,21.0,22.0,22.0,21.0,21.0,21.0,21.0,22.0,22.0,22.0,21.0,22.0,21.0,22.0,22.0,22.0,21.0,21.0,21.0,21.0,10.0,press,0,0,2.7105
1788795878.0024,2026-09-07 17:44:38.002,9,c2,1,0,-0.04444,-0.48962,0.04757,-4.6796,12.016,-27.4111,-0.1242,-0.013,-0.8576,4.69684,22.0,26.0,27.0,21.0,25.0,25.0,25.0,21.0,26.0,28.0,24.0,20.0,25.0,26.0,23.0,19.0,26.0,24.0,18.0,22.0,22.0,21.0,21.0,21.0,21.0,22.0,22.0,22.0,21.0,22.0,21.0,22.0,22.0,22.0,21.0,21.0,21.0,21.0,10.0,press,0,0,2.697
1788795878.0524,2026-09-07 17:44:38.052,9,c2,1,0,-0.04445,-0.48962,0.04726,-4.7127,11.8571,-27.5495,-0.1174,-0.0159,-0.8618,4.69483,22.0,26.0,27.0,21.0,25.0,25.0,25.0,21.0,26.0,28.0,24.0,20.0,25.0,26.0,23.0,19.0,26.0,24.0,18.0,22.0,22.0,21.0,21.0,21.0,21.0,22.0,22.0,22.0,21.0,22.0,21.0,22.0,22.0,22.0,21.0,21.0,21.0,21.0,10.0,press,0,0,2.7149
1788795878.1026,2026-09-07 17:44:38.102,9,c2,1,0,-0.04443,-0.48962,0.0469,-4.4872,11.7769,-27.6804,-0.1175,-0.0071,-0.8545,4.70011,21.0,26.0,26.0,19.0,26.0,26.0,23.0,21.0,26.0,27.0,24.0,21.0,25.0,26.0,23.0,22.0,26.0,24.0,22.0,22.0,22.0,21.0,21.0,21.0,21.0,22.0,22.0,22.0,21.0,22.0,21.0,22.0,22.0,22.0,21.0,21.0,21.0,21.0,10.0,press,0,0,2.6679
1788795878.1527,2026-09-07 17:44:38.152,9,c2,1,0,-0.04445,-0.4896,0.04656,-4.8286,12.0141,-27.4294,-0.1213,-0.0163,-0.8549,4.69206,21.0,26.0,26.0,21.0,26.0,26.0,24.0,21.0,26.0,28.0,26.0,22.0,25.0,27.0,24.0,23.0,25.0,23.0,23.0,22.0,22.0,21.0,21.0,21.0,21.0,22.0,22.0,22.0,21.0,22.0,21.0,22.0,22.0,22.0,21.0,21.0,21.0,21.0,10.0,press,0,0,2.7396
1788795878.2028,2026-09-07 17:44:38.202,9,c2,1,0,-0.04444,-0.48962,0.04624,-5.0219,11.8696,-27.5446,-0.1158,-0.022,-0.8571,4.68526,21.0,26.0,26.0,21.0,26.0,26.0,24.0,21.0,26.0,28.0,26.0,22.0,25.0,27.0,24.0,23.0,25.0,23.0,23.0,22.0,22.0,21.0,21.0,21.0,21.0,22.0,22.0,22.0,21.0,22.0,21.0,22.0,22.0,22.0,21.0,21.0,21.0,21.0,10.0,press,0,0,2.8001
1788795878.2529,2026-09-07 17:44:38.252,9,c2,1,0,-0.04444,-0.48962,0.04591,-5.0063,12.077,-27.5353,-0.1224,-0.0231,-0.8603,4.68979,23.0,28.0,27.0,22.0,27.0,26.0,25.0,23.0,25.0,26.0,25.0,22.0,25.0,26.0,23.0,24.0,25.0,23.0,22.0,22.0,22.0,21.0,21.0,21.0,21.0,22.0,22.0,22.0,21.0,22.0,21.0,22.0,22.0,22.0,21.0,21.0,21.0,21.0,10.0,press,0,0,2.7597
1788795878.3031,2026-09-07 17:44:38.303,9,c2,1,0,-0.04443,-0.48961,0.04556,-5.1516,12.2634,-27.4261,-0.1258,-0.0282,-0.8559,4.68979,23.0,28.0,27.0,22.0,27.0,26.0,25.0,23.0,25.0,26.0,25.0,22.0,25.0,26.0,23.0,24.0,25.0,23.0,22.0,22.0,22.0,21.0,21.0,21.0,21.0,22.0,22.0,22.0,21.0,22.0,21.0,22.0,22.0,22.0,21.0,21.0,21.0,21.0,10.0,press,0,0,2.7597
1788795878.3531,2026-09-07 17:44:38.353,9,c2,1,0,-0.04443,-0.48961,0.04522,-4.9586,12.2807,-27.239,-0.1315,-0.0211,-0.8533,4.69684,23.0,26.0,27.0,21.0,27.0,25.0,25.0,23.0,25.0,29.0,27.0,23.0,25.0,26.0,25.0,23.0,26.0,24.0,21.0,22.0,22.0,21.0,21.0,21.0,21.0,22.0,22.0,22.0,21.0,22.0,21.0,22.0,22.0,22.0,21.0,21.0,21.0,21.0,10.0,press,0,0,2.697
1788795878.4032,2026-09-07 17:44:38.403,9,c2,1,0,-0.04444,-0.48963,0.04491,-4.8127,12.0332,-27.3252,-0.1253,-0.0201,-0.8528,4.6908,23.0,26.0,27.0,23.0,27.0,26.0,26.0,23.0,26.0,30.0,26.0,23.0,25.0,26.0,24.0,22.0,27.0,25.0,23.0,22.0,22.0,21.0,21.0,21.0,21.0,22.0,22.0,22.0,21.0,22.0,21.0,22.0,22.0,22.0,21.0,21.0,21.0,21.0,10.0,press,0,0,2.7508
1788795878.4533,2026-09-07 17:44:38.453,9,c2,1,0,-0.04446,-0.48963,0.04459,-4.6908,11.8262,-27.1613,-0.1162,-0.0152,-0.8533,4.65933,23.0,26.0,27.0,23.0,27.0,26.0,26.0,23.0,26.0,30.0,26.0,23.0,25.0,26.0,24.0,22.0,27.0,25.0,23.0,22.0,22.0,21.0,21.0,21.0,21.0,22.0,22.0,22.0,21.0,22.0,21.0,22.0,22.0,22.0,21.0,21.0,21.0,21.0,10.0,press,0,0,3.0308
1788795878.5034,2026-09-07 17:44:38.503,9,c2,1,0,-0.04446,-0.48963,0.04427,-4.8684,11.8997,-27.2172,-0.1203,-0.0184,-0.851,4.63818,20.0,27.0,28.0,21.0,27.0,28.0,25.0,22.0,28.0,30.0,25.0,23.0,26.0,27.0,23.0,22.0,25.0,23.0,21.0,22.0,22.0,21.0,21.0,21.0,21.0,22.0,22.0,22.0,21.0,22.0,21.0,22.0,22.0,22.0,21.0,21.0,21.0,21.0,10.0,press,0,0,3.2189
1788795878.5535,2026-09-07 17:44:38.553,9,c2,1,0,-0.04442,-0.48962,0.04392,-5.0081,12.3463,-27.0339,-0.1291,-0.0273,-0.8574,4.5984,20.0,27.0,28.0,21.0,27.0,28.0,25.0,22.0,28.0,30.0,25.0,23.0,26.0,27.0,23.0,22.0,25.0,23.0,21.0,22.0,22.0,21.0,21.0,21.0,21.0,22.0,22.0,22.0,21.0,22.0,21.0,22.0,22.0,22.0,21.0,21.0,21.0,21.0,10.0,press,0,0,3.5728
1788795878.6036,2026-09-07 17:44:38.603,9,c2,1,0,-0.04443,-0.48962,0.0436,-4.7567,11.9536,-27.0593,-0.1197,-0.0223,-0.8487,4.56365,23.0,28.0,27.0,23.0,29.0,26.0,24.0,23.0,29.0,29.0,26.0,24.0,26.0,26.0,24.0,22.0,26.0,24.0,22.0,22.0,22.0,21.0,21.0,21.0,21.0,22.0,22.0,22.0,21.0,22.0,21.0,22.0,22.0,22.0,21.0,21.0,21.0,21.0,10.0,press,0,0,3.8819
1788795878.6536,2026-09-07 17:44:38.653,9,c2,1,0,-0.04444,-0.48962,0.04323,-4.7054,11.8983,-26.89,-0.118,-0.0229,-0.8519,4.53067,23.0,28.0,27.0,23.0,30.0,26.0,25.0,22.0,30.0,29.0,27.0,22.0,26.0,26.0,25.0,22.0,25.0,25.0,22.0,22.0,22.0,21.0,21.0,21.0,21.0,22.0,22.0,22.0,21.0,22.0,21.0,22.0,22.0,22.0,21.0,21.0,21.0,21.0,10.0,press,0,0,4.1754
1788795878.7038,2026-09-07 17:44:38.703,9,c2,1,0,-0.04444,-0.48962,0.04288,-4.6658,11.9301,-26.7033,-0.1228,-0.0257,-0.8483,4.49164,23.0,28.0,27.0,23.0,30.0,26.0,25.0,22.0,30.0,29.0,27.0,22.0,26.0,26.0,25.0,22.0,25.0,25.0,22.0,22.0,22.0,21.0,21.0,21.0,21.0,22.0,22.0,22.0,21.0,22.0,21.0,22.0,22.0,22.0,21.0,21.0,21.0,21.0,10.0,press,0,0,4.5226
1788795878.754,2026-09-07 17:44:38.753,9,c2,1,0,-0.04444,-0.48963,0.04256,-4.5461,11.8916,-26.317,-0.1228,-0.0242,-0.8485,4.44331,24.0,27.0,29.0,22.0,29.0,27.0,26.0,20.0,29.0,29.0,25.0,21.0,26.0,26.0,24.0,21.0,26.0,24.0,22.0,22.0,22.0,21.0,21.0,21.0,21.0,22.0,22.0,22.0,21.0,22.0,21.0,22.0,22.0,22.0,21.0,21.0,21.0,21.0,10.0,press,0,0,4.9526
1788795878.8041,2026-09-07 17:44:38.804,9,c2,1,0,-0.04442,-0.48962,0.04224,-4.4819,12.0935,-26.2808,-0.1228,-0.0283,-0.8494,4.38515,24.0,27.0,29.0,22.0,29.0,27.0,26.0,20.0,29.0,29.0,25.0,21.0,26.0,26.0,24.0,21.0,26.0,24.0,22.0,22.0,22.0,21.0,21.0,21.0,21.0,22.0,22.0,22.0,21.0,22.0,21.0,22.0,22.0,22.0,21.0,21.0,21.0,21.0,10.0,press,0,0,5.47
1788795878.8545,2026-09-07 17:44:38.854,9,c2,1,0,-0.04443,-0.48964,0.04195,-4.3403,11.9121,-26.1125,-0.1213,-0.0294,-0.8458,4.31918,23.0,25.0,28.0,22.0,30.0,28.0,25.0,23.0,32.0,30.0,27.0,22.0,27.0,26.0,25.0,23.0,27.0,25.0,23.0,22.0,22.0,21.0,21.0,21.0,21.0,22.0,22.0,22.0,21.0,22.0,21.0,22.0,22.0,22.0,21.0,21.0,21.0,21.0,10.0,press,0,0,6.0569
1788795878.9046,2026-09-07 17:44:38.904,9,c2,1,0,-0.04446,-0.48962,0.04165,-4.1735,12.1105,-25.7863,-0.1259,-0.0256,-0.8505,4.26757,23.0,25.0,28.0,22.0,30.0,28.0,25.0,23.0,32.0,30.0,27.0,22.0,27.0,26.0,25.0,23.0,27.0,25.0,23.0,22.0,22.0,21.0,21.0,21.0,21.0,22.0,22.0,22.0,21.0,22.0,21.0,22.0,22.0,22.0,21.0,21.0,21.0,21.0,10.0,press,0,0,6.5161
1788795878.9549,2026-09-07 17:44:38.954,9,c2,1,0,-0.04443,-0.48962,0.04142,-4.0982,11.5532,-25.8914,-0.1115,-0.029,-0.8457,4.21847,22.0,25.0,29.0,20.0,31.0,28.0,26.0,22.0,31.0,31.0,25.0,21.0,27.0,27.0,23.0,21.0,28.0,23.0,22.0,22.0,22.0,21.0,21.0,21.0,21.0,22.0,22.0,22.0,21.0,22.0,21.0,22.0,22.0,22.0,21.0,21.0,21.0,21.0,10.0,press,0,0,6.9528
1788795879.0049,2026-09-07 17:44:39.004,9,c2,1,0,-0.04443,-0.48961,0.04119,-4.3916,12.2207,-25.6515,-0.1263,-0.0374,-0.8465,4.17693,22.0,25.0,29.0,21.0,33.0,29.0,26.0,20.0,29.0,31.0,26.0,20.0,26.0,26.0,23.0,19.0,27.0,23.0,20.0,22.0,22.0,21.0,21.0,21.0,21.0,22.0,22.0,22.0,21.0,22.0,21.0,22.0,22.0,22.0,21.0,21.0,21.0,21.0,10.0,press,0,0,7.3224
1788795879.055,2026-09-07 17:44:39.055,9,c2,1,0,-0.04442,-0.48962,0.04101,-3.9235,12.1445,-25.4725,-0.1272,-0.0302,-0.8426,4.116,22.0,25.0,29.0,21.0,33.0,29.0,26.0,20.0,29.0,31.0,26.0,20.0,26.0,26.0,23.0,19.0,27.0,23.0,20.0,22.0,22.0,21.0,21.0,21.0,21.0,22.0,22.0,22.0,21.0,22.0,21.0,22.0,22.0,22.0,21.0,21.0,21.0,21.0,10.0,press,0,0,7.8645
1788795879.1051,2026-09-07 17:44:39.105,9,c2,1,0,-0.04444,-0.48963,0.04089,-3.7371,11.9878,-25.4173,-0.1223,-0.0253,-0.8385,4.09863,20.0,23.0,28.0,20.0,34.0,28.0,26.0,21.0,31.0,31.0,27.0,21.0,29.0,28.0,24.0,22.0,29.0,25.0,22.0,22.0,22.0,21.0,21.0,21.0,21.0,22.0,22.0,22.0,21.0,22.0,21.0,22.0,22.0,22.0,21.0,21.0,21.0,21.0,10.0,press,0,0,8.019
1788795879.1552,2026-09-07 17:44:39.155,9,c2,1,0,-0.04445,-0.48964,0.0408,-4.0682,12.1421,-25.2066,-0.1274,-0.0378,-0.8414,4.06715,20.0,23.0,28.0,20.0,34.0,28.0,26.0,21.0,31.0,31.0,27.0,21.0,29.0,28.0,24.0,22.0,29.0,25.0,22.0,22.0,22.0,21.0,21.0,21.0,21.0,22.0,22.0,22.0,21.0,22.0,21.0,22.0,22.0,22.0,21.0,21.0,21.0,21.0,10.0,press,0,0,8.299
1788795879.2053,2026-09-07 17:44:39.205,9,c2,1,0,-0.04445,-0.48963,0.04071,-4.3721,11.8592,-25.1616,-0.1187,-0.043,-0.8479,4.05406,23.0,24.0,30.0,21.0,35.0,28.0,27.0,22.0,34.0,31.0,27.0,22.0,30.0,28.0,24.0,21.0,28.0,24.0,21.0,22.0,22.0,21.0,21.0,21.0,21.0,22.0,22.0,22.0,21.0,22.0,21.0,22.0,22.0,22.0,21.0,21.0,21.0,21.0,10.0,press,0,0,8.4155
1788795879.2554,2026-09-07 17:44:39.255,9,c2,1,0,-0.04443,-0.48962,0.04066,-3.6194,11.9431,-25.1603,-0.1215,-0.0275,-0.8342,4.0387,24.0,27.0,29.0,22.0,40.0,29.0,27.0,23.0,33.0,33.0,27.0,23.0,29.0,29.0,24.0,23.0,28.0,24.0,23.0,22.0,22.0,21.0,21.0,21.0,21.0,22.0,22.0,22.0,21.0,22.0,21.0,22.0,22.0,22.0,21.0,21.0,21.0,21.0,10.0,press,0,0,8.5521
1788795879.3055,2026-09-07 17:44:39.305,9,c2,1,0,-0.04442,-0.48963,0.04067,-3.8,11.6682,-25.0529,-0.1154,-0.0291,-0.8403,4.05381,24.0,27.0,29.0,22.0,40.0,29.0,27.0,23.0,33.0,33.0,27.0,23.0,29.0,29.0,24.0,23.0,28.0,24.0,23.0,22.0,22.0,21.0,21.0,21.0,21.0,22.0,22.0,22.0,21.0,22.0,21.0,22.0,22.0,22.0,21.0,21.0,21.0,21.0,10.0,hold,0,0,8.4177
1788795879.3557,2026-09-07 17:44:39.355,9,c2,1,0,-0.04443,-0.48963,0.04066,-4.3261,12.0268,-25.0157,-0.1233,-0.0402,-0.845,4.05381,24.0,27.0,28.0,22.0,39.0,29.0,27.0,21.0,33.0,32.0,28.0,21.0,31.0,27.0,25.0,22.0,26.0,25.0,21.0,22.0,22.0,21.0,21.0,21.0,21.0,22.0,22.0,22.0,21.0,22.0,21.0,22.0,22.0,22.0,21.0,21.0,21.0,21.0,10.0,hold,0,0,8.4177
1788795879.4058,2026-09-07 17:44:39.405,9,c2,1,0,-0.04441,-0.48962,0.04062,-3.8332,12.0758,-25.0444,-0.1234,-0.0305,-0.8437,4.04852,24.0,27.0,28.0,22.0,39.0,29.0,27.0,21.0,33.0,32.0,28.0,21.0,31.0,27.0,25.0,22.0,26.0,25.0,21.0,22.0,22.0,21.0,21.0,21.0,21.0,22.0,22.0,22.0,21.0,22.0,21.0,22.0,22.0,22.0,21.0,21.0,21.0,21.0,10.0,hold,0,0,8.4648
1788795879.4558,2026-09-07 17:44:39.455,9,c2,1,0,-0.04443,-0.48962,0.04061,-4.1027,12.1138,-24.9687,-0.1271,-0.0384,-0.8409,4.04601,21.0,27.0,27.0,22.0,40.0,29.0,28.0,22.0,35.0,33.0,29.0,22.0,31.0,29.0,26.0,23.0,29.0,28.0,22.0,22.0,22.0,21.0,21.0,21.0,21.0,22.0,22.0,22.0,21.0,22.0,21.0,22.0,22.0,22.0,21.0,21.0,21.0,21.0,10.0,hold,0,0,8.4871
1788795879.506,2026-09-07 17:44:39.506,9,c2,1,0,-0.04443,-0.48962,0.04062,-3.9864,11.8288,-25.0899,-0.1231,-0.0356,-0.8354,4.05583,22.0,27.0,29.0,23.0,40.0,29.0,29.0,21.0,35.0,32.0,27.0,20.0,31.0,28.0,24.0,22.0,28.0,24.0,21.0,22.0,22.0,21.0,21.0,21.0,21.0,22.0,22.0,22.0,21.0,22.0,21.0,22.0,22.0,22.0,21.0,21.0,21.0,21.0,10.0,hold,0,0,8.3998
1788795879.5561,2026-09-07 17:44:39.556,9,c2,1,0,-0.04441,-0.48961,0.04062,-3.8581,11.869,-25.0103,-0.1178,-0.0333,-0.8393,4.05583,22.0,27.0,29.0,23.0,40.0,29.0,29.0,21.0,35.0,32.0,27.0,20.0,31.0,28.0,24.0,22.0,28.0,24.0,21.0,22.0,22.0,21.0,21.0,21.0,21.0,22.0,22.0,22.0,21.0,22.0,21.0,22.0,22.0,22.0,21.0,21.0,21.0,21.0,10.0,hold,0,0,8.3998
1788795879.6062,2026-09-07 17:44:39.606,9,c2,1,0,-0.04444,-0.48962,0.04062,-3.8776,11.4137,-25.2004,-0.1073,-0.0303,-0.8411,4.06187,22.0,27.0,29.0,21.0,40.0,29.0,27.0,22.0,34.0,29.0,26.0,21.0,28.0,28.0,25.0,22.0,27.0,24.0,20.0,22.0,22.0,21.0,21.0,21.0,21.0,22.0,22.0,22.0,21.0,22.0,21.0,22.0,22.0,22.0,21.0,21.0,21.0,21.0,10.0,hold,0,0,8.346
1788795879.6563,2026-09-07 17:44:39.656,9,c2,1,0,-0.04443,-0.48962,0.04061,-4.5077,12.1419,-24.806,-0.1236,-0.0454,-0.8513,4.06841,22.0,27.0,29.0,21.0,40.0,29.0,27.0,22.0,34.0,29.0,26.0,21.0,28.0,28.0,25.0,22.0,27.0,24.0,20.0,22.0,22.0,21.0,21.0,21.0,21.0,22.0,22.0,22.0,21.0,22.0,21.0,22.0,22.0,22.0,21.0,21.0,21.0,21.0,10.0,hold,0,0,8.2878
1788795879.7064,2026-09-07 17:44:39.706,9,c2,1,0,-0.04445,-0.48962,0.04061,-3.673,11.5818,-25.0167,-0.1134,-0.0264,-0.8379,4.06111,22.0,26.0,28.0,21.0,41.0,29.0,28.0,22.0,33.0,32.0,27.0,22.0,29.0,29.0,23.0,23.0,28.0,24.0,22.0,22.0,22.0,21.0,21.0,21.0,21.0,22.0,22.0,22.0,21.0,22.0,21.0,22.0,22.0,22.0,21.0,21.0,21.0,21.0,10.0,hold,0,0,8.3528
1788795879.7565,2026-09-07 17:44:39.756,9,c2,1,0,-0.04444,-0.48961,0.04061,-4.4421,12.2582,-25.1459,-0.1265,-0.045,-0.8432,4.0659,24.0,26.0,29.0,22.0,39.0,29.0,28.0,20.0,34.0,31.0,27.0,21.0,30.0,27.0,24.0,20.0,28.0,24.0,21.0,22.0,22.0,21.0,21.0,21.0,21.0,22.0,22.0,22.0,21.0,22.0,21.0,22.0,22.0,22.0,21.0,21.0,21.0,21.0,10.0,hold,0,0,8.3102
1788795879.8066,2026-09-07 17:44:39.806,9,c2,1,0,-0.04443,-0.48962,0.04061,-4.2995,11.9006,-24.7867,-0.1191,-0.0436,-0.8464,4.06816,24.0,26.0,29.0,22.0,39.0,29.0,28.0,20.0,34.0,31.0,27.0,21.0,30.0,27.0,24.0,20.0,28.0,24.0,21.0,22.0,22.0,21.0,21.0,21.0,21.0,22.0,22.0,22.0,21.0,22.0,21.0,22.0,22.0,22.0,21.0,21.0,21.0,21.0,10.0,hold,0,0,8.29
1788795879.8567,2026-09-07 17:44:39.856,9,c2,1,0,-0.04442,-0.48961,0.04061,-4.2619,12.1993,-24.7951,-0.1289,-0.0441,-0.841,4.06766,22.0,27.0,28.0,20.0,41.0,29.0,29.0,21.0,33.0,33.0,27.0,20.0,30.0,28.0,24.0,20.0,28.0,24.0,21.0,22.0,22.0,21.0,21.0,21.0,21.0,22.0,22.0,22.0,21.0,22.0,21.0,22.0,22.0,22.0,21.0,21.0,21.0,21.0,10.0,hold,0,0,8.2945
1788795879.9068,2026-09-07 17:44:39.906,9,c2,1,0,-0.04442,-0.48962,0.04061,-4.2313,11.8888,-24.7877,-0.1176,-0.0418,-0.8438,4.07118,22.0,27.0,28.0,20.0,41.0,29.0,29.0,21.0,33.0,33.0,27.0,20.0,30.0,28.0,24.0,20.0,28.0,24.0,21.0,22.0,22.0,21.0,21.0,21.0,21.0,22.0,22.0,22.0,21.0,22.0,21.0,22.0,22.0,22.0,21.0,21.0,21.0,21.0,10.0,hold,0,0,8.2632
1788795879.9571,2026-09-07 17:44:39.957,9,c2,1,0,-0.04446,-0.48963,0.04063,-4.1558,12.2681,-24.9301,-0.1266,-0.0383,-0.8365,4.07974,22.0,26.0,29.0,20.0,41.0,29.0,27.0,22.0,33.0,33.0,27.0,20.0,29.0,29.0,23.0,21.0,28.0,24.0,20.0,22.0,22.0,21.0,21.0,21.0,21.0,22.0,22.0,22.0,21.0,22.0,21.0,22.0,22.0,22.0,21.0,21.0,21.0,21.0,10.0,hold,0,0,8.187
1788795880.0073,2026-09-07 17:44:40.007,9,c2,1,0,-0.04444,-0.4896,0.04059,-4.5772,11.8148,-24.939,-0.1178,-0.0488,-0.8439,4.07345,22.0,26.0,29.0,20.0,41.0,29.0,27.0,22.0,33.0,33.0,27.0,20.0,29.0,29.0,23.0,21.0,28.0,24.0,20.0,22.0,22.0,21.0,21.0,21.0,21.0,22.0,22.0,22.0,21.0,22.0,21.0,22.0,22.0,22.0,21.0,21.0,21.0,21.0,10.0,hold,0,0,8.243
1788795880.0573,2026-09-07 17:44:40.057,9,c2,1,0,-0.04442,-0.4896,0.04061,-4.0165,12.0734,-24.884,-0.1251,-0.0388,-0.8376,4.07269,22.0,24.0,29.0,19.0,40.0,29.0,28.0,21.0,34.0,33.0,28.0,21.0,30.0,30.0,23.0,21.0,29.0,25.0,20.0,22.0,22.0,21.0,21.0,21.0,21.0,22.0,22.0,22.0,21.0,22.0,21.0,22.0,22.0,22.0,21.0,21.0,21.0,21.0,10.0,hold,0,0,8.2497
1788795880.1075,2026-09-07 17:44:40.107,9,c2,1,0,-0.04444,-0.48962,0.04062,-4.3287,12.2381,-24.9261,-0.1283,-0.0448,-0.8423,4.08151,22.0,27.0,29.0,22.0,39.0,29.0,27.0,20.0,35.0,32.0,26.0,19.0,30.0,29.0,21.0,20.0,28.0,23.0,19.0,22.0,22.0,21.0,21.0,21.0,21.0,22.0,22.0,22.0,21.0,22.0,21.0,22.0,22.0,22.0,21.0,21.0,21.0,21.0,10.0,hold,0,0,8.1713
1788795880.1575,2026-09-07 17:44:40.157,9,c2,1,0,-0.04446,-0.48961,0.04061,-4.0345,12.1417,-24.862,-0.125,-0.0367,-0.843,4.08352,22.0,27.0,29.0,22.0,39.0,29.0,27.0,20.0,35.0,32.0,26.0,19.0,30.0,29.0,21.0,20.0,28.0,23.0,19.0,22.0,22.0,21.0,21.0,21.0,21.0,22.0,22.0,22.0,21.0,22.0,21.0,22.0,22.0,22.0,21.0,21.0,21.0,21.0,10.0,hold,0,0,8.1534
1788795880.2076,2026-09-07 17:44:40.207,9,c2,1,0,-0.04443,-0.48961,0.04061,-4.4495,12.2514,-25.0577,-0.1268,-0.0461,-0.8447,4.07823,21.0,28.0,28.0,21.0,41.0,28.0,27.0,23.0,33.0,30.0,28.0,23.0,29.0,27.0,25.0,23.0,25.0,25.0,22.0,22.0,22.0,21.0,21.0,21.0,21.0,22.0,22.0,22.0,21.0,22.0,21.0,22.0,22.0,22.0,21.0,21.0,21.0,21.0,10.0,hold,0,0,8.2004
1788795880.2577,2026-09-07 17:44:40.257,9,c2,1,0,-0.04444,-0.48961,0.04062,-4.2607,12.2193,-24.8671,-0.1255,-0.0428,-0.8423,4.07572,21.0,28.0,28.0,21.0,41.0,28.0,27.0,23.0,33.0,30.0,28.0,23.0,29.0,27.0,25.0,23.0,25.0,25.0,22.0,22.0,22.0,21.0,21.0,21.0,21.0,22.0,22.0,22.0,21.0,22.0,21.0,22.0,22.0,22.0,21.0,21.0,21.0,21.0,10.0,hold,0,0,8.2228
1788795880.3078,2026-09-07 17:44:40.307,9,c2,1,0,-0.04443,-0.48962,0.04061,-4.2776,12.3912,-24.9272,-0.1318,-0.0455,-0.8425,4.09032,23.0,26.0,27.0,23.0,40.0,26.0,28.0,22.0,33.0,32.0,27.0,21.0,29.0,27.0,25.0,21.0,29.0,27.0,21.0,22.0,22.0,21.0,21.0,21.0,21.0,22.0,22.0,22.0,21.0,22.0,21.0,22.0,22.0,22.0,21.0,21.0,21.0,21.0,10.0,hold,0,0,8.0929
1788795880.3579,2026-09-07 17:44:40.357,9,c2,1,0,-0.04444,-0.48962,0.04061,-3.9653,12.3885,-25.0137,-0.131,-0.033,-0.8381,4.08856,22.0,26.0,29.0,20.0,39.0,29.0,28.0,23.0,33.0,32.0,29.0,23.0,31.0,28.0,25.0,23.0,28.0,26.0,21.0,22.0,22.0,21.0,21.0,21.0,21.0,22.0,22.0,22.0,21.0,22.0,21.0,22.0,22.0,22.0,21.0,21.0,21.0,21.0,10.0,hold,0,0,8.1086
1788795880.408,2026-09-07 17:44:40.408,9,c2,1,0,-0.04442,-0.48961,0.04061,-3.9357,11.7154,-25.0758,-0.1125,-0.0355,-0.833,4.08679,22.0,26.0,29.0,20.0,39.0,29.0,28.0,23.0,33.0,32.0,29.0,23.0,31.0,28.0,25.0,23.0,28.0,26.0,21.0,22.0,22.0,21.0,21.0,21.0,21.0,22.0,22.0,22.0,21.0,22.0,21.0,22.0,22.0,22.0,21.0,21.0,21.0,21.0,10.0,hold,0,0,8.1243
1788795880.4581,2026-09-07 17:44:40.458,9,c2,1,0,-0.04444,-0.48963,0.04063,-3.956,11.9331,-24.9054,-0.1232,-0.035,-0.8347,4.08276,23.0,25.0,29.0,22.0,40.0,29.0,28.0,21.0,33.0,31.0,27.0,20.0,30.0,28.0,24.0,21.0,27.0,25.0,21.0,22.0,22.0,21.0,21.0,21.0,21.0,22.0,22.0,22.0,21.0,22.0,21.0,22.0,22.0,22.0,21.0,21.0,21.0,21.0,10.0,hold,0,0,8.1601
1788795880.5082,2026-09-07 17:44:40.508,9,c2,1,0,-0.04443,-0.48963,0.04063,-4.2569,11.7737,-25.0201,-0.1156,-0.0462,-0.8357,4.09485,23.0,25.0,29.0,22.0,40.0,29.0,28.0,21.0,33.0,31.0,27.0,20.0,30.0,28.0,24.0,21.0,27.0,25.0,21.0,22.0,22.0,21.0,21.0,21.0,21.0,22.0,22.0,22.0,21.0,22.0,21.0,22.0,22.0,22.0,21.0,21.0,21.0,21.0,10.0,hold,0,0,8.0526
1788795880.5583,2026-09-07 17:44:40.558,9,c2,1,0,-0.04443,-0.48961,0.04062,-4.1545,11.8665,-24.9651,-0.1187,-0.0403,-0.8319,4.08755,21.0,26.0,29.0,21.0,40.0,28.0,28.0,21.0,32.0,31.0,25.0,20.0,28.0,28.0,22.0,21.0,29.0,24.0,20.0,22.0,22.0,21.0,21.0,21.0,21.0,22.0,22.0,22.0,21.0,22.0,21.0,22.0,22.0,22.0,21.0,21.0,21.0,21.0,10.0,hold,0,0,8.1176
1788795880.6085,2026-09-07 17:44:40.608,9,c2,1,0,-0.04445,-0.48963,0.04062,-4.1967,12.0358,-25.0978,-0.1215,-0.0424,-0.8382,4.09485,22.0,26.0,27.0,21.0,38.0,27.0,28.0,23.0,32.0,33.0,28.0,22.0,29.0,29.0,25.0,22.0,29.0,25.0,21.0,22.0,22.0,21.0,21.0,21.0,21.0,22.0,22.0,22.0,21.0,22.0,21.0,22.0,22.0,22.0,21.0,21.0,21.0,21.0,10.0,hold,0,0,8.0526
1788795880.6586,2026-09-07 17:44:40.658,9,c2,1,0,-0.04444,-0.48962,0.04062,-4.4523,12.1734,-25.131,-0.129,-0.0481,-0.8302,4.08176,22.0,26.0,27.0,21.0,38.0,27.0,28.0,23.0,32.0,33.0,28.0,22.0,29.0,29.0,25.0,22.0,29.0,25.0,21.0,22.0,22.0,21.0,21.0,21.0,21.0,22.0,22.0,22.0,21.0,22.0,21.0,22.0,22.0,22.0,21.0,21.0,21.0,21.0,10.0,hold,0,0,8.1691
1788795880.7087,2026-09-07 17:44:40.708,9,c2,1,0,-0.04443,-0.48961,0.04061,-3.8265,11.2797,-25.2275,-0.1037,-0.0307,-0.8292,4.09158,23.0,25.0,29.0,23.0,40.0,29.0,28.0,23.0,33.0,31.0,28.0,22.0,29.0,28.0,24.0,23.0,27.0,24.0,22.0,22.0,22.0,21.0,21.0,21.0,21.0,22.0,22.0,22.0,21.0,22.0,21.0,22.0,22.0,22.0,21.0,21.0,21.0,21.0,10.0,hold,0,0,8.0817
1788795880.7588,2026-09-07 17:44:40.758,9,c2,1,0,-0.04443,-0.48962,0.04061,-4.09,11.8224,-25.1748,-0.118,-0.0398,-0.8344,4.10089,23.0,25.0,29.0,23.0,40.0,29.0,28.0,23.0,33.0,31.0,28.0,22.0,29.0,28.0,24.0,23.0,27.0,24.0,22.0,22.0,22.0,21.0,21.0,21.0,21.0,22.0,22.0,22.0,21.0,22.0,21.0,22.0,22.0,22.0,21.0,21.0,21.0,21.0,10.0,hold,0,0,7.9989
1788795880.809,2026-09-07 17:44:40.809,9,c2,1,0,-0.04442,-0.48961,0.04061,-4.1584,11.9788,-25.3084,-0.1212,-0.0377,-0.835,4.09183,25.0,26.0,27.0,21.0,39.0,28.0,28.0,23.0,33.0,31.0,27.0,21.0,30.0,28.0,23.0,23.0,28.0,25.0,23.0,22.0,22.0,21.0,21.0,21.0,21.0,22.0,22.0,22.0,21.0,22.0,21.0,22.0,22.0,22.0,21.0,21.0,21.0,21.0,10.0,hold,0,0,8.0795
1788795880.8591,2026-09-07 17:44:40.859,9,c2,1,0,-0.04442,-0.48962,0.0406,-4.3068,12.184,-25.0294,-0.1273,-0.0432,-0.8367,4.10039,22.0,26.0,29.0,21.0,39.0,29.0,28.0,22.0,35.0,31.0,26.0,22.0,31.0,27.0,25.0,21.0,27.0,25.0,22.0,22.0,22.0,21.0,21.0,21.0,21.0,22.0,22.0,22.0,21.0,22.0,21.0,22.0,22.0,22.0,21.0,21.0,21.0,21.0,10.0,hold,0,0,8.0033
1788795880.9093,2026-09-07 17:44:40.909,9,c2,1,0,-0.04444,-0.48962,0.04061,-4.1538,12.4881,-25.2667,-0.1331,-0.0427,-0.8357,4.09309,22.0,26.0,29.0,21.0,39.0,29.0,28.0,22.0,35.0,31.0,26.0,22.0,31.0,27.0,25.0,21.0,27.0,25.0,22.0,22.0,22.0,21.0,21.0,21.0,21.0,22.0,22.0,22.0,21.0,22.0,21.0,22.0,22.0,22.0,21.0,21.0,21.0,21.0,10.0,hold,0,0,8.0683
1788795880.9593,2026-09-07 17:44:40.959,9,c2,1,0,-0.04444,-0.48962,0.04062,-4.3327,12.0464,-24.9001,-0.1217,-0.0427,-0.8401,4.09938,23.0,27.0,28.0,23.0,40.0,29.0,26.0,22.0,34.0,31.0,28.0,21.0,30.0,28.0,25.0,22.0,27.0,24.0,21.0,22.0,22.0,21.0,21.0,21.0,21.0,22.0,22.0,22.0,21.0,22.0,21.0,22.0,22.0,22.0,21.0,21.0,21.0,21.0,10.0,hold,0,0,8.0123
1788795881.0095,2026-09-07 17:44:41.009,9,c2,1,0,-0.04444,-0.48961,0.04061,-4.2163,12.335,-24.9745,-0.1299,-0.0425,-0.8442,4.10316,23.0,27.0,28.0,23.0,40.0,29.0,26.0,22.0,34.0,31.0,28.0,21.0,30.0,28.0,25.0,22.0,27.0,24.0,21.0,22.0,22.0,21.0,21.0,21.0,21.0,22.0,22.0,22.0,21.0,22.0,21.0,22.0,22.0,22.0,21.0,21.0,21.0,21.0,10.0,hold,0,0,7.9787
1788795881.0596,2026-09-07 17:44:41.059,9,c2,1,0,-0.04442,-0.48962,0.04061,-4.1102,11.9109,-25.0464,-0.1217,-0.0398,-0.8344,4.09485,21.0,26.0,27.0,21.0,39.0,27.0,28.0,21.0,34.0,32.0,27.0,21.0,28.0,27.0,25.0,22.0,28.0,24.0,21.0,22.0,22.0,21.0,21.0,21.0,21.0,22.0,22.0,22.0,21.0,22.0,21.0,22.0,22.0,22.0,21.0,21.0,21.0,21.0,10.0,hold,0,0,8.0526
1788795881.1097,2026-09-07 17:44:41.109,9,c2,1,0,-0.04444,-0.48961,0.0406,-4.2033,11.9911,-25.016,-0.1208,-0.0438,-0.8369,4.10694,21.0,26.0,27.0,21.0,39.0,27.0,28.0,21.0,34.0,32.0,27.0,21.0,28.0,27.0,25.0,22.0,28.0,24.0,21.0,22.0,22.0,21.0,21.0,21.0,21.0,22.0,22.0,22.0,21.0,22.0,21.0,22.0,22.0,22.0,21.0,21.0,21.0,21.0,10.0,hold,0,0,7.9451
1788795881.1598,2026-09-07 17:44:41.159,9,c2,1,0,-0.04443,-0.48961,0.04061,-4.2872,11.8299,-25.0065,-0.1174,-0.0443,-0.8382,4.1019,23.0,26.0,29.0,22.0,40.0,28.0,28.0,21.0,35.0,32.0,28.0,20.0,31.0,28.0,24.0,21.0,27.0,24.0,19.0,22.0,22.0,21.0,21.0,21.0,21.0,22.0,22.0,22.0,21.0,22.0,21.0,22.0,22.0,22.0,21.0,21.0,21.0,21.0,10.0,hold,0,0,7.9899
1788795881.21,2026-09-07 17:44:41.209,9,c2,1,0,-0.04443,-0.48961,0.04062,-4.4029,12.0608,-24.8598,-0.1268,-0.046,-0.84,4.10265,22.0,27.0,29.0,21.0,40.0,29.0,27.0,21.0,33.0,32.0,27.0,20.0,28.0,29.0,23.0,21.0,28.0,23.0,21.0,22.0,22.0,21.0,21.0,21.0,21.0,22.0,22.0,22.0,21.0,22.0,21.0,22.0,22.0,22.0,21.0,21.0,21.0,21.0,10.0,hold,0,0,7.9832
1788795881.2601,2026-09-07 17:44:41.260,9,c2,1,0,-0.04442,-0.48961,0.04062,-4.3655,12.4625,-24.9029,-0.1338,-0.0479,-0.8375,4.10744,22.0,27.0,29.0,21.0,40.0,29.0,27.0,21.0,33.0,32.0,27.0,20.0,28.0,29.0,23.0,21.0,28.0,23.0,21.0,22.0,22.0,21.0,21.0,21.0,21.0,22.0,22.0,22.0,21.0,22.0,21.0,22.0,22.0,22.0,21.0,21.0,21.0,21.0,10.0,hold,0,0,7.9406
1788795881.3102,2026-09-07 17:44:41.310,9,c2,1,0,-0.04444,-0.48962,0.04062,-4.1663,12.136,-24.8512,-0.1277,-0.0426,-0.8338,4.10165,21.0,27.0,30.0,21.0,39.0,29.0,27.0,21.0,34.0,32.0,26.0,21.0,30.0,29.0,23.0,21.0,28.0,24.0,22.0,22.0,22.0,21.0,21.0,21.0,21.0,22.0,22.0,22.0,21.0,22.0,21.0,22.0,22.0,22.0,21.0,21.0,21.0,21.0,10.0,hold,0,0,7.9921
1788795881.3603,2026-09-07 17:44:41.360,9,c2,1,0,-0.04444,-0.48962,0.04062,-4.0788,11.9506,-25.1085,-0.1177,-0.0375,-0.8361,4.10467,21.0,27.0,30.0,21.0,39.0,29.0,27.0,21.0,34.0,32.0,26.0,21.0,30.0,29.0,23.0,21.0,28.0,24.0,22.0,22.0,22.0,21.0,21.0,21.0,21.0,22.0,22.0,22.0,21.0,22.0,21.0,22.0,22.0,22.0,21.0,21.0,21.0,21.0,10.0,hold,0,0,7.9653
1788795881.4105,2026-09-07 17:44:41.410,9,c2,1,0,-0.04444,-0.48961,0.04061,-4.4397,11.9731,-24.809,-0.1179,-0.0477,-0.8344,4.10265,23.0,26.0,28.0,21.0,39.0,28.0,27.0,23.0,33.0,31.0,26.0,21.0,30.0,29.0,22.0,22.0,28.0,23.0,21.0,22.0,22.0,21.0,21.0,21.0,21.0,22.0,22.0,22.0,21.0,22.0,21.0,22.0,22.0,22.0,21.0,21.0,21.0,21.0,10.0,hold,0,0,7.9832
1788795881.4606,2026-09-07 17:44:41.460,9,c2,1,0,-0.04443,-0.48961,0.04061,-4.3389,12.3289,-24.909,-0.1297,-0.0463,-0.8384,4.10341,23.0,26.0,28.0,22.0,40.0,29.0,27.0,22.0,34.0,33.0,27.0,21.0,31.0,30.0,25.0,22.0,29.0,25.0,21.0,22.0,22.0,21.0,21.0,21.0,21.0,22.0,22.0,22.0,21.0,22.0,21.0,22.0,22.0,22.0,21.0,21.0,21.0,21.0,10.0,hold,0,0,7.9765
1788795881.5107,2026-09-07 17:44:41.510,9,c2,1,0,-0.04441,-0.48961,0.0406,-4.3411,12.1107,-25.1077,-0.124,-0.0443,-0.8384,4.10618,23.0,26.0,28.0,22.0,40.0,29.0,27.0,22.0,34.0,33.0,27.0,21.0,31.0,30.0,25.0,22.0,29.0,25.0,21.0,22.0,22.0,21.0,21.0,21.0,21.0,22.0,22.0,22.0,21.0,22.0,21.0,22.0,22.0,22.0,21.0,21.0,21.0,21.0,10.0,hold,0,0,7.9518
1788795881.5608,2026-09-07 17:44:41.560,9,c2,1,0,-0.04444,-0.48962,0.04061,-4.5062,12.1771,-25.0226,-0.1236,-0.0474,-0.8407,4.10291,23.0,28.0,29.0,21.0,40.0,29.0,28.0,20.0,34.0,31.0,27.0,19.0,31.0,28.0,24.0,21.0,29.0,24.0,21.0,22.0,22.0,21.0,21.0,21.0,21.0,22.0,22.0,22.0,21.0,22.0,21.0,22.0,22.0,22.0,21.0,21.0,21.0,21.0,10.0,hold,0,0,7.9809
1788795881.6109,2026-09-07 17:44:41.610,9,c2,1,0,-0.04442,-0.48962,0.04061,-4.2745,11.9417,-24.854,-0.1236,-0.0453,-0.8333,4.10618,23.0,28.0,29.0,21.0,40.0,29.0,28.0,20.0,34.0,31.0,27.0,19.0,31.0,28.0,24.0,21.0,29.0,24.0,21.0,22.0,22.0,21.0,21.0,21.0,21.0,22.0,22.0,22.0,21.0,22.0,21.0,22.0,22.0,22.0,21.0,21.0,21.0,21.0,10.0,hold,0,0,7.9518
1788795881.6622,2026-09-07 17:44:41.662,9,c2,1,0,-0.04443,-0.4896,0.04061,-4.3229,12.0611,-25.0525,-0.1221,-0.0463,-0.8309,4.10668,22.0,27.0,28.0,21.0,41.0,28.0,26.0,21.0,34.0,32.0,28.0,20.0,30.0,29.0,25.0,22.0,28.0,25.0,22.0,22.0,22.0,21.0,21.0,21.0,21.0,22.0,22.0,22.0,21.0,22.0,21.0,22.0,22.0,22.0,21.0,21.0,21.0,21.0,10.0,hold,0,0,7.9473
1788795881.7123,2026-09-07 17:44:41.712,9,c2,1,0,-0.04444,-0.48961,0.04061,-4.0782,12.2564,-25.1136,-0.1263,-0.0386,-0.8333,4.11449,21.0,26.0,29.0,20.0,41.0,29.0,28.0,19.0,33.0,32.0,28.0,19.0,30.0,29.0,25.0,19.0,28.0,26.0,20.0,22.0,22.0,21.0,21.0,21.0,21.0,22.0,22.0,22.0,21.0,22.0,21.0,22.0,22.0,22.0,21.0,21.0,21.0,21.0,10.0,hold,0,0,7.8779
1788795881.7625,2026-09-07 17:44:41.762,9,c2,1,0,-0.04442,-0.48962,0.04061,-4.0232,12.0734,-25.0326,-0.128,-0.0354,-0.8317,4.10492,21.0,26.0,29.0,20.0,41.0,29.0,28.0,19.0,33.0,32.0,28.0,19.0,30.0,29.0,25.0,19.0,28.0,26.0,20.0,22.0,22.0,21.0,21.0,21.0,21.0,22.0,22.0,22.0,21.0,22.0,21.0,22.0,22.0,22.0,21.0,21.0,21.0,21.0,10.0,hold,0,0,7.963
1788795881.8126,2026-09-07 17:44:41.812,9,c2,1,0,-0.04443,-0.48962,0.04061,-4.1531,11.9629,-24.9614,-0.1197,-0.0422,-0.8374,4.11298,22.0,26.0,28.0,20.0,40.0,29.0,29.0,20.0,33.0,32.0,27.0,19.0,29.0,28.0,24.0,20.0,27.0,25.0,20.0,22.0,22.0,21.0,21.0,21.0,21.0,22.0,22.0,22.0,21.0,22.0,21.0,22.0,22.0,22.0,21.0,21.0,21.0,21.0,10.0,hold,0,0,7.8913
1788795881.8626,2026-09-07 17:44:41.862,9,c2,1,0,-0.04442,-0.48963,0.04063,-3.9871,12.0668,-25.3006,-0.1181,-0.0349,-0.8283,4.11298,22.0,26.0,28.0,20.0,40.0,29.0,29.0,20.0,33.0,32.0,27.0,19.0,29.0,28.0,24.0,20.0,27.0,25.0,20.0,22.0,22.0,21.0,21.0,21.0,21.0,22.0,22.0,22.0,21.0,22.0,21.0,22.0,22.0,22.0,21.0,21.0,21.0,21.0,10.0,hold,0,0,7.8913
1788795881.9128,2026-09-07 17:44:41.912,9,c2,1,0,-0.04445,-0.48962,0.04062,-3.747,12.0242,-25.2507,-0.1234,-0.0315,-0.8271,4.11298,22.0,26.0,28.0,19.0,40.0,27.0,28.0,22.0,32.0,31.0,27.0,22.0,29.0,28.0,25.0,23.0,27.0,25.0,22.0,22.0,22.0,21.0,21.0,21.0,21.0,22.0,22.0,22.0,21.0,22.0,21.0,22.0,22.0,22.0,21.0,21.0,21.0,21.0,10.0,hold,0,0,7.8913
1788795881.9629,2026-09-07 17:44:41.962,9,c2,1,0,-0.04443,-0.48961,0.04061,-3.9844,11.9737,-25.1436,-0.1213,-0.0361,-0.8294,4.11298,22.0,24.0,29.0,22.0,38.0,29.0,29.0,22.0,32.0,32.0,29.0,21.0,29.0,29.0,26.0,21.0,28.0,27.0,19.0,22.0,22.0,21.0,21.0,21.0,21.0,22.0,22.0,22.0,21.0,22.0,21.0,22.0,22.0,22.0,21.0,21.0,21.0,21.0,10.0,hold,0,0,7.8913
1788795882.0131,2026-09-07 17:44:42.013,9,c2,1,0,-0.04444,-0.48962,0.04062,-4.1006,12.0676,-25.0198,-0.1249,-0.0404,-0.8294,4.11701,22.0,24.0,29.0,22.0,38.0,29.0,29.0,22.0,32.0,32.0,29.0,21.0,29.0,29.0,26.0,21.0,28.0,27.0,19.0,22.0,22.0,21.0,21.0,21.0,21.0,22.0,22.0,22.0,21.0,22.0,21.0,22.0,22.0,22.0,21.0,21.0,21.0,21.0,10.0,hold,0,0,7.8555
1788795882.0632,2026-09-07 17:44:42.063,9,c2,1,0,-0.04444,-0.48961,0.04061,-4.1106,12.2451,-24.9041,-0.1282,-0.0427,-0.8298,4.11147,22.0,25.0,29.0,22.0,38.0,29.0,30.0,22.0,33.0,32.0,28.0,22.0,30.0,28.0,25.0,23.0,28.0,25.0,22.0,22.0,22.0,21.0,21.0,21.0,21.0,22.0,22.0,22.0,21.0,22.0,21.0,22.0,22.0,22.0,21.0,21.0,21.0,21.0,10.0,hold,0,0,7.9048
1788795882.1134,2026-09-07 17:44:42.113,9,c2,1,0,-0.04445,-0.48961,0.04062,-4.0144,11.8453,-25.1264,-0.1169,-0.0383,-0.8285,4.10568,22.0,25.0,29.0,22.0,38.0,29.0,30.0,22.0,33.0,32.0,28.0,22.0,30.0,28.0,25.0,23.0,28.0,25.0,22.0,22.0,22.0,21.0,21.0,21.0,21.0,22.0,22.0,22.0,21.0,22.0,21.0,22.0,22.0,22.0,21.0,21.0,21.0,21.0,10.0,hold,0,0,7.9563
1788795882.1635,2026-09-07 17:44:42.163,9,c2,1,0,-0.04445,-0.48962,0.04062,-4.2275,12.0374,-25.3085,-0.123,-0.0451,-0.8295,4.11499,23.0,25.0,28.0,21.0,39.0,29.0,28.0,20.0,32.0,33.0,28.0,20.0,28.0,29.0,26.0,22.0,29.0,28.0,22.0,22.0,22.0,21.0,21.0,21.0,21.0,22.0,22.0,22.0,21.0,22.0,21.0,22.0,22.0,22.0,21.0,21.0,21.0,21.0,10.0,hold,0,0,7.8734
1788795882.2136,2026-09-07 17:44:42.213,9,c2,1,0,-0.04442,-0.48962,0.04062,-4.0762,12.2906,-25.0479,-0.1313,-0.0413,-0.8309,4.11298,23.0,25.0,28.0,21.0,39.0,29.0,28.0,20.0,32.0,33.0,28.0,20.0,28.0,29.0,26.0,22.0,29.0,28.0,22.0,22.0,22.0,21.0,21.0,21.0,21.0,22.0,22.0,22.0,21.0,22.0,21.0,22.0,22.0,22.0,21.0,21.0,21.0,21.0,10.0,hold,0,0,7.8913
1788795882.2637,2026-09-07 17:44:42.263,9,c2,1,0,-0.04445,-0.48962,0.04061,-4.3546,11.9488,-25.1808,-0.118,-0.0466,-0.8334,4.11096,22.0,25.0,29.0,22.0,39.0,29.0,29.0,21.0,34.0,31.0,27.0,21.0,29.0,28.0,23.0,22.0,28.0,25.0,21.0,22.0,22.0,21.0,21.0,21.0,21.0,22.0,22.0,22.0,21.0,22.0,21.0,22.0,22.0,22.0,21.0,21.0,21.0,21.0,10.0,hold,0,0,7.9093
1788795882.3139,2026-09-07 17:44:42.313,9,c2,1,0,-0.04442,-0.48961,0.04061,-3.9575,11.8706,-25.3256,-0.1192,-0.0351,-0.8348,4.11952,23.0,26.0,28.0,22.0,39.0,28.0,27.0,21.0,33.0,30.0,26.0,20.0,30.0,28.0,24.0,21.0,27.0,24.0,20.0,22.0,22.0,21.0,21.0,21.0,21.0,22.0,22.0,22.0,21.0,22.0,21.0,22.0,22.0,22.0,21.0,21.0,21.0,21.0,10.0,hold,0,0,7.8331
1788795882.364,2026-09-07 17:44:42.363,9,c2,1,0,-0.04445,-0.48962,0.04062,-3.9659,11.6346,-25.2491,-0.112,-0.0356,-0.826,4.116,23.0,26.0,28.0,22.0,39.0,28.0,27.0,21.0,33.0,30.0,26.0,20.0,30.0,28.0,24.0,21.0,27.0,24.0,20.0,22.0,22.0,21.0,21.0,21.0,21.0,22.0,22.0,22.0,21.0,22.0,21.0,22.0,22.0,22.0,21.0,21.0,21.0,21.0,10.0,hold,0,0,7.8645
1788795882.4141,2026-09-07 17:44:42.414,9,c2,1,0,-0.04442,-0.48962,0.04062,-4.1113,12.239,-25.1197,-0.1279,-0.0408,-0.8263,4.11046,22.0,27.0,29.0,21.0,40.0,27.0,28.0,19.0,32.0,32.0,25.0,20.0,28.0,30.0,22.0,19.0,29.0,23.0,19.0,22.0,22.0,21.0,21.0,21.0,21.0,22.0,22.0,22.0,21.0,22.0,21.0,22.0,22.0,22.0,21.0,21.0,21.0,21.0,10.0,hold,0,0,7.9137
1788795882.4643,2026-09-07 17:44:42.464,9,c2,1,0,-0.04442,-0.48962,0.04062,-3.9076,11.6563,-25.3996,-0.112,-0.0343,-0.8259,4.11701,22.0,27.0,29.0,21.0,40.0,27.0,28.0,19.0,32.0,32.0,25.0,20.0,28.0,30.0,22.0,19.0,29.0,23.0,19.0,22.0,22.0,21.0,21.0,21.0,21.0,22.0,22.0,22.0,21.0,22.0,21.0,22.0,22.0,22.0,21.0,21.0,21.0,21.0,10.0,hold,0,0,7.8555
1788795882.5143,2026-09-07 17:44:42.514,9,c2,1,0,-0.04444,-0.48962,0.04062,-4.2505,12.3117,-25.2248,-0.1265,-0.048,-0.8286,4.11323,20.0,25.0,29.0,20.0,38.0,29.0,27.0,22.0,33.0,31.0,28.0,21.0,29.0,28.0,24.0,20.0,28.0,25.0,19.0,22.0,22.0,21.0,21.0,21.0,21.0,22.0,22.0,22.0,21.0,22.0,21.0,22.0,22.0,22.0,21.0,21.0,21.0,21.0,10.0,hold,0,0,7.8891
1788795882.5645,2026-09-07 17:44:42.564,9,c2,1,0,-0.04445,-0.48962,0.04064,-4.0464,11.9939,-25.0065,-0.1196,-0.0385,-0.8302,4.1233,22.0,26.0,28.0,21.0,40.0,29.0,28.0,19.0,34.0,31.0,26.0,19.0,30.0,27.0,23.0,20.0,26.0,25.0,19.0,22.0,22.0,21.0,21.0,21.0,21.0,22.0,22.0,22.0,21.0,22.0,21.0,22.0,22.0,22.0,21.0,21.0,21.0,21.0,10.0,hold,0,0,7.7995
1788795882.6146,2026-09-07 17:44:42.614,9,c2,1,0,-0.04445,-0.48962,0.04062,-4.3587,12.0666,-25.0162,-0.1225,-0.0447,-0.8344,4.116,22.0,26.0,28.0,21.0,40.0,29.0,28.0,19.0,34.0,31.0,26.0,19.0,30.0,27.0,23.0,20.0,26.0,25.0,19.0,22.0,22.0,21.0,21.0,21.0,21.0,22.0,22.0,22.0,21.0,22.0,21.0,22.0,22.0,22.0,21.0,21.0,21.0,21.0,10.0,hold,0,0,7.8645
1788795882.6647,2026-09-07 17:44:42.664,9,c2,1,0,-0.04444,-0.48962,0.04061,-4.119,11.7862,-25.1142,-0.1158,-0.0383,-0.8314,4.11801,22.0,27.0,29.0,19.0,41.0,28.0,26.0,21.0,35.0,30.0,28.0,19.0,31.0,26.0,23.0,20.0,27.0,25.0,20.0,22.0,22.0,21.0,21.0,21.0,21.0,22.0,22.0,22.0,21.0,22.0,21.0,22.0,22.0,22.0,21.0,21.0,21.0,21.0,10.0,hold,0,0,7.8465
1788795882.7148,2026-09-07 17:44:42.714,9,c2,1,0,-0.04443,-0.48963,0.04062,-4.0712,11.7998,-25.0847,-0.1178,-0.0376,-0.8311,4.1228,22.0,27.0,29.0,19.0,41.0,28.0,26.0,21.0,35.0,30.0,28.0,19.0,31.0,26.0,23.0,20.0,27.0,25.0,20.0,22.0,22.0,21.0,21.0,21.0,21.0,22.0,22.0,22.0,21.0,22.0,21.0,22.0,22.0,22.0,21.0,21.0,21.0,21.0,10.0,hold,0,0,7.804
1788795882.7649,2026-09-07 17:44:42.764,9,c2,1,0,-0.04444,-0.48963,0.04063,-4.6162,12.6033,-25.1667,-0.1366,-0.0491,-0.8313,4.1165,20.0,27.0,28.0,20.0,41.0,28.0,29.0,23.0,33.0,32.0,27.0,22.0,29.0,30.0,24.0,22.0,29.0,25.0,21.0,22.0,22.0,21.0,21.0,21.0,21.0,22.0,22.0,22.0,21.0,22.0,21.0,22.0,22.0,22.0,21.0,21.0,21.0,21.0,10.0,hold,0,0,7.86
1788795882.8151,2026-09-07 17:44:42.815,9,c2,1,0,-0.04443,-0.48961,0.04061,-4.3628,12.4904,-24.9599,-0.1316,-0.0478,-0.8326,4.11827,24.0,24.0,30.0,22.0,38.0,29.0,28.0,20.0,33.0,32.0,27.0,20.0,28.0,28.0,23.0,20.0,27.0,25.0,19.0,22.0,22.0,21.0,21.0,21.0,21.0,22.0,22.0,22.0,21.0,22.0,21.0,22.0,22.0,22.0,21.0,21.0,21.0,21.0,10.0,hold,0,0,7.8443
1788795882.8652,2026-09-07 17:44:42.865,9,c2,1,0,-0.04444,-0.48962,0.04062,-4.1482,12.2079,-24.9645,-0.125,-0.0413,-0.8382,4.12406,24.0,24.0,30.0,22.0,38.0,29.0,28.0,20.0,33.0,32.0,27.0,20.0,28.0,28.0,23.0,20.0,27.0,25.0,19.0,22.0,22.0,21.0,21.0,21.0,21.0,22.0,22.0,22.0,21.0,22.0,21.0,22.0,22.0,22.0,21.0,21.0,21.0,21.0,10.0,hold,0,0,7.7928
1788795882.9154,2026-09-07 17:44:42.915,9,c2,1,0,-0.04443,-0.48962,0.04063,-4.0817,12.0214,-25.1633,-0.1233,-0.0406,-0.8279,4.11776,21.0,27.0,28.0,21.0,39.0,29.0,27.0,21.0,33.0,31.0,27.0,20.0,28.0,28.0,24.0,22.0,27.0,25.0,20.0,22.0,22.0,21.0,21.0,21.0,21.0,22.0,22.0,22.0,21.0,22.0,21.0,22.0,22.0,22.0,21.0,21.0,21.0,21.0,10.0,hold,0,0,7.8488
1788795882.9655,2026-09-07 17:44:42.965,9,c2,1,0,-0.04442,-0.48962,0.04062,-4.187,12.2755,-24.9699,-0.1293,-0.0423,-0.8311,4.1165,21.0,27.0,28.0,21.0,39.0,29.0,27.0,21.0,33.0,31.0,27.0,20.0,28.0,28.0,24.0,22.0,27.0,25.0,20.0,22.0,22.0,21.0,21.0,21.0,21.0,22.0,22.0,22.0,21.0,22.0,21.0,22.0,22.0,22.0,21.0,21.0,21.0,21.0,10.0,hold,0,0,7.86
1788795883.0156,2026-09-07 17:44:43.015,9,c2,1,0,-0.04442,-0.48961,0.04062,-4.4409,12.2263,-25.0047,-0.1241,-0.047,-0.8325,4.12884,22.0,25.0,29.0,21.0,40.0,29.0,29.0,19.0,34.0,32.0,28.0,19.0,30.0,29.0,25.0,20.0,28.0,25.0,19.0,22.0,22.0,21.0,21.0,21.0,21.0,22.0,22.0,22.0,21.0,22.0,21.0,22.0,22.0,22.0,21.0,21.0,21.0,21.0,10.0,hold,0,0,7.7502
1788795883.0657,2026-09-07 17:44:43.065,9,c2,1,0,-0.04442,-0.48962,0.04063,-4.0645,11.9635,-25.0221,-0.1171,-0.042,-0.8276,4.12909,23.0,26.0,29.0,20.0,40.0,29.0,30.0,21.0,34.0,33.0,27.0,19.0,30.0,28.0,23.0,21.0,28.0,26.0,22.0,22.0,22.0,21.0,21.0,21.0,21.0,22.0,22.0,22.0,21.0,22.0,21.0,22.0,22.0,22.0,21.0,21.0,21.0,21.0,10.0,hold,0,0,7.748
1788795883.1158,2026-09-07 17:44:43.115,9,c2,1,0,-0.04444,-0.48963,0.04063,-4.339,12.2605,-24.9813,-0.1286,-0.0492,-0.825,4.12179,23.0,26.0,29.0,20.0,40.0,29.0,30.0,21.0,34.0,33.0,27.0,19.0,30.0,28.0,23.0,21.0,28.0,26.0,22.0,22.0,22.0,21.0,21.0,21.0,21.0,22.0,22.0,22.0,21.0,22.0,21.0,22.0,22.0,22.0,21.0,21.0,21.0,21.0,10.0,hold,0,0,7.8129
1788795883.166,2026-09-07 17:44:43.165,9,c2,1,0,-0.04443,-0.48962,0.04061,-4.0006,11.7991,-25.1741,-0.119,-0.0365,-0.8237,4.12053,20.0,27.0,30.0,20.0,40.0,29.0,28.0,23.0,33.0,31.0,27.0,23.0,29.0,29.0,25.0,22.0,27.0,25.0,21.0,22.0,22.0,21.0,21.0,21.0,21.0,22.0,22.0,22.0,21.0,22.0,21.0,22.0,22.0,22.0,21.0,21.0,21.0,21.0,10.0,hold,0,0,7.8241
1788795883.2161,2026-09-07 17:44:43.216,9,c2,1,0,-0.04443,-0.48962,0.04063,-3.8882,11.5582,-25.1336,-0.1125,-0.0341,-0.8234,4.12708,20.0,27.0,30.0,20.0,40.0,29.0,28.0,23.0,33.0,31.0,27.0,23.0,29.0,29.0,25.0,22.0,27.0,25.0,21.0,22.0,22.0,21.0,21.0,21.0,21.0,22.0,22.0,22.0,21.0,22.0,21.0,22.0,22.0,22.0,21.0,21.0,21.0,21.0,10.0,hold,0,0,7.7659
1788795883.2662,2026-09-07 17:44:43.266,9,c2,1,0,-0.04443,-0.48961,0.04061,-4.2172,12.3519,-25.1553,-0.129,-0.0434,-0.8291,4.12154,24.0,26.0,29.0,22.0,39.0,29.0,26.0,21.0,35.0,32.0,28.0,21.0,30.0,28.0,25.0,21.0,28.0,27.0,20.0,22.0,22.0,21.0,21.0,21.0,21.0,22.0,22.0,22.0,21.0,22.0,21.0,22.0,22.0,22.0,21.0,21.0,21.0,21.0,10.0,hold,0,0,7.8152
1788795883.3166,2026-09-07 17:44:43.316,9,c2,1,0,-0.04444,-0.48961,0.04062,-4.1875,11.9611,-25.1057,-0.1203,-0.0432,-0.8248,4.12909,23.0,26.0,29.0,22.0,40.0,29.0,28.0,21.0,34.0,32.0,30.0,21.0,31.0,28.0,27.0,22.0,27.0,27.0,21.0,22.0,22.0,21.0,21.0,21.0,21.0,22.0,22.0,22.0,21.0,22.0,21.0,22.0,22.0,22.0,21.0,21.0,21.0,21.0,10.0,hold,0,0,7.748
1788795883.3667,2026-09-07 17:44:43.366,9,c2,1,0,-0.04443,-0.48962,0.04062,-4.0907,12.2991,-24.9211,-0.1267,-0.0404,-0.8246,4.12557,23.0,26.0,29.0,22.0,40.0,29.0,28.0,21.0,34.0,32.0,30.0,21.0,31.0,28.0,27.0,22.0,27.0,27.0,21.0,22.0,22.0,21.0,21.0,21.0,21.0,22.0,22.0,22.0,21.0,22.0,21.0,22.0,22.0,22.0,21.0,21.0,21.0,21.0,10.0,hold,0,0,7.7793
1788795883.4168,2026-09-07 17:44:43.416,9,c2,1,0,-0.04445,-0.48962,0.04062,-4.37,12.2819,-25.0296,-0.1272,-0.0441,-0.8258,4.12053,23.0,26.0,28.0,21.0,41.0,29.0,30.0,20.0,33.0,31.0,29.0,19.0,30.0,27.0,25.0,19.0,26.0,27.0,20.0,22.0,22.0,21.0,21.0,21.0,21.0,22.0,22.0,22.0,21.0,22.0,21.0,22.0,22.0,22.0,21.0,21.0,21.0,21.0,10.0,hold,0,0,7.8241
1788795883.467,2026-09-07 17:44:43.466,9,c2,1,0,-0.04444,-0.48962,0.04062,-4.2691,12.2662,-24.9677,-0.1305,-0.0443,-0.8307,4.12909,23.0,26.0,28.0,21.0,41.0,29.0,30.0,20.0,33.0,31.0,29.0,19.0,30.0,27.0,25.0,19.0,26.0,27.0,20.0,22.0,22.0,21.0,21.0,21.0,21.0,22.0,22.0,22.0,21.0,22.0,21.0,22.0,22.0,22.0,21.0,21.0,21.0,21.0,10.0,hold,0,0,7.748
1788795883.5171,2026-09-07 17:44:43.517,9,c2,1,0,-0.04442,-0.48962,0.04061,-4.1294,12.324,-25.1581,-0.1292,-0.0415,-0.8245,4.12305,22.0,26.0,28.0,19.0,40.0,27.0,30.0,22.0,34.0,29.0,28.0,21.0,30.0,29.0,25.0,22.0,26.0,26.0,22.0,22.0,22.0,21.0,21.0,21.0,21.0,22.0,22.0,22.0,21.0,22.0,21.0,22.0,22.0,22.0,21.0,21.0,21.0,21.0,10.0,hold,0,0,7.8017
1788795883.5672,2026-09-07 17:44:43.567,9,c2,1,0,-0.04446,-0.48963,0.04063,-4.2023,11.9728,-25.2243,-0.1194,-0.0428,-0.8267,4.13513,22.0,26.0,28.0,19.0,40.0,27.0,30.0,22.0,34.0,29.0,28.0,21.0,30.0,29.0,25.0,22.0,26.0,26.0,22.0,22.0,22.0,21.0,21.0,21.0,21.0,22.0,22.0,22.0,21.0,22.0,21.0,22.0,22.0,22.0,21.0,21.0,21.0,21.0,10.0,hold,0,0,7.6942
1788795883.6173,2026-09-07 17:44:43.617,9,c2,1,0,-0.04444,-0.48962,0.04062,-4.3809,12.542,-25.1121,-0.1404,-0.0469,-0.8318,4.13262,23.0,27.0,28.0,20.0,39.0,28.0,28.0,20.0,33.0,31.0,28.0,19.0,30.0,28.0,25.0,21.0,28.0,25.0,21.0,22.0,22.0,21.0,21.0,21.0,21.0,22.0,22.0,22.0,21.0,22.0,21.0,22.0,22.0,22.0,21.0,21.0,21.0,21.0,10.0,hold,0,0,7.7166
1788795883.6675,2026-09-07 17:44:43.667,9,c2,1,0,-0.04443,-0.48963,0.04064,-4.3412,12.0488,-25.0766,-0.1226,-0.0452,-0.8303,4.12406,22.0,26.0,29.0,19.0,40.0,29.0,29.0,20.0,34.0,32.0,28.0,19.0,30.0,29.0,25.0,19.0,28.0,26.0,20.0,22.0,22.0,21.0,21.0,21.0,21.0,22.0,22.0,22.0,21.0,22.0,21.0,22.0,22.0,22.0,21.0,21.0,21.0,21.0,10.0,hold,0,0,7.7928
1788795883.7176,2026-09-07 17:44:43.717,9,c2,1,0,-0.04443,-0.48961,0.04061,-4.1885,12.0325,-25.1146,-0.121,-0.0418,-0.8286,4.13388,22.0,26.0,29.0,19.0,40.0,29.0,29.0,20.0,34.0,32.0,28.0,19.0,30.0,29.0,25.0,19.0,28.0,26.0,20.0,22.0,22.0,21.0,21.0,21.0,21.0,22.0,22.0,22.0,21.0,22.0,21.0,22.0,22.0,22.0,21.0,21.0,21.0,21.0,10.0,hold,0,0,7.7054
1788795883.7676,2026-09-07 17:44:43.767,9,c2,1,0,-0.04444,-0.48963,0.04062,-4.1072,11.8308,-25.1244,-0.1168,-0.0402,-0.8288,4.13161,21.0,25.0,28.0,20.0,39.0,29.0,29.0,23.0,36.0,32.0,28.0,23.0,31.0,29.0,24.0,22.0,28.0,26.0,22.0,22.0,22.0,21.0,21.0,21.0,21.0,22.0,22.0,22.0,21.0,22.0,21.0,22.0,22.0,22.0,21.0,21.0,21.0,21.0,10.0,hold,0,0,7.7256
1788795883.8178,2026-09-07 17:44:43.817,9,c2,1,0,-0.04443,-0.48961,0.04061,-4.2373,11.97,-25.1757,-0.1191,-0.0434,-0.8213,4.13287,21.0,25.0,28.0,20.0,39.0,29.0,29.0,23.0,36.0,32.0,28.0,23.0,31.0,29.0,24.0,22.0,28.0,26.0,22.0,22.0,22.0,21.0,21.0,21.0,21.0,22.0,22.0,22.0,21.0,22.0,21.0,22.0,22.0,22.0,21.0,21.0,21.0,21.0,10.0,hold,0,0,7.7144
1788795883.8679,2026-09-07 17:44:43.867,9,c2,1,0,-0.04443,-0.48962,0.04062,-4.2024,11.9318,-25.0805,-0.1187,-0.0411,-0.83,4.13564,23.0,29.0,29.0,23.0,42.0,29.0,28.0,20.0,36.0,33.0,28.0,19.0,31.0,30.0,23.0,19.0,30.0,25.0,20.0,22.0,22.0,21.0,21.0,21.0,21.0,22.0,22.0,22.0,21.0,22.0,21.0,22.0,22.0,22.0,21.0,21.0,21.0,21.0,10.0,hold,0,0,7.6898
1788795883.9179,2026-09-07 17:44:43.917,9,c2,1,0,-0.04445,-0.48961,0.04061,-4.1787,11.8188,-24.9698,-0.1192,-0.0441,-0.8233,4.12909,20.0,29.0,29.0,19.0,42.0,29.0,28.0,23.0,34.0,32.0,29.0,22.0,30.0,29.0,25.0,22.0,28.0,27.0,20.0,22.0,22.0,21.0,21.0,21.0,21.0,22.0,22.0,22.0,21.0,22.0,21.0,22.0,22.0,22.0,21.0,21.0,21.0,21.0,10.0,hold,0,0,7.748
1788795883.968,2026-09-07 17:44:43.968,9,c2,1,0,-0.04443,-0.48962,0.04062,-3.8654,12.0442,-25.1127,-0.1253,-0.0323,-0.8257,4.13589,20.0,29.0,29.0,19.0,42.0,29.0,28.0,23.0,34.0,32.0,29.0,22.0,30.0,29.0,25.0,22.0,28.0,27.0,20.0,22.0,22.0,21.0,21.0,21.0,21.0,22.0,22.0,22.0,21.0,22.0,21.0,22.0,22.0,22.0,21.0,21.0,21.0,21.0,10.0,hold,0,0,7.6875
1788795884.0181,2026-09-07 17:44:44.018,9,c2,1,0,-0.04444,-0.48961,0.04061,-4.1306,12.0489,-25.2379,-0.1201,-0.0435,-0.8238,4.12355,23.0,27.0,30.0,22.0,40.0,29.0,28.0,22.0,34.0,31.0,28.0,21.0,32.0,29.0,25.0,22.0,28.0,25.0,22.0,22.0,22.0,21.0,21.0,21.0,21.0,22.0,22.0,22.0,21.0,22.0,21.0,22.0,22.0,22.0,21.0,21.0,21.0,21.0,10.0,hold,0,0,7.7973
1788795884.0682,2026-09-07 17:44:44.068,9,c2,1,0,-0.04443,-0.48962,0.04062,-4.1293,11.796,-25.175,-0.1157,-0.0418,-0.8288,4.13715,23.0,27.0,30.0,22.0,40.0,29.0,28.0,22.0,34.0,31.0,28.0,21.0,32.0,29.0,25.0,22.0,28.0,25.0,22.0,22.0,22.0,21.0,21.0,21.0,21.0,22.0,22.0,22.0,21.0,22.0,21.0,22.0,22.0,22.0,21.0,21.0,21.0,21.0,10.0,hold,0,0,7.6763
1788795884.1184,2026-09-07 17:44:44.118,9,c2,1,0,-0.04444,-0.48961,0.04062,-4.037,12.0136,-25.1027,-0.1216,-0.0397,-0.8222,4.13916,22.0,28.0,29.0,21.0,42.0,27.0,29.0,21.0,33.0,31.0,27.0,20.0,28.0,27.0,25.0,21.0,26.0,26.0,20.0,22.0,22.0,21.0,21.0,21.0,21.0,22.0,22.0,22.0,21.0,22.0,21.0,22.0,22.0,22.0,21.0,21.0,21.0,21.0,10.0,hold,0,0,7.6584
1788795884.1685,2026-09-07 17:44:44.168,9,c2,1,0,-0.04443,-0.48961,0.04061,-4.4754,12.176,-25.0138,-0.1232,-0.0469,-0.8328,4.13513,22.0,26.0,29.0,21.0,40.0,29.0,28.0,21.0,34.0,31.0,28.0,20.0,30.0,28.0,25.0,21.0,27.0,26.0,21.0,22.0,22.0,21.0,21.0,21.0,21.0,22.0,22.0,22.0,21.0,22.0,21.0,22.0,22.0,22.0,21.0,21.0,21.0,21.0,10.0,hold,0,0,7.6942
1788795884.2186,2026-09-07 17:44:44.218,9,c2,1,0,-0.04444,-0.48962,0.04062,-4.5548,12.1687,-24.884,-0.1283,-0.0502,-0.8331,4.13513,22.0,26.0,29.0,21.0,40.0,29.0,28.0,21.0,34.0,31.0,28.0,20.0,30.0,28.0,25.0,21.0,27.0,26.0,21.0,22.0,22.0,21.0,21.0,21.0,21.0,22.0,22.0,22.0,21.0,22.0,21.0,22.0,22.0,22.0,21.0,21.0,21.0,21.0,10.0,hold,0,0,7.6942
1788795884.2688,2026-09-07 17:44:44.268,9,c2,1,0,-0.04444,-0.48962,0.04062,-4.0442,11.9115,-25.1305,-0.1177,-0.0382,-0.8199,4.1238,22.0,27.0,28.0,21.0,41.0,29.0,28.0,22.0,34.0,31.0,27.0,21.0,31.0,28.0,24.0,22.0,26.0,25.0,21.0,22.0,22.0,21.0,21.0,21.0,21.0,22.0,22.0,22.0,21.0,22.0,21.0,22.0,22.0,22.0,21.0,21.0,21.0,21.0,10.0,hold,0,0,7.795
1788795884.3189,2026-09-07 17:44:44.318,9,c2,1,0,-0.04443,-0.48962,0.04062,-4.2723,11.8365,-24.8342,-0.1139,-0.0445,-0.8268,4.13992,22.0,27.0,28.0,21.0,41.0,29.0,28.0,22.0,34.0,31.0,27.0,21.0,31.0,28.0,24.0,22.0,26.0,25.0,21.0,22.0,22.0,21.0,21.0,21.0,21.0,22.0,22.0,22.0,21.0,22.0,21.0,22.0,22.0,22.0,21.0,21.0,21.0,21.0,10.0,hold,0,0,7.6517
1788795884.369,2026-09-07 17:44:44.369,9,c2,1,0,-0.04445,-0.48962,0.04063,-4.381,12.2963,-25.1267,-0.1293,-0.0474,-0.8311,4.13765,22.0,27.0,28.0,22.0,41.0,27.0,28.0,21.0,33.0,32.0,26.0,20.0,30.0,29.0,23.0,19.0,28.0,24.0,20.0,22.0,22.0,21.0,21.0,21.0,21.0,22.0,22.0,22.0,21.0,22.0,21.0,22.0,22.0,22.0,21.0,21.0,21.0,21.0,10.0,hold,0,0,7.6718
1788795884.4191,2026-09-07 17:44:44.419,9,c2,1,0,-0.04443,-0.48962,0.04062,-4.3766,12.0495,-25.1463,-0.121,-0.0489,-0.8321,4.13337,23.0,26.0,30.0,22.0,41.0,30.0,27.0,20.0,33.0,32.0,27.0,20.0,30.0,28.0,24.0,20.0,27.0,25.0,20.0,22.0,22.0,21.0,21.0,21.0,21.0,22.0,22.0,22.0,21.0,22.0,21.0,22.0,22.0,22.0,21.0,21.0,21.0,21.0,10.0,hold,0,0,7.7099
1788795884.4692,2026-09-07 17:44:44.469,9,c2,1,0,-0.04443,-0.48961,0.04061,-4.1814,12.0169,-25.2642,-0.123,-0.0432,-0.8215,4.1369,23.0,26.0,30.0,22.0,41.0,30.0,27.0,20.0,33.0,32.0,27.0,20.0,30.0,28.0,24.0,20.0,27.0,25.0,20.0,22.0,22.0,21.0,21.0,21.0,21.0,22.0,22.0,22.0,21.0,22.0,21.0,22.0,22.0,22.0,21.0,21.0,21.0,21.0,10.0,hold,0,0,7.6786
1788795884.5195,2026-09-07 17:44:44.519,9,c2,1,0,-0.04443,-0.48962,0.04061,-4.0017,11.8654,-25.2134,-0.1193,-0.0369,-0.8188,4.14143,21.0,26.0,27.0,19.0,40.0,27.0,28.0,21.0,35.0,33.0,27.0,21.0,30.0,27.0,24.0,21.0,28.0,24.0,21.0,22.0,22.0,21.0,21.0,21.0,21.0,22.0,22.0,22.0,21.0,22.0,21.0,22.0,22.0,22.0,21.0,21.0,21.0,21.0,10.0,hold,0,0,7.6382
1788795884.5696,2026-09-07 17:44:44.569,9,c2,1,0,-0.04444,-0.48962,0.04062,-4.3492,11.8541,-25.1472,-0.1168,-0.047,-0.8259,4.13337,21.0,26.0,27.0,19.0,40.0,27.0,28.0,21.0,35.0,33.0,27.0,21.0,30.0,27.0,24.0,21.0,28.0,24.0,21.0,22.0,22.0,21.0,21.0,21.0,21.0,22.0,22.0,22.0,21.0,22.0,21.0,22.0,22.0,22.0,21.0,21.0,21.0,21.0,10.0,hold,0,0,7.7099
1788795884.6196,2026-09-07 17:44:44.619,9,c2,1,0,-0.04445,-0.48962,0.04062,-3.9846,11.734,-25.1299,-0.117,-0.0365,-0.8238,4.13664,22.0,27.0,29.0,21.0,41.0,29.0,27.0,20.0,35.0,31.0,28.0,20.0,30.0,28.0,25.0,20.0,27.0,26.0,20.0,22.0,22.0,21.0,21.0,21.0,21.0,22.0,22.0,22.0,21.0,22.0,21.0,22.0,22.0,22.0,21.0,21.0,21.0,21.0,10.0,hold,0,0,7.6808
1788795884.6697,2026-09-07 17:44:44.669,9,c2,1,0,-0.04445,-0.48963,0.04063,-4.4388,12.0572,-25.2004,-0.1224,-0.0479,-0.8294,4.13513,22.0,27.0,29.0,21.0,41.0,29.0,27.0,20.0,35.0,31.0,28.0,20.0,30.0,28.0,25.0,20.0,27.0,26.0,20.0,22.0,22.0,21.0,21.0,21.0,21.0,22.0,22.0,22.0,21.0,22.0,21.0,22.0,22.0,22.0,21.0,21.0,21.0,21.0,10.0,hold,0,0,7.6942
1788795884.7198,2026-09-07 17:44:44.719,9,c2,1,0,-0.04442,-0.48962,0.04062,-3.9901,11.8166,-25.2305,-0.1166,-0.0379,-0.8203,4.13539,21.0,25.0,29.0,21.0,40.0,29.0,28.0,23.0,32.0,32.0,28.0,22.0,29.0,28.0,24.0,22.0,28.0,26.0,22.0,22.0,22.0,21.0,21.0,21.0,21.0,22.0,22.0,22.0,21.0,22.0,21.0,22.0,22.0,22.0,21.0,21.0,21.0,21.0,10.0,hold,0,0,7.692
1788795884.77,2026-09-07 17:44:44.769,9,c2,1,0,-0.04445,-0.48962,0.04063,-4.3909,12.1532,-24.968,-0.1254,-0.0463,-0.8273,4.14017,24.0,26.0,28.0,22.0,41.0,29.0,29.0,22.0,32.0,31.0,28.0,23.0,28.0,28.0,25.0,22.0,27.0,25.0,21.0,22.0,22.0,21.0,21.0,21.0,21.0,22.0,22.0,22.0,21.0,22.0,21.0,22.0,22.0,22.0,21.0,21.0,21.0,21.0,10.0,hold,0,0,7.6494
1788795884.8201,2026-09-07 17:44:44.820,9,c2,1,0,-0.04443,-0.48963,0.04063,-4.1039,12.0965,-25.1478,-0.1245,-0.0407,-0.8238,4.13085,24.0,26.0,28.0,22.0,41.0,29.0,29.0,22.0,32.0,31.0,28.0,23.0,28.0,28.0,25.0,22.0,27.0,25.0,21.0,22.0,22.0,21.0,21.0,21.0,21.0,22.0,22.0,22.0,21.0,22.0,21.0,22.0,22.0,22.0,21.0,21.0,21.0,21.0,10.0,hold,0,0,7.7323
1788795884.8702,2026-09-07 17:44:44.870,9,c2,1,0,-0.04442,-0.48962,0.04061,-4.3246,11.8145,-25.1488,-0.1149,-0.0477,-0.8229,4.14017,22.0,24.0,28.0,22.0,39.0,28.0,29.0,22.0,34.0,31.0,27.0,20.0,29.0,28.0,24.0,21.0,26.0,24.0,20.0,22.0,22.0,21.0,21.0,21.0,21.0,22.0,22.0,22.0,21.0,22.0,21.0,22.0,22.0,22.0,21.0,21.0,21.0,21.0,10.0,hold,0,0,7.6494
1788795884.9202,2026-09-07 17:44:44.920,9,c2,1,0,-0.04443,-0.4896,0.0406,-4.2948,11.9751,-25.473,-0.1204,-0.0467,-0.8216,4.13765,22.0,24.0,28.0,22.0,39.0,28.0,29.0,22.0,34.0,31.0,27.0,20.0,29.0,28.0,24.0,21.0,26.0,24.0,20.0,22.0,22.0,21.0,21.0,21.0,21.0,22.0,22.0,22.0,21.0,22.0,21.0,22.0,22.0,22.0,21.0,21.0,21.0,21.0,10.0,hold,0,0,7.6718
1788795884.9703,2026-09-07 17:44:44.970,9,c2,1,0,-0.04442,-0.48962,0.04061,-3.9925,11.6193,-25.2935,-0.1122,-0.0358,-0.8232,4.13639,22.0,26.0,29.0,19.0,40.0,28.0,28.0,22.0,33.0,32.0,28.0,20.0,30.0,27.0,25.0,22.0,28.0,25.0,22.0,22.0,22.0,21.0,21.0,21.0,21.0,22.0,22.0,22.0,21.0,22.0,21.0,22.0,22.0,22.0,21.0,21.0,21.0,21.0,10.0,hold,0,0,7.683
1788795885.0205,2026-09-07 17:44:45.020,9,c2,1,0,-0.04444,-0.48962,0.04061,-3.5291,11.4894,-25.4427,-0.1127,-0.0259,-0.8226,4.13891,22.0,26.0,28.0,21.0,39.0,28.0,28.0,19.0,34.0,31.0,28.0,18.0,30.0,27.0,25.0,19.0,28.0,25.0,19.0,22.0,22.0,21.0,21.0,21.0,21.0,22.0,22.0,22.0,21.0,22.0,21.0,22.0,22.0,22.0,21.0,21.0,21.0,21.0,10.0,hold,0,0,7.6606
1788795885.0706,2026-09-07 17:44:45.070,9,c2,1,0,-0.04445,-0.48962,0.04062,-4.277,11.8658,-25.3143,-0.1179,-0.0449,-0.8265,4.13287,22.0,26.0,28.0,21.0,39.0,28.0,28.0,19.0,34.0,31.0,28.0,18.0,30.0,27.0,25.0,19.0,28.0,25.0,19.0,22.0,22.0,21.0,21.0,21.0,21.0,22.0,22.0,22.0,21.0,22.0,21.0,22.0,22.0,22.0,21.0,21.0,21.0,21.0,10.0,hold,0,0,7.7144
1788795885.1207,2026-09-07 17:44:45.120,9,c2,1,0,-0.04443,-0.48962,0.04062,-4.219,11.7044,-25.2833,-0.1135,-0.0427,-0.8271,4.14571,22.0,26.0,29.0,20.0,40.0,29.0,28.0,19.0,32.0,32.0,28.0,18.0,28.0,28.0,24.0,19.0,28.0,25.0,20.0,22.0,22.0,21.0,21.0,21.0,21.0,22.0,22.0,22.0,21.0,22.0,21.0,22.0,22.0,22.0,21.0,21.0,21.0,21.0,10.0,hold,0,0,7.6002
1788795885.1707,2026-09-07 17:44:45.170,9,c2,1,0,-0.04445,-0.48963,0.04062,-4.293,11.8044,-25.2261,-0.114,-0.0438,-0.8264,4.13941,22.0,26.0,29.0,20.0,40.0,29.0,28.0,19.0,32.0,32.0,28.0,18.0,28.0,28.0,24.0,19.0,28.0,25.0,20.0,22.0,22.0,21.0,21.0,21.0,21.0,22.0,22.0,22.0,21.0,22.0,21.0,22.0,22.0,22.0,21.0,21.0,21.0,21.0,10.0,hold,0,0,7.6562
1788795885.2209,2026-09-07 17:44:45.220,9,c2,1,0,-0.04443,-0.48962,0.04062,-4.0979,11.5337,-25.3094,-0.109,-0.0392,-0.8242,4.14521,20.0,24.0,28.0,18.0,37.0,29.0,29.0,21.0,33.0,33.0,28.0,21.0,29.0,29.0,25.0,21.0,28.0,26.0,22.0,22.0,22.0,21.0,21.0,21.0,21.0,22.0,22.0,22.0,21.0,22.0,21.0,22.0,22.0,22.0,21.0,21.0,21.0,21.0,10.0,hold,0,0,7.6046
1788795885.271,2026-09-07 17:44:45.271,9,c2,1,0,-0.04442,-0.48961,0.04061,-4.1215,11.8787,-25.0688,-0.115,-0.0433,-0.8297,4.13488,23.0,26.0,29.0,22.0,39.0,29.0,29.0,23.0,32.0,30.0,26.0,21.0,28.0,28.0,25.0,22.0,28.0,25.0,22.0,22.0,22.0,21.0,21.0,21.0,21.0,22.0,22.0,22.0,21.0,22.0,21.0,22.0,22.0,22.0,21.0,21.0,21.0,21.0,10.0,hold,0,0,7.6965
1788795885.3211,2026-09-07 17:44:45.321,9,c2,0,0,-0.04443,-0.48962,0.04062,-4.3784,11.7834,-25.1319,-0.1147,-0.0481,-0.826,4.14269,23.0,26.0,29.0,22.0,39.0,29.0,29.0,23.0,32.0,30.0,26.0,21.0,28.0,28.0,25.0,22.0,28.0,25.0,22.0,22.0,22.0,21.0,21.0,21.0,21.0,22.0,22.0,22.0,21.0,22.0,21.0,22.0,22.0,22.0,21.0,21.0,21.0,21.0,10.0,retract,0,0,7.627
1788795885.3712,2026-09-07 17:44:45.371,9,c2,0,0,-0.04444,-0.48961,0.04064,-3.8758,11.8402,-25.294,-0.1165,-0.0366,-0.8151,4.1447,22.0,25.0,28.0,22.0,38.0,28.0,27.0,22.0,32.0,30.0,28.0,21.0,27.0,28.0,26.0,23.0,26.0,27.0,22.0,22.0,22.0,21.0,21.0,21.0,21.0,22.0,22.0,22.0,21.0,22.0,21.0,22.0,22.0,22.0,21.0,21.0,21.0,21.0,10.0,retract,0,0,7.6091
1788795885.4214,2026-09-07 17:44:45.421,9,c2,0,0,-0.04443,-0.4896,0.04068,-4.2238,12.2108,-25.1712,-0.1253,-0.0413,-0.8264,4.16837,22.0,25.0,28.0,22.0,38.0,28.0,27.0,22.0,32.0,30.0,28.0,21.0,27.0,28.0,26.0,23.0,26.0,27.0,22.0,22.0,22.0,21.0,21.0,21.0,21.0,22.0,22.0,22.0,21.0,22.0,21.0,22.0,22.0,22.0,21.0,21.0,21.0,21.0,10.0,retract,0,0,7.3986
1788795885.4715,2026-09-07 17:44:45.471,9,c2,0,0,-0.04443,-0.48961,0.04077,-4.3613,12.1607,-25.5306,-0.1262,-0.0472,-0.8228,4.20009,22.0,26.0,28.0,22.0,39.0,27.0,29.0,22.0,33.0,32.0,29.0,23.0,29.0,28.0,25.0,23.0,28.0,26.0,21.0,22.0,22.0,21.0,21.0,21.0,21.0,22.0,22.0,22.0,21.0,22.0,21.0,22.0,22.0,22.0,21.0,21.0,21.0,21.0,10.0,retract,0,0,7.1163
1788795885.5215,2026-09-07 17:44:45.521,9,c2,0,0,-0.04444,-0.48961,0.04092,-4.3275,12.1025,-25.5016,-0.1233,-0.0453,-0.8294,4.24818,22.0,26.0,28.0,22.0,39.0,27.0,29.0,22.0,33.0,32.0,29.0,23.0,29.0,28.0,25.0,23.0,28.0,26.0,21.0,22.0,22.0,21.0,21.0,21.0,21.0,22.0,22.0,22.0,21.0,22.0,21.0,22.0,22.0,22.0,21.0,21.0,21.0,21.0,10.0,retract,0,0,6.6885
1788795885.5716,2026-09-07 17:44:45.571,9,c2,0,0,-0.04444,-0.48962,0.04111,-4.4072,12.2032,-25.8806,-0.129,-0.0399,-0.8194,4.30684,22.0,25.0,28.0,22.0,38.0,28.0,30.0,22.0,32.0,32.0,28.0,20.0,30.0,27.0,25.0,22.0,27.0,25.0,22.0,22.0,22.0,21.0,21.0,21.0,21.0,22.0,22.0,22.0,21.0,22.0,21.0,22.0,22.0,22.0,21.0,21.0,21.0,21.0,10.0,retract,0,0,6.1666
1788795885.6218,2026-09-07 17:44:45.621,9,c2,0,0,-0.04445,-0.48963,0.04132,-4.3307,11.9716,-26.2544,-0.1222,-0.0396,-0.8221,4.35644,22.0,25.0,29.0,20.0,39.0,29.0,29.0,22.0,30.0,32.0,27.0,22.0,27.0,28.0,24.0,22.0,28.0,24.0,21.0,22.0,22.0,21.0,21.0,21.0,21.0,22.0,22.0,22.0,21.0,22.0,21.0,22.0,22.0,22.0,21.0,21.0,21.0,21.0,10.0,retract,0,0,5.7254
1788795885.6719,2026-09-07 17:44:45.671,9,c2,0,0,-0.04444,-0.48961,0.04151,-4.3497,11.9139,-26.2557,-0.1201,-0.0378,-0.8207,4.38263,22.0,25.0,29.0,20.0,39.0,29.0,29.0,22.0,30.0,32.0,27.0,22.0,27.0,28.0,24.0,22.0,28.0,24.0,21.0,22.0,22.0,21.0,21.0,21.0,21.0,22.0,22.0,22.0,21.0,22.0,21.0,22.0,22.0,22.0,21.0,21.0,21.0,21.0,10.0,retract,0,0,5.4924
1788795885.722,2026-09-07 17:44:45.722,9,c2,0,0,-0.04444,-0.48958,0.04176,-4.4131,11.7327,-26.5141,-0.1152,-0.0353,-0.8257,4.43449,22.0,24.0,29.0,22.0,37.0,29.0,28.0,22.0,33.0,31.0,26.0,22.0,30.0,27.0,24.0,23.0,27.0,25.0,21.0,22.0,22.0,21.0,21.0,21.0,21.0,22.0,22.0,22.0,21.0,22.0,21.0,22.0,22.0,22.0,21.0,21.0,21.0,21.0,10.0,retract,0,0,5.031
1788795885.7721,2026-09-07 17:44:45.772,9,c2,0,0,-0.04443,-0.48959,0.04206,-4.3234,11.9147,-26.6429,-0.1177,-0.027,-0.8224,4.49341,22.0,24.0,29.0,22.0,37.0,29.0,28.0,22.0,33.0,31.0,26.0,22.0,30.0,27.0,24.0,23.0,27.0,25.0,21.0,22.0,22.0,21.0,21.0,21.0,21.0,22.0,22.0,22.0,21.0,22.0,21.0,22.0,22.0,22.0,21.0,21.0,21.0,21.0,10.0,retract,0,0,4.5069
1788795885.8222,2026-09-07 17:44:45.822,9,c2,0,0,-0.04442,-0.48957,0.04237,-4.6305,12.0945,-26.8572,-0.1265,-0.0335,-0.8168,4.53344,23.0,26.0,30.0,22.0,38.0,28.0,27.0,20.0,30.0,29.0,28.0,19.0,26.0,27.0,25.0,20.0,27.0,26.0,20.0,22.0,22.0,21.0,21.0,21.0,21.0,22.0,22.0,22.0,21.0,22.0,21.0,22.0,22.0,22.0,21.0,21.0,21.0,21.0,10.0,retract,0,0,4.1507
1788795885.8723,2026-09-07 17:44:45.872,9,c2,0,0,-0.04443,-0.48957,0.04269,-4.4413,12.0376,-27.0754,-0.1262,-0.0229,-0.8214,4.57926,21.0,23.0,28.0,20.0,34.0,27.0,30.0,22.0,30.0,29.0,27.0,23.0,28.0,28.0,25.0,22.0,28.0,26.0,22.0,22.0,22.0,21.0,21.0,21.0,21.0,22.0,22.0,22.0,21.0,22.0,21.0,22.0,22.0,22.0,21.0,21.0,21.0,21.0,10.0,retract,0,0,3.7431
1788795885.9224,2026-09-07 17:44:45.922,9,c2,0,0,-0.04443,-0.4896,0.04305,-4.5908,12.0861,-27.1912,-0.1243,-0.0281,-0.8212,4.63314,21.0,23.0,28.0,20.0,34.0,27.0,30.0,22.0,30.0,29.0,27.0,23.0,28.0,28.0,25.0,22.0,28.0,26.0,22.0,22.0,22.0,21.0,21.0,21.0,21.0,22.0,22.0,22.0,21.0,22.0,21.0,22.0,22.0,22.0,21.0,21.0,21.0,21.0,10.0,retract,0,0,3.2637
1788795885.9725,2026-09-07 17:44:45.972,9,c2,0,0,-0.04446,-0.48961,0.04338,-4.9683,12.3101,-27.1413,-0.1307,-0.0319,-0.8291,4.66084,24.0,24.0,27.0,22.0,34.0,26.0,27.0,22.0,29.0,28.0,26.0,22.0,25.0,27.0,24.0,22.0,27.0,25.0,20.0,22.0,22.0,21.0,21.0,21.0,21.0,22.0,22.0,22.0,21.0,22.0,21.0,22.0,22.0,22.0,21.0,21.0,21.0,21.0,10.0,retract,0,0,3.0173
1788795886.0225,2026-09-07 17:44:46.022,9,c2,0,0,-0.04443,-0.48961,0.04373,-4.7924,11.672,-27.5167,-0.1151,-0.0247,-0.8238,4.68476,24.0,24.0,27.0,22.0,34.0,26.0,27.0,22.0,29.0,28.0,26.0,22.0,25.0,27.0,24.0,22.0,27.0,25.0,20.0,22.0,22.0,21.0,21.0,21.0,21.0,22.0,22.0,22.0,21.0,22.0,21.0,22.0,22.0,22.0,21.0,21.0,21.0,21.0,10.0,retract,0,0,2.8045
1788795886.0727,2026-09-07 17:44:46.072,9,c2,0,0,-0.04443,-0.48958,0.04404,-4.7379,12.08,-27.4581,-0.1255,-0.0204,-0.8245,4.69583,22.0,24.0,28.0,22.0,32.0,26.0,27.0,21.0,28.0,28.0,25.0,21.0,25.0,27.0,25.0,21.0,27.0,25.0,21.0,22.0,22.0,21.0,21.0,21.0,21.0,22.0,22.0,22.0,21.0,22.0,21.0,22.0,22.0,22.0,21.0,21.0,21.0,21.0,10.0,retract,0,0,2.706
1788795886.1228,2026-09-07 17:44:46.122,9,c2,0,0,-0.04444,-0.4896,0.04439,-5.1072,11.9493,-27.4835,-0.1171,-0.0236,-0.8295,4.69583,22.0,22.0,28.0,22.0,31.0,26.0,26.0,22.0,27.0,28.0,26.0,22.0,26.0,27.0,23.0,23.0,27.0,24.0,23.0,22.0,22.0,21.0,21.0,21.0,21.0,22.0,22.0,22.0,21.0,22.0,21.0,22.0,22.0,22.0,21.0,21.0,21.0,21.0,10.0,retract,0,0,2.706
1788795886.1729,2026-09-07 17:44:46.172,9,c2,0,0,-0.04443,-0.4896,0.04471,-5.1968,12.1198,-27.504,-0.1245,-0.0262,-0.8259,4.6908,22.0,22.0,28.0,22.0,31.0,26.0,26.0,22.0,27.0,28.0,26.0,22.0,26.0,27.0,23.0,23.0,27.0,24.0,23.0,22.0,22.0,21.0,21.0,21.0,21.0,22.0,22.0,22.0,21.0,22.0,21.0,22.0,22.0,22.0,21.0,21.0,21.0,21.0,10.0,retract,0,0,2.7508
1788795886.223,2026-09-07 17:44:46.223,9,c2,0,0,-0.04443,-0.4896,0.04506,-4.8767,12.0404,-27.6239,-0.1251,-0.0164,-0.8175,4.69181,22.0,23.0,28.0,20.0,30.0,26.0,25.0,21.0,27.0,28.0,24.0,21.0,25.0,27.0,23.0,24.0,27.0,24.0,22.0,22.0,22.0,21.0,21.0,21.0,21.0,22.0,22.0,22.0,21.0,22.0,21.0,22.0,22.0,22.0,21.0,21.0,21.0,21.0,10.0,retract,0,0,2.7418
1788795886.2732,2026-09-07 17:44:46.273,9,c2,0,0,-0.04444,-0.48961,0.04538,-4.9357,12.2096,-27.4372,-0.1262,-0.02,-0.8241,4.69558,22.0,23.0,28.0,20.0,30.0,26.0,25.0,21.0,27.0,28.0,24.0,21.0,25.0,27.0,23.0,24.0,27.0,24.0,22.0,22.0,22.0,21.0,21.0,21.0,21.0,22.0,22.0,22.0,21.0,22.0,21.0,22.0,22.0,22.0,21.0,21.0,21.0,21.0,10.0,retract,0,0,2.7082
1788795886.3233,2026-09-07 17:44:46.323,9,c2,0,0,-0.04442,-0.4896,0.04572,-4.8544,11.8901,-27.6103,-0.1211,-0.0175,-0.8233,4.6981,22.0,22.0,27.0,21.0,29.0,25.0,25.0,22.0,27.0,27.0,25.0,22.0,25.0,27.0,22.0,22.0,27.0,24.0,21.0,22.0,22.0,21.0,21.0,21.0,21.0,22.0,22.0,22.0,21.0,22.0,21.0,22.0,22.0,22.0,21.0,21.0,21.0,21.0,10.0,retract,0,0,2.6858
1788795886.3734,2026-09-07 17:44:46.373,9,c2,0,0,-0.04443,-0.4896,0.04608,-4.8389,11.4629,-27.5125,-0.1113,-0.0186,-0.8222,4.68526,22.0,23.0,27.0,22.0,29.0,25.0,25.0,19.0,26.0,26.0,24.0,19.0,25.0,26.0,23.0,21.0,25.0,24.0,22.0,22.0,22.0,21.0,21.0,21.0,21.0,22.0,22.0,22.0,21.0,22.0,21.0,22.0,22.0,22.0,21.0,21.0,21.0,21.0,10.0,retract,0,0,2.8001
1788795886.4235,2026-09-07 17:44:46.423,9,c2,0,0,-0.04443,-0.4896,0.04641,-4.579,11.9193,-27.4802,-0.1198,-0.0099,-0.815,4.70339,22.0,23.0,27.0,22.0,29.0,25.0,25.0,19.0,26.0,26.0,24.0,19.0,25.0,26.0,23.0,21.0,25.0,24.0,22.0,22.0,22.0,21.0,21.0,21.0,21.0,22.0,22.0,22.0,21.0,22.0,21.0,22.0,22.0,22.0,21.0,21.0,21.0,21.0,10.0,retract,0,0,2.6388
1788795886.4736,2026-09-07 17:44:46.473,9,c2,0,0,-0.04443,-0.4896,0.04675,-4.7538,11.896,-27.4406,-0.1201,-0.0164,-0.8281,4.69483,22.0,22.0,26.0,20.0,27.0,25.0,25.0,23.0,26.0,26.0,25.0,23.0,25.0,26.0,23.0,23.0,27.0,24.0,22.0,22.0,22.0,21.0,21.0,21.0,21.0,22.0,22.0,22.0,21.0,22.0,21.0,22.0,22.0,22.0,21.0,21.0,21.0,21.0,10.0,retract,0,0,2.7149
1788795886.5237,2026-09-07 17:44:46.523,9,c2,0,0,-0.04443,-0.48961,0.04706,-4.781,12.2579,-27.3771,-0.1311,-0.0161,-0.8235,4.68753,22.0,22.0,26.0,20.0,27.0,25.0,25.0,23.0,26.0,26.0,25.0,23.0,25.0,26.0,23.0,23.0,27.0,24.0,22.0,22.0,22.0,21.0,21.0,21.0,21.0,22.0,22.0,22.0,21.0,22.0,21.0,22.0,22.0,22.0,21.0,21.0,21.0,21.0,10.0,retract,0,0,2.7799
1788795886.5738,2026-09-07 17:44:46.573,9,c2,0,0,-0.04443,-0.48961,0.0474,-4.8681,12.0744,-27.2604,-0.1227,-0.0182,-0.8249,4.69609,24.0,22.0,27.0,22.0,27.0,25.0,25.0,22.0,25.0,24.0,24.0,22.0,24.0,22.0,24.0,21.0,25.0,24.0,22.0,22.0,22.0,21.0,21.0,21.0,21.0,22.0,22.0,22.0,21.0,22.0,21.0,22.0,22.0,22.0,21.0,21.0,21.0,21.0,10.0,retract,0,0,2.7037
1788795886.6239,2026-09-07 17:44:46.623,9,c2,0,0,-0.04443,-0.48962,0.04775,-4.5527,11.6491,-27.5286,-0.1145,-0.0105,-0.8206,4.70162,24.0,22.0,27.0,22.0,27.0,25.0,25.0,22.0,25.0,24.0,24.0,22.0,24.0,22.0,24.0,21.0,25.0,24.0,22.0,22.0,22.0,21.0,21.0,21.0,21.0,22.0,22.0,22.0,21.0,22.0,21.0,22.0,22.0,22.0,21.0,21.0,21.0,21.0,10.0,retract,0,0,2.6545
1788795886.674,2026-09-07 17:44:46.674,9,c2,0,0,-0.04443,-0.4896,0.04807,-4.3829,11.8548,-27.6621,-0.1183,-0.0038,-0.8143,4.69835,23.0,21.0,25.0,21.0,26.0,22.0,24.0,23.0,26.0,26.0,24.0,22.0,24.0,26.0,24.0,23.0,27.0,24.0,22.0,22.0,22.0,21.0,21.0,21.0,21.0,22.0,22.0,22.0,21.0,22.0,21.0,22.0,22.0,22.0,21.0,21.0,21.0,21.0,10.0,retract,0,0,2.6836
1788795886.7242,2026-09-07 17:44:46.724,9,c2,0,0,-0.04442,-0.48961,0.04843,-4.9164,11.9745,-27.3634,-0.1224,-0.0232,-0.8205,4.69961,21.0,22.0,27.0,22.0,26.0,24.0,25.0,19.0,24.0,26.0,24.0,19.0,24.0,26.0,24.0,18.0,25.0,26.0,20.0,22.0,22.0,21.0,21.0,21.0,21.0,22.0,22.0,22.0,21.0,22.0,21.0,22.0,22.0,22.0,21.0,21.0,21.0,21.0,10.0,retract,0,0,2.6724
1788795886.7743,2026-09-07 17:44:46.774,9,c2,0,0,-0.04444,-0.4896,0.04875,-4.8146,12.3358,-27.5316,-0.1281,-0.0178,-0.8179,4.68375,21.0,22.0,27.0,22.0,26.0,24.0,25.0,19.0,24.0,26.0,24.0,19.0,24.0,26.0,24.0,18.0,25.0,26.0,20.0,22.0,22.0,21.0,21.0,21.0,21.0,22.0,22.0,22.0,21.0,22.0,21.0,22.0,22.0,22.0,21.0,21.0,21.0,21.0,10.0,retract,0,0,2.8135
1788795886.8244,2026-09-07 17:44:46.824,9,c2,0,0,-0.04442,-0.48959,0.04906,-4.9767,11.9929,-27.4942,-0.1241,-0.0189,-0.8229,4.68778,21.0,22.0,26.0,20.0,25.0,23.0,25.0,20.0,26.0,25.0,26.0,20.0,25.0,25.0,24.0,21.0,26.0,25.0,21.0,22.0,22.0,21.0,21.0,21.0,21.0,22.0,22.0,22.0,21.0,22.0,21.0,22.0,22.0,22.0,21.0,21.0,21.0,21.0,10.0,retract,0,0,2.7777
1788795886.8745,2026-09-07 17:44:46.874,9,c2,0,0,-0.04442,-0.4896,0.04937,-4.5525,11.8733,-27.6179,-0.1209,-0.0136,-0.8162,4.69533,21.0,22.0,26.0,20.0,25.0,23.0,25.0,20.0,26.0,25.0,26.0,20.0,25.0,25.0,24.0,21.0,26.0,25.0,21.0,22.0,22.0,21.0,21.0,21.0,21.0,22.0,22.0,22.0,21.0,22.0,21.0,22.0,22.0,22.0,21.0,21.0,21.0,21.0,10.0,retract,0,0,2.7105
1788795886.9246,2026-09-07 17:44:46.924,9,c2,0,0,-0.04443,-0.48961,0.04964,-4.6141,11.7333,-27.5288,-0.1199,-0.0127,-0.8289,4.69659,22.0,24.0,26.0,20.0,25.0,23.0,25.0,21.0,24.0,26.0,25.0,20.0,24.0,26.0,24.0,22.0,26.0,25.0,21.0,22.0,22.0,21.0,21.0,21.0,21.0,22.0,22.0,22.0,21.0,22.0,21.0,22.0,22.0,22.0,21.0,21.0,21.0,21.0,10.0,retract,0,0,2.6993
1788795886.9748,2026-09-07 17:44:46.974,9,c2,0,0,-0.04444,-0.48959,0.04987,-4.4558,11.6257,-27.6077,-0.117,-0.0083,-0.821,4.68702,22.0,22.0,26.0,20.0,25.0,24.0,24.0,19.0,23.0,25.0,24.0,20.0,24.0,25.0,22.0,19.0,27.0,23.0,19.0,22.0,22.0,21.0,21.0,21.0,21.0,22.0,22.0,22.0,21.0,22.0,21.0,22.0,22.0,22.0,21.0,21.0,21.0,21.0,10.0,retract,0,0,2.7844
1788795887.0249,2026-09-07 17:44:47.024,9,c2,0,0,-0.04442,-0.48959,0.05006,-4.9185,12.3025,-27.6012,-0.1283,-0.019,-0.8213,4.70062,22.0,22.0,26.0,20.0,25.0,24.0,24.0,19.0,23.0,25.0,24.0,20.0,24.0,25.0,22.0,19.0,27.0,23.0,19.0,22.0,22.0,21.0,21.0,21.0,21.0,22.0,22.0,22.0,21.0,22.0,21.0,22.0,22.0,22.0,21.0,21.0,21.0,21.0,10.0,retract,0,0,2.6634
1788795887.0749,2026-09-07 17:44:47.074,9,c2,0,0,-0.04443,-0.48959,0.0502,-4.5936,11.7202,-27.4326,-0.1152,-0.008,-0.8223,4.69206,22.0,22.0,28.0,22.0,23.0,25.0,23.0,20.0,23.0,26.0,23.0,21.0,23.0,25.0,24.0,21.0,26.0,25.0,21.0,22.0,22.0,21.0,21.0,21.0,21.0,22.0,22.0,22.0,21.0,22.0,21.0,22.0,22.0,22.0,21.0,21.0,21.0,21.0,10.0,retract,0,0,2.7396
1788795887.1251,2026-09-07 17:44:47.125,9,c2,0,0,-0.04443,-0.48961,0.05035,-5.3045,11.8511,-27.4428,-0.1161,-0.0276,-0.8272,4.69181,22.0,22.0,28.0,22.0,23.0,25.0,23.0,20.0,23.0,26.0,23.0,21.0,23.0,25.0,24.0,21.0,26.0,25.0,21.0,22.0,22.0,21.0,21.0,21.0,21.0,22.0,22.0,22.0,21.0,22.0,21.0,22.0,22.0,22.0,21.0,21.0,21.0,21.0,10.0,retract,0,0,2.7418
1788795887.1752,2026-09-07 17:44:47.175,9,c2,0,0,-0.04443,-0.48959,0.05043,-4.7516,11.6752,-27.702,-0.1121,-0.0139,-0.8243,4.70162,23.0,22.0,26.0,21.0,24.0,24.0,24.0,20.0,23.0,27.0,25.0,21.0,24.0,26.0,22.0,21.0,27.0,23.0,21.0,22.0,22.0,21.0,21.0,21.0,21.0,22.0,22.0,22.0,21.0,22.0,21.0,22.0,22.0,22.0,21.0,21.0,21.0,21.0,10.0,retract,0,0,2.6545
1788795887.2253,2026-09-07 17:44:47.225,9,c2,0,0,-0.04443,-0.48959,0.0505,-4.5771,11.7319,-27.4632,-0.1138,-0.0131,-0.8192,4.68576,22.0,24.0,26.0,21.0,26.0,25.0,24.0,24.0,24.0,25.0,26.0,23.0,24.0,26.0,25.0,23.0,25.0,25.0,23.0,22.0,22.0,21.0,21.0,21.0,21.0,22.0,22.0,22.0,21.0,22.0,21.0,22.0,22.0,22.0,21.0,21.0,21.0,21.0,10.0,retract,0,0,2.7956
1788795887.2754,2026-09-07 17:44:47.275,9,c2,0,0,-0.04443,-0.4896,0.05057,-4.6955,12.1092,-27.4899,-0.1268,-0.0134,-0.819,4.69306,22.0,24.0,26.0,21.0,26.0,25.0,24.0,24.0,24.0,25.0,26.0,23.0,24.0,26.0,25.0,23.0,25.0,25.0,23.0,22.0,22.0,21.0,21.0,21.0,21.0,22.0,22.0,22.0,21.0,22.0,21.0,22.0,22.0,22.0,21.0,21.0,21.0,21.0,10.0,retract,0,0,2.7306
1788795887.3255,2026-09-07 17:44:47.325,9,c2,0,0,-0.04442,-0.48959,0.05056,-4.8648,12.2911,-27.3596,-0.1288,-0.019,-0.8231,4.70062,23.0,23.0,25.0,22.0,25.0,24.0,26.0,22.0,23.0,26.0,25.0,22.0,23.0,24.0,24.0,23.0,25.0,25.0,21.0,22.0,22.0,21.0,21.0,21.0,21.0,22.0,22.0,22.0,21.0,22.0,21.0,22.0,22.0,22.0,21.0,21.0,21.0,21.0,10.0,post,0,0,2.6634
1788795887.3756,2026-09-07 17:44:47.375,9,c2,0,0,-0.04442,-0.48961,0.05059,-4.7108,11.9078,-27.388,-0.1248,-0.0157,-0.8249,4.69004,23.0,23.0,25.0,22.0,25.0,24.0,26.0,22.0,23.0,26.0,25.0,22.0,23.0,24.0,24.0,23.0,25.0,25.0,21.0,22.0,22.0,21.0,21.0,21.0,21.0,22.0,22.0,22.0,21.0,22.0,21.0,22.0,22.0,22.0,21.0,21.0,21.0,21.0,10.0,post,0,0,2.7575
1788795887.4257,2026-09-07 17:44:47.425,9,c2,0,0,-0.04442,-0.48961,0.05061,-4.5886,12.2317,-27.4774,-0.1286,-0.0135,-0.8206,4.69432,23.0,24.0,26.0,22.0,24.0,24.0,25.0,22.0,23.0,27.0,26.0,22.0,23.0,26.0,25.0,22.0,26.0,25.0,21.0,22.0,22.0,21.0,21.0,21.0,21.0,22.0,22.0,22.0,21.0,22.0,21.0,22.0,22.0,22.0,21.0,21.0,21.0,21.0,10.0,post,0,0,2.7194
1788795887.4758,2026-09-07 17:44:47.475,9,c2,0,0,-0.04444,-0.48961,0.05061,-4.5848,11.7257,-27.326,-0.1164,-0.009,-0.8184,4.69458,25.0,25.0,26.0,23.0,24.0,26.0,26.0,21.0,20.0,25.0,26.0,20.0,22.0,26.0,24.0,22.0,26.0,25.0,21.0,22.0,22.0,21.0,21.0,21.0,21.0,22.0,22.0,22.0,21.0,22.0,21.0,22.0,22.0,22.0,21.0,21.0,21.0,21.0,10.0,post,0,0,2.7172
1788795887.5259,2026-09-07 17:44:47.525,9,c2,0,0,-0.04442,-0.48961,0.0506,-4.594,12.0534,-27.4613,-0.1216,-0.0105,-0.8224,4.69004,25.0,25.0,26.0,23.0,24.0,26.0,26.0,21.0,20.0,25.0,26.0,20.0,22.0,26.0,24.0,22.0,26.0,25.0,21.0,22.0,22.0,21.0,21.0,21.0,21.0,22.0,22.0,22.0,21.0,22.0,21.0,22.0,22.0,22.0,21.0,21.0,21.0,21.0,10.0,post,0,0,2.7575
1788795887.5761,2026-09-07 17:44:47.576,9,c2,0,0,-0.04442,-0.48961,0.05061,-4.7372,11.8894,-27.5304,-0.1184,-0.0163,-0.8191,4.69382,20.0,23.0,26.0,21.0,23.0,24.0,25.0,22.0,22.0,24.0,24.0,23.0,20.0,24.0,22.0,22.0,25.0,23.0,22.0,22.0,22.0,21.0,21.0,21.0,21.0,22.0,22.0,22.0,21.0,22.0,21.0,22.0,22.0,22.0,21.0,21.0,21.0,21.0,10.0,post,0,0,2.7239
1788795887.6261,2026-09-07 17:44:47.626,9,c2,0,0,-0.04443,-0.4896,0.05061,-4.4701,12.0018,-27.6852,-0.1216,-0.0079,-0.8183,4.70087,20.0,23.0,26.0,21.0,23.0,24.0,25.0,22.0,22.0,24.0,24.0,23.0,20.0,24.0,22.0,22.0,25.0,23.0,22.0,22.0,22.0,21.0,21.0,21.0,21.0,22.0,22.0,22.0,21.0,22.0,21.0,22.0,22.0,22.0,21.0,21.0,21.0,21.0,10.0,post,0,0,2.6612
1788795887.6763,2026-09-07 17:44:47.676,9,c2,0,0,-0.04442,-0.48961,0.05061,-4.5176,11.8842,-27.7215,-0.1194,-0.0085,-0.8246,4.69659,22.0,22.0,25.0,22.0,24.0,23.0,24.0,22.0,22.0,26.0,25.0,22.0,22.0,25.0,23.0,22.0,26.0,25.0,22.0,22.0,22.0,21.0,21.0,21.0,21.0,22.0,22.0,22.0,21.0,22.0,21.0,22.0,22.0,22.0,21.0,21.0,21.0,21.0,10.0,post,0,0,2.6993
1788795887.7264,2026-09-07 17:44:47.726,9,c2,0,0,-0.04445,-0.48961,0.05061,-4.7503,12.2497,-27.4951,-0.1339,-0.0148,-0.8175,4.70112,22.0,22.0,25.0,22.0,24.0,23.0,24.0,22.0,22.0,26.0,25.0,22.0,22.0,25.0,23.0,22.0,26.0,25.0,22.0,22.0,22.0,21.0,21.0,21.0,21.0,22.0,22.0,22.0,21.0,22.0,21.0,22.0,22.0,22.0,21.0,21.0,21.0,21.0,10.0,post,0,0,2.6589
1788795887.7765,2026-09-07 17:44:47.776,9,c2,0,0,-0.04444,-0.4896,0.05061,-4.46,11.6682,-27.6545,-0.1154,-0.007,-0.8169,4.68954,23.0,24.0,26.0,22.0,23.0,24.0,24.0,21.0,21.0,26.0,24.0,21.0,22.0,25.0,22.0,21.0,25.0,23.0,22.0,22.0,22.0,21.0,21.0,21.0,21.0,22.0,22.0,22.0,21.0,22.0,21.0,22.0,22.0,22.0,21.0,21.0,21.0,21.0,10.0,post,0,0,2.762
1788795887.8266,2026-09-07 17:44:47.826,9,c2,0,0,-0.04443,-0.48961,0.05061,-4.7181,12.2539,-27.668,-0.1269,-0.014,-0.8208,4.69382,21.0,23.0,25.0,20.0,24.0,23.0,24.0,20.0,23.0,25.0,25.0,21.0,25.0,25.0,24.0,21.0,26.0,25.0,21.0,22.0,22.0,21.0,21.0,21.0,21.0,22.0,22.0,22.0,21.0,22.0,21.0,22.0,22.0,22.0,21.0,21.0,21.0,21.0,10.0,post,0,0,2.7239
1788795887.8768,2026-09-07 17:44:47.876,9,c2,0,0,-0.04443,-0.4896,0.0506,-4.7374,11.8084,-27.5374,-0.1175,-0.0131,-0.8247,4.70364,21.0,23.0,25.0,20.0,24.0,23.0,24.0,20.0,23.0,25.0,25.0,21.0,25.0,25.0,24.0,21.0,26.0,25.0,21.0,22.0,22.0,21.0,21.0,21.0,21.0,22.0,22.0,22.0,21.0,22.0,21.0,22.0,22.0,22.0,21.0,21.0,21.0,21.0,10.0,post,0,0,2.6365
1788795887.9269,2026-09-07 17:44:47.926,9,c2,0,0,-0.04445,-0.48962,0.05061,-4.9259,12.216,-27.61,-0.1285,-0.0176,-0.8239,4.68979,21.0,25.0,26.0,20.0,24.0,24.0,25.0,21.0,23.0,26.0,26.0,21.0,24.0,24.0,23.0,21.0,24.0,24.0,20.0,22.0,22.0,21.0,21.0,21.0,21.0,22.0,22.0,22.0,21.0,22.0,21.0,22.0,22.0,22.0,21.0,21.0,21.0,21.0,10.0,post,0,0,2.7597
1788795887.977,2026-09-07 17:44:47.976,9,c2,0,0,-0.04444,-0.4896,0.05061,-4.6728,11.853,-27.5512,-0.1208,-0.0127,-0.8215,4.69357,21.0,25.0,26.0,20.0,24.0,24.0,25.0,21.0,23.0,26.0,26.0,21.0,24.0,24.0,23.0,21.0,24.0,24.0,20.0,22.0,22.0,21.0,21.0,21.0,21.0,22.0,22.0,22.0,21.0,22.0,21.0,22.0,22.0,22.0,21.0,21.0,21.0,21.0,10.0,post,0,0,2.7261
1788795888.0271,2026-09-07 17:44:48.027,9,c2,0,0,-0.04442,-0.48961,0.05061,-4.419,11.6158,-27.7153,-0.1115,-0.0095,-0.814,4.69004,22.0,24.0,25.0,21.0,25.0,23.0,25.0,21.0,21.0,26.0,24.0,21.0,22.0,25.0,24.0,22.0,24.0,24.0,21.0,22.0,22.0,21.0,21.0,21.0,21.0,22.0,22.0,22.0,21.0,22.0,21.0,22.0,22.0,22.0,21.0,21.0,21.0,21.0,10.0,post,0,0,2.7575
1788795888.0772,2026-09-07 17:44:48.077,9,c2,0,0,-0.04443,-0.48962,0.05062,-5.0659,12.6527,-27.3008,-0.1367,-0.0249,-0.8242,4.68828,22.0,24.0,27.0,21.0,23.0,25.0,25.0,20.0,22.0,27.0,25.0,20.0,23.0,25.0,22.0,21.0,25.0,24.0,19.0,22.0,22.0,21.0,21.0,21.0,21.0,22.0,22.0,22.0,21.0,22.0,21.0,22.0,22.0,22.0,21.0,21.0,21.0,21.0,10.0,post,0,0,2.7732
1788795888.1274,2026-09-07 17:44:48.127,9,c2,0,0,-0.04444,-0.4896,0.0506,-5.1924,12.2789,-27.3147,-0.1279,-0.0264,-0.8244,4.70162,22.0,24.0,27.0,21.0,23.0,25.0,25.0,20.0,22.0,27.0,25.0,20.0,23.0,25.0,22.0,21.0,25.0,24.0,19.0,22.0,22.0,21.0,21.0,21.0,21.0,22.0,22.0,22.0,21.0,22.0,21.0,22.0,22.0,22.0,21.0,21.0,21.0,21.0,10.0,post,0,0,2.6545
1788795888.1775,2026-09-07 17:44:48.177,9,c2,0,0,-0.04441,-0.48961,0.0506,-5.0379,12.4194,-27.3568,-0.1329,-0.0222,-0.8196,4.69155,21.0,23.0,27.0,19.0,23.0,25.0,24.0,21.0,24.0,27.0,24.0,21.0,23.0,25.0,23.0,21.0,25.0,22.0,22.0,22.0,22.0,21.0,21.0,21.0,21.0,22.0,22.0,22.0,21.0,22.0,21.0,22.0,22.0,22.0,21.0,21.0,21.0,21.0,10.0,post,0,0,2.7441
1788795888.2276,2026-09-07 17:44:48.227,9,c2,0,0,-0.04444,-0.48962,0.05061,-5.0681,12.267,-27.4323,-0.13,-0.0229,-0.8241,4.68602,21.0,23.0,27.0,19.0,23.0,25.0,24.0,21.0,24.0,27.0,24.0,21.0,23.0,25.0,23.0,21.0,25.0,22.0,22.0,22.0,22.0,21.0,21.0,21.0,21.0,22.0,22.0,22.0,21.0,22.0,21.0,22.0,22.0,22.0,21.0,21.0,21.0,21.0,10.0,post,0,0,2.7933
1788795888.2778,2026-09-07 17:44:48.277,9,c2,0,0,-0.04444,-0.48961,0.05061,-5.014,12.0572,-27.3335,-0.124,-0.0211,-0.8215,4.69155,21.0,24.0,27.0,20.0,24.0,25.0,25.0,21.0,23.0,25.0,26.0,22.0,25.0,26.0,24.0,20.0,27.0,24.0,21.0,22.0,22.0,21.0,21.0,21.0,21.0,22.0,22.0,22.0,21.0,22.0,21.0,22.0,22.0,22.0,21.0,21.0,21.0,21.0,10.0,post,0,0,2.7441
1788795888.3279,2026-09-07 17:44:48.327,9,c2,0,0,-0.04444,-0.48961,0.05061,-4.7562,12.1982,-27.4435,-0.1252,-0.0139,-0.8214,4.69911,23.0,23.0,26.0,22.0,23.0,24.0,25.0,20.0,22.0,26.0,24.0,20.0,22.0,26.0,22.0,20.0,26.0,24.0,21.0,22.0,22.0,21.0,21.0,21.0,21.0,22.0,22.0,22.0,21.0,22.0,21.0,22.0,22.0,22.0,21.0,21.0,21.0,21.0,10.0,post,0,0,2.6769
1788795888.3779,2026-09-07 17:44:48.377,9,c2,0,0,-0.04444,-0.48961,0.05061,-5.0178,12.0894,-27.0965,-0.1222,-0.0226,-0.8264,4.69256,23.0,23.0,26.0,22.0,23.0,24.0,25.0,20.0,22.0,26.0,24.0,20.0,22.0,26.0,22.0,20.0,26.0,24.0,21.0,22.0,22.0,21.0,21.0,21.0,21.0,22.0,22.0,22.0,21.0,22.0,21.0,22.0,22.0,22.0,21.0,21.0,21.0,21.0,10.0,post,0,0,2.7351
1788795888.4281,2026-09-07 17:44:48.428,9,c2,0,0,-0.04445,-0.4896,0.0506,-5.1082,11.8329,-27.3246,-0.1167,-0.0226,-0.8229,4.69306,22.0,25.0,26.0,21.0,24.0,25.0,24.0,21.0,22.0,27.0,24.0,22.0,23.0,27.0,22.0,22.0,27.0,22.0,21.0,22.0,22.0,21.0,21.0,21.0,21.0,22.0,22.0,22.0,21.0,22.0,21.0,22.0,22.0,22.0,21.0,21.0,21.0,21.0,10.0,post,0,0,2.7306
1788795888.4785,2026-09-07 17:44:48.478,9,c2,0,0,-0.04443,-0.48961,0.05059,-4.7956,12.2283,-27.358,-0.1275,-0.0163,-0.8209,4.69911,22.0,25.0,26.0,21.0,24.0,25.0,24.0,21.0,22.0,27.0,24.0,22.0,23.0,27.0,22.0,22.0,27.0,22.0,21.0,22.0,22.0,21.0,21.0,21.0,21.0,22.0,22.0,22.0,21.0,22.0,21.0,22.0,22.0,22.0,21.0,21.0,21.0,21.0,10.0,post,0,0,2.6769
1788795888.5286,2026-09-07 17:44:48.528,9,c2,0,0,-0.04442,-0.48961,0.05062,-4.4921,11.9619,-27.5484,-0.1227,-0.0095,-0.8144,4.69508,21.0,25.0,27.0,21.0,24.0,26.0,23.0,20.0,23.0,28.0,24.0,20.0,25.0,25.0,23.0,21.0,26.0,23.0,19.0,22.0,22.0,21.0,21.0,21.0,21.0,22.0,22.0,22.0,21.0,22.0,21.0,22.0,22.0,22.0,21.0,21.0,21.0,21.0,10.0,post,0,0,2.7127
1788795888.5787,2026-09-07 17:44:48.578,9,c2,0,0,-0.04443,-0.48961,0.0506,-4.6103,12.0882,-27.462,-0.1236,-0.0113,-0.8186,4.68879,21.0,26.0,26.0,19.0,25.0,25.0,24.0,22.0,23.0,28.0,24.0,21.0,24.0,25.0,23.0,21.0,26.0,25.0,22.0,22.0,22.0,21.0,21.0,21.0,21.0,22.0,22.0,22.0,21.0,22.0,21.0,22.0,22.0,22.0,21.0,21.0,21.0,21.0,10.0,post,0,0,2.7687
1788795888.6288,2026-09-07 17:44:48.628,9,c2,0,0,-0.04443,-0.4896,0.0506,-4.7312,12.3728,-27.6212,-0.1282,-0.0175,-0.8174,4.69281,21.0,26.0,26.0,19.0,25.0,25.0,24.0,22.0,23.0,28.0,24.0,21.0,24.0,25.0,23.0,21.0,26.0,25.0,22.0,22.0,22.0,21.0,21.0,21.0,21.0,22.0,22.0,22.0,21.0,22.0,21.0,22.0,22.0,22.0,21.0,21.0,21.0,21.0,10.0,post,0,0,2.7329
1788795888.6789,2026-09-07 17:44:48.678,9,c2,0,0,-0.04445,-0.48962,0.05061,-4.4715,11.7493,-27.5511,-0.1155,-0.009,-0.8239,4.69206,22.0,25.0,25.0,20.0,25.0,24.0,23.0,22.0,23.0,25.0,24.0,22.0,22.0,24.0,23.0,23.0,23.0,23.0,22.0,22.0,22.0,21.0,21.0,21.0,21.0,22.0,22.0,22.0,21.0,22.0,21.0,22.0,22.0,22.0,21.0,21.0,21.0,21.0,10.0,post,0,0,2.7396
1788795888.729,2026-09-07 17:44:48.729,9,c2,0,0,-0.04443,-0.4896,0.05061,-4.6891,12.1667,-27.5378,-0.127,-0.0108,-0.8207,4.70162,22.0,25.0,25.0,20.0,25.0,24.0,23.0,22.0,23.0,25.0,24.0,22.0,22.0,24.0,23.0,23.0,23.0,23.0,22.0,22.0,22.0,21.0,21.0,21.0,21.0,22.0,22.0,22.0,21.0,22.0,21.0,22.0,22.0,22.0,21.0,21.0,21.0,21.0,10.0,post,0,0,2.6545
1788795888.7791,2026-09-07 17:44:48.779,9,c2,0,0,-0.04442,-0.4896,0.0506,-4.5105,11.9977,-27.5912,-0.1215,-0.0085,-0.8183,4.69357,22.0,23.0,26.0,22.0,24.0,25.0,24.0,20.0,23.0,25.0,25.0,19.0,22.0,25.0,22.0,21.0,24.0,24.0,21.0,22.0,22.0,21.0,21.0,21.0,21.0,22.0,22.0,22.0,21.0,22.0,21.0,22.0,22.0,22.0,21.0,21.0,21.0,21.0,10.0,post,0,0,2.7261
1788795888.8293,2026-09-07 17:44:48.829,9,c2,0,0,-0.04443,-0.48961,0.05061,-4.658,12.0586,-27.3051,-0.1242,-0.0111,-0.8231,4.70288,20.0,24.0,26.0,19.0,24.0,25.0,24.0,23.0,21.0,27.0,26.0,22.0,23.0,27.0,23.0,23.0,26.0,24.0,21.0,22.0,22.0,21.0,21.0,21.0,21.0,22.0,22.0,22.0,21.0,22.0,21.0,22.0,22.0,22.0,21.0,21.0,21.0,21.0,10.0,post,0,0,2.6433
1788795888.8795,2026-09-07 17:44:48.879,9,c2,0,0,-0.04444,-0.4896,0.05061,-4.8637,12.1434,-27.3854,-0.1272,-0.0188,-0.8221,4.69458,20.0,24.0,26.0,19.0,24.0,25.0,24.0,23.0,21.0,27.0,26.0,22.0,23.0,27.0,23.0,23.0,26.0,24.0,21.0,22.0,22.0,21.0,21.0,21.0,21.0,22.0,22.0,22.0,21.0,22.0,21.0,22.0,22.0,22.0,21.0,21.0,21.0,21.0,10.0,post,0,0,2.7172
1788795888.9295,2026-09-07 17:44:48.929,9,c2,0,0,-0.04445,-0.48961,0.0506,-4.7468,12.0244,-27.4101,-0.1219,-0.0162,-0.8202,4.69357,23.0,24.0,27.0,22.0,24.0,26.0,25.0,21.0,23.0,26.0,25.0,21.0,24.0,26.0,24.0,22.0,26.0,24.0,22.0,22.0,22.0,21.0,21.0,21.0,21.0,22.0,22.0,22.0,21.0,22.0,21.0,22.0,22.0,22.0,21.0,21.0,21.0,21.0,10.0,post,0,0,2.7261
1788795888.9796,2026-09-07 17:44:48.979,9,c2,0,0,-0.04443,-0.48962,0.05061,-4.7752,12.1145,-27.481,-0.1242,-0.0135,-0.8122,4.69986,23.0,24.0,27.0,22.0,24.0,26.0,25.0,21.0,23.0,26.0,25.0,21.0,24.0,26.0,24.0,22.0,26.0,24.0,22.0,22.0,22.0,21.0,21.0,21.0,21.0,22.0,22.0,22.0,21.0,22.0,21.0,22.0,22.0,22.0,21.0,21.0,21.0,21.0,10.0,post,0,0,2.6701
1788795889.0298,2026-09-07 17:44:49.029,9,c2,0,0,-0.04445,-0.48961,0.05062,-4.5452,12.0355,-27.4389,-0.1258,-0.0096,-0.8164,4.68954,23.0,25.0,26.0,22.0,25.0,26.0,26.0,23.0,23.0,26.0,25.0,23.0,23.0,27.0,23.0,23.0,26.0,24.0,22.0,22.0,22.0,21.0,21.0,21.0,21.0,22.0,22.0,22.0,21.0,22.0,21.0,22.0,22.0,22.0,21.0,21.0,21.0,21.0,10.0,post,0,0,2.762
1788795889.0799,2026-09-07 17:44:49.079,9,c2,0,0,-0.04442,-0.48961,0.0506,-4.5164,11.5385,-27.5584,-0.1086,-0.0077,-0.814,4.69281,23.0,25.0,26.0,22.0,25.0,26.0,26.0,23.0,23.0,26.0,25.0,23.0,23.0,27.0,23.0,23.0,26.0,24.0,22.0,22.0,22.0,21.0,21.0,21.0,21.0,22.0,22.0,22.0,21.0,22.0,21.0,22.0,22.0,22.0,21.0,21.0,21.0,21.0,10.0,post,0,0,2.7329
1788795889.13,2026-09-07 17:44:49.129,9,c2,0,0,-0.04442,-0.48961,0.05061,-4.8938,12.1186,-27.5486,-0.1245,-0.0203,-0.8241,4.70011,24.0,24.0,26.0,23.0,25.0,25.0,25.0,20.0,21.0,28.0,25.0,22.0,22.0,27.0,23.0,22.0,27.0,23.0,21.0,22.0,22.0,21.0,21.0,21.0,21.0,22.0,22.0,22.0,21.0,22.0,21.0,22.0,22.0,22.0,21.0,21.0,21.0,21.0,10.0,post,0,0,2.6679
1788795889.1801,2026-09-07 17:44:49.180,9,c2,0,0,-0.04443,-0.4896,0.0506,-4.7143,12.4071,-27.398,-0.1304,-0.0154,-0.8235,4.69684,21.0,22.0,27.0,21.0,22.0,25.0,25.0,22.0,24.0,27.0,26.0,23.0,25.0,27.0,24.0,23.0,28.0,25.0,22.0,22.0,22.0,21.0,21.0,21.0,21.0,22.0,22.0,22.0,21.0,22.0,21.0,22.0,22.0,22.0,21.0,21.0,21.0,21.0,10.0,post,0,0,2.697
1788795889.2303,2026-09-07 17:44:49.230,9,c2,0,0,-0.04443,-0.48961,0.05061,-4.8464,12.3533,-27.4978,-0.1307,-0.0164,-0.8206,4.6903,21.0,22.0,27.0,21.0,22.0,25.0,25.0,22.0,24.0,27.0,26.0,23.0,25.0,27.0,24.0,23.0,28.0,25.0,22.0,22.0,22.0,21.0,21.0,21.0,21.0,22.0,22.0,22.0,21.0,22.0,21.0,22.0,22.0,22.0,21.0,21.0,21.0,21.0,10.0,post,0,0,2.7553
1788795889.2803,2026-09-07 17:44:49.280,9,c2,0,0,-0.04444,-0.48962,0.05062,-5.0008,12.2707,-27.3718,-0.13,-0.0216,-0.8164,4.69281,22.0,26.0,27.0,23.0,26.0,27.0,26.0,20.0,23.0,28.0,25.0,21.0,24.0,27.0,23.0,22.0,26.0,24.0,20.0,22.0,22.0,21.0,21.0,21.0,21.0,22.0,22.0,22.0,21.0,22.0,21.0,22.0,22.0,22.0,21.0,21.0,21.0,21.0,10.0,post,0,0,2.7329
1788795889.3305,2026-09-07 17:44:49.330,10,c3,0,0,-0.04442,-0.48967,0.05063,-4.8099,12.1402,-27.4521,-0.1285,-0.0166,-0.8104,4.69986,22.0,26.0,27.0,23.0,26.0,27.0,26.0,20.0,23.0,28.0,25.0,21.0,24.0,27.0,23.0,22.0,26.0,24.0,20.0,22.0,22.0,21.0,21.0,21.0,21.0,22.0,22.0,22.0,21.0,22.0,21.0,22.0,22.0,22.0,21.0,21.0,21.0,21.0,10.0,locate,0,0,2.6701
1788795889.3805,2026-09-07 17:44:49.380,10,c3,0,0,-0.04407,-0.49023,0.05068,-4.9682,12.0938,-27.2215,-0.1248,-0.0212,-0.4686,4.69986,20.0,25.0,27.0,20.0,25.0,26.0,24.0,20.0,25.0,26.0,25.0,22.0,24.0,26.0,22.0,20.0,25.0,24.0,21.0,22.0,22.0,21.0,21.0,21.0,21.0,22.0,22.0,22.0,21.0,22.0,21.0,22.0,22.0,22.0,21.0,21.0,21.0,21.0,10.0,locate,0,0,2.6701
1788795889.4306,2026-09-07 17:44:49.430,10,c3,0,0,-0.04324,-0.49133,0.05072,-4.0204,11.8405,-27.8467,-0.119,0.0213,0.0812,4.69206,21.0,27.0,25.0,21.0,26.0,24.0,24.0,21.0,24.0,27.0,25.0,21.0,25.0,25.0,23.0,22.0,26.0,25.0,22.0,22.0,22.0,21.0,21.0,21.0,21.0,22.0,22.0,22.0,21.0,22.0,21.0,22.0,22.0,22.0,21.0,21.0,21.0,21.0,10.0,locate,0,0,2.7396
1788795889.4808,2026-09-07 17:44:49.480,10,c3,0,0,-0.04191,-0.493,0.0507,-4.2055,11.3927,-28.1773,-0.1103,-0.0015,-0.036,4.70339,21.0,27.0,25.0,21.0,26.0,24.0,24.0,21.0,24.0,27.0,25.0,21.0,25.0,25.0,23.0,22.0,26.0,25.0,22.0,22.0,22.0,21.0,21.0,21.0,21.0,22.0,22.0,22.0,21.0,22.0,21.0,22.0,22.0,22.0,21.0,21.0,21.0,21.0,10.0,locate,0,0,2.6388
1788795889.5309,2026-09-07 17:44:49.530,10,c3,0,0,-0.04062,-0.49459,0.05065,-4.386,11.6857,-28.1051,-0.1151,-0.0068,-0.0903,4.69558,22.0,26.0,27.0,21.0,27.0,25.0,25.0,24.0,24.0,28.0,24.0,24.0,23.0,26.0,22.0,24.0,26.0,23.0,20.0,22.0,22.0,21.0,21.0,21.0,21.0,22.0,22.0,22.0,21.0,22.0,21.0,22.0,22.0,22.0,21.0,21.0,21.0,21.0,10.0,locate,0,0,2.7082
1788795889.581,2026-09-07 17:44:49.581,10,c3,0,0,-0.03984,-0.49561,0.05058,-4.3534,11.65,-27.8522,-0.1193,-0.0029,-0.112,4.68576,22.0,26.0,27.0,21.0,27.0,25.0,25.0,24.0,24.0,28.0,24.0,24.0,23.0,26.0,22.0,24.0,26.0,23.0,20.0,22.0,22.0,21.0,21.0,21.0,21.0,22.0,22.0,22.0,21.0,22.0,21.0,22.0,22.0,22.0,21.0,21.0,21.0,21.0,10.0,locate,0,0,2.7956
1788795889.6311,2026-09-07 17:44:49.631,10,c3,0,0,-0.0395,-0.4961,0.05062,-4.2416,11.7985,-27.9182,-0.1207,0.0001,-0.1277,4.68425,23.0,25.0,26.0,24.0,25.0,25.0,24.0,22.0,25.0,27.0,26.0,22.0,26.0,25.0,25.0,23.0,25.0,25.0,21.0,22.0,22.0,21.0,21.0,21.0,21.0,22.0,22.0,22.0,21.0,22.0,21.0,22.0,22.0,22.0,21.0,21.0,21.0,21.0,10.0,locate,0,0,2.809
1788795889.6812,2026-09-07 17:44:49.681,10,c3,0,0,-0.03949,-0.49608,0.05062,-4.4302,11.0013,-28.1988,-0.1052,-0.0011,-0.1454,4.6903,24.0,26.0,26.0,22.0,26.0,25.0,26.0,22.0,24.0,28.0,24.0,23.0,24.0,27.0,24.0,23.0,28.0,25.0,23.0,22.0,22.0,21.0,21.0,21.0,21.0,22.0,22.0,22.0,21.0,22.0,21.0,22.0,22.0,22.0,21.0,21.0,21.0,21.0,10.0,locate,0,0,2.7553
1788795889.7313,2026-09-07 17:44:49.731,10,c3,0,0,-0.03949,-0.49607,0.05061,-3.8403,11.3603,-28.0419,-0.1098,0.0101,-0.1447,4.69206,24.0,26.0,26.0,22.0,26.0,25.0,26.0,22.0,24.0,28.0,24.0,23.0,24.0,27.0,24.0,23.0,28.0,25.0,23.0,22.0,22.0,21.0,21.0,21.0,21.0,22.0,22.0,22.0,21.0,22.0,21.0,22.0,22.0,22.0,21.0,21.0,21.0,21.0,10.0,locate,0,0,2.7396
1788795889.7815,2026-09-07 17:44:49.781,10,c3,0,0,-0.03947,-0.49608,0.05062,-4.4936,11.6922,-27.5221,-0.119,-0.0074,-0.1581,4.69609,22.0,24.0,26.0,22.0,24.0,25.0,24.0,23.0,25.0,27.0,25.0,23.0,25.0,27.0,22.0,24.0,27.0,24.0,23.0,22.0,22.0,21.0,21.0,21.0,21.0,22.0,22.0,22.0,21.0,22.0,21.0,22.0,22.0,22.0,21.0,21.0,21.0,21.0,10.0,locate,0,0,2.7037
1788795889.8316,2026-09-07 17:44:49.831,10,c3,0,0,-0.03946,-0.49609,0.05062,-4.4497,11.46,-27.6038,-0.1102,-0.0045,-0.1613,4.6903,22.0,24.0,26.0,22.0,24.0,25.0,24.0,23.0,25.0,27.0,25.0,23.0,25.0,27.0,22.0,24.0,27.0,24.0,23.0,22.0,22.0,21.0,21.0,21.0,21.0,22.0,22.0,22.0,21.0,22.0,21.0,22.0,22.0,22.0,21.0,21.0,21.0,21.0,10.0,locate,0,0,2.7553
1788795889.8817,2026-09-07 17:44:49.881,10,c3,0,0,-0.03945,-0.49609,0.05062,-4.3228,11.7552,-27.6749,-0.1202,-0.0038,-0.1622,4.69306,24.0,27.0,26.0,23.0,26.0,26.0,24.0,22.0,24.0,26.0,26.0,22.0,24.0,25.0,24.0,23.0,25.0,23.0,21.0,22.0,22.0,21.0,21.0,21.0,21.0,22.0,22.0,22.0,21.0,22.0,21.0,22.0,22.0,22.0,21.0,21.0,21.0,21.0,10.0,locate,0,0,2.7306
1788795889.9318,2026-09-07 17:44:49.931,10,c3,0,0,-0.03943,-0.49609,0.05063,-4.2812,11.2043,-27.7847,-0.1073,-0.0038,-0.1707,4.70288,23.0,26.0,25.0,23.0,24.0,24.0,24.0,21.0,25.0,27.0,25.0,22.0,25.0,27.0,24.0,22.0,25.0,25.0,21.0,22.0,22.0,21.0,21.0,21.0,21.0,22.0,22.0,22.0,21.0,22.0,21.0,22.0,22.0,22.0,21.0,21.0,21.0,21.0,10.0,locate,0,0,2.6433
1788795889.9819,2026-09-07 17:44:49.981,10,c3,0,0,-0.03945,-0.4961,0.05063,-4.3011,11.6469,-27.5579,-0.1172,-0.0024,-0.1805,4.69709,23.0,26.0,25.0,23.0,24.0,24.0,24.0,21.0,25.0,27.0,25.0,22.0,25.0,27.0,24.0,22.0,25.0,25.0,21.0,22.0,22.0,21.0,21.0,21.0,21.0,22.0,22.0,22.0,21.0,22.0,21.0,22.0,22.0,22.0,21.0,21.0,21.0,21.0,10.0,locate,0,0,2.6948
1788795890.032,2026-09-07 17:44:50.032,10,c3,0,0,-0.03944,-0.4961,0.05061,-4.3545,11.3459,-27.7552,-0.107,-0.0036,-0.177,4.69055,22.0,26.0,26.0,24.0,26.0,24.0,26.0,23.0,25.0,25.0,24.0,23.0,24.0,25.0,23.0,24.0,25.0,24.0,23.0,22.0,22.0,21.0,21.0,21.0,21.0,22.0,22.0,22.0,21.0,22.0,21.0,22.0,22.0,22.0,21.0,21.0,21.0,21.0,10.0,locate,0,0,2.753
1788795890.0822,2026-09-07 17:44:50.082,10,c3,0,0,-0.03945,-0.49611,0.05061,-4.3729,11.6337,-27.6522,-0.1161,-0.0048,-0.1909,4.69382,22.0,26.0,26.0,24.0,26.0,24.0,26.0,23.0,25.0,25.0,24.0,23.0,24.0,25.0,23.0,24.0,25.0,24.0,23.0,22.0,22.0,21.0,21.0,21.0,21.0,22.0,22.0,22.0,21.0,22.0,21.0,22.0,22.0,22.0,21.0,21.0,21.0,21.0,10.0,locate,0,0,2.7239
1788795890.1323,2026-09-07 17:44:50.132,10,c3,0,0,-0.03944,-0.49611,0.05061,-4.529,12.2069,-27.5512,-0.1289,-0.0073,-0.1866,4.69785,24.0,25.0,26.0,22.0,25.0,23.0,24.0,23.0,23.0,27.0,25.0,22.0,24.0,26.0,24.0,23.0,26.0,24.0,22.0,22.0,22.0,21.0,21.0,21.0,21.0,22.0,22.0,22.0,21.0,22.0,21.0,22.0,22.0,22.0,21.0,21.0,21.0,21.0,10.0,locate,0,0,2.6881
1788795890.1824,2026-09-07 17:44:50.182,10,c3,0,0,-0.03945,-0.4961,0.05061,-4.4334,11.7961,-27.5374,-0.1211,-0.0047,-0.19,4.70188,24.0,25.0,26.0,22.0,25.0,23.0,24.0,23.0,23.0,27.0,25.0,22.0,24.0,26.0,24.0,23.0,26.0,24.0,22.0,22.0,22.0,21.0,21.0,21.0,21.0,22.0,22.0,22.0,21.0,22.0,21.0,22.0,22.0,22.0,21.0,21.0,21.0,21.0,10.0,locate,0,0,2.6522
1788795890.2324,2026-09-07 17:44:50.232,10,c3,0,0,-0.03944,-0.4961,0.05059,-4.5707,11.8194,-27.525,-0.1236,-0.008,-0.2002,4.69155,24.0,26.0,26.0,21.0,25.0,24.0,23.0,21.0,25.0,26.0,24.0,22.0,25.0,24.0,22.0,22.0,25.0,24.0,20.0,22.0,22.0,21.0,21.0,21.0,21.0,22.0,22.0,22.0,21.0,22.0,21.0,22.0,22.0,22.0,21.0,21.0,21.0,21.0,10.0,locate,0,0,2.7441
1788795890.2825,2026-09-07 17:44:50.282,10,c3,0,0,-0.03945,-0.4961,0.05061,-4.4753,11.8883,-27.5477,-0.1213,-0.0065,-0.2,4.70188,22.0,26.0,25.0,21.0,26.0,24.0,24.0,21.0,23.0,26.0,24.0,21.0,23.0,25.0,23.0,22.0,26.0,25.0,21.0,22.0,22.0,21.0,21.0,21.0,21.0,22.0,22.0,22.0,21.0,22.0,21.0,22.0,22.0,22.0,21.0,21.0,21.0,21.0,10.0,locate,0,0,2.6522
1788795890.3326,2026-09-07 17:44:50.332,10,c3,0,0,-0.03944,-0.49611,0.05062,-4.0851,11.3483,-27.5667,-0.111,0.0048,-0.2038,4.6976,22.0,26.0,25.0,21.0,26.0,24.0,24.0,21.0,23.0,26.0,24.0,21.0,23.0,25.0,23.0,22.0,26.0,25.0,21.0,22.0,22.0,21.0,21.0,21.0,21.0,22.0,22.0,22.0,21.0,22.0,21.0,22.0,22.0,22.0,21.0,21.0,21.0,21.0,10.0,locate,0,0,2.6903
1788795890.3827,2026-09-07 17:44:50.382,10,c3,0,0,-0.03943,-0.49609,0.0506,-4.6095,11.8134,-27.5174,-0.1195,-0.0069,-0.1968,4.6976,23.0,23.0,26.0,21.0,23.0,25.0,25.0,21.0,24.0,24.0,25.0,22.0,24.0,25.0,24.0,22.0,24.0,23.0,22.0,22.0,22.0,21.0,21.0,21.0,21.0,22.0,22.0,22.0,21.0,22.0,21.0,22.0,22.0,22.0,21.0,21.0,21.0,21.0,10.0,locate,0,0,2.6903
1788795890.4328,2026-09-07 17:44:50.432,10,c3,0,0,-0.03946,-0.4961,0.05061,-4.5878,11.7639,-27.7561,-0.1186,-0.0094,-0.2095,4.69735,23.0,23.0,26.0,21.0,23.0,25.0,25.0,21.0,24.0,24.0,25.0,22.0,24.0,25.0,24.0,22.0,24.0,23.0,22.0,22.0,22.0,21.0,21.0,21.0,21.0,22.0,22.0,22.0,21.0,22.0,21.0,22.0,22.0,22.0,21.0,21.0,21.0,21.0,10.0,locate,0,0,2.6925
1788795890.4829,2026-09-07 17:44:50.482,10,c3,0,0,-0.03945,-0.49611,0.05061,-4.5135,11.6986,-27.5638,-0.1134,-0.0084,-0.2053,4.69206,21.0,26.0,25.0,21.0,25.0,23.0,25.0,21.0,23.0,26.0,25.0,21.0,24.0,24.0,25.0,22.0,23.0,25.0,21.0,22.0,22.0,21.0,21.0,21.0,21.0,22.0,22.0,22.0,21.0,22.0,21.0,22.0,22.0,22.0,21.0,21.0,21.0,21.0,10.0,locate,0,0,2.7396
1788795890.533,2026-09-07 17:44:50.533,10,c3,0,0,-0.03944,-0.4961,0.0506,-4.4347,11.8015,-27.5734,-0.1225,-0.0051,-0.2107,4.69332,21.0,25.0,25.0,19.0,25.0,23.0,25.0,21.0,23.0,27.0,24.0,21.0,25.0,26.0,23.0,21.0,27.0,23.0,21.0,22.0,22.0,21.0,21.0,21.0,21.0,22.0,22.0,22.0,21.0,22.0,21.0,22.0,22.0,22.0,21.0,21.0,21.0,21.0,10.0,locate,0,0,2.7284
1788795890.5832,2026-09-07 17:44:50.583,10,c3,0,0,-0.03946,-0.49611,0.05062,-4.5291,11.8784,-27.5198,-0.1254,-0.0083,-0.2097,4.69583,21.0,25.0,25.0,19.0,25.0,23.0,25.0,21.0,23.0,27.0,24.0,21.0,25.0,26.0,23.0,21.0,27.0,23.0,21.0,22.0,22.0,21.0,21.0,21.0,21.0,22.0,22.0,22.0,21.0,22.0,21.0,22.0,22.0,22.0,21.0,21.0,21.0,21.0,10.0,locate,0,0,2.706
1788795890.6333,2026-09-07 17:44:50.633,10,c3,0,0,-0.03945,-0.49611,0.05062,-4.369,11.7476,-27.5117,-0.1181,-0.0042,-0.2132,4.69961,21.0,25.0,26.0,21.0,24.0,25.0,24.0,20.0,23.0,25.0,26.0,21.0,25.0,23.0,24.0,21.0,25.0,24.0,20.0,22.0,22.0,21.0,21.0,21.0,21.0,22.0,22.0,22.0,21.0,22.0,21.0,22.0,22.0,22.0,21.0,21.0,21.0,21.0,10.0,locate,0,0,2.6724
1788795890.6834,2026-09-07 17:44:50.683,10,c3,0,0,-0.03945,-0.49611,0.05062,-4.316,11.5752,-27.4995,-0.1158,-0.0039,-0.207,4.68954,21.0,25.0,26.0,21.0,24.0,25.0,24.0,20.0,23.0,25.0,26.0,21.0,25.0,23.0,24.0,21.0,25.0,24.0,20.0,22.0,22.0,21.0,21.0,21.0,21.0,22.0,22.0,22.0,21.0,22.0,21.0,22.0,22.0,22.0,21.0,21.0,21.0,21.0,10.0,locate,0,0,2.762
1788795890.7335,2026-09-07 17:44:50.733,10,c3,0,0,-0.03944,-0.49612,0.05063,-4.7817,11.5569,-27.4818,-0.1147,-0.0123,-0.2213,4.69835,21.0,24.0,24.0,20.0,24.0,23.0,26.0,22.0,23.0,26.0,25.0,23.0,24.0,25.0,24.0,22.0,25.0,24.0,21.0,22.0,22.0,21.0,21.0,21.0,21.0,22.0,22.0,22.0,21.0,22.0,21.0,22.0,22.0,22.0,21.0,21.0,21.0,21.0,10.0,locate,0,0,2.6836
1788795890.7836,2026-09-07 17:44:50.783,10,c3,0,0,-0.03945,-0.4961,0.05061,-4.3651,11.7582,-27.6714,-0.1166,-0.0009,-0.2106,4.70137,23.0,24.0,26.0,23.0,23.0,24.0,25.0,21.0,23.0,26.0,25.0,21.0,24.0,25.0,23.0,21.0,25.0,22.0,21.0,22.0,22.0,21.0,21.0,21.0,21.0,22.0,22.0,22.0,21.0,22.0,21.0,22.0,22.0,22.0,21.0,21.0,21.0,21.0,10.0,locate,0,0,2.6567
1788795890.8337,2026-09-07 17:44:50.833,10,c3,0,0,-0.03945,-0.49611,0.0506,-4.186,11.6688,-27.6361,-0.119,0.0021,-0.2169,4.69206,23.0,24.0,26.0,23.0,23.0,24.0,25.0,21.0,23.0,26.0,25.0,21.0,24.0,25.0,23.0,21.0,25.0,22.0,21.0,22.0,22.0,21.0,21.0,21.0,21.0,22.0,22.0,22.0,21.0,22.0,21.0,22.0,22.0,22.0,21.0,21.0,21.0,21.0,10.0,locate,0,0,2.7396
1788795890.8839,2026-09-07 17:44:50.883,10,c3,0,0,-0.03943,-0.49611,0.05062,-4.6049,11.8096,-27.4153,-0.1208,-0.0056,-0.2202,4.70137,22.0,24.0,24.0,19.0,24.0,24.0,24.0,21.0,24.0,26.0,25.0,21.0,25.0,26.0,25.0,22.0,25.0,25.0,22.0,22.0,22.0,21.0,21.0,21.0,21.0,22.0,22.0,22.0,21.0,22.0,21.0,22.0,22.0,22.0,21.0,21.0,21.0,21.0,10.0,locate,0,0,2.6567
1788795890.934,2026-09-07 17:44:50.933,10,c3,0,0,-0.03945,-0.4961,0.05061,-4.3691,11.9986,-27.5037,-0.1241,-0.0016,-0.2224,4.69609,22.0,24.0,24.0,19.0,24.0,24.0,24.0,21.0,24.0,26.0,25.0,21.0,25.0,26.0,25.0,22.0,25.0,25.0,22.0,22.0,22.0,21.0,21.0,21.0,21.0,22.0,22.0,22.0,21.0,22.0,21.0,22.0,22.0,22.0,21.0,21.0,21.0,21.0,10.0,locate,0,0,2.7037
1788795890.9841,2026-09-07 17:44:50.984,10,c3,0,0,-0.03943,-0.4961,0.05062,-4.3001,11.6989,-27.5134,-0.116,-0.0015,-0.2167,4.69306,21.0,26.0,26.0,21.0,26.0,24.0,24.0,20.0,24.0,27.0,25.0,20.0,25.0,26.0,24.0,19.0,26.0,25.0,21.0,22.0,22.0,21.0,21.0,21.0,21.0,22.0,22.0,22.0,21.0,22.0,21.0,22.0,22.0,22.0,21.0,21.0,21.0,21.0,10.0,locate,0,0,2.7306
1788795891.0342,2026-09-07 17:44:51.034,10,c3,0,0,-0.03945,-0.49611,0.05061,-4.3245,11.4628,-27.4684,-0.1109,-0.0009,-0.2219,4.70112,22.0,25.0,27.0,20.0,24.0,25.0,25.0,23.0,25.0,25.0,24.0,23.0,26.0,25.0,23.0,23.0,25.0,23.0,21.0,22.0,22.0,21.0,21.0,21.0,21.0,22.0,22.0,22.0,21.0,22.0,21.0,22.0,22.0,22.0,21.0,21.0,21.0,21.0,10.0,locate,0,0,2.6589
1788795891.0843,2026-09-07 17:44:51.084,10,c3,0,0,-0.03943,-0.4961,0.0506,-4.174,11.5158,-27.6227,-0.1104,0.0051,-0.2283,4.69936,22.0,25.0,27.0,20.0,24.0,25.0,25.0,23.0,25.0,25.0,24.0,23.0,26.0,25.0,23.0,23.0,25.0,23.0,21.0,22.0,22.0,21.0,21.0,21.0,21.0,22.0,22.0,22.0,21.0,22.0,21.0,22.0,22.0,22.0,21.0,21.0,21.0,21.0,10.0,locate,0,0,2.6746
1788795891.1343,2026-09-07 17:44:51.134,10,c3,0,0,-0.03945,-0.49611,0.0506,-4.4783,11.5088,-27.4226,-0.1099,-0.0065,-0.23,4.69785,22.0,26.0,26.0,22.0,26.0,24.0,24.0,19.0,25.0,25.0,24.0,21.0,25.0,24.0,24.0,21.0,25.0,26.0,20.0,22.0,22.0,21.0,21.0,21.0,21.0,22.0,22.0,22.0,21.0,22.0,21.0,22.0,22.0,22.0,21.0,21.0,21.0,21.0,10.0,locate,0,0,2.6881
1788795891.1845,2026-09-07 17:44:51.184,10,c3,0,0,-0.03944,-0.49611,0.05061,-4.7391,11.7722,-27.4231,-0.1227,-0.0137,-0.2364,4.69634,22.0,26.0,26.0,22.0,26.0,24.0,24.0,19.0,25.0,25.0,24.0,21.0,25.0,24.0,24.0,21.0,25.0,26.0,20.0,22.0,22.0,21.0,21.0,21.0,21.0,22.0,22.0,22.0,21.0,22.0,21.0,22.0,22.0,22.0,21.0,21.0,21.0,21.0,10.0,locate,0,0,2.7015
1788795891.2346,2026-09-07 17:44:51.234,10,c3,0,0,-0.03944,-0.49611,0.05062,-4.1264,11.5579,-27.6393,-0.1133,0.0032,-0.2217,4.69533,21.0,25.0,25.0,20.0,26.0,23.0,25.0,22.0,23.0,25.0,26.0,23.0,25.0,25.0,24.0,23.0,24.0,24.0,22.0,22.0,22.0,21.0,21.0,21.0,21.0,22.0,22.0,22.0,21.0,22.0,21.0,22.0,22.0,22.0,21.0,21.0,21.0,21.0,10.0,locate,0,0,2.7105
1788795891.2847,2026-09-07 17:44:51.284,10,c3,0,0,-0.03945,-0.4961,0.0506,-4.3124,11.7919,-27.6213,-0.1186,-0.0004,-0.2293,4.68602,21.0,25.0,25.0,20.0,26.0,23.0,25.0,22.0,23.0,25.0,26.0,23.0,25.0,25.0,24.0,23.0,24.0,24.0,22.0,22.0,22.0,21.0,21.0,21.0,21.0,22.0,22.0,22.0,21.0,22.0,21.0,22.0,22.0,22.0,21.0,21.0,21.0,21.0,10.0,locate,0,0,2.7933
1788795891.3348,2026-09-07 17:44:51.334,10,c3,0,0,-0.03944,-0.49611,0.05062,-4.4021,11.8352,-27.6152,-0.1213,-0.0053,-0.2302,4.69583,23.0,25.0,25.0,23.0,24.0,24.0,26.0,21.0,25.0,25.0,26.0,22.0,25.0,26.0,25.0,21.0,26.0,23.0,21.0,22.0,22.0,21.0,21.0,21.0,21.0,22.0,22.0,22.0,21.0,22.0,21.0,22.0,22.0,22.0,21.0,21.0,21.0,21.0,10.0,locate,0,0,2.706
1788795891.3849,2026-09-07 17:44:51.384,10,c3,0,0,-0.03944,-0.49612,0.05062,-4.5821,11.6793,-27.3114,-0.1166,-0.0081,-0.2379,4.69206,22.0,26.0,26.0,22.0,27.0,24.0,25.0,24.0,25.0,26.0,24.0,24.0,25.0,24.0,24.0,23.0,25.0,25.0,22.0,22.0,22.0,21.0,21.0,21.0,21.0,22.0,22.0,22.0,21.0,22.0,21.0,22.0,22.0,22.0,21.0,21.0,21.0,21.0,10.0,locate,0,0,2.7396
1788795891.4349,2026-09-07 17:44:51.434,10,c3,0,0,-0.03944,-0.49611,0.05061,-4.3347,11.5194,-27.3749,-0.1175,-0.0034,-0.2303,4.70137,22.0,26.0,26.0,22.0,27.0,24.0,25.0,24.0,25.0,26.0,24.0,24.0,25.0,24.0,24.0,23.0,25.0,25.0,22.0,22.0,22.0,21.0,21.0,21.0,21.0,22.0,22.0,22.0,21.0,22.0,21.0,22.0,22.0,22.0,21.0,21.0,21.0,21.0,10.0,locate,0,0,2.6567
1788795891.4851,2026-09-07 17:44:51.485,10,c3,0,0,-0.03944,-0.49611,0.05061,-4.4005,11.4192,-27.5297,-0.1092,-0.002,-0.241,4.68602,24.0,27.0,26.0,22.0,25.0,24.0,24.0,22.0,24.0,27.0,26.0,22.0,25.0,25.0,25.0,23.0,25.0,26.0,23.0,22.0,22.0,21.0,21.0,21.0,21.0,22.0,22.0,22.0,21.0,22.0,21.0,22.0,22.0,22.0,21.0,21.0,21.0,21.0,10.0,locate,0,0,2.7933
1788795891.5352,2026-09-07 17:44:51.535,10,c3,0,0,-0.03945,-0.49611,0.05061,-4.3995,11.5611,-27.6231,-0.1158,-0.0054,-0.2354,4.70137,24.0,27.0,26.0,22.0,25.0,24.0,24.0,22.0,24.0,27.0,26.0,22.0,25.0,25.0,25.0,23.0,25.0,26.0,23.0,22.0,22.0,21.0,21.0,21.0,21.0,22.0,22.0,22.0,21.0,22.0,21.0,22.0,22.0,22.0,21.0,21.0,21.0,21.0,10.0,locate,0,0,2.6567
1788795891.5853,2026-09-07 17:44:51.585,10,c3,0,0,-0.03944,-0.49611,0.05061,-4.5033,11.5145,-27.4809,-0.1164,-0.006,-0.2349,4.69407,21.0,26.0,26.0,21.0,24.0,25.0,26.0,20.0,25.0,27.0,25.0,20.0,25.0,25.0,24.0,20.0,25.0,24.0,21.0,22.0,22.0,21.0,21.0,21.0,21.0,22.0,22.0,22.0,21.0,22.0,21.0,22.0,22.0,22.0,21.0,21.0,21.0,21.0,10.0,locate,0,0,2.7217
1788795891.6354,2026-09-07 17:44:51.635,10,c3,0,0,-0.03945,-0.49611,0.05061,-4.304,11.5335,-27.4519,-0.1135,0.0023,-0.2454,4.68778,21.0,26.0,26.0,20.0,26.0,23.0,25.0,19.0,24.0,27.0,25.0,20.0,24.0,26.0,24.0,21.0,26.0,24.0,20.0,22.0,22.0,21.0,21.0,21.0,21.0,22.0,22.0,22.0,21.0,22.0,21.0,22.0,22.0,22.0,21.0,21.0,21.0,21.0,10.0,locate,0,0,2.7777
1788795891.6855,2026-09-07 17:44:51.685,10,c3,1,0,-0.03944,-0.4961,0.0506,-4.3093,11.7444,-27.579,-0.1187,-0.0006,-0.2412,4.70213,21.0,26.0,26.0,20.0,26.0,23.0,25.0,19.0,24.0,27.0,25.0,20.0,24.0,26.0,24.0,21.0,26.0,24.0,20.0,22.0,22.0,21.0,21.0,21.0,21.0,22.0,22.0,22.0,21.0,22.0,21.0,22.0,22.0,22.0,21.0,21.0,21.0,21.0,10.0,press,0,0,2.65
1788795891.7356,2026-09-07 17:44:51.735,10,c3,1,0,-0.03944,-0.49612,0.05059,-4.3869,11.579,-27.4549,-0.1125,-0.0025,-0.2373,4.69382,22.0,25.0,26.0,21.0,24.0,24.0,24.0,22.0,22.0,27.0,24.0,23.0,21.0,25.0,24.0,22.0,26.0,25.0,22.0,22.0,22.0,21.0,21.0,21.0,21.0,22.0,22.0,22.0,21.0,22.0,21.0,22.0,22.0,22.0,21.0,21.0,21.0,21.0,10.0,press,0,0,2.7239
1788795891.7859,2026-09-07 17:44:51.785,10,c3,1,0,-0.03947,-0.49612,0.05052,-4.7035,12.0302,-27.4568,-0.127,-0.0104,-0.2483,4.70213,22.0,25.0,26.0,21.0,24.0,24.0,24.0,22.0,22.0,27.0,24.0,23.0,21.0,25.0,24.0,22.0,26.0,25.0,22.0,22.0,22.0,21.0,21.0,21.0,21.0,22.0,22.0,22.0,21.0,22.0,21.0,22.0,22.0,22.0,21.0,21.0,21.0,21.0,10.0,press,0,0,2.65
1788795891.836,2026-09-07 17:44:51.836,10,c3,1,0,-0.03945,-0.49613,0.05039,-4.3192,11.2914,-27.4752,-0.1073,-0.0002,-0.2431,4.70288,23.0,24.0,26.0,22.0,25.0,25.0,26.0,21.0,22.0,26.0,27.0,21.0,22.0,26.0,24.0,21.0,24.0,23.0,20.0,22.0,22.0,21.0,21.0,21.0,21.0,22.0,22.0,22.0,21.0,22.0,21.0,22.0,22.0,22.0,21.0,21.0,21.0,21.0,10.0,press,0,0,2.6433
1788795891.8861,2026-09-07 17:44:51.886,10,c3,1,0,-0.03946,-0.49611,0.05022,-4.3659,11.6334,-27.5639,-0.115,-0.0045,-0.2411,4.6908,22.0,24.0,25.0,21.0,23.0,23.0,26.0,22.0,24.0,27.0,25.0,22.0,25.0,27.0,25.0,21.0,27.0,27.0,21.0,22.0,22.0,21.0,21.0,21.0,21.0,22.0,22.0,22.0,21.0,22.0,21.0,22.0,22.0,22.0,21.0,21.0,21.0,21.0,10.0,press,0,0,2.7508
1788795891.9361,2026-09-07 17:44:51.936,10,c3,1,0,-0.03946,-0.49612,0.05001,-4.3473,11.5831,-27.4267,-0.1142,-0.0015,-0.241,4.69886,22.0,24.0,25.0,21.0,23.0,23.0,26.0,22.0,24.0,27.0,25.0,22.0,25.0,27.0,25.0,21.0,27.0,27.0,21.0,22.0,22.0,21.0,21.0,21.0,21.0,22.0,22.0,22.0,21.0,22.0,21.0,22.0,22.0,22.0,21.0,21.0,21.0,21.0,10.0,press,0,0,2.6791
1788795891.9864,2026-09-07 17:44:51.986,10,c3,1,0,-0.03945,-0.49612,0.04981,-4.2923,11.5773,-27.6011,-0.1168,-0.0002,-0.243,4.68727,20.0,26.0,26.0,20.0,24.0,25.0,25.0,21.0,23.0,26.0,26.0,22.0,24.0,25.0,23.0,21.0,26.0,25.0,19.0,22.0,22.0,21.0,21.0,21.0,21.0,22.0,22.0,22.0,21.0,22.0,21.0,22.0,22.0,22.0,21.0,21.0,21.0,21.0,10.0,press,0,0,2.7821
1788795892.0366,2026-09-07 17:44:52.036,10,c3,1,0,-0.03947,-0.49614,0.04961,-4.4179,11.8308,-27.6586,-0.1205,-0.0072,-0.2487,4.69835,20.0,26.0,26.0,20.0,24.0,25.0,25.0,21.0,23.0,26.0,26.0,22.0,24.0,25.0,23.0,21.0,26.0,25.0,19.0,22.0,22.0,21.0,21.0,21.0,21.0,22.0,22.0,22.0,21.0,22.0,21.0,22.0,22.0,22.0,21.0,21.0,21.0,21.0,10.0,press,0,0,2.6836
1788795892.0866,2026-09-07 17:44:52.086,10,c3,1,0,-0.03946,-0.49614,0.04933,-4.143,11.4242,-27.6548,-0.1087,0.0031,-0.2441,4.69785,21.0,25.0,26.0,21.0,24.0,25.0,26.0,22.0,23.0,25.0,24.0,23.0,25.0,25.0,24.0,23.0,24.0,24.0,22.0,22.0,22.0,21.0,21.0,21.0,21.0,22.0,22.0,22.0,21.0,22.0,21.0,22.0,22.0,22.0,21.0,21.0,21.0,21.0,10.0,press,0,0,2.6881
1788795892.1367,2026-09-07 17:44:52.136,10,c3,1,0,-0.03946,-0.49614,0.04901,-4.1987,11.3631,-27.5693,-0.1086,0.0026,-0.2426,4.69911,21.0,25.0,26.0,21.0,24.0,25.0,26.0,22.0,23.0,25.0,24.0,23.0,25.0,25.0,24.0,23.0,24.0,24.0,22.0,22.0,22.0,21.0,21.0,21.0,21.0,22.0,22.0,22.0,21.0,22.0,21.0,22.0,22.0,22.0,21.0,21.0,21.0,21.0,10.0,press,0,0,2.6769
1788795892.1869,2026-09-07 17:44:52.186,10,c3,1,0,-0.03945,-0.49612,0.04866,-4.0923,11.2597,-27.5514,-0.1061,0.002,-0.2481,4.69583,23.0,25.0,27.0,22.0,25.0,25.0,25.0,24.0,22.0,26.0,26.0,24.0,23.0,24.0,24.0,25.0,25.0,26.0,23.0,22.0,22.0,21.0,21.0,21.0,21.0,22.0,22.0,22.0,21.0,22.0,21.0,22.0,22.0,22.0,21.0,21.0,21.0,21.0,10.0,press,0,0,2.706
1788795892.237,2026-09-07 17:44:52.237,10,c3,1,0,-0.03943,-0.49611,0.04831,-4.4563,11.7258,-27.5224,-0.1184,-0.0051,-0.2472,4.69382,24.0,24.0,26.0,24.0,23.0,25.0,24.0,20.0,25.0,27.0,24.0,20.0,25.0,26.0,24.0,20.0,25.0,25.0,19.0,22.0,22.0,21.0,21.0,21.0,21.0,22.0,22.0,22.0,21.0,22.0,21.0,22.0,22.0,22.0,21.0,21.0,21.0,21.0,10.0,press,0,0,2.7239
1788795892.2871,2026-09-07 17:44:52.287,10,c3,1,0,-0.03943,-0.49613,0.04801,-4.1639,11.4137,-27.6647,-0.1098,0.0026,-0.2519,4.68677,24.0,24.0,26.0,24.0,23.0,25.0,24.0,20.0,25.0,27.0,24.0,20.0,25.0,26.0,24.0,20.0,25.0,25.0,19.0,22.0,22.0,21.0,21.0,21.0,21.0,22.0,22.0,22.0,21.0,22.0,21.0,22.0,22.0,22.0,21.0,21.0,21.0,21.0,10.0,press,0,0,2.7866
1788795892.3372,2026-09-07 17:44:52.337,10,c3,1,0,-0.03945,-0.49614,0.04769,-4.7684,12.0909,-27.6291,-0.1256,-0.0129,-0.2561,4.68879,22.0,25.0,26.0,21.0,25.0,25.0,24.0,22.0,22.0,27.0,26.0,22.0,24.0,26.0,25.0,22.0,26.0,25.0,22.0,22.0,22.0,21.0,21.0,21.0,21.0,22.0,22.0,22.0,21.0,22.0,21.0,22.0,22.0,22.0,21.0,21.0,21.0,21.0,10.0,press,0,0,2.7687
1788795892.3874,2026-09-07 17:44:52.387,10,c3,1,0,-0.03945,-0.49614,0.04738,-4.5694,11.4397,-27.5568,-0.1107,-0.0069,-0.2516,4.69986,22.0,25.0,26.0,21.0,25.0,25.0,24.0,22.0,22.0,27.0,26.0,22.0,24.0,26.0,25.0,22.0,26.0,25.0,22.0,22.0,22.0,21.0,21.0,21.0,21.0,22.0,22.0,22.0,21.0,22.0,21.0,22.0,22.0,22.0,21.0,21.0,21.0,21.0,10.0,press,0,0,2.6701
1788795892.4375,2026-09-07 17:44:52.437,10,c3,1,0,-0.03944,-0.49614,0.04703,-4.3934,11.6718,-27.5608,-0.1154,-0.006,-0.2494,4.69306,22.0,26.0,26.0,21.0,24.0,25.0,26.0,20.0,22.0,26.0,25.0,21.0,25.0,25.0,23.0,21.0,26.0,24.0,21.0,22.0,22.0,21.0,21.0,21.0,21.0,22.0,22.0,22.0,21.0,22.0,21.0,22.0,22.0,22.0,21.0,21.0,21.0,21.0,10.0,press,0,0,2.7306
1788795892.4876,2026-09-07 17:44:52.487,10,c3,1,0,-0.03944,-0.49614,0.04669,-4.4171,11.7693,-27.424,-0.1178,-0.0052,-0.2553,4.69407,22.0,25.0,26.0,20.0,25.0,25.0,25.0,20.0,23.0,27.0,25.0,21.0,22.0,25.0,25.0,20.0,25.0,25.0,20.0,22.0,22.0,21.0,21.0,21.0,21.0,22.0,22.0,22.0,21.0,22.0,21.0,22.0,22.0,22.0,21.0,21.0,21.0,21.0,10.0,press,0,0,2.7217
1788795892.5377,2026-09-07 17:44:52.537,10,c3,1,0,-0.03945,-0.49612,0.04633,-4.8109,11.9774,-27.5041,-0.1218,-0.0133,-0.2524,4.69533,22.0,25.0,26.0,20.0,25.0,25.0,25.0,20.0,23.0,27.0,25.0,21.0,22.0,25.0,25.0,20.0,25.0,25.0,20.0,22.0,22.0,21.0,21.0,21.0,21.0,22.0,22.0,22.0,21.0,22.0,21.0,22.0,22.0,22.0,21.0,21.0,21.0,21.0,10.0,press,0,0,2.7105
1788795892.5877,2026-09-07 17:44:52.587,10,c3,1,0,-0.03943,-0.49611,0.04598,-4.1416,11.5783,-27.5338,-0.1131,0.005,-0.2474,4.68828,21.0,25.0,26.0,20.0,25.0,24.0,24.0,22.0,24.0,29.0,26.0,21.0,25.0,28.0,25.0,22.0,27.0,24.0,22.0,22.0,22.0,21.0,21.0,21.0,21.0,22.0,22.0,22.0,21.0,22.0,21.0,22.0,22.0,22.0,21.0,21.0,21.0,21.0,10.0,press,0,0,2.7732
1788795892.6379,2026-09-07 17:44:52.637,10,c3,1,0,-0.03944,-0.49611,0.04565,-4.3817,11.4643,-27.4453,-0.1085,-0.0015,-0.2527,4.69407,21.0,25.0,26.0,20.0,25.0,24.0,24.0,22.0,24.0,29.0,26.0,21.0,25.0,28.0,25.0,22.0,27.0,24.0,22.0,22.0,22.0,21.0,21.0,21.0,21.0,22.0,22.0,22.0,21.0,22.0,21.0,22.0,22.0,22.0,21.0,21.0,21.0,21.0,10.0,press,0,0,2.7217
1788795892.6881,2026-09-07 17:44:52.688,10,c3,1,0,-0.03945,-0.49612,0.04534,-4.3633,11.492,-27.56,-0.1117,-0.0017,-0.2515,4.70137,22.0,26.0,27.0,21.0,25.0,27.0,25.0,23.0,24.0,29.0,27.0,24.0,25.0,28.0,25.0,23.0,27.0,24.0,23.0,22.0,22.0,21.0,21.0,21.0,21.0,22.0,22.0,22.0,21.0,22.0,21.0,22.0,22.0,22.0,21.0,21.0,21.0,21.0,10.0,press,0,0,2.6567
1788795892.7381,2026-09-07 17:44:52.738,10,c3,1,0,-0.03946,-0.49613,0.04503,-4.209,11.7432,-27.5398,-0.1175,-0.0002,-0.248,4.68803,24.0,25.0,29.0,24.0,25.0,28.0,27.0,19.0,25.0,29.0,27.0,20.0,25.0,28.0,25.0,21.0,27.0,25.0,21.0,22.0,22.0,21.0,21.0,21.0,21.0,22.0,22.0,22.0,21.0,22.0,21.0,22.0,22.0,22.0,21.0,21.0,21.0,21.0,10.0,press,0,0,2.7754
1788795892.7882,2026-09-07 17:44:52.788,10,c3,1,0,-0.03943,-0.49612,0.0447,-4.1732,11.8172,-27.584,-0.1179,0.0002,-0.2495,4.66159,24.0,25.0,29.0,24.0,25.0,28.0,27.0,19.0,25.0,29.0,27.0,20.0,25.0,28.0,25.0,21.0,27.0,25.0,21.0,22.0,22.0,21.0,21.0,21.0,21.0,22.0,22.0,22.0,21.0,22.0,21.0,22.0,22.0,22.0,21.0,21.0,21.0,21.0,10.0,press,0,0,3.0106
1788795892.8383,2026-09-07 17:44:52.838,10,c3,1,0,-0.03945,-0.49612,0.04435,-4.0814,11.6204,-27.3292,-0.1142,0.0032,-0.2484,4.6349,20.0,26.0,28.0,19.0,26.0,27.0,26.0,20.0,25.0,30.0,28.0,22.0,25.0,28.0,25.0,20.0,27.0,24.0,20.0,22.0,22.0,21.0,21.0,21.0,21.0,22.0,22.0,22.0,21.0,22.0,21.0,22.0,22.0,22.0,21.0,21.0,21.0,21.0,10.0,press,0,0,3.248
1788795892.8884,2026-09-07 17:44:52.888,10,c3,1,0,-0.03945,-0.49612,0.04404,-4.426,11.7413,-27.3015,-0.1159,-0.007,-0.2583,4.60268,20.0,26.0,28.0,19.0,26.0,27.0,26.0,20.0,25.0,30.0,28.0,22.0,25.0,28.0,25.0,20.0,27.0,24.0,20.0,22.0,22.0,21.0,21.0,21.0,21.0,22.0,22.0,22.0,21.0,22.0,21.0,22.0,22.0,22.0,21.0,21.0,21.0,21.0,10.0,press,0,0,3.5348
1788795892.9385,2026-09-07 17:44:52.938,10,c3,1,0,-0.03945,-0.49612,0.0437,-4.0647,11.787,-27.0802,-0.1192,-0.0021,-0.2519,4.57448,22.0,27.0,28.0,21.0,26.0,28.0,27.0,19.0,26.0,32.0,27.0,21.0,26.0,29.0,25.0,20.0,28.0,26.0,19.0,22.0,22.0,21.0,21.0,21.0,21.0,22.0,22.0,22.0,21.0,22.0,21.0,22.0,22.0,22.0,21.0,21.0,21.0,21.0,10.0,press,0,0,3.7856
1788795892.9886,2026-09-07 17:44:52.988,10,c3,1,0,-0.03946,-0.49612,0.04335,-4.3814,12.0077,-26.8185,-0.1234,-0.0111,-0.2531,4.55837,21.0,26.0,27.0,21.0,27.0,28.0,27.0,21.0,25.0,30.0,28.0,22.0,25.0,28.0,25.0,22.0,26.0,24.0,22.0,22.0,22.0,21.0,21.0,21.0,21.0,22.0,22.0,22.0,21.0,22.0,21.0,22.0,22.0,22.0,21.0,21.0,21.0,21.0,10.0,press,0,0,3.929
1788795893.0388,2026-09-07 17:44:53.038,10,c3,1,0,-0.03945,-0.49613,0.04304,-4.1059,11.4491,-26.9749,-0.1071,-0.008,-0.2475,4.54125,21.0,26.0,27.0,21.0,27.0,28.0,27.0,21.0,25.0,30.0,28.0,22.0,25.0,28.0,25.0,22.0,26.0,24.0,22.0,22.0,22.0,21.0,21.0,21.0,21.0,22.0,22.0,22.0,21.0,22.0,21.0,22.0,22.0,22.0,21.0,21.0,21.0,21.0,10.0,press,0,0,4.0813
1788795893.0889,2026-09-07 17:44:53.088,10,c3,1,0,-0.03945,-0.49611,0.04268,-4.2458,11.9003,-26.7791,-0.1202,-0.0122,-0.2479,4.48862,23.0,26.0,28.0,22.0,26.0,28.0,27.0,23.0,26.0,32.0,27.0,23.0,25.0,30.0,25.0,24.0,28.0,25.0,22.0,22.0,22.0,21.0,21.0,21.0,21.0,22.0,22.0,22.0,21.0,22.0,21.0,22.0,22.0,22.0,21.0,21.0,21.0,21.0,10.0,press,0,0,4.5494
1788795893.139,2026-09-07 17:44:53.139,10,c3,1,0,-0.03945,-0.49612,0.04239,-4.1015,11.5189,-26.6137,-0.1124,-0.0111,-0.2512,4.43324,23.0,26.0,28.0,22.0,26.0,28.0,27.0,23.0,26.0,32.0,27.0,23.0,25.0,30.0,25.0,24.0,28.0,25.0,22.0,22.0,22.0,21.0,21.0,21.0,21.0,22.0,22.0,22.0,21.0,22.0,21.0,22.0,22.0,22.0,21.0,21.0,21.0,21.0,10.0,press,0,0,5.0422
1788795893.1891,2026-09-07 17:44:53.189,10,c3,1,0,-0.03943,-0.49612,0.04205,-4.0868,11.9648,-26.3228,-0.1198,-0.015,-0.2554,4.3781,23.0,26.0,28.0,21.0,27.0,29.0,25.0,20.0,27.0,33.0,28.0,20.0,25.0,31.0,26.0,22.0,27.0,25.0,22.0,22.0,22.0,21.0,21.0,21.0,21.0,22.0,22.0,22.0,21.0,22.0,21.0,22.0,22.0,22.0,21.0,21.0,21.0,21.0,10.0,press,0,0,5.5327
1788795893.2393,2026-09-07 17:44:53.239,10,c3,1,0,-0.03946,-0.49613,0.04177,-4.1907,11.6949,-26.1638,-0.1162,-0.0177,-0.2543,4.30533,23.0,26.0,28.0,21.0,27.0,29.0,25.0,20.0,27.0,33.0,28.0,20.0,25.0,31.0,26.0,22.0,27.0,25.0,22.0,22.0,22.0,21.0,21.0,21.0,21.0,22.0,22.0,22.0,21.0,22.0,21.0,22.0,22.0,22.0,21.0,21.0,21.0,21.0,10.0,press,0,0,6.1801
1788795893.2896,2026-09-07 17:44:53.289,10,c3,1,0,-0.03943,-0.49612,0.04148,-3.9202,11.5104,-26.0658,-0.1094,-0.0165,-0.2574,4.25473,21.0,27.0,27.0,21.0,30.0,29.0,28.0,23.0,27.0,32.0,27.0,23.0,27.0,30.0,26.0,23.0,28.0,27.0,23.0,22.0,22.0,21.0,21.0,21.0,21.0,22.0,22.0,22.0,21.0,22.0,21.0,22.0,22.0,22.0,21.0,21.0,21.0,21.0,10.0,press,0,0,6.6303
1788795893.3397,2026-09-07 17:44:53.339,10,c3,1,0,-0.03946,-0.49614,0.04127,-3.5718,11.1108,-25.8609,-0.0995,-0.0116,-0.2541,4.21193,23.0,26.0,27.0,23.0,30.0,28.0,27.0,24.0,28.0,31.0,28.0,24.0,25.0,31.0,25.0,24.0,28.0,27.0,21.0,22.0,22.0,21.0,21.0,21.0,21.0,22.0,22.0,22.0,21.0,22.0,21.0,22.0,22.0,22.0,21.0,21.0,21.0,21.0,10.0,press,0,0,7.0111
1788795893.3898,2026-09-07 17:44:53.389,10,c3,1,0,-0.03945,-0.49612,0.04105,-3.7034,11.7101,-25.5811,-0.1134,-0.0171,-0.259,4.16484,23.0,26.0,27.0,23.0,30.0,28.0,27.0,24.0,28.0,31.0,28.0,24.0,25.0,31.0,25.0,24.0,28.0,27.0,21.0,22.0,22.0,21.0,21.0,21.0,21.0,22.0,22.0,22.0,21.0,22.0,21.0,22.0,22.0,22.0,21.0,21.0,21.0,21.0,10.0,press,0,0,7.4299
1788795893.4399,2026-09-07 17:44:53.439,10,c3,1,0,-0.03945,-0.49613,0.04094,-3.6155,11.4675,-25.4116,-0.1093,-0.0191,-0.2597,4.13111,25.0,26.0,26.0,23.0,30.0,30.0,28.0,20.0,29.0,32.0,27.0,20.0,25.0,32.0,25.0,21.0,26.0,25.0,20.0,22.0,22.0,21.0,21.0,21.0,21.0,22.0,22.0,22.0,21.0,22.0,21.0,22.0,22.0,22.0,21.0,21.0,21.0,21.0,10.0,press,0,0,7.7301
1788795893.49,2026-09-07 17:44:53.490,10,c3,1,0,-0.03945,-0.49613,0.04084,-3.4338,11.0772,-25.367,-0.0992,-0.0155,-0.2473,4.11449,25.0,26.0,26.0,23.0,30.0,30.0,28.0,20.0,29.0,32.0,27.0,20.0,25.0,32.0,25.0,21.0,26.0,25.0,20.0,22.0,22.0,21.0,21.0,21.0,21.0,22.0,22.0,22.0,21.0,22.0,21.0,22.0,22.0,22.0,21.0,21.0,21.0,21.0,10.0,press,0,0,7.8779
1788795893.5401,2026-09-07 17:44:53.540,10,c3,1,0,-0.03945,-0.49612,0.04076,-3.4827,11.5116,-25.2377,-0.1093,-0.0165,-0.2536,4.08881,20.0,27.0,26.0,20.0,31.0,31.0,27.0,22.0,29.0,32.0,30.0,22.0,25.0,32.0,26.0,22.0,28.0,27.0,21.0,22.0,22.0,21.0,21.0,21.0,21.0,22.0,22.0,22.0,21.0,22.0,21.0,22.0,22.0,22.0,21.0,21.0,21.0,21.0,10.0,press,0,0,8.1064
1788795893.5902,2026-09-07 17:44:53.590,10,c3,1,0,-0.03945,-0.49612,0.04069,-3.9383,12.0702,-24.9893,-0.1205,-0.0292,-0.2653,4.07697,22.0,26.0,27.0,21.0,31.0,32.0,30.0,22.0,30.0,32.0,31.0,22.0,25.0,32.0,27.0,21.0,27.0,28.0,19.0,22.0,22.0,21.0,21.0,21.0,21.0,22.0,22.0,22.0,21.0,22.0,21.0,22.0,22.0,22.0,21.0,21.0,21.0,21.0,10.0,press,0,0,8.2116
1788795893.6403,2026-09-07 17:44:53.640,10,c3,1,0,-0.03946,-0.49613,0.04066,-3.6427,11.4547,-25.0412,-0.1059,-0.0218,-0.2573,4.07244,22.0,26.0,27.0,21.0,31.0,32.0,30.0,22.0,30.0,32.0,31.0,22.0,25.0,32.0,27.0,21.0,27.0,28.0,19.0,22.0,22.0,21.0,21.0,21.0,21.0,22.0,22.0,22.0,21.0,22.0,21.0,22.0,22.0,22.0,21.0,21.0,21.0,21.0,10.0,press,0,0,8.252
1788795893.6904,2026-09-07 17:44:53.690,10,c3,1,0,-0.03944,-0.49612,0.04064,-3.7388,11.8516,-25.16,-0.1164,-0.0271,-0.2603,4.0732,22.0,26.0,25.0,22.0,31.0,32.0,30.0,22.0,30.0,32.0,31.0,22.0,25.0,33.0,26.0,22.0,27.0,28.0,22.0,22.0,22.0,21.0,21.0,21.0,21.0,22.0,22.0,22.0,21.0,22.0,21.0,22.0,22.0,22.0,21.0,21.0,21.0,21.0,10.0,hold,0,0,8.2452
1788795893.7405,2026-09-07 17:44:53.740,10,c3,1,0,-0.03943,-0.49611,0.04062,-3.6828,11.3995,-25.2872,-0.1042,-0.0257,-0.2594,4.06262,22.0,26.0,25.0,22.0,31.0,32.0,30.0,22.0,30.0,32.0,31.0,22.0,25.0,33.0,26.0,22.0,27.0,28.0,22.0,22.0,22.0,21.0,21.0,21.0,21.0,22.0,22.0,22.0,21.0,22.0,21.0,22.0,22.0,22.0,21.0,21.0,21.0,21.0,10.0,hold,0,0,8.3393
1788795893.7906,2026-09-07 17:44:53.790,10,c3,1,0,-0.03947,-0.49611,0.04062,-3.7485,11.2449,-25.0892,-0.104,-0.0268,-0.2533,4.05834,23.0,27.0,26.0,23.0,31.0,33.0,29.0,22.0,28.0,33.0,31.0,22.0,25.0,33.0,27.0,22.0,28.0,28.0,21.0,22.0,22.0,21.0,21.0,21.0,21.0,22.0,22.0,22.0,21.0,22.0,21.0,22.0,22.0,22.0,21.0,21.0,21.0,21.0,10.0,hold,0,0,8.3774
1788795893.8407,2026-09-07 17:44:53.840,10,c3,1,0,-0.03944,-0.49611,0.0406,-3.6739,11.5293,-25.1891,-0.1095,-0.0232,-0.2559,4.0732,23.0,25.0,27.0,21.0,31.0,33.0,29.0,21.0,28.0,32.0,32.0,21.0,26.0,33.0,26.0,23.0,26.0,28.0,22.0,22.0,22.0,21.0,21.0,21.0,21.0,22.0,22.0,22.0,21.0,22.0,21.0,22.0,22.0,22.0,21.0,21.0,21.0,21.0,10.0,hold,0,0,8.2452
1788795893.8909,2026-09-07 17:44:53.890,10,c3,1,0,-0.03946,-0.49612,0.04062,-3.6809,11.2588,-25.174,-0.1066,-0.0221,-0.25,4.07395,23.0,25.0,27.0,21.0,31.0,33.0,29.0,21.0,28.0,32.0,32.0,21.0,26.0,33.0,26.0,23.0,26.0,28.0,22.0,22.0,22.0,21.0,21.0,21.0,21.0,22.0,22.0,22.0,21.0,22.0,21.0,22.0,22.0,22.0,21.0,21.0,21.0,21.0,10.0,hold,0,0,8.2385
1788795893.941,2026-09-07 17:44:53.941,10,c3,1,0,-0.03945,-0.4961,0.04061,-3.5957,11.5648,-25.0499,-0.109,-0.0249,-0.2587,4.0737,21.0,25.0,27.0,20.0,32.0,35.0,30.0,20.0,31.0,32.0,30.0,19.0,27.0,33.0,25.0,21.0,29.0,26.0,20.0,22.0,22.0,21.0,21.0,21.0,21.0,22.0,22.0,22.0,21.0,22.0,21.0,22.0,22.0,22.0,21.0,21.0,21.0,21.0,10.0,hold,0,0,8.2408
1788795893.9912,2026-09-07 17:44:53.991,10,c3,1,0,-0.03944,-0.49612,0.04061,-3.5472,11.5018,-25.1056,-0.1092,-0.0206,-0.262,4.07874,21.0,25.0,27.0,20.0,32.0,35.0,30.0,20.0,31.0,32.0,30.0,19.0,27.0,33.0,25.0,21.0,29.0,26.0,20.0,22.0,22.0,21.0,21.0,21.0,21.0,22.0,22.0,22.0,21.0,22.0,21.0,22.0,22.0,22.0,21.0,21.0,21.0,21.0,10.0,hold,0,0,8.196
1788795894.0413,2026-09-07 17:44:54.041,10,c3,1,0,-0.03944,-0.49611,0.04061,-3.9516,11.5545,-25.0845,-0.1069,-0.0305,-0.2651,4.07924,21.0,27.0,28.0,22.0,33.0,34.0,28.0,21.0,28.0,31.0,31.0,20.0,25.0,33.0,27.0,21.0,28.0,28.0,21.0,22.0,22.0,21.0,21.0,21.0,21.0,22.0,22.0,22.0,21.0,22.0,21.0,22.0,22.0,22.0,21.0,21.0,21.0,21.0,10.0,hold,0,0,8.1915
1788795894.0913,2026-09-07 17:44:54.091,10,c3,1,0,-0.03944,-0.49611,0.04061,-3.6687,11.4592,-25.0184,-0.1073,-0.0248,-0.2623,4.08075,21.0,25.0,27.0,20.0,31.0,35.0,30.0,22.0,29.0,32.0,30.0,23.0,26.0,34.0,25.0,22.0,27.0,25.0,23.0,22.0,22.0,21.0,21.0,21.0,21.0,22.0,22.0,22.0,21.0,22.0,21.0,22.0,22.0,22.0,21.0,21.0,21.0,21.0,10.0,hold,0,0,8.178
1788795894.1415,2026-09-07 17:44:54.141,10,c3,1,0,-0.03946,-0.49611,0.04061,-3.9681,11.6165,-25.1332,-0.1105,-0.0312,-0.2715,4.07697,21.0,25.0,27.0,20.0,31.0,35.0,30.0,22.0,29.0,32.0,30.0,23.0,26.0,34.0,25.0,22.0,27.0,25.0,23.0,22.0,22.0,21.0,21.0,21.0,21.0,22.0,22.0,22.0,21.0,22.0,21.0,22.0,22.0,22.0,21.0,21.0,21.0,21.0,10.0,hold,0,0,8.2116
1788795894.1916,2026-09-07 17:44:54.191,10,c3,1,0,-0.03945,-0.49611,0.04061,-3.7271,11.4485,-25.0381,-0.1077,-0.0246,-0.2576,4.07874,24.0,27.0,28.0,23.0,33.0,36.0,28.0,22.0,30.0,32.0,29.0,22.0,26.0,33.0,25.0,23.0,28.0,27.0,20.0,22.0,22.0,21.0,21.0,21.0,21.0,22.0,22.0,22.0,21.0,22.0,21.0,22.0,22.0,22.0,21.0,21.0,21.0,21.0,10.0,hold,0,0,8.196
1788795894.2417,2026-09-07 17:44:54.241,10,c3,1,0,-0.03943,-0.49612,0.04061,-3.9683,12.0514,-25.0464,-0.1239,-0.0331,-0.2618,4.08906,24.0,27.0,28.0,23.0,33.0,36.0,28.0,22.0,30.0,32.0,29.0,22.0,26.0,33.0,25.0,23.0,28.0,27.0,20.0,22.0,22.0,21.0,21.0,21.0,21.0,22.0,22.0,22.0,21.0,22.0,21.0,22.0,22.0,22.0,21.0,21.0,21.0,21.0,10.0,hold,0,0,8.1041
1788795894.2918,2026-09-07 17:44:54.291,10,c3,1,0,-0.03943,-0.49611,0.04061,-3.7894,11.7782,-24.9811,-0.1145,-0.0296,-0.2605,4.09082,22.0,27.0,27.0,22.0,33.0,34.0,28.0,22.0,32.0,32.0,32.0,22.0,28.0,33.0,28.0,22.0,28.0,28.0,22.0,22.0,22.0,21.0,21.0,21.0,21.0,22.0,22.0,22.0,21.0,22.0,21.0,22.0,22.0,22.0,21.0,21.0,21.0,21.0,10.0,hold,0,0,8.0884
1788795894.3421,2026-09-07 17:44:54.342,10,c3,1,0,-0.03945,-0.49611,0.04061,-3.6701,11.5508,-24.9774,-0.1093,-0.024,-0.2622,4.08604,24.0,27.0,26.0,23.0,35.0,33.0,31.0,22.0,30.0,32.0,29.0,22.0,27.0,33.0,26.0,23.0,28.0,27.0,23.0,22.0,22.0,21.0,21.0,21.0,21.0,22.0,22.0,22.0,21.0,22.0,21.0,22.0,22.0,22.0,21.0,21.0,21.0,21.0,10.0,hold,0,0,8.131
1788795894.3922,2026-09-07 17:44:54.392,10,c3,1,0,-0.03944,-0.49611,0.0406,-3.4823,11.4022,-25.1248,-0.1086,-0.0211,-0.2551,4.09284,24.0,27.0,26.0,23.0,35.0,33.0,31.0,22.0,30.0,32.0,29.0,22.0,27.0,33.0,26.0,23.0,28.0,27.0,23.0,22.0,22.0,21.0,21.0,21.0,21.0,22.0,22.0,22.0,21.0,22.0,21.0,22.0,22.0,22.0,21.0,21.0,21.0,21.0,10.0,hold,0,0,8.0705
1788795894.4423,2026-09-07 17:44:54.442,10,c3,1,0,-0.03945,-0.49612,0.04061,-3.6942,11.562,-25.1919,-0.1111,-0.0255,-0.2635,4.08906,22.0,28.0,25.0,21.0,33.0,35.0,29.0,23.0,30.0,32.0,32.0,22.0,26.0,34.0,27.0,21.0,28.0,26.0,22.0,22.0,22.0,21.0,21.0,21.0,21.0,22.0,22.0,22.0,21.0,22.0,21.0,22.0,22.0,22.0,21.0,21.0,21.0,21.0,10.0,hold,0,0,8.1041
1788795894.4924,2026-09-07 17:44:54.492,10,c3,1,0,-0.03944,-0.49611,0.0406,-3.8952,11.6859,-24.9978,-0.1151,-0.0305,-0.2638,4.09611,22.0,28.0,25.0,21.0,33.0,35.0,29.0,23.0,30.0,32.0,32.0,22.0,26.0,34.0,27.0,21.0,28.0,26.0,22.0,22.0,22.0,21.0,21.0,21.0,21.0,22.0,22.0,22.0,21.0,22.0,21.0,22.0,22.0,22.0,21.0,21.0,21.0,21.0,10.0,hold,0,0,8.0414
1788795894.5425,2026-09-07 17:44:54.542,10,c3,1,0,-0.03944,-0.4961,0.0406,-4.1114,11.9624,-25.1906,-0.1186,-0.0398,-0.2692,4.09535,24.0,27.0,28.0,22.0,33.0,35.0,29.0,24.0,31.0,31.0,32.0,23.0,27.0,32.0,28.0,23.0,28.0,29.0,23.0,22.0,22.0,21.0,21.0,21.0,21.0,22.0,22.0,22.0,21.0,22.0,21.0,22.0,22.0,22.0,21.0,21.0,21.0,21.0,10.0,hold,0,0,8.0481
1788795894.5926,2026-09-07 17:44:54.592,10,c3,1,0,-0.03945,-0.49612,0.04062,-3.6486,11.6878,-25.304,-0.1088,-0.0276,-0.2636,4.09686,24.0,27.0,28.0,22.0,33.0,35.0,29.0,24.0,31.0,31.0,32.0,23.0,27.0,32.0,28.0,23.0,28.0,29.0,23.0,22.0,22.0,21.0,21.0,21.0,21.0,22.0,22.0,22.0,21.0,22.0,21.0,22.0,22.0,22.0,21.0,21.0,21.0,21.0,10.0,hold,0,0,8.0347
1788795894.6426,2026-09-07 17:44:54.642,10,c3,1,0,-0.03943,-0.49612,0.04062,-3.8342,11.7335,-25.1254,-0.1142,-0.0288,-0.2731,4.09586,25.0,29.0,26.0,23.0,32.0,33.0,31.0,21.0,30.0,33.0,30.0,21.0,26.0,34.0,27.0,22.0,28.0,26.0,21.0,22.0,22.0,21.0,21.0,21.0,21.0,22.0,22.0,22.0,21.0,22.0,21.0,22.0,22.0,22.0,21.0,21.0,21.0,21.0,10.0,hold,0,0,8.0437
1788795894.6927,2026-09-07 17:44:54.692,10,c3,1,0,-0.03943,-0.49612,0.04062,-3.668,11.6976,-25.3632,-0.1125,-0.026,-0.2659,4.09686,24.0,27.0,27.0,21.0,33.0,35.0,30.0,21.0,31.0,32.0,30.0,22.0,27.0,32.0,25.0,20.0,27.0,26.0,21.0,22.0,22.0,21.0,21.0,21.0,21.0,22.0,22.0,22.0,21.0,22.0,21.0,22.0,22.0,22.0,21.0,21.0,21.0,21.0,10.0,hold,0,0,8.0347
1788795894.7428,2026-09-07 17:44:54.742,10,c3,1,0,-0.03943,-0.49611,0.04061,-3.6406,11.9177,-25.2123,-0.1152,-0.0253,-0.2601,4.10744,24.0,27.0,27.0,21.0,33.0,35.0,30.0,21.0,31.0,32.0,30.0,22.0,27.0,32.0,25.0,20.0,27.0,26.0,21.0,22.0,22.0,21.0,21.0,21.0,21.0,22.0,22.0,22.0,21.0,22.0,21.0,22.0,22.0,22.0,21.0,21.0,21.0,21.0,10.0,hold,0,0,7.9406
1788795894.7929,2026-09-07 17:44:54.792,10,c3,1,0,-0.03944,-0.49611,0.04061,-3.7986,11.694,-25.1744,-0.1136,-0.03,-0.2692,4.09686,21.0,27.0,27.0,22.0,34.0,35.0,28.0,22.0,31.0,32.0,30.0,21.0,26.0,34.0,26.0,21.0,28.0,26.0,21.0,22.0,22.0,21.0,21.0,21.0,21.0,22.0,22.0,22.0,21.0,22.0,21.0,22.0,22.0,22.0,21.0,21.0,21.0,21.0,10.0,hold,0,0,8.0347
1788795894.843,2026-09-07 17:44:54.843,10,c3,1,0,-0.03945,-0.49611,0.04062,-3.5385,11.7262,-25.327,-0.1171,-0.0231,-0.2662,4.09963,21.0,27.0,27.0,22.0,34.0,35.0,28.0,22.0,31.0,32.0,30.0,21.0,26.0,34.0,26.0,21.0,28.0,26.0,21.0,22.0,22.0,21.0,21.0,21.0,21.0,22.0,22.0,22.0,21.0,22.0,21.0,22.0,22.0,22.0,21.0,21.0,21.0,21.0,10.0,hold,0,0,8.0101
1788795894.8931,2026-09-07 17:44:54.893,10,c3,1,0,-0.03944,-0.49612,0.04061,-3.9259,11.9258,-25.3154,-0.119,-0.0326,-0.2699,4.10845,21.0,27.0,26.0,21.0,33.0,34.0,30.0,22.0,30.0,31.0,30.0,22.0,28.0,31.0,25.0,21.0,25.0,26.0,20.0,22.0,22.0,21.0,21.0,21.0,21.0,22.0,22.0,22.0,21.0,22.0,21.0,22.0,22.0,22.0,21.0,21.0,21.0,21.0,10.0,hold,0,0,7.9317
1788795894.9432,2026-09-07 17:44:54.943,10,c3,1,0,-0.03945,-0.49611,0.04063,-3.7442,11.5863,-25.1899,-0.108,-0.0282,-0.2653,4.09384,23.0,29.0,26.0,20.0,35.0,33.0,29.0,20.0,30.0,32.0,30.0,20.0,27.0,32.0,27.0,21.0,27.0,27.0,20.0,22.0,22.0,21.0,21.0,21.0,21.0,22.0,22.0,22.0,21.0,22.0,21.0,22.0,22.0,22.0,21.0,21.0,21.0,21.0,10.0,hold,0,0,8.0616
1788795894.9934,2026-09-07 17:44:54.993,10,c3,1,0,-0.03945,-0.49612,0.04062,-3.7912,11.2833,-25.3981,-0.1035,-0.0279,-0.2661,4.10895,23.0,29.0,26.0,20.0,35.0,33.0,29.0,20.0,30.0,32.0,30.0,20.0,27.0,32.0,27.0,21.0,27.0,27.0,20.0,22.0,22.0,21.0,21.0,21.0,21.0,22.0,22.0,22.0,21.0,22.0,21.0,22.0,22.0,22.0,21.0,21.0,21.0,21.0,10.0,hold,0,0,7.9272
1788795895.0435,2026-09-07 17:44:55.043,10,c3,1,0,-0.03945,-0.49612,0.04061,-3.7944,11.435,-25.2831,-0.1098,-0.0284,-0.2637,4.10265,22.0,27.0,27.0,21.0,33.0,35.0,29.0,20.0,31.0,33.0,31.0,21.0,28.0,32.0,27.0,21.0,27.0,28.0,21.0,22.0,22.0,21.0,21.0,21.0,21.0,22.0,22.0,22.0,21.0,22.0,21.0,22.0,22.0,22.0,21.0,21.0,21.0,21.0,10.0,hold,0,0,7.9832
1788795895.0936,2026-09-07 17:44:55.093,10,c3,1,0,-0.03945,-0.49612,0.04061,-3.7515,11.8629,-25.3414,-0.1153,-0.0317,-0.2632,4.09988,22.0,27.0,27.0,21.0,33.0,35.0,29.0,20.0,31.0,33.0,31.0,21.0,28.0,32.0,27.0,21.0,27.0,28.0,21.0,22.0,22.0,21.0,21.0,21.0,21.0,22.0,22.0,22.0,21.0,22.0,21.0,22.0,22.0,22.0,21.0,21.0,21.0,21.0,10.0,hold,0,0,8.0078
1788795895.1437,2026-09-07 17:44:55.143,10,c3,1,0,-0.03946,-0.49611,0.04062,-3.7267,10.9821,-25.3377,-0.0935,-0.0278,-0.2674,4.11222,22.0,28.0,27.0,20.0,34.0,34.0,30.0,21.0,30.0,32.0,29.0,21.0,27.0,34.0,26.0,20.0,28.0,26.0,19.0,22.0,22.0,21.0,21.0,21.0,21.0,22.0,22.0,22.0,21.0,22.0,21.0,22.0,22.0,22.0,21.0,21.0,21.0,21.0,10.0,hold,0,0,7.8981
1788795895.1938,2026-09-07 17:44:55.193,10,c3,1,0,-0.03945,-0.49612,0.04061,-3.6069,11.6269,-25.1507,-0.1114,-0.0267,-0.2721,4.10719,23.0,28.0,27.0,21.0,33.0,35.0,29.0,21.0,31.0,33.0,30.0,20.0,27.0,34.0,25.0,22.0,28.0,27.0,20.0,22.0,22.0,21.0,21.0,21.0,21.0,22.0,22.0,22.0,21.0,22.0,21.0,22.0,22.0,22.0,21.0,21.0,21.0,21.0,10.0,hold,0,0,7.9429
1788795895.2438,2026-09-07 17:44:55.243,10,c3,1,0,-0.03944,-0.49612,0.04061,-4.0502,11.5665,-25.3021,-0.113,-0.0361,-0.2761,4.11474,23.0,28.0,27.0,21.0,33.0,35.0,29.0,21.0,31.0,33.0,30.0,20.0,27.0,34.0,25.0,22.0,28.0,27.0,20.0,22.0,22.0,21.0,21.0,21.0,21.0,22.0,22.0,22.0,21.0,22.0,21.0,22.0,22.0,22.0,21.0,21.0,21.0,21.0,10.0,hold,0,0,7.8757
1788795895.2939,2026-09-07 17:44:55.293,10,c3,1,0,-0.03946,-0.49612,0.04061,-3.6237,11.3879,-25.2878,-0.104,-0.0257,-0.2666,4.11096,23.0,28.0,28.0,20.0,32.0,35.0,28.0,21.0,30.0,33.0,30.0,23.0,26.0,33.0,25.0,23.0,27.0,26.0,22.0,22.0,22.0,21.0,21.0,21.0,21.0,22.0,22.0,22.0,21.0,22.0,21.0,22.0,22.0,22.0,21.0,21.0,21.0,21.0,10.0,hold,0,0,7.9093
1788795895.344,2026-09-07 17:44:55.344,10,c3,1,0,-0.03945,-0.49612,0.04062,-3.7123,11.6695,-25.4377,-0.1106,-0.0275,-0.2708,4.11121,23.0,28.0,28.0,20.0,32.0,35.0,28.0,21.0,30.0,33.0,30.0,23.0,26.0,33.0,25.0,23.0,27.0,26.0,22.0,22.0,22.0,21.0,21.0,21.0,21.0,22.0,22.0,22.0,21.0,22.0,21.0,22.0,22.0,22.0,21.0,21.0,21.0,21.0,10.0,hold,0,0,7.907
1788795895.3942,2026-09-07 17:44:55.394,10,c3,1,0,-0.03946,-0.49612,0.04061,-3.5977,11.5975,-25.3642,-0.1076,-0.0267,-0.2615,4.10945,22.0,26.0,27.0,21.0,33.0,35.0,29.0,20.0,30.0,33.0,31.0,20.0,26.0,35.0,25.0,21.0,28.0,27.0,21.0,22.0,22.0,21.0,21.0,21.0,21.0,22.0,22.0,22.0,21.0,22.0,21.0,22.0,22.0,22.0,21.0,21.0,21.0,21.0,10.0,hold,0,0,7.9227
1788795895.4443,2026-09-07 17:44:55.444,10,c3,1,0,-0.03945,-0.49611,0.04061,-3.6646,11.4813,-25.5649,-0.1066,-0.0238,-0.2631,4.11701,22.0,27.0,27.0,21.0,33.0,35.0,30.0,22.0,31.0,32.0,30.0,21.0,26.0,33.0,26.0,23.0,28.0,27.0,21.0,22.0,22.0,21.0,21.0,21.0,21.0,22.0,22.0,22.0,21.0,22.0,21.0,22.0,22.0,22.0,21.0,21.0,21.0,21.0,10.0,hold,0,0,7.8555
1788795895.4944,2026-09-07 17:44:55.494,10,c3,1,0,-0.03945,-0.49612,0.04061,-3.3348,11.348,-25.4899,-0.1057,-0.019,-0.2684,4.11625,22.0,27.0,27.0,21.0,33.0,35.0,30.0,22.0,31.0,32.0,30.0,21.0,26.0,33.0,26.0,23.0,28.0,27.0,21.0,22.0,22.0,21.0,21.0,21.0,21.0,22.0,22.0,22.0,21.0,22.0,21.0,22.0,22.0,22.0,21.0,21.0,21.0,21.0,10.0,hold,0,0,7.8622
1788795895.5444,2026-09-07 17:44:55.544,10,c3,1,0,-0.03945,-0.49612,0.04063,-3.5558,11.5121,-25.5706,-0.1052,-0.0231,-0.2682,4.10618,21.0,27.0,27.0,21.0,32.0,34.0,30.0,23.0,32.0,32.0,32.0,22.0,27.0,34.0,27.0,22.0,28.0,29.0,22.0,22.0,22.0,21.0,21.0,21.0,21.0,22.0,22.0,22.0,21.0,22.0,21.0,22.0,22.0,22.0,21.0,21.0,21.0,21.0,10.0,hold,0,0,7.9518
1788795895.5945,2026-09-07 17:44:55.594,10,c3,1,0,-0.03946,-0.49612,0.04062,-3.5997,11.268,-25.4655,-0.1017,-0.0253,-0.2689,4.11927,21.0,27.0,27.0,21.0,32.0,34.0,30.0,23.0,32.0,32.0,32.0,22.0,27.0,34.0,27.0,22.0,28.0,29.0,22.0,22.0,22.0,21.0,21.0,21.0,21.0,22.0,22.0,22.0,21.0,22.0,21.0,22.0,22.0,22.0,21.0,21.0,21.0,21.0,10.0,hold,0,0,7.8353
1788795895.6446,2026-09-07 17:44:55.644,10,c3,1,0,-0.03944,-0.49611,0.04062,-3.6865,11.7095,-25.3661,-0.1124,-0.026,-0.2697,4.10895,23.0,29.0,28.0,21.0,34.0,34.0,30.0,22.0,32.0,32.0,30.0,23.0,27.0,34.0,26.0,21.0,29.0,27.0,20.0,22.0,22.0,21.0,21.0,21.0,21.0,22.0,22.0,22.0,21.0,22.0,21.0,22.0,22.0,22.0,21.0,21.0,21.0,21.0,10.0,hold,0,0,7.9272
1788795895.6948,2026-09-07 17:44:55.694,10,c3,1,0,-0.03945,-0.49612,0.04062,-3.2783,11.4196,-25.4044,-0.1066,-0.016,-0.2671,4.11298,23.0,29.0,28.0,21.0,34.0,34.0,30.0,22.0,32.0,32.0,30.0,23.0,27.0,34.0,26.0,21.0,29.0,27.0,20.0,22.0,22.0,21.0,21.0,21.0,21.0,22.0,22.0,22.0,21.0,22.0,21.0,22.0,22.0,22.0,21.0,21.0,21.0,21.0,10.0,hold,0,0,7.8913
1788795895.7449,2026-09-07 17:44:55.744,10,c3,1,0,-0.03943,-0.49612,0.04061,-3.7862,11.4337,-25.395,-0.1057,-0.0289,-0.2682,4.1238,24.0,28.0,28.0,22.0,35.0,35.0,30.0,21.0,31.0,34.0,31.0,21.0,28.0,34.0,27.0,21.0,30.0,28.0,20.0,22.0,22.0,21.0,21.0,21.0,21.0,22.0,22.0,22.0,21.0,22.0,21.0,22.0,22.0,22.0,21.0,21.0,21.0,21.0,10.0,hold,0,0,7.795
1788795895.795,2026-09-07 17:44:55.795,10,c3,1,0,-0.03945,-0.49611,0.04061,-3.469,11.4094,-25.5445,-0.1065,-0.0211,-0.2701,4.1228,23.0,27.0,28.0,22.0,34.0,37.0,30.0,21.0,31.0,33.0,31.0,21.0,26.0,34.0,28.0,21.0,28.0,28.0,21.0,22.0,22.0,21.0,21.0,21.0,21.0,22.0,22.0,22.0,21.0,22.0,21.0,22.0,22.0,22.0,21.0,21.0,21.0,21.0,10.0,hold,0,0,7.804
1788795895.8452,2026-09-07 17:44:55.845,10,c3,1,0,-0.03944,-0.49613,0.04063,-3.4205,11.819,-25.5286,-0.116,-0.0224,-0.2687,4.11675,23.0,27.0,28.0,22.0,34.0,37.0,30.0,21.0,31.0,33.0,31.0,21.0,26.0,34.0,28.0,21.0,28.0,28.0,21.0,22.0,22.0,21.0,21.0,21.0,21.0,22.0,22.0,22.0,21.0,22.0,21.0,22.0,22.0,22.0,21.0,21.0,21.0,21.0,10.0,hold,0,0,7.8577
1788795895.8953,2026-09-07 17:44:55.895,10,c3,1,0,-0.03944,-0.49611,0.04061,-3.7636,11.5069,-25.6687,-0.1065,-0.0295,-0.2694,4.1233,23.0,26.0,27.0,21.0,32.0,34.0,30.0,23.0,30.0,34.0,31.0,23.0,26.0,35.0,26.0,23.0,29.0,26.0,21.0,22.0,22.0,21.0,21.0,21.0,21.0,22.0,22.0,22.0,21.0,22.0,21.0,22.0,22.0,22.0,21.0,21.0,21.0,21.0,10.0,hold,0,0,7.7995
1788795895.9455,2026-09-07 17:44:55.945,10,c3,1,0,-0.03947,-0.49612,0.04062,-3.8149,11.6171,-25.6005,-0.1083,-0.0297,-0.2749,4.11952,23.0,26.0,27.0,21.0,32.0,34.0,30.0,23.0,30.0,34.0,31.0,23.0,26.0,35.0,26.0,23.0,29.0,26.0,21.0,22.0,22.0,21.0,21.0,21.0,21.0,22.0,22.0,22.0,21.0,22.0,21.0,22.0,22.0,22.0,21.0,21.0,21.0,21.0,10.0,hold,0,0,7.8331
1788795895.9956,2026-09-07 17:44:55.995,10,c3,1,0,-0.03946,-0.49612,0.04062,-3.349,10.9914,-25.6329,-0.093,-0.0145,-0.2698,4.11801,23.0,28.0,27.0,21.0,32.0,35.0,30.0,20.0,30.0,32.0,29.0,21.0,26.0,34.0,25.0,22.0,27.0,27.0,21.0,22.0,22.0,21.0,21.0,21.0,21.0,22.0,22.0,22.0,21.0,22.0,21.0,22.0,22.0,22.0,21.0,21.0,21.0,21.0,10.0,hold,0,0,7.8465
1788795896.0457,2026-09-07 17:44:56.045,10,c3,1,0,-0.03944,-0.49612,0.04062,-3.6631,11.6177,-25.5103,-0.1139,-0.0264,-0.2726,4.11902,21.0,27.0,26.0,20.0,32.0,34.0,29.0,22.0,29.0,32.0,30.0,21.0,25.0,32.0,27.0,21.0,27.0,27.0,20.0,22.0,22.0,21.0,21.0,21.0,21.0,22.0,22.0,22.0,21.0,22.0,21.0,22.0,22.0,22.0,21.0,21.0,21.0,21.0,10.0,hold,0,0,7.8376
1788795896.0958,2026-09-07 17:44:56.095,10,c3,1,0,-0.03945,-0.49611,0.04061,-3.7777,11.9333,-25.3587,-0.1184,-0.0313,-0.2704,4.11474,21.0,27.0,26.0,20.0,32.0,34.0,29.0,22.0,29.0,32.0,30.0,21.0,25.0,32.0,27.0,21.0,27.0,27.0,20.0,22.0,22.0,21.0,21.0,21.0,21.0,22.0,22.0,22.0,21.0,22.0,21.0,22.0,22.0,22.0,21.0,21.0,21.0,21.0,10.0,hold,0,0,7.8757
1788795896.1459,2026-09-07 17:44:56.145,10,c3,1,0,-0.03944,-0.49612,0.04062,-3.4506,11.6563,-25.462,-0.1135,-0.0212,-0.2667,4.12204,22.0,26.0,27.0,21.0,32.0,34.0,30.0,22.0,31.0,32.0,31.0,21.0,26.0,35.0,29.0,23.0,28.0,29.0,20.0,22.0,22.0,21.0,21.0,21.0,21.0,22.0,22.0,22.0,21.0,22.0,21.0,22.0,22.0,22.0,21.0,21.0,21.0,21.0,10.0,hold,0,0,7.8107
1788795896.196,2026-09-07 17:44:56.196,10,c3,1,0,-0.03943,-0.49611,0.04061,-3.3472,11.6637,-25.6064,-0.1104,-0.02,-0.2746,4.12506,22.0,26.0,27.0,21.0,32.0,34.0,30.0,22.0,31.0,32.0,31.0,21.0,26.0,35.0,29.0,23.0,28.0,29.0,20.0,22.0,22.0,21.0,21.0,21.0,21.0,22.0,22.0,22.0,21.0,22.0,21.0,22.0,22.0,22.0,21.0,21.0,21.0,21.0,10.0,hold,0,0,7.7838
1788795896.2462,2026-09-07 17:44:56.246,10,c3,1,0,-0.03946,-0.49611,0.04061,-3.5652,11.697,-25.5656,-0.115,-0.0239,-0.271,4.12104,21.0,27.0,27.0,21.0,33.0,33.0,31.0,22.0,31.0,32.0,30.0,22.0,28.0,32.0,26.0,23.0,28.0,27.0,22.0,22.0,22.0,21.0,21.0,21.0,21.0,22.0,22.0,22.0,21.0,22.0,21.0,22.0,22.0,22.0,21.0,21.0,21.0,21.0,10.0,hold,0,0,7.8197
1788795896.2964,2026-09-07 17:44:56.296,10,c3,1,0,-0.03945,-0.49612,0.04062,-3.4234,11.6601,-25.4918,-0.1104,-0.0199,-0.275,4.11549,23.0,29.0,27.0,21.0,34.0,35.0,30.0,20.0,31.0,32.0,29.0,21.0,27.0,33.0,25.0,21.0,27.0,25.0,20.0,22.0,22.0,21.0,21.0,21.0,21.0,22.0,22.0,22.0,21.0,22.0,21.0,22.0,22.0,22.0,21.0,21.0,21.0,21.0,10.0,hold,0,0,7.8689
1788795896.3465,2026-09-07 17:44:56.346,10,c3,1,0,-0.03944,-0.49612,0.04062,-3.6323,11.2732,-25.4895,-0.104,-0.0225,-0.2729,4.12431,23.0,29.0,27.0,21.0,34.0,35.0,30.0,20.0,31.0,32.0,29.0,21.0,27.0,33.0,25.0,21.0,27.0,25.0,20.0,22.0,22.0,21.0,21.0,21.0,21.0,22.0,22.0,22.0,21.0,22.0,21.0,22.0,22.0,22.0,21.0,21.0,21.0,21.0,10.0,hold,0,0,7.7905
1788795896.3966,2026-09-07 17:44:56.396,10,c3,1,0,-0.03944,-0.49612,0.04062,-3.6673,11.3101,-25.3723,-0.103,-0.0263,-0.2748,4.12909,20.0,27.0,27.0,20.0,34.0,34.0,28.0,21.0,31.0,32.0,32.0,22.0,28.0,33.0,25.0,21.0,28.0,24.0,21.0,22.0,22.0,21.0,21.0,21.0,21.0,22.0,22.0,22.0,21.0,22.0,21.0,22.0,22.0,22.0,21.0,21.0,21.0,21.0,10.0,hold,0,0,7.748
1788795896.4467,2026-09-07 17:44:56.446,10,c3,1,0,-0.03944,-0.49611,0.04061,-3.5107,11.2775,-25.3385,-0.1027,-0.0226,-0.2715,4.11978,20.0,27.0,27.0,20.0,34.0,34.0,28.0,21.0,31.0,32.0,32.0,22.0,28.0,33.0,25.0,21.0,28.0,24.0,21.0,22.0,22.0,21.0,21.0,21.0,21.0,22.0,22.0,22.0,21.0,22.0,21.0,22.0,22.0,22.0,21.0,21.0,21.0,21.0,10.0,hold,0,0,7.8309
1788795896.4969,2026-09-07 17:44:56.496,10,c3,1,0,-0.03945,-0.49611,0.04061,-3.5495,11.3186,-25.2659,-0.1073,-0.0245,-0.2732,4.1233,20.0,28.0,27.0,20.0,32.0,34.0,30.0,20.0,29.0,32.0,31.0,21.0,25.0,33.0,25.0,21.0,28.0,27.0,21.0,22.0,22.0,21.0,21.0,21.0,21.0,22.0,22.0,22.0,21.0,22.0,21.0,22.0,22.0,22.0,21.0,21.0,21.0,21.0,10.0,hold,0,0,7.7995
1788795896.547,2026-09-07 17:44:56.547,10,c3,1,0,-0.03946,-0.49614,0.04062,-4.0565,11.323,-25.2811,-0.1017,-0.034,-0.2748,4.1238,22.0,26.0,28.0,21.0,31.0,35.0,29.0,21.0,31.0,32.0,30.0,22.0,27.0,35.0,27.0,22.0,28.0,27.0,21.0,22.0,22.0,21.0,21.0,21.0,21.0,22.0,22.0,22.0,21.0,22.0,21.0,22.0,22.0,22.0,21.0,21.0,21.0,21.0,10.0,hold,0,0,7.795
1788795896.5971,2026-09-07 17:44:56.597,10,c3,1,0,-0.03943,-0.49611,0.04061,-3.5393,11.7742,-25.237,-0.1127,-0.0244,-0.2753,4.12607,22.0,26.0,28.0,21.0,31.0,35.0,29.0,21.0,31.0,32.0,30.0,22.0,27.0,35.0,27.0,22.0,28.0,27.0,21.0,22.0,22.0,21.0,21.0,21.0,21.0,22.0,22.0,22.0,21.0,22.0,21.0,22.0,22.0,22.0,21.0,21.0,21.0,21.0,10.0,hold,0,0,7.7749
1788795896.6472,2026-09-07 17:44:56.647,10,c3,1,0,-0.03946,-0.49611,0.04062,-3.7173,11.4544,-25.4749,-0.1058,-0.0285,-0.2784,4.13262,22.0,27.0,27.0,22.0,33.0,35.0,29.0,20.0,30.0,33.0,30.0,20.0,26.0,34.0,26.0,19.0,28.0,26.0,19.0,22.0,22.0,21.0,21.0,21.0,21.0,22.0,22.0,22.0,21.0,22.0,21.0,22.0,22.0,22.0,21.0,21.0,21.0,21.0,10.0,hold,0,0,7.7166
1788795896.6973,2026-09-07 17:44:56.697,10,c3,1,0,-0.03946,-0.49613,0.04063,-3.8296,12.0949,-25.5228,-0.1203,-0.0315,-0.2757,4.12305,22.0,27.0,27.0,22.0,33.0,35.0,29.0,20.0,30.0,33.0,30.0,20.0,26.0,34.0,26.0,19.0,28.0,26.0,19.0,22.0,22.0,21.0,21.0,21.0,21.0,22.0,22.0,22.0,21.0,22.0,21.0,22.0,22.0,22.0,21.0,21.0,21.0,21.0,10.0,hold,0,0,7.8017
1788795896.7475,2026-09-07 17:44:56.747,10,c3,1,0,-0.03944,-0.49612,0.04062,-3.7257,11.4151,-25.2562,-0.1039,-0.0259,-0.2709,4.1306,20.0,28.0,28.0,20.0,34.0,35.0,29.0,21.0,30.0,32.0,30.0,23.0,27.0,33.0,26.0,23.0,28.0,26.0,20.0,22.0,22.0,21.0,21.0,21.0,21.0,22.0,22.0,22.0,21.0,22.0,21.0,22.0,22.0,22.0,21.0,21.0,21.0,21.0,10.0,hold,0,0,7.7345
1788795896.7976,2026-09-07 17:44:56.797,10,c3,1,0,-0.03944,-0.49611,0.04061,-3.5488,11.8532,-25.3809,-0.1152,-0.023,-0.2792,4.13085,20.0,28.0,28.0,20.0,34.0,35.0,29.0,21.0,30.0,32.0,30.0,23.0,27.0,33.0,26.0,23.0,28.0,26.0,20.0,22.0,22.0,21.0,21.0,21.0,21.0,22.0,22.0,22.0,21.0,22.0,21.0,22.0,22.0,22.0,21.0,21.0,21.0,21.0,10.0,hold,0,0,7.7323
1788795896.8477,2026-09-07 17:44:56.847,10,c3,1,0,-0.03947,-0.49611,0.0406,-3.2621,11.3035,-25.4458,-0.1037,-0.0161,-0.2696,4.12859,24.0,27.0,27.0,22.0,33.0,34.0,28.0,22.0,32.0,34.0,30.0,22.0,28.0,34.0,27.0,22.0,28.0,27.0,21.0,22.0,22.0,21.0,21.0,21.0,21.0,22.0,22.0,22.0,21.0,22.0,21.0,22.0,22.0,22.0,21.0,21.0,21.0,21.0,10.0,hold,0,0,7.7525
1788795896.8978,2026-09-07 17:44:56.897,10,c3,1,0,-0.03945,-0.49611,0.04062,-3.2079,11.2775,-25.6029,-0.107,-0.0153,-0.2752,4.12758,22.0,28.0,28.0,21.0,33.0,35.0,30.0,21.0,32.0,33.0,29.0,21.0,28.0,35.0,26.0,22.0,29.0,27.0,22.0,22.0,22.0,21.0,21.0,21.0,21.0,22.0,22.0,22.0,21.0,22.0,21.0,22.0,22.0,22.0,21.0,21.0,21.0,21.0,10.0,hold,0,0,7.7614
1788795896.9478,2026-09-07 17:44:56.947,10,c3,1,0,-0.03944,-0.49613,0.04063,-3.5707,11.7276,-25.4028,-0.1154,-0.0234,-0.2735,4.12708,22.0,28.0,28.0,21.0,33.0,35.0,30.0,21.0,32.0,33.0,29.0,21.0,28.0,35.0,26.0,22.0,29.0,27.0,22.0,22.0,22.0,21.0,21.0,21.0,21.0,22.0,22.0,22.0,21.0,22.0,21.0,22.0,22.0,22.0,21.0,21.0,21.0,21.0,10.0,hold,0,0,7.7659
1788795896.9979,2026-09-07 17:44:56.997,10,c3,1,0,-0.03945,-0.49611,0.04061,-3.4787,11.4085,-25.4955,-0.1094,-0.0213,-0.2702,4.12909,21.0,28.0,30.0,20.0,34.0,36.0,29.0,21.0,31.0,33.0,32.0,21.0,28.0,33.0,27.0,21.0,29.0,26.0,20.0,22.0,22.0,21.0,21.0,21.0,21.0,22.0,22.0,22.0,21.0,22.0,21.0,22.0,22.0,22.0,21.0,21.0,21.0,21.0,10.0,hold,0,0,7.748
1788795897.048,2026-09-07 17:44:57.048,10,c3,1,0,-0.03944,-0.49611,0.04062,-3.6244,11.4589,-25.3712,-0.1082,-0.0257,-0.2737,4.1238,21.0,28.0,30.0,20.0,34.0,36.0,29.0,21.0,31.0,33.0,32.0,21.0,28.0,33.0,27.0,21.0,29.0,26.0,20.0,22.0,22.0,21.0,21.0,21.0,21.0,22.0,22.0,22.0,21.0,22.0,21.0,22.0,22.0,22.0,21.0,21.0,21.0,21.0,10.0,hold,0,0,7.795
1788795897.0981,2026-09-07 17:44:57.098,10,c3,1,0,-0.03944,-0.49612,0.04062,-3.5862,11.7229,-25.3104,-0.115,-0.0252,-0.2772,4.1379,21.0,27.0,28.0,21.0,32.0,36.0,29.0,22.0,31.0,32.0,30.0,22.0,27.0,33.0,26.0,23.0,28.0,26.0,22.0,22.0,22.0,21.0,21.0,21.0,21.0,22.0,22.0,22.0,21.0,22.0,21.0,22.0,22.0,22.0,21.0,21.0,21.0,21.0,10.0,hold,0,0,7.6696
1788795897.1482,2026-09-07 17:44:57.148,10,c3,1,0,-0.03944,-0.49611,0.04061,-3.4659,11.4184,-25.4722,-0.1042,-0.0224,-0.2755,4.12884,24.0,28.0,27.0,23.0,34.0,33.0,29.0,21.0,31.0,33.0,29.0,20.0,27.0,34.0,25.0,20.0,28.0,28.0,20.0,22.0,22.0,21.0,21.0,21.0,21.0,22.0,22.0,22.0,21.0,22.0,21.0,22.0,22.0,22.0,21.0,21.0,21.0,21.0,10.0,hold,0,0,7.7502
1788795897.1983,2026-09-07 17:44:57.198,10,c3,1,0,-0.03944,-0.49613,0.04063,-4.038,11.5491,-25.2104,-0.1061,-0.0342,-0.2806,4.13488,24.0,28.0,27.0,23.0,34.0,33.0,29.0,21.0,31.0,33.0,29.0,20.0,27.0,34.0,25.0,20.0,28.0,28.0,20.0,22.0,22.0,21.0,21.0,21.0,21.0,22.0,22.0,22.0,21.0,22.0,21.0,22.0,22.0,22.0,21.0,21.0,21.0,21.0,10.0,hold,0,0,7.6965
1788795897.2485,2026-09-07 17:44:57.248,10,c3,1,0,-0.03945,-0.49612,0.04063,-3.8685,11.9424,-25.3632,-0.1161,-0.029,-0.2785,4.1369,21.0,27.0,27.0,21.0,33.0,35.0,29.0,19.0,31.0,33.0,29.0,20.0,27.0,35.0,25.0,18.0,28.0,26.0,20.0,22.0,22.0,21.0,21.0,21.0,21.0,22.0,22.0,22.0,21.0,22.0,21.0,22.0,22.0,22.0,21.0,21.0,21.0,21.0,10.0,hold,0,0,7.6786
1788795897.2985,2026-09-07 17:44:57.298,10,c3,1,0,-0.03945,-0.49611,0.04062,-3.5828,11.723,-25.3449,-0.1162,-0.0216,-0.2755,4.13111,21.0,27.0,27.0,21.0,33.0,35.0,29.0,19.0,31.0,33.0,29.0,20.0,27.0,35.0,25.0,18.0,28.0,26.0,20.0,22.0,22.0,21.0,21.0,21.0,21.0,22.0,22.0,22.0,21.0,22.0,21.0,22.0,22.0,22.0,21.0,21.0,21.0,21.0,10.0,hold,0,0,7.7301
1788795897.3487,2026-09-07 17:44:57.348,10,c3,1,0,-0.03943,-0.49612,0.04062,-3.6027,11.4355,-25.4481,-0.1059,-0.025,-0.2744,4.12708,20.0,29.0,27.0,19.0,34.0,35.0,29.0,21.0,30.0,33.0,31.0,21.0,26.0,34.0,26.0,21.0,28.0,27.0,21.0,22.0,22.0,21.0,21.0,21.0,21.0,22.0,22.0,22.0,21.0,22.0,21.0,22.0,22.0,22.0,21.0,21.0,21.0,21.0,10.0,hold,0,0,7.7659
1788795897.3988,2026-09-07 17:44:57.398,10,c3,1,0,-0.03946,-0.49611,0.04061,-3.7005,11.6375,-25.4517,-0.1119,-0.0294,-0.2788,4.13639,24.0,28.0,28.0,23.0,32.0,36.0,29.0,21.0,31.0,32.0,29.0,21.0,27.0,33.0,25.0,22.0,28.0,27.0,21.0,22.0,22.0,21.0,21.0,21.0,21.0,22.0,22.0,22.0,21.0,22.0,21.0,22.0,22.0,22.0,21.0,21.0,21.0,21.0,10.0,hold,0,0,7.683
1788795897.4489,2026-09-07 17:44:57.448,10,c3,1,0,-0.03946,-0.49612,0.04062,-3.4659,11.6033,-25.4057,-0.1097,-0.022,-0.2769,4.13237,24.0,28.0,28.0,23.0,32.0,36.0,29.0,21.0,31.0,32.0,29.0,21.0,27.0,33.0,25.0,22.0,28.0,27.0,21.0,22.0,22.0,21.0,21.0,21.0,21.0,22.0,22.0,22.0,21.0,22.0,21.0,22.0,22.0,22.0,21.0,21.0,21.0,21.0,10.0,hold,0,0,7.7189
1788795897.4991,2026-09-07 17:44:57.499,10,c3,1,0,-0.03944,-0.49611,0.04061,-3.3314,11.3501,-25.4373,-0.102,-0.0201,-0.2717,4.13992,22.0,27.0,28.0,20.0,33.0,35.0,29.0,21.0,31.0,32.0,31.0,21.0,28.0,34.0,25.0,21.0,28.0,26.0,20.0,22.0,22.0,21.0,21.0,21.0,21.0,22.0,22.0,22.0,21.0,22.0,21.0,22.0,22.0,22.0,21.0,21.0,21.0,21.0,10.0,hold,0,0,7.6517
1788795897.5492,2026-09-07 17:44:57.549,10,c3,1,0,-0.03946,-0.49612,0.04062,-3.7064,11.8356,-25.2557,-0.1158,-0.0242,-0.2777,4.13765,22.0,27.0,28.0,20.0,33.0,35.0,29.0,21.0,31.0,32.0,31.0,21.0,28.0,34.0,25.0,21.0,28.0,26.0,20.0,22.0,22.0,21.0,21.0,21.0,21.0,22.0,22.0,22.0,21.0,22.0,21.0,22.0,22.0,22.0,21.0,21.0,21.0,21.0,10.0,hold,0,0,7.6718
1788795897.5993,2026-09-07 17:44:57.599,10,c3,1,0,-0.03946,-0.49612,0.04061,-3.4515,11.6364,-25.5248,-0.1112,-0.0184,-0.2747,4.12909,20.0,27.0,27.0,21.0,33.0,36.0,30.0,20.0,30.0,33.0,29.0,20.0,27.0,35.0,25.0,21.0,29.0,26.0,19.0,22.0,22.0,21.0,21.0,21.0,21.0,22.0,22.0,22.0,21.0,22.0,21.0,22.0,22.0,22.0,21.0,21.0,21.0,21.0,10.0,hold,0,0,7.748
1788795897.6495,2026-09-07 17:44:57.649,10,c3,1,0,-0.03944,-0.49612,0.04062,-3.5745,11.4883,-25.3117,-0.1073,-0.0238,-0.2807,4.13463,20.0,26.0,28.0,20.0,34.0,36.0,30.0,20.0,32.0,33.0,30.0,19.0,27.0,34.0,27.0,22.0,28.0,28.0,21.0,22.0,22.0,21.0,21.0,21.0,21.0,22.0,22.0,22.0,21.0,22.0,21.0,22.0,22.0,22.0,21.0,21.0,21.0,21.0,10.0,hold,0,0,7.6987
1788795897.6995,2026-09-07 17:44:57.699,10,c3,1,0,-0.03945,-0.49612,0.04062,-3.3966,11.2586,-25.495,-0.1013,-0.0203,-0.2833,4.13866,20.0,26.0,28.0,20.0,34.0,36.0,30.0,20.0,32.0,33.0,30.0,19.0,27.0,34.0,27.0,22.0,28.0,28.0,21.0,22.0,22.0,21.0,21.0,21.0,21.0,22.0,22.0,22.0,21.0,22.0,21.0,22.0,22.0,22.0,21.0,21.0,21.0,21.0,10.0,hold,0,0,7.6629
1788795897.7496,2026-09-07 17:44:57.749,10,c3,1,0,-0.03944,-0.49612,0.04062,-3.6754,11.5759,-25.3887,-0.1056,-0.0264,-0.2764,4.13237,22.0,28.0,27.0,20.0,32.0,37.0,29.0,19.0,31.0,33.0,30.0,19.0,26.0,34.0,25.0,20.0,29.0,25.0,20.0,22.0,22.0,21.0,21.0,21.0,21.0,22.0,22.0,22.0,21.0,22.0,21.0,22.0,22.0,22.0,21.0,21.0,21.0,21.0,10.0,hold,0,0,7.7189
1788795897.7997,2026-09-07 17:44:57.799,10,c3,1,0,-0.03945,-0.49612,0.04062,-3.6778,11.6641,-25.2381,-0.1137,-0.0268,-0.2826,4.12909,22.0,28.0,27.0,20.0,32.0,37.0,29.0,19.0,31.0,33.0,30.0,19.0,26.0,34.0,25.0,20.0,29.0,25.0,20.0,22.0,22.0,21.0,21.0,21.0,21.0,22.0,22.0,22.0,21.0,22.0,21.0,22.0,22.0,22.0,21.0,21.0,21.0,21.0,10.0,hold,0,0,7.748
1788795897.8499,2026-09-07 17:44:57.849,10,c3,1,0,-0.03946,-0.49611,0.04061,-3.564,11.6764,-25.2167,-0.1107,-0.0233,-0.2809,4.13891,22.0,28.0,26.0,19.0,34.0,35.0,29.0,22.0,30.0,32.0,31.0,22.0,27.0,34.0,26.0,22.0,30.0,28.0,20.0,22.0,22.0,21.0,21.0,21.0,21.0,22.0,22.0,22.0,21.0,22.0,21.0,22.0,22.0,22.0,21.0,21.0,21.0,21.0,10.0,hold,0,0,7.6606
1788795897.9,2026-09-07 17:44:57.899,10,c3,1,0,-0.03943,-0.4961,0.0406,-3.943,11.9263,-25.2201,-0.1171,-0.0342,-0.2868,4.13136,22.0,28.0,26.0,19.0,34.0,35.0,29.0,22.0,30.0,32.0,31.0,22.0,27.0,34.0,26.0,22.0,30.0,28.0,20.0,22.0,22.0,21.0,21.0,21.0,21.0,22.0,22.0,22.0,21.0,22.0,21.0,22.0,22.0,22.0,21.0,21.0,21.0,21.0,10.0,hold,0,0,7.7278
1788795897.9502,2026-09-07 17:44:57.950,10,c3,1,0,-0.03945,-0.49612,0.04061,-3.9294,11.9704,-25.3665,-0.1194,-0.0347,-0.2856,4.13614,23.0,27.0,28.0,21.0,31.0,35.0,29.0,21.0,32.0,32.0,30.0,21.0,28.0,34.0,25.0,23.0,30.0,26.0,23.0,22.0,22.0,21.0,21.0,21.0,21.0,22.0,22.0,22.0,21.0,22.0,21.0,22.0,22.0,22.0,21.0,21.0,21.0,21.0,10.0,hold,0,0,7.6853
1788795898.0003,2026-09-07 17:44:58.000,10,c3,1,0,-0.03944,-0.49611,0.04061,-3.8316,11.9249,-25.193,-0.1196,-0.0315,-0.2834,4.14168,22.0,28.0,27.0,22.0,34.0,35.0,29.0,21.0,30.0,33.0,29.0,20.0,29.0,33.0,25.0,21.0,28.0,27.0,21.0,22.0,22.0,21.0,21.0,21.0,21.0,22.0,22.0,22.0,21.0,22.0,21.0,22.0,22.0,22.0,21.0,21.0,21.0,21.0,10.0,hold,0,0,7.636
1788795898.0504,2026-09-07 17:44:58.050,10,c3,1,0,-0.03945,-0.49613,0.04064,-3.7904,11.5733,-25.1313,-0.1106,-0.0312,-0.2773,4.12934,22.0,28.0,27.0,22.0,34.0,35.0,29.0,21.0,30.0,33.0,29.0,20.0,29.0,33.0,25.0,21.0,28.0,27.0,21.0,22.0,22.0,21.0,21.0,21.0,21.0,22.0,22.0,22.0,21.0,22.0,21.0,22.0,22.0,22.0,21.0,21.0,21.0,21.0,10.0,hold,0,0,7.7457
1788795898.1005,2026-09-07 17:44:58.100,10,c3,1,0,-0.03945,-0.49612,0.04062,-3.8364,11.9045,-25.1441,-0.1181,-0.0297,-0.2877,4.14319,22.0,28.0,28.0,20.0,33.0,35.0,28.0,19.0,30.0,33.0,30.0,20.0,27.0,34.0,25.0,20.0,29.0,26.0,19.0,22.0,22.0,21.0,21.0,21.0,21.0,22.0,22.0,22.0,21.0,22.0,21.0,22.0,22.0,22.0,21.0,21.0,21.0,21.0,10.0,hold,0,0,7.6226
1788795898.1506,2026-09-07 17:44:58.150,10,c3,1,0,-0.03944,-0.49611,0.04062,-3.785,11.6696,-25.227,-0.1131,-0.0325,-0.2845,4.13765,22.0,28.0,28.0,20.0,33.0,35.0,28.0,19.0,30.0,33.0,30.0,20.0,27.0,34.0,25.0,20.0,29.0,26.0,19.0,22.0,22.0,21.0,21.0,21.0,21.0,22.0,22.0,22.0,21.0,22.0,21.0,22.0,22.0,22.0,21.0,21.0,21.0,21.0,10.0,hold,0,0,7.6718
1788795898.2007,2026-09-07 17:44:58.200,10,c3,1,0,-0.03946,-0.49612,0.04062,-3.5059,11.3201,-25.4562,-0.1062,-0.0228,-0.2782,4.13664,22.0,27.0,28.0,21.0,33.0,35.0,29.0,21.0,31.0,33.0,30.0,21.0,27.0,33.0,27.0,21.0,28.0,27.0,20.0,22.0,22.0,21.0,21.0,21.0,21.0,22.0,22.0,22.0,21.0,22.0,21.0,22.0,22.0,22.0,21.0,21.0,21.0,21.0,10.0,hold,0,0,7.6808
1788795898.2508,2026-09-07 17:44:58.250,10,c3,1,0,-0.03947,-0.49613,0.04063,-3.6106,11.6568,-25.2534,-0.1127,-0.026,-0.2807,4.13287,22.0,28.0,27.0,21.0,34.0,35.0,30.0,22.0,30.0,33.0,30.0,21.0,26.0,34.0,26.0,21.0,28.0,27.0,21.0,22.0,22.0,21.0,21.0,21.0,21.0,22.0,22.0,22.0,21.0,22.0,21.0,22.0,22.0,22.0,21.0,21.0,21.0,21.0,10.0,hold,0,0,7.7144
1788795898.3009,2026-09-07 17:44:58.300,10,c3,1,0,-0.03944,-0.49611,0.04061,-3.937,11.8267,-25.3347,-0.1154,-0.035,-0.2877,4.13287,22.0,28.0,27.0,21.0,34.0,35.0,30.0,22.0,30.0,33.0,30.0,21.0,26.0,34.0,26.0,21.0,28.0,27.0,21.0,22.0,22.0,21.0,21.0,21.0,21.0,22.0,22.0,22.0,21.0,22.0,21.0,22.0,22.0,22.0,21.0,21.0,21.0,21.0,10.0,hold,0,0,7.7144
1788795898.351,2026-09-07 17:44:58.351,10,c3,1,0,-0.03944,-0.49613,0.04063,-3.7441,11.6309,-25.2435,-0.1112,-0.03,-0.2813,4.14143,22.0,26.0,27.0,22.0,32.0,36.0,30.0,23.0,31.0,34.0,29.0,22.0,27.0,33.0,25.0,22.0,28.0,24.0,21.0,22.0,22.0,21.0,21.0,21.0,21.0,22.0,22.0,22.0,21.0,22.0,21.0,22.0,22.0,22.0,21.0,21.0,21.0,21.0,10.0,hold,0,0,7.6382
1788795898.4011,2026-09-07 17:44:58.401,10,c3,1,0,-0.03946,-0.49612,0.04063,-3.8171,11.4986,-25.2069,-0.1068,-0.0301,-0.2807,4.13941,22.0,26.0,27.0,22.0,32.0,36.0,30.0,23.0,31.0,34.0,29.0,22.0,27.0,33.0,25.0,22.0,28.0,24.0,21.0,22.0,22.0,21.0,21.0,21.0,21.0,22.0,22.0,22.0,21.0,22.0,21.0,22.0,22.0,22.0,21.0,21.0,21.0,21.0,10.0,hold,0,0,7.6562
1788795898.4513,2026-09-07 17:44:58.451,10,c3,1,0,-0.03945,-0.49611,0.04062,-3.7719,11.5794,-25.1822,-0.1095,-0.0302,-0.2778,4.13513,22.0,28.0,27.0,22.0,35.0,35.0,27.0,23.0,31.0,33.0,31.0,22.0,27.0,33.0,25.0,23.0,29.0,27.0,23.0,22.0,22.0,21.0,21.0,21.0,21.0,22.0,22.0,22.0,21.0,22.0,21.0,22.0,22.0,22.0,21.0,21.0,21.0,21.0,10.0,hold,0,0,7.6942
1788795898.5014,2026-09-07 17:44:58.501,10,c3,1,0,-0.03943,-0.49611,0.04062,-3.8667,11.8101,-25.1651,-0.1131,-0.0329,-0.2898,4.14395,22.0,27.0,28.0,22.0,34.0,35.0,30.0,21.0,32.0,32.0,29.0,22.0,28.0,32.0,25.0,22.0,27.0,25.0,21.0,22.0,22.0,21.0,21.0,21.0,21.0,22.0,22.0,22.0,21.0,22.0,21.0,22.0,22.0,22.0,21.0,21.0,21.0,21.0,10.0,hold,0,0,7.6158
1788795898.5515,2026-09-07 17:44:58.551,10,c3,1,0,-0.03945,-0.49611,0.04062,-3.5289,11.8352,-25.1544,-0.1169,-0.0253,-0.2826,4.1379,22.0,27.0,28.0,22.0,34.0,35.0,30.0,21.0,32.0,32.0,29.0,22.0,28.0,32.0,25.0,22.0,27.0,25.0,21.0,22.0,22.0,21.0,21.0,21.0,21.0,22.0,22.0,22.0,21.0,22.0,21.0,22.0,22.0,22.0,21.0,21.0,21.0,21.0,10.0,hold,0,0,7.6696
1788795898.6017,2026-09-07 17:44:58.601,10,c3,1,0,-0.03944,-0.49612,0.04062,-3.4555,11.4519,-25.3788,-0.1069,-0.0228,-0.2784,4.13891,22.0,27.0,29.0,22.0,34.0,35.0,29.0,22.0,30.0,32.0,29.0,22.0,29.0,34.0,25.0,22.0,28.0,26.0,21.0,22.0,22.0,21.0,21.0,21.0,21.0,22.0,22.0,22.0,21.0,22.0,21.0,22.0,22.0,22.0,21.0,21.0,21.0,21.0,10.0,hold,0,0,7.6606
1788795898.6518,2026-09-07 17:44:58.651,10,c3,1,0,-0.03945,-0.49611,0.04061,-3.7766,11.4225,-25.3688,-0.1033,-0.0294,-0.2851,4.14067,22.0,27.0,29.0,22.0,34.0,35.0,29.0,22.0,30.0,32.0,29.0,22.0,29.0,34.0,25.0,22.0,28.0,26.0,21.0,22.0,22.0,21.0,21.0,21.0,21.0,22.0,22.0,22.0,21.0,22.0,21.0,22.0,22.0,22.0,21.0,21.0,21.0,21.0,10.0,hold,0,0,7.645
1788795898.7019,2026-09-07 17:44:58.701,10,c3,1,0,-0.03945,-0.49613,0.04063,-3.5057,11.5236,-25.5071,-0.1092,-0.0238,-0.28,4.14546,23.0,27.0,26.0,21.0,34.0,34.0,30.0,22.0,30.0,33.0,28.0,21.0,25.0,35.0,25.0,21.0,28.0,25.0,21.0,22.0,22.0,21.0,21.0,21.0,21.0,22.0,22.0,22.0,21.0,22.0,21.0,22.0,22.0,22.0,21.0,21.0,21.0,21.0,10.0,hold,0,0,7.6024
1788795898.752,2026-09-07 17:44:58.752,10,c3,1,0,-0.03943,-0.49611,0.04061,-3.3246,11.5525,-25.432,-0.1077,-0.0193,-0.2785,4.13765,23.0,27.0,26.0,21.0,34.0,34.0,30.0,22.0,30.0,33.0,28.0,21.0,25.0,35.0,25.0,21.0,28.0,25.0,21.0,22.0,22.0,21.0,21.0,21.0,21.0,22.0,22.0,22.0,21.0,22.0,21.0,22.0,22.0,22.0,21.0,21.0,21.0,21.0,10.0,hold,0,0,7.6718
1788795898.8022,2026-09-07 17:44:58.802,10,c3,1,0,-0.03944,-0.49611,0.04061,-3.4557,11.547,-25.2308,-0.1086,-0.0209,-0.2775,4.14747,20.0,28.0,28.0,21.0,32.0,35.0,28.0,20.0,31.0,33.0,29.0,21.0,25.0,34.0,26.0,21.0,28.0,26.0,21.0,22.0,22.0,21.0,21.0,21.0,21.0,22.0,22.0,22.0,21.0,22.0,21.0,22.0,22.0,22.0,21.0,21.0,21.0,21.0,10.0,hold,0,0,7.5845
1788795898.8523,2026-09-07 17:44:58.852,10,c3,1,0,-0.03945,-0.49612,0.04063,-3.7487,11.5909,-25.2259,-0.1103,-0.0274,-0.2817,4.14546,22.0,26.0,28.0,21.0,35.0,36.0,28.0,19.0,30.0,32.0,29.0,20.0,26.0,35.0,25.0,19.0,29.0,26.0,20.0,22.0,22.0,21.0,21.0,21.0,21.0,22.0,22.0,22.0,21.0,22.0,21.0,22.0,22.0,22.0,21.0,21.0,21.0,21.0,10.0,hold,0,0,7.6024
1788795898.9024,2026-09-07 17:44:58.902,10,c3,1,0,-0.03944,-0.49613,0.04063,-3.7489,11.6049,-25.3598,-0.1115,-0.027,-0.2853,4.13136,22.0,26.0,28.0,21.0,35.0,36.0,28.0,19.0,30.0,32.0,29.0,20.0,26.0,35.0,25.0,19.0,29.0,26.0,20.0,22.0,22.0,21.0,21.0,21.0,21.0,22.0,22.0,22.0,21.0,22.0,21.0,22.0,22.0,22.0,21.0,21.0,21.0,21.0,10.0,hold,0,0,7.7278
1788795898.9525,2026-09-07 17:44:58.952,10,c3,1,0,-0.03944,-0.49612,0.04062,-3.5324,11.349,-25.4877,-0.1029,-0.0249,-0.2806,4.13765,21.0,27.0,26.0,20.0,32.0,35.0,29.0,24.0,31.0,32.0,30.0,24.0,27.0,34.0,25.0,24.0,28.0,27.0,22.0,22.0,22.0,21.0,21.0,21.0,21.0,22.0,22.0,22.0,21.0,22.0,21.0,22.0,22.0,22.0,21.0,21.0,21.0,21.0,10.0,hold,0,0,7.6718
1788795899.0026,2026-09-07 17:44:59.002,10,c3,1,0,-0.03944,-0.49612,0.04062,-3.7888,11.7376,-25.4127,-0.1184,-0.0299,-0.2812,4.14772,21.0,27.0,26.0,20.0,32.0,35.0,29.0,24.0,31.0,32.0,30.0,24.0,27.0,34.0,25.0,24.0,28.0,27.0,22.0,22.0,22.0,21.0,21.0,21.0,21.0,22.0,22.0,22.0,21.0,22.0,21.0,22.0,22.0,22.0,21.0,21.0,21.0,21.0,10.0,hold,0,0,7.5822
1788795899.0527,2026-09-07 17:44:59.052,10,c3,1,0,-0.03944,-0.49612,0.04062,-3.4676,11.3803,-25.3568,-0.106,-0.0248,-0.2829,4.14319,24.0,27.0,26.0,24.0,33.0,34.0,30.0,22.0,30.0,33.0,30.0,20.0,27.0,33.0,26.0,22.0,28.0,26.0,21.0,22.0,22.0,21.0,21.0,21.0,21.0,22.0,22.0,22.0,21.0,22.0,21.0,22.0,22.0,22.0,21.0,21.0,21.0,21.0,10.0,hold,0,0,7.6226
1788795899.1028,2026-09-07 17:44:59.102,10,c3,1,0,-0.03942,-0.49612,0.04062,-3.8274,11.2794,-25.2993,-0.1038,-0.0314,-0.284,4.14093,23.0,27.0,27.0,20.0,33.0,34.0,29.0,21.0,31.0,33.0,30.0,20.0,27.0,34.0,25.0,20.0,29.0,26.0,19.0,22.0,22.0,21.0,21.0,21.0,21.0,22.0,22.0,22.0,21.0,22.0,21.0,22.0,22.0,22.0,21.0,21.0,21.0,21.0,10.0,hold,0,0,7.6427
1788795899.1529,2026-09-07 17:44:59.152,10,c3,1,0,-0.03943,-0.49611,0.04061,-3.5148,11.4282,-25.3008,-0.1053,-0.0192,-0.2806,4.13589,23.0,27.0,27.0,20.0,33.0,34.0,29.0,21.0,31.0,33.0,30.0,20.0,27.0,34.0,25.0,20.0,29.0,26.0,19.0,22.0,22.0,21.0,21.0,21.0,21.0,22.0,22.0,22.0,21.0,22.0,21.0,22.0,22.0,22.0,21.0,21.0,21.0,21.0,10.0,hold,0,0,7.6875
1788795899.203,2026-09-07 17:44:59.202,10,c3,1,0,-0.03945,-0.49612,0.04061,-3.6197,11.6814,-25.4837,-0.1114,-0.0248,-0.2849,4.14218,22.0,27.0,28.0,20.0,34.0,36.0,29.0,22.0,33.0,33.0,28.0,21.0,29.0,34.0,25.0,22.0,29.0,26.0,21.0,22.0,22.0,21.0,21.0,21.0,21.0,22.0,22.0,22.0,21.0,22.0,21.0,22.0,22.0,22.0,21.0,21.0,21.0,21.0,10.0,hold,0,0,7.6315
1788795899.2531,2026-09-07 17:44:59.253,10,c3,1,0,-0.03944,-0.49612,0.04062,-3.9482,11.7318,-25.3744,-0.1135,-0.034,-0.2856,4.14974,22.0,27.0,28.0,20.0,34.0,36.0,29.0,22.0,33.0,33.0,28.0,21.0,29.0,34.0,25.0,22.0,29.0,26.0,21.0,22.0,22.0,21.0,21.0,21.0,21.0,22.0,22.0,22.0,21.0,22.0,21.0,22.0,22.0,22.0,21.0,21.0,21.0,21.0,10.0,hold,0,0,7.5643
1788795899.3032,2026-09-07 17:44:59.303,10,c3,1,0,-0.03944,-0.49611,0.04062,-3.4524,11.5477,-25.3025,-0.107,-0.0212,-0.2811,4.14546,24.0,28.0,29.0,21.0,34.0,36.0,28.0,23.0,31.0,33.0,29.0,22.0,28.0,35.0,26.0,22.0,29.0,26.0,21.0,22.0,22.0,21.0,21.0,21.0,21.0,22.0,22.0,22.0,21.0,22.0,21.0,22.0,22.0,22.0,21.0,21.0,21.0,21.0,10.0,hold,0,0,7.6024
1788795899.3533,2026-09-07 17:44:59.353,10,c3,1,0,-0.03944,-0.49612,0.04062,-3.5404,11.4242,-25.43,-0.1052,-0.0217,-0.2782,4.13992,23.0,27.0,28.0,23.0,33.0,37.0,29.0,21.0,30.0,31.0,31.0,22.0,27.0,32.0,25.0,22.0,28.0,26.0,23.0,22.0,22.0,21.0,21.0,21.0,21.0,22.0,22.0,22.0,21.0,22.0,21.0,22.0,22.0,22.0,21.0,21.0,21.0,21.0,10.0,hold,0,0,7.6517
1788795899.4034,2026-09-07 17:44:59.403,10,c3,1,0,-0.03943,-0.49612,0.04061,-3.2378,11.4581,-25.3007,-0.1079,-0.0151,-0.2786,4.14823,23.0,27.0,28.0,23.0,33.0,37.0,29.0,21.0,30.0,31.0,31.0,22.0,27.0,32.0,25.0,22.0,28.0,26.0,23.0,22.0,22.0,21.0,21.0,21.0,21.0,22.0,22.0,22.0,21.0,22.0,21.0,22.0,22.0,22.0,21.0,21.0,21.0,21.0,10.0,hold,0,0,7.5778
1788795899.4536,2026-09-07 17:44:59.453,10,c3,1,0,-0.03944,-0.49612,0.04063,-3.6127,11.4093,-25.3661,-0.1035,-0.0248,-0.281,4.13916,22.0,27.0,26.0,20.0,33.0,34.0,31.0,18.0,31.0,33.0,28.0,18.0,27.0,33.0,25.0,21.0,28.0,25.0,20.0,22.0,22.0,21.0,21.0,21.0,21.0,22.0,22.0,22.0,21.0,22.0,21.0,22.0,22.0,22.0,21.0,21.0,21.0,21.0,10.0,hold,0,0,7.6584
1788795899.5036,2026-09-07 17:44:59.503,10,c3,1,0,-0.03945,-0.49611,0.04062,-3.6628,11.4206,-25.3692,-0.1064,-0.0278,-0.2827,4.14344,22.0,27.0,26.0,20.0,33.0,34.0,31.0,18.0,31.0,33.0,28.0,18.0,27.0,33.0,25.0,21.0,28.0,25.0,20.0,22.0,22.0,21.0,21.0,21.0,21.0,22.0,22.0,22.0,21.0,22.0,21.0,22.0,22.0,22.0,21.0,21.0,21.0,21.0,10.0,hold,0,0,7.6203
1788795899.5537,2026-09-07 17:44:59.553,10,c3,1,0,-0.03944,-0.4961,0.04061,-3.774,11.8563,-25.3193,-0.1147,-0.0318,-0.288,4.14067,20.0,27.0,28.0,19.0,33.0,35.0,28.0,21.0,30.0,32.0,30.0,21.0,26.0,33.0,26.0,21.0,27.0,27.0,21.0,22.0,22.0,21.0,21.0,21.0,21.0,22.0,22.0,22.0,21.0,22.0,21.0,22.0,22.0,22.0,21.0,21.0,21.0,21.0,10.0,hold,0,0,7.645
1788795899.6039,2026-09-07 17:44:59.603,10,c3,1,0,-0.03945,-0.49612,0.04061,-3.4001,11.4031,-25.2893,-0.1038,-0.0173,-0.2791,4.14923,23.0,27.0,26.0,21.0,33.0,34.0,30.0,22.0,31.0,32.0,30.0,21.0,27.0,34.0,26.0,21.0,28.0,28.0,21.0,22.0,22.0,21.0,21.0,21.0,21.0,22.0,22.0,22.0,21.0,22.0,21.0,22.0,22.0,22.0,21.0,21.0,21.0,21.0,10.0,hold,0,0,7.5688
1788795899.654,2026-09-07 17:44:59.654,10,c3,0,0,-0.03944,-0.49612,0.04062,-3.6753,11.4846,-25.35,-0.1066,-0.0271,-0.2885,4.14344,23.0,27.0,26.0,21.0,33.0,34.0,30.0,22.0,31.0,32.0,30.0,21.0,27.0,34.0,26.0,21.0,28.0,28.0,21.0,22.0,22.0,21.0,21.0,21.0,21.0,22.0,22.0,22.0,21.0,22.0,21.0,22.0,22.0,22.0,21.0,21.0,21.0,21.0,10.0,retract,0,0,7.6203
1788795899.7042,2026-09-07 17:44:59.704,10,c3,0,0,-0.03944,-0.49611,0.04062,-3.5077,11.9081,-25.1771,-0.1171,-0.0213,-0.2814,4.15175,24.0,28.0,27.0,22.0,34.0,34.0,30.0,22.0,32.0,32.0,30.0,23.0,26.0,35.0,25.0,20.0,28.0,25.0,20.0,22.0,22.0,21.0,21.0,21.0,21.0,22.0,22.0,22.0,21.0,22.0,21.0,22.0,22.0,22.0,21.0,21.0,21.0,21.0,10.0,retract,0,0,7.5464
1788795899.7543,2026-09-07 17:44:59.754,10,c3,0,0,-0.03945,-0.49612,0.04067,-3.6946,11.8512,-25.517,-0.1163,-0.0267,-0.2838,4.16056,24.0,28.0,27.0,22.0,34.0,34.0,30.0,22.0,32.0,32.0,30.0,23.0,26.0,35.0,25.0,20.0,28.0,25.0,20.0,22.0,22.0,21.0,21.0,21.0,21.0,22.0,22.0,22.0,21.0,22.0,21.0,22.0,22.0,22.0,21.0,21.0,21.0,21.0,10.0,retract,0,0,7.468
1788795899.8044,2026-09-07 17:44:59.804,10,c3,0,0,-0.03941,-0.4961,0.04072,-3.5852,11.1663,-25.6078,-0.0981,-0.0248,-0.2811,4.19052,23.0,28.0,27.0,22.0,34.0,36.0,28.0,22.0,30.0,32.0,29.0,20.0,25.0,34.0,25.0,21.0,28.0,25.0,21.0,22.0,22.0,21.0,21.0,21.0,21.0,22.0,22.0,22.0,21.0,22.0,21.0,22.0,22.0,22.0,21.0,21.0,21.0,21.0,10.0,retract,0,0,7.2015
1788795899.8545,2026-09-07 17:44:59.854,10,c3,0,0,-0.03945,-0.49611,0.04086,-3.2496,11.0284,-25.9007,-0.1,-0.0133,-0.2798,4.23333,23.0,28.0,27.0,22.0,34.0,36.0,28.0,22.0,30.0,32.0,29.0,20.0,25.0,34.0,25.0,21.0,28.0,25.0,21.0,22.0,22.0,21.0,21.0,21.0,21.0,22.0,22.0,22.0,21.0,22.0,21.0,22.0,22.0,22.0,21.0,21.0,21.0,21.0,10.0,retract,0,0,6.8207
1788795899.9046,2026-09-07 17:44:59.904,10,c3,0,0,-0.03943,-0.4961,0.04101,-3.7337,11.6286,-26.0524,-0.1099,-0.0243,-0.2868,4.26631,21.0,28.0,27.0,20.0,32.0,35.0,29.0,23.0,31.0,32.0,30.0,23.0,28.0,33.0,26.0,23.0,27.0,26.0,22.0,22.0,22.0,21.0,21.0,21.0,21.0,22.0,22.0,22.0,21.0,22.0,21.0,22.0,22.0,22.0,21.0,21.0,21.0,21.0,10.0,retract,0,0,6.5273
1788795899.9547,2026-09-07 17:44:59.954,10,c3,0,0,-0.03944,-0.4961,0.0412,-3.7761,11.3843,-26.2958,-0.1069,-0.0223,-0.2779,4.32321,23.0,27.0,26.0,23.0,33.0,34.0,29.0,21.0,31.0,32.0,28.0,20.0,27.0,33.0,25.0,22.0,28.0,26.0,22.0,22.0,22.0,21.0,21.0,21.0,21.0,22.0,22.0,22.0,21.0,22.0,21.0,22.0,22.0,22.0,21.0,21.0,21.0,21.0,10.0,retract,0,0,6.021
1788795900.0048,2026-09-07 17:45:00.004,10,c3,0,0,-0.03945,-0.49612,0.04143,-3.842,11.4664,-26.2444,-0.1078,-0.0223,-0.2859,4.35821,23.0,27.0,26.0,23.0,33.0,34.0,29.0,21.0,31.0,32.0,28.0,20.0,27.0,33.0,25.0,22.0,28.0,26.0,22.0,22.0,22.0,21.0,21.0,21.0,21.0,22.0,22.0,22.0,21.0,22.0,21.0,22.0,22.0,22.0,21.0,21.0,21.0,21.0,10.0,retract,0,0,5.7097
1788795900.0549,2026-09-07 17:45:00.054,10,c3,0,0,-0.03945,-0.4961,0.04168,-4.0372,11.2061,-26.5759,-0.1006,-0.0244,-0.2862,4.40529,20.0,28.0,27.0,19.0,34.0,34.0,27.0,20.0,30.0,33.0,29.0,19.0,26.0,34.0,25.0,20.0,29.0,27.0,19.0,22.0,22.0,21.0,21.0,21.0,21.0,22.0,22.0,22.0,21.0,22.0,21.0,22.0,22.0,22.0,21.0,21.0,21.0,21.0,10.0,retract,0,0,5.2908
1788795900.105,2026-09-07 17:45:00.105,10,c3,0,0,-0.03944,-0.49609,0.04193,-3.5787,11.5943,-26.5516,-0.1109,-0.007,-0.2838,4.46017,20.0,28.0,27.0,19.0,34.0,34.0,27.0,20.0,30.0,33.0,29.0,19.0,26.0,34.0,25.0,20.0,29.0,27.0,19.0,22.0,22.0,21.0,21.0,21.0,21.0,22.0,22.0,22.0,21.0,22.0,21.0,22.0,22.0,22.0,21.0,21.0,21.0,21.0,10.0,retract,0,0,4.8025
1788795900.1551,2026-09-07 17:45:00.155,10,c3,0,0,-0.03942,-0.49607,0.04224,-4.0578,11.7604,-26.7762,-0.1145,-0.0161,-0.2884,4.5206,20.0,26.0,28.0,20.0,33.0,34.0,29.0,21.0,29.0,31.0,27.0,20.0,27.0,34.0,25.0,22.0,29.0,26.0,21.0,22.0,22.0,21.0,21.0,21.0,21.0,22.0,22.0,22.0,21.0,22.0,21.0,22.0,22.0,22.0,21.0,21.0,21.0,21.0,10.0,retract,0,0,4.265
1788795900.2052,2026-09-07 17:45:00.205,10,c3,0,0,-0.03944,-0.49607,0.04257,-3.9434,11.1172,-27.2001,-0.1021,-0.0093,-0.2843,4.56516,21.0,27.0,26.0,21.0,30.0,32.0,28.0,22.0,30.0,30.0,27.0,21.0,27.0,32.0,25.0,22.0,27.0,25.0,21.0,22.0,22.0,21.0,21.0,21.0,21.0,22.0,22.0,22.0,21.0,22.0,21.0,22.0,22.0,22.0,21.0,21.0,21.0,21.0,10.0,retract,0,0,3.8685
1788795900.2554,2026-09-07 17:45:00.255,10,c3,0,0,-0.03943,-0.49607,0.04289,-4.0696,11.4914,-27.1873,-0.1129,-0.0086,-0.2894,4.61426,21.0,27.0,26.0,21.0,30.0,32.0,28.0,22.0,30.0,30.0,27.0,21.0,27.0,32.0,25.0,22.0,27.0,25.0,21.0,22.0,22.0,21.0,21.0,21.0,21.0,22.0,22.0,22.0,21.0,22.0,21.0,22.0,22.0,22.0,21.0,21.0,21.0,21.0,10.0,retract,0,0,3.4317
1788795900.3055,2026-09-07 17:45:00.305,10,c3,0,0,-0.03944,-0.49611,0.04326,-4.4505,11.6562,-27.4031,-0.1153,-0.0146,-0.2862,4.65907,23.0,26.0,25.0,21.0,32.0,30.0,28.0,22.0,28.0,30.0,27.0,22.0,26.0,31.0,25.0,22.0,29.0,27.0,22.0,22.0,22.0,21.0,21.0,21.0,21.0,22.0,22.0,22.0,21.0,22.0,21.0,22.0,22.0,22.0,21.0,21.0,21.0,21.0,10.0,retract,0,0,3.033
1788795900.3556,2026-09-07 17:45:00.355,10,c3,0,0,-0.03945,-0.4961,0.04358,-4.2225,11.6361,-27.4553,-0.1149,-0.0065,-0.2823,4.67821,23.0,26.0,25.0,21.0,32.0,30.0,28.0,22.0,28.0,30.0,27.0,22.0,26.0,31.0,25.0,22.0,29.0,27.0,22.0,22.0,22.0,21.0,21.0,21.0,21.0,22.0,22.0,22.0,21.0,22.0,21.0,22.0,22.0,22.0,21.0,21.0,21.0,21.0,10.0,retract,0,0,2.8628
1788795900.4057,2026-09-07 17:45:00.405,10,c3,0,0,-0.03942,-0.49608,0.04392,-4.3831,11.4636,-27.6966,-0.1101,-0.006,-0.296,4.6913,23.0,27.0,26.0,22.0,31.0,29.0,27.0,21.0,27.0,30.0,27.0,21.0,25.0,30.0,25.0,22.0,27.0,24.0,22.0,22.0,22.0,21.0,21.0,21.0,21.0,22.0,22.0,22.0,21.0,22.0,21.0,22.0,22.0,22.0,21.0,21.0,21.0,21.0,10.0,retract,0,0,2.7463
1788795900.4559,2026-09-07 17:45:00.455,10,c3,0,0,-0.03943,-0.49609,0.04426,-4.4849,11.6109,-27.4185,-0.116,-0.0055,-0.2884,4.70037,22.0,28.0,25.0,22.0,30.0,28.0,26.0,20.0,27.0,29.0,26.0,19.0,26.0,28.0,26.0,20.0,26.0,27.0,20.0,22.0,22.0,21.0,21.0,21.0,21.0,22.0,22.0,22.0,21.0,22.0,21.0,22.0,22.0,22.0,21.0,21.0,21.0,21.0,10.0,retract,0,0,2.6657
1788795900.5059,2026-09-07 17:45:00.505,10,c3,0,0,-0.03943,-0.49607,0.04457,-4.2276,11.2727,-27.5566,-0.1049,0.0025,-0.2848,4.69231,22.0,28.0,25.0,22.0,30.0,28.0,26.0,20.0,27.0,29.0,26.0,19.0,26.0,28.0,26.0,20.0,26.0,27.0,20.0,22.0,22.0,21.0,21.0,21.0,21.0,22.0,22.0,22.0,21.0,22.0,21.0,22.0,22.0,22.0,21.0,21.0,21.0,21.0,10.0,retract,0,0,2.7373
1788795900.556,2026-09-07 17:45:00.556,10,c3,0,0,-0.03942,-0.49608,0.04492,-4.4679,11.7307,-27.464,-0.1148,-0.0062,-0.2868,4.69105,22.0,26.0,25.0,19.0,29.0,27.0,26.0,20.0,25.0,29.0,25.0,20.0,25.0,28.0,25.0,21.0,27.0,26.0,19.0,22.0,22.0,21.0,21.0,21.0,21.0,22.0,22.0,22.0,21.0,22.0,21.0,22.0,22.0,22.0,21.0,21.0,21.0,21.0,10.0,retract,0,0,2.7485
1788795900.6062,2026-09-07 17:45:00.606,10,c3,0,0,-0.03945,-0.4961,0.04528,-4.2569,11.3271,-27.4254,-0.1087,0.0007,-0.2915,4.69382,22.0,26.0,25.0,19.0,29.0,27.0,26.0,20.0,25.0,29.0,25.0,20.0,25.0,28.0,25.0,21.0,27.0,26.0,19.0,22.0,22.0,21.0,21.0,21.0,21.0,22.0,22.0,22.0,21.0,22.0,21.0,22.0,22.0,22.0,21.0,21.0,21.0,21.0,10.0,retract,0,0,2.7239
1788795900.6563,2026-09-07 17:45:00.656,10,c3,0,0,-0.03944,-0.49611,0.04563,-4.3135,11.5366,-27.7324,-0.1148,-0.0018,-0.2832,4.69206,22.0,25.0,23.0,21.0,27.0,25.0,26.0,21.0,26.0,29.0,23.0,21.0,28.0,27.0,25.0,22.0,25.0,25.0,20.0,22.0,22.0,21.0,21.0,21.0,21.0,22.0,22.0,22.0,21.0,22.0,21.0,22.0,22.0,22.0,21.0,21.0,21.0,21.0,10.0,retract,0,0,2.7396
1788795900.7064,2026-09-07 17:45:00.706,10,c3,0,0,-0.03942,-0.49609,0.04592,-4.3037,11.5726,-27.5526,-0.1144,-0.0005,-0.2846,4.70137,22.0,28.0,23.0,20.0,29.0,25.0,24.0,21.0,24.0,28.0,24.0,21.0,25.0,28.0,25.0,22.0,26.0,24.0,23.0,22.0,22.0,21.0,21.0,21.0,21.0,22.0,22.0,22.0,21.0,22.0,21.0,22.0,22.0,22.0,21.0,21.0,21.0,21.0,10.0,retract,0,0,2.6567
1788795900.7565,2026-09-07 17:45:00.756,10,c3,0,0,-0.03944,-0.49609,0.04627,-4.3056,11.7253,-27.8192,-0.1166,-0.001,-0.2852,4.70339,22.0,28.0,23.0,20.0,29.0,25.0,24.0,21.0,24.0,28.0,24.0,21.0,25.0,28.0,25.0,22.0,26.0,24.0,23.0,22.0,22.0,21.0,21.0,21.0,21.0,22.0,22.0,22.0,21.0,22.0,21.0,22.0,22.0,22.0,21.0,21.0,21.0,21.0,10.0,retract,0,0,2.6388
1788795900.8065,2026-09-07 17:45:00.806,10,c3,0,0,-0.03942,-0.49609,0.04661,-4.09,11.3656,-27.6966,-0.108,0.0049,-0.2887,4.69634,22.0,25.0,25.0,21.0,27.0,25.0,25.0,21.0,24.0,29.0,23.0,22.0,23.0,28.0,25.0,21.0,26.0,26.0,22.0,22.0,22.0,21.0,21.0,21.0,21.0,22.0,22.0,22.0,21.0,22.0,21.0,22.0,22.0,22.0,21.0,21.0,21.0,21.0,10.0,retract,0,0,2.7015
1788795900.8566,2026-09-07 17:45:00.856,10,c3,0,0,-0.03945,-0.49609,0.04696,-4.1232,11.5368,-27.5536,-0.1171,-0.0008,-0.2826,4.69583,22.0,25.0,25.0,21.0,27.0,25.0,25.0,21.0,24.0,29.0,23.0,22.0,23.0,28.0,25.0,21.0,26.0,26.0,22.0,22.0,22.0,21.0,21.0,21.0,21.0,22.0,22.0,22.0,21.0,22.0,21.0,22.0,22.0,22.0,21.0,21.0,21.0,21.0,10.0,retract,0,0,2.706
1788795900.9067,2026-09-07 17:45:00.906,10,c3,0,0,-0.03943,-0.49609,0.04728,-4.0896,11.6983,-27.7736,-0.1144,0.0045,-0.2793,4.70465,21.0,23.0,24.0,21.0,26.0,25.0,23.0,19.0,24.0,29.0,23.0,19.0,25.0,26.0,24.0,20.0,25.0,25.0,20.0,22.0,22.0,21.0,21.0,21.0,21.0,22.0,22.0,22.0,21.0,22.0,21.0,22.0,22.0,22.0,21.0,21.0,21.0,21.0,10.0,retract,0,0,2.6276
1788795900.957,2026-09-07 17:45:00.956,10,c3,0,0,-0.03944,-0.49612,0.04763,-4.1428,11.2309,-27.677,-0.1065,0.0034,-0.284,4.69281,21.0,25.0,23.0,19.0,28.0,25.0,24.0,22.0,23.0,28.0,22.0,22.0,25.0,28.0,23.0,22.0,28.0,25.0,22.0,22.0,22.0,21.0,21.0,21.0,21.0,22.0,22.0,22.0,21.0,22.0,21.0,22.0,22.0,22.0,21.0,21.0,21.0,21.0,10.0,retract,0,0,2.7329
1788795901.0071,2026-09-07 17:45:01.007,10,c3,0,0,-0.03944,-0.4961,0.04791,-3.8927,11.4455,-27.5482,-0.1106,0.0084,-0.2801,4.69206,21.0,25.0,23.0,19.0,28.0,25.0,24.0,22.0,23.0,28.0,22.0,22.0,25.0,28.0,23.0,22.0,28.0,25.0,22.0,22.0,22.0,21.0,21.0,21.0,21.0,22.0,22.0,22.0,21.0,22.0,21.0,22.0,22.0,22.0,21.0,21.0,21.0,21.0,10.0,retract,0,0,2.7396
1788795901.0571,2026-09-07 17:45:01.057,10,c3,0,0,-0.03946,-0.4961,0.04825,-4.1721,11.2658,-27.5447,-0.1092,0.0012,-0.2917,4.69432,21.0,23.0,23.0,20.0,26.0,24.0,24.0,20.0,23.0,27.0,22.0,21.0,25.0,26.0,23.0,21.0,26.0,24.0,21.0,22.0,22.0,21.0,21.0,21.0,21.0,22.0,22.0,22.0,21.0,22.0,21.0,22.0,22.0,22.0,21.0,21.0,21.0,21.0,10.0,retract,0,0,2.7194
1788795901.1073,2026-09-07 17:45:01.107,10,c3,0,0,-0.03944,-0.49608,0.04856,-4.0337,11.3045,-27.5394,-0.1069,0.0047,-0.2912,4.68853,21.0,23.0,23.0,20.0,26.0,24.0,24.0,20.0,23.0,27.0,22.0,21.0,25.0,26.0,23.0,21.0,26.0,24.0,21.0,22.0,22.0,21.0,21.0,21.0,21.0,22.0,22.0,22.0,21.0,22.0,21.0,22.0,22.0,22.0,21.0,21.0,21.0,21.0,10.0,retract,0,0,2.7709
1788795901.1574,2026-09-07 17:45:01.157,10,c3,0,0,-0.03945,-0.4961,0.04894,-3.9237,11.4185,-27.7552,-0.1139,0.0057,-0.2849,4.69886,20.0,26.0,23.0,20.0,27.0,24.0,22.0,20.0,25.0,28.0,22.0,19.0,25.0,27.0,25.0,20.0,26.0,24.0,20.0,22.0,22.0,21.0,21.0,21.0,21.0,22.0,22.0,22.0,21.0,22.0,21.0,22.0,22.0,22.0,21.0,21.0,21.0,21.0,10.0,retract,0,0,2.6791
1788795901.2075,2026-09-07 17:45:01.207,10,c3,0,0,-0.03944,-0.4961,0.04926,-4.3214,11.5659,-27.6375,-0.1149,-0.0004,-0.2976,4.69835,20.0,26.0,23.0,20.0,27.0,24.0,22.0,20.0,25.0,28.0,22.0,19.0,25.0,27.0,25.0,20.0,26.0,24.0,20.0,22.0,22.0,21.0,21.0,21.0,21.0,22.0,22.0,22.0,21.0,22.0,21.0,22.0,22.0,22.0,21.0,21.0,21.0,21.0,10.0,retract,0,0,2.6836
1788795901.2576,2026-09-07 17:45:01.257,10,c3,0,0,-0.03944,-0.4961,0.04955,-4.3052,11.4472,-27.6456,-0.1109,-0.0014,-0.2922,4.68576,21.0,26.0,23.0,19.0,27.0,23.0,23.0,21.0,24.0,29.0,23.0,21.0,25.0,25.0,24.0,22.0,26.0,25.0,21.0,22.0,22.0,21.0,21.0,21.0,21.0,22.0,22.0,22.0,21.0,22.0,21.0,22.0,22.0,22.0,21.0,21.0,21.0,21.0,10.0,retract,0,0,2.7956
1788795901.3076,2026-09-07 17:45:01.307,10,c3,0,0,-0.03946,-0.4961,0.0498,-4.0074,11.0472,-27.8924,-0.1002,0.0085,-0.2838,4.69206,24.0,25.0,22.0,22.0,26.0,23.0,23.0,19.0,23.0,27.0,21.0,19.0,24.0,24.0,24.0,19.0,25.0,24.0,20.0,22.0,22.0,21.0,21.0,21.0,21.0,22.0,22.0,22.0,21.0,22.0,21.0,22.0,22.0,22.0,21.0,21.0,21.0,21.0,10.0,retract,0,0,2.7396
1788795901.3578,2026-09-07 17:45:01.357,10,c3,0,0,-0.03946,-0.4961,0.05,-4.038,11.2104,-27.658,-0.1051,0.0047,-0.2909,4.69483,24.0,25.0,22.0,22.0,26.0,23.0,23.0,19.0,23.0,27.0,21.0,19.0,24.0,24.0,24.0,19.0,25.0,24.0,20.0,22.0,22.0,21.0,21.0,21.0,21.0,22.0,22.0,22.0,21.0,22.0,21.0,22.0,22.0,22.0,21.0,21.0,21.0,21.0,10.0,retract,0,0,2.7149
1788795901.4079,2026-09-07 17:45:01.407,10,c3,0,0,-0.03942,-0.4961,0.05017,-3.836,11.3294,-27.7109,-0.1078,0.0122,-0.2807,4.68602,21.0,25.0,20.0,18.0,27.0,21.0,22.0,20.0,25.0,29.0,23.0,20.0,25.0,26.0,22.0,19.0,27.0,24.0,19.0,22.0,22.0,21.0,21.0,21.0,21.0,22.0,22.0,22.0,21.0,22.0,21.0,22.0,22.0,22.0,21.0,21.0,21.0,21.0,10.0,retract,0,0,2.7933
1788795901.458,2026-09-07 17:45:01.458,10,c3,0,0,-0.03943,-0.4961,0.0503,-4.7686,11.4744,-27.4804,-0.113,-0.0129,-0.2951,4.69407,21.0,25.0,20.0,18.0,27.0,21.0,22.0,20.0,25.0,29.0,23.0,20.0,25.0,26.0,22.0,19.0,27.0,24.0,19.0,22.0,22.0,21.0,21.0,21.0,21.0,22.0,22.0,22.0,21.0,22.0,21.0,22.0,22.0,22.0,21.0,21.0,21.0,21.0,10.0,retract,0,0,2.7217
1788795901.5081,2026-09-07 17:45:01.508,10,c3,0,0,-0.03945,-0.49609,0.05041,-4.2234,11.1918,-27.5431,-0.1065,0.0025,-0.2865,4.70137,20.0,25.0,23.0,19.0,25.0,22.0,22.0,21.0,23.0,30.0,22.0,21.0,25.0,27.0,23.0,20.0,27.0,23.0,20.0,22.0,22.0,21.0,21.0,21.0,21.0,22.0,22.0,22.0,21.0,22.0,21.0,22.0,22.0,22.0,21.0,21.0,21.0,21.0,10.0,retract,0,0,2.6567
1788795901.5582,2026-09-07 17:45:01.558,10,c3,0,0,-0.03945,-0.49609,0.05048,-4.2234,11.2699,-27.6268,-0.1058,-0.0007,-0.2924,4.69407,23.0,24.0,24.0,21.0,26.0,24.0,23.0,20.0,22.0,30.0,22.0,20.0,25.0,27.0,24.0,19.0,26.0,25.0,19.0,22.0,22.0,21.0,21.0,21.0,21.0,22.0,22.0,22.0,21.0,22.0,21.0,22.0,22.0,22.0,21.0,21.0,21.0,21.0,10.0,retract,0,0,2.7217
1788795901.6083,2026-09-07 17:45:01.608,10,c3,0,0,-0.03944,-0.4961,0.05053,-4.3808,11.6612,-27.6462,-0.1181,-0.0042,-0.2934,4.69382,23.0,24.0,24.0,21.0,26.0,24.0,23.0,20.0,22.0,30.0,22.0,20.0,25.0,27.0,24.0,19.0,26.0,25.0,19.0,22.0,22.0,21.0,21.0,21.0,21.0,22.0,22.0,22.0,21.0,22.0,21.0,22.0,22.0,22.0,21.0,21.0,21.0,21.0,10.0,retract,0,0,2.7239
1788795901.6584,2026-09-07 17:45:01.658,10,c3,0,0,-0.03943,-0.4961,0.05055,-4.3671,11.5439,-27.4571,-0.1144,-0.0004,-0.2896,4.68879,19.0,24.0,23.0,19.0,25.0,24.0,21.0,21.0,24.0,27.0,23.0,22.0,25.0,24.0,24.0,22.0,25.0,24.0,22.0,22.0,22.0,21.0,21.0,21.0,21.0,22.0,22.0,22.0,21.0,22.0,21.0,22.0,22.0,22.0,21.0,21.0,21.0,21.0,10.0,post,0,0,2.7687
1788795901.7085,2026-09-07 17:45:01.708,10,c3,0,0,-0.03944,-0.49611,0.05058,-4.1832,11.3128,-27.672,-0.106,0.0018,-0.2909,4.69231,19.0,24.0,23.0,19.0,25.0,24.0,21.0,21.0,24.0,27.0,23.0,22.0,25.0,24.0,24.0,22.0,25.0,24.0,22.0,22.0,22.0,21.0,21.0,21.0,21.0,22.0,22.0,22.0,21.0,22.0,21.0,22.0,22.0,22.0,21.0,21.0,21.0,21.0,10.0,post,0,0,2.7373
1788795901.7586,2026-09-07 17:45:01.758,10,c3,0,0,-0.03946,-0.4961,0.05059,-4.4051,11.2788,-27.5503,-0.1076,-0.0023,-0.2992,4.69357,21.0,24.0,22.0,21.0,26.0,22.0,22.0,20.0,23.0,28.0,22.0,19.0,24.0,26.0,23.0,21.0,25.0,23.0,19.0,22.0,22.0,21.0,21.0,21.0,21.0,22.0,22.0,22.0,21.0,22.0,21.0,22.0,22.0,22.0,21.0,21.0,21.0,21.0,10.0,post,0,0,2.7261
1788795901.8087,2026-09-07 17:45:01.808,10,c3,0,0,-0.03944,-0.49611,0.05061,-4.5548,11.4673,-27.4566,-0.1112,-0.0074,-0.2936,4.6976,21.0,25.0,23.0,19.0,25.0,23.0,21.0,19.0,22.0,26.0,23.0,18.0,22.0,26.0,23.0,19.0,26.0,24.0,17.0,22.0,22.0,21.0,21.0,21.0,21.0,22.0,22.0,22.0,21.0,22.0,21.0,22.0,22.0,22.0,21.0,21.0,21.0,21.0,10.0,post,0,0,2.6903
1788795901.8588,2026-09-07 17:45:01.858,10,c3,0,0,-0.03944,-0.49611,0.05062,-4.1047,11.3475,-27.5031,-0.1107,0.0057,-0.2893,4.69231,21.0,25.0,23.0,19.0,25.0,23.0,21.0,19.0,22.0,26.0,23.0,18.0,22.0,26.0,23.0,19.0,26.0,24.0,17.0,22.0,22.0,21.0,21.0,21.0,21.0,22.0,22.0,22.0,21.0,22.0,21.0,22.0,22.0,22.0,21.0,21.0,21.0,21.0,10.0,post,0,0,2.7373
1788795901.909,2026-09-07 17:45:01.908,10,c3,0,0,-0.03946,-0.49612,0.05063,-4.027,10.9379,-27.6268,-0.1002,0.0054,-0.2834,4.70037,21.0,23.0,23.0,20.0,24.0,23.0,23.0,21.0,22.0,25.0,24.0,21.0,22.0,25.0,23.0,22.0,26.0,25.0,20.0,22.0,22.0,21.0,21.0,21.0,21.0,22.0,22.0,22.0,21.0,22.0,21.0,22.0,22.0,22.0,21.0,21.0,21.0,21.0,10.0,post,0,0,2.6657
1788795901.959,2026-09-07 17:45:01.959,10,c3,0,0,-0.03945,-0.49611,0.05062,-4.1444,11.4494,-27.4724,-0.1132,0.0032,-0.2891,4.69332,21.0,23.0,23.0,20.0,24.0,23.0,23.0,21.0,22.0,25.0,24.0,21.0,22.0,25.0,23.0,22.0,26.0,25.0,20.0,22.0,22.0,21.0,21.0,21.0,21.0,22.0,22.0,22.0,21.0,22.0,21.0,22.0,22.0,22.0,21.0,21.0,21.0,21.0,10.0,post,0,0,2.7284
1788795902.0091,2026-09-07 17:45:02.009,10,c3,0,0,-0.03945,-0.4961,0.0506,-4.0134,10.8719,-27.5452,-0.1015,0.0071,-0.2891,4.70188,22.0,24.0,26.0,21.0,23.0,25.0,24.0,21.0,22.0,25.0,25.0,22.0,24.0,25.0,24.0,21.0,25.0,24.0,21.0,22.0,22.0,21.0,21.0,21.0,21.0,22.0,22.0,22.0,21.0,22.0,21.0,22.0,22.0,22.0,21.0,21.0,21.0,21.0,10.0,post,0,0,2.6522
1788795902.0593,2026-09-07 17:45:02.059,10,c3,0,0,-0.03943,-0.49612,0.05062,-4.3135,11.3278,-27.7119,-0.1093,0.0011,-0.2974,4.69634,23.0,24.0,25.0,22.0,24.0,25.0,23.0,19.0,23.0,26.0,23.0,19.0,24.0,26.0,22.0,20.0,27.0,23.0,20.0,22.0,22.0,21.0,21.0,21.0,21.0,22.0,22.0,22.0,21.0,22.0,21.0,22.0,22.0,22.0,21.0,21.0,21.0,21.0,10.0,post,0,0,2.7015
1788795902.1095,2026-09-07 17:45:02.109,10,c3,0,0,-0.03944,-0.49611,0.05061,-4.5262,11.7897,-27.4709,-0.1208,-0.0049,-0.293,4.68753,23.0,24.0,25.0,22.0,24.0,25.0,23.0,19.0,23.0,26.0,23.0,19.0,24.0,26.0,22.0,20.0,27.0,23.0,20.0,22.0,22.0,21.0,21.0,21.0,21.0,22.0,22.0,22.0,21.0,22.0,21.0,22.0,22.0,22.0,21.0,21.0,21.0,21.0,10.0,post,0,0,2.7799
1788795902.1595,2026-09-07 17:45:02.159,10,c3,0,0,-0.03944,-0.49612,0.05062,-4.0404,11.0806,-27.7325,-0.1033,0.004,-0.2868,4.70288,20.0,25.0,26.0,20.0,24.0,24.0,23.0,21.0,23.0,25.0,24.0,19.0,23.0,26.0,24.0,21.0,24.0,23.0,20.0,22.0,22.0,21.0,21.0,21.0,21.0,22.0,22.0,22.0,21.0,22.0,21.0,22.0,22.0,22.0,21.0,21.0,21.0,21.0,10.0,post,0,0,2.6433
1788795902.2097,2026-09-07 17:45:02.209,10,c3,0,0,-0.03944,-0.49611,0.05062,-4.375,11.2247,-27.5282,-0.1034,-0.0041,-0.2924,4.69231,20.0,25.0,26.0,20.0,24.0,24.0,23.0,21.0,23.0,25.0,24.0,19.0,23.0,26.0,24.0,21.0,24.0,23.0,20.0,22.0,22.0,21.0,21.0,21.0,21.0,22.0,22.0,22.0,21.0,22.0,21.0,22.0,22.0,22.0,21.0,21.0,21.0,21.0,10.0,post,0,0,2.7373
1788795902.2598,2026-09-07 17:45:02.259,10,c3,0,0,-0.03945,-0.49611,0.05061,-4.2665,11.0516,-27.7175,-0.1065,0.0015,-0.2944,4.70037,22.0,24.0,25.0,21.0,24.0,24.0,24.0,21.0,24.0,26.0,25.0,22.0,24.0,26.0,24.0,21.0,27.0,24.0,21.0,22.0,22.0,21.0,21.0,21.0,21.0,22.0,22.0,22.0,21.0,22.0,21.0,22.0,22.0,22.0,21.0,21.0,21.0,21.0,10.0,post,0,0,2.6657
1788795902.3099,2026-09-07 17:45:02.309,10,c3,0,0,-0.03945,-0.49611,0.05062,-4.3061,11.5716,-27.4152,-0.1167,-0.0033,-0.2946,4.69432,22.0,24.0,25.0,21.0,24.0,24.0,24.0,21.0,24.0,26.0,25.0,22.0,24.0,26.0,24.0,21.0,27.0,24.0,21.0,22.0,22.0,21.0,21.0,21.0,21.0,22.0,22.0,22.0,21.0,22.0,21.0,22.0,22.0,22.0,21.0,21.0,21.0,21.0,10.0,post,0,0,2.7194
1788795902.36,2026-09-07 17:45:02.360,10,c3,0,0,-0.03945,-0.49611,0.05062,-4.4262,11.3088,-27.648,-0.1082,-0.0033,-0.2942,4.68803,21.0,25.0,26.0,20.0,25.0,24.0,26.0,21.0,22.0,27.0,24.0,22.0,23.0,27.0,24.0,22.0,28.0,25.0,21.0,22.0,22.0,21.0,21.0,21.0,21.0,22.0,22.0,22.0,21.0,22.0,21.0,22.0,22.0,22.0,21.0,21.0,21.0,21.0,10.0,post,0,0,2.7754
1788795902.4101,2026-09-07 17:45:02.410,10,c3,0,0,-0.03943,-0.49611,0.05062,-4.409,11.6893,-27.6725,-0.1194,-0.002,-0.2879,4.69659,22.0,25.0,26.0,21.0,23.0,27.0,24.0,22.0,25.0,26.0,25.0,22.0,24.0,26.0,25.0,22.0,27.0,25.0,22.0,22.0,22.0,21.0,21.0,21.0,21.0,22.0,22.0,22.0,21.0,22.0,21.0,22.0,22.0,22.0,21.0,21.0,21.0,21.0,10.0,post,0,0,2.6993
1788795902.4602,2026-09-07 17:45:02.460,10,c3,0,0,-0.03945,-0.49611,0.05061,-3.9868,10.7614,-27.8529,-0.094,0.005,-0.2926,4.69911,22.0,25.0,26.0,21.0,23.0,27.0,24.0,22.0,25.0,26.0,25.0,22.0,24.0,26.0,25.0,22.0,27.0,25.0,22.0,22.0,22.0,21.0,21.0,21.0,21.0,22.0,22.0,22.0,21.0,22.0,21.0,22.0,22.0,22.0,21.0,21.0,21.0,21.0,10.0,post,0,0,2.6769
1788795902.5103,2026-09-07 17:45:02.510,10,c3,0,0,-0.03945,-0.4961,0.05061,-4.1896,11.1178,-27.5065,-0.1065,0.0007,-0.2939,4.69055,22.0,24.0,26.0,21.0,25.0,25.0,25.0,22.0,24.0,27.0,23.0,22.0,24.0,26.0,23.0,23.0,27.0,24.0,21.0,22.0,22.0,21.0,21.0,21.0,21.0,22.0,22.0,22.0,21.0,22.0,21.0,22.0,22.0,22.0,21.0,21.0,21.0,21.0,10.0,post,0,0,2.753
1788795902.5605,2026-09-07 17:45:02.560,10,c3,0,0,-0.03945,-0.49611,0.05061,-4.0859,11.1964,-27.7301,-0.102,0.0039,-0.2858,4.70364,22.0,24.0,26.0,21.0,25.0,25.0,25.0,22.0,24.0,27.0,23.0,22.0,24.0,26.0,23.0,23.0,27.0,24.0,21.0,22.0,22.0,21.0,21.0,21.0,21.0,22.0,22.0,22.0,21.0,22.0,21.0,22.0,22.0,22.0,21.0,21.0,21.0,21.0,10.0,post,0,0,2.6365
1788795902.6106,2026-09-07 17:45:02.610,10,c3,0,0,-0.03945,-0.49612,0.05062,-4.2981,11.4259,-27.8846,-0.1083,0.0002,-0.2901,4.69382,23.0,25.0,26.0,20.0,24.0,26.0,23.0,23.0,23.0,28.0,24.0,22.0,24.0,26.0,23.0,23.0,27.0,23.0,20.0,22.0,22.0,21.0,21.0,21.0,21.0,22.0,22.0,22.0,21.0,22.0,21.0,22.0,22.0,22.0,21.0,21.0,21.0,21.0,10.0,post,0,0,2.7239
1788795902.6606,2026-09-07 17:45:02.660,10,c3,0,0,-0.03946,-0.4961,0.0506,-4.1073,11.368,-27.576,-0.1104,0.0057,-0.2863,4.6908,22.0,24.0,26.0,22.0,24.0,26.0,24.0,20.0,24.0,25.0,26.0,21.0,25.0,25.0,23.0,21.0,25.0,25.0,20.0,22.0,22.0,21.0,21.0,21.0,21.0,22.0,22.0,22.0,21.0,22.0,21.0,22.0,22.0,22.0,21.0,21.0,21.0,21.0,10.0,post,0,0,2.7508
1788795902.7107,2026-09-07 17:45:02.710,10,c3,0,0,-0.03946,-0.49611,0.05061,-4.6611,11.7029,-27.4842,-0.1167,-0.0088,-0.2938,4.70011,22.0,24.0,26.0,22.0,24.0,26.0,24.0,20.0,24.0,25.0,26.0,21.0,25.0,25.0,23.0,21.0,25.0,25.0,20.0,22.0,22.0,21.0,21.0,21.0,21.0,22.0,22.0,22.0,21.0,22.0,21.0,22.0,22.0,22.0,21.0,21.0,21.0,21.0,10.0,post,0,0,2.6679
1788795902.7608,2026-09-07 17:45:02.760,10,c3,0,0,-0.03946,-0.49611,0.05062,-4.2577,11.3627,-27.5333,-0.1081,0.0018,-0.2901,4.6908,20.0,26.0,25.0,19.0,26.0,24.0,24.0,22.0,23.0,26.0,24.0,22.0,23.0,25.0,24.0,23.0,25.0,25.0,22.0,22.0,22.0,21.0,21.0,21.0,21.0,22.0,22.0,22.0,21.0,22.0,21.0,22.0,22.0,22.0,21.0,21.0,21.0,21.0,10.0,post,0,0,2.7508
1788795902.8109,2026-09-07 17:45:02.810,10,c3,0,0,-0.03944,-0.4961,0.0506,-4.2754,11.4145,-27.5708,-0.1099,-0.0019,-0.2956,4.6903,20.0,26.0,25.0,19.0,26.0,24.0,24.0,22.0,23.0,26.0,24.0,22.0,23.0,25.0,24.0,23.0,25.0,25.0,22.0,22.0,22.0,21.0,21.0,21.0,21.0,22.0,22.0,22.0,21.0,22.0,21.0,22.0,22.0,22.0,21.0,21.0,21.0,21.0,10.0,post,0,0,2.7553
1788795902.8611,2026-09-07 17:45:02.861,10,c3,0,0,-0.03945,-0.49611,0.05061,-4.3548,11.2777,-27.5683,-0.1056,-0.0005,-0.2943,4.69986,23.0,25.0,26.0,22.0,23.0,25.0,25.0,22.0,23.0,26.0,24.0,24.0,24.0,25.0,23.0,24.0,25.0,23.0,21.0,22.0,22.0,21.0,21.0,21.0,21.0,22.0,22.0,22.0,21.0,22.0,21.0,22.0,22.0,22.0,21.0,21.0,21.0,21.0,10.0,post,0,0,2.6701
1788795902.9112,2026-09-07 17:45:02.911,10,c3,0,0,-0.03944,-0.49612,0.05062,-4.0141,11.3358,-27.569,-0.1085,0.0078,-0.2896,4.69785,23.0,25.0,25.0,22.0,25.0,25.0,22.0,20.0,24.0,26.0,25.0,19.0,25.0,26.0,24.0,21.0,24.0,25.0,20.0,22.0,22.0,21.0,21.0,21.0,21.0,22.0,22.0,22.0,21.0,22.0,21.0,22.0,22.0,22.0,21.0,21.0,21.0,21.0,10.0,post,0,0,2.6881
1788795902.9613,2026-09-07 17:45:02.961,10,c3,0,0,-0.03945,-0.49612,0.05061,-3.7927,11.2767,-27.7263,-0.1079,0.0152,-0.2895,4.6908,23.0,25.0,25.0,22.0,25.0,25.0,22.0,20.0,24.0,26.0,25.0,19.0,25.0,26.0,24.0,21.0,24.0,25.0,20.0,22.0,22.0,21.0,21.0,21.0,21.0,22.0,22.0,22.0,21.0,22.0,21.0,22.0,22.0,22.0,21.0,21.0,21.0,21.0,10.0,post,0,0,2.7508
1788795903.0114,2026-09-07 17:45:03.011,10,c3,0,0,-0.03944,-0.49611,0.05061,-4.2362,11.3329,-27.7843,-0.1117,0.0005,-0.2938,4.70037,19.0,26.0,25.0,18.0,24.0,24.0,25.0,20.0,24.0,26.0,25.0,21.0,25.0,27.0,23.0,20.0,27.0,24.0,20.0,22.0,22.0,21.0,21.0,21.0,21.0,22.0,22.0,22.0,21.0,22.0,21.0,22.0,22.0,22.0,21.0,21.0,21.0,21.0,10.0,post,0,0,2.6657
1788795903.0615,2026-09-07 17:45:03.061,10,c3,0,0,-0.03945,-0.49611,0.05063,-4.0579,11.4522,-27.6059,-0.1111,0.0068,-0.2872,4.6908,19.0,26.0,25.0,18.0,24.0,24.0,25.0,20.0,24.0,26.0,25.0,21.0,25.0,27.0,23.0,20.0,27.0,24.0,20.0,22.0,22.0,21.0,21.0,21.0,21.0,22.0,22.0,22.0,21.0,22.0,21.0,22.0,22.0,22.0,21.0,21.0,21.0,21.0,10.0,post,0,0,2.7508
1788795903.1116,2026-09-07 17:45:03.111,10,c3,0,0,-0.03946,-0.49611,0.05062,-4.1765,11.3227,-27.5371,-0.1082,0.0048,-0.2907,4.70062,22.0,26.0,26.0,21.0,26.0,25.0,24.0,21.0,23.0,25.0,26.0,21.0,25.0,26.0,24.0,22.0,26.0,25.0,21.0,22.0,22.0,21.0,21.0,21.0,21.0,22.0,22.0,22.0,21.0,22.0,21.0,22.0,22.0,22.0,21.0,21.0,21.0,21.0,10.0,post,0,0,2.6634
1788795903.1617,2026-09-07 17:45:03.161,10,c3,0,0,-0.03944,-0.49611,0.0506,-4.5378,11.5242,-27.3697,-0.1095,-0.007,-0.2954,4.6903,22.0,25.0,26.0,21.0,25.0,24.0,25.0,22.0,23.0,25.0,24.0,21.0,24.0,26.0,24.0,23.0,26.0,24.0,21.0,22.0,22.0,21.0,21.0,21.0,21.0,22.0,22.0,22.0,21.0,22.0,21.0,22.0,22.0,22.0,21.0,21.0,21.0,21.0,10.0,post,0,0,2.7553
1788795903.2118,2026-09-07 17:45:03.211,10,c3,0,0,-0.03945,-0.49611,0.05062,-4.4331,11.5366,-27.5557,-0.1114,-0.0059,-0.2935,4.68904,22.0,25.0,26.0,21.0,25.0,24.0,25.0,22.0,23.0,25.0,24.0,21.0,24.0,26.0,24.0,23.0,26.0,24.0,21.0,22.0,22.0,21.0,21.0,21.0,21.0,22.0,22.0,22.0,21.0,22.0,21.0,22.0,22.0,22.0,21.0,21.0,21.0,21.0,10.0,post,0,0,2.7665
1788795903.2619,2026-09-07 17:45:03.261,10,c3,0,0,-0.03944,-0.49612,0.05062,-4.3314,11.4251,-27.739,-0.1098,-0.0051,-0.2932,4.69684,22.0,25.0,25.0,21.0,25.0,24.0,24.0,23.0,25.0,26.0,25.0,24.0,25.0,25.0,24.0,24.0,25.0,23.0,22.0,22.0,22.0,21.0,21.0,21.0,21.0,22.0,22.0,22.0,21.0,22.0,21.0,22.0,22.0,22.0,21.0,21.0,21.0,21.0,10.0,post,0,0,2.697
1788795903.3121,2026-09-07 17:45:03.312,10,c3,0,0,-0.03945,-0.49611,0.05061,-4.2854,11.9571,-27.5918,-0.1247,-0.0016,-0.2973,4.70137,22.0,25.0,25.0,21.0,25.0,24.0,24.0,23.0,25.0,26.0,25.0,24.0,25.0,25.0,24.0,24.0,25.0,23.0,22.0,22.0,22.0,21.0,21.0,21.0,21.0,22.0,22.0,22.0,21.0,22.0,21.0,22.0,22.0,22.0,21.0,21.0,21.0,21.0,10.0,post,0,0,2.6567
1788795903.3622,2026-09-07 17:45:03.362,10,c3,0,0,-0.03945,-0.4961,0.05061,-4.3744,11.4956,-27.7973,-0.1127,-0.0029,-0.3009,4.69583,25.0,26.0,26.0,23.0,26.0,25.0,23.0,22.0,23.0,25.0,23.0,22.0,24.0,25.0,22.0,22.0,25.0,23.0,22.0,22.0,22.0,21.0,21.0,21.0,21.0,22.0,22.0,22.0,21.0,22.0,21.0,22.0,22.0,22.0,21.0,21.0,21.0,21.0,10.0,post,0,0,2.706
1788795903.4123,2026-09-07 17:45:03.412,10,c3,0,0,-0.03945,-0.4961,0.05061,-4.3925,11.2427,-27.455,-0.1075,-0.0025,-0.2962,4.69105,25.0,26.0,26.0,23.0,26.0,25.0,23.0,22.0,23.0,25.0,23.0,22.0,24.0,25.0,22.0,22.0,25.0,23.0,22.0,22.0,22.0,21.0,21.0,21.0,21.0,22.0,22.0,22.0,21.0,22.0,21.0,22.0,22.0,22.0,21.0,21.0,21.0,21.0,10.0,post,0,0,2.7485
1788795903.4625,2026-09-07 17:45:03.462,10,c3,0,0,-0.03947,-0.49611,0.0506,-4.3532,11.6246,-27.5274,-0.1168,0.0003,-0.2923,4.69231,23.0,26.0,25.0,21.0,25.0,25.0,24.0,21.0,22.0,25.0,24.0,21.0,23.0,26.0,23.0,22.0,27.0,24.0,21.0,22.0,22.0,21.0,21.0,21.0,21.0,22.0,22.0,22.0,21.0,22.0,21.0,22.0,22.0,22.0,21.0,21.0,21.0,21.0,10.0,post,0,0,2.7373
1788795903.5126,2026-09-07 17:45:03.512,10,c3,0,0,-0.03944,-0.49611,0.05061,-4.535,11.584,-27.5207,-0.1132,-0.0064,-0.2996,4.69936,21.0,25.0,25.0,20.0,23.0,25.0,25.0,22.0,24.0,26.0,26.0,22.0,23.0,25.0,23.0,21.0,26.0,24.0,20.0,22.0,22.0,21.0,21.0,21.0,21.0,22.0,22.0,22.0,21.0,22.0,21.0,22.0,22.0,22.0,21.0,21.0,21.0,21.0,10.0,post,0,0,2.6746
1788795903.5626,2026-09-07 17:45:03.562,10,c3,0,0,-0.03944,-0.49611,0.05062,-4.4717,11.5838,-27.5606,-0.1124,-0.0019,-0.2977,4.70011,21.0,25.0,25.0,20.0,23.0,25.0,25.0,22.0,24.0,26.0,26.0,22.0,23.0,25.0,23.0,21.0,26.0,24.0,20.0,22.0,22.0,21.0,21.0,21.0,21.0,22.0,22.0,22.0,21.0,22.0,21.0,22.0,22.0,22.0,21.0,21.0,21.0,21.0,10.0,post,0,0,2.6679
1788795903.6127,2026-09-07 17:45:03.612,10,c3,0,0,-0.03945,-0.49611,0.05061,-4.6102,11.6133,-27.2853,-0.1156,-0.0091,-0.3037,4.69609,21.0,25.0,25.0,21.0,25.0,25.0,24.0,21.0,24.0,25.0,26.0,21.0,25.0,25.0,24.0,20.0,25.0,25.0,20.0,22.0,22.0,21.0,21.0,21.0,21.0,22.0,22.0,22.0,21.0,22.0,21.0,22.0,22.0,22.0,21.0,21.0,21.0,21.0,10.0,post,0,0,2.7037
1788795903.6627,2026-09-07 17:45:03.662,18,e4,0,0,-0.03946,-0.49611,0.0506,-4.4457,11.5597,-27.4856,-0.1168,-0.0025,-0.2966,4.68979,21.0,25.0,25.0,21.0,25.0,25.0,24.0,21.0,24.0,25.0,26.0,21.0,25.0,25.0,24.0,20.0,25.0,25.0,20.0,22.0,22.0,21.0,21.0,21.0,21.0,22.0,22.0,22.0,21.0,22.0,21.0,22.0,22.0,22.0,21.0,21.0,21.0,21.0,10.0,locate,0,0,2.7597
1788795903.7128,2026-09-07 17:45:03.712,18,e4,0,0,-0.03975,-0.49639,0.05065,-4.5786,11.5486,-27.2637,-0.1113,-0.0045,-0.4167,4.69382,21.0,23.0,25.0,19.0,25.0,25.0,24.0,22.0,25.0,26.0,25.0,22.0,24.0,27.0,24.0,21.0,27.0,25.0,21.0,22.0,22.0,21.0,21.0,21.0,21.0,22.0,22.0,22.0,21.0,22.0,21.0,22.0,22.0,22.0,21.0,21.0,21.0,21.0,10.0,locate,0,0,2.7239
1788795903.763,2026-09-07 17:45:03.762,18,e4,0,0,-0.04061,-0.49712,0.0507,-4.7211,11.4355,-27.4326,-0.1047,-0.0128,-0.7191,4.70087,22.0,27.0,26.0,21.0,26.0,24.0,24.0,22.0,24.0,24.0,26.0,22.0,25.0,25.0,25.0,22.0,24.0,25.0,20.0,22.0,22.0,21.0,21.0,21.0,21.0,22.0,22.0,22.0,21.0,22.0,21.0,22.0,22.0,22.0,21.0,21.0,21.0,21.0,10.0,locate,0,0,2.6612
1788795903.8131,2026-09-07 17:45:03.813,18,e4,0,0,-0.04203,-0.49826,0.05068,-5.3038,12.0758,-27.7446,-0.1243,-0.0414,-0.8016,4.70011,22.0,27.0,26.0,21.0,26.0,24.0,24.0,22.0,24.0,24.0,26.0,22.0,25.0,25.0,25.0,22.0,24.0,25.0,20.0,22.0,22.0,21.0,21.0,21.0,21.0,22.0,22.0,22.0,21.0,22.0,21.0,22.0,22.0,22.0,21.0,21.0,21.0,21.0,10.0,locate,0,0,2.6679
1788795903.8632,2026-09-07 17:45:03.863,18,e4,0,0,-0.04387,-0.49966,0.05061,-5.2769,11.5114,-27.8506,-0.1113,-0.0329,-0.7586,4.69508,21.0,25.0,25.0,20.0,25.0,23.0,26.0,19.0,24.0,25.0,25.0,20.0,25.0,26.0,25.0,20.0,26.0,24.0,21.0,22.0,22.0,21.0,21.0,21.0,21.0,22.0,22.0,22.0,21.0,22.0,21.0,22.0,22.0,22.0,21.0,21.0,21.0,21.0,10.0,locate,0,0,2.7127
1788795903.9134,2026-09-07 17:45:03.913,18,e4,0,0,-0.04596,-0.50128,0.05061,-4.89,11.7353,-27.8774,-0.115,-0.0266,-0.7334,4.69281,21.0,25.0,25.0,20.0,25.0,23.0,26.0,19.0,24.0,25.0,25.0,20.0,25.0,26.0,25.0,20.0,26.0,24.0,21.0,22.0,22.0,21.0,21.0,21.0,21.0,22.0,22.0,22.0,21.0,22.0,21.0,22.0,22.0,22.0,21.0,21.0,21.0,21.0,10.0,locate,0,0,2.7329
1788795903.9635,2026-09-07 17:45:03.963,18,e4,0,0,-0.0479,-0.5028,0.05061,-5.1834,11.8271,-27.7912,-0.1204,-0.0301,-0.7138,4.70213,22.0,25.0,27.0,20.0,25.0,24.0,24.0,19.0,23.0,26.0,24.0,20.0,23.0,26.0,22.0,20.0,27.0,24.0,20.0,22.0,22.0,21.0,21.0,21.0,21.0,22.0,22.0,22.0,21.0,22.0,21.0,22.0,22.0,22.0,21.0,21.0,21.0,21.0,10.0,locate,0,0,2.65
1788795904.0135,2026-09-07 17:45:04.013,18,e4,0,0,-0.04941,-0.50398,0.05061,-5.078,11.9384,-27.8532,-0.1226,-0.0286,-0.7125,4.69835,20.0,24.0,27.0,19.0,24.0,25.0,23.0,20.0,21.0,23.0,25.0,20.0,23.0,24.0,24.0,21.0,25.0,25.0,21.0,22.0,22.0,21.0,21.0,21.0,21.0,22.0,22.0,22.0,21.0,22.0,21.0,22.0,22.0,22.0,21.0,21.0,21.0,21.0,10.0,locate,0,0,2.6836
1788795904.0636,2026-09-07 17:45:04.063,18,e4,0,0,-0.05026,-0.50468,0.05058,-5.0312,11.9447,-27.9741,-0.1215,-0.0306,-0.7062,4.69911,20.0,24.0,27.0,19.0,24.0,25.0,23.0,20.0,21.0,23.0,25.0,20.0,23.0,24.0,24.0,21.0,25.0,25.0,21.0,22.0,22.0,21.0,21.0,21.0,21.0,22.0,22.0,22.0,21.0,22.0,21.0,22.0,22.0,22.0,21.0,21.0,21.0,21.0,10.0,locate,0,0,2.6769
1788795904.1137,2026-09-07 17:45:04.113,18,e4,0,0,-0.05051,-0.50493,0.05065,-5.2442,11.855,-27.6672,-0.1191,-0.0332,-0.6999,4.69458,21.0,23.0,24.0,19.0,23.0,23.0,24.0,20.0,21.0,24.0,25.0,20.0,23.0,26.0,25.0,22.0,27.0,26.0,21.0,22.0,22.0,21.0,21.0,21.0,21.0,22.0,22.0,22.0,21.0,22.0,21.0,22.0,22.0,22.0,21.0,21.0,21.0,21.0,10.0,locate,0,0,2.7172
1788795904.1638,2026-09-07 17:45:04.163,18,e4,0,0,-0.05049,-0.50492,0.05067,-5.1805,11.8943,-27.7431,-0.1213,-0.0321,-0.6949,4.68979,21.0,23.0,24.0,19.0,23.0,23.0,24.0,20.0,21.0,24.0,25.0,20.0,23.0,26.0,25.0,22.0,27.0,26.0,21.0,22.0,22.0,21.0,21.0,21.0,21.0,22.0,22.0,22.0,21.0,22.0,21.0,22.0,22.0,22.0,21.0,21.0,21.0,21.0,10.0,locate,0,0,2.7597
1788795904.2139,2026-09-07 17:45:04.213,18,e4,0,0,-0.05049,-0.50492,0.05066,-4.8899,11.8757,-28.1621,-0.1222,-0.0239,-0.6952,4.6913,21.0,24.0,26.0,21.0,23.0,23.0,24.0,22.0,24.0,25.0,26.0,22.0,25.0,25.0,25.0,22.0,26.0,26.0,20.0,22.0,22.0,21.0,21.0,21.0,21.0,22.0,22.0,22.0,21.0,22.0,21.0,22.0,22.0,22.0,21.0,21.0,21.0,21.0,10.0,locate,0,0,2.7463
1788795904.264,2026-09-07 17:45:04.264,18,e4,0,0,-0.05049,-0.50491,0.05064,-5.2451,12.3249,-27.7858,-0.1342,-0.0348,-0.6956,4.6903,22.0,25.0,25.0,22.0,23.0,24.0,25.0,19.0,21.0,25.0,25.0,21.0,22.0,26.0,25.0,21.0,26.0,26.0,20.0,22.0,22.0,21.0,21.0,21.0,21.0,22.0,22.0,22.0,21.0,22.0,21.0,22.0,22.0,22.0,21.0,21.0,21.0,21.0,10.0,locate,0,0,2.7553
1788795904.3142,2026-09-07 17:45:04.314,18,e4,0,0,-0.05051,-0.50492,0.05065,-5.1693,11.7675,-27.7393,-0.119,-0.0308,-0.6946,4.69785,22.0,25.0,25.0,22.0,23.0,24.0,25.0,19.0,21.0,25.0,25.0,21.0,22.0,26.0,25.0,21.0,26.0,26.0,20.0,22.0,22.0,21.0,21.0,21.0,21.0,22.0,22.0,22.0,21.0,22.0,21.0,22.0,22.0,22.0,21.0,21.0,21.0,21.0,10.0,locate,0,0,2.6881
1788795904.3642,2026-09-07 17:45:04.364,18,e4,0,0,-0.0505,-0.50491,0.05063,-4.8501,11.5868,-27.8195,-0.1132,-0.0236,-0.6817,4.70162,23.0,23.0,24.0,21.0,22.0,23.0,24.0,21.0,22.0,25.0,25.0,20.0,24.0,25.0,25.0,21.0,27.0,28.0,21.0,22.0,22.0,21.0,21.0,21.0,21.0,22.0,22.0,22.0,21.0,22.0,21.0,22.0,22.0,22.0,21.0,21.0,21.0,21.0,10.0,locate,0,0,2.6545
1788795904.4143,2026-09-07 17:45:04.414,18,e4,0,0,-0.05053,-0.50492,0.05063,-5.2072,11.8275,-27.8366,-0.1202,-0.0323,-0.6855,4.68803,23.0,23.0,24.0,21.0,22.0,23.0,24.0,21.0,22.0,25.0,25.0,20.0,24.0,25.0,25.0,21.0,27.0,28.0,21.0,22.0,22.0,21.0,21.0,21.0,21.0,22.0,22.0,22.0,21.0,22.0,21.0,22.0,22.0,22.0,21.0,21.0,21.0,21.0,10.0,locate,0,0,2.7754
1788795904.4644,2026-09-07 17:45:04.464,18,e4,0,0,-0.05053,-0.50489,0.05061,-4.6764,12.1912,-27.9065,-0.1281,-0.0231,-0.6777,4.70062,19.0,22.0,24.0,19.0,22.0,23.0,25.0,20.0,23.0,25.0,26.0,22.0,25.0,25.0,25.0,21.0,27.0,28.0,20.0,22.0,22.0,21.0,21.0,21.0,21.0,22.0,22.0,22.0,21.0,22.0,21.0,22.0,22.0,22.0,21.0,21.0,21.0,21.0,10.0,locate,0,0,2.6634
1788795904.5145,2026-09-07 17:45:04.514,18,e4,0,0,-0.05054,-0.50491,0.05061,-5.2487,12.4056,-27.7545,-0.1339,-0.0321,-0.6811,4.68954,19.0,22.0,24.0,19.0,22.0,23.0,25.0,20.0,23.0,25.0,26.0,22.0,25.0,25.0,25.0,21.0,27.0,28.0,20.0,22.0,22.0,21.0,21.0,21.0,21.0,22.0,22.0,22.0,21.0,22.0,21.0,22.0,22.0,22.0,21.0,21.0,21.0,21.0,10.0,locate,0,0,2.762
1788795904.5646,2026-09-07 17:45:04.564,18,e4,0,0,-0.05054,-0.50491,0.05061,-4.8764,11.8655,-27.7287,-0.1184,-0.0255,-0.6817,4.69508,21.0,24.0,25.0,20.0,23.0,24.0,25.0,21.0,23.0,23.0,23.0,21.0,24.0,26.0,24.0,22.0,26.0,26.0,23.0,22.0,22.0,21.0,21.0,21.0,21.0,22.0,22.0,22.0,21.0,22.0,21.0,22.0,22.0,22.0,21.0,21.0,21.0,21.0,10.0,locate,0,0,2.7127
1788795904.6147,2026-09-07 17:45:04.614,18,e4,0,0,-0.05055,-0.50491,0.0506,-4.8576,11.7848,-28.0244,-0.1178,-0.0252,-0.672,4.69004,22.0,23.0,23.0,21.0,23.0,22.0,23.0,21.0,22.0,25.0,27.0,20.0,24.0,25.0,25.0,22.0,26.0,28.0,21.0,22.0,22.0,21.0,21.0,21.0,21.0,22.0,22.0,22.0,21.0,22.0,21.0,22.0,22.0,22.0,21.0,21.0,21.0,21.0,10.0,locate,0,0,2.7575
1788795904.6648,2026-09-07 17:45:04.664,18,e4,0,0,-0.05052,-0.50491,0.05061,-4.839,12.0521,-27.7593,-0.1243,-0.0252,-0.671,4.69709,22.0,23.0,23.0,21.0,23.0,22.0,23.0,21.0,22.0,25.0,27.0,20.0,24.0,25.0,25.0,22.0,26.0,28.0,21.0,22.0,22.0,21.0,21.0,21.0,21.0,22.0,22.0,22.0,21.0,22.0,21.0,22.0,22.0,22.0,21.0,21.0,21.0,21.0,10.0,locate,0,0,2.6948
1788795904.7149,2026-09-07 17:45:04.714,18,e4,0,0,-0.05053,-0.50491,0.05061,-4.585,11.7617,-27.8548,-0.1162,-0.0155,-0.6654,4.69986,21.0,24.0,25.0,20.0,24.0,23.0,26.0,23.0,22.0,24.0,27.0,23.0,22.0,26.0,25.0,23.0,25.0,27.0,23.0,22.0,22.0,21.0,21.0,21.0,21.0,22.0,22.0,22.0,21.0,22.0,21.0,22.0,22.0,22.0,21.0,21.0,21.0,21.0,10.0,locate,0,0,2.6701
1788795904.765,2026-09-07 17:45:04.765,18,e4,0,0,-0.05054,-0.50491,0.0506,-4.5114,11.8277,-27.7599,-0.1194,-0.016,-0.6649,4.69155,21.0,24.0,25.0,20.0,24.0,23.0,26.0,23.0,22.0,24.0,27.0,23.0,22.0,26.0,25.0,23.0,25.0,27.0,23.0,22.0,22.0,21.0,21.0,21.0,21.0,22.0,22.0,22.0,21.0,22.0,21.0,22.0,22.0,22.0,21.0,21.0,21.0,21.0,10.0,locate,0,0,2.7441
1788795904.8152,2026-09-07 17:45:04.815,18,e4,0,0,-0.05054,-0.50492,0.05061,-4.7941,11.5192,-27.9295,-0.1116,-0.021,-0.6585,4.69986,23.0,23.0,24.0,23.0,21.0,23.0,26.0,22.0,23.0,24.0,26.0,23.0,23.0,26.0,25.0,22.0,27.0,27.0,20.0,22.0,22.0,21.0,21.0,21.0,21.0,22.0,22.0,22.0,21.0,22.0,21.0,22.0,22.0,22.0,21.0,21.0,21.0,21.0,10.0,locate,0,0,2.6701
1788795904.8653,2026-09-07 17:45:04.865,18,e4,0,0,-0.05053,-0.50491,0.05061,-4.774,12.0258,-27.7131,-0.1225,-0.0211,-0.6667,4.69634,22.0,24.0,25.0,22.0,23.0,23.0,25.0,21.0,22.0,25.0,25.0,21.0,24.0,26.0,25.0,21.0,26.0,27.0,21.0,22.0,22.0,21.0,21.0,21.0,21.0,22.0,22.0,22.0,21.0,22.0,21.0,22.0,22.0,22.0,21.0,21.0,21.0,21.0,10.0,locate,0,0,2.7015
1788795904.9155,2026-09-07 17:45:04.915,18,e4,0,0,-0.05054,-0.50491,0.05061,-5.0024,12.0094,-28.0,-0.1237,-0.0278,-0.6603,4.69231,22.0,24.0,25.0,22.0,23.0,23.0,25.0,21.0,22.0,25.0,25.0,21.0,24.0,26.0,25.0,21.0,26.0,27.0,21.0,22.0,22.0,21.0,21.0,21.0,21.0,22.0,22.0,22.0,21.0,22.0,21.0,22.0,22.0,22.0,21.0,21.0,21.0,21.0,10.0,locate,0,0,2.7373
1788795904.9656,2026-09-07 17:45:04.965,18,e4,0,0,-0.05054,-0.50491,0.0506,-5.0146,12.0149,-27.687,-0.1233,-0.0268,-0.6648,4.69961,22.0,24.0,25.0,21.0,23.0,23.0,24.0,21.0,23.0,25.0,24.0,21.0,25.0,25.0,25.0,22.0,26.0,27.0,21.0,22.0,22.0,21.0,21.0,21.0,21.0,22.0,22.0,22.0,21.0,22.0,21.0,22.0,22.0,22.0,21.0,21.0,21.0,21.0,10.0,locate,0,0,2.6724
1788795905.0157,2026-09-07 17:45:05.015,18,e4,0,0,-0.05054,-0.50491,0.0506,-4.9505,12.0402,-27.8689,-0.1258,-0.0267,-0.6649,4.70238,22.0,24.0,25.0,21.0,23.0,23.0,24.0,21.0,23.0,25.0,24.0,21.0,25.0,25.0,25.0,22.0,26.0,27.0,21.0,22.0,22.0,21.0,21.0,21.0,21.0,22.0,22.0,22.0,21.0,22.0,21.0,22.0,22.0,22.0,21.0,21.0,21.0,21.0,10.0,locate,0,0,2.6477
1788795905.0659,2026-09-07 17:45:05.065,18,e4,0,0,-0.05055,-0.50491,0.05061,-4.6353,11.6435,-27.9787,-0.1155,-0.0191,-0.6522,4.69306,20.0,25.0,25.0,21.0,24.0,24.0,24.0,20.0,23.0,23.0,25.0,21.0,24.0,24.0,25.0,21.0,26.0,25.0,22.0,22.0,22.0,21.0,21.0,21.0,21.0,22.0,22.0,22.0,21.0,22.0,21.0,22.0,22.0,22.0,21.0,21.0,21.0,21.0,10.0,locate,0,0,2.7306
1788795905.116,2026-09-07 17:45:05.115,18,e4,0,0,-0.05053,-0.50491,0.05061,-4.9593,11.9677,-27.8664,-0.1212,-0.0252,-0.6588,4.69055,21.0,23.0,24.0,20.0,23.0,22.0,26.0,19.0,23.0,24.0,25.0,20.0,23.0,26.0,26.0,19.0,26.0,28.0,18.0,22.0,22.0,21.0,21.0,21.0,21.0,22.0,22.0,22.0,21.0,22.0,21.0,22.0,22.0,22.0,21.0,21.0,21.0,21.0,10.0,locate,0,0,2.753
1788795905.1661,2026-09-07 17:45:05.166,18,e4,0,0,-0.05054,-0.50491,0.05061,-4.389,11.3587,-27.7879,-0.1109,-0.0103,-0.6497,4.69609,21.0,23.0,24.0,20.0,23.0,22.0,26.0,19.0,23.0,24.0,25.0,20.0,23.0,26.0,26.0,19.0,26.0,28.0,18.0,22.0,22.0,21.0,21.0,21.0,21.0,22.0,22.0,22.0,21.0,22.0,21.0,22.0,22.0,22.0,21.0,21.0,21.0,21.0,10.0,locate,0,0,2.7037
1788795905.2162,2026-09-07 17:45:05.216,18,e4,0,0,-0.05053,-0.5049,0.0506,-4.7454,11.6619,-27.9751,-0.1107,-0.0178,-0.6526,4.69306,20.0,25.0,24.0,19.0,23.0,24.0,24.0,22.0,24.0,24.0,25.0,22.0,25.0,25.0,23.0,23.0,25.0,26.0,22.0,22.0,22.0,21.0,21.0,21.0,21.0,22.0,22.0,22.0,21.0,22.0,21.0,22.0,22.0,22.0,21.0,21.0,21.0,21.0,10.0,locate,0,0,2.7306
1788795905.2663,2026-09-07 17:45:05.266,18,e4,0,0,-0.05053,-0.5049,0.05059,-4.7086,11.9449,-27.9045,-0.1218,-0.0142,-0.6569,4.6913,20.0,25.0,24.0,19.0,23.0,24.0,24.0,22.0,24.0,24.0,25.0,22.0,25.0,25.0,23.0,23.0,25.0,26.0,22.0,22.0,22.0,21.0,21.0,21.0,21.0,22.0,22.0,22.0,21.0,22.0,21.0,22.0,22.0,22.0,21.0,21.0,21.0,21.0,10.0,locate,0,0,2.7463
1788795905.3165,2026-09-07 17:45:05.316,18,e4,0,0,-0.05054,-0.50491,0.05062,-4.7181,11.6658,-27.9317,-0.1147,-0.0195,-0.6426,4.70087,22.0,25.0,24.0,20.0,24.0,22.0,24.0,21.0,22.0,25.0,26.0,22.0,23.0,25.0,25.0,22.0,28.0,27.0,21.0,22.0,22.0,21.0,21.0,21.0,21.0,22.0,22.0,22.0,21.0,22.0,21.0,22.0,22.0,22.0,21.0,21.0,21.0,21.0,10.0,locate,0,0,2.6612
1788795905.3665,2026-09-07 17:45:05.366,18,e4,0,0,-0.05053,-0.50492,0.05062,-4.8548,11.7236,-27.849,-0.116,-0.0232,-0.6516,4.69508,22.0,25.0,24.0,20.0,24.0,22.0,24.0,21.0,22.0,25.0,26.0,22.0,23.0,25.0,25.0,22.0,28.0,27.0,21.0,22.0,22.0,21.0,21.0,21.0,21.0,22.0,22.0,22.0,21.0,22.0,21.0,22.0,22.0,22.0,21.0,21.0,21.0,21.0,10.0,locate,0,0,2.7127
1788795905.4167,2026-09-07 17:45:05.416,18,e4,0,0,-0.05053,-0.5049,0.0506,-4.7253,11.8354,-27.8008,-0.1191,-0.0207,-0.6507,4.68778,22.0,24.0,24.0,20.0,23.0,23.0,25.0,22.0,23.0,24.0,26.0,22.0,24.0,25.0,25.0,22.0,26.0,26.0,21.0,22.0,22.0,21.0,21.0,21.0,21.0,22.0,22.0,22.0,21.0,22.0,21.0,22.0,22.0,22.0,21.0,21.0,21.0,21.0,10.0,locate,0,0,2.7777
1788795905.4668,2026-09-07 17:45:05.466,18,e4,0,0,-0.05053,-0.50491,0.05061,-4.6779,11.5674,-27.8985,-0.1135,-0.0186,-0.6477,4.69508,22.0,24.0,25.0,21.0,24.0,23.0,24.0,21.0,22.0,23.0,23.0,21.0,23.0,23.0,24.0,21.0,24.0,24.0,21.0,22.0,22.0,21.0,21.0,21.0,21.0,22.0,22.0,22.0,21.0,22.0,21.0,22.0,22.0,22.0,21.0,21.0,21.0,21.0,10.0,locate,0,0,2.7127
1788795905.5169,2026-09-07 17:45:05.516,18,e4,0,0,-0.05052,-0.50491,0.05061,-4.8733,11.9588,-27.7933,-0.1206,-0.0254,-0.6474,4.69735,22.0,24.0,25.0,21.0,24.0,23.0,24.0,21.0,22.0,23.0,23.0,21.0,23.0,23.0,24.0,21.0,24.0,24.0,21.0,22.0,22.0,21.0,21.0,21.0,21.0,22.0,22.0,22.0,21.0,22.0,21.0,22.0,22.0,22.0,21.0,21.0,21.0,21.0,10.0,locate,0,0,2.6925
1788795905.567,2026-09-07 17:45:05.566,18,e4,0,0,-0.05054,-0.5049,0.0506,-4.7551,11.259,-27.781,-0.1057,-0.0197,-0.6512,4.69583,22.0,24.0,23.0,21.0,23.0,21.0,24.0,21.0,22.0,23.0,25.0,21.0,25.0,25.0,25.0,22.0,25.0,26.0,23.0,22.0,22.0,21.0,21.0,21.0,21.0,22.0,22.0,22.0,21.0,22.0,21.0,22.0,22.0,22.0,21.0,21.0,21.0,21.0,10.0,locate,0,0,2.706
1788795905.617,2026-09-07 17:45:05.617,18,e4,0,0,-0.05053,-0.50491,0.0506,-4.6724,11.8202,-27.8873,-0.119,-0.0181,-0.6466,4.70037,22.0,24.0,23.0,21.0,23.0,21.0,24.0,21.0,22.0,23.0,25.0,21.0,25.0,25.0,25.0,22.0,25.0,26.0,23.0,22.0,22.0,21.0,21.0,21.0,21.0,22.0,22.0,22.0,21.0,22.0,21.0,22.0,22.0,22.0,21.0,21.0,21.0,21.0,10.0,locate,0,0,2.6657
1788795905.6671,2026-09-07 17:45:05.667,18,e4,0,0,-0.05053,-0.5049,0.0506,-4.6562,11.5064,-27.9733,-0.113,-0.0177,-0.6497,4.68551,22.0,25.0,23.0,20.0,25.0,21.0,24.0,22.0,24.0,24.0,25.0,23.0,26.0,25.0,25.0,22.0,27.0,27.0,21.0,22.0,22.0,21.0,21.0,21.0,21.0,22.0,22.0,22.0,21.0,22.0,21.0,22.0,22.0,22.0,21.0,21.0,21.0,21.0,10.0,locate,0,0,2.7978
1788795905.7172,2026-09-07 17:45:05.717,18,e4,0,0,-0.05053,-0.50491,0.05061,-4.8381,11.7863,-27.8321,-0.1165,-0.0226,-0.644,4.70414,23.0,24.0,25.0,22.0,26.0,24.0,24.0,21.0,22.0,25.0,25.0,21.0,25.0,26.0,24.0,23.0,27.0,26.0,22.0,22.0,22.0,21.0,21.0,21.0,21.0,22.0,22.0,22.0,21.0,22.0,21.0,22.0,22.0,22.0,21.0,21.0,21.0,21.0,10.0,locate,0,0,2.6321
1788795905.7674,2026-09-07 17:45:05.767,18,e4,0,0,-0.05054,-0.50491,0.0506,-4.6087,11.7451,-27.8746,-0.1205,-0.0151,-0.6491,4.69407,23.0,24.0,25.0,22.0,26.0,24.0,24.0,21.0,22.0,25.0,25.0,21.0,25.0,26.0,24.0,23.0,27.0,26.0,22.0,22.0,22.0,21.0,21.0,21.0,21.0,22.0,22.0,22.0,21.0,22.0,21.0,22.0,22.0,22.0,21.0,21.0,21.0,21.0,10.0,locate,0,0,2.7217
1788795905.8175,2026-09-07 17:45:05.817,18,e4,0,0,-0.05053,-0.5049,0.0506,-4.7435,11.7022,-27.89,-0.1171,-0.0189,-0.646,4.70087,23.0,23.0,25.0,21.0,24.0,24.0,24.0,20.0,23.0,23.0,25.0,19.0,22.0,23.0,25.0,21.0,25.0,27.0,20.0,22.0,22.0,21.0,21.0,21.0,21.0,22.0,22.0,22.0,21.0,22.0,21.0,22.0,22.0,22.0,21.0,21.0,21.0,21.0,10.0,locate,0,0,2.6612
1788795905.8676,2026-09-07 17:45:05.867,18,e4,0,0,-0.05053,-0.50491,0.05061,-4.7701,12.0862,-27.8653,-0.1259,-0.019,-0.6454,4.6903,23.0,23.0,25.0,21.0,24.0,24.0,24.0,20.0,23.0,23.0,25.0,19.0,22.0,23.0,25.0,21.0,25.0,27.0,20.0,22.0,22.0,21.0,21.0,21.0,21.0,22.0,22.0,22.0,21.0,22.0,21.0,22.0,22.0,22.0,21.0,21.0,21.0,21.0,10.0,locate,0,0,2.7553
1788795905.9177,2026-09-07 17:45:05.917,18,e4,0,0,-0.05055,-0.50491,0.05061,-4.8122,11.9963,-27.9015,-0.1257,-0.0222,-0.6421,4.6903,21.0,25.0,24.0,20.0,23.0,21.0,25.0,19.0,23.0,25.0,24.0,20.0,24.0,27.0,25.0,20.0,27.0,25.0,20.0,22.0,22.0,21.0,21.0,21.0,21.0,22.0,22.0,22.0,21.0,22.0,21.0,22.0,22.0,22.0,21.0,21.0,21.0,21.0,10.0,locate,0,0,2.7553
1788795905.9678,2026-09-07 17:45:05.967,18,e4,0,0,-0.05053,-0.5049,0.05062,-4.761,11.9684,-27.6942,-0.1226,-0.021,-0.641,4.69306,21.0,24.0,26.0,19.0,23.0,24.0,24.0,20.0,23.0,25.0,25.0,21.0,24.0,26.0,25.0,21.0,28.0,28.0,21.0,22.0,22.0,21.0,21.0,21.0,21.0,22.0,22.0,22.0,21.0,22.0,21.0,22.0,22.0,22.0,21.0,21.0,21.0,21.0,10.0,locate,0,0,2.7306
1788795906.0179,2026-09-07 17:45:06.017,18,e4,0,0,-0.05053,-0.5049,0.05059,-4.886,11.6008,-27.8865,-0.1113,-0.0253,-0.6394,4.69583,21.0,24.0,26.0,19.0,23.0,24.0,24.0,20.0,23.0,25.0,25.0,21.0,24.0,26.0,25.0,21.0,28.0,28.0,21.0,22.0,22.0,21.0,21.0,21.0,21.0,22.0,22.0,22.0,21.0,22.0,21.0,22.0,22.0,22.0,21.0,21.0,21.0,21.0,10.0,locate,0,0,2.706
1788795906.0681,2026-09-07 17:45:06.068,18,e4,0,0,-0.05054,-0.50491,0.05061,-4.5542,11.2561,-28.0854,-0.1073,-0.0144,-0.6347,4.69181,21.0,25.0,25.0,20.0,24.0,24.0,24.0,20.0,24.0,26.0,24.0,21.0,23.0,26.0,25.0,21.0,29.0,26.0,21.0,22.0,22.0,21.0,21.0,21.0,21.0,22.0,22.0,22.0,21.0,22.0,21.0,22.0,22.0,22.0,21.0,21.0,21.0,21.0,10.0,locate,0,0,2.7418
1788795906.1183,2026-09-07 17:45:06.118,18,e4,1,0,-0.05054,-0.5049,0.05062,-4.8003,11.9077,-28.0617,-0.1208,-0.0233,-0.6402,4.69382,21.0,25.0,25.0,20.0,24.0,24.0,24.0,20.0,24.0,26.0,24.0,21.0,23.0,26.0,25.0,21.0,29.0,26.0,21.0,22.0,22.0,21.0,21.0,21.0,21.0,22.0,22.0,22.0,21.0,22.0,21.0,22.0,22.0,22.0,21.0,21.0,21.0,21.0,10.0,press,0,0,2.7239
1788795906.1684,2026-09-07 17:45:06.168,18,e4,1,0,-0.05053,-0.50491,0.0506,-4.6096,11.6684,-27.9755,-0.1137,-0.0195,-0.6363,4.69634,21.0,24.0,25.0,20.0,23.0,24.0,24.0,23.0,23.0,26.0,24.0,23.0,24.0,26.0,24.0,25.0,26.0,26.0,24.0,22.0,22.0,21.0,21.0,21.0,21.0,22.0,22.0,22.0,21.0,22.0,21.0,22.0,22.0,22.0,21.0,21.0,21.0,21.0,10.0,press,0,0,2.7015
1788795906.2185,2026-09-07 17:45:06.218,18,e4,1,0,-0.05055,-0.50491,0.05057,-4.4953,11.6488,-27.9024,-0.1139,-0.0123,-0.6334,4.68299,25.0,24.0,25.0,23.0,23.0,23.0,24.0,21.0,24.0,23.0,26.0,22.0,25.0,25.0,25.0,23.0,26.0,28.0,22.0,22.0,22.0,21.0,21.0,21.0,21.0,22.0,22.0,22.0,21.0,22.0,21.0,22.0,22.0,22.0,21.0,21.0,21.0,21.0,10.0,press,0,0,2.8202
1788795906.2686,2026-09-07 17:45:06.268,18,e4,1,0,-0.05054,-0.50492,0.05047,-4.8759,11.8493,-27.8474,-0.1181,-0.0211,-0.6334,4.69583,25.0,24.0,25.0,23.0,23.0,23.0,24.0,21.0,24.0,23.0,26.0,22.0,25.0,25.0,25.0,23.0,26.0,28.0,22.0,22.0,22.0,21.0,21.0,21.0,21.0,22.0,22.0,22.0,21.0,22.0,21.0,22.0,22.0,22.0,21.0,21.0,21.0,21.0,10.0,press,0,0,2.706
1788795906.3188,2026-09-07 17:45:06.318,18,e4,1,0,-0.05053,-0.50491,0.05033,-4.8205,11.8831,-27.7718,-0.1205,-0.0208,-0.6421,4.69508,23.0,24.0,24.0,22.0,24.0,22.0,24.0,21.0,21.0,24.0,24.0,21.0,22.0,24.0,25.0,20.0,26.0,27.0,20.0,22.0,22.0,21.0,21.0,21.0,21.0,22.0,22.0,22.0,21.0,22.0,21.0,22.0,22.0,22.0,21.0,21.0,21.0,21.0,10.0,press,0,0,2.7127
1788795906.3689,2026-09-07 17:45:06.368,18,e4,1,0,-0.05053,-0.50492,0.05018,-4.7277,11.7214,-27.8529,-0.1174,-0.0176,-0.6387,4.70087,23.0,24.0,24.0,22.0,24.0,22.0,24.0,21.0,21.0,24.0,24.0,21.0,22.0,24.0,25.0,20.0,26.0,27.0,20.0,22.0,22.0,21.0,21.0,21.0,21.0,22.0,22.0,22.0,21.0,22.0,21.0,22.0,22.0,22.0,21.0,21.0,21.0,21.0,10.0,press,0,0,2.6612
1788795906.419,2026-09-07 17:45:06.419,18,e4,1,0,-0.05054,-0.50492,0.04998,-4.7095,11.7124,-27.941,-0.1158,-0.0196,-0.6446,4.69181,22.0,22.0,25.0,21.0,22.0,23.0,24.0,19.0,20.0,26.0,25.0,21.0,22.0,26.0,24.0,21.0,28.0,27.0,20.0,22.0,22.0,21.0,21.0,21.0,21.0,22.0,22.0,22.0,21.0,22.0,21.0,22.0,22.0,22.0,21.0,21.0,21.0,21.0,10.0,press,0,0,2.7418
1788795906.4691,2026-09-07 17:45:06.469,18,e4,1,0,-0.05054,-0.50493,0.04978,-4.5694,11.6611,-28.0183,-0.1158,-0.0142,-0.6383,4.6908,22.0,22.0,25.0,21.0,22.0,23.0,24.0,19.0,20.0,26.0,25.0,21.0,22.0,26.0,24.0,21.0,28.0,27.0,20.0,22.0,22.0,21.0,21.0,21.0,21.0,22.0,22.0,22.0,21.0,22.0,21.0,22.0,22.0,22.0,21.0,21.0,21.0,21.0,10.0,press,0,0,2.7508
1788795906.5193,2026-09-07 17:45:06.519,18,e4,1,0,-0.05054,-0.50495,0.04956,-4.7521,11.5743,-27.9173,-0.1142,-0.0224,-0.637,4.69055,21.0,23.0,24.0,20.0,22.0,24.0,24.0,21.0,22.0,24.0,23.0,20.0,24.0,26.0,25.0,21.0,26.0,26.0,20.0,22.0,22.0,21.0,21.0,21.0,21.0,22.0,22.0,22.0,21.0,22.0,21.0,22.0,22.0,22.0,21.0,21.0,21.0,21.0,10.0,press,0,0,2.753
1788795906.5694,2026-09-07 17:45:06.569,18,e4,1,0,-0.05055,-0.50496,0.04928,-4.8606,11.8913,-27.7404,-0.1188,-0.0243,-0.6414,4.69583,23.0,24.0,25.0,21.0,23.0,23.0,23.0,21.0,22.0,26.0,27.0,22.0,23.0,28.0,26.0,22.0,27.0,28.0,21.0,22.0,22.0,21.0,21.0,21.0,21.0,22.0,22.0,22.0,21.0,22.0,21.0,22.0,22.0,22.0,21.0,21.0,21.0,21.0,10.0,press,0,0,2.706
1788795906.6195,2026-09-07 17:45:06.619,18,e4,1,0,-0.05055,-0.50493,0.04895,-4.8567,11.4948,-27.851,-0.1132,-0.0228,-0.643,4.69634,23.0,24.0,25.0,21.0,23.0,23.0,23.0,21.0,22.0,26.0,27.0,22.0,23.0,28.0,26.0,22.0,27.0,28.0,21.0,22.0,22.0,21.0,21.0,21.0,21.0,22.0,22.0,22.0,21.0,22.0,21.0,22.0,22.0,22.0,21.0,21.0,21.0,21.0,10.0,press,0,0,2.7015
1788795906.6696,2026-09-07 17:45:06.669,18,e4,1,0,-0.05054,-0.50493,0.0486,-4.5341,11.5827,-27.8731,-0.1147,-0.0166,-0.63,4.69306,22.0,24.0,26.0,20.0,23.0,24.0,25.0,22.0,22.0,25.0,26.0,22.0,24.0,26.0,25.0,22.0,28.0,28.0,22.0,22.0,22.0,21.0,21.0,21.0,21.0,22.0,22.0,22.0,21.0,22.0,21.0,22.0,22.0,22.0,21.0,21.0,21.0,21.0,10.0,press,0,0,2.7306
1788795906.7197,2026-09-07 17:45:06.719,18,e4,1,0,-0.05052,-0.50493,0.04826,-4.2815,11.5628,-27.9238,-0.1121,-0.0099,-0.6267,4.69004,22.0,24.0,26.0,20.0,23.0,24.0,25.0,22.0,22.0,25.0,26.0,22.0,24.0,26.0,25.0,22.0,28.0,28.0,22.0,22.0,22.0,21.0,21.0,21.0,21.0,22.0,22.0,22.0,21.0,22.0,21.0,22.0,22.0,22.0,21.0,21.0,21.0,21.0,10.0,press,0,0,2.7575
1788795906.7698,2026-09-07 17:45:06.769,18,e4,1,0,-0.05055,-0.5049,0.04793,-4.7307,11.4759,-28.0074,-0.1135,-0.02,-0.6313,4.69483,22.0,23.0,25.0,23.0,23.0,24.0,23.0,20.0,21.0,26.0,26.0,18.0,23.0,27.0,26.0,20.0,28.0,28.0,20.0,22.0,22.0,21.0,21.0,21.0,21.0,22.0,22.0,22.0,21.0,22.0,21.0,22.0,22.0,22.0,21.0,21.0,21.0,21.0,10.0,press,0,0,2.7149
1788795906.8199,2026-09-07 17:45:06.819,18,e4,1,0,-0.05055,-0.50494,0.04762,-4.7743,11.6303,-27.8532,-0.1159,-0.0191,-0.6349,4.69785,21.0,23.0,26.0,18.0,22.0,24.0,26.0,22.0,22.0,25.0,25.0,21.0,23.0,26.0,25.0,21.0,27.0,27.0,21.0,22.0,22.0,21.0,21.0,21.0,21.0,22.0,22.0,22.0,21.0,22.0,21.0,22.0,22.0,22.0,21.0,21.0,21.0,21.0,10.0,press,0,0,2.6881
1788795906.87,2026-09-07 17:45:06.870,18,e4,1,0,-0.05055,-0.50494,0.04731,-4.5484,11.5896,-27.9399,-0.1138,-0.0175,-0.6294,4.68979,21.0,23.0,26.0,18.0,22.0,24.0,26.0,22.0,22.0,25.0,25.0,21.0,23.0,26.0,25.0,21.0,27.0,27.0,21.0,22.0,22.0,21.0,21.0,21.0,21.0,22.0,22.0,22.0,21.0,22.0,21.0,22.0,22.0,22.0,21.0,21.0,21.0,21.0,10.0,press,0,0,2.7597
1788795906.9202,2026-09-07 17:45:06.920,18,e4,1,0,-0.05056,-0.50494,0.04697,-4.8918,11.6458,-27.9463,-0.1162,-0.0234,-0.6285,4.69483,22.0,22.0,25.0,21.0,21.0,24.0,24.0,20.0,22.0,24.0,26.0,21.0,23.0,26.0,25.0,20.0,27.0,28.0,19.0,22.0,22.0,21.0,21.0,21.0,21.0,22.0,22.0,22.0,21.0,22.0,21.0,22.0,22.0,22.0,21.0,21.0,21.0,21.0,10.0,press,0,0,2.7149
1788795906.9703,2026-09-07 17:45:06.970,18,e4,1,0,-0.05054,-0.50493,0.04663,-4.7313,11.8335,-28.048,-0.1211,-0.0197,-0.6331,4.69911,22.0,22.0,25.0,21.0,21.0,24.0,24.0,20.0,22.0,24.0,26.0,21.0,23.0,26.0,25.0,20.0,27.0,28.0,19.0,22.0,22.0,21.0,21.0,21.0,21.0,22.0,22.0,22.0,21.0,22.0,21.0,22.0,22.0,22.0,21.0,21.0,21.0,21.0,10.0,press,0,0,2.6769
1788795907.0205,2026-09-07 17:45:07.020,18,e4,1,0,-0.05054,-0.50492,0.04629,-4.7282,11.9338,-27.8985,-0.1219,-0.0187,-0.6355,4.69231,22.0,24.0,26.0,21.0,23.0,23.0,25.0,19.0,21.0,25.0,27.0,19.0,23.0,27.0,26.0,21.0,28.0,28.0,21.0,22.0,22.0,21.0,21.0,21.0,21.0,22.0,22.0,22.0,21.0,22.0,21.0,22.0,22.0,22.0,21.0,21.0,21.0,21.0,10.0,press,0,0,2.7373
1788795907.0705,2026-09-07 17:45:07.070,18,e4,1,0,-0.05053,-0.50491,0.04593,-4.9729,11.7656,-27.7506,-0.1145,-0.0274,-0.634,4.68879,21.0,23.0,25.0,20.0,22.0,24.0,26.0,21.0,20.0,25.0,27.0,21.0,21.0,27.0,28.0,21.0,28.0,29.0,21.0,22.0,22.0,21.0,21.0,21.0,21.0,22.0,22.0,22.0,21.0,22.0,21.0,22.0,22.0,22.0,21.0,21.0,21.0,21.0,10.0,press,0,0,2.7687
1788795907.1207,2026-09-07 17:45:07.120,18,e4,1,0,-0.05053,-0.50493,0.04562,-4.6467,11.7426,-27.8903,-0.1194,-0.0193,-0.6276,4.69886,21.0,23.0,25.0,20.0,22.0,24.0,26.0,21.0,20.0,25.0,27.0,21.0,21.0,27.0,28.0,21.0,28.0,29.0,21.0,22.0,22.0,21.0,21.0,21.0,21.0,22.0,22.0,22.0,21.0,22.0,21.0,22.0,22.0,22.0,21.0,21.0,21.0,21.0,10.0,press,0,0,2.6791
1788795907.1708,2026-09-07 17:45:07.170,18,e4,1,0,-0.05053,-0.50492,0.04528,-4.8165,11.846,-27.895,-0.1198,-0.0223,-0.6291,4.69986,22.0,21.0,24.0,22.0,22.0,23.0,26.0,20.0,21.0,25.0,27.0,21.0,23.0,27.0,28.0,20.0,27.0,30.0,20.0,22.0,22.0,21.0,21.0,21.0,21.0,22.0,22.0,22.0,21.0,22.0,21.0,22.0,22.0,22.0,21.0,21.0,21.0,21.0,10.0,press,0,0,2.6701
1788795907.2209,2026-09-07 17:45:07.220,18,e4,1,0,-0.05054,-0.50493,0.04496,-4.7472,11.7764,-27.8724,-0.1207,-0.0184,-0.6261,4.69281,22.0,21.0,24.0,22.0,22.0,23.0,26.0,20.0,21.0,25.0,27.0,21.0,23.0,27.0,28.0,20.0,27.0,30.0,20.0,22.0,22.0,21.0,21.0,21.0,21.0,22.0,22.0,22.0,21.0,22.0,21.0,22.0,22.0,22.0,21.0,21.0,21.0,21.0,10.0,press,0,0,2.7329
1788795907.271,2026-09-07 17:45:07.270,18,e4,1,0,-0.05054,-0.50491,0.04461,-4.4614,11.2385,-27.9171,-0.1056,-0.0127,-0.6254,4.67846,19.0,22.0,25.0,19.0,23.0,23.0,25.0,20.0,22.0,27.0,28.0,20.0,22.0,28.0,29.0,21.0,29.0,31.0,20.0,22.0,22.0,21.0,21.0,21.0,21.0,22.0,22.0,22.0,21.0,22.0,21.0,22.0,22.0,22.0,21.0,21.0,21.0,21.0,10.0,press,0,0,2.8605
1788795907.3211,2026-09-07 17:45:07.321,18,e4,1,0,-0.05055,-0.50492,0.04428,-4.5257,11.6302,-27.9234,-0.1184,-0.0175,-0.6232,4.65756,21.0,22.0,26.0,18.0,22.0,24.0,26.0,21.0,22.0,25.0,29.0,22.0,24.0,28.0,30.0,22.0,29.0,33.0,21.0,22.0,22.0,21.0,21.0,21.0,21.0,22.0,22.0,22.0,21.0,22.0,21.0,22.0,22.0,22.0,21.0,21.0,21.0,21.0,10.0,press,0,0,3.0465
1788795907.3711,2026-09-07 17:45:07.371,18,e4,1,0,-0.05055,-0.50492,0.04396,-4.538,11.536,-27.7341,-0.1107,-0.0208,-0.631,4.6276,21.0,22.0,26.0,18.0,22.0,24.0,26.0,21.0,22.0,25.0,29.0,22.0,24.0,28.0,30.0,22.0,29.0,33.0,21.0,22.0,22.0,21.0,21.0,21.0,21.0,22.0,22.0,22.0,21.0,22.0,21.0,22.0,22.0,22.0,21.0,21.0,21.0,21.0,10.0,press,0,0,3.313
1788795907.4213,2026-09-07 17:45:07.421,18,e4,1,0,-0.05053,-0.50492,0.04359,-4.772,11.5279,-27.3962,-0.1115,-0.0285,-0.63,4.58405,22.0,24.0,26.0,20.0,23.0,23.0,26.0,20.0,22.0,29.0,29.0,20.0,23.0,30.0,30.0,21.0,32.0,33.0,20.0,22.0,22.0,21.0,21.0,21.0,21.0,22.0,22.0,22.0,21.0,22.0,21.0,22.0,22.0,22.0,21.0,21.0,21.0,21.0,10.0,press,0,0,3.7005
1788795907.4713,2026-09-07 17:45:07.471,18,e4,1,0,-0.05056,-0.50492,0.04325,-4.3885,11.93,-27.2989,-0.1218,-0.0205,-0.629,4.53596,22.0,24.0,26.0,20.0,23.0,23.0,26.0,20.0,22.0,29.0,29.0,20.0,23.0,30.0,30.0,21.0,32.0,33.0,20.0,22.0,22.0,21.0,21.0,21.0,21.0,22.0,22.0,22.0,21.0,22.0,21.0,22.0,22.0,22.0,21.0,21.0,21.0,21.0,10.0,press,0,0,4.1283
1788795907.5215,2026-09-07 17:45:07.521,18,e4,1,0,-0.05054,-0.50491,0.04293,-4.7683,11.6231,-27.1678,-0.1129,-0.032,-0.63,4.4987,20.0,24.0,28.0,20.0,23.0,26.0,26.0,21.0,22.0,28.0,28.0,21.0,24.0,30.0,31.0,23.0,31.0,34.0,21.0,22.0,22.0,21.0,21.0,21.0,21.0,22.0,22.0,22.0,21.0,22.0,21.0,22.0,22.0,22.0,21.0,21.0,21.0,21.0,10.0,press,0,0,4.4598
1788795907.5718,2026-09-07 17:45:07.571,18,e4,1,0,-0.05054,-0.50492,0.04261,-4.4459,11.3576,-26.8754,-0.108,-0.0288,-0.6274,4.45338,21.0,24.0,26.0,21.0,23.0,26.0,26.0,19.0,24.0,27.0,25.0,20.0,25.0,30.0,32.0,20.0,32.0,35.0,20.0,22.0,22.0,21.0,21.0,21.0,21.0,22.0,22.0,22.0,21.0,22.0,21.0,22.0,22.0,22.0,21.0,21.0,21.0,21.0,10.0,press,0,0,4.863
1788795907.6219,2026-09-07 17:45:07.621,18,e4,1,0,-0.05053,-0.50492,0.04226,-4.3753,12.005,-26.7105,-0.124,-0.0322,-0.6282,4.38363,21.0,24.0,26.0,21.0,23.0,26.0,26.0,19.0,24.0,27.0,25.0,20.0,25.0,30.0,32.0,20.0,32.0,35.0,20.0,22.0,22.0,21.0,21.0,21.0,21.0,22.0,22.0,22.0,21.0,22.0,21.0,22.0,22.0,22.0,21.0,21.0,21.0,21.0,10.0,press,0,0,5.4835
1788795907.6719,2026-09-07 17:45:07.671,18,e4,1,0,-0.05053,-0.50493,0.04194,-4.3936,12.0145,-26.3227,-0.1215,-0.0349,-0.624,4.32749,21.0,24.0,26.0,20.0,24.0,24.0,25.0,21.0,23.0,28.0,27.0,22.0,24.0,32.0,31.0,21.0,33.0,33.0,21.0,22.0,22.0,21.0,21.0,21.0,21.0,22.0,22.0,22.0,21.0,22.0,21.0,22.0,22.0,22.0,21.0,21.0,21.0,21.0,10.0,press,0,0,5.983
1788795907.7221,2026-09-07 17:45:07.722,18,e4,1,0,-0.05054,-0.50491,0.04165,-4.3103,11.8202,-26.3082,-0.1141,-0.0381,-0.6302,4.27462,21.0,24.0,26.0,20.0,24.0,24.0,25.0,21.0,23.0,28.0,27.0,22.0,24.0,32.0,31.0,21.0,33.0,33.0,21.0,22.0,22.0,21.0,21.0,21.0,21.0,22.0,22.0,22.0,21.0,22.0,21.0,22.0,22.0,22.0,21.0,21.0,21.0,21.0,10.0,press,0,0,6.4533
1788795907.7722,2026-09-07 17:45:07.772,18,e4,1,0,-0.05054,-0.50492,0.04141,-4.2499,11.9976,-26.0557,-0.1206,-0.0402,-0.6301,4.20966,22.0,22.0,26.0,21.0,22.0,25.0,25.0,22.0,23.0,27.0,28.0,22.0,25.0,31.0,33.0,22.0,31.0,33.0,21.0,22.0,22.0,21.0,21.0,21.0,21.0,22.0,22.0,22.0,21.0,22.0,21.0,22.0,22.0,22.0,21.0,21.0,21.0,21.0,10.0,press,0,0,7.0312
1788795907.8223,2026-09-07 17:45:07.822,18,e4,1,0,-0.05053,-0.50492,0.0412,-4.5433,11.5068,-25.8456,-0.1098,-0.0519,-0.6324,4.16661,22.0,22.0,26.0,21.0,22.0,25.0,25.0,22.0,23.0,27.0,28.0,22.0,25.0,31.0,33.0,22.0,31.0,33.0,21.0,22.0,22.0,21.0,21.0,21.0,21.0,22.0,22.0,22.0,21.0,22.0,21.0,22.0,22.0,22.0,21.0,21.0,21.0,21.0,10.0,press,0,0,7.4142
1788795907.8724,2026-09-07 17:45:07.872,18,e4,1,0,-0.05054,-0.50492,0.04102,-4.0323,11.8819,-25.5077,-0.1138,-0.0427,-0.6215,4.116,22.0,24.0,26.0,21.0,24.0,24.0,25.0,21.0,24.0,29.0,28.0,21.0,25.0,33.0,36.0,21.0,34.0,35.0,21.0,22.0,22.0,21.0,21.0,21.0,21.0,22.0,22.0,22.0,21.0,22.0,21.0,22.0,22.0,22.0,21.0,21.0,21.0,21.0,10.0,press,0,0,7.8645
1788795907.9225,2026-09-07 17:45:07.922,18,e4,1,0,-0.05054,-0.50493,0.04092,-3.9647,11.7286,-25.4963,-0.1121,-0.0396,-0.6247,4.10089,21.0,24.0,26.0,21.0,24.0,24.0,25.0,21.0,22.0,29.0,29.0,22.0,25.0,34.0,37.0,21.0,35.0,35.0,21.0,22.0,22.0,21.0,21.0,21.0,21.0,22.0,22.0,22.0,21.0,22.0,21.0,22.0,22.0,22.0,21.0,21.0,21.0,21.0,10.0,press,0,0,7.9989
1788795907.9726,2026-09-07 17:45:07.972,18,e4,1,0,-0.05055,-0.50494,0.04083,-4.1715,12.1766,-25.4994,-0.1224,-0.0468,-0.632,4.08453,21.0,24.0,26.0,21.0,24.0,24.0,25.0,21.0,22.0,29.0,29.0,22.0,25.0,34.0,37.0,21.0,35.0,35.0,21.0,22.0,22.0,21.0,21.0,21.0,21.0,22.0,22.0,22.0,21.0,22.0,21.0,22.0,22.0,22.0,21.0,21.0,21.0,21.0,10.0,press,0,0,8.1444
1788795908.0227,2026-09-07 17:45:08.022,18,e4,1,0,-0.05054,-0.50494,0.04076,-3.9187,11.7484,-25.5213,-0.1137,-0.0399,-0.6251,4.05985,21.0,23.0,26.0,21.0,24.0,25.0,26.0,21.0,24.0,28.0,30.0,21.0,25.0,34.0,40.0,21.0,34.0,37.0,21.0,22.0,22.0,21.0,21.0,21.0,21.0,22.0,22.0,22.0,21.0,22.0,21.0,22.0,22.0,22.0,21.0,21.0,21.0,21.0,10.0,press,0,0,8.364
1788795908.0728,2026-09-07 17:45:08.072,18,e4,1,0,-0.05054,-0.50494,0.04071,-3.8655,11.4544,-25.319,-0.1086,-0.0394,-0.6238,4.04198,21.0,23.0,26.0,21.0,24.0,25.0,26.0,21.0,24.0,28.0,30.0,21.0,25.0,34.0,40.0,21.0,34.0,37.0,21.0,22.0,22.0,21.0,21.0,21.0,21.0,22.0,22.0,22.0,21.0,22.0,21.0,22.0,22.0,22.0,21.0,21.0,21.0,21.0,10.0,press,0,0,8.523
1788795908.1231,2026-09-07 17:45:08.123,18,e4,1,0,-0.05055,-0.50493,0.04068,-3.7135,11.7228,-25.4252,-0.1111,-0.0362,-0.6146,4.05054,21.0,24.0,27.0,20.0,24.0,25.0,27.0,21.0,25.0,28.0,30.0,21.0,25.0,34.0,38.0,22.0,36.0,36.0,22.0,22.0,22.0,21.0,21.0,21.0,21.0,22.0,22.0,22.0,21.0,22.0,21.0,22.0,22.0,22.0,21.0,21.0,21.0,21.0,10.0,hold,0,0,8.4468
1788795908.1732,2026-09-07 17:45:08.173,18,e4,1,0,-0.05053,-0.50492,0.04064,-3.9997,11.5668,-25.423,-0.1033,-0.0455,-0.6238,4.04299,21.0,24.0,26.0,19.0,25.0,24.0,27.0,21.0,24.0,29.0,30.0,21.0,25.0,34.0,39.0,22.0,36.0,38.0,20.0,22.0,22.0,21.0,21.0,21.0,21.0,22.0,22.0,22.0,21.0,22.0,21.0,22.0,22.0,22.0,21.0,21.0,21.0,21.0,10.0,hold,0,0,8.514
1788795908.2233,2026-09-07 17:45:08.223,18,e4,1,0,-0.05054,-0.50491,0.04061,-3.7681,11.6425,-25.3389,-0.1131,-0.0375,-0.6227,4.03241,21.0,24.0,26.0,19.0,25.0,24.0,27.0,21.0,24.0,29.0,30.0,21.0,25.0,34.0,39.0,22.0,36.0,38.0,20.0,22.0,22.0,21.0,21.0,21.0,21.0,22.0,22.0,22.0,21.0,22.0,21.0,22.0,22.0,22.0,21.0,21.0,21.0,21.0,10.0,hold,0,0,8.6081
1788795908.2734,2026-09-07 17:45:08.273,18,e4,1,0,-0.05052,-0.50491,0.04061,-4.21,11.8096,-25.3649,-0.1091,-0.0494,-0.6278,4.04248,23.0,24.0,27.0,21.0,24.0,24.0,25.0,20.0,25.0,30.0,30.0,21.0,25.0,34.0,40.0,19.0,35.0,37.0,20.0,22.0,22.0,21.0,21.0,21.0,21.0,22.0,22.0,22.0,21.0,22.0,21.0,22.0,22.0,22.0,21.0,21.0,21.0,21.0,10.0,hold,0,0,8.5185
1788795908.3235,2026-09-07 17:45:08.323,18,e4,1,0,-0.05052,-0.5049,0.0406,-3.6513,11.7873,-25.3812,-0.116,-0.039,-0.6141,4.04374,23.0,24.0,27.0,21.0,24.0,24.0,25.0,20.0,25.0,30.0,30.0,21.0,25.0,34.0,40.0,19.0,35.0,37.0,20.0,22.0,22.0,21.0,21.0,21.0,21.0,22.0,22.0,22.0,21.0,22.0,21.0,22.0,22.0,22.0,21.0,21.0,21.0,21.0,10.0,hold,0,0,8.5073
1788795908.3736,2026-09-07 17:45:08.373,18,e4,1,0,-0.05054,-0.50492,0.04062,-3.9238,11.7199,-25.4393,-0.1146,-0.0437,-0.621,4.0523,22.0,26.0,24.0,20.0,25.0,25.0,26.0,21.0,24.0,27.0,29.0,21.0,25.0,33.0,41.0,22.0,35.0,38.0,22.0,22.0,22.0,21.0,21.0,21.0,21.0,22.0,22.0,22.0,21.0,22.0,21.0,22.0,22.0,22.0,21.0,21.0,21.0,21.0,10.0,hold,0,0,8.4312
1788795908.4238,2026-09-07 17:45:08.423,18,e4,1,0,-0.05056,-0.50491,0.0406,-3.9094,11.7641,-25.5674,-0.1145,-0.0439,-0.6231,4.06237,22.0,24.0,25.0,20.0,25.0,23.0,26.0,20.0,23.0,28.0,31.0,20.0,25.0,33.0,40.0,21.0,34.0,37.0,21.0,22.0,22.0,21.0,21.0,21.0,21.0,22.0,22.0,22.0,21.0,22.0,21.0,22.0,22.0,22.0,21.0,21.0,21.0,21.0,10.0,hold,0,0,8.3416
1788795908.4739,2026-09-07 17:45:08.473,18,e4,1,0,-0.05054,-0.50491,0.04061,-3.9006,11.6522,-25.4128,-0.1108,-0.0436,-0.6185,4.05507,22.0,24.0,25.0,20.0,25.0,23.0,26.0,20.0,23.0,28.0,31.0,20.0,25.0,33.0,40.0,21.0,34.0,37.0,21.0,22.0,22.0,21.0,21.0,21.0,21.0,22.0,22.0,22.0,21.0,22.0,21.0,22.0,22.0,22.0,21.0,21.0,21.0,21.0,10.0,hold,0,0,8.4065
1788795908.524,2026-09-07 17:45:08.524,18,e4,1,0,-0.05053,-0.50492,0.04061,-4.1793,11.9354,-25.3157,-0.115,-0.0523,-0.6214,4.06867,22.0,24.0,26.0,21.0,24.0,23.0,26.0,21.0,24.0,28.0,31.0,21.0,25.0,35.0,40.0,21.0,35.0,38.0,21.0,22.0,22.0,21.0,21.0,21.0,21.0,22.0,22.0,22.0,21.0,22.0,21.0,22.0,22.0,22.0,21.0,21.0,21.0,21.0,10.0,hold,0,0,8.2856
1788795908.574,2026-09-07 17:45:08.574,18,e4,1,0,-0.05052,-0.50491,0.0406,-4.0348,11.65,-25.2197,-0.1119,-0.0478,-0.6186,4.06388,22.0,24.0,26.0,21.0,24.0,23.0,26.0,21.0,24.0,28.0,31.0,21.0,25.0,35.0,40.0,21.0,35.0,38.0,21.0,22.0,22.0,21.0,21.0,21.0,21.0,22.0,22.0,22.0,21.0,22.0,21.0,22.0,22.0,22.0,21.0,21.0,21.0,21.0,10.0,hold,0,0,8.3281
1788795908.6241,2026-09-07 17:45:08.624,18,e4,1,0,-0.05054,-0.50491,0.0406,-3.9191,11.5638,-25.6815,-0.1084,-0.0424,-0.6143,4.06237,22.0,24.0,27.0,21.0,24.0,24.0,27.0,22.0,24.0,28.0,29.0,21.0,26.0,34.0,38.0,22.0,34.0,35.0,21.0,22.0,22.0,21.0,21.0,21.0,21.0,22.0,22.0,22.0,21.0,22.0,21.0,22.0,22.0,22.0,21.0,21.0,21.0,21.0,10.0,hold,0,0,8.3416
1788795908.6743,2026-09-07 17:45:08.674,18,e4,1,0,-0.05054,-0.5049,0.0406,-4.0085,11.7278,-25.533,-0.11,-0.0464,-0.6192,4.07068,21.0,25.0,25.0,20.0,25.0,23.0,23.0,19.0,22.0,27.0,30.0,20.0,25.0,34.0,40.0,21.0,35.0,37.0,20.0,22.0,22.0,21.0,21.0,21.0,21.0,22.0,22.0,22.0,21.0,22.0,21.0,22.0,22.0,22.0,21.0,21.0,21.0,21.0,10.0,hold,0,0,8.2676
1788795908.7244,2026-09-07 17:45:08.724,18,e4,1,0,-0.05054,-0.50492,0.04062,-4.2585,12.002,-25.36,-0.1181,-0.0504,-0.6261,4.07647,21.0,25.0,25.0,20.0,25.0,23.0,23.0,19.0,22.0,27.0,30.0,20.0,25.0,34.0,40.0,21.0,35.0,37.0,20.0,22.0,22.0,21.0,21.0,21.0,21.0,22.0,22.0,22.0,21.0,22.0,21.0,22.0,22.0,22.0,21.0,21.0,21.0,21.0,10.0,hold,0,0,8.2161
1788795908.7745,2026-09-07 17:45:08.774,18,e4,1,0,-0.05055,-0.50492,0.04062,-3.9735,11.6712,-25.3544,-0.1107,-0.0453,-0.6196,4.06841,23.0,24.0,26.0,21.0,24.0,22.0,26.0,21.0,25.0,28.0,30.0,21.0,25.0,34.0,39.0,22.0,35.0,38.0,21.0,22.0,22.0,21.0,21.0,21.0,21.0,22.0,22.0,22.0,21.0,22.0,21.0,22.0,22.0,22.0,21.0,21.0,21.0,21.0,10.0,hold,0,0,8.2878
1788795908.8246,2026-09-07 17:45:08.824,18,e4,1,0,-0.05053,-0.50492,0.04061,-3.7306,11.659,-25.6462,-0.1096,-0.0412,-0.6125,4.07471,23.0,24.0,26.0,21.0,24.0,22.0,26.0,21.0,25.0,28.0,30.0,21.0,25.0,34.0,39.0,22.0,35.0,38.0,21.0,22.0,22.0,21.0,21.0,21.0,21.0,22.0,22.0,22.0,21.0,22.0,21.0,22.0,22.0,22.0,21.0,21.0,21.0,21.0,10.0,hold,0,0,8.2318
1788795908.8757,2026-09-07 17:45:08.875,18,e4,1,0,-0.05054,-0.50491,0.04061,-4.0911,12.068,-25.3918,-0.1197,-0.0483,-0.6221,4.0737,21.0,25.0,25.0,20.0,26.0,24.0,27.0,21.0,23.0,27.0,30.0,22.0,25.0,33.0,40.0,22.0,34.0,37.0,21.0,22.0,22.0,21.0,21.0,21.0,21.0,22.0,22.0,22.0,21.0,22.0,21.0,22.0,22.0,22.0,21.0,21.0,21.0,21.0,10.0,hold,0,0,8.2408
1788795908.9258,2026-09-07 17:45:08.925,18,e4,1,0,-0.05054,-0.5049,0.04062,-4.0096,11.84,-25.4267,-0.1148,-0.045,-0.6153,4.07471,21.0,25.0,25.0,20.0,26.0,24.0,27.0,21.0,23.0,27.0,30.0,22.0,25.0,33.0,40.0,22.0,34.0,37.0,21.0,22.0,22.0,21.0,21.0,21.0,21.0,22.0,22.0,22.0,21.0,22.0,21.0,22.0,22.0,22.0,21.0,21.0,21.0,21.0,10.0,hold,0,0,8.2318
1788795908.9759,2026-09-07 17:45:08.975,18,e4,1,0,-0.05054,-0.50491,0.04061,-3.9196,11.7246,-25.347,-0.113,-0.0462,-0.6129,4.08856,22.0,23.0,24.0,21.0,23.0,22.0,26.0,22.0,24.0,27.0,29.0,23.0,25.0,33.0,39.0,23.0,34.0,37.0,23.0,22.0,22.0,21.0,21.0,21.0,21.0,22.0,22.0,22.0,21.0,22.0,21.0,22.0,22.0,22.0,21.0,21.0,21.0,21.0,10.0,hold,0,0,8.1086
1788795909.026,2026-09-07 17:45:09.026,18,e4,1,0,-0.05053,-0.50492,0.04061,-4.1638,11.6748,-25.4554,-0.1125,-0.0492,-0.6226,4.07848,25.0,25.0,26.0,22.0,24.0,24.0,27.0,22.0,22.0,30.0,30.0,21.0,25.0,35.0,39.0,22.0,36.0,35.0,20.0,22.0,22.0,21.0,21.0,21.0,21.0,22.0,22.0,22.0,21.0,22.0,21.0,22.0,22.0,22.0,21.0,21.0,21.0,21.0,10.0,hold,0,0,8.1982
1788795909.0761,2026-09-07 17:45:09.076,18,e4,1,0,-0.05055,-0.50492,0.04061,-3.9963,12.0326,-25.4025,-0.1182,-0.0443,-0.6169,4.0878,25.0,25.0,26.0,22.0,24.0,24.0,27.0,22.0,22.0,30.0,30.0,21.0,25.0,35.0,39.0,22.0,36.0,35.0,20.0,22.0,22.0,21.0,21.0,21.0,21.0,22.0,22.0,22.0,21.0,22.0,21.0,22.0,22.0,22.0,21.0,21.0,21.0,21.0,10.0,hold,0,0,8.1153
1788795909.1263,2026-09-07 17:45:09.126,18,e4,1,0,-0.05054,-0.50492,0.04063,-3.9601,12.0249,-25.3125,-0.118,-0.0451,-0.6211,4.09132,22.0,24.0,27.0,21.0,23.0,24.0,27.0,23.0,23.0,28.0,31.0,22.0,24.0,33.0,40.0,22.0,33.0,36.0,22.0,22.0,22.0,21.0,21.0,21.0,21.0,22.0,22.0,22.0,21.0,22.0,21.0,22.0,22.0,22.0,21.0,21.0,21.0,21.0,10.0,hold,0,0,8.084
1788795909.1764,2026-09-07 17:45:09.176,18,e4,1,0,-0.05054,-0.50491,0.04061,-3.8684,11.8443,-25.3403,-0.1164,-0.0431,-0.6215,4.08856,22.0,24.0,27.0,21.0,23.0,24.0,27.0,23.0,23.0,28.0,31.0,22.0,24.0,33.0,40.0,22.0,33.0,36.0,22.0,22.0,22.0,21.0,21.0,21.0,21.0,22.0,22.0,22.0,21.0,22.0,21.0,22.0,22.0,22.0,21.0,21.0,21.0,21.0,10.0,hold,0,0,8.1086
1788795909.2265,2026-09-07 17:45:09.226,18,e4,1,0,-0.05053,-0.5049,0.0406,-3.8313,11.731,-25.4267,-0.1103,-0.0429,-0.6145,4.08931,22.0,22.0,26.0,22.0,24.0,24.0,27.0,22.0,25.0,28.0,29.0,22.0,26.0,35.0,39.0,23.0,35.0,36.0,22.0,22.0,22.0,21.0,21.0,21.0,21.0,22.0,22.0,22.0,21.0,22.0,21.0,22.0,22.0,22.0,21.0,21.0,21.0,21.0,10.0,hold,0,0,8.1019
1788795909.2767,2026-09-07 17:45:09.276,18,e4,1,0,-0.05054,-0.50491,0.04061,-4.104,11.9683,-25.3743,-0.1175,-0.0527,-0.6211,4.08327,22.0,26.0,25.0,22.0,25.0,23.0,25.0,19.0,25.0,29.0,30.0,20.0,28.0,34.0,39.0,20.0,35.0,36.0,23.0,22.0,22.0,21.0,21.0,21.0,21.0,22.0,22.0,22.0,21.0,22.0,21.0,22.0,22.0,22.0,21.0,21.0,21.0,21.0,10.0,hold,0,0,8.1556
1788795909.3268,2026-09-07 17:45:09.326,18,e4,1,0,-0.05053,-0.50491,0.04061,-4.2142,12.1511,-25.2272,-0.1214,-0.0536,-0.6141,4.0951,22.0,26.0,25.0,22.0,25.0,23.0,25.0,19.0,25.0,29.0,30.0,20.0,28.0,34.0,39.0,20.0,35.0,36.0,23.0,22.0,22.0,21.0,21.0,21.0,21.0,22.0,22.0,22.0,21.0,22.0,21.0,22.0,22.0,22.0,21.0,21.0,21.0,21.0,10.0,hold,0,0,8.0504
1788795909.3769,2026-09-07 17:45:09.376,18,e4,1,0,-0.05056,-0.50491,0.04061,-4.1165,11.7254,-25.3058,-0.1124,-0.0493,-0.622,4.09057,20.0,26.0,26.0,20.0,24.0,24.0,27.0,20.0,24.0,29.0,29.0,20.0,25.0,35.0,40.0,22.0,36.0,38.0,21.0,22.0,22.0,21.0,21.0,21.0,21.0,22.0,22.0,22.0,21.0,22.0,21.0,22.0,22.0,22.0,21.0,21.0,21.0,21.0,10.0,hold,0,0,8.0907
1788795909.427,2026-09-07 17:45:09.427,18,e4,1,0,-0.05054,-0.50491,0.0406,-3.9494,11.9384,-25.4289,-0.1174,-0.0468,-0.6197,4.09208,20.0,26.0,26.0,20.0,24.0,24.0,27.0,20.0,24.0,29.0,29.0,20.0,25.0,35.0,40.0,22.0,36.0,38.0,21.0,22.0,22.0,21.0,21.0,21.0,21.0,22.0,22.0,22.0,21.0,22.0,21.0,22.0,22.0,22.0,21.0,21.0,21.0,21.0,10.0,hold,0,0,8.0773
1788795909.4771,2026-09-07 17:45:09.477,18,e4,1,0,-0.05052,-0.50492,0.04063,-4.1768,12.0615,-25.3644,-0.1205,-0.0527,-0.6189,4.09888,21.0,23.0,27.0,20.0,23.0,26.0,26.0,22.0,25.0,29.0,29.0,22.0,25.0,34.0,38.0,20.0,35.0,37.0,21.0,22.0,22.0,21.0,21.0,21.0,21.0,22.0,22.0,22.0,21.0,22.0,21.0,22.0,22.0,22.0,21.0,21.0,21.0,21.0,10.0,hold,0,0,8.0168
1788795909.5273,2026-09-07 17:45:09.527,18,e4,1,0,-0.05054,-0.50491,0.0406,-3.767,12.0333,-25.3825,-0.118,-0.0411,-0.6144,4.09258,22.0,25.0,27.0,22.0,25.0,25.0,25.0,21.0,24.0,28.0,29.0,21.0,26.0,35.0,39.0,21.0,36.0,37.0,21.0,22.0,22.0,21.0,21.0,21.0,21.0,22.0,22.0,22.0,21.0,22.0,21.0,22.0,22.0,22.0,21.0,21.0,21.0,21.0,10.0,hold,0,0,8.0728
1788795909.5774,2026-09-07 17:45:09.577,18,e4,1,0,-0.05053,-0.50493,0.04062,-3.9914,11.8339,-25.2488,-0.1143,-0.0487,-0.6156,4.10114,22.0,25.0,27.0,22.0,25.0,25.0,25.0,21.0,24.0,28.0,29.0,21.0,26.0,35.0,39.0,21.0,36.0,37.0,21.0,22.0,22.0,21.0,21.0,21.0,21.0,22.0,22.0,22.0,21.0,22.0,21.0,22.0,22.0,22.0,21.0,21.0,21.0,21.0,10.0,hold,0,0,7.9966
1788795909.6276,2026-09-07 17:45:09.627,18,e4,1,0,-0.05052,-0.50492,0.04061,-4.0685,11.6305,-25.4648,-0.1128,-0.0497,-0.6243,4.1019,20.0,24.0,26.0,19.0,24.0,25.0,25.0,22.0,24.0,28.0,31.0,22.0,25.0,33.0,41.0,22.0,34.0,39.0,20.0,22.0,22.0,21.0,21.0,21.0,21.0,22.0,22.0,22.0,21.0,22.0,21.0,22.0,22.0,22.0,21.0,21.0,21.0,21.0,10.0,hold,0,0,7.9899
1788795909.6777,2026-09-07 17:45:09.677,18,e4,1,0,-0.05052,-0.50491,0.0406,-3.6983,11.8808,-25.3879,-0.1171,-0.0402,-0.6231,4.10517,20.0,24.0,26.0,19.0,24.0,25.0,25.0,22.0,24.0,28.0,31.0,22.0,25.0,33.0,41.0,22.0,34.0,39.0,20.0,22.0,22.0,21.0,21.0,21.0,21.0,22.0,22.0,22.0,21.0,22.0,21.0,22.0,22.0,22.0,21.0,21.0,21.0,21.0,10.0,hold,0,0,7.9608
1788795909.7278,2026-09-07 17:45:09.727,18,e4,1,0,-0.05054,-0.50492,0.04062,-3.6823,11.4966,-25.7065,-0.1104,-0.0395,-0.617,4.09837,22.0,24.0,25.0,23.0,23.0,23.0,26.0,19.0,24.0,28.0,31.0,18.0,26.0,35.0,41.0,21.0,35.0,38.0,21.0,22.0,22.0,21.0,21.0,21.0,21.0,22.0,22.0,22.0,21.0,22.0,21.0,22.0,22.0,22.0,21.0,21.0,21.0,21.0,10.0,hold,0,0,8.0213
1788795909.7779,2026-09-07 17:45:09.777,18,e4,1,0,-0.05053,-0.50491,0.0406,-3.9064,11.8235,-25.6201,-0.1147,-0.046,-0.6154,4.11096,20.0,24.0,27.0,19.0,25.0,25.0,27.0,21.0,25.0,29.0,30.0,21.0,25.0,35.0,38.0,21.0,35.0,37.0,21.0,22.0,22.0,21.0,21.0,21.0,21.0,22.0,22.0,22.0,21.0,22.0,21.0,22.0,22.0,22.0,21.0,21.0,21.0,21.0,10.0,hold,0,0,7.9093
1788795909.828,2026-09-07 17:45:09.828,18,e4,1,0,-0.05055,-0.50491,0.04061,-3.9363,11.6619,-25.5698,-0.1098,-0.0496,-0.6177,4.10442,20.0,24.0,27.0,19.0,25.0,25.0,27.0,21.0,25.0,29.0,30.0,21.0,25.0,35.0,38.0,21.0,35.0,37.0,21.0,22.0,22.0,21.0,21.0,21.0,21.0,22.0,22.0,22.0,21.0,22.0,21.0,22.0,22.0,22.0,21.0,21.0,21.0,21.0,10.0,hold,0,0,7.9675
1788795909.8781,2026-09-07 17:45:09.878,18,e4,1,0,-0.05052,-0.5049,0.0406,-4.065,11.8565,-25.4085,-0.1136,-0.0493,-0.6167,4.1087,21.0,24.0,25.0,19.0,24.0,24.0,27.0,22.0,22.0,29.0,30.0,23.0,24.0,35.0,40.0,23.0,36.0,39.0,22.0,22.0,22.0,21.0,21.0,21.0,21.0,22.0,22.0,22.0,21.0,22.0,21.0,22.0,22.0,22.0,21.0,21.0,21.0,21.0,10.0,hold,0,0,7.9294
1788795909.9282,2026-09-07 17:45:09.928,18,e4,1,0,-0.05053,-0.50491,0.04061,-4.1194,11.8163,-25.5527,-0.1167,-0.0502,-0.6187,4.11147,21.0,24.0,25.0,19.0,24.0,24.0,27.0,22.0,22.0,29.0,30.0,23.0,24.0,35.0,40.0,23.0,36.0,39.0,22.0,22.0,22.0,21.0,21.0,21.0,21.0,22.0,22.0,22.0,21.0,22.0,21.0,22.0,22.0,22.0,21.0,21.0,21.0,21.0,10.0,hold,0,0,7.9048
1788795909.9784,2026-09-07 17:45:09.978,18,e4,1,0,-0.05053,-0.5049,0.04061,-3.5983,11.2584,-25.4592,-0.1036,-0.0384,-0.61,4.10442,22.0,22.0,26.0,22.0,22.0,25.0,26.0,21.0,23.0,27.0,29.0,21.0,25.0,34.0,38.0,20.0,34.0,36.0,20.0,22.0,22.0,21.0,21.0,21.0,21.0,22.0,22.0,22.0,21.0,22.0,21.0,22.0,22.0,22.0,21.0,21.0,21.0,21.0,10.0,hold,0,0,7.9675
1788795910.0286,2026-09-07 17:45:10.028,18,e4,1,0,-0.05054,-0.50492,0.04062,-4.299,11.7475,-25.4449,-0.1138,-0.0579,-0.6203,4.10391,22.0,22.0,26.0,22.0,22.0,25.0,26.0,21.0,23.0,27.0,29.0,21.0,25.0,34.0,38.0,20.0,34.0,36.0,20.0,22.0,22.0,21.0,21.0,21.0,21.0,22.0,22.0,22.0,21.0,22.0,21.0,22.0,22.0,22.0,21.0,21.0,21.0,21.0,10.0,hold,0,0,7.972
1788795910.0787,2026-09-07 17:45:10.078,18,e4,1,0,-0.05053,-0.50492,0.04061,-3.8043,11.7725,-25.6029,-0.1151,-0.0423,-0.6119,4.10341,21.0,23.0,24.0,22.0,24.0,23.0,25.0,23.0,23.0,28.0,30.0,22.0,25.0,35.0,41.0,23.0,36.0,38.0,22.0,22.0,22.0,21.0,21.0,21.0,21.0,22.0,22.0,22.0,21.0,22.0,21.0,22.0,22.0,22.0,21.0,21.0,21.0,21.0,10.0,hold,0,0,7.9765
1788795910.1288,2026-09-07 17:45:10.128,18,e4,1,0,-0.05054,-0.50491,0.04061,-4.1566,11.6328,-25.4952,-0.1094,-0.0508,-0.6212,4.116,23.0,24.0,26.0,21.0,23.0,23.0,26.0,20.0,23.0,28.0,30.0,21.0,25.0,34.0,39.0,21.0,35.0,37.0,19.0,22.0,22.0,21.0,21.0,21.0,21.0,22.0,22.0,22.0,21.0,22.0,21.0,22.0,22.0,22.0,21.0,21.0,21.0,21.0,10.0,hold,0,0,7.8645
1788795910.1788,2026-09-07 17:45:10.178,18,e4,1,0,-0.05054,-0.50491,0.04061,-4.0045,11.6689,-25.5807,-0.1154,-0.0466,-0.6172,4.11323,23.0,24.0,26.0,21.0,23.0,23.0,26.0,20.0,23.0,28.0,30.0,21.0,25.0,34.0,39.0,21.0,35.0,37.0,19.0,22.0,22.0,21.0,21.0,21.0,21.0,22.0,22.0,22.0,21.0,22.0,21.0,22.0,22.0,22.0,21.0,21.0,21.0,21.0,10.0,hold,0,0,7.8891
1788795910.2289,2026-09-07 17:45:10.228,18,e4,1,0,-0.05054,-0.50492,0.04061,-4.0393,11.7134,-25.5198,-0.1081,-0.0483,-0.6108,4.11222,20.0,23.0,25.0,20.0,24.0,23.0,27.0,19.0,23.0,28.0,32.0,20.0,25.0,35.0,40.0,19.0,35.0,38.0,20.0,22.0,22.0,21.0,21.0,21.0,21.0,22.0,22.0,22.0,21.0,22.0,21.0,22.0,22.0,22.0,21.0,21.0,21.0,21.0,10.0,hold,0,0,7.8981
1788795910.2791,2026-09-07 17:45:10.279,18,e4,1,0,-0.05053,-0.50492,0.04061,-3.8775,11.471,-25.5919,-0.1096,-0.0482,-0.6138,4.12053,20.0,23.0,25.0,20.0,24.0,23.0,27.0,19.0,23.0,28.0,32.0,20.0,25.0,35.0,40.0,19.0,35.0,38.0,20.0,22.0,22.0,21.0,21.0,21.0,21.0,22.0,22.0,22.0,21.0,22.0,21.0,22.0,22.0,22.0,21.0,21.0,21.0,21.0,10.0,hold,0,0,7.8241
1788795910.3293,2026-09-07 17:45:10.329,18,e4,1,0,-0.05055,-0.50492,0.04062,-3.9444,11.9116,-25.7261,-0.1148,-0.048,-0.6213,4.11298,20.0,24.0,25.0,21.0,25.0,23.0,27.0,22.0,22.0,26.0,30.0,22.0,25.0,32.0,40.0,21.0,33.0,38.0,20.0,22.0,22.0,21.0,21.0,21.0,21.0,22.0,22.0,22.0,21.0,22.0,21.0,22.0,22.0,22.0,21.0,21.0,21.0,21.0,10.0,hold,0,0,7.8913
1788795910.3794,2026-09-07 17:45:10.379,18,e4,1,0,-0.05053,-0.50491,0.0406,-3.8832,11.7431,-25.6669,-0.1122,-0.044,-0.6148,4.11424,23.0,22.0,26.0,22.0,22.0,23.0,27.0,20.0,24.0,28.0,29.0,20.0,25.0,34.0,40.0,20.0,35.0,37.0,19.0,22.0,22.0,21.0,21.0,21.0,21.0,22.0,22.0,22.0,21.0,22.0,21.0,22.0,22.0,22.0,21.0,21.0,21.0,21.0,10.0,hold,0,0,7.8801
1788795910.4295,2026-09-07 17:45:10.429,18,e4,1,0,-0.05055,-0.50492,0.04061,-3.8291,11.5469,-25.7586,-0.1102,-0.043,-0.6122,4.1238,23.0,22.0,26.0,22.0,22.0,23.0,27.0,20.0,24.0,28.0,29.0,20.0,25.0,34.0,40.0,20.0,35.0,37.0,19.0,22.0,22.0,21.0,21.0,21.0,21.0,22.0,22.0,22.0,21.0,22.0,21.0,22.0,22.0,22.0,21.0,21.0,21.0,21.0,10.0,hold,0,0,7.795
1788795910.4796,2026-09-07 17:45:10.479,18,e4,1,0,-0.05054,-0.50491,0.04061,-3.9536,11.9816,-25.7377,-0.121,-0.0468,-0.6157,4.11726,21.0,23.0,26.0,20.0,24.0,24.0,25.0,21.0,23.0,28.0,30.0,19.0,24.0,34.0,40.0,21.0,35.0,37.0,21.0,22.0,22.0,21.0,21.0,21.0,21.0,22.0,22.0,22.0,21.0,22.0,21.0,22.0,22.0,22.0,21.0,21.0,21.0,21.0,10.0,hold,0,0,7.8533
1788795910.5296,2026-09-07 17:45:10.529,18,e4,1,0,-0.05055,-0.50493,0.04063,-3.6092,11.6004,-25.7283,-0.1106,-0.0391,-0.6202,4.12859,21.0,23.0,26.0,20.0,24.0,24.0,25.0,21.0,23.0,28.0,30.0,19.0,24.0,34.0,40.0,21.0,35.0,37.0,21.0,22.0,22.0,21.0,21.0,21.0,21.0,22.0,22.0,22.0,21.0,22.0,21.0,22.0,22.0,22.0,21.0,21.0,21.0,21.0,10.0,hold,0,0,7.7525
1788795910.5797,2026-09-07 17:45:10.579,18,e4,1,0,-0.05053,-0.50492,0.04062,-3.612,11.5854,-25.6178,-0.1125,-0.0371,-0.6106,4.11726,20.0,24.0,26.0,19.0,23.0,24.0,27.0,21.0,23.0,27.0,29.0,21.0,25.0,33.0,37.0,21.0,35.0,37.0,22.0,22.0,22.0,21.0,21.0,21.0,21.0,22.0,22.0,22.0,21.0,22.0,21.0,22.0,22.0,22.0,21.0,21.0,21.0,21.0,10.0,hold,0,0,7.8533
1788795910.6298,2026-09-07 17:45:10.629,18,e4,1,0,-0.05052,-0.50491,0.0406,-3.882,11.5762,-25.7554,-0.1116,-0.0458,-0.6143,4.11927,22.0,23.0,26.0,20.0,24.0,23.0,25.0,19.0,25.0,27.0,30.0,20.0,26.0,34.0,41.0,20.0,35.0,37.0,20.0,22.0,22.0,21.0,21.0,21.0,21.0,22.0,22.0,22.0,21.0,22.0,21.0,22.0,22.0,22.0,21.0,21.0,21.0,21.0,10.0,hold,0,0,7.8353
1788795910.6801,2026-09-07 17:45:10.680,18,e4,1,0,-0.05054,-0.50492,0.04061,-3.8502,11.7001,-25.7697,-0.1136,-0.0453,-0.6149,4.12859,22.0,23.0,26.0,20.0,24.0,23.0,25.0,19.0,25.0,27.0,30.0,20.0,26.0,34.0,41.0,20.0,35.0,37.0,20.0,22.0,22.0,21.0,21.0,21.0,21.0,22.0,22.0,22.0,21.0,22.0,21.0,22.0,22.0,22.0,21.0,21.0,21.0,21.0,10.0,hold,0,0,7.7525
1788795910.7302,2026-09-07 17:45:10.730,18,e4,1,0,-0.05053,-0.5049,0.04061,-3.7997,11.5198,-25.4577,-0.1103,-0.0428,-0.6195,4.12355,20.0,25.0,25.0,18.0,25.0,24.0,26.0,22.0,24.0,28.0,30.0,22.0,25.0,34.0,40.0,22.0,34.0,37.0,21.0,22.0,22.0,21.0,21.0,21.0,21.0,22.0,22.0,22.0,21.0,22.0,21.0,22.0,22.0,22.0,21.0,21.0,21.0,21.0,10.0,hold,0,0,7.7973
1788795910.7804,2026-09-07 17:45:10.780,18,e4,1,0,-0.05055,-0.50492,0.04061,-3.951,11.8954,-25.5933,-0.1164,-0.047,-0.6179,4.12733,20.0,25.0,25.0,18.0,25.0,24.0,26.0,22.0,24.0,28.0,30.0,22.0,25.0,34.0,40.0,22.0,34.0,37.0,21.0,22.0,22.0,21.0,21.0,21.0,21.0,22.0,22.0,22.0,21.0,22.0,21.0,22.0,22.0,22.0,21.0,21.0,21.0,21.0,10.0,hold,0,0,7.7637
1788795910.8305,2026-09-07 17:45:10.830,18,e4,1,0,-0.05054,-0.50491,0.0406,-3.8103,11.5512,-25.6108,-0.111,-0.0405,-0.6119,4.12607,22.0,25.0,25.0,21.0,24.0,23.0,25.0,20.0,23.0,28.0,29.0,21.0,25.0,34.0,38.0,21.0,34.0,37.0,21.0,22.0,22.0,21.0,21.0,21.0,21.0,22.0,22.0,22.0,21.0,22.0,21.0,22.0,22.0,22.0,21.0,21.0,21.0,21.0,10.0,hold,0,0,7.7749
1788795910.8806,2026-09-07 17:45:10.880,18,e4,1,0,-0.05054,-0.50492,0.04061,-3.7879,11.2847,-25.5628,-0.1013,-0.0424,-0.6158,4.12053,21.0,24.0,25.0,20.0,23.0,24.0,26.0,22.0,23.0,28.0,28.0,22.0,25.0,33.0,40.0,21.0,34.0,37.0,21.0,22.0,22.0,21.0,21.0,21.0,21.0,22.0,22.0,22.0,21.0,22.0,21.0,22.0,22.0,22.0,21.0,21.0,21.0,21.0,10.0,hold,0,0,7.8241
1788795910.9306,2026-09-07 17:45:10.930,18,e4,1,0,-0.05054,-0.50493,0.04062,-3.9995,11.5318,-25.8218,-0.1056,-0.0483,-0.6159,4.12531,21.0,24.0,25.0,20.0,23.0,24.0,26.0,22.0,23.0,28.0,28.0,22.0,25.0,33.0,40.0,21.0,34.0,37.0,21.0,22.0,22.0,21.0,21.0,21.0,21.0,22.0,22.0,22.0,21.0,22.0,21.0,22.0,22.0,22.0,21.0,21.0,21.0,21.0,10.0,hold,0,0,7.7816
1788795910.9808,2026-09-07 17:45:10.980,18,e4,1,0,-0.05055,-0.50492,0.04061,-3.8542,11.4137,-25.6909,-0.104,-0.0461,-0.6154,4.13262,22.0,24.0,25.0,21.0,23.0,24.0,26.0,22.0,22.0,28.0,29.0,23.0,25.0,34.0,39.0,22.0,35.0,37.0,21.0,22.0,22.0,21.0,21.0,21.0,21.0,22.0,22.0,22.0,21.0,22.0,21.0,22.0,22.0,22.0,21.0,21.0,21.0,21.0,10.0,hold,0,0,7.7166
1788795911.0309,2026-09-07 17:45:11.030,18,e4,1,0,-0.05054,-0.50492,0.04062,-4.0895,11.7093,-25.5211,-0.1144,-0.0501,-0.6128,4.13085,22.0,24.0,25.0,21.0,23.0,24.0,26.0,22.0,22.0,28.0,29.0,23.0,25.0,34.0,39.0,22.0,35.0,37.0,21.0,22.0,22.0,21.0,21.0,21.0,21.0,22.0,22.0,22.0,21.0,22.0,21.0,22.0,22.0,22.0,21.0,21.0,21.0,21.0,10.0,hold,0,0,7.7323
1788795911.081,2026-09-07 17:45:11.081,18,e4,1,0,-0.05055,-0.50493,0.04063,-3.8502,11.794,-25.5999,-0.1137,-0.0427,-0.6129,4.13463,22.0,22.0,24.0,21.0,22.0,23.0,25.0,19.0,24.0,27.0,27.0,18.0,25.0,34.0,38.0,19.0,34.0,35.0,19.0,22.0,22.0,21.0,21.0,21.0,21.0,22.0,22.0,22.0,21.0,22.0,21.0,22.0,22.0,22.0,21.0,21.0,21.0,21.0,10.0,hold,0,0,7.6987
1788795911.1311,2026-09-07 17:45:11.131,18,e4,1,0,-0.05053,-0.50492,0.04062,-3.7427,11.4487,-25.534,-0.1076,-0.0397,-0.6152,4.13841,22.0,22.0,24.0,21.0,22.0,23.0,25.0,19.0,24.0,27.0,27.0,18.0,25.0,34.0,38.0,19.0,34.0,35.0,19.0,22.0,22.0,21.0,21.0,21.0,21.0,22.0,22.0,22.0,21.0,22.0,21.0,22.0,22.0,22.0,21.0,21.0,21.0,21.0,10.0,hold,0,0,7.6651
1788795911.1813,2026-09-07 17:45:11.181,18,e4,1,0,-0.05054,-0.50492,0.04061,-3.8822,11.7232,-25.5784,-0.111,-0.0461,-0.6155,4.12708,20.0,24.0,26.0,18.0,23.0,23.0,24.0,20.0,24.0,29.0,29.0,20.0,25.0,34.0,38.0,20.0,35.0,38.0,19.0,22.0,22.0,21.0,21.0,21.0,21.0,22.0,22.0,22.0,21.0,22.0,21.0,22.0,22.0,22.0,21.0,21.0,21.0,21.0,10.0,hold,0,0,7.7659
1788795911.2314,2026-09-07 17:45:11.231,18,e4,1,0,-0.05053,-0.50491,0.04062,-3.749,11.5121,-25.7663,-0.107,-0.0433,-0.6132,4.12909,21.0,24.0,26.0,19.0,24.0,24.0,26.0,21.0,23.0,27.0,29.0,21.0,25.0,35.0,38.0,21.0,35.0,37.0,18.0,22.0,22.0,21.0,21.0,21.0,21.0,22.0,22.0,22.0,21.0,22.0,21.0,22.0,22.0,22.0,21.0,21.0,21.0,21.0,10.0,hold,0,0,7.748
1788795911.2815,2026-09-07 17:45:11.281,18,e4,1,0,-0.05052,-0.50491,0.04061,-3.7033,11.4672,-25.8115,-0.1063,-0.0389,-0.6126,4.1301,21.0,24.0,26.0,19.0,24.0,24.0,26.0,21.0,23.0,27.0,29.0,21.0,25.0,35.0,38.0,21.0,35.0,37.0,18.0,22.0,22.0,21.0,21.0,21.0,21.0,22.0,22.0,22.0,21.0,22.0,21.0,22.0,22.0,22.0,21.0,21.0,21.0,21.0,10.0,hold,0,0,7.739
1788795911.3316,2026-09-07 17:45:11.331,18,e4,1,0,-0.05053,-0.50492,0.04062,-3.5002,11.6335,-25.7544,-0.1102,-0.0363,-0.6104,4.13639,21.0,24.0,26.0,20.0,25.0,24.0,27.0,19.0,23.0,26.0,29.0,19.0,25.0,32.0,40.0,19.0,34.0,37.0,18.0,22.0,22.0,21.0,21.0,21.0,21.0,22.0,22.0,22.0,21.0,22.0,21.0,22.0,22.0,22.0,21.0,21.0,21.0,21.0,10.0,hold,0,0,7.683
1788795911.3817,2026-09-07 17:45:11.381,18,e4,1,0,-0.05054,-0.50493,0.04063,-3.5261,11.3805,-25.7947,-0.1049,-0.0372,-0.6091,4.13237,21.0,24.0,26.0,20.0,25.0,24.0,27.0,19.0,23.0,26.0,29.0,19.0,25.0,32.0,40.0,19.0,34.0,37.0,18.0,22.0,22.0,21.0,21.0,21.0,21.0,22.0,22.0,22.0,21.0,22.0,21.0,22.0,22.0,22.0,21.0,21.0,21.0,21.0,10.0,hold,0,0,7.7189
1788795911.4319,2026-09-07 17:45:11.431,18,e4,1,0,-0.05053,-0.50493,0.04063,-3.7056,11.9369,-25.6405,-0.1183,-0.041,-0.6147,4.1447,21.0,24.0,26.0,19.0,25.0,23.0,25.0,20.0,24.0,28.0,29.0,21.0,24.0,34.0,39.0,20.0,35.0,37.0,19.0,22.0,22.0,21.0,21.0,21.0,21.0,22.0,22.0,22.0,21.0,22.0,21.0,22.0,22.0,22.0,21.0,21.0,21.0,21.0,10.0,hold,0,0,7.6091
1788795911.482,2026-09-07 17:45:11.482,18,e4,1,0,-0.05054,-0.50491,0.04061,-3.8644,11.5263,-25.7653,-0.1101,-0.0442,-0.6129,4.13539,21.0,23.0,25.0,20.0,23.0,24.0,26.0,19.0,23.0,27.0,30.0,20.0,25.0,33.0,39.0,21.0,33.0,37.0,21.0,22.0,22.0,21.0,21.0,21.0,21.0,22.0,22.0,22.0,21.0,22.0,21.0,22.0,22.0,22.0,21.0,21.0,21.0,21.0,10.0,hold,0,0,7.692
1788795911.5321,2026-09-07 17:45:11.532,18,e4,1,0,-0.05053,-0.50492,0.04062,-3.9587,11.6469,-25.7145,-0.112,-0.0466,-0.6119,4.13035,21.0,23.0,25.0,20.0,23.0,24.0,26.0,19.0,23.0,27.0,30.0,20.0,25.0,33.0,39.0,21.0,33.0,37.0,21.0,22.0,22.0,21.0,21.0,21.0,21.0,22.0,22.0,22.0,21.0,22.0,21.0,22.0,22.0,22.0,21.0,21.0,21.0,21.0,10.0,hold,0,0,7.7368
1788795911.5823,2026-09-07 17:45:11.582,18,e4,1,0,-0.05056,-0.50491,0.04061,-3.3257,11.6138,-25.7279,-0.1134,-0.035,-0.6095,4.13765,22.0,23.0,25.0,20.0,24.0,22.0,25.0,21.0,25.0,28.0,30.0,23.0,25.0,33.0,40.0,22.0,34.0,38.0,21.0,22.0,22.0,21.0,21.0,21.0,21.0,22.0,22.0,22.0,21.0,22.0,21.0,22.0,22.0,22.0,21.0,21.0,21.0,21.0,10.0,hold,0,0,7.6718
1788795911.6324,2026-09-07 17:45:11.632,18,e4,1,0,-0.05053,-0.50491,0.04061,-3.6889,11.4361,-25.9459,-0.1082,-0.0412,-0.6046,4.13639,22.0,23.0,25.0,20.0,24.0,22.0,25.0,21.0,25.0,28.0,30.0,23.0,25.0,33.0,40.0,22.0,34.0,38.0,21.0,22.0,22.0,21.0,21.0,21.0,21.0,22.0,22.0,22.0,21.0,22.0,21.0,22.0,22.0,22.0,21.0,21.0,21.0,21.0,10.0,hold,0,0,7.683
1788795911.6846,2026-09-07 17:45:11.684,18,e4,1,0,-0.05056,-0.50492,0.04062,-3.9398,11.8825,-25.5713,-0.1198,-0.0454,-0.6114,4.14369,22.0,25.0,26.0,20.0,24.0,22.0,26.0,21.0,25.0,27.0,29.0,21.0,25.0,33.0,38.0,22.0,34.0,37.0,21.0,22.0,22.0,21.0,21.0,21.0,21.0,22.0,22.0,22.0,21.0,22.0,21.0,22.0,22.0,22.0,21.0,21.0,21.0,21.0,10.0,hold,0,0,7.6181
1788795911.7347,2026-09-07 17:45:11.734,18,e4,1,0,-0.05054,-0.50491,0.04062,-3.6231,11.4273,-25.5882,-0.1083,-0.0393,-0.6094,4.13715,21.0,24.0,25.0,18.0,25.0,23.0,27.0,20.0,24.0,29.0,28.0,20.0,25.0,33.0,38.0,20.0,34.0,37.0,21.0,22.0,22.0,21.0,21.0,21.0,21.0,22.0,22.0,22.0,21.0,22.0,21.0,22.0,22.0,22.0,21.0,21.0,21.0,21.0,10.0,hold,0,0,7.6763
1788795911.7848,2026-09-07 17:45:11.784,18,e4,1,0,-0.05054,-0.50491,0.04061,-3.7908,11.4039,-25.7479,-0.1051,-0.0459,-0.6159,4.1369,21.0,24.0,25.0,18.0,25.0,23.0,27.0,20.0,24.0,29.0,28.0,20.0,25.0,33.0,38.0,20.0,34.0,37.0,21.0,22.0,22.0,21.0,21.0,21.0,21.0,22.0,22.0,22.0,21.0,22.0,21.0,22.0,22.0,22.0,21.0,21.0,21.0,21.0,10.0,hold,0,0,7.6786
1788795911.8349,2026-09-07 17:45:11.834,18,e4,1,0,-0.05053,-0.50491,0.04062,-3.6956,11.2534,-25.806,-0.105,-0.0431,-0.61,4.1369,21.0,25.0,26.0,18.0,25.0,24.0,26.0,20.0,24.0,27.0,29.0,21.0,25.0,32.0,38.0,21.0,34.0,37.0,20.0,22.0,22.0,21.0,21.0,21.0,21.0,22.0,22.0,22.0,21.0,22.0,21.0,22.0,22.0,22.0,21.0,21.0,21.0,21.0,10.0,hold,0,0,7.6786
1788795911.885,2026-09-07 17:45:11.885,18,e4,1,0,-0.05053,-0.50492,0.04062,-3.9712,11.7353,-25.7859,-0.1133,-0.0479,-0.6144,4.14168,21.0,25.0,26.0,18.0,25.0,24.0,26.0,20.0,24.0,27.0,29.0,21.0,25.0,32.0,38.0,21.0,34.0,37.0,20.0,22.0,22.0,21.0,21.0,21.0,21.0,22.0,22.0,22.0,21.0,22.0,21.0,22.0,22.0,22.0,21.0,21.0,21.0,21.0,10.0,hold,0,0,7.636
1788795911.9351,2026-09-07 17:45:11.935,18,e4,1,0,-0.05052,-0.50491,0.04061,-3.812,12.254,-25.6548,-0.1262,-0.0418,-0.6078,4.14873,19.0,25.0,24.0,19.0,24.0,23.0,26.0,20.0,25.0,27.0,29.0,21.0,26.0,33.0,39.0,20.0,33.0,38.0,20.0,22.0,22.0,21.0,21.0,21.0,21.0,22.0,22.0,22.0,21.0,22.0,21.0,22.0,22.0,22.0,21.0,21.0,21.0,21.0,10.0,hold,0,0,7.5733
1788795911.9852,2026-09-07 17:45:11.985,18,e4,1,0,-0.05053,-0.50493,0.04062,-3.5994,11.6959,-25.7209,-0.1121,-0.0374,-0.6067,4.13564,21.0,25.0,24.0,19.0,25.0,22.0,27.0,20.0,25.0,26.0,29.0,21.0,25.0,33.0,40.0,22.0,34.0,37.0,20.0,22.0,22.0,21.0,21.0,21.0,21.0,22.0,22.0,22.0,21.0,22.0,21.0,22.0,22.0,22.0,21.0,21.0,21.0,21.0,10.0,hold,0,0,7.6898
1788795912.0353,2026-09-07 17:45:12.035,18,e4,1,0,-0.05054,-0.50492,0.04062,-3.8939,11.8104,-25.8861,-0.119,-0.048,-0.6125,4.13992,21.0,25.0,24.0,19.0,25.0,22.0,27.0,20.0,25.0,26.0,29.0,21.0,25.0,33.0,40.0,22.0,34.0,37.0,20.0,22.0,22.0,21.0,21.0,21.0,21.0,22.0,22.0,22.0,21.0,22.0,21.0,22.0,22.0,22.0,21.0,21.0,21.0,21.0,10.0,hold,0,0,7.6517
1788795912.0853,2026-09-07 17:45:12.085,18,e4,1,0,-0.05053,-0.50492,0.04062,-3.6756,11.5423,-25.7605,-0.1099,-0.0393,-0.6112,4.15175,22.0,24.0,25.0,20.0,25.0,22.0,27.0,21.0,24.0,27.0,29.0,21.0,25.0,34.0,39.0,21.0,33.0,37.0,19.0,22.0,22.0,21.0,21.0,21.0,21.0,22.0,22.0,22.0,21.0,22.0,21.0,22.0,22.0,22.0,21.0,21.0,21.0,21.0,10.0,hold,0,0,7.5464
1788795912.1355,2026-09-07 17:45:12.135,18,e4,1,0,-0.05054,-0.50492,0.04062,-3.7619,11.6977,-25.7354,-0.1154,-0.0457,-0.6063,4.14923,22.0,24.0,25.0,20.0,25.0,22.0,27.0,21.0,24.0,27.0,29.0,21.0,25.0,34.0,39.0,21.0,33.0,37.0,19.0,22.0,22.0,21.0,21.0,21.0,21.0,22.0,22.0,22.0,21.0,22.0,21.0,22.0,22.0,22.0,21.0,21.0,21.0,21.0,10.0,hold,0,0,7.5688
1788795912.1856,2026-09-07 17:45:12.185,18,e4,1,0,-0.05055,-0.50491,0.04062,-3.6806,11.6945,-25.7607,-0.1135,-0.0416,-0.6112,4.14369,22.0,25.0,24.0,20.0,24.0,23.0,25.0,22.0,23.0,27.0,29.0,22.0,25.0,32.0,39.0,22.0,33.0,36.0,20.0,22.0,22.0,21.0,21.0,21.0,21.0,22.0,22.0,22.0,21.0,22.0,21.0,22.0,22.0,22.0,21.0,21.0,21.0,21.0,10.0,hold,0,0,7.6181
1788795912.2356,2026-09-07 17:45:12.235,18,e4,1,0,-0.05053,-0.50491,0.04061,-3.8788,11.3711,-25.9381,-0.1064,-0.0473,-0.6145,4.14546,22.0,25.0,24.0,20.0,24.0,23.0,25.0,22.0,23.0,27.0,29.0,22.0,25.0,32.0,39.0,22.0,33.0,36.0,20.0,22.0,22.0,21.0,21.0,21.0,21.0,22.0,22.0,22.0,21.0,22.0,21.0,22.0,22.0,22.0,21.0,21.0,21.0,21.0,10.0,hold,0,0,7.6024
1788795912.2858,2026-09-07 17:45:12.285,18,e4,1,0,-0.05054,-0.50492,0.04062,-3.3918,11.3749,-25.9835,-0.1036,-0.0341,-0.6051,4.14344,23.0,23.0,24.0,22.0,24.0,22.0,27.0,22.0,24.0,27.0,29.0,23.0,25.0,33.0,40.0,23.0,34.0,37.0,22.0,22.0,22.0,21.0,21.0,21.0,21.0,22.0,22.0,22.0,21.0,22.0,21.0,22.0,22.0,22.0,21.0,21.0,21.0,21.0,10.0,hold,0,0,7.6203
1788795912.3359,2026-09-07 17:45:12.335,18,e4,1,0,-0.05055,-0.50492,0.04063,-3.3928,11.3946,-25.9155,-0.1039,-0.0332,-0.6064,4.15276,21.0,24.0,25.0,21.0,24.0,24.0,26.0,21.0,25.0,29.0,30.0,21.0,25.0,34.0,38.0,21.0,35.0,35.0,20.0,22.0,22.0,21.0,21.0,21.0,21.0,22.0,22.0,22.0,21.0,22.0,21.0,22.0,22.0,22.0,21.0,21.0,21.0,21.0,10.0,hold,0,0,7.5374
1788795912.386,2026-09-07 17:45:12.386,18,e4,1,0,-0.05054,-0.50491,0.04062,-3.4684,11.4398,-25.9187,-0.1099,-0.0345,-0.6096,4.14873,21.0,24.0,25.0,21.0,24.0,24.0,26.0,21.0,25.0,29.0,30.0,21.0,25.0,34.0,38.0,21.0,35.0,35.0,20.0,22.0,22.0,21.0,21.0,21.0,21.0,22.0,22.0,22.0,21.0,22.0,21.0,22.0,22.0,22.0,21.0,21.0,21.0,21.0,10.0,hold,0,0,7.5733
1788795912.4361,2026-09-07 17:45:12.436,18,e4,1,0,-0.05054,-0.50493,0.04063,-3.7077,11.176,-25.8626,-0.099,-0.0439,-0.6121,4.14672,21.0,25.0,25.0,19.0,24.0,23.0,25.0,21.0,23.0,28.0,30.0,22.0,25.0,33.0,40.0,21.0,35.0,37.0,21.0,22.0,22.0,21.0,21.0,21.0,21.0,22.0,22.0,22.0,21.0,22.0,21.0,22.0,22.0,22.0,21.0,21.0,21.0,21.0,10.0,hold,0,0,7.5912
1788795912.4863,2026-09-07 17:45:12.486,18,e4,1,0,-0.05052,-0.50491,0.04061,-3.6204,11.5544,-25.7237,-0.1104,-0.0402,-0.6064,4.15074,21.0,25.0,25.0,19.0,24.0,23.0,25.0,21.0,23.0,28.0,30.0,22.0,25.0,33.0,40.0,21.0,35.0,37.0,21.0,22.0,22.0,21.0,21.0,21.0,21.0,22.0,22.0,22.0,21.0,22.0,21.0,22.0,22.0,22.0,21.0,21.0,21.0,21.0,10.0,hold,0,0,7.5554
1788795912.5364,2026-09-07 17:45:12.536,18,e4,1,0,-0.05054,-0.50492,0.04063,-4.073,11.699,-25.6294,-0.1099,-0.0526,-0.616,4.15226,21.0,24.0,26.0,22.0,23.0,25.0,25.0,23.0,23.0,28.0,29.0,22.0,26.0,34.0,39.0,23.0,34.0,36.0,23.0,22.0,22.0,21.0,21.0,21.0,21.0,22.0,22.0,22.0,21.0,22.0,21.0,22.0,22.0,22.0,21.0,21.0,21.0,21.0,10.0,hold,0,0,7.5419
1788795912.5865,2026-09-07 17:45:12.586,18,e4,1,0,-0.05052,-0.50493,0.04063,-4.051,12.14,-25.8012,-0.1269,-0.0465,-0.6172,4.14797,23.0,25.0,26.0,22.0,25.0,24.0,25.0,21.0,24.0,27.0,29.0,22.0,25.0,33.0,40.0,21.0,34.0,38.0,20.0,22.0,22.0,21.0,21.0,21.0,21.0,22.0,22.0,22.0,21.0,22.0,21.0,22.0,22.0,22.0,21.0,21.0,21.0,21.0,10.0,hold,0,0,7.58
1788795912.6366,2026-09-07 17:45:12.636,18,e4,1,0,-0.05052,-0.50491,0.04061,-3.9861,11.5931,-25.8044,-0.1113,-0.0487,-0.6093,4.15351,23.0,25.0,26.0,22.0,25.0,24.0,25.0,21.0,24.0,27.0,29.0,22.0,25.0,33.0,40.0,21.0,34.0,38.0,20.0,22.0,22.0,21.0,21.0,21.0,21.0,22.0,22.0,22.0,21.0,22.0,21.0,22.0,22.0,22.0,21.0,21.0,21.0,21.0,10.0,hold,0,0,7.5307
1788795912.6867,2026-09-07 17:45:12.686,18,e4,1,0,-0.05054,-0.50492,0.04063,-3.8925,11.9181,-25.9347,-0.1185,-0.0451,-0.6107,4.14319,23.0,25.0,24.0,22.0,24.0,22.0,26.0,23.0,23.0,29.0,28.0,23.0,25.0,34.0,38.0,23.0,35.0,37.0,22.0,22.0,22.0,21.0,21.0,21.0,21.0,22.0,22.0,22.0,21.0,22.0,21.0,22.0,22.0,22.0,21.0,21.0,21.0,21.0,10.0,hold,0,0,7.6226
1788795912.7369,2026-09-07 17:45:12.736,18,e4,1,0,-0.05054,-0.50492,0.04062,-3.4491,11.3424,-25.918,-0.1048,-0.0349,-0.6031,4.14923,23.0,25.0,24.0,22.0,24.0,22.0,26.0,23.0,23.0,29.0,28.0,23.0,25.0,34.0,38.0,23.0,35.0,37.0,22.0,22.0,22.0,21.0,21.0,21.0,21.0,22.0,22.0,22.0,21.0,22.0,21.0,22.0,22.0,22.0,21.0,21.0,21.0,21.0,10.0,hold,0,0,7.5688
1788795912.7871,2026-09-07 17:45:12.787,18,e4,1,0,-0.05054,-0.50492,0.04062,-3.8706,11.9421,-25.8705,-0.116,-0.0451,-0.6094,4.15779,23.0,23.0,26.0,21.0,23.0,24.0,25.0,22.0,24.0,27.0,31.0,22.0,25.0,33.0,40.0,23.0,34.0,39.0,22.0,22.0,22.0,21.0,21.0,21.0,21.0,22.0,22.0,22.0,21.0,22.0,21.0,22.0,22.0,22.0,21.0,21.0,21.0,21.0,10.0,hold,0,0,7.4926
1788795912.8372,2026-09-07 17:45:12.837,18,e4,1,0,-0.05053,-0.50492,0.04062,-3.5912,11.5088,-25.819,-0.1094,-0.0377,-0.6065,4.15377,22.0,24.0,25.0,21.0,24.0,23.0,26.0,21.0,25.0,28.0,31.0,22.0,25.0,33.0,40.0,21.0,34.0,37.0,20.0,22.0,22.0,21.0,21.0,21.0,21.0,22.0,22.0,22.0,21.0,22.0,21.0,22.0,22.0,22.0,21.0,21.0,21.0,21.0,10.0,hold,0,0,7.5285
1788795912.8873,2026-09-07 17:45:12.887,18,e4,1,0,-0.05054,-0.50492,0.04061,-3.749,11.2633,-25.8597,-0.0996,-0.0431,-0.6076,4.14294,22.0,24.0,25.0,21.0,24.0,23.0,26.0,21.0,25.0,28.0,31.0,22.0,25.0,33.0,40.0,21.0,34.0,37.0,20.0,22.0,22.0,21.0,21.0,21.0,21.0,22.0,22.0,22.0,21.0,22.0,21.0,22.0,22.0,22.0,21.0,21.0,21.0,21.0,10.0,hold,0,0,7.6248
1788795912.9375,2026-09-07 17:45:12.937,18,e4,1,0,-0.05055,-0.50492,0.04061,-3.7944,11.3482,-25.8995,-0.1034,-0.0427,-0.6113,4.14898,21.0,25.0,26.0,22.0,24.0,24.0,26.0,21.0,23.0,27.0,29.0,21.0,25.0,34.0,39.0,22.0,35.0,37.0,23.0,22.0,22.0,21.0,21.0,21.0,21.0,22.0,22.0,22.0,21.0,22.0,21.0,22.0,22.0,22.0,21.0,21.0,21.0,21.0,10.0,hold,0,0,7.571
1788795912.9876,2026-09-07 17:45:12.987,18,e4,1,0,-0.05054,-0.50491,0.04061,-3.4237,11.5177,-25.9115,-0.1093,-0.0352,-0.6074,4.16081,21.0,25.0,26.0,22.0,24.0,24.0,26.0,21.0,23.0,27.0,29.0,21.0,25.0,34.0,39.0,22.0,35.0,37.0,23.0,22.0,22.0,21.0,21.0,21.0,21.0,22.0,22.0,22.0,21.0,22.0,21.0,22.0,22.0,22.0,21.0,21.0,21.0,21.0,10.0,hold,0,0,7.4658
1788795913.0377,2026-09-07 17:45:13.037,18,e4,1,0,-0.05054,-0.50493,0.04062,-3.6242,11.3568,-25.8509,-0.1066,-0.0425,-0.608,4.14923,22.0,24.0,26.0,20.0,23.0,24.0,24.0,22.0,24.0,27.0,28.0,22.0,25.0,32.0,38.0,23.0,34.0,37.0,22.0,22.0,22.0,21.0,21.0,21.0,21.0,22.0,22.0,22.0,21.0,22.0,21.0,22.0,22.0,22.0,21.0,21.0,21.0,21.0,10.0,hold,0,0,7.5688
1788795913.0879,2026-09-07 17:45:13.087,18,e4,1,0,-0.05052,-0.5049,0.0406,-3.7369,11.7807,-25.8089,-0.1147,-0.0404,-0.6029,4.15251,22.0,24.0,24.0,21.0,24.0,22.0,26.0,22.0,25.0,27.0,29.0,22.0,26.0,32.0,38.0,23.0,34.0,37.0,24.0,22.0,22.0,21.0,21.0,21.0,21.0,22.0,22.0,22.0,21.0,22.0,21.0,22.0,22.0,22.0,21.0,21.0,21.0,21.0,10.0,hold,0,0,7.5397
1788795913.138,2026-09-07 17:45:13.138,18,e4,1,0,-0.05054,-0.50492,0.04062,-3.8579,11.6289,-25.9047,-0.1108,-0.0436,-0.6153,4.16081,22.0,24.0,24.0,21.0,24.0,22.0,26.0,22.0,25.0,27.0,29.0,22.0,26.0,32.0,38.0,23.0,34.0,37.0,24.0,22.0,22.0,21.0,21.0,21.0,21.0,22.0,22.0,22.0,21.0,22.0,21.0,22.0,22.0,22.0,21.0,21.0,21.0,21.0,10.0,hold,0,0,7.4658
1788795913.188,2026-09-07 17:45:13.188,18,e4,1,0,-0.05054,-0.50492,0.04061,-3.7338,11.6318,-25.8681,-0.1121,-0.0411,-0.5996,4.15502,25.0,25.0,25.0,22.0,25.0,24.0,26.0,20.0,24.0,28.0,28.0,21.0,25.0,35.0,38.0,22.0,35.0,37.0,21.0,22.0,22.0,21.0,21.0,21.0,21.0,22.0,22.0,22.0,21.0,22.0,21.0,22.0,22.0,22.0,21.0,21.0,21.0,21.0,10.0,hold,0,0,7.5173
1788795913.2381,2026-09-07 17:45:13.238,18,e4,1,0,-0.05052,-0.50491,0.04062,-3.6862,11.8989,-25.7563,-0.1159,-0.0385,-0.6104,4.1588,25.0,25.0,25.0,22.0,25.0,24.0,26.0,20.0,24.0,28.0,28.0,21.0,25.0,35.0,38.0,22.0,35.0,37.0,21.0,22.0,22.0,21.0,21.0,21.0,21.0,22.0,22.0,22.0,21.0,22.0,21.0,22.0,22.0,22.0,21.0,21.0,21.0,21.0,10.0,hold,0,0,7.4837
1788795913.2882,2026-09-07 17:45:13.288,18,e4,1,0,-0.05053,-0.50491,0.04061,-3.538,11.5402,-25.9524,-0.11,-0.0391,-0.6073,4.16107,21.0,24.0,26.0,20.0,24.0,24.0,26.0,21.0,23.0,27.0,30.0,21.0,25.0,35.0,40.0,22.0,35.0,38.0,22.0,22.0,22.0,21.0,21.0,21.0,21.0,22.0,22.0,22.0,21.0,22.0,21.0,22.0,22.0,22.0,21.0,21.0,21.0,21.0,10.0,hold,0,0,7.4635
1788795913.3383,2026-09-07 17:45:13.338,18,e4,1,0,-0.05053,-0.50492,0.04062,-3.7522,11.4605,-25.9238,-0.1039,-0.0441,-0.6081,4.15326,21.0,24.0,26.0,20.0,24.0,24.0,26.0,21.0,23.0,27.0,30.0,21.0,25.0,35.0,40.0,22.0,35.0,38.0,22.0,22.0,22.0,21.0,21.0,21.0,21.0,22.0,22.0,22.0,21.0,22.0,21.0,22.0,22.0,22.0,21.0,21.0,21.0,21.0,10.0,hold,0,0,7.533
1788795913.3885,2026-09-07 17:45:13.388,18,e4,1,0,-0.05054,-0.50493,0.04063,-3.7125,11.5995,-25.7412,-0.1114,-0.0404,-0.6088,4.15754,22.0,25.0,26.0,21.0,25.0,23.0,26.0,20.0,24.0,27.0,30.0,21.0,25.0,34.0,40.0,20.0,34.0,38.0,19.0,22.0,22.0,21.0,21.0,21.0,21.0,22.0,22.0,22.0,21.0,22.0,21.0,22.0,22.0,22.0,21.0,21.0,21.0,21.0,10.0,hold,0,0,7.4949
1788795913.4386,2026-09-07 17:45:13.438,18,e4,1,0,-0.05051,-0.50492,0.04062,-3.3619,11.5766,-25.8349,-0.1102,-0.0315,-0.609,4.1656,21.0,25.0,25.0,20.0,25.0,23.0,27.0,21.0,24.0,28.0,31.0,22.0,26.0,34.0,39.0,21.0,35.0,39.0,21.0,22.0,22.0,21.0,21.0,21.0,21.0,22.0,22.0,22.0,21.0,22.0,21.0,22.0,22.0,22.0,21.0,21.0,21.0,21.0,10.0,hold,0,0,7.4232
1788795913.4887,2026-09-07 17:45:13.488,18,e4,1,0,-0.05053,-0.50492,0.04061,-3.575,11.5976,-26.0445,-0.1073,-0.0366,-0.6112,4.16006,21.0,25.0,25.0,20.0,25.0,23.0,27.0,21.0,24.0,28.0,31.0,22.0,26.0,34.0,39.0,21.0,35.0,39.0,21.0,22.0,22.0,21.0,21.0,21.0,21.0,22.0,22.0,22.0,21.0,22.0,21.0,22.0,22.0,22.0,21.0,21.0,21.0,21.0,10.0,hold,0,0,7.4725
1788795913.5388,2026-09-07 17:45:13.538,18,e4,1,0,-0.05056,-0.50493,0.04062,-3.9706,11.7518,-25.8178,-0.1137,-0.0476,-0.6088,4.15351,21.0,24.0,26.0,20.0,23.0,24.0,28.0,19.0,22.0,28.0,30.0,20.0,24.0,34.0,40.0,19.0,35.0,38.0,18.0,22.0,22.0,21.0,21.0,21.0,21.0,22.0,22.0,22.0,21.0,22.0,21.0,22.0,22.0,22.0,21.0,21.0,21.0,21.0,10.0,hold,0,0,7.5307
1788795913.5889,2026-09-07 17:45:13.588,18,e4,1,0,-0.05053,-0.50492,0.04061,-3.2704,11.4395,-25.9229,-0.1046,-0.0323,-0.6055,4.16081,21.0,24.0,26.0,20.0,23.0,24.0,28.0,19.0,22.0,28.0,30.0,20.0,24.0,34.0,40.0,19.0,35.0,38.0,18.0,22.0,22.0,21.0,21.0,21.0,21.0,22.0,22.0,22.0,21.0,22.0,21.0,22.0,22.0,22.0,21.0,21.0,21.0,21.0,10.0,hold,0,0,7.4658
1788795913.6389,2026-09-07 17:45:13.638,18,e4,1,0,-0.05053,-0.50491,0.04062,-3.2632,11.2331,-25.8234,-0.0999,-0.0299,-0.6021,4.152,20.0,23.0,26.0,18.0,23.0,23.0,27.0,21.0,24.0,28.0,29.0,21.0,26.0,33.0,40.0,20.0,34.0,38.0,20.0,22.0,22.0,21.0,21.0,21.0,21.0,22.0,22.0,22.0,21.0,22.0,21.0,22.0,22.0,22.0,21.0,21.0,21.0,21.0,10.0,hold,0,0,7.5442
1788795913.6891,2026-09-07 17:45:13.689,18,e4,1,0,-0.05053,-0.50491,0.04061,-3.9324,11.7255,-25.9084,-0.1129,-0.0482,-0.6079,4.16384,21.0,26.0,25.0,21.0,24.0,24.0,26.0,20.0,24.0,28.0,30.0,22.0,25.0,34.0,39.0,20.0,34.0,38.0,20.0,22.0,22.0,21.0,21.0,21.0,21.0,22.0,22.0,22.0,21.0,22.0,21.0,22.0,22.0,22.0,21.0,21.0,21.0,21.0,10.0,hold,0,0,7.4389
1788795913.7392,2026-09-07 17:45:13.739,18,e4,1,0,-0.05054,-0.50492,0.04062,-3.9941,11.7524,-25.6615,-0.1112,-0.0482,-0.6151,4.15553,21.0,26.0,25.0,21.0,24.0,24.0,26.0,20.0,24.0,28.0,30.0,22.0,25.0,34.0,39.0,20.0,34.0,38.0,20.0,22.0,22.0,21.0,21.0,21.0,21.0,22.0,22.0,22.0,21.0,22.0,21.0,22.0,22.0,22.0,21.0,21.0,21.0,21.0,10.0,hold,0,0,7.5128
1788795913.7893,2026-09-07 17:45:13.789,18,e4,1,0,-0.05054,-0.50492,0.04063,-4.0312,11.4252,-25.7682,-0.1028,-0.0479,-0.6101,4.16233,21.0,24.0,25.0,19.0,24.0,22.0,26.0,20.0,24.0,28.0,31.0,20.0,25.0,34.0,40.0,20.0,36.0,38.0,20.0,22.0,22.0,21.0,21.0,21.0,21.0,22.0,22.0,22.0,21.0,22.0,21.0,22.0,22.0,22.0,21.0,21.0,21.0,21.0,10.0,hold,0,0,7.4523
1788795913.8395,2026-09-07 17:45:13.839,18,e4,1,0,-0.05056,-0.50491,0.04061,-3.415,11.1929,-26.1284,-0.1005,-0.0348,-0.6008,4.16384,21.0,24.0,25.0,19.0,24.0,22.0,26.0,20.0,24.0,28.0,31.0,20.0,25.0,34.0,40.0,20.0,36.0,38.0,20.0,22.0,22.0,21.0,21.0,21.0,21.0,22.0,22.0,22.0,21.0,22.0,21.0,22.0,22.0,22.0,21.0,21.0,21.0,21.0,10.0,hold,0,0,7.4389
1788795913.8896,2026-09-07 17:45:13.889,18,e4,1,0,-0.05053,-0.50492,0.0406,-3.6152,11.6716,-25.9449,-0.1107,-0.0416,-0.6076,4.15905,20.0,24.0,25.0,18.0,24.0,25.0,25.0,22.0,25.0,27.0,31.0,20.0,26.0,32.0,40.0,22.0,33.0,38.0,21.0,22.0,22.0,21.0,21.0,21.0,21.0,22.0,22.0,22.0,21.0,22.0,21.0,22.0,22.0,22.0,21.0,21.0,21.0,21.0,10.0,hold,0,0,7.4814
1788795913.9397,2026-09-07 17:45:13.939,18,e4,1,0,-0.05056,-0.50493,0.04063,-3.5372,11.5802,-25.7868,-0.108,-0.0378,-0.611,4.16132,21.0,25.0,25.0,20.0,24.0,22.0,26.0,21.0,24.0,28.0,30.0,21.0,25.0,33.0,40.0,22.0,34.0,37.0,21.0,22.0,22.0,21.0,21.0,21.0,21.0,22.0,22.0,22.0,21.0,22.0,21.0,22.0,22.0,22.0,21.0,21.0,21.0,21.0,10.0,hold,0,0,7.4613
1788795913.9898,2026-09-07 17:45:13.989,18,e4,1,0,-0.05054,-0.50492,0.04063,-3.8724,11.5847,-25.9254,-0.1116,-0.04,-0.6058,4.15653,21.0,25.0,25.0,20.0,24.0,22.0,26.0,21.0,24.0,28.0,30.0,21.0,25.0,33.0,40.0,22.0,34.0,37.0,21.0,22.0,22.0,21.0,21.0,21.0,21.0,22.0,22.0,22.0,21.0,22.0,21.0,22.0,22.0,22.0,21.0,21.0,21.0,21.0,10.0,hold,0,0,7.5038
1788795914.0399,2026-09-07 17:45:14.039,18,e4,1,0,-0.05053,-0.50491,0.04062,-3.9196,11.7259,-25.9793,-0.1158,-0.0455,-0.6118,4.16862,19.0,24.0,26.0,19.0,24.0,23.0,25.0,22.0,23.0,29.0,28.0,23.0,25.0,35.0,38.0,23.0,36.0,37.0,21.0,22.0,22.0,21.0,21.0,21.0,21.0,22.0,22.0,22.0,21.0,22.0,21.0,22.0,22.0,22.0,21.0,21.0,21.0,21.0,10.0,hold,0,0,7.3963
1788795914.09,2026-09-07 17:45:14.090,18,e4,1,0,-0.05054,-0.50493,0.04063,-3.834,11.7896,-25.8265,-0.1133,-0.0464,-0.6054,4.16132,19.0,24.0,26.0,19.0,24.0,23.0,25.0,22.0,23.0,29.0,28.0,23.0,25.0,35.0,38.0,23.0,36.0,37.0,21.0,22.0,22.0,21.0,21.0,21.0,21.0,22.0,22.0,22.0,21.0,22.0,21.0,22.0,22.0,22.0,21.0,21.0,21.0,21.0,10.0,hold,0,0,7.4613
1788795914.1401,2026-09-07 17:45:14.140,18,e4,0,0,-0.05052,-0.50493,0.04063,-3.8618,11.7828,-25.9012,-0.1157,-0.0465,-0.6151,4.16409,21.0,24.0,27.0,21.0,24.0,24.0,24.0,21.0,24.0,28.0,30.0,22.0,26.0,35.0,39.0,21.0,35.0,38.0,20.0,22.0,22.0,21.0,21.0,21.0,21.0,22.0,22.0,22.0,21.0,22.0,21.0,22.0,22.0,22.0,21.0,21.0,21.0,21.0,10.0,retract,0,0,7.4366
1788795914.1902,2026-09-07 17:45:14.190,18,e4,0,0,-0.05052,-0.50491,0.04064,-4.0712,11.8201,-25.5311,-0.1161,-0.0485,-0.6076,4.17642,22.0,23.0,26.0,21.0,24.0,24.0,26.0,22.0,25.0,28.0,30.0,22.0,26.0,34.0,39.0,22.0,33.0,37.0,21.0,22.0,22.0,21.0,21.0,21.0,21.0,22.0,22.0,22.0,21.0,22.0,21.0,22.0,22.0,22.0,21.0,21.0,21.0,21.0,10.0,retract,0,0,7.3269
1788795914.2403,2026-09-07 17:45:14.240,18,e4,0,0,-0.05053,-0.50491,0.04069,-3.7531,11.3134,-25.8771,-0.1029,-0.0418,-0.6063,4.18977,22.0,23.0,26.0,21.0,24.0,24.0,26.0,22.0,25.0,28.0,30.0,22.0,26.0,34.0,39.0,22.0,33.0,37.0,21.0,22.0,22.0,21.0,21.0,21.0,21.0,22.0,22.0,22.0,21.0,22.0,21.0,22.0,22.0,22.0,21.0,21.0,21.0,21.0,10.0,retract,0,0,7.2082
1788795914.2905,2026-09-07 17:45:14.290,18,e4,0,0,-0.05053,-0.5049,0.04076,-4.1124,11.8043,-25.9483,-0.1147,-0.0517,-0.6079,4.21923,22.0,26.0,25.0,21.0,26.0,22.0,25.0,22.0,27.0,27.0,31.0,22.0,28.0,34.0,40.0,21.0,34.0,37.0,22.0,22.0,22.0,21.0,21.0,21.0,21.0,22.0,22.0,22.0,21.0,22.0,21.0,22.0,22.0,22.0,21.0,21.0,21.0,21.0,10.0,retract,0,0,6.9461
1788795914.3406,2026-09-07 17:45:14.340,18,e4,0,0,-0.05055,-0.50491,0.04091,-4.0509,11.7642,-26.2459,-0.1146,-0.0446,-0.6071,4.26505,22.0,26.0,25.0,21.0,26.0,22.0,25.0,22.0,27.0,27.0,31.0,22.0,28.0,34.0,40.0,21.0,34.0,37.0,22.0,22.0,22.0,21.0,21.0,21.0,21.0,22.0,22.0,22.0,21.0,22.0,21.0,22.0,22.0,22.0,21.0,21.0,21.0,21.0,10.0,retract,0,0,6.5385
1788795914.3906,2026-09-07 17:45:14.390,18,e4,0,0,-0.05054,-0.50489,0.04105,-3.8932,11.7112,-26.2694,-0.1131,-0.0427,-0.6112,4.32195,23.0,26.0,24.0,21.0,26.0,23.0,26.0,20.0,25.0,27.0,29.0,20.0,27.0,33.0,38.0,21.0,33.0,36.0,20.0,22.0,22.0,21.0,21.0,21.0,21.0,22.0,22.0,22.0,21.0,22.0,21.0,22.0,22.0,22.0,21.0,21.0,21.0,21.0,10.0,retract,0,0,6.0322
1788795914.4408,2026-09-07 17:45:14.440,18,e4,0,0,-0.05054,-0.50491,0.04127,-3.9365,11.8562,-26.5487,-0.1157,-0.0405,-0.6096,4.36576,21.0,25.0,25.0,19.0,24.0,23.0,25.0,21.0,26.0,25.0,28.0,22.0,25.0,31.0,38.0,22.0,32.0,36.0,21.0,22.0,22.0,21.0,21.0,21.0,21.0,22.0,22.0,22.0,21.0,22.0,21.0,22.0,22.0,22.0,21.0,21.0,21.0,21.0,10.0,retract,0,0,5.6425
1788795914.4909,2026-09-07 17:45:14.490,18,e4,0,0,-0.05055,-0.5049,0.0415,-4.1283,11.845,-26.4175,-0.1187,-0.0438,-0.6093,4.42065,21.0,25.0,25.0,19.0,24.0,23.0,25.0,21.0,26.0,25.0,28.0,22.0,25.0,31.0,38.0,22.0,32.0,36.0,21.0,22.0,22.0,21.0,21.0,21.0,21.0,22.0,22.0,22.0,21.0,22.0,21.0,22.0,22.0,22.0,21.0,21.0,21.0,21.0,10.0,retract,0,0,5.1542
1788795914.541,2026-09-07 17:45:14.541,18,e4,0,0,-0.05054,-0.50489,0.04175,-4.1846,11.7839,-26.7886,-0.1184,-0.0389,-0.6104,4.46672,22.0,25.0,25.0,21.0,26.0,21.0,26.0,19.0,24.0,27.0,27.0,20.0,25.0,32.0,37.0,20.0,32.0,34.0,19.0,22.0,22.0,21.0,21.0,21.0,21.0,22.0,22.0,22.0,21.0,22.0,21.0,22.0,22.0,22.0,21.0,21.0,21.0,21.0,10.0,retract,0,0,4.7443
1788795914.5911,2026-09-07 17:45:14.591,18,e4,0,0,-0.05053,-0.50488,0.04202,-4.139,11.8479,-26.7962,-0.1213,-0.0365,-0.6101,4.51053,22.0,25.0,25.0,21.0,26.0,21.0,26.0,19.0,24.0,27.0,27.0,20.0,25.0,32.0,37.0,20.0,32.0,34.0,19.0,22.0,22.0,21.0,21.0,21.0,21.0,22.0,22.0,22.0,21.0,22.0,21.0,22.0,22.0,22.0,21.0,21.0,21.0,21.0,10.0,retract,0,0,4.3545
1788795914.6412,2026-09-07 17:45:14.641,18,e4,0,0,-0.05053,-0.50488,0.04236,-4.2925,11.6479,-27.1283,-0.1148,-0.0359,-0.6102,4.56592,21.0,26.0,25.0,19.0,24.0,23.0,25.0,21.0,24.0,26.0,27.0,21.0,27.0,32.0,36.0,21.0,31.0,34.0,21.0,22.0,22.0,21.0,21.0,21.0,21.0,22.0,22.0,22.0,21.0,22.0,21.0,22.0,22.0,22.0,21.0,21.0,21.0,21.0,10.0,retract,0,0,3.8618
1788795914.6914,2026-09-07 17:45:14.691,18,e4,0,0,-0.05051,-0.50487,0.04268,-4.3518,11.5091,-27.3543,-0.1109,-0.0316,-0.6064,4.60419,21.0,26.0,25.0,19.0,24.0,23.0,25.0,21.0,24.0,26.0,27.0,21.0,27.0,32.0,36.0,21.0,31.0,34.0,21.0,22.0,22.0,21.0,21.0,21.0,21.0,22.0,22.0,22.0,21.0,22.0,21.0,22.0,22.0,22.0,21.0,21.0,21.0,21.0,10.0,retract,0,0,3.5213
1788795914.7415,2026-09-07 17:45:14.741,18,e4,0,0,-0.05053,-0.50488,0.04299,-4.3631,11.8981,-27.4612,-0.1231,-0.0299,-0.6119,4.63591,21.0,24.0,25.0,20.0,25.0,21.0,24.0,22.0,23.0,26.0,26.0,21.0,25.0,31.0,34.0,22.0,31.0,32.0,20.0,22.0,22.0,21.0,21.0,21.0,21.0,22.0,22.0,22.0,21.0,22.0,21.0,22.0,22.0,22.0,21.0,21.0,21.0,21.0,10.0,retract,0,0,3.2391
1788795914.7916,2026-09-07 17:45:14.791,18,e4,0,0,-0.05054,-0.50489,0.04335,-4.0123,11.4348,-27.6622,-0.1078,-0.0163,-0.6093,4.66109,21.0,25.0,24.0,22.0,23.0,22.0,24.0,22.0,25.0,27.0,27.0,23.0,25.0,31.0,33.0,22.0,32.0,32.0,22.0,22.0,22.0,21.0,21.0,21.0,21.0,22.0,22.0,22.0,21.0,22.0,21.0,22.0,22.0,22.0,21.0,21.0,21.0,21.0,10.0,retract,0,0,3.0151
1788795914.8417,2026-09-07 17:45:14.841,18,e4,0,0,-0.05054,-0.5049,0.04369,-4.3828,11.6057,-27.5626,-0.1132,-0.022,-0.6101,4.68879,21.0,25.0,24.0,22.0,23.0,22.0,24.0,22.0,25.0,27.0,27.0,23.0,25.0,31.0,33.0,22.0,32.0,32.0,22.0,22.0,22.0,21.0,21.0,21.0,21.0,22.0,22.0,22.0,21.0,22.0,21.0,22.0,22.0,22.0,21.0,21.0,21.0,21.0,10.0,retract,0,0,2.7687
1788795914.8919,2026-09-07 17:45:14.891,18,e4,0,0,-0.05054,-0.50491,0.04406,-4.7043,11.7382,-27.6839,-0.1173,-0.0218,-0.6047,4.69533,22.0,25.0,26.0,21.0,24.0,23.0,24.0,23.0,23.0,25.0,26.0,23.0,25.0,30.0,32.0,23.0,30.0,31.0,22.0,22.0,22.0,21.0,21.0,21.0,21.0,22.0,22.0,22.0,21.0,22.0,21.0,22.0,22.0,22.0,21.0,21.0,21.0,21.0,10.0,retract,0,0,2.7105
1788795914.9419,2026-09-07 17:45:14.941,18,e4,0,0,-0.05053,-0.5049,0.04437,-4.8967,11.6418,-27.6907,-0.1138,-0.0241,-0.6196,4.70062,22.0,25.0,26.0,21.0,24.0,23.0,24.0,23.0,23.0,25.0,26.0,23.0,25.0,30.0,32.0,23.0,30.0,31.0,22.0,22.0,22.0,21.0,21.0,21.0,21.0,22.0,22.0,22.0,21.0,22.0,21.0,22.0,22.0,22.0,21.0,21.0,21.0,21.0,10.0,retract,0,0,2.6634
1788795914.992,2026-09-07 17:45:14.991,18,e4,0,0,-0.05053,-0.50489,0.04471,-4.8933,11.4511,-27.8048,-0.1083,-0.0249,-0.6062,4.70112,22.0,23.0,25.0,21.0,24.0,22.0,24.0,19.0,24.0,27.0,25.0,19.0,25.0,31.0,29.0,19.0,31.0,28.0,19.0,22.0,22.0,21.0,21.0,21.0,21.0,22.0,22.0,22.0,21.0,22.0,21.0,22.0,22.0,22.0,21.0,21.0,21.0,21.0,10.0,retract,0,0,2.6589
1788795915.0421,2026-09-07 17:45:15.042,18,e4,0,0,-0.05054,-0.5049,0.04505,-4.74,11.741,-27.6443,-0.1206,-0.0203,-0.6113,4.68123,20.0,24.0,25.0,20.0,24.0,24.0,22.0,21.0,23.0,27.0,27.0,21.0,25.0,29.0,29.0,23.0,29.0,30.0,22.0,22.0,22.0,21.0,21.0,21.0,21.0,22.0,22.0,22.0,21.0,22.0,21.0,22.0,22.0,22.0,21.0,21.0,21.0,21.0,10.0,retract,0,0,2.8359
1788795915.0922,2026-09-07 17:45:15.092,18,e4,0,0,-0.05053,-0.50491,0.04537,-5.0822,11.7315,-27.6845,-0.1195,-0.0292,-0.6133,4.70188,20.0,24.0,25.0,20.0,24.0,24.0,22.0,21.0,23.0,27.0,27.0,21.0,25.0,29.0,29.0,23.0,29.0,30.0,22.0,22.0,22.0,21.0,21.0,21.0,21.0,22.0,22.0,22.0,21.0,22.0,21.0,22.0,22.0,22.0,21.0,21.0,21.0,21.0,10.0,retract,0,0,2.6522
1788795915.1423,2026-09-07 17:45:15.142,18,e4,0,0,-0.05052,-0.50489,0.04568,-5.2319,11.8197,-27.4642,-0.1199,-0.0335,-0.6168,4.69004,22.0,25.0,23.0,21.0,24.0,22.0,24.0,23.0,23.0,26.0,25.0,23.0,24.0,28.0,28.0,23.0,29.0,29.0,22.0,22.0,22.0,21.0,21.0,21.0,21.0,22.0,22.0,22.0,21.0,22.0,21.0,22.0,22.0,22.0,21.0,21.0,21.0,21.0,10.0,retract,0,0,2.7575
1788795915.1925,2026-09-07 17:45:15.192,18,e4,0,0,-0.05053,-0.50489,0.04602,-5.1674,11.9946,-27.5063,-0.123,-0.0302,-0.6133,4.69659,22.0,25.0,23.0,21.0,24.0,22.0,24.0,23.0,23.0,26.0,25.0,23.0,24.0,28.0,28.0,23.0,29.0,29.0,22.0,22.0,22.0,21.0,21.0,21.0,21.0,22.0,22.0,22.0,21.0,22.0,21.0,22.0,22.0,22.0,21.0,21.0,21.0,21.0,10.0,retract,0,0,2.6993
1788795915.2426,2026-09-07 17:45:15.242,18,e4,0,0,-0.05052,-0.5049,0.04635,-5.0841,11.8766,-27.4586,-0.1226,-0.0258,-0.6193,4.69407,24.0,24.0,26.0,22.0,23.0,23.0,23.0,21.0,24.0,26.0,24.0,22.0,25.0,29.0,28.0,21.0,29.0,28.0,21.0,22.0,22.0,21.0,21.0,21.0,21.0,22.0,22.0,22.0,21.0,22.0,21.0,22.0,22.0,22.0,21.0,21.0,21.0,21.0,10.0,retract,0,0,2.7217
1788795915.2927,2026-09-07 17:45:15.292,18,e4,0,0,-0.05054,-0.5049,0.0467,-4.9811,11.7337,-27.497,-0.1168,-0.0282,-0.6121,4.6981,22.0,26.0,24.0,22.0,25.0,24.0,24.0,21.0,23.0,26.0,25.0,23.0,25.0,27.0,28.0,22.0,29.0,28.0,22.0,22.0,22.0,21.0,21.0,21.0,21.0,22.0,22.0,22.0,21.0,22.0,21.0,22.0,22.0,22.0,21.0,21.0,21.0,21.0,10.0,retract,0,0,2.6858
1788795915.3428,2026-09-07 17:45:15.342,18,e4,0,0,-0.05052,-0.50489,0.04701,-5.038,11.8197,-27.6455,-0.1165,-0.0265,-0.6141,4.69961,22.0,26.0,24.0,22.0,25.0,24.0,24.0,21.0,23.0,26.0,25.0,23.0,25.0,27.0,28.0,22.0,29.0,28.0,22.0,22.0,22.0,21.0,21.0,21.0,21.0,22.0,22.0,22.0,21.0,22.0,21.0,22.0,22.0,22.0,21.0,21.0,21.0,21.0,10.0,retract,0,0,2.6724
1788795915.3929,2026-09-07 17:45:15.392,18,e4,0,0,-0.0505,-0.5049,0.04736,-4.8291,11.8122,-27.5215,-0.1214,-0.0246,-0.608,4.69231,24.0,24.0,24.0,21.0,24.0,22.0,23.0,21.0,23.0,24.0,24.0,22.0,24.0,26.0,26.0,22.0,26.0,26.0,22.0,22.0,22.0,21.0,21.0,21.0,21.0,22.0,22.0,22.0,21.0,22.0,21.0,22.0,22.0,22.0,21.0,21.0,21.0,21.0,10.0,retract,0,0,2.7373
1788795915.443,2026-09-07 17:45:15.443,18,e4,0,0,-0.05051,-0.5049,0.0477,-4.6678,11.7555,-27.6695,-0.1181,-0.0192,-0.6126,4.68828,24.0,24.0,24.0,21.0,24.0,22.0,23.0,21.0,23.0,24.0,24.0,22.0,24.0,26.0,26.0,22.0,26.0,26.0,22.0,22.0,22.0,21.0,21.0,21.0,21.0,22.0,22.0,22.0,21.0,22.0,21.0,22.0,22.0,22.0,21.0,21.0,21.0,21.0,10.0,retract,0,0,2.7732
1788795915.4931,2026-09-07 17:45:15.493,18,e4,0,0,-0.05054,-0.5049,0.04802,-4.3764,11.8067,-27.6528,-0.1179,-0.0117,-0.6112,4.69332,23.0,24.0,22.0,20.0,23.0,21.0,21.0,22.0,22.0,25.0,23.0,22.0,23.0,26.0,25.0,23.0,26.0,26.0,22.0,22.0,22.0,21.0,21.0,21.0,21.0,22.0,22.0,22.0,21.0,22.0,21.0,22.0,22.0,22.0,21.0,21.0,21.0,21.0,10.0,retract,0,0,2.7284
1788795915.5432,2026-09-07 17:45:15.543,18,e4,0,0,-0.05052,-0.5049,0.04837,-4.7518,12.059,-27.5814,-0.1267,-0.0191,-0.6102,4.69583,23.0,22.0,23.0,22.0,24.0,22.0,23.0,20.0,21.0,26.0,25.0,20.0,22.0,27.0,28.0,20.0,26.0,27.0,20.0,22.0,22.0,21.0,21.0,21.0,21.0,22.0,22.0,22.0,21.0,22.0,21.0,22.0,22.0,22.0,21.0,21.0,21.0,21.0,10.0,retract,0,0,2.706
1788795915.5933,2026-09-07 17:45:15.593,18,e4,0,0,-0.05053,-0.5049,0.04871,-5.1011,12.3629,-27.6332,-0.1333,-0.0303,-0.6101,4.68979,23.0,22.0,23.0,22.0,24.0,22.0,23.0,20.0,21.0,26.0,25.0,20.0,22.0,27.0,28.0,20.0,26.0,27.0,20.0,22.0,22.0,21.0,21.0,21.0,21.0,22.0,22.0,22.0,21.0,22.0,21.0,22.0,22.0,22.0,21.0,21.0,21.0,21.0,10.0,retract,0,0,2.7597
1788795915.6435,2026-09-07 17:45:15.643,18,e4,0,0,-0.05052,-0.5049,0.04907,-4.8317,12.0876,-27.5892,-0.1246,-0.0216,-0.6042,4.69785,21.0,22.0,24.0,19.0,22.0,23.0,23.0,21.0,24.0,25.0,23.0,21.0,25.0,27.0,25.0,20.0,26.0,26.0,20.0,22.0,22.0,21.0,21.0,21.0,21.0,22.0,22.0,22.0,21.0,22.0,21.0,22.0,22.0,22.0,21.0,21.0,21.0,21.0,10.0,retract,0,0,2.6881
1788795915.6936,2026-09-07 17:45:15.693,18,e4,0,0,-0.05055,-0.50489,0.04935,-4.7938,11.7381,-27.6443,-0.1173,-0.0238,-0.6089,4.70037,21.0,22.0,24.0,19.0,22.0,23.0,23.0,21.0,24.0,25.0,23.0,21.0,25.0,27.0,25.0,20.0,26.0,26.0,20.0,22.0,22.0,21.0,21.0,21.0,21.0,22.0,22.0,22.0,21.0,22.0,21.0,22.0,22.0,22.0,21.0,21.0,21.0,21.0,10.0,retract,0,0,2.6657
1788795915.7437,2026-09-07 17:45:15.743,18,e4,0,0,-0.05053,-0.5049,0.04964,-4.922,11.7375,-27.6078,-0.1161,-0.0252,-0.6137,4.69105,20.0,26.0,24.0,21.0,24.0,22.0,22.0,21.0,22.0,27.0,24.0,22.0,23.0,27.0,26.0,21.0,26.0,26.0,21.0,22.0,22.0,21.0,21.0,21.0,21.0,22.0,22.0,22.0,21.0,22.0,21.0,22.0,22.0,22.0,21.0,21.0,21.0,21.0,10.0,retract,0,0,2.7485
1788795915.7938,2026-09-07 17:45:15.793,18,e4,0,0,-0.05054,-0.50492,0.04989,-4.7307,11.9948,-27.6418,-0.1249,-0.0207,-0.611,4.69181,20.0,26.0,24.0,21.0,24.0,22.0,22.0,21.0,22.0,27.0,24.0,22.0,23.0,27.0,26.0,21.0,26.0,26.0,21.0,22.0,22.0,21.0,21.0,21.0,21.0,22.0,22.0,22.0,21.0,22.0,21.0,22.0,22.0,22.0,21.0,21.0,21.0,21.0,10.0,retract,0,0,2.7418
1788795915.8439,2026-09-07 17:45:15.843,18,e4,0,0,-0.05054,-0.50491,0.05008,-4.8913,11.6835,-27.527,-0.1154,-0.0256,-0.614,4.69558,22.0,24.0,25.0,21.0,23.0,23.0,22.0,21.0,23.0,23.0,21.0,22.0,24.0,24.0,24.0,22.0,24.0,25.0,22.0,22.0,22.0,21.0,21.0,21.0,21.0,22.0,22.0,22.0,21.0,22.0,21.0,22.0,22.0,22.0,21.0,21.0,21.0,21.0,10.0,retract,0,0,2.7082
1788795915.894,2026-09-07 17:45:15.894,18,e4,0,0,-0.05051,-0.50491,0.05022,-4.7644,11.6512,-27.6403,-0.1202,-0.0221,-0.6076,4.69407,22.0,24.0,22.0,21.0,24.0,21.0,19.0,21.0,25.0,25.0,23.0,22.0,25.0,26.0,24.0,21.0,25.0,24.0,20.0,22.0,22.0,21.0,21.0,21.0,21.0,22.0,22.0,22.0,21.0,22.0,21.0,22.0,22.0,22.0,21.0,21.0,21.0,21.0,10.0,retract,0,0,2.7217
1788795915.9442,2026-09-07 17:45:15.944,18,e4,0,0,-0.05052,-0.50489,0.05032,-4.6191,11.8613,-27.8491,-0.1172,-0.0168,-0.6099,4.70213,22.0,24.0,22.0,21.0,24.0,21.0,19.0,21.0,25.0,25.0,23.0,22.0,25.0,26.0,24.0,21.0,25.0,24.0,20.0,22.0,22.0,21.0,21.0,21.0,21.0,22.0,22.0,22.0,21.0,22.0,21.0,22.0,22.0,22.0,21.0,21.0,21.0,21.0,10.0,retract,0,0,2.65
1788795915.9943,2026-09-07 17:45:15.994,18,e4,0,0,-0.05054,-0.50489,0.05041,-4.9802,11.6467,-27.6332,-0.1157,-0.0284,-0.6125,4.6913,23.0,25.0,26.0,22.0,24.0,24.0,21.0,22.0,22.0,25.0,21.0,23.0,23.0,26.0,24.0,22.0,25.0,25.0,21.0,22.0,22.0,21.0,21.0,21.0,21.0,22.0,22.0,22.0,21.0,22.0,21.0,22.0,22.0,22.0,21.0,21.0,21.0,21.0,10.0,retract,0,0,2.7463
1788795916.0444,2026-09-07 17:45:16.044,18,e4,0,0,-0.05053,-0.5049,0.05051,-4.7646,11.6611,-27.7608,-0.1159,-0.0187,-0.6081,4.69181,23.0,25.0,26.0,22.0,24.0,24.0,21.0,22.0,22.0,25.0,21.0,23.0,23.0,26.0,24.0,22.0,25.0,25.0,21.0,22.0,22.0,21.0,21.0,21.0,21.0,22.0,22.0,22.0,21.0,22.0,21.0,22.0,22.0,22.0,21.0,21.0,21.0,21.0,10.0,retract,0,0,2.7418
1788795916.0945,2026-09-07 17:45:16.094,18,e4,0,0,-0.05054,-0.5049,0.05053,-4.7649,11.467,-27.8293,-0.1135,-0.0211,-0.6116,4.69634,23.0,26.0,24.0,22.0,23.0,21.0,20.0,22.0,21.0,24.0,24.0,23.0,25.0,25.0,25.0,22.0,24.0,26.0,22.0,22.0,22.0,21.0,21.0,21.0,21.0,22.0,22.0,22.0,21.0,22.0,21.0,22.0,22.0,22.0,21.0,21.0,21.0,21.0,10.0,retract,0,0,2.7015
1788795916.1446,2026-09-07 17:45:16.144,18,e4,0,0,-0.05053,-0.5049,0.05056,-4.5776,11.4304,-27.8034,-0.1117,-0.0151,-0.6024,4.70188,23.0,23.0,24.0,22.0,22.0,22.0,23.0,21.0,22.0,24.0,23.0,22.0,23.0,24.0,25.0,22.0,25.0,26.0,21.0,22.0,22.0,21.0,21.0,21.0,21.0,22.0,22.0,22.0,21.0,22.0,21.0,22.0,22.0,22.0,21.0,21.0,21.0,21.0,10.0,post,0,0,2.6522
1788795916.1947,2026-09-07 17:45:16.194,18,e4,0,0,-0.05053,-0.50491,0.0506,-4.7922,12.0573,-27.6274,-0.1277,-0.0218,-0.6109,4.70137,23.0,23.0,24.0,22.0,22.0,22.0,23.0,21.0,22.0,24.0,23.0,22.0,23.0,24.0,25.0,22.0,25.0,26.0,21.0,22.0,22.0,21.0,21.0,21.0,21.0,22.0,22.0,22.0,21.0,22.0,21.0,22.0,22.0,22.0,21.0,21.0,21.0,21.0,10.0,post,0,0,2.6567
1788795916.2448,2026-09-07 17:45:16.244,18,e4,0,0,-0.05053,-0.50491,0.05061,-4.5926,11.4894,-27.8593,-0.1087,-0.0166,-0.6053,4.68727,21.0,23.0,23.0,21.0,22.0,22.0,23.0,21.0,21.0,25.0,24.0,21.0,22.0,26.0,25.0,22.0,25.0,24.0,21.0,22.0,22.0,21.0,21.0,21.0,21.0,22.0,22.0,22.0,21.0,22.0,21.0,22.0,22.0,22.0,21.0,21.0,21.0,21.0,10.0,post,0,0,2.7821
1788795916.2949,2026-09-07 17:45:16.294,18,e4,0,0,-0.05054,-0.50491,0.0506,-4.7929,11.7815,-27.7224,-0.118,-0.0215,-0.604,4.69306,21.0,23.0,23.0,21.0,22.0,22.0,23.0,21.0,21.0,25.0,24.0,21.0,22.0,26.0,25.0,22.0,25.0,24.0,21.0,22.0,22.0,21.0,21.0,21.0,21.0,22.0,22.0,22.0,21.0,22.0,21.0,22.0,22.0,22.0,21.0,21.0,21.0,21.0,10.0,post,0,0,2.7306
1788795916.3451,2026-09-07 17:45:16.345,18,e4,0,0,-0.05053,-0.5049,0.05059,-4.6571,11.697,-27.683,-0.118,-0.0175,-0.6043,4.69709,21.0,22.0,25.0,20.0,22.0,23.0,22.0,19.0,21.0,25.0,23.0,19.0,24.0,26.0,24.0,20.0,26.0,24.0,20.0,22.0,22.0,21.0,21.0,21.0,21.0,22.0,22.0,22.0,21.0,22.0,21.0,22.0,22.0,22.0,21.0,21.0,21.0,21.0,10.0,post,0,0,2.6948
1788795916.3953,2026-09-07 17:45:16.395,18,e4,0,0,-0.05053,-0.50491,0.05061,-4.4046,11.5615,-27.6689,-0.113,-0.0122,-0.609,4.69986,19.0,24.0,24.0,19.0,23.0,22.0,22.0,23.0,22.0,25.0,22.0,22.0,25.0,26.0,25.0,23.0,26.0,26.0,22.0,22.0,22.0,21.0,21.0,21.0,21.0,22.0,22.0,22.0,21.0,22.0,21.0,22.0,22.0,22.0,21.0,21.0,21.0,21.0,10.0,post,0,0,2.6701
1788795916.4453,2026-09-07 17:45:16.445,18,e4,0,0,-0.05052,-0.5049,0.0506,-4.8298,11.7725,-27.648,-0.1167,-0.0217,-0.6088,4.69785,19.0,24.0,24.0,19.0,23.0,22.0,22.0,23.0,22.0,25.0,22.0,22.0,25.0,26.0,25.0,23.0,26.0,26.0,22.0,22.0,22.0,21.0,21.0,21.0,21.0,22.0,22.0,22.0,21.0,22.0,21.0,22.0,22.0,22.0,21.0,21.0,21.0,21.0,10.0,post,0,0,2.6881
1788795916.4955,2026-09-07 17:45:16.495,18,e4,0,0,-0.05053,-0.50492,0.05061,-4.6818,12.0351,-27.453,-0.1242,-0.0197,-0.6099,4.70037,20.0,23.0,24.0,21.0,23.0,23.0,22.0,20.0,22.0,25.0,22.0,21.0,23.0,26.0,24.0,21.0,26.0,25.0,20.0,22.0,22.0,21.0,21.0,21.0,21.0,22.0,22.0,22.0,21.0,22.0,21.0,22.0,22.0,22.0,21.0,21.0,21.0,21.0,10.0,post,0,0,2.6657
1788795916.5456,2026-09-07 17:45:16.545,18,e4,0,0,-0.05054,-0.50491,0.05062,-4.9751,12.0368,-27.5232,-0.1234,-0.0247,-0.6134,4.69785,20.0,23.0,24.0,21.0,23.0,23.0,22.0,20.0,22.0,25.0,22.0,21.0,23.0,26.0,24.0,21.0,26.0,25.0,20.0,22.0,22.0,21.0,21.0,21.0,21.0,22.0,22.0,22.0,21.0,22.0,21.0,22.0,22.0,22.0,21.0,21.0,21.0,21.0,10.0,post,0,0,2.6881
1788795916.5957,2026-09-07 17:45:16.595,18,e4,0,0,-0.05054,-0.50491,0.05061,-4.3187,11.6013,-27.7305,-0.1177,-0.011,-0.6081,4.69105,21.0,23.0,25.0,22.0,22.0,23.0,21.0,20.0,23.0,25.0,22.0,20.0,24.0,26.0,25.0,21.0,27.0,25.0,19.0,22.0,22.0,21.0,21.0,21.0,21.0,22.0,22.0,22.0,21.0,22.0,21.0,22.0,22.0,22.0,21.0,21.0,21.0,21.0,10.0,post,0,0,2.7485
1788795916.6458,2026-09-07 17:45:16.645,18,e4,0,0,-0.05053,-0.50491,0.05061,-5.0302,12.1641,-27.4515,-0.1281,-0.0311,-0.6144,4.69785,20.0,24.0,23.0,20.0,23.0,22.0,22.0,20.0,22.0,25.0,24.0,21.0,24.0,25.0,25.0,20.0,25.0,25.0,20.0,22.0,22.0,21.0,21.0,21.0,21.0,22.0,22.0,22.0,21.0,22.0,21.0,22.0,22.0,22.0,21.0,21.0,21.0,21.0,10.0,post,0,0,2.6881
1788795916.6959,2026-09-07 17:45:16.695,18,e4,0,0,-0.05054,-0.5049,0.0506,-4.7427,11.9259,-27.6549,-0.1218,-0.0182,-0.6052,4.68702,20.0,24.0,23.0,20.0,23.0,22.0,22.0,20.0,22.0,25.0,24.0,21.0,24.0,25.0,25.0,20.0,25.0,25.0,20.0,22.0,22.0,21.0,21.0,21.0,21.0,22.0,22.0,22.0,21.0,22.0,21.0,22.0,22.0,22.0,21.0,21.0,21.0,21.0,10.0,post,0,0,2.7844
1788795916.746,2026-09-07 17:45:16.746,18,e4,0,0,-0.05053,-0.50491,0.05061,-4.671,11.7761,-27.611,-0.1178,-0.0211,-0.6114,4.69583,21.0,23.0,25.0,20.0,23.0,23.0,25.0,22.0,22.0,25.0,24.0,22.0,22.0,26.0,24.0,22.0,27.0,25.0,21.0,22.0,22.0,21.0,21.0,21.0,21.0,22.0,22.0,22.0,21.0,22.0,21.0,22.0,22.0,22.0,21.0,21.0,21.0,21.0,10.0,post,0,0,2.706
1788795916.7962,2026-09-07 17:45:16.796,18,e4,0,0,-0.05055,-0.5049,0.05061,-4.9557,11.877,-27.6869,-0.1166,-0.0216,-0.6049,4.69382,21.0,23.0,25.0,20.0,23.0,23.0,25.0,22.0,22.0,25.0,24.0,22.0,22.0,26.0,24.0,22.0,27.0,25.0,21.0,22.0,22.0,21.0,21.0,21.0,21.0,22.0,22.0,22.0,21.0,22.0,21.0,22.0,22.0,22.0,21.0,21.0,21.0,21.0,10.0,post,0,0,2.7239
1788795916.8463,2026-09-07 17:45:16.846,18,e4,0,0,-0.05054,-0.50491,0.05062,-4.6071,11.8562,-27.592,-0.1235,-0.0184,-0.6052,4.6913,21.0,21.0,25.0,20.0,20.0,24.0,23.0,23.0,22.0,25.0,24.0,23.0,23.0,27.0,25.0,23.0,26.0,25.0,20.0,22.0,22.0,21.0,21.0,21.0,21.0,22.0,22.0,22.0,21.0,22.0,21.0,22.0,22.0,22.0,21.0,21.0,21.0,21.0,10.0,post,0,0,2.7463
1788795916.8964,2026-09-07 17:45:16.896,18,e4,0,0,-0.05053,-0.50491,0.05062,-4.4749,11.6728,-27.7669,-0.1143,-0.0117,-0.6059,4.6976,21.0,21.0,25.0,20.0,20.0,24.0,23.0,23.0,22.0,25.0,24.0,23.0,23.0,27.0,25.0,23.0,26.0,25.0,20.0,22.0,22.0,21.0,21.0,21.0,21.0,22.0,22.0,22.0,21.0,22.0,21.0,22.0,22.0,22.0,21.0,21.0,21.0,21.0,10.0,post,0,0,2.6903
1788795916.9466,2026-09-07 17:45:16.946,18,e4,0,0,-0.05055,-0.50491,0.05061,-4.8047,11.8119,-27.8496,-0.1183,-0.0181,-0.6152,4.69684,23.0,24.0,26.0,21.0,23.0,23.0,22.0,21.0,22.0,26.0,24.0,22.0,22.0,26.0,25.0,21.0,26.0,27.0,21.0,22.0,22.0,21.0,21.0,21.0,21.0,22.0,22.0,22.0,21.0,22.0,21.0,22.0,22.0,22.0,21.0,21.0,21.0,21.0,10.0,post,0,0,2.697
1788795916.9966,2026-09-07 17:45:16.996,18,e4,0,0,-0.05054,-0.50492,0.05061,-4.4584,11.7664,-27.6676,-0.1156,-0.014,-0.6132,4.68929,20.0,23.0,25.0,19.0,22.0,23.0,23.0,20.0,23.0,24.0,24.0,21.0,24.0,25.0,25.0,20.0,27.0,26.0,18.0,22.0,22.0,21.0,21.0,21.0,21.0,22.0,22.0,22.0,21.0,22.0,21.0,22.0,22.0,22.0,21.0,21.0,21.0,21.0,10.0,post,0,0,2.7642
1788795917.0467,2026-09-07 17:45:17.046,18,e4,0,0,-0.05054,-0.5049,0.05061,-4.6345,11.8629,-27.7295,-0.1212,-0.0165,-0.6126,4.68904,20.0,23.0,25.0,19.0,22.0,23.0,23.0,20.0,23.0,24.0,24.0,21.0,24.0,25.0,25.0,20.0,27.0,26.0,18.0,22.0,22.0,21.0,21.0,21.0,21.0,22.0,22.0,22.0,21.0,22.0,21.0,22.0,22.0,22.0,21.0,21.0,21.0,21.0,10.0,post,0,0,2.7665
1788795917.0968,2026-09-07 17:45:17.096,18,e4,0,0,-0.05054,-0.50491,0.05063,-4.8673,11.9128,-27.807,-0.1225,-0.0214,-0.6073,4.6976,21.0,24.0,24.0,21.0,23.0,23.0,22.0,23.0,23.0,25.0,22.0,23.0,25.0,26.0,24.0,22.0,24.0,23.0,22.0,22.0,22.0,21.0,21.0,21.0,21.0,22.0,22.0,22.0,21.0,22.0,21.0,22.0,22.0,22.0,21.0,21.0,21.0,21.0,10.0,post,0,0,2.6903
1788795917.147,2026-09-07 17:45:17.147,18,e4,0,0,-0.05053,-0.50491,0.05061,-4.8225,12.0969,-27.6521,-0.1248,-0.0207,-0.6019,4.68954,21.0,24.0,24.0,21.0,23.0,23.0,22.0,23.0,23.0,25.0,22.0,23.0,25.0,26.0,24.0,22.0,24.0,23.0,22.0,22.0,22.0,21.0,21.0,21.0,21.0,22.0,22.0,22.0,21.0,22.0,21.0,22.0,22.0,22.0,21.0,21.0,21.0,21.0,10.0,post,0,0,2.762
1788795917.1971,2026-09-07 17:45:17.197,18,e4,0,0,-0.05054,-0.5049,0.05061,-5.0228,11.8587,-27.5643,-0.1196,-0.0244,-0.6139,4.69181,24.0,24.0,24.0,22.0,24.0,23.0,23.0,21.0,21.0,24.0,25.0,21.0,23.0,24.0,25.0,21.0,25.0,26.0,22.0,22.0,22.0,21.0,21.0,21.0,21.0,22.0,22.0,22.0,21.0,22.0,21.0,22.0,22.0,22.0,21.0,21.0,21.0,21.0,10.0,post,0,0,2.7418
1788795917.2473,2026-09-07 17:45:17.247,18,e4,0,0,-0.05053,-0.5049,0.0506,-4.7189,11.8547,-27.7597,-0.1206,-0.0197,-0.6099,4.70213,22.0,23.0,23.0,20.0,22.0,22.0,24.0,22.0,23.0,25.0,23.0,22.0,24.0,26.0,25.0,22.0,26.0,25.0,21.0,22.0,22.0,21.0,21.0,21.0,21.0,22.0,22.0,22.0,21.0,22.0,21.0,22.0,22.0,22.0,21.0,21.0,21.0,21.0,10.0,post,0,0,2.65
1788795917.2974,2026-09-07 17:45:17.297,18,e4,0,0,-0.05055,-0.50492,0.05061,-4.6699,11.9641,-27.6727,-0.1229,-0.0182,-0.6155,4.70087,22.0,23.0,23.0,20.0,22.0,22.0,24.0,22.0,23.0,25.0,23.0,22.0,24.0,26.0,25.0,22.0,26.0,25.0,21.0,22.0,22.0,21.0,21.0,21.0,21.0,22.0,22.0,22.0,21.0,22.0,21.0,22.0,22.0,22.0,21.0,21.0,21.0,21.0,10.0,post,0,0,2.6612
1788795917.3475,2026-09-07 17:45:17.347,18,e4,0,0,-0.05055,-0.50489,0.0506,-4.9908,11.8264,-27.5212,-0.1198,-0.0271,-0.6111,4.69382,23.0,26.0,24.0,22.0,24.0,23.0,22.0,21.0,22.0,23.0,24.0,22.0,22.0,25.0,24.0,22.0,25.0,26.0,21.0,22.0,22.0,21.0,21.0,21.0,21.0,22.0,22.0,22.0,21.0,22.0,21.0,22.0,22.0,22.0,21.0,21.0,21.0,21.0,10.0,post,0,0,2.7239
1788795917.3976,2026-09-07 17:45:17.397,18,e4,0,0,-0.05052,-0.50491,0.05061,-4.7814,11.8172,-27.5789,-0.1173,-0.0217,-0.6083,4.69332,23.0,26.0,24.0,22.0,24.0,23.0,22.0,21.0,22.0,23.0,24.0,22.0,22.0,25.0,24.0,22.0,25.0,26.0,21.0,22.0,22.0,21.0,21.0,21.0,21.0,22.0,22.0,22.0,21.0,22.0,21.0,22.0,22.0,22.0,21.0,21.0,21.0,21.0,10.0,post,0,0,2.7284
1788795917.4477,2026-09-07 17:45:17.447,18,e4,0,0,-0.05052,-0.50491,0.0506,-4.7458,11.7828,-27.746,-0.1187,-0.021,-0.6094,4.69382,22.0,24.0,24.0,22.0,23.0,23.0,23.0,21.0,23.0,26.0,25.0,21.0,23.0,26.0,25.0,22.0,27.0,27.0,21.0,22.0,22.0,21.0,21.0,21.0,21.0,22.0,22.0,22.0,21.0,22.0,21.0,22.0,22.0,22.0,21.0,21.0,21.0,21.0,10.0,post,0,0,2.7239
1788795917.4978,2026-09-07 17:45:17.497,18,e4,0,0,-0.05053,-0.5049,0.05059,-4.4488,11.5732,-27.7539,-0.1101,-0.0126,-0.6036,4.69206,22.0,24.0,24.0,20.0,23.0,24.0,25.0,23.0,22.0,25.0,24.0,23.0,24.0,25.0,25.0,23.0,25.0,24.0,23.0,22.0,22.0,21.0,21.0,21.0,21.0,22.0,22.0,22.0,21.0,22.0,21.0,22.0,22.0,22.0,21.0,21.0,21.0,21.0,10.0,post,0,0,2.7396
1788795917.548,2026-09-07 17:45:17.547,18,e4,0,0,-0.05053,-0.50491,0.05061,-5.0036,11.4827,-27.5885,-0.1096,-0.0269,-0.6131,4.69382,22.0,24.0,24.0,20.0,23.0,24.0,25.0,23.0,22.0,25.0,24.0,23.0,24.0,25.0,25.0,23.0,25.0,24.0,23.0,22.0,22.0,21.0,21.0,21.0,21.0,22.0,22.0,22.0,21.0,22.0,21.0,22.0,22.0,22.0,21.0,21.0,21.0,21.0,10.0,post,0,0,2.7239
1788795917.5981,2026-09-07 17:45:17.598,18,e4,0,0,-0.05053,-0.50491,0.0506,-4.8473,11.8178,-27.6958,-0.1174,-0.0206,-0.6071,4.6976,23.0,23.0,24.0,22.0,22.0,23.0,24.0,21.0,22.0,23.0,23.0,21.0,24.0,25.0,24.0,23.0,25.0,24.0,23.0,22.0,22.0,21.0,21.0,21.0,21.0,22.0,22.0,22.0,21.0,22.0,21.0,22.0,22.0,22.0,21.0,21.0,21.0,21.0,10.0,post,0,0,2.6903
1788795917.6482,2026-09-07 17:45:17.648,18,e4,0,0,-0.05053,-0.50491,0.0506,-4.8799,11.9238,-27.688,-0.122,-0.0213,-0.6093,4.69432,23.0,23.0,24.0,22.0,22.0,23.0,24.0,21.0,22.0,23.0,23.0,21.0,24.0,25.0,24.0,23.0,25.0,24.0,23.0,22.0,22.0,21.0,21.0,21.0,21.0,22.0,22.0,22.0,21.0,22.0,21.0,22.0,22.0,22.0,21.0,21.0,21.0,21.0,10.0,post,0,0,2.7194
1788795917.6983,2026-09-07 17:45:17.698,18,e4,0,0,-0.05054,-0.50491,0.05062,-4.7086,12.0222,-27.8061,-0.1236,-0.0182,-0.6045,4.69181,22.0,23.0,24.0,21.0,23.0,22.0,23.0,21.0,22.0,26.0,24.0,23.0,23.0,26.0,24.0,22.0,27.0,24.0,21.0,22.0,22.0,21.0,21.0,21.0,21.0,22.0,22.0,22.0,21.0,22.0,21.0,22.0,22.0,22.0,21.0,21.0,21.0,21.0,10.0,post,0,0,2.7418
1788795917.7485,2026-09-07 17:45:17.748,18,e4,0,0,-0.05054,-0.5049,0.05059,-4.786,11.8426,-27.895,-0.1244,-0.0205,-0.6039,4.69256,24.0,22.0,25.0,22.0,22.0,24.0,22.0,21.0,23.0,25.0,24.0,22.0,24.0,25.0,25.0,21.0,26.0,27.0,22.0,22.0,22.0,21.0,21.0,21.0,21.0,22.0,22.0,22.0,21.0,22.0,21.0,22.0,22.0,22.0,21.0,21.0,21.0,21.0,10.0,post,0,0,2.7351
1788795917.7986,2026-09-07 17:45:17.798,18,e4,0,0,-0.05054,-0.50492,0.05061,-4.685,11.7418,-27.725,-0.1189,-0.0179,-0.61,4.69558,24.0,22.0,25.0,22.0,22.0,24.0,22.0,21.0,23.0,25.0,24.0,22.0,24.0,25.0,25.0,21.0,26.0,27.0,22.0,22.0,22.0,21.0,21.0,21.0,21.0,22.0,22.0,22.0,21.0,22.0,21.0,22.0,22.0,22.0,21.0,21.0,21.0,21.0,10.0,post,0,0,2.7082
1788795917.8488,2026-09-07 17:45:17.848,18,e4,0,0,-0.05054,-0.5049,0.05059,-4.6592,11.8751,-27.5673,-0.1242,-0.0179,-0.6071,4.69155,23.0,24.0,24.0,21.0,23.0,23.0,23.0,21.0,22.0,23.0,24.0,21.0,23.0,24.0,24.0,23.0,25.0,25.0,21.0,22.0,22.0,21.0,21.0,21.0,21.0,22.0,22.0,22.0,21.0,22.0,21.0,22.0,22.0,22.0,21.0,21.0,21.0,21.0,10.0,post,0,0,2.7441
1788795917.8988,2026-09-07 17:45:17.898,18,e4,0,0,-0.05055,-0.50491,0.05061,-4.6947,11.8724,-27.6755,-0.118,-0.017,-0.6111,4.69609,23.0,24.0,24.0,21.0,23.0,23.0,23.0,21.0,22.0,23.0,24.0,21.0,23.0,24.0,24.0,23.0,25.0,25.0,21.0,22.0,22.0,21.0,21.0,21.0,21.0,22.0,22.0,22.0,21.0,22.0,21.0,22.0,22.0,22.0,21.0,21.0,21.0,21.0,10.0,post,0,0,2.7037
1788795917.9489,2026-09-07 17:45:17.948,18,e4,0,0,-0.05052,-0.5049,0.0506,-4.4594,11.6732,-27.7965,-0.1168,-0.0152,-0.6046,4.69785,21.0,24.0,25.0,21.0,23.0,22.0,23.0,20.0,24.0,25.0,24.0,20.0,25.0,25.0,25.0,20.0,26.0,27.0,19.0,22.0,22.0,21.0,21.0,21.0,21.0,22.0,22.0,22.0,21.0,22.0,21.0,22.0,22.0,22.0,21.0,21.0,21.0,21.0,10.0,post,0,0,2.6881
1788795918.0005,2026-09-07 17:45:18.000,18,e4,0,0,-0.05054,-0.50491,0.05062,-4.7234,11.8749,-28.114,-0.1192,-0.0197,-0.6056,4.684,21.0,24.0,25.0,21.0,23.0,22.0,23.0,20.0,24.0,25.0,24.0,20.0,25.0,25.0,25.0,20.0,26.0,27.0,19.0,22.0,22.0,21.0,21.0,21.0,21.0,22.0,22.0,22.0,21.0,22.0,21.0,22.0,22.0,22.0,21.0,21.0,21.0,21.0,10.0,post,0,0,2.8113
1788795918.0505,2026-09-07 17:45:18.050,18,e4,0,0,-0.05055,-0.50491,0.05062,-4.6375,11.4968,-27.8468,-0.1103,-0.0178,-0.6038,4.69533,23.0,24.0,24.0,21.0,24.0,22.0,23.0,19.0,23.0,26.0,23.0,20.0,23.0,26.0,23.0,21.0,28.0,25.0,21.0,22.0,22.0,21.0,21.0,21.0,21.0,22.0,22.0,22.0,21.0,22.0,21.0,22.0,22.0,22.0,21.0,21.0,21.0,21.0,10.0,post,0,0,2.7105
1788795918.1006,2026-09-07 17:45:18.100,18,e4,0,0,-0.05054,-0.5049,0.0506,-4.9026,11.7293,-27.7512,-0.1156,-0.0247,-0.6076,4.6986,21.0,24.0,25.0,21.0,23.0,24.0,23.0,20.0,23.0,25.0,23.0,20.0,23.0,24.0,25.0,21.0,25.0,25.0,20.0,22.0,22.0,21.0,21.0,21.0,21.0,22.0,22.0,22.0,21.0,22.0,21.0,22.0,22.0,22.0,21.0,21.0,21.0,21.0,10.0,post,0,0,2.6813
1788795918.1507,2026-09-07 17:45:18.150,14,d3,0,0,-0.05052,-0.50486,0.0506,-4.8125,11.7092,-27.6776,-0.1144,-0.0205,-0.6147,4.68526,21.0,24.0,25.0,21.0,23.0,24.0,23.0,20.0,23.0,25.0,23.0,20.0,23.0,24.0,25.0,21.0,25.0,25.0,20.0,22.0,22.0,21.0,21.0,21.0,21.0,22.0,22.0,22.0,21.0,22.0,21.0,22.0,22.0,22.0,21.0,21.0,21.0,21.0,10.0,locate,0,0,2.8001
1788795918.2008,2026-09-07 17:45:18.200,14,d3,0,0,-0.05032,-0.50433,0.05073,-4.6657,11.637,-27.8882,-0.1133,-0.0193,-0.6086,4.69583,20.0,24.0,23.0,19.0,24.0,22.0,22.0,21.0,23.0,26.0,24.0,22.0,23.0,27.0,25.0,21.0,28.0,25.0,20.0,22.0,22.0,21.0,21.0,21.0,21.0,22.0,22.0,22.0,21.0,22.0,21.0,22.0,22.0,22.0,21.0,21.0,21.0,21.0,10.0,locate,0,0,2.706
1788795918.251,2026-09-07 17:45:18.250,14,d3,0,0,-0.0498,-0.50306,0.05077,-4.7211,11.6898,-27.7217,-0.1182,-0.0169,-0.604,4.70238,20.0,24.0,23.0,19.0,24.0,22.0,22.0,21.0,23.0,26.0,24.0,22.0,23.0,27.0,25.0,21.0,28.0,25.0,20.0,22.0,22.0,21.0,21.0,21.0,21.0,22.0,22.0,22.0,21.0,22.0,21.0,22.0,22.0,22.0,21.0,21.0,21.0,21.0,10.0,locate,0,0,2.6477
1788795918.3011,2026-09-07 17:45:18.301,14,d3,0,0,-0.04902,-0.50107,0.05074,-4.3811,11.5335,-27.7441,-0.1123,-0.0138,-0.5935,4.69231,21.0,23.0,25.0,21.0,24.0,25.0,23.0,20.0,22.0,25.0,25.0,22.0,25.0,25.0,26.0,22.0,26.0,26.0,23.0,22.0,22.0,21.0,21.0,21.0,21.0,22.0,22.0,22.0,21.0,22.0,21.0,22.0,22.0,22.0,21.0,21.0,21.0,21.0,10.0,locate,0,0,2.7373
1788795918.3512,2026-09-07 17:45:18.351,14,d3,0,0,-0.04826,-0.49917,0.05061,-4.5485,11.4865,-27.8405,-0.1142,-0.0115,-0.5793,4.70188,22.0,25.0,26.0,21.0,23.0,24.0,25.0,22.0,23.0,25.0,24.0,22.0,24.0,25.0,23.0,22.0,27.0,24.0,22.0,22.0,22.0,21.0,21.0,21.0,21.0,22.0,22.0,22.0,21.0,22.0,21.0,22.0,22.0,22.0,21.0,21.0,21.0,21.0,10.0,locate,0,0,2.6522
1788795918.4013,2026-09-07 17:45:18.401,14,d3,0,0,-0.04773,-0.49786,0.05061,-4.6123,11.7697,-27.9204,-0.1195,-0.0169,-0.5595,4.69533,22.0,25.0,26.0,21.0,23.0,24.0,25.0,22.0,23.0,25.0,24.0,22.0,24.0,25.0,23.0,22.0,27.0,24.0,22.0,22.0,22.0,21.0,21.0,21.0,21.0,22.0,22.0,22.0,21.0,22.0,21.0,22.0,22.0,22.0,21.0,21.0,21.0,21.0,10.0,locate,0,0,2.7105
1788795918.4514,2026-09-07 17:45:18.451,14,d3,0,0,-0.04748,-0.49733,0.05062,-4.6784,11.4845,-27.8243,-0.1116,-0.018,-0.561,4.68904,22.0,25.0,26.0,22.0,24.0,24.0,23.0,20.0,23.0,24.0,23.0,20.0,24.0,24.0,25.0,20.0,26.0,24.0,20.0,22.0,22.0,21.0,21.0,21.0,21.0,22.0,22.0,22.0,21.0,22.0,21.0,22.0,22.0,22.0,21.0,21.0,21.0,21.0,10.0,locate,0,0,2.7665
1788795918.5015,2026-09-07 17:45:18.501,14,d3,0,0,-0.04747,-0.49731,0.05058,-4.6541,11.8099,-28.086,-0.1188,-0.0162,-0.5554,4.69105,22.0,25.0,26.0,22.0,24.0,24.0,23.0,20.0,23.0,24.0,23.0,20.0,24.0,24.0,25.0,20.0,26.0,24.0,20.0,22.0,22.0,21.0,21.0,21.0,21.0,22.0,22.0,22.0,21.0,22.0,21.0,22.0,22.0,22.0,21.0,21.0,21.0,21.0,10.0,locate,0,0,2.7485
1788795918.5516,2026-09-07 17:45:18.551,14,d3,0,0,-0.04744,-0.49732,0.05057,-4.6561,11.701,-28.043,-0.1159,-0.015,-0.5556,4.69332,22.0,24.0,24.0,21.0,23.0,22.0,23.0,20.0,23.0,25.0,24.0,20.0,23.0,25.0,25.0,21.0,26.0,24.0,21.0,22.0,22.0,21.0,21.0,21.0,21.0,22.0,22.0,22.0,21.0,22.0,21.0,22.0,22.0,22.0,21.0,21.0,21.0,21.0,10.0,locate,0,0,2.7284
1788795918.6016,2026-09-07 17:45:18.601,14,d3,0,0,-0.04744,-0.49733,0.05059,-4.644,11.7203,-27.7928,-0.1193,-0.015,-0.5616,4.69735,22.0,24.0,24.0,20.0,23.0,23.0,24.0,19.0,23.0,25.0,24.0,20.0,25.0,26.0,24.0,19.0,26.0,23.0,19.0,22.0,22.0,21.0,21.0,21.0,21.0,22.0,22.0,22.0,21.0,22.0,21.0,22.0,22.0,22.0,21.0,21.0,21.0,21.0,10.0,locate,0,0,2.6925
1788795918.6517,2026-09-07 17:45:18.651,14,d3,0,0,-0.04745,-0.49733,0.0506,-4.8594,11.5264,-27.8595,-0.1155,-0.0224,-0.5533,4.69986,22.0,24.0,24.0,20.0,23.0,23.0,24.0,19.0,23.0,25.0,24.0,20.0,25.0,26.0,24.0,19.0,26.0,23.0,19.0,22.0,22.0,21.0,21.0,21.0,21.0,22.0,22.0,22.0,21.0,22.0,21.0,22.0,22.0,22.0,21.0,21.0,21.0,21.0,10.0,locate,0,0,2.6701
1788795918.7019,2026-09-07 17:45:18.701,14,d3,0,0,-0.04744,-0.49731,0.05058,-4.762,11.6784,-27.8677,-0.1162,-0.0195,-0.5548,4.69432,20.0,24.0,26.0,20.0,24.0,25.0,24.0,20.0,24.0,26.0,22.0,21.0,24.0,25.0,23.0,22.0,26.0,22.0,20.0,22.0,22.0,21.0,21.0,21.0,21.0,22.0,22.0,22.0,21.0,22.0,21.0,22.0,22.0,22.0,21.0,21.0,21.0,21.0,10.0,locate,0,0,2.7194
1788795918.752,2026-09-07 17:45:18.752,14,d3,0,0,-0.04745,-0.49733,0.0506,-4.7898,11.5509,-27.6451,-0.1143,-0.0178,-0.5609,4.70137,20.0,24.0,26.0,20.0,24.0,25.0,24.0,20.0,24.0,26.0,22.0,21.0,24.0,25.0,23.0,22.0,26.0,22.0,20.0,22.0,22.0,21.0,21.0,21.0,21.0,22.0,22.0,22.0,21.0,22.0,21.0,22.0,22.0,22.0,21.0,21.0,21.0,21.0,10.0,locate,0,0,2.6567
1788795918.8021,2026-09-07 17:45:18.802,14,d3,0,0,-0.04745,-0.49732,0.05062,-4.8098,11.6071,-27.7964,-0.1154,-0.0225,-0.5619,4.69483,21.0,25.0,25.0,20.0,24.0,24.0,21.0,21.0,22.0,26.0,24.0,21.0,24.0,25.0,24.0,22.0,27.0,24.0,22.0,22.0,22.0,21.0,21.0,21.0,21.0,22.0,22.0,22.0,21.0,22.0,21.0,22.0,22.0,22.0,21.0,21.0,21.0,21.0,10.0,locate,0,0,2.7149
1788795918.8523,2026-09-07 17:45:18.852,14,d3,0,0,-0.04746,-0.49731,0.05061,-4.632,11.5273,-27.8724,-0.1146,-0.0174,-0.5627,4.69382,22.0,25.0,26.0,21.0,23.0,24.0,23.0,22.0,24.0,25.0,23.0,22.0,22.0,26.0,23.0,22.0,26.0,23.0,21.0,22.0,22.0,21.0,21.0,21.0,21.0,22.0,22.0,22.0,21.0,22.0,21.0,22.0,22.0,22.0,21.0,21.0,21.0,21.0,10.0,locate,0,0,2.7239
1788795918.9024,2026-09-07 17:45:18.902,14,d3,0,0,-0.04746,-0.49732,0.05062,-4.7428,11.8794,-27.9482,-0.1218,-0.0196,-0.5665,4.69634,22.0,25.0,26.0,21.0,23.0,24.0,23.0,22.0,24.0,25.0,23.0,22.0,22.0,26.0,23.0,22.0,26.0,23.0,21.0,22.0,22.0,21.0,21.0,21.0,21.0,22.0,22.0,22.0,21.0,22.0,21.0,22.0,22.0,22.0,21.0,21.0,21.0,21.0,10.0,locate,0,0,2.7015
1788795918.9525,2026-09-07 17:45:18.952,14,d3,0,0,-0.04745,-0.49731,0.05062,-4.7075,11.7187,-27.7025,-0.1161,-0.0196,-0.5606,4.6903,23.0,24.0,25.0,21.0,23.0,23.0,23.0,21.0,24.0,25.0,23.0,23.0,25.0,24.0,23.0,21.0,26.0,22.0,20.0,22.0,22.0,21.0,21.0,21.0,21.0,22.0,22.0,22.0,21.0,22.0,21.0,22.0,22.0,22.0,21.0,21.0,21.0,21.0,10.0,locate,0,0,2.7553
1788795919.0026,2026-09-07 17:45:19.002,14,d3,0,0,-0.04746,-0.49732,0.05062,-4.5038,11.8953,-27.8545,-0.1241,-0.0131,-0.5578,4.68753,23.0,24.0,25.0,21.0,23.0,23.0,23.0,21.0,24.0,25.0,23.0,23.0,25.0,24.0,23.0,21.0,26.0,22.0,20.0,22.0,22.0,21.0,21.0,21.0,21.0,22.0,22.0,22.0,21.0,22.0,21.0,22.0,22.0,22.0,21.0,21.0,21.0,21.0,10.0,locate,0,0,2.7799
1788795919.0528,2026-09-07 17:45:19.052,14,d3,0,0,-0.04745,-0.49731,0.05061,-4.5321,11.6746,-27.8002,-0.1141,-0.0151,-0.5611,4.69357,25.0,24.0,24.0,21.0,24.0,23.0,23.0,20.0,24.0,26.0,23.0,21.0,25.0,26.0,24.0,20.0,26.0,25.0,19.0,22.0,22.0,21.0,21.0,21.0,21.0,22.0,22.0,22.0,21.0,22.0,21.0,22.0,22.0,22.0,21.0,21.0,21.0,21.0,10.0,locate,0,0,2.7261
1788795919.1029,2026-09-07 17:45:19.102,14,d3,0,0,-0.04745,-0.49731,0.05063,-4.8393,11.8481,-27.8498,-0.1172,-0.0226,-0.5614,4.68929,25.0,24.0,24.0,21.0,24.0,23.0,23.0,20.0,24.0,26.0,23.0,21.0,25.0,26.0,24.0,20.0,26.0,25.0,19.0,22.0,22.0,21.0,21.0,21.0,21.0,22.0,22.0,22.0,21.0,22.0,21.0,22.0,22.0,22.0,21.0,21.0,21.0,21.0,10.0,locate,0,0,2.7642
1788795919.153,2026-09-07 17:45:19.153,14,d3,0,0,-0.04744,-0.49732,0.05062,-4.6355,11.5829,-27.9755,-0.117,-0.0161,-0.5603,4.69986,22.0,25.0,25.0,20.0,24.0,23.0,24.0,21.0,23.0,26.0,24.0,20.0,24.0,25.0,23.0,21.0,27.0,23.0,20.0,22.0,22.0,21.0,21.0,21.0,21.0,22.0,22.0,22.0,21.0,22.0,21.0,22.0,22.0,22.0,21.0,21.0,21.0,21.0,10.0,locate,0,0,2.6701
1788795919.2031,2026-09-07 17:45:19.203,14,d3,0,0,-0.04744,-0.49731,0.05061,-4.3784,11.3834,-28.0025,-0.108,-0.0106,-0.5594,4.68979,21.0,25.0,25.0,20.0,24.0,24.0,23.0,22.0,22.0,26.0,24.0,23.0,25.0,26.0,23.0,21.0,25.0,23.0,21.0,22.0,22.0,21.0,21.0,21.0,21.0,22.0,22.0,22.0,21.0,22.0,21.0,22.0,22.0,22.0,21.0,21.0,21.0,21.0,10.0,locate,0,0,2.7597
1788795919.2532,2026-09-07 17:45:19.253,14,d3,0,0,-0.04746,-0.4973,0.05061,-4.96,11.473,-27.7863,-0.1105,-0.0228,-0.5684,4.6986,21.0,25.0,25.0,20.0,24.0,24.0,23.0,22.0,22.0,26.0,24.0,23.0,25.0,26.0,23.0,21.0,25.0,23.0,21.0,22.0,22.0,21.0,21.0,21.0,21.0,22.0,22.0,22.0,21.0,22.0,21.0,22.0,22.0,22.0,21.0,21.0,21.0,21.0,10.0,locate,0,0,2.6813
1788795919.3034,2026-09-07 17:45:19.303,14,d3,0,0,-0.04744,-0.49732,0.05062,-4.7958,11.6743,-27.8688,-0.1165,-0.0199,-0.5636,4.69105,22.0,24.0,25.0,22.0,24.0,24.0,23.0,24.0,23.0,27.0,23.0,24.0,23.0,26.0,25.0,22.0,27.0,23.0,22.0,22.0,22.0,21.0,21.0,21.0,21.0,22.0,22.0,22.0,21.0,22.0,21.0,22.0,22.0,22.0,21.0,21.0,21.0,21.0,10.0,locate,0,0,2.7485
1788795919.3535,2026-09-07 17:45:19.353,14,d3,0,0,-0.04745,-0.49731,0.05061,-4.4735,11.793,-27.809,-0.1229,-0.0131,-0.5584,4.69558,22.0,24.0,25.0,22.0,24.0,24.0,23.0,24.0,23.0,27.0,23.0,24.0,23.0,26.0,25.0,22.0,27.0,23.0,22.0,22.0,22.0,21.0,21.0,21.0,21.0,22.0,22.0,22.0,21.0,22.0,21.0,22.0,22.0,22.0,21.0,21.0,21.0,21.0,10.0,locate,0,0,2.7082
1788795919.4036,2026-09-07 17:45:19.403,14,d3,0,0,-0.04745,-0.49731,0.05059,-4.7094,11.7291,-27.6607,-0.1186,-0.0167,-0.5592,4.69231,23.0,24.0,26.0,22.0,24.0,26.0,23.0,23.0,22.0,25.0,26.0,22.0,23.0,25.0,25.0,22.0,26.0,25.0,22.0,22.0,22.0,21.0,21.0,21.0,21.0,22.0,22.0,22.0,21.0,22.0,21.0,22.0,22.0,22.0,21.0,21.0,21.0,21.0,10.0,locate,0,0,2.7373
1788795919.4537,2026-09-07 17:45:19.453,14,d3,0,0,-0.04743,-0.49731,0.05062,-4.7607,11.6732,-27.6571,-0.1178,-0.0177,-0.5624,4.69206,21.0,24.0,25.0,22.0,23.0,24.0,24.0,23.0,23.0,25.0,25.0,23.0,25.0,27.0,25.0,23.0,25.0,25.0,21.0,22.0,22.0,21.0,21.0,21.0,21.0,22.0,22.0,22.0,21.0,22.0,21.0,22.0,22.0,22.0,21.0,21.0,21.0,21.0,10.0,locate,0,0,2.7396
1788795919.5039,2026-09-07 17:45:19.503,14,d3,0,0,-0.04744,-0.49731,0.05061,-4.7403,12.0339,-27.6136,-0.1268,-0.0206,-0.5583,4.69709,21.0,24.0,25.0,22.0,23.0,24.0,24.0,23.0,23.0,25.0,25.0,23.0,25.0,27.0,25.0,23.0,25.0,25.0,21.0,22.0,22.0,21.0,21.0,21.0,21.0,22.0,22.0,22.0,21.0,22.0,21.0,22.0,22.0,22.0,21.0,21.0,21.0,21.0,10.0,locate,0,0,2.6948
1788795919.554,2026-09-07 17:45:19.554,14,d3,0,0,-0.04744,-0.49731,0.05061,-4.7326,11.4011,-27.7694,-0.1111,-0.0212,-0.5601,4.69432,23.0,24.0,24.0,23.0,24.0,24.0,24.0,21.0,22.0,25.0,24.0,22.0,22.0,25.0,23.0,23.0,26.0,23.0,21.0,22.0,22.0,21.0,21.0,21.0,21.0,22.0,22.0,22.0,21.0,22.0,21.0,22.0,22.0,22.0,21.0,21.0,21.0,21.0,10.0,locate,0,0,2.7194
1788795919.6041,2026-09-07 17:45:19.604,14,d3,0,0,-0.04746,-0.4973,0.0506,-4.6253,11.9097,-27.6201,-0.1206,-0.0151,-0.5615,4.69709,23.0,24.0,24.0,23.0,24.0,24.0,24.0,21.0,22.0,25.0,24.0,22.0,22.0,25.0,23.0,23.0,26.0,23.0,21.0,22.0,22.0,21.0,21.0,21.0,21.0,22.0,22.0,22.0,21.0,22.0,21.0,22.0,22.0,22.0,21.0,21.0,21.0,21.0,10.0,locate,0,0,2.6948
1788795919.6542,2026-09-07 17:45:19.654,14,d3,0,0,-0.04745,-0.4973,0.05061,-4.8133,11.7995,-27.5471,-0.1217,-0.0207,-0.5677,4.69583,22.0,23.0,26.0,21.0,23.0,25.0,22.0,23.0,22.0,25.0,24.0,24.0,23.0,26.0,24.0,23.0,26.0,25.0,22.0,22.0,22.0,21.0,21.0,21.0,21.0,22.0,22.0,22.0,21.0,22.0,21.0,22.0,22.0,22.0,21.0,21.0,21.0,21.0,10.0,locate,0,0,2.706
1788795919.7044,2026-09-07 17:45:19.704,14,d3,0,0,-0.04745,-0.49731,0.05061,-4.7509,12.1487,-27.4542,-0.1286,-0.0167,-0.5678,4.68904,24.0,24.0,25.0,24.0,24.0,23.0,23.0,21.0,22.0,25.0,24.0,22.0,23.0,25.0,23.0,22.0,26.0,23.0,21.0,22.0,22.0,21.0,21.0,21.0,21.0,22.0,22.0,22.0,21.0,22.0,21.0,22.0,22.0,22.0,21.0,21.0,21.0,21.0,10.0,locate,0,0,2.7665
1788795919.7545,2026-09-07 17:45:19.754,14,d3,0,0,-0.04746,-0.49731,0.05062,-4.6688,11.8565,-27.835,-0.1218,-0.0196,-0.5552,4.68979,24.0,24.0,25.0,24.0,24.0,23.0,23.0,21.0,22.0,25.0,24.0,22.0,23.0,25.0,23.0,22.0,26.0,23.0,21.0,22.0,22.0,21.0,21.0,21.0,21.0,22.0,22.0,22.0,21.0,22.0,21.0,22.0,22.0,22.0,21.0,21.0,21.0,21.0,10.0,locate,0,0,2.7597
1788795919.8045,2026-09-07 17:45:19.804,14,d3,0,0,-0.04744,-0.49731,0.0506,-4.9116,11.7134,-27.7416,-0.1188,-0.025,-0.5607,4.69936,22.0,23.0,25.0,22.0,22.0,23.0,23.0,20.0,23.0,25.0,24.0,21.0,24.0,25.0,22.0,21.0,25.0,23.0,20.0,22.0,22.0,21.0,21.0,21.0,21.0,22.0,22.0,22.0,21.0,22.0,21.0,22.0,22.0,22.0,21.0,21.0,21.0,21.0,10.0,locate,0,0,2.6746
1788795919.8546,2026-09-07 17:45:19.854,14,d3,0,0,-0.04745,-0.49732,0.05062,-4.6983,11.5654,-27.8471,-0.1143,-0.0176,-0.5619,4.69382,22.0,23.0,25.0,22.0,22.0,23.0,23.0,20.0,23.0,25.0,24.0,21.0,24.0,25.0,22.0,21.0,25.0,23.0,20.0,22.0,22.0,21.0,21.0,21.0,21.0,22.0,22.0,22.0,21.0,22.0,21.0,22.0,22.0,22.0,21.0,21.0,21.0,21.0,10.0,locate,0,0,2.7239
1788795919.9047,2026-09-07 17:45:19.904,14,d3,0,0,-0.04744,-0.49731,0.05061,-4.8508,11.8452,-27.6564,-0.1188,-0.0209,-0.5594,4.6903,21.0,24.0,25.0,20.0,24.0,23.0,22.0,23.0,22.0,26.0,23.0,23.0,22.0,25.0,22.0,23.0,26.0,21.0,23.0,22.0,22.0,21.0,21.0,21.0,21.0,22.0,22.0,22.0,21.0,22.0,21.0,22.0,22.0,22.0,21.0,21.0,21.0,21.0,10.0,locate,0,0,2.7553
1788795919.9549,2026-09-07 17:45:19.954,14,d3,0,0,-0.04745,-0.49732,0.05062,-4.9331,11.7002,-27.6612,-0.1185,-0.0242,-0.5652,4.70037,24.0,24.0,24.0,23.0,24.0,24.0,23.0,24.0,20.0,24.0,23.0,25.0,22.0,24.0,23.0,22.0,26.0,24.0,23.0,22.0,22.0,21.0,21.0,21.0,21.0,22.0,22.0,22.0,21.0,22.0,21.0,22.0,22.0,22.0,21.0,21.0,21.0,21.0,10.0,locate,0,0,2.6657
1788795920.005,2026-09-07 17:45:20.004,14,d3,0,0,-0.04745,-0.49731,0.05059,-4.3513,11.8426,-27.8953,-0.1216,-0.0087,-0.5659,4.68954,24.0,24.0,24.0,23.0,24.0,24.0,23.0,24.0,20.0,24.0,23.0,25.0,22.0,24.0,23.0,22.0,26.0,24.0,23.0,22.0,22.0,21.0,21.0,21.0,21.0,22.0,22.0,22.0,21.0,22.0,21.0,22.0,22.0,22.0,21.0,21.0,21.0,21.0,10.0,locate,0,0,2.762
1788795920.0551,2026-09-07 17:45:20.055,14,d3,0,0,-0.04744,-0.49731,0.05062,-4.6461,11.8295,-27.8608,-0.1203,-0.0177,-0.5669,4.70112,22.0,24.0,25.0,23.0,22.0,23.0,23.0,21.0,23.0,24.0,24.0,22.0,22.0,25.0,24.0,21.0,24.0,22.0,21.0,22.0,22.0,21.0,21.0,21.0,21.0,22.0,22.0,22.0,21.0,22.0,21.0,22.0,22.0,22.0,21.0,21.0,21.0,21.0,10.0,locate,0,0,2.6589
1788795920.1053,2026-09-07 17:45:20.105,14,d3,0,0,-0.04746,-0.49731,0.05059,-4.9352,12.0388,-27.6659,-0.1261,-0.0227,-0.5637,4.69357,22.0,24.0,25.0,23.0,22.0,23.0,23.0,21.0,23.0,24.0,24.0,22.0,22.0,25.0,24.0,21.0,24.0,22.0,21.0,22.0,22.0,21.0,21.0,21.0,21.0,22.0,22.0,22.0,21.0,22.0,21.0,22.0,22.0,22.0,21.0,21.0,21.0,21.0,10.0,locate,0,0,2.7261
1788795920.1554,2026-09-07 17:45:20.155,14,d3,0,0,-0.04746,-0.4973,0.05061,-4.6894,11.8271,-27.5759,-0.1233,-0.0201,-0.5659,4.69684,23.0,23.0,24.0,22.0,23.0,22.0,23.0,21.0,23.0,25.0,24.0,23.0,22.0,26.0,22.0,23.0,26.0,24.0,21.0,22.0,22.0,21.0,21.0,21.0,21.0,22.0,22.0,22.0,21.0,22.0,21.0,22.0,22.0,22.0,21.0,21.0,21.0,21.0,10.0,locate,0,0,2.697
1788795920.2056,2026-09-07 17:45:20.205,14,d3,0,0,-0.04744,-0.49731,0.05062,-5.0701,11.8792,-27.8642,-0.1208,-0.0276,-0.5646,4.69886,23.0,23.0,24.0,22.0,23.0,22.0,23.0,21.0,23.0,25.0,24.0,23.0,22.0,26.0,22.0,23.0,26.0,24.0,21.0,22.0,22.0,21.0,21.0,21.0,21.0,22.0,22.0,22.0,21.0,22.0,21.0,22.0,22.0,22.0,21.0,21.0,21.0,21.0,10.0,locate,0,0,2.6791
1788795920.2557,2026-09-07 17:45:20.255,14,d3,0,0,-0.04744,-0.49731,0.05059,-4.9436,12.0729,-27.8713,-0.1248,-0.0241,-0.5697,4.69181,24.0,24.0,26.0,22.0,23.0,24.0,23.0,23.0,25.0,26.0,24.0,21.0,24.0,26.0,24.0,23.0,27.0,24.0,22.0,22.0,22.0,21.0,21.0,21.0,21.0,22.0,22.0,22.0,21.0,22.0,21.0,22.0,22.0,22.0,21.0,21.0,21.0,21.0,10.0,locate,0,0,2.7418
1788795920.3058,2026-09-07 17:45:20.305,14,d3,0,0,-0.04744,-0.49732,0.05059,-4.3025,11.7326,-27.6768,-0.1193,-0.0099,-0.5612,4.70062,23.0,25.0,26.0,21.0,25.0,25.0,24.0,20.0,22.0,25.0,25.0,20.0,23.0,24.0,24.0,21.0,24.0,24.0,21.0,22.0,22.0,21.0,21.0,21.0,21.0,22.0,22.0,22.0,21.0,22.0,21.0,22.0,22.0,22.0,21.0,21.0,21.0,21.0,10.0,locate,0,0,2.6634
1788795920.3559,2026-09-07 17:45:20.355,14,d3,0,0,-0.04744,-0.49731,0.05061,-4.6977,11.8015,-27.7023,-0.1214,-0.0162,-0.567,4.69055,23.0,25.0,26.0,21.0,25.0,25.0,24.0,20.0,22.0,25.0,25.0,20.0,23.0,24.0,24.0,21.0,24.0,24.0,21.0,22.0,22.0,21.0,21.0,21.0,21.0,22.0,22.0,22.0,21.0,22.0,21.0,22.0,22.0,22.0,21.0,21.0,21.0,21.0,10.0,locate,0,0,2.753
1788795920.406,2026-09-07 17:45:20.405,14,d3,0,0,-0.04745,-0.4973,0.05061,-4.6876,11.5658,-27.6844,-0.1132,-0.0183,-0.5619,4.69483,21.0,25.0,24.0,20.0,24.0,24.0,24.0,22.0,22.0,25.0,24.0,22.0,25.0,26.0,25.0,23.0,26.0,24.0,21.0,22.0,22.0,21.0,21.0,21.0,21.0,22.0,22.0,22.0,21.0,22.0,21.0,22.0,22.0,22.0,21.0,21.0,21.0,21.0,10.0,locate,0,0,2.7149
1788795920.456,2026-09-07 17:45:20.456,14,d3,0,0,-0.04745,-0.49732,0.05062,-4.6681,11.8962,-27.7108,-0.1198,-0.0168,-0.5595,4.69785,21.0,25.0,24.0,20.0,24.0,24.0,24.0,22.0,22.0,25.0,24.0,22.0,25.0,26.0,25.0,23.0,26.0,24.0,21.0,22.0,22.0,21.0,21.0,21.0,21.0,22.0,22.0,22.0,21.0,22.0,21.0,22.0,22.0,22.0,21.0,21.0,21.0,21.0,10.0,locate,0,0,2.6881
1788795920.5062,2026-09-07 17:45:20.506,14,d3,1,0,-0.04744,-0.49732,0.05062,-4.7133,11.8306,-27.7601,-0.119,-0.0198,-0.5587,4.69684,23.0,25.0,25.0,22.0,24.0,24.0,24.0,22.0,22.0,27.0,24.0,23.0,23.0,26.0,24.0,23.0,26.0,25.0,23.0,22.0,22.0,21.0,21.0,21.0,21.0,22.0,22.0,22.0,21.0,22.0,21.0,22.0,22.0,22.0,21.0,21.0,21.0,21.0,10.0,press,0,0,2.697
1788795920.5562,2026-09-07 17:45:20.556,14,d3,1,0,-0.04746,-0.49731,0.05059,-5.1226,12.0959,-27.6989,-0.1245,-0.0298,-0.5693,4.70238,22.0,24.0,26.0,21.0,23.0,25.0,23.0,22.0,22.0,26.0,24.0,22.0,23.0,26.0,24.0,23.0,26.0,24.0,23.0,22.0,22.0,21.0,21.0,21.0,21.0,22.0,22.0,22.0,21.0,22.0,21.0,22.0,22.0,22.0,21.0,21.0,21.0,21.0,10.0,press,0,0,2.6477
1788795920.6063,2026-09-07 17:45:20.606,14,d3,1,0,-0.04745,-0.49732,0.05054,-4.4725,11.9834,-27.8258,-0.1249,-0.0154,-0.5595,4.69886,22.0,24.0,26.0,21.0,23.0,25.0,23.0,22.0,22.0,26.0,24.0,22.0,23.0,26.0,24.0,23.0,26.0,24.0,23.0,22.0,22.0,21.0,21.0,21.0,21.0,22.0,22.0,22.0,21.0,22.0,21.0,22.0,22.0,22.0,21.0,21.0,21.0,21.0,10.0,press,0,0,2.6791
1788795920.6565,2026-09-07 17:45:20.656,14,d3,1,0,-0.04744,-0.49733,0.05044,-4.7675,11.7735,-27.7475,-0.1149,-0.0197,-0.567,4.68904,22.0,23.0,26.0,21.0,22.0,24.0,23.0,21.0,21.0,26.0,24.0,21.0,22.0,28.0,24.0,22.0,27.0,24.0,21.0,22.0,22.0,21.0,21.0,21.0,21.0,22.0,22.0,22.0,21.0,22.0,21.0,22.0,22.0,22.0,21.0,21.0,21.0,21.0,10.0,press,0,0,2.7665
1788795920.7065,2026-09-07 17:45:20.706,14,d3,1,0,-0.04746,-0.49734,0.05027,-4.6941,11.8364,-27.7319,-0.1179,-0.019,-0.5713,4.68929,22.0,23.0,26.0,21.0,22.0,24.0,23.0,21.0,21.0,26.0,24.0,21.0,22.0,28.0,24.0,22.0,27.0,24.0,21.0,22.0,22.0,21.0,21.0,21.0,21.0,22.0,22.0,22.0,21.0,22.0,21.0,22.0,22.0,22.0,21.0,21.0,21.0,21.0,10.0,press,0,0,2.7642
1788795920.7566,2026-09-07 17:45:20.756,14,d3,1,0,-0.04745,-0.49732,0.05006,-4.9724,12.2066,-27.4757,-0.1282,-0.0262,-0.5728,4.69609,23.0,23.0,26.0,20.0,21.0,25.0,23.0,21.0,21.0,27.0,23.0,21.0,23.0,26.0,23.0,21.0,27.0,24.0,21.0,22.0,22.0,21.0,21.0,21.0,21.0,22.0,22.0,22.0,21.0,22.0,21.0,22.0,22.0,22.0,21.0,21.0,21.0,21.0,10.0,press,0,0,2.7037
1788795920.8067,2026-09-07 17:45:20.806,14,d3,1,0,-0.04744,-0.49733,0.04985,-4.6002,11.7078,-27.7004,-0.1174,-0.0173,-0.5618,4.68979,20.0,23.0,25.0,19.0,22.0,24.0,23.0,23.0,22.0,26.0,24.0,22.0,23.0,26.0,24.0,24.0,27.0,24.0,21.0,22.0,22.0,21.0,21.0,21.0,21.0,22.0,22.0,22.0,21.0,22.0,21.0,22.0,22.0,22.0,21.0,21.0,21.0,21.0,10.0,press,0,0,2.7597
1788795920.8568,2026-09-07 17:45:20.856,14,d3,1,0,-0.04746,-0.49733,0.0496,-4.6254,11.4833,-27.7933,-0.1128,-0.0188,-0.5584,4.6908,20.0,23.0,25.0,19.0,22.0,24.0,23.0,23.0,22.0,26.0,24.0,22.0,23.0,26.0,24.0,24.0,27.0,24.0,21.0,22.0,22.0,21.0,21.0,21.0,21.0,22.0,22.0,22.0,21.0,22.0,21.0,22.0,22.0,22.0,21.0,21.0,21.0,21.0,10.0,press,0,0,2.7508
1788795920.9069,2026-09-07 17:45:20.906,14,d3,1,0,-0.04745,-0.49731,0.04931,-4.7281,11.6704,-27.6423,-0.1167,-0.0183,-0.5672,4.69986,23.0,23.0,26.0,23.0,23.0,25.0,24.0,19.0,24.0,28.0,25.0,22.0,24.0,27.0,25.0,22.0,27.0,23.0,21.0,22.0,22.0,21.0,21.0,21.0,21.0,22.0,22.0,22.0,21.0,22.0,21.0,22.0,22.0,22.0,21.0,21.0,21.0,21.0,10.0,press,0,0,2.6701
1788795920.957,2026-09-07 17:45:20.957,14,d3,1,0,-0.04745,-0.4973,0.04903,-4.539,12.2227,-27.5806,-0.1289,-0.0174,-0.5598,4.69407,23.0,23.0,26.0,23.0,23.0,25.0,24.0,19.0,24.0,28.0,25.0,22.0,24.0,27.0,25.0,22.0,27.0,23.0,21.0,22.0,22.0,21.0,21.0,21.0,21.0,22.0,22.0,22.0,21.0,22.0,21.0,22.0,22.0,22.0,21.0,21.0,21.0,21.0,10.0,press,0,0,2.7217
1788795921.0072,2026-09-07 17:45:21.007,14,d3,1,0,-0.04743,-0.49731,0.0487,-4.724,11.9765,-27.5015,-0.1273,-0.0168,-0.5681,4.70213,21.0,25.0,26.0,21.0,24.0,26.0,23.0,20.0,23.0,27.0,24.0,21.0,24.0,28.0,24.0,21.0,28.0,23.0,21.0,22.0,22.0,21.0,21.0,21.0,21.0,22.0,22.0,22.0,21.0,22.0,21.0,22.0,22.0,22.0,21.0,21.0,21.0,21.0,10.0,press,0,0,2.65
1788795921.0573,2026-09-07 17:45:21.057,14,d3,1,0,-0.04745,-0.49733,0.0484,-4.8252,11.9395,-27.6428,-0.1276,-0.0221,-0.5676,4.68979,22.0,24.0,27.0,21.0,23.0,26.0,23.0,22.0,23.0,25.0,24.0,22.0,25.0,25.0,24.0,23.0,26.0,23.0,20.0,22.0,22.0,21.0,21.0,21.0,21.0,22.0,22.0,22.0,21.0,22.0,21.0,22.0,22.0,22.0,21.0,21.0,21.0,21.0,10.0,press,0,0,2.7597
1788795921.1074,2026-09-07 17:45:21.107,14,d3,1,0,-0.04745,-0.49732,0.04805,-4.7324,11.6325,-27.7659,-0.1159,-0.0186,-0.5659,4.68979,22.0,24.0,27.0,21.0,23.0,26.0,23.0,22.0,23.0,25.0,24.0,22.0,25.0,25.0,24.0,23.0,26.0,23.0,20.0,22.0,22.0,21.0,21.0,21.0,21.0,22.0,22.0,22.0,21.0,22.0,21.0,22.0,22.0,22.0,21.0,21.0,21.0,21.0,10.0,press,0,0,2.7597
1788795921.1574,2026-09-07 17:45:21.157,14,d3,1,0,-0.04744,-0.49731,0.04768,-4.4737,11.8343,-27.7947,-0.1205,-0.0122,-0.5645,4.69306,23.0,25.0,25.0,23.0,24.0,23.0,23.0,21.0,22.0,27.0,24.0,22.0,23.0,27.0,24.0,22.0,27.0,24.0,21.0,22.0,22.0,21.0,21.0,21.0,21.0,22.0,22.0,22.0,21.0,22.0,21.0,22.0,22.0,22.0,21.0,21.0,21.0,21.0,10.0,press,0,0,2.7306
1788795921.2075,2026-09-07 17:45:21.207,14,d3,1,0,-0.04744,-0.49732,0.04736,-4.7427,11.6757,-27.6967,-0.1151,-0.0186,-0.567,4.6981,23.0,25.0,25.0,23.0,24.0,23.0,23.0,21.0,22.0,27.0,24.0,22.0,23.0,27.0,24.0,22.0,27.0,24.0,21.0,22.0,22.0,21.0,21.0,21.0,21.0,22.0,22.0,22.0,21.0,22.0,21.0,22.0,22.0,22.0,21.0,21.0,21.0,21.0,10.0,press,0,0,2.6858
1788795921.2576,2026-09-07 17:45:21.257,14,d3,1,0,-0.04745,-0.49732,0.04702,-4.2325,11.5721,-27.8299,-0.1149,-0.0051,-0.557,4.70087,21.0,23.0,25.0,21.0,23.0,24.0,24.0,21.0,23.0,26.0,25.0,20.0,25.0,26.0,25.0,20.0,26.0,25.0,21.0,22.0,22.0,21.0,21.0,21.0,21.0,22.0,22.0,22.0,21.0,22.0,21.0,22.0,22.0,22.0,21.0,21.0,21.0,21.0,10.0,press,0,0,2.6612
1788795921.3078,2026-09-07 17:45:21.307,14,d3,1,0,-0.04743,-0.49731,0.04667,-4.4347,11.8549,-27.7654,-0.1208,-0.0101,-0.5576,4.6986,21.0,23.0,25.0,21.0,23.0,24.0,24.0,21.0,23.0,26.0,25.0,20.0,25.0,26.0,25.0,20.0,26.0,25.0,21.0,22.0,22.0,21.0,21.0,21.0,21.0,22.0,22.0,22.0,21.0,22.0,21.0,22.0,22.0,22.0,21.0,21.0,21.0,21.0,10.0,press,0,0,2.6813
1788795921.3577,2026-09-07 17:45:21.357,14,d3,1,0,-0.04745,-0.49731,0.04636,-4.4511,11.8725,-27.8293,-0.1169,-0.0141,-0.5624,4.68979,21.0,24.0,25.0,21.0,24.0,24.0,24.0,21.0,22.0,28.0,24.0,21.0,24.0,29.0,25.0,22.0,29.0,24.0,21.0,22.0,22.0,21.0,21.0,21.0,21.0,22.0,22.0,22.0,21.0,22.0,21.0,22.0,22.0,22.0,21.0,21.0,21.0,21.0,10.0,press,0,0,2.7597
1788795921.4079,2026-09-07 17:45:21.407,14,d3,1,0,-0.04745,-0.49732,0.04603,-4.5281,11.6423,-27.7421,-0.1141,-0.0136,-0.5686,4.68954,21.0,24.0,27.0,20.0,25.0,27.0,23.0,22.0,24.0,26.0,25.0,21.0,25.0,26.0,25.0,21.0,26.0,25.0,21.0,22.0,22.0,21.0,21.0,21.0,21.0,22.0,22.0,22.0,21.0,22.0,21.0,22.0,22.0,22.0,21.0,21.0,21.0,21.0,10.0,press,0,0,2.762
1788795921.458,2026-09-07 17:45:21.457,14,d3,1,0,-0.04743,-0.49734,0.04572,-4.7633,11.8999,-27.9968,-0.1189,-0.0198,-0.5673,4.68702,21.0,24.0,27.0,20.0,25.0,27.0,23.0,22.0,24.0,26.0,25.0,21.0,25.0,26.0,25.0,21.0,26.0,25.0,21.0,22.0,22.0,21.0,21.0,21.0,21.0,22.0,22.0,22.0,21.0,22.0,21.0,22.0,22.0,22.0,21.0,21.0,21.0,21.0,10.0,press,0,0,2.7844
1788795921.5081,2026-09-07 17:45:21.508,14,d3,1,0,-0.04744,-0.49732,0.04536,-4.9349,11.8868,-27.7281,-0.1193,-0.0252,-0.5657,4.70238,22.0,24.0,26.0,21.0,23.0,24.0,24.0,21.0,25.0,29.0,26.0,20.0,25.0,29.0,25.0,22.0,28.0,25.0,22.0,22.0,22.0,21.0,21.0,21.0,21.0,22.0,22.0,22.0,21.0,22.0,21.0,22.0,22.0,22.0,21.0,21.0,21.0,21.0,10.0,press,0,0,2.6477
1788795921.5582,2026-09-07 17:45:21.558,14,d3,1,0,-0.04745,-0.49732,0.04503,-4.6532,11.6326,-27.9728,-0.1159,-0.0176,-0.5618,4.6903,22.0,24.0,26.0,21.0,23.0,24.0,24.0,21.0,25.0,29.0,26.0,20.0,25.0,29.0,25.0,22.0,28.0,25.0,22.0,22.0,22.0,21.0,21.0,21.0,21.0,22.0,22.0,22.0,21.0,22.0,21.0,22.0,22.0,22.0,21.0,21.0,21.0,21.0,10.0,press,0,0,2.7553
1788795921.6083,2026-09-07 17:45:21.608,14,d3,1,0,-0.04746,-0.49732,0.04469,-4.8352,11.9764,-27.5924,-0.1225,-0.0224,-0.563,4.67947,22.0,24.0,28.0,21.0,24.0,25.0,25.0,20.0,24.0,28.0,27.0,21.0,25.0,29.0,27.0,20.0,28.0,25.0,21.0,22.0,22.0,21.0,21.0,21.0,21.0,22.0,22.0,22.0,21.0,22.0,21.0,22.0,22.0,22.0,21.0,21.0,21.0,21.0,10.0,press,0,0,2.8516
1788795921.6584,2026-09-07 17:45:21.658,14,d3,1,0,-0.04745,-0.49731,0.04434,-4.9172,12.075,-27.565,-0.1287,-0.0274,-0.5657,4.66235,21.0,24.0,27.0,20.0,24.0,25.0,25.0,23.0,24.0,29.0,26.0,23.0,25.0,30.0,25.0,22.0,29.0,26.0,22.0,22.0,22.0,21.0,21.0,21.0,21.0,22.0,22.0,22.0,21.0,22.0,21.0,22.0,22.0,22.0,21.0,21.0,21.0,21.0,10.0,press,0,0,3.0039
1788795921.7084,2026-09-07 17:45:21.708,14,d3,1,0,-0.04744,-0.4973,0.04404,-4.7271,12.3158,-27.4346,-0.1307,-0.021,-0.5603,4.62483,21.0,24.0,27.0,20.0,24.0,25.0,25.0,23.0,24.0,29.0,26.0,23.0,25.0,30.0,25.0,22.0,29.0,26.0,22.0,22.0,22.0,21.0,21.0,21.0,21.0,22.0,22.0,22.0,21.0,22.0,21.0,22.0,22.0,22.0,21.0,21.0,21.0,21.0,10.0,press,0,0,3.3376
1788795921.7585,2026-09-07 17:45:21.758,14,d3,1,0,-0.04745,-0.49732,0.04371,-4.5582,11.5757,-27.2896,-0.1146,-0.021,-0.5628,4.60142,22.0,24.0,27.0,23.0,24.0,26.0,25.0,22.0,25.0,29.0,25.0,22.0,26.0,29.0,26.0,23.0,28.0,24.0,22.0,22.0,22.0,21.0,21.0,21.0,21.0,22.0,22.0,22.0,21.0,22.0,21.0,22.0,22.0,22.0,21.0,21.0,21.0,21.0,10.0,press,0,0,3.546
1788795921.8086,2026-09-07 17:45:21.808,14,d3,1,0,-0.04744,-0.49733,0.04337,-4.3772,11.7334,-27.2674,-0.1216,-0.0169,-0.563,4.56164,22.0,24.0,27.0,23.0,24.0,26.0,25.0,22.0,25.0,29.0,25.0,22.0,26.0,29.0,26.0,23.0,28.0,24.0,22.0,22.0,22.0,21.0,21.0,21.0,21.0,22.0,22.0,22.0,21.0,22.0,21.0,22.0,22.0,22.0,21.0,21.0,21.0,21.0,10.0,press,0,0,3.8999
1788795921.8587,2026-09-07 17:45:21.858,14,d3,1,0,-0.04745,-0.49734,0.04305,-4.4576,11.6677,-27.1157,-0.1178,-0.0235,-0.5592,4.542,24.0,25.0,26.0,22.0,25.0,26.0,24.0,21.0,25.0,30.0,28.0,22.0,25.0,32.0,26.0,22.0,29.0,26.0,21.0,22.0,22.0,21.0,21.0,21.0,21.0,22.0,22.0,22.0,21.0,22.0,21.0,22.0,22.0,22.0,21.0,21.0,21.0,21.0,10.0,press,0,0,4.0746
1788795921.9088,2026-09-07 17:45:21.908,14,d3,1,0,-0.04747,-0.49733,0.04268,-4.6062,11.7055,-26.8765,-0.1164,-0.0314,-0.5624,4.50046,22.0,25.0,26.0,21.0,25.0,25.0,24.0,22.0,24.0,31.0,26.0,22.0,25.0,33.0,26.0,22.0,31.0,25.0,20.0,22.0,22.0,21.0,21.0,21.0,21.0,22.0,22.0,22.0,21.0,22.0,21.0,22.0,22.0,22.0,21.0,21.0,21.0,21.0,10.0,press,0,0,4.4442
1788795921.9589,2026-09-07 17:45:21.958,14,d3,1,0,-0.04745,-0.49732,0.04235,-4.185,12.1019,-26.8075,-0.1254,-0.0204,-0.5567,4.43802,22.0,25.0,26.0,21.0,25.0,25.0,24.0,22.0,24.0,31.0,26.0,22.0,25.0,33.0,26.0,22.0,31.0,25.0,20.0,22.0,22.0,21.0,21.0,21.0,21.0,22.0,22.0,22.0,21.0,22.0,21.0,22.0,22.0,22.0,21.0,21.0,21.0,21.0,10.0,press,0,0,4.9996
1788795922.009,2026-09-07 17:45:22.008,14,d3,1,0,-0.04745,-0.49733,0.04204,-4.4636,12.075,-26.4478,-0.1265,-0.0323,-0.5634,4.40227,22.0,23.0,26.0,22.0,23.0,26.0,24.0,20.0,26.0,30.0,27.0,21.0,24.0,32.0,28.0,21.0,29.0,26.0,21.0,22.0,22.0,21.0,21.0,21.0,21.0,22.0,22.0,22.0,21.0,22.0,21.0,22.0,22.0,22.0,21.0,21.0,21.0,21.0,10.0,press,0,0,5.3177
1788795922.0592,2026-09-07 17:45:22.059,14,d3,1,0,-0.04746,-0.49732,0.04175,-4.221,11.7894,-26.3191,-0.1154,-0.0286,-0.5632,4.34461,22.0,23.0,26.0,22.0,23.0,26.0,24.0,20.0,26.0,30.0,27.0,21.0,24.0,32.0,28.0,21.0,29.0,26.0,21.0,22.0,22.0,21.0,21.0,21.0,21.0,22.0,22.0,22.0,21.0,22.0,21.0,22.0,22.0,22.0,21.0,21.0,21.0,21.0,10.0,press,0,0,5.8306
1788795922.1093,2026-09-07 17:45:22.109,14,d3,1,0,-0.04746,-0.49733,0.04151,-4.1478,11.9853,-26.3064,-0.1208,-0.0328,-0.5603,4.29451,23.0,25.0,25.0,21.0,24.0,24.0,24.0,18.0,26.0,30.0,27.0,19.0,25.0,30.0,28.0,19.0,29.0,26.0,19.0,22.0,22.0,21.0,21.0,21.0,21.0,22.0,22.0,22.0,21.0,22.0,21.0,22.0,22.0,22.0,21.0,21.0,21.0,21.0,10.0,press,0,0,6.2764
1788795922.1594,2026-09-07 17:45:22.159,14,d3,1,0,-0.04745,-0.49732,0.04128,-4.09,11.4695,-26.0158,-0.1083,-0.0317,-0.5655,4.25019,21.0,25.0,24.0,18.0,26.0,24.0,25.0,21.0,30.0,31.0,26.0,20.0,26.0,32.0,27.0,22.0,33.0,24.0,22.0,22.0,22.0,21.0,21.0,21.0,21.0,22.0,22.0,22.0,21.0,22.0,21.0,22.0,22.0,22.0,21.0,21.0,21.0,21.0,10.0,press,0,0,6.6706
1788795922.2095,2026-09-07 17:45:22.209,14,d3,1,0,-0.04746,-0.49733,0.0411,-4.1665,11.6891,-25.7543,-0.1106,-0.0348,-0.5639,4.20085,21.0,25.0,24.0,18.0,26.0,24.0,25.0,21.0,30.0,31.0,26.0,20.0,26.0,32.0,27.0,22.0,33.0,24.0,22.0,22.0,22.0,21.0,21.0,21.0,21.0,22.0,22.0,22.0,21.0,22.0,21.0,22.0,22.0,22.0,21.0,21.0,21.0,21.0,10.0,press,0,0,7.1096
1788795922.2596,2026-09-07 17:45:22.259,14,d3,1,0,-0.04745,-0.49732,0.04094,-4.3289,11.8554,-25.8901,-0.1196,-0.0444,-0.5689,4.15779,21.0,27.0,24.0,21.0,29.0,24.0,24.0,21.0,28.0,32.0,26.0,21.0,26.0,31.0,28.0,22.0,32.0,27.0,19.0,22.0,22.0,21.0,21.0,21.0,21.0,22.0,22.0,22.0,21.0,22.0,21.0,22.0,22.0,22.0,21.0,21.0,21.0,21.0,10.0,press,0,0,7.4926
1788795922.3097,2026-09-07 17:45:22.309,14,d3,1,0,-0.04745,-0.49732,0.04084,-4.1332,11.9999,-25.5765,-0.117,-0.0397,-0.5648,4.14445,21.0,27.0,24.0,21.0,29.0,24.0,24.0,21.0,28.0,32.0,26.0,21.0,26.0,31.0,28.0,22.0,32.0,27.0,19.0,22.0,22.0,21.0,21.0,21.0,21.0,22.0,22.0,22.0,21.0,22.0,21.0,22.0,22.0,22.0,21.0,21.0,21.0,21.0,10.0,press,0,0,7.6114
1788795922.3598,2026-09-07 17:45:22.359,14,d3,1,0,-0.04745,-0.49733,0.04076,-4.2611,11.7472,-25.3999,-0.1137,-0.0409,-0.5728,4.13337,22.0,26.0,24.0,21.0,27.0,24.0,26.0,19.0,28.0,32.0,26.0,20.0,25.0,31.0,30.0,21.0,33.0,26.0,20.0,22.0,22.0,21.0,21.0,21.0,21.0,22.0,22.0,22.0,21.0,22.0,21.0,22.0,22.0,22.0,21.0,21.0,21.0,21.0,10.0,press,0,0,7.7099
1788795922.4099,2026-09-07 17:45:22.409,14,d3,1,0,-0.04744,-0.49731,0.04067,-3.9808,11.6498,-25.4125,-0.1121,-0.0371,-0.5589,4.11071,22.0,26.0,24.0,21.0,27.0,24.0,26.0,19.0,28.0,32.0,26.0,20.0,25.0,31.0,30.0,21.0,33.0,26.0,20.0,22.0,22.0,21.0,21.0,21.0,21.0,22.0,22.0,22.0,21.0,22.0,21.0,22.0,22.0,22.0,21.0,21.0,21.0,21.0,10.0,press,0,0,7.9115
1788795922.46,2026-09-07 17:45:22.460,14,d3,1,0,-0.04745,-0.49733,0.04065,-3.9558,11.9307,-25.4165,-0.1223,-0.0373,-0.5619,4.10719,22.0,24.0,25.0,20.0,26.0,25.0,25.0,20.0,29.0,35.0,26.0,21.0,27.0,33.0,30.0,20.0,33.0,27.0,20.0,22.0,22.0,21.0,21.0,21.0,21.0,22.0,22.0,22.0,21.0,22.0,21.0,22.0,22.0,22.0,21.0,21.0,21.0,21.0,10.0,press,0,0,7.9429
1788795922.5101,2026-09-07 17:45:22.510,14,d3,1,0,-0.04745,-0.49732,0.04064,-4.2734,11.8441,-25.3445,-0.1185,-0.043,-0.5592,4.10542,21.0,23.0,26.0,20.0,27.0,27.0,25.0,22.0,29.0,34.0,28.0,22.0,28.0,32.0,30.0,22.0,32.0,27.0,19.0,22.0,22.0,21.0,21.0,21.0,21.0,22.0,22.0,22.0,21.0,22.0,21.0,22.0,22.0,22.0,21.0,21.0,21.0,21.0,10.0,hold,0,0,7.9585
1788795922.5603,2026-09-07 17:45:22.560,14,d3,1,0,-0.04743,-0.49731,0.04061,-3.7501,11.7228,-25.3947,-0.1145,-0.0295,-0.5612,4.09661,21.0,23.0,26.0,20.0,27.0,27.0,25.0,22.0,29.0,34.0,28.0,22.0,28.0,32.0,30.0,22.0,32.0,27.0,19.0,22.0,22.0,21.0,21.0,21.0,21.0,22.0,22.0,22.0,21.0,22.0,21.0,22.0,22.0,22.0,21.0,21.0,21.0,21.0,10.0,hold,0,0,8.0369
1788795922.6104,2026-09-07 17:45:22.610,14,d3,1,0,-0.04746,-0.49731,0.04061,-3.868,11.8165,-25.4791,-0.1159,-0.0366,-0.5555,4.10694,22.0,24.0,25.0,22.0,26.0,25.0,25.0,22.0,28.0,34.0,29.0,22.0,27.0,31.0,32.0,23.0,33.0,26.0,23.0,22.0,22.0,21.0,21.0,21.0,21.0,22.0,22.0,22.0,21.0,22.0,21.0,22.0,22.0,22.0,21.0,21.0,21.0,21.0,10.0,hold,0,0,7.9451
1788795922.6605,2026-09-07 17:45:22.660,14,d3,1,0,-0.04744,-0.49732,0.04062,-3.9575,11.4696,-25.4648,-0.1081,-0.0393,-0.5604,4.10719,22.0,24.0,25.0,22.0,26.0,25.0,25.0,22.0,28.0,34.0,29.0,22.0,27.0,31.0,32.0,23.0,33.0,26.0,23.0,22.0,22.0,21.0,21.0,21.0,21.0,22.0,22.0,22.0,21.0,22.0,21.0,22.0,22.0,22.0,21.0,21.0,21.0,21.0,10.0,hold,0,0,7.9429
1788795922.7106,2026-09-07 17:45:22.710,14,d3,1,0,-0.04745,-0.49732,0.04061,-4.0451,11.7434,-25.3837,-0.1138,-0.0414,-0.559,4.1165,23.0,24.0,24.0,22.0,27.0,24.0,26.0,21.0,30.0,34.0,29.0,22.0,26.0,32.0,32.0,21.0,33.0,27.0,21.0,22.0,22.0,21.0,21.0,21.0,21.0,22.0,22.0,22.0,21.0,22.0,21.0,22.0,22.0,22.0,21.0,21.0,21.0,21.0,10.0,hold,0,0,7.86
1788795922.7607,2026-09-07 17:45:22.760,14,d3,1,0,-0.04745,-0.49731,0.04062,-4.0968,11.8732,-25.4751,-0.1173,-0.0439,-0.5589,4.11298,20.0,24.0,25.0,20.0,28.0,24.0,26.0,21.0,29.0,34.0,30.0,22.0,26.0,32.0,32.0,22.0,34.0,28.0,21.0,22.0,22.0,21.0,21.0,21.0,21.0,22.0,22.0,22.0,21.0,22.0,21.0,22.0,22.0,22.0,21.0,21.0,21.0,21.0,10.0,hold,0,0,7.8913
1788795922.8108,2026-09-07 17:45:22.810,14,d3,1,0,-0.04744,-0.49732,0.04062,-4.1603,11.7111,-25.4062,-0.1153,-0.0425,-0.5555,4.11046,20.0,24.0,25.0,20.0,28.0,24.0,26.0,21.0,29.0,34.0,30.0,22.0,26.0,32.0,32.0,22.0,34.0,28.0,21.0,22.0,22.0,21.0,21.0,21.0,21.0,22.0,22.0,22.0,21.0,22.0,21.0,22.0,22.0,22.0,21.0,21.0,21.0,21.0,10.0,hold,0,0,7.9137
1788795922.8609,2026-09-07 17:45:22.860,14,d3,1,0,-0.04745,-0.49731,0.04061,-4.1398,12.0405,-25.5175,-0.1225,-0.042,-0.5549,4.11726,22.0,24.0,26.0,21.0,27.0,24.0,25.0,21.0,29.0,32.0,27.0,21.0,27.0,31.0,31.0,21.0,32.0,26.0,20.0,22.0,22.0,21.0,21.0,21.0,21.0,22.0,22.0,22.0,21.0,22.0,21.0,22.0,22.0,22.0,21.0,21.0,21.0,21.0,10.0,hold,0,0,7.8533
1788795922.911,2026-09-07 17:45:22.910,14,d3,1,0,-0.04745,-0.49733,0.04064,-3.7747,11.8192,-25.6323,-0.1189,-0.0338,-0.5583,4.12129,22.0,24.0,26.0,21.0,27.0,24.0,25.0,21.0,29.0,32.0,27.0,21.0,27.0,31.0,31.0,21.0,32.0,26.0,20.0,22.0,22.0,21.0,21.0,21.0,21.0,22.0,22.0,22.0,21.0,22.0,21.0,22.0,22.0,22.0,21.0,21.0,21.0,21.0,10.0,hold,0,0,7.8174
1788795922.9611,2026-09-07 17:45:22.961,14,d3,1,0,-0.04743,-0.49732,0.04062,-4.1172,11.8914,-25.5021,-0.1187,-0.043,-0.5613,4.13337,21.0,24.0,23.0,21.0,27.0,23.0,25.0,20.0,28.0,34.0,28.0,20.0,26.0,32.0,32.0,20.0,33.0,28.0,20.0,22.0,22.0,21.0,21.0,21.0,21.0,22.0,22.0,22.0,21.0,22.0,21.0,22.0,22.0,22.0,21.0,21.0,21.0,21.0,10.0,hold,0,0,7.7099
1788795923.0112,2026-09-07 17:45:23.011,14,d3,1,0,-0.04742,-0.49732,0.04061,-3.9892,11.9301,-25.5155,-0.1172,-0.0391,-0.5632,4.12305,19.0,23.0,25.0,19.0,26.0,24.0,25.0,22.0,30.0,35.0,28.0,22.0,28.0,32.0,30.0,23.0,34.0,27.0,21.0,22.0,22.0,21.0,21.0,21.0,21.0,22.0,22.0,22.0,21.0,22.0,21.0,22.0,22.0,22.0,21.0,21.0,21.0,21.0,10.0,hold,0,0,7.8017
1788795923.0613,2026-09-07 17:45:23.061,14,d3,1,0,-0.04745,-0.49731,0.04062,-4.1039,11.8328,-25.6193,-0.1169,-0.0433,-0.5606,4.12733,19.0,23.0,25.0,19.0,26.0,24.0,25.0,22.0,30.0,35.0,28.0,22.0,28.0,32.0,30.0,23.0,34.0,27.0,21.0,22.0,22.0,21.0,21.0,21.0,21.0,22.0,22.0,22.0,21.0,22.0,21.0,22.0,22.0,22.0,21.0,21.0,21.0,21.0,10.0,hold,0,0,7.7637
1788795923.1115,2026-09-07 17:45:23.111,14,d3,1,0,-0.04746,-0.49731,0.04061,-3.8986,12.0399,-25.8252,-0.1179,-0.0345,-0.5597,4.13111,23.0,23.0,25.0,21.0,26.0,25.0,25.0,21.0,31.0,34.0,28.0,21.0,28.0,32.0,31.0,21.0,33.0,25.0,21.0,22.0,22.0,21.0,21.0,21.0,21.0,22.0,22.0,22.0,21.0,22.0,21.0,22.0,22.0,22.0,21.0,21.0,21.0,21.0,10.0,hold,0,0,7.7301
1788795923.1616,2026-09-07 17:45:23.161,14,d3,1,0,-0.04744,-0.49731,0.04062,-4.0414,11.8238,-25.5683,-0.12,-0.0399,-0.5592,4.12582,23.0,23.0,25.0,21.0,26.0,25.0,25.0,21.0,31.0,34.0,28.0,21.0,28.0,32.0,31.0,21.0,33.0,25.0,21.0,22.0,22.0,21.0,21.0,21.0,21.0,22.0,22.0,22.0,21.0,22.0,21.0,22.0,22.0,22.0,21.0,21.0,21.0,21.0,10.0,hold,0,0,7.7771
1788795923.2117,2026-09-07 17:45:23.211,14,d3,1,0,-0.04745,-0.4973,0.04061,-4.1812,11.917,-25.6392,-0.1151,-0.0416,-0.5615,4.13388,22.0,25.0,26.0,20.0,28.0,25.0,26.0,22.0,29.0,35.0,28.0,23.0,27.0,33.0,31.0,22.0,34.0,27.0,22.0,22.0,22.0,21.0,21.0,21.0,21.0,22.0,22.0,22.0,21.0,22.0,21.0,22.0,22.0,22.0,21.0,21.0,21.0,21.0,10.0,hold,0,0,7.7054
1788795923.2618,2026-09-07 17:45:23.261,14,d3,1,0,-0.04744,-0.49731,0.04062,-3.9141,11.5961,-25.8392,-0.1113,-0.0351,-0.5629,4.14294,23.0,24.0,26.0,23.0,27.0,26.0,25.0,21.0,30.0,35.0,28.0,20.0,28.0,32.0,30.0,22.0,34.0,27.0,20.0,22.0,22.0,21.0,21.0,21.0,21.0,22.0,22.0,22.0,21.0,22.0,21.0,22.0,22.0,22.0,21.0,21.0,21.0,21.0,10.0,hold,0,0,7.6248
1788795923.312,2026-09-07 17:45:23.311,14,d3,1,0,-0.04744,-0.4973,0.04059,-4.1572,11.9551,-25.4783,-0.1196,-0.0447,-0.5644,4.13312,23.0,24.0,26.0,23.0,27.0,26.0,25.0,21.0,30.0,35.0,28.0,20.0,28.0,32.0,30.0,22.0,34.0,27.0,20.0,22.0,22.0,21.0,21.0,21.0,21.0,22.0,22.0,22.0,21.0,22.0,21.0,22.0,22.0,22.0,21.0,21.0,21.0,21.0,10.0,hold,0,0,7.7121
1788795923.3621,2026-09-07 17:45:23.362,14,d3,1,0,-0.04745,-0.49732,0.04062,-3.98,11.6797,-25.6092,-0.1125,-0.0405,-0.5576,4.13237,22.0,23.0,25.0,21.0,27.0,24.0,25.0,21.0,31.0,34.0,29.0,21.0,30.0,32.0,32.0,21.0,34.0,28.0,20.0,22.0,22.0,21.0,21.0,21.0,21.0,22.0,22.0,22.0,21.0,22.0,21.0,22.0,22.0,22.0,21.0,21.0,21.0,21.0,10.0,hold,0,0,7.7189
1788795923.4122,2026-09-07 17:45:23.412,14,d3,1,0,-0.04746,-0.49731,0.04061,-4.0432,11.6631,-25.5288,-0.1108,-0.04,-0.5649,4.14093,22.0,23.0,25.0,21.0,27.0,24.0,25.0,21.0,31.0,34.0,29.0,21.0,30.0,32.0,32.0,21.0,34.0,28.0,20.0,22.0,22.0,21.0,21.0,21.0,21.0,22.0,22.0,22.0,21.0,22.0,21.0,22.0,22.0,22.0,21.0,21.0,21.0,21.0,10.0,hold,0,0,7.6427
1788795923.4624,2026-09-07 17:45:23.462,14,d3,1,0,-0.04744,-0.49731,0.04061,-3.9858,11.8013,-25.6408,-0.1141,-0.0388,-0.564,4.13388,24.0,24.0,24.0,23.0,29.0,24.0,26.0,23.0,29.0,35.0,28.0,22.0,28.0,32.0,30.0,22.0,35.0,26.0,21.0,22.0,22.0,21.0,21.0,21.0,21.0,22.0,22.0,22.0,21.0,22.0,21.0,22.0,22.0,22.0,21.0,21.0,21.0,21.0,10.0,hold,0,0,7.7054
1788795923.5125,2026-09-07 17:45:23.512,14,d3,1,0,-0.04745,-0.49731,0.04061,-4.0811,11.7933,-25.6391,-0.1151,-0.0411,-0.5673,4.13916,24.0,24.0,24.0,23.0,29.0,24.0,26.0,23.0,29.0,35.0,28.0,22.0,28.0,32.0,30.0,22.0,35.0,26.0,21.0,22.0,22.0,21.0,21.0,21.0,21.0,22.0,22.0,22.0,21.0,22.0,21.0,22.0,22.0,22.0,21.0,21.0,21.0,21.0,10.0,hold,0,0,7.6584
1788795923.5627,2026-09-07 17:45:23.562,14,d3,1,0,-0.04745,-0.49732,0.04062,-3.9167,11.6123,-25.5339,-0.1099,-0.0361,-0.5604,4.14344,23.0,23.0,25.0,22.0,27.0,25.0,26.0,22.0,30.0,35.0,27.0,23.0,28.0,32.0,30.0,23.0,35.0,26.0,22.0,22.0,22.0,21.0,21.0,21.0,21.0,22.0,22.0,22.0,21.0,22.0,21.0,22.0,22.0,22.0,21.0,21.0,21.0,21.0,10.0,hold,0,0,7.6203
1788795923.6127,2026-09-07 17:45:23.612,14,d3,1,0,-0.04744,-0.49731,0.04061,-4.014,12.13,-25.7119,-0.1187,-0.0418,-0.5598,4.14143,22.0,24.0,24.0,22.0,27.0,24.0,24.0,20.0,30.0,36.0,27.0,20.0,29.0,33.0,31.0,21.0,35.0,26.0,19.0,22.0,22.0,21.0,21.0,21.0,21.0,22.0,22.0,22.0,21.0,22.0,21.0,22.0,22.0,22.0,21.0,21.0,21.0,21.0,10.0,hold,0,0,7.6382
1788795923.6628,2026-09-07 17:45:23.662,14,d3,1,0,-0.04745,-0.49732,0.04061,-3.9824,11.7202,-25.6083,-0.1133,-0.0374,-0.5621,4.14294,22.0,24.0,24.0,22.0,27.0,24.0,24.0,20.0,30.0,36.0,27.0,20.0,29.0,33.0,31.0,21.0,35.0,26.0,19.0,22.0,22.0,21.0,21.0,21.0,21.0,22.0,22.0,22.0,21.0,22.0,21.0,22.0,22.0,22.0,21.0,21.0,21.0,21.0,10.0,hold,0,0,7.6248
1788795923.713,2026-09-07 17:45:23.712,14,d3,1,0,-0.04743,-0.49731,0.04061,-3.658,11.3187,-25.6662,-0.1064,-0.0298,-0.5634,4.15402,20.0,25.0,25.0,19.0,28.0,25.0,25.0,23.0,29.0,34.0,29.0,24.0,26.0,32.0,32.0,23.0,34.0,28.0,22.0,22.0,22.0,21.0,21.0,21.0,21.0,22.0,22.0,22.0,21.0,22.0,21.0,22.0,22.0,22.0,21.0,21.0,21.0,21.0,10.0,hold,0,0,7.5262
1788795923.7631,2026-09-07 17:45:23.763,14,d3,1,0,-0.04745,-0.49731,0.04061,-3.7873,11.7654,-25.8033,-0.1134,-0.0319,-0.5584,4.1515,20.0,25.0,25.0,19.0,28.0,25.0,25.0,23.0,29.0,34.0,29.0,24.0,26.0,32.0,32.0,23.0,34.0,28.0,22.0,22.0,22.0,21.0,21.0,21.0,21.0,22.0,22.0,22.0,21.0,22.0,21.0,22.0,22.0,22.0,21.0,21.0,21.0,21.0,10.0,hold,0,0,7.5486
1788795923.8131,2026-09-07 17:45:23.813,14,d3,1,0,-0.04743,-0.49732,0.04061,-4.0296,11.7606,-25.798,-0.1168,-0.0414,-0.559,4.15125,25.0,22.0,24.0,23.0,26.0,25.0,26.0,21.0,28.0,35.0,29.0,21.0,27.0,32.0,31.0,21.0,33.0,28.0,22.0,22.0,22.0,21.0,21.0,21.0,21.0,22.0,22.0,22.0,21.0,22.0,21.0,22.0,22.0,22.0,21.0,21.0,21.0,21.0,10.0,hold,0,0,7.5509
1788795923.8633,2026-09-07 17:45:23.863,14,d3,1,0,-0.04743,-0.49732,0.04062,-3.8374,11.6643,-25.8164,-0.1143,-0.033,-0.5615,4.14823,22.0,23.0,25.0,22.0,27.0,24.0,26.0,21.0,31.0,34.0,30.0,22.0,29.0,31.0,32.0,20.0,33.0,26.0,21.0,22.0,22.0,21.0,21.0,21.0,21.0,22.0,22.0,22.0,21.0,22.0,21.0,22.0,22.0,22.0,21.0,21.0,21.0,21.0,10.0,hold,0,0,7.5778
1788795923.9134,2026-09-07 17:45:23.913,14,d3,1,0,-0.04745,-0.49732,0.04062,-3.8232,11.9089,-25.6294,-0.1198,-0.0325,-0.5623,4.15226,22.0,23.0,25.0,22.0,27.0,24.0,26.0,21.0,31.0,34.0,30.0,22.0,29.0,31.0,32.0,20.0,33.0,26.0,21.0,22.0,22.0,21.0,21.0,21.0,21.0,22.0,22.0,22.0,21.0,22.0,21.0,22.0,22.0,22.0,21.0,21.0,21.0,21.0,10.0,hold,0,0,7.5419
1788795923.9636,2026-09-07 17:45:23.963,14,d3,1,0,-0.04745,-0.4973,0.04061,-4.0307,11.6143,-25.624,-0.1099,-0.0387,-0.5692,4.14923,22.0,26.0,25.0,21.0,28.0,24.0,27.0,23.0,29.0,34.0,29.0,23.0,29.0,31.0,31.0,22.0,33.0,28.0,21.0,22.0,22.0,21.0,21.0,21.0,21.0,22.0,22.0,22.0,21.0,22.0,21.0,22.0,22.0,22.0,21.0,21.0,21.0,21.0,10.0,hold,0,0,7.5688
1788795924.0136,2026-09-07 17:45:24.013,14,d3,1,0,-0.04745,-0.49731,0.0406,-4.1052,11.9952,-25.536,-0.1232,-0.0404,-0.5636,4.14823,22.0,26.0,25.0,21.0,28.0,24.0,27.0,23.0,29.0,34.0,29.0,23.0,29.0,31.0,31.0,22.0,33.0,28.0,21.0,22.0,22.0,21.0,21.0,21.0,21.0,22.0,22.0,22.0,21.0,22.0,21.0,22.0,22.0,22.0,21.0,21.0,21.0,21.0,10.0,hold,0,0,7.5778
1788795924.0637,2026-09-07 17:45:24.063,14,d3,1,0,-0.04743,-0.49731,0.04061,-4.0428,11.8181,-25.5782,-0.1155,-0.0404,-0.5652,4.15528,22.0,25.0,24.0,22.0,29.0,24.0,25.0,22.0,30.0,34.0,28.0,22.0,29.0,32.0,30.0,23.0,34.0,27.0,22.0,22.0,22.0,21.0,21.0,21.0,21.0,22.0,22.0,22.0,21.0,22.0,21.0,22.0,22.0,22.0,21.0,21.0,21.0,21.0,10.0,hold,0,0,7.515
1788795924.1138,2026-09-07 17:45:24.113,14,d3,1,0,-0.04744,-0.49731,0.0406,-4.0577,11.4716,-25.4759,-0.1104,-0.0397,-0.5648,4.16132,24.0,25.0,24.0,21.0,27.0,24.0,26.0,21.0,29.0,35.0,29.0,20.0,26.0,32.0,33.0,22.0,34.0,28.0,21.0,22.0,22.0,21.0,21.0,21.0,21.0,22.0,22.0,22.0,21.0,22.0,21.0,22.0,22.0,22.0,21.0,21.0,21.0,21.0,10.0,hold,0,0,7.4613
1788795924.1639,2026-09-07 17:45:24.163,14,d3,1,0,-0.04744,-0.4973,0.04061,-3.937,11.6874,-25.5938,-0.1155,-0.0371,-0.5614,4.14722,24.0,25.0,24.0,21.0,27.0,24.0,26.0,21.0,29.0,35.0,29.0,20.0,26.0,32.0,33.0,22.0,34.0,28.0,21.0,22.0,22.0,21.0,21.0,21.0,21.0,22.0,22.0,22.0,21.0,22.0,21.0,22.0,22.0,22.0,21.0,21.0,21.0,21.0,10.0,hold,0,0,7.5867
1788795924.214,2026-09-07 17:45:24.213,14,d3,1,0,-0.04743,-0.49731,0.04061,-3.7889,11.464,-25.7139,-0.109,-0.0338,-0.5576,4.15528,21.0,23.0,24.0,19.0,27.0,24.0,26.0,21.0,30.0,34.0,29.0,21.0,27.0,32.0,32.0,21.0,35.0,28.0,22.0,22.0,22.0,21.0,21.0,21.0,21.0,22.0,22.0,22.0,21.0,22.0,21.0,22.0,22.0,22.0,21.0,21.0,21.0,21.0,10.0,hold,0,0,7.515
1788795924.2641,2026-09-07 17:45:24.264,14,d3,1,0,-0.04744,-0.49732,0.04062,-3.8013,11.8203,-25.7287,-0.1161,-0.0345,-0.564,4.16132,21.0,23.0,24.0,19.0,27.0,24.0,26.0,21.0,30.0,34.0,29.0,21.0,27.0,32.0,32.0,21.0,35.0,28.0,22.0,22.0,22.0,21.0,21.0,21.0,21.0,22.0,22.0,22.0,21.0,22.0,21.0,22.0,22.0,22.0,21.0,21.0,21.0,21.0,10.0,hold,0,0,7.4613
1788795924.3143,2026-09-07 17:45:24.314,14,d3,1,0,-0.04746,-0.49732,0.04063,-4.0755,11.9182,-25.6873,-0.1214,-0.0424,-0.5613,4.15276,23.0,26.0,24.0,22.0,29.0,24.0,26.0,22.0,31.0,34.0,29.0,22.0,29.0,31.0,32.0,22.0,34.0,28.0,21.0,22.0,22.0,21.0,21.0,21.0,21.0,22.0,22.0,22.0,21.0,22.0,21.0,22.0,22.0,22.0,21.0,21.0,21.0,21.0,10.0,hold,0,0,7.5374
1788795924.3644,2026-09-07 17:45:24.364,14,d3,1,0,-0.04745,-0.49732,0.04062,-3.7536,11.6365,-25.6193,-0.1121,-0.0328,-0.559,4.15679,23.0,25.0,25.0,23.0,28.0,23.0,28.0,22.0,30.0,34.0,30.0,20.0,27.0,32.0,32.0,22.0,35.0,28.0,20.0,22.0,22.0,21.0,21.0,21.0,21.0,22.0,22.0,22.0,21.0,22.0,21.0,22.0,22.0,22.0,21.0,21.0,21.0,21.0,10.0,hold,0,0,7.5016
1788795924.4145,2026-09-07 17:45:24.414,14,d3,1,0,-0.04744,-0.49731,0.04062,-4.2256,11.949,-25.4678,-0.1197,-0.0405,-0.5643,4.16459,23.0,25.0,25.0,23.0,28.0,23.0,28.0,22.0,30.0,34.0,30.0,20.0,27.0,32.0,32.0,22.0,35.0,28.0,20.0,22.0,22.0,21.0,21.0,21.0,21.0,22.0,22.0,22.0,21.0,22.0,21.0,22.0,22.0,22.0,21.0,21.0,21.0,21.0,10.0,hold,0,0,7.4322
1788795924.4645,2026-09-07 17:45:24.464,14,d3,1,0,-0.04744,-0.49732,0.04062,-4.221,11.9839,-25.611,-0.123,-0.0461,-0.558,4.15754,22.0,25.0,26.0,21.0,27.0,26.0,27.0,21.0,32.0,35.0,28.0,21.0,28.0,33.0,32.0,21.0,34.0,26.0,20.0,22.0,22.0,21.0,21.0,21.0,21.0,22.0,22.0,22.0,21.0,22.0,21.0,22.0,22.0,22.0,21.0,21.0,21.0,21.0,10.0,hold,0,0,7.4949
1788795924.5147,2026-09-07 17:45:24.514,14,d3,1,0,-0.04744,-0.49732,0.04063,-4.1334,11.991,-25.4056,-0.1206,-0.0404,-0.5622,4.15855,22.0,25.0,26.0,21.0,27.0,26.0,27.0,21.0,32.0,35.0,28.0,21.0,28.0,33.0,32.0,21.0,34.0,26.0,20.0,22.0,22.0,21.0,21.0,21.0,21.0,22.0,22.0,22.0,21.0,22.0,21.0,22.0,22.0,22.0,21.0,21.0,21.0,21.0,10.0,hold,0,0,7.4859
1788795924.5648,2026-09-07 17:45:24.564,14,d3,1,0,-0.04743,-0.49732,0.04062,-3.8986,11.5066,-25.6267,-0.1092,-0.0373,-0.56,4.16686,21.0,26.0,26.0,21.0,29.0,25.0,27.0,19.0,32.0,34.0,28.0,20.0,29.0,32.0,32.0,20.0,34.0,27.0,20.0,22.0,22.0,21.0,21.0,21.0,21.0,22.0,22.0,22.0,21.0,22.0,21.0,22.0,22.0,22.0,21.0,21.0,21.0,21.0,10.0,hold,0,0,7.412
1788795924.6152,2026-09-07 17:45:24.615,14,d3,1,0,-0.04744,-0.49731,0.04062,-4.0025,11.5712,-25.6081,-0.1106,-0.0383,-0.5602,4.16358,21.0,26.0,26.0,21.0,29.0,25.0,27.0,19.0,32.0,34.0,28.0,20.0,29.0,32.0,32.0,20.0,34.0,27.0,20.0,22.0,22.0,21.0,21.0,21.0,21.0,22.0,22.0,22.0,21.0,22.0,21.0,22.0,22.0,22.0,21.0,21.0,21.0,21.0,10.0,hold,0,0,7.4411
1788795924.6653,2026-09-07 17:45:24.665,14,d3,1,0,-0.04744,-0.49731,0.04061,-4.2043,11.9664,-25.6091,-0.1167,-0.044,-0.566,4.16132,22.0,25.0,25.0,20.0,29.0,24.0,26.0,21.0,30.0,35.0,29.0,20.0,28.0,32.0,33.0,21.0,33.0,27.0,20.0,22.0,22.0,21.0,21.0,21.0,21.0,22.0,22.0,22.0,21.0,22.0,21.0,22.0,22.0,22.0,21.0,21.0,21.0,21.0,10.0,hold,0,0,7.4613
1788795924.7153,2026-09-07 17:45:24.715,14,d3,1,0,-0.04744,-0.49731,0.04061,-4.1152,11.6396,-25.5011,-0.1128,-0.0466,-0.5658,4.16107,21.0,23.0,25.0,20.0,28.0,25.0,27.0,21.0,31.0,34.0,29.0,22.0,29.0,31.0,31.0,22.0,34.0,28.0,22.0,22.0,22.0,21.0,21.0,21.0,21.0,22.0,22.0,22.0,21.0,22.0,21.0,22.0,22.0,22.0,21.0,21.0,21.0,21.0,10.0,hold,0,0,7.4635
1788795924.7655,2026-09-07 17:45:24.765,14,d3,1,0,-0.04745,-0.49731,0.04062,-3.9829,11.7114,-25.7159,-0.1141,-0.0414,-0.5635,4.15981,21.0,23.0,25.0,20.0,28.0,25.0,27.0,21.0,31.0,34.0,29.0,22.0,29.0,31.0,31.0,22.0,34.0,28.0,22.0,22.0,22.0,21.0,21.0,21.0,21.0,22.0,22.0,22.0,21.0,22.0,21.0,22.0,22.0,22.0,21.0,21.0,21.0,21.0,10.0,hold,0,0,7.4747
1788795924.8155,2026-09-07 17:45:24.815,14,d3,1,0,-0.04745,-0.49732,0.04062,-4.3414,11.8986,-25.6804,-0.1209,-0.0486,-0.5657,4.17315,23.0,25.0,25.0,22.0,28.0,24.0,27.0,20.0,29.0,34.0,28.0,21.0,27.0,31.0,31.0,21.0,33.0,27.0,20.0,22.0,22.0,21.0,21.0,21.0,21.0,22.0,22.0,22.0,21.0,22.0,21.0,22.0,22.0,22.0,21.0,21.0,21.0,21.0,10.0,hold,0,0,7.356
1788795924.8656,2026-09-07 17:45:24.865,14,d3,1,0,-0.04746,-0.49733,0.04063,-3.803,11.4979,-25.7335,-0.1079,-0.032,-0.559,4.15452,23.0,25.0,25.0,22.0,28.0,24.0,27.0,20.0,29.0,34.0,28.0,21.0,27.0,31.0,31.0,21.0,33.0,27.0,20.0,22.0,22.0,21.0,21.0,21.0,21.0,22.0,22.0,22.0,21.0,22.0,21.0,22.0,22.0,22.0,21.0,21.0,21.0,21.0,10.0,hold,0,0,7.5218
1788795924.9157,2026-09-07 17:45:24.915,14,d3,1,0,-0.04745,-0.49732,0.04061,-4.3643,12.0861,-25.6396,-0.1225,-0.0482,-0.566,4.1593,23.0,24.0,25.0,22.0,27.0,24.0,25.0,22.0,30.0,33.0,29.0,22.0,28.0,31.0,32.0,21.0,32.0,27.0,22.0,22.0,22.0,21.0,21.0,21.0,21.0,22.0,22.0,22.0,21.0,22.0,21.0,22.0,22.0,22.0,21.0,21.0,21.0,21.0,10.0,hold,0,0,7.4792
1788795924.9659,2026-09-07 17:45:24.965,14,d3,1,0,-0.04744,-0.49731,0.0406,-4.1702,11.7141,-25.6363,-0.1175,-0.0458,-0.5675,4.17265,21.0,23.0,23.0,21.0,27.0,23.0,27.0,22.0,30.0,35.0,29.0,23.0,27.0,32.0,33.0,23.0,34.0,27.0,21.0,22.0,22.0,21.0,21.0,21.0,21.0,22.0,22.0,22.0,21.0,22.0,21.0,22.0,22.0,22.0,21.0,21.0,21.0,21.0,10.0,hold,0,0,7.3605
1788795925.016,2026-09-07 17:45:25.015,14,d3,1,0,-0.04745,-0.49732,0.04062,-4.2481,12.0128,-25.6539,-0.1261,-0.0467,-0.5618,4.16384,21.0,23.0,23.0,21.0,27.0,23.0,27.0,22.0,30.0,35.0,29.0,23.0,27.0,32.0,33.0,23.0,34.0,27.0,21.0,22.0,22.0,21.0,21.0,21.0,21.0,22.0,22.0,22.0,21.0,22.0,21.0,22.0,22.0,22.0,21.0,21.0,21.0,21.0,10.0,hold,0,0,7.4389
1788795925.066,2026-09-07 17:45:25.066,14,d3,1,0,-0.04745,-0.49732,0.04063,-4.2709,11.8215,-25.701,-0.1139,-0.0461,-0.5624,4.17139,23.0,24.0,24.0,22.0,28.0,24.0,27.0,21.0,30.0,35.0,29.0,21.0,28.0,32.0,32.0,23.0,35.0,28.0,22.0,22.0,22.0,21.0,21.0,21.0,21.0,22.0,22.0,22.0,21.0,22.0,21.0,22.0,22.0,22.0,21.0,21.0,21.0,21.0,10.0,hold,0,0,7.3717
1788795925.1162,2026-09-07 17:45:25.116,14,d3,1,0,-0.04744,-0.49732,0.04062,-3.5867,11.5038,-25.7045,-0.1122,-0.0292,-0.5535,4.16132,23.0,24.0,24.0,22.0,28.0,24.0,27.0,21.0,30.0,35.0,29.0,21.0,28.0,32.0,32.0,23.0,35.0,28.0,22.0,22.0,22.0,21.0,21.0,21.0,21.0,22.0,22.0,22.0,21.0,22.0,21.0,22.0,22.0,22.0,21.0,21.0,21.0,21.0,10.0,hold,0,0,7.4613
1788795925.1663,2026-09-07 17:45:25.166,14,d3,1,0,-0.04745,-0.49731,0.04062,-3.9297,11.5531,-25.7264,-0.1115,-0.0394,-0.5622,4.16686,23.0,24.0,26.0,21.0,27.0,25.0,26.0,20.0,30.0,34.0,29.0,22.0,27.0,32.0,32.0,21.0,34.0,28.0,20.0,22.0,22.0,21.0,21.0,21.0,21.0,22.0,22.0,22.0,21.0,22.0,21.0,22.0,22.0,22.0,21.0,21.0,21.0,21.0,10.0,hold,0,0,7.412
1788795925.2165,2026-09-07 17:45:25.216,14,d3,1,0,-0.04746,-0.49731,0.04062,-3.8065,11.5521,-25.7227,-0.1087,-0.0345,-0.5542,4.1729,22.0,23.0,25.0,21.0,27.0,24.0,26.0,21.0,30.0,35.0,30.0,20.0,26.0,32.0,33.0,22.0,33.0,29.0,21.0,22.0,22.0,21.0,21.0,21.0,21.0,22.0,22.0,22.0,21.0,22.0,21.0,22.0,22.0,22.0,21.0,21.0,21.0,21.0,10.0,hold,0,0,7.3582
1788795925.2665,2026-09-07 17:45:25.266,14,d3,1,0,-0.04746,-0.49731,0.04062,-4.2017,12.1586,-25.777,-0.1246,-0.0416,-0.5692,4.17114,22.0,23.0,25.0,21.0,27.0,24.0,26.0,21.0,30.0,35.0,30.0,20.0,26.0,32.0,33.0,22.0,33.0,29.0,21.0,22.0,22.0,21.0,21.0,21.0,21.0,22.0,22.0,22.0,21.0,22.0,21.0,22.0,22.0,22.0,21.0,21.0,21.0,21.0,10.0,hold,0,0,7.3739
1788795925.3166,2026-09-07 17:45:25.316,14,d3,1,0,-0.04744,-0.49732,0.04062,-4.0125,12.163,-25.6057,-0.1279,-0.0389,-0.5632,4.17567,21.0,25.0,24.0,20.0,28.0,23.0,28.0,22.0,29.0,35.0,29.0,22.0,27.0,32.0,34.0,22.0,34.0,27.0,22.0,22.0,22.0,21.0,21.0,21.0,21.0,22.0,22.0,22.0,21.0,22.0,21.0,22.0,22.0,22.0,21.0,21.0,21.0,21.0,10.0,hold,0,0,7.3336
1788795925.3668,2026-09-07 17:45:25.366,14,d3,1,0,-0.04745,-0.49734,0.04063,-4.5103,11.7756,-25.5069,-0.1146,-0.0517,-0.5655,4.17517,21.0,25.0,24.0,20.0,28.0,23.0,28.0,22.0,29.0,35.0,29.0,22.0,27.0,32.0,34.0,22.0,34.0,27.0,22.0,22.0,22.0,21.0,21.0,21.0,21.0,22.0,22.0,22.0,21.0,22.0,21.0,22.0,22.0,22.0,21.0,21.0,21.0,21.0,10.0,hold,0,0,7.3381
1788795925.417,2026-09-07 17:45:25.416,14,d3,1,0,-0.04744,-0.4973,0.0406,-4.207,11.8436,-25.7354,-0.1181,-0.0459,-0.5662,4.16988,23.0,23.0,24.0,22.0,28.0,25.0,27.0,23.0,29.0,36.0,28.0,23.0,27.0,33.0,32.0,23.0,35.0,28.0,21.0,22.0,22.0,21.0,21.0,21.0,21.0,22.0,22.0,22.0,21.0,22.0,21.0,22.0,22.0,22.0,21.0,21.0,21.0,21.0,10.0,hold,0,0,7.3851
1788795925.467,2026-09-07 17:45:25.467,14,d3,1,0,-0.04745,-0.49733,0.04063,-3.5553,11.6914,-25.7679,-0.1135,-0.0265,-0.5564,4.16459,21.0,23.0,26.0,22.0,26.0,25.0,26.0,22.0,30.0,34.0,29.0,21.0,28.0,31.0,32.0,22.0,33.0,28.0,20.0,22.0,22.0,21.0,21.0,21.0,21.0,22.0,22.0,22.0,21.0,22.0,21.0,22.0,22.0,22.0,21.0,21.0,21.0,21.0,10.0,hold,0,0,7.4322
1788795925.5171,2026-09-07 17:45:25.517,14,d3,1,0,-0.04745,-0.49732,0.04063,-3.9697,11.7208,-25.7998,-0.1132,-0.0384,-0.5651,4.17743,21.0,23.0,26.0,22.0,26.0,25.0,26.0,22.0,30.0,34.0,29.0,21.0,28.0,31.0,32.0,22.0,33.0,28.0,20.0,22.0,22.0,21.0,21.0,21.0,21.0,22.0,22.0,22.0,21.0,22.0,21.0,22.0,22.0,22.0,21.0,21.0,21.0,21.0,10.0,hold,0,0,7.3179
1788795925.5672,2026-09-07 17:45:25.567,14,d3,1,0,-0.04745,-0.49732,0.04062,-3.7065,11.5588,-25.8656,-0.1116,-0.0334,-0.5595,4.17642,22.0,24.0,25.0,21.0,27.0,23.0,26.0,21.0,30.0,32.0,28.0,21.0,26.0,30.0,32.0,21.0,32.0,28.0,22.0,22.0,22.0,21.0,21.0,21.0,21.0,22.0,22.0,22.0,21.0,22.0,21.0,22.0,22.0,22.0,21.0,21.0,21.0,21.0,10.0,hold,0,0,7.3269
1788795925.6174,2026-09-07 17:45:25.617,14,d3,1,0,-0.04744,-0.49732,0.04062,-4.1382,11.907,-25.609,-0.1182,-0.0428,-0.56,4.17013,22.0,24.0,25.0,21.0,27.0,23.0,26.0,21.0,30.0,32.0,28.0,21.0,26.0,30.0,32.0,21.0,32.0,28.0,22.0,22.0,22.0,21.0,21.0,21.0,21.0,22.0,22.0,22.0,21.0,22.0,21.0,22.0,22.0,22.0,21.0,21.0,21.0,21.0,10.0,hold,0,0,7.3829
1788795925.6676,2026-09-07 17:45:25.667,14,d3,1,0,-0.04744,-0.49732,0.04062,-3.8816,11.9659,-25.7853,-0.1169,-0.0364,-0.5625,4.17164,22.0,24.0,22.0,21.0,27.0,22.0,26.0,20.0,31.0,33.0,28.0,20.0,28.0,30.0,31.0,21.0,32.0,27.0,21.0,22.0,22.0,21.0,21.0,21.0,21.0,22.0,22.0,22.0,21.0,22.0,21.0,22.0,22.0,22.0,21.0,21.0,21.0,21.0,10.0,hold,0,0,7.3694
1788795925.7177,2026-09-07 17:45:25.717,14,d3,1,0,-0.04742,-0.49731,0.04061,-3.8756,11.8888,-25.8837,-0.1145,-0.0352,-0.5606,4.16963,22.0,24.0,22.0,21.0,27.0,22.0,26.0,20.0,31.0,33.0,28.0,20.0,28.0,30.0,31.0,21.0,32.0,27.0,21.0,22.0,22.0,21.0,21.0,21.0,21.0,22.0,22.0,22.0,21.0,22.0,21.0,22.0,22.0,22.0,21.0,21.0,21.0,21.0,10.0,hold,0,0,7.3874
1788795925.7678,2026-09-07 17:45:25.767,14,d3,1,0,-0.04745,-0.49732,0.04064,-3.8012,11.5333,-25.7485,-0.1096,-0.0341,-0.5599,4.17391,21.0,24.0,24.0,19.0,28.0,23.0,25.0,21.0,31.0,34.0,28.0,21.0,29.0,32.0,32.0,21.0,34.0,27.0,21.0,22.0,22.0,21.0,21.0,21.0,21.0,22.0,22.0,22.0,21.0,22.0,21.0,22.0,22.0,22.0,21.0,21.0,21.0,21.0,10.0,hold,0,0,7.3493
1788795925.8179,2026-09-07 17:45:25.817,14,d3,1,0,-0.04744,-0.49732,0.04061,-3.7591,11.7534,-25.6728,-0.1157,-0.0323,-0.5645,4.17567,23.0,25.0,24.0,21.0,27.0,25.0,26.0,21.0,30.0,33.0,29.0,21.0,28.0,30.0,31.0,22.0,34.0,27.0,21.0,22.0,22.0,21.0,21.0,21.0,21.0,22.0,22.0,22.0,21.0,22.0,21.0,22.0,22.0,22.0,21.0,21.0,21.0,21.0,10.0,hold,0,0,7.3336
1788795925.868,2026-09-07 17:45:25.868,14,d3,1,0,-0.04743,-0.49732,0.04061,-4.2646,12.0727,-25.5614,-0.1224,-0.047,-0.5638,4.18322,23.0,25.0,24.0,21.0,27.0,25.0,26.0,21.0,30.0,33.0,29.0,21.0,28.0,30.0,31.0,22.0,34.0,27.0,21.0,22.0,22.0,21.0,21.0,21.0,21.0,22.0,22.0,22.0,21.0,22.0,21.0,22.0,22.0,22.0,21.0,21.0,21.0,21.0,10.0,hold,0,0,7.2664
1788795925.9182,2026-09-07 17:45:25.918,14,d3,1,0,-0.04744,-0.49731,0.04062,-3.7735,11.6115,-25.7618,-0.1109,-0.033,-0.5656,4.17139,21.0,23.0,25.0,21.0,26.0,24.0,27.0,21.0,32.0,34.0,29.0,22.0,29.0,31.0,32.0,23.0,33.0,28.0,22.0,22.0,22.0,21.0,21.0,21.0,21.0,22.0,22.0,22.0,21.0,22.0,21.0,22.0,22.0,22.0,21.0,21.0,21.0,21.0,10.0,hold,0,0,7.3717
1788795925.9683,2026-09-07 17:45:25.968,14,d3,1,0,-0.04743,-0.49731,0.04062,-3.92,12.0988,-25.7002,-0.1245,-0.0353,-0.5629,4.17441,21.0,23.0,25.0,21.0,26.0,24.0,27.0,21.0,32.0,34.0,29.0,22.0,29.0,31.0,32.0,23.0,33.0,28.0,22.0,22.0,22.0,21.0,21.0,21.0,21.0,22.0,22.0,22.0,21.0,22.0,21.0,22.0,22.0,22.0,21.0,21.0,21.0,21.0,10.0,hold,0,0,7.3448
1788795926.0185,2026-09-07 17:45:26.018,14,d3,1,0,-0.04745,-0.49731,0.04062,-4.3217,12.036,-25.7186,-0.1215,-0.0505,-0.5643,4.18096,24.0,25.0,24.0,22.0,28.0,24.0,27.0,23.0,29.0,34.0,31.0,22.0,27.0,31.0,33.0,22.0,33.0,29.0,22.0,22.0,22.0,21.0,21.0,21.0,21.0,22.0,22.0,22.0,21.0,22.0,21.0,22.0,22.0,22.0,21.0,21.0,21.0,21.0,10.0,hold,0,0,7.2866
1788795926.0685,2026-09-07 17:45:26.068,14,d3,1,0,-0.04742,-0.49731,0.04062,-3.7375,11.6361,-25.7191,-0.1137,-0.0319,-0.5599,4.17517,22.0,24.0,25.0,21.0,26.0,25.0,27.0,20.0,29.0,34.0,30.0,21.0,27.0,33.0,33.0,21.0,35.0,28.0,21.0,22.0,22.0,21.0,21.0,21.0,21.0,22.0,22.0,22.0,21.0,22.0,21.0,22.0,22.0,22.0,21.0,21.0,21.0,21.0,10.0,hold,0,0,7.3381
1788795926.1187,2026-09-07 17:45:26.118,14,d3,1,0,-0.04746,-0.49733,0.04063,-3.9395,11.8309,-25.7429,-0.1208,-0.0397,-0.5602,4.18146,22.0,24.0,25.0,21.0,26.0,25.0,27.0,20.0,29.0,34.0,30.0,21.0,27.0,33.0,33.0,21.0,35.0,28.0,21.0,22.0,22.0,21.0,21.0,21.0,21.0,22.0,22.0,22.0,21.0,22.0,21.0,22.0,22.0,22.0,21.0,21.0,21.0,21.0,10.0,hold,0,0,7.2821
1788795926.1688,2026-09-07 17:45:26.168,14,d3,1,0,-0.04745,-0.49732,0.04061,-3.9755,11.7413,-25.8145,-0.1139,-0.0382,-0.5611,4.1807,22.0,22.0,25.0,20.0,25.0,24.0,28.0,23.0,30.0,34.0,29.0,23.0,28.0,31.0,31.0,22.0,33.0,26.0,22.0,22.0,22.0,21.0,21.0,21.0,21.0,22.0,22.0,22.0,21.0,22.0,21.0,22.0,22.0,22.0,21.0,21.0,21.0,21.0,10.0,hold,0,0,7.2888
1788795926.2188,2026-09-07 17:45:26.218,14,d3,1,0,-0.04745,-0.49732,0.04062,-3.8399,11.603,-25.7574,-0.1097,-0.0336,-0.5625,4.17441,22.0,22.0,25.0,20.0,25.0,24.0,28.0,23.0,30.0,34.0,29.0,23.0,28.0,31.0,31.0,22.0,33.0,26.0,22.0,22.0,22.0,21.0,21.0,21.0,21.0,22.0,22.0,22.0,21.0,22.0,21.0,22.0,22.0,22.0,21.0,21.0,21.0,21.0,10.0,hold,0,0,7.3448
1788795926.2689,2026-09-07 17:45:26.268,14,d3,1,0,-0.04746,-0.49733,0.04063,-4.159,11.9393,-25.7148,-0.12,-0.0433,-0.5652,4.1729,22.0,24.0,24.0,22.0,27.0,23.0,26.0,20.0,30.0,34.0,28.0,20.0,29.0,32.0,31.0,21.0,33.0,26.0,21.0,22.0,22.0,21.0,21.0,21.0,21.0,22.0,22.0,22.0,21.0,22.0,21.0,22.0,22.0,22.0,21.0,21.0,21.0,21.0,10.0,hold,0,0,7.3582
1788795926.3191,2026-09-07 17:45:26.319,14,d3,1,0,-0.04745,-0.49732,0.04062,-4.0733,11.9533,-25.7937,-0.1208,-0.0417,-0.5615,4.1797,22.0,23.0,25.0,20.0,27.0,24.0,26.0,23.0,31.0,34.0,29.0,23.0,27.0,31.0,32.0,23.0,33.0,28.0,22.0,22.0,22.0,21.0,21.0,21.0,21.0,22.0,22.0,22.0,21.0,22.0,21.0,22.0,22.0,22.0,21.0,21.0,21.0,21.0,10.0,hold,0,0,7.2978
1788795926.3691,2026-09-07 17:45:26.369,14,d3,1,0,-0.04744,-0.49733,0.04063,-3.7611,11.5866,-25.8317,-0.1117,-0.0359,-0.5598,4.17693,22.0,23.0,25.0,20.0,27.0,24.0,26.0,23.0,31.0,34.0,29.0,23.0,27.0,31.0,32.0,23.0,33.0,28.0,22.0,22.0,22.0,21.0,21.0,21.0,21.0,22.0,22.0,22.0,21.0,22.0,21.0,22.0,22.0,22.0,21.0,21.0,21.0,21.0,10.0,hold,0,0,7.3224
1788795926.4193,2026-09-07 17:45:26.419,14,d3,1,0,-0.04744,-0.49732,0.04062,-3.8805,11.5597,-25.9152,-0.1098,-0.039,-0.5615,4.17617,22.0,23.0,25.0,21.0,27.0,24.0,26.0,22.0,29.0,34.0,29.0,22.0,27.0,32.0,32.0,21.0,34.0,27.0,20.0,22.0,22.0,21.0,21.0,21.0,21.0,22.0,22.0,22.0,21.0,22.0,21.0,22.0,22.0,22.0,21.0,21.0,21.0,21.0,10.0,hold,0,0,7.3291
1788795926.4693,2026-09-07 17:45:26.469,14,d3,1,0,-0.04746,-0.49732,0.04063,-3.7135,11.32,-25.818,-0.1073,-0.0302,-0.5612,4.17768,22.0,23.0,25.0,21.0,27.0,24.0,26.0,22.0,29.0,34.0,29.0,22.0,27.0,32.0,32.0,21.0,34.0,27.0,20.0,22.0,22.0,21.0,21.0,21.0,21.0,22.0,22.0,22.0,21.0,22.0,21.0,22.0,22.0,22.0,21.0,21.0,21.0,21.0,10.0,hold,0,0,7.3157
1788795926.5193,2026-09-07 17:45:26.519,14,d3,1,0,-0.04746,-0.49732,0.04063,-4.0809,11.7344,-25.6425,-0.1127,-0.0413,-0.562,4.18347,23.0,23.0,25.0,22.0,26.0,24.0,26.0,22.0,29.0,33.0,29.0,22.0,27.0,31.0,31.0,23.0,32.0,28.0,21.0,22.0,22.0,21.0,21.0,21.0,21.0,22.0,22.0,22.0,21.0,22.0,21.0,22.0,22.0,22.0,21.0,21.0,21.0,21.0,10.0,hold,0,0,7.2642
1788795926.5694,2026-09-07 17:45:26.569,14,d3,1,0,-0.04745,-0.49732,0.04063,-4.0227,11.7203,-25.6979,-0.1116,-0.0384,-0.5622,4.18423,21.0,25.0,24.0,20.0,28.0,23.0,25.0,19.0,29.0,34.0,29.0,19.0,28.0,31.0,32.0,18.0,33.0,27.0,18.0,22.0,22.0,21.0,21.0,21.0,21.0,22.0,22.0,22.0,21.0,22.0,21.0,22.0,22.0,22.0,21.0,21.0,21.0,21.0,10.0,hold,0,0,7.2575
1788795926.6195,2026-09-07 17:45:26.619,14,d3,1,0,-0.04745,-0.49732,0.04061,-3.8547,11.9728,-25.6841,-0.1201,-0.0378,-0.5618,4.18574,21.0,25.0,24.0,20.0,28.0,23.0,25.0,19.0,29.0,34.0,29.0,19.0,28.0,31.0,32.0,18.0,33.0,27.0,18.0,22.0,22.0,21.0,21.0,21.0,21.0,22.0,22.0,22.0,21.0,22.0,21.0,22.0,22.0,22.0,21.0,21.0,21.0,21.0,10.0,hold,0,0,7.244
1788795926.6697,2026-09-07 17:45:26.669,14,d3,1,0,-0.04745,-0.49732,0.04063,-4.0304,11.6469,-25.7741,-0.1136,-0.041,-0.5631,4.17819,20.0,24.0,25.0,20.0,27.0,25.0,25.0,21.0,31.0,33.0,27.0,21.0,29.0,31.0,29.0,21.0,32.0,26.0,21.0,22.0,22.0,21.0,21.0,21.0,21.0,22.0,22.0,22.0,21.0,22.0,21.0,22.0,22.0,22.0,21.0,21.0,21.0,21.0,10.0,hold,0,0,7.3112
1788795926.7197,2026-09-07 17:45:26.719,14,d3,1,0,-0.04746,-0.49732,0.04063,-3.9735,11.56,-25.7734,-0.11,-0.0393,-0.5584,4.1797,20.0,24.0,25.0,20.0,27.0,25.0,25.0,21.0,31.0,33.0,27.0,21.0,29.0,31.0,29.0,21.0,32.0,26.0,21.0,22.0,22.0,21.0,21.0,21.0,21.0,22.0,22.0,22.0,21.0,22.0,21.0,22.0,22.0,22.0,21.0,21.0,21.0,21.0,10.0,hold,0,0,7.2978
1788795926.7698,2026-09-07 17:45:26.769,14,d3,1,0,-0.04744,-0.49732,0.04062,-3.998,11.2595,-25.8213,-0.1035,-0.0394,-0.5673,4.1807,20.0,24.0,24.0,20.0,28.0,24.0,25.0,20.0,29.0,33.0,29.0,20.0,28.0,30.0,32.0,20.0,32.0,26.0,21.0,22.0,22.0,21.0,21.0,21.0,21.0,22.0,22.0,22.0,21.0,22.0,21.0,22.0,22.0,22.0,21.0,21.0,21.0,21.0,10.0,hold,0,0,7.2888
1788795926.8199,2026-09-07 17:45:26.819,14,d3,1,0,-0.04744,-0.49731,0.04061,-4.2069,12.0532,-25.789,-0.1206,-0.0422,-0.5537,4.17894,20.0,24.0,24.0,20.0,28.0,24.0,25.0,20.0,29.0,33.0,29.0,20.0,28.0,30.0,32.0,20.0,32.0,26.0,21.0,22.0,22.0,21.0,21.0,21.0,21.0,22.0,22.0,22.0,21.0,22.0,21.0,22.0,22.0,22.0,21.0,21.0,21.0,21.0,10.0,hold,0,0,7.3045
1788795926.8701,2026-09-07 17:45:26.870,14,d3,1,0,-0.04744,-0.49732,0.04062,-3.8707,11.605,-25.6836,-0.1096,-0.0369,-0.5609,4.1802,21.0,23.0,24.0,19.0,27.0,22.0,26.0,21.0,29.0,35.0,28.0,22.0,27.0,30.0,30.0,21.0,31.0,26.0,23.0,22.0,22.0,21.0,21.0,21.0,21.0,22.0,22.0,22.0,21.0,22.0,21.0,22.0,22.0,22.0,21.0,21.0,21.0,21.0,10.0,hold,0,0,7.2933
1788795926.9202,2026-09-07 17:45:26.920,14,d3,1,0,-0.04746,-0.49732,0.04062,-3.9922,11.5327,-25.7812,-0.1097,-0.037,-0.5555,4.18347,22.0,23.0,24.0,21.0,28.0,24.0,26.0,22.0,29.0,34.0,27.0,22.0,27.0,32.0,29.0,21.0,33.0,26.0,22.0,22.0,22.0,21.0,21.0,21.0,21.0,22.0,22.0,22.0,21.0,22.0,21.0,22.0,22.0,22.0,21.0,21.0,21.0,21.0,10.0,hold,0,0,7.2642
1788795926.9703,2026-09-07 17:45:26.970,14,d3,1,0,-0.04745,-0.49732,0.04061,-4.2685,12.0296,-25.7734,-0.1196,-0.048,-0.5644,4.18775,22.0,23.0,24.0,21.0,28.0,24.0,26.0,22.0,29.0,34.0,27.0,22.0,27.0,32.0,29.0,21.0,33.0,26.0,22.0,22.0,22.0,21.0,21.0,21.0,21.0,22.0,22.0,22.0,21.0,22.0,21.0,22.0,22.0,22.0,21.0,21.0,21.0,21.0,10.0,hold,0,0,7.2261
1788795927.0204,2026-09-07 17:45:27.020,14,d3,1,0,-0.04744,-0.49731,0.04062,-4.1506,11.9561,-25.7257,-0.1209,-0.042,-0.5631,4.1807,22.0,23.0,24.0,21.0,27.0,23.0,24.0,21.0,31.0,35.0,29.0,22.0,28.0,31.0,32.0,21.0,33.0,27.0,22.0,22.0,22.0,21.0,21.0,21.0,21.0,22.0,22.0,22.0,21.0,22.0,21.0,22.0,22.0,22.0,21.0,21.0,21.0,21.0,10.0,hold,0,0,7.2888
1788795927.0705,2026-09-07 17:45:27.070,14,d3,1,0,-0.04744,-0.49732,0.04062,-4.145,11.6094,-25.9028,-0.1096,-0.0445,-0.5646,4.1734,22.0,23.0,24.0,21.0,27.0,23.0,24.0,21.0,31.0,35.0,29.0,22.0,28.0,31.0,32.0,21.0,33.0,27.0,22.0,22.0,22.0,21.0,21.0,21.0,21.0,22.0,22.0,22.0,21.0,22.0,21.0,22.0,22.0,22.0,21.0,21.0,21.0,21.0,10.0,hold,0,0,7.3538
1788795927.1206,2026-09-07 17:45:27.120,14,d3,1,0,-0.04743,-0.49733,0.04062,-3.88,11.6813,-25.7512,-0.1149,-0.0359,-0.5655,4.18322,22.0,26.0,26.0,21.0,29.0,25.0,25.0,21.0,29.0,35.0,27.0,22.0,27.0,33.0,30.0,22.0,34.0,27.0,21.0,22.0,22.0,21.0,21.0,21.0,21.0,22.0,22.0,22.0,21.0,22.0,21.0,22.0,22.0,22.0,21.0,21.0,21.0,21.0,10.0,hold,0,0,7.2664
1788795927.1707,2026-09-07 17:45:27.170,14,d3,1,0,-0.04744,-0.49732,0.04062,-3.8213,11.9748,-25.8094,-0.1203,-0.0367,-0.5629,4.18096,22.0,23.0,25.0,21.0,26.0,24.0,25.0,21.0,31.0,34.0,29.0,20.0,29.0,32.0,31.0,21.0,34.0,27.0,19.0,22.0,22.0,21.0,21.0,21.0,21.0,22.0,22.0,22.0,21.0,22.0,21.0,22.0,22.0,22.0,21.0,21.0,21.0,21.0,10.0,hold,0,0,7.2866
1788795927.2208,2026-09-07 17:45:27.220,14,d3,1,0,-0.04744,-0.49732,0.04061,-3.7637,11.4794,-26.0392,-0.1101,-0.0335,-0.5652,4.18599,22.0,23.0,25.0,21.0,26.0,24.0,25.0,21.0,31.0,34.0,29.0,20.0,29.0,32.0,31.0,21.0,34.0,27.0,19.0,22.0,22.0,21.0,21.0,21.0,21.0,22.0,22.0,22.0,21.0,22.0,21.0,22.0,22.0,22.0,21.0,21.0,21.0,21.0,10.0,hold,0,0,7.2418
1788795927.271,2026-09-07 17:45:27.270,14,d3,1,0,-0.04744,-0.49731,0.04061,-3.7464,11.7577,-25.9653,-0.1136,-0.0372,-0.5566,4.19077,21.0,25.0,25.0,20.0,28.0,24.0,25.0,22.0,30.0,35.0,29.0,22.0,26.0,33.0,32.0,22.0,35.0,27.0,22.0,22.0,22.0,21.0,21.0,21.0,21.0,22.0,22.0,22.0,21.0,22.0,21.0,22.0,22.0,22.0,21.0,21.0,21.0,21.0,10.0,hold,0,0,7.1992
1788795927.3211,2026-09-07 17:45:27.321,14,d3,1,0,-0.04744,-0.49731,0.04061,-3.7422,11.485,-26.1671,-0.1086,-0.0357,-0.5597,4.18725,21.0,25.0,25.0,20.0,28.0,24.0,25.0,22.0,30.0,35.0,29.0,22.0,26.0,33.0,32.0,22.0,35.0,27.0,22.0,22.0,22.0,21.0,21.0,21.0,21.0,22.0,22.0,22.0,21.0,22.0,21.0,22.0,22.0,22.0,21.0,21.0,21.0,21.0,10.0,hold,0,0,7.2306
1788795927.3712,2026-09-07 17:45:27.371,14,d3,1,0,-0.04745,-0.49732,0.04061,-3.888,11.7649,-26.0479,-0.1163,-0.0373,-0.5609,4.18448,23.0,24.0,25.0,23.0,27.0,25.0,25.0,20.0,30.0,35.0,29.0,19.0,28.0,33.0,30.0,21.0,35.0,27.0,20.0,22.0,22.0,21.0,21.0,21.0,21.0,22.0,22.0,22.0,21.0,22.0,21.0,22.0,22.0,22.0,21.0,21.0,21.0,21.0,10.0,hold,0,0,7.2552
1788795927.4213,2026-09-07 17:45:27.421,14,d3,1,0,-0.04745,-0.49732,0.04062,-4.0362,11.8137,-26.0294,-0.1164,-0.0408,-0.5646,4.19304,22.0,25.0,25.0,20.0,27.0,24.0,26.0,20.0,28.0,35.0,28.0,19.0,28.0,33.0,32.0,21.0,34.0,28.0,19.0,22.0,22.0,21.0,21.0,21.0,21.0,22.0,22.0,22.0,21.0,22.0,21.0,22.0,22.0,22.0,21.0,21.0,21.0,21.0,10.0,hold,0,0,7.1791
1788795927.4714,2026-09-07 17:45:27.471,14,d3,1,0,-0.04745,-0.49732,0.04062,-4.1888,12.025,-25.9814,-0.1197,-0.0439,-0.5734,4.1807,22.0,25.0,25.0,20.0,27.0,24.0,26.0,20.0,28.0,35.0,28.0,19.0,28.0,33.0,32.0,21.0,34.0,28.0,19.0,22.0,22.0,21.0,21.0,21.0,21.0,22.0,22.0,22.0,21.0,22.0,21.0,22.0,22.0,22.0,21.0,21.0,21.0,21.0,10.0,hold,0,0,7.2888
1788795927.5215,2026-09-07 17:45:27.521,14,d3,1,0,-0.04744,-0.49732,0.04063,-4.0751,11.7377,-25.813,-0.1179,-0.0438,-0.5617,4.18322,20.0,24.0,25.0,18.0,27.0,25.0,26.0,23.0,29.0,34.0,29.0,22.0,27.0,32.0,32.0,24.0,33.0,25.0,23.0,22.0,22.0,21.0,21.0,21.0,21.0,22.0,22.0,22.0,21.0,22.0,21.0,22.0,22.0,22.0,21.0,21.0,21.0,21.0,10.0,hold,0,0,7.2664
1788795927.5716,2026-09-07 17:45:27.571,14,d3,1,0,-0.04744,-0.49733,0.04063,-4.0972,11.7505,-25.8487,-0.1144,-0.0432,-0.5635,4.19354,20.0,24.0,25.0,18.0,27.0,25.0,26.0,23.0,29.0,34.0,29.0,22.0,27.0,32.0,32.0,24.0,33.0,25.0,23.0,22.0,22.0,21.0,21.0,21.0,21.0,22.0,22.0,22.0,21.0,22.0,21.0,22.0,22.0,22.0,21.0,21.0,21.0,21.0,10.0,hold,0,0,7.1746
1788795927.6217,2026-09-07 17:45:27.621,14,d3,1,0,-0.04743,-0.49732,0.04063,-4.0016,11.2191,-25.7865,-0.0992,-0.0394,-0.5689,4.18574,24.0,24.0,23.0,21.0,27.0,23.0,25.0,20.0,30.0,36.0,30.0,19.0,28.0,31.0,32.0,21.0,34.0,29.0,19.0,22.0,22.0,21.0,21.0,21.0,21.0,22.0,22.0,22.0,21.0,22.0,21.0,22.0,22.0,22.0,21.0,21.0,21.0,21.0,10.0,hold,0,0,7.244
1788795927.6718,2026-09-07 17:45:27.671,14,d3,1,0,-0.04744,-0.49732,0.04063,-4.1742,11.9415,-25.8716,-0.1195,-0.0448,-0.5655,4.18524,22.0,24.0,25.0,20.0,27.0,24.0,28.0,21.0,30.0,34.0,30.0,22.0,27.0,33.0,32.0,22.0,34.0,28.0,21.0,22.0,22.0,21.0,21.0,21.0,21.0,22.0,22.0,22.0,21.0,22.0,21.0,22.0,22.0,22.0,21.0,21.0,21.0,21.0,10.0,hold,0,0,7.2485
1788795927.7219,2026-09-07 17:45:27.721,14,d3,1,0,-0.04744,-0.49732,0.04062,-4.1974,11.9689,-25.7317,-0.1181,-0.0453,-0.5643,4.18347,22.0,24.0,25.0,20.0,27.0,24.0,28.0,21.0,30.0,34.0,30.0,22.0,27.0,33.0,32.0,22.0,34.0,28.0,21.0,22.0,22.0,21.0,21.0,21.0,21.0,22.0,22.0,22.0,21.0,22.0,21.0,22.0,22.0,22.0,21.0,21.0,21.0,21.0,10.0,hold,0,0,7.2642
1788795927.772,2026-09-07 17:45:27.772,14,d3,1,0,-0.04746,-0.49732,0.04063,-4.2196,12.1593,-25.6957,-0.1261,-0.0461,-0.5591,4.18398,21.0,25.0,26.0,21.0,28.0,25.0,28.0,20.0,30.0,36.0,28.0,21.0,29.0,33.0,29.0,20.0,35.0,26.0,20.0,22.0,22.0,21.0,21.0,21.0,21.0,22.0,22.0,22.0,21.0,22.0,21.0,22.0,22.0,22.0,21.0,21.0,21.0,21.0,10.0,hold,0,0,7.2597
1788795927.8221,2026-09-07 17:45:27.822,14,d3,1,0,-0.04746,-0.49732,0.04062,-4.1322,11.7792,-25.8178,-0.1146,-0.0448,-0.5708,4.18549,21.0,25.0,26.0,21.0,28.0,25.0,28.0,20.0,30.0,36.0,28.0,21.0,29.0,33.0,29.0,20.0,35.0,26.0,20.0,22.0,22.0,21.0,21.0,21.0,21.0,22.0,22.0,22.0,21.0,22.0,21.0,22.0,22.0,22.0,21.0,21.0,21.0,21.0,10.0,hold,0,0,7.2463
1788795927.8722,2026-09-07 17:45:27.872,14,d3,1,0,-0.04743,-0.49731,0.04061,-4.2776,12.0347,-25.567,-0.1237,-0.0483,-0.5686,4.19279,22.0,25.0,26.0,19.0,29.0,26.0,26.0,20.0,29.0,35.0,29.0,21.0,26.0,32.0,31.0,22.0,35.0,27.0,20.0,22.0,22.0,21.0,21.0,21.0,21.0,22.0,22.0,22.0,21.0,22.0,21.0,22.0,22.0,22.0,21.0,21.0,21.0,21.0,10.0,hold,0,0,7.1813
1788795927.9223,2026-09-07 17:45:27.922,14,d3,1,0,-0.04745,-0.49732,0.04061,-3.9317,11.6381,-25.8055,-0.1132,-0.0377,-0.5636,4.18775,22.0,25.0,26.0,19.0,29.0,26.0,26.0,20.0,29.0,35.0,29.0,21.0,26.0,32.0,31.0,22.0,35.0,27.0,20.0,22.0,22.0,21.0,21.0,21.0,21.0,22.0,22.0,22.0,21.0,22.0,21.0,22.0,22.0,22.0,21.0,21.0,21.0,21.0,10.0,hold,0,0,7.2261
1788795927.9725,2026-09-07 17:45:27.972,14,d3,1,0,-0.04743,-0.49733,0.04062,-3.8716,11.639,-25.7796,-0.1132,-0.0404,-0.5647,4.1875,23.0,24.0,24.0,20.0,27.0,25.0,25.0,21.0,31.0,35.0,28.0,21.0,28.0,33.0,30.0,21.0,35.0,27.0,20.0,22.0,22.0,21.0,21.0,21.0,21.0,22.0,22.0,22.0,21.0,22.0,21.0,22.0,22.0,22.0,21.0,21.0,21.0,21.0,10.0,hold,0,0,7.2283
1788795928.0226,2026-09-07 17:45:28.022,14,d3,1,0,-0.04744,-0.49731,0.04061,-3.973,11.8292,-25.8178,-0.1172,-0.0381,-0.5596,4.19229,21.0,25.0,25.0,20.0,28.0,24.0,26.0,20.0,28.0,35.0,29.0,22.0,26.0,31.0,32.0,21.0,33.0,28.0,21.0,22.0,22.0,21.0,21.0,21.0,21.0,22.0,22.0,22.0,21.0,22.0,21.0,22.0,22.0,22.0,21.0,21.0,21.0,21.0,10.0,hold,0,0,7.1858
1788795928.0727,2026-09-07 17:45:28.072,14,d3,1,0,-0.04744,-0.49731,0.04062,-3.4895,11.5159,-25.9418,-0.112,-0.0291,-0.5511,4.1865,21.0,25.0,25.0,20.0,28.0,24.0,26.0,20.0,28.0,35.0,29.0,22.0,26.0,31.0,32.0,21.0,33.0,28.0,21.0,22.0,22.0,21.0,21.0,21.0,21.0,22.0,22.0,22.0,21.0,22.0,21.0,22.0,22.0,22.0,21.0,21.0,21.0,21.0,10.0,hold,0,0,7.2373
1788795928.1228,2026-09-07 17:45:28.122,14,d3,1,0,-0.04744,-0.4973,0.04061,-4.4389,11.7049,-25.8615,-0.1115,-0.0525,-0.5607,4.19254,23.0,23.0,25.0,22.0,26.0,24.0,26.0,21.0,29.0,35.0,29.0,21.0,27.0,32.0,31.0,21.0,35.0,27.0,19.0,22.0,22.0,21.0,21.0,21.0,21.0,22.0,22.0,22.0,21.0,22.0,21.0,22.0,22.0,22.0,21.0,21.0,21.0,21.0,10.0,hold,0,0,7.1835
1788795928.1729,2026-09-07 17:45:28.172,14,d3,1,0,-0.04745,-0.49732,0.04063,-3.9184,11.682,-25.8573,-0.1154,-0.0374,-0.5626,4.19178,23.0,23.0,25.0,22.0,26.0,24.0,26.0,21.0,29.0,35.0,29.0,21.0,27.0,32.0,31.0,21.0,35.0,27.0,19.0,22.0,22.0,21.0,21.0,21.0,21.0,22.0,22.0,22.0,21.0,22.0,21.0,22.0,22.0,22.0,21.0,21.0,21.0,21.0,10.0,hold,0,0,7.1903
1788795928.223,2026-09-07 17:45:28.222,14,d3,1,0,-0.04746,-0.49731,0.04061,-4.1473,11.6856,-25.8238,-0.115,-0.0431,-0.5631,4.187,22.0,23.0,26.0,21.0,27.0,26.0,27.0,21.0,30.0,35.0,28.0,19.0,28.0,31.0,32.0,21.0,33.0,27.0,19.0,22.0,22.0,21.0,21.0,21.0,21.0,22.0,22.0,22.0,21.0,22.0,21.0,22.0,22.0,22.0,21.0,21.0,21.0,21.0,10.0,hold,0,0,7.2328
1788795928.2731,2026-09-07 17:45:28.273,14,d3,1,0,-0.04744,-0.49732,0.04063,-3.7757,11.7777,-25.6547,-0.1177,-0.0348,-0.5613,4.18977,19.0,24.0,25.0,20.0,26.0,25.0,27.0,21.0,31.0,34.0,28.0,21.0,29.0,32.0,31.0,21.0,35.0,28.0,20.0,22.0,22.0,21.0,21.0,21.0,21.0,22.0,22.0,22.0,21.0,22.0,21.0,22.0,22.0,22.0,21.0,21.0,21.0,21.0,10.0,hold,0,0,7.2082
1788795928.3232,2026-09-07 17:45:28.323,14,d3,1,0,-0.04746,-0.49732,0.04063,-3.879,11.9333,-25.6703,-0.1213,-0.0363,-0.5627,4.19077,19.0,24.0,25.0,20.0,26.0,25.0,27.0,21.0,31.0,34.0,28.0,21.0,29.0,32.0,31.0,21.0,35.0,28.0,20.0,22.0,22.0,21.0,21.0,21.0,21.0,22.0,22.0,22.0,21.0,22.0,21.0,22.0,22.0,22.0,21.0,21.0,21.0,21.0,10.0,hold,0,0,7.1992
1788795928.3733,2026-09-07 17:45:28.373,14,d3,1,0,-0.04744,-0.49731,0.04061,-3.8319,11.5037,-25.6547,-0.1093,-0.0375,-0.5618,4.19128,22.0,26.0,25.0,21.0,29.0,25.0,26.0,23.0,30.0,34.0,28.0,23.0,26.0,32.0,31.0,22.0,33.0,26.0,22.0,22.0,22.0,21.0,21.0,21.0,21.0,22.0,22.0,22.0,21.0,22.0,21.0,22.0,22.0,22.0,21.0,21.0,21.0,21.0,10.0,hold,0,0,7.1947
1788795928.4236,2026-09-07 17:45:28.423,14,d3,1,0,-0.04744,-0.49731,0.04062,-4.2419,12.1436,-25.7272,-0.1253,-0.044,-0.5665,4.1875,22.0,26.0,25.0,21.0,29.0,25.0,26.0,23.0,30.0,34.0,28.0,23.0,26.0,32.0,31.0,22.0,33.0,26.0,22.0,22.0,22.0,21.0,21.0,21.0,21.0,22.0,22.0,22.0,21.0,22.0,21.0,22.0,22.0,22.0,21.0,21.0,21.0,21.0,10.0,hold,0,0,7.2283
1788795928.4736,2026-09-07 17:45:28.473,14,d3,1,0,-0.04744,-0.49732,0.04061,-4.2672,11.9939,-25.5661,-0.12,-0.0497,-0.5649,4.19858,22.0,23.0,25.0,22.0,26.0,25.0,26.0,20.0,30.0,35.0,28.0,21.0,27.0,31.0,30.0,21.0,34.0,26.0,20.0,22.0,22.0,21.0,21.0,21.0,21.0,22.0,22.0,22.0,21.0,22.0,21.0,22.0,22.0,22.0,21.0,21.0,21.0,21.0,10.0,hold,0,0,7.1298
1788795928.5238,2026-09-07 17:45:28.523,14,d3,0,0,-0.04745,-0.49732,0.04063,-4.187,12.1783,-25.6842,-0.1243,-0.047,-0.5623,4.19783,21.0,24.0,25.0,22.0,27.0,25.0,25.0,21.0,30.0,36.0,28.0,22.0,28.0,33.0,31.0,21.0,35.0,26.0,21.0,22.0,22.0,21.0,21.0,21.0,21.0,22.0,22.0,22.0,21.0,22.0,21.0,22.0,22.0,22.0,21.0,21.0,21.0,21.0,10.0,retract,0,0,7.1365
1788795928.5739,2026-09-07 17:45:28.573,14,d3,0,0,-0.04743,-0.49731,0.04065,-4.0294,11.6087,-25.7334,-0.1106,-0.0438,-0.5706,4.21117,21.0,24.0,25.0,22.0,27.0,25.0,25.0,21.0,30.0,36.0,28.0,22.0,28.0,33.0,31.0,21.0,35.0,26.0,21.0,22.0,22.0,21.0,21.0,21.0,21.0,22.0,22.0,22.0,21.0,22.0,21.0,22.0,22.0,22.0,21.0,21.0,21.0,21.0,10.0,retract,0,0,7.0178
1788795928.6239,2026-09-07 17:45:28.623,14,d3,0,0,-0.04743,-0.49731,0.04074,-4.0546,11.5118,-25.8957,-0.1066,-0.0413,-0.5582,4.23232,24.0,25.0,26.0,22.0,28.0,25.0,25.0,20.0,28.0,35.0,29.0,20.0,26.0,32.0,32.0,20.0,33.0,27.0,20.0,22.0,22.0,21.0,21.0,21.0,21.0,22.0,22.0,22.0,21.0,22.0,21.0,22.0,22.0,22.0,21.0,21.0,21.0,21.0,10.0,retract,0,0,6.8296
1788795928.6741,2026-09-07 17:45:28.674,14,d3,0,0,-0.04746,-0.49731,0.04085,-4.1549,11.8851,-26.0125,-0.1189,-0.0417,-0.5583,4.2653,24.0,25.0,26.0,22.0,28.0,25.0,25.0,20.0,28.0,35.0,29.0,20.0,26.0,32.0,32.0,20.0,33.0,27.0,20.0,22.0,22.0,21.0,21.0,21.0,21.0,22.0,22.0,22.0,21.0,22.0,21.0,22.0,22.0,22.0,21.0,21.0,21.0,21.0,10.0,retract,0,0,6.5362
1788795928.7241,2026-09-07 17:45:28.724,14,d3,0,0,-0.04744,-0.49731,0.041,-4.1486,11.8962,-26.413,-0.1177,-0.039,-0.561,4.32044,20.0,22.0,25.0,19.0,25.0,25.0,27.0,21.0,29.0,35.0,30.0,21.0,26.0,33.0,32.0,20.0,35.0,28.0,20.0,22.0,22.0,21.0,21.0,21.0,21.0,22.0,22.0,22.0,21.0,22.0,21.0,22.0,22.0,22.0,21.0,21.0,21.0,21.0,10.0,retract,0,0,6.0457
1788795928.7742,2026-09-07 17:45:28.774,14,d3,0,0,-0.04745,-0.4973,0.04121,-3.9213,11.5202,-26.7801,-0.1115,-0.0326,-0.5625,4.36954,22.0,23.0,25.0,21.0,27.0,24.0,27.0,22.0,29.0,34.0,29.0,22.0,25.0,31.0,32.0,23.0,35.0,27.0,22.0,22.0,22.0,21.0,21.0,21.0,21.0,22.0,22.0,22.0,21.0,22.0,21.0,22.0,22.0,22.0,21.0,21.0,21.0,21.0,10.0,retract,0,0,5.6089
1788795928.8243,2026-09-07 17:45:28.824,14,d3,0,0,-0.04745,-0.4973,0.04141,-4.0551,12.0012,-26.6715,-0.1212,-0.0329,-0.5654,4.40579,22.0,23.0,25.0,21.0,27.0,24.0,27.0,22.0,29.0,34.0,29.0,22.0,25.0,31.0,32.0,23.0,35.0,27.0,22.0,22.0,22.0,21.0,21.0,21.0,21.0,22.0,22.0,22.0,21.0,22.0,21.0,22.0,22.0,22.0,21.0,21.0,21.0,21.0,10.0,retract,0,0,5.2864
1788795928.8744,2026-09-07 17:45:28.874,14,d3,0,0,-0.04744,-0.49729,0.04165,-4.3604,11.8901,-26.8288,-0.118,-0.0391,-0.5623,4.45312,21.0,23.0,26.0,21.0,26.0,24.0,28.0,19.0,30.0,33.0,29.0,20.0,26.0,31.0,32.0,20.0,34.0,28.0,20.0,22.0,22.0,21.0,21.0,21.0,21.0,22.0,22.0,22.0,21.0,22.0,21.0,22.0,22.0,22.0,21.0,21.0,21.0,21.0,10.0,retract,0,0,4.8652
1788795928.9245,2026-09-07 17:45:28.924,14,d3,0,0,-0.04741,-0.49728,0.04191,-4.0926,11.6529,-27.1234,-0.1136,-0.0287,-0.5618,4.49492,21.0,23.0,26.0,21.0,26.0,24.0,28.0,19.0,30.0,33.0,29.0,20.0,26.0,31.0,32.0,20.0,34.0,28.0,20.0,22.0,22.0,21.0,21.0,21.0,21.0,22.0,22.0,22.0,21.0,22.0,21.0,22.0,22.0,22.0,21.0,21.0,21.0,21.0,10.0,retract,0,0,4.4934
1788795928.9745,2026-09-07 17:45:28.974,14,d3,0,0,-0.04742,-0.49727,0.04222,-4.4478,11.7672,-27.1234,-0.1151,-0.0344,-0.5635,4.5352,20.0,22.0,25.0,20.0,26.0,25.0,27.0,21.0,29.0,32.0,28.0,21.0,27.0,30.0,29.0,22.0,33.0,27.0,20.0,22.0,22.0,21.0,21.0,21.0,21.0,22.0,22.0,22.0,21.0,22.0,21.0,22.0,22.0,22.0,21.0,21.0,21.0,21.0,10.0,retract,0,0,4.135
1788795929.0246,2026-09-07 17:45:29.024,14,d3,0,0,-0.04744,-0.49726,0.04253,-4.4414,11.6564,-27.3903,-0.1163,-0.0312,-0.561,4.59915,20.0,22.0,25.0,20.0,26.0,25.0,27.0,21.0,29.0,32.0,28.0,21.0,27.0,30.0,29.0,22.0,33.0,27.0,20.0,22.0,22.0,21.0,21.0,21.0,21.0,22.0,22.0,22.0,21.0,22.0,21.0,22.0,22.0,22.0,21.0,21.0,21.0,21.0,10.0,retract,0,0,3.5661
1788795929.0747,2026-09-07 17:45:29.074,14,d3,0,0,-0.04741,-0.49728,0.04289,-4.3842,11.9048,-27.3304,-0.1196,-0.0275,-0.5619,4.63818,23.0,24.0,24.0,21.0,26.0,24.0,26.0,19.0,28.0,33.0,28.0,20.0,25.0,30.0,31.0,20.0,32.0,29.0,21.0,22.0,22.0,21.0,21.0,21.0,21.0,22.0,22.0,22.0,21.0,22.0,21.0,22.0,22.0,22.0,21.0,21.0,21.0,21.0,10.0,retract,0,0,3.2189
1788795929.1248,2026-09-07 17:45:29.124,14,d3,0,0,-0.04745,-0.4973,0.04325,-4.3155,11.3963,-27.6604,-0.1082,-0.0191,-0.5534,4.67166,21.0,23.0,26.0,20.0,26.0,25.0,27.0,21.0,26.0,30.0,28.0,21.0,24.0,29.0,28.0,22.0,31.0,27.0,22.0,22.0,22.0,21.0,21.0,21.0,21.0,22.0,22.0,22.0,21.0,22.0,21.0,22.0,22.0,22.0,21.0,21.0,21.0,21.0,10.0,retract,0,0,2.921
1788795929.175,2026-09-07 17:45:29.174,14,d3,0,0,-0.04744,-0.49729,0.04357,-4.4753,11.5679,-27.8529,-0.1139,-0.0224,-0.5626,4.69155,21.0,23.0,26.0,20.0,26.0,25.0,27.0,21.0,26.0,30.0,28.0,21.0,24.0,29.0,28.0,22.0,31.0,27.0,22.0,22.0,22.0,21.0,21.0,21.0,21.0,22.0,22.0,22.0,21.0,22.0,21.0,22.0,22.0,22.0,21.0,21.0,21.0,21.0,10.0,retract,0,0,2.7441
1788795929.2251,2026-09-07 17:45:29.225,14,d3,0,0,-0.04746,-0.49728,0.0439,-4.3155,11.567,-27.9783,-0.115,-0.011,-0.5626,4.68879,23.0,22.0,24.0,22.0,25.0,23.0,26.0,21.0,29.0,30.0,27.0,22.0,25.0,31.0,28.0,22.0,33.0,29.0,22.0,22.0,22.0,21.0,21.0,21.0,21.0,22.0,22.0,22.0,21.0,22.0,21.0,22.0,22.0,22.0,21.0,21.0,21.0,21.0,10.0,retract,0,0,2.7687
1788795929.2753,2026-09-07 17:45:29.275,14,d3,0,0,-0.04743,-0.49728,0.04422,-4.397,11.5532,-28.0054,-0.1163,-0.0142,-0.5585,4.69407,23.0,22.0,24.0,22.0,25.0,23.0,26.0,21.0,29.0,30.0,27.0,22.0,25.0,31.0,28.0,22.0,33.0,29.0,22.0,22.0,22.0,21.0,21.0,21.0,21.0,22.0,22.0,22.0,21.0,22.0,21.0,22.0,22.0,22.0,21.0,21.0,21.0,21.0,10.0,retract,0,0,2.7217
1788795929.3254,2026-09-07 17:45:29.325,14,d3,0,0,-0.04742,-0.49729,0.04455,-4.3001,11.5675,-27.8644,-0.1136,-0.01,-0.5632,4.68853,23.0,24.0,24.0,22.0,26.0,24.0,25.0,21.0,27.0,30.0,26.0,20.0,24.0,32.0,26.0,22.0,30.0,26.0,22.0,22.0,22.0,21.0,21.0,21.0,21.0,22.0,22.0,22.0,21.0,22.0,21.0,22.0,22.0,22.0,21.0,21.0,21.0,21.0,10.0,retract,0,0,2.7709
1788795929.3755,2026-09-07 17:45:29.375,14,d3,0,0,-0.04744,-0.49729,0.04492,-4.5533,11.5747,-27.8284,-0.1146,-0.0149,-0.5663,4.6903,22.0,23.0,25.0,21.0,27.0,22.0,24.0,20.0,26.0,27.0,27.0,20.0,23.0,31.0,26.0,21.0,29.0,27.0,21.0,22.0,22.0,21.0,21.0,21.0,21.0,22.0,22.0,22.0,21.0,22.0,21.0,22.0,22.0,22.0,21.0,21.0,21.0,21.0,10.0,retract,0,0,2.7553
1788795929.4256,2026-09-07 17:45:29.425,14,d3,0,0,-0.04744,-0.49731,0.04526,-4.8745,11.5964,-27.8104,-0.115,-0.0223,-0.5668,4.70188,22.0,23.0,25.0,21.0,27.0,22.0,24.0,20.0,26.0,27.0,27.0,20.0,23.0,31.0,26.0,21.0,29.0,27.0,21.0,22.0,22.0,21.0,21.0,21.0,21.0,22.0,22.0,22.0,21.0,22.0,21.0,22.0,22.0,22.0,21.0,21.0,21.0,21.0,10.0,retract,0,0,2.6522
1788795929.4757,2026-09-07 17:45:29.475,14,d3,0,0,-0.04745,-0.49731,0.04559,-4.4621,11.9952,-27.8501,-0.1266,-0.0153,-0.5651,4.69986,21.0,24.0,23.0,20.0,25.0,22.0,26.0,22.0,26.0,27.0,26.0,22.0,24.0,31.0,25.0,22.0,29.0,27.0,22.0,22.0,22.0,21.0,21.0,21.0,21.0,22.0,22.0,22.0,21.0,22.0,21.0,22.0,22.0,22.0,21.0,21.0,21.0,21.0,10.0,retract,0,0,2.6701
1788795929.5258,2026-09-07 17:45:29.525,14,d3,0,0,-0.04743,-0.49732,0.04594,-4.7372,11.7695,-27.6785,-0.1171,-0.0184,-0.5626,4.68979,21.0,24.0,23.0,20.0,25.0,22.0,26.0,22.0,26.0,27.0,26.0,22.0,24.0,31.0,25.0,22.0,29.0,27.0,22.0,22.0,22.0,21.0,21.0,21.0,21.0,22.0,22.0,22.0,21.0,22.0,21.0,22.0,22.0,22.0,21.0,21.0,21.0,21.0,10.0,retract,0,0,2.7597
1788795929.5758,2026-09-07 17:45:29.575,14,d3,0,0,-0.04743,-0.49729,0.04623,-4.7342,11.9425,-27.8868,-0.123,-0.0201,-0.566,4.69432,22.0,24.0,23.0,21.0,25.0,22.0,25.0,19.0,27.0,28.0,25.0,19.0,23.0,32.0,25.0,20.0,29.0,26.0,20.0,22.0,22.0,21.0,21.0,21.0,21.0,22.0,22.0,22.0,21.0,22.0,21.0,22.0,22.0,22.0,21.0,21.0,21.0,21.0,10.0,retract,0,0,2.7194
1788795929.626,2026-09-07 17:45:29.625,14,d3,0,0,-0.04744,-0.49729,0.04658,-4.5112,12.0279,-27.7746,-0.1256,-0.0138,-0.5661,4.69206,22.0,24.0,24.0,21.0,25.0,23.0,24.0,21.0,25.0,27.0,25.0,21.0,23.0,32.0,24.0,22.0,28.0,24.0,21.0,22.0,22.0,21.0,21.0,21.0,21.0,22.0,22.0,22.0,21.0,22.0,21.0,22.0,22.0,22.0,21.0,21.0,21.0,21.0,10.0,retract,0,0,2.7396
1788795929.6761,2026-09-07 17:45:29.676,14,d3,0,0,-0.04743,-0.49729,0.04691,-4.3609,11.6225,-27.8689,-0.1147,-0.012,-0.5615,4.69105,22.0,24.0,24.0,21.0,25.0,23.0,24.0,21.0,25.0,27.0,25.0,21.0,23.0,32.0,24.0,22.0,28.0,24.0,21.0,22.0,22.0,21.0,21.0,21.0,21.0,22.0,22.0,22.0,21.0,22.0,21.0,22.0,22.0,22.0,21.0,21.0,21.0,21.0,10.0,retract,0,0,2.7485
1788795929.7262,2026-09-07 17:45:29.726,14,d3,0,0,-0.04745,-0.49731,0.04726,-4.7599,11.7579,-27.8134,-0.1179,-0.0202,-0.568,4.69181,22.0,24.0,24.0,20.0,26.0,23.0,24.0,22.0,24.0,26.0,27.0,22.0,23.0,29.0,25.0,22.0,27.0,25.0,22.0,22.0,22.0,21.0,21.0,21.0,21.0,22.0,22.0,22.0,21.0,22.0,21.0,22.0,22.0,22.0,21.0,21.0,21.0,21.0,10.0,retract,0,0,2.7418
1788795929.7763,2026-09-07 17:45:29.776,14,d3,0,0,-0.04745,-0.49731,0.04761,-4.3867,11.7263,-27.8989,-0.1179,-0.0122,-0.5674,4.69709,22.0,24.0,24.0,20.0,26.0,23.0,24.0,22.0,24.0,26.0,27.0,22.0,23.0,29.0,25.0,22.0,27.0,25.0,22.0,22.0,22.0,21.0,21.0,21.0,21.0,22.0,22.0,22.0,21.0,22.0,21.0,22.0,22.0,22.0,21.0,21.0,21.0,21.0,10.0,retract,0,0,2.6948
1788795929.8265,2026-09-07 17:45:29.826,14,d3,0,0,-0.04744,-0.4973,0.04793,-4.7252,11.3876,-27.8188,-0.1097,-0.0204,-0.5639,4.71295,22.0,22.0,24.0,22.0,24.0,23.0,26.0,21.0,25.0,26.0,24.0,21.0,23.0,29.0,23.0,22.0,27.0,25.0,20.0,22.0,22.0,21.0,21.0,21.0,21.0,22.0,22.0,22.0,21.0,22.0,21.0,22.0,22.0,22.0,21.0,21.0,21.0,21.0,10.0,retract,0,0,2.5537
1788795929.8766,2026-09-07 17:45:29.876,14,d3,0,0,-0.04746,-0.49731,0.04828,-4.4856,11.5986,-27.9288,-0.116,-0.0136,-0.5592,4.68148,22.0,23.0,24.0,20.0,24.0,22.0,23.0,20.0,25.0,27.0,23.0,21.0,25.0,29.0,23.0,21.0,27.0,25.0,21.0,22.0,22.0,21.0,21.0,21.0,21.0,22.0,22.0,22.0,21.0,22.0,21.0,22.0,22.0,22.0,21.0,21.0,21.0,21.0,10.0,retract,0,0,2.8337
1788795929.9267,2026-09-07 17:45:29.926,14,d3,0,0,-0.04743,-0.4973,0.0486,-4.8042,11.8083,-27.7775,-0.1189,-0.0239,-0.5675,4.69583,22.0,23.0,24.0,20.0,24.0,22.0,23.0,20.0,25.0,27.0,23.0,21.0,25.0,29.0,23.0,21.0,27.0,25.0,21.0,22.0,22.0,21.0,21.0,21.0,21.0,22.0,22.0,22.0,21.0,22.0,21.0,22.0,22.0,22.0,21.0,21.0,21.0,21.0,10.0,retract,0,0,2.706
1788795929.9768,2026-09-07 17:45:29.976,14,d3,0,0,-0.04744,-0.4973,0.0489,-4.9107,11.699,-27.8227,-0.1187,-0.0244,-0.5678,4.69785,22.0,26.0,24.0,20.0,27.0,21.0,22.0,20.0,26.0,27.0,24.0,20.0,24.0,29.0,23.0,21.0,27.0,24.0,20.0,22.0,22.0,21.0,21.0,21.0,21.0,22.0,22.0,22.0,21.0,22.0,21.0,22.0,22.0,22.0,21.0,21.0,21.0,21.0,10.0,retract,0,0,2.6881
1788795930.0269,2026-09-07 17:45:30.026,14,d3,0,0,-0.04746,-0.4973,0.04921,-4.564,11.7446,-27.6124,-0.1182,-0.0166,-0.5675,4.69155,22.0,26.0,24.0,20.0,27.0,21.0,22.0,20.0,26.0,27.0,24.0,20.0,24.0,29.0,23.0,21.0,27.0,24.0,20.0,22.0,22.0,21.0,21.0,21.0,21.0,22.0,22.0,22.0,21.0,22.0,21.0,22.0,22.0,22.0,21.0,21.0,21.0,21.0,10.0,retract,0,0,2.7441
1788795930.077,2026-09-07 17:45:30.077,14,d3,0,0,-0.04744,-0.49729,0.04949,-4.7644,11.8665,-27.8143,-0.1184,-0.0215,-0.5697,4.68879,21.0,25.0,24.0,19.0,26.0,23.0,23.0,20.0,23.0,26.0,24.0,20.0,23.0,28.0,24.0,20.0,26.0,26.0,20.0,22.0,22.0,21.0,21.0,21.0,21.0,22.0,22.0,22.0,21.0,22.0,21.0,22.0,22.0,22.0,21.0,21.0,21.0,21.0,10.0,retract,0,0,2.7687
1788795930.1272,2026-09-07 17:45:30.127,14,d3,0,0,-0.04746,-0.4973,0.04979,-4.4682,12.0337,-27.7605,-0.126,-0.0134,-0.5642,4.70037,21.0,25.0,24.0,19.0,26.0,23.0,23.0,20.0,23.0,26.0,24.0,20.0,23.0,28.0,24.0,20.0,26.0,26.0,20.0,22.0,22.0,21.0,21.0,21.0,21.0,22.0,22.0,22.0,21.0,22.0,21.0,22.0,22.0,22.0,21.0,21.0,21.0,21.0,10.0,retract,0,0,2.6657
1788795930.1773,2026-09-07 17:45:30.177,14,d3,0,0,-0.04745,-0.49731,0.05001,-4.7288,11.9129,-27.787,-0.1203,-0.0195,-0.5652,4.6908,20.0,24.0,24.0,20.0,24.0,21.0,22.0,21.0,24.0,26.0,23.0,21.0,25.0,27.0,24.0,21.0,26.0,26.0,22.0,22.0,22.0,21.0,21.0,21.0,21.0,22.0,22.0,22.0,21.0,22.0,21.0,22.0,22.0,22.0,21.0,21.0,21.0,21.0,10.0,retract,0,0,2.7508
1788795930.2274,2026-09-07 17:45:30.227,14,d3,0,0,-0.04744,-0.4973,0.05017,-4.8758,11.9082,-27.8176,-0.1206,-0.0207,-0.5693,4.69181,22.0,24.0,23.0,20.0,25.0,22.0,23.0,23.0,26.0,27.0,23.0,23.0,25.0,28.0,23.0,22.0,27.0,25.0,23.0,22.0,22.0,21.0,21.0,21.0,21.0,22.0,22.0,22.0,21.0,22.0,21.0,22.0,22.0,22.0,21.0,21.0,21.0,21.0,10.0,retract,0,0,2.7418
1788795930.2775,2026-09-07 17:45:30.277,14,d3,0,0,-0.04745,-0.4973,0.05029,-4.4754,11.7667,-27.8947,-0.1163,-0.0136,-0.5619,4.69483,22.0,24.0,23.0,20.0,25.0,22.0,23.0,23.0,26.0,27.0,23.0,23.0,25.0,28.0,23.0,22.0,27.0,25.0,23.0,22.0,22.0,21.0,21.0,21.0,21.0,22.0,22.0,22.0,21.0,22.0,21.0,22.0,22.0,22.0,21.0,21.0,21.0,21.0,10.0,retract,0,0,2.7149
1788795930.3276,2026-09-07 17:45:30.327,14,d3,0,0,-0.04744,-0.49729,0.05039,-4.6753,11.8868,-27.69,-0.1233,-0.0206,-0.5644,4.69986,23.0,26.0,24.0,21.0,25.0,23.0,22.0,21.0,27.0,29.0,26.0,21.0,25.0,29.0,25.0,21.0,29.0,29.0,21.0,22.0,22.0,21.0,21.0,21.0,21.0,22.0,22.0,22.0,21.0,22.0,21.0,22.0,22.0,22.0,21.0,21.0,21.0,21.0,10.0,retract,0,0,2.6701
1788795930.3777,2026-09-07 17:45:30.377,14,d3,0,0,-0.04745,-0.49729,0.05047,-4.5534,11.6539,-27.6402,-0.1169,-0.0129,-0.5644,4.69055,23.0,26.0,24.0,21.0,25.0,23.0,22.0,21.0,27.0,29.0,26.0,21.0,25.0,29.0,25.0,21.0,29.0,29.0,21.0,22.0,22.0,21.0,21.0,21.0,21.0,22.0,22.0,22.0,21.0,22.0,21.0,22.0,22.0,22.0,21.0,21.0,21.0,21.0,10.0,retract,0,0,2.753
1788795930.4278,2026-09-07 17:45:30.427,14,d3,0,0,-0.04746,-0.49729,0.05052,-4.4932,11.7436,-27.8357,-0.1182,-0.014,-0.5623,4.68979,22.0,28.0,26.0,21.0,29.0,25.0,24.0,21.0,26.0,28.0,27.0,22.0,25.0,28.0,25.0,21.0,29.0,30.0,22.0,22.0,22.0,21.0,21.0,21.0,21.0,22.0,22.0,22.0,21.0,22.0,21.0,22.0,22.0,22.0,21.0,21.0,21.0,21.0,10.0,retract,0,0,2.7597
1788795930.4779,2026-09-07 17:45:30.477,14,d3,0,0,-0.04745,-0.49729,0.05056,-4.8308,11.6095,-27.6578,-0.1126,-0.0232,-0.5639,4.70137,22.0,29.0,27.0,21.0,29.0,26.0,25.0,21.0,28.0,28.0,27.0,21.0,27.0,28.0,25.0,21.0,28.0,30.0,21.0,22.0,22.0,21.0,21.0,21.0,21.0,22.0,22.0,22.0,21.0,22.0,21.0,22.0,22.0,22.0,21.0,21.0,21.0,21.0,10.0,post,0,0,2.6567
1788795930.5281,2026-09-07 17:45:30.528,14,d3,0,0,-0.04746,-0.4973,0.05058,-4.5853,11.683,-27.8632,-0.1207,-0.0148,-0.5675,4.70465,22.0,29.0,27.0,21.0,29.0,26.0,25.0,21.0,28.0,28.0,27.0,21.0,27.0,28.0,25.0,21.0,28.0,30.0,21.0,22.0,22.0,21.0,21.0,21.0,21.0,22.0,22.0,22.0,21.0,22.0,21.0,22.0,22.0,22.0,21.0,21.0,21.0,21.0,10.0,post,0,0,2.6276
1788795930.5781,2026-09-07 17:45:30.578,14,d3,0,0,-0.04747,-0.49731,0.05062,-4.4926,11.705,-27.8215,-0.1176,-0.0135,-0.5617,4.69458,21.0,31.0,27.0,21.0,30.0,24.0,26.0,23.0,28.0,28.0,26.0,22.0,25.0,27.0,26.0,23.0,28.0,31.0,22.0,22.0,22.0,21.0,21.0,21.0,21.0,22.0,22.0,22.0,21.0,22.0,21.0,22.0,22.0,22.0,21.0,21.0,21.0,21.0,10.0,post,0,0,2.7172
1788795930.6282,2026-09-07 17:45:30.628,14,d3,0,0,-0.04743,-0.49731,0.05062,-4.9445,12.0976,-27.6128,-0.1252,-0.0249,-0.5702,4.70137,21.0,31.0,27.0,21.0,30.0,24.0,26.0,23.0,28.0,28.0,26.0,22.0,25.0,27.0,26.0,23.0,28.0,31.0,22.0,22.0,22.0,21.0,21.0,21.0,21.0,22.0,22.0,22.0,21.0,22.0,21.0,22.0,22.0,22.0,21.0,21.0,21.0,21.0,10.0,post,0,0,2.6567
1788795930.6784,2026-09-07 17:45:30.678,14,d3,0,0,-0.04745,-0.49731,0.05061,-4.9505,12.3873,-27.7536,-0.1323,-0.0246,-0.566,4.68627,21.0,30.0,27.0,22.0,30.0,25.0,25.0,19.0,28.0,31.0,27.0,19.0,27.0,29.0,27.0,20.0,30.0,31.0,20.0,22.0,22.0,21.0,21.0,21.0,21.0,22.0,22.0,22.0,21.0,22.0,21.0,22.0,22.0,22.0,21.0,21.0,21.0,21.0,10.0,post,0,0,2.7911
1788795930.7285,2026-09-07 17:45:30.728,14,d3,0,0,-0.04745,-0.49731,0.05062,-4.4776,11.6892,-27.8798,-0.1177,-0.0119,-0.5656,4.69986,21.0,32.0,30.0,19.0,31.0,27.0,26.0,20.0,28.0,30.0,27.0,20.0,26.0,29.0,26.0,20.0,30.0,30.0,20.0,22.0,22.0,21.0,21.0,21.0,21.0,22.0,22.0,22.0,21.0,22.0,21.0,22.0,22.0,22.0,21.0,21.0,21.0,21.0,10.0,post,0,0,2.6701
1788795930.7785,2026-09-07 17:45:30.778,14,d3,0,0,-0.04745,-0.49731,0.05061,-4.7656,11.9991,-27.7989,-0.1251,-0.0177,-0.56,4.69004,21.0,32.0,30.0,19.0,31.0,27.0,26.0,20.0,28.0,30.0,27.0,20.0,26.0,29.0,26.0,20.0,30.0,30.0,20.0,22.0,22.0,21.0,21.0,21.0,21.0,22.0,22.0,22.0,21.0,22.0,21.0,22.0,22.0,22.0,21.0,21.0,21.0,21.0,10.0,post,0,0,2.7575
1788795930.8286,2026-09-07 17:45:30.828,14,d3,0,0,-0.04743,-0.49731,0.05061,-5.0917,11.8453,-27.8216,-0.1182,-0.027,-0.568,4.70087,23.0,31.0,30.0,20.0,30.0,28.0,27.0,21.0,28.0,28.0,26.0,21.0,26.0,26.0,26.0,22.0,29.0,28.0,20.0,22.0,22.0,21.0,21.0,21.0,21.0,22.0,22.0,22.0,21.0,22.0,21.0,22.0,22.0,22.0,21.0,21.0,21.0,21.0,10.0,post,0,0,2.6612
1788795930.8787,2026-09-07 17:45:30.878,14,d3,0,0,-0.04744,-0.49731,0.05062,-4.8334,12.3283,-27.9102,-0.1305,-0.0192,-0.5638,4.69332,23.0,31.0,30.0,20.0,30.0,28.0,27.0,21.0,28.0,28.0,26.0,21.0,26.0,26.0,26.0,22.0,29.0,28.0,20.0,22.0,22.0,21.0,21.0,21.0,21.0,22.0,22.0,22.0,21.0,22.0,21.0,22.0,22.0,22.0,21.0,21.0,21.0,21.0,10.0,post,0,0,2.7284
1788795930.9289,2026-09-07 17:45:30.928,14,d3,0,0,-0.04745,-0.4973,0.05061,-4.642,11.5292,-27.8663,-0.1085,-0.014,-0.5671,4.68576,22.0,30.0,30.0,20.0,30.0,27.0,25.0,20.0,29.0,29.0,27.0,19.0,26.0,26.0,26.0,22.0,30.0,29.0,21.0,22.0,22.0,21.0,21.0,21.0,21.0,22.0,22.0,22.0,21.0,22.0,21.0,22.0,22.0,22.0,21.0,21.0,21.0,21.0,10.0,post,0,0,2.7956
1788795930.979,2026-09-07 17:45:30.979,14,d3,0,0,-0.04743,-0.49732,0.05059,-4.5818,11.6873,-27.8869,-0.1154,-0.015,-0.5622,4.70062,23.0,32.0,29.0,20.0,30.0,28.0,26.0,21.0,27.0,28.0,27.0,21.0,26.0,26.0,27.0,22.0,28.0,29.0,21.0,22.0,22.0,21.0,21.0,21.0,21.0,22.0,22.0,22.0,21.0,22.0,21.0,22.0,22.0,22.0,21.0,21.0,21.0,21.0,10.0,post,0,0,2.6634
1788795931.0292,2026-09-07 17:45:31.029,14,d3,0,0,-0.04744,-0.4973,0.0506,-4.7315,11.7781,-27.8144,-0.1171,-0.0191,-0.5657,4.69533,23.0,32.0,29.0,20.0,30.0,28.0,26.0,21.0,27.0,28.0,27.0,21.0,26.0,26.0,27.0,22.0,28.0,29.0,21.0,22.0,22.0,21.0,21.0,21.0,21.0,22.0,22.0,22.0,21.0,22.0,21.0,22.0,22.0,22.0,21.0,21.0,21.0,21.0,10.0,post,0,0,2.7105
1788795931.0793,2026-09-07 17:45:31.079,14,d3,0,0,-0.04744,-0.49729,0.0506,-4.6184,11.8396,-27.9512,-0.1202,-0.019,-0.5642,4.68702,23.0,31.0,28.0,22.0,30.0,26.0,27.0,22.0,28.0,28.0,28.0,22.0,25.0,26.0,28.0,22.0,28.0,31.0,21.0,22.0,22.0,21.0,21.0,21.0,21.0,22.0,22.0,22.0,21.0,22.0,21.0,22.0,22.0,22.0,21.0,21.0,21.0,21.0,10.0,post,0,0,2.7844
1788795931.1294,2026-09-07 17:45:31.129,14,d3,0,0,-0.04745,-0.4973,0.05061,-4.3249,11.4676,-27.825,-0.1122,-0.0092,-0.557,4.69785,23.0,31.0,28.0,22.0,30.0,26.0,27.0,22.0,28.0,28.0,28.0,22.0,25.0,26.0,28.0,22.0,28.0,31.0,21.0,22.0,22.0,21.0,21.0,21.0,21.0,22.0,22.0,22.0,21.0,22.0,21.0,22.0,22.0,22.0,21.0,21.0,21.0,21.0,10.0,post,0,0,2.6881
1788795931.1796,2026-09-07 17:45:31.179,14,d3,0,0,-0.04744,-0.49731,0.05061,-4.5184,11.6765,-27.7619,-0.1151,-0.0149,-0.5666,4.70137,22.0,32.0,29.0,22.0,31.0,28.0,26.0,23.0,27.0,27.0,28.0,22.0,27.0,24.0,28.0,22.0,28.0,31.0,22.0,22.0,22.0,21.0,21.0,21.0,21.0,22.0,22.0,22.0,21.0,22.0,21.0,22.0,22.0,22.0,21.0,21.0,21.0,21.0,10.0,post,0,0,2.6567
1788795931.2297,2026-09-07 17:45:31.229,14,d3,0,0,-0.04745,-0.49731,0.05062,-4.2305,11.7039,-27.8655,-0.1174,-0.0082,-0.5636,4.69558,22.0,32.0,29.0,22.0,31.0,28.0,26.0,23.0,27.0,27.0,28.0,22.0,27.0,24.0,28.0,22.0,28.0,31.0,22.0,22.0,22.0,21.0,21.0,21.0,21.0,22.0,22.0,22.0,21.0,22.0,21.0,22.0,22.0,22.0,21.0,21.0,21.0,21.0,10.0,post,0,0,2.7082
1788795931.2798,2026-09-07 17:45:31.279,14,d3,0,0,-0.04747,-0.4973,0.05061,-4.7246,11.6546,-27.9735,-0.1139,-0.0185,-0.5613,4.69357,23.0,32.0,28.0,22.0,30.0,25.0,28.0,21.0,27.0,29.0,28.0,20.0,26.0,28.0,27.0,20.0,29.0,30.0,21.0,22.0,22.0,21.0,21.0,21.0,21.0,22.0,22.0,22.0,21.0,22.0,21.0,22.0,22.0,22.0,21.0,21.0,21.0,21.0,10.0,post,0,0,2.7261
1788795931.3299,2026-09-07 17:45:31.329,14,d3,0,0,-0.04744,-0.49731,0.05061,-4.7019,11.9046,-27.8745,-0.1222,-0.0178,-0.5688,4.69911,22.0,31.0,30.0,21.0,29.0,28.0,27.0,21.0,28.0,28.0,27.0,21.0,25.0,27.0,26.0,21.0,29.0,29.0,22.0,22.0,22.0,21.0,21.0,21.0,21.0,22.0,22.0,22.0,21.0,22.0,21.0,22.0,22.0,22.0,21.0,21.0,21.0,21.0,10.0,post,0,0,2.6769
1788795931.38,2026-09-07 17:45:31.380,14,d3,0,0,-0.04744,-0.49731,0.0506,-4.6761,11.8585,-27.7861,-0.1196,-0.0186,-0.5678,4.6976,22.0,31.0,30.0,21.0,29.0,28.0,27.0,21.0,28.0,28.0,27.0,21.0,25.0,27.0,26.0,21.0,29.0,29.0,22.0,22.0,22.0,21.0,21.0,21.0,21.0,22.0,22.0,22.0,21.0,22.0,21.0,22.0,22.0,22.0,21.0,21.0,21.0,21.0,10.0,post,0,0,2.6903
1788795931.4301,2026-09-07 17:45:31.430,14,d3,0,0,-0.04743,-0.49731,0.05061,-4.2865,11.3795,-27.7909,-0.1072,-0.008,-0.5632,4.68476,22.0,33.0,29.0,21.0,29.0,27.0,28.0,23.0,26.0,28.0,28.0,22.0,25.0,26.0,29.0,24.0,28.0,31.0,23.0,22.0,22.0,21.0,21.0,21.0,21.0,22.0,22.0,22.0,21.0,22.0,21.0,22.0,22.0,22.0,21.0,21.0,21.0,21.0,10.0,post,0,0,2.8045
1788795931.4802,2026-09-07 17:45:31.480,14,d3,0,0,-0.04744,-0.4973,0.05058,-4.6321,11.6339,-27.8099,-0.1148,-0.0149,-0.5616,4.69911,22.0,33.0,29.0,21.0,29.0,27.0,28.0,23.0,26.0,28.0,28.0,22.0,25.0,26.0,29.0,24.0,28.0,31.0,23.0,22.0,22.0,21.0,21.0,21.0,21.0,22.0,22.0,22.0,21.0,22.0,21.0,22.0,22.0,22.0,21.0,21.0,21.0,21.0,10.0,post,0,0,2.6769
1788795931.5304,2026-09-07 17:45:31.530,14,d3,0,0,-0.04743,-0.4973,0.05062,-4.5606,11.8349,-27.5843,-0.1235,-0.014,-0.5674,4.69583,25.0,31.0,29.0,23.0,28.0,28.0,27.0,22.0,28.0,29.0,28.0,22.0,25.0,28.0,27.0,22.0,30.0,31.0,21.0,22.0,22.0,21.0,21.0,21.0,21.0,22.0,22.0,22.0,21.0,22.0,21.0,22.0,22.0,22.0,21.0,21.0,21.0,21.0,10.0,post,0,0,2.706
1788795931.5805,2026-09-07 17:45:31.580,14,d3,0,0,-0.04745,-0.4973,0.05061,-4.5899,11.9862,-27.8586,-0.1252,-0.0136,-0.5676,4.69181,23.0,31.0,29.0,23.0,30.0,28.0,29.0,22.0,27.0,29.0,29.0,22.0,25.0,28.0,28.0,23.0,29.0,31.0,23.0,22.0,22.0,21.0,21.0,21.0,21.0,22.0,22.0,22.0,21.0,22.0,21.0,22.0,22.0,22.0,21.0,21.0,21.0,21.0,10.0,post,0,0,2.7418
1788795931.6306,2026-09-07 17:45:31.630,14,d3,0,0,-0.04744,-0.49731,0.05061,-4.7054,12.1267,-27.7286,-0.13,-0.0172,-0.5604,4.70364,23.0,31.0,29.0,23.0,30.0,28.0,29.0,22.0,27.0,29.0,29.0,22.0,25.0,28.0,28.0,23.0,29.0,31.0,23.0,22.0,22.0,21.0,21.0,21.0,21.0,22.0,22.0,22.0,21.0,22.0,21.0,22.0,22.0,22.0,21.0,21.0,21.0,21.0,10.0,post,0,0,2.6365
1788795931.6807,2026-09-07 17:45:31.680,14,d3,0,0,-0.04746,-0.4973,0.05061,-4.9452,11.7545,-27.8588,-0.118,-0.0219,-0.5715,4.69357,24.0,31.0,29.0,22.0,30.0,27.0,28.0,22.0,27.0,29.0,29.0,21.0,25.0,26.0,28.0,23.0,27.0,30.0,22.0,22.0,22.0,21.0,21.0,21.0,21.0,22.0,22.0,22.0,21.0,22.0,21.0,22.0,22.0,22.0,21.0,21.0,21.0,21.0,10.0,post,0,0,2.7261
1788795931.7308,2026-09-07 17:45:31.730,14,d3,0,0,-0.04744,-0.49731,0.0506,-4.2549,11.1219,-28.0418,-0.1047,-0.0067,-0.5635,4.69181,24.0,31.0,29.0,22.0,30.0,27.0,28.0,22.0,27.0,29.0,29.0,21.0,25.0,26.0,28.0,23.0,27.0,30.0,22.0,22.0,22.0,21.0,21.0,21.0,21.0,22.0,22.0,22.0,21.0,22.0,21.0,22.0,22.0,22.0,21.0,21.0,21.0,21.0,10.0,post,0,0,2.7418
1788795931.7809,2026-09-07 17:45:31.780,14,d3,0,0,-0.04744,-0.49731,0.05061,-4.6502,11.5948,-27.8463,-0.114,-0.0175,-0.562,4.69835,22.0,31.0,29.0,21.0,30.0,27.0,27.0,21.0,27.0,28.0,28.0,20.0,26.0,27.0,28.0,21.0,29.0,31.0,19.0,22.0,22.0,21.0,21.0,21.0,21.0,22.0,22.0,22.0,21.0,22.0,21.0,22.0,22.0,22.0,21.0,21.0,21.0,21.0,10.0,post,0,0,2.6836
1788795931.8311,2026-09-07 17:45:31.831,14,d3,0,0,-0.04745,-0.49731,0.05062,-4.4746,11.8325,-27.8675,-0.1233,-0.0099,-0.5544,4.69155,22.0,33.0,30.0,21.0,30.0,27.0,27.0,21.0,26.0,27.0,29.0,22.0,24.0,27.0,28.0,22.0,29.0,31.0,21.0,22.0,22.0,21.0,21.0,21.0,21.0,22.0,22.0,22.0,21.0,22.0,21.0,22.0,22.0,22.0,21.0,21.0,21.0,21.0,10.0,post,0,0,2.7441
1788795931.8812,2026-09-07 17:45:31.881,14,d3,0,0,-0.04744,-0.4973,0.05061,-4.5079,11.9324,-27.7233,-0.1205,-0.0125,-0.5666,4.70011,22.0,33.0,30.0,21.0,30.0,27.0,27.0,21.0,26.0,27.0,29.0,22.0,24.0,27.0,28.0,22.0,29.0,31.0,21.0,22.0,22.0,21.0,21.0,21.0,21.0,22.0,22.0,22.0,21.0,22.0,21.0,22.0,22.0,22.0,21.0,21.0,21.0,21.0,10.0,post,0,0,2.6679
1788795931.9313,2026-09-07 17:45:31.931,14,d3,0,0,-0.04744,-0.49731,0.05061,-5.009,11.8328,-27.6342,-0.1218,-0.0245,-0.5625,4.68753,24.0,31.0,29.0,22.0,29.0,27.0,28.0,20.0,29.0,28.0,27.0,20.0,27.0,26.0,27.0,22.0,28.0,30.0,20.0,22.0,22.0,21.0,21.0,21.0,21.0,22.0,22.0,22.0,21.0,22.0,21.0,22.0,22.0,22.0,21.0,21.0,21.0,21.0,10.0,post,0,0,2.7799
1788795931.9815,2026-09-07 17:45:31.981,14,d3,0,0,-0.04744,-0.4973,0.0506,-4.5535,11.6332,-27.7548,-0.1177,-0.0153,-0.563,4.69105,24.0,31.0,29.0,22.0,29.0,27.0,28.0,20.0,29.0,28.0,27.0,20.0,27.0,26.0,27.0,22.0,28.0,30.0,20.0,22.0,22.0,21.0,21.0,21.0,21.0,22.0,22.0,22.0,21.0,22.0,21.0,22.0,22.0,22.0,21.0,21.0,21.0,21.0,10.0,post,0,0,2.7485
1788795932.0316,2026-09-07 17:45:32.031,14,d3,0,0,-0.04743,-0.49732,0.05062,-4.6985,11.6703,-27.8334,-0.1187,-0.0199,-0.5638,4.69634,22.0,32.0,29.0,20.0,29.0,27.0,28.0,21.0,27.0,28.0,29.0,21.0,25.0,27.0,26.0,21.0,28.0,31.0,21.0,22.0,22.0,21.0,21.0,21.0,21.0,22.0,22.0,22.0,21.0,22.0,21.0,22.0,22.0,22.0,21.0,21.0,21.0,21.0,10.0,post,0,0,2.7015
1788795932.0817,2026-09-07 17:45:32.081,14,d3,0,0,-0.04746,-0.49732,0.05062,-4.7597,11.5939,-27.8567,-0.1114,-0.0185,-0.564,4.69558,21.0,31.0,29.0,21.0,29.0,28.0,28.0,20.0,28.0,29.0,28.0,19.0,26.0,28.0,28.0,20.0,30.0,31.0,20.0,22.0,22.0,21.0,21.0,21.0,21.0,22.0,22.0,22.0,21.0,22.0,21.0,22.0,22.0,22.0,21.0,21.0,21.0,21.0,10.0,post,0,0,2.7082
1788795932.1318,2026-09-07 17:45:32.131,14,d3,0,0,-0.04743,-0.4973,0.0506,-4.4864,11.7014,-27.8157,-0.1174,-0.0131,-0.5666,4.69256,21.0,31.0,29.0,21.0,29.0,28.0,28.0,20.0,28.0,29.0,28.0,19.0,26.0,28.0,28.0,20.0,30.0,31.0,20.0,22.0,22.0,21.0,21.0,21.0,21.0,22.0,22.0,22.0,21.0,22.0,21.0,22.0,22.0,22.0,21.0,21.0,21.0,21.0,10.0,post,0,0,2.7351
1788795932.1819,2026-09-07 17:45:32.181,14,d3,0,0,-0.04745,-0.4973,0.0506,-4.8082,12.0575,-27.7207,-0.126,-0.0216,-0.5663,4.69558,21.0,32.0,30.0,20.0,29.0,29.0,28.0,22.0,27.0,28.0,29.0,22.0,25.0,27.0,28.0,22.0,30.0,31.0,22.0,22.0,22.0,21.0,21.0,21.0,21.0,22.0,22.0,22.0,21.0,22.0,21.0,22.0,22.0,22.0,21.0,21.0,21.0,21.0,10.0,post,0,0,2.7082
1788795932.2321,2026-09-07 17:45:32.232,14,d3,0,0,-0.04744,-0.49729,0.0506,-4.76,11.6937,-27.7258,-0.1158,-0.0187,-0.5657,4.70162,21.0,32.0,30.0,20.0,29.0,29.0,28.0,22.0,27.0,28.0,29.0,22.0,25.0,27.0,28.0,22.0,30.0,31.0,22.0,22.0,22.0,21.0,21.0,21.0,21.0,22.0,22.0,22.0,21.0,22.0,21.0,22.0,22.0,22.0,21.0,21.0,21.0,21.0,10.0,post,0,0,2.6545
1788795932.2821,2026-09-07 17:45:32.282,14,d3,0,0,-0.04742,-0.4973,0.05061,-4.7023,11.6765,-27.8636,-0.1181,-0.0179,-0.5649,4.68979,23.0,32.0,30.0,21.0,29.0,29.0,29.0,20.0,28.0,28.0,29.0,22.0,26.0,27.0,31.0,21.0,30.0,35.0,21.0,22.0,22.0,21.0,21.0,21.0,21.0,22.0,22.0,22.0,21.0,22.0,21.0,22.0,22.0,22.0,21.0,21.0,21.0,21.0,10.0,post,0,0,2.7597
1788795932.3322,2026-09-07 17:45:32.332,14,d3,0,0,-0.04745,-0.4973,0.05059,-4.5613,11.8396,-27.7059,-0.1217,-0.0126,-0.5699,4.68828,23.0,32.0,30.0,21.0,29.0,29.0,29.0,20.0,28.0,28.0,29.0,22.0,26.0,27.0,31.0,21.0,30.0,35.0,21.0,22.0,22.0,21.0,21.0,21.0,21.0,22.0,22.0,22.0,21.0,22.0,21.0,22.0,22.0,22.0,21.0,21.0,21.0,21.0,10.0,post,0,0,2.7732
1788795932.3824,2026-09-07 17:45:32.382,14,d3,0,0,-0.04744,-0.49732,0.05062,-4.5424,11.6663,-27.5694,-0.1162,-0.013,-0.5696,4.69886,23.0,30.0,29.0,20.0,29.0,28.0,27.0,21.0,29.0,29.0,35.0,20.0,26.0,29.0,38.0,22.0,32.0,46.0,21.0,22.0,22.0,21.0,21.0,21.0,21.0,22.0,22.0,22.0,21.0,22.0,21.0,22.0,22.0,22.0,21.0,21.0,21.0,21.0,10.0,post,0,0,2.6791
1788795932.4325,2026-09-07 17:45:32.432,14,d3,0,0,-0.04745,-0.49731,0.05061,-4.8583,11.7095,-27.6485,-0.1185,-0.0234,-0.5664,4.70037,23.0,32.0,31.0,21.0,28.0,27.0,31.0,20.0,28.0,30.0,38.0,20.0,28.0,31.0,42.0,21.0,36.0,53.0,22.0,22.0,22.0,21.0,21.0,21.0,21.0,22.0,22.0,22.0,21.0,22.0,21.0,22.0,22.0,22.0,21.0,21.0,21.0,21.0,10.0,post,0,0,2.6657
1788795932.4826,2026-09-07 17:45:32.482,8,c1,0,0,-0.04745,-0.4973,0.05061,-4.8912,11.9189,-27.7034,-0.1199,-0.0198,-0.5629,4.68702,23.0,32.0,31.0,21.0,28.0,27.0,31.0,20.0,28.0,30.0,38.0,20.0,28.0,31.0,42.0,21.0,36.0,53.0,22.0,22.0,22.0,21.0,21.0,21.0,21.0,22.0,22.0,22.0,21.0,22.0,21.0,22.0,22.0,22.0,21.0,21.0,21.0,21.0,10.0,locate,0,0,2.7844
1788795932.5327,2026-09-07 17:45:32.532,8,c1,0,0,-0.04747,-0.49697,0.05067,-4.7058,12.044,-27.6251,-0.1208,-0.0216,-0.6523,4.69206,22.0,30.0,31.0,22.0,30.0,29.0,32.0,20.0,27.0,30.0,37.0,22.0,25.0,30.0,41.0,21.0,34.0,51.0,20.0,22.0,22.0,21.0,21.0,21.0,21.0,22.0,22.0,22.0,21.0,22.0,21.0,22.0,22.0,22.0,21.0,21.0,21.0,21.0,10.0,locate,0,0,2.7396
1788795932.5828,2026-09-07 17:45:32.582,8,c1,0,0,-0.04761,-0.4959,0.05071,-4.8251,11.8683,-28.03,-0.1156,-0.0276,-0.8594,4.69382,22.0,30.0,31.0,22.0,30.0,29.0,32.0,20.0,27.0,30.0,37.0,22.0,25.0,30.0,41.0,21.0,34.0,51.0,20.0,22.0,22.0,21.0,21.0,21.0,21.0,22.0,22.0,22.0,21.0,22.0,21.0,22.0,22.0,22.0,21.0,21.0,21.0,21.0,10.0,locate,0,0,2.7239
1788795932.6329,2026-09-07 17:45:32.632,8,c1,0,0,-0.04785,-0.49402,0.05068,-4.9411,11.8261,-28.278,-0.1115,-0.0315,-0.7877,4.69785,24.0,29.0,30.0,22.0,28.0,28.0,33.0,20.0,26.0,31.0,33.0,21.0,25.0,30.0,35.0,21.0,34.0,41.0,20.0,22.0,22.0,21.0,21.0,21.0,21.0,22.0,22.0,22.0,21.0,22.0,21.0,22.0,22.0,22.0,21.0,21.0,21.0,21.0,10.0,locate,0,0,2.6881
1788795932.6831,2026-09-07 17:45:32.683,8,c1,0,0,-0.04817,-0.49158,0.05065,-4.8352,11.6558,-28.0287,-0.1148,-0.0265,-0.7772,4.68904,23.0,30.0,30.0,21.0,27.0,28.0,30.0,20.0,27.0,30.0,32.0,20.0,25.0,30.0,34.0,23.0,34.0,40.0,21.0,22.0,22.0,21.0,21.0,21.0,21.0,22.0,22.0,22.0,21.0,22.0,21.0,22.0,22.0,22.0,21.0,21.0,21.0,21.0,10.0,locate,0,0,2.7665
1788795932.7332,2026-09-07 17:45:32.733,8,c1,0,0,-0.04846,-0.48909,0.05061,-4.988,11.9668,-27.9015,-0.1209,-0.029,-0.7667,4.69709,23.0,30.0,30.0,21.0,27.0,28.0,30.0,20.0,27.0,30.0,32.0,20.0,25.0,30.0,34.0,23.0,34.0,40.0,21.0,22.0,22.0,21.0,21.0,21.0,21.0,22.0,22.0,22.0,21.0,22.0,21.0,22.0,22.0,22.0,21.0,21.0,21.0,21.0,10.0,locate,0,0,2.6948
1788795932.7834,2026-09-07 17:45:32.783,8,c1,0,0,-0.04879,-0.48664,0.05062,-5.0281,11.6184,-27.9522,-0.1101,-0.0303,-0.7561,4.70087,22.0,29.0,29.0,21.0,29.0,27.0,30.0,22.0,27.0,33.0,35.0,22.0,27.0,35.0,39.0,22.0,37.0,44.0,22.0,22.0,22.0,21.0,21.0,21.0,21.0,22.0,22.0,22.0,21.0,22.0,21.0,22.0,22.0,22.0,21.0,21.0,21.0,21.0,10.0,locate,0,0,2.6612
1788795932.8335,2026-09-07 17:45:32.833,8,c1,0,0,-0.04903,-0.48477,0.05062,-4.8867,12.075,-28.0571,-0.1216,-0.0271,-0.7545,4.6908,22.0,29.0,29.0,21.0,29.0,27.0,30.0,22.0,27.0,33.0,35.0,22.0,27.0,35.0,39.0,22.0,37.0,44.0,22.0,22.0,22.0,21.0,21.0,21.0,21.0,22.0,22.0,22.0,21.0,22.0,21.0,22.0,22.0,22.0,21.0,21.0,21.0,21.0,10.0,locate,0,0,2.7508
1788795932.8837,2026-09-07 17:45:32.883,8,c1,0,0,-0.04918,-0.48362,0.05062,-4.819,11.7627,-28.2455,-0.1162,-0.0222,-0.7539,4.69281,23.0,29.0,30.0,24.0,28.0,29.0,33.0,20.0,33.0,38.0,40.0,21.0,32.0,40.0,46.0,22.0,41.0,50.0,22.0,22.0,22.0,21.0,21.0,21.0,21.0,22.0,22.0,22.0,21.0,22.0,21.0,22.0,22.0,22.0,21.0,21.0,21.0,21.0,10.0,locate,0,0,2.7329
1788795932.9338,2026-09-07 17:45:32.933,8,c1,0,0,-0.0492,-0.48321,0.05058,-4.6498,11.7082,-28.3205,-0.1117,-0.0218,-0.7402,4.69961,22.0,33.0,32.0,22.0,32.0,32.0,35.0,20.0,31.0,39.0,37.0,19.0,30.0,39.0,40.0,22.0,41.0,45.0,22.0,22.0,22.0,21.0,21.0,21.0,21.0,22.0,22.0,22.0,21.0,22.0,21.0,22.0,22.0,22.0,21.0,21.0,21.0,21.0,10.0,locate,0,0,2.6724
1788795932.9839,2026-09-07 17:45:32.983,8,c1,0,0,-0.04921,-0.48323,0.05058,-5.0293,11.8395,-28.2444,-0.1149,-0.0273,-0.7411,4.69181,22.0,33.0,32.0,22.0,32.0,32.0,35.0,20.0,31.0,39.0,37.0,19.0,30.0,39.0,40.0,22.0,41.0,45.0,22.0,22.0,22.0,21.0,21.0,21.0,21.0,22.0,22.0,22.0,21.0,22.0,21.0,22.0,22.0,22.0,21.0,21.0,21.0,21.0,10.0,locate,0,0,2.7418
1788795933.034,2026-09-07 17:45:33.034,8,c1,0,0,-0.0492,-0.48324,0.0506,-4.5775,11.4315,-28.1333,-0.1001,-0.0147,-0.7388,4.68853,23.0,31.0,35.0,20.0,30.0,34.0,33.0,22.0,31.0,37.0,34.0,22.0,31.0,37.0,37.0,22.0,39.0,42.0,22.0,22.0,22.0,21.0,21.0,21.0,21.0,22.0,22.0,22.0,21.0,22.0,21.0,22.0,22.0,22.0,21.0,21.0,21.0,21.0,10.0,locate,0,0,2.7709
1788795933.0841,2026-09-07 17:45:33.084,8,c1,0,0,-0.04922,-0.48325,0.0506,-4.8443,11.833,-28.1998,-0.1087,-0.0182,-0.7381,4.70666,23.0,31.0,35.0,20.0,30.0,34.0,33.0,22.0,31.0,37.0,34.0,22.0,31.0,37.0,37.0,22.0,39.0,42.0,22.0,22.0,22.0,21.0,21.0,21.0,21.0,22.0,22.0,22.0,21.0,22.0,21.0,22.0,22.0,22.0,21.0,21.0,21.0,21.0,10.0,locate,0,0,2.6097
1788795933.1343,2026-09-07 17:45:33.134,8,c1,0,0,-0.04922,-0.48324,0.05059,-4.6848,11.861,-28.1808,-0.108,-0.0134,-0.7334,4.68828,22.0,32.0,32.0,21.0,31.0,32.0,31.0,22.0,31.0,34.0,32.0,22.0,30.0,35.0,33.0,23.0,35.0,38.0,22.0,22.0,22.0,21.0,21.0,21.0,21.0,22.0,22.0,22.0,21.0,22.0,21.0,22.0,22.0,22.0,21.0,21.0,21.0,21.0,10.0,locate,0,0,2.7732
1788795933.1844,2026-09-07 17:45:33.184,8,c1,0,0,-0.04921,-0.48323,0.0506,-4.7224,11.6167,-28.2774,-0.1089,-0.0224,-0.7365,4.69432,21.0,31.0,32.0,21.0,31.0,31.0,29.0,22.0,34.0,34.0,32.0,22.0,33.0,33.0,32.0,21.0,36.0,36.0,21.0,22.0,22.0,21.0,21.0,21.0,21.0,22.0,22.0,22.0,21.0,22.0,21.0,22.0,22.0,22.0,21.0,21.0,21.0,21.0,10.0,locate,0,0,2.7194
1788795933.2345,2026-09-07 17:45:33.234,8,c1,0,0,-0.04922,-0.48322,0.05059,-4.6508,11.3154,-28.3239,-0.1072,-0.0175,-0.7353,4.69558,21.0,31.0,32.0,21.0,31.0,31.0,29.0,22.0,34.0,34.0,32.0,22.0,33.0,33.0,32.0,21.0,36.0,36.0,21.0,22.0,22.0,21.0,21.0,21.0,21.0,22.0,22.0,22.0,21.0,22.0,21.0,22.0,22.0,22.0,21.0,21.0,21.0,21.0,10.0,locate,0,0,2.7082
1788795933.2846,2026-09-07 17:45:33.284,8,c1,0,0,-0.04923,-0.48321,0.0506,-4.9885,11.9027,-28.1595,-0.1064,-0.0211,-0.7384,4.69785,21.0,33.0,32.0,22.0,33.0,32.0,28.0,22.0,34.0,34.0,32.0,20.0,32.0,33.0,33.0,21.0,35.0,39.0,21.0,22.0,22.0,21.0,21.0,21.0,21.0,22.0,22.0,22.0,21.0,22.0,21.0,22.0,22.0,22.0,21.0,21.0,21.0,21.0,10.0,locate,0,0,2.6881
1788795933.3347,2026-09-07 17:45:33.334,8,c1,0,0,-0.04924,-0.48322,0.05061,-5.808,12.5376,-28.1127,-0.1011,-0.0088,-0.7322,4.72202,21.0,33.0,32.0,22.0,33.0,32.0,28.0,22.0,34.0,34.0,32.0,20.0,32.0,33.0,33.0,21.0,35.0,39.0,21.0,22.0,22.0,21.0,21.0,21.0,21.0,22.0,22.0,22.0,21.0,22.0,21.0,22.0,22.0,22.0,21.0,21.0,21.0,21.0,10.0,locate,0,0,2.473
1788795933.3848,2026-09-07 17:45:33.384,8,c1,0,0,-0.04925,-0.48321,0.05061,-6.2023,12.6686,-28.5103,-0.091,0.0138,-0.734,4.72328,21.0,32.0,31.0,20.0,32.0,31.0,31.0,21.0,33.0,35.0,33.0,22.0,32.0,34.0,34.0,20.0,36.0,38.0,20.0,22.0,22.0,21.0,21.0,21.0,21.0,22.0,22.0,22.0,21.0,22.0,21.0,22.0,22.0,22.0,21.0,21.0,21.0,21.0,10.0,locate,0,0,2.4618
1788795933.435,2026-09-07 17:45:33.434,8,c1,0,0,-0.04923,-0.48321,0.0506,-6.4702,12.6597,-28.3306,-0.0865,0.0206,-0.7344,4.70918,21.0,32.0,31.0,20.0,32.0,31.0,31.0,21.0,33.0,35.0,33.0,22.0,32.0,34.0,34.0,20.0,36.0,38.0,20.0,22.0,22.0,21.0,21.0,21.0,21.0,22.0,22.0,22.0,21.0,22.0,21.0,22.0,22.0,22.0,21.0,21.0,21.0,21.0,10.0,locate,0,0,2.5873
1788795933.4851,2026-09-07 17:45:33.485,8,c1,0,0,-0.04924,-0.48321,0.05062,-6.5818,12.5813,-28.5118,-0.0768,0.0287,-0.7294,4.71925,23.0,32.0,32.0,21.0,33.0,32.0,30.0,20.0,37.0,36.0,35.0,20.0,33.0,34.0,36.0,21.0,36.0,39.0,21.0,22.0,22.0,21.0,21.0,21.0,21.0,22.0,22.0,22.0,21.0,22.0,21.0,22.0,22.0,22.0,21.0,21.0,21.0,21.0,10.0,locate,0,0,2.4977
1788795933.5352,2026-09-07 17:45:33.535,8,c1,0,0,-0.04923,-0.4832,0.0506,-6.4352,12.6775,-28.5236,-0.0886,0.0205,-0.7287,4.71623,21.0,35.0,32.0,19.0,36.0,33.0,33.0,20.0,37.0,36.0,34.0,20.0,34.0,35.0,35.0,20.0,36.0,38.0,20.0,22.0,22.0,21.0,21.0,21.0,21.0,22.0,22.0,22.0,21.0,22.0,21.0,22.0,22.0,22.0,21.0,21.0,21.0,21.0,10.0,locate,0,0,2.5246
1788795933.5854,2026-09-07 17:45:33.585,8,c1,0,0,-0.04923,-0.4832,0.0506,-6.0585,12.7049,-28.3508,-0.0849,0.029,-0.7293,4.71421,21.0,35.0,32.0,19.0,36.0,33.0,33.0,20.0,37.0,36.0,34.0,20.0,34.0,35.0,35.0,20.0,36.0,38.0,20.0,22.0,22.0,21.0,21.0,21.0,21.0,22.0,22.0,22.0,21.0,22.0,21.0,22.0,22.0,22.0,21.0,21.0,21.0,21.0,10.0,locate,0,0,2.5425
1788795933.6355,2026-09-07 17:45:33.635,8,c1,0,0,-0.04924,-0.48321,0.0506,-5.739,12.3007,-28.4009,-0.0844,0.0106,-0.7236,4.69911,23.0,34.0,33.0,22.0,36.0,32.0,32.0,23.0,37.0,36.0,34.0,21.0,36.0,35.0,34.0,22.0,36.0,40.0,21.0,22.0,22.0,21.0,21.0,21.0,21.0,22.0,22.0,22.0,21.0,22.0,21.0,22.0,22.0,22.0,21.0,21.0,21.0,21.0,10.0,locate,0,0,2.6769
1788795933.6855,2026-09-07 17:45:33.685,8,c1,0,0,-0.04924,-0.48321,0.0506,-4.8393,12.2582,-28.2423,-0.1063,-0.0027,-0.7211,4.69961,23.0,34.0,33.0,22.0,36.0,32.0,32.0,23.0,37.0,36.0,34.0,21.0,36.0,35.0,34.0,22.0,36.0,40.0,21.0,22.0,22.0,21.0,21.0,21.0,21.0,22.0,22.0,22.0,21.0,22.0,21.0,22.0,22.0,22.0,21.0,21.0,21.0,21.0,10.0,locate,0,0,2.6724
1788795933.7357,2026-09-07 17:45:33.735,8,c1,0,0,-0.04923,-0.48322,0.05061,-4.6288,11.6119,-28.4346,-0.1115,-0.0141,-0.7252,4.68602,22.0,36.0,34.0,22.0,37.0,34.0,32.0,21.0,37.0,37.0,35.0,21.0,35.0,36.0,36.0,22.0,37.0,40.0,21.0,22.0,22.0,21.0,21.0,21.0,21.0,22.0,22.0,22.0,21.0,22.0,21.0,22.0,22.0,22.0,21.0,21.0,21.0,21.0,10.0,locate,0,0,2.7933
1788795933.7857,2026-09-07 17:45:33.785,8,c1,0,0,-0.04923,-0.48322,0.05061,-4.7797,11.5938,-28.2264,-0.1063,-0.0236,-0.7229,4.69533,23.0,35.0,33.0,21.0,37.0,33.0,33.0,20.0,36.0,36.0,36.0,19.0,35.0,36.0,36.0,20.0,38.0,42.0,20.0,22.0,22.0,21.0,21.0,21.0,21.0,22.0,22.0,22.0,21.0,22.0,21.0,22.0,22.0,22.0,21.0,21.0,21.0,21.0,10.0,locate,0,0,2.7105
1788795933.8357,2026-09-07 17:45:33.835,8,c1,0,0,-0.04924,-0.48321,0.05061,-5.4856,12.6942,-28.139,-0.0908,-0.0064,-0.7173,4.70188,23.0,35.0,33.0,21.0,37.0,33.0,33.0,20.0,36.0,36.0,36.0,19.0,35.0,36.0,36.0,20.0,38.0,42.0,20.0,22.0,22.0,21.0,21.0,21.0,21.0,22.0,22.0,22.0,21.0,22.0,21.0,22.0,22.0,22.0,21.0,21.0,21.0,21.0,10.0,locate,0,0,2.6522
1788795933.8858,2026-09-07 17:45:33.885,8,c1,0,0,-0.04927,-0.48322,0.05061,-6.4706,13.1961,-28.0696,-0.0729,0.0272,-0.7233,4.71019,20.0,34.0,32.0,18.0,35.0,32.0,33.0,21.0,34.0,36.0,33.0,21.0,33.0,35.0,35.0,21.0,37.0,40.0,20.0,22.0,22.0,21.0,21.0,21.0,21.0,22.0,22.0,22.0,21.0,22.0,21.0,22.0,22.0,22.0,21.0,21.0,21.0,21.0,10.0,locate,0,0,2.5783
1788795933.936,2026-09-07 17:45:33.935,8,c1,0,0,-0.04925,-0.48321,0.05061,-7.2212,13.7268,-28.1449,-0.0687,0.0342,-0.723,4.69558,20.0,34.0,32.0,18.0,35.0,32.0,33.0,21.0,34.0,36.0,33.0,21.0,33.0,35.0,35.0,21.0,37.0,40.0,20.0,22.0,22.0,21.0,21.0,21.0,21.0,22.0,22.0,22.0,21.0,22.0,21.0,22.0,22.0,22.0,21.0,21.0,21.0,21.0,10.0,locate,0,0,2.7082
1788795933.9861,2026-09-07 17:45:33.986,8,c1,0,0,-0.04925,-0.48321,0.05061,-7.086,13.4479,-28.4006,-0.0584,0.0584,-0.7183,4.69911,21.0,33.0,33.0,19.0,34.0,32.0,31.0,20.0,36.0,39.0,36.0,20.0,34.0,37.0,34.0,19.0,37.0,39.0,19.0,22.0,22.0,21.0,21.0,21.0,21.0,22.0,22.0,22.0,21.0,22.0,21.0,22.0,22.0,22.0,21.0,21.0,21.0,21.0,10.0,locate,0,0,2.6769
1788795934.0363,2026-09-07 17:45:34.036,8,c1,0,0,-0.04926,-0.48322,0.05061,-6.9798,13.6111,-28.3759,-0.0652,0.0565,-0.7174,4.70011,21.0,36.0,35.0,21.0,37.0,35.0,32.0,20.0,38.0,37.0,37.0,21.0,35.0,37.0,36.0,20.0,39.0,42.0,18.0,22.0,22.0,21.0,21.0,21.0,21.0,22.0,22.0,22.0,21.0,22.0,21.0,22.0,22.0,22.0,21.0,21.0,21.0,21.0,10.0,locate,0,0,2.6679
1788795934.0864,2026-09-07 17:45:34.086,8,c1,0,0,-0.04923,-0.48321,0.05061,-7.336,13.4315,-28.2222,-0.0677,0.0401,-0.7314,4.69055,21.0,36.0,35.0,21.0,37.0,35.0,32.0,20.0,38.0,37.0,37.0,21.0,35.0,37.0,36.0,20.0,39.0,42.0,18.0,22.0,22.0,21.0,21.0,21.0,21.0,22.0,22.0,22.0,21.0,22.0,21.0,22.0,22.0,22.0,21.0,21.0,21.0,21.0,10.0,locate,0,0,2.753
1788795934.1365,2026-09-07 17:45:34.136,8,c1,0,0,-0.04925,-0.48322,0.05061,-6.3517,12.8072,-28.2539,-0.0672,0.0401,-0.7122,4.68803,20.0,35.0,35.0,19.0,37.0,35.0,34.0,22.0,40.0,39.0,36.0,22.0,36.0,38.0,36.0,21.0,40.0,41.0,21.0,22.0,22.0,21.0,21.0,21.0,21.0,22.0,22.0,22.0,21.0,22.0,21.0,22.0,22.0,22.0,21.0,21.0,21.0,21.0,10.0,locate,0,0,2.7754
1788795934.1866,2026-09-07 17:45:34.186,8,c1,0,0,-0.04925,-0.48321,0.05061,-5.3881,12.0638,-28.2085,-0.0906,0.0138,-0.7212,4.68727,20.0,35.0,35.0,19.0,37.0,35.0,34.0,22.0,40.0,39.0,36.0,22.0,36.0,38.0,36.0,21.0,40.0,41.0,21.0,22.0,22.0,21.0,21.0,21.0,21.0,22.0,22.0,22.0,21.0,22.0,21.0,22.0,22.0,22.0,21.0,21.0,21.0,21.0,10.0,locate,0,0,2.7821
1788795934.2367,2026-09-07 17:45:34.236,8,c1,0,0,-0.04923,-0.48321,0.05061,-4.5941,11.3488,-28.5484,-0.1058,-0.0132,-0.7088,4.68526,23.0,36.0,35.0,23.0,38.0,35.0,33.0,22.0,39.0,39.0,36.0,21.0,36.0,38.0,36.0,22.0,40.0,42.0,22.0,22.0,22.0,21.0,21.0,21.0,21.0,22.0,22.0,22.0,21.0,22.0,21.0,22.0,22.0,22.0,21.0,21.0,21.0,21.0,10.0,locate,0,0,2.8001
1788795934.2868,2026-09-07 17:45:34.286,8,c1,0,0,-0.04923,-0.48321,0.0506,-4.511,11.2959,-28.5746,-0.1033,-0.0121,-0.7126,4.69785,22.0,35.0,36.0,21.0,38.0,35.0,32.0,23.0,38.0,36.0,36.0,20.0,34.0,36.0,36.0,23.0,37.0,41.0,20.0,22.0,22.0,21.0,21.0,21.0,21.0,22.0,22.0,22.0,21.0,22.0,21.0,22.0,22.0,22.0,21.0,21.0,21.0,21.0,10.0,locate,0,0,2.6881
1788795934.3369,2026-09-07 17:45:34.336,8,c1,0,0,-0.04925,-0.48322,0.05061,-4.4002,11.5152,-28.4344,-0.1031,-0.0092,-0.71,4.70263,22.0,35.0,36.0,21.0,38.0,35.0,32.0,23.0,38.0,36.0,36.0,20.0,34.0,36.0,36.0,23.0,37.0,41.0,20.0,22.0,22.0,21.0,21.0,21.0,21.0,22.0,22.0,22.0,21.0,22.0,21.0,22.0,22.0,22.0,21.0,21.0,21.0,21.0,10.0,locate,0,0,2.6455
1788795934.387,2026-09-07 17:45:34.387,8,c1,0,0,-0.04925,-0.48321,0.05062,-5.1812,12.3651,-28.3767,-0.0892,0.01,-0.7147,4.7127,21.0,35.0,33.0,20.0,36.0,33.0,33.0,21.0,36.0,36.0,33.0,20.0,34.0,36.0,34.0,19.0,38.0,39.0,20.0,22.0,22.0,21.0,21.0,21.0,21.0,22.0,22.0,22.0,21.0,22.0,21.0,22.0,22.0,22.0,21.0,21.0,21.0,21.0,10.0,locate,0,0,2.5559
1788795934.4371,2026-09-07 17:45:34.437,8,c1,0,0,-0.04924,-0.48321,0.05061,-6.6938,12.8318,-28.2183,-0.0755,0.0252,-0.715,4.73461,21.0,35.0,33.0,20.0,36.0,33.0,33.0,21.0,36.0,36.0,33.0,20.0,34.0,36.0,34.0,19.0,38.0,39.0,20.0,22.0,22.0,21.0,21.0,21.0,21.0,22.0,22.0,22.0,21.0,22.0,21.0,22.0,22.0,22.0,21.0,21.0,21.0,21.0,10.0,locate,0,0,2.3611
1788795934.4872,2026-09-07 17:45:34.487,8,c1,0,0,-0.04925,-0.48321,0.05062,-7.4967,13.3259,-28.156,-0.0686,0.0535,-0.7207,4.72554,21.0,33.0,33.0,20.0,35.0,33.0,31.0,19.0,32.0,35.0,36.0,19.0,30.0,32.0,36.0,20.0,34.0,40.0,18.0,22.0,22.0,21.0,21.0,21.0,21.0,22.0,22.0,22.0,21.0,22.0,21.0,22.0,22.0,22.0,21.0,21.0,21.0,21.0,10.0,locate,0,0,2.4417
1788795934.5372,2026-09-07 17:45:34.537,8,c1,0,0,-0.04925,-0.48322,0.05061,-7.4833,12.8965,-28.3794,-0.0631,0.0674,-0.7151,4.7341,21.0,33.0,33.0,20.0,35.0,33.0,31.0,19.0,32.0,35.0,36.0,19.0,30.0,32.0,36.0,20.0,34.0,40.0,18.0,22.0,22.0,21.0,21.0,21.0,21.0,22.0,22.0,22.0,21.0,22.0,21.0,22.0,22.0,22.0,21.0,21.0,21.0,21.0,10.0,locate,0,0,2.3655
1788795934.5873,2026-09-07 17:45:34.587,8,c1,0,0,-0.04925,-0.48321,0.05061,-6.9904,12.8621,-28.3848,-0.0778,0.0563,-0.7131,4.71572,22.0,34.0,32.0,20.0,33.0,30.0,32.0,21.0,38.0,36.0,34.0,22.0,36.0,36.0,35.0,22.0,37.0,38.0,21.0,22.0,22.0,21.0,21.0,21.0,21.0,22.0,22.0,22.0,21.0,22.0,21.0,22.0,22.0,22.0,21.0,21.0,21.0,21.0,10.0,locate,0,0,2.529
1788795934.6375,2026-09-07 17:45:34.637,8,c1,0,0,-0.04924,-0.48322,0.05061,-6.2106,12.5597,-28.3054,-0.0939,0.0325,-0.7168,4.7049,23.0,36.0,36.0,23.0,38.0,34.0,33.0,21.0,37.0,39.0,36.0,21.0,35.0,37.0,36.0,19.0,38.0,41.0,19.0,22.0,22.0,21.0,21.0,21.0,21.0,22.0,22.0,22.0,21.0,22.0,21.0,22.0,22.0,22.0,21.0,21.0,21.0,21.0,10.0,locate,0,0,2.6253
1788795934.6876,2026-09-07 17:45:34.687,8,c1,0,0,-0.04923,-0.48321,0.05061,-5.5718,11.643,-28.0866,-0.1029,0.0022,-0.7137,4.68501,23.0,36.0,36.0,23.0,38.0,34.0,33.0,21.0,37.0,39.0,36.0,21.0,35.0,37.0,36.0,19.0,38.0,41.0,19.0,22.0,22.0,21.0,21.0,21.0,21.0,22.0,22.0,22.0,21.0,22.0,21.0,22.0,22.0,22.0,21.0,21.0,21.0,21.0,10.0,locate,0,0,2.8023
1788795934.7377,2026-09-07 17:45:34.737,8,c1,0,0,-0.04925,-0.48323,0.05063,-4.8404,11.7853,-28.1244,-0.1159,-0.0182,-0.7118,4.70213,22.0,35.0,34.0,21.0,37.0,34.0,34.0,20.0,38.0,37.0,34.0,19.0,35.0,36.0,37.0,20.0,37.0,42.0,20.0,22.0,22.0,21.0,21.0,21.0,21.0,22.0,22.0,22.0,21.0,22.0,21.0,22.0,22.0,22.0,21.0,21.0,21.0,21.0,10.0,locate,0,0,2.65
1788795934.7878,2026-09-07 17:45:34.787,8,c1,0,0,-0.04924,-0.48322,0.05062,-4.4609,11.6373,-28.3322,-0.1152,-0.0109,-0.7109,4.70137,22.0,35.0,34.0,21.0,37.0,34.0,34.0,20.0,38.0,37.0,34.0,19.0,35.0,36.0,37.0,20.0,37.0,42.0,20.0,22.0,22.0,21.0,21.0,21.0,21.0,22.0,22.0,22.0,21.0,22.0,21.0,22.0,22.0,22.0,21.0,21.0,21.0,21.0,10.0,locate,0,0,2.6567
1788795934.838,2026-09-07 17:45:34.837,8,c1,0,0,-0.04923,-0.48321,0.0506,-4.8212,11.7767,-28.4138,-0.1183,-0.0209,-0.7151,4.68879,21.0,36.0,33.0,20.0,38.0,33.0,34.0,21.0,38.0,38.0,36.0,21.0,35.0,37.0,37.0,21.0,38.0,41.0,21.0,22.0,22.0,21.0,21.0,21.0,21.0,22.0,22.0,22.0,21.0,22.0,21.0,22.0,22.0,22.0,21.0,21.0,21.0,21.0,10.0,locate,0,0,2.7687
1788795934.8881,2026-09-07 17:45:34.888,8,c1,0,0,-0.04925,-0.48323,0.05063,-4.632,11.8532,-28.1386,-0.116,-0.0146,-0.7038,4.70137,22.0,35.0,34.0,22.0,37.0,35.0,35.0,21.0,31.0,34.0,32.0,21.0,32.0,35.0,35.0,22.0,36.0,41.0,22.0,22.0,22.0,21.0,21.0,21.0,21.0,22.0,22.0,22.0,21.0,22.0,21.0,22.0,22.0,22.0,21.0,21.0,21.0,21.0,10.0,locate,0,0,2.6567
1788795934.9382,2026-09-07 17:45:34.938,8,c1,1,0,-0.04923,-0.48322,0.05061,-4.5553,11.9109,-28.2809,-0.1171,-0.01,-0.709,4.69583,22.0,35.0,34.0,22.0,37.0,35.0,35.0,21.0,31.0,34.0,32.0,21.0,32.0,35.0,35.0,22.0,36.0,41.0,22.0,22.0,22.0,21.0,21.0,21.0,21.0,22.0,22.0,22.0,21.0,22.0,21.0,22.0,22.0,22.0,21.0,21.0,21.0,21.0,10.0,press,0,0,2.706
1788795934.9883,2026-09-07 17:45:34.988,8,c1,1,0,-0.04926,-0.48322,0.05062,-5.0281,11.7742,-28.0149,-0.1164,-0.0266,-0.704,4.7054,21.0,32.0,32.0,21.0,32.0,30.0,30.0,21.0,29.0,33.0,34.0,21.0,29.0,35.0,36.0,22.0,38.0,42.0,19.0,22.0,22.0,21.0,21.0,21.0,21.0,22.0,22.0,22.0,21.0,22.0,21.0,22.0,22.0,22.0,21.0,21.0,21.0,21.0,10.0,press,0,0,2.6209
1788795935.0385,2026-09-07 17:45:35.038,8,c1,1,0,-0.04923,-0.48323,0.0506,-4.5405,11.5095,-28.0526,-0.1124,-0.0162,-0.7092,4.69332,21.0,32.0,32.0,21.0,32.0,30.0,30.0,21.0,29.0,33.0,34.0,21.0,29.0,35.0,36.0,22.0,38.0,42.0,19.0,22.0,22.0,21.0,21.0,21.0,21.0,22.0,22.0,22.0,21.0,22.0,21.0,22.0,22.0,22.0,21.0,21.0,21.0,21.0,10.0,press,0,0,2.7284
1788795935.0885,2026-09-07 17:45:35.088,8,c1,1,0,-0.04925,-0.48324,0.05055,-4.691,11.6877,-28.0686,-0.1145,-0.0184,-0.7092,4.68803,21.0,30.0,33.0,19.0,30.0,31.0,32.0,20.0,29.0,30.0,32.0,20.0,28.0,30.0,32.0,20.0,31.0,38.0,21.0,22.0,22.0,21.0,21.0,21.0,21.0,22.0,22.0,22.0,21.0,22.0,21.0,22.0,22.0,22.0,21.0,21.0,21.0,21.0,10.0,press,0,0,2.7754
1788795935.1386,2026-09-07 17:45:35.138,8,c1,1,0,-0.04925,-0.48325,0.05043,-4.7821,11.6392,-28.1935,-0.1093,-0.0187,-0.7112,4.70011,21.0,31.0,29.0,20.0,30.0,28.0,30.0,22.0,27.0,29.0,30.0,21.0,25.0,28.0,30.0,21.0,31.0,36.0,21.0,22.0,22.0,21.0,21.0,21.0,21.0,22.0,22.0,22.0,21.0,22.0,21.0,22.0,22.0,22.0,21.0,21.0,21.0,21.0,10.0,press,0,0,2.6679
1788795935.1887,2026-09-07 17:45:35.188,8,c1,1,0,-0.04924,-0.48325,0.05024,-4.9167,11.3444,-27.9039,-0.1048,-0.021,-0.7092,4.69583,21.0,31.0,29.0,20.0,30.0,28.0,30.0,22.0,27.0,29.0,30.0,21.0,25.0,28.0,30.0,21.0,31.0,36.0,21.0,22.0,22.0,21.0,21.0,21.0,21.0,22.0,22.0,22.0,21.0,22.0,21.0,22.0,22.0,22.0,21.0,21.0,21.0,21.0,10.0,press,0,0,2.706
1788795935.2389,2026-09-07 17:45:35.238,8,c1,1,0,-0.04925,-0.48325,0.05004,-4.8948,11.826,-27.8969,-0.1165,-0.0216,-0.7051,4.69306,22.0,30.0,29.0,21.0,28.0,27.0,28.0,22.0,26.0,29.0,28.0,22.0,25.0,27.0,28.0,22.0,31.0,34.0,22.0,22.0,22.0,21.0,21.0,21.0,21.0,22.0,22.0,22.0,21.0,22.0,21.0,22.0,22.0,22.0,21.0,21.0,21.0,21.0,10.0,press,0,0,2.7306
1788795935.2891,2026-09-07 17:45:35.289,8,c1,1,0,-0.04924,-0.48324,0.04983,-4.8342,11.7055,-28.0403,-0.117,-0.0174,-0.7067,4.70263,22.0,30.0,29.0,21.0,28.0,27.0,28.0,22.0,26.0,29.0,28.0,22.0,25.0,27.0,28.0,22.0,31.0,34.0,22.0,22.0,22.0,21.0,21.0,21.0,21.0,22.0,22.0,22.0,21.0,22.0,21.0,22.0,22.0,22.0,21.0,21.0,21.0,21.0,10.0,press,0,0,2.6455
1788795935.3392,2026-09-07 17:45:35.339,8,c1,1,0,-0.04924,-0.48324,0.04956,-4.9652,11.7403,-28.0749,-0.1179,-0.0237,-0.7064,4.69407,22.0,29.0,30.0,22.0,28.0,28.0,26.0,20.0,28.0,28.0,28.0,20.0,27.0,26.0,26.0,20.0,29.0,29.0,20.0,22.0,22.0,21.0,21.0,21.0,21.0,22.0,22.0,22.0,21.0,22.0,21.0,22.0,22.0,22.0,21.0,21.0,21.0,21.0,10.0,press,0,0,2.7217
1788795935.3893,2026-09-07 17:45:35.389,8,c1,1,0,-0.04924,-0.48321,0.04927,-4.5545,11.4782,-28.0138,-0.1104,-0.0137,-0.6964,4.69256,20.0,30.0,28.0,20.0,29.0,27.0,28.0,19.0,25.0,28.0,26.0,20.0,25.0,27.0,25.0,20.0,29.0,28.0,20.0,22.0,22.0,21.0,21.0,21.0,21.0,22.0,22.0,22.0,21.0,22.0,21.0,22.0,22.0,22.0,21.0,21.0,21.0,21.0,10.0,press,0,0,2.7351
1788795935.4394,2026-09-07 17:45:35.439,8,c1,1,0,-0.04924,-0.48321,0.04895,-4.6996,11.671,-28.0268,-0.1139,-0.0164,-0.6973,4.69583,20.0,30.0,28.0,20.0,29.0,27.0,28.0,19.0,25.0,28.0,26.0,20.0,25.0,27.0,25.0,20.0,29.0,28.0,20.0,22.0,22.0,21.0,21.0,21.0,21.0,22.0,22.0,22.0,21.0,22.0,21.0,22.0,22.0,22.0,21.0,21.0,21.0,21.0,10.0,press,0,0,2.706
1788795935.4895,2026-09-07 17:45:35.489,8,c1,1,0,-0.04925,-0.48321,0.04864,-4.8595,11.5167,-28.0338,-0.1126,-0.018,-0.709,4.70011,22.0,31.0,28.0,20.0,28.0,28.0,26.0,21.0,27.0,28.0,28.0,21.0,25.0,26.0,25.0,21.0,28.0,31.0,21.0,22.0,22.0,21.0,21.0,21.0,21.0,22.0,22.0,22.0,21.0,22.0,21.0,22.0,22.0,22.0,21.0,21.0,21.0,21.0,10.0,press,0,0,2.6679
1788795935.5396,2026-09-07 17:45:35.539,8,c1,1,0,-0.04924,-0.48321,0.04831,-4.7007,11.3979,-28.1614,-0.1079,-0.0168,-0.703,4.6913,22.0,31.0,28.0,20.0,28.0,28.0,26.0,21.0,27.0,28.0,28.0,21.0,25.0,26.0,25.0,21.0,28.0,31.0,21.0,22.0,22.0,21.0,21.0,21.0,21.0,22.0,22.0,22.0,21.0,22.0,21.0,22.0,22.0,22.0,21.0,21.0,21.0,21.0,10.0,press,0,0,2.7463
1788795935.5896,2026-09-07 17:45:35.589,8,c1,1,0,-0.04924,-0.48322,0.04796,-5.1318,11.8124,-28.0962,-0.1183,-0.0274,-0.7117,4.69684,21.0,30.0,29.0,21.0,30.0,26.0,28.0,19.0,26.0,29.0,27.0,19.0,25.0,27.0,26.0,19.0,29.0,32.0,18.0,22.0,22.0,21.0,21.0,21.0,21.0,22.0,22.0,22.0,21.0,22.0,21.0,22.0,22.0,22.0,21.0,21.0,21.0,21.0,10.0,press,0,0,2.697
1788795935.6398,2026-09-07 17:45:35.639,8,c1,1,0,-0.04925,-0.48322,0.04761,-4.9665,11.7892,-28.1977,-0.1184,-0.0253,-0.7018,4.68979,21.0,30.0,29.0,21.0,30.0,26.0,28.0,19.0,26.0,29.0,27.0,19.0,25.0,27.0,26.0,19.0,29.0,32.0,18.0,22.0,22.0,21.0,21.0,21.0,21.0,22.0,22.0,22.0,21.0,22.0,21.0,22.0,22.0,22.0,21.0,21.0,21.0,21.0,10.0,press,0,0,2.7597
1788795935.6899,2026-09-07 17:45:35.689,8,c1,1,0,-0.04924,-0.48323,0.04728,-4.6029,11.8362,-28.1727,-0.1123,-0.0154,-0.6992,4.68879,19.0,29.0,29.0,19.0,28.0,28.0,28.0,21.0,26.0,29.0,27.0,21.0,24.0,27.0,26.0,21.0,29.0,31.0,19.0,22.0,22.0,21.0,21.0,21.0,21.0,22.0,22.0,22.0,21.0,22.0,21.0,22.0,22.0,22.0,21.0,21.0,21.0,21.0,10.0,press,0,0,2.7687
1788795935.7399,2026-09-07 17:45:35.739,8,c1,1,0,-0.04926,-0.48322,0.04696,-4.6276,11.7176,-28.1029,-0.1161,-0.0137,-0.7023,4.69306,21.0,29.0,30.0,22.0,29.0,29.0,27.0,21.0,27.0,29.0,27.0,21.0,26.0,26.0,27.0,20.0,27.0,30.0,22.0,22.0,22.0,21.0,21.0,21.0,21.0,22.0,22.0,22.0,21.0,22.0,21.0,22.0,22.0,22.0,21.0,21.0,21.0,21.0,10.0,press,0,0,2.7306
1788795935.7901,2026-09-07 17:45:35.790,8,c1,1,0,-0.04924,-0.48322,0.04661,-4.4319,11.5469,-28.203,-0.1112,-0.01,-0.7001,4.68879,21.0,29.0,30.0,22.0,29.0,29.0,27.0,21.0,27.0,29.0,27.0,21.0,26.0,26.0,27.0,20.0,27.0,30.0,22.0,22.0,22.0,21.0,21.0,21.0,21.0,22.0,22.0,22.0,21.0,22.0,21.0,22.0,22.0,22.0,21.0,21.0,21.0,21.0,10.0,press,0,0,2.7687
1788795935.8402,2026-09-07 17:45:35.840,8,c1,1,0,-0.04925,-0.48323,0.0463,-4.6357,11.7013,-28.1285,-0.1161,-0.0151,-0.7007,4.6986,22.0,31.0,29.0,21.0,30.0,28.0,29.0,21.0,27.0,29.0,26.0,20.0,24.0,27.0,26.0,21.0,28.0,31.0,19.0,22.0,22.0,21.0,21.0,21.0,21.0,22.0,22.0,22.0,21.0,22.0,21.0,22.0,22.0,22.0,21.0,21.0,21.0,21.0,10.0,press,0,0,2.6813
1788795935.8903,2026-09-07 17:45:35.890,8,c1,1,0,-0.04923,-0.48323,0.04596,-5.0131,11.7842,-28.0538,-0.116,-0.0285,-0.7008,4.69357,22.0,31.0,29.0,21.0,30.0,28.0,29.0,21.0,27.0,29.0,26.0,20.0,24.0,27.0,26.0,21.0,28.0,31.0,19.0,22.0,22.0,21.0,21.0,21.0,21.0,22.0,22.0,22.0,21.0,22.0,21.0,22.0,22.0,22.0,21.0,21.0,21.0,21.0,10.0,press,0,0,2.7261
1788795935.9405,2026-09-07 17:45:35.940,8,c1,1,0,-0.04924,-0.48321,0.04561,-4.9648,11.8533,-28.0823,-0.1228,-0.0234,-0.6961,4.70062,21.0,30.0,30.0,19.0,28.0,28.0,26.0,20.0,26.0,30.0,28.0,19.0,25.0,27.0,26.0,20.0,29.0,30.0,22.0,22.0,22.0,21.0,21.0,21.0,21.0,22.0,22.0,22.0,21.0,22.0,21.0,22.0,22.0,22.0,21.0,21.0,21.0,21.0,10.0,press,0,0,2.6634
1788795935.9906,2026-09-07 17:45:35.990,8,c1,1,0,-0.04924,-0.48323,0.04528,-4.3091,11.5595,-28.2171,-0.1168,-0.0085,-0.7002,4.70314,23.0,29.0,30.0,20.0,28.0,29.0,28.0,21.0,28.0,29.0,29.0,22.0,24.0,27.0,27.0,22.0,29.0,31.0,22.0,22.0,22.0,21.0,21.0,21.0,21.0,22.0,22.0,22.0,21.0,22.0,21.0,22.0,22.0,22.0,21.0,21.0,21.0,21.0,10.0,press,0,0,2.641
1788795936.0407,2026-09-07 17:45:36.040,8,c1,1,0,-0.04924,-0.48321,0.04493,-4.3792,11.6568,-28.251,-0.1147,-0.0084,-0.6985,4.68602,23.0,29.0,30.0,20.0,28.0,29.0,28.0,21.0,28.0,29.0,29.0,22.0,24.0,27.0,27.0,22.0,29.0,31.0,22.0,22.0,22.0,21.0,21.0,21.0,21.0,22.0,22.0,22.0,21.0,22.0,21.0,22.0,22.0,22.0,21.0,21.0,21.0,21.0,10.0,press,0,0,2.7933
1788795936.0909,2026-09-07 17:45:36.090,8,c1,1,0,-0.04924,-0.48321,0.0446,-4.4605,11.349,-28.0789,-0.1071,-0.0133,-0.7006,4.66109,22.0,30.0,29.0,22.0,29.0,28.0,29.0,23.0,30.0,29.0,27.0,22.0,25.0,27.0,28.0,22.0,29.0,31.0,22.0,22.0,22.0,21.0,21.0,21.0,21.0,22.0,22.0,22.0,21.0,22.0,21.0,22.0,22.0,22.0,21.0,21.0,21.0,21.0,10.0,press,0,0,3.0151
1788795936.141,2026-09-07 17:45:36.141,8,c1,1,0,-0.04923,-0.48322,0.04427,-4.5786,11.3209,-27.9359,-0.1053,-0.0195,-0.6923,4.62534,22.0,30.0,29.0,22.0,29.0,28.0,29.0,23.0,30.0,29.0,27.0,22.0,25.0,27.0,28.0,22.0,29.0,31.0,22.0,22.0,22.0,21.0,21.0,21.0,21.0,22.0,22.0,22.0,21.0,22.0,21.0,22.0,22.0,22.0,21.0,21.0,21.0,21.0,10.0,press,0,0,3.3332
1788795936.1912,2026-09-07 17:45:36.191,8,c1,1,0,-0.04925,-0.48321,0.04394,-4.4376,11.2178,-27.7075,-0.1054,-0.013,-0.6936,4.59538,23.0,31.0,31.0,23.0,31.0,29.0,28.0,21.0,29.0,28.0,28.0,20.0,25.0,26.0,28.0,22.0,28.0,29.0,22.0,22.0,22.0,21.0,21.0,21.0,21.0,22.0,22.0,22.0,21.0,22.0,21.0,22.0,22.0,22.0,21.0,21.0,21.0,21.0,10.0,press,0,0,3.5997
1788795936.2413,2026-09-07 17:45:36.241,8,c1,1,0,-0.04924,-0.48322,0.0436,-4.378,11.2185,-27.5498,-0.1061,-0.0178,-0.6956,4.54477,22.0,31.0,29.0,21.0,30.0,28.0,28.0,21.0,29.0,30.0,29.0,20.0,26.0,28.0,28.0,21.0,27.0,32.0,22.0,22.0,22.0,21.0,21.0,21.0,21.0,22.0,22.0,22.0,21.0,22.0,21.0,22.0,22.0,22.0,21.0,21.0,21.0,21.0,10.0,press,0,0,4.0499
1788795936.2915,2026-09-07 17:45:36.291,8,c1,1,0,-0.04923,-0.48323,0.04327,-4.8425,11.6549,-27.3295,-0.1112,-0.0315,-0.702,4.4929,22.0,31.0,29.0,21.0,30.0,28.0,28.0,21.0,29.0,30.0,29.0,20.0,26.0,28.0,28.0,21.0,27.0,32.0,22.0,22.0,22.0,21.0,21.0,21.0,21.0,22.0,22.0,22.0,21.0,22.0,21.0,22.0,22.0,22.0,21.0,21.0,21.0,21.0,10.0,press,0,0,4.5114
1788795936.3415,2026-09-07 17:45:36.341,8,c1,1,0,-0.04924,-0.48322,0.04292,-4.5361,12.0908,-27.2879,-0.1255,-0.0274,-0.6922,4.45212,21.0,33.0,31.0,21.0,31.0,29.0,29.0,22.0,31.0,31.0,29.0,21.0,28.0,28.0,28.0,23.0,30.0,31.0,22.0,22.0,22.0,21.0,21.0,21.0,21.0,22.0,22.0,22.0,21.0,22.0,21.0,22.0,22.0,22.0,21.0,21.0,21.0,21.0,10.0,press,0,0,4.8742
1788795936.3916,2026-09-07 17:45:36.391,8,c1,1,0,-0.04926,-0.48322,0.04259,-4.4371,11.6694,-26.8522,-0.1111,-0.0305,-0.699,4.37835,21.0,33.0,31.0,21.0,31.0,29.0,29.0,22.0,31.0,31.0,29.0,21.0,28.0,28.0,28.0,23.0,30.0,31.0,22.0,22.0,22.0,21.0,21.0,21.0,21.0,22.0,22.0,22.0,21.0,22.0,21.0,22.0,22.0,22.0,21.0,21.0,21.0,21.0,10.0,press,0,0,5.5305
1788795936.4417,2026-09-07 17:45:36.441,8,c1,1,0,-0.04926,-0.48321,0.04227,-4.3431,11.5754,-26.646,-0.1131,-0.0355,-0.6991,4.32522,22.0,32.0,32.0,21.0,34.0,29.0,29.0,22.0,32.0,31.0,28.0,22.0,28.0,27.0,27.0,21.0,28.0,30.0,21.0,22.0,22.0,21.0,21.0,21.0,21.0,22.0,22.0,22.0,21.0,22.0,21.0,22.0,22.0,22.0,21.0,21.0,21.0,21.0,10.0,press,0,0,6.0031
1788795936.4919,2026-09-07 17:45:36.491,8,c1,1,0,-0.04924,-0.48323,0.04196,-3.9873,11.3697,-26.4324,-0.1058,-0.0275,-0.6922,4.26379,23.0,33.0,32.0,23.0,35.0,31.0,29.0,22.0,31.0,31.0,28.0,21.0,26.0,27.0,26.0,21.0,30.0,29.0,20.0,22.0,22.0,21.0,21.0,21.0,21.0,22.0,22.0,22.0,21.0,22.0,21.0,22.0,22.0,22.0,21.0,21.0,21.0,21.0,10.0,press,0,0,6.5497
1788795936.542,2026-09-07 17:45:36.542,8,c1,1,0,-0.04925,-0.48323,0.0417,-4.1675,11.2402,-26.2072,-0.1041,-0.0346,-0.6974,4.20261,23.0,33.0,32.0,23.0,35.0,31.0,29.0,22.0,31.0,31.0,28.0,21.0,26.0,27.0,26.0,21.0,30.0,29.0,20.0,22.0,22.0,21.0,21.0,21.0,21.0,22.0,22.0,22.0,21.0,22.0,21.0,22.0,22.0,22.0,21.0,21.0,21.0,21.0,10.0,press,0,0,7.0939
1788795936.5922,2026-09-07 17:45:36.592,8,c1,1,0,-0.04925,-0.48324,0.04146,-4.2802,11.6147,-25.827,-0.114,-0.0433,-0.6938,4.14722,22.0,32.0,31.0,22.0,33.0,31.0,29.0,23.0,33.0,30.0,28.0,22.0,30.0,27.0,26.0,23.0,29.0,30.0,21.0,22.0,22.0,21.0,21.0,21.0,21.0,22.0,22.0,22.0,21.0,22.0,21.0,22.0,22.0,22.0,21.0,21.0,21.0,21.0,10.0,press,0,0,7.5867
1788795936.6423,2026-09-07 17:45:36.642,8,c1,1,0,-0.04921,-0.48322,0.04121,-4.0945,11.8776,-25.7117,-0.1166,-0.0361,-0.6927,4.08931,22.0,32.0,31.0,22.0,33.0,31.0,29.0,23.0,33.0,30.0,28.0,22.0,30.0,27.0,26.0,23.0,29.0,30.0,21.0,22.0,22.0,21.0,21.0,21.0,21.0,22.0,22.0,22.0,21.0,22.0,21.0,22.0,22.0,22.0,21.0,21.0,21.0,21.0,10.0,press,0,0,8.1019
1788795936.6924,2026-09-07 17:45:36.692,8,c1,1,0,-0.04924,-0.48323,0.04104,-4.2309,11.4747,-25.4019,-0.1074,-0.0426,-0.6952,4.04273,24.0,33.0,32.0,23.0,36.0,31.0,30.0,23.0,32.0,30.0,29.0,22.0,29.0,29.0,27.0,22.0,30.0,31.0,21.0,22.0,22.0,21.0,21.0,21.0,21.0,22.0,22.0,22.0,21.0,22.0,21.0,22.0,22.0,22.0,21.0,21.0,21.0,21.0,10.0,press,0,0,8.5163
1788795936.7426,2026-09-07 17:45:36.742,8,c1,1,0,-0.04925,-0.48323,0.04091,-4.1017,11.6188,-25.1825,-0.1103,-0.0429,-0.6951,4.00623,24.0,33.0,32.0,23.0,36.0,31.0,30.0,23.0,32.0,30.0,29.0,22.0,29.0,29.0,27.0,22.0,30.0,31.0,21.0,22.0,22.0,21.0,21.0,21.0,21.0,22.0,22.0,22.0,21.0,22.0,21.0,22.0,22.0,22.0,21.0,21.0,21.0,21.0,10.0,press,0,0,8.8411
1788795936.7927,2026-09-07 17:45:36.792,8,c1,1,0,-0.04925,-0.48323,0.04082,-3.958,11.5563,-25.308,-0.1116,-0.0384,-0.6937,3.98155,22.0,32.0,33.0,22.0,37.0,32.0,30.0,21.0,33.0,33.0,28.0,21.0,28.0,28.0,27.0,21.0,30.0,30.0,22.0,22.0,22.0,21.0,21.0,21.0,21.0,22.0,22.0,22.0,21.0,22.0,21.0,22.0,22.0,22.0,21.0,21.0,21.0,21.0,10.0,press,0,0,9.0606
1788795936.8428,2026-09-07 17:45:36.842,8,c1,1,0,-0.04925,-0.48322,0.04074,-4.304,11.7586,-25.1783,-0.1146,-0.0481,-0.6942,3.97249,24.0,32.0,33.0,22.0,37.0,33.0,30.0,23.0,34.0,32.0,30.0,22.0,29.0,27.0,29.0,21.0,30.0,32.0,21.0,22.0,22.0,21.0,21.0,21.0,21.0,22.0,22.0,22.0,21.0,22.0,21.0,22.0,22.0,22.0,21.0,21.0,21.0,21.0,10.0,press,0,0,9.1412
1788795936.8929,2026-09-07 17:45:36.892,8,c1,1,0,-0.04925,-0.48324,0.04071,-4.099,11.4653,-25.0333,-0.1084,-0.0419,-0.6965,3.95939,24.0,32.0,33.0,22.0,37.0,33.0,30.0,23.0,34.0,32.0,30.0,22.0,29.0,27.0,29.0,21.0,30.0,32.0,21.0,22.0,22.0,21.0,21.0,21.0,21.0,22.0,22.0,22.0,21.0,22.0,21.0,22.0,22.0,22.0,21.0,21.0,21.0,21.0,10.0,press,0,0,9.2577
1788795936.943,2026-09-07 17:45:36.943,8,c1,1,0,-0.04925,-0.48323,0.04067,-4.0043,11.2707,-25.4465,-0.1044,-0.0399,-0.691,3.95235,23.0,33.0,33.0,23.0,37.0,33.0,32.0,24.0,36.0,34.0,30.0,22.0,30.0,29.0,28.0,24.0,31.0,31.0,23.0,22.0,22.0,21.0,21.0,21.0,21.0,22.0,22.0,22.0,21.0,22.0,21.0,22.0,22.0,22.0,21.0,21.0,21.0,21.0,10.0,hold,0,0,9.3204
1788795936.9931,2026-09-07 17:45:36.993,8,c1,1,0,-0.04923,-0.48322,0.04064,-3.8652,11.6346,-25.1484,-0.1105,-0.0392,-0.6904,3.96796,23.0,33.0,33.0,23.0,37.0,33.0,32.0,24.0,36.0,34.0,30.0,22.0,30.0,29.0,28.0,24.0,31.0,31.0,23.0,22.0,22.0,21.0,21.0,21.0,21.0,22.0,22.0,22.0,21.0,22.0,21.0,22.0,22.0,22.0,21.0,21.0,21.0,21.0,10.0,hold,0,0,9.1815
1788795937.0433,2026-09-07 17:45:37.043,8,c1,1,0,-0.04923,-0.48322,0.04062,-4.1969,11.8083,-25.2647,-0.114,-0.0463,-0.6982,3.9458,25.0,34.0,35.0,23.0,38.0,34.0,32.0,20.0,36.0,32.0,30.0,19.0,29.0,27.0,28.0,20.0,29.0,31.0,20.0,22.0,22.0,21.0,21.0,21.0,21.0,22.0,22.0,22.0,21.0,22.0,21.0,22.0,22.0,22.0,21.0,21.0,21.0,21.0,10.0,hold,0,0,9.3786
1788795937.0934,2026-09-07 17:45:37.093,8,c1,1,0,-0.04924,-0.48322,0.04061,-4.1175,11.484,-25.3175,-0.1095,-0.046,-0.6961,3.96242,22.0,32.0,33.0,21.0,38.0,32.0,32.0,22.0,36.0,31.0,31.0,21.0,30.0,26.0,28.0,22.0,29.0,32.0,22.0,22.0,22.0,21.0,21.0,21.0,21.0,22.0,22.0,22.0,21.0,22.0,21.0,22.0,22.0,22.0,21.0,21.0,21.0,21.0,10.0,hold,0,0,9.2308
1788795937.1435,2026-09-07 17:45:37.143,8,c1,1,0,-0.04924,-0.4832,0.04061,-3.8987,11.5078,-25.2495,-0.1054,-0.0371,-0.6918,3.95965,22.0,32.0,33.0,21.0,38.0,32.0,32.0,22.0,36.0,31.0,31.0,21.0,30.0,26.0,28.0,22.0,29.0,32.0,22.0,22.0,22.0,21.0,21.0,21.0,21.0,22.0,22.0,22.0,21.0,22.0,21.0,22.0,22.0,22.0,21.0,21.0,21.0,21.0,10.0,hold,0,0,9.2554
1788795937.1937,2026-09-07 17:45:37.193,8,c1,1,0,-0.04923,-0.48321,0.04061,-4.0721,11.6175,-25.3537,-0.1085,-0.0443,-0.6953,3.96544,23.0,32.0,31.0,23.0,39.0,31.0,31.0,20.0,36.0,33.0,30.0,21.0,28.0,28.0,28.0,19.0,29.0,31.0,20.0,22.0,22.0,21.0,21.0,21.0,21.0,22.0,22.0,22.0,21.0,22.0,21.0,22.0,22.0,22.0,21.0,21.0,21.0,21.0,10.0,hold,0,0,9.2039
1788795937.2437,2026-09-07 17:45:37.243,8,c1,1,0,-0.04925,-0.48321,0.0406,-4.1737,11.9113,-25.1166,-0.1115,-0.0429,-0.6926,3.97627,23.0,32.0,31.0,23.0,39.0,31.0,31.0,20.0,36.0,33.0,30.0,21.0,28.0,28.0,28.0,19.0,29.0,31.0,20.0,22.0,22.0,21.0,21.0,21.0,21.0,22.0,22.0,22.0,21.0,22.0,21.0,22.0,22.0,22.0,21.0,21.0,21.0,21.0,10.0,hold,0,0,9.1076
1788795937.2938,2026-09-07 17:45:37.293,8,c1,1,0,-0.04923,-0.48321,0.04061,-3.8216,11.6626,-25.3365,-0.1116,-0.037,-0.6911,3.97803,23.0,32.0,33.0,21.0,37.0,33.0,32.0,20.0,34.0,33.0,32.0,20.0,29.0,28.0,31.0,22.0,29.0,34.0,22.0,22.0,22.0,21.0,21.0,21.0,21.0,22.0,22.0,22.0,21.0,22.0,21.0,22.0,22.0,22.0,21.0,21.0,21.0,21.0,10.0,hold,0,0,9.0919
1788795937.344,2026-09-07 17:45:37.343,8,c1,1,0,-0.04923,-0.48322,0.04062,-4.074,11.5536,-25.4111,-0.106,-0.0423,-0.6974,3.98835,23.0,33.0,34.0,22.0,38.0,33.0,34.0,22.0,36.0,32.0,32.0,22.0,31.0,29.0,31.0,22.0,30.0,33.0,21.0,22.0,22.0,21.0,21.0,21.0,21.0,22.0,22.0,22.0,21.0,22.0,21.0,22.0,22.0,22.0,21.0,21.0,21.0,21.0,10.0,hold,0,0,9.0001
1788795937.3941,2026-09-07 17:45:37.394,8,c1,1,0,-0.04924,-0.48321,0.0406,-3.9823,11.6128,-25.3558,-0.1118,-0.0403,-0.695,3.98583,23.0,33.0,34.0,22.0,38.0,33.0,34.0,22.0,36.0,32.0,32.0,22.0,31.0,29.0,31.0,22.0,30.0,33.0,21.0,22.0,22.0,21.0,21.0,21.0,21.0,22.0,22.0,22.0,21.0,22.0,21.0,22.0,22.0,22.0,21.0,21.0,21.0,21.0,10.0,hold,0,0,9.0225
1788795937.4442,2026-09-07 17:45:37.444,8,c1,1,0,-0.04922,-0.48321,0.0406,-4.1641,11.5482,-25.336,-0.1079,-0.0484,-0.6926,3.99792,22.0,32.0,33.0,23.0,38.0,34.0,35.0,21.0,37.0,32.0,32.0,22.0,30.0,29.0,29.0,20.0,32.0,33.0,20.0,22.0,22.0,21.0,21.0,21.0,21.0,22.0,22.0,22.0,21.0,22.0,21.0,22.0,22.0,22.0,21.0,21.0,21.0,21.0,10.0,hold,0,0,8.915
1788795937.4943,2026-09-07 17:45:37.494,8,c1,1,0,-0.04923,-0.48321,0.04061,-4.0593,11.6164,-25.5214,-0.1086,-0.0438,-0.6947,3.99338,22.0,32.0,33.0,23.0,38.0,34.0,35.0,21.0,37.0,32.0,32.0,22.0,30.0,29.0,29.0,20.0,32.0,33.0,20.0,22.0,22.0,21.0,21.0,21.0,21.0,22.0,22.0,22.0,21.0,22.0,21.0,22.0,22.0,22.0,21.0,21.0,21.0,21.0,10.0,hold,0,0,8.9553
1788795937.5444,2026-09-07 17:45:37.544,8,c1,1,0,-0.04923,-0.48321,0.04061,-3.6902,11.2233,-25.3453,-0.0966,-0.0348,-0.6962,3.9959,22.0,35.0,34.0,22.0,40.0,34.0,34.0,22.0,36.0,33.0,31.0,21.0,31.0,28.0,29.0,21.0,31.0,32.0,21.0,22.0,22.0,21.0,21.0,21.0,21.0,22.0,22.0,22.0,21.0,22.0,21.0,22.0,22.0,22.0,21.0,21.0,21.0,21.0,10.0,hold,0,0,8.9329
1788795937.5945,2026-09-07 17:45:37.594,8,c1,1,0,-0.04923,-0.4832,0.0406,-4.2726,11.8532,-25.3364,-0.1129,-0.0457,-0.6952,4.00648,21.0,33.0,35.0,21.0,38.0,34.0,33.0,22.0,36.0,33.0,30.0,22.0,31.0,28.0,28.0,21.0,31.0,32.0,21.0,22.0,22.0,21.0,21.0,21.0,21.0,22.0,22.0,22.0,21.0,22.0,21.0,22.0,22.0,22.0,21.0,21.0,21.0,21.0,10.0,hold,0,0,8.8388
1788795937.6446,2026-09-07 17:45:37.644,8,c1,1,0,-0.04923,-0.48321,0.04061,-4.1411,12.0659,-25.0942,-0.121,-0.0465,-0.6923,4.00597,21.0,33.0,35.0,21.0,38.0,34.0,33.0,22.0,36.0,33.0,30.0,22.0,31.0,28.0,28.0,21.0,31.0,32.0,21.0,22.0,22.0,21.0,21.0,21.0,21.0,22.0,22.0,22.0,21.0,22.0,21.0,22.0,22.0,22.0,21.0,21.0,21.0,21.0,10.0,hold,0,0,8.8433
1788795937.6947,2026-09-07 17:45:37.694,8,c1,1,0,-0.04923,-0.48321,0.04061,-4.1146,11.7465,-25.3291,-0.112,-0.0436,-0.6942,4.00522,24.0,34.0,34.0,23.0,39.0,34.0,33.0,20.0,37.0,35.0,29.0,21.0,30.0,30.0,27.0,21.0,32.0,29.0,21.0,22.0,22.0,21.0,21.0,21.0,21.0,22.0,22.0,22.0,21.0,22.0,21.0,22.0,22.0,22.0,21.0,21.0,21.0,21.0,10.0,hold,0,0,8.85
1788795937.7448,2026-09-07 17:45:37.744,8,c1,1,0,-0.04922,-0.48321,0.0406,-4.1256,11.6898,-25.2532,-0.1109,-0.0487,-0.6889,4.01227,24.0,34.0,34.0,23.0,39.0,34.0,33.0,20.0,37.0,35.0,29.0,21.0,30.0,30.0,27.0,21.0,32.0,29.0,21.0,22.0,22.0,21.0,21.0,21.0,21.0,22.0,22.0,22.0,21.0,22.0,21.0,22.0,22.0,22.0,21.0,21.0,21.0,21.0,10.0,hold,0,0,8.7873
1788795937.7949,2026-09-07 17:45:37.794,8,c1,1,0,-0.04924,-0.48321,0.04061,-4.0571,11.9801,-25.333,-0.1181,-0.0454,-0.6902,4.02234,24.0,35.0,34.0,22.0,40.0,36.0,31.0,21.0,36.0,34.0,29.0,20.0,30.0,28.0,28.0,21.0,29.0,29.0,20.0,22.0,22.0,21.0,21.0,21.0,21.0,22.0,22.0,22.0,21.0,22.0,21.0,22.0,22.0,22.0,21.0,21.0,21.0,21.0,10.0,hold,0,0,8.6977
1788795937.845,2026-09-07 17:45:37.845,8,c1,1,0,-0.04924,-0.48321,0.0406,-4.1446,11.239,-25.4349,-0.0993,-0.046,-0.6976,4.01554,24.0,35.0,34.0,22.0,40.0,36.0,31.0,21.0,36.0,34.0,29.0,20.0,30.0,28.0,28.0,21.0,29.0,29.0,20.0,22.0,22.0,21.0,21.0,21.0,21.0,22.0,22.0,22.0,21.0,22.0,21.0,22.0,22.0,22.0,21.0,21.0,21.0,21.0,10.0,hold,0,0,8.7582
1788795937.8952,2026-09-07 17:45:37.895,8,c1,1,0,-0.04923,-0.48322,0.04061,-3.8985,11.7304,-25.3993,-0.1119,-0.0403,-0.6882,4.02234,21.0,34.0,33.0,20.0,38.0,33.0,32.0,23.0,35.0,32.0,31.0,23.0,28.0,27.0,27.0,20.0,28.0,28.0,19.0,22.0,22.0,21.0,21.0,21.0,21.0,22.0,22.0,22.0,21.0,22.0,21.0,22.0,22.0,22.0,21.0,21.0,21.0,21.0,10.0,hold,0,0,8.6977
1788795937.9453,2026-09-07 17:45:37.945,8,c1,1,0,-0.04925,-0.48323,0.04062,-4.0458,11.7201,-25.1747,-0.1102,-0.0442,-0.6928,4.02788,24.0,34.0,33.0,22.0,38.0,33.0,32.0,21.0,33.0,32.0,30.0,21.0,27.0,26.0,26.0,20.0,27.0,28.0,21.0,22.0,22.0,21.0,21.0,21.0,21.0,22.0,22.0,22.0,21.0,22.0,21.0,22.0,22.0,22.0,21.0,21.0,21.0,21.0,10.0,hold,0,0,8.6484
1788795937.9954,2026-09-07 17:45:37.995,8,c1,1,0,-0.04923,-0.48321,0.04061,-4.3004,12.0235,-25.3405,-0.1179,-0.0502,-0.6937,4.02158,24.0,34.0,33.0,22.0,38.0,33.0,32.0,21.0,33.0,32.0,30.0,21.0,27.0,26.0,26.0,20.0,27.0,28.0,21.0,22.0,22.0,21.0,21.0,21.0,21.0,22.0,22.0,22.0,21.0,22.0,21.0,22.0,22.0,22.0,21.0,21.0,21.0,21.0,10.0,hold,0,0,8.7044
1788795938.0455,2026-09-07 17:45:38.045,8,c1,1,0,-0.04924,-0.48321,0.04062,-4.1146,11.6662,-25.4724,-0.1093,-0.0455,-0.694,4.02838,23.0,31.0,31.0,22.0,35.0,31.0,33.0,21.0,33.0,31.0,28.0,21.0,28.0,26.0,24.0,21.0,28.0,24.0,21.0,22.0,22.0,21.0,21.0,21.0,21.0,22.0,22.0,22.0,21.0,22.0,21.0,22.0,22.0,22.0,21.0,21.0,21.0,21.0,10.0,hold,0,0,8.6439
1788795938.0956,2026-09-07 17:45:38.095,8,c1,1,0,-0.04923,-0.48321,0.04061,-4.027,11.7217,-25.3054,-0.11,-0.0446,-0.6845,4.02989,23.0,31.0,31.0,22.0,35.0,31.0,33.0,21.0,33.0,31.0,28.0,21.0,28.0,26.0,24.0,21.0,28.0,24.0,21.0,22.0,22.0,21.0,21.0,21.0,21.0,22.0,22.0,22.0,21.0,22.0,21.0,22.0,22.0,22.0,21.0,21.0,21.0,21.0,10.0,hold,0,0,8.6305
1788795938.1457,2026-09-07 17:45:38.145,8,c1,1,0,-0.04924,-0.48322,0.04061,-4.1776,11.5293,-25.3662,-0.1035,-0.0459,-0.6957,4.02737,21.0,28.0,30.0,20.0,34.0,30.0,29.0,23.0,33.0,30.0,28.0,23.0,28.0,25.0,25.0,23.0,27.0,24.0,21.0,22.0,22.0,21.0,21.0,21.0,21.0,22.0,22.0,22.0,21.0,22.0,21.0,22.0,22.0,22.0,21.0,21.0,21.0,21.0,10.0,hold,0,0,8.6529
1788795938.1957,2026-09-07 17:45:38.195,8,c1,1,0,-0.04922,-0.48322,0.0406,-3.9392,11.909,-25.444,-0.1139,-0.0439,-0.6915,4.0246,23.0,28.0,30.0,24.0,34.0,30.0,30.0,22.0,32.0,31.0,26.0,21.0,26.0,25.0,24.0,21.0,27.0,23.0,21.0,22.0,22.0,21.0,21.0,21.0,21.0,22.0,22.0,22.0,21.0,22.0,21.0,22.0,22.0,22.0,21.0,21.0,21.0,21.0,10.0,hold,0,0,8.6775
1788795938.2458,2026-09-07 17:45:38.245,8,c1,1,0,-0.04924,-0.48321,0.0406,-3.8471,11.347,-25.5326,-0.0999,-0.0443,-0.687,4.03694,23.0,28.0,30.0,24.0,34.0,30.0,30.0,22.0,32.0,31.0,26.0,21.0,26.0,25.0,24.0,21.0,27.0,23.0,21.0,22.0,22.0,21.0,21.0,21.0,21.0,22.0,22.0,22.0,21.0,22.0,21.0,22.0,22.0,22.0,21.0,21.0,21.0,21.0,10.0,hold,0,0,8.5678
1788795938.296,2026-09-07 17:45:38.296,8,c1,1,0,-0.04923,-0.48321,0.04061,-3.837,11.8122,-25.5568,-0.1121,-0.0385,-0.6887,4.03568,22.0,28.0,29.0,21.0,33.0,30.0,29.0,21.0,32.0,30.0,27.0,20.0,27.0,25.0,25.0,20.0,27.0,24.0,19.0,22.0,22.0,21.0,21.0,21.0,21.0,22.0,22.0,22.0,21.0,22.0,21.0,22.0,22.0,22.0,21.0,21.0,21.0,21.0,10.0,hold,0,0,8.579
1788795938.3461,2026-09-07 17:45:38.346,8,c1,1,0,-0.04923,-0.48322,0.04061,-3.8273,11.6575,-25.5808,-0.1096,-0.0382,-0.6891,4.03014,22.0,28.0,29.0,21.0,33.0,30.0,29.0,21.0,32.0,30.0,27.0,20.0,27.0,25.0,25.0,20.0,27.0,24.0,19.0,22.0,22.0,21.0,21.0,21.0,21.0,22.0,22.0,22.0,21.0,22.0,21.0,22.0,22.0,22.0,21.0,21.0,21.0,21.0,10.0,hold,0,0,8.6283
1788795938.3962,2026-09-07 17:45:38.396,8,c1,1,0,-0.04924,-0.48321,0.04061,-3.8342,11.8922,-25.4303,-0.114,-0.0398,-0.6829,4.04198,22.0,28.0,30.0,21.0,33.0,30.0,29.0,22.0,33.0,31.0,27.0,22.0,27.0,26.0,23.0,22.0,26.0,23.0,22.0,22.0,22.0,21.0,21.0,21.0,21.0,22.0,22.0,22.0,21.0,22.0,21.0,22.0,22.0,22.0,21.0,21.0,21.0,21.0,10.0,hold,0,0,8.523
1788795938.4464,2026-09-07 17:45:38.446,8,c1,1,0,-0.04923,-0.48322,0.0406,-3.7198,11.3356,-25.5617,-0.102,-0.0362,-0.6877,4.03719,23.0,28.0,30.0,24.0,34.0,30.0,29.0,20.0,32.0,30.0,27.0,20.0,27.0,27.0,24.0,20.0,27.0,23.0,21.0,22.0,22.0,21.0,21.0,21.0,21.0,22.0,22.0,22.0,21.0,22.0,21.0,22.0,22.0,22.0,21.0,21.0,21.0,21.0,10.0,hold,0,0,8.5656
1788795938.4965,2026-09-07 17:45:38.496,8,c1,1,0,-0.04923,-0.48322,0.04061,-3.8726,11.608,-25.5754,-0.1081,-0.0416,-0.6991,4.03266,23.0,28.0,30.0,24.0,34.0,30.0,29.0,20.0,32.0,30.0,27.0,20.0,27.0,27.0,24.0,20.0,27.0,23.0,21.0,22.0,22.0,21.0,21.0,21.0,21.0,22.0,22.0,22.0,21.0,22.0,21.0,22.0,22.0,22.0,21.0,21.0,21.0,21.0,10.0,hold,0,0,8.6059
1788795938.5465,2026-09-07 17:45:38.546,8,c1,1,0,-0.04924,-0.48323,0.04063,-3.9956,11.8615,-25.4798,-0.1173,-0.0435,-0.6822,4.04072,21.0,28.0,31.0,21.0,33.0,30.0,29.0,21.0,33.0,30.0,27.0,20.0,27.0,25.0,25.0,21.0,27.0,23.0,20.0,22.0,22.0,21.0,21.0,21.0,21.0,22.0,22.0,22.0,21.0,22.0,21.0,22.0,22.0,22.0,21.0,21.0,21.0,21.0,10.0,hold,0,0,8.5342
1788795938.5966,2026-09-07 17:45:38.596,8,c1,1,0,-0.04922,-0.48321,0.0406,-3.9963,11.9298,-25.471,-0.1141,-0.0422,-0.6954,4.04248,21.0,28.0,31.0,21.0,33.0,30.0,29.0,21.0,33.0,30.0,27.0,20.0,27.0,25.0,25.0,21.0,27.0,23.0,20.0,22.0,22.0,21.0,21.0,21.0,21.0,22.0,22.0,22.0,21.0,22.0,21.0,22.0,22.0,22.0,21.0,21.0,21.0,21.0,10.0,hold,0,0,8.5185
1788795938.6467,2026-09-07 17:45:38.646,8,c1,1,0,-0.04921,-0.48322,0.04062,-3.6818,11.6252,-25.3884,-0.1093,-0.0347,-0.6864,4.04273,22.0,28.0,30.0,21.0,33.0,29.0,29.0,20.0,34.0,31.0,26.0,19.0,28.0,27.0,24.0,21.0,27.0,23.0,20.0,22.0,22.0,21.0,21.0,21.0,21.0,22.0,22.0,22.0,21.0,22.0,21.0,22.0,22.0,22.0,21.0,21.0,21.0,21.0,10.0,hold,0,0,8.5163
1788795938.6969,2026-09-07 17:45:38.696,8,c1,1,0,-0.04925,-0.48322,0.04062,-4.2995,11.7912,-25.5505,-0.1112,-0.0511,-0.6892,4.04852,21.0,29.0,30.0,21.0,35.0,31.0,29.0,22.0,34.0,30.0,27.0,20.0,28.0,26.0,24.0,19.0,28.0,24.0,20.0,22.0,22.0,21.0,21.0,21.0,21.0,22.0,22.0,22.0,21.0,22.0,21.0,22.0,22.0,22.0,21.0,21.0,21.0,21.0,10.0,hold,0,0,8.4648
1788795938.747,2026-09-07 17:45:38.747,8,c1,1,0,-0.04924,-0.48322,0.04062,-3.941,11.5937,-25.5096,-0.106,-0.0411,-0.6882,4.04273,21.0,29.0,30.0,21.0,35.0,31.0,29.0,22.0,34.0,30.0,27.0,20.0,28.0,26.0,24.0,19.0,28.0,24.0,20.0,22.0,22.0,21.0,21.0,21.0,21.0,22.0,22.0,22.0,21.0,22.0,21.0,22.0,22.0,22.0,21.0,21.0,21.0,21.0,10.0,hold,0,0,8.5163
1788795938.7971,2026-09-07 17:45:38.797,8,c1,1,0,-0.04923,-0.48321,0.0406,-3.8631,11.4823,-25.4513,-0.1045,-0.0397,-0.6927,4.05029,22.0,27.0,29.0,21.0,35.0,30.0,30.0,21.0,33.0,31.0,25.0,20.0,27.0,27.0,23.0,22.0,27.0,22.0,21.0,22.0,22.0,21.0,21.0,21.0,21.0,22.0,22.0,22.0,21.0,22.0,21.0,22.0,22.0,22.0,21.0,21.0,21.0,21.0,10.0,hold,0,0,8.4491
1788795938.8473,2026-09-07 17:45:38.847,8,c1,1,0,-0.04924,-0.48322,0.04061,-3.8595,11.6784,-25.4315,-0.11,-0.0419,-0.6896,4.04727,22.0,27.0,29.0,21.0,35.0,30.0,30.0,21.0,33.0,31.0,25.0,20.0,27.0,27.0,23.0,22.0,27.0,22.0,21.0,22.0,22.0,21.0,21.0,21.0,21.0,22.0,22.0,22.0,21.0,22.0,21.0,22.0,22.0,22.0,21.0,21.0,21.0,21.0,10.0,hold,0,0,8.4759
1788795938.8974,2026-09-07 17:45:38.897,8,c1,1,0,-0.04923,-0.48321,0.0406,-4.2613,12.2749,-25.4514,-0.1231,-0.0503,-0.6861,4.05054,21.0,29.0,30.0,21.0,35.0,30.0,26.0,22.0,33.0,30.0,26.0,21.0,28.0,25.0,24.0,22.0,27.0,24.0,22.0,22.0,22.0,21.0,21.0,21.0,21.0,22.0,22.0,22.0,21.0,22.0,21.0,22.0,22.0,22.0,21.0,21.0,21.0,21.0,10.0,hold,0,0,8.4468
1788795938.9476,2026-09-07 17:45:38.947,8,c1,1,0,-0.04924,-0.48321,0.04061,-4.143,11.5304,-25.5053,-0.1029,-0.0487,-0.6834,4.05432,21.0,29.0,30.0,21.0,35.0,30.0,26.0,22.0,33.0,30.0,26.0,21.0,28.0,25.0,24.0,22.0,27.0,24.0,22.0,22.0,22.0,21.0,21.0,21.0,21.0,22.0,22.0,22.0,21.0,22.0,21.0,22.0,22.0,22.0,21.0,21.0,21.0,21.0,10.0,hold,0,0,8.4132
1788795938.9977,2026-09-07 17:45:38.997,8,c1,1,0,-0.04924,-0.48322,0.04062,-4.2248,11.6004,-25.5179,-0.1068,-0.0482,-0.6927,4.04752,23.0,28.0,30.0,23.0,33.0,29.0,28.0,20.0,35.0,30.0,28.0,20.0,30.0,24.0,25.0,20.0,26.0,25.0,21.0,22.0,22.0,21.0,21.0,21.0,21.0,22.0,22.0,22.0,21.0,22.0,21.0,22.0,22.0,22.0,21.0,21.0,21.0,21.0,10.0,hold,0,0,8.4737
1788795939.0479,2026-09-07 17:45:39.047,8,c1,1,0,-0.04923,-0.48322,0.04062,-3.8108,11.5662,-25.514,-0.1074,-0.038,-0.6828,4.05708,22.0,29.0,29.0,22.0,34.0,29.0,30.0,21.0,34.0,28.0,28.0,20.0,30.0,25.0,25.0,20.0,26.0,24.0,21.0,22.0,22.0,21.0,21.0,21.0,21.0,22.0,22.0,22.0,21.0,22.0,21.0,22.0,22.0,22.0,21.0,21.0,21.0,21.0,10.0,hold,0,0,8.3886
1788795939.098,2026-09-07 17:45:39.097,8,c1,1,0,-0.04925,-0.48322,0.04062,-4.1728,11.6168,-25.408,-0.1039,-0.0509,-0.6902,4.05985,22.0,29.0,29.0,22.0,34.0,29.0,30.0,21.0,34.0,28.0,28.0,20.0,30.0,25.0,25.0,20.0,26.0,24.0,21.0,22.0,22.0,21.0,21.0,21.0,21.0,22.0,22.0,22.0,21.0,22.0,21.0,22.0,22.0,22.0,21.0,21.0,21.0,21.0,10.0,hold,0,0,8.364
1788795939.1481,2026-09-07 17:45:39.148,8,c1,1,0,-0.04924,-0.48321,0.04061,-4.0299,11.7828,-25.592,-0.1126,-0.0441,-0.688,4.05054,22.0,29.0,27.0,21.0,35.0,29.0,30.0,22.0,32.0,29.0,28.0,22.0,26.0,25.0,24.0,21.0,27.0,25.0,20.0,22.0,22.0,21.0,21.0,21.0,21.0,22.0,22.0,22.0,21.0,22.0,21.0,22.0,22.0,22.0,21.0,21.0,21.0,21.0,10.0,hold,0,0,8.4468
1788795939.1982,2026-09-07 17:45:39.198,8,c1,1,0,-0.04924,-0.48323,0.04063,-3.7935,11.4808,-25.544,-0.1029,-0.0384,-0.6862,4.05859,22.0,29.0,27.0,21.0,35.0,29.0,30.0,22.0,32.0,29.0,28.0,22.0,26.0,25.0,24.0,21.0,27.0,25.0,20.0,22.0,22.0,21.0,21.0,21.0,21.0,22.0,22.0,22.0,21.0,22.0,21.0,22.0,22.0,22.0,21.0,21.0,21.0,21.0,10.0,hold,0,0,8.3752
1788795939.2484,2026-09-07 17:45:39.248,8,c1,1,0,-0.04924,-0.48322,0.04061,-3.9556,11.7265,-25.5695,-0.1115,-0.0429,-0.6891,4.06413,23.0,27.0,28.0,22.0,34.0,30.0,30.0,22.0,33.0,31.0,27.0,20.0,27.0,26.0,25.0,21.0,27.0,24.0,20.0,22.0,22.0,21.0,21.0,21.0,21.0,22.0,22.0,22.0,21.0,22.0,21.0,22.0,22.0,22.0,21.0,21.0,21.0,21.0,10.0,hold,0,0,8.3259
1788795939.2985,2026-09-07 17:45:39.298,8,c1,1,0,-0.04924,-0.48321,0.04061,-3.6736,11.5357,-25.5996,-0.1051,-0.035,-0.6897,4.05457,22.0,29.0,29.0,22.0,36.0,29.0,29.0,21.0,32.0,31.0,27.0,20.0,28.0,26.0,25.0,21.0,29.0,24.0,22.0,22.0,22.0,21.0,21.0,21.0,21.0,22.0,22.0,22.0,21.0,22.0,21.0,22.0,22.0,22.0,21.0,21.0,21.0,21.0,10.0,hold,0,0,8.411
1788795939.3486,2026-09-07 17:45:39.348,8,c1,1,0,-0.04925,-0.48321,0.04061,-3.9356,11.7312,-25.4794,-0.1125,-0.0448,-0.6888,4.06464,22.0,29.0,29.0,22.0,36.0,29.0,29.0,21.0,32.0,31.0,27.0,20.0,28.0,26.0,25.0,21.0,29.0,24.0,22.0,22.0,22.0,21.0,21.0,21.0,21.0,22.0,22.0,22.0,21.0,22.0,21.0,22.0,22.0,22.0,21.0,21.0,21.0,21.0,10.0,hold,0,0,8.3214
1788795939.3987,2026-09-07 17:45:39.398,8,c1,1,0,-0.04925,-0.48321,0.04062,-4.0129,11.513,-25.3545,-0.1053,-0.0451,-0.6873,4.05608,21.0,29.0,30.0,21.0,34.0,30.0,29.0,22.0,34.0,31.0,28.0,20.0,29.0,26.0,25.0,22.0,27.0,24.0,22.0,22.0,22.0,21.0,21.0,21.0,21.0,22.0,22.0,22.0,21.0,22.0,21.0,22.0,22.0,22.0,21.0,21.0,21.0,21.0,10.0,hold,0,0,8.3976
1788795939.4488,2026-09-07 17:45:39.448,8,c1,1,0,-0.04922,-0.48322,0.04062,-4.4114,12.0999,-25.2141,-0.1228,-0.0533,-0.6939,4.06791,21.0,29.0,30.0,21.0,34.0,30.0,29.0,22.0,34.0,31.0,28.0,20.0,29.0,26.0,25.0,22.0,27.0,24.0,22.0,22.0,22.0,21.0,21.0,21.0,21.0,22.0,22.0,22.0,21.0,22.0,21.0,22.0,22.0,22.0,21.0,21.0,21.0,21.0,10.0,hold,0,0,8.2923
1788795939.499,2026-09-07 17:45:39.498,8,c1,1,0,-0.04926,-0.48322,0.04061,-3.9738,11.7589,-25.4135,-0.1117,-0.0405,-0.6923,4.05683,23.0,30.0,30.0,20.0,35.0,30.0,28.0,23.0,34.0,29.0,27.0,22.0,29.0,24.0,25.0,23.0,25.0,24.0,21.0,22.0,22.0,21.0,21.0,21.0,21.0,22.0,22.0,22.0,21.0,22.0,21.0,22.0,22.0,22.0,21.0,21.0,21.0,21.0,10.0,hold,0,0,8.3908
1788795939.549,2026-09-07 17:45:39.549,8,c1,1,0,-0.04922,-0.48321,0.04061,-4.3692,11.9977,-25.476,-0.1159,-0.0542,-0.6919,4.06011,24.0,29.0,28.0,23.0,37.0,28.0,29.0,24.0,32.0,30.0,28.0,23.0,27.0,25.0,25.0,24.0,27.0,24.0,25.0,22.0,22.0,21.0,21.0,21.0,21.0,22.0,22.0,22.0,21.0,22.0,21.0,22.0,22.0,22.0,21.0,21.0,21.0,21.0,10.0,hold,0,0,8.3617
1788795939.5992,2026-09-07 17:45:39.599,8,c1,1,0,-0.04924,-0.48322,0.04061,-3.8636,11.688,-25.6042,-0.1102,-0.0411,-0.687,4.05784,24.0,29.0,28.0,23.0,37.0,28.0,29.0,24.0,32.0,30.0,28.0,23.0,27.0,25.0,25.0,24.0,27.0,24.0,25.0,22.0,22.0,21.0,21.0,21.0,21.0,22.0,22.0,22.0,21.0,22.0,21.0,22.0,22.0,22.0,21.0,21.0,21.0,21.0,10.0,hold,0,0,8.3819
1788795939.6493,2026-09-07 17:45:39.649,8,c1,1,0,-0.04925,-0.48322,0.04062,-3.7994,11.5401,-25.577,-0.1048,-0.0422,-0.6861,4.06539,24.0,27.0,29.0,24.0,34.0,30.0,29.0,22.0,33.0,29.0,27.0,22.0,29.0,24.0,24.0,20.0,26.0,24.0,21.0,22.0,22.0,21.0,21.0,21.0,21.0,22.0,22.0,22.0,21.0,22.0,21.0,22.0,22.0,22.0,21.0,21.0,21.0,21.0,10.0,hold,0,0,8.3147
1788795939.6995,2026-09-07 17:45:39.699,8,c1,1,0,-0.0492,-0.48322,0.0406,-3.886,11.8101,-25.5057,-0.1121,-0.041,-0.6841,4.06212,24.0,27.0,29.0,24.0,34.0,30.0,29.0,22.0,33.0,29.0,27.0,22.0,29.0,24.0,24.0,20.0,26.0,24.0,21.0,22.0,22.0,21.0,21.0,21.0,21.0,22.0,22.0,22.0,21.0,22.0,21.0,22.0,22.0,22.0,21.0,21.0,21.0,21.0,10.0,hold,0,0,8.3438
1788795939.7496,2026-09-07 17:45:39.749,8,c1,1,0,-0.04925,-0.48321,0.04062,-3.9762,11.6997,-25.6072,-0.1108,-0.0452,-0.6919,4.05784,22.0,28.0,29.0,23.0,35.0,29.0,30.0,22.0,33.0,30.0,27.0,22.0,26.0,26.0,24.0,22.0,26.0,25.0,21.0,22.0,22.0,21.0,21.0,21.0,21.0,22.0,22.0,22.0,21.0,22.0,21.0,22.0,22.0,22.0,21.0,21.0,21.0,21.0,10.0,hold,0,0,8.3819
1788795939.7997,2026-09-07 17:45:39.799,8,c1,1,0,-0.04925,-0.48322,0.04061,-3.954,11.3406,-25.7083,-0.1024,-0.0441,-0.6889,4.06867,23.0,28.0,30.0,23.0,34.0,30.0,29.0,21.0,33.0,30.0,27.0,21.0,28.0,25.0,25.0,21.0,26.0,24.0,21.0,22.0,22.0,21.0,21.0,21.0,21.0,22.0,22.0,22.0,21.0,22.0,21.0,22.0,22.0,22.0,21.0,21.0,21.0,21.0,10.0,hold,0,0,8.2856
1788795939.8498,2026-09-07 17:45:39.849,8,c1,1,0,-0.04922,-0.48321,0.04061,-4.0653,11.5249,-25.4841,-0.105,-0.0459,-0.6853,4.06162,23.0,28.0,30.0,23.0,34.0,30.0,29.0,21.0,33.0,30.0,27.0,21.0,28.0,25.0,25.0,21.0,26.0,24.0,21.0,22.0,22.0,21.0,21.0,21.0,21.0,22.0,22.0,22.0,21.0,22.0,21.0,22.0,22.0,22.0,21.0,21.0,21.0,21.0,10.0,hold,0,0,8.3483
1788795939.8999,2026-09-07 17:45:39.899,8,c1,1,0,-0.04926,-0.48322,0.04062,-3.9419,11.508,-25.7216,-0.1042,-0.0458,-0.686,4.06212,23.0,28.0,28.0,21.0,35.0,29.0,29.0,22.0,34.0,31.0,27.0,20.0,27.0,27.0,25.0,19.0,27.0,25.0,18.0,22.0,22.0,21.0,21.0,21.0,21.0,22.0,22.0,22.0,21.0,22.0,21.0,22.0,22.0,22.0,21.0,21.0,21.0,21.0,10.0,hold,0,0,8.3438
1788795939.9501,2026-09-07 17:45:39.950,8,c1,1,0,-0.04925,-0.48322,0.04062,-4.139,11.9863,-25.8476,-0.1166,-0.0505,-0.6875,4.06187,23.0,28.0,28.0,21.0,35.0,29.0,29.0,22.0,34.0,31.0,27.0,20.0,27.0,27.0,25.0,19.0,27.0,25.0,18.0,22.0,22.0,21.0,21.0,21.0,21.0,22.0,22.0,22.0,21.0,22.0,21.0,22.0,22.0,22.0,21.0,21.0,21.0,21.0,10.0,hold,0,0,8.346
1788795940.0002,2026-09-07 17:45:40.000,8,c1,1,0,-0.04924,-0.48322,0.04062,-3.7521,11.5493,-25.4999,-0.1048,-0.0353,-0.6758,4.07471,20.0,28.0,31.0,21.0,36.0,31.0,28.0,22.0,34.0,31.0,27.0,20.0,29.0,26.0,24.0,21.0,27.0,24.0,22.0,22.0,22.0,21.0,21.0,21.0,21.0,22.0,22.0,22.0,21.0,22.0,21.0,22.0,22.0,22.0,21.0,21.0,21.0,21.0,10.0,hold,0,0,8.2318
1788795940.0503,2026-09-07 17:45:40.050,8,c1,1,0,-0.04923,-0.48322,0.04062,-3.6274,11.0983,-25.8432,-0.0937,-0.0367,-0.6802,4.06615,20.0,28.0,31.0,21.0,36.0,31.0,28.0,22.0,34.0,31.0,27.0,20.0,29.0,26.0,24.0,21.0,27.0,24.0,22.0,22.0,22.0,21.0,21.0,21.0,21.0,22.0,22.0,22.0,21.0,22.0,21.0,22.0,22.0,22.0,21.0,21.0,21.0,21.0,10.0,hold,0,0,8.308
1788795940.1005,2026-09-07 17:45:40.100,8,c1,1,0,-0.04924,-0.48322,0.04062,-3.9158,11.3401,-25.783,-0.1003,-0.0412,-0.69,4.06363,22.0,30.0,30.0,22.0,35.0,30.0,29.0,21.0,33.0,29.0,26.0,21.0,30.0,25.0,22.0,21.0,26.0,22.0,21.0,22.0,22.0,21.0,21.0,21.0,21.0,22.0,22.0,22.0,21.0,22.0,21.0,22.0,22.0,22.0,21.0,21.0,21.0,21.0,10.0,hold,0,0,8.3304
1788795940.1506,2026-09-07 17:45:40.150,8,c1,1,0,-0.04923,-0.48322,0.04062,-3.9164,11.3786,-25.6024,-0.1009,-0.0439,-0.6886,4.06388,21.0,30.0,30.0,20.0,36.0,29.0,28.0,22.0,34.0,30.0,27.0,21.0,29.0,26.0,25.0,22.0,28.0,24.0,21.0,22.0,22.0,21.0,21.0,21.0,21.0,22.0,22.0,22.0,21.0,22.0,21.0,22.0,22.0,22.0,21.0,21.0,21.0,21.0,10.0,hold,0,0,8.3281
1788795940.2007,2026-09-07 17:45:40.200,8,c1,1,0,-0.04924,-0.48321,0.04061,-3.4031,11.4581,-25.9924,-0.107,-0.0298,-0.6798,4.07471,21.0,30.0,30.0,20.0,36.0,29.0,28.0,22.0,34.0,30.0,27.0,21.0,29.0,26.0,25.0,22.0,28.0,24.0,21.0,22.0,22.0,21.0,21.0,21.0,21.0,22.0,22.0,22.0,21.0,22.0,21.0,22.0,22.0,22.0,21.0,21.0,21.0,21.0,10.0,hold,0,0,8.2318
1788795940.2508,2026-09-07 17:45:40.250,8,c1,1,0,-0.04924,-0.48321,0.04062,-3.8067,11.686,-25.7811,-0.1106,-0.0392,-0.6862,4.06464,23.0,28.0,29.0,21.0,36.0,30.0,27.0,22.0,33.0,29.0,26.0,22.0,29.0,24.0,25.0,22.0,25.0,24.0,21.0,22.0,22.0,21.0,21.0,21.0,21.0,22.0,22.0,22.0,21.0,22.0,21.0,22.0,22.0,22.0,21.0,21.0,21.0,21.0,10.0,hold,0,0,8.3214
1788795940.301,2026-09-07 17:45:40.300,8,c1,1,0,-0.04924,-0.48322,0.04061,-3.9647,11.8466,-25.7468,-0.1139,-0.0458,-0.6852,4.07597,23.0,28.0,29.0,21.0,36.0,30.0,27.0,22.0,33.0,29.0,26.0,22.0,29.0,24.0,25.0,22.0,25.0,24.0,21.0,22.0,22.0,21.0,21.0,21.0,21.0,22.0,22.0,22.0,21.0,22.0,21.0,22.0,22.0,22.0,21.0,21.0,21.0,21.0,10.0,hold,0,0,8.2206
1788795940.3511,2026-09-07 17:45:40.351,8,c1,1,0,-0.04927,-0.48321,0.04062,-4.0153,11.7164,-25.4848,-0.1083,-0.044,-0.6865,4.06766,22.0,28.0,28.0,22.0,35.0,29.0,29.0,22.0,33.0,28.0,28.0,22.0,29.0,23.0,24.0,22.0,24.0,24.0,21.0,22.0,22.0,21.0,21.0,21.0,21.0,22.0,22.0,22.0,21.0,22.0,21.0,22.0,22.0,22.0,21.0,21.0,21.0,21.0,10.0,hold,0,0,8.2945
1788795940.4012,2026-09-07 17:45:40.401,8,c1,1,0,-0.04923,-0.48321,0.04062,-3.7289,11.5261,-25.4224,-0.1056,-0.0351,-0.6819,4.0732,23.0,29.0,28.0,22.0,34.0,29.0,30.0,23.0,33.0,29.0,26.0,21.0,28.0,25.0,24.0,23.0,26.0,23.0,22.0,22.0,22.0,21.0,21.0,21.0,21.0,22.0,22.0,22.0,21.0,22.0,21.0,22.0,22.0,22.0,21.0,21.0,21.0,21.0,10.0,hold,0,0,8.2452
1788795940.4513,2026-09-07 17:45:40.451,8,c1,1,0,-0.04925,-0.48322,0.04062,-4.0877,11.4676,-25.6278,-0.1048,-0.0448,-0.6869,4.07244,23.0,29.0,28.0,22.0,34.0,29.0,30.0,23.0,33.0,29.0,26.0,21.0,28.0,25.0,24.0,23.0,26.0,23.0,22.0,22.0,22.0,21.0,21.0,21.0,21.0,22.0,22.0,22.0,21.0,22.0,21.0,22.0,22.0,22.0,21.0,21.0,21.0,21.0,10.0,hold,0,0,8.252
1788795940.5014,2026-09-07 17:45:40.501,8,c1,1,0,-0.04925,-0.48322,0.04062,-4.4332,11.826,-25.5595,-0.1093,-0.059,-0.6868,4.06615,22.0,29.0,28.0,23.0,34.0,28.0,28.0,22.0,34.0,30.0,27.0,21.0,28.0,25.0,25.0,22.0,26.0,24.0,22.0,22.0,22.0,21.0,21.0,21.0,21.0,22.0,22.0,22.0,21.0,22.0,21.0,22.0,22.0,22.0,21.0,21.0,21.0,21.0,10.0,hold,0,0,8.308
1788795940.5515,2026-09-07 17:45:40.551,8,c1,1,0,-0.04922,-0.48321,0.04061,-4.1357,12.0151,-25.6081,-0.117,-0.0485,-0.6946,4.07018,22.0,29.0,28.0,23.0,34.0,28.0,28.0,22.0,34.0,30.0,27.0,21.0,28.0,25.0,25.0,22.0,26.0,24.0,22.0,22.0,22.0,21.0,21.0,21.0,21.0,22.0,22.0,22.0,21.0,22.0,21.0,22.0,22.0,22.0,21.0,21.0,21.0,21.0,10.0,hold,0,0,8.2721
1788795940.6015,2026-09-07 17:45:40.601,8,c1,1,0,-0.04925,-0.48323,0.04062,-4.0197,11.9503,-25.3838,-0.1151,-0.0445,-0.6839,4.06741,24.0,29.0,29.0,22.0,35.0,30.0,29.0,24.0,34.0,29.0,29.0,24.0,29.0,25.0,24.0,24.0,27.0,24.0,24.0,22.0,22.0,21.0,21.0,21.0,21.0,22.0,22.0,22.0,21.0,22.0,21.0,22.0,22.0,22.0,21.0,21.0,21.0,21.0,10.0,hold,0,0,8.2968
1788795940.6515,2026-09-07 17:45:40.651,8,c1,1,0,-0.04924,-0.48322,0.04062,-4.0874,11.7635,-25.4088,-0.1082,-0.0484,-0.6859,4.07773,25.0,29.0,29.0,24.0,36.0,29.0,30.0,20.0,34.0,29.0,28.0,20.0,28.0,25.0,25.0,21.0,26.0,24.0,22.0,22.0,22.0,21.0,21.0,21.0,21.0,22.0,22.0,22.0,21.0,22.0,21.0,22.0,22.0,22.0,21.0,21.0,21.0,21.0,10.0,hold,0,0,8.2049
1788795940.7017,2026-09-07 17:45:40.701,8,c1,1,0,-0.04923,-0.48322,0.04061,-3.9064,11.966,-25.6167,-0.1202,-0.041,-0.6889,4.07798,25.0,29.0,29.0,24.0,36.0,29.0,30.0,20.0,34.0,29.0,28.0,20.0,28.0,25.0,25.0,21.0,26.0,24.0,22.0,22.0,22.0,21.0,21.0,21.0,21.0,22.0,22.0,22.0,21.0,22.0,21.0,22.0,22.0,22.0,21.0,21.0,21.0,21.0,10.0,hold,0,0,8.2027
1788795940.7518,2026-09-07 17:45:40.751,8,c1,1,0,-0.04924,-0.48322,0.04062,-3.9386,11.6469,-25.4691,-0.1073,-0.0445,-0.6846,4.07068,21.0,29.0,29.0,21.0,34.0,29.0,29.0,20.0,34.0,29.0,26.0,20.0,30.0,25.0,24.0,20.0,26.0,23.0,20.0,22.0,22.0,21.0,21.0,21.0,21.0,22.0,22.0,22.0,21.0,22.0,21.0,22.0,22.0,22.0,21.0,21.0,21.0,21.0,10.0,hold,0,0,8.2676
1788795940.8019,2026-09-07 17:45:40.801,8,c1,1,0,-0.04924,-0.48322,0.04062,-4.121,11.5979,-25.4435,-0.1091,-0.0489,-0.6888,4.07219,21.0,29.0,29.0,21.0,34.0,29.0,29.0,20.0,34.0,29.0,26.0,20.0,30.0,25.0,24.0,20.0,26.0,23.0,20.0,22.0,22.0,21.0,21.0,21.0,21.0,22.0,22.0,22.0,21.0,22.0,21.0,22.0,22.0,22.0,21.0,21.0,21.0,21.0,10.0,hold,0,0,8.2542
1788795940.852,2026-09-07 17:45:40.852,8,c1,1,0,-0.04924,-0.48321,0.04061,-4.0673,11.387,-25.6479,-0.1059,-0.0435,-0.6842,4.07974,20.0,29.0,29.0,21.0,36.0,29.0,28.0,23.0,34.0,30.0,25.0,23.0,31.0,25.0,23.0,22.0,26.0,23.0,21.0,22.0,22.0,21.0,21.0,21.0,21.0,22.0,22.0,22.0,21.0,22.0,21.0,22.0,22.0,22.0,21.0,21.0,21.0,21.0,10.0,hold,0,0,8.187
1788795940.9021,2026-09-07 17:45:40.902,8,c1,1,0,-0.04924,-0.48321,0.04062,-4.1434,11.6316,-25.5816,-0.1087,-0.0504,-0.6909,4.06816,23.0,30.0,30.0,24.0,37.0,30.0,28.0,20.0,33.0,30.0,28.0,19.0,29.0,26.0,25.0,21.0,26.0,24.0,20.0,22.0,22.0,21.0,21.0,21.0,21.0,22.0,22.0,22.0,21.0,22.0,21.0,22.0,22.0,22.0,21.0,21.0,21.0,21.0,10.0,hold,0,0,8.29
1788795940.9523,2026-09-07 17:45:40.952,8,c1,1,0,-0.04923,-0.48321,0.04061,-3.7877,11.653,-25.6237,-0.1075,-0.0409,-0.6847,4.0805,23.0,30.0,30.0,24.0,37.0,30.0,28.0,20.0,33.0,30.0,28.0,19.0,29.0,26.0,25.0,21.0,26.0,24.0,20.0,22.0,22.0,21.0,21.0,21.0,21.0,22.0,22.0,22.0,21.0,22.0,21.0,22.0,22.0,22.0,21.0,21.0,21.0,21.0,10.0,hold,0,0,8.1803
1788795941.0024,2026-09-07 17:45:41.002,8,c1,1,0,-0.04927,-0.48321,0.04061,-3.6675,11.4544,-25.5598,-0.1058,-0.0353,-0.6849,4.07496,21.0,29.0,31.0,20.0,36.0,29.0,30.0,20.0,34.0,30.0,26.0,19.0,28.0,26.0,25.0,19.0,26.0,24.0,19.0,22.0,22.0,21.0,21.0,21.0,21.0,22.0,22.0,22.0,21.0,22.0,21.0,22.0,22.0,22.0,21.0,21.0,21.0,21.0,10.0,hold,0,0,8.2296
1788795941.0525,2026-09-07 17:45:41.052,8,c1,1,0,-0.04924,-0.48323,0.04063,-3.7672,11.4963,-25.466,-0.1032,-0.0389,-0.6874,4.07672,21.0,29.0,31.0,20.0,36.0,29.0,30.0,20.0,34.0,30.0,26.0,19.0,28.0,26.0,25.0,19.0,26.0,24.0,19.0,22.0,22.0,21.0,21.0,21.0,21.0,22.0,22.0,22.0,21.0,22.0,21.0,22.0,22.0,22.0,21.0,21.0,21.0,21.0,10.0,hold,0,0,8.2139
1788795941.1026,2026-09-07 17:45:41.102,8,c1,1,0,-0.04924,-0.48322,0.04062,-3.81,11.455,-25.8595,-0.1035,-0.0371,-0.6843,4.08075,22.0,30.0,29.0,21.0,35.0,29.0,29.0,20.0,34.0,30.0,26.0,19.0,30.0,26.0,24.0,21.0,26.0,23.0,20.0,22.0,22.0,21.0,21.0,21.0,21.0,22.0,22.0,22.0,21.0,22.0,21.0,22.0,22.0,22.0,21.0,21.0,21.0,21.0,10.0,hold,0,0,8.178
1788795941.1528,2026-09-07 17:45:41.152,8,c1,1,0,-0.04925,-0.48322,0.04062,-3.8594,12.1145,-25.7014,-0.1212,-0.0426,-0.6819,4.07269,22.0,30.0,29.0,21.0,35.0,29.0,29.0,20.0,34.0,30.0,26.0,19.0,30.0,26.0,24.0,21.0,26.0,23.0,20.0,22.0,22.0,21.0,21.0,21.0,21.0,22.0,22.0,22.0,21.0,22.0,21.0,22.0,22.0,22.0,21.0,21.0,21.0,21.0,10.0,hold,0,0,8.2497
1788795941.2029,2026-09-07 17:45:41.202,8,c1,1,0,-0.04922,-0.48322,0.04062,-3.8507,11.5043,-25.6743,-0.1042,-0.0436,-0.6783,4.07496,19.0,31.0,30.0,20.0,36.0,30.0,29.0,23.0,34.0,30.0,26.0,21.0,28.0,26.0,24.0,21.0,26.0,23.0,21.0,22.0,22.0,21.0,21.0,21.0,21.0,22.0,22.0,22.0,21.0,22.0,21.0,22.0,22.0,22.0,21.0,21.0,21.0,21.0,10.0,hold,0,0,8.2296
1788795941.253,2026-09-07 17:45:41.253,8,c1,1,0,-0.04925,-0.48323,0.04062,-3.8301,11.7169,-25.6385,-0.1125,-0.0438,-0.6859,4.081,23.0,29.0,30.0,23.0,35.0,30.0,29.0,22.0,35.0,30.0,26.0,20.0,30.0,24.0,23.0,22.0,26.0,23.0,20.0,22.0,22.0,21.0,21.0,21.0,21.0,22.0,22.0,22.0,21.0,22.0,21.0,22.0,22.0,22.0,21.0,21.0,21.0,21.0,10.0,hold,0,0,8.1758
1788795941.3031,2026-09-07 17:45:41.303,8,c1,1,0,-0.04922,-0.48321,0.04062,-4.1075,11.4931,-25.4612,-0.1031,-0.0475,-0.6828,4.07723,23.0,29.0,30.0,23.0,35.0,30.0,29.0,22.0,35.0,30.0,26.0,20.0,30.0,24.0,23.0,22.0,26.0,23.0,20.0,22.0,22.0,21.0,21.0,21.0,21.0,22.0,22.0,22.0,21.0,22.0,21.0,22.0,22.0,22.0,21.0,21.0,21.0,21.0,10.0,hold,0,0,8.2094
1788795941.3533,2026-09-07 17:45:41.353,8,c1,1,0,-0.04925,-0.48321,0.04062,-3.8839,11.8527,-25.6187,-0.1163,-0.0407,-0.6884,4.07848,22.0,30.0,29.0,21.0,36.0,30.0,27.0,21.0,34.0,29.0,26.0,20.0,29.0,25.0,24.0,21.0,27.0,23.0,19.0,22.0,22.0,21.0,21.0,21.0,21.0,22.0,22.0,22.0,21.0,22.0,21.0,22.0,22.0,22.0,21.0,21.0,21.0,21.0,10.0,hold,0,0,8.1982
1788795941.4034,2026-09-07 17:45:41.403,8,c1,1,0,-0.04923,-0.48322,0.04062,-3.6731,11.5792,-25.9506,-0.1068,-0.0375,-0.6888,4.07068,22.0,30.0,29.0,21.0,36.0,30.0,27.0,21.0,34.0,29.0,26.0,20.0,29.0,25.0,24.0,21.0,27.0,23.0,19.0,22.0,22.0,21.0,21.0,21.0,21.0,22.0,22.0,22.0,21.0,22.0,21.0,22.0,22.0,22.0,21.0,21.0,21.0,21.0,10.0,hold,0,0,8.2676
1788795941.4534,2026-09-07 17:45:41.453,8,c1,1,0,-0.04924,-0.48321,0.04061,-3.8547,11.557,-26.026,-0.1039,-0.0402,-0.6821,4.08075,22.0,30.0,29.0,21.0,36.0,29.0,28.0,22.0,34.0,30.0,26.0,22.0,29.0,26.0,24.0,23.0,27.0,23.0,22.0,22.0,22.0,21.0,21.0,21.0,21.0,22.0,22.0,22.0,21.0,22.0,21.0,22.0,22.0,22.0,21.0,21.0,21.0,21.0,10.0,hold,0,0,8.178
1788795941.5035,2026-09-07 17:45:41.503,8,c1,1,0,-0.04923,-0.48322,0.04062,-3.8766,11.9353,-25.7036,-0.1138,-0.0409,-0.6771,4.07848,23.0,30.0,29.0,23.0,36.0,29.0,28.0,21.0,33.0,30.0,25.0,21.0,29.0,26.0,22.0,20.0,27.0,21.0,22.0,22.0,22.0,21.0,21.0,21.0,21.0,22.0,22.0,22.0,21.0,22.0,21.0,22.0,22.0,22.0,21.0,21.0,21.0,21.0,10.0,hold,0,0,8.1982
1788795941.5536,2026-09-07 17:45:41.553,8,c1,1,0,-0.04923,-0.48322,0.04062,-3.6654,11.4628,-25.9056,-0.1023,-0.0363,-0.6847,4.08176,23.0,30.0,29.0,23.0,36.0,29.0,28.0,21.0,33.0,30.0,25.0,21.0,29.0,26.0,22.0,20.0,27.0,21.0,22.0,22.0,22.0,21.0,21.0,21.0,21.0,22.0,22.0,22.0,21.0,22.0,21.0,22.0,22.0,22.0,21.0,21.0,21.0,21.0,10.0,hold,0,0,8.1691
1788795941.6037,2026-09-07 17:45:41.603,8,c1,1,0,-0.04923,-0.48321,0.04062,-3.8373,11.4967,-25.8619,-0.1034,-0.0394,-0.6775,4.08402,23.0,29.0,29.0,21.0,35.0,30.0,27.0,19.0,34.0,28.0,26.0,18.0,29.0,25.0,24.0,18.0,24.0,24.0,21.0,22.0,22.0,21.0,21.0,21.0,21.0,22.0,22.0,22.0,21.0,22.0,21.0,22.0,22.0,22.0,21.0,21.0,21.0,21.0,10.0,hold,0,0,8.1489
1788795941.6539,2026-09-07 17:45:41.653,8,c1,1,0,-0.04924,-0.48322,0.04062,-4.1563,12.1015,-25.7746,-0.1202,-0.0482,-0.6842,4.07572,23.0,29.0,29.0,21.0,35.0,30.0,27.0,19.0,34.0,28.0,26.0,18.0,29.0,25.0,24.0,18.0,24.0,24.0,21.0,22.0,22.0,21.0,21.0,21.0,21.0,22.0,22.0,22.0,21.0,22.0,21.0,22.0,22.0,22.0,21.0,21.0,21.0,21.0,10.0,hold,0,0,8.2228
1788795941.704,2026-09-07 17:45:41.704,8,c1,1,0,-0.04924,-0.48322,0.04063,-4.1648,11.7881,-25.8088,-0.1103,-0.0464,-0.6852,4.081,23.0,31.0,28.0,20.0,37.0,29.0,30.0,21.0,34.0,30.0,28.0,19.0,30.0,25.0,25.0,20.0,27.0,25.0,19.0,22.0,22.0,21.0,21.0,21.0,21.0,22.0,22.0,22.0,21.0,22.0,21.0,22.0,22.0,22.0,21.0,21.0,21.0,21.0,10.0,hold,0,0,8.1758
1788795941.7541,2026-09-07 17:45:41.754,8,c1,1,0,-0.04926,-0.48322,0.04062,-3.8721,11.8718,-25.8258,-0.1129,-0.0424,-0.6845,4.08453,22.0,29.0,28.0,22.0,35.0,29.0,31.0,23.0,34.0,31.0,26.0,23.0,29.0,26.0,24.0,23.0,27.0,23.0,23.0,22.0,22.0,21.0,21.0,21.0,21.0,22.0,22.0,22.0,21.0,22.0,21.0,22.0,22.0,22.0,21.0,21.0,21.0,21.0,10.0,hold,0,0,8.1444
1788795941.8042,2026-09-07 17:45:41.804,8,c1,1,0,-0.04923,-0.48321,0.04062,-4.0695,12.0216,-25.7368,-0.1123,-0.0479,-0.6823,4.07672,22.0,29.0,28.0,22.0,35.0,29.0,31.0,23.0,34.0,31.0,26.0,23.0,29.0,26.0,24.0,23.0,27.0,23.0,23.0,22.0,22.0,21.0,21.0,21.0,21.0,22.0,22.0,22.0,21.0,22.0,21.0,22.0,22.0,22.0,21.0,21.0,21.0,21.0,10.0,hold,0,0,8.2139
1788795941.8543,2026-09-07 17:45:41.854,8,c1,1,0,-0.04923,-0.48321,0.04061,-3.8642,11.7406,-25.7572,-0.1105,-0.0431,-0.6807,4.07496,24.0,29.0,30.0,24.0,35.0,30.0,28.0,22.0,34.0,30.0,28.0,21.0,27.0,26.0,24.0,22.0,27.0,24.0,20.0,22.0,22.0,21.0,21.0,21.0,21.0,22.0,22.0,22.0,21.0,22.0,21.0,22.0,22.0,22.0,21.0,21.0,21.0,21.0,10.0,hold,0,0,8.2296
1788795941.9045,2026-09-07 17:45:41.904,8,c1,1,0,-0.04921,-0.48321,0.04061,-3.692,11.5637,-25.7838,-0.104,-0.0352,-0.6769,4.0732,24.0,29.0,30.0,24.0,35.0,30.0,28.0,22.0,34.0,30.0,28.0,21.0,27.0,26.0,24.0,22.0,27.0,24.0,20.0,22.0,22.0,21.0,21.0,21.0,21.0,22.0,22.0,22.0,21.0,22.0,21.0,22.0,22.0,22.0,21.0,21.0,21.0,21.0,10.0,hold,0,0,8.2452
1788795941.9545,2026-09-07 17:45:41.954,8,c1,1,0,-0.04924,-0.48322,0.04062,-3.8202,11.6763,-25.8269,-0.1058,-0.0404,-0.68,4.08428,23.0,28.0,30.0,23.0,34.0,29.0,29.0,22.0,33.0,29.0,27.0,22.0,28.0,26.0,25.0,21.0,27.0,23.0,20.0,22.0,22.0,21.0,21.0,21.0,21.0,22.0,22.0,22.0,21.0,22.0,21.0,22.0,22.0,22.0,21.0,21.0,21.0,21.0,10.0,hold,0,0,8.1467
1788795942.0047,2026-09-07 17:45:42.004,8,c1,1,0,-0.04925,-0.48322,0.04062,-3.9452,11.7978,-25.7622,-0.1109,-0.0427,-0.682,4.07295,24.0,28.0,29.0,23.0,34.0,29.0,29.0,23.0,33.0,30.0,27.0,23.0,28.0,26.0,25.0,23.0,28.0,26.0,23.0,22.0,22.0,21.0,21.0,21.0,21.0,22.0,22.0,22.0,21.0,22.0,21.0,22.0,22.0,22.0,21.0,21.0,21.0,21.0,10.0,hold,0,0,8.2475
1788795942.0548,2026-09-07 17:45:42.054,8,c1,1,0,-0.04923,-0.48322,0.04063,-3.9381,11.5635,-25.7257,-0.1079,-0.0444,-0.6805,4.08705,24.0,28.0,29.0,23.0,34.0,29.0,29.0,23.0,33.0,30.0,27.0,23.0,28.0,26.0,25.0,23.0,28.0,26.0,23.0,22.0,22.0,21.0,21.0,21.0,21.0,22.0,22.0,22.0,21.0,22.0,21.0,22.0,22.0,22.0,21.0,21.0,21.0,21.0,10.0,hold,0,0,8.122
1788795942.1049,2026-09-07 17:45:42.104,8,c1,1,0,-0.04924,-0.48322,0.04062,-3.8711,11.8067,-25.649,-0.1112,-0.0421,-0.6795,4.08478,24.0,28.0,29.0,24.0,35.0,30.0,29.0,22.0,32.0,30.0,27.0,22.0,26.0,26.0,25.0,23.0,28.0,24.0,22.0,22.0,22.0,21.0,21.0,21.0,21.0,22.0,22.0,22.0,21.0,22.0,21.0,22.0,22.0,22.0,21.0,21.0,21.0,21.0,10.0,hold,0,0,8.1422
1788795942.155,2026-09-07 17:45:42.155,8,c1,1,0,-0.04925,-0.48321,0.04061,-4.1895,12.0562,-25.5325,-0.1189,-0.0476,-0.6828,4.07773,24.0,28.0,29.0,24.0,35.0,30.0,29.0,22.0,32.0,30.0,27.0,22.0,26.0,26.0,25.0,23.0,28.0,24.0,22.0,22.0,22.0,21.0,21.0,21.0,21.0,22.0,22.0,22.0,21.0,22.0,21.0,22.0,22.0,22.0,21.0,21.0,21.0,21.0,10.0,hold,0,0,8.2049
1788795942.205,2026-09-07 17:45:42.205,8,c1,1,0,-0.04924,-0.48321,0.04062,-3.9686,11.5789,-26.0094,-0.1029,-0.0421,-0.6896,4.08,23.0,28.0,29.0,23.0,34.0,29.0,28.0,22.0,34.0,29.0,27.0,21.0,30.0,26.0,25.0,21.0,27.0,24.0,20.0,22.0,22.0,21.0,21.0,21.0,21.0,22.0,22.0,22.0,21.0,22.0,21.0,22.0,22.0,22.0,21.0,21.0,21.0,21.0,10.0,hold,0,0,8.1848
1788795942.2552,2026-09-07 17:45:42.255,8,c1,1,0,-0.04924,-0.48323,0.04062,-3.6885,11.4288,-25.7149,-0.1038,-0.0375,-0.6783,4.08251,23.0,28.0,29.0,23.0,34.0,29.0,28.0,22.0,34.0,29.0,27.0,21.0,30.0,26.0,25.0,21.0,27.0,24.0,20.0,22.0,22.0,21.0,21.0,21.0,21.0,22.0,22.0,22.0,21.0,22.0,21.0,22.0,22.0,22.0,21.0,21.0,21.0,21.0,10.0,hold,0,0,8.1624
1788795942.3053,2026-09-07 17:45:42.305,8,c1,1,0,-0.04924,-0.48323,0.04063,-3.8232,11.6934,-25.6896,-0.1114,-0.0426,-0.677,4.07924,23.0,29.0,29.0,22.0,35.0,29.0,29.0,21.0,34.0,30.0,28.0,21.0,28.0,26.0,25.0,21.0,27.0,25.0,20.0,22.0,22.0,21.0,21.0,21.0,21.0,22.0,22.0,22.0,21.0,22.0,21.0,22.0,22.0,22.0,21.0,21.0,21.0,21.0,10.0,hold,0,0,8.1915
1788795942.3554,2026-09-07 17:45:42.355,8,c1,1,0,-0.04925,-0.48323,0.04063,-3.8302,11.5879,-25.6622,-0.1078,-0.0391,-0.6754,4.08327,21.0,30.0,30.0,22.0,35.0,29.0,29.0,21.0,32.0,29.0,26.0,20.0,27.0,25.0,24.0,21.0,27.0,24.0,19.0,22.0,22.0,21.0,21.0,21.0,21.0,22.0,22.0,22.0,21.0,22.0,21.0,22.0,22.0,22.0,21.0,21.0,21.0,21.0,10.0,hold,0,0,8.1556
1788795942.4055,2026-09-07 17:45:42.405,8,c1,1,0,-0.04924,-0.48321,0.04061,-3.9039,11.1961,-25.623,-0.0978,-0.0412,-0.6838,4.08755,21.0,30.0,30.0,22.0,35.0,29.0,29.0,21.0,32.0,29.0,26.0,20.0,27.0,25.0,24.0,21.0,27.0,24.0,19.0,22.0,22.0,21.0,21.0,21.0,21.0,22.0,22.0,22.0,21.0,22.0,21.0,22.0,22.0,22.0,21.0,21.0,21.0,21.0,10.0,hold,0,0,8.1176
1788795942.4556,2026-09-07 17:45:42.455,8,c1,1,0,-0.04923,-0.48321,0.04061,-3.7622,11.1988,-25.8732,-0.0997,-0.04,-0.6831,4.07924,21.0,30.0,30.0,21.0,35.0,29.0,29.0,23.0,34.0,29.0,27.0,22.0,27.0,24.0,24.0,20.0,25.0,23.0,21.0,22.0,22.0,21.0,21.0,21.0,21.0,22.0,22.0,22.0,21.0,22.0,21.0,22.0,22.0,22.0,21.0,21.0,21.0,21.0,10.0,hold,0,0,8.1915
1788795942.5057,2026-09-07 17:45:42.505,8,c1,1,0,-0.04925,-0.48323,0.04062,-3.7718,11.398,-25.7485,-0.1047,-0.0348,-0.6905,4.08981,21.0,30.0,30.0,21.0,35.0,29.0,29.0,23.0,34.0,29.0,27.0,22.0,27.0,24.0,24.0,20.0,25.0,23.0,21.0,22.0,22.0,21.0,21.0,21.0,21.0,22.0,22.0,22.0,21.0,22.0,21.0,22.0,22.0,22.0,21.0,21.0,21.0,21.0,10.0,hold,0,0,8.0974
1788795942.5558,2026-09-07 17:45:42.555,8,c1,1,0,-0.04924,-0.48321,0.04062,-4.0352,11.5325,-25.8388,-0.1027,-0.0455,-0.6827,4.08705,23.0,30.0,29.0,22.0,35.0,29.0,28.0,20.0,33.0,30.0,27.0,19.0,28.0,26.0,24.0,20.0,26.0,23.0,19.0,22.0,22.0,21.0,21.0,21.0,21.0,22.0,22.0,22.0,21.0,22.0,21.0,22.0,22.0,22.0,21.0,21.0,21.0,21.0,10.0,hold,0,0,8.122
1788795942.6059,2026-09-07 17:45:42.605,8,c1,1,0,-0.04925,-0.48321,0.04061,-3.7707,11.4943,-25.9184,-0.1043,-0.0407,-0.6888,4.07697,21.0,29.0,30.0,21.0,34.0,29.0,29.0,22.0,33.0,29.0,27.0,22.0,29.0,26.0,23.0,21.0,27.0,23.0,22.0,22.0,22.0,21.0,21.0,21.0,21.0,22.0,22.0,22.0,21.0,22.0,21.0,22.0,22.0,22.0,21.0,21.0,21.0,21.0,10.0,hold,0,0,8.2116
1788795942.656,2026-09-07 17:45:42.656,8,c1,1,0,-0.04923,-0.48322,0.04062,-3.6557,11.5558,-26.0114,-0.1057,-0.0324,-0.6778,4.08453,21.0,29.0,30.0,21.0,34.0,29.0,29.0,22.0,33.0,29.0,27.0,22.0,29.0,26.0,23.0,21.0,27.0,23.0,22.0,22.0,22.0,21.0,21.0,21.0,21.0,22.0,22.0,22.0,21.0,22.0,21.0,22.0,22.0,22.0,21.0,21.0,21.0,21.0,10.0,hold,0,0,8.1444
1788795942.7062,2026-09-07 17:45:42.706,8,c1,1,0,-0.04923,-0.48322,0.04062,-3.7974,11.4635,-25.7411,-0.1031,-0.0405,-0.6774,4.08906,22.0,29.0,29.0,22.0,35.0,29.0,28.0,24.0,31.0,32.0,26.0,23.0,27.0,27.0,23.0,23.0,27.0,23.0,23.0,22.0,22.0,21.0,21.0,21.0,21.0,22.0,22.0,22.0,21.0,22.0,21.0,22.0,22.0,22.0,21.0,21.0,21.0,21.0,10.0,hold,0,0,8.1041
1788795942.7563,2026-09-07 17:45:42.756,8,c1,1,0,-0.04922,-0.48322,0.04061,-3.5062,11.2304,-25.7778,-0.1014,-0.0307,-0.6781,4.07874,22.0,29.0,29.0,22.0,35.0,29.0,28.0,24.0,31.0,32.0,26.0,23.0,27.0,27.0,23.0,23.0,27.0,23.0,23.0,22.0,22.0,21.0,21.0,21.0,21.0,22.0,22.0,22.0,21.0,22.0,21.0,22.0,22.0,22.0,21.0,21.0,21.0,21.0,10.0,hold,0,0,8.196
1788795942.8064,2026-09-07 17:45:42.806,8,c1,1,0,-0.04923,-0.48321,0.04061,-3.5477,11.6745,-25.6388,-0.1104,-0.0332,-0.6801,4.08906,23.0,27.0,31.0,23.0,34.0,30.0,28.0,21.0,34.0,29.0,27.0,20.0,29.0,25.0,24.0,22.0,26.0,23.0,20.0,22.0,22.0,21.0,21.0,21.0,21.0,22.0,22.0,22.0,21.0,22.0,21.0,22.0,22.0,22.0,21.0,21.0,21.0,21.0,10.0,hold,0,0,8.1041
1788795942.8565,2026-09-07 17:45:42.856,8,c1,1,0,-0.04925,-0.48321,0.04061,-3.8732,11.8372,-25.8977,-0.1103,-0.0423,-0.676,4.08377,22.0,29.0,30.0,21.0,35.0,29.0,30.0,20.0,33.0,30.0,27.0,19.0,29.0,26.0,25.0,21.0,27.0,25.0,21.0,22.0,22.0,21.0,21.0,21.0,21.0,22.0,22.0,22.0,21.0,22.0,21.0,22.0,22.0,22.0,21.0,21.0,21.0,21.0,10.0,hold,0,0,8.1512
1788795942.9066,2026-09-07 17:45:42.906,8,c1,1,0,-0.04924,-0.48322,0.04062,-3.5609,11.4206,-26.0069,-0.1057,-0.0366,-0.6777,4.08352,22.0,29.0,30.0,21.0,35.0,29.0,30.0,20.0,33.0,30.0,27.0,19.0,29.0,26.0,25.0,21.0,27.0,25.0,21.0,22.0,22.0,21.0,21.0,21.0,21.0,22.0,22.0,22.0,21.0,22.0,21.0,22.0,22.0,22.0,21.0,21.0,21.0,21.0,10.0,hold,0,0,8.1534
1788795942.9567,2026-09-07 17:45:42.956,8,c1,0,0,-0.04923,-0.48322,0.0406,-3.726,11.753,-25.6673,-0.1143,-0.0398,-0.6778,4.09158,21.0,28.0,30.0,21.0,34.0,30.0,30.0,22.0,33.0,30.0,28.0,20.0,29.0,27.0,23.0,21.0,28.0,23.0,21.0,22.0,22.0,21.0,21.0,21.0,21.0,22.0,22.0,22.0,21.0,22.0,21.0,22.0,22.0,22.0,21.0,21.0,21.0,21.0,10.0,retract,0,0,8.0817
1788795943.0068,2026-09-07 17:45:43.006,8,c1,0,0,-0.04925,-0.48322,0.04063,-4.0829,11.5842,-25.7997,-0.1047,-0.0436,-0.6809,4.08604,21.0,28.0,30.0,21.0,34.0,30.0,30.0,22.0,33.0,30.0,28.0,20.0,29.0,27.0,23.0,21.0,28.0,23.0,21.0,22.0,22.0,21.0,21.0,21.0,21.0,22.0,22.0,22.0,21.0,22.0,21.0,22.0,22.0,22.0,21.0,21.0,21.0,21.0,10.0,retract,0,0,8.131
1788795943.0569,2026-09-07 17:45:43.056,8,c1,0,0,-0.04923,-0.48322,0.04069,-3.5384,11.1509,-26.0001,-0.0923,-0.0302,-0.6805,4.12355,22.0,30.0,30.0,23.0,35.0,31.0,29.0,22.0,32.0,29.0,26.0,21.0,27.0,25.0,24.0,22.0,26.0,25.0,20.0,22.0,22.0,21.0,21.0,21.0,21.0,22.0,22.0,22.0,21.0,22.0,21.0,22.0,22.0,22.0,21.0,21.0,21.0,21.0,10.0,retract,0,0,7.7973
1788795943.107,2026-09-07 17:45:43.107,8,c1,0,0,-0.04923,-0.48322,0.04078,-3.9699,11.7924,-26.0322,-0.1113,-0.0415,-0.6824,4.14369,24.0,29.0,28.0,23.0,34.0,29.0,27.0,22.0,32.0,31.0,27.0,22.0,29.0,26.0,24.0,21.0,27.0,23.0,21.0,22.0,22.0,21.0,21.0,21.0,21.0,22.0,22.0,22.0,21.0,22.0,21.0,22.0,22.0,22.0,21.0,21.0,21.0,21.0,10.0,retract,0,0,7.6181
1788795943.1571,2026-09-07 17:45:43.157,8,c1,0,0,-0.04923,-0.48321,0.0409,-3.6276,11.3445,-26.5133,-0.0988,-0.033,-0.6819,4.20185,24.0,29.0,28.0,23.0,34.0,29.0,27.0,22.0,32.0,31.0,27.0,22.0,29.0,26.0,24.0,21.0,27.0,23.0,21.0,22.0,22.0,21.0,21.0,21.0,21.0,22.0,22.0,22.0,21.0,22.0,21.0,22.0,22.0,22.0,21.0,21.0,21.0,21.0,10.0,retract,0,0,7.1007
1788795943.2071,2026-09-07 17:45:43.207,8,c1,0,0,-0.04925,-0.48321,0.04107,-3.9566,11.27,-26.5633,-0.0991,-0.0368,-0.675,4.25447,22.0,28.0,30.0,22.0,35.0,30.0,29.0,21.0,32.0,30.0,26.0,21.0,28.0,27.0,24.0,21.0,27.0,24.0,21.0,22.0,22.0,21.0,21.0,21.0,21.0,22.0,22.0,22.0,21.0,22.0,21.0,22.0,22.0,22.0,21.0,21.0,21.0,21.0,10.0,retract,0,0,6.6325
1788795943.2572,2026-09-07 17:45:43.257,8,c1,0,0,-0.04923,-0.4832,0.04125,-3.6827,11.223,-26.5916,-0.1006,-0.0312,-0.6809,4.32774,22.0,28.0,30.0,22.0,35.0,30.0,29.0,21.0,32.0,30.0,26.0,21.0,28.0,27.0,24.0,21.0,27.0,24.0,21.0,22.0,22.0,21.0,21.0,21.0,21.0,22.0,22.0,22.0,21.0,22.0,21.0,22.0,22.0,22.0,21.0,21.0,21.0,21.0,10.0,retract,0,0,5.9807
1788795943.3074,2026-09-07 17:45:43.307,8,c1,0,0,-0.04925,-0.48319,0.04147,-3.893,11.7327,-26.9105,-0.1099,-0.0326,-0.6784,4.38968,21.0,28.0,30.0,21.0,34.0,30.0,27.0,24.0,31.0,31.0,26.0,23.0,26.0,26.0,25.0,23.0,28.0,25.0,23.0,22.0,22.0,21.0,21.0,21.0,21.0,22.0,22.0,22.0,21.0,22.0,21.0,22.0,22.0,22.0,21.0,21.0,21.0,21.0,10.0,retract,0,0,5.4297
1788795943.3575,2026-09-07 17:45:43.357,8,c1,0,0,-0.04924,-0.4832,0.04173,-3.8099,11.6558,-27.0031,-0.1088,-0.033,-0.6769,4.44054,21.0,28.0,30.0,21.0,34.0,30.0,27.0,24.0,31.0,31.0,26.0,23.0,26.0,26.0,25.0,23.0,28.0,25.0,23.0,22.0,22.0,21.0,21.0,21.0,21.0,22.0,22.0,22.0,21.0,22.0,21.0,22.0,22.0,22.0,21.0,21.0,21.0,21.0,10.0,retract,0,0,4.9772
1788795943.4076,2026-09-07 17:45:43.407,8,c1,0,0,-0.04924,-0.48318,0.04199,-4.224,11.8337,-27.2267,-0.1121,-0.0402,-0.6832,4.49643,24.0,27.0,30.0,23.0,34.0,32.0,29.0,21.0,34.0,31.0,27.0,20.0,29.0,26.0,23.0,21.0,27.0,23.0,22.0,22.0,22.0,21.0,21.0,21.0,21.0,22.0,22.0,22.0,21.0,22.0,21.0,22.0,22.0,22.0,21.0,21.0,21.0,21.0,10.0,retract,0,0,4.48
1788795943.4576,2026-09-07 17:45:43.457,8,c1,0,0,-0.04923,-0.48316,0.04228,-3.9994,11.624,-27.5156,-0.1105,-0.0332,-0.6795,4.53722,22.0,28.0,29.0,21.0,36.0,30.0,28.0,20.0,29.0,30.0,26.0,20.0,26.0,27.0,24.0,21.0,27.0,24.0,21.0,22.0,22.0,21.0,21.0,21.0,21.0,22.0,22.0,22.0,21.0,22.0,21.0,22.0,22.0,22.0,21.0,21.0,21.0,21.0,10.0,retract,0,0,4.1171
1788795943.5077,2026-09-07 17:45:43.507,8,c1,0,0,-0.04923,-0.48317,0.04262,-4.2168,11.6924,-27.6641,-0.1103,-0.036,-0.6811,4.5775,22.0,28.0,29.0,21.0,36.0,30.0,28.0,20.0,29.0,30.0,26.0,20.0,26.0,27.0,24.0,21.0,27.0,24.0,21.0,22.0,22.0,21.0,21.0,21.0,21.0,22.0,22.0,22.0,21.0,22.0,21.0,22.0,22.0,22.0,21.0,21.0,21.0,21.0,10.0,retract,0,0,3.7588
1788795943.5577,2026-09-07 17:45:43.557,8,c1,0,0,-0.04922,-0.48319,0.04296,-4.1385,11.4284,-27.6009,-0.107,-0.0283,-0.6793,4.62559,21.0,27.0,29.0,20.0,32.0,29.0,27.0,22.0,30.0,29.0,24.0,21.0,26.0,25.0,23.0,22.0,26.0,22.0,22.0,22.0,22.0,21.0,21.0,21.0,21.0,22.0,22.0,22.0,21.0,22.0,21.0,22.0,22.0,22.0,21.0,21.0,21.0,21.0,10.0,retract,0,0,3.3309
1788795943.6078,2026-09-07 17:45:43.607,8,c1,0,0,-0.04924,-0.48321,0.04334,-4.6698,11.7664,-27.8683,-0.1126,-0.0402,-0.6785,4.65706,21.0,27.0,29.0,20.0,32.0,29.0,27.0,22.0,30.0,29.0,24.0,21.0,26.0,25.0,23.0,22.0,26.0,22.0,22.0,22.0,22.0,21.0,21.0,21.0,21.0,22.0,22.0,22.0,21.0,22.0,21.0,22.0,22.0,22.0,21.0,21.0,21.0,21.0,10.0,retract,0,0,3.0509
1788795943.6579,2026-09-07 17:45:43.657,8,c1,0,0,-0.04923,-0.48319,0.04366,-4.3863,11.9196,-27.8301,-0.1185,-0.0264,-0.6776,4.67066,21.0,26.0,28.0,21.0,30.0,28.0,27.0,20.0,29.0,29.0,25.0,19.0,27.0,25.0,21.0,20.0,26.0,21.0,20.0,22.0,22.0,21.0,21.0,21.0,21.0,22.0,22.0,22.0,21.0,22.0,21.0,22.0,22.0,22.0,21.0,21.0,21.0,21.0,10.0,retract,0,0,2.93
1788795943.708,2026-09-07 17:45:43.708,8,c1,0,0,-0.04923,-0.48319,0.04401,-4.9408,11.9264,-27.941,-0.1212,-0.0357,-0.6858,4.68199,21.0,27.0,28.0,20.0,30.0,29.0,27.0,22.0,28.0,28.0,25.0,22.0,25.0,25.0,23.0,22.0,26.0,24.0,21.0,22.0,22.0,21.0,21.0,21.0,21.0,22.0,22.0,22.0,21.0,22.0,21.0,22.0,22.0,22.0,21.0,21.0,21.0,21.0,10.0,retract,0,0,2.8292
1788795943.7581,2026-09-07 17:45:43.758,8,c1,0,0,-0.04922,-0.48318,0.04433,-4.6808,11.3481,-28.0399,-0.1064,-0.0267,-0.6839,4.68929,21.0,27.0,28.0,20.0,30.0,29.0,27.0,22.0,28.0,28.0,25.0,22.0,25.0,25.0,23.0,22.0,26.0,24.0,21.0,22.0,22.0,21.0,21.0,21.0,21.0,22.0,22.0,22.0,21.0,22.0,21.0,22.0,22.0,22.0,21.0,21.0,21.0,21.0,10.0,retract,0,0,2.7642
1788795943.8082,2026-09-07 17:45:43.808,8,c1,0,0,-0.04923,-0.48319,0.04465,-4.8397,11.6754,-27.9588,-0.1137,-0.0253,-0.6818,4.70011,22.0,25.0,28.0,22.0,28.0,28.0,26.0,21.0,29.0,29.0,24.0,21.0,25.0,25.0,21.0,20.0,27.0,21.0,21.0,22.0,22.0,21.0,21.0,21.0,21.0,22.0,22.0,22.0,21.0,22.0,21.0,22.0,22.0,22.0,21.0,21.0,21.0,21.0,10.0,retract,0,0,2.6679
1788795943.8582,2026-09-07 17:45:43.858,8,c1,0,0,-0.04923,-0.48319,0.04497,-4.5765,11.5826,-28.1494,-0.1142,-0.0172,-0.682,4.69735,22.0,25.0,28.0,22.0,28.0,28.0,26.0,21.0,29.0,29.0,24.0,21.0,25.0,25.0,21.0,20.0,27.0,21.0,21.0,22.0,22.0,21.0,21.0,21.0,21.0,22.0,22.0,22.0,21.0,22.0,21.0,22.0,22.0,22.0,21.0,21.0,21.0,21.0,10.0,retract,0,0,2.6925
1788795943.9084,2026-09-07 17:45:43.908,8,c1,0,0,-0.04924,-0.48322,0.04534,-4.3697,11.2183,-28.3991,-0.1013,-0.0107,-0.6763,4.69332,21.0,27.0,28.0,21.0,29.0,28.0,24.0,22.0,26.0,28.0,25.0,21.0,25.0,26.0,23.0,22.0,26.0,23.0,21.0,22.0,22.0,21.0,21.0,21.0,21.0,22.0,22.0,22.0,21.0,22.0,21.0,22.0,22.0,22.0,21.0,21.0,21.0,21.0,10.0,retract,0,0,2.7284
1788795943.9585,2026-09-07 17:45:43.958,8,c1,0,0,-0.04924,-0.48322,0.0457,-4.7551,11.8166,-28.0297,-0.1198,-0.0241,-0.6856,4.69936,23.0,27.0,28.0,22.0,28.0,27.0,26.0,21.0,26.0,28.0,23.0,21.0,25.0,25.0,22.0,20.0,26.0,22.0,19.0,22.0,22.0,21.0,21.0,21.0,21.0,22.0,22.0,22.0,21.0,22.0,21.0,22.0,22.0,22.0,21.0,21.0,21.0,21.0,10.0,retract,0,0,2.6746
1788795944.0086,2026-09-07 17:45:44.008,8,c1,0,0,-0.04923,-0.4832,0.04599,-4.8738,11.6689,-28.2013,-0.1183,-0.0206,-0.6868,4.69558,23.0,27.0,28.0,22.0,28.0,27.0,26.0,21.0,26.0,28.0,23.0,21.0,25.0,25.0,22.0,20.0,26.0,22.0,19.0,22.0,22.0,21.0,21.0,21.0,21.0,22.0,22.0,22.0,21.0,22.0,21.0,22.0,22.0,22.0,21.0,21.0,21.0,21.0,10.0,retract,0,0,2.7082
1788795944.0587,2026-09-07 17:45:44.058,8,c1,0,0,-0.04924,-0.48321,0.04634,-4.5776,11.8068,-28.2352,-0.12,-0.0173,-0.6816,4.70062,23.0,27.0,27.0,21.0,28.0,26.0,25.0,22.0,27.0,27.0,24.0,22.0,27.0,25.0,24.0,23.0,25.0,23.0,22.0,22.0,22.0,21.0,21.0,21.0,21.0,22.0,22.0,22.0,21.0,22.0,21.0,22.0,22.0,22.0,21.0,21.0,21.0,21.0,10.0,retract,0,0,2.6634
1788795944.1088,2026-09-07 17:45:44.108,8,c1,0,0,-0.04922,-0.4832,0.04666,-4.7139,11.5373,-28.2389,-0.1131,-0.0203,-0.6863,4.69936,23.0,27.0,27.0,21.0,28.0,26.0,25.0,22.0,27.0,27.0,24.0,22.0,27.0,25.0,24.0,23.0,25.0,23.0,22.0,22.0,22.0,21.0,21.0,21.0,21.0,22.0,22.0,22.0,21.0,22.0,21.0,22.0,22.0,22.0,21.0,21.0,21.0,21.0,10.0,retract,0,0,2.6746
1788795944.1589,2026-09-07 17:45:44.158,8,c1,0,0,-0.04924,-0.4832,0.04698,-4.6936,11.2489,-28.0933,-0.1036,-0.0199,-0.6831,4.68828,23.0,26.0,27.0,22.0,27.0,26.0,26.0,21.0,25.0,26.0,24.0,20.0,25.0,25.0,21.0,20.0,27.0,22.0,21.0,22.0,22.0,21.0,21.0,21.0,21.0,22.0,22.0,22.0,21.0,22.0,21.0,22.0,22.0,22.0,21.0,21.0,21.0,21.0,10.0,retract,0,0,2.7732
1788795944.209,2026-09-07 17:45:44.209,8,c1,0,0,-0.04925,-0.4832,0.04732,-4.5558,11.3592,-28.1986,-0.103,-0.0145,-0.6859,4.6908,23.0,26.0,27.0,20.0,28.0,26.0,24.0,20.0,25.0,25.0,24.0,20.0,25.0,25.0,23.0,22.0,25.0,23.0,21.0,22.0,22.0,21.0,21.0,21.0,21.0,22.0,22.0,22.0,21.0,22.0,21.0,22.0,22.0,22.0,21.0,21.0,21.0,21.0,10.0,retract,0,0,2.7508
1788795944.2591,2026-09-07 17:45:44.259,8,c1,0,0,-0.04924,-0.4832,0.04767,-4.5478,11.4267,-27.8474,-0.1091,-0.0148,-0.6854,4.69558,23.0,26.0,27.0,20.0,28.0,26.0,24.0,20.0,25.0,25.0,24.0,20.0,25.0,25.0,23.0,22.0,25.0,23.0,21.0,22.0,22.0,21.0,21.0,21.0,21.0,22.0,22.0,22.0,21.0,22.0,21.0,22.0,22.0,22.0,21.0,21.0,21.0,21.0,10.0,retract,0,0,2.7082
1788795944.3092,2026-09-07 17:45:44.309,8,c1,0,0,-0.04924,-0.4832,0.048,-4.4999,11.4884,-28.0692,-0.1123,-0.0156,-0.683,4.70037,20.0,26.0,27.0,21.0,27.0,25.0,24.0,23.0,26.0,26.0,23.0,22.0,26.0,25.0,22.0,23.0,25.0,22.0,21.0,22.0,22.0,21.0,21.0,21.0,21.0,22.0,22.0,22.0,21.0,22.0,21.0,22.0,22.0,22.0,21.0,21.0,21.0,21.0,10.0,retract,0,0,2.6657
1788795944.3593,2026-09-07 17:45:44.359,8,c1,0,0,-0.04923,-0.48319,0.04833,-4.8757,11.4924,-27.8922,-0.1103,-0.0258,-0.688,4.69483,20.0,26.0,27.0,21.0,27.0,25.0,24.0,23.0,26.0,26.0,23.0,22.0,26.0,25.0,22.0,23.0,25.0,22.0,21.0,22.0,22.0,21.0,21.0,21.0,21.0,22.0,22.0,22.0,21.0,22.0,21.0,22.0,22.0,22.0,21.0,21.0,21.0,21.0,10.0,retract,0,0,2.7149
1788795944.4096,2026-09-07 17:45:44.409,8,c1,0,0,-0.04922,-0.48319,0.04866,-4.7538,11.7304,-28.061,-0.1139,-0.0209,-0.6865,4.6981,25.0,26.0,27.0,23.0,28.0,26.0,25.0,19.0,24.0,25.0,24.0,19.0,24.0,23.0,22.0,21.0,24.0,23.0,20.0,22.0,22.0,21.0,21.0,21.0,21.0,22.0,22.0,22.0,21.0,22.0,21.0,22.0,22.0,22.0,21.0,21.0,21.0,21.0,10.0,retract,0,0,2.6858
1788795944.4596,2026-09-07 17:45:44.459,8,c1,0,0,-0.04922,-0.4832,0.04899,-4.9988,11.7798,-27.9835,-0.1184,-0.0258,-0.6865,4.70137,25.0,26.0,27.0,23.0,28.0,26.0,25.0,19.0,24.0,25.0,24.0,19.0,24.0,23.0,22.0,21.0,24.0,23.0,20.0,22.0,22.0,21.0,21.0,21.0,21.0,22.0,22.0,22.0,21.0,22.0,21.0,22.0,22.0,22.0,21.0,21.0,21.0,21.0,10.0,retract,0,0,2.6567
1788795944.5097,2026-09-07 17:45:44.509,8,c1,0,0,-0.04922,-0.4832,0.04929,-5.0598,11.9576,-27.8944,-0.1194,-0.0285,-0.6883,4.69609,21.0,25.0,26.0,20.0,25.0,24.0,24.0,20.0,25.0,26.0,23.0,20.0,25.0,24.0,22.0,20.0,26.0,23.0,20.0,22.0,22.0,21.0,21.0,21.0,21.0,22.0,22.0,22.0,21.0,22.0,21.0,22.0,22.0,22.0,21.0,21.0,21.0,21.0,10.0,retract,0,0,2.7037
1788795944.5598,2026-09-07 17:45:44.559,8,c1,0,0,-0.04924,-0.48321,0.04961,-4.8075,11.5703,-27.8354,-0.1133,-0.0232,-0.6807,4.70087,21.0,26.0,26.0,19.0,26.0,25.0,25.0,17.0,24.0,24.0,24.0,17.0,25.0,23.0,22.0,19.0,24.0,22.0,20.0,22.0,22.0,21.0,21.0,21.0,21.0,22.0,22.0,22.0,21.0,22.0,21.0,22.0,22.0,22.0,21.0,21.0,21.0,21.0,10.0,retract,0,0,2.6612
1788795944.6099,2026-09-07 17:45:44.609,8,c1,0,0,-0.04925,-0.4832,0.04983,-4.775,11.6835,-27.8879,-0.1164,-0.0229,-0.6819,4.69785,21.0,26.0,26.0,19.0,26.0,25.0,25.0,17.0,24.0,24.0,24.0,17.0,25.0,23.0,22.0,19.0,24.0,22.0,20.0,22.0,22.0,21.0,21.0,21.0,21.0,22.0,22.0,22.0,21.0,22.0,21.0,22.0,22.0,22.0,21.0,21.0,21.0,21.0,10.0,retract,0,0,2.6881
1788795944.66,2026-09-07 17:45:44.660,8,c1,0,0,-0.04924,-0.48321,0.05006,-5.0414,11.6748,-27.8639,-0.1107,-0.0296,-0.6894,4.69382,18.0,24.0,26.0,17.0,25.0,24.0,25.0,20.0,24.0,25.0,23.0,20.0,25.0,24.0,22.0,21.0,25.0,23.0,20.0,22.0,22.0,21.0,21.0,21.0,21.0,22.0,22.0,22.0,21.0,22.0,21.0,22.0,22.0,22.0,21.0,21.0,21.0,21.0,10.0,retract,0,0,2.7239
1788795944.7101,2026-09-07 17:45:44.710,8,c1,0,0,-0.04923,-0.48321,0.05023,-4.8225,11.1935,-27.8855,-0.102,-0.0205,-0.6861,4.69936,18.0,24.0,26.0,17.0,25.0,24.0,25.0,20.0,24.0,25.0,23.0,20.0,25.0,24.0,22.0,21.0,25.0,23.0,20.0,22.0,22.0,21.0,21.0,21.0,21.0,22.0,22.0,22.0,21.0,22.0,21.0,22.0,22.0,22.0,21.0,21.0,21.0,21.0,10.0,retract,0,0,2.6746
1788795944.7602,2026-09-07 17:45:44.760,8,c1,0,0,-0.04923,-0.48321,0.05034,-4.8614,11.5912,-28.0927,-0.1133,-0.0238,-0.6797,4.69231,19.0,24.0,26.0,21.0,25.0,26.0,24.0,21.0,23.0,26.0,23.0,20.0,24.0,25.0,22.0,22.0,26.0,22.0,19.0,22.0,22.0,21.0,21.0,21.0,21.0,22.0,22.0,22.0,21.0,22.0,21.0,22.0,22.0,22.0,21.0,21.0,21.0,21.0,10.0,retract,0,0,2.7373
1788795944.8103,2026-09-07 17:45:44.810,8,c1,0,0,-0.04923,-0.4832,0.05042,-4.5891,11.577,-28.0205,-0.1117,-0.0156,-0.6822,4.69684,20.0,25.0,26.0,20.0,25.0,25.0,24.0,20.0,22.0,25.0,23.0,20.0,24.0,22.0,22.0,21.0,25.0,22.0,20.0,22.0,22.0,21.0,21.0,21.0,21.0,22.0,22.0,22.0,21.0,22.0,21.0,22.0,22.0,22.0,21.0,21.0,21.0,21.0,10.0,retract,0,0,2.697
1788795944.8605,2026-09-07 17:45:44.860,8,c1,0,0,-0.04922,-0.48319,0.05048,-4.8877,11.8477,-27.9268,-0.1215,-0.0244,-0.6878,4.69206,20.0,25.0,26.0,20.0,25.0,25.0,24.0,20.0,22.0,25.0,23.0,20.0,24.0,22.0,22.0,21.0,25.0,22.0,20.0,22.0,22.0,21.0,21.0,21.0,21.0,22.0,22.0,22.0,21.0,22.0,21.0,22.0,22.0,22.0,21.0,21.0,21.0,21.0,10.0,retract,0,0,2.7396
1788795944.9106,2026-09-07 17:45:44.910,8,c1,0,0,-0.04922,-0.48319,0.05052,-4.7227,11.5714,-28.092,-0.1145,-0.0225,-0.6842,4.69483,23.0,23.0,25.0,22.0,24.0,24.0,23.0,21.0,22.0,25.0,24.0,21.0,23.0,24.0,23.0,22.0,24.0,24.0,22.0,22.0,22.0,21.0,21.0,21.0,21.0,22.0,22.0,22.0,21.0,22.0,21.0,22.0,22.0,22.0,21.0,21.0,21.0,21.0,10.0,retract,0,0,2.7149
1788795944.9607,2026-09-07 17:45:44.960,8,c1,0,0,-0.04923,-0.48318,0.05054,-4.7056,11.3613,-27.9558,-0.1058,-0.0207,-0.6869,4.69583,23.0,23.0,25.0,22.0,24.0,24.0,23.0,21.0,22.0,25.0,24.0,21.0,23.0,24.0,23.0,22.0,24.0,24.0,22.0,22.0,22.0,21.0,21.0,21.0,21.0,22.0,22.0,22.0,21.0,22.0,21.0,22.0,22.0,22.0,21.0,21.0,21.0,21.0,10.0,post,0,0,2.706
1788795945.0108,2026-09-07 17:45:45.010,8,c1,0,0,-0.04924,-0.48319,0.05057,-4.8684,11.6591,-27.9651,-0.1155,-0.0256,-0.6888,4.69407,22.0,24.0,26.0,22.0,24.0,25.0,24.0,21.0,23.0,26.0,24.0,21.0,23.0,23.0,22.0,22.0,25.0,22.0,22.0,22.0,22.0,21.0,21.0,21.0,21.0,22.0,22.0,22.0,21.0,22.0,21.0,22.0,22.0,22.0,21.0,21.0,21.0,21.0,10.0,post,0,0,2.7217
1788795945.0609,2026-09-07 17:45:45.060,8,c1,0,0,-0.04924,-0.48321,0.0506,-4.9194,11.7988,-27.8492,-0.1195,-0.0267,-0.6952,4.6976,22.0,23.0,26.0,19.0,24.0,24.0,23.0,22.0,23.0,26.0,23.0,22.0,24.0,24.0,22.0,22.0,25.0,23.0,21.0,22.0,22.0,21.0,21.0,21.0,21.0,22.0,22.0,22.0,21.0,22.0,21.0,22.0,22.0,22.0,21.0,21.0,21.0,21.0,10.0,post,0,0,2.6903
1788795945.111,2026-09-07 17:45:45.111,8,c1,0,0,-0.04924,-0.48321,0.05061,-5.0838,11.6425,-27.6451,-0.1158,-0.0299,-0.6896,4.69332,22.0,23.0,26.0,19.0,24.0,24.0,23.0,22.0,23.0,26.0,23.0,22.0,24.0,24.0,22.0,22.0,25.0,23.0,21.0,22.0,22.0,21.0,21.0,21.0,21.0,22.0,22.0,22.0,21.0,22.0,21.0,22.0,22.0,22.0,21.0,21.0,21.0,21.0,10.0,post,0,0,2.7284
1788795945.1612,2026-09-07 17:45:45.161,8,c1,0,0,-0.04923,-0.4832,0.05061,-4.5556,11.7784,-27.8019,-0.1204,-0.0176,-0.6854,4.69785,24.0,24.0,25.0,22.0,25.0,24.0,23.0,21.0,25.0,24.0,23.0,20.0,25.0,24.0,21.0,21.0,24.0,23.0,22.0,22.0,22.0,21.0,21.0,21.0,21.0,22.0,22.0,22.0,21.0,22.0,21.0,22.0,22.0,22.0,21.0,21.0,21.0,21.0,10.0,post,0,0,2.6881
