timestamp,datetime,ur5_point,ur5_label,ur5_pressing,ur5_done,tcp_x,tcp_y,tcp_z,fx,fy,fz,tx,ty,tz,ai0,cell_1,cell_2,cell_3,cell_4,cell_5,cell_6,cell_7,cell_8,cell_9,cell_10,cell_11,cell_12,cell_13,cell_14,cell_15,cell_16,cell_17,cell_18,cell_19,calib_1,calib_2,calib_3,calib_4,calib_5,calib_6,calib_7,calib_8,calib_9,calib_10,calib_11,calib_12,calib_13,calib_14,calib_15,calib_16,calib_17,calib_18,calib_19,depth_mm,phase,round_idx,sample_idx,load_cell_N
1788791610.6267,2026-09-07 16:33:30.626,,,0,0,-0.04008,-0.49555,0.07977,-6.0498,11.8981,-23.59,-0.1108,-0.0277,-0.581,4.69785,24.0,22.0,23.0,23.0,21.0,21.0,21.0,24.0,21.0,21.0,22.0,24.0,23.0,19.0,23.0,23.0,20.0,20.0,23.0,21.0,21.0,22.0,20.0,20.0,21.0,22.0,21.0,21.0,22.0,22.0,20.0,21.0,22.0,22.0,21.0,22.0,23.0,21.0,0.0,,-1,-1,2.6881
1788791610.6768,2026-09-07 16:33:30.676,,,0,0,-0.0401,-0.49554,0.07974,-6.414,12.4665,-23.6108,-0.1282,-0.0376,-0.5842,4.69609,25.0,23.0,21.0,24.0,21.0,20.0,23.0,23.0,22.0,22.0,20.0,23.0,23.0,21.0,19.0,22.0,21.0,19.0,22.0,21.0,21.0,22.0,20.0,20.0,21.0,22.0,21.0,21.0,22.0,22.0,20.0,21.0,22.0,22.0,21.0,22.0,23.0,21.0,0.0,,-1,-1,2.7037
1788791610.727,2026-09-07 16:33:30.727,,,0,0,-0.04007,-0.49555,0.07974,-6.0628,12.2385,-23.5219,-0.1231,-0.0275,-0.578,4.69382,25.0,23.0,21.0,24.0,21.0,20.0,23.0,23.0,22.0,22.0,20.0,23.0,23.0,21.0,19.0,22.0,21.0,19.0,22.0,21.0,21.0,22.0,20.0,20.0,21.0,22.0,21.0,21.0,22.0,22.0,20.0,21.0,22.0,22.0,21.0,22.0,23.0,21.0,0.0,,-1,-1,2.7239
1788791610.7771,2026-09-07 16:33:30.777,,,0,0,-0.04006,-0.49557,0.07975,-6.563,12.4559,-23.3894,-0.1299,-0.0418,-0.5687,4.6981,23.0,22.0,22.0,22.0,21.0,22.0,20.0,23.0,21.0,21.0,20.0,23.0,23.0,21.0,18.0,23.0,21.0,18.0,24.0,21.0,21.0,22.0,20.0,20.0,21.0,22.0,21.0,21.0,22.0,22.0,20.0,21.0,22.0,22.0,21.0,22.0,23.0,21.0,0.0,,-1,-1,2.6858
1788791610.8273,2026-09-07 16:33:30.827,,,0,0,-0.04003,-0.49559,0.07977,-5.8473,11.7747,-23.3718,-0.111,-0.0217,-0.5558,4.69004,23.0,22.0,22.0,22.0,21.0,22.0,20.0,23.0,21.0,21.0,20.0,23.0,23.0,21.0,18.0,23.0,21.0,18.0,24.0,21.0,21.0,22.0,20.0,20.0,21.0,22.0,21.0,21.0,22.0,22.0,20.0,21.0,22.0,22.0,21.0,22.0,23.0,21.0,0.0,,-1,-1,2.7575
1788791610.8774,2026-09-07 16:33:30.877,,,0,0,-0.04004,-0.4956,0.07978,-6.11,12.3294,-23.5467,-0.1231,-0.0284,-0.5565,4.69407,23.0,22.0,21.0,22.0,20.0,21.0,21.0,24.0,21.0,21.0,20.0,24.0,24.0,20.0,19.0,24.0,21.0,19.0,24.0,21.0,21.0,22.0,20.0,20.0,21.0,22.0,21.0,21.0,22.0,22.0,20.0,21.0,22.0,22.0,21.0,22.0,23.0,21.0,0.0,,-1,-1,2.7217
1788791610.9276,2026-09-07 16:33:30.927,,,0,0,-0.04003,-0.49561,0.07979,-6.3265,12.1366,-23.642,-0.1219,-0.0341,-0.5551,4.69986,23.0,22.0,21.0,22.0,20.0,21.0,21.0,24.0,21.0,21.0,20.0,24.0,24.0,20.0,19.0,24.0,21.0,19.0,24.0,21.0,21.0,22.0,20.0,20.0,21.0,22.0,21.0,21.0,22.0,22.0,20.0,21.0,22.0,22.0,21.0,22.0,23.0,21.0,0.0,,-1,-1,2.6701
1788791610.9777,2026-09-07 16:33:30.977,,,0,0,-0.04004,-0.4956,0.07979,-5.8301,11.8469,-23.7243,-0.114,-0.0219,-0.5409,4.69382,24.0,22.0,21.0,24.0,22.0,21.0,21.0,24.0,21.0,21.0,19.0,23.0,22.0,20.0,20.0,22.0,21.0,20.0,21.0,21.0,21.0,22.0,20.0,20.0,21.0,22.0,21.0,21.0,22.0,22.0,20.0,21.0,22.0,22.0,21.0,22.0,23.0,21.0,0.0,,-1,-1,2.7239
1788791611.0278,2026-09-07 16:33:31.027,,,0,0,-0.04005,-0.4956,0.07981,-5.7991,12.2428,-23.6587,-0.1242,-0.0243,-0.548,4.70213,25.0,21.0,22.0,24.0,21.0,21.0,22.0,24.0,20.0,21.0,21.0,25.0,22.0,21.0,19.0,24.0,21.0,20.0,24.0,21.0,21.0,22.0,20.0,20.0,21.0,22.0,21.0,21.0,22.0,22.0,20.0,21.0,22.0,22.0,21.0,22.0,23.0,21.0,0.0,,-1,-1,2.65
1788791611.078,2026-09-07 16:33:31.077,,,0,0,-0.04005,-0.49561,0.0798,-5.9743,12.3182,-23.7235,-0.1265,-0.0242,-0.545,4.69231,25.0,21.0,22.0,24.0,21.0,21.0,22.0,24.0,20.0,21.0,21.0,25.0,22.0,21.0,19.0,24.0,21.0,20.0,24.0,21.0,21.0,22.0,20.0,20.0,21.0,22.0,21.0,21.0,22.0,22.0,20.0,21.0,22.0,22.0,21.0,22.0,23.0,21.0,0.0,,-1,-1,2.7373
1788791611.1281,2026-09-07 16:33:31.128,,,0,0,-0.04004,-0.49562,0.07983,-6.1939,12.3497,-23.8074,-0.1248,-0.0315,-0.5445,4.70213,25.0,23.0,22.0,24.0,20.0,21.0,21.0,25.0,20.0,23.0,20.0,24.0,22.0,21.0,19.0,24.0,21.0,21.0,26.0,21.0,21.0,22.0,20.0,20.0,21.0,22.0,21.0,21.0,22.0,22.0,20.0,21.0,22.0,22.0,21.0,22.0,23.0,21.0,0.0,,-1,-1,2.65
1788791611.1782,2026-09-07 16:33:31.178,,,0,0,-0.04002,-0.4956,0.07979,-5.9732,12.3764,-23.7122,-0.1261,-0.0242,-0.5369,4.70087,25.0,23.0,22.0,24.0,20.0,21.0,21.0,25.0,20.0,23.0,20.0,24.0,22.0,21.0,19.0,24.0,21.0,21.0,26.0,21.0,21.0,22.0,20.0,20.0,21.0,22.0,21.0,21.0,22.0,22.0,20.0,21.0,22.0,22.0,21.0,22.0,23.0,21.0,0.0,,-1,-1,2.6612
1788791611.2283,2026-09-07 16:33:31.228,,,0,0,-0.04005,-0.4956,0.0798,-6.3749,12.0863,-23.7887,-0.122,-0.036,-0.5382,4.69785,26.0,21.0,22.0,24.0,19.0,21.0,22.0,23.0,19.0,22.0,20.0,22.0,21.0,21.0,18.0,24.0,22.0,19.0,21.0,21.0,21.0,22.0,20.0,20.0,21.0,22.0,21.0,21.0,22.0,22.0,20.0,21.0,22.0,22.0,21.0,22.0,23.0,21.0,0.0,,-1,-1,2.6881
1788791611.2804,2026-09-07 16:33:31.280,,,0,0,-0.04004,-0.49559,0.07979,-5.9281,12.4187,-23.6092,-0.1302,-0.0262,-0.5341,4.69382,24.0,20.0,22.0,22.0,19.0,22.0,21.0,23.0,22.0,22.0,21.0,24.0,21.0,21.0,20.0,23.0,21.0,20.0,23.0,21.0,21.0,22.0,20.0,20.0,21.0,22.0,21.0,21.0,22.0,22.0,20.0,21.0,22.0,22.0,21.0,22.0,23.0,21.0,0.0,,-1,-1,2.7239
1788791611.3305,2026-09-07 16:33:31.330,,,0,0,-0.04005,-0.4956,0.07981,-6.0241,11.8059,-23.6245,-0.114,-0.0262,-0.5244,4.69382,24.0,20.0,22.0,22.0,19.0,22.0,21.0,23.0,22.0,22.0,21.0,24.0,21.0,21.0,20.0,23.0,21.0,20.0,23.0,21.0,21.0,22.0,20.0,20.0,21.0,22.0,21.0,21.0,22.0,22.0,20.0,21.0,22.0,22.0,21.0,22.0,23.0,21.0,0.0,,-1,-1,2.7239
1788791611.3806,2026-09-07 16:33:31.380,,,0,0,-0.04001,-0.49561,0.07981,-6.1815,12.3243,-23.614,-0.1245,-0.0314,-0.5311,4.69055,25.0,22.0,22.0,23.0,21.0,21.0,22.0,20.0,22.0,23.0,20.0,20.0,23.0,20.0,18.0,21.0,21.0,18.0,22.0,21.0,21.0,22.0,20.0,20.0,21.0,22.0,21.0,21.0,22.0,22.0,20.0,21.0,22.0,22.0,21.0,22.0,23.0,21.0,0.0,,-1,-1,2.753
1788791611.4307,2026-09-07 16:33:31.430,,,0,0,-0.04003,-0.49561,0.07981,-5.9774,12.1621,-23.444,-0.1241,-0.0281,-0.5295,4.69432,25.0,22.0,22.0,23.0,21.0,21.0,22.0,20.0,22.0,23.0,20.0,20.0,23.0,20.0,18.0,21.0,21.0,18.0,22.0,21.0,21.0,22.0,20.0,20.0,21.0,22.0,21.0,21.0,22.0,22.0,20.0,21.0,22.0,22.0,21.0,22.0,23.0,21.0,0.0,,-1,-1,2.7194
1788791611.4807,2026-09-07 16:33:31.480,,,0,0,-0.04002,-0.49561,0.07981,-6.0416,12.2873,-23.5269,-0.1274,-0.0287,-0.5299,4.69961,23.0,22.0,23.0,21.0,21.0,22.0,21.0,23.0,21.0,20.0,21.0,23.0,23.0,20.0,20.0,24.0,21.0,21.0,24.0,21.0,21.0,22.0,20.0,20.0,21.0,22.0,21.0,21.0,22.0,22.0,20.0,21.0,22.0,22.0,21.0,22.0,23.0,21.0,0.0,,-1,-1,2.6724
1788791611.5308,2026-09-07 16:33:31.530,,,0,0,-0.04006,-0.49561,0.07982,-6.1293,12.3028,-23.3674,-0.1279,-0.0308,-0.5257,4.69483,25.0,22.0,21.0,24.0,21.0,21.0,21.0,22.0,21.0,23.0,21.0,22.0,23.0,21.0,20.0,21.0,20.0,20.0,22.0,21.0,21.0,22.0,20.0,20.0,21.0,22.0,21.0,21.0,22.0,22.0,20.0,21.0,22.0,22.0,21.0,22.0,23.0,21.0,0.0,,-1,-1,2.7149
1788791611.5809,2026-09-07 16:33:31.580,,,0,0,-0.04006,-0.49561,0.07981,-6.4078,12.5342,-23.4761,-0.1315,-0.0368,-0.5308,4.69659,25.0,22.0,21.0,24.0,21.0,21.0,21.0,22.0,21.0,23.0,21.0,22.0,23.0,21.0,20.0,21.0,20.0,20.0,22.0,21.0,21.0,22.0,20.0,20.0,21.0,22.0,21.0,21.0,22.0,22.0,20.0,21.0,22.0,22.0,21.0,22.0,23.0,21.0,0.0,,-1,-1,2.6993
1788791611.6309,2026-09-07 16:33:31.630,,,0,0,-0.04004,-0.49562,0.07981,-6.2567,12.1472,-23.6015,-0.1243,-0.0332,-0.5309,4.69004,23.0,22.0,22.0,23.0,22.0,23.0,21.0,22.0,22.0,21.0,20.0,23.0,24.0,21.0,21.0,23.0,21.0,21.0,23.0,21.0,21.0,22.0,20.0,20.0,21.0,22.0,21.0,21.0,22.0,22.0,20.0,21.0,22.0,22.0,21.0,22.0,23.0,21.0,0.0,,-1,-1,2.7575
1788791611.681,2026-09-07 16:33:31.680,,,0,0,-0.04004,-0.4956,0.07981,-6.4371,12.5499,-23.6989,-0.133,-0.0376,-0.5293,4.70213,23.0,22.0,22.0,23.0,22.0,23.0,21.0,22.0,22.0,21.0,20.0,23.0,24.0,21.0,21.0,23.0,21.0,21.0,23.0,21.0,21.0,22.0,20.0,20.0,21.0,22.0,21.0,21.0,22.0,22.0,20.0,21.0,22.0,22.0,21.0,22.0,23.0,21.0,0.0,,-1,-1,2.65
1788791611.731,2026-09-07 16:33:31.731,,,0,0,-0.04004,-0.4956,0.07981,-5.9475,12.1803,-23.4738,-0.1256,-0.0261,-0.5223,4.69206,25.0,23.0,21.0,22.0,22.0,21.0,22.0,24.0,19.0,23.0,21.0,23.0,20.0,22.0,20.0,24.0,22.0,21.0,24.0,21.0,21.0,22.0,20.0,20.0,21.0,22.0,21.0,21.0,22.0,22.0,20.0,21.0,22.0,22.0,21.0,22.0,23.0,21.0,0.0,,-1,-1,2.7396
1788791611.7811,2026-09-07 16:33:31.781,,,0,0,-0.04005,-0.49561,0.0798,-6.175,12.1237,-23.3635,-0.1256,-0.0287,-0.5281,4.69432,24.0,20.0,22.0,24.0,19.0,22.0,21.0,22.0,20.0,21.0,20.0,21.0,22.0,21.0,21.0,21.0,21.0,22.0,24.0,21.0,21.0,22.0,20.0,20.0,21.0,22.0,21.0,21.0,22.0,22.0,20.0,21.0,22.0,22.0,21.0,22.0,23.0,21.0,0.0,,-1,-1,2.7194
1788791611.8312,2026-09-07 16:33:31.831,,,0,0,-0.04004,-0.49561,0.07982,-6.2951,12.1981,-23.346,-0.1214,-0.0325,-0.5331,4.69986,24.0,20.0,22.0,24.0,19.0,22.0,21.0,22.0,20.0,21.0,20.0,21.0,22.0,21.0,21.0,21.0,21.0,22.0,24.0,21.0,21.0,22.0,20.0,20.0,21.0,22.0,21.0,21.0,22.0,22.0,20.0,21.0,22.0,22.0,21.0,22.0,23.0,21.0,0.0,,-1,-1,2.6701
1788791611.8812,2026-09-07 16:33:31.881,,,0,0,-0.04003,-0.49561,0.07981,-6.0222,12.0712,-23.4895,-0.1213,-0.0284,-0.5227,4.68979,23.0,21.0,21.0,23.0,20.0,21.0,22.0,24.0,22.0,22.0,22.0,23.0,21.0,21.0,20.0,24.0,22.0,21.0,25.0,21.0,21.0,22.0,20.0,20.0,21.0,22.0,21.0,21.0,22.0,22.0,20.0,21.0,22.0,22.0,21.0,22.0,23.0,21.0,0.0,,-1,-1,2.7597
1788791611.9313,2026-09-07 16:33:31.931,,,0,0,-0.04004,-0.49561,0.0798,-6.1666,12.2038,-23.3955,-0.1256,-0.0273,-0.5223,4.70137,23.0,21.0,21.0,23.0,20.0,21.0,22.0,24.0,22.0,22.0,22.0,23.0,21.0,21.0,20.0,24.0,22.0,21.0,25.0,21.0,21.0,22.0,20.0,20.0,21.0,22.0,21.0,21.0,22.0,22.0,20.0,21.0,22.0,22.0,21.0,22.0,23.0,21.0,0.0,,-1,-1,2.6567
1788791611.9814,2026-09-07 16:33:31.981,,,0,0,-0.04002,-0.49561,0.07981,-6.3006,12.2361,-23.5544,-0.126,-0.0339,-0.5224,4.6908,23.0,22.0,21.0,23.0,21.0,21.0,22.0,21.0,22.0,22.0,21.0,20.0,22.0,21.0,20.0,21.0,21.0,21.0,22.0,21.0,21.0,22.0,20.0,20.0,21.0,22.0,21.0,21.0,22.0,22.0,20.0,21.0,22.0,22.0,21.0,22.0,23.0,21.0,0.0,,-1,-1,2.7508
1788791612.0314,2026-09-07 16:33:32.031,,,0,0,-0.04005,-0.49562,0.07982,-6.3991,12.5495,-23.4268,-0.1312,-0.0348,-0.5286,4.68627,23.0,21.0,22.0,21.0,20.0,22.0,22.0,24.0,22.0,21.0,20.0,23.0,22.0,20.0,20.0,24.0,20.0,19.0,25.0,21.0,21.0,22.0,20.0,20.0,21.0,22.0,21.0,21.0,22.0,22.0,20.0,21.0,22.0,22.0,21.0,22.0,23.0,21.0,0.0,,-1,-1,2.7911
1788791612.0815,2026-09-07 16:33:32.081,,,0,0,-0.04006,-0.49561,0.07982,-6.4436,12.2414,-23.373,-0.1252,-0.0375,-0.5213,4.69306,23.0,21.0,22.0,21.0,20.0,22.0,22.0,24.0,22.0,21.0,20.0,23.0,22.0,20.0,20.0,24.0,20.0,19.0,25.0,21.0,21.0,22.0,20.0,20.0,21.0,22.0,21.0,21.0,22.0,22.0,20.0,21.0,22.0,22.0,21.0,22.0,23.0,21.0,0.0,,-1,-1,2.7306
1788791612.1315,2026-09-07 16:33:32.131,,,0,0,-0.04002,-0.49561,0.07981,-6.4704,12.4846,-23.3547,-0.1332,-0.039,-0.521,4.70188,24.0,21.0,21.0,24.0,21.0,21.0,21.0,23.0,21.0,21.0,20.0,22.0,23.0,20.0,19.0,23.0,21.0,19.0,24.0,21.0,21.0,22.0,20.0,20.0,21.0,22.0,21.0,21.0,22.0,22.0,20.0,21.0,22.0,22.0,21.0,22.0,23.0,21.0,0.0,,-1,-1,2.6522
1788791612.1816,2026-09-07 16:33:32.181,,,0,0,-0.04004,-0.4956,0.07982,-6.285,12.2073,-23.259,-0.1256,-0.033,-0.5236,4.70188,24.0,21.0,21.0,24.0,21.0,21.0,21.0,23.0,21.0,21.0,20.0,22.0,23.0,20.0,19.0,23.0,21.0,19.0,24.0,21.0,21.0,22.0,20.0,20.0,21.0,22.0,21.0,21.0,22.0,22.0,20.0,21.0,22.0,22.0,21.0,22.0,23.0,21.0,0.0,,-1,-1,2.6522
1788791612.2317,2026-09-07 16:33:32.231,,,0,0,-0.04005,-0.4956,0.07981,-6.1218,12.4012,-23.4007,-0.1325,-0.0298,-0.5188,4.69458,23.0,22.0,21.0,22.0,21.0,20.0,20.0,22.0,22.0,22.0,20.0,23.0,23.0,20.0,20.0,24.0,21.0,20.0,25.0,21.0,21.0,22.0,20.0,20.0,21.0,22.0,21.0,21.0,22.0,22.0,20.0,21.0,22.0,22.0,21.0,22.0,23.0,21.0,0.0,,-1,-1,2.7172
1788791612.2818,2026-09-07 16:33:32.281,,,0,0,-0.04004,-0.4956,0.0798,-6.3563,12.4014,-23.6323,-0.1306,-0.0366,-0.5224,4.70414,23.0,22.0,21.0,22.0,21.0,20.0,20.0,22.0,22.0,22.0,20.0,23.0,23.0,20.0,20.0,24.0,21.0,20.0,25.0,21.0,21.0,22.0,20.0,20.0,21.0,22.0,21.0,21.0,22.0,22.0,20.0,21.0,22.0,22.0,21.0,22.0,23.0,21.0,0.0,,-1,-1,2.6321
1788791612.3319,2026-09-07 16:33:32.331,,,0,0,-0.04005,-0.49561,0.07981,-6.3382,12.3291,-23.4054,-0.1291,-0.038,-0.5216,4.69281,23.0,21.0,22.0,24.0,22.0,22.0,21.0,24.0,22.0,23.0,20.0,24.0,22.0,21.0,19.0,24.0,22.0,20.0,24.0,21.0,21.0,22.0,20.0,20.0,21.0,22.0,21.0,21.0,22.0,22.0,20.0,21.0,22.0,22.0,21.0,22.0,23.0,21.0,0.0,,-1,-1,2.7329
1788791612.3819,2026-09-07 16:33:32.381,,,0,0,-0.04004,-0.49561,0.0798,-6.2013,12.342,-23.2738,-0.1297,-0.0296,-0.5177,4.69105,25.0,21.0,22.0,24.0,22.0,22.0,21.0,24.0,21.0,23.0,19.0,23.0,22.0,21.0,19.0,23.0,22.0,19.0,23.0,21.0,21.0,22.0,20.0,20.0,21.0,22.0,21.0,21.0,22.0,22.0,20.0,21.0,22.0,22.0,21.0,22.0,23.0,21.0,0.0,,-1,-1,2.7485
1788791612.432,2026-09-07 16:33:32.432,,,0,0,-0.04003,-0.49561,0.07982,-6.0504,12.2036,-23.3903,-0.1247,-0.03,-0.5119,4.69508,25.0,21.0,22.0,24.0,22.0,22.0,21.0,24.0,21.0,23.0,19.0,23.0,22.0,21.0,19.0,23.0,22.0,19.0,23.0,21.0,21.0,22.0,20.0,20.0,21.0,22.0,21.0,21.0,22.0,22.0,20.0,21.0,22.0,22.0,21.0,22.0,23.0,21.0,0.0,,-1,-1,2.7127
1788791612.4821,2026-09-07 16:33:32.482,,,0,0,-0.04005,-0.49561,0.07981,-6.2223,12.3304,-23.4047,-0.132,-0.0327,-0.5096,4.69558,25.0,22.0,22.0,25.0,21.0,23.0,21.0,22.0,20.0,23.0,21.0,22.0,21.0,22.0,21.0,21.0,22.0,21.0,23.0,21.0,21.0,22.0,20.0,20.0,21.0,22.0,21.0,21.0,22.0,22.0,20.0,21.0,22.0,22.0,21.0,22.0,23.0,21.0,0.0,,-1,-1,2.7082
1788791612.5322,2026-09-07 16:33:32.532,,,0,0,-0.04004,-0.49561,0.07981,-6.1509,11.9933,-23.3866,-0.1201,-0.0306,-0.5179,4.69886,25.0,22.0,22.0,25.0,21.0,23.0,21.0,22.0,20.0,23.0,21.0,22.0,21.0,22.0,21.0,21.0,22.0,21.0,23.0,21.0,21.0,22.0,20.0,20.0,21.0,22.0,21.0,21.0,22.0,22.0,20.0,21.0,22.0,22.0,21.0,22.0,23.0,21.0,0.0,,-1,-1,2.6791
1788791612.5823,2026-09-07 16:33:32.582,,,0,0,-0.04003,-0.49561,0.0798,-5.9405,12.1449,-23.4463,-0.1255,-0.0252,-0.5077,4.70062,24.0,21.0,23.0,22.0,20.0,23.0,21.0,23.0,21.0,22.0,21.0,23.0,21.0,21.0,21.0,22.0,22.0,22.0,22.0,21.0,21.0,22.0,20.0,20.0,21.0,22.0,21.0,21.0,22.0,22.0,20.0,21.0,22.0,22.0,21.0,22.0,23.0,21.0,0.0,,-1,-1,2.6634
1788791612.6324,2026-09-07 16:33:32.632,,,0,0,-0.04005,-0.49561,0.07981,-6.3099,12.1765,-23.3266,-0.1231,-0.0332,-0.5185,4.69256,23.0,21.0,21.0,23.0,20.0,21.0,23.0,21.0,20.0,21.0,20.0,21.0,21.0,20.0,19.0,21.0,21.0,20.0,22.0,21.0,21.0,22.0,20.0,20.0,21.0,22.0,21.0,21.0,22.0,22.0,20.0,21.0,22.0,22.0,21.0,22.0,23.0,21.0,0.0,,-1,-1,2.7351
1788791612.6825,2026-09-07 16:33:32.682,,,0,0,-0.04005,-0.4956,0.07981,-6.6374,12.457,-23.2314,-0.1269,-0.0398,-0.5178,4.69961,23.0,21.0,21.0,23.0,20.0,21.0,23.0,21.0,20.0,21.0,20.0,21.0,21.0,20.0,19.0,21.0,21.0,20.0,22.0,21.0,21.0,22.0,20.0,20.0,21.0,22.0,21.0,21.0,22.0,22.0,20.0,21.0,22.0,22.0,21.0,22.0,23.0,21.0,0.0,,-1,-1,2.6724
1788791612.7326,2026-09-07 16:33:32.732,,,0,0,-0.04001,-0.4956,0.07981,-6.0817,12.1533,-23.3079,-0.1189,-0.0306,-0.5154,4.68274,21.0,21.0,21.0,21.0,21.0,21.0,21.0,21.0,21.0,22.0,20.0,21.0,22.0,23.0,19.0,21.0,23.0,20.0,21.0,21.0,21.0,22.0,20.0,20.0,21.0,22.0,21.0,21.0,22.0,22.0,20.0,21.0,22.0,22.0,21.0,22.0,23.0,21.0,0.0,,-1,-1,2.8225
1788791612.7827,2026-09-07 16:33:32.782,,,0,0,-0.04003,-0.4956,0.07981,-6.2009,12.1309,-23.4387,-0.1229,-0.0312,-0.5137,4.69835,21.0,21.0,21.0,21.0,21.0,21.0,21.0,21.0,21.0,22.0,20.0,21.0,22.0,23.0,19.0,21.0,23.0,20.0,21.0,21.0,21.0,22.0,20.0,20.0,21.0,22.0,21.0,21.0,22.0,22.0,20.0,21.0,22.0,22.0,21.0,22.0,23.0,21.0,0.0,,-1,-1,2.6836
1788791612.8328,2026-09-07 16:33:32.832,,,0,0,-0.04004,-0.49561,0.0798,-6.1874,12.2893,-23.1539,-0.1289,-0.0272,-0.5113,4.69357,23.0,22.0,23.0,21.0,22.0,23.0,21.0,20.0,21.0,22.0,21.0,20.0,22.0,20.0,21.0,21.0,21.0,20.0,22.0,21.0,21.0,22.0,20.0,20.0,21.0,22.0,21.0,21.0,22.0,22.0,20.0,21.0,22.0,22.0,21.0,22.0,23.0,21.0,0.0,,-1,-1,2.7261
1788791612.883,2026-09-07 16:33:32.882,,,0,0,-0.04004,-0.49561,0.0798,-6.2095,12.4282,-23.2108,-0.1306,-0.0304,-0.5111,4.69634,23.0,21.0,22.0,22.0,20.0,21.0,22.0,23.0,19.0,22.0,20.0,22.0,20.0,21.0,19.0,22.0,22.0,20.0,23.0,21.0,21.0,22.0,20.0,20.0,21.0,22.0,21.0,21.0,22.0,22.0,20.0,21.0,22.0,22.0,21.0,22.0,23.0,21.0,0.0,,-1,-1,2.7015
1788791612.9331,2026-09-07 16:33:32.933,,,0,0,-0.04003,-0.49562,0.07982,-5.8733,12.2492,-23.2964,-0.1291,-0.0223,-0.5141,4.70062,23.0,21.0,22.0,22.0,20.0,21.0,22.0,23.0,19.0,22.0,20.0,22.0,20.0,21.0,19.0,22.0,22.0,20.0,23.0,21.0,21.0,22.0,20.0,20.0,21.0,22.0,21.0,21.0,22.0,22.0,20.0,21.0,22.0,22.0,21.0,22.0,23.0,21.0,0.0,,-1,-1,2.6634
1788791612.9832,2026-09-07 16:33:32.983,,,0,0,-0.04004,-0.49562,0.07982,-5.9812,12.1153,-23.335,-0.123,-0.0235,-0.5116,4.68803,23.0,20.0,21.0,23.0,20.0,20.0,20.0,19.0,21.0,23.0,20.0,19.0,23.0,22.0,18.0,19.0,23.0,21.0,20.0,21.0,21.0,22.0,20.0,20.0,21.0,22.0,21.0,21.0,22.0,22.0,20.0,21.0,22.0,22.0,21.0,22.0,23.0,21.0,0.0,,-1,-1,2.7754
1788791613.0333,2026-09-07 16:33:33.033,,,0,0,-0.04004,-0.4956,0.07979,-6.4053,12.6134,-23.3475,-0.1336,-0.0371,-0.5138,4.69835,23.0,20.0,21.0,23.0,20.0,20.0,20.0,19.0,21.0,23.0,20.0,19.0,23.0,22.0,18.0,19.0,23.0,21.0,20.0,21.0,21.0,22.0,20.0,20.0,21.0,22.0,21.0,21.0,22.0,22.0,20.0,21.0,22.0,22.0,21.0,22.0,23.0,21.0,0.0,,-1,-1,2.6836
1788791613.0834,2026-09-07 16:33:33.083,,,0,0,-0.04004,-0.4956,0.0798,-6.2126,12.0931,-23.2263,-0.1192,-0.0301,-0.5036,4.69155,21.0,21.0,22.0,19.0,21.0,24.0,20.0,23.0,20.0,22.0,19.0,21.0,22.0,21.0,19.0,23.0,22.0,19.0,22.0,21.0,21.0,22.0,20.0,20.0,21.0,22.0,21.0,21.0,22.0,22.0,20.0,21.0,22.0,22.0,21.0,22.0,23.0,21.0,0.0,,-1,-1,2.7441
1788791613.1335,2026-09-07 16:33:33.133,,,0,0,-0.04005,-0.4956,0.07981,-6.1418,12.5311,-23.3808,-0.1337,-0.0293,-0.5077,4.69684,24.0,22.0,22.0,23.0,20.0,21.0,20.0,23.0,21.0,23.0,18.0,22.0,22.0,22.0,17.0,22.0,22.0,18.0,21.0,21.0,21.0,22.0,20.0,20.0,21.0,22.0,21.0,21.0,22.0,22.0,20.0,21.0,22.0,22.0,21.0,22.0,23.0,21.0,0.0,,-1,-1,2.697
1788791613.1836,2026-09-07 16:33:33.183,,,0,0,-0.04004,-0.49559,0.07979,-6.4886,12.4108,-23.3321,-0.1269,-0.0407,-0.5104,4.6976,24.0,22.0,22.0,23.0,20.0,21.0,20.0,23.0,21.0,23.0,18.0,22.0,22.0,22.0,17.0,22.0,22.0,18.0,21.0,21.0,21.0,22.0,20.0,20.0,21.0,22.0,21.0,21.0,22.0,22.0,20.0,21.0,22.0,22.0,21.0,22.0,23.0,21.0,0.0,,-1,-1,2.6903
1788791613.2337,2026-09-07 16:33:33.233,,,0,0,-0.04006,-0.49561,0.07981,-6.4042,12.4584,-23.3113,-0.1363,-0.0361,-0.5118,4.69181,24.0,21.0,22.0,22.0,20.0,21.0,19.0,24.0,21.0,23.0,20.0,23.0,21.0,23.0,19.0,24.0,23.0,18.0,24.0,21.0,21.0,22.0,20.0,20.0,21.0,22.0,21.0,21.0,22.0,22.0,20.0,21.0,22.0,22.0,21.0,22.0,23.0,21.0,0.0,,-1,-1,2.7418
1788791613.2838,2026-09-07 16:33:33.283,,,0,0,-0.04004,-0.4956,0.07981,-5.9531,12.1307,-23.3225,-0.1237,-0.0231,-0.5098,4.69583,24.0,21.0,22.0,22.0,20.0,21.0,19.0,24.0,21.0,23.0,20.0,23.0,21.0,23.0,19.0,24.0,23.0,18.0,24.0,21.0,21.0,22.0,20.0,20.0,21.0,22.0,21.0,21.0,22.0,22.0,20.0,21.0,22.0,22.0,21.0,22.0,23.0,21.0,0.0,,-1,-1,2.706
1788791613.334,2026-09-07 16:33:33.333,,,0,0,-0.04003,-0.49562,0.07982,-6.2404,12.1414,-23.2699,-0.1249,-0.0284,-0.5085,4.6908,24.0,22.0,22.0,23.0,20.0,23.0,20.0,22.0,20.0,21.0,20.0,21.0,23.0,20.0,19.0,21.0,22.0,20.0,22.0,21.0,21.0,22.0,20.0,20.0,21.0,22.0,21.0,21.0,22.0,22.0,20.0,21.0,22.0,22.0,21.0,22.0,23.0,21.0,0.0,,-1,-1,2.7508
1788791613.3841,2026-09-07 16:33:33.384,,,0,0,-0.04005,-0.4956,0.0798,-6.1332,12.4232,-23.3825,-0.1311,-0.0268,-0.511,4.70011,24.0,22.0,22.0,23.0,20.0,23.0,20.0,22.0,20.0,21.0,20.0,21.0,23.0,20.0,19.0,21.0,22.0,20.0,22.0,21.0,21.0,22.0,20.0,20.0,21.0,22.0,21.0,21.0,22.0,22.0,20.0,21.0,22.0,22.0,21.0,22.0,23.0,21.0,0.0,,-1,-1,2.6679
1788791613.4343,2026-09-07 16:33:33.434,,,0,0,-0.04004,-0.4956,0.07979,-6.1513,11.9019,-23.3768,-0.1193,-0.0257,-0.5102,4.69155,23.0,23.0,23.0,21.0,22.0,21.0,21.0,21.0,20.0,22.0,19.0,20.0,21.0,21.0,18.0,21.0,21.0,20.0,22.0,21.0,21.0,22.0,20.0,20.0,21.0,22.0,21.0,21.0,22.0,22.0,20.0,21.0,22.0,22.0,21.0,22.0,23.0,21.0,0.0,,-1,-1,2.7441
1788791613.4845,2026-09-07 16:33:33.484,,,0,0,-0.04004,-0.49561,0.07982,-6.0472,11.7098,-23.6177,-0.113,-0.0227,-0.5023,4.69835,25.0,21.0,21.0,22.0,20.0,21.0,20.0,22.0,22.0,22.0,22.0,21.0,23.0,21.0,21.0,22.0,23.0,21.0,22.0,21.0,21.0,22.0,20.0,20.0,21.0,22.0,21.0,21.0,22.0,22.0,20.0,21.0,22.0,22.0,21.0,22.0,23.0,21.0,0.0,,-1,-1,2.6836
1788791613.5346,2026-09-07 16:33:33.534,,,0,0,-0.04005,-0.49561,0.0798,-6.0705,12.2635,-23.4232,-0.1265,-0.0279,-0.5085,4.69961,25.0,21.0,21.0,22.0,20.0,21.0,20.0,22.0,22.0,22.0,22.0,21.0,23.0,21.0,21.0,22.0,23.0,21.0,22.0,21.0,21.0,22.0,20.0,20.0,21.0,22.0,21.0,21.0,22.0,22.0,20.0,21.0,22.0,22.0,21.0,22.0,23.0,21.0,0.0,,-1,-1,2.6724
1788791613.5847,2026-09-07 16:33:33.584,,,0,0,-0.04004,-0.4956,0.07981,-6.1552,12.4004,-23.4837,-0.1273,-0.0316,-0.5027,4.69181,23.0,21.0,23.0,22.0,21.0,22.0,23.0,21.0,21.0,22.0,20.0,22.0,22.0,22.0,19.0,21.0,22.0,18.0,22.0,21.0,21.0,22.0,20.0,20.0,21.0,22.0,21.0,21.0,22.0,22.0,20.0,21.0,22.0,22.0,21.0,22.0,23.0,21.0,0.0,,-1,-1,2.7418
1788791613.6348,2026-09-07 16:33:33.634,,,0,0,-0.04004,-0.4956,0.07981,-6.1243,12.5083,-23.4274,-0.1349,-0.0299,-0.5027,4.69911,23.0,21.0,23.0,22.0,21.0,22.0,23.0,21.0,21.0,22.0,20.0,22.0,22.0,22.0,19.0,21.0,22.0,18.0,22.0,21.0,21.0,22.0,20.0,20.0,21.0,22.0,21.0,21.0,22.0,22.0,20.0,21.0,22.0,22.0,21.0,22.0,23.0,21.0,0.0,,-1,-1,2.6769
1788791613.685,2026-09-07 16:33:33.685,,,0,0,-0.04005,-0.49562,0.07981,-6.1719,12.17,-23.2788,-0.1247,-0.0273,-0.5085,4.69231,23.0,21.0,21.0,23.0,20.0,21.0,21.0,23.0,22.0,22.0,21.0,23.0,23.0,19.0,20.0,23.0,21.0,20.0,23.0,21.0,21.0,22.0,20.0,20.0,21.0,22.0,21.0,21.0,22.0,22.0,20.0,21.0,22.0,22.0,21.0,22.0,23.0,21.0,0.0,,-1,-1,2.7373
1788791613.7351,2026-09-07 16:33:33.735,,,0,0,-0.04005,-0.4956,0.0798,-6.2095,12.3155,-23.4687,-0.1264,-0.0315,-0.5045,4.69432,25.0,22.0,21.0,23.0,22.0,22.0,22.0,22.0,20.0,22.0,21.0,21.0,21.0,22.0,20.0,21.0,22.0,20.0,21.0,21.0,21.0,22.0,20.0,20.0,21.0,22.0,21.0,21.0,22.0,22.0,20.0,21.0,22.0,22.0,21.0,22.0,23.0,21.0,0.0,,-1,-1,2.7194
1788791613.7853,2026-09-07 16:33:33.785,,,0,0,-0.04003,-0.4956,0.07982,-5.8371,12.3407,-23.5031,-0.1287,-0.0202,-0.5041,4.69055,25.0,22.0,21.0,23.0,22.0,22.0,22.0,22.0,20.0,22.0,21.0,21.0,21.0,22.0,20.0,21.0,22.0,20.0,21.0,21.0,21.0,22.0,20.0,20.0,21.0,22.0,21.0,21.0,22.0,22.0,20.0,21.0,22.0,22.0,21.0,22.0,23.0,21.0,0.0,,-1,-1,2.753
1788791613.8354,2026-09-07 16:33:33.835,,,0,0,-0.04006,-0.49561,0.07982,-6.1909,12.1768,-23.5902,-0.1256,-0.0306,-0.5025,4.6981,22.0,21.0,22.0,20.0,20.0,22.0,21.0,22.0,20.0,22.0,19.0,22.0,22.0,22.0,19.0,22.0,22.0,19.0,23.0,21.0,21.0,22.0,20.0,20.0,21.0,22.0,21.0,21.0,22.0,22.0,20.0,21.0,22.0,22.0,21.0,22.0,23.0,21.0,0.0,,-1,-1,2.6858
1788791613.8855,2026-09-07 16:33:33.885,,,0,0,-0.04005,-0.49559,0.07979,-6.2587,12.5026,-23.3547,-0.1349,-0.032,-0.5004,4.6913,22.0,21.0,22.0,20.0,20.0,22.0,21.0,22.0,20.0,22.0,19.0,22.0,22.0,22.0,19.0,22.0,22.0,19.0,23.0,21.0,21.0,22.0,20.0,20.0,21.0,22.0,21.0,21.0,22.0,22.0,20.0,21.0,22.0,22.0,21.0,22.0,23.0,21.0,0.0,,-1,-1,2.7463
1788791613.9356,2026-09-07 16:33:33.935,,,0,0,-0.04006,-0.49561,0.07982,-6.0313,12.5706,-23.2244,-0.1328,-0.0261,-0.5045,4.70062,23.0,22.0,21.0,22.0,20.0,21.0,20.0,21.0,21.0,21.0,19.0,21.0,21.0,22.0,19.0,24.0,22.0,20.0,22.0,21.0,21.0,22.0,20.0,20.0,21.0,22.0,21.0,21.0,22.0,22.0,20.0,21.0,22.0,22.0,21.0,22.0,23.0,21.0,0.0,,-1,-1,2.6634
1788791613.9857,2026-09-07 16:33:33.985,,,0,0,-0.04005,-0.49559,0.07979,-6.1552,12.3058,-23.2504,-0.1274,-0.0285,-0.5032,4.6913,22.0,22.0,22.0,22.0,20.0,21.0,21.0,21.0,20.0,22.0,19.0,20.0,21.0,22.0,19.0,21.0,22.0,18.0,22.0,21.0,21.0,22.0,20.0,20.0,21.0,22.0,21.0,21.0,22.0,22.0,20.0,21.0,22.0,22.0,21.0,22.0,23.0,21.0,0.0,,-1,-1,2.7463
1788791614.0359,2026-09-07 16:33:34.035,,,0,0,-0.04005,-0.49561,0.07982,-6.2149,12.4234,-23.1396,-0.1316,-0.0294,-0.5088,4.69508,22.0,22.0,22.0,22.0,20.0,21.0,21.0,21.0,20.0,22.0,19.0,20.0,21.0,22.0,19.0,21.0,22.0,18.0,22.0,21.0,21.0,22.0,20.0,20.0,21.0,22.0,21.0,21.0,22.0,22.0,20.0,21.0,22.0,22.0,21.0,22.0,23.0,21.0,0.0,,-1,-1,2.7127
1788791614.086,2026-09-07 16:33:34.086,,,0,0,-0.04005,-0.4956,0.07981,-5.7751,11.9157,-23.4932,-0.1182,-0.022,-0.4985,4.70188,23.0,21.0,21.0,21.0,20.0,21.0,21.0,21.0,19.0,22.0,19.0,20.0,21.0,20.0,20.0,21.0,21.0,20.0,23.0,21.0,21.0,22.0,20.0,20.0,21.0,22.0,21.0,21.0,22.0,22.0,20.0,21.0,22.0,22.0,21.0,22.0,23.0,21.0,0.0,,-1,-1,2.6522
1788791614.1361,2026-09-07 16:33:34.136,,,0,0,-0.04004,-0.49561,0.0798,-6.107,12.3972,-23.4508,-0.1313,-0.0263,-0.5061,4.6908,23.0,21.0,21.0,21.0,20.0,21.0,21.0,21.0,19.0,22.0,19.0,20.0,21.0,20.0,20.0,21.0,21.0,20.0,23.0,21.0,21.0,22.0,20.0,20.0,21.0,22.0,21.0,21.0,22.0,22.0,20.0,21.0,22.0,22.0,21.0,22.0,23.0,21.0,0.0,,-1,-1,2.7508
1788791614.1862,2026-09-07 16:33:34.186,,,0,0,-0.04005,-0.49561,0.07981,-5.6952,12.0645,-23.4638,-0.1221,-0.0178,-0.4978,4.70213,21.0,21.0,21.0,22.0,20.0,21.0,21.0,19.0,20.0,23.0,19.0,19.0,21.0,22.0,19.0,19.0,22.0,21.0,20.0,21.0,21.0,22.0,20.0,20.0,21.0,22.0,21.0,21.0,22.0,22.0,20.0,21.0,22.0,22.0,21.0,22.0,23.0,21.0,0.0,,-1,-1,2.65
1788791614.2362,2026-09-07 16:33:34.236,,,0,0,-0.04006,-0.49561,0.07982,-6.5043,12.6422,-23.3321,-0.1378,-0.0369,-0.5129,4.69558,20.0,21.0,21.0,19.0,19.0,22.0,21.0,22.0,20.0,21.0,20.0,21.0,22.0,21.0,20.0,22.0,22.0,22.0,21.0,21.0,21.0,22.0,20.0,20.0,21.0,22.0,21.0,21.0,22.0,22.0,20.0,21.0,22.0,22.0,21.0,22.0,23.0,21.0,0.0,,-1,-1,2.7082
1788791614.2864,2026-09-07 16:33:34.286,,,0,0,-0.04004,-0.4956,0.07981,-5.7775,11.903,-23.3944,-0.1157,-0.0223,-0.5004,4.69533,20.0,21.0,21.0,19.0,19.0,22.0,21.0,22.0,20.0,21.0,20.0,21.0,22.0,21.0,20.0,22.0,22.0,22.0,21.0,21.0,21.0,22.0,20.0,20.0,21.0,22.0,21.0,21.0,22.0,22.0,20.0,21.0,22.0,22.0,21.0,22.0,23.0,21.0,0.0,,-1,-1,2.7105
1788791614.3365,2026-09-07 16:33:34.336,,,0,0,-0.04005,-0.49561,0.07982,-6.0688,11.6408,-23.3872,-0.1141,-0.0239,-0.5026,4.70339,23.0,20.0,22.0,20.0,20.0,21.0,22.0,21.0,20.0,22.0,18.0,21.0,21.0,21.0,19.0,21.0,22.0,20.0,22.0,21.0,21.0,22.0,20.0,20.0,21.0,22.0,21.0,21.0,22.0,22.0,20.0,21.0,22.0,22.0,21.0,22.0,23.0,21.0,0.0,,-1,-1,2.6388
1788791614.3865,2026-09-07 16:33:34.386,,,0,0,-0.04004,-0.49561,0.0798,-6.0856,11.9666,-23.1589,-0.1234,-0.0276,-0.506,4.6903,23.0,20.0,22.0,20.0,20.0,21.0,22.0,21.0,20.0,22.0,18.0,21.0,21.0,21.0,19.0,21.0,22.0,20.0,22.0,21.0,21.0,22.0,20.0,20.0,21.0,22.0,21.0,21.0,22.0,22.0,20.0,21.0,22.0,22.0,21.0,22.0,23.0,21.0,0.0,,-1,-1,2.7553
1788791614.4366,2026-09-07 16:33:34.436,,,0,0,-0.04003,-0.4956,0.07981,-6.1425,12.2921,-23.3302,-0.1267,-0.0273,-0.4988,4.68576,23.0,21.0,21.0,23.0,20.0,21.0,20.0,22.0,21.0,21.0,20.0,22.0,23.0,21.0,19.0,22.0,21.0,21.0,23.0,21.0,21.0,22.0,20.0,20.0,21.0,22.0,21.0,21.0,22.0,22.0,20.0,21.0,22.0,22.0,21.0,22.0,23.0,21.0,0.0,,-1,-1,2.7956
1788791614.4868,2026-09-07 16:33:34.486,,,0,0,-0.04003,-0.49561,0.07982,-6.5235,12.5689,-23.3398,-0.1348,-0.039,-0.5077,4.69961,23.0,21.0,21.0,23.0,20.0,21.0,20.0,22.0,21.0,21.0,20.0,22.0,23.0,21.0,19.0,22.0,21.0,21.0,23.0,21.0,21.0,22.0,20.0,20.0,21.0,22.0,21.0,21.0,22.0,22.0,20.0,21.0,22.0,22.0,21.0,22.0,23.0,21.0,0.0,,-1,-1,2.6724
1788791614.5369,2026-09-07 16:33:34.536,,,0,0,-0.04004,-0.49562,0.07982,-6.4121,12.8509,-23.3395,-0.144,-0.0344,-0.5014,4.69911,23.0,21.0,22.0,22.0,20.0,22.0,20.0,22.0,21.0,24.0,19.0,21.0,23.0,22.0,19.0,23.0,22.0,19.0,23.0,21.0,21.0,22.0,20.0,20.0,21.0,22.0,21.0,21.0,22.0,22.0,20.0,21.0,22.0,22.0,21.0,22.0,23.0,21.0,0.0,,-1,-1,2.6769
1788791614.587,2026-09-07 16:33:34.587,,,0,0,-0.04005,-0.49562,0.07982,-6.2324,12.0562,-23.4576,-0.122,-0.0299,-0.5023,4.69004,22.0,21.0,23.0,21.0,20.0,22.0,20.0,22.0,21.0,24.0,19.0,20.0,22.0,22.0,19.0,21.0,23.0,20.0,21.0,21.0,21.0,22.0,20.0,20.0,21.0,22.0,21.0,21.0,22.0,22.0,20.0,21.0,22.0,22.0,21.0,22.0,23.0,21.0,0.0,,-1,-1,2.7575
1788791614.6372,2026-09-07 16:33:34.637,,,0,0,-0.04004,-0.49561,0.07982,-6.3095,12.3706,-23.3712,-0.1311,-0.0309,-0.5058,4.69785,22.0,21.0,23.0,21.0,20.0,22.0,20.0,22.0,21.0,24.0,19.0,20.0,22.0,22.0,19.0,21.0,23.0,20.0,21.0,21.0,21.0,22.0,20.0,20.0,21.0,22.0,21.0,21.0,22.0,22.0,20.0,21.0,22.0,22.0,21.0,22.0,23.0,21.0,0.0,,-1,-1,2.6881
1788791614.6873,2026-09-07 16:33:34.687,,,0,0,-0.04005,-0.49561,0.07982,-6.0697,12.2213,-23.5224,-0.1245,-0.024,-0.4999,4.69206,23.0,21.0,23.0,21.0,20.0,21.0,21.0,24.0,22.0,21.0,20.0,21.0,22.0,21.0,20.0,23.0,21.0,20.0,23.0,21.0,21.0,22.0,20.0,20.0,21.0,22.0,21.0,21.0,22.0,22.0,20.0,21.0,22.0,22.0,21.0,22.0,23.0,21.0,0.0,,-1,-1,2.7396
1788791614.7375,2026-09-07 16:33:34.737,,,0,0,-0.04005,-0.4956,0.0798,-5.9496,11.8119,-23.672,-0.1192,-0.0245,-0.4999,4.70188,23.0,21.0,23.0,21.0,20.0,21.0,21.0,24.0,22.0,21.0,20.0,21.0,22.0,21.0,20.0,23.0,21.0,20.0,23.0,21.0,21.0,22.0,20.0,20.0,21.0,22.0,21.0,21.0,22.0,22.0,20.0,21.0,22.0,22.0,21.0,22.0,23.0,21.0,0.0,,-1,-1,2.6522
1788791614.7877,2026-09-07 16:33:34.787,,,0,0,-0.04004,-0.4956,0.0798,-6.1107,11.7704,-23.4289,-0.1161,-0.0247,-0.4984,4.6986,23.0,22.0,21.0,22.0,20.0,22.0,21.0,23.0,22.0,22.0,19.0,22.0,22.0,21.0,21.0,22.0,21.0,20.0,23.0,21.0,21.0,22.0,20.0,20.0,21.0,22.0,21.0,21.0,22.0,22.0,20.0,21.0,22.0,22.0,21.0,22.0,23.0,21.0,0.0,,-1,-1,2.6813
1788791614.8378,2026-09-07 16:33:34.837,,,0,0,-0.04004,-0.4956,0.07979,-6.1576,12.1291,-23.5525,-0.1259,-0.0305,-0.5007,4.69583,24.0,20.0,20.0,23.0,20.0,20.0,21.0,23.0,20.0,22.0,19.0,22.0,21.0,22.0,19.0,23.0,22.0,20.0,23.0,21.0,21.0,22.0,20.0,20.0,21.0,22.0,21.0,21.0,22.0,22.0,20.0,21.0,22.0,22.0,21.0,22.0,23.0,21.0,0.0,,-1,-1,2.706
1788791614.8879,2026-09-07 16:33:34.887,,,0,0,-0.04004,-0.49561,0.0798,-6.138,12.1988,-23.617,-0.1258,-0.029,-0.5052,4.69382,24.0,20.0,20.0,23.0,20.0,20.0,21.0,23.0,20.0,22.0,19.0,22.0,21.0,22.0,19.0,23.0,22.0,20.0,23.0,21.0,21.0,22.0,20.0,20.0,21.0,22.0,21.0,21.0,22.0,22.0,20.0,21.0,22.0,22.0,21.0,22.0,23.0,21.0,0.0,,-1,-1,2.7239
1788791614.9381,2026-09-07 16:33:34.938,,,0,0,-0.04005,-0.49561,0.0798,-5.9154,12.2313,-23.5524,-0.1294,-0.0238,-0.5033,4.7049,25.0,21.0,21.0,23.0,20.0,22.0,21.0,24.0,19.0,23.0,21.0,22.0,21.0,22.0,22.0,24.0,22.0,22.0,23.0,21.0,21.0,22.0,20.0,20.0,21.0,22.0,21.0,21.0,22.0,22.0,20.0,21.0,22.0,22.0,21.0,22.0,23.0,21.0,0.0,,-1,-1,2.6253
1788791614.9882,2026-09-07 16:33:34.988,,,0,0,-0.04005,-0.49561,0.07982,-5.9391,12.1334,-23.6123,-0.1223,-0.0237,-0.4998,4.69508,25.0,21.0,21.0,23.0,20.0,22.0,21.0,24.0,19.0,23.0,21.0,22.0,21.0,22.0,22.0,24.0,22.0,22.0,23.0,21.0,21.0,22.0,20.0,20.0,21.0,22.0,21.0,21.0,22.0,22.0,20.0,21.0,22.0,22.0,21.0,22.0,23.0,21.0,0.0,,-1,-1,2.7127
1788791615.0383,2026-09-07 16:33:35.038,,,0,0,-0.04003,-0.4956,0.07981,-5.929,11.8226,-23.5659,-0.1164,-0.0223,-0.4976,4.69306,24.0,21.0,22.0,23.0,20.0,23.0,22.0,22.0,19.0,22.0,19.0,23.0,20.0,21.0,20.0,22.0,22.0,19.0,22.0,21.0,21.0,22.0,20.0,20.0,21.0,22.0,21.0,21.0,22.0,22.0,20.0,21.0,22.0,22.0,21.0,22.0,23.0,21.0,0.0,,-1,-1,2.7306
1788791615.0885,2026-09-07 16:33:35.088,,,0,0,-0.04005,-0.49559,0.0798,-5.8829,12.0852,-23.5743,-0.1247,-0.0239,-0.5018,4.69407,24.0,20.0,22.0,23.0,19.0,22.0,20.0,25.0,21.0,22.0,21.0,24.0,22.0,22.0,21.0,23.0,21.0,20.0,24.0,21.0,21.0,22.0,20.0,20.0,21.0,22.0,21.0,21.0,22.0,22.0,20.0,21.0,22.0,22.0,21.0,22.0,23.0,21.0,0.0,,-1,-1,2.7217
1788791615.1386,2026-09-07 16:33:35.138,,,0,0,-0.04004,-0.49561,0.07981,-5.9258,12.273,-23.5153,-0.1274,-0.0216,-0.5021,4.68576,24.0,20.0,22.0,23.0,19.0,22.0,20.0,25.0,21.0,22.0,21.0,24.0,22.0,22.0,21.0,23.0,21.0,20.0,24.0,21.0,21.0,22.0,20.0,20.0,21.0,22.0,21.0,21.0,22.0,22.0,20.0,21.0,22.0,22.0,21.0,22.0,23.0,21.0,0.0,,-1,-1,2.7956
1788791615.1887,2026-09-07 16:33:35.188,,,0,0,-0.04004,-0.49562,0.07981,-5.9829,12.155,-23.6624,-0.1285,-0.0255,-0.498,4.70062,25.0,21.0,21.0,24.0,20.0,21.0,22.0,23.0,21.0,23.0,21.0,23.0,20.0,22.0,20.0,23.0,22.0,21.0,23.0,21.0,21.0,22.0,20.0,20.0,21.0,22.0,21.0,21.0,22.0,22.0,20.0,21.0,22.0,22.0,21.0,22.0,23.0,21.0,0.0,,-1,-1,2.6634
1788791615.2389,2026-09-07 16:33:35.238,,,0,0,-0.04004,-0.4956,0.07981,-5.7446,12.1751,-23.4301,-0.128,-0.0175,-0.495,4.69231,25.0,21.0,21.0,24.0,20.0,21.0,22.0,23.0,21.0,23.0,21.0,23.0,20.0,22.0,20.0,23.0,22.0,21.0,23.0,21.0,21.0,22.0,20.0,20.0,21.0,22.0,21.0,21.0,22.0,22.0,20.0,21.0,22.0,22.0,21.0,22.0,23.0,21.0,0.0,,-1,-1,2.7373
1788791615.289,2026-09-07 16:33:35.289,,,0,0,-0.04002,-0.4956,0.07981,-5.9603,12.0021,-23.5547,-0.1258,-0.0231,-0.5003,4.70087,25.0,22.0,23.0,24.0,19.0,23.0,21.0,22.0,19.0,22.0,20.0,21.0,22.0,21.0,20.0,22.0,22.0,19.0,23.0,21.0,21.0,22.0,20.0,20.0,21.0,22.0,21.0,21.0,22.0,22.0,20.0,21.0,22.0,22.0,21.0,22.0,23.0,21.0,0.0,,-1,-1,2.6612
1788791615.3391,2026-09-07 16:33:35.339,,,0,0,-0.04004,-0.49561,0.07981,-5.962,11.9411,-23.4298,-0.1208,-0.0235,-0.4948,4.69206,22.0,21.0,22.0,20.0,20.0,22.0,19.0,20.0,20.0,22.0,18.0,20.0,20.0,20.0,18.0,20.0,20.0,19.0,21.0,21.0,21.0,22.0,20.0,20.0,21.0,22.0,21.0,21.0,22.0,22.0,20.0,21.0,22.0,22.0,21.0,22.0,23.0,21.0,0.0,,-1,-1,2.7396
1788791615.3893,2026-09-07 16:33:35.389,,,0,0,-0.04006,-0.4956,0.07981,-5.741,12.2995,-23.6626,-0.1303,-0.0196,-0.4964,4.69785,22.0,21.0,22.0,20.0,20.0,22.0,19.0,20.0,20.0,22.0,18.0,20.0,20.0,20.0,18.0,20.0,20.0,19.0,21.0,21.0,21.0,22.0,20.0,20.0,21.0,22.0,21.0,21.0,22.0,22.0,20.0,21.0,22.0,22.0,21.0,22.0,23.0,21.0,0.0,,-1,-1,2.6881
1788791615.4394,2026-09-07 16:33:35.439,,,0,0,-0.04005,-0.49561,0.0798,-6.2805,12.8182,-23.4207,-0.1444,-0.0353,-0.5015,4.69357,22.0,20.0,23.0,19.0,19.0,23.0,19.0,22.0,21.0,24.0,20.0,22.0,22.0,22.0,20.0,21.0,22.0,19.0,21.0,21.0,21.0,22.0,20.0,20.0,21.0,22.0,21.0,21.0,22.0,22.0,20.0,21.0,22.0,22.0,21.0,22.0,23.0,21.0,0.0,,-1,-1,2.7261
1788791615.4895,2026-09-07 16:33:35.489,,,0,0,-0.04004,-0.49561,0.0798,-6.0357,12.2975,-23.4263,-0.1271,-0.0252,-0.4974,4.69609,22.0,20.0,23.0,19.0,19.0,23.0,19.0,22.0,21.0,24.0,20.0,22.0,22.0,22.0,20.0,21.0,22.0,19.0,21.0,21.0,21.0,22.0,20.0,20.0,21.0,22.0,21.0,21.0,22.0,22.0,20.0,21.0,22.0,22.0,21.0,22.0,23.0,21.0,0.0,,-1,-1,2.7037
1788791615.5397,2026-09-07 16:33:35.539,,,0,0,-0.04003,-0.49561,0.0798,-6.0512,12.0563,-23.4265,-0.1261,-0.0255,-0.4994,4.68879,23.0,21.0,23.0,22.0,20.0,22.0,22.0,22.0,20.0,23.0,20.0,22.0,21.0,22.0,20.0,22.0,23.0,19.0,23.0,21.0,21.0,22.0,20.0,20.0,21.0,22.0,21.0,21.0,22.0,22.0,20.0,21.0,22.0,22.0,21.0,22.0,23.0,21.0,0.0,,-1,-1,2.7687
1788791615.5898,2026-09-07 16:33:35.589,,,0,0,-0.04005,-0.49561,0.07982,-6.1464,12.2798,-23.2747,-0.1297,-0.0297,-0.4981,4.69533,23.0,21.0,23.0,22.0,20.0,22.0,22.0,22.0,20.0,23.0,20.0,22.0,21.0,22.0,20.0,22.0,23.0,19.0,23.0,21.0,21.0,22.0,20.0,20.0,21.0,22.0,21.0,21.0,22.0,22.0,20.0,21.0,22.0,22.0,21.0,22.0,23.0,21.0,0.0,,-1,-1,2.7105
1788791615.6399,2026-09-07 16:33:35.639,,,0,0,-0.04004,-0.4956,0.07981,-6.3419,12.47,-23.107,-0.1367,-0.0363,-0.5038,4.69004,23.0,21.0,23.0,22.0,20.0,21.0,20.0,21.0,20.0,23.0,20.0,19.0,20.0,22.0,19.0,21.0,23.0,20.0,22.0,21.0,21.0,22.0,20.0,20.0,21.0,22.0,21.0,21.0,22.0,22.0,20.0,21.0,22.0,22.0,21.0,22.0,23.0,21.0,0.0,,-1,-1,2.7575
1788791615.69,2026-09-07 16:33:35.690,,,0,0,-0.04004,-0.49561,0.07982,-6.26,12.1738,-23.24,-0.1261,-0.032,-0.5013,4.70112,22.0,20.0,23.0,19.0,19.0,22.0,21.0,23.0,19.0,22.0,20.0,22.0,21.0,22.0,20.0,22.0,22.0,21.0,23.0,21.0,21.0,22.0,20.0,20.0,21.0,22.0,21.0,21.0,22.0,22.0,20.0,21.0,22.0,22.0,21.0,22.0,23.0,21.0,0.0,,-1,-1,2.6589
1788791615.7401,2026-09-07 16:33:35.740,,,0,0,-0.04001,-0.4956,0.0798,-6.2927,12.5276,-23.2917,-0.1306,-0.0324,-0.5038,4.69281,22.0,20.0,23.0,19.0,19.0,22.0,21.0,23.0,19.0,22.0,20.0,22.0,21.0,22.0,20.0,22.0,22.0,21.0,23.0,21.0,21.0,22.0,20.0,20.0,21.0,22.0,21.0,21.0,22.0,22.0,20.0,21.0,22.0,22.0,21.0,22.0,23.0,21.0,0.0,,-1,-1,2.7329
1788791615.7903,2026-09-07 16:33:35.790,,,0,0,-0.04003,-0.4956,0.0798,-6.0855,12.3907,-23.241,-0.1324,-0.0295,-0.4951,4.69886,24.0,21.0,23.0,22.0,19.0,22.0,22.0,23.0,19.0,24.0,21.0,23.0,20.0,23.0,19.0,23.0,23.0,21.0,24.0,21.0,21.0,22.0,20.0,20.0,21.0,22.0,21.0,21.0,22.0,22.0,20.0,21.0,22.0,22.0,21.0,22.0,23.0,21.0,0.0,,-1,-1,2.6791
1788791615.8404,2026-09-07 16:33:35.840,,,0,0,-0.04004,-0.4956,0.0798,-6.1158,12.4074,-23.4533,-0.1313,-0.0286,-0.5006,4.69155,24.0,21.0,23.0,22.0,19.0,22.0,22.0,23.0,19.0,24.0,21.0,23.0,20.0,23.0,19.0,23.0,23.0,21.0,24.0,21.0,21.0,22.0,20.0,20.0,21.0,22.0,21.0,21.0,22.0,22.0,20.0,21.0,22.0,22.0,21.0,22.0,23.0,21.0,0.0,,-1,-1,2.7441
1788791615.8905,2026-09-07 16:33:35.890,,,0,0,-0.04005,-0.4956,0.07979,-6.3456,12.5156,-23.3139,-0.131,-0.0355,-0.4968,4.70037,22.0,20.0,23.0,22.0,17.0,23.0,21.0,22.0,21.0,22.0,21.0,22.0,22.0,21.0,21.0,22.0,22.0,21.0,22.0,21.0,21.0,22.0,20.0,20.0,21.0,22.0,21.0,21.0,22.0,22.0,20.0,21.0,22.0,22.0,21.0,22.0,23.0,21.0,0.0,,-1,-1,2.6657
1788791615.9406,2026-09-07 16:33:35.940,,,0,0,-0.04005,-0.4956,0.0798,-6.1745,12.2131,-23.2095,-0.1235,-0.0284,-0.4912,4.68652,23.0,21.0,21.0,21.0,21.0,22.0,22.0,23.0,18.0,23.0,20.0,22.0,22.0,21.0,19.0,22.0,21.0,21.0,21.0,21.0,21.0,22.0,20.0,20.0,21.0,22.0,21.0,21.0,22.0,22.0,20.0,21.0,22.0,22.0,21.0,22.0,23.0,21.0,0.0,,-1,-1,2.7889
1788791615.9907,2026-09-07 16:33:35.990,,,0,0,-0.04004,-0.4956,0.0798,-6.0459,11.9978,-23.397,-0.1203,-0.0254,-0.496,4.6976,23.0,21.0,21.0,21.0,21.0,22.0,22.0,23.0,18.0,23.0,20.0,22.0,22.0,21.0,19.0,22.0,21.0,21.0,21.0,21.0,21.0,22.0,20.0,20.0,21.0,22.0,21.0,21.0,22.0,22.0,20.0,21.0,22.0,22.0,21.0,22.0,23.0,21.0,0.0,,-1,-1,2.6903
1788791616.0408,2026-09-07 16:33:36.040,,,0,0,-0.04004,-0.4956,0.07979,-5.9767,12.2718,-23.4824,-0.1252,-0.0244,-0.4999,4.68904,23.0,22.0,22.0,23.0,18.0,22.0,21.0,23.0,19.0,21.0,20.0,23.0,20.0,21.0,21.0,22.0,21.0,21.0,23.0,21.0,21.0,22.0,20.0,20.0,21.0,22.0,21.0,21.0,22.0,22.0,20.0,21.0,22.0,22.0,21.0,22.0,23.0,21.0,0.0,,-1,-1,2.7665
1788791616.091,2026-09-07 16:33:36.090,,,0,0,-0.04004,-0.49561,0.0798,-6.0956,12.2441,-23.4102,-0.1245,-0.0286,-0.4955,4.70137,23.0,22.0,22.0,23.0,18.0,22.0,21.0,23.0,19.0,21.0,20.0,23.0,20.0,21.0,21.0,22.0,21.0,21.0,23.0,21.0,21.0,22.0,20.0,20.0,21.0,22.0,21.0,21.0,22.0,22.0,20.0,21.0,22.0,22.0,21.0,22.0,23.0,21.0,0.0,,-1,-1,2.6567
1788791616.1411,2026-09-07 16:33:36.141,,,0,0,-0.04005,-0.49561,0.07981,-6.2278,12.3229,-23.3454,-0.1294,-0.0309,-0.4922,4.69432,25.0,20.0,22.0,23.0,20.0,21.0,21.0,22.0,20.0,22.0,19.0,20.0,20.0,21.0,19.0,22.0,22.0,19.0,23.0,21.0,21.0,22.0,20.0,20.0,21.0,22.0,21.0,21.0,22.0,22.0,20.0,21.0,22.0,22.0,21.0,22.0,23.0,21.0,0.0,,-1,-1,2.7194
1788791616.1912,2026-09-07 16:33:36.191,,,0,0,-0.04004,-0.49561,0.0798,-5.5178,11.832,-23.6002,-0.1158,-0.0121,-0.4865,4.70288,21.0,20.0,22.0,21.0,19.0,22.0,20.0,21.0,19.0,23.0,20.0,20.0,21.0,21.0,20.0,20.0,22.0,21.0,20.0,21.0,21.0,22.0,20.0,20.0,21.0,22.0,21.0,21.0,22.0,22.0,20.0,21.0,22.0,22.0,21.0,22.0,23.0,21.0,0.0,,-1,-1,2.6433
1788791616.2412,2026-09-07 16:33:36.241,,,0,0,-0.04004,-0.4956,0.07981,-5.9541,11.932,-23.4785,-0.121,-0.0258,-0.4969,4.68576,21.0,20.0,22.0,21.0,19.0,22.0,20.0,21.0,19.0,23.0,20.0,20.0,21.0,21.0,20.0,20.0,22.0,21.0,20.0,21.0,21.0,22.0,20.0,20.0,21.0,22.0,21.0,21.0,22.0,22.0,20.0,21.0,22.0,22.0,21.0,22.0,23.0,21.0,0.0,,-1,-1,2.7956
1788791616.2913,2026-09-07 16:33:36.291,,,0,0,-0.04006,-0.4956,0.07981,-5.778,11.8002,-23.3121,-0.115,-0.0178,-0.4907,4.69558,21.0,22.0,23.0,22.0,21.0,23.0,21.0,23.0,19.0,22.0,19.0,23.0,22.0,20.0,19.0,24.0,22.0,19.0,24.0,21.0,21.0,22.0,20.0,20.0,21.0,22.0,21.0,21.0,22.0,22.0,20.0,21.0,22.0,22.0,21.0,22.0,23.0,21.0,0.0,,-1,-1,2.7082
1788791616.3414,2026-09-07 16:33:36.341,,,0,0,-0.04005,-0.49561,0.07982,-6.2982,12.3489,-23.3644,-0.1286,-0.0301,-0.4901,4.69382,21.0,22.0,23.0,22.0,21.0,23.0,21.0,23.0,19.0,22.0,19.0,23.0,22.0,20.0,19.0,24.0,22.0,19.0,24.0,21.0,21.0,22.0,20.0,20.0,21.0,22.0,21.0,21.0,22.0,22.0,20.0,21.0,22.0,22.0,21.0,22.0,23.0,21.0,0.0,,-1,-1,2.7239
1788791616.3915,2026-09-07 16:33:36.391,,,0,0,-0.04002,-0.49561,0.0798,-5.7417,11.8877,-23.4909,-0.1197,-0.0189,-0.4899,4.69609,24.0,21.0,22.0,24.0,20.0,22.0,20.0,25.0,22.0,22.0,19.0,25.0,22.0,22.0,19.0,23.0,22.0,20.0,24.0,21.0,21.0,22.0,20.0,20.0,21.0,22.0,21.0,21.0,22.0,22.0,20.0,21.0,22.0,22.0,21.0,22.0,23.0,21.0,0.0,,-1,-1,2.7037
1788791616.4416,2026-09-07 16:33:36.441,,,0,0,-0.04004,-0.49561,0.0798,-5.675,12.1144,-23.5754,-0.1226,-0.0175,-0.4942,4.70162,27.0,22.0,22.0,25.0,20.0,22.0,21.0,22.0,19.0,22.0,20.0,23.0,20.0,22.0,19.0,23.0,22.0,21.0,23.0,21.0,21.0,22.0,20.0,20.0,21.0,22.0,21.0,21.0,22.0,22.0,20.0,21.0,22.0,22.0,21.0,22.0,23.0,21.0,0.0,,-1,-1,2.6545
1788791616.4917,2026-09-07 16:33:36.491,,,0,0,-0.04004,-0.49561,0.0798,-6.2468,12.1783,-23.2341,-0.1272,-0.033,-0.4897,4.68576,27.0,22.0,22.0,25.0,20.0,22.0,21.0,22.0,19.0,22.0,20.0,23.0,20.0,22.0,19.0,23.0,22.0,21.0,23.0,21.0,21.0,22.0,20.0,20.0,21.0,22.0,21.0,21.0,22.0,22.0,20.0,21.0,22.0,22.0,21.0,22.0,23.0,21.0,0.0,,-1,-1,2.7956
1788791616.5418,2026-09-07 16:33:36.541,,,0,0,-0.04005,-0.49562,0.07982,-5.8222,12.4122,-23.5896,-0.1309,-0.0222,-0.4919,4.70288,23.0,20.0,23.0,24.0,18.0,23.0,23.0,23.0,20.0,23.0,21.0,22.0,21.0,22.0,20.0,22.0,22.0,21.0,22.0,21.0,21.0,22.0,20.0,20.0,21.0,22.0,21.0,21.0,22.0,22.0,20.0,21.0,22.0,22.0,21.0,22.0,23.0,21.0,0.0,,-1,-1,2.6433
1788791616.5919,2026-09-07 16:33:36.591,,,0,0,-0.04006,-0.4956,0.07981,-5.8596,12.4016,-23.5234,-0.1322,-0.0222,-0.4894,4.6903,23.0,20.0,23.0,24.0,18.0,23.0,23.0,23.0,20.0,23.0,21.0,22.0,21.0,22.0,20.0,22.0,22.0,21.0,22.0,21.0,21.0,22.0,20.0,20.0,21.0,22.0,21.0,21.0,22.0,22.0,20.0,21.0,22.0,22.0,21.0,22.0,23.0,21.0,0.0,,-1,-1,2.7553
1788791616.642,2026-09-07 16:33:36.642,,,0,0,-0.04005,-0.4956,0.0798,-5.9268,11.9035,-23.2931,-0.1224,-0.0224,-0.4984,4.69055,24.0,19.0,23.0,22.0,19.0,23.0,21.0,23.0,19.0,22.0,19.0,22.0,19.0,22.0,19.0,23.0,23.0,20.0,22.0,21.0,21.0,22.0,20.0,20.0,21.0,22.0,21.0,21.0,22.0,22.0,20.0,21.0,22.0,22.0,21.0,22.0,23.0,21.0,0.0,,-1,-1,2.753
1788791616.6922,2026-09-07 16:33:36.692,,,0,0,-0.04005,-0.4956,0.0798,-5.9088,12.3014,-23.4534,-0.129,-0.0252,-0.4848,4.69634,24.0,19.0,23.0,22.0,19.0,23.0,21.0,23.0,19.0,22.0,19.0,22.0,19.0,22.0,19.0,23.0,23.0,20.0,22.0,21.0,21.0,22.0,20.0,20.0,21.0,22.0,21.0,21.0,22.0,22.0,20.0,21.0,22.0,22.0,21.0,22.0,23.0,21.0,0.0,,-1,-1,2.7015
1788791616.7423,2026-09-07 16:33:36.742,,,0,0,-0.04003,-0.4956,0.0798,-5.7962,12.1477,-23.6318,-0.1251,-0.0216,-0.4913,4.69709,23.0,19.0,22.0,22.0,18.0,22.0,21.0,22.0,21.0,22.0,21.0,22.0,22.0,21.0,20.0,23.0,21.0,21.0,23.0,21.0,21.0,22.0,20.0,20.0,21.0,22.0,21.0,21.0,22.0,22.0,20.0,21.0,22.0,22.0,21.0,22.0,23.0,21.0,0.0,,-1,-1,2.6948
1788791616.7923,2026-09-07 16:33:36.792,,,0,0,-0.04005,-0.49561,0.07979,-6.1254,12.0752,-23.29,-0.1237,-0.0307,-0.4925,4.69785,22.0,23.0,22.0,21.0,21.0,22.0,20.0,24.0,22.0,23.0,21.0,23.0,23.0,22.0,18.0,23.0,22.0,19.0,24.0,21.0,21.0,22.0,20.0,20.0,21.0,22.0,21.0,21.0,22.0,22.0,20.0,21.0,22.0,22.0,21.0,22.0,23.0,21.0,0.0,,-1,-1,2.6881
1788791616.8425,2026-09-07 16:33:36.842,,,0,0,-0.04004,-0.49562,0.07981,-6.2054,12.0514,-23.2623,-0.1222,-0.0303,-0.4904,4.68853,22.0,23.0,22.0,21.0,21.0,22.0,20.0,24.0,22.0,23.0,21.0,23.0,23.0,22.0,18.0,23.0,22.0,19.0,24.0,21.0,21.0,22.0,20.0,20.0,21.0,22.0,21.0,21.0,22.0,22.0,20.0,21.0,22.0,22.0,21.0,22.0,23.0,21.0,0.0,,-1,-1,2.7709
1788791616.8926,2026-09-07 16:33:36.892,,,0,0,-0.04004,-0.49559,0.0798,-6.0286,12.2947,-23.4835,-0.1307,-0.023,-0.4851,4.69533,24.0,21.0,21.0,23.0,21.0,22.0,22.0,25.0,19.0,21.0,20.0,25.0,21.0,21.0,19.0,25.0,21.0,19.0,23.0,21.0,21.0,22.0,20.0,20.0,21.0,22.0,21.0,21.0,22.0,22.0,20.0,21.0,22.0,22.0,21.0,22.0,23.0,21.0,0.0,,-1,-1,2.7105
1788791616.9427,2026-09-07 16:33:36.942,,,0,0,-0.04004,-0.4956,0.0798,-5.9468,12.2116,-23.4016,-0.1236,-0.0257,-0.4895,4.69306,24.0,21.0,21.0,23.0,21.0,22.0,22.0,25.0,19.0,21.0,20.0,25.0,21.0,21.0,19.0,25.0,21.0,19.0,23.0,21.0,21.0,22.0,20.0,20.0,21.0,22.0,21.0,21.0,22.0,22.0,20.0,21.0,22.0,22.0,21.0,22.0,23.0,21.0,0.0,,-1,-1,2.7306
1788791616.9928,2026-09-07 16:33:36.992,,,0,0,-0.04004,-0.49561,0.0798,-6.1831,12.214,-23.3863,-0.1274,-0.0267,-0.4934,4.70414,24.0,21.0,22.0,25.0,19.0,22.0,21.0,24.0,22.0,22.0,20.0,22.0,22.0,21.0,20.0,23.0,22.0,19.0,23.0,21.0,21.0,22.0,20.0,20.0,21.0,22.0,21.0,21.0,22.0,22.0,20.0,21.0,22.0,22.0,21.0,22.0,23.0,21.0,0.0,,-1,-1,2.6321
1788791617.0429,2026-09-07 16:33:37.042,,,0,0,-0.04004,-0.49559,0.07979,-6.1989,12.2513,-23.2476,-0.1261,-0.0291,-0.4917,4.69382,23.0,22.0,22.0,23.0,21.0,22.0,20.0,23.0,21.0,23.0,21.0,21.0,22.0,21.0,21.0,23.0,22.0,21.0,24.0,21.0,21.0,22.0,20.0,20.0,21.0,22.0,21.0,21.0,22.0,22.0,20.0,21.0,22.0,22.0,21.0,22.0,23.0,21.0,0.0,,-1,-1,2.7239
1788791617.0931,2026-09-07 16:33:37.093,,,0,0,-0.04005,-0.49559,0.07979,-5.7966,12.1287,-23.6656,-0.1274,-0.0168,-0.4919,4.70037,23.0,22.0,22.0,23.0,21.0,22.0,20.0,23.0,21.0,23.0,21.0,21.0,22.0,21.0,21.0,23.0,22.0,21.0,24.0,21.0,21.0,22.0,20.0,20.0,21.0,22.0,21.0,21.0,22.0,22.0,20.0,21.0,22.0,22.0,21.0,22.0,23.0,21.0,0.0,,-1,-1,2.6657
1788791617.1432,2026-09-07 16:33:37.143,,,0,0,-0.04004,-0.49561,0.07982,-6.0295,12.3395,-23.3083,-0.1348,-0.0266,-0.4919,4.68803,23.0,22.0,22.0,21.0,21.0,22.0,21.0,22.0,21.0,22.0,19.0,21.0,22.0,23.0,19.0,21.0,22.0,19.0,22.0,21.0,21.0,22.0,20.0,20.0,21.0,22.0,21.0,21.0,22.0,22.0,20.0,21.0,22.0,22.0,21.0,22.0,23.0,21.0,0.0,,-1,-1,2.7754
1788791617.1934,2026-09-07 16:33:37.193,,,0,0,-0.04005,-0.4956,0.0798,-6.0885,11.9916,-23.3735,-0.1218,-0.0266,-0.4957,4.70414,23.0,22.0,22.0,21.0,21.0,22.0,21.0,22.0,21.0,22.0,19.0,21.0,22.0,23.0,19.0,21.0,22.0,19.0,22.0,21.0,21.0,22.0,20.0,20.0,21.0,22.0,21.0,21.0,22.0,22.0,20.0,21.0,22.0,22.0,21.0,22.0,23.0,21.0,0.0,,-1,-1,2.6321
1788791617.2435,2026-09-07 16:33:37.243,,,0,0,-0.04005,-0.4956,0.07979,-5.9942,12.0869,-23.357,-0.1219,-0.0234,-0.4834,4.69004,24.0,21.0,21.0,22.0,19.0,22.0,20.0,23.0,21.0,21.0,20.0,22.0,23.0,21.0,20.0,24.0,21.0,20.0,23.0,21.0,21.0,22.0,20.0,20.0,21.0,22.0,21.0,21.0,22.0,22.0,20.0,21.0,22.0,22.0,21.0,22.0,23.0,21.0,0.0,,-1,-1,2.7575
1788791617.2936,2026-09-07 16:33:37.293,,,0,0,-0.04006,-0.4956,0.0798,-6.3471,12.2621,-23.2554,-0.1305,-0.0333,-0.492,4.69735,23.0,22.0,22.0,22.0,21.0,21.0,22.0,22.0,22.0,22.0,20.0,21.0,24.0,21.0,19.0,21.0,21.0,20.0,23.0,21.0,21.0,22.0,20.0,20.0,21.0,22.0,21.0,21.0,22.0,22.0,20.0,21.0,22.0,22.0,21.0,22.0,23.0,21.0,0.0,,-1,-1,2.6925
1788791617.3438,2026-09-07 16:33:37.343,,,0,0,-0.04003,-0.49561,0.07981,-6.2725,12.4793,-23.3856,-0.1352,-0.0324,-0.4924,4.69709,23.0,22.0,22.0,22.0,21.0,21.0,22.0,22.0,22.0,22.0,20.0,21.0,24.0,21.0,19.0,21.0,21.0,20.0,23.0,21.0,21.0,22.0,20.0,20.0,21.0,22.0,21.0,21.0,22.0,22.0,20.0,21.0,22.0,22.0,21.0,22.0,23.0,21.0,0.0,,-1,-1,2.6948
1788791617.3939,2026-09-07 16:33:37.393,,,0,0,-0.04005,-0.49561,0.07981,-5.9286,12.4591,-23.4857,-0.1365,-0.0241,-0.4951,4.6976,24.0,21.0,22.0,21.0,21.0,22.0,21.0,22.0,22.0,22.0,20.0,22.0,22.0,20.0,20.0,23.0,22.0,20.0,22.0,21.0,21.0,22.0,20.0,20.0,21.0,22.0,21.0,21.0,22.0,22.0,20.0,21.0,22.0,22.0,21.0,22.0,23.0,21.0,0.0,,-1,-1,2.6903
1788791617.4439,2026-09-07 16:33:37.443,,,0,0,-0.04004,-0.4956,0.07981,-5.9673,12.2086,-23.3321,-0.126,-0.0255,-0.4939,4.6981,24.0,21.0,22.0,21.0,21.0,22.0,21.0,22.0,22.0,22.0,20.0,22.0,22.0,20.0,20.0,23.0,22.0,20.0,22.0,21.0,21.0,22.0,20.0,20.0,21.0,22.0,21.0,21.0,22.0,22.0,20.0,21.0,22.0,22.0,21.0,22.0,23.0,21.0,0.0,,-1,-1,2.6858
1788791617.494,2026-09-07 16:33:37.494,15,d4,0,0,-0.04007,-0.49565,0.0795,-5.7265,11.7651,-23.4073,-0.117,-0.0169,-0.4912,4.69986,25.0,22.0,21.0,23.0,21.0,22.0,22.0,22.0,20.0,23.0,21.0,22.0,21.0,22.0,20.0,22.0,22.0,19.0,23.0,21.0,21.0,22.0,20.0,20.0,21.0,22.0,21.0,21.0,22.0,22.0,20.0,21.0,22.0,22.0,21.0,22.0,23.0,21.0,10.0,locate,0,0,2.6701
1788791617.5442,2026-09-07 16:33:37.544,15,d4,0,0,-0.04015,-0.49589,0.07854,-6.1768,12.173,-23.2929,-0.1239,-0.0302,-0.4864,4.70137,23.0,21.0,23.0,22.0,19.0,23.0,20.0,22.0,23.0,23.0,20.0,22.0,23.0,22.0,19.0,21.0,23.0,19.0,23.0,21.0,21.0,22.0,20.0,20.0,21.0,22.0,21.0,21.0,22.0,22.0,20.0,21.0,22.0,22.0,21.0,22.0,23.0,21.0,10.0,locate,0,0,2.6567
1788791617.5943,2026-09-07 16:33:37.594,15,d4,0,0,-0.04035,-0.49633,0.07685,-6.0704,12.0232,-23.4988,-0.1176,-0.0304,-0.5105,4.69785,23.0,21.0,23.0,22.0,19.0,23.0,20.0,22.0,23.0,23.0,20.0,22.0,23.0,22.0,19.0,21.0,23.0,19.0,23.0,21.0,21.0,22.0,20.0,20.0,21.0,22.0,21.0,21.0,22.0,22.0,20.0,21.0,22.0,22.0,21.0,22.0,23.0,21.0,10.0,locate,0,0,2.6881
1788791617.6445,2026-09-07 16:33:37.644,15,d4,0,0,-0.04054,-0.49684,0.07444,-6.1705,12.2392,-23.4832,-0.1242,-0.0304,-0.5422,4.69206,22.0,23.0,22.0,21.0,23.0,23.0,21.0,22.0,20.0,22.0,19.0,21.0,23.0,22.0,18.0,21.0,22.0,18.0,21.0,21.0,21.0,22.0,20.0,20.0,21.0,22.0,21.0,21.0,22.0,22.0,20.0,21.0,22.0,22.0,21.0,22.0,23.0,21.0,10.0,locate,0,0,2.7396
1788791617.6946,2026-09-07 16:33:37.694,15,d4,0,0,-0.04079,-0.49734,0.07192,-5.9749,11.8919,-23.5105,-0.1147,-0.0229,-0.5741,4.69609,22.0,23.0,22.0,21.0,23.0,23.0,21.0,22.0,20.0,22.0,19.0,21.0,23.0,22.0,18.0,21.0,22.0,18.0,21.0,21.0,21.0,22.0,20.0,20.0,21.0,22.0,21.0,21.0,22.0,22.0,20.0,21.0,22.0,22.0,21.0,22.0,23.0,21.0,10.0,locate,0,0,2.7037
1788791617.7447,2026-09-07 16:33:37.744,15,d4,0,0,-0.04104,-0.49784,0.06948,-6.0778,11.5472,-23.4786,-0.1099,-0.0251,-0.5963,4.70011,22.0,22.0,22.0,22.0,20.0,21.0,20.0,21.0,21.0,22.0,20.0,21.0,21.0,21.0,20.0,20.0,23.0,19.0,20.0,21.0,21.0,22.0,20.0,20.0,21.0,22.0,21.0,21.0,22.0,22.0,20.0,21.0,22.0,22.0,21.0,22.0,23.0,21.0,10.0,locate,0,0,2.6679
1788791617.7948,2026-09-07 16:33:37.794,15,d4,0,0,-0.04129,-0.49834,0.06708,-6.0063,12.2781,-23.3981,-0.122,-0.028,-0.6163,4.69256,22.0,22.0,22.0,22.0,20.0,21.0,20.0,21.0,21.0,22.0,20.0,21.0,21.0,21.0,20.0,20.0,23.0,19.0,20.0,21.0,21.0,22.0,20.0,20.0,21.0,22.0,21.0,21.0,22.0,22.0,20.0,21.0,22.0,22.0,21.0,22.0,23.0,21.0,10.0,locate,0,0,2.7351
1788791617.8449,2026-09-07 16:33:37.844,15,d4,0,0,-0.04157,-0.49888,0.0647,-6.109,12.2281,-23.359,-0.1228,-0.0249,-0.637,4.69609,21.0,22.0,22.0,22.0,21.0,22.0,21.0,21.0,20.0,21.0,20.0,20.0,21.0,20.0,19.0,20.0,20.0,20.0,22.0,21.0,21.0,22.0,20.0,20.0,21.0,22.0,21.0,21.0,22.0,22.0,20.0,21.0,22.0,22.0,21.0,22.0,23.0,21.0,10.0,locate,0,0,2.7037
1788791617.895,2026-09-07 16:33:37.895,15,d4,0,0,-0.04179,-0.49938,0.06219,-5.8669,12.0424,-23.4701,-0.1197,-0.0211,-0.6531,4.69105,22.0,20.0,21.0,21.0,19.0,21.0,22.0,22.0,21.0,23.0,19.0,21.0,23.0,21.0,20.0,21.0,22.0,20.0,22.0,21.0,21.0,22.0,20.0,20.0,21.0,22.0,21.0,21.0,22.0,22.0,20.0,21.0,22.0,22.0,21.0,22.0,23.0,21.0,10.0,locate,0,0,2.7485
1788791617.9451,2026-09-07 16:33:37.945,15,d4,0,0,-0.04202,-0.49989,0.05971,-6.2455,12.5329,-23.5031,-0.13,-0.0302,-0.6719,4.69986,22.0,20.0,21.0,21.0,19.0,21.0,22.0,22.0,21.0,23.0,19.0,21.0,23.0,21.0,20.0,21.0,22.0,20.0,22.0,21.0,21.0,22.0,20.0,20.0,21.0,22.0,21.0,21.0,22.0,22.0,20.0,21.0,22.0,22.0,21.0,22.0,23.0,21.0,10.0,locate,0,0,2.6701
1788791617.9952,2026-09-07 16:33:37.995,15,d4,0,0,-0.04225,-0.50041,0.0573,-6.1746,12.4486,-23.512,-0.131,-0.0305,-0.6865,4.69231,24.0,22.0,23.0,22.0,22.0,23.0,20.0,22.0,20.0,23.0,19.0,22.0,21.0,22.0,18.0,22.0,23.0,19.0,21.0,21.0,21.0,22.0,20.0,20.0,21.0,22.0,21.0,21.0,22.0,22.0,20.0,21.0,22.0,22.0,21.0,22.0,23.0,21.0,10.0,locate,0,0,2.7373
1788791618.0453,2026-09-07 16:33:38.045,15,d4,0,0,-0.04253,-0.50094,0.05494,-6.1884,12.3076,-23.4562,-0.1305,-0.0316,-0.7031,4.69986,24.0,22.0,23.0,22.0,22.0,23.0,20.0,22.0,20.0,23.0,19.0,22.0,21.0,22.0,18.0,22.0,23.0,19.0,21.0,21.0,21.0,22.0,20.0,20.0,21.0,22.0,21.0,21.0,22.0,22.0,20.0,21.0,22.0,22.0,21.0,22.0,23.0,21.0,10.0,locate,0,0,2.6701
1788791618.0955,2026-09-07 16:33:38.095,15,d4,0,0,-0.04276,-0.50144,0.05262,-5.8933,12.1066,-23.7361,-0.1204,-0.0242,-0.7132,4.69332,22.0,22.0,23.0,21.0,21.0,22.0,21.0,24.0,21.0,25.0,21.0,25.0,23.0,23.0,20.0,24.0,22.0,21.0,24.0,21.0,21.0,22.0,20.0,20.0,21.0,22.0,21.0,21.0,22.0,22.0,20.0,21.0,22.0,22.0,21.0,22.0,23.0,21.0,10.0,locate,0,0,2.7284
1788791618.1456,2026-09-07 16:33:38.145,15,d4,0,0,-0.04289,-0.50176,0.0509,-6.0901,12.4861,-23.4469,-0.1323,-0.0286,-0.7233,4.69231,24.0,21.0,24.0,23.0,21.0,24.0,22.0,23.0,22.0,24.0,22.0,24.0,24.0,23.0,22.0,23.0,24.0,21.0,22.0,21.0,21.0,22.0,20.0,20.0,21.0,22.0,21.0,21.0,22.0,22.0,20.0,21.0,22.0,22.0,21.0,22.0,23.0,21.0,10.0,locate,0,0,2.7373
1788791618.1957,2026-09-07 16:33:38.195,15,d4,0,0,-0.04297,-0.50193,0.04998,-6.022,12.0632,-23.315,-0.1206,-0.0328,-0.7264,4.6986,24.0,21.0,24.0,23.0,21.0,24.0,22.0,23.0,22.0,24.0,22.0,24.0,24.0,23.0,22.0,23.0,24.0,21.0,22.0,21.0,21.0,22.0,20.0,20.0,21.0,22.0,21.0,21.0,22.0,22.0,20.0,21.0,22.0,22.0,21.0,22.0,23.0,21.0,10.0,locate,0,0,2.6813
1788791618.2458,2026-09-07 16:33:38.245,15,d4,0,0,-0.043,-0.50194,0.04979,-5.8531,12.4753,-22.9295,-0.1312,-0.0251,-0.7166,4.70062,25.0,22.0,23.0,24.0,21.0,23.0,22.0,24.0,24.0,24.0,24.0,22.0,25.0,23.0,23.0,23.0,24.0,23.0,23.0,21.0,21.0,22.0,20.0,20.0,21.0,22.0,21.0,21.0,22.0,22.0,20.0,21.0,22.0,22.0,21.0,22.0,23.0,21.0,10.0,locate,0,0,2.6634
1788791618.2959,2026-09-07 16:33:38.295,15,d4,0,0,-0.043,-0.50194,0.04977,-6.3391,12.4923,-23.0888,-0.1313,-0.0413,-0.7151,4.69785,25.0,22.0,23.0,24.0,21.0,23.0,22.0,24.0,24.0,24.0,24.0,22.0,25.0,23.0,23.0,23.0,24.0,23.0,23.0,21.0,21.0,22.0,20.0,20.0,21.0,22.0,21.0,21.0,22.0,22.0,20.0,21.0,22.0,22.0,21.0,22.0,23.0,21.0,10.0,locate,0,0,2.6881
1788791618.346,2026-09-07 16:33:38.346,15,d4,0,0,-0.04302,-0.50196,0.0498,-5.9838,12.2706,-23.3377,-0.1273,-0.0298,-0.7026,4.6976,22.0,24.0,25.0,22.0,23.0,23.0,24.0,22.0,23.0,26.0,24.0,22.0,25.0,24.0,24.0,23.0,24.0,24.0,23.0,21.0,21.0,22.0,20.0,20.0,21.0,22.0,21.0,21.0,22.0,22.0,20.0,21.0,22.0,22.0,21.0,22.0,23.0,21.0,10.0,locate,0,0,2.6903
1788791618.3962,2026-09-07 16:33:38.396,15,d4,0,0,-0.04302,-0.50196,0.0498,-5.8356,12.1892,-23.2757,-0.1252,-0.0292,-0.7055,4.69357,24.0,23.0,24.0,22.0,22.0,24.0,24.0,21.0,23.0,24.0,22.0,21.0,25.0,24.0,22.0,23.0,23.0,23.0,23.0,21.0,21.0,22.0,20.0,20.0,21.0,22.0,21.0,21.0,22.0,22.0,20.0,21.0,22.0,22.0,21.0,22.0,23.0,21.0,10.0,locate,0,0,2.7261
1788791618.4463,2026-09-07 16:33:38.446,15,d4,0,0,-0.04304,-0.50199,0.04982,-6.2462,12.1786,-23.0752,-0.1236,-0.0392,-0.7057,4.6986,24.0,23.0,24.0,22.0,22.0,24.0,24.0,21.0,23.0,24.0,22.0,21.0,25.0,24.0,22.0,23.0,23.0,23.0,23.0,21.0,21.0,22.0,20.0,20.0,21.0,22.0,21.0,21.0,22.0,22.0,20.0,21.0,22.0,22.0,21.0,22.0,23.0,21.0,10.0,locate,0,0,2.6813
1788791618.4964,2026-09-07 16:33:38.496,15,d4,0,0,-0.04304,-0.50202,0.04984,-6.1922,12.378,-23.1368,-0.1279,-0.0357,-0.6938,4.69483,24.0,22.0,23.0,20.0,22.0,23.0,23.0,23.0,23.0,26.0,23.0,23.0,24.0,24.0,23.0,23.0,24.0,23.0,23.0,21.0,21.0,22.0,20.0,20.0,21.0,22.0,21.0,21.0,22.0,22.0,20.0,21.0,22.0,22.0,21.0,22.0,23.0,21.0,10.0,locate,0,0,2.7149
1788791618.5465,2026-09-07 16:33:38.546,15,d4,0,0,-0.04304,-0.50201,0.04982,-6.0555,12.1817,-23.2851,-0.1274,-0.0338,-0.689,4.69281,24.0,22.0,23.0,20.0,22.0,23.0,23.0,23.0,23.0,26.0,23.0,23.0,24.0,24.0,23.0,23.0,24.0,23.0,23.0,21.0,21.0,22.0,20.0,20.0,21.0,22.0,21.0,21.0,22.0,22.0,20.0,21.0,22.0,22.0,21.0,22.0,23.0,21.0,10.0,locate,0,0,2.7329
1788791618.5966,2026-09-07 16:33:38.596,15,d4,0,0,-0.04302,-0.50201,0.04982,-6.0611,12.6258,-23.2336,-0.1361,-0.0332,-0.6887,4.69986,24.0,22.0,25.0,23.0,22.0,25.0,24.0,22.0,23.0,26.0,23.0,22.0,24.0,25.0,22.0,23.0,26.0,22.0,24.0,21.0,21.0,22.0,20.0,20.0,21.0,22.0,21.0,21.0,22.0,22.0,20.0,21.0,22.0,22.0,21.0,22.0,23.0,21.0,10.0,locate,0,0,2.6701
1788791618.6467,2026-09-07 16:33:38.646,15,d4,0,0,-0.04305,-0.50201,0.04981,-5.864,12.0554,-22.8922,-0.1233,-0.026,-0.6855,4.68904,24.0,22.0,24.0,23.0,22.0,25.0,22.0,23.0,22.0,26.0,22.0,22.0,24.0,25.0,23.0,22.0,26.0,24.0,22.0,21.0,21.0,22.0,20.0,20.0,21.0,22.0,21.0,21.0,22.0,22.0,20.0,21.0,22.0,22.0,21.0,22.0,23.0,21.0,10.0,locate,0,0,2.7665
1788791618.6968,2026-09-07 16:33:38.696,15,d4,0,0,-0.04304,-0.50201,0.04981,-6.0955,11.874,-23.2265,-0.1187,-0.0371,-0.6798,4.69533,24.0,22.0,24.0,23.0,22.0,25.0,22.0,23.0,22.0,26.0,22.0,22.0,24.0,25.0,23.0,22.0,26.0,24.0,22.0,21.0,21.0,22.0,20.0,20.0,21.0,22.0,21.0,21.0,22.0,22.0,20.0,21.0,22.0,22.0,21.0,22.0,23.0,21.0,10.0,locate,0,0,2.7105
1788791618.7469,2026-09-07 16:33:38.746,15,d4,0,0,-0.04304,-0.50201,0.04982,-6.0288,11.9588,-23.0877,-0.1225,-0.0335,-0.6801,4.69558,23.0,23.0,25.0,22.0,22.0,26.0,23.0,22.0,24.0,26.0,22.0,22.0,25.0,24.0,23.0,21.0,25.0,22.0,21.0,21.0,21.0,22.0,20.0,20.0,21.0,22.0,21.0,21.0,22.0,22.0,20.0,21.0,22.0,22.0,21.0,22.0,23.0,21.0,10.0,locate,0,0,2.7082
1788791618.797,2026-09-07 16:33:38.797,15,d4,0,0,-0.04303,-0.502,0.04981,-6.1045,12.441,-23.1629,-0.1331,-0.0358,-0.6773,4.69659,23.0,23.0,25.0,22.0,22.0,26.0,23.0,22.0,24.0,26.0,22.0,22.0,25.0,24.0,23.0,21.0,25.0,22.0,21.0,21.0,21.0,22.0,20.0,20.0,21.0,22.0,21.0,21.0,22.0,22.0,20.0,21.0,22.0,22.0,21.0,22.0,23.0,21.0,10.0,locate,0,0,2.6993
1788791618.8472,2026-09-07 16:33:38.847,15,d4,0,0,-0.04304,-0.50201,0.04982,-6.1273,12.3742,-22.9538,-0.1283,-0.0359,-0.6787,4.69684,22.0,22.0,25.0,21.0,22.0,24.0,23.0,22.0,24.0,25.0,23.0,22.0,25.0,25.0,23.0,21.0,24.0,24.0,22.0,21.0,21.0,22.0,20.0,20.0,21.0,22.0,21.0,21.0,22.0,22.0,20.0,21.0,22.0,22.0,21.0,22.0,23.0,21.0,10.0,locate,0,0,2.697
1788791618.8973,2026-09-07 16:33:38.897,15,d4,0,0,-0.04304,-0.50201,0.04981,-6.1764,12.4034,-22.8913,-0.1318,-0.0385,-0.6781,4.69181,22.0,22.0,25.0,21.0,22.0,24.0,23.0,22.0,24.0,25.0,23.0,22.0,25.0,25.0,23.0,21.0,24.0,24.0,22.0,21.0,21.0,22.0,20.0,20.0,21.0,22.0,21.0,21.0,22.0,22.0,20.0,21.0,22.0,22.0,21.0,22.0,23.0,21.0,10.0,locate,0,0,2.7418
1788791618.9474,2026-09-07 16:33:38.947,15,d4,0,0,-0.04304,-0.50201,0.04982,-5.9203,12.5562,-23.0814,-0.1323,-0.0298,-0.6762,4.68979,24.0,22.0,24.0,23.0,24.0,25.0,24.0,24.0,22.0,25.0,22.0,22.0,23.0,25.0,23.0,23.0,24.0,22.0,23.0,21.0,21.0,22.0,20.0,20.0,21.0,22.0,21.0,21.0,22.0,22.0,20.0,21.0,22.0,22.0,21.0,22.0,23.0,21.0,10.0,locate,0,0,2.7597
1788791618.9975,2026-09-07 16:33:38.997,15,d4,0,0,-0.04304,-0.50201,0.04982,-6.1482,12.4047,-22.9632,-0.1308,-0.038,-0.6693,4.69961,23.0,23.0,24.0,24.0,21.0,24.0,23.0,23.0,23.0,26.0,23.0,22.0,25.0,25.0,24.0,22.0,26.0,24.0,22.0,21.0,21.0,22.0,20.0,20.0,21.0,22.0,21.0,21.0,22.0,22.0,20.0,21.0,22.0,22.0,21.0,22.0,23.0,21.0,10.0,locate,0,0,2.6724
1788791619.0476,2026-09-07 16:33:39.047,15,d4,0,0,-0.04304,-0.50201,0.04981,-6.0425,12.398,-23.1589,-0.1342,-0.0374,-0.6732,4.69583,23.0,23.0,24.0,24.0,21.0,24.0,23.0,23.0,23.0,26.0,23.0,22.0,25.0,25.0,24.0,22.0,26.0,24.0,22.0,21.0,21.0,22.0,20.0,20.0,21.0,22.0,21.0,21.0,22.0,22.0,20.0,21.0,22.0,22.0,21.0,22.0,23.0,21.0,10.0,locate,0,0,2.706
1788791619.0976,2026-09-07 16:33:39.097,15,d4,0,0,-0.04306,-0.50202,0.04982,-6.6215,12.5131,-22.8636,-0.136,-0.0466,-0.6784,4.69558,22.0,22.0,24.0,21.0,23.0,25.0,24.0,22.0,23.0,25.0,22.0,21.0,26.0,26.0,22.0,22.0,26.0,22.0,20.0,21.0,21.0,22.0,20.0,20.0,21.0,22.0,21.0,21.0,22.0,22.0,20.0,21.0,22.0,22.0,21.0,22.0,23.0,21.0,10.0,locate,0,0,2.7082
1788791619.1477,2026-09-07 16:33:39.147,15,d4,0,0,-0.04304,-0.50201,0.04982,-6.1842,12.1382,-22.9438,-0.1258,-0.0337,-0.6685,4.68979,22.0,22.0,24.0,21.0,23.0,25.0,24.0,22.0,23.0,25.0,22.0,21.0,26.0,26.0,22.0,22.0,26.0,22.0,20.0,21.0,21.0,22.0,20.0,20.0,21.0,22.0,21.0,21.0,22.0,22.0,20.0,21.0,22.0,22.0,21.0,22.0,23.0,21.0,10.0,locate,0,0,2.7597
1788791619.1979,2026-09-07 16:33:39.197,15,d4,0,0,-0.04301,-0.50201,0.04982,-6.2174,12.4741,-23.0155,-0.1322,-0.0405,-0.6734,4.6908,22.0,24.0,25.0,22.0,23.0,25.0,22.0,24.0,23.0,26.0,22.0,23.0,26.0,26.0,23.0,24.0,25.0,23.0,23.0,21.0,21.0,22.0,20.0,20.0,21.0,22.0,21.0,21.0,22.0,22.0,20.0,21.0,22.0,22.0,21.0,22.0,23.0,21.0,10.0,locate,0,0,2.7508
1788791619.2479,2026-09-07 16:33:39.247,15,d4,0,0,-0.04304,-0.50201,0.04982,-6.2782,12.375,-22.9145,-0.1354,-0.0408,-0.6729,4.70188,24.0,25.0,26.0,23.0,25.0,25.0,23.0,24.0,24.0,26.0,24.0,22.0,26.0,24.0,24.0,23.0,25.0,24.0,21.0,21.0,21.0,22.0,20.0,20.0,21.0,22.0,21.0,21.0,22.0,22.0,20.0,21.0,22.0,22.0,21.0,22.0,23.0,21.0,10.0,locate,0,0,2.6522
1788791619.298,2026-09-07 16:33:39.298,15,d4,0,0,-0.04304,-0.50201,0.04981,-6.0409,12.3052,-23.068,-0.1309,-0.0325,-0.667,4.69181,24.0,25.0,26.0,23.0,25.0,25.0,23.0,24.0,24.0,26.0,24.0,22.0,26.0,24.0,24.0,23.0,25.0,24.0,21.0,21.0,21.0,22.0,20.0,20.0,21.0,22.0,21.0,21.0,22.0,22.0,20.0,21.0,22.0,22.0,21.0,22.0,23.0,21.0,10.0,locate,0,0,2.7418
1788791619.3482,2026-09-07 16:33:39.348,15,d4,0,0,-0.04303,-0.502,0.0498,-6.1,12.3232,-22.8985,-0.1335,-0.0352,-0.6621,4.70439,23.0,24.0,25.0,23.0,23.0,24.0,24.0,23.0,23.0,26.0,25.0,21.0,24.0,26.0,24.0,23.0,26.0,24.0,24.0,21.0,21.0,22.0,20.0,20.0,21.0,22.0,21.0,21.0,22.0,22.0,20.0,21.0,22.0,22.0,21.0,22.0,23.0,21.0,10.0,locate,0,0,2.6298
1788791619.3983,2026-09-07 16:33:39.398,15,d4,0,0,-0.04302,-0.50201,0.04983,-5.8169,12.0581,-23.1031,-0.1233,-0.0261,-0.6647,4.69231,23.0,24.0,25.0,23.0,23.0,24.0,24.0,23.0,23.0,26.0,25.0,21.0,24.0,26.0,24.0,23.0,26.0,24.0,24.0,21.0,21.0,22.0,20.0,20.0,21.0,22.0,21.0,21.0,22.0,22.0,20.0,21.0,22.0,22.0,21.0,22.0,23.0,21.0,10.0,locate,0,0,2.7373
1788791619.4484,2026-09-07 16:33:39.448,15,d4,0,0,-0.04303,-0.50202,0.04981,-6.275,12.4949,-22.9654,-0.1346,-0.039,-0.6655,4.69609,24.0,23.0,25.0,23.0,22.0,26.0,25.0,25.0,23.0,24.0,23.0,24.0,25.0,24.0,23.0,23.0,25.0,23.0,24.0,21.0,21.0,22.0,20.0,20.0,21.0,22.0,21.0,21.0,22.0,22.0,20.0,21.0,22.0,22.0,21.0,22.0,23.0,21.0,10.0,locate,0,0,2.7037
1788791619.4985,2026-09-07 16:33:39.498,15,d4,0,0,-0.04304,-0.50201,0.04982,-6.0666,12.2011,-22.7683,-0.1307,-0.0332,-0.6594,4.70087,24.0,22.0,23.0,24.0,23.0,23.0,23.0,23.0,24.0,27.0,23.0,21.0,26.0,25.0,23.0,23.0,25.0,22.0,24.0,21.0,21.0,22.0,20.0,20.0,21.0,22.0,21.0,21.0,22.0,22.0,20.0,21.0,22.0,22.0,21.0,22.0,23.0,21.0,10.0,locate,0,0,2.6612
1788791619.5486,2026-09-07 16:33:39.548,15,d4,0,0,-0.04303,-0.502,0.0498,-5.9419,11.9701,-22.9579,-0.1251,-0.0309,-0.6582,4.69206,24.0,22.0,23.0,24.0,23.0,23.0,23.0,23.0,24.0,27.0,23.0,21.0,26.0,25.0,23.0,23.0,25.0,22.0,24.0,21.0,21.0,22.0,20.0,20.0,21.0,22.0,21.0,21.0,22.0,22.0,20.0,21.0,22.0,22.0,21.0,22.0,23.0,21.0,10.0,locate,0,0,2.7396
1788791619.5988,2026-09-07 16:33:39.598,15,d4,0,0,-0.04306,-0.50201,0.04981,-5.9848,12.1135,-23.2251,-0.1227,-0.0324,-0.6595,4.70087,23.0,24.0,26.0,23.0,23.0,26.0,23.0,23.0,23.0,26.0,23.0,22.0,24.0,27.0,22.0,22.0,26.0,23.0,23.0,21.0,21.0,22.0,20.0,20.0,21.0,22.0,21.0,21.0,22.0,22.0,20.0,21.0,22.0,22.0,21.0,22.0,23.0,21.0,10.0,locate,0,0,2.6612
1788791619.6489,2026-09-07 16:33:39.648,15,d4,0,0,-0.04302,-0.502,0.04982,-5.9023,12.1809,-23.139,-0.1259,-0.0309,-0.6568,4.69483,23.0,24.0,26.0,23.0,23.0,26.0,23.0,23.0,23.0,26.0,23.0,22.0,24.0,27.0,22.0,22.0,26.0,23.0,23.0,21.0,21.0,22.0,20.0,20.0,21.0,22.0,21.0,21.0,22.0,22.0,20.0,21.0,22.0,22.0,21.0,22.0,23.0,21.0,10.0,locate,0,0,2.7149
1788791619.699,2026-09-07 16:33:39.699,15,d4,0,0,-0.04303,-0.50201,0.04981,-6.0067,12.0836,-23.1056,-0.1251,-0.0301,-0.6598,4.70011,22.0,23.0,25.0,22.0,23.0,25.0,23.0,23.0,22.0,23.0,24.0,22.0,24.0,22.0,23.0,21.0,23.0,24.0,23.0,21.0,21.0,22.0,20.0,20.0,21.0,22.0,21.0,21.0,22.0,22.0,20.0,21.0,22.0,22.0,21.0,22.0,23.0,21.0,10.0,locate,0,0,2.6679
1788791619.7492,2026-09-07 16:33:39.749,15,d4,0,0,-0.04303,-0.50201,0.04982,-5.9932,12.2438,-22.9417,-0.1312,-0.0345,-0.6618,4.6913,23.0,22.0,22.0,21.0,22.0,23.0,25.0,22.0,23.0,24.0,23.0,21.0,24.0,24.0,23.0,22.0,26.0,23.0,23.0,21.0,21.0,22.0,20.0,20.0,21.0,22.0,21.0,21.0,22.0,22.0,20.0,21.0,22.0,22.0,21.0,22.0,23.0,21.0,10.0,locate,0,0,2.7463
1788791619.7993,2026-09-07 16:33:39.799,15,d4,0,0,-0.04303,-0.50201,0.04981,-6.0942,12.4299,-22.9398,-0.134,-0.0339,-0.6599,4.69986,23.0,22.0,22.0,21.0,22.0,23.0,25.0,22.0,23.0,24.0,23.0,21.0,24.0,24.0,23.0,22.0,26.0,23.0,23.0,21.0,21.0,22.0,20.0,20.0,21.0,22.0,21.0,21.0,22.0,22.0,20.0,21.0,22.0,22.0,21.0,22.0,23.0,21.0,10.0,locate,0,0,2.6701
1788791619.8493,2026-09-07 16:33:39.849,15,d4,0,0,-0.04304,-0.50202,0.04982,-5.9165,11.964,-22.9346,-0.1242,-0.0284,-0.6603,4.6903,24.0,23.0,24.0,22.0,22.0,24.0,23.0,22.0,24.0,25.0,23.0,20.0,25.0,25.0,24.0,21.0,25.0,23.0,22.0,21.0,21.0,22.0,20.0,20.0,21.0,22.0,21.0,21.0,22.0,22.0,20.0,21.0,22.0,22.0,21.0,22.0,23.0,21.0,10.0,locate,0,0,2.7553
1788791619.8994,2026-09-07 16:33:39.899,15,d4,0,0,-0.04301,-0.50201,0.04981,-6.1301,12.0104,-22.9796,-0.1209,-0.0358,-0.6554,4.70238,24.0,23.0,24.0,22.0,22.0,24.0,23.0,22.0,24.0,25.0,23.0,20.0,25.0,25.0,24.0,21.0,25.0,23.0,22.0,21.0,21.0,22.0,20.0,20.0,21.0,22.0,21.0,21.0,22.0,22.0,20.0,21.0,22.0,22.0,21.0,22.0,23.0,21.0,10.0,locate,0,0,2.6477
1788791619.9494,2026-09-07 16:33:39.949,15,d4,0,0,-0.04303,-0.50201,0.0498,-6.387,12.3612,-22.959,-0.1298,-0.0426,-0.6585,4.70087,23.0,25.0,25.0,23.0,24.0,24.0,23.0,24.0,24.0,25.0,24.0,23.0,26.0,25.0,25.0,22.0,25.0,25.0,23.0,21.0,21.0,22.0,20.0,20.0,21.0,22.0,21.0,21.0,22.0,22.0,20.0,21.0,22.0,22.0,21.0,22.0,23.0,21.0,10.0,locate,0,0,2.6612
1788791619.9995,2026-09-07 16:33:39.999,15,d4,0,0,-0.04304,-0.502,0.04982,-5.8651,12.0145,-22.933,-0.1249,-0.027,-0.6554,4.69105,23.0,25.0,25.0,23.0,24.0,24.0,23.0,24.0,24.0,25.0,24.0,23.0,26.0,25.0,25.0,22.0,25.0,25.0,23.0,21.0,21.0,22.0,20.0,20.0,21.0,22.0,21.0,21.0,22.0,22.0,20.0,21.0,22.0,22.0,21.0,22.0,23.0,21.0,10.0,locate,0,0,2.7485
1788791620.0497,2026-09-07 16:33:40.049,15,d4,0,0,-0.04303,-0.50201,0.04981,-6.1214,12.1279,-22.9835,-0.1267,-0.0341,-0.6516,4.6981,22.0,23.0,25.0,22.0,23.0,24.0,24.0,23.0,24.0,25.0,22.0,22.0,25.0,26.0,23.0,24.0,25.0,24.0,24.0,21.0,21.0,22.0,20.0,20.0,21.0,22.0,21.0,21.0,22.0,22.0,20.0,21.0,22.0,22.0,21.0,22.0,23.0,21.0,10.0,locate,0,0,2.6858
1788791620.0999,2026-09-07 16:33:40.099,15,d4,0,0,-0.04301,-0.502,0.04981,-5.8746,11.9196,-23.0275,-0.1205,-0.0259,-0.6524,4.69483,24.0,23.0,25.0,24.0,22.0,25.0,23.0,24.0,23.0,27.0,23.0,23.0,25.0,26.0,23.0,24.0,26.0,24.0,24.0,21.0,21.0,22.0,20.0,20.0,21.0,22.0,21.0,21.0,22.0,22.0,20.0,21.0,22.0,22.0,21.0,22.0,23.0,21.0,10.0,locate,0,0,2.7149
1788791620.15,2026-09-07 16:33:40.149,15,d4,0,0,-0.04304,-0.50202,0.04982,-6.0072,12.1611,-22.8709,-0.1276,-0.0335,-0.6558,4.69181,24.0,23.0,25.0,24.0,22.0,25.0,23.0,24.0,23.0,27.0,23.0,23.0,25.0,26.0,23.0,24.0,26.0,24.0,24.0,21.0,21.0,22.0,20.0,20.0,21.0,22.0,21.0,21.0,22.0,22.0,20.0,21.0,22.0,22.0,21.0,22.0,23.0,21.0,10.0,locate,0,0,2.7418
1788791620.2001,2026-09-07 16:33:40.200,15,d4,0,0,-0.04303,-0.50201,0.04982,-6.0946,12.2009,-22.8938,-0.1263,-0.0318,-0.6573,4.70162,24.0,22.0,26.0,22.0,24.0,25.0,24.0,24.0,24.0,25.0,24.0,23.0,26.0,25.0,25.0,25.0,26.0,25.0,25.0,21.0,21.0,22.0,20.0,20.0,21.0,22.0,21.0,21.0,22.0,22.0,20.0,21.0,22.0,22.0,21.0,22.0,23.0,21.0,10.0,locate,0,0,2.6545
1788791620.2503,2026-09-07 16:33:40.250,15,d4,1,0,-0.04303,-0.50202,0.04983,-5.893,11.9185,-22.8448,-0.1222,-0.0271,-0.6527,4.69785,24.0,22.0,26.0,22.0,24.0,25.0,24.0,24.0,24.0,25.0,24.0,23.0,26.0,25.0,25.0,25.0,26.0,25.0,25.0,21.0,21.0,22.0,20.0,20.0,21.0,22.0,21.0,21.0,22.0,22.0,20.0,21.0,22.0,22.0,21.0,22.0,23.0,21.0,10.0,press,0,0,2.6881
1788791620.3004,2026-09-07 16:33:40.300,15,d4,1,0,-0.04304,-0.502,0.04979,-6.0342,12.4596,-22.9012,-0.1331,-0.0345,-0.6543,4.69936,26.0,24.0,25.0,25.0,23.0,25.0,25.0,22.0,25.0,27.0,23.0,21.0,26.0,26.0,24.0,23.0,27.0,23.0,23.0,21.0,21.0,22.0,20.0,20.0,21.0,22.0,21.0,21.0,22.0,22.0,20.0,21.0,22.0,22.0,21.0,22.0,23.0,21.0,10.0,press,0,0,2.6746
1788791620.3505,2026-09-07 16:33:40.350,15,d4,1,0,-0.04304,-0.50202,0.04975,-6.0116,11.8981,-22.9293,-0.1208,-0.0296,-0.6501,4.69382,24.0,23.0,25.0,23.0,23.0,25.0,23.0,24.0,24.0,26.0,23.0,23.0,27.0,24.0,23.0,22.0,25.0,24.0,22.0,21.0,21.0,22.0,20.0,20.0,21.0,22.0,21.0,21.0,22.0,22.0,20.0,21.0,22.0,22.0,21.0,22.0,23.0,21.0,10.0,press,0,0,2.7239
1788791620.4005,2026-09-07 16:33:40.400,15,d4,1,0,-0.04302,-0.50202,0.04964,-5.9922,12.2192,-22.9152,-0.1314,-0.0318,-0.6484,4.69458,24.0,23.0,25.0,23.0,23.0,25.0,23.0,24.0,24.0,26.0,23.0,23.0,27.0,24.0,23.0,22.0,25.0,24.0,22.0,21.0,21.0,22.0,20.0,20.0,21.0,22.0,21.0,21.0,22.0,22.0,20.0,21.0,22.0,22.0,21.0,22.0,23.0,21.0,10.0,press,0,0,2.7172
1788791620.4506,2026-09-07 16:33:40.450,15,d4,1,0,-0.04303,-0.50202,0.04949,-6.0063,11.8673,-22.6281,-0.122,-0.0297,-0.6481,4.69785,25.0,25.0,24.0,24.0,25.0,25.0,24.0,24.0,25.0,24.0,23.0,23.0,26.0,25.0,23.0,25.0,23.0,23.0,24.0,21.0,21.0,22.0,20.0,20.0,21.0,22.0,21.0,21.0,22.0,22.0,20.0,21.0,22.0,22.0,21.0,22.0,23.0,21.0,10.0,press,0,0,2.6881
1788791620.5008,2026-09-07 16:33:40.500,15,d4,1,0,-0.04304,-0.50203,0.04932,-5.6849,12.3716,-22.8602,-0.1358,-0.026,-0.6439,4.69886,25.0,25.0,24.0,24.0,25.0,25.0,24.0,24.0,25.0,24.0,23.0,23.0,26.0,25.0,23.0,25.0,23.0,23.0,24.0,21.0,21.0,22.0,20.0,20.0,21.0,22.0,21.0,21.0,22.0,22.0,20.0,21.0,22.0,22.0,21.0,22.0,23.0,21.0,10.0,press,0,0,2.6791
1788791620.5508,2026-09-07 16:33:40.550,15,d4,1,0,-0.04304,-0.50203,0.04912,-6.2831,12.5751,-22.7947,-0.1386,-0.0384,-0.6525,4.69533,23.0,24.0,24.0,22.0,24.0,24.0,22.0,24.0,25.0,26.0,23.0,23.0,25.0,25.0,24.0,22.0,25.0,23.0,23.0,21.0,21.0,22.0,20.0,20.0,21.0,22.0,21.0,21.0,22.0,22.0,20.0,21.0,22.0,22.0,21.0,22.0,23.0,21.0,10.0,press,0,0,2.7105
1788791620.6009,2026-09-07 16:33:40.600,15,d4,1,0,-0.04304,-0.50203,0.0489,-6.0986,12.1874,-22.9551,-0.126,-0.0375,-0.6448,4.69105,25.0,24.0,24.0,23.0,24.0,25.0,23.0,24.0,23.0,26.0,22.0,23.0,24.0,26.0,22.0,24.0,26.0,22.0,25.0,21.0,21.0,22.0,20.0,20.0,21.0,22.0,21.0,21.0,22.0,22.0,20.0,21.0,22.0,22.0,21.0,22.0,23.0,21.0,10.0,press,0,0,2.7485
1788791620.6511,2026-09-07 16:33:40.651,15,d4,1,0,-0.04306,-0.50205,0.0487,-6.1815,12.2859,-22.9121,-0.132,-0.0372,-0.639,4.69986,25.0,24.0,24.0,23.0,24.0,25.0,23.0,24.0,23.0,26.0,22.0,23.0,24.0,26.0,22.0,24.0,26.0,22.0,25.0,21.0,21.0,22.0,20.0,20.0,21.0,22.0,21.0,21.0,22.0,22.0,20.0,21.0,22.0,22.0,21.0,22.0,23.0,21.0,10.0,press,0,0,2.6701
1788791620.7011,2026-09-07 16:33:40.701,15,d4,1,0,-0.04303,-0.50204,0.0484,-5.9523,12.2713,-22.8662,-0.1333,-0.0328,-0.6464,4.69609,24.0,24.0,24.0,23.0,22.0,25.0,22.0,23.0,24.0,26.0,22.0,24.0,25.0,25.0,22.0,22.0,25.0,23.0,23.0,21.0,21.0,22.0,20.0,20.0,21.0,22.0,21.0,21.0,22.0,22.0,20.0,21.0,22.0,22.0,21.0,22.0,23.0,21.0,10.0,press,0,0,2.7037
1788791620.7513,2026-09-07 16:33:40.751,15,d4,1,0,-0.04305,-0.50203,0.04807,-5.9391,12.2261,-23.0482,-0.1256,-0.034,-0.6475,4.69709,24.0,24.0,24.0,23.0,22.0,25.0,22.0,23.0,24.0,26.0,22.0,24.0,25.0,25.0,22.0,22.0,25.0,23.0,23.0,21.0,21.0,22.0,20.0,20.0,21.0,22.0,21.0,21.0,22.0,22.0,20.0,21.0,22.0,22.0,21.0,22.0,23.0,21.0,10.0,press,0,0,2.6948
1788791620.8014,2026-09-07 16:33:40.801,15,d4,1,0,-0.04305,-0.50203,0.04775,-5.9499,12.2243,-22.9873,-0.1301,-0.0305,-0.6461,4.69155,25.0,24.0,24.0,25.0,23.0,25.0,23.0,23.0,24.0,25.0,23.0,22.0,26.0,24.0,23.0,21.0,24.0,23.0,22.0,21.0,21.0,22.0,20.0,20.0,21.0,22.0,21.0,21.0,22.0,22.0,20.0,21.0,22.0,22.0,21.0,22.0,23.0,21.0,10.0,press,0,0,2.7441
1788791620.8514,2026-09-07 16:33:40.851,15,d4,1,0,-0.04301,-0.502,0.04739,-6.2219,12.234,-22.8874,-0.1288,-0.0356,-0.6497,4.68702,24.0,23.0,24.0,22.0,23.0,24.0,23.0,24.0,24.0,27.0,24.0,23.0,25.0,26.0,25.0,24.0,26.0,24.0,24.0,21.0,21.0,22.0,20.0,20.0,21.0,22.0,21.0,21.0,22.0,22.0,20.0,21.0,22.0,22.0,21.0,22.0,23.0,21.0,10.0,press,0,0,2.7844
1788791620.9016,2026-09-07 16:33:40.901,15,d4,1,0,-0.04304,-0.50202,0.04709,-5.7446,12.0548,-22.9684,-0.1273,-0.0272,-0.6424,4.6986,24.0,23.0,24.0,22.0,23.0,24.0,23.0,24.0,24.0,27.0,24.0,23.0,25.0,26.0,25.0,24.0,26.0,24.0,24.0,21.0,21.0,22.0,20.0,20.0,21.0,22.0,21.0,21.0,22.0,22.0,20.0,21.0,22.0,22.0,21.0,22.0,23.0,21.0,10.0,press,0,0,2.6813
1788791620.9517,2026-09-07 16:33:40.951,15,d4,1,0,-0.04302,-0.50203,0.04675,-5.9409,12.3204,-23.0489,-0.1285,-0.0308,-0.6446,4.69533,23.0,23.0,25.0,23.0,23.0,25.0,24.0,26.0,25.0,26.0,25.0,24.0,25.0,26.0,24.0,24.0,26.0,25.0,24.0,21.0,21.0,22.0,20.0,20.0,21.0,22.0,21.0,21.0,22.0,22.0,20.0,21.0,22.0,22.0,21.0,22.0,23.0,21.0,10.0,press,0,0,2.7105
1788791621.0017,2026-09-07 16:33:41.001,15,d4,1,0,-0.04305,-0.50202,0.0464,-6.1421,12.4796,-23.1475,-0.1354,-0.0358,-0.6477,4.69206,23.0,23.0,25.0,23.0,23.0,25.0,24.0,26.0,25.0,26.0,25.0,24.0,25.0,26.0,24.0,24.0,26.0,25.0,24.0,21.0,21.0,22.0,20.0,20.0,21.0,22.0,21.0,21.0,22.0,22.0,20.0,21.0,22.0,22.0,21.0,22.0,23.0,21.0,10.0,press,0,0,2.7396
1788791621.0519,2026-09-07 16:33:41.051,15,d4,1,0,-0.04304,-0.50203,0.04608,-5.8354,11.8816,-22.8442,-0.1207,-0.0272,-0.641,4.70087,24.0,24.0,24.0,24.0,25.0,25.0,25.0,22.0,24.0,27.0,24.0,22.0,26.0,27.0,25.0,21.0,26.0,25.0,24.0,21.0,21.0,22.0,20.0,20.0,21.0,22.0,21.0,21.0,22.0,22.0,20.0,21.0,22.0,22.0,21.0,22.0,23.0,21.0,10.0,press,0,0,2.6612
1788791621.102,2026-09-07 16:33:41.102,15,d4,1,0,-0.04304,-0.50203,0.04574,-6.2739,12.5604,-22.9788,-0.1365,-0.0389,-0.6481,4.69256,24.0,24.0,24.0,24.0,25.0,25.0,25.0,22.0,24.0,27.0,24.0,22.0,26.0,27.0,25.0,21.0,26.0,25.0,24.0,21.0,21.0,22.0,20.0,20.0,21.0,22.0,21.0,21.0,22.0,22.0,20.0,21.0,22.0,22.0,21.0,22.0,23.0,21.0,10.0,press,0,0,2.7351
1788791621.1521,2026-09-07 16:33:41.152,15,d4,1,0,-0.04305,-0.50204,0.04543,-5.9794,12.2015,-23.0425,-0.1305,-0.0323,-0.6422,4.68954,24.0,25.0,25.0,24.0,24.0,25.0,25.0,24.0,24.0,28.0,25.0,22.0,26.0,26.0,26.0,22.0,26.0,26.0,23.0,21.0,21.0,22.0,20.0,20.0,21.0,22.0,21.0,21.0,22.0,22.0,20.0,21.0,22.0,22.0,21.0,22.0,23.0,21.0,10.0,press,0,0,2.762
1788791621.2023,2026-09-07 16:33:41.202,15,d4,1,0,-0.04304,-0.50201,0.04508,-5.9072,12.0065,-23.3288,-0.127,-0.0326,-0.6424,4.68652,24.0,24.0,24.0,22.0,23.0,24.0,24.0,22.0,24.0,27.0,25.0,21.0,27.0,26.0,26.0,21.0,25.0,26.0,21.0,21.0,21.0,22.0,20.0,20.0,21.0,22.0,21.0,21.0,22.0,22.0,20.0,21.0,22.0,22.0,21.0,22.0,23.0,21.0,10.0,press,0,0,2.7889
1788791621.2524,2026-09-07 16:33:41.252,15,d4,1,0,-0.04303,-0.50201,0.04474,-5.9132,12.0746,-22.7838,-0.1272,-0.0302,-0.6426,4.66184,24.0,24.0,24.0,22.0,23.0,24.0,24.0,22.0,24.0,27.0,25.0,21.0,27.0,26.0,26.0,21.0,25.0,26.0,21.0,21.0,21.0,22.0,20.0,20.0,21.0,22.0,21.0,21.0,22.0,22.0,20.0,21.0,22.0,22.0,21.0,22.0,23.0,21.0,10.0,press,0,0,3.0084
1788791621.3025,2026-09-07 16:33:41.302,15,d4,1,0,-0.04304,-0.50204,0.04441,-6.0435,12.264,-22.776,-0.1344,-0.0332,-0.6391,4.64296,23.0,25.0,25.0,23.0,24.0,25.0,25.0,24.0,24.0,25.0,26.0,23.0,26.0,25.0,26.0,24.0,25.0,25.0,23.0,21.0,21.0,22.0,20.0,20.0,21.0,22.0,21.0,21.0,22.0,22.0,20.0,21.0,22.0,22.0,21.0,22.0,23.0,21.0,10.0,press,0,0,3.1764
1788791621.3526,2026-09-07 16:33:41.352,15,d4,1,0,-0.04303,-0.50202,0.04407,-5.9418,12.0892,-22.7557,-0.1255,-0.0307,-0.6466,4.61376,23.0,25.0,25.0,23.0,24.0,25.0,25.0,24.0,24.0,25.0,26.0,23.0,26.0,25.0,26.0,24.0,25.0,25.0,23.0,21.0,21.0,22.0,20.0,20.0,21.0,22.0,21.0,21.0,22.0,22.0,20.0,21.0,22.0,22.0,21.0,22.0,23.0,21.0,10.0,press,0,0,3.4362
1788791621.4028,2026-09-07 16:33:41.402,15,d4,1,0,-0.04305,-0.50203,0.04374,-6.1248,12.389,-22.409,-0.1313,-0.0349,-0.6434,4.58984,25.0,24.0,25.0,24.0,24.0,25.0,24.0,24.0,25.0,29.0,27.0,24.0,26.0,28.0,28.0,24.0,27.0,27.0,24.0,21.0,21.0,22.0,20.0,20.0,21.0,22.0,21.0,21.0,22.0,22.0,20.0,21.0,22.0,22.0,21.0,22.0,23.0,21.0,10.0,press,0,0,3.649
1788791621.4529,2026-09-07 16:33:41.452,15,d4,1,0,-0.04302,-0.50203,0.04339,-6.0062,12.1816,-22.4331,-0.1253,-0.0312,-0.6406,4.54527,25.0,23.0,25.0,24.0,24.0,25.0,24.0,27.0,27.0,30.0,27.0,24.0,27.0,29.0,28.0,25.0,27.0,26.0,25.0,21.0,21.0,22.0,20.0,20.0,21.0,22.0,21.0,21.0,22.0,22.0,20.0,21.0,22.0,22.0,21.0,22.0,23.0,21.0,10.0,press,0,0,4.0454
1788791621.5031,2026-09-07 16:33:41.503,15,d4,1,0,-0.04305,-0.50203,0.04306,-6.0473,12.3463,-22.174,-0.1223,-0.0328,-0.6414,4.50449,25.0,23.0,25.0,24.0,24.0,25.0,24.0,27.0,27.0,30.0,27.0,24.0,27.0,29.0,28.0,25.0,27.0,26.0,25.0,21.0,21.0,22.0,20.0,20.0,21.0,22.0,21.0,21.0,22.0,22.0,20.0,21.0,22.0,22.0,21.0,22.0,23.0,21.0,10.0,press,0,0,4.4083
1788791621.5532,2026-09-07 16:33:41.553,15,d4,1,0,-0.04302,-0.50201,0.04271,-6.2968,12.7326,-21.959,-0.1323,-0.0369,-0.6449,4.45917,26.0,25.0,25.0,25.0,24.0,26.0,25.0,23.0,26.0,29.0,29.0,22.0,26.0,29.0,30.0,23.0,28.0,29.0,24.0,21.0,21.0,22.0,20.0,20.0,21.0,22.0,21.0,21.0,22.0,22.0,20.0,21.0,22.0,22.0,21.0,22.0,23.0,21.0,10.0,press,0,0,4.8115
1788791621.6033,2026-09-07 16:33:41.603,15,d4,1,0,-0.04303,-0.50202,0.04238,-6.2091,12.6043,-21.6985,-0.1232,-0.0356,-0.6399,4.39119,26.0,25.0,25.0,25.0,24.0,26.0,25.0,23.0,26.0,29.0,29.0,22.0,26.0,29.0,30.0,23.0,28.0,29.0,24.0,21.0,21.0,22.0,20.0,20.0,21.0,22.0,21.0,21.0,22.0,22.0,20.0,21.0,22.0,22.0,21.0,22.0,23.0,21.0,10.0,press,0,0,5.4163
1788791621.6534,2026-09-07 16:33:41.653,15,d4,1,0,-0.04304,-0.50202,0.04203,-6.1445,13.1037,-21.5883,-0.1326,-0.0341,-0.6361,4.3363,23.0,23.0,25.0,23.0,24.0,26.0,26.0,24.0,25.0,29.0,27.0,23.0,28.0,31.0,27.0,25.0,29.0,27.0,25.0,21.0,21.0,22.0,20.0,20.0,21.0,22.0,21.0,21.0,22.0,22.0,20.0,21.0,22.0,22.0,21.0,22.0,23.0,21.0,10.0,press,0,0,5.9046
1788791621.7035,2026-09-07 16:33:41.703,15,d4,1,0,-0.04304,-0.50202,0.0417,-6.2882,13.036,-21.3126,-0.1258,-0.0349,-0.6387,4.25397,25.0,23.0,25.0,24.0,23.0,26.0,23.0,25.0,27.0,30.0,28.0,24.0,28.0,32.0,27.0,24.0,28.0,27.0,25.0,21.0,21.0,22.0,20.0,20.0,21.0,22.0,21.0,21.0,22.0,22.0,20.0,21.0,22.0,22.0,21.0,22.0,23.0,21.0,10.0,press,0,0,6.637
1788791621.7537,2026-09-07 16:33:41.753,15,d4,1,0,-0.04304,-0.50203,0.04139,-6.1066,12.7791,-21.036,-0.1177,-0.0291,-0.6403,4.18901,25.0,23.0,25.0,24.0,23.0,26.0,23.0,25.0,27.0,30.0,28.0,24.0,28.0,32.0,27.0,24.0,28.0,27.0,25.0,21.0,21.0,22.0,20.0,20.0,21.0,22.0,21.0,21.0,22.0,22.0,20.0,21.0,22.0,22.0,21.0,22.0,23.0,21.0,10.0,press,0,0,7.2149
1788791621.8038,2026-09-07 16:33:41.803,15,d4,1,0,-0.04303,-0.50201,0.04106,-6.0511,12.7518,-20.5382,-0.1138,-0.0269,-0.6462,4.09913,25.0,25.0,26.0,25.0,25.0,27.0,23.0,25.0,26.0,32.0,29.0,24.0,29.0,34.0,25.0,24.0,29.0,29.0,25.0,21.0,21.0,22.0,20.0,20.0,21.0,22.0,21.0,21.0,22.0,22.0,20.0,21.0,22.0,22.0,21.0,22.0,23.0,21.0,10.0,press,0,0,8.0145
1788791621.8539,2026-09-07 16:33:41.853,15,d4,1,0,-0.04303,-0.50201,0.0408,-6.279,12.5959,-20.4959,-0.1032,-0.0353,-0.6308,4.02184,25.0,25.0,26.0,25.0,25.0,27.0,23.0,25.0,26.0,32.0,29.0,24.0,29.0,34.0,25.0,24.0,29.0,29.0,25.0,21.0,21.0,22.0,20.0,20.0,21.0,22.0,21.0,21.0,22.0,22.0,20.0,21.0,22.0,22.0,21.0,22.0,23.0,21.0,10.0,press,0,0,8.7022
1788791621.904,2026-09-07 16:33:41.904,15,d4,1,0,-0.04306,-0.50203,0.04058,-6.1085,13.1287,-19.9188,-0.1176,-0.0288,-0.6321,3.95914,25.0,25.0,24.0,24.0,24.0,26.0,25.0,21.0,26.0,34.0,32.0,22.0,28.0,36.0,25.0,23.0,29.0,29.0,22.0,21.0,21.0,22.0,20.0,20.0,21.0,22.0,21.0,21.0,22.0,22.0,20.0,21.0,22.0,22.0,21.0,22.0,23.0,21.0,10.0,press,0,0,9.2599
1788791621.9541,2026-09-07 16:33:41.954,15,d4,1,0,-0.04306,-0.50203,0.04037,-6.1009,13.2565,-19.7524,-0.1163,-0.0294,-0.6333,3.87832,24.0,24.0,26.0,23.0,24.0,27.0,25.0,22.0,26.0,35.0,31.0,21.0,29.0,40.0,23.0,21.0,30.0,29.0,23.0,21.0,21.0,22.0,20.0,20.0,21.0,22.0,21.0,21.0,22.0,22.0,20.0,21.0,22.0,22.0,21.0,22.0,23.0,21.0,10.0,press,0,0,9.9789
1788791622.0042,2026-09-07 16:33:42.004,15,d4,1,0,-0.04306,-0.50203,0.0402,-6.2095,12.4531,-19.5002,-0.0964,-0.0318,-0.6341,3.81866,24.0,24.0,26.0,23.0,24.0,27.0,25.0,22.0,26.0,35.0,31.0,21.0,29.0,40.0,23.0,21.0,30.0,29.0,23.0,21.0,21.0,22.0,20.0,20.0,21.0,22.0,21.0,21.0,22.0,22.0,20.0,21.0,22.0,22.0,21.0,22.0,23.0,21.0,10.0,press,0,0,10.5098
1788791622.0543,2026-09-07 16:33:42.054,15,d4,1,0,-0.04305,-0.50204,0.0401,-6.1045,12.8381,-19.375,-0.103,-0.0301,-0.6316,3.79297,24.0,26.0,26.0,23.0,24.0,28.0,24.0,22.0,27.0,35.0,33.0,20.0,29.0,40.0,26.0,22.0,29.0,32.0,22.0,21.0,21.0,22.0,20.0,20.0,21.0,22.0,21.0,21.0,22.0,22.0,20.0,21.0,22.0,22.0,21.0,22.0,23.0,21.0,10.0,press,0,0,10.7382
1788791622.1045,2026-09-07 16:33:42.104,15,d4,1,0,-0.04305,-0.50203,0.03999,-6.2311,12.8614,-19.1841,-0.1055,-0.0353,-0.6383,3.76125,24.0,26.0,26.0,23.0,24.0,28.0,24.0,22.0,27.0,35.0,33.0,20.0,29.0,40.0,26.0,22.0,29.0,32.0,22.0,21.0,21.0,22.0,20.0,20.0,21.0,22.0,21.0,21.0,22.0,22.0,20.0,21.0,22.0,22.0,21.0,22.0,23.0,21.0,10.0,press,0,0,11.0205
1788791622.1546,2026-09-07 16:33:42.154,15,d4,1,0,-0.04302,-0.50204,0.03994,-6.5223,13.3154,-19.3484,-0.1141,-0.0424,-0.6357,3.74614,23.0,24.0,25.0,22.0,25.0,28.0,26.0,22.0,27.0,35.0,33.0,21.0,29.0,41.0,25.0,22.0,30.0,29.0,22.0,21.0,21.0,22.0,20.0,20.0,21.0,22.0,21.0,21.0,22.0,22.0,20.0,21.0,22.0,22.0,21.0,22.0,23.0,21.0,10.0,press,0,0,11.1549
1788791622.2046,2026-09-07 16:33:42.204,15,d4,1,0,-0.04304,-0.50202,0.03987,-6.0755,12.8323,-19.353,-0.1016,-0.0315,-0.6264,3.73129,23.0,24.0,25.0,22.0,25.0,28.0,26.0,22.0,27.0,35.0,33.0,21.0,29.0,41.0,25.0,22.0,30.0,29.0,22.0,21.0,21.0,22.0,20.0,20.0,21.0,22.0,21.0,21.0,22.0,22.0,20.0,21.0,22.0,22.0,21.0,22.0,23.0,21.0,10.0,press,0,0,11.287
1788791622.2548,2026-09-07 16:33:42.254,15,d4,1,0,-0.04305,-0.50203,0.03986,-6.1504,12.8263,-19.1957,-0.0991,-0.0322,-0.6292,3.74086,23.0,26.0,25.0,22.0,26.0,28.0,26.0,23.0,27.0,35.0,32.0,23.0,30.0,41.0,26.0,24.0,30.0,31.0,23.0,21.0,21.0,22.0,20.0,20.0,21.0,22.0,21.0,21.0,22.0,22.0,20.0,21.0,22.0,22.0,21.0,22.0,23.0,21.0,10.0,hold,0,0,11.2019
1788791622.3048,2026-09-07 16:33:42.304,15,d4,1,0,-0.04305,-0.50202,0.03984,-5.8739,12.5916,-19.424,-0.0987,-0.0237,-0.6317,3.74136,23.0,27.0,24.0,23.0,27.0,28.0,24.0,22.0,26.0,35.0,32.0,21.0,29.0,41.0,25.0,23.0,29.0,30.0,22.0,21.0,21.0,22.0,20.0,20.0,21.0,22.0,21.0,21.0,22.0,22.0,20.0,21.0,22.0,22.0,21.0,22.0,23.0,21.0,10.0,hold,0,0,11.1974
1788791622.3549,2026-09-07 16:33:42.354,15,d4,1,0,-0.04301,-0.50202,0.03981,-5.8859,12.8731,-19.3383,-0.1018,-0.0256,-0.6336,3.72852,23.0,27.0,24.0,23.0,27.0,28.0,24.0,22.0,26.0,35.0,32.0,21.0,29.0,41.0,25.0,23.0,29.0,30.0,22.0,21.0,21.0,22.0,20.0,20.0,21.0,22.0,21.0,21.0,22.0,22.0,20.0,21.0,22.0,22.0,21.0,22.0,23.0,21.0,10.0,hold,0,0,11.3116
1788791622.4049,2026-09-07 16:33:42.404,15,d4,1,0,-0.04304,-0.50202,0.03982,-6.007,13.098,-19.2573,-0.1119,-0.0304,-0.6329,3.74967,24.0,24.0,22.0,22.0,25.0,26.0,26.0,22.0,27.0,36.0,31.0,21.0,30.0,44.0,25.0,21.0,29.0,31.0,21.0,21.0,21.0,22.0,20.0,20.0,21.0,22.0,21.0,21.0,22.0,22.0,20.0,21.0,22.0,22.0,21.0,22.0,23.0,21.0,10.0,hold,0,0,11.1235
1788791622.455,2026-09-07 16:33:42.455,15,d4,1,0,-0.04303,-0.50202,0.03982,-6.1701,12.6117,-19.2881,-0.0979,-0.0315,-0.6354,3.75722,24.0,24.0,22.0,22.0,25.0,26.0,26.0,22.0,27.0,36.0,31.0,21.0,30.0,44.0,25.0,21.0,29.0,31.0,21.0,21.0,21.0,22.0,20.0,20.0,21.0,22.0,21.0,21.0,22.0,22.0,20.0,21.0,22.0,22.0,21.0,22.0,23.0,21.0,10.0,hold,0,0,11.0563
1788791622.5052,2026-09-07 16:33:42.505,15,d4,1,0,-0.04302,-0.50201,0.03981,-5.8268,12.7303,-19.3616,-0.101,-0.0238,-0.6297,3.761,23.0,25.0,24.0,21.0,25.0,27.0,25.0,23.0,28.0,36.0,33.0,22.0,30.0,43.0,25.0,22.0,30.0,31.0,22.0,21.0,21.0,22.0,20.0,20.0,21.0,22.0,21.0,21.0,22.0,22.0,20.0,21.0,22.0,22.0,21.0,22.0,23.0,21.0,10.0,hold,0,0,11.0227
1788791622.5552,2026-09-07 16:33:42.555,15,d4,1,0,-0.04304,-0.50202,0.03982,-6.143,12.7602,-19.3005,-0.1002,-0.0292,-0.6314,3.77182,22.0,26.0,24.0,23.0,27.0,27.0,26.0,24.0,27.0,36.0,33.0,24.0,29.0,43.0,25.0,25.0,31.0,31.0,24.0,21.0,21.0,22.0,20.0,20.0,21.0,22.0,21.0,21.0,22.0,22.0,20.0,21.0,22.0,22.0,21.0,22.0,23.0,21.0,10.0,hold,0,0,10.9264
1788791622.6054,2026-09-07 16:33:42.605,15,d4,1,0,-0.04304,-0.50201,0.03982,-6.2606,12.878,-19.381,-0.1017,-0.034,-0.6339,3.77006,22.0,26.0,24.0,23.0,27.0,27.0,26.0,24.0,27.0,36.0,33.0,24.0,29.0,43.0,25.0,25.0,31.0,31.0,24.0,21.0,21.0,22.0,20.0,20.0,21.0,22.0,21.0,21.0,22.0,22.0,20.0,21.0,22.0,22.0,21.0,22.0,23.0,21.0,10.0,hold,0,0,10.9421
1788791622.6555,2026-09-07 16:33:42.655,15,d4,1,0,-0.04303,-0.50201,0.0398,-6.0651,12.753,-19.3337,-0.0993,-0.0294,-0.6262,3.77862,25.0,25.0,25.0,24.0,26.0,28.0,26.0,22.0,28.0,36.0,34.0,21.0,30.0,44.0,27.0,22.0,30.0,32.0,23.0,21.0,21.0,22.0,20.0,20.0,21.0,22.0,21.0,21.0,22.0,22.0,20.0,21.0,22.0,22.0,21.0,22.0,23.0,21.0,10.0,hold,0,0,10.8659
1788791622.7056,2026-09-07 16:33:42.705,15,d4,1,0,-0.04305,-0.50201,0.03981,-6.1776,12.9846,-19.3666,-0.1057,-0.033,-0.6293,3.78542,25.0,25.0,25.0,24.0,26.0,28.0,26.0,22.0,28.0,36.0,34.0,21.0,30.0,44.0,27.0,22.0,30.0,32.0,23.0,21.0,21.0,22.0,20.0,20.0,21.0,22.0,21.0,21.0,22.0,22.0,20.0,21.0,22.0,22.0,21.0,22.0,23.0,21.0,10.0,hold,0,0,10.8054
1788791622.7558,2026-09-07 16:33:42.755,15,d4,1,0,-0.04304,-0.50201,0.0398,-6.0283,13.0312,-19.2518,-0.102,-0.025,-0.6269,3.78844,23.0,25.0,25.0,21.0,26.0,27.0,28.0,22.0,27.0,35.0,32.0,21.0,30.0,44.0,26.0,22.0,31.0,32.0,23.0,21.0,21.0,22.0,20.0,20.0,21.0,22.0,21.0,21.0,22.0,22.0,20.0,21.0,22.0,22.0,21.0,22.0,23.0,21.0,10.0,hold,0,0,10.7786
1788791622.8058,2026-09-07 16:33:42.805,15,d4,1,0,-0.04304,-0.50201,0.03981,-6.1335,12.7871,-19.4221,-0.0986,-0.0309,-0.6287,3.79801,23.0,25.0,24.0,22.0,27.0,27.0,27.0,22.0,28.0,36.0,34.0,21.0,31.0,43.0,27.0,22.0,30.0,33.0,21.0,21.0,21.0,22.0,20.0,20.0,21.0,22.0,21.0,21.0,22.0,22.0,20.0,21.0,22.0,22.0,21.0,22.0,23.0,21.0,10.0,hold,0,0,10.6935
1788791622.856,2026-09-07 16:33:42.856,15,d4,1,0,-0.04305,-0.50201,0.0398,-6.3757,13.0175,-19.2995,-0.1089,-0.0371,-0.6293,3.80329,23.0,25.0,24.0,22.0,27.0,27.0,27.0,22.0,28.0,36.0,34.0,21.0,31.0,43.0,27.0,22.0,30.0,33.0,21.0,21.0,21.0,22.0,20.0,20.0,21.0,22.0,21.0,21.0,22.0,22.0,20.0,21.0,22.0,22.0,21.0,22.0,23.0,21.0,10.0,hold,0,0,10.6464
1788791622.9061,2026-09-07 16:33:42.906,15,d4,1,0,-0.04303,-0.50201,0.03981,-6.2335,13.0679,-19.3756,-0.1039,-0.0342,-0.6268,3.80481,22.0,26.0,23.0,21.0,27.0,28.0,29.0,22.0,28.0,36.0,34.0,20.0,30.0,43.0,26.0,22.0,30.0,32.0,23.0,21.0,21.0,22.0,20.0,20.0,21.0,22.0,21.0,21.0,22.0,22.0,20.0,21.0,22.0,22.0,21.0,22.0,23.0,21.0,10.0,hold,0,0,10.633
1788791622.9563,2026-09-07 16:33:42.956,15,d4,1,0,-0.04305,-0.50202,0.03982,-6.1521,12.6315,-19.2505,-0.096,-0.0299,-0.6299,3.80884,22.0,26.0,23.0,21.0,27.0,28.0,29.0,22.0,28.0,36.0,34.0,20.0,30.0,43.0,26.0,22.0,30.0,32.0,23.0,21.0,21.0,22.0,20.0,20.0,21.0,22.0,21.0,21.0,22.0,22.0,20.0,21.0,22.0,22.0,21.0,22.0,23.0,21.0,10.0,hold,0,0,10.5971
1788791623.0063,2026-09-07 16:33:43.006,15,d4,1,0,-0.04304,-0.50201,0.0398,-6.0837,12.8344,-19.4704,-0.0983,-0.0313,-0.6251,3.81312,24.0,25.0,24.0,22.0,27.0,28.0,26.0,24.0,28.0,36.0,31.0,23.0,30.0,43.0,24.0,22.0,30.0,29.0,23.0,21.0,21.0,22.0,20.0,20.0,21.0,22.0,21.0,21.0,22.0,22.0,20.0,21.0,22.0,22.0,21.0,22.0,23.0,21.0,10.0,hold,0,0,10.559
1788791623.0565,2026-09-07 16:33:43.056,15,d4,1,0,-0.04304,-0.50202,0.03981,-6.2155,13.3097,-19.3457,-0.1146,-0.0334,-0.6331,3.81412,24.0,26.0,25.0,23.0,27.0,27.0,25.0,23.0,27.0,37.0,32.0,23.0,31.0,44.0,25.0,22.0,31.0,31.0,22.0,21.0,21.0,22.0,20.0,20.0,21.0,22.0,21.0,21.0,22.0,22.0,20.0,21.0,22.0,22.0,21.0,22.0,23.0,21.0,10.0,hold,0,0,10.5501
1788791623.1065,2026-09-07 16:33:43.106,15,d4,1,0,-0.04302,-0.50201,0.03981,-6.1161,12.872,-19.2619,-0.1024,-0.0316,-0.6287,3.82243,24.0,26.0,25.0,23.0,27.0,27.0,25.0,23.0,27.0,37.0,32.0,23.0,31.0,44.0,25.0,22.0,31.0,31.0,22.0,21.0,21.0,22.0,20.0,20.0,21.0,22.0,21.0,21.0,22.0,22.0,20.0,21.0,22.0,22.0,21.0,22.0,23.0,21.0,10.0,hold,0,0,10.4762
1788791623.1566,2026-09-07 16:33:43.156,15,d4,1,0,-0.04304,-0.50202,0.03981,-5.9633,12.8536,-19.3716,-0.102,-0.0279,-0.6241,3.81362,23.0,25.0,25.0,22.0,27.0,28.0,26.0,24.0,28.0,36.0,33.0,23.0,31.0,43.0,27.0,22.0,31.0,31.0,22.0,21.0,21.0,22.0,20.0,20.0,21.0,22.0,21.0,21.0,22.0,22.0,20.0,21.0,22.0,22.0,21.0,22.0,23.0,21.0,10.0,hold,0,0,10.5546
1788791623.2068,2026-09-07 16:33:43.206,15,d4,1,0,-0.04304,-0.50201,0.03981,-6.0383,13.1625,-19.3306,-0.1095,-0.0282,-0.633,3.82596,23.0,25.0,25.0,22.0,27.0,28.0,26.0,24.0,28.0,36.0,33.0,23.0,31.0,43.0,27.0,22.0,31.0,31.0,22.0,21.0,21.0,22.0,20.0,20.0,21.0,22.0,21.0,21.0,22.0,22.0,20.0,21.0,22.0,22.0,21.0,22.0,23.0,21.0,10.0,hold,0,0,10.4448
1788791623.2569,2026-09-07 16:33:43.256,15,d4,1,0,-0.04303,-0.50201,0.03981,-6.4006,13.0191,-19.4161,-0.1028,-0.0381,-0.6315,3.82193,23.0,26.0,25.0,23.0,29.0,28.0,27.0,23.0,29.0,36.0,32.0,22.0,31.0,43.0,26.0,22.0,30.0,31.0,23.0,21.0,21.0,22.0,20.0,20.0,21.0,22.0,21.0,21.0,22.0,22.0,20.0,21.0,22.0,22.0,21.0,22.0,23.0,21.0,10.0,hold,0,0,10.4807
1788791623.307,2026-09-07 16:33:43.307,15,d4,1,0,-0.04303,-0.50201,0.03981,-6.3022,12.9358,-19.4432,-0.1042,-0.0357,-0.6281,3.83452,23.0,26.0,25.0,23.0,29.0,28.0,27.0,23.0,29.0,36.0,32.0,22.0,31.0,43.0,26.0,22.0,30.0,31.0,23.0,21.0,21.0,22.0,20.0,20.0,21.0,22.0,21.0,21.0,22.0,22.0,20.0,21.0,22.0,22.0,21.0,22.0,23.0,21.0,10.0,hold,0,0,10.3687
1788791623.3571,2026-09-07 16:33:43.357,15,d4,1,0,-0.04304,-0.50201,0.03981,-6.1891,12.9878,-19.5445,-0.105,-0.0317,-0.6283,3.82445,23.0,26.0,24.0,22.0,28.0,28.0,27.0,23.0,28.0,36.0,33.0,23.0,32.0,43.0,27.0,23.0,31.0,31.0,22.0,21.0,21.0,22.0,20.0,20.0,21.0,22.0,21.0,21.0,22.0,22.0,20.0,21.0,22.0,22.0,21.0,22.0,23.0,21.0,10.0,hold,0,0,10.4583
1788791623.4072,2026-09-07 16:33:43.407,15,d4,1,0,-0.04305,-0.50202,0.03981,-6.0952,12.9427,-19.5761,-0.1039,-0.0319,-0.6295,3.83653,24.0,26.0,25.0,24.0,28.0,28.0,27.0,23.0,29.0,38.0,33.0,22.0,31.0,44.0,26.0,23.0,31.0,31.0,22.0,21.0,21.0,22.0,20.0,20.0,21.0,22.0,21.0,21.0,22.0,22.0,20.0,21.0,22.0,22.0,21.0,22.0,23.0,21.0,10.0,hold,0,0,10.3507
1788791623.4573,2026-09-07 16:33:43.457,15,d4,1,0,-0.04304,-0.502,0.0398,-5.7979,12.8444,-19.7119,-0.1027,-0.0264,-0.6257,3.83099,24.0,26.0,25.0,24.0,28.0,28.0,27.0,23.0,29.0,38.0,33.0,22.0,31.0,44.0,26.0,23.0,31.0,31.0,22.0,21.0,21.0,22.0,20.0,20.0,21.0,22.0,21.0,21.0,22.0,22.0,20.0,21.0,22.0,22.0,21.0,22.0,23.0,21.0,10.0,hold,0,0,10.4
1788791623.5075,2026-09-07 16:33:43.507,15,d4,1,0,-0.04305,-0.50202,0.03982,-6.0957,13.1301,-19.6457,-0.1106,-0.0302,-0.6344,3.8388,23.0,27.0,26.0,23.0,27.0,28.0,27.0,23.0,27.0,36.0,33.0,23.0,30.0,44.0,26.0,23.0,31.0,31.0,22.0,21.0,21.0,22.0,20.0,20.0,21.0,22.0,21.0,21.0,22.0,22.0,20.0,21.0,22.0,22.0,21.0,22.0,23.0,21.0,10.0,hold,0,0,10.3306
1788791623.5576,2026-09-07 16:33:43.557,15,d4,1,0,-0.04303,-0.50202,0.03981,-5.7446,12.8716,-19.6106,-0.1019,-0.0195,-0.6204,3.84257,23.0,27.0,26.0,23.0,27.0,28.0,27.0,23.0,27.0,36.0,33.0,23.0,30.0,44.0,26.0,23.0,31.0,31.0,22.0,21.0,21.0,22.0,20.0,20.0,21.0,22.0,21.0,21.0,22.0,22.0,20.0,21.0,22.0,22.0,21.0,22.0,23.0,21.0,10.0,hold,0,0,10.297
1788791623.6076,2026-09-07 16:33:43.607,15,d4,1,0,-0.04307,-0.50201,0.03981,-6.254,12.9824,-19.5523,-0.1052,-0.0334,-0.636,3.83729,24.0,25.0,25.0,22.0,27.0,28.0,26.0,24.0,27.0,36.0,34.0,22.0,29.0,44.0,27.0,23.0,31.0,33.0,22.0,21.0,21.0,22.0,20.0,20.0,21.0,22.0,21.0,21.0,22.0,22.0,20.0,21.0,22.0,22.0,21.0,22.0,23.0,21.0,10.0,hold,0,0,10.344
1788791623.6578,2026-09-07 16:33:43.657,15,d4,1,0,-0.04306,-0.50202,0.03982,-6.1795,13.3137,-19.3248,-0.1128,-0.033,-0.6242,3.84736,22.0,25.0,25.0,22.0,27.0,28.0,28.0,23.0,27.0,37.0,34.0,22.0,30.0,43.0,27.0,21.0,30.0,33.0,23.0,21.0,21.0,22.0,20.0,20.0,21.0,22.0,21.0,21.0,22.0,22.0,20.0,21.0,22.0,22.0,21.0,22.0,23.0,21.0,10.0,hold,0,0,10.2544
1788791623.7079,2026-09-07 16:33:43.707,15,d4,1,0,-0.04302,-0.502,0.0398,-6.0223,13.014,-19.6776,-0.1054,-0.0289,-0.6262,3.84559,22.0,25.0,25.0,22.0,27.0,28.0,28.0,23.0,27.0,37.0,34.0,22.0,30.0,43.0,27.0,21.0,30.0,33.0,23.0,21.0,21.0,22.0,20.0,20.0,21.0,22.0,21.0,21.0,22.0,22.0,20.0,21.0,22.0,22.0,21.0,22.0,23.0,21.0,10.0,hold,0,0,10.2701
1788791623.758,2026-09-07 16:33:43.758,15,d4,1,0,-0.04303,-0.502,0.0398,-6.0108,12.8149,-19.5634,-0.101,-0.031,-0.6223,3.84509,23.0,25.0,25.0,23.0,27.0,28.0,28.0,22.0,28.0,35.0,33.0,22.0,32.0,42.0,27.0,21.0,29.0,31.0,21.0,21.0,21.0,22.0,20.0,20.0,21.0,22.0,21.0,21.0,22.0,22.0,20.0,21.0,22.0,22.0,21.0,22.0,23.0,21.0,10.0,hold,0,0,10.2746
1788791623.8081,2026-09-07 16:33:43.808,15,d4,1,0,-0.04304,-0.50201,0.03981,-6.1391,12.9078,-19.5955,-0.0985,-0.0323,-0.6316,3.84006,23.0,25.0,25.0,23.0,27.0,28.0,28.0,22.0,28.0,35.0,33.0,22.0,32.0,42.0,27.0,21.0,29.0,31.0,21.0,21.0,21.0,22.0,20.0,20.0,21.0,22.0,21.0,21.0,22.0,22.0,20.0,21.0,22.0,22.0,21.0,22.0,23.0,21.0,10.0,hold,0,0,10.3194
1788791623.8583,2026-09-07 16:33:43.858,15,d4,1,0,-0.04303,-0.50202,0.03981,-6.0379,13.1073,-19.6482,-0.1049,-0.029,-0.6323,3.84559,23.0,26.0,25.0,21.0,27.0,27.0,28.0,21.0,28.0,36.0,33.0,20.0,31.0,43.0,27.0,21.0,31.0,31.0,20.0,21.0,21.0,22.0,20.0,20.0,21.0,22.0,21.0,21.0,22.0,22.0,20.0,21.0,22.0,22.0,21.0,22.0,23.0,21.0,10.0,hold,0,0,10.2701
1788791623.9084,2026-09-07 16:33:43.908,15,d4,1,0,-0.04304,-0.50201,0.03981,-6.0587,13.1443,-19.5093,-0.1097,-0.0269,-0.6258,3.85491,22.0,25.0,25.0,22.0,27.0,28.0,27.0,22.0,26.0,38.0,34.0,21.0,29.0,44.0,26.0,22.0,32.0,32.0,23.0,21.0,21.0,22.0,20.0,20.0,21.0,22.0,21.0,21.0,22.0,22.0,20.0,21.0,22.0,22.0,21.0,22.0,23.0,21.0,10.0,hold,0,0,10.1872
1788791623.9585,2026-09-07 16:33:43.958,15,d4,1,0,-0.04302,-0.502,0.03981,-6.2805,13.1488,-19.4633,-0.1086,-0.0342,-0.6243,3.84962,22.0,25.0,25.0,22.0,27.0,28.0,27.0,22.0,26.0,38.0,34.0,21.0,29.0,44.0,26.0,22.0,32.0,32.0,23.0,21.0,21.0,22.0,20.0,20.0,21.0,22.0,21.0,21.0,22.0,22.0,20.0,21.0,22.0,22.0,21.0,22.0,23.0,21.0,10.0,hold,0,0,10.2343
1788791624.0086,2026-09-07 16:33:44.008,15,d4,1,0,-0.04304,-0.50201,0.03981,-6.2876,12.922,-19.6008,-0.1027,-0.0315,-0.6309,3.85642,23.0,24.0,26.0,21.0,25.0,29.0,26.0,23.0,28.0,38.0,33.0,23.0,30.0,43.0,26.0,22.0,30.0,32.0,22.0,21.0,21.0,22.0,20.0,20.0,21.0,22.0,21.0,21.0,22.0,22.0,20.0,21.0,22.0,22.0,21.0,22.0,23.0,21.0,10.0,hold,0,0,10.1738
1788791624.0587,2026-09-07 16:33:44.058,15,d4,1,0,-0.04304,-0.50202,0.03983,-5.817,12.794,-19.8188,-0.1013,-0.0238,-0.6229,3.85516,23.0,24.0,26.0,21.0,25.0,29.0,26.0,23.0,28.0,38.0,33.0,23.0,30.0,43.0,26.0,22.0,30.0,32.0,22.0,21.0,21.0,22.0,20.0,20.0,21.0,22.0,21.0,21.0,22.0,22.0,20.0,21.0,22.0,22.0,21.0,22.0,23.0,21.0,10.0,hold,0,0,10.185
1788791624.1089,2026-09-07 16:33:44.108,15,d4,1,0,-0.04304,-0.50203,0.03982,-5.7505,12.8842,-19.8858,-0.1024,-0.0239,-0.6194,3.85491,23.0,26.0,26.0,22.0,26.0,29.0,26.0,22.0,28.0,37.0,34.0,22.0,29.0,45.0,27.0,20.0,31.0,32.0,23.0,21.0,21.0,22.0,20.0,20.0,21.0,22.0,21.0,21.0,22.0,22.0,20.0,21.0,22.0,22.0,21.0,22.0,23.0,21.0,10.0,hold,0,0,10.1872
1788791624.159,2026-09-07 16:33:44.159,15,d4,1,0,-0.04303,-0.50201,0.03981,-6.1884,13.5624,-19.7117,-0.1181,-0.0322,-0.6199,3.86498,25.0,25.0,25.0,23.0,26.0,27.0,28.0,22.0,27.0,37.0,34.0,21.0,30.0,43.0,27.0,23.0,31.0,34.0,23.0,21.0,21.0,22.0,20.0,20.0,21.0,22.0,21.0,21.0,22.0,22.0,20.0,21.0,22.0,22.0,21.0,22.0,23.0,21.0,10.0,hold,0,0,10.0976
1788791624.2091,2026-09-07 16:33:44.209,15,d4,1,0,-0.04306,-0.50201,0.03981,-6.0868,12.9556,-19.6474,-0.1032,-0.0297,-0.6199,3.85793,25.0,25.0,25.0,23.0,26.0,27.0,28.0,22.0,27.0,37.0,34.0,21.0,30.0,43.0,27.0,23.0,31.0,34.0,23.0,21.0,21.0,22.0,20.0,20.0,21.0,22.0,21.0,21.0,22.0,22.0,20.0,21.0,22.0,22.0,21.0,22.0,23.0,21.0,10.0,hold,0,0,10.1603
1788791624.2593,2026-09-07 16:33:44.259,15,d4,1,0,-0.04304,-0.50201,0.03982,-5.907,13.1124,-19.7924,-0.1079,-0.0263,-0.621,3.86473,24.0,24.0,24.0,22.0,27.0,28.0,29.0,23.0,28.0,37.0,34.0,23.0,32.0,44.0,27.0,23.0,31.0,34.0,23.0,21.0,21.0,22.0,20.0,20.0,21.0,22.0,21.0,21.0,22.0,22.0,20.0,21.0,22.0,22.0,21.0,22.0,23.0,21.0,10.0,hold,0,0,10.0999
1788791624.3094,2026-09-07 16:33:44.309,15,d4,1,0,-0.04303,-0.50202,0.03981,-5.7425,12.8702,-19.9616,-0.1031,-0.0225,-0.6155,3.86699,24.0,24.0,24.0,22.0,27.0,28.0,29.0,23.0,28.0,37.0,34.0,23.0,32.0,44.0,27.0,23.0,31.0,34.0,23.0,21.0,21.0,22.0,20.0,20.0,21.0,22.0,21.0,21.0,22.0,22.0,20.0,21.0,22.0,22.0,21.0,22.0,23.0,21.0,10.0,hold,0,0,10.0797
1788791624.3595,2026-09-07 16:33:44.359,15,d4,1,0,-0.04304,-0.50202,0.03981,-6.213,13.002,-19.7201,-0.1043,-0.0347,-0.623,3.8607,22.0,25.0,24.0,24.0,28.0,28.0,28.0,22.0,27.0,38.0,34.0,21.0,29.0,45.0,26.0,22.0,31.0,31.0,22.0,21.0,21.0,22.0,20.0,20.0,21.0,22.0,21.0,21.0,22.0,22.0,20.0,21.0,22.0,22.0,21.0,22.0,23.0,21.0,10.0,hold,0,0,10.1357
1788791624.4096,2026-09-07 16:33:44.409,15,d4,1,0,-0.04302,-0.50201,0.0398,-5.831,12.7488,-19.755,-0.1006,-0.0222,-0.6261,3.86951,22.0,25.0,24.0,24.0,28.0,28.0,28.0,22.0,27.0,38.0,34.0,21.0,29.0,45.0,26.0,22.0,31.0,31.0,22.0,21.0,21.0,22.0,20.0,20.0,21.0,22.0,21.0,21.0,22.0,22.0,20.0,21.0,22.0,22.0,21.0,22.0,23.0,21.0,10.0,hold,0,0,10.0573
1788791624.4598,2026-09-07 16:33:44.459,15,d4,1,0,-0.04304,-0.50201,0.03981,-5.7677,12.5027,-19.6204,-0.0935,-0.0213,-0.6199,3.85969,22.0,24.0,25.0,22.0,24.0,28.0,28.0,21.0,27.0,36.0,32.0,20.0,29.0,43.0,25.0,21.0,31.0,32.0,23.0,21.0,21.0,22.0,20.0,20.0,21.0,22.0,21.0,21.0,22.0,22.0,20.0,21.0,22.0,22.0,21.0,22.0,23.0,21.0,10.0,hold,0,0,10.1447
1788791624.5099,2026-09-07 16:33:44.509,15,d4,1,0,-0.04304,-0.50201,0.03981,-5.8117,13.0201,-19.7323,-0.1049,-0.0228,-0.6191,3.86699,22.0,25.0,25.0,21.0,26.0,28.0,27.0,24.0,28.0,35.0,33.0,23.0,31.0,42.0,27.0,22.0,29.0,33.0,22.0,21.0,21.0,22.0,20.0,20.0,21.0,22.0,21.0,21.0,22.0,22.0,20.0,21.0,22.0,22.0,21.0,22.0,23.0,21.0,10.0,hold,0,0,10.0797
1788791624.56,2026-09-07 16:33:44.560,15,d4,1,0,-0.04302,-0.50202,0.03982,-5.8679,12.7711,-19.8201,-0.0986,-0.025,-0.6233,3.86825,22.0,25.0,25.0,21.0,26.0,28.0,27.0,24.0,28.0,35.0,33.0,23.0,31.0,42.0,27.0,22.0,29.0,33.0,22.0,21.0,21.0,22.0,20.0,20.0,21.0,22.0,21.0,21.0,22.0,22.0,20.0,21.0,22.0,22.0,21.0,22.0,23.0,21.0,10.0,hold,0,0,10.0685
1788791624.6102,2026-09-07 16:33:44.610,15,d4,1,0,-0.04304,-0.50201,0.03981,-5.9019,12.7404,-19.7793,-0.1015,-0.0251,-0.6184,3.87102,26.0,26.0,23.0,24.0,27.0,27.0,28.0,25.0,28.0,37.0,33.0,24.0,31.0,44.0,26.0,24.0,33.0,32.0,24.0,21.0,21.0,22.0,20.0,20.0,21.0,22.0,21.0,21.0,22.0,22.0,20.0,21.0,22.0,22.0,21.0,22.0,23.0,21.0,10.0,hold,0,0,10.0439
1788791624.6603,2026-09-07 16:33:44.660,15,d4,1,0,-0.04303,-0.50201,0.0398,-6.1356,13.051,-19.813,-0.1046,-0.0294,-0.6192,3.86775,26.0,26.0,23.0,24.0,27.0,27.0,28.0,25.0,28.0,37.0,33.0,24.0,31.0,44.0,26.0,24.0,33.0,32.0,24.0,21.0,21.0,22.0,20.0,20.0,21.0,22.0,21.0,21.0,22.0,22.0,20.0,21.0,22.0,22.0,21.0,22.0,23.0,21.0,10.0,hold,0,0,10.073
1788791624.7105,2026-09-07 16:33:44.710,15,d4,1,0,-0.04304,-0.50201,0.03981,-6.1487,12.8484,-19.7906,-0.1033,-0.0308,-0.621,3.8675,26.0,26.0,25.0,24.0,27.0,28.0,26.0,22.0,28.0,36.0,33.0,21.0,31.0,44.0,25.0,21.0,32.0,31.0,22.0,21.0,21.0,22.0,20.0,20.0,21.0,22.0,21.0,21.0,22.0,22.0,20.0,21.0,22.0,22.0,21.0,22.0,23.0,21.0,10.0,hold,0,0,10.0752
1788791624.7606,2026-09-07 16:33:44.760,15,d4,1,0,-0.04304,-0.50202,0.03982,-6.1792,12.9208,-19.6581,-0.107,-0.0314,-0.6256,3.87832,22.0,27.0,26.0,21.0,28.0,29.0,26.0,24.0,28.0,37.0,33.0,24.0,30.0,44.0,27.0,25.0,31.0,32.0,24.0,21.0,21.0,22.0,20.0,20.0,21.0,22.0,21.0,21.0,22.0,22.0,20.0,21.0,22.0,22.0,21.0,22.0,23.0,21.0,10.0,hold,0,0,9.9789
1788791624.8107,2026-09-07 16:33:44.810,15,d4,1,0,-0.04303,-0.50202,0.03982,-5.9188,12.7807,-19.7091,-0.1006,-0.0244,-0.6148,3.86448,22.0,27.0,26.0,21.0,28.0,29.0,26.0,24.0,28.0,37.0,33.0,24.0,30.0,44.0,27.0,25.0,31.0,32.0,24.0,21.0,21.0,22.0,20.0,20.0,21.0,22.0,21.0,21.0,22.0,22.0,20.0,21.0,22.0,22.0,21.0,22.0,23.0,21.0,10.0,hold,0,0,10.1021
1788791624.8608,2026-09-07 16:33:44.860,15,d4,1,0,-0.04304,-0.50201,0.03981,-6.189,13.3294,-19.7408,-0.111,-0.0342,-0.6245,3.87782,25.0,25.0,26.0,25.0,27.0,29.0,27.0,23.0,29.0,34.0,34.0,21.0,31.0,42.0,27.0,20.0,30.0,32.0,21.0,21.0,21.0,22.0,20.0,20.0,21.0,22.0,21.0,21.0,22.0,22.0,20.0,21.0,22.0,22.0,21.0,22.0,23.0,21.0,10.0,hold,0,0,9.9834
1788791624.9109,2026-09-07 16:33:44.910,15,d4,1,0,-0.04305,-0.50201,0.03981,-6.0062,13.3416,-19.5927,-0.1148,-0.0273,-0.6195,3.87329,25.0,25.0,26.0,25.0,27.0,29.0,27.0,23.0,29.0,34.0,34.0,21.0,31.0,42.0,27.0,20.0,30.0,32.0,21.0,21.0,21.0,22.0,20.0,20.0,21.0,22.0,21.0,21.0,22.0,22.0,20.0,21.0,22.0,22.0,21.0,22.0,23.0,21.0,10.0,hold,0,0,10.0237
1788791624.961,2026-09-07 16:33:44.961,15,d4,1,0,-0.04305,-0.50202,0.03982,-6.25,12.961,-19.8505,-0.1045,-0.0341,-0.6237,3.86775,23.0,25.0,23.0,24.0,27.0,27.0,28.0,23.0,27.0,36.0,33.0,23.0,32.0,43.0,26.0,24.0,29.0,33.0,22.0,21.0,21.0,22.0,20.0,20.0,21.0,22.0,21.0,21.0,22.0,22.0,20.0,21.0,22.0,22.0,21.0,22.0,23.0,21.0,10.0,hold,0,0,10.073
1788791625.0112,2026-09-07 16:33:45.011,15,d4,1,0,-0.04305,-0.50202,0.03983,-5.8002,12.9579,-19.7417,-0.1056,-0.0224,-0.6233,3.87807,25.0,26.0,24.0,24.0,27.0,28.0,26.0,24.0,26.0,35.0,34.0,23.0,29.0,41.0,28.0,24.0,29.0,33.0,24.0,21.0,21.0,22.0,20.0,20.0,21.0,22.0,21.0,21.0,22.0,22.0,20.0,21.0,22.0,22.0,21.0,22.0,23.0,21.0,10.0,hold,0,0,9.9812
1788791625.0613,2026-09-07 16:33:45.061,15,d4,1,0,-0.04304,-0.50201,0.03982,-6.1837,13.0156,-19.7047,-0.1042,-0.0305,-0.6254,3.87606,25.0,26.0,24.0,24.0,27.0,28.0,26.0,24.0,26.0,35.0,34.0,23.0,29.0,41.0,28.0,24.0,29.0,33.0,24.0,21.0,21.0,22.0,20.0,20.0,21.0,22.0,21.0,21.0,22.0,22.0,20.0,21.0,22.0,22.0,21.0,22.0,23.0,21.0,10.0,hold,0,0,9.9991
1788791625.1114,2026-09-07 16:33:45.111,15,d4,1,0,-0.04305,-0.50201,0.03982,-6.1206,13.0695,-19.8757,-0.1043,-0.0294,-0.6253,3.88185,25.0,25.0,24.0,23.0,25.0,28.0,28.0,23.0,28.0,37.0,34.0,21.0,31.0,42.0,27.0,22.0,29.0,33.0,21.0,21.0,21.0,22.0,20.0,20.0,21.0,22.0,21.0,21.0,22.0,22.0,20.0,21.0,22.0,22.0,21.0,22.0,23.0,21.0,10.0,hold,0,0,9.9476
1788791625.1615,2026-09-07 16:33:45.161,15,d4,1,0,-0.04304,-0.50201,0.03981,-6.1255,12.9424,-19.812,-0.1056,-0.0284,-0.6218,3.88134,25.0,25.0,24.0,23.0,25.0,28.0,28.0,23.0,28.0,37.0,34.0,21.0,31.0,42.0,27.0,22.0,29.0,33.0,21.0,21.0,21.0,22.0,20.0,20.0,21.0,22.0,21.0,21.0,22.0,22.0,20.0,21.0,22.0,22.0,21.0,22.0,23.0,21.0,10.0,hold,0,0,9.952
1788791625.2116,2026-09-07 16:33:45.211,15,d4,1,0,-0.04304,-0.50203,0.03982,-6.2182,13.3211,-19.8233,-0.1156,-0.0308,-0.6182,3.87883,23.0,26.0,24.0,21.0,27.0,27.0,27.0,21.0,29.0,36.0,33.0,20.0,34.0,43.0,27.0,20.0,30.0,32.0,21.0,21.0,21.0,22.0,20.0,20.0,21.0,22.0,21.0,21.0,22.0,22.0,20.0,21.0,22.0,22.0,21.0,22.0,23.0,21.0,10.0,hold,0,0,9.9744
1788791625.2617,2026-09-07 16:33:45.261,15,d4,1,0,-0.04304,-0.50201,0.03983,-6.0872,13.2308,-19.7311,-0.1136,-0.0283,-0.6203,3.88663,22.0,27.0,24.0,20.0,28.0,27.0,27.0,22.0,28.0,35.0,33.0,21.0,30.0,43.0,27.0,21.0,31.0,30.0,23.0,21.0,21.0,22.0,20.0,20.0,21.0,22.0,21.0,21.0,22.0,22.0,20.0,21.0,22.0,22.0,21.0,22.0,23.0,21.0,10.0,hold,0,0,9.905
1788791625.3118,2026-09-07 16:33:45.311,15,d4,1,0,-0.04305,-0.50202,0.03982,-6.0883,12.6248,-19.7759,-0.0967,-0.0276,-0.6255,3.87707,22.0,27.0,24.0,20.0,28.0,27.0,27.0,22.0,28.0,35.0,33.0,21.0,30.0,43.0,27.0,21.0,31.0,30.0,23.0,21.0,21.0,22.0,20.0,20.0,21.0,22.0,21.0,21.0,22.0,22.0,20.0,21.0,22.0,22.0,21.0,22.0,23.0,21.0,10.0,hold,0,0,9.9901
1788791625.3619,2026-09-07 16:33:45.361,15,d4,1,0,-0.04304,-0.50201,0.03981,-6.424,13.3071,-19.6614,-0.1131,-0.0357,-0.6233,3.8884,22.0,26.0,24.0,23.0,28.0,27.0,26.0,24.0,27.0,38.0,33.0,23.0,29.0,44.0,26.0,22.0,32.0,31.0,22.0,21.0,21.0,22.0,20.0,20.0,21.0,22.0,21.0,21.0,22.0,22.0,20.0,21.0,22.0,22.0,21.0,22.0,23.0,21.0,10.0,hold,0,0,9.8893
1788791625.412,2026-09-07 16:33:45.412,15,d4,1,0,-0.04303,-0.50201,0.03981,-6.2477,13.1389,-19.8519,-0.1072,-0.0323,-0.6173,3.88336,22.0,26.0,24.0,23.0,28.0,27.0,26.0,24.0,27.0,38.0,33.0,23.0,29.0,44.0,26.0,22.0,32.0,31.0,22.0,21.0,21.0,22.0,20.0,20.0,21.0,22.0,21.0,21.0,22.0,22.0,20.0,21.0,22.0,22.0,21.0,22.0,23.0,21.0,10.0,hold,0,0,9.9341
1788791625.4622,2026-09-07 16:33:45.462,15,d4,1,0,-0.04302,-0.50202,0.03982,-5.8302,12.5351,-19.8667,-0.0939,-0.0221,-0.6198,3.88109,24.0,26.0,26.0,23.0,27.0,30.0,26.0,25.0,28.0,36.0,33.0,23.0,31.0,43.0,27.0,24.0,29.0,33.0,23.0,21.0,21.0,22.0,20.0,20.0,21.0,22.0,21.0,21.0,22.0,22.0,20.0,21.0,22.0,22.0,21.0,22.0,23.0,21.0,10.0,hold,0,0,9.9543
1788791625.5123,2026-09-07 16:33:45.512,15,d4,1,0,-0.04305,-0.50203,0.03982,-6.1105,13.0704,-19.5141,-0.1087,-0.0297,-0.6201,3.88336,24.0,26.0,26.0,23.0,27.0,30.0,26.0,25.0,28.0,36.0,33.0,23.0,31.0,43.0,27.0,24.0,29.0,33.0,23.0,21.0,21.0,22.0,20.0,20.0,21.0,22.0,21.0,21.0,22.0,22.0,20.0,21.0,22.0,22.0,21.0,22.0,23.0,21.0,10.0,hold,0,0,9.9341
1788791625.5624,2026-09-07 16:33:45.562,15,d4,1,0,-0.04303,-0.50202,0.03983,-6.1837,13.1634,-19.7045,-0.1084,-0.031,-0.622,3.88764,26.0,27.0,24.0,25.0,28.0,27.0,28.0,24.0,28.0,35.0,33.0,23.0,29.0,42.0,26.0,24.0,29.0,32.0,23.0,21.0,21.0,22.0,20.0,20.0,21.0,22.0,21.0,21.0,22.0,22.0,20.0,21.0,22.0,22.0,21.0,22.0,23.0,21.0,10.0,hold,0,0,9.896
1788791625.6125,2026-09-07 16:33:45.612,15,d4,1,0,-0.04304,-0.50202,0.03983,-6.2485,13.018,-19.7815,-0.1059,-0.0319,-0.6302,3.88185,24.0,26.0,23.0,23.0,28.0,26.0,26.0,22.0,28.0,34.0,33.0,22.0,29.0,42.0,25.0,21.0,29.0,30.0,22.0,21.0,21.0,22.0,20.0,20.0,21.0,22.0,21.0,21.0,22.0,22.0,20.0,21.0,22.0,22.0,21.0,22.0,23.0,21.0,10.0,hold,0,0,9.9476
1788791625.6626,2026-09-07 16:33:45.662,15,d4,1,0,-0.04304,-0.50202,0.03982,-5.8254,12.9269,-19.7704,-0.1048,-0.0232,-0.6246,3.88386,24.0,26.0,23.0,23.0,28.0,26.0,26.0,22.0,28.0,34.0,33.0,22.0,29.0,42.0,25.0,21.0,29.0,30.0,22.0,21.0,21.0,22.0,20.0,20.0,21.0,22.0,21.0,21.0,22.0,22.0,20.0,21.0,22.0,22.0,21.0,22.0,23.0,21.0,10.0,hold,0,0,9.9296
1788791625.7127,2026-09-07 16:33:45.712,15,d4,1,0,-0.04303,-0.50202,0.03982,-6.0648,12.5702,-19.774,-0.0927,-0.0282,-0.6137,3.88638,23.0,24.0,22.0,23.0,26.0,26.0,26.0,24.0,28.0,36.0,33.0,23.0,30.0,44.0,27.0,23.0,30.0,32.0,23.0,21.0,21.0,22.0,20.0,20.0,21.0,22.0,21.0,21.0,22.0,22.0,20.0,21.0,22.0,22.0,21.0,22.0,23.0,21.0,10.0,hold,0,0,9.9072
1788791625.7628,2026-09-07 16:33:45.762,15,d4,1,0,-0.04304,-0.50203,0.03981,-5.8995,12.9759,-19.8647,-0.1041,-0.0264,-0.6146,3.89469,23.0,24.0,22.0,23.0,26.0,26.0,26.0,24.0,28.0,36.0,33.0,23.0,30.0,44.0,27.0,23.0,30.0,32.0,23.0,21.0,21.0,22.0,20.0,20.0,21.0,22.0,21.0,21.0,22.0,22.0,20.0,21.0,22.0,22.0,21.0,22.0,23.0,21.0,10.0,hold,0,0,9.8333
1788791625.8129,2026-09-07 16:33:45.812,15,d4,1,0,-0.04307,-0.50202,0.03983,-6.0888,12.8273,-19.8577,-0.1028,-0.0308,-0.6161,3.89142,24.0,25.0,24.0,23.0,27.0,26.0,27.0,24.0,27.0,35.0,33.0,23.0,30.0,43.0,27.0,24.0,30.0,32.0,24.0,21.0,21.0,22.0,20.0,20.0,21.0,22.0,21.0,21.0,22.0,22.0,20.0,21.0,22.0,22.0,21.0,22.0,23.0,21.0,10.0,hold,0,0,9.8624
1788791625.8631,2026-09-07 16:33:45.863,15,d4,1,0,-0.04304,-0.50201,0.03982,-5.4645,12.6105,-20.0137,-0.0958,-0.0149,-0.6185,3.89519,25.0,26.0,23.0,24.0,28.0,27.0,26.0,22.0,27.0,36.0,33.0,22.0,30.0,42.0,27.0,21.0,29.0,34.0,22.0,21.0,21.0,22.0,20.0,20.0,21.0,22.0,21.0,21.0,22.0,22.0,20.0,21.0,22.0,22.0,21.0,22.0,23.0,21.0,10.0,hold,0,0,9.8288
1788791625.9131,2026-09-07 16:33:45.913,15,d4,1,0,-0.04303,-0.50201,0.03981,-5.8012,12.7988,-19.7897,-0.0999,-0.0226,-0.6157,3.88336,25.0,26.0,23.0,24.0,28.0,27.0,26.0,22.0,27.0,36.0,33.0,22.0,30.0,42.0,27.0,21.0,29.0,34.0,22.0,21.0,21.0,22.0,20.0,20.0,21.0,22.0,21.0,21.0,22.0,22.0,20.0,21.0,22.0,22.0,21.0,22.0,23.0,21.0,10.0,hold,0,0,9.9341
1788791625.9633,2026-09-07 16:33:45.963,15,d4,1,0,-0.04304,-0.50201,0.03981,-6.2357,13.074,-19.7579,-0.103,-0.0351,-0.6284,3.89318,23.0,25.0,24.0,23.0,26.0,28.0,28.0,25.0,28.0,35.0,34.0,23.0,30.0,42.0,27.0,24.0,29.0,32.0,23.0,21.0,21.0,22.0,20.0,20.0,21.0,22.0,21.0,21.0,22.0,22.0,20.0,21.0,22.0,22.0,21.0,22.0,23.0,21.0,10.0,hold,0,0,9.8468
1788791626.0134,2026-09-07 16:33:46.013,15,d4,1,0,-0.04305,-0.50202,0.03982,-6.2684,13.1774,-19.7333,-0.1086,-0.0375,-0.6183,3.89645,23.0,25.0,24.0,23.0,26.0,28.0,28.0,25.0,28.0,35.0,34.0,23.0,30.0,42.0,27.0,24.0,29.0,32.0,23.0,21.0,21.0,22.0,20.0,20.0,21.0,22.0,21.0,21.0,22.0,22.0,20.0,21.0,22.0,22.0,21.0,22.0,23.0,21.0,10.0,hold,0,0,9.8176
1788791626.0635,2026-09-07 16:33:46.063,15,d4,1,0,-0.04303,-0.50201,0.03981,-5.8881,12.5543,-19.711,-0.0934,-0.0265,-0.6188,3.89117,24.0,25.0,23.0,22.0,27.0,26.0,26.0,23.0,28.0,34.0,33.0,22.0,31.0,41.0,26.0,23.0,29.0,32.0,23.0,21.0,21.0,22.0,20.0,20.0,21.0,22.0,21.0,21.0,22.0,22.0,20.0,21.0,22.0,22.0,21.0,22.0,23.0,21.0,10.0,hold,0,0,9.8647
1788791626.1136,2026-09-07 16:33:46.113,15,d4,1,0,-0.04305,-0.50201,0.03982,-6.0014,12.6805,-19.7823,-0.0971,-0.0257,-0.6215,3.89796,23.0,26.0,24.0,23.0,28.0,27.0,27.0,22.0,28.0,35.0,32.0,22.0,33.0,43.0,24.0,23.0,30.0,31.0,23.0,21.0,21.0,22.0,20.0,20.0,21.0,22.0,21.0,21.0,22.0,22.0,20.0,21.0,22.0,22.0,21.0,22.0,23.0,21.0,10.0,hold,0,0,9.8042
1788791626.1637,2026-09-07 16:33:46.163,15,d4,1,0,-0.04303,-0.50201,0.03982,-5.9386,12.6324,-19.7128,-0.0993,-0.0254,-0.6185,3.89419,23.0,26.0,24.0,23.0,28.0,27.0,27.0,22.0,28.0,35.0,32.0,22.0,33.0,43.0,24.0,23.0,30.0,31.0,23.0,21.0,21.0,22.0,20.0,20.0,21.0,22.0,21.0,21.0,22.0,22.0,20.0,21.0,22.0,22.0,21.0,22.0,23.0,21.0,10.0,hold,0,0,9.8378
1788791626.2138,2026-09-07 16:33:46.213,15,d4,1,0,-0.04305,-0.50201,0.03982,-6.1748,12.7854,-19.8117,-0.1011,-0.0311,-0.6198,3.89998,22.0,26.0,23.0,22.0,28.0,27.0,27.0,22.0,28.0,37.0,33.0,21.0,30.0,43.0,27.0,21.0,30.0,31.0,22.0,21.0,21.0,22.0,20.0,20.0,21.0,22.0,21.0,21.0,22.0,22.0,20.0,21.0,22.0,22.0,21.0,22.0,23.0,21.0,10.0,hold,0,0,9.7863
1788791626.2639,2026-09-07 16:33:46.263,15,d4,1,0,-0.04303,-0.50202,0.03981,-6.1549,13.0097,-19.7638,-0.1063,-0.0314,-0.6236,3.89016,22.0,26.0,23.0,22.0,28.0,27.0,27.0,22.0,28.0,37.0,33.0,21.0,30.0,43.0,27.0,21.0,30.0,31.0,22.0,21.0,21.0,22.0,20.0,20.0,21.0,22.0,21.0,21.0,22.0,22.0,20.0,21.0,22.0,22.0,21.0,22.0,23.0,21.0,10.0,hold,0,0,9.8736
1788791626.314,2026-09-07 16:33:46.314,15,d4,1,0,-0.04303,-0.50202,0.03983,-6.043,12.8775,-19.7604,-0.1027,-0.0303,-0.6189,3.89142,22.0,26.0,24.0,21.0,27.0,27.0,27.0,22.0,27.0,36.0,32.0,22.0,31.0,43.0,27.0,20.0,30.0,32.0,23.0,21.0,21.0,22.0,20.0,20.0,21.0,22.0,21.0,21.0,22.0,22.0,20.0,21.0,22.0,22.0,21.0,22.0,23.0,21.0,10.0,hold,0,0,9.8624
1788791626.3642,2026-09-07 16:33:46.364,15,d4,1,0,-0.04303,-0.50202,0.03982,-6.2911,13.1025,-19.9289,-0.1082,-0.0312,-0.6204,3.89947,24.0,26.0,24.0,23.0,26.0,27.0,26.0,23.0,28.0,35.0,33.0,23.0,33.0,42.0,25.0,23.0,30.0,30.0,22.0,21.0,21.0,22.0,20.0,20.0,21.0,22.0,21.0,21.0,22.0,22.0,20.0,21.0,22.0,22.0,21.0,22.0,23.0,21.0,10.0,hold,0,0,9.7908
1788791626.4144,2026-09-07 16:33:46.414,15,d4,1,0,-0.04303,-0.50202,0.03982,-6.3412,13.1947,-19.6351,-0.1095,-0.0379,-0.6171,3.90174,24.0,26.0,24.0,23.0,26.0,27.0,26.0,23.0,28.0,35.0,33.0,23.0,33.0,42.0,25.0,23.0,30.0,30.0,22.0,21.0,21.0,22.0,20.0,20.0,21.0,22.0,21.0,21.0,22.0,22.0,20.0,21.0,22.0,22.0,21.0,22.0,23.0,21.0,10.0,hold,0,0,9.7706
1788791626.4645,2026-09-07 16:33:46.464,15,d4,1,0,-0.04304,-0.50203,0.03982,-5.8993,12.8555,-19.6836,-0.1019,-0.0239,-0.6239,3.89318,25.0,26.0,24.0,23.0,27.0,26.0,27.0,24.0,28.0,35.0,33.0,23.0,33.0,43.0,27.0,24.0,30.0,31.0,24.0,21.0,21.0,22.0,20.0,20.0,21.0,22.0,21.0,21.0,22.0,22.0,20.0,21.0,22.0,22.0,21.0,22.0,23.0,21.0,10.0,hold,0,0,9.8468
1788791626.5146,2026-09-07 16:33:46.514,15,d4,1,0,-0.04304,-0.50202,0.03982,-6.1164,13.2316,-19.7765,-0.112,-0.0301,-0.6211,3.90652,25.0,26.0,24.0,23.0,27.0,26.0,27.0,24.0,28.0,35.0,33.0,23.0,33.0,43.0,27.0,24.0,30.0,31.0,24.0,21.0,21.0,22.0,20.0,20.0,21.0,22.0,21.0,21.0,22.0,22.0,20.0,21.0,22.0,22.0,21.0,22.0,23.0,21.0,10.0,hold,0,0,9.7281
1788791626.5647,2026-09-07 16:33:46.564,15,d4,1,0,-0.04304,-0.50202,0.03982,-5.8945,12.6567,-19.8014,-0.097,-0.0242,-0.6186,3.89494,23.0,25.0,24.0,23.0,28.0,27.0,27.0,24.0,28.0,35.0,34.0,23.0,31.0,42.0,27.0,23.0,30.0,32.0,23.0,21.0,21.0,22.0,20.0,20.0,21.0,22.0,21.0,21.0,22.0,22.0,20.0,21.0,22.0,22.0,21.0,22.0,23.0,21.0,10.0,hold,0,0,9.8311
1788791626.6149,2026-09-07 16:33:46.614,15,d4,1,0,-0.04305,-0.50203,0.03983,-6.1038,13.2506,-19.7931,-0.11,-0.0295,-0.6123,3.90149,23.0,25.0,24.0,23.0,28.0,27.0,27.0,24.0,28.0,35.0,34.0,23.0,31.0,42.0,27.0,23.0,30.0,32.0,23.0,21.0,21.0,22.0,20.0,20.0,21.0,22.0,21.0,21.0,22.0,22.0,20.0,21.0,22.0,22.0,21.0,22.0,23.0,21.0,10.0,hold,0,0,9.7728
1788791626.6649,2026-09-07 16:33:46.664,15,d4,1,0,-0.04304,-0.50201,0.03982,-5.9143,12.9773,-19.7288,-0.1044,-0.0241,-0.6131,3.89973,24.0,26.0,24.0,23.0,26.0,28.0,28.0,23.0,27.0,37.0,34.0,21.0,31.0,44.0,27.0,21.0,31.0,34.0,22.0,21.0,21.0,22.0,20.0,20.0,21.0,22.0,21.0,21.0,22.0,22.0,20.0,21.0,22.0,22.0,21.0,22.0,23.0,21.0,10.0,hold,0,0,9.7885
1788791626.715,2026-09-07 16:33:46.715,15,d4,1,0,-0.04304,-0.50202,0.03982,-5.7246,13.2093,-19.7581,-0.1103,-0.0193,-0.6137,3.903,22.0,25.0,24.0,21.0,25.0,27.0,29.0,22.0,28.0,35.0,34.0,22.0,32.0,42.0,27.0,21.0,29.0,33.0,23.0,21.0,21.0,22.0,20.0,20.0,21.0,22.0,21.0,21.0,22.0,22.0,20.0,21.0,22.0,22.0,21.0,22.0,23.0,21.0,10.0,hold,0,0,9.7594
1788791626.7651,2026-09-07 16:33:46.765,15,d4,1,0,-0.04302,-0.50201,0.03981,-5.7429,12.6164,-19.7824,-0.0972,-0.0172,-0.6124,3.90174,22.0,25.0,24.0,21.0,25.0,27.0,29.0,22.0,28.0,35.0,34.0,22.0,32.0,42.0,27.0,21.0,29.0,33.0,23.0,21.0,21.0,22.0,20.0,20.0,21.0,22.0,21.0,21.0,22.0,22.0,20.0,21.0,22.0,22.0,21.0,22.0,23.0,21.0,10.0,hold,0,0,9.7706
1788791626.8152,2026-09-07 16:33:46.815,15,d4,1,0,-0.04304,-0.50201,0.03981,-6.0302,12.9692,-19.8088,-0.1083,-0.0278,-0.6157,3.8967,23.0,27.0,24.0,23.0,28.0,26.0,28.0,22.0,27.0,36.0,34.0,21.0,30.0,43.0,27.0,22.0,31.0,32.0,23.0,21.0,21.0,22.0,20.0,20.0,21.0,22.0,21.0,21.0,22.0,22.0,20.0,21.0,22.0,22.0,21.0,22.0,23.0,21.0,10.0,hold,0,0,9.8154
1788791626.8654,2026-09-07 16:33:46.865,15,d4,1,0,-0.04302,-0.50201,0.03982,-5.8569,12.8934,-19.8592,-0.1055,-0.0244,-0.6192,3.89847,23.0,27.0,24.0,23.0,28.0,26.0,28.0,22.0,27.0,36.0,34.0,21.0,30.0,43.0,27.0,22.0,31.0,32.0,23.0,21.0,21.0,22.0,20.0,20.0,21.0,22.0,21.0,21.0,22.0,22.0,20.0,21.0,22.0,22.0,21.0,22.0,23.0,21.0,10.0,hold,0,0,9.7997
1788791626.9155,2026-09-07 16:33:46.915,15,d4,1,0,-0.04305,-0.50202,0.03982,-5.9908,13.0675,-19.8382,-0.1043,-0.0257,-0.6148,3.90954,24.0,26.0,24.0,21.0,28.0,27.0,28.0,22.0,28.0,37.0,33.0,21.0,29.0,45.0,27.0,22.0,32.0,33.0,23.0,21.0,21.0,22.0,20.0,20.0,21.0,22.0,21.0,21.0,22.0,22.0,20.0,21.0,22.0,22.0,21.0,22.0,23.0,21.0,10.0,hold,0,0,9.7012
1788791626.9657,2026-09-07 16:33:46.965,15,d4,1,0,-0.04304,-0.50201,0.03982,-6.1886,13.0859,-19.822,-0.1082,-0.0345,-0.6162,3.90249,21.0,24.0,24.0,20.0,26.0,29.0,28.0,19.0,27.0,37.0,34.0,17.0,29.0,43.0,27.0,18.0,31.0,32.0,20.0,21.0,21.0,22.0,20.0,20.0,21.0,22.0,21.0,21.0,22.0,22.0,20.0,21.0,22.0,22.0,21.0,22.0,23.0,21.0,10.0,hold,0,0,9.7639
1788791627.0158,2026-09-07 16:33:47.015,15,d4,1,0,-0.04305,-0.50201,0.03982,-5.9061,12.7756,-19.8318,-0.102,-0.0244,-0.6249,3.90904,21.0,24.0,24.0,20.0,26.0,29.0,28.0,19.0,27.0,37.0,34.0,17.0,29.0,43.0,27.0,18.0,31.0,32.0,20.0,21.0,21.0,22.0,20.0,20.0,21.0,22.0,21.0,21.0,22.0,22.0,20.0,21.0,22.0,22.0,21.0,22.0,23.0,21.0,10.0,hold,0,0,9.7057
1788791627.0659,2026-09-07 16:33:47.065,15,d4,1,0,-0.04305,-0.50204,0.03983,-5.8751,12.5835,-19.8631,-0.095,-0.0224,-0.6121,3.90753,20.0,25.0,26.0,19.0,27.0,28.0,27.0,23.0,28.0,37.0,34.0,23.0,31.0,42.0,27.0,23.0,30.0,33.0,22.0,21.0,21.0,22.0,20.0,20.0,21.0,22.0,21.0,21.0,22.0,22.0,20.0,21.0,22.0,22.0,21.0,22.0,23.0,21.0,10.0,hold,0,0,9.7191
1788791627.116,2026-09-07 16:33:47.116,15,d4,1,0,-0.04303,-0.50203,0.03983,-5.717,12.6193,-20.1068,-0.0967,-0.0193,-0.6107,3.90048,20.0,25.0,26.0,19.0,27.0,28.0,27.0,23.0,28.0,37.0,34.0,23.0,31.0,42.0,27.0,23.0,30.0,33.0,22.0,21.0,21.0,22.0,20.0,20.0,21.0,22.0,21.0,21.0,22.0,22.0,20.0,21.0,22.0,22.0,21.0,22.0,23.0,21.0,10.0,hold,0,0,9.7818
1788791627.1661,2026-09-07 16:33:47.166,15,d4,1,0,-0.04305,-0.50202,0.03982,-5.9428,12.9073,-20.2067,-0.1043,-0.0256,-0.6103,3.91231,22.0,25.0,24.0,23.0,27.0,27.0,28.0,25.0,27.0,37.0,35.0,23.0,31.0,44.0,27.0,24.0,30.0,33.0,24.0,21.0,21.0,22.0,20.0,20.0,21.0,22.0,21.0,21.0,22.0,22.0,20.0,21.0,22.0,22.0,21.0,22.0,23.0,21.0,10.0,hold,0,0,9.6765
1788791627.2163,2026-09-07 16:33:47.216,15,d4,1,0,-0.04303,-0.50202,0.03982,-5.7483,12.6629,-19.9591,-0.1019,-0.018,-0.6107,3.9035,24.0,24.0,24.0,24.0,26.0,28.0,27.0,22.0,27.0,36.0,32.0,20.0,29.0,43.0,26.0,21.0,30.0,31.0,22.0,21.0,21.0,22.0,20.0,20.0,21.0,22.0,21.0,21.0,22.0,22.0,20.0,21.0,22.0,22.0,21.0,22.0,23.0,21.0,10.0,hold,0,0,9.7549
1788791627.2664,2026-09-07 16:33:47.266,15,d4,1,0,-0.04305,-0.50202,0.03981,-6.2662,12.9744,-19.8618,-0.1019,-0.0329,-0.6147,3.9108,24.0,24.0,24.0,24.0,26.0,28.0,27.0,22.0,27.0,36.0,32.0,20.0,29.0,43.0,26.0,21.0,30.0,31.0,22.0,21.0,21.0,22.0,20.0,20.0,21.0,22.0,21.0,21.0,22.0,22.0,20.0,21.0,22.0,22.0,21.0,22.0,23.0,21.0,10.0,hold,0,0,9.69
1788791627.3165,2026-09-07 16:33:47.316,15,d4,1,0,-0.04304,-0.50203,0.03983,-5.6949,12.7817,-19.9303,-0.1031,-0.0185,-0.6059,3.89343,22.0,24.0,24.0,22.0,26.0,27.0,26.0,22.0,27.0,35.0,32.0,21.0,29.0,43.0,26.0,21.0,29.0,30.0,22.0,21.0,21.0,22.0,20.0,20.0,21.0,22.0,21.0,21.0,22.0,22.0,20.0,21.0,22.0,22.0,21.0,22.0,23.0,21.0,10.0,hold,0,0,9.8445
1788791627.3666,2026-09-07 16:33:47.366,15,d4,1,0,-0.04302,-0.50202,0.03982,-5.7228,12.7491,-19.9413,-0.0978,-0.0175,-0.6116,3.91156,22.0,24.0,24.0,22.0,26.0,27.0,26.0,22.0,27.0,35.0,32.0,21.0,29.0,43.0,26.0,21.0,29.0,30.0,22.0,21.0,21.0,22.0,20.0,20.0,21.0,22.0,21.0,21.0,22.0,22.0,20.0,21.0,22.0,22.0,21.0,22.0,23.0,21.0,10.0,hold,0,0,9.6833
1788791627.4166,2026-09-07 16:33:47.416,15,d4,1,0,-0.04304,-0.50201,0.03981,-5.844,12.5694,-19.9871,-0.095,-0.0198,-0.6141,3.89973,22.0,25.0,23.0,22.0,26.0,27.0,28.0,24.0,27.0,35.0,32.0,23.0,31.0,43.0,27.0,23.0,30.0,31.0,22.0,21.0,21.0,22.0,20.0,20.0,21.0,22.0,21.0,21.0,22.0,22.0,20.0,21.0,22.0,22.0,21.0,22.0,23.0,21.0,10.0,hold,0,0,9.7885
1788791627.4668,2026-09-07 16:33:47.466,15,d4,1,0,-0.04304,-0.50201,0.03981,-6.0988,12.9864,-20.0052,-0.1,-0.0237,-0.6123,3.90753,23.0,24.0,24.0,22.0,26.0,27.0,26.0,22.0,28.0,37.0,33.0,22.0,30.0,45.0,27.0,21.0,31.0,33.0,22.0,21.0,21.0,22.0,20.0,20.0,21.0,22.0,21.0,21.0,22.0,22.0,20.0,21.0,22.0,22.0,21.0,22.0,23.0,21.0,10.0,hold,0,0,9.7191
1788791627.5169,2026-09-07 16:33:47.516,15,d4,1,0,-0.04303,-0.50201,0.03982,-5.6739,12.8619,-20.0284,-0.0991,-0.0172,-0.6137,3.90728,23.0,24.0,24.0,22.0,26.0,27.0,26.0,22.0,28.0,37.0,33.0,22.0,30.0,45.0,27.0,21.0,31.0,33.0,22.0,21.0,21.0,22.0,20.0,20.0,21.0,22.0,21.0,21.0,22.0,22.0,20.0,21.0,22.0,22.0,21.0,22.0,23.0,21.0,10.0,hold,0,0,9.7213
1788791627.5669,2026-09-07 16:33:47.566,15,d4,1,0,-0.04304,-0.50201,0.03983,-5.8815,12.9163,-20.0875,-0.1047,-0.0227,-0.6167,3.90325,25.0,25.0,26.0,23.0,27.0,27.0,26.0,24.0,27.0,37.0,34.0,24.0,30.0,43.0,27.0,24.0,30.0,31.0,23.0,21.0,21.0,22.0,20.0,20.0,21.0,22.0,21.0,21.0,22.0,22.0,20.0,21.0,22.0,22.0,21.0,22.0,23.0,21.0,10.0,hold,0,0,9.7572
1788791627.617,2026-09-07 16:33:47.617,15,d4,1,0,-0.04303,-0.50201,0.03982,-5.8977,13.1708,-19.9024,-0.1119,-0.0236,-0.6201,3.90652,25.0,25.0,26.0,23.0,27.0,27.0,26.0,24.0,27.0,37.0,34.0,24.0,30.0,43.0,27.0,24.0,30.0,31.0,23.0,21.0,21.0,22.0,20.0,20.0,21.0,22.0,21.0,21.0,22.0,22.0,20.0,21.0,22.0,22.0,21.0,22.0,23.0,21.0,10.0,hold,0,0,9.7281
1788791627.6672,2026-09-07 16:33:47.667,15,d4,1,0,-0.04305,-0.50201,0.03981,-5.7351,13.0127,-20.0263,-0.1069,-0.0242,-0.6129,3.90124,25.0,24.0,25.0,24.0,26.0,27.0,27.0,23.0,27.0,37.0,34.0,22.0,30.0,43.0,27.0,23.0,30.0,32.0,24.0,21.0,21.0,22.0,20.0,20.0,21.0,22.0,21.0,21.0,22.0,22.0,20.0,21.0,22.0,22.0,21.0,22.0,23.0,21.0,10.0,hold,0,0,9.7751
1788791627.7172,2026-09-07 16:33:47.717,15,d4,1,0,-0.04302,-0.50202,0.03981,-5.8593,12.8801,-19.9379,-0.1025,-0.0211,-0.6126,3.90451,25.0,24.0,25.0,24.0,26.0,27.0,27.0,23.0,27.0,37.0,34.0,22.0,30.0,43.0,27.0,23.0,30.0,32.0,24.0,21.0,21.0,22.0,20.0,20.0,21.0,22.0,21.0,21.0,22.0,22.0,20.0,21.0,22.0,22.0,21.0,22.0,23.0,21.0,10.0,hold,0,0,9.746
1788791627.7674,2026-09-07 16:33:47.767,15,d4,1,0,-0.04304,-0.50201,0.03981,-5.8441,12.6089,-20.0098,-0.0977,-0.0238,-0.6103,3.90249,23.0,25.0,23.0,21.0,25.0,27.0,27.0,24.0,27.0,36.0,33.0,23.0,30.0,42.0,26.0,23.0,31.0,31.0,24.0,21.0,21.0,22.0,20.0,20.0,21.0,22.0,21.0,21.0,22.0,22.0,20.0,21.0,22.0,22.0,21.0,22.0,23.0,21.0,10.0,hold,0,0,9.7639
1788791627.8176,2026-09-07 16:33:47.817,15,d4,1,0,-0.04304,-0.50201,0.03982,-5.9986,12.9121,-19.751,-0.1052,-0.0276,-0.6125,3.90199,25.0,27.0,25.0,25.0,27.0,28.0,26.0,23.0,27.0,38.0,33.0,22.0,30.0,45.0,27.0,22.0,31.0,31.0,22.0,21.0,21.0,22.0,20.0,20.0,21.0,22.0,21.0,21.0,22.0,22.0,20.0,21.0,22.0,22.0,21.0,22.0,23.0,21.0,10.0,hold,0,0,9.7684
1788791627.8677,2026-09-07 16:33:47.867,15,d4,1,0,-0.04303,-0.50202,0.03982,-5.8343,12.8968,-19.8834,-0.105,-0.0203,-0.6118,3.90526,25.0,27.0,25.0,25.0,27.0,28.0,26.0,23.0,27.0,38.0,33.0,22.0,30.0,45.0,27.0,22.0,31.0,31.0,22.0,21.0,21.0,22.0,20.0,20.0,21.0,22.0,21.0,21.0,22.0,22.0,20.0,21.0,22.0,22.0,21.0,22.0,23.0,21.0,10.0,hold,0,0,9.7393
1788791627.9178,2026-09-07 16:33:47.917,15,d4,1,0,-0.04304,-0.50201,0.03981,-6.0555,13.0727,-19.7673,-0.1068,-0.0287,-0.6161,3.90124,24.0,24.0,26.0,22.0,25.0,29.0,27.0,23.0,28.0,35.0,33.0,21.0,30.0,42.0,28.0,22.0,29.0,31.0,23.0,21.0,21.0,22.0,20.0,20.0,21.0,22.0,21.0,21.0,22.0,22.0,20.0,21.0,22.0,22.0,21.0,22.0,23.0,21.0,10.0,hold,0,0,9.7751
1788791627.9679,2026-09-07 16:33:47.967,15,d4,1,0,-0.04304,-0.50202,0.03981,-6.0333,13.0231,-19.8299,-0.1048,-0.0266,-0.6148,3.91634,24.0,24.0,26.0,22.0,25.0,29.0,27.0,23.0,28.0,35.0,33.0,21.0,30.0,42.0,28.0,22.0,29.0,31.0,23.0,21.0,21.0,22.0,20.0,20.0,21.0,22.0,21.0,21.0,22.0,22.0,20.0,21.0,22.0,22.0,21.0,22.0,23.0,21.0,10.0,hold,0,0,9.6407
1788791628.0181,2026-09-07 16:33:48.018,15,d4,1,0,-0.04303,-0.50202,0.03982,-5.882,12.6959,-20.103,-0.0988,-0.0218,-0.6139,3.90678,23.0,26.0,24.0,21.0,27.0,27.0,28.0,23.0,27.0,36.0,33.0,22.0,30.0,44.0,26.0,22.0,31.0,31.0,21.0,21.0,21.0,22.0,20.0,20.0,21.0,22.0,21.0,21.0,22.0,22.0,20.0,21.0,22.0,22.0,21.0,22.0,23.0,21.0,10.0,hold,0,0,9.7258
1788791628.0682,2026-09-07 16:33:48.068,15,d4,1,0,-0.04303,-0.50201,0.03981,-5.8871,12.5778,-19.9273,-0.092,-0.0251,-0.6117,3.91408,23.0,25.0,24.0,22.0,27.0,27.0,27.0,24.0,27.0,38.0,34.0,23.0,30.0,44.0,28.0,23.0,32.0,33.0,23.0,21.0,21.0,22.0,20.0,20.0,21.0,22.0,21.0,21.0,22.0,22.0,20.0,21.0,22.0,22.0,21.0,22.0,23.0,21.0,10.0,hold,0,0,9.6609
1788791628.1183,2026-09-07 16:33:48.118,15,d4,1,0,-0.04304,-0.50202,0.03981,-5.7857,12.6187,-20.0259,-0.0942,-0.0189,-0.6108,3.90778,23.0,25.0,24.0,22.0,27.0,27.0,27.0,24.0,27.0,38.0,34.0,23.0,30.0,44.0,28.0,23.0,32.0,33.0,23.0,21.0,21.0,22.0,20.0,20.0,21.0,22.0,21.0,21.0,22.0,22.0,20.0,21.0,22.0,22.0,21.0,22.0,23.0,21.0,10.0,hold,0,0,9.7169
1788791628.1685,2026-09-07 16:33:48.168,15,d4,1,0,-0.04304,-0.50202,0.03982,-5.8162,12.9807,-19.7713,-0.102,-0.0228,-0.6178,3.91307,24.0,25.0,25.0,23.0,28.0,28.0,27.0,20.0,26.0,37.0,33.0,19.0,29.0,43.0,26.0,20.0,31.0,32.0,23.0,21.0,21.0,22.0,20.0,20.0,21.0,22.0,21.0,21.0,22.0,22.0,20.0,21.0,22.0,22.0,21.0,22.0,23.0,21.0,10.0,hold,0,0,9.6698
1788791628.2185,2026-09-07 16:33:48.218,15,d4,1,0,-0.04304,-0.50202,0.03983,-5.9566,12.7141,-19.8317,-0.0994,-0.0247,-0.6141,3.91181,24.0,25.0,25.0,23.0,28.0,28.0,27.0,20.0,26.0,37.0,33.0,19.0,29.0,43.0,26.0,20.0,31.0,32.0,23.0,21.0,21.0,22.0,20.0,20.0,21.0,22.0,21.0,21.0,22.0,22.0,20.0,21.0,22.0,22.0,21.0,22.0,23.0,21.0,10.0,hold,0,0,9.681
1788791628.2687,2026-09-07 16:33:48.268,15,d4,0,0,-0.04305,-0.50202,0.03982,-5.9191,12.9502,-20.1106,-0.105,-0.0262,-0.6104,3.90778,22.0,25.0,24.0,20.0,25.0,27.0,27.0,21.0,27.0,38.0,33.0,21.0,31.0,44.0,27.0,20.0,32.0,33.0,21.0,21.0,21.0,22.0,20.0,20.0,21.0,22.0,21.0,21.0,22.0,22.0,20.0,21.0,22.0,22.0,21.0,22.0,23.0,21.0,10.0,retract,0,0,9.7169
1788791628.3187,2026-09-07 16:33:48.318,15,d4,0,0,-0.04302,-0.50202,0.03984,-5.9126,12.9445,-20.2833,-0.1046,-0.0254,-0.614,3.92163,22.0,25.0,26.0,21.0,27.0,28.0,27.0,21.0,25.0,35.0,34.0,20.0,30.0,44.0,27.0,22.0,30.0,32.0,23.0,21.0,21.0,22.0,20.0,20.0,21.0,22.0,21.0,21.0,22.0,22.0,20.0,21.0,22.0,22.0,21.0,22.0,23.0,21.0,10.0,retract,0,0,9.5937
1788791628.3688,2026-09-07 16:33:48.368,15,d4,0,0,-0.04303,-0.50202,0.0399,-5.7852,13.0312,-19.9747,-0.1046,-0.0211,-0.6138,3.95763,22.0,25.0,26.0,21.0,27.0,28.0,27.0,21.0,25.0,35.0,34.0,20.0,30.0,44.0,27.0,22.0,30.0,32.0,23.0,21.0,21.0,22.0,20.0,20.0,21.0,22.0,21.0,21.0,22.0,22.0,20.0,21.0,22.0,22.0,21.0,22.0,23.0,21.0,10.0,retract,0,0,9.2734
1788791628.4189,2026-09-07 16:33:48.418,15,d4,0,0,-0.04306,-0.50202,0.04,-5.809,12.6193,-20.2814,-0.0984,-0.0214,-0.6186,3.99741,23.0,23.0,25.0,23.0,25.0,27.0,26.0,23.0,26.0,36.0,35.0,21.0,29.0,44.0,28.0,23.0,30.0,33.0,23.0,21.0,21.0,22.0,20.0,20.0,21.0,22.0,21.0,21.0,22.0,22.0,20.0,21.0,22.0,22.0,21.0,22.0,23.0,21.0,10.0,retract,0,0,8.9194
1788791628.4691,2026-09-07 16:33:48.469,15,d4,0,0,-0.04303,-0.50201,0.04013,-6.0175,13.0265,-20.3952,-0.1058,-0.0284,-0.617,4.07395,23.0,23.0,25.0,23.0,25.0,27.0,26.0,23.0,26.0,36.0,35.0,21.0,29.0,44.0,28.0,23.0,30.0,33.0,23.0,21.0,21.0,22.0,20.0,20.0,21.0,22.0,21.0,21.0,22.0,22.0,20.0,21.0,22.0,22.0,21.0,22.0,23.0,21.0,10.0,retract,0,0,8.2385
1788791628.5192,2026-09-07 16:33:48.519,15,d4,0,0,-0.04304,-0.502,0.04029,-6.3259,13.2018,-20.584,-0.113,-0.0301,-0.6115,4.14118,25.0,23.0,25.0,25.0,26.0,29.0,26.0,24.0,27.0,37.0,33.0,23.0,29.0,44.0,27.0,24.0,30.0,31.0,24.0,21.0,21.0,22.0,20.0,20.0,21.0,22.0,21.0,21.0,22.0,22.0,20.0,21.0,22.0,22.0,21.0,22.0,23.0,21.0,10.0,retract,0,0,7.6405
1788791628.5693,2026-09-07 16:33:48.569,15,d4,0,0,-0.04304,-0.502,0.0405,-5.9508,12.5802,-21.2622,-0.1003,-0.0239,-0.6108,4.23106,26.0,25.0,24.0,25.0,26.0,29.0,27.0,23.0,27.0,37.0,33.0,22.0,30.0,44.0,28.0,22.0,32.0,33.0,23.0,21.0,21.0,22.0,20.0,20.0,21.0,22.0,21.0,21.0,22.0,22.0,20.0,21.0,22.0,22.0,21.0,22.0,23.0,21.0,10.0,retract,0,0,6.8408
1788791628.6194,2026-09-07 16:33:48.619,15,d4,0,0,-0.04303,-0.50199,0.04072,-6.0016,13.1998,-21.2427,-0.119,-0.0275,-0.6097,4.3071,26.0,25.0,24.0,25.0,26.0,29.0,27.0,23.0,27.0,37.0,33.0,22.0,30.0,44.0,28.0,22.0,32.0,33.0,23.0,21.0,21.0,22.0,20.0,20.0,21.0,22.0,21.0,21.0,22.0,22.0,20.0,21.0,22.0,22.0,21.0,22.0,23.0,21.0,10.0,retract,0,0,6.1644
1788791628.6696,2026-09-07 16:33:48.669,15,d4,0,0,-0.04302,-0.50198,0.04097,-6.0945,12.8498,-21.6378,-0.1106,-0.026,-0.6103,4.37784,23.0,25.0,26.0,22.0,27.0,29.0,26.0,22.0,27.0,36.0,32.0,20.0,30.0,42.0,27.0,23.0,30.0,33.0,23.0,21.0,21.0,22.0,20.0,20.0,21.0,22.0,21.0,21.0,22.0,22.0,20.0,21.0,22.0,22.0,21.0,22.0,23.0,21.0,10.0,retract,0,0,5.535
1788791628.7197,2026-09-07 16:33:48.719,15,d4,0,0,-0.04302,-0.50198,0.04125,-5.7699,12.6396,-21.9222,-0.1089,-0.0189,-0.6133,4.43902,23.0,25.0,26.0,22.0,27.0,29.0,26.0,22.0,27.0,36.0,32.0,20.0,30.0,42.0,27.0,23.0,30.0,33.0,23.0,21.0,21.0,22.0,20.0,20.0,21.0,22.0,21.0,21.0,22.0,22.0,20.0,21.0,22.0,22.0,21.0,22.0,23.0,21.0,10.0,retract,0,0,4.9907
1788791628.7699,2026-09-07 16:33:48.769,15,d4,0,0,-0.043,-0.50197,0.04157,-6.0687,12.7703,-22.0136,-0.1121,-0.028,-0.6111,4.50952,24.0,24.0,25.0,23.0,26.0,28.0,27.0,21.0,27.0,36.0,31.0,20.0,29.0,41.0,25.0,21.0,30.0,30.0,22.0,21.0,21.0,22.0,20.0,20.0,21.0,22.0,21.0,21.0,22.0,22.0,20.0,21.0,22.0,22.0,21.0,22.0,23.0,21.0,10.0,retract,0,0,4.3635
1788791628.82,2026-09-07 16:33:48.819,15,d4,0,0,-0.04303,-0.50197,0.04189,-5.9492,12.5112,-22.1318,-0.1109,-0.024,-0.6139,4.55157,24.0,24.0,25.0,23.0,26.0,28.0,27.0,21.0,27.0,36.0,31.0,20.0,29.0,41.0,25.0,21.0,30.0,30.0,22.0,21.0,21.0,22.0,20.0,20.0,21.0,22.0,21.0,21.0,22.0,22.0,20.0,21.0,22.0,22.0,21.0,22.0,23.0,21.0,10.0,retract,0,0,3.9894
1788791628.8701,2026-09-07 16:33:48.870,15,d4,0,0,-0.043,-0.50199,0.04228,-5.9992,12.5119,-22.5234,-0.109,-0.0245,-0.6168,4.59865,23.0,25.0,26.0,20.0,26.0,27.0,26.0,21.0,28.0,36.0,30.0,21.0,31.0,39.0,25.0,21.0,30.0,29.0,20.0,21.0,21.0,22.0,20.0,20.0,21.0,22.0,21.0,21.0,22.0,22.0,20.0,21.0,22.0,22.0,21.0,22.0,23.0,21.0,10.0,retract,0,0,3.5706
1788791628.9202,2026-09-07 16:33:48.920,15,d4,0,0,-0.04303,-0.502,0.04262,-5.9147,12.7195,-22.6323,-0.1208,-0.0255,-0.6096,4.63037,23.0,25.0,24.0,21.0,26.0,27.0,24.0,21.0,27.0,33.0,28.0,20.0,29.0,36.0,25.0,23.0,30.0,29.0,21.0,21.0,21.0,22.0,20.0,20.0,21.0,22.0,21.0,21.0,22.0,22.0,20.0,21.0,22.0,22.0,21.0,22.0,23.0,21.0,10.0,retract,0,0,3.2884
1788791628.9703,2026-09-07 16:33:48.970,15,d4,0,0,-0.04303,-0.50201,0.04296,-5.9154,12.3233,-22.688,-0.1129,-0.0278,-0.6115,4.65681,23.0,25.0,24.0,21.0,26.0,27.0,24.0,21.0,27.0,33.0,28.0,20.0,29.0,36.0,25.0,23.0,30.0,29.0,21.0,21.0,21.0,22.0,20.0,20.0,21.0,22.0,21.0,21.0,22.0,22.0,20.0,21.0,22.0,22.0,21.0,22.0,23.0,21.0,10.0,retract,0,0,3.0532
1788791629.0205,2026-09-07 16:33:49.020,15,d4,0,0,-0.04302,-0.502,0.04327,-5.8407,12.4883,-22.7946,-0.1186,-0.0268,-0.6108,4.67771,23.0,25.0,25.0,22.0,25.0,26.0,25.0,23.0,27.0,32.0,27.0,23.0,29.0,34.0,26.0,22.0,29.0,27.0,23.0,21.0,21.0,22.0,20.0,20.0,21.0,22.0,21.0,21.0,22.0,22.0,20.0,21.0,22.0,22.0,21.0,22.0,23.0,21.0,10.0,retract,0,0,2.8673
1788791629.0706,2026-09-07 16:33:49.070,15,d4,0,0,-0.04302,-0.50198,0.04357,-5.809,12.7305,-22.9002,-0.1284,-0.0268,-0.6122,4.69105,23.0,25.0,25.0,22.0,25.0,26.0,25.0,23.0,27.0,32.0,27.0,23.0,29.0,34.0,26.0,22.0,29.0,27.0,23.0,21.0,21.0,22.0,20.0,20.0,21.0,22.0,21.0,21.0,22.0,22.0,20.0,21.0,22.0,22.0,21.0,22.0,23.0,21.0,10.0,retract,0,0,2.7485
1788791629.1207,2026-09-07 16:33:49.120,15,d4,0,0,-0.043,-0.50198,0.04392,-5.9036,12.0764,-22.9478,-0.1214,-0.0274,-0.6091,4.69231,24.0,25.0,26.0,24.0,26.0,28.0,24.0,23.0,27.0,32.0,28.0,22.0,29.0,32.0,27.0,22.0,28.0,29.0,23.0,21.0,21.0,22.0,20.0,20.0,21.0,22.0,21.0,21.0,22.0,22.0,20.0,21.0,22.0,22.0,21.0,22.0,23.0,21.0,10.0,retract,0,0,2.7373
1788791629.1708,2026-09-07 16:33:49.170,15,d4,0,0,-0.04302,-0.50199,0.04425,-6.2107,12.5637,-22.9063,-0.1341,-0.0353,-0.6148,4.69407,22.0,25.0,24.0,23.0,26.0,25.0,24.0,23.0,24.0,29.0,25.0,21.0,26.0,30.0,26.0,23.0,26.0,27.0,22.0,21.0,21.0,22.0,20.0,20.0,21.0,22.0,21.0,21.0,22.0,22.0,20.0,21.0,22.0,22.0,21.0,22.0,23.0,21.0,10.0,retract,0,0,2.7217
1788791629.221,2026-09-07 16:33:49.220,15,d4,0,0,-0.04303,-0.502,0.04462,-5.9578,12.3112,-22.9296,-0.1323,-0.0279,-0.6174,4.70238,22.0,25.0,24.0,23.0,26.0,25.0,24.0,23.0,24.0,29.0,25.0,21.0,26.0,30.0,26.0,23.0,26.0,27.0,22.0,21.0,21.0,22.0,20.0,20.0,21.0,22.0,21.0,21.0,22.0,22.0,20.0,21.0,22.0,22.0,21.0,22.0,23.0,21.0,10.0,retract,0,0,2.6477
1788791629.2711,2026-09-07 16:33:49.271,15,d4,0,0,-0.04304,-0.50201,0.04496,-5.9528,12.1202,-22.8921,-0.1256,-0.0271,-0.6169,4.68727,23.0,23.0,23.0,21.0,23.0,25.0,24.0,22.0,25.0,30.0,25.0,21.0,27.0,29.0,26.0,20.0,27.0,27.0,21.0,21.0,21.0,22.0,20.0,20.0,21.0,22.0,21.0,21.0,22.0,22.0,20.0,21.0,22.0,22.0,21.0,22.0,23.0,21.0,10.0,retract,0,0,2.7821
1788791629.3212,2026-09-07 16:33:49.321,15,d4,0,0,-0.04303,-0.502,0.04528,-5.8777,12.0806,-23.125,-0.1283,-0.0275,-0.6114,4.70691,23.0,23.0,23.0,21.0,23.0,25.0,24.0,22.0,25.0,30.0,25.0,21.0,27.0,29.0,26.0,20.0,27.0,27.0,21.0,21.0,21.0,22.0,20.0,20.0,21.0,22.0,21.0,21.0,22.0,22.0,20.0,21.0,22.0,22.0,21.0,22.0,23.0,21.0,10.0,retract,0,0,2.6074
1788791629.3713,2026-09-07 16:33:49.371,15,d4,0,0,-0.04304,-0.502,0.04561,-6.1987,12.0166,-23.083,-0.1228,-0.0353,-0.6148,4.69735,23.0,24.0,23.0,21.0,23.0,25.0,23.0,23.0,24.0,30.0,26.0,22.0,26.0,30.0,26.0,22.0,28.0,26.0,23.0,21.0,21.0,22.0,20.0,20.0,21.0,22.0,21.0,21.0,22.0,22.0,20.0,21.0,22.0,22.0,21.0,22.0,23.0,21.0,10.0,retract,0,0,2.6925
1788791629.4214,2026-09-07 16:33:49.421,15,d4,0,0,-0.04304,-0.50198,0.04593,-5.6865,11.9371,-23.1074,-0.1233,-0.0231,-0.6182,4.69508,25.0,23.0,24.0,23.0,22.0,25.0,25.0,24.0,23.0,28.0,24.0,23.0,25.0,27.0,26.0,23.0,27.0,28.0,24.0,21.0,21.0,22.0,20.0,20.0,21.0,22.0,21.0,21.0,22.0,22.0,20.0,21.0,22.0,22.0,21.0,22.0,23.0,21.0,10.0,retract,0,0,2.7127
1788791629.4714,2026-09-07 16:33:49.471,15,d4,0,0,-0.04303,-0.50199,0.0463,-5.7656,12.1012,-22.8743,-0.1237,-0.0256,-0.6135,4.69533,25.0,23.0,24.0,23.0,22.0,25.0,25.0,24.0,23.0,28.0,24.0,23.0,25.0,27.0,26.0,23.0,27.0,28.0,24.0,21.0,21.0,22.0,20.0,20.0,21.0,22.0,21.0,21.0,22.0,22.0,20.0,21.0,22.0,22.0,21.0,22.0,23.0,21.0,10.0,retract,0,0,2.7105
1788791629.5215,2026-09-07 16:33:49.521,15,d4,0,0,-0.04303,-0.50199,0.04663,-5.7795,12.0746,-22.9019,-0.1268,-0.0249,-0.613,4.7049,24.0,23.0,24.0,23.0,22.0,25.0,23.0,22.0,23.0,27.0,23.0,21.0,25.0,27.0,24.0,23.0,25.0,26.0,23.0,21.0,21.0,22.0,20.0,20.0,21.0,22.0,21.0,21.0,22.0,22.0,20.0,21.0,22.0,22.0,21.0,22.0,23.0,21.0,10.0,retract,0,0,2.6253
1788791629.5716,2026-09-07 16:33:49.571,15,d4,0,0,-0.04305,-0.50199,0.04697,-6.0892,12.3422,-22.8527,-0.134,-0.0345,-0.6185,4.6913,24.0,23.0,24.0,23.0,22.0,25.0,23.0,22.0,23.0,27.0,23.0,21.0,25.0,27.0,24.0,23.0,25.0,26.0,23.0,21.0,21.0,22.0,20.0,20.0,21.0,22.0,21.0,21.0,22.0,22.0,20.0,21.0,22.0,22.0,21.0,22.0,23.0,21.0,10.0,retract,0,0,2.7463
1788791629.6218,2026-09-07 16:33:49.621,15,d4,0,0,-0.04304,-0.50202,0.04732,-5.853,12.1536,-22.7226,-0.1309,-0.0288,-0.617,4.69986,25.0,22.0,23.0,24.0,22.0,25.0,22.0,22.0,23.0,26.0,22.0,22.0,25.0,26.0,23.0,21.0,25.0,25.0,24.0,21.0,21.0,22.0,20.0,20.0,21.0,22.0,21.0,21.0,22.0,22.0,20.0,21.0,22.0,22.0,21.0,22.0,23.0,21.0,10.0,retract,0,0,2.6701
1788791629.6719,2026-09-07 16:33:49.671,15,d4,0,0,-0.04302,-0.50201,0.04764,-6.1847,12.2785,-22.814,-0.1328,-0.0353,-0.6122,4.6903,22.0,22.0,22.0,23.0,23.0,23.0,22.0,24.0,25.0,26.0,23.0,23.0,25.0,27.0,23.0,24.0,24.0,26.0,24.0,21.0,21.0,22.0,20.0,20.0,21.0,22.0,21.0,21.0,22.0,22.0,20.0,21.0,22.0,22.0,21.0,22.0,23.0,21.0,10.0,retract,0,0,2.7553
1788791629.722,2026-09-07 16:33:49.722,15,d4,0,0,-0.04303,-0.50201,0.04799,-6.0975,12.2261,-22.8363,-0.1301,-0.0342,-0.6167,4.6913,22.0,22.0,22.0,23.0,23.0,23.0,22.0,24.0,25.0,26.0,23.0,23.0,25.0,27.0,23.0,24.0,24.0,26.0,24.0,21.0,21.0,22.0,20.0,20.0,21.0,22.0,21.0,21.0,22.0,22.0,20.0,21.0,22.0,22.0,21.0,22.0,23.0,21.0,10.0,retract,0,0,2.7463
1788791629.7722,2026-09-07 16:33:49.772,15,d4,0,0,-0.04303,-0.502,0.0483,-5.8711,12.1791,-22.803,-0.1294,-0.0299,-0.6139,4.69684,26.0,24.0,22.0,25.0,24.0,24.0,22.0,23.0,24.0,27.0,21.0,23.0,26.0,27.0,22.0,21.0,25.0,24.0,23.0,21.0,21.0,22.0,20.0,20.0,21.0,22.0,21.0,21.0,22.0,22.0,20.0,21.0,22.0,22.0,21.0,22.0,23.0,21.0,10.0,retract,0,0,2.697
1788791629.8223,2026-09-07 16:33:49.822,15,d4,0,0,-0.04301,-0.502,0.0486,-6.0711,12.2406,-22.7775,-0.1267,-0.0302,-0.6156,4.69382,26.0,24.0,22.0,25.0,24.0,24.0,22.0,23.0,24.0,27.0,21.0,23.0,26.0,27.0,22.0,21.0,25.0,24.0,23.0,21.0,21.0,22.0,20.0,20.0,21.0,22.0,21.0,21.0,22.0,22.0,20.0,21.0,22.0,22.0,21.0,22.0,23.0,21.0,10.0,retract,0,0,2.7239
1788791629.8724,2026-09-07 16:33:49.872,15,d4,0,0,-0.04305,-0.50199,0.04886,-6.1682,12.3946,-22.5156,-0.1328,-0.0345,-0.6181,4.70037,24.0,23.0,23.0,24.0,23.0,24.0,21.0,22.0,22.0,26.0,22.0,22.0,24.0,26.0,23.0,23.0,24.0,24.0,23.0,21.0,21.0,22.0,20.0,20.0,21.0,22.0,21.0,21.0,22.0,22.0,20.0,21.0,22.0,22.0,21.0,22.0,23.0,21.0,10.0,retract,0,0,2.6657
1788791629.9224,2026-09-07 16:33:49.922,15,d4,0,0,-0.04302,-0.50201,0.0491,-6.0614,11.9899,-22.8005,-0.1248,-0.0347,-0.6178,4.69382,24.0,23.0,23.0,24.0,23.0,24.0,21.0,22.0,22.0,26.0,22.0,22.0,24.0,26.0,23.0,23.0,24.0,24.0,23.0,21.0,21.0,22.0,20.0,20.0,21.0,22.0,21.0,21.0,22.0,22.0,20.0,21.0,22.0,22.0,21.0,22.0,23.0,21.0,10.0,retract,0,0,2.7239
1788791629.9725,2026-09-07 16:33:49.972,15,d4,0,0,-0.04304,-0.50201,0.04929,-6.0253,12.277,-22.7143,-0.1334,-0.0329,-0.6158,4.70062,23.0,22.0,23.0,22.0,22.0,23.0,22.0,23.0,25.0,26.0,21.0,22.0,26.0,26.0,22.0,22.0,25.0,24.0,22.0,21.0,21.0,22.0,20.0,20.0,21.0,22.0,21.0,21.0,22.0,22.0,20.0,21.0,22.0,22.0,21.0,22.0,23.0,21.0,10.0,retract,0,0,2.6634
1788791630.0226,2026-09-07 16:33:50.022,15,d4,0,0,-0.04301,-0.502,0.04945,-5.6871,12.3255,-22.751,-0.133,-0.0243,-0.6093,4.70162,25.0,23.0,23.0,24.0,23.0,23.0,21.0,21.0,22.0,26.0,21.0,20.0,24.0,25.0,22.0,22.0,24.0,24.0,22.0,21.0,21.0,22.0,20.0,20.0,21.0,22.0,21.0,21.0,22.0,22.0,20.0,21.0,22.0,22.0,21.0,22.0,23.0,21.0,10.0,retract,0,0,2.6545
1788791630.0727,2026-09-07 16:33:50.072,15,d4,0,0,-0.04302,-0.50199,0.04955,-5.9312,12.2975,-22.8828,-0.1343,-0.0309,-0.6178,4.69634,25.0,23.0,23.0,24.0,23.0,23.0,21.0,21.0,22.0,26.0,21.0,20.0,24.0,25.0,22.0,22.0,24.0,24.0,22.0,21.0,21.0,22.0,20.0,20.0,21.0,22.0,21.0,21.0,22.0,22.0,20.0,21.0,22.0,22.0,21.0,22.0,23.0,21.0,10.0,retract,0,0,2.7015
1788791630.1229,2026-09-07 16:33:50.122,15,d4,0,0,-0.04304,-0.50199,0.04965,-6.1213,12.1085,-23.0053,-0.1273,-0.0339,-0.6249,4.70112,23.0,23.0,22.0,21.0,22.0,23.0,22.0,23.0,23.0,26.0,22.0,22.0,24.0,26.0,22.0,21.0,25.0,24.0,21.0,21.0,21.0,22.0,20.0,20.0,21.0,22.0,21.0,21.0,22.0,22.0,20.0,21.0,22.0,22.0,21.0,22.0,23.0,21.0,10.0,retract,0,0,2.6589
1788791630.173,2026-09-07 16:33:50.173,15,d4,0,0,-0.04302,-0.50198,0.04969,-5.8403,12.079,-22.8311,-0.1229,-0.0267,-0.612,4.70087,23.0,23.0,22.0,21.0,22.0,23.0,22.0,23.0,23.0,26.0,22.0,22.0,24.0,26.0,22.0,21.0,25.0,24.0,21.0,21.0,21.0,22.0,20.0,20.0,21.0,22.0,21.0,21.0,22.0,22.0,20.0,21.0,22.0,22.0,21.0,22.0,23.0,21.0,10.0,retract,0,0,2.6612
1788791630.2232,2026-09-07 16:33:50.223,15,d4,0,0,-0.04304,-0.50199,0.04975,-5.8062,12.2056,-22.8523,-0.1288,-0.0264,-0.6193,4.70087,23.0,22.0,23.0,23.0,22.0,24.0,21.0,22.0,23.0,26.0,23.0,21.0,26.0,26.0,21.0,22.0,25.0,24.0,23.0,21.0,21.0,22.0,20.0,20.0,21.0,22.0,21.0,21.0,22.0,22.0,20.0,21.0,22.0,22.0,21.0,22.0,23.0,21.0,10.0,retract,0,0,2.6612
1788791630.2733,2026-09-07 16:33:50.273,15,d4,0,0,-0.04303,-0.50199,0.04974,-5.8658,12.1348,-22.73,-0.1309,-0.0278,-0.6197,4.6976,23.0,24.0,23.0,20.0,23.0,22.0,22.0,21.0,22.0,26.0,22.0,21.0,25.0,25.0,22.0,21.0,25.0,25.0,22.0,21.0,21.0,22.0,20.0,20.0,21.0,22.0,21.0,21.0,22.0,22.0,20.0,21.0,22.0,22.0,21.0,22.0,23.0,21.0,10.0,post,0,0,2.6903
1788791630.3233,2026-09-07 16:33:50.323,15,d4,0,0,-0.04302,-0.50201,0.04978,-5.9588,12.189,-22.8309,-0.1277,-0.03,-0.6125,4.68904,23.0,24.0,23.0,20.0,23.0,22.0,22.0,21.0,22.0,26.0,22.0,21.0,25.0,25.0,22.0,21.0,25.0,25.0,22.0,21.0,21.0,22.0,20.0,20.0,21.0,22.0,21.0,21.0,22.0,22.0,20.0,21.0,22.0,22.0,21.0,22.0,23.0,21.0,10.0,post,0,0,2.7665
1788791630.3734,2026-09-07 16:33:50.373,15,d4,0,0,-0.04303,-0.502,0.0498,-6.1925,12.4583,-22.7041,-0.1337,-0.0356,-0.6163,4.6981,20.0,22.0,23.0,21.0,21.0,23.0,21.0,22.0,24.0,26.0,23.0,22.0,26.0,25.0,22.0,21.0,23.0,25.0,22.0,21.0,21.0,22.0,20.0,20.0,21.0,22.0,21.0,21.0,22.0,22.0,20.0,21.0,22.0,22.0,21.0,22.0,23.0,21.0,10.0,post,0,0,2.6858
1788791630.4234,2026-09-07 16:33:50.423,15,d4,0,0,-0.04304,-0.50202,0.04982,-6.0624,12.1422,-22.7613,-0.1305,-0.0304,-0.6159,4.69911,20.0,22.0,23.0,21.0,21.0,23.0,21.0,22.0,24.0,26.0,23.0,22.0,26.0,25.0,22.0,21.0,23.0,25.0,22.0,21.0,21.0,22.0,20.0,20.0,21.0,22.0,21.0,21.0,22.0,22.0,20.0,21.0,22.0,22.0,21.0,22.0,23.0,21.0,10.0,post,0,0,2.6769
1788791630.4735,2026-09-07 16:33:50.473,15,d4,0,0,-0.04304,-0.50199,0.0498,-5.9132,12.2137,-22.6495,-0.1269,-0.0288,-0.612,4.69206,24.0,23.0,23.0,23.0,23.0,24.0,22.0,23.0,23.0,26.0,23.0,24.0,25.0,26.0,22.0,23.0,24.0,24.0,23.0,21.0,21.0,22.0,20.0,20.0,21.0,22.0,21.0,21.0,22.0,22.0,20.0,21.0,22.0,22.0,21.0,22.0,23.0,21.0,10.0,post,0,0,2.7396
1788791630.5236,2026-09-07 16:33:50.523,15,d4,0,0,-0.04303,-0.50201,0.04981,-5.8855,12.119,-22.8732,-0.1238,-0.0262,-0.6108,4.69785,23.0,22.0,22.0,22.0,23.0,24.0,22.0,22.0,23.0,25.0,23.0,22.0,25.0,24.0,22.0,22.0,24.0,24.0,22.0,21.0,21.0,22.0,20.0,20.0,21.0,22.0,21.0,21.0,22.0,22.0,20.0,21.0,22.0,22.0,21.0,22.0,23.0,21.0,10.0,post,0,0,2.6881
1788791630.5737,2026-09-07 16:33:50.573,15,d4,0,0,-0.04304,-0.50202,0.04982,-5.8427,12.2212,-22.945,-0.1294,-0.0272,-0.6128,4.68904,23.0,22.0,22.0,22.0,23.0,24.0,22.0,22.0,23.0,25.0,23.0,22.0,25.0,24.0,22.0,22.0,24.0,24.0,22.0,21.0,21.0,22.0,20.0,20.0,21.0,22.0,21.0,21.0,22.0,22.0,20.0,21.0,22.0,22.0,21.0,22.0,23.0,21.0,10.0,post,0,0,2.7665
1788791630.6238,2026-09-07 16:33:50.623,15,d4,0,0,-0.04304,-0.50203,0.04983,-5.6481,11.6042,-22.9425,-0.1138,-0.0239,-0.61,4.70188,24.0,23.0,23.0,22.0,24.0,23.0,22.0,23.0,24.0,25.0,22.0,21.0,25.0,25.0,22.0,21.0,24.0,23.0,22.0,21.0,21.0,22.0,20.0,20.0,21.0,22.0,21.0,21.0,22.0,22.0,20.0,21.0,22.0,22.0,21.0,22.0,23.0,21.0,10.0,post,0,0,2.6522
1788791630.6739,2026-09-07 16:33:50.673,15,d4,0,0,-0.04304,-0.50201,0.04981,-5.9545,12.3713,-22.8713,-0.1292,-0.0319,-0.6158,4.69432,24.0,23.0,23.0,22.0,24.0,23.0,22.0,23.0,24.0,25.0,22.0,21.0,25.0,25.0,22.0,21.0,24.0,23.0,22.0,21.0,21.0,22.0,20.0,20.0,21.0,22.0,21.0,21.0,22.0,22.0,20.0,21.0,22.0,22.0,21.0,22.0,23.0,21.0,10.0,post,0,0,2.7194
1788791630.7241,2026-09-07 16:33:50.724,15,d4,0,0,-0.04301,-0.50201,0.04981,-5.8533,12.1093,-22.6772,-0.1255,-0.0278,-0.6148,4.70188,23.0,24.0,23.0,21.0,23.0,23.0,21.0,23.0,23.0,25.0,22.0,22.0,24.0,24.0,21.0,21.0,23.0,23.0,23.0,21.0,21.0,22.0,20.0,20.0,21.0,22.0,21.0,21.0,22.0,22.0,20.0,21.0,22.0,22.0,21.0,22.0,23.0,21.0,10.0,post,0,0,2.6522
1788791630.7742,2026-09-07 16:33:50.774,15,d4,0,0,-0.04302,-0.502,0.0498,-6.1271,12.4349,-22.6894,-0.1354,-0.0353,-0.6093,4.68879,23.0,22.0,23.0,23.0,21.0,22.0,21.0,24.0,23.0,25.0,23.0,22.0,24.0,24.0,23.0,22.0,25.0,25.0,23.0,21.0,21.0,22.0,20.0,20.0,21.0,22.0,21.0,21.0,22.0,22.0,20.0,21.0,22.0,22.0,21.0,22.0,23.0,21.0,10.0,post,0,0,2.7687
1788791630.8243,2026-09-07 16:33:50.824,15,d4,0,0,-0.04303,-0.50201,0.04981,-6.059,12.4976,-22.6807,-0.1394,-0.0341,-0.6206,4.70087,23.0,22.0,23.0,23.0,21.0,22.0,21.0,24.0,23.0,25.0,23.0,22.0,24.0,24.0,23.0,22.0,25.0,25.0,23.0,21.0,21.0,22.0,20.0,20.0,21.0,22.0,21.0,21.0,22.0,22.0,20.0,21.0,22.0,22.0,21.0,22.0,23.0,21.0,10.0,post,0,0,2.6612
1788791630.8745,2026-09-07 16:33:50.874,15,d4,0,0,-0.04303,-0.50202,0.04981,-5.6353,12.1083,-22.6475,-0.1256,-0.0184,-0.6147,4.6903,23.0,23.0,23.0,23.0,22.0,23.0,22.0,21.0,24.0,26.0,22.0,20.0,24.0,27.0,23.0,22.0,25.0,23.0,22.0,21.0,21.0,22.0,20.0,20.0,21.0,22.0,21.0,21.0,22.0,22.0,20.0,21.0,22.0,22.0,21.0,22.0,23.0,21.0,10.0,post,0,0,2.7553
1788791630.9246,2026-09-07 16:33:50.924,15,d4,0,0,-0.04301,-0.502,0.0498,-6.1417,12.6786,-22.7275,-0.1393,-0.0335,-0.6144,4.69583,23.0,23.0,23.0,23.0,22.0,23.0,22.0,21.0,24.0,26.0,22.0,20.0,24.0,27.0,23.0,22.0,25.0,23.0,22.0,21.0,21.0,22.0,20.0,20.0,21.0,22.0,21.0,21.0,22.0,22.0,20.0,21.0,22.0,22.0,21.0,22.0,23.0,21.0,10.0,post,0,0,2.706
1788791630.9747,2026-09-07 16:33:50.974,15,d4,0,0,-0.04304,-0.502,0.0498,-6.1625,12.1891,-22.7959,-0.1284,-0.0374,-0.6203,4.6981,24.0,23.0,24.0,22.0,23.0,24.0,21.0,22.0,22.0,27.0,23.0,22.0,24.0,27.0,23.0,22.0,24.0,24.0,22.0,21.0,21.0,22.0,20.0,20.0,21.0,22.0,21.0,21.0,22.0,22.0,20.0,21.0,22.0,22.0,21.0,22.0,23.0,21.0,10.0,post,0,0,2.6858
1788791631.0248,2026-09-07 16:33:51.024,15,d4,0,0,-0.04303,-0.50201,0.04981,-5.8327,12.146,-22.6671,-0.1273,-0.0278,-0.6053,4.69181,24.0,23.0,24.0,22.0,23.0,24.0,21.0,22.0,22.0,27.0,23.0,22.0,24.0,27.0,23.0,22.0,24.0,24.0,22.0,21.0,21.0,22.0,20.0,20.0,21.0,22.0,21.0,21.0,22.0,22.0,20.0,21.0,22.0,22.0,21.0,22.0,23.0,21.0,10.0,post,0,0,2.7418
1788791631.075,2026-09-07 16:33:51.074,15,d4,0,0,-0.04304,-0.502,0.04981,-6.1195,12.1221,-22.735,-0.1257,-0.0359,-0.6176,4.70238,24.0,23.0,24.0,24.0,22.0,25.0,22.0,24.0,24.0,26.0,23.0,23.0,25.0,24.0,23.0,24.0,25.0,24.0,24.0,21.0,21.0,22.0,20.0,20.0,21.0,22.0,21.0,21.0,22.0,22.0,20.0,21.0,22.0,22.0,21.0,22.0,23.0,21.0,10.0,post,0,0,2.6477
1788791631.1251,2026-09-07 16:33:51.125,15,d4,0,0,-0.04303,-0.502,0.0498,-6.002,12.1871,-22.7047,-0.1345,-0.0318,-0.6154,4.6976,26.0,23.0,22.0,23.0,24.0,21.0,21.0,22.0,23.0,25.0,22.0,22.0,25.0,25.0,22.0,22.0,23.0,25.0,23.0,21.0,21.0,22.0,20.0,20.0,21.0,22.0,21.0,21.0,22.0,22.0,20.0,21.0,22.0,22.0,21.0,22.0,23.0,21.0,10.0,post,0,0,2.6903
1788791631.1752,2026-09-07 16:33:51.175,15,d4,0,0,-0.04304,-0.50201,0.04982,-6.2291,12.3555,-22.7323,-0.1342,-0.038,-0.6189,4.69508,26.0,23.0,22.0,23.0,24.0,21.0,21.0,22.0,23.0,25.0,22.0,22.0,25.0,25.0,22.0,22.0,23.0,25.0,23.0,21.0,21.0,22.0,20.0,20.0,21.0,22.0,21.0,21.0,22.0,22.0,20.0,21.0,22.0,22.0,21.0,22.0,23.0,21.0,10.0,post,0,0,2.7127
1788791631.2254,2026-09-07 16:33:51.225,15,d4,0,0,-0.04304,-0.50201,0.04981,-6.0123,12.4392,-22.8397,-0.1346,-0.0316,-0.6164,4.69382,24.0,24.0,22.0,23.0,24.0,22.0,21.0,21.0,24.0,25.0,23.0,21.0,26.0,25.0,23.0,20.0,24.0,24.0,22.0,21.0,21.0,22.0,20.0,20.0,21.0,22.0,21.0,21.0,22.0,22.0,20.0,21.0,22.0,22.0,21.0,22.0,23.0,21.0,10.0,post,0,0,2.7239
1788791631.2755,2026-09-07 16:33:51.275,15,d4,0,0,-0.04305,-0.50201,0.04982,-5.8432,12.2451,-22.6996,-0.13,-0.0281,-0.6076,4.69256,24.0,24.0,22.0,23.0,24.0,22.0,21.0,21.0,24.0,25.0,23.0,21.0,26.0,25.0,23.0,20.0,24.0,24.0,22.0,21.0,21.0,22.0,20.0,20.0,21.0,22.0,21.0,21.0,22.0,22.0,20.0,21.0,22.0,22.0,21.0,22.0,23.0,21.0,10.0,post,0,0,2.7351
1788791631.3257,2026-09-07 16:33:51.325,15,d4,0,0,-0.04304,-0.502,0.0498,-5.935,12.1365,-22.8706,-0.1283,-0.0301,-0.6105,4.69684,23.0,24.0,24.0,24.0,24.0,24.0,22.0,21.0,23.0,26.0,23.0,20.0,25.0,25.0,23.0,21.0,23.0,24.0,22.0,21.0,21.0,22.0,20.0,20.0,21.0,22.0,21.0,21.0,22.0,22.0,20.0,21.0,22.0,22.0,21.0,22.0,23.0,21.0,10.0,post,0,0,2.697
1788791631.3758,2026-09-07 16:33:51.375,15,d4,0,0,-0.04304,-0.50201,0.0498,-5.7695,12.1316,-22.797,-0.1297,-0.0267,-0.615,4.6981,24.0,22.0,23.0,21.0,22.0,23.0,23.0,24.0,24.0,27.0,22.0,23.0,26.0,26.0,22.0,22.0,25.0,23.0,22.0,21.0,21.0,22.0,20.0,20.0,21.0,22.0,21.0,21.0,22.0,22.0,20.0,21.0,22.0,22.0,21.0,22.0,23.0,21.0,10.0,post,0,0,2.6858
1788791631.4259,2026-09-07 16:33:51.425,15,d4,0,0,-0.04303,-0.50201,0.0498,-5.8921,12.2295,-22.8862,-0.1327,-0.0316,-0.6108,4.69256,24.0,22.0,23.0,21.0,22.0,23.0,23.0,24.0,24.0,27.0,22.0,23.0,26.0,26.0,22.0,22.0,25.0,23.0,22.0,21.0,21.0,22.0,20.0,20.0,21.0,22.0,21.0,21.0,22.0,22.0,20.0,21.0,22.0,22.0,21.0,22.0,23.0,21.0,10.0,post,0,0,2.7351
1788791631.476,2026-09-07 16:33:51.475,15,d4,0,0,-0.04303,-0.502,0.04981,-5.9072,11.9527,-22.9887,-0.1205,-0.0294,-0.6129,4.70263,23.0,24.0,24.0,24.0,25.0,24.0,22.0,22.0,25.0,23.0,21.0,21.0,26.0,23.0,22.0,21.0,23.0,24.0,21.0,21.0,21.0,22.0,20.0,20.0,21.0,22.0,21.0,21.0,22.0,22.0,20.0,21.0,22.0,22.0,21.0,22.0,23.0,21.0,10.0,post,0,0,2.6455
1788791631.5261,2026-09-07 16:33:51.526,15,d4,0,0,-0.04304,-0.50201,0.04981,-5.84,12.2225,-22.9083,-0.1311,-0.0297,-0.6152,4.70037,23.0,24.0,24.0,24.0,25.0,24.0,22.0,22.0,25.0,23.0,21.0,21.0,26.0,23.0,22.0,21.0,23.0,24.0,21.0,21.0,21.0,22.0,20.0,20.0,21.0,22.0,21.0,21.0,22.0,22.0,20.0,21.0,22.0,22.0,21.0,22.0,23.0,21.0,10.0,post,0,0,2.6657
1788791631.5762,2026-09-07 16:33:51.576,15,d4,0,0,-0.04304,-0.50201,0.04982,-5.8366,11.9534,-23.0605,-0.1214,-0.0287,-0.6193,4.69231,22.0,24.0,21.0,22.0,25.0,22.0,21.0,24.0,24.0,24.0,22.0,22.0,25.0,24.0,24.0,25.0,24.0,24.0,25.0,21.0,21.0,22.0,20.0,20.0,21.0,22.0,21.0,21.0,22.0,22.0,20.0,21.0,22.0,22.0,21.0,22.0,23.0,21.0,10.0,post,0,0,2.7373
1788791631.6263,2026-09-07 16:33:51.626,15,d4,0,0,-0.04303,-0.50201,0.04982,-5.8791,11.9814,-22.8707,-0.1271,-0.0277,-0.619,4.69382,25.0,21.0,21.0,24.0,22.0,23.0,21.0,24.0,24.0,26.0,22.0,23.0,25.0,24.0,22.0,22.0,24.0,23.0,22.0,21.0,21.0,22.0,20.0,20.0,21.0,22.0,21.0,21.0,22.0,22.0,20.0,21.0,22.0,22.0,21.0,22.0,23.0,21.0,10.0,post,0,0,2.7239
1788791631.6765,2026-09-07 16:33:51.676,15,d4,0,0,-0.04303,-0.50201,0.04981,-5.7033,11.8644,-22.9176,-0.1224,-0.022,-0.6133,4.70188,25.0,21.0,21.0,24.0,22.0,23.0,21.0,24.0,24.0,26.0,22.0,23.0,25.0,24.0,22.0,22.0,24.0,23.0,22.0,21.0,21.0,22.0,20.0,20.0,21.0,22.0,21.0,21.0,22.0,22.0,20.0,21.0,22.0,22.0,21.0,22.0,23.0,21.0,10.0,post,0,0,2.6522
1788791631.7266,2026-09-07 16:33:51.726,15,d4,0,0,-0.04304,-0.50202,0.04981,-6.0465,12.249,-22.7761,-0.1309,-0.031,-0.6191,4.69004,24.0,23.0,22.0,24.0,23.0,23.0,21.0,21.0,24.0,26.0,21.0,20.0,26.0,25.0,22.0,21.0,25.0,22.0,21.0,21.0,21.0,22.0,20.0,20.0,21.0,22.0,21.0,21.0,22.0,22.0,20.0,21.0,22.0,22.0,21.0,22.0,23.0,21.0,10.0,post,0,0,2.7575
1788791631.7767,2026-09-07 16:33:51.776,15,d4,0,0,-0.04303,-0.50201,0.0498,-5.9222,12.2413,-22.7318,-0.1285,-0.0276,-0.6108,4.70162,24.0,23.0,22.0,24.0,23.0,23.0,21.0,21.0,24.0,26.0,21.0,20.0,26.0,25.0,22.0,21.0,25.0,22.0,21.0,21.0,21.0,22.0,20.0,20.0,21.0,22.0,21.0,21.0,22.0,22.0,20.0,21.0,22.0,22.0,21.0,22.0,23.0,21.0,10.0,post,0,0,2.6545
1788791631.8268,2026-09-07 16:33:51.826,15,d4,0,0,-0.04302,-0.50201,0.04981,-5.9902,12.0982,-22.6795,-0.125,-0.0328,-0.6128,4.69558,23.0,23.0,23.0,20.0,24.0,24.0,22.0,23.0,25.0,26.0,22.0,21.0,26.0,26.0,22.0,20.0,25.0,24.0,22.0,21.0,21.0,22.0,20.0,20.0,21.0,22.0,21.0,21.0,22.0,22.0,20.0,21.0,22.0,22.0,21.0,22.0,23.0,21.0,10.0,post,0,0,2.7082
1788791631.8769,2026-09-07 16:33:51.876,15,d4,0,0,-0.04303,-0.50202,0.04981,-5.8425,12.3965,-22.8224,-0.1358,-0.029,-0.6114,4.69206,23.0,24.0,23.0,22.0,23.0,24.0,22.0,23.0,23.0,27.0,20.0,21.0,25.0,26.0,22.0,23.0,25.0,22.0,23.0,21.0,21.0,22.0,20.0,20.0,21.0,22.0,21.0,21.0,22.0,22.0,20.0,21.0,22.0,22.0,21.0,22.0,23.0,21.0,10.0,post,0,0,2.7396
1788791631.9271,2026-09-07 16:33:51.927,15,d4,0,0,-0.04303,-0.50201,0.04982,-5.7337,12.1296,-23.1192,-0.1263,-0.028,-0.6062,4.69558,23.0,24.0,23.0,22.0,23.0,24.0,22.0,23.0,23.0,27.0,20.0,21.0,25.0,26.0,22.0,23.0,25.0,22.0,23.0,21.0,21.0,22.0,20.0,20.0,21.0,22.0,21.0,21.0,22.0,22.0,20.0,21.0,22.0,22.0,21.0,22.0,23.0,21.0,10.0,post,0,0,2.7082
1788791631.9772,2026-09-07 16:33:51.977,15,d4,0,0,-0.04304,-0.50201,0.0498,-5.9619,11.7871,-23.1661,-0.1219,-0.0304,-0.616,4.69735,23.0,23.0,23.0,22.0,22.0,23.0,20.0,22.0,25.0,25.0,22.0,22.0,27.0,24.0,22.0,22.0,24.0,23.0,23.0,21.0,21.0,22.0,20.0,20.0,21.0,22.0,21.0,21.0,22.0,22.0,20.0,21.0,22.0,22.0,21.0,22.0,23.0,21.0,10.0,post,0,0,2.6925
1788791632.0273,2026-09-07 16:33:52.027,15,d4,0,0,-0.04304,-0.502,0.0498,-5.9029,12.1516,-23.031,-0.1266,-0.0311,-0.6138,4.68879,23.0,23.0,23.0,22.0,22.0,23.0,20.0,22.0,25.0,25.0,22.0,22.0,27.0,24.0,22.0,22.0,24.0,23.0,23.0,21.0,21.0,22.0,20.0,20.0,21.0,22.0,21.0,21.0,22.0,22.0,20.0,21.0,22.0,22.0,21.0,22.0,23.0,21.0,10.0,post,0,0,2.7687
1788791632.0773,2026-09-07 16:33:52.077,15,d4,0,0,-0.04303,-0.50201,0.0498,-5.7235,12.0356,-23.0053,-0.1238,-0.0269,-0.6113,4.70188,22.0,24.0,23.0,23.0,24.0,23.0,21.0,21.0,26.0,24.0,22.0,21.0,27.0,24.0,23.0,21.0,23.0,23.0,23.0,21.0,21.0,22.0,20.0,20.0,21.0,22.0,21.0,21.0,22.0,22.0,20.0,21.0,22.0,22.0,21.0,22.0,23.0,21.0,10.0,post,0,0,2.6522
1788791632.1274,2026-09-07 16:33:52.127,15,d4,0,0,-0.04304,-0.502,0.0498,-5.9484,12.1456,-23.0109,-0.1292,-0.0323,-0.6139,4.68954,22.0,24.0,23.0,23.0,24.0,23.0,21.0,21.0,26.0,24.0,22.0,21.0,27.0,24.0,23.0,21.0,23.0,23.0,23.0,21.0,21.0,22.0,20.0,20.0,21.0,22.0,21.0,21.0,22.0,22.0,20.0,21.0,22.0,22.0,21.0,22.0,23.0,21.0,10.0,post,0,0,2.762
1788791632.1775,2026-09-07 16:33:52.177,15,d4,0,0,-0.04305,-0.502,0.04981,-5.8015,12.2871,-22.873,-0.1325,-0.0273,-0.606,4.70263,23.0,23.0,22.0,22.0,24.0,23.0,22.0,23.0,24.0,25.0,22.0,23.0,25.0,25.0,22.0,21.0,24.0,24.0,22.0,21.0,21.0,22.0,20.0,20.0,21.0,22.0,21.0,21.0,22.0,22.0,20.0,21.0,22.0,22.0,21.0,22.0,23.0,21.0,10.0,post,0,0,2.6455
1788791632.2277,2026-09-07 16:33:52.227,15,d4,0,0,-0.04305,-0.50201,0.04981,-5.8936,12.1026,-22.787,-0.1312,-0.0291,-0.6136,4.69785,22.0,25.0,23.0,23.0,25.0,23.0,20.0,23.0,24.0,24.0,21.0,21.0,24.0,25.0,21.0,22.0,24.0,23.0,22.0,21.0,21.0,22.0,20.0,20.0,21.0,22.0,21.0,21.0,22.0,22.0,20.0,21.0,22.0,22.0,21.0,22.0,23.0,21.0,10.0,post,0,0,2.6881
1788791632.2778,2026-09-07 16:33:52.277,5,b2,0,0,-0.043,-0.50192,0.0498,-6.2884,12.6592,-22.9149,-0.1393,-0.0385,-0.6141,4.69684,22.0,25.0,23.0,23.0,25.0,23.0,20.0,23.0,24.0,24.0,21.0,21.0,24.0,25.0,21.0,22.0,24.0,23.0,22.0,21.0,21.0,22.0,20.0,20.0,21.0,22.0,21.0,21.0,22.0,22.0,20.0,21.0,22.0,22.0,21.0,22.0,23.0,21.0,10.0,locate,0,0,2.697
1788791632.3278,2026-09-07 16:33:52.327,5,b2,0,0,-0.04273,-0.50128,0.04994,-5.9723,11.7781,-22.7926,-0.1213,-0.0315,-0.5929,4.69961,21.0,24.0,22.0,21.0,24.0,23.0,21.0,22.0,23.0,25.0,23.0,22.0,26.0,24.0,22.0,20.0,24.0,23.0,22.0,21.0,21.0,22.0,20.0,20.0,21.0,22.0,21.0,21.0,22.0,22.0,20.0,21.0,22.0,22.0,21.0,22.0,23.0,21.0,10.0,locate,0,0,2.6724
1788791632.3779,2026-09-07 16:33:52.377,5,b2,0,0,-0.04205,-0.49989,0.04994,-6.1436,12.1441,-22.7066,-0.131,-0.0336,-0.481,4.70087,21.0,24.0,22.0,21.0,24.0,23.0,21.0,22.0,23.0,25.0,23.0,22.0,26.0,24.0,22.0,20.0,24.0,23.0,22.0,21.0,21.0,22.0,20.0,20.0,21.0,22.0,21.0,21.0,22.0,22.0,20.0,21.0,22.0,22.0,21.0,22.0,23.0,21.0,10.0,locate,0,0,2.6612
1788791632.428,2026-09-07 16:33:52.427,5,b2,0,0,-0.04101,-0.49792,0.04986,-5.6676,12.1931,-22.7425,-0.13,-0.0235,-0.333,4.69432,22.0,23.0,22.0,23.0,22.0,24.0,22.0,23.0,24.0,24.0,22.0,22.0,26.0,24.0,22.0,22.0,24.0,23.0,23.0,21.0,21.0,22.0,20.0,20.0,21.0,22.0,21.0,21.0,22.0,22.0,20.0,21.0,22.0,22.0,21.0,22.0,23.0,21.0,10.0,locate,0,0,2.7194
1788791632.4781,2026-09-07 16:33:52.478,5,b2,0,0,-0.03989,-0.49567,0.04982,-5.9135,12.1612,-23.0695,-0.1288,-0.0304,-0.1915,4.70238,24.0,24.0,23.0,23.0,25.0,22.0,20.0,24.0,25.0,25.0,22.0,24.0,26.0,23.0,23.0,24.0,23.0,24.0,24.0,21.0,21.0,22.0,20.0,20.0,21.0,22.0,21.0,21.0,22.0,22.0,20.0,21.0,22.0,22.0,21.0,22.0,23.0,21.0,10.0,locate,0,0,2.6477
1788791632.5282,2026-09-07 16:33:52.528,5,b2,0,0,-0.03879,-0.49349,0.04979,-5.4407,11.884,-23.1936,-0.1217,-0.02,-0.0666,4.68778,24.0,24.0,23.0,23.0,25.0,22.0,20.0,24.0,25.0,25.0,22.0,24.0,26.0,23.0,23.0,24.0,23.0,24.0,24.0,21.0,21.0,22.0,20.0,20.0,21.0,22.0,21.0,21.0,22.0,22.0,20.0,21.0,22.0,22.0,21.0,22.0,23.0,21.0,10.0,locate,0,0,2.7777
1788791632.5784,2026-09-07 16:33:52.578,5,b2,0,0,-0.03773,-0.4914,0.04983,-5.543,11.8124,-23.5091,-0.1145,-0.017,0.0319,4.68954,26.0,24.0,21.0,23.0,24.0,22.0,22.0,21.0,24.0,26.0,22.0,22.0,25.0,25.0,22.0,22.0,25.0,22.0,23.0,21.0,21.0,22.0,20.0,20.0,21.0,22.0,21.0,21.0,22.0,22.0,20.0,21.0,22.0,22.0,21.0,22.0,23.0,21.0,10.0,locate,0,0,2.762
1788791632.6285,2026-09-07 16:33:52.628,5,b2,0,0,-0.03708,-0.49,0.04981,-5.3402,11.8678,-23.4397,-0.1115,-0.0141,0.0687,4.69256,26.0,24.0,21.0,23.0,24.0,22.0,22.0,21.0,24.0,26.0,22.0,22.0,25.0,25.0,22.0,22.0,25.0,22.0,23.0,21.0,21.0,22.0,20.0,20.0,21.0,22.0,21.0,21.0,22.0,22.0,20.0,21.0,22.0,22.0,21.0,22.0,23.0,21.0,10.0,locate,0,0,2.7351
1788791632.6786,2026-09-07 16:33:52.678,5,b2,0,0,-0.03677,-0.48931,0.04982,-5.6769,11.9678,-23.3104,-0.1226,-0.0321,0.0533,4.68828,23.0,23.0,24.0,23.0,23.0,24.0,21.0,24.0,25.0,26.0,21.0,22.0,26.0,24.0,22.0,22.0,24.0,21.0,22.0,21.0,21.0,22.0,20.0,20.0,21.0,22.0,21.0,21.0,22.0,22.0,20.0,21.0,22.0,22.0,21.0,22.0,23.0,21.0,10.0,locate,0,0,2.7732
1788791632.7287,2026-09-07 16:33:52.728,5,b2,0,0,-0.03674,-0.48921,0.04978,-5.8702,11.8036,-23.2154,-0.1163,-0.0349,0.0263,4.69986,23.0,23.0,23.0,23.0,25.0,25.0,21.0,22.0,23.0,25.0,21.0,23.0,24.0,24.0,21.0,21.0,23.0,21.0,23.0,21.0,21.0,22.0,20.0,20.0,21.0,22.0,21.0,21.0,22.0,22.0,20.0,21.0,22.0,22.0,21.0,22.0,23.0,21.0,10.0,locate,0,0,2.6701
1788791632.7789,2026-09-07 16:33:52.778,5,b2,0,0,-0.0367,-0.48921,0.04978,-5.42,11.8115,-23.3031,-0.1168,-0.0262,0.0166,4.69306,23.0,23.0,23.0,23.0,25.0,25.0,21.0,22.0,23.0,25.0,21.0,23.0,24.0,24.0,21.0,21.0,23.0,21.0,23.0,21.0,21.0,22.0,20.0,20.0,21.0,22.0,21.0,21.0,22.0,22.0,20.0,21.0,22.0,22.0,21.0,22.0,23.0,21.0,10.0,locate,0,0,2.7306
1788791632.829,2026-09-07 16:33:52.829,5,b2,0,0,-0.03667,-0.48923,0.0498,-5.3105,11.9446,-23.2937,-0.1201,-0.0221,-0.0014,4.70087,25.0,24.0,25.0,24.0,24.0,23.0,21.0,23.0,23.0,26.0,21.0,23.0,24.0,24.0,22.0,22.0,23.0,21.0,22.0,21.0,21.0,22.0,20.0,20.0,21.0,22.0,21.0,21.0,22.0,22.0,20.0,21.0,22.0,22.0,21.0,22.0,23.0,21.0,10.0,locate,0,0,2.6612
1788791632.8791,2026-09-07 16:33:52.879,5,b2,0,0,-0.03666,-0.48921,0.04978,-5.8887,12.3491,-23.1736,-0.1319,-0.0366,-0.0197,4.69407,25.0,24.0,25.0,24.0,24.0,23.0,21.0,23.0,23.0,26.0,21.0,23.0,24.0,24.0,22.0,22.0,23.0,21.0,22.0,21.0,21.0,22.0,20.0,20.0,21.0,22.0,21.0,21.0,22.0,22.0,20.0,21.0,22.0,22.0,21.0,22.0,23.0,21.0,10.0,locate,0,0,2.7217
1788791632.9292,2026-09-07 16:33:52.929,5,b2,0,0,-0.03665,-0.48922,0.04978,-5.6743,12.3344,-23.1187,-0.1336,-0.0323,-0.0253,4.69735,24.0,25.0,24.0,23.0,24.0,25.0,22.0,22.0,24.0,25.0,20.0,21.0,25.0,24.0,20.0,21.0,23.0,19.0,20.0,21.0,21.0,22.0,20.0,20.0,21.0,22.0,21.0,21.0,22.0,22.0,20.0,21.0,22.0,22.0,21.0,22.0,23.0,21.0,10.0,locate,0,0,2.6925
1788791632.9793,2026-09-07 16:33:52.979,5,b2,0,0,-0.03667,-0.48922,0.04979,-5.9601,12.2217,-22.9025,-0.128,-0.0349,-0.0353,4.69181,24.0,26.0,23.0,22.0,26.0,25.0,22.0,23.0,24.0,26.0,21.0,22.0,25.0,25.0,21.0,23.0,24.0,21.0,23.0,21.0,21.0,22.0,20.0,20.0,21.0,22.0,21.0,21.0,22.0,22.0,20.0,21.0,22.0,22.0,21.0,22.0,23.0,21.0,10.0,locate,0,0,2.7418
1788791633.0294,2026-09-07 16:33:53.029,5,b2,0,0,-0.03664,-0.48921,0.0498,-6.1165,12.0229,-23.0522,-0.1224,-0.046,-0.042,4.70037,24.0,26.0,23.0,22.0,26.0,25.0,22.0,23.0,24.0,26.0,21.0,22.0,25.0,25.0,21.0,23.0,24.0,21.0,23.0,21.0,21.0,22.0,20.0,20.0,21.0,22.0,21.0,21.0,22.0,22.0,20.0,21.0,22.0,22.0,21.0,22.0,23.0,21.0,10.0,locate,0,0,2.6657
1788791633.0795,2026-09-07 16:33:53.079,5,b2,0,0,-0.03666,-0.48921,0.04981,-5.6606,12.0245,-23.1583,-0.1237,-0.0291,-0.0482,4.69357,24.0,26.0,25.0,23.0,25.0,25.0,22.0,21.0,25.0,27.0,19.0,20.0,24.0,24.0,21.0,21.0,24.0,21.0,22.0,21.0,21.0,22.0,20.0,20.0,21.0,22.0,21.0,21.0,22.0,22.0,20.0,21.0,22.0,22.0,21.0,22.0,23.0,21.0,10.0,locate,0,0,2.7261
1788791633.1296,2026-09-07 16:33:53.129,5,b2,0,0,-0.03665,-0.48921,0.0498,-5.4267,11.9599,-22.9745,-0.1258,-0.0228,-0.0434,4.69508,24.0,26.0,25.0,23.0,25.0,25.0,22.0,21.0,25.0,27.0,19.0,20.0,24.0,24.0,21.0,21.0,24.0,21.0,22.0,21.0,21.0,22.0,20.0,20.0,21.0,22.0,21.0,21.0,22.0,22.0,20.0,21.0,22.0,22.0,21.0,22.0,23.0,21.0,10.0,locate,0,0,2.7127
1788791633.1797,2026-09-07 16:33:53.179,5,b2,0,0,-0.03664,-0.48921,0.04981,-5.4177,11.8738,-23.068,-0.1261,-0.024,-0.0463,4.70162,22.0,27.0,24.0,21.0,25.0,25.0,22.0,22.0,26.0,26.0,23.0,21.0,25.0,24.0,22.0,22.0,23.0,22.0,23.0,21.0,21.0,22.0,20.0,20.0,21.0,22.0,21.0,21.0,22.0,22.0,20.0,21.0,22.0,22.0,21.0,22.0,23.0,21.0,10.0,locate,0,0,2.6545
1788791633.2298,2026-09-07 16:33:53.229,5,b2,0,0,-0.03666,-0.48922,0.04981,-5.6813,11.9137,-23.0023,-0.1258,-0.0307,-0.0606,4.69055,22.0,27.0,24.0,21.0,25.0,25.0,22.0,22.0,26.0,26.0,23.0,21.0,25.0,24.0,22.0,22.0,23.0,22.0,23.0,21.0,21.0,22.0,20.0,20.0,21.0,22.0,21.0,21.0,22.0,22.0,20.0,21.0,22.0,22.0,21.0,22.0,23.0,21.0,10.0,locate,0,0,2.753
1788791633.28,2026-09-07 16:33:53.279,5,b2,0,0,-0.03667,-0.48922,0.04981,-5.7677,12.2125,-22.9881,-0.1292,-0.0368,-0.0664,4.69558,24.0,27.0,24.0,22.0,26.0,25.0,22.0,23.0,24.0,26.0,20.0,23.0,25.0,25.0,20.0,24.0,24.0,20.0,24.0,21.0,21.0,22.0,20.0,20.0,21.0,22.0,21.0,21.0,22.0,22.0,20.0,21.0,22.0,22.0,21.0,22.0,23.0,21.0,10.0,locate,0,0,2.7082
1788791633.3301,2026-09-07 16:33:53.330,5,b2,0,0,-0.03665,-0.48921,0.04981,-5.7791,11.8519,-23.2562,-0.1249,-0.0364,-0.0611,4.69911,25.0,26.0,25.0,24.0,24.0,25.0,21.0,21.0,26.0,26.0,21.0,19.0,27.0,24.0,21.0,21.0,24.0,22.0,20.0,21.0,21.0,22.0,20.0,20.0,21.0,22.0,21.0,21.0,22.0,22.0,20.0,21.0,22.0,22.0,21.0,22.0,23.0,21.0,10.0,locate,0,0,2.6769
1788791633.3802,2026-09-07 16:33:53.380,5,b2,0,0,-0.03666,-0.48922,0.04982,-5.7794,11.9659,-22.9857,-0.1234,-0.0331,-0.0693,4.69105,25.0,26.0,25.0,24.0,24.0,25.0,21.0,21.0,26.0,26.0,21.0,19.0,27.0,24.0,21.0,21.0,24.0,22.0,20.0,21.0,21.0,22.0,20.0,20.0,21.0,22.0,21.0,21.0,22.0,22.0,20.0,21.0,22.0,22.0,21.0,22.0,23.0,21.0,10.0,locate,0,0,2.7485
1788791633.4304,2026-09-07 16:33:53.430,5,b2,0,0,-0.03665,-0.48921,0.04981,-5.787,12.1551,-22.7258,-0.1293,-0.0368,-0.0689,4.69407,22.0,26.0,25.0,20.0,27.0,25.0,20.0,22.0,24.0,26.0,22.0,20.0,26.0,23.0,23.0,21.0,24.0,22.0,20.0,21.0,21.0,22.0,20.0,20.0,21.0,22.0,21.0,21.0,22.0,22.0,20.0,21.0,22.0,22.0,21.0,22.0,23.0,21.0,10.0,locate,0,0,2.7217
1788791633.4805,2026-09-07 16:33:53.480,5,b2,0,0,-0.03664,-0.48922,0.04982,-6.0011,12.0278,-22.8954,-0.1237,-0.0386,-0.0797,4.6976,22.0,26.0,25.0,20.0,27.0,25.0,20.0,22.0,24.0,26.0,22.0,20.0,26.0,23.0,23.0,21.0,24.0,22.0,20.0,21.0,21.0,22.0,20.0,20.0,21.0,22.0,21.0,21.0,22.0,22.0,20.0,21.0,22.0,22.0,21.0,22.0,23.0,21.0,10.0,locate,0,0,2.6903
1788791633.5306,2026-09-07 16:33:53.530,5,b2,0,0,-0.03665,-0.48921,0.04982,-6.0133,12.1412,-22.8955,-0.1264,-0.04,-0.0821,4.70037,22.0,26.0,24.0,20.0,25.0,24.0,22.0,21.0,26.0,27.0,20.0,21.0,27.0,24.0,20.0,21.0,24.0,20.0,22.0,21.0,21.0,22.0,20.0,20.0,21.0,22.0,21.0,21.0,22.0,22.0,20.0,21.0,22.0,22.0,21.0,22.0,23.0,21.0,10.0,locate,0,0,2.6657
1788791633.5808,2026-09-07 16:33:53.580,5,b2,0,0,-0.03668,-0.48921,0.04982,-5.8028,12.2668,-22.9695,-0.1297,-0.035,-0.0821,4.69735,22.0,26.0,25.0,21.0,25.0,26.0,21.0,21.0,25.0,26.0,22.0,20.0,26.0,25.0,23.0,20.0,24.0,21.0,22.0,21.0,21.0,22.0,20.0,20.0,21.0,22.0,21.0,21.0,22.0,22.0,20.0,21.0,22.0,22.0,21.0,22.0,23.0,21.0,10.0,locate,0,0,2.6925
1788791633.6309,2026-09-07 16:33:53.630,5,b2,0,0,-0.03666,-0.48921,0.04981,-5.9422,12.328,-22.7987,-0.1333,-0.0354,-0.0862,4.68879,22.0,26.0,25.0,21.0,25.0,26.0,21.0,21.0,25.0,26.0,22.0,20.0,26.0,25.0,23.0,20.0,24.0,21.0,22.0,21.0,21.0,22.0,20.0,20.0,21.0,22.0,21.0,21.0,22.0,22.0,20.0,21.0,22.0,22.0,21.0,22.0,23.0,21.0,10.0,locate,0,0,2.7687
1788791633.681,2026-09-07 16:33:53.681,5,b2,0,0,-0.03663,-0.48921,0.0498,-5.9745,12.5065,-22.8113,-0.1374,-0.0393,-0.087,4.70112,20.0,26.0,25.0,20.0,25.0,25.0,21.0,22.0,24.0,27.0,21.0,22.0,24.0,25.0,23.0,23.0,23.0,22.0,24.0,21.0,21.0,22.0,20.0,20.0,21.0,22.0,21.0,21.0,22.0,22.0,20.0,21.0,22.0,22.0,21.0,22.0,23.0,21.0,10.0,locate,0,0,2.6589
1788791633.7312,2026-09-07 16:33:53.731,5,b2,0,0,-0.03664,-0.48921,0.04981,-6.0329,12.0421,-22.7667,-0.1254,-0.0422,-0.0899,4.69181,20.0,26.0,25.0,20.0,25.0,25.0,21.0,22.0,24.0,27.0,21.0,22.0,24.0,25.0,23.0,23.0,23.0,22.0,24.0,21.0,21.0,22.0,20.0,20.0,21.0,22.0,21.0,21.0,22.0,22.0,20.0,21.0,22.0,22.0,21.0,22.0,23.0,21.0,10.0,locate,0,0,2.7418
1788791633.7813,2026-09-07 16:33:53.781,5,b2,0,0,-0.03664,-0.48922,0.04981,-5.9207,11.7839,-22.9691,-0.1196,-0.0373,-0.086,4.69709,24.0,26.0,24.0,22.0,26.0,25.0,23.0,23.0,25.0,26.0,20.0,21.0,25.0,24.0,21.0,22.0,24.0,22.0,22.0,21.0,21.0,22.0,20.0,20.0,21.0,22.0,21.0,21.0,22.0,22.0,20.0,21.0,22.0,22.0,21.0,22.0,23.0,21.0,10.0,locate,0,0,2.6948
1788791633.8315,2026-09-07 16:33:53.831,5,b2,0,0,-0.03665,-0.48921,0.0498,-5.5681,11.973,-22.9038,-0.1233,-0.0274,-0.0838,4.6903,24.0,26.0,25.0,23.0,26.0,25.0,22.0,23.0,26.0,26.0,21.0,22.0,26.0,24.0,22.0,23.0,24.0,22.0,24.0,21.0,21.0,22.0,20.0,20.0,21.0,22.0,21.0,21.0,22.0,22.0,20.0,21.0,22.0,22.0,21.0,22.0,23.0,21.0,10.0,locate,0,0,2.7553
1788791633.8815,2026-09-07 16:33:53.881,5,b2,0,0,-0.03665,-0.48921,0.04981,-5.7459,11.8751,-22.9959,-0.1241,-0.0332,-0.0887,4.70339,24.0,26.0,25.0,23.0,26.0,25.0,22.0,23.0,26.0,26.0,21.0,22.0,26.0,24.0,22.0,23.0,24.0,22.0,24.0,21.0,21.0,22.0,20.0,20.0,21.0,22.0,21.0,21.0,22.0,22.0,20.0,21.0,22.0,22.0,21.0,22.0,23.0,21.0,10.0,locate,0,0,2.6388
1788791633.9316,2026-09-07 16:33:53.931,5,b2,0,0,-0.03665,-0.48921,0.04981,-5.8965,11.7163,-23.0953,-0.1203,-0.036,-0.0958,4.69105,24.0,26.0,25.0,23.0,25.0,26.0,22.0,22.0,24.0,25.0,20.0,21.0,25.0,25.0,21.0,21.0,23.0,21.0,21.0,21.0,21.0,22.0,20.0,20.0,21.0,22.0,21.0,21.0,22.0,22.0,20.0,21.0,22.0,22.0,21.0,22.0,23.0,21.0,10.0,locate,0,0,2.7485
1788791633.9817,2026-09-07 16:33:53.981,5,b2,0,0,-0.03664,-0.48921,0.04981,-5.6849,12.2367,-22.7531,-0.1326,-0.0347,-0.0959,4.70087,24.0,26.0,25.0,23.0,25.0,26.0,22.0,22.0,24.0,25.0,20.0,21.0,25.0,25.0,21.0,21.0,23.0,21.0,21.0,21.0,21.0,22.0,20.0,20.0,21.0,22.0,21.0,21.0,22.0,22.0,20.0,21.0,22.0,22.0,21.0,22.0,23.0,21.0,10.0,locate,0,0,2.6612
1788791634.0319,2026-09-07 16:33:54.031,5,b2,0,0,-0.03665,-0.4892,0.04979,-5.942,12.0379,-22.6848,-0.1271,-0.0385,-0.1056,4.69155,23.0,27.0,25.0,23.0,25.0,25.0,19.0,24.0,26.0,26.0,22.0,23.0,27.0,24.0,23.0,23.0,24.0,22.0,23.0,21.0,21.0,22.0,20.0,20.0,21.0,22.0,21.0,21.0,22.0,22.0,20.0,21.0,22.0,22.0,21.0,22.0,23.0,21.0,10.0,locate,0,0,2.7441
1788791634.082,2026-09-07 16:33:54.082,5,b2,0,0,-0.03666,-0.48922,0.04982,-5.7677,12.0859,-22.8433,-0.1274,-0.0356,-0.1043,4.69483,25.0,27.0,25.0,25.0,26.0,25.0,23.0,21.0,25.0,27.0,21.0,21.0,24.0,25.0,21.0,20.0,25.0,19.0,21.0,21.0,21.0,22.0,20.0,20.0,21.0,22.0,21.0,21.0,22.0,22.0,20.0,21.0,22.0,22.0,21.0,22.0,23.0,21.0,10.0,locate,0,0,2.7149
1788791634.1321,2026-09-07 16:33:54.132,5,b2,0,0,-0.03664,-0.48922,0.04982,-5.9364,11.9657,-22.8628,-0.1258,-0.0414,-0.1055,4.70188,25.0,27.0,25.0,25.0,26.0,25.0,23.0,21.0,25.0,27.0,21.0,21.0,24.0,25.0,21.0,20.0,25.0,19.0,21.0,21.0,21.0,22.0,20.0,20.0,21.0,22.0,21.0,21.0,22.0,22.0,20.0,21.0,22.0,22.0,21.0,22.0,23.0,21.0,10.0,locate,0,0,2.6522
1788791634.1822,2026-09-07 16:33:54.182,5,b2,0,0,-0.03663,-0.48921,0.0498,-6.0575,12.4836,-22.808,-0.138,-0.0419,-0.1092,4.69256,23.0,26.0,26.0,22.0,26.0,27.0,22.0,21.0,24.0,24.0,22.0,21.0,25.0,24.0,23.0,21.0,23.0,22.0,22.0,21.0,21.0,22.0,20.0,20.0,21.0,22.0,21.0,21.0,22.0,22.0,20.0,21.0,22.0,22.0,21.0,22.0,23.0,21.0,10.0,locate,0,0,2.7351
1788791634.2324,2026-09-07 16:33:54.232,5,b2,0,0,-0.03665,-0.48921,0.0498,-5.8722,12.0769,-23.1009,-0.1289,-0.0364,-0.1017,4.69961,23.0,26.0,26.0,22.0,26.0,27.0,22.0,21.0,24.0,24.0,22.0,21.0,25.0,24.0,23.0,21.0,23.0,22.0,22.0,21.0,21.0,22.0,20.0,20.0,21.0,22.0,21.0,21.0,22.0,22.0,20.0,21.0,22.0,22.0,21.0,22.0,23.0,21.0,10.0,locate,0,0,2.6724
1788791634.2825,2026-09-07 16:33:54.282,5,b2,0,0,-0.03664,-0.48922,0.04981,-6.033,12.1236,-23.0102,-0.1304,-0.042,-0.1076,4.68979,22.0,24.0,24.0,21.0,26.0,25.0,22.0,23.0,26.0,26.0,22.0,22.0,28.0,23.0,23.0,23.0,23.0,21.0,22.0,21.0,21.0,22.0,20.0,20.0,21.0,22.0,21.0,21.0,22.0,22.0,20.0,21.0,22.0,22.0,21.0,22.0,23.0,21.0,10.0,locate,0,0,2.7597
1788791634.3326,2026-09-07 16:33:54.332,5,b2,0,0,-0.03663,-0.48922,0.04982,-6.2417,12.2216,-22.949,-0.1301,-0.0448,-0.1092,4.69256,22.0,24.0,24.0,21.0,26.0,25.0,22.0,23.0,26.0,26.0,22.0,22.0,28.0,23.0,23.0,23.0,23.0,21.0,22.0,21.0,21.0,22.0,20.0,20.0,21.0,22.0,21.0,21.0,22.0,22.0,20.0,21.0,22.0,22.0,21.0,22.0,23.0,21.0,10.0,locate,0,0,2.7351
1788791634.3828,2026-09-07 16:33:54.382,5,b2,0,0,-0.03663,-0.4892,0.0498,-5.7639,12.2169,-23.0545,-0.1331,-0.0315,-0.1118,4.69986,23.0,26.0,25.0,21.0,26.0,24.0,22.0,22.0,25.0,27.0,21.0,22.0,25.0,25.0,23.0,22.0,24.0,22.0,23.0,21.0,21.0,22.0,20.0,20.0,21.0,22.0,21.0,21.0,22.0,22.0,20.0,21.0,22.0,22.0,21.0,22.0,23.0,21.0,10.0,locate,0,0,2.6701
1788791634.4328,2026-09-07 16:33:54.432,5,b2,0,0,-0.03665,-0.48921,0.04981,-5.9595,12.1712,-22.9687,-0.1282,-0.0403,-0.1098,4.69281,23.0,26.0,26.0,22.0,26.0,25.0,22.0,22.0,24.0,24.0,21.0,22.0,25.0,24.0,23.0,20.0,24.0,21.0,21.0,21.0,21.0,22.0,20.0,20.0,21.0,22.0,21.0,21.0,22.0,22.0,20.0,21.0,22.0,22.0,21.0,22.0,23.0,21.0,10.0,locate,0,0,2.7329
1788791634.483,2026-09-07 16:33:54.482,5,b2,0,0,-0.03666,-0.48921,0.0498,-5.8243,11.9329,-22.9765,-0.1244,-0.0347,-0.1167,4.69609,23.0,26.0,26.0,22.0,26.0,25.0,22.0,22.0,24.0,24.0,21.0,22.0,25.0,24.0,23.0,20.0,24.0,21.0,21.0,21.0,21.0,22.0,20.0,20.0,21.0,22.0,21.0,21.0,22.0,22.0,20.0,21.0,22.0,22.0,21.0,22.0,23.0,21.0,10.0,locate,0,0,2.7037
1788791634.5331,2026-09-07 16:33:54.533,5,b2,0,0,-0.03663,-0.48922,0.04982,-5.5131,11.8461,-22.9019,-0.1228,-0.0269,-0.1062,4.69483,23.0,25.0,24.0,22.0,25.0,25.0,22.0,23.0,25.0,26.0,21.0,22.0,26.0,25.0,22.0,22.0,24.0,20.0,23.0,21.0,21.0,22.0,20.0,20.0,21.0,22.0,21.0,21.0,22.0,22.0,20.0,21.0,22.0,22.0,21.0,22.0,23.0,21.0,10.0,locate,0,0,2.7149
1788791634.5832,2026-09-07 16:33:54.583,5,b2,0,0,-0.03665,-0.48922,0.04981,-6.0819,12.1618,-22.9346,-0.1267,-0.0433,-0.1093,4.69155,23.0,25.0,24.0,22.0,25.0,25.0,22.0,23.0,25.0,26.0,21.0,22.0,26.0,25.0,22.0,22.0,24.0,20.0,23.0,21.0,21.0,22.0,20.0,20.0,21.0,22.0,21.0,21.0,22.0,22.0,20.0,21.0,22.0,22.0,21.0,22.0,23.0,21.0,10.0,locate,0,0,2.7441
1788791634.6333,2026-09-07 16:33:54.633,5,b2,0,0,-0.03666,-0.48923,0.04983,-5.8931,12.3589,-22.932,-0.134,-0.0352,-0.1156,4.69583,24.0,27.0,26.0,23.0,27.0,26.0,20.0,21.0,24.0,25.0,23.0,20.0,26.0,23.0,23.0,21.0,22.0,21.0,22.0,21.0,21.0,22.0,20.0,20.0,21.0,22.0,21.0,21.0,22.0,22.0,20.0,21.0,22.0,22.0,21.0,22.0,23.0,21.0,10.0,locate,0,0,2.706
1788791634.6835,2026-09-07 16:33:54.683,5,b2,0,0,-0.03665,-0.4892,0.04981,-5.8004,12.0982,-22.9844,-0.128,-0.0355,-0.106,4.69583,21.0,26.0,26.0,21.0,26.0,25.0,22.0,23.0,25.0,26.0,21.0,22.0,24.0,24.0,22.0,22.0,22.0,20.0,23.0,21.0,21.0,22.0,20.0,20.0,21.0,22.0,21.0,21.0,22.0,22.0,20.0,21.0,22.0,22.0,21.0,22.0,23.0,21.0,10.0,locate,0,0,2.706
1788791634.7336,2026-09-07 16:33:54.733,5,b2,1,0,-0.03665,-0.4892,0.0498,-5.801,12.0203,-22.8679,-0.1275,-0.0342,-0.1143,4.69886,21.0,26.0,26.0,21.0,26.0,25.0,22.0,23.0,25.0,26.0,21.0,22.0,24.0,24.0,22.0,22.0,22.0,20.0,23.0,21.0,21.0,22.0,20.0,20.0,21.0,22.0,21.0,21.0,22.0,22.0,20.0,21.0,22.0,22.0,21.0,22.0,23.0,21.0,10.0,press,0,0,2.6791
1788791634.7837,2026-09-07 16:33:54.783,5,b2,1,0,-0.03664,-0.48923,0.0498,-6.1482,12.7479,-22.7617,-0.142,-0.0425,-0.1111,4.69407,22.0,27.0,24.0,22.0,26.0,25.0,22.0,22.0,26.0,27.0,23.0,23.0,26.0,23.0,24.0,24.0,23.0,22.0,24.0,21.0,21.0,22.0,20.0,20.0,21.0,22.0,21.0,21.0,22.0,22.0,20.0,21.0,22.0,22.0,21.0,22.0,23.0,21.0,10.0,press,0,0,2.7217
1788791634.8337,2026-09-07 16:33:54.833,5,b2,1,0,-0.03664,-0.48922,0.04976,-5.8276,12.0794,-23.1905,-0.1278,-0.0342,-0.1134,4.69735,22.0,27.0,24.0,22.0,26.0,25.0,22.0,22.0,26.0,27.0,23.0,23.0,26.0,23.0,24.0,24.0,23.0,22.0,24.0,21.0,21.0,22.0,20.0,20.0,21.0,22.0,21.0,21.0,22.0,22.0,20.0,21.0,22.0,22.0,21.0,22.0,23.0,21.0,10.0,press,0,0,2.6925
1788791634.8838,2026-09-07 16:33:54.883,5,b2,1,0,-0.03664,-0.48923,0.04967,-6.0616,12.086,-22.8271,-0.1277,-0.0425,-0.1156,4.6903,23.0,26.0,24.0,23.0,26.0,25.0,23.0,19.0,24.0,25.0,23.0,19.0,25.0,24.0,24.0,20.0,24.0,21.0,21.0,21.0,21.0,22.0,20.0,20.0,21.0,22.0,21.0,21.0,22.0,22.0,20.0,21.0,22.0,22.0,21.0,22.0,23.0,21.0,10.0,press,0,0,2.7553
1788791634.9339,2026-09-07 16:33:54.933,5,b2,1,0,-0.03666,-0.48922,0.04952,-6.2049,12.2398,-22.8767,-0.1293,-0.0422,-0.1215,4.69231,22.0,26.0,25.0,21.0,25.0,25.0,24.0,21.0,24.0,25.0,22.0,19.0,25.0,25.0,23.0,20.0,23.0,21.0,21.0,21.0,21.0,22.0,20.0,20.0,21.0,22.0,21.0,21.0,22.0,22.0,20.0,21.0,22.0,22.0,21.0,22.0,23.0,21.0,10.0,press,0,0,2.7373
1788791634.9841,2026-09-07 16:33:54.984,5,b2,1,0,-0.03665,-0.48924,0.04934,-6.1062,12.4982,-22.6845,-0.1369,-0.0396,-0.1219,4.6976,22.0,26.0,25.0,21.0,25.0,25.0,24.0,21.0,24.0,25.0,22.0,19.0,25.0,25.0,23.0,20.0,23.0,21.0,21.0,21.0,21.0,22.0,20.0,20.0,21.0,22.0,21.0,21.0,22.0,22.0,20.0,21.0,22.0,22.0,21.0,22.0,23.0,21.0,10.0,press,0,0,2.6903
1788791635.0342,2026-09-07 16:33:55.034,5,b2,1,0,-0.03666,-0.48923,0.04913,-5.8384,12.0933,-22.7471,-0.1281,-0.0352,-0.1143,4.69936,24.0,24.0,26.0,21.0,25.0,24.0,22.0,22.0,25.0,24.0,22.0,21.0,26.0,23.0,23.0,20.0,23.0,21.0,20.0,21.0,21.0,22.0,20.0,20.0,21.0,22.0,21.0,21.0,22.0,22.0,20.0,21.0,22.0,22.0,21.0,22.0,23.0,21.0,10.0,press,0,0,2.6746
1788791635.0843,2026-09-07 16:33:55.084,5,b2,1,0,-0.03665,-0.48923,0.04889,-6.1777,12.2438,-22.7057,-0.131,-0.0433,-0.1226,4.6845,24.0,24.0,26.0,21.0,25.0,24.0,22.0,22.0,25.0,24.0,22.0,21.0,26.0,23.0,23.0,20.0,23.0,21.0,20.0,21.0,21.0,22.0,20.0,20.0,21.0,22.0,21.0,21.0,22.0,22.0,20.0,21.0,22.0,22.0,21.0,22.0,23.0,21.0,10.0,press,0,0,2.8068
1788791635.1345,2026-09-07 16:33:55.134,5,b2,1,0,-0.03665,-0.48921,0.04862,-6.0338,12.3059,-22.6561,-0.1318,-0.0392,-0.1181,4.69911,22.0,27.0,24.0,22.0,25.0,23.0,22.0,21.0,25.0,25.0,24.0,21.0,25.0,23.0,25.0,23.0,23.0,22.0,22.0,21.0,21.0,22.0,20.0,20.0,21.0,22.0,21.0,21.0,22.0,22.0,20.0,21.0,22.0,22.0,21.0,22.0,23.0,21.0,10.0,press,0,0,2.6769
1788791635.1846,2026-09-07 16:33:55.184,5,b2,1,0,-0.03662,-0.48922,0.04833,-6.0592,11.9952,-22.8004,-0.1235,-0.0393,-0.1167,4.69231,23.0,26.0,24.0,22.0,25.0,24.0,24.0,21.0,25.0,24.0,21.0,20.0,24.0,23.0,23.0,21.0,22.0,21.0,22.0,21.0,21.0,22.0,20.0,20.0,21.0,22.0,21.0,21.0,22.0,22.0,20.0,21.0,22.0,22.0,21.0,22.0,23.0,21.0,10.0,press,0,0,2.7373
1788791635.2347,2026-09-07 16:33:55.234,5,b2,1,0,-0.03662,-0.48922,0.048,-5.9235,12.0794,-22.6797,-0.1291,-0.0382,-0.1185,4.69886,23.0,26.0,24.0,22.0,25.0,24.0,24.0,21.0,25.0,24.0,21.0,20.0,24.0,23.0,23.0,21.0,22.0,21.0,22.0,21.0,21.0,22.0,20.0,20.0,21.0,22.0,21.0,21.0,22.0,22.0,20.0,21.0,22.0,22.0,21.0,22.0,23.0,21.0,10.0,press,0,0,2.6791
1788791635.2848,2026-09-07 16:33:55.284,5,b2,1,0,-0.03666,-0.48923,0.04767,-6.014,11.9006,-23.0071,-0.1183,-0.0396,-0.1205,4.68325,22.0,26.0,24.0,21.0,25.0,25.0,20.0,23.0,26.0,26.0,22.0,22.0,27.0,24.0,23.0,21.0,23.0,21.0,22.0,21.0,21.0,22.0,20.0,20.0,21.0,22.0,21.0,21.0,22.0,22.0,20.0,21.0,22.0,22.0,21.0,22.0,23.0,21.0,10.0,press,0,0,2.818
1788791635.3349,2026-09-07 16:33:55.334,5,b2,1,0,-0.03666,-0.48923,0.04732,-5.8817,12.3124,-22.8869,-0.1354,-0.0383,-0.1216,4.68979,22.0,26.0,24.0,21.0,25.0,25.0,20.0,23.0,26.0,26.0,22.0,22.0,27.0,24.0,23.0,21.0,23.0,21.0,22.0,21.0,21.0,22.0,20.0,20.0,21.0,22.0,21.0,21.0,22.0,22.0,20.0,21.0,22.0,22.0,21.0,22.0,23.0,21.0,10.0,press,0,0,2.7597
1788791635.385,2026-09-07 16:33:55.385,5,b2,1,0,-0.03667,-0.48922,0.04698,-5.7261,12.0938,-22.8603,-0.1285,-0.033,-0.1226,4.69483,22.0,27.0,26.0,23.0,27.0,26.0,22.0,23.0,25.0,26.0,22.0,23.0,25.0,24.0,24.0,22.0,24.0,21.0,24.0,21.0,21.0,22.0,20.0,20.0,21.0,22.0,21.0,21.0,22.0,22.0,20.0,21.0,22.0,22.0,21.0,22.0,23.0,21.0,10.0,press,0,0,2.7149
1788791635.4351,2026-09-07 16:33:55.435,5,b2,1,0,-0.03664,-0.48922,0.04665,-5.7749,11.8639,-22.7082,-0.1194,-0.0324,-0.1171,4.6903,22.0,27.0,26.0,23.0,27.0,26.0,22.0,23.0,25.0,26.0,22.0,23.0,25.0,24.0,24.0,22.0,24.0,21.0,24.0,21.0,21.0,22.0,20.0,20.0,21.0,22.0,21.0,21.0,22.0,22.0,20.0,21.0,22.0,22.0,21.0,22.0,23.0,21.0,10.0,press,0,0,2.7553
1788791635.4853,2026-09-07 16:33:55.485,5,b2,1,0,-0.03666,-0.48921,0.04632,-5.6584,12.4446,-22.8664,-0.1333,-0.0305,-0.1178,4.70062,25.0,27.0,26.0,24.0,26.0,25.0,23.0,21.0,25.0,27.0,23.0,21.0,25.0,24.0,24.0,21.0,23.0,21.0,21.0,21.0,21.0,22.0,20.0,20.0,21.0,22.0,21.0,21.0,22.0,22.0,20.0,21.0,22.0,22.0,21.0,22.0,23.0,21.0,10.0,press,0,0,2.6634
1788791635.5354,2026-09-07 16:33:55.535,5,b2,1,0,-0.03663,-0.48923,0.04601,-5.9311,11.8664,-22.7151,-0.1208,-0.0368,-0.1207,4.68778,23.0,28.0,26.0,21.0,28.0,27.0,23.0,21.0,28.0,26.0,22.0,20.0,26.0,24.0,23.0,20.0,23.0,20.0,21.0,21.0,21.0,22.0,20.0,20.0,21.0,22.0,21.0,21.0,22.0,22.0,20.0,21.0,22.0,22.0,21.0,22.0,23.0,21.0,10.0,press,0,0,2.7777
1788791635.5856,2026-09-07 16:33:55.585,5,b2,1,0,-0.03665,-0.48922,0.04564,-5.9819,12.075,-22.8204,-0.1273,-0.0369,-0.125,4.70414,23.0,28.0,26.0,21.0,28.0,27.0,23.0,21.0,28.0,26.0,22.0,20.0,26.0,24.0,23.0,20.0,23.0,20.0,21.0,21.0,21.0,22.0,20.0,20.0,21.0,22.0,21.0,21.0,22.0,22.0,20.0,21.0,22.0,22.0,21.0,22.0,23.0,21.0,10.0,press,0,0,2.6321
1788791635.6357,2026-09-07 16:33:55.635,5,b2,1,0,-0.03667,-0.48922,0.04531,-5.6852,12.2622,-22.8363,-0.1343,-0.0314,-0.1206,4.67595,21.0,28.0,26.0,20.0,29.0,26.0,23.0,19.0,26.0,27.0,25.0,18.0,26.0,23.0,24.0,18.0,23.0,23.0,19.0,21.0,21.0,22.0,20.0,20.0,21.0,22.0,21.0,21.0,22.0,22.0,20.0,21.0,22.0,22.0,21.0,22.0,23.0,21.0,10.0,press,0,0,2.8829
1788791635.6858,2026-09-07 16:33:55.685,5,b2,1,0,-0.03664,-0.4892,0.04496,-6.0559,12.3152,-22.7858,-0.1327,-0.0421,-0.1247,4.64875,21.0,28.0,26.0,20.0,29.0,26.0,23.0,19.0,26.0,27.0,25.0,18.0,26.0,23.0,24.0,18.0,23.0,23.0,19.0,21.0,21.0,22.0,20.0,20.0,21.0,22.0,21.0,21.0,22.0,22.0,20.0,21.0,22.0,22.0,21.0,22.0,23.0,21.0,10.0,press,0,0,3.1249
1788791635.7359,2026-09-07 16:33:55.735,5,b2,1,0,-0.03667,-0.48923,0.04467,-5.8308,12.4343,-22.6756,-0.1344,-0.0338,-0.1234,4.62609,21.0,28.0,27.0,20.0,29.0,27.0,24.0,20.0,28.0,25.0,23.0,20.0,27.0,24.0,25.0,20.0,23.0,22.0,20.0,21.0,21.0,22.0,20.0,20.0,21.0,22.0,21.0,21.0,22.0,22.0,20.0,21.0,22.0,22.0,21.0,22.0,23.0,21.0,10.0,press,0,0,3.3264
1788791635.786,2026-09-07 16:33:55.786,5,b2,1,0,-0.03663,-0.48922,0.04432,-5.9027,12.3624,-22.5053,-0.1298,-0.037,-0.1318,4.5916,21.0,31.0,27.0,20.0,31.0,28.0,24.0,24.0,27.0,28.0,23.0,23.0,28.0,26.0,23.0,23.0,25.0,22.0,23.0,21.0,21.0,22.0,20.0,20.0,21.0,22.0,21.0,21.0,22.0,22.0,20.0,21.0,22.0,22.0,21.0,22.0,23.0,21.0,10.0,press,0,0,3.6333
1788791635.8362,2026-09-07 16:33:55.836,5,b2,1,0,-0.03667,-0.48923,0.04402,-5.8978,12.5297,-22.2232,-0.1362,-0.0371,-0.1289,4.56088,21.0,31.0,27.0,20.0,31.0,28.0,24.0,24.0,27.0,28.0,23.0,23.0,28.0,26.0,23.0,23.0,25.0,22.0,23.0,21.0,21.0,22.0,20.0,20.0,21.0,22.0,21.0,21.0,22.0,22.0,20.0,21.0,22.0,22.0,21.0,22.0,23.0,21.0,10.0,press,0,0,3.9066
1788791635.8863,2026-09-07 16:33:55.886,5,b2,1,0,-0.03665,-0.48924,0.04369,-5.9512,12.5563,-21.9585,-0.1353,-0.0372,-0.1312,4.49391,23.0,31.0,28.0,24.0,31.0,29.0,23.0,22.0,28.0,28.0,24.0,21.0,28.0,24.0,25.0,21.0,24.0,22.0,22.0,21.0,21.0,22.0,20.0,20.0,21.0,22.0,21.0,21.0,22.0,22.0,20.0,21.0,22.0,22.0,21.0,22.0,23.0,21.0,10.0,press,0,0,4.5024
1788791635.9365,2026-09-07 16:33:55.936,5,b2,1,0,-0.03665,-0.48922,0.04331,-5.893,12.2806,-21.7975,-0.1308,-0.0407,-0.1242,4.42795,23.0,31.0,28.0,24.0,31.0,29.0,23.0,22.0,28.0,28.0,24.0,21.0,28.0,24.0,25.0,21.0,24.0,22.0,22.0,21.0,21.0,22.0,20.0,20.0,21.0,22.0,21.0,21.0,22.0,22.0,20.0,21.0,22.0,22.0,21.0,22.0,23.0,21.0,10.0,press,0,0,5.0892
1788791635.9866,2026-09-07 16:33:55.986,5,b2,1,0,-0.03664,-0.48921,0.04299,-6.256,12.3277,-21.6428,-0.1286,-0.0456,-0.1358,4.34335,24.0,30.0,27.0,23.0,31.0,28.0,23.0,22.0,29.0,27.0,24.0,22.0,27.0,24.0,24.0,21.0,23.0,23.0,21.0,21.0,21.0,22.0,20.0,20.0,21.0,22.0,21.0,21.0,22.0,22.0,20.0,21.0,22.0,22.0,21.0,22.0,23.0,21.0,10.0,press,0,0,5.8418
1788791636.0368,2026-09-07 16:33:56.036,5,b2,1,0,-0.03664,-0.48922,0.04264,-5.9866,12.1005,-21.2072,-0.1243,-0.0389,-0.1273,4.25775,24.0,29.0,27.0,22.0,31.0,26.0,23.0,22.0,30.0,29.0,24.0,20.0,27.0,25.0,25.0,21.0,24.0,23.0,22.0,21.0,21.0,22.0,20.0,20.0,21.0,22.0,21.0,21.0,22.0,22.0,20.0,21.0,22.0,22.0,21.0,22.0,23.0,21.0,10.0,press,0,0,6.6034
1788791636.0868,2026-09-07 16:33:56.086,5,b2,1,0,-0.03666,-0.48923,0.04231,-5.929,12.1096,-20.9274,-0.1185,-0.0398,-0.1307,4.17517,24.0,29.0,27.0,22.0,31.0,26.0,23.0,22.0,30.0,29.0,24.0,20.0,27.0,25.0,25.0,21.0,24.0,23.0,22.0,21.0,21.0,22.0,20.0,20.0,21.0,22.0,21.0,21.0,22.0,22.0,20.0,21.0,22.0,22.0,21.0,22.0,23.0,21.0,10.0,press,0,0,7.3381
1788791636.137,2026-09-07 16:33:56.136,5,b2,1,0,-0.03665,-0.48923,0.042,-5.6822,12.0327,-20.5963,-0.1196,-0.0357,-0.1247,4.07446,22.0,30.0,28.0,21.0,31.0,28.0,23.0,21.0,32.0,30.0,23.0,21.0,29.0,26.0,24.0,21.0,25.0,22.0,20.0,21.0,21.0,22.0,20.0,20.0,21.0,22.0,21.0,21.0,22.0,22.0,20.0,21.0,22.0,22.0,21.0,22.0,23.0,21.0,10.0,press,0,0,8.234
1788791636.1871,2026-09-07 16:33:56.187,5,b2,1,0,-0.03664,-0.48922,0.04168,-5.8003,12.4449,-20.0565,-0.1314,-0.0359,-0.1309,3.97274,22.0,30.0,28.0,21.0,31.0,28.0,23.0,21.0,32.0,30.0,23.0,21.0,29.0,26.0,24.0,21.0,25.0,22.0,20.0,21.0,21.0,22.0,20.0,20.0,21.0,22.0,21.0,21.0,22.0,22.0,20.0,21.0,22.0,22.0,21.0,22.0,23.0,21.0,10.0,press,0,0,9.139
1788791636.2372,2026-09-07 16:33:56.237,5,b2,1,0,-0.03666,-0.48923,0.04134,-5.8557,12.2569,-19.6851,-0.1252,-0.0419,-0.1315,3.87631,25.0,32.0,29.0,23.0,33.0,30.0,24.0,23.0,33.0,29.0,22.0,22.0,29.0,26.0,23.0,21.0,26.0,22.0,23.0,21.0,21.0,22.0,20.0,20.0,21.0,22.0,21.0,21.0,22.0,22.0,20.0,21.0,22.0,22.0,21.0,22.0,23.0,21.0,10.0,press,0,0,9.9968
1788791636.2873,2026-09-07 16:33:56.287,5,b2,1,0,-0.03664,-0.48923,0.04102,-5.4793,12.1734,-19.4792,-0.1204,-0.0302,-0.1292,3.74967,24.0,33.0,29.0,24.0,36.0,31.0,23.0,22.0,32.0,28.0,25.0,20.0,25.0,25.0,24.0,22.0,24.0,22.0,22.0,21.0,21.0,22.0,20.0,20.0,21.0,22.0,21.0,21.0,22.0,22.0,20.0,21.0,22.0,22.0,21.0,22.0,23.0,21.0,10.0,press,0,0,11.1235
1788791636.3375,2026-09-07 16:33:56.337,5,b2,1,0,-0.03665,-0.48923,0.04075,-5.55,12.1316,-19.2178,-0.1177,-0.0336,-0.1254,3.65399,24.0,33.0,29.0,24.0,36.0,31.0,23.0,22.0,32.0,28.0,25.0,20.0,25.0,25.0,24.0,22.0,24.0,22.0,22.0,21.0,21.0,22.0,20.0,20.0,21.0,22.0,21.0,21.0,22.0,22.0,20.0,21.0,22.0,22.0,21.0,22.0,23.0,21.0,10.0,press,0,0,11.9747
1788791636.3876,2026-09-07 16:33:56.387,5,b2,1,0,-0.03664,-0.48922,0.04052,-5.5726,12.2813,-18.7031,-0.1203,-0.0391,-0.1283,3.56839,22.0,33.0,28.0,21.0,33.0,31.0,25.0,23.0,35.0,29.0,22.0,22.0,29.0,24.0,22.0,22.0,23.0,21.0,21.0,21.0,21.0,22.0,20.0,20.0,21.0,22.0,21.0,21.0,22.0,22.0,20.0,21.0,22.0,22.0,21.0,22.0,23.0,21.0,10.0,press,0,0,12.7362
1788791636.4377,2026-09-07 16:33:56.437,5,b2,1,0,-0.03666,-0.48921,0.04032,-5.7263,12.2602,-18.3845,-0.1229,-0.0416,-0.1279,3.49689,22.0,33.0,28.0,21.0,33.0,31.0,25.0,23.0,35.0,29.0,22.0,22.0,29.0,24.0,22.0,22.0,23.0,21.0,21.0,21.0,21.0,22.0,20.0,20.0,21.0,22.0,21.0,21.0,22.0,22.0,20.0,21.0,22.0,22.0,21.0,22.0,23.0,21.0,10.0,press,0,0,13.3723
1788791636.4878,2026-09-07 16:33:56.487,5,b2,1,0,-0.03665,-0.48922,0.04018,-5.5149,12.011,-18.103,-0.1143,-0.0396,-0.1254,3.4347,24.0,35.0,29.0,24.0,36.0,31.0,24.0,22.0,36.0,31.0,23.0,22.0,29.0,24.0,22.0,22.0,24.0,22.0,22.0,21.0,21.0,22.0,20.0,20.0,21.0,22.0,21.0,21.0,22.0,22.0,20.0,21.0,22.0,22.0,21.0,22.0,23.0,21.0,10.0,press,0,0,13.9256
1788791636.5379,2026-09-07 16:33:56.537,5,b2,1,0,-0.03667,-0.48923,0.04008,-5.677,12.2516,-17.9613,-0.1227,-0.0404,-0.1299,3.41128,24.0,35.0,29.0,24.0,36.0,31.0,24.0,22.0,36.0,31.0,23.0,22.0,29.0,24.0,22.0,22.0,24.0,22.0,22.0,21.0,21.0,22.0,20.0,20.0,21.0,22.0,21.0,21.0,22.0,22.0,20.0,21.0,22.0,22.0,21.0,22.0,23.0,21.0,10.0,press,0,0,14.1339
1788791636.588,2026-09-07 16:33:56.587,5,b2,1,0,-0.03665,-0.48923,0.03999,-5.8458,12.1939,-17.8518,-0.1195,-0.0462,-0.1356,3.36899,23.0,36.0,30.0,23.0,36.0,32.0,25.0,21.0,36.0,31.0,23.0,19.0,27.0,25.0,22.0,20.0,24.0,22.0,21.0,21.0,21.0,22.0,20.0,20.0,21.0,22.0,21.0,21.0,22.0,22.0,20.0,21.0,22.0,22.0,21.0,22.0,23.0,21.0,10.0,press,0,0,14.5102
1788791636.6381,2026-09-07 16:33:56.638,5,b2,1,0,-0.03665,-0.48924,0.03993,-5.4937,12.1567,-17.8754,-0.1172,-0.0367,-0.1307,3.36043,23.0,37.0,31.0,23.0,36.0,33.0,26.0,23.0,38.0,30.0,25.0,22.0,29.0,25.0,24.0,21.0,25.0,23.0,22.0,21.0,21.0,22.0,20.0,20.0,21.0,22.0,21.0,21.0,22.0,22.0,20.0,21.0,22.0,22.0,21.0,22.0,23.0,21.0,10.0,press,0,0,14.5864
1788791636.6881,2026-09-07 16:33:56.688,5,b2,1,0,-0.03664,-0.48923,0.03988,-5.6385,12.4335,-17.8573,-0.1215,-0.0402,-0.1279,3.34129,23.0,37.0,31.0,23.0,36.0,33.0,26.0,23.0,38.0,30.0,25.0,22.0,29.0,25.0,24.0,21.0,25.0,23.0,22.0,21.0,21.0,22.0,20.0,20.0,21.0,22.0,21.0,21.0,22.0,22.0,20.0,21.0,22.0,22.0,21.0,22.0,23.0,21.0,10.0,press,0,0,14.7566
1788791636.7383,2026-09-07 16:33:56.738,5,b2,1,0,-0.03663,-0.48923,0.03986,-5.7228,12.3853,-17.7696,-0.1225,-0.0425,-0.1356,3.33978,24.0,39.0,30.0,23.0,38.0,32.0,27.0,24.0,39.0,30.0,25.0,22.0,29.0,25.0,24.0,24.0,25.0,23.0,25.0,21.0,21.0,22.0,20.0,20.0,21.0,22.0,21.0,21.0,22.0,22.0,20.0,21.0,22.0,22.0,21.0,22.0,23.0,21.0,10.0,hold,0,0,14.77
1788791636.7885,2026-09-07 16:33:56.788,5,b2,1,0,-0.03665,-0.48921,0.03982,-5.6744,12.3191,-17.7609,-0.1187,-0.0417,-0.1252,3.31939,24.0,39.0,30.0,23.0,38.0,32.0,27.0,24.0,39.0,30.0,25.0,22.0,29.0,25.0,24.0,24.0,25.0,23.0,25.0,21.0,21.0,22.0,20.0,20.0,21.0,22.0,21.0,21.0,22.0,22.0,20.0,21.0,22.0,22.0,21.0,22.0,23.0,21.0,10.0,hold,0,0,14.9515
1788791636.8397,2026-09-07 16:33:56.839,5,b2,1,0,-0.03663,-0.48921,0.03981,-6.0713,12.7253,-17.6807,-0.127,-0.0538,-0.1348,3.32669,24.0,39.0,31.0,23.0,39.0,34.0,27.0,22.0,39.0,31.0,25.0,20.0,29.0,25.0,24.0,20.0,25.0,23.0,22.0,21.0,21.0,22.0,20.0,20.0,21.0,22.0,21.0,21.0,22.0,22.0,20.0,21.0,22.0,22.0,21.0,22.0,23.0,21.0,10.0,hold,0,0,14.8865
1788791636.8897,2026-09-07 16:33:56.889,5,b2,1,0,-0.03663,-0.48921,0.03981,-5.6971,12.2285,-17.6276,-0.1189,-0.0402,-0.1344,3.31662,21.0,40.0,31.0,21.0,40.0,34.0,28.0,22.0,36.0,31.0,25.0,20.0,26.0,26.0,24.0,19.0,25.0,22.0,20.0,21.0,21.0,22.0,20.0,20.0,21.0,22.0,21.0,21.0,22.0,22.0,20.0,21.0,22.0,22.0,21.0,22.0,23.0,21.0,10.0,hold,0,0,14.9761
1788791636.9399,2026-09-07 16:33:56.939,5,b2,1,0,-0.03664,-0.48922,0.03982,-5.7996,12.1783,-17.5334,-0.1139,-0.0445,-0.139,3.33021,21.0,40.0,31.0,21.0,40.0,34.0,28.0,22.0,36.0,31.0,25.0,20.0,26.0,26.0,24.0,19.0,25.0,22.0,20.0,21.0,21.0,22.0,20.0,20.0,21.0,22.0,21.0,21.0,22.0,22.0,20.0,21.0,22.0,22.0,21.0,22.0,23.0,21.0,10.0,hold,0,0,14.8552
1788791636.99,2026-09-07 16:33:56.990,5,b2,1,0,-0.03663,-0.48922,0.03982,-5.776,12.0908,-17.5574,-0.1129,-0.0438,-0.1337,3.32845,24.0,38.0,31.0,23.0,38.0,35.0,28.0,21.0,41.0,31.0,25.0,20.0,29.0,24.0,22.0,20.0,24.0,21.0,21.0,21.0,21.0,22.0,20.0,20.0,21.0,22.0,21.0,21.0,22.0,22.0,20.0,21.0,22.0,22.0,21.0,22.0,23.0,21.0,10.0,hold,0,0,14.8708
1788791637.0402,2026-09-07 16:33:57.040,5,b2,1,0,-0.03664,-0.48923,0.03983,-5.7334,12.1256,-17.6409,-0.1138,-0.0415,-0.1338,3.33399,24.0,38.0,31.0,23.0,38.0,35.0,28.0,21.0,41.0,31.0,25.0,20.0,29.0,24.0,22.0,20.0,24.0,21.0,21.0,21.0,21.0,22.0,20.0,20.0,21.0,22.0,21.0,21.0,22.0,22.0,20.0,21.0,22.0,22.0,21.0,22.0,23.0,21.0,10.0,hold,0,0,14.8216
1788791637.0903,2026-09-07 16:33:57.090,5,b2,1,0,-0.03666,-0.48922,0.03981,-6.1623,12.4176,-17.4309,-0.121,-0.0552,-0.1331,3.34507,23.0,40.0,32.0,21.0,40.0,34.0,27.0,25.0,39.0,30.0,26.0,22.0,29.0,25.0,25.0,23.0,24.0,23.0,23.0,21.0,21.0,22.0,20.0,20.0,21.0,22.0,21.0,21.0,22.0,22.0,20.0,21.0,22.0,22.0,21.0,22.0,23.0,21.0,10.0,hold,0,0,14.723
1788791637.1405,2026-09-07 16:33:57.140,5,b2,1,0,-0.03663,-0.48922,0.03982,-5.6574,12.3359,-17.5816,-0.1221,-0.0413,-0.1288,3.336,23.0,41.0,30.0,23.0,40.0,34.0,28.0,21.0,39.0,31.0,25.0,20.0,30.0,25.0,25.0,21.0,26.0,23.0,21.0,21.0,21.0,22.0,20.0,20.0,21.0,22.0,21.0,21.0,22.0,22.0,20.0,21.0,22.0,22.0,21.0,22.0,23.0,21.0,10.0,hold,0,0,14.8036
1788791637.1906,2026-09-07 16:33:57.190,5,b2,1,0,-0.03664,-0.48922,0.03982,-6.1198,12.6455,-17.591,-0.1244,-0.0532,-0.1389,3.33777,23.0,41.0,30.0,23.0,40.0,34.0,28.0,21.0,39.0,31.0,25.0,20.0,30.0,25.0,25.0,21.0,26.0,23.0,21.0,21.0,21.0,22.0,20.0,20.0,21.0,22.0,21.0,21.0,22.0,22.0,20.0,21.0,22.0,22.0,21.0,22.0,23.0,21.0,10.0,hold,0,0,14.788
1788791637.2406,2026-09-07 16:33:57.240,5,b2,1,0,-0.03666,-0.48921,0.03981,-5.3516,12.0587,-17.6278,-0.1124,-0.0356,-0.1258,3.34658,23.0,40.0,31.0,22.0,40.0,33.0,28.0,21.0,40.0,32.0,26.0,20.0,29.0,26.0,25.0,22.0,26.0,23.0,21.0,21.0,21.0,22.0,20.0,20.0,21.0,22.0,21.0,21.0,22.0,22.0,20.0,21.0,22.0,22.0,21.0,22.0,23.0,21.0,10.0,hold,0,0,14.7096
1788791637.2907,2026-09-07 16:33:57.290,5,b2,1,0,-0.03665,-0.48921,0.0398,-6.1306,12.4087,-17.6267,-0.12,-0.051,-0.1342,3.34482,23.0,40.0,31.0,22.0,40.0,33.0,28.0,21.0,40.0,32.0,26.0,20.0,29.0,26.0,25.0,22.0,26.0,23.0,21.0,21.0,21.0,22.0,20.0,20.0,21.0,22.0,21.0,21.0,22.0,22.0,20.0,21.0,22.0,22.0,21.0,22.0,23.0,21.0,10.0,hold,0,0,14.7252
1788791637.3408,2026-09-07 16:33:57.340,5,b2,1,0,-0.03666,-0.48921,0.03982,-5.6503,12.7651,-17.6367,-0.1305,-0.0414,-0.1313,3.35187,22.0,41.0,30.0,22.0,41.0,34.0,28.0,24.0,39.0,31.0,26.0,22.0,28.0,25.0,24.0,23.0,24.0,24.0,23.0,21.0,21.0,22.0,20.0,20.0,21.0,22.0,21.0,21.0,22.0,22.0,20.0,21.0,22.0,22.0,21.0,22.0,23.0,21.0,10.0,hold,0,0,14.6625
1788791637.3909,2026-09-07 16:33:57.390,5,b2,1,0,-0.03665,-0.48921,0.03981,-5.9356,12.4021,-17.6093,-0.1209,-0.0508,-0.1434,3.34003,24.0,41.0,31.0,23.0,39.0,34.0,28.0,24.0,38.0,30.0,26.0,22.0,28.0,24.0,24.0,20.0,24.0,23.0,22.0,21.0,21.0,22.0,20.0,20.0,21.0,22.0,21.0,21.0,22.0,22.0,20.0,21.0,22.0,22.0,21.0,22.0,23.0,21.0,10.0,hold,0,0,14.7678
1788791637.441,2026-09-07 16:33:57.441,5,b2,1,0,-0.03663,-0.48922,0.03981,-5.4452,12.3273,-17.7305,-0.1209,-0.0367,-0.1328,3.35086,24.0,41.0,31.0,23.0,39.0,34.0,28.0,24.0,38.0,30.0,26.0,22.0,28.0,24.0,24.0,20.0,24.0,23.0,22.0,21.0,21.0,22.0,20.0,20.0,21.0,22.0,21.0,21.0,22.0,22.0,20.0,21.0,22.0,22.0,21.0,22.0,23.0,21.0,10.0,hold,0,0,14.6715
1788791637.4911,2026-09-07 16:33:57.491,5,b2,1,0,-0.03666,-0.48921,0.03982,-5.7932,12.12,-17.8962,-0.1148,-0.0449,-0.1374,3.35338,23.0,40.0,30.0,22.0,38.0,33.0,30.0,23.0,38.0,30.0,26.0,21.0,28.0,25.0,23.0,23.0,24.0,22.0,23.0,21.0,21.0,22.0,20.0,20.0,21.0,22.0,21.0,21.0,22.0,22.0,20.0,21.0,22.0,22.0,21.0,22.0,23.0,21.0,10.0,hold,0,0,14.6491
1788791637.5413,2026-09-07 16:33:57.541,5,b2,1,0,-0.03666,-0.48922,0.03981,-5.6848,12.1535,-17.7515,-0.1146,-0.0414,-0.1415,3.34985,23.0,40.0,30.0,22.0,38.0,33.0,30.0,23.0,38.0,30.0,26.0,21.0,28.0,25.0,23.0,23.0,24.0,22.0,23.0,21.0,21.0,22.0,20.0,20.0,21.0,22.0,21.0,21.0,22.0,22.0,20.0,21.0,22.0,22.0,21.0,22.0,23.0,21.0,10.0,hold,0,0,14.6804
1788791637.5915,2026-09-07 16:33:57.591,5,b2,1,0,-0.03665,-0.4892,0.0398,-5.7103,12.5111,-17.7453,-0.1248,-0.0421,-0.1367,3.3564,23.0,38.0,30.0,23.0,38.0,33.0,28.0,24.0,37.0,31.0,25.0,23.0,27.0,26.0,23.0,23.0,26.0,23.0,22.0,21.0,21.0,22.0,20.0,20.0,21.0,22.0,21.0,21.0,22.0,22.0,20.0,21.0,22.0,22.0,21.0,22.0,23.0,21.0,10.0,hold,0,0,14.6222
1788791637.6415,2026-09-07 16:33:57.641,5,b2,1,0,-0.03663,-0.48921,0.03981,-5.2428,11.8318,-17.7552,-0.1078,-0.032,-0.1306,3.35312,24.0,39.0,31.0,25.0,38.0,35.0,29.0,21.0,39.0,30.0,24.0,20.0,28.0,25.0,23.0,21.0,24.0,22.0,21.0,21.0,21.0,22.0,20.0,20.0,21.0,22.0,21.0,21.0,22.0,22.0,20.0,21.0,22.0,22.0,21.0,22.0,23.0,21.0,10.0,hold,0,0,14.6513
1788791637.6916,2026-09-07 16:33:57.691,5,b2,1,0,-0.03665,-0.48922,0.03982,-5.5538,12.3447,-17.7197,-0.1196,-0.0378,-0.1364,3.35312,24.0,39.0,31.0,25.0,38.0,35.0,29.0,21.0,39.0,30.0,24.0,20.0,28.0,25.0,23.0,21.0,24.0,22.0,21.0,21.0,21.0,22.0,20.0,20.0,21.0,22.0,21.0,21.0,22.0,22.0,20.0,21.0,22.0,22.0,21.0,22.0,23.0,21.0,10.0,hold,0,0,14.6513
1788791637.7417,2026-09-07 16:33:57.741,5,b2,1,0,-0.03664,-0.48923,0.03983,-5.7588,12.1808,-17.8245,-0.1153,-0.0473,-0.1356,3.3569,24.0,40.0,31.0,22.0,38.0,35.0,27.0,23.0,40.0,32.0,25.0,22.0,29.0,26.0,24.0,21.0,25.0,23.0,21.0,21.0,21.0,22.0,20.0,20.0,21.0,22.0,21.0,21.0,22.0,22.0,20.0,21.0,22.0,22.0,21.0,22.0,23.0,21.0,10.0,hold,0,0,14.6177
1788791637.7918,2026-09-07 16:33:57.791,5,b2,1,0,-0.03665,-0.48922,0.03982,-5.3723,12.0678,-17.841,-0.113,-0.0332,-0.1361,3.35615,24.0,40.0,31.0,22.0,38.0,35.0,27.0,23.0,40.0,32.0,25.0,22.0,29.0,26.0,24.0,21.0,25.0,23.0,21.0,21.0,21.0,22.0,20.0,20.0,21.0,22.0,21.0,21.0,22.0,22.0,20.0,21.0,22.0,22.0,21.0,22.0,23.0,21.0,10.0,hold,0,0,14.6245
1788791637.8419,2026-09-07 16:33:57.841,5,b2,1,0,-0.03663,-0.48923,0.03983,-6.1567,12.5576,-17.8563,-0.123,-0.0541,-0.1384,3.36294,22.0,42.0,31.0,23.0,40.0,37.0,28.0,22.0,38.0,30.0,25.0,20.0,28.0,24.0,23.0,20.0,24.0,22.0,21.0,21.0,21.0,22.0,20.0,20.0,21.0,22.0,21.0,21.0,22.0,22.0,20.0,21.0,22.0,22.0,21.0,22.0,23.0,21.0,10.0,hold,0,0,14.564
1788791637.8921,2026-09-07 16:33:57.892,5,b2,1,0,-0.03663,-0.48921,0.03982,-5.8771,12.378,-17.7125,-0.1219,-0.0484,-0.137,3.35791,22.0,42.0,31.0,23.0,40.0,37.0,28.0,22.0,38.0,30.0,25.0,20.0,28.0,24.0,23.0,20.0,24.0,22.0,21.0,21.0,21.0,22.0,20.0,20.0,21.0,22.0,21.0,21.0,22.0,22.0,20.0,21.0,22.0,22.0,21.0,22.0,23.0,21.0,10.0,hold,0,0,14.6088
1788791637.9422,2026-09-07 16:33:57.942,5,b2,1,0,-0.03667,-0.48921,0.03983,-5.5947,12.3245,-17.8433,-0.123,-0.0429,-0.1385,3.36294,21.0,41.0,31.0,21.0,39.0,34.0,28.0,22.0,41.0,31.0,24.0,20.0,29.0,27.0,23.0,21.0,26.0,24.0,22.0,21.0,21.0,22.0,20.0,20.0,21.0,22.0,21.0,21.0,22.0,22.0,20.0,21.0,22.0,22.0,21.0,22.0,23.0,21.0,10.0,hold,0,0,14.564
1788791637.9923,2026-09-07 16:33:57.992,5,b2,1,0,-0.03664,-0.4892,0.0398,-5.8711,12.3681,-17.708,-0.1175,-0.0469,-0.1341,3.36017,23.0,41.0,30.0,21.0,40.0,35.0,28.0,23.0,38.0,31.0,25.0,21.0,28.0,26.0,23.0,19.0,26.0,23.0,20.0,21.0,21.0,22.0,20.0,20.0,21.0,22.0,21.0,21.0,22.0,22.0,20.0,21.0,22.0,22.0,21.0,22.0,23.0,21.0,10.0,hold,0,0,14.5886
1788791638.0424,2026-09-07 16:33:58.042,5,b2,1,0,-0.03665,-0.48921,0.03982,-5.5001,12.5901,-17.8596,-0.1289,-0.0391,-0.1347,3.36118,23.0,41.0,30.0,21.0,40.0,35.0,28.0,23.0,38.0,31.0,25.0,21.0,28.0,26.0,23.0,19.0,26.0,23.0,20.0,21.0,21.0,22.0,20.0,20.0,21.0,22.0,21.0,21.0,22.0,22.0,20.0,21.0,22.0,22.0,21.0,22.0,23.0,21.0,10.0,hold,0,0,14.5797
1788791638.0925,2026-09-07 16:33:58.092,5,b2,1,0,-0.03666,-0.48922,0.03983,-5.3642,12.2046,-17.9173,-0.1151,-0.0364,-0.1294,3.36294,23.0,39.0,31.0,22.0,39.0,34.0,27.0,22.0,37.0,30.0,23.0,20.0,27.0,25.0,23.0,21.0,25.0,22.0,22.0,21.0,21.0,22.0,20.0,20.0,21.0,22.0,21.0,21.0,22.0,22.0,20.0,21.0,22.0,22.0,21.0,22.0,23.0,21.0,10.0,hold,0,0,14.564
1788791638.1426,2026-09-07 16:33:58.142,5,b2,1,0,-0.03665,-0.48923,0.03983,-5.4084,12.1609,-17.7977,-0.1189,-0.0345,-0.137,3.36294,23.0,39.0,31.0,22.0,39.0,34.0,27.0,22.0,37.0,30.0,23.0,20.0,27.0,25.0,23.0,21.0,25.0,22.0,22.0,21.0,21.0,22.0,20.0,20.0,21.0,22.0,21.0,21.0,22.0,22.0,20.0,21.0,22.0,22.0,21.0,22.0,23.0,21.0,10.0,hold,0,0,14.564
1788791638.1927,2026-09-07 16:33:58.192,5,b2,1,0,-0.03665,-0.48922,0.03982,-5.3426,12.0732,-17.8378,-0.1142,-0.0363,-0.1354,3.36722,24.0,41.0,29.0,22.0,39.0,33.0,27.0,20.0,39.0,31.0,25.0,19.0,29.0,26.0,24.0,20.0,25.0,22.0,20.0,21.0,21.0,22.0,20.0,20.0,21.0,22.0,21.0,21.0,22.0,22.0,20.0,21.0,22.0,22.0,21.0,22.0,23.0,21.0,10.0,hold,0,0,14.5259
1788791638.2429,2026-09-07 16:33:58.242,5,b2,1,0,-0.03664,-0.48922,0.03981,-5.5386,12.2426,-17.8463,-0.1169,-0.0375,-0.1345,3.36672,23.0,41.0,30.0,20.0,40.0,35.0,27.0,24.0,39.0,31.0,24.0,22.0,29.0,26.0,24.0,23.0,26.0,23.0,23.0,21.0,21.0,22.0,20.0,20.0,21.0,22.0,21.0,21.0,22.0,22.0,20.0,21.0,22.0,22.0,21.0,22.0,23.0,21.0,10.0,hold,0,0,14.5304
1788791638.293,2026-09-07 16:33:58.293,5,b2,1,0,-0.03665,-0.48921,0.03981,-5.6903,12.4074,-17.994,-0.1181,-0.0402,-0.1388,3.36219,23.0,41.0,30.0,20.0,40.0,35.0,27.0,24.0,39.0,31.0,24.0,22.0,29.0,26.0,24.0,23.0,26.0,23.0,23.0,21.0,21.0,22.0,20.0,20.0,21.0,22.0,21.0,21.0,22.0,22.0,20.0,21.0,22.0,22.0,21.0,22.0,23.0,21.0,10.0,hold,0,0,14.5707
1788791638.3431,2026-09-07 16:33:58.343,5,b2,1,0,-0.03666,-0.48922,0.03982,-5.1574,12.0107,-17.9304,-0.1089,-0.029,-0.1307,3.36924,23.0,40.0,31.0,23.0,39.0,35.0,27.0,23.0,39.0,31.0,26.0,21.0,28.0,25.0,24.0,21.0,24.0,23.0,22.0,21.0,21.0,22.0,20.0,20.0,21.0,22.0,21.0,21.0,22.0,22.0,20.0,21.0,22.0,22.0,21.0,22.0,23.0,21.0,10.0,hold,0,0,14.508
1788791638.3933,2026-09-07 16:33:58.393,5,b2,1,0,-0.03665,-0.48922,0.03982,-5.6235,12.0691,-17.9574,-0.1124,-0.0419,-0.1382,3.35917,23.0,40.0,31.0,23.0,39.0,35.0,27.0,23.0,39.0,31.0,26.0,21.0,28.0,25.0,24.0,21.0,24.0,23.0,22.0,21.0,21.0,22.0,20.0,20.0,21.0,22.0,21.0,21.0,22.0,22.0,20.0,21.0,22.0,22.0,21.0,22.0,23.0,21.0,10.0,hold,0,0,14.5976
1788791638.4434,2026-09-07 16:33:58.443,5,b2,1,0,-0.03664,-0.48921,0.03981,-5.6243,12.0845,-17.8497,-0.1132,-0.0398,-0.143,3.36722,23.0,41.0,31.0,23.0,41.0,35.0,28.0,22.0,39.0,30.0,27.0,21.0,29.0,25.0,24.0,23.0,26.0,23.0,23.0,21.0,21.0,22.0,20.0,20.0,21.0,22.0,21.0,21.0,22.0,22.0,20.0,21.0,22.0,22.0,21.0,22.0,23.0,21.0,10.0,hold,0,0,14.5259
1788791638.4935,2026-09-07 16:33:58.493,5,b2,1,0,-0.03664,-0.48921,0.03981,-5.7669,12.2827,-17.8287,-0.1189,-0.0455,-0.1377,3.36118,25.0,42.0,30.0,23.0,40.0,34.0,28.0,21.0,38.0,31.0,25.0,19.0,29.0,25.0,23.0,20.0,23.0,23.0,19.0,21.0,21.0,22.0,20.0,20.0,21.0,22.0,21.0,21.0,22.0,22.0,20.0,21.0,22.0,22.0,21.0,22.0,23.0,21.0,10.0,hold,0,0,14.5797
1788791638.5436,2026-09-07 16:33:58.543,5,b2,1,0,-0.03664,-0.48922,0.03983,-5.6764,12.2226,-17.9117,-0.1188,-0.0413,-0.1406,3.37125,25.0,42.0,30.0,23.0,40.0,34.0,28.0,21.0,38.0,31.0,25.0,19.0,29.0,25.0,23.0,20.0,23.0,23.0,19.0,21.0,21.0,22.0,20.0,20.0,21.0,22.0,21.0,21.0,22.0,22.0,20.0,21.0,22.0,22.0,21.0,22.0,23.0,21.0,10.0,hold,0,0,14.4901
1788791638.5937,2026-09-07 16:33:58.593,5,b2,1,0,-0.03666,-0.48922,0.03981,-5.7745,11.9262,-17.7298,-0.1128,-0.0436,-0.1451,3.3715,23.0,39.0,31.0,21.0,39.0,34.0,27.0,22.0,39.0,30.0,25.0,20.0,29.0,25.0,24.0,21.0,26.0,24.0,21.0,21.0,21.0,22.0,20.0,20.0,21.0,22.0,21.0,21.0,22.0,22.0,20.0,21.0,22.0,22.0,21.0,22.0,23.0,21.0,10.0,hold,0,0,14.4878
1788791638.6439,2026-09-07 16:33:58.643,5,b2,1,0,-0.03663,-0.48922,0.03982,-5.7689,12.3289,-17.7475,-0.1199,-0.0412,-0.1407,3.37578,23.0,39.0,31.0,21.0,39.0,34.0,27.0,22.0,39.0,30.0,25.0,20.0,29.0,25.0,24.0,21.0,26.0,24.0,21.0,21.0,21.0,22.0,20.0,20.0,21.0,22.0,21.0,21.0,22.0,22.0,20.0,21.0,22.0,22.0,21.0,22.0,23.0,21.0,10.0,hold,0,0,14.4497
1788791638.694,2026-09-07 16:33:58.694,5,b2,1,0,-0.03665,-0.48923,0.03982,-5.756,12.091,-17.6501,-0.1155,-0.0457,-0.1442,3.36521,24.0,40.0,30.0,21.0,39.0,35.0,29.0,24.0,39.0,32.0,25.0,23.0,29.0,26.0,24.0,23.0,26.0,22.0,23.0,21.0,21.0,22.0,20.0,20.0,21.0,22.0,21.0,21.0,22.0,22.0,20.0,21.0,22.0,22.0,21.0,22.0,23.0,21.0,10.0,hold,0,0,14.5438
1788791638.7442,2026-09-07 16:33:58.744,5,b2,1,0,-0.03664,-0.48921,0.03982,-5.9677,12.3468,-17.705,-0.1228,-0.0491,-0.1421,3.36949,25.0,41.0,32.0,24.0,40.0,36.0,28.0,21.0,38.0,30.0,26.0,20.0,28.0,25.0,24.0,20.0,24.0,23.0,21.0,21.0,21.0,22.0,20.0,20.0,21.0,22.0,21.0,21.0,22.0,22.0,20.0,21.0,22.0,22.0,21.0,22.0,23.0,21.0,10.0,hold,0,0,14.5057
1788791638.7943,2026-09-07 16:33:58.794,5,b2,1,0,-0.03665,-0.48921,0.03982,-5.7055,12.5332,-17.8533,-0.1251,-0.0425,-0.1431,3.37503,25.0,41.0,32.0,24.0,40.0,36.0,28.0,21.0,38.0,30.0,26.0,20.0,28.0,25.0,24.0,20.0,24.0,23.0,21.0,21.0,21.0,22.0,20.0,20.0,21.0,22.0,21.0,21.0,22.0,22.0,20.0,21.0,22.0,22.0,21.0,22.0,23.0,21.0,10.0,hold,0,0,14.4565
1788791638.8445,2026-09-07 16:33:58.844,5,b2,1,0,-0.03665,-0.48922,0.03981,-5.4948,12.0169,-17.8795,-0.1173,-0.0367,-0.1414,3.37654,24.0,40.0,30.0,21.0,38.0,34.0,28.0,23.0,40.0,30.0,26.0,21.0,29.0,25.0,24.0,21.0,25.0,22.0,22.0,21.0,21.0,22.0,20.0,20.0,21.0,22.0,21.0,21.0,22.0,22.0,20.0,21.0,22.0,22.0,21.0,22.0,23.0,21.0,10.0,hold,0,0,14.443
1788791638.8945,2026-09-07 16:33:58.894,5,b2,1,0,-0.03664,-0.48922,0.03982,-5.4881,12.2627,-17.9687,-0.1177,-0.0362,-0.1417,3.36924,24.0,40.0,30.0,21.0,38.0,34.0,28.0,23.0,40.0,30.0,26.0,21.0,29.0,25.0,24.0,21.0,25.0,22.0,22.0,21.0,21.0,22.0,20.0,20.0,21.0,22.0,21.0,21.0,22.0,22.0,20.0,21.0,22.0,22.0,21.0,22.0,23.0,21.0,10.0,hold,0,0,14.508
1788791638.9446,2026-09-07 16:33:58.944,5,b2,1,0,-0.03667,-0.48922,0.03983,-5.4084,12.1372,-17.9448,-0.1189,-0.0324,-0.142,3.37729,24.0,41.0,32.0,23.0,39.0,34.0,28.0,21.0,38.0,31.0,26.0,20.0,29.0,26.0,24.0,20.0,24.0,24.0,22.0,21.0,21.0,22.0,20.0,20.0,21.0,22.0,21.0,21.0,22.0,22.0,20.0,21.0,22.0,22.0,21.0,22.0,23.0,21.0,10.0,hold,0,0,14.4363
1788791638.9947,2026-09-07 16:33:58.994,5,b2,1,0,-0.03666,-0.48922,0.03982,-5.6122,12.0248,-18.019,-0.1109,-0.0406,-0.1402,3.36798,24.0,41.0,32.0,23.0,39.0,34.0,28.0,21.0,38.0,31.0,26.0,20.0,29.0,26.0,24.0,20.0,24.0,24.0,22.0,21.0,21.0,22.0,20.0,20.0,21.0,22.0,21.0,21.0,22.0,22.0,20.0,21.0,22.0,22.0,21.0,22.0,23.0,21.0,10.0,hold,0,0,14.5192
1788791639.0448,2026-09-07 16:33:59.044,5,b2,1,0,-0.03664,-0.48922,0.03982,-5.5232,12.3095,-17.7783,-0.1203,-0.038,-0.145,3.37528,22.0,39.0,32.0,21.0,38.0,34.0,27.0,22.0,39.0,30.0,24.0,20.0,29.0,25.0,23.0,22.0,24.0,21.0,22.0,21.0,21.0,22.0,20.0,20.0,21.0,22.0,21.0,21.0,22.0,22.0,20.0,21.0,22.0,22.0,21.0,22.0,23.0,21.0,10.0,hold,0,0,14.4542
1788791639.0949,2026-09-07 16:33:59.094,5,b2,1,0,-0.03664,-0.48922,0.03981,-5.513,12.258,-17.8577,-0.1184,-0.0336,-0.1423,3.37352,23.0,41.0,30.0,22.0,39.0,34.0,27.0,21.0,38.0,30.0,25.0,21.0,29.0,25.0,24.0,22.0,25.0,23.0,20.0,21.0,21.0,22.0,20.0,20.0,21.0,22.0,21.0,21.0,22.0,22.0,20.0,21.0,22.0,22.0,21.0,22.0,23.0,21.0,10.0,hold,0,0,14.4699
1788791639.1451,2026-09-07 16:33:59.145,5,b2,1,0,-0.03666,-0.48923,0.03983,-5.4256,12.1114,-17.8058,-0.1128,-0.0373,-0.1428,3.36873,23.0,41.0,30.0,22.0,39.0,34.0,27.0,21.0,38.0,30.0,25.0,21.0,29.0,25.0,24.0,22.0,25.0,23.0,20.0,21.0,21.0,22.0,20.0,20.0,21.0,22.0,21.0,21.0,22.0,22.0,20.0,21.0,22.0,22.0,21.0,22.0,23.0,21.0,10.0,hold,0,0,14.5125
1788791639.1952,2026-09-07 16:33:59.195,5,b2,1,0,-0.03664,-0.48921,0.03982,-5.4316,12.0727,-17.8342,-0.114,-0.0367,-0.1321,3.37805,22.0,40.0,31.0,23.0,40.0,35.0,29.0,23.0,38.0,30.0,25.0,21.0,29.0,25.0,23.0,22.0,25.0,23.0,24.0,21.0,21.0,22.0,20.0,20.0,21.0,22.0,21.0,21.0,22.0,22.0,20.0,21.0,22.0,22.0,21.0,22.0,23.0,21.0,10.0,hold,0,0,14.4296
1788791639.2453,2026-09-07 16:33:59.245,5,b2,1,0,-0.03665,-0.48922,0.03982,-5.5893,12.1365,-17.6816,-0.1159,-0.0402,-0.1415,3.36722,22.0,40.0,31.0,23.0,40.0,35.0,29.0,23.0,38.0,30.0,25.0,21.0,29.0,25.0,23.0,22.0,25.0,23.0,24.0,21.0,21.0,22.0,20.0,20.0,21.0,22.0,21.0,21.0,22.0,22.0,20.0,21.0,22.0,22.0,21.0,22.0,23.0,21.0,10.0,hold,0,0,14.5259
1788791639.2955,2026-09-07 16:33:59.295,5,b2,1,0,-0.03665,-0.48922,0.03983,-5.8054,12.2291,-17.6894,-0.1165,-0.0454,-0.1467,3.37906,24.0,39.0,31.0,23.0,38.0,33.0,27.0,22.0,40.0,31.0,26.0,21.0,29.0,26.0,25.0,22.0,26.0,24.0,22.0,21.0,21.0,22.0,20.0,20.0,21.0,22.0,21.0,21.0,22.0,22.0,20.0,21.0,22.0,22.0,21.0,22.0,23.0,21.0,10.0,hold,0,0,14.4206
1788791639.3456,2026-09-07 16:33:59.345,5,b2,1,0,-0.03665,-0.48922,0.03983,-5.6624,11.9792,-17.6486,-0.1118,-0.0376,-0.147,3.37201,25.0,41.0,32.0,24.0,38.0,35.0,28.0,23.0,40.0,29.0,25.0,22.0,29.0,25.0,25.0,24.0,24.0,22.0,24.0,21.0,21.0,22.0,20.0,20.0,21.0,22.0,21.0,21.0,22.0,22.0,20.0,21.0,22.0,22.0,21.0,22.0,23.0,21.0,10.0,hold,0,0,14.4833
1788791639.3958,2026-09-07 16:33:59.395,5,b2,1,0,-0.03665,-0.48922,0.03981,-5.8601,12.1179,-17.7415,-0.1164,-0.0459,-0.1479,3.38132,25.0,41.0,32.0,24.0,38.0,35.0,28.0,23.0,40.0,29.0,25.0,22.0,29.0,25.0,25.0,24.0,24.0,22.0,24.0,21.0,21.0,22.0,20.0,20.0,21.0,22.0,21.0,21.0,22.0,22.0,20.0,21.0,22.0,22.0,21.0,22.0,23.0,21.0,10.0,hold,0,0,14.4005
1788791639.4459,2026-09-07 16:33:59.445,5,b2,1,0,-0.03666,-0.48921,0.03982,-5.8039,12.5479,-17.6452,-0.1251,-0.0437,-0.142,3.37755,26.0,42.0,30.0,23.0,39.0,34.0,28.0,21.0,38.0,31.0,26.0,19.0,27.0,26.0,24.0,20.0,25.0,22.0,21.0,21.0,21.0,22.0,20.0,20.0,21.0,22.0,21.0,21.0,22.0,22.0,20.0,21.0,22.0,22.0,21.0,22.0,23.0,21.0,10.0,hold,0,0,14.4341
1788791639.4962,2026-09-07 16:33:59.496,5,b2,1,0,-0.03667,-0.48921,0.03981,-5.8738,12.1529,-17.8592,-0.116,-0.0482,-0.1488,3.37176,26.0,42.0,30.0,23.0,39.0,34.0,28.0,21.0,38.0,31.0,26.0,19.0,27.0,26.0,24.0,20.0,25.0,22.0,21.0,21.0,21.0,22.0,20.0,20.0,21.0,22.0,21.0,21.0,22.0,22.0,20.0,21.0,22.0,22.0,21.0,22.0,23.0,21.0,10.0,hold,0,0,14.4856
1788791639.5463,2026-09-07 16:33:59.546,5,b2,1,0,-0.03663,-0.48921,0.03981,-5.627,11.861,-17.8146,-0.1095,-0.038,-0.1439,3.37679,23.0,40.0,32.0,22.0,39.0,35.0,27.0,23.0,41.0,32.0,25.0,23.0,29.0,26.0,24.0,23.0,25.0,22.0,22.0,21.0,21.0,22.0,20.0,20.0,21.0,22.0,21.0,21.0,22.0,22.0,20.0,21.0,22.0,22.0,21.0,22.0,23.0,21.0,10.0,hold,0,0,14.4408
1788791639.5964,2026-09-07 16:33:59.596,5,b2,1,0,-0.03665,-0.48923,0.03983,-5.5876,11.8758,-17.7569,-0.1103,-0.0396,-0.1397,3.37402,25.0,43.0,32.0,24.0,41.0,35.0,28.0,23.0,38.0,31.0,25.0,22.0,27.0,26.0,24.0,22.0,26.0,22.0,23.0,21.0,21.0,22.0,20.0,20.0,21.0,22.0,21.0,21.0,22.0,22.0,20.0,21.0,22.0,22.0,21.0,22.0,23.0,21.0,10.0,hold,0,0,14.4654
1788791639.6466,2026-09-07 16:33:59.646,5,b2,1,0,-0.03664,-0.48923,0.03984,-5.8647,12.16,-17.7188,-0.1175,-0.0425,-0.1519,3.37075,25.0,43.0,32.0,24.0,41.0,35.0,28.0,23.0,38.0,31.0,25.0,22.0,27.0,26.0,24.0,22.0,26.0,22.0,23.0,21.0,21.0,22.0,20.0,20.0,21.0,22.0,21.0,21.0,22.0,22.0,20.0,21.0,22.0,22.0,21.0,22.0,23.0,21.0,10.0,hold,0,0,14.4945
1788791639.6967,2026-09-07 16:33:59.696,5,b2,1,0,-0.03664,-0.48923,0.03983,-5.7188,12.3019,-17.5962,-0.1202,-0.0452,-0.1492,3.38107,24.0,41.0,31.0,24.0,37.0,36.0,27.0,23.0,40.0,30.0,24.0,22.0,29.0,25.0,24.0,22.0,24.0,23.0,23.0,21.0,21.0,22.0,20.0,20.0,21.0,22.0,21.0,21.0,22.0,22.0,20.0,21.0,22.0,22.0,21.0,22.0,23.0,21.0,10.0,hold,0,0,14.4027
1788791639.7469,2026-09-07 16:33:59.746,5,b2,1,0,-0.03664,-0.48921,0.03981,-5.9356,12.5371,-17.5781,-0.1249,-0.0471,-0.1471,3.37553,24.0,41.0,31.0,24.0,37.0,36.0,27.0,23.0,40.0,30.0,24.0,22.0,29.0,25.0,24.0,22.0,24.0,23.0,23.0,21.0,21.0,22.0,20.0,20.0,21.0,22.0,21.0,21.0,22.0,22.0,20.0,21.0,22.0,22.0,21.0,22.0,23.0,21.0,10.0,hold,0,0,14.452
1788791639.797,2026-09-07 16:33:59.796,5,b2,1,0,-0.03665,-0.48921,0.03982,-5.6293,11.9868,-17.5695,-0.1102,-0.0392,-0.1493,3.37855,27.0,42.0,31.0,24.0,40.0,35.0,28.0,22.0,40.0,31.0,27.0,20.0,29.0,26.0,26.0,24.0,26.0,24.0,23.0,21.0,21.0,22.0,20.0,20.0,21.0,22.0,21.0,21.0,22.0,22.0,20.0,21.0,22.0,22.0,21.0,22.0,23.0,21.0,10.0,hold,0,0,14.4251
1788791639.8471,2026-09-07 16:33:59.847,5,b2,1,0,-0.03666,-0.48921,0.03981,-5.8253,12.0751,-17.6408,-0.1144,-0.0442,-0.1461,3.37453,23.0,40.0,31.0,23.0,39.0,35.0,30.0,22.0,39.0,31.0,25.0,21.0,29.0,25.0,24.0,22.0,26.0,23.0,23.0,21.0,21.0,22.0,20.0,20.0,21.0,22.0,21.0,21.0,22.0,22.0,20.0,21.0,22.0,22.0,21.0,22.0,23.0,21.0,10.0,hold,0,0,14.4609
1788791639.8972,2026-09-07 16:33:59.897,5,b2,1,0,-0.03666,-0.48921,0.03981,-5.8106,12.06,-17.5725,-0.1146,-0.0462,-0.1521,3.38032,23.0,40.0,31.0,23.0,39.0,35.0,30.0,22.0,39.0,31.0,25.0,21.0,29.0,25.0,24.0,22.0,26.0,23.0,23.0,21.0,21.0,22.0,20.0,20.0,21.0,22.0,21.0,21.0,22.0,22.0,20.0,21.0,22.0,22.0,21.0,22.0,23.0,21.0,10.0,hold,0,0,14.4094
1788791639.9473,2026-09-07 16:33:59.947,5,b2,1,0,-0.03663,-0.48921,0.03981,-5.7372,12.0837,-17.8184,-0.1125,-0.0416,-0.1516,3.38283,23.0,42.0,31.0,23.0,40.0,35.0,29.0,22.0,40.0,31.0,27.0,20.0,29.0,26.0,24.0,20.0,25.0,24.0,22.0,21.0,21.0,22.0,20.0,20.0,21.0,22.0,21.0,21.0,22.0,22.0,20.0,21.0,22.0,22.0,21.0,22.0,23.0,21.0,10.0,hold,0,0,14.387
1788791639.9974,2026-09-07 16:33:59.997,5,b2,1,0,-0.03665,-0.48923,0.03983,-5.7662,12.1509,-17.7258,-0.1163,-0.0431,-0.1478,3.37528,23.0,42.0,31.0,23.0,40.0,35.0,29.0,22.0,40.0,31.0,27.0,20.0,29.0,26.0,24.0,20.0,25.0,24.0,22.0,21.0,21.0,22.0,20.0,20.0,21.0,22.0,21.0,21.0,22.0,22.0,20.0,21.0,22.0,22.0,21.0,22.0,23.0,21.0,10.0,hold,0,0,14.4542
1788791640.0475,2026-09-07 16:34:00.047,5,b2,1,0,-0.03666,-0.4892,0.0398,-5.7717,12.2301,-17.5163,-0.1187,-0.0446,-0.1446,3.38258,23.0,41.0,30.0,22.0,39.0,35.0,28.0,23.0,39.0,30.0,25.0,22.0,29.0,25.0,24.0,22.0,24.0,23.0,21.0,21.0,21.0,22.0,20.0,20.0,21.0,22.0,21.0,21.0,22.0,22.0,20.0,21.0,22.0,22.0,21.0,22.0,23.0,21.0,10.0,hold,0,0,14.3893
1788791640.0976,2026-09-07 16:34:00.097,5,b2,1,0,-0.03664,-0.48922,0.03982,-5.8483,11.6786,-17.7451,-0.1072,-0.0457,-0.1476,3.38233,23.0,41.0,30.0,22.0,39.0,35.0,28.0,23.0,39.0,30.0,25.0,22.0,29.0,25.0,24.0,22.0,24.0,23.0,21.0,21.0,21.0,22.0,20.0,20.0,21.0,22.0,21.0,21.0,22.0,22.0,20.0,21.0,22.0,22.0,21.0,22.0,23.0,21.0,10.0,hold,0,0,14.3915
1788791640.1478,2026-09-07 16:34:00.147,5,b2,1,0,-0.03665,-0.48922,0.03982,-5.9579,12.5919,-17.7186,-0.1251,-0.0486,-0.149,3.37226,24.0,41.0,30.0,23.0,41.0,34.0,27.0,22.0,40.0,29.0,25.0,22.0,29.0,25.0,23.0,22.0,25.0,22.0,22.0,21.0,21.0,22.0,20.0,20.0,21.0,22.0,21.0,21.0,22.0,22.0,20.0,21.0,22.0,22.0,21.0,22.0,23.0,21.0,10.0,hold,0,0,14.4811
1788791640.1979,2026-09-07 16:34:00.197,5,b2,1,0,-0.03665,-0.48922,0.03982,-5.755,12.013,-17.6865,-0.1094,-0.0454,-0.1518,3.37805,23.0,41.0,32.0,24.0,39.0,34.0,27.0,21.0,40.0,29.0,26.0,21.0,30.0,24.0,26.0,21.0,23.0,23.0,24.0,21.0,21.0,22.0,20.0,20.0,21.0,22.0,21.0,21.0,22.0,22.0,20.0,21.0,22.0,22.0,21.0,22.0,23.0,21.0,10.0,hold,0,0,14.4296
1788791640.248,2026-09-07 16:34:00.248,5,b2,1,0,-0.03665,-0.48923,0.03984,-5.7603,12.4684,-17.894,-0.1222,-0.045,-0.149,3.38082,23.0,41.0,32.0,24.0,39.0,34.0,27.0,21.0,40.0,29.0,26.0,21.0,30.0,24.0,26.0,21.0,23.0,23.0,24.0,21.0,21.0,22.0,20.0,20.0,21.0,22.0,21.0,21.0,22.0,22.0,20.0,21.0,22.0,22.0,21.0,22.0,23.0,21.0,10.0,hold,0,0,14.4049
1788791640.2982,2026-09-07 16:34:00.298,5,b2,1,0,-0.03664,-0.48922,0.03981,-5.4649,12.2343,-17.9688,-0.1171,-0.038,-0.1348,3.37553,24.0,42.0,29.0,22.0,40.0,33.0,28.0,22.0,38.0,30.0,25.0,21.0,29.0,25.0,25.0,21.0,24.0,22.0,22.0,21.0,21.0,22.0,20.0,20.0,21.0,22.0,21.0,21.0,22.0,22.0,20.0,21.0,22.0,22.0,21.0,22.0,23.0,21.0,10.0,hold,0,0,14.452
1788791640.3483,2026-09-07 16:34:00.348,5,b2,1,0,-0.03664,-0.48922,0.03983,-5.762,11.9164,-17.8373,-0.1083,-0.0399,-0.1486,3.38762,24.0,42.0,29.0,22.0,40.0,33.0,28.0,22.0,38.0,30.0,25.0,21.0,29.0,25.0,25.0,21.0,24.0,22.0,22.0,21.0,21.0,22.0,20.0,20.0,21.0,22.0,21.0,21.0,22.0,22.0,20.0,21.0,22.0,22.0,21.0,22.0,23.0,21.0,10.0,hold,0,0,14.3445
1788791640.3984,2026-09-07 16:34:00.398,5,b2,1,0,-0.03667,-0.48921,0.03981,-5.5371,12.1793,-17.6465,-0.1144,-0.0358,-0.1505,3.37654,23.0,41.0,30.0,22.0,39.0,34.0,28.0,21.0,40.0,30.0,26.0,20.0,30.0,25.0,24.0,20.0,24.0,22.0,19.0,21.0,21.0,22.0,20.0,20.0,21.0,22.0,21.0,21.0,22.0,22.0,20.0,21.0,22.0,22.0,21.0,22.0,23.0,21.0,10.0,hold,0,0,14.443
1788791640.4485,2026-09-07 16:34:00.448,5,b2,1,0,-0.03666,-0.48923,0.03983,-5.6644,12.2193,-17.7712,-0.1195,-0.041,-0.1481,3.38309,24.0,40.0,30.0,22.0,39.0,34.0,27.0,21.0,40.0,29.0,25.0,20.0,29.0,24.0,24.0,21.0,24.0,23.0,21.0,21.0,21.0,22.0,20.0,20.0,21.0,22.0,21.0,21.0,22.0,22.0,20.0,21.0,22.0,22.0,21.0,22.0,23.0,21.0,10.0,hold,0,0,14.3848
1788791640.4986,2026-09-07 16:34:00.498,5,b2,1,0,-0.03663,-0.48922,0.03982,-5.8572,12.3874,-17.7469,-0.121,-0.0451,-0.1456,3.38384,24.0,40.0,30.0,22.0,39.0,34.0,27.0,21.0,40.0,29.0,25.0,20.0,29.0,24.0,24.0,21.0,24.0,23.0,21.0,21.0,21.0,22.0,20.0,20.0,21.0,22.0,21.0,21.0,22.0,22.0,20.0,21.0,22.0,22.0,21.0,22.0,23.0,21.0,10.0,hold,0,0,14.3781
1788791640.5488,2026-09-07 16:34:00.548,5,b2,1,0,-0.03665,-0.48921,0.03981,-5.4584,12.1815,-17.8286,-0.1148,-0.0338,-0.1524,3.38309,22.0,42.0,29.0,22.0,40.0,33.0,28.0,23.0,39.0,30.0,24.0,21.0,29.0,25.0,23.0,22.0,24.0,22.0,24.0,21.0,21.0,22.0,20.0,20.0,21.0,22.0,21.0,21.0,22.0,22.0,20.0,21.0,22.0,22.0,21.0,22.0,23.0,21.0,10.0,hold,0,0,14.3848
1788791640.5989,2026-09-07 16:34:00.598,5,b2,1,0,-0.03665,-0.48921,0.03981,-5.7161,12.2169,-17.6789,-0.1166,-0.0419,-0.1504,3.38434,22.0,42.0,29.0,22.0,40.0,33.0,28.0,23.0,39.0,30.0,24.0,21.0,29.0,25.0,23.0,22.0,24.0,22.0,24.0,21.0,21.0,22.0,20.0,20.0,21.0,22.0,21.0,21.0,22.0,22.0,20.0,21.0,22.0,22.0,21.0,22.0,23.0,21.0,10.0,hold,0,0,14.3736
1788791640.6489,2026-09-07 16:34:00.648,5,b2,1,0,-0.03665,-0.48921,0.03982,-5.8804,12.1888,-17.6871,-0.1134,-0.0445,-0.1558,3.38233,22.0,41.0,31.0,22.0,40.0,34.0,28.0,22.0,39.0,31.0,24.0,22.0,29.0,25.0,22.0,23.0,24.0,23.0,23.0,21.0,21.0,22.0,20.0,20.0,21.0,22.0,21.0,21.0,22.0,22.0,20.0,21.0,22.0,22.0,21.0,22.0,23.0,21.0,10.0,hold,0,0,14.3915
1788791640.6991,2026-09-07 16:34:00.699,5,b2,1,0,-0.03666,-0.48922,0.03983,-5.5841,12.1106,-17.5507,-0.1141,-0.0396,-0.1492,3.38963,22.0,41.0,30.0,24.0,39.0,35.0,27.0,20.0,40.0,29.0,24.0,20.0,29.0,24.0,23.0,20.0,24.0,23.0,22.0,21.0,21.0,22.0,20.0,20.0,21.0,22.0,21.0,21.0,22.0,22.0,20.0,21.0,22.0,22.0,21.0,22.0,23.0,21.0,10.0,hold,0,0,14.3265
1788791640.7492,2026-09-07 16:34:00.749,5,b2,1,0,-0.03664,-0.48922,0.03983,-5.6483,12.1044,-17.6719,-0.113,-0.0393,-0.1447,3.37704,22.0,41.0,30.0,24.0,39.0,35.0,27.0,20.0,40.0,29.0,24.0,20.0,29.0,24.0,23.0,20.0,24.0,23.0,22.0,21.0,21.0,22.0,20.0,20.0,21.0,22.0,21.0,21.0,22.0,22.0,20.0,21.0,22.0,22.0,21.0,22.0,23.0,21.0,10.0,hold,0,0,14.4385
1788791640.7993,2026-09-07 16:34:00.799,5,b2,1,0,-0.03665,-0.48922,0.03982,-5.816,11.993,-17.7603,-0.1112,-0.0452,-0.1502,3.38636,23.0,41.0,30.0,21.0,39.0,34.0,28.0,24.0,39.0,31.0,25.0,22.0,29.0,26.0,24.0,24.0,25.0,23.0,24.0,21.0,21.0,22.0,20.0,20.0,21.0,22.0,21.0,21.0,22.0,22.0,20.0,21.0,22.0,22.0,21.0,22.0,23.0,21.0,10.0,hold,0,0,14.3557
1788791640.8495,2026-09-07 16:34:00.849,5,b2,1,0,-0.03664,-0.48922,0.03983,-5.7402,11.9304,-17.7645,-0.1105,-0.0443,-0.1483,3.38183,23.0,41.0,30.0,21.0,39.0,34.0,28.0,24.0,39.0,31.0,25.0,22.0,29.0,26.0,24.0,24.0,25.0,23.0,24.0,21.0,21.0,22.0,20.0,20.0,21.0,22.0,21.0,21.0,22.0,22.0,20.0,21.0,22.0,22.0,21.0,22.0,23.0,21.0,10.0,hold,0,0,14.396
1788791640.8996,2026-09-07 16:34:00.899,5,b2,1,0,-0.03666,-0.48922,0.03982,-5.7219,12.4142,-17.7407,-0.1229,-0.0409,-0.1544,3.38812,24.0,40.0,31.0,23.0,39.0,36.0,30.0,23.0,39.0,31.0,27.0,23.0,29.0,25.0,26.0,23.0,25.0,24.0,24.0,21.0,21.0,22.0,20.0,20.0,21.0,22.0,21.0,21.0,22.0,22.0,20.0,21.0,22.0,22.0,21.0,22.0,23.0,21.0,10.0,hold,0,0,14.34
1788791640.9497,2026-09-07 16:34:00.949,5,b2,1,0,-0.03665,-0.48923,0.03983,-5.9542,12.0273,-17.6187,-0.1142,-0.0482,-0.1491,3.37402,24.0,40.0,31.0,23.0,39.0,36.0,30.0,23.0,39.0,31.0,27.0,23.0,29.0,25.0,26.0,23.0,25.0,24.0,24.0,21.0,21.0,22.0,20.0,20.0,21.0,22.0,21.0,21.0,22.0,22.0,20.0,21.0,22.0,22.0,21.0,22.0,23.0,21.0,10.0,hold,0,0,14.4654
1788791640.9999,2026-09-07 16:34:00.999,5,b2,1,0,-0.03664,-0.48922,0.03982,-5.7826,12.6936,-17.7019,-0.1289,-0.0445,-0.1483,3.39089,24.0,41.0,32.0,24.0,40.0,35.0,28.0,25.0,39.0,30.0,25.0,23.0,29.0,26.0,24.0,22.0,25.0,24.0,22.0,21.0,21.0,22.0,20.0,20.0,21.0,22.0,21.0,21.0,22.0,22.0,20.0,21.0,22.0,22.0,21.0,22.0,23.0,21.0,10.0,hold,0,0,14.3153
1788791641.05,2026-09-07 16:34:01.049,5,b2,1,0,-0.03667,-0.48922,0.03982,-5.5615,12.1448,-17.8737,-0.1137,-0.0357,-0.1497,3.37931,24.0,39.0,31.0,24.0,38.0,34.0,28.0,23.0,39.0,30.0,24.0,23.0,29.0,25.0,23.0,23.0,25.0,23.0,23.0,21.0,21.0,22.0,20.0,20.0,21.0,22.0,21.0,21.0,22.0,22.0,20.0,21.0,22.0,22.0,21.0,22.0,23.0,21.0,10.0,hold,0,0,14.4184
1788791641.1001,2026-09-07 16:34:01.100,5,b2,1,0,-0.03665,-0.48922,0.03982,-5.8427,12.5554,-17.7785,-0.1276,-0.0428,-0.1509,3.38938,24.0,39.0,31.0,24.0,38.0,34.0,28.0,23.0,39.0,30.0,24.0,23.0,29.0,25.0,23.0,23.0,25.0,23.0,23.0,21.0,21.0,22.0,20.0,20.0,21.0,22.0,21.0,21.0,22.0,22.0,20.0,21.0,22.0,22.0,21.0,22.0,23.0,21.0,10.0,hold,0,0,14.3288
1788791641.1502,2026-09-07 16:34:01.150,5,b2,1,0,-0.03664,-0.48923,0.03983,-5.7257,12.3353,-17.9191,-0.1185,-0.042,-0.1503,3.37906,25.0,41.0,30.0,24.0,39.0,34.0,27.0,25.0,40.0,30.0,24.0,22.0,28.0,23.0,23.0,24.0,24.0,22.0,24.0,21.0,21.0,22.0,20.0,20.0,21.0,22.0,21.0,21.0,22.0,22.0,20.0,21.0,22.0,22.0,21.0,22.0,23.0,21.0,10.0,hold,0,0,14.4206
1788791641.2003,2026-09-07 16:34:01.200,5,b2,1,0,-0.03664,-0.48921,0.03982,-5.5315,11.953,-17.8692,-0.1088,-0.0368,-0.1439,3.37906,25.0,41.0,30.0,24.0,39.0,34.0,27.0,25.0,40.0,30.0,24.0,22.0,28.0,23.0,23.0,24.0,24.0,22.0,24.0,21.0,21.0,22.0,20.0,20.0,21.0,22.0,21.0,21.0,22.0,22.0,20.0,21.0,22.0,22.0,21.0,22.0,23.0,21.0,10.0,hold,0,0,14.4206
1788791641.2505,2026-09-07 16:34:01.250,5,b2,1,0,-0.03666,-0.48921,0.03982,-5.4558,11.8735,-17.9975,-0.1072,-0.0376,-0.1483,3.38661,23.0,41.0,31.0,24.0,40.0,34.0,27.0,22.0,39.0,30.0,23.0,20.0,29.0,26.0,23.0,21.0,24.0,22.0,23.0,21.0,21.0,22.0,20.0,20.0,21.0,22.0,21.0,21.0,22.0,22.0,20.0,21.0,22.0,22.0,21.0,22.0,23.0,21.0,10.0,hold,0,0,14.3534
1788791641.3006,2026-09-07 16:34:01.300,5,b2,1,0,-0.03667,-0.48923,0.03983,-5.5065,12.2908,-17.815,-0.1166,-0.0393,-0.1472,3.38132,23.0,41.0,30.0,22.0,40.0,35.0,26.0,25.0,39.0,32.0,26.0,23.0,29.0,27.0,23.0,23.0,26.0,23.0,23.0,21.0,21.0,22.0,20.0,20.0,21.0,22.0,21.0,21.0,22.0,22.0,20.0,21.0,22.0,22.0,21.0,22.0,23.0,21.0,10.0,hold,0,0,14.4005
1788791641.3507,2026-09-07 16:34:01.350,5,b2,1,0,-0.03664,-0.48922,0.03982,-5.9821,12.5064,-17.4312,-0.1249,-0.0466,-0.1571,3.38737,23.0,41.0,30.0,22.0,40.0,35.0,26.0,25.0,39.0,32.0,26.0,23.0,29.0,27.0,23.0,23.0,26.0,23.0,23.0,21.0,21.0,22.0,20.0,20.0,21.0,22.0,21.0,21.0,22.0,22.0,20.0,21.0,22.0,22.0,21.0,22.0,23.0,21.0,10.0,hold,0,0,14.3467
1788791641.4009,2026-09-07 16:34:01.400,5,b2,1,0,-0.03664,-0.48922,0.03982,-5.6701,12.3036,-17.4092,-0.1185,-0.0401,-0.1511,3.38434,25.0,42.0,31.0,25.0,40.0,33.0,28.0,24.0,39.0,29.0,24.0,23.0,29.0,24.0,24.0,23.0,23.0,23.0,24.0,21.0,21.0,22.0,20.0,20.0,21.0,22.0,21.0,21.0,22.0,22.0,20.0,21.0,22.0,22.0,21.0,22.0,23.0,21.0,10.0,hold,0,0,14.3736
1788791641.451,2026-09-07 16:34:01.451,5,b2,1,0,-0.03664,-0.48921,0.03982,-6.083,12.4476,-17.6355,-0.1215,-0.0529,-0.1537,3.38309,25.0,42.0,31.0,25.0,40.0,33.0,28.0,24.0,39.0,29.0,24.0,23.0,29.0,24.0,24.0,23.0,23.0,23.0,24.0,21.0,21.0,22.0,20.0,20.0,21.0,22.0,21.0,21.0,22.0,22.0,20.0,21.0,22.0,22.0,21.0,22.0,23.0,21.0,10.0,hold,0,0,14.3848
1788791641.5011,2026-09-07 16:34:01.501,5,b2,1,0,-0.03666,-0.48922,0.03981,-5.6067,12.0352,-17.6678,-0.1131,-0.0375,-0.1555,3.38737,23.0,39.0,30.0,22.0,38.0,34.0,27.0,23.0,39.0,31.0,25.0,21.0,29.0,27.0,24.0,22.0,25.0,23.0,22.0,21.0,21.0,22.0,20.0,20.0,21.0,22.0,21.0,21.0,22.0,22.0,20.0,21.0,22.0,22.0,21.0,22.0,23.0,21.0,10.0,hold,0,0,14.3467
1788791641.5512,2026-09-07 16:34:01.551,5,b2,1,0,-0.03665,-0.48922,0.03982,-5.9652,12.7029,-17.5467,-0.1292,-0.0494,-0.1567,3.38107,24.0,41.0,31.0,24.0,39.0,35.0,28.0,23.0,38.0,31.0,24.0,23.0,30.0,25.0,25.0,21.0,25.0,22.0,23.0,21.0,21.0,22.0,20.0,20.0,21.0,22.0,21.0,21.0,22.0,22.0,20.0,21.0,22.0,22.0,21.0,22.0,23.0,21.0,10.0,hold,0,0,14.4027
1788791641.6015,2026-09-07 16:34:01.601,5,b2,1,0,-0.03664,-0.48922,0.03982,-5.4471,11.8793,-17.6986,-0.108,-0.033,-0.1545,3.39013,24.0,41.0,31.0,24.0,39.0,35.0,28.0,23.0,38.0,31.0,24.0,23.0,30.0,25.0,25.0,21.0,25.0,22.0,23.0,21.0,21.0,22.0,20.0,20.0,21.0,22.0,21.0,21.0,22.0,22.0,20.0,21.0,22.0,22.0,21.0,22.0,23.0,21.0,10.0,hold,0,0,14.3221
1788791641.6516,2026-09-07 16:34:01.651,5,b2,1,0,-0.03664,-0.48922,0.03983,-5.5815,11.7303,-17.6681,-0.1062,-0.0353,-0.1569,3.38535,25.0,41.0,30.0,24.0,39.0,34.0,28.0,23.0,40.0,30.0,25.0,22.0,28.0,26.0,23.0,22.0,26.0,21.0,23.0,21.0,21.0,22.0,20.0,20.0,21.0,22.0,21.0,21.0,22.0,22.0,20.0,21.0,22.0,22.0,21.0,22.0,23.0,21.0,10.0,hold,0,0,14.3646
1788791641.7017,2026-09-07 16:34:01.701,5,b2,1,0,-0.03665,-0.4892,0.0398,-6.0203,12.4478,-17.6617,-0.1236,-0.0487,-0.1572,3.39114,25.0,41.0,30.0,24.0,39.0,34.0,28.0,23.0,40.0,30.0,25.0,22.0,28.0,26.0,23.0,22.0,26.0,21.0,23.0,21.0,21.0,22.0,20.0,20.0,21.0,22.0,21.0,21.0,22.0,22.0,20.0,21.0,22.0,22.0,21.0,22.0,23.0,21.0,10.0,hold,0,0,14.3131
1788791641.7518,2026-09-07 16:34:01.751,5,b2,1,0,-0.03664,-0.48923,0.03982,-5.7699,12.0198,-17.9196,-0.1102,-0.0438,-0.1522,3.38661,25.0,41.0,30.0,23.0,39.0,34.0,27.0,21.0,40.0,30.0,24.0,21.0,29.0,25.0,23.0,20.0,25.0,23.0,22.0,21.0,21.0,22.0,20.0,20.0,21.0,22.0,21.0,21.0,22.0,22.0,20.0,21.0,22.0,22.0,21.0,22.0,23.0,21.0,10.0,hold,0,0,14.3534
1788791641.8019,2026-09-07 16:34:01.801,5,b2,1,0,-0.03663,-0.48922,0.03983,-6.0722,12.5877,-17.6017,-0.126,-0.0501,-0.1538,3.38938,22.0,41.0,30.0,21.0,40.0,34.0,28.0,22.0,37.0,31.0,24.0,21.0,28.0,26.0,23.0,22.0,25.0,21.0,21.0,21.0,21.0,22.0,20.0,20.0,21.0,22.0,21.0,21.0,22.0,22.0,20.0,21.0,22.0,22.0,21.0,22.0,23.0,21.0,10.0,hold,0,0,14.3288
1788791641.8521,2026-09-07 16:34:01.852,5,b2,1,0,-0.03665,-0.48921,0.03981,-5.6179,12.3047,-17.8324,-0.1158,-0.0397,-0.1507,3.39366,22.0,41.0,30.0,21.0,40.0,34.0,28.0,22.0,37.0,31.0,24.0,21.0,28.0,26.0,23.0,22.0,25.0,21.0,21.0,21.0,21.0,22.0,20.0,20.0,21.0,22.0,21.0,21.0,22.0,22.0,20.0,21.0,22.0,22.0,21.0,22.0,23.0,21.0,10.0,hold,0,0,14.2907
1788791641.9022,2026-09-07 16:34:01.902,5,b2,1,0,-0.03665,-0.48922,0.03983,-5.7282,12.2103,-17.7538,-0.1186,-0.0405,-0.1543,3.38585,23.0,40.0,31.0,23.0,37.0,35.0,26.0,23.0,39.0,29.0,25.0,21.0,29.0,23.0,24.0,21.0,24.0,22.0,22.0,21.0,21.0,22.0,20.0,20.0,21.0,22.0,21.0,21.0,22.0,22.0,20.0,21.0,22.0,22.0,21.0,22.0,23.0,21.0,10.0,hold,0,0,14.3601
1788791641.9524,2026-09-07 16:34:01.952,5,b2,1,0,-0.03664,-0.48922,0.03982,-5.9252,12.1192,-17.6765,-0.1135,-0.0445,-0.1569,3.38737,23.0,40.0,31.0,23.0,37.0,35.0,26.0,23.0,39.0,29.0,25.0,21.0,29.0,23.0,24.0,21.0,24.0,22.0,22.0,21.0,21.0,22.0,20.0,20.0,21.0,22.0,21.0,21.0,22.0,22.0,20.0,21.0,22.0,22.0,21.0,22.0,23.0,21.0,10.0,hold,0,0,14.3467
1788791642.0025,2026-09-07 16:34:02.002,5,b2,1,0,-0.03666,-0.48922,0.03982,-5.9558,11.9491,-17.6383,-0.1103,-0.0472,-0.1562,3.38485,23.0,40.0,31.0,22.0,38.0,33.0,28.0,22.0,40.0,30.0,26.0,22.0,29.0,24.0,25.0,21.0,24.0,23.0,23.0,21.0,21.0,22.0,20.0,20.0,21.0,22.0,21.0,21.0,22.0,22.0,20.0,21.0,22.0,22.0,21.0,22.0,23.0,21.0,10.0,hold,0,0,14.3691
1788791642.0526,2026-09-07 16:34:02.052,5,b2,1,0,-0.03664,-0.48923,0.03983,-5.9022,12.2451,-17.5277,-0.1197,-0.0439,-0.1621,3.39391,24.0,41.0,30.0,24.0,38.0,33.0,28.0,22.0,38.0,30.0,25.0,19.0,28.0,27.0,26.0,21.0,25.0,22.0,22.0,21.0,21.0,22.0,20.0,20.0,21.0,22.0,21.0,21.0,22.0,22.0,20.0,21.0,22.0,22.0,21.0,22.0,23.0,21.0,10.0,hold,0,0,14.2885
1788791642.1028,2026-09-07 16:34:02.102,5,b2,1,0,-0.03664,-0.48921,0.03982,-5.3041,11.7873,-17.8435,-0.1067,-0.03,-0.1459,3.38157,24.0,41.0,30.0,24.0,38.0,33.0,28.0,22.0,38.0,30.0,25.0,19.0,28.0,27.0,26.0,21.0,25.0,22.0,22.0,21.0,21.0,22.0,20.0,20.0,21.0,22.0,21.0,21.0,22.0,22.0,20.0,21.0,22.0,22.0,21.0,22.0,23.0,21.0,10.0,hold,0,0,14.3982
1788791642.1529,2026-09-07 16:34:02.152,5,b2,1,0,-0.03665,-0.48922,0.03983,-5.8281,12.0658,-17.6144,-0.1152,-0.0458,-0.1599,3.38737,23.0,40.0,31.0,21.0,38.0,35.0,27.0,22.0,39.0,31.0,25.0,21.0,29.0,26.0,24.0,21.0,26.0,23.0,22.0,21.0,21.0,22.0,20.0,20.0,21.0,22.0,21.0,21.0,22.0,22.0,20.0,21.0,22.0,22.0,21.0,22.0,23.0,21.0,10.0,hold,0,0,14.3467
1788791642.203,2026-09-07 16:34:02.203,5,b2,1,0,-0.03665,-0.48922,0.03982,-5.6336,12.1591,-17.7378,-0.1198,-0.0395,-0.1505,3.38359,23.0,40.0,31.0,21.0,38.0,35.0,27.0,22.0,39.0,31.0,25.0,21.0,29.0,26.0,24.0,21.0,26.0,23.0,22.0,21.0,21.0,22.0,20.0,20.0,21.0,22.0,21.0,21.0,22.0,22.0,20.0,21.0,22.0,22.0,21.0,22.0,23.0,21.0,10.0,hold,0,0,14.3803
1788791642.2533,2026-09-07 16:34:02.253,5,b2,1,0,-0.03664,-0.48921,0.0398,-5.4417,11.6792,-18.0115,-0.104,-0.0373,-0.148,3.39114,24.0,40.0,31.0,22.0,39.0,35.0,29.0,22.0,38.0,31.0,25.0,21.0,28.0,26.0,25.0,21.0,26.0,23.0,21.0,21.0,21.0,22.0,20.0,20.0,21.0,22.0,21.0,21.0,22.0,22.0,20.0,21.0,22.0,22.0,21.0,22.0,23.0,21.0,10.0,hold,0,0,14.3131
1788791642.3034,2026-09-07 16:34:02.303,5,b2,1,0,-0.03663,-0.48922,0.03983,-5.8291,12.4175,-17.7176,-0.1213,-0.0434,-0.1536,3.38434,24.0,40.0,31.0,22.0,39.0,35.0,29.0,22.0,38.0,31.0,25.0,21.0,28.0,26.0,25.0,21.0,26.0,23.0,21.0,21.0,21.0,22.0,20.0,20.0,21.0,22.0,21.0,21.0,22.0,22.0,20.0,21.0,22.0,22.0,21.0,22.0,23.0,21.0,10.0,hold,0,0,14.3736
1788791642.3535,2026-09-07 16:34:02.353,5,b2,1,0,-0.03666,-0.48921,0.03982,-5.6859,11.9003,-17.8164,-0.1114,-0.0411,-0.1558,3.39391,23.0,42.0,32.0,23.0,39.0,34.0,27.0,21.0,40.0,31.0,25.0,21.0,29.0,25.0,23.0,23.0,25.0,21.0,23.0,21.0,21.0,22.0,20.0,20.0,21.0,22.0,21.0,21.0,22.0,22.0,20.0,21.0,22.0,22.0,21.0,22.0,23.0,21.0,10.0,hold,0,0,14.2885
1788791642.4035,2026-09-07 16:34:02.403,5,b2,1,0,-0.03664,-0.4892,0.03981,-5.8004,12.3763,-17.7245,-0.1233,-0.044,-0.1524,3.37906,24.0,41.0,31.0,22.0,40.0,35.0,26.0,24.0,38.0,31.0,25.0,24.0,29.0,25.0,25.0,22.0,25.0,24.0,23.0,21.0,21.0,22.0,20.0,20.0,21.0,22.0,21.0,21.0,22.0,22.0,20.0,21.0,22.0,22.0,21.0,22.0,23.0,21.0,10.0,hold,0,0,14.4206
1788791642.4536,2026-09-07 16:34:02.453,5,b2,1,0,-0.03664,-0.48922,0.03982,-5.441,11.9973,-17.9413,-0.1117,-0.0344,-0.1488,3.3846,24.0,41.0,31.0,22.0,40.0,35.0,26.0,24.0,38.0,31.0,25.0,24.0,29.0,25.0,25.0,22.0,25.0,24.0,23.0,21.0,21.0,22.0,20.0,20.0,21.0,22.0,21.0,21.0,22.0,22.0,20.0,21.0,22.0,22.0,21.0,22.0,23.0,21.0,10.0,hold,0,0,14.3713
1788791642.5038,2026-09-07 16:34:02.503,5,b2,1,0,-0.03665,-0.48922,0.03982,-5.654,12.1251,-17.942,-0.1114,-0.0424,-0.1547,3.38585,25.0,41.0,31.0,24.0,39.0,34.0,29.0,25.0,38.0,29.0,25.0,25.0,29.0,24.0,23.0,24.0,24.0,23.0,24.0,21.0,21.0,22.0,20.0,20.0,21.0,22.0,21.0,21.0,22.0,22.0,20.0,21.0,22.0,22.0,21.0,22.0,23.0,21.0,10.0,hold,0,0,14.3601
1788791642.5539,2026-09-07 16:34:02.553,5,b2,1,0,-0.03665,-0.48922,0.03983,-5.3475,12.1485,-17.8137,-0.1174,-0.0328,-0.1568,3.39542,25.0,41.0,31.0,24.0,39.0,34.0,29.0,25.0,38.0,29.0,25.0,25.0,29.0,24.0,23.0,24.0,24.0,23.0,24.0,21.0,21.0,22.0,20.0,20.0,21.0,22.0,21.0,21.0,22.0,22.0,20.0,21.0,22.0,22.0,21.0,22.0,23.0,21.0,10.0,hold,0,0,14.275
1788791642.604,2026-09-07 16:34:02.604,5,b2,1,0,-0.03664,-0.48921,0.03981,-5.7351,12.2497,-17.7035,-0.1197,-0.0413,-0.1586,3.3856,27.0,40.0,30.0,26.0,37.0,33.0,28.0,22.0,39.0,31.0,24.0,22.0,29.0,26.0,24.0,22.0,26.0,22.0,24.0,21.0,21.0,22.0,20.0,20.0,21.0,22.0,21.0,21.0,22.0,22.0,20.0,21.0,22.0,22.0,21.0,22.0,23.0,21.0,10.0,hold,0,0,14.3624
1788791642.6542,2026-09-07 16:34:02.654,5,b2,1,0,-0.03665,-0.48923,0.03982,-5.3745,11.7204,-17.9341,-0.1043,-0.0303,-0.1517,3.38737,25.0,40.0,30.0,23.0,39.0,35.0,27.0,23.0,39.0,29.0,23.0,22.0,28.0,25.0,23.0,22.0,25.0,21.0,22.0,21.0,21.0,22.0,20.0,20.0,21.0,22.0,21.0,21.0,22.0,22.0,20.0,21.0,22.0,22.0,21.0,22.0,23.0,21.0,10.0,hold,0,0,14.3467
1788791642.7043,2026-09-07 16:34:02.704,5,b2,1,0,-0.03665,-0.48923,0.03983,-5.7174,12.1474,-17.7736,-0.1129,-0.0438,-0.1596,3.39366,25.0,40.0,30.0,23.0,39.0,35.0,27.0,23.0,39.0,29.0,23.0,22.0,28.0,25.0,23.0,22.0,25.0,21.0,22.0,21.0,21.0,22.0,20.0,20.0,21.0,22.0,21.0,21.0,22.0,22.0,20.0,21.0,22.0,22.0,21.0,22.0,23.0,21.0,10.0,hold,0,0,14.2907
1788791642.7544,2026-09-07 16:34:02.754,5,b2,0,0,-0.03665,-0.48922,0.03983,-5.6621,12.0956,-17.771,-0.1134,-0.0429,-0.1562,3.39593,24.0,40.0,30.0,23.0,39.0,34.0,26.0,25.0,38.0,31.0,26.0,24.0,27.0,26.0,25.0,25.0,25.0,24.0,24.0,21.0,21.0,22.0,20.0,20.0,21.0,22.0,21.0,21.0,22.0,22.0,20.0,21.0,22.0,22.0,21.0,22.0,23.0,21.0,10.0,retract,0,0,14.2706
1788791642.8045,2026-09-07 16:34:02.804,5,b2,0,0,-0.03665,-0.48922,0.03986,-5.4779,11.9006,-17.9527,-0.1087,-0.0373,-0.1522,3.41355,24.0,40.0,30.0,23.0,39.0,34.0,26.0,25.0,38.0,31.0,26.0,24.0,27.0,26.0,25.0,25.0,25.0,24.0,24.0,21.0,21.0,22.0,20.0,20.0,21.0,22.0,21.0,21.0,22.0,22.0,20.0,21.0,22.0,22.0,21.0,22.0,23.0,21.0,10.0,retract,0,0,14.1138
1788791642.8545,2026-09-07 16:34:02.854,5,b2,0,0,-0.03666,-0.48921,0.03992,-5.2846,12.0992,-18.1895,-0.1144,-0.033,-0.1534,3.43772,25.0,40.0,31.0,26.0,38.0,35.0,29.0,23.0,39.0,30.0,25.0,22.0,29.0,26.0,25.0,22.0,25.0,23.0,22.0,21.0,21.0,22.0,20.0,20.0,21.0,22.0,21.0,21.0,22.0,22.0,20.0,21.0,22.0,22.0,21.0,22.0,23.0,21.0,10.0,retract,0,0,13.8987
1788791642.9046,2026-09-07 16:34:02.904,5,b2,0,0,-0.03663,-0.4892,0.04001,-5.6121,12.3161,-18.3214,-0.1207,-0.0369,-0.1557,3.50973,24.0,40.0,31.0,23.0,38.0,34.0,28.0,22.0,38.0,31.0,25.0,22.0,29.0,26.0,24.0,21.0,26.0,23.0,22.0,21.0,21.0,22.0,20.0,20.0,21.0,22.0,21.0,21.0,22.0,22.0,20.0,21.0,22.0,22.0,21.0,22.0,23.0,21.0,10.0,retract,0,0,13.2581
1788791642.9548,2026-09-07 16:34:02.954,5,b2,0,0,-0.03663,-0.4892,0.04016,-5.7643,11.9712,-18.6914,-0.1127,-0.0398,-0.1563,3.58727,24.0,40.0,31.0,23.0,38.0,34.0,28.0,22.0,38.0,31.0,25.0,22.0,29.0,26.0,24.0,21.0,26.0,23.0,22.0,21.0,21.0,22.0,20.0,20.0,21.0,22.0,21.0,21.0,22.0,22.0,20.0,21.0,22.0,22.0,21.0,22.0,23.0,21.0,10.0,retract,0,0,12.5682
1788791643.0049,2026-09-07 16:34:03.004,5,b2,0,0,-0.03664,-0.48922,0.04037,-5.7759,12.1803,-18.9128,-0.1158,-0.0406,-0.16,3.66809,24.0,41.0,32.0,24.0,39.0,35.0,28.0,23.0,39.0,31.0,26.0,23.0,29.0,25.0,25.0,23.0,25.0,23.0,22.0,21.0,21.0,22.0,20.0,20.0,21.0,22.0,21.0,21.0,22.0,22.0,20.0,21.0,22.0,22.0,21.0,22.0,23.0,21.0,10.0,retract,0,0,11.8492
1788791643.055,2026-09-07 16:34:03.055,5,b2,0,0,-0.03667,-0.48922,0.0406,-5.5961,11.9778,-19.2212,-0.1143,-0.0347,-0.1614,3.76201,24.0,41.0,32.0,24.0,39.0,35.0,28.0,23.0,39.0,31.0,26.0,23.0,29.0,25.0,25.0,23.0,25.0,23.0,22.0,21.0,21.0,22.0,20.0,20.0,21.0,22.0,21.0,21.0,22.0,22.0,20.0,21.0,22.0,22.0,21.0,22.0,23.0,21.0,10.0,retract,0,0,11.0137
1788791643.1052,2026-09-07 16:34:03.105,5,b2,0,0,-0.03666,-0.48921,0.04083,-5.5191,11.8747,-19.7006,-0.112,-0.0308,-0.1606,3.84635,24.0,41.0,31.0,24.0,39.0,34.0,27.0,23.0,38.0,30.0,25.0,22.0,29.0,26.0,24.0,22.0,25.0,24.0,22.0,21.0,21.0,22.0,20.0,20.0,21.0,22.0,21.0,21.0,22.0,22.0,20.0,21.0,22.0,22.0,21.0,22.0,23.0,21.0,10.0,retract,0,0,10.2634
1788791643.1553,2026-09-07 16:34:03.155,5,b2,0,0,-0.03663,-0.4892,0.04107,-5.7189,11.7916,-19.8282,-0.1121,-0.0364,-0.1523,3.94127,23.0,39.0,30.0,23.0,36.0,34.0,27.0,23.0,36.0,29.0,26.0,21.0,27.0,25.0,24.0,22.0,25.0,23.0,23.0,21.0,21.0,22.0,20.0,20.0,21.0,22.0,21.0,21.0,22.0,22.0,20.0,21.0,22.0,22.0,21.0,22.0,23.0,21.0,10.0,retract,0,0,9.4189
1788791643.2054,2026-09-07 16:34:03.205,5,b2,0,0,-0.03663,-0.48919,0.04138,-5.4357,11.8447,-20.3228,-0.1136,-0.0275,-0.1567,4.03115,23.0,39.0,30.0,23.0,36.0,34.0,27.0,23.0,36.0,29.0,26.0,21.0,27.0,25.0,24.0,22.0,25.0,23.0,23.0,21.0,21.0,22.0,20.0,20.0,21.0,22.0,21.0,21.0,22.0,22.0,20.0,21.0,22.0,22.0,21.0,22.0,23.0,21.0,10.0,retract,0,0,8.6193
1788791643.2555,2026-09-07 16:34:03.255,5,b2,0,0,-0.03663,-0.48917,0.0417,-5.8083,12.1699,-20.4072,-0.1254,-0.0385,-0.1532,4.14269,26.0,38.0,30.0,24.0,36.0,33.0,28.0,23.0,35.0,29.0,26.0,22.0,27.0,25.0,25.0,22.0,25.0,23.0,23.0,21.0,21.0,22.0,20.0,20.0,21.0,22.0,21.0,21.0,22.0,22.0,20.0,21.0,22.0,22.0,21.0,22.0,23.0,21.0,10.0,retract,0,0,7.627
1788791643.3056,2026-09-07 16:34:03.305,5,b2,0,0,-0.03664,-0.48917,0.04202,-5.5013,11.9508,-20.9725,-0.119,-0.0259,-0.159,4.21746,26.0,38.0,30.0,24.0,36.0,33.0,28.0,23.0,35.0,29.0,26.0,22.0,27.0,25.0,25.0,22.0,25.0,23.0,23.0,21.0,21.0,22.0,20.0,20.0,21.0,22.0,21.0,21.0,22.0,22.0,20.0,21.0,22.0,22.0,21.0,22.0,23.0,21.0,10.0,retract,0,0,6.9618
1788791643.3557,2026-09-07 16:34:03.355,5,b2,0,0,-0.03664,-0.48919,0.04235,-5.8073,11.7934,-21.5316,-0.1205,-0.0349,-0.1593,4.30558,23.0,36.0,29.0,24.0,35.0,33.0,27.0,23.0,35.0,30.0,25.0,22.0,28.0,25.0,25.0,23.0,25.0,23.0,22.0,21.0,21.0,22.0,20.0,20.0,21.0,22.0,21.0,21.0,22.0,22.0,20.0,21.0,22.0,22.0,21.0,22.0,23.0,21.0,10.0,retract,0,0,6.1778
1788791643.4058,2026-09-07 16:34:03.405,5,b2,0,0,-0.03665,-0.4892,0.0427,-5.7938,11.8767,-21.5591,-0.1219,-0.0363,-0.1649,4.38162,23.0,36.0,29.0,24.0,35.0,33.0,27.0,23.0,35.0,30.0,25.0,22.0,28.0,25.0,25.0,23.0,25.0,23.0,22.0,21.0,21.0,22.0,20.0,20.0,21.0,22.0,21.0,21.0,22.0,22.0,20.0,21.0,22.0,22.0,21.0,22.0,23.0,21.0,10.0,retract,0,0,5.5014
1788791643.456,2026-09-07 16:34:03.455,5,b2,0,0,-0.03664,-0.4892,0.04304,-6.0188,12.266,-21.9095,-0.1285,-0.0394,-0.1635,4.46068,26.0,36.0,30.0,25.0,34.0,31.0,26.0,23.0,33.0,29.0,24.0,22.0,28.0,25.0,24.0,24.0,24.0,23.0,25.0,21.0,21.0,22.0,20.0,20.0,21.0,22.0,21.0,21.0,22.0,22.0,20.0,21.0,22.0,22.0,21.0,22.0,23.0,21.0,10.0,retract,0,0,4.798
1788791643.5061,2026-09-07 16:34:03.506,5,b2,0,0,-0.03667,-0.4892,0.04338,-5.8254,12.0689,-22.047,-0.1253,-0.0323,-0.155,4.53269,24.0,34.0,28.0,24.0,33.0,30.0,25.0,23.0,32.0,29.0,24.0,22.0,27.0,24.0,23.0,23.0,24.0,21.0,24.0,21.0,21.0,22.0,20.0,20.0,21.0,22.0,21.0,21.0,22.0,22.0,20.0,21.0,22.0,22.0,21.0,22.0,23.0,21.0,10.0,retract,0,0,4.1574
1788791643.5562,2026-09-07 16:34:03.556,5,b2,0,0,-0.03664,-0.48919,0.04371,-5.8111,11.6897,-22.4167,-0.1158,-0.0321,-0.1585,4.57926,24.0,34.0,28.0,24.0,33.0,30.0,25.0,23.0,32.0,29.0,24.0,22.0,27.0,24.0,23.0,23.0,24.0,21.0,24.0,21.0,21.0,22.0,20.0,20.0,21.0,22.0,21.0,21.0,22.0,22.0,20.0,21.0,22.0,22.0,21.0,22.0,23.0,21.0,10.0,retract,0,0,3.7431
1788791643.6063,2026-09-07 16:34:03.606,5,b2,0,0,-0.03663,-0.48917,0.04404,-5.9019,11.927,-22.4239,-0.1202,-0.0365,-0.1626,4.63063,26.0,33.0,27.0,25.0,31.0,29.0,25.0,24.0,32.0,29.0,23.0,22.0,27.0,24.0,23.0,23.0,25.0,23.0,24.0,21.0,21.0,22.0,20.0,20.0,21.0,22.0,21.0,21.0,22.0,22.0,20.0,21.0,22.0,22.0,21.0,22.0,23.0,21.0,10.0,retract,0,0,3.2861
1788791643.6564,2026-09-07 16:34:03.656,5,b2,0,0,-0.03664,-0.48918,0.04437,-5.8302,11.7644,-22.6906,-0.1166,-0.033,-0.1572,4.65882,26.0,33.0,27.0,25.0,31.0,29.0,25.0,24.0,32.0,29.0,23.0,22.0,27.0,24.0,23.0,23.0,25.0,23.0,24.0,21.0,21.0,22.0,20.0,20.0,21.0,22.0,21.0,21.0,22.0,22.0,20.0,21.0,22.0,22.0,21.0,22.0,23.0,21.0,10.0,retract,0,0,3.0353
1788791643.7065,2026-09-07 16:34:03.706,5,b2,0,0,-0.03665,-0.48919,0.04468,-5.726,11.8606,-22.8327,-0.1228,-0.0347,-0.1645,4.68602,26.0,32.0,29.0,24.0,29.0,30.0,24.0,21.0,30.0,29.0,23.0,21.0,28.0,24.0,22.0,21.0,23.0,21.0,22.0,21.0,21.0,22.0,20.0,20.0,21.0,22.0,21.0,21.0,22.0,22.0,20.0,21.0,22.0,22.0,21.0,22.0,23.0,21.0,10.0,retract,0,0,2.7933
1788791643.7566,2026-09-07 16:34:03.756,5,b2,0,0,-0.03663,-0.4892,0.04501,-5.804,11.7985,-22.4671,-0.1186,-0.0331,-0.1666,4.68879,24.0,30.0,27.0,23.0,29.0,28.0,23.0,26.0,30.0,26.0,24.0,23.0,26.0,23.0,23.0,24.0,24.0,21.0,24.0,21.0,21.0,22.0,20.0,20.0,21.0,22.0,21.0,21.0,22.0,22.0,20.0,21.0,22.0,22.0,21.0,22.0,23.0,21.0,10.0,retract,0,0,2.7687
1788791643.8068,2026-09-07 16:34:03.806,5,b2,0,0,-0.03666,-0.4892,0.04536,-5.919,12.3875,-22.6977,-0.1341,-0.0377,-0.1629,4.69483,24.0,30.0,27.0,23.0,29.0,28.0,23.0,26.0,30.0,26.0,24.0,23.0,26.0,23.0,23.0,24.0,24.0,21.0,24.0,21.0,21.0,22.0,20.0,20.0,21.0,22.0,21.0,21.0,22.0,22.0,20.0,21.0,22.0,22.0,21.0,22.0,23.0,21.0,10.0,retract,0,0,2.7149
1788791643.8568,2026-09-07 16:34:03.856,5,b2,0,0,-0.03665,-0.48921,0.04571,-5.9694,11.9853,-22.8059,-0.1266,-0.0378,-0.1657,4.6908,24.0,30.0,26.0,23.0,28.0,26.0,22.0,22.0,30.0,28.0,23.0,21.0,27.0,25.0,23.0,22.0,24.0,22.0,22.0,21.0,21.0,22.0,20.0,20.0,21.0,22.0,21.0,21.0,22.0,22.0,20.0,21.0,22.0,22.0,21.0,22.0,23.0,21.0,10.0,retract,0,0,2.7508
1788791643.907,2026-09-07 16:34:03.906,5,b2,0,0,-0.03665,-0.4892,0.04604,-5.9911,11.8121,-22.5248,-0.1181,-0.0385,-0.1666,4.69986,24.0,30.0,26.0,23.0,28.0,26.0,22.0,22.0,30.0,28.0,23.0,21.0,27.0,25.0,23.0,22.0,24.0,22.0,22.0,21.0,21.0,22.0,20.0,20.0,21.0,22.0,21.0,21.0,22.0,22.0,20.0,21.0,22.0,22.0,21.0,22.0,23.0,21.0,10.0,retract,0,0,2.6701
1788791643.9571,2026-09-07 16:34:03.957,5,b2,0,0,-0.03665,-0.48921,0.04639,-5.9048,11.8783,-22.7627,-0.1233,-0.0362,-0.1607,4.69332,22.0,31.0,28.0,21.0,31.0,28.0,22.0,23.0,29.0,26.0,24.0,23.0,27.0,24.0,23.0,23.0,24.0,22.0,23.0,21.0,21.0,22.0,20.0,20.0,21.0,22.0,21.0,21.0,22.0,22.0,20.0,21.0,22.0,22.0,21.0,22.0,23.0,21.0,10.0,retract,0,0,2.7284
1788791644.0072,2026-09-07 16:34:04.007,5,b2,0,0,-0.03663,-0.4892,0.0467,-6.0322,11.7337,-22.5999,-0.1188,-0.0384,-0.1635,4.69432,23.0,29.0,26.0,24.0,29.0,27.0,24.0,23.0,28.0,26.0,23.0,22.0,27.0,24.0,24.0,20.0,23.0,22.0,22.0,21.0,21.0,22.0,20.0,20.0,21.0,22.0,21.0,21.0,22.0,22.0,20.0,21.0,22.0,22.0,21.0,22.0,23.0,21.0,10.0,retract,0,0,2.7194
1788791644.0573,2026-09-07 16:34:04.057,5,b2,0,0,-0.03666,-0.4892,0.04704,-6.4496,12.0141,-22.6428,-0.1287,-0.0485,-0.1664,4.69684,23.0,29.0,26.0,24.0,29.0,27.0,24.0,23.0,28.0,26.0,23.0,22.0,27.0,24.0,24.0,20.0,23.0,22.0,22.0,21.0,21.0,22.0,20.0,20.0,21.0,22.0,21.0,21.0,22.0,22.0,20.0,21.0,22.0,22.0,21.0,22.0,23.0,21.0,10.0,retract,0,0,2.697
1788791644.1074,2026-09-07 16:34:04.107,5,b2,0,0,-0.03662,-0.4892,0.04738,-6.4586,12.5822,-22.6716,-0.1384,-0.0521,-0.1654,4.69281,23.0,27.0,25.0,21.0,27.0,25.0,22.0,24.0,28.0,26.0,21.0,22.0,27.0,24.0,22.0,22.0,24.0,20.0,22.0,21.0,21.0,22.0,20.0,20.0,21.0,22.0,21.0,21.0,22.0,22.0,20.0,21.0,22.0,22.0,21.0,22.0,23.0,21.0,10.0,retract,0,0,2.7329
1788791644.1575,2026-09-07 16:34:04.157,5,b2,0,0,-0.03664,-0.4892,0.04772,-6.0439,12.2696,-22.6555,-0.128,-0.0398,-0.1669,4.69986,23.0,27.0,25.0,21.0,27.0,25.0,22.0,24.0,28.0,26.0,21.0,22.0,27.0,24.0,22.0,22.0,24.0,20.0,22.0,21.0,21.0,22.0,20.0,20.0,21.0,22.0,21.0,21.0,22.0,22.0,20.0,21.0,22.0,22.0,21.0,22.0,23.0,21.0,10.0,retract,0,0,2.6701
1788791644.2076,2026-09-07 16:34:04.207,5,b2,0,0,-0.03664,-0.48922,0.04809,-5.946,12.2115,-22.8939,-0.128,-0.0355,-0.1575,4.68753,22.0,28.0,25.0,23.0,27.0,26.0,21.0,23.0,28.0,25.0,22.0,22.0,27.0,24.0,24.0,23.0,23.0,23.0,23.0,21.0,21.0,22.0,20.0,20.0,21.0,22.0,21.0,21.0,22.0,22.0,20.0,21.0,22.0,22.0,21.0,22.0,23.0,21.0,10.0,retract,0,0,2.7799
1788791644.2577,2026-09-07 16:34:04.257,5,b2,0,0,-0.03664,-0.4892,0.04838,-6.083,12.1419,-22.9286,-0.1276,-0.0403,-0.1685,4.70087,23.0,28.0,25.0,23.0,26.0,25.0,22.0,22.0,28.0,25.0,23.0,21.0,27.0,23.0,23.0,21.0,23.0,22.0,21.0,21.0,21.0,22.0,20.0,20.0,21.0,22.0,21.0,21.0,22.0,22.0,20.0,21.0,22.0,22.0,21.0,22.0,23.0,21.0,10.0,retract,0,0,2.6612
1788791644.3078,2026-09-07 16:34:04.307,5,b2,0,0,-0.03665,-0.4892,0.04867,-5.6783,11.835,-22.9107,-0.1231,-0.0281,-0.1632,4.69735,23.0,28.0,25.0,23.0,26.0,25.0,22.0,22.0,28.0,25.0,23.0,21.0,27.0,23.0,23.0,21.0,23.0,22.0,21.0,21.0,21.0,22.0,20.0,20.0,21.0,22.0,21.0,21.0,22.0,22.0,20.0,21.0,22.0,22.0,21.0,22.0,23.0,21.0,10.0,retract,0,0,2.6925
1788791644.3579,2026-09-07 16:34:04.357,5,b2,0,0,-0.03665,-0.48919,0.04891,-6.1726,12.5107,-22.5462,-0.136,-0.0427,-0.1663,4.69382,23.0,26.0,25.0,22.0,26.0,24.0,23.0,23.0,28.0,26.0,23.0,24.0,26.0,24.0,23.0,23.0,24.0,21.0,24.0,21.0,21.0,22.0,20.0,20.0,21.0,22.0,21.0,21.0,22.0,22.0,20.0,21.0,22.0,22.0,21.0,22.0,23.0,21.0,10.0,retract,0,0,2.7239
1788791644.408,2026-09-07 16:34:04.407,5,b2,0,0,-0.03666,-0.4892,0.04913,-5.9484,11.8323,-22.8588,-0.1178,-0.0401,-0.16,4.70213,23.0,26.0,25.0,22.0,26.0,24.0,23.0,23.0,28.0,26.0,23.0,24.0,26.0,24.0,23.0,23.0,24.0,21.0,24.0,21.0,21.0,22.0,20.0,20.0,21.0,22.0,21.0,21.0,22.0,22.0,20.0,21.0,22.0,22.0,21.0,22.0,23.0,21.0,10.0,retract,0,0,2.65
1788791644.4581,2026-09-07 16:34:04.458,5,b2,0,0,-0.03663,-0.4892,0.04932,-5.9523,12.2803,-22.759,-0.1325,-0.0364,-0.1664,4.69281,25.0,26.0,26.0,24.0,27.0,25.0,22.0,22.0,26.0,26.0,20.0,21.0,25.0,24.0,22.0,21.0,24.0,21.0,22.0,21.0,21.0,22.0,20.0,20.0,21.0,22.0,21.0,21.0,22.0,22.0,20.0,21.0,22.0,22.0,21.0,22.0,23.0,21.0,10.0,retract,0,0,2.7329
1788791644.5082,2026-09-07 16:34:04.508,5,b2,0,0,-0.03663,-0.4892,0.04948,-6.1871,12.3164,-22.8173,-0.1352,-0.045,-0.1677,4.69961,25.0,26.0,26.0,24.0,27.0,25.0,22.0,22.0,26.0,26.0,20.0,21.0,25.0,24.0,22.0,21.0,24.0,21.0,22.0,21.0,21.0,22.0,20.0,20.0,21.0,22.0,21.0,21.0,22.0,22.0,20.0,21.0,22.0,22.0,21.0,22.0,23.0,21.0,10.0,retract,0,0,2.6724
1788791644.5584,2026-09-07 16:34:04.558,5,b2,0,0,-0.03665,-0.48918,0.04956,-5.5447,11.6803,-23.0713,-0.1153,-0.0296,-0.1546,4.69508,23.0,26.0,25.0,21.0,24.0,23.0,20.0,22.0,26.0,25.0,20.0,21.0,26.0,22.0,21.0,21.0,22.0,21.0,22.0,21.0,21.0,22.0,20.0,20.0,21.0,22.0,21.0,21.0,22.0,22.0,20.0,21.0,22.0,22.0,21.0,22.0,23.0,21.0,10.0,retract,0,0,2.7127
1788791644.6085,2026-09-07 16:34:04.608,5,b2,0,0,-0.03663,-0.48918,0.04964,-5.7774,12.0455,-22.9466,-0.1283,-0.0312,-0.1657,4.69785,22.0,25.0,25.0,21.0,25.0,24.0,22.0,22.0,27.0,25.0,20.0,21.0,26.0,22.0,21.0,22.0,23.0,21.0,22.0,21.0,21.0,22.0,20.0,20.0,21.0,22.0,21.0,21.0,22.0,22.0,20.0,21.0,22.0,22.0,21.0,22.0,23.0,21.0,10.0,retract,0,0,2.6881
1788791644.6585,2026-09-07 16:34:04.658,5,b2,0,0,-0.03664,-0.48919,0.04971,-5.7672,11.7496,-22.8983,-0.1191,-0.0327,-0.1566,4.69911,22.0,25.0,25.0,21.0,25.0,24.0,22.0,22.0,27.0,25.0,20.0,21.0,26.0,22.0,21.0,22.0,23.0,21.0,22.0,21.0,21.0,22.0,20.0,20.0,21.0,22.0,21.0,21.0,22.0,22.0,20.0,21.0,22.0,22.0,21.0,22.0,23.0,21.0,10.0,retract,0,0,2.6769
1788791644.7086,2026-09-07 16:34:04.708,5,b2,0,0,-0.03665,-0.48921,0.04977,-5.9022,11.7429,-22.9851,-0.1209,-0.0359,-0.1622,4.70188,24.0,25.0,23.0,23.0,25.0,23.0,21.0,21.0,25.0,24.0,21.0,20.0,26.0,23.0,21.0,21.0,23.0,21.0,22.0,21.0,21.0,22.0,20.0,20.0,21.0,22.0,21.0,21.0,22.0,22.0,20.0,21.0,22.0,22.0,21.0,22.0,23.0,21.0,10.0,retract,0,0,2.6522
1788791644.759,2026-09-07 16:34:04.759,5,b2,0,0,-0.03662,-0.4892,0.04978,-5.8375,12.1564,-22.9193,-0.1307,-0.0318,-0.1663,4.68753,24.0,25.0,23.0,23.0,25.0,23.0,21.0,21.0,25.0,24.0,21.0,20.0,26.0,23.0,21.0,21.0,23.0,21.0,22.0,21.0,21.0,22.0,20.0,20.0,21.0,22.0,21.0,21.0,22.0,22.0,20.0,21.0,22.0,22.0,21.0,22.0,23.0,21.0,10.0,post,0,0,2.7799
1788791644.8091,2026-09-07 16:34:04.809,5,b2,0,0,-0.03664,-0.4892,0.04981,-5.7321,12.0191,-22.9533,-0.1238,-0.0317,-0.1695,4.69231,24.0,24.0,24.0,21.0,24.0,22.0,21.0,24.0,26.0,24.0,23.0,22.0,25.0,23.0,22.0,23.0,23.0,23.0,23.0,21.0,21.0,22.0,20.0,20.0,21.0,22.0,21.0,21.0,22.0,22.0,20.0,21.0,22.0,22.0,21.0,22.0,23.0,21.0,10.0,post,0,0,2.7373
1788791644.8591,2026-09-07 16:34:04.859,5,b2,0,0,-0.03664,-0.48921,0.0498,-5.3781,11.9217,-22.9697,-0.1227,-0.0211,-0.1579,4.69684,25.0,25.0,23.0,24.0,25.0,23.0,23.0,24.0,28.0,25.0,22.0,23.0,27.0,24.0,22.0,23.0,24.0,22.0,24.0,21.0,21.0,22.0,20.0,20.0,21.0,22.0,21.0,21.0,22.0,22.0,20.0,21.0,22.0,22.0,21.0,22.0,23.0,21.0,10.0,post,0,0,2.697
1788791644.9092,2026-09-07 16:34:04.909,5,b2,0,0,-0.03664,-0.48921,0.0498,-5.9819,12.3557,-22.8841,-0.1324,-0.0358,-0.1633,4.70087,25.0,25.0,23.0,24.0,25.0,23.0,23.0,24.0,28.0,25.0,22.0,23.0,27.0,24.0,22.0,23.0,24.0,22.0,24.0,21.0,21.0,22.0,20.0,20.0,21.0,22.0,21.0,21.0,22.0,22.0,20.0,21.0,22.0,22.0,21.0,22.0,23.0,21.0,10.0,post,0,0,2.6612
1788791644.9593,2026-09-07 16:34:04.959,5,b2,0,0,-0.03663,-0.4892,0.04982,-5.6823,11.9258,-23.142,-0.1217,-0.0302,-0.1602,4.69458,25.0,26.0,24.0,24.0,26.0,24.0,21.0,23.0,25.0,25.0,23.0,22.0,24.0,24.0,22.0,22.0,23.0,21.0,21.0,21.0,21.0,22.0,20.0,20.0,21.0,22.0,21.0,21.0,22.0,22.0,20.0,21.0,22.0,22.0,21.0,22.0,23.0,21.0,10.0,post,0,0,2.7172
1788791645.0094,2026-09-07 16:34:05.009,5,b2,0,0,-0.03664,-0.4892,0.0498,-5.4787,11.9199,-23.2152,-0.1238,-0.0236,-0.1602,4.68954,25.0,26.0,24.0,24.0,26.0,24.0,21.0,23.0,25.0,25.0,23.0,22.0,24.0,24.0,22.0,22.0,23.0,21.0,21.0,21.0,21.0,22.0,20.0,20.0,21.0,22.0,21.0,21.0,22.0,22.0,20.0,21.0,22.0,22.0,21.0,22.0,23.0,21.0,10.0,post,0,0,2.762
1788791645.0595,2026-09-07 16:34:05.059,5,b2,0,0,-0.03667,-0.48921,0.0498,-5.7725,11.6815,-23.0032,-0.1224,-0.0361,-0.1643,4.70137,23.0,23.0,23.0,23.0,24.0,23.0,22.0,22.0,26.0,26.0,23.0,21.0,25.0,24.0,22.0,21.0,24.0,22.0,22.0,21.0,21.0,22.0,20.0,20.0,21.0,22.0,21.0,21.0,22.0,22.0,20.0,21.0,22.0,22.0,21.0,22.0,23.0,21.0,10.0,post,0,0,2.6567
1788791645.1096,2026-09-07 16:34:05.109,5,b2,0,0,-0.03665,-0.48921,0.0498,-5.5047,11.9346,-23.0645,-0.1261,-0.0222,-0.1603,4.69634,22.0,25.0,24.0,21.0,24.0,23.0,23.0,21.0,27.0,24.0,23.0,21.0,26.0,23.0,23.0,21.0,23.0,22.0,20.0,21.0,21.0,22.0,20.0,20.0,21.0,22.0,21.0,21.0,22.0,22.0,20.0,21.0,22.0,22.0,21.0,22.0,23.0,21.0,10.0,post,0,0,2.7015
1788791645.1597,2026-09-07 16:34:05.159,5,b2,0,0,-0.03665,-0.48921,0.04981,-5.9411,12.0535,-22.9422,-0.1262,-0.0349,-0.1614,4.68727,22.0,25.0,24.0,21.0,24.0,23.0,23.0,21.0,27.0,24.0,23.0,21.0,26.0,23.0,23.0,21.0,23.0,22.0,20.0,21.0,21.0,22.0,20.0,20.0,21.0,22.0,21.0,21.0,22.0,22.0,20.0,21.0,22.0,22.0,21.0,22.0,23.0,21.0,10.0,post,0,0,2.7821
1788791645.2098,2026-09-07 16:34:05.209,5,b2,0,0,-0.03665,-0.48921,0.04981,-6.0542,12.0708,-22.9045,-0.1269,-0.0387,-0.164,4.69382,23.0,24.0,25.0,22.0,24.0,23.0,23.0,23.0,27.0,25.0,22.0,22.0,26.0,24.0,22.0,22.0,23.0,22.0,22.0,21.0,21.0,22.0,20.0,20.0,21.0,22.0,21.0,21.0,22.0,22.0,20.0,21.0,22.0,22.0,21.0,22.0,23.0,21.0,10.0,post,0,0,2.7239
1788791645.2599,2026-09-07 16:34:05.259,5,b2,0,0,-0.03666,-0.48921,0.04981,-5.8485,11.9551,-23.0535,-0.1259,-0.035,-0.1606,4.70389,23.0,24.0,25.0,22.0,24.0,23.0,23.0,23.0,27.0,25.0,22.0,22.0,26.0,24.0,22.0,22.0,23.0,22.0,22.0,21.0,21.0,22.0,20.0,20.0,21.0,22.0,21.0,21.0,22.0,22.0,20.0,21.0,22.0,22.0,21.0,22.0,23.0,21.0,10.0,post,0,0,2.6343
1788791645.31,2026-09-07 16:34:05.310,5,b2,0,0,-0.03663,-0.4892,0.04981,-5.5211,11.7703,-23.1312,-0.1225,-0.0262,-0.1596,4.6981,24.0,25.0,24.0,21.0,25.0,24.0,21.0,22.0,26.0,24.0,22.0,22.0,26.0,23.0,21.0,22.0,22.0,21.0,23.0,21.0,21.0,22.0,20.0,20.0,21.0,22.0,21.0,21.0,22.0,22.0,20.0,21.0,22.0,22.0,21.0,22.0,23.0,21.0,10.0,post,0,0,2.6858
1788791645.3601,2026-09-07 16:34:05.360,5,b2,0,0,-0.03665,-0.4892,0.04981,-5.5866,11.7947,-23.1102,-0.1199,-0.0267,-0.1609,4.69458,24.0,25.0,24.0,22.0,25.0,23.0,21.0,21.0,26.0,25.0,21.0,20.0,27.0,24.0,22.0,20.0,23.0,22.0,20.0,21.0,21.0,22.0,20.0,20.0,21.0,22.0,21.0,21.0,22.0,22.0,20.0,21.0,22.0,22.0,21.0,22.0,23.0,21.0,10.0,post,0,0,2.7172
1788791645.4102,2026-09-07 16:34:05.410,5,b2,0,0,-0.03665,-0.4892,0.0498,-5.941,12.3795,-23.1748,-0.1332,-0.0358,-0.1663,4.69382,24.0,25.0,24.0,22.0,25.0,23.0,21.0,21.0,26.0,25.0,21.0,20.0,27.0,24.0,22.0,20.0,23.0,22.0,20.0,21.0,21.0,22.0,20.0,20.0,21.0,22.0,21.0,21.0,22.0,22.0,20.0,21.0,22.0,22.0,21.0,22.0,23.0,21.0,10.0,post,0,0,2.7239
1788791645.4603,2026-09-07 16:34:05.460,5,b2,0,0,-0.03665,-0.4892,0.0498,-5.4626,11.6621,-23.3091,-0.1199,-0.0241,-0.1629,4.69936,22.0,26.0,25.0,21.0,25.0,23.0,21.0,23.0,28.0,26.0,23.0,23.0,25.0,25.0,23.0,23.0,25.0,23.0,23.0,21.0,21.0,22.0,20.0,20.0,21.0,22.0,21.0,21.0,22.0,22.0,20.0,21.0,22.0,22.0,21.0,22.0,23.0,21.0,10.0,post,0,0,2.6746
1788791645.5104,2026-09-07 16:34:05.510,5,b2,0,0,-0.03663,-0.48921,0.04981,-5.7899,12.1258,-23.1472,-0.1287,-0.0317,-0.1671,4.6908,22.0,26.0,25.0,21.0,25.0,23.0,21.0,23.0,28.0,26.0,23.0,23.0,25.0,25.0,23.0,23.0,25.0,23.0,23.0,21.0,21.0,22.0,20.0,20.0,21.0,22.0,21.0,21.0,22.0,22.0,20.0,21.0,22.0,22.0,21.0,22.0,23.0,21.0,10.0,post,0,0,2.7508
1788791645.5605,2026-09-07 16:34:05.560,5,b2,0,0,-0.03665,-0.48921,0.04981,-5.7591,11.9696,-23.1617,-0.1227,-0.0303,-0.166,4.69961,25.0,25.0,24.0,24.0,26.0,24.0,23.0,24.0,26.0,26.0,22.0,21.0,26.0,24.0,22.0,23.0,24.0,21.0,23.0,21.0,21.0,22.0,20.0,20.0,21.0,22.0,21.0,21.0,22.0,22.0,20.0,21.0,22.0,22.0,21.0,22.0,23.0,21.0,10.0,post,0,0,2.6724
1788791645.6106,2026-09-07 16:34:05.610,5,b2,0,0,-0.03666,-0.48922,0.04981,-5.8259,12.0944,-23.201,-0.13,-0.0332,-0.1592,4.69609,25.0,25.0,24.0,24.0,26.0,24.0,23.0,24.0,26.0,26.0,22.0,21.0,26.0,24.0,22.0,23.0,24.0,21.0,23.0,21.0,21.0,22.0,20.0,20.0,21.0,22.0,21.0,21.0,22.0,22.0,20.0,21.0,22.0,22.0,21.0,22.0,23.0,21.0,10.0,post,0,0,2.7037
1788791645.6607,2026-09-07 16:34:05.660,5,b2,0,0,-0.03664,-0.48921,0.04981,-5.6542,12.0997,-23.153,-0.1273,-0.0308,-0.1599,4.68979,23.0,26.0,25.0,23.0,25.0,23.0,22.0,22.0,29.0,25.0,22.0,22.0,27.0,23.0,22.0,23.0,22.0,23.0,22.0,21.0,21.0,22.0,20.0,20.0,21.0,22.0,21.0,21.0,22.0,22.0,20.0,21.0,22.0,22.0,21.0,22.0,23.0,21.0,10.0,post,0,0,2.7597
1788791645.7109,2026-09-07 16:34:05.710,5,b2,0,0,-0.03662,-0.4892,0.0498,-5.5145,11.8579,-23.1831,-0.1227,-0.0272,-0.1614,4.69986,22.0,26.0,24.0,23.0,26.0,23.0,23.0,21.0,26.0,25.0,20.0,20.0,25.0,23.0,22.0,21.0,23.0,23.0,22.0,21.0,21.0,22.0,20.0,20.0,21.0,22.0,21.0,21.0,22.0,22.0,20.0,21.0,22.0,22.0,21.0,22.0,23.0,21.0,10.0,post,0,0,2.6701
1788791645.7609,2026-09-07 16:34:05.760,5,b2,0,0,-0.03663,-0.48921,0.04982,-5.7045,11.8834,-23.0814,-0.1202,-0.03,-0.1612,4.69281,22.0,26.0,24.0,23.0,26.0,23.0,23.0,21.0,26.0,25.0,20.0,20.0,25.0,23.0,22.0,21.0,23.0,23.0,22.0,21.0,21.0,22.0,20.0,20.0,21.0,22.0,21.0,21.0,22.0,22.0,20.0,21.0,22.0,22.0,21.0,22.0,23.0,21.0,10.0,post,0,0,2.7329
1788791645.811,2026-09-07 16:34:05.811,5,b2,0,0,-0.03665,-0.48921,0.04981,-5.8092,11.9137,-23.0784,-0.119,-0.0323,-0.1625,4.6976,23.0,24.0,23.0,22.0,25.0,23.0,22.0,22.0,26.0,24.0,22.0,22.0,26.0,21.0,23.0,20.0,22.0,23.0,22.0,21.0,21.0,22.0,20.0,20.0,21.0,22.0,21.0,21.0,22.0,22.0,20.0,21.0,22.0,22.0,21.0,22.0,23.0,21.0,10.0,post,0,0,2.6903
1788791645.8611,2026-09-07 16:34:05.861,5,b2,0,0,-0.03665,-0.48921,0.0498,-5.6189,11.7944,-23.0929,-0.1209,-0.0284,-0.1678,4.70137,23.0,24.0,23.0,22.0,25.0,23.0,22.0,22.0,26.0,24.0,22.0,22.0,26.0,21.0,23.0,20.0,22.0,23.0,22.0,21.0,21.0,22.0,20.0,20.0,21.0,22.0,21.0,21.0,22.0,22.0,20.0,21.0,22.0,22.0,21.0,22.0,23.0,21.0,10.0,post,0,0,2.6567
1788791645.9113,2026-09-07 16:34:05.911,5,b2,0,0,-0.03664,-0.48921,0.0498,-5.5469,11.9946,-23.1206,-0.1266,-0.0314,-0.1618,4.68879,24.0,27.0,22.0,22.0,27.0,22.0,22.0,23.0,28.0,25.0,22.0,22.0,26.0,22.0,22.0,23.0,22.0,23.0,23.0,21.0,21.0,22.0,20.0,20.0,21.0,22.0,21.0,21.0,22.0,22.0,20.0,21.0,22.0,22.0,21.0,22.0,23.0,21.0,10.0,post,0,0,2.7687
1788791645.9614,2026-09-07 16:34:05.961,5,b2,0,0,-0.03663,-0.4892,0.0498,-5.5537,11.7555,-23.0015,-0.1201,-0.0282,-0.1641,4.69785,23.0,27.0,23.0,22.0,27.0,23.0,23.0,23.0,25.0,25.0,22.0,22.0,25.0,23.0,22.0,22.0,23.0,22.0,22.0,21.0,21.0,22.0,20.0,20.0,21.0,22.0,21.0,21.0,22.0,22.0,20.0,21.0,22.0,22.0,21.0,22.0,23.0,21.0,10.0,post,0,0,2.6881
1788791646.0115,2026-09-07 16:34:06.011,5,b2,0,0,-0.03666,-0.48921,0.0498,-5.9371,12.0268,-22.9584,-0.1264,-0.0357,-0.1629,4.68551,23.0,27.0,23.0,22.0,27.0,23.0,23.0,23.0,25.0,25.0,22.0,22.0,25.0,23.0,22.0,22.0,23.0,22.0,22.0,21.0,21.0,22.0,20.0,20.0,21.0,22.0,21.0,21.0,22.0,22.0,20.0,21.0,22.0,22.0,21.0,22.0,23.0,21.0,10.0,post,0,0,2.7978
1788791646.0616,2026-09-07 16:34:06.061,5,b2,0,0,-0.03666,-0.48921,0.04981,-5.6185,11.8999,-23.1454,-0.1216,-0.0312,-0.1642,4.69281,23.0,25.0,24.0,22.0,27.0,23.0,22.0,23.0,24.0,27.0,22.0,22.0,25.0,24.0,21.0,22.0,25.0,22.0,22.0,21.0,21.0,22.0,20.0,20.0,21.0,22.0,21.0,21.0,22.0,22.0,20.0,21.0,22.0,22.0,21.0,22.0,23.0,21.0,10.0,post,0,0,2.7329
1788791646.1118,2026-09-07 16:34:06.111,5,b2,0,0,-0.03664,-0.48921,0.04981,-5.8348,11.8303,-23.1141,-0.1226,-0.0349,-0.1728,4.69785,23.0,25.0,24.0,22.0,27.0,23.0,22.0,23.0,24.0,27.0,22.0,22.0,25.0,24.0,21.0,22.0,25.0,22.0,22.0,21.0,21.0,22.0,20.0,20.0,21.0,22.0,21.0,21.0,22.0,22.0,20.0,21.0,22.0,22.0,21.0,22.0,23.0,21.0,10.0,post,0,0,2.6881
1788791646.1619,2026-09-07 16:34:06.161,5,b2,0,0,-0.03663,-0.48921,0.04982,-6.0578,11.8746,-22.9819,-0.121,-0.0384,-0.1641,4.69306,25.0,24.0,24.0,23.0,23.0,24.0,22.0,24.0,27.0,26.0,22.0,23.0,25.0,24.0,21.0,23.0,23.0,22.0,23.0,21.0,21.0,22.0,20.0,20.0,21.0,22.0,21.0,21.0,22.0,22.0,20.0,21.0,22.0,22.0,21.0,22.0,23.0,21.0,10.0,post,0,0,2.7306
1788791646.212,2026-09-07 16:34:06.212,5,b2,0,0,-0.03663,-0.48921,0.04981,-5.6443,11.6846,-23.2462,-0.1172,-0.0284,-0.1632,4.70188,24.0,25.0,24.0,24.0,25.0,23.0,21.0,25.0,26.0,26.0,23.0,23.0,26.0,25.0,21.0,24.0,22.0,22.0,24.0,21.0,21.0,22.0,20.0,20.0,21.0,22.0,21.0,21.0,22.0,22.0,20.0,21.0,22.0,22.0,21.0,22.0,23.0,21.0,10.0,post,0,0,2.6522
1788791646.2621,2026-09-07 16:34:06.262,5,b2,0,0,-0.03666,-0.4892,0.04981,-5.7249,11.6985,-23.2718,-0.116,-0.0314,-0.1637,4.70011,24.0,25.0,24.0,24.0,25.0,23.0,21.0,25.0,26.0,26.0,23.0,23.0,26.0,25.0,21.0,24.0,22.0,22.0,24.0,21.0,21.0,22.0,20.0,20.0,21.0,22.0,21.0,21.0,22.0,22.0,20.0,21.0,22.0,22.0,21.0,22.0,23.0,21.0,10.0,post,0,0,2.6679
1788791646.3122,2026-09-07 16:34:06.312,5,b2,0,0,-0.03666,-0.48921,0.04981,-5.6453,11.8073,-23.0209,-0.1207,-0.0285,-0.1643,4.6903,25.0,24.0,24.0,24.0,25.0,23.0,22.0,22.0,28.0,24.0,23.0,21.0,27.0,22.0,22.0,20.0,23.0,21.0,22.0,21.0,21.0,22.0,20.0,20.0,21.0,22.0,21.0,21.0,22.0,22.0,20.0,21.0,22.0,22.0,21.0,22.0,23.0,21.0,10.0,post,0,0,2.7553
1788791646.3624,2026-09-07 16:34:06.362,5,b2,0,0,-0.03664,-0.48919,0.04979,-5.6975,11.6713,-23.1001,-0.1163,-0.0295,-0.1636,4.69055,25.0,24.0,24.0,24.0,25.0,23.0,22.0,22.0,28.0,24.0,23.0,21.0,27.0,22.0,22.0,20.0,23.0,21.0,22.0,21.0,21.0,22.0,20.0,20.0,21.0,22.0,21.0,21.0,22.0,22.0,20.0,21.0,22.0,22.0,21.0,22.0,23.0,21.0,10.0,post,0,0,2.753
1788791646.4125,2026-09-07 16:34:06.412,5,b2,0,0,-0.03662,-0.4892,0.0498,-5.5293,11.8422,-23.1995,-0.1235,-0.0271,-0.1604,4.69735,22.0,26.0,25.0,20.0,27.0,23.0,21.0,22.0,26.0,26.0,21.0,21.0,26.0,24.0,22.0,21.0,24.0,21.0,22.0,21.0,21.0,22.0,20.0,20.0,21.0,22.0,21.0,21.0,22.0,22.0,20.0,21.0,22.0,22.0,21.0,22.0,23.0,21.0,10.0,post,0,0,2.6925
1788791646.4625,2026-09-07 16:34:06.462,5,b2,0,0,-0.03663,-0.48921,0.0498,-5.577,11.9408,-23.0727,-0.1218,-0.029,-0.16,4.69055,23.0,24.0,24.0,23.0,24.0,24.0,22.0,22.0,27.0,24.0,21.0,22.0,27.0,22.0,22.0,22.0,22.0,21.0,23.0,21.0,21.0,22.0,20.0,20.0,21.0,22.0,21.0,21.0,22.0,22.0,20.0,21.0,22.0,22.0,21.0,22.0,23.0,21.0,10.0,post,0,0,2.753
1788791646.5126,2026-09-07 16:34:06.512,5,b2,0,0,-0.03663,-0.48922,0.04981,-5.4341,11.7514,-23.0851,-0.1185,-0.0241,-0.1551,4.69911,23.0,24.0,24.0,23.0,24.0,24.0,22.0,22.0,27.0,24.0,21.0,22.0,27.0,22.0,22.0,22.0,22.0,21.0,23.0,21.0,21.0,22.0,20.0,20.0,21.0,22.0,21.0,21.0,22.0,22.0,20.0,21.0,22.0,22.0,21.0,22.0,23.0,21.0,10.0,post,0,0,2.6769
1788791646.5628,2026-09-07 16:34:06.562,5,b2,0,0,-0.03665,-0.4892,0.0498,-5.6825,11.7049,-23.0797,-0.1192,-0.0319,-0.1653,4.69735,22.0,27.0,23.0,21.0,26.0,21.0,21.0,22.0,27.0,24.0,22.0,21.0,26.0,23.0,22.0,20.0,24.0,22.0,20.0,21.0,21.0,22.0,20.0,20.0,21.0,22.0,21.0,21.0,22.0,22.0,20.0,21.0,22.0,22.0,21.0,22.0,23.0,21.0,10.0,post,0,0,2.6925
1788791646.6129,2026-09-07 16:34:06.612,5,b2,0,0,-0.03665,-0.48921,0.0498,-5.7052,11.7451,-23.0788,-0.1162,-0.0324,-0.1683,4.68979,22.0,27.0,23.0,21.0,26.0,21.0,21.0,22.0,27.0,24.0,22.0,21.0,26.0,23.0,22.0,20.0,24.0,22.0,20.0,21.0,21.0,22.0,20.0,20.0,21.0,22.0,21.0,21.0,22.0,22.0,20.0,21.0,22.0,22.0,21.0,22.0,23.0,21.0,10.0,post,0,0,2.7597
1788791646.663,2026-09-07 16:34:06.662,5,b2,0,0,-0.03664,-0.4892,0.0498,-5.7261,11.7901,-23.165,-0.1191,-0.0324,-0.1633,4.69306,23.0,26.0,24.0,19.0,26.0,23.0,23.0,22.0,26.0,23.0,23.0,21.0,25.0,23.0,23.0,22.0,22.0,23.0,23.0,21.0,21.0,22.0,20.0,20.0,21.0,22.0,21.0,21.0,22.0,22.0,20.0,21.0,22.0,22.0,21.0,22.0,23.0,21.0,10.0,post,0,0,2.7306
1788791646.7131,2026-09-07 16:34:06.713,5,b2,0,0,-0.03665,-0.4892,0.0498,-5.5372,11.668,-23.0465,-0.1181,-0.025,-0.1704,4.70011,23.0,26.0,24.0,19.0,26.0,23.0,23.0,22.0,26.0,23.0,23.0,21.0,25.0,23.0,23.0,22.0,22.0,23.0,23.0,21.0,21.0,22.0,20.0,20.0,21.0,22.0,21.0,21.0,22.0,22.0,20.0,21.0,22.0,22.0,21.0,22.0,23.0,21.0,10.0,post,0,0,2.6679
1788791646.7632,2026-09-07 16:34:06.763,1,a1,0,0,-0.03658,-0.48902,0.04985,-5.7911,12.0045,-22.976,-0.1249,-0.0327,-0.1624,4.68677,24.0,24.0,22.0,22.0,25.0,22.0,23.0,19.0,28.0,26.0,24.0,19.0,28.0,24.0,23.0,20.0,23.0,24.0,21.0,21.0,21.0,22.0,20.0,20.0,21.0,22.0,21.0,21.0,22.0,22.0,20.0,21.0,22.0,22.0,21.0,22.0,23.0,21.0,10.0,locate,0,0,2.7866
1788791646.8132,2026-09-07 16:34:06.813,1,a1,0,0,-0.03617,-0.48814,0.04993,-5.9898,12.004,-22.9877,-0.1266,-0.0425,-0.1048,4.69432,22.0,26.0,24.0,20.0,26.0,24.0,23.0,21.0,27.0,27.0,24.0,20.0,26.0,24.0,23.0,21.0,23.0,24.0,21.0,21.0,21.0,22.0,20.0,20.0,21.0,22.0,21.0,21.0,22.0,22.0,20.0,21.0,22.0,22.0,21.0,22.0,23.0,21.0,10.0,locate,0,0,2.7194
1788791646.8633,2026-09-07 16:34:06.863,1,a1,0,0,-0.03542,-0.48664,0.04991,-6.0942,11.8185,-23.1753,-0.1196,-0.0451,0.0047,4.69583,22.0,26.0,24.0,20.0,26.0,24.0,23.0,21.0,27.0,27.0,24.0,20.0,26.0,24.0,23.0,21.0,23.0,24.0,21.0,21.0,21.0,22.0,20.0,20.0,21.0,22.0,21.0,21.0,22.0,22.0,20.0,21.0,22.0,22.0,21.0,22.0,23.0,21.0,10.0,locate,0,0,2.706
1788791646.9134,2026-09-07 16:34:06.913,1,a1,0,0,-0.03449,-0.48475,0.04986,-5.8764,11.8975,-23.5488,-0.1227,-0.0432,0.0959,4.69785,22.0,25.0,25.0,20.0,25.0,23.0,22.0,23.0,27.0,25.0,22.0,22.0,26.0,23.0,22.0,22.0,23.0,22.0,22.0,21.0,21.0,22.0,20.0,20.0,21.0,22.0,21.0,21.0,22.0,22.0,20.0,21.0,22.0,22.0,21.0,22.0,23.0,21.0,10.0,locate,0,0,2.6881
1788791646.9635,2026-09-07 16:34:06.963,1,a1,0,0,-0.0339,-0.48349,0.04987,-6.344,12.3291,-23.3301,-0.1353,-0.0675,0.0957,4.69961,22.0,25.0,25.0,20.0,25.0,23.0,22.0,23.0,27.0,25.0,22.0,22.0,26.0,23.0,22.0,22.0,23.0,22.0,22.0,21.0,21.0,22.0,20.0,20.0,21.0,22.0,21.0,21.0,22.0,22.0,20.0,21.0,22.0,22.0,21.0,22.0,23.0,21.0,10.0,locate,0,0,2.6724
1788791647.0136,2026-09-07 16:34:07.013,1,a1,0,0,-0.03362,-0.48281,0.04982,-6.4202,12.3118,-23.3127,-0.1319,-0.0724,0.0976,4.69634,24.0,25.0,24.0,24.0,26.0,23.0,22.0,21.0,27.0,24.0,23.0,20.0,25.0,24.0,23.0,21.0,24.0,22.0,22.0,21.0,21.0,22.0,20.0,20.0,21.0,22.0,21.0,21.0,22.0,22.0,20.0,21.0,22.0,22.0,21.0,22.0,23.0,21.0,10.0,locate,0,0,2.7015
1788791647.0638,2026-09-07 16:34:07.063,1,a1,0,0,-0.03362,-0.48278,0.0498,-6.2702,11.8565,-23.3363,-0.125,-0.0647,0.0679,4.6913,22.0,24.0,24.0,21.0,26.0,24.0,23.0,22.0,27.0,26.0,23.0,21.0,27.0,23.0,24.0,23.0,22.0,22.0,22.0,21.0,21.0,22.0,20.0,20.0,21.0,22.0,21.0,21.0,22.0,22.0,20.0,21.0,22.0,22.0,21.0,22.0,23.0,21.0,10.0,locate,0,0,2.7463
1788791647.1139,2026-09-07 16:34:07.113,1,a1,0,0,-0.0336,-0.48278,0.0498,-6.3076,11.6515,-23.3527,-0.1177,-0.0617,0.0555,4.69558,22.0,24.0,24.0,21.0,26.0,24.0,23.0,22.0,27.0,26.0,23.0,21.0,27.0,23.0,24.0,23.0,22.0,22.0,22.0,21.0,21.0,22.0,20.0,20.0,21.0,22.0,21.0,21.0,22.0,22.0,20.0,21.0,22.0,22.0,21.0,22.0,23.0,21.0,10.0,locate,0,0,2.7082
1788791647.164,2026-09-07 16:34:07.164,1,a1,0,0,-0.03357,-0.48278,0.04981,-6.1567,11.682,-23.2956,-0.1163,-0.0655,0.0515,4.70364,22.0,27.0,24.0,20.0,28.0,24.0,23.0,22.0,25.0,25.0,23.0,20.0,24.0,23.0,22.0,21.0,23.0,23.0,19.0,21.0,21.0,22.0,20.0,20.0,21.0,22.0,21.0,21.0,22.0,22.0,20.0,21.0,22.0,22.0,21.0,22.0,23.0,21.0,10.0,locate,0,0,2.6365
1788791647.2142,2026-09-07 16:34:07.214,1,a1,0,0,-0.03354,-0.48278,0.04979,-6.1954,11.8666,-23.4796,-0.1211,-0.0626,0.041,4.69055,22.0,27.0,24.0,20.0,28.0,24.0,23.0,22.0,25.0,25.0,23.0,20.0,24.0,23.0,22.0,21.0,23.0,23.0,19.0,21.0,21.0,22.0,20.0,20.0,21.0,22.0,21.0,21.0,22.0,22.0,20.0,21.0,22.0,22.0,21.0,22.0,23.0,21.0,10.0,locate,0,0,2.753
1788791647.2643,2026-09-07 16:34:07.264,1,a1,0,0,-0.03355,-0.48277,0.04979,-6.4305,11.6417,-23.2207,-0.1118,-0.0704,0.0363,4.69709,22.0,25.0,25.0,21.0,26.0,22.0,22.0,23.0,25.0,25.0,23.0,22.0,25.0,23.0,22.0,22.0,23.0,21.0,22.0,21.0,21.0,22.0,20.0,20.0,21.0,22.0,21.0,21.0,22.0,22.0,20.0,21.0,22.0,22.0,21.0,22.0,23.0,21.0,10.0,locate,0,0,2.6948
1788791647.3144,2026-09-07 16:34:07.314,1,a1,0,0,-0.03354,-0.48278,0.0498,-6.0559,12.1196,-23.2913,-0.1239,-0.0609,0.0329,4.69785,23.0,27.0,23.0,21.0,26.0,22.0,22.0,23.0,25.0,26.0,21.0,22.0,25.0,23.0,21.0,23.0,24.0,20.0,23.0,21.0,21.0,22.0,20.0,20.0,21.0,22.0,21.0,21.0,22.0,22.0,20.0,21.0,22.0,22.0,21.0,22.0,23.0,21.0,10.0,locate,0,0,2.6881
1788791647.3645,2026-09-07 16:34:07.364,1,a1,0,0,-0.03356,-0.48278,0.0498,-6.2163,11.6497,-23.3031,-0.1179,-0.063,0.0284,4.70062,23.0,27.0,23.0,21.0,26.0,22.0,22.0,23.0,25.0,26.0,21.0,22.0,25.0,23.0,21.0,23.0,24.0,20.0,23.0,21.0,21.0,22.0,20.0,20.0,21.0,22.0,21.0,21.0,22.0,22.0,20.0,21.0,22.0,22.0,21.0,22.0,23.0,21.0,10.0,locate,0,0,2.6634
1788791647.4147,2026-09-07 16:34:07.414,1,a1,0,0,-0.03354,-0.48276,0.0498,-6.0183,11.587,-23.2454,-0.1102,-0.0589,0.0273,4.68476,24.0,25.0,25.0,22.0,25.0,24.0,22.0,22.0,25.0,25.0,19.0,22.0,25.0,22.0,21.0,21.0,23.0,21.0,22.0,21.0,21.0,22.0,20.0,20.0,21.0,22.0,21.0,21.0,22.0,22.0,20.0,21.0,22.0,22.0,21.0,22.0,23.0,21.0,10.0,locate,0,0,2.8045
1788791647.4648,2026-09-07 16:34:07.464,1,a1,0,0,-0.03353,-0.48277,0.04981,-6.1307,11.7885,-23.329,-0.1183,-0.0617,0.0184,4.69609,24.0,25.0,25.0,22.0,25.0,24.0,22.0,22.0,25.0,25.0,19.0,22.0,25.0,22.0,21.0,21.0,23.0,21.0,22.0,21.0,21.0,22.0,20.0,20.0,21.0,22.0,21.0,21.0,22.0,22.0,20.0,21.0,22.0,22.0,21.0,22.0,23.0,21.0,10.0,locate,0,0,2.7037
1788791647.5149,2026-09-07 16:34:07.514,1,a1,0,0,-0.03355,-0.48277,0.04981,-6.3113,11.6099,-23.2557,-0.1125,-0.0657,0.0227,4.70137,23.0,26.0,24.0,22.0,25.0,23.0,20.0,25.0,25.0,25.0,21.0,24.0,25.0,23.0,21.0,24.0,24.0,22.0,25.0,21.0,21.0,22.0,20.0,20.0,21.0,22.0,21.0,21.0,22.0,22.0,20.0,21.0,22.0,22.0,21.0,22.0,23.0,21.0,10.0,locate,0,0,2.6567
1788791647.565,2026-09-07 16:34:07.565,1,a1,0,0,-0.03353,-0.48276,0.04981,-6.3194,12.002,-23.2278,-0.1219,-0.0686,0.0139,4.68954,26.0,25.0,26.0,25.0,26.0,24.0,23.0,23.0,27.0,25.0,20.0,23.0,26.0,23.0,22.0,22.0,24.0,22.0,23.0,21.0,21.0,22.0,20.0,20.0,21.0,22.0,21.0,21.0,22.0,22.0,20.0,21.0,22.0,22.0,21.0,22.0,23.0,21.0,10.0,locate,0,0,2.762
1788791647.6151,2026-09-07 16:34:07.615,1,a1,0,0,-0.03352,-0.48277,0.04981,-6.2047,11.7352,-23.1243,-0.1153,-0.0633,0.0135,4.69986,26.0,25.0,26.0,25.0,26.0,24.0,23.0,23.0,27.0,25.0,20.0,23.0,26.0,23.0,22.0,22.0,24.0,22.0,23.0,21.0,21.0,22.0,20.0,20.0,21.0,22.0,21.0,21.0,22.0,22.0,20.0,21.0,22.0,22.0,21.0,22.0,23.0,21.0,10.0,locate,0,0,2.6701
1788791647.6653,2026-09-07 16:34:07.665,1,a1,0,0,-0.03353,-0.48276,0.04981,-6.5741,11.4282,-23.2935,-0.1084,-0.0732,0.0031,4.68325,23.0,26.0,26.0,23.0,27.0,23.0,21.0,22.0,28.0,25.0,21.0,21.0,25.0,23.0,21.0,22.0,24.0,20.0,22.0,21.0,21.0,22.0,20.0,20.0,21.0,22.0,21.0,21.0,22.0,22.0,20.0,21.0,22.0,22.0,21.0,22.0,23.0,21.0,10.0,locate,0,0,2.818
1788791647.7154,2026-09-07 16:34:07.715,1,a1,0,0,-0.03353,-0.48278,0.04982,-6.3407,11.6428,-23.1456,-0.1115,-0.0663,0.0067,4.70414,23.0,26.0,26.0,23.0,27.0,23.0,21.0,22.0,28.0,25.0,21.0,21.0,25.0,23.0,21.0,22.0,24.0,20.0,22.0,21.0,21.0,22.0,20.0,20.0,21.0,22.0,21.0,21.0,22.0,22.0,20.0,21.0,22.0,22.0,21.0,22.0,23.0,21.0,10.0,locate,0,0,2.6321
1788791647.7657,2026-09-07 16:34:07.765,1,a1,0,0,-0.03354,-0.48276,0.04981,-6.0841,11.6879,-23.1304,-0.1149,-0.0618,0.0027,4.6908,23.0,26.0,25.0,21.0,27.0,23.0,22.0,23.0,25.0,23.0,21.0,22.0,24.0,22.0,21.0,23.0,23.0,21.0,23.0,21.0,21.0,22.0,20.0,20.0,21.0,22.0,21.0,21.0,22.0,22.0,20.0,21.0,22.0,22.0,21.0,22.0,23.0,21.0,10.0,locate,0,0,2.7508
1788791647.8158,2026-09-07 16:34:07.815,1,a1,0,0,-0.03353,-0.48275,0.0498,-6.1615,11.8056,-23.1472,-0.117,-0.063,0.0008,4.69181,23.0,26.0,25.0,21.0,27.0,23.0,22.0,23.0,25.0,23.0,21.0,22.0,24.0,22.0,21.0,23.0,23.0,21.0,23.0,21.0,21.0,22.0,20.0,20.0,21.0,22.0,21.0,21.0,22.0,22.0,20.0,21.0,22.0,22.0,21.0,22.0,23.0,21.0,10.0,locate,0,0,2.7418
1788791647.8659,2026-09-07 16:34:07.865,1,a1,0,0,-0.03354,-0.48275,0.0498,-6.3098,12.2003,-23.0605,-0.128,-0.068,-0.0058,4.70162,23.0,26.0,23.0,22.0,25.0,23.0,22.0,23.0,27.0,24.0,22.0,22.0,26.0,22.0,21.0,23.0,23.0,20.0,23.0,21.0,21.0,22.0,20.0,20.0,21.0,22.0,21.0,21.0,22.0,22.0,20.0,21.0,22.0,22.0,21.0,22.0,23.0,21.0,10.0,locate,0,0,2.6545
1788791647.9161,2026-09-07 16:34:07.916,1,a1,0,0,-0.03353,-0.48278,0.04981,-6.1332,11.9438,-23.1324,-0.1194,-0.0615,0.003,4.69558,24.0,28.0,23.0,23.0,27.0,22.0,23.0,20.0,28.0,23.0,21.0,19.0,25.0,22.0,21.0,19.0,22.0,21.0,20.0,21.0,21.0,22.0,20.0,20.0,21.0,22.0,21.0,21.0,22.0,22.0,20.0,21.0,22.0,22.0,21.0,22.0,23.0,21.0,10.0,locate,0,0,2.7082
1788791647.9662,2026-09-07 16:34:07.966,1,a1,0,0,-0.03353,-0.48275,0.04979,-6.3253,11.563,-23.1168,-0.1111,-0.0665,0.0034,4.68828,24.0,28.0,23.0,23.0,27.0,22.0,23.0,20.0,28.0,23.0,21.0,19.0,25.0,22.0,21.0,19.0,22.0,21.0,20.0,21.0,21.0,22.0,20.0,20.0,21.0,22.0,21.0,21.0,22.0,22.0,20.0,21.0,22.0,22.0,21.0,22.0,23.0,21.0,10.0,locate,0,0,2.7732
1788791648.0164,2026-09-07 16:34:08.016,1,a1,0,0,-0.03353,-0.48276,0.04981,-6.3771,11.6523,-22.9001,-0.1178,-0.0674,-0.0067,4.6908,22.0,28.0,23.0,21.0,28.0,21.0,22.0,21.0,25.0,26.0,21.0,20.0,24.0,23.0,21.0,20.0,23.0,20.0,20.0,21.0,21.0,22.0,20.0,20.0,21.0,22.0,21.0,21.0,22.0,22.0,20.0,21.0,22.0,22.0,21.0,22.0,23.0,21.0,10.0,locate,0,0,2.7508
1788791648.0665,2026-09-07 16:34:08.066,1,a1,0,0,-0.03354,-0.48276,0.04981,-6.2994,12.0314,-22.8457,-0.1242,-0.064,-0.0065,4.70238,22.0,28.0,23.0,21.0,28.0,21.0,22.0,21.0,25.0,26.0,21.0,20.0,24.0,23.0,21.0,20.0,23.0,20.0,20.0,21.0,21.0,22.0,20.0,20.0,21.0,22.0,21.0,21.0,22.0,22.0,20.0,21.0,22.0,22.0,21.0,22.0,23.0,21.0,10.0,locate,0,0,2.6477
1788791648.1166,2026-09-07 16:34:08.116,1,a1,0,0,-0.03354,-0.48276,0.04981,-6.4876,11.9252,-22.8725,-0.1196,-0.0694,-0.0148,4.69382,20.0,26.0,26.0,18.0,24.0,24.0,21.0,21.0,27.0,24.0,21.0,20.0,26.0,23.0,22.0,21.0,23.0,22.0,22.0,21.0,21.0,22.0,20.0,20.0,21.0,22.0,21.0,21.0,22.0,22.0,20.0,21.0,22.0,22.0,21.0,22.0,23.0,21.0,10.0,locate,0,0,2.7239
1788791648.1667,2026-09-07 16:34:08.166,1,a1,0,0,-0.03353,-0.48276,0.04981,-6.4377,12.1798,-22.7468,-0.1237,-0.0703,-0.0117,4.69105,23.0,27.0,24.0,22.0,26.0,22.0,21.0,22.0,25.0,24.0,21.0,21.0,25.0,23.0,21.0,22.0,23.0,22.0,22.0,21.0,21.0,22.0,20.0,20.0,21.0,22.0,21.0,21.0,22.0,22.0,20.0,21.0,22.0,22.0,21.0,22.0,23.0,21.0,10.0,locate,0,0,2.7485
1788791648.2168,2026-09-07 16:34:08.216,1,a1,0,0,-0.03353,-0.48276,0.04981,-6.3331,12.0089,-22.8235,-0.1229,-0.0683,-0.0085,4.70112,23.0,27.0,24.0,22.0,26.0,22.0,21.0,22.0,25.0,24.0,21.0,21.0,25.0,23.0,21.0,22.0,23.0,22.0,22.0,21.0,21.0,22.0,20.0,20.0,21.0,22.0,21.0,21.0,22.0,22.0,20.0,21.0,22.0,22.0,21.0,22.0,23.0,21.0,10.0,locate,0,0,2.6589
1788791648.2669,2026-09-07 16:34:08.266,1,a1,0,0,-0.03354,-0.48275,0.04979,-6.2526,11.6783,-22.876,-0.1132,-0.0655,-0.0157,4.68702,26.0,26.0,25.0,23.0,26.0,22.0,21.0,20.0,27.0,25.0,21.0,19.0,27.0,23.0,21.0,20.0,22.0,21.0,20.0,21.0,21.0,22.0,20.0,20.0,21.0,22.0,21.0,21.0,22.0,22.0,20.0,21.0,22.0,22.0,21.0,22.0,23.0,21.0,10.0,locate,0,0,2.7844
1788791648.317,2026-09-07 16:34:08.316,1,a1,0,0,-0.03356,-0.48276,0.04981,-6.1961,11.6981,-23.0017,-0.1127,-0.0639,-0.0132,4.69709,26.0,26.0,25.0,23.0,26.0,22.0,21.0,20.0,27.0,25.0,21.0,19.0,27.0,23.0,21.0,20.0,22.0,21.0,20.0,21.0,21.0,22.0,20.0,20.0,21.0,22.0,21.0,21.0,22.0,22.0,20.0,21.0,22.0,22.0,21.0,22.0,23.0,21.0,10.0,locate,0,0,2.6948
1788791648.3671,2026-09-07 16:34:08.367,1,a1,0,0,-0.03353,-0.48277,0.04981,-6.1758,11.7545,-22.8914,-0.1159,-0.0643,-0.0105,4.69155,24.0,27.0,23.0,21.0,27.0,22.0,21.0,22.0,26.0,25.0,21.0,22.0,25.0,23.0,22.0,21.0,22.0,21.0,20.0,21.0,21.0,22.0,20.0,20.0,21.0,22.0,21.0,21.0,22.0,22.0,20.0,21.0,22.0,22.0,21.0,22.0,23.0,21.0,10.0,locate,0,0,2.7441
1788791648.4172,2026-09-07 16:34:08.417,1,a1,0,0,-0.03353,-0.48276,0.04981,-6.3992,12.2133,-22.9833,-0.1271,-0.066,-0.0142,4.69256,23.0,26.0,24.0,21.0,25.0,22.0,21.0,21.0,26.0,25.0,21.0,20.0,26.0,24.0,21.0,22.0,23.0,20.0,23.0,21.0,21.0,22.0,20.0,20.0,21.0,22.0,21.0,21.0,22.0,22.0,20.0,21.0,22.0,22.0,21.0,22.0,23.0,21.0,10.0,locate,0,0,2.7351
1788791648.4674,2026-09-07 16:34:08.467,1,a1,0,0,-0.03356,-0.48277,0.04982,-6.5843,11.796,-22.9736,-0.1159,-0.078,-0.0165,4.69986,23.0,26.0,24.0,21.0,25.0,22.0,21.0,21.0,26.0,25.0,21.0,20.0,26.0,24.0,21.0,22.0,23.0,20.0,23.0,21.0,21.0,22.0,20.0,20.0,21.0,22.0,21.0,21.0,22.0,22.0,20.0,21.0,22.0,22.0,21.0,22.0,23.0,21.0,10.0,locate,0,0,2.6701
1788791648.5175,2026-09-07 16:34:08.517,1,a1,0,0,-0.03354,-0.48278,0.04981,-6.4568,12.1408,-22.7722,-0.127,-0.0716,-0.0157,4.68853,22.0,26.0,24.0,23.0,27.0,23.0,20.0,22.0,27.0,24.0,22.0,22.0,27.0,22.0,20.0,22.0,21.0,20.0,21.0,21.0,21.0,22.0,20.0,20.0,21.0,22.0,21.0,21.0,22.0,22.0,20.0,21.0,22.0,22.0,21.0,22.0,23.0,21.0,10.0,locate,0,0,2.7709
1788791648.5676,2026-09-07 16:34:08.567,1,a1,0,0,-0.03353,-0.48276,0.04979,-6.1122,11.7658,-22.8222,-0.1174,-0.0608,-0.0081,4.6976,22.0,26.0,24.0,23.0,27.0,23.0,20.0,22.0,27.0,24.0,22.0,22.0,27.0,22.0,20.0,22.0,21.0,20.0,21.0,21.0,21.0,22.0,20.0,20.0,21.0,22.0,21.0,21.0,22.0,22.0,20.0,21.0,22.0,22.0,21.0,22.0,23.0,21.0,10.0,locate,0,0,2.6903
1788791648.6177,2026-09-07 16:34:08.617,1,a1,0,0,-0.03355,-0.48275,0.04979,-6.5852,12.1719,-22.8693,-0.1276,-0.0739,-0.0154,4.70037,24.0,27.0,23.0,23.0,27.0,23.0,21.0,20.0,26.0,24.0,21.0,19.0,25.0,23.0,21.0,19.0,24.0,21.0,20.0,21.0,21.0,22.0,20.0,20.0,21.0,22.0,21.0,21.0,22.0,22.0,20.0,21.0,22.0,22.0,21.0,22.0,23.0,21.0,10.0,locate,0,0,2.6657
1788791648.6679,2026-09-07 16:34:08.667,1,a1,0,0,-0.03352,-0.48276,0.0498,-6.3181,11.9362,-23.0586,-0.1162,-0.0675,-0.0137,4.68929,21.0,27.0,24.0,20.0,26.0,23.0,22.0,22.0,26.0,24.0,22.0,20.0,26.0,23.0,21.0,20.0,24.0,21.0,19.0,21.0,21.0,22.0,20.0,20.0,21.0,22.0,21.0,21.0,22.0,22.0,20.0,21.0,22.0,22.0,21.0,22.0,23.0,21.0,10.0,locate,0,0,2.7642
1788791648.718,2026-09-07 16:34:08.717,1,a1,0,0,-0.03355,-0.48275,0.0498,-6.6718,12.1979,-22.7352,-0.1247,-0.074,-0.0223,4.68828,21.0,27.0,24.0,20.0,26.0,23.0,22.0,22.0,26.0,24.0,22.0,20.0,26.0,23.0,21.0,20.0,24.0,21.0,19.0,21.0,21.0,22.0,20.0,20.0,21.0,22.0,21.0,21.0,22.0,22.0,20.0,21.0,22.0,22.0,21.0,22.0,23.0,21.0,10.0,locate,0,0,2.7732
1788791648.7681,2026-09-07 16:34:08.768,1,a1,0,0,-0.03356,-0.48277,0.04981,-6.5659,11.8322,-22.6287,-0.1148,-0.0737,-0.0175,4.69785,24.0,25.0,26.0,22.0,25.0,23.0,22.0,20.0,26.0,25.0,21.0,19.0,25.0,23.0,22.0,19.0,23.0,21.0,21.0,21.0,21.0,22.0,20.0,20.0,21.0,22.0,21.0,21.0,22.0,22.0,20.0,21.0,22.0,22.0,21.0,22.0,23.0,21.0,10.0,locate,0,0,2.6881
1788791648.8182,2026-09-07 16:34:08.818,1,a1,0,0,-0.03354,-0.48278,0.04982,-6.4238,12.2619,-22.9371,-0.127,-0.0705,-0.0155,4.69558,24.0,25.0,26.0,22.0,25.0,23.0,22.0,20.0,26.0,25.0,21.0,19.0,25.0,23.0,22.0,19.0,23.0,21.0,21.0,21.0,21.0,22.0,20.0,20.0,21.0,22.0,21.0,21.0,22.0,22.0,20.0,21.0,22.0,22.0,21.0,22.0,23.0,21.0,10.0,locate,0,0,2.7082
1788791648.8683,2026-09-07 16:34:08.868,1,a1,0,0,-0.03354,-0.48276,0.04981,-6.5753,12.2192,-22.8447,-0.1278,-0.074,-0.024,4.68753,22.0,25.0,25.0,20.0,26.0,24.0,21.0,23.0,26.0,25.0,22.0,22.0,25.0,23.0,21.0,21.0,22.0,22.0,23.0,21.0,21.0,22.0,20.0,20.0,21.0,22.0,21.0,21.0,22.0,22.0,20.0,21.0,22.0,22.0,21.0,22.0,23.0,21.0,10.0,locate,0,0,2.7799
1788791648.9185,2026-09-07 16:34:08.918,1,a1,0,0,-0.03355,-0.48276,0.0498,-6.374,11.8304,-22.8275,-0.1215,-0.07,-0.0172,4.69533,22.0,25.0,25.0,20.0,26.0,24.0,21.0,23.0,26.0,25.0,22.0,22.0,25.0,23.0,21.0,21.0,22.0,22.0,23.0,21.0,21.0,22.0,20.0,20.0,21.0,22.0,21.0,21.0,22.0,22.0,20.0,21.0,22.0,22.0,21.0,22.0,23.0,21.0,10.0,locate,0,0,2.7105
1788791648.9686,2026-09-07 16:34:08.968,1,a1,0,0,-0.03354,-0.48278,0.04982,-6.3159,12.1125,-22.9183,-0.1257,-0.0649,-0.0248,4.69206,25.0,26.0,25.0,22.0,27.0,23.0,22.0,23.0,25.0,24.0,23.0,22.0,23.0,23.0,23.0,22.0,23.0,23.0,22.0,21.0,21.0,22.0,20.0,20.0,21.0,22.0,21.0,21.0,22.0,22.0,20.0,21.0,22.0,22.0,21.0,22.0,23.0,21.0,10.0,locate,0,0,2.7396
1788791649.0187,2026-09-07 16:34:09.018,1,a1,0,0,-0.03355,-0.48277,0.04981,-6.3703,12.5973,-22.8757,-0.1357,-0.0696,-0.0184,4.69785,24.0,25.0,25.0,22.0,26.0,23.0,24.0,21.0,26.0,24.0,21.0,20.0,26.0,22.0,21.0,19.0,23.0,22.0,21.0,21.0,21.0,22.0,20.0,20.0,21.0,22.0,21.0,21.0,22.0,22.0,20.0,21.0,22.0,22.0,21.0,22.0,23.0,21.0,10.0,locate,0,0,2.6881
1788791649.0688,2026-09-07 16:34:09.068,1,a1,1,0,-0.03355,-0.48276,0.0498,-6.3874,11.63,-22.9537,-0.1137,-0.0691,-0.0232,4.69709,24.0,25.0,25.0,22.0,26.0,23.0,24.0,21.0,26.0,24.0,21.0,20.0,26.0,22.0,21.0,19.0,23.0,22.0,21.0,21.0,21.0,22.0,20.0,20.0,21.0,22.0,21.0,21.0,22.0,22.0,20.0,21.0,22.0,22.0,21.0,22.0,23.0,21.0,10.0,press,0,0,2.6948
1788791649.1188,2026-09-07 16:34:09.118,1,a1,1,0,-0.03355,-0.48278,0.04981,-6.3348,11.848,-23.0443,-0.1185,-0.0683,-0.02,4.6976,23.0,26.0,24.0,21.0,26.0,21.0,22.0,22.0,25.0,23.0,20.0,22.0,24.0,23.0,20.0,21.0,23.0,21.0,23.0,21.0,21.0,22.0,20.0,20.0,21.0,22.0,21.0,21.0,22.0,22.0,20.0,21.0,22.0,22.0,21.0,22.0,23.0,21.0,10.0,press,0,0,2.6903
1788791649.1689,2026-09-07 16:34:09.168,1,a1,1,0,-0.03356,-0.48277,0.04975,-6.2608,11.6953,-23.0434,-0.1129,-0.0669,-0.0194,4.69256,23.0,26.0,24.0,21.0,26.0,21.0,22.0,22.0,25.0,23.0,20.0,22.0,24.0,23.0,20.0,21.0,23.0,21.0,23.0,21.0,21.0,22.0,20.0,20.0,21.0,22.0,21.0,21.0,22.0,22.0,20.0,21.0,22.0,22.0,21.0,22.0,23.0,21.0,10.0,press,0,0,2.7351
1788791649.219,2026-09-07 16:34:09.218,1,a1,1,0,-0.03357,-0.48279,0.04967,-6.4915,11.961,-22.9355,-0.1189,-0.07,-0.0303,4.68753,22.0,25.0,25.0,21.0,26.0,22.0,21.0,19.0,26.0,24.0,21.0,20.0,25.0,22.0,21.0,20.0,22.0,22.0,21.0,21.0,21.0,22.0,20.0,20.0,21.0,22.0,21.0,21.0,22.0,22.0,20.0,21.0,22.0,22.0,21.0,22.0,23.0,21.0,10.0,press,0,0,2.7799
1788791649.2691,2026-09-07 16:34:09.269,1,a1,1,0,-0.03356,-0.4828,0.04951,-6.4211,11.6581,-22.9395,-0.1133,-0.0704,-0.0236,4.70288,22.0,27.0,24.0,21.0,27.0,22.0,22.0,23.0,25.0,23.0,22.0,22.0,25.0,21.0,22.0,22.0,22.0,23.0,22.0,21.0,21.0,22.0,20.0,20.0,21.0,22.0,21.0,21.0,22.0,22.0,20.0,21.0,22.0,22.0,21.0,22.0,23.0,21.0,10.0,press,0,0,2.6433
1788791649.3193,2026-09-07 16:34:09.319,1,a1,1,0,-0.03356,-0.48279,0.0493,-6.353,11.7269,-22.8528,-0.1146,-0.0672,-0.0216,4.70011,22.0,27.0,24.0,21.0,27.0,22.0,22.0,23.0,25.0,23.0,22.0,22.0,25.0,21.0,22.0,22.0,22.0,23.0,22.0,21.0,21.0,22.0,20.0,20.0,21.0,22.0,21.0,21.0,22.0,22.0,20.0,21.0,22.0,22.0,21.0,22.0,23.0,21.0,10.0,press,0,0,2.6679
1788791649.3694,2026-09-07 16:34:09.369,1,a1,1,0,-0.03355,-0.48278,0.0491,-6.2562,12.0716,-23.0858,-0.1249,-0.0638,-0.0222,4.69306,23.0,26.0,23.0,22.0,25.0,21.0,22.0,21.0,26.0,25.0,22.0,20.0,26.0,24.0,21.0,20.0,23.0,21.0,22.0,21.0,21.0,22.0,20.0,20.0,21.0,22.0,21.0,21.0,22.0,22.0,20.0,21.0,22.0,22.0,21.0,22.0,23.0,21.0,10.0,press,0,0,2.7306
1788791649.4195,2026-09-07 16:34:09.419,1,a1,1,0,-0.03355,-0.48278,0.04885,-6.4994,12.1345,-22.8252,-0.1261,-0.0739,-0.0239,4.70162,23.0,26.0,23.0,22.0,25.0,21.0,22.0,21.0,26.0,25.0,22.0,20.0,26.0,24.0,21.0,20.0,23.0,21.0,22.0,21.0,21.0,22.0,20.0,20.0,21.0,22.0,21.0,21.0,22.0,22.0,20.0,21.0,22.0,22.0,21.0,22.0,23.0,21.0,10.0,press,0,0,2.6545
1788791649.4696,2026-09-07 16:34:09.469,1,a1,1,0,-0.03355,-0.48277,0.04856,-6.293,12.1645,-22.901,-0.1256,-0.0662,-0.0285,4.69206,23.0,27.0,25.0,22.0,27.0,23.0,22.0,23.0,27.0,25.0,22.0,22.0,26.0,23.0,22.0,24.0,23.0,23.0,25.0,21.0,21.0,22.0,20.0,20.0,21.0,22.0,21.0,21.0,22.0,22.0,20.0,21.0,22.0,22.0,21.0,22.0,23.0,21.0,10.0,press,0,0,2.7396
1788791649.5198,2026-09-07 16:34:09.519,1,a1,1,0,-0.03353,-0.48276,0.04827,-6.5649,11.9057,-22.963,-0.1198,-0.0728,-0.0284,4.70188,24.0,27.0,25.0,23.0,28.0,24.0,22.0,21.0,24.0,24.0,21.0,21.0,24.0,22.0,22.0,20.0,22.0,21.0,20.0,21.0,21.0,22.0,20.0,20.0,21.0,22.0,21.0,21.0,22.0,22.0,20.0,21.0,22.0,22.0,21.0,22.0,23.0,21.0,10.0,press,0,0,2.6522
1788791649.5698,2026-09-07 16:34:09.569,1,a1,1,0,-0.03355,-0.48277,0.04795,-6.444,11.9051,-23.0732,-0.1185,-0.0683,-0.0284,4.70037,24.0,27.0,25.0,23.0,28.0,24.0,22.0,21.0,24.0,24.0,21.0,21.0,24.0,22.0,22.0,20.0,22.0,21.0,20.0,21.0,21.0,22.0,20.0,20.0,21.0,22.0,21.0,21.0,22.0,22.0,20.0,21.0,22.0,22.0,21.0,22.0,23.0,21.0,10.0,press,0,0,2.6657
1788791649.62,2026-09-07 16:34:09.620,1,a1,1,0,-0.03353,-0.48278,0.04764,-6.1484,11.6924,-23.0582,-0.1117,-0.0622,-0.0259,4.69709,24.0,25.0,25.0,23.0,25.0,23.0,22.0,22.0,25.0,25.0,22.0,20.0,24.0,22.0,22.0,21.0,22.0,21.0,22.0,21.0,21.0,22.0,20.0,20.0,21.0,22.0,21.0,21.0,22.0,22.0,20.0,21.0,22.0,22.0,21.0,22.0,23.0,21.0,10.0,press,0,0,2.6948
1788791649.6701,2026-09-07 16:34:09.670,1,a1,1,0,-0.03356,-0.48278,0.04728,-6.4887,11.9679,-22.7724,-0.116,-0.0687,-0.0357,4.69936,24.0,25.0,25.0,23.0,25.0,23.0,22.0,22.0,25.0,25.0,22.0,20.0,24.0,22.0,22.0,21.0,22.0,21.0,22.0,21.0,21.0,22.0,20.0,20.0,21.0,22.0,21.0,21.0,22.0,22.0,20.0,21.0,22.0,22.0,21.0,22.0,23.0,21.0,10.0,press,0,0,2.6746
1788791649.7204,2026-09-07 16:34:09.720,1,a1,1,0,-0.03355,-0.48278,0.04695,-6.7273,12.2897,-22.6716,-0.1267,-0.077,-0.0323,4.70162,24.0,24.0,25.0,21.0,26.0,23.0,23.0,23.0,24.0,25.0,21.0,21.0,25.0,23.0,22.0,22.0,23.0,22.0,22.0,21.0,21.0,22.0,20.0,20.0,21.0,22.0,21.0,21.0,22.0,22.0,20.0,21.0,22.0,22.0,21.0,22.0,23.0,21.0,10.0,press,0,0,2.6545
1788791649.7705,2026-09-07 16:34:09.770,1,a1,1,0,-0.03354,-0.48277,0.04661,-6.3324,11.8758,-22.7984,-0.1223,-0.0676,-0.0323,4.6981,23.0,27.0,24.0,22.0,26.0,24.0,22.0,23.0,26.0,25.0,21.0,23.0,24.0,23.0,21.0,23.0,22.0,21.0,23.0,21.0,21.0,22.0,20.0,20.0,21.0,22.0,21.0,21.0,22.0,22.0,20.0,21.0,22.0,22.0,21.0,22.0,23.0,21.0,10.0,press,0,0,2.6858
1788791649.8206,2026-09-07 16:34:09.820,1,a1,1,0,-0.03355,-0.48277,0.04626,-6.2536,11.6663,-22.8325,-0.1145,-0.0642,-0.0356,4.69181,23.0,27.0,24.0,22.0,26.0,24.0,22.0,23.0,26.0,25.0,21.0,23.0,24.0,23.0,21.0,23.0,22.0,21.0,23.0,21.0,21.0,22.0,20.0,20.0,21.0,22.0,21.0,21.0,22.0,22.0,20.0,21.0,22.0,22.0,21.0,22.0,23.0,21.0,10.0,press,0,0,2.7418
1788791649.8707,2026-09-07 16:34:09.870,1,a1,1,0,-0.03353,-0.48276,0.04593,-6.3511,11.6327,-22.9374,-0.1109,-0.0676,-0.0302,4.69634,24.0,27.0,24.0,23.0,26.0,24.0,23.0,23.0,27.0,24.0,24.0,20.0,26.0,23.0,23.0,21.0,22.0,22.0,22.0,21.0,21.0,22.0,20.0,20.0,21.0,22.0,21.0,21.0,22.0,22.0,20.0,21.0,22.0,22.0,21.0,22.0,23.0,21.0,10.0,press,0,0,2.7015
1788791649.9207,2026-09-07 16:34:09.920,1,a1,1,0,-0.03355,-0.48277,0.0456,-6.1702,11.9488,-23.0586,-0.1195,-0.065,-0.0285,4.69382,24.0,27.0,24.0,23.0,26.0,24.0,23.0,23.0,27.0,24.0,24.0,20.0,26.0,23.0,23.0,21.0,22.0,22.0,22.0,21.0,21.0,22.0,20.0,20.0,21.0,22.0,21.0,21.0,22.0,22.0,20.0,21.0,22.0,22.0,21.0,22.0,23.0,21.0,10.0,press,0,0,2.7239
1788791649.9708,2026-09-07 16:34:09.970,1,a1,1,0,-0.03355,-0.48277,0.04529,-6.1795,11.8421,-23.1597,-0.1173,-0.0631,-0.0316,4.68727,22.0,29.0,26.0,20.0,29.0,23.0,23.0,22.0,27.0,26.0,20.0,21.0,27.0,23.0,21.0,21.0,23.0,20.0,23.0,21.0,21.0,22.0,20.0,20.0,21.0,22.0,21.0,21.0,22.0,22.0,20.0,21.0,22.0,22.0,21.0,22.0,23.0,21.0,10.0,press,0,0,2.7821
1788791650.021,2026-09-07 16:34:10.020,1,a1,1,0,-0.03355,-0.48277,0.04495,-5.8468,11.6642,-23.1866,-0.1129,-0.0537,-0.0211,4.66738,22.0,29.0,26.0,20.0,29.0,23.0,23.0,22.0,27.0,26.0,20.0,21.0,27.0,23.0,21.0,21.0,23.0,20.0,23.0,21.0,21.0,22.0,20.0,20.0,21.0,22.0,21.0,21.0,22.0,22.0,20.0,21.0,22.0,22.0,21.0,22.0,23.0,21.0,10.0,press,0,0,2.9591
1788791650.0711,2026-09-07 16:34:10.071,1,a1,1,0,-0.03355,-0.48277,0.04463,-6.3389,11.6027,-22.7189,-0.111,-0.0669,-0.0306,4.62937,24.0,30.0,25.0,23.0,30.0,24.0,22.0,21.0,26.0,25.0,22.0,19.0,26.0,23.0,22.0,21.0,23.0,22.0,22.0,21.0,21.0,22.0,20.0,20.0,21.0,22.0,21.0,21.0,22.0,22.0,20.0,21.0,22.0,22.0,21.0,22.0,23.0,21.0,10.0,press,0,0,3.2973
1788791650.1212,2026-09-07 16:34:10.121,1,a1,1,0,-0.03352,-0.48277,0.04427,-6.0865,11.9752,-22.5157,-0.122,-0.0622,-0.0276,4.59412,24.0,30.0,26.0,21.0,28.0,25.0,22.0,24.0,29.0,27.0,24.0,23.0,26.0,24.0,22.0,24.0,24.0,23.0,21.0,21.0,21.0,22.0,20.0,20.0,21.0,22.0,21.0,21.0,22.0,22.0,20.0,21.0,22.0,22.0,21.0,22.0,23.0,21.0,10.0,press,0,0,3.6109
1788791650.1712,2026-09-07 16:34:10.171,1,a1,1,0,-0.03354,-0.48275,0.04391,-6.2609,11.9274,-22.197,-0.1212,-0.0676,-0.0255,4.52815,24.0,30.0,26.0,21.0,28.0,25.0,22.0,24.0,29.0,27.0,24.0,23.0,26.0,24.0,22.0,24.0,24.0,23.0,21.0,21.0,21.0,22.0,20.0,20.0,21.0,22.0,21.0,21.0,22.0,22.0,20.0,21.0,22.0,22.0,21.0,22.0,23.0,21.0,10.0,press,0,0,4.1978
1788791650.2213,2026-09-07 16:34:10.221,1,a1,1,0,-0.03354,-0.48276,0.04359,-6.0571,11.9202,-22.1815,-0.1204,-0.0612,-0.028,4.46672,24.0,31.0,29.0,23.0,29.0,26.0,24.0,21.0,27.0,27.0,23.0,21.0,26.0,23.0,21.0,20.0,23.0,23.0,22.0,21.0,21.0,22.0,20.0,20.0,21.0,22.0,21.0,21.0,22.0,22.0,20.0,21.0,22.0,22.0,21.0,22.0,23.0,21.0,10.0,press,0,0,4.7443
1788791650.2714,2026-09-07 16:34:10.271,1,a1,1,0,-0.03355,-0.48278,0.04327,-5.9727,11.5572,-22.0284,-0.1105,-0.057,-0.0326,4.4005,24.0,31.0,29.0,23.0,29.0,26.0,24.0,21.0,27.0,27.0,23.0,21.0,26.0,23.0,21.0,20.0,23.0,23.0,22.0,21.0,21.0,22.0,20.0,20.0,21.0,22.0,21.0,21.0,22.0,22.0,20.0,21.0,22.0,22.0,21.0,22.0,23.0,21.0,10.0,press,0,0,5.3334
1788791650.3215,2026-09-07 16:34:10.321,1,a1,1,0,-0.03354,-0.48277,0.04294,-5.9349,11.6432,-21.7539,-0.1163,-0.0571,-0.0283,4.32875,23.0,32.0,29.0,21.0,30.0,26.0,25.0,21.0,27.0,26.0,24.0,19.0,25.0,22.0,22.0,21.0,22.0,21.0,22.0,21.0,21.0,22.0,20.0,20.0,21.0,22.0,21.0,21.0,22.0,22.0,20.0,21.0,22.0,22.0,21.0,22.0,23.0,21.0,10.0,press,0,0,5.9718
1788791650.3715,2026-09-07 16:34:10.371,1,a1,1,0,-0.03355,-0.48278,0.04261,-6.2806,11.6753,-21.3517,-0.1168,-0.0679,-0.028,4.258,22.0,33.0,27.0,21.0,30.0,24.0,24.0,22.0,28.0,26.0,24.0,20.0,26.0,24.0,23.0,20.0,24.0,22.0,21.0,21.0,21.0,22.0,20.0,20.0,21.0,22.0,21.0,21.0,22.0,22.0,20.0,21.0,22.0,22.0,21.0,22.0,23.0,21.0,10.0,press,0,0,6.6012
1788791650.4216,2026-09-07 16:34:10.421,1,a1,1,0,-0.03356,-0.48278,0.04225,-6.3538,11.2518,-21.0157,-0.1087,-0.0691,-0.0346,4.16333,22.0,33.0,27.0,21.0,30.0,24.0,24.0,22.0,28.0,26.0,24.0,20.0,26.0,24.0,23.0,20.0,24.0,22.0,21.0,21.0,21.0,22.0,20.0,20.0,21.0,22.0,21.0,21.0,22.0,22.0,20.0,21.0,22.0,22.0,21.0,22.0,23.0,21.0,10.0,press,0,0,7.4434
1788791650.4717,2026-09-07 16:34:10.471,1,a1,1,0,-0.03355,-0.48277,0.04189,-6.4401,11.7417,-20.6203,-0.1259,-0.0703,-0.0385,4.06841,23.0,34.0,29.0,21.0,31.0,26.0,25.0,22.0,28.0,26.0,24.0,22.0,26.0,23.0,22.0,22.0,22.0,22.0,23.0,21.0,21.0,22.0,20.0,20.0,21.0,22.0,21.0,21.0,22.0,22.0,20.0,21.0,22.0,22.0,21.0,22.0,23.0,21.0,10.0,press,0,0,8.2878
1788791650.5218,2026-09-07 16:34:10.521,1,a1,1,0,-0.03355,-0.48277,0.04158,-6.5178,11.7497,-20.471,-0.1288,-0.0714,-0.0293,3.9808,23.0,34.0,29.0,21.0,31.0,26.0,25.0,22.0,28.0,26.0,24.0,22.0,26.0,23.0,22.0,22.0,22.0,22.0,23.0,21.0,21.0,22.0,20.0,20.0,21.0,22.0,21.0,21.0,22.0,22.0,20.0,21.0,22.0,22.0,21.0,22.0,23.0,21.0,10.0,press,0,0,9.0673
1788791650.5719,2026-09-07 16:34:10.571,1,a1,1,0,-0.03354,-0.48275,0.04127,-6.2711,11.4435,-19.9707,-0.1295,-0.0684,-0.0369,3.86926,24.0,36.0,29.0,23.0,32.0,26.0,24.0,23.0,28.0,27.0,21.0,20.0,28.0,24.0,21.0,20.0,24.0,22.0,23.0,21.0,21.0,22.0,20.0,20.0,21.0,22.0,21.0,21.0,22.0,22.0,20.0,21.0,22.0,22.0,21.0,22.0,23.0,21.0,10.0,press,0,0,10.0596
1788791650.622,2026-09-07 16:34:10.622,1,a1,1,0,-0.03354,-0.48277,0.041,-6.3934,11.4371,-19.5634,-0.1247,-0.0715,-0.0351,3.80833,24.0,38.0,30.0,23.0,32.0,27.0,23.0,22.0,29.0,25.0,23.0,21.0,26.0,23.0,22.0,21.0,22.0,21.0,22.0,21.0,21.0,22.0,20.0,20.0,21.0,22.0,21.0,21.0,22.0,22.0,20.0,21.0,22.0,22.0,21.0,22.0,23.0,21.0,10.0,press,0,0,10.6016
1788791650.6722,2026-09-07 16:34:10.672,1,a1,1,0,-0.03356,-0.48279,0.04074,-6.1646,11.2147,-19.0415,-0.127,-0.0651,-0.0307,3.72122,24.0,38.0,30.0,23.0,32.0,27.0,23.0,22.0,29.0,25.0,23.0,21.0,26.0,23.0,22.0,21.0,22.0,21.0,22.0,21.0,21.0,22.0,20.0,20.0,21.0,22.0,21.0,21.0,22.0,22.0,20.0,21.0,22.0,22.0,21.0,22.0,23.0,21.0,10.0,press,0,0,11.3766
1788791650.7223,2026-09-07 16:34:10.722,1,a1,1,0,-0.03355,-0.48279,0.04051,-6.4317,11.477,-18.7888,-0.1413,-0.0732,-0.034,3.63687,24.0,39.0,29.0,21.0,33.0,25.0,24.0,23.0,29.0,26.0,23.0,21.0,27.0,22.0,22.0,21.0,23.0,22.0,22.0,21.0,21.0,22.0,20.0,20.0,21.0,22.0,21.0,21.0,22.0,22.0,20.0,21.0,22.0,22.0,21.0,22.0,23.0,21.0,10.0,press,0,0,12.127
1788791650.7725,2026-09-07 16:34:10.772,1,a1,1,0,-0.03353,-0.48277,0.04029,-6.0078,10.9594,-18.6728,-0.1281,-0.0614,-0.0287,3.56688,24.0,39.0,29.0,21.0,33.0,25.0,24.0,23.0,29.0,26.0,23.0,21.0,27.0,22.0,22.0,21.0,23.0,22.0,22.0,21.0,21.0,22.0,20.0,20.0,21.0,22.0,21.0,21.0,22.0,22.0,20.0,21.0,22.0,22.0,21.0,22.0,23.0,21.0,10.0,press,0,0,12.7497
1788791650.8225,2026-09-07 16:34:10.822,1,a1,1,0,-0.03356,-0.48279,0.04017,-6.1475,11.1831,-18.4522,-0.1356,-0.0664,-0.0338,3.53239,24.0,42.0,29.0,21.0,35.0,26.0,25.0,20.0,30.0,27.0,23.0,20.0,27.0,23.0,22.0,20.0,24.0,22.0,21.0,21.0,21.0,22.0,20.0,20.0,21.0,22.0,21.0,21.0,22.0,22.0,20.0,21.0,22.0,22.0,21.0,22.0,23.0,21.0,10.0,press,0,0,13.0565
1788791650.8726,2026-09-07 16:34:10.872,1,a1,1,0,-0.03353,-0.48279,0.04007,-6.1027,11.1999,-18.3532,-0.1399,-0.069,-0.0317,3.48933,22.0,43.0,32.0,21.0,35.0,28.0,27.0,21.0,30.0,27.0,22.0,20.0,26.0,25.0,22.0,21.0,25.0,21.0,20.0,21.0,21.0,22.0,20.0,20.0,21.0,22.0,21.0,21.0,22.0,22.0,20.0,21.0,22.0,22.0,21.0,22.0,23.0,21.0,10.0,press,0,0,13.4396
1788791650.9227,2026-09-07 16:34:10.922,1,a1,1,0,-0.03356,-0.48279,0.03999,-5.9986,10.7489,-18.2692,-0.1304,-0.0655,-0.028,3.46139,22.0,43.0,32.0,21.0,35.0,28.0,27.0,21.0,30.0,27.0,22.0,20.0,26.0,25.0,22.0,21.0,25.0,21.0,20.0,21.0,21.0,22.0,20.0,20.0,21.0,22.0,21.0,21.0,22.0,22.0,20.0,21.0,22.0,22.0,21.0,22.0,23.0,21.0,10.0,press,0,0,13.6882
1788791650.9729,2026-09-07 16:34:10.972,1,a1,1,0,-0.03355,-0.48278,0.03991,-5.9905,11.0551,-18.0192,-0.1386,-0.0618,-0.0325,3.43696,23.0,43.0,34.0,22.0,36.0,29.0,26.0,24.0,31.0,28.0,25.0,22.0,28.0,24.0,23.0,23.0,24.0,23.0,22.0,21.0,21.0,22.0,20.0,20.0,21.0,22.0,21.0,21.0,22.0,22.0,20.0,21.0,22.0,22.0,21.0,22.0,23.0,21.0,10.0,press,0,0,13.9054
1788791651.0229,2026-09-07 16:34:11.022,1,a1,1,0,-0.03357,-0.48279,0.03989,-6.2374,10.928,-18.145,-0.1365,-0.0702,-0.0358,3.42815,23.0,43.0,34.0,22.0,36.0,29.0,26.0,24.0,31.0,28.0,25.0,22.0,28.0,24.0,23.0,23.0,24.0,23.0,22.0,21.0,21.0,22.0,20.0,20.0,21.0,22.0,21.0,21.0,22.0,22.0,20.0,21.0,22.0,22.0,21.0,22.0,23.0,21.0,10.0,press,0,0,13.9838
1788791651.073,2026-09-07 16:34:11.073,1,a1,1,0,-0.03355,-0.48277,0.03985,-5.8479,10.9987,-18.2685,-0.1391,-0.0613,-0.0325,3.43218,27.0,47.0,35.0,24.0,38.0,29.0,29.0,22.0,32.0,27.0,24.0,21.0,26.0,23.0,22.0,22.0,24.0,22.0,21.0,21.0,21.0,22.0,20.0,20.0,21.0,22.0,21.0,21.0,22.0,22.0,20.0,21.0,22.0,22.0,21.0,22.0,23.0,21.0,10.0,hold,0,0,13.948
1788791651.1231,2026-09-07 16:34:11.123,1,a1,1,0,-0.03355,-0.48277,0.03983,-6.397,11.1441,-18.0589,-0.1438,-0.0739,-0.0297,3.41859,27.0,47.0,35.0,24.0,38.0,29.0,29.0,22.0,32.0,27.0,24.0,21.0,26.0,23.0,22.0,22.0,24.0,22.0,21.0,21.0,21.0,22.0,20.0,20.0,21.0,22.0,21.0,21.0,22.0,22.0,20.0,21.0,22.0,22.0,21.0,22.0,23.0,21.0,10.0,hold,0,0,14.069
1788791651.1732,2026-09-07 16:34:11.173,1,a1,1,0,-0.03353,-0.48277,0.03982,-6.3273,10.8823,-18.1011,-0.1352,-0.0713,-0.0355,3.41355,22.0,48.0,34.0,22.0,39.0,29.0,27.0,22.0,30.0,27.0,24.0,21.0,28.0,24.0,23.0,22.0,24.0,23.0,21.0,21.0,21.0,22.0,20.0,20.0,21.0,22.0,21.0,21.0,22.0,22.0,20.0,21.0,22.0,22.0,21.0,22.0,23.0,21.0,10.0,hold,0,0,14.1138
1788791651.2233,2026-09-07 16:34:11.223,1,a1,1,0,-0.03354,-0.48276,0.03981,-6.602,11.1828,-17.9043,-0.1445,-0.0765,-0.0443,3.42488,23.0,47.0,35.0,22.0,37.0,30.0,27.0,24.0,31.0,28.0,24.0,23.0,28.0,24.0,22.0,22.0,24.0,22.0,21.0,21.0,21.0,22.0,20.0,20.0,21.0,22.0,21.0,21.0,22.0,22.0,20.0,21.0,22.0,22.0,21.0,22.0,23.0,21.0,10.0,hold,0,0,14.013
1788791651.2734,2026-09-07 16:34:11.273,1,a1,1,0,-0.03355,-0.48277,0.03981,-6.1407,10.9588,-17.9921,-0.1398,-0.0669,-0.043,3.43168,23.0,47.0,35.0,22.0,37.0,30.0,27.0,24.0,31.0,28.0,24.0,23.0,28.0,24.0,22.0,22.0,24.0,22.0,21.0,21.0,21.0,22.0,20.0,20.0,21.0,22.0,21.0,21.0,22.0,22.0,20.0,21.0,22.0,22.0,21.0,22.0,23.0,21.0,10.0,hold,0,0,13.9525
1788791651.3235,2026-09-07 16:34:11.323,1,a1,1,0,-0.03355,-0.48277,0.03982,-6.8274,10.8464,-18.0792,-0.1362,-0.0843,-0.0428,3.42412,26.0,48.0,36.0,24.0,37.0,29.0,27.0,23.0,31.0,28.0,25.0,23.0,28.0,24.0,24.0,22.0,23.0,23.0,22.0,21.0,21.0,22.0,20.0,20.0,21.0,22.0,21.0,21.0,22.0,22.0,20.0,21.0,22.0,22.0,21.0,22.0,23.0,21.0,10.0,hold,0,0,14.0197
1788791651.3735,2026-09-07 16:34:11.373,1,a1,1,0,-0.03354,-0.48277,0.03982,-6.3011,10.6797,-18.0101,-0.1338,-0.0701,-0.0383,3.43999,26.0,48.0,36.0,24.0,37.0,29.0,27.0,23.0,31.0,28.0,25.0,23.0,28.0,24.0,24.0,22.0,23.0,23.0,22.0,21.0,21.0,22.0,20.0,20.0,21.0,22.0,21.0,21.0,22.0,22.0,20.0,21.0,22.0,22.0,21.0,22.0,23.0,21.0,10.0,hold,0,0,13.8786
1788791651.4236,2026-09-07 16:34:11.423,1,a1,1,0,-0.03354,-0.48276,0.03981,-6.3033,11.093,-17.9287,-0.1412,-0.0728,-0.037,3.44376,23.0,49.0,34.0,24.0,39.0,30.0,29.0,22.0,31.0,27.0,24.0,21.0,29.0,25.0,23.0,21.0,24.0,22.0,22.0,21.0,21.0,22.0,20.0,20.0,21.0,22.0,21.0,21.0,22.0,22.0,20.0,21.0,22.0,22.0,21.0,22.0,23.0,21.0,10.0,hold,0,0,13.845
1788791651.4737,2026-09-07 16:34:11.473,1,a1,1,0,-0.03355,-0.48277,0.03981,-6.1934,10.7639,-18.1171,-0.1316,-0.071,-0.0298,3.4342,25.0,49.0,35.0,23.0,39.0,30.0,29.0,22.0,30.0,28.0,24.0,21.0,26.0,24.0,23.0,21.0,23.0,23.0,21.0,21.0,21.0,22.0,20.0,20.0,21.0,22.0,21.0,21.0,22.0,22.0,20.0,21.0,22.0,22.0,21.0,22.0,23.0,21.0,10.0,hold,0,0,13.9301
1788791651.5238,2026-09-07 16:34:11.523,1,a1,1,0,-0.03355,-0.48276,0.03981,-6.1104,10.9435,-18.1313,-0.1385,-0.0686,-0.0346,3.44754,25.0,49.0,35.0,23.0,39.0,30.0,29.0,22.0,30.0,28.0,24.0,21.0,26.0,24.0,23.0,21.0,23.0,23.0,21.0,21.0,21.0,22.0,20.0,20.0,21.0,22.0,21.0,21.0,22.0,22.0,20.0,21.0,22.0,22.0,21.0,22.0,23.0,21.0,10.0,hold,0,0,13.8114
1788791651.5739,2026-09-07 16:34:11.573,1,a1,1,0,-0.03354,-0.48277,0.03982,-6.192,10.9193,-18.2134,-0.1367,-0.0705,-0.0376,3.44553,25.0,48.0,35.0,23.0,39.0,30.0,27.0,22.0,31.0,27.0,23.0,20.0,27.0,24.0,22.0,21.0,23.0,23.0,21.0,21.0,21.0,22.0,20.0,20.0,21.0,22.0,21.0,21.0,22.0,22.0,20.0,21.0,22.0,22.0,21.0,22.0,23.0,21.0,10.0,hold,0,0,13.8293
1788791651.624,2026-09-07 16:34:11.624,1,a1,1,0,-0.03354,-0.48277,0.03982,-6.3495,10.9293,-18.3004,-0.139,-0.0718,-0.036,3.45132,25.0,48.0,35.0,23.0,39.0,30.0,27.0,22.0,31.0,27.0,23.0,20.0,27.0,24.0,22.0,21.0,23.0,23.0,21.0,21.0,21.0,22.0,20.0,20.0,21.0,22.0,21.0,21.0,22.0,22.0,20.0,21.0,22.0,22.0,21.0,22.0,23.0,21.0,10.0,hold,0,0,13.7778
1788791651.6741,2026-09-07 16:34:11.674,1,a1,1,0,-0.03354,-0.48277,0.03981,-6.2028,10.763,-18.3867,-0.1327,-0.0705,-0.0315,3.45006,24.0,48.0,35.0,20.0,39.0,29.0,27.0,22.0,32.0,27.0,25.0,20.0,29.0,23.0,23.0,20.0,24.0,22.0,22.0,21.0,21.0,22.0,20.0,20.0,21.0,22.0,21.0,21.0,22.0,22.0,20.0,21.0,22.0,22.0,21.0,22.0,23.0,21.0,10.0,hold,0,0,13.789
1788791651.7243,2026-09-07 16:34:11.724,1,a1,1,0,-0.03354,-0.48277,0.03982,-6.2065,10.9705,-18.2532,-0.1382,-0.0674,-0.0398,3.45283,24.0,50.0,34.0,22.0,39.0,29.0,28.0,24.0,31.0,26.0,24.0,23.0,28.0,23.0,22.0,22.0,23.0,21.0,24.0,21.0,21.0,22.0,20.0,20.0,21.0,22.0,21.0,21.0,22.0,22.0,20.0,21.0,22.0,22.0,21.0,22.0,23.0,21.0,10.0,hold,0,0,13.7643
1788791651.7744,2026-09-07 16:34:11.774,1,a1,1,0,-0.03355,-0.48276,0.03981,-6.1985,10.7304,-18.2914,-0.1346,-0.0675,-0.0407,3.45232,24.0,50.0,34.0,22.0,39.0,29.0,28.0,24.0,31.0,26.0,24.0,23.0,28.0,23.0,22.0,22.0,23.0,21.0,24.0,21.0,21.0,22.0,20.0,20.0,21.0,22.0,21.0,21.0,22.0,22.0,20.0,21.0,22.0,22.0,21.0,22.0,23.0,21.0,10.0,hold,0,0,13.7688
1788791651.8246,2026-09-07 16:34:11.824,1,a1,1,0,-0.03353,-0.48276,0.03981,-6.1825,10.9796,-18.3156,-0.1394,-0.0686,-0.039,3.45258,25.0,50.0,33.0,23.0,40.0,28.0,27.0,22.0,30.0,27.0,24.0,21.0,27.0,23.0,23.0,20.0,23.0,23.0,20.0,21.0,21.0,22.0,20.0,20.0,21.0,22.0,21.0,21.0,22.0,22.0,20.0,21.0,22.0,22.0,21.0,22.0,23.0,21.0,10.0,hold,0,0,13.7666
1788791651.8747,2026-09-07 16:34:11.874,1,a1,1,0,-0.03355,-0.48276,0.03981,-6.3291,10.8856,-18.4388,-0.1402,-0.0702,-0.0345,3.46114,25.0,50.0,33.0,23.0,40.0,28.0,27.0,22.0,30.0,27.0,24.0,21.0,27.0,23.0,23.0,20.0,23.0,23.0,20.0,21.0,21.0,22.0,20.0,20.0,21.0,22.0,21.0,21.0,22.0,22.0,20.0,21.0,22.0,22.0,21.0,22.0,23.0,21.0,10.0,hold,0,0,13.6904
1788791651.9249,2026-09-07 16:34:11.924,1,a1,1,0,-0.03354,-0.48276,0.0398,-6.1699,11.0647,-18.1247,-0.1429,-0.0683,-0.041,3.45962,24.0,48.0,33.0,22.0,38.0,29.0,26.0,22.0,30.0,27.0,24.0,20.0,26.0,24.0,23.0,22.0,23.0,22.0,22.0,21.0,21.0,22.0,20.0,20.0,21.0,22.0,21.0,21.0,22.0,22.0,20.0,21.0,22.0,22.0,21.0,22.0,23.0,21.0,10.0,hold,0,0,13.7039
1788791651.975,2026-09-07 16:34:11.974,1,a1,1,0,-0.03355,-0.48276,0.03982,-6.3813,11.0757,-18.2686,-0.1427,-0.0746,-0.0443,3.45962,26.0,47.0,35.0,23.0,37.0,29.0,27.0,25.0,31.0,28.0,25.0,23.0,28.0,24.0,23.0,24.0,23.0,24.0,25.0,21.0,21.0,22.0,20.0,20.0,21.0,22.0,21.0,21.0,22.0,22.0,20.0,21.0,22.0,22.0,21.0,22.0,23.0,21.0,10.0,hold,0,0,13.7039
1788791652.0251,2026-09-07 16:34:12.025,1,a1,1,0,-0.03355,-0.48277,0.03982,-6.701,11.3138,-18.2444,-0.1492,-0.0813,-0.0452,3.46667,26.0,47.0,35.0,23.0,37.0,29.0,27.0,25.0,31.0,28.0,25.0,23.0,28.0,24.0,23.0,24.0,23.0,24.0,25.0,21.0,21.0,22.0,20.0,20.0,21.0,22.0,21.0,21.0,22.0,22.0,20.0,21.0,22.0,22.0,21.0,22.0,23.0,21.0,10.0,hold,0,0,13.6411
1788791652.0752,2026-09-07 16:34:12.075,1,a1,1,0,-0.03354,-0.48277,0.03981,-5.8832,11.1225,-18.2146,-0.146,-0.0602,-0.0316,3.46365,26.0,49.0,34.0,24.0,40.0,30.0,29.0,23.0,32.0,27.0,23.0,20.0,27.0,24.0,21.0,22.0,24.0,21.0,23.0,21.0,21.0,22.0,20.0,20.0,21.0,22.0,21.0,21.0,22.0,22.0,20.0,21.0,22.0,22.0,21.0,22.0,23.0,21.0,10.0,hold,0,0,13.668
1788791652.1253,2026-09-07 16:34:12.125,1,a1,1,0,-0.03355,-0.48276,0.03981,-6.0648,10.776,-18.3167,-0.1346,-0.0664,-0.0356,3.46466,26.0,49.0,34.0,24.0,40.0,30.0,29.0,23.0,32.0,27.0,23.0,20.0,27.0,24.0,21.0,22.0,24.0,21.0,23.0,21.0,21.0,22.0,20.0,20.0,21.0,22.0,21.0,21.0,22.0,22.0,20.0,21.0,22.0,22.0,21.0,22.0,23.0,21.0,10.0,hold,0,0,13.6591
1788791652.1754,2026-09-07 16:34:12.175,1,a1,1,0,-0.03355,-0.48277,0.03982,-6.2126,11.1876,-18.3463,-0.1489,-0.0684,-0.0445,3.47095,23.0,49.0,35.0,22.0,39.0,30.0,27.0,23.0,32.0,27.0,24.0,21.0,26.0,24.0,23.0,21.0,23.0,23.0,23.0,21.0,21.0,22.0,20.0,20.0,21.0,22.0,21.0,21.0,22.0,22.0,20.0,21.0,22.0,22.0,21.0,22.0,23.0,21.0,10.0,hold,0,0,13.6031
1788791652.2255,2026-09-07 16:34:12.225,1,a1,1,0,-0.03356,-0.48276,0.0398,-5.8487,10.7529,-18.2975,-0.135,-0.0605,-0.0393,3.46214,23.0,49.0,35.0,22.0,39.0,30.0,27.0,23.0,32.0,27.0,24.0,21.0,26.0,24.0,23.0,21.0,23.0,23.0,23.0,21.0,21.0,22.0,20.0,20.0,21.0,22.0,21.0,21.0,22.0,22.0,20.0,21.0,22.0,22.0,21.0,22.0,23.0,21.0,10.0,hold,0,0,13.6815
1788791652.2757,2026-09-07 16:34:12.275,1,a1,1,0,-0.03354,-0.48275,0.0398,-5.8706,10.7702,-18.5145,-0.1373,-0.059,-0.0366,3.47146,24.0,48.0,35.0,23.0,39.0,30.0,28.0,22.0,31.0,28.0,25.0,21.0,28.0,25.0,24.0,21.0,25.0,24.0,21.0,21.0,21.0,22.0,20.0,20.0,21.0,22.0,21.0,21.0,22.0,22.0,20.0,21.0,22.0,22.0,21.0,22.0,23.0,21.0,10.0,hold,0,0,13.5986
1788791652.3258,2026-09-07 16:34:12.325,1,a1,1,0,-0.03356,-0.48277,0.03981,-6.1512,10.9215,-18.429,-0.141,-0.068,-0.0351,3.46894,24.0,48.0,35.0,22.0,39.0,29.0,29.0,22.0,31.0,28.0,25.0,21.0,28.0,24.0,22.0,22.0,23.0,22.0,23.0,21.0,21.0,22.0,20.0,20.0,21.0,22.0,21.0,21.0,22.0,22.0,20.0,21.0,22.0,22.0,21.0,22.0,23.0,21.0,10.0,hold,0,0,13.621
1788791652.376,2026-09-07 16:34:12.375,1,a1,1,0,-0.03357,-0.48277,0.03983,-6.1627,11.0604,-18.3523,-0.1436,-0.0657,-0.0388,3.4634,24.0,48.0,35.0,22.0,39.0,29.0,29.0,22.0,31.0,28.0,25.0,21.0,28.0,24.0,22.0,22.0,23.0,22.0,23.0,21.0,21.0,22.0,20.0,20.0,21.0,22.0,21.0,21.0,22.0,22.0,20.0,21.0,22.0,22.0,21.0,22.0,23.0,21.0,10.0,hold,0,0,13.6703
1788791652.4261,2026-09-07 16:34:12.426,1,a1,1,0,-0.03355,-0.48277,0.03982,-6.0117,10.7675,-18.2882,-0.1379,-0.062,-0.0397,3.47926,25.0,50.0,35.0,22.0,39.0,30.0,28.0,22.0,32.0,27.0,24.0,22.0,28.0,23.0,23.0,22.0,23.0,24.0,24.0,21.0,21.0,22.0,20.0,20.0,21.0,22.0,21.0,21.0,22.0,22.0,20.0,21.0,22.0,22.0,21.0,22.0,23.0,21.0,10.0,hold,0,0,13.5291
1788791652.4764,2026-09-07 16:34:12.476,1,a1,1,0,-0.03354,-0.48277,0.03982,-5.8651,10.6945,-18.4549,-0.1335,-0.0589,-0.0379,3.47826,25.0,50.0,35.0,22.0,39.0,30.0,28.0,22.0,32.0,27.0,24.0,22.0,28.0,23.0,23.0,22.0,23.0,24.0,24.0,21.0,21.0,22.0,20.0,20.0,21.0,22.0,21.0,21.0,22.0,22.0,20.0,21.0,22.0,22.0,21.0,22.0,23.0,21.0,10.0,hold,0,0,13.5381
1788791652.5265,2026-09-07 16:34:12.526,1,a1,1,0,-0.03354,-0.48275,0.0398,-5.9106,10.8483,-18.4795,-0.1379,-0.0613,-0.0344,3.46844,24.0,48.0,35.0,23.0,38.0,29.0,29.0,23.0,30.0,27.0,25.0,22.0,27.0,24.0,24.0,23.0,22.0,24.0,24.0,21.0,21.0,22.0,20.0,20.0,21.0,22.0,21.0,21.0,22.0,22.0,20.0,21.0,22.0,22.0,21.0,22.0,23.0,21.0,10.0,hold,0,0,13.6255
1788791652.5766,2026-09-07 16:34:12.576,1,a1,1,0,-0.03355,-0.48277,0.03982,-5.9169,10.8234,-18.4117,-0.136,-0.0626,-0.0418,3.47977,26.0,48.0,34.0,24.0,38.0,29.0,29.0,25.0,31.0,27.0,25.0,23.0,28.0,23.0,23.0,22.0,24.0,23.0,24.0,21.0,21.0,22.0,20.0,20.0,21.0,22.0,21.0,21.0,22.0,22.0,20.0,21.0,22.0,22.0,21.0,22.0,23.0,21.0,10.0,hold,0,0,13.5247
1788791652.6267,2026-09-07 16:34:12.626,1,a1,1,0,-0.03356,-0.48277,0.03982,-6.4001,11.0739,-18.4713,-0.145,-0.0726,-0.0438,3.47624,26.0,48.0,34.0,24.0,38.0,29.0,29.0,25.0,31.0,27.0,25.0,23.0,28.0,23.0,23.0,22.0,24.0,23.0,24.0,21.0,21.0,22.0,20.0,20.0,21.0,22.0,21.0,21.0,22.0,22.0,20.0,21.0,22.0,22.0,21.0,22.0,23.0,21.0,10.0,hold,0,0,13.556
1788791652.6768,2026-09-07 16:34:12.676,1,a1,1,0,-0.03354,-0.48277,0.03981,-5.8806,10.7011,-18.6424,-0.1328,-0.058,-0.0345,3.47473,26.0,50.0,35.0,25.0,39.0,29.0,28.0,23.0,32.0,27.0,26.0,22.0,29.0,24.0,24.0,24.0,22.0,23.0,24.0,21.0,21.0,22.0,20.0,20.0,21.0,22.0,21.0,21.0,22.0,22.0,20.0,21.0,22.0,22.0,21.0,22.0,23.0,21.0,10.0,hold,0,0,13.5695
1788791652.7269,2026-09-07 16:34:12.726,1,a1,1,0,-0.03356,-0.48276,0.03982,-6.1619,10.7576,-18.3448,-0.1365,-0.0703,-0.0356,3.47599,26.0,50.0,35.0,25.0,39.0,29.0,28.0,23.0,32.0,27.0,26.0,22.0,29.0,24.0,24.0,24.0,22.0,23.0,24.0,21.0,21.0,22.0,20.0,20.0,21.0,22.0,21.0,21.0,22.0,22.0,20.0,21.0,22.0,22.0,21.0,22.0,23.0,21.0,10.0,hold,0,0,13.5583
1788791652.777,2026-09-07 16:34:12.777,1,a1,1,0,-0.03355,-0.48276,0.03981,-6.0455,10.8234,-18.5556,-0.1371,-0.0639,-0.0324,3.48329,25.0,49.0,35.0,23.0,39.0,29.0,29.0,23.0,30.0,27.0,24.0,21.0,26.0,24.0,23.0,22.0,23.0,23.0,24.0,21.0,21.0,22.0,20.0,20.0,21.0,22.0,21.0,21.0,22.0,22.0,20.0,21.0,22.0,22.0,21.0,22.0,23.0,21.0,10.0,hold,0,0,13.4933
1788791652.8271,2026-09-07 16:34:12.827,1,a1,1,0,-0.03353,-0.48276,0.03982,-6.009,10.7347,-18.2052,-0.1371,-0.0619,-0.0451,3.478,23.0,48.0,35.0,23.0,39.0,29.0,28.0,22.0,30.0,26.0,25.0,21.0,28.0,24.0,23.0,20.0,24.0,24.0,23.0,21.0,21.0,22.0,20.0,20.0,21.0,22.0,21.0,21.0,22.0,22.0,20.0,21.0,22.0,22.0,21.0,22.0,23.0,21.0,10.0,hold,0,0,13.5403
1788791652.8773,2026-09-07 16:34:12.877,1,a1,1,0,-0.03355,-0.48277,0.03982,-6.0499,10.8864,-18.4605,-0.1363,-0.0647,-0.0438,3.48782,23.0,48.0,35.0,23.0,39.0,29.0,28.0,22.0,30.0,26.0,25.0,21.0,28.0,24.0,23.0,20.0,24.0,24.0,23.0,21.0,21.0,22.0,20.0,20.0,21.0,22.0,21.0,21.0,22.0,22.0,20.0,21.0,22.0,22.0,21.0,22.0,23.0,21.0,10.0,hold,0,0,13.453
1788791652.9274,2026-09-07 16:34:12.927,1,a1,1,0,-0.03356,-0.48277,0.03982,-6.2454,11.181,-18.2993,-0.1476,-0.0684,-0.0455,3.47977,23.0,49.0,34.0,22.0,38.0,29.0,28.0,22.0,30.0,28.0,24.0,20.0,26.0,25.0,22.0,22.0,25.0,23.0,22.0,21.0,21.0,22.0,20.0,20.0,21.0,22.0,21.0,21.0,22.0,22.0,20.0,21.0,22.0,22.0,21.0,22.0,23.0,21.0,10.0,hold,0,0,13.5247
1788791652.9775,2026-09-07 16:34:12.977,1,a1,1,0,-0.03356,-0.48278,0.03983,-6.2612,10.8713,-18.1329,-0.1386,-0.0686,-0.0425,3.48757,23.0,49.0,34.0,22.0,38.0,29.0,28.0,22.0,30.0,28.0,24.0,20.0,26.0,25.0,22.0,22.0,25.0,23.0,22.0,21.0,21.0,22.0,20.0,20.0,21.0,22.0,21.0,21.0,22.0,22.0,20.0,21.0,22.0,22.0,21.0,22.0,23.0,21.0,10.0,hold,0,0,13.4552
1788791653.0276,2026-09-07 16:34:13.027,1,a1,1,0,-0.03354,-0.48278,0.03982,-6.3541,11.0045,-18.2609,-0.1397,-0.0725,-0.0474,3.48682,25.0,48.0,35.0,23.0,38.0,30.0,28.0,22.0,31.0,27.0,24.0,20.0,26.0,23.0,22.0,20.0,22.0,23.0,21.0,21.0,21.0,22.0,20.0,20.0,21.0,22.0,21.0,21.0,22.0,22.0,20.0,21.0,22.0,22.0,21.0,22.0,23.0,21.0,10.0,hold,0,0,13.462
1788791653.0777,2026-09-07 16:34:13.077,1,a1,1,0,-0.03354,-0.48277,0.03983,-6.0074,10.9298,-18.2159,-0.1385,-0.0642,-0.0477,3.48354,22.0,49.0,35.0,22.0,38.0,28.0,27.0,23.0,31.0,28.0,25.0,23.0,27.0,24.0,23.0,22.0,24.0,23.0,22.0,21.0,21.0,22.0,20.0,20.0,21.0,22.0,21.0,21.0,22.0,22.0,20.0,21.0,22.0,22.0,21.0,22.0,23.0,21.0,10.0,hold,0,0,13.4911
1788791653.1278,2026-09-07 16:34:13.127,1,a1,1,0,-0.03354,-0.48278,0.03982,-6.254,10.9159,-18.2274,-0.1403,-0.0669,-0.0411,3.48807,22.0,49.0,35.0,22.0,38.0,28.0,27.0,23.0,31.0,28.0,25.0,23.0,27.0,24.0,23.0,22.0,24.0,23.0,22.0,21.0,21.0,22.0,20.0,20.0,21.0,22.0,21.0,21.0,22.0,22.0,20.0,21.0,22.0,22.0,21.0,22.0,23.0,21.0,10.0,hold,0,0,13.4508
1788791653.1779,2026-09-07 16:34:13.177,1,a1,1,0,-0.03355,-0.48276,0.03981,-6.3361,11.3032,-18.2732,-0.1488,-0.0707,-0.0503,3.48531,23.0,49.0,35.0,24.0,39.0,31.0,28.0,24.0,30.0,29.0,25.0,24.0,27.0,25.0,23.0,23.0,25.0,22.0,23.0,21.0,21.0,22.0,20.0,20.0,21.0,22.0,21.0,21.0,22.0,22.0,20.0,21.0,22.0,22.0,21.0,22.0,23.0,21.0,10.0,hold,0,0,13.4754
1788791653.228,2026-09-07 16:34:13.228,1,a1,1,0,-0.03354,-0.48277,0.03982,-6.2979,10.9743,-18.099,-0.142,-0.071,-0.0484,3.48581,23.0,49.0,35.0,24.0,39.0,31.0,28.0,24.0,30.0,29.0,25.0,24.0,27.0,25.0,23.0,23.0,25.0,22.0,23.0,21.0,21.0,22.0,20.0,20.0,21.0,22.0,21.0,21.0,22.0,22.0,20.0,21.0,22.0,22.0,21.0,22.0,23.0,21.0,10.0,hold,0,0,13.4709
1788791653.2781,2026-09-07 16:34:13.278,1,a1,1,0,-0.03353,-0.48278,0.03982,-6.0032,10.6436,-18.2267,-0.1368,-0.0609,-0.0429,3.49084,26.0,48.0,36.0,24.0,36.0,31.0,29.0,23.0,30.0,28.0,24.0,21.0,27.0,24.0,24.0,23.0,25.0,23.0,21.0,21.0,21.0,22.0,20.0,20.0,21.0,22.0,21.0,21.0,22.0,22.0,20.0,21.0,22.0,22.0,21.0,22.0,23.0,21.0,10.0,hold,0,0,13.4261
1788791653.3282,2026-09-07 16:34:13.328,1,a1,1,0,-0.03355,-0.48276,0.03982,-6.5706,11.1667,-18.0524,-0.1471,-0.08,-0.0473,3.48455,26.0,48.0,36.0,24.0,36.0,31.0,29.0,23.0,30.0,28.0,24.0,21.0,27.0,24.0,24.0,23.0,25.0,23.0,21.0,21.0,21.0,22.0,20.0,20.0,21.0,22.0,21.0,21.0,22.0,22.0,20.0,21.0,22.0,22.0,21.0,22.0,23.0,21.0,10.0,hold,0,0,13.4821
1788791653.3784,2026-09-07 16:34:13.378,1,a1,1,0,-0.03354,-0.48278,0.03983,-6.1183,11.1522,-18.0695,-0.1477,-0.0659,-0.0464,3.48807,26.0,49.0,35.0,23.0,38.0,29.0,28.0,23.0,30.0,28.0,24.0,21.0,27.0,25.0,24.0,22.0,24.0,24.0,23.0,21.0,21.0,22.0,20.0,20.0,21.0,22.0,21.0,21.0,22.0,22.0,20.0,21.0,22.0,22.0,21.0,22.0,23.0,21.0,10.0,hold,0,0,13.4508
1788791653.4285,2026-09-07 16:34:13.428,1,a1,1,0,-0.03354,-0.48278,0.03982,-6.2154,11.0244,-18.204,-0.1449,-0.0691,-0.0504,3.49412,25.0,49.0,35.0,24.0,38.0,30.0,28.0,23.0,32.0,27.0,24.0,20.0,29.0,23.0,23.0,21.0,24.0,23.0,22.0,21.0,21.0,22.0,20.0,20.0,21.0,22.0,21.0,21.0,22.0,22.0,20.0,21.0,22.0,22.0,21.0,22.0,23.0,21.0,10.0,hold,0,0,13.397
1788791653.4786,2026-09-07 16:34:13.478,1,a1,1,0,-0.03354,-0.48276,0.03982,-6.1049,11.0164,-18.2148,-0.1468,-0.0638,-0.0444,3.49714,25.0,49.0,35.0,24.0,38.0,30.0,28.0,23.0,32.0,27.0,24.0,20.0,29.0,23.0,23.0,21.0,24.0,23.0,22.0,21.0,21.0,22.0,20.0,20.0,21.0,22.0,21.0,21.0,22.0,22.0,20.0,21.0,22.0,22.0,21.0,22.0,23.0,21.0,10.0,hold,0,0,13.3701
1788791653.5287,2026-09-07 16:34:13.528,1,a1,1,0,-0.03354,-0.48277,0.03981,-6.456,11.3774,-18.2164,-0.1508,-0.0746,-0.0501,3.48933,25.0,51.0,35.0,24.0,41.0,29.0,28.0,23.0,30.0,28.0,25.0,21.0,27.0,25.0,23.0,22.0,24.0,25.0,22.0,21.0,21.0,22.0,20.0,20.0,21.0,22.0,21.0,21.0,22.0,22.0,20.0,21.0,22.0,22.0,21.0,22.0,23.0,21.0,10.0,hold,0,0,13.4396
1788791653.5788,2026-09-07 16:34:13.578,1,a1,1,0,-0.03357,-0.48278,0.03983,-6.4963,11.2415,-18.2119,-0.1482,-0.0742,-0.0471,3.50016,25.0,51.0,35.0,24.0,41.0,29.0,28.0,23.0,30.0,28.0,25.0,21.0,27.0,25.0,23.0,22.0,24.0,25.0,22.0,21.0,21.0,22.0,20.0,20.0,21.0,22.0,21.0,21.0,22.0,22.0,20.0,21.0,22.0,22.0,21.0,22.0,23.0,21.0,10.0,hold,0,0,13.3432
1788791653.629,2026-09-07 16:34:13.628,1,a1,1,0,-0.03355,-0.48276,0.03981,-6.1846,10.9475,-18.2713,-0.138,-0.0687,-0.0522,3.49815,25.0,49.0,36.0,24.0,39.0,29.0,29.0,20.0,31.0,29.0,24.0,19.0,28.0,25.0,24.0,20.0,25.0,22.0,20.0,21.0,21.0,22.0,20.0,20.0,21.0,22.0,21.0,21.0,22.0,22.0,20.0,21.0,22.0,22.0,21.0,22.0,23.0,21.0,10.0,hold,0,0,13.3611
1788791653.6791,2026-09-07 16:34:13.679,1,a1,1,0,-0.03354,-0.48276,0.03982,-6.1357,10.8381,-18.4046,-0.1371,-0.068,-0.0567,3.4843,22.0,51.0,36.0,21.0,39.0,31.0,28.0,22.0,32.0,29.0,25.0,22.0,29.0,25.0,24.0,22.0,25.0,23.0,22.0,21.0,21.0,22.0,20.0,20.0,21.0,22.0,21.0,21.0,22.0,22.0,20.0,21.0,22.0,22.0,21.0,22.0,23.0,21.0,10.0,hold,0,0,13.4844
1788791653.7292,2026-09-07 16:34:13.729,1,a1,1,0,-0.03356,-0.48277,0.03982,-6.335,11.1415,-18.2456,-0.1475,-0.0724,-0.0456,3.49714,22.0,51.0,36.0,21.0,39.0,31.0,28.0,22.0,32.0,29.0,25.0,22.0,29.0,25.0,24.0,22.0,25.0,23.0,22.0,21.0,21.0,22.0,20.0,20.0,21.0,22.0,21.0,21.0,22.0,22.0,20.0,21.0,22.0,22.0,21.0,22.0,23.0,21.0,10.0,hold,0,0,13.3701
1788791653.7794,2026-09-07 16:34:13.779,1,a1,1,0,-0.03354,-0.48277,0.03981,-6.153,11.0343,-18.4739,-0.1447,-0.0682,-0.0479,3.49185,25.0,50.0,36.0,22.0,40.0,31.0,29.0,23.0,30.0,29.0,24.0,21.0,28.0,25.0,22.0,21.0,25.0,23.0,23.0,21.0,21.0,22.0,20.0,20.0,21.0,22.0,21.0,21.0,22.0,22.0,20.0,21.0,22.0,22.0,21.0,22.0,23.0,21.0,10.0,hold,0,0,13.4172
1788791653.8294,2026-09-07 16:34:13.829,1,a1,1,0,-0.03356,-0.48276,0.03983,-6.2014,10.8124,-18.3748,-0.1373,-0.0684,-0.0503,3.49714,25.0,50.0,36.0,22.0,40.0,31.0,29.0,23.0,30.0,29.0,24.0,21.0,28.0,25.0,22.0,21.0,25.0,23.0,23.0,21.0,21.0,22.0,20.0,20.0,21.0,22.0,21.0,21.0,22.0,22.0,20.0,21.0,22.0,22.0,21.0,22.0,23.0,21.0,10.0,hold,0,0,13.3701
1788791653.8795,2026-09-07 16:34:13.879,1,a1,1,0,-0.03355,-0.48277,0.03982,-6.3907,11.1462,-18.2549,-0.1438,-0.0729,-0.0524,3.49991,26.0,49.0,36.0,22.0,38.0,30.0,26.0,23.0,31.0,26.0,26.0,22.0,28.0,23.0,24.0,23.0,23.0,23.0,22.0,21.0,21.0,22.0,20.0,20.0,21.0,22.0,21.0,21.0,22.0,22.0,20.0,21.0,22.0,22.0,21.0,22.0,23.0,21.0,10.0,hold,0,0,13.3455
1788791653.9297,2026-09-07 16:34:13.929,1,a1,1,0,-0.03354,-0.48277,0.03982,-6.28,10.9963,-18.2794,-0.1414,-0.068,-0.0543,3.49361,25.0,48.0,34.0,23.0,38.0,29.0,27.0,22.0,31.0,27.0,25.0,22.0,27.0,25.0,23.0,22.0,23.0,22.0,22.0,21.0,21.0,22.0,20.0,20.0,21.0,22.0,21.0,21.0,22.0,22.0,20.0,21.0,22.0,22.0,21.0,22.0,23.0,21.0,10.0,hold,0,0,13.4015
1788791653.9798,2026-09-07 16:34:13.979,1,a1,1,0,-0.03357,-0.48277,0.03983,-5.8252,10.8958,-18.2502,-0.1392,-0.06,-0.0505,3.50167,25.0,48.0,34.0,23.0,38.0,29.0,27.0,22.0,31.0,27.0,25.0,22.0,27.0,25.0,23.0,22.0,23.0,22.0,22.0,21.0,21.0,22.0,20.0,20.0,21.0,22.0,21.0,21.0,22.0,22.0,20.0,21.0,22.0,22.0,21.0,22.0,23.0,21.0,10.0,hold,0,0,13.3298
1788791654.0299,2026-09-07 16:34:14.029,1,a1,1,0,-0.03357,-0.48278,0.03983,-6.3189,11.1503,-18.3204,-0.1518,-0.0696,-0.0586,3.5057,24.0,50.0,34.0,23.0,38.0,29.0,28.0,21.0,32.0,28.0,25.0,20.0,29.0,25.0,23.0,20.0,24.0,21.0,22.0,21.0,21.0,22.0,20.0,20.0,21.0,22.0,21.0,21.0,22.0,22.0,20.0,21.0,22.0,22.0,21.0,22.0,23.0,21.0,10.0,hold,0,0,13.294
1788791654.08,2026-09-07 16:34:14.079,1,a1,1,0,-0.03355,-0.48276,0.03981,-6.3496,11.0308,-18.171,-0.144,-0.0722,-0.0533,3.4979,24.0,50.0,34.0,23.0,38.0,29.0,28.0,21.0,32.0,28.0,25.0,20.0,29.0,25.0,23.0,20.0,24.0,21.0,22.0,21.0,21.0,22.0,20.0,20.0,21.0,22.0,21.0,21.0,22.0,22.0,20.0,21.0,22.0,22.0,21.0,22.0,23.0,21.0,10.0,hold,0,0,13.3634
1788791654.1301,2026-09-07 16:34:14.130,1,a1,1,0,-0.03353,-0.48276,0.03981,-6.2614,11.0555,-18.6375,-0.1463,-0.0725,-0.048,3.49437,26.0,50.0,36.0,22.0,39.0,31.0,29.0,22.0,33.0,27.0,24.0,21.0,28.0,24.0,23.0,20.0,24.0,22.0,21.0,21.0,21.0,22.0,20.0,20.0,21.0,22.0,21.0,21.0,22.0,22.0,20.0,21.0,22.0,22.0,21.0,22.0,23.0,21.0,10.0,hold,0,0,13.3947
1788791654.1802,2026-09-07 16:34:14.180,1,a1,1,0,-0.03353,-0.48276,0.03981,-6.226,11.1837,-18.318,-0.1466,-0.0717,-0.0484,3.50243,23.0,50.0,35.0,23.0,39.0,30.0,28.0,22.0,31.0,28.0,26.0,21.0,29.0,24.0,24.0,22.0,24.0,22.0,22.0,21.0,21.0,22.0,20.0,20.0,21.0,22.0,21.0,21.0,22.0,22.0,20.0,21.0,22.0,22.0,21.0,22.0,23.0,21.0,10.0,hold,0,0,13.3231
1788791654.2303,2026-09-07 16:34:14.230,1,a1,1,0,-0.03355,-0.48277,0.03982,-6.4335,10.6331,-18.3242,-0.1342,-0.0729,-0.0527,3.50167,23.0,50.0,35.0,23.0,39.0,30.0,28.0,22.0,31.0,28.0,26.0,21.0,29.0,24.0,24.0,22.0,24.0,22.0,22.0,21.0,21.0,22.0,20.0,20.0,21.0,22.0,21.0,21.0,22.0,22.0,20.0,21.0,22.0,22.0,21.0,22.0,23.0,21.0,10.0,hold,0,0,13.3298
1788791654.2804,2026-09-07 16:34:14.280,1,a1,1,0,-0.03355,-0.48277,0.03983,-5.9482,11.0057,-18.2977,-0.1454,-0.0604,-0.0485,3.49689,25.0,50.0,35.0,23.0,41.0,30.0,30.0,23.0,31.0,29.0,24.0,22.0,27.0,23.0,23.0,21.0,23.0,22.0,22.0,21.0,21.0,22.0,20.0,20.0,21.0,22.0,21.0,21.0,22.0,22.0,20.0,21.0,22.0,22.0,21.0,22.0,23.0,21.0,10.0,hold,0,0,13.3723
1788791654.3305,2026-09-07 16:34:14.330,1,a1,1,0,-0.03355,-0.48278,0.03983,-6.3925,10.9624,-18.4583,-0.1426,-0.0724,-0.0485,3.50797,25.0,50.0,35.0,23.0,41.0,30.0,30.0,23.0,31.0,29.0,24.0,22.0,27.0,23.0,23.0,21.0,23.0,22.0,22.0,21.0,21.0,22.0,20.0,20.0,21.0,22.0,21.0,21.0,22.0,22.0,20.0,21.0,22.0,22.0,21.0,22.0,23.0,21.0,10.0,hold,0,0,13.2738
1788791654.3806,2026-09-07 16:34:14.380,1,a1,1,0,-0.03355,-0.48276,0.03982,-6.2985,10.9216,-18.2857,-0.1418,-0.073,-0.0515,3.50016,24.0,49.0,35.0,23.0,39.0,30.0,27.0,22.0,31.0,29.0,24.0,20.0,27.0,24.0,23.0,21.0,24.0,23.0,22.0,21.0,21.0,22.0,20.0,20.0,21.0,22.0,21.0,21.0,22.0,22.0,20.0,21.0,22.0,22.0,21.0,22.0,23.0,21.0,10.0,hold,0,0,13.3432
1788791654.4307,2026-09-07 16:34:14.430,1,a1,1,0,-0.03355,-0.48276,0.03982,-6.4298,10.9085,-18.3339,-0.1395,-0.0766,-0.051,3.49915,24.0,49.0,35.0,23.0,39.0,30.0,27.0,22.0,31.0,29.0,24.0,20.0,27.0,24.0,23.0,21.0,24.0,23.0,22.0,21.0,21.0,22.0,20.0,20.0,21.0,22.0,21.0,21.0,22.0,22.0,20.0,21.0,22.0,22.0,21.0,22.0,23.0,21.0,10.0,hold,0,0,13.3522
1788791654.4809,2026-09-07 16:34:14.480,1,a1,1,0,-0.03355,-0.48276,0.03982,-6.0881,11.1461,-18.208,-0.147,-0.0662,-0.044,3.50394,24.0,50.0,35.0,23.0,38.0,31.0,27.0,23.0,30.0,29.0,25.0,23.0,26.0,25.0,23.0,22.0,25.0,22.0,23.0,21.0,21.0,22.0,20.0,20.0,21.0,22.0,21.0,21.0,22.0,22.0,20.0,21.0,22.0,22.0,21.0,22.0,23.0,21.0,10.0,hold,0,0,13.3096
1788791654.531,2026-09-07 16:34:14.531,1,a1,1,0,-0.03354,-0.48276,0.03982,-6.2731,11.2272,-18.2144,-0.1475,-0.0684,-0.0575,3.50746,26.0,50.0,37.0,25.0,39.0,31.0,29.0,23.0,32.0,28.0,26.0,23.0,29.0,25.0,23.0,23.0,25.0,23.0,23.0,21.0,21.0,22.0,20.0,20.0,21.0,22.0,21.0,21.0,22.0,22.0,20.0,21.0,22.0,22.0,21.0,22.0,23.0,21.0,10.0,hold,0,0,13.2783
1788791654.5812,2026-09-07 16:34:14.581,1,a1,1,0,-0.03355,-0.48276,0.03982,-6.0646,10.6721,-18.1917,-0.1345,-0.0617,-0.0508,3.49588,26.0,50.0,37.0,25.0,39.0,31.0,29.0,23.0,32.0,28.0,26.0,23.0,29.0,25.0,23.0,23.0,25.0,23.0,23.0,21.0,21.0,22.0,20.0,20.0,21.0,22.0,21.0,21.0,22.0,22.0,20.0,21.0,22.0,22.0,21.0,22.0,23.0,21.0,10.0,hold,0,0,13.3813
1788791654.6313,2026-09-07 16:34:14.631,1,a1,1,0,-0.03354,-0.48278,0.03983,-6.2896,11.0949,-18.2686,-0.1467,-0.0709,-0.0501,3.50167,25.0,50.0,36.0,24.0,41.0,31.0,28.0,22.0,31.0,28.0,24.0,21.0,28.0,26.0,23.0,21.0,25.0,23.0,21.0,21.0,21.0,22.0,20.0,20.0,21.0,22.0,21.0,21.0,22.0,22.0,20.0,21.0,22.0,22.0,21.0,22.0,23.0,21.0,10.0,hold,0,0,13.3298
1788791654.6815,2026-09-07 16:34:14.681,1,a1,1,0,-0.03354,-0.48277,0.03982,-6.3224,10.6344,-18.2059,-0.1356,-0.0701,-0.0603,3.50822,25.0,50.0,36.0,24.0,41.0,31.0,28.0,22.0,31.0,28.0,24.0,21.0,28.0,26.0,23.0,21.0,25.0,23.0,21.0,21.0,21.0,22.0,20.0,20.0,21.0,22.0,21.0,21.0,22.0,22.0,20.0,21.0,22.0,22.0,21.0,22.0,23.0,21.0,10.0,hold,0,0,13.2716
1788791654.7315,2026-09-07 16:34:14.731,1,a1,1,0,-0.03356,-0.48277,0.03982,-6.2877,11.2612,-18.279,-0.1468,-0.0707,-0.0496,3.51048,25.0,50.0,36.0,24.0,39.0,31.0,28.0,22.0,30.0,27.0,25.0,21.0,26.0,25.0,23.0,21.0,24.0,23.0,22.0,21.0,21.0,22.0,20.0,20.0,21.0,22.0,21.0,21.0,22.0,22.0,20.0,21.0,22.0,22.0,21.0,22.0,23.0,21.0,10.0,hold,0,0,13.2514
1788791654.7816,2026-09-07 16:34:14.781,1,a1,1,0,-0.03354,-0.48277,0.03982,-6.1531,11.2646,-18.565,-0.1485,-0.063,-0.049,3.4989,24.0,49.0,35.0,23.0,38.0,30.0,27.0,20.0,29.0,30.0,24.0,19.0,25.0,26.0,23.0,19.0,25.0,24.0,18.0,21.0,21.0,22.0,20.0,20.0,21.0,22.0,21.0,21.0,22.0,22.0,20.0,21.0,22.0,22.0,21.0,22.0,23.0,21.0,10.0,hold,0,0,13.3544
1788791654.8317,2026-09-07 16:34:14.831,1,a1,1,0,-0.03353,-0.48276,0.03981,-6.1531,10.9598,-18.5248,-0.142,-0.0672,-0.0488,3.50394,24.0,49.0,35.0,23.0,38.0,30.0,27.0,20.0,29.0,30.0,24.0,19.0,25.0,26.0,23.0,19.0,25.0,24.0,18.0,21.0,21.0,22.0,20.0,20.0,21.0,22.0,21.0,21.0,22.0,22.0,20.0,21.0,22.0,22.0,21.0,22.0,23.0,21.0,10.0,hold,0,0,13.3096
1788791654.8819,2026-09-07 16:34:14.881,1,a1,1,0,-0.03353,-0.48278,0.03982,-5.9327,10.7906,-18.4257,-0.1404,-0.0599,-0.0476,3.51048,23.0,48.0,36.0,21.0,37.0,32.0,28.0,22.0,30.0,29.0,25.0,22.0,26.0,25.0,23.0,21.0,25.0,22.0,23.0,21.0,21.0,22.0,20.0,20.0,21.0,22.0,21.0,21.0,22.0,22.0,20.0,21.0,22.0,22.0,21.0,22.0,23.0,21.0,10.0,hold,0,0,13.2514
1788791654.932,2026-09-07 16:34:14.931,1,a1,1,0,-0.03354,-0.48278,0.03983,-6.1285,10.765,-18.4917,-0.1366,-0.0655,-0.0496,3.51099,23.0,48.0,36.0,21.0,37.0,32.0,28.0,22.0,30.0,29.0,25.0,22.0,26.0,25.0,23.0,21.0,25.0,22.0,23.0,21.0,21.0,22.0,20.0,20.0,21.0,22.0,21.0,21.0,22.0,22.0,20.0,21.0,22.0,22.0,21.0,22.0,23.0,21.0,10.0,hold,0,0,13.2469
1788791654.9821,2026-09-07 16:34:14.982,1,a1,1,0,-0.03354,-0.48276,0.03981,-6.2525,10.9424,-18.4902,-0.1438,-0.0675,-0.0513,3.5135,24.0,49.0,36.0,23.0,38.0,30.0,28.0,21.0,30.0,27.0,25.0,20.0,27.0,24.0,23.0,19.0,23.0,23.0,20.0,21.0,21.0,22.0,20.0,20.0,21.0,22.0,21.0,21.0,22.0,22.0,20.0,21.0,22.0,22.0,21.0,22.0,23.0,21.0,10.0,hold,0,0,13.2245
1788791655.0322,2026-09-07 16:34:15.032,1,a1,1,0,-0.03354,-0.48277,0.03983,-5.9993,11.0905,-18.3425,-0.1432,-0.063,-0.0546,3.50721,24.0,49.0,36.0,22.0,38.0,30.0,28.0,24.0,30.0,29.0,25.0,24.0,27.0,25.0,22.0,21.0,24.0,23.0,22.0,21.0,21.0,22.0,20.0,20.0,21.0,22.0,21.0,21.0,22.0,22.0,20.0,21.0,22.0,22.0,21.0,22.0,23.0,21.0,10.0,hold,0,0,13.2805
1788791655.0824,2026-09-07 16:34:15.082,1,a1,1,0,-0.03354,-0.48277,0.03982,-5.9292,10.788,-18.2973,-0.14,-0.06,-0.0545,3.4989,24.0,49.0,36.0,22.0,38.0,30.0,28.0,24.0,30.0,29.0,25.0,24.0,27.0,25.0,22.0,21.0,24.0,23.0,22.0,21.0,21.0,22.0,20.0,20.0,21.0,22.0,21.0,21.0,22.0,22.0,20.0,21.0,22.0,22.0,21.0,22.0,23.0,21.0,10.0,hold,0,0,13.3544
1788791655.1325,2026-09-07 16:34:15.132,1,a1,1,0,-0.03355,-0.48276,0.03982,-6.1256,10.7062,-18.3522,-0.1377,-0.0683,-0.055,3.51376,26.0,50.0,36.0,25.0,39.0,31.0,28.0,25.0,31.0,28.0,24.0,24.0,28.0,25.0,22.0,23.0,24.0,23.0,23.0,21.0,21.0,22.0,20.0,20.0,21.0,22.0,21.0,21.0,22.0,22.0,20.0,21.0,22.0,22.0,21.0,22.0,23.0,21.0,10.0,hold,0,0,13.2223
1788791655.1825,2026-09-07 16:34:15.182,1,a1,1,0,-0.03356,-0.48277,0.03982,-5.9936,10.6928,-18.4743,-0.1374,-0.0626,-0.0516,3.50771,26.0,50.0,36.0,25.0,39.0,31.0,28.0,25.0,31.0,28.0,24.0,24.0,28.0,25.0,22.0,23.0,24.0,23.0,23.0,21.0,21.0,22.0,20.0,20.0,21.0,22.0,21.0,21.0,22.0,22.0,20.0,21.0,22.0,22.0,21.0,22.0,23.0,21.0,10.0,hold,0,0,13.276
1788791655.2326,2026-09-07 16:34:15.232,1,a1,1,0,-0.03354,-0.48277,0.03983,-6.0626,10.6782,-18.3134,-0.1337,-0.0659,-0.0487,3.50746,26.0,50.0,35.0,25.0,39.0,31.0,28.0,22.0,31.0,28.0,25.0,21.0,28.0,25.0,24.0,22.0,24.0,24.0,21.0,21.0,21.0,22.0,20.0,20.0,21.0,22.0,21.0,21.0,22.0,22.0,20.0,21.0,22.0,22.0,21.0,22.0,23.0,21.0,10.0,hold,0,0,13.2783
1788791655.2827,2026-09-07 16:34:15.282,1,a1,1,0,-0.03355,-0.48278,0.03982,-6.1411,10.5673,-18.6069,-0.1348,-0.0653,-0.0513,3.51325,25.0,50.0,35.0,23.0,39.0,31.0,27.0,23.0,32.0,28.0,26.0,21.0,29.0,24.0,23.0,22.0,23.0,23.0,23.0,21.0,21.0,22.0,20.0,20.0,21.0,22.0,21.0,21.0,22.0,22.0,20.0,21.0,22.0,22.0,21.0,22.0,23.0,21.0,10.0,hold,0,0,13.2268
1788791655.3328,2026-09-07 16:34:15.332,1,a1,1,0,-0.03354,-0.48277,0.03981,-6.4095,11.0093,-18.4881,-0.1472,-0.0727,-0.0533,3.50746,25.0,50.0,35.0,23.0,39.0,31.0,27.0,23.0,32.0,28.0,26.0,21.0,29.0,24.0,23.0,22.0,23.0,23.0,23.0,21.0,21.0,22.0,20.0,20.0,21.0,22.0,21.0,21.0,22.0,22.0,20.0,21.0,22.0,22.0,21.0,22.0,23.0,21.0,10.0,hold,0,0,13.2783
1788791655.3829,2026-09-07 16:34:15.382,1,a1,1,0,-0.03353,-0.48276,0.03981,-6.3135,11.001,-18.3487,-0.1429,-0.0695,-0.0557,3.51199,25.0,50.0,36.0,23.0,41.0,30.0,28.0,24.0,31.0,28.0,25.0,23.0,29.0,25.0,23.0,23.0,25.0,22.0,23.0,21.0,21.0,22.0,20.0,20.0,21.0,22.0,21.0,21.0,22.0,22.0,20.0,21.0,22.0,22.0,21.0,22.0,23.0,21.0,10.0,hold,0,0,13.238
1788791655.4331,2026-09-07 16:34:15.433,1,a1,1,0,-0.03354,-0.48276,0.03981,-6.1403,10.8373,-18.4684,-0.1395,-0.0661,-0.0534,3.51653,25.0,50.0,36.0,23.0,41.0,30.0,28.0,24.0,31.0,28.0,25.0,23.0,29.0,25.0,23.0,23.0,25.0,22.0,23.0,21.0,21.0,22.0,20.0,20.0,21.0,22.0,21.0,21.0,22.0,22.0,20.0,21.0,22.0,22.0,21.0,22.0,23.0,21.0,10.0,hold,0,0,13.1976
1788791655.4831,2026-09-07 16:34:15.483,1,a1,1,0,-0.03356,-0.48278,0.03982,-6.048,10.7407,-18.5278,-0.1391,-0.0635,-0.0449,3.50998,26.0,50.0,35.0,23.0,40.0,30.0,28.0,23.0,31.0,29.0,25.0,23.0,28.0,25.0,23.0,23.0,24.0,22.0,24.0,21.0,21.0,22.0,20.0,20.0,21.0,22.0,21.0,21.0,22.0,22.0,20.0,21.0,22.0,22.0,21.0,22.0,23.0,21.0,10.0,hold,0,0,13.2559
1788791655.5333,2026-09-07 16:34:15.533,1,a1,1,0,-0.03355,-0.48276,0.03982,-6.202,10.8403,-18.4072,-0.1402,-0.0677,-0.0594,3.51149,26.0,50.0,35.0,23.0,40.0,30.0,28.0,23.0,31.0,29.0,25.0,23.0,28.0,25.0,23.0,23.0,24.0,22.0,24.0,21.0,21.0,22.0,20.0,20.0,21.0,22.0,21.0,21.0,22.0,22.0,20.0,21.0,22.0,22.0,21.0,22.0,23.0,21.0,10.0,hold,0,0,13.2424
1788791655.5835,2026-09-07 16:34:15.583,1,a1,1,0,-0.03355,-0.48277,0.03982,-6.0696,10.8749,-18.5307,-0.1391,-0.0624,-0.0568,3.51703,26.0,50.0,37.0,23.0,40.0,31.0,29.0,24.0,31.0,28.0,23.0,23.0,27.0,25.0,22.0,22.0,25.0,23.0,23.0,21.0,21.0,22.0,20.0,20.0,21.0,22.0,21.0,21.0,22.0,22.0,20.0,21.0,22.0,22.0,21.0,22.0,23.0,21.0,10.0,hold,0,0,13.1932
1788791655.6335,2026-09-07 16:34:15.633,1,a1,1,0,-0.03353,-0.48277,0.03982,-5.7145,10.4342,-18.6148,-0.1307,-0.0553,-0.0511,3.50797,25.0,49.0,36.0,24.0,39.0,29.0,28.0,24.0,30.0,29.0,26.0,22.0,27.0,25.0,23.0,24.0,25.0,22.0,24.0,21.0,21.0,22.0,20.0,20.0,21.0,22.0,21.0,21.0,22.0,22.0,20.0,21.0,22.0,22.0,21.0,22.0,23.0,21.0,10.0,hold,0,0,13.2738
1788791655.6836,2026-09-07 16:34:15.683,1,a1,1,0,-0.03354,-0.48277,0.03982,-5.972,10.9462,-18.4885,-0.1385,-0.061,-0.0525,3.51451,25.0,49.0,36.0,24.0,39.0,29.0,28.0,24.0,30.0,29.0,26.0,22.0,27.0,25.0,23.0,24.0,25.0,22.0,24.0,21.0,21.0,22.0,20.0,20.0,21.0,22.0,21.0,21.0,22.0,22.0,20.0,21.0,22.0,22.0,21.0,22.0,23.0,21.0,10.0,hold,0,0,13.2156
1788791655.7336,2026-09-07 16:34:15.733,1,a1,1,0,-0.03355,-0.48276,0.03981,-5.9318,10.904,-18.3765,-0.1414,-0.0587,-0.0524,3.5198,26.0,50.0,35.0,24.0,39.0,31.0,29.0,22.0,30.0,29.0,25.0,21.0,27.0,25.0,23.0,22.0,25.0,22.0,22.0,21.0,21.0,22.0,20.0,20.0,21.0,22.0,21.0,21.0,22.0,22.0,20.0,21.0,22.0,22.0,21.0,22.0,23.0,21.0,10.0,hold,0,0,13.1685
1788791655.7838,2026-09-07 16:34:15.783,1,a1,1,0,-0.03355,-0.48276,0.03981,-6.2336,11.1528,-18.0501,-0.1479,-0.0668,-0.0558,3.51225,26.0,50.0,35.0,24.0,39.0,31.0,29.0,22.0,30.0,29.0,25.0,21.0,27.0,25.0,23.0,22.0,25.0,22.0,22.0,21.0,21.0,22.0,20.0,20.0,21.0,22.0,21.0,21.0,22.0,22.0,20.0,21.0,22.0,22.0,21.0,22.0,23.0,21.0,10.0,hold,0,0,13.2357
1788791655.8339,2026-09-07 16:34:15.833,1,a1,1,0,-0.03355,-0.48276,0.03981,-6.1076,10.4673,-18.2655,-0.1332,-0.0662,-0.0577,3.5198,25.0,49.0,35.0,23.0,38.0,31.0,28.0,25.0,29.0,28.0,25.0,23.0,27.0,24.0,23.0,22.0,25.0,21.0,23.0,21.0,21.0,22.0,20.0,20.0,21.0,22.0,21.0,21.0,22.0,22.0,20.0,21.0,22.0,22.0,21.0,22.0,23.0,21.0,10.0,hold,0,0,13.1685
1788791655.8839,2026-09-07 16:34:15.883,1,a1,1,0,-0.03355,-0.48277,0.03982,-6.2704,10.7252,-18.4577,-0.1379,-0.0679,-0.0542,3.51577,26.0,48.0,35.0,25.0,37.0,31.0,27.0,25.0,30.0,29.0,24.0,24.0,25.0,24.0,22.0,24.0,24.0,23.0,24.0,21.0,21.0,22.0,20.0,20.0,21.0,22.0,21.0,21.0,22.0,22.0,20.0,21.0,22.0,22.0,21.0,22.0,23.0,21.0,10.0,hold,0,0,13.2044
1788791655.934,2026-09-07 16:34:15.934,1,a1,1,0,-0.03355,-0.48278,0.03981,-5.9995,10.5333,-18.3058,-0.1334,-0.0609,-0.0499,3.51753,26.0,48.0,35.0,25.0,37.0,31.0,27.0,25.0,30.0,29.0,24.0,24.0,25.0,24.0,22.0,24.0,24.0,23.0,24.0,21.0,21.0,22.0,20.0,20.0,21.0,22.0,21.0,21.0,22.0,22.0,20.0,21.0,22.0,22.0,21.0,22.0,23.0,21.0,10.0,hold,0,0,13.1887
1788791655.9842,2026-09-07 16:34:15.984,1,a1,1,0,-0.03354,-0.48276,0.03981,-6.2893,10.7357,-18.3021,-0.1393,-0.0678,-0.0535,3.5135,27.0,48.0,36.0,25.0,38.0,31.0,27.0,21.0,31.0,29.0,22.0,22.0,29.0,26.0,23.0,21.0,25.0,22.0,22.0,21.0,21.0,22.0,20.0,20.0,21.0,22.0,21.0,21.0,22.0,22.0,20.0,21.0,22.0,22.0,21.0,22.0,23.0,21.0,10.0,hold,0,0,13.2245
1788791656.0342,2026-09-07 16:34:16.034,1,a1,1,0,-0.03355,-0.48277,0.03982,-6.3851,11.1633,-18.3832,-0.1493,-0.0731,-0.0566,3.5193,27.0,48.0,36.0,25.0,38.0,31.0,27.0,21.0,31.0,29.0,22.0,22.0,29.0,26.0,23.0,21.0,25.0,22.0,22.0,21.0,21.0,22.0,20.0,20.0,21.0,22.0,21.0,21.0,22.0,22.0,20.0,21.0,22.0,22.0,21.0,22.0,23.0,21.0,10.0,hold,0,0,13.173
1788791656.0843,2026-09-07 16:34:16.084,1,a1,1,0,-0.03354,-0.48278,0.03982,-6.2638,10.8296,-18.6751,-0.1408,-0.0685,-0.0565,3.51426,24.0,49.0,37.0,24.0,40.0,31.0,26.0,23.0,31.0,29.0,25.0,22.0,28.0,25.0,23.0,23.0,24.0,23.0,24.0,21.0,21.0,22.0,20.0,20.0,21.0,22.0,21.0,21.0,22.0,22.0,20.0,21.0,22.0,22.0,21.0,22.0,23.0,21.0,10.0,hold,0,0,13.2178
1788791656.1345,2026-09-07 16:34:16.134,1,a1,1,0,-0.03355,-0.48277,0.03982,-6.1384,10.8729,-18.5065,-0.1417,-0.0662,-0.0555,3.52282,24.0,50.0,37.0,25.0,40.0,32.0,27.0,24.0,31.0,28.0,24.0,22.0,27.0,26.0,22.0,23.0,24.0,22.0,25.0,21.0,21.0,22.0,20.0,20.0,21.0,22.0,21.0,21.0,22.0,22.0,20.0,21.0,22.0,22.0,21.0,22.0,23.0,21.0,10.0,hold,0,0,13.1416
1788791656.1846,2026-09-07 16:34:16.184,1,a1,1,0,-0.03355,-0.48278,0.03982,-6.1475,11.0816,-18.3762,-0.1463,-0.0707,-0.0518,3.51854,24.0,50.0,37.0,25.0,40.0,32.0,27.0,24.0,31.0,28.0,24.0,22.0,27.0,26.0,22.0,23.0,24.0,22.0,25.0,21.0,21.0,22.0,20.0,20.0,21.0,22.0,21.0,21.0,22.0,22.0,20.0,21.0,22.0,22.0,21.0,22.0,23.0,21.0,10.0,hold,0,0,13.1797
1788791656.2347,2026-09-07 16:34:16.234,1,a1,1,0,-0.03355,-0.48278,0.03983,-5.8385,10.7813,-18.4403,-0.141,-0.0609,-0.0563,3.51023,26.0,51.0,35.0,24.0,39.0,30.0,27.0,22.0,31.0,27.0,25.0,21.0,28.0,25.0,22.0,20.0,25.0,23.0,21.0,21.0,21.0,22.0,20.0,20.0,21.0,22.0,21.0,21.0,22.0,22.0,20.0,21.0,22.0,22.0,21.0,22.0,23.0,21.0,10.0,hold,0,0,13.2536
1788791656.2848,2026-09-07 16:34:16.284,1,a1,1,0,-0.03354,-0.48276,0.03982,-6.5292,10.8668,-18.2675,-0.1415,-0.0728,-0.0578,3.52483,26.0,51.0,35.0,24.0,39.0,30.0,27.0,22.0,31.0,27.0,25.0,21.0,28.0,25.0,22.0,20.0,25.0,23.0,21.0,21.0,21.0,22.0,20.0,20.0,21.0,22.0,21.0,21.0,22.0,22.0,20.0,21.0,22.0,22.0,21.0,22.0,23.0,21.0,10.0,hold,0,0,13.1237
1788791656.335,2026-09-07 16:34:16.335,1,a1,1,0,-0.03356,-0.48275,0.0398,-6.3492,10.8445,-18.4575,-0.1411,-0.0718,-0.0549,3.51779,24.0,49.0,35.0,23.0,38.0,31.0,27.0,23.0,30.0,27.0,24.0,22.0,26.0,25.0,23.0,22.0,25.0,22.0,24.0,21.0,21.0,22.0,20.0,20.0,21.0,22.0,21.0,21.0,22.0,22.0,20.0,21.0,22.0,22.0,21.0,22.0,23.0,21.0,10.0,hold,0,0,13.1864
1788791656.3851,2026-09-07 16:34:16.385,1,a1,1,0,-0.03354,-0.48276,0.03981,-6.1695,10.8726,-18.3164,-0.1447,-0.0686,-0.0534,3.51854,25.0,49.0,35.0,23.0,39.0,29.0,26.0,22.0,31.0,27.0,25.0,21.0,28.0,23.0,23.0,21.0,22.0,23.0,23.0,21.0,21.0,22.0,20.0,20.0,21.0,22.0,21.0,21.0,22.0,22.0,20.0,21.0,22.0,22.0,21.0,22.0,23.0,21.0,10.0,hold,0,0,13.1797
1788791656.4353,2026-09-07 16:34:16.435,1,a1,1,0,-0.03356,-0.48277,0.03982,-5.9985,10.8756,-18.4482,-0.1435,-0.0658,-0.0524,3.52232,25.0,49.0,35.0,23.0,39.0,29.0,26.0,22.0,31.0,27.0,25.0,21.0,28.0,23.0,23.0,21.0,22.0,23.0,23.0,21.0,21.0,22.0,20.0,20.0,21.0,22.0,21.0,21.0,22.0,22.0,20.0,21.0,22.0,22.0,21.0,22.0,23.0,21.0,10.0,hold,0,0,13.1461
1788791656.4854,2026-09-07 16:34:16.485,1,a1,1,0,-0.03355,-0.48277,0.03983,-6.1165,10.7399,-18.4564,-0.1406,-0.0651,-0.0594,3.51577,24.0,49.0,35.0,24.0,39.0,30.0,28.0,22.0,30.0,29.0,25.0,21.0,29.0,25.0,23.0,21.0,25.0,23.0,22.0,21.0,21.0,22.0,20.0,20.0,21.0,22.0,21.0,21.0,22.0,22.0,20.0,21.0,22.0,22.0,21.0,22.0,23.0,21.0,10.0,hold,0,0,13.2044
1788791656.5355,2026-09-07 16:34:16.535,1,a1,1,0,-0.03357,-0.48279,0.03983,-6.0281,10.9621,-18.3073,-0.1446,-0.0622,-0.0545,3.52206,24.0,49.0,35.0,24.0,39.0,30.0,28.0,22.0,30.0,29.0,25.0,21.0,29.0,25.0,23.0,21.0,25.0,23.0,22.0,21.0,21.0,22.0,20.0,20.0,21.0,22.0,21.0,21.0,22.0,22.0,20.0,21.0,22.0,22.0,21.0,22.0,23.0,21.0,10.0,hold,0,0,13.1484
1788791656.5856,2026-09-07 16:34:16.585,1,a1,1,0,-0.03354,-0.48277,0.03982,-5.9454,10.8887,-18.4556,-0.1418,-0.0623,-0.0601,3.52307,24.0,50.0,36.0,22.0,39.0,32.0,29.0,23.0,30.0,27.0,25.0,22.0,26.0,24.0,21.0,22.0,23.0,22.0,22.0,21.0,21.0,22.0,20.0,20.0,21.0,22.0,21.0,21.0,22.0,22.0,20.0,21.0,22.0,22.0,21.0,22.0,23.0,21.0,10.0,hold,0,0,13.1394
1788791656.6357,2026-09-07 16:34:16.635,1,a1,1,0,-0.03355,-0.48276,0.03981,-5.9635,10.7826,-18.2845,-0.1425,-0.0611,-0.0485,3.51879,24.0,50.0,36.0,22.0,39.0,32.0,29.0,23.0,30.0,27.0,25.0,22.0,26.0,24.0,21.0,22.0,23.0,22.0,22.0,21.0,21.0,22.0,20.0,20.0,21.0,22.0,21.0,21.0,22.0,22.0,20.0,21.0,22.0,22.0,21.0,22.0,23.0,21.0,10.0,hold,0,0,13.1775
1788791656.6859,2026-09-07 16:34:16.685,1,a1,1,0,-0.03355,-0.48277,0.03982,-6.0551,10.7685,-18.3512,-0.1399,-0.0622,-0.0513,3.51653,25.0,49.0,36.0,24.0,36.0,30.0,28.0,22.0,31.0,27.0,25.0,20.0,28.0,23.0,22.0,21.0,22.0,23.0,21.0,21.0,21.0,22.0,20.0,20.0,21.0,22.0,21.0,21.0,22.0,22.0,20.0,21.0,22.0,22.0,21.0,22.0,23.0,21.0,10.0,hold,0,0,13.1976
1788791656.736,2026-09-07 16:34:16.736,1,a1,1,0,-0.03354,-0.48276,0.03981,-6.141,10.9212,-18.2726,-0.1448,-0.0679,-0.0533,3.5276,24.0,50.0,33.0,22.0,39.0,29.0,27.0,24.0,30.0,28.0,23.0,24.0,27.0,25.0,21.0,24.0,24.0,22.0,23.0,21.0,21.0,22.0,20.0,20.0,21.0,22.0,21.0,21.0,22.0,22.0,20.0,21.0,22.0,22.0,21.0,22.0,23.0,21.0,10.0,hold,0,0,13.0991
1788791656.7861,2026-09-07 16:34:16.786,1,a1,1,0,-0.03356,-0.48277,0.03983,-6.2465,10.8734,-18.3092,-0.1437,-0.0685,-0.054,3.52609,24.0,50.0,33.0,22.0,39.0,29.0,27.0,24.0,30.0,28.0,23.0,24.0,27.0,25.0,21.0,24.0,24.0,22.0,23.0,21.0,21.0,22.0,20.0,20.0,21.0,22.0,21.0,21.0,22.0,22.0,20.0,21.0,22.0,22.0,21.0,22.0,23.0,21.0,10.0,hold,0,0,13.1125
1788791656.8362,2026-09-07 16:34:16.836,1,a1,1,0,-0.03353,-0.48277,0.03982,-5.9059,10.7952,-18.3278,-0.1418,-0.0599,-0.0592,3.52584,27.0,48.0,35.0,25.0,38.0,29.0,27.0,23.0,30.0,28.0,22.0,21.0,26.0,24.0,22.0,22.0,23.0,22.0,24.0,21.0,21.0,22.0,20.0,20.0,21.0,22.0,21.0,21.0,22.0,22.0,20.0,21.0,22.0,22.0,21.0,22.0,23.0,21.0,10.0,hold,0,0,13.1148
1788791656.8862,2026-09-07 16:34:16.886,1,a1,1,0,-0.03354,-0.48276,0.03981,-6.4795,10.883,-18.0969,-0.1384,-0.0749,-0.058,3.52005,27.0,48.0,35.0,25.0,38.0,29.0,27.0,23.0,30.0,28.0,22.0,21.0,26.0,24.0,22.0,22.0,23.0,22.0,24.0,21.0,21.0,22.0,20.0,20.0,21.0,22.0,21.0,21.0,22.0,22.0,20.0,21.0,22.0,22.0,21.0,22.0,23.0,21.0,10.0,hold,0,0,13.1663
1788791656.9363,2026-09-07 16:34:16.936,1,a1,1,0,-0.03355,-0.48277,0.03982,-6.146,10.8697,-18.3815,-0.1406,-0.0644,-0.0611,3.52634,25.0,50.0,35.0,22.0,38.0,30.0,27.0,21.0,29.0,28.0,24.0,20.0,27.0,25.0,23.0,20.0,25.0,21.0,21.0,21.0,21.0,22.0,20.0,20.0,21.0,22.0,21.0,21.0,22.0,22.0,20.0,21.0,22.0,22.0,21.0,22.0,23.0,21.0,10.0,hold,0,0,13.1103
1788791656.9863,2026-09-07 16:34:16.986,1,a1,1,0,-0.03354,-0.48276,0.03982,-5.9107,10.7759,-18.5151,-0.1382,-0.0561,-0.0501,3.52106,20.0,49.0,37.0,21.0,36.0,30.0,27.0,21.0,30.0,28.0,25.0,20.0,27.0,27.0,22.0,19.0,25.0,23.0,21.0,21.0,21.0,22.0,20.0,20.0,21.0,22.0,21.0,21.0,22.0,22.0,20.0,21.0,22.0,22.0,21.0,22.0,23.0,21.0,10.0,hold,0,0,13.1573
1788791657.0364,2026-09-07 16:34:17.036,1,a1,1,0,-0.03355,-0.48277,0.03982,-6.2454,10.7626,-18.3448,-0.1326,-0.0668,-0.0546,3.52584,20.0,49.0,37.0,21.0,36.0,30.0,27.0,21.0,30.0,28.0,25.0,20.0,27.0,27.0,22.0,19.0,25.0,23.0,21.0,21.0,21.0,22.0,20.0,20.0,21.0,22.0,21.0,21.0,22.0,22.0,20.0,21.0,22.0,22.0,21.0,22.0,23.0,21.0,10.0,hold,0,0,13.1148
1788791657.0865,2026-09-07 16:34:17.086,1,a1,0,0,-0.03356,-0.48278,0.03983,-6.1054,11.2023,-18.4796,-0.1531,-0.0632,-0.0558,3.53616,24.0,49.0,36.0,22.0,39.0,31.0,28.0,23.0,30.0,29.0,24.0,22.0,27.0,26.0,22.0,22.0,26.0,22.0,22.0,21.0,21.0,22.0,20.0,20.0,21.0,22.0,21.0,21.0,22.0,22.0,20.0,21.0,22.0,22.0,21.0,22.0,23.0,21.0,10.0,retract,0,0,13.0229
1788791657.1366,2026-09-07 16:34:17.136,1,a1,0,0,-0.03354,-0.48277,0.03987,-5.8016,10.247,-18.6694,-0.1257,-0.0568,-0.0491,3.5412,24.0,49.0,36.0,22.0,39.0,31.0,28.0,23.0,30.0,29.0,24.0,22.0,27.0,26.0,22.0,22.0,26.0,22.0,22.0,21.0,21.0,22.0,20.0,20.0,21.0,22.0,21.0,21.0,22.0,22.0,20.0,21.0,22.0,22.0,21.0,22.0,23.0,21.0,10.0,retract,0,0,12.9781
1788791657.1866,2026-09-07 16:34:17.186,1,a1,0,0,-0.03355,-0.48276,0.03993,-5.8649,10.8805,-18.8634,-0.1436,-0.0601,-0.0503,3.58526,24.0,49.0,37.0,23.0,39.0,32.0,28.0,23.0,30.0,28.0,24.0,21.0,27.0,24.0,22.0,23.0,25.0,22.0,22.0,21.0,21.0,22.0,20.0,20.0,21.0,22.0,21.0,21.0,22.0,22.0,20.0,21.0,22.0,22.0,21.0,22.0,23.0,21.0,10.0,retract,0,0,12.5862
1788791657.2367,2026-09-07 16:34:17.236,1,a1,0,0,-0.03355,-0.48277,0.04005,-6.3191,11.0574,-18.8604,-0.145,-0.0719,-0.0598,3.64493,25.0,51.0,36.0,24.0,39.0,31.0,28.0,24.0,31.0,29.0,23.0,23.0,28.0,26.0,23.0,23.0,25.0,22.0,24.0,21.0,21.0,22.0,20.0,20.0,21.0,22.0,21.0,21.0,22.0,22.0,20.0,21.0,22.0,22.0,21.0,22.0,23.0,21.0,10.0,retract,0,0,12.0553
1788791657.2868,2026-09-07 16:34:17.286,1,a1,0,0,-0.03354,-0.48276,0.0402,-6.1308,10.9298,-18.9059,-0.1394,-0.0659,-0.0519,3.72953,25.0,51.0,36.0,24.0,39.0,31.0,28.0,24.0,31.0,29.0,23.0,23.0,28.0,26.0,23.0,23.0,25.0,22.0,24.0,21.0,21.0,22.0,20.0,20.0,21.0,22.0,21.0,21.0,22.0,22.0,20.0,21.0,22.0,22.0,21.0,22.0,23.0,21.0,10.0,retract,0,0,11.3027
1788791657.3369,2026-09-07 16:34:17.336,1,a1,0,0,-0.03353,-0.48275,0.04038,-6.2702,10.8394,-19.2612,-0.1344,-0.069,-0.0508,3.79801,26.0,49.0,36.0,24.0,39.0,31.0,26.0,24.0,30.0,29.0,23.0,23.0,27.0,26.0,21.0,22.0,26.0,22.0,23.0,21.0,21.0,22.0,20.0,20.0,21.0,22.0,21.0,21.0,22.0,22.0,20.0,21.0,22.0,22.0,21.0,22.0,23.0,21.0,10.0,retract,0,0,10.6935
1788791657.3869,2026-09-07 16:34:17.386,1,a1,0,0,-0.03354,-0.48276,0.04058,-6.5303,11.1799,-19.5793,-0.1417,-0.0764,-0.0553,3.87958,26.0,49.0,36.0,24.0,39.0,31.0,26.0,24.0,30.0,29.0,23.0,23.0,27.0,26.0,21.0,22.0,26.0,22.0,23.0,21.0,21.0,22.0,20.0,20.0,21.0,22.0,21.0,21.0,22.0,22.0,20.0,21.0,22.0,22.0,21.0,22.0,23.0,21.0,10.0,retract,0,0,9.9677
1788791657.437,2026-09-07 16:34:17.437,1,a1,0,0,-0.03354,-0.48275,0.04083,-5.9437,10.9653,-20.0321,-0.1307,-0.0601,-0.0568,3.95788,25.0,49.0,36.0,23.0,39.0,31.0,26.0,23.0,29.0,27.0,23.0,22.0,27.0,24.0,21.0,22.0,24.0,22.0,21.0,21.0,21.0,22.0,20.0,20.0,21.0,22.0,21.0,21.0,22.0,22.0,20.0,21.0,22.0,22.0,21.0,22.0,23.0,21.0,10.0,retract,0,0,9.2711
1788791657.4871,2026-09-07 16:34:17.487,1,a1,0,0,-0.03354,-0.48273,0.0411,-6.0863,10.788,-20.4341,-0.121,-0.065,-0.0604,4.0314,25.0,47.0,34.0,23.0,38.0,30.0,26.0,23.0,29.0,27.0,26.0,22.0,26.0,23.0,25.0,22.0,23.0,24.0,22.0,21.0,21.0,22.0,20.0,20.0,21.0,22.0,21.0,21.0,22.0,22.0,20.0,21.0,22.0,22.0,21.0,22.0,23.0,21.0,10.0,retract,0,0,8.6171
1788791657.5372,2026-09-07 16:34:17.537,1,a1,0,0,-0.03355,-0.48273,0.04136,-6.2138,11.1376,-20.5726,-0.1269,-0.0623,-0.0587,4.11046,25.0,47.0,34.0,23.0,38.0,30.0,26.0,23.0,29.0,27.0,26.0,22.0,26.0,23.0,25.0,22.0,23.0,24.0,22.0,21.0,21.0,22.0,20.0,20.0,21.0,22.0,21.0,21.0,22.0,22.0,20.0,21.0,22.0,22.0,21.0,22.0,23.0,21.0,10.0,retract,0,0,7.9137
1788791657.5873,2026-09-07 16:34:17.587,1,a1,0,0,-0.03354,-0.48271,0.04167,-6.231,11.3684,-20.8308,-0.1271,-0.0636,-0.0562,4.18146,26.0,45.0,32.0,24.0,36.0,28.0,29.0,22.0,28.0,26.0,24.0,21.0,25.0,24.0,22.0,20.0,23.0,21.0,20.0,21.0,21.0,22.0,20.0,20.0,21.0,22.0,21.0,21.0,22.0,22.0,20.0,21.0,22.0,22.0,21.0,22.0,23.0,21.0,10.0,retract,0,0,7.2821
1788791657.6373,2026-09-07 16:34:17.637,1,a1,0,0,-0.03354,-0.48271,0.04202,-6.324,11.731,-21.2463,-0.1346,-0.0653,-0.0631,4.26001,26.0,45.0,32.0,24.0,36.0,28.0,29.0,22.0,28.0,26.0,24.0,21.0,25.0,24.0,22.0,20.0,23.0,21.0,20.0,21.0,21.0,22.0,20.0,20.0,21.0,22.0,21.0,21.0,22.0,22.0,20.0,21.0,22.0,22.0,21.0,22.0,23.0,21.0,10.0,retract,0,0,6.5832
1788791657.6874,2026-09-07 16:34:17.687,1,a1,0,0,-0.03354,-0.48274,0.04239,-6.1014,11.5128,-21.4785,-0.1235,-0.0633,-0.0577,4.35166,24.0,43.0,33.0,22.0,35.0,29.0,26.0,22.0,28.0,27.0,24.0,21.0,26.0,24.0,21.0,20.0,24.0,21.0,22.0,21.0,21.0,22.0,20.0,20.0,21.0,22.0,21.0,21.0,22.0,22.0,20.0,21.0,22.0,22.0,21.0,22.0,23.0,21.0,10.0,retract,0,0,5.7679
1788791657.7374,2026-09-07 16:34:17.737,1,a1,0,0,-0.03355,-0.48275,0.0427,-6.0642,11.4638,-21.8918,-0.1186,-0.0589,-0.0521,4.41007,24.0,43.0,33.0,22.0,35.0,29.0,26.0,22.0,28.0,27.0,24.0,21.0,26.0,24.0,21.0,20.0,24.0,21.0,22.0,21.0,21.0,22.0,20.0,20.0,21.0,22.0,21.0,21.0,22.0,22.0,20.0,21.0,22.0,22.0,21.0,22.0,23.0,21.0,10.0,retract,0,0,5.2483
1788791657.7875,2026-09-07 16:34:17.787,1,a1,0,0,-0.03354,-0.48275,0.04307,-6.2139,12.0216,-22.0955,-0.1291,-0.0615,-0.059,4.4715,25.0,41.0,32.0,22.0,34.0,29.0,25.0,24.0,27.0,27.0,23.0,23.0,25.0,24.0,22.0,24.0,25.0,22.0,24.0,21.0,21.0,22.0,20.0,20.0,21.0,22.0,21.0,21.0,22.0,22.0,20.0,21.0,22.0,22.0,21.0,22.0,23.0,21.0,10.0,retract,0,0,4.7017
1788791657.8375,2026-09-07 16:34:17.837,1,a1,0,0,-0.03353,-0.48273,0.04339,-6.6309,11.951,-22.2838,-0.1241,-0.0701,-0.0649,4.52664,25.0,37.0,31.0,24.0,32.0,28.0,25.0,22.0,27.0,27.0,23.0,22.0,25.0,25.0,23.0,21.0,25.0,21.0,22.0,21.0,21.0,22.0,20.0,20.0,21.0,22.0,21.0,21.0,22.0,22.0,20.0,21.0,22.0,22.0,21.0,22.0,23.0,21.0,10.0,retract,0,0,4.2112
1788791657.8876,2026-09-07 16:34:17.887,1,a1,0,0,-0.03354,-0.48273,0.0437,-6.4702,12.062,-22.4344,-0.1273,-0.0704,-0.0545,4.57322,25.0,37.0,31.0,24.0,32.0,28.0,25.0,22.0,27.0,27.0,23.0,22.0,25.0,25.0,23.0,21.0,25.0,21.0,22.0,21.0,21.0,22.0,20.0,20.0,21.0,22.0,21.0,21.0,22.0,22.0,20.0,21.0,22.0,22.0,21.0,22.0,23.0,21.0,10.0,retract,0,0,3.7968
1788791657.9377,2026-09-07 16:34:17.937,1,a1,0,0,-0.03354,-0.48273,0.04405,-6.4049,11.6267,-22.6345,-0.1151,-0.0665,-0.0611,4.61804,22.0,37.0,31.0,22.0,32.0,27.0,26.0,21.0,25.0,26.0,23.0,20.0,25.0,24.0,21.0,20.0,24.0,23.0,20.0,21.0,21.0,22.0,20.0,20.0,21.0,22.0,21.0,21.0,22.0,22.0,20.0,21.0,22.0,22.0,21.0,22.0,23.0,21.0,10.0,retract,0,0,3.3981
1788791657.9878,2026-09-07 16:34:17.987,1,a1,0,0,-0.03353,-0.48272,0.04439,-6.5593,12.0331,-22.6932,-0.1224,-0.0727,-0.0617,4.65429,22.0,37.0,31.0,22.0,32.0,27.0,26.0,21.0,25.0,26.0,23.0,20.0,25.0,24.0,21.0,20.0,24.0,23.0,20.0,21.0,21.0,22.0,20.0,20.0,21.0,22.0,21.0,21.0,22.0,22.0,20.0,21.0,22.0,22.0,21.0,22.0,23.0,21.0,10.0,retract,0,0,3.0756
1788791658.0379,2026-09-07 16:34:18.037,1,a1,0,0,-0.03354,-0.48274,0.04477,-6.2527,12.0097,-22.5292,-0.126,-0.065,-0.0633,4.68828,23.0,35.0,30.0,23.0,31.0,27.0,26.0,21.0,27.0,26.0,22.0,20.0,25.0,25.0,21.0,21.0,24.0,22.0,22.0,21.0,21.0,22.0,20.0,20.0,21.0,22.0,21.0,21.0,22.0,22.0,20.0,21.0,22.0,22.0,21.0,22.0,23.0,21.0,10.0,retract,0,0,2.7732
1788791658.088,2026-09-07 16:34:18.087,1,a1,0,0,-0.03353,-0.48275,0.04507,-6.2838,11.5921,-22.7155,-0.1112,-0.0642,-0.0631,4.69231,23.0,34.0,29.0,21.0,32.0,27.0,24.0,22.0,26.0,27.0,22.0,22.0,24.0,23.0,22.0,21.0,24.0,22.0,21.0,21.0,21.0,22.0,20.0,20.0,21.0,22.0,21.0,21.0,22.0,22.0,20.0,21.0,22.0,22.0,21.0,22.0,23.0,21.0,10.0,retract,0,0,2.7373
1788791658.1381,2026-09-07 16:34:18.138,1,a1,0,0,-0.03354,-0.48276,0.0454,-6.1451,11.4492,-22.9072,-0.1078,-0.0611,-0.0605,4.69256,23.0,34.0,29.0,21.0,32.0,27.0,24.0,22.0,26.0,27.0,22.0,22.0,24.0,23.0,22.0,21.0,24.0,22.0,21.0,21.0,21.0,22.0,20.0,20.0,21.0,22.0,21.0,21.0,22.0,22.0,20.0,21.0,22.0,22.0,21.0,22.0,23.0,21.0,10.0,retract,0,0,2.7351
1788791658.1881,2026-09-07 16:34:18.188,1,a1,0,0,-0.03354,-0.48275,0.04575,-6.3982,11.9638,-22.8836,-0.121,-0.0672,-0.0594,4.69306,23.0,32.0,28.0,23.0,29.0,24.0,24.0,23.0,27.0,25.0,23.0,22.0,27.0,23.0,21.0,22.0,23.0,22.0,22.0,21.0,21.0,22.0,20.0,20.0,21.0,22.0,21.0,21.0,22.0,22.0,20.0,21.0,22.0,22.0,21.0,22.0,23.0,21.0,10.0,retract,0,0,2.7306
1788791658.2381,2026-09-07 16:34:18.238,1,a1,0,0,-0.03353,-0.48273,0.04605,-6.5776,11.9106,-22.777,-0.119,-0.069,-0.0643,4.69558,23.0,32.0,28.0,23.0,29.0,24.0,24.0,23.0,27.0,25.0,23.0,22.0,27.0,23.0,21.0,22.0,23.0,22.0,22.0,21.0,21.0,22.0,20.0,20.0,21.0,22.0,21.0,21.0,22.0,22.0,20.0,21.0,22.0,22.0,21.0,22.0,23.0,21.0,10.0,retract,0,0,2.7082
1788791658.2882,2026-09-07 16:34:18.288,1,a1,0,0,-0.03353,-0.48275,0.04639,-6.3132,11.9274,-22.8016,-0.125,-0.0638,-0.0594,4.69105,24.0,33.0,28.0,23.0,31.0,26.0,25.0,23.0,26.0,26.0,22.0,22.0,24.0,24.0,22.0,22.0,23.0,21.0,22.0,21.0,21.0,22.0,20.0,20.0,21.0,22.0,21.0,21.0,22.0,22.0,20.0,21.0,22.0,22.0,21.0,22.0,23.0,21.0,10.0,retract,0,0,2.7485
1788791658.3383,2026-09-07 16:34:18.338,1,a1,0,0,-0.03354,-0.48274,0.04673,-6.2439,12.1555,-22.7928,-0.1242,-0.0664,-0.0605,4.68727,23.0,31.0,27.0,22.0,30.0,26.0,23.0,23.0,26.0,26.0,22.0,22.0,25.0,24.0,21.0,23.0,24.0,22.0,23.0,21.0,21.0,22.0,20.0,20.0,21.0,22.0,21.0,21.0,22.0,22.0,20.0,21.0,22.0,22.0,21.0,22.0,23.0,21.0,10.0,retract,0,0,2.7821
1788791658.3884,2026-09-07 16:34:18.388,1,a1,0,0,-0.03354,-0.48276,0.04709,-6.0806,11.5068,-22.7956,-0.1088,-0.0583,-0.0549,4.69382,23.0,31.0,27.0,22.0,30.0,26.0,23.0,23.0,26.0,26.0,22.0,22.0,25.0,24.0,21.0,23.0,24.0,22.0,23.0,21.0,21.0,22.0,20.0,20.0,21.0,22.0,21.0,21.0,22.0,22.0,20.0,21.0,22.0,22.0,21.0,22.0,23.0,21.0,10.0,retract,0,0,2.7239
1788791658.4385,2026-09-07 16:34:18.438,1,a1,0,0,-0.03353,-0.48275,0.04738,-6.2836,11.5955,-22.8143,-0.1074,-0.0639,-0.0561,4.68375,23.0,30.0,28.0,23.0,29.0,25.0,23.0,23.0,27.0,25.0,22.0,21.0,27.0,24.0,21.0,21.0,23.0,21.0,22.0,21.0,21.0,22.0,20.0,20.0,21.0,22.0,21.0,21.0,22.0,22.0,20.0,21.0,22.0,22.0,21.0,22.0,23.0,21.0,10.0,retract,0,0,2.8135
1788791658.4885,2026-09-07 16:34:18.488,1,a1,0,0,-0.03354,-0.48275,0.04774,-6.4165,11.9654,-22.6419,-0.1191,-0.0686,-0.0646,4.69181,23.0,30.0,28.0,23.0,29.0,25.0,23.0,23.0,27.0,25.0,22.0,21.0,27.0,24.0,21.0,21.0,23.0,21.0,22.0,21.0,21.0,22.0,20.0,20.0,21.0,22.0,21.0,21.0,22.0,22.0,20.0,21.0,22.0,22.0,21.0,22.0,23.0,21.0,10.0,retract,0,0,2.7418
1788791658.5386,2026-09-07 16:34:18.538,1,a1,0,0,-0.03354,-0.48275,0.04808,-6.0305,11.6644,-22.8654,-0.1155,-0.0582,-0.0645,4.69407,24.0,30.0,26.0,23.0,29.0,24.0,23.0,21.0,25.0,25.0,22.0,20.0,24.0,22.0,22.0,20.0,22.0,22.0,22.0,21.0,21.0,22.0,20.0,20.0,21.0,22.0,21.0,21.0,22.0,22.0,20.0,21.0,22.0,22.0,21.0,22.0,23.0,21.0,10.0,retract,0,0,2.7217
1788791658.5887,2026-09-07 16:34:18.588,1,a1,0,0,-0.03353,-0.48275,0.0484,-6.3377,11.7037,-22.8018,-0.1136,-0.0659,-0.0641,4.69004,21.0,28.0,25.0,20.0,27.0,24.0,23.0,21.0,25.0,26.0,25.0,20.0,25.0,23.0,23.0,20.0,24.0,23.0,21.0,21.0,21.0,22.0,20.0,20.0,21.0,22.0,21.0,21.0,22.0,22.0,20.0,21.0,22.0,22.0,21.0,22.0,23.0,21.0,10.0,retract,0,0,2.7575
1788791658.6388,2026-09-07 16:34:18.638,1,a1,0,0,-0.03353,-0.48276,0.0487,-6.3459,11.8133,-22.8319,-0.1196,-0.0669,-0.0677,4.70087,21.0,28.0,25.0,20.0,27.0,24.0,23.0,21.0,25.0,26.0,25.0,20.0,25.0,23.0,23.0,20.0,24.0,23.0,21.0,21.0,21.0,22.0,20.0,20.0,21.0,22.0,21.0,21.0,22.0,22.0,20.0,21.0,22.0,22.0,21.0,22.0,23.0,21.0,10.0,retract,0,0,2.6612
1788791658.6889,2026-09-07 16:34:18.688,1,a1,0,0,-0.03353,-0.48275,0.04893,-6.1234,11.9652,-22.8581,-0.1222,-0.0617,-0.0625,4.69332,23.0,28.0,26.0,21.0,28.0,24.0,25.0,23.0,25.0,25.0,23.0,23.0,25.0,23.0,23.0,22.0,23.0,22.0,24.0,21.0,21.0,22.0,20.0,20.0,21.0,22.0,21.0,21.0,22.0,22.0,20.0,21.0,22.0,22.0,21.0,22.0,23.0,21.0,10.0,retract,0,0,2.7284
1788791658.7389,2026-09-07 16:34:18.738,1,a1,0,0,-0.03355,-0.48275,0.04918,-6.4205,12.0799,-22.6643,-0.1206,-0.0676,-0.0648,4.68778,23.0,28.0,26.0,21.0,28.0,24.0,25.0,23.0,25.0,25.0,23.0,23.0,25.0,23.0,23.0,22.0,23.0,22.0,24.0,21.0,21.0,22.0,20.0,20.0,21.0,22.0,21.0,21.0,22.0,22.0,20.0,21.0,22.0,22.0,21.0,22.0,23.0,21.0,10.0,retract,0,0,2.7777
1788791658.789,2026-09-07 16:34:18.789,1,a1,0,0,-0.03354,-0.48275,0.04938,-5.9515,11.6841,-22.7708,-0.1185,-0.0576,-0.0597,4.69206,25.0,27.0,26.0,24.0,28.0,25.0,23.0,23.0,25.0,24.0,21.0,21.0,25.0,22.0,22.0,22.0,23.0,21.0,23.0,21.0,21.0,22.0,20.0,20.0,21.0,22.0,21.0,21.0,22.0,22.0,20.0,21.0,22.0,22.0,21.0,22.0,23.0,21.0,10.0,retract,0,0,2.7396
1788791658.8391,2026-09-07 16:34:18.839,1,a1,0,0,-0.03353,-0.48273,0.04947,-6.5184,11.782,-22.719,-0.1151,-0.0681,-0.0661,4.69835,25.0,27.0,26.0,24.0,28.0,25.0,23.0,23.0,25.0,24.0,21.0,21.0,25.0,22.0,22.0,22.0,23.0,21.0,23.0,21.0,21.0,22.0,20.0,20.0,21.0,22.0,21.0,21.0,22.0,22.0,20.0,21.0,22.0,22.0,21.0,22.0,23.0,21.0,10.0,retract,0,0,2.6836
1788791658.8891,2026-09-07 16:34:18.889,1,a1,0,0,-0.03353,-0.48275,0.04957,-5.9353,11.8968,-22.7514,-0.1217,-0.0553,-0.0582,4.69206,22.0,26.0,25.0,21.0,27.0,24.0,22.0,23.0,24.0,25.0,22.0,21.0,23.0,23.0,21.0,22.0,24.0,22.0,22.0,21.0,21.0,22.0,20.0,20.0,21.0,22.0,21.0,21.0,22.0,22.0,20.0,21.0,22.0,22.0,21.0,22.0,23.0,21.0,10.0,retract,0,0,2.7396
1788791658.9392,2026-09-07 16:34:18.939,1,a1,0,0,-0.03357,-0.48273,0.04966,-6.0506,11.9774,-22.6309,-0.1205,-0.0638,-0.0555,4.68904,22.0,26.0,26.0,22.0,26.0,25.0,23.0,21.0,24.0,25.0,23.0,21.0,23.0,24.0,21.0,21.0,24.0,22.0,22.0,21.0,21.0,22.0,20.0,20.0,21.0,22.0,21.0,21.0,22.0,22.0,20.0,21.0,22.0,22.0,21.0,22.0,23.0,21.0,10.0,retract,0,0,2.7665
1788791658.9892,2026-09-07 16:34:18.989,1,a1,0,0,-0.03354,-0.48274,0.04972,-6.2386,12.0533,-22.6003,-0.1231,-0.0635,-0.0655,4.69004,22.0,26.0,26.0,22.0,26.0,25.0,23.0,21.0,24.0,25.0,23.0,21.0,23.0,24.0,21.0,21.0,24.0,22.0,22.0,21.0,21.0,22.0,20.0,20.0,21.0,22.0,21.0,21.0,22.0,22.0,20.0,21.0,22.0,22.0,21.0,22.0,23.0,21.0,10.0,retract,0,0,2.7575
1788791659.0393,2026-09-07 16:34:19.039,1,a1,0,0,-0.03355,-0.48274,0.04975,-6.3523,12.3039,-22.7483,-0.1288,-0.0632,-0.063,4.70062,23.0,26.0,26.0,21.0,26.0,24.0,23.0,23.0,25.0,25.0,20.0,23.0,25.0,23.0,21.0,21.0,24.0,22.0,21.0,21.0,21.0,22.0,20.0,20.0,21.0,22.0,21.0,21.0,22.0,22.0,20.0,21.0,22.0,22.0,21.0,22.0,23.0,21.0,10.0,retract,0,0,2.6634
1788791659.0894,2026-09-07 16:34:19.089,1,a1,0,0,-0.03354,-0.48276,0.04977,-6.2488,11.8847,-22.6205,-0.119,-0.0617,-0.0591,4.6913,23.0,26.0,26.0,21.0,26.0,24.0,23.0,23.0,25.0,25.0,20.0,23.0,25.0,23.0,21.0,21.0,24.0,22.0,21.0,21.0,21.0,22.0,20.0,20.0,21.0,22.0,21.0,21.0,22.0,22.0,20.0,21.0,22.0,22.0,21.0,22.0,23.0,21.0,10.0,post,0,0,2.7463
1788791659.1394,2026-09-07 16:34:19.139,1,a1,0,0,-0.03355,-0.48276,0.04981,-6.2678,11.5144,-22.6336,-0.1127,-0.0643,-0.0654,4.69558,23.0,27.0,25.0,23.0,27.0,25.0,23.0,22.0,26.0,24.0,21.0,21.0,25.0,22.0,21.0,21.0,22.0,20.0,21.0,21.0,21.0,22.0,20.0,20.0,21.0,22.0,21.0,21.0,22.0,22.0,20.0,21.0,22.0,22.0,21.0,22.0,23.0,21.0,10.0,post,0,0,2.7082
1788791659.1895,2026-09-07 16:34:19.189,1,a1,0,0,-0.03353,-0.48276,0.04981,-6.1146,11.4824,-22.6533,-0.1111,-0.0599,-0.0575,4.69936,22.0,26.0,24.0,22.0,28.0,24.0,22.0,24.0,24.0,25.0,22.0,23.0,24.0,23.0,20.0,23.0,22.0,20.0,23.0,21.0,21.0,22.0,20.0,20.0,21.0,22.0,21.0,21.0,22.0,22.0,20.0,21.0,22.0,22.0,21.0,22.0,23.0,21.0,10.0,post,0,0,2.6746
1788791659.2396,2026-09-07 16:34:19.239,1,a1,0,0,-0.03353,-0.48275,0.0498,-6.3763,11.8504,-22.799,-0.1193,-0.0636,-0.0661,4.69407,22.0,26.0,24.0,22.0,28.0,24.0,22.0,24.0,24.0,25.0,22.0,23.0,24.0,23.0,20.0,23.0,22.0,20.0,23.0,21.0,21.0,22.0,20.0,20.0,21.0,22.0,21.0,21.0,22.0,22.0,20.0,21.0,22.0,22.0,21.0,22.0,23.0,21.0,10.0,post,0,0,2.7217
1788791659.2896,2026-09-07 16:34:19.289,1,a1,0,0,-0.03354,-0.48276,0.04982,-6.2156,12.1095,-22.6985,-0.1243,-0.066,-0.0606,4.70439,24.0,26.0,25.0,25.0,26.0,24.0,21.0,24.0,24.0,23.0,22.0,23.0,25.0,22.0,21.0,23.0,23.0,22.0,23.0,21.0,21.0,22.0,20.0,20.0,21.0,22.0,21.0,21.0,22.0,22.0,20.0,21.0,22.0,22.0,21.0,22.0,23.0,21.0,10.0,post,0,0,2.6298
1788791659.3397,2026-09-07 16:34:19.339,1,a1,0,0,-0.03353,-0.48275,0.0498,-6.0299,11.4705,-22.8518,-0.1086,-0.0598,-0.0607,4.69357,24.0,26.0,25.0,25.0,26.0,24.0,21.0,24.0,24.0,23.0,22.0,23.0,25.0,22.0,21.0,23.0,23.0,22.0,23.0,21.0,21.0,22.0,20.0,20.0,21.0,22.0,21.0,21.0,22.0,22.0,20.0,21.0,22.0,22.0,21.0,22.0,23.0,21.0,10.0,post,0,0,2.7261
1788791659.3898,2026-09-07 16:34:19.389,1,a1,0,0,-0.03351,-0.48276,0.04981,-6.4291,12.0042,-22.7895,-0.1225,-0.0683,-0.0694,4.69231,25.0,25.0,25.0,23.0,26.0,22.0,22.0,22.0,24.0,25.0,22.0,21.0,25.0,23.0,21.0,20.0,23.0,21.0,20.0,21.0,21.0,22.0,20.0,20.0,21.0,22.0,21.0,21.0,22.0,22.0,20.0,21.0,22.0,22.0,21.0,22.0,23.0,21.0,10.0,post,0,0,2.7373
1788791659.4398,2026-09-07 16:34:19.439,1,a1,0,0,-0.03353,-0.48276,0.04982,-6.3836,11.9402,-22.736,-0.1189,-0.0688,-0.0611,4.69357,22.0,25.0,25.0,21.0,26.0,24.0,21.0,22.0,25.0,23.0,22.0,21.0,25.0,22.0,20.0,22.0,23.0,21.0,22.0,21.0,21.0,22.0,20.0,20.0,21.0,22.0,21.0,21.0,22.0,22.0,20.0,21.0,22.0,22.0,21.0,22.0,23.0,21.0,10.0,post,0,0,2.7261
1788791659.4899,2026-09-07 16:34:19.489,1,a1,0,0,-0.03353,-0.48276,0.04981,-6.1652,11.7543,-22.7384,-0.1156,-0.0604,-0.06,4.6976,22.0,25.0,25.0,21.0,26.0,24.0,21.0,22.0,25.0,23.0,22.0,21.0,25.0,22.0,20.0,22.0,23.0,21.0,22.0,21.0,21.0,22.0,20.0,20.0,21.0,22.0,21.0,21.0,22.0,22.0,20.0,21.0,22.0,22.0,21.0,22.0,23.0,21.0,10.0,post,0,0,2.6903
1788791659.5401,2026-09-07 16:34:19.540,1,a1,0,0,-0.03356,-0.48275,0.04981,-6.5298,11.8975,-22.6858,-0.1213,-0.0704,-0.0659,4.6908,23.0,26.0,25.0,21.0,26.0,24.0,22.0,23.0,25.0,24.0,22.0,21.0,26.0,24.0,21.0,20.0,23.0,22.0,22.0,21.0,21.0,22.0,20.0,20.0,21.0,22.0,21.0,21.0,22.0,22.0,20.0,21.0,22.0,22.0,21.0,22.0,23.0,21.0,10.0,post,0,0,2.7508
1788791659.5902,2026-09-07 16:34:19.590,1,a1,0,0,-0.03354,-0.48275,0.04981,-6.5368,11.833,-22.7389,-0.1173,-0.0693,-0.0656,4.69785,23.0,26.0,25.0,21.0,26.0,24.0,22.0,23.0,25.0,24.0,22.0,21.0,26.0,24.0,21.0,20.0,23.0,22.0,22.0,21.0,21.0,22.0,20.0,20.0,21.0,22.0,21.0,21.0,22.0,22.0,20.0,21.0,22.0,22.0,21.0,22.0,23.0,21.0,10.0,post,0,0,2.6881
1788791659.6402,2026-09-07 16:34:19.640,1,a1,0,0,-0.03353,-0.48276,0.04982,-6.4448,12.0201,-22.5429,-0.1229,-0.0679,-0.0687,4.69986,22.0,27.0,24.0,22.0,28.0,23.0,23.0,21.0,24.0,25.0,21.0,20.0,25.0,23.0,21.0,20.0,23.0,22.0,22.0,21.0,21.0,22.0,20.0,20.0,21.0,22.0,21.0,21.0,22.0,22.0,20.0,21.0,22.0,22.0,21.0,22.0,23.0,21.0,10.0,post,0,0,2.6701
1788791659.6903,2026-09-07 16:34:19.690,1,a1,0,0,-0.03353,-0.48275,0.04981,-6.4249,12.1307,-22.7286,-0.1259,-0.0693,-0.0664,4.68879,23.0,27.0,26.0,21.0,27.0,25.0,22.0,23.0,24.0,24.0,21.0,23.0,24.0,23.0,20.0,22.0,24.0,20.0,23.0,21.0,21.0,22.0,20.0,20.0,21.0,22.0,21.0,21.0,22.0,22.0,20.0,21.0,22.0,22.0,21.0,22.0,23.0,21.0,10.0,post,0,0,2.7687
1788791659.7404,2026-09-07 16:34:19.740,1,a1,0,0,-0.03355,-0.48275,0.0498,-6.5319,11.9088,-22.7239,-0.12,-0.0722,-0.0667,4.69785,23.0,27.0,26.0,21.0,27.0,25.0,22.0,23.0,24.0,24.0,21.0,23.0,24.0,23.0,20.0,22.0,24.0,20.0,23.0,21.0,21.0,22.0,20.0,20.0,21.0,22.0,21.0,21.0,22.0,22.0,20.0,21.0,22.0,22.0,21.0,22.0,23.0,21.0,10.0,post,0,0,2.6881
1788791659.7905,2026-09-07 16:34:19.790,1,a1,0,0,-0.03354,-0.48275,0.04981,-6.3915,12.1633,-22.6491,-0.1239,-0.0669,-0.0625,4.6981,24.0,26.0,24.0,24.0,26.0,24.0,22.0,24.0,25.0,25.0,21.0,23.0,24.0,22.0,21.0,23.0,24.0,21.0,23.0,21.0,21.0,22.0,20.0,20.0,21.0,22.0,21.0,21.0,22.0,22.0,20.0,21.0,22.0,22.0,21.0,22.0,23.0,21.0,10.0,post,0,0,2.6858
1788791659.8405,2026-09-07 16:34:19.840,1,a1,0,0,-0.03356,-0.48276,0.04983,-6.2695,12.1757,-22.7701,-0.1258,-0.0656,-0.0672,4.68677,24.0,26.0,24.0,24.0,26.0,24.0,22.0,24.0,25.0,25.0,21.0,23.0,24.0,22.0,21.0,23.0,24.0,21.0,23.0,21.0,21.0,22.0,20.0,20.0,21.0,22.0,21.0,21.0,22.0,22.0,20.0,21.0,22.0,22.0,21.0,22.0,23.0,21.0,10.0,post,0,0,2.7866
1788791659.8906,2026-09-07 16:34:19.890,1,a1,0,0,-0.03355,-0.48277,0.04982,-6.0469,11.9172,-22.842,-0.1211,-0.0596,-0.0623,4.69155,24.0,26.0,26.0,22.0,26.0,25.0,24.0,22.0,24.0,25.0,22.0,21.0,24.0,24.0,21.0,22.0,24.0,21.0,24.0,21.0,21.0,22.0,20.0,20.0,21.0,22.0,21.0,21.0,22.0,22.0,20.0,21.0,22.0,22.0,21.0,22.0,23.0,21.0,10.0,post,0,0,2.7441
1788791659.9406,2026-09-07 16:34:19.940,1,a1,0,0,-0.03354,-0.48277,0.04982,-6.1837,11.8606,-22.9303,-0.1152,-0.0654,-0.0629,4.69583,24.0,26.0,26.0,22.0,26.0,25.0,24.0,22.0,24.0,25.0,22.0,21.0,24.0,24.0,21.0,22.0,24.0,21.0,24.0,21.0,21.0,22.0,20.0,20.0,21.0,22.0,21.0,21.0,22.0,22.0,20.0,21.0,22.0,22.0,21.0,22.0,23.0,21.0,10.0,post,0,0,2.706
1788791659.9907,2026-09-07 16:34:19.990,1,a1,0,0,-0.03354,-0.48277,0.04982,-5.8689,11.7152,-22.9743,-0.1144,-0.0537,-0.0645,4.69004,25.0,25.0,24.0,21.0,26.0,23.0,23.0,23.0,23.0,25.0,22.0,22.0,25.0,22.0,21.0,23.0,23.0,19.0,22.0,21.0,21.0,22.0,20.0,20.0,21.0,22.0,21.0,21.0,22.0,22.0,20.0,21.0,22.0,22.0,21.0,22.0,23.0,21.0,10.0,post,0,0,2.7575
1788791660.0408,2026-09-07 16:34:20.040,1,a1,0,0,-0.03355,-0.48276,0.04981,-6.2576,12.0272,-22.8461,-0.1182,-0.0628,-0.07,4.6981,24.0,24.0,25.0,24.0,25.0,24.0,22.0,22.0,23.0,25.0,21.0,22.0,22.0,23.0,19.0,22.0,23.0,21.0,23.0,21.0,21.0,22.0,20.0,20.0,21.0,22.0,21.0,21.0,22.0,22.0,20.0,21.0,22.0,22.0,21.0,22.0,23.0,21.0,10.0,post,0,0,2.6858
1788791660.0908,2026-09-07 16:34:20.090,1,a1,0,0,-0.03354,-0.48276,0.04981,-6.1404,11.8987,-22.8348,-0.1223,-0.064,-0.0678,4.69206,24.0,24.0,25.0,24.0,25.0,24.0,22.0,22.0,23.0,25.0,21.0,22.0,22.0,23.0,19.0,22.0,23.0,21.0,23.0,21.0,21.0,22.0,20.0,20.0,21.0,22.0,21.0,21.0,22.0,22.0,20.0,21.0,22.0,22.0,21.0,22.0,23.0,21.0,10.0,post,0,0,2.7396
1788791660.1409,2026-09-07 16:34:20.140,1,a1,0,0,-0.03353,-0.48275,0.04981,-6.2752,11.8529,-22.6657,-0.1162,-0.0641,-0.0619,4.69004,25.0,25.0,25.0,24.0,26.0,24.0,21.0,23.0,25.0,24.0,20.0,23.0,24.0,23.0,20.0,24.0,23.0,20.0,25.0,21.0,21.0,22.0,20.0,20.0,21.0,22.0,21.0,21.0,22.0,22.0,20.0,21.0,22.0,22.0,21.0,22.0,23.0,21.0,10.0,post,0,0,2.7575
1788791660.1909,2026-09-07 16:34:20.190,1,a1,0,0,-0.03355,-0.48276,0.04982,-6.634,12.1294,-22.5707,-0.1284,-0.0735,-0.066,4.6986,25.0,25.0,25.0,24.0,26.0,24.0,21.0,23.0,25.0,24.0,20.0,23.0,24.0,23.0,20.0,24.0,23.0,20.0,25.0,21.0,21.0,22.0,20.0,20.0,21.0,22.0,21.0,21.0,22.0,22.0,20.0,21.0,22.0,22.0,21.0,22.0,23.0,21.0,10.0,post,0,0,2.6813
1788791660.2411,2026-09-07 16:34:20.241,1,a1,0,0,-0.03354,-0.48275,0.04981,-6.3136,11.8944,-22.6163,-0.1205,-0.0631,-0.0695,4.69634,24.0,26.0,25.0,22.0,26.0,24.0,20.0,25.0,23.0,27.0,21.0,24.0,23.0,25.0,21.0,23.0,25.0,23.0,23.0,21.0,21.0,22.0,20.0,20.0,21.0,22.0,21.0,21.0,22.0,22.0,20.0,21.0,22.0,22.0,21.0,22.0,23.0,21.0,10.0,post,0,0,2.7015
1788791660.2911,2026-09-07 16:34:20.291,1,a1,0,0,-0.03354,-0.48276,0.0498,-6.2893,12.1166,-22.8396,-0.1227,-0.0651,-0.0674,4.70238,25.0,26.0,26.0,24.0,26.0,26.0,23.0,22.0,25.0,25.0,21.0,21.0,26.0,24.0,22.0,23.0,24.0,21.0,22.0,21.0,21.0,22.0,20.0,20.0,21.0,22.0,21.0,21.0,22.0,22.0,20.0,21.0,22.0,22.0,21.0,22.0,23.0,21.0,10.0,post,0,0,2.6477
1788791660.3412,2026-09-07 16:34:20.341,1,a1,0,0,-0.03354,-0.48275,0.04981,-6.4012,11.9437,-22.6572,-0.1186,-0.0669,-0.0682,4.6913,25.0,26.0,26.0,24.0,26.0,26.0,23.0,22.0,25.0,25.0,21.0,21.0,26.0,24.0,22.0,23.0,24.0,21.0,22.0,21.0,21.0,22.0,20.0,20.0,21.0,22.0,21.0,21.0,22.0,22.0,20.0,21.0,22.0,22.0,21.0,22.0,23.0,21.0,10.0,post,0,0,2.7463
1788791660.3913,2026-09-07 16:34:20.391,1,a1,0,0,-0.03355,-0.48276,0.04981,-5.6151,11.4695,-22.8372,-0.1085,-0.0469,-0.0584,4.70112,24.0,26.0,25.0,22.0,27.0,25.0,22.0,22.0,25.0,25.0,21.0,21.0,26.0,23.0,20.0,21.0,23.0,20.0,21.0,21.0,21.0,22.0,20.0,20.0,21.0,22.0,21.0,21.0,22.0,22.0,20.0,21.0,22.0,22.0,21.0,22.0,23.0,21.0,10.0,post,0,0,2.6589
1788791660.4414,2026-09-07 16:34:20.441,1,a1,0,0,-0.03353,-0.48275,0.04981,-6.3462,11.7508,-22.5108,-0.1151,-0.0648,-0.0674,4.68879,24.0,26.0,25.0,22.0,27.0,25.0,22.0,22.0,25.0,25.0,21.0,21.0,26.0,23.0,20.0,21.0,23.0,20.0,21.0,21.0,21.0,22.0,20.0,20.0,21.0,22.0,21.0,21.0,22.0,22.0,20.0,21.0,22.0,22.0,21.0,22.0,23.0,21.0,10.0,post,0,0,2.7687
1788791660.4915,2026-09-07 16:34:20.491,1,a1,0,0,-0.03353,-0.48275,0.0498,-5.9924,11.9488,-22.8867,-0.1192,-0.0577,-0.0625,4.69281,22.0,26.0,24.0,22.0,26.0,23.0,21.0,23.0,25.0,24.0,22.0,21.0,25.0,22.0,22.0,23.0,23.0,20.0,21.0,21.0,21.0,22.0,20.0,20.0,21.0,22.0,21.0,21.0,22.0,22.0,20.0,21.0,22.0,22.0,21.0,22.0,23.0,21.0,10.0,post,0,0,2.7329
1788791660.5415,2026-09-07 16:34:20.541,1,a1,0,0,-0.03353,-0.48276,0.04982,-6.2315,11.9351,-22.6952,-0.1194,-0.0634,-0.0655,4.68853,22.0,27.0,25.0,22.0,26.0,24.0,22.0,20.0,25.0,26.0,21.0,20.0,24.0,23.0,20.0,21.0,24.0,22.0,21.0,21.0,21.0,22.0,20.0,20.0,21.0,22.0,21.0,21.0,22.0,22.0,20.0,21.0,22.0,22.0,21.0,22.0,23.0,21.0,10.0,post,0,0,2.7709
1788791660.5916,2026-09-07 16:34:20.591,1,a1,0,0,-0.03354,-0.48276,0.04981,-6.488,11.816,-22.6905,-0.1161,-0.0689,-0.0612,4.69281,22.0,27.0,25.0,22.0,26.0,24.0,22.0,20.0,25.0,26.0,21.0,20.0,24.0,23.0,20.0,21.0,24.0,22.0,21.0,21.0,21.0,22.0,20.0,20.0,21.0,22.0,21.0,21.0,22.0,22.0,20.0,21.0,22.0,22.0,21.0,22.0,23.0,21.0,10.0,post,0,0,2.7329
1788791660.6416,2026-09-07 16:34:20.641,1,a1,0,0,-0.03355,-0.48276,0.04981,-6.3112,11.9385,-22.6537,-0.1229,-0.0661,-0.0639,4.68803,23.0,26.0,26.0,22.0,26.0,26.0,22.0,24.0,26.0,25.0,22.0,23.0,25.0,23.0,20.0,23.0,23.0,20.0,24.0,21.0,21.0,22.0,20.0,20.0,21.0,22.0,21.0,21.0,22.0,22.0,20.0,21.0,22.0,22.0,21.0,22.0,23.0,21.0,10.0,post,0,0,2.7754
1788791660.6917,2026-09-07 16:34:20.691,1,a1,0,0,-0.03354,-0.48276,0.04982,-6.6548,12.0183,-22.6232,-0.123,-0.0764,-0.0711,4.70641,23.0,26.0,26.0,22.0,26.0,26.0,22.0,24.0,26.0,25.0,22.0,23.0,25.0,23.0,20.0,23.0,23.0,20.0,24.0,21.0,21.0,22.0,20.0,20.0,21.0,22.0,21.0,21.0,22.0,22.0,20.0,21.0,22.0,22.0,21.0,22.0,23.0,21.0,10.0,post,0,0,2.6119
1788791660.7418,2026-09-07 16:34:20.741,1,a1,0,0,-0.03353,-0.48277,0.04982,-6.6364,11.7469,-22.5273,-0.116,-0.0717,-0.0717,4.69382,25.0,28.0,25.0,22.0,27.0,24.0,22.0,21.0,24.0,24.0,22.0,21.0,25.0,23.0,21.0,21.0,24.0,22.0,21.0,21.0,21.0,22.0,20.0,20.0,21.0,22.0,21.0,21.0,22.0,22.0,20.0,21.0,22.0,22.0,21.0,22.0,23.0,21.0,10.0,post,0,0,2.7239
1788791660.7918,2026-09-07 16:34:20.791,1,a1,0,0,-0.03355,-0.48277,0.04982,-6.1775,11.8371,-22.742,-0.118,-0.0623,-0.0585,4.69785,25.0,28.0,25.0,22.0,27.0,24.0,22.0,21.0,24.0,24.0,22.0,21.0,25.0,23.0,21.0,21.0,24.0,22.0,21.0,21.0,21.0,22.0,20.0,20.0,21.0,22.0,21.0,21.0,22.0,22.0,20.0,21.0,22.0,22.0,21.0,22.0,23.0,21.0,10.0,post,0,0,2.6881
1788791660.8419,2026-09-07 16:34:20.841,1,a1,0,0,-0.03356,-0.48277,0.04981,-6.1245,11.8317,-22.7725,-0.1149,-0.0566,-0.0653,4.69155,24.0,26.0,25.0,23.0,26.0,24.0,23.0,22.0,25.0,25.0,22.0,22.0,24.0,23.0,21.0,22.0,22.0,21.0,23.0,21.0,21.0,22.0,20.0,20.0,21.0,22.0,21.0,21.0,22.0,22.0,20.0,21.0,22.0,22.0,21.0,22.0,23.0,21.0,10.0,post,0,0,2.7441
1788791660.892,2026-09-07 16:34:20.892,1,a1,0,0,-0.03353,-0.48275,0.0498,-6.2713,12.1129,-22.7777,-0.1244,-0.0631,-0.0681,4.69785,21.0,27.0,25.0,22.0,26.0,25.0,23.0,24.0,25.0,24.0,21.0,23.0,26.0,22.0,21.0,24.0,22.0,22.0,23.0,21.0,21.0,22.0,20.0,20.0,21.0,22.0,21.0,21.0,22.0,22.0,20.0,21.0,22.0,22.0,21.0,22.0,23.0,21.0,10.0,post,0,0,2.6881
1788791660.9421,2026-09-07 16:34:20.942,1,a1,0,0,-0.03354,-0.48276,0.0498,-6.1967,11.9249,-22.6241,-0.1204,-0.0625,-0.0657,4.70062,21.0,27.0,25.0,22.0,26.0,25.0,23.0,24.0,25.0,24.0,21.0,23.0,26.0,22.0,21.0,24.0,22.0,22.0,23.0,21.0,21.0,22.0,20.0,20.0,21.0,22.0,21.0,21.0,22.0,22.0,20.0,21.0,22.0,22.0,21.0,22.0,23.0,21.0,10.0,post,0,0,2.6634
1788791660.9922,2026-09-07 16:34:20.992,1,a1,0,0,-0.03354,-0.48275,0.0498,-6.1598,11.8297,-22.713,-0.1181,-0.0603,-0.0698,4.6908,25.0,26.0,23.0,24.0,26.0,23.0,23.0,24.0,25.0,26.0,21.0,23.0,26.0,24.0,21.0,23.0,25.0,20.0,22.0,21.0,21.0,22.0,20.0,20.0,21.0,22.0,21.0,21.0,22.0,22.0,20.0,21.0,22.0,22.0,21.0,22.0,23.0,21.0,10.0,post,0,0,2.7508
1788791661.0423,2026-09-07 16:34:21.042,1,a1,0,0,-0.03353,-0.48275,0.0498,-6.2111,11.7977,-22.8234,-0.1151,-0.0631,-0.0655,4.70037,25.0,26.0,23.0,24.0,26.0,23.0,23.0,24.0,25.0,26.0,21.0,23.0,26.0,24.0,21.0,23.0,25.0,20.0,22.0,21.0,21.0,22.0,20.0,20.0,21.0,22.0,21.0,21.0,22.0,22.0,20.0,21.0,22.0,22.0,21.0,22.0,23.0,21.0,10.0,post,0,0,2.6657
1788791661.0924,2026-09-07 16:34:21.092,10,c3,0,0,-0.03362,-0.483,0.04984,-6.347,12.0942,-22.7998,-0.1229,-0.0675,-0.0725,4.69155,24.0,26.0,25.0,23.0,26.0,24.0,22.0,21.0,25.0,25.0,21.0,21.0,24.0,23.0,21.0,20.0,23.0,22.0,21.0,21.0,21.0,22.0,20.0,20.0,21.0,22.0,21.0,21.0,22.0,22.0,20.0,21.0,22.0,22.0,21.0,22.0,23.0,21.0,10.0,locate,0,0,2.7441
1788791661.1425,2026-09-07 16:34:21.142,10,c3,0,0,-0.03409,-0.4839,0.04987,-6.1898,11.943,-22.5462,-0.1133,-0.0669,-0.1531,4.69785,21.0,26.0,25.0,21.0,26.0,24.0,22.0,21.0,24.0,25.0,22.0,21.0,24.0,22.0,21.0,21.0,23.0,21.0,22.0,21.0,21.0,22.0,20.0,20.0,21.0,22.0,21.0,21.0,22.0,22.0,20.0,21.0,22.0,22.0,21.0,22.0,23.0,21.0,10.0,locate,0,0,2.6881
1788791661.1925,2026-09-07 16:34:21.192,10,c3,0,0,-0.03489,-0.48544,0.04991,-6.0339,11.8486,-22.4016,-0.113,-0.0609,-0.2786,4.70137,21.0,26.0,25.0,21.0,26.0,24.0,22.0,21.0,24.0,25.0,22.0,21.0,24.0,22.0,21.0,21.0,23.0,21.0,22.0,21.0,21.0,22.0,20.0,20.0,21.0,22.0,21.0,21.0,22.0,22.0,20.0,21.0,22.0,22.0,21.0,22.0,23.0,21.0,10.0,locate,0,0,2.6567
1788791661.2426,2026-09-07 16:34:21.242,10,c3,0,0,-0.03589,-0.48741,0.04984,-6.2714,11.8484,-22.4844,-0.1098,-0.0672,-0.4173,4.70087,24.0,25.0,24.0,22.0,24.0,23.0,23.0,22.0,24.0,25.0,21.0,22.0,24.0,23.0,21.0,21.0,24.0,21.0,24.0,21.0,21.0,22.0,20.0,20.0,21.0,22.0,21.0,21.0,22.0,22.0,20.0,21.0,22.0,22.0,21.0,22.0,23.0,21.0,10.0,locate,0,0,2.6612
1788791661.2927,2026-09-07 16:34:21.292,10,c3,0,0,-0.03708,-0.48983,0.04987,-6.5056,11.8351,-22.3213,-0.1122,-0.0749,-0.5664,4.69508,24.0,25.0,24.0,22.0,24.0,23.0,23.0,22.0,24.0,25.0,21.0,22.0,24.0,23.0,21.0,21.0,24.0,21.0,24.0,21.0,21.0,22.0,20.0,20.0,21.0,22.0,21.0,21.0,22.0,22.0,20.0,21.0,22.0,22.0,21.0,22.0,23.0,21.0,10.0,locate,0,0,2.7127
1788791661.3427,2026-09-07 16:34:21.342,10,c3,0,0,-0.03817,-0.49194,0.04983,-6.8824,12.0583,-22.6814,-0.116,-0.0924,-0.675,4.69583,23.0,26.0,26.0,23.0,26.0,24.0,22.0,21.0,25.0,25.0,24.0,21.0,24.0,23.0,22.0,21.0,24.0,23.0,22.0,21.0,21.0,22.0,20.0,20.0,21.0,22.0,21.0,21.0,22.0,22.0,20.0,21.0,22.0,22.0,21.0,22.0,23.0,21.0,10.0,locate,0,0,2.706
1788791661.3928,2026-09-07 16:34:21.392,10,c3,0,0,-0.03912,-0.49382,0.04981,-6.9271,12.153,-22.7536,-0.1196,-0.0988,-0.7445,4.6913,23.0,26.0,24.0,23.0,26.0,24.0,25.0,23.0,24.0,24.0,23.0,23.0,24.0,23.0,23.0,22.0,23.0,22.0,23.0,21.0,21.0,22.0,20.0,20.0,21.0,22.0,21.0,21.0,22.0,22.0,20.0,21.0,22.0,22.0,21.0,22.0,23.0,21.0,10.0,locate,0,0,2.7463
1788791661.4429,2026-09-07 16:34:21.442,10,c3,0,0,-0.03967,-0.49501,0.0498,-6.8841,12.3167,-22.7838,-0.1252,-0.1,-0.7733,4.70011,23.0,26.0,24.0,23.0,26.0,24.0,25.0,23.0,24.0,24.0,23.0,23.0,24.0,23.0,23.0,22.0,23.0,22.0,23.0,21.0,21.0,22.0,20.0,20.0,21.0,22.0,21.0,21.0,22.0,22.0,20.0,21.0,22.0,22.0,21.0,22.0,23.0,21.0,10.0,locate,0,0,2.6679
1788791661.493,2026-09-07 16:34:21.492,10,c3,0,0,-0.03993,-0.49558,0.04979,-6.9638,12.502,-22.898,-0.129,-0.1027,-0.7792,4.69558,23.0,25.0,25.0,23.0,25.0,24.0,23.0,21.0,25.0,24.0,25.0,21.0,25.0,24.0,23.0,21.0,24.0,23.0,22.0,21.0,21.0,22.0,20.0,20.0,21.0,22.0,21.0,21.0,22.0,22.0,20.0,21.0,22.0,22.0,21.0,22.0,23.0,21.0,10.0,locate,0,0,2.7082
1788791661.543,2026-09-07 16:34:21.543,10,c3,0,0,-0.03995,-0.4956,0.04982,-6.9841,12.1797,-22.5991,-0.1201,-0.0997,-0.7558,4.69634,23.0,25.0,25.0,23.0,25.0,24.0,23.0,21.0,25.0,24.0,25.0,21.0,25.0,24.0,23.0,21.0,24.0,23.0,22.0,21.0,21.0,22.0,20.0,20.0,21.0,22.0,21.0,21.0,22.0,22.0,20.0,21.0,22.0,22.0,21.0,22.0,23.0,21.0,10.0,locate,0,0,2.7015
1788791661.5931,2026-09-07 16:34:21.593,10,c3,0,0,-0.04001,-0.49559,0.04981,-6.856,11.8859,-22.5551,-0.1144,-0.0951,-0.7424,4.69256,22.0,24.0,24.0,22.0,26.0,24.0,25.0,22.0,23.0,27.0,23.0,22.0,24.0,25.0,22.0,22.0,25.0,23.0,22.0,21.0,21.0,22.0,20.0,20.0,21.0,22.0,21.0,21.0,22.0,22.0,20.0,21.0,22.0,22.0,21.0,22.0,23.0,21.0,10.0,locate,0,0,2.7351
1788791661.6432,2026-09-07 16:34:21.643,10,c3,0,0,-0.04003,-0.49557,0.04981,-6.5553,11.7488,-22.6678,-0.11,-0.091,-0.7176,4.70188,23.0,24.0,26.0,22.0,23.0,25.0,24.0,20.0,25.0,27.0,24.0,20.0,26.0,25.0,24.0,20.0,25.0,25.0,20.0,21.0,21.0,22.0,20.0,20.0,21.0,22.0,21.0,21.0,22.0,22.0,20.0,21.0,22.0,22.0,21.0,22.0,23.0,21.0,10.0,locate,0,0,2.6522
1788791661.6933,2026-09-07 16:34:21.693,10,c3,0,0,-0.04003,-0.49558,0.04981,-6.9341,12.4936,-22.6396,-0.1266,-0.0992,-0.7169,4.68979,23.0,24.0,26.0,22.0,23.0,25.0,24.0,20.0,25.0,27.0,24.0,20.0,26.0,25.0,24.0,20.0,25.0,25.0,20.0,21.0,21.0,22.0,20.0,20.0,21.0,22.0,21.0,21.0,22.0,22.0,20.0,21.0,22.0,22.0,21.0,22.0,23.0,21.0,10.0,locate,0,0,2.7597
1788791661.7434,2026-09-07 16:34:21.743,10,c3,0,0,-0.04004,-0.4956,0.04982,-7.0316,12.6504,-22.7006,-0.1355,-0.102,-0.7026,4.69583,22.0,23.0,25.0,21.0,25.0,25.0,23.0,22.0,25.0,27.0,24.0,21.0,26.0,26.0,24.0,20.0,26.0,24.0,21.0,21.0,21.0,22.0,20.0,20.0,21.0,22.0,21.0,21.0,22.0,22.0,20.0,21.0,22.0,22.0,21.0,22.0,23.0,21.0,10.0,locate,0,0,2.706
1788791661.7935,2026-09-07 16:34:21.793,10,c3,0,0,-0.04005,-0.49559,0.0498,-6.8226,11.9645,-22.676,-0.1172,-0.0971,-0.7007,4.70112,22.0,23.0,25.0,21.0,25.0,25.0,23.0,22.0,25.0,27.0,24.0,21.0,26.0,26.0,24.0,20.0,26.0,24.0,21.0,21.0,21.0,22.0,20.0,20.0,21.0,22.0,21.0,21.0,22.0,22.0,20.0,21.0,22.0,22.0,21.0,22.0,23.0,21.0,10.0,locate,0,0,2.6589
1788791661.8435,2026-09-07 16:34:21.843,10,c3,0,0,-0.04004,-0.4956,0.04982,-6.7653,11.8494,-22.6386,-0.1161,-0.0931,-0.6935,4.69382,21.0,23.0,25.0,21.0,25.0,25.0,24.0,21.0,25.0,25.0,24.0,21.0,25.0,25.0,23.0,20.0,24.0,23.0,22.0,21.0,21.0,22.0,20.0,20.0,21.0,22.0,21.0,21.0,22.0,22.0,20.0,21.0,22.0,22.0,21.0,22.0,23.0,21.0,10.0,locate,0,0,2.7239
1788791661.8936,2026-09-07 16:34:21.893,10,c3,0,0,-0.04001,-0.4956,0.04982,-6.9006,11.9832,-22.7481,-0.121,-0.0957,-0.6941,4.70465,21.0,23.0,25.0,21.0,25.0,25.0,24.0,21.0,25.0,25.0,24.0,21.0,25.0,25.0,23.0,20.0,24.0,23.0,22.0,21.0,21.0,22.0,20.0,20.0,21.0,22.0,21.0,21.0,22.0,22.0,20.0,21.0,22.0,22.0,21.0,22.0,23.0,21.0,10.0,locate,0,0,2.6276
1788791661.9436,2026-09-07 16:34:21.943,10,c3,0,0,-0.04002,-0.49559,0.04981,-6.9411,12.0509,-22.6514,-0.1208,-0.0992,-0.6842,4.70465,23.0,23.0,25.0,21.0,24.0,24.0,24.0,21.0,24.0,26.0,23.0,20.0,25.0,25.0,23.0,20.0,25.0,24.0,22.0,21.0,21.0,22.0,20.0,20.0,21.0,22.0,21.0,21.0,22.0,22.0,20.0,21.0,22.0,22.0,21.0,22.0,23.0,21.0,10.0,locate,0,0,2.6276
1788791661.9937,2026-09-07 16:34:21.993,10,c3,0,0,-0.04004,-0.4956,0.04981,-6.8041,12.1825,-22.622,-0.1241,-0.0926,-0.6736,4.69407,21.0,22.0,24.0,21.0,24.0,24.0,23.0,24.0,25.0,25.0,23.0,23.0,25.0,24.0,23.0,24.0,24.0,22.0,24.0,21.0,21.0,22.0,20.0,20.0,21.0,22.0,21.0,21.0,22.0,22.0,20.0,21.0,22.0,22.0,21.0,22.0,23.0,21.0,10.0,locate,0,0,2.7217
1788791662.0438,2026-09-07 16:34:22.043,10,c3,0,0,-0.04002,-0.49561,0.04982,-6.7285,12.0437,-22.5255,-0.1194,-0.0935,-0.6787,4.70188,21.0,22.0,24.0,21.0,24.0,24.0,23.0,24.0,25.0,25.0,23.0,23.0,25.0,24.0,23.0,24.0,24.0,22.0,24.0,21.0,21.0,22.0,20.0,20.0,21.0,22.0,21.0,21.0,22.0,22.0,20.0,21.0,22.0,22.0,21.0,22.0,23.0,21.0,10.0,locate,0,0,2.6522
1788791662.0939,2026-09-07 16:34:22.093,10,c3,0,0,-0.04002,-0.49559,0.04981,-6.461,12.0867,-22.6003,-0.1216,-0.0827,-0.6761,4.6913,23.0,24.0,25.0,24.0,25.0,25.0,23.0,23.0,26.0,25.0,24.0,22.0,26.0,25.0,24.0,23.0,25.0,23.0,25.0,21.0,21.0,22.0,20.0,20.0,21.0,22.0,21.0,21.0,22.0,22.0,20.0,21.0,22.0,22.0,21.0,22.0,23.0,21.0,10.0,locate,0,0,2.7463
1788791662.144,2026-09-07 16:34:22.143,10,c3,0,0,-0.04002,-0.49561,0.04981,-6.9228,12.4571,-22.5552,-0.1286,-0.0971,-0.6694,4.68828,23.0,24.0,25.0,24.0,25.0,25.0,23.0,23.0,26.0,25.0,24.0,22.0,26.0,25.0,24.0,23.0,25.0,23.0,25.0,21.0,21.0,22.0,20.0,20.0,21.0,22.0,21.0,21.0,22.0,22.0,20.0,21.0,22.0,22.0,21.0,22.0,23.0,21.0,10.0,locate,0,0,2.7732
1788791662.194,2026-09-07 16:34:22.194,10,c3,0,0,-0.04004,-0.49559,0.0498,-6.9447,11.8571,-22.5565,-0.1162,-0.0988,-0.6678,4.69382,23.0,25.0,24.0,23.0,25.0,24.0,23.0,24.0,26.0,26.0,23.0,21.0,28.0,26.0,22.0,23.0,25.0,23.0,23.0,21.0,21.0,22.0,20.0,20.0,21.0,22.0,21.0,21.0,22.0,22.0,20.0,21.0,22.0,22.0,21.0,22.0,23.0,21.0,10.0,locate,0,0,2.7239
1788791662.2441,2026-09-07 16:34:22.244,10,c3,0,0,-0.04002,-0.49561,0.04982,-6.9472,12.4378,-22.5296,-0.128,-0.0963,-0.6614,4.69407,23.0,25.0,25.0,23.0,26.0,25.0,24.0,22.0,25.0,26.0,23.0,21.0,27.0,24.0,23.0,22.0,25.0,23.0,22.0,21.0,21.0,22.0,20.0,20.0,21.0,22.0,21.0,21.0,22.0,22.0,20.0,21.0,22.0,22.0,21.0,22.0,23.0,21.0,10.0,locate,0,0,2.7217
1788791662.2941,2026-09-07 16:34:22.294,10,c3,0,0,-0.04003,-0.4956,0.04982,-6.6715,12.1796,-22.6253,-0.1229,-0.089,-0.6628,4.69709,23.0,25.0,25.0,23.0,26.0,25.0,24.0,22.0,25.0,26.0,23.0,21.0,27.0,24.0,23.0,22.0,25.0,23.0,22.0,21.0,21.0,22.0,20.0,20.0,21.0,22.0,21.0,21.0,22.0,22.0,20.0,21.0,22.0,22.0,21.0,22.0,23.0,21.0,10.0,locate,0,0,2.6948
1788791662.3442,2026-09-07 16:34:22.344,10,c3,0,0,-0.04003,-0.49561,0.04981,-6.4145,12.0516,-22.6683,-0.1218,-0.0831,-0.6587,4.69583,22.0,25.0,23.0,21.0,25.0,24.0,24.0,22.0,24.0,27.0,24.0,21.0,25.0,24.0,23.0,24.0,25.0,23.0,24.0,21.0,21.0,22.0,20.0,20.0,21.0,22.0,21.0,21.0,22.0,22.0,20.0,21.0,22.0,22.0,21.0,22.0,23.0,21.0,10.0,locate,0,0,2.706
1788791662.3942,2026-09-07 16:34:22.394,10,c3,0,0,-0.04002,-0.49561,0.04981,-6.7592,12.0598,-22.5704,-0.119,-0.0923,-0.6629,4.6908,22.0,25.0,23.0,21.0,25.0,24.0,24.0,22.0,24.0,27.0,24.0,21.0,25.0,24.0,23.0,24.0,25.0,23.0,24.0,21.0,21.0,22.0,20.0,20.0,21.0,22.0,21.0,21.0,22.0,22.0,20.0,21.0,22.0,22.0,21.0,22.0,23.0,21.0,10.0,locate,0,0,2.7508
1788791662.4443,2026-09-07 16:34:22.444,10,c3,0,0,-0.04003,-0.4956,0.0498,-6.7257,12.0785,-22.536,-0.1225,-0.0898,-0.651,4.69256,23.0,22.0,23.0,23.0,25.0,24.0,24.0,24.0,24.0,26.0,24.0,23.0,25.0,25.0,21.0,23.0,25.0,21.0,23.0,21.0,21.0,22.0,20.0,20.0,21.0,22.0,21.0,21.0,22.0,22.0,20.0,21.0,22.0,22.0,21.0,22.0,23.0,21.0,10.0,locate,0,0,2.7351
1788791662.4945,2026-09-07 16:34:22.494,10,c3,0,0,-0.04004,-0.49561,0.04982,-6.6439,12.1568,-22.5714,-0.1247,-0.0906,-0.6524,4.70037,24.0,24.0,23.0,24.0,24.0,24.0,24.0,21.0,26.0,26.0,24.0,21.0,26.0,25.0,24.0,21.0,24.0,23.0,22.0,21.0,21.0,22.0,20.0,20.0,21.0,22.0,21.0,21.0,22.0,22.0,20.0,21.0,22.0,22.0,21.0,22.0,23.0,21.0,10.0,locate,0,0,2.6657
1788791662.5446,2026-09-07 16:34:22.544,10,c3,0,0,-0.04004,-0.4956,0.04982,-6.5544,11.8874,-22.5807,-0.1177,-0.0844,-0.6529,4.69659,24.0,24.0,23.0,24.0,24.0,24.0,24.0,21.0,26.0,26.0,24.0,21.0,26.0,25.0,24.0,21.0,24.0,23.0,22.0,21.0,21.0,22.0,20.0,20.0,21.0,22.0,21.0,21.0,22.0,22.0,20.0,21.0,22.0,22.0,21.0,22.0,23.0,21.0,10.0,locate,0,0,2.6993
1788791662.5946,2026-09-07 16:34:22.594,10,c3,0,0,-0.04004,-0.49559,0.0498,-6.863,12.4986,-22.452,-0.1321,-0.0937,-0.6481,4.69004,24.0,24.0,23.0,23.0,26.0,23.0,25.0,22.0,27.0,25.0,24.0,20.0,26.0,23.0,23.0,21.0,25.0,23.0,22.0,21.0,21.0,22.0,20.0,20.0,21.0,22.0,21.0,21.0,22.0,22.0,20.0,21.0,22.0,22.0,21.0,22.0,23.0,21.0,10.0,locate,0,0,2.7575
1788791662.6447,2026-09-07 16:34:22.644,10,c3,0,0,-0.04003,-0.4956,0.04981,-6.7915,12.0012,-22.3435,-0.1217,-0.0926,-0.6435,4.69206,24.0,24.0,23.0,23.0,26.0,23.0,25.0,22.0,27.0,25.0,24.0,20.0,26.0,23.0,23.0,21.0,25.0,23.0,22.0,21.0,21.0,22.0,20.0,20.0,21.0,22.0,21.0,21.0,22.0,22.0,20.0,21.0,22.0,22.0,21.0,22.0,23.0,21.0,10.0,locate,0,0,2.7396
1788791662.6948,2026-09-07 16:34:22.694,10,c3,0,0,-0.04005,-0.49561,0.04982,-6.8665,12.1042,-22.3446,-0.1231,-0.0941,-0.6454,4.70087,20.0,25.0,24.0,20.0,26.0,23.0,24.0,21.0,24.0,27.0,24.0,20.0,27.0,25.0,23.0,22.0,25.0,24.0,21.0,21.0,21.0,22.0,20.0,20.0,21.0,22.0,21.0,21.0,22.0,22.0,20.0,21.0,22.0,22.0,21.0,22.0,23.0,21.0,10.0,locate,0,0,2.6612
1788791662.745,2026-09-07 16:34:22.744,10,c3,0,0,-0.04001,-0.49561,0.04982,-6.7215,12.1359,-22.4364,-0.1241,-0.0913,-0.6386,4.69206,22.0,22.0,25.0,22.0,24.0,24.0,23.0,24.0,25.0,26.0,23.0,23.0,26.0,25.0,23.0,24.0,25.0,22.0,25.0,21.0,21.0,22.0,20.0,20.0,21.0,22.0,21.0,21.0,22.0,22.0,20.0,21.0,22.0,22.0,21.0,22.0,23.0,21.0,10.0,locate,0,0,2.7396
1788791662.7951,2026-09-07 16:34:22.795,10,c3,0,0,-0.04004,-0.49561,0.04982,-6.6049,11.8555,-22.3815,-0.118,-0.0841,-0.6353,4.69508,22.0,22.0,25.0,22.0,24.0,24.0,23.0,24.0,25.0,26.0,23.0,23.0,26.0,25.0,23.0,24.0,25.0,22.0,25.0,21.0,21.0,22.0,20.0,20.0,21.0,22.0,21.0,21.0,22.0,22.0,20.0,21.0,22.0,22.0,21.0,22.0,23.0,21.0,10.0,locate,0,0,2.7127
1788791662.8452,2026-09-07 16:34:22.845,10,c3,0,0,-0.04005,-0.49562,0.04982,-6.3996,11.8278,-22.5014,-0.1149,-0.0801,-0.6333,4.69256,24.0,24.0,25.0,24.0,24.0,25.0,22.0,24.0,25.0,26.0,23.0,22.0,26.0,25.0,23.0,23.0,25.0,23.0,23.0,21.0,21.0,22.0,20.0,20.0,21.0,22.0,21.0,21.0,22.0,22.0,20.0,21.0,22.0,22.0,21.0,22.0,23.0,21.0,10.0,locate,0,0,2.7351
1788791662.8954,2026-09-07 16:34:22.895,10,c3,0,0,-0.04004,-0.49561,0.04981,-6.7538,12.2714,-22.4419,-0.1254,-0.0877,-0.6363,4.70112,24.0,24.0,25.0,24.0,24.0,25.0,22.0,24.0,25.0,26.0,23.0,22.0,26.0,25.0,23.0,23.0,25.0,23.0,23.0,21.0,21.0,22.0,20.0,20.0,21.0,22.0,21.0,21.0,22.0,22.0,20.0,21.0,22.0,22.0,21.0,22.0,23.0,21.0,10.0,locate,0,0,2.6589
1788791662.9455,2026-09-07 16:34:22.945,10,c3,0,0,-0.04003,-0.49561,0.04983,-6.8851,12.0577,-22.438,-0.1212,-0.0946,-0.6358,4.69886,24.0,23.0,25.0,24.0,26.0,26.0,25.0,24.0,25.0,25.0,24.0,24.0,25.0,25.0,24.0,23.0,24.0,23.0,23.0,21.0,21.0,22.0,20.0,20.0,21.0,22.0,21.0,21.0,22.0,22.0,20.0,21.0,22.0,22.0,21.0,22.0,23.0,21.0,10.0,locate,0,0,2.6791
1788791662.9956,2026-09-07 16:34:22.995,10,c3,0,0,-0.04001,-0.4956,0.0498,-6.5701,11.8488,-22.4477,-0.116,-0.0849,-0.6367,4.6903,24.0,23.0,25.0,24.0,26.0,26.0,25.0,24.0,25.0,25.0,24.0,24.0,25.0,25.0,24.0,23.0,24.0,23.0,23.0,21.0,21.0,22.0,20.0,20.0,21.0,22.0,21.0,21.0,22.0,22.0,20.0,21.0,22.0,22.0,21.0,22.0,23.0,21.0,10.0,locate,0,0,2.7553
1788791663.0457,2026-09-07 16:34:23.045,10,c3,0,0,-0.04003,-0.49561,0.04981,-6.7553,12.3288,-22.3859,-0.1284,-0.0915,-0.6324,4.69709,26.0,24.0,23.0,24.0,24.0,24.0,23.0,23.0,26.0,26.0,22.0,21.0,25.0,25.0,22.0,20.0,25.0,22.0,22.0,21.0,21.0,22.0,20.0,20.0,21.0,22.0,21.0,21.0,22.0,22.0,20.0,21.0,22.0,22.0,21.0,22.0,23.0,21.0,10.0,locate,0,0,2.6948
1788791663.0958,2026-09-07 16:34:23.095,10,c3,0,0,-0.04003,-0.49562,0.04981,-6.8273,12.3187,-22.3746,-0.1296,-0.0926,-0.6387,4.69357,22.0,25.0,24.0,21.0,26.0,25.0,22.0,21.0,24.0,25.0,23.0,20.0,24.0,24.0,23.0,20.0,24.0,23.0,21.0,21.0,21.0,22.0,20.0,20.0,21.0,22.0,21.0,21.0,22.0,22.0,20.0,21.0,22.0,22.0,21.0,22.0,23.0,21.0,10.0,locate,0,0,2.7261
1788791663.1459,2026-09-07 16:34:23.145,10,c3,0,0,-0.04005,-0.49562,0.04983,-6.9811,12.1633,-22.2932,-0.1235,-0.0928,-0.6402,4.70213,22.0,25.0,24.0,21.0,26.0,25.0,22.0,21.0,24.0,25.0,23.0,20.0,24.0,24.0,23.0,20.0,24.0,23.0,21.0,21.0,21.0,22.0,20.0,20.0,21.0,22.0,21.0,21.0,22.0,22.0,20.0,21.0,22.0,22.0,21.0,22.0,23.0,21.0,10.0,locate,0,0,2.65
1788791663.196,2026-09-07 16:34:23.196,10,c3,0,0,-0.04004,-0.49561,0.04982,-6.4959,12.2677,-22.3313,-0.1248,-0.0833,-0.6332,4.68702,23.0,23.0,24.0,20.0,23.0,24.0,25.0,23.0,24.0,27.0,23.0,22.0,25.0,25.0,22.0,22.0,26.0,23.0,22.0,21.0,21.0,22.0,20.0,20.0,21.0,22.0,21.0,21.0,22.0,22.0,20.0,21.0,22.0,22.0,21.0,22.0,23.0,21.0,10.0,locate,0,0,2.7844
1788791663.2462,2026-09-07 16:34:23.246,10,c3,0,0,-0.04003,-0.49561,0.04981,-6.979,12.3242,-22.2204,-0.1254,-0.0985,-0.6341,4.69609,23.0,23.0,24.0,20.0,23.0,24.0,25.0,23.0,24.0,27.0,23.0,22.0,25.0,25.0,22.0,22.0,26.0,23.0,22.0,21.0,21.0,22.0,20.0,20.0,21.0,22.0,21.0,21.0,22.0,22.0,20.0,21.0,22.0,22.0,21.0,22.0,23.0,21.0,10.0,locate,0,0,2.7037
1788791663.2963,2026-09-07 16:34:23.296,10,c3,0,0,-0.04003,-0.49561,0.04982,-6.5376,11.7318,-22.428,-0.1094,-0.0871,-0.6246,4.70389,23.0,22.0,26.0,22.0,24.0,26.0,24.0,21.0,25.0,26.0,24.0,20.0,25.0,24.0,24.0,22.0,24.0,23.0,22.0,21.0,21.0,22.0,20.0,20.0,21.0,22.0,21.0,21.0,22.0,22.0,20.0,21.0,22.0,22.0,21.0,22.0,23.0,21.0,10.0,locate,0,0,2.6343
1788791663.3465,2026-09-07 16:34:23.346,10,c3,0,0,-0.04004,-0.4956,0.04982,-6.8488,11.9397,-22.3087,-0.118,-0.0921,-0.6234,4.69181,20.0,22.0,24.0,21.0,24.0,25.0,25.0,22.0,24.0,27.0,24.0,21.0,25.0,25.0,23.0,21.0,25.0,24.0,22.0,21.0,21.0,22.0,20.0,20.0,21.0,22.0,21.0,21.0,22.0,22.0,20.0,21.0,22.0,22.0,21.0,22.0,23.0,21.0,10.0,locate,0,0,2.7418
1788791663.3966,2026-09-07 16:34:23.396,10,c3,0,0,-0.04004,-0.49561,0.04981,-7.1436,12.1931,-22.4354,-0.1242,-0.1007,-0.633,4.69332,20.0,22.0,24.0,21.0,24.0,25.0,25.0,22.0,24.0,27.0,24.0,21.0,25.0,25.0,23.0,21.0,25.0,24.0,22.0,21.0,21.0,22.0,20.0,20.0,21.0,22.0,21.0,21.0,22.0,22.0,20.0,21.0,22.0,22.0,21.0,22.0,23.0,21.0,10.0,locate,0,0,2.7284
1788791663.4467,2026-09-07 16:34:23.446,10,c3,0,0,-0.04004,-0.49561,0.04981,-6.6561,12.004,-22.5072,-0.1198,-0.0881,-0.6163,4.69911,22.0,24.0,25.0,22.0,24.0,26.0,25.0,22.0,25.0,26.0,23.0,22.0,25.0,25.0,22.0,22.0,25.0,22.0,22.0,21.0,21.0,22.0,20.0,20.0,21.0,22.0,21.0,21.0,22.0,22.0,20.0,21.0,22.0,22.0,21.0,22.0,23.0,21.0,10.0,locate,0,0,2.6769
1788791663.4969,2026-09-07 16:34:23.496,10,c3,0,0,-0.04003,-0.49561,0.0498,-6.9704,12.3265,-22.5963,-0.1297,-0.098,-0.6291,4.6981,22.0,24.0,25.0,22.0,24.0,26.0,25.0,22.0,25.0,26.0,23.0,22.0,25.0,25.0,22.0,22.0,25.0,22.0,22.0,21.0,21.0,22.0,20.0,20.0,21.0,22.0,21.0,21.0,22.0,22.0,20.0,21.0,22.0,22.0,21.0,22.0,23.0,21.0,10.0,locate,0,0,2.6858
1788791663.5471,2026-09-07 16:34:23.547,10,c3,1,0,-0.04005,-0.4956,0.04981,-6.8755,12.1275,-22.5998,-0.1215,-0.0888,-0.6191,4.69684,22.0,23.0,25.0,21.0,24.0,25.0,23.0,22.0,24.0,26.0,23.0,22.0,25.0,25.0,22.0,23.0,24.0,21.0,23.0,21.0,21.0,22.0,20.0,20.0,21.0,22.0,21.0,21.0,22.0,22.0,20.0,21.0,22.0,22.0,21.0,22.0,23.0,21.0,10.0,press,0,0,2.697
1788791663.5971,2026-09-07 16:34:23.597,10,c3,1,0,-0.04004,-0.49562,0.04979,-6.8099,11.9885,-22.3545,-0.1173,-0.0922,-0.6207,4.69432,24.0,22.0,24.0,24.0,24.0,25.0,23.0,22.0,25.0,26.0,22.0,20.0,25.0,25.0,22.0,21.0,25.0,23.0,23.0,21.0,21.0,22.0,20.0,20.0,21.0,22.0,21.0,21.0,22.0,22.0,20.0,21.0,22.0,22.0,21.0,22.0,23.0,21.0,10.0,press,0,0,2.7194
1788791663.6472,2026-09-07 16:34:23.647,10,c3,1,0,-0.04006,-0.49561,0.04972,-6.9926,12.0074,-22.6267,-0.1185,-0.0925,-0.6248,4.68677,24.0,22.0,24.0,24.0,24.0,25.0,23.0,22.0,25.0,26.0,22.0,20.0,25.0,25.0,22.0,21.0,25.0,23.0,23.0,21.0,21.0,22.0,20.0,20.0,21.0,22.0,21.0,21.0,22.0,22.0,20.0,21.0,22.0,22.0,21.0,22.0,23.0,21.0,10.0,press,0,0,2.7866
1788791663.6973,2026-09-07 16:34:23.697,10,c3,1,0,-0.04003,-0.49561,0.04958,-6.7848,12.2624,-22.6061,-0.128,-0.0888,-0.6202,4.68904,22.0,23.0,24.0,22.0,25.0,26.0,24.0,21.0,24.0,26.0,23.0,20.0,25.0,25.0,22.0,21.0,25.0,23.0,20.0,21.0,21.0,22.0,20.0,20.0,21.0,22.0,21.0,21.0,22.0,22.0,20.0,21.0,22.0,22.0,21.0,22.0,23.0,21.0,10.0,press,0,0,2.7665
1788791663.7475,2026-09-07 16:34:23.747,10,c3,1,0,-0.04003,-0.49561,0.04942,-6.8807,12.3569,-22.5923,-0.1271,-0.0954,-0.6166,4.69332,22.0,23.0,24.0,22.0,25.0,26.0,24.0,21.0,24.0,26.0,23.0,20.0,25.0,25.0,22.0,21.0,25.0,23.0,20.0,21.0,21.0,22.0,20.0,20.0,21.0,22.0,21.0,21.0,22.0,22.0,20.0,21.0,22.0,22.0,21.0,22.0,23.0,21.0,10.0,press,0,0,2.7284
1788791663.7976,2026-09-07 16:34:23.797,10,c3,1,0,-0.04003,-0.49562,0.04924,-6.8886,12.1215,-22.406,-0.122,-0.0965,-0.621,4.69382,22.0,24.0,25.0,20.0,25.0,26.0,25.0,21.0,25.0,26.0,23.0,21.0,26.0,26.0,22.0,21.0,26.0,23.0,22.0,21.0,21.0,22.0,20.0,20.0,21.0,22.0,21.0,21.0,22.0,22.0,20.0,21.0,22.0,22.0,21.0,22.0,23.0,21.0,10.0,press,0,0,2.7239
1788791663.8477,2026-09-07 16:34:23.847,10,c3,1,0,-0.04004,-0.49562,0.04901,-6.7276,11.811,-22.4528,-0.1159,-0.0881,-0.6142,4.68979,21.0,24.0,24.0,21.0,25.0,24.0,23.0,22.0,25.0,24.0,23.0,22.0,24.0,22.0,22.0,23.0,22.0,22.0,22.0,21.0,21.0,22.0,20.0,20.0,21.0,22.0,21.0,21.0,22.0,22.0,20.0,21.0,22.0,22.0,21.0,22.0,23.0,21.0,10.0,press,0,0,2.7597
1788791663.8978,2026-09-07 16:34:23.897,10,c3,1,0,-0.04005,-0.49563,0.0488,-6.7059,12.0728,-22.6444,-0.1201,-0.0887,-0.6184,4.69306,21.0,24.0,24.0,21.0,25.0,24.0,23.0,22.0,25.0,24.0,23.0,22.0,24.0,22.0,22.0,23.0,22.0,22.0,22.0,21.0,21.0,22.0,20.0,20.0,21.0,22.0,21.0,21.0,22.0,22.0,20.0,21.0,22.0,22.0,21.0,22.0,23.0,21.0,10.0,press,0,0,2.7306
1788791663.948,2026-09-07 16:34:23.947,10,c3,1,0,-0.04006,-0.49564,0.04857,-6.51,11.8167,-22.5097,-0.1175,-0.0846,-0.6131,4.69886,23.0,23.0,23.0,24.0,24.0,22.0,24.0,22.0,25.0,29.0,23.0,22.0,26.0,26.0,22.0,22.0,26.0,23.0,21.0,21.0,21.0,22.0,20.0,20.0,21.0,22.0,21.0,21.0,22.0,22.0,20.0,21.0,22.0,22.0,21.0,22.0,23.0,21.0,10.0,press,0,0,2.6791
1788791663.9982,2026-09-07 16:34:23.998,10,c3,1,0,-0.04005,-0.49564,0.04827,-6.4526,11.8372,-22.4822,-0.1162,-0.0816,-0.608,4.69533,23.0,23.0,23.0,24.0,24.0,22.0,24.0,22.0,25.0,29.0,23.0,22.0,26.0,26.0,22.0,22.0,26.0,23.0,21.0,21.0,21.0,22.0,20.0,20.0,21.0,22.0,21.0,21.0,22.0,22.0,20.0,21.0,22.0,22.0,21.0,22.0,23.0,21.0,10.0,press,0,0,2.7105
1788791664.0483,2026-09-07 16:34:24.048,10,c3,1,0,-0.04004,-0.49564,0.04795,-6.5136,12.2016,-22.3301,-0.1241,-0.0845,-0.612,4.69206,22.0,25.0,24.0,22.0,26.0,25.0,24.0,23.0,25.0,27.0,24.0,23.0,25.0,25.0,24.0,23.0,24.0,24.0,25.0,21.0,21.0,22.0,20.0,20.0,21.0,22.0,21.0,21.0,22.0,22.0,20.0,21.0,22.0,22.0,21.0,22.0,23.0,21.0,10.0,press,0,0,2.7396
1788791664.0984,2026-09-07 16:34:24.098,10,c3,1,0,-0.04005,-0.49562,0.04759,-6.8131,12.2118,-22.3425,-0.1248,-0.0931,-0.6074,4.68979,22.0,25.0,24.0,22.0,26.0,25.0,24.0,23.0,25.0,27.0,24.0,23.0,25.0,25.0,24.0,23.0,24.0,24.0,25.0,21.0,21.0,22.0,20.0,20.0,21.0,22.0,21.0,21.0,22.0,22.0,20.0,21.0,22.0,22.0,21.0,22.0,23.0,21.0,10.0,press,0,0,2.7597
1788791664.1485,2026-09-07 16:34:24.148,10,c3,1,0,-0.04002,-0.49561,0.04725,-6.3798,12.1855,-22.6517,-0.1265,-0.0803,-0.6063,4.70087,25.0,22.0,24.0,24.0,24.0,26.0,23.0,19.0,27.0,27.0,24.0,19.0,26.0,26.0,24.0,20.0,26.0,23.0,20.0,21.0,21.0,22.0,20.0,20.0,21.0,22.0,21.0,21.0,22.0,22.0,20.0,21.0,22.0,22.0,21.0,22.0,23.0,21.0,10.0,press,0,0,2.6612
1788791664.1986,2026-09-07 16:34:24.198,10,c3,1,0,-0.04005,-0.49564,0.04694,-6.7212,12.004,-22.5068,-0.1199,-0.0892,-0.6051,4.69785,20.0,25.0,26.0,19.0,26.0,27.0,25.0,22.0,26.0,27.0,24.0,21.0,26.0,26.0,22.0,20.0,26.0,23.0,22.0,21.0,21.0,22.0,20.0,20.0,21.0,22.0,21.0,21.0,22.0,22.0,20.0,21.0,22.0,22.0,21.0,22.0,23.0,21.0,10.0,press,0,0,2.6881
1788791664.2487,2026-09-07 16:34:24.248,10,c3,1,0,-0.04005,-0.49564,0.0466,-6.8004,12.153,-22.4309,-0.1207,-0.092,-0.607,4.6908,20.0,25.0,26.0,19.0,26.0,27.0,25.0,22.0,26.0,27.0,24.0,21.0,26.0,26.0,22.0,20.0,26.0,23.0,22.0,21.0,21.0,22.0,20.0,20.0,21.0,22.0,21.0,21.0,22.0,22.0,20.0,21.0,22.0,22.0,21.0,22.0,23.0,21.0,10.0,press,0,0,2.7508
1788791664.2989,2026-09-07 16:34:24.298,10,c3,1,0,-0.04004,-0.49564,0.04627,-7.1143,12.2849,-22.2285,-0.1277,-0.0965,-0.6152,4.69382,24.0,25.0,25.0,21.0,26.0,26.0,25.0,21.0,25.0,26.0,25.0,21.0,25.0,25.0,23.0,22.0,25.0,23.0,22.0,21.0,21.0,22.0,20.0,20.0,21.0,22.0,21.0,21.0,22.0,22.0,20.0,21.0,22.0,22.0,21.0,22.0,23.0,21.0,10.0,press,0,0,2.7239
1788791664.349,2026-09-07 16:34:24.348,10,c3,1,0,-0.04002,-0.49563,0.04591,-6.4146,11.3109,-22.5259,-0.1027,-0.0794,-0.6094,4.69961,24.0,25.0,25.0,21.0,26.0,26.0,25.0,21.0,25.0,26.0,25.0,21.0,25.0,25.0,23.0,22.0,25.0,23.0,22.0,21.0,21.0,22.0,20.0,20.0,21.0,22.0,21.0,21.0,22.0,22.0,20.0,21.0,22.0,22.0,21.0,22.0,23.0,21.0,10.0,press,0,0,2.6724
1788791664.3991,2026-09-07 16:34:24.399,10,c3,1,0,-0.04003,-0.49562,0.04558,-7.1915,12.2882,-22.5765,-0.1289,-0.0984,-0.6104,4.68954,23.0,24.0,24.0,23.0,25.0,25.0,25.0,22.0,28.0,28.0,25.0,21.0,27.0,27.0,24.0,22.0,26.0,25.0,23.0,21.0,21.0,22.0,20.0,20.0,21.0,22.0,21.0,21.0,22.0,22.0,20.0,21.0,22.0,22.0,21.0,22.0,23.0,21.0,10.0,press,0,0,2.762
1788791664.4492,2026-09-07 16:34:24.449,10,c3,1,0,-0.04003,-0.49561,0.04525,-6.7059,12.2293,-22.4902,-0.1229,-0.0899,-0.6022,4.6908,23.0,26.0,25.0,22.0,26.0,26.0,25.0,26.0,26.0,27.0,27.0,25.0,27.0,26.0,27.0,25.0,24.0,26.0,25.0,21.0,21.0,22.0,20.0,20.0,21.0,22.0,21.0,21.0,22.0,22.0,20.0,21.0,22.0,22.0,21.0,22.0,23.0,21.0,10.0,press,0,0,2.7508
1788791664.4992,2026-09-07 16:34:24.499,10,c3,1,0,-0.04004,-0.49562,0.04493,-6.4539,12.148,-22.3196,-0.128,-0.0856,-0.6039,4.65656,23.0,26.0,25.0,22.0,26.0,26.0,25.0,26.0,26.0,27.0,27.0,25.0,27.0,26.0,27.0,25.0,24.0,26.0,25.0,21.0,21.0,22.0,20.0,20.0,21.0,22.0,21.0,21.0,22.0,22.0,20.0,21.0,22.0,22.0,21.0,22.0,23.0,21.0,10.0,press,0,0,3.0554
1788791664.5494,2026-09-07 16:34:24.549,10,c3,1,0,-0.04005,-0.49564,0.04461,-6.4838,11.9235,-22.2761,-0.1132,-0.0847,-0.6017,4.6276,25.0,26.0,24.0,25.0,27.0,26.0,26.0,23.0,27.0,27.0,26.0,23.0,28.0,24.0,26.0,23.0,25.0,25.0,23.0,21.0,21.0,22.0,20.0,20.0,21.0,22.0,21.0,21.0,22.0,22.0,20.0,21.0,22.0,22.0,21.0,22.0,23.0,21.0,10.0,press,0,0,3.313
1788791664.5995,2026-09-07 16:34:24.599,10,c3,1,0,-0.04004,-0.49563,0.04429,-6.5444,12.0209,-22.1223,-0.1185,-0.0857,-0.6039,4.5979,25.0,26.0,24.0,25.0,27.0,26.0,26.0,23.0,27.0,27.0,26.0,23.0,28.0,24.0,26.0,23.0,25.0,25.0,23.0,21.0,21.0,22.0,20.0,20.0,21.0,22.0,21.0,21.0,22.0,22.0,20.0,21.0,22.0,22.0,21.0,22.0,23.0,21.0,10.0,press,0,0,3.5773
1788791664.6496,2026-09-07 16:34:24.649,10,c3,1,0,-0.04003,-0.49562,0.04393,-6.9078,12.1568,-22.0259,-0.1209,-0.0916,-0.6078,4.55862,24.0,25.0,23.0,23.0,27.0,26.0,27.0,24.0,28.0,29.0,26.0,23.0,29.0,25.0,24.0,22.0,25.0,25.0,22.0,21.0,21.0,22.0,20.0,20.0,21.0,22.0,21.0,21.0,22.0,22.0,20.0,21.0,22.0,22.0,21.0,22.0,23.0,21.0,10.0,press,0,0,3.9267
1788791664.6997,2026-09-07 16:34:24.699,10,c3,1,0,-0.04005,-0.49561,0.04358,-6.7901,11.8434,-21.9447,-0.1147,-0.0915,-0.6029,4.54905,24.0,27.0,24.0,24.0,29.0,25.0,25.0,21.0,30.0,32.0,27.0,20.0,29.0,28.0,26.0,21.0,26.0,25.0,21.0,21.0,21.0,22.0,20.0,20.0,21.0,22.0,21.0,21.0,22.0,22.0,20.0,21.0,22.0,22.0,21.0,22.0,23.0,21.0,10.0,press,0,0,4.0118
1788791664.7498,2026-09-07 16:34:24.749,10,c3,1,0,-0.04004,-0.49562,0.04325,-6.764,12.0157,-21.7543,-0.118,-0.0935,-0.6016,4.50726,24.0,27.0,24.0,24.0,29.0,25.0,25.0,21.0,30.0,32.0,27.0,20.0,29.0,28.0,26.0,21.0,26.0,25.0,21.0,21.0,21.0,22.0,20.0,20.0,21.0,22.0,21.0,21.0,22.0,22.0,20.0,21.0,22.0,22.0,21.0,22.0,23.0,21.0,10.0,press,0,0,4.3837
1788791664.8,2026-09-07 16:34:24.799,10,c3,1,0,-0.04003,-0.49564,0.04295,-6.8732,12.4381,-21.6096,-0.1236,-0.0955,-0.6148,4.44356,24.0,26.0,25.0,21.0,29.0,28.0,27.0,20.0,30.0,31.0,28.0,20.0,29.0,29.0,27.0,21.0,27.0,25.0,20.0,21.0,21.0,22.0,20.0,20.0,21.0,22.0,21.0,21.0,22.0,22.0,20.0,21.0,22.0,22.0,21.0,22.0,23.0,21.0,10.0,press,0,0,4.9504
1788791664.8501,2026-09-07 16:34:24.850,10,c3,1,0,-0.04003,-0.49563,0.0426,-6.7185,12.0847,-21.2196,-0.112,-0.091,-0.604,4.37306,24.0,26.0,25.0,21.0,29.0,28.0,27.0,20.0,30.0,31.0,28.0,20.0,29.0,29.0,27.0,21.0,27.0,25.0,20.0,21.0,21.0,22.0,20.0,20.0,21.0,22.0,21.0,21.0,22.0,22.0,20.0,21.0,22.0,22.0,21.0,22.0,23.0,21.0,10.0,press,0,0,5.5775
1788791664.9002,2026-09-07 16:34:24.900,10,c3,1,0,-0.04006,-0.49564,0.0423,-6.8853,12.2411,-20.8943,-0.1113,-0.0905,-0.6024,4.29954,22.0,27.0,27.0,20.0,30.0,28.0,26.0,23.0,29.0,30.0,24.0,21.0,28.0,29.0,24.0,22.0,25.0,23.0,22.0,21.0,21.0,22.0,20.0,20.0,21.0,22.0,21.0,21.0,22.0,22.0,20.0,21.0,22.0,22.0,21.0,22.0,23.0,21.0,10.0,press,0,0,6.2316
1788791664.9503,2026-09-07 16:34:24.950,10,c3,1,0,-0.04006,-0.49563,0.04196,-7.1086,12.5234,-20.4125,-0.1232,-0.096,-0.6051,4.22225,23.0,25.0,25.0,23.0,29.0,26.0,25.0,24.0,30.0,30.0,26.0,23.0,29.0,30.0,25.0,22.0,25.0,26.0,24.0,21.0,21.0,22.0,20.0,20.0,21.0,22.0,21.0,21.0,22.0,22.0,20.0,21.0,22.0,22.0,21.0,22.0,23.0,21.0,10.0,press,0,0,6.9192
1788791665.0005,2026-09-07 16:34:25.000,10,c3,1,0,-0.04003,-0.49562,0.04157,-6.8141,12.6387,-20.3836,-0.1184,-0.0898,-0.5957,4.11801,23.0,25.0,25.0,23.0,29.0,26.0,25.0,24.0,30.0,30.0,26.0,23.0,29.0,30.0,25.0,22.0,25.0,26.0,24.0,21.0,21.0,22.0,20.0,20.0,21.0,22.0,21.0,21.0,22.0,22.0,20.0,21.0,22.0,22.0,21.0,22.0,23.0,21.0,10.0,press,0,0,7.8465
1788791665.0506,2026-09-07 16:34:25.050,10,c3,1,0,-0.04006,-0.49562,0.04126,-6.9516,12.6122,-19.927,-0.1163,-0.0929,-0.6052,4.02511,26.0,27.0,22.0,24.0,31.0,27.0,26.0,25.0,31.0,29.0,25.0,23.0,29.0,32.0,24.0,24.0,27.0,24.0,23.0,21.0,21.0,22.0,20.0,20.0,21.0,22.0,21.0,21.0,22.0,22.0,20.0,21.0,22.0,22.0,21.0,22.0,23.0,21.0,10.0,press,0,0,8.6731
1788791665.1007,2026-09-07 16:34:25.100,10,c3,1,0,-0.04006,-0.49563,0.04095,-6.9735,12.6284,-19.2991,-0.1091,-0.0876,-0.5999,3.93095,26.0,27.0,22.0,24.0,31.0,27.0,26.0,25.0,31.0,29.0,25.0,23.0,29.0,32.0,24.0,24.0,27.0,24.0,23.0,21.0,21.0,22.0,20.0,20.0,21.0,22.0,21.0,21.0,22.0,22.0,20.0,21.0,22.0,22.0,21.0,22.0,23.0,21.0,10.0,press,0,0,9.5108
1788791665.1508,2026-09-07 16:34:25.150,10,c3,1,0,-0.04004,-0.49563,0.0407,-6.986,12.6245,-19.0415,-0.1069,-0.0926,-0.5967,3.86221,25.0,26.0,24.0,24.0,31.0,30.0,26.0,22.0,32.0,27.0,25.0,21.0,29.0,31.0,24.0,22.0,26.0,25.0,23.0,21.0,21.0,22.0,20.0,20.0,21.0,22.0,21.0,21.0,22.0,22.0,20.0,21.0,22.0,22.0,21.0,22.0,23.0,21.0,10.0,press,0,0,10.1223
1788791665.2009,2026-09-07 16:34:25.200,10,c3,1,0,-0.04005,-0.49564,0.04049,-6.5995,12.2221,-18.8199,-0.0939,-0.0844,-0.5968,3.78391,25.0,26.0,24.0,24.0,31.0,30.0,26.0,22.0,32.0,27.0,25.0,21.0,29.0,31.0,24.0,22.0,26.0,25.0,23.0,21.0,21.0,22.0,20.0,20.0,21.0,22.0,21.0,21.0,22.0,22.0,20.0,21.0,22.0,22.0,21.0,22.0,23.0,21.0,10.0,press,0,0,10.8189
1788791665.2511,2026-09-07 16:34:25.251,10,c3,1,0,-0.04005,-0.49563,0.0403,-6.9586,13.1101,-18.5785,-0.1145,-0.0921,-0.6012,3.71996,23.0,26.0,24.0,21.0,31.0,30.0,26.0,23.0,32.0,29.0,27.0,22.0,29.0,32.0,25.0,23.0,26.0,24.0,23.0,21.0,21.0,22.0,20.0,20.0,21.0,22.0,21.0,21.0,22.0,22.0,20.0,21.0,22.0,22.0,21.0,22.0,23.0,21.0,10.0,press,0,0,11.3878
1788791665.3012,2026-09-07 16:34:25.301,10,c3,1,0,-0.04005,-0.49562,0.04016,-6.9014,12.7179,-18.3306,-0.1007,-0.0893,-0.6028,3.67741,23.0,26.0,25.0,22.0,32.0,32.0,28.0,22.0,35.0,30.0,26.0,22.0,29.0,32.0,25.0,21.0,26.0,24.0,23.0,21.0,21.0,22.0,20.0,20.0,21.0,22.0,21.0,21.0,22.0,22.0,20.0,21.0,22.0,22.0,21.0,22.0,23.0,21.0,10.0,press,0,0,11.7664
1788791665.3513,2026-09-07 16:34:25.351,10,c3,1,0,-0.04004,-0.49562,0.04004,-6.8286,12.9383,-18.4524,-0.1092,-0.0885,-0.5968,3.6331,23.0,26.0,25.0,22.0,32.0,32.0,28.0,22.0,35.0,30.0,26.0,22.0,29.0,32.0,25.0,21.0,26.0,24.0,23.0,21.0,21.0,22.0,20.0,20.0,21.0,22.0,21.0,21.0,22.0,22.0,20.0,21.0,22.0,22.0,21.0,22.0,23.0,21.0,10.0,press,0,0,12.1606
1788791665.4013,2026-09-07 16:34:25.401,10,c3,1,0,-0.04005,-0.49563,0.03997,-6.8035,13.0739,-18.251,-0.109,-0.0898,-0.5951,3.6122,24.0,27.0,25.0,22.0,32.0,34.0,28.0,23.0,36.0,29.0,29.0,22.0,30.0,33.0,24.0,24.0,26.0,24.0,22.0,21.0,21.0,22.0,20.0,20.0,21.0,22.0,21.0,21.0,22.0,22.0,20.0,21.0,22.0,22.0,21.0,22.0,23.0,21.0,10.0,press,0,0,12.3465
1788791665.4515,2026-09-07 16:34:25.451,10,c3,1,0,-0.04004,-0.49563,0.03991,-7.0866,13.092,-18.2477,-0.1053,-0.0951,-0.6039,3.60238,24.0,27.0,25.0,22.0,32.0,34.0,28.0,23.0,36.0,29.0,29.0,22.0,30.0,33.0,24.0,24.0,26.0,24.0,22.0,21.0,21.0,22.0,20.0,20.0,21.0,22.0,21.0,21.0,22.0,22.0,20.0,21.0,22.0,22.0,21.0,22.0,23.0,21.0,10.0,press,0,0,12.4338
1788791665.5016,2026-09-07 16:34:25.501,10,c3,1,0,-0.04005,-0.49562,0.03985,-6.9154,12.7159,-18.0108,-0.1022,-0.0916,-0.6,3.58098,23.0,25.0,24.0,23.0,34.0,33.0,28.0,23.0,36.0,31.0,28.0,23.0,30.0,35.0,25.0,23.0,27.0,25.0,23.0,21.0,21.0,22.0,20.0,20.0,21.0,22.0,21.0,21.0,22.0,22.0,20.0,21.0,22.0,22.0,21.0,22.0,23.0,21.0,10.0,press,0,0,12.6242
1788791665.5517,2026-09-07 16:34:25.551,10,c3,1,0,-0.04005,-0.49563,0.03985,-7.161,13.0892,-17.8065,-0.107,-0.0986,-0.595,3.58173,23.0,27.0,26.0,24.0,33.0,35.0,28.0,23.0,37.0,32.0,29.0,22.0,32.0,36.0,25.0,21.0,28.0,25.0,23.0,21.0,21.0,22.0,20.0,20.0,21.0,22.0,21.0,21.0,22.0,22.0,20.0,21.0,22.0,22.0,21.0,22.0,23.0,21.0,10.0,hold,0,0,12.6175
1788791665.6018,2026-09-07 16:34:25.601,10,c3,1,0,-0.04004,-0.49563,0.03983,-6.7381,12.5121,-17.9373,-0.0901,-0.0893,-0.594,3.57645,23.0,27.0,26.0,24.0,33.0,35.0,28.0,23.0,37.0,32.0,29.0,22.0,32.0,36.0,25.0,21.0,28.0,25.0,23.0,21.0,21.0,22.0,20.0,20.0,21.0,22.0,21.0,21.0,22.0,22.0,20.0,21.0,22.0,22.0,21.0,22.0,23.0,21.0,10.0,hold,0,0,12.6645
1788791665.6518,2026-09-07 16:34:25.651,10,c3,1,0,-0.04003,-0.49562,0.03981,-6.9524,12.8995,-18.2398,-0.1023,-0.095,-0.5876,3.58979,24.0,26.0,25.0,23.0,35.0,35.0,29.0,22.0,37.0,32.0,29.0,21.0,30.0,35.0,25.0,21.0,28.0,23.0,22.0,21.0,21.0,22.0,20.0,20.0,21.0,22.0,21.0,21.0,22.0,22.0,20.0,21.0,22.0,22.0,21.0,22.0,23.0,21.0,10.0,hold,0,0,12.5458
1788791665.7019,2026-09-07 16:34:25.701,10,c3,1,0,-0.04001,-0.49561,0.03981,-6.6298,13.094,-18.051,-0.105,-0.0844,-0.5936,3.58551,24.0,26.0,25.0,23.0,35.0,35.0,29.0,22.0,37.0,32.0,29.0,21.0,30.0,35.0,25.0,21.0,28.0,23.0,22.0,21.0,21.0,22.0,20.0,20.0,21.0,22.0,21.0,21.0,22.0,22.0,20.0,21.0,22.0,22.0,21.0,22.0,23.0,21.0,10.0,hold,0,0,12.5839
1788791665.752,2026-09-07 16:34:25.751,10,c3,1,0,-0.04004,-0.49562,0.03981,-6.8184,12.8452,-17.9846,-0.1011,-0.091,-0.5949,3.58501,25.0,26.0,26.0,23.0,34.0,36.0,28.0,24.0,37.0,32.0,29.0,22.0,29.0,36.0,25.0,24.0,27.0,26.0,23.0,21.0,21.0,22.0,20.0,20.0,21.0,22.0,21.0,21.0,22.0,22.0,20.0,21.0,22.0,22.0,21.0,22.0,23.0,21.0,10.0,hold,0,0,12.5884
1788791665.8021,2026-09-07 16:34:25.802,10,c3,1,0,-0.04006,-0.49563,0.03983,-6.6911,12.717,-18.0444,-0.1016,-0.0849,-0.5899,3.59332,25.0,25.0,27.0,23.0,33.0,36.0,28.0,22.0,39.0,30.0,29.0,21.0,30.0,34.0,24.0,22.0,27.0,24.0,22.0,21.0,21.0,22.0,20.0,20.0,21.0,22.0,21.0,21.0,22.0,22.0,20.0,21.0,22.0,22.0,21.0,22.0,23.0,21.0,10.0,hold,0,0,12.5145
1788791665.8522,2026-09-07 16:34:25.852,10,c3,1,0,-0.04003,-0.49561,0.03982,-6.8522,12.6819,-17.9774,-0.0964,-0.0912,-0.593,3.60062,25.0,25.0,27.0,23.0,33.0,36.0,28.0,22.0,39.0,30.0,29.0,21.0,30.0,34.0,24.0,22.0,27.0,24.0,22.0,21.0,21.0,22.0,20.0,20.0,21.0,22.0,21.0,21.0,22.0,22.0,20.0,21.0,22.0,22.0,21.0,22.0,23.0,21.0,10.0,hold,0,0,12.4495
1788791665.9023,2026-09-07 16:34:25.902,10,c3,1,0,-0.04004,-0.49561,0.03981,-6.6452,12.3442,-18.0425,-0.089,-0.0835,-0.594,3.59911,23.0,26.0,26.0,22.0,34.0,35.0,28.0,23.0,38.0,32.0,28.0,22.0,31.0,36.0,25.0,22.0,27.0,24.0,24.0,21.0,21.0,22.0,20.0,20.0,21.0,22.0,21.0,21.0,22.0,22.0,20.0,21.0,22.0,22.0,21.0,22.0,23.0,21.0,10.0,hold,0,0,12.463
1788791665.9525,2026-09-07 16:34:25.952,10,c3,1,0,-0.04005,-0.49562,0.03981,-6.7841,12.9556,-18.1423,-0.1001,-0.0899,-0.5897,3.59533,23.0,26.0,26.0,22.0,34.0,35.0,28.0,23.0,38.0,32.0,28.0,22.0,31.0,36.0,25.0,22.0,27.0,24.0,24.0,21.0,21.0,22.0,20.0,20.0,21.0,22.0,21.0,21.0,22.0,22.0,20.0,21.0,22.0,22.0,21.0,22.0,23.0,21.0,10.0,hold,0,0,12.4966
1788791666.0026,2026-09-07 16:34:26.002,10,c3,1,0,-0.04003,-0.49562,0.03981,-6.6146,12.8163,-18.1744,-0.0999,-0.0848,-0.5821,3.60767,23.0,26.0,26.0,23.0,34.0,35.0,27.0,23.0,39.0,32.0,30.0,22.0,30.0,37.0,25.0,21.0,28.0,26.0,22.0,21.0,21.0,22.0,20.0,20.0,21.0,22.0,21.0,21.0,22.0,22.0,20.0,21.0,22.0,22.0,21.0,22.0,23.0,21.0,10.0,hold,0,0,12.3868
1788791666.0527,2026-09-07 16:34:26.052,10,c3,1,0,-0.04004,-0.49561,0.03983,-6.7702,13.2164,-18.1175,-0.1103,-0.0893,-0.5912,3.60439,23.0,27.0,26.0,22.0,36.0,37.0,30.0,22.0,37.0,32.0,29.0,20.0,29.0,37.0,25.0,23.0,29.0,25.0,23.0,21.0,21.0,22.0,20.0,20.0,21.0,22.0,21.0,21.0,22.0,22.0,20.0,21.0,22.0,22.0,21.0,22.0,23.0,21.0,10.0,hold,0,0,12.4159
1788791666.1028,2026-09-07 16:34:26.102,10,c3,1,0,-0.04003,-0.49561,0.03982,-7.1903,12.7073,-18.0819,-0.0958,-0.0984,-0.592,3.60465,23.0,27.0,26.0,22.0,36.0,37.0,30.0,22.0,37.0,32.0,29.0,20.0,29.0,37.0,25.0,23.0,29.0,25.0,23.0,21.0,21.0,22.0,20.0,20.0,21.0,22.0,21.0,21.0,22.0,22.0,20.0,21.0,22.0,22.0,21.0,22.0,23.0,21.0,10.0,hold,0,0,12.4137
1788791666.1529,2026-09-07 16:34:26.152,10,c3,1,0,-0.04003,-0.49561,0.03981,-6.5334,12.9096,-18.1985,-0.1025,-0.0844,-0.5878,3.60943,23.0,26.0,27.0,21.0,33.0,37.0,27.0,22.0,39.0,31.0,31.0,21.0,30.0,35.0,26.0,22.0,28.0,25.0,23.0,21.0,21.0,22.0,20.0,20.0,21.0,22.0,21.0,21.0,22.0,22.0,20.0,21.0,22.0,22.0,21.0,22.0,23.0,21.0,10.0,hold,0,0,12.3711
1788791666.203,2026-09-07 16:34:26.203,10,c3,1,0,-0.04005,-0.49561,0.0398,-6.7974,13.008,-18.0024,-0.1027,-0.0875,-0.5948,3.61673,23.0,26.0,27.0,21.0,33.0,37.0,27.0,22.0,39.0,31.0,31.0,21.0,30.0,35.0,26.0,22.0,28.0,25.0,23.0,21.0,21.0,22.0,20.0,20.0,21.0,22.0,21.0,21.0,22.0,22.0,20.0,21.0,22.0,22.0,21.0,22.0,23.0,21.0,10.0,hold,0,0,12.3062
1788791666.2532,2026-09-07 16:34:26.253,10,c3,1,0,-0.04005,-0.49562,0.03982,-6.8448,12.7878,-18.2464,-0.0945,-0.0872,-0.5972,3.60641,23.0,27.0,26.0,23.0,35.0,36.0,29.0,23.0,38.0,31.0,31.0,22.0,31.0,35.0,27.0,21.0,27.0,26.0,21.0,21.0,21.0,22.0,20.0,20.0,21.0,22.0,21.0,21.0,22.0,22.0,20.0,21.0,22.0,22.0,21.0,22.0,23.0,21.0,10.0,hold,0,0,12.398
1788791666.3033,2026-09-07 16:34:26.303,10,c3,1,0,-0.04004,-0.49562,0.03983,-6.689,12.7306,-18.2195,-0.0951,-0.0843,-0.5881,3.61119,23.0,27.0,26.0,23.0,35.0,36.0,29.0,23.0,38.0,31.0,31.0,22.0,31.0,35.0,27.0,21.0,27.0,26.0,21.0,21.0,21.0,22.0,20.0,20.0,21.0,22.0,21.0,21.0,22.0,22.0,20.0,21.0,22.0,22.0,21.0,22.0,23.0,21.0,10.0,hold,0,0,12.3554
1788791666.3534,2026-09-07 16:34:26.353,10,c3,1,0,-0.04004,-0.49562,0.03981,-6.7519,12.6079,-18.2552,-0.094,-0.0866,-0.5879,3.61522,24.0,26.0,26.0,22.0,34.0,35.0,30.0,22.0,40.0,31.0,31.0,22.0,29.0,36.0,25.0,20.0,28.0,25.0,23.0,21.0,21.0,22.0,20.0,20.0,21.0,22.0,21.0,21.0,22.0,22.0,20.0,21.0,22.0,22.0,21.0,22.0,23.0,21.0,10.0,hold,0,0,12.3196
1788791666.4035,2026-09-07 16:34:26.403,10,c3,1,0,-0.04005,-0.49562,0.03981,-7.036,13.0509,-18.1487,-0.1073,-0.0907,-0.5934,3.619,25.0,27.0,26.0,22.0,36.0,36.0,30.0,24.0,41.0,31.0,29.0,22.0,32.0,35.0,26.0,23.0,28.0,26.0,23.0,21.0,21.0,22.0,20.0,20.0,21.0,22.0,21.0,21.0,22.0,22.0,20.0,21.0,22.0,22.0,21.0,22.0,23.0,21.0,10.0,hold,0,0,12.286
1788791666.4536,2026-09-07 16:34:26.453,10,c3,1,0,-0.04005,-0.4956,0.03981,-6.5858,12.5191,-18.0676,-0.0893,-0.0838,-0.5895,3.61295,25.0,27.0,26.0,22.0,36.0,36.0,30.0,24.0,41.0,31.0,29.0,22.0,32.0,35.0,26.0,23.0,28.0,26.0,23.0,21.0,21.0,22.0,20.0,20.0,21.0,22.0,21.0,21.0,22.0,22.0,20.0,21.0,22.0,22.0,21.0,22.0,23.0,21.0,10.0,hold,0,0,12.3398
1788791666.5038,2026-09-07 16:34:26.503,10,c3,1,0,-0.04003,-0.49562,0.03982,-6.8611,12.7742,-18.1356,-0.0981,-0.0885,-0.5927,3.62479,23.0,28.0,26.0,23.0,35.0,36.0,28.0,22.0,39.0,31.0,28.0,21.0,29.0,34.0,24.0,20.0,27.0,23.0,22.0,21.0,21.0,22.0,20.0,20.0,21.0,22.0,21.0,21.0,22.0,22.0,20.0,21.0,22.0,22.0,21.0,22.0,23.0,21.0,10.0,hold,0,0,12.2345
1788791666.5539,2026-09-07 16:34:26.553,10,c3,1,0,-0.04003,-0.49562,0.03981,-7.002,12.8614,-18.0956,-0.0967,-0.0897,-0.5886,3.62403,23.0,28.0,26.0,23.0,35.0,36.0,28.0,22.0,39.0,31.0,28.0,21.0,29.0,34.0,24.0,20.0,27.0,23.0,22.0,21.0,21.0,22.0,20.0,20.0,21.0,22.0,21.0,21.0,22.0,22.0,20.0,21.0,22.0,22.0,21.0,22.0,23.0,21.0,10.0,hold,0,0,12.2412
1788791666.6041,2026-09-07 16:34:26.604,10,c3,1,0,-0.04003,-0.49563,0.03982,-6.6894,12.6831,-18.2162,-0.0939,-0.085,-0.5833,3.61673,24.0,27.0,26.0,22.0,34.0,36.0,28.0,23.0,38.0,32.0,28.0,22.0,29.0,36.0,26.0,23.0,28.0,26.0,23.0,21.0,21.0,22.0,20.0,20.0,21.0,22.0,21.0,21.0,22.0,22.0,20.0,21.0,22.0,22.0,21.0,22.0,23.0,21.0,10.0,hold,0,0,12.3062
1788791666.6542,2026-09-07 16:34:26.654,10,c3,1,0,-0.04004,-0.49561,0.03981,-6.8089,13.2779,-18.0212,-0.1084,-0.0875,-0.5846,3.62907,25.0,27.0,26.0,24.0,34.0,36.0,29.0,21.0,38.0,31.0,29.0,20.0,30.0,35.0,24.0,19.0,28.0,25.0,21.0,21.0,21.0,22.0,20.0,20.0,21.0,22.0,21.0,21.0,22.0,22.0,20.0,21.0,22.0,22.0,21.0,22.0,23.0,21.0,10.0,hold,0,0,12.1964
1788791666.7043,2026-09-07 16:34:26.704,10,c3,1,0,-0.04003,-0.49561,0.03982,-6.6914,12.938,-18.0676,-0.1005,-0.0831,-0.59,3.62076,25.0,27.0,26.0,24.0,34.0,36.0,29.0,21.0,38.0,31.0,29.0,20.0,30.0,35.0,24.0,19.0,28.0,25.0,21.0,21.0,21.0,22.0,20.0,20.0,21.0,22.0,21.0,21.0,22.0,22.0,20.0,21.0,22.0,22.0,21.0,22.0,23.0,21.0,10.0,hold,0,0,12.2703
1788791666.7545,2026-09-07 16:34:26.754,10,c3,1,0,-0.04003,-0.49563,0.03982,-6.8351,12.5569,-18.3809,-0.0904,-0.0892,-0.5836,3.62051,23.0,27.0,27.0,22.0,34.0,36.0,30.0,22.0,39.0,30.0,28.0,21.0,30.0,35.0,24.0,21.0,27.0,25.0,21.0,21.0,21.0,22.0,20.0,20.0,21.0,22.0,21.0,21.0,22.0,22.0,20.0,21.0,22.0,22.0,21.0,22.0,23.0,21.0,10.0,hold,0,0,12.2726
1788791666.8046,2026-09-07 16:34:26.804,10,c3,1,0,-0.04004,-0.49561,0.03981,-6.5411,12.6759,-18.2936,-0.0949,-0.0808,-0.5839,3.63209,23.0,27.0,27.0,22.0,34.0,36.0,30.0,22.0,39.0,30.0,28.0,21.0,30.0,35.0,24.0,21.0,27.0,25.0,21.0,21.0,21.0,22.0,20.0,20.0,21.0,22.0,21.0,21.0,22.0,22.0,20.0,21.0,22.0,22.0,21.0,22.0,23.0,21.0,10.0,hold,0,0,12.1695
1788791666.8547,2026-09-07 16:34:26.854,10,c3,1,0,-0.04004,-0.49562,0.03983,-6.6192,12.7819,-18.2364,-0.1002,-0.0852,-0.5859,3.62605,22.0,28.0,25.0,21.0,36.0,35.0,28.0,21.0,37.0,31.0,30.0,21.0,29.0,35.0,24.0,22.0,27.0,24.0,23.0,21.0,21.0,22.0,20.0,20.0,21.0,22.0,21.0,21.0,22.0,22.0,20.0,21.0,22.0,22.0,21.0,22.0,23.0,21.0,10.0,hold,0,0,12.2233
1788791666.9048,2026-09-07 16:34:26.904,10,c3,1,0,-0.04005,-0.49562,0.03983,-7.1292,13.0062,-18.2423,-0.1016,-0.0965,-0.587,3.62957,23.0,26.0,26.0,22.0,33.0,36.0,30.0,23.0,40.0,29.0,30.0,21.0,32.0,34.0,26.0,22.0,25.0,27.0,22.0,21.0,21.0,22.0,20.0,20.0,21.0,22.0,21.0,21.0,22.0,22.0,20.0,21.0,22.0,22.0,21.0,22.0,23.0,21.0,10.0,hold,0,0,12.1919
1788791666.9549,2026-09-07 16:34:26.954,10,c3,1,0,-0.04004,-0.4956,0.0398,-6.7803,12.927,-18.144,-0.1002,-0.0858,-0.5864,3.63058,23.0,26.0,26.0,22.0,33.0,36.0,30.0,23.0,40.0,29.0,30.0,21.0,32.0,34.0,26.0,22.0,25.0,27.0,22.0,21.0,21.0,22.0,20.0,20.0,21.0,22.0,21.0,21.0,22.0,22.0,20.0,21.0,22.0,22.0,21.0,22.0,23.0,21.0,10.0,hold,0,0,12.183
1788791667.005,2026-09-07 16:34:27.005,10,c3,1,0,-0.04004,-0.49561,0.03981,-6.8841,13.0173,-18.2469,-0.1015,-0.0906,-0.5856,3.62756,24.0,27.0,26.0,22.0,36.0,34.0,29.0,22.0,38.0,31.0,29.0,21.0,30.0,35.0,26.0,21.0,27.0,26.0,22.0,21.0,21.0,22.0,20.0,20.0,21.0,22.0,21.0,21.0,22.0,22.0,20.0,21.0,22.0,22.0,21.0,22.0,23.0,21.0,10.0,hold,0,0,12.2099
1788791667.0551,2026-09-07 16:34:27.055,10,c3,1,0,-0.04003,-0.49561,0.03982,-7.0046,12.9991,-18.2131,-0.1,-0.0924,-0.587,3.63788,24.0,27.0,26.0,22.0,36.0,34.0,29.0,22.0,38.0,31.0,29.0,21.0,30.0,35.0,26.0,21.0,27.0,26.0,22.0,21.0,21.0,22.0,20.0,20.0,21.0,22.0,21.0,21.0,22.0,22.0,20.0,21.0,22.0,22.0,21.0,22.0,23.0,21.0,10.0,hold,0,0,12.118
1788791667.1052,2026-09-07 16:34:27.105,10,c3,1,0,-0.04003,-0.49562,0.03982,-6.77,12.9752,-18.2888,-0.1042,-0.0894,-0.5859,3.62982,22.0,28.0,25.0,22.0,34.0,36.0,28.0,21.0,39.0,31.0,29.0,20.0,29.0,35.0,26.0,23.0,27.0,25.0,24.0,21.0,21.0,22.0,20.0,20.0,21.0,22.0,21.0,21.0,22.0,22.0,20.0,21.0,22.0,22.0,21.0,22.0,23.0,21.0,10.0,hold,0,0,12.1897
1788791667.1553,2026-09-07 16:34:27.155,10,c3,1,0,-0.04002,-0.49562,0.03982,-6.7768,12.6077,-18.2378,-0.0922,-0.0824,-0.5886,3.63385,25.0,27.0,26.0,23.0,34.0,36.0,28.0,23.0,37.0,31.0,28.0,22.0,29.0,36.0,24.0,23.0,28.0,25.0,22.0,21.0,21.0,22.0,20.0,20.0,21.0,22.0,21.0,21.0,22.0,22.0,20.0,21.0,22.0,22.0,21.0,22.0,23.0,21.0,10.0,hold,0,0,12.1539
1788791667.2055,2026-09-07 16:34:27.205,10,c3,1,0,-0.04005,-0.49562,0.03982,-6.7439,12.6273,-18.1116,-0.0936,-0.0873,-0.5868,3.63813,25.0,27.0,26.0,23.0,34.0,36.0,28.0,23.0,37.0,31.0,28.0,22.0,29.0,36.0,24.0,23.0,28.0,25.0,22.0,21.0,21.0,22.0,20.0,20.0,21.0,22.0,21.0,21.0,22.0,22.0,20.0,21.0,22.0,22.0,21.0,22.0,23.0,21.0,10.0,hold,0,0,12.1158
1788791667.2555,2026-09-07 16:34:27.255,10,c3,1,0,-0.04005,-0.49562,0.03981,-6.9838,13.2095,-18.0862,-0.1091,-0.0958,-0.5915,3.62982,26.0,26.0,27.0,24.0,33.0,37.0,28.0,22.0,39.0,30.0,29.0,21.0,31.0,34.0,25.0,21.0,27.0,26.0,23.0,21.0,21.0,22.0,20.0,20.0,21.0,22.0,21.0,21.0,22.0,22.0,20.0,21.0,22.0,22.0,21.0,22.0,23.0,21.0,10.0,hold,0,0,12.1897
1788791667.3056,2026-09-07 16:34:27.305,10,c3,1,0,-0.04004,-0.49562,0.03981,-6.8174,13.1004,-18.1119,-0.1013,-0.0878,-0.588,3.63662,26.0,26.0,27.0,24.0,33.0,37.0,28.0,22.0,39.0,30.0,29.0,21.0,31.0,34.0,25.0,21.0,27.0,26.0,23.0,21.0,21.0,22.0,20.0,20.0,21.0,22.0,21.0,21.0,22.0,22.0,20.0,21.0,22.0,22.0,21.0,22.0,23.0,21.0,10.0,hold,0,0,12.1292
1788791667.3557,2026-09-07 16:34:27.355,10,c3,1,0,-0.04002,-0.49562,0.03982,-6.902,12.8762,-18.3593,-0.1025,-0.0933,-0.5824,3.63486,24.0,27.0,26.0,23.0,35.0,34.0,29.0,24.0,39.0,31.0,28.0,23.0,30.0,33.0,25.0,25.0,26.0,26.0,24.0,21.0,21.0,22.0,20.0,20.0,21.0,22.0,21.0,21.0,22.0,22.0,20.0,21.0,22.0,22.0,21.0,22.0,23.0,21.0,10.0,hold,0,0,12.1449
1788791667.4059,2026-09-07 16:34:27.405,10,c3,1,0,-0.04003,-0.49562,0.03982,-6.9186,12.3468,-18.1,-0.0842,-0.0899,-0.5832,3.6341,24.0,27.0,26.0,23.0,35.0,34.0,29.0,24.0,39.0,31.0,28.0,23.0,30.0,33.0,25.0,25.0,26.0,26.0,24.0,21.0,21.0,22.0,20.0,20.0,21.0,22.0,21.0,21.0,22.0,22.0,20.0,21.0,22.0,22.0,21.0,22.0,23.0,21.0,10.0,hold,0,0,12.1516
1788791667.4561,2026-09-07 16:34:27.456,10,c3,1,0,-0.04004,-0.49562,0.03981,-6.8683,13.05,-18.3005,-0.1041,-0.089,-0.5834,3.63989,24.0,27.0,25.0,23.0,35.0,35.0,28.0,22.0,40.0,31.0,30.0,20.0,30.0,34.0,26.0,20.0,27.0,27.0,21.0,21.0,21.0,22.0,20.0,20.0,21.0,22.0,21.0,21.0,22.0,22.0,20.0,21.0,22.0,22.0,21.0,22.0,23.0,21.0,10.0,hold,0,0,12.1001
1788791667.5062,2026-09-07 16:34:27.506,10,c3,1,0,-0.04003,-0.49562,0.03981,-6.8218,12.8116,-18.1983,-0.0973,-0.0898,-0.5766,3.63587,22.0,27.0,26.0,21.0,35.0,35.0,29.0,24.0,39.0,29.0,30.0,23.0,30.0,34.0,24.0,23.0,26.0,25.0,23.0,21.0,21.0,22.0,20.0,20.0,21.0,22.0,21.0,21.0,22.0,22.0,20.0,21.0,22.0,22.0,21.0,22.0,23.0,21.0,10.0,hold,0,0,12.1359
1788791667.5563,2026-09-07 16:34:27.556,10,c3,1,0,-0.04004,-0.49562,0.03982,-6.998,13.0358,-18.0515,-0.103,-0.0947,-0.5823,3.63864,22.0,27.0,26.0,21.0,35.0,35.0,29.0,24.0,39.0,29.0,30.0,23.0,30.0,34.0,24.0,23.0,26.0,25.0,23.0,21.0,21.0,22.0,20.0,20.0,21.0,22.0,21.0,21.0,22.0,22.0,20.0,21.0,22.0,22.0,21.0,22.0,23.0,21.0,10.0,hold,0,0,12.1113
1788791667.6065,2026-09-07 16:34:27.606,10,c3,1,0,-0.04004,-0.49562,0.03983,-6.464,12.8695,-18.2448,-0.1005,-0.0802,-0.5716,3.63964,24.0,27.0,24.0,23.0,35.0,34.0,30.0,24.0,39.0,31.0,29.0,22.0,31.0,35.0,26.0,23.0,27.0,25.0,23.0,21.0,21.0,22.0,20.0,20.0,21.0,22.0,21.0,21.0,22.0,22.0,20.0,21.0,22.0,22.0,21.0,22.0,23.0,21.0,10.0,hold,0,0,12.1023
1788791667.6566,2026-09-07 16:34:27.656,10,c3,1,0,-0.04004,-0.49562,0.03982,-6.8795,12.733,-18.1409,-0.0945,-0.0883,-0.5847,3.63788,24.0,27.0,24.0,23.0,35.0,34.0,30.0,24.0,39.0,31.0,29.0,22.0,31.0,35.0,26.0,23.0,27.0,25.0,23.0,21.0,21.0,22.0,20.0,20.0,21.0,22.0,21.0,21.0,22.0,22.0,20.0,21.0,22.0,22.0,21.0,22.0,23.0,21.0,10.0,hold,0,0,12.118
1788791667.7067,2026-09-07 16:34:27.706,10,c3,1,0,-0.04005,-0.49561,0.03981,-6.7217,13.1088,-18.2089,-0.1063,-0.0831,-0.5814,3.64795,24.0,27.0,26.0,23.0,35.0,36.0,29.0,23.0,39.0,30.0,29.0,22.0,31.0,35.0,24.0,23.0,26.0,24.0,25.0,21.0,21.0,22.0,20.0,20.0,21.0,22.0,21.0,21.0,22.0,22.0,20.0,21.0,22.0,22.0,21.0,22.0,23.0,21.0,10.0,hold,0,0,12.0284
1788791667.7568,2026-09-07 16:34:27.756,10,c3,1,0,-0.04003,-0.49563,0.03982,-6.3031,12.3782,-18.503,-0.0886,-0.0758,-0.5694,3.6409,25.0,27.0,26.0,23.0,35.0,35.0,29.0,23.0,40.0,31.0,29.0,22.0,32.0,36.0,26.0,23.0,26.0,25.0,23.0,21.0,21.0,22.0,20.0,20.0,21.0,22.0,21.0,21.0,22.0,22.0,20.0,21.0,22.0,22.0,21.0,22.0,23.0,21.0,10.0,hold,0,0,12.0911
1788791667.8069,2026-09-07 16:34:27.806,10,c3,1,0,-0.04003,-0.49562,0.03981,-6.5767,12.5883,-18.5044,-0.0934,-0.0803,-0.5767,3.63889,25.0,27.0,26.0,23.0,35.0,35.0,29.0,23.0,40.0,31.0,29.0,22.0,32.0,36.0,26.0,23.0,26.0,25.0,23.0,21.0,21.0,22.0,20.0,20.0,21.0,22.0,21.0,21.0,22.0,22.0,20.0,21.0,22.0,22.0,21.0,22.0,23.0,21.0,10.0,hold,0,0,12.1091
1788791667.857,2026-09-07 16:34:27.857,10,c3,1,0,-0.04003,-0.49561,0.03982,-6.9499,12.8983,-18.0686,-0.1014,-0.0927,-0.5816,3.65148,23.0,28.0,23.0,23.0,36.0,34.0,28.0,21.0,40.0,31.0,29.0,19.0,31.0,35.0,25.0,21.0,27.0,25.0,22.0,21.0,21.0,22.0,20.0,20.0,21.0,22.0,21.0,21.0,22.0,22.0,20.0,21.0,22.0,22.0,21.0,22.0,23.0,21.0,10.0,hold,0,0,11.9971
1788791667.9072,2026-09-07 16:34:27.907,10,c3,1,0,-0.04002,-0.49561,0.03981,-6.6035,12.6413,-18.2983,-0.0963,-0.0805,-0.5789,3.63914,23.0,28.0,23.0,23.0,36.0,34.0,28.0,21.0,40.0,31.0,29.0,19.0,31.0,35.0,25.0,21.0,27.0,25.0,22.0,21.0,21.0,22.0,20.0,20.0,21.0,22.0,21.0,21.0,22.0,22.0,20.0,21.0,22.0,22.0,21.0,22.0,23.0,21.0,10.0,hold,0,0,12.1068
1788791667.9573,2026-09-07 16:34:27.957,10,c3,1,0,-0.04003,-0.49562,0.03982,-6.8114,12.8473,-18.3972,-0.0958,-0.0877,-0.5814,3.64266,24.0,28.0,26.0,21.0,35.0,35.0,28.0,24.0,38.0,30.0,28.0,22.0,31.0,34.0,25.0,23.0,27.0,26.0,23.0,21.0,21.0,22.0,20.0,20.0,21.0,22.0,21.0,21.0,22.0,22.0,20.0,21.0,22.0,22.0,21.0,22.0,23.0,21.0,10.0,hold,0,0,12.0755
1788791668.0075,2026-09-07 16:34:28.007,10,c3,1,0,-0.04003,-0.49562,0.03983,-7.1262,12.9394,-18.2994,-0.0953,-0.0945,-0.5784,3.64694,23.0,27.0,25.0,22.0,34.0,35.0,28.0,22.0,39.0,30.0,29.0,19.0,30.0,36.0,26.0,21.0,27.0,26.0,22.0,21.0,21.0,22.0,20.0,20.0,21.0,22.0,21.0,21.0,22.0,22.0,20.0,21.0,22.0,22.0,21.0,22.0,23.0,21.0,10.0,hold,0,0,12.0374
1788791668.0575,2026-09-07 16:34:28.057,10,c3,1,0,-0.04003,-0.49562,0.03983,-6.9367,12.7978,-18.1043,-0.0964,-0.0926,-0.5791,3.63864,23.0,27.0,25.0,22.0,34.0,35.0,28.0,22.0,39.0,30.0,29.0,19.0,30.0,36.0,26.0,21.0,27.0,26.0,22.0,21.0,21.0,22.0,20.0,20.0,21.0,22.0,21.0,21.0,22.0,22.0,20.0,21.0,22.0,22.0,21.0,22.0,23.0,21.0,10.0,hold,0,0,12.1113
1788791668.1076,2026-09-07 16:34:28.107,10,c3,1,0,-0.04004,-0.49561,0.0398,-6.5518,12.403,-18.3587,-0.0893,-0.0802,-0.583,3.64493,23.0,27.0,25.0,21.0,35.0,35.0,28.0,23.0,37.0,31.0,30.0,22.0,29.0,36.0,25.0,22.0,28.0,26.0,23.0,21.0,21.0,22.0,20.0,20.0,21.0,22.0,21.0,21.0,22.0,22.0,20.0,21.0,22.0,22.0,21.0,22.0,23.0,21.0,10.0,hold,0,0,12.0553
1788791668.1577,2026-09-07 16:34:28.157,10,c3,1,0,-0.04004,-0.49562,0.03982,-7.1516,12.6565,-18.2329,-0.0934,-0.0992,-0.5792,3.64871,23.0,27.0,25.0,21.0,35.0,35.0,28.0,23.0,37.0,31.0,30.0,22.0,29.0,36.0,25.0,22.0,28.0,26.0,23.0,21.0,21.0,22.0,20.0,20.0,21.0,22.0,21.0,21.0,22.0,22.0,20.0,21.0,22.0,22.0,21.0,22.0,23.0,21.0,10.0,hold,0,0,12.0217
1788791668.2078,2026-09-07 16:34:28.207,10,c3,1,0,-0.04004,-0.49562,0.03983,-6.791,12.7929,-18.3385,-0.095,-0.086,-0.5769,3.64518,25.0,25.0,26.0,22.0,34.0,35.0,30.0,22.0,38.0,31.0,29.0,22.0,29.0,36.0,27.0,21.0,28.0,27.0,22.0,21.0,21.0,22.0,20.0,20.0,21.0,22.0,21.0,21.0,22.0,22.0,20.0,21.0,22.0,22.0,21.0,22.0,23.0,21.0,10.0,hold,0,0,12.0531
1788791668.258,2026-09-07 16:34:28.257,10,c3,1,0,-0.04005,-0.49561,0.03981,-6.7746,13.1402,-18.2613,-0.1074,-0.0841,-0.5738,3.64795,23.0,25.0,26.0,23.0,34.0,36.0,29.0,22.0,39.0,32.0,29.0,21.0,30.0,36.0,25.0,21.0,27.0,25.0,23.0,21.0,21.0,22.0,20.0,20.0,21.0,22.0,21.0,21.0,22.0,22.0,20.0,21.0,22.0,22.0,21.0,22.0,23.0,21.0,10.0,hold,0,0,12.0284
1788791668.3081,2026-09-07 16:34:28.308,10,c3,1,0,-0.04005,-0.49562,0.03982,-6.6483,12.8414,-18.1714,-0.0978,-0.0828,-0.5693,3.65248,23.0,25.0,26.0,23.0,34.0,36.0,29.0,22.0,39.0,32.0,29.0,21.0,30.0,36.0,25.0,21.0,27.0,25.0,23.0,21.0,21.0,22.0,20.0,20.0,21.0,22.0,21.0,21.0,22.0,22.0,20.0,21.0,22.0,22.0,21.0,22.0,23.0,21.0,10.0,hold,0,0,11.9881
1788791668.3582,2026-09-07 16:34:28.358,10,c3,1,0,-0.04003,-0.49561,0.03982,-6.8404,12.8659,-18.203,-0.099,-0.0883,-0.581,3.65525,23.0,26.0,26.0,22.0,33.0,38.0,28.0,23.0,38.0,32.0,29.0,23.0,30.0,35.0,26.0,23.0,28.0,26.0,23.0,21.0,21.0,22.0,20.0,20.0,21.0,22.0,21.0,21.0,22.0,22.0,20.0,21.0,22.0,22.0,21.0,22.0,23.0,21.0,10.0,hold,0,0,11.9635
1788791668.4084,2026-09-07 16:34:28.408,10,c3,1,0,-0.04005,-0.49561,0.03981,-6.5385,12.398,-18.25,-0.0877,-0.0834,-0.5762,3.65299,23.0,26.0,26.0,22.0,33.0,38.0,28.0,23.0,38.0,32.0,29.0,23.0,30.0,35.0,26.0,23.0,28.0,26.0,23.0,21.0,21.0,22.0,20.0,20.0,21.0,22.0,21.0,21.0,22.0,22.0,20.0,21.0,22.0,22.0,21.0,22.0,23.0,21.0,10.0,hold,0,0,11.9836
1788791668.4585,2026-09-07 16:34:28.458,10,c3,1,0,-0.04005,-0.49563,0.03982,-7.2678,13.2789,-18.1334,-0.1082,-0.0985,-0.5845,3.64946,25.0,27.0,26.0,23.0,34.0,36.0,29.0,23.0,39.0,32.0,29.0,22.0,30.0,35.0,27.0,22.0,27.0,25.0,21.0,21.0,21.0,22.0,20.0,20.0,21.0,22.0,21.0,21.0,22.0,22.0,20.0,21.0,22.0,22.0,21.0,22.0,23.0,21.0,10.0,hold,0,0,12.015
1788791668.5085,2026-09-07 16:34:28.508,10,c3,1,0,-0.04004,-0.49562,0.03982,-6.9324,13.0741,-18.0291,-0.1028,-0.0886,-0.5829,3.64543,25.0,27.0,26.0,23.0,34.0,36.0,29.0,23.0,39.0,32.0,29.0,22.0,30.0,35.0,27.0,22.0,27.0,25.0,21.0,21.0,21.0,22.0,20.0,20.0,21.0,22.0,21.0,21.0,22.0,22.0,20.0,21.0,22.0,22.0,21.0,22.0,23.0,21.0,10.0,hold,0,0,12.0508
1788791668.5587,2026-09-07 16:34:28.558,10,c3,1,0,-0.04004,-0.49563,0.03983,-6.6091,12.8766,-18.2891,-0.0999,-0.0818,-0.5809,3.65551,24.0,27.0,26.0,22.0,34.0,35.0,29.0,21.0,38.0,31.0,29.0,20.0,30.0,35.0,26.0,21.0,26.0,26.0,22.0,21.0,21.0,22.0,20.0,20.0,21.0,22.0,21.0,21.0,22.0,22.0,20.0,21.0,22.0,22.0,21.0,22.0,23.0,21.0,10.0,hold,0,0,11.9612
1788791668.6088,2026-09-07 16:34:28.608,10,c3,1,0,-0.04003,-0.4956,0.03981,-6.387,12.9532,-18.1881,-0.1017,-0.074,-0.5748,3.65248,23.0,27.0,26.0,21.0,34.0,35.0,28.0,23.0,40.0,31.0,29.0,22.0,32.0,35.0,27.0,23.0,28.0,25.0,22.0,21.0,21.0,22.0,20.0,20.0,21.0,22.0,21.0,21.0,22.0,22.0,20.0,21.0,22.0,22.0,21.0,22.0,23.0,21.0,10.0,hold,0,0,11.9881
1788791668.6589,2026-09-07 16:34:28.658,10,c3,1,0,-0.04005,-0.49563,0.03983,-6.4535,12.4149,-18.2761,-0.0874,-0.078,-0.5748,3.64846,23.0,27.0,26.0,21.0,34.0,35.0,28.0,23.0,40.0,31.0,29.0,22.0,32.0,35.0,27.0,23.0,28.0,25.0,22.0,21.0,21.0,22.0,20.0,20.0,21.0,22.0,21.0,21.0,22.0,22.0,20.0,21.0,22.0,22.0,21.0,22.0,23.0,21.0,10.0,hold,0,0,12.0239
1788791668.709,2026-09-07 16:34:28.709,10,c3,1,0,-0.04005,-0.49562,0.03982,-6.5558,12.7796,-18.35,-0.1005,-0.079,-0.5747,3.65601,24.0,29.0,26.0,23.0,35.0,36.0,28.0,22.0,39.0,33.0,28.0,20.0,31.0,37.0,26.0,22.0,28.0,24.0,22.0,21.0,21.0,22.0,20.0,20.0,21.0,22.0,21.0,21.0,22.0,22.0,20.0,21.0,22.0,22.0,21.0,22.0,23.0,21.0,10.0,hold,0,0,11.9567
1788791668.7591,2026-09-07 16:34:28.759,10,c3,1,0,-0.04004,-0.49562,0.03983,-6.8963,12.8593,-18.3455,-0.0994,-0.089,-0.5839,3.65148,24.0,29.0,26.0,23.0,35.0,36.0,28.0,22.0,39.0,33.0,28.0,20.0,31.0,37.0,26.0,22.0,28.0,24.0,22.0,21.0,21.0,22.0,20.0,20.0,21.0,22.0,21.0,21.0,22.0,22.0,20.0,21.0,22.0,22.0,21.0,22.0,23.0,21.0,10.0,hold,0,0,11.9971
1788791668.8092,2026-09-07 16:34:28.809,10,c3,1,0,-0.04002,-0.49562,0.03982,-6.8853,12.7073,-18.1165,-0.0964,-0.0903,-0.5752,3.64871,23.0,27.0,27.0,22.0,35.0,37.0,28.0,20.0,39.0,30.0,28.0,20.0,30.0,35.0,24.0,21.0,28.0,25.0,22.0,21.0,21.0,22.0,20.0,20.0,21.0,22.0,21.0,21.0,22.0,22.0,20.0,21.0,22.0,22.0,21.0,22.0,23.0,21.0,10.0,hold,0,0,12.0217
1788791668.8593,2026-09-07 16:34:28.859,10,c3,1,0,-0.04004,-0.49562,0.03982,-6.694,12.9951,-18.0183,-0.1036,-0.0852,-0.5744,3.65576,23.0,27.0,25.0,22.0,34.0,35.0,28.0,23.0,39.0,31.0,28.0,22.0,32.0,35.0,25.0,22.0,27.0,24.0,22.0,21.0,21.0,22.0,20.0,20.0,21.0,22.0,21.0,21.0,22.0,22.0,20.0,21.0,22.0,22.0,21.0,22.0,23.0,21.0,10.0,hold,0,0,11.959
1788791668.9095,2026-09-07 16:34:28.909,10,c3,1,0,-0.04003,-0.49561,0.03982,-6.7398,12.9491,-18.1668,-0.102,-0.0856,-0.5721,3.65475,23.0,27.0,25.0,22.0,34.0,35.0,28.0,23.0,39.0,31.0,28.0,22.0,32.0,35.0,25.0,22.0,27.0,24.0,22.0,21.0,21.0,22.0,20.0,20.0,21.0,22.0,21.0,21.0,22.0,22.0,20.0,21.0,22.0,22.0,21.0,22.0,23.0,21.0,10.0,hold,0,0,11.9679
1788791668.9596,2026-09-07 16:34:28.959,10,c3,1,0,-0.04003,-0.49562,0.03982,-6.7564,13.0703,-17.9802,-0.104,-0.0855,-0.5768,3.65248,25.0,27.0,26.0,23.0,35.0,37.0,28.0,21.0,39.0,30.0,28.0,20.0,30.0,35.0,24.0,19.0,27.0,24.0,20.0,21.0,21.0,22.0,20.0,20.0,21.0,22.0,21.0,21.0,22.0,22.0,20.0,21.0,22.0,22.0,21.0,22.0,23.0,21.0,10.0,hold,0,0,11.9881
1788791669.0098,2026-09-07 16:34:29.009,10,c3,1,0,-0.04004,-0.49562,0.03982,-6.4294,12.7609,-18.0845,-0.0976,-0.077,-0.5723,3.65676,25.0,27.0,26.0,23.0,35.0,37.0,28.0,21.0,39.0,30.0,28.0,20.0,30.0,35.0,24.0,19.0,27.0,24.0,20.0,21.0,21.0,22.0,20.0,20.0,21.0,22.0,21.0,21.0,22.0,22.0,20.0,21.0,22.0,22.0,21.0,22.0,23.0,21.0,10.0,hold,0,0,11.95
1788791669.0599,2026-09-07 16:34:29.059,10,c3,1,0,-0.04003,-0.49562,0.03982,-6.5745,13.0195,-18.2914,-0.102,-0.0827,-0.5738,3.65248,22.0,26.0,26.0,21.0,34.0,36.0,27.0,21.0,39.0,30.0,29.0,19.0,30.0,34.0,26.0,20.0,26.0,25.0,21.0,21.0,21.0,22.0,20.0,20.0,21.0,22.0,21.0,21.0,22.0,22.0,20.0,21.0,22.0,22.0,21.0,22.0,23.0,21.0,10.0,hold,0,0,11.9881
1788791669.11,2026-09-07 16:34:29.109,10,c3,1,0,-0.04003,-0.49562,0.03981,-6.8208,12.5435,-18.1649,-0.0942,-0.0848,-0.5758,3.65601,22.0,27.0,25.0,20.0,35.0,35.0,30.0,23.0,41.0,30.0,29.0,22.0,33.0,34.0,26.0,21.0,26.0,25.0,23.0,21.0,21.0,22.0,20.0,20.0,21.0,22.0,21.0,21.0,22.0,22.0,20.0,21.0,22.0,22.0,21.0,22.0,23.0,21.0,10.0,hold,0,0,11.9567
1788791669.1601,2026-09-07 16:34:29.160,10,c3,1,0,-0.04004,-0.49562,0.03983,-6.1636,12.7495,-18.4712,-0.0964,-0.0696,-0.5757,3.65802,22.0,27.0,25.0,20.0,35.0,35.0,30.0,23.0,41.0,30.0,29.0,22.0,33.0,34.0,26.0,21.0,26.0,25.0,23.0,21.0,21.0,22.0,20.0,20.0,21.0,22.0,21.0,21.0,22.0,22.0,20.0,21.0,22.0,22.0,21.0,22.0,23.0,21.0,10.0,hold,0,0,11.9388
1788791669.2102,2026-09-07 16:34:29.210,10,c3,1,0,-0.04004,-0.49561,0.03981,-6.4453,12.6571,-18.3931,-0.0938,-0.0794,-0.5674,3.65878,24.0,27.0,26.0,23.0,35.0,35.0,28.0,22.0,40.0,31.0,29.0,20.0,30.0,34.0,26.0,22.0,27.0,25.0,21.0,21.0,21.0,22.0,20.0,20.0,21.0,22.0,21.0,21.0,22.0,22.0,20.0,21.0,22.0,22.0,21.0,22.0,23.0,21.0,10.0,hold,0,0,11.9321
1788791669.2604,2026-09-07 16:34:29.260,10,c3,1,0,-0.04004,-0.49562,0.03982,-6.5949,12.7468,-18.2704,-0.0957,-0.0833,-0.5731,3.65425,24.0,27.0,26.0,23.0,35.0,35.0,28.0,22.0,40.0,31.0,29.0,20.0,30.0,34.0,26.0,22.0,27.0,25.0,21.0,21.0,21.0,22.0,20.0,20.0,21.0,22.0,21.0,21.0,22.0,22.0,20.0,21.0,22.0,22.0,21.0,22.0,23.0,21.0,10.0,hold,0,0,11.9724
1788791669.3106,2026-09-07 16:34:29.310,10,c3,1,0,-0.04004,-0.49562,0.03982,-6.8756,12.5198,-18.3763,-0.0844,-0.0867,-0.575,3.66155,22.0,28.0,25.0,21.0,35.0,37.0,27.0,22.0,40.0,30.0,29.0,21.0,30.0,35.0,25.0,22.0,26.0,25.0,22.0,21.0,21.0,22.0,20.0,20.0,21.0,22.0,21.0,21.0,22.0,22.0,20.0,21.0,22.0,22.0,21.0,22.0,23.0,21.0,10.0,hold,0,0,11.9075
1788791669.3607,2026-09-07 16:34:29.360,10,c3,1,0,-0.04003,-0.49561,0.03982,-6.8738,12.8061,-18.2974,-0.0953,-0.0917,-0.5766,3.64997,22.0,29.0,26.0,22.0,36.0,36.0,28.0,23.0,38.0,30.0,30.0,23.0,29.0,35.0,26.0,22.0,27.0,25.0,22.0,21.0,21.0,22.0,20.0,20.0,21.0,22.0,21.0,21.0,22.0,22.0,20.0,21.0,22.0,22.0,21.0,22.0,23.0,21.0,10.0,hold,0,0,12.0105
1788791669.4107,2026-09-07 16:34:29.410,10,c3,1,0,-0.04005,-0.49562,0.03981,-6.6176,12.7264,-18.3748,-0.0936,-0.0807,-0.5663,3.66532,22.0,29.0,26.0,22.0,36.0,36.0,28.0,23.0,38.0,30.0,30.0,23.0,29.0,35.0,26.0,22.0,27.0,25.0,22.0,21.0,21.0,22.0,20.0,20.0,21.0,22.0,21.0,21.0,22.0,22.0,20.0,21.0,22.0,22.0,21.0,22.0,23.0,21.0,10.0,hold,0,0,11.8739
1788791669.4609,2026-09-07 16:34:29.460,10,c3,1,0,-0.04004,-0.49561,0.03982,-6.8129,12.7069,-18.3713,-0.0953,-0.0863,-0.5747,3.6545,24.0,27.0,26.0,24.0,35.0,34.0,29.0,22.0,40.0,30.0,30.0,22.0,31.0,35.0,24.0,22.0,28.0,25.0,23.0,21.0,21.0,22.0,20.0,20.0,21.0,22.0,21.0,21.0,22.0,22.0,20.0,21.0,22.0,22.0,21.0,22.0,23.0,21.0,10.0,hold,0,0,11.9702
1788791669.511,2026-09-07 16:34:29.510,10,c3,1,0,-0.04003,-0.49561,0.03982,-6.6384,12.5988,-18.1799,-0.0933,-0.0816,-0.572,3.65727,24.0,27.0,26.0,24.0,35.0,34.0,29.0,22.0,40.0,30.0,30.0,22.0,31.0,35.0,24.0,22.0,28.0,25.0,23.0,21.0,21.0,22.0,20.0,20.0,21.0,22.0,21.0,21.0,22.0,22.0,20.0,21.0,22.0,22.0,21.0,22.0,23.0,21.0,10.0,hold,0,0,11.9455
1788791669.561,2026-09-07 16:34:29.561,10,c3,1,0,-0.04007,-0.49562,0.03983,-7.0443,12.7553,-18.1985,-0.0937,-0.0916,-0.5825,3.65626,26.0,29.0,26.0,23.0,36.0,35.0,29.0,23.0,40.0,31.0,29.0,21.0,31.0,36.0,25.0,22.0,28.0,24.0,23.0,21.0,21.0,22.0,20.0,20.0,21.0,22.0,21.0,21.0,22.0,22.0,20.0,21.0,22.0,22.0,21.0,22.0,23.0,21.0,10.0,hold,0,0,11.9545
1788791669.6111,2026-09-07 16:34:29.611,10,c3,1,0,-0.04003,-0.49562,0.03982,-6.7359,12.8356,-18.2657,-0.099,-0.0875,-0.5744,3.66583,26.0,29.0,26.0,23.0,36.0,35.0,29.0,23.0,40.0,31.0,29.0,21.0,31.0,36.0,25.0,22.0,28.0,24.0,23.0,21.0,21.0,22.0,20.0,20.0,21.0,22.0,21.0,21.0,22.0,22.0,20.0,21.0,22.0,22.0,21.0,22.0,23.0,21.0,10.0,hold,0,0,11.8694
1788791669.6613,2026-09-07 16:34:29.661,10,c3,1,0,-0.04005,-0.49561,0.0398,-6.5583,13.0183,-18.1223,-0.105,-0.0794,-0.5706,3.66054,24.0,27.0,26.0,23.0,36.0,36.0,29.0,23.0,40.0,30.0,28.0,21.0,30.0,34.0,25.0,22.0,27.0,26.0,22.0,21.0,21.0,22.0,20.0,20.0,21.0,22.0,21.0,21.0,22.0,22.0,20.0,21.0,22.0,22.0,21.0,22.0,23.0,21.0,10.0,hold,0,0,11.9164
1788791669.7114,2026-09-07 16:34:29.711,10,c3,1,0,-0.04006,-0.49561,0.03982,-6.9984,12.9856,-18.2769,-0.1037,-0.091,-0.5718,3.66104,23.0,28.0,26.0,22.0,36.0,36.0,29.0,22.0,39.0,31.0,28.0,22.0,31.0,34.0,24.0,22.0,26.0,24.0,23.0,21.0,21.0,22.0,20.0,20.0,21.0,22.0,21.0,21.0,22.0,22.0,20.0,21.0,22.0,22.0,21.0,22.0,23.0,21.0,10.0,hold,0,0,11.9119
1788791669.7615,2026-09-07 16:34:29.761,10,c3,1,0,-0.04004,-0.49562,0.03982,-6.9103,12.8123,-18.233,-0.0979,-0.0891,-0.5723,3.65727,23.0,28.0,26.0,22.0,36.0,36.0,29.0,22.0,39.0,31.0,28.0,22.0,31.0,34.0,24.0,22.0,26.0,24.0,23.0,21.0,21.0,22.0,20.0,20.0,21.0,22.0,21.0,21.0,22.0,22.0,20.0,21.0,22.0,22.0,21.0,22.0,23.0,21.0,10.0,hold,0,0,11.9455
1788791669.8116,2026-09-07 16:34:29.811,10,c3,1,0,-0.04004,-0.49561,0.03981,-6.6304,12.4779,-18.41,-0.0893,-0.0801,-0.5847,3.66331,23.0,26.0,25.0,23.0,34.0,36.0,28.0,23.0,38.0,30.0,29.0,19.0,30.0,36.0,26.0,21.0,27.0,26.0,23.0,21.0,21.0,22.0,20.0,20.0,21.0,22.0,21.0,21.0,22.0,22.0,20.0,21.0,22.0,22.0,21.0,22.0,23.0,21.0,10.0,hold,0,0,11.8918
1788791669.8617,2026-09-07 16:34:29.861,10,c3,1,0,-0.04004,-0.49561,0.03981,-6.8143,12.805,-18.1702,-0.0969,-0.0877,-0.5732,3.65777,23.0,26.0,25.0,23.0,34.0,36.0,28.0,23.0,38.0,30.0,29.0,19.0,30.0,36.0,26.0,21.0,27.0,26.0,23.0,21.0,21.0,22.0,20.0,20.0,21.0,22.0,21.0,21.0,22.0,22.0,20.0,21.0,22.0,22.0,21.0,22.0,23.0,21.0,10.0,hold,0,0,11.9411
1788791669.9118,2026-09-07 16:34:29.911,10,c3,1,0,-0.04004,-0.49562,0.03981,-6.6866,12.8731,-18.112,-0.0954,-0.0833,-0.5781,3.65702,23.0,27.0,26.0,21.0,35.0,36.0,29.0,23.0,37.0,31.0,29.0,22.0,30.0,35.0,25.0,21.0,27.0,26.0,22.0,21.0,21.0,22.0,20.0,20.0,21.0,22.0,21.0,21.0,22.0,22.0,20.0,21.0,22.0,22.0,21.0,22.0,23.0,21.0,10.0,hold,0,0,11.9478
1788791669.9619,2026-09-07 16:34:29.961,10,c3,1,0,-0.04004,-0.49561,0.03981,-6.5609,12.5899,-18.1582,-0.0892,-0.0835,-0.5696,3.66306,25.0,27.0,26.0,23.0,33.0,37.0,28.0,23.0,40.0,30.0,28.0,22.0,32.0,35.0,25.0,22.0,27.0,25.0,23.0,21.0,21.0,22.0,20.0,20.0,21.0,22.0,21.0,21.0,22.0,22.0,20.0,21.0,22.0,22.0,21.0,22.0,23.0,21.0,10.0,hold,0,0,11.894
1788791670.0121,2026-09-07 16:34:30.012,10,c3,1,0,-0.04005,-0.49562,0.03982,-6.8152,13.0697,-18.3423,-0.1046,-0.0866,-0.5743,3.65878,25.0,27.0,26.0,23.0,33.0,37.0,28.0,23.0,40.0,30.0,28.0,22.0,32.0,35.0,25.0,22.0,27.0,25.0,23.0,21.0,21.0,22.0,20.0,20.0,21.0,22.0,21.0,21.0,22.0,22.0,20.0,21.0,22.0,22.0,21.0,22.0,23.0,21.0,10.0,hold,0,0,11.9321
1788791670.0622,2026-09-07 16:34:30.062,10,c3,1,0,-0.04002,-0.49563,0.03982,-6.6694,12.9406,-18.2628,-0.098,-0.0822,-0.5731,3.66683,22.0,28.0,25.0,22.0,35.0,34.0,28.0,21.0,39.0,31.0,27.0,20.0,30.0,36.0,24.0,20.0,28.0,24.0,22.0,21.0,21.0,22.0,20.0,20.0,21.0,22.0,21.0,21.0,22.0,22.0,20.0,21.0,22.0,22.0,21.0,22.0,23.0,21.0,10.0,hold,0,0,11.8604
1788791670.1123,2026-09-07 16:34:30.112,10,c3,1,0,-0.04003,-0.49561,0.03981,-6.9264,12.901,-18.2673,-0.096,-0.0909,-0.5673,3.65878,22.0,28.0,25.0,22.0,35.0,34.0,28.0,21.0,39.0,31.0,27.0,20.0,30.0,36.0,24.0,20.0,28.0,24.0,22.0,21.0,21.0,22.0,20.0,20.0,21.0,22.0,21.0,21.0,22.0,22.0,20.0,21.0,22.0,22.0,21.0,22.0,23.0,21.0,10.0,hold,0,0,11.9321
1788791670.1624,2026-09-07 16:34:30.162,10,c3,1,0,-0.04002,-0.49562,0.03983,-6.6493,12.6849,-18.4168,-0.0939,-0.0839,-0.579,3.65853,23.0,27.0,27.0,22.0,35.0,37.0,27.0,23.0,39.0,32.0,28.0,23.0,30.0,36.0,23.0,21.0,27.0,23.0,21.0,21.0,21.0,22.0,20.0,20.0,21.0,22.0,21.0,21.0,22.0,22.0,20.0,21.0,22.0,22.0,21.0,22.0,23.0,21.0,10.0,hold,0,0,11.9343
1788791670.2125,2026-09-07 16:34:30.212,10,c3,1,0,-0.04004,-0.49562,0.03981,-6.8118,12.9525,-18.5638,-0.0986,-0.0884,-0.5729,3.65953,24.0,27.0,27.0,23.0,35.0,37.0,28.0,22.0,39.0,31.0,27.0,21.0,32.0,36.0,24.0,20.0,27.0,24.0,21.0,21.0,21.0,22.0,20.0,20.0,21.0,22.0,21.0,21.0,22.0,22.0,20.0,21.0,22.0,22.0,21.0,22.0,23.0,21.0,10.0,hold,0,0,11.9254
1788791670.2626,2026-09-07 16:34:30.262,10,c3,1,0,-0.04004,-0.49561,0.03981,-6.534,12.5184,-18.3804,-0.0895,-0.0792,-0.5703,3.66482,24.0,27.0,27.0,23.0,35.0,37.0,28.0,22.0,39.0,31.0,27.0,21.0,32.0,36.0,24.0,20.0,27.0,24.0,21.0,21.0,21.0,22.0,20.0,20.0,21.0,22.0,21.0,21.0,22.0,22.0,20.0,21.0,22.0,22.0,21.0,22.0,23.0,21.0,10.0,hold,0,0,11.8783
1788791670.3127,2026-09-07 16:34:30.312,10,c3,1,0,-0.04004,-0.49562,0.03981,-6.6484,12.795,-18.5112,-0.0957,-0.0858,-0.5734,3.66407,22.0,30.0,27.0,22.0,36.0,36.0,28.0,24.0,39.0,32.0,28.0,23.0,29.0,36.0,24.0,24.0,27.0,26.0,23.0,21.0,21.0,22.0,20.0,20.0,21.0,22.0,21.0,21.0,22.0,22.0,20.0,21.0,22.0,22.0,21.0,22.0,23.0,21.0,10.0,hold,0,0,11.8851
1788791670.3628,2026-09-07 16:34:30.362,10,c3,1,0,-0.04004,-0.49563,0.03982,-6.4701,12.836,-18.2839,-0.0976,-0.0814,-0.5703,3.6613,22.0,30.0,27.0,22.0,36.0,36.0,28.0,24.0,39.0,32.0,28.0,23.0,29.0,36.0,24.0,24.0,27.0,26.0,23.0,21.0,21.0,22.0,20.0,20.0,21.0,22.0,21.0,21.0,22.0,22.0,20.0,21.0,22.0,22.0,21.0,22.0,23.0,21.0,10.0,hold,0,0,11.9097
1788791670.4129,2026-09-07 16:34:30.412,10,c3,1,0,-0.04003,-0.49562,0.03983,-6.5129,12.7641,-18.3867,-0.0974,-0.0781,-0.5659,3.66532,25.0,28.0,27.0,24.0,34.0,37.0,28.0,23.0,40.0,31.0,27.0,23.0,30.0,35.0,25.0,23.0,27.0,24.0,23.0,21.0,21.0,22.0,20.0,20.0,21.0,22.0,21.0,21.0,22.0,22.0,20.0,21.0,22.0,22.0,21.0,22.0,23.0,21.0,10.0,hold,0,0,11.8739
1788791670.4631,2026-09-07 16:34:30.463,10,c3,1,0,-0.04004,-0.49562,0.03982,-6.7127,12.5495,-18.4576,-0.0919,-0.084,-0.5779,3.66104,23.0,29.0,25.0,23.0,35.0,35.0,27.0,23.0,38.0,29.0,29.0,22.0,30.0,33.0,24.0,22.0,25.0,25.0,23.0,21.0,21.0,22.0,20.0,20.0,21.0,22.0,21.0,21.0,22.0,22.0,20.0,21.0,22.0,22.0,21.0,22.0,23.0,21.0,10.0,hold,0,0,11.9119
1788791670.5132,2026-09-07 16:34:30.513,10,c3,1,0,-0.04002,-0.49561,0.03982,-6.7228,13.028,-18.1859,-0.102,-0.0871,-0.572,3.66054,23.0,29.0,25.0,23.0,35.0,35.0,27.0,23.0,38.0,29.0,29.0,22.0,30.0,33.0,24.0,22.0,25.0,25.0,23.0,21.0,21.0,22.0,20.0,20.0,21.0,22.0,21.0,21.0,22.0,22.0,20.0,21.0,22.0,22.0,21.0,22.0,23.0,21.0,10.0,hold,0,0,11.9164
1788791670.5633,2026-09-07 16:34:30.563,10,c3,1,0,-0.04005,-0.49562,0.03982,-6.9945,13.0739,-18.2078,-0.1016,-0.0922,-0.5718,3.6613,23.0,26.0,24.0,22.0,34.0,35.0,28.0,24.0,38.0,29.0,27.0,22.0,29.0,34.0,24.0,21.0,27.0,23.0,22.0,21.0,21.0,22.0,20.0,20.0,21.0,22.0,21.0,21.0,22.0,22.0,20.0,21.0,22.0,22.0,21.0,22.0,23.0,21.0,10.0,hold,0,0,11.9097
1788791670.6135,2026-09-07 16:34:30.613,10,c3,1,0,-0.04006,-0.49561,0.0398,-6.4576,12.5429,-18.3579,-0.0902,-0.0778,-0.5626,3.6691,23.0,26.0,24.0,22.0,34.0,35.0,28.0,24.0,38.0,29.0,27.0,22.0,29.0,34.0,24.0,21.0,27.0,23.0,22.0,21.0,21.0,22.0,20.0,20.0,21.0,22.0,21.0,21.0,22.0,22.0,20.0,21.0,22.0,22.0,21.0,22.0,23.0,21.0,10.0,hold,0,0,11.8403
1788791670.6635,2026-09-07 16:34:30.663,10,c3,1,0,-0.04003,-0.49561,0.03981,-6.9439,12.8199,-18.2892,-0.0969,-0.0886,-0.5749,3.66256,22.0,27.0,26.0,22.0,35.0,35.0,26.0,21.0,39.0,30.0,28.0,21.0,29.0,35.0,24.0,20.0,27.0,25.0,21.0,21.0,21.0,22.0,20.0,20.0,21.0,22.0,21.0,21.0,22.0,22.0,20.0,21.0,22.0,22.0,21.0,22.0,23.0,21.0,10.0,hold,0,0,11.8985
1788791670.7136,2026-09-07 16:34:30.713,10,c3,1,0,-0.04003,-0.49562,0.03981,-6.7812,13.0754,-18.3982,-0.1023,-0.0865,-0.5736,3.66633,22.0,27.0,26.0,22.0,35.0,35.0,26.0,21.0,39.0,30.0,28.0,21.0,29.0,35.0,24.0,20.0,27.0,25.0,21.0,21.0,21.0,22.0,20.0,20.0,21.0,22.0,21.0,21.0,22.0,22.0,20.0,21.0,22.0,22.0,21.0,22.0,23.0,21.0,10.0,hold,0,0,11.8649
1788791670.7637,2026-09-07 16:34:30.763,10,c3,1,0,-0.04004,-0.49563,0.03983,-6.7566,12.9547,-18.3602,-0.103,-0.0831,-0.5708,3.66935,22.0,27.0,26.0,21.0,34.0,35.0,28.0,25.0,39.0,30.0,28.0,23.0,32.0,37.0,25.0,23.0,28.0,25.0,23.0,21.0,21.0,22.0,20.0,20.0,21.0,22.0,21.0,21.0,22.0,22.0,20.0,21.0,22.0,22.0,21.0,22.0,23.0,21.0,10.0,hold,0,0,11.838
1788791670.8138,2026-09-07 16:34:30.813,10,c3,1,0,-0.04004,-0.49562,0.03982,-6.8489,12.7959,-18.3832,-0.0984,-0.0867,-0.5738,3.66155,24.0,29.0,26.0,22.0,36.0,36.0,29.0,23.0,37.0,31.0,28.0,22.0,29.0,35.0,25.0,23.0,26.0,24.0,23.0,21.0,21.0,22.0,20.0,20.0,21.0,22.0,21.0,21.0,22.0,22.0,20.0,21.0,22.0,22.0,21.0,22.0,23.0,21.0,10.0,hold,0,0,11.9075
1788791670.8639,2026-09-07 16:34:30.863,10,c3,1,0,-0.04005,-0.49561,0.03981,-6.5909,12.7797,-18.3194,-0.0922,-0.0806,-0.5683,3.66104,24.0,29.0,26.0,22.0,36.0,36.0,29.0,23.0,37.0,31.0,28.0,22.0,29.0,35.0,25.0,23.0,26.0,24.0,23.0,21.0,21.0,22.0,20.0,20.0,21.0,22.0,21.0,21.0,22.0,22.0,20.0,21.0,22.0,22.0,21.0,22.0,23.0,21.0,10.0,hold,0,0,11.9119
1788791670.914,2026-09-07 16:34:30.914,10,c3,1,0,-0.04004,-0.49562,0.03982,-6.702,12.572,-18.4341,-0.091,-0.087,-0.5726,3.6696,24.0,26.0,26.0,22.0,34.0,36.0,28.0,22.0,40.0,30.0,29.0,22.0,30.0,35.0,25.0,23.0,27.0,25.0,23.0,21.0,21.0,22.0,20.0,20.0,21.0,22.0,21.0,21.0,22.0,22.0,20.0,21.0,22.0,22.0,21.0,22.0,23.0,21.0,10.0,hold,0,0,11.8358
1788791670.9641,2026-09-07 16:34:30.964,10,c3,1,0,-0.04004,-0.49561,0.0398,-7.1026,12.6377,-18.1233,-0.0928,-0.0929,-0.574,3.66306,24.0,26.0,26.0,22.0,34.0,36.0,28.0,22.0,40.0,30.0,29.0,22.0,30.0,35.0,25.0,23.0,27.0,25.0,23.0,21.0,21.0,22.0,20.0,20.0,21.0,22.0,21.0,21.0,22.0,22.0,20.0,21.0,22.0,22.0,21.0,22.0,23.0,21.0,10.0,hold,0,0,11.894
1788791671.0142,2026-09-07 16:34:31.014,10,c3,1,0,-0.04004,-0.49562,0.03983,-6.7479,12.8294,-18.2771,-0.0967,-0.0865,-0.5639,3.66633,24.0,26.0,26.0,23.0,34.0,35.0,29.0,21.0,39.0,31.0,29.0,21.0,32.0,36.0,26.0,20.0,28.0,25.0,22.0,21.0,21.0,22.0,20.0,20.0,21.0,22.0,21.0,21.0,22.0,22.0,20.0,21.0,22.0,22.0,21.0,22.0,23.0,21.0,10.0,hold,0,0,11.8649
1788791671.0643,2026-09-07 16:34:31.064,10,c3,1,0,-0.04001,-0.49563,0.03983,-6.5091,12.5597,-18.1489,-0.0908,-0.0759,-0.571,3.66885,23.0,28.0,26.0,22.0,36.0,37.0,29.0,23.0,38.0,29.0,29.0,21.0,30.0,34.0,25.0,23.0,26.0,25.0,24.0,21.0,21.0,22.0,20.0,20.0,21.0,22.0,21.0,21.0,22.0,22.0,20.0,21.0,22.0,22.0,21.0,22.0,23.0,21.0,10.0,hold,0,0,11.8425
1788791671.1144,2026-09-07 16:34:31.114,10,c3,1,0,-0.04003,-0.49561,0.0398,-6.8726,12.5116,-18.3526,-0.0908,-0.092,-0.5686,3.66331,23.0,28.0,26.0,22.0,36.0,37.0,29.0,23.0,38.0,29.0,29.0,21.0,30.0,34.0,25.0,23.0,26.0,25.0,24.0,21.0,21.0,22.0,20.0,20.0,21.0,22.0,21.0,21.0,22.0,22.0,20.0,21.0,22.0,22.0,21.0,22.0,23.0,21.0,10.0,hold,0,0,11.8918
1788791671.1645,2026-09-07 16:34:31.164,10,c3,1,0,-0.04003,-0.49562,0.03982,-7.1323,12.6929,-18.2493,-0.0921,-0.0945,-0.5712,3.67111,24.0,26.0,25.0,22.0,34.0,33.0,28.0,22.0,39.0,30.0,28.0,21.0,30.0,35.0,27.0,23.0,27.0,25.0,23.0,21.0,21.0,22.0,20.0,20.0,21.0,22.0,21.0,21.0,22.0,22.0,20.0,21.0,22.0,22.0,21.0,22.0,23.0,21.0,10.0,hold,0,0,11.8224
1788791671.2146,2026-09-07 16:34:31.214,10,c3,1,0,-0.04004,-0.49562,0.03981,-6.8411,12.6671,-18.3334,-0.0931,-0.0863,-0.5699,3.66331,24.0,26.0,25.0,22.0,34.0,33.0,28.0,22.0,39.0,30.0,28.0,21.0,30.0,35.0,27.0,23.0,27.0,25.0,23.0,21.0,21.0,22.0,20.0,20.0,21.0,22.0,21.0,21.0,22.0,22.0,20.0,21.0,22.0,22.0,21.0,22.0,23.0,21.0,10.0,hold,0,0,11.8918
1788791671.2648,2026-09-07 16:34:31.264,10,c3,1,0,-0.04004,-0.49561,0.03981,-6.6686,12.6185,-18.2638,-0.0948,-0.0829,-0.5694,3.6691,23.0,28.0,25.0,22.0,35.0,35.0,29.0,23.0,40.0,30.0,28.0,21.0,31.0,35.0,25.0,22.0,27.0,27.0,23.0,21.0,21.0,22.0,20.0,20.0,21.0,22.0,21.0,21.0,22.0,22.0,20.0,21.0,22.0,22.0,21.0,22.0,23.0,21.0,10.0,hold,0,0,11.8403
1788791671.3149,2026-09-07 16:34:31.314,10,c3,1,0,-0.04003,-0.49563,0.03982,-6.6948,12.5928,-18.3061,-0.0962,-0.0798,-0.5705,3.66935,24.0,28.0,25.0,24.0,36.0,35.0,29.0,23.0,40.0,30.0,28.0,22.0,30.0,34.0,26.0,22.0,27.0,25.0,24.0,21.0,21.0,22.0,20.0,20.0,21.0,22.0,21.0,21.0,22.0,22.0,20.0,21.0,22.0,22.0,21.0,22.0,23.0,21.0,10.0,hold,0,0,11.838
1788791671.365,2026-09-07 16:34:31.364,10,c3,1,0,-0.04005,-0.49563,0.03983,-6.9283,13.1727,-18.1809,-0.1063,-0.0903,-0.5715,3.6623,24.0,28.0,25.0,24.0,36.0,35.0,29.0,23.0,40.0,30.0,28.0,22.0,30.0,34.0,26.0,22.0,27.0,25.0,24.0,21.0,21.0,22.0,20.0,20.0,21.0,22.0,21.0,21.0,22.0,22.0,20.0,21.0,22.0,22.0,21.0,22.0,23.0,21.0,10.0,hold,0,0,11.9007
1788791671.4151,2026-09-07 16:34:31.415,10,c3,1,0,-0.04004,-0.49562,0.03982,-7.0676,12.7219,-18.1819,-0.0973,-0.0937,-0.5668,3.66658,24.0,28.0,26.0,23.0,35.0,35.0,27.0,24.0,38.0,33.0,27.0,23.0,32.0,36.0,24.0,22.0,28.0,25.0,24.0,21.0,21.0,22.0,20.0,20.0,21.0,22.0,21.0,21.0,22.0,22.0,20.0,21.0,22.0,22.0,21.0,22.0,23.0,21.0,10.0,hold,0,0,11.8627
1788791671.4653,2026-09-07 16:34:31.465,10,c3,1,0,-0.04004,-0.4956,0.03981,-7.0872,13.0209,-18.0267,-0.1018,-0.0904,-0.5737,3.66935,24.0,28.0,26.0,23.0,35.0,35.0,27.0,24.0,38.0,33.0,27.0,23.0,32.0,36.0,24.0,22.0,28.0,25.0,24.0,21.0,21.0,22.0,20.0,20.0,21.0,22.0,21.0,21.0,22.0,22.0,20.0,21.0,22.0,22.0,21.0,22.0,23.0,21.0,10.0,hold,0,0,11.838
1788791671.5154,2026-09-07 16:34:31.515,10,c3,1,0,-0.04004,-0.49561,0.03982,-6.8484,12.8159,-18.0405,-0.0965,-0.0848,-0.5686,3.66029,25.0,26.0,26.0,24.0,34.0,37.0,28.0,23.0,41.0,31.0,29.0,22.0,32.0,36.0,24.0,24.0,27.0,25.0,25.0,21.0,21.0,22.0,20.0,20.0,21.0,22.0,21.0,21.0,22.0,22.0,20.0,21.0,22.0,22.0,21.0,22.0,23.0,21.0,10.0,hold,0,0,11.9187
1788791671.5655,2026-09-07 16:34:31.565,10,c3,0,0,-0.04004,-0.49563,0.03983,-6.868,12.9063,-18.0806,-0.097,-0.0864,-0.5665,3.67791,23.0,26.0,26.0,22.0,35.0,35.0,28.0,22.0,39.0,31.0,27.0,21.0,32.0,35.0,24.0,20.0,27.0,24.0,21.0,21.0,21.0,22.0,20.0,20.0,21.0,22.0,21.0,21.0,22.0,22.0,20.0,21.0,22.0,22.0,21.0,22.0,23.0,21.0,10.0,retract,0,0,11.7619
1788791671.6156,2026-09-07 16:34:31.615,10,c3,0,0,-0.04003,-0.49561,0.03984,-6.567,12.5256,-18.4884,-0.0901,-0.0797,-0.5654,3.68396,23.0,26.0,26.0,22.0,35.0,35.0,28.0,22.0,39.0,31.0,27.0,21.0,32.0,35.0,24.0,20.0,27.0,24.0,21.0,21.0,21.0,22.0,20.0,20.0,21.0,22.0,21.0,21.0,22.0,22.0,20.0,21.0,22.0,22.0,21.0,22.0,23.0,21.0,10.0,retract,0,0,11.7081
1788791671.6656,2026-09-07 16:34:31.665,10,c3,0,0,-0.04003,-0.49562,0.03993,-6.7934,12.713,-18.3444,-0.0985,-0.0853,-0.5656,3.72046,23.0,28.0,26.0,21.0,34.0,37.0,27.0,22.0,39.0,30.0,29.0,21.0,31.0,34.0,25.0,22.0,27.0,26.0,23.0,21.0,21.0,22.0,20.0,20.0,21.0,22.0,21.0,21.0,22.0,22.0,20.0,21.0,22.0,22.0,21.0,22.0,23.0,21.0,10.0,retract,0,0,11.3833
1788791671.7157,2026-09-07 16:34:31.715,10,c3,0,0,-0.04005,-0.49561,0.04004,-6.5927,12.4292,-18.8645,-0.0869,-0.0782,-0.5669,3.77787,23.0,28.0,26.0,21.0,34.0,37.0,27.0,22.0,39.0,30.0,29.0,21.0,31.0,34.0,25.0,22.0,27.0,26.0,23.0,21.0,21.0,22.0,20.0,20.0,21.0,22.0,21.0,21.0,22.0,22.0,20.0,21.0,22.0,22.0,21.0,22.0,23.0,21.0,10.0,retract,0,0,10.8726
1788791671.7658,2026-09-07 16:34:31.765,10,c3,0,0,-0.04004,-0.4956,0.04017,-6.4997,12.4155,-18.8892,-0.09,-0.0752,-0.5708,3.84912,23.0,26.0,25.0,22.0,36.0,36.0,29.0,23.0,38.0,31.0,28.0,21.0,29.0,36.0,24.0,23.0,26.0,25.0,23.0,21.0,21.0,22.0,20.0,20.0,21.0,22.0,21.0,21.0,22.0,22.0,20.0,21.0,22.0,22.0,21.0,22.0,23.0,21.0,10.0,retract,0,0,10.2387
1788791671.8159,2026-09-07 16:34:31.815,10,c3,0,0,-0.04004,-0.49561,0.04038,-6.8368,12.7962,-19.4163,-0.1014,-0.0854,-0.5728,3.92767,23.0,26.0,25.0,22.0,36.0,36.0,29.0,23.0,38.0,31.0,28.0,21.0,29.0,36.0,24.0,23.0,26.0,25.0,23.0,21.0,21.0,22.0,20.0,20.0,21.0,22.0,21.0,21.0,22.0,22.0,20.0,21.0,22.0,22.0,21.0,22.0,23.0,21.0,10.0,retract,0,0,9.5399
1788791671.8661,2026-09-07 16:34:31.866,10,c3,0,0,-0.04003,-0.4956,0.04059,-6.7834,12.5544,-19.4627,-0.1011,-0.0846,-0.5627,3.99515,22.0,26.0,26.0,22.0,34.0,35.0,28.0,24.0,38.0,29.0,27.0,23.0,31.0,33.0,25.0,23.0,27.0,25.0,24.0,21.0,21.0,22.0,20.0,20.0,21.0,22.0,21.0,21.0,22.0,22.0,20.0,21.0,22.0,22.0,21.0,22.0,23.0,21.0,10.0,retract,0,0,8.9396
1788791671.9162,2026-09-07 16:34:31.916,10,c3,0,0,-0.04003,-0.49559,0.04081,-6.8745,12.7386,-19.7721,-0.1072,-0.0832,-0.5723,4.06841,25.0,26.0,26.0,23.0,34.0,36.0,28.0,24.0,37.0,30.0,29.0,23.0,31.0,36.0,27.0,23.0,27.0,25.0,26.0,21.0,21.0,22.0,20.0,20.0,21.0,22.0,21.0,21.0,22.0,22.0,20.0,21.0,22.0,22.0,21.0,22.0,23.0,21.0,10.0,retract,0,0,8.2878
1788791671.9663,2026-09-07 16:34:31.966,10,c3,0,0,-0.04001,-0.49558,0.04108,-6.6338,12.3754,-20.1866,-0.1006,-0.0792,-0.566,4.15024,25.0,26.0,26.0,23.0,34.0,36.0,28.0,24.0,37.0,30.0,29.0,23.0,31.0,36.0,27.0,23.0,27.0,25.0,26.0,21.0,21.0,22.0,20.0,20.0,21.0,22.0,21.0,21.0,22.0,22.0,20.0,21.0,22.0,22.0,21.0,22.0,23.0,21.0,10.0,retract,0,0,7.5598
1788791672.0164,2026-09-07 16:34:32.016,10,c3,0,0,-0.04002,-0.49559,0.04142,-6.5631,12.3583,-20.4543,-0.1076,-0.0762,-0.5648,4.23912,25.0,26.0,25.0,24.0,35.0,35.0,29.0,23.0,35.0,29.0,29.0,22.0,31.0,34.0,27.0,22.0,27.0,25.0,23.0,21.0,21.0,22.0,20.0,20.0,21.0,22.0,21.0,21.0,22.0,22.0,20.0,21.0,22.0,22.0,21.0,22.0,23.0,21.0,10.0,retract,0,0,6.7692
1788791672.0665,2026-09-07 16:34:32.066,10,c3,0,0,-0.04002,-0.49558,0.04173,-6.9313,12.247,-20.64,-0.1087,-0.0895,-0.5676,4.3076,25.0,26.0,25.0,24.0,35.0,35.0,29.0,23.0,35.0,29.0,29.0,22.0,31.0,34.0,27.0,22.0,27.0,25.0,23.0,21.0,21.0,22.0,20.0,20.0,21.0,22.0,21.0,21.0,22.0,22.0,20.0,21.0,22.0,22.0,21.0,22.0,23.0,21.0,10.0,retract,0,0,6.1599
1788791672.1166,2026-09-07 16:34:32.116,10,c3,0,0,-0.04001,-0.49557,0.04206,-6.9402,12.6224,-20.8605,-0.122,-0.0887,-0.5657,4.3932,25.0,25.0,25.0,23.0,32.0,33.0,29.0,22.0,33.0,27.0,26.0,20.0,29.0,31.0,24.0,21.0,26.0,25.0,20.0,21.0,21.0,22.0,20.0,20.0,21.0,22.0,21.0,21.0,22.0,22.0,20.0,21.0,22.0,22.0,21.0,22.0,23.0,21.0,10.0,retract,0,0,5.3983
1788791672.1667,2026-09-07 16:34:32.166,10,c3,0,0,-0.04003,-0.49558,0.0424,-6.7514,12.5575,-21.0242,-0.1213,-0.0823,-0.5633,4.45136,22.0,25.0,23.0,20.0,31.0,33.0,26.0,22.0,32.0,27.0,27.0,21.0,29.0,32.0,25.0,21.0,26.0,25.0,22.0,21.0,21.0,22.0,20.0,20.0,21.0,22.0,21.0,21.0,22.0,22.0,20.0,21.0,22.0,22.0,21.0,22.0,23.0,21.0,10.0,retract,0,0,4.8809
1788791672.2168,2026-09-07 16:34:32.216,10,c3,0,0,-0.04005,-0.49559,0.04273,-6.7782,12.4048,-21.3306,-0.1201,-0.0836,-0.5633,4.50625,22.0,25.0,23.0,20.0,31.0,33.0,26.0,22.0,32.0,27.0,27.0,21.0,29.0,32.0,25.0,21.0,26.0,25.0,22.0,21.0,21.0,22.0,20.0,20.0,21.0,22.0,21.0,21.0,22.0,22.0,20.0,21.0,22.0,22.0,21.0,22.0,23.0,21.0,10.0,retract,0,0,4.3926
1788791672.2668,2026-09-07 16:34:32.266,10,c3,0,0,-0.04003,-0.4956,0.04308,-6.7076,12.1819,-21.6912,-0.1218,-0.0843,-0.569,4.56542,24.0,25.0,23.0,22.0,31.0,32.0,28.0,22.0,30.0,26.0,26.0,21.0,29.0,31.0,25.0,20.0,25.0,25.0,22.0,21.0,21.0,22.0,20.0,20.0,21.0,22.0,21.0,21.0,22.0,22.0,20.0,21.0,22.0,22.0,21.0,22.0,23.0,21.0,10.0,retract,0,0,3.8663
1788791672.317,2026-09-07 16:34:32.317,10,c3,0,0,-0.04002,-0.49558,0.04338,-6.5728,12.2495,-21.8951,-0.1231,-0.0826,-0.572,4.60771,24.0,25.0,23.0,22.0,31.0,32.0,28.0,22.0,30.0,26.0,26.0,21.0,29.0,31.0,25.0,20.0,25.0,25.0,22.0,21.0,21.0,22.0,20.0,20.0,21.0,22.0,21.0,21.0,22.0,22.0,20.0,21.0,22.0,22.0,21.0,22.0,23.0,21.0,10.0,retract,0,0,3.49
1788791672.3672,2026-09-07 16:34:32.367,10,c3,0,0,-0.04003,-0.49558,0.04375,-6.5997,11.749,-22.0965,-0.1117,-0.0835,-0.5693,4.65127,22.0,24.0,23.0,21.0,30.0,28.0,27.0,24.0,27.0,27.0,24.0,24.0,28.0,32.0,25.0,23.0,25.0,24.0,23.0,21.0,21.0,22.0,20.0,20.0,21.0,22.0,21.0,21.0,22.0,22.0,20.0,21.0,22.0,22.0,21.0,22.0,23.0,21.0,10.0,retract,0,0,3.1025
1788791672.4173,2026-09-07 16:34:32.417,10,c3,0,0,-0.04003,-0.49558,0.04407,-6.6916,12.1468,-22.0799,-0.1205,-0.0841,-0.5622,4.684,25.0,21.0,23.0,25.0,29.0,29.0,26.0,22.0,29.0,27.0,24.0,21.0,27.0,30.0,24.0,21.0,25.0,24.0,23.0,21.0,21.0,22.0,20.0,20.0,21.0,22.0,21.0,21.0,22.0,22.0,20.0,21.0,22.0,22.0,21.0,22.0,23.0,21.0,10.0,retract,0,0,2.8113
1788791672.4674,2026-09-07 16:34:32.467,10,c3,0,0,-0.04002,-0.49558,0.0444,-6.691,12.2254,-22.187,-0.1253,-0.0842,-0.5651,4.69181,25.0,21.0,23.0,25.0,29.0,29.0,26.0,22.0,29.0,27.0,24.0,21.0,27.0,30.0,24.0,21.0,25.0,24.0,23.0,21.0,21.0,22.0,20.0,20.0,21.0,22.0,21.0,21.0,22.0,22.0,20.0,21.0,22.0,22.0,21.0,22.0,23.0,21.0,10.0,retract,0,0,2.7418
1788791672.5175,2026-09-07 16:34:32.517,10,c3,0,0,-0.04001,-0.49561,0.04477,-6.6341,12.3395,-22.2513,-0.1274,-0.084,-0.5681,4.69382,23.0,24.0,23.0,21.0,29.0,27.0,25.0,22.0,27.0,25.0,23.0,21.0,25.0,29.0,23.0,22.0,25.0,23.0,24.0,21.0,21.0,22.0,20.0,20.0,21.0,22.0,21.0,21.0,22.0,22.0,20.0,21.0,22.0,22.0,21.0,22.0,23.0,21.0,10.0,retract,0,0,2.7239
1788791672.5676,2026-09-07 16:34:32.567,10,c3,0,0,-0.04003,-0.4956,0.04507,-6.7401,11.952,-22.341,-0.1192,-0.0874,-0.5724,4.69206,23.0,24.0,23.0,21.0,29.0,27.0,25.0,22.0,27.0,25.0,23.0,21.0,25.0,29.0,23.0,22.0,25.0,23.0,24.0,21.0,21.0,22.0,20.0,20.0,21.0,22.0,21.0,21.0,22.0,22.0,20.0,21.0,22.0,22.0,21.0,22.0,23.0,21.0,10.0,retract,0,0,2.7396
1788791672.6177,2026-09-07 16:34:32.617,10,c3,0,0,-0.04003,-0.49559,0.04543,-6.5991,11.7248,-22.185,-0.1115,-0.0853,-0.5727,4.69105,23.0,22.0,24.0,21.0,28.0,26.0,24.0,22.0,27.0,26.0,23.0,20.0,27.0,28.0,24.0,22.0,25.0,23.0,23.0,21.0,21.0,22.0,20.0,20.0,21.0,22.0,21.0,21.0,22.0,22.0,20.0,21.0,22.0,22.0,21.0,22.0,23.0,21.0,10.0,retract,0,0,2.7485
1788791672.6678,2026-09-07 16:34:32.667,10,c3,0,0,-0.04004,-0.4956,0.04577,-6.5584,11.7456,-22.3494,-0.1136,-0.083,-0.5615,4.70314,23.0,22.0,22.0,20.0,27.0,25.0,25.0,21.0,25.0,25.0,22.0,20.0,26.0,28.0,23.0,21.0,24.0,25.0,22.0,21.0,21.0,22.0,20.0,20.0,21.0,22.0,21.0,21.0,22.0,22.0,20.0,21.0,22.0,22.0,21.0,22.0,23.0,21.0,10.0,retract,0,0,2.641
1788791672.7179,2026-09-07 16:34:32.717,10,c3,0,0,-0.04002,-0.49559,0.04609,-6.5131,11.9779,-22.2974,-0.1171,-0.0793,-0.5751,4.69483,23.0,22.0,22.0,20.0,27.0,25.0,25.0,21.0,25.0,25.0,22.0,20.0,26.0,28.0,23.0,21.0,24.0,25.0,22.0,21.0,21.0,22.0,20.0,20.0,21.0,22.0,21.0,21.0,22.0,22.0,20.0,21.0,22.0,22.0,21.0,22.0,23.0,21.0,10.0,retract,0,0,2.7149
1788791672.768,2026-09-07 16:34:32.768,10,c3,0,0,-0.04002,-0.49559,0.04644,-6.5668,11.5804,-22.3962,-0.1081,-0.0765,-0.5631,4.68702,23.0,22.0,21.0,22.0,26.0,25.0,24.0,24.0,25.0,26.0,22.0,22.0,25.0,29.0,23.0,24.0,25.0,23.0,24.0,21.0,21.0,22.0,20.0,20.0,21.0,22.0,21.0,21.0,22.0,22.0,20.0,21.0,22.0,22.0,21.0,22.0,23.0,21.0,10.0,retract,0,0,2.7844
1788791672.8182,2026-09-07 16:34:32.818,10,c3,0,0,-0.04005,-0.4956,0.04677,-6.6162,11.8425,-22.454,-0.1167,-0.0842,-0.5661,4.70062,23.0,22.0,21.0,22.0,26.0,25.0,24.0,24.0,25.0,26.0,22.0,22.0,25.0,29.0,23.0,24.0,25.0,23.0,24.0,21.0,21.0,22.0,20.0,20.0,21.0,22.0,21.0,21.0,22.0,22.0,20.0,21.0,22.0,22.0,21.0,22.0,23.0,21.0,10.0,retract,0,0,2.6634
1788791672.8683,2026-09-07 16:34:32.868,10,c3,0,0,-0.04005,-0.4956,0.0471,-6.6904,11.8959,-22.3254,-0.1195,-0.0828,-0.5709,4.68979,25.0,22.0,22.0,23.0,26.0,24.0,24.0,22.0,24.0,25.0,21.0,21.0,26.0,29.0,23.0,21.0,25.0,23.0,20.0,21.0,21.0,22.0,20.0,20.0,21.0,22.0,21.0,21.0,22.0,22.0,20.0,21.0,22.0,22.0,21.0,22.0,23.0,21.0,10.0,retract,0,0,2.7597
1788791672.9184,2026-09-07 16:34:32.918,10,c3,0,0,-0.04002,-0.4956,0.04743,-7.0758,12.2971,-22.0165,-0.1274,-0.0954,-0.5744,4.69256,25.0,22.0,22.0,23.0,26.0,24.0,24.0,22.0,24.0,25.0,21.0,21.0,26.0,29.0,23.0,21.0,25.0,23.0,20.0,21.0,21.0,22.0,20.0,20.0,21.0,22.0,21.0,21.0,22.0,22.0,20.0,21.0,22.0,22.0,21.0,22.0,23.0,21.0,10.0,retract,0,0,2.7351
1788791672.9685,2026-09-07 16:34:32.968,10,c3,0,0,-0.04004,-0.49558,0.04774,-6.7863,12.2542,-22.1515,-0.1265,-0.0864,-0.5708,4.69533,24.0,22.0,22.0,23.0,26.0,25.0,23.0,23.0,24.0,25.0,23.0,21.0,25.0,27.0,24.0,22.0,25.0,24.0,23.0,21.0,21.0,22.0,20.0,20.0,21.0,22.0,21.0,21.0,22.0,22.0,20.0,21.0,22.0,22.0,21.0,22.0,23.0,21.0,10.0,retract,0,0,2.7105
1788791673.0186,2026-09-07 16:34:33.018,10,c3,0,0,-0.04003,-0.49559,0.04807,-6.5757,11.7817,-22.4579,-0.1129,-0.0794,-0.5661,4.69256,23.0,22.0,20.0,22.0,24.0,24.0,25.0,23.0,26.0,24.0,22.0,22.0,27.0,26.0,23.0,22.0,24.0,25.0,22.0,21.0,21.0,22.0,20.0,20.0,21.0,22.0,21.0,21.0,22.0,22.0,20.0,21.0,22.0,22.0,21.0,22.0,23.0,21.0,10.0,retract,0,0,2.7351
1788791673.0687,2026-09-07 16:34:33.068,10,c3,0,0,-0.04,-0.4956,0.04839,-6.6551,11.7913,-22.3532,-0.1121,-0.0809,-0.5671,4.69735,23.0,22.0,20.0,22.0,24.0,24.0,25.0,23.0,26.0,24.0,22.0,22.0,27.0,26.0,23.0,22.0,24.0,25.0,22.0,21.0,21.0,22.0,20.0,20.0,21.0,22.0,21.0,21.0,22.0,22.0,20.0,21.0,22.0,22.0,21.0,22.0,23.0,21.0,10.0,retract,0,0,2.6925
1788791673.1189,2026-09-07 16:34:33.118,10,c3,0,0,-0.04001,-0.4956,0.0487,-6.1109,11.7626,-22.3702,-0.1137,-0.0699,-0.5608,4.69181,22.0,22.0,21.0,22.0,27.0,23.0,24.0,21.0,24.0,24.0,22.0,20.0,25.0,25.0,23.0,21.0,22.0,24.0,22.0,21.0,21.0,22.0,20.0,20.0,21.0,22.0,21.0,21.0,22.0,22.0,20.0,21.0,22.0,22.0,21.0,22.0,23.0,21.0,10.0,retract,0,0,2.7418
1788791673.1691,2026-09-07 16:34:33.169,10,c3,0,0,-0.04002,-0.49561,0.04898,-7.1964,12.1212,-22.2436,-0.1226,-0.0953,-0.571,4.69256,22.0,22.0,21.0,22.0,27.0,23.0,24.0,21.0,24.0,24.0,22.0,20.0,25.0,25.0,23.0,21.0,22.0,24.0,22.0,21.0,21.0,22.0,20.0,20.0,21.0,22.0,21.0,21.0,22.0,22.0,20.0,21.0,22.0,22.0,21.0,22.0,23.0,21.0,10.0,retract,0,0,2.7351
1788791673.2192,2026-09-07 16:34:33.219,10,c3,0,0,-0.04004,-0.49561,0.04919,-6.7304,11.9588,-22.1237,-0.1177,-0.087,-0.5662,4.68853,22.0,22.0,21.0,20.0,26.0,22.0,24.0,22.0,24.0,23.0,20.0,21.0,24.0,27.0,22.0,22.0,24.0,22.0,22.0,21.0,21.0,22.0,20.0,20.0,21.0,22.0,21.0,21.0,22.0,22.0,20.0,21.0,22.0,22.0,21.0,22.0,23.0,21.0,10.0,retract,0,0,2.7709
1788791673.2694,2026-09-07 16:34:33.269,10,c3,0,0,-0.04003,-0.49561,0.04937,-6.4907,12.1308,-22.3651,-0.121,-0.0808,-0.5612,4.70087,25.0,21.0,21.0,23.0,24.0,23.0,23.0,22.0,25.0,25.0,21.0,21.0,27.0,28.0,23.0,21.0,25.0,23.0,22.0,21.0,21.0,22.0,20.0,20.0,21.0,22.0,21.0,21.0,22.0,22.0,20.0,21.0,22.0,22.0,21.0,22.0,23.0,21.0,10.0,retract,0,0,2.6612
1788791673.3195,2026-09-07 16:34:33.319,10,c3,0,0,-0.04005,-0.4956,0.04951,-6.5847,11.6593,-22.3609,-0.1121,-0.0813,-0.5626,4.69558,25.0,21.0,21.0,23.0,24.0,23.0,23.0,22.0,25.0,25.0,21.0,21.0,27.0,28.0,23.0,21.0,25.0,23.0,22.0,21.0,21.0,22.0,20.0,20.0,21.0,22.0,21.0,21.0,22.0,22.0,20.0,21.0,22.0,22.0,21.0,22.0,23.0,21.0,10.0,retract,0,0,2.7082
1788791673.3696,2026-09-07 16:34:33.369,10,c3,0,0,-0.04004,-0.49559,0.04959,-6.5161,11.8921,-22.3044,-0.1215,-0.0791,-0.5651,4.70112,22.0,21.0,21.0,21.0,25.0,23.0,24.0,21.0,26.0,24.0,21.0,20.0,26.0,26.0,23.0,21.0,24.0,24.0,22.0,21.0,21.0,22.0,20.0,20.0,21.0,22.0,21.0,21.0,22.0,22.0,20.0,21.0,22.0,22.0,21.0,22.0,23.0,21.0,10.0,retract,0,0,2.6589
1788791673.4197,2026-09-07 16:34:33.419,10,c3,0,0,-0.04002,-0.4956,0.04965,-6.5618,12.0276,-22.156,-0.121,-0.0805,-0.5692,4.70188,22.0,21.0,21.0,21.0,25.0,23.0,24.0,21.0,26.0,24.0,21.0,20.0,26.0,26.0,23.0,21.0,24.0,24.0,22.0,21.0,21.0,22.0,20.0,20.0,21.0,22.0,21.0,21.0,22.0,22.0,20.0,21.0,22.0,22.0,21.0,22.0,23.0,21.0,10.0,retract,0,0,2.6522
1788791673.4697,2026-09-07 16:34:33.469,10,c3,0,0,-0.04001,-0.49558,0.04971,-6.9496,12.0678,-22.4662,-0.1224,-0.0931,-0.57,4.69206,23.0,23.0,20.0,21.0,27.0,23.0,24.0,23.0,24.0,25.0,21.0,22.0,25.0,26.0,21.0,23.0,25.0,22.0,23.0,21.0,21.0,22.0,20.0,20.0,21.0,22.0,21.0,21.0,22.0,22.0,20.0,21.0,22.0,22.0,21.0,22.0,23.0,21.0,10.0,retract,0,0,2.7396
1788791673.5199,2026-09-07 16:34:33.519,10,c3,0,0,-0.04,-0.49559,0.04974,-6.5004,11.7091,-22.4545,-0.1163,-0.08,-0.5677,4.69583,23.0,22.0,21.0,23.0,25.0,22.0,23.0,21.0,23.0,24.0,20.0,21.0,25.0,27.0,22.0,21.0,25.0,22.0,23.0,21.0,21.0,22.0,20.0,20.0,21.0,22.0,21.0,21.0,22.0,22.0,20.0,21.0,22.0,22.0,21.0,22.0,23.0,21.0,10.0,retract,0,0,2.706
1788791673.57,2026-09-07 16:34:33.570,10,c3,0,0,-0.04003,-0.49561,0.04976,-6.5059,12.1322,-22.3072,-0.1273,-0.0815,-0.5661,4.70238,23.0,22.0,21.0,23.0,25.0,22.0,23.0,21.0,23.0,24.0,20.0,21.0,25.0,27.0,22.0,21.0,25.0,22.0,23.0,21.0,21.0,22.0,20.0,20.0,21.0,22.0,21.0,21.0,22.0,22.0,20.0,21.0,22.0,22.0,21.0,22.0,23.0,21.0,10.0,post,0,0,2.6477
1788791673.6201,2026-09-07 16:34:33.620,10,c3,0,0,-0.04005,-0.49562,0.0498,-6.7156,12.178,-22.4714,-0.1235,-0.0858,-0.5627,4.69986,23.0,22.0,20.0,21.0,25.0,22.0,22.0,24.0,25.0,25.0,19.0,23.0,25.0,28.0,21.0,22.0,26.0,21.0,25.0,21.0,21.0,22.0,20.0,20.0,21.0,22.0,21.0,21.0,22.0,22.0,20.0,21.0,22.0,22.0,21.0,22.0,23.0,21.0,10.0,post,0,0,2.6701
1788791673.6701,2026-09-07 16:34:33.670,10,c3,0,0,-0.04003,-0.4956,0.04981,-6.827,11.9396,-22.2678,-0.122,-0.089,-0.5654,4.68778,23.0,22.0,20.0,21.0,25.0,22.0,22.0,24.0,25.0,25.0,19.0,23.0,25.0,28.0,21.0,22.0,26.0,21.0,25.0,21.0,21.0,22.0,20.0,20.0,21.0,22.0,21.0,21.0,22.0,22.0,20.0,21.0,22.0,22.0,21.0,22.0,23.0,21.0,10.0,post,0,0,2.7777
1788791673.7202,2026-09-07 16:34:33.720,10,c3,0,0,-0.04004,-0.49561,0.04981,-6.7045,11.8207,-22.2165,-0.1165,-0.0834,-0.5704,4.69735,25.0,22.0,21.0,23.0,25.0,25.0,22.0,23.0,23.0,26.0,20.0,20.0,24.0,27.0,22.0,21.0,25.0,23.0,20.0,21.0,21.0,22.0,20.0,20.0,21.0,22.0,21.0,21.0,22.0,22.0,20.0,21.0,22.0,22.0,21.0,22.0,23.0,21.0,10.0,post,0,0,2.6925
1788791673.7703,2026-09-07 16:34:33.770,10,c3,0,0,-0.04004,-0.4956,0.0498,-6.6763,12.1728,-22.0633,-0.1255,-0.0861,-0.5703,4.70062,21.0,20.0,20.0,20.0,24.0,22.0,23.0,24.0,23.0,24.0,21.0,22.0,23.0,26.0,22.0,22.0,25.0,23.0,21.0,21.0,21.0,22.0,20.0,20.0,21.0,22.0,21.0,21.0,22.0,22.0,20.0,21.0,22.0,22.0,21.0,22.0,23.0,21.0,10.0,post,0,0,2.6634
1788791673.8205,2026-09-07 16:34:33.820,10,c3,0,0,-0.04003,-0.4956,0.0498,-6.9543,12.0113,-22.3315,-0.1226,-0.0941,-0.5673,4.69181,21.0,20.0,20.0,20.0,24.0,22.0,23.0,24.0,23.0,24.0,21.0,22.0,23.0,26.0,22.0,22.0,25.0,23.0,21.0,21.0,21.0,22.0,20.0,20.0,21.0,22.0,21.0,21.0,22.0,22.0,20.0,21.0,22.0,22.0,21.0,22.0,23.0,21.0,10.0,post,0,0,2.7418
1788791673.8705,2026-09-07 16:34:33.870,10,c3,0,0,-0.04003,-0.4956,0.04981,-6.6337,12.1623,-22.0104,-0.1223,-0.0834,-0.5621,4.6986,24.0,21.0,21.0,24.0,23.0,23.0,23.0,21.0,22.0,24.0,21.0,19.0,24.0,26.0,21.0,20.0,23.0,22.0,22.0,21.0,21.0,22.0,20.0,20.0,21.0,22.0,21.0,21.0,22.0,22.0,20.0,21.0,22.0,22.0,21.0,22.0,23.0,21.0,10.0,post,0,0,2.6813
1788791673.9206,2026-09-07 16:34:33.920,10,c3,0,0,-0.04003,-0.4956,0.0498,-6.7104,11.9489,-22.4485,-0.1185,-0.0843,-0.5624,4.69155,24.0,21.0,21.0,24.0,23.0,23.0,23.0,21.0,22.0,24.0,21.0,19.0,24.0,26.0,21.0,20.0,23.0,22.0,22.0,21.0,21.0,22.0,20.0,20.0,21.0,22.0,21.0,21.0,22.0,22.0,20.0,21.0,22.0,22.0,21.0,22.0,23.0,21.0,10.0,post,0,0,2.7441
1788791673.9707,2026-09-07 16:34:33.970,10,c3,0,0,-0.04003,-0.49561,0.04982,-6.4669,11.7048,-22.4974,-0.113,-0.0801,-0.5612,4.69206,22.0,21.0,20.0,22.0,23.0,21.0,23.0,21.0,24.0,25.0,20.0,20.0,24.0,26.0,21.0,21.0,24.0,24.0,21.0,21.0,21.0,22.0,20.0,20.0,21.0,22.0,21.0,21.0,22.0,22.0,20.0,21.0,22.0,22.0,21.0,22.0,23.0,21.0,10.0,post,0,0,2.7396
1788791674.0208,2026-09-07 16:34:34.020,10,c3,0,0,-0.04004,-0.49561,0.0498,-6.7443,12.1405,-22.2843,-0.1249,-0.0872,-0.5681,4.70364,22.0,21.0,20.0,22.0,23.0,21.0,23.0,21.0,24.0,25.0,20.0,20.0,24.0,26.0,21.0,21.0,24.0,24.0,21.0,21.0,21.0,22.0,20.0,20.0,21.0,22.0,21.0,21.0,22.0,22.0,20.0,21.0,22.0,22.0,21.0,22.0,23.0,21.0,10.0,post,0,0,2.6365
1788791674.0708,2026-09-07 16:34:34.070,10,c3,0,0,-0.04003,-0.49559,0.04979,-6.7949,12.0255,-22.2637,-0.1221,-0.0851,-0.5707,4.69634,23.0,21.0,22.0,22.0,24.0,23.0,23.0,22.0,23.0,24.0,21.0,21.0,24.0,25.0,22.0,20.0,23.0,22.0,21.0,21.0,21.0,22.0,20.0,20.0,21.0,22.0,21.0,21.0,22.0,22.0,20.0,21.0,22.0,22.0,21.0,22.0,23.0,21.0,10.0,post,0,0,2.7015
1788791674.1209,2026-09-07 16:34:34.120,10,c3,0,0,-0.04003,-0.49561,0.0498,-6.9433,12.0761,-22.2046,-0.12,-0.0908,-0.5617,4.69004,23.0,21.0,19.0,22.0,25.0,22.0,22.0,21.0,24.0,24.0,20.0,20.0,26.0,27.0,22.0,21.0,26.0,22.0,22.0,21.0,21.0,22.0,20.0,20.0,21.0,22.0,21.0,21.0,22.0,22.0,20.0,21.0,22.0,22.0,21.0,22.0,23.0,21.0,10.0,post,0,0,2.7575
1788791674.1709,2026-09-07 16:34:34.170,10,c3,0,0,-0.04004,-0.49561,0.04981,-6.5686,11.7836,-22.3609,-0.1127,-0.0806,-0.565,4.6986,23.0,21.0,19.0,22.0,25.0,22.0,22.0,21.0,24.0,24.0,20.0,20.0,26.0,27.0,22.0,21.0,26.0,22.0,22.0,21.0,21.0,22.0,20.0,20.0,21.0,22.0,21.0,21.0,22.0,22.0,20.0,21.0,22.0,22.0,21.0,22.0,23.0,21.0,10.0,post,0,0,2.6813
1788791674.221,2026-09-07 16:34:34.221,10,c3,0,0,-0.04004,-0.49561,0.0498,-6.3632,11.8019,-22.2744,-0.1133,-0.0764,-0.5623,4.6986,22.0,21.0,21.0,21.0,25.0,23.0,21.0,22.0,24.0,23.0,21.0,20.0,26.0,25.0,22.0,20.0,22.0,23.0,20.0,21.0,21.0,22.0,20.0,20.0,21.0,22.0,21.0,21.0,22.0,22.0,20.0,21.0,22.0,22.0,21.0,22.0,23.0,21.0,10.0,post,0,0,2.6813
1788791674.2711,2026-09-07 16:34:34.271,10,c3,0,0,-0.04004,-0.4956,0.04981,-6.859,12.4418,-22.3626,-0.1281,-0.0916,-0.566,4.69684,22.0,21.0,21.0,21.0,25.0,23.0,21.0,22.0,24.0,23.0,21.0,20.0,26.0,25.0,22.0,20.0,22.0,23.0,20.0,21.0,21.0,22.0,20.0,20.0,21.0,22.0,21.0,21.0,22.0,22.0,20.0,21.0,22.0,22.0,21.0,22.0,23.0,21.0,10.0,post,0,0,2.697
1788791674.3212,2026-09-07 16:34:34.321,10,c3,0,0,-0.04003,-0.4956,0.0498,-6.7161,12.1667,-22.3098,-0.1211,-0.0841,-0.5589,4.69483,21.0,22.0,20.0,21.0,26.0,22.0,22.0,21.0,22.0,26.0,20.0,20.0,24.0,26.0,22.0,20.0,25.0,24.0,20.0,21.0,21.0,22.0,20.0,20.0,21.0,22.0,21.0,21.0,22.0,22.0,20.0,21.0,22.0,22.0,21.0,22.0,23.0,21.0,10.0,post,0,0,2.7149
1788791674.3713,2026-09-07 16:34:34.371,10,c3,0,0,-0.04003,-0.4956,0.04981,-6.835,12.0778,-22.5602,-0.1211,-0.0902,-0.5672,4.69533,21.0,21.0,21.0,20.0,23.0,23.0,21.0,22.0,23.0,24.0,21.0,21.0,24.0,27.0,22.0,22.0,24.0,22.0,23.0,21.0,21.0,22.0,20.0,20.0,21.0,22.0,21.0,21.0,22.0,22.0,20.0,21.0,22.0,22.0,21.0,22.0,23.0,21.0,10.0,post,0,0,2.7105
1788791674.4215,2026-09-07 16:34:34.421,10,c3,0,0,-0.04003,-0.49559,0.0498,-6.5918,12.2666,-22.3601,-0.1295,-0.0804,-0.5677,4.68828,21.0,21.0,21.0,20.0,23.0,23.0,21.0,22.0,23.0,24.0,21.0,21.0,24.0,27.0,22.0,22.0,24.0,22.0,23.0,21.0,21.0,22.0,20.0,20.0,21.0,22.0,21.0,21.0,22.0,22.0,20.0,21.0,22.0,22.0,21.0,22.0,23.0,21.0,10.0,post,0,0,2.7732
1788791674.4716,2026-09-07 16:34:34.471,10,c3,0,0,-0.04003,-0.49561,0.04981,-6.5628,11.9966,-22.2634,-0.12,-0.0826,-0.5605,4.70137,23.0,21.0,20.0,22.0,24.0,22.0,22.0,21.0,25.0,24.0,20.0,20.0,25.0,26.0,20.0,22.0,24.0,23.0,22.0,21.0,21.0,22.0,20.0,20.0,21.0,22.0,21.0,21.0,22.0,22.0,20.0,21.0,22.0,22.0,21.0,22.0,23.0,21.0,10.0,post,0,0,2.6567
1788791674.5217,2026-09-07 16:34:34.521,10,c3,0,0,-0.04005,-0.49561,0.0498,-6.6131,11.7277,-22.4153,-0.116,-0.0839,-0.5612,4.69155,23.0,21.0,20.0,22.0,24.0,22.0,22.0,21.0,25.0,24.0,20.0,20.0,25.0,26.0,20.0,22.0,24.0,23.0,22.0,21.0,21.0,22.0,20.0,20.0,21.0,22.0,21.0,21.0,22.0,22.0,20.0,21.0,22.0,22.0,21.0,22.0,23.0,21.0,10.0,post,0,0,2.7441
1788791674.5718,2026-09-07 16:34:34.571,10,c3,0,0,-0.04006,-0.49561,0.04981,-6.7628,12.0097,-22.2143,-0.1227,-0.0884,-0.5643,4.69231,21.0,22.0,22.0,20.0,25.0,23.0,21.0,22.0,23.0,26.0,20.0,22.0,25.0,26.0,21.0,21.0,25.0,21.0,23.0,21.0,21.0,22.0,20.0,20.0,21.0,22.0,21.0,21.0,22.0,22.0,20.0,21.0,22.0,22.0,21.0,22.0,23.0,21.0,10.0,post,0,0,2.7373
1788791674.622,2026-09-07 16:34:34.621,10,c3,0,0,-0.04003,-0.49561,0.04981,-6.3557,11.8004,-22.5816,-0.1167,-0.0764,-0.5559,4.70137,23.0,21.0,21.0,21.0,24.0,23.0,22.0,23.0,25.0,25.0,19.0,21.0,26.0,25.0,21.0,21.0,23.0,22.0,23.0,21.0,21.0,22.0,20.0,20.0,21.0,22.0,21.0,21.0,22.0,22.0,20.0,21.0,22.0,22.0,21.0,22.0,23.0,21.0,10.0,post,0,0,2.6567
1788791674.6721,2026-09-07 16:34:34.672,10,c3,0,0,-0.04004,-0.4956,0.0498,-6.728,11.8437,-22.2663,-0.1123,-0.0844,-0.5626,4.69357,23.0,21.0,21.0,21.0,24.0,23.0,22.0,23.0,25.0,25.0,19.0,21.0,26.0,25.0,21.0,21.0,23.0,22.0,23.0,21.0,21.0,22.0,20.0,20.0,21.0,22.0,21.0,21.0,22.0,22.0,20.0,21.0,22.0,22.0,21.0,22.0,23.0,21.0,10.0,post,0,0,2.7261
1788791674.7222,2026-09-07 16:34:34.722,10,c3,0,0,-0.04004,-0.49561,0.0498,-7.0572,12.0223,-22.287,-0.1195,-0.0932,-0.5676,4.69357,23.0,21.0,20.0,21.0,25.0,23.0,21.0,21.0,24.0,26.0,19.0,20.0,24.0,26.0,22.0,21.0,23.0,22.0,22.0,21.0,21.0,22.0,20.0,20.0,21.0,22.0,21.0,21.0,22.0,22.0,20.0,21.0,22.0,22.0,21.0,22.0,23.0,21.0,10.0,post,0,0,2.7261
1788791674.7723,2026-09-07 16:34:34.772,10,c3,0,0,-0.04004,-0.49562,0.04982,-6.6327,12.2444,-22.2905,-0.1277,-0.0813,-0.5647,4.69231,23.0,21.0,20.0,21.0,25.0,23.0,21.0,21.0,24.0,26.0,19.0,20.0,24.0,26.0,22.0,21.0,23.0,22.0,22.0,21.0,21.0,22.0,20.0,20.0,21.0,22.0,21.0,21.0,22.0,22.0,20.0,21.0,22.0,22.0,21.0,22.0,23.0,21.0,10.0,post,0,0,2.7373
1788791674.8225,2026-09-07 16:34:34.822,10,c3,0,0,-0.04004,-0.4956,0.0498,-6.7815,11.5931,-22.3782,-0.1077,-0.087,-0.5685,4.69911,21.0,21.0,20.0,19.0,25.0,23.0,23.0,21.0,24.0,25.0,21.0,20.0,26.0,27.0,23.0,19.0,25.0,24.0,20.0,21.0,21.0,22.0,20.0,20.0,21.0,22.0,21.0,21.0,22.0,22.0,20.0,21.0,22.0,22.0,21.0,22.0,23.0,21.0,10.0,post,0,0,2.6769
1788791674.8726,2026-09-07 16:34:34.872,10,c3,0,0,-0.04002,-0.4956,0.0498,-6.797,11.7931,-22.3203,-0.1173,-0.0865,-0.5618,4.6976,22.0,21.0,21.0,21.0,25.0,23.0,23.0,24.0,24.0,26.0,20.0,22.0,25.0,26.0,22.0,22.0,25.0,22.0,21.0,21.0,21.0,22.0,20.0,20.0,21.0,22.0,21.0,21.0,22.0,22.0,20.0,21.0,22.0,22.0,21.0,22.0,23.0,21.0,10.0,post,0,0,2.6903
1788791674.9226,2026-09-07 16:34:34.922,10,c3,0,0,-0.04003,-0.49561,0.04981,-6.6621,12.1198,-22.2138,-0.122,-0.0862,-0.5595,4.69181,22.0,21.0,21.0,21.0,25.0,23.0,23.0,24.0,24.0,26.0,20.0,22.0,25.0,26.0,22.0,22.0,25.0,22.0,21.0,21.0,21.0,22.0,20.0,20.0,21.0,22.0,21.0,21.0,22.0,22.0,20.0,21.0,22.0,22.0,21.0,22.0,23.0,21.0,10.0,post,0,0,2.7418
1788791674.9727,2026-09-07 16:34:34.972,10,c3,0,0,-0.04003,-0.4956,0.0498,-6.7695,11.9716,-22.3521,-0.1188,-0.0846,-0.5678,4.6903,23.0,22.0,22.0,22.0,24.0,23.0,21.0,22.0,24.0,24.0,20.0,21.0,25.0,25.0,23.0,21.0,23.0,22.0,22.0,21.0,21.0,22.0,20.0,20.0,21.0,22.0,21.0,21.0,22.0,22.0,20.0,21.0,22.0,22.0,21.0,22.0,23.0,21.0,10.0,post,0,0,2.7553
1788791675.0228,2026-09-07 16:34:35.022,10,c3,0,0,-0.04005,-0.49562,0.04982,-6.8042,12.0148,-22.3326,-0.1206,-0.0841,-0.5627,4.69986,23.0,22.0,22.0,22.0,24.0,23.0,21.0,22.0,24.0,24.0,20.0,21.0,25.0,25.0,23.0,21.0,23.0,22.0,22.0,21.0,21.0,22.0,20.0,20.0,21.0,22.0,21.0,21.0,22.0,22.0,20.0,21.0,22.0,22.0,21.0,22.0,23.0,21.0,10.0,post,0,0,2.6701
1788791675.073,2026-09-07 16:34:35.073,10,c3,0,0,-0.04004,-0.49561,0.0498,-6.6027,12.4683,-22.1647,-0.1288,-0.0825,-0.5611,4.69231,22.0,22.0,19.0,23.0,25.0,23.0,23.0,23.0,24.0,24.0,21.0,22.0,25.0,26.0,23.0,22.0,24.0,22.0,24.0,21.0,21.0,22.0,20.0,20.0,21.0,22.0,21.0,21.0,22.0,22.0,20.0,21.0,22.0,22.0,21.0,22.0,23.0,21.0,10.0,post,0,0,2.7373
1788791675.1231,2026-09-07 16:34:35.123,10,c3,0,0,-0.04003,-0.49561,0.04981,-6.2794,12.0548,-22.2863,-0.1229,-0.0767,-0.5588,4.69155,22.0,22.0,19.0,23.0,25.0,23.0,23.0,23.0,24.0,24.0,21.0,22.0,25.0,26.0,23.0,22.0,24.0,22.0,24.0,21.0,21.0,22.0,20.0,20.0,21.0,22.0,21.0,21.0,22.0,22.0,20.0,21.0,22.0,22.0,21.0,22.0,23.0,21.0,10.0,post,0,0,2.7441
1788791675.1732,2026-09-07 16:34:35.173,10,c3,0,0,-0.04003,-0.49562,0.04983,-6.7641,12.3253,-22.3671,-0.125,-0.0897,-0.5631,4.69936,25.0,22.0,21.0,22.0,25.0,23.0,23.0,21.0,24.0,25.0,20.0,20.0,26.0,26.0,23.0,20.0,25.0,23.0,22.0,21.0,21.0,22.0,20.0,20.0,21.0,22.0,21.0,21.0,22.0,22.0,20.0,21.0,22.0,22.0,21.0,22.0,23.0,21.0,10.0,post,0,0,2.6746
1788791675.2234,2026-09-07 16:34:35.223,10,c3,0,0,-0.04005,-0.49561,0.04981,-6.8365,12.2415,-22.2323,-0.1291,-0.0879,-0.5662,4.69206,23.0,22.0,21.0,21.0,26.0,23.0,22.0,23.0,23.0,24.0,21.0,22.0,25.0,25.0,23.0,22.0,24.0,24.0,22.0,21.0,21.0,22.0,20.0,20.0,21.0,22.0,21.0,21.0,22.0,22.0,20.0,21.0,22.0,22.0,21.0,22.0,23.0,21.0,10.0,post,0,0,2.7396
1788791675.2735,2026-09-07 16:34:35.273,10,c3,0,0,-0.04001,-0.4956,0.0498,-6.6916,11.9118,-22.277,-0.1162,-0.0848,-0.5611,4.69634,23.0,22.0,21.0,21.0,26.0,23.0,22.0,23.0,23.0,24.0,21.0,22.0,25.0,25.0,23.0,22.0,24.0,24.0,22.0,21.0,21.0,22.0,20.0,20.0,21.0,22.0,21.0,21.0,22.0,22.0,20.0,21.0,22.0,22.0,21.0,22.0,23.0,21.0,10.0,post,0,0,2.7015
1788791675.3235,2026-09-07 16:34:35.323,10,c3,0,0,-0.04001,-0.49563,0.04983,-6.5281,12.202,-22.3578,-0.1231,-0.0797,-0.5665,4.70213,24.0,22.0,20.0,23.0,23.0,21.0,23.0,23.0,24.0,24.0,21.0,22.0,26.0,26.0,21.0,22.0,24.0,23.0,23.0,21.0,21.0,22.0,20.0,20.0,21.0,22.0,21.0,21.0,22.0,22.0,20.0,21.0,22.0,22.0,21.0,22.0,23.0,21.0,10.0,post,0,0,2.65
1788791675.3736,2026-09-07 16:34:35.373,10,c3,0,0,-0.04005,-0.4956,0.04981,-6.7619,11.9772,-22.3802,-0.1205,-0.087,-0.5604,4.69634,24.0,22.0,20.0,23.0,23.0,21.0,23.0,23.0,24.0,24.0,21.0,22.0,26.0,26.0,21.0,22.0,24.0,23.0,23.0,21.0,21.0,22.0,20.0,20.0,21.0,22.0,21.0,21.0,22.0,22.0,20.0,21.0,22.0,22.0,21.0,22.0,23.0,21.0,10.0,post,0,0,2.7015
1788791675.4237,2026-09-07 16:34:35.423,10,c3,0,0,-0.04004,-0.49561,0.04981,-7.0103,12.3427,-22.2764,-0.1273,-0.0937,-0.5616,4.6913,25.0,23.0,20.0,23.0,26.0,22.0,21.0,22.0,24.0,24.0,20.0,21.0,25.0,26.0,22.0,21.0,24.0,23.0,21.0,21.0,21.0,22.0,20.0,20.0,21.0,22.0,21.0,21.0,22.0,22.0,20.0,21.0,22.0,22.0,21.0,22.0,23.0,21.0,10.0,post,0,0,2.7463
1788791675.4738,2026-09-07 16:34:35.473,10,c3,0,0,-0.04003,-0.49562,0.04982,-6.7753,12.3745,-22.0862,-0.1309,-0.0875,-0.5591,4.69911,21.0,21.0,20.0,21.0,25.0,22.0,23.0,22.0,23.0,24.0,20.0,22.0,24.0,25.0,22.0,22.0,24.0,23.0,22.0,21.0,21.0,22.0,20.0,20.0,21.0,22.0,21.0,21.0,22.0,22.0,20.0,21.0,22.0,22.0,21.0,22.0,23.0,21.0,10.0,post,0,0,2.6769
1788791675.5245,2026-09-07 16:34:35.524,19,e5,0,0,-0.04005,-0.49562,0.04982,-6.8552,12.2826,-22.1269,-0.1235,-0.0898,-0.5682,4.69785,21.0,21.0,20.0,21.0,25.0,22.0,23.0,22.0,23.0,24.0,20.0,22.0,24.0,25.0,22.0,22.0,24.0,23.0,22.0,21.0,21.0,22.0,20.0,20.0,21.0,22.0,21.0,21.0,22.0,22.0,20.0,21.0,22.0,22.0,21.0,22.0,23.0,21.0,10.0,locate,0,0,2.6881
1788791675.5746,2026-09-07 16:34:35.574,19,e5,0,0,-0.04016,-0.49593,0.04986,-6.5579,12.5424,-22.3708,-0.1335,-0.0838,-0.5651,4.6903,23.0,21.0,19.0,22.0,25.0,21.0,22.0,21.0,25.0,26.0,20.0,20.0,26.0,25.0,21.0,21.0,24.0,22.0,22.0,21.0,21.0,22.0,20.0,20.0,21.0,22.0,21.0,21.0,22.0,22.0,20.0,21.0,22.0,22.0,21.0,22.0,23.0,21.0,10.0,locate,0,0,2.7553
1788791675.6247,2026-09-07 16:34:35.624,19,e5,0,0,-0.04062,-0.49689,0.04992,-6.5349,12.2726,-22.4027,-0.1267,-0.0821,-0.6291,4.70188,23.0,21.0,19.0,22.0,25.0,21.0,22.0,21.0,25.0,26.0,20.0,20.0,26.0,25.0,21.0,21.0,24.0,22.0,22.0,21.0,21.0,22.0,20.0,20.0,21.0,22.0,21.0,21.0,22.0,22.0,20.0,21.0,22.0,22.0,21.0,22.0,23.0,21.0,10.0,locate,0,0,2.6522
1788791675.6748,2026-09-07 16:34:35.674,19,e5,0,0,-0.04141,-0.49848,0.04989,-6.6646,12.134,-22.3332,-0.121,-0.0862,-0.7327,4.70213,22.0,22.0,20.0,20.0,26.0,23.0,21.0,23.0,22.0,24.0,21.0,22.0,24.0,24.0,22.0,21.0,22.0,23.0,22.0,21.0,21.0,22.0,20.0,20.0,21.0,22.0,21.0,21.0,22.0,22.0,20.0,21.0,22.0,22.0,21.0,22.0,23.0,21.0,10.0,locate,0,0,2.65
1788791675.7249,2026-09-07 16:34:35.724,19,e5,0,0,-0.04244,-0.50058,0.04981,-6.2899,11.9967,-22.8319,-0.1151,-0.0792,-0.8359,4.69306,25.0,21.0,19.0,22.0,23.0,22.0,22.0,21.0,24.0,24.0,22.0,21.0,25.0,24.0,22.0,21.0,24.0,23.0,22.0,21.0,21.0,22.0,20.0,20.0,21.0,22.0,21.0,21.0,22.0,22.0,20.0,21.0,22.0,22.0,21.0,22.0,23.0,21.0,10.0,locate,0,0,2.7306
1788791675.7751,2026-09-07 16:34:35.775,19,e5,0,0,-0.04351,-0.50283,0.04981,-6.8232,12.4915,-22.9479,-0.1279,-0.0983,-0.9335,4.69206,25.0,21.0,19.0,22.0,23.0,22.0,22.0,21.0,24.0,24.0,22.0,21.0,25.0,24.0,22.0,21.0,24.0,23.0,22.0,21.0,21.0,22.0,20.0,20.0,21.0,22.0,21.0,21.0,22.0,22.0,20.0,21.0,22.0,22.0,21.0,22.0,23.0,21.0,10.0,locate,0,0,2.7396
1788791675.8252,2026-09-07 16:34:35.825,19,e5,0,0,-0.04455,-0.50509,0.04981,-7.3475,12.3565,-23.0299,-0.1256,-0.1145,-1.0,4.6976,25.0,22.0,20.0,22.0,26.0,21.0,22.0,22.0,24.0,23.0,20.0,22.0,25.0,25.0,22.0,21.0,25.0,23.0,22.0,21.0,21.0,22.0,20.0,20.0,21.0,22.0,21.0,21.0,22.0,22.0,20.0,21.0,22.0,22.0,21.0,22.0,23.0,21.0,10.0,locate,0,0,2.6903
1788791675.8753,2026-09-07 16:34:35.875,19,e5,0,0,-0.04543,-0.50693,0.04984,-7.599,12.7833,-23.0289,-0.1294,-0.1157,-1.0275,4.68828,25.0,22.0,20.0,22.0,26.0,21.0,22.0,22.0,24.0,23.0,20.0,22.0,25.0,25.0,22.0,21.0,25.0,23.0,22.0,21.0,21.0,22.0,20.0,20.0,21.0,22.0,21.0,21.0,22.0,22.0,20.0,21.0,22.0,22.0,21.0,22.0,23.0,21.0,10.0,locate,0,0,2.7732
1788791675.9255,2026-09-07 16:34:35.925,19,e5,0,0,-0.04594,-0.5081,0.04981,-6.8192,11.4572,-23.0822,-0.0992,-0.0963,-1.026,4.70137,23.0,21.0,19.0,22.0,23.0,21.0,22.0,23.0,22.0,23.0,22.0,22.0,22.0,25.0,24.0,23.0,25.0,26.0,24.0,21.0,21.0,22.0,20.0,20.0,21.0,22.0,21.0,21.0,22.0,22.0,20.0,21.0,22.0,22.0,21.0,22.0,23.0,21.0,10.0,locate,0,0,2.6567
1788791675.9756,2026-09-07 16:34:35.975,19,e5,0,0,-0.04614,-0.50859,0.04982,-7.3101,12.1514,-23.0844,-0.1156,-0.1065,-1.0224,4.69004,23.0,19.0,19.0,22.0,22.0,20.0,23.0,22.0,24.0,24.0,21.0,23.0,26.0,25.0,23.0,21.0,24.0,25.0,21.0,21.0,21.0,22.0,20.0,20.0,21.0,22.0,21.0,21.0,22.0,22.0,20.0,21.0,22.0,22.0,21.0,22.0,23.0,21.0,10.0,locate,0,0,2.7575
1788791676.0257,2026-09-07 16:34:36.025,19,e5,0,0,-0.04617,-0.50859,0.04984,-6.9823,12.4392,-23.074,-0.1225,-0.0944,-0.993,4.69961,23.0,19.0,19.0,22.0,22.0,20.0,23.0,22.0,24.0,24.0,21.0,23.0,26.0,25.0,23.0,21.0,24.0,25.0,21.0,21.0,21.0,22.0,20.0,20.0,21.0,22.0,21.0,21.0,22.0,22.0,20.0,21.0,22.0,22.0,21.0,22.0,23.0,21.0,10.0,locate,0,0,2.6724
1788791676.0759,2026-09-07 16:34:36.075,19,e5,0,0,-0.04618,-0.50859,0.04984,-6.7362,12.1812,-23.0176,-0.1195,-0.087,-0.9689,4.69735,24.0,21.0,19.0,23.0,24.0,19.0,23.0,21.0,22.0,23.0,21.0,20.0,25.0,23.0,23.0,22.0,24.0,26.0,23.0,21.0,21.0,22.0,20.0,20.0,21.0,22.0,21.0,21.0,22.0,22.0,20.0,21.0,22.0,22.0,21.0,22.0,23.0,21.0,10.0,locate,0,0,2.6925
1788791676.126,2026-09-07 16:34:36.125,19,e5,0,0,-0.04623,-0.50858,0.04984,-6.7886,12.1464,-22.9784,-0.1184,-0.0875,-0.9555,4.69382,24.0,21.0,19.0,23.0,24.0,19.0,23.0,21.0,22.0,23.0,21.0,20.0,25.0,23.0,23.0,22.0,24.0,26.0,23.0,21.0,21.0,22.0,20.0,20.0,21.0,22.0,21.0,21.0,22.0,22.0,20.0,21.0,22.0,22.0,21.0,22.0,23.0,21.0,10.0,locate,0,0,2.7239
1788791676.1761,2026-09-07 16:34:36.176,19,e5,0,0,-0.04622,-0.50858,0.04982,-6.7122,11.9569,-23.0184,-0.1136,-0.087,-0.9519,4.6913,22.0,20.0,18.0,21.0,24.0,20.0,21.0,21.0,22.0,24.0,21.0,22.0,25.0,25.0,24.0,22.0,24.0,24.0,23.0,21.0,21.0,22.0,20.0,20.0,21.0,22.0,21.0,21.0,22.0,22.0,20.0,21.0,22.0,22.0,21.0,22.0,23.0,21.0,10.0,locate,0,0,2.7463
1788791676.2261,2026-09-07 16:34:36.226,19,e5,0,0,-0.04624,-0.50859,0.04982,-6.8747,11.8965,-22.934,-0.115,-0.0883,-0.9495,4.70314,22.0,20.0,18.0,21.0,24.0,20.0,21.0,21.0,22.0,24.0,21.0,22.0,25.0,25.0,24.0,22.0,24.0,24.0,23.0,21.0,21.0,22.0,20.0,20.0,21.0,22.0,21.0,21.0,22.0,22.0,20.0,21.0,22.0,22.0,21.0,22.0,23.0,21.0,10.0,locate,0,0,2.641
1788791676.2762,2026-09-07 16:34:36.276,19,e5,0,0,-0.04621,-0.50859,0.04981,-6.7224,12.3711,-22.6599,-0.1264,-0.0848,-0.9347,4.69306,21.0,21.0,19.0,21.0,22.0,21.0,22.0,21.0,23.0,24.0,21.0,20.0,25.0,25.0,24.0,21.0,24.0,25.0,23.0,21.0,21.0,22.0,20.0,20.0,21.0,22.0,21.0,21.0,22.0,22.0,20.0,21.0,22.0,22.0,21.0,22.0,23.0,21.0,10.0,locate,0,0,2.7306
1788791676.3262,2026-09-07 16:34:36.326,19,e5,0,0,-0.04623,-0.50861,0.04981,-6.7349,12.2213,-22.9802,-0.1237,-0.0857,-0.9269,4.70162,22.0,20.0,19.0,22.0,25.0,21.0,21.0,22.0,21.0,25.0,20.0,21.0,25.0,25.0,23.0,21.0,26.0,25.0,21.0,21.0,21.0,22.0,20.0,20.0,21.0,22.0,21.0,21.0,22.0,22.0,20.0,21.0,22.0,22.0,21.0,22.0,23.0,21.0,10.0,locate,0,0,2.6545
1788791676.3763,2026-09-07 16:34:36.376,19,e5,0,0,-0.04625,-0.50861,0.04982,-6.4265,12.0715,-22.9475,-0.118,-0.0756,-0.9212,4.68879,22.0,20.0,19.0,22.0,25.0,21.0,21.0,22.0,21.0,25.0,20.0,21.0,25.0,25.0,23.0,21.0,26.0,25.0,21.0,21.0,21.0,22.0,20.0,20.0,21.0,22.0,21.0,21.0,22.0,22.0,20.0,21.0,22.0,22.0,21.0,22.0,23.0,21.0,10.0,locate,0,0,2.7687
1788791676.4264,2026-09-07 16:34:36.426,19,e5,0,0,-0.04623,-0.50861,0.04981,-6.6573,12.0048,-22.8688,-0.1138,-0.0811,-0.92,4.69684,22.0,21.0,20.0,20.0,23.0,21.0,21.0,21.0,22.0,23.0,20.0,20.0,25.0,25.0,23.0,21.0,25.0,26.0,22.0,21.0,21.0,22.0,20.0,20.0,21.0,22.0,21.0,21.0,22.0,22.0,20.0,21.0,22.0,22.0,21.0,22.0,23.0,21.0,10.0,locate,0,0,2.697
1788791676.4765,2026-09-07 16:34:36.476,19,e5,0,0,-0.04622,-0.50862,0.04982,-6.5496,12.1204,-22.7896,-0.1164,-0.0816,-0.9147,4.69583,22.0,21.0,20.0,20.0,23.0,21.0,21.0,21.0,22.0,23.0,20.0,20.0,25.0,25.0,23.0,21.0,25.0,26.0,22.0,21.0,21.0,22.0,20.0,20.0,21.0,22.0,21.0,21.0,22.0,22.0,20.0,21.0,22.0,22.0,21.0,22.0,23.0,21.0,10.0,locate,0,0,2.706
1788791676.5265,2026-09-07 16:34:36.526,19,e5,0,0,-0.04624,-0.50861,0.04982,-6.8574,12.1215,-22.8358,-0.1175,-0.0876,-0.9118,4.70213,22.0,20.0,18.0,22.0,22.0,20.0,22.0,23.0,23.0,26.0,19.0,22.0,27.0,26.0,21.0,23.0,26.0,25.0,23.0,21.0,21.0,22.0,20.0,20.0,21.0,22.0,21.0,21.0,22.0,22.0,20.0,21.0,22.0,22.0,21.0,22.0,23.0,21.0,10.0,locate,0,0,2.65
1788791676.5765,2026-09-07 16:34:36.576,19,e5,0,0,-0.04623,-0.50861,0.04982,-6.6191,12.2906,-22.7504,-0.1253,-0.0834,-0.9114,4.6903,24.0,22.0,20.0,22.0,24.0,23.0,20.0,26.0,24.0,24.0,20.0,24.0,26.0,25.0,23.0,24.0,25.0,25.0,24.0,21.0,21.0,22.0,20.0,20.0,21.0,22.0,21.0,21.0,22.0,22.0,20.0,21.0,22.0,22.0,21.0,22.0,23.0,21.0,10.0,locate,0,0,2.7553
1788791676.6266,2026-09-07 16:34:36.626,19,e5,0,0,-0.04622,-0.5086,0.04979,-6.8551,12.2012,-22.7022,-0.1205,-0.0861,-0.9154,4.69382,24.0,22.0,20.0,22.0,24.0,23.0,20.0,26.0,24.0,24.0,20.0,24.0,26.0,25.0,23.0,24.0,25.0,25.0,24.0,21.0,21.0,22.0,20.0,20.0,21.0,22.0,21.0,21.0,22.0,22.0,20.0,21.0,22.0,22.0,21.0,22.0,23.0,21.0,10.0,locate,0,0,2.7239
1788791676.6767,2026-09-07 16:34:36.676,19,e5,0,0,-0.04624,-0.50861,0.04982,-6.6113,12.2015,-22.6406,-0.1203,-0.0825,-0.9021,4.69357,25.0,21.0,19.0,23.0,24.0,21.0,21.0,22.0,23.0,23.0,18.0,20.0,25.0,24.0,21.0,23.0,24.0,24.0,23.0,21.0,21.0,22.0,20.0,20.0,21.0,22.0,21.0,21.0,22.0,22.0,20.0,21.0,22.0,22.0,21.0,22.0,23.0,21.0,10.0,locate,0,0,2.7261
1788791676.7267,2026-09-07 16:34:36.726,19,e5,0,0,-0.04622,-0.50862,0.04982,-6.6627,11.9571,-22.5737,-0.1174,-0.0827,-0.9008,4.70162,25.0,21.0,19.0,23.0,24.0,21.0,21.0,22.0,23.0,23.0,18.0,20.0,25.0,24.0,21.0,23.0,24.0,24.0,23.0,21.0,21.0,22.0,20.0,20.0,21.0,22.0,21.0,21.0,22.0,22.0,20.0,21.0,22.0,22.0,21.0,22.0,23.0,21.0,10.0,locate,0,0,2.6545
1788791676.7768,2026-09-07 16:34:36.776,19,e5,0,0,-0.04625,-0.50861,0.04982,-6.9581,12.2776,-22.7081,-0.1261,-0.0896,-0.9051,4.68551,20.0,20.0,18.0,21.0,23.0,20.0,19.0,23.0,23.0,24.0,19.0,22.0,24.0,24.0,23.0,22.0,23.0,23.0,24.0,21.0,21.0,22.0,20.0,20.0,21.0,22.0,21.0,21.0,22.0,22.0,20.0,21.0,22.0,22.0,21.0,22.0,23.0,21.0,10.0,locate,0,0,2.7978
1788791676.8269,2026-09-07 16:34:36.826,19,e5,0,0,-0.04623,-0.5086,0.0498,-6.5999,12.1081,-22.9673,-0.1219,-0.0817,-0.8965,4.69785,23.0,20.0,20.0,23.0,22.0,20.0,20.0,22.0,21.0,25.0,20.0,22.0,23.0,26.0,22.0,22.0,25.0,24.0,22.0,21.0,21.0,22.0,20.0,20.0,21.0,22.0,21.0,21.0,22.0,22.0,20.0,21.0,22.0,22.0,21.0,22.0,23.0,21.0,10.0,locate,0,0,2.6881
1788791676.8769,2026-09-07 16:34:36.876,19,e5,0,0,-0.04622,-0.5086,0.0498,-6.5533,12.5158,-22.7933,-0.1293,-0.0791,-0.8965,4.69684,23.0,20.0,20.0,23.0,22.0,20.0,20.0,22.0,21.0,25.0,20.0,22.0,23.0,26.0,22.0,22.0,25.0,24.0,22.0,21.0,21.0,22.0,20.0,20.0,21.0,22.0,21.0,21.0,22.0,22.0,20.0,21.0,22.0,22.0,21.0,22.0,23.0,21.0,10.0,locate,0,0,2.697
1788791676.927,2026-09-07 16:34:36.927,19,e5,0,0,-0.04625,-0.50861,0.04983,-6.5386,11.9475,-22.715,-0.1137,-0.0782,-0.8905,4.69281,22.0,21.0,19.0,21.0,22.0,20.0,21.0,22.0,21.0,24.0,19.0,19.0,23.0,26.0,23.0,23.0,26.0,25.0,23.0,21.0,21.0,22.0,20.0,20.0,21.0,22.0,21.0,21.0,22.0,22.0,20.0,21.0,22.0,22.0,21.0,22.0,23.0,21.0,10.0,locate,0,0,2.7329
1788791676.9771,2026-09-07 16:34:36.977,19,e5,0,0,-0.04625,-0.50861,0.04982,-6.8931,12.181,-22.585,-0.1221,-0.0915,-0.8967,4.69886,22.0,21.0,19.0,21.0,22.0,20.0,21.0,22.0,21.0,24.0,19.0,19.0,23.0,26.0,23.0,23.0,26.0,25.0,23.0,21.0,21.0,22.0,20.0,20.0,21.0,22.0,21.0,21.0,22.0,22.0,20.0,21.0,22.0,22.0,21.0,22.0,23.0,21.0,10.0,locate,0,0,2.6791
1788791677.0273,2026-09-07 16:34:37.027,19,e5,0,0,-0.04622,-0.50861,0.0498,-6.8184,12.1556,-22.5349,-0.1187,-0.0888,-0.8893,4.69709,23.0,19.0,19.0,21.0,22.0,21.0,21.0,22.0,21.0,25.0,21.0,21.0,24.0,25.0,23.0,22.0,25.0,25.0,22.0,21.0,21.0,22.0,20.0,20.0,21.0,22.0,21.0,21.0,22.0,22.0,20.0,21.0,22.0,22.0,21.0,22.0,23.0,21.0,10.0,locate,0,0,2.6948
1788791677.0774,2026-09-07 16:34:37.077,19,e5,0,0,-0.04622,-0.50862,0.04982,-6.5906,12.2069,-22.568,-0.1263,-0.0793,-0.8892,4.68853,23.0,19.0,19.0,21.0,21.0,22.0,23.0,23.0,22.0,26.0,20.0,23.0,24.0,27.0,23.0,23.0,27.0,25.0,23.0,21.0,21.0,22.0,20.0,20.0,21.0,22.0,21.0,21.0,22.0,22.0,20.0,21.0,22.0,22.0,21.0,22.0,23.0,21.0,10.0,locate,0,0,2.7709
1788791677.1275,2026-09-07 16:34:37.127,19,e5,0,0,-0.04623,-0.5086,0.04981,-6.8452,12.1548,-22.8059,-0.1182,-0.0879,-0.8867,4.69961,23.0,19.0,19.0,21.0,21.0,22.0,23.0,23.0,22.0,26.0,20.0,23.0,24.0,27.0,23.0,23.0,27.0,25.0,23.0,21.0,21.0,22.0,20.0,20.0,21.0,22.0,21.0,21.0,22.0,22.0,20.0,21.0,22.0,22.0,21.0,22.0,23.0,21.0,10.0,locate,0,0,2.6724
1788791677.1775,2026-09-07 16:34:37.177,19,e5,0,0,-0.04625,-0.50861,0.04981,-6.3378,11.8594,-22.7252,-0.1154,-0.0713,-0.8837,4.69458,22.0,20.0,21.0,21.0,23.0,23.0,21.0,24.0,22.0,25.0,21.0,23.0,23.0,26.0,23.0,23.0,25.0,24.0,24.0,21.0,21.0,22.0,20.0,20.0,21.0,22.0,21.0,21.0,22.0,22.0,20.0,21.0,22.0,22.0,21.0,22.0,23.0,21.0,10.0,locate,0,0,2.7172
1788791677.2276,2026-09-07 16:34:37.227,19,e5,0,0,-0.04622,-0.50861,0.04981,-6.7524,12.11,-22.7185,-0.1215,-0.081,-0.8881,4.69483,22.0,20.0,21.0,21.0,23.0,23.0,21.0,24.0,22.0,25.0,21.0,23.0,23.0,26.0,23.0,23.0,25.0,24.0,24.0,21.0,21.0,22.0,20.0,20.0,21.0,22.0,21.0,21.0,22.0,22.0,20.0,21.0,22.0,22.0,21.0,22.0,23.0,21.0,10.0,locate,0,0,2.7149
1788791677.2778,2026-09-07 16:34:37.277,19,e5,0,0,-0.04623,-0.50861,0.04981,-6.7971,12.2163,-22.6845,-0.1195,-0.0832,-0.8806,4.70062,24.0,20.0,20.0,23.0,23.0,22.0,21.0,22.0,23.0,23.0,22.0,21.0,25.0,24.0,24.0,23.0,25.0,25.0,23.0,21.0,21.0,22.0,20.0,20.0,21.0,22.0,21.0,21.0,22.0,22.0,20.0,21.0,22.0,22.0,21.0,22.0,23.0,21.0,10.0,locate,0,0,2.6634
1788791677.3279,2026-09-07 16:34:37.327,19,e5,0,0,-0.04624,-0.5086,0.0498,-6.6248,12.4733,-22.6302,-0.1307,-0.0844,-0.8823,4.69432,24.0,20.0,20.0,23.0,23.0,22.0,21.0,22.0,23.0,23.0,22.0,21.0,25.0,24.0,24.0,23.0,25.0,25.0,23.0,21.0,21.0,22.0,20.0,20.0,21.0,22.0,21.0,21.0,22.0,22.0,20.0,21.0,22.0,22.0,21.0,22.0,23.0,21.0,10.0,locate,0,0,2.7194
1788791677.378,2026-09-07 16:34:37.378,19,e5,0,0,-0.04623,-0.50861,0.04981,-6.8474,12.7078,-22.5573,-0.1341,-0.0887,-0.878,4.69055,23.0,22.0,19.0,20.0,23.0,19.0,21.0,22.0,21.0,25.0,19.0,22.0,23.0,26.0,23.0,23.0,26.0,25.0,24.0,21.0,21.0,22.0,20.0,20.0,21.0,22.0,21.0,21.0,22.0,22.0,20.0,21.0,22.0,22.0,21.0,22.0,23.0,21.0,10.0,locate,0,0,2.753
1788791677.4281,2026-09-07 16:34:37.428,19,e5,0,0,-0.04622,-0.50861,0.04981,-6.7017,12.2271,-22.7012,-0.1242,-0.0811,-0.8801,4.69684,23.0,20.0,18.0,23.0,22.0,20.0,19.0,20.0,22.0,22.0,22.0,20.0,24.0,24.0,25.0,19.0,24.0,25.0,20.0,21.0,21.0,22.0,20.0,20.0,21.0,22.0,21.0,21.0,22.0,22.0,20.0,21.0,22.0,22.0,21.0,22.0,23.0,21.0,10.0,locate,0,0,2.697
1788791677.4782,2026-09-07 16:34:37.478,19,e5,0,0,-0.04623,-0.50862,0.04981,-6.7754,12.4139,-22.6548,-0.1265,-0.0832,-0.882,4.69961,23.0,20.0,18.0,23.0,22.0,20.0,19.0,20.0,22.0,22.0,22.0,20.0,24.0,24.0,25.0,19.0,24.0,25.0,20.0,21.0,21.0,22.0,20.0,20.0,21.0,22.0,21.0,21.0,22.0,22.0,20.0,21.0,22.0,22.0,21.0,22.0,23.0,21.0,10.0,locate,0,0,2.6724
1788791677.5283,2026-09-07 16:34:37.528,19,e5,0,0,-0.04624,-0.50862,0.04982,-6.5823,12.1484,-22.7801,-0.1228,-0.0819,-0.8758,4.6903,22.0,20.0,19.0,20.0,22.0,20.0,22.0,21.0,22.0,26.0,21.0,21.0,24.0,27.0,23.0,20.0,26.0,25.0,22.0,21.0,21.0,22.0,20.0,20.0,21.0,22.0,21.0,21.0,22.0,22.0,20.0,21.0,22.0,22.0,21.0,22.0,23.0,21.0,10.0,locate,0,0,2.7553
1788791677.5785,2026-09-07 16:34:37.578,19,e5,0,0,-0.04624,-0.50861,0.04981,-6.4178,12.2604,-22.9909,-0.1255,-0.0746,-0.8768,4.69357,22.0,20.0,19.0,20.0,22.0,20.0,22.0,21.0,22.0,26.0,21.0,21.0,24.0,27.0,23.0,20.0,26.0,25.0,22.0,21.0,21.0,22.0,20.0,20.0,21.0,22.0,21.0,21.0,22.0,22.0,20.0,21.0,22.0,22.0,21.0,22.0,23.0,21.0,10.0,locate,0,0,2.7261
1788791677.6286,2026-09-07 16:34:37.628,19,e5,0,0,-0.04624,-0.50861,0.04982,-6.372,12.0687,-22.5887,-0.1213,-0.0714,-0.8726,4.70314,22.0,21.0,20.0,20.0,23.0,22.0,22.0,23.0,23.0,24.0,20.0,21.0,24.0,25.0,23.0,23.0,25.0,26.0,23.0,21.0,21.0,22.0,20.0,20.0,21.0,22.0,21.0,21.0,22.0,22.0,20.0,21.0,22.0,22.0,21.0,22.0,23.0,21.0,10.0,locate,0,0,2.641
1788791677.6787,2026-09-07 16:34:37.678,19,e5,0,0,-0.04624,-0.50861,0.04981,-6.444,12.2146,-22.6502,-0.1228,-0.0753,-0.8681,4.6976,23.0,19.0,19.0,22.0,21.0,20.0,21.0,21.0,21.0,24.0,21.0,21.0,23.0,26.0,24.0,23.0,24.0,26.0,23.0,21.0,21.0,22.0,20.0,20.0,21.0,22.0,21.0,21.0,22.0,22.0,20.0,21.0,22.0,22.0,21.0,22.0,23.0,21.0,10.0,locate,0,0,2.6903
1788791677.7288,2026-09-07 16:34:37.728,19,e5,0,0,-0.04625,-0.5086,0.04981,-6.6543,12.1017,-22.6461,-0.119,-0.0818,-0.871,4.6913,23.0,19.0,19.0,22.0,21.0,20.0,21.0,21.0,21.0,24.0,21.0,21.0,23.0,26.0,24.0,23.0,24.0,26.0,23.0,21.0,21.0,22.0,20.0,20.0,21.0,22.0,21.0,21.0,22.0,22.0,20.0,21.0,22.0,22.0,21.0,22.0,23.0,21.0,10.0,locate,0,0,2.7463
1788791677.779,2026-09-07 16:34:37.778,19,e5,0,0,-0.04624,-0.50861,0.04983,-6.6035,12.3128,-22.5832,-0.1247,-0.0792,-0.8701,4.69432,23.0,20.0,19.0,23.0,24.0,20.0,23.0,22.0,24.0,24.0,20.0,21.0,26.0,26.0,23.0,21.0,26.0,24.0,21.0,21.0,21.0,22.0,20.0,20.0,21.0,22.0,21.0,21.0,22.0,22.0,20.0,21.0,22.0,22.0,21.0,22.0,23.0,21.0,10.0,locate,0,0,2.7194
1788791677.8291,2026-09-07 16:34:37.829,19,e5,0,0,-0.04622,-0.50861,0.0498,-6.5948,12.3389,-22.5413,-0.127,-0.0793,-0.8718,4.69986,23.0,20.0,19.0,23.0,24.0,20.0,23.0,22.0,24.0,24.0,20.0,21.0,26.0,26.0,23.0,21.0,26.0,24.0,21.0,21.0,21.0,22.0,20.0,20.0,21.0,22.0,21.0,21.0,22.0,22.0,20.0,21.0,22.0,22.0,21.0,22.0,23.0,21.0,10.0,locate,0,0,2.6701
1788791677.8792,2026-09-07 16:34:37.879,19,e5,0,0,-0.04624,-0.50861,0.04982,-6.7755,12.287,-22.5085,-0.1303,-0.086,-0.8733,4.69609,24.0,21.0,20.0,22.0,24.0,21.0,21.0,23.0,22.0,24.0,20.0,21.0,24.0,24.0,23.0,21.0,24.0,26.0,22.0,21.0,21.0,22.0,20.0,20.0,21.0,22.0,21.0,21.0,22.0,22.0,20.0,21.0,22.0,22.0,21.0,22.0,23.0,21.0,10.0,locate,0,0,2.7037
1788791677.9294,2026-09-07 16:34:37.929,19,e5,0,0,-0.04623,-0.5086,0.04982,-6.6178,12.2564,-22.5128,-0.121,-0.0809,-0.8663,4.69105,22.0,20.0,19.0,22.0,23.0,21.0,21.0,23.0,22.0,24.0,19.0,22.0,25.0,24.0,22.0,21.0,24.0,24.0,23.0,21.0,21.0,22.0,20.0,20.0,21.0,22.0,21.0,21.0,22.0,22.0,20.0,21.0,22.0,22.0,21.0,22.0,23.0,21.0,10.0,locate,0,0,2.7485
1788791677.9795,2026-09-07 16:34:37.979,19,e5,0,0,-0.04624,-0.50861,0.04982,-6.7859,12.2399,-22.6125,-0.1271,-0.0843,-0.8735,4.69558,22.0,20.0,19.0,22.0,23.0,21.0,21.0,23.0,22.0,24.0,19.0,22.0,25.0,24.0,22.0,21.0,24.0,24.0,23.0,21.0,21.0,22.0,20.0,20.0,21.0,22.0,21.0,21.0,22.0,22.0,20.0,21.0,22.0,22.0,21.0,22.0,23.0,21.0,10.0,locate,0,0,2.7082
1788791678.0296,2026-09-07 16:34:38.029,19,e5,1,0,-0.04624,-0.5086,0.04979,-6.6303,11.9567,-22.4274,-0.1159,-0.0806,-0.8584,4.69886,23.0,21.0,19.0,21.0,23.0,20.0,20.0,21.0,20.0,24.0,21.0,21.0,21.0,24.0,23.0,22.0,24.0,24.0,22.0,21.0,21.0,22.0,20.0,20.0,21.0,22.0,21.0,21.0,22.0,22.0,20.0,21.0,22.0,22.0,21.0,22.0,23.0,21.0,10.0,press,0,0,2.6791
1788791678.0797,2026-09-07 16:34:38.079,19,e5,1,0,-0.04623,-0.50862,0.0498,-6.4118,11.881,-22.58,-0.1143,-0.0735,-0.8567,4.69281,23.0,21.0,19.0,21.0,23.0,20.0,20.0,21.0,20.0,24.0,21.0,21.0,21.0,24.0,23.0,22.0,24.0,24.0,22.0,21.0,21.0,22.0,20.0,20.0,21.0,22.0,21.0,21.0,22.0,22.0,20.0,21.0,22.0,22.0,21.0,22.0,23.0,21.0,10.0,press,0,0,2.7329
1788791678.1298,2026-09-07 16:34:38.129,19,e5,1,0,-0.04622,-0.50861,0.04969,-6.8679,12.6523,-22.4258,-0.1332,-0.0851,-0.8654,4.69105,23.0,17.0,20.0,22.0,20.0,20.0,22.0,22.0,21.0,24.0,20.0,21.0,23.0,24.0,24.0,21.0,25.0,26.0,22.0,21.0,21.0,22.0,20.0,20.0,21.0,22.0,21.0,21.0,22.0,22.0,20.0,21.0,22.0,22.0,21.0,22.0,23.0,21.0,10.0,press,0,0,2.7485
1788791678.1799,2026-09-07 16:34:38.179,19,e5,1,0,-0.04625,-0.50862,0.04956,-7.0208,12.2879,-22.6851,-0.1214,-0.0912,-0.8655,4.69684,24.0,18.0,19.0,22.0,21.0,21.0,22.0,24.0,21.0,25.0,20.0,23.0,25.0,25.0,22.0,23.0,25.0,24.0,24.0,21.0,21.0,22.0,20.0,20.0,21.0,22.0,21.0,21.0,22.0,22.0,20.0,21.0,22.0,22.0,21.0,22.0,23.0,21.0,10.0,press,0,0,2.697
1788791678.23,2026-09-07 16:34:38.230,19,e5,1,0,-0.04622,-0.50861,0.04939,-6.9216,12.4151,-22.4707,-0.1267,-0.0857,-0.8666,4.69432,24.0,18.0,19.0,22.0,21.0,21.0,22.0,24.0,21.0,25.0,20.0,23.0,25.0,25.0,22.0,23.0,25.0,24.0,24.0,21.0,21.0,22.0,20.0,20.0,21.0,22.0,21.0,21.0,22.0,22.0,20.0,21.0,22.0,22.0,21.0,22.0,23.0,21.0,10.0,press,0,0,2.7194
1788791678.2802,2026-09-07 16:34:38.280,19,e5,1,0,-0.04624,-0.50863,0.04923,-6.5553,12.0508,-22.5581,-0.1172,-0.0771,-0.8638,4.69382,24.0,20.0,20.0,24.0,23.0,21.0,22.0,21.0,22.0,23.0,22.0,20.0,25.0,24.0,24.0,21.0,24.0,25.0,21.0,21.0,21.0,22.0,20.0,20.0,21.0,22.0,21.0,21.0,22.0,22.0,20.0,21.0,22.0,22.0,21.0,22.0,23.0,21.0,10.0,press,0,0,2.7239
1788791678.3303,2026-09-07 16:34:38.330,19,e5,1,0,-0.04624,-0.50863,0.04901,-6.5726,12.5071,-22.5035,-0.1286,-0.0806,-0.8604,4.70389,24.0,20.0,20.0,24.0,23.0,21.0,22.0,21.0,22.0,23.0,22.0,20.0,25.0,24.0,24.0,21.0,24.0,25.0,21.0,21.0,21.0,22.0,20.0,20.0,21.0,22.0,21.0,21.0,22.0,22.0,20.0,21.0,22.0,22.0,21.0,22.0,23.0,21.0,10.0,press,0,0,2.6343
1788791678.3804,2026-09-07 16:34:38.380,19,e5,1,0,-0.04626,-0.50863,0.0488,-6.611,12.4892,-22.5276,-0.1271,-0.0803,-0.8591,4.69432,23.0,20.0,18.0,21.0,22.0,19.0,21.0,24.0,22.0,25.0,20.0,22.0,24.0,26.0,23.0,23.0,26.0,25.0,24.0,21.0,21.0,22.0,20.0,20.0,21.0,22.0,21.0,21.0,22.0,22.0,20.0,21.0,22.0,22.0,21.0,22.0,23.0,21.0,10.0,press,0,0,2.7194
1788791678.4305,2026-09-07 16:34:38.430,19,e5,1,0,-0.04626,-0.50864,0.04852,-6.6791,12.2758,-22.3347,-0.1216,-0.0821,-0.8572,4.69583,23.0,20.0,18.0,21.0,22.0,19.0,21.0,24.0,22.0,25.0,20.0,22.0,24.0,26.0,23.0,23.0,26.0,25.0,24.0,21.0,21.0,22.0,20.0,20.0,21.0,22.0,21.0,21.0,22.0,22.0,20.0,21.0,22.0,22.0,21.0,22.0,23.0,21.0,10.0,press,0,0,2.706
1788791678.4806,2026-09-07 16:34:38.480,19,e5,1,0,-0.04624,-0.50865,0.04822,-6.5946,12.2729,-22.6626,-0.1243,-0.0803,-0.8555,4.70263,22.0,20.0,19.0,22.0,24.0,22.0,21.0,22.0,22.0,25.0,21.0,21.0,24.0,27.0,23.0,20.0,24.0,24.0,20.0,21.0,21.0,22.0,20.0,20.0,21.0,22.0,21.0,21.0,22.0,22.0,20.0,21.0,22.0,22.0,21.0,22.0,23.0,21.0,10.0,press,0,0,2.6455
1788791678.5307,2026-09-07 16:34:38.530,19,e5,1,0,-0.04624,-0.50863,0.04791,-6.4566,12.4356,-22.4884,-0.1279,-0.0767,-0.8584,4.71396,23.0,21.0,19.0,22.0,23.0,21.0,22.0,21.0,21.0,25.0,21.0,22.0,22.0,27.0,25.0,22.0,25.0,26.0,23.0,21.0,21.0,22.0,20.0,20.0,21.0,22.0,21.0,21.0,22.0,22.0,20.0,21.0,22.0,22.0,21.0,22.0,23.0,21.0,10.0,press,0,0,2.5447
1788791678.5807,2026-09-07 16:34:38.580,19,e5,1,0,-0.04623,-0.50861,0.04755,-6.6091,12.3194,-22.6002,-0.1254,-0.0792,-0.8575,4.70137,23.0,21.0,19.0,22.0,23.0,21.0,22.0,21.0,21.0,25.0,21.0,22.0,22.0,27.0,25.0,22.0,25.0,26.0,23.0,21.0,21.0,22.0,20.0,20.0,21.0,22.0,21.0,21.0,22.0,22.0,20.0,21.0,22.0,22.0,21.0,22.0,23.0,21.0,10.0,press,0,0,2.6567
1788791678.6308,2026-09-07 16:34:38.630,19,e5,1,0,-0.04624,-0.50864,0.04724,-6.8805,12.1324,-22.7881,-0.1214,-0.0864,-0.8567,4.69281,22.0,19.0,19.0,22.0,21.0,20.0,22.0,21.0,22.0,24.0,21.0,19.0,24.0,24.0,24.0,20.0,24.0,27.0,22.0,21.0,21.0,22.0,20.0,20.0,21.0,22.0,21.0,21.0,22.0,22.0,20.0,21.0,22.0,22.0,21.0,22.0,23.0,21.0,10.0,press,0,0,2.7329
1788791678.681,2026-09-07 16:34:38.681,19,e5,1,0,-0.04625,-0.50864,0.04691,-6.3898,12.0377,-22.7323,-0.1153,-0.0725,-0.8485,4.68576,22.0,19.0,19.0,22.0,21.0,20.0,22.0,21.0,22.0,24.0,21.0,19.0,24.0,24.0,24.0,20.0,24.0,27.0,22.0,21.0,21.0,22.0,20.0,20.0,21.0,22.0,21.0,21.0,22.0,22.0,20.0,21.0,22.0,22.0,21.0,22.0,23.0,21.0,10.0,press,0,0,2.7956
1788791678.7312,2026-09-07 16:34:38.731,19,e5,1,0,-0.04627,-0.50864,0.04657,-6.3107,12.4315,-22.5026,-0.1315,-0.0722,-0.8533,4.70087,23.0,19.0,18.0,20.0,22.0,20.0,21.0,22.0,20.0,25.0,19.0,21.0,23.0,25.0,25.0,22.0,25.0,25.0,23.0,21.0,21.0,22.0,20.0,20.0,21.0,22.0,21.0,21.0,22.0,22.0,20.0,21.0,22.0,22.0,21.0,22.0,23.0,21.0,10.0,press,0,0,2.6612
1788791678.7813,2026-09-07 16:34:38.781,19,e5,1,0,-0.04625,-0.50863,0.04623,-6.7569,12.4724,-22.5555,-0.1284,-0.0827,-0.8623,4.69256,24.0,18.0,19.0,22.0,21.0,21.0,21.0,24.0,22.0,25.0,21.0,23.0,24.0,26.0,26.0,24.0,26.0,27.0,25.0,21.0,21.0,22.0,20.0,20.0,21.0,22.0,21.0,21.0,22.0,22.0,20.0,21.0,22.0,22.0,21.0,22.0,23.0,21.0,10.0,press,0,0,2.7351
1788791678.8315,2026-09-07 16:34:38.831,19,e5,1,0,-0.04627,-0.50862,0.0459,-6.6849,12.4891,-22.6888,-0.132,-0.0819,-0.8583,4.7059,24.0,18.0,19.0,22.0,21.0,21.0,21.0,24.0,22.0,25.0,21.0,23.0,24.0,26.0,26.0,24.0,26.0,27.0,25.0,21.0,21.0,22.0,20.0,20.0,21.0,22.0,21.0,21.0,22.0,22.0,20.0,21.0,22.0,22.0,21.0,22.0,23.0,21.0,10.0,press,0,0,2.6164
1788791678.8815,2026-09-07 16:34:38.881,19,e5,1,0,-0.04625,-0.50862,0.04557,-6.4451,12.4504,-22.7148,-0.1298,-0.0725,-0.8491,4.6981,26.0,19.0,19.0,25.0,22.0,22.0,21.0,22.0,21.0,26.0,21.0,20.0,23.0,25.0,25.0,20.0,26.0,28.0,21.0,21.0,21.0,22.0,20.0,20.0,21.0,22.0,21.0,21.0,22.0,22.0,20.0,21.0,22.0,22.0,21.0,22.0,23.0,21.0,10.0,press,0,0,2.6858
1788791678.9317,2026-09-07 16:34:38.931,19,e5,1,0,-0.04624,-0.50862,0.04522,-6.8991,12.6694,-22.6891,-0.1332,-0.0855,-0.8587,4.69382,26.0,19.0,19.0,25.0,22.0,22.0,21.0,22.0,21.0,26.0,21.0,20.0,23.0,25.0,25.0,20.0,26.0,28.0,21.0,21.0,21.0,22.0,20.0,20.0,21.0,22.0,21.0,21.0,22.0,22.0,20.0,21.0,22.0,22.0,21.0,22.0,23.0,21.0,10.0,press,0,0,2.7239
1788791678.9818,2026-09-07 16:34:38.981,19,e5,1,0,-0.04624,-0.50862,0.04488,-6.6358,11.8815,-22.6034,-0.1134,-0.0765,-0.8571,4.69357,23.0,18.0,19.0,22.0,21.0,21.0,22.0,20.0,20.0,27.0,22.0,20.0,21.0,27.0,25.0,21.0,27.0,28.0,22.0,21.0,21.0,22.0,20.0,20.0,21.0,22.0,21.0,21.0,22.0,22.0,20.0,21.0,22.0,22.0,21.0,22.0,23.0,21.0,10.0,press,0,0,2.7261
1788791679.0319,2026-09-07 16:34:39.031,19,e5,1,0,-0.04625,-0.50862,0.04454,-6.6271,12.4744,-22.6539,-0.1313,-0.0777,-0.8548,4.6908,21.0,18.0,21.0,22.0,20.0,23.0,22.0,22.0,22.0,27.0,22.0,21.0,25.0,27.0,27.0,22.0,27.0,28.0,21.0,21.0,21.0,22.0,20.0,20.0,21.0,22.0,21.0,21.0,22.0,22.0,20.0,21.0,22.0,22.0,21.0,22.0,23.0,21.0,10.0,press,0,0,2.7508
1788791679.082,2026-09-07 16:34:39.081,19,e5,1,0,-0.04623,-0.50862,0.04421,-6.4459,12.6246,-22.614,-0.1319,-0.0727,-0.8502,4.6772,21.0,18.0,21.0,22.0,20.0,23.0,22.0,22.0,22.0,27.0,22.0,21.0,25.0,27.0,27.0,22.0,27.0,28.0,21.0,21.0,21.0,22.0,20.0,20.0,21.0,22.0,21.0,21.0,22.0,22.0,20.0,21.0,22.0,22.0,21.0,22.0,23.0,21.0,10.0,press,0,0,2.8717
1788791679.1321,2026-09-07 16:34:39.132,19,e5,1,0,-0.04624,-0.50863,0.04389,-6.3437,12.2931,-22.7271,-0.1279,-0.0714,-0.8403,4.66587,23.0,19.0,22.0,22.0,22.0,22.0,24.0,22.0,22.0,27.0,23.0,20.0,23.0,27.0,28.0,21.0,27.0,32.0,23.0,21.0,21.0,22.0,20.0,20.0,21.0,22.0,21.0,21.0,22.0,22.0,20.0,21.0,22.0,22.0,21.0,22.0,23.0,21.0,10.0,press,0,0,2.9725
1788791679.1822,2026-09-07 16:34:39.182,19,e5,1,0,-0.04626,-0.50861,0.04355,-6.3413,12.1545,-22.2208,-0.1174,-0.0699,-0.8492,4.63818,23.0,19.0,22.0,22.0,22.0,22.0,24.0,22.0,22.0,27.0,23.0,20.0,23.0,27.0,28.0,21.0,27.0,32.0,23.0,21.0,21.0,22.0,20.0,20.0,21.0,22.0,21.0,21.0,22.0,22.0,20.0,21.0,22.0,22.0,21.0,22.0,23.0,21.0,10.0,press,0,0,3.2189
1788791679.2324,2026-09-07 16:34:39.232,19,e5,1,0,-0.04624,-0.50861,0.04321,-6.303,12.3056,-22.3112,-0.122,-0.073,-0.843,4.60293,22.0,19.0,20.0,21.0,22.0,22.0,25.0,22.0,21.0,25.0,23.0,20.0,24.0,28.0,27.0,22.0,27.0,33.0,22.0,21.0,21.0,22.0,20.0,20.0,21.0,22.0,21.0,21.0,22.0,22.0,20.0,21.0,22.0,22.0,21.0,22.0,23.0,21.0,10.0,press,0,0,3.5325
1788791679.2826,2026-09-07 16:34:39.282,19,e5,1,0,-0.04623,-0.5086,0.04282,-6.5964,12.9395,-22.1927,-0.1314,-0.0772,-0.8453,4.56667,22.0,19.0,21.0,21.0,21.0,23.0,24.0,20.0,22.0,24.0,23.0,20.0,24.0,26.0,27.0,21.0,27.0,31.0,22.0,21.0,21.0,22.0,20.0,20.0,21.0,22.0,21.0,21.0,22.0,22.0,20.0,21.0,22.0,22.0,21.0,22.0,23.0,21.0,10.0,press,0,0,3.8551
1788791679.3327,2026-09-07 16:34:39.332,19,e5,1,0,-0.04623,-0.50861,0.04253,-6.7071,12.4249,-22.1356,-0.1175,-0.082,-0.8424,4.54074,22.0,19.0,21.0,21.0,21.0,23.0,24.0,20.0,22.0,24.0,23.0,20.0,24.0,26.0,27.0,21.0,27.0,31.0,22.0,21.0,21.0,22.0,20.0,20.0,21.0,22.0,21.0,21.0,22.0,22.0,20.0,21.0,22.0,22.0,21.0,22.0,23.0,21.0,10.0,press,0,0,4.0858
1788791679.3829,2026-09-07 16:34:39.382,19,e5,1,0,-0.04623,-0.50862,0.04221,-6.3044,12.5851,-21.951,-0.1191,-0.0682,-0.8429,4.49164,20.0,21.0,19.0,18.0,23.0,20.0,23.0,23.0,21.0,26.0,24.0,22.0,24.0,26.0,30.0,22.0,26.0,32.0,23.0,21.0,21.0,22.0,20.0,20.0,21.0,22.0,21.0,21.0,22.0,22.0,20.0,21.0,22.0,22.0,21.0,22.0,23.0,21.0,10.0,press,0,0,4.5226
1788791679.433,2026-09-07 16:34:39.433,19,e5,1,0,-0.04626,-0.50861,0.04188,-6.6832,12.5033,-21.7858,-0.1133,-0.0765,-0.8433,4.43525,20.0,21.0,19.0,18.0,23.0,20.0,23.0,23.0,21.0,26.0,24.0,22.0,24.0,26.0,30.0,22.0,26.0,32.0,23.0,21.0,21.0,22.0,20.0,20.0,21.0,22.0,21.0,21.0,22.0,22.0,20.0,21.0,22.0,22.0,21.0,22.0,23.0,21.0,10.0,press,0,0,5.0243
1788791679.4831,2026-09-07 16:34:39.483,19,e5,1,0,-0.04626,-0.50863,0.04158,-6.7771,12.7457,-21.4603,-0.1206,-0.0765,-0.8425,4.3786,23.0,20.0,19.0,21.0,23.0,20.0,23.0,22.0,21.0,28.0,23.0,20.0,24.0,28.0,32.0,22.0,28.0,34.0,23.0,21.0,21.0,22.0,20.0,20.0,21.0,22.0,21.0,21.0,22.0,22.0,20.0,21.0,22.0,22.0,21.0,22.0,23.0,21.0,10.0,press,0,0,5.5283
1788791679.5332,2026-09-07 16:34:39.533,19,e5,1,0,-0.04625,-0.50862,0.04123,-6.4012,12.3428,-21.0598,-0.1044,-0.0665,-0.8377,4.27739,23.0,20.0,19.0,21.0,23.0,20.0,23.0,22.0,21.0,28.0,23.0,20.0,24.0,28.0,32.0,22.0,28.0,34.0,23.0,21.0,21.0,22.0,20.0,20.0,21.0,22.0,21.0,21.0,22.0,22.0,20.0,21.0,22.0,22.0,21.0,22.0,23.0,21.0,10.0,press,0,0,6.4287
1788791679.5834,2026-09-07 16:34:39.583,19,e5,1,0,-0.04625,-0.50861,0.04092,-6.5754,12.2434,-20.6098,-0.1066,-0.0691,-0.8435,4.18121,23.0,21.0,21.0,21.0,22.0,22.0,25.0,21.0,23.0,27.0,24.0,20.0,25.0,29.0,32.0,22.0,29.0,34.0,22.0,21.0,21.0,22.0,20.0,20.0,21.0,22.0,21.0,21.0,22.0,22.0,20.0,21.0,22.0,22.0,21.0,22.0,23.0,21.0,10.0,press,0,0,7.2843
1788791679.6335,2026-09-07 16:34:39.633,19,e5,1,0,-0.04625,-0.50862,0.04069,-6.4655,12.3276,-20.3902,-0.1047,-0.0678,-0.8399,4.09485,22.0,20.0,20.0,22.0,22.0,21.0,23.0,22.0,22.0,28.0,24.0,21.0,25.0,30.0,35.0,22.0,29.0,39.0,23.0,21.0,21.0,22.0,20.0,20.0,21.0,22.0,21.0,21.0,22.0,22.0,20.0,21.0,22.0,22.0,21.0,22.0,23.0,21.0,10.0,press,0,0,8.0526
1788791679.6836,2026-09-07 16:34:39.683,19,e5,1,0,-0.04623,-0.50861,0.04044,-6.6936,12.8288,-19.97,-0.1163,-0.0755,-0.8436,4.00774,22.0,20.0,20.0,22.0,22.0,21.0,23.0,22.0,22.0,28.0,24.0,21.0,25.0,30.0,35.0,22.0,29.0,39.0,23.0,21.0,21.0,22.0,20.0,20.0,21.0,22.0,21.0,21.0,22.0,22.0,20.0,21.0,22.0,22.0,21.0,22.0,23.0,21.0,10.0,press,0,0,8.8276
1788791679.7337,2026-09-07 16:34:39.733,19,e5,1,0,-0.04624,-0.50862,0.04024,-6.5279,12.3925,-19.8011,-0.1057,-0.0696,-0.8354,3.95688,24.0,19.0,21.0,23.0,21.0,22.0,24.0,20.0,23.0,28.0,26.0,20.0,25.0,31.0,34.0,21.0,31.0,41.0,21.0,21.0,21.0,22.0,20.0,20.0,21.0,22.0,21.0,21.0,22.0,22.0,20.0,21.0,22.0,22.0,21.0,22.0,23.0,21.0,10.0,press,0,0,9.2801
1788791679.7838,2026-09-07 16:34:39.783,19,e5,1,0,-0.04623,-0.50862,0.04011,-6.7777,12.7002,-19.4757,-0.1102,-0.0765,-0.8447,3.90929,24.0,19.0,21.0,23.0,21.0,22.0,24.0,20.0,23.0,28.0,26.0,20.0,25.0,31.0,34.0,21.0,31.0,41.0,21.0,21.0,21.0,22.0,20.0,20.0,21.0,22.0,21.0,21.0,22.0,22.0,20.0,21.0,22.0,22.0,21.0,22.0,23.0,21.0,10.0,press,0,0,9.7034
1788791679.8339,2026-09-07 16:34:39.833,19,e5,1,0,-0.04623,-0.50864,0.04004,-6.9077,12.5615,-19.3742,-0.1061,-0.0809,-0.8452,3.89444,22.0,21.0,21.0,21.0,23.0,22.0,25.0,22.0,21.0,29.0,26.0,21.0,24.0,32.0,35.0,22.0,32.0,44.0,22.0,21.0,21.0,22.0,20.0,20.0,21.0,22.0,21.0,21.0,22.0,22.0,20.0,21.0,22.0,22.0,21.0,22.0,23.0,21.0,10.0,press,0,0,9.8356
1788791679.884,2026-09-07 16:34:39.884,19,e5,1,0,-0.04623,-0.50863,0.03995,-6.8347,12.0454,-19.2198,-0.0939,-0.0783,-0.8446,3.87127,23.0,18.0,23.0,21.0,21.0,23.0,25.0,23.0,22.0,28.0,26.0,23.0,25.0,30.0,36.0,24.0,30.0,44.0,23.0,21.0,21.0,22.0,20.0,20.0,21.0,22.0,21.0,21.0,22.0,22.0,20.0,21.0,22.0,22.0,21.0,22.0,23.0,21.0,10.0,press,0,0,10.0416
1788791679.9341,2026-09-07 16:34:39.934,19,e5,1,0,-0.04625,-0.50863,0.03991,-6.615,12.4536,-19.283,-0.1037,-0.0734,-0.8377,3.85743,23.0,18.0,23.0,21.0,21.0,23.0,25.0,23.0,22.0,28.0,26.0,23.0,25.0,30.0,36.0,24.0,30.0,44.0,23.0,21.0,21.0,22.0,20.0,20.0,21.0,22.0,21.0,21.0,22.0,22.0,20.0,21.0,22.0,22.0,21.0,22.0,23.0,21.0,10.0,press,0,0,10.1648
1788791679.9842,2026-09-07 16:34:39.984,19,e5,1,0,-0.04624,-0.50863,0.03988,-6.4673,12.5279,-19.4259,-0.1061,-0.0697,-0.84,3.85667,24.0,21.0,20.0,24.0,23.0,22.0,25.0,21.0,22.0,27.0,27.0,22.0,25.0,32.0,36.0,21.0,32.0,46.0,22.0,21.0,21.0,22.0,20.0,20.0,21.0,22.0,21.0,21.0,22.0,22.0,20.0,21.0,22.0,22.0,21.0,22.0,23.0,21.0,10.0,press,0,0,10.1715
1788791680.0343,2026-09-07 16:34:40.034,19,e5,1,0,-0.04623,-0.50863,0.03986,-7.0337,12.7089,-19.2908,-0.112,-0.0848,-0.8421,3.84962,24.0,21.0,20.0,24.0,23.0,22.0,25.0,21.0,22.0,27.0,27.0,22.0,25.0,32.0,36.0,21.0,32.0,46.0,22.0,21.0,21.0,22.0,20.0,20.0,21.0,22.0,21.0,21.0,22.0,22.0,20.0,21.0,22.0,22.0,21.0,22.0,23.0,21.0,10.0,hold,0,0,10.2343
1788791680.0844,2026-09-07 16:34:40.084,19,e5,1,0,-0.04623,-0.50862,0.03981,-6.9851,12.7601,-19.3742,-0.1104,-0.0845,-0.8439,3.84157,22.0,20.0,22.0,21.0,22.0,22.0,25.0,23.0,23.0,27.0,26.0,22.0,27.0,31.0,35.0,23.0,32.0,46.0,22.0,21.0,21.0,22.0,20.0,20.0,21.0,22.0,21.0,21.0,22.0,22.0,20.0,21.0,22.0,22.0,21.0,22.0,23.0,21.0,10.0,hold,0,0,10.3059
1788791680.1345,2026-09-07 16:34:40.134,19,e5,1,0,-0.04623,-0.50862,0.03982,-6.5996,12.67,-19.2404,-0.111,-0.0759,-0.8388,3.84937,24.0,20.0,21.0,23.0,23.0,22.0,25.0,21.0,23.0,28.0,28.0,19.0,26.0,32.0,36.0,18.0,31.0,46.0,21.0,21.0,21.0,22.0,20.0,20.0,21.0,22.0,21.0,21.0,22.0,22.0,20.0,21.0,22.0,22.0,21.0,22.0,23.0,21.0,10.0,hold,0,0,10.2365
1788791680.1845,2026-09-07 16:34:40.184,19,e5,1,0,-0.04622,-0.50861,0.03981,-6.7512,12.7448,-19.3099,-0.1138,-0.0784,-0.8393,3.84736,24.0,20.0,21.0,23.0,23.0,22.0,25.0,21.0,23.0,28.0,28.0,19.0,26.0,32.0,36.0,18.0,31.0,46.0,21.0,21.0,21.0,22.0,20.0,20.0,21.0,22.0,21.0,21.0,22.0,22.0,20.0,21.0,22.0,22.0,21.0,22.0,23.0,21.0,10.0,hold,0,0,10.2544
1788791680.2346,2026-09-07 16:34:40.234,19,e5,1,0,-0.04624,-0.50861,0.03982,-6.5453,12.5128,-19.3514,-0.1041,-0.0723,-0.8346,3.85491,22.0,20.0,21.0,20.0,22.0,22.0,26.0,22.0,23.0,29.0,28.0,21.0,27.0,32.0,37.0,20.0,32.0,49.0,22.0,21.0,21.0,22.0,20.0,20.0,21.0,22.0,21.0,21.0,22.0,22.0,20.0,21.0,22.0,22.0,21.0,22.0,23.0,21.0,10.0,hold,0,0,10.1872
1788791680.2848,2026-09-07 16:34:40.284,19,e5,1,0,-0.04625,-0.50861,0.03981,-6.6514,12.6134,-19.5171,-0.1117,-0.0741,-0.8418,3.85869,22.0,20.0,21.0,20.0,22.0,22.0,26.0,22.0,23.0,29.0,28.0,21.0,27.0,32.0,37.0,20.0,32.0,49.0,22.0,21.0,21.0,22.0,20.0,20.0,21.0,22.0,21.0,21.0,22.0,22.0,20.0,21.0,22.0,22.0,21.0,22.0,23.0,21.0,10.0,hold,0,0,10.1536
1788791680.3349,2026-09-07 16:34:40.334,19,e5,1,0,-0.04621,-0.50861,0.03981,-6.664,12.778,-19.1504,-0.1115,-0.0752,-0.8418,3.86725,24.0,20.0,23.0,23.0,24.0,23.0,27.0,22.0,24.0,28.0,27.0,21.0,29.0,31.0,36.0,20.0,31.0,47.0,21.0,21.0,21.0,22.0,20.0,20.0,21.0,22.0,21.0,21.0,22.0,22.0,20.0,21.0,22.0,22.0,21.0,22.0,23.0,21.0,10.0,hold,0,0,10.0775
1788791680.385,2026-09-07 16:34:40.384,19,e5,1,0,-0.04623,-0.50862,0.03982,-6.9089,12.6639,-19.3664,-0.1117,-0.0826,-0.8389,3.87127,23.0,21.0,22.0,21.0,25.0,22.0,26.0,21.0,23.0,27.0,26.0,20.0,26.0,32.0,35.0,21.0,31.0,46.0,21.0,21.0,21.0,22.0,20.0,20.0,21.0,22.0,21.0,21.0,22.0,22.0,20.0,21.0,22.0,22.0,21.0,22.0,23.0,21.0,10.0,hold,0,0,10.0416
1788791680.4351,2026-09-07 16:34:40.435,19,e5,1,0,-0.04626,-0.50862,0.03982,-6.8268,12.8095,-19.3628,-0.1119,-0.08,-0.8361,3.86725,23.0,21.0,22.0,21.0,25.0,22.0,26.0,21.0,23.0,27.0,26.0,20.0,26.0,32.0,35.0,21.0,31.0,46.0,21.0,21.0,21.0,22.0,20.0,20.0,21.0,22.0,21.0,21.0,22.0,22.0,20.0,21.0,22.0,22.0,21.0,22.0,23.0,21.0,10.0,hold,0,0,10.0775
1788791680.4853,2026-09-07 16:34:40.485,19,e5,1,0,-0.04623,-0.50862,0.0398,-6.6922,12.5475,-19.3332,-0.1075,-0.0753,-0.8415,3.87127,22.0,20.0,22.0,22.0,23.0,22.0,25.0,22.0,22.0,28.0,27.0,22.0,29.0,31.0,36.0,21.0,32.0,47.0,21.0,21.0,21.0,22.0,20.0,20.0,21.0,22.0,21.0,21.0,22.0,22.0,20.0,21.0,22.0,22.0,21.0,22.0,23.0,21.0,10.0,hold,0,0,10.0416
1788791680.5354,2026-09-07 16:34:40.535,19,e5,1,0,-0.04622,-0.50862,0.03981,-6.8772,13.1141,-19.5738,-0.1186,-0.0816,-0.8407,3.87983,22.0,20.0,22.0,22.0,23.0,22.0,25.0,22.0,22.0,28.0,27.0,22.0,29.0,31.0,36.0,21.0,32.0,47.0,21.0,21.0,21.0,22.0,20.0,20.0,21.0,22.0,21.0,21.0,22.0,22.0,20.0,21.0,22.0,22.0,21.0,22.0,23.0,21.0,10.0,hold,0,0,9.9655
1788791680.5855,2026-09-07 16:34:40.585,19,e5,1,0,-0.04624,-0.50863,0.03983,-6.7723,12.6729,-19.3788,-0.1117,-0.0781,-0.8384,3.87581,24.0,21.0,22.0,22.0,23.0,23.0,25.0,22.0,24.0,29.0,26.0,21.0,28.0,32.0,37.0,22.0,31.0,48.0,21.0,21.0,21.0,22.0,20.0,20.0,21.0,22.0,21.0,21.0,22.0,22.0,20.0,21.0,22.0,22.0,21.0,22.0,23.0,21.0,10.0,hold,0,0,10.0013
1788791680.6356,2026-09-07 16:34:40.635,19,e5,1,0,-0.04624,-0.50862,0.03981,-6.6665,12.9762,-19.3576,-0.1165,-0.0753,-0.8334,3.87707,24.0,21.0,22.0,22.0,23.0,23.0,25.0,22.0,24.0,29.0,26.0,21.0,28.0,32.0,37.0,22.0,31.0,48.0,21.0,21.0,21.0,22.0,20.0,20.0,21.0,22.0,21.0,21.0,22.0,22.0,20.0,21.0,22.0,22.0,21.0,22.0,23.0,21.0,10.0,hold,0,0,9.9901
1788791680.6857,2026-09-07 16:34:40.685,19,e5,1,0,-0.04624,-0.50862,0.03981,-6.7887,12.6128,-19.3384,-0.1056,-0.0795,-0.8438,3.88361,24.0,20.0,20.0,22.0,24.0,21.0,24.0,24.0,22.0,29.0,29.0,24.0,25.0,32.0,38.0,25.0,30.0,49.0,25.0,21.0,21.0,22.0,20.0,20.0,21.0,22.0,21.0,21.0,22.0,22.0,20.0,21.0,22.0,22.0,21.0,22.0,23.0,21.0,10.0,hold,0,0,9.9319
1788791680.7358,2026-09-07 16:34:40.735,19,e5,1,0,-0.04623,-0.50861,0.03981,-6.6119,12.5859,-19.4692,-0.1059,-0.0722,-0.8365,3.88739,27.0,21.0,22.0,25.0,23.0,22.0,26.0,24.0,22.0,27.0,28.0,22.0,26.0,32.0,38.0,22.0,31.0,47.0,23.0,21.0,21.0,22.0,20.0,20.0,21.0,22.0,21.0,21.0,22.0,22.0,20.0,21.0,22.0,22.0,21.0,22.0,23.0,21.0,10.0,hold,0,0,9.8983
1788791680.786,2026-09-07 16:34:40.785,19,e5,1,0,-0.04624,-0.50862,0.03981,-6.7167,12.6854,-19.5006,-0.1109,-0.0789,-0.8377,3.88336,27.0,21.0,22.0,25.0,23.0,22.0,26.0,24.0,22.0,27.0,28.0,22.0,26.0,32.0,38.0,22.0,31.0,47.0,23.0,21.0,21.0,22.0,20.0,20.0,21.0,22.0,21.0,21.0,22.0,22.0,20.0,21.0,22.0,22.0,21.0,22.0,23.0,21.0,10.0,hold,0,0,9.9341
1788791680.8361,2026-09-07 16:34:40.836,19,e5,1,0,-0.04623,-0.50861,0.03981,-6.7197,12.6129,-19.3983,-0.1069,-0.0767,-0.8261,3.88487,23.0,21.0,20.0,23.0,23.0,22.0,26.0,21.0,22.0,28.0,29.0,21.0,26.0,32.0,37.0,21.0,32.0,48.0,21.0,21.0,21.0,22.0,20.0,20.0,21.0,22.0,21.0,21.0,22.0,22.0,20.0,21.0,22.0,22.0,21.0,22.0,23.0,21.0,10.0,hold,0,0,9.9207
1788791680.8863,2026-09-07 16:34:40.886,19,e5,1,0,-0.04622,-0.50861,0.03981,-6.7759,12.5858,-19.3206,-0.1072,-0.0756,-0.8337,3.8957,23.0,21.0,20.0,23.0,23.0,22.0,26.0,21.0,22.0,28.0,29.0,21.0,26.0,32.0,37.0,21.0,32.0,48.0,21.0,21.0,21.0,22.0,20.0,20.0,21.0,22.0,21.0,21.0,22.0,22.0,20.0,21.0,22.0,22.0,21.0,22.0,23.0,21.0,10.0,hold,0,0,9.8244
1788791680.9364,2026-09-07 16:34:40.936,19,e5,1,0,-0.04623,-0.50862,0.03982,-6.3695,12.4165,-19.3076,-0.1009,-0.0703,-0.8355,3.88538,23.0,21.0,22.0,22.0,23.0,23.0,26.0,23.0,23.0,29.0,27.0,22.0,27.0,32.0,36.0,21.0,31.0,48.0,22.0,21.0,21.0,22.0,20.0,20.0,21.0,22.0,21.0,21.0,22.0,22.0,20.0,21.0,22.0,22.0,21.0,22.0,23.0,21.0,10.0,hold,0,0,9.9162
1788791680.9865,2026-09-07 16:34:40.986,19,e5,1,0,-0.04624,-0.50861,0.03981,-6.3759,12.2581,-19.3446,-0.0991,-0.07,-0.833,3.89519,22.0,21.0,22.0,21.0,24.0,22.0,25.0,23.0,22.0,28.0,28.0,23.0,25.0,31.0,36.0,22.0,31.0,48.0,23.0,21.0,21.0,22.0,20.0,20.0,21.0,22.0,21.0,21.0,22.0,22.0,20.0,21.0,22.0,22.0,21.0,22.0,23.0,21.0,10.0,hold,0,0,9.8288
1788791681.0366,2026-09-07 16:34:41.036,19,e5,1,0,-0.04622,-0.5086,0.0398,-6.5496,12.6007,-19.4109,-0.1089,-0.0721,-0.8327,3.89922,22.0,21.0,22.0,21.0,24.0,22.0,25.0,23.0,22.0,28.0,28.0,23.0,25.0,31.0,36.0,22.0,31.0,48.0,23.0,21.0,21.0,22.0,20.0,20.0,21.0,22.0,21.0,21.0,22.0,22.0,20.0,21.0,22.0,22.0,21.0,22.0,23.0,21.0,10.0,hold,0,0,9.793
1788791681.0867,2026-09-07 16:34:41.086,19,e5,1,0,-0.04624,-0.50862,0.03982,-6.6592,12.5228,-19.2344,-0.1102,-0.0759,-0.8329,3.89066,24.0,20.0,22.0,22.0,21.0,21.0,26.0,20.0,23.0,27.0,28.0,19.0,28.0,32.0,38.0,20.0,33.0,48.0,23.0,21.0,21.0,22.0,20.0,20.0,21.0,22.0,21.0,21.0,22.0,22.0,20.0,21.0,22.0,22.0,21.0,22.0,23.0,21.0,10.0,hold,0,0,9.8692
1788791681.1369,2026-09-07 16:34:41.136,19,e5,1,0,-0.04623,-0.50861,0.03981,-6.6135,12.5611,-19.4534,-0.1103,-0.0772,-0.8349,3.8967,24.0,20.0,22.0,22.0,21.0,21.0,26.0,20.0,23.0,27.0,28.0,19.0,28.0,32.0,38.0,20.0,33.0,48.0,23.0,21.0,21.0,22.0,20.0,20.0,21.0,22.0,21.0,21.0,22.0,22.0,20.0,21.0,22.0,22.0,21.0,22.0,23.0,21.0,10.0,hold,0,0,9.8154
1788791681.187,2026-09-07 16:34:41.187,19,e5,1,0,-0.04623,-0.50861,0.03981,-6.6677,12.9056,-19.1944,-0.1115,-0.0741,-0.8369,3.88915,22.0,21.0,20.0,20.0,24.0,22.0,27.0,23.0,23.0,28.0,29.0,23.0,28.0,31.0,37.0,21.0,32.0,48.0,23.0,21.0,21.0,22.0,20.0,20.0,21.0,22.0,21.0,21.0,22.0,22.0,20.0,21.0,22.0,22.0,21.0,22.0,23.0,21.0,10.0,hold,0,0,9.8826
1788791681.2371,2026-09-07 16:34:41.237,19,e5,1,0,-0.04623,-0.50862,0.03981,-6.6008,12.7609,-19.4228,-0.114,-0.0743,-0.8306,3.89721,23.0,21.0,21.0,23.0,23.0,21.0,26.0,24.0,24.0,30.0,27.0,22.0,28.0,33.0,35.0,23.0,32.0,47.0,23.0,21.0,21.0,22.0,20.0,20.0,21.0,22.0,21.0,21.0,22.0,22.0,20.0,21.0,22.0,22.0,21.0,22.0,23.0,21.0,10.0,hold,0,0,9.8109
1788791681.2872,2026-09-07 16:34:41.287,19,e5,1,0,-0.04624,-0.50861,0.0398,-6.5029,12.757,-19.2609,-0.1116,-0.071,-0.8263,3.89771,23.0,21.0,21.0,23.0,23.0,21.0,26.0,24.0,24.0,30.0,27.0,22.0,28.0,33.0,35.0,23.0,32.0,47.0,23.0,21.0,21.0,22.0,20.0,20.0,21.0,22.0,21.0,21.0,22.0,22.0,20.0,21.0,22.0,22.0,21.0,22.0,23.0,21.0,10.0,hold,0,0,9.8064
1788791681.3373,2026-09-07 16:34:41.337,19,e5,1,0,-0.04625,-0.50862,0.03982,-6.6568,12.4966,-19.4765,-0.1039,-0.0755,-0.8309,3.89419,24.0,21.0,21.0,24.0,26.0,21.0,24.0,23.0,26.0,30.0,26.0,22.0,29.0,34.0,36.0,23.0,33.0,47.0,23.0,21.0,21.0,22.0,20.0,20.0,21.0,22.0,21.0,21.0,22.0,22.0,20.0,21.0,22.0,22.0,21.0,22.0,23.0,21.0,10.0,hold,0,0,9.8378
1788791681.3875,2026-09-07 16:34:41.387,19,e5,1,0,-0.04623,-0.50861,0.0398,-6.6713,12.6974,-19.3964,-0.1103,-0.0742,-0.831,3.88739,24.0,21.0,21.0,24.0,26.0,21.0,24.0,23.0,26.0,30.0,26.0,22.0,29.0,34.0,36.0,23.0,33.0,47.0,23.0,21.0,21.0,22.0,20.0,20.0,21.0,22.0,21.0,21.0,22.0,22.0,20.0,21.0,22.0,22.0,21.0,22.0,23.0,21.0,10.0,hold,0,0,9.8983
1788791681.4376,2026-09-07 16:34:41.437,19,e5,1,0,-0.04623,-0.50861,0.03981,-6.6047,12.8848,-19.3533,-0.1185,-0.0741,-0.8267,3.90199,24.0,23.0,22.0,23.0,26.0,23.0,23.0,22.0,26.0,28.0,27.0,20.0,29.0,30.0,36.0,20.0,31.0,47.0,22.0,21.0,21.0,22.0,20.0,20.0,21.0,22.0,21.0,21.0,22.0,22.0,20.0,21.0,22.0,22.0,21.0,22.0,23.0,21.0,10.0,hold,0,0,9.7684
1788791681.4877,2026-09-07 16:34:41.487,19,e5,1,0,-0.04624,-0.50862,0.03982,-6.4652,12.4362,-19.2745,-0.1066,-0.0669,-0.8286,3.90829,21.0,22.0,20.0,21.0,25.0,22.0,24.0,22.0,24.0,28.0,28.0,20.0,27.0,32.0,36.0,21.0,31.0,48.0,23.0,21.0,21.0,22.0,20.0,20.0,21.0,22.0,21.0,21.0,22.0,22.0,20.0,21.0,22.0,22.0,21.0,22.0,23.0,21.0,10.0,hold,0,0,9.7124
1788791681.5378,2026-09-07 16:34:41.537,19,e5,1,0,-0.04624,-0.50863,0.03982,-6.3071,12.5444,-19.3365,-0.1086,-0.0673,-0.8249,3.90526,21.0,22.0,20.0,21.0,25.0,22.0,24.0,22.0,24.0,28.0,28.0,20.0,27.0,32.0,36.0,21.0,31.0,48.0,23.0,21.0,21.0,22.0,20.0,20.0,21.0,22.0,21.0,21.0,22.0,22.0,20.0,21.0,22.0,22.0,21.0,22.0,23.0,21.0,10.0,hold,0,0,9.7393
1788791681.588,2026-09-07 16:34:41.587,19,e5,1,0,-0.04623,-0.50861,0.03982,-6.6277,12.8708,-19.4302,-0.1153,-0.0743,-0.8311,3.90073,24.0,22.0,22.0,22.0,25.0,22.0,25.0,22.0,24.0,31.0,26.0,22.0,26.0,34.0,36.0,22.0,32.0,46.0,22.0,21.0,21.0,22.0,20.0,20.0,21.0,22.0,21.0,21.0,22.0,22.0,20.0,21.0,22.0,22.0,21.0,22.0,23.0,21.0,10.0,hold,0,0,9.7796
1788791681.6381,2026-09-07 16:34:41.638,19,e5,1,0,-0.04623,-0.50863,0.03982,-6.254,12.5365,-19.7041,-0.1098,-0.0631,-0.8295,3.89494,24.0,22.0,22.0,22.0,25.0,22.0,25.0,22.0,24.0,31.0,26.0,22.0,26.0,34.0,36.0,22.0,32.0,46.0,22.0,21.0,21.0,22.0,20.0,20.0,21.0,22.0,21.0,21.0,22.0,22.0,20.0,21.0,22.0,22.0,21.0,22.0,23.0,21.0,10.0,hold,0,0,9.8311
1788791681.6882,2026-09-07 16:34:41.688,19,e5,1,0,-0.04625,-0.50861,0.03981,-6.6984,12.6283,-19.4892,-0.1094,-0.0751,-0.8285,3.9103,22.0,22.0,23.0,22.0,24.0,23.0,24.0,21.0,26.0,32.0,28.0,21.0,29.0,34.0,37.0,22.0,34.0,47.0,21.0,21.0,21.0,22.0,20.0,20.0,21.0,22.0,21.0,21.0,22.0,22.0,20.0,21.0,22.0,22.0,21.0,22.0,23.0,21.0,10.0,hold,0,0,9.6945
1788791681.7383,2026-09-07 16:34:41.738,19,e5,1,0,-0.04622,-0.50863,0.03982,-6.8294,12.964,-19.3742,-0.1193,-0.077,-0.8282,3.90753,22.0,22.0,23.0,22.0,24.0,23.0,24.0,21.0,26.0,32.0,28.0,21.0,29.0,34.0,37.0,22.0,34.0,47.0,21.0,21.0,21.0,22.0,20.0,20.0,21.0,22.0,21.0,21.0,22.0,22.0,20.0,21.0,22.0,22.0,21.0,22.0,23.0,21.0,10.0,hold,0,0,9.7191
1788791681.7884,2026-09-07 16:34:41.788,19,e5,1,0,-0.04624,-0.50862,0.03981,-6.3052,12.5173,-19.585,-0.1063,-0.0661,-0.8278,3.90249,23.0,22.0,23.0,22.0,25.0,23.0,26.0,23.0,23.0,30.0,27.0,22.0,27.0,32.0,36.0,24.0,32.0,47.0,23.0,21.0,21.0,22.0,20.0,20.0,21.0,22.0,21.0,21.0,22.0,22.0,20.0,21.0,22.0,22.0,21.0,22.0,23.0,21.0,10.0,hold,0,0,9.7639
1788791681.8385,2026-09-07 16:34:41.838,19,e5,1,0,-0.04624,-0.50862,0.03981,-6.5245,12.6563,-19.5836,-0.1092,-0.0692,-0.8278,3.91408,24.0,21.0,22.0,22.0,25.0,23.0,25.0,22.0,23.0,31.0,27.0,21.0,25.0,33.0,36.0,22.0,33.0,47.0,23.0,21.0,21.0,22.0,20.0,20.0,21.0,22.0,21.0,21.0,22.0,22.0,20.0,21.0,22.0,22.0,21.0,22.0,23.0,21.0,10.0,hold,0,0,9.6609
1788791681.8886,2026-09-07 16:34:41.888,19,e5,1,0,-0.04623,-0.50862,0.03982,-6.5408,12.571,-19.4836,-0.1084,-0.0718,-0.8301,3.90879,24.0,21.0,22.0,22.0,25.0,23.0,25.0,22.0,23.0,31.0,27.0,21.0,25.0,33.0,36.0,22.0,33.0,47.0,23.0,21.0,21.0,22.0,20.0,20.0,21.0,22.0,21.0,21.0,22.0,22.0,20.0,21.0,22.0,22.0,21.0,22.0,23.0,21.0,10.0,hold,0,0,9.7079
1788791681.9387,2026-09-07 16:34:41.938,19,e5,1,0,-0.04625,-0.50862,0.03982,-6.4021,12.6077,-19.4305,-0.1071,-0.069,-0.8257,3.90426,23.0,20.0,23.0,21.0,23.0,23.0,25.0,24.0,24.0,29.0,27.0,24.0,28.0,32.0,36.0,23.0,33.0,47.0,24.0,21.0,21.0,22.0,20.0,20.0,21.0,22.0,21.0,21.0,22.0,22.0,20.0,21.0,22.0,22.0,21.0,22.0,23.0,21.0,10.0,hold,0,0,9.7482
1788791681.9888,2026-09-07 16:34:41.988,19,e5,1,0,-0.04624,-0.5086,0.0398,-6.3356,12.5424,-19.4024,-0.1049,-0.0691,-0.8298,3.91433,23.0,20.0,23.0,21.0,23.0,23.0,25.0,24.0,24.0,29.0,27.0,24.0,28.0,32.0,36.0,23.0,33.0,47.0,24.0,21.0,21.0,22.0,20.0,20.0,21.0,22.0,21.0,21.0,22.0,22.0,20.0,21.0,22.0,22.0,21.0,22.0,23.0,21.0,10.0,hold,0,0,9.6586
1788791682.039,2026-09-07 16:34:42.038,19,e5,1,0,-0.04624,-0.50861,0.03981,-6.696,12.7463,-19.2893,-0.1097,-0.074,-0.8253,3.91382,23.0,21.0,23.0,23.0,24.0,22.0,24.0,20.0,25.0,31.0,26.0,19.0,29.0,33.0,34.0,21.0,32.0,46.0,20.0,21.0,21.0,22.0,20.0,20.0,21.0,22.0,21.0,21.0,22.0,22.0,20.0,21.0,22.0,22.0,21.0,22.0,23.0,21.0,10.0,hold,0,0,9.6631
1788791682.0891,2026-09-07 16:34:42.089,19,e5,1,0,-0.04622,-0.50861,0.03981,-6.7242,12.9158,-19.3219,-0.1166,-0.0805,-0.827,3.9035,22.0,21.0,24.0,20.0,24.0,25.0,23.0,23.0,25.0,30.0,28.0,23.0,28.0,31.0,37.0,23.0,32.0,49.0,24.0,21.0,21.0,22.0,20.0,20.0,21.0,22.0,21.0,21.0,22.0,22.0,20.0,21.0,22.0,22.0,21.0,22.0,23.0,21.0,10.0,hold,0,0,9.7549
1788791682.1392,2026-09-07 16:34:42.139,19,e5,1,0,-0.04623,-0.50862,0.03982,-6.6553,12.4699,-19.4729,-0.1041,-0.0727,-0.8322,3.91257,22.0,21.0,24.0,20.0,24.0,25.0,23.0,23.0,25.0,30.0,28.0,23.0,28.0,31.0,37.0,23.0,32.0,49.0,24.0,21.0,21.0,22.0,20.0,20.0,21.0,22.0,21.0,21.0,22.0,22.0,20.0,21.0,22.0,22.0,21.0,22.0,23.0,21.0,10.0,hold,0,0,9.6743
1788791682.1894,2026-09-07 16:34:42.189,19,e5,1,0,-0.04621,-0.50861,0.03981,-6.5778,12.6327,-19.4974,-0.1095,-0.0748,-0.8291,3.91282,24.0,22.0,23.0,24.0,24.0,22.0,25.0,22.0,23.0,28.0,27.0,21.0,26.0,30.0,36.0,23.0,31.0,48.0,23.0,21.0,21.0,22.0,20.0,20.0,21.0,22.0,21.0,21.0,22.0,22.0,20.0,21.0,22.0,22.0,21.0,22.0,23.0,21.0,10.0,hold,0,0,9.6721
1788791682.2395,2026-09-07 16:34:42.239,19,e5,1,0,-0.04624,-0.50861,0.03982,-6.3401,12.4092,-19.4859,-0.1048,-0.0669,-0.8297,3.90829,24.0,22.0,23.0,24.0,24.0,22.0,25.0,22.0,23.0,28.0,27.0,21.0,26.0,30.0,36.0,23.0,31.0,48.0,23.0,21.0,21.0,22.0,20.0,20.0,21.0,22.0,21.0,21.0,22.0,22.0,20.0,21.0,22.0,22.0,21.0,22.0,23.0,21.0,10.0,hold,0,0,9.7124
1788791682.2896,2026-09-07 16:34:42.289,19,e5,1,0,-0.04624,-0.50861,0.03982,-6.5567,12.857,-19.4279,-0.1154,-0.0708,-0.8217,3.91559,24.0,21.0,21.0,22.0,24.0,21.0,25.0,24.0,24.0,30.0,28.0,23.0,29.0,31.0,35.0,25.0,33.0,47.0,25.0,21.0,21.0,22.0,20.0,20.0,21.0,22.0,21.0,21.0,22.0,22.0,20.0,21.0,22.0,22.0,21.0,22.0,23.0,21.0,10.0,hold,0,0,9.6474
1788791682.3397,2026-09-07 16:34:42.339,19,e5,1,0,-0.04622,-0.50861,0.03981,-6.6425,13.0221,-19.5952,-0.1172,-0.073,-0.8337,3.91811,26.0,22.0,21.0,25.0,25.0,22.0,25.0,22.0,22.0,29.0,28.0,22.0,25.0,31.0,37.0,22.0,30.0,47.0,23.0,21.0,21.0,22.0,20.0,20.0,21.0,22.0,21.0,21.0,22.0,22.0,20.0,21.0,22.0,22.0,21.0,22.0,23.0,21.0,10.0,hold,0,0,9.625
1788791682.3899,2026-09-07 16:34:42.389,19,e5,1,0,-0.04626,-0.50861,0.03982,-6.3576,12.3616,-19.6701,-0.1031,-0.0669,-0.8197,3.91131,26.0,22.0,21.0,25.0,25.0,22.0,25.0,22.0,22.0,29.0,28.0,22.0,25.0,31.0,37.0,22.0,30.0,47.0,23.0,21.0,21.0,22.0,20.0,20.0,21.0,22.0,21.0,21.0,22.0,22.0,20.0,21.0,22.0,22.0,21.0,22.0,23.0,21.0,10.0,hold,0,0,9.6855
1788791682.44,2026-09-07 16:34:42.440,19,e5,1,0,-0.04624,-0.50862,0.03982,-6.25,12.6163,-19.3759,-0.1093,-0.0643,-0.8235,3.91131,24.0,19.0,20.0,22.0,23.0,21.0,26.0,22.0,24.0,29.0,26.0,21.0,27.0,31.0,36.0,21.0,32.0,47.0,21.0,21.0,21.0,22.0,20.0,20.0,21.0,22.0,21.0,21.0,22.0,22.0,20.0,21.0,22.0,22.0,21.0,22.0,23.0,21.0,10.0,hold,0,0,9.6855
1788791682.4901,2026-09-07 16:34:42.490,19,e5,1,0,-0.04623,-0.50862,0.03982,-6.0637,12.2994,-19.563,-0.1011,-0.0576,-0.823,3.91685,24.0,19.0,20.0,22.0,23.0,21.0,26.0,22.0,24.0,29.0,26.0,21.0,27.0,31.0,36.0,21.0,32.0,47.0,21.0,21.0,21.0,22.0,20.0,20.0,21.0,22.0,21.0,21.0,22.0,22.0,20.0,21.0,22.0,22.0,21.0,22.0,23.0,21.0,10.0,hold,0,0,9.6362
1788791682.5403,2026-09-07 16:34:42.540,19,e5,1,0,-0.04626,-0.50861,0.03981,-6.0777,12.3053,-19.5624,-0.1,-0.0585,-0.8136,3.9098,23.0,22.0,23.0,22.0,25.0,23.0,24.0,24.0,24.0,30.0,27.0,23.0,26.0,32.0,36.0,24.0,32.0,48.0,24.0,21.0,21.0,22.0,20.0,20.0,21.0,22.0,21.0,21.0,22.0,22.0,20.0,21.0,22.0,22.0,21.0,22.0,23.0,21.0,10.0,hold,0,0,9.6989
1788791682.5904,2026-09-07 16:34:42.590,19,e5,1,0,-0.04624,-0.50862,0.03982,-6.5776,12.7773,-19.6828,-0.1143,-0.0707,-0.8281,3.91282,25.0,22.0,22.0,24.0,25.0,23.0,25.0,20.0,25.0,29.0,27.0,20.0,29.0,31.0,36.0,21.0,32.0,47.0,22.0,21.0,21.0,22.0,20.0,20.0,21.0,22.0,21.0,21.0,22.0,22.0,20.0,21.0,22.0,22.0,21.0,22.0,23.0,21.0,10.0,hold,0,0,9.6721
1788791682.6406,2026-09-07 16:34:42.640,19,e5,1,0,-0.04623,-0.50862,0.03982,-6.3354,12.4125,-19.8283,-0.1049,-0.0662,-0.8234,3.91382,25.0,22.0,22.0,24.0,25.0,23.0,25.0,20.0,25.0,29.0,27.0,20.0,29.0,31.0,36.0,21.0,32.0,47.0,22.0,21.0,21.0,22.0,20.0,20.0,21.0,22.0,21.0,21.0,22.0,22.0,20.0,21.0,22.0,22.0,21.0,22.0,23.0,21.0,10.0,hold,0,0,9.6631
1788791682.6907,2026-09-07 16:34:42.690,19,e5,1,0,-0.04623,-0.50862,0.03982,-6.1393,11.9856,-19.9972,-0.0942,-0.0585,-0.821,3.91332,23.0,21.0,20.0,21.0,24.0,22.0,24.0,23.0,24.0,30.0,27.0,22.0,27.0,31.0,36.0,24.0,32.0,48.0,25.0,21.0,21.0,22.0,20.0,20.0,21.0,22.0,21.0,21.0,22.0,22.0,20.0,21.0,22.0,22.0,21.0,22.0,23.0,21.0,10.0,hold,0,0,9.6676
1788791682.7408,2026-09-07 16:34:42.740,19,e5,1,0,-0.04624,-0.50862,0.03982,-6.3736,12.6231,-19.7172,-0.1088,-0.0648,-0.8259,3.92364,23.0,21.0,20.0,21.0,24.0,22.0,24.0,23.0,24.0,30.0,27.0,22.0,27.0,31.0,36.0,24.0,32.0,48.0,25.0,21.0,21.0,22.0,20.0,20.0,21.0,22.0,21.0,21.0,22.0,22.0,20.0,21.0,22.0,22.0,21.0,22.0,23.0,21.0,10.0,hold,0,0,9.5757
1788791682.7909,2026-09-07 16:34:42.790,19,e5,1,0,-0.04622,-0.50863,0.03982,-6.4097,12.7537,-19.7604,-0.1105,-0.0675,-0.8222,3.91156,24.0,22.0,21.0,23.0,25.0,22.0,25.0,22.0,22.0,29.0,28.0,22.0,27.0,31.0,36.0,22.0,33.0,47.0,24.0,21.0,21.0,22.0,20.0,20.0,21.0,22.0,21.0,21.0,22.0,22.0,20.0,21.0,22.0,22.0,21.0,22.0,23.0,21.0,10.0,hold,0,0,9.6833
1788791682.8409,2026-09-07 16:34:42.840,19,e5,1,0,-0.04623,-0.50862,0.03981,-6.7482,12.9341,-19.6284,-0.1171,-0.0742,-0.8289,3.91962,24.0,22.0,21.0,23.0,25.0,22.0,25.0,22.0,22.0,29.0,28.0,22.0,27.0,31.0,36.0,22.0,33.0,47.0,24.0,21.0,21.0,22.0,20.0,20.0,21.0,22.0,21.0,21.0,22.0,22.0,20.0,21.0,22.0,22.0,21.0,22.0,23.0,21.0,10.0,hold,0,0,9.6116
1788791682.891,2026-09-07 16:34:42.891,19,e5,1,0,-0.04624,-0.50862,0.03982,-6.5777,12.5121,-19.8002,-0.1106,-0.0713,-0.8206,3.91181,24.0,21.0,22.0,22.0,24.0,22.0,25.0,20.0,24.0,31.0,28.0,20.0,29.0,32.0,35.0,20.0,32.0,47.0,21.0,21.0,21.0,22.0,20.0,20.0,21.0,22.0,21.0,21.0,22.0,22.0,20.0,21.0,22.0,22.0,21.0,22.0,23.0,21.0,10.0,hold,0,0,9.681
1788791682.9411,2026-09-07 16:34:42.941,19,e5,1,0,-0.04624,-0.50862,0.03982,-6.4222,12.3749,-19.5517,-0.1045,-0.0665,-0.8173,3.91231,23.0,21.0,22.0,21.0,26.0,22.0,25.0,23.0,24.0,30.0,28.0,22.0,29.0,32.0,37.0,22.0,32.0,48.0,22.0,21.0,21.0,22.0,20.0,20.0,21.0,22.0,21.0,21.0,22.0,22.0,20.0,21.0,22.0,22.0,21.0,22.0,23.0,21.0,10.0,hold,0,0,9.6765
1788791682.9912,2026-09-07 16:34:42.991,19,e5,1,0,-0.04623,-0.50862,0.03982,-6.1103,12.5556,-19.6833,-0.1077,-0.0612,-0.8206,3.92314,23.0,21.0,22.0,21.0,26.0,22.0,25.0,23.0,24.0,30.0,28.0,22.0,29.0,32.0,37.0,22.0,32.0,48.0,22.0,21.0,21.0,22.0,20.0,20.0,21.0,22.0,21.0,21.0,22.0,22.0,20.0,21.0,22.0,22.0,21.0,22.0,23.0,21.0,10.0,hold,0,0,9.5802
1788791683.0413,2026-09-07 16:34:43.041,19,e5,1,0,-0.04623,-0.50862,0.03982,-6.1884,12.5454,-19.8238,-0.1086,-0.0635,-0.8211,3.91357,24.0,22.0,22.0,21.0,25.0,23.0,25.0,20.0,25.0,30.0,27.0,19.0,29.0,32.0,35.0,20.0,33.0,47.0,21.0,21.0,21.0,22.0,20.0,20.0,21.0,22.0,21.0,21.0,22.0,22.0,20.0,21.0,22.0,22.0,21.0,22.0,23.0,21.0,10.0,hold,0,0,9.6653
1788791683.0915,2026-09-07 16:34:43.091,19,e5,1,0,-0.04623,-0.50862,0.03983,-5.9794,12.3606,-20.0556,-0.1047,-0.0587,-0.8157,3.9171,24.0,22.0,22.0,21.0,25.0,23.0,25.0,20.0,25.0,30.0,27.0,19.0,29.0,32.0,35.0,20.0,33.0,47.0,21.0,21.0,21.0,22.0,20.0,20.0,21.0,22.0,21.0,21.0,22.0,22.0,20.0,21.0,22.0,22.0,21.0,22.0,23.0,21.0,10.0,hold,0,0,9.634
1788791683.1416,2026-09-07 16:34:43.141,19,e5,1,0,-0.04623,-0.50862,0.03981,-6.2556,12.3999,-19.7305,-0.1055,-0.0635,-0.8171,3.91836,22.0,22.0,23.0,20.0,25.0,24.0,24.0,22.0,25.0,31.0,27.0,22.0,27.0,32.0,36.0,21.0,33.0,47.0,23.0,21.0,21.0,22.0,20.0,20.0,21.0,22.0,21.0,21.0,22.0,22.0,20.0,21.0,22.0,22.0,21.0,22.0,23.0,21.0,10.0,hold,0,0,9.6228
1788791683.1917,2026-09-07 16:34:43.191,19,e5,1,0,-0.04624,-0.50862,0.03982,-6.3997,12.394,-19.7271,-0.1056,-0.0677,-0.8256,3.91357,24.0,22.0,23.0,24.0,23.0,23.0,24.0,21.0,27.0,31.0,28.0,20.0,29.0,32.0,37.0,21.0,33.0,48.0,21.0,21.0,21.0,22.0,20.0,20.0,21.0,22.0,21.0,21.0,22.0,22.0,20.0,21.0,22.0,22.0,21.0,22.0,23.0,21.0,10.0,hold,0,0,9.6653
1788791683.2418,2026-09-07 16:34:43.241,19,e5,1,0,-0.04623,-0.50861,0.03981,-6.2906,12.0812,-19.8269,-0.0935,-0.0666,-0.8192,3.91408,24.0,22.0,23.0,24.0,23.0,23.0,24.0,21.0,27.0,31.0,28.0,20.0,29.0,32.0,37.0,21.0,33.0,48.0,21.0,21.0,21.0,22.0,20.0,20.0,21.0,22.0,21.0,21.0,22.0,22.0,20.0,21.0,22.0,22.0,21.0,22.0,23.0,21.0,10.0,hold,0,0,9.6609
1788791683.2919,2026-09-07 16:34:43.291,19,e5,1,0,-0.04623,-0.50862,0.03983,-6.4127,12.5152,-19.7706,-0.1086,-0.0689,-0.819,3.92289,22.0,23.0,24.0,21.0,25.0,22.0,25.0,22.0,25.0,32.0,29.0,21.0,29.0,32.0,37.0,22.0,33.0,48.0,22.0,21.0,21.0,22.0,20.0,20.0,21.0,22.0,21.0,21.0,22.0,22.0,20.0,21.0,22.0,22.0,21.0,22.0,23.0,21.0,10.0,hold,0,0,9.5825
1788791683.3421,2026-09-07 16:34:43.342,19,e5,1,0,-0.04624,-0.50862,0.03983,-6.7126,12.5866,-19.5827,-0.106,-0.0771,-0.8265,3.92515,22.0,23.0,24.0,21.0,25.0,22.0,25.0,22.0,25.0,32.0,29.0,21.0,29.0,32.0,37.0,22.0,33.0,48.0,22.0,21.0,21.0,22.0,20.0,20.0,21.0,22.0,21.0,21.0,22.0,22.0,20.0,21.0,22.0,22.0,21.0,22.0,23.0,21.0,10.0,hold,0,0,9.5623
1788791683.3923,2026-09-07 16:34:43.392,19,e5,1,0,-0.04625,-0.50863,0.03984,-6.1635,12.3037,-19.6823,-0.1006,-0.0633,-0.8219,3.92012,23.0,23.0,23.0,22.0,25.0,23.0,27.0,23.0,24.0,31.0,28.0,22.0,28.0,33.0,37.0,24.0,33.0,48.0,24.0,21.0,21.0,22.0,20.0,20.0,21.0,22.0,21.0,21.0,22.0,22.0,20.0,21.0,22.0,22.0,21.0,22.0,23.0,21.0,10.0,hold,0,0,9.6071
1788791683.4424,2026-09-07 16:34:43.442,19,e5,1,0,-0.04623,-0.50862,0.03982,-6.75,12.5717,-19.6443,-0.1053,-0.0753,-0.8203,3.91659,23.0,23.0,22.0,23.0,25.0,23.0,25.0,21.0,25.0,30.0,30.0,20.0,29.0,33.0,37.0,21.0,33.0,50.0,21.0,21.0,21.0,22.0,20.0,20.0,21.0,22.0,21.0,21.0,22.0,22.0,20.0,21.0,22.0,22.0,21.0,22.0,23.0,21.0,10.0,hold,0,0,9.6385
1788791683.4925,2026-09-07 16:34:43.492,19,e5,1,0,-0.04621,-0.50863,0.03982,-6.2924,12.633,-19.8318,-0.1097,-0.06,-0.8185,3.92541,23.0,23.0,22.0,23.0,25.0,23.0,25.0,21.0,25.0,30.0,30.0,20.0,29.0,33.0,37.0,21.0,33.0,50.0,21.0,21.0,21.0,22.0,20.0,20.0,21.0,22.0,21.0,21.0,22.0,22.0,20.0,21.0,22.0,22.0,21.0,22.0,23.0,21.0,10.0,hold,0,0,9.5601
1788791683.5426,2026-09-07 16:34:43.542,19,e5,1,0,-0.04622,-0.50861,0.03982,-6.377,12.9397,-19.843,-0.1157,-0.0674,-0.8226,3.92364,23.0,23.0,22.0,22.0,25.0,21.0,27.0,22.0,25.0,31.0,29.0,22.0,28.0,31.0,36.0,22.0,32.0,49.0,21.0,21.0,21.0,22.0,20.0,20.0,21.0,22.0,21.0,21.0,22.0,22.0,20.0,21.0,22.0,22.0,21.0,22.0,23.0,21.0,10.0,hold,0,0,9.5757
1788791683.5927,2026-09-07 16:34:43.592,19,e5,1,0,-0.04624,-0.50862,0.03982,-6.4061,12.6309,-19.7074,-0.1094,-0.0691,-0.8197,3.91508,23.0,23.0,22.0,22.0,25.0,21.0,27.0,22.0,25.0,31.0,29.0,22.0,28.0,31.0,36.0,22.0,32.0,49.0,21.0,21.0,21.0,22.0,20.0,20.0,21.0,22.0,21.0,21.0,22.0,22.0,20.0,21.0,22.0,22.0,21.0,22.0,23.0,21.0,10.0,hold,0,0,9.6519
1788791683.6428,2026-09-07 16:34:43.642,19,e5,1,0,-0.04624,-0.50862,0.03982,-6.4866,12.2491,-19.6146,-0.103,-0.0701,-0.8195,3.92792,22.0,23.0,23.0,23.0,26.0,23.0,27.0,23.0,26.0,32.0,29.0,21.0,29.0,33.0,37.0,23.0,33.0,49.0,23.0,21.0,21.0,22.0,20.0,20.0,21.0,22.0,21.0,21.0,22.0,22.0,20.0,21.0,22.0,22.0,21.0,22.0,23.0,21.0,10.0,hold,0,0,9.5377
1788791683.6929,2026-09-07 16:34:43.692,19,e5,1,0,-0.04623,-0.50862,0.03981,-6.638,12.8327,-19.5686,-0.1158,-0.0735,-0.8189,3.9171,23.0,23.0,23.0,22.0,26.0,23.0,26.0,22.0,24.0,30.0,27.0,22.0,27.0,32.0,35.0,22.0,33.0,48.0,23.0,21.0,21.0,22.0,20.0,20.0,21.0,22.0,21.0,21.0,22.0,22.0,20.0,21.0,22.0,22.0,21.0,22.0,23.0,21.0,10.0,hold,0,0,9.634
1788791683.7431,2026-09-07 16:34:43.743,19,e5,1,0,-0.04624,-0.50861,0.03981,-6.3677,12.5455,-19.4645,-0.1071,-0.0663,-0.8221,3.91357,23.0,23.0,23.0,22.0,26.0,23.0,26.0,22.0,24.0,30.0,27.0,22.0,27.0,32.0,35.0,22.0,33.0,48.0,23.0,21.0,21.0,22.0,20.0,20.0,21.0,22.0,21.0,21.0,22.0,22.0,20.0,21.0,22.0,22.0,21.0,22.0,23.0,21.0,10.0,hold,0,0,9.6653
1788791683.7932,2026-09-07 16:34:43.793,19,e5,1,0,-0.04623,-0.50861,0.03982,-6.6655,12.6439,-19.5789,-0.1103,-0.0736,-0.8241,3.92792,24.0,22.0,24.0,22.0,24.0,24.0,25.0,22.0,24.0,30.0,28.0,20.0,28.0,32.0,36.0,23.0,32.0,47.0,23.0,21.0,21.0,22.0,20.0,20.0,21.0,22.0,21.0,21.0,22.0,22.0,20.0,21.0,22.0,22.0,21.0,22.0,23.0,21.0,10.0,hold,0,0,9.5377
1788791683.8433,2026-09-07 16:34:43.843,19,e5,1,0,-0.04623,-0.50862,0.03982,-6.7734,12.8688,-19.6544,-0.1136,-0.0791,-0.8236,3.91962,24.0,22.0,24.0,22.0,24.0,24.0,25.0,22.0,24.0,30.0,28.0,20.0,28.0,32.0,36.0,23.0,32.0,47.0,23.0,21.0,21.0,22.0,20.0,20.0,21.0,22.0,21.0,21.0,22.0,22.0,20.0,21.0,22.0,22.0,21.0,22.0,23.0,21.0,10.0,hold,0,0,9.6116
1788791683.8935,2026-09-07 16:34:43.893,19,e5,1,0,-0.04624,-0.50862,0.03982,-6.8229,12.7588,-19.3929,-0.1122,-0.0781,-0.824,3.92616,22.0,21.0,21.0,21.0,25.0,22.0,25.0,21.0,24.0,32.0,28.0,19.0,29.0,33.0,37.0,19.0,31.0,48.0,20.0,21.0,21.0,22.0,20.0,20.0,21.0,22.0,21.0,21.0,22.0,22.0,20.0,21.0,22.0,22.0,21.0,22.0,23.0,21.0,10.0,hold,0,0,9.5533
1788791683.9436,2026-09-07 16:34:43.943,19,e5,1,0,-0.04623,-0.50861,0.03981,-6.3993,12.2836,-19.5388,-0.1035,-0.0645,-0.823,3.91936,22.0,21.0,21.0,21.0,25.0,22.0,25.0,21.0,24.0,32.0,28.0,19.0,29.0,33.0,37.0,19.0,31.0,48.0,20.0,21.0,21.0,22.0,20.0,20.0,21.0,22.0,21.0,21.0,22.0,22.0,20.0,21.0,22.0,22.0,21.0,22.0,23.0,21.0,10.0,hold,0,0,9.6138
1788791683.9937,2026-09-07 16:34:43.993,19,e5,1,0,-0.04624,-0.50862,0.03983,-6.0514,12.2234,-19.4977,-0.0986,-0.0589,-0.8164,3.92138,21.0,22.0,22.0,20.0,26.0,22.0,26.0,24.0,26.0,31.0,28.0,23.0,29.0,32.0,37.0,24.0,33.0,47.0,24.0,21.0,21.0,22.0,20.0,20.0,21.0,22.0,21.0,21.0,22.0,22.0,20.0,21.0,22.0,22.0,21.0,22.0,23.0,21.0,10.0,hold,0,0,9.5959
1788791684.0438,2026-09-07 16:34:44.043,19,e5,1,0,-0.04624,-0.50862,0.03982,-6.7788,12.8721,-19.3642,-0.1179,-0.076,-0.8209,3.92918,23.0,21.0,21.0,23.0,25.0,23.0,25.0,22.0,25.0,31.0,28.0,21.0,29.0,32.0,37.0,24.0,32.0,48.0,24.0,21.0,21.0,22.0,20.0,20.0,21.0,22.0,21.0,21.0,22.0,22.0,20.0,21.0,22.0,22.0,21.0,22.0,23.0,21.0,10.0,hold,0,0,9.5265
1788791684.0939,2026-09-07 16:34:44.093,19,e5,1,0,-0.04624,-0.50861,0.0398,-6.5493,12.3832,-19.5504,-0.1049,-0.0707,-0.8172,3.92087,23.0,21.0,21.0,23.0,25.0,23.0,25.0,22.0,25.0,31.0,28.0,21.0,29.0,32.0,37.0,24.0,32.0,48.0,24.0,21.0,21.0,22.0,20.0,20.0,21.0,22.0,21.0,21.0,22.0,22.0,20.0,21.0,22.0,22.0,21.0,22.0,23.0,21.0,10.0,hold,0,0,9.6004
1788791684.144,2026-09-07 16:34:44.144,19,e5,1,0,-0.04624,-0.50862,0.03983,-6.7439,12.8756,-19.4243,-0.1153,-0.0754,-0.8215,3.92616,21.0,22.0,21.0,22.0,25.0,23.0,26.0,21.0,25.0,33.0,28.0,21.0,28.0,32.0,35.0,21.0,32.0,47.0,23.0,21.0,21.0,22.0,20.0,20.0,21.0,22.0,21.0,21.0,22.0,22.0,20.0,21.0,22.0,22.0,21.0,22.0,23.0,21.0,10.0,hold,0,0,9.5533
1788791684.1942,2026-09-07 16:34:44.194,19,e5,1,0,-0.04625,-0.50862,0.03981,-6.9516,12.7495,-19.5924,-0.1129,-0.0781,-0.8194,3.92742,21.0,22.0,21.0,22.0,25.0,23.0,26.0,21.0,25.0,33.0,28.0,21.0,28.0,32.0,35.0,21.0,32.0,47.0,23.0,21.0,21.0,22.0,20.0,20.0,21.0,22.0,21.0,21.0,22.0,22.0,20.0,21.0,22.0,22.0,21.0,22.0,23.0,21.0,10.0,hold,0,0,9.5421
1788791684.2443,2026-09-07 16:34:44.244,19,e5,1,0,-0.04625,-0.50862,0.03982,-6.7937,12.6928,-19.5855,-0.112,-0.0765,-0.8262,3.91559,23.0,21.0,23.0,22.0,24.0,24.0,25.0,22.0,25.0,31.0,28.0,21.0,28.0,32.0,36.0,21.0,32.0,47.0,23.0,21.0,21.0,22.0,20.0,20.0,21.0,22.0,21.0,21.0,22.0,22.0,20.0,21.0,22.0,22.0,21.0,22.0,23.0,21.0,10.0,hold,0,0,9.6474
1788791684.2944,2026-09-07 16:34:44.294,19,e5,1,0,-0.04623,-0.50862,0.03982,-6.69,12.8781,-19.464,-0.1195,-0.0733,-0.8197,3.92994,23.0,22.0,22.0,22.0,24.0,22.0,25.0,20.0,24.0,30.0,27.0,19.0,28.0,32.0,36.0,20.0,32.0,47.0,22.0,21.0,21.0,22.0,20.0,20.0,21.0,22.0,21.0,21.0,22.0,22.0,20.0,21.0,22.0,22.0,21.0,22.0,23.0,21.0,10.0,hold,0,0,9.5197
1788791684.3445,2026-09-07 16:34:44.344,19,e5,1,0,-0.04624,-0.50862,0.03982,-6.4812,12.9769,-19.7304,-0.1182,-0.0678,-0.814,3.91911,23.0,22.0,22.0,22.0,24.0,22.0,25.0,20.0,24.0,30.0,27.0,19.0,28.0,32.0,36.0,20.0,32.0,47.0,22.0,21.0,21.0,22.0,20.0,20.0,21.0,22.0,21.0,21.0,22.0,22.0,20.0,21.0,22.0,22.0,21.0,22.0,23.0,21.0,10.0,hold,0,0,9.6161
1788791684.3946,2026-09-07 16:34:44.394,19,e5,1,0,-0.04624,-0.50862,0.03982,-6.5134,12.626,-19.7181,-0.109,-0.0692,-0.8183,3.92792,22.0,21.0,23.0,20.0,24.0,22.0,25.0,21.0,23.0,32.0,28.0,20.0,27.0,31.0,36.0,22.0,32.0,49.0,24.0,21.0,21.0,22.0,20.0,20.0,21.0,22.0,21.0,21.0,22.0,22.0,20.0,21.0,22.0,22.0,21.0,22.0,23.0,21.0,10.0,hold,0,0,9.5377
1788791684.4447,2026-09-07 16:34:44.444,19,e5,1,0,-0.04624,-0.50862,0.03983,-6.2841,12.5468,-19.6687,-0.1066,-0.0646,-0.8121,3.92264,22.0,21.0,23.0,20.0,24.0,22.0,25.0,21.0,23.0,32.0,28.0,20.0,27.0,31.0,36.0,22.0,32.0,49.0,24.0,21.0,21.0,22.0,20.0,20.0,21.0,22.0,21.0,21.0,22.0,22.0,20.0,21.0,22.0,22.0,21.0,22.0,23.0,21.0,10.0,hold,0,0,9.5847
1788791684.4949,2026-09-07 16:34:44.494,19,e5,1,0,-0.04622,-0.50862,0.03982,-6.5308,12.7265,-19.5964,-0.1142,-0.0695,-0.814,3.91936,22.0,21.0,24.0,21.0,25.0,24.0,26.0,23.0,26.0,32.0,28.0,21.0,29.0,33.0,36.0,23.0,33.0,47.0,21.0,21.0,21.0,22.0,20.0,20.0,21.0,22.0,21.0,21.0,22.0,22.0,20.0,21.0,22.0,22.0,21.0,22.0,23.0,21.0,10.0,hold,0,0,9.6138
1788791684.545,2026-09-07 16:34:44.545,19,e5,1,0,-0.04623,-0.50862,0.03981,-6.3065,12.2321,-19.604,-0.1027,-0.0654,-0.8071,3.92692,23.0,22.0,22.0,22.0,26.0,23.0,25.0,23.0,23.0,32.0,28.0,22.0,27.0,33.0,36.0,21.0,33.0,48.0,22.0,21.0,21.0,22.0,20.0,20.0,21.0,22.0,21.0,21.0,22.0,22.0,20.0,21.0,22.0,22.0,21.0,22.0,23.0,21.0,10.0,hold,0,0,9.5466
1788791684.5951,2026-09-07 16:34:44.595,19,e5,1,0,-0.04624,-0.50862,0.03982,-6.5724,12.6322,-19.5528,-0.1107,-0.0707,-0.8181,3.92364,23.0,22.0,22.0,22.0,26.0,23.0,25.0,23.0,23.0,32.0,28.0,22.0,27.0,33.0,36.0,21.0,33.0,48.0,22.0,21.0,21.0,22.0,20.0,20.0,21.0,22.0,21.0,21.0,22.0,22.0,20.0,21.0,22.0,22.0,21.0,22.0,23.0,21.0,10.0,hold,0,0,9.5757
1788791684.6453,2026-09-07 16:34:44.645,19,e5,1,0,-0.04622,-0.50862,0.03982,-6.5468,12.7326,-19.5772,-0.1117,-0.0701,-0.8134,3.92465,24.0,21.0,23.0,24.0,25.0,23.0,25.0,22.0,24.0,30.0,28.0,22.0,25.0,31.0,35.0,20.0,30.0,47.0,22.0,21.0,21.0,22.0,20.0,20.0,21.0,22.0,21.0,21.0,22.0,22.0,20.0,21.0,22.0,22.0,21.0,22.0,23.0,21.0,10.0,hold,0,0,9.5668
1788791684.6954,2026-09-07 16:34:44.695,19,e5,1,0,-0.04624,-0.50862,0.03982,-6.4371,12.4941,-19.87,-0.1038,-0.0673,-0.8037,3.9239,24.0,21.0,23.0,24.0,25.0,23.0,25.0,22.0,24.0,30.0,28.0,22.0,25.0,31.0,35.0,20.0,30.0,47.0,22.0,21.0,21.0,22.0,20.0,20.0,21.0,22.0,21.0,21.0,22.0,22.0,20.0,21.0,22.0,22.0,21.0,22.0,23.0,21.0,10.0,hold,0,0,9.5735
1788791684.7455,2026-09-07 16:34:44.745,19,e5,1,0,-0.04625,-0.50862,0.03981,-6.4738,12.3123,-19.5247,-0.1012,-0.0684,-0.8177,3.93095,22.0,21.0,22.0,20.0,24.0,22.0,25.0,23.0,25.0,31.0,28.0,22.0,28.0,33.0,36.0,23.0,33.0,48.0,24.0,21.0,21.0,22.0,20.0,20.0,21.0,22.0,21.0,21.0,22.0,22.0,20.0,21.0,22.0,22.0,21.0,22.0,23.0,21.0,10.0,hold,0,0,9.5108
1788791684.7956,2026-09-07 16:34:44.795,19,e5,1,0,-0.04622,-0.50861,0.03981,-6.4876,12.2789,-19.7194,-0.1012,-0.0667,-0.8148,3.91987,23.0,23.0,23.0,23.0,26.0,24.0,25.0,22.0,25.0,32.0,27.0,22.0,29.0,32.0,36.0,22.0,32.0,48.0,23.0,21.0,21.0,22.0,20.0,20.0,21.0,22.0,21.0,21.0,22.0,22.0,20.0,21.0,22.0,22.0,21.0,22.0,23.0,21.0,10.0,hold,0,0,9.6093
1788791684.8457,2026-09-07 16:34:44.845,19,e5,1,0,-0.04623,-0.50862,0.03983,-6.7319,12.6674,-19.5725,-0.1094,-0.0761,-0.8181,3.93019,23.0,23.0,23.0,23.0,26.0,24.0,25.0,22.0,25.0,32.0,27.0,22.0,29.0,32.0,36.0,22.0,32.0,48.0,23.0,21.0,21.0,22.0,20.0,20.0,21.0,22.0,21.0,21.0,22.0,22.0,20.0,21.0,22.0,22.0,21.0,22.0,23.0,21.0,10.0,hold,0,0,9.5175
1788791684.8958,2026-09-07 16:34:44.895,19,e5,1,0,-0.04624,-0.50862,0.03983,-6.5589,12.9115,-19.5415,-0.1209,-0.0683,-0.8246,3.9239,25.0,22.0,23.0,22.0,24.0,23.0,27.0,25.0,26.0,31.0,28.0,23.0,29.0,31.0,36.0,24.0,32.0,48.0,24.0,21.0,21.0,22.0,20.0,20.0,21.0,22.0,21.0,21.0,22.0,22.0,20.0,21.0,22.0,22.0,21.0,22.0,23.0,21.0,10.0,hold,0,0,9.5735
1788791684.9459,2026-09-07 16:34:44.945,19,e5,1,0,-0.04626,-0.50862,0.03982,-6.41,12.5607,-19.3418,-0.1106,-0.0703,-0.813,3.9239,25.0,22.0,23.0,22.0,24.0,23.0,27.0,25.0,26.0,31.0,28.0,23.0,29.0,31.0,36.0,24.0,32.0,48.0,24.0,21.0,21.0,22.0,20.0,20.0,21.0,22.0,21.0,21.0,22.0,22.0,20.0,21.0,22.0,22.0,21.0,22.0,23.0,21.0,10.0,hold,0,0,9.5735
1788791684.9961,2026-09-07 16:34:44.996,19,e5,1,0,-0.04623,-0.50861,0.03983,-6.3795,12.4882,-19.5655,-0.1057,-0.0661,-0.8081,3.93145,24.0,22.0,22.0,25.0,25.0,22.0,26.0,20.0,23.0,31.0,28.0,20.0,28.0,32.0,35.0,21.0,33.0,47.0,21.0,21.0,21.0,22.0,20.0,20.0,21.0,22.0,21.0,21.0,22.0,22.0,20.0,21.0,22.0,22.0,21.0,22.0,23.0,21.0,10.0,hold,0,0,9.5063
1788791685.0463,2026-09-07 16:34:45.046,19,e5,1,0,-0.04624,-0.50861,0.03982,-6.7043,12.7596,-19.6003,-0.1135,-0.075,-0.8135,3.92289,24.0,22.0,22.0,25.0,25.0,22.0,26.0,20.0,23.0,31.0,28.0,20.0,28.0,32.0,35.0,21.0,33.0,47.0,21.0,21.0,21.0,22.0,20.0,20.0,21.0,22.0,21.0,21.0,22.0,22.0,20.0,21.0,22.0,22.0,21.0,22.0,23.0,21.0,10.0,hold,0,0,9.5825
1788791685.0964,2026-09-07 16:34:45.096,19,e5,1,0,-0.04626,-0.50861,0.03982,-6.6281,12.604,-19.4218,-0.111,-0.0695,-0.8156,3.92944,22.0,22.0,22.0,20.0,24.0,23.0,24.0,21.0,24.0,31.0,28.0,22.0,28.0,32.0,36.0,21.0,32.0,47.0,22.0,21.0,21.0,22.0,20.0,20.0,21.0,22.0,21.0,21.0,22.0,22.0,20.0,21.0,22.0,22.0,21.0,22.0,23.0,21.0,10.0,hold,0,0,9.5242
1788791685.1465,2026-09-07 16:34:45.146,19,e5,1,0,-0.04623,-0.50862,0.03982,-6.8194,12.8677,-19.489,-0.1165,-0.075,-0.8227,3.9239,22.0,21.0,23.0,21.0,24.0,23.0,25.0,21.0,24.0,31.0,27.0,20.0,29.0,32.0,36.0,21.0,30.0,48.0,23.0,21.0,21.0,22.0,20.0,20.0,21.0,22.0,21.0,21.0,22.0,22.0,20.0,21.0,22.0,22.0,21.0,22.0,23.0,21.0,10.0,hold,0,0,9.5735
1788791685.1967,2026-09-07 16:34:45.196,19,e5,1,0,-0.04626,-0.50862,0.03982,-6.5064,12.6061,-19.5778,-0.1081,-0.0692,-0.8079,3.92969,22.0,21.0,23.0,21.0,24.0,23.0,25.0,21.0,24.0,31.0,27.0,20.0,29.0,32.0,36.0,21.0,30.0,48.0,23.0,21.0,21.0,22.0,20.0,20.0,21.0,22.0,21.0,21.0,22.0,22.0,20.0,21.0,22.0,22.0,21.0,22.0,23.0,21.0,10.0,hold,0,0,9.522
1788791685.2468,2026-09-07 16:34:45.246,19,e5,1,0,-0.04625,-0.50861,0.03982,-6.6241,12.5865,-19.6511,-0.1099,-0.0734,-0.8174,3.93447,23.0,21.0,22.0,20.0,24.0,22.0,25.0,22.0,24.0,30.0,28.0,22.0,29.0,31.0,36.0,22.0,32.0,47.0,21.0,21.0,21.0,22.0,20.0,20.0,21.0,22.0,21.0,21.0,22.0,22.0,20.0,21.0,22.0,22.0,21.0,22.0,23.0,21.0,10.0,hold,0,0,9.4794
1788791685.297,2026-09-07 16:34:45.296,19,e5,1,0,-0.04624,-0.50863,0.03982,-6.2056,12.4661,-19.4932,-0.1062,-0.062,-0.8131,3.92163,23.0,21.0,22.0,20.0,24.0,22.0,25.0,22.0,24.0,30.0,28.0,22.0,29.0,31.0,36.0,22.0,32.0,47.0,21.0,21.0,21.0,22.0,20.0,20.0,21.0,22.0,21.0,21.0,22.0,22.0,20.0,21.0,22.0,22.0,21.0,22.0,23.0,21.0,10.0,hold,0,0,9.5937
1788791685.347,2026-09-07 16:34:45.347,19,e5,1,0,-0.04625,-0.50862,0.03983,-6.499,12.4609,-19.5177,-0.1048,-0.0673,-0.8122,3.92515,23.0,21.0,21.0,22.0,25.0,21.0,25.0,23.0,24.0,31.0,27.0,23.0,27.0,32.0,36.0,24.0,32.0,48.0,23.0,21.0,21.0,22.0,20.0,20.0,21.0,22.0,21.0,21.0,22.0,22.0,20.0,21.0,22.0,22.0,21.0,22.0,23.0,21.0,10.0,hold,0,0,9.5623
1788791685.3971,2026-09-07 16:34:45.397,19,e5,1,0,-0.04625,-0.50861,0.03981,-7.0316,12.8465,-19.6412,-0.1169,-0.0815,-0.8135,3.92969,24.0,22.0,22.0,24.0,24.0,23.0,25.0,23.0,23.0,32.0,28.0,23.0,26.0,33.0,35.0,21.0,33.0,47.0,22.0,21.0,21.0,22.0,20.0,20.0,21.0,22.0,21.0,21.0,22.0,22.0,20.0,21.0,22.0,22.0,21.0,22.0,23.0,21.0,10.0,hold,0,0,9.522
1788791685.4472,2026-09-07 16:34:45.447,19,e5,1,0,-0.04622,-0.50862,0.03983,-6.4929,12.6654,-19.4106,-0.1112,-0.0718,-0.8195,3.92465,24.0,22.0,22.0,24.0,24.0,23.0,25.0,23.0,23.0,32.0,28.0,23.0,26.0,33.0,35.0,21.0,33.0,47.0,22.0,21.0,21.0,22.0,20.0,20.0,21.0,22.0,21.0,21.0,22.0,22.0,20.0,21.0,22.0,22.0,21.0,22.0,23.0,21.0,10.0,hold,0,0,9.5668
1788791685.4973,2026-09-07 16:34:45.497,19,e5,1,0,-0.04624,-0.50863,0.03983,-6.6941,12.6732,-19.3065,-0.1093,-0.0724,-0.818,3.92641,25.0,21.0,23.0,23.0,22.0,24.0,24.0,21.0,26.0,32.0,28.0,21.0,29.0,33.0,36.0,21.0,32.0,48.0,22.0,21.0,21.0,22.0,20.0,20.0,21.0,22.0,21.0,21.0,22.0,22.0,20.0,21.0,22.0,22.0,21.0,22.0,23.0,21.0,10.0,hold,0,0,9.5511
1788791685.5474,2026-09-07 16:34:45.547,19,e5,1,0,-0.04623,-0.50862,0.03983,-6.3733,12.468,-19.4152,-0.1053,-0.0635,-0.8079,3.93573,25.0,21.0,23.0,23.0,22.0,24.0,24.0,21.0,26.0,32.0,28.0,21.0,29.0,33.0,36.0,21.0,32.0,48.0,22.0,21.0,21.0,22.0,20.0,20.0,21.0,22.0,21.0,21.0,22.0,22.0,20.0,21.0,22.0,22.0,21.0,22.0,23.0,21.0,10.0,hold,0,0,9.4682
1788791685.5976,2026-09-07 16:34:45.597,19,e5,1,0,-0.04622,-0.50862,0.03982,-6.3475,12.5753,-19.5152,-0.1107,-0.0679,-0.8074,3.9249,22.0,23.0,23.0,21.0,26.0,23.0,26.0,23.0,23.0,31.0,28.0,22.0,27.0,31.0,37.0,23.0,32.0,48.0,23.0,21.0,21.0,22.0,20.0,20.0,21.0,22.0,21.0,21.0,22.0,22.0,20.0,21.0,22.0,22.0,21.0,22.0,23.0,21.0,10.0,hold,0,0,9.5645
1788791685.6477,2026-09-07 16:34:45.647,19,e5,1,0,-0.04622,-0.50862,0.03983,-6.7295,12.7632,-19.5731,-0.1144,-0.0769,-0.8174,3.93095,24.0,22.0,22.0,22.0,25.0,23.0,25.0,23.0,24.0,33.0,28.0,22.0,29.0,32.0,36.0,23.0,33.0,48.0,23.0,21.0,21.0,22.0,20.0,20.0,21.0,22.0,21.0,21.0,22.0,22.0,20.0,21.0,22.0,22.0,21.0,22.0,23.0,21.0,10.0,hold,0,0,9.5108
1788791685.6978,2026-09-07 16:34:45.697,19,e5,1,0,-0.04624,-0.50862,0.03982,-6.4899,12.897,-19.5523,-0.1202,-0.0695,-0.8128,3.92364,24.0,22.0,22.0,22.0,25.0,23.0,25.0,23.0,24.0,33.0,28.0,22.0,29.0,32.0,36.0,23.0,33.0,48.0,23.0,21.0,21.0,22.0,20.0,20.0,21.0,22.0,21.0,21.0,22.0,22.0,20.0,21.0,22.0,22.0,21.0,22.0,23.0,21.0,10.0,hold,0,0,9.5757
1788791685.7479,2026-09-07 16:34:45.747,19,e5,1,0,-0.04624,-0.50862,0.03983,-6.1628,12.6755,-19.6766,-0.1113,-0.0623,-0.8103,3.92717,24.0,21.0,23.0,22.0,25.0,23.0,25.0,23.0,24.0,32.0,28.0,23.0,29.0,33.0,36.0,21.0,32.0,47.0,23.0,21.0,21.0,22.0,20.0,20.0,21.0,22.0,21.0,21.0,22.0,22.0,20.0,21.0,22.0,22.0,21.0,22.0,23.0,21.0,10.0,hold,0,0,9.5444
1788791685.798,2026-09-07 16:34:45.798,19,e5,1,0,-0.04623,-0.50861,0.03981,-6.5553,12.742,-19.5256,-0.1148,-0.0717,-0.8131,3.93145,24.0,21.0,23.0,22.0,25.0,23.0,25.0,23.0,24.0,32.0,28.0,23.0,29.0,33.0,36.0,21.0,32.0,47.0,23.0,21.0,21.0,22.0,20.0,20.0,21.0,22.0,21.0,21.0,22.0,22.0,20.0,21.0,22.0,22.0,21.0,22.0,23.0,21.0,10.0,hold,0,0,9.5063
1788791685.8482,2026-09-07 16:34:45.848,19,e5,1,0,-0.04623,-0.50861,0.03982,-6.6243,12.6178,-19.453,-0.1079,-0.0708,-0.8105,3.9176,24.0,22.0,24.0,22.0,24.0,23.0,26.0,23.0,25.0,31.0,29.0,22.0,28.0,32.0,37.0,23.0,32.0,49.0,23.0,21.0,21.0,22.0,20.0,20.0,21.0,22.0,21.0,21.0,22.0,22.0,20.0,21.0,22.0,22.0,21.0,22.0,23.0,21.0,10.0,hold,0,0,9.6295
1788791685.8983,2026-09-07 16:34:45.898,19,e5,1,0,-0.04625,-0.50861,0.03981,-6.7005,12.5697,-19.5726,-0.1111,-0.0738,-0.8148,3.93447,23.0,21.0,22.0,22.0,27.0,22.0,25.0,23.0,24.0,31.0,29.0,22.0,28.0,32.0,36.0,22.0,32.0,47.0,22.0,21.0,21.0,22.0,20.0,20.0,21.0,22.0,21.0,21.0,22.0,22.0,20.0,21.0,22.0,22.0,21.0,22.0,23.0,21.0,10.0,hold,0,0,9.4794
1788791685.9484,2026-09-07 16:34:45.948,19,e5,1,0,-0.04624,-0.50861,0.0398,-6.7679,12.7078,-19.5206,-0.1121,-0.0762,-0.8154,3.92541,23.0,21.0,22.0,22.0,27.0,22.0,25.0,23.0,24.0,31.0,29.0,22.0,28.0,32.0,36.0,22.0,32.0,47.0,22.0,21.0,21.0,22.0,20.0,20.0,21.0,22.0,21.0,21.0,22.0,22.0,20.0,21.0,22.0,22.0,21.0,22.0,23.0,21.0,10.0,hold,0,0,9.5601
1788791685.9985,2026-09-07 16:34:45.998,19,e5,0,0,-0.04623,-0.50861,0.03981,-6.7779,12.9624,-19.4725,-0.1154,-0.077,-0.8173,3.92314,24.0,22.0,23.0,22.0,25.0,22.0,27.0,23.0,24.0,32.0,28.0,22.0,28.0,31.0,37.0,23.0,33.0,48.0,23.0,21.0,21.0,22.0,20.0,20.0,21.0,22.0,21.0,21.0,22.0,22.0,20.0,21.0,22.0,22.0,21.0,22.0,23.0,21.0,10.0,retract,0,0,9.5802
1788791686.0486,2026-09-07 16:34:46.048,19,e5,0,0,-0.04623,-0.50861,0.03982,-6.5121,12.4708,-19.5102,-0.1108,-0.0675,-0.8116,3.93044,24.0,22.0,23.0,22.0,25.0,22.0,27.0,23.0,24.0,32.0,28.0,22.0,28.0,31.0,37.0,23.0,33.0,48.0,23.0,21.0,21.0,22.0,20.0,20.0,21.0,22.0,21.0,21.0,22.0,22.0,20.0,21.0,22.0,22.0,21.0,22.0,23.0,21.0,10.0,retract,0,0,9.5153
1788791686.0988,2026-09-07 16:34:46.098,19,e5,0,0,-0.04624,-0.50861,0.03987,-6.2169,12.1513,-19.6761,-0.098,-0.0592,-0.8096,3.96418,23.0,21.0,22.0,23.0,24.0,22.0,26.0,23.0,24.0,31.0,28.0,22.0,28.0,32.0,35.0,23.0,32.0,46.0,24.0,21.0,21.0,22.0,20.0,20.0,21.0,22.0,21.0,21.0,22.0,22.0,20.0,21.0,22.0,22.0,21.0,22.0,23.0,21.0,10.0,retract,0,0,9.2151
1788791686.1489,2026-09-07 16:34:46.148,19,e5,0,0,-0.04623,-0.50861,0.03995,-6.1943,12.1598,-20.0726,-0.1025,-0.0618,-0.8043,4.0022,23.0,21.0,22.0,23.0,24.0,22.0,26.0,23.0,24.0,31.0,28.0,22.0,28.0,32.0,35.0,23.0,32.0,46.0,24.0,21.0,21.0,22.0,20.0,20.0,21.0,22.0,21.0,21.0,22.0,22.0,20.0,21.0,22.0,22.0,21.0,22.0,23.0,21.0,10.0,retract,0,0,8.8769
1788791686.199,2026-09-07 16:34:46.199,19,e5,0,0,-0.04624,-0.5086,0.04006,-6.5071,12.3539,-20.2049,-0.1039,-0.0674,-0.8028,4.06615,23.0,22.0,22.0,23.0,25.0,22.0,24.0,21.0,23.0,30.0,29.0,20.0,27.0,31.0,36.0,22.0,30.0,48.0,24.0,21.0,21.0,22.0,20.0,20.0,21.0,22.0,21.0,21.0,22.0,22.0,20.0,21.0,22.0,22.0,21.0,22.0,23.0,21.0,10.0,retract,0,0,8.308
1788791686.2492,2026-09-07 16:34:46.249,19,e5,0,0,-0.04623,-0.5086,0.0402,-6.5474,12.4383,-20.2291,-0.1069,-0.0683,-0.8078,4.1442,20.0,21.0,20.0,21.0,25.0,21.0,25.0,21.0,23.0,29.0,30.0,20.0,26.0,31.0,37.0,20.0,31.0,48.0,22.0,21.0,21.0,22.0,20.0,20.0,21.0,22.0,21.0,21.0,22.0,22.0,20.0,21.0,22.0,22.0,21.0,22.0,23.0,21.0,10.0,retract,0,0,7.6136
1788791686.2993,2026-09-07 16:34:46.299,19,e5,0,0,-0.04624,-0.50861,0.04041,-6.9926,12.6312,-20.6143,-0.1114,-0.0776,-0.8084,4.23685,20.0,21.0,20.0,21.0,25.0,21.0,25.0,21.0,23.0,29.0,30.0,20.0,26.0,31.0,37.0,20.0,31.0,48.0,22.0,21.0,21.0,22.0,20.0,20.0,21.0,22.0,21.0,21.0,22.0,22.0,20.0,21.0,22.0,22.0,21.0,22.0,23.0,21.0,10.0,retract,0,0,6.7893
1788791686.3495,2026-09-07 16:34:46.349,19,e5,0,0,-0.04624,-0.50861,0.04064,-6.7411,12.7301,-21.0817,-0.1197,-0.0716,-0.8074,4.34461,22.0,20.0,21.0,22.0,22.0,20.0,26.0,23.0,23.0,30.0,28.0,22.0,26.0,31.0,35.0,22.0,29.0,46.0,21.0,21.0,21.0,22.0,20.0,20.0,21.0,22.0,21.0,21.0,22.0,22.0,20.0,21.0,22.0,22.0,21.0,22.0,23.0,21.0,10.0,retract,0,0,5.8306
1788791686.3995,2026-09-07 16:34:46.399,19,e5,0,0,-0.04622,-0.5086,0.04089,-6.4601,12.6258,-21.3343,-0.1172,-0.0652,-0.8072,4.41989,22.0,20.0,21.0,22.0,22.0,20.0,26.0,23.0,23.0,30.0,28.0,22.0,26.0,31.0,35.0,22.0,29.0,46.0,21.0,21.0,21.0,22.0,20.0,20.0,21.0,22.0,21.0,21.0,22.0,22.0,20.0,21.0,22.0,22.0,21.0,22.0,23.0,21.0,10.0,retract,0,0,5.1609
1788791686.4496,2026-09-07 16:34:46.449,19,e5,0,0,-0.04624,-0.50859,0.04113,-6.7336,12.5355,-21.5442,-0.1161,-0.0701,-0.8115,4.49643,24.0,21.0,21.0,21.0,24.0,20.0,25.0,26.0,23.0,31.0,27.0,25.0,27.0,30.0,37.0,25.0,31.0,46.0,25.0,21.0,21.0,22.0,20.0,20.0,21.0,22.0,21.0,21.0,22.0,22.0,20.0,21.0,22.0,22.0,21.0,22.0,23.0,21.0,10.0,retract,0,0,4.48
1788791686.4997,2026-09-07 16:34:46.499,19,e5,0,0,-0.04623,-0.50858,0.04144,-6.8864,12.6886,-21.8784,-0.1178,-0.0738,-0.8131,4.59059,25.0,21.0,21.0,24.0,24.0,21.0,26.0,22.0,23.0,30.0,26.0,20.0,25.0,29.0,36.0,22.0,29.0,45.0,25.0,21.0,21.0,22.0,20.0,20.0,21.0,22.0,21.0,21.0,22.0,22.0,20.0,21.0,22.0,22.0,21.0,22.0,23.0,21.0,10.0,retract,0,0,3.6423
1788791686.5498,2026-09-07 16:34:46.549,19,e5,0,0,-0.04624,-0.50858,0.04181,-6.9447,12.4515,-22.277,-0.1142,-0.0769,-0.8103,4.65253,25.0,21.0,21.0,24.0,24.0,21.0,26.0,22.0,23.0,30.0,26.0,20.0,25.0,29.0,36.0,22.0,29.0,45.0,25.0,21.0,21.0,22.0,20.0,20.0,21.0,22.0,21.0,21.0,22.0,22.0,20.0,21.0,22.0,22.0,21.0,22.0,23.0,21.0,10.0,retract,0,0,3.0913
1788791686.6,2026-09-07 16:34:46.599,19,e5,0,0,-0.04621,-0.50857,0.04209,-6.7679,12.8124,-22.326,-0.1218,-0.073,-0.8204,4.66033,23.0,21.0,21.0,22.0,24.0,21.0,25.0,24.0,22.0,31.0,26.0,24.0,25.0,29.0,35.0,25.0,29.0,42.0,25.0,21.0,21.0,22.0,20.0,20.0,21.0,22.0,21.0,21.0,22.0,22.0,20.0,21.0,22.0,22.0,21.0,22.0,23.0,21.0,10.0,retract,0,0,3.0218
1788791686.6501,2026-09-07 16:34:46.650,19,e5,0,0,-0.04623,-0.50859,0.04244,-6.4352,12.3407,-22.0988,-0.1132,-0.0661,-0.8165,4.68576,23.0,21.0,21.0,22.0,24.0,21.0,25.0,24.0,22.0,31.0,26.0,24.0,25.0,29.0,35.0,25.0,29.0,42.0,25.0,21.0,21.0,22.0,20.0,20.0,21.0,22.0,21.0,21.0,22.0,22.0,20.0,21.0,22.0,22.0,21.0,22.0,23.0,21.0,10.0,retract,0,0,2.7956
1788791686.7003,2026-09-07 16:34:46.700,19,e5,0,0,-0.04623,-0.5086,0.04277,-6.7622,12.6478,-22.5023,-0.1237,-0.0749,-0.8106,4.69785,25.0,19.0,21.0,25.0,22.0,21.0,25.0,23.0,22.0,30.0,24.0,22.0,25.0,29.0,34.0,23.0,29.0,38.0,24.0,21.0,21.0,22.0,20.0,20.0,21.0,22.0,21.0,21.0,22.0,22.0,20.0,21.0,22.0,22.0,21.0,22.0,23.0,21.0,10.0,retract,0,0,2.6881
1788791686.7504,2026-09-07 16:34:46.750,19,e5,0,0,-0.04624,-0.50858,0.04311,-6.1948,12.4808,-22.5316,-0.1219,-0.0658,-0.8086,4.69684,24.0,20.0,21.0,23.0,23.0,22.0,23.0,24.0,23.0,29.0,26.0,23.0,26.0,28.0,33.0,23.0,29.0,37.0,24.0,21.0,21.0,22.0,20.0,20.0,21.0,22.0,21.0,21.0,22.0,22.0,20.0,21.0,22.0,22.0,21.0,22.0,23.0,21.0,10.0,retract,0,0,2.697
1788791686.8005,2026-09-07 16:34:46.800,19,e5,0,0,-0.04623,-0.50859,0.04347,-6.1552,12.3231,-22.5409,-0.1223,-0.0636,-0.8054,4.69936,24.0,20.0,21.0,23.0,23.0,22.0,23.0,24.0,23.0,29.0,26.0,23.0,26.0,28.0,33.0,23.0,29.0,37.0,24.0,21.0,21.0,22.0,20.0,20.0,21.0,22.0,21.0,21.0,22.0,22.0,20.0,21.0,22.0,22.0,21.0,22.0,23.0,21.0,10.0,retract,0,0,2.6746
1788791686.8505,2026-09-07 16:34:46.850,19,e5,0,0,-0.04622,-0.50859,0.04379,-6.2287,12.3497,-22.498,-0.1265,-0.0672,-0.8124,4.70314,26.0,21.0,20.0,24.0,25.0,21.0,24.0,23.0,23.0,29.0,23.0,23.0,25.0,26.0,30.0,22.0,27.0,34.0,23.0,21.0,21.0,22.0,20.0,20.0,21.0,22.0,21.0,21.0,22.0,22.0,20.0,21.0,22.0,22.0,21.0,22.0,23.0,21.0,10.0,retract,0,0,2.641
1788791686.9006,2026-09-07 16:34:46.900,19,e5,0,0,-0.04623,-0.50859,0.04413,-6.5971,12.3515,-22.4426,-0.1256,-0.0779,-0.8083,4.69332,26.0,21.0,20.0,24.0,25.0,21.0,24.0,23.0,23.0,29.0,23.0,23.0,25.0,26.0,30.0,22.0,27.0,34.0,23.0,21.0,21.0,22.0,20.0,20.0,21.0,22.0,21.0,21.0,22.0,22.0,20.0,21.0,22.0,22.0,21.0,22.0,23.0,21.0,10.0,retract,0,0,2.7284
1788791686.9507,2026-09-07 16:34:46.950,19,e5,0,0,-0.04624,-0.50859,0.04447,-6.4555,12.3659,-22.5467,-0.1316,-0.0746,-0.809,4.69986,23.0,20.0,19.0,23.0,23.0,21.0,22.0,24.0,22.0,29.0,23.0,24.0,25.0,27.0,27.0,24.0,27.0,31.0,25.0,21.0,21.0,22.0,20.0,20.0,21.0,22.0,21.0,21.0,22.0,22.0,20.0,21.0,22.0,22.0,21.0,22.0,23.0,21.0,10.0,retract,0,0,2.6701
1788791687.0008,2026-09-07 16:34:47.000,19,e5,0,0,-0.04624,-0.5086,0.04479,-6.2301,12.4249,-22.5794,-0.131,-0.068,-0.808,4.684,24.0,21.0,20.0,25.0,23.0,20.0,22.0,23.0,22.0,29.0,21.0,22.0,25.0,26.0,26.0,23.0,27.0,29.0,25.0,21.0,21.0,22.0,20.0,20.0,21.0,22.0,21.0,21.0,22.0,22.0,20.0,21.0,22.0,22.0,21.0,22.0,23.0,21.0,10.0,retract,0,0,2.8113
1788791687.0509,2026-09-07 16:34:47.050,19,e5,0,0,-0.04623,-0.50859,0.04515,-6.4296,12.1803,-22.5113,-0.1239,-0.0685,-0.8124,4.70087,24.0,21.0,20.0,25.0,23.0,20.0,22.0,23.0,22.0,29.0,21.0,22.0,25.0,26.0,26.0,23.0,27.0,29.0,25.0,21.0,21.0,22.0,20.0,20.0,21.0,22.0,21.0,21.0,22.0,22.0,20.0,21.0,22.0,22.0,21.0,22.0,23.0,21.0,10.0,retract,0,0,2.6612
1788791687.101,2026-09-07 16:34:47.101,19,e5,0,0,-0.04622,-0.50859,0.04548,-6.2782,12.0519,-22.5953,-0.1216,-0.0661,-0.8103,4.69508,23.0,20.0,21.0,23.0,22.0,20.0,22.0,22.0,25.0,27.0,22.0,21.0,27.0,24.0,27.0,21.0,24.0,30.0,22.0,21.0,21.0,22.0,20.0,20.0,21.0,22.0,21.0,21.0,22.0,22.0,20.0,21.0,22.0,22.0,21.0,22.0,23.0,21.0,10.0,retract,0,0,2.7127
1788791687.1512,2026-09-07 16:34:47.151,19,e5,0,0,-0.04624,-0.5086,0.04585,-6.384,12.4719,-22.5599,-0.1292,-0.0682,-0.8051,4.69785,23.0,20.0,21.0,23.0,22.0,20.0,22.0,22.0,25.0,27.0,22.0,21.0,27.0,24.0,27.0,21.0,24.0,30.0,22.0,21.0,21.0,22.0,20.0,20.0,21.0,22.0,21.0,21.0,22.0,22.0,20.0,21.0,22.0,22.0,21.0,22.0,23.0,21.0,10.0,retract,0,0,2.6881
1788791687.2014,2026-09-07 16:34:47.201,19,e5,0,0,-0.04623,-0.50859,0.04616,-6.3321,11.8295,-22.562,-0.1144,-0.0686,-0.81,4.69735,24.0,24.0,19.0,22.0,25.0,19.0,22.0,23.0,22.0,27.0,22.0,22.0,26.0,25.0,27.0,22.0,26.0,29.0,23.0,21.0,21.0,22.0,20.0,20.0,21.0,22.0,21.0,21.0,22.0,22.0,20.0,21.0,22.0,22.0,21.0,22.0,23.0,21.0,10.0,retract,0,0,2.6925
1788791687.2515,2026-09-07 16:34:47.251,19,e5,0,0,-0.04623,-0.50859,0.04649,-6.7179,12.3745,-22.4072,-0.1276,-0.0781,-0.8145,4.70213,24.0,24.0,19.0,22.0,25.0,19.0,22.0,23.0,22.0,27.0,22.0,22.0,26.0,25.0,27.0,22.0,26.0,29.0,23.0,21.0,21.0,22.0,20.0,20.0,21.0,22.0,21.0,21.0,22.0,22.0,20.0,21.0,22.0,22.0,21.0,22.0,23.0,21.0,10.0,retract,0,0,2.65
1788791687.3016,2026-09-07 16:34:47.301,19,e5,0,0,-0.04624,-0.50861,0.04682,-6.3187,12.1723,-22.716,-0.1251,-0.0685,-0.8111,4.69533,23.0,22.0,19.0,23.0,23.0,20.0,20.0,24.0,22.0,27.0,21.0,24.0,24.0,24.0,25.0,23.0,24.0,29.0,24.0,21.0,21.0,22.0,20.0,20.0,21.0,22.0,21.0,21.0,22.0,22.0,20.0,21.0,22.0,22.0,21.0,22.0,23.0,21.0,10.0,retract,0,0,2.7105
1788791687.3517,2026-09-07 16:34:47.351,19,e5,0,0,-0.04623,-0.5086,0.04715,-6.393,12.1158,-22.5341,-0.1227,-0.07,-0.8146,4.6913,24.0,21.0,20.0,24.0,22.0,20.0,21.0,22.0,22.0,29.0,20.0,22.0,25.0,26.0,24.0,22.0,26.0,27.0,22.0,21.0,21.0,22.0,20.0,20.0,21.0,22.0,21.0,21.0,22.0,22.0,20.0,21.0,22.0,22.0,21.0,22.0,23.0,21.0,10.0,retract,0,0,2.7463
1788791687.4019,2026-09-07 16:34:47.401,19,e5,0,0,-0.04623,-0.50859,0.04746,-6.7321,12.7145,-22.4243,-0.133,-0.0796,-0.8172,4.69986,24.0,21.0,20.0,24.0,22.0,20.0,21.0,22.0,22.0,29.0,20.0,22.0,25.0,26.0,24.0,22.0,26.0,27.0,22.0,21.0,21.0,22.0,20.0,20.0,21.0,22.0,21.0,21.0,22.0,22.0,20.0,21.0,22.0,22.0,21.0,22.0,23.0,21.0,10.0,retract,0,0,2.6701
1788791687.452,2026-09-07 16:34:47.452,19,e5,0,0,-0.04623,-0.50858,0.0478,-6.7011,12.4161,-22.4163,-0.1298,-0.0806,-0.8138,4.68627,22.0,20.0,20.0,21.0,23.0,21.0,20.0,22.0,21.0,30.0,21.0,20.0,24.0,25.0,24.0,22.0,26.0,26.0,23.0,21.0,21.0,22.0,20.0,20.0,21.0,22.0,21.0,21.0,22.0,22.0,20.0,21.0,22.0,22.0,21.0,22.0,23.0,21.0,10.0,retract,0,0,2.7911
1788791687.5021,2026-09-07 16:34:47.502,19,e5,0,0,-0.04623,-0.50859,0.04817,-6.6118,12.4324,-22.4673,-0.1314,-0.0755,-0.8112,4.69785,22.0,20.0,20.0,21.0,23.0,21.0,20.0,22.0,21.0,30.0,21.0,20.0,24.0,25.0,24.0,22.0,26.0,26.0,23.0,21.0,21.0,22.0,20.0,20.0,21.0,22.0,21.0,21.0,22.0,22.0,20.0,21.0,22.0,22.0,21.0,22.0,23.0,21.0,10.0,retract,0,0,2.6881
1788791687.5522,2026-09-07 16:34:47.552,19,e5,0,0,-0.04623,-0.5086,0.04847,-6.4135,12.0496,-22.4808,-0.1191,-0.0719,-0.811,4.69961,23.0,21.0,20.0,22.0,22.0,21.0,22.0,21.0,23.0,30.0,20.0,20.0,25.0,26.0,24.0,20.0,26.0,25.0,21.0,21.0,21.0,22.0,20.0,20.0,21.0,22.0,21.0,21.0,22.0,22.0,20.0,21.0,22.0,22.0,21.0,22.0,23.0,21.0,10.0,retract,0,0,2.6724
1788791687.6024,2026-09-07 16:34:47.602,19,e5,0,0,-0.04623,-0.50861,0.04877,-6.3581,12.4992,-22.4003,-0.132,-0.0707,-0.8059,4.69458,22.0,21.0,22.0,22.0,24.0,22.0,19.0,21.0,22.0,28.0,20.0,21.0,25.0,25.0,24.0,21.0,25.0,25.0,21.0,21.0,21.0,22.0,20.0,20.0,21.0,22.0,21.0,21.0,22.0,22.0,20.0,21.0,22.0,22.0,21.0,22.0,23.0,21.0,10.0,retract,0,0,2.7172
1788791687.6525,2026-09-07 16:34:47.652,19,e5,0,0,-0.04624,-0.5086,0.04899,-6.6012,12.4199,-22.5364,-0.1309,-0.0755,-0.8171,4.69911,22.0,21.0,22.0,22.0,24.0,22.0,19.0,21.0,22.0,28.0,20.0,21.0,25.0,25.0,24.0,21.0,25.0,25.0,21.0,21.0,21.0,22.0,20.0,20.0,21.0,22.0,21.0,21.0,22.0,22.0,20.0,21.0,22.0,22.0,21.0,22.0,23.0,21.0,10.0,retract,0,0,2.6769
1788791687.7026,2026-09-07 16:34:47.702,19,e5,0,0,-0.04621,-0.5086,0.04921,-6.5597,12.2514,-22.3704,-0.1273,-0.0747,-0.8083,4.68652,22.0,20.0,20.0,22.0,22.0,20.0,21.0,23.0,22.0,29.0,21.0,24.0,25.0,25.0,25.0,23.0,26.0,25.0,24.0,21.0,21.0,22.0,20.0,20.0,21.0,22.0,21.0,21.0,22.0,22.0,20.0,21.0,22.0,22.0,21.0,22.0,23.0,21.0,10.0,retract,0,0,2.7889
1788791687.7527,2026-09-07 16:34:47.752,19,e5,0,0,-0.04622,-0.50859,0.04937,-6.4838,12.3722,-22.4231,-0.1285,-0.0743,-0.8132,4.69458,22.0,20.0,20.0,22.0,22.0,20.0,21.0,23.0,22.0,29.0,21.0,24.0,25.0,25.0,25.0,23.0,26.0,25.0,24.0,21.0,21.0,22.0,20.0,20.0,21.0,22.0,21.0,21.0,22.0,22.0,20.0,21.0,22.0,22.0,21.0,22.0,23.0,21.0,10.0,retract,0,0,2.7172
1788791687.8028,2026-09-07 16:34:47.802,19,e5,0,0,-0.04624,-0.5086,0.0495,-6.5438,11.9738,-22.4472,-0.1209,-0.0727,-0.8101,4.69382,24.0,20.0,20.0,23.0,22.0,20.0,21.0,23.0,22.0,28.0,20.0,23.0,23.0,23.0,24.0,24.0,25.0,26.0,24.0,21.0,21.0,22.0,20.0,20.0,21.0,22.0,21.0,21.0,22.0,22.0,20.0,21.0,22.0,22.0,21.0,22.0,23.0,21.0,10.0,retract,0,0,2.7239
1788791687.8529,2026-09-07 16:34:47.852,19,e5,0,0,-0.04622,-0.50858,0.04956,-6.3259,12.086,-22.5276,-0.1216,-0.0706,-0.8094,4.6903,24.0,20.0,20.0,23.0,22.0,20.0,21.0,23.0,22.0,27.0,20.0,22.0,25.0,24.0,23.0,21.0,23.0,25.0,21.0,21.0,21.0,22.0,20.0,20.0,21.0,22.0,21.0,21.0,22.0,22.0,20.0,21.0,22.0,22.0,21.0,22.0,23.0,21.0,10.0,retract,0,0,2.7553
1788791687.903,2026-09-07 16:34:47.903,19,e5,0,0,-0.04622,-0.50858,0.04966,-6.2966,11.9732,-22.5485,-0.1156,-0.0687,-0.8076,4.69332,24.0,20.0,20.0,23.0,22.0,20.0,21.0,23.0,22.0,27.0,20.0,22.0,25.0,24.0,23.0,21.0,23.0,25.0,21.0,21.0,21.0,22.0,20.0,20.0,21.0,22.0,21.0,21.0,22.0,22.0,20.0,21.0,22.0,22.0,21.0,22.0,23.0,21.0,10.0,retract,0,0,2.7284
1788791687.9531,2026-09-07 16:34:47.953,19,e5,0,0,-0.04624,-0.50859,0.04973,-6.8219,12.5471,-22.4582,-0.1323,-0.0819,-0.8143,4.70288,24.0,21.0,20.0,23.0,22.0,19.0,20.0,24.0,22.0,28.0,19.0,25.0,25.0,24.0,23.0,24.0,24.0,24.0,24.0,21.0,21.0,22.0,20.0,20.0,21.0,22.0,21.0,21.0,22.0,22.0,20.0,21.0,22.0,22.0,21.0,22.0,23.0,21.0,10.0,retract,0,0,2.6433
1788791688.0032,2026-09-07 16:34:48.003,19,e5,0,0,-0.04625,-0.50859,0.04976,-6.7178,12.289,-22.1975,-0.1274,-0.0772,-0.8103,4.69684,24.0,21.0,20.0,23.0,22.0,19.0,20.0,24.0,22.0,28.0,19.0,25.0,25.0,24.0,23.0,24.0,24.0,24.0,24.0,21.0,21.0,22.0,20.0,20.0,21.0,22.0,21.0,21.0,22.0,22.0,20.0,21.0,22.0,22.0,21.0,22.0,23.0,21.0,10.0,post,0,0,2.697
1788791688.0534,2026-09-07 16:34:48.053,19,e5,0,0,-0.04622,-0.5086,0.04979,-6.4603,12.0836,-22.4225,-0.1185,-0.0747,-0.8152,4.69609,25.0,21.0,20.0,25.0,22.0,20.0,20.0,22.0,21.0,27.0,20.0,22.0,25.0,25.0,23.0,22.0,25.0,24.0,23.0,21.0,21.0,22.0,20.0,20.0,21.0,22.0,21.0,21.0,22.0,22.0,20.0,21.0,22.0,22.0,21.0,22.0,23.0,21.0,10.0,post,0,0,2.7037
1788791688.1035,2026-09-07 16:34:48.103,19,e5,0,0,-0.04623,-0.50861,0.04981,-6.8243,12.5892,-22.0812,-0.1338,-0.083,-0.8126,4.69785,23.0,21.0,19.0,23.0,23.0,19.0,20.0,21.0,23.0,28.0,20.0,20.0,25.0,23.0,23.0,21.0,25.0,25.0,21.0,21.0,21.0,22.0,20.0,20.0,21.0,22.0,21.0,21.0,22.0,22.0,20.0,21.0,22.0,22.0,21.0,22.0,23.0,21.0,10.0,post,0,0,2.6881
1788791688.1535,2026-09-07 16:34:48.153,19,e5,0,0,-0.04623,-0.50861,0.0498,-6.516,12.3124,-22.4805,-0.1261,-0.0752,-0.8136,4.70188,23.0,21.0,19.0,23.0,23.0,19.0,20.0,21.0,23.0,28.0,20.0,20.0,25.0,23.0,23.0,21.0,25.0,25.0,21.0,21.0,21.0,22.0,20.0,20.0,21.0,22.0,21.0,21.0,22.0,22.0,20.0,21.0,22.0,22.0,21.0,22.0,23.0,21.0,10.0,post,0,0,2.6522
1788791688.2036,2026-09-07 16:34:48.203,19,e5,0,0,-0.04621,-0.50861,0.0498,-6.5323,12.0089,-22.1628,-0.117,-0.0734,-0.8097,4.69558,22.0,21.0,20.0,20.0,24.0,21.0,21.0,23.0,21.0,27.0,20.0,23.0,22.0,24.0,22.0,22.0,24.0,25.0,24.0,21.0,21.0,22.0,20.0,20.0,21.0,22.0,21.0,21.0,22.0,22.0,20.0,21.0,22.0,22.0,21.0,22.0,23.0,21.0,10.0,post,0,0,2.7082
1788791688.2538,2026-09-07 16:34:48.253,19,e5,0,0,-0.04624,-0.50861,0.04981,-6.5491,12.3176,-22.4964,-0.1302,-0.0785,-0.8076,4.70112,22.0,21.0,20.0,20.0,24.0,21.0,21.0,23.0,21.0,27.0,20.0,23.0,22.0,24.0,22.0,22.0,24.0,25.0,24.0,21.0,21.0,22.0,20.0,20.0,21.0,22.0,21.0,21.0,22.0,22.0,20.0,21.0,22.0,22.0,21.0,22.0,23.0,21.0,10.0,post,0,0,2.6589
1788791688.3038,2026-09-07 16:34:48.303,19,e5,0,0,-0.04623,-0.5086,0.04981,-6.4663,12.1346,-22.5234,-0.1223,-0.0729,-0.8124,4.69986,25.0,19.0,19.0,23.0,23.0,19.0,22.0,24.0,25.0,28.0,19.0,23.0,26.0,23.0,21.0,24.0,24.0,24.0,24.0,21.0,21.0,22.0,20.0,20.0,21.0,22.0,21.0,21.0,22.0,22.0,20.0,21.0,22.0,22.0,21.0,22.0,23.0,21.0,10.0,post,0,0,2.6701
1788791688.3539,2026-09-07 16:34:48.353,19,e5,0,0,-0.04623,-0.50861,0.04981,-6.5618,12.2907,-22.4147,-0.1271,-0.0781,-0.8095,4.69105,25.0,19.0,19.0,23.0,23.0,19.0,22.0,24.0,25.0,28.0,19.0,23.0,26.0,23.0,21.0,24.0,24.0,24.0,24.0,21.0,21.0,22.0,20.0,20.0,21.0,22.0,21.0,21.0,22.0,22.0,20.0,21.0,22.0,22.0,21.0,22.0,23.0,21.0,10.0,post,0,0,2.7485
1788791688.4041,2026-09-07 16:34:48.404,19,e5,0,0,-0.04625,-0.50863,0.04983,-6.3347,12.0034,-22.4436,-0.1181,-0.0694,-0.8078,4.69961,23.0,21.0,19.0,23.0,23.0,20.0,20.0,22.0,24.0,27.0,22.0,21.0,26.0,25.0,24.0,22.0,25.0,26.0,23.0,21.0,21.0,22.0,20.0,20.0,21.0,22.0,21.0,21.0,22.0,22.0,20.0,21.0,22.0,22.0,21.0,22.0,23.0,21.0,10.0,post,0,0,2.6724
1788791688.4542,2026-09-07 16:34:48.454,19,e5,0,0,-0.04624,-0.50861,0.0498,-6.2941,11.8476,-22.5685,-0.1111,-0.069,-0.8091,4.69181,22.0,21.0,19.0,21.0,25.0,19.0,21.0,23.0,23.0,27.0,18.0,22.0,25.0,23.0,23.0,24.0,24.0,24.0,24.0,21.0,21.0,22.0,20.0,20.0,21.0,22.0,21.0,21.0,22.0,22.0,20.0,21.0,22.0,22.0,21.0,22.0,23.0,21.0,10.0,post,0,0,2.7418
1788791688.5043,2026-09-07 16:34:48.504,19,e5,0,0,-0.04622,-0.5086,0.04981,-6.2612,12.4984,-22.6696,-0.1331,-0.066,-0.8071,4.70037,22.0,21.0,19.0,21.0,25.0,19.0,21.0,23.0,23.0,27.0,18.0,22.0,25.0,23.0,23.0,24.0,24.0,24.0,24.0,21.0,21.0,22.0,20.0,20.0,21.0,22.0,21.0,21.0,22.0,22.0,20.0,21.0,22.0,22.0,21.0,22.0,23.0,21.0,10.0,post,0,0,2.6657
1788791688.5545,2026-09-07 16:34:48.554,19,e5,0,0,-0.04623,-0.5086,0.0498,-6.4471,12.3272,-22.5121,-0.1269,-0.0752,-0.8052,4.69936,27.0,19.0,18.0,24.0,23.0,20.0,19.0,23.0,23.0,28.0,19.0,22.0,24.0,25.0,20.0,22.0,25.0,23.0,23.0,21.0,21.0,22.0,20.0,20.0,21.0,22.0,21.0,21.0,22.0,22.0,20.0,21.0,22.0,22.0,21.0,22.0,23.0,21.0,10.0,post,0,0,2.6746
1788791688.6046,2026-09-07 16:34:48.604,19,e5,0,0,-0.04623,-0.50861,0.04981,-6.2729,12.1442,-22.6897,-0.1235,-0.0684,-0.8069,4.69181,27.0,19.0,18.0,24.0,23.0,20.0,19.0,23.0,23.0,28.0,19.0,22.0,24.0,25.0,20.0,22.0,25.0,23.0,23.0,21.0,21.0,22.0,20.0,20.0,21.0,22.0,21.0,21.0,22.0,22.0,20.0,21.0,22.0,22.0,21.0,22.0,23.0,21.0,10.0,post,0,0,2.7418
1788791688.6547,2026-09-07 16:34:48.654,19,e5,0,0,-0.04625,-0.50861,0.04981,-6.9832,12.7271,-22.4356,-0.1346,-0.0824,-0.8185,4.69432,24.0,22.0,21.0,23.0,24.0,21.0,18.0,22.0,22.0,27.0,19.0,22.0,26.0,24.0,22.0,20.0,24.0,24.0,23.0,21.0,21.0,22.0,20.0,20.0,21.0,22.0,21.0,21.0,22.0,22.0,20.0,21.0,22.0,22.0,21.0,22.0,23.0,21.0,10.0,post,0,0,2.7194
1788791688.7048,2026-09-07 16:34:48.704,19,e5,0,0,-0.04622,-0.50862,0.04982,-6.936,12.5109,-22.2655,-0.1307,-0.0831,-0.8164,4.69483,22.0,20.0,21.0,22.0,23.0,20.0,19.0,23.0,23.0,28.0,19.0,22.0,24.0,25.0,23.0,23.0,24.0,25.0,23.0,21.0,21.0,22.0,20.0,20.0,21.0,22.0,21.0,21.0,22.0,22.0,20.0,21.0,22.0,22.0,21.0,22.0,23.0,21.0,10.0,post,0,0,2.7149
1788791688.7549,2026-09-07 16:34:48.754,19,e5,0,0,-0.04623,-0.5086,0.0498,-6.104,11.7409,-22.6718,-0.1127,-0.0638,-0.8088,4.69407,22.0,20.0,21.0,22.0,23.0,20.0,19.0,23.0,23.0,28.0,19.0,22.0,24.0,25.0,23.0,23.0,24.0,25.0,23.0,21.0,21.0,22.0,20.0,20.0,21.0,22.0,21.0,21.0,22.0,22.0,20.0,21.0,22.0,22.0,21.0,22.0,23.0,21.0,10.0,post,0,0,2.7217
1788791688.8051,2026-09-07 16:34:48.805,19,e5,0,0,-0.04623,-0.5086,0.0498,-6.0838,11.9443,-22.4388,-0.1197,-0.0643,-0.8075,4.70213,24.0,20.0,19.0,23.0,24.0,19.0,19.0,23.0,22.0,28.0,20.0,21.0,24.0,23.0,23.0,22.0,24.0,24.0,24.0,21.0,21.0,22.0,20.0,20.0,21.0,22.0,21.0,21.0,22.0,22.0,20.0,21.0,22.0,22.0,21.0,22.0,23.0,21.0,10.0,post,0,0,2.65
1788791688.8552,2026-09-07 16:34:48.855,19,e5,0,0,-0.04623,-0.5086,0.04979,-6.226,11.8471,-22.583,-0.1146,-0.0673,-0.8068,4.70112,24.0,20.0,19.0,23.0,24.0,19.0,19.0,23.0,22.0,28.0,20.0,21.0,24.0,23.0,23.0,22.0,24.0,24.0,24.0,21.0,21.0,22.0,20.0,20.0,21.0,22.0,21.0,21.0,22.0,22.0,20.0,21.0,22.0,22.0,21.0,22.0,23.0,21.0,10.0,post,0,0,2.6589
1788791688.9053,2026-09-07 16:34:48.905,19,e5,0,0,-0.04623,-0.50861,0.04981,-6.1958,12.0344,-22.2536,-0.1223,-0.0653,-0.8078,4.68803,23.0,20.0,20.0,22.0,22.0,20.0,20.0,24.0,21.0,29.0,19.0,22.0,24.0,25.0,24.0,25.0,25.0,27.0,26.0,21.0,21.0,22.0,20.0,20.0,21.0,22.0,21.0,21.0,22.0,22.0,20.0,21.0,22.0,22.0,21.0,22.0,23.0,21.0,10.0,post,0,0,2.7754
1788791688.9554,2026-09-07 16:34:48.955,19,e5,0,0,-0.04624,-0.5086,0.0498,-6.4308,12.504,-22.5656,-0.1311,-0.075,-0.8101,4.69609,24.0,21.0,20.0,23.0,23.0,21.0,20.0,22.0,24.0,28.0,21.0,22.0,28.0,25.0,27.0,22.0,26.0,29.0,23.0,21.0,21.0,22.0,20.0,20.0,21.0,22.0,21.0,21.0,22.0,22.0,20.0,21.0,22.0,22.0,21.0,22.0,23.0,21.0,10.0,post,0,0,2.7037
1788791689.0055,2026-09-07 16:34:49.005,19,e5,0,0,-0.04623,-0.50861,0.04981,-6.3318,12.3444,-22.5961,-0.1312,-0.0716,-0.8128,4.70162,24.0,21.0,20.0,23.0,23.0,21.0,20.0,22.0,24.0,28.0,21.0,22.0,28.0,25.0,27.0,22.0,26.0,29.0,23.0,21.0,21.0,22.0,20.0,20.0,21.0,22.0,21.0,21.0,22.0,22.0,20.0,21.0,22.0,22.0,21.0,22.0,23.0,21.0,10.0,post,0,0,2.6545
1788791689.0556,2026-09-07 16:34:49.055,19,e5,0,0,-0.04625,-0.50862,0.04982,-6.6418,12.0404,-22.5995,-0.1215,-0.0772,-0.8062,4.69986,23.0,23.0,19.0,23.0,24.0,20.0,20.0,24.0,23.0,29.0,22.0,23.0,25.0,25.0,27.0,22.0,27.0,31.0,23.0,21.0,21.0,22.0,20.0,20.0,21.0,22.0,21.0,21.0,22.0,22.0,20.0,21.0,22.0,22.0,21.0,22.0,23.0,21.0,10.0,post,0,0,2.6701
1788791689.1058,2026-09-07 16:34:49.105,19,e5,0,0,-0.04624,-0.50861,0.04981,-6.5821,12.1048,-22.3468,-0.121,-0.0761,-0.8077,4.69357,23.0,23.0,19.0,23.0,24.0,20.0,20.0,24.0,23.0,29.0,22.0,23.0,25.0,25.0,27.0,22.0,27.0,31.0,23.0,21.0,21.0,22.0,20.0,20.0,21.0,22.0,21.0,21.0,22.0,22.0,20.0,21.0,22.0,22.0,21.0,22.0,23.0,21.0,10.0,post,0,0,2.7261
1788791689.1559,2026-09-07 16:34:49.155,19,e5,0,0,-0.04623,-0.50861,0.04981,-6.3186,12.4371,-22.4599,-0.1299,-0.0708,-0.8057,4.70314,24.0,21.0,19.0,23.0,23.0,21.0,22.0,23.0,22.0,30.0,23.0,22.0,24.0,27.0,30.0,24.0,29.0,37.0,23.0,21.0,21.0,22.0,20.0,20.0,21.0,22.0,21.0,21.0,22.0,22.0,20.0,21.0,22.0,22.0,21.0,22.0,23.0,21.0,10.0,post,0,0,2.641
1788791689.206,2026-09-07 16:34:49.206,19,e5,0,0,-0.04624,-0.5086,0.0498,-6.5229,12.502,-22.4022,-0.1314,-0.0756,-0.8119,4.69583,24.0,20.0,21.0,23.0,22.0,22.0,22.0,24.0,25.0,30.0,23.0,23.0,27.0,28.0,31.0,24.0,30.0,39.0,25.0,21.0,21.0,22.0,20.0,20.0,21.0,22.0,21.0,21.0,22.0,22.0,20.0,21.0,22.0,22.0,21.0,22.0,23.0,21.0,10.0,post,0,0,2.706
1788791689.2562,2026-09-07 16:34:49.256,19,e5,0,0,-0.04622,-0.5086,0.0498,-6.3455,12.6304,-22.3682,-0.1373,-0.0721,-0.8039,4.69508,24.0,20.0,21.0,23.0,22.0,22.0,22.0,24.0,25.0,30.0,23.0,23.0,27.0,28.0,31.0,24.0,30.0,39.0,25.0,21.0,21.0,22.0,20.0,20.0,21.0,22.0,21.0,21.0,22.0,22.0,20.0,21.0,22.0,22.0,21.0,22.0,23.0,21.0,10.0,post,0,0,2.7127
1788791689.3063,2026-09-07 16:34:49.306,19,e5,0,0,-0.04621,-0.5086,0.0498,-6.6204,12.4391,-22.4709,-0.1262,-0.0789,-0.8083,4.70213,25.0,22.0,22.0,23.0,24.0,21.0,22.0,23.0,25.0,29.0,26.0,23.0,29.0,27.0,33.0,22.0,31.0,41.0,23.0,21.0,21.0,22.0,20.0,20.0,21.0,22.0,21.0,21.0,22.0,22.0,20.0,21.0,22.0,22.0,21.0,22.0,23.0,21.0,10.0,post,0,0,2.65
1788791689.3565,2026-09-07 16:34:49.356,19,e5,0,0,-0.04623,-0.50861,0.04981,-6.5689,12.249,-22.4238,-0.1233,-0.0758,-0.8086,4.69206,25.0,22.0,22.0,23.0,24.0,21.0,22.0,23.0,25.0,29.0,26.0,23.0,29.0,27.0,33.0,22.0,31.0,41.0,23.0,21.0,21.0,22.0,20.0,20.0,21.0,22.0,21.0,21.0,22.0,22.0,20.0,21.0,22.0,22.0,21.0,22.0,23.0,21.0,10.0,post,0,0,2.7396
1788791689.4066,2026-09-07 16:34:49.406,19,e5,0,0,-0.04623,-0.50861,0.0498,-6.3036,12.0639,-22.3332,-0.1207,-0.0691,-0.8069,4.69281,24.0,22.0,21.0,23.0,25.0,22.0,24.0,25.0,24.0,28.0,24.0,24.0,26.0,27.0,31.0,25.0,30.0,39.0,24.0,21.0,21.0,22.0,20.0,20.0,21.0,22.0,21.0,21.0,22.0,22.0,20.0,21.0,22.0,22.0,21.0,22.0,23.0,21.0,10.0,post,0,0,2.7329
1788791689.4567,2026-09-07 16:34:49.456,19,e5,0,0,-0.04623,-0.5086,0.0498,-6.6743,12.2793,-22.5335,-0.1254,-0.0795,-0.8039,4.70364,24.0,22.0,21.0,23.0,25.0,22.0,24.0,25.0,24.0,28.0,24.0,24.0,26.0,27.0,31.0,25.0,30.0,39.0,24.0,21.0,21.0,22.0,20.0,20.0,21.0,22.0,21.0,21.0,22.0,22.0,20.0,21.0,22.0,22.0,21.0,22.0,23.0,21.0,10.0,post,0,0,2.6365
1788791689.5068,2026-09-07 16:34:49.506,19,e5,0,0,-0.04622,-0.50859,0.0498,-6.1832,12.1167,-22.4228,-0.1242,-0.0676,-0.8045,4.69558,24.0,23.0,21.0,23.0,24.0,21.0,23.0,23.0,23.0,29.0,21.0,22.0,26.0,26.0,28.0,23.0,28.0,35.0,22.0,21.0,21.0,22.0,20.0,20.0,21.0,22.0,21.0,21.0,22.0,22.0,20.0,21.0,22.0,22.0,21.0,22.0,23.0,21.0,10.0,post,0,0,2.7082
1788791689.557,2026-09-07 16:34:49.556,19,e5,0,0,-0.04622,-0.5086,0.0498,-6.3088,11.8625,-22.4349,-0.118,-0.069,-0.804,4.6908,24.0,22.0,21.0,22.0,24.0,21.0,20.0,23.0,23.0,27.0,19.0,24.0,25.0,25.0,23.0,24.0,26.0,27.0,24.0,21.0,21.0,22.0,20.0,20.0,21.0,22.0,21.0,21.0,22.0,22.0,20.0,21.0,22.0,22.0,21.0,22.0,23.0,21.0,10.0,post,0,0,2.7508
1788791689.6071,2026-09-07 16:34:49.607,19,e5,0,0,-0.04624,-0.50861,0.04981,-6.4566,12.3316,-22.5402,-0.1294,-0.0723,-0.8122,4.6986,24.0,22.0,21.0,22.0,24.0,21.0,20.0,23.0,23.0,27.0,19.0,24.0,25.0,25.0,23.0,24.0,26.0,27.0,24.0,21.0,21.0,22.0,20.0,20.0,21.0,22.0,21.0,21.0,22.0,22.0,20.0,21.0,22.0,22.0,21.0,22.0,23.0,21.0,10.0,post,0,0,2.6813
1788791689.6573,2026-09-07 16:34:49.657,19,e5,0,0,-0.04623,-0.5086,0.04981,-6.2886,12.015,-22.5553,-0.1203,-0.066,-0.8012,4.69256,24.0,20.0,20.0,23.0,24.0,20.0,20.0,24.0,21.0,28.0,21.0,22.0,25.0,25.0,25.0,23.0,26.0,27.0,24.0,21.0,21.0,22.0,20.0,20.0,21.0,22.0,21.0,21.0,22.0,22.0,20.0,21.0,22.0,22.0,21.0,22.0,23.0,21.0,10.0,post,0,0,2.7351
1788791689.7073,2026-09-07 16:34:49.707,19,e5,0,0,-0.04622,-0.5086,0.04979,-6.2427,11.9965,-22.6485,-0.12,-0.0691,-0.7967,4.69155,24.0,20.0,20.0,23.0,24.0,20.0,20.0,24.0,21.0,28.0,21.0,22.0,25.0,25.0,25.0,23.0,26.0,27.0,24.0,21.0,21.0,22.0,20.0,20.0,21.0,22.0,21.0,21.0,22.0,22.0,20.0,21.0,22.0,22.0,21.0,22.0,23.0,21.0,10.0,post,0,0,2.7441
1788791689.7575,2026-09-07 16:34:49.757,19,e5,0,0,-0.04624,-0.50861,0.0498,-6.7692,12.2024,-22.5035,-0.1269,-0.0776,-0.8065,4.69634,22.0,20.0,19.0,23.0,22.0,20.0,22.0,22.0,22.0,28.0,19.0,22.0,24.0,25.0,24.0,22.0,26.0,26.0,24.0,21.0,21.0,22.0,20.0,20.0,21.0,22.0,21.0,21.0,22.0,22.0,20.0,21.0,22.0,22.0,21.0,22.0,23.0,21.0,10.0,post,0,0,2.7015
1788791689.8076,2026-09-07 16:34:49.807,19,e5,0,0,-0.04623,-0.5086,0.0498,-6.9263,12.5185,-22.4755,-0.1338,-0.0841,-0.8128,4.70213,24.0,20.0,21.0,22.0,23.0,22.0,20.0,22.0,21.0,28.0,19.0,21.0,24.0,24.0,24.0,22.0,24.0,25.0,23.0,21.0,21.0,22.0,20.0,20.0,21.0,22.0,21.0,21.0,22.0,22.0,20.0,21.0,22.0,22.0,21.0,22.0,23.0,21.0,10.0,post,0,0,2.65
1788791689.8577,2026-09-07 16:34:49.857,19,e5,0,0,-0.04623,-0.50862,0.04981,-6.4935,12.1003,-22.5596,-0.1226,-0.0721,-0.8058,4.6913,24.0,20.0,21.0,22.0,23.0,22.0,20.0,22.0,21.0,28.0,19.0,21.0,24.0,24.0,24.0,22.0,24.0,25.0,23.0,21.0,21.0,22.0,20.0,20.0,21.0,22.0,21.0,21.0,22.0,22.0,20.0,21.0,22.0,22.0,21.0,22.0,23.0,21.0,10.0,post,0,0,2.7463
1788791689.9079,2026-09-07 16:34:49.907,19,e5,0,0,-0.04622,-0.50861,0.04979,-6.4879,12.0317,-22.6677,-0.1228,-0.0728,-0.8019,4.69785,22.0,19.0,19.0,21.0,22.0,20.0,20.0,24.0,23.0,27.0,20.0,23.0,25.0,24.0,23.0,23.0,24.0,26.0,24.0,21.0,21.0,22.0,20.0,20.0,21.0,22.0,21.0,21.0,22.0,22.0,20.0,21.0,22.0,22.0,21.0,22.0,23.0,21.0,10.0,post,0,0,2.6881
1788791689.9579,2026-09-07 16:34:49.957,19,e5,0,0,-0.04623,-0.50861,0.04981,-6.2775,12.3477,-22.5276,-0.1265,-0.0695,-0.8055,4.69306,22.0,19.0,19.0,21.0,22.0,20.0,20.0,24.0,23.0,27.0,20.0,23.0,25.0,24.0,23.0,23.0,24.0,26.0,24.0,21.0,21.0,22.0,20.0,20.0,21.0,22.0,21.0,21.0,22.0,22.0,20.0,21.0,22.0,22.0,21.0,22.0,23.0,21.0,10.0,post,0,0,2.7306
1788791690.0081,2026-09-07 16:34:50.008,19,e5,0,0,-0.04622,-0.50861,0.0498,-6.495,12.1592,-22.4338,-0.1252,-0.073,-0.8087,4.69231,23.0,22.0,19.0,24.0,23.0,20.0,20.0,23.0,24.0,28.0,18.0,22.0,27.0,25.0,22.0,23.0,24.0,24.0,23.0,21.0,21.0,22.0,20.0,20.0,21.0,22.0,21.0,21.0,22.0,22.0,20.0,21.0,22.0,22.0,21.0,22.0,23.0,21.0,10.0,locate,1,1,2.7373
1788791690.0581,2026-09-07 16:34:50.058,19,e5,0,0,-0.04623,-0.50861,0.04981,-6.291,12.3147,-22.5147,-0.1269,-0.068,-0.8089,4.70062,23.0,21.0,21.0,22.0,25.0,20.0,19.0,23.0,23.0,27.0,19.0,22.0,25.0,23.0,23.0,23.0,24.0,24.0,24.0,21.0,21.0,22.0,20.0,20.0,21.0,22.0,21.0,21.0,22.0,22.0,20.0,21.0,22.0,22.0,21.0,22.0,23.0,21.0,10.0,locate,1,1,2.6634
1788791690.1083,2026-09-07 16:34:50.108,19,e5,0,0,-0.0462,-0.5086,0.04979,-6.5909,12.2062,-22.622,-0.1243,-0.0767,-0.8087,4.69407,23.0,21.0,21.0,22.0,25.0,20.0,19.0,23.0,23.0,27.0,19.0,22.0,25.0,23.0,23.0,23.0,24.0,24.0,24.0,21.0,21.0,22.0,20.0,20.0,21.0,22.0,21.0,21.0,22.0,22.0,20.0,21.0,22.0,22.0,21.0,22.0,23.0,21.0,10.0,locate,1,1,2.7217
1788791690.1583,2026-09-07 16:34:50.158,19,e5,0,0,-0.04625,-0.5086,0.0498,-6.4412,12.4545,-22.6407,-0.1311,-0.0728,-0.8088,4.69206,23.0,21.0,19.0,22.0,23.0,19.0,20.0,23.0,23.0,27.0,20.0,22.0,25.0,25.0,23.0,23.0,26.0,26.0,22.0,21.0,21.0,22.0,20.0,20.0,21.0,22.0,21.0,21.0,22.0,22.0,20.0,21.0,22.0,22.0,21.0,22.0,23.0,21.0,10.0,locate,1,1,2.7396
1788791690.2084,2026-09-07 16:34:50.208,19,e5,0,0,-0.04624,-0.50861,0.0498,-6.448,12.1294,-22.5689,-0.123,-0.0713,-0.8064,4.69785,23.0,21.0,19.0,22.0,23.0,19.0,20.0,23.0,23.0,27.0,20.0,22.0,25.0,25.0,23.0,23.0,26.0,26.0,22.0,21.0,21.0,22.0,20.0,20.0,21.0,22.0,21.0,21.0,22.0,22.0,20.0,21.0,22.0,22.0,21.0,22.0,23.0,21.0,10.0,locate,1,1,2.6881
1788791690.2585,2026-09-07 16:34:50.258,19,e5,0,0,-0.04624,-0.50861,0.04982,-6.3321,12.3348,-22.5729,-0.1245,-0.07,-0.8066,4.69004,24.0,20.0,21.0,21.0,24.0,20.0,21.0,24.0,23.0,26.0,19.0,23.0,26.0,24.0,23.0,24.0,25.0,26.0,23.0,21.0,21.0,22.0,20.0,20.0,21.0,22.0,21.0,21.0,22.0,22.0,20.0,21.0,22.0,22.0,21.0,22.0,23.0,21.0,10.0,locate,1,1,2.7575
1788791690.3087,2026-09-07 16:34:50.308,19,e5,0,0,-0.04624,-0.5086,0.04981,-6.3523,12.3807,-22.6152,-0.1266,-0.0694,-0.8024,4.70213,24.0,21.0,20.0,23.0,24.0,21.0,18.0,23.0,21.0,27.0,20.0,22.0,24.0,25.0,24.0,24.0,26.0,26.0,23.0,21.0,21.0,22.0,20.0,20.0,21.0,22.0,21.0,21.0,22.0,22.0,20.0,21.0,22.0,22.0,21.0,22.0,23.0,21.0,10.0,locate,1,1,2.65
1788791690.3588,2026-09-07 16:34:50.358,19,e5,0,0,-0.04623,-0.5086,0.0498,-6.5821,12.3677,-22.6575,-0.1295,-0.0759,-0.8093,4.68576,24.0,21.0,20.0,23.0,24.0,21.0,18.0,23.0,21.0,27.0,20.0,22.0,24.0,25.0,24.0,24.0,26.0,26.0,23.0,21.0,21.0,22.0,20.0,20.0,21.0,22.0,21.0,21.0,22.0,22.0,20.0,21.0,22.0,22.0,21.0,22.0,23.0,21.0,10.0,locate,1,1,2.7956
1788791690.409,2026-09-07 16:34:50.408,19,e5,0,0,-0.04623,-0.5086,0.0498,-6.2688,12.0954,-22.7756,-0.1213,-0.0652,-0.8037,4.69382,24.0,20.0,20.0,22.0,22.0,21.0,19.0,21.0,23.0,25.0,19.0,20.0,26.0,25.0,23.0,23.0,26.0,25.0,21.0,21.0,21.0,22.0,20.0,20.0,21.0,22.0,21.0,21.0,22.0,22.0,20.0,21.0,22.0,22.0,21.0,22.0,23.0,21.0,10.0,locate,1,1,2.7239
1788791690.459,2026-09-07 16:34:50.459,19,e5,0,0,-0.04625,-0.5086,0.0498,-5.9803,12.2719,-22.5884,-0.1274,-0.06,-0.7971,4.69306,24.0,20.0,20.0,22.0,22.0,21.0,19.0,21.0,23.0,25.0,19.0,20.0,26.0,25.0,23.0,23.0,26.0,25.0,21.0,21.0,21.0,22.0,20.0,20.0,21.0,22.0,21.0,21.0,22.0,22.0,20.0,21.0,22.0,22.0,21.0,22.0,23.0,21.0,10.0,locate,1,1,2.7306
1788791690.5091,2026-09-07 16:34:50.509,19,e5,0,0,-0.04624,-0.5086,0.04981,-6.344,11.8269,-22.6161,-0.1168,-0.0679,-0.8024,4.68904,21.0,22.0,21.0,20.0,23.0,20.0,20.0,21.0,22.0,26.0,20.0,21.0,26.0,24.0,23.0,21.0,26.0,27.0,22.0,21.0,21.0,22.0,20.0,20.0,21.0,22.0,21.0,21.0,22.0,22.0,20.0,21.0,22.0,22.0,21.0,22.0,23.0,21.0,10.0,locate,1,1,2.7665
1788791690.5593,2026-09-07 16:34:50.559,19,e5,0,0,-0.04624,-0.5086,0.04981,-6.4797,12.3662,-22.5402,-0.1264,-0.0708,-0.8066,4.69155,21.0,22.0,21.0,20.0,23.0,20.0,20.0,21.0,22.0,26.0,20.0,21.0,26.0,24.0,23.0,21.0,26.0,27.0,22.0,21.0,21.0,22.0,20.0,20.0,21.0,22.0,21.0,21.0,22.0,22.0,20.0,21.0,22.0,22.0,21.0,22.0,23.0,21.0,10.0,locate,1,1,2.7441
1788791690.6094,2026-09-07 16:34:50.609,19,e5,0,0,-0.04623,-0.5086,0.04981,-6.096,11.9344,-22.6758,-0.1215,-0.0644,-0.8037,4.69936,24.0,22.0,21.0,22.0,24.0,22.0,21.0,23.0,22.0,24.0,20.0,23.0,25.0,24.0,22.0,23.0,25.0,26.0,24.0,21.0,21.0,22.0,20.0,20.0,21.0,22.0,21.0,21.0,22.0,22.0,20.0,21.0,22.0,22.0,21.0,22.0,23.0,21.0,10.0,locate,1,1,2.6746
1788791690.6594,2026-09-07 16:34:50.659,19,e5,0,0,-0.04623,-0.5086,0.0498,-6.2505,12.1298,-22.6878,-0.1266,-0.0666,-0.8085,4.68929,25.0,21.0,20.0,22.0,24.0,20.0,20.0,24.0,23.0,27.0,21.0,23.0,25.0,26.0,25.0,23.0,26.0,26.0,22.0,21.0,21.0,22.0,20.0,20.0,21.0,22.0,21.0,21.0,22.0,22.0,20.0,21.0,22.0,22.0,21.0,22.0,23.0,21.0,10.0,locate,1,1,2.7642
1788791690.7095,2026-09-07 16:34:50.709,19,e5,0,0,-0.04623,-0.5086,0.04979,-6.2882,12.5612,-22.7005,-0.1353,-0.0674,-0.8035,4.69583,25.0,21.0,20.0,22.0,24.0,20.0,20.0,24.0,23.0,27.0,21.0,23.0,25.0,26.0,25.0,23.0,26.0,26.0,22.0,21.0,21.0,22.0,20.0,20.0,21.0,22.0,21.0,21.0,22.0,22.0,20.0,21.0,22.0,22.0,21.0,22.0,23.0,21.0,10.0,locate,1,1,2.706
1788791690.7595,2026-09-07 16:34:50.759,19,e5,0,0,-0.04623,-0.50861,0.04981,-6.1715,12.0696,-22.497,-0.1181,-0.0646,-0.7999,4.6903,24.0,21.0,21.0,23.0,23.0,21.0,21.0,24.0,24.0,26.0,19.0,24.0,27.0,25.0,22.0,23.0,26.0,25.0,23.0,21.0,21.0,22.0,20.0,20.0,21.0,22.0,21.0,21.0,22.0,22.0,20.0,21.0,22.0,22.0,21.0,22.0,23.0,21.0,10.0,locate,1,1,2.7553
1788791690.8096,2026-09-07 16:34:50.809,19,e5,0,0,-0.04625,-0.5086,0.0498,-6.2837,11.9298,-22.6031,-0.12,-0.0652,-0.7998,4.69583,24.0,21.0,21.0,23.0,23.0,21.0,21.0,24.0,24.0,26.0,19.0,24.0,27.0,25.0,22.0,23.0,26.0,25.0,23.0,21.0,21.0,22.0,20.0,20.0,21.0,22.0,21.0,21.0,22.0,22.0,20.0,21.0,22.0,22.0,21.0,22.0,23.0,21.0,10.0,locate,1,1,2.706
1788791690.8596,2026-09-07 16:34:50.859,19,e5,0,0,-0.04621,-0.5086,0.0498,-6.4993,12.3101,-22.5573,-0.1293,-0.0723,-0.8046,4.69004,24.0,22.0,21.0,24.0,25.0,21.0,18.0,21.0,24.0,26.0,21.0,22.0,26.0,25.0,23.0,21.0,25.0,26.0,22.0,21.0,21.0,22.0,20.0,20.0,21.0,22.0,21.0,21.0,22.0,22.0,20.0,21.0,22.0,22.0,21.0,22.0,23.0,21.0,10.0,locate,1,1,2.7575
1788791690.9097,2026-09-07 16:34:50.909,19,e5,0,0,-0.04623,-0.50861,0.04981,-6.9149,12.2681,-22.3974,-0.1254,-0.0839,-0.8079,4.69936,22.0,21.0,22.0,21.0,24.0,21.0,20.0,25.0,22.0,26.0,21.0,23.0,24.0,26.0,24.0,24.0,25.0,26.0,24.0,21.0,21.0,22.0,20.0,20.0,21.0,22.0,21.0,21.0,22.0,22.0,20.0,21.0,22.0,22.0,21.0,22.0,23.0,21.0,10.0,locate,1,1,2.6746
1788791690.9598,2026-09-07 16:34:50.959,19,e5,0,0,-0.04624,-0.50862,0.04982,-6.5666,12.0474,-22.5282,-0.1235,-0.0739,-0.8039,4.69357,22.0,21.0,22.0,21.0,24.0,21.0,20.0,25.0,22.0,26.0,21.0,23.0,24.0,26.0,24.0,24.0,25.0,26.0,24.0,21.0,21.0,22.0,20.0,20.0,21.0,22.0,21.0,21.0,22.0,22.0,20.0,21.0,22.0,22.0,21.0,22.0,23.0,21.0,10.0,locate,1,1,2.7261
1788791691.0099,2026-09-07 16:34:51.009,19,e5,0,0,-0.04622,-0.50861,0.0498,-6.819,12.4871,-22.4756,-0.1316,-0.0783,-0.8072,4.70137,23.0,21.0,20.0,22.0,24.0,21.0,21.0,25.0,25.0,26.0,22.0,24.0,25.0,25.0,25.0,24.0,25.0,26.0,24.0,21.0,21.0,22.0,20.0,20.0,21.0,22.0,21.0,21.0,22.0,22.0,20.0,21.0,22.0,22.0,21.0,22.0,23.0,21.0,10.0,locate,1,1,2.6567
1788791691.06,2026-09-07 16:34:51.059,19,e5,0,0,-0.04622,-0.50861,0.04981,-6.4889,12.0792,-22.355,-0.1229,-0.071,-0.8046,4.69407,23.0,21.0,20.0,22.0,24.0,21.0,21.0,25.0,25.0,26.0,22.0,24.0,25.0,25.0,25.0,24.0,25.0,26.0,24.0,21.0,21.0,22.0,20.0,20.0,21.0,22.0,21.0,21.0,22.0,22.0,20.0,21.0,22.0,22.0,21.0,22.0,23.0,21.0,10.0,locate,1,1,2.7217
1788791691.11,2026-09-07 16:34:51.110,19,e5,0,0,-0.04623,-0.50861,0.04981,-6.6054,12.3043,-22.4626,-0.1281,-0.0748,-0.8066,4.69004,25.0,21.0,22.0,23.0,23.0,21.0,21.0,24.0,21.0,27.0,22.0,22.0,24.0,26.0,24.0,24.0,27.0,25.0,23.0,21.0,21.0,22.0,20.0,20.0,21.0,22.0,21.0,21.0,22.0,22.0,20.0,21.0,22.0,22.0,21.0,22.0,23.0,21.0,10.0,locate,1,1,2.7575
1788791691.1601,2026-09-07 16:34:51.160,19,e5,0,0,-0.04624,-0.50862,0.04981,-6.4949,12.134,-22.5596,-0.1251,-0.0703,-0.8043,4.70213,23.0,22.0,22.0,23.0,23.0,22.0,20.0,20.0,25.0,26.0,21.0,20.0,25.0,24.0,25.0,22.0,25.0,26.0,22.0,21.0,21.0,22.0,20.0,20.0,21.0,22.0,21.0,21.0,22.0,22.0,20.0,21.0,22.0,22.0,21.0,22.0,23.0,21.0,10.0,locate,1,1,2.65
1788791691.2101,2026-09-07 16:34:51.210,19,e5,0,0,-0.04624,-0.5086,0.0498,-6.3494,12.2076,-22.4702,-0.1261,-0.0709,-0.7998,4.69004,23.0,22.0,22.0,23.0,23.0,22.0,20.0,20.0,25.0,26.0,21.0,20.0,25.0,24.0,25.0,22.0,25.0,26.0,22.0,21.0,21.0,22.0,20.0,20.0,21.0,22.0,21.0,21.0,22.0,22.0,20.0,21.0,22.0,22.0,21.0,22.0,23.0,21.0,10.0,locate,1,1,2.7575
1788791691.2602,2026-09-07 16:34:51.260,19,e5,0,0,-0.04624,-0.5086,0.0498,-6.7,12.4601,-22.4456,-0.1333,-0.0774,-0.81,4.69181,22.0,22.0,21.0,20.0,25.0,20.0,20.0,23.0,24.0,28.0,23.0,22.0,25.0,27.0,23.0,23.0,26.0,26.0,23.0,21.0,21.0,22.0,20.0,20.0,21.0,22.0,21.0,21.0,22.0,22.0,20.0,21.0,22.0,22.0,21.0,22.0,23.0,21.0,10.0,locate,1,1,2.7418
1788791691.3102,2026-09-07 16:34:51.310,19,e5,0,0,-0.04624,-0.50861,0.0498,-6.7348,12.3043,-22.4595,-0.1275,-0.0749,-0.8108,4.6981,22.0,22.0,21.0,20.0,25.0,20.0,20.0,23.0,24.0,28.0,23.0,22.0,25.0,27.0,23.0,23.0,26.0,26.0,23.0,21.0,21.0,22.0,20.0,20.0,21.0,22.0,21.0,21.0,22.0,22.0,20.0,21.0,22.0,22.0,21.0,22.0,23.0,21.0,10.0,locate,1,1,2.6858
1788791691.3603,2026-09-07 16:34:51.360,19,e5,0,0,-0.04622,-0.5086,0.0498,-6.3202,12.1278,-22.4257,-0.124,-0.0695,-0.8006,4.69483,25.0,21.0,22.0,23.0,23.0,23.0,21.0,23.0,23.0,24.0,19.0,22.0,26.0,25.0,23.0,22.0,25.0,25.0,22.0,21.0,21.0,22.0,20.0,20.0,21.0,22.0,21.0,21.0,22.0,22.0,20.0,21.0,22.0,22.0,21.0,22.0,23.0,21.0,10.0,locate,1,1,2.7149
1788791691.4104,2026-09-07 16:34:51.410,19,e5,0,0,-0.04622,-0.5086,0.04978,-6.5706,12.137,-22.5186,-0.1246,-0.0765,-0.8106,4.68954,21.0,21.0,21.0,21.0,23.0,21.0,20.0,22.0,24.0,26.0,20.0,21.0,26.0,25.0,23.0,21.0,25.0,25.0,21.0,21.0,21.0,22.0,20.0,20.0,21.0,22.0,21.0,21.0,22.0,22.0,20.0,21.0,22.0,22.0,21.0,22.0,23.0,21.0,10.0,locate,1,1,2.762
1788791691.4605,2026-09-07 16:34:51.460,19,e5,0,0,-0.04623,-0.50862,0.04982,-6.7066,12.2961,-22.3052,-0.1292,-0.0783,-0.8075,4.6981,21.0,21.0,21.0,21.0,23.0,21.0,20.0,22.0,24.0,26.0,20.0,21.0,26.0,25.0,23.0,21.0,25.0,25.0,21.0,21.0,21.0,22.0,20.0,20.0,21.0,22.0,21.0,21.0,22.0,22.0,20.0,21.0,22.0,22.0,21.0,22.0,23.0,21.0,10.0,locate,1,1,2.6858
1788791691.5106,2026-09-07 16:34:51.510,19,e5,0,0,-0.04623,-0.5086,0.0498,-6.4992,12.5345,-22.3431,-0.1318,-0.0747,-0.8012,4.70263,24.0,23.0,24.0,23.0,24.0,23.0,21.0,23.0,23.0,25.0,20.0,23.0,26.0,26.0,24.0,23.0,24.0,25.0,23.0,21.0,21.0,22.0,20.0,20.0,21.0,22.0,21.0,21.0,22.0,22.0,20.0,21.0,22.0,22.0,21.0,22.0,23.0,21.0,10.0,locate,1,1,2.6455
1788791691.5607,2026-09-07 16:34:51.560,19,e5,0,0,-0.04625,-0.5086,0.0498,-6.5635,12.4381,-22.3075,-0.1297,-0.0744,-0.8063,4.6835,24.0,23.0,24.0,23.0,24.0,23.0,21.0,23.0,23.0,25.0,20.0,23.0,26.0,26.0,24.0,23.0,24.0,25.0,23.0,21.0,21.0,22.0,20.0,20.0,21.0,22.0,21.0,21.0,22.0,22.0,20.0,21.0,22.0,22.0,21.0,22.0,23.0,21.0,10.0,locate,1,1,2.8157
1788791691.6109,2026-09-07 16:34:51.610,19,e5,0,0,-0.04622,-0.5086,0.0498,-6.5021,12.1448,-22.5619,-0.1243,-0.0736,-0.8069,4.70087,24.0,23.0,23.0,23.0,24.0,23.0,21.0,23.0,23.0,24.0,21.0,22.0,25.0,25.0,23.0,24.0,25.0,24.0,24.0,21.0,21.0,22.0,20.0,20.0,21.0,22.0,21.0,21.0,22.0,22.0,20.0,21.0,22.0,22.0,21.0,22.0,23.0,21.0,10.0,locate,1,1,2.6612
1788791691.661,2026-09-07 16:34:51.661,19,e5,0,0,-0.04623,-0.5086,0.0498,-6.8443,12.7828,-22.2466,-0.1376,-0.0808,-0.8026,4.70162,24.0,23.0,23.0,23.0,24.0,23.0,21.0,23.0,23.0,24.0,21.0,22.0,25.0,25.0,23.0,24.0,25.0,24.0,24.0,21.0,21.0,22.0,20.0,20.0,21.0,22.0,21.0,21.0,22.0,22.0,20.0,21.0,22.0,22.0,21.0,22.0,23.0,21.0,10.0,locate,1,1,2.6545
1788791691.7111,2026-09-07 16:34:51.711,19,e5,0,0,-0.04624,-0.50859,0.04979,-6.6366,12.2635,-22.4169,-0.1292,-0.0757,-0.8076,4.6913,24.0,21.0,21.0,24.0,23.0,21.0,19.0,22.0,23.0,25.0,22.0,22.0,25.0,23.0,24.0,22.0,23.0,25.0,23.0,21.0,21.0,22.0,20.0,20.0,21.0,22.0,21.0,21.0,22.0,22.0,20.0,21.0,22.0,22.0,21.0,22.0,23.0,21.0,10.0,locate,1,1,2.7463
1788791691.7612,2026-09-07 16:34:51.761,19,e5,0,0,-0.04622,-0.5086,0.0498,-6.7809,12.4992,-22.1308,-0.132,-0.0815,-0.8056,4.69256,25.0,21.0,21.0,24.0,23.0,22.0,21.0,21.0,24.0,24.0,21.0,21.0,25.0,24.0,23.0,20.0,24.0,23.0,22.0,21.0,21.0,22.0,20.0,20.0,21.0,22.0,21.0,21.0,22.0,22.0,20.0,21.0,22.0,22.0,21.0,22.0,23.0,21.0,10.0,locate,1,1,2.7351
1788791691.8113,2026-09-07 16:34:51.811,19,e5,0,0,-0.04623,-0.50861,0.0498,-6.9189,12.6682,-22.4007,-0.1333,-0.0846,-0.8058,4.70439,25.0,21.0,21.0,24.0,23.0,22.0,21.0,21.0,24.0,24.0,21.0,21.0,25.0,24.0,23.0,20.0,24.0,23.0,22.0,21.0,21.0,22.0,20.0,20.0,21.0,22.0,21.0,21.0,22.0,22.0,20.0,21.0,22.0,22.0,21.0,22.0,23.0,21.0,10.0,locate,1,1,2.6298
1788791691.8615,2026-09-07 16:34:51.861,19,e5,0,0,-0.04623,-0.50861,0.04981,-6.7626,12.2386,-22.4145,-0.1247,-0.0819,-0.8107,4.69911,22.0,22.0,22.0,22.0,24.0,22.0,22.0,24.0,23.0,25.0,21.0,24.0,25.0,25.0,24.0,22.0,25.0,25.0,24.0,21.0,21.0,22.0,20.0,20.0,21.0,22.0,21.0,21.0,22.0,22.0,20.0,21.0,22.0,22.0,21.0,22.0,23.0,21.0,10.0,locate,1,1,2.6769
1788791691.9116,2026-09-07 16:34:51.911,19,e5,0,0,-0.04623,-0.5086,0.0498,-6.5338,12.2769,-22.5463,-0.1254,-0.0713,-0.8005,4.69181,22.0,22.0,22.0,22.0,24.0,22.0,22.0,24.0,23.0,25.0,21.0,24.0,25.0,25.0,24.0,22.0,25.0,25.0,24.0,21.0,21.0,22.0,20.0,20.0,21.0,22.0,21.0,21.0,22.0,22.0,20.0,21.0,22.0,22.0,21.0,22.0,23.0,21.0,10.0,locate,1,1,2.7418
1788791691.9617,2026-09-07 16:34:51.961,19,e5,0,0,-0.04625,-0.50861,0.04981,-6.4478,12.4197,-22.7381,-0.1304,-0.0728,-0.8024,4.6981,24.0,21.0,21.0,24.0,23.0,22.0,21.0,23.0,22.0,26.0,22.0,22.0,23.0,25.0,24.0,23.0,25.0,24.0,23.0,21.0,21.0,22.0,20.0,20.0,21.0,22.0,21.0,21.0,22.0,22.0,20.0,21.0,22.0,22.0,21.0,22.0,23.0,21.0,10.0,locate,1,1,2.6858
1788791692.0118,2026-09-07 16:34:52.011,19,e5,1,0,-0.04623,-0.50861,0.0498,-7.1086,12.5786,-22.5346,-0.1349,-0.0865,-0.8079,4.70062,24.0,21.0,22.0,23.0,23.0,23.0,22.0,22.0,22.0,26.0,22.0,21.0,25.0,26.0,24.0,21.0,25.0,25.0,23.0,21.0,21.0,22.0,20.0,20.0,21.0,22.0,21.0,21.0,22.0,22.0,20.0,21.0,22.0,22.0,21.0,22.0,23.0,21.0,10.0,press,1,1,2.6634
1788791692.062,2026-09-07 16:34:52.061,19,e5,1,0,-0.04623,-0.5086,0.0498,-6.546,12.1542,-22.373,-0.1222,-0.076,-0.8068,4.70188,24.0,21.0,22.0,23.0,23.0,23.0,22.0,22.0,22.0,26.0,22.0,21.0,25.0,26.0,24.0,21.0,25.0,25.0,23.0,21.0,21.0,22.0,20.0,20.0,21.0,22.0,21.0,21.0,22.0,22.0,20.0,21.0,22.0,22.0,21.0,22.0,23.0,21.0,10.0,press,1,1,2.6522
1788791692.1121,2026-09-07 16:34:52.112,19,e5,1,0,-0.04623,-0.50862,0.04979,-6.4584,12.2522,-22.3925,-0.1277,-0.0707,-0.8016,4.6913,23.0,21.0,23.0,22.0,22.0,24.0,21.0,22.0,23.0,25.0,23.0,22.0,26.0,25.0,23.0,20.0,25.0,25.0,22.0,21.0,21.0,22.0,20.0,20.0,21.0,22.0,21.0,21.0,22.0,22.0,20.0,21.0,22.0,22.0,21.0,22.0,23.0,21.0,10.0,press,1,1,2.7463
1788791692.1622,2026-09-07 16:34:52.162,19,e5,1,0,-0.04622,-0.50863,0.04973,-6.5672,12.4754,-22.6087,-0.1287,-0.0746,-0.805,4.69634,23.0,21.0,23.0,22.0,22.0,24.0,21.0,22.0,23.0,25.0,23.0,22.0,26.0,25.0,23.0,20.0,25.0,25.0,22.0,21.0,21.0,22.0,20.0,20.0,21.0,22.0,21.0,21.0,22.0,22.0,20.0,21.0,22.0,22.0,21.0,22.0,23.0,21.0,10.0,press,1,1,2.7015
1788791692.2123,2026-09-07 16:34:52.212,19,e5,1,0,-0.04624,-0.50864,0.04962,-6.5831,12.4401,-22.5601,-0.1291,-0.0764,-0.8051,4.69785,24.0,21.0,22.0,22.0,22.0,23.0,22.0,23.0,23.0,25.0,23.0,23.0,27.0,25.0,25.0,21.0,25.0,26.0,23.0,21.0,21.0,22.0,20.0,20.0,21.0,22.0,21.0,21.0,22.0,22.0,20.0,21.0,22.0,22.0,21.0,22.0,23.0,21.0,10.0,press,1,1,2.6881
1788791692.2624,2026-09-07 16:34:52.262,19,e5,1,0,-0.0462,-0.50863,0.04941,-6.1882,11.9358,-22.8014,-0.1162,-0.0663,-0.8028,4.69105,25.0,22.0,22.0,24.0,23.0,23.0,22.0,23.0,22.0,25.0,22.0,22.0,24.0,24.0,23.0,22.0,25.0,25.0,24.0,21.0,21.0,22.0,20.0,20.0,21.0,22.0,21.0,21.0,22.0,22.0,20.0,21.0,22.0,22.0,21.0,22.0,23.0,21.0,10.0,press,1,1,2.7485
1788791692.3125,2026-09-07 16:34:52.312,19,e5,1,0,-0.04626,-0.50863,0.04922,-6.518,12.1965,-22.4273,-0.1235,-0.0737,-0.7976,4.68979,25.0,22.0,22.0,24.0,23.0,23.0,22.0,23.0,22.0,25.0,22.0,22.0,24.0,24.0,23.0,22.0,25.0,25.0,24.0,21.0,21.0,22.0,20.0,20.0,21.0,22.0,21.0,21.0,22.0,22.0,20.0,21.0,22.0,22.0,21.0,22.0,23.0,21.0,10.0,press,1,1,2.7597
1788791692.3626,2026-09-07 16:34:52.362,19,e5,1,0,-0.04623,-0.50864,0.04901,-6.198,12.3577,-22.5827,-0.1284,-0.0665,-0.8008,4.69407,24.0,21.0,23.0,23.0,22.0,22.0,21.0,23.0,22.0,25.0,21.0,22.0,25.0,26.0,24.0,24.0,26.0,23.0,25.0,21.0,21.0,22.0,20.0,20.0,21.0,22.0,21.0,21.0,22.0,22.0,20.0,21.0,22.0,22.0,21.0,22.0,23.0,21.0,10.0,press,1,1,2.7217
1788791692.4127,2026-09-07 16:34:52.412,19,e5,1,0,-0.04625,-0.50865,0.04877,-6.5294,12.5241,-22.5535,-0.1316,-0.0746,-0.8025,4.70011,24.0,21.0,23.0,23.0,22.0,22.0,21.0,23.0,22.0,25.0,21.0,22.0,25.0,26.0,24.0,24.0,26.0,23.0,25.0,21.0,21.0,22.0,20.0,20.0,21.0,22.0,21.0,21.0,22.0,22.0,20.0,21.0,22.0,22.0,21.0,22.0,23.0,21.0,10.0,press,1,1,2.6679
1788791692.4629,2026-09-07 16:34:52.462,19,e5,1,0,-0.04625,-0.50865,0.04847,-6.8531,12.6656,-22.3234,-0.1374,-0.0853,-0.8006,4.69206,23.0,21.0,22.0,22.0,22.0,23.0,20.0,25.0,24.0,25.0,20.0,25.0,26.0,26.0,23.0,24.0,25.0,25.0,24.0,21.0,21.0,22.0,20.0,20.0,21.0,22.0,21.0,21.0,22.0,22.0,20.0,21.0,22.0,22.0,21.0,22.0,23.0,21.0,10.0,press,1,1,2.7396
1788791692.513,2026-09-07 16:34:52.513,19,e5,1,0,-0.04623,-0.50863,0.04816,-6.6726,12.3151,-22.1812,-0.1243,-0.0786,-0.8072,4.69886,25.0,21.0,21.0,25.0,23.0,23.0,20.0,21.0,24.0,26.0,22.0,22.0,26.0,25.0,25.0,22.0,25.0,24.0,22.0,21.0,21.0,22.0,20.0,20.0,21.0,22.0,21.0,21.0,22.0,22.0,20.0,21.0,22.0,22.0,21.0,22.0,23.0,21.0,10.0,press,1,1,2.6791
1788791692.5632,2026-09-07 16:34:52.563,19,e5,1,0,-0.04623,-0.50863,0.04783,-6.4738,12.4982,-22.3278,-0.1316,-0.071,-0.7961,4.6913,25.0,21.0,21.0,25.0,23.0,23.0,20.0,21.0,24.0,26.0,22.0,22.0,26.0,25.0,25.0,22.0,25.0,24.0,22.0,21.0,21.0,22.0,20.0,20.0,21.0,22.0,21.0,21.0,22.0,22.0,20.0,21.0,22.0,22.0,21.0,22.0,23.0,21.0,10.0,press,1,1,2.7463
1788791692.6133,2026-09-07 16:34:52.613,19,e5,1,0,-0.04624,-0.50862,0.04748,-6.66,12.3372,-22.4668,-0.1276,-0.0768,-0.8078,4.70213,24.0,23.0,23.0,21.0,24.0,23.0,21.0,21.0,24.0,25.0,22.0,20.0,26.0,25.0,25.0,21.0,25.0,25.0,22.0,21.0,21.0,22.0,20.0,20.0,21.0,22.0,21.0,21.0,22.0,22.0,20.0,21.0,22.0,22.0,21.0,22.0,23.0,21.0,10.0,press,1,1,2.65
1788791692.6633,2026-09-07 16:34:52.663,19,e5,1,0,-0.04625,-0.50865,0.04717,-6.456,12.372,-22.4605,-0.1291,-0.0735,-0.8004,4.69886,24.0,23.0,23.0,21.0,24.0,23.0,21.0,21.0,24.0,25.0,22.0,20.0,26.0,25.0,25.0,21.0,25.0,25.0,22.0,21.0,21.0,22.0,20.0,20.0,21.0,22.0,21.0,21.0,22.0,22.0,20.0,21.0,22.0,22.0,21.0,22.0,23.0,21.0,10.0,press,1,1,2.6791
1788791692.7134,2026-09-07 16:34:52.713,19,e5,1,0,-0.04624,-0.50864,0.04681,-6.5309,12.3587,-22.4771,-0.1291,-0.0717,-0.8042,4.69533,23.0,22.0,23.0,21.0,23.0,22.0,21.0,22.0,23.0,26.0,21.0,21.0,25.0,26.0,25.0,22.0,25.0,24.0,22.0,21.0,21.0,22.0,20.0,20.0,21.0,22.0,21.0,21.0,22.0,22.0,20.0,21.0,22.0,22.0,21.0,22.0,23.0,21.0,10.0,press,1,1,2.7105
1788791692.7635,2026-09-07 16:34:52.763,19,e5,1,0,-0.04625,-0.50863,0.04649,-6.6819,12.4547,-22.3012,-0.1347,-0.0766,-0.8059,4.69634,23.0,22.0,23.0,21.0,23.0,22.0,21.0,22.0,23.0,26.0,21.0,21.0,25.0,26.0,25.0,22.0,25.0,24.0,22.0,21.0,21.0,22.0,20.0,20.0,21.0,22.0,21.0,21.0,22.0,22.0,20.0,21.0,22.0,22.0,21.0,22.0,23.0,21.0,10.0,press,1,1,2.7015
1788791692.8135,2026-09-07 16:34:52.813,19,e5,1,0,-0.04624,-0.50865,0.04616,-6.3166,12.1692,-22.5894,-0.1237,-0.0678,-0.795,4.70389,23.0,22.0,22.0,23.0,23.0,23.0,20.0,21.0,25.0,26.0,23.0,21.0,27.0,28.0,28.0,21.0,28.0,25.0,22.0,21.0,21.0,22.0,20.0,20.0,21.0,22.0,21.0,21.0,22.0,22.0,20.0,21.0,22.0,22.0,21.0,22.0,23.0,21.0,10.0,press,1,1,2.6343
1788791692.8636,2026-09-07 16:34:52.863,19,e5,1,0,-0.04626,-0.50862,0.04583,-6.606,11.9601,-22.4309,-0.1191,-0.0763,-0.801,4.69609,24.0,24.0,23.0,23.0,24.0,23.0,21.0,23.0,22.0,27.0,21.0,22.0,24.0,27.0,27.0,22.0,27.0,26.0,23.0,21.0,21.0,22.0,20.0,20.0,21.0,22.0,21.0,21.0,22.0,22.0,20.0,21.0,22.0,22.0,21.0,22.0,23.0,21.0,10.0,press,1,1,2.7037
1788791692.9136,2026-09-07 16:34:52.913,19,e5,1,0,-0.04623,-0.50862,0.04547,-6.9954,12.4051,-22.3781,-0.1344,-0.0844,-0.8056,4.68979,24.0,24.0,23.0,23.0,24.0,23.0,21.0,23.0,22.0,27.0,21.0,22.0,24.0,27.0,27.0,22.0,27.0,26.0,23.0,21.0,21.0,22.0,20.0,20.0,21.0,22.0,21.0,21.0,22.0,22.0,20.0,21.0,22.0,22.0,21.0,22.0,23.0,21.0,10.0,press,1,1,2.7597
1788791692.9636,2026-09-07 16:34:52.963,19,e5,1,0,-0.04625,-0.50862,0.04513,-6.3946,12.3727,-22.4432,-0.1282,-0.0712,-0.7985,4.6981,25.0,22.0,24.0,24.0,21.0,24.0,19.0,23.0,25.0,26.0,22.0,23.0,26.0,25.0,28.0,23.0,27.0,27.0,23.0,21.0,21.0,22.0,20.0,20.0,21.0,22.0,21.0,21.0,22.0,22.0,20.0,21.0,22.0,22.0,21.0,22.0,23.0,21.0,10.0,press,1,1,2.6858
1788791693.0136,2026-09-07 16:34:53.013,19,e5,1,0,-0.04624,-0.50863,0.04481,-6.3178,12.3744,-22.6962,-0.1348,-0.0695,-0.7936,4.69886,25.0,22.0,24.0,24.0,21.0,24.0,19.0,23.0,25.0,26.0,22.0,23.0,26.0,25.0,28.0,23.0,27.0,27.0,23.0,21.0,21.0,22.0,20.0,20.0,21.0,22.0,21.0,21.0,22.0,22.0,20.0,21.0,22.0,22.0,21.0,22.0,23.0,21.0,10.0,press,1,1,2.6791
1788791693.0637,2026-09-07 16:34:53.063,19,e5,1,0,-0.04625,-0.50863,0.04449,-6.4027,12.2225,-22.7966,-0.1268,-0.0712,-0.7988,4.69533,24.0,23.0,23.0,23.0,24.0,24.0,20.0,24.0,24.0,26.0,22.0,22.0,26.0,26.0,27.0,24.0,27.0,26.0,25.0,21.0,21.0,22.0,20.0,20.0,21.0,22.0,21.0,21.0,22.0,22.0,20.0,21.0,22.0,22.0,21.0,22.0,23.0,21.0,10.0,press,1,1,2.7105
1788791693.1138,2026-09-07 16:34:53.113,19,e5,1,0,-0.04624,-0.50862,0.04413,-6.5236,12.2431,-22.6342,-0.1247,-0.0743,-0.8027,4.68325,24.0,22.0,24.0,24.0,23.0,23.0,21.0,23.0,24.0,27.0,23.0,23.0,27.0,27.0,28.0,24.0,28.0,28.0,25.0,21.0,21.0,22.0,20.0,20.0,21.0,22.0,21.0,21.0,22.0,22.0,20.0,21.0,22.0,22.0,21.0,22.0,23.0,21.0,10.0,press,1,1,2.818
1788791693.1639,2026-09-07 16:34:53.163,19,e5,1,0,-0.04624,-0.50862,0.04382,-6.6604,12.3743,-22.5012,-0.1274,-0.0765,-0.8058,4.67519,24.0,22.0,24.0,24.0,23.0,23.0,21.0,23.0,24.0,27.0,23.0,23.0,27.0,27.0,28.0,24.0,28.0,28.0,25.0,21.0,21.0,22.0,20.0,20.0,21.0,22.0,21.0,21.0,22.0,22.0,20.0,21.0,22.0,22.0,21.0,22.0,23.0,21.0,10.0,press,1,1,2.8897
1788791693.2139,2026-09-07 16:34:53.213,19,e5,1,0,-0.04625,-0.50862,0.04347,-6.3066,12.5058,-22.4276,-0.1295,-0.0673,-0.7952,4.64296,24.0,22.0,24.0,24.0,24.0,23.0,22.0,21.0,24.0,25.0,24.0,21.0,25.0,27.0,29.0,22.0,28.0,29.0,22.0,21.0,21.0,22.0,20.0,20.0,21.0,22.0,21.0,21.0,22.0,22.0,20.0,21.0,22.0,22.0,21.0,22.0,23.0,21.0,10.0,press,1,1,3.1764
1788791693.264,2026-09-07 16:34:53.264,19,e5,1,0,-0.04624,-0.50861,0.04314,-6.7804,12.4904,-22.0612,-0.125,-0.0796,-0.8028,4.60922,24.0,22.0,24.0,24.0,24.0,23.0,22.0,21.0,24.0,25.0,24.0,21.0,25.0,27.0,29.0,22.0,28.0,29.0,22.0,21.0,21.0,22.0,20.0,20.0,21.0,22.0,21.0,21.0,22.0,22.0,20.0,21.0,22.0,22.0,21.0,22.0,23.0,21.0,10.0,press,1,1,3.4765
1788791693.314,2026-09-07 16:34:53.314,19,e5,1,0,-0.04624,-0.50862,0.04277,-6.5738,12.6027,-22.0414,-0.1299,-0.0757,-0.7998,4.5629,24.0,23.0,23.0,23.0,25.0,23.0,23.0,25.0,25.0,26.0,25.0,23.0,27.0,27.0,30.0,24.0,27.0,30.0,24.0,21.0,21.0,22.0,20.0,20.0,21.0,22.0,21.0,21.0,22.0,22.0,20.0,21.0,22.0,22.0,21.0,22.0,23.0,21.0,10.0,press,1,1,3.8887
1788791693.3641,2026-09-07 16:34:53.364,19,e5,1,0,-0.04624,-0.50861,0.04245,-6.8785,12.4183,-21.841,-0.1194,-0.0793,-0.7958,4.53067,25.0,24.0,23.0,24.0,24.0,23.0,22.0,21.0,24.0,27.0,25.0,21.0,27.0,28.0,31.0,22.0,29.0,30.0,22.0,21.0,21.0,22.0,20.0,20.0,21.0,22.0,21.0,21.0,22.0,22.0,20.0,21.0,22.0,22.0,21.0,22.0,23.0,21.0,10.0,press,1,1,4.1754
1788791693.4142,2026-09-07 16:34:53.414,19,e5,1,0,-0.04625,-0.50862,0.04214,-6.8336,12.6188,-21.4252,-0.1243,-0.0789,-0.8002,4.48334,25.0,24.0,23.0,24.0,24.0,23.0,22.0,21.0,24.0,27.0,25.0,21.0,27.0,28.0,31.0,22.0,29.0,30.0,22.0,21.0,21.0,22.0,20.0,20.0,21.0,22.0,21.0,21.0,22.0,22.0,20.0,21.0,22.0,22.0,21.0,22.0,23.0,21.0,10.0,press,1,1,4.5965
1788791693.4643,2026-09-07 16:34:53.464,19,e5,1,0,-0.04623,-0.50862,0.04183,-6.7485,12.8092,-21.4377,-0.122,-0.0739,-0.7972,4.42216,23.0,23.0,24.0,22.0,24.0,24.0,22.0,21.0,24.0,25.0,26.0,21.0,26.0,28.0,35.0,20.0,28.0,34.0,21.0,21.0,21.0,22.0,20.0,20.0,21.0,22.0,21.0,21.0,22.0,22.0,20.0,21.0,22.0,22.0,21.0,22.0,23.0,21.0,10.0,press,1,1,5.1408
1788791693.5144,2026-09-07 16:34:53.514,19,e5,1,0,-0.04624,-0.50862,0.04149,-7.0131,12.7762,-21.0326,-0.12,-0.0793,-0.8097,4.35116,23.0,23.0,24.0,22.0,24.0,24.0,22.0,21.0,24.0,25.0,26.0,21.0,26.0,28.0,35.0,20.0,28.0,34.0,21.0,21.0,21.0,22.0,20.0,20.0,21.0,22.0,21.0,21.0,22.0,22.0,20.0,21.0,22.0,22.0,21.0,22.0,23.0,21.0,10.0,press,1,1,5.7724
1788791693.5645,2026-09-07 16:34:53.564,19,e5,1,0,-0.04622,-0.50862,0.04116,-7.0845,13.1438,-20.7777,-0.1253,-0.0789,-0.8036,4.25271,21.0,22.0,25.0,21.0,23.0,24.0,23.0,23.0,23.0,26.0,27.0,22.0,27.0,28.0,34.0,23.0,28.0,35.0,23.0,21.0,21.0,22.0,20.0,20.0,21.0,22.0,21.0,21.0,22.0,22.0,20.0,21.0,22.0,22.0,21.0,22.0,23.0,21.0,10.0,press,1,1,6.6482
1788791693.6146,2026-09-07 16:34:53.614,19,e5,1,0,-0.04624,-0.5086,0.04086,-6.8536,12.8001,-20.445,-0.1191,-0.0739,-0.7961,4.16308,23.0,21.0,24.0,22.0,23.0,24.0,24.0,23.0,23.0,26.0,29.0,22.0,27.0,29.0,36.0,22.0,29.0,39.0,23.0,21.0,21.0,22.0,20.0,20.0,21.0,22.0,21.0,21.0,22.0,22.0,20.0,21.0,22.0,22.0,21.0,22.0,23.0,21.0,10.0,press,1,1,7.4456
1788791693.6647,2026-09-07 16:34:53.664,19,e5,1,0,-0.04625,-0.50861,0.04064,-6.802,12.7506,-20.0455,-0.1188,-0.0741,-0.8042,4.09309,23.0,21.0,24.0,22.0,23.0,24.0,24.0,23.0,23.0,26.0,29.0,22.0,27.0,29.0,36.0,22.0,29.0,39.0,23.0,21.0,21.0,22.0,20.0,20.0,21.0,22.0,21.0,21.0,22.0,22.0,20.0,21.0,22.0,22.0,21.0,22.0,23.0,21.0,10.0,press,1,1,8.0683
1788791693.7148,2026-09-07 16:34:53.714,19,e5,1,0,-0.04623,-0.50861,0.04041,-6.7262,12.7977,-19.6306,-0.1173,-0.0728,-0.7931,4.00245,24.0,22.0,23.0,22.0,24.0,23.0,25.0,23.0,24.0,26.0,28.0,23.0,26.0,29.0,36.0,23.0,29.0,41.0,22.0,21.0,21.0,22.0,20.0,20.0,21.0,22.0,21.0,21.0,22.0,22.0,20.0,21.0,22.0,22.0,21.0,22.0,23.0,21.0,10.0,press,1,1,8.8746
1788791693.765,2026-09-07 16:34:53.764,19,e5,1,0,-0.04625,-0.50862,0.04024,-6.6708,12.8512,-19.4938,-0.1173,-0.0735,-0.8021,3.95335,24.0,22.0,23.0,22.0,24.0,23.0,25.0,23.0,24.0,26.0,28.0,23.0,26.0,29.0,36.0,23.0,29.0,41.0,22.0,21.0,21.0,22.0,20.0,20.0,21.0,22.0,21.0,21.0,22.0,22.0,20.0,21.0,22.0,22.0,21.0,22.0,23.0,21.0,10.0,press,1,1,9.3114
1788791693.8151,2026-09-07 16:34:53.815,19,e5,1,0,-0.04622,-0.50863,0.04012,-6.4998,12.6432,-19.3686,-0.1147,-0.068,-0.7996,3.9098,23.0,23.0,24.0,24.0,23.0,24.0,24.0,21.0,26.0,28.0,27.0,22.0,28.0,32.0,35.0,22.0,31.0,43.0,22.0,21.0,21.0,22.0,20.0,20.0,21.0,22.0,21.0,21.0,22.0,22.0,20.0,21.0,22.0,22.0,21.0,22.0,23.0,21.0,10.0,press,1,1,9.6989
1788791693.8652,2026-09-07 16:34:53.865,19,e5,1,0,-0.04625,-0.50864,0.04003,-6.6752,12.6851,-19.1817,-0.1122,-0.0724,-0.7954,3.88613,23.0,23.0,24.0,24.0,23.0,24.0,24.0,21.0,26.0,28.0,27.0,22.0,28.0,32.0,35.0,22.0,31.0,43.0,22.0,21.0,21.0,22.0,20.0,20.0,21.0,22.0,21.0,21.0,22.0,22.0,20.0,21.0,22.0,22.0,21.0,22.0,23.0,21.0,10.0,press,1,1,9.9095
1788791693.9153,2026-09-07 16:34:53.915,19,e5,1,0,-0.04623,-0.50864,0.03996,-6.3716,12.3616,-19.1511,-0.105,-0.0652,-0.796,3.86498,22.0,22.0,25.0,21.0,25.0,25.0,24.0,24.0,25.0,28.0,30.0,24.0,27.0,32.0,37.0,23.0,33.0,45.0,24.0,21.0,21.0,22.0,20.0,20.0,21.0,22.0,21.0,21.0,22.0,22.0,20.0,21.0,22.0,22.0,21.0,22.0,23.0,21.0,10.0,press,1,1,10.0976
1788791693.9654,2026-09-07 16:34:53.965,19,e5,1,0,-0.04624,-0.50864,0.03991,-6.4907,12.8105,-19.0634,-0.1161,-0.0671,-0.8006,3.85919,24.0,23.0,25.0,24.0,24.0,25.0,25.0,22.0,24.0,28.0,29.0,22.0,26.0,30.0,36.0,22.0,31.0,45.0,23.0,21.0,21.0,22.0,20.0,20.0,21.0,22.0,21.0,21.0,22.0,22.0,20.0,21.0,22.0,22.0,21.0,22.0,23.0,21.0,10.0,press,1,1,10.1491
1788791694.0155,2026-09-07 16:34:54.015,19,e5,1,0,-0.04625,-0.50863,0.03988,-6.8445,12.9416,-19.0483,-0.1202,-0.077,-0.8006,3.85541,24.0,23.0,25.0,24.0,24.0,25.0,25.0,22.0,24.0,28.0,29.0,22.0,26.0,30.0,36.0,22.0,31.0,45.0,23.0,21.0,21.0,22.0,20.0,20.0,21.0,22.0,21.0,21.0,22.0,22.0,20.0,21.0,22.0,22.0,21.0,22.0,23.0,21.0,10.0,hold,1,1,10.1827
1788791694.0656,2026-09-07 16:34:54.065,19,e5,1,0,-0.04623,-0.50863,0.03985,-6.5273,12.5286,-19.0912,-0.1111,-0.0691,-0.7939,3.84509,23.0,24.0,24.0,22.0,24.0,23.0,24.0,22.0,25.0,29.0,30.0,21.0,28.0,32.0,37.0,23.0,33.0,47.0,23.0,21.0,21.0,22.0,20.0,20.0,21.0,22.0,21.0,21.0,22.0,22.0,20.0,21.0,22.0,22.0,21.0,22.0,23.0,21.0,10.0,hold,1,1,10.2746
1788791694.1158,2026-09-07 16:34:54.115,19,e5,1,0,-0.04623,-0.50863,0.03982,-6.5685,12.6278,-19.1838,-0.1112,-0.0689,-0.7922,3.84106,23.0,24.0,24.0,22.0,24.0,23.0,24.0,22.0,25.0,29.0,30.0,21.0,28.0,32.0,37.0,23.0,33.0,47.0,23.0,21.0,21.0,22.0,20.0,20.0,21.0,22.0,21.0,21.0,22.0,22.0,20.0,21.0,22.0,22.0,21.0,22.0,23.0,21.0,10.0,hold,1,1,10.3104
1788791694.1658,2026-09-07 16:34:54.165,19,e5,1,0,-0.04624,-0.50862,0.03984,-6.3106,12.7198,-19.1508,-0.114,-0.0646,-0.7949,3.84308,23.0,21.0,26.0,23.0,23.0,25.0,26.0,23.0,25.0,29.0,29.0,23.0,27.0,32.0,35.0,24.0,31.0,46.0,23.0,21.0,21.0,22.0,20.0,20.0,21.0,22.0,21.0,21.0,22.0,22.0,20.0,21.0,22.0,22.0,21.0,22.0,23.0,21.0,10.0,hold,1,1,10.2925
1788791694.216,2026-09-07 16:34:54.215,19,e5,1,0,-0.04624,-0.50861,0.03983,-6.5276,12.4905,-19.1051,-0.1092,-0.0692,-0.7973,3.85869,24.0,23.0,25.0,24.0,25.0,24.0,24.0,23.0,26.0,28.0,31.0,23.0,28.0,32.0,37.0,23.0,33.0,48.0,25.0,21.0,21.0,22.0,20.0,20.0,21.0,22.0,21.0,21.0,22.0,22.0,20.0,21.0,22.0,22.0,21.0,22.0,23.0,21.0,10.0,hold,1,1,10.1536
1788791694.2661,2026-09-07 16:34:54.266,19,e5,1,0,-0.04625,-0.50862,0.03982,-6.4092,12.6194,-19.0445,-0.1148,-0.0653,-0.7945,3.86146,24.0,23.0,25.0,24.0,25.0,24.0,24.0,23.0,26.0,28.0,31.0,23.0,28.0,32.0,37.0,23.0,33.0,48.0,25.0,21.0,21.0,22.0,20.0,20.0,21.0,22.0,21.0,21.0,22.0,22.0,20.0,21.0,22.0,22.0,21.0,22.0,23.0,21.0,10.0,hold,1,1,10.129
1788791694.3162,2026-09-07 16:34:54.316,19,e5,1,0,-0.04624,-0.50861,0.03981,-7.2098,12.86,-19.0884,-0.1164,-0.0812,-0.8005,3.86297,25.0,24.0,25.0,23.0,24.0,25.0,26.0,21.0,26.0,28.0,30.0,20.0,29.0,31.0,36.0,21.0,31.0,47.0,22.0,21.0,21.0,22.0,20.0,20.0,21.0,22.0,21.0,21.0,22.0,22.0,20.0,21.0,22.0,22.0,21.0,22.0,23.0,21.0,10.0,hold,1,1,10.1156
1788791694.3664,2026-09-07 16:34:54.366,19,e5,1,0,-0.04623,-0.50862,0.03982,-6.85,12.4221,-19.2099,-0.1054,-0.0726,-0.8026,3.87681,25.0,24.0,25.0,23.0,24.0,25.0,26.0,21.0,26.0,28.0,30.0,20.0,29.0,31.0,36.0,21.0,31.0,47.0,22.0,21.0,21.0,22.0,20.0,20.0,21.0,22.0,21.0,21.0,22.0,22.0,20.0,21.0,22.0,22.0,21.0,22.0,23.0,21.0,10.0,hold,1,1,9.9924
1788791694.4165,2026-09-07 16:34:54.416,19,e5,1,0,-0.04624,-0.50862,0.03982,-6.4203,12.4555,-19.2037,-0.1062,-0.0646,-0.7942,3.87027,22.0,24.0,25.0,21.0,24.0,25.0,25.0,22.0,24.0,28.0,30.0,21.0,28.0,31.0,37.0,22.0,33.0,48.0,23.0,21.0,21.0,22.0,20.0,20.0,21.0,22.0,21.0,21.0,22.0,22.0,20.0,21.0,22.0,22.0,21.0,22.0,23.0,21.0,10.0,hold,1,1,10.0506
1788791694.4666,2026-09-07 16:34:54.466,19,e5,1,0,-0.04625,-0.50861,0.03981,-6.6674,12.642,-19.1898,-0.1093,-0.0742,-0.7971,3.87153,23.0,22.0,25.0,22.0,25.0,24.0,25.0,25.0,25.0,30.0,29.0,24.0,27.0,34.0,36.0,24.0,34.0,48.0,24.0,21.0,21.0,22.0,20.0,20.0,21.0,22.0,21.0,21.0,22.0,22.0,20.0,21.0,22.0,22.0,21.0,22.0,23.0,21.0,10.0,hold,1,1,10.0394
1788791694.5167,2026-09-07 16:34:54.516,19,e5,1,0,-0.04624,-0.50862,0.03982,-7.1356,12.9075,-19.2396,-0.1146,-0.0802,-0.8052,3.87555,23.0,22.0,25.0,22.0,25.0,24.0,25.0,25.0,25.0,30.0,29.0,24.0,27.0,34.0,36.0,24.0,34.0,48.0,24.0,21.0,21.0,22.0,20.0,20.0,21.0,22.0,21.0,21.0,22.0,22.0,20.0,21.0,22.0,22.0,21.0,22.0,23.0,21.0,10.0,hold,1,1,10.0036
1788791694.5668,2026-09-07 16:34:54.566,19,e5,1,0,-0.04625,-0.50861,0.03983,-6.7724,12.835,-19.2249,-0.1162,-0.0745,-0.7972,3.87455,24.0,23.0,26.0,23.0,24.0,26.0,25.0,22.0,26.0,29.0,29.0,23.0,29.0,33.0,37.0,22.0,33.0,47.0,23.0,21.0,21.0,22.0,20.0,20.0,21.0,22.0,21.0,21.0,22.0,22.0,20.0,21.0,22.0,22.0,21.0,22.0,23.0,21.0,10.0,hold,1,1,10.0125
1788791694.6169,2026-09-07 16:34:54.616,19,e5,1,0,-0.04625,-0.50861,0.03981,-6.8813,12.6046,-19.1818,-0.1096,-0.0763,-0.794,3.88235,24.0,23.0,26.0,23.0,24.0,26.0,25.0,22.0,26.0,29.0,29.0,23.0,29.0,33.0,37.0,22.0,33.0,47.0,23.0,21.0,21.0,22.0,20.0,20.0,21.0,22.0,21.0,21.0,22.0,22.0,20.0,21.0,22.0,22.0,21.0,22.0,23.0,21.0,10.0,hold,1,1,9.9431
1788791694.667,2026-09-07 16:34:54.667,19,e5,1,0,-0.04625,-0.50861,0.03982,-6.8563,12.7602,-19.2524,-0.1179,-0.0744,-0.7957,3.8889,25.0,23.0,24.0,23.0,26.0,25.0,25.0,21.0,25.0,28.0,30.0,21.0,29.0,32.0,36.0,21.0,33.0,47.0,23.0,21.0,21.0,22.0,20.0,20.0,21.0,22.0,21.0,21.0,22.0,22.0,20.0,21.0,22.0,22.0,21.0,22.0,23.0,21.0,10.0,hold,1,1,9.8848
1788791694.7171,2026-09-07 16:34:54.717,19,e5,1,0,-0.04623,-0.5086,0.03981,-6.7765,12.8479,-19.1753,-0.1144,-0.0769,-0.7975,3.88336,22.0,23.0,25.0,22.0,25.0,26.0,26.0,23.0,26.0,30.0,30.0,22.0,29.0,33.0,36.0,22.0,34.0,47.0,22.0,21.0,21.0,22.0,20.0,20.0,21.0,22.0,21.0,21.0,22.0,22.0,20.0,21.0,22.0,22.0,21.0,22.0,23.0,21.0,10.0,hold,1,1,9.9341
1788791694.7672,2026-09-07 16:34:54.767,19,e5,1,0,-0.04623,-0.50862,0.03982,-6.7119,12.3208,-19.2399,-0.105,-0.0721,-0.7923,3.88437,22.0,23.0,25.0,22.0,25.0,26.0,26.0,23.0,26.0,30.0,30.0,22.0,29.0,33.0,36.0,22.0,34.0,47.0,22.0,21.0,21.0,22.0,20.0,20.0,21.0,22.0,21.0,21.0,22.0,22.0,20.0,21.0,22.0,22.0,21.0,22.0,23.0,21.0,10.0,hold,1,1,9.9252
1788791694.8173,2026-09-07 16:34:54.817,19,e5,1,0,-0.04623,-0.50861,0.03983,-6.5816,12.8882,-19.1766,-0.1188,-0.0685,-0.7951,3.89419,23.0,24.0,26.0,22.0,24.0,25.0,25.0,23.0,25.0,29.0,30.0,21.0,27.0,32.0,37.0,24.0,33.0,49.0,24.0,21.0,21.0,22.0,20.0,20.0,21.0,22.0,21.0,21.0,22.0,22.0,20.0,21.0,22.0,22.0,21.0,22.0,23.0,21.0,10.0,hold,1,1,9.8378
1788791694.8675,2026-09-07 16:34:54.867,19,e5,1,0,-0.04624,-0.50862,0.03982,-6.6754,12.5886,-19.2137,-0.1126,-0.0737,-0.7934,3.89091,23.0,24.0,26.0,22.0,24.0,25.0,25.0,23.0,25.0,29.0,30.0,21.0,27.0,32.0,37.0,24.0,33.0,49.0,24.0,21.0,21.0,22.0,20.0,20.0,21.0,22.0,21.0,21.0,22.0,22.0,20.0,21.0,22.0,22.0,21.0,22.0,23.0,21.0,10.0,hold,1,1,9.8669
1788791694.9175,2026-09-07 16:34:54.917,19,e5,1,0,-0.04625,-0.50862,0.03983,-6.3906,12.4982,-19.1951,-0.1084,-0.0637,-0.7948,3.89242,23.0,22.0,25.0,23.0,24.0,24.0,26.0,21.0,25.0,28.0,31.0,20.0,29.0,32.0,37.0,21.0,32.0,48.0,22.0,21.0,21.0,22.0,20.0,20.0,21.0,22.0,21.0,21.0,22.0,22.0,20.0,21.0,22.0,22.0,21.0,22.0,23.0,21.0,10.0,hold,1,1,9.8535
1788791694.9675,2026-09-07 16:34:54.967,19,e5,1,0,-0.04625,-0.50862,0.03983,-6.6847,12.388,-19.3717,-0.109,-0.0735,-0.796,3.88538,23.0,22.0,25.0,23.0,24.0,24.0,26.0,21.0,25.0,28.0,31.0,20.0,29.0,32.0,37.0,21.0,32.0,48.0,22.0,21.0,21.0,22.0,20.0,20.0,21.0,22.0,21.0,21.0,22.0,22.0,20.0,21.0,22.0,22.0,21.0,22.0,23.0,21.0,10.0,hold,1,1,9.9162
1788791695.0176,2026-09-07 16:34:55.017,19,e5,1,0,-0.04624,-0.50861,0.03982,-6.483,12.4673,-19.5175,-0.1083,-0.0679,-0.7891,3.89016,22.0,23.0,24.0,20.0,25.0,25.0,26.0,21.0,24.0,27.0,30.0,21.0,26.0,31.0,36.0,22.0,32.0,47.0,22.0,21.0,21.0,22.0,20.0,20.0,21.0,22.0,21.0,21.0,22.0,22.0,20.0,21.0,22.0,22.0,21.0,22.0,23.0,21.0,10.0,hold,1,1,9.8736
1788791695.0678,2026-09-07 16:34:55.067,19,e5,1,0,-0.04625,-0.50863,0.03984,-6.6258,12.534,-19.5908,-0.1113,-0.0727,-0.7955,3.88991,23.0,24.0,24.0,21.0,24.0,23.0,26.0,23.0,24.0,28.0,29.0,22.0,29.0,32.0,37.0,22.0,31.0,47.0,23.0,21.0,21.0,22.0,20.0,20.0,21.0,22.0,21.0,21.0,22.0,22.0,20.0,21.0,22.0,22.0,21.0,22.0,23.0,21.0,10.0,hold,1,1,9.8759
1788791695.1179,2026-09-07 16:34:55.117,19,e5,1,0,-0.04623,-0.50862,0.03982,-6.6824,12.5752,-19.3972,-0.1119,-0.073,-0.798,3.90124,23.0,24.0,24.0,21.0,24.0,23.0,26.0,23.0,24.0,28.0,29.0,22.0,29.0,32.0,37.0,22.0,31.0,47.0,23.0,21.0,21.0,22.0,20.0,20.0,21.0,22.0,21.0,21.0,22.0,22.0,20.0,21.0,22.0,22.0,21.0,22.0,23.0,21.0,10.0,hold,1,1,9.7751
1788791695.168,2026-09-07 16:34:55.168,19,e5,1,0,-0.04625,-0.50861,0.03982,-6.1765,12.377,-19.6297,-0.1055,-0.0587,-0.7927,3.89142,23.0,22.0,25.0,23.0,24.0,24.0,24.0,23.0,25.0,28.0,30.0,23.0,29.0,32.0,37.0,22.0,33.0,48.0,24.0,21.0,21.0,22.0,20.0,20.0,21.0,22.0,21.0,21.0,22.0,22.0,20.0,21.0,22.0,22.0,21.0,22.0,23.0,21.0,10.0,hold,1,1,9.8624
1788791695.2181,2026-09-07 16:34:55.218,19,e5,1,0,-0.04625,-0.50862,0.03982,-6.5462,12.6444,-19.2807,-0.1117,-0.07,-0.7872,3.89519,23.0,22.0,25.0,23.0,24.0,24.0,24.0,23.0,25.0,28.0,30.0,23.0,29.0,32.0,37.0,22.0,33.0,48.0,24.0,21.0,21.0,22.0,20.0,20.0,21.0,22.0,21.0,21.0,22.0,22.0,20.0,21.0,22.0,22.0,21.0,22.0,23.0,21.0,10.0,hold,1,1,9.8288
1788791695.2683,2026-09-07 16:34:55.268,19,e5,1,0,-0.04625,-0.50862,0.03982,-6.745,12.6528,-19.3158,-0.1133,-0.0741,-0.797,3.90678,23.0,23.0,24.0,23.0,24.0,24.0,25.0,23.0,23.0,28.0,29.0,22.0,26.0,31.0,37.0,24.0,31.0,47.0,21.0,21.0,21.0,22.0,20.0,20.0,21.0,22.0,21.0,21.0,22.0,22.0,20.0,21.0,22.0,22.0,21.0,22.0,23.0,21.0,10.0,hold,1,1,9.7258
1788791695.3184,2026-09-07 16:34:55.318,19,e5,1,0,-0.04625,-0.50862,0.03982,-6.8577,12.5608,-19.195,-0.108,-0.0748,-0.7976,3.90048,24.0,23.0,25.0,23.0,24.0,25.0,25.0,22.0,24.0,28.0,30.0,21.0,27.0,32.0,37.0,20.0,32.0,48.0,22.0,21.0,21.0,22.0,20.0,20.0,21.0,22.0,21.0,21.0,22.0,22.0,20.0,21.0,22.0,22.0,21.0,22.0,23.0,21.0,10.0,hold,1,1,9.7818
1788791695.3685,2026-09-07 16:34:55.368,19,e5,1,0,-0.04624,-0.50862,0.03981,-6.6998,12.8189,-19.2676,-0.1146,-0.0736,-0.7926,3.89746,24.0,23.0,25.0,23.0,24.0,25.0,25.0,22.0,24.0,28.0,30.0,21.0,27.0,32.0,37.0,20.0,32.0,48.0,22.0,21.0,21.0,22.0,20.0,20.0,21.0,22.0,21.0,21.0,22.0,22.0,20.0,21.0,22.0,22.0,21.0,22.0,23.0,21.0,10.0,hold,1,1,9.8087
1788791695.4186,2026-09-07 16:34:55.418,19,e5,1,0,-0.04624,-0.50861,0.03981,-6.7104,12.8755,-19.2411,-0.118,-0.0738,-0.7967,3.90325,22.0,22.0,24.0,20.0,23.0,24.0,27.0,23.0,25.0,29.0,30.0,23.0,28.0,31.0,36.0,23.0,33.0,47.0,23.0,21.0,21.0,22.0,20.0,20.0,21.0,22.0,21.0,21.0,22.0,22.0,20.0,21.0,22.0,22.0,21.0,22.0,23.0,21.0,10.0,hold,1,1,9.7572
1788791695.4687,2026-09-07 16:34:55.468,19,e5,1,0,-0.04625,-0.50862,0.03982,-6.6997,12.9446,-19.3078,-0.1187,-0.0729,-0.7942,3.90577,22.0,22.0,24.0,20.0,23.0,24.0,27.0,23.0,25.0,29.0,30.0,23.0,28.0,31.0,36.0,23.0,33.0,47.0,23.0,21.0,21.0,22.0,20.0,20.0,21.0,22.0,21.0,21.0,22.0,22.0,20.0,21.0,22.0,22.0,21.0,22.0,23.0,21.0,10.0,hold,1,1,9.7348
1788791695.5188,2026-09-07 16:34:55.518,19,e5,1,0,-0.04624,-0.50861,0.03981,-6.4559,12.5742,-19.6268,-0.1113,-0.0698,-0.7934,3.89721,24.0,23.0,24.0,22.0,23.0,23.0,26.0,21.0,25.0,28.0,31.0,21.0,28.0,32.0,37.0,23.0,32.0,47.0,23.0,21.0,21.0,22.0,20.0,20.0,21.0,22.0,21.0,21.0,22.0,22.0,20.0,21.0,22.0,22.0,21.0,22.0,23.0,21.0,10.0,hold,1,1,9.8109
1788791695.5689,2026-09-07 16:34:55.568,19,e5,1,0,-0.04622,-0.50862,0.03982,-6.6826,12.8813,-19.2463,-0.1183,-0.0716,-0.7998,3.90879,22.0,23.0,26.0,22.0,24.0,25.0,26.0,24.0,25.0,29.0,29.0,24.0,29.0,32.0,37.0,24.0,33.0,47.0,24.0,21.0,21.0,22.0,20.0,20.0,21.0,22.0,21.0,21.0,22.0,22.0,20.0,21.0,22.0,22.0,21.0,22.0,23.0,21.0,10.0,hold,1,1,9.7079
1788791695.619,2026-09-07 16:34:55.619,19,e5,1,0,-0.04623,-0.50861,0.03981,-6.642,12.9488,-19.0603,-0.1185,-0.0716,-0.8007,3.90149,22.0,23.0,26.0,22.0,24.0,25.0,26.0,24.0,25.0,29.0,29.0,24.0,29.0,32.0,37.0,24.0,33.0,47.0,24.0,21.0,21.0,22.0,20.0,20.0,21.0,22.0,21.0,21.0,22.0,22.0,20.0,21.0,22.0,22.0,21.0,22.0,23.0,21.0,10.0,hold,1,1,9.7728
1788791695.6691,2026-09-07 16:34:55.669,19,e5,1,0,-0.04624,-0.50861,0.03981,-6.5735,12.8831,-19.3132,-0.1177,-0.067,-0.7937,3.89947,24.0,24.0,25.0,24.0,25.0,24.0,25.0,22.0,26.0,29.0,30.0,21.0,29.0,33.0,37.0,22.0,33.0,48.0,24.0,21.0,21.0,22.0,20.0,20.0,21.0,22.0,21.0,21.0,22.0,22.0,20.0,21.0,22.0,22.0,21.0,22.0,23.0,21.0,10.0,hold,1,1,9.7908
1788791695.7192,2026-09-07 16:34:55.719,19,e5,1,0,-0.04622,-0.50861,0.03982,-6.7359,12.9476,-19.0204,-0.1166,-0.071,-0.7987,3.9098,24.0,24.0,25.0,24.0,25.0,24.0,25.0,22.0,26.0,29.0,30.0,21.0,29.0,33.0,37.0,22.0,33.0,48.0,24.0,21.0,21.0,22.0,20.0,20.0,21.0,22.0,21.0,21.0,22.0,22.0,20.0,21.0,22.0,22.0,21.0,22.0,23.0,21.0,10.0,hold,1,1,9.6989
1788791695.7693,2026-09-07 16:34:55.769,19,e5,1,0,-0.04626,-0.50861,0.03981,-6.613,12.5139,-19.2843,-0.1053,-0.0706,-0.7936,3.90552,23.0,24.0,26.0,21.0,25.0,25.0,26.0,22.0,25.0,29.0,30.0,23.0,27.0,32.0,37.0,24.0,32.0,48.0,22.0,21.0,21.0,22.0,20.0,20.0,21.0,22.0,21.0,21.0,22.0,22.0,20.0,21.0,22.0,22.0,21.0,22.0,23.0,21.0,10.0,hold,1,1,9.737
1788791695.8194,2026-09-07 16:34:55.819,19,e5,1,0,-0.04623,-0.50862,0.03983,-6.4903,12.6699,-19.4419,-0.1123,-0.0718,-0.7971,3.90728,24.0,23.0,25.0,23.0,24.0,24.0,25.0,22.0,25.0,28.0,30.0,21.0,28.0,32.0,36.0,23.0,32.0,48.0,24.0,21.0,21.0,22.0,20.0,20.0,21.0,22.0,21.0,21.0,22.0,22.0,20.0,21.0,22.0,22.0,21.0,22.0,23.0,21.0,10.0,hold,1,1,9.7213
1788791695.8695,2026-09-07 16:34:55.869,19,e5,1,0,-0.04624,-0.50862,0.03982,-6.4789,12.8055,-19.4278,-0.1134,-0.0655,-0.7943,3.91206,24.0,23.0,25.0,23.0,24.0,24.0,25.0,22.0,25.0,28.0,30.0,21.0,28.0,32.0,36.0,23.0,32.0,48.0,24.0,21.0,21.0,22.0,20.0,20.0,21.0,22.0,21.0,21.0,22.0,22.0,20.0,21.0,22.0,22.0,21.0,22.0,23.0,21.0,10.0,hold,1,1,9.6788
1788791695.9196,2026-09-07 16:34:55.919,19,e5,1,0,-0.04623,-0.50861,0.03981,-6.4745,12.6363,-19.4852,-0.1073,-0.0666,-0.7953,3.90753,23.0,24.0,24.0,23.0,23.0,24.0,25.0,22.0,24.0,28.0,30.0,21.0,28.0,32.0,37.0,22.0,32.0,48.0,22.0,21.0,21.0,22.0,20.0,20.0,21.0,22.0,21.0,21.0,22.0,22.0,20.0,21.0,22.0,22.0,21.0,22.0,23.0,21.0,10.0,hold,1,1,9.7191
1788791695.9698,2026-09-07 16:34:55.969,19,e5,1,0,-0.04624,-0.50862,0.03981,-6.3837,12.7403,-19.4963,-0.1102,-0.0654,-0.7889,3.91609,23.0,24.0,24.0,23.0,23.0,24.0,25.0,22.0,24.0,28.0,30.0,21.0,28.0,32.0,37.0,22.0,32.0,48.0,22.0,21.0,21.0,22.0,20.0,20.0,21.0,22.0,21.0,21.0,22.0,22.0,20.0,21.0,22.0,22.0,21.0,22.0,23.0,21.0,10.0,hold,1,1,9.6429
1788791696.0199,2026-09-07 16:34:56.019,19,e5,1,0,-0.04625,-0.50862,0.03982,-6.6584,12.5665,-19.424,-0.1063,-0.0719,-0.7928,3.91181,22.0,23.0,25.0,22.0,24.0,25.0,26.0,25.0,25.0,27.0,30.0,24.0,29.0,32.0,37.0,24.0,32.0,48.0,23.0,21.0,21.0,22.0,20.0,20.0,21.0,22.0,21.0,21.0,22.0,22.0,20.0,21.0,22.0,22.0,21.0,22.0,23.0,21.0,10.0,hold,1,1,9.681
1788791696.07,2026-09-07 16:34:56.070,19,e5,1,0,-0.04624,-0.50862,0.03982,-6.5643,12.6285,-19.3373,-0.1109,-0.0659,-0.7941,3.9035,22.0,23.0,25.0,22.0,24.0,25.0,26.0,25.0,25.0,27.0,30.0,24.0,29.0,32.0,37.0,24.0,32.0,48.0,23.0,21.0,21.0,22.0,20.0,20.0,21.0,22.0,21.0,21.0,22.0,22.0,20.0,21.0,22.0,22.0,21.0,22.0,23.0,21.0,10.0,hold,1,1,9.7549
1788791696.1202,2026-09-07 16:34:56.120,19,e5,1,0,-0.04624,-0.50862,0.03982,-6.776,12.4984,-19.4434,-0.1042,-0.0735,-0.7979,3.91584,25.0,23.0,23.0,24.0,25.0,24.0,26.0,25.0,24.0,28.0,31.0,24.0,29.0,33.0,36.0,24.0,33.0,46.0,25.0,21.0,21.0,22.0,20.0,20.0,21.0,22.0,21.0,21.0,22.0,22.0,20.0,21.0,22.0,22.0,21.0,22.0,23.0,21.0,10.0,hold,1,1,9.6452
1788791696.1703,2026-09-07 16:34:56.170,19,e5,1,0,-0.04625,-0.50863,0.03983,-6.2554,12.6249,-19.4097,-0.109,-0.0606,-0.7864,3.91181,25.0,23.0,25.0,25.0,24.0,25.0,25.0,25.0,25.0,27.0,31.0,24.0,29.0,32.0,36.0,24.0,31.0,46.0,24.0,21.0,21.0,22.0,20.0,20.0,21.0,22.0,21.0,21.0,22.0,22.0,20.0,21.0,22.0,22.0,21.0,22.0,23.0,21.0,10.0,hold,1,1,9.681
1788791696.2204,2026-09-07 16:34:56.220,19,e5,1,0,-0.04623,-0.50861,0.03981,-6.5744,12.6348,-19.4144,-0.1139,-0.0709,-0.7908,3.91156,25.0,23.0,25.0,25.0,24.0,25.0,25.0,25.0,25.0,27.0,31.0,24.0,29.0,32.0,36.0,24.0,31.0,46.0,24.0,21.0,21.0,22.0,20.0,20.0,21.0,22.0,21.0,21.0,22.0,22.0,20.0,21.0,22.0,22.0,21.0,22.0,23.0,21.0,10.0,hold,1,1,9.6833
1788791696.2705,2026-09-07 16:34:56.270,19,e5,1,0,-0.04623,-0.50861,0.03981,-6.6633,12.8472,-19.4471,-0.1149,-0.072,-0.8,3.91533,25.0,22.0,24.0,24.0,25.0,24.0,27.0,23.0,24.0,29.0,30.0,22.0,27.0,32.0,37.0,22.0,33.0,48.0,23.0,21.0,21.0,22.0,20.0,20.0,21.0,22.0,21.0,21.0,22.0,22.0,20.0,21.0,22.0,22.0,21.0,22.0,23.0,21.0,10.0,hold,1,1,9.6497
1788791696.3205,2026-09-07 16:34:56.320,19,e5,1,0,-0.04624,-0.50862,0.03982,-6.4955,12.6151,-19.4186,-0.1101,-0.066,-0.7959,3.91156,25.0,22.0,24.0,24.0,25.0,24.0,27.0,23.0,24.0,29.0,30.0,22.0,27.0,32.0,37.0,22.0,33.0,48.0,23.0,21.0,21.0,22.0,20.0,20.0,21.0,22.0,21.0,21.0,22.0,22.0,20.0,21.0,22.0,22.0,21.0,22.0,23.0,21.0,10.0,hold,1,1,9.6833
1788791696.3706,2026-09-07 16:34:56.370,19,e5,1,0,-0.04623,-0.50862,0.03983,-6.6261,13.0553,-19.434,-0.1221,-0.0716,-0.798,3.90753,23.0,23.0,25.0,22.0,24.0,25.0,26.0,22.0,23.0,27.0,31.0,22.0,27.0,31.0,37.0,23.0,30.0,49.0,23.0,21.0,21.0,22.0,20.0,20.0,21.0,22.0,21.0,21.0,22.0,22.0,20.0,21.0,22.0,22.0,21.0,22.0,23.0,21.0,10.0,hold,1,1,9.7191
1788791696.4207,2026-09-07 16:34:56.420,19,e5,1,0,-0.04625,-0.50863,0.03982,-6.7692,12.5225,-19.3602,-0.1061,-0.0722,-0.8007,3.92138,24.0,22.0,22.0,22.0,23.0,22.0,25.0,22.0,25.0,28.0,31.0,21.0,28.0,32.0,37.0,21.0,32.0,49.0,22.0,21.0,21.0,22.0,20.0,20.0,21.0,22.0,21.0,21.0,22.0,22.0,20.0,21.0,22.0,22.0,21.0,22.0,23.0,21.0,10.0,hold,1,1,9.5959
1788791696.4708,2026-09-07 16:34:56.470,19,e5,1,0,-0.04625,-0.50861,0.03982,-6.6065,12.4958,-19.4278,-0.1094,-0.0709,-0.7918,3.91357,24.0,22.0,22.0,22.0,23.0,22.0,25.0,22.0,25.0,28.0,31.0,21.0,28.0,32.0,37.0,21.0,32.0,49.0,22.0,21.0,21.0,22.0,20.0,20.0,21.0,22.0,21.0,21.0,22.0,22.0,20.0,21.0,22.0,22.0,21.0,22.0,23.0,21.0,10.0,hold,1,1,9.6653
1788791696.521,2026-09-07 16:34:56.520,19,e5,1,0,-0.04624,-0.50862,0.03983,-6.6879,12.6632,-19.5337,-0.1122,-0.0734,-0.7938,3.91861,22.0,22.0,25.0,22.0,23.0,25.0,26.0,23.0,25.0,27.0,29.0,23.0,26.0,32.0,36.0,22.0,31.0,47.0,23.0,21.0,21.0,22.0,20.0,20.0,21.0,22.0,21.0,21.0,22.0,22.0,20.0,21.0,22.0,22.0,21.0,22.0,23.0,21.0,10.0,hold,1,1,9.6205
1788791696.5711,2026-09-07 16:34:56.571,19,e5,1,0,-0.04622,-0.50861,0.03982,-6.6748,12.8934,-19.5649,-0.1185,-0.0731,-0.7918,3.91836,22.0,22.0,25.0,22.0,23.0,25.0,26.0,23.0,25.0,27.0,29.0,23.0,26.0,32.0,36.0,22.0,31.0,47.0,23.0,21.0,21.0,22.0,20.0,20.0,21.0,22.0,21.0,21.0,22.0,22.0,20.0,21.0,22.0,22.0,21.0,22.0,23.0,21.0,10.0,hold,1,1,9.6228
1788791696.6212,2026-09-07 16:34:56.621,19,e5,1,0,-0.04623,-0.5086,0.03981,-6.7293,12.8376,-19.5864,-0.1171,-0.0745,-0.798,3.91181,24.0,22.0,24.0,24.0,23.0,25.0,25.0,22.0,26.0,28.0,31.0,21.0,29.0,31.0,36.0,22.0,31.0,48.0,22.0,21.0,21.0,22.0,20.0,20.0,21.0,22.0,21.0,21.0,22.0,22.0,20.0,21.0,22.0,22.0,21.0,22.0,23.0,21.0,10.0,hold,1,1,9.681
1788791696.6714,2026-09-07 16:34:56.671,19,e5,1,0,-0.04624,-0.50862,0.03982,-6.5591,12.7092,-19.4837,-0.1114,-0.0703,-0.7935,3.91836,22.0,22.0,24.0,21.0,24.0,23.0,26.0,21.0,25.0,28.0,30.0,20.0,29.0,30.0,36.0,22.0,32.0,47.0,23.0,21.0,21.0,22.0,20.0,20.0,21.0,22.0,21.0,21.0,22.0,22.0,20.0,21.0,22.0,22.0,21.0,22.0,23.0,21.0,10.0,hold,1,1,9.6228
1788791696.7215,2026-09-07 16:34:56.721,19,e5,1,0,-0.04623,-0.50861,0.03981,-6.1224,12.7223,-19.4648,-0.1132,-0.0598,-0.7907,3.91206,22.0,22.0,24.0,21.0,24.0,23.0,26.0,21.0,25.0,28.0,30.0,20.0,29.0,30.0,36.0,22.0,32.0,47.0,23.0,21.0,21.0,22.0,20.0,20.0,21.0,22.0,21.0,21.0,22.0,22.0,20.0,21.0,22.0,22.0,21.0,22.0,23.0,21.0,10.0,hold,1,1,9.6788
1788791696.7716,2026-09-07 16:34:56.771,19,e5,1,0,-0.04624,-0.50862,0.03981,-6.2556,12.5565,-19.4523,-0.1084,-0.0624,-0.7876,3.91936,25.0,23.0,24.0,22.0,25.0,23.0,26.0,23.0,25.0,29.0,31.0,22.0,29.0,33.0,36.0,24.0,33.0,48.0,23.0,21.0,21.0,22.0,20.0,20.0,21.0,22.0,21.0,21.0,22.0,22.0,20.0,21.0,22.0,22.0,21.0,22.0,23.0,21.0,10.0,hold,1,1,9.6138
1788791696.8217,2026-09-07 16:34:56.821,19,e5,1,0,-0.04623,-0.50862,0.03981,-6.8286,13.042,-19.4392,-0.1204,-0.0787,-0.7926,3.91533,25.0,23.0,24.0,22.0,25.0,23.0,26.0,23.0,25.0,29.0,31.0,22.0,29.0,33.0,36.0,24.0,33.0,48.0,23.0,21.0,21.0,22.0,20.0,20.0,21.0,22.0,21.0,21.0,22.0,22.0,20.0,21.0,22.0,22.0,21.0,22.0,23.0,21.0,10.0,hold,1,1,9.6497
1788791696.8718,2026-09-07 16:34:56.871,19,e5,1,0,-0.04624,-0.50862,0.03982,-6.3689,12.5869,-19.5269,-0.1104,-0.0647,-0.7882,3.92188,24.0,22.0,24.0,22.0,23.0,24.0,25.0,23.0,25.0,29.0,31.0,23.0,26.0,32.0,37.0,23.0,32.0,49.0,23.0,21.0,21.0,22.0,20.0,20.0,21.0,22.0,21.0,21.0,22.0,22.0,20.0,21.0,22.0,22.0,21.0,22.0,23.0,21.0,10.0,hold,1,1,9.5914
1788791696.9219,2026-09-07 16:34:56.921,19,e5,1,0,-0.04625,-0.50862,0.03982,-6.3918,12.6886,-19.58,-0.1068,-0.0648,-0.7987,3.91357,23.0,23.0,25.0,23.0,24.0,25.0,26.0,23.0,24.0,29.0,31.0,23.0,27.0,32.0,37.0,24.0,32.0,48.0,24.0,21.0,21.0,22.0,20.0,20.0,21.0,22.0,21.0,21.0,22.0,22.0,20.0,21.0,22.0,22.0,21.0,22.0,23.0,21.0,10.0,hold,1,1,9.6653
1788791696.9721,2026-09-07 16:34:56.972,19,e5,1,0,-0.04624,-0.50863,0.03983,-6.4361,12.6299,-19.5085,-0.1117,-0.0666,-0.7937,3.91559,23.0,23.0,25.0,23.0,24.0,25.0,26.0,23.0,24.0,29.0,31.0,23.0,27.0,32.0,37.0,24.0,32.0,48.0,24.0,21.0,21.0,22.0,20.0,20.0,21.0,22.0,21.0,21.0,22.0,22.0,20.0,21.0,22.0,22.0,21.0,22.0,23.0,21.0,10.0,hold,1,1,9.6474
1788791697.0222,2026-09-07 16:34:57.022,19,e5,1,0,-0.04624,-0.50862,0.03982,-6.3131,12.555,-19.5564,-0.1094,-0.0649,-0.7893,3.91533,24.0,23.0,25.0,24.0,23.0,24.0,25.0,24.0,24.0,28.0,30.0,23.0,27.0,31.0,36.0,24.0,32.0,47.0,23.0,21.0,21.0,22.0,20.0,20.0,21.0,22.0,21.0,21.0,22.0,22.0,20.0,21.0,22.0,22.0,21.0,22.0,23.0,21.0,10.0,hold,1,1,9.6497
1788791697.0724,2026-09-07 16:34:57.072,19,e5,1,0,-0.04624,-0.50862,0.03982,-6.6735,12.8533,-19.4876,-0.1154,-0.0729,-0.7941,3.91584,24.0,23.0,25.0,24.0,23.0,24.0,25.0,24.0,24.0,28.0,30.0,23.0,27.0,31.0,36.0,24.0,32.0,47.0,23.0,21.0,21.0,22.0,20.0,20.0,21.0,22.0,21.0,21.0,22.0,22.0,20.0,21.0,22.0,22.0,21.0,22.0,23.0,21.0,10.0,hold,1,1,9.6452
1788791697.1225,2026-09-07 16:34:57.122,19,e5,1,0,-0.04622,-0.50861,0.03982,-6.4967,12.6479,-19.4856,-0.1124,-0.0691,-0.7897,3.9249,24.0,23.0,23.0,23.0,24.0,24.0,25.0,23.0,26.0,27.0,30.0,24.0,27.0,29.0,36.0,22.0,31.0,48.0,24.0,21.0,21.0,22.0,20.0,20.0,21.0,22.0,21.0,21.0,22.0,22.0,20.0,21.0,22.0,22.0,21.0,22.0,23.0,21.0,10.0,hold,1,1,9.5645
1788791697.1726,2026-09-07 16:34:57.172,19,e5,1,0,-0.04624,-0.50861,0.03981,-6.384,12.2899,-19.6761,-0.1027,-0.0625,-0.7925,3.91584,24.0,23.0,23.0,23.0,24.0,24.0,25.0,23.0,26.0,27.0,30.0,24.0,27.0,29.0,36.0,22.0,31.0,48.0,24.0,21.0,21.0,22.0,20.0,20.0,21.0,22.0,21.0,21.0,22.0,22.0,20.0,21.0,22.0,22.0,21.0,22.0,23.0,21.0,10.0,hold,1,1,9.6452
1788791697.2227,2026-09-07 16:34:57.222,19,e5,1,0,-0.04626,-0.50862,0.03982,-6.3351,12.3971,-19.6997,-0.1076,-0.0643,-0.7937,3.91987,24.0,23.0,24.0,23.0,25.0,25.0,25.0,24.0,23.0,27.0,30.0,23.0,26.0,30.0,37.0,24.0,30.0,48.0,23.0,21.0,21.0,22.0,20.0,20.0,21.0,22.0,21.0,21.0,22.0,22.0,20.0,21.0,22.0,22.0,21.0,22.0,23.0,21.0,10.0,hold,1,1,9.6093
1788791697.2729,2026-09-07 16:34:57.272,19,e5,1,0,-0.04625,-0.50862,0.03983,-6.333,12.4335,-19.7292,-0.1042,-0.0618,-0.7908,3.91382,23.0,22.0,24.0,22.0,23.0,24.0,26.0,24.0,24.0,29.0,30.0,23.0,28.0,32.0,37.0,24.0,32.0,48.0,24.0,21.0,21.0,22.0,20.0,20.0,21.0,22.0,21.0,21.0,22.0,22.0,20.0,21.0,22.0,22.0,21.0,22.0,23.0,21.0,10.0,hold,1,1,9.6631
1788791697.323,2026-09-07 16:34:57.323,19,e5,1,0,-0.04624,-0.50862,0.03982,-6.6719,12.6911,-19.6012,-0.1139,-0.0713,-0.799,3.92213,23.0,22.0,24.0,22.0,23.0,24.0,26.0,24.0,24.0,29.0,30.0,23.0,28.0,32.0,37.0,24.0,32.0,48.0,24.0,21.0,21.0,22.0,20.0,20.0,21.0,22.0,21.0,21.0,22.0,22.0,20.0,21.0,22.0,22.0,21.0,22.0,23.0,21.0,10.0,hold,1,1,9.5892
1788791697.3731,2026-09-07 16:34:57.373,19,e5,1,0,-0.04625,-0.50862,0.03982,-6.304,12.6514,-19.6526,-0.1104,-0.0645,-0.7957,3.9171,24.0,23.0,24.0,23.0,24.0,25.0,27.0,23.0,25.0,29.0,29.0,22.0,29.0,31.0,36.0,23.0,32.0,47.0,23.0,21.0,21.0,22.0,20.0,20.0,21.0,22.0,21.0,21.0,22.0,22.0,20.0,21.0,22.0,22.0,21.0,22.0,23.0,21.0,10.0,hold,1,1,9.634
1788791697.4233,2026-09-07 16:34:57.423,19,e5,1,0,-0.04621,-0.50861,0.03981,-6.5438,12.5604,-19.6021,-0.1107,-0.0662,-0.795,3.92188,24.0,23.0,24.0,23.0,24.0,25.0,27.0,23.0,25.0,29.0,29.0,22.0,29.0,31.0,36.0,23.0,32.0,47.0,23.0,21.0,21.0,22.0,20.0,20.0,21.0,22.0,21.0,21.0,22.0,22.0,20.0,21.0,22.0,22.0,21.0,22.0,23.0,21.0,10.0,hold,1,1,9.5914
1788791697.4734,2026-09-07 16:34:57.473,19,e5,1,0,-0.04625,-0.50861,0.03981,-6.1352,12.5681,-19.8828,-0.1111,-0.0567,-0.7934,3.92591,25.0,23.0,23.0,21.0,24.0,24.0,25.0,23.0,25.0,29.0,32.0,23.0,27.0,34.0,38.0,23.0,33.0,49.0,23.0,21.0,21.0,22.0,20.0,20.0,21.0,22.0,21.0,21.0,22.0,22.0,20.0,21.0,22.0,22.0,21.0,22.0,23.0,21.0,10.0,hold,1,1,9.5556
1788791697.5235,2026-09-07 16:34:57.523,19,e5,1,0,-0.04624,-0.50862,0.03982,-6.5757,12.4876,-19.7281,-0.1069,-0.0697,-0.7948,3.91559,24.0,22.0,25.0,24.0,24.0,25.0,28.0,22.0,27.0,28.0,29.0,21.0,29.0,32.0,35.0,21.0,32.0,46.0,22.0,21.0,21.0,22.0,20.0,20.0,21.0,22.0,21.0,21.0,22.0,22.0,20.0,21.0,22.0,22.0,21.0,22.0,23.0,21.0,10.0,hold,1,1,9.6474
1788791697.5736,2026-09-07 16:34:57.573,19,e5,1,0,-0.04623,-0.50862,0.03982,-6.4536,12.5455,-19.7604,-0.11,-0.0639,-0.7879,3.92087,24.0,22.0,25.0,24.0,24.0,25.0,28.0,22.0,27.0,28.0,29.0,21.0,29.0,32.0,35.0,21.0,32.0,46.0,22.0,21.0,21.0,22.0,20.0,20.0,21.0,22.0,21.0,21.0,22.0,22.0,20.0,21.0,22.0,22.0,21.0,22.0,23.0,21.0,10.0,hold,1,1,9.6004
1788791697.6237,2026-09-07 16:34:57.623,19,e5,1,0,-0.04624,-0.50862,0.03983,-6.6711,12.8247,-19.5265,-0.1162,-0.074,-0.7953,3.9239,22.0,23.0,25.0,21.0,24.0,24.0,25.0,24.0,26.0,27.0,30.0,23.0,28.0,31.0,35.0,24.0,33.0,48.0,24.0,21.0,21.0,22.0,20.0,20.0,21.0,22.0,21.0,21.0,22.0,22.0,20.0,21.0,22.0,22.0,21.0,22.0,23.0,21.0,10.0,hold,1,1,9.5735
1788791697.6739,2026-09-07 16:34:57.673,19,e5,1,0,-0.04622,-0.50862,0.03983,-6.8143,12.633,-19.6146,-0.1092,-0.0796,-0.7981,3.92591,22.0,23.0,25.0,21.0,24.0,24.0,25.0,24.0,26.0,27.0,30.0,23.0,28.0,31.0,35.0,24.0,33.0,48.0,24.0,21.0,21.0,22.0,20.0,20.0,21.0,22.0,21.0,21.0,22.0,22.0,20.0,21.0,22.0,22.0,21.0,22.0,23.0,21.0,10.0,hold,1,1,9.5556
1788791697.724,2026-09-07 16:34:57.724,19,e5,1,0,-0.04623,-0.50862,0.03982,-6.7086,12.6822,-19.5093,-0.112,-0.0712,-0.7969,3.91811,24.0,22.0,24.0,23.0,24.0,24.0,25.0,21.0,27.0,27.0,29.0,22.0,29.0,31.0,36.0,21.0,32.0,48.0,22.0,21.0,21.0,22.0,20.0,20.0,21.0,22.0,21.0,21.0,22.0,22.0,20.0,21.0,22.0,22.0,21.0,22.0,23.0,21.0,10.0,hold,1,1,9.625
1788791697.7742,2026-09-07 16:34:57.774,19,e5,1,0,-0.04624,-0.50861,0.03981,-6.3288,12.8019,-19.5183,-0.1177,-0.0635,-0.7889,3.92843,21.0,25.0,24.0,20.0,26.0,23.0,25.0,23.0,25.0,28.0,32.0,22.0,29.0,30.0,37.0,22.0,32.0,48.0,23.0,21.0,21.0,22.0,20.0,20.0,21.0,22.0,21.0,21.0,22.0,22.0,20.0,21.0,22.0,22.0,21.0,22.0,23.0,21.0,10.0,hold,1,1,9.5332
1788791697.8243,2026-09-07 16:34:57.824,19,e5,1,0,-0.04624,-0.50861,0.03981,-6.6669,12.9402,-19.4849,-0.1179,-0.0716,-0.8007,3.91231,21.0,25.0,24.0,20.0,26.0,23.0,25.0,23.0,25.0,28.0,32.0,22.0,29.0,30.0,37.0,22.0,32.0,48.0,23.0,21.0,21.0,22.0,20.0,20.0,21.0,22.0,21.0,21.0,22.0,22.0,20.0,21.0,22.0,22.0,21.0,22.0,23.0,21.0,10.0,hold,1,1,9.6765
1788791697.8744,2026-09-07 16:34:57.874,19,e5,1,0,-0.04624,-0.50862,0.03982,-6.2742,12.4854,-19.5867,-0.108,-0.0619,-0.7938,3.92163,23.0,23.0,24.0,23.0,25.0,23.0,26.0,23.0,26.0,29.0,30.0,23.0,28.0,33.0,36.0,22.0,33.0,48.0,23.0,21.0,21.0,22.0,20.0,20.0,21.0,22.0,21.0,21.0,22.0,22.0,20.0,21.0,22.0,22.0,21.0,22.0,23.0,21.0,10.0,hold,1,1,9.5937
1788791697.9245,2026-09-07 16:34:57.924,19,e5,1,0,-0.04624,-0.50862,0.03982,-6.3484,12.7324,-19.7526,-0.1106,-0.0632,-0.7906,3.92692,23.0,23.0,24.0,23.0,25.0,23.0,26.0,23.0,26.0,29.0,30.0,23.0,28.0,33.0,36.0,22.0,33.0,48.0,23.0,21.0,21.0,22.0,20.0,20.0,21.0,22.0,21.0,21.0,22.0,22.0,20.0,21.0,22.0,22.0,21.0,22.0,23.0,21.0,10.0,hold,1,1,9.5466
1788791697.9746,2026-09-07 16:34:57.974,19,e5,1,0,-0.04624,-0.50862,0.03983,-6.5332,12.4236,-19.6807,-0.1053,-0.0671,-0.7947,3.92415,22.0,25.0,25.0,22.0,25.0,26.0,26.0,22.0,26.0,29.0,32.0,22.0,28.0,32.0,37.0,23.0,32.0,49.0,24.0,21.0,21.0,22.0,20.0,20.0,21.0,22.0,21.0,21.0,22.0,22.0,20.0,21.0,22.0,22.0,21.0,22.0,23.0,21.0,10.0,hold,1,1,9.5713
1788791698.0247,2026-09-07 16:34:58.024,19,e5,1,0,-0.04624,-0.50861,0.03983,-6.5023,12.513,-19.5665,-0.1075,-0.0684,-0.801,3.91962,23.0,24.0,25.0,21.0,25.0,24.0,26.0,23.0,24.0,28.0,31.0,22.0,26.0,32.0,38.0,22.0,33.0,49.0,21.0,21.0,21.0,22.0,20.0,20.0,21.0,22.0,21.0,21.0,22.0,22.0,20.0,21.0,22.0,22.0,21.0,22.0,23.0,21.0,10.0,hold,1,1,9.6116
1788791698.0749,2026-09-07 16:34:58.074,19,e5,1,0,-0.04626,-0.50863,0.03983,-6.4246,12.722,-19.5853,-0.1166,-0.064,-0.7895,3.92616,23.0,24.0,25.0,21.0,25.0,24.0,26.0,23.0,24.0,28.0,31.0,22.0,26.0,32.0,38.0,22.0,33.0,49.0,21.0,21.0,21.0,22.0,20.0,20.0,21.0,22.0,21.0,21.0,22.0,22.0,20.0,21.0,22.0,22.0,21.0,22.0,23.0,21.0,10.0,hold,1,1,9.5533
1788791698.125,2026-09-07 16:34:58.125,19,e5,1,0,-0.04624,-0.50862,0.03983,-6.5818,12.8588,-19.732,-0.1133,-0.0696,-0.7959,3.92339,23.0,22.0,24.0,21.0,23.0,24.0,27.0,22.0,24.0,29.0,30.0,21.0,28.0,32.0,36.0,21.0,32.0,48.0,23.0,21.0,21.0,22.0,20.0,20.0,21.0,22.0,21.0,21.0,22.0,22.0,20.0,21.0,22.0,22.0,21.0,22.0,23.0,21.0,10.0,hold,1,1,9.578
1788791698.1751,2026-09-07 16:34:58.175,19,e5,1,0,-0.04623,-0.50862,0.03982,-6.4012,12.5276,-19.5788,-0.1106,-0.0669,-0.787,3.91861,23.0,22.0,24.0,21.0,23.0,24.0,27.0,22.0,24.0,29.0,30.0,21.0,28.0,32.0,36.0,21.0,32.0,48.0,23.0,21.0,21.0,22.0,20.0,20.0,21.0,22.0,21.0,21.0,22.0,22.0,20.0,21.0,22.0,22.0,21.0,22.0,23.0,21.0,10.0,hold,1,1,9.6205
1788791698.2252,2026-09-07 16:34:58.225,19,e5,1,0,-0.04624,-0.50861,0.03982,-6.4896,12.7266,-19.452,-0.1149,-0.0685,-0.7964,3.92264,24.0,22.0,25.0,23.0,22.0,25.0,25.0,23.0,26.0,29.0,31.0,22.0,28.0,32.0,36.0,21.0,32.0,48.0,21.0,21.0,21.0,22.0,20.0,20.0,21.0,22.0,21.0,21.0,22.0,22.0,20.0,21.0,22.0,22.0,21.0,22.0,23.0,21.0,10.0,hold,1,1,9.5847
1788791698.2753,2026-09-07 16:34:58.275,19,e5,1,0,-0.04625,-0.50862,0.03982,-6.3931,12.4595,-19.4887,-0.1068,-0.0646,-0.7931,3.92918,24.0,22.0,25.0,23.0,22.0,25.0,25.0,23.0,26.0,29.0,31.0,22.0,28.0,32.0,36.0,21.0,32.0,48.0,21.0,21.0,21.0,22.0,20.0,20.0,21.0,22.0,21.0,21.0,22.0,22.0,20.0,21.0,22.0,22.0,21.0,22.0,23.0,21.0,10.0,hold,1,1,9.5265
1788791698.3254,2026-09-07 16:34:58.325,19,e5,1,0,-0.04624,-0.50862,0.03981,-6.5526,13.0763,-19.3743,-0.1215,-0.0687,-0.7932,3.92163,25.0,24.0,24.0,24.0,25.0,25.0,25.0,22.0,24.0,28.0,31.0,21.0,27.0,32.0,38.0,22.0,33.0,50.0,23.0,21.0,21.0,22.0,20.0,20.0,21.0,22.0,21.0,21.0,22.0,22.0,20.0,21.0,22.0,22.0,21.0,22.0,23.0,21.0,10.0,hold,1,1,9.5937
1788791698.3755,2026-09-07 16:34:58.375,19,e5,1,0,-0.04624,-0.50862,0.03981,-6.5115,12.9222,-19.2933,-0.1189,-0.0691,-0.7916,3.93069,24.0,23.0,23.0,22.0,24.0,23.0,28.0,23.0,25.0,29.0,30.0,22.0,27.0,31.0,36.0,22.0,32.0,47.0,24.0,21.0,21.0,22.0,20.0,20.0,21.0,22.0,21.0,21.0,22.0,22.0,20.0,21.0,22.0,22.0,21.0,22.0,23.0,21.0,10.0,hold,1,1,9.513
1788791698.4256,2026-09-07 16:34:58.425,19,e5,1,0,-0.04625,-0.50861,0.03983,-6.8354,12.7501,-19.2516,-0.114,-0.0774,-0.7924,3.92969,24.0,23.0,23.0,22.0,24.0,23.0,28.0,23.0,25.0,29.0,30.0,22.0,27.0,31.0,36.0,22.0,32.0,47.0,24.0,21.0,21.0,22.0,20.0,20.0,21.0,22.0,21.0,21.0,22.0,22.0,20.0,21.0,22.0,22.0,21.0,22.0,23.0,21.0,10.0,hold,1,1,9.522
1788791698.4757,2026-09-07 16:34:58.475,19,e5,1,0,-0.04624,-0.50861,0.03981,-6.4549,12.5373,-19.4766,-0.1098,-0.0655,-0.793,3.92541,23.0,22.0,24.0,22.0,23.0,24.0,26.0,20.0,25.0,29.0,31.0,19.0,27.0,33.0,36.0,19.0,33.0,48.0,21.0,21.0,21.0,22.0,20.0,20.0,21.0,22.0,21.0,21.0,22.0,22.0,20.0,21.0,22.0,22.0,21.0,22.0,23.0,21.0,10.0,hold,1,1,9.5601
1788791698.5258,2026-09-07 16:34:58.525,19,e5,1,0,-0.04624,-0.50862,0.03982,-6.168,12.1711,-19.721,-0.1032,-0.0586,-0.7896,3.92188,23.0,22.0,24.0,22.0,23.0,24.0,26.0,20.0,25.0,29.0,31.0,19.0,27.0,33.0,36.0,19.0,33.0,48.0,21.0,21.0,21.0,22.0,20.0,20.0,21.0,22.0,21.0,21.0,22.0,22.0,20.0,21.0,22.0,22.0,21.0,22.0,23.0,21.0,10.0,hold,1,1,9.5914
1788791698.5759,2026-09-07 16:34:58.575,19,e5,1,0,-0.04624,-0.50862,0.03982,-6.2206,12.9043,-19.4885,-0.1177,-0.0609,-0.7937,3.9312,22.0,22.0,24.0,19.0,25.0,25.0,27.0,21.0,24.0,29.0,30.0,19.0,28.0,32.0,38.0,22.0,33.0,49.0,22.0,21.0,21.0,22.0,20.0,20.0,21.0,22.0,21.0,21.0,22.0,22.0,20.0,21.0,22.0,22.0,21.0,22.0,23.0,21.0,10.0,hold,1,1,9.5085
1788791698.626,2026-09-07 16:34:58.625,19,e5,1,0,-0.04624,-0.50862,0.03982,-6.3022,12.4467,-19.4831,-0.1079,-0.0634,-0.789,3.92364,23.0,22.0,24.0,21.0,24.0,24.0,26.0,24.0,24.0,29.0,31.0,22.0,28.0,33.0,38.0,22.0,33.0,49.0,23.0,21.0,21.0,22.0,20.0,20.0,21.0,22.0,21.0,21.0,22.0,22.0,20.0,21.0,22.0,22.0,21.0,22.0,23.0,21.0,10.0,hold,1,1,9.5757
1788791698.676,2026-09-07 16:34:58.676,19,e5,1,0,-0.04625,-0.50861,0.03982,-6.4769,12.6226,-19.3983,-0.1123,-0.067,-0.7932,3.92792,23.0,22.0,24.0,21.0,24.0,24.0,26.0,24.0,24.0,29.0,31.0,22.0,28.0,33.0,38.0,22.0,33.0,49.0,23.0,21.0,21.0,22.0,20.0,20.0,21.0,22.0,21.0,21.0,22.0,22.0,20.0,21.0,22.0,22.0,21.0,22.0,23.0,21.0,10.0,hold,1,1,9.5377
1788791698.7262,2026-09-07 16:34:58.726,19,e5,1,0,-0.04624,-0.50862,0.03983,-6.1428,12.6083,-19.5579,-0.1104,-0.0555,-0.7914,3.92364,21.0,23.0,26.0,22.0,24.0,26.0,28.0,24.0,24.0,29.0,31.0,23.0,26.0,33.0,38.0,24.0,32.0,48.0,25.0,21.0,21.0,22.0,20.0,20.0,21.0,22.0,21.0,21.0,22.0,22.0,20.0,21.0,22.0,22.0,21.0,22.0,23.0,21.0,10.0,hold,1,1,9.5757
1788791698.7763,2026-09-07 16:34:58.776,19,e5,1,0,-0.04622,-0.50861,0.0398,-6.3237,12.5482,-19.2726,-0.1108,-0.0624,-0.7865,3.9249,21.0,23.0,26.0,22.0,24.0,26.0,28.0,24.0,24.0,29.0,31.0,23.0,26.0,33.0,38.0,24.0,32.0,48.0,25.0,21.0,21.0,22.0,20.0,20.0,21.0,22.0,21.0,21.0,22.0,22.0,20.0,21.0,22.0,22.0,21.0,22.0,23.0,21.0,10.0,hold,1,1,9.5645
1788791698.8264,2026-09-07 16:34:58.826,19,e5,1,0,-0.04623,-0.50862,0.03981,-6.6031,12.3549,-19.3156,-0.1043,-0.0704,-0.7927,3.92893,24.0,23.0,26.0,24.0,23.0,26.0,26.0,22.0,24.0,28.0,31.0,21.0,27.0,33.0,37.0,23.0,32.0,48.0,23.0,21.0,21.0,22.0,20.0,20.0,21.0,22.0,21.0,21.0,22.0,22.0,20.0,21.0,22.0,22.0,21.0,22.0,23.0,21.0,10.0,hold,1,1,9.5287
1788791698.8765,2026-09-07 16:34:58.876,19,e5,1,0,-0.04623,-0.50862,0.03981,-6.5645,12.6084,-19.319,-0.1131,-0.0694,-0.7911,3.92591,23.0,23.0,25.0,21.0,24.0,26.0,26.0,21.0,27.0,28.0,29.0,21.0,29.0,32.0,36.0,21.0,32.0,48.0,22.0,21.0,21.0,22.0,20.0,20.0,21.0,22.0,21.0,21.0,22.0,22.0,20.0,21.0,22.0,22.0,21.0,22.0,23.0,21.0,10.0,hold,1,1,9.5556
1788791698.9266,2026-09-07 16:34:58.926,19,e5,1,0,-0.04626,-0.50861,0.03981,-6.2566,12.547,-19.6067,-0.1112,-0.0587,-0.7879,3.92566,23.0,23.0,25.0,21.0,24.0,26.0,26.0,21.0,27.0,28.0,29.0,21.0,29.0,32.0,36.0,21.0,32.0,48.0,22.0,21.0,21.0,22.0,20.0,20.0,21.0,22.0,21.0,21.0,22.0,22.0,20.0,21.0,22.0,22.0,21.0,22.0,23.0,21.0,10.0,hold,1,1,9.5578
1788791698.9767,2026-09-07 16:34:58.976,19,e5,1,0,-0.04625,-0.50861,0.03982,-6.5061,12.2991,-19.5276,-0.1043,-0.0665,-0.7928,3.92918,23.0,23.0,25.0,21.0,25.0,25.0,25.0,23.0,25.0,28.0,30.0,22.0,27.0,31.0,37.0,23.0,32.0,49.0,22.0,21.0,21.0,22.0,20.0,20.0,21.0,22.0,21.0,21.0,22.0,22.0,20.0,21.0,22.0,22.0,21.0,22.0,23.0,21.0,10.0,hold,1,1,9.5265
1788791699.0268,2026-09-07 16:34:59.026,19,e5,1,0,-0.04623,-0.50861,0.03981,-6.4365,12.5774,-19.4391,-0.1119,-0.0654,-0.8007,3.92062,23.0,23.0,25.0,21.0,25.0,25.0,25.0,23.0,25.0,28.0,30.0,22.0,27.0,31.0,37.0,23.0,32.0,49.0,22.0,21.0,21.0,22.0,20.0,20.0,21.0,22.0,21.0,21.0,22.0,22.0,20.0,21.0,22.0,22.0,21.0,22.0,23.0,21.0,10.0,hold,1,1,9.6026
1788791699.0769,2026-09-07 16:34:59.076,19,e5,1,0,-0.04624,-0.50862,0.03982,-6.8332,12.9371,-19.2766,-0.1212,-0.0755,-0.7913,3.92566,23.0,23.0,24.0,21.0,24.0,24.0,25.0,21.0,23.0,26.0,30.0,21.0,26.0,30.0,37.0,20.0,32.0,48.0,23.0,21.0,21.0,22.0,20.0,20.0,21.0,22.0,21.0,21.0,22.0,22.0,20.0,21.0,22.0,22.0,21.0,22.0,23.0,21.0,10.0,hold,1,1,9.5578
1788791699.127,2026-09-07 16:34:59.127,19,e5,1,0,-0.04624,-0.50861,0.03982,-6.6991,12.8429,-19.1364,-0.1185,-0.0724,-0.7908,3.92994,22.0,22.0,25.0,20.0,22.0,24.0,26.0,21.0,25.0,28.0,30.0,21.0,28.0,31.0,37.0,21.0,31.0,48.0,22.0,21.0,21.0,22.0,20.0,20.0,21.0,22.0,21.0,21.0,22.0,22.0,20.0,21.0,22.0,22.0,21.0,22.0,23.0,21.0,10.0,hold,1,1,9.5197
1788791699.1772,2026-09-07 16:34:59.177,19,e5,1,0,-0.04623,-0.50862,0.03982,-6.8909,12.6745,-19.2976,-0.1144,-0.0785,-0.7955,3.92591,22.0,22.0,25.0,20.0,22.0,24.0,26.0,21.0,25.0,28.0,30.0,21.0,28.0,31.0,37.0,21.0,31.0,48.0,22.0,21.0,21.0,22.0,20.0,20.0,21.0,22.0,21.0,21.0,22.0,22.0,20.0,21.0,22.0,22.0,21.0,22.0,23.0,21.0,10.0,hold,1,1,9.5556
1788791699.2273,2026-09-07 16:34:59.227,19,e5,1,0,-0.04623,-0.50861,0.03981,-7.0048,12.8802,-19.2583,-0.116,-0.0789,-0.7934,3.9317,23.0,24.0,24.0,21.0,24.0,24.0,26.0,22.0,24.0,28.0,30.0,21.0,27.0,31.0,37.0,20.0,31.0,48.0,21.0,21.0,21.0,22.0,20.0,20.0,21.0,22.0,21.0,21.0,22.0,22.0,20.0,21.0,22.0,22.0,21.0,22.0,23.0,21.0,10.0,hold,1,1,9.5041
1788791699.2773,2026-09-07 16:34:59.277,19,e5,1,0,-0.04623,-0.50861,0.0398,-6.5023,12.7023,-19.4428,-0.1124,-0.0673,-0.7917,3.92616,23.0,24.0,24.0,21.0,24.0,24.0,26.0,22.0,24.0,28.0,30.0,21.0,27.0,31.0,37.0,20.0,31.0,48.0,21.0,21.0,21.0,22.0,20.0,20.0,21.0,22.0,21.0,21.0,22.0,22.0,20.0,21.0,22.0,22.0,21.0,22.0,23.0,21.0,10.0,hold,1,1,9.5533
1788791699.3275,2026-09-07 16:34:59.327,19,e5,1,0,-0.04624,-0.50862,0.03982,-6.5282,12.662,-19.5539,-0.1125,-0.0683,-0.7979,3.92515,21.0,22.0,25.0,21.0,22.0,24.0,26.0,23.0,23.0,26.0,31.0,23.0,27.0,30.0,37.0,22.0,31.0,49.0,22.0,21.0,21.0,22.0,20.0,20.0,21.0,22.0,21.0,21.0,22.0,22.0,20.0,21.0,22.0,22.0,21.0,22.0,23.0,21.0,10.0,hold,1,1,9.5623
1788791699.3776,2026-09-07 16:34:59.377,19,e5,1,0,-0.04624,-0.50862,0.03982,-6.6241,12.7518,-19.4305,-0.1166,-0.0705,-0.7985,3.93472,21.0,22.0,25.0,21.0,22.0,24.0,26.0,23.0,23.0,26.0,31.0,23.0,27.0,30.0,37.0,22.0,31.0,49.0,22.0,21.0,21.0,22.0,20.0,20.0,21.0,22.0,21.0,21.0,22.0,22.0,20.0,21.0,22.0,22.0,21.0,22.0,23.0,21.0,10.0,hold,1,1,9.4772
1788791699.4277,2026-09-07 16:34:59.427,19,e5,1,0,-0.04625,-0.50862,0.03983,-6.1919,12.1251,-19.2488,-0.0969,-0.0611,-0.7913,3.92994,24.0,22.0,24.0,24.0,22.0,24.0,26.0,23.0,24.0,28.0,31.0,21.0,26.0,32.0,37.0,22.0,32.0,47.0,22.0,21.0,21.0,22.0,20.0,20.0,21.0,22.0,21.0,21.0,22.0,22.0,20.0,21.0,22.0,22.0,21.0,22.0,23.0,21.0,10.0,hold,1,1,9.5197
1788791699.4778,2026-09-07 16:34:59.477,19,e5,1,0,-0.04624,-0.50861,0.03981,-6.3578,12.5146,-19.4502,-0.1098,-0.0614,-0.7929,3.92566,22.0,22.0,25.0,20.0,24.0,24.0,25.0,21.0,24.0,28.0,30.0,20.0,26.0,33.0,37.0,20.0,32.0,48.0,20.0,21.0,21.0,22.0,20.0,20.0,21.0,22.0,21.0,21.0,22.0,22.0,20.0,21.0,22.0,22.0,21.0,22.0,23.0,21.0,10.0,hold,1,1,9.5578
1788791699.5279,2026-09-07 16:34:59.527,19,e5,1,0,-0.04623,-0.50862,0.03982,-6.5895,12.2308,-19.3234,-0.1012,-0.0676,-0.7929,3.92994,22.0,22.0,25.0,20.0,24.0,24.0,25.0,21.0,24.0,28.0,30.0,20.0,26.0,33.0,37.0,20.0,32.0,48.0,20.0,21.0,21.0,22.0,20.0,20.0,21.0,22.0,21.0,21.0,22.0,22.0,20.0,21.0,22.0,22.0,21.0,22.0,23.0,21.0,10.0,hold,1,1,9.5197
1788791699.578,2026-09-07 16:34:59.577,19,e5,1,0,-0.04624,-0.50862,0.03982,-7.1016,13.0209,-19.0901,-0.1224,-0.0821,-0.8007,3.92188,23.0,22.0,24.0,20.0,23.0,24.0,26.0,22.0,25.0,28.0,32.0,21.0,28.0,32.0,38.0,22.0,34.0,50.0,23.0,21.0,21.0,22.0,20.0,20.0,21.0,22.0,21.0,21.0,22.0,22.0,20.0,21.0,22.0,22.0,21.0,22.0,23.0,21.0,10.0,hold,1,1,9.5914
1788791699.6281,2026-09-07 16:34:59.628,19,e5,1,0,-0.04624,-0.50863,0.03984,-6.5612,12.3759,-19.1324,-0.1041,-0.0697,-0.7918,3.9244,23.0,22.0,24.0,20.0,23.0,24.0,26.0,22.0,25.0,28.0,32.0,21.0,28.0,32.0,38.0,22.0,34.0,50.0,23.0,21.0,21.0,22.0,20.0,20.0,21.0,22.0,21.0,21.0,22.0,22.0,20.0,21.0,22.0,22.0,21.0,22.0,23.0,21.0,10.0,hold,1,1,9.569
1788791699.6782,2026-09-07 16:34:59.678,19,e5,1,0,-0.04624,-0.50861,0.03983,-6.5929,12.5276,-19.4206,-0.1097,-0.0699,-0.7947,3.93497,22.0,22.0,26.0,22.0,22.0,25.0,27.0,22.0,25.0,30.0,32.0,21.0,29.0,32.0,38.0,23.0,32.0,49.0,23.0,21.0,21.0,22.0,20.0,20.0,21.0,22.0,21.0,21.0,22.0,22.0,20.0,21.0,22.0,22.0,21.0,22.0,23.0,21.0,10.0,hold,1,1,9.4749
1788791699.7284,2026-09-07 16:34:59.728,19,e5,1,0,-0.04625,-0.50862,0.03983,-6.6096,12.4563,-19.5399,-0.1097,-0.0694,-0.7898,3.92918,24.0,24.0,26.0,22.0,25.0,26.0,27.0,21.0,24.0,28.0,30.0,20.0,28.0,32.0,38.0,20.0,32.0,48.0,19.0,21.0,21.0,22.0,20.0,20.0,21.0,22.0,21.0,21.0,22.0,22.0,20.0,21.0,22.0,22.0,21.0,22.0,23.0,21.0,10.0,hold,1,1,9.5265
1788791699.7785,2026-09-07 16:34:59.778,19,e5,1,0,-0.04625,-0.50862,0.03982,-6.5195,12.6844,-19.4633,-0.1149,-0.0666,-0.7914,3.92515,24.0,24.0,26.0,22.0,25.0,26.0,27.0,21.0,24.0,28.0,30.0,20.0,28.0,32.0,38.0,20.0,32.0,48.0,19.0,21.0,21.0,22.0,20.0,20.0,21.0,22.0,21.0,21.0,22.0,22.0,20.0,21.0,22.0,22.0,21.0,22.0,23.0,21.0,10.0,hold,1,1,9.5623
1788791699.8286,2026-09-07 16:34:59.828,19,e5,1,0,-0.04624,-0.50863,0.03982,-6.892,12.71,-19.2664,-0.1138,-0.0751,-0.7916,3.93321,22.0,22.0,25.0,21.0,24.0,23.0,25.0,20.0,25.0,28.0,30.0,20.0,27.0,32.0,37.0,20.0,32.0,48.0,20.0,21.0,21.0,22.0,20.0,20.0,21.0,22.0,21.0,21.0,22.0,22.0,20.0,21.0,22.0,22.0,21.0,22.0,23.0,21.0,10.0,hold,1,1,9.4906
1788791699.8787,2026-09-07 16:34:59.878,19,e5,1,0,-0.04624,-0.50863,0.03983,-6.6358,12.2841,-19.2964,-0.102,-0.0705,-0.7908,3.93044,22.0,22.0,25.0,21.0,24.0,23.0,25.0,20.0,25.0,28.0,30.0,20.0,27.0,32.0,37.0,20.0,32.0,48.0,20.0,21.0,21.0,22.0,20.0,20.0,21.0,22.0,21.0,21.0,22.0,22.0,20.0,21.0,22.0,22.0,21.0,22.0,23.0,21.0,10.0,hold,1,1,9.5153
1788791699.9288,2026-09-07 16:34:59.928,19,e5,1,0,-0.04625,-0.50862,0.03982,-6.9291,12.8845,-19.2755,-0.1184,-0.079,-0.7919,3.92792,21.0,23.0,26.0,21.0,23.0,25.0,26.0,23.0,24.0,27.0,31.0,22.0,28.0,30.0,38.0,22.0,32.0,48.0,22.0,21.0,21.0,22.0,20.0,20.0,21.0,22.0,21.0,21.0,22.0,22.0,20.0,21.0,22.0,22.0,21.0,22.0,23.0,21.0,10.0,hold,1,1,9.5377
1788791699.9789,2026-09-07 16:34:59.978,19,e5,1,0,-0.04623,-0.50862,0.03982,-6.7777,12.8369,-19.3733,-0.1156,-0.0759,-0.788,3.92792,23.0,23.0,24.0,21.0,23.0,23.0,25.0,20.0,23.0,29.0,30.0,19.0,27.0,32.0,37.0,20.0,34.0,49.0,22.0,21.0,21.0,22.0,20.0,20.0,21.0,22.0,21.0,21.0,22.0,22.0,20.0,21.0,22.0,22.0,21.0,22.0,23.0,21.0,10.0,hold,1,1,9.5377
1788791700.029,2026-09-07 16:35:00.029,19,e5,0,0,-0.04624,-0.50861,0.03982,-6.4719,12.5368,-19.328,-0.1087,-0.0667,-0.7904,3.92666,23.0,23.0,24.0,21.0,23.0,23.0,25.0,20.0,23.0,29.0,30.0,19.0,27.0,32.0,37.0,20.0,34.0,49.0,22.0,21.0,21.0,22.0,20.0,20.0,21.0,22.0,21.0,21.0,22.0,22.0,20.0,21.0,22.0,22.0,21.0,22.0,23.0,21.0,10.0,retract,1,1,9.5489
1788791700.0791,2026-09-07 16:35:00.079,19,e5,0,0,-0.04624,-0.50862,0.03982,-6.6328,12.377,-19.3461,-0.1059,-0.0694,-0.7856,3.94907,22.0,24.0,26.0,21.0,23.0,26.0,26.0,22.0,23.0,28.0,32.0,22.0,27.0,33.0,37.0,22.0,33.0,48.0,22.0,21.0,21.0,22.0,20.0,20.0,21.0,22.0,21.0,21.0,22.0,22.0,20.0,21.0,22.0,22.0,21.0,22.0,23.0,21.0,10.0,retract,1,1,9.3495
1788791700.1292,2026-09-07 16:35:00.129,19,e5,0,0,-0.04623,-0.50861,0.03987,-6.4456,12.5934,-19.5375,-0.109,-0.065,-0.7863,3.96393,22.0,24.0,26.0,21.0,23.0,26.0,26.0,22.0,23.0,28.0,32.0,22.0,27.0,33.0,37.0,22.0,33.0,48.0,22.0,21.0,21.0,22.0,20.0,20.0,21.0,22.0,21.0,21.0,22.0,22.0,20.0,21.0,22.0,22.0,21.0,22.0,23.0,21.0,10.0,retract,1,1,9.2174
1788791700.1793,2026-09-07 16:35:00.179,19,e5,0,0,-0.04624,-0.50861,0.03995,-6.8028,12.7371,-19.7308,-0.1151,-0.0741,-0.7955,4.01781,23.0,22.0,25.0,22.0,23.0,24.0,27.0,22.0,23.0,28.0,30.0,21.0,25.0,31.0,37.0,22.0,32.0,47.0,22.0,21.0,21.0,22.0,20.0,20.0,21.0,22.0,21.0,21.0,22.0,22.0,20.0,21.0,22.0,22.0,21.0,22.0,23.0,21.0,10.0,retract,1,1,8.738
1788791700.2294,2026-09-07 16:35:00.229,19,e5,0,0,-0.04624,-0.5086,0.04006,-6.6133,12.7195,-19.8271,-0.1128,-0.0667,-0.7866,4.08377,23.0,22.0,25.0,22.0,22.0,24.0,25.0,23.0,23.0,27.0,31.0,22.0,26.0,32.0,38.0,22.0,32.0,50.0,22.0,21.0,21.0,22.0,20.0,20.0,21.0,22.0,21.0,21.0,22.0,22.0,20.0,21.0,22.0,22.0,21.0,22.0,23.0,21.0,10.0,retract,1,1,8.1512
1788791700.2795,2026-09-07 16:35:00.279,19,e5,0,0,-0.04624,-0.5086,0.04024,-6.6031,12.5606,-20.2079,-0.1154,-0.0678,-0.7931,4.15553,23.0,22.0,25.0,22.0,22.0,24.0,25.0,23.0,23.0,27.0,31.0,22.0,26.0,32.0,38.0,22.0,32.0,50.0,22.0,21.0,21.0,22.0,20.0,20.0,21.0,22.0,21.0,21.0,22.0,22.0,20.0,21.0,22.0,22.0,21.0,22.0,23.0,21.0,10.0,retract,1,1,7.5128
1788791700.3296,2026-09-07 16:35:00.329,19,e5,0,0,-0.04623,-0.50859,0.04045,-6.1964,12.7487,-20.5254,-0.1174,-0.0564,-0.7925,4.26303,23.0,22.0,24.0,22.0,23.0,24.0,27.0,22.0,25.0,27.0,30.0,23.0,27.0,31.0,37.0,22.0,32.0,47.0,22.0,21.0,21.0,22.0,20.0,20.0,21.0,22.0,21.0,21.0,22.0,22.0,20.0,21.0,22.0,22.0,21.0,22.0,23.0,21.0,10.0,retract,1,1,6.5564
1788791700.3797,2026-09-07 16:35:00.379,19,e5,0,0,-0.04625,-0.50861,0.0407,-6.525,12.7481,-21.0447,-0.1191,-0.0687,-0.7856,4.35594,23.0,22.0,24.0,22.0,23.0,24.0,27.0,22.0,25.0,27.0,30.0,23.0,27.0,31.0,37.0,22.0,32.0,47.0,22.0,21.0,21.0,22.0,20.0,20.0,21.0,22.0,21.0,21.0,22.0,22.0,20.0,21.0,22.0,22.0,21.0,22.0,23.0,21.0,10.0,retract,1,1,5.7298
1788791700.4298,2026-09-07 16:35:00.429,19,e5,0,0,-0.04622,-0.50859,0.04092,-6.5091,12.6788,-21.2784,-0.1205,-0.0632,-0.7905,4.44935,22.0,23.0,24.0,21.0,23.0,23.0,25.0,23.0,24.0,28.0,31.0,22.0,26.0,31.0,37.0,22.0,32.0,46.0,23.0,21.0,21.0,22.0,20.0,20.0,21.0,22.0,21.0,21.0,22.0,22.0,20.0,21.0,22.0,22.0,21.0,22.0,23.0,21.0,10.0,retract,1,1,4.8988
1788791700.4799,2026-09-07 16:35:00.479,19,e5,0,0,-0.04622,-0.50857,0.04118,-6.2675,12.1607,-21.7901,-0.1094,-0.0589,-0.7875,4.52589,22.0,23.0,24.0,21.0,23.0,23.0,25.0,23.0,24.0,28.0,31.0,22.0,26.0,31.0,37.0,22.0,32.0,46.0,23.0,21.0,21.0,22.0,20.0,20.0,21.0,22.0,21.0,21.0,22.0,22.0,20.0,21.0,22.0,22.0,21.0,22.0,23.0,21.0,10.0,retract,1,1,4.2179
1788791700.53,2026-09-07 16:35:00.530,19,e5,0,0,-0.04621,-0.50859,0.04153,-6.6087,12.4986,-22.0613,-0.1161,-0.0709,-0.7894,4.60016,25.0,24.0,25.0,21.0,23.0,24.0,27.0,22.0,25.0,28.0,29.0,21.0,28.0,32.0,37.0,21.0,32.0,45.0,21.0,21.0,21.0,22.0,20.0,20.0,21.0,22.0,21.0,21.0,22.0,22.0,20.0,21.0,22.0,22.0,21.0,22.0,23.0,21.0,10.0,retract,1,1,3.5572
1788791700.5801,2026-09-07 16:35:00.580,19,e5,0,0,-0.04623,-0.50857,0.04186,-6.5854,12.6919,-22.1116,-0.1223,-0.0671,-0.7872,4.65756,22.0,24.0,25.0,22.0,25.0,25.0,26.0,22.0,24.0,27.0,30.0,22.0,26.0,29.0,38.0,22.0,31.0,43.0,21.0,21.0,21.0,22.0,20.0,20.0,21.0,22.0,21.0,21.0,22.0,22.0,20.0,21.0,22.0,22.0,21.0,22.0,23.0,21.0,10.0,retract,1,1,3.0465
1788791700.6303,2026-09-07 16:35:00.630,19,e5,0,0,-0.04622,-0.50855,0.04215,-6.5012,12.6081,-22.2091,-0.1177,-0.0658,-0.7883,4.67343,22.0,24.0,25.0,22.0,25.0,25.0,26.0,22.0,24.0,27.0,30.0,22.0,26.0,29.0,38.0,22.0,31.0,43.0,21.0,21.0,21.0,22.0,20.0,20.0,21.0,22.0,21.0,21.0,22.0,22.0,20.0,21.0,22.0,22.0,21.0,22.0,23.0,21.0,10.0,retract,1,1,2.9053
1788791700.6804,2026-09-07 16:35:00.680,19,e5,0,0,-0.04623,-0.50856,0.04247,-6.9425,12.4366,-22.2316,-0.1178,-0.0774,-0.7975,4.68727,23.0,23.0,24.0,22.0,24.0,24.0,26.0,23.0,26.0,27.0,27.0,23.0,29.0,29.0,36.0,22.0,29.0,40.0,24.0,21.0,21.0,22.0,20.0,20.0,21.0,22.0,21.0,21.0,22.0,22.0,20.0,21.0,22.0,22.0,21.0,22.0,23.0,21.0,10.0,retract,1,1,2.7821
1788791700.7305,2026-09-07 16:35:00.730,19,e5,0,0,-0.04624,-0.5086,0.04284,-6.5767,12.394,-22.3191,-0.1172,-0.0726,-0.7867,4.70087,23.0,23.0,24.0,22.0,24.0,24.0,26.0,23.0,26.0,27.0,27.0,23.0,29.0,29.0,36.0,22.0,29.0,40.0,24.0,21.0,21.0,22.0,20.0,20.0,21.0,22.0,21.0,21.0,22.0,22.0,20.0,21.0,22.0,22.0,21.0,22.0,23.0,21.0,10.0,retract,1,1,2.6612
1788791700.7806,2026-09-07 16:35:00.780,19,e5,0,0,-0.04625,-0.50859,0.04318,-6.3706,12.2899,-22.3647,-0.1174,-0.0687,-0.7846,4.69835,23.0,24.0,24.0,22.0,24.0,23.0,25.0,22.0,24.0,26.0,27.0,21.0,25.0,28.0,35.0,23.0,29.0,36.0,22.0,21.0,21.0,22.0,20.0,20.0,21.0,22.0,21.0,21.0,22.0,22.0,20.0,21.0,22.0,22.0,21.0,22.0,23.0,21.0,10.0,retract,1,1,2.6836
1788791700.8307,2026-09-07 16:35:00.830,19,e5,0,0,-0.04625,-0.50858,0.04352,-6.1269,12.0784,-22.4693,-0.12,-0.0625,-0.7881,4.70087,23.0,23.0,24.0,22.0,23.0,23.0,24.0,22.0,23.0,26.0,25.0,21.0,25.0,27.0,32.0,22.0,27.0,35.0,22.0,21.0,21.0,22.0,20.0,20.0,21.0,22.0,21.0,21.0,22.0,22.0,20.0,21.0,22.0,22.0,21.0,22.0,23.0,21.0,10.0,retract,1,1,2.6612
1788791700.8808,2026-09-07 16:35:00.880,19,e5,0,0,-0.04624,-0.50858,0.04385,-6.6582,12.4267,-22.2547,-0.1276,-0.0758,-0.7915,4.70188,23.0,23.0,24.0,22.0,23.0,23.0,24.0,22.0,23.0,26.0,25.0,21.0,25.0,27.0,32.0,22.0,27.0,35.0,22.0,21.0,21.0,22.0,20.0,20.0,21.0,22.0,21.0,21.0,22.0,22.0,20.0,21.0,22.0,22.0,21.0,22.0,23.0,21.0,10.0,retract,1,1,2.6522
1788791700.9309,2026-09-07 16:35:00.930,19,e5,0,0,-0.04622,-0.50858,0.04419,-6.6277,12.854,-22.1328,-0.1415,-0.0783,-0.7982,4.69332,23.0,23.0,23.0,22.0,23.0,23.0,22.0,20.0,24.0,25.0,25.0,19.0,27.0,26.0,31.0,18.0,27.0,32.0,19.0,21.0,21.0,22.0,20.0,20.0,21.0,22.0,21.0,21.0,22.0,22.0,20.0,21.0,22.0,22.0,21.0,22.0,23.0,21.0,10.0,retract,1,1,2.7284
1788791700.981,2026-09-07 16:35:00.980,19,e5,0,0,-0.04624,-0.50859,0.0445,-6.5258,12.4957,-22.3806,-0.1332,-0.0746,-0.7936,4.6981,23.0,23.0,23.0,22.0,23.0,23.0,22.0,20.0,24.0,25.0,25.0,19.0,27.0,26.0,31.0,18.0,27.0,32.0,19.0,21.0,21.0,22.0,20.0,20.0,21.0,22.0,21.0,21.0,22.0,22.0,20.0,21.0,22.0,22.0,21.0,22.0,23.0,21.0,10.0,retract,1,1,2.6858
1788791701.031,2026-09-07 16:35:01.031,19,e5,0,0,-0.04622,-0.5086,0.04487,-6.45,12.1871,-22.2159,-0.1261,-0.0739,-0.7916,4.69382,21.0,22.0,23.0,20.0,23.0,22.0,22.0,21.0,24.0,26.0,24.0,20.0,25.0,27.0,30.0,21.0,27.0,31.0,23.0,21.0,21.0,22.0,20.0,20.0,21.0,22.0,21.0,21.0,22.0,22.0,20.0,21.0,22.0,22.0,21.0,22.0,23.0,21.0,10.0,retract,1,1,2.7239
1788791701.0812,2026-09-07 16:35:01.081,19,e5,0,0,-0.04622,-0.5086,0.04521,-6.3904,12.3897,-22.3509,-0.1294,-0.0683,-0.7917,4.69986,23.0,23.0,23.0,22.0,23.0,23.0,21.0,21.0,24.0,26.0,24.0,21.0,25.0,27.0,30.0,20.0,28.0,30.0,21.0,21.0,21.0,22.0,20.0,20.0,21.0,22.0,21.0,21.0,22.0,22.0,20.0,21.0,22.0,22.0,21.0,22.0,23.0,21.0,10.0,retract,1,1,2.6701
1788791701.1313,2026-09-07 16:35:01.131,19,e5,0,0,-0.04622,-0.5086,0.04555,-6.7713,12.6069,-22.2413,-0.1352,-0.0783,-0.793,4.69281,23.0,23.0,23.0,22.0,23.0,23.0,21.0,21.0,24.0,26.0,24.0,21.0,25.0,27.0,30.0,20.0,28.0,30.0,21.0,21.0,21.0,22.0,20.0,20.0,21.0,22.0,21.0,21.0,22.0,22.0,20.0,21.0,22.0,22.0,21.0,22.0,23.0,21.0,10.0,retract,1,1,2.7329
1788791701.1813,2026-09-07 16:35:01.181,19,e5,0,0,-0.04624,-0.5086,0.0459,-6.1062,12.0904,-22.4208,-0.1202,-0.0656,-0.7927,4.69181,22.0,21.0,24.0,21.0,20.0,24.0,23.0,22.0,23.0,25.0,23.0,21.0,25.0,28.0,29.0,22.0,27.0,29.0,23.0,21.0,21.0,22.0,20.0,20.0,21.0,22.0,21.0,21.0,22.0,22.0,20.0,21.0,22.0,22.0,21.0,22.0,23.0,21.0,10.0,retract,1,1,2.7418
1788791701.2314,2026-09-07 16:35:01.231,19,e5,0,0,-0.04625,-0.50859,0.0462,-6.8939,12.4649,-22.3813,-0.1321,-0.0829,-0.7957,4.68803,22.0,21.0,24.0,21.0,20.0,24.0,23.0,22.0,23.0,25.0,23.0,21.0,25.0,28.0,29.0,22.0,27.0,29.0,23.0,21.0,21.0,22.0,20.0,20.0,21.0,22.0,21.0,21.0,22.0,22.0,20.0,21.0,22.0,22.0,21.0,22.0,23.0,21.0,10.0,retract,1,1,2.7754
1788791701.2815,2026-09-07 16:35:01.281,19,e5,0,0,-0.04623,-0.5086,0.04655,-6.5151,12.1677,-22.4303,-0.1247,-0.0746,-0.792,4.69609,23.0,22.0,25.0,22.0,22.0,24.0,21.0,22.0,23.0,26.0,21.0,22.0,24.0,27.0,27.0,20.0,27.0,27.0,22.0,21.0,21.0,22.0,20.0,20.0,21.0,22.0,21.0,21.0,22.0,22.0,20.0,21.0,22.0,22.0,21.0,22.0,23.0,21.0,10.0,retract,1,1,2.7037
1788791701.3315,2026-09-07 16:35:01.331,19,e5,0,0,-0.04622,-0.5086,0.04686,-6.1513,12.0422,-22.5543,-0.1201,-0.0634,-0.7863,4.6976,24.0,22.0,24.0,22.0,22.0,24.0,20.0,22.0,23.0,26.0,22.0,21.0,25.0,26.0,27.0,22.0,26.0,26.0,22.0,21.0,21.0,22.0,20.0,20.0,21.0,22.0,21.0,21.0,22.0,22.0,20.0,21.0,22.0,22.0,21.0,22.0,23.0,21.0,10.0,retract,1,1,2.6903
1788791701.3816,2026-09-07 16:35:01.381,19,e5,0,0,-0.04622,-0.50861,0.04722,-6.458,12.2439,-22.5277,-0.1233,-0.0721,-0.7858,4.7059,24.0,22.0,24.0,22.0,22.0,24.0,20.0,22.0,23.0,26.0,22.0,21.0,25.0,26.0,27.0,22.0,26.0,26.0,22.0,21.0,21.0,22.0,20.0,20.0,21.0,22.0,21.0,21.0,22.0,22.0,20.0,21.0,22.0,22.0,21.0,22.0,23.0,21.0,10.0,retract,1,1,2.6164
1788791701.4316,2026-09-07 16:35:01.431,19,e5,0,0,-0.04622,-0.5086,0.04752,-6.534,12.1187,-22.3963,-0.1249,-0.0748,-0.7929,4.69458,24.0,23.0,24.0,22.0,22.0,23.0,22.0,22.0,24.0,25.0,23.0,21.0,26.0,25.0,25.0,21.0,25.0,25.0,22.0,21.0,21.0,22.0,20.0,20.0,21.0,22.0,21.0,21.0,22.0,22.0,20.0,21.0,22.0,22.0,21.0,22.0,23.0,21.0,10.0,retract,1,1,2.7172
1788791701.4818,2026-09-07 16:35:01.481,19,e5,0,0,-0.04622,-0.50859,0.04785,-6.6695,12.6939,-22.0932,-0.1318,-0.0752,-0.7881,4.68979,24.0,23.0,24.0,22.0,22.0,23.0,22.0,22.0,24.0,25.0,23.0,21.0,26.0,25.0,25.0,21.0,25.0,25.0,22.0,21.0,21.0,22.0,20.0,20.0,21.0,22.0,21.0,21.0,22.0,22.0,20.0,21.0,22.0,22.0,21.0,22.0,23.0,21.0,10.0,retract,1,1,2.7597
1788791701.5319,2026-09-07 16:35:01.531,19,e5,0,0,-0.04623,-0.50859,0.04818,-6.6211,12.1605,-22.3557,-0.1219,-0.0763,-0.7922,4.69835,22.0,23.0,22.0,22.0,23.0,23.0,22.0,25.0,22.0,26.0,22.0,24.0,25.0,26.0,27.0,23.0,26.0,26.0,24.0,21.0,21.0,22.0,20.0,20.0,21.0,22.0,21.0,21.0,22.0,22.0,20.0,21.0,22.0,22.0,21.0,22.0,23.0,21.0,10.0,retract,1,1,2.6836
1788791701.582,2026-09-07 16:35:01.582,19,e5,0,0,-0.04622,-0.50859,0.04851,-6.7025,12.3561,-22.2877,-0.1268,-0.0758,-0.7886,4.69684,22.0,23.0,22.0,22.0,23.0,23.0,22.0,25.0,22.0,26.0,22.0,24.0,25.0,26.0,27.0,23.0,26.0,26.0,24.0,21.0,21.0,22.0,20.0,20.0,21.0,22.0,21.0,21.0,22.0,22.0,20.0,21.0,22.0,22.0,21.0,22.0,23.0,21.0,10.0,retract,1,1,2.697
1788791701.6321,2026-09-07 16:35:01.632,19,e5,0,0,-0.04623,-0.50859,0.04878,-6.637,12.967,-22.1507,-0.1416,-0.0775,-0.7928,4.70339,25.0,21.0,23.0,24.0,21.0,23.0,21.0,21.0,22.0,25.0,21.0,21.0,24.0,25.0,26.0,21.0,26.0,26.0,21.0,21.0,21.0,22.0,20.0,20.0,21.0,22.0,21.0,21.0,22.0,22.0,20.0,21.0,22.0,22.0,21.0,22.0,23.0,21.0,10.0,retract,1,1,2.6388
1788791701.6823,2026-09-07 16:35:01.682,19,e5,0,0,-0.04621,-0.5086,0.04902,-6.58,12.3712,-22.4328,-0.129,-0.0775,-0.7949,4.69684,22.0,22.0,23.0,22.0,21.0,23.0,22.0,22.0,23.0,25.0,22.0,22.0,24.0,25.0,27.0,22.0,26.0,27.0,22.0,21.0,21.0,22.0,20.0,20.0,21.0,22.0,21.0,21.0,22.0,22.0,20.0,21.0,22.0,22.0,21.0,22.0,23.0,21.0,10.0,retract,1,1,2.697
1788791701.7325,2026-09-07 16:35:01.732,19,e5,0,0,-0.04623,-0.50862,0.04925,-6.4402,12.3706,-22.6528,-0.1317,-0.0712,-0.7906,4.69281,22.0,22.0,23.0,22.0,21.0,23.0,22.0,22.0,23.0,25.0,22.0,22.0,24.0,25.0,27.0,22.0,26.0,27.0,22.0,21.0,21.0,22.0,20.0,20.0,21.0,22.0,21.0,21.0,22.0,22.0,20.0,21.0,22.0,22.0,21.0,22.0,23.0,21.0,10.0,retract,1,1,2.7329
1788791701.7825,2026-09-07 16:35:01.782,19,e5,0,0,-0.04623,-0.50862,0.04939,-6.4817,12.051,-22.4839,-0.1183,-0.0716,-0.7895,4.69256,24.0,21.0,23.0,22.0,22.0,24.0,22.0,23.0,23.0,24.0,24.0,22.0,26.0,23.0,27.0,23.0,25.0,24.0,22.0,21.0,21.0,22.0,20.0,20.0,21.0,22.0,21.0,21.0,22.0,22.0,20.0,21.0,22.0,22.0,21.0,22.0,23.0,21.0,10.0,retract,1,1,2.7351
1788791701.8326,2026-09-07 16:35:01.832,19,e5,0,0,-0.04623,-0.50862,0.04952,-6.68,12.2472,-22.3291,-0.1268,-0.0748,-0.7979,4.69886,24.0,21.0,23.0,22.0,22.0,24.0,22.0,23.0,23.0,24.0,24.0,22.0,26.0,23.0,27.0,23.0,25.0,24.0,22.0,21.0,21.0,22.0,20.0,20.0,21.0,22.0,21.0,21.0,22.0,22.0,20.0,21.0,22.0,22.0,21.0,22.0,23.0,21.0,10.0,retract,1,1,2.6791
1788791701.8827,2026-09-07 16:35:01.882,19,e5,0,0,-0.04623,-0.50859,0.0496,-6.382,11.8305,-22.3467,-0.1202,-0.0695,-0.7842,4.69936,22.0,23.0,22.0,22.0,24.0,21.0,22.0,22.0,21.0,25.0,23.0,22.0,23.0,25.0,27.0,22.0,26.0,25.0,23.0,21.0,21.0,22.0,20.0,20.0,21.0,22.0,21.0,21.0,22.0,22.0,20.0,21.0,22.0,22.0,21.0,22.0,23.0,21.0,10.0,retract,1,1,2.6746
1788791701.9328,2026-09-07 16:35:01.932,19,e5,0,0,-0.04623,-0.50859,0.04968,-6.6234,12.5789,-22.1744,-0.1369,-0.0769,-0.792,4.69407,24.0,21.0,23.0,22.0,21.0,23.0,21.0,22.0,23.0,26.0,22.0,21.0,24.0,25.0,27.0,22.0,26.0,25.0,22.0,21.0,21.0,22.0,20.0,20.0,21.0,22.0,21.0,21.0,22.0,22.0,20.0,21.0,22.0,22.0,21.0,22.0,23.0,21.0,10.0,retract,1,1,2.7217
1788791701.983,2026-09-07 16:35:01.982,19,e5,0,0,-0.04622,-0.50859,0.04973,-6.4569,12.7043,-22.3583,-0.1357,-0.0705,-0.7903,4.69155,24.0,21.0,23.0,22.0,21.0,23.0,21.0,22.0,23.0,26.0,22.0,21.0,24.0,25.0,27.0,22.0,26.0,25.0,22.0,21.0,21.0,22.0,20.0,20.0,21.0,22.0,21.0,21.0,22.0,22.0,20.0,21.0,22.0,22.0,21.0,22.0,23.0,21.0,10.0,retract,1,1,2.7441
