timestamp,datetime,ur5_point,ur5_pressing,ur5_done,tcp_x,tcp_y,tcp_z,fx,fy,fz,tx,ty,tz,ai0,cell_1,cell_2,cell_3,cell_4,cell_5,cell_6,cell_7,cell_8,cell_9,cell_10,cell_11,cell_12,cell_13,cell_14,cell_15,cell_16,cell_17,cell_18,cell_19
1786969644.026,2026-08-17 14:27:24.025,,0,0,0.0,0.0,0.0,0.0,0.0,0.0,0.0,0.0,0.0,0.0,0.0,0.0,0.1826,0.2582,0.0,0.0,0.0,0.1826,0.0,0.0,0.0,0.0,0.1826,0.0,0.1826,0.1826,0.0,0.0,0.1826
1786969644.0763,2026-08-17 14:27:24.076,,0,0,0.0,0.0,0.0,0.0,0.0,0.0,0.0,0.0,0.0,0.0,0.0,0.0,0.0,0.0,0.0,0.0,0.0,0.0,0.0,0.2582,0.1826,0.0,0.0,0.0,0.2582,0.2582,0.0,0.0,0.2582
1786969644.1265,2026-08-17 14:27:24.126,,0,0,0.0,0.0,0.0,0.0,0.0,0.0,0.0,0.0,0.0,0.0,0.0,0.0,0.0,0.0,0.0,0.0,0.0,0.0,0.0,0.2582,0.1826,0.0,0.0,0.0,0.2582,0.2582,0.0,0.0,0.2582
1786969644.1767,2026-08-17 14:27:24.176,,0,0,0.0,0.0,0.0,0.0,0.0,0.0,0.0,0.0,0.0,0.0,0.1826,0.0,0.1826,0.0,0.2582,0.0,0.0,0.0,0.0,0.1826,0.0,0.0,0.0,0.0,0.1826,0.0,0.0,0.0,0.2582
1786969644.227,2026-08-17 14:27:24.227,,0,0,0.0,0.0,0.0,0.0,0.0,0.0,0.0,0.0,0.0,0.0,0.0,0.0,0.1826,0.3162,0.1826,0.1826,0.1826,0.0,0.2582,0.0,0.0,0.2582,0.1826,0.0,0.1826,0.2582,0.2582,0.0,0.1826
1786969644.2773,2026-08-17 14:27:24.277,,0,0,0.0,0.0,0.0,0.0,0.0,0.0,0.0,0.0,0.0,0.0,0.0,0.0,0.1826,0.3162,0.1826,0.1826,0.1826,0.0,0.2582,0.0,0.0,0.2582,0.1826,0.0,0.1826,0.2582,0.2582,0.0,0.1826
1786969644.3277,2026-08-17 14:27:24.327,,0,0,0.0,0.0,0.0,0.0,0.0,0.0,0.0,0.0,0.0,0.0,0.2582,0.1826,0.1826,0.1826,0.0,0.0,0.0,0.1826,0.0,0.0,0.0,0.0,0.0,0.0,0.2582,0.1826,0.1826,0.0,0.1826
1786969644.378,2026-08-17 14:27:24.378,,0,0,0.0,0.0,0.0,0.0,0.0,0.0,0.0,0.0,0.0,0.0,0.2582,0.1826,0.1826,0.1826,0.0,0.0,0.0,0.1826,0.0,0.0,0.0,0.0,0.0,0.0,0.2582,0.1826,0.1826,0.0,0.1826
1786969644.4283,2026-08-17 14:27:24.428,,0,0,0.0,0.0,0.0,0.0,0.0,0.0,0.0,0.0,0.0,0.0,0.0,0.0,0.0,0.0,0.0,0.0,0.0,0.1826,0.0,0.0,0.0,0.0,0.1826,0.0,0.0,0.1826,0.0,0.0,0.0
1786969644.4786,2026-08-17 14:27:24.478,,0,0,0.0,0.0,0.0,0.0,0.0,0.0,0.0,0.0,0.0,0.0,0.0,0.0,0.0,0.0,0.0,0.0,0.0,0.0,0.0,0.0,0.0,0.0,0.0,0.0,0.1826,0.0,0.0,0.1826,0.0
1786969644.5289,2026-08-17 14:27:24.528,,0,0,0.0,0.0,0.0,0.0,0.0,0.0,0.0,0.0,0.0,0.0,0.0,0.0,0.0,0.0,0.0,0.0,0.0,0.0,0.0,0.0,0.0,0.0,0.0,0.0,0.1826,0.0,0.0,0.1826,0.0
1786969644.5792,2026-08-17 14:27:24.579,,0,0,0.0,0.0,0.0,0.0,0.0,0.0,0.0,0.0,0.0,0.0,0.0,0.0,0.0,0.0,0.0,0.0,0.0,0.1826,0.0,0.0,0.0,0.0,0.1826,0.0,0.1826,0.1826,0.0,0.0,0.1826
1786969644.6295,2026-08-17 14:27:24.629,,0,0,0.0,0.0,0.0,0.0,0.0,0.0,0.0,0.0,0.0,0.0,0.0,0.0,0.0,0.0,0.0,0.0,0.0,0.1826,0.0,0.0,0.0,0.0,0.1826,0.0,0.1826,0.1826,0.0,0.0,0.1826
1786969644.6797,2026-08-17 14:27:24.679,,0,0,0.0,0.0,0.0,0.0,0.0,0.0,0.0,0.0,0.0,0.0,0.0,0.0,0.0,0.1826,0.0,0.0,0.0,0.0,0.0,0.0,0.0,0.0,0.0,0.0,0.1826,0.0,0.0,0.0,0.1826
1786969644.7299,2026-08-17 14:27:24.729,,0,0,0.0,0.0,0.0,0.0,0.0,0.0,0.0,0.0,0.0,0.0,0.0,0.0,0.0,0.1826,0.0,0.0,0.0,0.0,0.0,0.0,0.0,0.0,0.0,0.0,0.1826,0.0,0.0,0.0,0.1826
1786969644.7802,2026-08-17 14:27:24.780,,0,0,0.0,0.0,0.0,0.0,0.0,0.0,0.0,0.0,0.0,0.0,0.0,0.0,0.0,0.0,0.0,0.0,0.1826,0.0,0.0,0.0,0.0,0.0,0.0,0.0,0.1826,0.2582,0.0,0.0,0.1826
1786969644.8306,2026-08-17 14:27:24.830,,0,0,0.0,0.0,0.0,0.0,0.0,0.0,0.0,0.0,0.0,0.0,0.0,0.0,0.1826,0.1826,0.0,0.2582,0.0,0.1826,0.0,0.0,0.2582,0.0,0.1826,0.0,0.2582,0.2582,0.0,0.0,0.2582
1786969644.8808,2026-08-17 14:27:24.880,,0,0,0.0,0.0,0.0,0.0,0.0,0.0,0.0,0.0,0.0,0.0,0.0,0.0,0.1826,0.1826,0.0,0.2582,0.0,0.1826,0.0,0.0,0.2582,0.0,0.1826,0.0,0.2582,0.2582,0.0,0.0,0.2582
1786969644.9311,2026-08-17 14:27:24.931,,0,0,0.0,0.0,0.0,0.0,0.0,0.0,0.0,0.0,0.0,0.0,0.1826,0.1826,0.0,0.0,0.1826,0.0,0.0,0.0,0.0,0.0,0.0,0.0,0.1826,0.0,0.2582,0.0,0.0,0.0,0.2582
1786969644.9814,2026-08-17 14:27:24.981,,0,0,0.0,0.0,0.0,0.0,0.0,0.0,0.0,0.0,0.0,0.0,0.1826,0.1826,0.0,0.0,0.1826,0.0,0.0,0.0,0.0,0.0,0.0,0.0,0.1826,0.0,0.2582,0.0,0.0,0.0,0.2582
1786969645.0317,2026-08-17 14:27:25.031,,0,0,0.0,0.0,0.0,0.0,0.0,0.0,0.0,0.0,0.0,0.0,0.1826,0.0,0.1826,0.1826,0.0,0.1826,0.1826,0.0,0.0,0.2582,0.0,0.0,0.0,0.0,0.3162,0.1826,0.0,0.0,0.2582
1786969645.082,2026-08-17 14:27:25.082,,0,0,0.0,0.0,0.0,0.0,0.0,0.0,0.0,0.0,0.0,0.0,0.2582,0.0,0.0,0.1826,0.2582,0.1826,0.0,0.1826,0.0,0.0,0.1826,0.0,0.1826,0.0,0.1826,0.2582,0.0,0.0,0.0
1786969645.1322,2026-08-17 14:27:25.132,,0,0,0.0,0.0,0.0,0.0,0.0,0.0,0.0,0.0,0.0,0.0,0.2582,0.0,0.0,0.1826,0.2582,0.1826,0.0,0.1826,0.0,0.0,0.1826,0.0,0.1826,0.0,0.1826,0.2582,0.0,0.0,0.0
1786969645.1824,2026-08-17 14:27:25.182,,0,0,0.0,0.0,0.0,0.0,0.0,0.0,0.0,0.0,0.0,0.0,0.2582,0.0,0.0,0.0,0.0,0.0,0.0,0.0,0.0,0.2582,0.0,0.0,0.0,0.0,0.3162,0.0,0.0,0.2582,0.2582
1786969645.2325,2026-08-17 14:27:25.232,,0,0,0.0,0.0,0.0,0.0,0.0,0.0,0.0,0.0,0.0,0.0,0.2582,0.0,0.0,0.0,0.0,0.0,0.0,0.0,0.0,0.2582,0.0,0.0,0.0,0.0,0.3162,0.0,0.0,0.2582,0.2582
1786969645.2828,2026-08-17 14:27:25.282,,0,0,0.0,0.0,0.0,0.0,0.0,0.0,0.0,0.0,0.0,0.0,0.2582,0.0,0.0,0.2582,0.2582,0.1826,0.0,0.0,0.1826,0.1826,0.1826,0.0,0.0,0.0,0.1826,0.0,0.0,0.0,0.0
1786969645.3331,2026-08-17 14:27:25.333,,0,0,0.0,0.0,0.0,0.0,0.0,0.0,0.0,0.0,0.0,0.0,0.0,0.0,0.0,0.0,0.0,0.3162,0.0,0.0,0.0,0.0,0.1826,0.0,0.0,0.0,0.1826,0.3162,0.0,0.0,0.1826
1786969645.3835,2026-08-17 14:27:25.383,,0,0,0.0,0.0,0.0,0.0,0.0,0.0,0.0,0.0,0.0,0.0,0.0,0.0,0.0,0.0,0.0,0.3162,0.0,0.0,0.0,0.0,0.1826,0.0,0.0,0.0,0.1826,0.3162,0.0,0.0,0.1826
1786969645.4338,2026-08-17 14:27:25.433,,0,0,0.0,0.0,0.0,0.0,0.0,0.0,0.0,0.0,0.0,0.0,0.1826,0.1826,0.1826,0.0,0.1826,0.0,0.0,0.0,0.0,0.0,0.0,0.0,0.0,0.0,0.2582,0.2582,0.0,0.0,0.2582
1786969645.4841,2026-08-17 14:27:25.484,,0,0,0.0,0.0,0.0,0.0,0.0,0.0,0.0,0.0,0.0,0.0,0.1826,0.1826,0.1826,0.0,0.1826,0.0,0.0,0.0,0.0,0.0,0.0,0.0,0.0,0.0,0.2582,0.2582,0.0,0.0,0.2582
1786969645.5344,2026-08-17 14:27:25.534,,0,0,0.0,0.0,0.0,0.0,0.0,0.0,0.0,0.0,0.0,0.0,0.0,0.0,0.0,0.0,0.0,0.1826,0.0,0.0,0.0,0.1826,0.0,0.0,0.0,0.0,0.2582,0.1826,0.0,0.0,0.3651
1786969645.5848,2026-08-17 14:27:25.584,,0,0,0.0,0.0,0.0,0.0,0.0,0.0,0.0,0.0,0.0,0.0,0.0,0.0,0.0,0.0,0.0,0.1826,0.0,0.0,0.0,0.1826,0.0,0.0,0.0,0.0,0.2582,0.1826,0.0,0.0,0.3651
1786969645.6351,2026-08-17 14:27:25.635,,0,0,0.0,0.0,0.0,0.0,0.0,0.0,0.0,0.0,0.0,0.0,0.0,0.0,0.0,0.1826,0.0,0.0,0.0,0.0,0.0,0.1826,0.0,0.0,0.0,0.0,0.2582,0.0,0.0,0.0,0.3162
1786969645.6854,2026-08-17 14:27:25.685,,0,0,0.0,0.0,0.0,0.0,0.0,0.0,0.0,0.0,0.0,0.0,0.1826,0.0,0.0,0.0,0.2582,0.1826,0.1826,0.0,0.0,0.2582,0.0,0.0,0.0,0.0,0.1826,0.2582,0.0,0.0,0.0
1786969645.7357,2026-08-17 14:27:25.735,,0,0,0.0,0.0,0.0,0.0,0.0,0.0,0.0,0.0,0.0,0.0,0.1826,0.0,0.0,0.0,0.2582,0.1826,0.1826,0.0,0.0,0.2582,0.0,0.0,0.0,0.0,0.1826,0.2582,0.0,0.0,0.0
1786969645.7861,2026-08-17 14:27:25.786,,0,0,0.0,0.0,0.0,0.0,0.0,0.0,0.0,0.0,0.0,0.0,0.0,0.0,0.0,0.1826,0.0,0.1826,0.0,0.0,0.0,0.0,0.1826,0.0,0.0,0.0,0.0,0.2582,0.0,0.0,0.0
1786969645.8364,2026-08-17 14:27:25.836,,0,0,0.0,0.0,0.0,0.0,0.0,0.0,0.0,0.0,0.0,0.0,0.0,0.0,0.0,0.1826,0.0,0.1826,0.0,0.0,0.0,0.0,0.1826,0.0,0.0,0.0,0.0,0.2582,0.0,0.0,0.0
1786969645.8866,2026-08-17 14:27:25.886,,0,0,0.0,0.0,0.0,0.0,0.0,0.0,0.0,0.0,0.0,0.0,0.0,0.0,0.0,0.0,0.0,0.1826,0.0,0.0,0.0,0.1826,0.1826,0.0,0.0,0.0,0.2582,0.2582,0.0,0.0,0.2582
1786969645.937,2026-08-17 14:27:25.936,,0,0,0.0,0.0,0.0,0.0,0.0,0.0,0.0,0.0,0.0,0.0,0.1826,0.1826,0.0,0.2582,0.0,0.0,0.0,0.0,0.1826,0.0,0.0,0.0,0.0,0.0,0.2582,0.2582,0.0,0.0,0.1826
1786969645.9873,2026-08-17 14:27:25.987,,0,0,0.0,0.0,0.0,0.0,0.0,0.0,0.0,0.0,0.0,0.0,0.1826,0.1826,0.0,0.2582,0.0,0.0,0.0,0.0,0.1826,0.0,0.0,0.0,0.0,0.0,0.2582,0.2582,0.0,0.0,0.1826
1786969646.0376,2026-08-17 14:27:26.037,,0,0,0.0,0.0,0.0,0.0,0.0,0.0,0.0,0.0,0.0,0.0,0.0,0.0,0.0,0.0,0.0,0.1826,0.0,0.0,0.0,0.0,0.1826,0.0,0.0,0.0,0.2582,0.2582,0.0,0.0,0.1826
1786969646.0879,2026-08-17 14:27:26.087,,0,0,0.0,0.0,0.0,0.0,0.0,0.0,0.0,0.0,0.0,0.0,0.0,0.0,0.0,0.0,0.0,0.1826,0.0,0.0,0.0,0.0,0.1826,0.0,0.0,0.0,0.2582,0.2582,0.0,0.0,0.1826
1786969646.1382,2026-08-17 14:27:26.138,,0,0,0.0,0.0,0.0,0.0,0.0,0.0,0.0,0.0,0.0,0.0,0.1826,0.0,0.0,0.0,0.1826,0.1826,0.0,0.0,0.0,0.0,0.0,0.0,0.0,0.0,0.0,0.2582,0.0,0.0,0.0
1786969646.1884,2026-08-17 14:27:26.188,,0,0,0.0,0.0,0.0,0.0,0.0,0.0,0.0,0.0,0.0,0.0,0.0,0.0,0.0,0.3162,0.0,0.0,0.0,0.0,0.0,0.0,0.0,0.0,0.0,0.0,0.1826,0.1826,0.0,0.0,0.0
1786969646.2387,2026-08-17 14:27:26.238,,0,0,0.0,0.0,0.0,0.0,0.0,0.0,0.0,0.0,0.0,0.0,0.0,0.0,0.0,0.3162,0.0,0.0,0.0,0.0,0.0,0.0,0.0,0.0,0.0,0.0,0.1826,0.1826,0.0,0.0,0.0
1786969646.289,2026-08-17 14:27:26.289,,0,0,0.0,0.0,0.0,0.0,0.0,0.0,0.0,0.0,0.0,0.0,0.0,0.0,0.1826,0.0,0.0,0.0,0.1826,0.0,0.0,0.1826,0.0,0.0,0.0,0.0,0.1826,0.2582,0.0,0.0,0.2582
1786969646.3393,2026-08-17 14:27:26.339,,0,0,0.0,0.0,0.0,0.0,0.0,0.0,0.0,0.0,0.0,0.0,0.0,0.0,0.1826,0.0,0.0,0.0,0.1826,0.0,0.0,0.1826,0.0,0.0,0.0,0.0,0.1826,0.2582,0.0,0.0,0.2582
1786969646.3896,2026-08-17 14:27:26.389,,0,0,0.0,0.0,0.0,0.0,0.0,0.0,0.0,0.0,0.0,0.0,0.2582,0.0,0.1826,0.2582,0.1826,0.1826,0.1826,0.0,0.1826,0.0,0.0,0.0,0.1826,0.0,0.3651,0.2582,0.0,0.0,0.3162
1786969646.4399,2026-08-17 14:27:26.439,,0,0,0.0,0.0,0.0,0.0,0.0,0.0,0.0,0.0,0.0,0.0,0.2582,0.0,0.0,0.1826,0.0,0.1826,0.0,0.0,0.0,0.0,0.1826,0.0,0.0,0.0,0.0,0.3162,0.0,0.0,0.1826
1786969646.4902,2026-08-17 14:27:26.490,,0,0,0.0,0.0,0.0,0.0,0.0,0.0,0.0,0.0,0.0,0.0,0.2582,0.0,0.0,0.1826,0.0,0.1826,0.0,0.0,0.0,0.0,0.1826,0.0,0.0,0.0,0.0,0.3162,0.0,0.0,0.1826
1786969646.5405,2026-08-17 14:27:26.540,,0,0,0.0,0.0,0.0,0.0,0.0,0.0,0.0,0.0,0.0,0.0,0.0,0.0,0.2582,0.0,0.0,0.0,0.1826,0.0,0.0,0.0,0.1826,0.0,0.1826,0.0,0.0,0.2582,0.0,0.0,0.1826
1786969646.5909,2026-08-17 14:27:26.590,,0,0,0.0,0.0,0.0,0.0,0.0,0.0,0.0,0.0,0.0,0.0,0.0,0.0,0.2582,0.0,0.0,0.0,0.1826,0.0,0.0,0.0,0.1826,0.0,0.1826,0.0,0.0,0.2582,0.0,0.0,0.1826
1786969646.6413,2026-08-17 14:27:26.641,,0,0,0.0,0.0,0.0,0.0,0.0,0.0,0.0,0.0,0.0,0.0,0.0,0.0,0.0,0.1826,0.0,0.1826,0.0,0.0,0.0,0.0,0.1826,0.0,0.0,0.0,0.2582,0.1826,0.0,0.1826,0.2582
1786969646.6916,2026-08-17 14:27:26.691,,0,0,0.0,0.0,0.0,0.0,0.0,0.0,0.0,0.0,0.0,0.0,0.0,0.0,0.0,0.1826,0.0,0.1826,0.0,0.0,0.0,0.0,0.1826,0.0,0.0,0.0,0.2582,0.1826,0.0,0.1826,0.2582
1786969646.7417,2026-08-17 14:27:26.741,,0,0,0.0,0.0,0.0,0.0,0.0,0.0,0.0,0.0,0.0,0.0,0.1826,0.0,0.1826,0.1826,0.1826,0.0,0.1826,0.0,0.1826,0.2582,0.0,0.0,0.0,0.0,0.3162,0.1826,0.0,0.2582,0.3162
1786969646.792,2026-08-17 14:27:26.792,,0,0,0.0,0.0,0.0,0.0,0.0,0.0,0.0,0.0,0.0,0.0,0.2582,0.0,0.0,0.1826,0.2582,0.0,0.1826,0.0,0.0,0.0,0.0,0.0,0.2582,0.0,0.2582,0.2582,0.0,0.0,0.2582
1786969646.8424,2026-08-17 14:27:26.842,,0,0,0.0,0.0,0.0,0.0,0.0,0.0,0.0,0.0,0.0,0.0,0.2582,0.0,0.0,0.1826,0.2582,0.0,0.1826,0.0,0.0,0.0,0.0,0.0,0.2582,0.0,0.2582,0.2582,0.0,0.0,0.2582
1786969646.8927,2026-08-17 14:27:26.892,,0,0,0.0,0.0,0.0,0.0,0.0,0.0,0.0,0.0,0.0,0.0,0.0,0.0,0.1826,0.1826,0.0,0.0,0.0,0.0,0.0,0.0,0.0,0.0,0.1826,0.0,0.1826,0.2582,0.0,0.0,0.1826
1786969646.943,2026-08-17 14:27:26.943,,0,0,0.0,0.0,0.0,0.0,0.0,0.0,0.0,0.0,0.0,0.0,0.0,0.0,0.1826,0.1826,0.0,0.0,0.0,0.0,0.0,0.0,0.0,0.0,0.1826,0.0,0.1826,0.2582,0.0,0.0,0.1826
1786969646.9934,2026-08-17 14:27:26.993,,0,0,0.0,0.0,0.0,0.0,0.0,0.0,0.0,0.0,0.0,0.0,0.1826,0.0,0.0,0.0,0.1826,0.0,0.0,0.0,0.0,0.0,0.0,0.0,0.1826,0.0,0.0,0.1826,0.0,0.0,0.0
1786969647.0437,2026-08-17 14:27:27.043,,0,0,0.0,0.0,0.0,0.0,0.0,0.0,0.0,0.0,0.0,0.0,0.0,0.0,0.0,0.0,0.0,0.0,0.0,0.0,0.0,0.0,0.0,0.0,0.1826,0.0,0.1826,0.1826,0.0,0.0,0.0
1786969647.094,2026-08-17 14:27:27.094,,0,0,0.0,0.0,0.0,0.0,0.0,0.0,0.0,0.0,0.0,0.0,0.0,0.0,0.0,0.0,0.0,0.0,0.0,0.0,0.0,0.0,0.0,0.0,0.1826,0.0,0.1826,0.1826,0.0,0.0,0.0
1786969647.1443,2026-08-17 14:27:27.144,,0,0,0.0,0.0,0.0,0.0,0.0,0.0,0.0,0.0,0.0,0.0,0.0,0.0,0.0,0.1826,0.0,0.0,0.0,0.0,0.0,0.0,0.0,0.0,0.0,0.0,0.1826,0.2582,0.0,0.1826,0.0
1786969647.1946,2026-08-17 14:27:27.194,,0,0,0.0,0.0,0.0,0.0,0.0,0.0,0.0,0.0,0.0,0.0,0.0,0.0,0.0,0.1826,0.0,0.0,0.0,0.0,0.0,0.0,0.0,0.0,0.0,0.0,0.1826,0.2582,0.0,0.1826,0.0
1786969647.2449,2026-08-17 14:27:27.244,,0,0,0.0,0.0,0.0,0.0,0.0,0.0,0.0,0.0,0.0,0.0,0.0,0.0,0.0,0.0,0.0,0.0,0.0,0.0,0.0,0.0,0.1826,0.0,0.0,0.0,0.2582,0.3162,0.0,0.0,0.1826
1786969647.2951,2026-08-17 14:27:27.295,,0,0,0.0,0.0,0.0,0.0,0.0,0.0,0.0,0.0,0.0,0.0,0.0,0.0,0.0,0.0,0.0,0.0,0.0,0.0,0.0,0.1826,0.0,0.0,0.0,0.0,0.3162,0.0,0.0,0.0,0.1826
1786969647.3455,2026-08-17 14:27:27.345,,0,0,0.0,0.0,0.0,0.0,0.0,0.0,0.0,0.0,0.0,0.0,0.0,0.0,0.0,0.0,0.0,0.0,0.0,0.0,0.0,0.1826,0.0,0.0,0.0,0.0,0.3162,0.0,0.0,0.0,0.1826
1786969647.3958,2026-08-17 14:27:27.395,,0,0,0.0,0.0,0.0,0.0,0.0,0.0,0.0,0.0,0.0,0.0,0.1826,0.0,0.0,0.0,0.1826,0.2582,0.0,0.0,0.0,0.2582,0.2582,0.0,0.0,0.0,0.3162,0.3651,0.0,0.0,0.0
1786969647.4461,2026-08-17 14:27:27.446,,0,0,0.0,0.0,0.0,0.0,0.0,0.0,0.0,0.0,0.0,0.0,0.1826,0.0,0.0,0.0,0.1826,0.2582,0.0,0.0,0.0,0.2582,0.2582,0.0,0.0,0.0,0.3162,0.3651,0.0,0.0,0.0
1786969647.4964,2026-08-17 14:27:27.496,,0,0,0.0,0.0,0.0,0.0,0.0,0.0,0.0,0.0,0.0,0.0,0.1826,0.1826,0.0,0.1826,0.1826,0.2582,0.0,0.0,0.0,0.0,0.2582,0.0,0.0,0.0,0.0,0.3651,0.0,0.0,0.1826
1786969647.5467,2026-08-17 14:27:27.546,,0,0,0.0,0.0,0.0,0.0,0.0,0.0,0.0,0.0,0.0,0.0,0.1826,0.1826,0.0,0.1826,0.1826,0.2582,0.0,0.0,0.0,0.0,0.2582,0.0,0.0,0.0,0.0,0.3651,0.0,0.0,0.1826
1786969647.597,2026-08-17 14:27:27.597,,0,0,0.0,0.0,0.0,0.0,0.0,0.0,0.0,0.0,0.0,0.0,0.0,0.0,0.0,0.3162,0.0,0.0,0.0,0.0,0.0,0.1826,0.1826,0.0,0.0,0.0,0.1826,0.2582,0.0,0.1826,0.2582
1786969647.6473,2026-08-17 14:27:27.647,,0,0,0.0,0.0,0.0,0.0,0.0,0.0,0.0,0.0,0.0,0.0,0.1826,0.0,0.0,0.2582,0.0,0.1826,0.0,0.0,0.0,0.0,0.1826,0.0,0.0,0.0,0.1826,0.2582,0.0,0.1826,0.1826
1786969647.6976,2026-08-17 14:27:27.697,,0,0,0.0,0.0,0.0,0.0,0.0,0.0,0.0,0.0,0.0,0.0,0.1826,0.0,0.0,0.2582,0.0,0.1826,0.0,0.0,0.0,0.0,0.1826,0.0,0.0,0.0,0.1826,0.2582,0.0,0.1826,0.1826
1786969647.748,2026-08-17 14:27:27.747,,0,0,0.0,0.0,0.0,0.0,0.0,0.0,0.0,0.0,0.0,0.0,0.1826,0.0,0.0,0.2582,0.1826,0.0,0.0,0.0,0.0,0.0,0.1826,0.0,0.0,0.0,0.0,0.3162,0.0,0.1826,0.0
1786969647.7983,2026-08-17 14:27:27.798,,0,0,0.0,0.0,0.0,0.0,0.0,0.0,0.0,0.0,0.0,0.0,0.1826,0.0,0.0,0.2582,0.1826,0.0,0.0,0.0,0.0,0.0,0.1826,0.0,0.0,0.0,0.0,0.3162,0.0,0.1826,0.0
1786969647.8486,2026-08-17 14:27:27.848,,0,0,0.0,0.0,0.0,0.0,0.0,0.0,0.0,0.0,0.0,0.0,0.0,0.0,0.1826,0.0,0.0,0.0,0.0,0.1826,0.0,0.1826,0.0,0.0,0.0,0.0,0.0,0.0,0.0,0.0,0.0
1786969647.8988,2026-08-17 14:27:27.898,,0,0,0.0,0.0,0.0,0.0,0.0,0.0,0.0,0.0,0.0,0.0,0.1826,0.0,0.0,0.1826,0.0,0.0,0.0,0.0,0.0,0.0,0.0,0.0,0.1826,0.0,0.1826,0.1826,0.0,0.0,0.0
1786969647.9491,2026-08-17 14:27:27.949,,0,0,0.0,0.0,0.0,0.0,0.0,0.0,0.0,0.0,0.0,0.0,0.1826,0.0,0.0,0.1826,0.0,0.0,0.0,0.0,0.0,0.0,0.0,0.0,0.1826,0.0,0.1826,0.1826,0.0,0.0,0.0
1786969647.9994,2026-08-17 14:27:27.999,,0,0,0.0,0.0,0.0,0.0,0.0,0.0,0.0,0.0,0.0,0.0,0.1826,0.0,0.0,0.1826,0.0,0.0,0.0,0.0,0.0,0.0,0.0,0.0,0.0,0.0,0.0,0.0,0.0,0.0,0.0
1786969648.0497,2026-08-17 14:27:28.049,,0,0,0.0,0.0,0.0,0.0,0.0,0.0,0.0,0.0,0.0,0.0,0.1826,0.0,0.0,0.1826,0.0,0.0,0.0,0.0,0.0,0.0,0.0,0.0,0.0,0.0,0.0,0.0,0.0,0.0,0.0
1786969648.1001,2026-08-17 14:27:28.100,,0,0,0.0,0.0,0.0,0.0,0.0,0.0,0.0,0.0,0.0,0.0,0.0,0.0,0.0,0.1826,0.0,0.1826,0.0,0.0,0.0,0.0,0.0,0.0,0.0,0.0,0.1826,0.2582,0.0,0.0,0.1826
1786969648.1504,2026-08-17 14:27:28.150,,0,0,0.0,0.0,0.0,0.0,0.0,0.0,0.0,0.0,0.0,0.0,0.0,0.1826,0.0,0.1826,0.0,0.1826,0.0,0.0,0.0,0.2582,0.1826,0.0,0.0,0.1826,0.1826,0.2582,0.0,0.3162,0.1826
1786969648.2007,2026-08-17 14:27:28.200,,0,0,0.0,0.0,0.0,0.0,0.0,0.0,0.0,0.0,0.0,0.0,0.0,0.1826,0.0,0.1826,0.0,0.1826,0.0,0.0,0.0,0.2582,0.1826,0.0,0.0,0.1826,0.1826,0.2582,0.0,0.3162,0.1826
1786969648.2511,2026-08-17 14:27:28.251,,0,0,0.0,0.0,0.0,0.0,0.0,0.0,0.0,0.0,0.0,0.0,0.0,0.0,0.0,0.2582,0.1826,0.1826,0.1826,0.0,0.1826,0.1826,0.0,0.0,0.0,0.0,0.3651,0.1826,0.0,0.0,0.3162
1786969648.3014,2026-08-17 14:27:28.301,,0,0,0.0,0.0,0.0,0.0,0.0,0.0,0.0,0.0,0.0,0.0,0.0,0.0,0.0,0.2582,0.1826,0.1826,0.1826,0.0,0.1826,0.1826,0.0,0.0,0.0,0.0,0.3651,0.1826,0.0,0.0,0.3162
1786969648.3517,2026-08-17 14:27:28.351,,0,0,0.0,0.0,0.0,0.0,0.0,0.0,0.0,0.0,0.0,0.0,0.0,0.0,0.0,0.1826,0.0,0.1826,0.0,0.0,0.0,0.0,0.0,0.0,0.1826,0.0,0.1826,0.2582,0.0,0.0,0.0
1786969648.4018,2026-08-17 14:27:28.401,,0,0,0.0,0.0,0.0,0.0,0.0,0.0,0.0,0.0,0.0,0.0,0.0,0.0,0.1826,0.0,0.0,0.1826,0.2582,0.0,0.0,0.0,0.1826,0.0,0.0,0.0,0.1826,0.2582,0.0,0.0,0.0
1786969648.452,2026-08-17 14:27:28.452,,0,0,0.0,0.0,0.0,0.0,0.0,0.0,0.0,0.0,0.0,0.0,0.0,0.0,0.1826,0.0,0.0,0.1826,0.2582,0.0,0.0,0.0,0.1826,0.0,0.0,0.0,0.1826,0.2582,0.0,0.0,0.0
1786969648.5022,2026-08-17 14:27:28.502,,0,0,0.0,0.0,0.0,0.0,0.0,0.0,0.0,0.0,0.0,0.0,0.0,0.0,0.0,0.0,0.1826,0.1826,0.0,0.0,0.0,0.0,0.0,0.0,0.1826,0.0,0.1826,0.2582,0.0,0.0,0.1826
1786969648.5525,2026-08-17 14:27:28.552,,0,0,0.0,0.0,0.0,0.0,0.0,0.0,0.0,0.0,0.0,0.0,0.0,0.0,0.0,0.0,0.1826,0.1826,0.0,0.0,0.0,0.0,0.0,0.0,0.1826,0.0,0.1826,0.2582,0.0,0.0,0.1826
1786969648.6028,2026-08-17 14:27:28.602,,0,0,0.0,0.0,0.0,0.0,0.0,0.0,0.0,0.0,0.0,0.0,0.0,0.0,0.1826,0.0,0.0,0.2582,0.0,0.0,0.0,0.0,0.1826,0.0,0.1826,0.0,0.1826,0.3162,0.0,0.0,0.1826
1786969648.6532,2026-08-17 14:27:28.653,,0,0,0.0,0.0,0.0,0.0,0.0,0.0,0.0,0.0,0.0,0.0,0.0,0.0,0.1826,0.0,0.0,0.2582,0.0,0.0,0.0,0.0,0.1826,0.0,0.1826,0.0,0.1826,0.3162,0.0,0.0,0.1826
1786969648.7035,2026-08-17 14:27:28.703,,0,0,0.0,0.0,0.0,0.0,0.0,0.0,0.0,0.0,0.0,0.0,0.0,0.1826,0.0,0.2582,0.0,0.1826,0.0,0.0,0.1826,0.0,0.1826,0.0,0.0,0.0,0.1826,0.2582,0.0,0.1826,0.0
1786969648.7538,2026-08-17 14:27:28.753,,0,0,0.0,0.0,0.0,0.0,0.0,0.0,0.0,0.0,0.0,0.0,0.0,0.1826,0.0,0.0,0.0,0.0,0.0,0.0,0.0,0.0,0.0,0.0,0.0,0.0,0.1826,0.1826,0.0,0.0,0.0
1786969648.8041,2026-08-17 14:27:28.804,,0,0,0.0,0.0,0.0,0.0,0.0,0.0,0.0,0.0,0.0,0.0,0.0,0.1826,0.0,0.0,0.0,0.0,0.0,0.0,0.0,0.0,0.0,0.0,0.0,0.0,0.1826,0.1826,0.0,0.0,0.0
1786969648.8545,2026-08-17 14:27:28.854,,0,0,0.0,0.0,0.0,0.0,0.0,0.0,0.0,0.0,0.0,0.0,0.0,0.0,0.0,0.0,0.0,0.2582,0.0,0.0,0.0,0.0,0.0,0.0,0.0,0.0,0.0,0.2582,0.0,0.0,0.0
1786969648.9048,2026-08-17 14:27:28.904,,0,0,0.0,0.0,0.0,0.0,0.0,0.0,0.0,0.0,0.0,0.0,0.0,0.0,0.0,0.0,0.0,0.2582,0.0,0.0,0.0,0.0,0.0,0.0,0.0,0.0,0.0,0.2582,0.0,0.0,0.0
1786969648.9552,2026-08-17 14:27:28.955,,0,0,0.0,0.0,0.0,0.0,0.0,0.0,0.0,0.0,0.0,0.0,0.0,0.1826,0.0,0.0,0.0,0.1826,0.0,0.0,0.0,0.0,0.1826,0.0,0.0,0.0,0.0,0.2582,0.0,0.0,0.0
1786969649.0055,2026-08-17 14:27:29.005,,0,0,0.0,0.0,0.0,0.0,0.0,0.0,0.0,0.0,0.0,0.0,0.0,0.0,0.0,0.0,0.0,0.0,0.1826,0.0,0.0,0.0,0.0,0.0,0.0,0.0,0.0,0.1826,0.0,0.0,0.0
1786969649.0558,2026-08-17 14:27:29.055,,0,0,0.0,0.0,0.0,0.0,0.0,0.0,0.0,0.0,0.0,0.0,0.0,0.0,0.0,0.0,0.0,0.0,0.1826,0.0,0.0,0.0,0.0,0.0,0.0,0.0,0.0,0.1826,0.0,0.0,0.0
1786969649.1061,2026-08-17 14:27:29.106,,0,0,0.0,0.0,0.0,0.0,0.0,0.0,0.0,0.0,0.0,0.0,0.0,0.0,0.0,0.1826,0.0,0.0,0.0,0.0,0.0,0.1826,0.0,0.0,0.1826,0.0,0.2582,0.1826,0.0,0.2582,0.2582
1786969649.1565,2026-08-17 14:27:29.156,,0,0,0.0,0.0,0.0,0.0,0.0,0.0,0.0,0.0,0.0,0.0,0.0,0.0,0.0,0.1826,0.0,0.0,0.0,0.0,0.0,0.1826,0.0,0.0,0.1826,0.0,0.2582,0.1826,0.0,0.2582,0.2582
1786969649.2068,2026-08-17 14:27:29.206,,0,0,0.0,0.0,0.0,0.0,0.0,0.0,0.0,0.0,0.0,0.0,0.1826,0.0,0.0,0.1826,0.2582,0.1826,0.0,0.0,0.0,0.2582,0.0,0.0,0.0,0.0,0.2582,0.1826,0.0,0.0,0.1826
1786969649.2571,2026-08-17 14:27:29.257,,0,0,0.0,0.0,0.0,0.0,0.0,0.0,0.0,0.0,0.0,0.0,0.1826,0.0,0.1826,0.0,0.0,0.0,0.1826,0.0,0.0,0.0,0.1826,0.0,0.1826,0.0,0.2582,0.1826,0.0,0.0,0.2582
1786969649.3074,2026-08-17 14:27:29.307,,0,0,0.0,0.0,0.0,0.0,0.0,0.0,0.0,0.0,0.0,0.0,0.1826,0.0,0.1826,0.0,0.0,0.0,0.1826,0.0,0.0,0.0,0.1826,0.0,0.1826,0.0,0.2582,0.1826,0.0,0.0,0.2582
1786969649.3575,2026-08-17 14:27:29.357,,0,0,0.0,0.0,0.0,0.0,0.0,0.0,0.0,0.0,0.0,0.0,0.0,0.0,0.0,0.1826,0.0,0.0,0.1826,0.0,0.0,0.0,0.0,0.0,0.1826,0.0,0.0,0.2582,0.0,0.0,0.0
1786969649.4078,2026-08-17 14:27:29.407,,0,0,0.0,0.0,0.0,0.0,0.0,0.0,0.0,0.0,0.0,0.0,0.0,0.0,0.0,0.1826,0.0,0.0,0.1826,0.0,0.0,0.0,0.0,0.0,0.1826,0.0,0.0,0.2582,0.0,0.0,0.0
1786969649.4581,2026-08-17 14:27:29.458,,0,0,0.0,0.0,0.0,0.0,0.0,0.0,0.0,0.0,0.0,0.0,0.0,0.0,0.0,0.0,0.0,0.0,0.0,0.0,0.0,0.1826,0.0,0.0,0.0,0.0,0.1826,0.1826,0.0,0.0,0.2582
1786969649.5084,2026-08-17 14:27:29.508,,0,0,0.0,0.0,0.0,0.0,0.0,0.0,0.0,0.0,0.0,0.0,0.0,0.0,0.0,0.0,0.0,0.0,0.0,0.0,0.0,0.1826,0.0,0.0,0.0,0.0,0.1826,0.1826,0.0,0.0,0.2582
1786969649.5588,2026-08-17 14:27:29.558,,0,0,0.0,0.0,0.0,0.0,0.0,0.0,0.0,0.0,0.0,0.0,0.0,0.0,0.0,0.1826,0.0,0.2582,0.1826,0.0,0.0,0.0,0.1826,0.0,0.0,0.0,0.1826,0.2582,0.0,0.0,0.1826
1786969649.609,2026-08-17 14:27:29.609,,0,0,0.0,0.0,0.0,0.0,0.0,0.0,0.0,0.0,0.0,0.0,0.0,0.1826,0.2582,0.0,0.0,0.1826,0.1826,0.1826,0.0,0.1826,0.2582,0.1826,0.0,0.0,0.2582,0.3162,0.1826,0.2582,0.2582
1786969649.6592,2026-08-17 14:27:29.659,,0,0,0.0,0.0,0.0,0.0,0.0,0.0,0.0,0.0,0.0,0.0,0.0,0.1826,0.2582,0.0,0.0,0.1826,0.1826,0.1826,0.0,0.1826,0.2582,0.1826,0.0,0.0,0.2582,0.3162,0.1826,0.2582,0.2582
1786969649.7095,2026-08-17 14:27:29.709,,0,0,0.0,0.0,0.0,0.0,0.0,0.0,0.0,0.0,0.0,0.0,0.1826,0.1826,0.1826,0.1826,0.0,0.2582,0.0,0.0,0.1826,0.0,0.2582,0.0,0.2582,0.0,0.1826,0.2582,0.0,0.0,0.2582
1786969649.7597,2026-08-17 14:27:29.759,,0,0,0.0,0.0,0.0,0.0,0.0,0.0,0.0,0.0,0.0,0.0,0.1826,0.1826,0.1826,0.1826,0.0,0.2582,0.0,0.0,0.1826,0.0,0.2582,0.0,0.2582,0.0,0.1826,0.2582,0.0,0.0,0.2582
1786969649.81,2026-08-17 14:27:29.810,,0,0,0.0,0.0,0.0,0.0,0.0,0.0,0.0,0.0,0.0,0.0,0.0,0.0,0.0,0.1826,0.0,0.0,0.0,0.0,0.0,0.1826,0.0,0.0,0.1826,0.0,0.2582,0.1826,0.0,0.0,0.1826
1786969649.8603,2026-08-17 14:27:29.860,,0,0,0.0,0.0,0.0,0.0,0.0,0.0,0.0,0.0,0.0,0.0,0.1826,0.0,0.1826,0.0,0.0,0.0,0.0,0.0,0.0,0.0,0.0,0.0,0.0,0.0,0.1826,0.2582,0.0,0.1826,0.0
1786969649.9107,2026-08-17 14:27:29.910,,0,0,0.0,0.0,0.0,0.0,0.0,0.0,0.0,0.0,0.0,0.0,0.1826,0.0,0.1826,0.0,0.0,0.0,0.0,0.0,0.0,0.0,0.0,0.0,0.0,0.0,0.1826,0.2582,0.0,0.1826,0.0
1786969649.9609,2026-08-17 14:27:29.960,,0,0,0.0,0.0,0.0,0.0,0.0,0.0,0.0,0.0,0.0,0.0,0.0,0.1826,0.0,0.2582,0.0,0.0,0.0,0.0,0.0,0.0,0.0,0.1826,0.1826,0.0,0.0,0.1826,0.0,0.0,0.0
1786969650.0113,2026-08-17 14:27:30.011,,0,0,0.0,0.0,0.0,0.0,0.0,0.0,0.0,0.0,0.0,0.0,0.0,0.1826,0.0,0.2582,0.0,0.0,0.0,0.0,0.0,0.0,0.0,0.1826,0.1826,0.0,0.0,0.1826,0.0,0.0,0.0
1786969650.0616,2026-08-17 14:27:30.061,,0,0,0.0,0.0,0.0,0.0,0.0,0.0,0.0,0.0,0.0,0.0,0.0,0.0,0.0,0.0,0.0,0.0,0.0,0.0,0.0,0.0,0.0,0.0,0.0,0.0,0.2582,0.2582,0.0,0.0,0.1826
1786969650.1119,2026-08-17 14:27:30.111,,0,0,0.0,0.0,0.0,0.0,0.0,0.0,0.0,0.0,0.0,0.0,0.0,0.0,0.0,0.0,0.0,0.0,0.0,0.0,0.0,0.1826,0.0,0.0,0.0,0.0,0.2582,0.0,0.0,0.1826,0.0
1786969650.1622,2026-08-17 14:27:30.162,,0,0,0.0,0.0,0.0,0.0,0.0,0.0,0.0,0.0,0.0,0.0,0.0,0.0,0.0,0.0,0.0,0.0,0.0,0.0,0.0,0.1826,0.0,0.0,0.0,0.0,0.2582,0.0,0.0,0.1826,0.0
1786969650.2126,2026-08-17 14:27:30.212,,0,0,0.0,0.0,0.0,0.0,0.0,0.0,0.0,0.0,0.0,0.0,0.0,0.1826,0.1826,0.0,0.0,0.1826,0.0,0.0,0.0,0.0,0.1826,0.0,0.0,0.0,0.0,0.2582,0.0,0.0,0.1826
1786969650.648,2026-08-17 14:27:30.647,,0,0,0.0,0.0,0.0,0.0,0.0,0.0,0.0,0.0,0.0,0.0,0.0,0.1826,0.1826,0.0,0.0,0.1826,0.0,0.0,0.0,0.0,0.1826,0.0,0.0,0.0,0.0,0.2582,0.0,0.0,0.1826
1786969652.0126,2026-08-17 14:27:32.012,,0,0,-0.04661,-0.49592,0.04554,-0.5708,-0.348,0.4413,0.0127,-0.0512,-0.512,4.67469,0.0,0.1826,0.1826,0.0,0.0,0.1826,0.0,0.0,0.0,0.0,0.1826,0.0,0.0,0.0,0.0,0.2582,0.0,0.0,0.1826
1786969652.0629,2026-08-17 14:27:32.062,,0,0,-0.0466,-0.49592,0.04554,-1.027,0.0806,1.0647,-0.0017,-0.0659,-0.5185,4.68879,0.0,0.0,0.0,0.0,0.0,0.2582,0.1826,0.1826,0.0,0.2582,0.1826,0.0,0.1826,0.0,0.3162,0.2582,0.0,0.1826,0.1826
1786969652.113,2026-08-17 14:27:32.113,,0,0,-0.0466,-0.49592,0.04555,-0.6537,-0.0314,0.9133,0.0038,-0.0549,-0.5107,4.68627,0.1826,0.0,0.1826,0.2582,0.1826,0.1826,0.1826,0.0,0.0,0.1826,0.1826,0.0,0.0,0.0,0.2582,0.2582,0.0,0.1826,0.1826
1786969652.1632,2026-08-17 14:27:32.163,,0,0,-0.0466,-0.49591,0.04562,-1.0983,0.2027,0.9256,-0.0018,-0.0655,-0.5212,4.67796,0.0,0.0,0.2582,0.2582,0.0,0.0,0.1826,0.0,0.1826,0.0,0.0,0.0,0.1826,0.0,0.1826,0.1826,0.0,0.0,0.1826
1786969652.2133,2026-08-17 14:27:32.213,,0,0,-0.04658,-0.49592,0.04589,-0.9621,-0.2138,0.7743,0.0072,-0.0599,-0.5032,4.68778,0.0,0.0,0.2582,0.2582,0.0,0.0,0.1826,0.0,0.1826,0.0,0.0,0.0,0.1826,0.0,0.1826,0.1826,0.0,0.0,0.1826
1786969652.2636,2026-08-17 14:27:32.263,,0,0,-0.04651,-0.49594,0.04634,-0.6502,-0.0129,0.915,0.001,-0.052,-0.4323,4.68627,0.0,0.0,0.1826,0.1826,0.0,0.0,0.1826,0.1826,0.0,0.0,0.0,0.1826,0.1826,0.0,0.1826,0.1826,0.0,0.1826,0.2582
1786969652.3139,2026-08-17 14:27:32.313,,0,0,-0.04626,-0.49605,0.04727,-0.8138,0.025,0.7808,-0.0007,-0.0572,-0.289,4.68073,0.0,0.0,0.1826,0.1826,0.0,0.0,0.1826,0.1826,0.0,0.0,0.0,0.1826,0.1826,0.0,0.1826,0.1826,0.0,0.1826,0.2582
1786969652.3642,2026-08-17 14:27:32.364,,0,0,-0.04591,-0.49622,0.04895,-0.7139,-0.2614,0.4631,0.0052,-0.0555,-0.0677,4.67972,0.0,0.0,0.1826,0.1826,0.0,0.0,0.1826,0.1826,0.0,0.2582,0.0,0.0,0.1826,0.0,0.2582,0.1826,0.0,0.0,0.0
1786969652.4145,2026-08-17 14:27:32.414,,0,0,-0.04543,-0.49643,0.05137,-0.7256,-0.0751,0.4508,0.0005,-0.0531,-0.1169,4.68576,0.1826,0.0,0.0,0.0,0.2582,0.0,0.0,0.0,0.0,0.0,0.0,0.0,0.1826,0.0,0.0,0.2582,0.0,0.0,0.0
1786969652.4648,2026-08-17 14:27:32.464,,0,0,-0.04473,-0.49659,0.05443,-0.6253,-0.1142,0.5201,-0.0004,-0.051,-0.1448,4.67947,0.1826,0.0,0.0,0.0,0.2582,0.0,0.0,0.0,0.0,0.0,0.0,0.0,0.1826,0.0,0.0,0.2582,0.0,0.0,0.0
1786969652.5151,2026-08-17 14:27:32.515,,0,0,-0.04386,-0.49682,0.05825,-0.1573,-0.0061,0.4886,-0.0039,-0.0393,-0.142,4.68979,0.0,0.0,0.0,0.2582,0.0,0.0,0.0,0.0,0.0,0.0,0.0,0.0,0.0,0.0,0.0,0.0,0.0,0.0,0.1826
1786969652.5656,2026-08-17 14:27:32.565,,0,0,-0.04307,-0.49709,0.06205,-0.6889,-0.0631,0.5093,-0.0038,-0.0495,-0.163,4.68249,0.0,0.0,0.0,0.2582,0.0,0.0,0.0,0.0,0.0,0.0,0.0,0.0,0.0,0.0,0.0,0.0,0.0,0.0,0.1826
1786969652.6159,2026-08-17 14:27:32.615,,0,0,-0.04223,-0.49735,0.0659,-0.5081,-0.1542,0.7015,0.005,-0.0441,-0.1683,4.68325,0.0,0.0,0.0,0.0,0.0,0.0,0.0,0.0,0.0,0.0,0.0,0.0,0.0,0.0,0.0,0.0,0.0,0.0,0.0
1786969652.6665,2026-08-17 14:27:32.666,,0,0,-0.04129,-0.49766,0.07041,-0.6205,-0.4765,0.8458,0.011,-0.0499,-0.1752,4.68602,0.0,0.0,0.0,0.0,0.0,0.0,0.0,0.0,0.0,0.0,0.0,0.0,0.0,0.0,0.1826,0.1826,0.0,0.0,0.1826
1786969652.7168,2026-08-17 14:27:32.716,,0,0,-0.0405,-0.49795,0.07424,-0.6058,-0.4167,0.6728,0.0087,-0.0489,-0.1823,4.68425,0.0,0.0,0.0,0.0,0.0,0.0,0.0,0.0,0.0,0.0,0.0,0.0,0.0,0.0,0.1826,0.1826,0.0,0.0,0.1826
1786969652.7671,2026-08-17 14:27:32.767,,0,0,-0.03966,-0.49818,0.07807,-0.5406,-0.1099,0.748,0.0058,-0.0499,-0.1912,4.68828,0.0,0.0,0.0,0.0,0.0,0.0,0.0,0.0,0.0,0.0,0.0,0.0,0.0,0.0,0.0,0.0,0.0,0.0,0.0
1786969652.8174,2026-08-17 14:27:32.817,,0,0,-0.03886,-0.49844,0.08173,-0.3365,-0.5905,0.5816,0.0161,-0.0402,-0.1882,4.68828,0.0,0.0,0.0,0.0,0.0,0.0,0.0,0.0,0.0,0.0,0.0,0.0,0.0,0.0,0.0,0.0,0.0,0.0,0.0
1786969652.8676,2026-08-17 14:27:32.867,,0,0,-0.03818,-0.4987,0.08499,-0.2504,-0.4892,0.7805,0.0105,-0.0416,-0.1898,4.68904,0.0,0.0,0.0,0.1826,0.0,0.0,0.0,0.0,0.0,0.0,0.0,0.0,0.0,0.0,0.0,0.1826,0.0,0.0,0.0
1786969652.9179,2026-08-17 14:27:32.917,,0,0,-0.03764,-0.49886,0.08744,-0.4241,-0.123,0.9503,0.0022,-0.0471,-0.1944,4.68199,0.0,0.0,0.0,0.1826,0.0,0.0,0.0,0.0,0.0,0.0,0.0,0.0,0.0,0.0,0.0,0.1826,0.0,0.0,0.0
1786969652.9683,2026-08-17 14:27:32.968,,0,0,-0.03722,-0.49899,0.0894,-0.0362,-0.752,0.6296,0.015,-0.0343,-0.1931,4.6913,0.0,0.0,0.0,0.0,0.0,0.0,0.0,0.0,0.0,0.0,0.0,0.0,0.0,0.0,0.0,0.0,0.0,0.0,0.0
1786969653.0186,2026-08-17 14:27:33.018,,0,0,-0.03705,-0.49903,0.09029,-0.7776,-0.0724,0.5191,0.002,-0.0563,-0.2072,4.69055,0.0,0.0,0.0,0.0,0.0,0.0,0.0,0.0,0.0,0.0,0.0,0.0,0.0,0.0,0.0,0.0,0.0,0.0,0.0
1786969653.0689,2026-08-17 14:27:33.068,,0,0,-0.03704,-0.49899,0.09049,-0.5793,-0.001,0.5238,-0.0038,-0.0507,-0.2006,4.68148,0.0,0.0,0.0,0.0,0.0,0.0,0.0,0.0,0.0,0.0,0.0,0.0,0.0,0.0,0.0,0.0,0.0,0.0,0.0
1786969653.1193,2026-08-17 14:27:33.119,,0,0,-0.03702,-0.49899,0.09006,-0.7205,-0.1431,0.6658,0.0034,-0.0515,-0.2003,4.69432,0.0,0.0,0.0,0.0,0.0,0.0,0.0,0.0,0.0,0.0,0.0,0.0,0.0,0.0,0.0,0.0,0.0,0.0,0.0
1786969653.1695,2026-08-17 14:27:33.169,,0,0,-0.03698,-0.49901,0.08907,-0.2777,-0.2874,0.9056,0.0048,-0.0403,-0.1995,4.684,0.0,0.0,0.0,0.0,0.0,0.0,0.0,0.0,0.0,0.0,0.0,0.0,0.0,0.0,0.0,0.0,0.0,0.0,0.0
1786969653.2196,2026-08-17 14:27:33.219,,0,0,-0.037,-0.49905,0.08725,-0.7024,-0.5457,0.6872,0.0124,-0.0486,-0.2006,4.68123,0.1826,0.0,0.0,0.1826,0.0,0.0,0.0,0.0,0.0,0.0,0.0,0.0,0.0,0.0,0.0,0.0,0.0,0.0,0.0
1786969653.2698,2026-08-17 14:27:33.269,,0,0,-0.03695,-0.49906,0.08429,-0.6472,-0.4603,0.7983,0.0084,-0.0497,-0.2043,4.68098,0.0,0.0,0.0,0.0,0.0,0.0,0.0,0.0,0.0,0.0,0.0,0.0,0.0,0.0,0.0,0.0,0.0,0.0,0.0
1786969653.3201,2026-08-17 14:27:33.320,,0,0,-0.03694,-0.49908,0.08094,-0.4454,0.0173,0.6808,-0.0028,-0.0466,-0.2099,4.68022,0.0,0.0,0.0,0.0,0.0,0.0,0.0,0.0,0.0,0.0,0.0,0.0,0.0,0.0,0.0,0.0,0.0,0.0,0.0
1786969653.3704,2026-08-17 14:27:33.370,,0,0,-0.03696,-0.49908,0.07719,0.0477,-0.5182,0.5703,0.0108,-0.0344,-0.2011,4.68375,0.0,0.0,0.0,0.0,0.0,0.0,0.0,0.0,0.0,0.0,0.0,0.0,0.0,0.0,0.0,0.0,0.0,0.0,0.0
1786969653.4207,2026-08-17 14:27:33.420,,0,0,-0.03695,-0.49906,0.07308,-0.2044,-0.4697,0.4591,0.0118,-0.0355,-0.1955,4.68123,0.0,0.0,0.0,0.0,0.0,0.0,0.0,0.0,0.0,0.0,0.0,0.0,0.0,0.0,0.0,0.0,0.0,0.0,0.0
1786969653.471,2026-08-17 14:27:33.471,,0,0,-0.03694,-0.49905,0.06931,-0.4131,-0.3606,0.5187,0.0093,-0.0454,-0.2018,4.68828,0.0,0.0,0.0,0.0,0.0,0.0,0.0,0.0,0.0,0.0,0.0,0.0,0.0,0.0,0.0,0.0,0.0,0.0,0.0
1786969653.5213,2026-08-17 14:27:33.521,,0,0,-0.03697,-0.49908,0.06614,-0.5388,-0.4711,0.9471,0.0102,-0.0461,-0.196,4.68148,0.0,0.0,0.0,0.0,0.0,0.0,0.0,0.0,0.0,0.0,0.0,0.0,0.0,0.0,0.0,0.0,0.0,0.0,0.0
1786969653.5715,2026-08-17 14:27:33.571,,0,0,-0.03696,-0.49906,0.06336,-0.2527,-0.4285,0.5347,0.0104,-0.0412,-0.1909,4.68299,0.0,0.0,0.0,0.0,0.0,0.0,0.0,0.0,0.0,0.0,0.0,0.0,0.0,0.0,0.0,0.0,0.0,0.0,0.0
1786969653.6218,2026-08-17 14:27:33.621,,0,0,-0.03697,-0.49909,0.06164,-0.3133,-0.2835,0.4186,0.0046,-0.0409,-0.1957,4.68803,0.0,0.0,0.0,0.0,0.0,0.0,0.0,0.0,0.0,0.0,0.0,0.0,0.0,0.0,0.0,0.0,0.0,0.0,0.0
1786969653.6722,2026-08-17 14:27:33.672,,0,0,-0.03699,-0.49914,0.06077,-0.0974,-0.4783,0.4085,0.0109,-0.0367,-0.2007,4.6908,0.0,0.0,0.0,0.0,0.0,0.0,0.0,0.0,0.0,0.0,0.0,0.0,0.0,0.0,0.0,0.0,0.0,0.0,0.0
1786969653.7225,2026-08-17 14:27:33.722,,0,0,-0.03701,-0.49916,0.06057,-0.2651,-0.3993,0.4982,0.0058,-0.043,-0.1978,4.68853,0.0,0.0,0.1826,0.0,0.0,0.0,0.0,0.0,0.0,0.0,0.0,0.0,0.0,0.0,0.0,0.0,0.0,0.0,0.0
1786969653.7727,2026-08-17 14:27:33.772,,0,0,-0.03698,-0.49914,0.06037,-0.5884,-0.2948,0.5173,0.0063,-0.0476,-0.201,4.68904,0.0,0.0,0.1826,0.0,0.0,0.0,0.0,0.0,0.0,0.0,0.0,0.0,0.0,0.0,0.0,0.0,0.0,0.0,0.0
1786969653.8229,2026-08-17 14:27:33.822,,0,0,-0.03696,-0.49908,0.06012,-0.3876,-0.5071,0.3364,0.0118,-0.0427,-0.2023,4.68325,0.0,0.0,0.1826,0.1826,0.0,0.0,0.0,0.0,0.0,0.0,0.0,0.0,0.0,0.0,0.0,0.0,0.0,0.0,0.0
1786969653.8731,2026-08-17 14:27:33.873,,0,0,-0.03696,-0.49906,0.05993,-0.4925,-0.103,0.5914,0.0025,-0.0455,-0.2022,4.68073,0.0,0.0,0.0,0.0,0.0,0.0,0.1826,0.1826,0.0,0.0,0.0,0.0,0.0,0.0,0.0,0.0,0.0,0.0,0.0
1786969653.9233,2026-08-17 14:27:33.923,,0,0,-0.03696,-0.49907,0.05972,-0.3445,-0.1378,0.7609,0.0018,-0.0409,-0.2042,4.69181,0.0,0.0,0.0,0.0,0.0,0.0,0.1826,0.1826,0.0,0.0,0.0,0.0,0.0,0.0,0.0,0.0,0.0,0.0,0.0
1786969653.9736,2026-08-17 14:27:33.973,,0,0,-0.03697,-0.49908,0.05956,-0.3804,-0.1104,0.7747,-0.0019,-0.041,-0.2022,4.67922,0.0,0.0,0.0,0.0,0.0,0.0,0.0,0.0,0.0,0.0,0.0,0.1826,0.0,0.0,0.0,0.0,0.0,0.0,0.0
1786969654.024,2026-08-17 14:27:34.023,,0,0,-0.03696,-0.49908,0.05936,-0.3577,-0.2181,0.8083,0.004,-0.0407,-0.2017,4.68199,0.0,0.0,0.0,0.0,0.0,0.0,0.0,0.0,0.0,0.0,0.0,0.1826,0.0,0.0,0.0,0.0,0.0,0.0,0.0
1786969654.0742,2026-08-17 14:27:34.074,,0,0,-0.03697,-0.4991,0.05918,-0.3717,-0.4591,0.5121,0.0104,-0.0457,-0.199,4.67569,0.0,0.0,0.0,0.0,0.0,0.0,0.0,0.1826,0.0,0.0,0.0,0.0,0.1826,0.0,0.0,0.0,0.0,0.0,0.0
1786969654.1244,2026-08-17 14:27:34.124,,0,0,-0.03697,-0.49907,0.05892,-0.3348,-0.4192,0.3586,0.0102,-0.0405,-0.2041,4.69004,0.0,0.0,0.0,0.0,0.0,0.0,0.1826,0.0,0.0,0.0,0.0,0.0,0.0,0.0,0.0,0.0,0.0,0.0,0.0
1786969654.1745,2026-08-17 14:27:34.174,,0,0,-0.03697,-0.49907,0.05875,-0.4565,-0.0498,0.5152,-0.0009,-0.0475,-0.2059,4.68375,0.0,0.0,0.0,0.0,0.0,0.0,0.1826,0.0,0.0,0.0,0.0,0.0,0.0,0.0,0.0,0.0,0.0,0.0,0.0
1786969654.2248,2026-08-17 14:27:34.224,,0,0,-0.03697,-0.49907,0.05857,-0.189,-0.6122,0.505,0.0131,-0.0375,-0.2039,4.68249,0.0,0.0,0.0,0.0,0.0,0.0,0.0,0.0,0.0,0.0,0.0,0.0,0.0,0.0,0.0,0.0,0.0,0.0,0.0
1786969654.2751,2026-08-17 14:27:34.275,,0,0,-0.03695,-0.49907,0.05835,-0.5776,-0.4577,0.5956,0.0105,-0.0498,-0.2115,4.67695,0.0,0.0,0.0,0.0,0.0,0.0,0.0,0.0,0.0,0.0,0.0,0.0,0.0,0.0,0.0,0.0,0.0,0.0,0.0
1786969654.3254,2026-08-17 14:27:34.325,,0,0,-0.03696,-0.49908,0.05816,-0.5942,-0.4534,0.8339,0.0105,-0.0473,-0.2108,4.68073,0.0,0.0,0.0,0.0,0.0,0.0,0.0,0.0,0.0,0.0,0.0,0.0,0.0,0.0,0.0,0.0,0.0,0.0,0.0
1786969654.3757,2026-08-17 14:27:34.375,,0,0,-0.03697,-0.49907,0.05794,-0.5921,-0.0477,0.8624,-0.0036,-0.0477,-0.2121,4.67771,0.0,0.0,0.0,0.3162,0.0,0.0,0.0,0.0,0.0,0.0,0.0,0.0,0.0,0.0,0.0,0.0,0.0,0.0,0.0
1786969654.426,2026-08-17 14:27:34.426,,0,0,-0.03698,-0.49906,0.05773,-0.4054,-0.402,0.6897,0.007,-0.0439,-0.2056,4.67972,0.0,0.0,0.0,0.3162,0.0,0.0,0.0,0.0,0.0,0.0,0.0,0.0,0.0,0.0,0.0,0.0,0.0,0.0,0.0
1786969654.4764,2026-08-17 14:27:34.476,,0,0,-0.03696,-0.49906,0.05753,-0.4613,-0.2124,0.8471,0.0049,-0.045,-0.2122,4.6699,0.0,0.0,0.1826,0.1826,0.0,0.0,0.0,0.0,0.0,0.0,0.0,0.0,0.0,0.0,0.0,0.0,0.0,0.0,0.1826
1786969654.5267,2026-08-17 14:27:34.526,,0,0,-0.03697,-0.49906,0.05734,-0.7938,-0.316,0.6346,0.009,-0.052,-0.2164,4.68627,0.0,0.0,0.1826,0.1826,0.0,0.0,0.0,0.0,0.0,0.0,0.0,0.0,0.0,0.0,0.0,0.0,0.0,0.0,0.1826
1786969654.577,2026-08-17 14:27:34.577,,0,0,-0.03698,-0.49907,0.05714,-0.4689,-0.1318,0.9136,0.0006,-0.0477,-0.2141,4.68048,0.1826,0.0,0.0,0.0,0.0,0.0,0.0,0.0,0.0,0.0,0.0,0.0,0.0,0.0,0.0,0.0,0.0,0.0,0.0
1786969654.6273,2026-08-17 14:27:34.627,,0,0,-0.03697,-0.49906,0.05692,-0.5295,-0.345,0.9334,0.0057,-0.0476,-0.212,4.68853,0.1826,0.0,0.0,0.0,0.0,0.0,0.0,0.0,0.0,0.0,0.0,0.0,0.0,0.0,0.0,0.0,0.0,0.0,0.0
1786969654.6776,2026-08-17 14:27:34.677,,0,0,-0.03695,-0.49908,0.05676,-0.5347,-0.0913,0.6734,-0.0002,-0.0444,-0.2159,4.68375,0.0,0.0,0.0,0.0,0.0,0.0,0.0,0.0,0.0,0.0,0.0,0.0,0.0,0.0,0.0,0.0,0.0,0.0,0.0
1786969654.7279,2026-08-17 14:27:34.727,,0,0,-0.03696,-0.49907,0.05654,-0.3779,-0.4627,0.6485,0.0092,-0.0408,-0.2132,4.69105,0.0,0.0,0.0,0.2582,0.0,0.0,0.0,0.0,0.0,0.0,0.0,0.0,0.0,0.0,0.1826,0.0,0.0,0.0,0.0
1786969654.7782,2026-08-17 14:27:34.778,,0,0,-0.03697,-0.49906,0.05632,-0.2855,-0.4363,0.7991,0.0099,-0.041,-0.2127,4.68501,0.0,0.0,0.0,0.2582,0.0,0.0,0.0,0.0,0.0,0.0,0.0,0.0,0.0,0.0,0.1826,0.0,0.0,0.0,0.0
1786969654.8285,2026-08-17 14:27:34.828,,0,0,-0.03698,-0.49907,0.05614,-0.2094,-0.3871,0.818,0.0079,-0.0403,-0.2117,4.69231,0.0,0.0,0.0,0.0,0.0,0.0,0.0,0.0,0.0,0.0,0.0,0.0,0.0,0.0,0.0,0.1826,0.0,0.0,0.0
1786969654.8788,2026-08-17 14:27:34.878,,0,0,-0.03696,-0.49908,0.05596,-0.3553,-0.6895,0.6023,0.0149,-0.045,-0.212,4.68853,0.0,0.0,0.0,0.0,0.0,0.0,0.0,0.0,0.0,0.0,0.0,0.0,0.0,0.0,0.0,0.1826,0.0,0.0,0.0
1786969654.9291,2026-08-17 14:27:34.929,,0,0,-0.03696,-0.49905,0.05572,-0.2805,-0.6524,0.5264,0.0131,-0.0394,-0.214,4.68979,0.0,0.0,0.0,0.0,0.0,0.0,0.0,0.0,0.0,0.0,0.0,0.0,0.0,0.0,0.0,0.2582,0.0,0.0,0.1826
1786969654.9794,2026-08-17 14:27:34.979,,0,0,-0.03695,-0.49907,0.05554,-0.3827,-0.2858,0.529,0.0076,-0.0418,-0.2147,4.69181,0.0,0.0,0.0,0.0,0.0,0.0,0.0,0.0,0.0,0.0,0.0,0.0,0.0,0.0,0.0,0.0,0.0,0.0,0.0
1786969655.0296,2026-08-17 14:27:35.029,,0,0,-0.03697,-0.49907,0.05534,-0.9218,0.095,0.7223,-0.005,-0.0557,-0.2231,4.67897,0.0,0.0,0.0,0.0,0.0,0.0,0.0,0.0,0.0,0.0,0.0,0.0,0.0,0.0,0.0,0.0,0.0,0.0,0.0
1786969655.08,2026-08-17 14:27:35.079,,0,0,-0.03696,-0.49907,0.05513,-0.4656,-0.0001,0.5828,0.0001,-0.0475,-0.2148,4.68778,0.1826,0.0,0.0,0.1826,0.0,0.0,0.0,0.0,0.0,0.0,0.0,0.0,0.0,0.0,0.1826,0.1826,0.0,0.0,0.2582
1786969655.1303,2026-08-17 14:27:35.130,,0,0,-0.03698,-0.49908,0.05493,-0.5655,-0.4016,0.678,0.0108,-0.0494,-0.2119,4.68274,0.1826,0.0,0.0,0.1826,0.0,0.0,0.0,0.0,0.0,0.0,0.0,0.0,0.0,0.0,0.1826,0.1826,0.0,0.0,0.2582
1786969655.1806,2026-08-17 14:27:35.180,,0,0,-0.03697,-0.49906,0.05471,-0.5413,-0.4369,0.6773,0.0099,-0.0472,-0.2188,4.68274,0.0,0.0,0.0,0.1826,0.0,0.0,0.0,0.0,0.0,0.0,0.0,0.0,0.0,0.0,0.0,0.0,0.0,0.0,0.0
1786969655.2309,2026-08-17 14:27:35.230,,0,0,-0.03697,-0.49908,0.05453,-0.6414,-0.131,0.5284,0.0025,-0.0494,-0.2173,4.67947,0.0,0.0,0.0,0.0,0.0,0.0,0.0,0.0,0.0,0.0,0.0,0.0,0.1826,0.0,0.0,0.1826,0.0,0.0,0.0
1786969655.2812,2026-08-17 14:27:35.281,,0,0,-0.03698,-0.49908,0.05435,-0.5796,-0.0492,0.635,0.0006,-0.0477,-0.2193,4.67922,0.0,0.0,0.0,0.0,0.0,0.0,0.0,0.0,0.0,0.0,0.0,0.0,0.1826,0.0,0.0,0.1826,0.0,0.0,0.0
1786969655.3316,2026-08-17 14:27:35.331,,0,0,-0.03697,-0.49906,0.05413,-0.8101,-0.4704,0.791,0.0132,-0.0505,-0.2273,4.6772,0.1826,0.0,0.0,0.0,0.0,0.0,0.0,0.0,0.0,0.0,0.0,0.0,0.0,0.0,0.0,0.0,0.0,0.0,0.0
1786969655.3819,2026-08-17 14:27:35.381,,0,0,-0.03695,-0.49906,0.05391,-0.4761,-0.3689,0.782,0.0101,-0.0438,-0.2257,4.68098,0.1826,0.0,0.0,0.0,0.0,0.0,0.0,0.0,0.0,0.0,0.0,0.0,0.0,0.0,0.0,0.0,0.0,0.0,0.0
1786969655.4321,2026-08-17 14:27:35.432,,0,0,-0.03697,-0.49907,0.05371,-0.7518,-0.1034,0.7653,-0.0,-0.0536,-0.2225,4.68098,0.0,0.0,0.0,0.1826,0.0,0.0,0.0,0.0,0.0,0.0,0.0,0.0,0.0,0.0,0.0,0.1826,0.0,0.0,0.0
1786969655.4825,2026-08-17 14:27:35.482,,0,0,-0.03697,-0.49907,0.05352,-0.7102,0.0884,0.9752,0.0016,-0.0526,-0.227,4.68073,0.0,0.0,0.0,0.2582,0.0,0.0,0.0,0.0,0.0,0.0,0.0,0.0,0.0,0.0,0.0,0.0,0.0,0.0,0.0
1786969655.5328,2026-08-17 14:27:35.532,,0,0,-0.03697,-0.49908,0.05332,-0.8244,-0.0227,0.883,-0.0009,-0.0553,-0.2202,4.67922,0.0,0.0,0.0,0.2582,0.0,0.0,0.0,0.0,0.0,0.0,0.0,0.0,0.0,0.0,0.0,0.0,0.0,0.0,0.0
1786969655.5831,2026-08-17 14:27:35.583,,0,0,-0.03697,-0.49906,0.05313,-0.3651,-0.2766,0.7775,0.0082,-0.0417,-0.2186,4.67746,0.0,0.0,0.0,0.1826,0.0,0.0,0.0,0.0,0.0,0.0,0.0,0.0,0.0,0.0,0.0,0.0,0.0,0.0,0.0
1786969655.6335,2026-08-17 14:27:35.633,,0,0,-0.03697,-0.49908,0.05293,-0.6701,-0.2665,0.8226,0.0057,-0.0502,-0.2257,4.68652,0.0,0.0,0.0,0.1826,0.0,0.0,0.0,0.0,0.0,0.0,0.0,0.0,0.0,0.0,0.0,0.0,0.0,0.0,0.0
1786969655.684,2026-08-17 14:27:35.683,,0,0,-0.03697,-0.49907,0.05272,-0.8069,-0.0975,0.7132,0.0039,-0.0506,-0.224,4.68979,0.0,0.0,0.0,0.0,0.0,0.0,0.0,0.0,0.0,0.1826,0.0,0.0,0.1826,0.0,0.0,0.1826,0.0,0.0,0.0
1786969655.7343,2026-08-17 14:27:35.734,,0,0,-0.03696,-0.49905,0.05248,-0.4336,-0.6402,0.645,0.0157,-0.0441,-0.218,4.68476,0.0,0.0,0.0,0.0,0.0,0.0,0.0,0.0,0.0,0.1826,0.0,0.0,0.1826,0.0,0.0,0.1826,0.0,0.0,0.0
1786969655.7846,2026-08-17 14:27:35.784,,0,0,-0.03698,-0.49906,0.05227,-0.5084,-0.3682,0.8044,0.0095,-0.0464,-0.2215,4.68652,0.0,0.0,0.0,0.0,0.0,0.0,0.0,0.0,0.0,0.0,0.0,0.0,0.0,0.0,0.0,0.1826,0.0,0.0,0.0
1786969655.8348,2026-08-17 14:27:35.834,,0,0,-0.03698,-0.49905,0.05208,-0.4599,0.0098,0.6544,0.0009,-0.0453,-0.2222,4.68602,0.0,0.0,0.0,0.3162,0.0,0.0,0.0,0.0,0.0,0.0,0.0,0.0,0.0,0.0,0.0,0.1826,0.0,0.0,0.0
1786969655.8852,2026-08-17 14:27:35.885,,0,0,-0.03698,-0.49907,0.05191,-0.5068,-0.79,0.6505,0.0205,-0.0451,-0.2236,4.6903,0.0,0.0,0.0,0.3162,0.0,0.0,0.0,0.0,0.0,0.0,0.0,0.0,0.0,0.0,0.0,0.1826,0.0,0.0,0.0
1786969655.9354,2026-08-17 14:27:35.935,,0,0,-0.03698,-0.49907,0.05171,-0.4768,-0.1224,0.4707,0.0023,-0.0478,-0.2234,4.68778,0.0,0.0,0.0,0.0,0.0,0.1826,0.0,0.0,0.0,0.0,0.0,0.0,0.0,0.0,0.0,0.1826,0.0,0.0,0.0
1786969655.9858,2026-08-17 14:27:35.985,,0,0,-0.03697,-0.49907,0.0515,-0.2757,-0.5464,0.4446,0.0157,-0.0401,-0.2181,4.69256,0.0,0.0,0.0,0.0,0.0,0.1826,0.0,0.0,0.0,0.0,0.0,0.0,0.0,0.0,0.0,0.1826,0.0,0.0,0.0
1786969656.0361,2026-08-17 14:27:36.036,,0,0,-0.03696,-0.49907,0.05129,-0.5797,-0.1625,0.5163,0.0065,-0.0472,-0.2243,4.69231,0.0,0.0,0.1826,0.0,0.0,0.0,0.0,0.0,0.0,0.0,0.0,0.1826,0.0,0.0,0.0,0.1826,0.0,0.0,0.1826
1786969656.0863,2026-08-17 14:27:36.086,,0,0,-0.03697,-0.49907,0.05108,-0.7931,-0.1847,0.7129,0.0042,-0.0536,-0.2196,4.68224,0.2582,0.0,0.1826,0.0,0.1826,0.0,0.1826,0.0,0.0,0.0,0.0,0.0,0.0,0.0,0.0,0.0,0.1826,0.0,0.0
1786969656.1365,2026-08-17 14:27:36.136,,0,0,-0.03696,-0.49907,0.0509,-0.3702,-0.4555,0.4559,0.0118,-0.0431,-0.2172,4.68325,0.2582,0.0,0.1826,0.0,0.1826,0.0,0.1826,0.0,0.0,0.0,0.0,0.0,0.0,0.0,0.0,0.0,0.1826,0.0,0.0
1786969656.1867,2026-08-17 14:27:36.186,,0,0,-0.03696,-0.49906,0.05067,-0.3317,-0.309,0.5254,0.0093,-0.0451,-0.2159,4.68778,0.1826,0.0,0.1826,0.0,0.0,0.0,0.0,0.1826,0.0,0.0,0.0,0.0,0.1826,0.0,0.1826,0.1826,0.0,0.0,0.1826
1786969656.2369,2026-08-17 14:27:36.236,,0,0,-0.03697,-0.49906,0.05049,-0.667,-0.157,0.4036,0.0056,-0.0502,-0.2245,4.68476,0.1826,0.0,0.1826,0.0,0.0,0.0,0.0,0.1826,0.0,0.0,0.0,0.0,0.1826,0.0,0.1826,0.1826,0.0,0.0,0.1826
1786969656.2872,2026-08-17 14:27:36.287,,0,0,-0.03696,-0.49906,0.0503,-0.7257,0.0923,0.6962,0.0023,-0.0525,-0.2253,4.68022,0.1826,0.0,0.0,0.0,0.0,0.0,0.0,0.0,0.0,0.0,0.0,0.0,0.0,0.0,0.1826,0.2582,0.0,0.0,0.1826
1786969656.3374,2026-08-17 14:27:36.337,,0,0,-0.03695,-0.49906,0.05005,-0.4675,-0.1679,0.6083,0.0009,-0.0433,-0.2253,4.68073,0.1826,0.0,0.1826,0.1826,0.1826,0.0,0.1826,0.0,0.0,0.0,0.0,0.0,0.0,0.0,0.0,0.0,0.0,0.0,0.0
1786969656.3878,2026-08-17 14:27:36.387,,0,0,-0.03696,-0.49906,0.04985,-0.3247,-0.3836,0.4051,0.0112,-0.043,-0.2215,4.69181,0.1826,0.0,0.1826,0.1826,0.1826,0.0,0.1826,0.0,0.0,0.0,0.0,0.0,0.0,0.0,0.0,0.0,0.0,0.0,0.0
1786969656.438,2026-08-17 14:27:36.438,,0,0,-0.03697,-0.49906,0.04968,-0.394,-0.0412,0.5977,0.0037,-0.0428,-0.2256,4.67972,0.0,0.0,0.1826,0.0,0.0,0.0,0.0,0.0,0.0,0.0,0.0,0.0,0.1826,0.0,0.1826,0.0,0.0,0.0,0.3651
1786969656.4883,2026-08-17 14:27:36.488,,0,0,-0.03698,-0.49906,0.04948,-0.6815,0.0532,0.5301,0.0004,-0.0512,-0.2275,4.68123,0.0,0.0,0.1826,0.0,0.0,0.0,0.0,0.0,0.0,0.0,0.0,0.0,0.1826,0.0,0.1826,0.0,0.0,0.0,0.3651
1786969656.5386,2026-08-17 14:27:36.538,,0,0,-0.03697,-0.49907,0.04929,-0.3843,-0.4213,0.4324,0.0086,-0.0433,-0.2177,4.67821,0.1826,0.0,0.1826,0.0,0.0,0.0,0.0,0.0,0.0,0.0,0.0,0.0,0.0,0.0,0.0,0.3162,0.0,0.0,0.0
1786969656.5889,2026-08-17 14:27:36.588,,0,0,-0.03698,-0.49907,0.0491,-0.6816,-0.2147,0.6729,0.0043,-0.0506,-0.2259,4.67771,0.1826,0.0,0.1826,0.0,0.0,0.0,0.0,0.0,0.0,0.0,0.0,0.0,0.0,0.0,0.0,0.3162,0.0,0.0,0.0
1786969656.6392,2026-08-17 14:27:36.639,,0,0,-0.03697,-0.49908,0.04891,-0.3108,-0.5381,0.6663,0.0128,-0.0443,-0.2283,4.684,0.0,0.0,0.2582,0.0,0.0,0.0,0.0,0.0,0.0,0.0,0.0,0.0,0.0,0.0,0.0,0.0,0.0,0.0,0.0
1786969656.6895,2026-08-17 14:27:36.689,,0,0,-0.03697,-0.49907,0.0487,-0.4328,-0.2857,0.6033,0.0028,-0.0439,-0.2271,4.68174,0.0,0.0,0.0,0.0,0.0,0.0,0.0,0.0,0.0,0.0,0.0,0.0,0.0,0.0,0.0,0.0,0.0,0.0,0.0
1786969656.7399,2026-08-17 14:27:36.739,,0,0,-0.03697,-0.49906,0.04847,-0.5127,-0.0834,0.63,0.0025,-0.0473,-0.2228,4.68853,0.0,0.0,0.0,0.0,0.0,0.0,0.0,0.0,0.0,0.0,0.0,0.0,0.0,0.0,0.0,0.0,0.0,0.0,0.0
1786969656.7902,2026-08-17 14:27:36.790,,0,0,-0.03695,-0.49907,0.04827,-0.6378,-0.1694,0.6469,0.0048,-0.0482,-0.2254,4.68174,0.0,0.0,0.2582,0.0,0.0,0.1826,0.0,0.0,0.0,0.0,0.0,0.1826,0.0,0.0,0.0,0.2582,0.0,0.0,0.0
1786969656.8405,2026-08-17 14:27:36.840,,0,0,-0.03697,-0.49907,0.04808,-0.406,-0.2993,0.5183,0.0056,-0.046,-0.2214,4.68727,0.0,0.0,0.2582,0.0,0.0,0.1826,0.0,0.0,0.0,0.0,0.0,0.1826,0.0,0.0,0.0,0.2582,0.0,0.0,0.0
1786969656.8908,2026-08-17 14:27:36.890,,0,0,-0.03697,-0.49907,0.04789,-0.4319,-0.3138,0.4938,0.0071,-0.0441,-0.2269,4.67267,0.0,0.0,0.0,0.1826,0.1826,0.0,0.0,0.0,0.0,0.0,0.0,0.0,0.1826,0.0,0.0,0.1826,0.0,0.0,0.0
1786969656.9412,2026-08-17 14:27:36.941,,0,0,-0.03696,-0.49906,0.04768,-0.3605,-0.1041,0.3568,0.0054,-0.045,-0.2245,4.68979,0.1826,0.0,0.0,0.1826,0.0,0.0,0.0,0.0,0.0,0.1826,0.0,0.0,0.0,0.0,0.0,0.0,0.0,0.0,0.0
1786969656.9915,2026-08-17 14:27:36.991,,0,0,-0.03696,-0.49907,0.04745,-0.6974,0.2587,0.4436,-0.0053,-0.0501,-0.2218,4.6908,0.1826,0.0,0.0,0.1826,0.0,0.0,0.0,0.0,0.0,0.1826,0.0,0.0,0.0,0.0,0.0,0.0,0.0,0.0,0.0
1786969657.0418,2026-08-17 14:27:37.041,,0,0,-0.03696,-0.49906,0.04725,-0.5964,-0.0603,0.4938,0.0016,-0.048,-0.2217,4.68123,0.2582,0.0,0.0,0.0,0.1826,0.2582,0.0,0.1826,0.0,0.0,0.1826,0.0,0.0,0.0,0.0,0.2582,0.0,0.0,0.0
1786969657.0921,2026-08-17 14:27:37.092,,0,0,-0.03696,-0.49908,0.04708,-0.427,-0.4259,0.6419,0.0115,-0.043,-0.2246,4.6835,0.2582,0.0,0.0,0.0,0.1826,0.2582,0.0,0.1826,0.0,0.0,0.1826,0.0,0.0,0.0,0.0,0.2582,0.0,0.0,0.0
1786969657.1425,2026-08-17 14:27:37.142,,0,0,-0.03696,-0.49907,0.04689,-0.658,-0.1825,0.4545,0.0025,-0.0505,-0.23,4.68526,0.0,0.2582,0.1826,0.1826,0.0,0.1826,0.1826,0.0,0.0,0.0,0.0,0.1826,0.0,0.0,0.0,0.1826,0.0,0.0,0.0
1786969657.1928,2026-08-17 14:27:37.192,,0,0,-0.03696,-0.49907,0.04668,-0.5158,-0.3696,0.4742,0.0112,-0.0465,-0.2199,4.68476,0.0,0.0,0.1826,0.0,0.0,0.2582,0.0,0.0,0.0,0.0,0.0,0.0,0.1826,0.0,0.1826,0.1826,0.0,0.0,0.0
1786969657.2431,2026-08-17 14:27:37.243,,0,0,-0.03696,-0.49905,0.04648,-0.4283,-0.5635,0.5973,0.0131,-0.0437,-0.2273,4.68602,0.0,0.0,0.1826,0.0,0.0,0.2582,0.0,0.0,0.0,0.0,0.0,0.0,0.1826,0.0,0.1826,0.1826,0.0,0.0,0.0
1786969657.2935,2026-08-17 14:27:37.293,,0,0,-0.03695,-0.49906,0.04626,-0.6749,0.0942,0.5864,-0.0021,-0.0539,-0.2292,4.6835,0.0,0.1826,0.0,0.0,0.0,0.2582,0.0,0.0,0.0,0.0,0.0,0.0,0.1826,0.0,0.1826,0.2582,0.0,0.0,0.0
1786969657.3438,2026-08-17 14:27:37.343,,0,0,-0.03697,-0.49906,0.04607,-0.4576,-0.3045,0.3887,0.0073,-0.045,-0.2268,4.68174,0.0,0.1826,0.0,0.0,0.0,0.2582,0.0,0.0,0.0,0.0,0.0,0.0,0.1826,0.0,0.1826,0.2582,0.0,0.0,0.0
1786969657.3941,2026-08-17 14:27:37.394,,0,0,-0.03697,-0.49906,0.04585,-0.1242,-0.4491,0.5422,0.0068,-0.038,-0.2256,4.68979,0.0,0.0,0.0,0.0,0.0,0.2582,0.1826,0.0,0.0,0.1826,0.0,0.0,0.0,0.0,0.0,0.2582,0.0,0.0,0.0
1786969657.4443,2026-08-17 14:27:37.444,,0,0,-0.03697,-0.49908,0.04567,-0.3257,-0.3564,0.2914,0.005,-0.0429,-0.2263,4.69155,0.1826,0.2582,0.1826,0.0,0.0,0.2582,0.0,0.0,0.0,0.3162,0.1826,0.0,0.1826,0.0,0.3162,0.3162,0.0,0.0,0.2582
1786969657.4947,2026-08-17 14:27:37.494,,0,0,-0.03696,-0.49907,0.04549,-0.221,-0.341,0.3079,0.008,-0.0409,-0.2259,4.68828,0.1826,0.2582,0.1826,0.0,0.0,0.2582,0.0,0.0,0.0,0.3162,0.1826,0.0,0.1826,0.0,0.3162,0.3162,0.0,0.0,0.2582
1786969657.545,2026-08-17 14:27:37.545,,0,0,-0.03697,-0.49907,0.04528,-0.5456,-0.3321,0.6093,0.0056,-0.0472,-0.2292,4.68627,0.3162,0.1826,0.1826,0.1826,0.3162,0.2582,0.1826,0.0,0.0,0.1826,0.1826,0.0,0.1826,0.0,0.1826,0.1826,0.0,0.0,0.1826
1786969657.5953,2026-08-17 14:27:37.595,,0,0,-0.03696,-0.49906,0.04503,-0.4147,-0.6308,0.4602,0.0131,-0.0419,-0.2247,4.68526,0.3162,0.1826,0.1826,0.1826,0.3162,0.2582,0.1826,0.0,0.0,0.1826,0.1826,0.0,0.1826,0.0,0.1826,0.1826,0.0,0.0,0.1826
1786969657.6457,2026-08-17 14:27:37.645,,0,0,-0.03696,-0.49908,0.04485,-0.5901,-0.1738,0.4919,0.0016,-0.0497,-0.2311,4.68174,0.0,0.0,0.1826,0.1826,0.1826,0.2582,0.1826,0.0,0.1826,0.2582,0.1826,0.0,0.1826,0.0,0.2582,0.2582,0.0,0.0,0.2582
1786969657.696,2026-08-17 14:27:37.695,,0,0,-0.03697,-0.49907,0.04466,-0.4686,-0.127,0.5232,0.0026,-0.0485,-0.2239,4.67771,0.0,0.0,0.1826,0.1826,0.1826,0.2582,0.1826,0.0,0.1826,0.2582,0.1826,0.0,0.1826,0.0,0.2582,0.2582,0.0,0.0,0.2582
1786969657.7463,2026-08-17 14:27:37.746,,0,0,-0.03698,-0.49907,0.04446,-0.4511,-0.5299,0.4973,0.0142,-0.0446,-0.2272,4.67217,0.2582,0.1826,0.2582,0.1826,0.1826,0.3162,0.1826,0.0,0.0,0.2582,0.1826,0.1826,0.0,0.0,0.1826,0.2582,0.0,0.0,0.0
1786969657.7966,2026-08-17 14:27:37.796,,0,0,-0.03697,-0.49907,0.04428,-0.4085,-0.011,0.8368,0.0006,-0.0441,-0.2294,4.68098,0.1826,0.1826,0.1826,0.1826,0.2582,0.1826,0.0,0.2582,0.1826,0.0,0.1826,0.0,0.2582,0.0,0.0,0.0,0.0,0.0,0.0
1786969657.8469,2026-08-17 14:27:37.846,,0,0,-0.03697,-0.49908,0.04409,-0.2371,-0.5452,0.4241,0.0112,-0.0379,-0.2271,4.68753,0.1826,0.1826,0.1826,0.1826,0.2582,0.1826,0.0,0.2582,0.1826,0.0,0.1826,0.0,0.2582,0.0,0.0,0.0,0.0,0.0,0.0
1786969657.8972,2026-08-17 14:27:37.897,,0,0,-0.03697,-0.49907,0.04391,-0.1257,-0.6284,0.5667,0.0154,-0.037,-0.2234,4.68174,0.1826,0.0,0.1826,0.0,0.0,0.3651,0.0,0.0,0.0,0.1826,0.2582,0.0,0.0,0.0,0.0,0.3162,0.0,0.0,0.0
1786969657.9476,2026-08-17 14:27:37.947,,0,0,-0.03698,-0.49906,0.04365,-0.5578,0.0178,0.5109,-0.001,-0.0458,-0.23,4.68073,0.1826,0.0,0.1826,0.0,0.0,0.3651,0.0,0.0,0.0,0.1826,0.2582,0.0,0.0,0.0,0.0,0.3162,0.0,0.0,0.0
1786969657.9979,2026-08-17 14:27:37.997,,0,0,-0.03698,-0.49907,0.04344,-0.6729,-0.0717,0.558,0.0031,-0.0518,-0.2379,4.67066,0.2582,0.2582,0.2582,0.0,0.0,0.3651,0.2582,0.0,0.0,0.2582,0.3162,0.1826,0.0,0.0,0.2582,0.2582,0.0,0.0,0.1826
1786969658.0482,2026-08-17 14:27:38.048,,0,0,-0.03694,-0.49906,0.04324,-0.6645,-0.3188,0.531,0.0111,-0.0515,-0.2295,4.65605,0.2582,0.3162,0.2582,0.2582,0.1826,0.3651,0.1826,0.1826,0.1826,0.1826,0.1826,0.0,0.1826,0.0,0.1826,0.1826,0.1826,0.0,0.1826
1786969658.0985,2026-08-17 14:27:38.098,,0,0,-0.03696,-0.49907,0.04307,-0.7439,-0.087,0.483,0.0071,-0.0524,-0.2298,4.64775,0.2582,0.3162,0.2582,0.2582,0.1826,0.3651,0.1826,0.1826,0.1826,0.1826,0.1826,0.0,0.1826,0.0,0.1826,0.1826,0.1826,0.0,0.1826
1786969658.1487,2026-08-17 14:27:38.148,,0,0,-0.03697,-0.49907,0.04286,-0.5575,0.1547,0.5684,0.0017,-0.0508,-0.2249,4.64095,0.1826,0.2582,0.3162,0.1826,0.0,0.4082,0.3162,0.0,0.0,0.3162,0.3162,0.0,0.1826,0.0,0.2582,0.3162,0.1826,0.0,0.1826
1786969658.1993,2026-08-17 14:27:38.199,,0,0,-0.03698,-0.49907,0.04267,-0.5542,-0.2258,0.5654,0.0086,-0.0463,-0.2271,4.62282,0.1826,0.2582,0.3162,0.1826,0.0,0.4082,0.3162,0.0,0.0,0.3162,0.3162,0.0,0.1826,0.0,0.2582,0.3162,0.1826,0.0,0.1826
1786969658.2497,2026-08-17 14:27:38.249,1/121,1,0,-0.03696,-0.49908,0.04259,-0.6354,-0.0667,0.8479,0.0035,-0.0467,-0.2275,4.60545,0.2582,0.3651,0.2582,0.1826,0.2582,0.4082,0.1826,0.1826,0.0,0.4082,0.3651,0.0,0.1826,0.0,0.1826,0.3651,0.0,0.0,0.1826
1786969658.3,2026-08-17 14:27:38.299,2/121,1,0,-0.03686,-0.49903,0.04256,-0.7193,-0.5738,0.7241,0.0148,-0.0456,-0.1424,4.61451,0.3162,0.3651,0.2582,0.1826,0.3162,0.4472,0.0,0.2582,0.0,0.3651,0.3651,0.0,0.1826,0.0,0.1826,0.3651,0.0,0.0,0.0
1786969658.3501,2026-08-17 14:27:38.350,3/121,1,0,-0.03673,-0.49897,0.04254,-0.3975,-0.5818,0.2374,0.0145,-0.0379,-0.0995,4.60822,0.3162,0.3651,0.2582,0.1826,0.3162,0.4472,0.0,0.2582,0.0,0.3651,0.3651,0.0,0.1826,0.0,0.1826,0.3651,0.0,0.0,0.0
1786969658.4003,2026-08-17 14:27:38.400,4/121,1,0,-0.03663,-0.49888,0.04252,-0.6937,-0.2328,0.5545,0.0044,-0.0425,-0.0727,4.61149,0.1826,0.4082,0.1826,0.2582,0.2582,0.4082,0.0,0.0,0.0,0.4082,0.3162,0.0,0.1826,0.0,0.3651,0.3162,0.0,0.0,0.1826
1786969658.4505,2026-08-17 14:27:38.450,5/121,1,0,-0.03654,-0.49877,0.04248,-0.5362,-0.3257,0.4556,0.0109,-0.0381,-0.1289,4.61401,0.1826,0.4082,0.1826,0.2582,0.2582,0.4082,0.0,0.0,0.0,0.4082,0.3162,0.0,0.1826,0.0,0.3651,0.3162,0.0,0.0,0.1826
1786969658.5009,2026-08-17 14:27:38.500,6/121,1,0,-0.03644,-0.49867,0.04248,-0.3879,-0.4522,0.6552,0.0096,-0.039,-0.1333,4.6193,0.2582,0.3162,0.1826,0.1826,0.3651,0.3651,0.1826,0.0,0.2582,0.483,0.2582,0.0,0.0,0.0,0.4082,0.2582,0.0,0.0,0.3162
1786969658.5512,2026-08-17 14:27:38.551,7/121,1,0,-0.0364,-0.49854,0.04251,-0.4208,-0.1748,0.5552,0.003,-0.038,-0.1391,4.62685,0.2582,0.3162,0.1826,0.1826,0.3651,0.3651,0.1826,0.0,0.2582,0.483,0.2582,0.0,0.0,0.0,0.4082,0.2582,0.0,0.0,0.3162
1786969658.6016,2026-08-17 14:27:38.601,8/121,1,0,-0.03636,-0.49842,0.04251,-0.4595,-0.4783,0.6442,0.0109,-0.0354,-0.1372,4.63692,0.4082,0.2582,0.2582,0.2582,0.3162,0.4472,0.0,0.0,0.1826,0.4082,0.3162,0.0,0.0,0.1826,0.3162,0.3651,0.0,0.1826,0.1826
1786969658.6519,2026-08-17 14:27:38.651,9/121,1,0,-0.03631,-0.4983,0.04251,-0.566,-0.2246,0.5647,0.0042,-0.0427,-0.1451,4.64246,0.2582,0.4082,0.3651,0.2582,0.2582,0.4472,0.1826,0.0,0.2582,0.483,0.3162,0.2582,0.0,0.0,0.4082,0.3651,0.1826,0.0,0.2582
1786969658.7022,2026-08-17 14:27:38.702,10/121,1,0,-0.03629,-0.49818,0.04252,-0.2998,-0.3848,0.6893,0.0056,-0.038,-0.1942,4.65253,0.2582,0.4082,0.3651,0.2582,0.2582,0.4472,0.1826,0.0,0.2582,0.483,0.3162,0.2582,0.0,0.0,0.4082,0.3651,0.1826,0.0,0.2582
1786969658.7525,2026-08-17 14:27:38.752,11/121,1,0,-0.03633,-0.49804,0.04253,-0.3523,-0.2419,0.87,0.0029,-0.0392,-0.2431,4.66058,0.3651,0.3651,0.3162,0.3651,0.4082,0.4082,0.0,0.1826,0.3162,0.4082,0.3651,0.0,0.2582,0.0,0.3162,0.3162,0.1826,0.0,0.2582
1786969658.8028,2026-08-17 14:27:38.802,12/121,1,0,-0.03636,-0.4979,0.04252,0.1114,-0.5976,0.7643,0.0077,-0.0335,-0.3067,4.66235,0.3651,0.3651,0.3162,0.3651,0.4082,0.4082,0.0,0.1826,0.3162,0.4082,0.3651,0.0,0.2582,0.0,0.3162,0.3162,0.1826,0.0,0.2582
1786969658.8531,2026-08-17 14:27:38.853,13/121,1,0,-0.03646,-0.49774,0.04252,-0.3504,-0.9044,0.6657,0.0151,-0.0461,-0.3905,4.66361,0.1826,0.4082,0.2582,0.1826,0.3162,0.4082,0.1826,0.0,0.1826,0.4472,0.2582,0.0,0.1826,0.0,0.2582,0.3162,0.1826,0.0,0.1826
1786969658.9034,2026-08-17 14:27:38.903,14/121,1,0,-0.03659,-0.49758,0.04252,-0.3081,-0.309,0.5541,0.0001,-0.0449,-0.4731,4.6694,0.2582,0.3651,0.2582,0.1826,0.3162,0.4082,0.0,0.1826,0.1826,0.4472,0.2582,0.0,0.1826,0.1826,0.3162,0.1826,0.0,0.1826,0.1826
1786969658.9537,2026-08-17 14:27:38.953,14/121,1,0,-0.03678,-0.49743,0.04251,-0.2201,-0.3858,0.6599,0.0032,-0.0412,-0.5722,4.6694,0.2582,0.3651,0.2582,0.1826,0.3162,0.4082,0.0,0.1826,0.1826,0.4472,0.2582,0.0,0.1826,0.1826,0.3162,0.1826,0.0,0.1826,0.1826
1786969659.004,2026-08-17 14:27:39.003,15/121,1,0,-0.0369,-0.49733,0.04252,-0.7022,-0.2166,0.4179,0.0025,-0.0627,-0.6209,4.66889,0.2582,0.3651,0.3162,0.0,0.3162,0.4082,0.0,0.0,0.2582,0.4472,0.0,0.0,0.1826,0.0,0.3162,0.2582,0.0,0.0,0.1826
1786969659.0543,2026-08-17 14:27:39.054,16/121,1,0,-0.03702,-0.49728,0.04254,-0.6323,-0.4479,0.531,0.008,-0.0624,-0.5879,4.66462,0.2582,0.3651,0.3162,0.0,0.3162,0.4082,0.0,0.0,0.2582,0.4472,0.0,0.0,0.1826,0.0,0.3162,0.2582,0.0,0.0,0.1826
1786969659.1046,2026-08-17 14:27:39.104,17/121,1,0,-0.03715,-0.49721,0.04253,-0.2192,-0.3357,0.5251,0.001,-0.0567,-0.5698,4.66587,0.3162,0.3651,0.3651,0.0,0.3651,0.4472,0.1826,0.1826,0.0,0.483,0.3162,0.1826,0.1826,0.1826,0.3651,0.3651,0.2582,0.1826,0.1826
1786969659.1548,2026-08-17 14:27:39.154,18/121,1,0,-0.03735,-0.49715,0.04255,-0.4754,-0.3292,0.61,-0.0029,-0.058,-0.5663,4.66058,0.1826,0.4082,0.2582,0.2582,0.4082,0.4082,0.1826,0.1826,0.1826,0.4082,0.1826,0.0,0.3651,0.0,0.3162,0.2582,0.1826,0.0,0.2582
1786969659.205,2026-08-17 14:27:39.205,19/121,1,0,-0.0376,-0.49712,0.04255,-0.2325,-0.6327,0.5606,0.0063,-0.0558,-0.5662,4.67091,0.1826,0.4082,0.2582,0.2582,0.4082,0.4082,0.1826,0.1826,0.1826,0.4082,0.1826,0.0,0.3651,0.0,0.3162,0.2582,0.1826,0.0,0.2582
1786969659.2554,2026-08-17 14:27:39.255,19/121,1,0,-0.03784,-0.4971,0.04256,-0.4469,-0.44,0.5362,0.0062,-0.0665,-0.5593,4.66058,0.2582,0.3162,0.2582,0.0,0.4082,0.3162,0.0,0.1826,0.0,0.3651,0.2582,0.1826,0.2582,0.0,0.1826,0.2582,0.0,0.0,0.0
1786969659.3058,2026-08-17 14:27:39.305,20/121,1,0,-0.03794,-0.49707,0.04255,-0.3539,-0.3077,0.7898,-0.0002,-0.0635,-0.573,4.66134,0.2582,0.3162,0.2582,0.0,0.4082,0.3162,0.0,0.1826,0.0,0.3651,0.2582,0.1826,0.2582,0.0,0.1826,0.2582,0.0,0.0,0.0
1786969659.356,2026-08-17 14:27:39.356,21/121,1,0,-0.03811,-0.49705,0.04253,0.118,-0.5932,0.6217,0.0056,-0.0564,-0.5568,4.65706,0.2582,0.3651,0.3162,0.2582,0.3651,0.4082,0.2582,0.1826,0.1826,0.4082,0.2582,0.0,0.1826,0.0,0.2582,0.2582,0.2582,0.0,0.1826
1786969659.4064,2026-08-17 14:27:39.406,22/121,1,0,-0.03837,-0.49707,0.04256,-0.0033,-0.4952,0.8193,0.0068,-0.0608,-0.5602,4.64699,0.1826,0.3162,0.2582,0.1826,0.3162,0.4082,0.2582,0.2582,0.1826,0.483,0.1826,0.0,0.2582,0.0,0.3162,0.1826,0.1826,0.0,0.2582
1786969659.4565,2026-08-17 14:27:39.456,22/121,1,0,-0.03863,-0.4971,0.04255,-0.3007,-0.3704,0.8323,0.0029,-0.0694,-0.5674,4.65026,0.1826,0.3162,0.2582,0.1826,0.3162,0.4082,0.2582,0.2582,0.1826,0.483,0.1826,0.0,0.2582,0.0,0.3162,0.1826,0.1826,0.0,0.2582
1786969659.5067,2026-08-17 14:27:39.506,23/121,1,0,-0.03871,-0.49713,0.04256,-0.0923,0.0332,0.8513,-0.0045,-0.0689,-0.5775,4.6407,0.3651,0.2582,0.0,0.1826,0.4082,0.3162,0.0,0.1826,0.1826,0.4082,0.1826,0.0,0.3162,0.0,0.3651,0.1826,0.0,0.0,0.3162
1786969659.557,2026-08-17 14:27:39.557,24/121,1,0,-0.0389,-0.49722,0.04258,-0.0034,-0.1992,0.7906,0.0004,-0.0701,-0.5649,4.64347,0.3651,0.2582,0.0,0.1826,0.4082,0.3162,0.0,0.1826,0.1826,0.4082,0.1826,0.0,0.3162,0.0,0.3651,0.1826,0.0,0.0,0.3162
1786969659.6074,2026-08-17 14:27:39.607,24/121,1,0,-0.03922,-0.49741,0.04258,-0.1903,-0.6556,0.7276,0.0143,-0.0712,-0.5684,4.63667,0.3162,0.3162,0.2582,0.2582,0.3162,0.3651,0.0,0.0,0.0,0.4082,0.2582,0.1826,0.0,0.1826,0.3162,0.3162,0.1826,0.1826,0.1826
1786969659.6576,2026-08-17 14:27:39.657,25/121,1,0,-0.03932,-0.49749,0.04258,-0.0035,-0.193,0.7864,0.0011,-0.072,-0.5661,4.63339,0.3162,0.3162,0.2582,0.2582,0.3162,0.3651,0.0,0.0,0.0,0.4082,0.2582,0.1826,0.0,0.1826,0.3162,0.3162,0.1826,0.1826,0.1826
1786969659.7078,2026-08-17 14:27:39.707,26/121,1,0,-0.03945,-0.49758,0.04256,-0.2178,-0.1798,0.9044,0.0024,-0.0763,-0.5669,4.62332,0.0,0.2582,0.3162,0.3162,0.4082,0.3651,0.1826,0.1826,0.2582,0.4082,0.1826,0.1826,0.2582,0.0,0.3651,0.1826,0.1826,0.0,0.3162
1786969659.7582,2026-08-17 14:27:39.758,26/121,1,0,-0.03969,-0.49781,0.04253,-0.3816,-0.119,0.9862,0.0045,-0.0776,-0.5599,4.62055,0.3162,0.2582,0.3162,0.1826,0.3162,0.3651,0.0,0.2582,0.1826,0.4082,0.2582,0.1826,0.3162,0.3162,0.3162,0.2582,0.1826,0.1826,0.3162
1786969659.8086,2026-08-17 14:27:39.808,27/121,1,0,-0.0398,-0.49797,0.04258,-0.3037,-0.1746,1.0911,0.0013,-0.0763,-0.5732,4.61753,0.3162,0.2582,0.3162,0.1826,0.3162,0.3651,0.0,0.2582,0.1826,0.4082,0.2582,0.1826,0.3162,0.3162,0.3162,0.2582,0.1826,0.1826,0.3162
1786969659.859,2026-08-17 14:27:39.858,28/121,1,0,-0.0399,-0.49808,0.04257,-0.0977,-0.0758,0.9489,-0.0011,-0.0697,-0.5552,4.6135,0.2582,0.2582,0.3162,0.4082,0.3162,0.3651,0.0,0.2582,0.1826,0.3651,0.3162,0.2582,0.2582,0.0,0.3162,0.1826,0.2582,0.0,0.2582
1786969659.9093,2026-08-17 14:27:39.909,28/121,1,0,-0.04011,-0.49836,0.04255,-0.2752,-0.5172,1.0223,0.0077,-0.0743,-0.5639,4.61023,0.2582,0.2582,0.3162,0.4082,0.3162,0.3651,0.0,0.2582,0.1826,0.3651,0.3162,0.2582,0.2582,0.0,0.3162,0.1826,0.2582,0.0,0.2582
1786969659.9597,2026-08-17 14:27:39.959,29/121,1,0,-0.04017,-0.49847,0.04256,-0.4454,-0.158,0.8408,0.0032,-0.0764,-0.5635,4.59714,0.1826,0.2582,0.3162,0.1826,0.1826,0.4082,0.0,0.2582,0.0,0.4082,0.3651,0.2582,0.3162,0.2582,0.3162,0.2582,0.0,0.1826,0.3162
1786969660.01,2026-08-17 14:27:40.010,30/121,1,0,-0.04032,-0.4987,0.04255,-0.658,-0.4521,1.0343,0.0089,-0.0771,-0.5657,4.61199,0.0,0.3162,0.1826,0.2582,0.3162,0.2582,0.0,0.0,0.2582,0.4082,0.1826,0.0,0.2582,0.2582,0.3651,0.0,0.0,0.2582,0.3162
1786969660.0603,2026-08-17 14:27:40.060,30/121,1,0,-0.04043,-0.49902,0.04253,-0.633,-0.1745,0.7352,0.008,-0.0744,-0.5566,4.61904,0.0,0.3162,0.1826,0.2582,0.3162,0.2582,0.0,0.0,0.2582,0.4082,0.1826,0.0,0.2582,0.2582,0.3651,0.0,0.0,0.2582,0.3162
1786969660.1106,2026-08-17 14:27:40.110,31/121,1,0,-0.04046,-0.49912,0.04254,-0.0595,-0.0331,0.8996,-0.0025,-0.0515,-0.5506,4.62131,0.2582,0.2582,0.1826,0.3162,0.3162,0.3162,0.0,0.0,0.2582,0.3162,0.1826,0.1826,0.0,0.1826,0.3162,0.1826,0.0,0.1826,0.2582
1786969660.1608,2026-08-17 14:27:40.160,31/121,1,0,-0.04058,-0.49944,0.04254,-0.2416,-0.4261,0.8158,0.0088,-0.0565,-0.556,4.62685,0.2582,0.2582,0.1826,0.3162,0.3162,0.3162,0.0,0.0,0.2582,0.3162,0.1826,0.1826,0.0,0.1826,0.3162,0.1826,0.0,0.1826,0.2582
1786969660.211,2026-08-17 14:27:40.211,32/121,1,0,-0.04063,-0.49962,0.04256,-0.4743,-0.5561,0.9027,0.0098,-0.0585,-0.546,4.63541,0.0,0.1826,0.3162,0.3162,0.1826,0.3651,0.3162,0.0,0.2582,0.4082,0.3162,0.3162,0.1826,0.0,0.3162,0.3162,0.2582,0.0,0.1826
1786969660.2613,2026-08-17 14:27:40.261,33/121,1,0,-0.04068,-0.49982,0.04255,-0.4251,-0.329,0.6791,0.0118,-0.0568,-0.5284,4.65328,0.1826,0.2582,0.2582,0.1826,0.0,0.3651,0.0,0.0,0.0,0.4472,0.3651,0.0,0.1826,0.0,0.3651,0.3162,0.0,0.0,0.3162
1786969660.3117,2026-08-17 14:27:40.311,33/121,1,0,-0.04068,-0.50012,0.04253,-0.7036,-0.1246,0.683,0.0084,-0.0634,-0.4537,4.6553,0.1826,0.2582,0.2582,0.1826,0.0,0.3651,0.0,0.0,0.0,0.4472,0.3651,0.0,0.1826,0.0,0.3651,0.3162,0.0,0.0,0.3162
1786969660.362,2026-08-17 14:27:40.361,34/121,1,0,-0.04069,-0.50032,0.04256,-0.7199,-0.6247,0.876,0.0209,-0.0581,-0.4116,4.66285,0.1826,0.1826,0.2582,0.1826,0.0,0.4082,0.1826,0.0,0.0,0.4082,0.3651,0.2582,0.0,0.0,0.3162,0.2582,0.0,0.1826,0.1826
1786969660.4123,2026-08-17 14:27:40.412,34/121,1,0,-0.04061,-0.50067,0.04256,-0.5446,0.1003,0.5661,0.0029,-0.0526,-0.3315,4.66562,0.1826,0.1826,0.2582,0.1826,0.0,0.4082,0.1826,0.0,0.0,0.4082,0.3651,0.2582,0.0,0.0,0.3162,0.2582,0.0,0.1826,0.1826
1786969660.4626,2026-08-17 14:27:40.462,35/121,1,0,-0.04055,-0.50084,0.04257,-0.5155,-0.2391,0.785,0.0171,-0.0501,-0.2618,4.6767,0.1826,0.1826,0.3162,0.1826,0.3162,0.4082,0.1826,0.0,0.0,0.4082,0.4082,0.1826,0.1826,0.0,0.3162,0.3162,0.0,0.0,0.2582
1786969660.5129,2026-08-17 14:27:40.512,36/121,1,0,-0.04052,-0.50111,0.04256,-0.8585,-0.5729,0.7684,0.0204,-0.0566,-0.2233,4.66562,0.1826,0.1826,0.3162,0.1826,0.3162,0.4082,0.1826,0.0,0.0,0.4082,0.4082,0.1826,0.1826,0.0,0.3162,0.3162,0.0,0.0,0.2582
1786969660.5633,2026-08-17 14:27:40.563,36/121,1,0,-0.04043,-0.50135,0.04255,-0.167,0.0268,0.6916,0.0044,-0.0425,-0.1395,4.66864,0.1826,0.3162,0.4472,0.1826,0.2582,0.4082,0.3651,0.0,0.0,0.1826,0.3651,0.3162,0.0,0.0,0.1826,0.3162,0.2582,0.0,0.1826
1786969660.6137,2026-08-17 14:27:40.613,37/121,1,0,-0.04039,-0.50152,0.04257,-0.7071,0.0487,0.635,0.0081,-0.0541,-0.1835,4.67443,0.0,0.1826,0.3651,0.0,0.1826,0.4472,0.3162,0.3162,0.0,0.3162,0.4472,0.2582,0.3651,0.0,0.3162,0.4082,0.2582,0.0,0.1826
1786969660.664,2026-08-17 14:27:40.664,37/121,1,0,-0.0402,-0.50189,0.04253,-0.7458,-0.236,0.5598,0.0168,-0.0565,-0.192,4.65933,0.0,0.1826,0.3651,0.0,0.1826,0.4472,0.3162,0.3162,0.0,0.3162,0.4472,0.2582,0.3651,0.0,0.3162,0.4082,0.2582,0.0,0.1826
1786969660.7144,2026-08-17 14:27:40.714,38/121,1,0,-0.04018,-0.502,0.04258,-0.4417,-0.0722,0.5463,0.0071,-0.0476,-0.1931,4.66159,0.0,0.3162,0.3162,0.0,0.0,0.4472,0.2582,0.1826,0.0,0.3651,0.4082,0.2582,0.2582,0.0,0.3162,0.3162,0.0,0.0,0.1826
1786969660.7647,2026-08-17 14:27:40.764,38/121,1,0,-0.03997,-0.50234,0.04257,-0.5259,-0.4544,0.675,0.0181,-0.0463,-0.203,4.66436,0.0,0.3162,0.3162,0.0,0.0,0.4472,0.2582,0.1826,0.0,0.3651,0.4082,0.2582,0.2582,0.0,0.3162,0.3162,0.0,0.0,0.1826
1786969660.8149,2026-08-17 14:27:40.814,39/121,1,0,-0.03989,-0.50243,0.04257,-0.4325,0.0987,0.5489,0.0039,-0.0454,-0.1998,4.66159,0.1826,0.2582,0.3651,0.0,0.1826,0.4472,0.3651,0.0,0.0,0.3162,0.4082,0.1826,0.1826,0.0,0.3162,0.4472,0.0,0.0,0.1826
1786969660.8653,2026-08-17 14:27:40.865,39/121,1,0,-0.03966,-0.50274,0.04256,-0.5378,-0.3047,0.7413,0.0111,-0.0434,-0.2088,4.64976,0.0,0.3162,0.3651,0.1826,0.1826,0.4472,0.3651,0.0,0.0,0.4082,0.4472,0.2582,0.1826,0.0,0.4082,0.3651,0.1826,0.0,0.3651
1786969660.9156,2026-08-17 14:27:40.915,40/121,1,0,-0.03956,-0.50282,0.04256,-0.6271,-0.1112,0.5966,0.0104,-0.049,-0.1937,4.65102,0.0,0.3162,0.3651,0.1826,0.1826,0.4472,0.3651,0.0,0.0,0.4082,0.4472,0.2582,0.1826,0.0,0.4082,0.3651,0.1826,0.0,0.3651
1786969660.966,2026-08-17 14:27:40.965,40/121,1,0,-0.0393,-0.50308,0.04254,-0.674,-0.1095,0.7862,0.0087,-0.0431,-0.2176,4.6626,0.2582,0.1826,0.3651,0.2582,0.3162,0.4472,0.4082,0.1826,0.0,0.2582,0.4472,0.2582,0.1826,0.0,0.3162,0.3651,0.1826,0.2582,0.2582
1786969661.0162,2026-08-17 14:27:41.016,41/121,1,0,-0.03916,-0.50323,0.04256,-0.6708,-0.4679,0.8091,0.0163,-0.0433,-0.2078,4.65882,0.2582,0.1826,0.3651,0.2582,0.3162,0.4472,0.4082,0.1826,0.0,0.2582,0.4472,0.2582,0.1826,0.0,0.3162,0.3651,0.1826,0.2582,0.2582
1786969661.0665,2026-08-17 14:27:41.066,41/121,1,0,-0.03893,-0.50342,0.04255,-0.5925,-0.1995,0.6795,0.0113,-0.038,-0.2086,4.66159,0.1826,0.2582,0.3651,0.0,0.1826,0.483,0.4472,0.0,0.0,0.3162,0.4472,0.3162,0.2582,0.0,0.3651,0.4082,0.1826,0.0,0.1826
1786969661.1166,2026-08-17 14:27:41.116,42/121,1,0,-0.03877,-0.50354,0.04255,-0.52,-0.5046,0.6315,0.0143,-0.0354,-0.2131,4.66462,0.1826,0.3162,0.3651,0.1826,0.1826,0.4472,0.4082,0.1826,0.0,0.2582,0.4472,0.2582,0.1826,0.0,0.1826,0.3651,0.1826,0.0,0.0
1786969661.1667,2026-08-17 14:27:41.166,43/121,1,0,-0.0385,-0.50372,0.04255,-0.7128,-0.2666,0.6828,0.0091,-0.0378,-0.2111,4.66512,0.1826,0.3162,0.3651,0.1826,0.1826,0.4472,0.4082,0.1826,0.0,0.2582,0.4472,0.2582,0.1826,0.0,0.1826,0.3651,0.1826,0.0,0.0
1786969661.2171,2026-08-17 14:27:41.217,43/121,1,0,-0.03829,-0.5038,0.04256,-0.6375,-0.2075,0.5381,0.0055,-0.0333,-0.2147,4.66159,0.0,0.3162,0.4082,0.1826,0.0,0.4472,0.3651,0.1826,0.1826,0.3162,0.4082,0.2582,0.1826,0.0,0.3651,0.3651,0.0,0.0,0.1826
1786969661.2674,2026-08-17 14:27:41.267,44/121,1,0,-0.038,-0.50396,0.04256,-0.6915,-0.3415,0.7569,0.0098,-0.0326,-0.2159,4.65555,0.0,0.3162,0.4082,0.1826,0.0,0.4472,0.3651,0.1826,0.1826,0.3162,0.4082,0.2582,0.1826,0.0,0.3651,0.3651,0.0,0.0,0.1826
1786969661.3178,2026-08-17 14:27:41.317,44/121,1,0,-0.03775,-0.50402,0.04255,-1.1426,-0.2715,0.7835,0.006,-0.0423,-0.2156,4.64976,0.0,0.2582,0.4472,0.1826,0.0,0.4082,0.4472,0.1826,0.0,0.3162,0.4082,0.3651,0.1826,0.0,0.3651,0.3162,0.0,0.1826,0.1826
1786969661.3681,2026-08-17 14:27:41.368,44/121,1,0,-0.0375,-0.50413,0.04256,-0.8168,-0.3452,0.6095,0.0072,-0.0348,-0.216,4.6349,0.2582,0.2582,0.4472,0.1826,0.2582,0.483,0.483,0.1826,0.1826,0.3162,0.4472,0.3162,0.2582,0.0,0.1826,0.3651,0.1826,0.0,0.0
1786969661.4184,2026-08-17 14:27:41.418,45/121,1,0,-0.03727,-0.50418,0.04255,-0.5902,-0.5034,0.7819,0.0092,-0.0262,-0.212,4.63314,0.2582,0.2582,0.4472,0.1826,0.2582,0.483,0.483,0.1826,0.1826,0.3162,0.4472,0.3162,0.2582,0.0,0.1826,0.3651,0.1826,0.0,0.0
1786969661.4688,2026-08-17 14:27:41.468,45/121,1,0,-0.03694,-0.50429,0.04255,-0.837,-0.2479,0.7034,0.0024,-0.0299,-0.2094,4.62811,0.1826,0.2582,0.4082,0.0,0.0,0.5164,0.4472,0.1826,0.0,0.2582,0.4472,0.3162,0.2582,0.0,0.3162,0.4472,0.0,0.1826,0.1826
1786969661.5191,2026-08-17 14:27:41.519,46/121,1,0,-0.03677,-0.50432,0.04254,-1.2319,-0.0717,0.7458,0.003,-0.0396,-0.2169,4.62131,0.1826,0.2582,0.4082,0.0,0.0,0.5164,0.4472,0.1826,0.0,0.2582,0.4472,0.3162,0.2582,0.0,0.3162,0.4472,0.0,0.1826,0.1826
1786969661.5694,2026-08-17 14:27:41.569,46/121,1,0,-0.03641,-0.50439,0.04255,-0.8861,-0.257,0.8182,0.0028,-0.0279,-0.2139,4.61955,0.3162,0.1826,0.4082,0.1826,0.1826,0.4472,0.4082,0.0,0.0,0.0,0.4082,0.2582,0.0,0.0,0.1826,0.3651,0.0,0.0,0.1826
1786969661.6196,2026-08-17 14:27:41.619,47/121,1,0,-0.0362,-0.50441,0.04255,-1.1732,-0.3186,0.9102,0.0001,-0.0323,-0.2107,4.61325,0.3162,0.1826,0.4082,0.1826,0.1826,0.4472,0.4082,0.0,0.0,0.0,0.4082,0.2582,0.0,0.0,0.1826,0.3651,0.0,0.0,0.1826
1786969661.67,2026-08-17 14:27:41.669,47/121,1,0,-0.03584,-0.50443,0.04254,-0.9629,-0.5485,0.7168,0.0054,-0.0281,-0.212,4.60822,0.0,0.1826,0.4472,0.2582,0.0,0.483,0.4082,0.1826,0.0,0.2582,0.4082,0.2582,0.1826,0.0,0.3162,0.3651,0.0,0.0,0.1826
1786969661.7203,2026-08-17 14:27:41.720,48/121,1,0,-0.03571,-0.50443,0.04254,-1.016,-0.1841,0.6748,-0.0058,-0.0279,-0.2141,4.60444,0.1826,0.3162,0.4472,0.2582,0.0,0.4472,0.4082,0.0,0.0,0.2582,0.3162,0.2582,0.0,0.0,0.3162,0.3651,0.0,0.0,0.0
1786969661.7706,2026-08-17 14:27:41.770,48/121,1,0,-0.03531,-0.50443,0.04253,-1.3468,-0.1173,0.9669,-0.0066,-0.033,-0.2189,4.59563,0.1826,0.3162,0.4472,0.2582,0.0,0.4472,0.4082,0.0,0.0,0.2582,0.3162,0.2582,0.0,0.0,0.3162,0.3651,0.0,0.0,0.0
1786969661.8209,2026-08-17 14:27:41.820,49/121,1,0,-0.03523,-0.50443,0.04254,-1.1093,-0.4091,0.8704,0.0001,-0.0264,-0.2074,4.59588,0.1826,0.2582,0.483,0.0,0.2582,0.4472,0.4082,0.0,0.0,0.2582,0.4082,0.3162,0.1826,0.0,0.2582,0.3651,0.0,0.0,0.1826
1786969661.8712,2026-08-17 14:27:41.871,49/121,1,0,-0.03479,-0.50433,0.0425,-1.4358,-0.4152,1.0014,-0.0042,-0.0299,-0.221,4.57398,0.1826,0.2582,0.483,0.0,0.2582,0.4472,0.4082,0.0,0.0,0.2582,0.4082,0.3162,0.1826,0.0,0.2582,0.3651,0.0,0.0,0.1826
1786969661.9216,2026-08-17 14:27:41.921,50/121,1,0,-0.03462,-0.50429,0.04248,-1.2872,-0.6573,0.972,-0.0005,-0.0265,-0.2164,4.57951,0.2582,0.3162,0.4472,0.1826,0.2582,0.483,0.4082,0.2582,0.0,0.1826,0.3651,0.2582,0.1826,0.0,0.2582,0.2582,0.0,0.0,0.0
1786969661.9719,2026-08-17 14:27:41.971,50/121,1,0,-0.03422,-0.50415,0.04248,-1.1082,-0.5073,0.8899,-0.0038,-0.0215,-0.2091,4.57045,0.0,0.2582,0.483,0.0,0.0,0.483,0.4082,0.0,0.1826,0.3651,0.4082,0.3162,0.1826,0.0,0.3162,0.3651,0.1826,0.0,0.1826
1786969662.0222,2026-08-17 14:27:42.022,51/121,1,0,-0.03406,-0.50411,0.0425,-1.1189,-0.732,1.1806,0.0003,-0.0222,-0.2164,4.56088,0.0,0.2582,0.483,0.0,0.0,0.483,0.4082,0.0,0.1826,0.3651,0.4082,0.3162,0.1826,0.0,0.3162,0.3651,0.1826,0.0,0.1826
1786969662.0725,2026-08-17 14:27:42.072,51/121,1,0,-0.03375,-0.50398,0.04252,-1.0565,-0.6501,1.1191,-0.0067,-0.0189,-0.2108,4.55736,0.2582,0.3651,0.5164,0.1826,0.2582,0.4472,0.4472,0.0,0.0,0.2582,0.3162,0.2582,0.1826,0.0,0.2582,0.2582,0.0,0.1826,0.1826
1786969662.1227,2026-08-17 14:27:42.122,52/121,1,0,-0.03346,-0.50386,0.04251,-0.8244,-1.0391,0.9887,0.001,-0.0163,-0.2075,4.54779,0.2582,0.3651,0.5164,0.1826,0.2582,0.4472,0.4472,0.0,0.0,0.2582,0.3162,0.2582,0.1826,0.0,0.2582,0.2582,0.0,0.1826,0.1826
1786969662.1728,2026-08-17 14:27:42.172,52/121,1,0,-0.03324,-0.50376,0.04253,-0.7711,-0.7439,1.0302,-0.0054,-0.0169,-0.2036,4.55081,0.0,0.2582,0.4472,0.2582,0.1826,0.483,0.3651,0.0,0.3162,0.2582,0.3651,0.2582,0.1826,0.0,0.1826,0.2582,0.0,0.1826,0.1826
1786969662.2229,2026-08-17 14:27:42.222,52/121,1,0,-0.03291,-0.50357,0.04254,-1.0066,-0.7529,1.023,-0.0073,-0.0221,-0.2102,4.54326,0.3162,0.3651,0.4472,0.1826,0.2582,0.5164,0.4082,0.0,0.0,0.1826,0.3651,0.1826,0.0,0.0,0.0,0.3651,0.0,0.0,0.0
1786969662.2732,2026-08-17 14:27:42.273,53/121,1,0,-0.03283,-0.50351,0.04255,-0.8874,-0.479,0.9404,-0.0126,-0.0244,-0.2094,4.54074,0.3162,0.3651,0.4472,0.1826,0.2582,0.5164,0.4082,0.0,0.0,0.1826,0.3651,0.1826,0.0,0.0,0.0,0.3651,0.0,0.0,0.0
1786969662.3235,2026-08-17 14:27:42.323,53/121,1,0,-0.03248,-0.50328,0.04256,-0.9232,-0.7354,1.02,-0.0054,-0.0264,-0.2162,4.5347,0.0,0.4082,0.4472,0.0,0.0,0.483,0.4082,0.0,0.0,0.3162,0.3162,0.1826,0.0,0.0,0.2582,0.3162,0.0,0.0,0.1826
1786969662.3738,2026-08-17 14:27:42.373,54/121,1,0,-0.03243,-0.5032,0.04255,-0.8745,-0.7965,1.0551,-0.0055,-0.0301,-0.212,4.53822,0.0,0.4082,0.4472,0.0,0.0,0.483,0.4082,0.0,0.0,0.3162,0.3162,0.1826,0.0,0.0,0.2582,0.3162,0.0,0.0,0.1826
1786969662.4241,2026-08-17 14:27:42.424,54/121,1,0,-0.03211,-0.50296,0.04256,-0.6258,-1.0141,0.9993,-0.0023,-0.0284,-0.2071,4.52866,0.2582,0.3651,0.3651,0.1826,0.2582,0.4472,0.3162,0.0,0.0,0.2582,0.3162,0.1826,0.1826,0.0,0.2582,0.2582,0.0,0.0,0.0
1786969662.4744,2026-08-17 14:27:42.474,55/121,1,0,-0.03191,-0.50277,0.04254,-0.5522,-0.5184,1.2424,-0.0086,-0.036,-0.2169,4.5634,0.2582,0.3651,0.3651,0.1826,0.2582,0.4472,0.3162,0.0,0.0,0.2582,0.3162,0.1826,0.1826,0.0,0.2582,0.2582,0.0,0.0,0.0
1786969662.5247,2026-08-17 14:27:42.524,55/121,1,0,-0.03171,-0.50257,0.04254,-0.6746,-0.5292,0.9835,-0.0077,-0.0443,-0.2151,4.59311,0.0,0.3651,0.4472,0.1826,0.0,0.4472,0.4472,0.0,0.0,0.1826,0.2582,0.2582,0.0,0.0,0.0,0.3162,0.1826,0.0,0.0
1786969662.575,2026-08-17 14:27:42.574,55/121,1,0,-0.03144,-0.50226,0.04254,-0.6694,-0.6177,0.9435,0.0005,-0.0459,-0.2171,4.63188,0.0,0.3651,0.3651,0.2582,0.0,0.4472,0.3651,0.1826,0.0,0.1826,0.2582,0.1826,0.0,0.0,0.1826,0.2582,0.0,0.0,0.1826
1786969662.6253,2026-08-17 14:27:42.625,56/121,1,0,-0.03135,-0.50216,0.04252,-0.8083,-0.0569,1.0512,-0.0145,-0.054,-0.2126,4.64548,0.0,0.3651,0.3651,0.2582,0.0,0.4472,0.3651,0.1826,0.0,0.1826,0.2582,0.1826,0.0,0.0,0.1826,0.2582,0.0,0.0,0.1826
1786969662.6756,2026-08-17 14:27:42.675,56/121,1,0,-0.0311,-0.50184,0.04255,-0.778,-0.0857,0.7135,-0.0126,-0.0475,-0.2095,4.64447,0.0,0.3651,0.3651,0.0,0.1826,0.4472,0.3162,0.1826,0.0,0.2582,0.2582,0.2582,0.1826,0.0,0.0,0.1826,0.0,0.0,0.0
1786969662.7259,2026-08-17 14:27:42.725,57/121,1,0,-0.03103,-0.50171,0.04253,-0.9362,-0.383,0.9657,-0.0027,-0.0472,-0.2149,4.65177,0.0,0.3651,0.3651,0.0,0.1826,0.4472,0.3162,0.1826,0.0,0.2582,0.2582,0.2582,0.1826,0.0,0.0,0.1826,0.0,0.0,0.0
1786969662.7762,2026-08-17 14:27:42.776,57/121,1,0,-0.03083,-0.50143,0.04257,-0.4231,-0.4245,0.687,-0.004,-0.036,-0.2065,4.65706,0.1826,0.3162,0.4082,0.1826,0.2582,0.4472,0.3162,0.0,0.0,0.3162,0.2582,0.2582,0.1826,0.1826,0.1826,0.2582,0.1826,0.1826,0.2582
1786969662.8265,2026-08-17 14:27:42.826,57/121,1,0,-0.03066,-0.50112,0.04255,-0.8454,-0.6249,0.8495,0.0035,-0.0427,-0.2134,4.65605,0.2582,0.3651,0.3162,0.2582,0.2582,0.4472,0.1826,0.2582,0.0,0.2582,0.3162,0.0,0.2582,0.0,0.2582,0.2582,0.0,0.0,0.1826
1786969662.8769,2026-08-17 14:27:42.876,58/121,1,0,-0.03056,-0.50092,0.04254,-0.5541,-0.3083,0.7928,-0.0047,-0.0335,-0.2081,4.65278,0.2582,0.3651,0.3162,0.2582,0.2582,0.4472,0.1826,0.2582,0.0,0.2582,0.3162,0.0,0.2582,0.0,0.2582,0.2582,0.0,0.0,0.1826
1786969662.9272,2026-08-17 14:27:42.927,58/121,1,0,-0.03043,-0.50055,0.04254,-0.6871,-0.6581,0.8527,-0.0022,-0.0357,-0.2131,4.65379,0.2582,0.483,0.3651,0.0,0.4082,0.4472,0.3162,0.0,0.0,0.3651,0.1826,0.1826,0.1826,0.0,0.2582,0.2582,0.0,0.0,0.1826
1786969662.9776,2026-08-17 14:27:42.977,59/121,1,0,-0.03037,-0.50043,0.04252,-0.7547,-0.5613,0.7598,-0.0034,-0.0354,-0.2142,4.63642,0.2582,0.483,0.3651,0.0,0.4082,0.4472,0.3162,0.0,0.0,0.3651,0.1826,0.1826,0.1826,0.0,0.2582,0.2582,0.0,0.0,0.1826
1786969663.0279,2026-08-17 14:27:43.027,59/121,1,0,-0.03023,-0.50009,0.04258,-0.9134,-0.1003,0.9571,-0.0161,-0.0452,-0.2157,4.63642,0.2582,0.4472,0.3651,0.2582,0.4082,0.4472,0.1826,0.0,0.1826,0.1826,0.2582,0.0,0.2582,0.0,0.0,0.2582,0.0,0.0,0.0
1786969663.0782,2026-08-17 14:27:43.078,60/121,1,0,-0.03012,-0.49977,0.04252,-0.8636,-0.5277,0.7221,-0.0027,-0.0398,-0.2081,4.63289,0.1826,0.483,0.3651,0.3162,0.3162,0.4082,0.2582,0.0,0.2582,0.3162,0.1826,0.0,0.1826,0.0,0.1826,0.2582,0.0,0.0,0.0
1786969663.1285,2026-08-17 14:27:43.128,60/121,1,0,-0.03004,-0.49956,0.04252,-0.641,-0.1476,0.6668,-0.0074,-0.0339,-0.2171,4.62685,0.1826,0.483,0.3651,0.3162,0.3162,0.4082,0.2582,0.0,0.2582,0.3162,0.1826,0.0,0.1826,0.0,0.1826,0.2582,0.0,0.0,0.0
1786969663.1788,2026-08-17 14:27:43.178,60/121,1,0,-0.02991,-0.49911,0.04255,-1.1197,-0.6355,0.7037,0.0016,-0.0425,-0.2255,4.62886,0.1826,0.4472,0.3162,0.1826,0.3651,0.4472,0.2582,0.0,0.1826,0.3162,0.3162,0.0,0.2582,0.0,0.1826,0.3162,0.0,0.0,0.2582
1786969663.2293,2026-08-17 14:27:43.229,61/121,1,0,-0.02986,-0.49899,0.04251,-1.1917,-0.0067,0.8282,-0.0105,-0.0485,-0.2331,4.62811,0.1826,0.4472,0.3162,0.1826,0.3651,0.4472,0.2582,0.0,0.1826,0.3162,0.3162,0.0,0.2582,0.0,0.1826,0.3162,0.0,0.0,0.2582
1786969663.2795,2026-08-17 14:27:43.279,61/121,1,0,-0.02985,-0.49865,0.04257,-0.9326,-0.0728,1.0399,-0.0083,-0.0454,-0.3025,4.63944,0.3162,0.5477,0.3651,0.0,0.4082,0.4082,0.3162,0.1826,0.0,0.3162,0.1826,0.1826,0.1826,0.0,0.1826,0.2582,0.1826,0.0,0.1826
1786969663.3297,2026-08-17 14:27:43.329,62/121,1,0,-0.02983,-0.49834,0.04256,-0.706,-0.5346,0.8789,0.0018,-0.0372,-0.3332,4.63893,0.2582,0.483,0.3651,0.2582,0.4082,0.3651,0.1826,0.1826,0.1826,0.3162,0.2582,0.1826,0.1826,0.0,0.2582,0.2582,0.1826,0.0,0.2582
1786969663.3798,2026-08-17 14:27:43.379,62/121,1,0,-0.02985,-0.49813,0.04255,-0.6559,-0.0563,0.9563,-0.0069,-0.0422,-0.3865,4.63314,0.2582,0.483,0.3651,0.2582,0.4082,0.3651,0.1826,0.1826,0.1826,0.3162,0.2582,0.1826,0.1826,0.0,0.2582,0.2582,0.1826,0.0,0.2582
1786969663.4302,2026-08-17 14:27:43.430,62/121,1,0,-0.02987,-0.49766,0.04256,-0.7308,-0.4383,1.0028,0.0008,-0.0498,-0.4645,4.64145,0.2582,0.483,0.1826,0.2582,0.4472,0.3651,0.1826,0.1826,0.3651,0.3651,0.2582,0.1826,0.3162,0.0,0.2582,0.2582,0.0,0.0,0.2582
1786969663.4805,2026-08-17 14:27:43.480,63/121,1,0,-0.02985,-0.49751,0.04252,-0.7627,-0.1371,1.0672,-0.0116,-0.0504,-0.474,4.63642,0.2582,0.483,0.1826,0.2582,0.4472,0.3651,0.1826,0.1826,0.3651,0.3651,0.2582,0.1826,0.3162,0.0,0.2582,0.2582,0.0,0.0,0.2582
1786969663.5308,2026-08-17 14:27:43.530,63/121,1,0,-0.02991,-0.49712,0.04253,-0.5882,-0.2519,0.8195,-0.0092,-0.0535,-0.5779,4.6417,0.4082,0.4472,0.3162,0.3162,0.4472,0.3651,0.2582,0.1826,0.1826,0.3162,0.1826,0.0,0.1826,0.0,0.1826,0.1826,0.1826,0.0,0.1826
1786969663.5811,2026-08-17 14:27:43.581,63/121,1,0,-0.02994,-0.49679,0.04254,-0.8828,-0.5179,0.8639,-0.0005,-0.0625,-0.6108,4.64674,0.4082,0.4472,0.3162,0.3162,0.4472,0.3651,0.2582,0.1826,0.1826,0.3162,0.1826,0.0,0.1826,0.0,0.1826,0.1826,0.1826,0.0,0.1826
1786969663.6313,2026-08-17 14:27:43.631,64/121,1,0,-0.02997,-0.49663,0.04253,-0.5758,-0.9801,0.6625,0.0016,-0.0582,-0.5895,4.64875,0.3651,0.483,0.3162,0.3162,0.4082,0.3651,0.1826,0.3162,0.3162,0.2582,0.2582,0.0,0.2582,0.0,0.1826,0.2582,0.1826,0.0,0.0
1786969663.6816,2026-08-17 14:27:43.681,64/121,1,0,-0.03011,-0.49626,0.04254,-0.7249,-0.5337,0.844,-0.006,-0.0612,-0.5794,4.648,0.4082,0.483,0.2582,0.2582,0.4472,0.3162,0.2582,0.1826,0.3162,0.3651,0.0,0.1826,0.2582,0.1826,0.2582,0.1826,0.1826,0.0,0.2582
1786969663.7319,2026-08-17 14:27:43.731,65/121,1,0,-0.03014,-0.49605,0.04254,-0.7575,-0.6062,0.8634,-0.0042,-0.0644,-0.5733,4.63138,0.4082,0.483,0.2582,0.2582,0.4472,0.3162,0.2582,0.1826,0.3162,0.3651,0.0,0.1826,0.2582,0.1826,0.2582,0.1826,0.1826,0.0,0.2582
1786969663.7822,2026-08-17 14:27:43.782,65/121,1,0,-0.03025,-0.49572,0.04253,-1.0696,-0.7024,1.1948,-0.0035,-0.0743,-0.5776,4.63566,0.483,0.4472,0.3162,0.3162,0.5164,0.3651,0.1826,0.3651,0.3162,0.3162,0.2582,0.0,0.3162,0.0,0.1826,0.2582,0.0,0.0,0.0
1786969663.8325,2026-08-17 14:27:43.832,65/121,1,0,-0.03039,-0.49532,0.04254,-0.906,-0.8375,0.8944,-0.0024,-0.0734,-0.5679,4.62911,0.483,0.4472,0.3162,0.3162,0.5164,0.3651,0.1826,0.3651,0.3162,0.3162,0.2582,0.0,0.3162,0.0,0.1826,0.2582,0.0,0.0,0.0
1786969663.8828,2026-08-17 14:27:43.882,66/121,1,0,-0.0304,-0.49522,0.04251,-0.6114,-0.6805,1.0114,-0.01,-0.0674,-0.5681,4.6203,0.3651,0.4472,0.1826,0.2582,0.4472,0.3162,0.1826,0.3162,0.3162,0.3162,0.1826,0.0,0.3162,0.0,0.2582,0.2582,0.0,0.0,0.2582
1786969663.9331,2026-08-17 14:27:43.933,66/121,1,0,-0.03058,-0.49486,0.04253,-0.7397,-0.5795,0.9991,-0.0134,-0.0728,-0.5632,4.6203,0.4472,0.4082,0.1826,0.2582,0.483,0.3162,0.0,0.1826,0.1826,0.1826,0.2582,0.0,0.2582,0.0,0.0,0.2582,0.0,0.0,0.1826
1786969663.9835,2026-08-17 14:27:43.983,66/121,1,0,-0.03074,-0.49451,0.04252,-0.6653,-0.7554,1.052,-0.0085,-0.0708,-0.5571,4.60394,0.4472,0.4082,0.1826,0.2582,0.483,0.3162,0.0,0.1826,0.1826,0.1826,0.2582,0.0,0.2582,0.0,0.0,0.2582,0.0,0.0,0.1826
1786969664.0338,2026-08-17 14:27:44.033,67/121,1,0,-0.03079,-0.49438,0.0425,-0.5743,-0.662,1.1919,-0.0117,-0.0688,-0.5688,4.59311,0.3651,0.4082,0.0,0.1826,0.3651,0.3651,0.1826,0.1826,0.3162,0.2582,0.1826,0.0,0.2582,0.0,0.0,0.2582,0.1826,0.0,0.0
1786969664.0841,2026-08-17 14:27:44.084,67/121,1,0,-0.03102,-0.49403,0.04252,-0.5975,-0.3861,0.8858,-0.02,-0.0744,-0.5581,4.58505,0.3651,0.4082,0.0,0.1826,0.3651,0.3651,0.1826,0.1826,0.3162,0.2582,0.1826,0.0,0.2582,0.0,0.0,0.2582,0.1826,0.0,0.0
1786969664.1342,2026-08-17 14:27:44.134,68/121,1,0,-0.03115,-0.49383,0.04252,-0.4683,-0.9087,1.2768,-0.0066,-0.0736,-0.5534,4.59462,0.4472,0.4082,0.0,0.3162,0.4082,0.3651,0.0,0.2582,0.4082,0.2582,0.2582,0.0,0.3162,0.1826,0.0,0.2582,0.0,0.0,0.0
1786969664.1844,2026-08-17 14:27:44.184,68/121,1,0,-0.03135,-0.49358,0.04256,-0.1642,-1.2843,1.2566,0.0021,-0.0682,-0.5553,4.58304,0.4472,0.4082,0.1826,0.3651,0.4082,0.3162,0.0,0.2582,0.3651,0.1826,0.2582,0.0,0.1826,0.0,0.0,0.2582,0.0,0.0,0.0
1786969664.2346,2026-08-17 14:27:44.234,68/121,1,0,-0.03161,-0.49327,0.04256,-0.1628,-0.1261,1.1652,-0.0253,-0.0691,-0.5535,4.57196,0.4472,0.4082,0.1826,0.3651,0.4082,0.3162,0.0,0.2582,0.3651,0.1826,0.2582,0.0,0.1826,0.0,0.0,0.2582,0.0,0.0,0.0
1786969664.285,2026-08-17 14:27:44.284,69/121,1,0,-0.03164,-0.49314,0.04253,-0.2324,-0.7539,1.0996,-0.0061,-0.0745,-0.555,4.56894,0.483,0.4082,0.1826,0.3651,0.4082,0.2582,0.0,0.2582,0.4472,0.2582,0.1826,0.0,0.2582,0.0,0.1826,0.2582,0.1826,0.0,0.0
1786969664.3352,2026-08-17 14:27:44.335,69/121,1,0,-0.03192,-0.49288,0.04254,-0.4254,-0.3993,1.364,-0.0147,-0.08,-0.5629,4.56542,0.483,0.4082,0.1826,0.3651,0.4082,0.2582,0.0,0.2582,0.4472,0.2582,0.1826,0.0,0.2582,0.0,0.1826,0.2582,0.1826,0.0,0.0
1786969664.3856,2026-08-17 14:27:44.385,69/121,1,0,-0.03219,-0.49258,0.04252,-0.507,-0.2056,1.4307,-0.0196,-0.0823,-0.5541,4.55031,0.4472,0.3651,0.0,0.2582,0.4082,0.2582,0.0,0.1826,0.3651,0.1826,0.1826,0.0,0.2582,0.0,0.0,0.1826,0.0,0.0,0.0
1786969664.4359,2026-08-17 14:27:44.435,70/121,1,0,-0.03227,-0.49252,0.04252,-0.1506,-0.7524,1.4629,-0.0046,-0.0732,-0.5556,4.54578,0.4472,0.3651,0.0,0.2582,0.4082,0.2582,0.0,0.1826,0.3651,0.1826,0.1826,0.0,0.2582,0.0,0.0,0.1826,0.0,0.0,0.0
1786969664.4862,2026-08-17 14:27:44.486,70/121,1,0,-0.0326,-0.49221,0.04252,-0.5801,-0.1389,1.5787,-0.0171,-0.0869,-0.5563,4.53671,0.3651,0.3162,0.0,0.2582,0.3162,0.1826,0.0,0.2582,0.3162,0.2582,0.0,0.0,0.3162,0.0,0.1826,0.1826,0.0,0.0,0.1826
1786969664.5365,2026-08-17 14:27:44.536,70/121,1,0,-0.03285,-0.49199,0.04253,-0.4786,-0.6245,1.5605,-0.0046,-0.0852,-0.5555,4.53218,0.4082,0.3162,0.0,0.3162,0.3651,0.1826,0.0,0.1826,0.3651,0.1826,0.1826,0.0,0.1826,0.0,0.0,0.1826,0.0,0.0,0.0
1786969664.5868,2026-08-17 14:27:44.586,71/121,1,0,-0.03301,-0.49191,0.04253,-0.766,-0.1693,1.7377,-0.0139,-0.09,-0.5665,4.52765,0.4082,0.3162,0.0,0.3162,0.3651,0.1826,0.0,0.1826,0.3651,0.1826,0.1826,0.0,0.1826,0.0,0.0,0.1826,0.0,0.0,0.0
1786969664.6371,2026-08-17 14:27:44.637,71/121,1,0,-0.03335,-0.49166,0.04253,-0.4854,-0.4081,1.4478,-0.0072,-0.0875,-0.5578,4.50625,0.4082,0.1826,0.0,0.2582,0.3651,0.2582,0.0,0.3162,0.3651,0.1826,0.1826,0.0,0.3651,0.0,0.1826,0.2582,0.1826,0.0,0.0
1786969664.6875,2026-08-17 14:27:44.687,72/121,1,0,-0.0336,-0.49151,0.04253,-0.2968,-0.2071,1.6235,-0.0045,-0.0763,-0.5506,4.50398,0.4082,0.1826,0.0,0.2582,0.3651,0.2582,0.0,0.3162,0.3651,0.1826,0.1826,0.0,0.3651,0.0,0.1826,0.2582,0.1826,0.0,0.0
1786969664.7378,2026-08-17 14:27:44.737,72/121,1,0,-0.03382,-0.49141,0.04255,-0.3024,-0.1846,1.3704,-0.0061,-0.0763,-0.5558,4.51179,0.3651,0.3651,0.0,0.3651,0.3651,0.2582,0.0,0.2582,0.4472,0.1826,0.0,0.0,0.3162,0.0,0.0,0.2582,0.0,0.0,0.0
1786969664.7881,2026-08-17 14:27:44.788,72/121,1,0,-0.03419,-0.49114,0.04251,-0.2302,-0.308,1.2564,0.0004,-0.0744,-0.5471,4.51733,0.4082,0.3651,0.0,0.3651,0.4472,0.2582,0.0,0.1826,0.4082,0.1826,0.0,0.0,0.2582,0.1826,0.0,0.1826,0.0,0.0,0.0
1786969664.8384,2026-08-17 14:27:44.838,73/121,1,0,-0.03434,-0.49106,0.04251,0.2838,-0.8678,1.14,0.0125,-0.0573,-0.5413,4.5352,0.4082,0.3651,0.0,0.3651,0.4472,0.2582,0.0,0.1826,0.4082,0.1826,0.0,0.0,0.2582,0.1826,0.0,0.1826,0.0,0.0,0.0
1786969664.8887,2026-08-17 14:27:44.888,73/121,1,0,-0.03465,-0.49096,0.04251,0.1607,-0.3385,1.0655,0.0026,-0.0544,-0.5458,4.5702,0.3651,0.2582,0.0,0.4082,0.3162,0.1826,0.0,0.2582,0.4472,0.2582,0.0,0.0,0.1826,0.2582,0.0,0.1826,0.1826,0.1826,0.0
1786969664.939,2026-08-17 14:27:44.939,73/121,1,0,-0.03501,-0.49081,0.04253,-0.3686,-0.4041,0.8472,0.0063,-0.0601,-0.5484,4.63339,0.3651,0.2582,0.0,0.4082,0.3162,0.1826,0.0,0.2582,0.4472,0.2582,0.0,0.0,0.1826,0.2582,0.0,0.1826,0.1826,0.1826,0.0
1786969664.9893,2026-08-17 14:27:44.989,74/121,1,0,-0.03515,-0.49076,0.04253,-0.2076,-0.3414,0.8889,0.0014,-0.0592,-0.5408,4.648,0.4082,0.2582,0.0,0.4472,0.4082,0.3162,0.0,0.2582,0.4472,0.1826,0.2582,0.0,0.2582,0.0,0.0,0.3162,0.0,0.0,0.0
1786969665.0396,2026-08-17 14:27:45.039,74/121,1,0,-0.03547,-0.49069,0.04255,-0.1317,-0.5111,0.7981,0.003,-0.0606,-0.5514,4.64749,0.3651,0.4082,0.0,0.3162,0.4472,0.1826,0.0,0.3162,0.4472,0.0,0.0,0.0,0.3162,0.0,0.0,0.2582,0.0,0.0,0.0
1786969665.0899,2026-08-17 14:27:45.089,74/121,1,0,-0.03593,-0.49052,0.04253,-0.0892,-0.667,0.8773,0.0058,-0.0631,-0.5413,4.64623,0.3651,0.4082,0.0,0.3162,0.4472,0.1826,0.0,0.3162,0.4472,0.0,0.0,0.0,0.3162,0.0,0.0,0.2582,0.0,0.0,0.0
1786969665.1402,2026-08-17 14:27:45.140,75/121,1,0,-0.03605,-0.49049,0.04252,0.0878,-0.471,0.9531,-0.0,-0.0591,-0.5504,4.63994,0.3162,0.3162,0.0,0.3651,0.3162,0.1826,0.0,0.3162,0.4472,0.2582,0.0,0.0,0.3651,0.1826,0.1826,0.0,0.1826,0.1826,0.1826
1786969665.1906,2026-08-17 14:27:45.190,75/121,1,0,-0.03642,-0.49042,0.04252,-0.328,-0.3589,0.8558,-0.0071,-0.07,-0.5528,4.63818,0.3162,0.3162,0.0,0.3651,0.3162,0.1826,0.0,0.3162,0.4472,0.2582,0.0,0.0,0.3651,0.1826,0.1826,0.0,0.1826,0.1826,0.1826
1786969665.2408,2026-08-17 14:27:45.240,75/121,1,0,-0.03685,-0.49033,0.04252,-0.337,-0.297,1.0944,-0.0075,-0.0739,-0.5487,4.62836,0.4082,0.2582,0.0,0.4472,0.4082,0.1826,0.0,0.2582,0.4472,0.3162,0.0,0.0,0.4082,0.0,0.3162,0.1826,0.1826,0.0,0.1826
1786969665.2912,2026-08-17 14:27:45.291,76/121,1,0,-0.03696,-0.49031,0.04252,-0.0294,-0.6824,1.1517,0.0025,-0.0688,-0.5529,4.62156,0.4082,0.2582,0.0,0.4472,0.4082,0.1826,0.0,0.2582,0.4472,0.3162,0.0,0.0,0.4082,0.0,0.3162,0.1826,0.1826,0.0,0.1826
1786969665.3415,2026-08-17 14:27:45.341,76/121,1,0,-0.03733,-0.49029,0.04254,-0.2647,-0.3678,1.165,-0.0039,-0.0749,-0.548,4.61275,0.3651,0.2582,0.0,0.3651,0.4472,0.0,0.0,0.1826,0.483,0.3651,0.0,0.0,0.3651,0.2582,0.2582,0.0,0.0,0.2582,0.1826
1786969665.3918,2026-08-17 14:27:45.391,76/121,1,0,-0.03775,-0.49026,0.04253,-0.1321,-0.4162,1.1819,-0.003,-0.0669,-0.548,4.59311,0.4472,0.0,0.0,0.483,0.4082,0.1826,0.0,0.2582,0.483,0.3162,0.1826,0.0,0.3651,0.2582,0.2582,0.0,0.1826,0.0,0.0
1786969665.4421,2026-08-17 14:27:45.442,77/121,1,0,-0.0379,-0.49024,0.04253,-0.3235,-0.4669,1.1652,-0.0054,-0.0733,-0.5559,4.59412,0.4472,0.0,0.0,0.483,0.4082,0.1826,0.0,0.2582,0.483,0.3162,0.1826,0.0,0.3651,0.2582,0.2582,0.0,0.1826,0.0,0.0
1786969665.4924,2026-08-17 14:27:45.492,77/121,1,0,-0.03831,-0.49022,0.04255,-0.5086,-0.573,1.1896,0.0009,-0.0778,-0.5528,4.58052,0.2582,0.2582,0.2582,0.4082,0.3651,0.2582,0.2582,0.2582,0.4082,0.3162,0.0,0.0,0.4082,0.2582,0.2582,0.1826,0.3162,0.0,0.1826
1786969665.5427,2026-08-17 14:27:45.542,77/121,1,0,-0.0387,-0.49022,0.04256,-0.3519,-0.5436,1.1303,-0.0027,-0.0731,-0.5512,4.58329,0.2582,0.2582,0.2582,0.4082,0.3651,0.2582,0.2582,0.2582,0.4082,0.3162,0.0,0.0,0.4082,0.2582,0.2582,0.1826,0.3162,0.0,0.1826
1786969665.5931,2026-08-17 14:27:45.593,78/121,1,0,-0.03879,-0.49023,0.04256,-0.3356,-0.2912,1.3753,-0.011,-0.068,-0.5477,4.59512,0.3162,0.2582,0.0,0.4082,0.3651,0.1826,0.0,0.4082,0.4472,0.2582,0.0,0.0,0.483,0.3162,0.0,0.0,0.0,0.0,0.0
1786969665.6433,2026-08-17 14:27:45.643,78/121,1,0,-0.0392,-0.4903,0.04258,-0.6689,-0.4109,1.0794,-0.0059,-0.0727,-0.5509,4.60318,0.2582,0.1826,0.0,0.4082,0.4082,0.2582,0.0,0.2582,0.4472,0.2582,0.1826,0.0,0.3162,0.1826,0.2582,0.3162,0.1826,0.0,0.1826
1786969665.6937,2026-08-17 14:27:45.693,78/121,1,0,-0.03963,-0.49036,0.0426,-0.1404,-0.6213,0.965,0.0019,-0.0538,-0.5466,4.60771,0.2582,0.1826,0.0,0.4082,0.4082,0.2582,0.0,0.2582,0.4472,0.2582,0.1826,0.0,0.3162,0.1826,0.2582,0.3162,0.1826,0.0,0.1826
1786969665.7441,2026-08-17 14:27:45.744,79/121,1,0,-0.03981,-0.49042,0.04261,-0.3726,-0.412,1.0273,-0.0019,-0.0533,-0.5501,4.62811,0.2582,0.3162,0.0,0.3651,0.3162,0.2582,0.0,0.0,0.3651,0.2582,0.0,0.0,0.3651,0.3162,0.1826,0.1826,0.2582,0.0,0.0
1786969665.7944,2026-08-17 14:27:45.794,79/121,1,0,-0.04019,-0.49052,0.04255,-0.6904,-0.1594,0.58,-0.0077,-0.0634,-0.5511,4.63868,0.2582,0.3162,0.0,0.3651,0.3162,0.2582,0.0,0.0,0.3651,0.2582,0.0,0.0,0.3651,0.3162,0.1826,0.1826,0.2582,0.0,0.0
1786969665.8447,2026-08-17 14:27:45.844,79/121,1,0,-0.04057,-0.49062,0.04258,-0.5584,-0.0483,0.8844,-0.0044,-0.0563,-0.5487,4.649,0.3162,0.2582,0.0,0.3651,0.3651,0.1826,0.0,0.1826,0.4082,0.3162,0.0,0.0,0.3651,0.2582,0.1826,0.0,0.2582,0.0,0.0
1786969665.8951,2026-08-17 14:27:45.895,80/121,1,0,-0.04066,-0.49062,0.04257,-0.1911,-0.2312,0.8369,0.0058,-0.0473,-0.5372,4.66008,0.2582,0.0,0.0,0.3651,0.3651,0.2582,0.0,0.2582,0.4082,0.2582,0.0,0.0,0.3651,0.3651,0.0,0.0,0.1826,0.2582,0.0
1786969665.9454,2026-08-17 14:27:45.945,80/121,1,0,-0.04103,-0.49079,0.04259,-0.549,-0.1629,0.737,0.0013,-0.0569,-0.5432,4.66814,0.2582,0.0,0.0,0.3651,0.3651,0.2582,0.0,0.2582,0.4082,0.2582,0.0,0.0,0.3651,0.3651,0.0,0.0,0.1826,0.2582,0.0
1786969665.9957,2026-08-17 14:27:45.995,80/121,1,0,-0.04145,-0.49094,0.04257,-0.4989,-0.0722,1.063,-0.0004,-0.0555,-0.5474,4.67192,0.2582,0.2582,0.0,0.4082,0.2582,0.2582,0.0,0.3162,0.4082,0.3162,0.0,0.0,0.3162,0.2582,0.2582,0.0,0.0,0.0,0.0
1786969666.0461,2026-08-17 14:27:46.046,81/121,1,0,-0.04162,-0.491,0.04256,0.0175,-0.0141,0.6904,0.0011,-0.0462,-0.5411,4.67796,0.2582,0.2582,0.0,0.4082,0.2582,0.2582,0.0,0.3162,0.4082,0.3162,0.0,0.0,0.3162,0.2582,0.2582,0.0,0.0,0.0,0.0
1786969666.0964,2026-08-17 14:27:46.096,81/121,1,0,-0.04195,-0.49116,0.04255,-0.3501,-0.4327,0.6248,0.0091,-0.0552,-0.539,4.67217,0.3162,0.1826,0.1826,0.3651,0.3162,0.1826,0.0,0.0,0.4082,0.3162,0.0,0.0,0.2582,0.2582,0.1826,0.1826,0.2582,0.0,0.1826
1786969666.1466,2026-08-17 14:27:46.146,81/121,1,0,-0.0423,-0.49133,0.04254,-0.342,-0.1705,0.6546,0.0034,-0.0618,-0.5401,4.65404,0.3651,0.0,0.1826,0.3651,0.3651,0.2582,0.0,0.2582,0.4082,0.4472,0.1826,0.0,0.3651,0.3651,0.3651,0.2582,0.3162,0.2582,0.3162
1786969666.1967,2026-08-17 14:27:46.196,82/121,1,0,-0.04248,-0.49141,0.04255,-0.5643,0.2012,0.7724,-0.0027,-0.0655,-0.5429,4.64951,0.3651,0.0,0.1826,0.3651,0.3651,0.2582,0.0,0.2582,0.4082,0.4472,0.1826,0.0,0.3651,0.3651,0.3651,0.2582,0.3162,0.2582,0.3162
1786969666.247,2026-08-17 14:27:46.247,82/121,1,0,-0.04273,-0.49155,0.04253,-0.4071,-0.1221,0.7844,0.006,-0.0664,-0.5435,4.65454,0.3162,0.1826,0.1826,0.3651,0.3651,0.2582,0.0,0.2582,0.4472,0.3651,0.2582,0.0,0.3651,0.3162,0.3162,0.2582,0.2582,0.1826,0.2582
1786969666.2974,2026-08-17 14:27:46.297,82/121,1,0,-0.04311,-0.49177,0.04253,-0.5617,0.1782,1.0226,-0.0017,-0.0721,-0.5472,4.64372,0.3162,0.1826,0.1826,0.3651,0.3651,0.2582,0.0,0.2582,0.4472,0.3651,0.2582,0.0,0.3651,0.3162,0.3162,0.2582,0.2582,0.1826,0.2582
1786969666.3478,2026-08-17 14:27:46.347,83/121,1,0,-0.04335,-0.49196,0.04256,-0.4075,0.1521,0.8909,0.0012,-0.0655,-0.5422,4.63566,0.2582,0.3162,0.2582,0.3162,0.3162,0.1826,0.0,0.1826,0.4082,0.4082,0.0,0.0,0.3162,0.3162,0.3651,0.1826,0.2582,0.1826,0.1826
1786969666.3981,2026-08-17 14:27:46.398,83/121,1,0,-0.04354,-0.49211,0.04255,-0.2959,-0.2137,1.1247,0.0066,-0.0637,-0.5437,4.63566,0.2582,0.3162,0.2582,0.3162,0.3162,0.1826,0.0,0.1826,0.4082,0.4082,0.0,0.0,0.3162,0.3162,0.3651,0.1826,0.2582,0.1826,0.1826
1786969666.4485,2026-08-17 14:27:46.448,83/121,1,0,-0.04386,-0.49236,0.04254,-0.463,0.0112,1.133,0.0076,-0.0688,-0.5534,4.6349,0.2582,0.0,0.2582,0.2582,0.3651,0.3651,0.0,0.1826,0.3162,0.4082,0.2582,0.0,0.3162,0.3651,0.3162,0.2582,0.2582,0.1826,0.0
1786969666.4988,2026-08-17 14:27:46.498,83/121,1,0,-0.04412,-0.49259,0.04254,-0.5271,-0.2922,0.9776,0.0065,-0.0664,-0.5442,4.63541,0.1826,0.3162,0.2582,0.3162,0.2582,0.3162,0.1826,0.2582,0.3651,0.4082,0.2582,0.0,0.3162,0.3162,0.3651,0.3162,0.3162,0.1826,0.2582
1786969666.5491,2026-08-17 14:27:46.549,84/121,1,0,-0.04421,-0.49269,0.04254,-0.2861,-0.273,0.8722,0.0137,-0.0617,-0.5567,4.63742,0.1826,0.3162,0.2582,0.3162,0.2582,0.3162,0.1826,0.2582,0.3651,0.4082,0.2582,0.0,0.3162,0.3162,0.3651,0.3162,0.3162,0.1826,0.2582
1786969666.5994,2026-08-17 14:27:46.599,84/121,1,0,-0.04451,-0.49295,0.04253,-0.5254,-0.3345,0.8387,0.0118,-0.0652,-0.5497,4.6339,0.1826,0.3162,0.0,0.3162,0.3162,0.2582,0.0,0.2582,0.2582,0.4082,0.2582,0.0,0.3162,0.3162,0.4082,0.2582,0.1826,0.0,0.2582
1786969666.6498,2026-08-17 14:27:46.649,84/121,1,0,-0.0448,-0.49324,0.04252,-0.593,-0.3026,0.9927,0.0054,-0.063,-0.548,4.6417,0.1826,0.3162,0.0,0.3162,0.3162,0.2582,0.0,0.2582,0.2582,0.4082,0.2582,0.0,0.3162,0.3162,0.4082,0.2582,0.1826,0.0,0.2582
1786969666.7001,2026-08-17 14:27:46.700,85/121,1,0,-0.04489,-0.49336,0.04254,-0.4636,-0.2698,0.8962,0.0067,-0.0564,-0.5488,4.65756,0.0,0.1826,0.1826,0.2582,0.3162,0.2582,0.0,0.1826,0.2582,0.3651,0.2582,0.0,0.2582,0.4082,0.3651,0.2582,0.1826,0.3162,0.2582
1786969666.7504,2026-08-17 14:27:46.750,85/121,1,0,-0.04514,-0.49367,0.04252,-0.5245,-0.2063,0.6905,0.0056,-0.0584,-0.5425,4.67166,0.2582,0.2582,0.1826,0.3651,0.3162,0.3162,0.0,0.0,0.3651,0.3651,0.2582,0.1826,0.2582,0.3651,0.4082,0.3162,0.2582,0.2582,0.2582
1786969666.8007,2026-08-17 14:27:46.800,85/121,1,0,-0.04542,-0.49398,0.04254,-0.2226,-0.1654,0.8591,0.0038,-0.0454,-0.5467,4.67066,0.2582,0.2582,0.1826,0.3651,0.3162,0.3162,0.0,0.0,0.3651,0.3651,0.2582,0.1826,0.2582,0.3651,0.4082,0.3162,0.2582,0.2582,0.2582
1786969666.8511,2026-08-17 14:27:46.851,86/121,1,0,-0.04552,-0.4941,0.04255,-0.4315,-0.2097,0.8455,0.011,-0.0524,-0.5476,4.68325,0.3651,0.2582,0.2582,0.2582,0.3162,0.3651,0.2582,0.1826,0.2582,0.4082,0.3162,0.1826,0.2582,0.2582,0.4082,0.3162,0.3162,0.2582,0.3162
1786969666.9014,2026-08-17 14:27:46.901,86/121,1,0,-0.0457,-0.49439,0.04254,-0.1277,-0.2407,0.8805,0.0132,-0.0457,-0.5387,4.68022,0.3651,0.2582,0.2582,0.2582,0.3162,0.3651,0.2582,0.1826,0.2582,0.4082,0.3162,0.1826,0.2582,0.2582,0.4082,0.3162,0.3162,0.2582,0.3162
1786969666.9517,2026-08-17 14:27:46.951,86/121,1,0,-0.04595,-0.49473,0.04253,-0.5864,0.258,0.8543,0.0073,-0.0641,-0.5466,4.65756,0.1826,0.2582,0.1826,0.1826,0.2582,0.3651,0.1826,0.3162,0.1826,0.4082,0.3162,0.0,0.3651,0.2582,0.3651,0.3162,0.2582,0.2582,0.3162
1786969667.002,2026-08-17 14:27:47.002,87/121,1,0,-0.04608,-0.49498,0.04257,-0.1507,-0.2264,0.8428,0.0174,-0.0536,-0.5459,4.65731,0.0,0.3162,0.0,0.2582,0.2582,0.4472,0.0,0.0,0.2582,0.3162,0.3162,0.0,0.2582,0.2582,0.3651,0.3162,0.0,0.3651,0.2582
1786969667.0523,2026-08-17 14:27:47.052,87/121,1,0,-0.04621,-0.49523,0.04257,-0.4209,0.1105,0.722,0.0132,-0.0663,-0.5512,4.65303,0.0,0.3162,0.0,0.2582,0.2582,0.4472,0.0,0.0,0.2582,0.3162,0.3162,0.0,0.2582,0.2582,0.3651,0.3162,0.0,0.3651,0.2582
1786969667.1025,2026-08-17 14:27:47.102,87/121,1,0,-0.04639,-0.49557,0.04255,-0.7057,0.0886,0.6255,0.0221,-0.0733,-0.5516,4.65152,0.0,0.3651,0.2582,0.3651,0.1826,0.4082,0.1826,0.0,0.2582,0.4472,0.3651,0.0,0.1826,0.2582,0.4472,0.4082,0.1826,0.3162,0.3651
1786969667.1526,2026-08-17 14:27:47.152,87/121,1,0,-0.04658,-0.49589,0.04253,-0.3549,-0.0745,0.6629,0.0208,-0.0641,-0.5486,4.64699,0.0,0.3651,0.2582,0.3651,0.1826,0.4082,0.1826,0.0,0.2582,0.4472,0.3651,0.0,0.1826,0.2582,0.4472,0.4082,0.1826,0.3162,0.3651
1786969667.2028,2026-08-17 14:27:47.202,88/121,1,0,-0.04662,-0.49603,0.04256,-0.0822,0.4262,0.7334,0.0179,-0.061,-0.5517,4.64498,0.2582,0.3162,0.2582,0.2582,0.3162,0.3162,0.1826,0.1826,0.1826,0.3162,0.3162,0.0,0.2582,0.1826,0.4082,0.2582,0.1826,0.2582,0.2582
1786969667.2532,2026-08-17 14:27:47.253,88/121,1,0,-0.04681,-0.49645,0.04253,-0.2044,0.4519,0.9154,0.0199,-0.0649,-0.5459,4.62358,0.2582,0.3162,0.2582,0.2582,0.3162,0.3162,0.1826,0.1826,0.1826,0.3162,0.3162,0.0,0.2582,0.1826,0.4082,0.2582,0.1826,0.2582,0.2582
1786969667.3035,2026-08-17 14:27:47.303,88/121,1,0,-0.04696,-0.49683,0.04254,-0.1885,0.461,0.847,0.0182,-0.0667,-0.5427,4.61401,0.1826,0.2582,0.1826,0.0,0.1826,0.3162,0.0,0.0,0.1826,0.3651,0.3651,0.0,0.2582,0.1826,0.4472,0.2582,0.0,0.3162,0.3162
1786969667.3539,2026-08-17 14:27:47.353,89/121,1,0,-0.04702,-0.49696,0.04259,-0.0475,0.2232,0.9511,0.023,-0.0664,-0.5496,4.61502,0.1826,0.1826,0.1826,0.3162,0.1826,0.2582,0.0,0.0,0.2582,0.4082,0.2582,0.0,0.1826,0.0,0.4472,0.3162,0.0,0.0,0.3651
1786969667.4041,2026-08-17 14:27:47.404,89/121,1,0,-0.04715,-0.49732,0.04255,-0.2902,0.4272,0.9834,0.0193,-0.0723,-0.539,4.59311,0.1826,0.1826,0.1826,0.3162,0.1826,0.2582,0.0,0.0,0.2582,0.4082,0.2582,0.0,0.1826,0.0,0.4472,0.3162,0.0,0.0,0.3651
1786969667.4544,2026-08-17 14:27:47.454,89/121,1,0,-0.04729,-0.49768,0.04253,-0.3199,0.8498,1.0611,0.0134,-0.0746,-0.5378,4.59462,0.1826,0.0,0.1826,0.0,0.2582,0.3651,0.0,0.1826,0.0,0.3162,0.4472,0.0,0.2582,0.0,0.4472,0.3651,0.0,0.1826,0.3651
1786969667.5047,2026-08-17 14:27:47.504,90/121,1,0,-0.04737,-0.49795,0.04254,-0.1066,0.3979,1.0625,0.0217,-0.0738,-0.5259,4.59135,0.1826,0.0,0.1826,0.0,0.2582,0.3651,0.0,0.1826,0.0,0.3162,0.4472,0.0,0.2582,0.0,0.4472,0.3651,0.0,0.1826,0.3651
1786969667.5551,2026-08-17 14:27:47.555,90/121,1,0,-0.04741,-0.49823,0.04254,-0.279,0.7197,1.2283,0.0129,-0.0773,-0.4748,4.577,0.2582,0.2582,0.2582,0.0,0.2582,0.2582,0.2582,0.0,0.0,0.2582,0.4082,0.1826,0.0,0.1826,0.3651,0.3651,0.2582,0.1826,0.2582
1786969667.6054,2026-08-17 14:27:47.605,90/121,1,0,-0.04744,-0.49863,0.04253,-0.3085,0.3944,1.1422,0.0172,-0.0737,-0.426,4.57599,0.0,0.0,0.2582,0.0,0.0,0.3162,0.2582,0.1826,0.0,0.3162,0.4082,0.1826,0.1826,0.0,0.483,0.3651,0.0,0.2582,0.4082
1786969667.6557,2026-08-17 14:27:47.655,90/121,1,0,-0.04747,-0.49902,0.04255,0.0816,-0.2614,1.0611,0.0294,-0.0665,-0.3781,4.57951,0.0,0.0,0.2582,0.0,0.0,0.3162,0.2582,0.1826,0.0,0.3162,0.4082,0.1826,0.1826,0.0,0.483,0.3651,0.0,0.2582,0.4082
1786969667.706,2026-08-17 14:27:47.706,91/121,1,0,-0.04746,-0.49913,0.04257,0.3459,0.0434,0.9378,0.0195,-0.0555,-0.3578,4.57297,0.1826,0.1826,0.2582,0.2582,0.1826,0.2582,0.1826,0.0,0.1826,0.2582,0.4082,0.1826,0.1826,0.0,0.483,0.3651,0.0,0.1826,0.3651
1786969667.7563,2026-08-17 14:27:47.756,91/121,1,0,-0.04749,-0.49952,0.04255,-0.1106,0.3244,1.2358,0.0127,-0.0641,-0.285,4.56969,0.1826,0.1826,0.2582,0.2582,0.1826,0.2582,0.1826,0.0,0.1826,0.2582,0.4082,0.1826,0.1826,0.0,0.483,0.3651,0.0,0.1826,0.3651
1786969667.8066,2026-08-17 14:27:47.806,91/121,1,0,-0.04751,-0.49993,0.04255,-0.0622,0.2281,0.8192,0.008,-0.061,-0.2296,4.57246,0.1826,0.1826,0.2582,0.0,0.2582,0.2582,0.1826,0.1826,0.0,0.1826,0.4472,0.2582,0.1826,0.0,0.3651,0.3651,0.1826,0.0,0.3651
1786969667.8569,2026-08-17 14:27:47.856,92/121,1,0,-0.04756,-0.50017,0.04258,-0.1786,-0.192,0.7155,0.0131,-0.0621,-0.2094,4.59261,0.1826,0.0,0.2582,0.0,0.0,0.2582,0.0,0.0,0.0,0.2582,0.4472,0.0,0.1826,0.0,0.4472,0.4082,0.0,0.0,0.4472
1786969667.9072,2026-08-17 14:27:47.907,92/121,1,0,-0.04751,-0.50052,0.04257,0.0352,-0.1809,0.5301,0.0055,-0.0477,-0.1319,4.61804,0.1826,0.0,0.2582,0.0,0.0,0.2582,0.0,0.0,0.0,0.2582,0.4472,0.0,0.1826,0.0,0.4472,0.4082,0.0,0.0,0.4472
1786969667.9575,2026-08-17 14:27:47.957,92/121,1,0,-0.04749,-0.5009,0.04254,-0.2532,-0.147,0.5791,0.0095,-0.0464,-0.1667,4.62534,0.0,0.1826,0.1826,0.1826,0.1826,0.3651,0.2582,0.0,0.0,0.2582,0.483,0.2582,0.1826,0.0,0.4472,0.483,0.0,0.0,0.4082
1786969668.0078,2026-08-17 14:27:48.007,92/121,1,0,-0.04749,-0.50127,0.04254,-0.2941,-0.3113,0.4153,0.0081,-0.0401,-0.1725,4.64548,0.0,0.1826,0.1826,0.1826,0.1826,0.3651,0.2582,0.0,0.0,0.2582,0.483,0.2582,0.1826,0.0,0.4472,0.483,0.0,0.0,0.4082
1786969668.0581,2026-08-17 14:27:48.058,93/121,1,0,-0.04747,-0.50141,0.04257,-0.3011,-0.1631,0.5909,0.0108,-0.0381,-0.176,4.65253,0.1826,0.2582,0.2582,0.1826,0.0,0.3651,0.2582,0.0,0.0,0.1826,0.483,0.2582,0.0,0.0,0.4472,0.483,0.1826,0.0,0.3651
1786969668.1084,2026-08-17 14:27:48.108,93/121,1,0,-0.04739,-0.50181,0.04255,-0.6114,-0.2216,0.6807,0.0111,-0.0438,-0.1846,4.65328,0.0,0.3651,0.3162,0.1826,0.0,0.3651,0.2582,0.0,0.0,0.3162,0.4472,0.3162,0.2582,0.0,0.4472,0.5164,0.0,0.0,0.4082
1786969668.1585,2026-08-17 14:27:48.158,93/121,1,0,-0.04732,-0.50219,0.04255,-0.6846,-0.1737,0.726,0.016,-0.0418,-0.1881,4.66436,0.0,0.3651,0.3162,0.1826,0.0,0.3651,0.2582,0.0,0.0,0.3162,0.4472,0.3162,0.2582,0.0,0.4472,0.5164,0.0,0.0,0.4082
1786969668.2087,2026-08-17 14:27:48.208,94/121,1,0,-0.0473,-0.50241,0.04256,-0.4718,0.0676,0.644,0.0063,-0.0389,-0.1928,4.65354,0.2582,0.2582,0.2582,0.0,0.1826,0.3162,0.3651,0.1826,0.0,0.2582,0.4472,0.2582,0.1826,0.0,0.4082,0.483,0.0,0.0,0.3651
1786969668.259,2026-08-17 14:27:48.258,94/121,1,0,-0.04716,-0.50273,0.04253,-0.7003,0.289,0.4105,0.0002,-0.0449,-0.1942,4.66058,0.2582,0.2582,0.2582,0.0,0.1826,0.3162,0.3651,0.1826,0.0,0.2582,0.4472,0.2582,0.1826,0.0,0.4082,0.483,0.0,0.0,0.3651
1786969668.3092,2026-08-17 14:27:48.309,94/121,1,0,-0.04708,-0.50314,0.04252,-0.6849,0.0873,0.4618,0.0108,-0.0401,-0.1962,4.6417,0.0,0.0,0.3162,0.1826,0.0,0.4082,0.3651,0.0,0.0,0.2582,0.483,0.3162,0.0,0.0,0.4082,0.5164,0.0,0.0,0.4082
1786969668.3596,2026-08-17 14:27:48.359,94/121,1,0,-0.04697,-0.50349,0.04253,-0.4128,-0.1572,0.3851,0.0139,-0.0344,-0.2007,4.64548,0.0,0.0,0.3162,0.1826,0.0,0.4082,0.3651,0.0,0.0,0.2582,0.483,0.3162,0.0,0.0,0.4082,0.5164,0.0,0.0,0.4082
1786969668.4098,2026-08-17 14:27:48.409,95/121,1,0,-0.04698,-0.50361,0.04258,-0.5857,-0.1504,0.4363,0.017,-0.0346,-0.1965,4.64145,0.1826,0.1826,0.3162,0.0,0.0,0.3162,0.3651,0.0,0.0,0.0,0.5164,0.3162,0.2582,0.0,0.3651,0.5164,0.1826,0.0,0.3162
1786969668.4602,2026-08-17 14:27:48.460,95/121,1,0,-0.04678,-0.50397,0.04255,-0.8242,0.1256,0.6791,0.0088,-0.0427,-0.2109,4.64422,0.0,0.1826,0.2582,0.0,0.0,0.3651,0.2582,0.1826,0.0,0.1826,0.5164,0.3162,0.2582,0.0,0.3162,0.5477,0.0,0.0,0.3162
1786969668.5105,2026-08-17 14:27:48.510,95/121,1,0,-0.04661,-0.50434,0.04253,-0.5266,-0.1261,0.596,0.0162,-0.0301,-0.2099,4.63465,0.0,0.1826,0.2582,0.0,0.0,0.3651,0.2582,0.1826,0.0,0.1826,0.5164,0.3162,0.2582,0.0,0.3162,0.5477,0.0,0.0,0.3162
1786969668.5608,2026-08-17 14:27:48.560,96/121,1,0,-0.04658,-0.5046,0.04258,-0.8123,-0.0233,0.6536,0.0116,-0.0392,-0.2039,4.6339,0.1826,0.2582,0.1826,0.0,0.0,0.3162,0.3162,0.0,0.0,0.0,0.5164,0.3162,0.1826,0.0,0.3162,0.5164,0.0,0.0,0.2582
1786969668.6111,2026-08-17 14:27:48.611,96/121,1,0,-0.04642,-0.50487,0.04256,-0.7244,0.1864,0.3744,0.0051,-0.0377,-0.2128,4.63063,0.1826,0.2582,0.1826,0.0,0.0,0.3162,0.3162,0.0,0.0,0.0,0.5164,0.3162,0.1826,0.0,0.3162,0.5164,0.0,0.0,0.2582
1786969668.6615,2026-08-17 14:27:48.661,96/121,1,0,-0.04619,-0.50526,0.04257,-0.4827,-0.5743,0.3663,0.0189,-0.0317,-0.2031,4.6339,0.0,0.1826,0.1826,0.0,0.0,0.3162,0.3651,0.0,0.0,0.3162,0.4472,0.3162,0.0,0.0,0.4082,0.5164,0.0,0.0,0.4082
1786969668.7118,2026-08-17 14:27:48.711,96/121,1,0,-0.04604,-0.50559,0.04256,-0.893,0.1653,0.6379,0.006,-0.0389,-0.2072,4.64145,0.0,0.0,0.2582,0.1826,0.0,0.3162,0.4082,0.0,0.0,0.0,0.483,0.3651,0.0,0.0,0.1826,0.5477,0.0,0.0,0.3162
1786969668.7622,2026-08-17 14:27:48.762,97/121,1,0,-0.04603,-0.50569,0.04258,-0.7482,0.1247,0.5401,0.0037,-0.0374,-0.2071,4.63742,0.0,0.0,0.2582,0.1826,0.0,0.3162,0.4082,0.0,0.0,0.0,0.483,0.3651,0.0,0.0,0.1826,0.5477,0.0,0.0,0.3162
1786969668.8125,2026-08-17 14:27:48.812,97/121,1,0,-0.0458,-0.50601,0.04255,-0.5024,-0.5045,0.6174,0.0177,-0.0304,-0.2168,4.64699,0.0,0.1826,0.3162,0.1826,0.0,0.2582,0.4082,0.0,0.1826,0.2582,0.483,0.4082,0.0,0.0,0.3162,0.5164,0.0,0.0,0.2582
1786969668.8628,2026-08-17 14:27:48.862,97/121,1,0,-0.04551,-0.5064,0.04253,-0.6212,0.0782,0.5419,0.0004,-0.0376,-0.2122,4.63868,0.0,0.1826,0.3162,0.1826,0.0,0.2582,0.4082,0.0,0.1826,0.2582,0.483,0.4082,0.0,0.0,0.3162,0.5164,0.0,0.0,0.2582
1786969668.913,2026-08-17 14:27:48.913,98/121,1,0,-0.04541,-0.50662,0.04254,-0.7158,-0.1551,0.5438,0.0049,-0.0422,-0.2151,4.64699,0.0,0.0,0.3162,0.0,0.0,0.3162,0.3651,0.0,0.0,0.0,0.483,0.4082,0.0,0.0,0.2582,0.5477,0.0,0.0,0.1826
1786969668.9634,2026-08-17 14:27:48.963,98/121,1,0,-0.04524,-0.5068,0.04255,-0.4017,-0.6113,0.4805,0.0159,-0.0326,-0.214,4.64372,0.0,0.1826,0.3162,0.0,0.0,0.3651,0.4472,0.0,0.0,0.1826,0.483,0.4472,0.0,0.0,0.3162,0.5477,0.0,0.0,0.3162
1786969669.0137,2026-08-17 14:27:49.013,98/121,1,0,-0.04497,-0.5071,0.04255,-0.7403,-0.0628,0.5866,0.0019,-0.0409,-0.2162,4.64649,0.0,0.1826,0.3162,0.0,0.0,0.3651,0.4472,0.0,0.0,0.1826,0.483,0.4472,0.0,0.0,0.3162,0.5477,0.0,0.0,0.3162
1786969669.064,2026-08-17 14:27:49.064,98/121,1,0,-0.04471,-0.50741,0.04254,-0.5968,-0.7595,0.3512,0.0214,-0.0354,-0.2127,4.63767,0.0,0.1826,0.2582,0.1826,0.0,0.2582,0.4472,0.0,0.0,0.0,0.4082,0.4472,0.1826,0.0,0.0,0.483,0.0,0.0,0.3162
1786969669.1143,2026-08-17 14:27:49.114,99/121,1,0,-0.04466,-0.50754,0.04257,-0.2805,-0.225,0.482,0.008,-0.0289,-0.2191,4.64372,0.0,0.1826,0.2582,0.1826,0.0,0.2582,0.4472,0.0,0.0,0.0,0.4082,0.4472,0.1826,0.0,0.0,0.483,0.0,0.0,0.3162
1786969669.1645,2026-08-17 14:27:49.164,99/121,1,0,-0.04436,-0.50784,0.04256,-0.6845,-0.0498,0.5526,0.0067,-0.0379,-0.2195,4.64472,0.0,0.0,0.1826,0.0,0.0,0.3651,0.4082,0.0,0.0,0.1826,0.483,0.4472,0.0,0.0,0.3162,0.5477,0.0,0.0,0.3651
1786969669.2147,2026-08-17 14:27:49.214,99/121,1,0,-0.04407,-0.50813,0.04255,-0.8547,-0.2705,0.4823,0.0078,-0.0474,-0.2235,4.6485,0.0,0.0,0.1826,0.0,0.0,0.3651,0.4082,0.0,0.0,0.1826,0.483,0.4472,0.0,0.0,0.3162,0.5477,0.0,0.0,0.3651
1786969669.265,2026-08-17 14:27:49.264,99/121,1,0,-0.0438,-0.50839,0.04255,-0.0917,-0.75,0.2978,0.0154,-0.0287,-0.2121,4.66058,0.1826,0.1826,0.2582,0.1826,0.0,0.3162,0.5164,0.0,0.0,0.0,0.4472,0.483,0.0,0.0,0.1826,0.483,0.0,0.0,0.1826
1786969669.3153,2026-08-17 14:27:49.315,100/121,1,0,-0.04371,-0.50844,0.04255,-0.0774,-0.7095,0.3085,0.0181,-0.0332,-0.215,4.66713,0.0,0.0,0.3162,0.0,0.0,0.3162,0.483,0.0,0.0,0.0,0.483,0.483,0.1826,0.0,0.2582,0.5477,0.0,0.0,0.1826
1786969669.3656,2026-08-17 14:27:49.365,100/121,1,0,-0.04339,-0.50871,0.04257,-0.3031,-0.3997,0.3249,0.0099,-0.0428,-0.2146,4.67897,0.0,0.0,0.3162,0.0,0.0,0.3162,0.483,0.0,0.0,0.0,0.483,0.483,0.1826,0.0,0.2582,0.5477,0.0,0.0,0.1826
1786969669.4159,2026-08-17 14:27:49.415,100/121,1,0,-0.04308,-0.50896,0.04259,-0.1388,-0.5791,0.4067,0.0148,-0.034,-0.2127,4.67972,0.0,0.1826,0.2582,0.0,0.0,0.3651,0.4472,0.0,0.0,0.0,0.4472,0.5164,0.0,0.0,0.3162,0.5477,0.0,0.0,0.3162
1786969669.4662,2026-08-17 14:27:49.466,100/121,1,0,-0.0428,-0.50914,0.04257,-0.4526,-0.1781,0.3535,-0.0002,-0.0399,-0.2212,4.66915,0.0,0.1826,0.2582,0.0,0.0,0.3651,0.4472,0.0,0.0,0.0,0.4472,0.5164,0.0,0.0,0.3162,0.5477,0.0,0.0,0.3162
1786969669.5166,2026-08-17 14:27:49.516,101/121,1,0,-0.04262,-0.50926,0.04256,-0.4736,-0.3108,0.4811,0.0095,-0.0371,-0.213,4.67292,0.0,0.2582,0.3162,0.0,0.0,0.3162,0.5164,0.0,0.0,0.0,0.4472,0.483,0.0,0.0,0.2582,0.5477,0.0,0.0,0.1826
1786969669.5668,2026-08-17 14:27:49.566,101/121,1,0,-0.04227,-0.50949,0.04255,-0.6037,-0.5243,0.494,0.0154,-0.0353,-0.2229,4.6699,0.0,0.2582,0.3651,0.1826,0.0,0.2582,0.5164,0.0,0.0,0.0,0.4082,0.5477,0.0,0.0,0.1826,0.4472,0.0,0.0,0.3162
1786969669.6169,2026-08-17 14:27:49.616,101/121,1,0,-0.04195,-0.50972,0.04255,-0.6032,-0.2584,0.7293,0.0134,-0.0334,-0.2201,4.65782,0.0,0.2582,0.3651,0.1826,0.0,0.2582,0.5164,0.0,0.0,0.0,0.4082,0.5477,0.0,0.0,0.1826,0.4472,0.0,0.0,0.3162
1786969669.667,2026-08-17 14:27:49.667,102/121,1,0,-0.04179,-0.5098,0.04254,-0.5709,-0.1727,0.5295,0.0101,-0.0343,-0.2197,4.65681,0.0,0.0,0.3651,0.1826,0.0,0.3651,0.483,0.0,0.0,0.0,0.483,0.5477,0.0,0.0,0.1826,0.483,0.0,0.0,0.1826
1786969669.7172,2026-08-17 14:27:49.717,102/121,1,0,-0.04145,-0.50995,0.04255,-0.5487,-0.6058,0.4787,0.0194,-0.0285,-0.2155,4.65857,0.0,0.0,0.3651,0.1826,0.0,0.3651,0.483,0.0,0.0,0.0,0.483,0.5477,0.0,0.0,0.1826,0.483,0.0,0.0,0.1826
1786969669.7674,2026-08-17 14:27:49.767,102/121,1,0,-0.04111,-0.51016,0.04257,-0.6041,-0.1914,0.4423,0.0097,-0.0252,-0.2159,4.65429,0.0,0.2582,0.3162,0.1826,0.0,0.3162,0.5164,0.0,0.0,0.0,0.4472,0.5477,0.0,0.0,0.0,0.483,0.0,0.0,0.0
1786969669.8177,2026-08-17 14:27:49.817,102/121,1,0,-0.04076,-0.51033,0.04256,-0.6022,-0.5295,0.676,0.0214,-0.0225,-0.2227,4.63591,0.0,0.1826,0.3651,0.0,0.0,0.2582,0.5477,0.0,0.0,0.0,0.4082,0.5477,0.0,0.0,0.1826,0.483,0.0,0.0,0.2582
1786969669.868,2026-08-17 14:27:49.868,103/121,1,0,-0.04065,-0.51038,0.04258,-0.7522,-0.237,0.6631,0.0097,-0.0267,-0.2224,4.6407,0.0,0.1826,0.3651,0.0,0.0,0.2582,0.5477,0.0,0.0,0.0,0.4082,0.5477,0.0,0.0,0.1826,0.483,0.0,0.0,0.2582
1786969669.9184,2026-08-17 14:27:49.918,103/121,1,0,-0.04029,-0.5105,0.04256,-0.7796,-0.3947,0.6144,0.0171,-0.0257,-0.2231,4.63239,0.0,0.0,0.3651,0.0,0.0,0.3651,0.5774,0.0,0.0,0.0,0.4082,0.5477,0.0,0.0,0.1826,0.483,0.0,0.0,0.3162
1786969669.9687,2026-08-17 14:27:49.968,103/121,1,0,-0.03986,-0.51062,0.04253,-1.0153,-0.1716,0.7701,0.0133,-0.0274,-0.2166,4.61225,0.0,0.0,0.3651,0.0,0.0,0.3651,0.5774,0.0,0.0,0.0,0.4082,0.5477,0.0,0.0,0.1826,0.483,0.0,0.0,0.3162
1786969670.019,2026-08-17 14:27:50.019,103/121,1,0,-0.03949,-0.51076,0.04252,-0.9667,-0.1104,0.7049,0.0083,-0.0244,-0.2186,4.61476,0.0,0.2582,0.3651,0.0,0.0,0.3162,0.5477,0.0,0.0,0.0,0.4472,0.5477,0.0,0.0,0.1826,0.4472,0.0,0.0,0.1826
1786969670.0693,2026-08-17 14:27:50.069,104/121,1,0,-0.03932,-0.51082,0.04254,-1.2082,-0.0786,0.7484,0.0088,-0.0282,-0.2273,4.59538,0.0,0.1826,0.3651,0.2582,0.0,0.3162,0.6055,0.0,0.0,0.0,0.3651,0.5477,0.0,0.0,0.1826,0.4472,0.0,0.0,0.1826
1786969670.1195,2026-08-17 14:27:50.119,104/121,1,0,-0.03895,-0.51093,0.04256,-1.3062,-0.2255,0.8199,0.0136,-0.0292,-0.22,4.59236,0.0,0.1826,0.3651,0.2582,0.0,0.3162,0.6055,0.0,0.0,0.0,0.3651,0.5477,0.0,0.0,0.1826,0.4472,0.0,0.0,0.1826
1786969670.1697,2026-08-17 14:27:50.169,104/121,1,0,-0.03858,-0.51104,0.04256,-0.8592,-0.4969,0.6994,0.0167,-0.0172,-0.2243,4.57901,0.0,0.1826,0.4082,0.0,0.0,0.3162,0.5774,0.0,0.0,0.0,0.4082,0.5164,0.0,0.0,0.1826,0.4082,0.0,0.0,0.1826
1786969670.2198,2026-08-17 14:27:50.219,104/121,1,0,-0.03823,-0.5111,0.04254,-0.8828,-0.3903,0.9856,0.0119,-0.0186,-0.2205,4.56894,0.0,0.1826,0.4082,0.0,0.0,0.3162,0.5774,0.0,0.0,0.0,0.4082,0.5164,0.0,0.0,0.1826,0.4082,0.0,0.0,0.1826
1786969670.2702,2026-08-17 14:27:50.270,105/121,1,0,-0.03812,-0.51113,0.04255,-1.4352,-0.2073,0.9565,0.0081,-0.031,-0.2226,4.55988,0.0,0.1826,0.4082,0.0,0.0,0.2582,0.5774,0.0,0.0,0.0,0.4082,0.483,0.0,0.0,0.2582,0.4472,0.0,0.0,0.0
1786969670.3205,2026-08-17 14:27:50.320,105/121,1,0,-0.03763,-0.51117,0.04253,-1.195,-0.1718,1.0688,0.0061,-0.0225,-0.2217,4.55056,0.0,0.1826,0.4082,0.0,0.0,0.2582,0.5774,0.0,0.0,0.0,0.4082,0.483,0.0,0.0,0.2582,0.4472,0.0,0.0,0.0
1786969670.3708,2026-08-17 14:27:50.370,105/121,1,0,-0.03724,-0.51123,0.04253,-1.3221,-0.1775,1.0021,0.0044,-0.0255,-0.2183,4.55182,0.0,0.0,0.3651,0.0,0.0,0.3162,0.6055,0.0,0.0,0.0,0.4082,0.483,0.0,0.0,0.0,0.4082,0.0,0.0,0.0
1786969670.4212,2026-08-17 14:27:50.421,106/121,1,0,-0.03695,-0.5113,0.04256,-1.1314,-0.3536,1.1877,0.0084,-0.0226,-0.2262,4.53873,0.0,0.2582,0.4082,0.0,0.0,0.3651,0.5774,0.0,0.0,0.0,0.4082,0.483,0.0,0.0,0.1826,0.4082,0.0,0.0,0.1826
1786969670.4715,2026-08-17 14:27:50.471,106/121,1,0,-0.03672,-0.51131,0.04255,-1.1069,-0.3344,1.1117,0.0062,-0.0231,-0.2123,4.54175,0.0,0.2582,0.4082,0.0,0.0,0.3651,0.5774,0.0,0.0,0.0,0.4082,0.483,0.0,0.0,0.1826,0.4082,0.0,0.0,0.1826
1786969670.5219,2026-08-17 14:27:50.521,106/121,1,0,-0.03633,-0.51135,0.04256,-1.2991,-0.2894,1.1697,0.0008,-0.0256,-0.2162,4.53168,0.0,0.2582,0.3651,0.0,0.0,0.3162,0.6055,0.0,0.0,0.0,0.3651,0.483,0.0,0.0,0.1826,0.3651,0.0,0.0,0.0
1786969670.5723,2026-08-17 14:27:50.572,106/121,1,0,-0.03595,-0.51136,0.04255,-1.2613,-0.1976,0.9813,0.0004,-0.0272,-0.2213,4.5284,0.0,0.2582,0.3651,0.0,0.0,0.3162,0.6055,0.0,0.0,0.0,0.3651,0.483,0.0,0.0,0.1826,0.3651,0.0,0.0,0.0
1786969670.6225,2026-08-17 14:27:50.622,107/121,1,0,-0.03571,-0.51138,0.04254,-0.7793,-0.4264,1.1808,0.0052,-0.0195,-0.226,4.52614,0.0,0.1826,0.4472,0.2582,0.0,0.3162,0.6325,0.0,0.0,0.0,0.4472,0.5164,0.0,0.0,0.0,0.4472,0.0,0.0,0.2582
1786969670.6728,2026-08-17 14:27:50.672,107/121,1,0,-0.03541,-0.51139,0.04254,-1.0527,-0.2716,1.2186,-0.0014,-0.0306,-0.2164,4.52136,0.0,0.1826,0.4082,0.0,0.0,0.3162,0.6583,0.0,0.0,0.0,0.4082,0.483,0.0,0.0,0.0,0.4082,0.0,0.0,0.0
1786969670.7232,2026-08-17 14:27:50.723,107/121,1,0,-0.03503,-0.51137,0.04254,-0.7027,-0.3646,1.058,0.0034,-0.0281,-0.2109,4.53369,0.0,0.1826,0.4082,0.0,0.0,0.3162,0.6583,0.0,0.0,0.0,0.4082,0.483,0.0,0.0,0.0,0.4082,0.0,0.0,0.0
1786969670.7735,2026-08-17 14:27:50.773,107/121,1,0,-0.03462,-0.51137,0.04252,-0.6154,-0.532,0.9604,0.0069,-0.0301,-0.2133,4.57121,0.0,0.1826,0.3651,0.0,0.0,0.3651,0.5774,0.0,0.0,0.0,0.3651,0.3651,0.0,0.0,0.0,0.3651,0.0,0.0,0.0
1786969670.8238,2026-08-17 14:27:50.823,108/121,1,0,-0.03439,-0.51133,0.04252,-0.4329,-0.3357,0.6075,0.0058,-0.0448,-0.2233,4.66864,0.0,0.1826,0.3651,0.0,0.0,0.3651,0.5774,0.0,0.0,0.0,0.3651,0.3651,0.0,0.0,0.0,0.3651,0.0,0.0,0.0
1786969670.874,2026-08-17 14:27:50.874,108/121,1,0,-0.0341,-0.51123,0.0425,-0.791,0.1537,0.6697,-0.0079,-0.0524,-0.2147,4.67317,0.0,0.0,0.4472,0.2582,0.0,0.3162,0.6325,0.0,0.0,0.0,0.3651,0.483,0.0,0.0,0.1826,0.4082,0.0,0.0,0.1826
1786969670.9243,2026-08-17 14:27:50.924,108/121,1,0,-0.03367,-0.51115,0.04252,-0.7878,-0.3297,0.6107,0.0014,-0.0475,-0.2154,4.67368,0.1826,0.1826,0.4472,0.0,0.0,0.2582,0.6055,0.0,0.0,0.0,0.3162,0.4472,0.0,0.0,0.0,0.3651,0.0,0.0,0.1826
1786969670.9747,2026-08-17 14:27:50.974,108/121,1,0,-0.03321,-0.5111,0.04253,-0.9362,0.0876,0.5963,-0.0069,-0.0492,-0.2208,4.67519,0.1826,0.1826,0.4472,0.0,0.0,0.2582,0.6055,0.0,0.0,0.0,0.3162,0.4472,0.0,0.0,0.0,0.3651,0.0,0.0,0.1826
1786969671.025,2026-08-17 14:27:51.025,109/121,1,0,-0.03311,-0.51108,0.04253,-0.7936,-0.2382,0.3279,-0.0011,-0.0434,-0.217,4.65807,0.0,0.0,0.5164,0.0,0.0,0.3162,0.5774,0.0,0.0,0.0,0.3162,0.4082,0.0,0.0,0.0,0.3651,0.0,0.0,0.0
1786969671.0752,2026-08-17 14:27:51.075,109/121,1,0,-0.03275,-0.51096,0.04251,-0.9597,-0.2683,0.3845,-0.0011,-0.0457,-0.2174,4.66713,0.0,0.0,0.5164,0.0,0.0,0.3162,0.5774,0.0,0.0,0.0,0.3162,0.4082,0.0,0.0,0.0,0.3651,0.0,0.0,0.0
1786969671.1256,2026-08-17 14:27:51.125,109/121,1,0,-0.03237,-0.51081,0.0425,-0.9247,-0.2873,0.4282,-0.0044,-0.0426,-0.2192,4.66915,0.0,0.0,0.5164,0.1826,0.0,0.3651,0.5164,0.0,0.0,0.0,0.3162,0.3162,0.0,0.0,0.0,0.3651,0.0,0.0,0.0
1786969671.1759,2026-08-17 14:27:51.175,109/121,1,0,-0.03201,-0.51071,0.04251,-1.1478,-0.2684,0.7256,-0.005,-0.0455,-0.223,4.66361,0.0,0.0,0.5164,0.1826,0.0,0.3651,0.5164,0.0,0.0,0.0,0.3162,0.3162,0.0,0.0,0.0,0.3651,0.0,0.0,0.0
1786969671.2262,2026-08-17 14:27:51.226,110/121,1,0,-0.03185,-0.51068,0.04251,-1.2023,-0.4422,0.5298,0.001,-0.0418,-0.2292,4.65102,0.0,0.1826,0.5164,0.1826,0.0,0.3162,0.5477,0.0,0.0,0.0,0.2582,0.3651,0.0,0.0,0.0,0.2582,0.0,0.0,0.0
1786969671.2766,2026-08-17 14:27:51.276,110/121,1,0,-0.03149,-0.5105,0.04251,-0.8826,-0.7299,0.8837,0.0033,-0.0323,-0.2215,4.64397,0.0,0.1826,0.483,0.0,0.0,0.3162,0.4472,0.0,0.0,0.0,0.3162,0.3162,0.0,0.0,0.1826,0.3162,0.0,0.0,0.0
1786969671.3268,2026-08-17 14:27:51.326,110/121,1,0,-0.03106,-0.51034,0.0425,-0.9749,-0.6448,0.7807,0.0003,-0.03,-0.2228,4.63138,0.0,0.1826,0.483,0.0,0.0,0.3162,0.4472,0.0,0.0,0.0,0.3162,0.3162,0.0,0.0,0.1826,0.3162,0.0,0.0,0.0
1786969671.3772,2026-08-17 14:27:51.377,110/121,1,0,-0.03074,-0.51021,0.04251,-1.0373,-0.3278,0.821,-0.0081,-0.0301,-0.2232,4.61627,0.1826,0.1826,0.5477,0.0,0.0,0.3162,0.483,0.0,0.0,0.0,0.3162,0.3651,0.0,0.0,0.0,0.2582,0.0,0.0,0.0
1786969671.4275,2026-08-17 14:27:51.427,111/121,1,0,-0.03062,-0.51019,0.04254,-1.2974,-0.1902,0.8544,-0.0147,-0.0379,-0.2185,4.63339,0.1826,0.1826,0.5477,0.0,0.0,0.3162,0.483,0.0,0.0,0.0,0.3162,0.3651,0.0,0.0,0.0,0.2582,0.0,0.0,0.0
1786969671.4779,2026-08-17 14:27:51.477,111/121,1,0,-0.03033,-0.51003,0.04255,-1.0112,-0.9552,0.8048,0.0057,-0.0287,-0.2196,4.61728,0.0,0.1826,0.5477,0.3162,0.0,0.4082,0.5164,0.0,0.0,0.0,0.3162,0.3651,0.0,0.0,0.0,0.3162,0.0,0.0,0.0
1786969671.5283,2026-08-17 14:27:51.528,111/121,1,0,-0.02993,-0.50984,0.04255,-0.868,-0.2787,0.7602,-0.0132,-0.0245,-0.2168,4.61149,0.0,0.2582,0.5774,0.1826,0.0,0.4082,0.483,0.0,0.0,0.0,0.3162,0.3162,0.0,0.0,0.1826,0.3162,0.0,0.0,0.0
1786969671.5787,2026-08-17 14:27:51.578,111/121,1,0,-0.02957,-0.50965,0.04255,-1.508,-0.1787,0.7209,-0.0164,-0.0386,-0.2263,4.6062,0.0,0.2582,0.5774,0.1826,0.0,0.4082,0.483,0.0,0.0,0.0,0.3162,0.3162,0.0,0.0,0.1826,0.3162,0.0,0.0,0.0
1786969671.629,2026-08-17 14:27:51.628,112/121,1,0,-0.0294,-0.50957,0.04254,-1.5105,-0.1724,0.7778,-0.0203,-0.0349,-0.2253,4.58808,0.0,0.1826,0.5477,0.0,0.0,0.4082,0.483,0.0,0.0,0.0,0.3162,0.3651,0.0,0.0,0.1826,0.2582,0.0,0.0,0.0
1786969671.6793,2026-08-17 14:27:51.679,112/121,1,0,-0.02911,-0.50936,0.04255,-1.5452,-0.4757,0.8387,-0.0122,-0.0395,-0.2222,4.5921,0.0,0.1826,0.5477,0.0,0.0,0.4082,0.483,0.0,0.0,0.0,0.3162,0.3651,0.0,0.0,0.1826,0.2582,0.0,0.0,0.0
1786969671.7296,2026-08-17 14:27:51.729,112/121,1,0,-0.02878,-0.50912,0.04253,-1.2343,-0.6351,0.9477,-0.0122,-0.0333,-0.2253,4.58505,0.0,0.1826,0.5477,0.1826,0.0,0.3162,0.4082,0.0,0.0,0.0,0.0,0.3162,0.0,0.0,0.1826,0.1826,0.0,0.0,0.0
1786969671.7799,2026-08-17 14:27:51.779,112/121,1,0,-0.02844,-0.50891,0.04254,-1.1753,-0.852,1.0863,-0.0027,-0.0272,-0.2183,4.56995,0.0,0.1826,0.5774,0.0,0.1826,0.3651,0.4082,0.0,0.0,0.0,0.3162,0.3162,0.0,0.0,0.1826,0.3162,0.0,0.0,0.1826
1786969671.8302,2026-08-17 14:27:51.830,113/121,1,0,-0.02828,-0.50878,0.04255,-1.1349,-0.8063,1.002,-0.0078,-0.0314,-0.2267,4.56894,0.0,0.1826,0.5774,0.0,0.1826,0.3651,0.4082,0.0,0.0,0.0,0.3162,0.3162,0.0,0.0,0.1826,0.3162,0.0,0.0,0.1826
1786969671.8805,2026-08-17 14:27:51.880,113/121,1,0,-0.02807,-0.5086,0.04255,-0.6437,-0.4668,0.7348,-0.0145,-0.023,-0.2201,4.55585,0.1826,0.2582,0.5774,0.1826,0.0,0.3651,0.4082,0.0,0.0,0.0,0.2582,0.3162,0.0,0.0,0.0,0.3162,0.0,0.0,0.0
1786969671.9309,2026-08-17 14:27:51.930,113/121,1,0,-0.02767,-0.50827,0.04256,-1.1003,-0.5594,0.9588,-0.0122,-0.0381,-0.2135,4.55106,0.1826,0.2582,0.5774,0.1826,0.0,0.3651,0.4082,0.0,0.0,0.0,0.2582,0.3162,0.0,0.0,0.0,0.3162,0.0,0.0,0.0
1786969671.9812,2026-08-17 14:27:51.981,113/121,1,0,-0.02737,-0.50803,0.04254,-1.0008,-0.6499,1.0846,-0.0104,-0.0392,-0.2208,4.55988,0.0,0.1826,0.6055,0.1826,0.0,0.4472,0.483,0.0,0.0,0.0,0.2582,0.3651,0.0,0.0,0.0,0.3162,0.1826,0.0,0.0
1786969672.0315,2026-08-17 14:27:52.031,114/121,1,0,-0.0272,-0.50789,0.04253,-0.7861,-0.4583,1.0166,-0.0139,-0.0364,-0.2199,4.5498,0.0,0.2582,0.5164,0.0,0.0,0.4472,0.3651,0.1826,0.0,0.1826,0.3162,0.2582,0.1826,0.0,0.0,0.3651,0.0,0.0,0.0
1786969672.0818,2026-08-17 14:27:52.081,114/121,1,0,-0.02704,-0.50771,0.04254,-0.6128,-0.6287,1.139,-0.0083,-0.0383,-0.2163,4.56088,0.0,0.2582,0.5164,0.0,0.0,0.4472,0.3651,0.1826,0.0,0.1826,0.3162,0.2582,0.1826,0.0,0.0,0.3651,0.0,0.0,0.0
1786969672.132,2026-08-17 14:27:52.132,114/121,1,0,-0.02673,-0.50742,0.04256,-0.702,-0.5447,0.8693,-0.0094,-0.0438,-0.2243,4.59412,0.0,0.2582,0.5774,0.0,0.1826,0.3651,0.483,0.0,0.0,0.1826,0.1826,0.3651,0.0,0.0,0.0,0.1826,0.2582,0.0,0.0
1786969672.1821,2026-08-17 14:27:52.182,114/121,1,0,-0.02641,-0.50709,0.04258,-0.656,-0.4056,0.6192,0.0071,-0.0466,-0.2209,4.67796,0.0,0.2582,0.5774,0.0,0.1826,0.3651,0.483,0.0,0.0,0.1826,0.1826,0.3651,0.0,0.0,0.0,0.1826,0.2582,0.0,0.0
1786969672.2322,2026-08-17 14:27:52.232,115/121,1,0,-0.02622,-0.50688,0.04253,-0.7594,0.0548,0.5033,-0.0073,-0.0552,-0.222,4.6835,0.0,0.0,0.5164,0.0,0.1826,0.4472,0.4082,0.2582,0.0,0.0,0.3162,0.2582,0.2582,0.0,0.0,0.3162,0.0,0.0,0.0
1786969672.2824,2026-08-17 14:27:52.282,115/121,1,0,-0.0261,-0.50672,0.04256,-0.6321,0.1159,0.2076,-0.0031,-0.0497,-0.223,4.68879,0.0,0.0,0.5164,0.0,0.1826,0.4472,0.4082,0.2582,0.0,0.0,0.3162,0.2582,0.2582,0.0,0.0,0.3162,0.0,0.0,0.0
1786969672.3326,2026-08-17 14:27:52.332,115/121,1,0,-0.02586,-0.5064,0.04256,-0.7097,-0.3007,0.5283,0.006,-0.048,-0.2215,4.69583,0.0,0.2582,0.483,0.0,0.0,0.3651,0.3651,0.1826,0.0,0.0,0.3162,0.1826,0.0,0.0,0.1826,0.3651,0.0,0.0,0.1826
1786969672.3827,2026-08-17 14:27:52.382,115/121,1,0,-0.0256,-0.50609,0.04256,-0.4292,-0.4762,0.5186,0.007,-0.0425,-0.2206,4.69533,0.0,0.3651,0.4082,0.1826,0.0,0.4472,0.3162,0.0,0.0,0.0,0.3162,0.2582,0.1826,0.0,0.0,0.3651,0.0,0.0,0.0
1786969672.4329,2026-08-17 14:27:52.432,115/121,1,0,-0.02538,-0.50577,0.04252,-0.1766,-0.0307,0.3432,-0.0026,-0.0382,-0.2107,4.68526,0.0,0.3651,0.4082,0.1826,0.0,0.4472,0.3162,0.0,0.0,0.0,0.3162,0.2582,0.1826,0.0,0.0,0.3651,0.0,0.0,0.0
1786969672.483,2026-08-17 14:27:52.483,116/121,1,0,-0.0253,-0.50563,0.04252,-0.6172,-0.5243,0.5415,0.0084,-0.0471,-0.2196,4.68677,0.0,0.4082,0.4472,0.1826,0.0,0.3651,0.2582,0.0,0.0,0.0,0.2582,0.1826,0.1826,0.0,0.0,0.3162,0.0,0.0,0.0
1786969672.5332,2026-08-17 14:27:52.533,116/121,1,0,-0.02507,-0.50529,0.04254,-0.5326,-0.2894,0.4779,0.0015,-0.0478,-0.214,4.68073,0.0,0.4082,0.4472,0.1826,0.0,0.3651,0.2582,0.0,0.0,0.0,0.2582,0.1826,0.1826,0.0,0.0,0.3162,0.0,0.0,0.0
1786969672.5835,2026-08-17 14:27:52.583,116/121,1,0,-0.02488,-0.50497,0.04255,-0.3827,-0.3389,0.3706,0.0007,-0.0417,-0.2151,4.67922,0.0,0.4472,0.4082,0.1826,0.0,0.4082,0.3162,0.0,0.0,0.1826,0.2582,0.1826,0.0,0.0,0.0,0.3162,0.0,0.0,0.2582
1786969672.6337,2026-08-17 14:27:52.633,116/121,1,0,-0.02465,-0.50463,0.04253,-0.9488,-0.177,0.5298,-0.0004,-0.0562,-0.2299,4.68526,0.0,0.4472,0.4082,0.0,0.1826,0.4082,0.3162,0.0,0.0,0.0,0.2582,0.1826,0.0,0.0,0.0,0.3162,0.0,0.0,0.0
1786969672.6838,2026-08-17 14:27:52.683,117/121,1,0,-0.0246,-0.50452,0.0425,-0.6876,-0.196,0.5401,0.0002,-0.0527,-0.2237,4.67267,0.0,0.4472,0.4082,0.0,0.1826,0.4082,0.3162,0.0,0.0,0.0,0.2582,0.1826,0.0,0.0,0.0,0.3162,0.0,0.0,0.0
1786969672.734,2026-08-17 14:27:52.733,117/121,1,0,-0.0244,-0.50414,0.04255,-0.2834,-0.8244,0.3065,0.013,-0.035,-0.216,4.67368,0.1826,0.4082,0.4082,0.3162,0.0,0.4082,0.3651,0.1826,0.1826,0.0,0.2582,0.2582,0.1826,0.0,0.0,0.2582,0.0,0.1826,0.0
1786969672.7841,2026-08-17 14:27:52.784,117/121,1,0,-0.02425,-0.50378,0.04257,-0.2639,-0.4444,0.3275,-0.0013,-0.0401,-0.2108,4.69432,0.1826,0.4082,0.4082,0.3162,0.0,0.4082,0.3651,0.1826,0.1826,0.0,0.2582,0.2582,0.1826,0.0,0.0,0.2582,0.0,0.1826,0.0
1786969672.8342,2026-08-17 14:27:52.834,117/121,1,0,-0.02407,-0.50343,0.04258,-0.2203,-0.5205,0.2823,0.0001,-0.0371,-0.2067,4.67192,0.0,0.4472,0.4082,0.1826,0.0,0.3651,0.3162,0.2582,0.1826,0.0,0.2582,0.1826,0.1826,0.0,0.0,0.3162,0.0,0.0,0.0
1786969672.8844,2026-08-17 14:27:52.884,118/121,1,0,-0.02402,-0.5033,0.04254,-1.0596,-0.1887,0.5621,-0.007,-0.0598,-0.2264,4.66764,0.0,0.4472,0.4082,0.2582,0.0,0.3651,0.2582,0.1826,0.1826,0.1826,0.2582,0.2582,0.1826,0.0,0.1826,0.2582,0.0,0.0,0.0
1786969672.9345,2026-08-17 14:27:52.934,118/121,1,0,-0.02389,-0.50297,0.04256,-0.5512,-0.3561,0.3559,-0.004,-0.0507,-0.2233,4.67116,0.0,0.4472,0.4082,0.2582,0.0,0.3651,0.2582,0.1826,0.1826,0.1826,0.2582,0.2582,0.1826,0.0,0.1826,0.2582,0.0,0.0,0.0
1786969672.9847,2026-08-17 14:27:52.984,118/121,1,0,-0.02372,-0.50254,0.04256,-0.3425,-0.6096,0.4841,0.0024,-0.0448,-0.2171,4.67317,0.1826,0.4472,0.3651,0.2582,0.2582,0.3651,0.2582,0.2582,0.1826,0.0,0.1826,0.1826,0.2582,0.0,0.0,0.2582,0.1826,0.0,0.1826
1786969673.0349,2026-08-17 14:27:53.034,118/121,1,0,-0.02358,-0.50215,0.04256,-0.2921,-0.4964,0.5186,0.0003,-0.0436,-0.2128,4.66839,0.1826,0.4472,0.3651,0.2582,0.2582,0.3651,0.2582,0.2582,0.1826,0.0,0.1826,0.1826,0.2582,0.0,0.0,0.2582,0.1826,0.0,0.1826
1786969673.085,2026-08-17 14:27:53.085,119/121,1,0,-0.02351,-0.50195,0.04255,-0.295,-0.4162,0.3681,0.0042,-0.0439,-0.2106,4.66512,0.2582,0.4082,0.4082,0.0,0.1826,0.4472,0.2582,0.0,0.0,0.1826,0.2582,0.1826,0.0,0.0,0.0,0.3162,0.1826,0.0,0.0
1786969673.1352,2026-08-17 14:27:53.135,119/121,1,0,-0.02343,-0.50169,0.04254,-0.4833,-0.1426,0.3643,-0.006,-0.0462,-0.2103,4.67292,0.2582,0.4082,0.4082,0.0,0.1826,0.4472,0.2582,0.0,0.0,0.1826,0.2582,0.1826,0.0,0.0,0.0,0.3162,0.1826,0.0,0.0
1786969673.1854,2026-08-17 14:27:53.185,119/121,1,0,-0.02332,-0.50131,0.04255,-0.3448,-0.0982,0.3349,-0.0025,-0.0441,-0.2201,4.67519,0.1826,0.5164,0.3162,0.2582,0.2582,0.3651,0.0,0.1826,0.0,0.1826,0.2582,0.0,0.2582,0.0,0.1826,0.3162,0.0,0.0,0.0
1786969673.2355,2026-08-17 14:27:53.235,119/121,1,0,-0.02314,-0.50086,0.04253,-0.8193,-0.2566,0.3951,0.002,-0.0515,-0.23,4.67796,0.3162,0.483,0.0,0.2582,0.3162,0.2582,0.0,0.0,0.0,0.0,0.1826,0.0,0.0,0.0,0.1826,0.2582,0.0,0.0,0.1826
1786969673.2857,2026-08-17 14:27:53.285,119/121,1,0,-0.02306,-0.50051,0.04251,-0.3688,-0.3072,0.3607,-0.0007,-0.0419,-0.2318,4.6845,0.3162,0.483,0.0,0.2582,0.3162,0.2582,0.0,0.0,0.0,0.0,0.1826,0.0,0.0,0.0,0.1826,0.2582,0.0,0.0,0.1826
1786969673.3361,2026-08-17 14:27:53.336,120/121,1,0,-0.02302,-0.50037,0.04249,-0.5404,-0.5273,0.398,0.0047,-0.0462,-0.261,4.68148,0.3162,0.4082,0.1826,0.2582,0.3162,0.2582,0.0,0.0,0.1826,0.0,0.1826,0.0,0.0,0.0,0.0,0.2582,0.0,0.0,0.0
1786969673.3864,2026-08-17 14:27:53.386,120/121,1,0,-0.02297,-0.49998,0.04254,-0.3886,-0.4354,0.3204,0.0068,-0.0443,-0.3001,4.68174,0.3162,0.4082,0.1826,0.2582,0.3162,0.2582,0.0,0.0,0.1826,0.0,0.1826,0.0,0.0,0.0,0.0,0.2582,0.0,0.0,0.0
1786969673.4367,2026-08-17 14:27:53.436,120/121,1,0,-0.02297,-0.49958,0.04253,-0.5515,-0.2466,0.1443,0.0018,-0.0473,-0.3475,4.68778,0.1826,0.4472,0.0,0.1826,0.0,0.3651,0.0,0.0,0.2582,0.0,0.0,0.0,0.0,0.0,0.0,0.0,0.0,0.0,0.1826
1786969673.487,2026-08-17 14:27:53.487,120/121,1,0,-0.02297,-0.49919,0.04254,-0.8371,-0.1475,0.5765,0.0005,-0.0542,-0.3827,4.68476,0.3651,0.4472,0.1826,0.2582,0.3162,0.2582,0.0,0.1826,0.0,0.1826,0.0,0.0,0.0,0.0,0.1826,0.2582,0.0,0.0,0.1826
1786969673.5372,2026-08-17 14:27:53.537,121/121,0,0,-0.02295,-0.49908,0.04257,-0.445,-0.0393,0.2619,-0.0035,-0.0453,-0.3994,4.68073,0.3651,0.4472,0.1826,0.2582,0.3162,0.2582,0.0,0.1826,0.0,0.1826,0.0,0.0,0.0,0.0,0.1826,0.2582,0.0,0.0,0.1826
1786969673.5874,2026-08-17 14:27:53.587,121/121,0,0,-0.02317,-0.49909,0.04323,-0.6301,-0.4513,0.2368,0.0091,-0.0525,-0.5342,4.67519,0.3651,0.4472,0.0,0.2582,0.3162,0.2582,0.0,0.1826,0.0,0.1826,0.0,0.0,0.1826,0.0,0.1826,0.1826,0.0,0.1826,0.0
1786969673.6376,2026-08-17 14:27:53.637,121/121,0,0,-0.02356,-0.49907,0.04447,-0.7269,-0.5023,0.1895,0.0148,-0.0561,-0.622,4.68174,0.3651,0.4472,0.0,0.2582,0.3162,0.2582,0.0,0.1826,0.0,0.1826,0.0,0.0,0.1826,0.0,0.1826,0.1826,0.0,0.1826,0.0
1786969673.6878,2026-08-17 14:27:53.687,121/121,0,0,-0.02413,-0.49907,0.04642,-0.4478,-0.1927,0.2851,0.0034,-0.0473,-0.5818,4.68199,0.4082,0.3651,0.1826,0.4082,0.3162,0.1826,0.1826,0.0,0.0,0.2582,0.1826,0.0,0.0,0.0,0.0,0.1826,0.0,0.0,0.1826
1786969673.7378,2026-08-17 14:27:53.737,121/121,0,0,-0.02492,-0.4991,0.04917,-0.5714,-0.2639,0.1377,0.0029,-0.052,-0.564,4.67922,0.5164,0.3651,0.0,0.2582,0.3651,0.2582,0.0,0.1826,0.0,0.0,0.0,0.0,0.1826,0.0,0.0,0.2582,0.0,0.0,0.0
1786969673.788,2026-08-17 14:27:53.787,121/121,0,0,-0.02604,-0.49909,0.053,-0.6547,-0.1806,0.2292,0.0034,-0.0519,-0.5565,4.68778,0.5164,0.3651,0.0,0.2582,0.3651,0.2582,0.0,0.1826,0.0,0.0,0.0,0.0,0.1826,0.0,0.0,0.2582,0.0,0.0,0.0
1786969673.8381,2026-08-17 14:27:53.838,121/121,0,0,-0.02711,-0.49905,0.05663,-0.8149,-0.6003,0.3135,0.0151,-0.0601,-0.5549,4.68753,0.2582,0.3162,0.1826,0.2582,0.0,0.1826,0.0,0.1826,0.1826,0.0,0.0,0.0,0.0,0.0,0.0,0.1826,0.0,0.0,0.0
1786969673.8882,2026-08-17 14:27:53.888,121/121,0,0,-0.02818,-0.49907,0.06039,-0.4122,-1.0415,0.2419,0.0264,-0.0477,-0.5455,4.68954,0.2582,0.3162,0.1826,0.2582,0.0,0.1826,0.0,0.1826,0.1826,0.0,0.0,0.0,0.0,0.0,0.0,0.1826,0.0,0.0,0.0
1786969673.9384,2026-08-17 14:27:53.938,121/121,0,0,-0.02931,-0.49909,0.06424,-0.7307,-0.2566,0.5318,0.0076,-0.0528,-0.5455,4.69357,0.1826,0.1826,0.0,0.2582,0.0,0.0,0.0,0.0,0.0,0.0,0.0,0.0,0.1826,0.0,0.0,0.0,0.0,0.0,0.0
1786969673.9887,2026-08-17 14:27:53.988,121/121,0,0,-0.03039,-0.49905,0.06785,-0.45,-0.4139,0.4107,0.0075,-0.0467,-0.5366,4.68979,0.1826,0.1826,0.0,0.2582,0.0,0.0,0.0,0.0,0.0,0.0,0.0,0.0,0.1826,0.0,0.0,0.0,0.0,0.0,0.0
1786969674.039,2026-08-17 14:27:54.039,121/121,0,0,-0.0317,-0.49906,0.07236,-0.8476,0.0164,0.552,0.0012,-0.0616,-0.5409,4.68551,0.2582,0.0,0.0,0.0,0.1826,0.0,0.0,0.0,0.0,0.0,0.0,0.0,0.0,0.0,0.1826,0.0,0.0,0.0,0.0
1786969674.0893,2026-08-17 14:27:54.089,121/121,0,0,-0.03275,-0.49908,0.07608,-0.5374,-0.3273,0.5036,0.0029,-0.0513,-0.5444,4.68702,0.1826,0.0,0.0,0.0,0.0,0.0,0.0,0.0,0.0,0.0,0.0,0.0,0.0,0.0,0.0,0.0,0.0,0.0,0.0
1786969674.1395,2026-08-17 14:27:54.139,121/121,0,0,-0.03383,-0.49905,0.07969,-0.4729,-0.3258,0.412,0.01,-0.045,-0.5399,4.69004,0.1826,0.0,0.0,0.0,0.0,0.0,0.0,0.0,0.0,0.0,0.0,0.0,0.0,0.0,0.0,0.0,0.0,0.0,0.0
1786969674.1896,2026-08-17 14:27:54.189,121/121,0,0,-0.03485,-0.49905,0.08326,-0.3626,-0.3793,0.219,0.0105,-0.0453,-0.5425,4.68576,0.0,0.0,0.0,0.0,0.0,0.0,0.0,0.0,0.0,0.0,0.0,0.0,0.0,0.0,0.0,0.0,0.0,0.0,0.0
1786969674.2398,2026-08-17 14:27:54.239,121/121,0,0,-0.03565,-0.49907,0.08609,-0.9423,-0.1493,0.7634,0.0063,-0.0589,-0.5406,4.68425,0.0,0.0,0.0,0.0,0.0,0.0,0.0,0.0,0.0,0.0,0.0,0.0,0.0,0.0,0.0,0.0,0.0,0.0,0.0
1786969674.2902,2026-08-17 14:27:54.290,121/121,0,0,-0.03636,-0.49907,0.08855,-0.7225,-0.3468,0.4985,0.009,-0.0549,-0.5395,4.68627,0.0,0.0,0.0,0.0,0.0,0.0,0.0,0.0,0.0,0.0,0.0,0.0,0.0,0.0,0.0,0.0,0.0,0.0,0.0
1786969674.3404,2026-08-17 14:27:54.340,121/121,0,0,-0.03677,-0.49906,0.08985,-0.6895,0.0599,0.5591,-0.0026,-0.0517,-0.5425,4.67595,0.0,0.0,0.0,0.0,0.0,0.0,0.0,0.0,0.0,0.0,0.0,0.0,0.0,0.0,0.0,0.0,0.0,0.0,0.0
1786969674.3907,2026-08-17 14:27:54.390,121/121,0,0,-0.0369,-0.49902,0.09047,-0.5526,-0.3414,0.5959,0.0104,-0.0525,-0.5397,4.67972,0.0,0.0,0.0,0.0,0.0,0.0,0.0,0.0,0.0,0.0,0.0,0.0,0.0,0.0,0.0,0.0,0.0,0.0,0.0
1786969674.9208,2026-08-17 14:27:54.920,121/121,0,1,-0.03687,-0.499,0.09049,-0.7903,-0.6085,0.5208,0.0169,-0.0563,-0.5316,4.68551,0.0,0.0,0.0,0.0,0.0,0.0,0.0,0.0,0.0,0.0,0.0,0.0,0.0,0.0,0.0,0.0,0.0,0.0,0.0
1786969674.9711,2026-08-17 14:27:54.971,121/121,0,1,-0.03696,-0.49907,0.09054,-0.9118,-0.36,0.7749,0.0089,-0.0528,-0.5454,4.68048,0.0,0.0,0.0,0.0,0.0,0.0,0.0,0.0,0.0,0.0,0.0,0.0,0.0,0.0,0.0,0.0,0.0,0.0,0.0
1786969675.0213,2026-08-17 14:27:55.021,121/121,0,1,-0.03694,-0.49904,0.09052,-0.671,-0.5696,0.4269,0.0117,-0.0529,-0.5367,4.67997,0.0,0.0,0.0,0.0,0.0,0.0,0.0,0.0,0.0,0.0,0.0,0.0,0.0,0.0,0.0,0.0,0.0,0.0,0.0
1786969675.0715,2026-08-17 14:27:55.071,121/121,0,1,-0.03697,-0.49906,0.09053,-0.831,0.1207,0.4905,0.0047,-0.0579,-0.5395,4.67846,0.0,0.0,0.0,0.0,0.0,0.0,0.0,0.0,0.0,0.0,0.0,0.0,0.0,0.0,0.0,0.0,0.0,0.0,0.0
1786969675.1217,2026-08-17 14:27:55.121,121/121,0,1,-0.03696,-0.49905,0.09053,-0.6443,-0.3244,0.6618,0.0089,-0.0533,-0.5359,4.68702,0.0,0.1826,0.0,0.0,0.0,0.0,0.0,0.0,0.0,0.0,0.0,0.0,0.0,0.0,0.0,0.0,0.0,0.0,0.0
1786969675.1721,2026-08-17 14:27:55.172,121/121,0,1,-0.03696,-0.49906,0.09055,-0.7709,-0.0805,0.6814,0.0064,-0.0553,-0.5296,4.68879,0.0,0.1826,0.0,0.0,0.0,0.0,0.0,0.0,0.0,0.0,0.0,0.0,0.0,0.0,0.0,0.0,0.0,0.0,0.0
1786969675.2224,2026-08-17 14:27:55.222,121/121,0,1,-0.03697,-0.49905,0.09053,-0.6793,-0.3901,0.5496,0.0082,-0.053,-0.5295,4.68274,0.0,0.0,0.0,0.0,0.0,0.0,0.0,0.0,0.0,0.0,0.0,0.0,0.0,0.0,0.0,0.0,0.0,0.0,0.0
1786969675.2729,2026-08-17 14:27:55.272,121/121,0,1,-0.03695,-0.49906,0.09053,-0.5832,-0.2277,0.7385,0.0065,-0.0523,-0.532,4.68375,0.0,0.0,0.0,0.0,0.0,0.0,0.0,0.0,0.0,0.0,0.0,0.0,0.0,0.0,0.0,0.0,0.0,0.0,0.0
1786969675.3232,2026-08-17 14:27:55.323,121/121,0,1,-0.03694,-0.49906,0.09054,-0.9002,-0.3165,0.8445,0.0075,-0.058,-0.5415,4.68476,0.0,0.0,0.0,0.0,0.0,0.0,0.0,0.0,0.0,0.0,0.0,0.0,0.0,0.0,0.0,0.0,0.0,0.0,0.0
1786969675.3735,2026-08-17 14:27:55.373,121/121,0,1,-0.03694,-0.49906,0.09054,-0.9108,-0.3845,0.7811,0.0136,-0.0568,-0.535,4.68602,0.0,0.0,0.0,0.0,0.0,0.0,0.0,0.0,0.0,0.0,0.0,0.0,0.0,0.0,0.0,0.0,0.0,0.0,0.0
1786969675.4236,2026-08-17 14:27:55.423,121/121,0,1,-0.03696,-0.49905,0.09052,-0.8397,-0.0384,0.6637,0.0061,-0.059,-0.5281,4.69432,0.0,0.0,0.0,0.0,0.0,0.0,0.0,0.0,0.0,0.0,0.0,0.0,0.0,0.0,0.0,0.0,0.0,0.0,0.0
1786969675.4737,2026-08-17 14:27:55.473,121/121,0,1,-0.03695,-0.49905,0.09053,-1.1373,0.0094,0.7119,0.0032,-0.0657,-0.5364,4.69332,0.0,0.0,0.0,0.0,0.0,0.0,0.0,0.0,0.0,0.0,0.0,0.0,0.0,0.0,0.0,0.0,0.0,0.0,0.0
1786969675.5239,2026-08-17 14:27:55.523,121/121,0,1,-0.03695,-0.49905,0.09053,-0.7443,0.2157,0.7588,-0.0031,-0.0565,-0.5314,4.68828,0.0,0.0,0.0,0.0,0.0,0.0,0.0,0.0,0.0,0.0,0.0,0.0,0.0,0.0,0.0,0.0,0.0,0.0,0.0
1786969675.574,2026-08-17 14:27:55.574,121/121,0,1,-0.03696,-0.49905,0.09053,-0.8071,0.0903,0.7838,0.0001,-0.0568,-0.5312,4.68853,0.0,0.0,0.0,0.0,0.0,0.0,0.0,0.0,0.0,0.0,0.0,0.0,0.0,0.0,0.0,0.0,0.0,0.0,0.0
1786969675.6242,2026-08-17 14:27:55.624,121/121,0,1,-0.03696,-0.49906,0.09053,-0.7226,-0.2988,0.5795,0.0061,-0.0526,-0.5286,4.68551,0.0,0.0,0.0,0.0,0.0,0.0,0.0,0.0,0.0,0.0,0.0,0.0,0.0,0.0,0.0,0.0,0.0,0.0,0.0
1786969675.6744,2026-08-17 14:27:55.674,121/121,0,1,-0.03697,-0.49906,0.09053,-0.7436,-0.1088,0.4813,0.0028,-0.055,-0.5266,4.69155,0.0,0.0,0.0,0.0,0.0,0.0,0.0,0.0,0.0,0.0,0.0,0.0,0.0,0.0,0.0,0.0,0.0,0.0,0.0
1786969675.7247,2026-08-17 14:27:55.724,121/121,0,1,-0.03695,-0.49904,0.09052,-1.0415,0.4835,0.642,-0.0111,-0.0624,-0.5314,4.68098,0.0,0.0,0.0,0.0,0.0,0.0,0.0,0.0,0.0,0.0,0.0,0.0,0.0,0.0,0.0,0.1826,0.0,0.0,0.0
1786969675.775,2026-08-17 14:27:55.775,121/121,0,1,-0.03697,-0.49907,0.09055,-0.6669,-0.352,0.7801,0.0132,-0.0538,-0.5292,4.68199,0.0,0.0,0.0,0.0,0.0,0.0,0.0,0.0,0.0,0.0,0.0,0.0,0.0,0.0,0.0,0.1826,0.0,0.0,0.0
1786969675.8254,2026-08-17 14:27:55.825,121/121,0,1,-0.03696,-0.49905,0.09053,-0.1108,-0.5151,0.6497,0.0109,-0.0371,-0.5209,4.6845,0.0,0.0,0.0,0.0,0.0,0.0,0.0,0.0,0.0,0.0,0.0,0.0,0.0,0.0,0.0,0.0,0.0,0.0,0.0
1786969675.8756,2026-08-17 14:27:55.875,121/121,0,1,-0.03696,-0.49906,0.09054,-0.8287,-0.0602,0.4938,0.0026,-0.0535,-0.527,4.68677,0.0,0.0,0.0,0.0,0.0,0.0,0.0,0.0,0.0,0.0,0.0,0.0,0.0,0.0,0.0,0.0,0.0,0.0,0.0
1786969675.9258,2026-08-17 14:27:55.925,121/121,0,1,-0.03695,-0.49906,0.09053,-0.7651,-0.0074,0.6029,0.0041,-0.056,-0.5298,4.68627,0.0,0.0,0.0,0.0,0.0,0.0,0.0,0.0,0.0,0.0,0.0,0.0,0.0,0.0,0.0,0.0,0.0,0.0,0.0
1786969675.9761,2026-08-17 14:27:55.976,121/121,0,1,-0.03696,-0.49906,0.09053,-0.6901,-0.7353,0.6504,0.0208,-0.0482,-0.5277,4.68627,0.0,0.0,0.0,0.0,0.0,0.0,0.0,0.0,0.0,0.0,0.0,0.0,0.0,0.0,0.0,0.0,0.0,0.0,0.0
1786969676.0265,2026-08-17 14:27:56.026,121/121,0,1,-0.03696,-0.49906,0.09053,-0.9909,-0.0769,0.5511,0.0037,-0.0582,-0.526,4.69105,0.0,0.0,0.0,0.0,0.0,0.0,0.0,0.0,0.0,0.0,0.0,0.0,0.0,0.0,0.0,0.0,0.0,0.0,0.0
1786969676.0768,2026-08-17 14:27:56.076,121/121,0,1,-0.03696,-0.49905,0.09053,-0.9099,-0.1468,0.7351,0.0061,-0.0575,-0.5285,4.68979,0.0,0.0,0.0,0.0,0.0,0.0,0.0,0.0,0.0,0.0,0.0,0.0,0.0,0.0,0.0,0.0,0.0,0.0,0.0
1786969676.1271,2026-08-17 14:27:56.127,121/121,0,1,-0.03696,-0.49907,0.09054,-0.2475,-0.4859,0.6459,0.0134,-0.0446,-0.52,4.68274,0.0,0.0,0.0,0.0,0.0,0.0,0.0,0.0,0.0,0.0,0.0,0.0,0.0,0.0,0.0,0.0,0.0,0.0,0.0
1786969676.1773,2026-08-17 14:27:56.177,121/121,0,1,-0.03695,-0.49906,0.09053,-0.9563,0.1439,0.7379,-0.0027,-0.0611,-0.523,4.68123,0.0,0.0,0.0,0.0,0.0,0.0,0.0,0.0,0.0,0.0,0.0,0.0,0.0,0.0,0.0,0.0,0.0,0.0,0.0
1786969676.2275,2026-08-17 14:27:56.227,121/121,0,1,-0.03696,-0.49905,0.09052,-0.8821,0.0204,0.7409,-0.0025,-0.0587,-0.5267,4.68904,0.0,0.0,0.0,0.0,0.0,0.0,0.0,0.0,0.0,0.0,0.0,0.0,0.0,0.0,0.0,0.0,0.0,0.0,0.0
1786969676.2777,2026-08-17 14:27:56.277,121/121,0,1,-0.03697,-0.49905,0.09054,-0.8332,0.0527,0.6518,0.0035,-0.0584,-0.52,4.68375,0.0,0.0,0.0,0.0,0.0,0.0,0.0,0.0,0.0,0.0,0.0,0.0,0.0,0.0,0.0,0.0,0.0,0.0,0.0
1786969676.328,2026-08-17 14:27:56.328,121/121,0,1,-0.03695,-0.49905,0.09053,-0.8578,-0.2337,0.5728,0.0085,-0.0557,-0.5293,4.68224,0.0,0.0,0.0,0.0,0.0,0.0,0.0,0.0,0.0,0.0,0.0,0.0,0.0,0.0,0.0,0.0,0.0,0.0,0.0
1786969676.3783,2026-08-17 14:27:56.378,121/121,0,1,-0.03696,-0.49906,0.09053,-0.8668,-0.0304,0.8064,0.0027,-0.0593,-0.526,4.68904,0.0,0.0,0.0,0.0,0.0,0.0,0.0,0.0,0.0,0.0,0.0,0.0,0.0,0.0,0.0,0.0,0.0,0.0,0.0
1786969676.4286,2026-08-17 14:27:56.428,121/121,0,1,-0.03696,-0.49906,0.09054,-0.6623,-0.1057,0.9677,0.0004,-0.0509,-0.5189,4.68677,0.1826,0.0,0.0,0.0,0.0,0.0,0.0,0.0,0.0,0.0,0.0,0.0,0.0,0.0,0.0,0.0,0.0,0.0,0.0
1786969676.4789,2026-08-17 14:27:56.478,121/121,0,1,-0.03693,-0.49906,0.09054,-0.7475,0.0147,0.7309,0.0001,-0.0539,-0.5228,4.68274,0.2582,0.0,0.0,0.1826,0.0,0.0,0.0,0.0,0.0,0.0,0.0,0.0,0.0,0.0,0.0,0.0,0.0,0.0,0.0
1786969676.5293,2026-08-17 14:27:56.529,121/121,0,1,-0.03695,-0.49907,0.09055,-0.6672,-0.2962,0.6666,0.0103,-0.0542,-0.5221,4.684,0.2582,0.0,0.0,0.1826,0.0,0.0,0.0,0.0,0.0,0.0,0.0,0.0,0.0,0.0,0.0,0.0,0.0,0.0,0.0
1786969676.5796,2026-08-17 14:27:56.579,121/121,0,1,-0.03696,-0.49906,0.09052,-0.7451,-0.2209,0.6795,0.0064,-0.0563,-0.5149,4.68148,0.0,0.0,0.0,0.0,0.0,0.0,0.0,0.0,0.0,0.0,0.0,0.0,0.0,0.0,0.0,0.0,0.0,0.0,0.0
1786969676.6299,2026-08-17 14:27:56.629,121/121,0,1,-0.03696,-0.49906,0.09054,-0.5092,-0.1839,0.695,0.0025,-0.0452,-0.5232,4.68526,0.0,0.0,0.0,0.0,0.0,0.0,0.0,0.0,0.0,0.0,0.0,0.0,0.0,0.0,0.0,0.0,0.0,0.0,0.0
1786969676.6802,2026-08-17 14:27:56.680,121/121,0,1,-0.03696,-0.49906,0.09053,-0.7556,0.0354,0.5926,0.0023,-0.055,-0.5157,4.69004,0.0,0.0,0.0,0.0,0.0,0.0,0.0,0.0,0.0,0.0,0.0,0.0,0.0,0.0,0.0,0.0,0.0,0.0,0.0
1786969676.7305,2026-08-17 14:27:56.730,121/121,0,1,-0.03696,-0.49907,0.09054,-0.0985,-0.3857,0.6317,0.0065,-0.0386,-0.5132,4.69306,0.0,0.0,0.0,0.1826,0.0,0.0,0.0,0.0,0.0,0.0,0.0,0.0,0.0,0.0,0.0,0.0,0.0,0.0,0.0
1786969676.7808,2026-08-17 14:27:56.780,121/121,0,1,-0.03693,-0.49906,0.09053,-0.7792,0.1998,0.8309,-0.0078,-0.057,-0.5198,4.67796,0.0,0.0,0.0,0.1826,0.0,0.0,0.0,0.0,0.0,0.0,0.0,0.0,0.0,0.0,0.0,0.0,0.0,0.0,0.0
1786969676.8311,2026-08-17 14:27:56.831,121/121,0,1,-0.03694,-0.49905,0.09053,-0.7908,0.1108,0.773,0.0007,-0.0518,-0.5204,4.68551,0.1826,0.0,0.0,0.0,0.0,0.0,0.0,0.0,0.0,0.0,0.0,0.0,0.0,0.0,0.0,0.0,0.0,0.0,0.0
1786969676.8815,2026-08-17 14:27:56.881,121/121,0,1,-0.03695,-0.49906,0.09054,-0.6651,-0.0522,0.7625,0.0027,-0.0522,-0.521,4.68174,0.1826,0.0,0.0,0.0,0.0,0.0,0.0,0.0,0.0,0.0,0.0,0.0,0.0,0.0,0.0,0.0,0.0,0.0,0.0
1786969676.9318,2026-08-17 14:27:56.931,121/121,0,1,-0.03697,-0.49906,0.09054,-1.0418,-0.0024,0.8478,0.002,-0.0613,-0.5264,4.68803,0.0,0.0,0.0,0.0,0.0,0.0,0.0,0.0,0.0,0.0,0.0,0.0,0.0,0.0,0.0,0.0,0.0,0.0,0.0
1786969676.9821,2026-08-17 14:27:56.982,121/121,0,1,-0.03695,-0.49905,0.09053,-0.7027,-0.1495,0.6655,0.0055,-0.0531,-0.5222,4.68853,0.0,0.0,0.0,0.0,0.0,0.0,0.0,0.0,0.0,0.0,0.0,0.0,0.0,0.0,0.0,0.0,0.0,0.0,0.0
1786969677.0324,2026-08-17 14:27:57.032,121/121,0,1,-0.03696,-0.49906,0.09055,-0.7966,-0.3582,0.7327,0.0103,-0.0603,-0.5186,4.68048,0.0,0.0,0.0,0.0,0.0,0.0,0.0,0.0,0.0,0.0,0.0,0.0,0.0,0.0,0.0,0.0,0.0,0.0,0.0
